SYMBOL,SERIES,SECURITY,HIGH/LOW,INDEX FLAG
763MH35,SG,SDL MH 7.63% 2035,H
777PN36,SG,SDL PN 7.77% 2036,H
AAATECH,BE,AAA TECHNOLOGIES LIMITED,H
AGARWALFT,ST,AGARWAL FLOAT GLASS I LTD,H
AILIMITED,ST,ABHISHEK INTEGRATIONS LTD,H
AISL,ST,ANI INTEGRATED SERV LTD.,H
AKSHOPTFBR,EQ,AKSH OPTIFIBRE LIMITED,H
ALMONDZ,EQ,ALMONDZ GLOBAL SEC LTD,H
AMEYA,SM,AMEYA PRECISION ENG LTD,H
ANSALAPI,BZ,ANSAL PROP & INFRA LTD,H
ARTNIRMAN,EQ,ART NIRMAN LIMITED,H
ASCOM,ST,ASCOM LEASIN & INVEST LTD,H
ASIANENE,EQ,ASIAN ENERGY SERVICES LTD,H
ASTRON,BE,ASTRON PAPER BORD MIL LTD,H
BANKA,BE,BANKA BIOLOO LIMITED,H
BBTC,EQ,BOMBAY BURMAH TRADING COR,H
BGRENERGY,BE,BGR ENERGY SYSTEMS LTD,H
BLUECHIP,BE,BLUE CHIP INDIA LIMITED,H
BRNL,BE,BHARAT ROAD NETWORK LTD,H
BURNPUR,BE,BURNPUR CEMENT LTD.,H
CMMIPL,ST,CMM INFRAPROJECTS LIMITED,H
CONTI,SM,CONTINENTAL SEED CHEM LTD,H
DCI,BE,DC INFOTECH AND COMUN LTD,H
DHTL,SM,DOCMODE HEALTH TECH LTD,H
DRCSYSTEMS,BE,DRC SYSTEMS INDIA LIMITED,H
DURLAX,ST,DURLAX TOP SURFACE LTD,H
DYNAMIC,SM,DYNAMIC SRVCS & SEC LTD,H
ENERGYDEV,EQ,ENERGY DEVE. CO.LTD,H
ENSER,SM,ENSER COMMUNICATIONS LTD,H
FEL,BZ,FUTURE ENTERPRISES LTD,H
FLEXITUFF,BE,FLEXITUFF VENTURES INT L,H
FSC,BZ,FUTURE SUPP CHAIN SOL LTD,H
GAYAPROJ,BZ,GAYATRI PROJECTS LTD,H
GENUSPOWER,EQ,GENUS POWER INFRASTRU LTD,H
GICL,SM,GLOBE INTL CARRIERS LTD,H
GILLANDERS,EQ,GILLANDERS ARBUTHNOT LTD,H
GKWLIMITED,BE,GKW LIMITED,H
GLFL,BE,GUJARAT LEASE FINANCING L,H
GOENKA,BZ,GOENKA DIAMOND&JEWELS LTD,H
GPTINFRA,BE,GPT INFRAPROJECTS LTD,H
GRCL,SM,GAYATRI RUBB AND CHEM LTD,H
GREENPOWER,EQ,ORIENT GREEN POWER CO LTD,H
GRETEX,ST,GRETEX INDUSTRIES LTD.,H
HARRMALAYA,EQ,HARRISON MALAYALAM LTD,H
HECPROJECT,BE,HEC INFRA PROJECTS LTD,H
HERITGFOOD,EQ,HERITAGE FOODS LTD,H
HEXATRADEX,EQ,HEXA TRADEX LIMITED,H
HMT,BZ,HMT LTD -,H
HSCL,EQ,HIMADRI SPECIALITY CHEM L,H
IITL,EQ,INDUSTRIAL INV TRUST LTD,H
IL&FSENGG,BZ,IL&FS ENG AND CONS CO LTD,H
IL&FSTRANS,BZ,IL&FS TRANS NET LTD,H
INDSWFTLTD,BE,IND-SWIFT LIMITED,H
IRIS,BE,IRIS BUSINESS SERV LTD,H
JPASSOCIAT,BE,JAIPRAKASH ASSOCIATES LTD,H
KARMAENG,EQ,KARMA ENERGY LIMITED,H
KAUSHALYA,EQ,KAUSHALYA INFRA DEV LTD.,H
KAYA,EQ,KAYA LIMITED,H
KCEIL,SM,KAY CEE ENERGY & INFRA L,H
KMSUGAR,BE,K M SUGAR MILLS LTD,H
KONTOR,SM,KONTOR SPACE LIMITED,H
KRIDHANINF,BE,KRIDHAN INFRA LIMITED,H
KRISHCA,SM,KRISHCA STRAPPING SLTN L,H
KSHITIJPOL,BE,KSHITIJ POLYLINE LIMITED,H
LAGNAM,BE,LAGNAM SPINTEX LIMITED,H
LGBFORGE,BE,LGB FORGE LIMITED,H
LPDC,EQ,LANDMARK PR.DEV.CO.LTD,H
LRRPL,SM,LEAD REC AND RUB PROD LTD,H
MADHUCON,BE,MADHUCON PROJECTS LTD.,H
MANAKALUCO,EQ,MANAK ALUMINIUM CO. LTD.,H
MARINE,EQ,MARINE ELECTRICAL (I) LTD,H
MASON,ST,MASON INFRATECH LIMITED,H
MCLEODRUSS,EQ,MCLEOD RUSSEL INDIA LTD.,H
MDL,SM,MARVEL DECOR LIMITED,H
MICEL,EQ,MIC ELECTRONICS LTD,H
MOS,SM,MOS UTILITY LIMITED,H
NAGREEKCAP,BE,NAGREEKA CAP & INFR.LTD,H
NEPHROCARE,ST,NEPHRO CARE INDIA LIMITED,H
NIRMAN,SM,NIRMAN AGRI GENTICS LTD,H
OLIL,SM,ONECLICK LOGISTICS IND L,H
OMAXE,EQ,OMAXE LIMITED,H
PANACHE,BE,PANACHE DIGILIFE LIMITED,H
PCJEWELLER,EQ,PC JEWELLER LTD,H
PREMIER,BE,PREMIER LIMITED,H
PRITIKA,SM,PRITIKA ENG COMPO LTD,H
QUADPRO,SM,QUADPRO ITES LIMITED,H
RADAAN,BE,RADAAN MEDIAWORKS (I) LTD,H
RAJRILTD,BE,RAJ RAYON INDUSTRIES LTD,H
RAJTV,BE,RAJ TV NETWORK LTD,H
REFRACTORY,SM,REFRACTORY SHAPES LIMITED,H
RELIABLE,SM,RELIABLE DATA SERVICE LTD,H
REXPIPES,SM,REX PIPES AND CABLES LTD,H
RICHA,SM,RICHA INFO SYSTEMS LTD,H
RSSOFTWARE,BE,R. S. SOFTWARE (INDIA) LI,H
RTNPOWER,EQ,RATTANINDIA POWER LIMITED,H
SABAR,SM,SABAR FLEX INDIA LIMITED,H
SABEVENTS,BE,SAB EVENTS & GOVERNANCE,H
SADBHIN,EQ,SADBHAV INFRA PROJ LTD.,H
SAGARDEEP,EQ,SAGARDEEP ALLOYS LIMITED,H
SAMBHAAV,EQ,SAMBHAAV MEDIA LTD,H
SAMPANN,BE,SAMPANN UTPADAN INDIA LTD,H
SARTELE,SM,SAR TELEVENTURE LIMITED,H
SARVESHWAR,EQ,SARVESHWAR FOODS LIMITED,H
SHARDAMOTR,EQ,SHARDA MOTOR INDS LTD,H
SHREERAMA,BE,SHREE RAMA MULTI TECH LTD,H
SITINET,BE,SITI NETWORKS LIMITED,H
SKYGOLD,BE,SKY GOLD LIMITED,H
SLONE,SM,SLONE INFOSYSTEMS LIMITED,H
SOFTTECH,EQ,SOFTTECH ENGINEERS LTD,H
SOLARAPP,E1,SOLAR ACT RS.3.50 PPD UP,H
SOMATEX,BE,SOMA TEXTILEI NDUSTRIES L,H
SUPREMEENG,BE,SUPREME ENGINEERING LTD,H
SWANENERGY,EQ,SWAN ENERGY LIMITED,H
SYLVANPLY,ST,SYLVAN PLYBOARD (INDIA) L,H
TAC,SM,TAC INFOSEC LIMITED,H
TARMAT,BE,TARMAT LIMITED,H
TECILCHEM,BE,TECIL CHEMICALS,H
TIMESCAN,SM,TIMESCAN LOGISTICS IND L,H
TIRUPATIFL,BE,TIRUPATI FORGE LIMITED,H
TPHQ,EQ,TEAMO PRODUCTIONS HQ LTD,H
TVVISION,BE,TV VISION LIMITED,H
UMESLTD,EQ,USHA MARTIN EDU & SOL LTD,H
URBAN,SM,URBAN ENVIRO WASTE MGMT L,H
VASA,SM,VASA RETAIL & OVERSEA LTD,H
VELS,SM,VELS FILM INTERNATIONAL L,H
VERTOZ,EQ,VERTOZ ADVERTISING LTD,H
VISHNUINFR,SM,VISHNUSURYA PROJ N INFR L,H
VIVIDHA,BE,VISAGAR POLYTEX LTD,H
VLEGOV,BE,VL E GOV AND IT SOL LTD,H
WALCHANNAG,EQ,WALCHANDNAGAR INDUSTRIES,H
WEL,BE,WONDER ELECTRICALS LTD,H
WELINV,EQ,WELSPUN INV & COMM LTD,H
WINNY,ST,WINNY IMMIGRA & EDU SER L,H
YUKEN,EQ,YUKEN INDIA LIMITED,H
AAKASH,BE,AAKASH EXPLORATION SER L,L
ABMINTLLTD,BE,ABM INTERNATIONAL LTD,L
AILIMITED,ST,ABHISHEK INTEGRATIONS LTD,L
AIMTRON,SM,AIMTRON ELECTRONICS LTD,L
AJOONI,EQ,AJOONI BIOTECH LIMITED,L
ALPEXSOLAR,SM,ALPEX SOLAR LIMITED,L
APS,SM,AUSTRALIAN PREM SOLAR I L,L
ARSHIYA,BE,ARSHIYA LIMITED,L
ASMS,EQ,BARTRONICS INDIA LIMITED,L
ATMASTCO,SM,ATMASTCO LIMITED,L
BHANDA-RE1,BE,BHANDARI HOSIERY EXP LTD,L
BURNPUR,BE,BURNPUR CEMENT LTD.,L
CCHHL,BE,COUNTRY CLUB HOSP HOL LTD,L
CELLECOR,SM,CELLECOR GADGETS LIMITED,L
CLOUD,SM,VARANIUM CLOUD LIMITED,L
CMRSL,SM,CYBER MEDIA RES & SER LTD,L
CROWN,BE,CROWN LIFTERS LIMITED,L
DCMFINSERV,BE,DCM FINANCIAL SERVICES LT,L
DHRUV,BE,DHRUV CONSULTANCY SER LTD,L
DPEL,ST,DIVINE POWER ENERGY LTD,L
DRONE,SM,DRONE DESTINATION LIMITED,L
DTL,ST,DIENSTEN TECH LIMITED,L
DURLAX,ST,DURLAX TOP SURFACE LTD,L
E2E,BE,E2E NETWORKS LIMITED,L
EQUIPPP,BE,EQUIPPP SOC IMP TECH LTD,L
ESCONET,SM,ESCONET TECHNOLOGIES LTD,L
FELDVR,BE,FUTURE ENTERPRISES LTD,L
FELIX,SM,FELIX INDUSTRIES LTD.,L
FLFL,BZ,FUT LIFESTYLE FASH LTD,L
GIRIRAJ,ST,GIRIRAJ CIVIL DEVP LTD,L
GLFL,BE,GUJARAT LEASE FINANCING L,L
GODHA,EQ,GODHA CABCON INSULAT LTD,L
GTLINFRA,EQ,GTL INFRA.LTD,L
HILTON,EQ,HILTON METAL FORGING LTD,L
INDSWFTLTD,BE,IND-SWIFT LIMITED,L
ISHAN,SM,ISHAN INTERNATIONAL LTD,L
JPASSOCIAT,BE,JAIPRAKASH ASSOCIATES LTD,L
JUBLINDS,EQ,JUBILANT INDUSTRIES LTD,L
K2INFRA,SM,K2 INFRAGEN LIMITED,L
KCEIL,SM,KAY CEE ENERGY & INFRA L,L
KCK,ST,KCK INDUSTRIES LTD,L
KDL,SM,KORE DIGITAL LIMITED,L
KKVAPOW,SM,KKV AGRO POWERS LTD.,L
KNAGRI,SM,KN AGRI RESOURCES LIMITED,L
KODYTECH,SM,KODY TECHNOLAB LIMITED,L
KONSTELEC,SM,KONSTELEC ENGINEERS LTD,L
KRISHNADEF,SM,KRISHNA DEF AND ALD IND L,L
MACPOWER,BE,MACPOWER CNC MACHINES LTD,L
MADHUCON,BE,MADHUCON PROJECTS LTD.,L
MANORG,BE,MANGALAM ORGANICS LIMITED,L
MCON,SM,MCON RASAYAN INDIA LTD,L
MEDIORG,ST,MEDICAMEN ORGANICS LTD,L
MOTOGENFIN,EQ,MOTOR & GENERAL FINANCE L,L
NIRMAN,SM,NIRMAN AGRI GENTICS LTD,L
ONDOOR,SM,ON DOOR CONCEPTS LIMITED,L
ONEPOINT,EQ,ONE POINT ONE SOL LTD,L
OSIAHYPER,BE,OSIA HYPER RETAIL LIMITED,L
OSWALSEEDS,BE,SHREEOSWAL S AND CHE LTD,L
PCCL,ST,PETRO CARBON AND CHEMI L,L
PERFECT,SM,PERFECT INFRAENGINEER LTD,L
PRATHAM,SM,PRATHAM EPC PROJECTS LTD,L
PURVA,BE,PURAVANKARA LIMITED,L
RICHA,SM,RICHA INFO SYSTEMS LTD,L
RILINFRA,SM,RACHANA INFRA LTD,L
RSSOFTWARE,BE,R. S. SOFTWARE (INDIA) LI,L
SADBHAV,BE,SADBHAV ENGINEERING LTD,L
SHAKTIPUMP,BE,SHAKTI PUMPS (I) LTD,L
SHRENIK,BE,SHRENIK LIMITED,L
SIKKO,BE,SIKKO INDUSTRIES LIMITED,L
SIMPLEXINF,BE,SIMPLEX INFRASTRUCTURES L,L
SOLEX,SM,SOLEX ENERGY LIMITED,L
SONUINFRA,SM,SONU INFRATECH LIMITED,L
SPCL,ST,SHIVALIC POWER CONTROL L,L
SPECTRUM,SM,SPECTRUM ELECTRIC IND LTD,L
SPMLINFRA,EQ,SPML INFRA LIMITED,L
SPRL,ST,SP REFRACTORIES LIMITED,L
SUPREMEINF,BZ,SUPREME INFRA. LTD,L
SURANAT&P,BE,SURANA TELECOM AND POW LT,L
SWARAJ,SM,SWARAJ SUITING LIMITED,L
TARACHAND,BE,TARA CHAND INFRA SOLN LTD,L
TBI,SM,TBI CORN LIMITED,L
TECHLABS,SM,TRIDENT TECHLABS LIMITED,L
TGL,SM,TEERTH GOPICON LIMITED,L
TIJARIA,BE,TIJARIA POLYPIPES LTD,L
URBAN,SM,URBAN ENVIRO WASTE MGMT L,L
UWCSL,SM,ULTRA WIRING CONN SYS LTD,L
VARDMNPOLY,EQ,VARDHMAN POLYTEX LTD.,L
VEEKAYEM,SM,VEEKAYEM FASH & APP LTD,L
VERTEXPLUS,ST,VERTEXPLUS TECHNOLOGIES L,L
VINYAS,SM,VINYAS INNOVATIVE TECH L,L
VIVIANA,SM,VIVIANA POWER TECH LTD,L
VIVIDHA,BE,VISAGAR POLYTEX LTD,L
VLEGOV,BE,VL E GOV AND IT SOL LTD,L
VRAJ,BE,VRAJ IRON AND STEEL LTD,L
VSCL,ST,VADIVARHE SPCLTY CHEM LTD,L
WINSOME,BE,WINSOME YARNS LIMITED,L
WOMANCART,SM,WOMANCART LIMITED,L
ZENITHSTL,BE,ZENITH STEEL PIP IND LTD,L
ZENTEC,EQ,ZEN TECHNOLOGIES LIMITED,L
ZTECH,SM,Z-TECH (INDIA) LIMITED,L
