GAIN_LOSS,SECURITY,CLOSE_PRIC,PREV_CL_PR,PERCENT_CG
 ,Nifty 50 Sec., , , 
 , , , , 
G,MARUTI SUZUKI INDIA LTD.,     12827.70,     12023.60,6.69
G,MAHINDRA & MAHINDRA LTD,      2925.50,      2851.35,2.6
G,ITC LTD,       452.60,       443.60,2.03
G,DIVI S LABORATORIES LTD,      4551.95,      4464.20,1.97
G,TITAN COMPANY LIMITED,      3215.15,      3156.20,1.87
G,SUN PHARMACEUTICAL IND L,      1585.40,      1556.40,1.86
G,BRITANNIA INDUSTRIES LTD,      5668.85,      5568.55,1.8
G,CIPLA LTD,      1512.05,      1487.05,1.68
G,HERO MOTOCORP LIMITED,      5589.15,      5501.90,1.59
G,EICHER MOTORS LTD,      4828.70,      4754.45,1.56
G,HINDALCO  INDUSTRIES  LTD,       707.00,       697.20,1.41
G,TATA MOTORS LIMITED,      1014.95,      1002.60,1.23
G,NESTLE INDIA LIMITED,      2633.10,      2603.40,1.14
G,ICICI BANK LTD.,      1248.25,      1235.05,1.07
G,LARSEN & TOUBRO LTD.,      3666.10,      3632.00,.94
G,ULTRATECH CEMENT LIMITED,     11679.80,     11582.90,.84
G,DR. REDDY S LABORATORIES,      6582.85,      6534.15,.75
G,BAJAJ FINSERV LTD.,      1581.60,      1570.10,.73
G,GRASIM INDUSTRIES LTD,      2761.80,      2742.15,.72
G,SBI LIFE INSURANCE CO LTD,      1524.75,      1514.95,.65
G,STATE BANK OF INDIA,       861.30,       856.25,.59
G,POWER GRID CORP. LTD.,       341.15,       339.40,.52
G,HDFC LIFE INS CO LTD,       623.65,       620.90,.44
G,ASIAN PAINTS LIMITED,      2905.00,      2898.15,.24
G,BHARAT PETROLEUM CORP  LT,       300.20,       299.50,.23
G,ADANI PORT & SEZ LTD,      1478.00,      1475.30,.18
G,AXIS BANK LIMITED,      1289.40,      1287.85,.12
G,HINDUSTAN UNILEVER LTD.,      2590.15,      2587.15,.12
G,COAL INDIA LTD,       493.80,       493.30,.1
G,HDFC BANK LTD,      1636.50,      1635.35,.07
 , , , , 
L,TATA CONSUMER PRODUCT LTD,      1142.20,      1150.80,-0.75
L,RELIANCE INDUSTRIES LTD,      3180.55,      3201.80,-0.66
L,SHRIRAM FINANCE LIMITED,      2792.00,      2808.10,-0.57
L,OIL AND NATURAL GAS CORP.,       297.45,       299.15,-0.57
L,BAJAJ FINANCE LIMITED,      7068.05,      7098.25,-0.43
L,JSW STEEL LIMITED,       935.30,       939.20,-0.42
L,KOTAK MAHINDRA BANK LTD,      1847.85,      1853.20,-0.29
L,TATA STEEL LIMITED,       171.80,       172.28,-0.28
L,INFOSYS LIMITED,      1657.15,      1661.65,-0.27
L,INDUSIND BANK LIMITED,      1434.25,      1438.05,-0.26
L,LTIMINDTREE LIMITED,      5377.15,      5389.70,-0.23
L,TATA CONSULTANCY SERV LT,      3985.50,      3993.20,-0.19
L,HCL TECHNOLOGIES LTD,      1531.10,      1533.40,-0.15
L,TECH MAHINDRA LIMITED,      1465.75,      1467.60,-0.13
L,NTPC LTD,       377.05,       377.45,-0.11
L,ADANI ENTERPRISES LIMITED,      3110.75,      3113.60,-0.09
L,WIPRO LTD,       541.00,       541.20,-0.04
 , , , , 
 ,Nifty Next 50 Sec., , , 
 , , , , 
G,ADANI POWER LTD,       724.95,       698.05,3.85
G,BOSCH LIMITED,     35612.45,     34412.30,3.49
G,ZOMATO LIMITED,       212.56,       207.93,2.23
G,SHREE CEMENT LIMITED,     27776.30,     27193.25,2.14
G,LIFE INSURA CORP OF INDIA,      1032.35,      1013.35,1.87
G,TORRENT PHARMACEUTICALS L,      2936.10,      2882.75,1.85
G,HAVELLS INDIA LIMITED,      1921.05,      1886.20,1.85
G,COLGATE PALMOLIVE LTD.,      2995.55,      2946.40,1.67
G,TVS MOTOR COMPANY  LTD,      2438.20,      2398.25,1.67
G,ICICI PRU LIFE INS CO LTD,       646.50,       636.35,1.6
G,INTERGLOBE AVIATION LTD,      4305.10,      4237.95,1.58
G,PIDILITE INDUSTRIES LTD,      3113.90,      3069.00,1.46
G,INFO EDGE (I) LTD,      6944.60,      6857.45,1.27
G,TATA POWER CO LTD,       438.95,       433.45,1.27
G,DABUR INDIA LTD,       630.20,       623.45,1.08
G,SRF LTD,      2392.00,      2368.30,1
G,ICICI LOMBARD GIC LIMITED,      1857.25,      1838.95,1
G,CANARA BANK,       116.00,       114.89,0.97
G,INDIAN OIL CORP LTD,       171.67,       170.07,0.94
G,ADANI TOTAL GAS LIMITED,       891.85,       883.65,0.93
G,VARUN BEVERAGES LIMITED,      1611.50,      1597.30,0.89
G,BERGER PAINTS (I) LTD,       513.85,       509.50,0.85
G,PUNJAB NATIONAL BANK,       122.39,       121.36,0.85
G,SAMVRDHNA MTHRSN INTL LTD,       203.03,       201.44,0.79
G,REC LIMITED,       611.95,       607.60,0.72
G,ZYDUS LIFESCIENCES LTD,      1165.45,      1157.80,0.66
G,ADANI ENERGY SOLUTION LTD,      1003.45,       998.40,0.51
G,JIO FIN SERVICES LTD,       349.85,       348.30,0.45
G,ABB INDIA LIMITED,      8591.00,      8559.55,0.37
G,DLF LIMITED,       838.55,       835.70,0.34
 , , , , 
L,INDIAN RAILWAY FIN CORP L,       195.85,       202.02,-3.05
L,INDIAN RAIL TOUR CORP LTD,      1027.90,      1045.60,-1.69
L,HINDUSTAN AERONAUTICS LTD,      5539.60,      5621.95,-1.46
L,GODREJ CONSUMER PRODUCTS,      1412.15,      1426.00,-0.97
L,AVENUE SUPERMARTS LIMITED,      4806.35,      4851.55,-0.93
L,AMBUJA CEMENTS LTD,       677.65,       683.55,-0.86
L,SBI CARDS & PAY SER LTD,       729.90,       735.65,-0.78
L,CHOLAMANDALAM IN & FIN CO,      1403.50,      1412.15,-0.61
L,GAIL (INDIA) LTD,       229.11,       230.49,-0.6
L,BAJAJ HOLDINGS & INVS LTD,      9848.00,      9905.15,-0.58
L,MARICO LIMITED,       637.80,       641.30,-0.55
L,JINDAL STEEL & POWER LTD,      1021.85,      1025.95,-0.4
L,BANK OF BARODA,       261.70,       262.35,-0.25
L,TRENT LTD,      5592.85,      5594.25,-0.03
L,ADANI GREEN ENERGY LTD,      1756.30,      1756.45,-0.01
 , , , , 
 ,OTHER SECURITIES, , , 
 , , , , 
G,ONECLICK LOGISTICS IND L,        99.90,        83.25,20
G,MOS UTILITY LIMITED,       190.35,       158.65,19.98
G,SHARDA MOTOR INDS LTD,      2925.45,      2460.10,18.92
G,BOMBAY BURMAH TRADING COR,      2379.85,      2006.70,18.6
G,UMA CONVERTER LIMITED,        37.70,        32.50,16
G,KELLTON TECH SOL LTD,       141.46,       122.14,15.82
G,R.P.P INFRA PROJECTS LTD,       165.50,       143.34,15.46
G,DHUNSERI TEA & IND. LTD.,       237.43,       209.88,13.13
G,D-LINK INDIA LTD,       594.85,       531.35,11.95
G,KAKATIYA CEM SUGAR &IND L,       254.53,       228.11,11.58
G,BLUE STAR LIMITED,      1845.20,      1655.65,11.45
G,JUBILANT INGREVIA LIMITED,       590.00,       531.15,11.08
G,HARRISON MALAYALAM LTD,       236.31,       213.54,10.66
G,SEC RE NCD 9.90% SR IV,      1240.00,      1123.00,10.42
G,YUKEN INDIA LIMITED,      1400.50,      1273.20,10
G,KAUSHALYA INFRA DEV LTD.,      1056.20,       960.20,10
G,MANAK ALUMINIUM CO. LTD.,        32.35,        29.41,10
G,MCLEOD RUSSEL INDIA LTD.,        32.24,        29.31,10
G,SLONE INFOSYSTEMS LIMITED,       159.55,       145.05,10
G,PC JEWELLER LTD,        61.77,        56.16,9.99
G,SAGARDEEP ALLOYS LIMITED,        29.30,        26.64,9.98
G,LANDMARK PR.DEV.CO.LTD,        16.76,        15.24,9.97
G,VLS FINANCE LTD,       324.65,       295.30,9.94
G,SHANTHALA FMCG PRODUCTS L,        76.90,        70.00,9.86
G,LLOYDS ENGG WORK LIMITED,        85.97,        78.29,9.81
G,SHREE OSFM E-MOBILITY LTD,       174.05,       158.65,9.71
G,GRILL SPLENDOUR SER LTD,        87.65,        80.00,9.56
G,KUNDAN EDIFICE LIMITED,       160.65,       147.00,9.29
G,ITD CEMENTATION INDIA LTD,       495.50,       454.20,9.09
G,ROSSELL INDIA LIMITED,       624.50,       572.75,9.04
 , , , , 
L,QMS MEDICAL ALLIED S LTD,       122.40,       140.70,-13.01
L,SEC RE NCD 9.85% SR.VIII,       861.00,       985.00,-12.59
L,USHANTI COLOUR CHEM LTD,        59.10,        65.95,-10.39
L,SEC RE NCD 10.50% SR.VII,       911.10,       999.99,-8.89
L,INFOLLION RESEARCH SER L,       272.85,       298.80,-8.68
L,SRG HOUSING FINANCE L,       363.85,       391.95,-7.17
L,GLOBE TEXTILES (I) LTD.,         3.77,         4.06,-7.14
L,LEXUS GRANITO (INDIA) LTD,        45.75,        48.93,-6.5
L,MOXSH OVERSEAS EDUCON LTD,       165.00,       176.40,-6.46
L,SAKUMA EXPORTS LIMITED,        30.11,        32.19,-6.46
L,DCG CABLES & WIRES LTD,       155.80,       166.45,-6.4
L,QUICKTOUCH TECHNOLOGIES L,       140.70,       150.00,-6.2
L,GOA CARBON LIMITED,       756.90,       806.50,-6.15
L,SEC RE NCD 10.5% SR IX,       939.00,      1000.00,-6.1
L,GULF OIL LUB. IND. LTD.,      1190.95,      1267.90,-6.07
L,CORAL INDIA FIN & HOUS LT,        58.55,        62.32,-6.05
L,SEC RE NCGB 8.25% STRPP B,       240.00,       255.00,-5.88
L,SEC RE NCGB 8.25% STRPP C,       240.00,       255.00,-5.88
L,SUNDARAM MULTI PAP LTD,         3.22,         3.41,-5.57
L,SKIPPER RE.0.25 PPD UP,       224.80,       238.00,-5.55
L,ALPHAGEO (INDIA) LIMITED,       451.05,       477.15,-5.47
L,GLOBAL PET INDUSTRIES LTD,        95.55,       100.90,-5.3
L,SKIPPER LIMITED,       367.00,       387.40,-5.27
L,SENCO GOLD LIMITED,      1004.35,      1059.70,-5.22
L,GODHA CABCON INSULAT LTD,         1.10,         1.16,-5.17
L,GTL INFRA.LTD,         3.72,         3.92,-5.1
L,WINSOL ENGINEERS LIMITED,       403.55,       425.20,-5.09
L,VARANIUM CLOUD LIMITED,        34.05,        35.85,-5.02
L,HILTON METAL FORGING LTD,        86.00,        90.53,-5
L,CELLECOR GADGETS LIMITED,       288.65,       303.85,-5
