SECURITY,NEW,PREVIOUS,NEW_STATUS
POLY MEDICURE LIMITED,2158.45,2150,H
2.5%GOLDBONDS2028SR-III,7680,7641.38,H
2.50%GOLDBONDS2029SR-IV,7735,7648,H
NIPPON L I A M LTD,685.9,678.3,H
PITTI ENGINEERING LIMITED,1204,1190,H
SGB2.50%MAY2025SR-I 17-18,7620.99,7549.99,H
BLUE JET HEALTHCARE LTD,447,442.8,H
LLOYDS ENGG WORK LIMITED,88.55,78.9,H
ABHISHEK INTEGRATIONS LTD,92.9,88.5,H
SAMPANN UTPADAN INDIA LTD,40.89,40.55,H
NOVA AGRITECH LIMITED,74.4,73.41,H
21ST CENTURY MGMT SERVICE,76.44,74.95,H
STANLEY LIFESTYLES LTD,553.3,543.9,H
MIRAEAMC - SMALLCAP,55.25,54.48,H
ARISTO BIO T AND LIFESC L,124.7,111,H
WINNY IMMIGRA & EDU SER L,284.6,271.05,H
REC LIMITED,619.2,615.55,H
WELSPUN ENTERPRISES LTD.,533.05,497,H
CPSE ETF,100.49,99.9,H
HIMADRI SPECIALITY CHEM L,425.65,418.5,H
HUHTAMAKI INDIA LIMITED,407.2,399,H
2.50%GOLDBONDS2026SR-I,7796.99,7650,H
2.50%GOLDBONDS2028SR-VI,7701,7650,H
GKW LIMITED,3408.05,3245.8,H
PRUDENT CORP ADV SER LTD,2080,2052,H
MIRAEAMC - MAMFGETF,155.1,154.25,H
LT FOODS LIMITED,296,275,H
GRETEX INDUSTRIES LTD.,133.7,130.85,H
2.50%GOLDBONDS2031SR-I,7750,7748.98,H
DC INFOTECH AND COMUN LTD,313.06,298.16,H
ON DOOR CONCEPTS LIMITED,539.95,539.75,H
TAX FREE7.60% SR.IIB,1136.99,1135.5,H
8.92% SEC RED BOND S3B,1299,1295.25,H
KOTAK NIFTY ETF,271.5,266.3,H
PLATINUM INDUSTRIES LTD,241.4,237,H
GOI TBILL 182D-12/09/24,98.66,98.65,H
GOI TBILL 91D-29/08/24,98.85,98.75,H
ORIENTAL CARBN & CHEM LTD,228,225,H
SYLVAN PLYBOARD (INDIA) L,81.35,77.5,H
BOMBAY BURMAH TRADING COR,2408,2167.7,H
HARRISON MALAYALAM LTD,256.24,249.75,H
THE PHOENIX MILLS LTD,4076,3945,H
D-LINK INDIA LTD,619,571.85,H
GEECEE VENTURES LIMITED,418.45,409.85,H
JINDAL STAINLESS LIMITED,848,845.8,H
NCC LIMITED,348.45,347.6,H
PANAMA PETROCHEM LTD,433.05,425,H
MINDA CORPORATION LTD,512.4,510,H
BIRLASLAMC - HEALTHY,14.47,13.3,H
HMT LTD -,76.25,73.4,H
TUBE INVEST OF INDIA LTD,4540.05,4424.9,H
AMBER ENTERPRISES (I) LTD,4888,4665,H
AXISAMC - AXISHCETF,133.2,131.99,H
2.50%GOLDBONDS2029SR-X,7670,7605,H
NIP IND ETF DIV OPP,85.05,82.98,H
2.50%GOLDBONDS2025 SR-XII,7600,7502,H
MARSHALL MACHINES LTD,35.31,34.62,H
9.00% UNSECURED NCD,1108,1095,H
ICICI PRUD NIFTY ETF,270.12,269.98,H
SEC RE NCD 8.70% SR.III,999.45,982.35,H
SDL MH 7.63% 2035,103.95,99,H
MAHARASHTRA SCOOTERS LTD,9429.9,9417.4,H
FIRSTSOURCE SOLU. LTD.,258.95,254.65,H
MADRAS FERTILISERS LTD,131.99,129.14,H
ROSSELL INDIA LIMITED,664.4,600.85,H
INDIAN RAILWAY FIN CORP L,213.24,206,H
ISGEC HEAVY ENG LTD,1404.9,1386.6,H
2.50% GOLDBONDS2024 TR-VI,7502.99,7499.99,H
2.50%GOLDBONDS2027SR-VI,7739.97,7554.99,H
2.50%GOLDBONDS2028SR-II,7669.9,7600,H
2.50%GOLDBONDS2026SR-II,7750,7639,H
SKY GOLD LIMITED,2029.7,1935,H
MIRAEAMC - ALPHAETF,29.21,28.95,H
MIRAEAMC - MAFANG,102.75,99.9,H
GOI TBILL 182D-01/08/24,100,99.35,H
GOI TBILL 364D-06/02/25,95.85,95.82,H
GOI TBILL 91D-19/07/24,99.8,99.62,H
ABANS HOLDINGS LIMITED,533.8,509.9,H
ASPIRE & INNOVATIVE ADV L,132,128.5,H
BALU FORGE INDUSTRIES LTD,399.7,396,H
NIRMAN AGRI GENTICS LTD,439.05,418.15,H
INDIAN RENEWABLE ENERGY,254,248.85,H
VEDANTA LIMITED,463.25,305,H
DR. REDDY S LABORATORIES,6595,6575,H
RASHTRIYA CHEMICALS & FER,243.7,233,H
BLUE STAR LIMITED,1897.8,1805,H
SHREYANS INDUSTRIES LTD,347,331.3,H
THANGAMAYIL JEWELLERY LTD,1880,1789.2,H
20 MICRONS LTD,236,234.94,H
TARC LIMITED,238.97,235.7,H
ASIAN ENERGY SERVICES LTD,349,344.25,H
2.50%GOLDBONDS2027SR-II,7700,7689.7,H
2.50%GOLDBONDS2027SR-V,7795.55,7568,H
2.50%GOLDBONDS2028SR-X,7743,7596,H
PARADEEP PHOSPHATES LTD,95.74,93.9,H
PRAKASH PIPES LIMITED,539.7,534.9,H
SHEKHAWATI POLY-YARN LTD.,4.92,4.83,H
MAX ESTATES LIMITED,505,500,H
MIRAEAMC - MANXT50,752.19,749.57,H
2.50%GOLDBONDS2031SR-III,7769.98,7750,H
AEGIS LOGISTICS LIMITED,970,937.5,H
GOI TBILL 364D-08/08/24,99.4,99.25,H
KAVVERI TEL. LTD.,24.72,24.24,H
CIE AUTOMOTIVE INDIA LTD,622.4,618.95,H
SEC RE NCD 9.15% SR.VIII,999,979,H
SOLAR ACT RS.3.50 PPD UP,328.55,312.95,H
MODISON LIMITED,152,147.8,H
SEC RED NCD 9.6% SR.VI,1089,1082,H
LATENT VIEW ANALYTICS LTD,533,527,H
GOI TBILL 91D-05/09/24,98.77,98.65,H
NITIRAJ ENGINEERS LTD,289.65,284.15,H
Z-TECH (INDIA) LIMITED,304.55,300.15,H
TAX FREE7.35% SR.IIA,1124,1123,H
SBIAMC - SBISILVER,93.19,91.7,H
NEPHRO CARE INDIA LIMITED,197.9,188.5,H
SBI-ETF NIFTY NEXT 50,782.61,782.3,H
2.5%GOLDBONDS2029SR-VII,7740,7648.1,H
2.50%GOLDBONDS2028SR-VIII,7699.99,7593.99,H
2.50%GOLDBONDS2029SR-VIII,7750,7688.99,H
SGB2.50%JUL2025SR-II17-18,7600,7564,H
LCC INFOTECH LTD,4.43,4.35,H
ELECTRONICS MART IND LTD,262,250,H
GOI TBILL 182D-15/08/24,99.2,98.83,H
SOTAC PHARMACEUTICALS LTD,184,179,H
KODY TECHNOLAB LIMITED,4175,4110.4,H
KRITI NUTRIENTS LIMITED,136.99,130.75,H
SEC RE NCD 10.49% SR.VII,1003,1000,H
MASON INFRATECH LIMITED,123.65,117.8,H
VLS FINANCE LTD,329.8,322.2,H
WELSPUN CORP LIMITED,654.5,631.9,H
KAUSHALYA INFRA DEV LTD.,1056.2,965,H
HINDUSTAN AERONAUTICS LTD,5674.75,5662.45,H
IL&FS TRANS NET LTD,8.62,8.21,H
ZOMATO LIMITED,214,213.95,H
2.50% GOLDBONDS2025SR-V,7510,7450,H
2.50%GOLDBONDS2027SR-IV,7600,7569.7,H
2.50%GOLDBONDS2029SR-IX,7629.99,7607.9,H
NIP IND ETF ETF NV20,154.7,154.4,H
SIGNATUREGLOBAL INDIA LTD,1564,1559.8,H
GOI TBILL 364D-30/01/25,96.1,95.55,H
2.50%GOLDBONDS2032SR-IV,8028,7990,H
SEC RE NCD 10.00% SR. I,1005,1001,H
SEC RE NCD 9.00% SR I,1045,1041,H
TEAMO PRODUCTIONS HQ LTD,1.66,1.59,H
KAY CEE ENERGY & INFRA L,424.5,413.95,H
PANACHE DIGILIFE LIMITED,144.43,137.56,H
REFRACTORY SHAPES LIMITED,271.45,258.55,H
GOI TBILL 182D-24/10/24,97.82,97.81,H
SEC RE NCD 9.90% SR IV,1240,1184,H
NATIONAL FERT. LTD,160.9,155.5,H
IZMO LIMITED,443,421,H
TEGA INDUSTRIES LIMITED,1917.85,1799,H
2.50%GOLDBONDS2028SR-IX,8000,7670,H
2.50%GOLDBONDS2030SR-IX,7700,7699,H
RAIL VIKAS NIGAM LIMITED,619,578.95,H
2.50%GOLDBONDS2025SR-VIII,7600,7525,H
SETCO AUTOMOTIVE LTD,15.81,15.5,H
GOI TBILL 182D-08/08/24,99.33,99.09,H
GOI TBILL 91D-12/07/24,99.95,99.9,H
GOI TBILL 91D-23/08/24,99.4,99.32,H
AGARWAL FLOAT GLASS I LTD,78.25,78,H
SRI ADHIKARI BRO TELE N L,278.43,272.98,H
TRANSWARRANTY FIN. LTD.,26.51,26.44,H
SEC RE NCD 0% SR.II,1055,1050,H
KOTAKMAMC - KOTAKALPHA,57.48,57.15,H
KOTAKMAMC - KTKNV20ETF,154.7,153.64,H
GOI TBILL 182D-18/07/24,99.79,99.68,H
SEC RE NCD SR.V,1220.45,1218.45,H
SEC RE NCD SR.II,1139.8,1127.8,H
CADSYS (INDIA) LIMITED,185.6,193.6,L
DIGIDRIVE DISTRIBUTORS L,35.67,35.91,L
SEC RE NCD 8.20% SR.III,903.11,914.9,L
SEC RE NCD 8.75% SR.IV,965,999.95,L
DOCMODE HEALTH TECH LTD,120.35,126,L
ZENITH EXPORTS LTD,362.85,370.25,L
MEP INFRA. DEVELOPERS LTD,7.11,7.26,L
VRAJ IRON AND STEEL LTD,234.77,240,L
SHRADHA INFRAPROJECTS LTD,159.44,162.7,L
SDL TN 7.72% 2034,96,98,L
JAIPRAKASH ASSOCIATES LTD,7.34,7.7,L
ARCHIDPLY IND. LTD,97.2,98.16,L
DIENSTEN TECH LIMITED,220.4,232,L
MEDICAMEN ORGANICS LTD,118.95,125.2,L
BHANDARI HOSIERY EXP LTD,0.59,0.99,L
PRAXIS HOME RETAIL LTD,13.55,13.83,L
FILATEX FASHIONS LIMITED,7.21,7.44,L
AKSHAR SPINTEX LIMITED,2.56,2.57,L
DIVINE POWER ENERGY LTD,117.95,124.15,L
SBIAMC - SBISILVER,90.1,91,L
EQUINOX INDIA DEV LTD,145,145.89,L
SEC RE NCGB 8.25% STRPP C,240,241,L
SDL GA 7.64% 2038,97.2,99,L
SEC RE NCD 10.75% SR XI,945,980,L
LORDS CHLORO ALKALI LTD,125.2,127,L
BODHI TREE MULTIMEDIA LTD,13.82,14.11,L
SDL KA 7.63% 2042,97.3,97.5,L

