SECURITY,NEW,PREVIOUS,NEW_STATUS
ADANI POWER LTD,720.5,715.6,H
SCHNEIDER ELECTRIC INFRA,955.05,929.3,H
TECHNO ELEC & ENG CO. LTD,1170,1157.7,H
NIPPON L I A M LTD,623.95,623,H
PASHUPATI COTSPIN LIMITED,217.35,214.95,H
GUJARAT RAFFIA INDUST LTD,44.3,44,H
MIRAEAMC - MAESGETF,38.57,38.45,H
SEC RE NCD 8.75% SR.IV,1059.95,1056,H
ABHISHEK INTEGRATIONS LTD,62.7,60.5,H
MAHINDRA & MAHINDRA LTD,2617.4,2557.95,H
AUSOM ENTERPRISE LIMITED,133.9,118,H
CPSE ETF,94,93.77,H
GARDEN REACH SHIP&ENG LTD,1431.1,1236,H
HB STOCKHOLDINGS LIMITED,114.2,108.8,H
TVS HOLDINGS LIMITED,11320,11295.95,H
RATTANINDIA POWER LIMITED,14.4,11.95,H
SIDDHIKA COATINGS LIMITED,298.8,296.55,H
VIVIANA POWER TECH LTD,746,711.3,H
SUZLON ENERGY LIMITED,48.3,47.7,H
GOI TBILL 182D-05/09/24,98,97.9,H
UNSE RE NCD 0% SR.III,1245,1212.75,H
SEC RE NCD 8.40% SR 1,1022,995.02,H
BOND 8.62% TAX FREE S3B,1289,1275,H
SEC RE NCD 9.25% SR II,979.9,941,H
AHIMSA INDUSTRIES LTD.,15.6,15.5,H
SOLAR INDUSTRIES (I) LTD,10250,10055.45,H
AHLUWALIA CONT IND LTD,1290,1276.05,H
BRIGADE ENTER. LTD,1284.45,1268.95,H
GEECEE VENTURES LIMITED,388,365.85,H
PRECOT LIMITED,393.75,388,H
BHARAT DYNAMICS LIMITED,2958,2737.9,H
2.50%GOLDBONDS2028SR-IV,7550,7444,H
NIP IND ETF DIV OPP,79.3,78.85,H
MIC ELECTRONICS LTD,57,55.7,H
SHREE OSFM E-MOBILITY LTD,144,130,H
IRIS BUSINESS SERV LTD,208.15,198.25,H
SEC RE NCD 9.25% SR.II,991,990.87,H
DHANI LOANS & SERV LTD,1633.77,1617.8,H
8.12/8.32% TAX FREE NCD,1146,1141.9,H
VESUVIUS INDIA LTD,5649.9,5500,H
KEI INDUSTRIES LTD.,4300,4263,H
PRESTIGE ESTATE LTD,1676,1645,H
COCHIN SHIPYARD LIMITED,1935,1709,H
DCM SHRIRAM IND LTD,234.25,232.95,H
BIRLASLAMC - MOMENTUM,35.2,35.12,H
PARIN FURNITURE LIMITED,191,189.95,H
HAPPY FORGINGS LIMITED,1117.8,1087.4,H
GOI TBILL 364D-30/05/24,99.89,99.86,H
GE T&D INDIA LIMITED,1484,1430.2,H
SUPREME INFRA. LTD,112.05,109.9,H
MASTER COMPONENTS LIMITED,235,204,H
ZODIAC ENERGY LIMITED,684.05,670.65,H
7.74% TAX FREE NCD,1147.5,1136.01,H
BHARTI AIRTEL LIMITED,1377.3,1362.75,H
CMS INFO SYSTEMS LIMITED,451.7,450,H
TARC LIMITED,189,184.9,H
SBIAMC - SBIETFQLTY,211.13,210.4,H
SIGNET INDUSTRIES LIMITED,92.85,89.4,H
SAHANA SYSTEM LIMITED,1189.1,1132.5,H
HDFCAMC - HDFCQUAL,55.21,55,H
KCK INDUSTRIES LTD,159.85,152.25,H
SUNGARNER ENERGIES LTD,524.35,499.4,H
SHEKHAWATI POLY-YARN LTD.,3.35,3.3,H
GOI TBILL 91D-30/05/24,99.83,99.8,H
PRATHAM EPC PROJECTS LTD,429.2,417,H
SEC RE NCD 8.5% SR.I,1008.45,1001,H
MAX ESTATES LIMITED,388,379.9,H
ENERGY MISSION MACH IND L,397,389.05,H
REFRACTORY SHAPES LIMITED,110.6,105.35,H
7.51 NCD 16FEB28 TR1 SR2,1096,1091.01,H
SEC RE NCD 9.10% SR III,1000.23,1000,H
SEC RE NCD SR III,1026,1015.55,H
UNSEC RE NCD 0% SR.III,1198,1160,H
SERENCD 9.05% SR.VI OPII,1055,1035.99,H
SIEMENS LTD,7387.2,7347,H
2.50% GOLDBONDS2025SR-IV,7539,7400,H
MAZAGON DOCK SHIPBUIL LTD,3208,2977.8,H
NIP IND ETF MIDCAP 150,203.99,201.99,H
KODY TECHNOLAB LIMITED,1738,1672.05,H
ROLLATAINERS LIMITED,3.55,3.5,H
GOI TBILL 182D-30/05/24,99.88,99.61,H
DIAMOND POWER INFRA LTD,1084.1,1062.85,H
MARVEL DECOR LIMITED,124.9,124,H
LCC INFOTECH LTD,2.5,2.45,H
GOI TBILL 182D-15/08/24,98.08,98.03,H
MOTILALAMC - MOREALTY,103.11,102.49,H
ICICI PRUDENTIAL GOLD ETF,66.65,66.15,H
SEC RE NCD 8.40% SR 5,1040,1031.01,H
SEC RE NCD 9.25% SR II,989.97,975.55,H
BHARTI HEXACOM LIMITED,1037.55,1015.55,H
SEC RED NCD 10% SR. VI,1054.98,1050,H
INDIAN EMULSIFIERS LTD,474.05,451.5,H
SEC RE NCD SR.III,1088,1087,H
TAINWALA CHEMICAL AND PLA,217.95,198.9,H
INDIAN BANK,596,580,H
MARICO LIMITED,613.7,612.4,H
OBEROI REALTY LIMITED,1811.65,1795.55,H
PG ELECTROPLAST LTD,2640,2569.6,H
ELGI RUBBER CO. LTD,83.8,75.8,H
SAMVRDHNA MTHRSN INTL LTD,138.5,137.5,H
2.50%GOLDBONDS2030SR-X,7489.99,7397.95,H
SOLEX ENERGY LIMITED,1459.5,1449.9,H
HINDUSTAN AERONAUTICS LTD,4993,4960.6,H
KONTOR SPACE LIMITED,123,122,H
TIJARIA POLYPIPES LTD,27.85,27.35,H
GOI TBILL 182D-06/06/24,99.75,99.7,H
GOI TBILL 364D-16/01/25,95.5,95.13,H
STYRENIX PERFORMANCE LTD,1885.5,1875,H
SP REFRACTORIES LIMITED,261.8,249.5,H
ENSER COMMUNICATIONS LTD,133.9,121.75,H
KOTAKMAMC - KOTAKCONS,108.75,107.86,H
GOI TBILL 182D-24/10/24,96.83,96.71,H
SEC RE NCD 10.05% SR.IV,980,972.16,H
2.50%GOLDBONDS2032SR-IV,7675,7599,H
GOI TBILL 182D-11/10/24,99.85,97.18,H
DHANI LOANS & SERV LTD,1090,1085,H
SEC RED NCD 8.85% SR. VI,988.52,985,H
8.76% TAX FREETRI SR2B,1184,1177.6,H
SEC RED NCD 9.22% SR.II,1000,990.13,H
BEML LIMITED,4771,4680,H
BLUE CHIP INDIA LIMITED,3.6,3.55,H
INTERGLOBE AVIATION LTD,4438.9,4407.5,H
ADANI PORT & SEZ LTD,1448.8,1424.95,H
UNO MINDA LIMITED,880,776,H
HSG & URBAN DEV CORPN LTD,277.9,275.5,H
IIFL SECURITIES LIMITED,201.9,196,H
NIPPONAMC - NETFAUTO,242.41,239.1,H
RAIL VIKAS NIGAM LIMITED,374.6,358.95,H
LAXMI GOLDORNA HOUSE LTD,340.2,325.1,H
TRANSWARRANTY FIN. LTD.,20.15,19.8,H
ICICIPRAMC - ICICIINFRA,90.5,89.29,H
TV VISION LIMITED,6.25,6.15,H
DJ MEDIAPRINT & LOG LTD,322,318,H
KOTAKMAMC - KOTAKMID50,148.6,148.2,H
KOTAKMAMC - KTKNV20ETF,144.04,142.53,H
SRI ADHIKARI BRO TELE N L,148.05,145.15,H
BOND 8.30% PA TAX FREE S2,1140,1135,H
SEC RE NCD 8.75% SR.VII,935.2,935,H
SEC RE NCD 8.85% SR I,1002,1001,H
ATAL REALTECH LIMITED,8,8.2,L
SEC RED NCD 9.30% SR. II,1023,1025,L
UNSEC RED NCD 10.5% SR.VI,974,1000,L
BRIGHTCOM GROUP LIMITED,9.1,9.55,L
SEC RE NCD 8.50% SR.III,1020,1035,L
UNS RED NCD 9.15% SR.IX,955.5,965.25,L
RACHANA INFRA LTD,29.85,30,L
8.79% SEC RED BOND S2B,1150,1152.99,L
SEMAC CONSULTANTS LIMITED,969,1395.15,L
BOND 9.01%PA TF TR-I S 3B,6655,6656,L
SEC RE NCD 9.80% SR.VII,850,925,L
SEC RE NCD 8.40% SR 1,994,995,L
AJOONI BIOTECH LIMITED,0.35,0.55,L
VERITAAS ADVERTISING LTD,235.8,248.2,L
BOND 8.62% TAX FREE S3B,1255.01,1275,L
SONAM LIMITED,39.45,39.5,L
NANDANI CREATION LIMITED,54.95,56.05,L
SEC RE NCD 9.16% SR.V,890,900,L
9.00% UNSECURED NCD,1003,1005.9,L
ABS MARINE SERVICES LTD,252.1,265.35,L
MANDEEP AUTO INDUSTRIES L,59,59.15,L
VARANIUM CLOUD LIMITED,23.9,25.15,L
RAMDEVBABA SOLVENT LTD,94,95.05,L
MUKKA PROTEINS LIMITED,34.1,34.5,L
MANGALAM ORGANICS LIMITED,345.05,346.05,L
SEC RED NCD 9.70% SR. V,1071,1075,L
TEERTH GOPICON LIMITED,192,195.35,L
VADIVARHE SPCLTY CHEM LTD,37.55,38,L
VALIANT LABORATORIES LTD,138.7,138.9,L
BLUE PEBBLE LIMITED,228,235,L
UNSE RE NCD 9.6% SR.II,928,929.5,L
UNSERENCD8.85%SRIVCIII&IV,1060,1070,L
TAX FREE 7.69% SR. IIB,1164,1165,L
RAJ TV NETWORK LTD,132.05,134.75,L
SEC RE NCD 8.89% SR.VIII,900,900.3,L
CUPID LIMITED,91.75,92,L
SEC RE NCD 10.25% SR XII,972,972.08,L

