SYMBOL,SYMBOL P/E,ADJUSTED P/E
THERMAX,93.1,102.91
RIIL,183.96,183.96
RAYMOND,22.84,21.75
SHREDIGCEM,17.67,17.67
SMLISUZU,39.11,39.11
SUNDRMFAST,47.92,47.92
CRISIL,49.82,49.82
PEL,,31.16
MASTEK,24.6,24.41
TRENT,122.01,197.99
CUMMINSIND,79.57,79.5
JBCHEPHARM,47.77,47.77
INDIAGLYCO,15.65,15.65
IONEXCHANG,37.76,37.76
HIMATSEIDE,12.27,12.27
GFLLIMITED,.35,
BHARATFORG,76.07,75.49
ATUL,55.8,55.8
TATAMOTORS,10.12,9.89
MRPL,10.25,10.23
ESCORTS,41.03,41.03
BAJAJHLDNG,64.14,64.14
ZUARIIND,1.46,
VOLTAS,111.03,111.03
TATASTEEL,,52.66
VEDL,24.03,36.01
RELIANCE,25.14,25.14
BATAINDIA,66.4,60.73
CARBORUNIV,76.52,76.52
DICIND,,100.37
RAMCOCEM,46.48,46.48
CENTURYTEX,108.13,40.84
TORNTPHARM,60.34,63.45
VLSFINANCE,3.92,3.92
SRF,50.91,50.91
RANEHOLDIN,19.81,9.26
ARE&M,25.69,24.67
IVP,11.31,11.31
GET&D,181.41,181.41
BERGEPAINT,50.17,50.34
KPIL,38.6,38.6
BSL,16.25,16.25
JAYNECOIND,22.47,20.62
SOTL,17.68,17.68
WSI,16.23,16.04
SUNFLAG,29.45,29.45
VSTIND,20.74,20.74
UNIVCABLES,57.67,57.67
MURUDCERA,43.92,43.92
SANOFI,37.39,36.19
KAJARIACER,48,47.98
PCBL,20.71,20.71
3PLAND,30.62,30.62
HONDAPOWER,28.3,29.51
IDBI,16.23,16.23
BBL,38.28,38.28
DCMSHRIRAM,34.74,34.74
COSMOFIRST,23.76,23.76
HEROMOTOCO,25.86,25.06
GMBREW,9.55,9.55
ITC,26.45,26.52
IOC,5.67,5.67
OSWALGREEN,132.6,132.6
HUHTAMAKI,5.73,22.37
RICOAUTO,37.35,36.03
IFBAGRO,86.35,86.35
MANINDS,22.42,22.42
SIYSIL,11.02,11.02
PRECWIRE,33.3,33.3
NCC,24.69,24.02
SEAMECLTD,45.03,45.03
BBTC,5.61,5.42
BEPL,18.96,18.96
BANARBEADS,23.82,23.82
WSTCSTPAPR,4.35,4.31
VENKEYS,32.62,32.62
PRUDMOULI,12.89,12.89
PRAJIND,34.52,34.52
KEEPLEARN,210.58,210.58
TFCILTD,16.76,16.76
AGI,17.83,17.83
TATACONSUM,82.05,70.78
ZEEL,73.03,258.14
FMGOETZE,18.05,18.05
ORIENTHOT,50.17,50.17
ESABINDIA,54.94,54.94
AARTIIND,54.85,54.85
PRAKASH,8.64,8.64
SHREECEM,38.67,38.67
AKZOINDIA,27.39,27.39
HINDUNILVR,54.07,54.09
FINCABLES,29.31,34.8
HEUBACHIND,20.62,20.62
NAVA,5.9,6.44
GREENPLY,42.23,48.77
REMSONSIND,61.07,59.5
MRF,26.39,26.39
TNPETRO,15.76,12.63
EIMCOELECO,29.71,29.71
SAMBHAAV,68.05,90.07
KEYFINSERV,11.83,11.83
SUNDRMBRAK,30.71,30.71
MOTHERSON,42.25,40.61
STERTOOLS,23.25,23.37
WENDT,69.85,69.85
SHRIRAMFIN,11.88,11.88
MIRZAINT,48.11,48.11
GANESHHOUC,14.83,14.83
ALKYLAMINE,68.16,68.16
GUJRAFFIA,45.15,45.15
HERITGFOOD,38.17,38.17
GAIL,15.35,15.9
ICICIBANK,17.35,17.35
ENGINERSIN,35.39,35.39
JAICORPLTD,,116.15
GMDCLTD,15.59,15.59
ASAHIINDIA,45.64,45.64
J&KBANK,8.05,8.05
SOUTHBANK,6.87,6.87
ASTRAZEN,103.25,93.77
CYIENT,27.75,25.94
GOACARBON,9.35,9.35
SANGHVIMOV,25.93,25.93
RSSOFTWARE,31.23,31.23
NATIONALUM,23.16,23.16
ALEMBICLTD,29.03,29.03
BSOFT,26.61,26.61
ACCELYA,26.19,26.26
ZYDUSLIFE,28.38,28.33
RAJESHEXPO,12.13,12.13
IOB,47.4,47.4
BLBLIMITED,14.02,15.67
BLUESTARCO,76,76
PNBGILTS,27.04,29.36
REPRO,90.32,90.32
KRBL,11.06,11.06
USHAMART,26.11,26.11
TRIDENT,55.48,55.49
ACLGATI,229.75,
SMARTLINK,41.91,41.91
JISLJALEQS,47.04,47.04
TCI,25.17,24.98
OLECTRA,186.37,203.09
TIMESGTY,53.59,53.59
NUCLEUS,17.44,17.44
GODREJIND,43.33,43.33
MARUTI,29.86,29.86
UCOBANK,41.06,41.06
WELSPUNLIV,20.78,20.78
TVSELECT,2190.03,2190.03
TVTODAY,23.63,22.32
PETRONET,13.34,13.62
MAHABANK,11.79,11.79
RKFORGE,38.45,38.44
EXCELINDUS,107.96,107.96
CENTEXT,22.3,21.22
TEXINFRA,379.13,379.13
NTPC,20.15,20.15
SUPRAJIT,37.79,37.79
EVEREADY,58.83,58.83
ALLSEC,25.73,25.73
SSWL,16.94,16.94
SURYALAXMI,36.71,18.63
63MOONS,9.88,18.1
GEOJITFSL,17.42,17.42
NECLIFE,149.74,149.74
IDFC,566.34,566.34
IMPAL,16.85,16.85
AURIONPRO,42.06,42.06
NAHARINDUS,153.34,81.07
ORIENTCER,30.76,36.28
VIMTALABS,26.17,26.17
NITINSPIN,14.74,14.74
ENIL,29.75,30.73
GVKPIL,6.03,6.03
KEC,59.28,59.28
BLKASHYAP,,30.39
CENTURYPLY,41.08,41.08
VAKRANGEE,592.76,644.84
RSYSTEMS,42.92,42.92
LOKESHMACH,66.5,66.5
KAMDHENU,28.26,28.26
PIONEEREMB,64.16,64.16
MUNJALAU,199.31,19.25
GRINDWELL,68.54,68.5
ATLANTAA,.89,
ACE,55.3,55.3
ALICON,13.31,13.31
FIEMIND,19.54,19.54
NAUKRI,114.12,106.36
GESHIP,5.6,5.6
LTFOODS,13.48,13.48
JINDRILL,18.49,18.49
PLASTIBLEN,19.41,19.41
TANLA,21.74,21.74
SARLAPOLY,22.48,22.48
PITTIENG,31.27,31.27
UNOMINDA,65.38,65.38
ORIENTBELL,6500.1,6500.1
FSL,27,27
SMSPHARMA,41.8,41.8
LAOPALA,26.79,26.79
ASTRAL,103.64,103.64
THEMISMED,76.05,76.05
ICRA,36.11,36.11
NDLVENTURE,202.53,202.53
FORTIS,61.83,63.91
HILTON,30.61,30.61
KMSUGAR,12.69,12.69
NAGREEKEXP,10.06,10.06
DLF,128.65,128.65
CIEINDIA,24.9,24.9
MOTILALOFS,13.62,13.62
MAGNUM,12.25,12.25
MAANALU,19.33,19.33
BVCL,12.61,12.61
EDELWEISS,15.09,15.09
RGL,14.01,14.01
COLPAL,55.62,55.03
ECLERX,22.22,22.16
BRIGADE,108.93,110.55
MANAKSIA,7.09,6.46
DVL,31.23,31.23
ARIES,20.61,20.61
KAVVERITEL,1.1,1.07
CORDSCABLE,31.34,31.34
HERCULES,14.45,52.63
IRB,48.15,48.15
RECLTD,9.98,9.98
NESCO,17.5,17.5
TITAGARH,58.03,57.7
DIGISPICE,13.96,32.07
GOKUL,79.55,17.72
ALMONDZ,13.15,35.89
ARCHIDPLY,30.87,30.87
VINYLINDIA,30.4,30.4
ZFCVINDIA,61.92,61.92
JOCIL,54.22,54.22
ALKALI,76.67,72.29
MAWANASUG,8.82,8.7
GKWLIMITED,74.21,74.21
OIL,10.91,10.96
ZYDUSWELL,41.23,39.14
REFEX,15.4,15.41
AHLUCONT,34.22,34.15
HINDCOPPER,122.17,122.17
NESTLEIND,95.31,95.66
VASCONEQ,27.97,27.97
DBREALTY,8.97,9.56
LGBBROSLTD,14.85,15.13
ISFT,21.31,21.31
MANAPPURAM,7.41,7.41
HMVL,80.44,80.44
DEEPAKNTR,41.44,44.79
RAMKY,2.55,75.25
ASHOKA,14.87,13.25
SHAH,38.83,38.83
CGCL,49.3,49.3
IOLCP,16.16,16.16
MOIL,34.95,34.95
KIRLOSENG,42.93,41.95
SUMMITSEC,20.66,20.66
VADILALIND,23.4,23.4
RELAXO,103.35,103.35
DHANUKA,24.43,24.43
GENESYS,239.94,239.94
VARDHACRLC,25.53,25.53
JSL,21.61,22.26
JAIBALAJI,18.51,18.51
DREDGECORP,58.32,57.35
UNIENTER,26.7,26.7
MUKANDLTD,22.36,22.36
VAIBHAVGBL,49.58,48.57
POONAWALLA,21.36,31.26
DATAMATICS,17.41,17.41
APARINDS,38.21,38.21
NIITLTD,73.18,67.34
COFORGE,36.33,36.73
GULFPETRO,13.45,13.45
WELENT,15.74,15.74
INDOCO,29.83,31.79
JSWSTEEL,24.49,25.83
SAKSOFT,29.34,29.34
WELCORP,17.6,17.6
JKPAPER,5.52,5.52
VHL,32.69,32.69
SPLIL,15.86,14.99
SASKEN,29.81,29.81
MANALIPETC,69.88,61.52
VENUSREM,13.88,13.88
PARACABLES,32.45,32.45
TIDEWATER,24.96,24.96
TIIL,20.08,20.08
PFC,7.58,7.58
PAGEIND,75.12,75.12
BANSWRAS,15.57,15.57
SRHHYPOLTD,6.97,6.76
INSECTICID,26.13,26.13
NELCAST,22.83,31.37
MEGASOFT,70.94,70.94
CENTRALBK,21.96,21.96
PURVA,196.09,196.09
CENTUM,87.23,87.23
DELTACORP,13.19,15.69
MHRIL,69.63,69.63
EXPLEOSOL,19.86,19.86
AMRUTANJAN,47.91,47.91
SHILPAMED,919.43,919.43
DLINKINDIA,16.34,16.34
BEARDSELL,16.14,16.14
JUBLFOOD,82.24,140.32
HATHWAY,59.63,59.61
PERSISTENT,49.3,49.3
KSL,20.6,20.6
UMESLTD,58.9,58.9
IMFA,10.6,10.46
BAJAJCON,22.51,22.51
ADFFOODS,33.44,33.44
SASTASUNDR,26.59,26.34
GREENPOWER,46.2,68.56
WABAG,24.19,23.51
JWL,68.74,68.74
PRESTIGE,33.78,33.98
RESPONIND,58.43,58.43
GRAVITA,29.19,29.19
PENIND,19.31,19.31
KICL,39.72,64.06
HINDMOTORS,30.08,30.08
LOVABLE,43.22,43.22
PIIND,33.59,33.59
OMINFRAL,24.17,24.17
DELPHIFX,14,14
ORIENTCEM,25.48,25.48
MITCON,29.03,29.03
JPOLYINVST,3.35,3.3
CASTROLIND,21.7,21.7
CAPLIPOINT,21.29,21.29
SUPERHOUSE,15.27,15.27
PDSL,29.04,29.65
GRPLTD,52.99,48.69
LINC,25.13,25.13
HESTERBIO,89.89,89.89
PRIVISCL,45.36,45.36
TPLPLASTEH,36.94,36.94
ALANKIT,26.06,26.06
AYMSYNTEX,,399.26
SHREEPUSHK,15.26,15.26
SHK,29.9,24.53
SALZERELEC,30.24,30.24
NH,33.54,33.54
HITECH,42.3,42.3
HECPROJECT,18.29,18.29
INFIBEAM,56.09,56.09
PARAGMILK,24.33,24.33
ASPINWALL,32.45,32.45
INTENTECH,16.52,16.52
CLEDUCATE,25.54,27.28
DEVIT,28.4,28.4
SCHAND,34.35,34.35
TEJASNET,314.08,314.08
AUBANK,29.2,28.05
MAGADSUGAR,8.07,8.07
OPTIEMUS,44.41,44.41
SIS,36.63,36.63
VAISHALI,28.47,28.47
GEEKAYWIRE,12.72,12.72
APEX,62.07,62.07
CHOLAHLDNG,5.5,5.5
DPWIRES,25.57,25.57
DIAMONDYD,39.08,38.52
GATECHDVR,17.84,17.84
GODREJAGRO,34.47,34.47
IEX,40.53,40.53
TIINDIA,60.39,60.4
SECURCRED,14.9,14.9
5PAISA,31.28,31.28
SILVERTUC,72.3,72.3
SHRADHA,11.57,11.57
TOUCHWOOD,51.36,51.38
AJOONI,50.67,50.67
AMBER,90.85,90.85
GALAXYSURF,29.81,29.81
SOUTHWEST,36.3,36.3
ASTERDM,42.4,
SARVESHWAR,51.55,51.55
BDL,101.46,101.46
BANDHANBNK,19.6,19.6
MITTAL,25.1,77.64
ISEC,13.68,13.68
AVG,20.55,20.55
BSHSL,97.42,97.42
GODHA,98.21,98.21
BORORENEW,505.02,
OAL,6578.09,6578.09
AFFLE,61.63,61.63
SPANDANA,11.3,11.3
UJJIVANSFB,8.04,8.04
SAFARI,57.65,57.65
360ONE,35.51,35.51
VISHWARAJ,22.7,22.7
KUANTUM,6.46,6.46
APOLLOPIPE,65.15,65.15
ROUTE,23.21,24.08
SIGMA,19.98,19.98
EQUITASBNK,13.56,13.56
HINDWAREAP,46.26,46.26
ARTEMISMED,50.73,50.73
ATALREAL,67.82,67.82
MAHEPC,225.73,175.34
POWERINDIA,267.43,267.43
RAJRATAN,41.36,41.36
AARTISURF,26.77,26.77
NDRAUTO,33.43,33.43
AAATECH,40.65,40.65
UNIDT,51.8,51.8
ANGELONE,20.84,20.84
VALIANTORG,23.71,26.46
ROML,17.21,15.63
RAILTEL,55.78,57.98
HERANBA,27.47,27.47
RVHL,60.84,60.84
FAIRCHEMOR,44.97,44.97
ISGEC,29.84,29.84
PAKKA,29.15,29.15
CARYSIL,39.36,39.36
FIBERWEB,16.38,16.38
BHAGCHEM,92.22,92.22
IPL,31.38,31.38
LODHA,83.31,78.46
UTKARSHBNK,11.6,11.6
CRAFTSMAN,27.03,27.03
JUBLINGREA,45.08,45.08
GLS,21.66,21.66
DEEPINDS,14.96,15.12
PIXTRANS,25.16,25.16
CARTRADE,61.23,61.23
DEVYANI,,486.76
ANMOL,10.28,10.28
AMIORG,103.45,46.71
BAJAJHCARE,39.72,39.72
GRINFRA,13.53,13.53
STEELCAS,17.38,17.38
KPIGREEN,70.28,70.18
SEJALLTD,102.24,102.24
SYRMA,61.51,61.05
NOCIL,36.41,36.41
DRREDDY,17.61,17.61
CHAMBLFERT,13.33,13.33
MAHSEAMLES,10.46,10.43
COROMANDEL,21.89,21.89
VINDHYATEL,23.67,23.67
ASIANPAINT,51.03,51.03
PGHL,37.09,37.09
ADORWELD,29.24,29.24
TATACHEM,72.65,22.06
ATFL,167.39,238.98
EPL,22.39,22.39
SUPREMEIND,72.11,72.11
BIRLACABLE,32.42,32.42
WEIZMANIND,21.97,21.97
BBOX,35.56,24.02
JTEKTINDIA,42.4,44.95
TATAELXSI,56.69,56.69
SANDESH,7.2,7.21
ADANIENT,105.94,98.76
EICHERMOT,36.18,36.18
ZENSARTECH,21.16,21.16
ANIKINDS,40.66,40.66
HSCL,43.46,43.46
ARENTERP,19.81,19.81
THOMASCOOK,37.52,37.52
BHARATRAS,68.38,68.34
HLVLTD,76.02,88.47
LIBERTSHOE,91.25,86.31
HEIDELBERG,29.28,29.28
PIDILITIND,87.43,85
JINDALSAW,11.1,11.1
STYRENIX,18.35,18.35
CANFINHOME,13.12,13.12
FOSECOIND,30.83,35.44
ANDHRAPAP,6.01,6.01
AMJLAND,21.01,21.01
KSB,79.75,79.75
GODFRYPHLP,30.18,30.18
SUDARSCHEM,16.09,51.31
HINDALCO,16.39,16.41
AMBUJACEM,33.07,34.64
CGPOWER,112.4,115.15
BEL,52.57,52.57
NATCOPHARM,14.06,14.06
GARFIBRES,32.4,32.4
SKFINDIA,53.57,53.57
SILINV,18.61,18.61
ZENITHEXPO,47.76,47.76
VISAKAIND,1080.19,1080.19
HITECHGEAR,18.64,52.96
PUNJABCHEM,23.61,23.61
MMFL,21.32,21.42
LTF,16.8,16.8
BROOKS,156.42,156.42
PGEL,58.66,58.66
PAISALO,33.52,33.58
INDOTHAI,20.46,20.46
DSSL,32.57,32.57
JISLDVREQS,.73,.73
VIKASECO,86.54,86.54
KANANIIND,127.35,127.35
DBSTOCKBRO,22.28,22.28
IRFC,35.71,35.71
RHIM,,97.49
NDL,26.56,26.56
VSSL,29.74,29.74
SPECIALITY,29.74,29.74
RTNINDIA,28.43,25.09
PROZONER,22.33,22.33
ROSSELLIND,132.77,131.88
TVSHLTD,11.68,11.66
VETO,13.32,13.32
INDUSTOWER,15.16,15.16
REPCOHOME,7.94,7.94
ATULAUTO,212.83,212.83
PILITA,59.77,59.77
ORBTEXP,13.85,13.85
HATSUN,84.2,84.2
GULFOILLUB,16.68,16.68
MONTECARLO,14.36,14.36
LAMBODHARA,43.54,43.54
MOLDTKPAC,36.7,36.7
MENONBE,9.65,9.65
IMAGICAA,11.53,12.19
BYKE,52.93,52.93
BCG,1.36,1.36
NILAINFRA,39.66,39.66
SHYAMCENT,40.6,40.6
ADANIENSOL,101.41,91.04
RAMASTEEL,54.86,54.86
MUTHOOTCAP,3.64,25.65
NAVKARCORP,276.24,276.24
INDIGO,23.36,23.36
PILANIINVS,29.33,29.33
ALKEM,40.28,36.6
QUICKHEAL,102.09,102.09
NECCLTD,38.09,38.09
GOKULAGRO,15.38,15.38
HCG,215,215
WEALTH,20.55,20.55
SAGARDEEP,120.31,120.31
UNITEDPOLY,27.72,27.72
ALBERTDAVD,8.72,8.72
INCREDIBLE,30.79,30.79
MAHASTEEL,40.82,51.08
MGL,10.05,10.05
POKARNA,20.12,20.12
GPTINFRA,25.18,25.18
SOMICONVEY,34.11,34.11
LLOYDSENGG,94.02,94.02
LTIM,30.85,30.85
ADVENZYMES,30.51,28.42
NDGL,12.43,12.43
BIGBLOC,56.16,56.16
MBAPL,82.5,82.5
CUPID,34.76,34.76
MARATHON,17.94,17.94
MASKINVEST,1091.27,1091.27
SAKAR,64.42,64.42
PANSARI,37.42,37.42
ARTNIRMAN,98.23,98.23
MAZDA,17.75,17.75
KINGFA,18.96,18.96
KIOCL,687.48,687.48
LAURUSLABS,146.24,146.24
ITDC,83.3,83.21
LIBAS,18.5,18.5
SPCENET,147.07,147.07
MAHESHWARI,14.19,14.19
BSE,51.37,105.41
MCL,91.34,91.34
STEELCITY,12.65,12.65
KRISHANA,34.3,34.3
GLOBAL,14.43,14.43
SANGINITA,46.09,46.09
RADIOCITY,193.23,193.23
AIRAN,28.26,28.26
LAXMICOT,,104.23
EIFFL,125.18,125.18
CREATIVE,22.68,22.68
FOCUS,31.5,31.5
SIKKO,50.63,50.63
PANACHE,195.08,195.08
INFOBEAN,43.86,43.86
BHAGYANGR,8.03,8.03
GLOBE,17.29,17.29
ERIS,31.1,31.1
ACEINTEG,305.07,305.07
SALASAR,68.04,67.39
GANGESSECU,43.09,43.09
TOTAL,157.63,157.63
WEWIN,32.13,32.13
SMSLIFE,102.06,
SERVOTECH,155.49,155.49
MATRIMONY,24.68,24.68
WORTH,12.43,12.43
AARVI,18.33,18.33
AIROLAM,26.3,26.3
RKEC,14.51,14.51
JASH,44.23,44.23
TIRUPATIFL,27.24,27.24
MASFIN,19.04,19.04
DPABHUSHAN,46.87,46.87
NAM-INDIA,33.82,33.82
IFGLEXPOR,27.5,27.5
VERTOZ,175.87,175.87
ICEMAKE,41.6,41.6
SHALBY,36.14,36.14
ONEPOINT,54.06,54.06
BCONCEPTS,68.2,68.41
NEWGEN,52,52
SINTERCOM,311.53,311.53
ARVEE,283.94,283.94
GMMPFAUDLR,32.96,32.96
UNIINFO,13.64,13.64
MACPOWER,74.12,74.12
SUNDARMHLD,30.37,30.37
URAVI,392.5,392.5
KAPSTON,26.98,26.98
MIDHANI,80.47,80.47
MMP,31.76,31.76
CHEMFAB,25.6,25.6
AAKASH,18.93,18.93
SOFTTECH,190.51,190.51
E2E,70.34,70.34
SIRCA,35.54,35.54
SVLL,77.17,77.17
SONAMLTD,29.65,29.65
PRITI,21.01,21.01
FINEORG,32.45,32.41
VARROC,17.4,17.4
GANGAFORGE,58.46,70.95
REPL,23.16,23.16
AVROIND,31.51,31.51
HDFCAMC,41.75,41.75
TEMBO,24.85,24.85
AARON,46.61,46.61
SIGIND,14.78,14.78
SUMIT,31.28,31.28
RPPL,29.97,29.97
AKG,28.65,28.65
AHLADA,15.89,15.89
RAJMET,21.04,21.04
AAVAS,25.84,25.84
KSHITIJPOL,68.25,
GRSE,38.24,38.24
SILGO,22.98,22.98
VINNY,23.81,23.81
BBTCL,28.33,28.33
MARINE,84.28,84.28
IRISDOREME,54.47,54.47
ATGL,158.28,158.28
UNIPARTS,16.94,16.94
SHRIRAMPPS,5.8,5.8
AWHCL,16.47,16.47
RPSGVENT,13.69,13.69
MSTCLTD,29.54,29.54
OSIAHYPER,24.8,24.66
ANUP,34.44,34.44
ARVINDFASN,63.21,60.59
PAR,21.28,21.28
RVNL,48.44,48.44
POLYCAB,54.7,54.7
METROPOLIS,78.01,78.01
KPITTECH,68.94,68.94
NEOGEN,106.63,106.63
EMAMIPAP,14.65,14.65
CONFIPET,24.83,24.83
PPL,10.57,10.57
INDIAMART,41.91,41.74
SATIA,5.26,5.26
WEL,148.89,148.89
CHEMCON,47.34,47.34
WESTLIFE,194.95,194.95
HNDFDS,60.98,60.98
MAZDOCK,39.26,39.26
IRCTC,81.47,79.27
DCI,28,28
IIFLSEC,11.42,11.42
HPIL,55.72,55.72
FLUOROCHEM,79.78,79.78
GREENPANEL,25.98,25.98
CHEMBOND,16.05,16.05
MGEL,16.27,16.27
SBICARD,27.97,27.97
HOMEFIRST,23.78,23.78
CSBBANK,10.25,10.25
EASEMYTRIP,54.01,54.01
ROSSARI,29.41,29.41
PRINCEPIPE,38.65,41.98
LIKHITHA,22.37,22.37
PATANJALI,66.48,66.48
SUMICHEM,63.1,63.1
ASALCBR,20.42,20.42
UNIVPHOTO,12.16,12.16
SUVENPHAR,42.59,42.59
STOVEKRAFT,64.55,64.55
KSOLVES,38.17,38.17
HAPPSTMNDS,50.08,52.17
GLAND,38.23,38.23
BOROLTD,45.81,45.81
MAXHEALTH,77.04,77.04
PAVNAIND,39.99,39.99
KALYANKJIL,69.06,69.06
BTML,35.44,35.44
SHAREINDIA,14.39,14.37
SIGACHI,48.49,48.49
ADL,,1737.77
NIRAJ,33.82,14.93
CAMS,48.77,48.77
SURYODAY,9.74,9.74
UTIAMC,14.72,14.72
BECTORFOOD,53.6,53.6
ORCHPHARMA,43.07,62.33
INDIGOPNTS,47.64,47.64
LXCHEM,59.53,59.53
MTARTECH,79.82,79.82
ANURAS,51.02,51.02
KANPRPLA,47.05,47.05
STYLAMIND,23.24,23.24
CLSEL,9.05,9.05
SHAILY,64.15,64.15
MODISONLTD,19.15,23.51
BCLIND,15.42,15.35
SBCL,38.79,38.79
SMCGLOBAL,8.93,8.92
ARIHANTCAP,10.09,10.09
NAZARA,55.89,55.89
GENCON,15.55,15.55
HLEGLAS,58.82,55.52
SONACOMS,71.71,70.81
DRCSYSTEMS,23.11,23.11
PARAS,93.71,93.71
DODLA,33.35,33.35
EXXARO,230.34,155.81
ROLEXRINGS,40.39,36.62
SHYAMMETL,17.03,17.03
KIMS,45.35,45.35
TATVA,86.31,86.31
CLEAN,60.72,60.72
ABSLAMC,19.78,19.78
ZOMATO,466.5,466.5
WINDLAS,22.24,22.24
KRSNAA,33.55,33.55
APTUS,25.03,25.03
SUPRIYA,24.87,24.87
VIJAYA,66.92,66.09
VINEETLAB,17.89,17.89
SANSERA,30,30
PRITIKAUTO,27.63,27.63
AAREYDRUGS,32.66,34.88
INTLCONV,8.47,8.47
HPAL,45.7,46.07
UGROCAP,22.06,22.06
YUKEN,96.29,96.29
SGIL,41.64,41.64
ANANDRATHI,74.88,74.88
SJS,26.29,26.29
FINOPB,26.63,26.63
POLICYBZR,878.72,878.72
NYKAA,1170.22,1170.22
AWL,259.21,207.23
MONARCH,20.16,20.15
SAPPHIRE,174.38,174.38
PRUDENT,47.4,47.4
EPIGRAL,27.68,27.68
NUVOCO,78,78
GOCOLORS,65.6,65.6
TRACXN,138.8,138.8
CMSINFO,21,21
FUSION,9.5,9.5
COASTCORP,213.69,213.69
TARSONS,42.39,42.39
MEDPLUS,189.52,189.52
TEGA,56.26,56.26
RATEGAIN,59.25,59.25
MANORG,128.56,128.56
LATENTVIEW,62.51,62.51
METROBRAND,95.36,95.36
MICEL,19.29,21.55
PASUPTAC,24.97,24.97
FOODSIN,23.42,23.4
PARADEEP,57.3,57.3
MAPMYINDIA,79.6,79.6
ABMINTLLTD,283.34,283.34
TMB,6.93,6.93
KRITI,26.03,26.03
MANYAVAR,60.34,60.34
GANESHBE,17.89,17.8
GVPTECH,157.69,157.69
DMCC,61.43,61.43
MEDICAMEQ,58.93,58.93
EMIL,47.62,47.62
SHIVALIK,44.74,44.74
DATAPATTNS,93.99,93.99
MEDANTA,69.66,69.66
AHL,23.56,23.56
MALLCOM,18.44,18.44
IRIS,43.67,43.67
ASIANENE,47.68,44.49
SMLT,22.23,22.23
NRL,53.06,53.06
RADIANTCMS,17.78,17.78
CHOICEIN,51.76,51.76
HARIOMPIPE,29.43,29.43
GRWRHITECH,20.48,20.48
DCMSRIND,18.5,18.5
RAJRILTD,368.75,368.75
EMUDHRA,85.08,85.08
DYCL,32.71,32.71
FIVESTAR,25.45,25.45
VIRINCHI,26.97,26.97
SBC,68.55,68.55
ELDEHSG,30.11,30.11
ELIN,66.56,66.56
MHLXMIRU,23.83,23.83
RELCHEMQ,27.1,27.1
GATEWAY,20.2,20.2
ZIMLAB,30.68,30.68
JTLIND,34.13,34.13
RAINBOW,58.55,58.55
AETHER,130.68,69.45
ROTO,37.88,37.88
INDOBORAX,13.62,13.62
RACE,230.92,230.92
AVONMORE,29.14,29.14
DREAMFOLKS,35.98,35.98
DHARMAJ,17,17
OBCL,153.86,153.86
GMRP&UI,92.59,
INOXGREEN,139.42,139.42
BIKAJI,72.48,72.48
SADHNANIQ,418.54,418.54
HARDWYN,148.82,148.82
HMAAGRO,24.72,24.72
KFINTECH,51.85,51.85
YATHARTH,49.6,49.6
AKSHAR,23.01,23.01
NGLFINE,34.75,34.75
AXITA,28.29,28.29
TRU,137.07,137.07
TIPSFILMS,211.7,211.7
SPLPETRO,37.23,37.23
CSLFINANCE,15.25,15.25
GENSOL,105.43,105.43
DBOL,17.41,17.41
SPORTKING,14.24,14.24
GRMOVER,16.97,16.97
SYNCOMF,49.02,48.98
SULA,45.75,45.75
BAIDFIN,18.82,18.82
SCPL,25.36,25.36
MANKIND,43.81,43.81
SKYGOLD,48.59,48.59
SATINDLTD,3.88,3.88
USK,14.59,14.59
IKIO,34.46,34.46
FAZE3Q,20.06,20.06
LLOYDSME,28.69,28.69
AARTIPHARM,25.43,25.43
NINSYS,78.41,78.41
ASMS,1.57,
HYBRIDFIN,17.53,17.02
CYIENTDLM,88.8,88.8
ATAM,42.54,42.54
LAL,46.98,46.98
POCL,15.24,26.45
ASHOKAMET,40.4,40.4
NETWEB,159.5,159.5
KIRLPNU,59.18,56.61
ATL,42.85,42.85
SINDHUTRAD,20.22,20.22
KOTHARIPET,12.65,12.59
INDNIPPON,28.75,28.75
KCPSUGIND,8.99,8.79
NLCINDIA,17.91,17.91
HAVELLS,90.89,90.89
TIPSINDLTD,42.81,42.81
MARKSANS,23.62,23.62
MCDOWELL-N,67.97,67.82
ASAL,66.27,66.27
SURANAT&P,27.9,27.9
IVC,29.46,29.46
JINDALSTEL,18.5,18.5
NIPPOBATRY,115.2,115.2
HCLTECH,23.2,23.2
STAR,303.94,35.46
GLENMARK,,40.93
NRBBEARING,13.87,32.37
BIL,45.95,45.95
KTKBANK,5.99,5.99
AJANTPHARM,36.7,36.7
CALSOFT,933.87,933.87
TVSMOTOR,55.86,55.86
TAJGVK,36.4,36.4
CHENNPETRO,4.91,4.91
GAEL,20.14,20.14
BALAJITELE,24.65,24.65
MRO-TEK,48.99,48.99
KHANDSE,256.57,256.57
GODREJCP,,71.24
LUPIN,40.4,40.4
BHARTIARTL,130.76,83.55
PONNIERODE,8.03,8.03
APTECHT,44.65,38.37
OFSS,29.9,29.9
CANBK,6.6,6.6
DIVISLAB,77.91,77.91
RADICO,88.95,88.95
BAGFILMS,14.79,14.79
NSIL,29.88,29.88
IGL,18.81,18.81
UPL,,18.92
PTC,11.86,11.86
BIOCON,26.75,26.66
XPROINDIA,60.08,60.08
CCL,30.17,30.17
LT,30.56,30.7
ULTRACEMCO,40.91,40.6
TCS,30.08,29.61
GUFICBIO,41.11,41.11
ASTRAMICRO,100.57,100.57
JBMA,123.71,123.71
DWARKESH,15.63,15.63
XCHANGING,110.09,110.09
CONSOFINVT,2.18,2.18
JINDALPHOT,115.02,115.02
GOKEX,44.02,44.02
SHOPERSTOP,110.23,101.7
PRIMESECU,35.88,35.88
JSWHL,64.26,64.26
YESBANK,53.66,53.66
MSPL,49.01,43.08
GOLDIAM,19.21,19.21
FCSSOFT,,201.9
SUZLON,86.17,124.15
TRIVENI,19.45,19.45
AIAENG,30.28,30.29
EKC,13.23,13.12
CELEBRITY,34,34.41
ROHLTD,22.49,22.49
GSPL,7.71,7.87
JAGRAN,11.57,11.57
SAKUMA,35.17,35.17
JKCEMENT,38.54,38.43
INDOTECH,41.46,41.46
M&MFIN,17.42,17.42
KEI,64.64,64.62
SOLARINDS,103.03,103.03
GALLANTT,29.49,29.49
UTTAMSUGAR,9.44,9.44
KKCL,27.55,27.55
SUNTV,14.15,14.15
GPIL,13.96,14.16
EMKAY,12.92,12.92
BALPHARMA,45.32,45.32
SWELECTES,55.75,55.75
RATNAMANI,37.6,37.6
JKLAKSHMI,21.27,21.58
ALLCARGO,32.05,38.16
EMAMILTD,32.36,32.14
TECHM,54.4,54.48
VOLTAMP,58.17,58.17
SELAN,29.05,29.05
ANANTRAJ,50.15,50.15
HOVS,32.25,32.25
TALBROAUTO,33.64,33.64
GEECEE,20.55,20.55
JMFINANCIL,10.73,10.73
RUCHIRA,6.39,6.39
SOBHA,347.82,347.87
HBLPOWER,63.92,63.1
LUMAXTECH,23.44,22.21
WANBURY,9.07,16.69
GANDHITUBE,20.46,20.46
IZMO,17.19,17.19
PGIL,16.57,16.52
AMDIND,20.59,20.59
BALAMINES,31.22,31.22
DISHTV,,14.79
AROGRANITE,37.07,37.07
BFUTILITIE,13.19,13.19
ALPHAGEO,225.9,33.2
WEBELSOLAR,,82.78
NAVINFLUOR,61.37,74.06
HGS,55.17,55.17
V2RETAIL,101.01,101.01
ADSL,19.89,19.89
CAMPUS,100.08,100.08
VENUSPIPES,49.56,49.56
MEGASTAR,45.52,45.52
LANDMARK,44.03,42.07
ETHOSLTD,100.76,100.76
MSUMI,47.41,47.41
HARSHA,40.62,40.62
INDOAMIN,18.22,18.22
ACI,23.8,23.8
RITCO,21.16,21.16
CHEVIOT,13.25,13.25
MEDICO,38.23,38.23
DCXINDIA,48.39,48.39
KAYNES,120.61,120.61
SENCO,46.73,46.73
RADHIKAJWE,16.63,16.63
RAMRAT,30.34,30.34
RUSTOMJEE,101.33,101.33
GSLSU,66.45,66.45
MANORAMA,82.16,82.16
DJML,66.03,66.03
KRITINUT,11.56,11.56
AVALON,114.33,114.33
KAMOPAINTS,77.73,77.73
SUKHJITS,13.95,13.95
DIVGIITTS,57.04,57.04
MANOMAY,26.39,26.39
SAHYADRI,15.53,15.53
SBGLP,124.94,124.94
SAH,264.76,264.76
AKI,177.66,177.66
IDEAFORGE,67.22,67.22
REDTAPE,113.8,113.8
PTCIL,426.25,426.25
GHCLTEXTIL,31.18,31.18
NIITMTS,29.86,29.33
TREL,4.8,45.28
PENINLAND,12.62,21.08
WHEELS,34.09,34.09
ZODIACLOTH,27.98,
PREMIERPOL,20,20
SESHAPAPER,8.13,8.13
FACT,309.57,115.5
EXIDEIND,44.99,44.99
ELECON,36.76,36.76
LAXMIMACH,45.39,45.39
ORIENTPPR,18.17,18.17
NELCO,72.45,72.45
MAHSCOOTER,43.63,43.63
LUMAXIND,57.36,53.04
KECL,70.44,70.44
KCP,8.52,8.5
JAYBARMARU,38.54,38.54
INFY,23.01,23.01
IFBIND,111.71,111.71
IGPL,21.45,21.45
GNFC,14.09,14.09
BPCL,5.39,5.25
BASF,33.48,33.48
ARVIND,27.12,27.26
ACC,20.55,23.15
SCI,18.24,18.24
LINDEINDIA,245.88,245.88
HINDPETRO,5.3,5.3
ASHOKLEY,24.01,24.25
TITAN,85.97,85.97
SUNDARMFIN,34.61,34.61
SPIC,17.85,12.13
SBIN,10.72,9.96
PFIZER,37.3,37.75
BOSCHLTD,39.25,54.46
DEEPAKFERT,14.16,14.16
HINDOILEXP,9.77,9.77
BALMLAWRIE,31.95,31.95
BEML,67.38,67.38
CENTENKA,27.8,27.8
VTL,21.29,21.29
FEDERALBNK,10.09,10.09
VIPIND,135.19,214.13
BALRAMCHIN,14.94,14.94
AEGISCHEM,37.47,37.47
HONAUT,93.43,93.43
SUNPHARMA,38.28,36.69
SHREYANIND,3.75,3.75
HCC,14.97,52.62
APOLLOHOSP,104.26,104.42
BALKRISIND,40.9,40.9
INDBANK,27.13,27.13
RAJSREESUG,9.71,9.71
ONGC,6.5,6.35
TAINWALCHM,38.68,38.68
JYOTISTRUC,113.45,113.45
BLUEDART,56.81,56.81
APCOTEXIND,39.21,39.21
RCF,36.08,42.94
KARURVYSYA,9.86,9.86
DECCANCE,19.08,19.08
TATAPOWER,46.11,49.83
ADVANIHOTR,28.03,28.03
SUBROS,48.71,48.71
SIEMENS,127.16,127.16
WIPRO,21.66,21.66
TATACOMM,54.56,60.1
TOKYOPLAST,73.13,51.36
IFCI,64.62,65.14
M&M,28.12,28.12
KABRAEXTRU,41.66,41.66
PRSMJOHNSN,49.45,
POLYPLEX,31.51,31.51
EIHAHOTELS,32.62,32.62
SAIL,26.57,21.03
RUBYMILLS,16.12,16.12
ABB,121.89,121.89
GRAPHITE,14.7,644.73
BRITANNIA,59.36,59.3
DHAMPURSUG,10.86,10.86
CIPLA,28.8,27.79
HDFCBANK,17.05,16.95
HARRMALAYA,128.49,128.49
GIPCL,14.36,14.36
INDIANHUME,23.74,23.74
HINDCOMPOS,18.68,18.68
WALCHANNAG,67.05,
KAMATHOTEL,15.66,52.65
BANCOINDIA,16.86,16.86
APOLLOTYRE,18.1,17.46
SHANTIGEAR,52.04,52.04
ONWARDTEC,26.88,26.88
NILKAMAL,24.74,24.74
ICIL,22.99,22.99
ELGIEQUIP,51.08,63.79
AUROPHARMA,25.79,25.42
EIHOTEL,61.1,53.67
LICHSGFIN,7.58,7.58
GICHSGFIN,7.94,7.94
MOREPENLAB,26.9,26.9
GHCL,6.15,8.06
HIL,52.3,978.4
EVERESTIND,71.57,92.66
BPL,33.51,33.51
PGHH,69.98,69.98
VESUVIUS,46.2,46.2
BOMDYEING,1.28,
NAVNETEDUL,20.76,28.88
GUJALKALI,6620.39,6620.39
GLAXO,68.08,60.78
CHOLAFIN,31.27,31.27
INDHOTEL,67.9,67.9
KOTAKBANK,18.79,18.79
JAYSREETEA,25.99,
KANSAINER,18.77,33.09
3MINDIA,64.32,64.32
GABRIEL,33.35,33.35
RALLIS,35.34,35.51
MFSL,85.97,85.97
KOPRAN,22.49,22.49
GREAVESCOT,,240.74
SURYAROSNI,19.22,19.22
TIMKEN,75.68,75.68
SAKHTISUG,1.66,
INGERRAND,68.54,68.54
HINDZINC,42.06,42.06
GRASIM,16.93,16.93
FINPIPE,44.71,44.71
DCW,97.92,92.32
CESC,13.32,16.15
BAJFINANCE,28.9,28.9
CORALFINAC,9.07,9.07
AUTOAXLES,17.34,17.34
DALMIASUG,11.17,11.17
KHAITANLTD,103.5,103.5
SWARAJENG,22.05,22.05
ANDHRSUGAR,18.74,18.3
STARPAPER,5.43,5.14
AUSOMENT,18.9,18.9
JAYAGROGN,13.97,13.97
MARICO,51.94,51.94
SOMATEX,5.68,
AARTIDRUGS,26.55,26.55
INDIANCARD,23.57,
DENORA,43.83,43.83
DYNAMATECH,69.06,86.7
JAGSNPHARM,40.46,40.46
MPHASIS,28.78,28.78
RAMCOIND,20.93,21.41
INDRAMEDCO,18.1,18.1
MADRASFERT,,70.87
SKMEGGPROD,7.03,7.03
BANKINDIA,9.04,9.04
HUDCO,25.82,25.82
INDSWFTLAB,2.06,8.86
SAREGAMA,42.3,42.3
FDC,27.08,27.08
ADROITINFO,14.25,14.25
MAHAPEXLTD,63.82,101.31
INDUSINDBK,12.18,12.18
TRIGYN,99.21,99.21
KOTHARIPRO,222.02,222.02
CUB,10.49,10.49
ARCHIES,32.27,32.27
ITDCEM,32.16,32.16
AXISBANK,13.16,13.16
SONATSOFTW,47.21,4.05
CYBERTECH,20.99,20.99
KOKUYOCMLN,34.03,34.03
DHANBANK,12.01,12.01
STCINDIA,20.04,21.86
GUJGASLTD,33.66,35.01
COFFEEDAY,51.57,8.82
BALAXI,,19.48
TTKHLTCARE,32.21,32.21
UMANGDAIRY,158.51,158.51
LINCOLN,12.18,12.18
OCCL,15.66,15.66
TEAMLEASE,52.6,54.19
VIDHIING,68.66,68.66
KELLTONTEC,,18.54
PDMJEPAPER,12.17,12.17
BHARATWIRE,18.97,18.97
CROMPTON,56.66,56.66
SHRIPISTON,19.87,19.87
BLS,40.79,40.79
PREMEXPLN,109.29,109.29
CONTROLPR,24.53,24.55
DAMODARIND,37.93,37.93
MOLDTECH,27.1,27.1
QUESS,32.02,29.34
MINDTECK,27.95,27.95
DBL,31.28,342.09
SPAL,16.89,16.89
RBLBANK,12.09,12.09
LTTS,37.15,37.15
GNA,15.52,15.52
HPL,59.42,59.42
ENDURANCE,44.03,44.03
PNBHOUSING,12.84,12.84
VBL,88.95,88.95
PODDARMENT,15.51,15.51
NBIFIN,57.71,57.71
SFL,46.34,57.26
TCIEXP,30.28,30.28
TERASOFT,12.42,11.38
HISARMETAL,16.76,16.76
BHANDARI,19.97,19.97
PRICOLLTD,39.73,39.73
JITFINFRA,48.34,48.34
DMART,123.16,123.16
TASTYBITE,64.3,64.3
URJA,471.24,471.24
NRAIL,5.93,5.93
STARCEMENT,32.06,32.06
GTPL,17.59,17.59
DYNPRO,91.79,91.79
AVADHSUGAR,8.57,8.57
THEINVEST,52.53,52.53
COCHINSHIP,76.2,86.07
ABCAPITAL,18.53,18.53
DIXON,152.32,152.32
CAPACITE,29.92,29.92
TCPLPACK,19.88,19.88
KHADIM,67.47,67.47
DNAMEDIA,.53,
APOLLO,101.16,101.16
HGINFRA,19.15,19.57
HAL,43.34,43.34
SANDHAR,33.02,33.79
LEMONTREE,76.28,76.28
INDOSTAR,25.21,25.21
ADANIGREEN,304.48,244.16
GAYAHWS,.19,
RITES,35.61,35.61
HBSL,2.07,2.07
CREDITACC,15.53,15.53
IRCON,29.71,29.71
TECHNOE,61.1,61.1
DALBHARAT,40.56,40.56
CHALET,60.17,60.17
RUCHINFRA,21.19,47.42
BANKBARODA,7.4,7.4
CONCOR,53.5,53.5
PNC,37.08,37.08
AXISCADES,63.41,63.41
HIKAL,53.45,53.45
MPSLTD,23.19,23.19
PNB,16.64,16.64
UNIONBANK,8.25,8.25
ISMTLTD,21.33,19.9
NAGREEKCAP,.53,.53
KSCL,15.98,15.98
POWERGRID,19.1,19.1
BAJAJELEC,79,79
RELIGARE,20.83,43.78
ADANIPORTS,36.02,34.65
KOLTEPATIL,45.01,45.01
JYOTHYLAB,42.77,42.77
KALYANIFRG,35.36,35.36
HITECHCORP,17.7,17.7
TRIL,183,183
PATINTLOG,24.78,24.78
AMBIKCO,13.89,13.89
CEATLTD,15.67,14.57
BIRLAMONEY,13.99,13.99
JKIL,16.78,16.78
KNRCON,14.16,14.16
ONMOBILE,51.47,51.47
NMDC,12.44,14.15
NAHARCAP,12.96,12.96
VGUARD,63.29,63.29
DPSCLTD,101.92,101.92
BAJAJFINSV,16.21,16.21
BAJAJ-AUTO,33.04,33.04
RPGLIFE,28.19,28.19
RBL,18.28,17.87
RANEENGINE,23.66,17.69
LOTUSEYE,35.27,35.3
UBL,120.95,120.95
20MICRONS,11.3,11.07
TATAMTRDVR,1.04,1.02
COUNCODOS,27.3,27.3
AJMERA,24.86,24.86
VINATIORGA,52.69,52.69
ADANIPOWER,12.8,12.8
GLOBUSSPR,17.11,17.11
SARDAEN,17.45,17.4
JSWENERGY,62.36,62.36
GODREJPROP,108.75,108.75
MMTC,229.06,422.23
UNITEDTEA,10.76,10.76
THANGAMAYL,28.03,28.03
KIRLOSBROS,39.92,40.48
SJVN,66.56,64.31
KIRLOSIND,16.58,15.6
TI,31.72,31.06
BLISSGVS,14.04,6.62
AHLEAST,13.84,23.47
IITL,9.47,19.59
UGARSUGAR,12.29,12.29
GPPL,30.21,27.6
WELINV,98.92,98.92
KILITCH,42.58,42.58
CAREERP,29.46,29.47
CANTABIL,28.61,29.17
BEDMUTHA,46.71,46.71
OBEROIRLTY,33.64,33.64
COALINDIA,9.64,9.64
JINDWORLD,94.63,94.63
JAMNAAUTO,25.88,25.88
A2ZINFRA,9.48,
PSB,69.89,69.89
JUBLINDS,101.39,26.77
TEXRAIL,80.43,80.43
DHUNINV,13.57,13.57
PFS,14.44,14.44
SYMPHONY,46.82,46.44
VSTTILLERS,24.2,24.2
ASHIANA,48.05,48.05
RUSHIL,19.41,19.41
KOTARISUG,15.75,15.75
PATELENG,18.1,23.95
JPPOWER,12.98,8.97
IIFL,8.47,8.47
CYBERMEDIA,13.05,11.64
GRANULES,25.52,25.52
GENUSPOWER,162.64,162.64
RML,444.63,12.27
DCBBANK,7.61,7.61
TORNTPOWER,35.03,35.03
DONEAR,19.39,19.39
HIRECT,260.34,62.1
AVTNPL,24.42,24.42
PTL,24.13,24.13
AUTOIND,166.19,51.75
HUBTOWN,77.01,77.01
REDINGTON,13.33,13.33
INDIANB,9.38,9.38
JKTYRE,13.64,13.32
NCLIND,10.08,10.08
PHOENIXLTD,43.4,43.4
TGBHOTELS,30.66,30.66
TIMETECHNO,22.63,22.63
TARMAT,113.07,113.07
ALPA,10.55,10.57
KPRMILL,34.33,34.33
MANGCHEFER,6.12,6.12
CERA,38.54,38.35
EXCEL,56.12,56.12
NHPC,26.4,26.4
DEN,11.53,11.53
DBCORP,12.28,12.28
WHIRLPOOL,85.96,80.98
EMMBI,19.25,19.25
MANINFRA,25.75,25.75
STEL,51.49,51.49
HFCL,44.13,44.13
MUTHOOTFIN,15.97,15.97
MAITHANALL,12.14,12.14
IBULHSGFIN,7.09,7.09
AGRITECH,12.06,12.06
WONDERLA,31.64,31.64
SNOWMAN,70.06,70.06
GOODLUCK,24.04,24.04
CCHHL,15.63,15.63
GREENLAM,53.52,53.52
MANAKCOAT,38.37,38.37
AVANTIFEED,18.72,18.72
PNCINFRA,20.13,20.13
SATIN,5.81,5.81
POWERMECH,30.72,30.72
IDFCFIRSTB,18.54,18.54
LUXIND,47.2,47.2
LALPATHLAB,59.59,59.59
PRECAM,39.53,56.29
BHAGERIA,42.33,42.33
KDDL,23.24,23.29
THYROCARE,48.18,48.07
ARMANFIN,13.78,13.78
SALONA,19.27,19.27
ARIHANTSUP,20.13,20.13
SHANKARA,20.97,20.97
WIPL,34.53,34.53
DOLLAR,36.12,35.88
PSPPROJECT,17.47,17.47
CDSL,53.78,53.78
STEELXIND,134.24,134.24
ORIENTELEC,61.37,76.3
NEULANDLAB,26.91,26.91
BANARISUG,17.14,17.14
IGARASHI,135.8,135.8
MUNJALSHOW,15.03,17.6
RANASUG,6.38,6.38
UFLEX,,16.5
SPMLINFRA,46.24,46.24
SOMANYCERA,30.06,29.99
MANGLMCEM,41.59,41.59
OSWALAGRO,347.91,344.48
ELECTCAST,13.58,13.58
DABUR,54.18,54.18
GILLETTE,58.41,58.41
SCHAEFFLER,78.2,77.91
HEG,45.09,45.09
TATAINVEST,112.81,112.81
IPCALAB,55.07,60.27
GSFC,15.9,15.9
EIDPARRY,6.94,6.94
BIRLACORPN,26.31,26.71
ASHAPURMIN,16.34,19.72
TNPL,6.63,6.63
TTKPRESTIG,43.64,43.64
BIOFILCHEM,161.52,161.52
SANGAMIND,45.95,40.13
CREST,17.6,17.6
TVSSRICHAK,30.6,29.17
GUJAPOLLO,18.11,18.11
INVENTURE,21.05,18.47
WINDMACHIN,60.22,60.22
BODALCHEM,126.59,126.59
ASAHISONG,139.01,
FILATEX,22.42,22.42
TDPOWERSYS,44.11,44.47
APLLTD,30.43,30.43
PANAMAPET,11.54,11.54
SHAKTIPUMP,37.81,37.81
TRITURBINE,68.62,68.62
ESSARSHPNG,1.75,48.28
POLYMED,67.37,67.52
RUPA,33.06,33.06
APLAPOLLO,64.57,64.57
MINDACORP,45.25,45.25
COMPUSOFT,32.41,32.41
SCHNEIDER,101.82,99.94
NBCC,68.96,58.44
HEXATRADEX,9.47,9.47
TBZ,14.13,14.13
SWANENERGY,31.87,29.25
KITEX,26.04,26.04
MAYURUNIQ,19.75,19.75
ZUARI,,4.8
CARERATING,31.43,31.43
JUSTDIAL,22.68,22.68
SREEL,23.17,23.17
NATHBIOGEN,8.68,9.32
SDBL,28.25,28.25
BUTTERFLY,186.8,152.67
AGARIND,14.16,14.16
GOCLCORP,35.59,37.4
SHARDACROP,118.89,118.89
CIGNITITEC,21.7,21.7
INTELLECT,38.57,38.38
FCL,34.24,34.24
GULPOLY,65.24,65.24
APOLSINHOT,38.6,38.6
GENUSPAPER,200.46,200.46
VISHNU,19.44,19.44
GANECOS,81.58,81.58
JMA,8.82,8.82
MANAKALUCO,33.12,33.12
ZENTEC,65.53,66.5
LFIC,6.87,6.87
VRLLOG,57.53,57.8
UFO,111.18,86.53
ARROWGREEN,24.6,24.6
SKIPPER,43.87,43.87
ORICONENT,31.22,25.41
SYNGENE,55.21,54.26
PKTEA,18.58,18.58
ARVSMART,60.93,60.93
SHARDAMOTR,17.05,17.05
