SERIES,SYMBOL,SECURITY,RECORD_DT,BC_STRT_DT,BC_END_DT,EX_DT,ND_STRT_DT,ND_END_DT,PURPOSE
BE,SHEKHAWATI,Shekhawati Poly-Yarn Ltd.,28/08/2024, , ,28/08/2024, , ,CNSLDATN RE 1 TO RS 10   
BE,JAICORPLTD,Jai Corp Limited, ,28/08/2024,03/09/2024,27/08/2024, , ,AGM/DIV - RE 0.5 PER SH  
BE,SHREERAMA,Shree Rama Multitech-Depo, ,30/08/2024,05/09/2024,29/08/2024, , ,ANNUAL GENERAL MEETING   
BE,WEWIN,WE WIN LIMITED, ,31/08/2024,06/09/2024,30/08/2024, , ,ANNUAL GENERAL MEETING   
BE,NIRAJISPAT,Niraj Ispat Ind Ltd, ,30/08/2024,08/09/2024,29/08/2024, , ,ANNUAL GENERAL MEETING   
BE,MEDICO,Medico Remedies Limited, ,30/08/2024,05/09/2024,29/08/2024, , ,ANNUAL GENERAL MEETING   
BE,UNIDT,United Drilling Tools Ltd,27/08/2024, , ,27/08/2024, , ,INTDIV - RE 0.60 PER SH  
BE,GET&D,GE T&D India Limited,28/08/2024, , ,28/08/2024, , ,DIV - RS 2 PER SH        
BE,HINDZINC,Hindustan Zinc for depo,28/08/2024, , ,28/08/2024, , ,INTDIV - RS 19 PER SH    
BE,INDOBORAX,Indo Borax & Chemical Ltd, ,21/08/2024,27/08/2024,20/08/2024, , ,ANNUAL GENERAL MEETING   
BE,TIIL,Technocraft Industries (I,27/08/2024, , ,27/08/2024, , ,BUY BACK                 
BE,SUPRAJIT,Suprajit Engineering Ltd.,27/08/2024, , ,27/08/2024, , ,BUY BACK                 
BE,KUANTUM,Kuantum Papers Limited, ,24/08/2024,30/08/2024,23/08/2024, , ,ANNUAL GENERAL MEETING   
BE,HONASA,Honasa Consumer Limited, ,23/08/2024,29/08/2024,22/08/2024, , ,ANNUAL GENERAL MEETING   
BE,EXPLEOSOL,Expleo Solutions Limited, ,23/08/2024,29/08/2024,22/08/2024, , ,ANNUAL GENERAL MEETING   
BE,RPPL,Rajshree PolyPack Ltd, ,23/08/2024,29/08/2024,22/08/2024, , ,ANNUAL GENERAL MEETING   
BE,IL&FSENGG,IL&FS Eng and Cons Co Ltd, ,22/08/2024,29/08/2024,21/08/2024, , ,ANNUAL GENERAL MEETING   
BE,SHEMAROO,Shemaroo Enter. Ltd., ,22/08/2024,29/08/2024,21/08/2024, , ,ANNUAL GENERAL MEETING   
BE,MARUTI,Maruti Suzuki India Ltd, ,03/08/2024,27/08/2024,02/08/2024, , ,DIV - RS 125 PER SH      
BE,BALAJITELE,Balaji Telefilms Limited, ,21/08/2024,27/08/2024,20/08/2024, , ,ANNUAL GENERAL MEETING   
BE,IDEA,Vodafone Idea Limited, ,21/08/2024,28/08/2024,20/08/2024, , ,ANNUAL GENERAL MEETING   
BE,SAREGAMA,SAREGAMA INDIA LIMITEDepo, ,21/08/2024,27/08/2024,20/08/2024, , ,ANNUAL GENERAL MEETING   
BE,RATNAMANI,Ratnamani Metals & Tubes, ,21/08/2024,27/08/2024,20/08/2024, , ,AGM/DIV - RS 14 PER SH   
BE,APARINDS,Apar Industries Ltd., ,21/08/2024,27/08/2024,20/08/2024, , ,AGM/DIV - RS 51 PER SH   
BE,ITDCEM,ITD Cementation India Lim, ,22/08/2024,28/08/2024,21/08/2024, , ,AGM/DIV - RS 1.70 PER SH 
BE,OMAXAUTO,Omax Autos Limited, ,23/08/2024,29/08/2024,22/08/2024, , ,AGM/DIV - RE 1 PER SH    
BE,LINC,Linc Limited, ,22/08/2024,28/08/2024,21/08/2024, , ,AGM/DIV - RS 5 PER SH    
BE,GANDHAR,Gandhar Oil Refine Ind L, ,29/08/2024,05/09/2024,28/08/2024, , ,ANNUAL GENERAL MEETING   
BE,SIRCA,Sirca Paint India Limited, ,23/08/2024,29/08/2024,22/08/2024, , ,ANNUAL GENERAL MEETING   
BE,MAYURUNIQ,Mayur Uniquoters Ltd, ,24/08/2024,26/08/2024,23/08/2024, , ,ANNUAL GENERAL MEETING   
BE,VLSFINANCE,VLS Finance Ltd.,26/08/2024, , ,26/08/2024, , ,BUY BACK                 
BE,MANAPPURAM,Manappuram Finance Ltd,26/08/2024, , ,26/08/2024, , ,INTDIV - RE 1 PER SH     
BE,KRONOX,Kronox Lab Sciences Ltd, ,24/08/2024,30/08/2024,23/08/2024, , ,AGM/DIV - RE 0.50 PER SH 
BE,GODFRYPHLP,Godfrey Phillips-Depo, ,24/08/2024,06/09/2024,23/08/2024, , ,AGM/DIV - RS 56 PER SH   
BE,KTKBANK,Karnataka Bank Limited, ,04/09/2024,10/09/2024,03/09/2024, , ,DIV - RS 5.50 PER SH     
BE,VSTIND,VST Industries Ltd.,06/09/2024, , ,06/09/2024, , ,BONUS 10:1               
BE,TVVISION,TV Vision Limited, ,24/08/2024,30/08/2024,23/08/2024, , ,ANNUAL GENERAL MEETING   
BE,HATSUN,Hatsun Agro Product Ltd., ,27/08/2024,28/08/2024,26/08/2024, , ,ANNUAL GENERAL MEETING   
BE,AUROPHARMA,AUROPHARMA - Depo, ,27/08/2024,29/08/2024,26/08/2024, , ,ANNUAL GENERAL MEETING   
BE,JPPOWER, Jaiprakash Power Ven. Lt, ,27/08/2024,02/09/2024,26/08/2024, , ,ANNUAL GENERAL MEETING   
BE,KDDL,KDDL Limited,27/08/2024, , ,27/08/2024, , ,BUY BACK                 
BE,DHRUV,Dhruv Consultancy Ser Ltd,26/08/2024, , ,26/08/2024, , ,DIV - RE 0.25 PER SH     
BE,KDDL,KDDL Limited,27/08/2024, , ,27/08/2024, , ,DIV - RS 4 PER SH        
BE,DHRUV,Dhruv Consultancy Ser Ltd, ,27/08/2024,02/09/2024,26/08/2024, , ,ANNUAL GENERAL MEETING   
BE,FORCEMOT,Force Motors Limited,28/08/2024, , ,28/08/2024, , ,DIV - RS 20 PER SH       
BE,ASTRAMICRO,Astra Microwave Ltd, ,24/08/2024,30/08/2024,23/08/2024, , ,AGM/DIV - RS 2 PER SH    
BE,BHAGERIA,Bhageria Industries Ltd, ,24/08/2024,31/08/2024,23/08/2024, , ,AGM/DIV - RE 1 PER SH    
BE,GLOBUSSPR,Globus Spirits Limited, ,23/08/2024,29/08/2024,22/08/2024, , ,ANNUAL GENERAL MEETING   
BE,IVC,IL&FS Investment Managers, ,24/08/2024,30/08/2024,23/08/2024, , ,AGM/DIV - RE 0.70 PER SH 
BE,EKC,Everest Kanto Cylinder Li, ,24/08/2024,30/08/2024,23/08/2024, , ,AGM/DIV - RE 0.70 PER SH 
BE,TITAGARH,Titagarh Wagons Limited, ,21/08/2024,27/08/2024,20/08/2024, , ,AGM/DIV - RE 0.80 PER SH 
BE,LGBBROSLTD,LG Balakrishnan & Bros, ,23/08/2024,29/08/2024,22/08/2024, , ,AGM/DIV - RS 18 PER SH   
BE,BBL,Bharat Bijlee Ltd - Depo, ,22/08/2024,29/08/2024,21/08/2024, , ,AGM/DIV - RS 35 PER SH   
BE,BAGFILMS,B.A.G Films and Media Ltd, ,22/08/2024,28/08/2024,21/08/2024, , ,ANNUAL GENERAL MEETING   
BE,MICEL,MIC Electronics Ltd, ,22/08/2024,27/08/2024,21/08/2024, , ,ANNUAL GENERAL MEETING   
BE,INDIAGLYCO,India Glycols Ltd, ,22/08/2024,28/08/2024,21/08/2024, , ,AGM/DIV - RS 8 PER SH    
BE,NHPC,NHPC Ltd, ,13/08/2024,28/08/2024,12/08/2024, , ,ANNUAL GENERAL MEETING   
BE,UPL,UPL Limited, ,13/08/2024,27/08/2024,12/08/2024, , ,DIV - RE 1 PER SH        
BE,LICHSGFIN,LIC HOUSING FINANCE LTD, ,24/08/2024,29/08/2024,23/08/2024, , ,AGM/DIV - RS 9 PER SH    
BE,MANYAVAR,Vedant Fashions Limited, ,24/08/2024,30/08/2024,23/08/2024, , ,AGM/DIV - RS 8.50 PER SH 
BE,MANORAMA,Manorama Industries Ltd, ,28/08/2024,03/09/2024,27/08/2024, , ,AGM/DIV - RE 0.40 PER SH 
BE,SOMATEX,Soma Textiles & Ind. Ltd., ,28/08/2024,07/09/2024,27/08/2024, , ,ANNUAL GENERAL MEETING   
BE,SCHNEIDER,Schneider Electric Infra, ,28/08/2024,03/09/2024,27/08/2024, , ,ANNUAL GENERAL MEETING   
BE,COUNCODOS,Country Condo's Limited, ,24/08/2024,30/08/2024,23/08/2024, , ,ANNUAL GENERAL MEETING   
BE,IRFC,Indian Railway Fin Corp L, ,25/08/2024,28/08/2024,23/08/2024, , ,ANNUAL GENERAL MEETING   
BE,BCONCEPTS,Brand Concepts Limited, ,21/08/2024,28/08/2024,20/08/2024, , ,ANNUAL GENERAL MEETING   
BE,PCBL,Phillips Carbon Black, ,22/08/2024,28/08/2024,21/08/2024, , ,ANNUAL GENERAL MEETING   
BE,EMAMIPAP,Emami Paper Mills Limited, ,22/08/2024,28/08/2024,21/08/2024, , ,AGM/DIV - RS 1.60 PER SH 
BE,URJA,Urja Global Limited, ,22/08/2024,28/08/2024,21/08/2024, , ,ANNUAL GENERAL MEETING   
BE,HAL,Hindustan Aeronautics Ltd, ,22/08/2024,28/08/2024,21/08/2024, , ,ANNUAL GENERAL MEETING   
BE,FEDERALBNK,Federal Bank- depo, ,25/08/2024,31/08/2024,23/08/2024, , ,AGM/DIV - RS 1.20 PER SH 
BE,MAZDA,Mazda Limited, ,23/08/2024,30/08/2024,22/08/2024, , ,ANNUAL GENERAL MEETING   
BE,PIIND,PI Industries Ltd, ,21/08/2024,27/08/2024,20/08/2024, , ,ANNUAL GENERAL MEETING   
BE,CORALFINAC,Coral India Finance Hsg, ,21/08/2024,30/08/2024,20/08/2024, , ,AGM/DIV - RE 0.40 PER SH 
BE,ISGEC,Isgec Heavy Eng Ltd, ,22/08/2024,28/08/2024,21/08/2024, , ,ANNUAL GENERAL MEETING   
BE,HESTERBIO,Hester Biosciences Ltd, ,23/08/2024,29/08/2024,22/08/2024, , ,ANNUAL GENERAL MEETING   
BE,THEJO,Thejo Engineering Limited, ,23/08/2024,29/08/2024,22/08/2024, , ,DIV - RS 3 PER SH        
BE,HINDWAREAP,Somany Hom Innovation ltd, ,23/08/2024,28/08/2024,22/08/2024, , ,AGM/DIV - RE 0.40 PER SH 
BE,KAKATCEM,Kakatiya Cements Ltd, ,23/08/2024,29/08/2024,22/08/2024, , ,AGM/DIV - RS 3 PER SH    
BE,JMA,Jullundur Mot Agency Ltd, ,23/08/2024,29/08/2024,22/08/2024, , ,AGM/DIV - RS 2 PER SH    
BE,POWERMECH,Power Mech Projects Ltd.,28/09/2024, , ,27/09/2024, , ,BONUS 1:1                
BE,DYNAMATECH,Dynamatic Tech. Ltd., ,30/08/2024,05/09/2024,29/08/2024, , ,ANNUAL GENERAL MEETING   
BE,SCPL,Sheetal Cool Products Ltd, ,30/08/2024,05/09/2024,29/08/2024, , ,ANNUAL GENERAL MEETING   
BE,SHYAMMETL,Shyam Metalics and Engy L, ,31/08/2024,06/09/2024,30/08/2024, , ,ANNUAL GENERAL MEETING   
BE,MENONBE,Menon Bearings Limited, ,31/08/2024,06/09/2024,30/08/2024, , ,ANNUAL GENERAL MEETING   
BE,TATAMTRDVR,Tata Motors DVR 'A' Ord,01/09/2024, , ,30/08/2024, , ,MERGER                   
BE,VIDEOIND,Videocon Industries Limit, ,20/08/2024,26/08/2024,19/08/2024, , ,ANNUAL GENERAL MEETING   
BE,VALUEIND,Value Industries Limited, ,20/08/2024,26/08/2024,19/08/2024, , ,ANNUAL GENERAL MEETING   
BE,LATENTVIEW,Latent View Analytics Ltd, ,20/08/2024,27/08/2024,19/08/2024, , ,ANNUAL GENERAL MEETING   
BE,JKPAPER,JK Paper Limited, ,21/08/2024,03/09/2024,20/08/2024, , ,AGM/DIV - RS 5 PER SH    
BE,ACE,Action Construction Equip, ,20/08/2024,27/08/2024,19/08/2024, , ,AGM/DIV - RS 2 PER SH    
BE,SOUTHBANK,South Indian Bank Ltd., ,21/08/2024,27/08/2024,20/08/2024, , ,AGM/DIV - RS 0.30 PER SH 
BE,MMP,MMP Industries Limited, ,20/08/2024,28/08/2024,19/08/2024, , ,AGM/DIV - RS 1.5 PER SH  
BE,IRCTC,Indian Rail Tour Corp Ltd, ,24/08/2024,30/08/2024,23/08/2024, , ,ANNUAL GENERAL MEETING   
BE,RKFORGE,Ramkrishna Forgings Ltd, ,24/08/2024,31/08/2024,23/08/2024, , ,ANNUAL GENERAL MEETING   
BE,WINDMACHIN,Windsor Machines Limited, ,28/08/2024,03/09/2024,27/08/2024, , ,AGM/DIV - RE 0.50 PER SH 
BE,FORCEMOT,Force Motors Limited, ,29/08/2024,04/09/2024,28/08/2024, , ,ANNUAL GENERAL MEETING   
BE,SIGACHI,Sigachi Industries Ltd, ,29/08/2024,04/09/2024,28/08/2024, , ,AGM/DIV - RE 0.10 PER SH 
BE,CREST,Crest Ventures Limited, ,25/08/2024,31/08/2024,23/08/2024, , ,ANNUAL GENERAL MEETING   
BE,TCNSBRANDS,TCNS Clothing Co. Limited,03/09/2024, , ,03/09/2024, , ,MERGER                   
BE,UNIDT,United Drilling Tools Ltd,27/08/2024, , ,27/08/2024, , ,DIV - RE 0.60 PER SH     
BE,MARSHALL,Marshall Machines Ltd, ,31/08/2024,06/09/2024,30/08/2024, , ,ANNUAL GENERAL MEETING   
BE,EPACK,EPACK Durable Limited, ,31/08/2024,06/09/2024,30/08/2024, , ,ANNUAL GENERAL MEETING   
BE,NDL,Nandan Denim Limited, ,31/08/2024,06/09/2024,30/08/2024, , ,ANNUAL GENERAL MEETING   
BE,AIROLAM,Airo Lam Limited, ,28/08/2024,03/09/2024,27/08/2024, , ,ANNUAL GENERAL MEETING   
BE,SANGINITA,Sanginita Chemicals Limit, ,28/08/2024,04/09/2024,27/08/2024, , ,ANNUAL GENERAL MEETING   
BE,RADIANTCMS,Radiant Cash Mgmt Ser Ltd,29/08/2024, , ,29/08/2024, , ,DIV - RS 2.50 PER SH     
BE,VARDMNPOLY,Vardhman Polytex Limited,28/08/2024, , ,28/08/2024, , ,RIGHTS 7:23 @ PRM RS 5/- 
BE,THOMASCOOK,THOMASCOOK - Depo, ,19/08/2024,30/08/2024,16/08/2024, , ,DIV-RS0.40/SPLDIV-RS0.20 
BE,ANDHRAPAP,ANDHRA PAPER LIMITED,11/09/2024, , ,11/09/2024, , ,FVSPLT FRM RS 10 TO RS 2 
BE,BIGBLOC,Bigbloc Construction Ltd, ,23/08/2024,29/08/2024,22/08/2024, , ,ANNUAL GENERAL MEETING   
BE,MARALOVER,Maral Overseas Ltd, ,21/08/2024,27/08/2024,20/08/2024, , ,ANNUAL GENERAL MEETING   
BZ,IL&FSENGG,IL&FS Eng and Cons Co Ltd, ,22/08/2024,29/08/2024,21/08/2024, , ,ANNUAL GENERAL MEETING   
BZ,VALUEIND,Value Industries Limited, ,20/08/2024,26/08/2024,19/08/2024, , ,ANNUAL GENERAL MEETING   
BZ,VIDEOIND,Videocon Industries Limit, ,20/08/2024,26/08/2024,19/08/2024, , ,ANNUAL GENERAL MEETING   
EQ,PCBL,Phillips Carbon Black, ,22/08/2024,28/08/2024,21/08/2024, , ,ANNUAL GENERAL MEETING   
EQ,EMAMIPAP,Emami Paper Mills Limited, ,22/08/2024,28/08/2024,21/08/2024, , ,AGM/DIV - RS 1.60 PER SH 
EQ,URJA,Urja Global Limited, ,22/08/2024,28/08/2024,21/08/2024, , ,ANNUAL GENERAL MEETING   
EQ,HAL,Hindustan Aeronautics Ltd, ,22/08/2024,28/08/2024,21/08/2024, , ,ANNUAL GENERAL MEETING   
EQ,SHEKHAWATI,Shekhawati Poly-Yarn Ltd.,28/08/2024, , ,28/08/2024, , ,CNSLDATN RE 1 TO RS 10   
EQ,FEDERALBNK,Federal Bank Ltd., ,25/08/2024,31/08/2024,23/08/2024, , ,AGM/DIV - RS 1.20 PER SH 
EQ,MAZDA,Mazda Limited, ,23/08/2024,30/08/2024,22/08/2024, , ,ANNUAL GENERAL MEETING   
EQ,PIIND,PI Industries Ltd, ,21/08/2024,27/08/2024,20/08/2024, , ,ANNUAL GENERAL MEETING   
EQ,CORALFINAC,Coral India Fin & Hous Lt, ,21/08/2024,30/08/2024,20/08/2024, , ,AGM/DIV - RE 0.40 PER SH 
EQ,RATNAMANI,Ratnamani Metals & Tubes, ,21/08/2024,27/08/2024,20/08/2024, , ,AGM/DIV - RS 14 PER SH   
EQ,HESTERBIO,Hester Biosciences Ltd, ,23/08/2024,29/08/2024,22/08/2024, , ,ANNUAL GENERAL MEETING   
EQ,THEJO,Thejo Engineering Limited, ,23/08/2024,29/08/2024,22/08/2024, , ,DIV - RS 3 PER SH        
EQ,HINDWAREAP,Somany Hom Innovation ltd, ,23/08/2024,28/08/2024,22/08/2024, , ,AGM/DIV - RE 0.40 PER SH 
EQ,KAKATCEM,Kakatiya Cements Ltd, ,23/08/2024,29/08/2024,22/08/2024, , ,AGM/DIV - RS 3 PER SH    
EQ,JMA,Jullundur Mot Agency Ltd, ,23/08/2024,29/08/2024,22/08/2024, , ,AGM/DIV - RS 2 PER SH    
EQ,KUANTUM,Kuantum Papers Limited, ,24/08/2024,30/08/2024,23/08/2024, , ,ANNUAL GENERAL MEETING   
EQ,POWERMECH,Power Mech Projects Ltd.,28/09/2024, , ,27/09/2024, , ,BONUS 1:1                
EQ,DYNAMATECH,Dynamatic Tech. Ltd., ,30/08/2024,05/09/2024,29/08/2024, , ,ANNUAL GENERAL MEETING   
EQ,SCPL,Sheetal Cool Products Ltd, ,30/08/2024,05/09/2024,29/08/2024, , ,ANNUAL GENERAL MEETING   
EQ,MENONBE,Menon Bearings Limited, ,31/08/2024,06/09/2024,30/08/2024, , ,ANNUAL GENERAL MEETING   
EQ,TATAMTRDVR,Tata Motors DVR 'A' Ord,01/09/2024, , ,30/08/2024, , ,MERGER                   
EQ,VIDEOIND,Videocon Industries Limit, ,20/08/2024,26/08/2024,19/08/2024, , ,ANNUAL GENERAL MEETING   
EQ,VALUEIND,Value Industries Limited, ,20/08/2024,26/08/2024,19/08/2024, , ,ANNUAL GENERAL MEETING   
EQ,LATENTVIEW,Latent View Analytics Ltd, ,20/08/2024,27/08/2024,19/08/2024, , ,ANNUAL GENERAL MEETING   
EQ,ACE,Action Construction Equip, ,20/08/2024,27/08/2024,19/08/2024, , ,AGM/DIV - RS 2 PER SH    
EQ,SOUTHBANK,South Indian Bank Ltd., ,21/08/2024,27/08/2024,20/08/2024, , ,AGM/DIV - RS 0.30 PER SH 
EQ,MMP,MMP Industries Limited, ,20/08/2024,28/08/2024,19/08/2024, , ,AGM/DIV - RS 1.5 PER SH  
EQ,JKPAPER,JK Paper Limited, ,21/08/2024,03/09/2024,20/08/2024, , ,AGM/DIV - RS 5 PER SH    
EQ,IRCTC,Indian Rail Tour Corp Ltd, ,24/08/2024,30/08/2024,23/08/2024, , ,ANNUAL GENERAL MEETING   
EQ,RKFORGE,Ramkrishna Forgings Ltd, ,24/08/2024,31/08/2024,23/08/2024, , ,ANNUAL GENERAL MEETING   
EQ,WINDMACHIN,Windsor Machines Limited, ,28/08/2024,03/09/2024,27/08/2024, , ,AGM/DIV - RE 0.50 PER SH 
EQ,FORCEMOT,Force Motors Limited, ,29/08/2024,04/09/2024,28/08/2024, , ,ANNUAL GENERAL MEETING   
EQ,SIGACHI,Sigachi Industries Ltd, ,29/08/2024,04/09/2024,28/08/2024, , ,AGM/DIV - RE 0.10 PER SH 
EQ,CREST,Crest Ventures Limited, ,25/08/2024,31/08/2024,23/08/2024, , ,ANNUAL GENERAL MEETING   
EQ,TCNSBRANDS,TCNS Clothing Co. Limited,03/09/2024, , ,03/09/2024, , ,MERGER                   
EQ,AIROLAM,Airo Lam Limited, ,28/08/2024,03/09/2024,27/08/2024, , ,ANNUAL GENERAL MEETING   
EQ,UNIDT,United Drilling Tools Ltd,27/08/2024, , ,27/08/2024, , ,DIV - RE 0.60 PER SH     
EQ,MARSHALL,Marshall Machines Ltd, ,31/08/2024,06/09/2024,30/08/2024, , ,ANNUAL GENERAL MEETING   
EQ,EPACK,EPACK Durable Limited, ,31/08/2024,06/09/2024,30/08/2024, , ,ANNUAL GENERAL MEETING   
EQ,NDL,Nandan Denim Limited, ,31/08/2024,06/09/2024,30/08/2024, , ,ANNUAL GENERAL MEETING   
EQ,SHYAMMETL,Shyam Metalics and Engy L, ,31/08/2024,06/09/2024,30/08/2024, , ,ANNUAL GENERAL MEETING   
EQ,SANGINITA,Sanginita Chemicals Limit, ,28/08/2024,04/09/2024,27/08/2024, , ,ANNUAL GENERAL MEETING   
EQ,RADIANTCMS,Radiant Cash Mgmt Ser Ltd,29/08/2024, , ,29/08/2024, , ,DIV - RS 2.50 PER SH     
EQ,VARDMNPOLY,Vardhman Polytex Limited,28/08/2024, , ,28/08/2024, , ,RIGHTS 7:23 @ PRM RS 5/- 
EQ,THOMASCOOK,Thomas Cook  (India)  Ltd, ,19/08/2024,30/08/2024,16/08/2024, , ,DIV-RS0.40/SPLDIV-RS0.20 
EQ,ANDHRAPAP,ANDHRA PAPER LIMITED,11/09/2024, , ,11/09/2024, , ,FVSPLT FRM RS 10 TO RS 2 
EQ,BIGBLOC,Bigbloc Construction Ltd, ,23/08/2024,29/08/2024,22/08/2024, , ,ANNUAL GENERAL MEETING   
EQ,MARALOVER,Maral Overseas Ltd, ,21/08/2024,27/08/2024,20/08/2024, , ,ANNUAL GENERAL MEETING   
EQ,JAICORPLTD,Jai Corp Limited, ,28/08/2024,03/09/2024,27/08/2024, , ,AGM/DIV - RE 0.5 PER SH  
EQ,SHREERAMA,Shree Rama Multi-Tech Ltd, ,30/08/2024,05/09/2024,29/08/2024, , ,ANNUAL GENERAL MEETING   
EQ,WEWIN,WE WIN LIMITED, ,31/08/2024,06/09/2024,30/08/2024, , ,ANNUAL GENERAL MEETING   
EQ,NIRAJISPAT,Niraj Ispat Ind Ltd, ,30/08/2024,08/09/2024,29/08/2024, , ,ANNUAL GENERAL MEETING   
EQ,MEDICO,Medico Remedies Limited, ,30/08/2024,05/09/2024,29/08/2024, , ,ANNUAL GENERAL MEETING   
EQ,UNIDT,United Drilling Tools Ltd,27/08/2024, , ,27/08/2024, , ,INTDIV - RE 0.60 PER SH  
EQ,GET&D,GE T&D India Limited,28/08/2024, , ,28/08/2024, , ,DIV - RS 2 PER SH        
EQ,HINDZINC,Hindustan Zinc Ltd,28/08/2024, , ,28/08/2024, , ,INTDIV - RS 19 PER SH    
EQ,INDOBORAX,Indo Borax & Chemical Ltd, ,21/08/2024,27/08/2024,20/08/2024, , ,ANNUAL GENERAL MEETING   
EQ,TIIL,Technocraft Industries (I,27/08/2024, , ,27/08/2024, , ,BUY BACK                 
EQ,SUPRAJIT,Suprajit Engineering Limi,27/08/2024, , ,27/08/2024, , ,BUY BACK                 
EQ,BALAJITELE,Balaji Telefilms Limited, ,21/08/2024,27/08/2024,20/08/2024, , ,ANNUAL GENERAL MEETING   
EQ,HONASA,Honasa Consumer Limited, ,23/08/2024,29/08/2024,22/08/2024, , ,ANNUAL GENERAL MEETING   
EQ,EXPLEOSOL,Expleo Solutions Limited, ,23/08/2024,29/08/2024,22/08/2024, , ,ANNUAL GENERAL MEETING   
EQ,RPPL,Rajshree PolyPack Ltd, ,23/08/2024,29/08/2024,22/08/2024, , ,ANNUAL GENERAL MEETING   
EQ,IL&FSENGG,IL&FS Eng and Cons Co Ltd, ,22/08/2024,29/08/2024,21/08/2024, , ,ANNUAL GENERAL MEETING   
EQ,SHEMAROO,Shemaroo Enter. Ltd., ,22/08/2024,29/08/2024,21/08/2024, , ,ANNUAL GENERAL MEETING   
EQ,GANDHAR,Gandhar Oil Refine Ind L, ,29/08/2024,05/09/2024,28/08/2024, , ,ANNUAL GENERAL MEETING   
EQ,MARUTI,Maruti Suzuki India Ltd, ,03/08/2024,27/08/2024,02/08/2024, , ,DIV - RS 125 PER SH      
EQ,IDEA,Vodafone Idea Limited, ,21/08/2024,28/08/2024,20/08/2024, , ,ANNUAL GENERAL MEETING   
EQ,SAREGAMA,Saregama India Ltd., ,21/08/2024,27/08/2024,20/08/2024, , ,ANNUAL GENERAL MEETING   
EQ,APARINDS,Apar Industries Limited, ,21/08/2024,27/08/2024,20/08/2024, , ,AGM/DIV - RS 51 PER SH   
EQ,ITDCEM,ITD Cementation India Lim, ,22/08/2024,28/08/2024,21/08/2024, , ,AGM/DIV - RS 1.70 PER SH 
EQ,OMAXAUTO,Omax Autos Limited, ,23/08/2024,29/08/2024,22/08/2024, , ,AGM/DIV - RE 1 PER SH    
EQ,LINC,Linc Limited, ,22/08/2024,28/08/2024,21/08/2024, , ,AGM/DIV - RS 5 PER SH    
EQ,ISGEC,Isgec Heavy Eng Ltd, ,22/08/2024,28/08/2024,21/08/2024, , ,ANNUAL GENERAL MEETING   
EQ,SIRCA,Sirca Paint India Limited, ,23/08/2024,29/08/2024,22/08/2024, , ,ANNUAL GENERAL MEETING   
EQ,MAYURUNIQ,Mayur Uniquoters Ltd, ,24/08/2024,26/08/2024,23/08/2024, , ,ANNUAL GENERAL MEETING   
EQ,VLSFINANCE,VLS Finance Ltd.,26/08/2024, , ,26/08/2024, , ,BUY BACK                 
EQ,MANAPPURAM,Manappuram Finance Ltd,26/08/2024, , ,26/08/2024, , ,INTDIV - RE 1 PER SH     
EQ,KRONOX,Kronox Lab Sciences Ltd, ,24/08/2024,30/08/2024,23/08/2024, , ,AGM/DIV - RE 0.50 PER SH 
EQ,GODFRYPHLP,Godfrey Phillips Ltd., ,24/08/2024,06/09/2024,23/08/2024, , ,AGM/DIV - RS 56 PER SH   
EQ,KTKBANK,Karnataka Bank Limited, ,04/09/2024,10/09/2024,03/09/2024, , ,DIV - RS 5.50 PER SH     
EQ,VSTIND,VST Industries Ltd.,06/09/2024, , ,06/09/2024, , ,BONUS 10:1               
EQ,TVVISION,TV Vision Limited, ,24/08/2024,30/08/2024,23/08/2024, , ,ANNUAL GENERAL MEETING   
EQ,HATSUN,Hatsun Agro Product Ltd., ,27/08/2024,28/08/2024,26/08/2024, , ,ANNUAL GENERAL MEETING   
EQ,AUROPHARMA,Aurobindo Pharma Ltd., ,27/08/2024,29/08/2024,26/08/2024, , ,ANNUAL GENERAL MEETING   
EQ,JPPOWER, Jaiprakash Power Ven. Lt, ,27/08/2024,02/09/2024,26/08/2024, , ,ANNUAL GENERAL MEETING   
EQ,KDDL,KDDL Limited,27/08/2024, , ,27/08/2024, , ,BUY BACK                 
EQ,DHRUV,Dhruv Consultancy Ser Ltd,26/08/2024, , ,26/08/2024, , ,DIV - RE 0.25 PER SH     
EQ,KDDL,KDDL Limited,27/08/2024, , ,27/08/2024, , ,DIV - RS 4 PER SH        
EQ,DHRUV,Dhruv Consultancy Ser Ltd, ,27/08/2024,02/09/2024,26/08/2024, , ,ANNUAL GENERAL MEETING   
EQ,FORCEMOT,Force Motors Limited,28/08/2024, , ,28/08/2024, , ,DIV - RS 20 PER SH       
EQ,ASTRAMICRO,Astra Microwave Products, ,24/08/2024,30/08/2024,23/08/2024, , ,AGM/DIV - RS 2 PER SH    
EQ,BHAGERIA,Bhageria Industries Ltd, ,24/08/2024,31/08/2024,23/08/2024, , ,AGM/DIV - RE 1 PER SH    
EQ,GLOBUSSPR,Globus Spirits Limited, ,23/08/2024,29/08/2024,22/08/2024, , ,ANNUAL GENERAL MEETING   
EQ,IVC,IL&FS Investment Managers, ,24/08/2024,30/08/2024,23/08/2024, , ,AGM/DIV - RE 0.70 PER SH 
EQ,EKC,Everest Kanto Cylinder Li, ,24/08/2024,30/08/2024,23/08/2024, , ,AGM/DIV - RE 0.70 PER SH 
EQ,LICHSGFIN,LIC Housing Finance Ltd, ,24/08/2024,29/08/2024,23/08/2024, , ,AGM/DIV - RS 9 PER SH    
EQ,TITAGARH,Titagarh Wagons Limited, ,21/08/2024,27/08/2024,20/08/2024, , ,AGM/DIV - RE 0.80 PER SH 
EQ,BCONCEPTS,Brand Concepts Limited, ,21/08/2024,28/08/2024,20/08/2024, , ,ANNUAL GENERAL MEETING   
EQ,LGBBROSLTD,LG Balakrishnan & Bros, ,23/08/2024,29/08/2024,22/08/2024, , ,AGM/DIV - RS 18 PER SH   
EQ,BBL,Bharat Bijlee Ltd, ,22/08/2024,29/08/2024,21/08/2024, , ,AGM/DIV - RS 35 PER SH   
EQ,BAGFILMS,B.A.G Films and Media Ltd, ,22/08/2024,28/08/2024,21/08/2024, , ,ANNUAL GENERAL MEETING   
EQ,MICEL,MIC Electronics Ltd, ,22/08/2024,27/08/2024,21/08/2024, , ,ANNUAL GENERAL MEETING   
EQ,INDIAGLYCO,India Glycols Ltd, ,22/08/2024,28/08/2024,21/08/2024, , ,AGM/DIV - RS 8 PER SH    
EQ,NHPC,NHPC Ltd, ,13/08/2024,28/08/2024,12/08/2024, , ,ANNUAL GENERAL MEETING   
EQ,UPL,UPL Limited, ,13/08/2024,27/08/2024,12/08/2024, , ,DIV - RE 1 PER SH        
EQ,MANYAVAR,Vedant Fashions Limited, ,24/08/2024,30/08/2024,23/08/2024, , ,AGM/DIV - RS 8.50 PER SH 
EQ,MANORAMA,Manorama Industries Ltd, ,28/08/2024,03/09/2024,27/08/2024, , ,AGM/DIV - RE 0.40 PER SH 
EQ,SOMATEX,Soma Textiles & Ind. Ltd., ,28/08/2024,07/09/2024,27/08/2024, , ,ANNUAL GENERAL MEETING   
EQ,SCHNEIDER,Schneider Electric Infra, ,28/08/2024,03/09/2024,27/08/2024, , ,ANNUAL GENERAL MEETING   
EQ,COUNCODOS,Country Condo's Limited, ,24/08/2024,30/08/2024,23/08/2024, , ,ANNUAL GENERAL MEETING   
EQ,IRFC,Indian Railway Fin Corp L, ,25/08/2024,28/08/2024,23/08/2024, , ,ANNUAL GENERAL MEETING   
GB,SGBSEP24,2.75% GOLDBONDS2024Tr-V,26/09/2024, , , , , ,REDEMPTION               
GS,GS150924C,GOI STRIPS C 150924,11/09/2024, , , , , ,REDEMPTION               
GS,GS200924C,GOI STRIPS C 200924,18/09/2024, , , , , ,REDEMPTION               
GS,GS090924C,GOI STRIPS C 090924,05/09/2024, , , , , ,REDEMPTION               
M5,DHANILOANS,Sec Re NCD 10.49% Sr.VII,26/08/2024, , ,26/08/2024, , ,INTEREST PAYMENT         
N3,TATACAPHSG,Sec Red NCD 7.92% Sr.II,29/08/2024, , ,29/08/2024, , ,INTEREST PAYMENT         
N4,TATACAPHSG,Sec Red NCD 8.01% Sr.II,29/08/2024, , ,29/08/2024, , ,INTEREST PAYMENT         
N5,NIDO,Sec Red NCD 9.57% Sr. V,26/08/2024, , ,26/08/2024, , ,INTEREST PAYMENT         
N7,TATACAPHSG,Sec Red NCD 8.01% Sr.IV,29/08/2024, , ,29/08/2024, , ,INTEREST PAYMENT         
N8,TATACAPHSG,Sec Red NCD 8.10% Sr.IV,29/08/2024, , ,29/08/2024, , ,INTEREST PAYMENT         
N9,NAVIFIN,Sec Re NCD 10.00% Sr. I,29/08/2024, , ,29/08/2024, , ,INTEREST PAYMENT         
NA,NAVIFIN,Sec Re NCD 10.40% Sr.II,29/08/2024, , ,29/08/2024, , ,INTEREST PAYMENT         
NC,NAVIFIN,Sec Re NCD 10.65% Sr.IV,29/08/2024, , ,29/08/2024, , ,INTEREST PAYMENT         
NG,IBULHSG,Sec Re NCD 8.88% Sr II,26/08/2024, , ,26/08/2024, , ,INTEREST PAYMENT         
NH,IBULHSG,Sec Re NCD 9.25% Sr II,26/08/2024, , ,26/08/2024, , ,INTEREST PAYMENT         
NM,IBULHSG,Sec Re NCD 9.02% Sr V,26/08/2024, , ,26/08/2024, , ,INTEREST PAYMENT         
NN,IBULHSG,Sec Re NCD 9.48% Sr V,26/08/2024, , ,26/08/2024, , ,INTEREST PAYMENT         
NS,IBULHSG,Sec Re NCD 9.25% Sr VIII,26/08/2024, , ,26/08/2024, , ,INTEREST PAYMENT         
NT,IBULHSG,Sec Re NCD 9.71% Sr VIII,26/08/2024, , ,26/08/2024, , ,INTEREST PAYMENT         
NV,IBULHSG,Sec Re NCD 10.03% Sr X,26/08/2024, , ,26/08/2024, , ,INTEREST PAYMENT         
NY,IBULHSG,Sec Re NCD 9.8% Sr XII,26/08/2024, , ,26/08/2024, , ,INTEREST PAYMENT         
NZ,IBULHSG,Sec Re NCD 10.25% Sr XII,26/08/2024, , ,26/08/2024, , ,INTEREST PAYMENT         
SG,575AP24,SDL AP 5.75% 2024,26/09/2024, , , , , ,REDEMPTION               
SG,497AS24,SDL AS 4.97% 2024,29/08/2024, , , , , ,REDEMPTION               
SG,568MH24,SDL MH 5.68% 2024,20/09/2024, , , , , ,REDEMPTION               
SG,57MH24,SDL MH 5.7% 2024,11/09/2024, , , , , ,REDEMPTION               
SG,57BR24,SDL BR 5.7% 2024,11/09/2024, , , , , ,REDEMPTION               
SG,56MH24,SDL MH 5.6% 2024,05/09/2024, , , , , ,REDEMPTION               
SG,579KL24,SDL KL 5.79% 2024,26/09/2024, , , , , ,REDEMPTION               
SG,552AP24,SDL AP 5.52% 2024,30/08/2024, , , , , ,REDEMPTION               
SG,495ML24,SDL ML 4.95% 2024,04/09/2024, , , , , ,REDEMPTION               
SM,JSLL,Jeena Sikho Lifecare Ltd, ,21/08/2024,27/08/2024,20/08/2024, , ,AGM/DIV - RS 4.18 PER SH 
SM,EMKAYTOOLS,Emkay Tap & Cut. Tool Ltd, ,30/08/2024,04/09/2024,29/08/2024, , ,ANNUAL GENERAL MEETING   
SM,MAL,Mangalam Alloys Limited, ,19/08/2024,28/08/2024,16/08/2024, , ,ANNUAL GENERAL MEETING   
SM,SARTELE,Sar Televenture Limited, ,28/08/2024,03/09/2024,27/08/2024, , ,ANNUAL GENERAL MEETING   
SM,KODYTECH,Kody Technolab Limited, ,29/08/2024,05/09/2024,28/08/2024, , ,ANNUAL GENERAL MEETING   
SM,QFIL,Quality Foils (India) Ltd, ,29/08/2024,04/09/2024,28/08/2024, , ,ANNUAL GENERAL MEETING   
SM,NPST,Network People Srv Tech L, ,20/08/2024,26/08/2024,19/08/2024, , ,ANNUAL GENERAL MEETING   
SQ,MAL,Mangalam Alloys Limited, ,19/08/2024,28/08/2024,16/08/2024, , ,ANNUAL GENERAL MEETING   
SQ,EMKAYTOOLS,Emkay Tap & Cut. Tool Ltd, ,30/08/2024,04/09/2024,29/08/2024, , ,ANNUAL GENERAL MEETING   
SQ,QFIL,Quality Foils (India) Ltd, ,29/08/2024,04/09/2024,28/08/2024, , ,ANNUAL GENERAL MEETING   
SQ,SARTELE,Sar Televenture Limited, ,28/08/2024,03/09/2024,27/08/2024, , ,ANNUAL GENERAL MEETING   
SQ,NPST,Network People Srv Tech L, ,20/08/2024,26/08/2024,19/08/2024, , ,ANNUAL GENERAL MEETING   
SQ,KODYTECH,Kody Technolab Limited, ,29/08/2024,05/09/2024,28/08/2024, , ,ANNUAL GENERAL MEETING   
SQ,JSLL,Jeena Sikho Lifecare Ltd, ,21/08/2024,27/08/2024,20/08/2024, , ,AGM/DIV - RS 4.18 PER SH 
ST,KODYTECH,Kody Technolab Limited, ,29/08/2024,05/09/2024,28/08/2024, , ,ANNUAL GENERAL MEETING   
ST,SARTELE,Sar Televenture Limited, ,28/08/2024,03/09/2024,27/08/2024, , ,ANNUAL GENERAL MEETING   
ST,NPST,Network People Srv Tech L, ,20/08/2024,26/08/2024,19/08/2024, , ,ANNUAL GENERAL MEETING   
ST,MAL,Mangalam Alloys Limited, ,19/08/2024,28/08/2024,16/08/2024, , ,ANNUAL GENERAL MEETING   
ST,QFIL,Quality Foils (India) Ltd, ,29/08/2024,04/09/2024,28/08/2024, , ,ANNUAL GENERAL MEETING   
ST,JSLL,Jeena Sikho Lifecare Ltd, ,21/08/2024,27/08/2024,20/08/2024, , ,AGM/DIV - RS 4.18 PER SH 
ST,EMKAYTOOLS,Emkay Tap & Cut. Tool Ltd, ,30/08/2024,04/09/2024,29/08/2024, , ,ANNUAL GENERAL MEETING   
U3,TATACAPHSG,Sec Red NCD 7.92% Sr.II,29/08/2024, , ,29/08/2024, , ,INTEREST PAYMENT         
U4,TATACAPHSG,Sec Red NCD 8.01% Sr.II,29/08/2024, , ,29/08/2024, , ,INTEREST PAYMENT         
U5,NIDO,Sec Red NCD 9.57% Sr. V,26/08/2024, , ,26/08/2024, , ,INTEREST PAYMENT         
U7,TATACAPHSG,Sec Red NCD 8.01% Sr.IV,29/08/2024, , ,29/08/2024, , ,INTEREST PAYMENT         
U8,TATACAPHSG,Sec Red NCD 8.10% Sr.IV,29/08/2024, , ,29/08/2024, , ,INTEREST PAYMENT         
U9,NAVIFIN,Sec Re NCD 10.00% Sr. I,29/08/2024, , ,29/08/2024, , ,INTEREST PAYMENT         
UA,NAVIFIN,Sec Re NCD 10.40% Sr.II,29/08/2024, , ,29/08/2024, , ,INTEREST PAYMENT         
UC,NAVIFIN,Sec Re NCD 10.65% Sr.IV,29/08/2024, , ,29/08/2024, , ,INTEREST PAYMENT         
UG,IBULHSG,Sec Re NCD 8.88% Sr II,26/08/2024, , ,26/08/2024, , ,INTEREST PAYMENT         
UH,IBULHSG,Sec Re NCD 9.25% Sr II,26/08/2024, , ,26/08/2024, , ,INTEREST PAYMENT         
UM,IBULHSG,Sec Re NCD 9.02% Sr V,26/08/2024, , ,26/08/2024, , ,INTEREST PAYMENT         
UN,IBULHSG,Sec Re NCD 9.48% Sr V,26/08/2024, , ,26/08/2024, , ,INTEREST PAYMENT         
US,IBULHSG,Sec Re NCD 9.25% Sr VIII,26/08/2024, , ,26/08/2024, , ,INTEREST PAYMENT         
UT,IBULHSG,Sec Re NCD 9.71% Sr VIII,26/08/2024, , ,26/08/2024, , ,INTEREST PAYMENT         
UV,IBULHSG,Sec Re NCD 10.03% Sr X,26/08/2024, , ,26/08/2024, , ,INTEREST PAYMENT         
UY,IBULHSG,Sec Re NCD 9.8% Sr XII,26/08/2024, , ,26/08/2024, , ,INTEREST PAYMENT         
UZ,IBULHSG,Sec Re NCD 10.25% Sr XII,26/08/2024, , ,26/08/2024, , ,INTEREST PAYMENT         
Y5,DHANILOANS,Sec Re NCD 10.49% Sr.VII,26/08/2024, , ,26/08/2024, , ,INTEREST PAYMENT         

