SYMBOL,SERIES,SECURITY,HIGH/LOW,INDEX FLAG
1018GS2026,GS,GOI LOAN 10.18% 2026,H
AARTECH,EQ,AARTECH SOLONICS LIMITED,H
AARVEEDEN,BE,AARVEE DEN. & EXP. LTD,H
ADROITPP1,E1,ADROITINFO RS. 5 PPD UP,H
AIMTRON,ST,AIMTRON ELECTRONICS LTD,H
AJOONI,EQ,AJOONI BIOTECH LIMITED,H
AKSHAR,EQ,AKSHAR SPINTEX LIMITED,H
ALUWIND,ST,ALUWIND ARCHITECTURAL LTD,H
AMBANIORGO,SM,AMBANI ORGOCHEM LIMITED,H
AMJLAND,BE,AMJ LAND HOLDINGS LIMITED,H
ANIKINDS,BE,ANIK INDUSTRIES LTD,H
ANTGRAPHIC,EQ,ANTARCTICA LTD,H
APS,ST,AUSTRALIAN PREM SOLAR I L,H
ARENTERP,BE,RAJDARSHAN INDUSTRIES LTD,H
ASIANENE,EQ,ASIAN ENERGY SERVICES LTD,H
ASMS,EQ,BARTRONICS INDIA LIMITED,H
BAGFILMS,EQ,B.A.G FILMS AND MEDIA LTD,H
BCG,BZ,BRIGHTCOM GROUP LIMITED,H
BGRENERGY,BE,BGR ENERGY SYSTEMS LTD,H
BIRDYS,ST,GRILL SPLENDOUR SER LTD,H
BKMINDST,BZ,BKM INDUSTRIES LIMITED,H
BLUECHIP,BE,BLUE CHIP INDIA LIMITED,H
BRACEPORT,ST,BRACE PORT LOGISTICS LTD,H
CADSYS,SM,CADSYS (INDIA) LIMITED,H
CANARYS,ST,CANARYS AUTOMATIONS LTD,H
CBAZAAR,SM,NET AVENUE TECHNOLOGIES L,H
CGRAPHICS,SM,CREATIVE GRAPHICS S IND L,H
CMICABLES,BZ,CMI LIMITED,H
CMMIPL,ST,CMM INFRAPROJECTS LIMITED,H
CMNL,SM,CHAMAN METALLICS LIMITED,H
CONTI,ST,CONTINENTAL SEED CHEM LTD,H
DCMFINSERV,BE,DCM FINANCIAL SERVICES LT,H
DESTINY,SM,DESTINY LOGISTICS & I LTD,H
DGCONTENT,BE,DIGICONTENT LIMITED,H
DJML,BE,DJ MEDIAPRINT & LOG LTD,H
DRCSYSTEMS,BE,DRC SYSTEMS INDIA LIMITED,H
DUCOL,ST,DUCOL ORGS AND COLOURS LT,H
DUCON,EQ,DUCON INFRATECHNOLOGIES L,H
E2E,BE,E2E NETWORKS LIMITED,H
EFFWA,SM,EFFWA INFRA & RESEARCH L,H
EIMCOELECO,EQ,EIMCO ELECON (INDIA) LTD,H
EUROTEXIND,EQ,EUROTEX INDUSTRIES LTD,H
FCONSUMER,BE,FUTURE CONSUMER LIMITED,H
FEL,BZ,FUTURE ENTERPRISES LTD,H
FELDVR,BE,FUTURE ENTERPRISES LTD,H
FMNL,EQ,FUTURE MKT NETWORKS LTD,H
FORCAS,ST,FORCAS STUDIO LIMITED,H
GANGAFORGE,EQ,GANGA FORGING LIMITED,H
GANGOTRI,BZ,GANGOTRI TEXTILES LTD.,H
GATECHDVR,BE,GACM TECHNOLOGIES LIMITED,H
GAYAPROJ,BZ,GAYATRI PROJECTS LTD,H
GFSTEELS,BE,GRAND FOUNDRY LTD,H
GMRP&UI,EQ,GMR POW AND URBAN INFRA L,H
GODHA,BE,GODHA CABCON INSULAT LTD,H
GSMFOILS,ST,GSM FOILS LIMITED,H
GSTL,ST,GLOBESECURE TECHNO LTD,H
GVKPIL,BE,GVK POW. & INFRA LTD.,H
HECPROJECT,BE,HEC INFRA PROJECTS LTD,H
HEXATRADEX,EQ,HEXA TRADEX LIMITED,H
HINDNATGLS,BE,HIND NATL GLASS & IND LTD,H
HIRECT,EQ,HIND RECTIFIER LIMITED,H
ICDSLTD,BE,ICDSLTD,H
IEL,EQ,INDIABULLS ENT LTD,H
IL&FSTRANS,BZ,IL&FS TRANS NET LTD,H
IMPEXFERRO,BE,IMPEX FERRO TECH LIMITED,H
INDOTECH,BE,INDO TECH TRANSFORM LTD.,H
INDOTHAI,EQ,INDO THAI SEC LTD,H
ISHAN,ST,ISHAN INTERNATIONAL LTD,H
JAIPURKURT,EQ,NANDANI CREATION LIMITED,H
JALAN,SM,JALAN TRANSOLU. INDIA LTD,H
JETFREIGHT,EQ,JET FREIGHT LOGISTICS LTD,H
JFLLIFE,ST,JFL LIFE SCIENCES LIMITED,H
JHS,EQ,JHS SVEND. LAB. LTD,H
JUBLINDS,EQ,JUBILANT INDUSTRIES LTD,H
KDL,ST,KORE DIGITAL LIMITED,H
KERNEX,EQ,KERNEX MICROSYS(I) LTD,H
KONSTELEC,SM,KONSTELEC ENGINEERS LTD,H
KOTHARIPET,EQ,KOTHARI PETROCHEM LTD,H
KRISHCA,ST,KRISHCA STRAPPING SLTN L,H
KRISHNADEF,ST,KRISHNA DEF AND ALD IND L,H
LAKPRE,BZ,LAKSHMI PRE SCRE LTD,H
LATTEYS,BE,LATTEYS INDUSTRIES LTD,H
LAWSIKHO,SM,ADDICTIVE LEARNING TECH L,H
LRRPL,ST,LEAD REC AND RUB PROD LTD,H
LYPSAGEMS,EQ,LYPSA GEMS & JEWEL LTD,H
MADHUCON,BE,MADHUCON PROJECTS LTD.,H
MAKS,ST,MAKS ENERGY SOL INDIA LTD,H
MARSHALL,EQ,MARSHALL MACHINES LTD,H
MASKINVEST,BE,MASK INVESTMENTS LIMITED,H
MASON,SM,MASON INFRATECH LIMITED,H
MBECL,BE,MCNALLY BH. ENG. CO.LTD,H
MEDICO,BE,MEDICO REMEDIES LIMITED,H
MELSTAR,BZ,MELSTAR INFORMATION TECH,H
MEP,BE,MEP INFRA. DEVELOPERS LTD,H
MORARJEE,BE,MORARJEE TEXTILES LIMITED,H
MRO-TEK,EQ,MRO-TEK REALTY LIMITED,H
MSPL,EQ,MSP STEEL & POWER LTD.,H
MTEDUCARE,BE,MT EDUCARE LTD,H
NIITLTD,EQ,NIIT LIMITED,H
NITIRAJ,EQ,NITIRAJ ENGINEERS LTD,H
NORBTEAEXP,EQ,NORBEN TEA & EXPORTS LTD,H
NPST,SM,NETWORK PEOPLE SRV TECH L,H
NTL,BE,NEUEON TOWERS LIMITED,H
OMAXAUTO,EQ,OMAX AUTOS LTD,H
OMFURN,SM,OMFURN INDIA LIMITED,H
OMKARCHEM,BZ,OMKAR SPL CHEM LTD,H
ORIENTALTL,EQ,ORIENTAL TRIMEX LTD,H
ORTINLAB,EQ,ORTIN LABORATORIES LTD,H
PANACEABIO,EQ,PANACEA BIOTEC LTD,H
PANACHE,BE,PANACHE DIGILIFE LIMITED,H
PCJEWELLER,EQ,PC JEWELLER LTD,H
PFOCUS,BE,PRIME FOCUS LIMITED,H
POSITRON,ST,POSITRON ENERGY LIMITED,H
PRAENG,EQ,PRAJAY ENG. SYN. LTD.,H
PRAMARA,SM,PRAMARA PROMOTIONS LTD,H
PRITIKA,SM,PRITIKA ENG COMPO LTD,H
PRITIKAUTO,EQ,PRITIKA AUTO INDUS LTD,H
PRUDMOULI,EQ,PRUDENTIAL SUGAR CORPORAT,H
PTCIL,BE,PTC INDUSTRIES LIMITED,H
PVP,BE,PVP VENTURES LIMITED,H
QUINTEGRA,BE,QUINTEGRA SOLUTIONS LTD.,H
RAJRILTD,BE,RAJ RAYON INDUSTRIES LTD,H
RBMINFRA,SM,RBM INFRACON LIMITED,H
REGENCERAM,BE,REGENCYCERAMICS-LTD,H
RICHA,SM,RICHA INFO SYSTEMS LTD,H
ROLLT,BE,ROLLATAINERS LIMITED,H
RPSGVENT,EQ,RPSG VENTURES LIMITED,H
SABEVENTS,BE,SAB EVENTS & GOVERNANCE,H
SADBHIN,BE,SADBHAV INFRA PROJ LTD.,H
SALSTEEL,EQ,S.A.L. STEEL LTD.,H
SAMBHAAV,EQ,SAMBHAAV MEDIA LTD,H
SANCO,BZ,SANCO INDUSTRIES LIMITED,H
SANWARIA,BZ,SANWARIA CONSUMER LIMITED,H
SARTELE,SM,SAR TELEVENTURE LIMITED,H
SATECH,SM,S A TECH SOFTWARE INDIA L,H
SEL,SM,SUNGARNER ENERGIES LTD,H
SETCO,BE,SETCO AUTOMOTIVE LTD,H
SETUINFRA,BZ,SETUBANDHAN INFRA LTD,H
SHANTI,EQ,SHANTI OVERSEAS INDIA LTD,H
SHEETAL,SM,SHEETAL UNIVERSAL LIMITED,H
SICALLOG,BE,SICAL LOGISTICS LIMITED,H
SILLYMONKS,BE,SILLY MONKS ENTERTAIN LTD,H
SIMPLEXINF,EQ,SIMPLEX INFRASTRUCTURES L,H
SITINET,BE,SITI NETWORKS LIMITED,H
SJLOGISTIC,SM,S J LOGISTICS (INDIA) LTD,H
SKYGOLD,BE,SKY GOLD LIMITED,H
SLONE,ST,SLONE INFOSYSTEMS LIMITED,H
SMARTLINK,BE,SMARTLINK HOLDINGS LTD,H
SMSLIFE,BE,SMS LIFESCIENCES (I) LTD,H
SMVD,SM,SMVD POLY PACK LIMITED,H
SOLARAPP,X1,SOLAR ACT RS.3.50 PPD UP,H
SOUTHWEST,EQ,SOUTH WEST PINNACLE LTD,H
SPMLINFRA,BE,SPML INFRA LIMITED,H
SRPL,EQ,SHREE RAM PROTEINS LTD.,H
SUNLITE,ST,SUNLITE RECYCLING IND LTD,H
SUPERSPIN,EQ,SUPER SPINNING MILLS LTD,H
TAC,SM,TAC INFOSEC LIMITED,H
TAPIFRUIT,SM,TAPI FRUIT PROCESSING LTD,H
TGL,ST,TEERTH GOPICON LIMITED,H
THOMASCOOK,EQ,THOMAS COOK (INDIA) LTD,H
TIRUPATIFL,BE,TIRUPATI FORGE LIMITED,H
TPHQ,BE,TEAMO PRODUCTIONS HQ LTD,H
TRANSWIND,SM,TRANSWIND INFRA LIMITED,H
TRUST,ST,TRUST FINTECH LIMITED,H
TVVISION,BE,TV VISION LIMITED,H
UEL,BE,UJAAS ENERGY LIMITED,H
UMAEXPORTS,EQ,UMA EXPORTS LIMITED,H
UNIVAFOODS,BE,UNIVA FOODS LIMITED,H
UTSSAV,SM,UTSSAV CZ GOLD JEWELS LTD,H
V2RETAIL,BE,V2 RETAIL LIMITED,H
VARDMNPOLY,EQ,VARDHMAN POLYTEX LTD.,H
VERITAAS,SM,VERITAAS ADVERTISING LTD,H
VIPULLTD,EQ,VIPUL LIMITED,H
VISASTEEL,BE,VISA STEEL LIMITED,H
VISESHINFO,BZ,VISESH INFOTECNICS LTD,H
VIVIANA,ST,VIVIANA POWER TECH LTD,H
VLEGOV,EQ,VL E GOV AND IT SOL LTD,H
VMARCIND,SM,V MARC INDIA LIMITED,H
WANBURY,EQ,WANBURY LIMITED,H
WEIZMANIND,BE,WEIZMANN LTD,H
WELINV,EQ,WELSPUN INV & COMM LTD,H
WINDMACHIN,EQ,WINDSOR MACHINES LIMITED,H
WINSOME,BE,WINSOME YARNS LIMITED,H
WOCKPHARMA,BE,WOCKHARDT LIMITED-DEPO,H
XELPMOC,EQ,XELPMOC DESIGN & TECH LTD,H
YAARI,EQ,YAARI DIGI INT SER LTD,H
YUKEN,EQ,YUKEN INDIA LIMITED,H
ZENTEC,EQ,ZEN TECHNOLOGIES LIMITED,H
727GS2026,GS,GOI LOAN 7.27% 2026,L
ABAN,EQ,ABAN OFFSHORE LTD.,L
AESTHETIK,ST,AESTHETIK ENGINEERS LTD,L
AGUL,SM,A G UNIVERSAL LIMITED,L
AILIMITED,ST,ABHISHEK INTEGRATIONS LTD,L
AKI,EQ,AKI INDIA LIMITED,L
AKUMS,EQ,AKUMS DRUGS AND PHARMA L,L
ALMONDZ,BE,ALMONDZ GLOBAL SEC LTD,L
AMJUMBO,SM,A AND M JUMBO BAGS LTD,L
ANKITMETAL,BE,ANKIT MET & POW LTD,L
BAHETI,SM,BAHETI RECYCLING IND LTD,L
BALCO,ST,SOLVE PLASTIC PRODUCTS L,L
BGLOBAL,BZ,BHARATIYA GLOBAL INFO LTD,L
BLUECOAST,BE,BLUE COAST HOTELS LIMITED,L
BMETRICS,SM,BOMBAY METRICS S C LTD,L
CMICABLES,BZ,CMI LIMITED,L
CMRSL,SM,CYBER MEDIA RES & SER LTD,L
COMPINFO,BZ,COMPUAGE INFOCOM LTD,L
DCG,ST,DCG CABLES & WIRES LTD,L
DHTL,ST,DOCMODE HEALTH TECH LTD,L
DYNAMIC,SM,DYNAMIC SRVCS & SEC LTD,L
E2E,BE,E2E NETWORKS LIMITED,L
EDUCOMP,BZ,EDUCOMP SOLUTIONS LTD,L
ESCONET,ST,ESCONET TECHNOLOGIES LTD,L
FIBERWEB,BE,FIBERWEB INDIA LIMITED,L
FORCAS,ST,FORCAS STUDIO LIMITED,L
FSC,BZ,FUTURE SUPP CHAIN SOL LTD,L
GANGOTRI,BZ,GANGOTRI TEXTILES LTD.,L
GAYAHWS,BE,GAYATRI HIGHWAYS LIMITED,L
GAYAPROJ,BZ,GAYATRI PROJECTS LTD,L
GFSTEELS,BE,GRAND FOUNDRY LTD,L
GLFL,BE,GUJARAT LEASE FINANCING L,L
GOENKA,BZ,GOENKA DIAMOND&JEWELS LTD,L
GRETEX,ST,GRETEX INDUSTRIES LTD.,L
GRPLTD,BE,GRP LIMITED,L
INCREDIBLE,BE,INCREDIBLE INDUSTRIES LTD,L
INFOMEDIA,BE,INFOMEDIA PRESS LIMITED,L
IVC,BE,IL&FS INVESTMENT MANAGERS,L
JPASSOCIAT,BE,JAIPRAKASH ASSOCIATES LTD,L
KCEIL,ST,KAY CEE ENERGY & INFRA L,L
KHAITANLTD,BE,KHAITAN (INDIA)LTD.,L
LAKPRE,BZ,LAKSHMI PRE SCRE LTD,L
MAHAPEXLTD,BE,MAHA RASHTRA APEX COPR. L,L
MANOMAY,BE,MANOMAY TEX INDIA LTD,L
MELSTAR,BZ,MELSTAR INFORMATION TECH,L
MEP,BE,MEP INFRA. DEVELOPERS LTD,L
MIRCELECTR,EQ,MIRC ELECTRONICS LTD,L
NAHARPOLY,BE,NAHAR POLY FILMS LIMITED,L
NTL,BE,NEUEON TOWERS LIMITED,L
OMKARCHEM,BZ,OMKAR SPL CHEM LTD,L
OSWALSEEDS,EQ,SHREEOSWAL S AND CHE LTD,L
OWAIS,SM,OWAIS METAL & MINERAL,L
PANACHE,BE,PANACHE DIGILIFE LIMITED,L
PERFECT,ST,PERFECT INFRAENGINEER LTD,L
PREMIER,BE,PREMIER LIMITED,L
PROLIFE,SM,PROLIFE INDUSTRIES LTD,L
QUINTEGRA,BE,QUINTEGRA SOLUTIONS LTD.,L
RADAAN,BE,RADAAN MEDIAWORKS (I) LTD,L
RAJTV,BE,RAJ TV NETWORK LTD,L
RCOM,BE,RELIANCE COMMUNICATIONS L,L
REFRACTORY,ST,REFRACTORY SHAPES LIMITED,L
RHFL,EQ,RELIANCE HOME FINANCE LTD,L
RILINFRA,ST,RACHANA INFRA LTD,L
RKDL,BE,RAVI KUMAR DIST. LTD.,L
RPOWER,EQ,RELIANCE POWER LTD.,L
RSSOFTWARE,BE,R. S. SOFTWARE (INDIA) LI,L
SADBHAV,EQ,SADBHAV ENGINEERING LTD,L
SAKUMA,EQ,SAKUMA EXPORTS LIMITED,L
SANCO,BZ,SANCO INDUSTRIES LIMITED,L
SEL,SM,SUNGARNER ENERGIES LTD,L
SEYAIND,BE,SEYA INDUSTRIES LIMITED,L
SHRADHA,BE,SHRADHA INFRAPROJECTS LTD,L
SHUBHLAXMI,SM,SHUBHLAXMI JEWEL ART LTD,L
SKIL,BZ,SKIL INFRASTRUCTURE LTD.,L
SLONE,ST,SLONE INFOSYSTEMS LIMITED,L
SOLARA,BE,SOLARA ACTIVE PHA SCI LTD,L
SOLARAPP,X1,SOLAR ACT RS.3.50 PPD UP,L
SPECTRUM,SM,SPECTRUM ELECTRIC IND LTD,L
SSDL,BE,SARASWATI SAREE DEPOT LTD,L
SUPREMEINF,BZ,SUPREME INFRA. LTD,L
TBI,ST,TBI CORN LIMITED,L
VASA,ST,VASA RETAIL & OVERSEA LTD,L
VCL,BE,VAXTEX COTFAB LIMITED,L
VEEKAYEM,SM,VEEKAYEM FASH & APP LTD,L
VINNY,BE,VINNY OVERSEAS LIMITED,L
VSCL,SM,VADIVARHE SPCLTY CHEM LTD,L
WEBELSOLAR,BE,WEBSOL ENERGY SYSTEM LTD,L
WINSOME,BE,WINSOME YARNS LIMITED,L
ZODIAC,EQ,ZODIAC ENERGY LIMITED,L
