GAIN_LOSS,SECURITY,CLOSE_PRIC,PREV_CL_PR,PERCENT_CG
 ,Nifty 50 Sec., , , 
 , , , , 
G,HINDALCO  INDUSTRIES  LTD,       711.85,       685.10,3.9
G,HCL TECHNOLOGIES LTD,      1719.45,      1661.45,3.49
G,NTPC LTD,       414.85,       401.95,3.21
G,BAJAJ FINSERV LTD.,      1686.20,      1639.90,2.82
G,OIL AND NATURAL GAS CORP.,       327.85,       318.90,2.81
G,TECH MAHINDRA LIMITED,      1640.15,      1598.40,2.61
G,JSW STEEL LIMITED,       963.50,       941.05,2.39
G,TATA CONSUMER PRODUCT LTD,      1220.05,      1196.80,1.94
G,LTIMINDTREE LIMITED,      5739.95,      5641.60,1.74
G,TITAN COMPANY LIMITED,      3630.20,      3570.00,1.69
G,WIPRO LTD,       520.00,       512.40,1.48
G,DIVI S LABORATORIES LTD,      4926.25,      4855.95,1.45
G,MAHINDRA & MAHINDRA LTD,      2793.10,      2759.00,1.24
G,CIPLA LTD,      1593.95,      1574.55,1.23
G,LARSEN & TOUBRO LTD.,      3641.90,      3598.55,1.2
G,SHRIRAM FINANCE LIMITED,      3162.15,      3126.55,1.14
G,TATA STEEL LIMITED,       155.70,       154.20,.97
G,HDFC BANK LTD,      1639.95,      1625.05,.92
G,TATA CONSULTANCY SERV LT,      4502.45,      4463.90,.86
G,RELIANCE INDUSTRIES LTD,      3025.20,      2999.95,.84
G,ICICI BANK LTD.,      1213.30,      1203.50,.81
G,INFOSYS LIMITED,      1876.15,      1862.10,.75
G,TATA MOTORS LIMITED,      1092.40,      1085.15,.67
G,BAJAJ FINANCE LIMITED,      6778.35,      6735.85,.63
G,POWER GRID CORP. LTD.,       338.25,       336.25,.59
G,ASIAN PAINTS LIMITED,      3171.35,      3154.65,.53
G,BHARTI AIRTEL LIMITED,      1513.55,      1506.75,.45
G,SBI LIFE INSURANCE CO LTD,      1796.25,      1789.30,.39
G,AXIS BANK LIMITED,      1170.30,      1165.95,.37
G,BAJAJ AUTO LIMITED,     10432.55,     10406.45,.25
 , , , , 
L,APOLLO HOSPITALS ENTER. L,      6780.00,      6860.70,-1.18
L,HERO MOTOCORP LIMITED,      5343.75,      5384.90,-0.76
L,ADANI PORT & SEZ LTD,      1482.55,      1491.30,-0.59
L,MARUTI SUZUKI INDIA LTD.,     12243.80,     12302.30,-0.48
L,EICHER MOTORS LTD,      4875.20,      4898.10,-0.47
L,HDFC LIFE INS CO LTD,       725.65,       729.00,-0.46
L,GRASIM INDUSTRIES LTD,      2736.60,      2748.55,-0.43
L,NESTLE INDIA LIMITED,      2519.55,      2529.20,-0.38
L,KOTAK MAHINDRA BANK LTD,      1812.50,      1818.00,-0.3
L,BHARAT PETROLEUM CORP  LT,       351.15,       352.20,-0.3
L,INDUSIND BANK LIMITED,      1384.50,      1388.55,-0.29
L,ADANI ENTERPRISES LIMITED,      3069.00,      3076.35,-0.24
L,SUN PHARMACEUTICAL IND L,      1772.45,      1775.75,-0.19
L,DR. REDDY S LABORATORIES,      6943.30,      6954.50,-0.16
L,COAL INDIA LTD,       538.10,       538.85,-0.14
L,ULTRATECH CEMENT LIMITED,     11337.10,     11341.80,-0.04
L,STATE BANK OF INDIA,       815.05,       815.35,-0.04
L,ITC LTD,       505.70,       505.80,-0.02
 , , , , 
 ,Nifty Next 50 Sec., , , 
 , , , , 
G,CHOLAMANDALAM IN & FIN CO,      1395.05,      1348.80,3.43
G,VEDANTA LIMITED,       463.10,       449.30,3.07
G,JINDAL STEEL & POWER LTD,       985.60,       959.85,2.68
G,GAIL (INDIA) LTD,       235.25,       229.47,2.52
G,SRF LTD,      2538.55,      2490.65,1.92
G,GODREJ CONSUMER PRODUCTS,      1454.75,      1428.35,1.85
G,COLGATE PALMOLIVE LTD.,      3595.35,      3531.45,1.81
G,DABUR INDIA LTD,       654.55,       643.25,1.76
G,MARICO LIMITED,       688.55,       678.20,1.53
G,HAVELLS INDIA LIMITED,      1912.10,      1884.65,1.46
G,INFO EDGE (I) LTD,      7498.90,      7392.60,1.44
G,ICICI LOMBARD GIC LIMITED,      2122.25,      2096.80,1.21
G,AVENUE SUPERMARTS LIMITED,      4959.40,      4901.50,1.18
G,BERGER PAINTS (I) LTD,       572.35,       565.70,1.18
G,TATA POWER CO LTD,       422.50,       417.95,1.09
G,INDIAN RAIL TOUR CORP LTD,       931.00,       923.30,0.83
G,SHREE CEMENT LIMITED,     24906.45,     24706.05,0.81
G,PIDILITE INDUSTRIES LTD,      3108.65,      3084.65,0.78
G,BOSCH LIMITED,     32814.40,     32600.15,0.66
G,REC LIMITED,       589.85,       586.70,0.54
G,SBI CARDS & PAY SER LTD,       720.35,       716.65,0.52
G,BAJAJ HOLDINGS & INVS LTD,      9911.90,      9874.15,0.38
G,SIEMENS LTD,      7043.05,      7022.15,0.3
G,TVS MOTOR COMPANY  LTD,      2775.20,      2767.00,0.3
G,BHARAT ELECTRONICS LTD,       306.70,       306.00,0.23
G,INTERGLOBE AVIATION LTD,      4720.10,      4710.45,0.2
G,INDIAN OIL CORP LTD,       173.46,       173.13,0.19
G,SAMVRDHNA MTHRSN INTL LTD,       197.95,       197.72,0.12
 , , , , 
L,ZYDUS LIFESCIENCES LTD,      1108.45,      1178.70,-5.96
L,ADANI POWER LTD,       661.30,       675.80,-2.15
L,INDIAN RAILWAY FIN CORP L,       181.05,       183.41,-1.29
L,ZOMATO LIMITED,       259.39,       262.65,-1.24
L,JIO FIN SERVICES LTD,       323.25,       327.15,-1.19
L,ICICI PRU LIFE INS CO LTD,       723.25,       731.95,-1.19
L,ADANI ENERGY SOLUTION LTD,      1053.35,      1065.65,-1.15
L,AMBUJA CEMENTS LTD,       627.65,       633.60,-0.94
L,LIFE INSURA CORP OF INDIA,      1052.05,      1061.35,-0.88
L,ADANI GREEN ENERGY LTD,      1888.90,      1900.90,-0.63
L,CANARA BANK,       111.41,       112.10,-0.62
L,BANK OF BARODA,       251.40,       252.50,-0.44
L,HINDUSTAN AERONAUTICS LTD,      4802.00,      4822.75,-0.43
L,VARUN BEVERAGES LIMITED,      1576.00,      1582.10,-0.39
L,TRENT LTD,      6925.60,      6948.75,-0.33
L,ADANI TOTAL GAS LIMITED,       856.10,       858.30,-0.26
L,TORRENT PHARMACEUTICALS L,      3342.80,      3349.35,-0.2
L,PUNJAB NATIONAL BANK,       116.16,       116.27,-0.09
L,DLF LIMITED,       848.80,       849.50,-0.08
L,POWER FIN CORP LTD.,       514.40,       514.80,-0.08
L,ABB INDIA LIMITED,      7790.40,      7795.75,-0.07
 , , , , 
 ,OTHER SECURITIES, , , 
 , , , , 
G,NIIT LIMITED,       153.84,       128.20,20
G,CHAMAN METALLICS LIMITED,        93.60,        78.00,20
G,UMA EXPORTS LIMITED,       122.10,       101.75,20
G,RPSG VENTURES LIMITED,      1240.90,      1034.10,20
G,NANDANI CREATION LIMITED,        44.38,        36.99,19.98
G,ORIENTAL TRIMEX LTD,        17.31,        14.43,19.96
G,MASON INFRATECH LIMITED,       211.70,       176.50,19.94
G,UTSSAV CZ GOLD JEWELS LTD,       208.55,       174.15,19.75
G,ADDICTIVE LEARNING TECH L,       386.30,       323.60,19.38
G,PANACEA BIOTEC LTD,       238.75,       200.20,19.26
G,NET AVENUE TECHNOLOGIES L,        16.45,        13.80,19.2
G,JALAN TRANSOLU. INDIA LTD,         4.05,         3.40,19.12
G,JET FREIGHT LOGISTICS LTD,        22.86,        19.33,18.26
G,NDR AUTO COMPONENTS LTD,      1639.10,      1396.80,17.35
G,ELECTRO FORCE (INDIA) LTD,        78.45,        67.85,15.62
G,NAGREEKA EXPORTS LTD.,        57.67,        50.11,15.09
G,KAMDHENU LIMITED,       551.75,       481.85,14.51
G,PRECISION WIRES INDIA LTD,       193.40,       169.09,14.38
G,QUICK HEAL TECH LTD,       699.95,       615.10,13.79
G,SOUTH WEST PINNACLE LTD,       150.21,       132.22,13.61
G,SAMEERA AGRO AND INFRA L,       109.65,        96.95,13.1
G,KOTHARI PETROCHEM LTD,       223.77,       198.37,12.8
G,AGS TRANSACT TECH LTD,       105.96,        94.57,12.04
G,SEC RE NCD 10.75% SR XI,      1098.90,       981.00,12.02
G,JM FINANCIAL LIMITED,       102.55,        91.72,11.81
G,SKM EGG PROD EXPORT(I) LT,       286.05,       256.05,11.72
G,GUJARAT STATE PETRO LTD,       376.95,       338.60,11.33
G,PRAKASH INDUSTRIES LTD,       230.88,       208.32,10.83
G,MARSHALL MACHINES LTD,        39.28,        35.50,10.65
G,GREENCHEF APPLIANCES LTD,        87.15,        78.80,10.6
 , , , , 
L,7.40% TAX FREETRI SRIII,      1118.10,      1394.90,-19.84
L,AARTI SURFACTANTS LIMITED,       192.50,       228.00,-15.57
L,8.66%S-R-NCD SERIES 3A,      1208.20,      1399.00,-13.64
L,AWFIS SPACE SOLUTIONS LTD,       791.30,       899.90,-12.07
L,DEBOCK INDUSTRIES LIMITED,         6.28,         7.14,-12.04
L,USHANTI COLOUR CHEM LTD,        55.70,        62.45,-10.81
L,RAMA STEEL TUBES LIMITED,        10.08,        11.29,-10.72
L,SAKUMA EXPORTS LIMITED,         7.14,         7.94,-10.08
L,TFB 7.37% 2035 SR. 3A,      1175.00,      1300.00,-9.62
L,SEC RE NCD 9.48% SR V,      1000.00,      1099.00,-9.01
L,RANE ENG VALVE LTD,       586.30,       642.95,-8.81
L,COSMO FIRST LIMITED,       876.70,       954.15,-8.12
L,VAIDYA SANE AYUR LAB LTD,       137.35,       148.95,-7.79
L,DHANUKA REALTY LIMITED,        18.00,        19.45,-7.46
L,RADHIKA JEWELTECH LIMITED,       106.15,       114.37,-7.19
L,PICTUREPOST STUDIOS LTD,        35.30,        37.95,-6.98
L,WONDER ELECTRICALS LTD,      1365.05,      1464.05,-6.76
L,PG ELECTROPLAST LTD,       521.15,       558.15,-6.63
L,ORIENT CEMENT LTD.,       309.40,       331.35,-6.62
L,SHREE OSFM E-MOBILITY LTD,       187.40,       200.50,-6.53
L,RNFI SERVICES LIMITED,       153.75,       164.35,-6.45
L,TROM INDUSTRIES LIMITED,       280.35,       299.60,-6.43
L,MAHICKRA CHEMICAL LIMITED,       101.25,       108.00,-6.25
L,SHREEOSWAL S AND CHE LTD,        35.71,        38.07,-6.2
L,ESPRIT STONES LIMITED,       116.00,       123.65,-6.19
L,JINDAL POLY FILMS LIMITED,       884.20,       942.30,-6.17
L,DOLLEX AGROTECH LIMITED,        36.50,        38.85,-6.05
L,SKIPPER RE.0.25 PPD UP,       290.65,       309.10,-5.97
L,RANE BRAKE LINING LTD,      1256.25,      1335.25,-5.92
L,SHIVALIC POWER CONTROL L,       259.75,       275.20,-5.61
