SECURITY,NEW,PREVIOUS,NEW_STATUS
DEEPAK FERTILIZERS & PETR,1124,1083.4,H
KOTHARI PETROCHEM LTD,238.04,202.2,H
FORTIS HEALTHCARE LTD,562.95,562.75,H
GILLETTE INDIA LTD,9050,8540.95,H
POLY MEDICURE LIMITED,2406.15,2236.6,H
GANGES SECURITIES LIMITED,202,189,H
DEEP INDUSTRIES LIMITED,389.85,369,H
ICICI LOMBARD GIC LIMITED,2127.7,2119.3,H
UMA EXPORTS LIMITED,122.1,118.25,H
ZOTA HEALTH CARE LIMITED,725.05,715.15,H
2.50%GOLDBONDS2027SR-VI,7999,7900,H
PCBL LIMITED,509.4,507,H
21ST CENTURY MGMT SERVICE,111.53,109.35,H
SERVICE CARE LIMITED,83.7,81,H
PONDY OXIDES & CHEM LTD,1955.45,1924,H
ICICIPRAMC - ICICICONSU,124.08,123.2,H
ICICIPRAMC-ICICIFIN,26.36,26.31,H
CROP LIFE SCIENCE LIMITED,69.2,61.9,H
NETWORK PEOPLE SRV TECH L,3353.05,3193.4,H
MBL INFRASTRUCTURE LTD,73.24,59.1,H
GOI TBILL 364D-03/07/25,95.25,94.5,H
SEC RE NCD 9% SR.VI,998,983,H
SEC RE NCD SR.V,1240.55,1238.45,H
VOLTAS LTD,1725,1699,H
NEULAND LAB LTD.,12500,12400,H
RADICO KHAITAN LTD,1910,1885.1,H
WELSPUN ENTERPRISES LTD.,619,610,H
STEL HOLDINGS LIMITED,503,500,H
CRAFTSMAN AUTOMATION LTD,6679.65,6030,H
HIMADRI SPECIALITY CHEM L,539.8,530,H
INSPIRISYS SOLUTIONS LTD,176.5,174.89,H
VL E GOV AND IT SOL LTD,113.5,111.89,H
WEALTH FRST PORT. MG. LTD,1391,1375,H
ASK AUTOMOTIVE LIMITED,448.8,445.8,H
HONASA CONSUMER LIMITED,537.9,511,H
AUTHUM INVEST & INFRA LTD,1808.9,1723,H
NDR AUTO COMPONENTS LTD,1675,1431.95,H
HARIOM PIPE INDUSTRIES L,879,834.4,H
PLATINUM INDUSTRIES LTD,438.7,433.9,H
POWER INSTRUMENT (G) LTD,157.62,154.53,H
SMS LIFESCIENCES (I) LTD,1373.1,1357,H
MOTILALAMC - MOHEALTH,43.97,43.49,H
DOMS INDUSTRIES LIMITED,2716,2650,H
LT FOODS LIMITED,376.75,364,H
GOI TBILL 364D-27/09/24,99.49,99.33,H
EMCURE PHARMACEUTICALS L,1455.2,1414,H
GOI TBILL 182D-05/09/24,99.8,99.66,H
GOI TBILL 182D-12/09/24,99.71,99.69,H
POSITRON ENERGY LIMITED,606.1,577.25,H
SEC RE NCD SR 6,1020,1000,H
GUJ. APOLLO IND. LTD.,409.45,400,H
CAPLIN POINT LAB LTD.,1960,1900,H
DHUNSERI INVESTMENTS LTD,1754,1631,H
MINDA CORPORATION LTD,652,645.65,H
SUNDARAM FINANCE HOLD LTD,327.9,324,H
BIRLASLAMC - HEALTHY,14.6,14.55,H
CHOLAMANDALAM FIN HOL LTD,1759.35,1709,H
TATAAML - TNIDETF,96.75,96.67,H
OPTIEMUS INFRACOM LTD,613.8,605,H
TARAPUR TRANSFORMERS LTD,16.95,16.62,H
ELIN ELECTRONICS LIMITED,262.5,245,H
MARCO CABLE & CONDUCTOR L,78,69.95,H
MONARCH NETWORTH CAP LTD,838.4,832,H
3P LAND HOLDINGS LIMITED,48.5,47.7,H
GOI TBILL 182D-19/09/24,99.65,99.51,H
AMBANI ORGOCHEM LIMITED,106.95,101.9,H
SEC RED NCD 9.70% SR. V,1089,1088,H
SEC RE NCD 7.90% STRPP A,318,309.96,H
SWARAJ ENGINES LTD,3447,3200,H
BAJAJ AUTO LIMITED,10517.15,10444.35,H
SPML INFRA LIMITED,257.7,255.95,H
SUVEN PHARMACEUTICALS LTD,1082.5,1080,H
THE WESTERN INDIA PLY LTD,216,215,H
NIP IND ETF LONGTERM GILT,27.54,27.25,H
AARTI PHARMALABS LIMITED,697.45,688.55,H
SHRIRAM - LIQUIDSHRI,1009.25,1008.76,H
UJAAS ENERGY LIMITED,493.7,470.2,H
INOX WIND ENERGY LIMITED,12398,12250,H
BALU FORGE INDUSTRIES LTD,849.7,777.95,H
SANSERA ENGINEERING LTD,1550,1541.7,H
SYNCOM FORMU (I) LTD,21.8,19.84,H
MIRAEAMC - ALPHAETF,29.74,29.53,H
ASHIMA LTD,37.62,3.5,H
SUMIT WOODS LIMITED,122.59,120.19,H
SUPREME ENGINEERING LTD,2.57,2.52,H
S A TECH SOFTWARE INDIA L,239.6,217.85,H
GOI TBILL 364D-12/06/25,95.56,94,H
SEC RE NCD 9.71% SR VIII,950,943,H
SEC RE NCD SR.II,1175.37,1175,H
SEC RE NCD 9% SR.IV,1075.8,1072,H
SEC RE NCD 10.75% SR XI,1098.9,990.3,H
EIMCO ELECON (INDIA) LTD,2922.6,2622.65,H
TRENT LTD,7097.95,7030,H
COAL INDIA LTD,543.55,542.25,H
HFCL LIMITED,151.89,151.23,H
JUBILANT INDUSTRIES LTD,1863.9,1783.05,H
ASIAN ENERGY SERVICES LTD,423,402.9,H
ZODIAC ENERGY LIMITED,724.95,180.1,H
JUBILANT PHARMOVA LTD,927.25,925.5,H
PB FINTECH LIMITED,1849.9,1763.2,H
SBIAMC - SBIETFQLTY,245.17,242.91,H
V MARC INDIA LIMITED,490.65,467.3,H
YATHARTH HOSP & TRA C S L,535.85,529.3,H
ZENITH DRUGS LIMITED,101.25,99.45,H
PRAKASH PIPES LIMITED,624.9,615,H
PRITIKA ENG COMPO LTD,143.5,136.7,H
KRISHNA INST OF MED SCI L,2498,2497,H
SUNGARNER ENERGIES LTD,909.2,885.5,H
ADDICTIVE LEARNING TECH L,388.3,364,H
GOI LOAN  7.02% 2027,102.2,102.05,H
MAX ESTATES LIMITED,690.5,653,H
FLEXITUFF VENTURES INT L,77.08,75.84,H
DHRUV CONSULTANCY SER LTD,156.55,149.46,H
ELGI RUBBER CO. LTD,107.24,105.14,H
GOI TBILL 364D-03/04/25,96.59,96,H
GOI TBILL 91D-05/09/24,99.8,99.7,H
RAGHAV PRODUCTIVITY ENH L,1219,1165,H
SEC RE NCD 8.89% SR.VIII,932.37,926,H
SUNDARAM BRAK LININGS LTD,1165.95,1073.85,H
HBL POWER SYSTEMS LTD.,724,684.65,H
NIP IND ETF SHARIAH BEES,592.61,591.96,H
ZEN TECHNOLOGIES LIMITED,1876.7,1863.35,H
ANIK INDUSTRIES LTD,75.86,74,H
KOKUYO CAMLIN LIMITED,204.8,193.88,H
SALZER ELECTRONICS LTD,1129,1098.95,H
LCC INFOTECH LTD,8.12,7.97,H
ERIS LIFESCIENCES LIMITED,1280,1279.65,H
E2E NETWORKS LIMITED,2657.85,2630.1,H
NIP IND ETF CONSUMPTION,135.92,134.35,H
BAHETI RECYCLING IND LTD,416.8,401.75,H
WELSPUN LIVING LIMITED,202.22,198.3,H
K2 INFRAGEN LIMITED,298.95,296,H
INCREDIBLE INDUSTRIES LTD,52.49,52.05,H
TAX FREE7.39% SR.IB,1054.9,1054,H
GLOBAL PET INDUSTRIES LTD,126,123.9,H
LEAD REC AND RUB PROD LTD,63.3,60.3,H
GOI TBILL 364D-10/07/25,95.15,94.25,H
GOI TBILL 364D-08/05/25,95.01,94.75,H
SEC RE NCD SR.V,1193,1158.67,H
GOI TBILL 91D-24/10/24,98.74,98.01,H
GLENMARK PHARMACEUTICALS,1705,1694.45,H
MARICO LIMITED,692.8,691,H
WANBURY LIMITED,229.65,223.45,H
ADITYA BIRLA MONEY LTD,163,162.9,H
WELSPUN INV & COMM LTD,1022.05,950.45,H
WINDSOR MACHINES LIMITED,208.49,202,H
DYNACONS SYS & SOLN LTD,1736.9,1658,H
HEALTHCARE GLOB. ENT. LTD,406,401,H
DOLAT ALGOTECH LIMITED,173,171.8,H
NIPPONAMC - NETFPHARMA,23.35,23.32,H
QUICK HEAL TECH LTD,724.8,662,H
V R INFRASPACE LIMITED,295,274.2,H
ALL E TECHNOLOGIES LTD,512.8,484.8,H
SKIPPER RE.0.25 PPD UP,324.5,311,H
SLONE INFOSYSTEMS LIMITED,169.75,168,H
TEERTH GOPICON LIMITED,583.65,555.9,H
KONTOR SPACE LIMITED,185,183.45,H
STYRENIX PERFORMANCE LTD,2880,2840,H
SHAH METACORP LIMITED,6.85,6.59,H
TAC INFOSEC LIMITED,812.55,773.9,H
DHARMAJ CROP GUARD LTD,382,375.45,H
MASON INFRATECH LIMITED,211.8,179.95,H
MRS BECTORS FOOD SPE LTD,1608.75,1565.95,H
DSPAMC - HEALTHADD,142.32,142.17,H
PANACHE DIGILIFE LIMITED,173.13,168.6,H
GOI TBILL 364D-14/11/24,98.72,98.19,H
MAITREYA MEDICARE LIMITED,273.4,264,H
GOI TBILL 364D-24/07/25,94.95,94.81,H
SEC RE NCD 0% SR.VII,995,994,H
KORE DIGITAL LIMITED,2533.55,2412.95,H
KRISHCA STRAPPING SLTN L,389.85,371.3,H
GOI TBILL 364D-31/07/25,94.85,93.86,H
UTSSAV CZ GOLD JEWELS LTD,208.95,186.75,H
DCW LTD,87.84,84.29,H
SUMMIT SECURITIES LTD,2325,2236.85,H
AGARWAL INDS CORP LTD.,1341.1,1335,H
INTERGLOBE AVIATION LTD,4743.8,4722,H
SPORTKING INDIA LIMITED,1548,1514.95,H
GMR POW AND URBAN INFRA L,128.16,122.4,H
ASSO ALCOHOLS & BREW LTD,935,908,H
IIFL SECURITIES LIMITED,283,279,H
AXISAMC - AXSENSEX,86.32,85,H
BIKAJI FOODS INTERN LTD,895,894.2,H
R.P.P INFRA PROJECTS LTD.,226,218.65,H
RPSG VENTURES LIMITED,1240.9,1144.9,H
SOLAR ACT RS.3.50 PPD UP,406.35,387,H
SOLARA ACTIVE PHA SCI LTD,757.2,749,H
TRUST FINTECH LIMITED,284.85,280.8,H
BOND 8.30% PA TAX FREE S2,1144.99,1144.9,H
TRANSWARRANTY FIN. LTD.,33.15,32.79,H
GOI TBILL 364D-02/01/25,97.33,96.71,H
SRI ADHIKARI BRO TELE N L,524,513.75,H
SHEKHAWATI INDUSTRIES LTD,9.06,8.89,H
GOI TBILL 91D-03/10/24,99.18,99.15,H
GOI TBILL 182D-23/01/25,96.91,96.77,H
SEC RE NCD 0% SR.II,1071.35,1062,H
SEC RE NCD 0% SR.II,1211,1201.8,H
SEC RE NCD 8.85% SR I,1010,1005,H
SEC RE NCD SR 6,1050,1032,H
GROWWAMC - GROWWEV,34.35,33.75,H
AESTHETIK ENGINEERS LTD,103.9,109.35,L
BRAINBEES SOLUTIONS LTD,621,621.9,L
SEC RE NCD 9.30% SR.I,1021.2,1027,L
SOLVE PLASTIC PRODUCTS L,101.5,102,L
BLB LIMITED,20.87,21.25,L
GACM TECHNOLOGIES LIMITED,2.05,2.22,L
ASHAPURA LOGISTICS LTD,146.2,155.1,L
DIC INDIA LIMITED,732.45,747.4,L
GOI LOAN 8.15% 2026,103.3,105.3,L
FUTURE SUPP CHAIN SOL LTD,2.86,2.92,L
TAINWALA CHEMICAL AND PLA,198.05,198.94,L
APRAMEYA ENGINEERING LTD,71,71.2,L
DOCMODE HEALTH TECH LTD,126.35,126.7,L
SHREE RAM PROTEINS LTD.,1,3.15,L
ANMOL INDIA LIMITED,36.62,43.45,L
SEC RE NCD 8.89% SR.VIII,939.95,950,L
AURUM RS. 3.12 PPD UP,176.1,178.7,L
SHRENIK LIMITED,1,1.03,L
DAVANGERE SUGAR COMPANY L,6.76,7,L
FILATEX FASHIONS LIMITED,1.2,1.25,L
PRIZOR VIZTECH LIMITED,141.25,145,L
RUBFILA INTERNATIONAL LTD,87.44,87.8,L
SARASWATI SAREE DEPOT LTD,169.05,176.06,L
AUSOM ENTERPRISE LIMITED,97,98.95,L
SUNLITE RECYCLING IND LTD,173.05,179.6,L
SEC RE NCD SR.V,1147.55,1158.67,L
DEBOCK INDUSTRIES LIMITED,5.82,6.95,L
CMI LIMITED,4.22,4.27,L
SECUR CREDENTIALS LIMITED,5.52,5.7,L
KPI GREEN ENERGY LIMITED,900,910,L
SEC RE NCD SR 6,874.8,982,L
8.66%S-R-NCD SERIES 3A,1208.2,1398.99,L

