SYMBOL,SERIES,SECURITY,HIGH/LOW,INDEX FLAG
AARVEEDEN,EQ,AARVEE DEN. & EXP. LTD,H
AHIMSA,ST,AHIMSA INDUSTRIES LTD.,H
AKG,EQ,AKG EXIM LIMITED,H
ALMONDZ,EQ,ALMONDZ GLOBAL SEC LTD,H
AMEYA,SM,AMEYA PRECISION ENG LTD,H
ANKITMETAL,BE,ANKIT MET & POW LTD,H
ARTNIRMAN,EQ,ART NIRMAN LIMITED,H
ASMS,EQ,BARTRONICS INDIA LIMITED,H
ATMASTCO,ST,ATMASTCO LIMITED,H
CEREBRAINT,EQ,CEREBRA INT TECH LTD,H
CLOUD,ST,VARANIUM CLOUD LIMITED,H
CONTI,SM,CONTINENTAL SEED CHEM LTD,H
E2E,EQ,E2E NETWORKS LIMITED,H
EFFWA,ST,EFFWA INFRA & RESEARCH L,H
FEL,BZ,FUTURE ENTERPRISES LTD,H
FLEXITUFF,EQ,FLEXITUFF VENTURES INT L,H
GATECH,EQ,GACM TECHNOLOGIES LIMITED,H
GATECHDVR,BE,GACM TECHNOLOGIES LIMITED,H
GEPIL,BE,GE POWER INDIA LIMITED,H
GGBL,ST,GANESH GREEN BHARAT LTD,H
GLOBE,EQ,GLOBE TEXTILES (I) LTD.,H
GUJRAFFIA,EQ,GUJARAT RAFFIA INDUST LTD,H
HUBTOWN,BE,HUBTOWN LIMITED,H
IITL,EQ,INDUSTRIAL INV TRUST LTD,H
INDOTECH,BE,INDO TECH TRANSFORM LTD.,H
INVENT-RE,BE,INVENTURE GRO & SEC LTD,H
INVENTURE,EQ,INVENTURE GRO & SEC LTD,H
ISHAN,SM,ISHAN INTERNATIONAL LTD,H
JHS,BE,JHS SVEND. LAB. LTD,H
KARMAENG,EQ,KARMA ENERGY LIMITED,H
KERNEX,EQ,KERNEX MICROSYS(I) LTD,H
KILITCH,EQ,KILITCH DRUGS INDIA LTD,H
KONTOR,SM,KONTOR SPACE LIMITED,H
LATTEYS,BE,LATTEYS INDUSTRIES LTD,H
MACPOWER,BE,MACPOWER CNC MACHINES LTD,H
MANAKSTEEL,EQ,MANAKSIA STEELS LTD,H
MANAV,SM,MANAV INFRA PROJECTS LTD,H
MANORG,EQ,MANGALAM ORGANICS LIMITED,H
MONQ50,EQ,MOTILALAMC - MONQ50,H
MTNL,EQ,MAHANAGAR TELEPHONE NIGAM,H
NAGREEKEXP,EQ,NAGREEKA EXPORTS LTD.,H
NEPHROCARE,ST,NEPHRO CARE INDIA LIMITED,H
NKIND,EQ,NK INDUSTRIES LTD,H
OMKARCHEM,BZ,OMKAR SPL CHEM LTD,H
OWAIS,SM,OWAIS METAL & MINERAL,H
PRITIKA,SM,PRITIKA ENG COMPO LTD,H
RELIABLE,EQ,RELIABLE DATA SERVICE LTD,H
RETAIL,EQ,JHS SVENDGAARD RETAIL V L,H
RICHA,SM,RICHA INFO SYSTEMS LTD,H
RKEC,BE,RKEC PROJECTS LIMITED,H
RSSOFTWARE,BE,R. S. SOFTWARE (INDIA) LI,H
SABAR,SM,SABAR FLEX INDIA LIMITED,H
SAGARDEEP,EQ,SAGARDEEP ALLOYS LIMITED,H
SAHAJSOLAR,ST,SAHAJ SOLAR LIMITED,H
SHUBHLAXMI,SM,SHUBHLAXMI JEWEL ART LTD,H
SIDDHIKA,SM,SIDDHIKA COATINGS LIMITED,H
SITINET,BE,SITI NETWORKS LIMITED,H
SKYGOLD,BE,SKY GOLD LIMITED,H
SUMEETINDS,EQ,SUMEET IND LIMITED,H
SUPERSPIN,EQ,SUPER SPINNING MILLS LTD,H
SURANASOL,EQ,SURANA SOLAR LIMITED,H
TECILCHEM,BE,TECIL CHEMICALS,H
TGL,ST,TEERTH GOPICON LIMITED,H
UMESLTD,BE,USHA MARTIN EDU & SOL LTD,H
VASA,ST,VASA RETAIL & OVERSEA LTD,H
VERA,SM,VERA SYNTHETIC LIMITED,H
VLEGOV,EQ,VL E GOV AND IT SOL LTD,H
VSCL,SM,VADIVARHE SPCLTY CHEM LTD,H
WINSOME,BE,WINSOME YARNS LIMITED,H
ZENITHSTL,BE,ZENITH STEEL PIP IND LTD,H
ZTECH,SM,Z-TECH (INDIA) LIMITED,H
ABMINTLLTD,BE,ABM INTERNATIONAL LTD,L
ACCURACY,BE,ACCURACY SHIPPING LIMITED,L
ACSAL,SM,ARVIND AND COMPANY,L
AJOONI,EQ,AJOONI BIOTECH LIMITED,L
AKANKSHA,ST,AKANKSHA POWER N INFRA L,L
AKI,EQ,AKI INDIA LIMITED,L
AKSHAR,EQ,AKSHAR SPINTEX LIMITED,L
ALPEXSOLAR,ST,ALPEX SOLAR LIMITED,L
ALUWIND,ST,ALUWIND ARCHITECTURAL LTD,L
AMBEY,ST,AMBEY LABORATORIES LTD,L
AMJLAND,BE,AMJ LAND HOLDINGS LIMITED,L
ANSALAPI,BZ,ANSAL PROP & INFRA LTD,L
APOLLO,EQ,APOLLO MICRO SYSTEMS LTD,L
APS,ST,AUSTRALIAN PREM SOLAR I L,L
ARHAM,SM,ARHAM TECHNOLOGIES LTD,L
ASIANHOTNR,EQ,ASIAN HOTELS (NORTH) LTD,L
ATLANTAA,BE,ATLANTAA LIMITED,L
AURIONPRO,EQ,AURIONPRO SOLN LTD,L
BBL,EQ,BHARAT BIJLEE LTD,L
BIRDYS,ST,GRILL SPLENDOUR SER LTD,L
BLUEPEBBLE,SM,BLUE PEBBLE LIMITED,L
BPL,BE,BPL LTD,L
CADSYS,SM,CADSYS (INDIA) LIMITED,L
CCHHL,BE,COUNTRY CLUB HOSP HOL LTD,L
CELLECOR,SM,CELLECOR GADGETS LIMITED,L
CENTEXT,EQ,CENTURY EXTRUSIONS LTD,L
CGRAPHICS,SM,CREATIVE GRAPHICS S IND L,L
CLOUD,ST,VARANIUM CLOUD LIMITED,L
CMMIPL,ST,CMM INFRAPROJECTS LIMITED,L
CMRSL,SM,CYBER MEDIA RES & SER LTD,L
CPS,SM,C P S SHAPERS LIMITED,L
CROWN,BE,CROWN LIFTERS LIMITED,L
CTE,BE,CAMBRIDGE TECH ENTER LTD,L
DCG,ST,DCG CABLES & WIRES LTD,L
DCI,BE,DC INFOTECH AND COMUN LTD,L
DCXINDIA,BE,DCX SYSTEMS LIMITED,L
DESTINY,SM,DESTINY LOGISTICS & I LTD,L
DIGISPICE,BE,DIGISPICE TECHNOLOGIES LT,L
DNAMEDIA,EQ,DILIGENT MEDIA CORP LTD.,L
DREDGECORP,BE,DREDGING CORP OF INDIA,L
DRONE,ST,DRONE DESTINATION LIMITED,L
DUCOL,ST,DUCOL ORGS AND COLOURS LT,L
DUCON,BE,DUCON INFRATECHNOLOGIES L,L
DYNAMIC,SM,DYNAMIC SRVCS & SEC LTD,L
EIMCOELECO,BE,EIMCO ELECON (INDIA) LTD,L
ENERGYDEV,EQ,ENERGY DEVE. CO.LTD,L
ENSER,SM,ENSER COMMUNICATIONS LTD,L
ESCONET,ST,ESCONET TECHNOLOGIES LTD,L
ESSARSHPNG,BE,ESSAR SHIPPING LTD,L
FEL,BZ,FUTURE ENTERPRISES LTD,L
FELIX,SM,FELIX INDUSTRIES LTD.,L
FROG,SM,FROG CELLSAT LIMITED,L
GATECH,EQ,GACM TECHNOLOGIES LIMITED,L
GENCON,BE,GENERIC ENG CONS PROJ LTD,L
GEPIL,BE,GE POWER INDIA LIMITED,L
GET&D,BE,GE T&D INDIA LIMITED,L
GKWLIMITED,EQ,GKW LIMITED,L
GLOBE,EQ,GLOBE TEXTILES (I) LTD.,L
GMRP&UI,EQ,GMR POW AND URBAN INFRA L,L
GODHA,BE,GODHA CABCON INSULAT LTD,L
GPTINFRA,BE,GPT INFRAPROJECTS LTD,L
GTECJAINX,BE,G-TEC JAINX EDUCATION LTD,L
GTLINFRA,EQ,GTL INFRA.LTD,L
GVKPIL,EQ,GVK POW. & INFRA LTD.,L
GVPTECH,EQ,GVP INFOTECH LIMITED,L
HIRECT,EQ,HIND RECTIFIER LIMITED,L
HMT,BZ,HMT LTD -,L
INDOTECH,BE,INDO TECH TRANSFORM LTD.,L
INDOWIND,BE,INDOWIND ENERGY LTD,L
INSPIRISYS,EQ,INSPIRISYS SOLUTIONS LTD,L
IRIS,BE,IRIS BUSINESS SERV LTD,L
JFLLIFE,ST,JFL LIFE SCIENCES LIMITED,L
JNKINDIA,BE,JNK INDIA LIMITED,L
JPASSOCIAT,BE,JAIPRAKASH ASSOCIATES LTD,L
KARMAENG,EQ,KARMA ENERGY LIMITED,L
KAYA,BE,KAYA LIMITED,L
KCEIL,ST,KAY CEE ENERGY & INFRA L,L
KEEPLEARN,BE,DSJ KEEP LEARNING LTD,L
KEYFINSERV,EQ,KEYNOTE FIN SERV LTD.,L
KODYTECH,SM,KODY TECHNOLAB LIMITED,L
KORE,ST,JAY JALARAM TECHNO LTD,L
KPIGREEN,EQ,KPI GREEN ENERGY LIMITED,L
KSHITIJPOL,BE,KSHITIJ POLYLINE LIMITED,L
LGHL,EQ,LAXMI GOLDORNA HOUSE LTD,L
LPDC,BE,LANDMARK PR.DEV.CO.LTD,L
LRRPL,SM,LEAD REC AND RUB PROD LTD,L
MACPOWER,BE,MACPOWER CNC MACHINES LTD,L
MAGNUM,EQ,MAGNUM VENTURES LTD.,L
MAHEPC,BE,MAHINDRA EPC IRRIG LTD,L
MANAKALUCO,EQ,MANAK ALUMINIUM CO. LTD.,L
MARINE,BE,MARINE ELECTRICAL (I) LTD,L
MAXIND,EQ,MAX INDIA LIMITED,L
MBLINFRA,BE,MBL INFRASTRUCTURE LTD,L
MEDICO,BE,MEDICO REMEDIES LIMITED,L
MEGATHERM,ST,MEGATHERM INDUCTION LTD,L
MGEL,BE,MANGALAM GLOBAL ENT LTD,L
MICEL,BE,MIC ELECTRONICS LTD,L
MILTON,SM,MILTON INDUSTRIES LIMITED,L
MPTODAY,SM,M P TODAY MEDIA LIMITED,L
MUKKA,EQ,MUKKA PROTEINS LIMITED,L
NAGREEKCAP,BE,NAGREEKA CAP & INFR.LTD,L
NORBTEAEXP,EQ,NORBEN TEA & EXPORTS LTD,L
OCCL,BE,ORIENTAL CARBN & CHEM LTD,L
OLIL,ST,ONECLICK LOGISTICS IND L,L
OMAXE,BE,OMAXE LIMITED,L
ORIANA,SM,ORIANA POWER LIMITED,L
ORIENTLTD,EQ,ORIENT PRESS LIMITED,L
OWAIS,SM,OWAIS METAL & MINERAL,L
PARIN,SM,PARIN FURNITURE LIMITED,L
PATTECH,SM,PATTECH FITWELL TUB COM L,L
PCJEWELLER,EQ,PC JEWELLER LTD,L
PRATHAM,SM,PRATHAM EPC PROJECTS LTD,L
PREMEXPLN,BE,PREMIER EXPLOSIVES LTD,L
PROLIFE,SM,PROLIFE INDUSTRIES LTD,L
PTCIL,BE,PTC INDUSTRIES LIMITED,L
RAJTV,BE,RAJ TV NETWORK LTD,L
RAYMOND,BE,RAYMOND - DEP SETT,L
REFRACTORY,ST,REFRACTORY SHAPES LIMITED,L
RILINFRA,ST,RACHANA INFRA LTD,L
RKDL,BE,RAVI KUMAR DIST. LTD.,L
RKEC,BE,RKEC PROJECTS LIMITED,L
ROLLT,BE,ROLLATAINERS LIMITED,L
RULKA,ST,RULKA ELECTRICALS LIMITED,L
SABAR,SM,SABAR FLEX INDIA LIMITED,L
SADBHAV,BE,SADBHAV ENGINEERING LTD,L
SEMAC,BE,SEMAC CONSULTANTS LIMITED,L
SERVOTECH,EQ,SERVOTECH POWER SYS LTD.,L
SHAKTIPUMP,BE,SHAKTI PUMPS (I) LTD,L
SHRENIK,BE,SHRENIK LIMITED,L
SIDDHIKA,SM,SIDDHIKA COATINGS LIMITED,L
SIMBHALS,BE,SIMBHAOLI SUGARS LTD.,L
SINDHUTRAD,EQ,SINDHU TRADE LINKS LTD,L
SKYGOLD,BE,SKY GOLD LIMITED,L
SOLARAPP,X1,SOLAR ACT RS.3.50 PPD UP,L
SOLEX,SM,SOLEX ENERGY LIMITED,L
SONUINFRA,ST,SONU INFRATECH LIMITED,L
SOTAC,ST,SOTAC PHARMACEUTICALS LTD,L
SPECTRUM,SM,SPECTRUM ELECTRIC IND LTD,L
SPMLINFRA,EQ,SPML INFRA LIMITED,L
SPRL,ST,SP REFRACTORIES LIMITED,L
SSFL,SM,SRIVARI SPICES N FOODS L,L
SUPREMEPWR,ST,SUPREME POWER EQUIPMENT L,L
SWARAJ,SM,SWARAJ SUITING LIMITED,L
SWSOLAR,EQ,STRLNG & WIL REN ENE LTD,L
SYLVANPLY,SM,SYLVAN PLYBOARD (INDIA) L,L
TAC,SM,TAC INFOSEC LIMITED,L
TAINWALCHM,BE,TAINWALA CHEMICAL AND PLA,L
TARC,BE,TARC LIMITED,L
TBI,ST,TBI CORN LIMITED,L
TCLCONS,BE,TANTIA CONSTRUCTIONS LTD,L
TECHIN,BE,TECHINDIA NIRMAN LIMITED,L
TECHLABS,ST,TRIDENT TECHLABS LIMITED,L
TGL,ST,TEERTH GOPICON LIMITED,L
TIJARIA,BE,TIJARIA POLYPIPES LTD,L
TIRUPATI,SM,SHREE TIRUPATI BALAJEE,L
TPHQ,BE,TEAMO PRODUCTIONS HQ LTD,L
UMANGDAIRY,EQ,UMANG DAIRIES LIMITED,L
URBAN,SM,URBAN ENVIRO WASTE MGMT L,L
VARDMNPOLY,EQ,VARDHMAN POLYTEX LTD.,L
VASA,ST,VASA RETAIL & OVERSEA LTD,L
VEEKAYEM,SM,VEEKAYEM FASH & APP LTD,L
VERTEXPLUS,ST,VERTEXPLUS TECHNOLOGIES L,L
VILAS,ST,VILAS TRANSCORE LIMITED,L
VINYAS,ST,VINYAS INNOVATIVE TECH L,L
VIPCLOTHNG,BE,VIP CLOTHING LIMITED,L
VIPULLTD,EQ,VIPUL LIMITED,L
VITAL,ST,VITAL CHEMTECH LIMITED,L
VIVIANA,ST,VIVIANA POWER TECH LTD,L
VMARCIND,SM,V MARC INDIA LIMITED,L
WINDMACHIN,EQ,WINDSOR MACHINES LIMITED,L
YUDIZ,ST,YUDIZ SOLUTIONS LIMITED,L
YUKEN,EQ,YUKEN INDIA LIMITED,L
ZENITHSTL,BE,ZENITH STEEL PIP IND LTD,L
