SECURITY,NEW,PREVIOUS,NEW_STATUS
ALMONDZ GLOBAL SEC LTD,168.04,166.72,H
SGB2.50%MAY2025SR-I 17-18,7799.99,7759.98,H
SBI-ETF NIFTY 50,261.25,260.79,H
2.50%GOLDBONDS2027SR-VI,7850,7700,H
2.50%GOLDBONDS 2025 SR-XI,7600,7533,H
2.5%GOLDBONDS2028SR-III,7999,7850,H
HDFCAMC - HDFCGROWTH,123.5,122.5,H
NIP IND ETF IT,43.49,42.8,H
2.50%GOLDBONDS2029SR-XI,7983,7888.99,H
2.50%GOLDBONDS2029SR-IV,7917.99,7909.5,H
E2E NETWORKS LIMITED,1776.7,1692.1,H
ICICIPRAMC - ICICI10GS,233.5,233.43,H
ICICIPRAMC - ICICICONSU,118.2,118,H
ICICIPRAMC - ICICITECH,43.46,42.7,H
2.50%GOLDBONDS2030SR-III,8148.99,8141.39,H
MIRAEAMC - ITETF,45.5,40.7,H
GUJARAT RAFFIA INDUST LTD,53.48,50,H
GOI TBILL 182D-29/08/24,99.22,99.05,H
INFOLLION RESEARCH SER L,272,261,H
GOI TBILL 364D-25/07/24,99.89,99.87,H
2.50% GOLDBONDS2025SR-VII,7600,7599,H
2.50%GOLDBONDS2028SR-VI,7949.99,7940,H
2.50%GOLDBONDS2029SR-XII,7900,7898.99,H
LE MERITE EXPORTS LIMITED,158.9,157.4,H
KOTAK NIFTY ETF,285,271.5,H
PLATINUM INDUSTRIES LTD,272,269.9,H
DSPAMC - DSPITETF,42.17,40.76,H
GOI TBILL 182D-22/08/24,99.36,99.25,H
KALPATARU PROJECT INT LTD,1427.85,1410,H
AHIMSA INDUSTRIES LTD.,22.8,21.75,H
VL E GOV AND IT SOL LTD,90.87,87,H
RELIABLE DATA SERVICE LTD,71.4,68.4,H
ORIENTAL CARBN & CHEM LTD,400,250.15,H
GOI TBILL 182D-26/09/24,98.39,97.75,H
TATA CONSULTANCY SERV LT,4358.75,4325,H
KARMA ENERGY LIMITED,101.53,96.7,H
HMT LTD -,105,101.76,H
BANDHANAMC - IDFNIFTYET,271.5,270.4,H
2.50% GOLDBONDS2025SR-VI,7777.77,7600,H
INSPIRISYS SOLUTIONS LTD,158.4,153.7,H
2.50%GOLDBONDS2025 SR-XII,7800,7601,H
2.50%GOLDBONDS2028SR-VII,7900,7850,H
2.5%GOLDBONDS2029SR-II,7975,7930,H
SBIAMC - SBIETFIT,433.01,428.7,H
TATAAML - TNIDETF,92,90.86,H
ICICIPRAMC - ICICI500,39.38,39.2,H
IRIS BUSINESS SERV LTD,285,277.39,H
GOI TBILL 182D-19/09/24,99.3,98.49,H
SONU INFRATECH LIMITED,78.65,78.55,H
MCON RASAYAN INDIA LTD,193.9,190.55,H
EFFWA INFRA & RESEARCH L,198.7,189.25,H
KIRLOSKAR ELECTRIC CO LTD,254.79,247.23,H
MANAPPURAM FINANCE LTD,230.4,229.75,H
INDO TECH TRANSFORM LTD.,2222.15,2116.35,H
LICNAMC - LICNFNHGP,283.7,280.5,H
2.50%GOLDBONDS2027SR-VI,7804,7799,H
2.50%GOLDBONDS2028SR-II,7937,7859.99,H
2.50%GOLDBONDS2028SR-V,8000,7999.98,H
MOTILALAMC - MONQ50,78.02,78,H
2.5%GOLDBONDS2029SR-I,7949,7935.05,H
SUPREME ENGINEERING LTD,1.67,1.64,H
2.50%GOLDBONDS2031SR-II,8135,8099.89,H
SOMI CONVEYOR BELT. LTD.,227.78,149.9,H
SHRIRAM - LIQUIDSHRI,1002.89,1002.72,H
AIA ENGINEERING LIMITED,4699.95,4630,H
NUCLEUS SOFTWARE EXPORTS,1645,1551,H
SBIAMC - SBIETFQLTY,239.7,236,H
2.50%GOLDBONDS2027SR-V,7950,7795.55,H
2.5%GOLDBONDS2029SR-VI,7990,7885,H
AXISAMC - AXISTECETF,437.7,437.1,H
KCK INDUSTRIES LTD,207.95,204,H
SEC RE NCD 7.90% STRPP C,439,412,H
MOTILALAMC - MOSMALL250,18.59,17.98,H
KOTAKMAMC - KOTAKIT,43.37,43,H
SHEKHAWATI POLY-YARN LTD.,5.62,5.51,H
GOI LOAN  7.1% 2034,103.25,102.95,H
SEC RE NCD SR.V,1179.9,1179,H
KAVVERI TEL. LTD.,28.36,27.81,H
GOI TBILL 364D-03/04/25,94.83,94.2,H
NEPHRO CARE INDIA LIMITED,278.3,265.05,H
OMAXE LIMITED,130.95,130,H
RKEC PROJECTS LIMITED,143.17,136.36,H
SEC RE NCD 9.25% SR II,975,965,H
INVENTURE GRO & SEC LTD,0.9,0.75,H
NIP IND ETF SHARIAH BEES,570.39,563,H
POWER MECH PROJECTS LTD.,6118,6080,H
2.50% GOLDBONDS2025SR-IV,7998.99,7878.78,H
SGB2.50%JUL2025SR-II17-18,7890,7845,H
LCC INFOTECH LTD,5.05,4.96,H
2.5%GOLDBONDS2029SR-VII,7910,7900,H
TAX FREE7.50% SR.104 A,1244.7,1243,H
K2 INFRAGEN LIMITED,296,287.7,H
NIRMAN AGRI GENTICS LTD,460.5,438.65,H
GOI TBILL 364D-08/05/25,94.2,94.01,H
PIDILITE INDUSTRIES LTD,3243.05,3231,H
FOSECO INDIA LTD,4440,4390.5,H
MANGALAM CEMENT LTD,948.9,948,H
BARAK VALLEY CEM. LTD.,73.65,69,H
2.50%GOLDBONDS2027SR-I,7969,7850,H
2.50%GOLDBONDS2027SR-IV,8000,7800,H
HUBTOWN LIMITED,195.74,187.57,H
2.50%GOLDBONDS2029SR-IX,7900,7895,H
INDUS TOWERS LIMITED,424.7,423.2,H
KONTOR SPACE LIMITED,136.3,133.85,H
MACPOWER CNC MACHINES LTD,1736.95,1654.25,H
ENSER COMMUNICATIONS LTD,214.8,213.35,H
HDFCAMC - HDFCNIFTY,285.01,273.47,H
DSPAMC - HEALTHADD,132.9,132.68,H
VERTEXPLUS TECHNOLOGIES L,191.8,186.8,H
GOI TBILL 182D-01/11/24,97.73,97.71,H
KORE DIGITAL LIMITED,1646,1615,H
GANESH GREEN BHARAT LTD,460.65,438.75,H
VST INDUSTRIES LTD,4849.75,4848,H
2.50%GOLDBONDS2025SR-XIII,7750,7747,H
BLUE CHIP INDIA LIMITED,5.38,5.28,H
SRI ADHIKARI BRO TELE N L,319.78,313.51,H
SEC RE NCD 0% SR.II,1200,1193.79,H
SEC RE NCD 8.85% SR I,1003,1002,H
SEC RE NCD SR.V,1224.55,1220.45,H
UN SE RE NCD 8.55% SR.VI,1069.92,1069,H
KOTAKMAMC - KTKNV20ETF,160.14,158.99,H
GOI TBILL 91D-23/08/24,99.9,99.4,H
SEC RE NCD SR.VI,995,989.63,H
SEC RE NCD 9.55% SR.VII,975,960,H
DIGIDRIVE DISTRIBUTORS L,32.97,33.15,L
ATAL REALTECH LIMITED,6.85,6.86,L
GLOSTER LIMITED,799.9,799.95,L
GOYAL ALUMINIUMS LIMITED,9,9.05,L
VITAL CHEMTECH LIMITED,95.4,100.4,L
DOCMODE HEALTH TECH LTD,114.55,116.85,L
MEP INFRA. DEVELOPERS LTD,6.5,6.63,L
DURLAX TOP SURFACE LTD,74.6,77,L
ZENITH EXPORTS LTD,315.1,321.5,L
SHRADHA INFRAPROJECTS LTD,140.21,143.08,L
AMBEY LABORATORIES LTD,83.65,85,L
MIRAEAMC - EVINDIA,32.26,32.75,L
SALASAR TECHNO ENGG. LTD.,17.55,17.66,L
MAITREYA MEDICARE LIMITED,113.85,115,L
IRIS CLOTHINGS LIMITED,62.1,62.35,L
GRILL SPLENDOUR SER LTD,75.95,79.95,L
SEC RE NCD 9.15% SR.VIII,815.45,905,L
NANDANI CREATION LIMITED,39.82,40.64,L
UNSEC RE NCD 10% SR.I,936,942,L
SEC RE NCD 9.45% SR. I,960,991,L
RACHANA INFRA LTD,59.5,62.6,L
VRAJ IRON AND STEEL LTD,233,240.06,L
SHIVALIC POWER CONTROL L,309.2,321,L
PTC INDUSTRIES LIMITED,13530.45,13800,L
SURAJ ESTATE DEVELOPERS L,560,585,L
ANMOL INDIA LIMITED,32.36,33.96,L
HOAC FOODS INDIA LIMITED,150,150.3,L
BOND 8.71% TAX FREE S2B,1150,1152.24,L
FALCON TECHNOPROJ IND LTD,70.2,72,L
DIENSTEN TECH LIMITED,193.05,200.6,L
AKSHAR SPINTEX LIMITED,2.19,2.31,L
PRAXIS HOME RETAIL LTD,11.74,11.98,L
DAVANGERE SUGAR COMPANY L,8.03,8.26,L
FILATEX FASHIONS LIMITED,6.86,6.95,L
SBIAMC - SBISILVER,89,90.1,L
SEC RE NCD 8.43% SR.VI,875.5,880,L
PALRED TECHNOLOGIES LTD,93.1,95.01,L
EQUINOX INDIA DEV LTD,129.2,134.21,L
JNK INDIA LIMITED,735.9,772.1,L
EXICOM TELE SYSTEMS LTD,422.05,441,L
GE POWER INDIA LIMITED,441,464.2,L
DCX SYSTEMS LIMITED,374.8,390,L
BAWEJA STUDIOS LIMITED,74,77.75,L
SMARTLINK HOLDINGS LTD,301.85,307.85,L
AKME FINTRADE (INDIA) LTD,92.71,96.3,L
SHREEOSWAL S AND CHE LTD,24.75,25.11,L
SUUMAYA INDUSTRIES LTD,5.52,5.62,L
ALLIED BLEND N DISTILS L,299.1,306.7,L
SEC RE NCD 8.35% SR.I,910,950,L
MAHINDRA EPC IRRIG LTD,144.78,145.55,L
AKIKO GLOBAL SERVICES L,73,75.2,L
VERTOZ ADVERTISING LTD,36,36.05,L
CUPID LIMITED,82.75,84,L
VARANIUM CLOUD LIMITED,23.9,25.15,L
DELPHI WORLD MONEY LTD,199.45,201,L
KRONOX LAB SCIENCES LTD,146,148.05,L
SEC RED NCD 9.43% SR. VI,926,933,L
NHB 8.93 NCD TR II SR 2 B,5600,5675,L
PETRO CARBON AND CHEMI L,289,290.1,L
SOLAR ACT RS.3.50 PPD UP,270.75,283.2,L
AMJ LAND HOLDINGS LIMITED,55.67,58.55,L
SEC RE NCD SR.VI,980,989.63,L
NAKODA RE.2.50 PPD UP,15.05,18.54,L

