SYMBOL,SYMBOL P/E,ADJUSTED P/E
EDELWEISS,11.27,11.27
RGL,13.03,13.03
COLPAL,64.14,63.46
ECLERX,23.72,23.66
BRIGADE,73.43,73.43
MANAKSIA,8.22,6.23
AMBIKCO,15.05,15.05
BIRLAMONEY,17.29,17.29
CORDSCABLE,31.48,31.48
HERCULES,56.36,56.36
SEPC,121.61,121.61
IRB,45.29,45.29
GSS,33.42,33.42
RECLTD,11.36,11.36
NESCO,17.92,17.92
TITAGARH,75.04,74.6
DIGISPICE,18.04,41.44
GOKUL,216.45,17.73
ALMONDZ,17.7,46.49
VINYLINDIA,33.96,33.96
ZFCVINDIA,73.7,73.7
JOCIL,102.23,102.23
ALKALI,123.97,103.27
TPHQ,25.61,25.61
MAWANASUG,12.32,12.32
GKWLIMITED,147.34,147.34
GLOBUSSPR,25.05,25.05
EXPLEOSOL,21.79,21.79
RTNPOWER,.95,
REFEX,28.67,28.64
JSWENERGY,72.93,72.93
HINDCOPPER,104.7,104.7
NESTLEIND,101.4,101.78
UNITEDTEA,13.08,13.08
THANGAMAYL,39.33,39.33
ISFT,21.78,21.78
SJVN,63.43,68.22
KIRLOSIND,16.17,14.58
TI,34.75,34.03
AHLEAST,6.98,9.13
UGARSUGAR,43.62,43.62
DEEPAKNTR,47.61,51.45
GREENPOWER,53.56,62.48
ASHOKA,11.15,12.87
OBEROIRLTY,32.58,32.58
SHAH,45.05,45.05
IOLCP,18,18
RPPINFRA,10.41,10.41
KIRLOSENG,42.76,41.78
DHUNINV,12.23,12.23
VADILALIND,21.45,21.45
VSTTILLERS,28.83,28.83
RUSHIL,21.14,21.14
LTF,18.59,18.59
BROOKS,145.14,145.14
PGEL,67.99,67.99
INDOTHAI,18.97,18.97
DSSL,30.29,30.29
JISLDVREQS,.92,.92
RUPA,32.49,31.26
KANANIIND,96.83,96.83
IRFC,41.84,41.84
RHIM,,46.99
SCHNEIDER,109.79,107.7
TBZ,16.89,16.89
SPECIALITY,28.27,28.27
RTNINDIA,24.65,22.08
PROZONER,195.07,195.07
THEJO,59,59
MAYURUNIQ,21.79,21.79
DUCON,27.57,27.57
TVSHLTD,13.85,13.83
CARERATING,29.83,29.83
INDUSTOWER,18.7,18.7
IBULHSGFIN,6.9,6.9
SREEL,25.25,25.25
CASTROLIND,29.39,29.39
AGARIND,16.54,16.54
GOCLCORP,47.14,49.28
INTELLECT,46.36,46.13
FCL,33.49,33.49
APOLSINHOT,33.62,33.62
GENUSPAPER,179.4,179.4
GANECOS,93.64,93.64
JMA,8.9,8.9
IMAGICAA,7.49,127.34
LFIC,6.08,6.08
VRLLOG,56.66,56.93
TPLPLASTEH,38.84,38.84
SKIPPER,48.36,48.36
SHYAMCENT,499.63,499.63
SYNGENE,60.5,59.45
PKTEA,23.1,23.1
ARVSMART,63.36,63.36
GUJGASLTD,38.27,39.8
COFFEEDAY,,6.3
TTKHLTCARE,32.25,32.25
KRIDHANINF,,60.09
ALKEM,34.8,33.06
QUICKHEAL,134.43,134.43
BHAGERIA,39.67,39.67
GOKULAGRO,18.69,18.69
PDMJEPAPER,12.15,12.15
WEALTH,18.56,18.56
THYROCARE,49.49,49.39
SAGARDEEP,74.09,74.09
UNITEDPOLY,29.92,29.92
BLS,44.66,44.66
INCREDIBLE,33.42,33.42
HSCL,45.71,45.71
RANASUG,14.01,14.01
ARENTERP,19.88,19.88
UFLEX,,13.88
ADVANIHOTR,25.59,25.59
SUBROS,44.48,44.48
WIPRO,26.92,26.92
UNIVCABLES,82.96,82.96
TATACOMM,58.82,70.14
MURUDCERA,65.49,65.49
SANOFI,26.61,25.76
KAJARIACER,50.2,50.18
MODTHREAD,8.94,8.94
MANGLMCEM,42.36,42.36
PIDILITIND,92.73,90.15
JINDALSAW,11.37,11.37
STYRENIX,22.28,22.28
BRITANNIA,66.17,66.1
KOTAKBANK,20.2,20.2
ANDHRAPAP,6.67,6.67
AARTIIND,61.29,61.29
KSB,84.33,84.33
GODFRYPHLP,30.85,30.85
SUDARSCHEM,17.84,56.87
HINDALCO,15.27,15.29
AMBUJACEM,36.06,37.78
CGPOWER,120.93,123.9
BEL,58.13,58.13
PEARLPOLY,80.48,80.48
TTKPRESTIG,54.75,54.75
SUNDRMBRAK,28.87,28.87
AARTIDRUGS,28.07,28.07
WENDT,76.02,76.02
PUNJABCHEM,31.89,31.89
MMFL,22.81,22.98
GUJRAFFIA,50.58,50.58
BANKBARODA,7.18,7.18
BANKINDIA,8.82,8.82
INDSWFTLAB,2.59,11.15
KRBL,12.01,12.01
AXISCADES,70.22,70.22
HIKAL,61.3,61.3
ACLGATI,234.29,
LUPIN,42.81,42.81
BHARTIARTL,144.4,92.27
APTECHT,41.75,35.88
CANBK,6.58,6.58
UCOBANK,41.06,41.06
JAIBALAJI,16.75,16.75
UPL,,20.5
VAIBHAVGBL,42.15,40.33
DAMODARIND,20.95,20.95
POKARNA,24.94,24.94
GPTINFRA,35.33,35.33
LLOYDSENGG,118.06,118.06
LTIM,37.33,37.33
GATECH,91.19,91.19
ADVENZYMES,30.79,28.67
NDGL,13.19,13.19
BIGBLOC,64.16,64.16
MBAPL,79.01,79.01
GNA,19,19
CROWN,56.1,56.1
HPL,84.85,84.85
SAKAR,66.36,66.36
PANSARI,35.51,35.51
ARTNIRMAN,139.84,139.84
VBL,93.45,93.45
JETFREIGHT,303.1,
TCIEXP,35.03,35.03
TERASOFT,26.95,23.66
LIBAS,8.56,8.56
CAPTRUST,90.16,90.16
MAHESHWARI,14.2,14.2
MCL,83.8,83.8
PRICOLLTD,42.83,42.83
STEELCITY,11.8,11.8
JITFINFRA,22.32,27.01
KRISHANA,40.48,40.48
SANGINITA,63.29,63.29
AKASH,310.47,310.47
TASTYBITE,61.61,61.61
AIRAN,29.09,29.09
ARIHANTSUP,22,22
EIFFL,171.73,171.73
SHANKARA,20.46,20.46
FOCUS,24.07,24.07
SIKKO,41.52,41.52
INFOBEAN,48.13,48.13
PSPPROJECT,21.97,21.97
TEJASNET,390.43,390.43
ACEINTEG,55.36,55.36
DYNPRO,117.46,117.46
COCHINSHIP,88.06,88.06
VAISHALI,234.41,234.41
GEEKAYWIRE,12.61,12.61
SERVOTECH,221.06,221.06
DIXON,196,196
CHOLAHLDNG,7.31,7.31
DPWIRES,27.62,27.62
DIAMONDYD,40.45,39.87
AIROLAM,26.16,26.16
GATECHDVR,24.3,24.3
TCPLPACK,21.96,21.96
NAM-INDIA,37.23,37.23
SECURCRED,7.45,7.45
IFGLEXPOR,27.95,27.95
SILVERTUC,58.63,58.63
DNAMEDIA,.46,
ONEPOINT,64.14,64.14
MOKSH,15.03,15.03
SILLYMONKS,152.85,152.85
AMBER,105.22,105.22
SOUTHWEST,39.27,41.69
HGINFRA,21.08,21.54
HINDCON,44.08,44.08
UNIINFO,71.82,71.82
HAL,44.17,44.17
URAVI,324.41,324.41
KAPSTON,30.66,30.66
MIDHANI,100.94,100.94
MMP,30.64,30.64
CHEMFAB,37.6,37.6
AAKASH,23,23
SOFTTECH,138.17,138.17
SIRCA,39.8,39.8
LATTEYS,66.44,66.44
SONAMLTD,31.81,31.81
ADANIGREEN,285.09,228.61
PRITI,19.42,19.42
ACCURACY,386.84,386.84
RITES,35.77,35.77
GANGAFORGE,191.42,195.58
REPL,21.95,21.95
AVROIND,28.34,28.34
TEMBO,20.47,20.94
CREDITACC,14.3,14.3
AARON,43.84,43.84
LAGNAM,17.93,17.93
RPPL,29.97,29.97
AKG,45.99,45.99
IRCON,33.31,33.31
AHLADA,10.93,10.93
RAJMET,25.45,25.45
AAVAS,28.63,28.63
KSHITIJPOL,43.23,
KRITIKA,49.9,49.9
SILGO,20.44,20.44
VINNY,27.5,27.5
BBTCL,30,30
MARINE,142.67,143.39
IRISDOREME,42.66,42.66
ATGL,150.7,150.7
TECHNOE,59.76,59.76
UNIPARTS,18.23,18.23
SHRIRAMPPS,4.7,4.7
AWHCL,17.6,17.6
RPSGVENT,12.2,12.2
MSTCLTD,28.98,28.98
ANUP,34.88,34.88
ARVINDFASN,64.4,61.72
PAR,20.36,20.36
RVNL,83.16,83.16
POLYCAB,54.69,54.69
METROPOLIS,81,81
KPITTECH,85.04,85.04
NEOGEN,118.46,118.46
VIKASLIFE,63.51,36.73
EMAMIPAP,10.13,10.13
CONFIPET,25.16,25.16
PPL,13.01,13.01
DGCONTENT,35.21,35.21
INDIAMART,46.77,46.58
OAL,173.29,173.29
SATIA,6.1,6.1
WEL,157.62,157.62
CHEMCON,49.1,49.1
SPANDANA,10.33,10.33
HNDFDS,71.85,71.85
UJJIVANSFB,6.63,6.63
IRCTC,72.74,70.04
DCI,42.47,42.47
IIFLSEC,11.23,11.23
HPIL,124.72,124.72
VISHWARAJ,23.45,23.45
FLUOROCHEM,82.4,82.4
KUANTUM,7.87,7.87
CHEMBOND,19.11,19.11
MGEL,22.57,22.57
SBICARD,28.97,28.97
SIGMA,22.41,22.41
CSBBANK,11.07,11.07
EASEMYTRIP,69.64,42.12
ROSSARI,34.48,34.48
PRINCEPIPE,41.76,45.36
ESAFSFB,6.23,6.23
ARTEMISMED,63.04,63.04
SUMICHEM,68.2,68.2
LGHL,84.72,89.34
MAHEPC,254.92,198.01
SUVENPHAR,73.95,73.95
STOVEKRAFT,57.98,57.98
KSOLVES,41.41,41.41
HAPPSTMNDS,50.78,52.9
AARTISURF,28.22,28.22
BOROLTD,59.49,59.49
MAXHEALTH,85.88,85.88
PAVNAIND,50.11,50.11
KALYANKJIL,89.78,89.78
SHAREINDIA,14.8,14.78
UNIDT,49.97,49.97
ANGELONE,16.24,16.24
NIRAJ,19.49,13.17
CAMS,58.45,58.45
SURYODAY,8.99,8.99
UTIAMC,16.55,16.55
RAILTEL,68.66,71.36
BECTORFOOD,61.7,61.7
ORCHPHARMA,62.46,62.46
INDIGOPNTS,47.75,47.75
LXCHEM,59.78,59.78
MTARTECH,106.75,106.75
ANURAS,51.3,51.3
KANPRPLA,286.1,286.1
STYLAMIND,25.38,25.22
CLSEL,9.61,9.61
CARYSIL,37.2,37.2
MODISONLTD,21.92,27.55
BCLIND,15.81,15.74
BHAGCHEM,181.31,181.31
SMCGLOBAL,8.63,8.63
ARIHANTCAP,12.03,12.03
NAZARA,79.34,78.63
GENCON,24.36,24.36
HLEGLAS,71.76,66.99
SONACOMS,80.59,79.58
PARAS,175.65,175.65
CRAFTSMAN,36.88,36.88
EXXARO,181.51,181.51
ROLEXRINGS,36.92,33.47
KIMS,50.81,50.8
CLEAN,64.41,64.41
GLS,22.15,22.15
DEEPINDS,15.81,15.98
WINDLAS,25.26,25.26
CARTRADE,54.57,54.57
APTUS,26.36,26.36
SUPRIYA,27.02,27.02
VIJAYA,65.66,64.85
VINEETLAB,52.78,52.78
SANSERA,40.96,40.96
BAJAJHCARE,,33.51
AAREYDRUGS,30.95,30.95
GRINFRA,12.61,15.71
HPAL,43.98,44.34
UGROCAP,20.28,20.28
YUKEN,98.22,98.22
SGIL,41.93,41.93
ANANDRATHI,65.7,65.7
SJS,29.19,29.19
FINOPB,29.02,29.02
POLICYBZR,998.62,998.62
NYKAA,1180.47,1180.47
AWL,246.95,197.43
MONARCH,12.41,12.41
SAPPHIRE,190.13,190.13
PRUDENT,62.93,62.93
EPIGRAL,30.48,30.48
NUVOCO,84.52,84.52
GOCOLORS,69.92,69.92
TRACXN,150.63,150.63
CMSINFO,24.19,24.19
FUSION,8.81,8.81
COASTCORP,81.39,81.39
TARSONS,60.95,60.95
MEDPLUS,157.74,157.74
TEGA,63.83,63.83
RATEGAIN,65.26,65.26
MANORG,87.26,87.26
LATENTVIEW,70.08,70.08
METROBRAND,88,88
MICEL,35.74,39.94
PASUPTAC,27.21,27.21
FOODSIN,23.45,23.43
PARADEEP,74.04,74.04
MAPMYINDIA,94.51,94.51
TMB,6.84,6.84
KRITI,44.14,44.14
MANYAVAR,60.91,60.91
GANESHBE,19.24,19.22
GVPTECH,81.9,81.9
DMCC,65.42,65.42
MEDICAMEQ,62.68,62.68
EMIL,46.66,46.66
SHIVALIK,56.44,56.44
UMAEXPORTS,28.24,27.43
DATAPATTNS,97.13,97.13
MEDANTA,67.63,67.63
AHL,29.31,29.31
MALLCOM,23.6,23.6
IRIS,61.11,61.11
ASIANENE,55.86,52.12
SMLT,18.15,18.15
NRL,71.13,71.13
RADIANTCMS,19.44,19.44
CHOICEIN,54.43,54.43
HARIOMPIPE,34.71,34.71
GRWRHITECH,26.67,26.67
DCMSRIND,16.71,16.71
RAJRILTD,284.7,284.7
EMUDHRA,94.32,94.32
DYCL,37.89,37.89
FIVESTAR,26.8,26.8
STARTECK,17.2,17.2
SBC,69.87,69.87
ELDEHSG,28.66,28.66
SEJALLTD,107.39,107.39
RELCHEMQ,56.14,56.14
SYRMA,66.07,65.58
ZIMLAB,31.15,31.15
CAMPUS,100.44,100.44
VENUSPIPES,50.9,50.9
AETHER,141.3,75.09
MEGASTAR,54.16,54.16
LANDMARK,45.63,44.19
RACE,378,378
ETHOSLTD,121.37,121.37
MSUMI,51.57,51.57
HARSHA,42.62,42.62
OBCL,30.39,30.39
INDOAMIN,25.09,25.09
ACI,27.07,27.07
RITCO,22.96,22.96
SADHNANIQ,493.27,493.27
CHEVIOT,12.08,12.08
HMAAGRO,26.12,26.12
KFINTECH,53.22,53.22
DCXINDIA,57.99,57.99
AKSHAR,20.06,20.06
KAYNES,142.07,142.07
AXITA,26.95,26.95
PLAZACABLE,102.4,102.4
TRU,50.77,50.77
TIPSFILMS,232.45,232.45
SPLPETRO,48.94,48.94
CSLFINANCE,16.62,16.62
RUSTOMJEE,109.18,109.18
GENSOL,67.87,67.76
GSLSU,46.79,46.79
MANORAMA,98.02,98.02
GRMOVER,20.02,20.02
SULA,44.71,44.71
KRITINUT,13.27,13.27
KALAMANDIR,25.88,25.88
AVALON,123.1,123.1
BAIDFIN,18.13,18.13
BLUEJET,59.86,56.58
SCPL,23.84,23.84
SUKHJITS,15.34,15.34
SKYGOLD,62.09,62.09
DIVGIITTS,53.73,53.73
IKIO,39.34,39.34
MANOMAY,33.87,33.87
AARTIPHARM,26.19,26.19
RHL,58.79,58.79
NINSYS,56.1,56.1
SBGLP,75.17,75.17
ASMS,457.77,298.5
ZAGGLE,87.76,87.76
RISHABH,41.6,41.6
IRMENERGY,29.85,29.85
CYIENTDLM,102.57,102.57
RATNAVEER,26.04,26.04
IDEAFORGE,78.09,78.09
POCL,38.55,38.55
REDTAPE,76.94,76.94
ASHOKAMET,10.39,10.39
PTCIL,487.2,487.2
PYRAMID,22.38,22.38
AEROFLEX,48.28,48.28
GHCLTEXTIL,34.53,34.53
VPRPL,21.16,21.16
KIRLPNU,65.89,63.02
RRKABEL,89.77,89.89
JLHL,48.66,48.68
NUVAMA,34.72,34.72
NIITMTS,30.74,30.2
SINDHUTRAD,40.92,40.91
SANDUMA,43.23,43.23
MUFIN,142.9,137.37
SRGHFL,30.73,30.73
DIAMINESQ,65.06,65.06
CELLO,78.35,78.35
ADANIPOWER,12.95,12.95
AMRUTANJAN,47.42,47.42
DLINKINDIA,23.47,23.47
GODREJPROP,129.99,129.99
BEARDSELL,17.46,17.46
WHIRLPOOL,115.69,108.99
JUBLFOOD,97.36,166.13
EMMBI,19.03,19.03
HATHWAY,62.09,61.32
MANINFRA,25.66,25.66
KSL,22.71,22.71
UMESLTD,163.37,163.37
HMVL,77.75,77.75
BLISSGVS,14.31,6.74
PRAKASHSTL,2.69,6.73
RAMKY,14.62,14.62
JWL,81.54,81.54
PRESTIGE,43.54,43.54
GRAVITA,39.78,39.78
STEL,58.01,58.01
HFCL,50.51,50.51
MUTHOOTFIN,16.61,16.61
OMINFRAL,35.02,35.02
MAITHANALL,10.03,10.03
ATULAUTO,278.85,278.85
PILITA,65.93,65.93
MITCON,36.1,36.1
AGRITECH,11.96,11.96
WONDERLA,32.03,32.03
SNOWMAN,100.66,100.66
PDSL,34.17,34.88
GOODLUCK,22.29,22.29
GREENLAM,52.07,52.07
LINC,26.25,26.25
MANAKSTEEL,12.97,13.05
AVANTIFEED,21.32,21.32
PRIVISCL,62.65,62.65
PNCINFRA,14.71,14.71
ADANIENSOL,94.27,84.63
RAMASTEEL,53.55,53.55
POWERMECH,37.82,37.82
LUXIND,45.55,45.55
PILANIINVS,38.18,38.18
OCCL,7.98,7.98
VIDHIING,60.43,60.43
BHARATWIRE,17.88,17.88
SHRIPISTON,19.26,19.26
ASPINWALL,20.76,20.76
LAXMICOT,,93.96
CREATIVE,21.94,21.94
DEVIT,34.9,34.9
MKPL,38.23,38.23
SCHAND,16.29,16.29
BHAGYANGR,7.94,7.94
GLOBE,24.9,24.9
ERIS,35.18,35.18
GTPL,20.35,20.35
STEELXIND,136.62,136.62
AVADHSUGAR,10.09,10.09
GANGESSECU,49.09,49.09
TOTAL,134.54,134.54
OPTIEMUS,63.89,63.89
SMSLIFE,40.92,40.92
ABCAPITAL,18.49,18.49
MATRIMONY,26.11,26.11
WORTH,11.53,11.53
AARVI,16.94,16.94
RKEC,16.39,16.39
JASH,38.35,38.35
MASFIN,20.72,20.72
DPABHUSHAN,43.43,43.43
KHADIM,106.55,106.55
VERTOZ,96.51,96.51
ICEMAKE,46.66,46.66
TOUCHWOOD,46.65,46.67
AJOONI,51.09,51.09
BCONCEPTS,60.93,60.93
NEWGEN,53.51,53.51
SINTERCOM,321.78,321.78
ARVEE,233.46,233.46
SARVESHWAR,52.16,52.16
MACPOWER,68.3,68.3
BANDHANBNK,20.92,20.92
MITTAL,29.45,91.07
AVG,20.54,34.09
BSHSL,94.51,94.51
GODHA,142.73,142.73
E2E,97.9,97.9
SVLL,83.43,83.43
AFFLE,65.79,65.79
WESTLIFE,191.43,191.43
MAZDOCK,57.88,57.88
SAFARI,59.63,59.63
360ONE,44.39,44.39
GREENPANEL,27.26,27.26
APOLLOPIPE,60.05,60.05
ROUTE,29.52,30.62
HOMEFIRST,31.97,31.97
EQUITASBNK,12.82,12.82
HINDWAREAP,85.33,85.33
LIKHITHA,27.11,27.11
PATANJALI,75.72,75.72
ASALCBR,24.13,24.13
UNIVPHOTO,13.42,13.42
BAFNAPH,27.1,27.1
POWERINDIA,306.09,306.09
RAJRATAN,41.56,41.56
GLAND,42.86,42.86
NDRAUTO,37.66,37.66
AAATECH,42.96,42.96
SIGACHI,34.09,34.09
ADL,1772.38,1772.38
ROML,44.35,44.35
HERANBA,41.87,41.87
FAIRCHEMOR,43.85,43.85
ISGEC,40.6,40.6
PAKKA,21.58,21.58
SHAILY,67.5,67.5
FIBERWEB,17.09,17.09
SBCL,48.07,48.07
IPL,40.94,40.94
LODHA,93.75,88.29
UTKARSHBNK,11.2,11.2
DODLA,43.09,43.09
JUBLINGREA,51.65,51.65
SHYAMMETL,17.91,17.91
TATVA,86.28,86.28
ABSLAMC,26.05,26.05
ZOMATO,554.82,554.82
PIXTRANS,25,25
KRSNAA,37.49,37.49
DEVYANI,,560.55
ANMOL,9.28,9.28
AMIORG,125.03,56.46
PRITIKAUTO,25.29,25.29
INTLCONV,8.06,8.06
STEELCAS,17.58,17.58
KPIGREEN,79.82,79.71
VIRINCHI,23.73,23.73
ELIN,69.53,69.53
MHLXMIRU,19.92,19.92
GATEWAY,22.13,22.13
JTLIND,34.07,34.07
RAINBOW,54.13,54.13
ROTO,53.24,53.24
INDOBORAX,16.27,16.27
AVONMORE,28.43,28.43
DREAMFOLKS,36.53,36.53
DHARMAJ,26.02,26.02
GMRP&UI,165.32,
INOXGREEN,169.84,169.84
BIKAJI,66.82,66.82
HARDWYN,104.98,104.98
MEDICO,38.03,38.03
YATHARTH,33,33
NGLFINE,39.09,39.09
SENCO,41.51,41.51
RADHIKAJWE,14.21,14.21
RAMRAT,34.94,34.94
GOYALALUM,55.95,55.95
DBOL,19.62,19.62
SPORTKING,18.39,18.39
SYNCOMF,56.52,56.48
SIGNATURE,512.71,512.71
CONCORDBIO,58.23,58.23
KAMOPAINTS,88.06,88.06
MVGJL,17.58,17.58
MANKIND,44.48,44.48
SATINDLTD,3.75,3.75
USK,13.9,13.9
FAZE3Q,26.62,26.62
LLOYDSME,31.09,31.09
SAHYADRI,16.58,16.58
SBFC,36.73,36.73
HYBRIDFIN,17.16,16.67
HONASA,182.58,182.58
SAH,219.09,219.09
AKI,150.76,150.76
ATAM,35.6,35.6
LAL,50.63,50.63
DOLPHIN,463.11,516.83
NETWEB,180.97,180.97
EMSLIMITED,27.95,27.95
UDS,31.73,31.73
ATL,40.95,40.95
JSWINFRA,62.18,62.18
YASHO,49.63,49.63
JIOFIN,184.29,184.29
TREL,4.89,46.13
AMNPLST,64.08,64.08
PFIZER,42.19,42.7
DRREDDY,19.99,19.99
DEEPAKFERT,20.88,20.88
MAHSEAMLES,9.02,8.99
COROMANDEL,28.14,28.14
VINDHYATEL,28.7,28.7
ASIANPAINT,55.9,55.9
PGHL,40.78,40.78
BEML,71.29,71.29
TATACHEM,70.91,21.53
VTL,26.46,26.46
EPL,34.55,32.66
VIPIND,123.55,195.7
BIRLACABLE,37.96,37.96
HONAUT,97.06,97.06
PRECOT,35.18,55.95
SUNPHARMA,39.65,38
HCC,16.34,
IVP,16.56,16.56
EICHERMOT,38.1,38.1
ZENSARTECH,26.93,26.93
ANIKINDS,661.34,661.34
BLUEDART,66.5,66.5
WHEELS,40.7,40.7
RIIL,190.57,190.57
RAYMOND,22.55,21.47
SHREDIGCEM,19.17,19.17
SMLISUZU,26.97,26.97
SUNDRMFAST,56.02,56.02
LAXMIMACH,44.99,44.99
PEL,,36.85
MAHSCOOTER,53.91,53.91
TRENT,139.38,226.17
KCP,11.62,11.59
JBCHEPHARM,50.76,50.76
IONEXCHANG,48.35,48.35
IFBIND,86.4,86.4
HIMATSEIDE,11.99,11.99
GFLLIMITED,304.01,304.01
BHARATFORG,83.43,82.8
ARVIND,28.24,28.38
TATAMOTORS,10.95,10.7
LINDEINDIA,168.17,168.17
ESCORTS,42.72,42.72
ASHOKLEY,25.02,24.53
ZUARIIND,1.67,
TATASTEEL,,62.87
VEDL,22.27,33.37
RELIANCE,27.3,27.3
BATAINDIA,74.93,68.49
CARBORUNIV,76.01,76.01
DICIND,,114.33
MOTOGENFIN,122.58,122.58
RAMCOCEM,47.01,47.01
CENTURYTEX,97,97
TORNTPHARM,62.5,65.4
VLSFINANCE,3.35,3.35
SRF,53.36,53.36
AEGISLOG,46.24,46.24
WEIZMANIND,20.57,20.57
BBOX,48.75,38.98
RANEHOLDIN,27.12,12.69
ARE&M,31.75,31.75
ADANIENT,104.3,97.22
GET&D,202.36,202.36
BANARISUG,26.34,26.34
KPIL,41.45,41.45
JYOTISTRUC,76.59,76.59
JAYNECOIND,21.32,19.56
RCF,54.39,64.72
WSI,17.86,17.65
SUNFLAG,30.93,30.93
SIEMENS,108.56,108.56
VSTIND,21.15,21.15
JUBLPHARMA,107.94,74.16
SOMANYCERA,31.88,31.81
HLVLTD,63.13,63.13
LIBERTSHOE,61.95,47.14
KABRAEXTRU,48.75,48.75
PCBL,22,22
3PLAND,37.18,37.18
SAIL,23.24,18.4
IDBI,17.2,17.2
BBL,40.84,40.84
DABUR,63.08,63.08
COSMOFIRST,36.91,36.91
HEROMOTOCO,28.48,27.6
HARRMALAYA,,1586.58
ITC,28.35,28.35
HINDCOMPOS,24.03,24.03
OSWALGREEN,138.52,138.52
HUHTAMAKI,7.22,28.21
RICOAUTO,44.19,42.24
MANINDS,29.75,29.75
SIYSIL,12.53,12.53
PRECWIRE,38.39,38.39
NCC,27.11,26.37
SEAMECLTD,31.49,31.49
BBTC,8.07,7.81
GICHSGFIN,9.32,9.32
BANARBEADS,25.65,25.65
WSTCSTPAPR,5.66,5.66
PRUDMOULI,11.4,10.6
PRAJIND,45.53,45.53
EVERESTIND,105.28,155.42
KEEPLEARN,178.72,178.72
TFCILTD,18.76,18.76
AGI,20.83,20.83
TATACONSUM,87.4,75.4
ZEEL,68.77,243.07
FMGOETZE,17.77,17.77
ORIENTHOT,55.06,55.06
GOLDENTOBC,10.95,12.43
3MINDIA,73.59,73.59
SCHAEFFLER,69.14,68.88
MFSL,91.3,91.3
SURYAROSNI,20.11,20.11
SAKHTISUG,3.8,
HINDZINC,35.28,35.28
GRASIM,18.69,17.96
FINCABLES,39.03,45.78
HEUBACHIND,27.08,27.08
CESC,16.09,19.6
BAJFINANCE,30.47,30.47
NAVA,9.43,10.29
CORALFINAC,10.97,10.97
AUTOAXLES,18.32,18.32
DALMIASUG,12.15,12.15
KHAITANLTD,27.51,27.51
ANDHRSUGAR,29.09,27.84
STARPAPER,6.25,6.11
AUSOMENT,14.78,14.78
JAYAGROGN,16.87,16.87
SAMBHAAV,64.55,85.44
SANGAMIND,47.12,41.15
MOTHERSON,49.77,48.28
INDIANCARD,20.41,
DENORA,53.36,53.36
SHRIRAMFIN,14.58,14.58
GANESHHOUC,18.74,18.74
ALKYLAMINE,70.27,70.27
RUCHINFRA,23.42,52.41
HERITGFOOD,45.34,45.34
GAIL,17.5,18.13
CONCOR,51.42,51.42
KCPSUGIND,6.38,6.95
FDC,26.29,26.29
ADROITINFO,13.83,13.83
INDUSINDBK,12.64,12.64
TRIGYN,21.32,21.32
CUB,11.58,11.58
ITDCEM,34.34,34.34
SONATSOFTW,63.12,5.41
CYBERTECH,27.48,27.48
DHANBANK,18.09,18.09
STCINDIA,20.74,22.29
RSSOFTWARE,27.13,27.13
IVC,33.73,33.73
ALEMBICLTD,40.25,40.25
BSOFT,33.17,33.17
ZYDUSLIFE,31.14,31.08
RAJESHEXPO,27.28,27.28
IOB,47.85,47.85
AJANTPHARM,34.97,34.97
CALSOFT,42.47,42.47
PNBGILTS,33.36,36.24
NLCINDIA,20.67,20.67
USHAMART,28.4,28.4
MRO-TEK,44.72,44.72
TRIDENT,54.69,54.71
UNITDSPR,67.12,66.63
TCI,27.36,27.15
OLECTRA,183.23,199.67
TIMESGTY,64.69,64.69
NUCLEUS,20.65,20.65
RADICO,88.24,88.24
VARDHACRLC,29.21,29.21
WELSPUNLIV,25.41,25.41
TVSELECT,2429.72,2429.72
TVTODAY,25.33,23.92
PETRONET,14.46,14.68
BIOCON,29.82,29.71
RKFORGE,46.98,46.96
CCL,32.33,32.33
CENTEXT,30.79,31.27
COFORGE,47.87,48.39
TEXINFRA,420.02,420.02
INDSWFTLTD,8.24,8.24
PATELENG,16.81,22.24
JSWSTEEL,24.91,26.27
EVEREADY,70.39,70.39
IIFL,10.14,10.14
CYBERMEDIA,11.78,8.97
JKPAPER,8.78,8.78
GRANULES,31.04,31.04
GEOJITFSL,16.69,16.69
SPLIL,15.58,15.57
RML,477.91,13.19
AURIONPRO,57.49,57.49
AIAENG,35.09,35.11
ORIENTCER,32.08,37.83
EKC,17.42,17.08
ENIL,31.16,32.18
JAGRAN,13.1,13.1
M&MFIN,19.33,19.33
SOLARINDS,117.11,117.11
SUNTV,16.48,16.48
EMKAY,13.96,13.96
BALPHARMA,24.71,24.71
KAMDHENU,28.31,28.31
EMAMILTD,47.49,47.17
TECHM,63.01,63.1
ATLANTAA,.62,4.44
ANANTRAJ,61.91,61.91
ALICON,15.88,15.88
INSPIRISYS,62.4,62.4
NAUKRI,123.62,115.21
TORNTPOWER,39.11,39.11
LTFOODS,18.5,18.5
RUCHIRA,8.62,8.62
JINDRILL,15.95,15.95
AVTNPL,25.42,25.42
TIDEWATER,31,31
PTL,24.27,24.27
UNOMINDA,77.19,79.13
PGIL,21.16,21.1
RAJTV,555.73,555.73
BANSWRAS,16.52,16.52
AROGRANITE,41.65,41.65
NDLVENTURE,198.24,198.24
FORTIS,57.98,59.12
V2RETAIL,95.61,95.61
CIEINDIA,28.48,28.48
PURVA,206.14,206.14
NAGREEKCAP,1.06,1.06
BAJAJELEC,85.73,85.73
MARICO,59.03,59.03
KEYFINSERV,9.24,9.24
VISAKAIND,1116.48,1116.48
STERTOOLS,24.98,25.1
HITECHGEAR,15.7,43.72
MIRZAINT,52.07,52.07
DYNAMATECH,38.53,73.78
JAGSNPHARM,42.83,42.83
MPHASIS,34.46,34.46
RAMCOIND,29.15,29.15
INDRAMEDCO,17.87,17.87
MADRASFERT,344.48,34.27
SKMEGGPROD,8.25,8.25
HUDCO,30.5,30.5
SAREGAMA,52.93,52.93
ENGINERSIN,41.85,41.85
JAICORPLTD,123.9,123.9
GMDCLTD,21.27,21.27
MAHAPEXLTD,.54,35.41
ASAHIINDIA,48.79,48.79
J&KBANK,6.95,6.95
KOTHARIPRO,25.69,25.69
SOUTHBANK,5.97,5.97
ASTRAZEN,99.87,107.64
AXISBANK,15.32,15.32
CYIENT,29.2,27.3
KOKUYOCMLN,35.63,35.63
GOACARBON,8.15,8.15
SANGHVIMOV,24.76,24.76
NATIONALUM,17.14,20.29
JINDALSTEL,16.99,16.99
NIPPOBATRY,29.84,29.84
HCLTECH,26.32,26.32
ACCELYA,29.46,29.54
STAR,315.94,36.86
NRBBEARING,13,35.34
BIL,47.51,47.51
POONAWALLA,19.39,28.39
DATAMATICS,19.09,19.09
APARINDS,41.82,41.82
NIITLTD,38.4,38.16
TCS,33.16,32.66
GULFPETRO,13.55,13.55
ASTRAMICRO,80,80
KOTARISUG,16.75,16.75
INDOCO,31.98,34.09
SUPRAJIT,44.22,44.22
JINDALPHOT,59.48,59.48
GOKEX,51.09,51.09
ALLSEC,27.03,27.03
SSWL,5.55,15.98
SURYALAXMI,45.55,26.72
PRIMESECU,44.9,44.9
GENUSPOWER,105.26,105.26
GOLDIAM,20.72,20.72
SASKEN,33.43,33.43
DCBBANK,7.92,7.92
GESHIP,7.31,7.31
DONEAR,20.18,20.18
HIRECT,100.15,71.56
HBLPOWER,65.5,60.94
LUMAXTECH,22.88,22.88
PITTIENG,45.22,45.22
TIIL,22.61,22.06
PFC,8.93,8.93
PAGEIND,78.66,78.66
ASTRAL,110.74,110.74
NCLIND,11.1,11.1
PHOENIXLTD,55.19,55.19
ZENITHSTL,20.63,20.63
TIMETECHNO,24.26,24.26
TARMAT,,116.02
ISMTLTD,25.65,23.94
MAGNUM,14.83,20.48
MAANALU,22.88,22.88
RELIGARE,22.87,48.06
KTKBANK,6.46,6.46
BLBLIMITED,37.67,37.67
BLUESTARCO,84.25,84.25
TVSMOTOR,62.78,62.78
PNC,43.12,43.12
TAJGVK,27.25,27.25
REPRO,73.92,73.92
HAVELLS,83.94,83.94
BALAJITELE,36.33,36.33
KHANDSE,255.25,255.25
MARKSANS,27.23,27.23
GVKPIL,6.36,6.36
SAKUMA,23.85,23.85
KEC,66.08,66.08
JKCEMENT,42.47,42.35
INDOTECH,47.96,47.96
BLKASHYAP,44.54,44.54
CENTURYPLY,47.41,47.41
KEI,66.28,66.26
VAKRANGEE,511.69,556.66
GALLANTT,33.64,33.64
MALUPAPER,79.05,79.05
UTTAMSUGAR,9.72,9.72
KKCL,27.03,27.03
GPIL,16.62,16.86
RSYSTEMS,44.62,44.62
LOKESHMACH,56.78,56.78
SWELECTES,30.21,63.8
RATNAMANI,39.36,39.36
PIONEEREMB,40.6,40.6
JKLAKSHMI,20.8,21.08
ALLCARGO,43.2,56.82
MUNJALAU,23.11,16.03
GRINDWELL,77.25,77.2
VOLTAMP,55.17,55.17
SELAN,33.91,33.91
ACE,51.21,51.21
HOVS,33.81,33.81
TALBROAUTO,23.92,34.61
GEECEE,21.07,21.07
FIEMIND,21.96,21.96
VENUSREM,18.04,18.04
NFL,114,114
PARACABLES,25.87,25.87
TANLA,24.35,24.35
SARLAPOLY,27.83,27.83
AUTOIND,32.58,32.67
GANDHITUBE,18.48,18.48
ORIENTBELL,6818.05,6818.05
TTL,54.53,54.53
FSL,33.2,33.2
SMSPHARMA,41.36,41.36
LAOPALA,28.46,28.46
JKTYRE,14.81,14.46
THEMISMED,84.25,84.25
BALAMINES,32.32,32.32
BFUTILITIE,13.11,13.11
ALPHAGEO,311.33,45.75
HILTON,27.76,27.76
INSECTICID,22.1,22.1
NAVINFLUOR,67.08,80.96
NAGREEKEXP,20.17,20.17
HGS,31.71,31.71
DLF,128.27,128.27
ADSL,27.41,27.41
ALPA,11.43,11.47
CENTRALBK,18.41,18.41
KPRMILL,36.31,36.31
INDOWIND,54.91,47.98
KSCL,16.5,16.5
CENTUM,,359.7
MANGCHEFER,9.89,9.89
DELTACORP,18.95,23.71
CERA,48.49,48.25
BVCL,20.47,20.47
JSWHL,65.42,65.42
NECLIFE,128.37,128.37
JMFINANCIL,338.26,9.29
MANALIPETC,86.97,76.56
SOBHA,372.97,373.03
PLASTIBLEN,21.49,21.49
WANBURY,11.05,20.35
IZMO,25.88,25.88
CTE,45.87,45.87
REDINGTON,13.01,13.01
INDIANB,9.42,9.42
ICRA,38.67,38.67
SRHHYPOLTD,12.76,11.58
KMSUGAR,13.88,13.88
NELCAST,23.47,32.25
MEGASOFT,66.45,66.45
MOTILALOFS,13.24,13.24
POWERGRID,20.35,20.35
JISLJALEQS,53.84,53.84
MPSLTD,30.12,30.12
ASAL,74.59,74.59
PNB,15.71,15.71
SURANAT&P,43.13,43.13
UNIONBANK,7.78,7.78
GENESYS,117.49,117.49
DIVISLAB,76.07,76.07
MARUTI,30.13,30.13
BAGFILMS,21.64,21.64
JSL,24.31,25.04
IGL,22.75,22.75
UNIENTER,29.85,29.85
PTC,11.92,11.66
MAHABANK,10.65,10.65
XPROINDIA,52.62,50.52
EXCELINDUS,82.77,82.77
LT,32.29,32.43
ULTRACEMCO,48.16,47.79
GUFICBIO,40.79,40.79
WELENT,19.22,19.22
NTPC,18.6,18.6
JBMA,130.9,130.9
DWARKESH,16.7,16.7
XCHANGING,111.39,111.39
CONSOFINVT,13.73,13.73
JPPOWER,12.29,8.5
SAKSOFT,32.9,32.9
SHOPERSTOP,225.02,193.68
WELCORP,19.57,19.57
63MOONS,7.25,7.25
VHL,369.23,43.47
YESBANK,62.78,62.78
MSPL,72.62,59.34
IDFC,571.78,571.78
FCSSOFT,,74.09
IMPAL,19.5,19.5
SUZLON,114.29,105.71
TRIVENI,22.6,22.6
NAHARINDUS,60.83,50.32
VIMTALABS,28.8,28.8
CELEBRITY,57.09,58.38
NITINSPIN,17.34,17.34
ROHLTD,20.47,20.47
GSPL,8.31,8.48
ADANIPORTS,39.04,37.56
KAUSHALYA,2.97,2.97
JYOTHYLAB,49.42,49.42
KALYANIFRG,46.97,46.97
HITECHCORP,19.12,19.12
TRIL,238.69,238.69
DVL,30.35,30.35
PATINTLOG,28.56,28.56
ARIES,18.97,18.97
CEATLTD,18.26,17.14
JKIL,19.22,19.22
KNRCON,13.48,13.48
ONMOBILE,60.51,60.51
NMDC,12.72,12.26
NAHARCAP,13.86,13.86
VGUARD,77.49,77.49
DPSCLTD,121.39,121.39
BAJAJFINSV,16.91,16.91
BAJAJ-AUTO,34.73,34.73
RPGLIFE,34.19,34.19
RBL,18.42,18
RANEENGINE,26.79,20.03
LOTUSEYE,49.16,49.63
UBL,134.62,134.62
20MICRONS,13.17,12.91
TATAMTRDVR,1.15,1.12
COUNCODOS,31.6,31.6
AJMERA,24.97,24.97
VINATIORGA,57.58,57.58
NHPC,27.04,27.04
SUNTECK,127.35,127.35
ZYDUSWELL,50.98,48.4
SARDAEN,19.39,19.32
AHLUCONT,25.44,40.86
DBCORP,13.91,13.91
MMTC,199.47,282.98
VASCONEQ,32.63,32.63
DBREALTY,8.43,8.96
TEXMOPIPES,45.65,15.02
LGBBROSLTD,16.75,17.07
PERSISTENT,64.4,64.4
KIRLOSBROS,53.78,54.52
MANAPPURAM,8.79,8.79
IMFA,10.4,10.4
BAJAJCON,25.72,25.72
GPPL,31.82,29.07
ADFFOODS,33.88,33.88
KILITCH,38.87,38.87
SASTASUNDR,11.27,11.27
CANTABIL,38.1,38.84
BEDMUTHA,33.55,33.55
CGCL,47.8,47.8
COALINDIA,9.71,9.71
JINDWORLD,98.59,98.59
JAMNAAUTO,24.7,24.7
MOIL,35.3,35.3
PSB,74.43,74.43
KICL,40.38,53.79
SUMMITSEC,27.23,27.23
JUBLINDS,76.89,35.86
TEXRAIL,111.52,111.52
PFS,20.71,20.71
SYMPHONY,53.35,52.92
RELAXO,103.1,103.1
ASHIANA,49.78,49.78
DHANUKA,32.24,32.24
BODALCHEM,148.25,148.25
ASAHISONG,31.65,
FILATEX,23.12,23.12
TDPOWERSYS,50.38,50.38
APLLTD,34.32,34.32
VASWANI,15.27,15.27
PANAMAPET,12.16,12.16
PAISALO,37.71,37.78
SHAKTIPUMP,57.88,57.88
TRITURBINE,73.38,73.38
POLYMED,78.94,79.12
VIKASECO,97.91,97.91
APLAPOLLO,57.82,57.82
MINDACORP,51.19,51.19
DBSTOCKBRO,17.51,17.51
COMPUSOFT,47.99,47.99
NDL,16.37,16.37
NBCC,77.59,58.77
HEXATRADEX,36.76,36.76
VSSL,26.39,26.39
SWANENERGY,37.97,37.97
KITEX,26.99,26.99
ROSSELLIND,174.14,172.7
ZUARI,6.15,6.15
VETO,15.19,15.19
REPCOHOME,8.76,8.76
JUSTDIAL,25.1,25.1
ORIENTCEM,38.04,38.04
ORBTEXP,15.31,15.31
NATHBIOGEN,10.74,11.53
BUTTERFLY,207.56,169.64
HATSUN,86.7,86.7
GULFOILLUB,18.94,18.94
SHARDACROP,140.78,140.78
CIGNITITEC,22.23,22.23
MONTECARLO,21.86,21.86
GULPOLY,70.12,70.12
LAMBODHARA,36.16,36.16
MOLDTKPAC,39.95,39.95
VISHNU,27.97,27.97
MENONBE,10.15,10.15
MANAKALUCO,43.59,43.59
ZENTEC,90.38,91.71
BYKE,64.27,64.27
VIPULLTD,2.19,2.17
UFO,40.62,36.78
ARROWGREEN,28.73,28.73
ALANKIT,30.06,30.06
AYMSYNTEX,293.26,68.26
SATIN,5.55,5.55
SHARDAMOTR,25.54,25.54
SHREEPUSHK,19.73,19.73
IDFCFIRSTB,19.76,19.76
SHK,21.57,21.57
BALAXI,,15.58
SALZERELEC,33.36,33.36
LINCOLN,13.6,13.6
NH,32.15,32.15
PRECAM,43.88,68.03
HITECH,51.42,51.42
NECCLTD,37.57,37.57
KDDL,30.06,30.13
INFIBEAM,51.93,51.93
PARAGMILK,26.66,26.66
ARMANFIN,12.08,12.08
SALONA,25.79,25.79
CONTROLPR,24.05,24.08
OSWALAGRO,336.89,333.56
GRAPHITE,13.45,589.86
DHAMPURSUG,10.81,10.81
JAYSREETEA,27.71,
FOSECOIND,36.58,42.05
AMJLAND,21.76,21.76
HEG,34.97,34.97
TATAINVEST,101.25,101.25
IPCALAB,58.83,64.15
GSFC,17.8,17.8
EIDPARRY,8.59,8.59
BIRLACORPN,28.5,28.94
ASHAPURMIN,14.25,22.02
TNPL,8.82,8.82
NATCOPHARM,16.26,16.26
GARFIBRES,35.96,35.96
SKFINDIA,51.79,51.79
SILINV,21.99,21.99
BIOFILCHEM,146.88,146.88
SOMATEX,5.32,
CREST,19.42,19.42
TVSSRICHAK,31.4,29.94
GUJAPOLLO,28.5,28.5
KOTHARIPET,14.07,14
INDNIPPON,30.32,30.32
ICICIBANK,19.55,19.55
CHENNPETRO,6.71,6.71
GAEL,18.3,18.3
TIPSINDLTD,57.38,57.38
GODREJCP,,79.94
PONNIERODE,10.14,10.14
OFSS,42.75,42.75
GODREJIND,45.98,45.98
NSIL,40.95,40.95
DREDGECORP,107.23,104.98
MUKANDLTD,25.41,25.41
MAHASTEEL,34.65,42.6
MGL,13.37,13.37
MOLDTECH,26.97,26.97
QUESS,32.44,29.73
MINDTECK,34.62,34.62
DBL,38.05,416.09
SPAL,24.57,24.57
RBLBANK,11.68,11.68
CUPID,31.27,31.27
LTTS,39.29,39.29
MARATHON,22.18,22.18
ENDURANCE,55.16,55.16
MAZDA,18.29,18.29
PNBHOUSING,13.59,13.59
KINGFA,25.18,25.18
PODDARMENT,15.95,15.95
NBIFIN,66.84,66.84
SFL,51.17,63.23
LAURUSLABS,146.48,146.48
ITDC,94.26,94.17
HISARMETAL,17.03,17.03
SPCENET,157.67,157.67
BHANDARI,17.79,17.79
BSE,44.5,91.3
KALYANI,5.05,5.05
RADIOCITY,76.42,76.42
DMART,124.8,124.8
INTENTECH,24.06,24.06
URJA,385.32,385.32
CLEDUCATE,30.42,32.49
WIPL,40.34,40.34
DOLLAR,31.77,31.56
STARCEMENT,28.88,28.88
CDSL,57.93,57.93
AUBANK,30.65,29.45
SALASAR,57.2,57.2
MAGADSUGAR,9.65,9.65
THEINVEST,64.09,64.09
SIS,38.34,38.34
APEX,49.45,49.45
CAPACITE,20.36,20.36
GODREJAGRO,51.55,51.55
IEX,45.53,45.53
TIINDIA,66.82,66.83
5PAISA,25.41,25.41
SHALBY,40.66,40.66
APOLLO,119.22,119.22
GALAXYSURF,33.19,33.19
ASTERDM,59.23,
BDL,92.52,92.52
SUNDARMHLD,31.12,31.12
SANDHAR,32.46,33.27
LEMONTREE,63.44,63.44
ORIENTELEC,75.09,93.36
INDOSTAR,25.16,25.16
FINEORG,38.7,38.66
VARROC,19.33,19.33
HBSL,2.43,2.43
HDFCAMC,42.97,42.97
SIGIND,15.45,15.45
GRSE,81.2,81.2
DALBHARAT,42.05,37.59
CHALET,60.4,60.4
MHRIL,78.34,78.34
OIL,14.58,14.65
DEN,11.82,11.82
SHILPAMED,172,190.99
IITL,6.2,8.68
WELINV,102.38,102.38
CAREERP,14.35,14.35
WABAG,30.93,30.06
RESPONIND,46.31,46.31
PENIND,24.36,24.36
RKDL,,284.34
HINDMOTORS,25.77,25.77
LOVABLE,36.24,36.24
PIIND,35.46,35.46
KARMAENG,897.92,897.92
INVENTURE,25,20.72
JPOLYINVST,29.95,29.95
SDBL,25,25
CAPLIPOINT,25.18,25.18
SUPERHOUSE,21.23,21.23
GRPLTD,84.76,77.88
HESTERBIO,141.08,141.08
NILAINFRA,44.87,44.87
ORICONENT,30.03,25.25
MUTHOOTCAP,4.08,96.82
NAVKARCORP,315.43,315.43
INDIGO,20.87,20.87
UMANGDAIRY,264.08,264.08
LALPATHLAB,68.87,68.87
TEAMLEASE,42.36,43.63
KELLTONTEC,22.67,22.67
HCG,122.84,132.04
CROMPTON,62.86,62.86
ALBERTDAVD,9.5,9.5
PREMEXPLN,132.13,132.13
NRAIL,6.73,6.73
GMMPFAUDLR,35.03,35.03
ISEC,14.91,14.91
SHREYANIND,4.76,4.76
APOLLOHOSP,102.25,102.38
NEULANDLAB,36.25,36.25
BERGEPAINT,53.59,53.77
IGARASHI,168.01,168.01
MUNJALSHOW,20.64,19.41
PENINLAND,16.13,22.76
THERMAX,91.81,101.49
PREMIERPOL,22.14,22.14
SESHAPAPER,8.74,8.74
FACT,475.47,177.4
EXIDEIND,53.54,53.54
ELECON,82.58,82.58
CRISIL,48.43,48.43
ORIENTPPR,192.88,192.88
NELCO,83.82,83.82
MASTEK,28.04,27.82
LUMAXIND,51.52,51.52
KECL,116.19,116.19
CUMMINSIND,71.33,71.27
JAYBARMARU,38.09,38.09
INFY,27.36,27.36
INDIAGLYCO,19.97,19.97
IGPL,46.25,46.25
GNFC,20.59,20.59
BPCL,5.35,5.22
BASF,42.43,42.43
ATUL,66.71,66.71
ACC,21.71,24.45
SCI,23.72,23.72
MRPL,11.21,11.19
HINDPETRO,5.36,5.36
BAJAJHLDNG,77.22,77.22
VOLTAS,127.77,127.77
TITAN,82.87,82.87
SUNDARMFIN,33.07,31.62
SPIC,20.03,13.61
SBIN,11.7,10.87
NOCIL,38.7,38.7
BOSCHLTD,41.63,56.32
CHAMBLFERT,17.15,17.15
HINDOILEXP,14.46,16.76
BALMLAWRIE,24.4,24.4
ADORWELD,30.8,30.8
CENTENKA,27.04,27.04
ATFL,342.76,704.92
FEDERALBNK,12.26,12.26
SUPREMEIND,75.48,75.48
BALRAMCHIN,17.85,17.85
JTEKTINDIA,49.42,52.15
TATAELXSI,55.63,55.63
SANDESH,6.37,6.38
ASHIMASYN,8.45,8.45
BALKRISIND,41.64,41.64
INDBANK,27.72,27.72
RAJSREESUG,18.29,18.29
ONGC,7.75,7.57
TAINWALCHM,38.53,38.53
JINDALPOLY,47.28,47.12
BSL,18.58,18.58
APCOTEXIND,42.59,42.59
SOTL,20.41,20.41
KARURVYSYA,9.74,9.74
DECCANCE,24.81,18.73
TATAPOWER,44.28,47.86
THOMASCOOK,43.12,43.12
BHARATRAS,56,56
TOKYOPLAST,109.61,109.61
IFCI,77.76,78.39
M&M,31.45,31.45
HEIDELBERG,31.54,31.54
PRSMJOHNSN,56.5,
POLYPLEX,37.69,37.69
EIHAHOTELS,33.37,33.37
HONDAPOWER,44.79,46.71
RUBYMILLS,17.88,17.88
ABB,114.36,114.36
CANFINHOME,15.56,15.56
ELECTCAST,15.14,15.14
DCMSHRIRAM,35.07,35.07
CIPLA,29.28,28.25
HDFCBANK,18.88,18.77
GMBREW,11.79,11.79
GIPCL,18.86,18.86
INDIANHUME,29.45,29.45
IOC,5.76,5.76
KAMATHOTEL,12.56,42.23
BANCOINDIA,18.35,18.35
APOLLOTYRE,20.29,19.56
SHANTIGEAR,61.84,61.84
ONWARDTEC,31.64,31.64
NILKAMAL,25.5,25.5
ICIL,22.91,22.91
ELGIEQUIP,70.32,70.32
AUROPHARMA,24.58,23.78
EIHOTEL,39.84,39.41
LICHSGFIN,9.2,9.2
BEPL,19.89,19.89
MOREPENLAB,29.93,29.93
VENKEYS,32.65,32.65
GHCL,6.51,8.54
HIL,63.65,1190.75
BPL,46.16,46.16
PGHH,74.01,74.01
VESUVIUS,45.01,45.01
BOMDYEING,1.5,
NAVNETEDUL,17.53,19.1
GLAXO,73.61,65.72
CHOLAFIN,35.72,35.72
INDHOTEL,68.98,68.98
GILLETTE,67.06,67.06
KANSAINER,18.88,33.28
ESABINDIA,62.66,62.66
GABRIEL,39.35,39.35
RALLIS,44.74,44.95
PRAKASH,9.4,9.4
KOPRAN,23.49,23.49
GREAVESCOT,,288.52
TIMKEN,75.21,75.21
SHREECEM,42.25,42.25
INGERRAND,60.3,60.3
AKZOINDIA,31.33,31.33
HINDUNILVR,62.55,62.58
FINPIPE,47.27,47.27
DCW,98.88,93.23
DCM,32.8,32.8
PVP,9.55,
GREENPLY,51.88,59.91
REMSONSIND,52.22,51.2
SWARAJENG,26.05,26.05
MRF,26.96,26.96
TNPETRO,18.99,15.22
EIMCOELECO,36.53,36.53
