SERIES,SYMBOL,SECURITY,RECORD_DT,BC_STRT_DT,BC_END_DT,EX_DT,ND_STRT_DT,ND_END_DT,PURPOSE
BE,SEMAC,Revathi Equipment Ltd,03/05/2024, , ,03/05/2024, , ,DEMERGER                 
BE,CRISIL,CRISIL Limited,03/05/2024, , ,03/05/2024, , ,INTDIV - RS 7 PER SH     
BE,BHAGCHEM,Bhagiradha Chem & Inds L,02/05/2024, , ,02/05/2024, , ,FVSPLT FRM RS 10 TO RE 1 
BE,SANOFI,Aventis Pharma Limited, ,04/05/2024,14/05/2024,03/05/2024, , ,ANNUAL GENERAL MEETING   
BE,OFSS,Oracle Fin Serv Soft Ltd.,07/05/2024, , ,07/05/2024, , ,INTDIV - RS 240 PER SH   
BE,ABB,ABB India Limited, ,05/05/2024,11/05/2024,03/05/2024, , ,AGM/DIV RS 23.80 PER SH  
BE,ANSALAPI,AnsalProperties-Roll Sett, ,26/04/2024,02/05/2024,25/04/2024, , ,ANNUAL GENERAL MEETING   
BE,SONAMLTD,Sonam Clock Limited,10/05/2024, , ,10/05/2024, , ,FVSPLT FRM RS 10 TO RS 5 
BE,AJOONI,Ajooni Biotech Limited,07/05/2024, , ,07/05/2024, , ,RIGHTS 1:1 @ PRM RS 3/-  
BE,HCLTECH,HCL Technologies Ltd.,07/05/2024, , ,07/05/2024, , ,INTDIV - RS 18 PER SH    
BE,BDL,Bharat Dynamics Limited,24/05/2024, , ,24/05/2024, , ,FVSPLT FRM RS 10 TO RS 5 
BE,CANBK,Canara Bank,15/05/2024, , ,15/05/2024, , ,FVSPLT FRM RS 10 TO RS 2 
BE,UJJIVAN,Ujjivan Fin. Servc. Ltd.,03/05/2024, , , , , ,MERGER                   
BE,SANOFI,Aventis Pharma Limited,03/05/2024, , ,03/05/2024, , ,DIV - RS 117 PER SH      
EQ,SEMAC,Revathi Equipment Limited,03/05/2024, , ,03/05/2024, , ,DEMERGER                 
EQ,BHAGCHEM,Bhagiradha Chem & Inds L,02/05/2024, , ,02/05/2024, , ,FVSPLT FRM RS 10 TO RE 1 
EQ,OFSS,Oracle Fin Serv Soft Ltd.,07/05/2024, , ,07/05/2024, , ,INTDIV - RS 240 PER SH   
EQ,AJOONI,Ajooni Biotech Limited,07/05/2024, , ,07/05/2024, , ,RIGHTS 1:1 @ PRM RS 3/-  
EQ,BDL,Bharat Dynamics Limited,24/05/2024, , ,24/05/2024, , ,FVSPLT FRM RS 10 TO RS 5 
EQ,UJJIVAN,Ujjivan Fin. Servc. Ltd.,03/05/2024, , , , , ,MERGER                   
EQ,CRISIL,CRISIL Limited,03/05/2024, , ,03/05/2024, , ,INTDIV - RS 7 PER SH     
EQ,ABB,ABB India Limited, ,05/05/2024,11/05/2024,03/05/2024, , ,AGM/DIV RS 23.80 PER SH  
EQ,ANSALAPI,Ansal Properties & Ind Lt, ,26/04/2024,02/05/2024,25/04/2024, , ,ANNUAL GENERAL MEETING   
EQ,SANOFI,Aventis Pharma Limited, ,04/05/2024,14/05/2024,03/05/2024, , ,ANNUAL GENERAL MEETING   
EQ,CANBK,Canara Bank,15/05/2024, , ,15/05/2024, , ,FVSPLT FRM RS 10 TO RS 2 
EQ,SANOFI,Aventis Pharma Limited,03/05/2024, , ,03/05/2024, , ,DIV - RS 117 PER SH      
EQ,SONAMLTD,Sonam Clock Limited,10/05/2024, , ,10/05/2024, , ,FVSPLT FRM RS 10 TO RS 5 
EQ,HCLTECH,HCL Technologies Ltd.,07/05/2024, , ,07/05/2024, , ,INTDIV - RS 18 PER SH    
EQ,NIF100IETF,ICICI Pru Nifty 100 ETF,10/05/2024, , ,10/05/2024, , ,FVSPLT FRM RS 10 TO RE 1 
EQ,ALPL30IETF,ICICIPRAMC - ICICIALPLV,10/05/2024, , ,10/05/2024, , ,FVSPLT FRM RS 10 TO RE 1 
EQ,QUAL30IETF,ICICIPRAMC - ICICIQTY30,10/05/2024, , ,10/05/2024, , ,FVSPLT FRM RS 10 TO RE 1 
EQ,FMCGIETF,ICICIPRAMC - ICICIFMCG,10/05/2024, , ,10/05/2024, , ,FVSPLT FRM RS 10 TO RE 1 
EQ,MIDCAPIETF,ICICIPRAMC - ICICIM150,10/05/2024, , ,10/05/2024, , ,FVSPLT FRM RS 10 TO RE 1 
EQ,MIDSELIETF,ICICI Pru Midcap Sel ETF,10/05/2024, , ,10/05/2024, , ,FVSPLT FRM RS 10 TO RE 1 
GS,GS100524C,GOI STRIPS C 100524,08/05/2024, , , , , ,REDEMPTION               
GS,746GS2073,GOI LOAN  7.46% 2073,04/05/2024, , ,03/05/2024, , ,INTEREST PAYMENT         
MF,UFDS2QPIG5,UTIAMC - UFDS2QPIG5,06/05/2024, , , , , ,STP                      
MF,UFDS2QPIP5,UTIAMC - UFDS2QPIP5,06/05/2024, , , , , ,DIV/STP                  
MF,UFIS2QPRP5,UTI-FIIF II-QIP- V-RDP,06/05/2024, , , , , ,DIV/STP                  
MF,UFIS2QPRR5,UTI-FIIF II-QIP- V-RDR,06/05/2024, , , , , ,DIV/STP                  
MF,UFIS2QPRG5,UTI-FIIF II-QIP- V-RG,06/05/2024, , , , , ,STP                      
N1,CREDITACC,Sec Re NCD 9.45% Sr. I,02/05/2024, , ,02/05/2024, , ,INTEREST PAYMENT         
N3,CREDITACC,Sec Re NCD 9.60% Sr. III,02/05/2024, , ,02/05/2024, , ,INTEREST PAYMENT         
N5,CREDITACC,Sec Re NCD 10% Sr. V,02/05/2024, , ,02/05/2024, , ,INTEREST PAYMENT         
N5,NAVIFIN,Sec Re NCD 10.25% Sr.II,03/05/2024, , ,03/05/2024, , ,INTEREST PAYMENT         
N7,NAVIFIN,Sec Re NCD 10.50% Sr.IV,03/05/2024, , ,03/05/2024, , ,INTEREST PAYMENT         
NF,DHANILOANS,Dhani Loans & Serv Ltd,04/05/2024, , ,03/05/2024, , ,INTEREST PAYMENT         
RR,EMBASSY,Embassy Office Parks REIT,06/05/2024, , ,06/05/2024, , ,DIV/DISTRIBU RS 5.22     
RT,EMBASSY,Embassy Office Parks REIT,06/05/2024, , ,06/05/2024, , ,DIV/DISTRIBU RS 5.22     
SG,538RJ24,SDL RJ 5.38% 2024,22/05/2024, , , , , ,REDEMPTION               
SG,56HR24,SDL HR 5.6% 2024,16/05/2024, , , , , ,REDEMPTION               
SG,582TS24,SDL TS 5.82% 2024,09/05/2024, , , , , ,REDEMPTION               
SG,565KL24,SDL KL 5.65% 2024,09/05/2024, , , , , ,REDEMPTION               
SM,REMUS,Remus Pharmaceuticals L,02/05/2024, , ,02/05/2024, , ,INTDIV - RS 4 PER SH     
SM,ARHAM,Arham Technologies Ltd,03/05/2024, , ,03/05/2024, , ,BONUS 1:1                
SM,SABAR,Sabar Flex India Limited, ,30/04/2024,06/05/2024,29/04/2024, , ,ANNUAL GENERAL MEETING   
SQ,ARHAM,Arham Technologies Ltd,03/05/2024, , ,03/05/2024, , ,BONUS 1:1                
SQ,SABAR,Sabar Flex India Limited, ,30/04/2024,06/05/2024,29/04/2024, , ,ANNUAL GENERAL MEETING   
SQ,REMUS,Remus Pharmaceuticals L,02/05/2024, , ,02/05/2024, , ,INTDIV - RS 4 PER SH     
ST,ARHAM,Arham Technologies Ltd,03/05/2024, , ,03/05/2024, , ,BONUS 1:1                
ST,REMUS,Remus Pharmaceuticals L,02/05/2024, , ,02/05/2024, , ,INTDIV - RS 4 PER SH     
ST,SABAR,Sabar Flex India Limited, ,30/04/2024,06/05/2024,29/04/2024, , ,ANNUAL GENERAL MEETING   
U1,CREDITACC,Sec Re NCD 9.45% Sr. I,02/05/2024, , ,02/05/2024, , ,INTEREST PAYMENT         
U3,CREDITACC,Sec Re NCD 9.60% Sr. III,02/05/2024, , ,02/05/2024, , ,INTEREST PAYMENT         
U5,CREDITACC,Sec Re NCD 10% Sr. V,02/05/2024, , ,02/05/2024, , ,INTEREST PAYMENT         
U5,NAVIFIN,Sec Re NCD 10.25% Sr.II,03/05/2024, , ,03/05/2024, , ,INTEREST PAYMENT         
U7,NAVIFIN,Sec Re NCD 10.50% Sr.IV,03/05/2024, , ,03/05/2024, , ,INTEREST PAYMENT         
UF,DHANILOANS,Dhani Loans & Serv Ltd,04/05/2024, , ,03/05/2024, , ,INTEREST PAYMENT         

