SYMBOL,SERIES,SECURITY,HIGH/LOW,INDEX FLAG
AAREYDRUGS,BE,AAREY DRUGS & PHARM LTD,H
AARTECH,BE,AARTECH SOLONICS LIMITED,H
ABCOTS,SM,A B COTSPIN INDIA LIMITED,H
ACCORD,SM,ACCORD SYNERGY LIMITED,H
AILIMITED,SM,ABHISHEK INTEGRATIONS LTD,H
ALPEXSOLAR,SM,ALPEX SOLAR LIMITED,H
ALPSINDUS,EQ,ALPS INDUSTRIES LTD,H
APS,SM,AUSTRALIAN PREM SOLAR I L,H
ASIANENE,EQ,ASIAN ENERGY SERVICES LTD,H
ASLIND,ST,ASL INDUSTRIES LIMITED,H
ASMS,BE,BARTRONICS INDIA LIMITED,H
ATALREAL,EQ,ATAL REALTECH LIMITED,H
ATLANTAA,BE,ATLANTAA LIMITED,H
ATMASTCO,SM,ATMASTCO LIMITED,H
BAFNAPH,BE,BAFNA PHARMACEUTICALS LTD,H
BALKRISHNA,BE,BALKRISHNA PAPER MILLS L,H
BEARDSELL,EQ,BEARDSELL LIMITED,H
BKMINDST,BZ,BKM INDUSTRIES LIMITED,H
CANARYS,SM,CANARYS AUTOMATIONS LTD,H
CAREERP,EQ,CAREER POINT LIMITED,H
CMMIPL,ST,CMM INFRAPROJECTS LIMITED,H
CORDSCABLE,BE,CORDS CABLE INDUS LTD.,H
COUNCODOS,EQ,COUNTRY CONDO S LIMITED,H
CREATIVEYE,EQ,CREATIVE EYE LIMITED,H
CYBERMEDIA,BE,CYBER MEDIA (INDIA) LTD.,H
DBSTOCKBRO,EQ,DB (INT) STOCK BROKERS,H
DGCONTENT,EQ,DIGICONTENT LIMITED,H
DOLPHIN,BE,DOLPHIN OFF ENT (IND) L,H
DYNAMIC,SM,DYNAMIC SRVCS & SEC LTD,H
EDUCOMP,BZ,EDUCOMP SOLUTIONS LTD,H
ESCONET,SM,ESCONET TECHNOLOGIES LTD,H
EXCEL,EQ,EXCEL REALTY N INFRA LTD,H
FCONSUMER,EQ,FUTURE CONSUMER LIMITED,H
FEL,BZ,FUTURE ENTERPRISES LTD,H
FELDVR,BE,FUTURE ENTERPRISES LTD,H
FLFL,BZ,FUT LIFESTYLE FASH LTD,H
GALLANTT,BE,GALLANTT ISPAT LIMITED,H
GANESHHOUC,EQ,GANESH HOUSING CORP LTD,H
GAYAHWS,BE,GAYATRI HIGHWAYS LIMITED,H
GAYAPROJ,BZ,GAYATRI PROJECTS LTD,H
GINNIFILA,EQ,GINNI FILAMENTS LTD,H
GIRIRAJ,ST,GIRIRAJ CIVIL DEVP LTD,H
GMRP&UI,EQ,GMR POW AND URBAN INFRA L,H
GODHA,BE,GODHA CABCON INSULAT LTD,H
GOENKA,BZ,GOENKA DIAMOND&JEWELS LTD,H
GOLDTECH,EQ,AION-TECH SOLUTIONS LTD,H
GPTINFRA,EQ,GPT INFRAPROJECTS LTD,H
GRCL,SM,GAYATRI RUBB AND CHEM LTD,H
GRETEX,ST,GRETEX INDUSTRIES LTD.,H
GTLINFRA,EQ,GTL INFRA.LTD,H
HINDCON,BE,HINDCON CHEMICALS LIMITED,H
HINDMOTORS,EQ,HINDUSTAN MOTORS LIMITED,H
HIRECT,EQ,HIND RECTIFIER LIMITED,H
HITECHGEAR,BE,THE HI-TECH GEARS LIMITED,H
HPL,EQ,HPL ELECTRIC & POWER LTD,H
HYBRIDFIN,EQ,HYBRID FINANCIAL SERVICE,H
IEL,EQ,INDIABULLS ENT LTD,H
IFCI,EQ,IFCI LTD,H
INCREDIBLE,EQ,INCREDIBLE INDUSTRIES LTD,H
JITFINFRA,BE,JITF INFRALOGISTICS LTD,H
JYOTISTRUC,BE,JYOTI STRUCTURES,H
KAVVERITEL,EQ,KAVVERI TEL. LTD.,H
KBCGLOBAL,EQ,KBC GLOBAL LIMITED,H
KCEIL,SM,KAY CEE ENERGY & INFRA L,H
KEEPLEARN,EQ,DSJ KEEP LEARNING LTD,H
KIRLPNU,EQ,KIRLOSKAR PNEUMATIC COM L,H
KODYTECH,SM,KODY TECHNOLAB LIMITED,H
KPIGREEN,EQ,KPI GREEN ENERGY LIMITED,H
LAKPRE,BZ,LAKSHMI PRE SCRE LTD,H
LLOYDS,SM,LLOYDS LUXURIES LIMITED,H
MACPOWER,BE,MACPOWER CNC MACHINES LTD,H
MAGNUM,EQ,MAGNUM VENTURES LTD.,H
MARINE,EQ,MARINE ELECTRICAL (I) LTD,H
MASKINVEST,EQ,MASK INVESTMENTS LIMITED,H
MAXESTATES,EQ,MAX ESTATES LIMITED,H
MEGAFLEX,SM,MEGA FLEX PLASTICS LTD,H
MEP,BE,MEP INFRA. DEVELOPERS LTD,H
METALFORGE,BZ,METALYST FORGINGS LIMITED,H
MHLXMIRU,BE,MAHALAXMI RUBTECH LIMITED,H
NETWEB,EQ,NETWEB TECH INDIA LTD,H
NEXTMEDIA,EQ,NEXT MEDIAWORKS LIMITED,H
NILASPACES,BE,NILA SPACES LIMITED,H
NITIRAJ,EQ,NITIRAJ ENGINEERS LTD,H
NPST,SM,NETWORK PEOPLE SRV TECH L,H
ORIANA,SM,ORIANA POWER LIMITED,H
OWAIS,SM,OWAIS METAL & MINERAL,H
PEARLPOLY,EQ,PEARL POLYMERS LTD,H
PFS,BE,PTC INDIA FIN SERV LTD,H
PRAMARA,SM,PRAMARA PROMOTIONS LTD,H
PRATHAM,SM,PRATHAM EPC PROJECTS LTD,H
QUADPRO,SM,QUADPRO ITES LIMITED,H
RAJTV,BE,RAJ TV NETWORK LTD,H
RAMCOSYS,BE,RAMCO SYSTEMS LTD,H
RBMINFRA,SM,RBM INFRACON LIMITED,H
REPL,EQ,RUDRABHISHEK ENTERP LTD,H
REXPIPES,SM,REX PIPES AND CABLES LTD,H
RTNPOWER,BE,RATTANINDIA POWER LIMITED,H
SABAR,SM,SABAR FLEX INDIA LIMITED,H
SABEVENTS,BE,SAB EVENTS & GOVERNANCE,H
SADBHIN,EQ,SADBHAV INFRA PROJ LTD.,H
SANDUMA,EQ,SANDUR MANG & IRON ORES L,H
SCML,SM,SHARP CHUCKS N MACHINES L,H
SEAMECLTD,EQ,SEAMEC LIMITED,H
SEL,SM,SUNGARNER ENERGIES LTD,H
SHAH,EQ,SHAH METACORP LIMITED,H
SHAKTIPUMP,BE,SHAKTI PUMPS (I) LTD,H
SHEETAL,ST,SHEETAL UNIVERSAL LIMITED,H
SHRENIK,EQ,SHRENIK LIMITED,H
SHYAMTEL,BE,SHYAM TELECOM LIMITED,H
SIDDHIKA,SM,SIDDHIKA COATINGS LIMITED,H
SILLYMONKS,EQ,SILLY MONKS ENTERTAIN LTD,H
SKYGOLD,BE,SKY GOLD LIMITED,H
SMVD,SM,SMVD POLY PACK LIMITED,H
SPMLINFRA,EQ,SPML INFRA LIMITED,H
SUPREMEENG,BE,SUPREME ENGINEERING LTD,H
TAC,SM,TAC INFOSEC LIMITED,H
TARACHAND,BE,TARA CHAND INFRA SOLN LTD,H
TCL,SM,THAAI CASTING LIMITED,H
TECHIN,BE,TECHINDIA NIRMAN LIMITED,H
TECHLABS,SM,TRIDENT TECHLABS LIMITED,H
TGL,SM,TEERTH GOPICON LIMITED,H
TIRUPATI,SM,SHREE TIRUPATI BALAJEE,H
TRIL,BE,TRANS & RECTI. LTD,H
TVSELECT,EQ,TVS ELECTRONICS LTD,H
URAVI,EQ,URAVI T AND WEDG LAMP LTD,H
VARDMNPOLY,BE,VARDHMAN POLYTEX LTD.,H
VASA,SM,VASA RETAIL & OVERSEA LTD,H
VIKASLIFE,EQ,VIKAS LIFECARE LIMITED,H
VINNY,EQ,VINNY OVERSEAS LIMITED,H
VIVIANA,SM,VIVIANA POWER TECH LTD,H
VIVO,SM,VIVO COLLAB SOLUTIONS LTD,H
VMARCIND,SM,V MARC INDIA LIMITED,H
WEBELSOLAR,BE,WEBSOL ENERGY SYSTEM LTD,H
WINSOME,BE,WINSOME YARNS LIMITED,H
WIPL,EQ,THE WESTERN INDIA PLY LTD,H
WOMANCART,SM,WOMANCART LIMITED,H
YUKEN,EQ,YUKEN INDIA LIMITED,H
ADROITINFO,EQ,ADROIT INFOTECH LIMITED,L
ADROITPP,E1,ADROITINF RS.2.50 PPD UP,L
ANTGRAPHIC,BE,ANTARCTICA LTD,L
ARVEE,BE,ARVEE LABORATORIES I LTD,L
ASMS,BE,BARTRONICS INDIA LIMITED,L
BASILIC,SM,BASILIC FLY STUDIO LTD,L
BHARATWIRE,EQ,BHARAT WIRE ROPES LTD.,L
BIRDYS,ST,GRILL SPLENDOUR SER LTD,L
CEREBRAINT,BE,CEREBRA INT TECH LTD,L
CMMIPL,ST,CMM INFRAPROJECTS LIMITED,L
CMNL,SM,CHAMAN METALLICS LIMITED,L
CMRSL,SM,CYBER MEDIA RES & SER LTD,L
CTE,BE,CAMBRIDGE TECH ENTER LTD,L
DCMFINSERV,BE,DCM FINANCIAL SERVICES LT,L
DESTINY,SM,DESTINY LOGISTICS & I LTD,L
DUGLOBAL,SM,DUDIGITAL GLOBAL LIMITED,L
DVL,EQ,DHUNSERI VENTURES LIMITED,L
EQUIPPP,BE,EQUIPPP SOC IMP TECH LTD,L
FSC,BZ,FUTURE SUPP CHAIN SOL LTD,L
GAYAPROJ,BZ,GAYATRI PROJECTS LTD,L
GOENKA,BZ,GOENKA DIAMOND&JEWELS LTD,L
GTLINFRA,EQ,GTL INFRA.LTD,L
GUJRAFFIA,EQ,GUJARAT RAFFIA INDUST LTD,L
HAVISHA,EQ,SRI HAVISHA HOSP & INFR L,L
HOMESFY,ST,HOMESFY REALTY LIMITED,L
HYBRIDFIN,EQ,HYBRID FINANCIAL SERVICE,L
IL&FSTRANS,BZ,IL&FS TRANS NET LTD,L
INDOTECH,BE,INDO TECH TRANSFORM LTD.,L
ISHAN,SM,ISHAN INTERNATIONAL LTD,L
JAYNECOIND,EQ,JAYASWAL NECO INDUSTR LTD,L
LAL,BE,LORENZINI APPARELS LTD,L
MAKS,SM,MAKS ENERGY SOL INDIA LTD,L
MBECL,EQ,MCNALLY BH. ENG. CO.LTD,L
METALFORGE,BZ,METALYST FORGINGS LIMITED,L
MODIRUBBER,BE,MODI RUBBER LTD,L
MOTOGENFIN,EQ,MOTOR & GENERAL FINANCE L,L
NAGREEKEXP,EQ,NAGREEKA EXPORTS LTD.,L
NKIND,EQ,NK INDUSTRIES LTD,L
NORBTEAEXP,EQ,NORBEN TEA & EXPORTS LTD,L
OMKARCHEM,BZ,OMKAR SPL CHEM LTD,L
PERFECT,SM,PERFECT INFRAENGINEER LTD,L
PURVA,BE,PURAVANKARA LIMITED,L
RAJRILTD,BE,RAJ RAYON INDUSTRIES LTD,L
RCOM,BE,RELIANCE COMMUNICATIONS L,L
RELIABLE,SM,RELIABLE DATA SERVICE LTD,L
RKDL,EQ,RAVI KUMAR DIST. LTD.,L
RKEC,EQ,RKEC PROJECTS LIMITED,L
ROML,BE,RAJ OIL MILLS LIMITED,L
RTNPOWER,BE,RATTANINDIA POWER LIMITED,L
SECL,SM,SALASAR EXTERIOR CONT LTD,L
SETCO,BE,SETCO AUTOMOTIVE LTD,L
SHRENIK,EQ,SHRENIK LIMITED,L
SOLEX,SM,SOLEX ENERGY LIMITED,L
SPARC,EQ,SUN PHARMA ADV.RES.CO.LTD,L
SRPL,BE,SHREE RAM PROTEINS LTD.,L
SUPREMEPWR,SM,SUPREME POWER EQUIPMENT L,L
SWARAJ,SM,SWARAJ SUITING LIMITED,L
TIPSFILMS,EQ,TIPS FILMS LIMITED,L
VASA,SM,VASA RETAIL & OVERSEA LTD,L
WALPAR,SM,WALPAR NUTRITIONS LIMITED,L
WEL,BE,WONDER ELECTRICALS LTD,L
WINSOME,BE,WINSOME YARNS LIMITED,L
ZENITHSTL,EQ,ZENITH STEEL PIP IND LTD,L
ZENTEC,EQ,ZEN TECHNOLOGIES LIMITED,L
