GAIN_LOSS,SECURITY,CLOSE_PRIC,PREV_CL_PR,PERCENT_CG
 ,Nifty 50 Sec., , , 
 , , , , 
G,BHARAT PETROLEUM CORP  LT,       634.65,       607.35,4.49
G,POWER GRID CORP. LTD.,       313.60,       301.85,3.89
G,ASIAN PAINTS LIMITED,      2975.40,      2875.90,3.46
G,BAJAJ AUTO LIMITED,      9110.65,      8903.65,2.32
G,TATA MOTORS LIMITED,      1027.80,      1007.90,1.97
G,SBI LIFE INSURANCE CO LTD,      1460.90,      1436.55,1.7
G,NTPC LTD,       369.05,       363.20,1.61
G,CIPLA LTD,      1420.05,      1400.00,1.43
G,TATA STEEL LIMITED,       167.35,       165.00,1.42
G,DR. REDDY S LABORATORIES,      6287.50,      6204.30,1.34
G,MAHINDRA & MAHINDRA LTD,      2185.15,      2156.35,1.34
G,SHRIRAM FINANCE LIMITED,      2582.10,      2551.70,1.19
G,SUN PHARMACEUTICAL IND L,      1519.00,      1502.10,1.13
G,TATA CONSULTANCY SERV LT,      3863.30,      3820.65,1.12
G,GRASIM INDUSTRIES LTD,      2437.35,      2411.65,1.07
G,ADANI PORT & SEZ LTD,      1338.80,      1324.90,1.05
G,JSW STEEL LIMITED,       890.35,       882.20,.92
G,HDFC BANK LTD,      1532.25,      1520.10,.8
G,ITC LTD,       439.00,       435.65,.77
G,STATE BANK OF INDIA,       830.05,       826.25,.46
G,HERO MOTOCORP LIMITED,      4561.50,      4543.05,.41
G,TECH MAHINDRA LIMITED,      1266.90,      1263.50,.27
G,NESTLE INDIA LIMITED,      2512.30,      2507.40,.2
G,APOLLO HOSPITALS ENTER. L,      5958.55,      5947.10,.19
G,LARSEN & TOUBRO LTD.,      3599.50,      3594.30,.14
G,ULTRATECH CEMENT LIMITED,      9983.45,      9971.85,.12
G,EICHER MOTORS LTD,      4602.40,      4597.40,.11
G,BAJAJ FINSERV LTD.,      1615.45,      1615.00,.03
 , , , , 
L,KOTAK MAHINDRA BANK LTD,      1575.65,      1623.95,-2.97
L,TATA CONSUMER PRODUCT LTD,      1091.15,      1108.35,-1.55
L,BHARTI AIRTEL LIMITED,      1304.05,      1322.30,-1.38
L,AXIS BANK LIMITED,      1149.85,      1165.90,-1.38
L,HDFC LIFE INS CO LTD,       576.35,       583.65,-1.25
L,WIPRO LTD,       457.40,       462.40,-1.08
L,ICICI BANK LTD.,      1139.45,      1150.40,-0.95
L,DIVI S LABORATORIES LTD,      3964.65,      4002.40,-0.94
L,INDUSIND BANK LIMITED,      1505.20,      1515.70,-0.69
L,BAJAJ FINANCE LIMITED,      6882.70,      6923.55,-0.59
L,TITAN COMPANY LIMITED,      3568.45,      3589.25,-0.58
L,ADANI ENTERPRISES LIMITED,      3039.60,      3054.70,-0.49
L,HINDALCO  INDUSTRIES  LTD,       641.45,       644.40,-0.46
L,HCL TECHNOLOGIES LTD,      1360.70,      1366.60,-0.43
L,INFOSYS LIMITED,      1414.45,      1420.55,-0.43
L,BRITANNIA INDUSTRIES LTD,      4759.65,      4775.95,-0.34
L,LTIMINDTREE LIMITED,      4692.70,      4706.40,-0.29
L,HINDUSTAN UNILEVER LTD.,      2226.30,      2230.45,-0.19
L,MARUTI SUZUKI INDIA LTD.,     12805.35,     12817.50,-0.09
L,COAL INDIA LTD,       453.90,       454.30,-0.09
L,RELIANCE INDUSTRIES LTD,      2933.10,      2934.00,-0.03
L,OIL AND NATURAL GAS CORP.,       282.80,       282.85,-0.02
 , , , , 
 ,Nifty Next 50 Sec., , , 
 , , , , 
G,REC LIMITED,       553.90,       507.15,9.22
G,CHOLAMANDALAM IN & FIN CO,      1301.60,      1193.30,9.08
G,POWER FIN CORP LTD.,       467.85,       441.55,5.96
G,TRENT LTD,      4646.70,      4409.90,5.37
G,BOSCH LIMITED,     30670.45,     29356.05,4.48
G,ZYDUS LIFESCIENCES LTD,       988.00,       953.55,3.61
G,DABUR INDIA LTD,       525.30,       507.75,3.46
G,VEDANTA LIMITED,       410.80,       397.85,3.25
G,INTERGLOBE AVIATION LTD,      4108.25,      3982.30,3.16
G,BERGER PAINTS (I) LTD,       522.45,       508.55,2.73
G,INDIAN OIL CORP LTD,       173.40,       168.85,2.69
G,VARUN BEVERAGES LIMITED,      1516.80,      1479.45,2.52
G,ABB INDIA LIMITED,      6682.50,      6540.75,2.17
G,LIFE INSURA CORP OF INDIA,       999.15,       978.25,2.14
G,TATA POWER CO LTD,       457.85,       449.25,1.91
G,SRF LTD,      2669.05,      2621.05,1.83
G,INDIAN RAIL TOUR CORP LTD,      1056.30,      1038.75,1.69
G,SHREE CEMENT LIMITED,     24827.20,     24444.85,1.56
G,UNITED SPIRITS LIMITED,      1194.90,      1177.00,1.52
G,JINDAL STEEL & POWER LTD,       941.85,       929.65,1.31
G,ZOMATO LIMITED,       195.45,       193.15,1.19
G,GODREJ CONSUMER PRODUCTS,      1233.30,      1219.50,1.13
G,CANARA BANK,       628.60,       621.95,1.07
G,INDIAN RAILWAY FIN CORP L,       158.90,       157.25,1.05
G,TORRENT PHARMACEUTICALS L,      2670.00,      2642.55,1.04
G,AMBUJA CEMENTS LTD,       625.70,       619.90,0.94
G,JIO FIN SERVICES LTD,       379.65,       377.00,0.7
G,ICICI PRU LIFE INS CO LTD,       576.55,       572.90,0.64
G,TVS MOTOR COMPANY  LTD,      2072.95,      2060.00,0.63
G,DLF LIMITED,       896.45,       891.85,0.52
 , , , , 
L,PUNJAB NATIONAL BANK,       138.05,       141.05,-2.13
L,PIDILITE INDUSTRIES LTD,      2988.05,      3049.00,-2
L,GAIL (INDIA) LTD,       205.05,       209.10,-1.94
L,ADANI ENERGY SOLUTION LTD,      1052.85,      1065.20,-1.16
L,SAMVRDHNA MTHRSN INTL LTD,       130.20,       131.20,-0.76
L,BANK OF BARODA,       279.40,       281.50,-0.75
L,ADANI POWER LTD,       608.10,       612.45,-0.71
L,ICICI LOMBARD GIC LIMITED,      1699.85,      1710.65,-0.63
L,ADANI GREEN ENERGY LTD,      1786.85,      1797.65,-0.6
L,COLGATE PALMOLIVE LTD.,      2811.80,      2824.85,-0.46
L,BAJAJ HOLDINGS & INVS LTD,      8110.50,      8116.15,-0.07
L,MARICO LIMITED,       517.85,       518.00,-0.03
 , , , , 
 ,OTHER SECURITIES, , , 
 , , , , 
G,URAVI T AND WEDG LAMP LTD,       533.55,       444.65,19.99
G,THAAI CASTING LIMITED,       204.75,       170.65,19.98
G,PEARL POLYMERS LTD,        44.60,        37.20,19.89
G,TVS ELECTRONICS LTD,       360.85,       302.30,19.37
G,MAX ESTATES LIMITED,       348.30,       294.10,18.43
G,RUDRABHISHEK ENTERP LTD,       211.05,       183.95,14.73
G,RAM RATNA WIRES LIMITED,       394.55,       346.80,13.77
G,NIDAN LABS AND HEALTH LTD,        33.15,        29.30,13.14
G,ATUL AUTO LIMITED,       595.60,       527.05,13.01
G,AMRUTAJAN HEALTH LTD,       783.55,       698.65,12.15
G,ENSER COMMUNICATIONS LTD,        73.10,        65.20,12.12
G,HOLMARC OPTO MECHATRO L,       111.25,       100.00,11.25
G,SEC RE NCD 9.90% SR.IV,       800.00,       720.00,11.11
G,JANA SMALL FIN BANK LTD,       665.50,       600.35,10.85
G,GEOJIT FINANCIAL SER L,       106.65,        96.60,10.4
G,MANGALAM CEMENT LTD,       927.15,       841.05,10.24
G,EXCEL REALTY N INFRA LTD,          .55,          .50,10
G,AION-TECH SOLUTIONS LTD,       145.75,       132.50,10
G,IFCI LTD,        50.05,        45.50,10
G,ORIANA POWER LIMITED,      1679.60,      1526.95,10
G,KIRLOSKAR PNEUMATIC COM L,      1150.45,      1045.90,10
G,TAC INFOSEC LIMITED,       571.75,       519.80,9.99
G,ATMASTCO LIMITED,       263.80,       239.85,9.99
G,TEERTH GOPICON LIMITED,       223.60,       203.30,9.99
G,SHARP CHUCKS N MACHINES L,       126.80,       115.30,9.97
G,HINDUSTAN MOTORS LIMITED,        38.10,        34.65,9.96
G,NEXT MEDIAWORKS LIMITED,         7.75,         7.05,9.93
G,GINNI FILAMENTS LTD,        38.20,        34.75,9.93
G,BEARDSELL LIMITED,        45.45,        41.35,9.92
G,SARDA ENERGY & MIN LTD,       263.90,       240.20,9.87
 , , , , 
L,TFB 7.37% 2035 SR. 3A,      1031.00,      1286.00,-19.83
L,INDO-NATIONAL LIMITED,       632.20,       753.45,-16.09
L,DE NORA INDIA LIMITED,      1628.10,      1931.20,-15.69
L,BASILIC FLY STUDIO LTD,       405.00,       475.20,-14.77
L,ESSEN SPECIALITY FILMS L,       169.20,       197.45,-14.31
L,SHANTHALA FMCG PRODUCTS L,        78.30,        88.00,-11.02
L,DIGIKORE STUDIOS LIMITED,       575.25,       632.05,-8.99
L,KRISHCA STRAPPING SLTN L,       261.60,       286.30,-8.63
L,JNK INDIA LIMITED,       638.65,       694.55,-8.05
L,SONU INFRATECH LIMITED,        55.10,        59.90,-8.01
L,USHANTI COLOUR CHEM LTD,        60.05,        64.95,-7.54
L,2.50%GOLDBONDS 2025 SR-X,      7120.00,      7699.95,-7.53
L,GODREJ INDUSTRIES LTD,       894.15,       960.60,-6.92
L,PHANTOM DIGITAL EFF LTD,       467.10,       498.55,-6.31
L,ASPIRE & INNOVATIVE ADV L,        83.95,        89.55,-6.25
L,SUPREME POWER EQUIPMENT L,       164.30,       174.75,-5.98
L,FOSECO INDIA LTD,      3498.55,      3714.25,-5.81
L,AEGIS LOGISTICS LIMITED,       647.30,       687.20,-5.81
L,RAJGOR CASTOR DERIVATI L,        42.20,        44.75,-5.7
L,ADOR WELDING LTD,      1402.70,      1486.95,-5.67
L,TRUCAP FINANCE LIMITED,        66.00,        69.95,-5.65
L,EMKAY TAP & CUT. TOOL LTD,       670.00,       710.00,-5.63
L,8.92% SEC RED BOND S3B,      1320.00,      1398.00,-5.58
L,RAMKY INFRA LTD,       537.35,       568.30,-5.45
L,MAGSON RETAIL AND DIST L,       103.00,       108.90,-5.42
L,INTRASOFT TECH. LTD,       124.50,       131.60,-5.4
L,SML ISUZU LIMITED,      2150.45,      2272.00,-5.35
L,NIIT LEARNING SYSTEMS LTD,       473.65,       499.70,-5.21
L,DELAPLEX LIMITED,       231.50,       244.00,-5.12
L,MANGALAM ORGANICS LIMITED,       388.10,       408.95,-5.1
