SYMBOL,SERIES,SECURITY,HIGH/LOW,INDEX FLAG
21STCENMGM,BE,21ST CENTURY MGMT SERVICE,H
A2ZINFRA,BE,A2Z INFRA ENGINEERING LTD,H
AAATECH,EQ,AAA TECHNOLOGIES LIMITED,H
AARTECH,EQ,AARTECH SOLONICS LIMITED,H
AARVEEDEN,EQ,AARVEE DEN. & EXP. LTD,H
ABMINTLLTD,EQ,ABM INTERNATIONAL LTD,H
AGNI,ST,AGNI GREEN POWER LTD,H
AGUL,ST,A G UNIVERSAL LIMITED,H
AIRAN,BE,AIRAN LIMITED,H
AISL,SM,ANI INTEGRATED SERV LTD.,H
AKI,BE,AKI INDIA LIMITED,H
ALPSINDUS,BE,ALPS INDUSTRIES LTD.,H
ANIKINDS,EQ,ANIK INDUSTRIES LTD,H
ANTGRAPHIC,BE,ANTARCTICA LTD,H
ARENTERP,EQ,RAJDARSHAN INDUSTRIES LTD,H
ASLIND,ST,ASL INDUSTRIES LIMITED,H
ASMS,EQ,BARTRONICS INDIA LIMITED,H
ASPIRE,ST,ASPIRE & INNOVATIVE ADV L,H
ATLANTAA,EQ,ATLANTAA LIMITED,H
BCONCEPTS,BE,BRAND CONCEPTS LIMITED,H
BIRLAMONEY,BE,ADITYA BIRLA MONEY LTD,H
BKMINDST,BZ,BKM INDUSTRIES LIMITED,H
BLBLIMITED,BE,BLB LIMITED,H
BLUECHIP,BE,BLUE CHIP INDIA LIMITED,H
BLUEPEBBLE,ST,BLUE PEBBLE LIMITED,H
CALSOFT,EQ,CALIFORNIA SOFTWARE CO LT,H
CELLECOR,SM,CELLECOR GADGETS LIMITED,H
CEREBRAINT,BE,CEREBRA INT TECH LTD,H
CGRAPHICS,ST,CREATIVE GRAPHICS S IND L,H
CHAVDA,SM,CHAVDA INFRA LIMITED,H
CMMIPL,ST,CMM INFRAPROJECTS LIMITED,H
DBCORP,BE,D.B.CORP LTD,H
DCMFINSERV,BE,DCM FINANCIAL SERVICES LT,H
DHTL,SM,DOCMODE HEALTH TECH LTD,H
DIGJAMLMTD,BE,DIGJAM LTD,H
DOLPHIN,EQ,DOLPHIN OFF ENT (IND) L,H
DPSCLTD,EQ,DPSC LIMITED,H
DSSL,EQ,DYNACONS SYS & SOLN LTD,H
DUGLOBAL,SM,DUDIGITAL GLOBAL LIMITED,H
EDUCOMP,BZ,EDUCOMP SOLUTIONS LTD,H
ENERGYDEV,EQ,ENERGY DEVE. CO.LTD,H
EXCEL,BE,EXCEL REALTY N INFRA LTD,H
EXIDEIND,EQ,EXIDE INDUSTRIES LTD,H
FCONSUMER,BE,FUTURE CONSUMER LIMITED,H
FCSSOFT,EQ,FCS SOFTWARE SOLN. LTD.,H
FELDVR,BE,FUTURE ENTERPRISES LTD,H
FSC,BZ,FUTURE SUPP CHAIN SOL LTD,H
GALLANTT,BE,GALLANTT ISPAT LIMITED,H
GAYAHWS,BE,GAYATRI HIGHWAYS LIMITED,H
GENUSPOWER,EQ,GENUS POWER INFRASTRU LTD,H
GICL,SM,GLOBE INTL CARRIERS LTD,H
GKWLIMITED,EQ,GKW LIMITED,H
GLOBALVECT,BE,GLOBAL VEC HELICORP LTD,H
GODHA,BE,GODHA CABCON INSULAT LTD,H
GOENKA,BZ,GOENKA DIAMOND&JEWELS LTD,H
GREENPOWER,BE,ORIENT GREEN POWER CO LTD,H
GTLINFRA,EQ,GTL INFRA.LTD,H
GVKPIL,EQ,GVK POW. & INFRA LTD.,H
HAVISHA,BE,SRI HAVISHA HOSP & INFR L,H
HCL-INSYS,EQ,HCL INFOSYSTEMS LTD,H
HINDMOTORS,EQ,HINDUSTAN MOTORS LIMITED,H
HITECHGEAR,EQ,THE HI-TECH GEARS LIMITED,H
HOMESFY,SM,HOMESFY REALTY LIMITED,H
HYBRIDFIN,BE,HYBRID FINANCIAL SERVICE,H
IEL,EQ,INDIABULLS ENT LTD,H
IL&FSTRANS,BZ,IL&FS TRANS NET LTD,H
INDOTECH,EQ,INDO TECH TRANSFORM LTD.,H
INFRABEES,EQ,NIP IND ETF INFRA BEES,H
ISHAN,ST,ISHAN INTERNATIONAL LTD,H
JITFINFRA,BE,JITF INFRALOGISTICS LTD,H
KBCGLOBAL,EQ,KBC GLOBAL LIMITED,H
KCEIL,SM,KAY CEE ENERGY & INFRA L,H
KODYTECH,SM,KODY TECHNOLAB LIMITED,H
LASA,EQ,LASA SUPERGENERICS LTD,H
LOKESHMACH,EQ,LOKESH MACHINES LTD,H
LYPSAGEMS,EQ,LYPSA GEMS & JEWEL LTD,H
MADHUCON,BE,MADHUCON PROJECTS LTD.,H
MAITREYA,SM,MAITREYA MEDICARE LIMITED,H
MANAKCOAT,EQ,MAN COAT METAL & IND LTD,H
MANINDS,BE,MAN INDUSTRIES (I) LTD.,H
MANUGRAPH,BE,MANUGRAPH INDIA LIMITED,H
MASKINVEST,EQ,MASK INVESTMENTS LIMITED,H
METALFORGE,BZ,METALYST FORGINGS LIMITED,H
NAGAFERT,EQ,NAGARJUN FERT AND CHE LTD,H
NAMAN,ST,NAMAN IN-STORE (INDIA) L,H
NEXTMEDIA,EQ,NEXT MEDIAWORKS LIMITED,H
NILASPACES,EQ,NILA SPACES LIMITED,H
NIRMAN,SM,NIRMAN AGRI GENTICS LTD,H
ORIANA,SM,ORIANA POWER LIMITED,H
OSWALAGRO,EQ,OSWAL AGRO MILLS LTD,H
OWAIS,SM,OWAIS METAL & MINERAL,H
PANSARI,EQ,PANSARI DEVELOPERS LTD,H
PARASPETRO,BE,PARAS PETROFILS LTD.,H
PCJEWELLER,EQ,PC JEWELLER LTD,H
PERFECT,ST,PERFECT INFRAENGINEER LTD,H
PRATHAM,SM,PRATHAM EPC PROJECTS LTD,H
PRITIKA,SM,PRITIKA ENG COMPO LTD,H
RADAAN,BE,RADAAN MEDIAWORKS (I) LTD,H
RADIOWALLA,ST,RADIOWALLA NETWORK LTD,H
RAMANEWS,EQ,SHREE RAMA NEWSPRINT LTD,H
RCOM,BE,RELIANCE COMMUNICATIONS L,H
RECLTD,ND,BOND8.61% PA TF TR II S3A,H
REFEX,EQ,REFEX INDUSTRIES LIMITED,H
REXPIPES,SM,REX PIPES AND CABLES LTD,H
RHL,BE,ROBUST HOTELS LIMITED,H
RKDL,EQ,RAVI KUMAR DIST. LTD.,H
ROLLT,BE,ROLLATAINERS LIMITED,H
RPOWER,BE,RELIANCE POWER LTD.,H
S&SPOWER,BE,S&S POWER SWITCHGEARS,H
SABTNL,BE,SRI ADHIKARI BRO TELE N L,H
SADBHIN,BE,SADBHAV INFRA PROJ LTD.,H
SADHAV,SM,SADHAV SHIPPING LIMITED,H
SALZERELEC,EQ,SALZER ELECTRONICS LTD,H
SANCO,BZ,SANCO INDUSTRIES LIMITED,H
SCHNEIDER,BE,SCHNEIDER ELECTRIC INFRA,H
SEL,ST,SUNGARNER ENERGIES LTD,H
SERVOTECH,EQ,SERVOTECH POWER SYS LTD.,H
SHRENIK,EQ,SHRENIK LIMITED,H
SHYAMTEL,EQ,SHYAM TELECOM LIMITED,H
SILGO,BE,SILGO RETAIL LIMITED,H
SMVD,SM,SMVD POLY PACK LIMITED,H
SOLEX,SM,SOLEX ENERGY LIMITED,H
SOUTHWEST,EQ,SOUTH WEST PINNACLE LTD,H
SPMLINFRA,EQ,SPML INFRA LIMITED,H
SUPREMEENG,BE,SUPREME ENGINEERING LTD,H
SURANASOL,EQ,SURANA SOLAR LIMITED,H
SUVIDHAA,BE,SUVIDHAA INFOSERVE LTD,H
SVPGLOB,EQ,SVP GLOBAL TEXTILES LTD,H
SWELECTES,EQ,SWELECT ENERGY SYS LTD,H
TAPIFRUIT,SM,TAPI FRUIT PROCESSING LTD,H
TARACHAND,EQ,TARA CHAND INFRA SOLN LTD,H
TGL,ST,TEERTH GOPICON LIMITED,H
THOMASCOOK,EQ,THOMAS COOK (INDIA) LTD,H
THOMASCOTT,BE,THOMAS SCOTT (INDIA) LTD,H
TIRUPATIFL,EQ,TIRUPATI FORGE LIMITED,H
TNTELE,BE,TAMILNADU TELECOMMUNICATI,H
TPHQ,BE,TEAMO PRODUCTIONS HQ LTD,H
TRF,BE,TRF LIMITED,H
TRIL,BE,TRANS & RECTI. LTD,H
TRUST,ST,TRUST FINTECH LIMITED,H
UEL,BE,UJAAS ENERGY LIMITED,H
UMESLTD,BE,USHA MARTIN EDU & SOL LTD,H
UNITECH,BZ,UNITECH LIMITED,H
UNIVASTU,EQ,UNIVASTU INDIA LIMITED,H
URAVI,EQ,URAVI T AND WEDG LAMP LTD,H
URBAN,SM,URBAN ENVIRO WASTE MGMT L,H
VINNY,BE,VINNY OVERSEAS LIMITED,H
VMARCIND,SM,V MARC INDIA LIMITED,H
WEL,EQ,WONDER ELECTRICALS LTD,H
WELINV,EQ,WELSPUN INV & COMM LTD,H
WINSOME,BE,WINSOME YARNS LIMITED,H
YASHOPTICS,ST,YASH OPTICS & LENS LTD,H
ZENTEC,EQ,ZEN TECHNOLOGIES LIMITED,H
ZODIAC,BE,ZODIAC ENERGY LIMITED,H
21STCENMGM,BE,21ST CENTURY MGMT SERVICE,L
A2ZINFRA,BE,A2Z INFRA ENGINEERING LTD,L
AAKASH,EQ,AAKASH EXPLORATION SER L,L
ADROITPP,X1,ADROITINF RS.2.50 PPD UP,L
ALPSINDUS,BE,ALPS INDUSTRIES LTD.,L
ARSSINFRA,BE,ARSS INFRA PROJ. LTD,L
ARVEE,BE,ARVEE LABORATORIES I LTD,L
BLBLIMITED,BE,BLB LIMITED,L
CINEVISTA,EQ,CINEVISTA LIMITED,L
CMRSL,SM,CYBER MEDIA RES & SER LTD,L
CREATIVEYE,BE,CREATIVE EYE LIMITED,L
DCG,ST,DCG CABLES & WIRES LTD,L
DCI,EQ,DC INFOTECH AND COMUN LTD,L
DCMFINSERV,BE,DCM FINANCIAL SERVICES LT,L
EDUCOMP,BZ,EDUCOMP SOLUTIONS LTD,L
FEL,BZ,FUTURE ENTERPRISES LTD,L
FELIX,ST,FELIX INDUSTRIES LTD.,L
FLEXITUFF,BE,FLEXITUFF VENTURES INT L,L
FLFL,BZ,FUT LIFESTYLE FASH LTD,L
GAYAHWS,BE,GAYATRI HIGHWAYS LIMITED,L
GOENKA,BZ,GOENKA DIAMOND&JEWELS LTD,L
GSTL,SM,GLOBESECURE TECHNO LTD,L
GTLINFRA,EQ,GTL INFRA.LTD,L
GVPTECH,EQ,GVP INFOTECH LIMITED,L
HDIL,BZ,HOUSING DEV & INFRA LTD,L
HOVS,EQ,HOV SERVICES LTD,L
HPIL,BE,HINDPRAKASH INDUSTRY LTD,L
INDSWFTLTD,BE,IND-SWIFT LIMITED,L
INOXGREEN,BE,INOX GREEN ENERGY SER LTD,L
JALAN,SM,JALAN TRANSOLU. INDIA LTD,L
K2INFRA,ST,K2 INFRAGEN LIMITED,L
KAUSHALYA,EQ,KAUSHALYA INFRA DEV LTD.,L
KAVVERITEL,EQ,KAVVERI TEL. LTD.,L
KEEPLEARN,EQ,DSJ KEEP LEARNING LTD,L
KRIDHANINF,BE,KRIDHAN INFRA LIMITED,L
MDL,ST,MARVEL DECOR LIMITED,L
MEP,BE,MEP INFRA. DEVELOPERS LTD,L
MODIRUBBER,EQ,MODI RUBBER LTD,L
NORBTEAEXP,EQ,NORBEN TEA & EXPORTS LTD,L
OMKARCHEM,BZ,OMKAR SPL CHEM LTD,L
ONELIFECAP,BE,ONELIFE CAP ADVISORS LTD,L
OSWALSEEDS,BE,SHREEOSWAL S AND CHE LTD,L
PREMIER,BE,PREMIER LIMITED,L
QFIL,SM,QUALITY FOILS (INDIA) LTD,L
RADAAN,BE,RADAAN MEDIAWORKS (I) LTD,L
RADIOWALLA,ST,RADIOWALLA NETWORK LTD,L
RAJRILTD,BE,RAJ RAYON INDUSTRIES LTD,L
RBMINFRA,ST,RBM INFRACON LIMITED,L
RCOM,BE,RELIANCE COMMUNICATIONS L,L
SABEVENTS,BE,SAB EVENTS & GOVERNANCE,L
SADBHIN,BE,SADBHAV INFRA PROJ LTD.,L
SETCO,EQ,SETCO AUTOMOTIVE LTD,L
SHRENIK,EQ,SHRENIK LIMITED,L
SPARC,BE,SUN PHARMA ADV.RES.CO.LTD,L
SRPL,BE,SHREE RAM PROTEINS LTD.,L
SUMEETINDS,BE,SUMEET IND LIMITED,L
SUPREMEENG,BE,SUPREME ENGINEERING LTD,L
SUULD,EQ,SUUMAYA INDUSTRIES LTD,L
TARACHAND,EQ,TARA CHAND INFRA SOLN LTD,L
TCLCONS,BE,TANTIA CONSTRUCTIONS LTD,L
TIPSFILMS,BE,TIPS FILMS LIMITED,L
VLEGOV,BE,VL E GOV AND IT SOL LTD,L
WINSOME,BE,WINSOME YARNS LIMITED,L
ZENITHSTL,EQ,ZENITH STEEL PIP IND LTD,L
