SERIES,SYMBOL,SECURITY,RECORD_DT,BC_STRT_DT,BC_END_DT,EX_DT,ND_STRT_DT,ND_END_DT,PURPOSE
BE,VENKEYS,Venky's (India) Limited,23/08/2024, , ,23/08/2024, , ,DIV - RS 7 PER SH        
BE,NATCOPHARM,Natco Pharma Limited,23/08/2024, , ,23/08/2024, , ,INTDIV - RS 3 PER SH     
BE,INDOBORAX,Indo Borax & Chemical Ltd, ,21/08/2024,27/08/2024,20/08/2024, , ,ANNUAL GENERAL MEETING   
BE,TIIL,Technocraft Industries (I,27/08/2024, , ,27/08/2024, , ,BUY BACK                 
BE,SUPRAJIT,Suprajit Engineering Ltd.,27/08/2024, , ,27/08/2024, , ,BUY BACK                 
BE,KUANTUM,Kuantum Papers Limited, ,24/08/2024,30/08/2024,23/08/2024, , ,ANNUAL GENERAL MEETING   
BE,INSECTICID,Insecticides (India) Limi,23/08/2024, , ,23/08/2024, , ,INTDIV - RS 2 PER SH     
BE,HONASA,Honasa Consumer Limited, ,23/08/2024,29/08/2024,22/08/2024, , ,ANNUAL GENERAL MEETING   
BE,EXPLEOSOL,Expleo Solutions Limited, ,23/08/2024,29/08/2024,22/08/2024, , ,ANNUAL GENERAL MEETING   
BE,RPPL,Rajshree PolyPack Ltd, ,23/08/2024,29/08/2024,22/08/2024, , ,ANNUAL GENERAL MEETING   
BE,IL&FSENGG,IL&FS Eng and Cons Co Ltd, ,22/08/2024,29/08/2024,21/08/2024, , ,ANNUAL GENERAL MEETING   
BE,DSSL,Dynacons Sys & Sol. Ltd.,23/08/2024, , ,23/08/2024, , ,INTDIV - RE 0.50 PER SH  
BE,SHEMAROO,Shemaroo Enter. Ltd., ,22/08/2024,29/08/2024,21/08/2024, , ,ANNUAL GENERAL MEETING   
BE,GANDHAR,Gandhar Oil Refine Ind L,23/08/2024, , ,23/08/2024, , ,DIV - RE 50 PER SH       
BE,MARUTI,Maruti Suzuki India Ltd, ,03/08/2024,27/08/2024,02/08/2024, , ,DIV - RS 125 PER SH      
BE,BALAJITELE,Balaji Telefilms Limited, ,21/08/2024,27/08/2024,20/08/2024, , ,ANNUAL GENERAL MEETING   
BE,IDEA,Vodafone Idea Limited, ,21/08/2024,28/08/2024,20/08/2024, , ,ANNUAL GENERAL MEETING   
BE,SAREGAMA,SAREGAMA INDIA LIMITEDepo, ,21/08/2024,27/08/2024,20/08/2024, , ,ANNUAL GENERAL MEETING   
BE,RATNAMANI,Ratnamani Metals & Tubes, ,21/08/2024,27/08/2024,20/08/2024, , ,AGM/DIV - RS 14 PER SH   
BE,APARINDS,Apar Industries Ltd., ,21/08/2024,27/08/2024,20/08/2024, , ,AGM/DIV - RS 51 PER SH   
BE,ITDCEM,ITD Cementation India Lim, ,22/08/2024,28/08/2024,21/08/2024, , ,AGM/DIV - RS 1.70 PER SH 
BE,OMAXAUTO,Omax Autos Limited, ,23/08/2024,29/08/2024,22/08/2024, , ,AGM/DIV - RE 1 PER SH    
BE,LINC,Linc Limited, ,22/08/2024,28/08/2024,21/08/2024, , ,AGM/DIV - RS 5 PER SH    
BE,GANDHAR,Gandhar Oil Refine Ind L, ,29/08/2024,05/09/2024,28/08/2024, , ,ANNUAL GENERAL MEETING   
BE,SIRCA,Sirca Paint India Limited, ,23/08/2024,29/08/2024,22/08/2024, , ,ANNUAL GENERAL MEETING   
BE,SIRCA,Sirca Paint India Limited,22/08/2024, , ,22/08/2024, , ,DIV - RS 1.50 PER SH     
BE,AKSHAR,Akshar Spintex Limited,23/08/2024, , ,23/08/2024, , ,RIGHTS 13:8 @ PRM RS 0/- 
BE,ONGC,OIL AND NATURAL GAS CORP.,23/08/2024, , ,23/08/2024, , ,DIV - RS 2.50 PER SH     
BE,ATALREAL,Atal Realtech Limited,22/08/2024, , ,22/08/2024, , ,RIGHTS 1:2 @ PRM RS 5/-  
BE,IRCTC,Indian Rail Tour Corp Ltd,23/08/2024, , ,23/08/2024, , ,DIV - RS 4 PER SH        
BE,SHIVATEX,Shiva Texyarn Limited, ,15/08/2024,21/08/2024,14/08/2024, , ,ANNUAL GENERAL MEETING   
BE,DTIL,Dhunseri Tea & Ind. Ltd., ,15/08/2024,21/08/2024,14/08/2024, , ,ANNUAL GENERAL MEETING   
BE,SAURASHCEM,Saurashtra Cem & Chem, ,15/08/2024,21/08/2024,14/08/2024, , ,ANNUAL GENERAL MEETING   
BE,FMGOETZE,Federal-Mogul Goetze (I), ,15/08/2024,22/08/2024,14/08/2024, , ,ANNUAL GENERAL MEETING   
BE,EPL,EPL Limited, ,15/08/2024,21/08/2024,14/08/2024, , ,ANNUAL GENERAL MEETING   
BE,KFINTECH,Kfin Technologies Limited,23/08/2024, , ,23/08/2024, , ,DIV - RS 5.75 PER SH     
BE,GAEL,Gujarat Amb. Exp Ltd.,23/08/2024, , ,23/08/2024, , ,DIV - RE 0.35 PER SH     
BE,ABB,ABB India Limited,23/08/2024, , ,23/08/2024, , ,INTDIV - RS 10.66 PER SH 
BE,MAYURUNIQ,Mayur Uniquoters Ltd,23/08/2024, , ,23/08/2024, , ,DIV - RS 3 PER SH        
BE,MAYURUNIQ,Mayur Uniquoters Ltd, ,24/08/2024,26/08/2024,23/08/2024, , ,ANNUAL GENERAL MEETING   
BE,VLSFINANCE,VLS Finance Ltd.,26/08/2024, , ,26/08/2024, , ,BUY BACK                 
BE,MANAPPURAM,Manappuram Finance Ltd,26/08/2024, , ,26/08/2024, , ,INTDIV - RE 1 PER SH     
BE,KRONOX,Kronox Lab Sciences Ltd, ,24/08/2024,30/08/2024,23/08/2024, , ,AGM/DIV - RE 0.50 PER SH 
BE,GODFRYPHLP,Godfrey Phillips-Depo, ,24/08/2024,06/09/2024,23/08/2024, , ,AGM/DIV - RS 56 PER SH   
BE,OAL,Oriental Aromatics Limite, ,07/08/2024,21/08/2024,06/08/2024, , ,AGM/DIV - RE 0.50 PER SH 
BE,KTKBANK,Karnataka Bank Limited, ,04/09/2024,10/09/2024,03/09/2024, , ,DIV - RS 5.50 PER SH     
BE,HERITGFOOD,Heritage Foods Ltd., ,14/08/2024,21/08/2024,13/08/2024, , ,AGM/DIV-RS 2.50 PER SH   
BE,MGL,Mahanagar Gas Ltd., ,15/08/2024,23/08/2024,14/08/2024, , ,AGM/DIV - RS 18 PER SH   
BE,JKLAKSHMI,JK Lakshmi Cement Limited, ,10/08/2024,23/08/2024,09/08/2024, , ,AGM/DIV - RS 4.5 PER SH  
BE,VSTIND,VST Industries Ltd.,06/09/2024, , ,06/09/2024, , ,BONUS 10:1               
BE,SPENCERS,Spencer's Retail Limited, ,14/08/2024,21/08/2024,13/08/2024, , ,ANNUAL GENERAL MEETING   
BE,GPPL,Gujarat Pipavav Port Ltd, ,16/08/2024,22/08/2024,14/08/2024, , ,AGM/DIV - RS 3.70 PER SH 
BE,ALANKIT,Alankit Limited, ,16/08/2024,22/08/2024,14/08/2024, , ,ANNUAL GENERAL MEETING   
BE,TVVISION,TV Vision Limited, ,24/08/2024,30/08/2024,23/08/2024, , ,ANNUAL GENERAL MEETING   
BE,HATSUN,Hatsun Agro Product Ltd., ,27/08/2024,28/08/2024,26/08/2024, , ,ANNUAL GENERAL MEETING   
BE,AUROPHARMA,AUROPHARMA - Depo, ,27/08/2024,29/08/2024,26/08/2024, , ,ANNUAL GENERAL MEETING   
BE,JPPOWER, Jaiprakash Power Ven. Lt, ,27/08/2024,02/09/2024,26/08/2024, , ,ANNUAL GENERAL MEETING   
BE,RPSGVENT,RPSG VENTURES LIMITED, ,14/08/2024,21/08/2024,13/08/2024, , ,ANNUAL GENERAL MEETING   
BE,CESC,CESC - Depo, ,14/08/2024,21/08/2024,13/08/2024, , ,ANNUAL GENERAL MEETING   
BE,SYMPHONY,Symphony Limited,21/08/2024, , ,21/08/2024, , ,BUY BACK                 
BE,MSUMI,Motherson Sumi Wrng Ind L, ,16/08/2024,22/08/2024,14/08/2024, , ,AGM/DIV - RE 0.80 PER SH 
BE,DHUNINV,Dhunseri Investments Ltd, ,16/08/2024,22/08/2024,14/08/2024, , ,AGM/DIV - RS 2.50 PER SH 
BE,KSL,Kalyani Steels Limited, ,16/08/2024,22/08/2024,14/08/2024, , ,DIV - RS 10 PER SH       
BE,KCP,KCP Ltd, ,16/08/2024,22/08/2024,14/08/2024, , ,AGM/DIV - RE 1 PER SH    
BE,MUNJALSHOW,Munjal Showa Ltd, ,03/08/2024,21/08/2024,02/08/2024, , ,AGM/DIV-RS 4.50 PER SH   
BE,KDDL,KDDL Limited,27/08/2024, , ,27/08/2024, , ,BUY BACK                 
BE,DHRUV,Dhruv Consultancy Ser Ltd,26/08/2024, , ,26/08/2024, , ,DIV - RE 0.25 PER SH     
BE,KDDL,KDDL Limited,27/08/2024, , ,27/08/2024, , ,DIV - RS 4 PER SH        
BE,DHRUV,Dhruv Consultancy Ser Ltd, ,27/08/2024,02/09/2024,26/08/2024, , ,ANNUAL GENERAL MEETING   
BE,FORCEMOT,Force Motors Limited,28/08/2024, , ,28/08/2024, , ,DIV - RS 20 PER SH       
BE,ASTRAMICRO,Astra Microwave Ltd, ,24/08/2024,30/08/2024,23/08/2024, , ,AGM/DIV - RS 2 PER SH    
BE,BHAGERIA,Bhageria Industries Ltd, ,24/08/2024,31/08/2024,23/08/2024, , ,AGM/DIV - RE 1 PER SH    
BE,GLOBUSSPR,Globus Spirits Limited, ,23/08/2024,29/08/2024,22/08/2024, , ,ANNUAL GENERAL MEETING   
BE,IVC,IL&FS Investment Managers, ,24/08/2024,30/08/2024,23/08/2024, , ,AGM/DIV - RE 0.70 PER SH 
BE,EKC,Everest Kanto Cylinder Li, ,24/08/2024,30/08/2024,23/08/2024, , ,AGM/DIV - RE 0.70 PER SH 
BE,CENTENKA,Century Enka Ltd, ,21/08/2024,22/08/2024,20/08/2024, , ,AGM/DIV - RS 10 PER SH   
BE,TITAGARH,Titagarh Wagons Limited, ,21/08/2024,27/08/2024,20/08/2024, , ,AGM/DIV - RE 0.80 PER SH 
BE,HAL,Hindustan Aeronautics Ltd,21/08/2024, , ,21/08/2024, , ,DIV - RS 13 PER SH       
BE,PFIZER,PFIZER LTD,21/08/2024, , ,21/08/2024, , ,DIV - RS 35 PER SH       
BE,GATEWAY,Gateway Distriparks Ltd,21/08/2024, , ,21/08/2024, , ,INTDIV - RS 1.25 PER SH  
BE,LGBBROSLTD,LG Balakrishnan & Bros, ,23/08/2024,29/08/2024,22/08/2024, , ,AGM/DIV - RS 18 PER SH   
BE,BBL,Bharat Bijlee Ltd - Depo, ,22/08/2024,29/08/2024,21/08/2024, , ,AGM/DIV - RS 35 PER SH   
BE,BAGFILMS,B.A.G Films and Media Ltd, ,22/08/2024,28/08/2024,21/08/2024, , ,ANNUAL GENERAL MEETING   
BE,PANAMAPET,Panama Petrochem Ltd,22/08/2024, , ,22/08/2024, , ,AGM/DIV - RS 4 PER SH    
BE,MICEL,MIC Electronics Ltd, ,22/08/2024,27/08/2024,21/08/2024, , ,ANNUAL GENERAL MEETING   
BE,INDIAGLYCO,India Glycols Ltd, ,22/08/2024,28/08/2024,21/08/2024, , ,AGM/DIV - RS 8 PER SH    
BE,SATIA,Satia Industries Limited,21/08/2024, , ,21/08/2024, , ,INTDIV - RE 0.10 PER SH  
BE,ENDURANCE,Endurance Techno. Ltd., ,12/08/2024,23/08/2024,09/08/2024, , ,DIV - RS 8.50 PER SH     
BE,SURYALAXMI,Suryalakshmi Cot Mil Ltd, ,12/08/2024,22/08/2024,09/08/2024, , ,ANNUAL GENERAL MEETING   
BE,NHPC,NHPC Ltd, ,13/08/2024,28/08/2024,12/08/2024, , ,ANNUAL GENERAL MEETING   
BE,UPL,UPL Limited, ,13/08/2024,27/08/2024,12/08/2024, , ,DIV - RE 1 PER SH        
BE,NRAIL,N R Agarwal Inds Ltd, ,17/08/2024,22/08/2024,16/08/2024, , ,AGM/DIV - RS 2 PER SH    
BE,LICHSGFIN,LIC HOUSING FINANCE LTD, ,24/08/2024,29/08/2024,23/08/2024, , ,AGM/DIV - RS 9 PER SH    
BE,MANYAVAR,Vedant Fashions Limited, ,24/08/2024,30/08/2024,23/08/2024, , ,AGM/DIV - RS 8.50 PER SH 
BE,MANORAMA,Manorama Industries Ltd, ,28/08/2024,03/09/2024,27/08/2024, , ,AGM/DIV - RE 0.40 PER SH 
BE,BCONCEPTS,Brand Concepts Limited, ,21/08/2024,28/08/2024,20/08/2024, , ,ANNUAL GENERAL MEETING   
BE,ISGEC,Isgec Heavy Eng Ltd,21/08/2024, , ,21/08/2024, , ,DIV - RS 4 PER SH        
BE,SNOWMAN,Snowman Logistics Ltd.,21/08/2024, , ,21/08/2024, , ,INTDIV - RE 1 PER SH     
BE,ENGINERSIN,Engineers India-Depo,21/08/2024, , ,21/08/2024, , ,DIV - RE 1 PER SH        
BE,IRFC,Indian Railway Fin Corp L,22/08/2024, , ,22/08/2024, , ,DIV - RS 0.70 PER SH     
BE,PCBL,Phillips Carbon Black, ,22/08/2024,28/08/2024,21/08/2024, , ,ANNUAL GENERAL MEETING   
BE,EMAMIPAP,Emami Paper Mills Limited, ,22/08/2024,28/08/2024,21/08/2024, , ,AGM/DIV - RS 1.60 PER SH 
BE,URJA,Urja Global Limited, ,22/08/2024,28/08/2024,21/08/2024, , ,ANNUAL GENERAL MEETING   
BE,HAL,Hindustan Aeronautics Ltd, ,22/08/2024,28/08/2024,21/08/2024, , ,ANNUAL GENERAL MEETING   
BE,FEDERALBNK,Federal Bank- depo, ,25/08/2024,31/08/2024,23/08/2024, , ,AGM/DIV - RS 1.20 PER SH 
BE,KPIGREEN,KPI Global Infra Ltd,21/08/2024, , ,21/08/2024, , ,INTDIV - RE 0.20 PER SH  
BE,UNIPARTS,Uniparts India Limited,21/08/2024, , ,21/08/2024, , ,INTDIV - RS 6.75 PER SH  
BE,ASTERDM,Aster DM Healthcare Ltd.,22/08/2024, , ,22/08/2024, , ,AGM/DIV - RS 2 PER SH    
BE,GOLDIAM,Goldiam International Ltd,22/08/2024, , ,22/08/2024, , ,INTDIV - RE 1 PER SH     
BE,BBOX,Black Box Limited,22/08/2024, , ,22/08/2024, , ,EGM                      
BE,MAZDA,Mazda Limited, ,23/08/2024,30/08/2024,22/08/2024, , ,ANNUAL GENERAL MEETING   
BE,MAZDA,Mazda Limited,22/08/2024, , ,22/08/2024, , ,DIV - RS 16 PER SH       
BE,PASUPTAC,Pasupati Acrylon Limited, ,14/08/2024,21/08/2024,13/08/2024, , ,ANNUAL GENERAL MEETING   
BE,MFSL,Max Fin Serv Ltd, ,17/08/2024,23/08/2024,16/08/2024, , ,ANNUAL GENERAL MEETING   
BE,GANGESSECU,Ganges Securities Limited, ,17/08/2024,23/08/2024,16/08/2024, , ,ANNUAL GENERAL MEETING   
BE,PIIND,PI Industries Ltd, ,21/08/2024,27/08/2024,20/08/2024, , ,ANNUAL GENERAL MEETING   
BE,CORALFINAC,Coral India Finance Hsg, ,21/08/2024,30/08/2024,20/08/2024, , ,AGM/DIV - RE 0.40 PER SH 
BE,ALKALI,Alkali Metals Limited, ,17/08/2024,21/08/2024,16/08/2024, , ,AGM/DIV - RE 1 PER SH    
BE,ISGEC,Isgec Heavy Eng Ltd, ,22/08/2024,28/08/2024,21/08/2024, , ,ANNUAL GENERAL MEETING   
BE,HESTERBIO,Hester Biosciences Ltd, ,23/08/2024,29/08/2024,22/08/2024, , ,ANNUAL GENERAL MEETING   
BE,HESTERBIO,Hester Biosciences Ltd,22/08/2024, , ,22/08/2024, , ,DIV - RS 6 PER SH        
BE,THEJO,Thejo Engineering Limited, ,23/08/2024,29/08/2024,22/08/2024, , ,DIV - RS 3 PER SH        
BE,HINDWAREAP,Somany Hom Innovation ltd, ,23/08/2024,28/08/2024,22/08/2024, , ,AGM/DIV - RE 0.40 PER SH 
BE,KAKATCEM,Kakatiya Cements Ltd, ,23/08/2024,29/08/2024,22/08/2024, , ,AGM/DIV - RS 3 PER SH    
BE,JMA,Jullundur Mot Agency Ltd, ,23/08/2024,29/08/2024,22/08/2024, , ,AGM/DIV - RS 2 PER SH    
BE,KUANTUM,Kuantum Papers Limited,23/08/2024, , ,23/08/2024, , ,DIV - RS 3 PER SH        
BE,VIDHIING,Vidhi Spl Food Ingred Ltd,21/08/2024, , ,21/08/2024, , ,INTDIV - RE 1 PER SH     
BE,MRPL,MRPL, ,16/08/2024,22/08/2024,14/08/2024, , ,ANNUAL GENERAL MEETING   
BE,BASML,Bannari Am Spin Mill Ltd., ,16/08/2024,22/08/2024,14/08/2024, , ,ANNUAL GENERAL MEETING   
BE,IOLCP,IOL Chem and Pharma Ltd, ,17/08/2024,23/08/2024,16/08/2024, , ,ANNUAL GENERAL MEETING   
BE,RADIOCITY,Music Broadcast Limited, ,17/08/2024,21/08/2024,16/08/2024, , ,ANNUAL GENERAL MEETING   
BE,CSBBANK,CSB Bank Limited, ,17/08/2024,23/08/2024,16/08/2024, , ,ANNUAL GENERAL MEETING   
BE,DELTACORP,Delta Corp Limited, ,17/08/2024,23/08/2024,16/08/2024, , ,ANNUAL GENERAL MEETING   
BE,VIDEOIND,Videocon Industries Limit, ,20/08/2024,26/08/2024,19/08/2024, , ,ANNUAL GENERAL MEETING   
BE,VALUEIND,Value Industries Limited, ,20/08/2024,26/08/2024,19/08/2024, , ,ANNUAL GENERAL MEETING   
BE,LATENTVIEW,Latent View Analytics Ltd, ,20/08/2024,27/08/2024,19/08/2024, , ,ANNUAL GENERAL MEETING   
BE,JKPAPER,JK Paper Limited, ,21/08/2024,03/09/2024,20/08/2024, , ,AGM/DIV - RS 5 PER SH    
BE,GLOBUSSPR,Globus Spirits Limited,22/08/2024, , ,22/08/2024, , ,DIV - RS 3.50 PER SH     
BE,JINDALSTEL,JINDALSTEL-Depo,22/08/2024, , ,22/08/2024, , ,DIV - RS 2 PER SH        
BE,RELAXO,Relaxo Foot Ltd.,22/08/2024, , ,22/08/2024, , ,DIV - RS 3 PER SH        
BE,JIKIND,JIK Industries Limited, ,16/08/2024,23/08/2024,14/08/2024, , ,ANNUAL GENERAL MEETING   
BE,ROSSARI,Rossari Biotech Limited, ,17/08/2024,23/08/2024,16/08/2024, , ,AGM/DIV - RE 0.50 PER SH 
BE,ACE,Action Construction Equip, ,20/08/2024,27/08/2024,19/08/2024, , ,AGM/DIV - RS 2 PER SH    
BE,SOUTHBANK,South Indian Bank Ltd., ,21/08/2024,27/08/2024,20/08/2024, , ,AGM/DIV - RS 0.30 PER SH 
BE,MMP,MMP Industries Limited, ,20/08/2024,28/08/2024,19/08/2024, , ,AGM/DIV - RS 1.5 PER SH  
BE,IRCTC,Indian Rail Tour Corp Ltd, ,24/08/2024,30/08/2024,23/08/2024, , ,ANNUAL GENERAL MEETING   
BE,RKFORGE,Ramkrishna Forgings Ltd, ,24/08/2024,31/08/2024,23/08/2024, , ,ANNUAL GENERAL MEETING   
BE,MOTHERSON,Motherson Sumi Sys Ltd., ,16/08/2024,22/08/2024,14/08/2024, , ,AGM/DIV - RE 0.80 PER SH 
BE,MAYURUNIQ,Mayur Uniquoters Ltd,23/08/2024, , ,23/08/2024, , ,BUY BACK                 
BE,SYMPHONY,Symphony Limited,21/08/2024, , ,21/08/2024, , ,INTDIV - RE 1 PER SH     
BE,PFC,Power Finance Corporation, ,16/08/2024,21/08/2024,14/08/2024, , ,ANNUAL GENERAL MEETING   
BE,SHIVAMILLS,Shiva Mills Limited, ,15/08/2024,21/08/2024,14/08/2024, , ,ANNUAL GENERAL MEETING   
BE,FLAIR,Flair Writing Indust Ltd, ,15/08/2024,22/08/2024,14/08/2024, , ,ANNUAL GENERAL MEETING   
BE,POWERINDIA,Hitachi Energy India Ltd, ,15/08/2024,21/08/2024,14/08/2024, , ,AGM/DIV - RS 4 PER SH    
BE,LFIC,Lakshmi Fin Ind Corp Ltd, ,15/08/2024,22/08/2024,14/08/2024, , ,AGM/DIV/SPDV - RS 4      
BE,THOMASCOOK,THOMASCOOK - Depo, ,19/08/2024,30/08/2024,16/08/2024, , ,DIV-RS0.40/SPLDIV-RS0.20 
BE,COMPUSOFT,Compucom Software Ltd, ,18/08/2024,24/08/2024,16/08/2024, , ,AGM/DIV - RS 0.40 PER SH 
BE,ELECTCAST,ELECTROSTEEL CASTINGS LTD, ,17/08/2024,23/08/2024,16/08/2024, , ,DIV - RE 0.90 PER SH     
BE,CYBERMEDIA,Cyber Media (India) Ltd., ,17/08/2024,22/08/2024,16/08/2024, , ,ANNUAL GENERAL MEETING   
BE,NDGL,Naga Dhunseri Group Ltd, ,17/08/2024,23/08/2024,16/08/2024, , ,AGM/DIV - RS 2.50 PER SH 
BE,SURYAROSNI,Surya Roshni Ltd,23/08/2024, , ,23/08/2024, , ,DIV - RS 2,50 PER SH     
BE,MAXHEALTH,Max Healthcare Ins Ltd,23/08/2024, , ,23/08/2024, , ,DIV - RS 1.5 PER SH      
BE,CDSL,Central Depo Ser (I) Ltd,24/08/2024, , ,23/08/2024, , ,BONUS 1:1                
BE,BIGBLOC,Bigbloc Construction Ltd, ,23/08/2024,29/08/2024,22/08/2024, , ,ANNUAL GENERAL MEETING   
BE,MARALOVER,Maral Overseas Ltd, ,21/08/2024,27/08/2024,20/08/2024, , ,ANNUAL GENERAL MEETING   
BE,WONDERLA,Wonderla Holidays Ltd., ,16/08/2024,21/08/2024,14/08/2024, , ,ANNUAL GENERAL MEETING   
BE,FINEORG,Fine Organic Ind. Ltd., ,14/08/2024,21/08/2024,13/08/2024, , ,AGM/DIV - RS 10 PER SH   
BZ,IL&FSENGG,IL&FS Eng and Cons Co Ltd, ,22/08/2024,29/08/2024,21/08/2024, , ,ANNUAL GENERAL MEETING   
BZ,JIKIND,JIK Industries Limited, ,16/08/2024,23/08/2024,14/08/2024, , ,ANNUAL GENERAL MEETING   
BZ,VALUEIND,Value Industries Limited, ,20/08/2024,26/08/2024,19/08/2024, , ,ANNUAL GENERAL MEETING   
BZ,VIDEOIND,Videocon Industries Limit, ,20/08/2024,26/08/2024,19/08/2024, , ,ANNUAL GENERAL MEETING   
EQ,MRPL,Mang. Ref & Petochem Ltd., ,16/08/2024,22/08/2024,14/08/2024, , ,ANNUAL GENERAL MEETING   
EQ,BASML,Bannari Amman Spinning Mi, ,16/08/2024,22/08/2024,14/08/2024, , ,ANNUAL GENERAL MEETING   
EQ,JIKIND,JIK Industries Limited, ,16/08/2024,23/08/2024,14/08/2024, , ,ANNUAL GENERAL MEETING   
EQ,RADIOCITY,Music Broadcast Limited, ,17/08/2024,21/08/2024,16/08/2024, , ,ANNUAL GENERAL MEETING   
EQ,CSBBANK,CSB Bank Limited, ,17/08/2024,23/08/2024,16/08/2024, , ,ANNUAL GENERAL MEETING   
EQ,DELTACORP,Delta Corp Limited, ,17/08/2024,23/08/2024,16/08/2024, , ,ANNUAL GENERAL MEETING   
EQ,VIDEOIND,Videocon Industries Limit, ,20/08/2024,26/08/2024,19/08/2024, , ,ANNUAL GENERAL MEETING   
EQ,VALUEIND,Value Industries Limited, ,20/08/2024,26/08/2024,19/08/2024, , ,ANNUAL GENERAL MEETING   
EQ,LATENTVIEW,Latent View Analytics Ltd, ,20/08/2024,27/08/2024,19/08/2024, , ,ANNUAL GENERAL MEETING   
EQ,GLOBUSSPR,Globus Spirits Limited,22/08/2024, , ,22/08/2024, , ,DIV - RS 3.50 PER SH     
EQ,JINDALSTEL,Jindal Steel & Power,22/08/2024, , ,22/08/2024, , ,DIV - RS 2 PER SH        
EQ,RELAXO,Relaxo Foot Ltd.,22/08/2024, , ,22/08/2024, , ,DIV - RS 3 PER SH        
EQ,ROSSARI,Rossari Biotech Limited, ,17/08/2024,23/08/2024,16/08/2024, , ,AGM/DIV - RE 0.50 PER SH 
EQ,ACE,Action Construction Equip, ,20/08/2024,27/08/2024,19/08/2024, , ,AGM/DIV - RS 2 PER SH    
EQ,SOUTHBANK,South Indian Bank Ltd., ,21/08/2024,27/08/2024,20/08/2024, , ,AGM/DIV - RS 0.30 PER SH 
EQ,MMP,MMP Industries Limited, ,20/08/2024,28/08/2024,19/08/2024, , ,AGM/DIV - RS 1.5 PER SH  
EQ,JKPAPER,JK Paper Limited, ,21/08/2024,03/09/2024,20/08/2024, , ,AGM/DIV - RS 5 PER SH    
EQ,IRCTC,Indian Rail Tour Corp Ltd, ,24/08/2024,30/08/2024,23/08/2024, , ,ANNUAL GENERAL MEETING   
EQ,RKFORGE,Ramkrishna Forgings Ltd, ,24/08/2024,31/08/2024,23/08/2024, , ,ANNUAL GENERAL MEETING   
EQ,MOTHERSON,Motherson Sumi Sys Ltd., ,16/08/2024,22/08/2024,14/08/2024, , ,AGM/DIV - RE 0.80 PER SH 
EQ,MAYURUNIQ,Mayur Uniquoters Ltd,23/08/2024, , ,23/08/2024, , ,BUY BACK                 
EQ,SYMPHONY,Symphony Limited,21/08/2024, , ,21/08/2024, , ,INTDIV - RE 1 PER SH     
EQ,PFC,Power Finance Corporation, ,16/08/2024,21/08/2024,14/08/2024, , ,ANNUAL GENERAL MEETING   
EQ,SHIVAMILLS,Shiva Mills Limited, ,15/08/2024,21/08/2024,14/08/2024, , ,ANNUAL GENERAL MEETING   
EQ,FLAIR,Flair Writing Indust Ltd, ,15/08/2024,22/08/2024,14/08/2024, , ,ANNUAL GENERAL MEETING   
EQ,POWERINDIA,Hitachi Energy India Ltd, ,15/08/2024,21/08/2024,14/08/2024, , ,AGM/DIV - RS 4 PER SH    
EQ,LFIC,Lakshmi Fin Ind Corp Ltd, ,15/08/2024,22/08/2024,14/08/2024, , ,AGM/DIV/SPDV - RS 4      
EQ,THOMASCOOK,Thomas Cook  (India)  Ltd, ,19/08/2024,30/08/2024,16/08/2024, , ,DIV-RS0.40/SPLDIV-RS0.20 
EQ,COMPUSOFT,Compucom Software Ltd, ,18/08/2024,24/08/2024,16/08/2024, , ,AGM/DIV - RS 0.40 PER SH 
EQ,ELECTCAST,Electrosteel Cast Ltd., ,17/08/2024,23/08/2024,16/08/2024, , ,DIV - RE 0.90 PER SH     
EQ,CYBERMEDIA,Cyber Media (India) Limit, ,17/08/2024,22/08/2024,16/08/2024, , ,ANNUAL GENERAL MEETING   
EQ,NDGL,Naga Dhunseri Group Ltd, ,17/08/2024,23/08/2024,16/08/2024, , ,AGM/DIV - RS 2.50 PER SH 
EQ,SURYAROSNI,Surya Roshni Ltd,23/08/2024, , ,23/08/2024, , ,DIV - RS 2,50 PER SH     
EQ,MAXHEALTH,Max Healthcare Ins Ltd,23/08/2024, , ,23/08/2024, , ,DIV - RS 1.5 PER SH      
EQ,CDSL,Central Depo Ser (I) Ltd,24/08/2024, , ,23/08/2024, , ,BONUS 1:1                
EQ,BIGBLOC,Bigbloc Construction Ltd, ,23/08/2024,29/08/2024,22/08/2024, , ,ANNUAL GENERAL MEETING   
EQ,MARALOVER,Maral Overseas Ltd, ,21/08/2024,27/08/2024,20/08/2024, , ,ANNUAL GENERAL MEETING   
EQ,WONDERLA,Wonderla Holidays Ltd., ,16/08/2024,21/08/2024,14/08/2024, , ,ANNUAL GENERAL MEETING   
EQ,FINEORG,Fine Organic Ind. Ltd., ,14/08/2024,21/08/2024,13/08/2024, , ,AGM/DIV - RS 10 PER SH   
EQ,MUNJALSHOW,Munjal Showa Ltd, ,03/08/2024,21/08/2024,02/08/2024, , ,AGM/DIV-RS 4.50 PER SH   
EQ,DHRUV,Dhruv Consultancy Ser Ltd,26/08/2024, , ,26/08/2024, , ,DIV - RE 0.25 PER SH     
EQ,KDDL,KDDL Limited,27/08/2024, , ,27/08/2024, , ,DIV - RS 4 PER SH        
EQ,DHRUV,Dhruv Consultancy Ser Ltd, ,27/08/2024,02/09/2024,26/08/2024, , ,ANNUAL GENERAL MEETING   
EQ,FORCEMOT,Force Motors Limited,28/08/2024, , ,28/08/2024, , ,DIV - RS 20 PER SH       
EQ,ASTRAMICRO,Astra Microwave Products, ,24/08/2024,30/08/2024,23/08/2024, , ,AGM/DIV - RS 2 PER SH    
EQ,BHAGERIA,Bhageria Industries Ltd, ,24/08/2024,31/08/2024,23/08/2024, , ,AGM/DIV - RE 1 PER SH    
EQ,GLOBUSSPR,Globus Spirits Limited, ,23/08/2024,29/08/2024,22/08/2024, , ,ANNUAL GENERAL MEETING   
EQ,IVC,IL&FS Investment Managers, ,24/08/2024,30/08/2024,23/08/2024, , ,AGM/DIV - RE 0.70 PER SH 
EQ,EKC,Everest Kanto Cylinder Li, ,24/08/2024,30/08/2024,23/08/2024, , ,AGM/DIV - RE 0.70 PER SH 
EQ,LICHSGFIN,LIC Housing Finance Ltd, ,24/08/2024,29/08/2024,23/08/2024, , ,AGM/DIV - RS 9 PER SH    
EQ,CENTENKA,Century Enka Ltd, ,21/08/2024,22/08/2024,20/08/2024, , ,AGM/DIV - RS 10 PER SH   
EQ,TITAGARH,Titagarh Wagons Limited, ,21/08/2024,27/08/2024,20/08/2024, , ,AGM/DIV - RE 0.80 PER SH 
EQ,HAL,Hindustan Aeronautics Ltd,21/08/2024, , ,21/08/2024, , ,DIV - RS 13 PER SH       
EQ,PFIZER,Pfizer Ltd.,21/08/2024, , ,21/08/2024, , ,DIV - RS 35 PER SH       
EQ,GATEWAY,Gateway Distriparks Ltd,21/08/2024, , ,21/08/2024, , ,INTDIV - RS 1.25 PER SH  
EQ,BCONCEPTS,Brand Concepts Limited, ,21/08/2024,28/08/2024,20/08/2024, , ,ANNUAL GENERAL MEETING   
EQ,LGBBROSLTD,LG Balakrishnan & Bros, ,23/08/2024,29/08/2024,22/08/2024, , ,AGM/DIV - RS 18 PER SH   
EQ,BBL,Bharat Bijlee Ltd, ,22/08/2024,29/08/2024,21/08/2024, , ,AGM/DIV - RS 35 PER SH   
EQ,BAGFILMS,B.A.G Films and Media Ltd, ,22/08/2024,28/08/2024,21/08/2024, , ,ANNUAL GENERAL MEETING   
EQ,PANAMAPET,Panama Petrochem Ltd,22/08/2024, , ,22/08/2024, , ,AGM/DIV - RS 4 PER SH    
EQ,MICEL,MIC Electronics Ltd, ,22/08/2024,27/08/2024,21/08/2024, , ,ANNUAL GENERAL MEETING   
EQ,INDIAGLYCO,India Glycols Ltd, ,22/08/2024,28/08/2024,21/08/2024, , ,AGM/DIV - RS 8 PER SH    
EQ,SATIA,Satia Industries Limited,21/08/2024, , ,21/08/2024, , ,INTDIV - RE 0.10 PER SH  
EQ,ENDURANCE,Endurance Techno. Ltd., ,12/08/2024,23/08/2024,09/08/2024, , ,DIV - RS 8.50 PER SH     
EQ,SURYALAXMI,Suryalakshmi Cotton Mills, ,12/08/2024,22/08/2024,09/08/2024, , ,ANNUAL GENERAL MEETING   
EQ,NHPC,NHPC Ltd, ,13/08/2024,28/08/2024,12/08/2024, , ,ANNUAL GENERAL MEETING   
EQ,UPL,UPL Limited, ,13/08/2024,27/08/2024,12/08/2024, , ,DIV - RE 1 PER SH        
EQ,NRAIL,N R Agarwal Inds Ltd, ,17/08/2024,22/08/2024,16/08/2024, , ,AGM/DIV - RS 2 PER SH    
EQ,ALKALI,Alkali Metals Limited, ,17/08/2024,21/08/2024,16/08/2024, , ,AGM/DIV - RE 1 PER SH    
EQ,MANYAVAR,Vedant Fashions Limited, ,24/08/2024,30/08/2024,23/08/2024, , ,AGM/DIV - RS 8.50 PER SH 
EQ,MANORAMA,Manorama Industries Ltd, ,28/08/2024,03/09/2024,27/08/2024, , ,AGM/DIV - RE 0.40 PER SH 
EQ,ISGEC,Isgec Heavy Eng Ltd,21/08/2024, , ,21/08/2024, , ,DIV - RS 4 PER SH        
EQ,SNOWMAN,Snowman Logistics Ltd.,21/08/2024, , ,21/08/2024, , ,INTDIV - RE 1 PER SH     
EQ,ENGINERSIN,Engineers India Ltd.,21/08/2024, , ,21/08/2024, , ,DIV - RE 1 PER SH        
EQ,IRFC,Indian Railway Fin Corp L,22/08/2024, , ,22/08/2024, , ,DIV - RS 0.70 PER SH     
EQ,PCBL,Phillips Carbon Black, ,22/08/2024,28/08/2024,21/08/2024, , ,ANNUAL GENERAL MEETING   
EQ,EMAMIPAP,Emami Paper Mills Limited, ,22/08/2024,28/08/2024,21/08/2024, , ,AGM/DIV - RS 1.60 PER SH 
EQ,URJA,Urja Global Limited, ,22/08/2024,28/08/2024,21/08/2024, , ,ANNUAL GENERAL MEETING   
EQ,HAL,Hindustan Aeronautics Ltd, ,22/08/2024,28/08/2024,21/08/2024, , ,ANNUAL GENERAL MEETING   
EQ,FEDERALBNK,Federal Bank Ltd., ,25/08/2024,31/08/2024,23/08/2024, , ,AGM/DIV - RS 1.20 PER SH 
EQ,KPIGREEN,KPI Global Infra Ltd,21/08/2024, , ,21/08/2024, , ,INTDIV - RE 0.20 PER SH  
EQ,UNIPARTS,Uniparts India Limited,21/08/2024, , ,21/08/2024, , ,INTDIV - RS 6.75 PER SH  
EQ,ASTERDM,Aster DM Healthcare Ltd.,22/08/2024, , ,22/08/2024, , ,AGM/DIV - RS 2 PER SH    
EQ,GOLDIAM,Goldiam International Lim,22/08/2024, , ,22/08/2024, , ,INTDIV - RE 1 PER SH     
EQ,BBOX,Black Box Limited,22/08/2024, , ,22/08/2024, , ,EGM                      
EQ,MAZDA,Mazda Limited, ,23/08/2024,30/08/2024,22/08/2024, , ,ANNUAL GENERAL MEETING   
EQ,MAZDA,Mazda Limited,22/08/2024, , ,22/08/2024, , ,DIV - RS 16 PER SH       
EQ,PASUPTAC,Pasupati Acrylon Limited, ,14/08/2024,21/08/2024,13/08/2024, , ,ANNUAL GENERAL MEETING   
EQ,MFSL,Max Fin Serv Ltd, ,17/08/2024,23/08/2024,16/08/2024, , ,ANNUAL GENERAL MEETING   
EQ,GANGESSECU,Ganges Securities Limited, ,17/08/2024,23/08/2024,16/08/2024, , ,ANNUAL GENERAL MEETING   
EQ,PIIND,PI Industries Ltd, ,21/08/2024,27/08/2024,20/08/2024, , ,ANNUAL GENERAL MEETING   
EQ,CORALFINAC,Coral India Fin & Hous Lt, ,21/08/2024,30/08/2024,20/08/2024, , ,AGM/DIV - RE 0.40 PER SH 
EQ,RATNAMANI,Ratnamani Metals & Tubes, ,21/08/2024,27/08/2024,20/08/2024, , ,AGM/DIV - RS 14 PER SH   
EQ,HESTERBIO,Hester Biosciences Ltd, ,23/08/2024,29/08/2024,22/08/2024, , ,ANNUAL GENERAL MEETING   
EQ,HESTERBIO,Hester Biosciences Ltd,22/08/2024, , ,22/08/2024, , ,DIV - RS 6 PER SH        
EQ,THEJO,Thejo Engineering Limited, ,23/08/2024,29/08/2024,22/08/2024, , ,DIV - RS 3 PER SH        
EQ,HINDWAREAP,Somany Hom Innovation ltd, ,23/08/2024,28/08/2024,22/08/2024, , ,AGM/DIV - RE 0.40 PER SH 
EQ,KAKATCEM,Kakatiya Cements Ltd, ,23/08/2024,29/08/2024,22/08/2024, , ,AGM/DIV - RS 3 PER SH    
EQ,JMA,Jullundur Mot Agency Ltd, ,23/08/2024,29/08/2024,22/08/2024, , ,AGM/DIV - RS 2 PER SH    
EQ,KUANTUM,Kuantum Papers Limited,23/08/2024, , ,23/08/2024, , ,DIV - RS 3 PER SH        
EQ,KUANTUM,Kuantum Papers Limited, ,24/08/2024,30/08/2024,23/08/2024, , ,ANNUAL GENERAL MEETING   
EQ,VIDHIING,Vidhi Spl Food Ingred Ltd,21/08/2024, , ,21/08/2024, , ,INTDIV - RE 1 PER SH     
EQ,IOLCP,IOL Chem and Pharma Ltd, ,17/08/2024,23/08/2024,16/08/2024, , ,ANNUAL GENERAL MEETING   
EQ,NATCOPHARM,Natco Pharma Limited,23/08/2024, , ,23/08/2024, , ,INTDIV - RS 3 PER SH     
EQ,INDOBORAX,Indo Borax & Chemical Ltd, ,21/08/2024,27/08/2024,20/08/2024, , ,ANNUAL GENERAL MEETING   
EQ,TIIL,Technocraft Industries (I,27/08/2024, , ,27/08/2024, , ,BUY BACK                 
EQ,SUPRAJIT,Suprajit Engineering Limi,27/08/2024, , ,27/08/2024, , ,BUY BACK                 
EQ,BALAJITELE,Balaji Telefilms Limited, ,21/08/2024,27/08/2024,20/08/2024, , ,ANNUAL GENERAL MEETING   
EQ,INSECTICID,Insecticides (India) Limi,23/08/2024, , ,23/08/2024, , ,INTDIV - RS 2 PER SH     
EQ,HONASA,Honasa Consumer Limited, ,23/08/2024,29/08/2024,22/08/2024, , ,ANNUAL GENERAL MEETING   
EQ,EXPLEOSOL,Expleo Solutions Limited, ,23/08/2024,29/08/2024,22/08/2024, , ,ANNUAL GENERAL MEETING   
EQ,RPPL,Rajshree PolyPack Ltd, ,23/08/2024,29/08/2024,22/08/2024, , ,ANNUAL GENERAL MEETING   
EQ,IL&FSENGG,IL&FS Eng and Cons Co Ltd, ,22/08/2024,29/08/2024,21/08/2024, , ,ANNUAL GENERAL MEETING   
EQ,DSSL,Dynacons Sys & Sol. Ltd.,23/08/2024, , ,23/08/2024, , ,INTDIV - RE 0.50 PER SH  
EQ,SHEMAROO,Shemaroo Enter. Ltd., ,22/08/2024,29/08/2024,21/08/2024, , ,ANNUAL GENERAL MEETING   
EQ,GANDHAR,Gandhar Oil Refine Ind L,23/08/2024, , ,23/08/2024, , ,DIV - RE 50 PER SH       
EQ,GANDHAR,Gandhar Oil Refine Ind L, ,29/08/2024,05/09/2024,28/08/2024, , ,ANNUAL GENERAL MEETING   
EQ,MARUTI,Maruti Suzuki India Ltd, ,03/08/2024,27/08/2024,02/08/2024, , ,DIV - RS 125 PER SH      
EQ,IDEA,Vodafone Idea Limited, ,21/08/2024,28/08/2024,20/08/2024, , ,ANNUAL GENERAL MEETING   
EQ,SAREGAMA,Saregama India Ltd., ,21/08/2024,27/08/2024,20/08/2024, , ,ANNUAL GENERAL MEETING   
EQ,APARINDS,Apar Industries Limited, ,21/08/2024,27/08/2024,20/08/2024, , ,AGM/DIV - RS 51 PER SH   
EQ,ITDCEM,ITD Cementation India Lim, ,22/08/2024,28/08/2024,21/08/2024, , ,AGM/DIV - RS 1.70 PER SH 
EQ,OMAXAUTO,Omax Autos Limited, ,23/08/2024,29/08/2024,22/08/2024, , ,AGM/DIV - RE 1 PER SH    
EQ,LINC,Linc Limited, ,22/08/2024,28/08/2024,21/08/2024, , ,AGM/DIV - RS 5 PER SH    
EQ,ISGEC,Isgec Heavy Eng Ltd, ,22/08/2024,28/08/2024,21/08/2024, , ,ANNUAL GENERAL MEETING   
EQ,SIRCA,Sirca Paint India Limited, ,23/08/2024,29/08/2024,22/08/2024, , ,ANNUAL GENERAL MEETING   
EQ,SIRCA,Sirca Paint India Limited,22/08/2024, , ,22/08/2024, , ,DIV - RS 1.50 PER SH     
EQ,AKSHAR,Akshar Spintex Limited,23/08/2024, , ,23/08/2024, , ,RIGHTS 13:8 @ PRM RS 0/- 
EQ,ONGC,Oil & Natural Gas Corp,23/08/2024, , ,23/08/2024, , ,DIV - RS 2.50 PER SH     
EQ,ATALREAL,Atal Realtech Limited,22/08/2024, , ,22/08/2024, , ,RIGHTS 1:2 @ PRM RS 5/-  
EQ,IRCTC,Indian Rail Tour Corp Ltd,23/08/2024, , ,23/08/2024, , ,DIV - RS 4 PER SH        
EQ,KFINTECH,Kfin Technologies Limited,23/08/2024, , ,23/08/2024, , ,DIV - RS 5.75 PER SH     
EQ,SHIVATEX,Shiva Texyarn Limited, ,15/08/2024,21/08/2024,14/08/2024, , ,ANNUAL GENERAL MEETING   
EQ,DTIL,Dhunseri Tea & Ind. Ltd., ,15/08/2024,21/08/2024,14/08/2024, , ,ANNUAL GENERAL MEETING   
EQ,SAURASHCEM,Saurashtra Cem & Chem, ,15/08/2024,21/08/2024,14/08/2024, , ,ANNUAL GENERAL MEETING   
EQ,FMGOETZE,Federal-Mogul Goetze (I), ,15/08/2024,22/08/2024,14/08/2024, , ,ANNUAL GENERAL MEETING   
EQ,EPL,EPL Limited, ,15/08/2024,21/08/2024,14/08/2024, , ,ANNUAL GENERAL MEETING   
EQ,VENKEYS,Venky's (India) Limited,23/08/2024, , ,23/08/2024, , ,DIV - RS 7 PER SH        
EQ,GAEL,Gujarat Amb. Exp Ltd.,23/08/2024, , ,23/08/2024, , ,DIV - RE 0.35 PER SH     
EQ,ABB,ABB India Limited,23/08/2024, , ,23/08/2024, , ,INTDIV - RS 10.66 PER SH 
EQ,MAYURUNIQ,Mayur Uniquoters Ltd,23/08/2024, , ,23/08/2024, , ,DIV - RS 3 PER SH        
EQ,MAYURUNIQ,Mayur Uniquoters Ltd, ,24/08/2024,26/08/2024,23/08/2024, , ,ANNUAL GENERAL MEETING   
EQ,VLSFINANCE,VLS Finance Ltd.,26/08/2024, , ,26/08/2024, , ,BUY BACK                 
EQ,MANAPPURAM,Manappuram Finance Ltd,26/08/2024, , ,26/08/2024, , ,INTDIV - RE 1 PER SH     
EQ,KRONOX,Kronox Lab Sciences Ltd, ,24/08/2024,30/08/2024,23/08/2024, , ,AGM/DIV - RE 0.50 PER SH 
EQ,GODFRYPHLP,Godfrey Phillips Ltd., ,24/08/2024,06/09/2024,23/08/2024, , ,AGM/DIV - RS 56 PER SH   
EQ,OAL,Oriental Aromatics Limite, ,07/08/2024,21/08/2024,06/08/2024, , ,AGM/DIV - RE 0.50 PER SH 
EQ,KTKBANK,Karnataka Bank Limited, ,04/09/2024,10/09/2024,03/09/2024, , ,DIV - RS 5.50 PER SH     
EQ,HERITGFOOD,Heritage Foods Ltd., ,14/08/2024,21/08/2024,13/08/2024, , ,AGM/DIV-RS 2.50 PER SH   
EQ,MGL,Mahanagar Gas Ltd., ,15/08/2024,23/08/2024,14/08/2024, , ,AGM/DIV - RS 18 PER SH   
EQ,JKLAKSHMI,JK Lakshmi Cement Limited, ,10/08/2024,23/08/2024,09/08/2024, , ,AGM/DIV - RS 4.5 PER SH  
EQ,VSTIND,VST Industries Ltd.,06/09/2024, , ,06/09/2024, , ,BONUS 10:1               
EQ,SPENCERS,Spencer's Retail Limited, ,14/08/2024,21/08/2024,13/08/2024, , ,ANNUAL GENERAL MEETING   
EQ,GPPL,Gujarat Pipavav Port Ltd, ,16/08/2024,22/08/2024,14/08/2024, , ,AGM/DIV - RS 3.70 PER SH 
EQ,ALANKIT,Alankit Limited, ,16/08/2024,22/08/2024,14/08/2024, , ,ANNUAL GENERAL MEETING   
EQ,MSUMI,Motherson Sumi Wrng Ind L, ,16/08/2024,22/08/2024,14/08/2024, , ,AGM/DIV - RE 0.80 PER SH 
EQ,TVVISION,TV Vision Limited, ,24/08/2024,30/08/2024,23/08/2024, , ,ANNUAL GENERAL MEETING   
EQ,HATSUN,Hatsun Agro Product Ltd., ,27/08/2024,28/08/2024,26/08/2024, , ,ANNUAL GENERAL MEETING   
EQ,AUROPHARMA,Aurobindo Pharma Ltd., ,27/08/2024,29/08/2024,26/08/2024, , ,ANNUAL GENERAL MEETING   
EQ,JPPOWER, Jaiprakash Power Ven. Lt, ,27/08/2024,02/09/2024,26/08/2024, , ,ANNUAL GENERAL MEETING   
EQ,KDDL,KDDL Limited,27/08/2024, , ,27/08/2024, , ,BUY BACK                 
EQ,RPSGVENT,RPSG VENTURES LIMITED, ,14/08/2024,21/08/2024,13/08/2024, , ,ANNUAL GENERAL MEETING   
EQ,CESC,CESC Ltd., ,14/08/2024,21/08/2024,13/08/2024, , ,ANNUAL GENERAL MEETING   
EQ,SYMPHONY,Symphony Limited,21/08/2024, , ,21/08/2024, , ,BUY BACK                 
EQ,DHUNINV,Dhunseri Investments Ltd, ,16/08/2024,22/08/2024,14/08/2024, , ,AGM/DIV - RS 2.50 PER SH 
EQ,KSL,Kalyani Steels Limited, ,16/08/2024,22/08/2024,14/08/2024, , ,DIV - RS 10 PER SH       
EQ,KCP,KCP Ltd, ,16/08/2024,22/08/2024,14/08/2024, , ,AGM/DIV - RE 1 PER SH    
M5,DHANILOANS,Sec Re NCD 10.49% Sr.VII,26/08/2024, , ,26/08/2024, , ,INTEREST PAYMENT         
MF,BSLIQPIRG,BSL IIF- QP - SI -RPG,23/08/2024, , , , , ,STP                      
MF,BSLIQPIIDP,BSL IIF- QP - SI -IPDP,23/08/2024, , , , , ,STP                      
MF,BSLIFQPIDG,BIRLASLAMC - BSLIFQPIDG,23/08/2024, , , , , ,STP                      
MF,BSLIQPIRDP,BSL IIF- QP - SI -RPDP,23/08/2024, , , , , ,STP                      
N1,M&MFIN,8.72% Unsecured NCD,22/08/2024, , ,22/08/2024, , ,INTEREST PAYMENT         
N3,NAVIFIN,Sec Re NCD 9.40% Sr. III,24/08/2024, , , , , ,INT PAYMENT/REDEMPTION   
N3,TATACAPHSG,Sec Red NCD 7.92% Sr.II,29/08/2024, , ,29/08/2024, , ,INTEREST PAYMENT         
N4,UGROCAP,Sec Red NCD 10.40% Sr.III,21/08/2024, , ,21/08/2024, , ,INTEREST PAYMENT         
N4,NAVIFIN,Navi Finserv Limited,24/08/2024, , , , , ,INT PAYMENT/REDEMPTION   
N4,TATACAPHSG,Sec Red NCD 8.01% Sr.II,29/08/2024, , ,29/08/2024, , ,INTEREST PAYMENT         
N5,NIDO,Sec Red NCD 9.57% Sr. V,26/08/2024, , ,26/08/2024, , ,INTEREST PAYMENT         
N6,IIFL,IIFL Finance Limited,22/08/2024, , ,22/08/2024, , ,INTEREST PAYMENT         
N6,IIFLSAMFIN,IIFL Samasta10.48% 2027,22/08/2024, , ,22/08/2024, , ,INTEREST PAYMENT         
N6,POONAWALLA,Poonawalla Fincorp Ltd,22/08/2024, , ,22/08/2024, , ,INTEREST PAYMENT         
N7,CREDITACC,Sec Re NCD 9.10% Sr I,23/08/2024, , ,23/08/2024, , ,INTEREST PAYMENT         
N7,TATACAPHSG,Sec Red NCD 8.01% Sr.IV,29/08/2024, , ,29/08/2024, , ,INTEREST PAYMENT         
N8,TATACAPHSG,Sec Red NCD 8.10% Sr.IV,29/08/2024, , ,29/08/2024, , ,INTEREST PAYMENT         
N9,CREDITACC,Sec Re NCD 9.25% Sr III,23/08/2024, , ,23/08/2024, , ,INTEREST PAYMENT         
N9,NAVIFIN,Sec Re NCD 10.00% Sr. I,29/08/2024, , ,29/08/2024, , ,INTEREST PAYMENT         
NA,NAVIFIN,Sec Re NCD 10.40% Sr.II,29/08/2024, , ,29/08/2024, , ,INTEREST PAYMENT         
NB,CREDITACC,Sec Re NCD 9.40% Sr V,23/08/2024, , ,23/08/2024, , ,INTEREST PAYMENT         
NC,NAVIFIN,Sec Re NCD 10.65% Sr.IV,29/08/2024, , ,29/08/2024, , ,INTEREST PAYMENT         
ND,CREDITACC,Sec Re NCD 9.70% Sr VII,23/08/2024, , ,23/08/2024, , ,INTEREST PAYMENT         
NG,IBULHSG,Sec Re NCD 8.88% Sr II,26/08/2024, , ,26/08/2024, , ,INTEREST PAYMENT         
NH,IBULHSG,Sec Re NCD 9.25% Sr II,26/08/2024, , ,26/08/2024, , ,INTEREST PAYMENT         
NM,IBULHSG,Sec Re NCD 9.02% Sr V,26/08/2024, , ,26/08/2024, , ,INTEREST PAYMENT         
NN,IBULHSG,Sec Re NCD 9.48% Sr V,26/08/2024, , ,26/08/2024, , ,INTEREST PAYMENT         
NS,IBULHSG,Sec Re NCD 9.25% Sr VIII,26/08/2024, , ,26/08/2024, , ,INTEREST PAYMENT         
NT,IBULHSG,Sec Re NCD 9.71% Sr VIII,26/08/2024, , ,26/08/2024, , ,INTEREST PAYMENT         
NV,IBULHSG,Sec Re NCD 10.03% Sr X,26/08/2024, , ,26/08/2024, , ,INTEREST PAYMENT         
NY,IBULHSG,Sec Re NCD 9.8% Sr XII,26/08/2024, , ,26/08/2024, , ,INTEREST PAYMENT         
NZ,IBULHSG,Sec Re NCD 10.25% Sr XII,26/08/2024, , ,26/08/2024, , ,INTEREST PAYMENT         
SM,CMRSL,Cyber Media Res & Ser Ltd, ,17/08/2024,22/08/2024,16/08/2024, , ,ANNUAL GENERAL MEETING   
SM,COMMITTED,Committed Cargo Care Ltd, ,14/08/2024,21/08/2024,13/08/2024, , ,ANNUAL GENERAL MEETING   
SM,JSLL,Jeena Sikho Lifecare Ltd, ,21/08/2024,27/08/2024,20/08/2024, , ,AGM/DIV - RS 4.18 PER SH 
SM,SRIVASAVI,Srivasavi Adhesive Tape L, ,16/08/2024,22/08/2024,14/08/2024, , ,ANNUAL GENERAL MEETING   
SM,MAL,Mangalam Alloys Limited, ,19/08/2024,28/08/2024,16/08/2024, , ,ANNUAL GENERAL MEETING   
SM,SKP,SKP Bearing Industri. Ltd,23/08/2024, , ,23/08/2024, , ,DIV - RS 1.10 PER SH     
SM,NPST,Network People Srv Tech L, ,20/08/2024,26/08/2024,19/08/2024, , ,ANNUAL GENERAL MEETING   
SQ,SKP,SKP Bearing Industri. Ltd,23/08/2024, , ,23/08/2024, , ,DIV - RS 1.10 PER SH     
SQ,COMMITTED,Committed Cargo Care Ltd, ,14/08/2024,21/08/2024,13/08/2024, , ,ANNUAL GENERAL MEETING   
SQ,JSLL,Jeena Sikho Lifecare Ltd, ,21/08/2024,27/08/2024,20/08/2024, , ,AGM/DIV - RS 4.18 PER SH 
SQ,CMRSL,Cyber Media Res & Ser Ltd, ,17/08/2024,22/08/2024,16/08/2024, , ,ANNUAL GENERAL MEETING   
SQ,MAL,Mangalam Alloys Limited, ,19/08/2024,28/08/2024,16/08/2024, , ,ANNUAL GENERAL MEETING   
SQ,NPST,Network People Srv Tech L, ,20/08/2024,26/08/2024,19/08/2024, , ,ANNUAL GENERAL MEETING   
SQ,SRIVASAVI,Srivasavi Adhesive Tape L, ,16/08/2024,22/08/2024,14/08/2024, , ,ANNUAL GENERAL MEETING   
ST,NPST,Network People Srv Tech L, ,20/08/2024,26/08/2024,19/08/2024, , ,ANNUAL GENERAL MEETING   
ST,MAL,Mangalam Alloys Limited, ,19/08/2024,28/08/2024,16/08/2024, , ,ANNUAL GENERAL MEETING   
ST,COMMITTED,Committed Cargo Care Ltd, ,14/08/2024,21/08/2024,13/08/2024, , ,ANNUAL GENERAL MEETING   
ST,JSLL,Jeena Sikho Lifecare Ltd, ,21/08/2024,27/08/2024,20/08/2024, , ,AGM/DIV - RS 4.18 PER SH 
ST,CMRSL,Cyber Media Res & Ser Ltd, ,17/08/2024,22/08/2024,16/08/2024, , ,ANNUAL GENERAL MEETING   
ST,SRIVASAVI,Srivasavi Adhesive Tape L, ,16/08/2024,22/08/2024,14/08/2024, , ,ANNUAL GENERAL MEETING   
ST,SKP,SKP Bearing Industri. Ltd,23/08/2024, , ,23/08/2024, , ,DIV - RS 1.10 PER SH     
U1,M&MFIN,8.72% Unsecured NCD,22/08/2024, , ,22/08/2024, , ,INTEREST PAYMENT         
U3,NAVIFIN,Sec Re NCD 9.40% Sr. III,24/08/2024, , , , , ,INT PAYMENT/REDEMPTION   
U3,TATACAPHSG,Sec Red NCD 7.92% Sr.II,29/08/2024, , ,29/08/2024, , ,INTEREST PAYMENT         
U4,UGROCAP,Sec Red NCD 10.40% Sr.III,21/08/2024, , ,21/08/2024, , ,INTEREST PAYMENT         
U4,NAVIFIN,Navi Finserv Limited,24/08/2024, , , , , ,INT PAYMENT/REDEMPTION   
U4,TATACAPHSG,Sec Red NCD 8.01% Sr.II,29/08/2024, , ,29/08/2024, , ,INTEREST PAYMENT         
U5,NIDO,Sec Red NCD 9.57% Sr. V,26/08/2024, , ,26/08/2024, , ,INTEREST PAYMENT         
U6,IIFL,IIFL Finance Limited,22/08/2024, , ,22/08/2024, , ,INTEREST PAYMENT         
U6,IIFLSAMFIN,IIFL Samasta10.48% 2027,22/08/2024, , ,22/08/2024, , ,INTEREST PAYMENT         
U6,POONAWALLA,Poonawalla Fincorp Ltd,22/08/2024, , ,22/08/2024, , ,INTEREST PAYMENT         
U7,CREDITACC,Sec Re NCD 9.10% Sr I,23/08/2024, , ,23/08/2024, , ,INTEREST PAYMENT         
U7,TATACAPHSG,Sec Red NCD 8.01% Sr.IV,29/08/2024, , ,29/08/2024, , ,INTEREST PAYMENT         
U8,TATACAPHSG,Sec Red NCD 8.10% Sr.IV,29/08/2024, , ,29/08/2024, , ,INTEREST PAYMENT         
U9,CREDITACC,Sec Re NCD 9.25% Sr III,23/08/2024, , ,23/08/2024, , ,INTEREST PAYMENT         
U9,NAVIFIN,Sec Re NCD 10.00% Sr. I,29/08/2024, , ,29/08/2024, , ,INTEREST PAYMENT         
UA,NAVIFIN,Sec Re NCD 10.40% Sr.II,29/08/2024, , ,29/08/2024, , ,INTEREST PAYMENT         
UB,CREDITACC,Sec Re NCD 9.40% Sr V,23/08/2024, , ,23/08/2024, , ,INTEREST PAYMENT         
UC,NAVIFIN,Sec Re NCD 10.65% Sr.IV,29/08/2024, , ,29/08/2024, , ,INTEREST PAYMENT         
UD,CREDITACC,Sec Re NCD 9.70% Sr VII,23/08/2024, , ,23/08/2024, , ,INTEREST PAYMENT         
UG,IBULHSG,Sec Re NCD 8.88% Sr II,26/08/2024, , ,26/08/2024, , ,INTEREST PAYMENT         
UH,IBULHSG,Sec Re NCD 9.25% Sr II,26/08/2024, , ,26/08/2024, , ,INTEREST PAYMENT         
UM,IBULHSG,Sec Re NCD 9.02% Sr V,26/08/2024, , ,26/08/2024, , ,INTEREST PAYMENT         
UN,IBULHSG,Sec Re NCD 9.48% Sr V,26/08/2024, , ,26/08/2024, , ,INTEREST PAYMENT         
US,IBULHSG,Sec Re NCD 9.25% Sr VIII,26/08/2024, , ,26/08/2024, , ,INTEREST PAYMENT         
UT,IBULHSG,Sec Re NCD 9.71% Sr VIII,26/08/2024, , ,26/08/2024, , ,INTEREST PAYMENT         
UV,IBULHSG,Sec Re NCD 10.03% Sr X,26/08/2024, , ,26/08/2024, , ,INTEREST PAYMENT         
UY,IBULHSG,Sec Re NCD 9.8% Sr XII,26/08/2024, , ,26/08/2024, , ,INTEREST PAYMENT         
UZ,IBULHSG,Sec Re NCD 10.25% Sr XII,26/08/2024, , ,26/08/2024, , ,INTEREST PAYMENT         
Y5,DHANILOANS,Sec Re NCD 10.49% Sr.VII,26/08/2024, , ,26/08/2024, , ,INTEREST PAYMENT         

