SYMBOL,SERIES,SECURITY,HIGH/LOW,INDEX FLAG
A2ZINFRA,BE,A2Z INFRA ENGINEERING LTD,H
AARTECH,EQ,AARTECH SOLONICS LIMITED,H
AARTISURF,P1,AARTI SURFACTANTS LIMITED,H
ABCOTS,SM,A B COTSPIN INDIA LIMITED,H
ACCURACY,BE,ACCURACY SHIPPING LIMITED,H
ALPHAGEO,BE,ALPHAGEO (INDIA) LIMITED,H
ALPSINDUS,BE,ALPS INDUSTRIES LTD.,H
ALUWIND,ST,ALUWIND ARCHITECTURAL LTD,H
ANMOL,BE,ANMOL INDIA LIMITED,H
ANTGRAPHIC,EQ,ANTARCTICA LTD,H
ARSHIYA,BE,ARSHIYA LIMITED,H
ASHIMASYN,BE,ASHIMA LTD,H
ASIANENE,EQ,ASIAN ENERGY SERVICES LTD,H
AURIONPRO,EQ,AURIONPRO SOLN LTD,H
AWL,EQ,ADANI WILMAR LIMITED,H
AYMSYNTEX,BE,AYM SYNTEX LIMITED,H
BALCO,ST,SOLVE PLASTIC PRODUCTS L,H
BLBLIMITED,BE,BLB LIMITED,H
BMETRICS,SM,BOMBAY METRICS S C LTD,H
BRNL,BE,BHARAT ROAD NETWORK LTD,H
BTML,BE,BODHI TREE MULTIMEDIA LTD,H
BURNPUR,BE,BURNPUR CEMENT LTD.,H
CAREERP,BE,CAREER POINT LIMITED,H
CEREBRAINT,BE,CEREBRA INT TECH LTD,H
CGRAPHICS,SM,CREATIVE GRAPHICS S IND L,H
CMMIPL,ST,CMM INFRAPROJECTS LIMITED,H
CONTI,ST,CONTINENTAL SEED CHEM LTD,H
CORDSCABLE,BE,CORDS CABLE INDUS LTD.,H
COUNCODOS,BE,COUNTRY CONDO S LIMITED,H
DCMFINSERV,EQ,DCM FINANCIAL SERVICES LT,H
DESTINY,SM,DESTINY LOGISTICS & I LTD,H
DHARIWAL,ST,DHARIWALCORP LIMITED,H
DHTL,SM,DOCMODE HEALTH TECH LTD,H
DIGIKORE,ST,DIGIKORE STUDIOS LIMITED,H
DPSCLTD,EQ,DPSC LIMITED,H
DYNPRO,BE,DYNEMIC PRODUCTS LIMITED,H
E2E,BE,E2E NETWORKS LIMITED,H
ESCONET,ST,ESCONET TECHNOLOGIES LTD,H
ESSARSHPNG,BE,ESSAR SHIPPING LTD,H
EUROTEXIND,EQ,EUROTEX INDUSTRIES LTD,H
EXCEL,BE,EXCEL REALTY N INFRA LTD,H
FEL,BZ,FUTURE ENTERPRISES LTD,H
FMNL,EQ,FUTURE MKT NETWORKS LTD,H
FOCUS,BE,FOCUS LIGHTG & FIXTRS LTD,H
GALLANTT,BE,GALLANTT ISPAT LIMITED,H
GANGAFORGE,EQ,GANGA FORGING LIMITED,H
GATECH,EQ,GACM TECHNOLOGIES LIMITED,H
GENUSPOWER,EQ,GENUS POWER INFRASTRU LTD,H
GEPIL,BE,GE POWER INDIA LIMITED,H
GLFL,BE,GUJARAT LEASE FINANCING L,H
GMRP&UI,EQ,GMR POW AND URBAN INFRA L,H
GODHA,BE,GODHA CABCON INSULAT LTD,H
GREENPOWER,EQ,ORIENT GREEN POWER CO LTD,H
GSMFOILS,ST,GSM FOILS LIMITED,H
GUJAPOLLO,EQ,GUJ. APOLLO IND. LTD.,H
GVKPIL,BE,GVK POW. & INFRA LTD.,H
HDIL,BZ,HOUSING DEV & INFRA LTD,H
HEXATRADEX,EQ,HEXA TRADEX LIMITED,H
HIRECT,EQ,HIND RECTIFIER LIMITED,H
HITECHGEAR,EQ,THE HI-TECH GEARS LIMITED,H
HMT,BZ,HMT LTD -,H
HOVS,EQ,HOV SERVICES LTD,H
HYBRIDFIN,BE,HYBRID FINANCIAL SERVICE,H
ICDSLTD,BE,ICDSLTD,H
IFBAGRO,BE,IFB AGRO INDUSTRIES LTD,H
IL&FSTRANS,BZ,IL&FS TRANS NET LTD,H
IMPEXFERRO,BE,IMPEX FERRO TECH LIMITED,H
INDOTECH,BE,INDO TECH TRANSFORM LTD.,H
ISHAN,SM,ISHAN INTERNATIONAL LTD,H
JAIPURKURT,BE,NANDANI CREATION LIMITED,H
JETAIRWAYS,BZ,JET AIRWAYS (INDIA) LTD.,H
JPPOWER,EQ,JAIPRAKASH POWER VEN. LTD,H
KDL,ST,KORE DIGITAL LIMITED,H
KERNEX,EQ,KERNEX MICROSYS(I) LTD,H
KHAITANLTD,BE,KHAITAN (INDIA)LTD.,H
KICL,BE,KALYANI INVEST CO LTD,H
KNAGRI,ST,KN AGRI RESOURCES LIMITED,H
KONTOR,SM,KONTOR SPACE LIMITED,H
KRISHNADEF,ST,KRISHNA DEF AND ALD IND L,H
LGHL,BE,LAXMI GOLDORNA HOUSE LTD,H
LRRPL,SM,LEAD REC AND RUB PROD LTD,H
LYKALABS,EQ,LYKA LABS LTD,H
LYPSAGEMS,EQ,LYPSA GEMS & JEWEL LTD,H
MAITREYA,ST,MAITREYA MEDICARE LIMITED,H
MARSHALL,BE,MARSHALL MACHINES LTD,H
MBLINFRA,BE,MBL INFRASTRUCTURE LTD,H
MIRCELECTR,EQ,MIRC ELECTRONICS LTD,H
MOHITIND,BE,MOHIT INDUSTRIES LTD,H
MORARJEE,BE,MORARJEE TEXTILES LIMITED,H
MSPL,EQ,MSP STEEL & POWER LTD.,H
MTNL,EQ,MAHANAGAR TELEPHONE NIGAM,H
NAGREEKCAP,BE,NAGREEKA CAP & INFR.LTD,H
NARMADA,BE,NARMADA AGROBASE LIMITED,H
NDRAUTO,EQ,NDR AUTO COMPONENTS LTD,H
NECLIFE,EQ,NECTAR LIFESCIENCES LTD.,H
NELCO,EQ,NELCO LTD,H
NIRMAN,ST,NIRMAN AGRI GENTICS LTD,H
NKIND,EQ,NK INDUSTRIES LTD,H
NORBTEAEXP,EQ,NORBEN TEA & EXPORTS LTD,H
OMINFRAL,BE,OM INFRA LIMITED,H
ORTEL,BZ,ORTEL COMMUNICATIONS LTD,H
OSWALSEEDS,EQ,SHREEOSWAL S AND CHE LTD,H
OWAIS,SM,OWAIS METAL & MINERAL,H
PANACHE,BE,PANACHE DIGILIFE LIMITED,H
PCJEWELLER,EQ,PC JEWELLER LTD,H
PFOCUS,BE,PRIME FOCUS LIMITED,H
POSITRON,ST,POSITRON ENERGY LIMITED,H
PPSL,ST,PICTUREPOST STUDIOS LTD,H
PRAENG,EQ,PRAJAY ENG. SYN. LTD.,H
PRAMARA,SM,PRAMARA PROMOTIONS LTD,H
PRATHAM,SM,PRATHAM EPC PROJECTS LTD,H
PRITIKA,SM,PRITIKA ENG COMPO LTD,H
QUADPRO,SM,QUADPRO ITES LIMITED,H
RAJRILTD,BE,RAJ RAYON INDUSTRIES LTD,H
RANEENGINE,EQ,RANE ENG VALVE LTD,H
RBL,EQ,RANE BRAKE LINING LTD,H
RBMINFRA,SM,RBM INFRACON LIMITED,H
RCOM,BE,RELIANCE COMMUNICATIONS L,H
RELTD,EQ,RAVINDRA ENERGY LIMITED,H
RETAIL,BE,JHS SVENDGAARD RETAIL V L,H
RHFL,EQ,RELIANCE HOME FINANCE LTD,H
RILINFRA,ST,RACHANA INFRA LTD,H
RKDL,BE,RAVI KUMAR DIST. LTD.,H
RML,EQ,RANE (MADRAS) LIMITED,H
ROLLT,BE,ROLLATAINERS LIMITED,H
ROLTA,BZ,ROLTA INDIA LTD,H
RPOWER,EQ,RELIANCE POWER LTD.,H
RSSOFTWARE,BE,R. S. SOFTWARE (INDIA) LI,H
RTNPOWER,EQ,RATTANINDIA POWER LIMITED,H
SAAKSHI,ST,SAAKSHI MEDTEC N PANELS L,H
SABEVENTS,BE,SAB EVENTS & GOVERNANCE,H
SADBHIN,EQ,SADBHAV INFRA PROJ LTD.,H
SALSTEEL,BE,S.A.L. STEEL LTD.,H
SANWARIA,BZ,SANWARIA CONSUMER LIMITED,H
SATECH,SM,S A TECH SOFTWARE INDIA L,H
SEL,SM,SUNGARNER ENERGIES LTD,H
SEPC,EQ,SEPC LIMITED,H
SETCO,BE,SETCO AUTOMOTIVE LTD,H
SHRENIK,BE,SHRENIK LIMITED,H
SILLYMONKS,BE,SILLY MONKS ENTERTAIN LTD,H
SIMPLEXINF,EQ,SIMPLEX INFRASTRUCTURES L,H
SITINET,BE,SITI NETWORKS LIMITED,H
SLONE,ST,SLONE INFOSYSTEMS LIMITED,H
SOFTTECH,EQ,SOFTTECH ENGINEERS LTD,H
SOLARA,BE,SOLARA ACTIVE PHA SCI LTD,H
SOLARAPP,X1,SOLAR ACT RS.3.50 PPD UP,H
SOLEX,SM,SOLEX ENERGY LIMITED,H
SPMLINFRA,BE,SPML INFRA LIMITED,H
SSDL,BE,SARASWATI SAREE DEPOT LTD,H
SUMIT,BE,SUMIT WOODS LIMITED,H
SYNCOMF,EQ,SYNCOM FORMU (I) LTD,H
TASTYBITE,EQ,TASTY BITE EATABLES LTD,H
TBI,ST,TBI CORN LIMITED,H
TCLCONS,BE,TANTIA CONSTRUCTIONS LTD,H
TECHLABS,ST,TRIDENT TECHLABS LIMITED,H
TECILCHEM,BE,TECIL CHEMICALS,H
TGL,ST,TEERTH GOPICON LIMITED,H
THOMASCOOK,EQ,THOMAS COOK (INDIA) LTD,H
TPHQ,BE,TEAMO PRODUCTIONS HQ LTD,H
TREJHARA,EQ,TREJHARA SOLUTIONS LTD,H
TRF,EQ,TRF LIMITED,H
TROM,SM,TROM INDUSTRIES LIMITED,H
TRUST,ST,TRUST FINTECH LIMITED,H
UTSSAV,ST,UTSSAV CZ GOLD JEWELS LTD,H
V2RETAIL,BE,V2 RETAIL LIMITED,H
VASA,ST,VASA RETAIL & OVERSEA LTD,H
VIJIFIN,BE,VIJI FINANCE LIMITED,H
VINYAS,ST,VINYAS INNOVATIVE TECH L,H
VIPULLTD,EQ,VIPUL LIMITED,H
VLEGOV,EQ,VL E GOV AND IT SOL LTD,H
VMARCIND,SM,V MARC INDIA LIMITED,H
WALCHANNAG,EQ,WALCHANDNAGAR INDUSTRIES,H
WALPAR,SM,WALPAR NUTRITIONS LIMITED,H
WANBURY,EQ,WANBURY LIMITED,H
WEBELSOLAR,BE,WEBSOL ENERGY SYSTEM LTD,H
WEWIN,BE,WE WIN LIMITED,H
WILLAMAGOR,EQ,WILLIAMSON MAGOR,H
WINDMACHIN,EQ,WINDSOR MACHINES LIMITED,H
WINSOME,BE,WINSOME YARNS LIMITED,H
ZENTEC,EQ,ZEN TECHNOLOGIES LIMITED,H
AESTHETIK,ST,AESTHETIK ENGINEERS LTD,L
AIRAN,BE,AIRAN LIMITED,L
AKUMS,EQ,AKUMS DRUGS AND PHARMA L,L
AMJUMBO,SM,A AND M JUMBO BAGS LTD,L
ARENTERP,BE,RAJDARSHAN INDUSTRIES LTD,L
ARVEE,BE,ARVEE LABORATORIES I LTD,L
ASIANHOTNR,EQ,ASIAN HOTELS (NORTH) LTD,L
BLUECHIP,BE,BLUE CHIP INDIA LIMITED,L
BURNPUR,BE,BURNPUR CEMENT LTD.,L
CADSYS,SM,CADSYS (INDIA) LIMITED,L
CMMIPL,ST,CMM INFRAPROJECTS LIMITED,L
CONTI,ST,CONTINENTAL SEED CHEM LTD,L
GET&D,BE,GE T&D INDIA LIMITED,L
GOLDENTOBC,BZ,GOLDEN TOBACCO LIMITED,L
GRCL,SM,GAYATRI RUBB AND CHEM LTD,L
GSTL,ST,GLOBESECURE TECHNO LTD,L
HINDMOTORS,BE,HINDUSTAN MOTORS LIMITED,L
INDOWIND,BE,INDOWIND ENERGY LTD,L
ISHAN,SM,ISHAN INTERNATIONAL LTD,L
KCEIL,ST,KAY CEE ENERGY & INFRA L,L
KPIGREEN,BE,KPI GREEN ENERGY LIMITED,L
KRITINUT,BE,KRITI NUTRIENTS LIMITED,L
MANOMAY,BE,MANOMAY TEX INDIA LTD,L
MCON,ST,MCON RASAYAN INDIA LTD,L
MINDPOOL,ST,MINDPOOL TECHNOLOGIES LTD,L
MPTODAY,SM,M P TODAY MEDIA LIMITED,L
NITIRAJ,BE,NITIRAJ ENGINEERS LTD,L
PARAS,BE,PARAS DEF AND SPCE TECH L,L
PVP,BE,PVP VENTURES LIMITED,L
RULKA,ST,RULKA ELECTRICALS LIMITED,L
SANCO,BZ,SANCO INDUSTRIES LIMITED,L
SUNLITE,ST,SUNLITE RECYCLING IND LTD,L
SUPREMEPWR,ST,SUPREME POWER EQUIPMENT L,L
SUVIDHAA,EQ,SUVIDHAA INFOSERVE LTD,L
VINNY,BE,VINNY OVERSEAS LIMITED,L
WEALTH,BE,WEALTH FRST PORT. MG. LTD,L
