GAIN_LOSS,SECURITY,CLOSE_PRIC,PREV_CL_PR,PERCENT_CG
 ,Nifty 50 Sec., , , 
 , , , , 
G,DIVI S LABORATORIES LTD,      4900.80,      4723.15,3.76
G,TITAN COMPANY LIMITED,      3560.40,      3474.90,2.46
G,SBI LIFE INSURANCE CO LTD,      1800.60,      1761.30,2.23
G,CIPLA LTD,      1594.60,      1562.85,2.03
G,HDFC LIFE INS CO LTD,       724.55,       710.60,1.96
G,HINDALCO  INDUSTRIES  LTD,       685.60,       672.90,1.89
G,GRASIM INDUSTRIES LTD,      2684.85,      2636.70,1.83
G,ASIAN PAINTS LIMITED,      3151.55,      3103.20,1.56
G,ADANI ENTERPRISES LIMITED,      3115.70,      3070.65,1.47
G,HINDUSTAN UNILEVER LTD.,      2791.20,      2751.05,1.46
G,COAL INDIA LTD,       532.20,       524.60,1.45
G,DR. REDDY S LABORATORIES,      7062.45,      6965.35,1.39
G,ITC LTD,       505.40,       498.80,1.32
G,NESTLE INDIA LIMITED,      2551.75,      2518.50,1.32
G,BRITANNIA INDUSTRIES LTD,      5837.35,      5765.80,1.24
G,APOLLO HOSPITALS ENTER. L,      6752.45,      6672.90,1.19
G,BAJAJ FINSERV LTD.,      1620.95,      1602.10,1.18
G,BHARTI AIRTEL LIMITED,      1463.45,      1449.15,.99
G,JSW STEEL LIMITED,       925.80,       917.15,.94
G,HERO MOTOCORP LIMITED,      5284.70,      5244.40,.77
G,BAJAJ AUTO LIMITED,      9852.00,      9779.70,.74
G,ADANI PORT & SEZ LTD,      1503.50,      1492.55,.73
G,NTPC LTD,       408.95,       406.25,.66
G,LARSEN & TOUBRO LTD.,      3596.05,      3572.70,.65
G,TATA CONSULTANCY SERV LT,      4551.50,      4523.30,.62
G,EICHER MOTORS LTD,      4913.55,      4883.25,.62
G,AXIS BANK LIMITED,      1174.40,      1168.00,.55
G,TATA CONSUMER PRODUCT LTD,      1177.55,      1171.20,.54
G,BHARAT PETROLEUM CORP  LT,       351.20,       349.40,.52
G,KOTAK MAHINDRA BANK LTD,      1812.95,      1805.65,.4
 , , , , 
L,TECH MAHINDRA LIMITED,      1604.65,      1628.60,-1.47
L,ULTRATECH CEMENT LIMITED,     11200.90,     11349.70,-1.31
L,TATA STEEL LIMITED,       151.92,       153.93,-1.31
L,POWER GRID CORP. LTD.,       336.65,       340.50,-1.13
L,OIL AND NATURAL GAS CORP.,       327.70,       330.10,-0.73
L,HDFC BANK LTD,      1625.80,      1637.70,-0.73
L,STATE BANK OF INDIA,       815.55,       820.30,-0.58
L,HCL TECHNOLOGIES LTD,      1677.25,      1686.75,-0.56
L,ICICI BANK LTD.,      1174.85,      1179.45,-0.39
L,TATA MOTORS LIMITED,      1085.20,      1086.90,-0.16
L,SUN PHARMACEUTICAL IND L,      1764.65,      1766.35,-0.1
L,MAHINDRA & MAHINDRA LTD,      2769.40,      2771.30,-0.07
L,SHRIRAM FINANCE LIMITED,      3159.05,      3159.85,-0.03
 , , , , 
 ,Nifty Next 50 Sec., , , 
 , , , , 
G,VARUN BEVERAGES LIMITED,      1546.10,      1491.60,3.65
G,SAMVRDHNA MTHRSN INTL LTD,       193.53,       189.51,2.12
G,VEDANTA LIMITED,       455.30,       446.65,1.94
G,DABUR INDIA LTD,       634.35,       623.10,1.81
G,HAVELLS INDIA LIMITED,      1920.55,      1889.70,1.63
G,MARICO LIMITED,       679.30,       668.90,1.55
G,ABB INDIA LIMITED,      7921.55,      7800.75,1.55
G,LIFE INSURA CORP OF INDIA,      1084.15,      1067.95,1.52
G,BERGER PAINTS (I) LTD,       576.05,       568.00,1.42
G,ZYDUS LIFESCIENCES LTD,      1205.65,      1192.65,1.09
G,INDIAN OIL CORP LTD,       173.89,       172.23,0.96
G,CHOLAMANDALAM IN & FIN CO,      1400.40,      1387.85,0.9
G,JINDAL STEEL & POWER LTD,       957.60,       949.65,0.84
G,BHARAT ELECTRONICS LTD,       305.40,       303.15,0.74
G,TATA POWER CO LTD,       424.50,       422.30,0.52
G,BOSCH LIMITED,     32213.70,     32054.50,0.5
G,COLGATE PALMOLIVE LTD.,      3574.50,      3557.20,0.49
G,AMBUJA CEMENTS LTD,       629.25,       626.45,0.45
G,INDIAN RAIL TOUR CORP LTD,       934.80,       931.00,0.41
G,AVENUE SUPERMARTS LIMITED,      5099.45,      5079.20,0.4
G,INDIAN RAILWAY FIN CORP L,       180.53,       179.91,0.34
G,SHREE CEMENT LIMITED,     24808.05,     24730.55,0.31
G,SRF LTD,      2480.15,      2473.50,0.27
G,CANARA BANK,       111.63,       111.36,0.24
 , , , , 
L,ZOMATO LIMITED,       260.03,       263.12,-1.17
L,POWER FIN CORP LTD.,       515.65,       521.20,-1.06
L,ADANI ENERGY SOLUTION LTD,      1088.40,      1099.90,-1.05
L,REC LIMITED,       594.20,       599.90,-0.95
L,JIO FIN SERVICES LTD,       331.10,       334.15,-0.91
L,PUNJAB NATIONAL BANK,       116.41,       117.35,-0.8
L,DLF LIMITED,       860.55,       867.35,-0.78
L,BANK OF BARODA,       253.40,       254.35,-0.37
L,TORRENT PHARMACEUTICALS L,      3350.75,      3362.50,-0.35
L,BAJAJ HOLDINGS & INVS LTD,      9746.50,      9776.50,-0.31
L,PIDILITE INDUSTRIES LTD,      3057.75,      3066.45,-0.28
L,GAIL (INDIA) LTD,       236.15,       236.72,-0.24
L,ICICI LOMBARD GIC LIMITED,      2059.90,      2064.05,-0.2
L,GODREJ CONSUMER PRODUCTS,      1391.25,      1394.00,-0.2
L,ADANI GREEN ENERGY LTD,      1920.85,      1924.60,-0.19
L,TVS MOTOR COMPANY  LTD,      2631.50,      2636.20,-0.18
L,SBI CARDS & PAY SER LTD,       709.55,       710.70,-0.16
L,TRENT LTD,      6783.20,      6793.90,-0.16
L,ICICI PRU LIFE INS CO LTD,       741.45,       742.50,-0.14
L,HINDUSTAN AERONAUTICS LTD,      4731.15,      4736.05,-0.1
L,INTERGLOBE AVIATION LTD,      4299.85,      4302.05,-0.05
L,ADANI POWER LTD,       695.15,       695.45,-0.04
L,SIEMENS LTD,      7083.05,      7084.05,-0.01
L,ADANI TOTAL GAS LIMITED,       859.05,       859.10,-0.01
L,INFO EDGE (I) LTD,      7407.60,      7407.75,0
 , , , , 
 ,OTHER SECURITIES, , , 
 , , , , 
G,RANE ENG VALVE LTD,       519.00,       432.50,20
G,RANE BRAKE LINING LTD,      1198.20,       998.50,20
G,AARTI SURFACTANTS LIMITED,       187.20,       156.00,20
G,RANE (MADRAS) LIMITED,      1318.85,      1099.05,20
G,NELCO LTD,      1140.65,       950.55,20
G,LYKA LABS LTD,       154.28,       128.57,20
G,S A TECH SOFTWARE INDIA L,       180.05,       150.05,19.99
G,SEPC LIMITED,        22.87,        19.06,19.99
G,GUJ. APOLLO IND. LTD.,       323.25,       269.40,19.99
G,SHREEOSWAL S AND CHE LTD,        30.39,        25.33,19.98
G,LYPSA GEMS & JEWEL LTD,         7.34,         6.12,19.93
G,NDR AUTO COMPONENTS LTD,      1340.65,      1138.20,17.79
G,SYNCOM FORMU (I) LTD,        19.07,        16.28,17.14
G,ARIES AGRO LTD.,       316.00,       273.70,15.45
G,NECTAR LIFESCIENCES LTD.,        37.37,        32.52,14.91
G,SHRIRAM PROPERTIES LTD,       124.37,       108.62,14.5
G,SATHLOKHAR SYN E&C GLOB L,       394.10,       344.95,14.25
G,LOVABLE LINGERIE LTD,       183.18,       160.70,13.99
G,RNFI SERVICES LIMITED,       175.50,       154.30,13.74
G,PALASH SECURITIES LTD,       153.34,       134.83,13.73
G,PLATINUM INDUSTRIES LTD,       410.25,       361.15,13.6
G,TROM INDUSTRIES LIMITED,       313.10,       275.80,13.52
G,VISHNUSURYA PROJ N INFR L,       374.00,       329.60,13.47
G,MAHAMAYA STEEL INDS LTD,       147.51,       130.40,13.12
G,PILANI INV & IND COR LTD,      5582.60,      5003.90,11.56
G,V.L.INFRAPROJECTS LIMITED,       115.45,       103.50,11.55
G,VAIDYA SANE AYUR LAB LTD,       145.35,       130.90,11.04
G,ALOK INDUSTRIES LIMITED,        28.10,        25.39,10.67
G,TASTY BITE EATABLES LTD,     13988.90,     12650.50,10.58
G,WILLIAMSON MAGOR,        38.34,        34.68,10.55
 , , , , 
L,USHANTI COLOUR CHEM LTD,        51.00,        61.45,-17.01
L,UNSEC RED NCD 10.5% SR.VI,       958.00,      1074.00,-10.8
L,ICICI SECURITIES LIMITED,       785.95,       848.25,-7.34
L,SIGNORIA CREATION LIMITED,       125.00,       134.80,-7.27
L,SEC RE NCD 8.40% SR 1,      1020.20,      1098.00,-7.09
L,RESPONSIVE INDUSTRIES LTD,       263.80,       282.80,-6.72
L,CYBER MEDIA (INDIA) LTD.,        28.56,        30.54,-6.48
L,PLADA INFOTECH SERVICES L,        27.15,        29.00,-6.38
L,SEC RE NCD 0% SR.VII,      1010.00,      1074.00,-5.96
L,MURUDESHWAR CERAMICS LTD,        64.84,        68.91,-5.91
L,COMPUCOM SOFTWARE LTD,        31.53,        33.48,-5.82
L,8.79% SEC RED BOND S2B,      1114.22,      1179.00,-5.49
L,KINGFA SCI & TEC IND LTD.,      3377.25,      3572.70,-5.47
L,NGL FINE CHEM LIMITED,      2318.45,      2451.20,-5.42
L,ASHAPURA LOGISTICS LTD,       160.25,       168.95,-5.15
L,2.50% GOLDBONDS2025SR-V,      7350.60,      7746.99,-5.12
L,ISHAN INTERNATIONAL LTD,         2.80,         2.95,-5.08
L,MINDPOOL TECHNOLOGIES LTD,        71.15,        74.90,-5.01
L,AKUMS DRUGS AND PHARMA L,      1010.75,      1063.95,-5
L,SUNLITE RECYCLING IND LTD,       199.00,       209.45,-4.99
L,AESTHETIK ENGINEERS LTD,       121.15,       127.50,-4.98
L,GLOBESECURE TECHNO LTD,        44.00,        46.30,-4.97
L,A AND M JUMBO BAGS LTD,        18.30,        19.25,-4.94
L,M P TODAY MEDIA LIMITED,        39.75,        41.80,-4.9
L,SERVICE CARE LIMITED,        66.00,        69.40,-4.9
L,SUPREME POWER EQUIPMENT L,       267.20,       280.90,-4.88
L,SPECTRUM TALENT MGMT LTD,       109.10,       114.55,-4.76
L,SAHAJ SOLAR LIMITED,       640.55,       672.25,-4.72
L,MCON RASAYAN INDIA LTD,       189.00,       198.00,-4.55
L,K2 INFRAGEN LIMITED,       260.15,       272.45,-4.51
