SECURITY,NEW,PREVIOUS,NEW_STATUS
DEEPAK FERTILIZERS & PETR,1081.3,1062,H
GILLETTE INDIA LTD,8299,8195,H
COROMANDEL INTERNTL. LTD,1784.6,1780,H
V2 RETAIL LIMITED,1101.6,1049.15,H
PITTI ENGINEERING LIMITED,1410,1381.85,H
DEEP INDUSTRIES LIMITED,362.2,354,H
UMA EXPORTS LIMITED,118.25,106.51,H
VIJAYA DIAGNOSTIC CEN LTD,939,904.8,H
ELECTROTHERM (I) LTD.,983.4,964.15,H
GALLANTT ISPAT LIMITED,384.6,384,H
NIPPON L I A M LTD,735.3,726.5,H
SEC RE NCD SR IV,1009,1002.4,H
RBM INFRACON LIMITED,782.6,745.35,H
21ST CENTURY MGMT SERVICE,105.11,103.05,H
PCBL LIMITED,449.9,435,H
PONDY OXIDES & CHEM LTD,1844,1769.3,H
ICICIPRAMC - ICICICONSU,122.08,121.5,H
MIRAEAMC - MAESGETF,42.61,42.22,H
ENTERO HEALTHCARE SOLU L,1325.95,1320.9,H
GO DIGIT GENERAL INS LTD,383.4,375,H
TROM INDUSTRIES LIMITED,330.95,319.9,H
VOLTAS LTD,1682.8,1671.95,H
RANE (MADRAS) LIMITED,1318.85,1116,H
COLGATE PALMOLIVE LTD.,3600,3577.65,H
STEL HOLDINGS LIMITED,500,498,H
GANESHA ECOSPHERE LIMITED,1958.35,1879.95,H
HDFC AMC LIMITED,4395.8,4316.95,H
INSPIRISYS SOLUTIONS LTD,159.99,158,H
MMP INDUSTRIES LIMITED,457.9,423,H
NDR AUTO COMPONENTS LTD,1365.8,1215.3,H
RELCAPAMC - NETFGILT5Y,59.25,58.25,H
AUTHUM INVEST & INFRA LTD,1605.1,1528.55,H
HARIOM PIPE INDUSTRIES L,788.35,770,H
SEC RE NCD 9.05% SR.I,1060.8,1058.2,H
LT FOODS LIMITED,354.6,342,H
PLATINUM INDUSTRIES LTD,418,398,H
POWER INSTRUMENT (G) LTD,148.53,145.62,H
GOI TBILL 182D-12/09/24,99.64,99.62,H
HINDUSTAN MOTORS LIMITED,32.89,32.58,H
DHARIWALCORP LIMITED,157.35,152,H
DIC INDIA LIMITED,763.9,754,H
GSM FOILS LIMITED,72.3,68.9,H
SEC RE NCD 9.39% SR.VIII,950,945,H
SEC RE NCD 9% SR.IV,1003.55,1000.55,H
POSITRON ENERGY LIMITED,523.65,498.75,H
KHAITAN (INDIA)LTD.,121.51,115.73,H
INDRAPRASTHA MEDICAL CORP,370.7,360,H
CENTURY ENKA LTD,864.9,799,H
NELCO LTD,1140.65,1090,H
BOMBAY BURMAH TRADING COR,2602,2548,H
NALWA SONS INVESTMENT LTD,4845,4775,H
OPTIEMUS INFRACOM LTD,589.65,570,H
SBI LIFE INSURANCE CO LTD,1804.45,1791.15,H
SUNDARAM FINANCE HOLD LTD,322.5,314,H
TCPL PACKAGING LIMITED,3285,3240,H
TREJHARA SOLUTIONS LTD,225.91,215.16,H
CHOLAMANDALAM FIN HOL LTD,1685.3,1649.8,H
TATAAML - TNIDETF,96.17,95.8,H
AXISAMC - AXISHCETF,143.65,143.47,H
SBIAMC - SBIETFIT,445.74,445,H
SEC RED NCD 8.40% SR.V,1060,1052.1,H
ANNAPURNA SWADISHT LTD,459.95,448,H
TARAPUR TRANSFORMERS LTD,15.99,14.87,H
MONARCH NETWORTH CAP LTD,794.95,781.4,H
J.G.CHEMICALS LIMITED,429,397.1,H
SEC RE NCD 7.90% STRPP A,309.96,309.63,H
CONTINENTAL SEED CHEM LTD,63.9,60.9,H
GOI TBILL 182D-19/12/24,98.1,97.28,H
RNFI SERVICES LIMITED,179.95,165.8,H
GHCL LIMITED,714.95,708.8,H
PILANI INV & IND COR LTD,5615.9,5377,H
SPML INFRA LIMITED,232.4,226.23,H
SUMIT WOODS LIMITED,120.25,116,H
ADIT BIRL SUN LIF AMC LTD,775,755,H
SANSERA ENGINEERING LTD,1528.75,1519.7,H
BALU FORGE INDUSTRIES LTD,630,604.95,H
SKY GOLD LIMITED,2750,2645.6,H
SYNCOM FORMU (I) LTD,19.53,18.65,H
SEC RE NCD SR.II,1173,1165,H
SUPREME ENGINEERING LTD,2.44,2.4,H
INOX WIND ENERGY LIMITED,12000,7999,H
SHRIRAM - LIQUIDSHRI,1008.43,1008.26,H
SEC RE NCD 8.70% SR.III,1002,999.85,H
SDL KL 7.63% 2043,99.5,95,H
S A TECH SOFTWARE INDIA L,180.05,158,H
DR. REDDY S LABORATORIES,7107.45,7035,H
TRENT LTD,6825,6819.7,H
HFCL LIMITED,148.5,146.2,H
SKIPPER LIMITED,463,441,H
ETHOS LIMITED,3485,3428.05,H
V MARC INDIA LIMITED,423.9,403.75,H
PRAKASH PIPES LIMITED,585,583,H
SEC RED NCD 9% SR.V,1047.3,1046.8,H
SUNGARNER ENERGIES LTD,803.4,765.15,H
KOTAKMAMC - KOTAKIT,45.3,45.27,H
KRISHNA INST OF MED SCI L,2488,2439.95,H
KCK INDUSTRIES LTD,250.25,243.95,H
ELGI RUBBER CO. LTD,101.06,99.08,H
S&S POWER SWITCHGEARS,401.35,393.5,H
SEC RED NCD SR. VII,2250,2100,H
GOI TBILL 91D-05/09/24,99.7,99.65,H
SARASWATI SAREE DEPOT LTD,213.88,203.7,H
ALICON CASTALLOY LIMITED,1418,1399,H
LCC INFOTECH LTD,7.67,7.52,H
SALZER ELECTRONICS LTD,1098.95,1050,H
ERIS LIFESCIENCES LIMITED,1230,1225,H
ICICI PRU LIFE INS CO LTD,752.45,748.3,H
GLENMARK LIFE SCIENCE LTD,1052.5,1037.05,H
E2E NETWORKS LIMITED,2385.65,2272.05,H
WELSPUN LIVING LIMITED,194.9,193.7,H
BAHETI RECYCLING IND LTD,336,329.3,H
SEC RE NCD 9.48% SR V,930,898,H
LAXMI COTSPIN LIMITED,38.98,38.8,H
PATANJALI FOODS LIMITED,1915,1845,H
GOI LOAN 8.30% 2040,116.5,115.91,H
JITF INFRALOGISTICS LTD,1204.35,1197,H
TARA CHAND INFRA SOLN LTD,523.9,485.45,H
INCREDIBLE INDUSTRIES LTD,52,51.7,H
SUNLITE RECYCLING IND LTD,210,209.45,H
GLENMARK PHARMACEUTICALS,1684.85,1642.55,H
MANGALAM CEMENT LTD,1043.95,1018,H
KERNEX MICROSYS(I) LTD,962.1,916.3,H
GKW LIMITED,4085.25,3970,H
WINDSOR MACHINES LIMITED,194.49,188.65,H
CAREER POINT LIMITED,528.9,515,H
IZMO LIMITED,448.45,435.1,H
SHRIRAM FINANCE LIMITED,3190,3177,H
SKIPPER RE.0.25 PPD UP,297.4,289.65,H
SOFTTECH ENGINEERS LTD,411.2,395.95,H
PANACHE DIGILIFE LIMITED,152.94,150.19,H
DSPAMC - HEALTHADD,141.99,141.2,H
V R INFRASPACE LIMITED,270,265,H
KORE DIGITAL LIMITED,2188.65,2084.45,H
MAITREYA MEDICARE LIMITED,240.05,228.65,H
PICTUREPOST STUDIOS LTD,44.2,42.1,H
SARLA PERF. FIBERS LTD,98.74,98,H
SUMMIT SECURITIES LTD,2236.85,2130,H
MUTHOOT FINANCE LIMITED,1948.9,1904.95,H
GMR POW AND URBAN INFRA L,120.9,115.15,H
WEBSOL ENERGY SYSTEM LTD,967.2,921.15,H
ORTEL COMMUNICATIONS LTD,1.98,1.95,H
SRI ADHIKARI BRO TELE N L,493.85,484.2,H
SOLARA ACTIVE PHA SCI LTD,696.75,689.85,H
INOX GREEN ENERGY SER LTD,204.5,199.99,H
GOI TBILL 91D-12/09/24,99.55,99.54,H
TRUST FINTECH LIMITED,255.6,243.45,H
KRITI NUTRIENTS LIMITED,158,86.85,H
SHEKHAWATI INDUSTRIES LTD,8.55,8.39,H
SANSTAR LIMITED,143,134.1,H
SEC RE NCD SR 6,1000,990,H
BRAINBEES SOLUTIONS LTD,621.9,628.3,L
AVONMORE CAP&MGT SERV LTD,12.75,13,L
ONECLICK LOGISTICS IND L,80.2,82.15,L
GACM TECHNOLOGIES LIMITED,1.88,1.91,L
8.79% SEC RED BOND S2B,1112.77,1118.11,L
SEC RE NCD 9.65% SR I,1002,1010,L
RBZ JEWELLERS LIMITED,154.62,157.78,L
SUMEET IND LIMITED,3.87,3.95,L
TAINWALA CHEMICAL AND PLA,203,203.05,L
ESPRIT STONES LIMITED,105.05,115,L
SEC RE NCD 8.89% SR.VIII,959,963,L
SUYOG TELEMATICS LIMITED,1455,1460.1,L
PALRED TECHNOLOGIES LTD,86.8,88.44,L
FILATEX FASHIONS LIMITED,1.28,1.3,L
SEC RE NCD 8.89% SR.VIII,920,925,L
KATARIA INDUSTRIES LTD,185.5,186,L
SUNLITE RECYCLING IND LTD,199,199.5,L
RELIABLE DATA SERVICE LTD,88.65,90.46,L
VARANIUM CLOUD LIMITED,22,22.05,L
SEC RE NCD 8.75% SR.VII,914.99,919.99,L

