SYMBOL,SYMBOL P/E,ADJUSTED P/E
RGL,12.92,12.92
JYOTHYLAB,55.24,55.24
HITECHCORP,21.92,22.66
TRIL,128.54,128.54
DVL,28.23,28.23
PATINTLOG,26.1,26.1
AMBIKCO,15.05,15.05
BIRLAMONEY,15.04,15.04
JKIL,19.03,19.03
KNRCON,11.92,11.92
SEPC,114.93,114.93
NMDC,11.2,10.82
RECLTD,10.79,10.79
TITAGARH,65.43,65.06
BAJAJ-AUTO,35.28,35.28
DIGISPICE,15.47,41.42
ALMONDZ,20.38,52.42
RANEENGINE,25.84,20.99
LOTUSEYE,78.38,79.23
VINYLINDIA,32.77,32.77
ZFCVINDIA,73.72,73.72
TATAMTRDVR,1.13,1.13
TPHQ,24.51,24.51
GKWLIMITED,190.13,190.13
ADANIPOWER,16.78,16.78
EXPLEOSOL,21.42,21.42
SUNTECK,90.59,90.59
JSWENERGY,63.62,63.62
MMTC,160.02,120.9
WHIRLPOOL,89.32,85.31
THANGAMAYL,40.11,40.11
HATHWAY,56.63,55.93
BLISSGVS,14.07,6.95
IITL,7.06,9.64
WELINV,115.97,115.97
DEEPAKNTR,45.64,49.09
ASHOKA,10.02,11.34
JWL,63.5,63.5
SHAH,9.61,166.03
CGCL,43.47,43.47
JINDWORLD,94.61,94.61
JAMNAAUTO,24.52,24.52
A2ZINFRA,12.84,
HFCL,54.6,54.6
MUTHOOTFIN,16.3,16.3
PIIND,37.74,37.74
OMINFRAL,40.09,40.09
DELPHIFX,16.29,16.29
DHANUKA,31.23,31.23
THERMAX,75.2,87.61
RIIL,174.68,174.68
RAYMOND,19.13,18.4
SHREDIGCEM,17.82,17.82
SESHAPAPER,9.87,9.87
SUNDRMFAST,53.08,53.08
CRISIL,51.62,51.62
PEL,,131.84
MASTEK,28.67,28.44
LUMAXIND,46.32,46.32
CUMMINSIND,67.08,67.03
JBCHEPHARM,51.36,51.36
INDIAGLYCO,24.35,24.35
IONEXCHANG,49.48,49.48
HIMATSEIDE,14.01,14.01
GFLLIMITED,181.04,181.04
BPCL,8.38,8.12
ATUL,71.73,71.73
ACC,19.67,22.28
SCI,16.78,16.78
HINDPETRO,10.06,10.06
ZUARIIND,1.47,
VOLTAS,92.95,92.95
TITAN,89.31,89.31
SPIC,19.75,13.78
SBIN,10.6,9.85
NOCIL,38.11,38.11
CHAMBLFERT,15.87,15.87
HINDOILEXP,16.5,19.5
TATACHEM,,33.47
ATFL,340.07,699.38
EPL,36.71,34.8
SUPREMEIND,68.69,68.69
AEGISLOG,41.14,41.14
HONAUT,86.06,86.06
TATAELXSI,54.8,54.8
SANDESH,6.03,6.03
ASHIMASYN,7.28,7.28
ARE&M,29.4,29.4
EICHERMOT,36.54,36.54
BERGEPAINT,58.74,58.95
KPIL,40.61,40.61
APCOTEXIND,38.97,38.97
KARURVYSYA,10.42,10.42
UFLEX,,13.41
THOMASCOOK,36.57,36.57
SIEMENS,102.62,102.62
VSTIND,24.65,24.65
TOKYOPLAST,83.51,83.51
IFCI,66.63,67.22
KABRAEXTRU,50.79,50.79
PCBL,31.98,31.98
OSWALAGRO,264.49,263.04
JINDALSAW,11.71,11.71
STYRENIX,22.68,22.68
BBL,42.26,42.26
DCMSHRIRAM,36.71,36.71
COSMOFIRST,31.11,31.11
HEROMOTOCO,25.24,25.24
ITC,30.11,30.1
HINDCOMPOS,27.31,27.31
OSWALGREEN,607.26,607.26
HUHTAMAKI,7.78,33.84
RICOAUTO,42.04,40.95
SIYSIL,11.85,11.85
PRECWIRE,37.29,37.29
NCC,25.75,25.08
SEAMECLTD,26.48,28.06
AUROPHARMA,25.49,25.03
GICHSGFIN,8.26,8.26
BANARBEADS,22.77,22.77
WSTCSTPAPR,6.43,6.43
PRUDMOULI,11.54,10.69
PRAJIND,46.2,49.77
TFCILTD,18.4,18.4
GTL,1.02,4.89
AGI,22.53,22.53
TATACONSUM,92.23,78.71
ZEEL,40.52,30.93
KOTAKBANK,16.88,19.51
FOSECOIND,48.79,49.02
ANDHRAPAP,8.88,8.88
GABRIEL,39.52,39.52
PRAKASH,10.23,10.23
KSB,77.72,77.72
GREAVESCOT,,103.6
GLFL,243.21,243.21
SUDARSCHEM,56.99,56.99
IPCALAB,62.49,67.78
HINDUNILVR,62.49,62.47
AMBUJACEM,35.3,37.12
DCM,34.29,34.29
HEUBACHIND,38.02,38.02
PVP,10.87,
NAVA,10.01,10.85
AUTOAXLES,18.01,18.01
KHAITANLTD,18.1,18.1
ANDHRSUGAR,35.11,33.24
JAYAGROGN,17.21,17.21
SILINV,20.09,20.09
BIOFILCHEM,165.41,165.41
ZENITHEXPO,2792.02,2792.02
CREST,12.63,12.63
TVSSRICHAK,35.84,33.78
PUNJABCHEM,33.13,33.13
GUJAPOLLO,25.55,25.55
JCHAC,3521.88,178.69
MADRASFERT,22.22,13.67
SKMEGGPROD,11.03,11.03
FDC,26.41,26.41
ADROITINFO,13.11,13.11
INDUSINDBK,11.92,11.92
TRIGYN,24,24
KOTHARIPRO,40.06,40.06
ITDCEM,30.34,30.34
SONATSOFTW,59.29,4.86
KOKUYOCMLN,43.56,43.56
DHANBANK,47.17,47.17
STCINDIA,16.03,16.96
IVC,86.96,86.96
ALEMBICLTD,38.69,38.69
HCLTECH,27.85,27.85
ZYDUSLIFE,28.7,28.7
RAJESHEXPO,228.3,228.3
IOB,41.78,41.78
AJANTPHARM,43.29,43.29
CALSOFT,50.25,50.25
PNBGILTS,33.39,36.49
NLCINDIA,18.63,18.63
GAEL,17.64,17.64
BALAJITELE,107.8,107.8
HIKAL,58.63,58.63
ACLGATI,220.55,
UNITDSPR,72.23,72.41
MPSLTD,34.21,34.21
PNB,11.93,11.93
TIMESGTY,62.02,62.02
NUCLEUS,22.44,22.44
UCOBANK,31.5,31.5
NSIL,33.35,33.35
VAIBHAVGBL,45.42,43.43
POONAWALLA,17.82,25.47
RKFORGE,48.61,48.55
APARINDS,40.4,40.4
TCS,34.76,34.23
COFORGE,51.03,51.62
GUFICBIO,40.8,40.8
DWARKESH,41.05,41.05
SUPRAJIT,46.22,46.22
CONSOFINVT,12.42,12.42
EVEREADY,74.33,74.33
ALLSEC,20.54,24.8
SSWL,5.27,15.47
SURYALAXMI,60.99,32.7
GEOJITFSL,15.8,15.8
NECLIFE,118.71,118.71
IDFC,728.49,728.49
IMPAL,21.34,21.34
AURIONPRO,62.12,62.12
AIAENG,38.07,38.09
ORIENTCER,36.61,40.46
VIMTALABS,26.94,26.94
NITINSPIN,16.54,16.54
ENIL,32.89,32.89
KEC,55.31,55.31
INDOTECH,38.43,38.43
BLKASHYAP,40.48,43.52
CENTURYPLY,59.57,58.23
VAKRANGEE,366.9,389.36
GALLANTT,27.92,27.92
UTTAMSUGAR,12.26,12.26
GPIL,13.1,13.1
LOKESHMACH,47.87,47.87
KAMDHENU,25.48,25.48
PIONEEREMB,49.42,49.42
MUNJALAU,26.39,15.75
TECHM,62.34,62.42
GRINDWELL,71.78,71.73
ACE,45.12,45.12
BINANIIND,29.33,
ALICON,29.93,29.93
FIEMIND,21,21
INSPIRISYS,39.47,39.47
NAUKRI,115.63,108.92
MANALIPETC,57,52.16
LTFOODS,20.72,20.72
SOBHA,421.85,421.93
NFL,39.09,39.09
AVTNPL,27.9,27.9
TIDEWATER,32.41,32.41
AUTOIND,27.07,27.74
PGIL,24.82,25.41
PFC,8.03,8.03
SMSPHARMA,45.22,45.22
LAOPALA,28.23,28.23
NAHARPOLY,2428.48,2428.48
BALAMINES,33.17,33.17
AROGRANITE,60.05,60.05
NDLVENTURE,280.75,280.75
SRHHYPOLTD,13.33,12.01
TIMETECHNO,26.01,26.01
DLF,126.47,126.47
MEGASOFT,100.06,100.06
PURVA,142.43,142.43
MAGNUM,39.27,137.53
MANGCHEFER,10.53,10.53
SOUTHWEST,32.46,34.1
ARVEE,163.25,163.25
ASTERDM,58.15,
BANKA,64.64,64.67
HINDCON,59.2,59.2
SARVESHWAR,49.46,49.46
MACPOWER,56.64,56.64
BDL,83.01,83.01
BANDHANBNK,12.33,12.33
URAVI,286.31,286.31
MITTAL,22.03,41.08
SANDHAR,31.86,32.94
GIRIRAJ,81.74,81.74
MIDHANI,102.97,102.97
CONTI,493.26,492.36
AVG,18.22,28.58
VERA,24.87,24.87
MMP,37.67,37.67
NARMADA,16.14,16.14
CHEMFAB,75.88,75.88
BSHSL,86.17,86.17
AAKASH,20.4,20.4
GODHA,56.41,56.41
SOFTTECH,141.32,141.32
E2E,131.49,131.49
SIRCA,37.33,37.33
SVLL,78.66,78.66
SONAMLTD,37.41,37.41
ADANIGREEN,265.79,220.15
PRITI,20.29,20.29
ACCURACY,26.39,26.39
RITES,34.53,34.53
GANGAFORGE,164.04,167.16
REPL,22.63,22.63
HBSL,3.09,3.09
AVROIND,32.53,32.53
TEMBO,16.52,16.81
CREDITACC,13.1,13.1
AARON,42.84,42.84
SUMIT,44.21,44.21
LAGNAM,15.73,15.73
RPPL,30.64,30.64
AKG,61.04,61.04
IRCON,27.59,27.59
SPECTRUM,148.25,148.25
RAJMET,35.9,35.9
AAVAS,26.12,26.12
GRSE,55.32,55.32
KRITIKA,45.6,45.6
VINNY,76.29,76.29
MARINE,119.01,119.54
IRISDOREME,45.5,45.5
SHUBHLAXMI,21.78,21.78
SHRIRAMPPS,4.9,4.9
TREJHARA,22.24,181.45
SURANI,640.25,640.25
MSTCLTD,25.77,25.77
ARVINDFASN,53.61,51.71
KHFM,117.76,117.76
RVNL,86.33,86.33
POLYCAB,56.65,56.65
KPITTECH,74.85,74.85
VIKASLIFE,,96.66
CONFIPET,32.71,32.71
PPL,14.22,14.22
INDIAMART,42.94,42.94
WEL,178.51,178.51
CHEMCON,53.66,53.66
SPANDANA,9.9,9.9
HNDFDS,66.97,66.97
UJJIVANSFB,6.67,6.67
IRCTC,62.77,62.61
360ONE,46.21,43.07
IIFLSEC,12.37,12.37
FLUOROCHEM,105.52,105.52
KUANTUM,8.39,8.39
CHEMBOND,19.08,19.08
MGEL,19.09,19.09
SBICARD,28.06,28.06
HOMEFIRST,28.35,28.35
CSBBANK,10.18,10.18
EASEMYTRIP,62.21,38.73
ROSSARI,37.19,37.19
PRINCEPIPE,35.45,38.42
ESAFSFB,5.38,5.38
ARTEMISMED,62.62,62.62
SUMICHEM,61.62,61.62
LGHL,59.31,63.05
ASALCBR,26.28,26.28
MAHEPC,,2184.45
BAFNAPH,693.16,306.39
SUVENPHAR,103.16,103.16
STOVEKRAFT,73.98,73.98
KSOLVES,34.42,34.42
HAPPSTMNDS,49.66,51.8
GLAND,44.03,44.03
BOROLTD,65.72,65.72
MAXHEALTH,80.93,80.93
PAVNAIND,50.98,50.98
KALYANKJIL,88.61,88.61
BTML,129.16,129.09
SHAREINDIA,13.79,13.77
SIGACHI,34.36,34.36
ADL,201.74,201.74
NIRAJ,17.28,11.6
CAMS,56.79,56.79
SURYODAY,8.91,8.91
ROML,120.95,120.95
RAILTEL,58.8,58.03
BECTORFOOD,60.89,60.89
NURECA,478.01,478.01
HERANBA,33.61,33.61
LXCHEM,64.67,64.67
FAIRCHEMOR,37.09,37.09
ANURAS,69.43,69.43
ISGEC,40.09,40.09
STYLAMIND,25.65,25.49
CLSEL,11.3,11.3
CARYSIL,38.16,38.16
SHAILY,71.61,71.61
MODISONLTD,30.14,29.73
FIBERWEB,16,16
BCLIND,17.58,17.58
BHAGCHEM,217.71,217.71
SBCL,43.98,43.98
SMCGLOBAL,7.28,7.28
QMSMEDI,21.9,21.9
NPST,553.46,553.46
ARIHANTCAP,10.95,10.95
SIDDHIKA,15.1,15.1
NAZARA,77.13,76.46
IPL,37.57,37.57
GENCON,21.89,21.89
LODHA,67.27,63.95
HLEGLAS,73.59,68.21
VMARCIND,34.26,34.26
SONACOMS,74.95,74.34
UTKARSHBNK,10.16,10.16
PARAS,126.31,126.31
CRAFTSMAN,42.12,42.12
DODLA,37.2,37.2
JUBLINGREA,58.21,58.21
ROLEXRINGS,37.3,33.84
SHYAMMETL,19.28,19.28
KIMS,55.08,55.08
MAKS,125.42,63.72
TATVA,88.63,88.63
CLEAN,66.25,66.25
GLS,27.3,27.3
ABSLAMC,26.04,26.04
DEEPINDS,16.63,16.69
ZOMATO,385.96,385.96
PIXTRANS,21.73,21.73
WINDLAS,27.97,27.97
CARTRADE,52.3,52.3
KRSNAA,39.04,39.04
EQUIPPP,2826.58,2826.58
DEVYANI,1425.2,252.16
APTUS,23.92,23.92
SUPRIYA,31.86,31.86
ANMOL,12.21,12.21
BMETRICS,28.5,28.5
VIJAYA,73.15,72.28
AMIORG,128.74,56.65
IWEL,1071.88,527.34
VINEETLAB,383.81,383.81
SANSERA,42.07,42.07
BAJAJHCARE,,35.89
PRITIKAUTO,29.92,29.92
AAREYDRUGS,32.74,32.74
GRINFRA,12.95,16.13
INTLCONV,6.65,6.65
DUGLOBAL,654.93,654.93
STEELCAS,18.99,18.99
HPAL,41.1,41.42
UGROCAP,18.39,18.39
KPIGREEN,66.07,65.6
SGIL,47.02,47.02
SJS,33.27,33.27
FINOPB,31.94,31.94
NYKAA,1068.34,1068.34
AWL,85.8,79.52
SAPPHIRE,284.43,284.43
DKEGL,13.27,13.27
QUADPRO,44.44,44.44
PRUDENT,63.76,63.76
NUVOCO,88.82,88.82
GOCOLORS,72.96,72.96
TRACXN,138.04,138.04
FUSION,8.39,8.39
COASTCORP,83.55,83.55
MEDPLUS,124.04,124.04
RATEGAIN,51.24,51.24
LATENTVIEW,62.66,62.66
METROBRAND,88.75,88.75
PASUPTAC,18.96,18.96
FOODSIN,28.02,28.02
MAPMYINDIA,85.14,85.14
TMB,6.68,6.68
KRITI,42.06,42.06
DESTINY,23.41,23.41
GANESHBE,18.72,18.72
GVPTECH,77.99,77.99
KOTYARK,42.18,42.18
MEDICAMEQ,82.23,82.23
SHIVALIK,56.2,56.2
PRECISION,17.5,17.5
DATAPATTNS,84.86,84.86
COOLCAPS,101.17,101.12
MEDANTA,60.23,60.23
MALLCOM,22.91,22.91
NIDAN,,22.45
ASIANENE,43.47,40.98
SMLT,23.52,23.52
NRL,55.32,55.32
CHOICEIN,59.67,59.67
HARIOMPIPE,37.07,37.07
GRWRHITECH,30.84,30.84
DCMSRIND,15.38,15.38
EMUDHRA,84.26,84.26
DYCL,34.73,34.73
STARTECK,16.89,16.89
SBC,74.03,74.03
DHRUV,36.57,36.57
RICHA,30.99,30.99
ELIN,65.57,65.57
TIMESCAN,12.7,12.7
SEJALLTD,86.36,86.36
GATEWAY,21.45,21.45
SYRMA,65.34,64.81
JTLIND,34.23,34.23
RAINBOW,56.34,56.34
VENUSPIPES,46.6,46.6
ROTO,47.69,47.69
SPRL,28.59,28.59
GSTL,72.97,72.97
INDOBORAX,14.96,14.96
LANDMARK,45.28,44.7
ETHOSLTD,130.29,130.29
MSUMI,47.92,47.92
KNAGRI,31.47,31.47
LEMERITE,268.42,268.42
HARSHA,39.58,39.58
GMRP&UI,5.13,
KCK,191.17,191.17
LICI,16.15,16.15
PROPEQUITY,28.31,28.31
TVSSCS,9182.07,231.97
SWARAJ,32.17,32.17
ACI,35.39,35.39
BIKAJI,76.64,76.64
SADHNANIQ,397.74,397.74
VEEKAYEM,29.18,29.18
RILINFRA,29,29
CHEVIOT,11,11
HMAAGRO,44.92,44.92
CMRSL,14.55,11.91
KFINTECH,63.06,63.06
DCXINDIA,57.17,57.17
ARISTO,18.87,18.87
KAYNES,158.57,158.57
JFLLIFE,18.4,18.4
AXITA,34.36,34.36
PLAZACABLE,114.02,114.02
SENCO,41.65,41.65
USASEEDS,25.92,25.92
TRU,51.36,51.36
RADHIKAJWE,23.75,23.75
SPLPETRO,41.94,41.94
RAMRAT,34.72,34.72
VIVIANA,76.58,76.58
CSLFINANCE,15.23,15.23
GOYALALUM,61.09,61.09
RUSTOMJEE,149.96,149.96
GENSOL,62.04,61.95
DBOL,26.34,26.34
KANDARP,35.63,35.63
GSLSU,46.66,46.66
SPORTKING,19.53,19.53
MANORAMA,118.09,118.09
ISHAN,,244.59
ARABIAN,27.06,27.06
GRMOVER,25.18,25.18
SYNCOMF,53.6,53.57
DJML,55.59,55.59
BAHETI,44.02,44.02
SULA,43.4,43.4
SIGNATURE,395.4,395.4
KRITINUT,16.75,16.75
MEGAFLEX,46.4,46.4
KALAMANDIR,30.49,30.49
AVALON,183.27,183.27
RITEZONE,17.3,17.3
CONCORDBIO,55.07,55.07
GRCL,140.99,140.99
BAIDFIN,17.2,17.2
PHANTOMFX,22.01,22.01
AMIABLE,10.75,10.75
IPSL,22.85,22.85
KAMOPAINTS,93.71,93.71
BLUEJET,51.83,49.65
MVGJL,14.42,14.42
JIWANRAM,21.18,21.18
SCPL,21.76,21.76
SUKHJITS,14.24,14.24
FROG,34.33,34.33
MANKIND,47.81,47.81
SKYGOLD,68.62,68.62
SATINDLTD,5.54,5.54
DIVGIITTS,55.86,55.86
PRITIKA,70.82,70.82
USK,12.43,12.43
ANLON,64.53,64.53
CMNL,14.33,14.13
SRIVASAVI,28,28
IKIO,38.06,38.06
MANOMAY,34.67,34.67
FAZE3Q,28.74,28.74
LLOYDSME,27.97,27.97
AARTIPHARM,25.48,25.48
RHL,57,57
SAHYADRI,16.35,16.35
SAHANA,84.99,84.99
NINSYS,49.79,49.79
DUCOL,40.18,40.18
SBFC,33.79,33.79
SBGLP,91.07,91.07
ASMS,274.95,264.83
HYBRIDFIN,12.33,12.1
VIAZ,27.88,27.88
ZAGGLE,76.02,76.02
AGARWALFT,375.95,375.95
HONASA,119.76,119.76
RISHABH,40.75,40.75
IRMENERGY,20.57,20.57
SAH,331.2,331.2
DENEERS,17.84,17.84
CYIENTDLM,94.08,94.08
AGUL,17.71,17.71
NIRMAN,51.05,51.05
AKI,128.85,128.85
YCCL,36.36,36.36
RATNAVEER,23.8,23.8
MOS,39.72,39.72
SECMARK,214.71,214.71
SOTAC,45.07,44.01
SPECTSTM,22.8,22.8
IDEAFORGE,110.77,110.77
SHRITECH,14.11,14.11
INFOLLION,32.6,32.6
LAL,38.77,38.77
INFINIUM,52.5,52.5
POCL,52.34,52.34
ESFL,31.8,31.8
REMUS,55.07,55.07
REDTAPE,57.61,57.61
ASHOKAMET,8.47,8.47
PENTAGON,20.12,20.12
CELLPOINT,34.82,34.82
PROV,82.63,82.63
PTCIL,546.83,546.83
PYRAMID,23.02,23.02
EMSLIMITED,27.47,27.47
EFACTOR,16.96,16.96
GHCLTEXTIL,33.85,33.85
UDS,27.33,27.33
DENTALKART,59.57,59.57
SYNOPTICS,14.47,14.47
SSFL,77.97,77.97
KIRLPNU,60.78,58.29
RRKABEL,65.52,65.59
SANGANI,20.66,20.66
JLHL,53.43,53.76
NUVAMA,32.26,32.26
DRONE,91.85,91.85
GLOBALPET,53.06,53.06
KEL,47.9,47.9
NIITMTS,28.87,28.17
VINSYS,22.99,22.99
ZEAL,22.38,22.38
SAROJA,21.74,21.74
SINDHUTRAD,27.49,27.48
ORIANA,82.78,82.78
CHAVDA,20.88,20.88
TRANSTEEL,12.3,12.14
SANDUMA,24.25,24.25
OLIL,45.2,45.2
KODYTECH,561.96,561.96
SCML,22.19,22.19
MUFIN,117.67,114.25
MAL,8.68,8.68
HIGREEN,46.29,46.29
CELLECOR,45.4,45.4
SRGHFL,21.66,21.66
MADHUSUDAN,25.65,25.65
GOYALSALT,33.94,33.94
SHANTHALA,148.85,148.85
DIAMINESQ,77.4,77.4
VISHNUINFR,29.41,29.41
MICROPRO,19.73,19.73
INSPIRE,17.97,17.97
CELLO,55.62,55.62
MAITREYA,30.22,30.22
SARTELE,59.47,59.47
VINYAS,211.02,211.02
NHPC,24.09,24.09
DEN,11.47,11.47
SHILPAMED,130.3,140.25
DLINKINDIA,22.2,22.2
DBCORP,13.02,13.02
BEARDSELL,18.62,18.62
NESTLEIND,74.84,75.06
UNITEDTEA,14.26,14.26
VASCONEQ,31.81,31.81
DBREALTY,8.07,8.58
MANINFRA,25.95,25.95
PERSISTENT,65.17,65.17
KIRLOSBROS,44.6,44.74
SJVN,54.83,58.59
MANAPPURAM,7.82,7.82
IMFA,9.81,9.81
BAJAJCON,26.14,26.14
ADFFOODS,34.94,34.94
SASTASUNDR,8.38,8.45
WABAG,33.04,32.86
PRESTIGE,43.96,43.96
GRAVITA,57.25,57.25
MOIL,23,23
FMNL,.68,
HINDMOTORS,19.7,19.7
PFS,22.01,22.01
RELAXO,105.81,105.81
KARMAENG,121.52,159.63
LTF,16.88,16.88
PFIZER,44.37,44.86
DEEPAKFERT,22.3,22.3
COROMANDEL,34.48,34.48
ASIANPAINT,59.17,59.17
PGHL,42.1,42.1
CENTENKA,29.76,29.76
FEDERALBNK,12.25,12.25
SRF,59.68,59.68
WEIZMANIND,26.71,26.71
BBOX,58.31,45.49
SUNPHARMA,40.34,39.75
BALKRISIND,33.71,33.71
RAJSREESUG,22.33,22.33
ZENSARTECH,26.88,26.88
JYOTISTRUC,74.02,74.02
MUNJALSHOW,22.17,20.82
RANASUG,25.44,25.44
TATAPOWER,42.02,42.35
SIMPLEXINF,11.15,11.15
JUBLPHARMA,24.56,55.95
TATACOMM,59.11,70.47
HLVLTD,59.76,59.76
LIBERTSHOE,67.71,52.91
MODTHREAD,11.36,11.36
MANGLMCEM,44.74,44.74
3PLAND,39.57,39.57
SAIL,22.41,15.11
IDBI,16.6,16.6
BRITANNIA,63.4,62.82
DHAMPURSUG,14.94,14.94
DABUR,59.71,59.71
FMGOETZE,18.16,18.16
ORIENTHOT,57.85,57.85
KANSAINER,35.82,35.82
3MINDIA,65,65
SCHAEFFLER,68.26,68.01
AMJLAND,17.37,17.37
MFSL,78.56,78.56
KOPRAN,25.18,25.18
GODFRYPHLP,44.7,42.19
TATAINVEST,106.79,106.79
TIMKEN,67.95,67.95
SHREECEM,42.44,42.44
INGERRAND,55.17,55.17
GSFC,17.03,17.08
EIDPARRY,9.15,9.15
BIRLACORPN,25.09,25.5
ASHAPURMIN,16.21,29.11
TNPL,15.66,15.66
NATCOPHARM,15.78,15.78
GARFIBRES,34.5,34.5
SKFINDIA,46.25,46.25
CUBEXTUB,38.07,38.07
MOTHERSON,40.82,39.74
AARTIDRUGS,30.92,30.92
DENORA,38.22,38.22
SHRIRAMFIN,15.51,15.51
GANESHHOUC,17.87,17.87
GUJRAFFIA,42.39,42.39
BANKINDIA,8.2,8.2
INDSWFTLAB,2.77,14.65
HAVELLS,85.16,85.16
MRO-TEK,28.15,28.15
TRIDENT,57.12,57.14
GODREJCP,,72.66
PONNIERODE,11.33,11.33
OFSS,41.06,41.06
OMAXAUTO,18.77,
VARDHACRLC,23.76,23.76
WELSPUNLIV,25.95,25.95
IGL,23.94,23.94
SIL,143.94,143.94
BIOCON,20.19,20.4
DATAMATICS,17.99,17.74
AMBICAAGAR,16.72,16.72
ULTRACEMCO,46.89,46.71
INDSWFTLTD,3.1,3.1
KOTARISUG,41.96,41.96
PATELENG,15.38,20.1
JINDALPHOT,58.02,58.02
IIFL,10.61,10.61
CYBERMEDIA,17.97,23.32
JKPAPER,8.37,8.37
GRANULES,33.27,33.27
VHL,339.75,40.19
GENUSPOWER,99.92,99.92
SPLIL,16.15,16.14
RML,85.53,16.75
SASKEN,34.94,34.94
GEECEE,19.79,19.79
TORNTPOWER,36.6,36.6
RUCHIRA,9.82,9.82
PLASTIBLEN,20.14,20.14
WANBURY,12.6,24.63
UNOMINDA,87.17,89.29
CTE,267.82,267.82
REDINGTON,13.59,13.59
INDIANB,8.53,8.53
ICRA,38.55,38.55
FORTIS,58.32,59.3
HILTON,30.93,30.93
NAGREEKEXP,23.03,23.03
TARMAT,,163.71
CIEINDIA,25.94,25.94
KSCL,18.08,18.08
MAANALU,25.67,25.67
RELIGARE,28.94,81.85
AHLADA,9.76,9.76
KSHITIJPOL,19.93,51.41
SILGO,20.22,20.22
BBTCL,32.55,32.55
ATGL,139.88,139.88
UNIPARTS,20,20
AWHCL,21.48,21.48
RPSGVENT,27.55,27.55
ANUP,35.59,35.59
PAR,20.34,20.34
METROPOLIS,77.91,77.91
NEOGEN,114.19,114.19
EMAMIPAP,8.21,8.21
DGCONTENT,39.08,39.08
OAL,69.61,69.61
SATIA,6.6,6.6
AFFLE,70.89,70.89
WESTLIFE,288.38,288.38
MAZDOCK,39.63,39.63
SAFARI,67.25,67.25
HPIL,143,143
VISHWARAJ,62.3,62.3
GREENPANEL,36.94,36.94
APOLLOPIPE,54.72,54.72
ROUTE,25.55,26.53
SIGMA,25.8,25.8
EQUITASBNK,15.08,15.08
HINDWAREAP,80.19,80.19
LIKHITHA,24.88,24.88
PATANJALI,70.15,70.15
ATALREAL,27.59,27.59
UNIVPHOTO,14.13,14.13
POWERINDIA,306.06,306.06
RAJRATAN,39.53,39.53
AARTISURF,29.39,29.39
NDRAUTO,39.05,39.05
AAATECH,45.86,45.86
UNIDT,40.19,40.19
ANGELONE,20.29,20.29
ASAHISONG,23.65,186.65
TDPOWERSYS,51.98,51.98
VASWANI,16.32,16.32
PANAMAPET,12.54,12.54
ONELIFECAP,14.04,14.04
TRITURBINE,86.83,86.83
JISLDVREQS,1.07,1.07
RUPA,35.37,34.13
KANANIIND,108.03,108.03
IRFC,36.46,36.46
RHIM,,45.56
SCHNEIDER,102.94,101.12
NBCC,74.56,57.41
TBZ,20.11,20.11
SWANENERGY,30.02,30.02
RTNINDIA,10.07,9.63
THEJO,54.7,54.7
KITEX,30.65,30.65
ROSSELLIND,160,158.56
TVSHLTD,13.74,13.73
VETO,17.4,17.4
INDUSTOWER,17.45,17.45
JUSTDIAL,25.59,25.59
ESSENTIA,29.14,29.15
SREEL,28.12,28.12
SDBL,22.58,22.58
AGARIND,15.45,15.45
GOCLCORP,30.06,27.58
INTELLECT,45.65,45.25
FCL,32.69,32.69
GENUSPAPER,93.02,93.02
VISHNU,27.55,27.55
JMA,9.68,9.68
MANAKCOAT,33.33,33.33
IMAGICAA,296.96,69.82
INOXWIND,480.43,388.65
VRLLOG,68.43,68.85
PRIVISCL,47.05,47.05
ARROWGREEN,30.74,30.74
ALANKIT,29.82,29.82
BALKRISHNA,,16.19
RAMASTEEL,57.15,57.15
ARVSMART,65.26,65.26
IDFCFIRSTB,19.22,19.22
SHK,310.54,19.56
PERFECT,56.57,56.57
TTKHLTCARE,29.44,36.5
NH,29.89,29.89
TEAMLEASE,49.61,51.2
NECCLTD,33.46,33.46
GOKULAGRO,21.2,21.2
WEALTH,29.43,29.43
BHARATWIRE,20.42,20.42
THYROCARE,61.6,61.47
UNITEDPOLY,29.43,29.43
ARMANFIN,10.27,10.27
CONTROLPR,24.71,24.73
INCREDIBLE,37.68,37.68
MOLDTECH,23.46,23.46
QUESS,30.95,30.08
LLOYDSENGG,106.78,106.78
LTIM,37.01,37.01
GATECH,85.53,85.53
DBL,23.2,52.25
NDGL,11.72,11.72
BIGBLOC,63.04,63.04
MBAPL,65.51,65.51
GNA,18.47,18.47
HPL,73.86,73.86
JAIPURKURT,23.63,23.63
SAKAR,61.01,61.01
AURDIS,11.96,11.96
PANSARI,41.06,41.06
DRL,16.4,16.4
ARTNIRMAN,122.01,122.01
ENDURANCE,48.88,48.88
GICL,65.96,65.96
PNBHOUSING,13.22,13.22
PODDARMENT,15.27,15.27
JETFREIGHT,15.59,17.22
SFL,51.34,73.05
HISARMETAL,18.16,18.16
LIBAS,4.97,4.97
CAPTRUST,106.73,106.73
MAHESHWARI,15.38,15.38
BSE,71.3,71.3
MCL,34.99,34.99
STEELCITY,10.72,10.72
KRISHANA,34.1,34.1
GLOBAL,12.54,12.54
SANGINITA,57.29,57.29
AKASH,39.15,39.15
DMART,124.7,124.7
AIRAN,16.44,16.44
URJA,435.03,435.03
EIFFL,193.1,193.1
SHANKARA,18.02,18.02
FOCUS,17.01,17.01
SIKKO,35.74,35.74
PANACHE,,44.08
INFOBEAN,38.21,38.21
JALAN,,28.52
STARCEMENT,38.73,38.73
GTPL,20.09,20.09
ACCORD,49.93,49.93
ACEINTEG,51.37,51.37
AVADHSUGAR,12.4,12.4
GANGESSECU,33.26,33.26
TOTAL,837.73,837.73
WEWIN,32.21,32.21
COCHINSHIP,63.53,63.53
SERVOTECH,239.27,239.27
PASHUPATI,181.86,181.86
MANAV,13.39,13.39
CHOLAHLDNG,7.18,7.18
WORTH,12.63,12.63
RMDRIP,87.49,87.49
DPWIRES,20.27,20.27
AARVI,19.41,19.41
TIRUPATI,53.78,53.78
AIROLAM,27.49,27.49
GOLDSTAR,61.24,61.24
JASH,40.5,40.5
BETA,37.07,37.07
OMFURN,18.5,18.5
TCPLPACK,25.78,25.78
DPABHUSHAN,41.9,41.9
IFGLEXPOR,28.82,28.82
VERTOZ,140.22,140.22
PULZ,14.77,14.77
ZODIAC,89.32,89.32
SHRADHA,11.6,11.6
INNOVANA,26.55,26.55
ONEPOINT,36.55,36.55
AJOONI,54.05,54.05
BCONCEPTS,71.84,71.84
SILLYMONKS,87.2,87.2
SOLEX,158.17,158.17
MHHL,10.76,10.76
UTIAMC,16.97,16.97
ORCHPHARMA,63.34,63.34
INDIGOPNTS,48.11,48.11
MTARTECH,134.55,134.55
STARHEALTH,39.9,39.9
YUKEN,72.63,72.63
ANANDRATHI,60.59,60.59
POLICYBZR,547.62,731.46
MONARCH,17.6,17.59
EPIGRAL,30.93,30.93
CMSINFO,26.42,26.42
TARSONS,66.8,66.8
TEGA,56.43,56.43
MANORG,76.61,76.61
MICEL,29.33,32.73
PARADEEP,31.2,31.2
MANYAVAR,72.17,72.17
DMCC,72.07,72.07
EMIL,43.53,43.53
UMAEXPORTS,22.38,21.98
AHL,30.89,30.89
RADIANTCMS,21.7,21.7
RAJRILTD,4668.07,4668.07
FIVESTAR,23.19,23.19
VIRINCHI,31.51,31.51
ELDEHSG,27.85,27.85
MHLXMIRU,15.45,15.45
RELCHEMQ,113.53,113.53
ZIMLAB,29.83,29.83
CAMPUS,104.44,104.44
AETHER,146.46,76.68
MEGASTAR,75.94,75.94
RACE,657.38,657.38
DREAMFOLKS,32.76,32.76
DHARMAJ,30.13,30.13
OBCL,48.27,48.27
INDOAMIN,24.75,24.75
INOXGREEN,215.67,215.67
RITCO,22.79,22.79
HARDWYN,94.87,94.87
MEDICO,37.32,37.32
YATHARTH,32.5,32.5
AKSHAR,21.28,21.28
NGLFINE,36.01,36.01
ATAM,34.77,34.77
AARTECH,115.1,115.1
DOLPHIN,203.26,212.51
NETWEB,166.15,166.15
AEROFLEX,48.38,48.24
VPRPL,24.19,24.19
ATL,29.31,29.31
JSWINFRA,57.85,57.85
YASHO,52.49,52.49
JIOFIN,182.73,182.73
TREL,4.76,38.6
AMNPLST,56.98,56.98
SAMMAANCAP,6.78,6.78
PILITA,57.23,57.23
MITCON,23.35,23.35
JPOLYINVST,27.36,27.36
AGRITECH,13.83,13.83
CASTROLIND,28.03,28.03
HATSUN,91.62,91.62
GULFOILLUB,20.45,20.45
SUPERHOUSE,15.52,24.94
PDSL,36.26,36.98
MONTECARLO,22.92,22.92
APOLSINHOT,42.89,42.89
GRPLTD,100.8,93.35
GREENLAM,58.7,58.7
LINC,25.21,25.21
HESTERBIO,116.03,116.03
MANAKALUCO,40.86,40.86
ZENTEC,88.87,89.93
LFIC,5.69,5.69
UFO,80.48,66.84
SKIPPER,47.27,47.27
ADANIENSOL,,82.21
SHARDAMOTR,23.55,23.55
GUJGASLTD,32.23,33.4
COFFEEDAY,,6.2
BALAXI,13.42,16.2
UMANGDAIRY,64.16,64.16
PILANIINVS,36.35,36.35
ALKEM,33.05,31.6
PRECAM,36.66,52.32
HITECH,51.17,51.17
BHAGERIA,32.67,32.67
SEQUENT,288.92,
KDDL,29.34,29.41
HCG,95.79,101.43
INFIBEAM,43.55,43.55
CROMPTON,61.82,61.82
SHRIPISTON,19.52,19.52
ALBERTDAVD,10,10
ASPINWALL,17.44,17.44
JITFINFRA,24.85,28.61
NITIRAJ,25.1,25.1
RADIOCITY,62.12,62.12
TASTYBITE,197.24,197.24
NRAIL,8.16,8.16
CREATIVE,18.89,18.89
DEVIT,24.62,24.62
DOLLAR,31.9,31.69
SCHAND,17.21,17.21
BHAGYANGR,33.65,33.65
TEJASNET,129.54,129.54
CDSL,62.9,62.9
AUBANK,27.97,26.95
STEELXIND,78.59,78.59
MAGADSUGAR,10.28,10.28
OPTIEMUS,84.41,84.41
SIS,43.9,43.9
VAISHALI,209.87,209.87
GEEKAYWIRE,12.87,12.87
APEX,57.18,57.18
DIXON,175.26,175.26
MATRIMONY,31.88,31.88
CAPACITE,20.73,20.73
SBILIFE,86.8,86.8
DIAMONDYD,42.5,42.5
GODREJAGRO,46.66,46.66
MASFIN,18.63,18.63
GICRE,10.04,10.04
NAM-INDIA,37.03,37.03
SECURCRED,5.23,5.23
5PAISA,27.3,27.3
SILVERTUC,53.4,53.4
ICEMAKE,46.67,46.67
TOUCHWOOD,53.17,53.18
MOKSH,16.8,16.8
APOLLO,86.61,86.61
AMBER,81.52,81.52
SINTERCOM,295.3,295.3
MDL,57.71,53.94
MAHICKRA,78.67,78.67
UWCSL,47.62,47.62
DRSDILIP,55.77,55.77
ABINFRA,86.23,87.47
PARTYCRUS,21.2,21.2
WALPAR,44.49,44.49
BEWLTD,34.87,34.87
REXPIPES,17.12,17.11
DYNAMIC,76.89,76.89
FOCE,44.98,44.98
JSLL,49.36,49.36
EUROBOND,57.84,57.84
SHIGAN,39.79,39.79
MADHAVBAUG,69.15,69.15
SONUINFRA,17.29,17.29
KRISHIVAL,52.2,52.2
KRISHNADEF,84.52,84.52
AMEYA,28.4,28.4
SKP,62.03,62.03
MWL,27.23,27.23
SABAR,14.59,14.59
SWASTIK,141.97,141.97
FIDEL,25.76,25.76
AGNI,242.28,242.28
ALLETEC,71.77,71.77
CLOUD,3.4,3.4
ANNAPURNA,57.57,57.57
QUICKTOUCH,14.88,14.88
DOLLEX,9.6,9.6
ARHAM,48.8,48.8
ARIHANTACA,69.27,69.27
VERTEXPLUS,123.1,123.1
RBMINFRA,67.88,67.88
HOMESFY,65.5,54.87
LRRPL,103.48,103.48
MCON,55.69,55.69
QFIL,21.76,21.76
MASTER,55.32,55.32
SYSTANGO,21.03,21.03
AUROIMPEX,14.85,14.85
CRAYONS,17.75,17.75
URBAN,30.2,30.2
KRISHCA,30.7,30.7
AATMAJ,68.51,68.51
SEL,166.03,166.03
GREENCHEF,37.6,37.6
MAGSON,26.12,26.12
MONOPHARMA,26.95,26.95
COMMITTED,14.95,14.95
SAHAJ,26.5,26.5
SERVICE,27.58,27.58
PRAMARA,38.46,38.46
ACSAL,14.5,14.5
UNIHEALTH,17.86,17.86
ONDOOR,45.96,45.54
PLADAINFO,9.37,9.37
KARNIKA,33.13,33.13
SAAKSHI,77.79,77.79
BASILIC,48.15,48.15
CPS,81.04,81.04
NEWJAISA,71.19,71.19
HOLMARC,33.38,33.38
MARCO,35.96,35.96
KONTOR,102.79,102.79
CANARYS,51.98,51.98
DIGIKORE,90.27,90.27
PARAGON,20.02,20.02
EMKAYTOOLS,13.73,13.73
JETKNIT,92.83,92.83
PROLIFE,9.77,9.77
VSCL,1340.63,1340.63
TRANSWIND,25.49,25.49
MPTODAY,7.48,7.51
CADSYS,7.85,8
CMMIPL,16.3,16.3
AISL,28.65,28.65
FELIX,75.28,75.28
SOMANYCERA,30.26,31.36
SANOFI,31.27,29.4
M&M,31.48,31.48
HEIDELBERG,33.08,33.08
PRSMJOHNSN,73.52,
PIDILITIND,84.35,82.13
HONDAPOWER,40.43,42.17
RUBYMILLS,17.76,17.76
GRAPHITE,9.82,37.01
CANFINHOME,14.72,14.72
ELECTCAST,14.26,14.26
CIPLA,29.11,28.13
HDFCBANK,17.87,17.77
GMBREW,12.11,12.11
GIPCL,15.79,15.79
INDIANHUME,27.15,27.15
IOC,8.01,8.01
KAMATHOTEL,12.08,64.37
BANCOINDIA,17.54,17.54
MANINDS,25.69,25.69
APOLLOTYRE,19.49,18.48
SHANTIGEAR,52.89,52.89
ONWARDTEC,30.35,30.35
NILKAMAL,28.07,28.07
ICIL,22.48,22.48
ELGIEQUIP,61.88,61.88
BBTC,8.84,8.53
EIHOTEL,36.14,35.65
LICHSGFIN,7.82,7.82
BEPL,21.5,21.5
MOREPENLAB,31.57,31.57
VENKEYS,24.31,24.31
GHCL,12.51,12.51
EVERESTIND,108.23,128.73
BPL,43.86,43.86
PGHH,73.73,73.73
VESUVIUS,42.01,42.01
BOMDYEING,1.44,
NAVNETEDUL,4.45,19.16
GLAXO,76.55,67.76
CHOLAFIN,32,32
INDHOTEL,71.58,71.58
LYKALABS,832.03,420.26
GILLETTE,67.59,67.59
GOLDENTOBC,10.98,12.46
ESABINDIA,57.45,57.45
AARTIIND,46.6,46.6
RALLIS,49.48,49.74
HEG,57.67,57.67
PTC,11.3,11.05
MAHABANK,10.01,10.01
CCL,36.36,36.36
LT,30.91,31.05
CENTEXT,27.9,28.32
NIITLTD,33.94,33.94
GULFPETRO,11.89,11.89
ASTRAMICRO,68.83,68.83
NTPC,19.46,19.46
JBMA,116.99,116.99
XCHANGING,41.15,41.15
JSWSTEEL,29.66,31.64
JPPOWER,10.52,7.59
SAKSOFT,31.43,31.43
MANGALAM,28.61,28.61
WELCORP,20.68,20.68
PRIMESECU,34.97,39.45
63MOONS,9.62,9.62
JSWHL,63.07,63.07
YESBANK,52.81,52.81
MSPL,62.51,62.54
GOLDIAM,27.34,27.34
FCSSOFT,,63.69
SUZLON,125.67,117.27
TRIVENI,27.54,27.54
NAHARINDUS,40.65,36.22
EKC,20.62,20.25
ROHLTD,20.24,20.24
GSPL,8.11,8.26
JAGRAN,12.6,12.6
SAKUMA,32.06,32.06
JKCEMENT,38.35,38.79
M&MFIN,18.61,18.61
KEI,69.7,69.68
SOLARINDS,97.59,97.59
KKCL,26.81,26.81
SURYAROSNI,20.76,20.76
SAKHTISUG,4.95,
AKZOINDIA,33.92,33.92
HINDZINC,26.61,26.61
GRASIM,18.28,17.59
FINCABLES,30.42,44.36
DCW,191.27,177.68
CESC,15.98,19.41
BAJFINANCE,27.89,27.89
CORALFINAC,10.5,10.5
GREENPLY,41.31,45.41
REMSONSIND,44.62,45.99
DALMIASUG,13.06,13.06
SWARAJENG,26.05,26.05
MRF,27.93,27.93
TNPETRO,17.26,15.41
STARPAPER,6.31,6.15
EIMCOELECO,32.74,32.74
MARICO,56.23,56.23
KEYFINSERV,7.14,7.14
SANGAMIND,48.63,42.22
SOMATEX,5.11,
STERTOOLS,31.33,31.55
HITECHGEAR,14.81,38.41
WENDT,76.01,76.01
DYNAMATECH,56.06,102.18
MMFL,21.18,21.33
JAGSNPHARM,48.59,43.17
MPHASIS,36.4,36.4
RUCHINFRA,28.53,90.46
KOTHARIPET,15.95,15.88
HERITGFOOD,33.41,33.15
BANKBARODA,7.04,7.04
GAIL,16.34,16.34
CONCOR,47.75,47.75
KCPSUGIND,6.44,7
HUDCO,25.5,25.5
SAREGAMA,53.35,53.35
ENGINERSIN,40.7,40.7
JAICORPLTD,108.45,108.45
GMDCLTD,20.09,20.09
MAHAPEXLTD,.65,44.46
ASAHIINDIA,53.38,53.38
J&KBANK,6.56,6.56
CUB,11.96,11.96
SOUTHBANK,5.75,5.75
ASTRAZEN,170.96,89.75
AXISBANK,13.49,13.49
CYIENT,31.5,29.71
CYBERTECH,24.33,24.33
GOACARBON,8.63,8.63
SANGHVIMOV,19.38,19.38
RSSOFTWARE,40.8,40.8
NATIONALUM,13.67,15.86
JINDALSTEL,17.33,17.33
NIPPOBATRY,2.87,2.87
BSOFT,26.64,26.64
ACCELYA,27.96,28.04
STAR,140.19,40.76
NRBBEARING,12.41,33.67
BIL,44.03,44.03
KTKBANK,6.17,6.17
BLBLIMITED,11.85,11.85
BLUESTARCO,70.34,70.34
TVSMOTOR,66.88,66.88
PNC,31.54,31.54
TAJGVK,26.99,26.99
REPRO,94.29,94.29
CHENNPETRO,5.82,5.82
KRBL,13.82,13.82
AXISCADES,52.07,52.07
TIPSINDLTD,67.03,67.03
MARKSANS,29.97,29.97
SMARTLINK,31.41,31.41
JISLJALEQS,69.81,69.81
TCI,28.38,28.17
ASAL,65.15,65.15
OLECTRA,163.84,178.37
APTECHT,50.91,46.04
UNIONBANK,6.81,6.81
GENESYS,89.71,89.71
GODREJIND,29.01,29.01
DIVISLAB,74.9,74.9
MARUTI,26.61,26.61
JSL,23.43,24.16
JAIBALAJI,17.71,17.71
UNIENTER,28.62,28.62
MUKANDLTD,24.13,24.13
EDELWEISS,16.57,16.57
COLPAL,68.43,68.43
KALYANIFRG,48.16,48.16
ECLERX,24.78,24.71
BRIGADE,58.79,58.79
MANAKSIA,8.07,6.12
ARIES,16.99,16.99
CEATLTD,18.1,16.99
CORDSCABLE,24.68,24.68
HERCULES,50.86,50.86
IRB,42.2,42.2
GSS,30.54,30.54
NAHARCAP,14.09,14.09
VGUARD,71.14,71.14
NESCO,18.23,18.23
DPSCLTD,109.35,109.35
BAJAJFINSV,15.9,15.9
GOKUL,264.16,20.73
RPGLIFE,37.76,37.76
RBL,17.57,17.21
ARCHIDPLY,125.62,125.62
UBL,114.28,114.28
20MICRONS,19.38,19.01
JOCIL,76.22,76.22
COUNCODOS,34.84,34.84
MAWANASUG,9.55,9.55
AJMERA,21.99,21.99
MHRIL,65.98,65.98
EXCEL,56.89,56.89
GLOBUSSPR,35.13,35.13
RTNPOWER,.87,
ZYDUSWELL,48.23,48.23
SARDAEN,22.01,21.93
REFEX,32.6,32.61
AHLUCONT,25.3,42.01
GODREJPROP,68.16,68.16
HINDCOPPER,85.16,85.16
TRF,14.38,14.38
MBLINFRA,3.53,
JUBLFOOD,109,188.19
EMMBI,19.54,19.54
TEXMOPIPES,76.3,17.62
LGBBROSLTD,14.52,15.2
ISFT,20.73,20.73
KSL,19.6,19.6
KIRLOSIND,17.78,15.91
TI,29.73,29.17
HMVL,196.57,196.57
AHLEAST,8.02,10.85
UGARSUGAR,50.26,50.26
GPPL,29.89,27.8
KILITCH,50.48,50.48
CAREERP,15.1,15.1
RAMKY,16.78,16.78
CANTABIL,36.07,36.78
OBEROIRLTY,29.28,29.28
COALINDIA,9.25,9.25
IOLCP,21.47,21.47
RPPINFRA,12.21,12.21
RKDL,,99.16
PSB,66.11,66.11
SUMMITSEC,31.39,27.58
JUBLINDS,72.73,36.9
TEXRAIL,85.87,85.87
DHUNINV,11.93,11.93
LOVABLE,70.01,70.01
SYMPHONY,55.03,55.03
ASHIANA,53.06,53.06
RUSHIL,23.06,23.06
INVENTURE,17.11,14.88
PENINLAND,27.81,29.01
WHEELS,30.34,30.34
PREMIERPOL,20.53,20.53
SMLISUZU,23.94,23.94
FACT,2363.87,287.96
EXIDEIND,48.08,48.08
ELECON,39.36,39.36
LAXMIMACH,57.18,57.18
NELCO,98.68,98.68
MAHSCOOTER,50.37,52.02
TRENT,155.87,234.5
KECL,102.7,102.7
KCP,10.89,10.81
JAYBARMARU,36.93,36.93
INFY,29.14,29.14
IFBIND,74.77,74.77
IGPL,54.82,54.82
GNFC,18.79,18.79
BHARATFORG,84.66,76.33
BASF,41.91,42.55
ARVIND,32.56,32.66
TATAMOTORS,10.76,10.69
MRPL,14.11,14.08
LINDEINDIA,143.97,143.97
ESCORTS,40.01,40.01
BAJAJHLDNG,76.19,76.19
ASHOKLEY,28.85,28.27
TATASTEEL,,53.25
SUNDARMFIN,31.16,29.88
VEDL,18.74,21.05
RELIANCE,25.99,25.99
BOSCHLTD,37.12,49.83
BATAINDIA,55.33,73.16
CARBORUNIV,68.54,68.54
DICIND,,51.4
BALMLAWRIE,23,23
MOTOGENFIN,89.43,89.43
RAMCOCEM,54.73,54.73
CENTURYTEX,92.36,92.36
ADORWELD,26.47,26.47
TORNTPHARM,65.59,68.48
VLSFINANCE,3.87,3.87
BIRLACABLE,76.07,76.07
UNICHEMLAB,,2194.17
JTEKTINDIA,42.23,42.23
PRECOT,20.4,25.92
SHREYANIND,5.24,5.24
HCC,19.22,
ADANIENT,81.15,76.77
IVP,13.78,13.78
GET&D,161.1,161.1
ONGC,8.84,8.6
BANARISUG,27.32,27.32
IGARASHI,131.9,131.9
BSL,19.6,19.6
JAYNECOIND,29.89,26.67
SOTL,21.73,21.73
RCF,61.56,67.87
DECCANCE,34.85,23.76
ADVANIHOTR,29.68,29.68
SUBROS,39.67,39.67
SPMLINFRA,131.88,155.98
BHARATRAS,48.38,48.38
UNIVCABLES,76.82,76.82
MINDTECK,35.32,33.46
ADVENZYMES,35.94,33.56
SPAL,24.43,24.43
RBLBANK,10.28,10.28
CUPID,28.88,28.88
LTTS,43.5,43.5
ICICIPRULI,269.27,269.27
MARATHON,22.41,22.41
MASKINVEST,796,796
MAZDA,19.22,19.22
VBL,78.52,78.52
KINGFA,34.19,34.19
NBIFIN,148.37,148.37
TCIEXP,33.26,33.26
LAURUSLABS,155.13,155.13
ITDC,100.51,100.4
SPCENET,137.2,137.2
BHANDARI,25.54,25.54
PRICOLLTD,40.92,40.92
INTENTECH,19.07,19.07
ARIHANTSUP,22.21,22.21
CLEDUCATE,27.41,29.45
WIPL,59.91,59.91
PSPPROJECT,22.44,22.44
ERIS,41.9,41.9
DYNPRO,98.9,98.9
SALASAR,62.19,62.19
THEINVEST,36.67,36.67
SMSLIFE,22.92,22.92
ABCAPITAL,17.58,17.58
ICICIGI,60.79,60.79
IEX,48.58,48.58
TIINDIA,65.13,65.74
NIACL,38.62,38.62
KHADIM,127.46,127.46
HDFCLIFE,93.57,93.57
SHALBY,37.97,37.97
NEWGEN,58.07,58.07
GALAXYSURF,32.97,32.97
VIPULLTD,1.8,1.78
NILAINFRA,32.51,32.51
ORICONENT,91.09,59.03
PKTEA,22.15,22.15
SATIN,5.02,5.02
SUNTV,16.58,16.58
RSYSTEMS,40.56,40.56
BALPHARMA,23.86,23.86
SWELECTES,27.73,65.07
RATNAMANI,41.03,41.03
JKLAKSHMI,19.36,19.62
ALLCARGO,202.48,122.61
EMAMILTD,46.95,46.64
VOLTAMP,59.82,59.82
SELAN,33.88,33.88
ANANTRAJ,66.35,66.35
HOVS,35.87,35.87
TALBROAUTO,22.7,32.31
JMFINANCIL,236.52,8.88
DCBBANK,7.12,7.12
GESHIP,6.8,6.8
DONEAR,17.9,17.9
VENUSREM,15.9,15.9
HIRECT,87.45,68.05
PARACABLES,25.21,25.21
TANLA,22.44,22.44
SARLAPOLY,18.3,18.3
PTL,22.58,22.58
PITTIENG,49.37,49.37
IZMO,22.4,22.4
TTL,22.83,63.48
AMDIND,118,118
JKTYRE,12.22,11.9
THEMISMED,78.51,78.51
BANSWRAS,19.71,19.71
BFUTILITIE,15.86,15.86
WEBELSOLAR,,351.2
INSECTICID,22.34,22.34
NAVINFLUOR,62.66,76.25
HGS,65.52,65.52
V2RETAIL,95.98,95.98
ADSL,25.19,25.19
CENTRALBK,17.25,17.25
KPRMILL,37.05,37.05
INDOWIND,49.28,49.28
NAGREEKCAP,1.07,1.07
CENTUM,,3687.48
DELTACORP,17.35,21.71
CERA,54.3,54.02
BVCL,20.94,20.94
ADANIPORTS,34.83,33.21
GMMPFAUDLR,38.42,38.42
HGINFRA,18.74,19.14
SUNDARMHLD,30.25,30.25
HAL,38.56,38.56
ISEC,14.07,14.07
LEMONTREE,56.68,56.68
ORIENTELEC,82.15,104.08
INDOSTAR,34.33,34.33
FINEORG,38.58,38.54
VARROC,16.59,16.59
HDFCAMC,44.38,44.38
SIGIND,17.54,17.54
TECHNOE,66.84,66.84
DALBHARAT,38.78,34.67
PAKKA,32.25,32.25
VINATIORGA,59.02,59.02
OIL,15.39,15.46
AMRUTANJAN,52.87,52.87
ORISSAMINE,1614.29,1614.29
GREENPOWER,70.16,109.74
BEDMUTHA,26.99,26.99
RESPONIND,41.97,41.97
PENIND,23.59,23.59
KIRLOSENG,41.8,41.39
KICL,36.22,48.02
STEL,69.07,69.07
VADILALIND,18.87,18.87
VSTTILLERS,29.58,29.58
MAITHANALL,4.33,4.33
DRREDDY,20.94,20.94
MAHSEAMLES,9.27,9.24
VINDHYATEL,30.81,30.81
BEML,54.82,54.82
VTL,20.3,20.3
VIPIND,10966.85,10966.85
BALRAMCHIN,22.88,22.88
RANEHOLDIN,23.87,12.31
APOLLOHOSP,91.07,91.18
INDBANK,23.49,23.49
NEULANDLAB,43.81,45.97
JINDALPOLY,27.52,121.79
BLUEDART,64.58,64.58
HSCL,53.38,53.38
ARENTERP,16.6,16.6
WSI,19.9,19.1
SUNFLAG,27.48,27.48
WIPRO,24.31,24.31
MURUDCERA,70.45,70.45
KAJARIACER,51.96,51.93
POLYPLEX,21.32,21.32
EIHAHOTELS,33.39,33.39
ABB,102.71,102.71
HINDALCO,14.04,13.76
FINPIPE,21.9,36.34
CGPOWER,122.83,125.61
BEL,52.82,52.82
PEARLPOLY,41.34,41.34
TTKPRESTIG,59.98,59.98
SAMBHAAV,32.69,37.07
SUNDRMBRAK,42.49,42.49
INDIANCARD,2.29,
MIRZAINT,59.55,59.55
ALKYLAMINE,69.75,69.75
RAMCOIND,25.67,25.67
INDRAMEDCO,23.2,23.2
INDNIPPON,25.39,25.39
ICICIBANK,17.8,17.8
USHAMART,24.91,24.91
KHANDSE,94.72,94.72
LUPIN,41.76,41.76
BHARTIARTL,94.57,78.48
SURANAT&P,35.34,35.34
CANBK,6.18,6.18
RADICO,85.22,85.22
BAGFILMS,19.3,19.3
TVTODAY,16.41,15.88
PETRONET,14.63,14.74
XPROINDIA,57.02,54.88
EXCELINDUS,42.73,42.73
TEXINFRA,430.9,430.9
WELENT,20.59,20.59
INDOCO,41.46,45.07
GOKEX,52.31,52.31
SHOPERSTOP,213.21,183.52
JINDRILL,16.28,16.28
HBLPOWER,62.14,58.2
LUMAXTECH,20.03,20.03
GANDHITUBE,18.56,18.56
TIIL,31.63,30.84
FSL,42.71,42.71
PAGEIND,79.24,79.24
ASTRAL,93.34,93.34
NCLIND,13.74,13.74
PHOENIXLTD,47.4,47.38
ALPHAGEO,33.58,19.4
KMSUGAR,15.37,15.37
NELCAST,22.47,32.04
ALPA,11.32,11.34
MOTILALOFS,14.41,14.41
POWERGRID,20.19,20.19
BAJAJELEC,87.58,87.58
CHALET,66.92,66.92
BODALCHEM,321.06,321.06
FILATEX,20.51,20.51
BROOKS,156.69,156.69
APLLTD,33.79,33.79
PGEL,73.76,73.76
PAISALO,31.34,31.4
SHAKTIPUMP,37.21,37.21
INDOTHAI,16.74,16.74
DSSL,34.1,34.1
POLYMED,78.76,78.76
VIKASECO,43.1,43.1
APLAPOLLO,51.07,51.07
MINDACORP,52,52
DBSTOCKBRO,18.45,18.45
COMPUSOFT,63.04,63.04
NDL,13.36,13.36
HEXATRADEX,50.61,50.61
VSSL,21.31,21.31
SPECIALITY,26.7,26.7
MAYURUNIQ,22.5,22.5
DUCON,24.21,24.21
ZUARI,5.92,5.92
CARERATING,28.09,28.09
REPCOHOME,7.46,7.46
ATULAUTO,104.48,104.48
ORIENTCEM,38.45,38.45
ORBTEXP,17.75,17.75
NATHBIOGEN,10.48,11.25
WONDERLA,33.95,33.95
CAPLIPOINT,28.04,28.04
SNOWMAN,122.22,122.22
SHARDACROP,34.08,34.08
CIGNITITEC,28.39,27.8
GOODLUCK,20.98,20.98
GULPOLY,51.12,51.12
LAMBODHARA,39.5,39.5
MOLDTKPAC,39.9,39.9
GANECOS,79.17,79.17
MENONBE,9.83,9.83
MANAKSTEEL,17.85,18.23
AVANTIFEED,22.49,22.49
TPLPLASTEH,45.39,45.39
PNCINFRA,9.06,9.06
SYNGENE,67.8,70.22
AYMSYNTEX,40.83,53.99
MUTHOOTCAP,4.31,
POWERMECH,38.21,38.15
SHREEPUSHK,18.8,18.8
INDIGO,21.27,21.27
LUXIND,46.32,46.32
SALZERELEC,33.67,33.67
LINCOLN,14.3,14.3
LALPATHLAB,72.17,72.17
OCCL,8.55,8.55
QUICKHEAL,77.21,77.21
VIDHIING,60.52,60.52
KELLTONTEC,23.26,23.26
PDMJEPAPER,9.75,9.75
SAGARDEEP,56.25,56.25
PARAGMILK,23.92,23.92
BLS,44.08,44.08
SALONA,24.27,24.27
PREMEXPLN,120.59,120.59
MAHASTEEL,47.74,59.1
DAMODARIND,44.34,44.34
MGL,15.16,15.16
POKARNA,26.3,26.3
GPTINFRA,35.83,35.83
GROBTEA,40.57,40.57
