SERIES,SYMBOL,SECURITY,RECORD_DT,BC_STRT_DT,BC_END_DT,EX_DT,ND_STRT_DT,ND_END_DT,PURPOSE
BE,ULTRACEMCO,UltraTech Cement Limited, ,31/07/2024,14/08/2024,30/07/2024, , ,AGM/DIV - RS 70 PER SH   
BE,ALKEM,Alkem Laboratories Ltd.,10/08/2024, , ,09/08/2024, , ,DIV - RS 5 PER SH        
BE,KEC,KEC International Limited,09/08/2024, , ,09/08/2024, , ,DIV - RS 4 PER SH        
BE,VAIBHAVGBL,Vaibhav Gems Ltd,10/08/2024, , ,09/08/2024, , ,INTDIV - RS 1.50 PER SH  
BE,BHEL,BHEL depo,09/08/2024, , ,09/08/2024, , ,DIV - RE 0.25 PER SH     
BE,HINDALCO,HINDALCO  INDUSTRIES  LTD,09/08/2024, , ,09/08/2024, , ,AGM/DIV - RS 3.5 PER SH  
BE,KPITTECH,KPIT Technologies Limited,09/08/2024, , ,09/08/2024, , ,DIV - RS 4.60 PER SH     
BE,MRPL,MRPL,09/08/2024, , ,09/08/2024, , ,DIV - RS 2 PER SH        
BE,VBL,Varun Beverages Limited,09/08/2024, , ,09/08/2024, , ,INTDIV - RS 1.25 PER SH  
BE,HINDPETRO,HINDUSTAN PERTOLEUM CORP,09/08/2024, , ,09/08/2024, , ,DIV - RS 11 PER SH       
BE,RAMCOCEM,Ramco Cements Ltd.,09/08/2024, , ,09/08/2024, , ,AGM/DIV-RS 2.50 PER SH   
BE,PALASHSECU,Palash Securities  Ltd, ,03/08/2024,09/08/2024,02/08/2024, , ,ANNUAL GENERAL MEETING   
BE,BIGBLOC,Bigbloc Construction Ltd, ,23/08/2024,29/08/2024,22/08/2024, , ,ANNUAL GENERAL MEETING   
BE,MARALOVER,Maral Overseas Ltd, ,21/08/2024,27/08/2024,20/08/2024, , ,ANNUAL GENERAL MEETING   
BE,WONDERLA,Wonderla Holidays Ltd.,09/08/2024, , ,09/08/2024, , ,DIV - RS 2.50 PER SH     
BE,WONDERLA,Wonderla Holidays Ltd., ,16/08/2024,21/08/2024,14/08/2024, , ,ANNUAL GENERAL MEETING   
BE,NETWEB,Netweb Tech India Ltd,09/08/2024, , ,09/08/2024, , ,DIV - RS 2 PER SH        
BE,EQUITASBNK,Equitas Small Fin Bnk Ltd,09/08/2024, , ,09/08/2024, , ,DIV - RS 1 PER SH        
BE,CEATLTD,CEAT Limited,09/08/2024, , ,09/08/2024, , ,AGM/DIV - RS 30 PER SH   
BE,RECLTD,Rural Electrification Cor,09/08/2024, , ,09/08/2024, , ,INTDIV - RS 3.50 PER SH  
BE,MUNJALSHOW,Munjal Showa Ltd, ,03/08/2024,21/08/2024,02/08/2024, , ,AGM/DIV-RS 4.50 PER SH   
BE,ICICIBANK,ICICI Bank Ltd.,12/08/2024, , ,12/08/2024, , ,DIV - RS 10 PER SH       
BE,SPORTKING,Sportking India Limited, ,11/08/2024,17/08/2024,09/08/2024, , ,AGM/DIV - RS 5 PER SH    
BE,KOLTEPATIL,Kolte - Patil Developers, ,11/08/2024,17/08/2024,09/08/2024, , ,DIV - RS 4 PER SH        
BE,ENDURANCE,Endurance Techno. Ltd., ,12/08/2024,23/08/2024,09/08/2024, , ,DIV - RS 8.50 PER SH     
BE,SURYALAXMI,Suryalakshmi Cot Mil Ltd, ,12/08/2024,22/08/2024,09/08/2024, , ,ANNUAL GENERAL MEETING   
BE,J&KBANK,Jammu & Kashmir Bank , ,11/08/2024,17/08/2024,09/08/2024, , ,AGM/DIV-RS 2.15 PER SH   
BE,GRPLTD,GRP Limited,12/08/2024, , ,12/08/2024, , ,BONUS 3:1                
BE,KALYANKJIL,Kalyan Jewellers Ind Ltd, ,11/08/2024,17/08/2024,09/08/2024, , ,AGM/DIV - RS 1.20 PER SH 
BE,NHPC,NHPC Ltd, ,13/08/2024,28/08/2024,12/08/2024, , ,ANNUAL GENERAL MEETING   
BE,STYRENIX,INEOS Styrolution Ind Ltd,12/08/2024, , ,12/08/2024, , ,DIV - RS 28 PER SH       
BE,MELSTAR,Melstar Info Tec Ltd,16/08/2024, , ,16/08/2024, , ,CAPITAL REDUCTION        
BE,VINYLINDIA,Vinyl Chemicals (India) L, ,25/07/2024,08/08/2024,24/07/2024, , ,AGM/DIV-RS 6.75 PER SH   
BE,CAMS,Computer Age Mngt Ser Ltd,12/08/2024, , ,12/08/2024, , ,INTDIV - RS 11 PER SH    
BE,GROBTEA,The Grob Tea Company Ltd, ,13/08/2024,19/08/2024,12/08/2024, , ,AGM/DIV - RS 2 PER SH    
BE,ROSSELLIND,Rossell India Limited, ,13/08/2024,20/08/2024,12/08/2024, , ,AGM/DIV-RE 0.30 PER SH   
BE,UPL,UPL Limited, ,13/08/2024,27/08/2024,12/08/2024, , ,DIV - RE 1 PER SH        
BE,BOMDYEING,BOMBAY DYEING & MFG. CO L, ,08/08/2024,14/08/2024,07/08/2024, , ,AGM/DIV-RS 1.20 PER SH   
BE,MINDACORP,Minda Corporation Ltd, ,08/08/2024,14/08/2024,07/08/2024, , ,DIV - RE 0.90 PER SH     
BE,ELGIRUBCO,Elgi Rubber Co. Ltd, ,08/08/2024,14/08/2024,07/08/2024, , ,ANNUAL GENERAL MEETING   
BE,QUINTEGRA,Quintegra Solutions Ltd, ,08/08/2024,14/08/2024,07/08/2024, , ,ANNUAL GENERAL MEETING   
BE,TFCILTD,Tourism Finance Corp , ,08/08/2024,14/08/2024,07/08/2024, , ,AGM/DIV-RS 2.50 PER SH   
BE,IRIS,Iris Business Serv Ltd, ,08/08/2024,14/08/2024,07/08/2024, , ,ANNUAL GENERAL MEETING   
BE,UDAICEMENT,Udaipur Cement Works Ltd, ,09/08/2024,16/08/2024,08/08/2024, , ,ANNUAL GENERAL MEETING   
BE,TAKE,Take Solutions Limited, ,08/08/2024,14/08/2024,07/08/2024, , ,ANNUAL GENERAL MEETING   
BE,NETWEB,Netweb Tech India Ltd, ,10/08/2024,17/08/2024,09/08/2024, , ,ANNUAL GENERAL MEETING   
BE,TCIEXP,TCI Express Limited, ,07/08/2024,13/08/2024,06/08/2024, , ,AGM/DIV - RS 2 PER SH    
BE,TTKPRESTIG,TTK Prestige Ltd.,14/08/2024, , ,14/08/2024, , ,BUY BACK                 
BE,DHANUKA,Dhanuka Agritech Ltd,16/08/2024, , ,16/08/2024, , ,BUY BACK                 
BE,SOTL,Savita Oil Technologies L,16/08/2024, , ,16/08/2024, , ,BUY BACK                 
BE,CERA,Cera Sanitaryware Limited,16/08/2024, , ,16/08/2024, , ,BUY BACK                 
BE,SAKUMA,Sakuma Exports Limited,10/08/2024, , ,09/08/2024, , ,BONUS 4:1                
BE,CUB,City Union Bank Ltd.,09/08/2024, , ,09/08/2024, , ,DIV - RS 1.50 PER SH     
BE,TEGA,Tega Industries Limited,10/08/2024, , ,09/08/2024, , ,DIV - RS 2 PER SH        
BE,EXCEL,Excel Realty N Infra Ltd, ,03/08/2024,09/08/2024,02/08/2024, , ,ANNUAL GENERAL MEETING   
BE,BAYERCROP,Bayer Cropscience Ltd, ,02/08/2024,09/08/2024,01/08/2024, , ,AGM/DIV - RS 35 PER SH   
BE,UGROCAP,Ugro Capital Limited, ,02/08/2024,08/08/2024,01/08/2024, , ,ANNUAL GENERAL MEETING   
BE,HBSL,HB Stockholdings Limited, ,03/08/2024,09/08/2024,02/08/2024, , ,ANNUAL GENERAL MEETING   
BE,MAPMYINDIA,C.E. Info Systems Limited, ,03/08/2024,09/08/2024,02/08/2024, , ,ANNUAL GENERAL MEETING   
BE,MRO-TEK,MRO-TEK Realty Ltd, ,03/08/2024,09/08/2024,02/08/2024, , ,ANNUAL GENERAL MEETING   
BE,BGRENERGY,BGR Energy Systems Ltd, ,03/08/2024,09/08/2024,02/08/2024, , ,ANNUAL GENERAL MEETING   
BE,AMBER,Amber Enterprises (I) Ltd, ,03/08/2024,09/08/2024,02/08/2024, , ,ANNUAL GENERAL MEETING   
BE,CHOLAHLDNG,Cholamandalam Fin Hol Ltd, ,03/08/2024,09/08/2024,02/08/2024, , ,AGM/DIV-RE 0.55 PER SH   
BE,AVTNPL,AVT Natural Products Limi, ,03/08/2024,09/08/2024,02/08/2024, , ,AGM/DIV-RE 0.50 PER SH   
BE,NORBTEAEXP,Norben Tea & Exp Ltd., ,03/08/2024,09/08/2024,02/08/2024, , ,ANNUAL GENERAL MEETING   
BE,ADSL,Allied Digital Services L, ,03/08/2024,08/08/2024,02/08/2024, , ,ANNUAL GENERAL MEETING   
BE,SAHYADRI,Sahyadri Industries Ltd, ,03/08/2024,09/08/2024,02/08/2024, , ,AGM/DIV - RE 1 PER SH    
BE,JAYSREETEA,JAYSREETEA - Depo, ,03/08/2024,09/08/2024,02/08/2024, , ,ANNUAL GENERAL MEETING   
BE,REPRO,Repro India Limited, ,03/08/2024,09/08/2024,02/08/2024, , ,ANNUAL GENERAL MEETING   
BE,SOMANYCERA,Somany Ceramics Limited, ,06/08/2024,12/08/2024,05/08/2024, , ,ANNUAL GENERAL MEETING   
BE,SARLAPOLY,Sarla Performance Fibers, ,02/08/2024,08/08/2024,01/08/2024, , ,ANNUAL GENERAL MEETING   
BE,GRASIM,GRASIM INDUSTRIES LTD, ,07/08/2024,20/08/2024,06/08/2024, , ,AGM/DIV - RS 10 PER SH   
BE,IPCALAB,Ipca Laboratories Ltd., ,07/08/2024,13/08/2024,06/08/2024, , ,AGM/DIV - RS 2 PER SH    
BE,CCCL,Consolidated Construction, ,11/08/2024,16/08/2024,09/08/2024, , ,ANNUAL GENERAL MEETING   
BE,AARTECH,Aartech Solonics Limited,09/08/2024, , ,09/08/2024, , ,FVSPLT FRM RS 10 TO RS 5 
BE,GABRIEL,Gabriel India Ltd, ,08/08/2024,14/08/2024,07/08/2024, , ,ANNUAL GENERAL MEETING   
BE,RITES,RITES Limited,08/08/2024, , ,08/08/2024, , ,INTDIV - RS 2.50 PER SH  
BE,ASKAUTOLTD,ASK Automotive Limited,09/08/2024, , ,09/08/2024, , ,DIV - RE 1 PER SH        
BE,UGARSUGAR,The Ugar Sugar Works Ltd, ,27/07/2024,13/08/2024,26/07/2024, , ,ANNUAL GENERAL MEETING   
BE,EMKAY,Emkay Global Fin Serv Ltd, ,02/08/2024,08/08/2024,01/08/2024, , ,AGM/DIV-RS 1.50 PER SH   
BE,IVP,IVP Ltd., ,02/08/2024,08/08/2024,01/08/2024, , ,AGM/DIV - RE 1 PER SH    
BE,KARURVYSYA,Karur Vysya Bank Ltd, ,02/08/2024,14/08/2024,01/08/2024, , ,DIV - RS 2.40 PER SH     
BE,APCL,Anjani Portland Cem Ltd, ,03/08/2024,09/08/2024,02/08/2024, , ,ANNUAL GENERAL MEETING   
BE,FILATFASH,Filatex Fashions Limited,09/08/2024, , ,09/08/2024, , ,FV SPLT FRM RS 5 TO RE 1 
BE,MARUTI,Maruti Suzuki India Ltd, ,03/08/2024,27/08/2024,02/08/2024, , ,DIV - RS 125 PER SH      
BE,KAPSTON,Kapston Facilities Mgmt L,09/08/2024, , ,09/08/2024, , ,FVSPLT FRM RS 10 TO RS 5 
BE,KIRLOSENG,Kirloskar Oil Eng Ltd, ,02/08/2024,08/08/2024,01/08/2024, , ,AGM/DIV - RS 3.50 PER SH 
BE,JTEKTINDIA,JTEKT India Ltd, ,27/07/2024,13/08/2024,26/07/2024, , ,DIV - RS 0.60 PER SH     
BE,RUSHIL,Rushil Decor Limited,09/08/2024, , ,09/08/2024, , ,FVSPLT FRM RS 10 TO RE 1 
BE,IGARASHI,Igarashi Motors India Lim, ,01/08/2024,09/08/2024,31/07/2024, , ,ANNUAL GENERAL MEETING   
BE,OSWALGREEN,OSWAL CHEM. & FERT. LTD., ,02/08/2024,08/08/2024,01/08/2024, , ,ANNUAL GENERAL MEETING   
BE,OSWALAGRO,Oswal Agro Mills Ltd, ,02/08/2024,08/08/2024,01/08/2024, , ,ANNUAL GENERAL MEETING   
BE,LYKALABS,Lyka Labs Ltd, ,02/08/2024,09/08/2024,01/08/2024, , ,ANNUAL GENERAL MEETING   
BE,BAJAJCON,Bajaj Corp Limited, ,02/08/2024,09/08/2024,01/08/2024, , ,ANNUAL GENERAL MEETING   
BE,BANKA,Banka BioLoo Limited, ,02/08/2024,08/08/2024,01/08/2024, , ,ANNUAL GENERAL MEETING   
BE,NAVA,Nava Bharat Ventures Ltd., ,02/08/2024,08/08/2024,01/08/2024, , ,ANNUAL GENERAL MEETING   
BE,HEROMOTOCO,Hero MotoCorp Limited, ,02/08/2024,12/08/2024,01/08/2024, , ,AGM/DIV - RS 40 PER SH   
BE,NOCIL,NOCIL Limited, ,27/07/2024,08/08/2024,26/07/2024, , ,AGM/DIV - RS 3 PER SH    
BE,STEELCAS,Steelcast Limited, ,01/08/2024,08/08/2024,31/07/2024, , ,AGM/DIV-RS 3.15 PER SH   
BE,BHAGCHEM,Bhagiradha Chem & Inds L, ,03/08/2024,09/08/2024,02/08/2024, , ,AGM/DIV-RE 0.10 PER SH   
BE,ALBERTDAVD,Albert David Limited, ,03/08/2024,09/08/2024,02/08/2024, , ,ANNUAL GENERAL MEETING   
BE,CENTEXT,Century Extrusions Ltd, ,03/08/2024,09/08/2024,02/08/2024, , ,ANNUAL GENERAL MEETING   
BE,JISLDVREQS,Jain DVR Equity Shares, ,05/08/2024,16/08/2024,02/08/2024, , ,ANNUAL GENERAL MEETING   
BE,ARVINDFASN,Arvind Fashions Limited,09/08/2024, , ,09/08/2024, , ,DIV - 1.25 RS PER SH     
BE,GREAVESCOT,Greaves Limited, ,02/08/2024,08/08/2024,01/08/2024, , ,DIV - RS 2 PER SH        
BE,INDIGOPNTS,Indigo Paints Limited, ,03/08/2024,10/08/2024,02/08/2024, , ,ANNUAL GENERAL MEETING   
BE,MPSLTD,MPS Limited, ,02/08/2024,08/08/2024,01/08/2024, , ,AGM/DIV - RS 45 PER SH   
BE,ESABINDIA,Esabindia-depo, ,02/08/2024,08/08/2024,01/08/2024, , ,AGM/DIV - RS 30 PER SH   
BE,SUNDARMFIN,Sundaram Finance Ltd., ,01/08/2024,14/08/2024,31/07/2024, , ,AGM/DIV - RS 16 PER SH   
BE,CREDITACC,CreditAccess Grameen Ltd, ,27/07/2024,12/08/2024,26/07/2024, , ,AGM/DIV - RS 10 PER SH   
BE,MINDTECK,Mindteck (India) Limited, ,03/08/2024,09/08/2024,02/08/2024, , ,AGM/DIV - RE 1 PER SH    
BE,USHAMART,Usha Martin Limited, ,07/08/2024,13/08/2024,06/08/2024, , ,ANNUAL GENERAL MEETING   
BE,NHPC,NHPC Ltd,12/08/2024, , ,12/08/2024, , ,DIV - RE 0.50 PER SH     
BE,INDUSTOWER,Indus Towers Limited,09/08/2024, , ,09/08/2024, , ,BUY BACK                 
BE,ESAFSFB,ESAF Small Finance Bank L, ,08/08/2024,14/08/2024,07/08/2024, , ,ANNUAL GENERAL MEETING   
BE,EIDPARRY,EID PARRY INDIA LTD, ,07/08/2024,14/08/2024,06/08/2024, , ,ANNUAL GENERAL MEETING   
BE,OAL,Oriental Aromatics Limite, ,07/08/2024,21/08/2024,06/08/2024, , ,AGM/DIV - RE 0.50 PER SH 
BE,CELLO,Cello World Limited, ,03/08/2024,10/08/2024,02/08/2024, , ,AGM/DIV-RS 1.50 PER SH   
BE,SUPERSPIN,SuperSpgMills-Roll Sett, ,04/08/2024,10/08/2024,02/08/2024, , ,ANNUAL GENERAL MEETING   
BE,UEL,Ujaas Energy Limited, ,10/08/2024,16/08/2024,09/08/2024, , ,ANNUAL GENERAL MEETING   
BE,WORTH,Worth Peripherals Limited, ,10/08/2024,16/08/2024,09/08/2024, , ,AGM/DIV - RE 1 PER SH    
BE,AARTECH,Aartech Solonics Limited,09/08/2024, , ,09/08/2024, , ,BONUS 1:2                
BE,KTKBANK,Karnataka Bank Limited, ,04/09/2024,10/09/2024,03/09/2024, , ,DIV - RS 5.50 PER SH     
BE,JISLJALEQS,Equity shares of Rs.10/-, ,05/08/2024,16/08/2024,02/08/2024, , ,ANNUAL GENERAL MEETING   
BE,21STCENMGM,21st Century Mgmt-Depo, ,02/08/2024,08/08/2024,01/08/2024, , ,ANNUAL GENERAL MEETING   
BE,BRITANNIA,BRITANNIA INDUSTRIES LTD, ,06/08/2024,12/08/2024,05/08/2024, , ,AGM/DIV-RS 73.5 PER SH   
BE,GODREJIND,Godrej Industries Ltd., ,06/08/2024,13/08/2024,05/08/2024, , ,ANNUAL GENERAL MEETING   
BE,SUVENPHAR,Suven Pharmaceuticals Ltd, ,07/08/2024,09/08/2024,06/08/2024, , ,ANNUAL GENERAL MEETING   
BE,TAINWALCHM,Tainwala Chem & Plastics , ,07/08/2024,13/08/2024,06/08/2024, , ,ANNUAL GENERAL MEETING   
BE,RAMCOIND,Ramco Industries Ltd,09/08/2024, , ,09/08/2024, , ,DIV - RE 0.75 PER SH     
BE,NATHBIOGEN,Nath Bio-Genes (I) Ltd,09/08/2024, , ,09/08/2024, , ,DIV - RS 2 PER SH        
BE,NATHBIOGEN,Nath Bio-Genes (I) Ltd, ,13/08/2024,17/08/2024,12/08/2024, , ,ANNUAL GENERAL MEETING   
BE,TAJGVK,Taj GVK Hotels & Resorts, ,12/08/2024,17/08/2024,09/08/2024, , ,AGM/DIV - RS 1.50 PER SH 
BE,JKLAKSHMI,JK Lakshmi Cement Limited, ,10/08/2024,23/08/2024,09/08/2024, , ,AGM/DIV - RS 4.5 PER SH  
BE,VSTIND,VST Industries Ltd.,30/08/2024, , ,30/08/2024, , ,BONUS 10:1               
BE,HERCULES,Hercules Hoists Limited, ,06/08/2024,12/08/2024,05/08/2024, , ,AGM/DIV - RS 4 PER SH    
BE,LINDEINDIA,BOC India Limited, ,06/08/2024,12/08/2024,05/08/2024, , ,AGM/DIV/SPDV - RS 4 & 8  
BE,BERGEPAINT,Berger Paints (I) Ltd, ,06/08/2024,12/08/2024,05/08/2024, , ,AGM/DIV-RS 3.50 PER SH   
BE,RAMAPHO,Rama Phosphates Limited, ,06/08/2024,13/08/2024,05/08/2024, , ,ANNUAL GENERAL MEETING   
BE,BBTC,Bombay Burmah Trading , ,10/08/2024,16/08/2024,09/08/2024, , ,AGM/DIV-RS 1.20 PER SH   
BE,SUKHJITS,Sukhjit Starch & Chem Ltd, ,10/08/2024,15/08/2024,09/08/2024, , ,ANNUAL GENERAL MEETING   
BE,BPCL,BHARAT PETROLEUM CORP  LT,09/08/2024, , ,09/08/2024, , ,DIV - RS 10.5 PER SH     
BE,DJML,DJ Mediaprint & Log Ltd,09/08/2024, , ,09/08/2024, , ,BONUS 2:1                
BE,NBIFIN,N.B.I. Ind. Fin. Co. Ltd,09/08/2024, , ,09/08/2024, , ,DIV - RE 0.50 PER SH     
BE,WSTCSTPAPR,West Coast Paper Mills, ,07/08/2024,14/08/2024,06/08/2024, , ,AGM/DIV - RS 8 PER SH    
BE,WABAG,VA Tech Wabag Ltd, ,07/08/2024,14/08/2024,06/08/2024, , ,ANNUAL GENERAL MEETING   
BZ,CCCL,Consolidated Construction, ,11/08/2024,16/08/2024,09/08/2024, , ,ANNUAL GENERAL MEETING   
BZ,MELSTAR,Melstar Info Tec Ltd,16/08/2024, , ,16/08/2024, , ,CAPITAL REDUCTION        
EQ,APCL,Anjani Portland Cem Ltd, ,03/08/2024,09/08/2024,02/08/2024, , ,ANNUAL GENERAL MEETING   
EQ,FILATFASH,Filatex Fashions Limited,09/08/2024, , ,09/08/2024, , ,FV SPLT FRM RS 5 TO RE 1 
EQ,MARUTI,Maruti Suzuki India Ltd, ,03/08/2024,27/08/2024,02/08/2024, , ,DIV - RS 125 PER SH      
EQ,KAPSTON,Kapston Facilities Mgmt L,09/08/2024, , ,09/08/2024, , ,FVSPLT FRM RS 10 TO RS 5 
EQ,KIRLOSENG,Kirloskar Oil Eng Ltd, ,02/08/2024,08/08/2024,01/08/2024, , ,AGM/DIV - RS 3.50 PER SH 
EQ,JTEKTINDIA,JTEKT India Ltd, ,27/07/2024,13/08/2024,26/07/2024, , ,DIV - RS 0.60 PER SH     
EQ,RUSHIL,Rushil Decor Limited,09/08/2024, , ,09/08/2024, , ,FVSPLT FRM RS 10 TO RE 1 
EQ,IGARASHI,Igarashi Motors India Lim, ,01/08/2024,09/08/2024,31/07/2024, , ,ANNUAL GENERAL MEETING   
EQ,OSWALGREEN,Oswal Chem & Fert Ltd., ,02/08/2024,08/08/2024,01/08/2024, , ,ANNUAL GENERAL MEETING   
EQ,OSWALAGRO,Oswal Agro Mills Ltd, ,02/08/2024,08/08/2024,01/08/2024, , ,ANNUAL GENERAL MEETING   
EQ,LYKALABS,Lyka Labs Ltd, ,02/08/2024,09/08/2024,01/08/2024, , ,ANNUAL GENERAL MEETING   
EQ,BAJAJCON,Bajaj Corp Limited, ,02/08/2024,09/08/2024,01/08/2024, , ,ANNUAL GENERAL MEETING   
EQ,BANKA,Banka BioLoo Limited, ,02/08/2024,08/08/2024,01/08/2024, , ,ANNUAL GENERAL MEETING   
EQ,NAVA,Nava Bharat Ventures Ltd., ,02/08/2024,08/08/2024,01/08/2024, , ,ANNUAL GENERAL MEETING   
EQ,HEROMOTOCO,Hero MotoCorp Limited, ,02/08/2024,12/08/2024,01/08/2024, , ,AGM/DIV - RS 40 PER SH   
EQ,NOCIL,NOCIL Limited, ,27/07/2024,08/08/2024,26/07/2024, , ,AGM/DIV - RS 3 PER SH    
EQ,STEELCAS,Steelcast Limited, ,01/08/2024,08/08/2024,31/07/2024, , ,AGM/DIV-RS 3.15 PER SH   
EQ,BHAGCHEM,Bhagiradha Chem & Inds L, ,03/08/2024,09/08/2024,02/08/2024, , ,AGM/DIV-RE 0.10 PER SH   
EQ,ALBERTDAVD,Albert David Limited, ,03/08/2024,09/08/2024,02/08/2024, , ,ANNUAL GENERAL MEETING   
EQ,CENTEXT,Century Extrusions Limite, ,03/08/2024,09/08/2024,02/08/2024, , ,ANNUAL GENERAL MEETING   
EQ,JISLDVREQS,Jain DVR Equity Shares, ,05/08/2024,16/08/2024,02/08/2024, , ,ANNUAL GENERAL MEETING   
EQ,INDUSTOWER,Indus Towers Limited,09/08/2024, , ,09/08/2024, , ,BUY BACK                 
EQ,ARVINDFASN,Arvind Fashions Limited,09/08/2024, , ,09/08/2024, , ,DIV - 1.25 RS PER SH     
EQ,GREAVESCOT,Greaves Limited, ,02/08/2024,08/08/2024,01/08/2024, , ,DIV - RS 2 PER SH        
EQ,INDIGOPNTS,Indigo Paints Limited, ,03/08/2024,10/08/2024,02/08/2024, , ,ANNUAL GENERAL MEETING   
EQ,MPSLTD,MPS Limited, ,02/08/2024,08/08/2024,01/08/2024, , ,AGM/DIV - RS 45 PER SH   
EQ,ESABINDIA,Esab India Ltd., ,02/08/2024,08/08/2024,01/08/2024, , ,AGM/DIV - RS 30 PER SH   
EQ,SUNDARMFIN,Sundaram Finance Ltd., ,01/08/2024,14/08/2024,31/07/2024, , ,AGM/DIV - RS 16 PER SH   
EQ,CREDITACC,CreditAccess Grameen Ltd, ,27/07/2024,12/08/2024,26/07/2024, , ,AGM/DIV - RS 10 PER SH   
EQ,MINDTECK,Mindteck (India) Limited, ,03/08/2024,09/08/2024,02/08/2024, , ,AGM/DIV - RE 1 PER SH    
EQ,USHAMART,Usha Martin Limited, ,07/08/2024,13/08/2024,06/08/2024, , ,ANNUAL GENERAL MEETING   
EQ,NHPC,NHPC Ltd,12/08/2024, , ,12/08/2024, , ,DIV - RE 0.50 PER SH     
EQ,ESAFSFB,ESAF Small Finance Bank L, ,08/08/2024,14/08/2024,07/08/2024, , ,ANNUAL GENERAL MEETING   
EQ,EIDPARRY,EID Parry Ltd., ,07/08/2024,14/08/2024,06/08/2024, , ,ANNUAL GENERAL MEETING   
EQ,OAL,Oriental Aromatics Limite, ,07/08/2024,21/08/2024,06/08/2024, , ,AGM/DIV - RE 0.50 PER SH 
EQ,CELLO,Cello World Limited, ,03/08/2024,10/08/2024,02/08/2024, , ,AGM/DIV-RS 1.50 PER SH   
EQ,SUPERSPIN,Super Spinning Mills Ltd, ,04/08/2024,10/08/2024,02/08/2024, , ,ANNUAL GENERAL MEETING   
EQ,UEL,Ujaas Energy Limited, ,10/08/2024,16/08/2024,09/08/2024, , ,ANNUAL GENERAL MEETING   
EQ,WORTH,Worth Peripherals Limited, ,10/08/2024,16/08/2024,09/08/2024, , ,AGM/DIV - RE 1 PER SH    
EQ,AARTECH,Aartech Solonics Limited,09/08/2024, , ,09/08/2024, , ,BONUS 1:2                
EQ,KTKBANK,Karnataka Bank Limited, ,04/09/2024,10/09/2024,03/09/2024, , ,DIV - RS 5.50 PER SH     
EQ,JISLJALEQS,Jain Irrigation Systems L, ,05/08/2024,16/08/2024,02/08/2024, , ,ANNUAL GENERAL MEETING   
EQ,21STCENMGM,21st Century Mgmt Ser Ltd, ,02/08/2024,08/08/2024,01/08/2024, , ,ANNUAL GENERAL MEETING   
EQ,BRITANNIA,Britannia Ind Ltd., ,06/08/2024,12/08/2024,05/08/2024, , ,AGM/DIV-RS 73.5 PER SH   
EQ,GODREJIND,Godrej Industries Ltd., ,06/08/2024,13/08/2024,05/08/2024, , ,ANNUAL GENERAL MEETING   
EQ,HERCULES,Hercules Hoists Limited, ,06/08/2024,12/08/2024,05/08/2024, , ,AGM/DIV - RS 4 PER SH    
EQ,SUVENPHAR,Suven Pharmaceuticals Ltd, ,07/08/2024,09/08/2024,06/08/2024, , ,ANNUAL GENERAL MEETING   
EQ,TAINWALCHM,Tainwala Chem & Plastics , ,07/08/2024,13/08/2024,06/08/2024, , ,ANNUAL GENERAL MEETING   
EQ,RAMCOIND,Ramco Industries Ltd,09/08/2024, , ,09/08/2024, , ,DIV - RE 0.75 PER SH     
EQ,NATHBIOGEN,Nath Bio-Genes (I) Ltd,09/08/2024, , ,09/08/2024, , ,DIV - RS 2 PER SH        
EQ,NATHBIOGEN,Nath Bio-Genes (I) Ltd, ,13/08/2024,17/08/2024,12/08/2024, , ,ANNUAL GENERAL MEETING   
EQ,TAJGVK,Taj GVK Hotels & Resorts, ,12/08/2024,17/08/2024,09/08/2024, , ,AGM/DIV - RS 1.50 PER SH 
EQ,JKLAKSHMI,JK Lakshmi Cement Limited, ,10/08/2024,23/08/2024,09/08/2024, , ,AGM/DIV - RS 4.5 PER SH  
EQ,VSTIND,VST Industries Ltd.,30/08/2024, , ,30/08/2024, , ,BONUS 10:1               
EQ,LINDEINDIA,BOC India Limited, ,06/08/2024,12/08/2024,05/08/2024, , ,AGM/DIV/SPDV - RS 4 & 8  
EQ,BERGEPAINT,Berger Paints (I) Ltd, ,06/08/2024,12/08/2024,05/08/2024, , ,AGM/DIV-RS 3.50 PER SH   
EQ,RAMAPHO,Rama Phosphates Limited, ,06/08/2024,13/08/2024,05/08/2024, , ,ANNUAL GENERAL MEETING   
EQ,BBTC,Bombay Burmah Trading , ,10/08/2024,16/08/2024,09/08/2024, , ,AGM/DIV-RS 1.20 PER SH   
EQ,SUKHJITS,Sukhjit Starch & Chem Ltd, ,10/08/2024,15/08/2024,09/08/2024, , ,ANNUAL GENERAL MEETING   
EQ,BPCL,Bharat Petroleum Ltd,09/08/2024, , ,09/08/2024, , ,DIV - RS 10.5 PER SH     
EQ,DJML,DJ Mediaprint & Log Ltd,09/08/2024, , ,09/08/2024, , ,BONUS 2:1                
EQ,NBIFIN,N.B.I. Ind. Fin. Co. Ltd,09/08/2024, , ,09/08/2024, , ,DIV - RE 0.50 PER SH     
EQ,KOLTEPATIL,Kolte - Patil Developers, ,11/08/2024,17/08/2024,09/08/2024, , ,DIV - RS 4 PER SH        
EQ,WSTCSTPAPR,West Coast Paper Mills, ,07/08/2024,14/08/2024,06/08/2024, , ,AGM/DIV - RS 8 PER SH    
EQ,WABAG,VA Tech Wabag Ltd, ,07/08/2024,14/08/2024,06/08/2024, , ,ANNUAL GENERAL MEETING   
EQ,MUNJALSHOW,Munjal Showa Ltd, ,03/08/2024,21/08/2024,02/08/2024, , ,AGM/DIV-RS 4.50 PER SH   
EQ,ICICIBANK,ICICI Bank Ltd.,12/08/2024, , ,12/08/2024, , ,DIV - RS 10 PER SH       
EQ,SPORTKING,Sportking India Limited, ,11/08/2024,17/08/2024,09/08/2024, , ,AGM/DIV - RS 5 PER SH    
EQ,CAMS,Computer Age Mngt Ser Ltd,12/08/2024, , ,12/08/2024, , ,INTDIV - RS 11 PER SH    
EQ,ENDURANCE,Endurance Techno. Ltd., ,12/08/2024,23/08/2024,09/08/2024, , ,DIV - RS 8.50 PER SH     
EQ,SURYALAXMI,Suryalakshmi Cotton Mills, ,12/08/2024,22/08/2024,09/08/2024, , ,ANNUAL GENERAL MEETING   
EQ,J&KBANK,Jammu & Kashmir Bank , ,11/08/2024,17/08/2024,09/08/2024, , ,AGM/DIV-RS 2.15 PER SH   
EQ,GRPLTD,GRP Limited,12/08/2024, , ,12/08/2024, , ,BONUS 3:1                
EQ,KALYANKJIL,Kalyan Jewellers Ind Ltd, ,11/08/2024,17/08/2024,09/08/2024, , ,AGM/DIV - RS 1.20 PER SH 
EQ,NHPC,NHPC Ltd, ,13/08/2024,28/08/2024,12/08/2024, , ,ANNUAL GENERAL MEETING   
EQ,STYRENIX,INEOS Styrolution Ind Ltd,12/08/2024, , ,12/08/2024, , ,DIV - RS 28 PER SH       
EQ,MELSTAR,Melstar Info Tec Ltd,16/08/2024, , ,16/08/2024, , ,CAPITAL REDUCTION        
EQ,VINYLINDIA,Vinyl Chemicals (India) L, ,25/07/2024,08/08/2024,24/07/2024, , ,AGM/DIV-RS 6.75 PER SH   
EQ,BOMDYEING,Bombay Dyeing & Mfg Co., ,08/08/2024,14/08/2024,07/08/2024, , ,AGM/DIV-RS 1.20 PER SH   
EQ,GROBTEA,The Grob Tea Company Ltd, ,13/08/2024,19/08/2024,12/08/2024, , ,AGM/DIV - RS 2 PER SH    
EQ,ROSSELLIND,Rossell India Limited, ,13/08/2024,20/08/2024,12/08/2024, , ,AGM/DIV-RE 0.30 PER SH   
EQ,UPL,UPL Limited, ,13/08/2024,27/08/2024,12/08/2024, , ,DIV - RE 1 PER SH        
EQ,MINDACORP,Minda Corporation Ltd, ,08/08/2024,14/08/2024,07/08/2024, , ,DIV - RE 0.90 PER SH     
EQ,ELGIRUBCO,Elgi Rubber Co. Ltd, ,08/08/2024,14/08/2024,07/08/2024, , ,ANNUAL GENERAL MEETING   
EQ,QUINTEGRA,Quintegra Solutions Ltd, ,08/08/2024,14/08/2024,07/08/2024, , ,ANNUAL GENERAL MEETING   
EQ,TFCILTD,Tourism Finance Corp , ,08/08/2024,14/08/2024,07/08/2024, , ,AGM/DIV-RS 2.50 PER SH   
EQ,IRIS,Iris Business Serv Ltd, ,08/08/2024,14/08/2024,07/08/2024, , ,ANNUAL GENERAL MEETING   
EQ,UDAICEMENT,Udaipur Cement Works Ltd, ,09/08/2024,16/08/2024,08/08/2024, , ,ANNUAL GENERAL MEETING   
EQ,TAKE,Take Solutions Limited, ,08/08/2024,14/08/2024,07/08/2024, , ,ANNUAL GENERAL MEETING   
EQ,NETWEB,Netweb Tech India Ltd, ,10/08/2024,17/08/2024,09/08/2024, , ,ANNUAL GENERAL MEETING   
EQ,HBSL,HB Stockholdings Limited, ,03/08/2024,09/08/2024,02/08/2024, , ,ANNUAL GENERAL MEETING   
EQ,TCIEXP,TCI Express Limited, ,07/08/2024,13/08/2024,06/08/2024, , ,AGM/DIV - RS 2 PER SH    
EQ,TTKPRESTIG,TTK Prestige Ltd.,14/08/2024, , ,14/08/2024, , ,BUY BACK                 
EQ,DHANUKA,Dhanuka Agritech Ltd,16/08/2024, , ,16/08/2024, , ,BUY BACK                 
EQ,SOTL,Savita Oil Technologies L,16/08/2024, , ,16/08/2024, , ,BUY BACK                 
EQ,CERA,Cera Sanitaryware Limited,16/08/2024, , ,16/08/2024, , ,BUY BACK                 
EQ,SAKUMA,Sakuma Exports Limited,10/08/2024, , ,09/08/2024, , ,BONUS 4:1                
EQ,CUB,City Union Bank Ltd.,09/08/2024, , ,09/08/2024, , ,DIV - RS 1.50 PER SH     
EQ,TEGA,Tega Industries Limited,10/08/2024, , ,09/08/2024, , ,DIV - RS 2 PER SH        
EQ,ALKEM,Alkem Laboratories Ltd.,10/08/2024, , ,09/08/2024, , ,DIV - RS 5 PER SH        
EQ,EXCEL,Excel Realty N Infra Ltd, ,03/08/2024,09/08/2024,02/08/2024, , ,ANNUAL GENERAL MEETING   
EQ,BAYERCROP,Bayer Cropscience Ltd, ,02/08/2024,09/08/2024,01/08/2024, , ,AGM/DIV - RS 35 PER SH   
EQ,UGROCAP,Ugro Capital Limited, ,02/08/2024,08/08/2024,01/08/2024, , ,ANNUAL GENERAL MEETING   
EQ,SARLAPOLY,Sarla Performance Fibers, ,02/08/2024,08/08/2024,01/08/2024, , ,ANNUAL GENERAL MEETING   
EQ,MAPMYINDIA,C.E. Info Systems Limited, ,03/08/2024,09/08/2024,02/08/2024, , ,ANNUAL GENERAL MEETING   
EQ,MRO-TEK,MRO-TEK Realty Ltd, ,03/08/2024,09/08/2024,02/08/2024, , ,ANNUAL GENERAL MEETING   
EQ,AARTECH,Aartech Solonics Limited,09/08/2024, , ,09/08/2024, , ,FVSPLT FRM RS 10 TO RS 5 
EQ,BGRENERGY,BGR Energy Systems Ltd, ,03/08/2024,09/08/2024,02/08/2024, , ,ANNUAL GENERAL MEETING   
EQ,AMBER,Amber Enterprises (I) Ltd, ,03/08/2024,09/08/2024,02/08/2024, , ,ANNUAL GENERAL MEETING   
EQ,CHOLAHLDNG,Cholamandalam Fin Hol Ltd, ,03/08/2024,09/08/2024,02/08/2024, , ,AGM/DIV-RE 0.55 PER SH   
EQ,AVTNPL,AVT Natural Products Limi, ,03/08/2024,09/08/2024,02/08/2024, , ,AGM/DIV-RE 0.50 PER SH   
EQ,NORBTEAEXP,Norben Tea & Exp Ltd., ,03/08/2024,09/08/2024,02/08/2024, , ,ANNUAL GENERAL MEETING   
EQ,ADSL,Allied Digital Services L, ,03/08/2024,08/08/2024,02/08/2024, , ,ANNUAL GENERAL MEETING   
EQ,SAHYADRI,Sahyadri Industries Ltd, ,03/08/2024,09/08/2024,02/08/2024, , ,AGM/DIV - RE 1 PER SH    
EQ,JAYSREETEA,Jayashree Tea Ltd., ,03/08/2024,09/08/2024,02/08/2024, , ,ANNUAL GENERAL MEETING   
EQ,REPRO,Repro India Limited, ,03/08/2024,09/08/2024,02/08/2024, , ,ANNUAL GENERAL MEETING   
EQ,SOMANYCERA,Somany Ceramics Limited, ,06/08/2024,12/08/2024,05/08/2024, , ,ANNUAL GENERAL MEETING   
EQ,GRASIM,Grasim Ind Ltd., ,07/08/2024,20/08/2024,06/08/2024, , ,AGM/DIV - RS 10 PER SH   
EQ,IPCALAB,Ipca Laboratories Ltd., ,07/08/2024,13/08/2024,06/08/2024, , ,AGM/DIV - RS 2 PER SH    
EQ,CCCL,Consolidated Construction, ,11/08/2024,16/08/2024,09/08/2024, , ,ANNUAL GENERAL MEETING   
EQ,GABRIEL,Gabriel India Ltd, ,08/08/2024,14/08/2024,07/08/2024, , ,ANNUAL GENERAL MEETING   
EQ,RITES,RITES Limited,08/08/2024, , ,08/08/2024, , ,INTDIV - RS 2.50 PER SH  
EQ,ASKAUTOLTD,ASK Automotive Limited,09/08/2024, , ,09/08/2024, , ,DIV - RE 1 PER SH        
EQ,UGARSUGAR,The Ugar Sugar Works Ltd, ,27/07/2024,13/08/2024,26/07/2024, , ,ANNUAL GENERAL MEETING   
EQ,EMKAY,Emkay Global Fin Serv Ltd, ,02/08/2024,08/08/2024,01/08/2024, , ,AGM/DIV-RS 1.50 PER SH   
EQ,IVP,IVP Ltd., ,02/08/2024,08/08/2024,01/08/2024, , ,AGM/DIV - RE 1 PER SH    
EQ,KARURVYSYA,Karur Vysya Bank Ltd, ,02/08/2024,14/08/2024,01/08/2024, , ,DIV - RS 2.40 PER SH     
EQ,ULTRACEMCO,UltraTech Cement Limited, ,31/07/2024,14/08/2024,30/07/2024, , ,AGM/DIV - RS 70 PER SH   
EQ,KEC,KEC International Limited,09/08/2024, , ,09/08/2024, , ,DIV - RS 4 PER SH        
EQ,VAIBHAVGBL,Vaibhav Gems Limited,10/08/2024, , ,09/08/2024, , ,INTDIV - RS 1.50 PER SH  
EQ,BHEL,Bharat Heavy Elect Ltd.,09/08/2024, , ,09/08/2024, , ,DIV - RE 0.25 PER SH     
EQ,HINDALCO,Hindalco Ind Ltd.,09/08/2024, , ,09/08/2024, , ,AGM/DIV - RS 3.5 PER SH  
EQ,KPITTECH,KPIT Technologies Limited,09/08/2024, , ,09/08/2024, , ,DIV - RS 4.60 PER SH     
EQ,MRPL,Mang. Ref & Petochem Ltd.,09/08/2024, , ,09/08/2024, , ,DIV - RS 2 PER SH        
EQ,VBL,Varun Beverages Limited,09/08/2024, , ,09/08/2024, , ,INTDIV - RS 1.25 PER SH  
EQ,HINDPETRO,Hindustan Petroleum Corp,09/08/2024, , ,09/08/2024, , ,DIV - RS 11 PER SH       
EQ,RAMCOCEM,Ramco Cements Ltd.,09/08/2024, , ,09/08/2024, , ,AGM/DIV-RS 2.50 PER SH   
EQ,WONDERLA,Wonderla Holidays Ltd.,09/08/2024, , ,09/08/2024, , ,DIV - RS 2.50 PER SH     
EQ,PALASHSECU,Palash Securities  Ltd, ,03/08/2024,09/08/2024,02/08/2024, , ,ANNUAL GENERAL MEETING   
EQ,BIGBLOC,Bigbloc Construction Ltd, ,23/08/2024,29/08/2024,22/08/2024, , ,ANNUAL GENERAL MEETING   
EQ,MARALOVER,Maral Overseas Ltd, ,21/08/2024,27/08/2024,20/08/2024, , ,ANNUAL GENERAL MEETING   
EQ,WONDERLA,Wonderla Holidays Ltd., ,16/08/2024,21/08/2024,14/08/2024, , ,ANNUAL GENERAL MEETING   
EQ,NETWEB,Netweb Tech India Ltd,09/08/2024, , ,09/08/2024, , ,DIV - RS 2 PER SH        
EQ,EQUITASBNK,Equitas Small Fin Bnk Ltd,09/08/2024, , ,09/08/2024, , ,DIV - RS 1 PER SH        
EQ,CEATLTD,CEAT Limited,09/08/2024, , ,09/08/2024, , ,AGM/DIV - RS 30 PER SH   
EQ,RECLTD,Rural Electrification Cor,09/08/2024, , ,09/08/2024, , ,INTDIV - RS 3.50 PER SH  
GS,GS220824C,GOI STRIPS C 220824,20/08/2024, , , , , ,REDEMPTION               
IV,OSEINTRUST,Oriental InfraTrust,12/08/2024, , ,12/08/2024, , ,DIV/DIST RS 2.6123 PR UT 
IV,IRBIT,IRB INFRASTRUCTURE TRUST,09/08/2024, , ,09/08/2024, , ,DISTRIBUTION - RE 0.65   
IV,CUBEINVIT,Cube Highways Trust,09/08/2024, , ,09/08/2024, , ,DIV/DISTRIB - RS 2       
M3,IBULHSG,Sec Re NCD 9.25% Sr II,12/08/2024, , ,12/08/2024, , ,INTEREST PAYMENT         
MD,IBULHSG,Sec Re NCD 9.25% Sr VIII,12/08/2024, , ,12/08/2024, , ,INTEREST PAYMENT         
MG,IBULHSG,Sec Re NCD 9.71% Sr VIII,12/08/2024, , ,12/08/2024, , ,INTEREST PAYMENT         
MM,IBULHSG,Sec Re NCD 10.25% Sr XII,12/08/2024, , ,12/08/2024, , ,INTEREST PAYMENT         
MQ,IBULHSG,Sec Re NCD 9.25% Sr II,12/08/2024, , ,12/08/2024, , ,INTEREST PAYMENT         
MU,IBULHSG,Sec Re NCD 9.02% Sr V,12/08/2024, , ,12/08/2024, , ,INTEREST PAYMENT         
MV,IBULHSG,Sec Re NCD 9.48% Sr V,12/08/2024, , ,12/08/2024, , ,INTEREST PAYMENT         
MZ,IBULHSG,Sec Re NCD 9.25% Sr VIII,12/08/2024, , ,12/08/2024, , ,INTEREST PAYMENT         
N3,IBULHSG,Sec Re NCD 9.80% Sr XII,12/08/2024, , ,12/08/2024, , ,INTEREST PAYMENT         
N4,IBULHSG,Sec Re NCD 10.25% Sr XII,12/08/2024, , ,12/08/2024, , ,INTEREST PAYMENT         
N5,IBULHSG,Sec Re NCD 9.25% Sr II,12/08/2024, , ,12/08/2024, , ,INTEREST PAYMENT         
N6,IIFL,IIFL Finance Limited,22/08/2024, , ,22/08/2024, , ,INTEREST PAYMENT         
N7,UGROCAP,Sec Red NCD 10.50% Sr.III,11/08/2024, , ,09/08/2024, , ,INTEREST PAYMENT         
N8,UGROCAP,Sec Re NCD 10.25% Sr I,12/08/2024, , ,12/08/2024, , ,INTEREST PAYMENT         
N8,IBULHSG,Sec Re NCD 9.02% Sr V,12/08/2024, , ,12/08/2024, , ,INTEREST PAYMENT         
N9,IBULHSG,Sec Re NCD 9.48% Sr V,12/08/2024, , ,12/08/2024, , ,INTEREST PAYMENT         
NA,IBUCCREDIT,SeReNCD8.75%SrVICI&II,12/08/2024, , ,12/08/2024, , ,INTEREST PAYMENT         
NB,IBUCCREDIT,SeReNCD8.84%SrVICIII&IV,12/08/2024, , ,12/08/2024, , ,INTEREST PAYMENT         
NC,IBULHSG,Sec Re NCD 9.57% Sr X,12/08/2024, , ,12/08/2024, , ,INTEREST PAYMENT         
ND,IBULHSG,Sec Re NCD 10.03% Sr X,12/08/2024, , ,12/08/2024, , ,INTEREST PAYMENT         
ND,ABFL,ABFL FBIL Link2027 Sr K3,09/08/2024, , ,09/08/2024, , ,INTEREST PAYMENT         
NR,IBUCCREDIT,Sec Re NCD 9.57% Sr.II,12/08/2024, , ,12/08/2024, , ,INTEREST PAYMENT         
NU,IBUCCREDIT,Sec Re NCD 9.80% Sr.V,12/08/2024, , ,12/08/2024, , ,INTEREST PAYMENT         
NX,DHANILOANS,Sec Re NCD 10.49% Sr.VII,12/08/2024, , ,12/08/2024, , ,INTEREST PAYMENT         
NY,IBUCCREDIT,Sec Re NCD 9.57% Sr.VIII,12/08/2024, , ,12/08/2024, , ,INTEREST PAYMENT         
NZ,IBUCCREDIT,Sec Re NCD 10.03% Sr.VIII,12/08/2024, , ,12/08/2024, , ,INTEREST PAYMENT         
SG,541AP24,SDL AP 5.41% 2024,08/08/2024, , , , , ,REDEMPTION               
SG,540CG24,SDL CG 5.40% 2024,08/08/2024, , , , , ,REDEMPTION               
SG,539RJ24,SDL RJ 5.39% 2024,08/08/2024, , , , , ,REDEMPTION               
SM,FROG,Frog Cellsat Limited, ,06/08/2024,12/08/2024,05/08/2024, , ,ANNUAL GENERAL MEETING   
SM,KRISHNADEF,Krishna Def and Ald Ind L, ,05/08/2024,13/08/2024,02/08/2024, , ,ANNUAL GENERAL MEETING   
SM,HRHNEXT,HRH Next Services Limited, ,03/08/2024,09/08/2024,02/08/2024, , ,ANNUAL GENERAL MEETING   
SM,CELLECOR,Cellecor Gadgets Limited,09/08/2024, , ,09/08/2024, , ,FVSPLT FRM RS 10 TO RE 1 
SM,SKP,SKP Bearing Industri. Ltd, ,08/08/2024,14/08/2024,07/08/2024, , ,ANNUAL GENERAL MEETING   
SM,VERA,Vera Synthetic Limited, ,13/08/2024,20/08/2024,12/08/2024, , ,ANNUAL GENERAL MEETING   
SM,WALPAR,Walpar Nutritions Limited,14/08/2024, , ,14/08/2024, , ,BONUS 1:1                
SQ,WALPAR,Walpar Nutritions Limited,14/08/2024, , ,14/08/2024, , ,BONUS 1:1                
SQ,KRISHNADEF,Krishna Def and Ald Ind L, ,05/08/2024,13/08/2024,02/08/2024, , ,ANNUAL GENERAL MEETING   
SQ,CELLECOR,Cellecor Gadgets Limited,09/08/2024, , ,09/08/2024, , ,FVSPLT FRM RS 10 TO RE 1 
SQ,FROG,Frog Cellsat Limited, ,06/08/2024,12/08/2024,05/08/2024, , ,ANNUAL GENERAL MEETING   
SQ,HRHNEXT,HRH Next Services Limited, ,03/08/2024,09/08/2024,02/08/2024, , ,ANNUAL GENERAL MEETING   
SQ,SKP,SKP Bearing Industri. Ltd, ,08/08/2024,14/08/2024,07/08/2024, , ,ANNUAL GENERAL MEETING   
SQ,VERA,Vera Synthetic Limited, ,13/08/2024,20/08/2024,12/08/2024, , ,ANNUAL GENERAL MEETING   
ST,CELLECOR,Cellecor Gadgets Limited,09/08/2024, , ,09/08/2024, , ,FVSPLT FRM RS 10 TO RE 1 
ST,KRISHNADEF,Krishna Def and Ald Ind L, ,05/08/2024,13/08/2024,02/08/2024, , ,ANNUAL GENERAL MEETING   
ST,HRHNEXT,HRH Next Services Limited, ,03/08/2024,09/08/2024,02/08/2024, , ,ANNUAL GENERAL MEETING   
ST,SKP,SKP Bearing Industri. Ltd, ,08/08/2024,14/08/2024,07/08/2024, , ,ANNUAL GENERAL MEETING   
ST,FROG,Frog Cellsat Limited, ,06/08/2024,12/08/2024,05/08/2024, , ,ANNUAL GENERAL MEETING   
ST,WALPAR,Walpar Nutritions Limited,14/08/2024, , ,14/08/2024, , ,BONUS 1:1                
ST,VERA,Vera Synthetic Limited, ,13/08/2024,20/08/2024,12/08/2024, , ,ANNUAL GENERAL MEETING   
U3,IBULHSG,Sec Re NCD 9.80% Sr XII,12/08/2024, , ,12/08/2024, , ,INTEREST PAYMENT         
U5,IBULHSG,Sec Re NCD 9.25% Sr II,12/08/2024, , ,12/08/2024, , ,INTEREST PAYMENT         
U6,IIFL,IIFL Finance Limited,22/08/2024, , ,22/08/2024, , ,INTEREST PAYMENT         
U7,UGROCAP,Sec Red NCD 10.50% Sr.III,11/08/2024, , ,09/08/2024, , ,INTEREST PAYMENT         
U8,UGROCAP,Sec Re NCD 10.25% Sr I,12/08/2024, , ,12/08/2024, , ,INTEREST PAYMENT         
U8,IBULHSG,Sec Re NCD 9.02% Sr V,12/08/2024, , ,12/08/2024, , ,INTEREST PAYMENT         
U9,IBULHSG,Sec Re NCD 9.48% Sr V,12/08/2024, , ,12/08/2024, , ,INTEREST PAYMENT         
UA,IBUCCREDIT,SeReNCD8.75%SrVICI&II,12/08/2024, , ,12/08/2024, , ,INTEREST PAYMENT         
UB,IBUCCREDIT,SeReNCD8.84%SrVICIII&IV,12/08/2024, , ,12/08/2024, , ,INTEREST PAYMENT         
UC,IBULHSG,Sec Re NCD 9.57% Sr X,12/08/2024, , ,12/08/2024, , ,INTEREST PAYMENT         
UD,ABFL,ABFL FBIL Link2027 Sr K3,09/08/2024, , ,09/08/2024, , ,INTEREST PAYMENT         
UD,IBULHSG,Sec Re NCD 10.03% Sr X,12/08/2024, , ,12/08/2024, , ,INTEREST PAYMENT         
UR,IBUCCREDIT,Sec Re NCD 9.57% Sr.II,12/08/2024, , ,12/08/2024, , ,INTEREST PAYMENT         
UU,IBUCCREDIT,Sec Re NCD 9.80% Sr.V,12/08/2024, , ,12/08/2024, , ,INTEREST PAYMENT         
UX,DHANILOANS,Sec Re NCD 10.49% Sr.VII,12/08/2024, , ,12/08/2024, , ,INTEREST PAYMENT         
UY,IBUCCREDIT,Sec Re NCD 9.57% Sr.VIII,12/08/2024, , ,12/08/2024, , ,INTEREST PAYMENT         
UZ,IBUCCREDIT,Sec Re NCD 10.03% Sr.VIII,12/08/2024, , ,12/08/2024, , ,INTEREST PAYMENT         
Y3,IBULHSG,Sec Re NCD 9.25% Sr II,12/08/2024, , ,12/08/2024, , ,INTEREST PAYMENT         
YD,IBULHSG,Sec Re NCD 9.25% Sr VIII,12/08/2024, , ,12/08/2024, , ,INTEREST PAYMENT         
YG,IBULHSG,Sec Re NCD 9.71% Sr VIII,12/08/2024, , ,12/08/2024, , ,INTEREST PAYMENT         
YM,IBULHSG,Sec Re NCD 10.25% Sr XII,12/08/2024, , ,12/08/2024, , ,INTEREST PAYMENT         
YQ,IBULHSG,Sec Re NCD 9.25% Sr II,12/08/2024, , ,12/08/2024, , ,INTEREST PAYMENT         
YU,IBULHSG,Sec Re NCD 9.02% Sr V,12/08/2024, , ,12/08/2024, , ,INTEREST PAYMENT         
YV,IBULHSG,Sec Re NCD 9.48% Sr V,12/08/2024, , ,12/08/2024, , ,INTEREST PAYMENT         
YZ,IBULHSG,Sec Re NCD 9.25% Sr VIII,12/08/2024, , ,12/08/2024, , ,INTEREST PAYMENT         

