GAIN_LOSS,SECURITY,CLOSE_PRIC,PREV_CL_PR,PERCENT_CG
 ,Nifty 50 Sec., , , 
 , , , , 
G,HDFC LIFE INS CO LTD,       710.35,       696.25,2.03
G,TATA MOTORS LIMITED,      1041.75,      1025.30,1.6
G,SBI LIFE INSURANCE CO LTD,      1706.30,      1685.70,1.22
G,HDFC BANK LTD,      1642.70,      1623.50,1.18
G,CIPLA LTD,      1569.95,      1553.55,1.06
G,BHARTI AIRTEL LIMITED,      1451.80,      1441.75,.7
G,ITC LTD,       494.75,       492.65,.43
G,DR. REDDY S LABORATORIES,      6938.30,      6926.35,.17
G,INDUSIND BANK LIMITED,      1347.30,      1345.15,.16
G,SUN PHARMACEUTICAL IND L,      1737.05,      1734.45,.15
G,AXIS BANK LIMITED,      1138.15,      1136.80,.12
G,MAHINDRA & MAHINDRA LTD,      2682.95,      2680.85,.08
 , , , , 
L,LTIMINDTREE LIMITED,      5338.30,      5567.50,-4.12
L,GRASIM INDUSTRIES LTD,      2544.65,      2637.05,-3.5
L,ASIAN PAINTS LIMITED,      3005.40,      3101.45,-3.1
L,INFOSYS LIMITED,      1743.15,      1791.65,-2.71
L,POWER GRID CORP. LTD.,       342.65,       352.05,-2.67
L,APOLLO HOSPITALS ENTER. L,      6541.90,      6720.35,-2.66
L,ULTRATECH CEMENT LIMITED,     11258.00,     11543.20,-2.47
L,LARSEN & TOUBRO LTD.,      3553.55,      3638.25,-2.33
L,TATA STEEL LIMITED,       150.28,       153.86,-2.33
L,HCL TECHNOLOGIES LTD,      1557.85,      1594.60,-2.3
L,DIVI S LABORATORIES LTD,      4834.50,      4946.50,-2.26
L,JSW STEEL LIMITED,       887.55,       906.45,-2.09
L,NTPC LTD,       407.70,       416.30,-2.07
L,WIPRO LTD,       487.30,       497.40,-2.03
L,BAJAJ FINSERV LTD.,      1540.05,      1571.40,-2
L,OIL AND NATURAL GAS CORP.,       322.70,       329.10,-1.94
L,SHRIRAM FINANCE LIMITED,      2872.20,      2925.05,-1.81
L,TATA CONSUMER PRODUCT LTD,      1178.30,      1199.60,-1.78
L,ADANI PORT & SEZ LTD,      1519.00,      1543.80,-1.61
L,BRITANNIA INDUSTRIES LTD,      5744.65,      5836.80,-1.58
L,HERO MOTOCORP LIMITED,      5158.90,      5241.15,-1.57
L,BHARAT PETROLEUM CORP  LT,       338.30,       343.65,-1.56
L,HINDALCO  INDUSTRIES  LTD,       614.05,       623.70,-1.55
L,COAL INDIA LTD,       523.45,       531.50,-1.51
L,NESTLE INDIA LIMITED,      2489.10,      2522.80,-1.34
L,MARUTI SUZUKI INDIA LTD.,     12218.85,     12371.50,-1.23
L,RELIANCE INDUSTRIES LTD,      2898.25,      2929.65,-1.07
L,TITAN COMPANY LIMITED,      3296.50,      3326.25,-0.89
L,BAJAJ FINANCE LIMITED,      6582.20,      6637.15,-0.83
L,BAJAJ AUTO LIMITED,      9641.30,      9708.20,-0.69
 , , , , 
 ,Nifty Next 50 Sec., , , 
 , , , , 
G,TRENT LTD,      5644.10,      5472.45,3.14
G,ICICI LOMBARD GIC LIMITED,      1970.00,      1935.05,1.81
G,ICICI PRU LIFE INS CO LTD,       738.65,       726.05,1.74
G,ABB INDIA LIMITED,      7942.30,      7870.40,0.91
G,SAMVRDHNA MTHRSN INTL LTD,       182.47,       180.91,0.86
G,BAJAJ HOLDINGS & INVS LTD,      9401.35,      9347.80,0.57
G,COLGATE PALMOLIVE LTD.,      3467.25,      3448.75,0.54
G,ZYDUS LIFESCIENCES LTD,      1279.40,      1272.85,0.51
G,MARICO LIMITED,       652.25,       649.05,0.49
G,PIDILITE INDUSTRIES LTD,      3168.30,      3152.85,0.49
G,ADANI GREEN ENERGY LTD,      1778.15,      1772.50,0.32
G,TORRENT PHARMACEUTICALS L,      3333.40,      3323.65,0.29
G,SBI CARDS & PAY SER LTD,       715.60,       713.90,0.24
G,LIFE INSURA CORP OF INDIA,      1125.60,      1123.55,0.18
 , , , , 
L,SHREE CEMENT LIMITED,     24143.40,     25098.60,-3.81
L,BERGER PAINTS (I) LTD,       518.15,       533.75,-2.92
L,JINDAL STEEL & POWER LTD,       919.15,       946.40,-2.88
L,TATA POWER CO LTD,       417.95,       430.30,-2.87
L,ADANI ENERGY SOLUTION LTD,      1101.45,      1131.65,-2.67
L,GAIL (INDIA) LTD,       227.31,       233.52,-2.66
L,GODREJ CONSUMER PRODUCTS,      1463.90,      1503.80,-2.65
L,VEDANTA LIMITED,       422.30,       432.30,-2.31
L,HAVELLS INDIA LIMITED,      1785.55,      1824.35,-2.13
L,SRF LTD,      2537.10,      2590.10,-2.05
L,VARUN BEVERAGES LIMITED,      1489.55,      1519.85,-1.99
L,CHOLAMANDALAM IN & FIN CO,      1350.25,      1377.70,-1.99
L,INFO EDGE (I) LTD,      6912.60,      7048.65,-1.93
L,BOSCH LIMITED,     31835.65,     32430.85,-1.84
L,TVS MOTOR COMPANY  LTD,      2529.05,      2574.55,-1.77
L,PUNJAB NATIONAL BANK,       114.02,       115.93,-1.65
L,DLF LIMITED,       832.60,       845.65,-1.54
L,HINDUSTAN AERONAUTICS LTD,      4667.85,      4740.45,-1.53
L,INTERGLOBE AVIATION LTD,      4256.95,      4317.90,-1.41
L,REC LIMITED,       583.55,       590.45,-1.17
L,INDIAN OIL CORP LTD,       170.23,       172.22,-1.16
L,JIO FIN SERVICES LTD,       326.40,       329.75,-1.02
L,CANARA BANK,       107.15,       108.22,-0.99
L,BANK OF BARODA,       241.35,       243.40,-0.84
L,SIEMENS LTD,      6769.00,      6825.75,-0.83
L,INDIAN RAILWAY FIN CORP L,       180.92,       182.41,-0.82
L,AVENUE SUPERMARTS LIMITED,      4980.10,      5018.50,-0.77
L,AMBUJA CEMENTS LTD,       638.50,       643.30,-0.75
L,BHARAT ELECTRONICS LTD,       298.25,       300.20,-0.65
L,INDIAN RAIL TOUR CORP LTD,       925.80,       930.85,-0.54
 , , , , 
 ,OTHER SECURITIES, , , 
 , , , , 
G,GARWARE HI-TECH FILMS LTD,      2895.40,      2412.85,20
G,ART NIRMAN LIMITED,        92.12,        76.77,19.99
G,INCREDIBLE INDUSTRIES LTD,        63.62,        53.02,19.99
G,SEL MANUFACTURING CO LTD,        81.10,        67.59,19.99
G,RAJDARSHAN INDUSTRIES LTD,        78.40,        65.34,19.99
G,3P LAND HOLDINGS LIMITED,        46.84,        39.04,19.98
G,QUICKTOUCH TECHNOLOGIES L,       183.80,       153.20,19.97
G,NEXT MEDIAWORKS LIMITED,         9.14,         7.62,19.95
G,BOND 8.37% TAX FREE S3A,     14100.00,     11800.00,19.49
G,OSWAL AGRO MILLS LTD,        62.06,        51.97,19.42
G,NIRMAN AGRI GENTICS LTD,        90.70,        79.05,14.74
G,AUTHUM INVEST & INFRA LTD,      1233.10,      1078.75,14.31
G,AKASH INFRA-PROJECTS LTD,        41.59,        36.47,14.04
G,MAHA RASHTRA APEX COPR. L,       171.89,       152.66,12.6
G,COMMITTED CARGO CARE LTD,        58.85,        52.60,11.88
G,RPG LIFE SCIENCES LTD,      2179.60,      1950.45,11.75
G,IGARASHI MOTORS INDIA LTD,       657.55,       591.40,11.19
G,ITD CEMENTATION INDIA LTD,       534.65,       482.95,10.71
G,SYMPHONY LIMITED,      1656.25,      1498.90,10.5
G,PLATINUM INDUSTRIES LTD,       350.80,       318.40,10.18
G,SRM CONTRACTORS LIMITED,       286.60,       260.20,10.15
G,ASIAN ENERGY SERVICES LTD,       319.00,       290.00,10
G,SOLEX ENERGY LIMITED,      1744.65,      1586.05,10
G,TARA CHAND INFRA SOLN LTD,       444.55,       404.15,10
G,MEDICAMEN ORGANICS LTD,        78.15,        71.05,9.99
G,HOV SERVICES LTD,        74.19,        67.45,9.99
G,SHIVAM AUTO.LTD,        58.89,        53.54,9.99
G,JHS SVEND. LAB. LTD,        24.44,        22.22,9.99
G,DB (INT) STOCK BROKERS,        53.76,        48.88,9.98
G,GIRIRAJ CIVIL DEVP LTD,       412.25,       374.90,9.96
 , , , , 
L,ICE MAKE REFRIGERAT LTD,       730.95,       882.35,-17.16
L,SERENCD8.84%SRVICIII&IV,       827.00,       930.00,-11.08
L,AKSHAR SPINTEX LIMITED,         2.18,         2.43,-10.29
L,ADROITINFO RS. 5 PPD UP,         6.17,         6.86,-10.06
L,SKM EGG PROD EXPORT(I) LT,       250.40,       278.20,-9.99
L,LAMBODHARA TEXTILES LTD.,       185.32,       205.55,-9.84
L,FUSION MICRO FINANCE LTD,       313.05,       346.40,-9.63
L,LEMON TREE HOTELS LTD,       126.24,       139.47,-9.49
L,MUTHOOT CAP SERV LTD,       293.70,       322.80,-9.01
L,S. P. APPARELS LIMITED,       899.50,       988.35,-8.99
L,SECMARK CONSULTANCY LTD,        92.98,       100.53,-7.51
L,JAGSONPAL PHARMACEUTICALS,       366.10,       394.85,-7.28
L,BALAJI AMINES LIMITED,      2222.30,      2388.65,-6.96
L,MAZDA LIMITED,      1328.65,      1425.30,-6.78
L,CHEMPLAST SANMAR LIMITED,       524.60,       561.80,-6.62
L,ASTRAZENECA PHARMA IND LT,      6622.65,      7090.80,-6.6
L,FOCE INDIA LIMITED,      1120.00,      1199.00,-6.59
L,R K SWAMY LIMITED,       278.20,       297.55,-6.5
L,LASA SUPERGENERICS LTD,        25.65,        27.39,-6.35
L,CAPLIN POINT LAB LTD.,      1481.70,      1580.80,-6.27
L,RAJ OIL MILLS LIMITED,        60.44,        64.33,-6.05
L,PULZ ELECTRONICS LIMITED,       107.00,       113.65,-5.85
L,SONAM LIMITED,        53.25,        56.52,-5.79
L,SANDHAR TECHNOLOGIES LTD,       642.50,       681.10,-5.67
L,SANGHVI MOVERS LTD,       833.50,       883.45,-5.65
L,TRANSINDIA REAL ESTATE L,        48.09,        50.97,-5.65
L,SHIVALIC POWER CONTROL L,       250.25,       265.20,-5.64
L,FOCUS LIGHTG & FIXTRS LTD,       100.21,       106.11,-5.56
L,GOKALDAS EXPORTS LTD.,       948.25,      1003.50,-5.51
L,SHAH ALLOYS LIMITED,        67.63,        71.55,-5.48
