SECURITY,NEW,PREVIOUS,NEW_STATUS
GRAVITA INDIA LIMITED,1915,1840,H
SYNGENE INTERNATIONAL LTD,874.55,860.25,H
INCREDIBLE INDUSTRIES LTD,63.62,54.99,H
21ST CENTURY MGMT SERVICE,93.4,91.57,H
8.72% UNSECURED NCD,1026,1025.01,H
GOI TBILL 182D-03/10/24,98.83,98.82,H
RAJPUTANA INDUSTRIES LTD,83.5,79.55,H
MACOBS TECHNOLOGIES LTD,114.8,114,H
SEC RE NCD SR.V,1221.91,1212.87,H
SEC RED NCD 8.85% SR. VI,1003,999,H
BASF INDIA LTD,7949.9,6933.15,H
QUANTUM NIFTY 50 ETF,2739.06,2700.01,H
AKZO NOBEL INDIA LIMITED,3310,3250,H
COLGATE PALMOLIVE LTD.,3485.85,3454.8,H
WEALTH FRST PORT. MG. LTD,1330,501,H
LE MERITE EXPORTS LIMITED,198.25,197.5,H
MOTILALAMC - MOHEALTH,42.22,42.21,H
RELCAPAMC-NETFSDL26,127.4,126.1,H
PROVENTUS AGROCOM LIMITED,1457,1449,H
PLATINUM INDUSTRIES LTD,359.95,336,H
POWER INSTRUMENT (G) LTD,126.81,124.33,H
LT FOODS LIMITED,317.4,315.6,H
VL E GOV AND IT SOL LTD,96.4,94.5,H
GOI TBILL 364D-27/09/24,99,98.94,H
9.40 % SRNCD TR II SR III,1039.4,1037.4,H
AUTHUM INVEST & INFRA LTD,1280,1180,H
GOI TBILL 182D-09/01/25,96.77,96.72,H
SEC RE NCD 9.90% SR IV,1040.2,1035.3,H
CENTURY ENKA LTD,734.9,714,H
ALKEM LABORATORIES LTD.,5746.6,5578.8,H
MINDA CORPORATION LTD,536,533,H
BIRLASLAMC - HEALTHY,14.55,14.47,H
SJS ENTERPRISES LIMITED,1023.4,1020,H
IMAGICAAWORLD ENT LTD,90.9,90.7,H
GOI TBILL 91D-10/10/24,98.97,98.93,H
SRM CONTRACTORS LIMITED,297.6,279,H
GOI LOAN  7.02% 2031,102.2,101.99,H
CERA SANITARYWARE LTD,10499,10286.7,H
INDUSTRIAL INV TRUST LTD,274.85,262,H
SANSERA ENGINEERING LTD,1479,1456.45,H
SPML INFRA LIMITED,203.91,194.2,H
3P LAND HOLDINGS LIMITED,46.84,41.52,H
EDELAMC - EBBETF0430,1445.05,1441,H
GOI LOAN  7.18% 2033,105.5,105.4,H
WONDER ELECTRICALS LTD,1544,1496.75,H
EPIGRAL LIMITED,1923.5,1836,H
SUMIT WOODS LIMITED,90.67,88.9,H
SUPREME ENGINEERING LTD,2.12,2.08,H
SHRIRAM - LIQUIDSHRI,1006.28,1006.11,H
BALU FORGE INDUSTRIES LTD,592.4,546,H
UJAAS ENERGY LIMITED,426.55,406.25,H
DR. REDDY S LABORATORIES,7035,6981,H
HFCL LIMITED,142.5,140.5,H
PI INDUSTRIES LTD,4550,4467.05,H
20 MICRONS LTD,316.6,302.7,H
V MARC INDIA LIMITED,314.7,299.75,H
CHEMFAB ALKALIS LIMITED,968.7,940,H
GOI TBILL 91D-19/09/24,99.31,99.1,H
ICICIPRAMC - ICICIPHARM,146.8,145,H
KFIN TECHNOLOGIES LIMITED,915,898,H
ROBUST HOTELS LIMITED,222.8,201.3,H
SHEKHAWATI POLY-YARN LTD.,7.34,7.2,H
SUNGARNER ENERGIES LTD,560.15,538.9,H
GOI LOAN  7.02% 2027,102.05,101.85,H
Z-TECH (INDIA) LIMITED,328.05,304.55,H
LCC INFOTECH LTD,6.58,6.46,H
ERIS LIFESCIENCES LIMITED,1175,1155.9,H
ICICI PRU LIFE INS CO LTD,744,742.2,H
OSWAL GREENTECH LIMITED,53,49.4,H
PATANJALI FOODS LIMITED,1839,1825,H
VISHNU PRAKASH R PUNGLI L,291.7,283.95,H
ZERODHAAMC - LIQUIDCASE,106.75,106.7,H
PIRAMAL PHARMA LIMITED,191.5,180.9,H
JITF INFRALOGISTICS LTD,1038.6,984.45,H
SEC RE NCD 11% SR V,1056.01,1034,H
GOI TBILL 91D-31/10/24,98.9,98.25,H
UTSSAV CZ GOLD JEWELS LTD,121.3,115.55,H
PIDILITE INDUSTRIES LTD,3278.95,3243.05,H
OSWAL AGRO MILLS LTD,62.36,59,H
KERNEX MICROSYS(I) LTD,737,701.95,H
TRIVENI TURBINE LIMITED,712,676.1,H
ARCHIDPLY IND. LTD,150.95,148.4,H
BAYER CROPSCIENCE LTD,7196.85,7103.7,H
SOLEX ENERGY LIMITED,1744.65,1693.95,H
KRITI INDUSTRIES IND LTD,259,243,H
GARWARE HI-TECH FILMS LTD,2895.4,2640,H
AJMERA REALTY & INF I LTD,729.2,720.4,H
NAVA LIMITED,968,934.85,H
ZYDUS LIFESCIENCES LTD,1299.7,1278.2,H
GOI TBILL 91D-26/09/24,99.2,98.9,H
DSPAMC - HEALTHADD,140.41,140,H
SKIPPER RE.0.25 PPD UP,267.2,266.95,H
SHAH METACORP LIMITED,6.32,5.1,H
BRIGHT SOLAR LIMITED,9.3,8.9,H
MASTER COMPONENTS LIMITED,380,379.15,H
TORRENT PHARMACEUTICALS L,3372.85,3329,H
DCW LTD,73.8,72.99,H
RPG LIFE SCIENCES LTD,2220,2066,H
ALEMBIC PHARMA LTD,1284.95,1255,H
WINDLAS BIOTECH LIMITED,887.85,857.3,H
RAJDARSHAN INDUSTRIES LTD,78.4,76.95,H
BIKAJI FOODS INTERN LTD,819,794.45,H
GOI TBILL 364D-18/07/25,94.1,94,H
GOI TBILL 91D-03/10/24,99.09,98.77,H
GOI TBILL 91D-12/09/24,99.43,99.31,H
FAZE THREE LIMITED,574,573.05,H
SRI ADHIKARI BRO TELE N L,421.7,413.45,H
UNITED SPIRITS LIMITED,1470.4,1466,H
SEC RE NCD 9.48% SR V,975,920.1,H
PERFECT INFRAENGINEER LTD,24.2,24.65,L
SATHLOKHAR SYN E&C GLOB L,222.95,234.65,L
AMBEY LABORATORIES LTD,60.9,61.5,L
SEC RE NCD 9.30% SR.I,1027,1027.8,L
AVONMORE CAP&MGT SERV LTD,14.33,14.63,L
SEC RE NCD 9.55% SR.IV,898,925,L
SEC RE NCD SR.II,1135,1139.99,L
FUSION MICRO FINANCE LTD,304,321.1,L
GACM TECHNOLOGIES LIMITED,2.08,2.13,L
JAKHARIA FABRIC LIMITED,33,33.6,L
YUDIZ SOLUTIONS LIMITED,55.25,56.85,L
SEC RE NCD 9.39% SR.VIII,888.8,890,L
KAPSTON SERVICES LIMITED,412.35,420.75,L
GOI LOAN  7.03% 2054,99.5,100,L
SAHAJ FASHIONS LIMITED,18,18.2,L
NANDANI CREATION LIMITED,36,36.25,L
SHIVALIC POWER CONTROL L,246.2,252,L
SEC RE NCD 9.45% SR. I,930,960,L
SUMEET IND LIMITED,4.59,4.69,L
TAINWALA CHEMICAL AND PLA,210.31,214.59,L
BAID FINSERV LIMITED,14.46,14.97,L
VIBHOR STEEL TUBES LTD,247.5,252.55,L
S A TECH SOFTWARE INDIA L,107.4,112.1,L
BULKCORP INTERNATIONAL L,123.25,129.7,L
SERENCD8.84%SRVICIII&IV,827,849.99,L
SEC RE NCD 10.49% SR.VII,960,966.05,L
MANGLAM INFRA & ENG LTD,91.95,96.75,L
EXICOM TELE SYSTEMS LTD,380,380.7,L
RKEC PROJECTS LIMITED,107.75,109.95,L
ASHAPURA LOGISTICS LTD,158.65,167,L
SMARTLINK HOLDINGS LTD,283,285.3,L
SUUMAYA INDUSTRIES LTD,5.08,5.35,L
KOTAKMAMC - KOTAKSILVE,77.9,78.41,L
RELIABLE DATA SERVICE LTD,104.25,106.38,L
RNFI SERVICES LIMITED,125.9,132.5,L
ADROITINFO RS. 5 PPD UP,6.17,6.86,L
PETRO CARBON AND CHEMI L,256,258,L
NIRMAN AGRI GENTICS LTD,73.05,74.1,L
BODHI TREE MULTIMEDIA LTD,12.01,12.14,L
CHETANA EDUCATION LIMITED,78.75,82.9,L
GACM TECHNOLOGIES LIMITED,0.31,0.32,L

