SYMBOL,SYMBOL P/E,ADJUSTED P/E
AURIONPRO,57.41,57.41
AIAENG,37.11,37.13
ORIENTCER,30.44,35.89
VIMTALABS,27,27
NITINSPIN,17.9,17.9
GSPL,8.62,8.79
GVKPIL,3.58,3.58
SAKUMA,24.43,24.43
JKCEMENT,38.29,38.73
INDOTECH,43.39,43.39
KEI,61.23,61.22
VAKRANGEE,532.63,579.43
GALLANTT,31.78,31.78
UTTAMSUGAR,9.19,9.19
RSYSTEMS,38.57,38.57
LOKESHMACH,53.82,53.82
KAMDHENU,27.74,27.74
PIONEEREMB,41.42,41.42
MUNJALAU,26.61,18.45
GRINDWELL,70.82,70.77
VOLTAMP,57.45,57.45
ACE,45.06,45.06
ALICON,16.13,16.13
NAUKRI,125.7,117.14
TORNTPOWER,36.07,36.07
LTFOODS,18.49,18.49
JINDRILL,15.54,15.54
HBLPOWER,64.74,60.22
PTL,22.54,22.54
GANDHITUBE,18.8,18.8
UNOMINDA,74.61,76.42
PGIL,25.38,25.3
FSL,38.41,38.41
RAJTV,386.23,386.23
BANSWRAS,20.56,20.56
AROGRANITE,53.9,53.9
NDLVENTURE,218.87,218.87
SRHHYPOLTD,12.62,11.45
NAVINFLUOR,68.62,83.5
HGS,26.21,26.21
DLF,123.3,123.3
MEGASOFT,66.09,66.09
MOTILALOFS,12.98,12.98
KSCL,18.06,18.06
DELTACORP,17.61,22.04
CERA,53.66,53.39
ADANIPORTS,36.03,34.35
RGL,12.08,12.08
JYOTHYLAB,53.91,53.91
KALYANIFRG,41.98,41.98
TRIL,133.2,133.2
DVL,36.44,36.44
PATINTLOG,25.74,25.74
AMBIKCO,17.81,17.81
BIRLAMONEY,15.52,15.52
JKIL,17.88,17.88
KNRCON,14.26,14.26
SEPC,128.96,128.96
NMDC,12.02,11.59
RECLTD,10.62,10.62
TITAGARH,62.84,62.48
BAJAJ-AUTO,35.02,35.02
DIGISPICE,17.17,39.43
ALMONDZ,21.73,57.06
RANEENGINE,23.36,18.98
LOTUSEYE,48.16,48.62
UBL,115.91,115.91
ZFCVINDIA,73.45,73.45
TATAMTRDVR,1.07,1.07
TPHQ,22.91,22.91
GKWLIMITED,142.74,142.74
EXCEL,59.08,59.08
GLOBUSSPR,28.56,28.56
EXPLEOSOL,21.45,21.45
RTNPOWER,.92,
DEN,11.66,11.66
REFEX,32.61,32.62
AHLUCONT,23.2,37.27
HINDCOPPER,96.86,96.86
NESTLEIND,74.97,75.19
WHIRLPOOL,89.57,85.54
THANGAMAYL,38.92,38.92
HATHWAY,58.94,58.22
TEXMOPIPES,45.26,14.89
PERSISTENT,61.75,61.75
KIRLOSBROS,47.19,47.33
BLISSGVS,13.25,6.54
IITL,8.27,11.59
WELINV,109.85,109.85
DEEPAKNTR,49.01,52.71
ASHOKA,11.63,13.42
JWL,65.93,65.93
SHAH,10.6,183.07
CGCL,43.87,43.87
JINDWORLD,96.05,96.05
A2ZINFRA,11.74,
SUMMITSEC,29.02,25.49
HFCL,53.48,53.48
PFS,20.23,20.23
SYMPHONY,48.75,48.75
ASHIANA,45.71,45.71
LTF,17.09,17.09
THERMAX,75.43,87.88
RIIL,174.87,174.87
RAYMOND,19.96,19.2
SHREDIGCEM,17.91,17.91
SESHAPAPER,9.53,9.53
SUNDRMFAST,53.58,53.58
EXIDEIND,47.98,47.98
CRISIL,47.75,47.75
ORIENTPPR,172.23,172.23
MASTEK,28.47,28.25
LUMAXIND,48.98,48.98
CUMMINSIND,65.66,65.61
JAYBARMARU,37.41,37.41
INDIAGLYCO,22.78,22.78
IONEXCHANG,48.9,48.9
HIMATSEIDE,14.61,14.61
GFLLIMITED,286.33,286.33
BPCL,8.24,7.99
ATUL,73.22,73.22
ACC,20.26,22.95
SCI,20.16,20.16
HINDPETRO,10.07,10.07
ZUARIIND,1.56,
VOLTAS,125.76,125.76
TITAN,85.49,85.49
SPIC,18.56,12.61
SBIN,10.45,9.71
NOCIL,37.69,37.69
CHAMBLFERT,16.25,16.25
HINDOILEXP,15.35,17.79
BALMLAWRIE,22.77,22.77
CENTENKA,27.27,27.27
ATFL,345.69,710.94
VLSFINANCE,3.42,3.42
BALRAMCHIN,19.53,19.53
AEGISLOG,36.9,36.9
PRECOT,37.14,59.07
ARE&M,29.36,29.36
BALKRISIND,42.17,42.17
GET&D,156.7,156.7
JINDALPOLY,46.43,46.27
JYOTISTRUC,84.43,84.43
JAYNECOIND,22.03,20.22
SOTL,21.74,21.74
ARENTERP,28.2,28.2
ADVANIHOTR,27.19,27.19
SUBROS,43.48,43.48
SIEMENS,104.06,104.06
TOKYOPLAST,108.05,108.05
SANOFI,30.69,28.85
MODTHREAD,8.75,8.75
PRSMJOHNSN,55.09,
PCBL,29.63,29.63
OSWALAGRO,220.03,218.83
JINDALSAW,11.6,11.6
STYRENIX,22.84,22.84
BBL,39.73,39.73
DCMSHRIRAM,34.67,34.67
COSMOFIRST,36.7,36.7
HDFCBANK,17.71,17.61
GMBREW,11.37,11.37
INDIANHUME,33.91,33.91
IOC,8.01,8.01
OSWALGREEN,602.6,602.6
HUHTAMAKI,7.25,31.5
RICOAUTO,43.08,41.18
BANCOINDIA,18.01,18.01
MANINDS,26.29,26.29
SIYSIL,12.32,12.32
ONWARDTEC,30.57,30.57
NCC,25.86,25.19
ELGIEQUIP,63.06,63.06
BBTC,7.77,7.51
LICHSGFIN,7.39,7.39
BEPL,19.42,19.42
BANARBEADS,23.14,23.14
PRUDMOULI,10.82,10.06
PRAJIND,40.05,43.14
TFCILTD,17.64,17.64
GTL,1.04,5.83
AGI,19.34,19.34
TATACONSUM,94.46,80.61
ZEEL,41.02,31.31
FMGOETZE,18.24,18.24
ORIENTHOT,53.81,53.81
3MINDIA,69.47,69.47
SCHAEFFLER,67.84,67.59
MFSL,95.3,95.3
IPCALAB,64.26,70.06
HINDZINC,30.9,30.9
GRASIM,17.65,16.96
DCW,132.92,125.32
HEUBACHIND,37.45,37.45
CESC,15.99,19.47
BAJFINANCE,27.54,27.54
NAVA,10.53,11.49
CORALFINAC,10.01,10.01
AUTOAXLES,17.67,17.67
DALMIASUG,11.87,11.87
KHAITANLTD,29.14,29.14
ANDHRSUGAR,27.48,26.3
STARPAPER,5.74,5.61
AUSOMENT,15.01,15.01
SILINV,19.68,19.68
MOTHERSON,44.07,42.75
SOMATEX,5.23,
CREST,19.17,19.17
WENDT,75.97,75.97
SHRIRAMFIN,14.35,14.35
MIRZAINT,60.18,60.18
GANESHHOUC,17.73,17.73
ALKYLAMINE,72.78,72.78
GUJRAFFIA,52.29,52.29
KOTHARIPET,15.83,15.76
GAIL,16.12,16.12
BANKINDIA,8.18,8.18
ICICIBANK,17.69,17.69
FDC,27.64,27.64
ADROITINFO,14.4,14.4
INDUSINDBK,11.61,11.61
TRIGYN,19.07,19.07
CUB,11.52,11.52
ITDCEM,32.11,32.11
SONATSOFTW,61.04,5.01
CYBERTECH,22.27,22.27
DHANBANK,18.76,18.76
STCINDIA,24.04,25.84
RSSOFTWARE,31.33,31.33
IVC,36.97,36.97
ALEMBICLTD,40.89,40.89
BSOFT,25,25
STAR,122.42,35.6
ZYDUSLIFE,33.43,33.36
RAJESHEXPO,25.99,25.99
NRBBEARING,12.67,34.47
BLBLIMITED,36.15,36.15
BLUESTARCO,66.82,66.82
PNBGILTS,34.28,37.46
TAJGVK,24.94,24.94
GAEL,16.97,16.97
MRO-TEK,26.5,26.5
TRIDENT,59.52,59.54
ACLGATI,208.54,
TCI,27.64,27.43
ASAL,68.16,68.16
PNB,11.78,11.78
UNIONBANK,6.63,6.63
OMAXAUTO,19.4,
RADICO,83.09,83.09
VARDHACRLC,22.93,22.93
JSL,21.46,22.13
WELSPUNLIV,25.74,25.74
TVTODAY,16.41,15.88
MUKANDLTD,24.19,24.19
VAIBHAVGBL,41.3,39.49
RKFORGE,48.99,48.93
CCL,34.78,34.78
APARINDS,40.06,40.06
NIITLTD,34.41,34.41
COFORGE,50.21,50.78
INDSWFTLTD,9.36,9.36
NTPC,19.94,19.94
SUPRAJIT,41.26,41.26
JINDALPHOT,55.16,55.16
ALLSEC,18.91,22.82
SHOPERSTOP,194.71,167.6
SURYALAXMI,53.31,31.27
63MOONS,7.91,7.91
GEOJITFSL,15.07,15.07
MSPL,95.05,77.67
IDFC,708.91,708.91
FCSSOFT,,70.31
GEECEE,20.93,20.93
FIEMIND,20.77,20.77
INSPIRISYS,73.57,73.57
GESHIP,6.71,6.71
MANALIPETC,56.83,52
DONEAR,21.6,21.6
SOBHA,373.49,373.55
HIRECT,81.93,63.76
TANLA,22.76,22.76
LUMAXTECH,23.38,23.38
WANBURY,11.47,21.11
PITTIENG,46.82,46.82
IZMO,24.59,24.59
CTE,38.09,38.09
TIIL,25.84,25.21
PFC,7.58,7.58
PAGEIND,80.91,80.91
ASTRAL,104.61,104.61
NCLIND,11.7,11.7
PHOENIXLTD,43.29,43.28
ALPHAGEO,273.9,40.25
KMSUGAR,12.78,12.78
TARMAT,,133.18
ALPA,11.83,11.87
CIEINDIA,26.41,26.41
INDOWIND,51.46,44.96
POWERGRID,20.87,20.87
ADANIPOWER,16.7,16.7
AMRUTANJAN,47.24,47.24
SHILPAMED,187.86,208.6
DLINKINDIA,20.49,20.49
BEARDSELL,17.04,17.04
UNITEDTEA,12.59,12.59
ISFT,20.79,20.79
SJVN,60.9,65.5
IMFA,9.9,9.9
BAJAJCON,25.76,25.76
KILITCH,40.69,40.69
GREENPOWER,60.38,70.43
BEDMUTHA,32.88,32.88
RESPONIND,45.07,45.07
PENIND,24.45,24.45
KIRLOSENG,36.04,35.69
JUBLINDS,75.94,35.41
DHUNINV,13.92,13.92
PIIND,38.57,38.57
OMINFRAL,45.76,45.76
DELPHIFX,15.74,15.74
RUSHIL,23.74,23.74
PFIZER,43.7,44.19
DEEPAKFERT,23.53,23.53
COROMANDEL,32.04,32.04
HAVELLS,82.21,82.21
AXISCADES,51.09,51.09
TIPSINDLTD,57.54,57.54
HIKAL,58.64,58.64
MARKSANS,28.57,28.57
JISLJALEQS,71.09,71.09
UNITDSPR,75.09,75.27
MPSLTD,27.59,27.59
OLECTRA,164.49,179.26
APTECHT,47.81,43.23
TIMESGTY,65.57,65.57
NUCLEUS,19.25,19.25
GENESYS,119.12,119.12
DIVISLAB,78.44,78.44
MARUTI,26.95,26.95
NSIL,39.97,39.97
DREDGECORP,83.82,82.06
PETRONET,14.04,14.15
POONAWALLA,15.69,22.42
ULTRACEMCO,47.69,47.5
GUFICBIO,41.23,41.23
JBMA,113.36,113.36
PATELENG,15.57,20.6
JPPOWER,10.97,7.91
IIFL,10.16,10.16
CYBERMEDIA,16.86,21.88
GRANULES,32.35,32.35
YESBANK,51.82,51.82
RML,64.85,12.7
MITCON,26.95,26.95
SREEL,26.24,26.24
CASTROLIND,28.6,28.6
HATSUN,85,85
SUPERHOUSE,20.88,20.88
PDSL,35.08,35.78
GRPLTD,77.07,71.37
LINC,26.29,26.29
HESTERBIO,125.26,125.26
ZENTEC,86.16,87.18
VIPULLTD,1.79,1.77
NILAINFRA,44.94,44.94
ADANIENSOL,,84.58
RAMASTEEL,56.45,56.45
ARVSMART,67.19,67.19
GUJGASLTD,34.92,36.18
BALAXI,13.28,16.02
PILANIINVS,36.29,36.29
PRECAM,43.12,66.85
BHAGERIA,38.95,38.95
KDDL,30.75,30.82
INFIBEAM,45.72,45.72
SAGARDEEP,65.39,65.39
VINDHYATEL,29.12,29.12
ASIANPAINT,59.14,59.14
PGHL,40.09,40.09
BEML,59.24,59.24
TATACHEM,,33.26
VTL,21.88,21.88
EPL,33.22,31.41
VIPIND,10859.7,10859.7
SRF,62.49,62.49
WEIZMANIND,19.51,19.51
BBOX,66.92,53.5
JTEKTINDIA,44.57,44.57
TATAELXSI,54.13,54.13
SHREYANIND,5.31,5.31
HCC,18.47,
APOLLOHOSP,105.37,105.52
IVP,16.09,16.09
NEULANDLAB,42.56,44.66
BANARISUG,28.08,28.08
KPIL,41.15,41.15
HSCL,52.67,52.67
UFLEX,,14.27
JUBLPHARMA,23.14,52.72
TATACOMM,59.02,70.37
HLVLTD,59.31,59.31
LIBERTSHOE,76.44,58.17
HEIDELBERG,32.23,32.23
POLYPLEX,41.12,41.12
EIHAHOTELS,34.73,34.73
ABB,114.03,114.03
BRITANNIA,64.18,63.59
GOLDENTOBC,10.89,12.35
ANDHRAPAP,8.77,8.77
AARTIIND,65.64,65.64
KSB,78.07,78.07
GREAVESCOT,,287.65
TIMKEN,77.99,77.99
INGERRAND,57.34,57.34
GSFC,16.94,16.99
EIDPARRY,8.18,8.18
BIRLACORPN,26.77,27.17
ASHAPURMIN,13.48,20.84
TNPL,8.04,8.04
NATCOPHARM,18.25,18.25
TTKPRESTIG,62.78,62.78
BIOFILCHEM,146.65,146.65
SANGAMIND,48.1,42.01
STERTOOLS,24.55,24.68
TVSSRICHAK,36.91,34.79
GUJAPOLLO,27.34,27.34
JCHAC,3596.04,182.46
HERITGFOOD,33.4,33.15
BROOKS,191.79,191.79
PGEL,59.2,59.2
TRITURBINE,70.3,70.3
DSSL,29.49,29.49
JISLDVREQS,1.12,1.12
RUPA,36.33,34.96
KANANIIND,97.15,97.15
THOMASCOTT,25.41,25.41
IRFC,37.09,37.09
RHIM,,46.94
SCHNEIDER,103.01,101.19
NBCC,74.43,56.38
TBZ,18.88,18.88
SWANENERGY,36.48,36.48
RTNINDIA,24.28,21.75
PROZONER,198.17,198.17
THEJO,54.2,54.2
MAYURUNIQ,22.01,22.01
DUCON,28.43,28.43
TVSHLTD,14.15,14.13
CARERATING,27.9,27.9
INDUSTOWER,17.17,17.17
ORIENTCEM,42.06,42.06
SAMMAANCAP,6.54,6.54
ESSENTIA,25.45,25.46
NATHBIOGEN,10.48,11.25
SDBL,22.68,22.68
AGARIND,16.1,16.1
GOCLCORP,44.26,46.27
INTELLECT,43.28,42.9
MOLDTKPAC,40.03,40.03
GANECOS,99.95,99.95
MANAKCOAT,40.7,40.7
IMAGICAA,251.01,59.02
VRLLOG,67.81,68.23
PRIVISCL,48.19,48.19
ARROWGREEN,31.32,31.32
SATIN,5.22,5.22
NAVKARCORP,371.84,371.84
IDFCFIRSTB,19.01,19.01
SHK,21.13,21.13
PERFECT,53.26,53.26
LALPATHLAB,70.73,70.73
TEAMLEASE,49.26,50.84
NECCLTD,32.35,32.35
GOKULAGRO,18.53,18.53
PDMJEPAPER,9.43,9.43
WEALTH,28.71,28.71
THYROCARE,56.31,56.2
UNITEDPOLY,31.19,31.19
ARMANFIN,10.51,10.51
ASPINWALL,20.07,20.07
CONTROLPR,24.31,24.33
INCREDIBLE,41.55,41.55
MOLDTECH,24.82,24.82
QUESS,29.14,28.32
LLOYDSENGG,102.61,102.61
LTIM,36.1,36.1
GATECH,74.13,74.13
MINDTECK,40.21,40.21
DBL,39.7,434.1
BIGBLOC,60.19,60.19
MBAPL,67.06,67.06
LTTS,40.15,40.15
ICICIPRULI,263.23,263.23
JETKNIT,92.02,92.02
SAKAR,56.52,56.52
AURDIS,11.54,11.54
PANSARI,42.14,42.14
ARTNIRMAN,166.01,166.01
GICL,74.35,74.35
VBL,80.01,80.01
JETFREIGHT,307.27,
TCIEXP,33.91,33.91
TERASOFT,19.69,18.93
LIBAS,8.86,8.86
PROLIFE,11.14,11.14
CAPTRUST,98.31,98.31
MAHESHWARI,16.88,16.88
MCL,82.82,82.82
PRICOLLTD,39.76,39.76
STEELCITY,10.48,10.48
KRISHANA,35.93,35.93
GLOBAL,12.35,12.35
SANGINITA,60.02,60.02
RADIOCITY,63.46,63.46
INTENTECH,19.28,19.28
LAXMICOT,,109.54
EIFFL,187.56,187.56
NRAIL,6.32,6.32
CREATIVE,20.95,20.95
FOCUS,18.14,18.14
DEVIT,24.55,24.55
BHAGYANGR,34.8,34.8
VSCL,1107.84,1107.84
TEJASNET,132.36,132.36
ACEINTEG,55.75,55.75
STEELXIND,79.31,79.31
AVADHSUGAR,9.53,9.53
TOTAL,128.16,128.16
WEWIN,29.93,29.93
COCHINSHIP,78.89,78.89
VAISHALI,247.78,247.78
SERVOTECH,242.16,242.16
PASHUPATI,193.77,193.77
DIXON,160.47,160.47
CAPACITE,22.58,22.58
WORTH,12.33,12.33
MPTODAY,6.98,7
RMDRIP,81.72,81.72
AARVI,18.87,18.87
DIAMONDYD,44.32,44.32
GOLDSTAR,65.52,65.52
JASH,45.54,45.54
CMMIPL,16.67,16.67
OMFURN,22.85,22.85
MASFIN,18.6,18.6
DPABHUSHAN,39.09,39.09
NAM-INDIA,33.36,33.36
SECURCRED,5.85,5.85
KHADIM,116.41,116.41
VERTOZ,155.53,155.53
PULZ,14.94,14.94
ICEMAKE,53.27,53.27
DNAMEDIA,.61,
INNOVANA,23.47,23.47
TOUCHWOOD,54.54,54.55
AJOONI,57.3,57.3
BCONCEPTS,59.32,59.32
MHHL,9.94,9.94
SOUTHWEST,37.57,39.88
ARVEE,227.08,227.08
ASTERDM,58.46,
HINDCON,44.68,44.68
SARVESHWAR,50.19,50.19
UNIINFO,78.03,78.03
MACPOWER,61.56,61.56
BDL,83.91,83.91
BANDHANBNK,12.75,12.75
URAVI,284.06,284.06
MITTAL,21.92,40.89
GIRIRAJ,88.59,88.59
ISEC,12.4,12.4
MIDHANI,91.98,91.98
AVG,20.46,33.97
VERA,24.81,24.81
MMP,29.53,29.53
CHEMFAB,49.86,49.86
BSHSL,87.02,87.02
MAHICKRA,83.92,83.92
AAKASH,21.02,21.02
GODHA,125.71,125.71
SOFTTECH,135.03,135.03
E2E,95.67,95.67
SIRCA,36.83,36.83
SVLL,81.93,81.93
SONAMLTD,38.12,38.12
ADANIGREEN,244.79,202.75
PRITI,23.5,23.5
ACCURACY,359.9,359.9
RITES,36.37,36.37
GANGAFORGE,155.44,158.4
REPL,21.41,21.41
AVROIND,29.74,29.74
TEMBO,19.77,20.21
CREDITACC,13.71,13.71
AARON,44.98,44.98
LAGNAM,17.38,17.38
RPPL,27.05,27.05
AKG,48.48,48.48
IRCON,29.22,29.22
AHLADA,10.05,10.05
RAJMET,23.26,23.26
KSHITIJPOL,37.18,
GRSE,69.86,69.86
PARIN,144.29,144.29
SILGO,20.84,20.84
BBTCL,29.29,29.29
MARINE,137.83,138.52
ATGL,142.54,142.54
SHUBHLAXMI,19.18,19.18
UNIPARTS,18.44,18.44
SHRIRAMPPS,4.71,4.71
NILASPACES,24.12,24.12
AWHCL,22.46,22.46
RPSGVENT,13.33,13.33
MSTCLTD,28.74,28.74
ARVINDFASN,53.42,51.53
KHFM,122.92,122.92
RVNL,80.28,80.28
METROPOLIS,83.92,83.92
KPITTECH,71.23,71.23
NEOGEN,111.69,111.69
VIKASLIFE,,94.53
CONFIPET,27.03,27.03
PPL,12.78,12.78
INDIAMART,40.67,40.67
WEL,197.44,197.44
AFFLE,65.9,65.9
SPANDANA,9.75,9.75
HNDFDS,69.05,69.05
UJJIVANSFB,6.54,6.54
IRCTC,67.02,64.54
SAFARI,64.07,64.07
360ONE,42.11,39.25
HPIL,115.74,115.74
VISHWARAJ,23.28,23.28
FLUOROCHEM,83.65,83.65
KUANTUM,8.42,8.42
CHEMBOND,18.56,18.56
MGEL,19.08,19.08
SBICARD,28.19,28.19
HOMEFIRST,27.76,27.76
CSBBANK,10.4,10.4
ASCOM,37.74,37.62
EASEMYTRIP,66.62,40.3
ROSSARI,36.56,36.56
PRINCEPIPE,34.33,37.19
ESAFSFB,5.3,5.3
ARTEMISMED,69.82,69.82
SUMICHEM,57.98,57.98
LGHL,80.05,84.41
ASALCBR,25.26,25.26
MAHEPC,,2126.94
BAFNAPH,27.37,27.37
SUVENPHAR,84.39,84.39
STOVEKRAFT,57.84,57.84
KSOLVES,36.23,36.23
HAPPSTMNDS,47.7,49.69
AARTISURF,29.03,29.03
BOROLTD,63.19,63.19
MAXHEALTH,78.82,78.82
PAVNAIND,44.9,44.9
KALYANKJIL,88.36,88.36
SHAREINDIA,13.59,13.57
UNIDT,48.4,48.4
ANGELONE,16.2,16.2
NIRAJ,20.48,13.83
CAMS,53.23,53.23
SURYODAY,8.56,8.56
UTIAMC,14.88,14.88
RAILTEL,58.12,57.36
BECTORFOOD,56.27,56.27
ORCHPHARMA,75.33,75.33
INDIGOPNTS,48.9,48.9
LXCHEM,60.92,60.92
MTARTECH,98.94,98.94
FAIRCHEMOR,39.17,39.17
ANURAS,51.28,51.28
KANPRPLA,327.25,327.25
ISGEC,38.27,38.27
STYLAMIND,24.66,24.5
CLSEL,10.94,10.94
CARYSIL,38.58,38.58
SHAILY,63.07,63.07
MODISONLTD,24.27,30.5
FIBERWEB,21.45,21.45
BCLIND,18.13,18.06
BHAGCHEM,199.32,199.32
SBCL,41.02,41.02
SMCGLOBAL,7.1,7.1
QMSMEDI,21.95,21.95
NPST,6457.34,6457.34
ARIHANTCAP,10.56,10.56
NAZARA,77.49,76.79
IPL,37.81,37.81
GENCON,22.78,22.78
LODHA,64.93,61.72
HLEGLAS,72.99,67.66
VMARCIND,25.43,25.43
SONACOMS,70.24,69.67
UTKARSHBNK,10.22,10.22
PARAS,126.67,126.67
CRAFTSMAN,39.36,39.36
DODLA,35.7,35.7
EXXARO,171.95,171.95
JUBLINGREA,61.43,61.43
ROLEXRINGS,36.22,32.84
WALPAR,44.43,44.43
SHYAMMETL,18.64,18.64
KIMS,49.69,49.68
TATVA,87.71,87.71
CLEAN,67.28,67.28
AILIMITED,68.42,68.42
GLS,25.27,25.27
ABSLAMC,22.53,22.53
DEEPINDS,15.56,15.62
ZOMATO,389.7,389.7
PIXTRANS,24.4,24.4
WINDLAS,30.23,30.23
CARTRADE,52.36,52.36
KRSNAA,36.36,36.36
DEVYANI,1483.78,262.52
APTUS,24.02,24.02
SUPRIYA,28.55,28.55
ANMOL,8.8,8.8
BMETRICS,21.4,21.4
VIJAYA,66.72,65.93
AMIORG,123.07,55.57
VINEETLAB,57.51,57.51
SANSERA,41.15,41.15
BAJAJHCARE,,34.27
PRITIKAUTO,28.44,28.44
AAREYDRUGS,30.69,30.69
GRINFRA,13.37,16.64
INTLCONV,8.15,8.15
DUGLOBAL,661.48,661.48
REXPIPES,16.62,16.61
STEELCAS,17.73,17.73
UGROCAP,18.32,18.32
STARHEALTH,38.77,38.77
YUKEN,72.19,72.19
SGIL,41.69,41.69
SJS,30.81,30.81
POLICYBZR,498.98,666.48
NYKAA,1256.14,1256.14
MONARCH,15.95,15.94
QUADPRO,45.19,45.19
PRUDENT,64.66,64.66
EPIGRAL,29.22,29.22
GOCOLORS,70.93,70.93
TRACXN,134,134
CMSINFO,24.76,24.76
COASTCORP,88.31,88.31
MEDPLUS,126.38,126.38
TEGA,62.84,62.84
MANORG,68.03,68.03
METROBRAND,86.32,86.32
MICEL,29.38,32.78
FOODSIN,23.62,23.6
PARADEEP,29.7,29.7
KRITI,42.84,42.84
DYNAMIC,75.7,75.7
GANESHBE,19.31,19.29
GVPTECH,72.15,72.15
KOTYARK,43.76,43.76
MEDICAMEQ,54.81,54.81
SHIVALIK,51.63,51.63
PRECISION,16.97,16.97
DATAPATTNS,88.77,88.77
COOLCAPS,97.79,97.74
MEDANTA,66.93,66.93
MALLCOM,22.55,22.55
NIDAN,,22.45
ASIANENE,47.46,44.28
SMLT,17.87,17.87
RADIANTCMS,22.33,22.33
CHOICEIN,54.36,54.36
HARIOMPIPE,35.64,35.64
DCMSRIND,15.83,15.83
RAJRILTD,310.29,310.29
DYCL,35.39,35.39
FIVESTAR,23.34,23.34
VIRINCHI,31.49,31.49
SBC,62.79,62.79
RICHA,27.5,27.5
ELIN,63.03,63.03
MADHAVBAUG,68.12,68.12
MHLXMIRU,19.02,19.02
GATEWAY,20.62,20.62
ZIMLAB,30.97,30.97
JTLIND,33.66,33.66
RAINBOW,54.9,54.9
AETHER,140.74,73.68
ROTO,50.19,50.19
SPRL,30.69,30.69
INDOBORAX,15.28,15.28
RACE,364.9,364.9
ETHOSLTD,125.52,125.52
SONUINFRA,17.4,17.4
MSUMI,47.65,47.65
LEMERITE,258.47,258.47
HARSHA,42.31,42.31
OBCL,30.49,30.49
LICI,17.37,17.37
KRISHNADEF,100.82,100.82
PROPEQUITY,25.74,25.74
TVSSCS,8915.55,225.23
AMEYA,30.05,30.05
INOXGREEN,179.93,179.93
BIKAJI,70.29,70.29
SADHNANIQ,467.35,467.35
SKP,63.52,63.52
RILINFRA,30.76,30.76
HARDWYN,97.1,97.1
HMAAGRO,25.53,25.53
MEDICO,37.56,37.56
CMRSL,15.12,12.38
YATHARTH,33.14,33.14
AKSHAR,22.88,22.88
NGLFINE,37.55,37.55
SABAR,16.43,16.43
JFLLIFE,18.53,18.53
FIDEL,24.96,24.96
AXITA,32.75,32.75
PLAZACABLE,104.15,104.15
SENCO,43.58,43.58
TRU,50.66,50.66
RADHIKAJWE,18.23,18.23
SPLPETRO,38.82,38.82
RAMRAT,31.97,31.97
VIVIANA,118.68,118.68
CSLFINANCE,14.24,14.24
AGNI,227.55,227.55
KORE,184.11,180.11
GOYALALUM,56.5,56.5
RUSTOMJEE,133.29,133.29
GENSOL,66.44,66.33
DBOL,25.17,25.17
KANDARP,34.65,34.65
GSLSU,40.89,40.89
SPORTKING,20.01,20.01
MANORAMA,98.51,98.51
ARABIAN,26.34,26.34
GRMOVER,19.97,19.97
SYNCOMF,58.19,58.15
DJML,67.01,67.01
BAHETI,42.33,42.33
SULA,43.79,43.79
SIGNATURE,495.36,495.36
KRITINUT,14.45,14.45
MEGAFLEX,46.91,46.91
KALAMANDIR,23.92,23.92
AVALON,115.72,115.72
RITEZONE,14.87,14.87
CONCORDBIO,54.16,54.16
BAIDFIN,14.02,14.02
QUICKTOUCH,13.16,13.16
AMIABLE,9.52,9.52
KAMOPAINTS,85.31,85.31
DOLLEX,8.94,8.94
BLUEJET,55.25,52.92
MVGJL,18.31,18.31
SCPL,21.16,21.16
SUKHJITS,15.14,15.14
ARHAM,45.91,45.91
MANKIND,41.72,41.72
SKYGOLD,66.3,66.3
ARIHANTACA,59.84,59.84
SATINDLTD,4.29,4.29
DIVGIITTS,51.61,51.61
PRITIKA,60.15,60.15
USK,13.09,13.09
VERTEXPLUS,123.96,123.96
SRIVASAVI,28.23,28.23
IKIO,38.79,38.79
MANOMAY,42.09,42.09
FAZE3Q,28.81,28.81
LLOYDSME,27.67,27.67
AARTIPHARM,24.04,24.04
RHL,77.98,77.98
SAHYADRI,17.31,17.31
SAHANA,84.6,84.6
NINSYS,55.19,55.19
DUCOL,40.49,40.49
SBFC,32.27,32.27
SBGLP,73.08,73.08
ASMS,423.62,276.24
HYBRIDFIN,14.5,14.23
VIAZ,29.35,29.35
ZAGGLE,72.37,72.37
AGARWALFT,342.45,342.45
HONASA,172.26,172.26
RISHABH,38.75,38.75
IRMENERGY,29.21,29.21
SAH,317.63,317.63
DENEERS,18.39,18.39
CYIENTDLM,92.78,92.78
NIRMAN,73.79,73.79
AKI,142.94,142.94
YCCL,37.13,37.13
SYSTANGO,21.81,21.81
RATNAVEER,24.69,24.69
SECMARK,302.7,302.7
AUROIMPEX,13.91,13.91
ATAM,34.81,34.81
IDEAFORGE,112.38,112.38
CRAYONS,18.8,18.8
SHRITECH,14.14,14.14
LAL,47.74,47.74
URBAN,26.36,26.36
AARTECH,182.68,182.68
KRISHCA,30.28,30.28
ESFL,32.46,32.46
DOLPHIN,210,219.56
REMUS,43.47,43.47
ASHOKAMET,10.07,10.07
PENTAGON,20.56,20.56
CELLPOINT,37.13,37.13
PROV,67.67,67.67
NETWEB,148.98,148.98
AEROFLEX,47.17,47.04
EMSLIMITED,35.15,35.15
EFACTOR,17.64,17.64
VPRPL,27.5,27.5
DENTALKART,59.24,59.24
SYNOPTICS,14.1,14.1
KIRLPNU,58.3,55.92
ATL,29.82,29.82
COMMITTED,13.81,13.81
JSWINFRA,59.25,59.25
SANGANI,22.57,22.57
JLHL,48.76,48.78
DRONE,104.74,104.74
YASHO,49.98,49.98
SERVICE,26.13,26.13
KEL,49.26,49.26
VINSYS,24.03,24.03
ACSAL,13.17,13.17
SAROJA,21.63,21.63
SINDHUTRAD,38.41,38.41
ORIANA,71.77,71.77
CHAVDA,19.7,19.7
TRANSTEEL,12.67,12.5
KODYTECH,550.81,550.81
KARNIKA,35.34,35.34
SAAKSHI,75.28,75.28
HIGREEN,48.58,48.58
CELLECOR,38.89,38.89
SRGHFL,31.58,31.58
JIOFIN,180.32,180.32
CPS,76.78,76.78
NEWJAISA,67.04,67.04
WOMANCART,43.39,43.39
SHANTHALA,124.04,124.04
TREL,5.1,41.35
DIAMINESQ,63.86,63.86
VISHNUINFR,24.5,24.5
KONTOR,95.39,95.39
INSPIRE,16.69,16.69
MAITREYA,41.15,41.15
DIGIKORE,88.35,88.35
AMNPLST,77.21,77.21
VINYAS,218.42,218.42
KCPSUGIND,6.06,6.59
CAREERP,15.48,15.48
RAMKY,15.3,15.3
WABAG,31.6,30.71
OBEROIRLTY,29.54,29.54
COALINDIA,9.37,9.37
IOLCP,18.19,18.19
RPPINFRA,13.57,13.57
MOIL,25.35,25.35
RKDL,,357.19
PSB,65.98,65.98
STEL,62.5,62.5
HINDMOTORS,28.05,28.05
LOVABLE,65.19,65.19
VADILALIND,18.74,18.74
RELAXO,110.84,110.84
VSTTILLERS,28.76,28.76
KARMAENG,777.39,777.39
MAITHANALL,8.54,8.54
INVENTURE,16.34,14.21
PENINLAND,14.25,20.11
WHEELS,30,30
PREMIERPOL,20.87,20.87
SMLISUZU,24.59,24.59
FACT,427.72,159.59
ELECON,38.28,38.28
LAXMIMACH,54.11,54.11
PEL,,37.6
NELCO,88.52,88.52
MAHSCOOTER,48.89,50.49
TRENT,143.69,233.16
KECL,94.06,94.06
KCP,10.48,10.4
JBCHEPHARM,53.85,53.85
INFY,27.89,27.89
IFBIND,75.42,75.42
IGPL,50.42,50.42
GNFC,20.19,20.19
BHARATFORG,80.14,79.53
BASF,44.71,45.4
ARVIND,31.35,31.44
TATAMOTORS,10.15,10.09
MRPL,13.56,13.52
LINDEINDIA,151.51,151.51
ESCORTS,39.87,39.87
BAJAJHLDNG,72.85,72.85
ASHOKLEY,27.44,26.89
ALBERTDAVD,9.32,9.32
AKASH,329.92,329.92
DMART,123.21,123.21
AIRAN,31.63,31.63
ARIHANTSUP,18.8,18.8
CLEDUCATE,28.98,31.13
SHANKARA,19.43,19.43
WIPL,42.11,42.11
SIKKO,35.12,35.12
INFOBEAN,37.62,37.62
STARCEMENT,27.86,27.86
CDSL,51.2,51.2
AUBANK,28.41,27.37
DYNPRO,121.09,121.09
MAGADSUGAR,8.96,8.96
THEINVEST,60.24,60.24
SIS,45.71,45.71
SMSLIFE,43.12,43.12
GEEKAYWIRE,12.18,12.18
APEX,59.51,59.51
CHOLAHLDNG,7.19,7.19
ICICIGI,56.98,56.98
DPWIRES,26.24,26.24
AIROLAM,25.33,25.33
IEX,49.21,49.21
5PAISA,24.33,24.33
SILVERTUC,59.96,59.96
ONEPOINT,62.2,62.2
MOKSH,15.34,15.34
SILLYMONKS,173.86,173.86
SINTERCOM,304.62,304.62
KRITIKA,51.03,51.03
VINNY,27.7,27.7
IRISDOREME,45.51,45.51
TECHNOE,70.82,70.82
TREJHARA,17.78,145.07
DALBHARAT,38.56,34.47
PAR,19.76,19.76
POLYCAB,55.99,55.99
EMAMIPAP,9.56,9.56
DGCONTENT,34.83,34.83
OAL,183.03,183.03
SATIA,5.75,5.75
CHEMCON,52.05,52.05
WESTLIFE,285.99,285.99
MAZDOCK,54.03,54.03
DCI,42.14,42.14
IIFLSEC,10.27,10.27
GREENPANEL,37.15,37.15
APOLLOPIPE,56.08,56.08
ROUTE,24.91,25.86
SIGMA,20.27,20.27
EQUITASBNK,14.21,14.21
HINDWAREAP,83.88,83.88
LIKHITHA,25.07,25.07
PATANJALI,69.79,69.79
ATALREAL,26.33,26.33
UNIVPHOTO,13.26,13.26
POWERINDIA,269.9,269.9
RAJRATAN,39.49,39.49
GLAND,46.27,46.27
NDRAUTO,41.36,41.36
AAATECH,47.2,47.2
SIGACHI,34.17,34.17
ADL,1818.63,1818.63
ROML,56.3,56.3
NURECA,460.27,460.27
HERANBA,43.56,43.56
HPAL,44.3,44.66
KPIGREEN,72.04,71.94
ANANDRATHI,60.53,60.53
FINOPB,30.88,30.88
AWL,92.84,86.04
SAPPHIRE,297.02,297.02
NUVOCO,87.85,87.85
FUSION,10.02,10.02
TARSONS,61.09,61.09
RATEGAIN,63.23,63.23
LATENTVIEW,61.71,61.71
PASUPTAC,29.31,29.31
MAPMYINDIA,87.91,87.91
TMB,6.51,6.51
MANYAVAR,70.83,70.83
DMCC,62.77,62.77
EMIL,45.31,45.31
UMAEXPORTS,28.98,28.15
AHL,31.04,31.04
NRL,53.89,53.89
GRWRHITECH,27.57,27.57
EMUDHRA,89.77,89.77
STARTECK,16.82,16.82
ELDEHSG,27.45,27.45
SEJALLTD,102.93,102.93
RELCHEMQ,55.83,55.83
SYRMA,63.45,62.95
CAMPUS,102.73,102.73
VENUSPIPES,44.23,44.23
MEGASTAR,52.4,52.4
LANDMARK,43.61,42.23
DREAMFOLKS,36.26,36.26
DHARMAJ,27.09,27.09
GMRP&UI,162.32,
INDOAMIN,23.63,23.63
ACI,31.04,31.04
RITCO,23.83,23.83
CHEVIOT,12.28,12.28
KFINTECH,53.01,53.01
DCXINDIA,53.25,53.25
KAYNES,130.51,130.51
POCL,46.54,46.54
REDTAPE,74.46,74.46
PTCIL,559.78,559.78
PYRAMID,22.79,22.79
GHCLTEXTIL,32.64,32.64
UDS,27.02,27.02
RRKABEL,66.71,66.78
NUVAMA,30.03,30.03
NIITMTS,29.46,28.75
SANDUMA,25.97,25.97
MUFIN,152.8,146.89
CELLO,73.73,73.73
EMKAYTOOLS,12.96,12.96
AVSL,52.12,48.11
JALAN,,35.21
ACCORD,43.18,43.18
MANAV,12.42,12.42
CADSYS,9.81,10.01
BETA,34.28,34.28
AISL,26.91,26.91
FELIX,77.7,77.7
SOLEX,145.26,145.26
MDL,53.5,50
CONTI,360.43,359.77
SPECTRUM,147.39,147.39
UWCSL,43.28,43.28
SURANI,659.01,659.01
ABINFRA,78.85,79.98
PARTYCRUS,21.09,21.09
SIDDHIKA,16.62,16.62
MAKS,139.06,70.66
BEWLTD,34.68,34.68
ABCOTS,48.09,48.09
DKEGL,11.13,11.13
DESTINY,20.66,20.66
FOCE,36.91,36.91
JSLL,40.12,40.12
EUROBOND,59.67,59.67
SHIGAN,38.07,38.07
GSTL,83.69,83.69
KNAGRI,29.1,29.1
KRISHIVAL,51.51,51.51
SWARAJ,34.24,34.24
VEEKAYEM,29.04,29.04
MWL,27.43,27.43
ARISTO,17.42,17.42
SWASTIK,148.31,148.31
USASEEDS,25.55,25.55
ALLETEC,230.81,230.81
CLOUD,3.77,3.77
ANNAPURNA,91.33,91.33
PHANTOMFX,21.59,21.59
IPSL,24.65,24.65
JIWANRAM,20.9,20.9
FROG,35.83,35.83
ANLON,66.44,66.44
CMNL,14.06,13.86
RBMINFRA,58.21,58.21
HOMESFY,66.93,56.07
LRRPL,96.24,96.24
MCON,52.04,52.04
AGUL,16.58,16.58
MASTER,55.16,55.16
MOS,41.26,41.26
SPECTSTM,20.21,20.21
INFOLLION,32.15,32.15
INFINIUM,52.44,52.44
AATMAJ,71.46,71.46
SEL,115.76,115.76
GREENCHEF,34.56,34.56
MAGSON,25.63,25.63
MONOPHARMA,26.91,26.91
SSFL,73.65,73.65
SAHAJ,29.15,29.15
GLOBALPET,42.56,42.56
PRAMARA,40.72,40.72
ZEAL,21.97,21.97
UNIHEALTH,16.94,16.94
ONDOOR,47.09,46.66
PLADAINFO,9.16,9.16
SCML,20.91,20.91
MAL,8.85,8.85
BASILIC,46.71,46.71
MADHUSUDAN,25.86,25.86
GOYALSALT,34.64,34.64
HOLMARC,32.78,32.78
MARCO,33.72,33.72
MICROPRO,20.31,20.31
CANARYS,49.93,49.93
SARTELE,61.42,61.42
PARAGON,19.73,19.73
TATASTEEL,,53.23
SUNDARMFIN,30.55,29.22
VEDL,18.14,20.37
RELIANCE,25.45,25.45
BOSCHLTD,37.56,50.41
BATAINDIA,57.15,75.57
CARBORUNIV,71.37,71.37
DICIND,,144.19
MOTOGENFIN,125.6,125.6
RAMCOCEM,55.52,55.52
CENTURYTEX,92.78,92.78
ADORWELD,27.15,27.15
TORNTPHARM,64.83,67.69
FEDERALBNK,11.58,11.58
SUPREMEIND,65.8,65.8
BIRLACABLE,38.26,38.26
HONAUT,85.32,85.32
RANEHOLDIN,20.5,10.57
SUNPHARMA,39.61,39.03
SANDESH,6.54,6.54
ASHIMASYN,8.77,8.77
ADANIENT,84.2,79.66
INDBANK,23.44,23.44
RAJSREESUG,17.64,17.64
ONGC,8.81,8.58
BERGEPAINT,54.87,55.06
ANIKINDS,626.98,626.98
BSL,20.1,20.1
BLUEDART,65.89,65.89
SUZLON,110.09,102.73
TRIVENI,23.32,23.32
NAHARINDUS,70.78,58.56
EKC,18.98,18.61
ROHLTD,19.99,19.99
ENIL,33.32,33.32
JAGRAN,12.52,12.52
KEC,55.74,55.74
M&MFIN,18.61,18.61
BLKASHYAP,46.78,46.78
CENTURYPLY,57.7,56.4
SOLARINDS,95.3,95.3
MALUPAPER,88.12,88.12
KKCL,26.34,26.34
SUNTV,18.27,18.27
GPIL,15.83,15.82
EMKAY,14.46,14.46
BALPHARMA,25.39,25.39
SWELECTES,28.72,60.66
RATNAMANI,40.25,40.25
JKLAKSHMI,20.65,20.93
ALLCARGO,40.81,53.68
EMAMILTD,46.4,46.09
TECHM,56.41,56.48
SELAN,30.09,30.09
ANANTRAJ,56.97,56.97
HOVS,32.08,32.08
TALBROAUTO,22.35,31.81
JMFINANCIL,246.18,9.24
DCBBANK,6.9,6.9
RUCHIRA,7.99,7.99
VENUSREM,18.72,18.72
NFL,103.91,103.91
PLASTIBLEN,20.99,20.99
PARACABLES,28.95,28.95
AVTNPL,26.23,26.23
TIDEWATER,32.22,32.22
SARLAPOLY,20.03,20.03
AUTOIND,35.12,35.21
TTL,56.18,56.18
SMSPHARMA,44.08,44.08
LAOPALA,27.19,27.19
JKTYRE,12.56,12.24
THEMISMED,69.98,69.98
BALAMINES,33.32,33.32
BFUTILITIE,12.32,12.32
WEBELSOLAR,,267.46
INSECTICID,23.8,23.8
TIMETECHNO,22.82,22.82
V2RETAIL,82.3,82.3
ADSL,24.31,24.31
CENTRALBK,17.02,17.02
KPRMILL,39.91,39.91
PURVA,141.92,141.92
NAGREEKCAP,1,1.01
CENTUM,,352.83
MANGCHEFER,10.7,10.7
BAJAJELEC,87.5,87.5
RELIGARE,22.91,48.15
EDELWEISS,12.4,12.4
COLPAL,66.34,66.34
HITECHCORP,18.99,18.99
ECLERX,23.82,23.76
BRIGADE,59.11,59.11
MANAKSIA,7.7,5.83
ARIES,19.52,19.52
CEATLTD,17.61,16.53
CORDSCABLE,25.59,25.59
HERCULES,52.58,52.58
IRB,41.18,41.18
GSS,31.99,31.99
NAHARCAP,13.53,13.53
VGUARD,70.33,70.33
NESCO,17.49,17.49
DPSCLTD,118.68,118.68
BAJAJFINSV,15.6,15.6
GOKUL,240.6,18.88
RPGLIFE,34.94,34.94
RBL,15.74,15.42
ARCHIDPLY,38.26,38.26
VINYLINDIA,30.43,30.43
20MICRONS,17.67,17.33
JOCIL,77.62,77.62
COUNCODOS,37.85,37.85
MAWANASUG,11.1,11.1
AJMERA,23.71,23.71
MHRIL,68.88,68.88
VINATIORGA,67.9,67.9
NHPC,25.03,25.03
SUNTECK,114.88,114.88
SARDAEN,18.49,18.42
JSWENERGY,61.84,61.84
GODREJPROP,68.14,68.14
MMTC,222.83,316.11
JUBLFOOD,104.13,177.67
DBREALTY,8.42,8.96
MANINFRA,25.12,25.12
KSL,20.5,20.5
KIRLOSIND,15.19,13.7
TI,33.82,33.12
HMVL,193.91,193.91
AHLEAST,7.15,9.34
UGARSUGAR,41.06,41.06
ADFFOODS,33.03,33.03
APLAPOLLO,53.57,53.57
MINDACORP,54.86,54.86
DBSTOCKBRO,18.96,18.96
COMPUSOFT,56.05,56.05
NDL,15.41,15.41
HEXATRADEX,44.39,44.39
VSSL,22.31,22.31
SPECIALITY,26.96,26.96
KITEX,30.44,30.44
ROSSELLIND,170.24,168.84
ZUARI,6.04,6.04
VETO,18.3,18.3
REPCOHOME,7.24,7.24
JUSTDIAL,23.91,23.91
ATULAUTO,261.65,261.65
ORBTEXP,17.36,17.36
JPOLYINVST,27.15,27.15
CAPLIPOINT,24.93,24.93
SNOWMAN,103.36,103.36
SHARDACROP,33.81,33.81
CIGNITITEC,28.15,27.56
GOODLUCK,21.07,21.07
FCL,34.72,34.72
GULPOLY,65.45,65.45
LAMBODHARA,46.27,46.27
GENUSPAPER,181.4,181.4
VISHNU,27.42,27.42
MENONBE,10.04,10.04
JMA,9.24,9.24
MANAKSTEEL,12.68,12.76
AVANTIFEED,22.32,22.32
TPLPLASTEH,46.17,46.17
PNCINFRA,13.21,13.21
ALANKIT,27.68,27.68
SHYAMCENT,515.98,515.98
SYNGENE,69.53,72.01
AYMSYNTEX,379.75,88.39
MUTHOOTCAP,4.33,102.73
POWERMECH,35.46,35.46
SHREEPUSHK,21.42,21.42
COFFEEDAY,,6.07
LUXIND,55.46,55.46
TTKHLTCARE,28.12,34.86
SALZERELEC,30.98,30.98
LINCOLN,14.25,14.25
NH,31.02,31.02
OCCL,6.04,6.04
QUICKHEAL,73.25,73.25
VIDHIING,63.36,63.36
KELLTONTEC,21.92,21.92
BHARATWIRE,18.04,18.04
CROMPTON,59.28,59.28
PARAGMILK,23.09,23.09
BLS,42.15,42.15
SALONA,25.3,25.3
PREMEXPLN,118.53,118.53
MAHASTEEL,36.94,45.41
DAMODARIND,45.54,45.54
MGL,14.97,14.97
POKARNA,28.45,28.45
COMPINFO,.96,.96
GPTINFRA,31.98,31.98
ADVENZYMES,34.98,32.57
SPAL,27.67,27.67
NDGL,12.76,12.76
RBLBANK,10.06,10.06
CUPID,30.78,30.78
GNA,18.31,18.31
MARATHON,21.98,21.98
HPL,71.8,71.8
ENDURANCE,52.42,52.42
MAZDA,18.11,18.11
PNBHOUSING,13.19,13.19
KINGFA,28.23,28.23
PODDARMENT,15.39,15.39
NBIFIN,75.06,75.06
SFL,52.5,74.7
LAURUSLABS,153.18,153.18
ITDC,89.49,89.41
HISARMETAL,15.8,15.8
SPCENET,137.87,137.87
BHANDARI,25.39,25.39
BSE,63.27,63.27
JITFINFRA,26.82,32.45
TASTYBITE,60.56,60.56
URJA,379.7,379.7
DOLLAR,31.81,31.61
SCHAND,15.4,15.4
PSPPROJECT,22.42,22.42
ERIS,38.86,38.86
APCOTEXIND,39.52,39.52
RCF,49.14,58.47
RANASUG,13.06,13.06
DECCANCE,25.11,18.96
WSI,17.15,16.95
TATAPOWER,42.81,43.15
SUNFLAG,30.59,30.59
WIPRO,23.04,23.04
VSTIND,23.54,23.54
UNIVCABLES,69.94,69.94
MURUDCERA,55.28,55.28
IFCI,84.38,85.06
M&M,30.45,30.45
KABRAEXTRU,48.99,48.99
MANGLMCEM,39.65,39.65
PIDILITIND,86.73,84.44
HONDAPOWER,42.53,44.36
RUBYMILLS,20.04,20.04
GRAPHITE,9.47,35.71
CANFINHOME,13.67,13.67
ELECTCAST,14.19,14.19
CIPLA,28.94,27.96
HEROMOTOCO,27.13,26.29
HARRMALAYA,,1546.63
GIPCL,17.08,17.08
ITC,29.74,29.73
HINDCOMPOS,25.1,25.1
KAMATHOTEL,13.61,45.73
APOLLOTYRE,19.19,18.51
SHANTIGEAR,53.41,53.41
PRECWIRE,37.14,37.14
NILKAMAL,27.05,27.05
ICIL,22.64,22.64
SEAMECLTD,31.76,31.76
AUROPHARMA,26.94,26.07
EIHOTEL,37.56,37.06
GICHSGFIN,8.01,8.01
MOREPENLAB,34.44,34.44
WSTCSTPAPR,5.01,5.01
VENKEYS,22.9,22.9
GHCL,11.4,11.4
HIL,62.16,1162.9
EVERESTIND,104.08,123.78
BPL,40.46,40.46
PGHH,75.07,75.07
VESUVIUS,40.46,40.46
BOMDYEING,1.46,
NAVNETEDUL,19.03,20.74
GLAXO,74.65,66.08
CHOLAFIN,31.77,31.77
INDHOTEL,72.1,72.1
KOTAKBANK,16.61,19.2
GILLETTE,66.02,66.02
KANSAINER,36.24,36.24
FOSECOIND,48.94,49.17
GABRIEL,39.5,39.5
RALLIS,53.14,53.42
AMJLAND,17.08,17.08
KOPRAN,23.57,23.57
HEG,34.41,34.41
GODFRYPHLP,32.04,30.25
TATAINVEST,104.9,104.9
SUDARSCHEM,54.45,54.45
SAKHTISUG,3.75,
AKZOINDIA,33.9,33.9
HINDUNILVR,62.34,62.31
AMBUJACEM,36.25,38.12
FINCABLES,37.07,43.47
DCM,35.79,35.79
PVP,11.88,
GREENPLY,41.86,46.02
REMSONSIND,45.62,44.74
SWARAJENG,25.84,25.84
MRF,27.43,27.43
TNPETRO,17.31,15.45
EIMCOELECO,36.11,36.11
JAYAGROGN,15.49,15.49
SAMBHAAV,68.96,91.28
KEYFINSERV,8.83,8.83
SUNDRMBRAK,30.53,30.53
AARTIDRUGS,29.61,29.61
INDIANCARD,20.57,
DENORA,41.22,41.22
DYNAMATECH,37.4,71.61
MMFL,19.91,20.06
MPHASIS,32.97,32.97
RAMCOIND,27.42,27.42
INDRAMEDCO,21.68,21.68
BANKBARODA,6.74,6.74
SKMEGGPROD,12.15,12.15
HUDCO,28.23,28.23
INDSWFTLAB,3.39,14.6
SAREGAMA,49.38,49.38
ENGINERSIN,36.37,36.37
JAICORPLTD,112.61,112.61
GMDCLTD,20.46,20.46
MAHAPEXLTD,.5,32.5
ASAHIINDIA,53.1,53.1
J&KBANK,6.84,6.84
KOTHARIPRO,28.01,28.01
SOUTHBANK,5.64,5.64
ASTRAZEN,109.76,118.3
AXISBANK,13.12,13.12
CYIENT,27.71,26.14
KOKUYOCMLN,41.4,41.4
GOACARBON,8.63,8.63
SANGHVIMOV,20.48,20.48
NATIONALUM,15.99,18.92
JINDALSTEL,17.27,17.27
NIPPOBATRY,28.85,28.85
HCLTECH,26.32,26.32
ACCELYA,28.05,28.12
IOB,41.64,41.64
BIL,47.38,47.38
KTKBANK,6.2,6.2
AJANTPHARM,43.01,43.01
CALSOFT,40.26,40.26
TVSMOTOR,65.31,65.31
PNC,31.96,31.96
NLCINDIA,20.06,20.06
CHENNPETRO,5.56,5.56
KRBL,13.13,13.13
USHAMART,26.12,26.12
BALAJITELE,36.05,36.05
KHANDSE,261.31,261.31
GODREJCP,,78.39
LUPIN,39.75,39.75
BHARTIARTL,94.08,78.08
PONNIERODE,10.93,10.93
SURANAT&P,36.48,36.48
OFSS,37.28,37.28
CANBK,6,6
GODREJIND,45.42,45.42
BAGFILMS,21.93,21.93
TVSELECT,2529.88,2529.88
IGL,23.91,23.91
UNIENTER,29.28,29.28
PTC,11.61,11.36
MAHABANK,9.96,9.96
XPROINDIA,48.7,46.87
DATAMATICS,17.94,17.69
LT,31.48,31.62
CENTEXT,27.97,28.42
TCS,32.28,31.79
GULFPETRO,13.36,13.36
ASTRAMICRO,74.14,74.14
KOTARISUG,40.95,40.95
DWARKESH,38.66,38.66
XCHANGING,100.71,100.71
CONSOFINVT,13.45,13.45
EVEREADY,66.17,66.17
GOKEX,54.71,54.71
SSWL,5.17,15.19
PRIMESECU,31.51,35.55
JSWHL,61.33,61.33
GENUSPOWER,89.09,89.09
NECLIFE,136.27,136.27
GOLDIAM,21.86,21.86
IMPAL,20.75,20.75
REDINGTON,12.55,12.55
INDIANB,8.7,8.7
ICRA,37.39,37.39
FORTIS,53.63,54.53
HILTON,26.73,26.73
NAGREEKEXP,21,21
NELCAST,23.39,33.35
MAGNUM,38.82,135.96
MAANALU,21.46,21.46
BVCL,19.93,19.93
OIL,15.4,15.47
ZYDUSWELL,48.26,48.26
DBCORP,12.61,12.61
TRF,14.8,14.8
VASCONEQ,31.8,31.8
EMMBI,18.81,18.81
LGBBROSLTD,14.4,15.06
MANAPPURAM,7.72,7.72
GPPL,28.71,26.7
SASTASUNDR,8.26,8.32
CANTABIL,38.48,39.23
PRESTIGE,40.87,40.87
GRAVITA,47.3,47.3
JAMNAAUTO,25.66,25.66
KICL,36.32,48.16
TEXRAIL,104.72,104.72
MUTHOOTFIN,16.67,16.67
DHANUKA,32.4,32.4
DRREDDY,20.82,20.82
MAHSEAMLES,9.16,9.13
UCOBANK,31.35,31.35
JAIBALAJI,17.25,17.25
BIOCON,30.13,30.03
EXCELINDUS,101.55,101.55
TEXINFRA,431.27,431.27
WELENT,20.27,20.27
INDOCO,39.81,43.28
JSWSTEEL,29.31,31.28
SAKSOFT,32.87,32.87
WELCORP,18.95,18.95
JKPAPER,8.45,8.45
VHL,342.48,40.32
SPLIL,16.06,16.05
SASKEN,35.03,35.03
PILITA,57.85,57.85
AGRITECH,14.16,14.16
WONDERLA,33.27,33.27
GULFOILLUB,17.48,17.48
MONTECARLO,23.17,23.17
APOLSINHOT,35.53,35.53
GREENLAM,58.67,58.67
MANAKALUCO,39.56,39.56
LFIC,6.44,6.44
UFO,77.95,64.74
SKIPPER,43.82,43.82
ORICONENT,31.5,26.48
PKTEA,22.02,22.02
SHARDAMOTR,20.69,20.69
INDIGO,21.35,21.35
UMANGDAIRY,69.9,69.9
ALKEM,36.38,34.56
HITECH,49.68,49.68
HCG,124.59,133.92
SHRIPISTON,18.01,18.01
EICHERMOT,35.45,35.45
ZENSARTECH,25.33,25.33
IGARASHI,194.44,194.44
MUNJALSHOW,21.92,20.61
KARURVYSYA,10.15,10.15
THOMASCOOK,35.51,35.51
BHARATRAS,53.56,53.56
SOMANYCERA,29.27,30.34
KAJARIACER,55.52,55.49
3PLAND,36.5,36.5
SAIL,22.26,17.62
IDBI,16.39,16.39
DHAMPURSUG,14.41,14.41
DABUR,61.26,61.26
JAYSREETEA,27.94,
ESABINDIA,60.55,60.55
PRAKASH,9.23,9.23
SURYAROSNI,18.6,18.6
SHREECEM,43.07,43.07
HINDALCO,13.8,13.83
FINPIPE,21.73,36.06
CGPOWER,114.51,117.11
BEL,52.3,52.3
PEARLPOLY,77.96,77.96
GARFIBRES,34.8,34.8
SKFINDIA,48.53,48.53
MARICO,54.56,54.56
ZENITHEXPO,448.61,448.61
VISAKAIND,1099.39,1099.39
HITECHGEAR,14.53,37.67
PUNJABCHEM,33.65,33.65
JAGSNPHARM,46.51,46.51
RUCHINFRA,24.63,55.11
MADRASFERT,316,31.44
BODALCHEM,152.25,152.25
ASAHISONG,24.27,191.56
FILATEX,25.96,25.96
TDPOWERSYS,52.76,52.76
APLLTD,38.89,38.89
VASWANI,17.03,17.03
PANAMAPET,12.39,12.39
PAISALO,32.98,33.04
ONELIFECAP,34,34
SHAKTIPUMP,39.96,39.96
INDOTHAI,18.91,18.91
POLYMED,66.52,66.52
VIKASECO,43.1,43.1
GTPL,19.6,19.6
SALASAR,57.32,57.32
GANGESSECU,48.41,48.41
OPTIEMUS,80.81,80.81
ABCAPITAL,17.04,17.04
MATRIMONY,28.66,28.66
SBILIFE,83.08,83.08
TCPLPACK,25.69,25.69
TIINDIA,64.91,65.52
NIACL,49.8,49.8
HDFCLIFE,91.66,91.66
APOLLO,109.68,109.68
NEWGEN,50.94,50.94
GALAXYSURF,33.64,33.64
GMMPFAUDLR,34.25,34.25
HGINFRA,18.39,18.78
SUNDARMHLD,28.7,28.7
HAL,41.74,41.74
SANDHAR,37.18,38.1
LEMONTREE,61.04,61.04
ORIENTELEC,79.62,100.87
INDOSTAR,29.09,29.09
FINEORG,38.27,38.23
VARROC,18.14,18.14
HBSL,2.92,2.92
HDFCAMC,42.01,42.01
SIGIND,14.72,14.72
AAVAS,25.49,25.49
CHALET,69.9,69.9
PAKKA,30.06,30.06
INDNIPPON,25.93,25.93
CONCOR,49.68,49.68
REPRO,74.92,74.92
GODREJAGRO,45.93,45.93
GICRE,10.23,10.23
IFGLEXPOR,26.44,26.44
SHALBY,37.17,37.17
AMBER,82.39,82.39
ANUP,31.29,31.29
