SYMBOL,SERIES,SECURITY,HIGH/LOW,INDEX FLAG
A2ZINFRA,BE,A2Z INFRA ENGINEERING LTD,H
ABCOTS,SM,A B COTSPIN INDIA LIMITED,H
AKI,EQ,AKI INDIA LIMITED,H
ALPEXSOLAR,SM,ALPEX SOLAR LIMITED,H
ANLON,SM,ANLON TECHNOLOGY SOL LTD,H
ANTGRAPHIC,EQ,ANTARCTICA LTD,H
ARVEE,BE,ARVEE LABORATORIES I LTD,H
ATLANTAA,BE,ATLANTAA LIMITED,H
BCG,BZ,BRIGHTCOM GROUP LIMITED,H
CINEVISTA,BE,CINEVISTA LIMITED,H
CLOUD,SM,VARANIUM CLOUD LIMITED,H
CMRSL,SM,CYBER MEDIA RES & SER LTD,H
CONTI,SM,CONTINENTAL SEED CHEM LTD,H
CREATIVEYE,BE,CREATIVE EYE LIMITED,H
DBCORP,EQ,D.B.CORP LTD,H
DCMFINSERV,BE,DCM FINANCIAL SERVICES LT,H
E2E,BE,E2E NETWORKS LIMITED,H
EFACTOR,SM,E FACTOR EXPERIENCES LTD,H
ENSER,SM,ENSER COMMUNICATIONS LTD,H
EXCEL,EQ,EXCEL REALTY N INFRA LTD,H
FLFL,BZ,FUT LIFESTYLE FASH LTD,H
FROG,SM,FROG CELLSAT LIMITED,H
GAYAHWS,BE,GAYATRI HIGHWAYS LIMITED,H
GILLANDERS,EQ,GILLANDERS ARBUTHNOT LTD,H
GODHA,EQ,GODHA CABCON INSULAT LTD,H
GOENKA,BZ,GOENKA DIAMOND&JEWELS LTD,H
GRCL,SM,GAYATRI RUBB AND CHEM LTD,H
GVPTECH,EQ,GVP INFOTECH LIMITED,H
HIRECT,EQ,HIND RECTIFIER LIMITED,H
HOACFOODS,ST,HOAC FOODS INDIA LIMITED,H
HOMESFY,ST,HOMESFY REALTY LIMITED,H
HYBRIDFIN,EQ,HYBRID FINANCIAL SERVICE,H
IMPEXFERRO,BE,IMPEX FERRO TECH LIMITED,H
INDOTECH,BE,INDO TECH TRANSFORM LTD.,H
INVENTURE,EQ,INVENTURE GRO & SEC LTD,H
IRIS,BE,IRIS BUSINESS SERV LTD,H
JHS,BE,JHS SVEND. LAB. LTD,H
JITFINFRA,BE,JITF INFRALOGISTICS LTD,H
JUBLINDS,EQ,JUBILANT INDUSTRIES LTD,H
JYOTICNC,EQ,JYOTI CNC AUTOMATION LTD,H
JYOTISTRUC,BE,JYOTI STRUCTURES,H
KARMAENG,BE,KARMA ENERGY LIMITED,H
KAVVERITEL,EQ,KAVVERI TEL. LTD.,H
KBCGLOBAL,EQ,KBC GLOBAL LIMITED,H
KCK,SM,KCK INDUSTRIES LTD,H
KILITCH,EQ,KILITCH DRUGS INDIA LTD,H
KODYTECH,SM,KODY TECHNOLAB LIMITED,H
KRITIKA,BE,KRITIKA WIRES LIMITED,H
KSHITIJPOL,EQ,KSHITIJ POLYLINE LIMITED,H
LAL,EQ,LORENZINI APPARELS LTD,H
LGHL,BE,LAXMI GOLDORNA HOUSE LTD,H
MANAKCOAT,BE,MAN COAT METAL & IND LTD,H
MANORAMA,BE,MANORAMA INDUSTRIES LTD,H
MANORG,BE,MANGALAM ORGANICS LIMITED,H
MEGAFLEX,SM,MEGA FLEX PLASTICS LTD,H
NIRAJ,EQ,NIRAJ CEMENT STRUC LTD,H
ONELIFECAP,BE,ONELIFE CAP ADVISORS LTD,H
ORIANA,SM,ORIANA POWER LIMITED,H
OWAIS,SM,OWAIS METAL & MINERAL,H
PASHUPATI,SM,PASHUPATI COTSPIN LIMITED,H
PRATHAM,SM,PRATHAM EPC PROJECTS LTD,H
RAJRILTD,BE,RAJ RAYON INDUSTRIES LTD,H
RCOM,BE,RELIANCE COMMUNICATIONS L,H
REFRACTORY,ST,REFRACTORY SHAPES LIMITED,H
RHL,BE,ROBUST HOTELS LIMITED,H
ROML,BE,RAJ OIL MILLS LIMITED,H
RSSOFTWARE,BE,R. S. SOFTWARE (INDIA) LI,H
RTNPOWER,BE,RATTANINDIA POWER LIMITED,H
SABAR,SM,SABAR FLEX INDIA LIMITED,H
SAHANA,SM,SAHANA SYSTEM LIMITED,H
SINDHUTRAD,EQ,SINDHU TRADE LINKS LTD,H
SMSLIFE,EQ,SMS LIFESCIENCES (I) LTD,H
SPRL,ST,SP REFRACTORIES LIMITED,H
SRPL,BE,SHREE RAM PROTEINS LTD.,H
SSFL,SM,SRIVARI SPICES N FOODS L,H
SUPERSPIN,BE,SUPER SPINNING MILLS LTD,H
SUPREMEENG,BE,SUPREME ENGINEERING LTD,H
SWELECTES,EQ,SWELECT ENERGY SYS LTD,H
TARMAT,BE,TARMAT LIMITED,H
TGL,SM,TEERTH GOPICON LIMITED,H
TIMESGTY,BE,TIMES GUARANTY LIMITED,H
V2RETAIL,BE,V2 RETAIL LIMITED,H
VARDMNPOLY,EQ,VARDHMAN POLYTEX LTD.,H
VSCL,ST,VADIVARHE SPCLTY CHEM LTD,H
WALPAR,SM,WALPAR NUTRITIONS LIMITED,H
WEL,BE,WONDER ELECTRICALS LTD,H
WINSOME,BE,WINSOME YARNS LIMITED,H
WIPL,EQ,THE WESTERN INDIA PLY LTD,H
ZENITHSTL,EQ,ZENITH STEEL PIP IND LTD,H
3PLAND,EQ,3P LAND HOLDINGS LIMITED,L
63MOONS,EQ,63 MOONS TECHNOLOGIES LTD,L
669GS2024,GS,GOI LOAN  6.69% 2024,L
AAKASH,EQ,AAKASH EXPLORATION SER L,L
AGNI,SM,AGNI GREEN POWER LTD,L
AILIMITED,ST,ABHISHEK INTEGRATIONS LTD,L
AKSHOPTFBR,BE,AKSH OPTIFIBRE  LTD,L
ANTGRAPHIC,EQ,ANTARCTICA LTD,L
APS,SM,AUSTRALIAN PREM SOLAR I L,L
ARHAM,ST,ARHAM TECHNOLOGIES LTD,L
ARSHIYA,BE,ARSHIYA LIMITED,L
ASMS,EQ,BARTRONICS INDIA LIMITED,L
ATMASTCO,SM,ATMASTCO LIMITED,L
AURIONPRO,EQ,AURIONPRO SOLN LTD,L
AUSOMENT,BE,AUSOM ENTERPRISE LIMITED,L
BAHETI,SM,BAHETI RECYCLING IND LTD,L
BCONCEPTS,EQ,BRAND CONCEPTS LIMITED,L
BINANIIND,EQ,BINANI INDUSTRIES LTD,L
BMETRICS,SM,BOMBAY METRICS S C LTD,L
CADSYS,ST,CADSYS (INDIA) LIMITED,L
CEREBRAINT,BE,CEREBRA INT TECH LTD,L
CGRAPHICS,SM,CREATIVE GRAPHICS S IND L,L
CLOUD,SM,VARANIUM CLOUD LIMITED,L
CMMIPL,ST,CMM INFRAPROJECTS LIMITED,L
DOLPHIN,BE,DOLPHIN OFF ENT (IND) L,L
DRONE,SM,DRONE DESTINATION LIMITED,L
DUGLOBAL,SM,DUDIGITAL GLOBAL LIMITED,L
DYNAMIC,SM,DYNAMIC SRVCS & SEC LTD,L
ELGIRUBCO,BE,ELGI RUBBER CO. LTD,L
EMMIL,ST,ENERGY MISSION MACH IND L,L
ESCONET,SM,ESCONET TECHNOLOGIES LTD,L
FEL,BZ,FUTURE ENTERPRISES LTD,L
FELIX,SM,FELIX INDUSTRIES LTD.,L
FMNL,EQ,FUTURE MKT NETWORKS LTD,L
FSC,BZ,FUTURE SUPP CHAIN SOL LTD,L
GAYAHWS,BE,GAYATRI HIGHWAYS LIMITED,L
GIRIRAJ,ST,GIRIRAJ CIVIL DEVP LTD,L
GOENKA,BZ,GOENKA DIAMOND&JEWELS LTD,L
GREENPOWER,EQ,ORIENT GREEN POWER CO LTD,L
GTLINFRA,EQ,GTL INFRA.LTD,L
HBSL,EQ,HB STOCKHOLDINGS LIMITED,L
HEADSUP,BE,HEADS UP VENTURES LIMITED,L
HOACFOODS,ST,HOAC FOODS INDIA LIMITED,L
HUBTOWN,BE,HUBTOWN LIMITED,L
IEML,ST,INDIAN EMULSIFIERS LTD,L
IITL,EQ,INDUSTRIAL INV TRUST LTD,L
INOXGREEN,EQ,INOX GREEN ENERGY SER LTD,L
INOXWIND,EQ,INOX WIND LIMITED,L
IWEL,BE,INOX WIND ENERGY LIMITED,L
JSLL,ST,JEENA SIKHO LIFECARE LTD,L
KANANIIND,EQ,KANANI INDUSTRIES LTD,L
KBCGLOBAL,EQ,KBC GLOBAL LIMITED,L
KCEIL,SM,KAY CEE ENERGY & INFRA L,L
KDL,SM,KORE DIGITAL LIMITED,L
KEEPLEARN,BE,DSJ KEEP LEARNING LTD,L
KONSTELEC,SM,KONSTELEC ENGINEERS LTD,L
KONTOR,SM,KONTOR SPACE LIMITED,L
LLOYDS,SM,LLOYDS LUXURIES LIMITED,L
MAGNUM,EQ,MAGNUM VENTURES LTD.,L
MAITREYA,SM,MAITREYA MEDICARE LIMITED,L
MANDEEP,ST,MANDEEP AUTO INDUSTRIES L,L
MANINDS,EQ,MAN INDUSTRIES (I) LTD.,L
MBECL,EQ,MCNALLY BH. ENG. CO.LTD,L
MCL,EQ,MADHAV COPPER LIMITED,L
MCON,SM,MCON RASAYAN INDIA LTD,L
MDL,SM,MARVEL DECOR LIMITED,L
MITTAL,BE,MITTAL LIFE STYLE LIMITED,L
MTEDUCARE,BE,MT EDUCARE LTD,L
NILAINFRA,EQ,NILA INFRASTRUCTURES LTD,L
NOIDATOLL,EQ,NOIDA TOLL BRIDGE CO LTD,L
OMFURN,SM,OMFURN INDIA LIMITED,L
ORIANA,SM,ORIANA POWER LIMITED,L
OSIAHYPER,BE,OSIA HYPER RETAIL LIMITED,L
PALREDTEC,BE,PALRED TECHNOLOGIES LTD,L
PARACABLES,BE,PARAMOUNT COMM LTD,L
PEARLPOLY,BE,PEARL POLYMERS LTD,L
PERFECT,SM,PERFECT INFRAENGINEER LTD,L
PRATHAM,SM,PRATHAM EPC PROJECTS LTD,L
PRAXIS,BE,PRAXIS HOME RETAIL LTD,L
PRITI,EQ,PRITI INTERNATIONAL LTD,L
PRUDMOULI,BE,PRUDENTIAL SUGAR CORPORAT,L
PURVA,BE,PURAVANKARA LIMITED,L
PVP,EQ,PVP VENTURES LIMITED,L
QUESTLAB,ST,QUEST LABORATORIES LTD,L
RAMCOSYS,BE,RAMCO SYSTEMS LTD,L
RBMINFRA,SM,RBM INFRACON LIMITED,L
RCOM,BE,RELIANCE COMMUNICATIONS L,L
REFEX,EQ,REFEX INDUSTRIES LIMITED,L
REXPIPES,SM,REX PIPES AND CABLES LTD,L
RICHA,SM,RICHA INFO SYSTEMS LTD,L
ROCKINGDCE,SM,ROCKINGDEALS CIRCU ECO L,L
RSSOFTWARE,BE,R. S. SOFTWARE (INDIA) LI,L
RULKA,ST,RULKA ELECTRICALS LIMITED,L
RVHL,EQ,RAVINDER HEIGHTS LIMITED,L
S&SPOWER,BE,S&S POWER SWITCHGEARS,L
SADBHIN,EQ,SADBHAV INFRA PROJ LTD.,L
SAGARDEEP,EQ,SAGARDEEP ALLOYS LIMITED,L
SAHANA,SM,SAHANA SYSTEM LIMITED,L
SAMPANN,EQ,SAMPANN UTPADAN INDIA LTD,L
SANGINITA,BE,SANGINITA CHEMICALS LTD,L
SCHNEIDER,EQ,SCHNEIDER ELECTRIC INFRA,L
SECL,SM,SALASAR EXTERIOR CONT LTD,L
SEL,SM,SUNGARNER ENERGIES LTD,L
SEMAC,BE,SEMAC CONSULTANTS LIMITED,L
SHAKTIPUMP,EQ,SHAKTI PUMPS (I) LTD,L
SHANTI,BE,SHANTI OVERSEAS INDIA LTD,L
SHIVATEX,EQ,SHIVA TEXYARN LIMITED,L
SHRENIK,EQ,SHRENIK LIMITED,L
SHUBHLAXMI,SM,SHUBHLAXMI JEWEL ART LTD,L
SIMPLEXINF,BE,SIMPLEX INFRASTRUCTURES L,L
SJLOGISTIC,SM,S J LOGISTICS (INDIA) LTD,L
SMARTLINK,BE,SMARTLINK HOLDINGS LTD,L
SOLARA-RE,BE,SOLARA ACTIVE PHA SCI LTD,L
SOLEX,SM,SOLEX ENERGY LIMITED,L
SWARAJ,SM,SWARAJ SUITING LIMITED,L
TAC,SM,TAC INFOSEC LIMITED,L
TAKE,EQ,TAKE SOLUTIONS LTD,L
TARACHAND,BE,TARA CHAND INFRA SOLN LTD,L
TECHLABS,SM,TRIDENT TECHLABS LIMITED,L
TOUCHWOOD,EQ,TOUCHWOOD ENTERTAIN LTD.,L
TPHQ,BE,TEAMO PRODUCTIONS HQ LTD,L
TRUST,SM,TRUST FINTECH LIMITED,L
UNIINFO,BE,UNIINFO TELECOM SERVI LTD,L
URBAN,SM,URBAN ENVIRO WASTE MGMT L,L
VEEKAYEM,SM,VEEKAYEM FASH & APP LTD,L
VIJIFI-RE,BE,VIJI FINANCE LIMITED,L
VIVIANA,SM,VIVIANA POWER TECH LTD,L
WALCHANNAG,EQ,WALCHANDNAGAR INDUSTRIES,L
WINSOL,ST,WINSOL ENGINEERS LIMITED,L
WINSOME,BE,WINSOME YARNS LIMITED,L
