GAIN_LOSS,SECURITY,CLOSE_PRIC,PREV_CL_PR,PERCENT_CG
 ,Nifty 50 Sec., , , 
 , , , , 
G,DIVI S LABORATORIES LTD,      4392.10,      4255.25,3.22
G,SBI LIFE INSURANCE CO LTD,      1450.75,      1410.20,2.88
G,HDFC LIFE INS CO LTD,       578.45,       564.25,2.52
G,GRASIM INDUSTRIES LTD,      2440.35,      2390.65,2.08
G,HERO MOTOCORP LIMITED,      5183.95,      5083.90,1.97
G,DR. REDDY S LABORATORIES,      5965.30,      5872.70,1.58
G,ASIAN PAINTS LIMITED,      2911.20,      2872.30,1.35
G,WIPRO LTD,       456.05,       452.45,.8
G,BRITANNIA INDUSTRIES LTD,      5250.55,      5212.25,.73
G,TATA CONSUMER PRODUCT LTD,      1095.55,      1087.90,.7
G,JSW STEEL LIMITED,       907.35,       901.95,.6
G,SHRIRAM FINANCE LIMITED,      2393.70,      2380.00,.58
G,HINDALCO  INDUSTRIES  LTD,       681.30,       677.85,.51
G,HINDUSTAN UNILEVER LTD.,      2395.95,      2384.50,.48
G,HCL TECHNOLOGIES LTD,      1358.40,      1353.30,.38
G,BAJAJ FINSERV LTD.,      1599.65,      1595.80,.24
G,HDFC BANK LTD,      1530.50,      1527.70,.18
G,TITAN COMPANY LIMITED,      3409.40,      3403.40,.18
G,LARSEN & TOUBRO LTD.,      3658.20,      3652.00,.17
G,MAHINDRA & MAHINDRA LTD,      2552.80,      2549.10,.15
G,CIPLA LTD,      1479.45,      1478.65,.05
 , , , , 
L,ADANI PORT & SEZ LTD,      1400.50,      1431.65,-2.18
L,POWER GRID CORP. LTD.,       312.80,       317.95,-1.62
L,BHARAT PETROLEUM CORP  LT,       646.50,       656.05,-1.46
L,COAL INDIA LTD,       487.65,       494.45,-1.38
L,ADANI ENTERPRISES LIMITED,      3244.05,      3289.05,-1.37
L,OIL AND NATURAL GAS CORP.,       274.30,       277.65,-1.21
L,NTPC LTD,       365.40,       369.65,-1.15
L,TATA MOTORS LIMITED,       947.55,       958.50,-1.14
L,TECH MAHINDRA LIMITED,      1315.10,      1329.70,-1.1
L,BHARTI AIRTEL LIMITED,      1371.05,      1384.35,-0.96
L,RELIANCE INDUSTRIES LTD,      2912.40,      2932.50,-0.69
L,MARUTI SUZUKI INDIA LTD.,     12818.60,     12906.10,-0.68
L,APOLLO HOSPITALS ENTER. L,      5904.50,      5939.30,-0.59
L,ITC LTD,       429.00,       431.50,-0.58
L,EICHER MOTORS LTD,      4770.95,      4793.30,-0.47
L,ULTRATECH CEMENT LIMITED,     10178.90,     10225.50,-0.46
L,KOTAK MAHINDRA BANK LTD,      1703.65,      1711.00,-0.43
L,INDUSIND BANK LIMITED,      1459.35,      1465.10,-0.39
L,TATA STEEL LIMITED,       174.90,       175.50,-0.34
L,NESTLE INDIA LIMITED,      2451.70,      2459.90,-0.33
L,BAJAJ FINANCE LIMITED,      6873.05,      6895.50,-0.33
L,STATE BANK OF INDIA,       831.15,       833.70,-0.31
L,AXIS BANK LIMITED,      1183.40,      1187.00,-0.3
L,INFOSYS LIMITED,      1467.05,      1471.35,-0.29
L,ICICI BANK LTD.,      1126.95,      1129.80,-0.25
L,TATA CONSULTANCY SERV LT,      3839.90,      3847.05,-0.19
L,LTIMINDTREE LIMITED,      4885.95,      4892.05,-0.12
L,BAJAJ AUTO LIMITED,      8989.75,      8998.70,-0.1
L,SUN PHARMACEUTICAL IND L,      1464.90,      1466.05,-0.08
 , , , , 
 ,Nifty Next 50 Sec., , , 
 , , , , 
G,UNITED SPIRITS LIMITED,      1190.15,      1157.70,2.8
G,BERGER PAINTS (I) LTD,       496.05,       486.35,1.99
G,ICICI PRU LIFE INS CO LTD,       582.55,       572.90,1.68
G,COLGATE PALMOLIVE LTD.,      2702.80,      2667.40,1.33
G,PIDILITE INDUSTRIES LTD,      3047.85,      3019.90,0.93
G,MARICO LIMITED,       608.10,       602.55,0.92
G,SHREE CEMENT LIMITED,     25634.65,     25415.20,0.86
G,POWER FIN CORP LTD.,       517.15,       513.20,0.77
G,ICICI LOMBARD GIC LIMITED,      1635.15,      1623.55,0.71
G,DABUR INDIA LTD,       570.80,       567.40,0.6
G,TORRENT PHARMACEUTICALS L,      2666.70,      2655.25,0.43
G,SBI CARDS & PAY SER LTD,       705.45,       702.80,0.38
G,REC LIMITED,       580.20,       579.00,0.21
G,GODREJ CONSUMER PRODUCTS,      1331.00,      1328.95,0.15
G,TVS MOTOR COMPANY  LTD,      2251.65,      2249.55,0.09
 , , , , 
L,ADANI POWER LTD,       678.90,       704.85,-3.68
L,INFO EDGE (I) LTD,      6081.65,      6257.85,-2.82
L,DLF LIMITED,       820.00,       842.50,-2.67
L,HINDUSTAN AERONAUTICS LTD,      5019.75,      5142.35,-2.38
L,INDIAN RAILWAY FIN CORP L,       180.25,       184.55,-2.33
L,BANK OF BARODA,       264.30,       270.55,-2.31
L,ADANI TOTAL GAS LIMITED,       951.70,       972.60,-2.15
L,TATA POWER CO LTD,       436.90,       446.05,-2.05
L,ABB INDIA LIMITED,      8233.65,      8398.35,-1.96
L,LIFE INSURA CORP OF INDIA,      1016.00,      1036.05,-1.94
L,ADANI GREEN ENERGY LTD,      1893.65,      1929.50,-1.86
L,BHARAT ELECTRONICS LTD,       289.10,       294.45,-1.82
L,VARUN BEVERAGES LIMITED,      1470.05,      1496.55,-1.77
L,BAJAJ HOLDINGS & INVS LTD,      7852.60,      7988.30,-1.7
L,INDIAN RAIL TOUR CORP LTD,      1083.10,      1101.25,-1.65
L,BOSCH LIMITED,     31065.95,     31566.45,-1.59
L,ADANI ENERGY SOLUTION LTD,      1088.10,      1104.35,-1.47
L,TRENT LTD,      4615.90,      4682.00,-1.41
L,AVENUE SUPERMARTS LIMITED,      4474.45,      4537.35,-1.39
L,INTERGLOBE AVIATION LTD,      4197.05,      4252.95,-1.31
L,SRF LTD,      2280.00,      2309.90,-1.29
L,SAMVRDHNA MTHRSN INTL LTD,       142.00,       143.70,-1.18
L,ZOMATO LIMITED,       181.60,       183.65,-1.12
L,INDIAN OIL CORP LTD,       167.05,       168.90,-1.1
L,SIEMENS LTD,      7137.30,      7215.15,-1.08
L,PUNJAB NATIONAL BANK,       128.20,       129.55,-1.04
L,VEDANTA LIMITED,       454.95,       459.70,-1.03
L,GAIL (INDIA) LTD,       200.50,       202.45,-0.96
L,CANARA BANK,       115.95,       117.00,-0.9
L,JIO FIN SERVICES LTD,       356.85,       360.05,-0.89
 , , , , 
 ,OTHER SECURITIES, , , 
 , , , , 
G,SMS LIFESCIENCES (I) LTD,       835.55,       696.30,20
G,BOND 8.37% TAX FREE S3A,     10200.00,      8515.00,19.79
G,E FACTOR EXPERIENCES LTD,       161.80,       139.00,16.4
G,ASHIMA LTD,        33.20,        28.55,16.29
G,MEGATHERM INDUCTION LTD,       340.90,       303.70,12.25
G,HATSUN AGRO PRODUCT LTD.,      1119.75,      1000.95,11.87
G,GOKUL AGRO RESOURCES LTD,       156.95,       140.40,11.79
G,LAKSHMI FIN IND CORP LTD,       216.85,       194.65,11.41
G,SHRADHA INFRAPROJECTS LTD,        91.30,        82.25,11
G,NANDAN DENIM LIMITED,        41.05,        37.45,9.61
G,3M INDIA LIMITED,     33914.55,     30942.10,9.61
G,GARWARE TECH FIBRES LTD,      3499.80,      3207.90,9.1
G,SEC RE NCD 7.80% SR V,      1070.00,       983.90,8.75
G,FROG CELLSAT LIMITED,       317.05,       292.55,8.37
G,INVENTURE GRO & SEC LTD,         2.65,         2.45,8.16
G,EXCEL REALTY N INFRA LTD,          .70,          .65,7.69
G,PROZONE REALTY LIMITED,        33.15,        30.85,7.46
G,KRISHNA DEF AND ALD IND L,       586.45,       546.50,7.31
G,SHREE OSFM E-MOBILITY LTD,       144.10,       134.45,7.18
G,SAROJA PHARMA INDUS IND L,        46.00,        43.00,6.98
G,ORIENTAL AROMATICS LTD,       370.00,       346.35,6.83
G,RAMDEVBABA SOLVENT LTD,        92.85,        87.10,6.6
G,PLADA INFOTECH SERVICES L,        30.90,        29.00,6.55
G,PRIME FOCUS LIMITED,       104.80,        98.70,6.18
G,AMEYA PRECISION ENG LTD,        60.20,        56.85,5.89
G,CORAL INDIA FIN & HOUS LT,        50.15,        47.40,5.8
G,ANLON TECHNOLOGY SOL LTD,       423.00,       400.00,5.75
G,GODHA CABCON INSULAT LTD,          .95,          .90,5.56
G,ZF COM VE CTR SYS IND LTD,     17162.30,     16261.50,5.54
G,ICE MAKE REFRIGERAT LTD,       538.30,       510.15,5.52
 , , , , 
L,TFB 7.37% 2035 SR. 3A,      1184.00,      1476.00,-19.78
L,AATMAJ HEALTHCARE LIMITED,        26.70,        32.00,-16.56
L,SUNDARAM BRAK LININGS LTD,       741.00,       874.50,-15.27
L,TRIDHYA TECH LIMITED,        30.30,        35.70,-15.13
L,NAMAN IN-STORE (INDIA) L,        99.70,       111.45,-10.54
L,TRUST FINTECH LIMITED,       241.80,       268.65,-9.99
L,KONTOR SPACE LIMITED,       100.90,       112.10,-9.99
L,INOX WIND LIMITED,       147.75,       164.15,-9.99
L,PRITI INTERNATIONAL LTD,       149.80,       166.40,-9.98
L,GRILL SPLENDOUR SER LTD,        68.50,        75.65,-9.45
L,VINEET LABORATORIES LTD,        56.00,        61.40,-8.79
L,JASH ENGINEERING LIMITED,      2176.45,      2383.25,-8.68
L,ARVIND AND COMPANY,        51.00,        55.75,-8.52
L,SEC RED NCD 9.7% SR.VII,      1072.00,      1171.00,-8.45
L,MASTER COMPONENTS LIMITED,       211.00,       230.00,-8.26
L,OMFURN INDIA LIMITED,        67.10,        73.00,-8.08
L,GOLDSTAR POWER LIMITED,        14.65,        15.90,-7.86
L,DEEM ROLL TECH LIMITED,       100.75,       109.25,-7.78
L,MAHAMAYA STEEL INDS LTD,       105.60,       114.40,-7.69
L,ADOR WELDING LTD,      1260.50,      1362.80,-7.51
L,K2 INFRAGEN LIMITED,       157.20,       169.05,-7.01
L,AURANGABAD DISTILLERY LTD,       256.45,       275.70,-6.98
L,SIGMA SOLVE LIMITED,       404.15,       434.25,-6.93
L,SOM DIST & BREW LTD,       124.65,       133.85,-6.87
L,SOTAC PHARMACEUTICALS LTD,       117.00,       125.00,-6.4
L,D K ENTERPRISES GLOBAL L,        67.00,        71.50,-6.29
L,BHAGERIA INDUSTRIES LTD,       159.35,       169.85,-6.18
L,BEARDSELL LIMITED,        37.20,        39.60,-6.06
L,N R AGARWAL INDS LTD,       419.85,       446.85,-6.04
L,SHEETAL COOL PRODUCTS LTD,       492.25,       523.60,-5.99
