SECURITY,NEW,PREVIOUS,NEW_STATUS
COROMANDEL INTERNTL. LTD,1299.35,1273.95,H
HERO MOTOCORP LIMITED,5225,5198.15,H
PARAMOUNT COMM LTD,87,85.1,H
VIJAYA DIAGNOSTIC CEN LTD,844.45,837.95,H
2.50%GOLDBONDS2029SR-XI,7485,7475,H
PASHUPATI COTSPIN LIMITED,246.2,234.5,H
FROG CELLSAT LIMITED,321.8,311.55,H
V2 RETAIL LIMITED,544.8,540.5,H
MAN COAT METAL & IND LTD,63.55,62.55,H
GOI TBILL 91D-02/08/24,98.6,98.58,H
SEC RE NCD 8.75% SR.III,989,985.8,H
JSW INFRASTRUCTURE LTD,290.45,287.85,H
ICICIPRAMC - IPRU5008,51.45,51.25,H
GOI TBILL 364D-17/10/24,97.35,96.51,H
SEC RE NCD 9.80% SR.V,770,765,H
SEC RE NCD 9% SR.VI,980,979.95,H
THERMAX LTD,5550,5419.95,H
WELSPUN ENTERPRISES LTD.,463.5,448.15,H
SBIAMC - SETF10GILT,267,241.7,H
2.50%GOLDBONDS2027SR-VII,7539,7450,H
EDELAMC - EBBETF0425,1246.6,1243.55,H
LE MERITE EXPORTS LIMITED,89,84.85,H
DOMS INDUSTRIES LIMITED,2035,1967.9,H
GOI TBILL 182D-22/08/24,98.09,98,H
GOI TBILL 91D-06/06/24,99.81,99.73,H
GRETEX INDUSTRIES LTD.,130.85,127.65,H
RATTANINDIA POWER LIMITED,16.6,15.85,H
SUPREME POWER EQUIPMENT L,207,204,H
ICICIPRAMC - ICICIMOM30,35.91,35.8,H
8.79% SEC RED BOND S2B,1169.99,1168.99,H
8.92% SEC RED BOND S3B,1295,1285,H
SEC RE NCD 9.40% SR. III,1010,1000,H
TAX FREE7.60% SR.IIB,1134.92,1131.8,H
BOND 8.10% PA TAX FREE S2,1127.9,1127.7,H
SUNDARAM FINANCE HOLD LTD,297,289.9,H
2.50%GOLDBONDS2027SR-V,7425,7399,H
AXISAMC - AXISCETF,113.39,112,H
NIP IND ETF DIV OPP,80,79.9,H
GOI TBILL 182D-19/09/24,97.85,97.61,H
IRIS BUSINESS SERV LTD,240.9,229.45,H
GOI TBILL 182D-25/07/24,98.8,98.77,H
AVP INFRACON LIMITED,110.85,103,H
MARSHALL MACHINES LTD,32.45,29.85,H
GOI TBILL 364D-22/08/24,98.38,97.82,H
GOI LOAN  7.23% 2039,102.65,102.25,H
SEC RE NCD 9.05% SR.I,1036.35,1035.2,H
LICNAMC - LICNFESGP,871.24,847.79,H
PARIN FURNITURE LIMITED,196.3,191,H
2.50%GOLDBONDS2028SR-II,7372.96,7369.4,H
2.50%GOLDBONDS2028SR-V,7460,7452,H
KRISHNA DEF AND ALD IND L,648.8,546.5,H
ZODIAC ENERGY LIMITED,694.95,684.05,H
HAPPY FORGINGS LIMITED,1140,1124,H
SEC RE NCD 7.80% SR V,1070,1000,H
2.50%GOLDBONDS2031SR-II,7419,7400,H
GOI TBILL 364D-23/01/25,95.32,95,H
GOI TBILL 91D-15/08/24,98.4,98.39,H
7.74% TAX FREE NCD,1148,1147.5,H
THE WESTERN INDIA PLY LTD,185.3,182.5,H
BOND 8.65% PA TF TI-SIIB,1172.5,1172,H
BOND 8.88% PA TF TII-SIIB,1188,1179.7,H
BHARAT FORGE LTD,1600,1599,H
AUTOMOTIVE STAMPINGS & AS,956.4,924,H
SIGNET INDUSTRIES LIMITED,97.35,96.2,H
ICICIPRAMC - BHARATIWIN,114.35,112.8,H
ELGI RUBBER CO. LTD,82.6,68.45,H
LICNAMC - LICNMID100,52.7,52.5,H
SHEKHAWATI POLY-YARN LTD.,3.5,3.45,H
KCK INDUSTRIES LTD,184.1,175.35,H
SEC RE NCD 8.5% SR.I,1014,1008.45,H
SEC RE NCD 9.05% SR II,1042,1041,H
SEC RE NCD 9.10% SR I,1100,1000,H
PRATHAM EPC PROJECTS LTD,496.8,473.15,H
AMARA RAJA ENERGY MOB LTD,1277.5,1268.9,H
OWAIS METAL & MINERAL,1322.65,1321.75,H
REFRACTORY SHAPES LIMITED,127.95,121.9,H
SEC RE NCD 7.90% SR.III,995,980,H
SEC RE NCD 9.65% SR I,1047.76,1039,H
SEC RE NCD 9.10% SR III,1001,1000.23,H
BOND 8.37% TAX FREE S3A,10200,8515,H
TAX FREE7.35% SR.IIA,1123,1118.9,H
EXIDE INDUSTRIES LTD,517.4,500.45,H
ROLLATAINERS LIMITED,3.7,3.65,H
UTIAMC - SILVERETF,94.64,94.49,H
LCC INFOTECH LTD,2.65,2.6,H
GOI TBILL 182D-27/06/24,99.32,99.2,H
ICICIPRAMC - ICICICOMMO,92.98,92.87,H
7.43% TAX FREE TRI SR3B,1225,1215,H
DSPAMC - LIQUIDADD,1011.85,1011.68,H
TFB 7.53% 2030 SR. 2B,1150,1121.78,H
SEC RED NCD SR.X,1565,1550,H
GOI TBILL 364D-15/05/25,93.6,93.42,H
MARICO LIMITED,615.9,613.7,H
OBEROI REALTY LIMITED,1849,1818.85,H
SOLEX ENERGY LIMITED,1640,1598.75,H
MACPOWER CNC MACHINES LTD,1528,1510.2,H
MOTILALAMC - MOQUALITY,220,196.26,H
SEC RE NCD 8.35% SR.I,1045.35,1040,H
SP REFRACTORIES LIMITED,298.2,287.5,H
M K PROTEINS LIMITED,13.95,13.75,H
DSPAMC - DSPPVBKETF,25.7,25.18,H
ENSER COMMUNICATIONS LTD,147.15,145.35,H
MUTHOOT FINANCE LIMITED,1763,1753.9,H
JITF INFRALOGISTICS LTD,900.05,898.35,H
MOTILAL OS MIDCAP100 ETF,57.3,56.54,H
TRANSWARRANTY FIN. LTD.,21.35,20.95,H
SEC RE NCD 8.25% SR.I,1010,1009.85,H
TV VISION LIMITED,6.55,6.45,H
SRI ADHIKARI BRO TELE N L,157.05,154,H
DJ MEDIAPRINT & LOG LTD,348,346.95,H
KOTAKMAMC - KOTAKALPHA,52.65,52.25,H
BOND 8.63% PA TF TII-SIIA,1270,1260,H
GOI TBILL 182D-14/11/24,96.69,96.4,H
SEC RE NCD 8.20% SR.III,936,939,L
RACHANA INFRA LTD,28,28.7,L
OSIA HYPER RETAIL LIMITED,25.8,26.7,L
GRILL SPLENDOUR SER LTD,67.5,71.1,L
NAMAN IN-STORE (INDIA) L,91,108,L
SEMAC CONSULTANTS LIMITED,830.85,874.55,L
PREMIER ROADLINES LIMITED,81.95,84.45,L
SEC RE NCD SR.III,1001.1,1020.2,L
FUTURE SUPP CHAIN SOL LTD,4.6,4.7,L
PRESSTONIC ENGINEERING L,106.3,106.5,L
VINNY OVERSEAS LIMITED,4,4.05,L
SIGNPOST INDIA LIMITED,260,263.35,L
MANDEEP AUTO INDUSTRIES L,55.1,56.7,L
STARTECK FINANCE LIMITED,240.1,245,L
NANDANI CREATION LIMITED,51.75,52.8,L
SEC RED NCD 8.10% SR.IV,1001.5,1005,L
ABS MARINE SERVICES LTD,218.5,229.7,L
HOAC FOODS INDIA LIMITED,126.1,132.7,L
AATMAJ HEALTHCARE LIMITED,25.75,31.1,L
KBC GLOBAL LIMITED,1.65,1.7,L
VARANIUM CLOUD LIMITED,20.55,21.6,L
SIGNORIA CREATION LIMITED,130,130.05,L
MUKKA PROTEINS LIMITED,33.25,33.55,L
RAJSHREE POLYPACK LTD,70.95,71.3,L
VIBHOR STEEL TUBES LTD,256,260,L
SINCLAIRS HOTELS LIMITED,111,111.95,L
AARTECH SOLONICS LIMITED,206.65,210.85,L
SE RE NCD 9.35% SR.V OP2,1050,1054,L
GOKUL REFOILS & SOLV LTD,43.9,44.8,L
LANCOR HOLDINGS LIMITED,42.5,42.55,L
BOND 8.37% TAX FREE S3A,6820,8515,L
C P S SHAPERS LIMITED,335,337,L
SEC RE NCD SR III,1004.25,1020,L
SERENCD 9.05% SR.VI OPII,1002,1027,L
SEC RE NCD 10.25% SR XII,950,951,L
QMS MEDICAL ALLIED S LTD,100.7,102.55,L
DELPHI WORLD MONEY LTD,200,207.8,L
INDIAN EMULSIFIERS LTD,391.05,410,L
RULKA ELECTRICALS LIMITED,450.15,473.85,L
BLS E-SERVICES LIMITED,255,259.1,L
BODHI TREE MULTIMEDIA LTD,15.3,15.75,L
VIJI FINANCE LIMITED,2.85,2.9,L
MEDICO REMEDIES LIMITED,36,36.4,L
VISHWAS AGRI SEEDS LTD,82.6,83,L
INDEGENE LIMITED,508.3,521.2,L
RAJ TV NETWORK LTD,124.35,126.85,L
QUEST LABORATORIES LTD,126.35,133,L
SEC RE NCD 8.50% SR.IV,950,990,L
NDL VENTURES LIMITED,88,90,L
SEC RE NCD 10.25% SR I,930,951,L
HEADS UP VENTURES LIMITED,11.5,12.05,L
SEC RED NCD 8.88% SR. V,914,917.8,L

