Sector: Textile,
Date: 13-Aug-2024,
Note:- Statement: 1 = Standalone and 2 = Consolidated,
Generated by and for: sangram.dash.mobile@gmail.com,

Stock Name,Symbol,Industry,Market Cap(Rs. Cr.),TTM Statement,Period Ending,Total Debt(Rs. Cr.),Enterprise Value(Rs. Cr.),TTM Ending (Results),Net Sales (Rs. Cr.),Profit After Tax (Rs. Cr.),TTM Ending (Valuation),Price Earning Ratio(TTM),"PEG Ratio ",Price To Book Value(TTM),Statement,Year Ending,Debt Equity Ratio,Return On Equity(%),Return On Capital Employed(%),Symbol with Comma for External Upload
Page Industries Ltd.,PAGEIND,Textile,45810.41,1,2024-03,0,45489.36,2024-06,4626.78,576.06,2024-06,79.52,10.41,26,1,2024-03,0,38.36,49.84,"PAGEIND,"
K.P.R. Mill Ltd.,KPRMILL,Textile,29775.42,2,2024-03,1158.42,30754.84,2024-06,6058.61,805.82,2024-06,36.95,1.93,6.53,2,2024-03,0.27,19.97,21.09,"KPRMILL,"
Vedant Fashions Ltd.,MANYAVAR,Textile,26888.74,2,2024-03,0,26867.03,2024-06,1295.74,384.72,2024-06,69.89,3.91,16.24,2,2024-03,0,27.74,39.5,"MANYAVAR,"
Swan Energy Ltd.,SWANENERGY,Textile,21380.89,2,2024-03,3439.88,23501.19,2024-03,5017.15,585.97,2024-03,70.99,,3.41,2,2023-03,2.2,-3.49,2.55,"SWANENERGY,"
Trident Ltd.,TRIDENT,Textile - Spinning,18890.71,2,2024-03,2060.81,20420.32,2024-06,7057.83,332.52,2024-06,57.27,,4.31,2,2024-03,0.48,8.23,10.6,"TRIDENT,"
Welspun Living Ltd.,WELSPUNLIV,Textile,17098.97,2,2024-03,2520.51,19364.67,2024-06,10031.68,695.57,2024-06,24.25,,3.64,2,2023-03,0.58,5.03,6.35,"WELSPUNLIV,"
Lakshmi Machine Works Ltd.,LAXMIMACH,Textile - Machinery,15718.59,2,2024-03,0,14763.84,2024-06,4178,290.88,2024-06,54.04,4.95,5.79,2,2024-03,0,14.82,19.12,"LAXMIMACH,"
Vardhman Textiles Ltd.,VTL,Textile,14263.55,2,2024-03,1791.17,15966.93,2024-06,9494.97,693.28,2024-06,19.44,3.01,1.53,2,2023-03,0.2,9.9,11.66,"VTL,"
Alok Industries Ltd.,ALOKINDS,Textile,12452.82,2,2024-03,26007.62,38243.67,2024-06,5087.66,-826.59,2024-06,0,0,-0.62,2,2024-03,-1.32,0,-4.42,"ALOKINDS,"
Raymond Ltd.,RAYMOND,Textile - Weaving,12353.09,2,2024-03,3359.55,15187.06,2024-06,8185.71,643.86,2024-06,1.56,0.03,2.65,2,2024-03,0.73,43.84,34.55,"RAYMOND,"
Arvind Ltd.,ARVIND,Textile,10511.1,2,2024-03,1325.38,11760.67,2024-06,7715.08,326.48,2024-06,33.9,8.1,2.93,2,2024-03,0.37,10.24,13.64,"ARVIND,"
Garware Technical Fibres Ltd.,GARFIBRES,Textile,7402.85,2,2024-03,118.8,7347.91,2024-06,1336.2,211.98,2024-06,34.92,3.37,5.78,2,2023-03,0.13,17.33,21.38,"GARFIBRES,"
Indo Count Industries Ltd.,ICIL,Textile,7284.44,2,2024-03,914.09,8095.35,2024-06,3757.07,341.98,2024-06,21.3,0.52,3.36,2,2024-03,0.44,17.41,18.46,"ICIL,"
PDS Ltd.,PDSL,Textile,7228.97,2,2024-03,942.9,7487.79,2024-06,10878.77,206.36,2024-06,49.75,1.85,6.24,2,2024-03,0.84,18.9,19.16,"PDSL,"
Jindal Worldwide Ltd.,JINDWORLD,Textile,6749.52,2,2024-03,883.08,7328.05,2024-03,1814.09,75.66,2024-03,89.22,6.12,9.39,2,2023-03,1.29,19.52,16.07,"JINDWORLD,"
Lux Industries Ltd.,LUXIND,Textile,6689.6,2,2024-03,188.75,6825.68,2024-03,2314.27,125.6,2024-03,51.65,4.04,4.27,2,2023-03,0.17,9.96,12.81,"LUXIND,"
Gokaldas Exports Ltd.,GOKEX,Textile,6473.86,2,2024-03,619.56,6966.08,2024-06,2796.37,125.6,2024-06,51.54,1.05,3.37,2,2023-03,0.04,22.21,27.2,"GOKEX,"
LS Industries Ltd.,514446,Textile - Weaving,4784.79,1,2024-03,0,4781.59,2024-03,0.45,-3.32,2024-03,0,0,78.3,1,2024-03,0,-5.29,-4.66,"514446,"
Spright Agro Ltd.,531205,Textile,4416.22,1,2024-03,0.38,4416.57,2024-06,122.44,17.71,2024-06,249.42,0.58,37.74,1,2024-03,0.01,35.67,38.61,"531205,"
Bombay Dyeing And Manufacturing Company Ltd.,BOMDYEING,Textile,4400.23,2,2024-03,2.75,3923.77,2024-06,1641.44,3083.73,2024-06,1.43,,2.33,2,2024-03,0,939.18,186.13,"BOMDYEING,"
Pearl Global Industries Ltd.,PGIL,Textile,4308.41,2,2024-03,445.15,4387.06,2024-06,3594.74,183.69,2024-06,22.42,0.79,4.57,2,2024-03,0.56,22.36,24.15,"PGIL,"
SG Mart Ltd.,512329,Textile,4198.14,2,2024-03,181.89,3253.78,2024-03,2682.9,60.94,2024-03,68.89,45.09,3.77,1,2023-03,0,1.63,2.21,"512329,"
Ganesha Ecosphere Ltd.,GANECOS,Textile - Manmade  Fibres,3997.73,2,2024-03,398.79,4243.32,2024-06,1205.36,59.67,2024-06,67,,3.72,2,2023-03,0.79,11.47,10.79,"GANECOS,"
Kewal Kiran Clothing Ltd.,KKCL,Textile,3796.73,2,2024-03,2.48,3580.06,2024-03,860.5,154.51,2024-03,24.64,2.41,5.62,2,2023-03,0.09,23.22,28.33,"KKCL,"
TCNS Clothing Co. Ltd.,TCNSBRANDS,Textile,3489.89,1,2024-03,128.88,3616.83,2024-06,921.66,-311.31,2024-06,0,,14.33,1,2023-03,0.07,-3.22,3.27,"TCNSBRANDS,"
Mayur Uniquoters Ltd.,MAYURUNIQ,Textile,2850.99,2,2024-03,13.6,2795.27,2024-06,815.22,129.31,2024-06,22.05,15.09,3.15,2,2023-03,0.03,14.27,17.73,"MAYURUNIQ,"
Dollar Industries Ltd.,DOLLAR,Textile,2723.51,2,2024-03,306.09,3027.41,2024-06,1577.77,92.75,2024-06,29.94,7.22,3.49,2,2024-03,0.39,12.28,14.45,"DOLLAR,"
Filatex India Ltd.,FILATEX,Textile - Spinning,2551.73,2,2023-03,301.99,2757.95,2019-03,2874.1,84.98,2019-03,30.03,3.53,,1,2023-03,0.27,8.24,12.77,"FILATEX,"
Nitin Spinners Ltd.,NITINSPIN,Textile - Spinning,2335.66,1,2024-03,1339.11,3674.36,2024-06,3091.5,144.74,2024-06,16.14,0.63,1.97,1,2023-03,0.95,17.31,11.95,"NITINSPIN,"
Rupa & Company Ltd.,RUPA,Textile,2335.64,2,2024-03,222.68,2337.34,2024-06,1231.37,76.02,2024-06,30.73,,2.41,2,2023-03,0.27,5.99,7.72,"RUPA,"
Cantabil Retail India Ltd.,CANTABIL,Textile,2257.81,1,2024-03,9.75,2232.43,2024-03,615.44,62.22,2024-03,36.29,1.21,6.92,1,2023-03,0.11,35.25,58.02,"CANTABIL,"
Siyaram Silk Mills Ltd.,SIYSIL,Textile - Weaving,2187.97,2,2024-03,164.28,2343.34,2024-06,2043.87,186.26,2024-06,11.75,0.98,1.91,2,2024-03,0.14,16.25,20.67,"SIYSIL,"
S.P. Apparels Ltd.,SPAL,Textile,2164.11,2,2024-03,177.84,2262.7,2024-06,1085.05,92.7,2024-06,23.35,1.96,2.77,2,2023-03,0.32,12.58,14.98,"SPAL,"
Sangam (India) Ltd.,SANGAMIND,Textile,1967.15,2,2024-03,1065.02,3003.9,2024-06,2644.01,42.33,2024-06,46.47,1.15,1.97,2,2023-03,0.96,16.84,14.1,"SANGAMIND,"
Sportking India Ltd.,SPORTKING,Textile,1605.05,1,2024-03,874.82,2478.41,2024-06,2472.26,84,2024-06,19.11,0.8,1.72,1,2024-03,0.97,7.81,10.06,"SPORTKING,"
Century Enka Ltd.,CENTENKA,Textile,1602.85,2,2024-03,48.73,1647.43,2024-06,1843.67,56.48,2024-06,29.93,,1.15,2,2024-03,0.04,3.18,4.49,"CENTENKA,"
Kitex Garments Ltd.,KITEX,Textile,1592.34,2,2024-03,681.2,2204.3,2024-03,616.92,55.83,2024-03,28.27,,1.76,2,2023-03,0.03,6.82,9.47,"KITEX,"
Monte Carlo Fashions Ltd.,MONTECARLO,Textile,1389.57,2,2024-03,216.99,1598.36,2024-06,1049.14,59.51,2024-06,23.35,,1.78,2,2023-03,0.26,18.11,22.9,"MONTECARLO,"
Himatsingka Seide Ltd.,HIMATSEIDE,Textile,1386.28,2,2024-03,2798.13,4020.48,2024-06,2894.78,104.24,2024-06,13.3,,0.88,2,2023-03,1.86,-4.39,4.32,"HIMATSEIDE,"
Faze Three Ltd.,FAZE3Q,Textile,1335.23,2,2024-03,156.59,1423.47,2024-03,564.52,46.59,2024-03,28.66,1.02,4.11,2,2023-03,0.58,23.31,22.63,"FAZE3Q,"
Raj Rayon Industries Ltd.,RAJRILTD,Textile - Manmade  Fibres,1275.65,1,2024-03,176.33,1422.49,2024-03,745.1,4.04,2024-03,315.6,26.23,15.33,1,2023-03,1.2,-21.65,-6.82,"RAJRILTD,"
Mafatlal Industries Ltd.,500264,Textile,1241.84,2,2024-03,81.6,1055.74,2024-06,1944.91,101.65,2024-06,12.22,0.49,1.47,2,2024-03,0.1,13.86,11.77,"500264,"
Indo Rama Synthetics (India) Ltd.,INDORAMA,Textile - Manmade  Fibres,1173.18,2,2024-03,1316.68,2460.49,2024-06,4047.96,-167.44,2024-06,0,,3.36,2,2023-03,1.51,-4.19,2.95,"INDORAMA,"
Filatex Fashions Ltd.,FILATFASH,Textile,1150.1,1,2024-03,50.21,1199.75,2024-03,171.16,8.73,2024-03,130.37,0.7,1.32,1,2023-03,0.81,15.46,12.85,"FILATFASH,"
Nahar Spinning Mills Ltd.,NAHARSPING,Textile - Spinning,1142.19,1,2024-03,1151.01,2291.66,2024-06,3122,-26.94,2024-06,0,0,0.77,1,2023-03,0.47,7.02,7.5,"NAHARSPING,"
Jaybharat Textiles & Real Estate Ltd.,512233,Textile - Spinning,1071.94,1,2019-09,,1071.94,2019-12,30.97,-39.02,2019-12,0,,,1,2019-03,-1.14,0,-29.11,"512233,"
Sutlej Textiles And Industries Ltd.,SUTLEJTEX,Textile - Spinning,1065.38,2,2024-03,844.24,1903.8,2024-06,2656.79,-116.47,2024-06,0,,1.12,2,2024-03,0.88,-13.09,-7.17,"SUTLEJTEX,"
Voith Paper Fabrics India Ltd.,522122,Textile,1015.93,1,2024-03,0,839.68,2024-06,180.28,36.89,2024-06,27.54,2.91,2.83,1,2024-03,0,10.94,14.71,"522122,"
RSWM Ltd.,RSWM,Textile,1007.51,2,2024-03,1884.41,2884.03,2024-06,4364.06,-28.71,2024-06,0,0,0.79,2,2023-03,0.87,10.44,9.79,"RSWM,"
SBC Exports Ltd.,SBC,Textile,999.05,2,2024-03,24.89,1023.94,2024-06,222.27,13.67,2024-06,73.1,,20.12,2,2023-03,0.77,22.44,23.84,"SBC,"
GHCL Textiles Ltd.,GHCLTEXTIL,Textile - Spinning,988.83,1,2024-03,71.65,1048.52,2024-06,1078.52,32.69,2024-06,30.25,,0.71,1,2024-03,0.05,3.62,5.83,"GHCLTEXTIL,"
Ambika Cotton Mills Ltd.,AMBIKCO,Textile - Spinning,962.11,1,2024-03,81.98,827.25,2024-06,810.6,63.76,2024-06,15.09,1.17,1.09,1,2023-03,0,14.52,20.74,"AMBIKCO,"
Rajapalayam Mills Ltd.,532503,Textile - Spinning,899.94,2,2024-03,1081.67,1975.47,2024-06,875.76,-35.54,2024-06,65.78,,0.39,2,2024-03,0.47,-0.4,1.78,"532503,"
Gloster Ltd.,GLOSTERLTD,Textile,832.95,2,2024-03,183.58,983.68,2024-06,620.26,8.1,2024-06,102.85,,0.76,2,2024-03,0.17,2.22,3.3,"GLOSTERLTD,"
Cheviot Company Ltd.,CHEVIOT,Textile,820.37,1,2024-03,8.77,826.19,2024-06,441.49,79.04,2024-06,10.38,1.55,1.6,1,2024-03,0.02,14.09,17.06,"CHEVIOT,"
Sarla Performance Fibers Ltd.,SARLAPOLY,Textile - Manmade  Fibres,810.81,2,2024-03,135.06,934.07,2024-06,408.73,43.12,2024-06,18.77,3.51,1.82,2,2024-03,0.32,7.95,9.57,"SARLAPOLY,"
The Ruby Mills Ltd.,RUBYMILLS,Textile,793.87,1,2024-03,212.55,982.77,2024-06,230.15,46.08,2024-06,17.23,475.86,1.32,1,2023-03,0.43,6.47,5.95,"RUBYMILLS,"
Vishal Fabrics Ltd.,538598,Textile,729.18,1,2024-03,380.79,1098.94,2024-06,1461.85,23.59,2024-06,30.91,9.16,1.75,1,2024-03,0.92,5.27,9.25,"538598,"
Pashupati Cotspin Ltd.,PASHUPATI,Textile - Spinning,725.99,1,2024-03,150.59,876.58,2024-03,658.38,8.3,2024-03,87.43,,6.12,2,2023-03,1.56,3.48,6.05,"PASHUPATI,"
Donear Industries Ltd.,DONEAR,Textile,701.74,1,2024-03,337.55,1023.9,2024-03,799.14,34.71,2024-03,20.22,0.9,3.43,1,2023-03,2.07,23.61,16.12,"DONEAR,"
Ashima Ltd.,ASHIMASYN,Textile,684.61,2,2024-03,123.8,738.17,2022-03,208.42,21.67,2022-03,38.2,0.19,,1,2024-03,0.39,35.89,19.19,"ASHIMASYN,"
Stovec Industries Ltd.,504959,Textile - Machinery,681.14,1,2024-06,,656.17,2024-06,226.77,12.92,2024-06,52.74,,4.7,1,2023-12,0,5.76,7.33,"504959,"
Nandan Denim Ltd.,NDL,Textile,674.9,1,2024-03,329.68,948.67,2024-03,2010.09,44.97,2024-03,15.01,,1.15,1,2023-03,0.86,0.15,5.59,"NDL,"
AYM Syntex Ltd.,AYMSYNTEX,Textile,672.19,2,2024-03,305.99,958.6,2024-06,1385.82,15.76,2024-06,42.65,,1.58,2,2023-03,0.64,3.06,11.1,"AYMSYNTEX,"
Rudra Ecovation Ltd.,514010,Textile,668.77,1,2024-03,0.65,669.41,2024-03,19.62,-0.64,2024-03,0,0,18.81,1,2023-03,0.3,25.47,12.55,"514010,"
Nahar Industrial Enterprises Ltd.,NAHARINDUS,Textile - Spinning,652.19,2,2024-03,531.96,1177.08,2024-03,1471.76,9.46,2024-03,67.01,1.93,0.67,2,2023-03,0.29,8.5,9.76,"NAHARINDUS,"
Axita Cotton Ltd.,AXITA,Textile,643.59,1,2024-03,19.72,663.31,2024-06,1030.82,18.14,2024-06,35.49,0.5,9.45,1,2023-03,0,38.44,52.38,"AXITA,"
R&B Denims Ltd.,538119,Textile,631.88,2,2024-03,52.04,683.92,2024-03,349.05,21.98,2024-03,28.75,,3.9,2,2023-03,0.65,21.56,18.89,"538119,"
Precot Ltd.,PRECOT,Textile - Spinning,631.14,2,2024-03,368.85,992.24,2024-03,977.76,16.78,2024-03,37.61,4.88,1.51,2,2023-03,0.93,-6.12,0.44,"PRECOT,"
Swaraj Suiting Ltd.,SWARAJ,Textile,608.18,1,2024-03,175.05,783.24,2024-03,319.59,18.2,2024-03,33.42,,6.71,2,2023-03,1.71,8.89,10.41,"SWARAJ,"
Manomay Tex India Ltd.,MANOMAY,Textile - Weaving,547.24,1,2024-03,299.89,826.41,2024-06,598.08,15.7,2024-06,34.85,1.12,4.08,1,2023-03,1.25,14.09,12.94,"MANOMAY,"
Shree Karni Fabcom Ltd.,SHREEKARNI,Textile,526.86,1,2024-03,49.66,576.52,2024-03,130.8,13.01,2024-03,40.49,,16.42,2,2023-03,1.41,28.3,26.63,"SHREEKARNI,"
Iris Clothings Ltd.,IRISDOREME,Textile,526.54,1,2024-03,34.41,559.37,2024-06,129.19,11.56,2024-06,45.56,2.27,7.36,1,2023-03,0.5,15.64,17.8,"IRISDOREME,"
Integra Essentia Ltd.,ESSENTIA,Textile,517.83,2,2024-03,7.38,525.21,2024-06,308.33,16.51,2024-06,31.18,,3.06,2,2023-03,0.38,28.8,13.99,"ESSENTIA,"
Banswara Syntex Ltd.,BANSWRAS,Textile - Manmade  Fibres,507.66,2,2024-03,353.21,832.65,2024-06,1232.39,25.09,2024-06,18.74,3.48,0.95,2,2024-03,0.66,6.81,8.71,"BANSWRAS,"
Super Sales India Ltd.,512527,Textile - Spinning,500.79,1,2024-03,79.46,564.96,2024-06,408.64,14.98,2024-06,33.43,1.37,0.9,1,2024-03,0.14,4.01,5.81,"512527,"
Raghuvir Synthetics Ltd.,514316,Textile,490.57,2,2024-03,30.77,520.11,2024-06,256.87,6.03,2024-06,81.07,0.87,18.37,2,2024-03,1.17,19.52,15.99,"514316,"
Vardhman Acrylics Ltd.,VARDHACRLC,Textile - Manmade  Fibres,483.71,1,2024-03,1.14,481.27,2024-06,273.73,21.41,2024-06,22.59,,1.96,1,2023-03,0,14.36,18.83,"VARDHACRLC,"
Bella Casa Fashion & Retail Ltd.,539399,Textile,481.78,1,2024-03,42.02,523.65,2024-06,257.08,11.5,2024-06,41.89,13.88,5.46,1,2024-03,0.5,12.69,14.54,"539399,"
Orbit Exports Ltd.,ORBTEXP,Textile,477.74,2,2024-03,17.51,482.23,2024-06,194.55,28.14,2024-06,15.36,2.98,1.97,2,2023-03,0.12,16.7,19.74,"ORBTEXP,"
Le Merite Exports Ltd.,LEMERITE,Textile,455.53,1,2024-03,88.66,544.19,2024-03,468.15,1.74,2024-03,261.05,,4.76,2,2023-03,0.92,3.3,5.27,"LEMERITE,"
Lakshmi Mills Company Ltd.,502958,Textile,417.19,1,2024-03,140.06,553.42,2024-06,255.22,-9.21,2024-06,0,,0.48,1,2023-03,0.17,-0.79,0.18,"502958,"
Baroda Rayon Corporation Ltd.,500270,Textile,402.9,1,2024-03,211.4,614.29,2024-03,76.83,34.22,2024-03,11.77,0.07,1.21,1,2023-03,0.82,169.03,64.78,"500270,"
Lorenzini Apparels Ltd.,LAL,Textile,397.64,1,2024-03,16,413.44,2024-06,55.73,6.41,2024-06,62.03,1.47,5.56,1,2023-03,0.7,17.82,21.13,"LAL,"
DCM Nouvelle Ltd.,DCMNVL,Textile,392.42,2,2024-03,371.61,763.02,2024-06,1094.39,-6.7,2024-06,0,,1.26,2,2023-03,0.83,3.73,4.68,"DCMNVL,"
Ceenik Exports (India) Ltd.,531119,Textile,391.18,1,2024-06,22.36,413.54,2024-06,0,4.5,2024-06,86.85,6.91,36.22,1,2023-03,1.46,-5.88,3.81,"531119,"
Pasupati Acrylon Ltd.,PASUPTAC,Textile - Manmade  Fibres,367.67,1,2024-03,44.23,360.49,2024-06,610.22,23.23,2024-06,15.83,,1.08,1,2024-03,0.13,4.09,6.09,"PASUPTAC,"
VIP Clothing Ltd.,VIPCLOTHNG,Textile,364.42,1,2024-03,74.71,434.76,2024-03,183.28,-12.65,2024-03,0,0,2.63,1,2023-03,0.61,4.86,7.41,"VIPCLOTHNG,"
Bannari Amman Spinning Mills Ltd.,BASML,Textile - Spinning,350.86,2,2024-03,506.41,849.26,2024-03,1166.41,-12.99,2024-03,0,,0.88,2,2024-03,1.27,-5.4,2.04,"BASML,"
Karnika Industries Ltd.,KARNIKA,Textile,347.19,1,2024-03,52.1,399.29,2024-03,127.27,10.1,2024-03,34.36,,6.54,1,2023-03,2.9,45.76,23.12,"KARNIKA,"
MK Exim (India) Ltd.,538890,Textile,336.14,1,2024-03,0.62,313.91,2024-06,86.81,15.2,2024-06,22.11,0.2,3.95,2,2023-03,0.04,26.91,35.01,"538890,"
Zodiac Clothing Company Ltd.,ZODIACLOTH,Textile,326.48,2,2024-03,40.44,359.37,2024-06,150.69,-36.98,2024-06,0,0,1.38,2,2023-03,0.13,6.08,7.79,"ZODIACLOTH,"
Binny Ltd.,514215,Textile,314.59,1,2023-09,0.66,307.32,2023-12,158.61,22.78,2023-12,13.81,0.25,0.72,1,2023-03,0,16.24,28.96,"514215,"
Maral Overseas Ltd.,MARALOVER,Textile - Spinning,297.24,1,2024-03,424.24,716.5,2024-06,983.32,-1.8,2024-06,0,,2.38,1,2024-03,3.23,-7.17,4.97,"MARALOVER,"
Bhilwara Technical Textiles Ltd.,533108,Textile,283.17,2,2024-03,,282.72,2024-06,11.64,1.86,2024-06,21,,1.71,2,2023-03,0,-2.64,-2.25,"533108,"
VTM Ltd.,532893,Textile - Weaving,280.95,1,2024-03,3.63,282.98,2024-06,221.18,18.4,2024-06,15.27,1.24,1.05,1,2024-03,0.01,7.2,9.46,"532893,"
Loyal Textile Mills Ltd.,LOYALTEX,Textile,278.39,2,2024-03,622.16,883.69,2024-03,939.18,-44.69,2024-03,0,,0.87,2,2023-03,1.84,0.79,4.07,"LOYALTEX,"
Shri Dinesh Mills Ltd.,503804,Textile,276.58,2,2024-03,24.16,295.89,2024-06,101.42,47.35,2024-06,5.36,3.68,1.37,2,2024-03,0.12,26,31.33,"503804,"
Shekhawati Industries Ltd.,533301,Textile - Spinning,272.31,1,2024-03,0,271.96,2024-06,68.57,158.42,2024-06,1.72,0.07,28.27,1,2024-03,0,0,615.68,"533301,"
Ginni Filaments Ltd.,GINNIFILA,Textile - Spinning,270.65,1,2024-03,78.24,327.35,2024-06,625.32,-48.58,2024-06,0,,1.39,1,2023-03,0.92,-5.01,-0.52,"GINNIFILA,"
Indian Terrain Fashions Ltd.,INDTERRAIN,Textile,266.72,1,2024-03,93.82,331.7,2024-06,432.09,-27.41,2024-06,0,,1.47,1,2023-03,0.25,3.5,12.7,"INDTERRAIN,"
Vardhman Polytex Ltd.,VARDMNPOLY,Textile,266.63,1,2024-03,76.19,341.71,2024-03,370.64,-26.76,2024-03,0,0,-0.72,1,2023-03,-1.24,0,43.83,"VARDMNPOLY,"
RRIL Ltd.,531307,Textile,257.94,2,2024-03,7.72,265.67,2024-03,95.21,5.75,2024-03,44.88,,2.62,2,2023-03,0.22,16.06,20.04,"531307,"
AB Cotspin India Ltd.,ABCOTS,Textile,248.76,1,2024-03,121.67,370.38,2024-03,255.77,6.7,2024-03,37.13,3.32,5.87,1,2023-03,2.3,4.77,5.78,"ABCOTS,"
T.T. Ltd.,TTL,Textile,245.08,1,2024-03,128.9,373.68,2024-03,211.03,4.63,2024-03,52.91,19.88,5.59,1,2023-03,3.81,-27.87,4.01,"TTL,"
Lagnam Spintex Ltd.,LAGNAM,Textile,243.97,1,2024-03,377.75,621.44,2024-06,525.75,14.79,2024-06,16.5,0.66,2.21,1,2024-03,3.47,14.34,9.43,"LAGNAM,"
Shiva Texyarn Ltd.,SHIVATEX,Textile - Spinning,235.34,2,2024-03,95.73,326.73,2024-06,305.8,-3.51,2024-06,0,,1.89,2,2024-03,0.78,-7.25,-0.77,"SHIVATEX,"
SEL Manufacturing Company Ltd.,SELMC,Textile,223.89,2,2024-03,939.93,1160.43,2024-03,374.27,-192.95,2024-03,0,,-3.97,2,2024-03,-16.67,-418.82,-13.58,"SELMC,"
BSL Ltd.,BSL,Textile - Weaving,217.63,1,2024-03,437.22,654.48,2024-06,669.75,11.27,2024-06,19.32,0.29,1.89,1,2024-03,3.88,10.36,9.54,"BSL,"
Flexituff Ventures International Ltd.,533638,Textile,214.81,2,2024-03,662.98,713.16,2024-03,598.56,-184.09,2024-03,0,,-0.89,2,2023-03,-9.9,0,-15.08,"533638,"
United Polyfab Gujarat Ltd.,UNITEDPOLY,Textile - Weaving,213.93,1,2024-03,125.49,334.69,2024-03,908.48,6.61,2024-03,32.37,0.99,2.69,1,2023-03,1.88,9.47,9.73,"UNITEDPOLY,"
Eco Hotels & Resorts Ltd.,514402,Textile,210.92,2,2024-03,0,189.81,2024-06,0.15,-6.26,2024-06,0,,2.19,2,2024-03,0,0,-28.94,"514402,"
Lovable Lingerie Ltd.,LOVABLE,Textile,210.01,1,2024-03,6.9,216.46,2024-06,48.69,3.39,2024-06,61.88,,1.18,1,2024-03,0.04,2.46,3.31,"LOVABLE,"
Modern Threads (India) Ltd.,MODTHREAD,Textile - Spinning,209.56,1,2024-03,,200.24,2024-03,300.49,25.43,2024-03,8.24,0.3,1.62,1,2023-03,0,0,239.75,"MODTHREAD,"
Surat Trade and Mercantile Ltd.,530185,Textile - Manmade  Fibres,206.93,1,2024-03,0,206.03,2024-06,68.61,11.93,2024-06,17.35,,0.98,1,2024-03,0,4.52,6.74,"530185,"
Raja Bahadur International Ltd.,503127,Textile - Spinning,202.64,2,2024-03,152.55,355.19,2024-06,24.09,0.71,2024-06,287.03,26.39,-162.35,2,2023-03,-173.34,-299.19,4.04,"503127,"
Shahlon Silk Industries Ltd.,542862,Textile,194.68,1,2024-03,132.94,326.47,2024-06,319.1,3.61,2024-06,53.94,,1.97,1,2023-03,1.39,4.1,8.52,"542862,"
DCM Ltd.,DCM,Textile - Spinning,194.44,2,2024-03,,172.25,2024-03,70.84,5.7,2024-03,37.39,2.41,9.36,2,2023-03,0,17.35,28.24,"DCM,"
Mahalaxmi Rubtech Ltd.,MHLXMIRU,Textile,191.96,1,2024-03,16.03,186.09,2024-03,173.68,8.93,2024-03,17.4,1.01,3.63,2,2023-03,0.64,10.18,11.51,"MHLXMIRU,"
Weizmann Ltd.,WEIZMANIND,Textile,188.72,2,2024-03,7.73,195.33,2024-06,110.62,8.13,2024-06,27.49,3.81,2.55,2,2024-03,0.11,13.93,16.05,"WEIZMANIND,"
Lambodhara Textiles Ltd.,LAMBODHARA,Textile - Spinning,180.41,1,2024-03,56.84,233.81,2024-03,194.69,4.61,2024-03,39.13,1.64,1.75,1,2023-03,0.57,18.94,19.48,"LAMBODHARA,"
Suryalakshmi Cotton Mills Ltd.,SURYALAXMI,Textile,178.63,1,2024-03,225.9,395.56,2024-03,782.18,3.61,2024-03,49.52,2.13,0.68,1,2024-03,0.85,1.37,7.6,"SURYALAXMI,"
SPL Industries Ltd.,SPLIL,Textile,176.9,1,2024-03,,149.41,2024-03,199.25,11.75,2024-03,15.05,0.43,1.02,1,2023-03,0.07,15.9,21.67,"SPLIL,"
Winsome Textile Industries Ltd.,514470,Textile,174.16,1,2024-03,286.03,432.39,2024-06,837.11,20.95,2024-06,8.31,0.22,0.62,1,2023-03,1.09,10.05,13.68,"514470,"
Reliance Chemotex Industries Ltd.,RELCHEMQ,Textile - Spinning,172.6,1,2024-03,278.76,400.77,2024-03,367.19,3.21,2024-03,53.77,,1.29,1,2024-03,2.09,2.42,6.8,"RELCHEMQ,"
AI Champdany Industries Ltd.,532806,Textile - Weaving,170.38,2,2024-03,41.53,211.29,2024-03,44.27,-39.57,2024-03,0,0,8.54,2,2023-03,0.5,28.29,17.54,"532806,"
Digjam Ltd.,DIGJAMLMTD,Textile - Weaving,170.1,1,2024-03,50.84,220.94,2024-03,22.91,-12.11,2024-03,0,0,10.53,1,2023-03,2.61,-35.89,-7.19,"DIGJAMLMTD,"
CIL Nova Petrochemicals Ltd.,533407,Textile - Spinning,169.48,1,2024-03,17.58,184.44,2024-03,0,-3.26,2024-03,0,,3.56,1,2023-03,0,-2.97,-2.33,"533407,"
Indian Acrylics Ltd.,514165,Textile - Spinning,169.15,2,2024-03,183.58,352.73,2024-06,522.31,-53.49,2024-03,0,0,4.44,2,2023-03,1.93,23.63,20.42,"514165,"
Suryalata Spinning Mills Ltd.,514138,Textile - Spinning,167.42,2,2024-03,98.76,264.23,2024-06,466.1,16.04,2024-06,10.44,,0.67,2,2024-03,0.4,7.83,9.69,"514138,"
Bhandari Hosiery Exports Ltd.,BHANDARI,Textile,165.39,1,2024-03,116.72,282.12,2024-03,266.74,6.53,2024-03,25.32,4.53,1.12,1,2023-03,1.08,7.71,9.96,"BHANDARI,"
Indian Card Clothing Company Ltd.,INDIANCARD,Textile - Machinery,164.33,2,2024-03,21.08,162.54,2024-03,55.46,7.97,2024-03,20.63,0.78,0.67,2,2023-03,0.09,1.5,2.25,"INDIANCARD,"
Salona Cotspin Ltd.,SALONA,Textile - Spinning,157.87,1,2024-03,256.81,413.53,2024-03,722.26,6.13,2024-03,25.76,0.54,1.98,1,2023-03,2.12,26.77,13.88,"SALONA,"
Shri Techtex Ltd.,SHRITECH,Textile,156.19,1,2024-03,11.27,167.46,2024-03,76.38,12.28,2024-03,12.72,,1.86,1,2023-03,1.06,35.62,23.1,"SHRITECH,"
Deepak Spinners Ltd.,514030,Textile - Spinning,155.86,1,2024-03,42.93,198.23,2024-03,470.98,1.3,2024-03,119.58,,0.66,1,2024-03,0.18,0.55,2.12,"514030,"
Fiberweb (India) Ltd.,FIBERWEB,Textile,155.16,1,2024-03,6.87,158.33,2024-06,80.34,9.24,2024-06,16.8,,0.96,1,2023-03,0.04,-0.19,0.09,"FIBERWEB,"
Jamshri Realty Ltd.,502901,Textile,153.64,1,2024-03,47.32,200.28,2024-06,6.01,-1.92,2024-06,0,0,-19.66,1,2024-03,-6.01,0,-1,"502901,"
Globe Textiles (India) Ltd.,GLOBE,Textile,151.64,1,2024-03,63.6,215.24,2024-03,428.22,5.75,2024-03,26.37,4.12,1.46,1,2023-03,1.94,8.65,11.47,"GLOBE,"
JCT Ltd.,500223,Textile,150.22,1,2023-03,196.52,337.75,2023-06,556.55,-122.85,2023-06,0,,-2.26,1,2023-03,-7.4,-591.5,-20.39,"500223,"
Binayak Tex Processors Ltd.,523054,Textile,149.37,1,2024-03,50.51,194.68,2024-03,209.98,5.5,2024-03,26.88,0.53,1.6,1,2023-03,0.59,6.21,8.88,"523054,"
Bengal Tea & Fabrics Ltd.,532230,Textile - Spinning,149.09,1,2024-03,6.25,155.02,2024-03,56.12,-2.6,2024-03,0,,1.36,1,2024-03,0.06,-2.33,2.42,"532230,"
Amarjothi Spinning Mills Ltd.,521097,Textile - Spinning,148.47,2,2024-03,65.35,212.46,2024-06,231.8,13.67,2024-06,10.86,,0.75,2,2024-03,0.34,4.42,8.66,"521097,"
Premco Global Ltd.,530331,Textile,146.12,2,2024-03,3.54,115.9,2024-06,100.46,10.16,2024-06,14.38,0.65,1.26,2,2024-03,0.03,9.24,13.04,"530331,"
Active Clothing Co Ltd.,541144,Textile,144.2,1,2024-03,85.88,230.09,2024-03,212.35,4.86,2024-03,29.66,,2.08,1,2023-03,1.23,3.57,7.71,"541144,"
Pioneer Embroideries Ltd.,PIONEEREMB,Textile - Spinning,142.74,2,2024-03,106.4,247.56,2024-06,358.88,2.75,2024-06,49.37,,0.97,2,2024-03,0.76,2.68,5.79,"PIONEEREMB,"
Zenith Exports Ltd.,ZENITHEXPO,Textile,130.24,1,2024-03,5.54,110.59,2024-06,77.19,0.05,2024-06,0,0,1.62,1,2023-03,0.12,2,3.39,"ZENITHEXPO,"
APM Industries Ltd.,523537,Textile - Spinning,126.73,1,2024-03,28.6,154.82,2024-06,296.16,2.37,2024-06,53.47,4.76,0.75,1,2023-03,0.14,13.31,16.87,"523537,"
Shanti Spintex Ltd.,544059,Textile,125.28,1,2024-03,22.21,147.49,2024-03,505.83,13.02,2024-03,9.62,,1.9,1,2023-03,0.75,19.81,18.19,"544059,"
Jasch Industries Ltd.,500220,Textile - Weaving,121.85,1,2024-03,12.83,130.5,2024-06,187.42,11.16,2024-06,10.92,0.42,2.09,2,2023-03,0.08,19.98,26.28,"500220,"
Paras Petrofils Ltd.,521246,Textile - Manmade  Fibres,121.32,1,2024-03,,121.28,2024-06,0,-0.36,2024-06,0,,5.86,1,2023-03,0,1.64,1.42,"521246,"
Nagreeka Exports Ltd.,NAGREEKEXP,Textile - Spinning,118.68,1,2024-03,165.76,281.46,2024-03,559.03,6.01,2024-03,19.75,4.07,0.81,1,2023-03,1.63,2.76,3.76,"NAGREEKEXP,"
Ludlow Jute & Specialities Ltd.,526179,Textile - Weaving,117.66,1,2024-03,119.82,236.63,2024-06,427.56,-17.33,2024-06,0,,0.74,1,2023-03,0.68,0.76,3.33,"526179,"
Veekayem Fashion And Apparels Ltd.,VEEKAYEM,Textile,116.31,1,2024-03,95.65,211.96,2024-03,243.82,4.03,2024-03,28.9,7.42,3.12,1,2023-03,2.38,5.31,10.2,"VEEKAYEM,"
Damodar Industries Ltd.,DAMODARIND,Textile - Spinning,116.08,1,2024-03,265.55,380.75,2024-06,635.6,2.48,2024-06,46.77,,0.98,1,2024-03,2.22,4.45,8.97,"DAMODARIND,"
Gokak Textiles Ltd.,532957,Textile,113.22,2,2024-03,267.86,372.98,2024-03,104.05,-21.61,2024-03,0,0,-0.35,2,2023-03,-1.48,0,19.66,"532957,"
AK Spintex Ltd.,539300,Textile - Manmade  Fibres,113.11,1,2024-03,7.14,120.25,2024-06,111.17,7.01,2024-06,16.14,0.96,2.87,1,2023-03,0.33,27.26,27.5,"539300,"
Vinny Overseas Ltd.,VINNY,Textile,111.89,1,2024-03,15.14,126.78,2024-03,112.71,3.54,2024-03,31.57,,3.57,1,2023-03,0.62,9.04,10.78,"VINNY,"
United Cotfab Ltd.,544195,Textile,111.39,1,2024-03,47.51,158.9,,,,2024-03,12.85,,2.23,1,2024-03,3.5,63.89,25.2,"544195,"
Soma Textiles & Industries Ltd.,SOMATEX,Textile,111.26,2,2024-03,1.58,112.84,2024-06,6.05,21.9,2024-06,5.08,0.49,1.24,2,2023-03,0.13,0,327.35,"SOMATEX,"
MKP Mobility Ltd.,521244,Textile - Spinning,109.49,1,2024-03,0,109.06,2024-03,22.59,1.12,2024-03,96.41,1.27,17.38,1,2024-03,0,19.82,13.8,"521244,"
Everlon Financials Ltd.,514358,Textile - Spinning,107.79,1,2024-03,,107.79,2024-06,13.19,9.02,2024-06,11.95,0.28,5.54,1,2023-03,0,14.46,22.57,"514358,"
Kalahridhaan Trendz Ltd.,KTL,Textile,107.59,1,2024-03,67.08,174.67,2024-03,194.17,8.05,2024-03,13.36,,2.21,1,2023-03,3.37,45.02,18.91,"KTL,"
KG Petrochem Ltd.,531609,Textile,106.46,1,2024-03,121.03,227.29,2024-03,330.8,0.93,2024-03,114.1,,0.82,1,2023-03,0.9,6.28,8.28,"531609,"
Mohini Health & Hygiene Ltd.,MHHL,Textile,104.04,1,2024-03,22.52,126.56,2024-03,199.61,10.75,2024-03,9.68,1.53,1.16,2,2023-03,0.31,7.84,12.07,"MHHL,"
Mohite Industries Ltd.,532140,Textile - Spinning,101.46,2,2024-03,133.74,232.19,2024-03,125,2.35,2024-03,43.23,1.16,0.91,2,2023-03,0.96,6.26,8.46,"532140,"
Vippy Spinpro Ltd.,514302,Textile - Spinning,96.88,1,2024-03,62.07,158.95,2024-06,255.41,6.06,2024-06,16,0.62,1.27,1,2023-03,0.41,16.27,17.11,"514302,"
One Global Service Provider Ltd.,514330,Textile,95.24,1,2024-03,0.34,95.58,2024-03,63.01,7.11,2024-03,13.4,0.27,6.61,1,2023-03,0.05,20.89,19.63,"514330,"
Sanrhea Technical Textiles Ltd.,514280,Textile,94.97,1,2024-03,6.03,100.54,2024-03,68.04,5.2,2024-03,18.26,0.47,4.43,1,2023-03,0.42,16.91,19.16,"514280,"
Celebrity Fashions Ltd.,CELEBRITY,Textile,93.71,1,2024-03,53.73,143.86,2024-06,282.74,-8.55,2024-06,0,0,3.74,1,2023-03,3.06,29.51,13.41,"CELEBRITY,"
Aarvee Denims & Exports Ltd.,AARVEEDEN,Textile - Weaving,92.67,1,2023-09,327.03,411.09,2023-12,110.64,-53.6,2023-12,0,,2.02,1,2023-03,6.46,-73.83,-10.18,"AARVEEDEN,"
Acknit Industries Ltd.,530043,Textile,91.52,1,2024-03,58.55,149.27,2024-06,228.04,8.98,2024-06,10.19,0.41,1.13,1,2023-03,0.61,13.65,12.85,"530043,"
SVP Global Textiles Ltd.,SVPGLOB,Textile,87.28,2,2024-03,2462.44,2543.3,2024-03,301.9,-431.95,2024-03,0,,-0.61,2,2023-03,11.64,-62.34,-1.7,"SVPGLOB,"
Titan Intech Ltd.,521005,Textile,80.21,1,2024-03,2.41,82.62,2024-03,44.05,5.63,2024-03,14.25,0.07,1.35,1,2023-03,0.03,32.44,22.39,"521005,"
Candour Techtex Ltd.,522292,Textile,80.1,1,2024-03,34.64,107.9,2024-06,190.96,-0.09,2024-06,0,0,2.84,1,2023-03,0.6,8.37,7.46,"522292,"
Sky Industries Ltd.,526479,Textile,79.89,2,2024-03,12.21,86.73,2024-03,81.66,4.14,2024-03,19.3,0.19,2.01,2,2024-03,0.31,10.93,13.52,"526479,"
Riba Textiles Ltd.,531952,Textile,77.71,1,2024-03,67.68,140.62,2024-03,246.89,7.92,2024-03,9.81,1.42,0.87,1,2023-03,0.75,9.52,10.07,"531952,"
Shiva Mills Ltd.,SHIVAMILLS,Textile,76.03,1,2024-03,10.3,85.7,2024-06,169.09,-2.23,2024-06,0,,0.8,1,2024-03,0.11,-3.31,-3.07,"SHIVAMILLS,"
Bang Overseas Ltd.,BANG,Textile,75.88,2,2024-03,27.18,99.26,2024-03,133.72,-8.37,2024-03,0,,0.85,2,2023-03,0.34,1.19,3.73,"BANG,"
Virat Industries Ltd.,530521,Textile,74.29,1,2024-03,0.63,66.67,2024-06,28.56,0.45,2024-06,166.2,,2.87,1,2023-03,0.01,6.64,9.13,"530521,"
Arex Industries Ltd.,526851,Textile,73.18,1,2024-03,10.49,83.46,2024-06,52.3,3.1,2024-06,23.64,,2.26,1,2023-03,0.61,2.44,5.73,"526851,"
Ashnoor Textile Mills Ltd.,507872,Textile,73.07,1,2024-03,75.65,144.05,2024-06,147.04,9.68,2024-03,9.83,0.36,1.04,1,2023-03,1.25,11.43,8.8,"507872,"
Sambandam Spinning Mills Ltd.,521240,Textile - Spinning,70.37,2,2024-03,116.84,185.47,2024-06,234.4,-5.9,2024-06,0,,0.78,2,2023-03,1.3,-10.88,-0.78,"521240,"
PBM Polytex Ltd.,514087,Textile - Spinning,70.27,2,2024-03,1.08,67.98,2024-06,187.94,-5.15,2024-03,0,,0.59,2,2023-03,0,0.27,0.95,"514087,"
Katare Spinning Mills Ltd.,502933,Textile - Spinning,68.4,1,2024-06,3.62,72.02,2024-06,4.44,-2.08,2024-06,0,0,10.18,1,2023-03,0.37,-17.97,-11.25,"502933,"
Mish Designs Ltd.,544015,Textile - Weaving,68.04,1,2024-03,1.85,69.89,2024-03,13.15,0.81,2024-03,83.69,,22.82,1,2023-03,1.38,44.12,28.51,"544015,"
HP Cotton Textile Mills Ltd.,502873,Textile,67.6,2,2024-03,34.74,101.06,2024-06,92.58,2.29,2024-06,29.52,,4.75,2,2023-03,3.11,-83.19,-22.69,"502873,"
Signoria Creation Ltd.,SIGNORIA,Textile,66.61,1,2024-03,10.11,76.72,2024-03,19.54,2.41,2024-03,27.65,,3.84,1,2023-03,1.8,62.95,34.42,"SIGNORIA,"
KG Denim Ltd.,500239,Textile - Weaving,66.4,2,2024-03,218.19,280.27,2024-03,264.47,-25.74,2024-03,0,,3.08,2,2023-03,4.3,-46.72,-5.19,"500239,"
Vandana Knitwear Ltd.,532090,Textile,66.01,1,2024-03,0.78,66.79,2024-06,4.3,0.11,2024-06,594.68,21.15,5.77,1,2023-03,0.14,1.16,1.27,"532090,"
Gretex Industries Ltd.,GRETEX,Textile,64.33,1,2024-03,1.05,64.14,2024-03,31.13,9.98,2024-03,6.44,,2.72,2,2024-03,0.04,71.01,81.58,"GRETEX,"
Gini Silk Mills Ltd.,531744,Textile,63.48,1,2024-03,8.38,71.79,2024-06,42.58,2.94,2024-06,21.62,,1.32,1,2023-03,0.19,3.62,5.09,"531744,"
Swasti Vinayaka Synthetics Ltd.,510245,Textile,62.37,1,2024-03,2.75,64.57,2024-03,30.66,2.28,2024-03,31.58,,3.12,1,2023-03,0.13,11.7,16.76,"510245,"
GTN Industries Ltd.,500170,Textile - Spinning,61.5,1,2024-03,40.59,83.79,2024-06,182.29,-3.57,2024-06,0,0,0.7,1,2023-03,0.33,17.62,19.85,"500170,"
Garment Mantra Lifestyle Ltd.,539216,Textile,60.63,2,2024-03,78,138.63,2024-06,177.49,2.89,2024-06,20.92,,1.6,2,2023-03,1.18,2.68,7.04,"539216,"
Akshar Spintex Ltd.,AKSHAR,Textile,60,1,2024-03,18.98,78.97,2024-06,173.52,3.19,2024-06,18.81,,1.35,1,2023-03,0.43,-6.59,-3.67,"AKSHAR,"
Meera Industries Ltd.,540519,Textile - Machinery,58.51,2,2024-03,3.43,60.43,2024-06,33.9,2.28,2024-06,25.65,,2.23,2,2023-03,0,-5.39,-4.57,"540519,"
Dhanlaxmi Fabrics Ltd.,521151,Textile,58.45,2,2024-03,1.42,59.87,2024-06,18.26,-4.74,2024-06,0,,1.24,2,2023-03,0.18,0.67,2.73,"521151,"
Anjani Synthetics Ltd.,531223,Textile,58.14,1,2024-03,43.79,101.71,2024-03,254.24,4.26,2024-03,13.66,6.48,0.71,1,2023-03,0.64,4.53,7.14,"531223,"
Veejay Lakshmi Engineering Works Ltd.,522267,Textile - Machinery,56.53,2,2024-03,28.59,84.68,2024-06,84.28,-3.68,2024-06,0,,3.07,2,2023-03,1.39,-41.7,-20.85,"522267,"
Laxmi Cotspin Ltd.,LAXMICOT,Textile - Spinning,55.8,2,2024-03,50.19,105.98,2024-03,144.02,-0.3,2024-03,0,,1.14,2,2023-03,0.89,-11.56,-3.93,"LAXMICOT,"
Nandani Creation Ltd.,JAIPURKURT,Textile,55.32,2,2024-03,17.71,72.78,2024-06,55.61,2.6,2024-06,21.32,,1.22,2,2023-03,0.39,0.51,8.1,"JAIPURKURT,"
Wires & Fabriks (S.A.) Ltd.,507817,Textile,53.07,1,2024-03,82.38,134.92,2024-06,108.95,1.39,2024-06,38.13,11.93,1.08,1,2024-03,1.69,3.09,5.87,"507817,"
Shree Rajasthan Syntex Ltd.,503837,Textile - Manmade  Fibres,52.58,1,2024-03,14.42,67,2024-03,25.29,112.15,2024-03,0.47,,4.21,1,2023-03,-0.82,0,0,"503837,"
Angel Fibers Ltd.,541006,Textile,52.55,1,2024-03,47.34,99.89,2024-03,189.26,0.05,2024-03,0,,2.02,1,2023-03,2.13,-17.61,-1.3,"541006,"
CPS Shapers Ltd.,CPS,Textile,52.5,1,2024-03,9.2,61.7,2024-03,36.02,0.74,2024-03,71.14,,3.79,1,2023-03,5.96,472.57,42.64,"CPS,"
Addi Industries Ltd.,507852,Textile,52.09,2,2024-03,,-5.32,2024-03,0,4.66,2024-03,11.16,,0.67,2,2023-03,0,25.99,32.54,"507852,"
Felix Global Venture Ltd.,521228,Textile,51.85,2,2024-03,1.76,53.62,2024-06,1.08,0.61,2024-06,84.45,1.59,1.94,2,2023-03,0,18.5,18.51,"521228,"
STL Global Ltd.,SGL,Textile,51.36,1,2024-03,19.32,70.69,2024-03,86.79,-2.58,2024-03,0,,1.89,1,2023-03,0.63,0.75,1.79,"SGL,"
Jet Knitwears Ltd.,JETKNIT,Textile,50.68,1,2024-03,12.57,63.25,2024-03,32.75,0.55,2024-03,93,500.77,2.31,1,2023-03,0.64,5.68,8,"JETKNIT,"
Tirupati Foam Ltd.,540904,Textile,50.28,1,2024-03,38.16,87.89,2024-03,103.99,2.1,2024-03,23.91,,1.64,1,2023-03,1.52,6.71,10.33,"540904,"
Sri Ramakrishna Mills (Coimbatore) Ltd.,521178,Textile - Spinning,48.32,1,2024-03,33.41,81.73,2024-03,59.07,6.48,2024-03,7.46,0.48,2.6,1,2023-03,2.78,2.36,7.78,"521178,"
Hindoostan Mills Ltd.,509895,Textile,47.54,1,2024-03,,37.2,2024-06,83.06,1,2024-06,47.35,7.56,0.97,1,2023-03,0,-13.03,-12.2,"509895,"
Super Spinning Mills Ltd.,SUPERSPIN,Textile - Spinning,47.3,1,2024-03,25.08,63.76,2024-03,15.4,-12.54,2024-03,0,0,0.66,1,2024-03,0.35,-8.38,1.65,"SUPERSPIN,"
Suryaamba Spinning Mills Ltd.,533101,Textile - Spinning,47.09,1,2024-03,43.1,89.94,2024-03,218.57,1.75,2024-03,26.89,0.98,0.76,1,2023-03,0.74,13.93,15.59,"533101,"
Kamadgiri Fashion Ltd.,514322,Textile - Manmade  Fibres,46.97,1,2024-03,40.38,86.83,2024-06,213.51,0.25,2024-06,189.41,,1.36,2,2023-03,1.76,4.25,11.09,"514322,"
Sumeet Industries Ltd.,514211,Textile - Spinning,45.81,2,2024-03,490.09,535.9,2024-06,1006.8,-51.73,2024-06,0,,-0.25,2,2023-03,-4.15,0,-13.22,"514211,"
E-Land Apparel Ltd.,532820,Textile,44.87,1,2024-03,49.01,76.75,2024-03,215.39,-39.83,2024-03,0,0,-0.09,1,2023-03,-0.1,0,0,"532820,"
Patspin India Ltd.,514326,Textile - Spinning,44.74,1,2024-03,73.35,117.85,2024-03,43.84,-6.65,2024-03,0,,-0.82,1,2023-03,-1.6,0,-11.8,"514326,"
Morarjee Textiles Ltd.,MORARJEE,Textile - Weaving,44.62,1,2023-09,522.04,564.53,2023-12,70.86,-163.44,2023-12,0,,-0.12,2,2023-03,-1.85,0,-31.59,"MORARJEE,"
Libas Consumer Products Ltd.,LIBAS,Textile,44.47,2,2024-03,14.74,59.21,2024-03,74.29,5.21,2024-03,8.53,0.4,0.57,2,2023-03,0.14,12.73,13.01,"LIBAS,"
Lakhotia Polyesters (India) Ltd.,535387,Textile - Manmade  Fibres,44.41,1,2024-03,6.05,50.46,2024-06,25.2,-0.37,2024-06,0,,5.06,1,2023-03,0.9,-23.58,-8.2,"535387,"
Trident Texofab Ltd.,540726,Textile,44.21,1,2024-03,36.96,81.02,2024-06,102.1,1.9,2024-06,23.22,0.91,2.61,1,2023-03,2.29,15.8,13.07,"540726,"
Kallam Textiles Ltd.,530201,Textile - Spinning,43.99,1,2024-03,316.64,359.84,2024-03,367.38,-37.44,2024-03,0,,0.88,1,2024-03,6.34,-54.97,-5.45,"530201,"
Vera Synthetic Ltd.,VERA,Textile,43.43,1,2024-03,0,38.01,2024-03,39.45,1.79,2024-03,24.18,4.74,2.08,1,2024-03,0,8.97,12.33,"VERA,"
Betex India Ltd.,512477,Textile - Manmade  Fibres,41.78,1,2024-03,3.52,45.3,2024-06,91.93,3.33,2024-06,12.53,0.44,1.3,1,2023-03,0.09,11.82,15.44,"512477,"
Aditya Spinners Ltd.,521141,Textile - Spinning,40.58,1,2024-03,15.86,56.3,2024-06,60.58,0.96,2024-06,42.31,2.76,0.84,1,2024-03,0.32,3.87,5.26,"521141,"
Indo Cotspin Ltd.,538838,Textile - Spinning,39.18,1,2024-03,0.05,37.46,2024-06,16.34,0.13,2024-06,308.49,,5.64,1,2024-03,0.01,0.97,1.03,"538838,"
Mohit Industries Ltd.,MOHITIND,Textile,36.91,2,2024-03,52.4,89.13,2024-06,116.03,-1.67,2024-06,0,,0.14,2,2023-03,0.31,-0.92,1.49,"MOHITIND,"
K-Lifestyle Industries Ltd.,514221,Textile,36.81,1,2020-03,326.26,362.77,2019-12,3.37,-19.85,2020-03,0,0,,1,2020-03,-1.07,0,-5.89,"514221,"
Suditi Industries Ltd.,521113,Textile,36.52,2,2024-03,5.32,41.65,2024-03,67.71,-11.7,2024-03,0,,-1.7,2,2023-03,-0.15,0,-205.34,"521113,"
New Light Apparels Ltd.,540243,Textile,36.49,1,2024-03,4.01,40.5,2024-03,12.05,0.36,2024-03,99.43,,3.13,1,2023-03,2.62,-23.71,-5.8,"540243,"
Prakash Woollen & Synthetic Mills Ltd.,531437,Textile,36.24,1,2024-03,52.37,88.43,2024-06,99.6,1.31,2024-06,27.73,,0.78,1,2024-03,1.12,2.07,4.89,"531437,"
Suumaya Industries Ltd.,SUULD,Textile,36.23,2,2024-03,325.17,357.22,2024-03,1232.83,-1182.97,2024-03,0,,-0.14,2,2023-03,0.38,-41.13,-27.52,"SUULD,"
JBF Industries Ltd.,JBFIND,Textile - Manmade  Fibres,36.19,1,2024-03,2359.83,2395.51,2024-03,1.94,-10.63,2023-06,0,,-0.01,1,2023-03,-0.83,0,-313.86,"JBFIND,"
Markobenz Ventures Ltd.,514060,Textile - Weaving,35.71,1,2024-03,0,32.92,2024-06,38.91,2.57,2024-06,13.92,0.13,3.58,1,2024-03,0,0,0,"514060,"
Zenith Fibres Ltd.,514266,Textile - Manmade  Fibres,34.81,1,2024-03,,16.49,2024-06,39,2.17,2024-06,16.03,,0.63,1,2023-03,0,5.35,7.39,"514266,"
Jiwanram Sheoduttrai Industries Ltd.,JIWANRAM,Textile,34.52,1,2024-03,47.17,81.69,2024-03,43.05,1.75,2024-03,19.69,,0.72,1,2023-03,1.7,13.93,9.24,"JIWANRAM,"
Ventura Textiles Ltd.,516098,Textile,33.77,1,2024-03,7.23,41.01,2024-06,0.14,9.31,2024-06,3.63,,-3.88,1,2023-03,-1.18,0,-10.19,"516098,"
Texel Industries Ltd.,526638,Textile,33.16,2,2024-03,11.49,44.41,2024-06,94.14,-7.87,2024-06,0,,2.64,2,2024-03,0.81,-46.83,-9.29,"526638,"
Kapil Cotex Ltd.,512036,Textile,32.55,1,2024-03,,32.55,2024-03,0,1.53,2024-03,21.21,,3.01,1,2023-03,0,-0.2,-0.2,"512036,"
Advance Lifestyles Ltd.,521048,Textile,31.58,1,2024-03,40.29,71.86,2024-03,0,0.11,2024-03,148.25,,1.2,1,2023-03,1.4,0.09,0.04,"521048,"
Visagar Polytex Ltd.,506146,Textile,31.32,1,2024-03,6.5,37.81,2024-06,8.21,-15.38,2024-06,0,,27.79,1,2023-03,0.49,-7.84,-2.54,"506146,"
Spenta International Ltd.,526161,Textile,31.03,1,2024-03,22.48,43.83,2024-06,35.84,1.25,2024-06,24.86,,1.11,1,2023-03,0.75,4.27,6.41,"526161,"
Salguti Industries Ltd.,526554,Textile,30.97,1,2024-03,32.28,63.25,2024-03,86.6,-0.07,2024-03,0,0,3.48,1,2023-03,3.51,0.1,7.23,"526554,"
Cityman Ltd.,521210,Textile,30.96,1,2024-03,13.68,44.64,2024-03,0,-0.36,2024-03,0,0,-4.95,1,2023-03,-2.27,0,42.93,"521210,"
Blue chip Tex Industries Ltd.,506981,Textile - Manmade  Fibres,30.47,1,2024-03,4.43,34.45,2024-06,262.48,-0.21,2024-06,0,,1.11,1,2023-03,0.36,3.31,4.7,"506981,"
Alan Scott Enterprises Ltd.,539115,Textile,29.99,2,2024-03,8.58,38.57,2024-03,11.9,-3.5,2024-03,0,,-54.3,2,2023-03,2.64,-98.12,-39.35,"539115,"
Pasupati Spinning & Weaving Mills Ltd.,503092,Textile - Spinning,29.7,1,2024-03,51.86,79.24,2024-03,107.93,0.59,2024-03,50.34,4.04,0.98,1,2023-03,1.72,3.77,7.12,"503092,"
Maris Spinners Ltd.,531503,Textile - Spinning,29.63,1,2024-03,81.41,110.66,2024-06,156.12,-6.3,2024-06,0,,1.43,1,2024-03,3.82,-35.34,-4.26,"531503,"
Rishab Special Yarns Ltd.,514177,Textile - Manmade  Fibres,29.54,1,2024-03,0.3,29.84,2024-03,0,-0.13,2024-03,0,,50.9,1,2021-03,6.12,0,54.92,"514177,"
Winsome Yarns Ltd.,WINSOME,Textile - Spinning,29.2,1,2023-09,556.58,584.87,2023-12,27.44,-12.06,2023-12,0,,-0.07,2,2023-03,-1.36,0,-16.34,"WINSOME,"
Flora Textiles Ltd.,530705,Textile - Weaving,28.83,1,2024-03,6.34,35.17,2024-03,0.46,6.08,2024-03,4.74,,-4.61,1,2023-03,-1.03,0,-6.09,"530705,"
Sunil Industries Ltd.,521232,Textile,27.72,1,2024-03,54.05,76.3,2024-06,145.51,2.04,2024-06,13.61,0.72,0.6,1,2023-03,1.48,8.31,10.22,"521232,"
Shubham Polyspin Ltd.,542019,Textile,27.32,1,2024-03,9,34.26,2024-03,49.16,0.87,2024-03,31.62,10,1.78,1,2024-03,0.59,5.8,8.5,"542019,"
Valson Industries Ltd.,530459,Textile - Spinning,27,1,2024-03,17.02,42.7,2024-06,120.3,0.97,2024-06,27.77,,1,1,2023-03,0.63,0.07,4.05,"530459,"
Osiajee Texfab Ltd.,540198,Textile,26.77,2,2024-03,6.05,32.21,2024-03,2.38,1.16,2024-03,22.98,,2.69,2,2023-03,0.32,13.53,12.29,"540198,"
Southern Latex Ltd.,514454,Textile,25.61,1,2024-03,0.01,25.62,2024-06,0,0.23,2024-06,110.39,14.99,3.91,1,2022-03,0,3.34,4.13,"514454,"
Vijay Textiles Ltd.,530151,Textile,25.52,1,2024-03,214.92,228.38,2024-03,13.42,-23.18,2024-03,0,,0.57,1,2023-03,3.42,-9.62,-0.45,"530151,"
Prime Urban Development India Ltd.,521149,Textile,25.42,2,2024-03,7.64,32.82,2024-03,10.63,-2.04,2024-03,0,0,-6.78,2,2023-03,-6.16,0,-0.6,"521149,"
Prag Bosimi Synthetics Ltd.,500192,Textile,25.14,2,2024-03,159.1,184.24,2024-03,2.6,-11.57,2024-03,0,0,-2.29,2,2023-03,8.42,-132.83,-3.2,"500192,"
Sahaj Fashions Ltd.,SAHAJ,Textile,25.02,1,2024-03,36.17,61.19,2024-03,125.18,0.94,2024-03,26.5,,0.78,1,2022-03,2.95,2.96,7.86,"SAHAJ,"
Tuni Textile Mills Ltd.,531411,Textile - Weaving,24.95,1,2024-03,12.77,37.72,2024-03,56.5,0.32,2024-03,77.73,2.52,1.88,1,2023-03,0.78,2.01,6.52,"531411,"
LWS Knitwear Ltd.,531402,Textile,24.58,1,2024-03,19.48,43.65,2024-03,75.13,1.4,2024-03,17.55,0.73,2.02,1,2023-03,1.48,2.75,5.2,"531402,"
Jagjanani Textiles Ltd.,532825,Textile - Weaving,24.57,1,2024-03,0.13,24.7,2024-03,0,3.84,2024-03,6.4,,310.65,1,2023-03,-1.03,0,-13.88,"532825,"
Shree Bhavya Fabrics Ltd,521131,Textile,23.46,1,2024-03,57.6,79.46,2024-03,170.59,1.93,2024-03,12.16,4.31,0.71,1,2023-03,1.89,5.08,10.55,"521131,"
Suncity Synthetics Ltd.,530795,Textile - Manmade  Fibres,23.24,1,2024-03,4.64,27.88,2024-03,1.64,0.09,2024-03,181.53,,552.06,1,2023-03,-103.53,-803.95,4.43,"530795,"
Padam Cotton Yarns Ltd.,531395,Textile,22.72,1,2024-03,0,21.67,2024-06,0,1.93,2024-06,11.78,,3.25,1,2024-03,0,27.48,37.02,"531395,"
Bhudevi Infra Projects Ltd.,526488,Textile,22.35,1,2024-03,0.57,22.92,2024-03,3.62,0.91,2024-03,24.51,0.3,101.16,1,2023-03,0,0,0,"526488,"
Garware Synthetics Ltd.,514400,Textile - Spinning,21.49,1,2024-03,5.3,26.79,2024-06,10.48,0.05,2024-06,398.02,499.06,-11.06,1,2023-03,-5.94,0,7.13,"514400,"
Harish Textile Engineers Ltd.,542682,Textile - Machinery,21.19,1,2024-03,35.9,56.84,2024-03,131.04,-0.28,2024-03,0,,2.29,1,2023-03,4.16,-0.34,10.88,"542682,"
Garware Marine Industries Ltd.,509563,Textile,20.9,1,2024-03,,20.9,2024-06,0.87,0.12,2024-06,175.65,6.67,1.86,1,2023-03,0,1.21,1.23,"509563,"
Gem Spinners India Ltd.,521133,Textile - Spinning,20.87,1,2024-03,,20.87,2024-03,0,-0.58,2024-03,0,0,-13.14,1,2023-03,0,0,0,"521133,"
Samtex Fashions Ltd.,521206,Textile,20.86,2,2024-03,562.87,582.73,2024-06,0,-3.46,2024-06,0,0,-0.09,2,2023-03,-2.4,0,-1.69,"521206,"
Uniroyal Industries Ltd.,521226,Textile,20.84,2,2024-03,22.02,42.86,2024-06,102.04,1.51,2024-06,13.76,,1.07,2,2023-03,1.23,-4.63,2.94,"521226,"
Classic Filaments Ltd.,540310,Textile,20.79,1,2024-03,0.14,20.22,2024-06,0,-0.09,2024-06,0,,3.63,1,2024-03,0.03,-1.72,-1.69,"540310,"
Titaanium Ten Enterprise Ltd.,539985,Textile,20.75,1,2024-03,41.85,62.6,2024-03,191.52,1.32,2024-03,15.7,0.68,1.2,1,2023-03,2.91,10.55,10.32,"539985,"
Gujarat Hy-Spin Ltd.,540938,Textile - Spinning,20.1,1,2024-03,9.75,29.85,2024-03,91.76,0.17,2024-03,119.64,,1.06,1,2023-03,0.6,-2.82,2.13,"540938,"
Super Fine Knitters Ltd.,540269,Textile,19.3,1,2024-03,11.92,31.22,2024-03,27.99,0.58,2024-03,33.27,,0.85,1,2023-03,0.53,0.23,4.14,"540269,"
Billwin Industries Ltd.,543209,Textile - Machinery,19.14,1,2024-03,4.4,23.55,2024-03,4.9,0.78,2024-03,24.39,0.54,1.51,1,2023-03,0.8,13.92,14.4,"543209,"
Kotia Enterprises Ltd.,539599,Textile,18.42,1,2024-03,,18.42,2024-06,0.56,-0.08,2024-06,0,,1.94,1,2023-03,0,-2.5,-0.65,"539599,"
Kizi Apparels Ltd.,544221,Textile,18.38,1,2024-03,5.15,23.32,,,,2024-03,25.45,,1.6,1,2024-03,0.88,24.54,28.66,"544221,"
Spice Islands Industries Ltd.,526827,Textile,18.27,1,2024-03,0.63,18.72,2024-06,0.7,0.33,2024-06,55.55,3.52,-76.76,1,2024-03,-2.09,0,234.54,"526827,"
Mid India Industries Ltd.,500277,Textile - Spinning,18.22,1,2024-03,,18.22,2024-06,4.46,-0.54,2024-06,0,0,-4.04,1,2023-03,0,0,0,"500277,"
Pasari Spinning Mills Ltd.,521080,Textile - Spinning,17.84,1,2024-03,2.06,19.91,2024-03,0.69,0.42,2024-03,41.98,,-58.16,1,2023-03,-3.44,0,-11.42,"521080,"
Eastern Silk Industries Ltd.,EASTSILK,Textile,16.82,1,2024-03,58.15,59.71,2024-06,20.31,-8.84,2023-12,0,0,-0.31,1,2023-03,-3.37,0,-11.9,"EASTSILK,"
Vivaa Tradecom Ltd.,544002,Textile,16.54,1,2024-03,4.13,20.66,2024-03,198.41,0.7,2024-03,23.59,,0.82,1,2023-03,0.38,2.15,3.89,"544002,"
Sri Nachammai Cotton Mills Ltd.,521234,Textile - Spinning,16.08,1,2024-03,39.64,55.72,2024-06,60.44,-3.92,2024-06,0,,0.87,1,2023-03,1.97,-12.92,-1.18,"521234,"
Hisar Spinning Mills Ltd.,521068,Textile - Spinning,16,1,2024-03,3.09,19.09,2024-03,41.98,2.02,2024-03,7.92,0.43,0.72,1,2023-03,0.15,17.83,20.33,"521068,"
Adinath Textiles Ltd.,514113,Textile - Spinning,15.81,1,2024-03,,15.59,2024-03,0,0.48,2024-03,33.27,0.87,17.36,1,2023-03,0,34.15,29.56,"514113,"
Minaxi Textiles Ltd.,531456,Textile,15.81,1,2024-03,16.87,32.69,2024-03,34.29,-3.11,2024-03,0,,5.62,1,2023-03,3.44,-71.03,-20.54,"531456,"
Meyer Apparel Ltd.,531613,Textile,15.7,1,2024-03,0,15.66,2024-06,3.51,-1.58,2024-06,0,0,-0.49,1,2024-03,0,0,0,"531613,"
SRM Energy Ltd.,523222,Textile,15.65,2,2024-03,46.03,61.68,2024-03,0,-0.79,2024-03,0,,-0.34,2,2023-03,-1.03,0,-95.87,"523222,"
GTN Textiles Ltd.,532744,Textile - Spinning,15.3,2,2024-03,45.07,60.21,2024-03,0,0,2024-03,0,,-0.18,2,2023-03,-0.31,0,0,"532744,"
Kakatiya Textiles Ltd.,521054,Textile - Spinning,14.82,1,2024-03,15.71,30.46,2024-03,0.79,-1.47,2024-03,0,0,-1.04,1,2023-03,-1.45,0,19.14,"521054,"
Alps Industries Ltd.,ALPSINDUS,Textile,14.82,2,2024-03,828.33,843.15,2024-03,1.91,-56.25,2024-03,0,0,-0.02,2,2023-03,-1,0,0,"ALPSINDUS,"
Sri Lakshmi Saraswathi Textiles (Arni) Ltd.,521161,Textile - Spinning,14.72,1,2024-03,18.94,31.55,2024-06,115.32,-20.93,2024-06,0,,-0.27,1,2024-03,-0.4,0,0,"521161,"
SK International Export Ltd.,542728,Textile,13.93,1,2024-03,0.3,14.23,2024-03,4.2,-1.51,2024-03,0,,2.21,1,2023-03,0.04,-4.77,2.72,"542728,"
Jattashankar Industries Ltd.,514318,Textile - Manmade  Fibres,13.82,1,2024-03,,13.82,2024-03,16.31,3.82,2024-03,3.62,,0.7,1,2023-03,0,3.38,5.11,"514318,"
Suryavanshi Spinning Mills Ltd.,514140,Textile - Spinning,13.48,1,2024-03,17.92,31.4,2024-03,22.26,4.44,2024-03,1.99,3.23,-2.57,1,2023-03,-2.43,0,12.66,"514140,"
York Exports Ltd.,530675,Textile,13.35,2,2024-03,18.48,31.83,2024-03,31.57,0.82,2024-03,49.07,19.62,0.85,2,2023-03,0.91,6.4,8.27,"530675,"
Kush Industries Ltd.,514240,Textile,12.93,1,2024-03,11.75,21.35,2024-06,0.66,2.29,2024-06,5.66,0.7,-1.87,1,2023-03,-1.23,0,-3.29,"514240,"
Konark Synthetic Ltd.,514128,Textile,12.82,2,2024-03,31.22,44.05,2024-03,43.6,0.12,2024-03,84.93,9.14,0.43,2,2023-03,-3.42,0,-10.58,"514128,"
Jakharia Fabric Ltd.,JAKHARIA,Textile,12.8,1,2024-03,11.55,24.36,2024-03,88.8,0.9,2024-03,14.21,,0.69,2,2023-03,0.94,-11.07,-2.74,"JAKHARIA,"
Supertex Industries Ltd.,526133,Textile - Manmade  Fibres,12.58,1,2024-03,23.33,34.81,2024-06,109.09,0.13,2024-06,96.75,,0.42,1,2023-03,0.82,0.17,6.76,"526133,"
Eurotex Industries And Exports Ltd.,EUROTEXIND,Textile - Spinning,12.26,1,2024-03,38.01,50.27,2024-06,1.25,-6.07,2024-06,0,0,-0.44,1,2023-03,-1.88,0,-3.31,"EUROTEXIND,"
Seasons Textiles Ltd.,514264,Textile,12.04,1,2024-03,24.31,36.35,2024-06,26.23,-0.1,2024-03,0,,0.55,1,2023-03,0.69,-1.38,3.55,"514264,"
Shree Manufacturing Company Ltd.,503863,Textile - Spinning,11.71,1,2024-03,2.03,13.75,2024-06,0,-0.34,2024-06,0,,-4.27,1,2023-03,-0.71,0,0,"503863,"
Santosh Fine-Fab Ltd.,530035,Textile - Weaving,11.7,1,2024-03,4.85,16.55,2024-03,12.9,-0.94,2024-03,0,,2,1,2023-03,0.71,-0.21,4.43,"530035,"
Bindal Exports Ltd.,540148,Textile,10.81,1,2024-03,4.08,14.89,2024-03,30.24,0.32,2024-03,33.78,1.42,1.12,1,2023-03,0.52,4.45,6.02,"540148,"
Subhash Silk Mills Ltd.,530231,Textile,10.43,1,2024-03,0.86,11.3,2024-03,0,0.41,2024-03,22.58,0.75,0.98,1,2023-03,0.06,1.42,4.09,"530231,"
Oswal Yarns Ltd.,514460,Textile,10.2,1,2024-03,0.45,10.65,2024-06,1.96,-0.17,2024-06,0,,3.25,1,2023-03,0.08,-6.96,-6.25,"514460,"
Premier Synthetics Ltd.,509835,Textile - Spinning,10.06,1,2024-03,3.69,13.75,2024-03,52.74,-1.25,2024-03,0,,0.93,1,2023-03,0.79,0.15,4.75,"509835,"
Kandagiri Spinning Mills Ltd.,521242,Textile - Spinning,9.85,2,2024-03,18.11,27.94,2024-06,1.61,-2.22,2024-06,0,0,-1.45,2,2023-03,-3.09,0,25.18,"521242,"
Haria Apparels Ltd.,538081,Textile,9.02,1,2024-03,1.31,10.33,2024-03,0,0.89,2024-03,10.11,,1.71,1,2023-03,0.33,30.79,25.14,"538081,"
Golden Carpets Ltd.,531928,Textile,8.86,1,2024-03,4.66,13.52,2024-06,0.87,-0.05,2024-06,0,0,-4.3,1,2023-03,-1584.78,0,-4.22,"531928,"
Jayatma Industries Ltd.,531323,Textile,8.66,1,2024-03,13.43,22.08,2024-03,27.58,0.06,2024-03,135.26,,0.7,1,2023-03,1.76,0.83,3.66,"531323,"
RLF Ltd.,512618,Textile,8.45,1,2024-03,3.54,11.99,2024-03,1.81,-2.39,2024-03,192.06,35.43,0.39,1,2023-03,0.18,-21.73,-15.86,"512618,"
Shantai Industries Ltd.,512297,Textile,8.06,1,2024-03,0,7.54,2024-06,1.86,0.02,2024-06,424.42,,1.09,1,2024-03,0,-0.85,-0.85,"512297,"
Enterprise International Ltd.,526574,Textile,8.06,1,2024-06,1.06,9.12,2024-06,5.31,0.12,2024-06,66.62,,0.57,1,2023-03,0,0.4,1.17,"526574,"
Sree Jayalakshmi Autospin Ltd.,530037,Textile - Spinning,7.97,1,2024-06,,7.15,2024-06,0,3.18,2024-06,2.5,,1.79,1,2023-03,-1.37,0,-8.69,"530037,"
Rahul Merchandising Ltd.,531887,Textile,7.92,1,2024-03,0.15,8.08,2024-06,0.08,-0.02,2024-06,0,,-34.07,1,2023-03,-0.8,0,0,"531887,"
Amit International Ltd.,531300,Textile - Spinning,7.9,1,2024-03,0,7.9,2024-03,0,0.06,2024-03,117.93,3.16,0.4,1,2023-03,0,0.16,0.2,"531300,"
Sheshadri Industries Ltd.,539111,Textile - Spinning,7.81,1,2024-03,28.1,35.91,2024-03,25.23,-2.53,2024-03,0,0,-0.41,1,2023-03,-1.89,0,128.05,"539111,"
Sybly Industries Ltd.,531499,Textile - Spinning,7.61,1,2024-03,5.61,13.14,2024-06,0.02,-3.65,2024-06,0,0,8.92,1,2023-03,1.59,-40.44,-17.95,"531499,"
Nutricircle Ltd.,530219,Textile,7.07,1,2024-03,5.46,12.53,2024-03,2.84,-1.25,2024-03,0,,-1.64,1,2023-03,-1.27,0,-53.99,"530219,"
Advance Syntex Ltd.,539982,Textile,6.67,1,2024-03,32.75,39.42,2024-06,0.46,-6.62,2024-06,0,,1.22,1,2023-03,2.88,-13.13,-3.77,"539982,"
Bharat Textiles & Proofing Industries Ltd.,531029,Textile,6.57,1,2024-03,10.82,17.39,2024-03,17.46,0.14,2024-03,47.24,1.86,3.56,1,2023-03,7.08,11.69,7.1,"531029,"
United Leasing & Industries Ltd.,507808,Textile,6.15,1,2024-03,5.53,10.63,2024-03,7.2,0.19,2024-03,74.1,,2.16,1,2023-03,1.58,16.9,11.1,"507808,"
Siddheswari Garments Ltd.,526877,Textile,6.13,1,2024-03,,6.13,2024-03,0,0.01,2024-03,471.79,,0.23,1,2023-03,0,-0.01,0.01,"526877,"
Aananda Lakshmi Spinning Mills Ltd.,539096,Textile - Spinning,5.9,1,2024-03,21.37,27.27,2024-06,1.35,3.12,2024-06,1.89,0.2,-0.34,1,2023-03,-1.12,0,436.69,"539096,"
Nutech Global Ltd.,531304,Textile - Weaving,5.83,1,2024-03,8.34,14.17,2024-06,36.32,-0.31,2024-06,0,,0.99,1,2023-03,1.57,1.77,7.56,"531304,"
Prashant India Ltd.,519014,Textile,5.25,1,2024-03,34.61,39.85,2024-03,0.43,-0.36,2024-03,0,,-0.16,1,2023-03,-1.06,0,-11.65,"519014,"
Richa Industries Ltd.,532766,Textile,4.99,1,2021-03,346.28,349.07,2018-09,124.19,-169.43,2021-03,0,,,1,2021-03,-1.38,0,-16.82,"532766,"
United Textiles Ltd.,521188,Textile - Spinning,4.83,1,2024-03,10.96,15.79,2024-03,13.32,0.01,2024-03,966.6,83.9,0.46,1,2023-03,1.01,0.29,2.32,"521188,"
Rainbow Denim Ltd.,532441,Textile - Weaving,4.57,1,2022-03,138.59,143.16,2022-03,0.76,-2.24,2022-03,0,0,-0.03,1,2021-03,-0.79,0,0,"532441,"
Gangotri Textiles Ltd.,GANGOTRI,Textile - Spinning,4.53,1,2024-03,246.03,250.56,2024-06,0,-0.08,2024-06,0,,-0.01,1,2023-03,0,0,0,"GANGOTRI,"
High Street Filatex Ltd.,531301,Textile,4.28,1,2024-03,1.55,5.82,2024-06,1.46,0.05,2024-06,79.2,,-2.98,1,2023-03,-1,0,-505.58,"531301,"
Gravity (India) Ltd.,532015,Textile,3.98,1,2024-03,2.68,6.66,2024-06,2.64,-6.53,2024-06,0,,1.17,1,2023-03,0.26,-9.27,-7.03,"532015,"
Source Industries (India) Ltd.,521036,Textile,3.79,1,2024-03,0.22,4.01,2024-06,0.06,-0.14,2024-06,0,0,0.88,1,2023-03,0.05,-1.69,-1.6,"521036,"
Kiran Syntex Ltd.,530443,Textile - Spinning,3.69,1,2024-03,,3.69,2024-06,0,-0.09,2024-06,0,0,1.83,1,2023-03,0.11,-3.59,-3.26,"530443,"
Eureka Industries Ltd.,521137,Textile - Spinning,3.4,1,2024-03,1.28,4.67,2024-06,16.68,-4.12,2024-06,0,,-1.05,1,2022-03,5.77,0.12,0.03,"521137,"
Rajvir Industries Ltd.,RAJVIR,Textile - Spinning,3.2,1,2020-09,102.41,105.6,2020-12,18.01,-37.25,2020-12,0,,,1,2020-03,-1.68,0,-9.9,"RAJVIR,"
Uniworth Ltd.,514144,Textile - Spinning,3.16,1,2024-03,611.3,612.31,2024-03,0,-2.24,2024-03,0,0,0,1,2023-03,-0.53,0,0,"514144,"
Surbhi Industries Ltd.,514260,Textile,1.52,1,2024-03,12.47,13.99,2024-06,21.04,-0.64,2023-12,0,0,0.11,1,2023-03,1.05,0.55,4.95,"514260,"
CLC Industries Ltd.,521082,Textile - Spinning,0.14,1,2024-03,34.93,35.06,2024-03,0,-34.28,2023-03,0,0,-0.05,1,2023-03,-0.98,0,0,"521082,"
