Sector: Trading,
Date: 13-Aug-2024,
Note:- Statement: 1 = Standalone and 2 = Consolidated,
Generated by and for: sangram.dash.mobile@gmail.com,

Stock Name,Symbol,Industry,Market Cap(Rs. Cr.),TTM Statement,Period Ending,Total Debt(Rs. Cr.),Enterprise Value(Rs. Cr.),TTM Ending (Results),Net Sales (Rs. Cr.),Profit After Tax (Rs. Cr.),TTM Ending (Valuation),Price Earning Ratio(TTM),"PEG Ratio ",Price To Book Value(TTM),Statement,Year Ending,Debt Equity Ratio,Return On Equity(%),Return On Capital Employed(%),Symbol with Comma for External Upload
Adani Enterprises Ltd.,ADANIENT,Trading,352419.95,2,2024-03,52747.88,398099.35,2024-06,105506.13,4226.98,2024-06,87.64,2.49,9.25,2,2024-03,1.45,9.48,11.81,"ADANIENT,"
Brainbees Solutions Ltd.,FIRSTCRY,Trading,35213.67,1,2023-03,176.47,34210.77,,,,2024-03,0,,5.1,2,2023-03,0.06,-15.19,-12.65,"FIRSTCRY,"
MMTC Ltd.,MMTC,Trading,15457.5,2,2024-03,153.12,14282.82,2024-06,-208.48,96.91,2024-06,73.53,2.84,9.33,2,2023-03,0.14,247.7,92.62,"MMTC,"
Redington Ltd.,REDINGTON,Trading,15244.6,2,2024-03,2806.96,16430.89,2024-06,89440.86,1200.45,2024-06,12.54,0.78,1.96,2,2024-03,0.37,17.12,23.63,"REDINGTON,"
Honasa Consumer Ltd.,HONASA,Trading,15070.87,2,2024-03,0,14585.22,2024-06,2009.47,126.07,2024-06,119.54,,13.57,2,2024-03,0,0,18.32,"HONASA,"
Entero Healthcare Solutions Ltd.,ENTERO,Trading,5351.69,2,2024-03,275.55,4734.06,2024-03,3922.31,39.8,2024-03,136.84,,3.27,2,2024-03,0.17,5.08,7.02,"ENTERO,"
Lloyds Enterprises Ltd.,512463,Trading,4640.72,2,2024-03,109.87,4571.48,2024-06,1130.36,176.79,2024-06,40.1,1.11,2.76,2,2024-03,0.07,13.08,15.34,"512463,"
Optiemus Infracom Ltd.,OPTIEMUS,Trading,4255.51,2,2024-03,108.71,4334.17,2024-03,1527.72,52.19,2024-03,74.97,3.05,9.98,2,2023-03,0.14,11.75,14.55,"OPTIEMUS,"
Jeena Sikho Lifecare Ltd.,JSLL,Trading,3121.94,1,2024-03,0.54,3122.48,2024-03,324.41,69.21,2024-03,45.11,,16.24,2,2023-03,0.01,41.31,53.05,"JSLL,"
Rashi Peripherals Ltd.,RPTECH,Trading,2599.08,2,2024-03,685.76,3139.82,2024-03,11094.7,143.86,2024-03,18.4,,1.62,2,2023-03,1.52,19.35,15.77,"RPTECH,"
Veritas (India) Ltd.,512229,Trading,2289.84,2,2024-03,48.07,2309.25,2024-03,3854.54,186.85,2024-03,12.25,1.76,0.91,2,2023-03,0.1,4.3,4.59,"512229,"
Fratelli Vineyards Ltd.,541741,Trading,1957.49,1,2024-03,32.74,1980.74,2024-03,246.01,0.11,2024-03,0,,7.28,1,2023-03,0.95,-9.35,3.6,"541741,"
SIRCA Paints India Ltd.,SIRCA,Trading,1781.01,2,2024-03,0,1711.35,2024-06,317.41,48.74,2024-06,36.54,,5.59,2,2024-03,0,17.92,24.06,"SIRCA,"
The Yamuna Syndicate Ltd.,540980,Trading,1635.48,2,2024-03,0,1598.4,2024-03,64.02,14.6,2024-03,13.16,0.99,1.38,2,2024-03,0,11,11.29,"540980,"
TCC Concept Ltd.,512038,Trading,1563.19,1,2024-03,3.56,1566.76,2024-06,7.92,2.04,2024-06,765.15,3.84,7.37,1,2023-03,0.01,38.33,51.11,"512038,"
India Motor Parts & Accessories Ltd.,IMPAL,Trading,1555.88,2,2024-03,0,1512.12,2024-06,744.52,76.91,2024-06,20.23,1.64,0.74,2,2024-03,0,4.3,5.3,"IMPAL,"
Polo Queen Industrial & Fintech Ltd.,540717,Trading,1532.36,2,2024-03,14.64,1546.32,2024-06,79.18,3.06,2024-06,500.45,27.41,9.26,2,2023-03,0.09,1.46,3.09,"540717,"
Sakuma Exports Ltd.,SAKUMA,Trading,1530.09,2,2024-03,98.69,1603.03,2024-03,2124.66,39.97,2024-03,38.28,,1.89,2,2024-03,0.2,8.93,10.06,"SAKUMA,"
Hexa Tradex Ltd.,HEXATRADEX,Trading,1486.36,2,2024-03,45.52,1531.86,2024-06,40.49,27.6,2024-06,53.85,3.75,0.39,2,2024-03,0.01,3.03,3.87,"HEXATRADEX,"
Spacenet Enterprises India Ltd.,SPCENET,Trading,1453.48,2,2024-03,0.89,1454.37,2024-06,140.68,10.75,2024-06,138.02,7.25,11.01,2,2023-03,0.01,7.29,6.29,"SPCENET,"
The State Trading Corporation Of India Ltd.,STCINDIA,Trading,1222.2,2,2024-03,1981.26,3002.03,2024-06,0,73.6,2024-06,16.6,1.05,-0.22,2,2023-03,-0.36,0,0,"STCINDIA,"
Khazanchi Jewellers Ltd.,543953,Trading,1212.6,1,2024-06,55.72,1268.32,2024-03,820.78,27.32,2024-03,44.39,,6.16,1,2023-03,2.35,23.36,14.33,"543953,"
Manoj Vaibhav Gems 'N' Jewellers Ltd.,MVGJL,Trading,1128.62,1,2024-03,404.51,1357.54,2024-03,2149.67,80.93,2024-03,13.95,0.44,1.83,1,2023-03,1.34,23.19,18.31,"MVGJL,"
Kamdhenu Ventures Ltd.,KAMOPAINTS,Trading,1122.56,2,2024-03,19.72,1133.77,2024-06,284.49,13.29,2024-06,84.44,,6.97,2,2024-03,0.12,11.55,11.99,"KAMOPAINTS,"
Uniphos Enterprises Ltd.,UNIENTER,Trading,1116.91,1,2024-03,,1069.4,2024-03,50.65,38.61,2024-03,28.92,1.68,0.54,1,2023-03,0,1.33,1.35,"UNIENTER,"
Credo Brands Marketing Ltd.,MUFTI,Trading,1104.63,2,2024-03,37.53,1139.67,2024-06,572.73,60.4,2024-06,18.29,,3.15,2,2024-03,0.11,19.07,30.7,"MUFTI,"
Dynamic Services & Security Ltd.,DYNAMIC,Trading,1083.45,1,2024-03,25.48,1108.93,2024-03,104.44,8.56,2024-03,126.53,,7.26,2,2023-03,0.33,18.26,20.06,"DYNAMIC,"
Meson Valves India Ltd.,543982,Trading,1023.68,1,2024-03,5.61,1025.99,2024-03,63.14,9.05,2024-03,113.08,,20.01,1,2023-03,0.61,42.74,32.84,"543982,"
Vintage Coffee & Beverages Ltd.,538920,Trading,1013.54,2,2024-03,96.68,1105.63,2024-06,153.79,14.83,2024-06,68.32,,4.28,2,2024-03,0.68,10.33,9.63,"538920,"
Zuari Industries Ltd.,ZUARIIND,Trading,988.74,2,2024-03,2366.61,2670.75,2024-06,872.51,689.7,2024-06,1.36,0.02,0.25,2,2023-03,1.09,11.37,10.78,"ZUARIIND,"
Vasa Denticity Ltd.,DENTALKART,Trading,871.12,1,2024-03,0.08,871.2,2024-03,171.88,15.08,2024-03,57.77,,38.86,1,2023-03,0.06,70.53,80.11,"DENTALKART,"
Oswal Agro Mills Ltd.,OSWALAGRO,Trading,821.79,2,2024-03,0,746.19,2024-06,1.9,3.17,2024-06,201.81,,0.98,2,2024-03,0,0.21,0.48,"OSWALAGRO,"
Shankar Lal Rampal Dye-Chem Ltd.,542232,Trading,809.82,1,2024-03,6.2,812.45,2024-03,287.73,6.57,2024-03,125.05,1.66,8.22,1,2023-03,0.17,18.81,21.78,"542232,"
Vinyl Chemicals (India) Ltd.,VINYLINDIA,Trading,685.99,1,2024-03,0.49,680.3,2024-06,637.33,23.26,2024-06,29.49,1.49,5.64,1,2024-03,0,18.99,25.72,"VINYLINDIA,"
Macfos Ltd.,543787,Trading,683.71,1,2024-03,8.14,691.85,2024-06,156.01,13.07,2024-06,52.33,,12.13,1,2023-03,0.39,57.95,58.08,"543787,"
Aerpace Industries Ltd.,534733,Trading,656.91,1,2024-03,,656.91,2024-03,1.18,-1.27,2024-03,0,0,17.24,1,2023-03,0.07,3.68,6.88,"534733,"
Swiss Military Consumer Goods Ltd.,523558,Trading,653.71,2,2024-03,0.17,631.48,2024-06,193.77,8.36,2024-03,78.3,0.84,5.36,2,2023-03,0,10.28,13.09,"523558,"
Cellecor Gadgets Ltd.,CELLECOR,Trading,646.86,1,2024-03,74.74,721.6,2024-03,500.45,16.1,2024-03,40.19,,6.82,1,2023-03,1.51,99.48,66.84,"CELLECOR,"
Manaksia Ltd.,MANAKSIA,Trading,627.75,2,2024-03,74.15,617.39,2024-03,701.54,78.7,2024-03,8.31,3.46,1.14,2,2023-03,0.05,9.86,17.2,"MANAKSIA,"
Kothari Products Ltd.,KOTHARIPRO,Trading,580.16,2,2024-03,82.22,629.49,2024-03,992.37,19.26,2024-03,17.86,,0.49,2,2023-03,0.24,0.46,1.56,"KOTHARIPRO,"
Nupur Recyclers Ltd.,NRL,Trading,570.94,2,2024-03,13.47,584.41,2024-06,229.07,10.77,2024-06,60.36,,5.2,2,2023-03,0,20.47,26.22,"NRL,"
Newjaisa Technologies Ltd.,NEWJAISA,Trading,497.01,1,2024-03,7.57,504.59,2024-03,61.73,6.32,2024-03,78.68,,5.02,1,2023-03,0.8,114.05,82.76,"NEWJAISA,"
Riddhi Siddhi Gluco Biols Ltd.,524480,Trading,427.79,2,2024-03,70.54,498.04,2024-03,267.98,57.19,2024-03,9.16,,0.28,2,2023-03,0.06,2.27,3.53,"524480,"
Remedium Lifecare Ltd.,539561,Trading,413.68,1,2024-03,57.7,469.86,2024-03,4041.71,26.83,2024-03,12.64,0.03,5.65,1,2024-03,1.34,122.76,99.51,"539561,"
Shiv Aum Steels Ltd.,SHIVAUM,Trading,399.85,1,2024-03,69.15,469,2024-03,547.53,10.17,2024-03,39.32,1.85,4.18,1,2023-03,0.61,16.16,17.37,"SHIVAUM,"
A-1 Acid Ltd.,542012,Trading,396,2,2024-03,10.74,400.1,2024-06,217.31,2.14,2024-06,226.03,,8.13,2,2024-03,0.22,3.07,4.7,"542012,"
Aelea Commodities Ltd.,544213,Trading,381.71,1,2024-03,40.77,422.13,,,,2024-03,56.31,,5.14,2,2024-03,0.89,30.75,24.84,"544213,"
GP Eco Solutions India Ltd.,GPECO,Trading,371.94,1,2024-03,14.3,386.24,2024-03,136.34,7.03,2024-03,52.93,,7.12,1,2023-03,1.6,57.79,41.77,"GPECO,"
Northern Spirits Ltd.,542628,Trading,369.42,1,2024-03,137.75,490.19,2024-03,1235.31,16.57,2024-03,22.29,0.36,4.43,1,2023-03,1.14,14.3,14.25,"542628,"
Esconet Technologies Ltd.,ESCONET,Trading,345.28,1,2024-03,2.34,333.78,2024-03,137.48,5.3,2024-03,65.15,,9.39,2,2024-03,0.06,25.6,33.06,"ESCONET,"
Evexia Lifecare Ltd.,524444,Trading,337.46,2,2024-03,686.26,1023.72,2024-06,63.5,1.28,2024-06,263.44,19.71,1.47,2,2023-03,8.5,0.86,0.48,"524444,"
Inertia Steel Ltd.,512025,Trading,312.47,1,2024-06,,312.47,2024-06,0.3,-0.03,2024-06,0,0,21.77,1,2023-03,0,58.2,78.73,"512025,"
Uma Exports Ltd.,UMAEXPORTS,Trading,290.7,2,2024-03,121.85,381.13,2024-03,1532.43,10.18,2024-03,28.56,,1.53,2,2023-03,0.61,20.45,20.31,"UMAEXPORTS,"
Sicagen India Ltd.,533014,Trading,266.16,2,2024-03,104.13,324.4,2024-06,861.28,11.49,2024-06,23.16,0.4,0.57,2,2023-03,0.24,4.14,5.82,"533014,"
Halder Venture Ltd.,539854,Trading,263.35,1,2024-03,44.66,307.91,2024-03,94.47,1.27,2024-03,201.03,20.13,48.54,2,2023-03,3.69,11.57,8.35,"539854,"
Jullundur Motor Agency (Delhi) Ltd.,JMA,Trading,249.08,2,2024-03,,228.53,2024-03,533.95,26.01,2024-03,9.73,0.6,1.09,2,2023-03,0,14.15,19,"JMA,"
Maximus International Ltd.,540401,Trading,247.99,2,2024-03,17.65,263.94,2024-03,108.83,7.99,2024-03,31.29,0.86,4.57,2,2023-03,0.29,25.06,25.94,"540401,"
Rajnish Retail Ltd.,530525,Trading,234.76,1,2024-03,0.04,234.8,2024-06,19.62,0.95,2024-06,247.38,,3.4,1,2023-03,0.02,-9.34,-9.52,"530525,"
Signet Industries Ltd.,SIGIND,Trading,232.55,1,2024-03,335.31,551.31,2024-03,1213.04,15.45,2024-03,15.05,,1.06,1,2023-03,1.5,6.5,12.42,"SIGIND,"
Aayush Art And Bullion Ltd.,540718,Trading,226.41,1,2024-03,0,225.01,2024-03,7.33,0.26,2024-03,863.18,10.62,9.97,1,2024-03,0,1.79,1.34,"540718,"
Equippp Social Impact Technologies Ltd.,EQUIPPP,Trading,217.53,2,2024-03,1.99,219.52,2024-03,1.87,-0.28,2024-03,0,,32.3,2,2023-03,0.2,3.93,4.32,"EQUIPPP,"
Kck Industries Ltd.,KCK,Trading,212.45,1,2024-03,23.06,235.51,2024-03,76.7,1.6,2024-03,133.2,,10.36,1,2023-03,3.64,16.01,9.68,"KCK,"
Aarnav Fashions Ltd.,539562,Trading,204.86,1,2024-03,109.25,310.17,2024-06,366.18,7.16,2024-06,28.6,1.07,1.13,1,2023-03,0.74,0.22,3.97,"539562,"
QMS Medical Allied Services Ltd.,QMSMEDI,Trading,195.55,1,2024-03,34.55,230.09,2024-03,122.13,9,2024-03,21.72,,2.49,1,2023-03,0.36,12.58,13.83,"QMSMEDI,"
Dhoot Industrial Finance Ltd.,526971,Trading,194.18,1,2024-03,63.66,257.85,2024-03,32.58,148.06,2024-03,1.31,0.04,0.46,1,2023-03,0.26,3.29,3.42,"526971,"
Standard Industries Ltd.,SIL,Trading,193.89,2,2024-03,20.77,207.26,2024-06,24.97,1.27,2024-06,152.43,10.3,1.44,2,2024-03,0.15,-0.09,-1.56,"SIL,"
Metroglobal Ltd.,500159,Trading,188.35,2,2024-03,29.83,208.35,2024-06,257.66,21.16,2024-06,8.76,6.38,0.5,2,2023-03,0.03,5.72,7.37,"500159,"
ABans Enterprises Ltd.,512165,Trading,188.11,2,2024-03,155.03,326.56,2024-06,1748.8,10.61,2024-06,18.07,,0.99,2,2024-03,0.84,5.41,10.95,"512165,"
Khemani Distributors & Marketing Ltd.,539788,Trading,185.63,1,2024-03,4.36,189.99,2024-03,97.94,31.13,2023-03,35.66,2.99,3.82,1,2023-03,0.22,11.3,12.55,"539788,"
Shradha AI Technologies Ltd.,543976,Trading,181.2,1,2024-03,0,171.05,2024-06,17.2,7.63,2024-06,23.75,,3.15,1,2024-03,0,13.14,17.82,"543976,"
Stratmont Industries Ltd.,530495,Trading,179.19,1,2024-03,27.98,207.18,2024-03,87.25,0.76,2024-03,235.78,15.31,6.24,1,2023-03,3.47,33.33,19.33,"530495,"
Anmol India Ltd.,ANMOL,Trading,178.31,1,2024-03,85.3,263.61,2024-06,1542.01,15.71,2024-06,11.35,0.26,1.71,1,2023-03,3.74,26.75,11.74,"ANMOL,"
Eyantra ventures Ltd.,512099,Trading,175.21,1,2024-03,,171.27,2024-06,17.36,1.52,2024-06,115.12,3.31,13.73,1,2023-03,0,28.62,36.9,"512099,"
Parshva Enterprises Ltd.,542694,Trading,168.64,2,2024-03,1.02,169.57,2024-03,25.12,0.26,2024-03,658.75,,12.52,2,2024-03,0.08,2.14,3.64,"542694,"
Rishiroop Ltd.,526492,Trading,166,1,2024-03,0,163.63,2024-06,77.1,25.58,2024-06,6.49,0.24,1.35,1,2024-03,0,21.63,25.19,"526492,"
WH Brady & Company Ltd.,501391,Trading,165.74,2,2024-03,5.29,163.97,2024-06,96.05,11.7,2024-06,17.94,0.38,2.58,2,2023-03,0.12,14.24,18.19,"501391,"
Sizemasters Technology Ltd.,513496,Trading,164.9,1,2024-03,2.28,157.66,2024-03,10.94,2.33,2024-03,70.68,2.64,13.63,1,2023-03,0.03,1.8,2.5,"513496,"
Sumuka Agro Industries Ltd.,532070,Trading,161.37,1,2024-03,0.56,161.93,2024-03,54.96,4.26,2024-03,37.9,0.68,12.02,1,2023-03,0.06,42.34,51.74,"532070,"
Bhilwara Spinners Ltd.,514272,Trading,153.78,1,2024-03,52.82,206.57,2024-06,21.49,3.28,2024-06,46.84,2.87,3.4,1,2024-03,1.21,4.92,3.56,"514272,"
Aprameya Engineering Ltd.,APRAMEYA,Trading,151.65,1,2024-03,42.05,190.35,,,,2024-03,43.87,,2.88,1,2024-03,1.8,15.97,11.76,"APRAMEYA,"
Ausom Enterprise Ltd.,AUSOMENT,Trading,140.92,2,2024-03,3.3,142.5,2024-06,1833.76,10.87,2024-06,12.33,,1.08,2,2023-03,0.47,1.03,2.08,"AUSOMENT,"
Cosco (India) Ltd.,530545,Trading,135.38,1,2024-03,56.2,191.58,2024-03,176.55,3.21,2024-03,42.21,,2.72,1,2023-03,1.13,1.47,6.22,"530545,"
Aspire & Innovative Advertising Ltd.,ASPIRE,Trading,135.08,1,2024-03,13.05,148.14,2024-03,383.99,9.31,2024-03,14.5,,2.85,1,2023-03,0.57,41.29,42.57,"ASPIRE,"
Goyal Aluminiums Ltd.,GOYALALUM,Trading,131.6,2,2024-03,1.56,133.16,2024-06,71.45,2.16,2024-06,52.06,,7.53,2,2023-03,0.08,13.12,18.4,"GOYALALUM,"
Cravatex Ltd.,509472,Trading,130.75,2,2024-03,0,54.7,2024-06,171.81,4.89,2024-06,26.75,,1.32,2,2024-03,0,5.05,6.9,"509472,"
Lahoti Overseas Ltd.,531842,Trading,128.33,2,2024-03,10.33,138.65,2024-06,485.68,13.58,2024-06,9.45,0.27,0.68,2,2023-03,0.05,9.31,10.77,"531842,"
Cerebra Integrated Technologies Ltd.,CEREBRAINT,Trading,125.42,2,2024-03,39.07,163.44,2024-03,51.98,-49.86,2024-03,0,,0.59,2,2023-03,0.16,0.97,3.27,"CEREBRAINT,"
Dhariwalcorp Ltd.,DHARIWAL,Trading,123.17,1,2024-03,8.79,131.84,,,,2024-03,27.33,,3.63,1,2024-03,1,80.01,50.3,"DHARIWAL,"
Thacker & Company Ltd.,509945,Trading,119.55,2,2024-03,0.33,119.06,2024-06,5.34,1.94,2024-06,5.76,0.13,0.96,2,2024-03,0,1.7,2.9,"509945,"
Rama Vision Ltd.,523289,Trading,118.59,1,2024-03,17.53,135.82,2024-06,96.18,3.88,2024-06,30.58,0.71,4.12,1,2023-03,0.45,12.31,14.34,"523289,"
MRP Agro Ltd.,543262,Trading,112.5,1,2024-03,1.79,114.29,2024-03,43.2,1,2024-03,112.83,,8.06,1,2023-03,0.05,3.88,5.55,"543262,"
Kemp & Company Ltd.,506530,Trading,111.68,1,2024-03,0,111.5,2024-06,2.91,-0.4,2024-06,0,,0.53,1,2024-03,0,-0.11,-0.12,"506530,"
Excel Realty N Infra Ltd.,EXCEL,Trading,111.44,2,2024-03,0.04,109.16,2024-06,2.43,1.35,2024-06,82.31,2.42,0.65,2,2024-03,0,0.56,0.68,"EXCEL,"
Yarn Syndicate Ltd.,514378,Trading,108.53,1,2024-03,2.57,111.11,2024-03,2.48,0.08,2024-03,0,,3.31,1,2023-03,-1.03,0,-106.99,"514378,"
Alstone Textiles (India) Ltd.,539277,Trading,99.43,1,2024-03,500,599.4,2024-03,4.85,4.17,2024-03,23.89,0.1,0.65,1,2023-03,0,17.98,17.96,"539277,"
Silkflex Polymers (India) Ltd.,SILKFLEX,Trading,99.01,1,2024-03,16.91,115.92,2024-03,59.58,3.93,2024-03,25.19,,3.1,1,2023-03,1.48,10.11,11.7,"SILKFLEX,"
Shine Fashion (India) Ltd.,543244,Trading,97.54,1,2024-03,0.98,98.42,2024-03,52.89,3.88,2024-03,25.14,,9.69,2,2024-03,0.1,47.81,54.57,"543244,"
Filtra Consultants and Engineers Ltd.,539098,Trading,96.15,1,2024-03,0,91.79,2024-03,99.76,3.57,2024-03,26.92,1.9,3.63,1,2024-03,0,16.28,21.65,"539098,"
Lesha Industries Ltd.,533602,Trading,95.88,1,2024-03,20.82,116.66,2024-06,17.55,1.04,2024-06,91.93,0.61,1.29,1,2024-03,0.82,32.85,22.54,"533602,"
Healthy Life Agritec Ltd.,543546,Trading,93.62,1,2024-03,2.51,96.13,2024-03,52.37,1.49,2024-03,62.83,,3.34,2,2023-03,0.05,8.56,11.7,"543546,"
Amrapali Industries Ltd.,526241,Trading,93.41,1,2024-03,62.97,156.38,2024-03,27300.89,0.67,2024-03,104.14,6.06,2.98,1,2023-03,3.1,2.4,5.81,"526241,"
Vasudhagama Enterprises Ltd.,539291,Trading,92.39,1,2024-03,1.22,93.61,2024-06,16.89,1.29,2024-06,71.51,,0.83,1,2023-03,0.03,-1.17,-0.97,"539291,"
Balgopal Commercial Ltd.,539834,Trading,91.61,1,2024-03,,91.61,2024-06,16.1,15.44,2024-06,5.93,0.29,2.82,1,2023-03,0,1.12,0.89,"539834,"
Manoj Ceramic Ltd.,544073,Trading,91.3,1,2024-03,57.12,148.42,2024-03,95.92,6.08,2024-03,15.02,,3.09,1,2023-03,3.86,41.24,18.09,"544073,"
Astal Laboratories Ltd.,512600,Trading,90.98,1,2024-03,0.31,85.21,2024-06,35.44,2.76,2024-06,32.95,0.52,3.64,1,2024-03,0.01,5.51,7.62,"512600,"
Synoptics Technologies Ltd.,SYNOPTICS,Trading,86.37,1,2024-03,20.29,106.66,2024-03,43.24,6,2024-03,14.39,,1.31,2,2023-03,0.86,29.85,27.52,"SYNOPTICS,"
IFL Enterprises Ltd.,540377,Trading,84.98,2,2024-03,0.2,85.17,2024-03,8.24,0.85,2024-03,100.56,,1.13,2,2023-03,0,2.07,2.88,"540377,"
Shree Marutinandan Tubes Ltd.,544083,Trading,84.8,1,2024-03,5.9,90.71,2024-03,91.78,2.63,2024-03,32.25,,4.41,1,2023-03,2.68,120.92,40.52,"544083,"
Achyut Healthcare Ltd.,543499,Trading,83.54,1,2024-03,,83.54,2024-03,6.14,0.57,2024-03,145.54,,2.39,1,2023-03,0,1.96,2.64,"543499,"
Slone Infosystems Ltd.,SLONE,Trading,80.62,1,2024-03,1.57,82.19,2024-03,60.69,4.19,2024-03,19.25,,3.32,1,2023-03,1.33,36.34,24.98,"SLONE,"
Omnitex Industries (India) Ltd.,514324,Trading,79.27,1,2024-03,,79.27,2024-06,2.47,6.19,2024-06,12.81,,0.61,1,2023-03,0,-3.79,-3.36,"514324,"
Pearl Green Clubs And Resorts Ltd.,543540,Trading,79.17,1,2023-09,,79.17,2023-03,9.57,0.18,2023-03,448.04,,1.57,1,2023-03,0,1.34,1.87,"543540,"
Siddhika Coatings Ltd.,SIDDHIKA,Trading,78.13,1,2024-03,0,70.63,2024-03,36.82,4.44,2024-03,17.59,2.4,2.42,2,2024-03,0,17.31,24.48,"SIDDHIKA,"
Ganesha Ecoverse Ltd.,539041,Trading,77.13,1,2024-03,18.86,95.98,2024-03,5.92,4.23,2024-03,18.23,,7.18,1,2023-03,0.09,-19.6,-10.12,"539041,"
Le Lavoir Ltd.,539814,Trading,75.91,1,2024-03,,75.91,2024-06,2.08,1.11,2024-06,68.39,1.1,12.27,1,2023-03,0.12,12.23,13.98,"539814,"
Tirupati Tyres Ltd.,539040,Trading,72.03,1,2024-03,,72.03,2024-06,0.12,0.15,2024-06,493.39,2.89,1.33,1,2023-03,0,0.78,0.78,"539040,"
Prospect Commodities Ltd.,543814,Trading,71.83,1,2024-03,2.82,74.65,2024-03,24.27,1.73,2024-03,41.62,,3.95,1,2023-03,0.11,10.03,18.52,"543814,"
Agarwal Float Glass India Ltd.,AGARWALFT,Trading,71.71,1,2024-03,13.23,84.94,2024-03,78.91,0.19,2024-03,369.64,,4.64,1,2023-03,0.59,26.53,23.5,"AGARWALFT,"
AKG Exim Ltd.,AKG,Trading,71.21,2,2024-03,14.17,85.38,2024-06,168.03,1.24,2024-06,52.36,,1.35,2,2023-03,0.24,6.7,8.55,"AKG,"
Anand Rayons Ltd.,542721,Trading,70.97,1,2024-03,28.99,84.93,2024-06,339.63,3.83,2024-06,18.51,2.32,1.93,1,2024-03,0.8,9.03,10.76,"542721,"
Fervent Synergies Ltd.,533896,Trading,70.35,1,2024-03,0,70.34,2024-06,24.34,-12.87,2024-06,0,,2.31,1,2024-03,0,-34.9,-34.8,"533896,"
Royal Sense Ltd.,544143,Trading,68.6,1,,,68.6,2024-03,18.96,1.71,2024-03,40.12,,,1,-0,,,,"544143,"
Mono Pharmacare Ltd.,MONOPHARMA,Trading,67.85,1,2024-03,13.27,81.12,2024-03,70.72,2.44,2024-03,27.78,,2.4,2,2023-03,2.92,6.91,4.19,"MONOPHARMA,"
Binny Mills Ltd.,535620,Trading,66.34,1,2024-06,140.71,207.05,2024-06,7.06,-14.36,2023-12,0,,-0.38,1,2024-03,-0.77,0,0,"535620,"
UR Sugar Industries Ltd.,539097,Trading,66.2,1,2024-06,,49.51,2024-06,0,0.78,2024-06,84.98,,3.62,1,2023-03,0.01,-1.23,-1.24,"539097,"
Sunrise Efficient Marketing Ltd.,543515,Trading,66.12,1,2024-03,7.35,73.48,2024-03,110.74,8.11,2024-03,8.15,,1.55,1,2023-03,0.25,39.36,37.92,"543515,"
Dhanalaxmi Roto Spinners Ltd.,521216,Trading,65.72,1,2024-03,1.37,28.42,2024-06,175.49,11.61,2024-06,5.66,0.16,1.37,1,2024-03,0.03,31.4,42.21,"521216,"
Aeonx Digital Technology Ltd.,524594,Trading,65.28,2,2024-03,0.16,54.42,2024-03,34.31,2.73,2024-03,23.91,,1.37,2,2023-03,0,5.33,6.83,"524594,"
AA Plus Tradelink Ltd.,543319,Trading,62,1,2024-03,1.33,63.33,2024-03,19.95,0.51,2024-03,121.56,,1.47,1,2022-03,0.27,1.98,2.57,"543319,"
Cell Point (India) Ltd.,CELLPOINT,Trading,61.2,1,2024-03,48.79,109.98,2024-03,321.23,1.69,2024-03,36.15,,0.85,1,2023-03,2.78,40.22,26.08,"CELLPOINT,"
ABM International Ltd.,ABMINTLLTD,Trading,60.57,2,2024-03,10.05,70.62,2024-06,97.88,0.6,2024-06,98.49,,3.42,2,2023-03,0,-31.31,-40.48,"ABMINTLLTD,"
Mittal Life Style Ltd.,MITTAL,Trading,59.48,1,2024-03,0.78,59.7,2024-06,66.29,2.23,2024-06,26.63,10.48,1.76,1,2024-03,0.02,5.39,6.91,"MITTAL,"
Ashnisha Industries Ltd.,541702,Trading,57.77,2,2024-03,3.77,61.55,2024-03,12.48,0.96,2024-03,60.43,0.23,0.95,2,2023-03,0.03,1.78,2.19,"541702,"
RR Metalmakers India Ltd.,531667,Trading,57.56,1,2024-03,17.04,70.36,2024-06,75.03,1.22,2024-06,47.22,,8.11,1,2023-03,3.8,-18.66,10.92,"531667,"
Johnson Pharmacare Ltd.,532154,Trading,57.2,1,2024-03,1.95,59.15,2024-06,0,-0.05,2024-06,0,,1.01,1,2023-03,0.03,-2.24,-2.26,"532154,"
Visaman Global Sales Ltd.,VISAMAN,Trading,56.97,1,2024-03,52.26,109.24,2024-03,307.93,1.31,2024-03,43.39,,1.96,1,2023-03,4.37,13.7,16.52,"VISAMAN,"
Goblin India Ltd.,542850,Trading,56.66,1,2024-03,21.45,78.1,2024-03,30.8,1.73,2024-03,32.79,,1.55,2,2023-03,0.86,6.07,8.64,"542850,"
Contil India Ltd.,531067,Trading,56.4,1,2024-03,,56.14,2024-06,31.25,1.64,2024-06,34.37,1.02,6.63,1,2023-03,0,8.85,12.65,"531067,"
Rose Merc. Ltd.,512115,Trading,55.21,1,2024-03,0.07,55.28,2024-03,2.97,0.13,2024-03,287.56,,2.88,1,2023-03,0.01,-4.21,-3.74,"512115,"
Maharashtra Corporation Ltd.,505523,Trading,54.31,1,2024-03,,53.3,2024-06,1.43,0.95,2024-06,57.11,3.04,0.86,1,2023-03,0,3.56,3.56,"505523,"
Yash Chemex Ltd.,539939,Trading,54.08,2,2024-03,9.92,62.69,2024-03,94.91,0.33,2024-03,0,0,1.52,2,2023-03,0.36,13.89,15.64,"539939,"
Mishka Exim Ltd.,539220,Trading,52.28,2,2024-03,0.03,52.31,2024-06,5.39,0.31,2024-06,165.97,,2.41,2,2023-03,0.02,-2.11,-2.53,"539220,"
Franklin Industries Ltd.,540190,Trading,51.19,1,2024-03,0.25,51.43,2024-06,69.95,15.52,2024-06,3.3,0.02,0.87,1,2024-03,0.02,112.38,119.57,"540190,"
Manbro Industries Ltd.,512595,Trading,50.1,1,2024-03,,50.1,2024-03,24,0.24,2024-03,212.31,6.33,315.8,1,2023-03,-0.18,0,0,"512595,"
Shrenik Ltd.,SHRENIK,Trading,49.57,1,2024-03,124.24,173.81,2024-06,28.84,-61.65,2024-06,0,,-1,1,2023-03,2.47,0.39,1.57,"SHRENIK,"
Emergent Industrial Solutions Ltd.,506180,Trading,48.55,2,2024-03,,20.1,2024-06,941.76,6.51,2024-03,28.34,0.76,2.02,2,2023-03,0,6.47,8.71,"506180,"
Standard Batteries Ltd.,504180,Trading,47.95,1,2024-03,,47.67,2024-06,0,1.29,2024-06,37.11,,25.92,1,2023-03,0,-159.25,-159.22,"504180,"
Ashoka Metcast Ltd.,ASHOKAMET,Trading,47.74,2,2024-03,15.79,63.53,2024-06,63.29,5.68,2024-06,8.2,0.06,0.46,2,2023-03,0.16,4.55,5.38,"ASHOKAMET,"
Medico Intercontinental Ltd.,539938,Trading,46.77,2,2024-03,4.85,51.63,2024-03,71.35,3.95,2024-03,11.85,0.07,1.04,2,2023-03,0.11,13.41,16.57,"539938,"
Chandra Prabhu International Ltd.,530309,Trading,43.6,1,2024-03,57.14,80.37,2024-06,869.35,1.62,2024-06,26.95,0.85,0.95,1,2023-03,0.64,18.71,19.4,"530309,"
Fortune International Ltd.,530213,Trading,43.3,2,2024-03,0.43,43.73,2024-03,0,-0.35,2024-03,8.57,0.39,1.11,2,2023-03,0.01,-1.45,-0.49,"530213,"
Sobhagya Mercantile Ltd.,512014,Trading,42.27,1,2024-03,13.66,52.97,2024-03,120.11,11.55,2024-03,3.65,0.01,0.66,1,2023-03,0.19,35.5,44.15,"512014,"
Prabhhans Industries Ltd.,530361,Trading,41.64,1,2024-03,4.91,46.55,2024-03,52.5,1.36,2024-03,30.64,0.35,5.63,1,2023-03,0.04,27.28,27.73,"530361,"
Add-Shop E-Retail Ltd.,541865,Trading,40.91,1,2024-03,12.77,52.54,2024-06,196.1,-0.96,2024-06,0,0,0.37,1,2024-03,0.12,2.91,6.14,"541865,"
Shanthala FMCG Products Ltd.,SHANTHALA,Trading,40.76,1,2024-03,0.18,40.93,2024-03,41.33,0.29,2024-03,139.1,,1.58,1,2023-03,3.13,13.22,11.39,"SHANTHALA,"
Tejassvi Aaharam Ltd.,531628,Trading,40.5,1,2024-03,5.2,45.7,2024-03,0,-0.84,2024-03,0,0,-7.67,1,2023-03,-0.99,0,0,"531628,"
City Crops Agro Ltd.,544000,Trading,40.45,1,2024-03,0.02,40.39,2024-03,45.2,2.28,2024-03,17.74,,1.38,1,2024-03,0,11.08,12.54,"544000,"
Getalong Enterprise Ltd.,543372,Trading,40.4,1,2024-03,1.71,42.11,2024-03,1.7,1.56,2024-03,25.83,,4.04,2,2023-03,1.15,3.4,3.87,"543372,"
Hemang Resources Ltd.,531178,Trading,40,1,2024-03,1.86,41.86,2024-03,37.12,-1.09,2024-03,0,0,1.57,1,2023-03,0.13,32.36,42.35,"531178,"
Nanavati Ventures Ltd.,543522,Trading,39.11,1,2024-03,,39.11,2024-03,25.83,0.19,2024-03,201.6,0.62,4.06,1,2023-03,0,1.17,1.63,"543522,"
Bizotic Commercial Ltd.,543926,Trading,38.51,1,2024-03,2.16,40.67,2024-03,71.43,3.08,2024-03,12.49,,0.7,1,2023-03,0.51,55.57,50.09,"543926,"
Beekay Niryat Ltd.,539546,Trading,37.34,2,2024-03,2.42,39.76,2024-03,21.06,0.92,2024-03,15.26,,0.87,2,2023-03,0.03,13.27,14.48,"539546,"
Piotex Industries Ltd.,544178,Trading,37.26,1,2023-03,3.72,40.53,,,,2023-03,12.9,,1.54,1,2023-03,0.85,97.65,64.63,"544178,"
Arman Holdings Ltd.,538556,Trading,36.21,1,2024-03,,36.21,2024-03,4.39,0.02,2024-03,0,0,5.98,1,2023-03,0,0.33,0.46,"538556,"
Sawaca Business Machines Ltd.,531893,Trading,34.9,1,2024-03,0.68,35.57,2024-06,23.38,0.72,2024-06,48.53,1.63,0.59,1,2023-03,0.02,4.25,4.75,"531893,"
Ushdev International Ltd.,511736,Trading,34.86,2,2024-03,2502.95,2505.48,2024-06,14.38,-9.42,2024-03,0,0,-0.01,2,2023-03,-0.78,0,0,"511736,"
Laffans Petrochemicals Ltd.,524522,Trading,34.32,1,2024-03,0.38,34.69,2024-06,7.26,5.94,2024-06,5.78,0.15,0.51,1,2024-03,0.01,4.32,6.34,"524522,"
Roni Households Ltd.,542145,Trading,34.26,1,2024-03,4.22,38.22,2024-03,7.68,0.58,2024-03,58.85,,2.2,2,2024-03,0.27,4.79,6.07,"542145,"
Welcure Drugs & Pharmaceuticals Ltd.,524661,Trading,34.09,1,2024-03,,34.09,2024-03,0.03,-0.17,2024-03,0,0,0.99,1,2023-03,0,12.65,12.67,"524661,"
AG Universal Ltd.,AGUL,Trading,34,1,2024-03,15.47,49.47,2024-03,78.37,1.92,2024-03,17.72,,1.95,1,2023-03,2.46,24.73,14.1,"AGUL,"
KCD Industries India Ltd.,540696,Trading,33.43,1,2024-03,,33.38,2024-06,17.26,2.04,2024-06,16.35,0.11,0.75,1,2023-03,0,38.41,39.61,"540696,"
Sai Swami Metals & Alloys Ltd.,544170,Trading,33.19,1,2024-03,3.58,36.77,2024-03,16.32,1.05,2024-03,31.52,,1.65,2,2023-03,19.12,10.84,0.54,"544170,"
Sinnar Bidi Udyog Ltd.,509887,Trading,32.4,2,2024-03,,32.4,2024-03,4.8,0.12,2024-03,270,6.93,7.19,2,2023-03,0,10.79,11.55,"509887,"
Madhusudan Industries Ltd.,515059,Trading,31.98,1,2024-03,,21.89,2024-06,1.23,3.19,2024-06,10.03,0.57,1.02,1,2023-03,0,9.71,13.65,"515059,"
Veerkrupa Jewellers Ltd.,543545,Trading,31.85,1,2024-03,1.92,33.76,2024-03,13.85,0.24,2024-03,130.52,,1.74,1,2023-03,0.09,0.46,0.67,"543545,"
Natural Biocon (India) Ltd.,543207,Trading,31.64,1,2024-03,0.07,31.52,2024-03,17.05,0.34,2024-03,206.81,,1.03,1,2023-03,0.01,1.48,2.02,"543207,"
Asian Tea & Exports Ltd.,519532,Trading,29.6,2,2024-03,24.57,54.17,2024-03,41.89,0.1,2024-03,308.33,33.7,0.51,2,2023-03,0.44,2.49,4.75,"519532,"
Nagarjuna Agri Tech Ltd.,531832,Trading,28.97,1,2024-03,,28.97,2024-03,2.47,3.58,2024-03,8.08,,4.48,1,2023-03,0,-6.07,-5.5,"531832,"
Samyak International Ltd.,530025,Trading,28.96,2,2024-03,3.49,13.8,2024-03,48.49,5.11,2024-03,7.62,0.14,0.43,2,2023-03,0.06,4.46,4.96,"530025,"
Danube Industries Ltd.,540361,Trading,28.56,1,2024-03,9.77,38.33,2024-03,87.03,0.97,2024-03,29.32,0.42,1.75,1,2023-03,1.25,5.03,5.86,"540361,"
Brisk Technovision Ltd.,544101,Trading,28.08,1,2024-03,,28.08,2024-03,26.86,2,2024-03,14.01,,1.71,1,2023-03,0.03,50.6,65.54,"544101,"
NMS Global Ltd.,522289,Trading,27.95,2,2024-03,20.58,47,2024-03,23.7,0.17,2024-03,83.69,,3.3,2,2023-03,6.23,22.56,4.91,"522289,"
Sunrest Lifescience Ltd.,SUNREST,Trading,27.25,1,2024-03,6.16,33.41,2024-03,29.48,0.23,2024-03,120.04,,1.95,1,2023-03,0.69,97.59,58.59,"SUNREST,"
Naturo Indiabull Ltd.,543579,Trading,26.13,1,2024-03,12.15,38.28,2024-03,41.88,0.99,2024-03,26.31,0.09,0.7,1,2023-03,0.14,5.65,7.15,"543579,"
Northlink Fiscal and Capital Services Ltd.,539110,Trading,25.79,1,2024-03,,25.79,2024-06,0.62,-0.12,2024-06,0,0,4.44,1,2023-03,0.02,0.97,0.72,"539110,"
Zenlabs Ethica Ltd.,530697,Trading,25.61,1,2024-03,12.99,37.68,2024-06,57.35,0.4,2024-06,64.67,,2.52,1,2023-03,0.31,5.14,10.34,"530697,"
Sanblue Corporation Ltd.,521222,Trading,25.05,1,2024-03,,25.05,2024-06,1.4,0.26,2024-06,95.26,1.76,0.44,1,2023-03,0,1.68,1.66,"521222,"
Innovative Ideals And Services (India) Ltd.,541983,Trading,25.04,1,2024-03,19.63,44.67,2024-03,0.25,-2.46,2024-03,0,,5.23,1,2023-03,3.79,-86.17,-36.06,"541983,"
Jyotirgamya Enterprises Ltd.,539246,Trading,24.84,1,2023-09,,24.84,2024-06,0,-0.01,2024-03,0,0,8.69,1,2023-03,0,0,0.04,"539246,"
White Organic Agro Ltd.,513713,Trading,24.32,1,2024-03,0,23.74,2024-03,33.45,1.17,2024-03,20.76,,0.44,1,2024-03,0,2.12,4.48,"513713,"
Jaihind Synthetics Ltd.,514312,Trading,24.11,1,2024-03,0.94,25.05,2024-03,0.2,0.02,2024-03,0,,1.6,1,2022-03,0.05,0.1,0.13,"514312,"
Tai Industries Ltd.,519483,Trading,24.11,1,2024-03,1.78,22.39,2024-06,175.3,1.58,2024-06,15.28,0.24,0.83,1,2023-03,0,18.71,26.15,"519483,"
Kkalpana Plastick Ltd.,523652,Trading,23.77,1,2024-03,,23.77,2024-06,0,-0.03,2024-06,0,,3.84,1,2023-03,0,-7.38,-7.39,"523652,"
Grandma Trading & Agencies Ltd.,504369,Trading,23.77,1,2024-03,0.02,23.79,2024-06,0.13,-0.22,2024-06,0,,18.65,1,2023-03,0.01,229.46,226.54,"504369,"
Shree Metalloys Ltd.,531962,Trading,23.12,1,2024-03,,23.12,2024-03,94.54,0.51,2024-03,45.7,1.65,2.63,1,2023-03,0,7.77,11.32,"531962,"
MRC Agrotech Ltd.,540809,Trading,23.11,1,2024-03,1.6,24.71,2024-03,14.66,1.1,2024-03,25.97,1.38,0.78,1,2023-03,0.02,2.71,3.57,"540809,"
Neeraj Paper Marketing Ltd.,539409,Trading,23.09,1,2024-03,25.41,48.04,2024-06,168.44,0.61,2024-06,37.91,,0.83,1,2023-03,0.99,1.92,5.46,"539409,"
EVOQ Remedies Ltd.,543500,Trading,22.83,1,2024-03,4.24,27.07,2024-03,4.05,0.45,2024-03,50.52,,0.52,1,2023-03,0.39,6.75,6.96,"543500,"
OP Chains Ltd.,539116,Trading,22.36,1,2024-03,0,22.35,2024-03,13.59,1.86,2023-03,9.68,0.09,0.69,1,2024-03,0,5.56,6.91,"539116,"
Sarthak Industries Ltd.,531930,Trading,22.3,1,2024-03,1.77,21.75,2024-03,30.43,0.67,2024-03,32.99,3.87,0.55,1,2024-03,0.04,1.71,3.77,"531930,"
Diggi Multitrade Ltd.,540811,Trading,22.02,1,2024-03,,22.02,2024-03,0,-0.27,2024-03,0,0,2.06,1,2022-03,0,0.4,0.53,"540811,"
Scarnose International Ltd.,543537,Trading,21.64,1,2024-03,0,21.49,2024-03,13.86,0.01,2024-03,0,,2.27,1,2024-03,0,0.1,0.15,"543537,"
Mihika Industries Ltd.,538895,Trading,21.54,1,2024-03,0.01,21.54,2024-03,6.2,0.18,2024-03,116.43,,0.99,1,2023-03,0,-10.57,-14.18,"538895,"
Tavernier Resources Ltd.,531190,Trading,21.27,1,2024-03,,21.27,2024-03,1.42,-0.3,2024-03,0,,4.08,1,2023-03,0.56,-2.11,2.26,"531190,"
PALM Jewels Ltd.,541444,Trading,21.25,1,2023-09,2.7,23.94,2023-12,143.52,0.41,2023-12,51.7,1.84,1.4,1,2023-03,0.12,2.09,3.22,"541444,"
Regent Enterprises Ltd.,512624,Trading,21.18,1,2024-03,0,20.26,2024-06,682.67,1.47,2024-06,14.41,,0.53,1,2024-03,0,1.69,2.55,"512624,"
Gautam Exim Ltd.,540613,Trading,21.18,1,2024-03,9.87,31.05,2024-03,168.56,0.15,2024-03,142.16,,1.63,1,2023-03,1.11,2.9,6.72,"540613,"
Trimurthi Ltd.,536565,Trading,20.77,1,2024-03,,20.77,2024-06,2.87,-0.18,2024-06,0,,2.39,1,2023-03,0,-0.83,-0.81,"536565,"
Patron Exim Ltd.,543798,Trading,20.63,1,2024-03,0.26,20.89,2024-03,6.58,0.67,2024-03,30.98,,0.54,1,2023-03,0,3.6,5.07,"543798,"
Rajkamal Synthetics Ltd.,514028,Trading,20.15,1,2024-03,0.12,20.27,2024-03,0.4,0.15,2024-03,132.57,14.08,231,1,2023-03,-2.62,0,120.81,"514028,"
ACE Men Engg Works Ltd.,539661,Trading,19.87,1,2024-03,0,19.84,2024-06,0,0.12,2024-06,165.56,1.95,5.12,1,2024-03,0,2.32,3.88,"539661,"
South Asian Enterprises Ltd.,526477,Trading,19.86,2,2024-03,3.16,19.8,2024-03,5.17,-1.36,2024-03,0,,4.82,2,2023-03,0.43,-32.81,-22.65,"526477,"
Nyssa Corporation Ltd.,504378,Trading,19.8,2,2024-03,2.36,22.16,2024-03,7.83,2.34,2024-03,8.45,0.63,0.66,2,2023-03,0,2.71,3.64,"504378,"
7NR Retail Ltd.,540615,Trading,19.69,1,2024-03,5.27,24.82,2024-06,9.3,-1.69,2024-06,0,,0.7,1,2024-03,0.18,-3.81,-3.11,"540615,"
RO Jewels Ltd.,543171,Trading,19.67,1,2024-03,6.59,26.27,2024-06,99.86,-0.14,2024-06,0,,1.51,1,2023-03,0.15,18.12,20.41,"543171,"
Hira Automobiles Ltd.,531743,Trading,19.61,1,2024-03,78.57,94.3,2024-03,262.22,0.68,2024-03,28.92,2.18,1.43,1,2023-03,5.99,5.95,10.15,"531743,"
Reetech International Cargo and Courier Ltd.,543617,Trading,19.49,1,2024-03,,19.49,2024-03,29.27,1.01,2024-03,19.22,,1.38,2,2023-03,0.09,6.64,12.62,"543617,"
Mayukh Dealtrade Ltd.,539519,Trading,19.37,2,2024-03,0.17,19.53,2024-06,3.66,1.47,2024-06,13.17,,0.89,2,2023-03,0.02,5.89,8.01,"539519,"
Lypsa Gems & Jewellery Ltd.,LYPSAGEMS,Trading,17.4,2,2024-03,,16.95,2024-03,9.48,-32.71,2024-03,0,,0.55,2,2023-03,0.09,-53.11,-47.55,"LYPSAGEMS,"
Dipna Pharmachem Ltd.,543594,Trading,17.31,1,2024-03,19.45,22.88,2024-03,164.34,1.09,2024-03,15.95,0.16,0.46,1,2024-03,0.52,3.51,7.18,"543594,"
Mitshi India Ltd.,523782,Trading,17.05,1,2024-03,0.03,17.08,2024-06,15.7,-0.26,2024-06,0,,6.44,1,2023-03,0,21.82,23.88,"523782,"
Vivanza Biosciences Ltd.,530057,Trading,17.04,2,2024-03,5.17,22.04,2024-06,21.04,0.32,2024-06,53.42,2.01,3.48,2,2024-03,1.11,12.54,10.18,"530057,"
Rotographics (India) Ltd.,539922,Trading,16.21,1,2024-03,0.03,16.24,2024-03,0.38,-0.06,2024-03,0,0,4.56,1,2023-03,0.01,0.43,0.58,"539922,"
Shree Ganesh Elastoplast Ltd.,530797,Trading,15.91,1,2024-03,0.82,16.73,2024-03,23.57,1.63,2024-03,9.76,,2.89,1,2023-03,0.05,-7.24,-5.87,"530797,"
Maitri Enterprises Ltd.,513430,Trading,15.67,2,2024-03,10.55,26.22,2024-03,19.01,-0.45,2024-03,0,,3.47,2,2023-03,1.28,-0.02,5.02,"513430,"
Pradhin Ltd.,530095,Trading,15.49,1,2024-03,0.01,15.5,2024-03,4.18,0.54,2024-03,28.43,,2.34,1,2023-03,0.01,-1.67,-1.5,"530095,"
SPS International Ltd.,530177,Trading,15.05,1,2024-06,,15.05,2024-06,0.04,-0.32,2024-06,0,,4.17,1,2023-03,0,-3.26,-3.25,"530177,"
Vaxtex Cotfab Ltd.,VCL,Trading,14.88,1,2024-03,11.52,26.4,2024-03,16.62,-8.83,2024-03,0,,0.8,1,2023-03,0.22,6.69,7.7,"VCL,"
Ecofinity Atomix Ltd.,539455,Trading,14.79,1,2024-03,,14.79,2024-06,13,0.56,2024-06,26.59,,4.17,1,2023-03,0.01,-8.33,-7.78,"539455,"
Amraworld Agrico Ltd.,531991,Trading,13.35,1,2024-03,,13.31,2024-06,3.35,3.25,2024-06,4.1,,0.95,1,2023-03,0,-1.05,-1.05,"531991,"
Longview Tea Company Ltd.,526568,Trading,13.14,1,2024-03,0,12.97,2024-06,2.18,1.63,2024-06,8.05,0.06,0.71,1,2024-03,0,8.93,10.74,"526568,"
Delta Industrial Resources Ltd.,539596,Trading,13.14,1,2024-03,,13.14,2024-03,0,-0.03,2024-03,0,0,2.68,1,2023-03,0,2.64,3.82,"539596,"
Sun Retail Ltd.,542025,Trading,13.03,1,2024-03,2.07,15.1,2024-03,97.02,1.12,2024-03,11.66,,0.79,1,2023-03,0.43,-7.86,-6.4,"542025,"
Sirohia & Sons Ltd.,538667,Trading,12.91,1,2024-03,,12.91,2024-03,0,-0.05,2024-03,0,,0.46,1,2023-03,0,-0.53,-0.51,"538667,"
Elegant Floriculture & Agrotech (India) Ltd.,526473,Trading,12.84,1,2024-03,0,12.75,2024-06,0.61,0.4,2024-06,31.86,1.9,0.61,1,2024-03,0,0.08,0.12,"526473,"
Triveni Enterprises Ltd.,538569,Trading,12.82,1,2024-03,0.62,13.44,2024-06,0.99,0.21,2024-06,61.35,0.32,1.22,1,2023-03,0.06,3.14,4.12,"538569,"
Panth Infinity Ltd.,539143,Trading,12.81,1,2024-03,,12.81,2024-03,4.72,-0.55,2024-03,0,0,0.69,1,2023-03,0,-11.01,-11.01,"539143,"
Globe Commercials Ltd.,540266,Trading,12.78,1,2024-03,1.47,14.26,2024-03,162.36,3.06,2024-03,4.19,0.05,1.02,1,2023-03,0.16,28.79,33.48,"540266,"
Asia Pack Ltd.,530899,Trading,12.66,1,2024-03,,12.66,2024-03,0.08,0.37,2024-03,34.32,1.6,0.37,1,2023-03,0,1.11,1.42,"530899,"
Abate AS Industries Ltd.,531658,Trading,12.57,1,2024-03,1.22,13.78,2024-06,0,-0.26,2024-06,0,,-42.32,1,2023-03,67.62,-190.21,-58.67,"531658,"
Simplex Mills Company Ltd.,533018,Trading,12,1,2024-03,2.52,14.45,2024-06,0,-0.13,2024-06,0,0,-3.47,1,2024-03,-0.73,0,0,"533018,"
Munoth Communication Ltd.,511401,Trading,11.76,2,2024-03,1.59,13.35,2024-03,0,-0.32,2024-03,0,,1.04,2,2023-03,0.08,-14.53,-10.1,"511401,"
SRU Steels Ltd.,540914,Trading,11.58,1,2024-03,,11.58,2024-03,18.32,0.32,2024-03,35.85,19.45,0.85,1,2023-03,0,5.38,9.53,"540914,"
Olympic Oil Industries Ltd.,507609,Trading,11.14,1,2024-03,38.47,49.3,2024-03,0,-0.46,2024-03,0,,-0.5,1,2023-03,-4.89,0,-0.52,"507609,"
Panabyte Technologies Ltd.,538742,Trading,10.84,1,2024-03,2.92,13.75,2024-06,3.92,-0.23,2024-06,0,,4.32,1,2023-03,1.1,-14.18,-3.14,"538742,"
Devine Impex Ltd.,531585,Trading,10.72,1,2024-03,,10.72,2024-06,1.89,0.06,2024-06,181.76,8.05,0.79,1,2023-03,0,0.37,0.39,"531585,"
RISA International Ltd.,530251,Trading,10.69,1,2024-03,1.55,12.24,2024-06,0,-14.82,2024-06,0,0,2.04,1,2023-03,0.06,-1.59,-1.52,"530251,"
Lexoraa Industries Ltd.,531944,Trading,10.2,1,2024-03,0.51,10.71,2024-06,0,-0.41,2024-06,0,0,-11.69,1,2023-03,-1.86,0,190.56,"531944,"
Dhruv Wellness Ltd.,540695,Trading,10.13,1,2023-09,18.67,28.8,2023-03,0.39,0.02,2023-03,486.49,,-0.71,1,2023-03,-1.39,0,0.38,"540695,"
Haria Exports Ltd.,512604,Trading,9.77,1,2024-03,,9.68,2024-03,0,0.09,2024-03,112.31,,0.7,1,2023-03,0,-0.42,-0.42,"512604,"
Suumaya Corporation Ltd.,543274,Trading,9.57,1,2024-03,7.05,16.62,2024-03,2.46,-485.35,2024-03,0,,0.1,1,2023-03,0.08,-33.25,-26.14,"543274,"
Indian Link Chain Manufacturers Ltd.,504746,Trading,9.49,1,2024-03,,9.49,2024-03,0,0.1,2024-03,105.5,,2.95,1,2023-03,0,-13.58,-13.58,"504746,"
Rama Petrochemicals Ltd.,500358,Trading,9.45,2,2024-03,39.97,48.86,2024-06,0.38,-1.47,2024-06,0,,-0.17,2,2024-03,-0.73,0,0,"500358,"
Sharanam Infraproject and Trading Ltd.,539584,Trading,9.36,1,2024-03,0.69,10,2024-03,1.76,0.02,2024-03,362.8,21.38,0.89,1,2024-03,0.06,0.37,0.42,"539584,"
Peeti Securities Ltd.,531352,Trading,9.19,1,2024-03,,9.19,2024-06,23.92,0.35,2024-03,22.36,,0.78,1,2023-03,0,5.77,7.68,"531352,"
Vaxfab Enterprises Ltd.,542803,Trading,8.69,1,2024-03,0.09,8.78,2024-06,5,-3.17,2024-06,0,,0.66,2,2023-03,0.02,4.08,5.1,"542803,"
Mystic Electronics Ltd.,535205,Trading,8.64,1,2024-03,1.2,9.83,2024-03,0,-1.49,2024-03,0,0,0.31,1,2023-03,0.04,-11.09,-10.67,"535205,"
Dhyaani Tradeventtures Ltd.,543516,Trading,8.59,1,2024-03,3.03,11.51,2024-03,29.67,0.69,2024-03,12.52,0.23,1.74,1,2024-03,0.61,14.9,19.37,"543516,"
Symbiox Investment & Trading Co Ltd.,539278,Trading,8.57,1,2024-03,,8.25,2024-03,3.9,0.3,2024-03,41.02,10.62,0.27,1,2023-03,0,0.51,0.69,"539278,"
Gujarat Cotex Ltd.,514386,Trading,8.56,1,2024-03,1,9.56,2024-06,19.14,0.32,2024-06,26.92,,1.26,1,2023-03,0.11,0.15,0.39,"514386,"
AMS Polymers Ltd.,540066,Trading,8.51,1,2024-03,12.78,21.29,2024-06,82.65,0.7,2023-09,6.01,0.05,2.05,1,2023-03,2.41,14.97,10.82,"540066,"
Mukta Agriculture Ltd.,535204,Trading,8.41,1,2024-03,1.08,9.45,2024-03,0,-1.93,2024-03,0,0,0.38,1,2023-03,0.05,-28.63,-27.55,"535204,"
RSC International Ltd.,530179,Trading,8.27,1,2024-03,0.07,8.34,2024-06,0.9,0.07,2024-03,0,,18.62,1,2023-03,4.53,-159.01,-51.84,"530179,"
Omnipotent Industries Ltd.,543400,Trading,7.75,1,2024-03,0.23,7.98,2024-03,33.6,0.16,2024-03,49.36,,0.37,1,2023-03,0,-0.2,0.13,"543400,"
Kabra Commercial Ltd.,539393,Trading,7.58,1,2024-03,12.34,12.67,2024-06,18.65,1.5,2023-06,10.96,,0.48,1,2024-03,0.59,3.64,5.93,"539393,"
Shashank Traders Ltd.,540221,Trading,7.49,1,2024-03,2.85,10.34,2024-03,0,-0.16,2024-03,0,,3.21,1,2023-03,0,-9.58,-9.57,"540221,"
Parker Agrochem Exports Ltd.,524628,Trading,7.42,1,2024-03,0.86,8.27,2024-06,4.71,0.33,2024-06,22.68,0.32,2.15,1,2023-03,0.19,24.26,22.52,"524628,"
AVI Products India Ltd.,523896,Trading,7.4,1,2024-03,0.26,4.34,2024-06,4.8,0.28,2024-06,26.07,2.06,1.05,1,2023-03,0,4.63,7.09,"523896,"
Quasar India Ltd.,538452,Trading,7.38,1,2024-03,0.01,7.39,2024-06,38.69,1.68,2024-06,4.4,0.03,0.85,1,2023-03,0.03,17.34,21.3,"538452,"
IGC Industries Ltd.,539449,Trading,7.36,1,2024-03,,7.36,2024-06,0,-0.34,2024-06,0,,10.29,1,2023-03,0,-15.03,-14.75,"539449,"
Ramgopal Polytex Ltd.,514223,Trading,7.25,1,2024-03,,7.25,2024-06,8.61,-1.4,2024-06,0,,0.63,1,2023-03,0.04,-9.36,-7.8,"514223,"
Sword-Edge Commercials Ltd.,512359,Trading,7.17,1,2022-09,11.29,18.4,2022-12,1.05,0.59,2022-12,12.15,,,1,2022-03,0.75,-5.55,-3.16,"512359,"
Worldwide Aluminium Ltd.,526525,Trading,7.07,1,2024-03,,3.86,2024-03,7.02,0,2024-03,0,,1.15,1,2023-03,0,-0.01,0.03,"526525,"
Standard Shoe Sole & Mould (India) Ltd.,523351,Trading,7,1,2024-03,0.24,7.23,2024-03,0,-0.66,2024-03,0,,-11.37,1,2023-03,0,-151.18,-151.18,"523351,"
Ganon Products Ltd.,512443,Trading,6.95,1,2024-03,,6.75,2024-03,27.9,0.13,2024-03,54.31,,0.63,1,2023-03,0,0.14,4.75,"512443,"
Trio Mercantile & Trading Ltd.,534755,Trading,6.93,1,2024-03,0.55,7.48,2024-06,1.98,-0.25,2024-06,0,,0.29,1,2023-03,0.01,-0.41,-0.4,"534755,"
Chandrima Mercantiles Ltd.,540829,Trading,6.93,1,2024-03,3.27,10.2,2024-03,19.39,0.26,2024-03,26.35,0.15,0.15,1,2024-03,0.07,1.12,0.96,"540829,"
Bijoy Hans Ltd.,524723,Trading,6.9,1,2024-03,0.06,6.96,2024-03,0.28,-0.23,2024-03,0,,2.03,1,2023-03,0.02,-11.9,-11.62,"524723,"
Gleam Fabmat Ltd.,542477,Trading,6.89,1,2024-03,5.26,12.15,2024-03,0.65,0.08,2024-03,82.05,,0.7,1,2023-03,0.53,-0.6,-0.3,"542477,"
Chambal Breweries & Distilleries Ltd.,512301,Trading,6.88,1,2024-03,0,6.83,2024-06,0,-2.44,2024-06,0,,5.87,1,2024-03,0,-101.24,-101.24,"512301,"
Ramasigns Industries Ltd.,515127,Trading,6.82,1,2024-03,9.77,16.59,2024-06,7.46,-5.63,2024-06,0,,0.59,1,2023-03,0.59,2.6,5.06,"515127,"
Ashiana Agro Industries Ltd.,519174,Trading,6.82,1,2024-03,,6.82,2024-03,0.97,0.12,2024-03,54.54,8.73,2.69,1,2023-03,0,-1.1,-1.09,"519174,"
Satiate Agri Ltd.,524546,Trading,6.7,1,2024-03,0.19,6.89,2024-03,0.2,-0.12,2023-03,9.72,0.03,9.83,1,2023-03,0.23,209.81,233.64,"524546,"
Amanaya Ventures Ltd.,543804,Trading,6.57,1,2024-03,0.01,5.83,2024-03,30.81,0.1,2024-03,68.47,,1.33,1,2023-03,0.01,2.27,3.15,"543804,"
Ind-Agiv Commerce Ltd.,517077,Trading,6.5,1,2023-03,12.03,15.01,2022-12,7.95,-1.75,2023-03,0,,-2.45,2,2023-03,-6.92,0,-7.55,"517077,"
CHD Chemicals Ltd.,539800,Trading,6.49,1,2024-03,6.46,12.95,2024-03,16.23,0.26,2024-03,25.16,,0.49,1,2023-03,0.7,0.5,1.67,"539800,"
Svarnim Trade Udyog Ltd.,539911,Trading,6.47,1,2024-03,0.07,6.53,2024-06,0,-0.04,2024-06,0,,-5018.87,1,2023-03,0,-165.86,-165.65,"539911,"
Ambassador Intra Holdings Ltd.,542524,Trading,6.26,1,2024-03,0.44,6.7,2024-03,0,0.03,2024-03,201.8,,1.95,1,2023-03,0.19,0.36,0.33,"542524,"
Unitech International Ltd.,531867,Trading,6.19,1,2024-03,27.83,34.02,2024-03,5.03,-8.02,2024-03,0,,-0.87,1,2023-03,36.91,-176.49,-24.68,"531867,"
Gujarat Metallic Coal & Coke Ltd.,531881,Trading,5.94,1,2019-09,,5.94,2019-09,0,-13.3,2019-09,0,,,1,2019-03,0.87,-62.06,-37.39,"531881,"
Modella Woollens Ltd.,503772,Trading,5.83,1,2024-03,,5.83,2024-06,0,-0.16,2024-06,0,0,-27.29,1,2023-03,0,0,0,"503772,"
Alchemist Corporation Ltd.,531409,Trading,5.81,2,2024-03,0.6,6.41,2024-06,0,0.07,2024-06,84.26,,4.94,2,2023-03,0.06,-21.15,-18.11,"531409,"
Muzali Arts Ltd.,539410,Trading,5.8,1,2023-09,0.11,5.91,2023-12,0.16,-0.35,2023-12,0,,0.45,1,2023-03,0.01,-25.26,-22.74,"539410,"
Konndor Industries Ltd.,532397,Trading,5.72,1,2024-03,,5.72,2024-03,13.79,0.74,2024-03,8.9,0.12,0.62,1,2022-03,0,7.44,12.52,"532397,"
Afloat Enterprises Ltd.,543377,Trading,5.68,1,2024-03,,5.68,2024-03,1.89,0.03,2024-03,202.99,2.61,1.12,1,2023-03,0,1.45,1.92,"543377,"
JMG Corporation Ltd.,523712,Trading,5.6,1,2024-03,0.87,6.47,2024-06,0.62,0.12,2024-06,47.9,,0.81,1,2023-03,0.12,-4.52,-3.07,"523712,"
PM Telelinks Ltd.,513403,Trading,5.47,1,2024-03,,5.47,2024-03,30.68,0.08,2024-03,69.25,3.31,0.64,1,2023-03,0,1.96,2.76,"513403,"
Simplex Papers Ltd.,533019,Trading,5.42,1,2024-03,12.92,18.32,2024-06,0,0.13,2024-06,40.15,,-0.45,1,2024-03,-1.09,0,12.64,"533019,"
PAE Ltd.,517230,Trading,5.32,1,2023-03,10.67,15.91,2023-12,0,-0.52,2023-12,0,0,-0.19,1,2023-03,-0.39,0,0,"517230,"
Ambitious Plastomac Company Ltd.,526439,Trading,4.79,1,2024-03,0.78,5.56,2024-03,5.96,0.06,2024-03,78.48,,-6.41,1,2023-03,-1.09,0,-576.9,"526439,"
AVI Polymers Ltd.,539288,Trading,4.77,1,2024-03,0.81,5.58,2024-06,0.66,0.02,2024-06,216.81,11.35,1.07,1,2023-03,0,2.69,3.38,"539288,"
Sarthak Global Ltd.,530993,Trading,4.75,1,2024-03,17.77,22.44,2024-06,4.74,-0.1,2024-06,0,,3.09,1,2024-03,10.69,1.14,4.98,"530993,"
Priya Ltd.,524580,Trading,4.71,1,2024-03,25.86,30.52,2024-03,0,-4.04,2024-03,0,,-0.1,1,2023-03,-0.61,0,0,"524580,"
Checkpoint Trends Ltd.,531099,Trading,4.11,1,2024-03,,4.1,2024-03,1.13,0.03,2024-03,137.07,,20.98,1,2023-03,0.89,-38.44,-13.1,"531099,"
Inceptum Enterprises Ltd.,538541,Trading,3.91,1,2023-03,0.81,4.72,2023-03,0,-0.04,2022-12,0,,3.2,1,2021-03,0.68,-3.17,-1.9,"538541,"
Fraser and Co Ltd.,539032,Trading,3.74,1,2024-03,0.32,4.06,2024-03,0.03,-0.79,2024-03,0,0,0.52,1,2023-03,0.06,4.38,6.56,"539032,"
Shiva Suitings Ltd.,521003,Trading,3.72,1,2024-03,,3.72,2024-03,3.78,0.04,2024-03,75.94,5.3,1.84,1,2023-03,0,5.14,7.05,"521003,"
Radhagobind Commercial Ltd.,539673,Trading,3.6,1,2024-03,0.92,4.51,2024-03,0.07,-7.51,2024-03,0,,-0.81,1,2024-03,-0.21,0,0,"539673,"
Aviva Industries Ltd.,512109,Trading,3.52,1,2024-03,0.76,4.28,2024-03,0.58,-0.03,2024-03,0,,1.13,1,2023-03,0.24,0.18,0.15,"512109,"
Padmanabh Industries Ltd.,526905,Trading,3.49,1,2024-03,0.61,4.1,2024-06,0.71,-0.12,2024-06,0,,-25.07,1,2023-03,-118.23,0,-0.24,"526905,"
Diksha Greens Ltd.,542155,Trading,3.44,1,2024-03,24.49,27.93,2024-03,0,-2.97,2024-03,0,,-0.13,1,2023-03,-0.95,0,-65.39,"542155,"
Adarsh Mercantile Ltd.,538563,Trading,3.41,2,2023-09,3.65,7.07,2023-12,0.28,2.26,2023-12,1.26,,0.3,2,2023-03,0.51,-4.72,0.13,"538563,"
Vitesse Agro Ltd.,540823,Trading,2.86,1,2023-03,7.41,8.58,2023-03,17.61,0,2023-03,285.57,4.15,0.38,1,2022-03,0.94,7.02,6.09,"540823,"
Tiaan Consumer Ltd.,540108,Trading,2.77,1,2023-09,5.18,7.95,2023-09,0.01,-11.27,2023-09,0,,-1.71,1,2023-03,0.18,-25.87,-23.59,"540108,"
Swadeshi Industries & Leasing Ltd.,506863,Trading,2.75,1,2024-03,,2.75,2024-03,2.46,-0.06,2024-03,0,0,0.35,1,2023-03,0,-1.24,-1.23,"506863,"
Shivansh Finserve Ltd.,539593,Trading,2.65,2,2024-03,25.59,20.72,2024-03,0.46,0.05,2024-03,52,,0.39,2,2023-03,2.46,0.71,0.67,"539593,"
Negotium International Trade Ltd.,537838,Trading,2.63,1,2021-09,5.99,8.61,2021-12,0.03,-0.04,2021-12,0,,,1,2021-03,1.88,0.11,0.04,"537838,"
Omkar Overseas Ltd.,531496,Trading,2.6,1,2024-03,0.03,2.63,2024-06,0,-1.07,2024-06,0,,-49.81,1,2023-03,0,-9.88,-9.88,"531496,"
India Infraspace Ltd.,531343,Trading,2.37,2,2024-03,4.09,6.46,2024-03,0,0.02,2023-03,0,,-0.58,1,2021-03,0.14,-0.13,-0.08,"531343,"
Jatalia Global Ventures Ltd.,519319,Trading,2.14,1,2024-03,1.98,4.12,2024-03,0.06,-0.2,2023-06,0,,-0.99,1,2023-03,-1.22,-252.83,-150.55,"519319,"
Solis Marketing Ltd.,538575,Trading,1.54,1,2023-03,1.46,3,2023-03,0,0,2023-03,0,,0.29,1,2021-03,0.44,0.14,0.16,"538575,"
IMEC Services Ltd.,513295,Trading,1.53,2,2024-03,,1.04,2024-03,16.62,301.73,2024-03,0.01,0,-0.03,2,2023-03,-0.66,0,0,"513295,"
Blue Pearl Agriventures Ltd.,514440,Trading,1.25,1,2024-03,0.41,1.27,2024-03,0.26,-0.07,2024-03,0,,-6.75,1,2024-03,-2.21,0,-33.05,"514440,"
Omansh Enterprises Ltd.,538537,Trading,1.17,1,2024-03,1.77,2.94,2024-03,0.01,-0.33,2024-03,0,,0.49,1,2022-03,1.87,-7.92,-4.07,"538537,"
Viaan Industries Ltd.,537524,Trading,0.97,1,2021-09,11.52,12.49,2021-12,0.78,-1.29,2021-12,0,,,1,2021-03,-4.7,0,-17.87,"537524,"
Gagan Polycot India Ltd.,531196,Trading,0.86,1,2022-03,,0.81,2022-03,0,-5.69,2022-03,0,,0.22,1,2021-03,0,-3.34,-1.53,"531196,"
Kshitij Investments Ltd.,503626,Trading,0.66,1,2024-03,0,0.35,2024-06,0,-0.2,2023-12,0,,2.19,1,2024-03,0,-13.01,-12.75,"503626,"
Euro Asia Exports Ltd.,530929,Trading,0.13,1,2024-03,,-0.07,2024-03,12.51,0.02,2024-03,5.54,0.89,-0.13,1,2023-03,0.33,32.23,3.74,"530929,"
PH Trading Ltd.,512026,Trading,0.11,1,2024-03,,0.11,2024-06,0,0.17,2024-06,0.65,,0.05,1,2023-03,0,-15.85,-7.01,"512026,"
