SYMBOL,SERIES,SECURITY,HIGH/LOW,INDEX FLAG
ABMINTLLTD,BE,ABM INTERNATIONAL LTD,H
AILIMITED,ST,ABHISHEK INTEGRATIONS LTD,H
AKI,EQ,AKI INDIA LIMITED,H
ALMONDZ,EQ,ALMONDZ GLOBAL SEC LTD,H
ANKITMETAL,BE,ANKIT MET & POW LTD,H
APOLLO,EQ,APOLLO MICRO SYSTEMS LTD,H
ARSHIYA,BE,ARSHIYA LIMITED,H
ASIANHOTNR,EQ,ASIAN HOTELS (NORTH) LTD,H
ASMS,EQ,BARTRONICS INDIA LIMITED,H
AWFIS,EQ,AWFIS SPACE SOLUTIONS LTD,H
BVCL,EQ,BARAK VALLEY CEM. LTD.,H
CONTI,SM,CONTINENTAL SEED CHEM LTD,H
DCG,ST,DCG CABLES & WIRES LTD,H
DCI,EQ,DC INFOTECH AND COMUN LTD,H
DGCONTENT,BE,DIGICONTENT LIMITED,H
DUGLOBAL,SM,DUDIGITAL GLOBAL LIMITED,H
E2E,EQ,E2E NETWORKS LIMITED,H
EFFWA,ST,EFFWA INFRA & RESEARCH L,H
EIMCOELECO,BE,EIMCO ELECON (INDIA) LTD,H
EMKAY,BE,EMKAY GLOBAL FIN SERV LTD,H
ENSER,SM,ENSER COMMUNICATIONS LTD,H
FEL,BZ,FUTURE ENTERPRISES LTD,H
FELDVR,BE,FUTURE ENTERPRISES LTD,H
FLEXITUFF,EQ,FLEXITUFF VENTURES INT L,H
GATECH,EQ,GACM TECHNOLOGIES LIMITED,H
GATECHDVR,BE,GACM TECHNOLOGIES LIMITED,H
GGBL,ST,GANESH GREEN BHARAT LTD,H
GODHA,BE,GODHA CABCON INSULAT LTD,H
GRAPHISAD,SM,GRAPHISADS LIMITED,H
GRPLTD,BE,GRP LIMITED,H
GUJRAFFIA,EQ,GUJARAT RAFFIA INDUST LTD,H
GVPTECH,EQ,GVP INFOTECH LIMITED,H
HMT,BZ,HMT LTD -,H
HUBTOWN,BE,HUBTOWN LIMITED,H
INDOTECH,BE,INDO TECH TRANSFORM LTD.,H
INVENT-RE,BE,INVENTURE GRO & SEC LTD,H
IRIS,BE,IRIS BUSINESS SERV LTD,H
ISHAN,SM,ISHAN INTERNATIONAL LTD,H
JHS,BE,JHS SVEND. LAB. LTD,H
JPASSOCIAT,BE,JAIPRAKASH ASSOCIATES LTD,H
JUSTDIAL,EQ,JUSTDIAL LTD.,H
K2INFRA,ST,K2 INFRAGEN LIMITED,H
KARMAENG,EQ,KARMA ENERGY LIMITED,H
KECL,EQ,KIRLOSKAR ELECTRIC CO LTD,H
KEEPLEARN,BE,DSJ KEEP LEARNING LTD,H
KERNEX,EQ,KERNEX MICROSYS(I) LTD,H
KONTOR,SM,KONTOR SPACE LIMITED,H
KPIGREEN,EQ,KPI GREEN ENERGY LIMITED,H
KREBSBIO,EQ,KREBS BIOCHEMICALS & IND,H
LASA,EQ,LASA SUPERGENERICS LTD,H
LATTEYS,BE,LATTEYS INDUSTRIES LTD,H
MACPOWER,BE,MACPOWER CNC MACHINES LTD,H
MANOMAY,EQ,MANOMAY TEX INDIA LTD,H
MANORG,EQ,MANGALAM ORGANICS LIMITED,H
MARINE,BE,MARINE ELECTRICAL (I) LTD,H
MCL,EQ,MADHAV COPPER LIMITED,H
MCON,ST,MCON RASAYAN INDIA LTD,H
MODISONLTD,EQ,MODISON LIMITED,H
MONQ50,EQ,MOTILALAMC - MONQ50,H
MTNL,EQ,MAHANAGAR TELEPHONE NIGAM,H
NAGREEKEXP,EQ,NAGREEKA EXPORTS LTD.,H
NEPHROCARE,ST,NEPHRO CARE INDIA LIMITED,H
NIRMAN,ST,NIRMAN AGRI GENTICS LTD,H
OCCL,EQ,ORIENTAL CARBN & CHEM LTD,H
OMKARCHEM,BZ,OMKAR SPL CHEM LTD,H
RAJTV,BE,RAJ TV NETWORK LTD,H
RELIABLE,EQ,RELIABLE DATA SERVICE LTD,H
REMSONSIND,EQ,REMSONS INDUSTRIES LTD,H
RETAIL,EQ,JHS SVENDGAARD RETAIL V L,H
RICHA,SM,RICHA INFO SYSTEMS LTD,H
RKEC,BE,RKEC PROJECTS LIMITED,H
RULKA,ST,RULKA ELECTRICALS LIMITED,H
RVHL,EQ,RAVINDER HEIGHTS LIMITED,H
SABAR,SM,SABAR FLEX INDIA LIMITED,H
SADBHAV,EQ,SADBHAV ENGINEERING LTD,H
SAGARDEEP,EQ,SAGARDEEP ALLOYS LIMITED,H
SAMPANN,BE,SAMPANN UTPADAN INDIA LTD,H
SECURCRED,BE,SECUR CREDENTIALS LIMITED,H
SEYAIND,BE,SEYA INDUSTRIES LIMITED,H
SHRENIK,BE,SHRENIK LIMITED,H
SIDDHIKA,SM,SIDDHIKA COATINGS LIMITED,H
SIKKO,BE,SIKKO INDUSTRIES LIMITED,H
SITINET,BE,SITI NETWORKS LIMITED,H
SLONE,ST,SLONE INFOSYSTEMS LIMITED,H
SOFTTECH,EQ,SOFTTECH ENGINEERS LTD,H
SOLEX,SM,SOLEX ENERGY LIMITED,H
SOMICONVEY,BE,SOMI CONVEYOR BELT. LTD.,H
SURANASOL,EQ,SURANA SOLAR LIMITED,H
TPHQ,BE,TEAMO PRODUCTIONS HQ LTD,H
TTML,EQ,TATA TELESERV(MAHARASTRA),H
UMESLTD,BE,USHA MARTIN EDU & SOL LTD,H
VERA,SM,VERA SYNTHETIC LIMITED,H
VIVO,SM,VIVO COLLAB SOLUTIONS LTD,H
VLEGOV,EQ,VL E GOV AND IT SOL LTD,H
VSCL,SM,VADIVARHE SPCLTY CHEM LTD,H
WEIZMANIND,BE,WEIZMANN LTD,H
WINSOME,BE,WINSOME YARNS LIMITED,H
WOMANCART,ST,WOMANCART LIMITED,H
ACCURACY,BE,ACCURACY SHIPPING LIMITED,L
ACSAL,SM,ARVIND AND COMPANY,L
AGNI,SM,AGNI GREEN POWER LTD,L
AKANKSHA,ST,AKANKSHA POWER N INFRA L,L
AKSHAR,EQ,AKSHAR SPINTEX LIMITED,L
ALUWIND,ST,ALUWIND ARCHITECTURAL LTD,L
AMBEY,ST,AMBEY LABORATORIES LTD,L
AMEYA,SM,AMEYA PRECISION ENG LTD,L
AMJLAND,BE,AMJ LAND HOLDINGS LIMITED,L
ASHIMASYN,EQ,ASHIMA LTD,L
ASIANENE,EQ,ASIAN ENERGY SERVICES LTD,L
ATMASTCO,ST,ATMASTCO LIMITED,L
BBL,EQ,BHARAT BIJLEE LTD,L
BIRDYS,ST,GRILL SPLENDOUR SER LTD,L
BRIGHT,SZ,BRIGHT SOLAR LIMITED,L
CADSYS,SM,CADSYS (INDIA) LIMITED,L
CANARYS,ST,CANARYS AUTOMATIONS LTD,L
CCHHL,BE,COUNTRY CLUB HOSP HOL LTD,L
CENTEXT,EQ,CENTURY EXTRUSIONS LTD,L
CLOUD,ST,VARANIUM CLOUD LIMITED,L
CMMIPL,ST,CMM INFRAPROJECTS LIMITED,L
CMRSL,SM,CYBER MEDIA RES & SER LTD,L
CROWN,BE,CROWN LIFTERS LIMITED,L
CTE,BE,CAMBRIDGE TECH ENTER LTD,L
DCG,ST,DCG CABLES & WIRES LTD,L
DCI,EQ,DC INFOTECH AND COMUN LTD,L
DESTINY,SM,DESTINY LOGISTICS & I LTD,L
DHTL,SM,DOCMODE HEALTH TECH LTD,L
DREDGECORP,BE,DREDGING CORP OF INDIA,L
DUCOL,ST,DUCOL ORGS AND COLOURS LT,L
DUCON,BE,DUCON INFRATECHNOLOGIES L,L
DYNAMIC,SM,DYNAMIC SRVCS & SEC LTD,L
DYNPRO,BE,DYNEMIC PRODUCTS LIMITED,L
ENFUSE,ST,ENFUSE SOLUTIONS LIMITED,L
ESSARSHPNG,BE,ESSAR SHIPPING LTD,L
EUROTEXIND,EQ,EUROTEX INDUSTRIES LTD,L
FEL,BZ,FUTURE ENTERPRISES LTD,L
FELDVR,BE,FUTURE ENTERPRISES LTD,L
FELIX,SM,FELIX INDUSTRIES LTD.,L
FMNL,EQ,FUTURE MKT NETWORKS LTD,L
FROG,SM,FROG CELLSAT LIMITED,L
GENCON,BE,GENERIC ENG CONS PROJ LTD,L
GEPIL,BE,GE POWER INDIA LIMITED,L
GET&D,BE,GE T&D INDIA LIMITED,L
GKWLIMITED,EQ,GKW LIMITED,L
GLOBE,EQ,GLOBE TEXTILES (I) LTD.,L
GODHA,BE,GODHA CABCON INSULAT LTD,L
GPTINFRA,BE,GPT INFRAPROJECTS LTD,L
GTECJAINX,BE,G-TEC JAINX EDUCATION LTD,L
GTLINFRA,EQ,GTL INFRA.LTD,L
GVKPIL,EQ,GVK POW. & INFRA LTD.,L
HMT,BZ,HMT LTD -,L
KAUSHALYA,BE,KAUSHALYA INFRA DEV LTD.,L
KAYA,BE,KAYA LIMITED,L
KCEIL,ST,KAY CEE ENERGY & INFRA L,L
KEYFINSERV,EQ,KEYNOTE FIN SERV LTD.,L
KNAGRI,ST,KN AGRI RESOURCES LIMITED,L
KORE,ST,JAY JALARAM TECHNO LTD,L
KSHITIJPOL,BE,KSHITIJ POLYLINE LIMITED,L
LGHL,EQ,LAXMI GOLDORNA HOUSE LTD,L
LPDC,BE,LANDMARK PR.DEV.CO.LTD,L
LRRPL,SM,LEAD REC AND RUB PROD LTD,L
MAKS,ST,MAKS ENERGY SOL INDIA LTD,L
MBLINFRA,BE,MBL INFRASTRUCTURE LTD,L
MCON,ST,MCON RASAYAN INDIA LTD,L
MGEL,BE,MANGALAM GLOBAL ENT LTD,L
MILTON,SM,MILTON INDUSTRIES LIMITED,L
NGILPP,E1,NAKODA RE.2.50 PPD UP,L
NILAINFRA,EQ,NILA INFRASTRUCTURES LTD,L
NOIDATOLL,BE,NOIDA TOLL BRIDGE CO LTD,L
OLIL,ST,ONECLICK LOGISTICS IND L,L
OMAXE,BE,OMAXE LIMITED,L
ONDOOR,SM,ON DOOR CONCEPTS LIMITED,L
OWAIS,SM,OWAIS METAL & MINERAL,L
PARIN,SM,PARIN FURNITURE LIMITED,L
PERFECT,SM,PERFECT INFRAENGINEER LTD,L
PFOCUS,BE,PRIME FOCUS LIMITED,L
PRATHAM,SM,PRATHAM EPC PROJECTS LTD,L
PREMEXPLN,BE,PREMIER EXPLOSIVES LTD,L
PROLIFE,SM,PROLIFE INDUSTRIES LTD,L
PURVA,BE,PURAVANKARA LIMITED,L
RAJTV,BE,RAJ TV NETWORK LTD,L
RAYMOND,BE,RAYMOND - DEP SETT,L
REFRACTORY,ST,REFRACTORY SHAPES LIMITED,L
RILINFRA,ST,RACHANA INFRA LTD,L
ROLLT,BE,ROLLATAINERS LIMITED,L
RSSOFTWARE,BE,R. S. SOFTWARE (INDIA) LI,L
SAAKSHI,ST,SAAKSHI MEDTEC N PANELS L,L
SADBHAV,EQ,SADBHAV ENGINEERING LTD,L
SERVOTECH,EQ,SERVOTECH POWER SYS LTD.,L
SHRENIK,BE,SHRENIK LIMITED,L
SIMBHALS,BE,SIMBHAOLI SUGARS LTD.,L
SJLOGISTIC,SM,S J LOGISTICS (INDIA) LTD,L
SKYGOLD,BE,SKY GOLD LIMITED,L
SOLARAPP,X1,SOLAR ACT RS.3.50 PPD UP,L
SOTAC,ST,SOTAC PHARMACEUTICALS LTD,L
SPECTRUM,SM,SPECTRUM ELECTRIC IND LTD,L
SUPREMEPWR,ST,SUPREME POWER EQUIPMENT L,L
SUULD,BE,SUUMAYA INDUSTRIES LTD,L
SYLVANPLY,SM,SYLVAN PLYBOARD (INDIA) L,L
TAC,SM,TAC INFOSEC LIMITED,L
TBI,ST,TBI CORN LIMITED,L
TECHLABS,ST,TRIDENT TECHLABS LIMITED,L
TECILCHEM,BE,TECIL CHEMICALS,L
TGL,ST,TEERTH GOPICON LIMITED,L
TIMESCAN,SM,TIMESCAN LOGISTICS IND L,L
TIMESGTY,EQ,TIMES GUARANTY LIMITED,L
TPHQ,BE,TEAMO PRODUCTIONS HQ LTD,L
TRANSWIND,SM,TRANSWIND INFRA LIMITED,L
USK,BE,UDAYSHIVAKUMAR INFRA LTD,L
VERANDA,BE,VERANDA LEARNING SOL LTD,L
VILAS,ST,VILAS TRANSCORE LIMITED,L
VIPULLTD,EQ,VIPUL LIMITED,L
VITAL,ST,VITAL CHEMTECH LIMITED,L
WEL,EQ,WONDER ELECTRICALS LTD,L
YUKEN,EQ,YUKEN INDIA LIMITED,L
ZENITHSTL,BE,ZENITH STEEL PIP IND LTD,L
ZODIACLOTH,BE,ZODIAC CLOTHING CO LTD,L
ZTECH,SM,Z-TECH (INDIA) LIMITED,L
