GAIN_LOSS,SECURITY,CLOSE_PRIC,PREV_CL_PR,PERCENT_CG
 ,Nifty 50 Sec., , , 
 , , , , 
G,LTIMINDTREE LIMITED,      5756.90,      5562.35,3.5
G,TATA CONSULTANCY SERV LT,      4315.55,      4178.45,3.28
G,OIL AND NATURAL GAS CORP.,       331.70,       322.65,2.8
G,BAJAJ FINSERV LTD.,      1651.25,      1609.55,2.59
G,WIPRO LTD,       573.20,       559.70,2.41
G,SBI LIFE INSURANCE CO LTD,      1659.80,      1621.35,2.37
G,MAHINDRA & MAHINDRA LTD,      2819.45,      2756.75,2.27
G,SHRIRAM FINANCE LIMITED,      2867.30,      2813.50,1.91
G,HINDUSTAN UNILEVER LTD.,      2738.40,      2688.45,1.86
G,INFOSYS LIMITED,      1758.05,      1726.05,1.85
G,HCL TECHNOLOGIES LTD,      1594.55,      1569.55,1.59
G,TECH MAHINDRA LIMITED,      1539.35,      1516.20,1.53
G,STATE BANK OF INDIA,       893.55,       880.70,1.46
G,TATA CONSUMER PRODUCT LTD,      1193.40,      1176.25,1.46
G,KOTAK MAHINDRA BANK LTD,      1826.75,      1805.30,1.19
G,BHARTI AIRTEL LIMITED,      1483.65,      1466.50,1.17
G,APOLLO HOSPITALS ENTER. L,      6520.85,      6453.70,1.04
G,ITC LTD,       470.25,       465.55,1.01
G,SUN PHARMACEUTICAL IND L,      1594.25,      1579.30,.95
G,TITAN COMPANY LIMITED,      3262.10,      3234.05,.87
G,ICICI BANK LTD.,      1250.30,      1239.90,.84
G,INDUSIND BANK LIMITED,      1456.90,      1445.90,.76
G,NESTLE INDIA LIMITED,      2627.05,      2607.30,.76
G,BAJAJ FINANCE LIMITED,      7110.00,      7059.10,.72
G,BHARAT PETROLEUM CORP  LT,       318.15,       315.95,.7
G,RELIANCE INDUSTRIES LTD,      3173.35,      3152.50,.66
G,LARSEN & TOUBRO LTD.,      3656.20,      3636.55,.54
G,EICHER MOTORS LTD,      4941.10,      4916.10,.51
G,AXIS BANK LIMITED,      1309.40,      1304.00,.41
G,TATA MOTORS LIMITED,      1024.55,      1021.15,.33
 , , , , 
L,ASIAN PAINTS LIMITED,      2931.55,      2974.45,-1.44
L,COAL INDIA LTD,       505.25,       512.45,-1.41
L,HERO MOTOCORP LIMITED,      5502.20,      5578.10,-1.36
L,GRASIM INDUSTRIES LTD,      2791.80,      2827.35,-1.26
L,BAJAJ AUTO LIMITED,      9626.20,      9718.35,-0.95
L,NTPC LTD,       377.75,       380.45,-0.71
L,ADANI ENTERPRISES LIMITED,      3092.20,      3109.30,-0.55
L,TATA STEEL LIMITED,       166.36,       167.07,-0.42
L,POWER GRID CORP. LTD.,       341.25,       342.45,-0.35
L,ADANI PORT & SEZ LTD,      1493.90,      1499.05,-0.34
L,JSW STEEL LIMITED,       931.45,       934.35,-0.31
L,HDFC BANK LTD,      1614.80,      1619.75,-0.31
L,CIPLA LTD,      1506.65,      1510.40,-0.25
L,HINDALCO  INDUSTRIES  LTD,       689.95,       690.80,-0.12
L,ULTRATECH CEMENT LIMITED,     11647.25,     11658.70,-0.1
 , , , , 
 ,Nifty Next 50 Sec., , , 
 , , , , 
G,CHOLAMANDALAM IN & FIN CO,      1449.85,      1408.20,2.96
G,TORRENT PHARMACEUTICALS L,      3058.30,      2975.05,2.8
G,MARICO LIMITED,       684.85,       667.35,2.62
G,ICICI LOMBARD GIC LIMITED,      1910.55,      1873.10,2
G,INFO EDGE (I) LTD,      6932.25,      6812.00,1.77
G,SAMVRDHNA MTHRSN INTL LTD,       204.31,       201.17,1.56
G,ZOMATO LIMITED,       220.62,       217.49,1.44
G,AVENUE SUPERMARTS LIMITED,      5083.45,      5039.85,0.87
G,GODREJ CONSUMER PRODUCTS,      1465.25,      1452.75,0.86
G,AMBUJA CEMENTS LTD,       690.25,       685.35,0.71
G,DABUR INDIA LTD,       644.85,       640.95,0.61
G,PIDILITE INDUSTRIES LTD,      3193.40,      3175.15,0.57
G,SHREE CEMENT LIMITED,     28061.60,     27906.80,0.55
G,SRF LTD,      2404.50,      2394.60,0.41
G,SBI CARDS & PAY SER LTD,       733.50,       730.90,0.36
G,BERGER PAINTS (I) LTD,       521.25,       520.50,0.14
G,DLF LIMITED,       844.90,       843.75,0.14
G,BOSCH LIMITED,     35149.85,     35108.85,0.12
G,LIFE INSURA CORP OF INDIA,      1109.65,      1108.45,0.11
G,ZYDUS LIFESCIENCES LTD,      1185.65,      1184.80,0.07
G,ICICI PRU LIFE INS CO LTD,       654.80,       654.35,0.07
 , , , , 
L,TRENT LTD,      5308.50,      5647.30,-6
L,HINDUSTAN AERONAUTICS LTD,      5015.75,      5329.40,-5.89
L,SIEMENS LTD,      7121.20,      7468.60,-4.65
L,ABB INDIA LIMITED,      7893.15,      8232.30,-4.12
L,BHARAT ELECTRONICS LTD,       313.55,       326.15,-3.86
L,INDIAN RAILWAY FIN CORP L,       205.82,       212.11,-2.97
L,JIO FIN SERVICES LTD,       337.00,       344.25,-2.11
L,JINDAL STEEL & POWER LTD,       989.95,      1010.05,-1.99
L,GAIL (INDIA) LTD,       228.86,       233.41,-1.95
L,TVS MOTOR COMPANY  LTD,      2407.60,      2455.40,-1.95
L,INDIAN RAIL TOUR CORP LTD,      1010.25,      1029.00,-1.82
L,ADANI POWER LTD,       699.50,       712.45,-1.82
L,ADANI TOTAL GAS LIMITED,       890.10,       906.00,-1.75
L,TATA POWER CO LTD,       429.95,       436.90,-1.59
L,REC LIMITED,       610.05,       617.70,-1.24
L,ADANI ENERGY SOLUTION LTD,      1010.45,      1022.25,-1.15
L,BANK OF BARODA,       255.45,       258.20,-1.07
L,VEDANTA LIMITED,       451.40,       455.50,-0.9
L,PUNJAB NATIONAL BANK,       118.84,       119.86,-0.85
L,ADANI GREEN ENERGY LTD,      1747.55,      1759.95,-0.7
L,HAVELLS INDIA LIMITED,      1862.65,      1875.40,-0.68
L,INDIAN OIL CORP LTD,       169.61,       170.74,-0.66
L,VARUN BEVERAGES LIMITED,      1590.65,      1599.00,-0.52
L,POWER FIN CORP LTD.,       547.60,       549.55,-0.35
L,INTERGLOBE AVIATION LTD,      4417.25,      4431.10,-0.31
L,CANARA BANK,       115.77,       116.04,-0.23
L,COLGATE PALMOLIVE LTD.,      3121.40,      3127.85,-0.21
L,BAJAJ HOLDINGS & INVS LTD,      9780.70,      9796.90,-0.17
 , , , , 
 ,OTHER SECURITIES, , , 
 , , , , 
G,MAHANAGAR TELEPHONE NIGAM,        64.08,        53.40,20
G,JUSTDIAL LTD.,      1242.10,      1035.10,20
G,KREBS BIOCHEMICALS & IND,       102.08,        85.07,20
G,TATA TELESERV(MAHARASTRA),        97.31,        81.32,19.66
G,MASON INFRATECH LIMITED,       158.90,       137.05,15.94
G,UMANG DAIRIES LIMITED,       160.44,       139.95,14.64
G,MANOMAY TEX INDIA LTD,       244.02,       212.89,14.62
G,BOND 8.62% TAX FREE S3B,      1275.00,      1116.21,14.23
G,ALPHAGEO (INDIA) LIMITED,       511.50,       456.55,12.04
G,QUICK HEAL TECH LTD,       608.20,       545.30,11.53
G,COASTAL CORPORATION LTD,       274.77,       246.48,11.48
G,AWFIS SPACE SOLUTIONS LTD,       701.30,       631.55,11.04
G,ADITYA BIRLA MONEY LTD,       183.30,       165.45,10.79
G,ONMOBILE GLOBAL LTD.,        87.11,        79.03,10.22
G,HDFCAMC - HDFCBSE500,        42.36,        38.45,10.17
G,SONAM LIMITED,        43.83,        39.79,10.15
G,RATNAVEER PRECISION ENG L,       189.83,       172.56,10.01
G,GUJARAT RAFFIA INDUST LTD,        48.62,        44.20,10
G,ORIENTAL CARBN & CHEM LTD,       396.05,       360.05,10
G,BARAK VALLEY CEM. LTD.,        67.00,        60.91,10
G,JHS SVENDGAARD RETAIL V L,        49.77,        45.25,9.99
G,NAGREEKA EXPORTS LTD.,        38.78,        35.26,9.98
G,SAGARDEEP ALLOYS LIMITED,        33.07,        30.07,9.98
G,VERA SYNTHETIC LIMITED,        56.85,        51.70,9.96
G,SBC EXPORTS LIMITED,        28.49,        25.99,9.62
G,KIRLOSKAR ELECTRIC CO LTD,       246.33,       224.76,9.6
G,NOVA AGRITECH LIMITED,        73.01,        67.01,8.95
G,INNOVA CAPTAB LIMITED,       557.45,       514.50,8.35
G,RAVINDER HEIGHTS LIMITED,        44.42,        41.17,7.89
G,STEEL STRIPS WHEELS LTD.,       238.75,       221.34,7.87
 , , , , 
L,NAKODA RE.2.50 PPD UP,        18.54,        23.18,-20.02
L,SAH POLYMERS LIMITED,        78.57,        87.41,-10.11
L,BHARAT BIJLEE LTD,      4748.65,      5276.25,-10
L,ARVIND AND COMPANY,        70.75,        78.60,-9.99
L,KALAHRIDHAAN TRENDZ LTD,        43.25,        47.90,-9.71
L,SYLVAN PLYBOARD (INDIA) L,       122.05,       135.10,-9.66
L,KEYNOTE FIN SERV LTD.,       281.60,       308.30,-8.66
L,INTENSE TECHNOLOGIES LTD,       160.31,       175.38,-8.59
L,ZEE ENTERTAINMENT ENT LTD,       142.42,       155.53,-8.43
L,TIMES GUARANTY LIMITED,       128.91,       139.96,-7.9
L,DIENSTEN TECH LIMITED,       207.20,       224.00,-7.5
L,SHIVA TEXYARN LIMITED,       181.51,       196.13,-7.45
L,HATHWAY CABLE & DATACOM,        23.08,        24.91,-7.35
L,JALAN TRANSOLU. INDIA LTD,         3.20,         3.45,-7.25
L,ASIAN HOTELS (EAST) LTD,       128.06,       137.80,-7.07
L,VIP CLOTHING LIMITED,        47.72,        51.32,-7.01
L,RAMDEVBABA SOLVENT LTD,        96.85,       103.90,-6.79
L,MONARCH NETWORTH CAP LTD,       535.65,       572.55,-6.44
L,SKIPPER RE.0.25 PPD UP,       205.10,       219.05,-6.37
L,MAXPOSURE LIMITED,        91.35,        97.50,-6.31
L,VASCON ENGINEERS LTD,        76.25,        81.38,-6.3
L,PTC INDIA FIN SERV LTD,        51.82,        55.26,-6.23
L,ASPINWALL & CO LTD,       283.55,       302.30,-6.2
L,PRAKASH INDUSTRIES LTD,       182.66,       194.69,-6.18
L,TREE HOUSE EDU LTD,        23.56,        25.09,-6.1
L,IND-SWIFT LIMITED,        21.65,        23.05,-6.07
L,LORENZINI APPARELS LTD,        25.08,        26.66,-5.93
L,UTI ASSET MNGMT CO LTD,      1042.15,      1107.80,-5.93
L,ISGEC HEAVY ENG LTD,      1406.50,      1491.60,-5.71
L,DHANI SERVICES LIMITED,        57.37,        60.83,-5.69
