SECURITY,NEW,PREVIOUS,NEW_STATUS
TORRENT POWER LTD,1687,1633.1,H
ORIENT CEMENT LTD.,332.9,330,H
SBI-ETF NIFTY 50,260.79,259.82,H
2.50%GOLDBONDS2026SR-IV,7958,7639,H
2.50%GOLDBONDS2027SR-VI,7700,7542,H
2.50%GOLDBONDS2029SR-IV,7909.5,7809,H
2.50%GOLDBONDS2029SR-XI,7888.99,7854,H
2.5%GOLDBONDS2028SR-III,7850,7790,H
E2E NETWORKS LIMITED,1692.1,1660,H
ICICI LOMBARD GIC LIMITED,1916,1903.3,H
2.50%GOLDBONDS 2025TR-VII,8188,7795,H
MIC ELECTRONICS LTD,97.8,94.56,H
2.50%GOLDBONDS2026SR-XIV,7725,7680,H
NIP IND ETF IT,42.8,42.25,H
HDFCAMC - HDFCGROWTH,122.5,120.7,H
ICICIPRAMC - ICICITECH,42.7,42.18,H
INDIA SHELTER FIN CORP L,768,762,H
GOI TBILL 364D-05/09/24,98.85,98.5,H
MIRAEAMC - ITETF,40.7,40.19,H
MIRAEAMC - SENSEXETF,82.3,82,H
GOI TBILL 364D-25/07/24,99.87,99.71,H
URAVI T AND WEDG LAMP LTD,666,643.55,H
NOVA AGRITECH LIMITED,74.45,74.4,H
ABHISHEK INTEGRATIONS LTD,97.3,93.35,H
SERENCD 8.29% SR.V OP10,1020,1005,H
SAAKSHI MEDTEC N PANELS L,292,291.25,H
HEC INFRA PROJECTS LTD,128.86,91.35,H
INFOLLION RESEARCH SER L,261,260,H
BASF INDIA LTD,5900,5885,H
NEULAND LAB LTD.,8650,8628,H
QUANTUM NIFTY 50 ETF,2700.01,2671.64,H
CPSE ETF,105.5,103.98,H
2.50%GOLDBONDS2026SR-I,7800,7796.99,H
2.50%GOLDBONDS2028SR-VI,7940,7900,H
2.50%GOLDBONDS2029SR-XII,7898.99,7797,H
EDELAMC - EBBETF0425,1392.5,1259.2,H
2.5%GOLDBONDS2028SR-VIII,7985,7815,H
KEYNOTE FIN SERV LTD.,334.7,308.3,H
SIDDHIKA COATINGS LIMITED,355.35,338.45,H
PRUDENT CORP ADV SER LTD,2156,2130,H
VINSYS IT SERVICES IND LT,449.7,435,H
LT FOODS LIMITED,298,297.5,H
GOI TBILL 182D-22/08/24,99.25,98.79,H
SEC RE NCD 8.20% SR.V,1019.32,1015,H
2.50%GOLDBONDS2031SR-IV,8199,8190,H
DSPAMC - DSPITETF,40.76,40.4,H
MADHUCON PROJECTS LTD.,19.25,11.2,H
RELIABLE DATA SERVICE LTD,68.4,65.15,H
MIRAEAMC - EVINDIA,34.9,34.02,H
VINYAS INNOVATIVE TECH L,1229,1175.1,H
SYLVAN PLYBOARD (INDIA) L,139,135.45,H
TAINWALA CHEMICAL AND PLA,207.4,204,H
RAYMOND - DEP SETT,2380,2316.7,H
TATA CONSULTANCY SERV LT,4325,4254.75,H
THE PHOENIX MILLS LTD,4137,4099,H
KARMA ENERGY LIMITED,96.7,92.1,H
BIGBLOC CONSTRUCTION LTD,294.64,289.7,H
2.50%GOLDBONDS2027SR-V,7999,7750,H
2.50%GOLDBONDS2028SR-VII,7850,7775,H
TATAAML - TNIDETF,90.86,90.67,H
SBI LIFE INSURANCE CO LTD,1664.95,1639.6,H
2.5%GOLDBONDS2029SR-II,7930,7785,H
HMT LTD -,101.76,96.92,H
INSPIRISYS SOLUTIONS LTD,153.7,147.91,H
PRECOT LIMITED,519.85,512.4,H
S. P. APPARELS LIMITED,885,866.3,H
NIP IND ETF DIV OPP,87,86.2,H
ICICI PRUD NIFTY ETF,280.2,277.85,H
VIVIANA POWER TECH LTD,904.7,865.75,H
MARSHALL MACHINES LTD,39.73,38.96,H
RATNAVEER PRECISION ENG L,205.16,176.78,H
IRIS BUSINESS SERV LTD,277.39,265.5,H
NATH BIO-GENES (I) LTD,247.9,242.6,H
GOI TBILL 91D-10/10/24,98.42,98.2,H
SEC RE NCD 9.65% SR I,1010,1009.8,H
MCON RASAYAN INDIA LTD,190.55,190,H
SONU INFRATECH LIMITED,78.55,77.6,H
EFFWA INFRA & RESEARCH L,189.25,180.25,H
ESAB INDIA LTD,6999,6650,H
SWARAJ ENGINES LTD,3200,3157.4,H
NIP IND ETF JUNIOR BEES,811.9,810.7,H
TIMES GUARANTY LIMITED,143.8,143.5,H
KIRLOSKAR ELECTRIC CO LTD,247.23,237.2,H
SANSERA ENGINEERING LTD,1453.7,1430.9,H
2.50%GOLDBONDS2026SR-II,7850,7750,H
2.50%GOLDBONDS2027SR-VI,7799,7739.97,H
2.50%GOLDBONDS2028SR-II,7859.99,7789,H
2.50%GOLDBONDS2028SR-V,7999.98,7944,H
ADIT BIRL SUN LIF AMC LTD,732.4,722.9,H
2.5%GOLDBONDS2029SR-I,7935.05,7850,H
2.50% GOLDBONDS2024 TR-VI,7588.99,7575,H
LICNAMC - LICNFESGP,901.23,894.93,H
LICNAMC - LICNFNHGP,280.5,277.91,H
INDO TECH TRANSFORM LTD.,2116.35,2015.6,H
SOMI CONVEYOR BELT. LTD.,223.32,212.69,H
WONDER ELECTRICALS LTD,1259.7,1227.25,H
MIRAEAMC - MANV30F,204.21,200.86,H
SUPREME ENGINEERING LTD,1.64,1.35,H
GOI TBILL 91D-15/08/24,99.9,99.85,H
DCG CABLES & WIRES LTD,149.9,147.5,H
SEC RE NCD SR.II,1120,1111,H
SHRIRAM - LIQUIDSHRI,1002.72,1002.38,H
2.50%GOLDBONDS2031SR-II,8099.89,8000,H
MOXSH OVERSEAS EDUCON LTD,180,179,H
THE INDIA CEMENTS LIMITED,354.35,332.6,H
EIMCO ELECON (INDIA) LTD,3037,2892.4,H
ADITYA BIRLA MONEY LTD,189.08,183.4,H
ANTONY WASTE HDG CELL LTD,636.8,625,H
2.50%GOLDBONDS2028SR-X,7899,7848.99,H
ASIAN ENERGY SERVICES LTD,367,357.8,H
2.5%GOLDBONDS2029SR-VI,7885,7875,H
KAUSHALYA INFRA DEV LTD.,1028.8,911.7,H
MARINE ELECTRICAL (I) LTD,277.47,264.26,H
2.50%GOLDBONDS2027SR-II,7890,7783.3,H
HDFCAMC - HDFCQUAL,61.95,60.24,H
ICICIPRAMC - ICICINXT50,79.15,79.05,H
M.V.K. AGRO FOOD PROD LTD,66.85,63.75,H
MAX ESTATES LIMITED,580.8,553.7,H
NITIRAJ ENGINEERS LTD,303,299.8,H
SHEKHAWATI POLY-YARN LTD.,5.51,5.41,H
KAVVERI TEL. LTD.,27.81,27.27,H
SERENCD 8.60% SR.IV OP8,1054,1050,H
2.50%GOLDBONDS2031SR-III,8225,8088,H
UNSE RE NCD 10% SR.I,985,980,H
GOI TBILL 91D-05/09/24,99.07,99,H
NEPHRO CARE INDIA LIMITED,265.05,252.45,H
KOTAKMAMC - KOTAKIT,43,42.18,H
RKEC PROJECTS LIMITED,136.36,133.3,H
SEC RE NCD 9.30% SR.IV,1032.97,1030.52,H
BOND 7.04% PA TAX FREE S2,1262,1095,H
SEC RE NCD 9.65% SR I,1035,1020,H
SEC RE NCD 9.05% SR II,1061,1050,H
INVENTURE GRO & SEC LTD,0.75,0.54,H
NIP IND ETF SHARIAH BEES,563,559.99,H
POWER MECH PROJECTS LTD.,6080,5971.95,H
UMANG DAIRIES LIMITED,165.4,139.95,H
2.50%GOLDBONDS2028SR-VIII,7999,7794,H
2.50%GOLDBONDS2029SR-VIII,7960,7950,H
SWARAJ SUITING LIMITED,336,322.9,H
SGB2.50%JUL2025SR-II17-18,7845,7750,H
2.5%GOLDBONDS2029SR-VII,7900,7800,H
MARVEL DECOR LIMITED,130,129,H
NIP IND ETF CONSUMPTION,130.25,127,H
RULKA ELECTRICALS LIMITED,590.15,562.05,H
GOI TBILL 91D-25/07/24,99.87,99.81,H
LCC INFOTECH LTD,4.96,4.87,H
TFB 7.36% 2025 SR. 1B,1081.77,1081,H
NIRMAN AGRI GENTICS LTD,438.65,417.8,H
MARICO LIMITED,686.25,672.9,H
QUICK HEAL TECH LTD,633.3,599.7,H
2.50%GOLDBONDS2027SR-I,7850,7669.99,H
2.50%GOLDBONDS2027SR-IV,7800,7610,H
2.50%GOLDBONDS2030SR-X,8039.75,7899,H
INDUS TOWERS LIMITED,423.2,408.4,H
HUBTOWN LIMITED,187.57,187.37,H
MACPOWER CNC MACHINES LTD,1654.25,1575.5,H
2.50% GOLDBONDS2025SR-V,7700,7699,H
DC INFOTECH AND COMUN LTD,419.49,399.52,H
NIP IND ETF ETF NV20,162.65,162.1,H
NIPPONAMC - NETFPHARMA,21.44,21.37,H
GOI TBILL 364D-31/10/24,97.75,97.73,H
HDFCAMC - HDFCNIFTY,273.47,272.8,H
ENSER COMMUNICATIONS LTD,213.35,203.2,H
SLONE INFOSYSTEMS LIMITED,168,160,H
2.50%GOLDBONDS2032SR-IV,8210,8185,H
AWFIS SPACE SOLUTIONS LTD,757.85,637.4,H
AADHAR HOUSING FINANCE L,484,472.4,H
SEC RE NCD 9.00% SR I,1050,1045,H
KONTOR SPACE LIMITED,133.85,130.35,H
VERTEXPLUS TECHNOLOGIES L,186.8,182.85,H
GANESH GREEN BHARAT LTD,438.75,417.9,H
MASON INFRATECH LIMITED,164,149,H
MASTER COMPONENTS LIMITED,329,314,H
KORE DIGITAL LIMITED,1615,1601.25,H
KRISHCA STRAPPING SLTN L,360,355.8,H
SUNDRAM FASTENERS LTD,1505.95,1436.35,H
RPG LIFE SCIENCES LTD,1995,1850,H
MUTHOOT FINANCE LIMITED,1885.95,1868.4,H
UTIAMC - UTISENSETF,898,888,H
2.50%GOLDBONDS2025SR-XIII,7747,7697.9,H
2.50%GOLDBONDS2030SR-IX,7990,7829.99,H
DODLA DAIRY LIMITED,1238,1227.85,H
BLUE CHIP INDIA LIMITED,5.28,5.18,H
MOTILAL OS MIDCAP100 ETF,63.6,62.9,H
2.50%GOLDBONDS2030SR-I,8030,7989,H
HDFCAMC - HDFCBSE500,44.4,38.5,H
MANOMAY TEX INDIA LTD,255.46,226.05,H
GOI TBILL 182D-08/08/24,99.67,99.33,H
PATTECH FITWELL TUB COM L,101,100.4,H
SEC RE NCD 8.25% SR.I,1029.8,1018.8,H
FONEBOX RETAIL LIMITED,217,205,H
TV VISION LIMITED,9.95,7.25,H
SRI ADHIKARI BRO TELE N L,313.51,307.37,H
KOTAKMAMC - KTKNV20ETF,158.99,157.34,H
WOMANCART LIMITED,254.1,242,H
DIGIDRIVE DISTRIBUTORS L,33.15,33.55,L
SEC RED NCD SR.VIII,1420,1425,L
DOCMODE HEALTH TECH LTD,116.85,120.35,L
MEP INFRA. DEVELOPERS LTD,6.63,6.77,L
ZENITH EXPORTS LTD,321.5,328.05,L
ONELIFE CAP ADVISORS LTD,16,16.01,L
GOYAL ALUMINIUMS LIMITED,9.05,9.11,L
VITAL CHEMTECH LIMITED,100.4,103,L
DURLAX TOP SURFACE LTD,77,77.85,L
SEC RE NCD 9.90% SR IV,954,990.3,L
SEC RE NCD 10.50% SR VI,978.08,996,L
GOI TBILL 182D-09/01/25,96.4,96.5,L
SHRADHA INFRAPROJECTS LTD,143.08,143.16,L
MIRAEAMC - EVINDIA,32.75,33.21,L
SALASAR TECHNO ENGG. LTD.,17.66,18,L
RACHANA INFRA LTD,62.6,65.9,L
KBC GLOBAL LIMITED,1.85,1.87,L
UNSEC RE NCD 10% SR.I,942,971,L
NANDANI CREATION LIMITED,40.64,41.47,L
GRILL SPLENDOUR SER LTD,79.95,84.15,L
MEDICAMEN ORGANICS LTD,105,108,L
SHIVALIC POWER CONTROL L,321,335.6,L
SURAJ ESTATE DEVELOPERS L,585,599,L
AKSHAR SPINTEX LIMITED,2.31,2.43,L
SHRENIK LIMITED,0.85,0.9,L
PRAXIS HOME RETAIL LTD,11.98,12.23,L
EQUINOX INDIA DEV LTD,134.21,135.6,L
PALRED TECHNOLOGIES LTD,95.01,96.95,L
JNK INDIA LIMITED,772.1,794,L
DCX SYSTEMS LIMITED,390,400.3,L
GE POWER INDIA LIMITED,464.2,488.6,L
EXICOM TELE SYSTEMS LTD,441,461,L
OMAXE LIMITED,120.94,124,L
BAWEJA STUDIOS LIMITED,77.75,80,L
SEC RED NCD 10% SR. VI,955,957,L
AKME FINTRADE (INDIA) LTD,96.3,98.8,L
SDL BR 7.62% 2031,94.9,95,L
DIVINE POWER ENERGY LTD,105,108.35,L
SHREEOSWAL S AND CHE LTD,25.11,25.81,L
SUUMAYA INDUSTRIES LTD,5.62,5.7,L
MAHINDRA EPC IRRIG LTD,145.55,150,L
SEC RED NCD 10.15% SR. II,969.7,998,L
AKIKO GLOBAL SERVICES L,75.2,77.55,L
CUPID LIMITED,84,85.75,L
KRONOX LAB SCIENCES LTD,148.05,149.37,L
DELPHI WORLD MONEY LTD,201,205,L
VARANIUM CLOUD LIMITED,25.15,26.45,L
SEC RED NCD 9.43% SR. VI,933,934,L
SECUR CREDENTIALS LIMITED,8.4,8.43,L
SEC RE NCD 10.50% SR.IV,970,985,L
PETRO CARBON AND CHEMI L,290.1,318,L
SOLAR ACT RS.3.50 PPD UP,283.2,298.1,L

