SYMBOL,SYMBOL P/E,ADJUSTED P/E
AURIONPRO,58.24,58.24
AIAENG,35.33,35.35
ORIENTCER,32.8,38.68
EKC,18.04,17.69
ENIL,31.05,32.08
JAGRAN,12.59,12.59
BLKASHYAP,46.34,46.34
SOLARINDS,122.04,122.04
SUNTV,16.6,16.6
EMKAY,13.29,13.29
BALPHARMA,25.44,25.44
KAMDHENU,28.93,28.93
EMAMILTD,46.37,46.06
TECHM,62.06,62.15
ATLANTAA,.64,4.58
ANANTRAJ,62.42,62.42
ALICON,16.18,16.18
INSPIRISYS,60.85,60.85
NAUKRI,121.48,113.21
TORNTPOWER,39.18,39.18
LTFOODS,18.5,18.5
RUCHIRA,8.74,8.74
JINDRILL,16.22,16.22
AVTNPL,25.88,25.88
TIDEWATER,31.58,31.58
PTL,24.28,24.28
UNOMINDA,79.32,81.31
PGIL,21.47,21.41
RAJTV,529.31,529.31
BANSWRAS,16.8,16.8
AROGRANITE,43.08,43.08
NDLVENTURE,200.76,200.76
FORTIS,58.06,59.2
V2RETAIL,97.66,97.66
CIEINDIA,28.76,28.76
PURVA,216.98,216.98
KSCL,16.61,16.61
MAANALU,23.02,23.02
BAJAJELEC,89.62,89.62
EDELWEISS,11.48,11.48
RGL,12.94,12.94
COLPAL,64.27,63.59
HITECHCORP,19.43,19.43
BRIGADE,74.78,74.78
MANAKSIA,8.33,6.31
AMBIKCO,15.14,15.14
BIRLAMONEY,15.61,15.61
CORDSCABLE,31.66,31.66
HERCULES,57.04,57.04
SEPC,124.22,124.22
IRB,46.56,46.56
GSS,33.97,33.97
RECLTD,11.5,11.5
NESCO,18.17,18.17
TITAGARH,79.47,79.01
DIGISPICE,18.6,42.74
GOKUL,219.78,18
ALMONDZ,16.96,44.53
VINYLINDIA,34.63,34.63
ZFCVINDIA,73.74,73.74
JOCIL,99.28,99.28
ALKALI,125.66,104.67
TPHQ,27.04,27.04
MAWANASUG,12.57,12.57
GKWLIMITED,155.09,155.09
GLOBUSSPR,25.66,25.66
EXPLEOSOL,22.09,22.09
AMRUTANJAN,47.76,47.76
REFEX,28.33,28.3
JSWENERGY,72.48,72.48
HINDCOPPER,107.6,107.6
NESTLEIND,100.64,101.02
UNITEDTEA,12.88,12.88
THANGAMAYL,39.06,39.06
ISFT,21.9,21.9
SJVN,65.55,70.5
KIRLOSIND,16.45,14.84
TI,32.49,31.81
AHLEAST,7.51,9.82
UGARSUGAR,43.98,43.98
DEEPAKNTR,47.08,50.89
GREENPOWER,54.63,63.73
ASHOKA,11.54,13.32
OBEROIRLTY,32.75,32.75
SHAH,44.95,44.95
IOLCP,18.27,18.27
RPPINFRA,11,11
PSB,72.58,72.58
VADILALIND,21.68,21.68
OMINFRAL,35.18,35.18
DHANUKA,32.09,32.09
BROOKS,143.42,143.42
PGEL,69.29,69.29
INDOTHAI,19.5,19.5
DSSL,31.03,31.03
JISLDVREQS,.89,.89
RUPA,33.11,31.85
KANANIIND,97.15,97.15
IRFC,43.12,43.12
RHIM,,47.29
SCHNEIDER,110.87,108.76
TBZ,17.47,17.47
SPECIALITY,28.42,28.42
RTNINDIA,25.55,22.88
PROZONER,201.84,201.84
THEJO,61.23,61.23
MAYURUNIQ,21.95,21.95
DUCON,29.04,29.04
TVSHLTD,13.76,13.74
CARERATING,30.32,30.32
INDUSTOWER,18.16,18.16
IBULHSGFIN,6.84,6.84
SREEL,25.31,25.31
CASTROLIND,30.49,30.49
AGARIND,17.23,17.23
GOCLCORP,47.87,50.04
SUPERHOUSE,21.02,21.02
INTELLECT,47.22,46.99
FCL,34.18,34.18
APOLSINHOT,34.25,34.25
GENUSPAPER,187.86,187.86
GANECOS,95.72,95.72
JMA,9.07,9.07
IMAGICAA,7.6,129.1
LFIC,6.12,6.12
VRLLOG,57.41,57.68
TPLPLASTEH,38.38,38.38
PNCINFRA,14.86,14.86
SHYAMCENT,500.5,500.5
SYNGENE,59.35,58.33
PKTEA,24.03,24.03
POWERMECH,37.25,37.25
GUJGASLTD,38.48,40.02
COFFEEDAY,,6.48
TTKHLTCARE,32.18,32.18
KRIDHANINF,,62.54
ALKEM,34.96,33.21
QUICKHEAL,120.53,120.53
BHAGERIA,39.43,39.43
GOKULAGRO,18.6,18.6
PDMJEPAPER,12.32,12.32
WEALTH,17.88,17.88
THYROCARE,49.32,49.22
SAGARDEEP,67.36,67.36
UNITEDPOLY,30.09,30.09
BLS,46.01,46.01
INCREDIBLE,33.23,33.23
DAMODARIND,20.89,20.89
POKARNA,25.01,25.01
GPTINFRA,37.18,37.18
SOMICONVEY,55.03,55.03
LLOYDSENGG,117.36,117.36
LTIM,36.07,36.07
GATECH,86.99,86.99
ADVENZYMES,30.74,28.63
NDGL,13.14,13.14
BIGBLOC,64.82,64.82
MBAPL,79.77,79.77
GNA,19.67,19.67
CROWN,57.64,57.64
HPL,88.18,88.18
SAKAR,62.18,62.18
PANSARI,35.13,35.13
ARTNIRMAN,145.98,145.98
VBL,93.94,93.94
JETFREIGHT,311.21,
TCIEXP,35.36,35.36
TERASOFT,27.32,23.99
LIBAS,8.6,8.6
CAPTRUST,86.22,86.22
MAHESHWARI,14.28,14.28
MCL,80.39,80.39
PRICOLLTD,42.77,42.77
STEELCITY,11.96,11.96
JITFINFRA,22.66,27.42
KRISHANA,40.46,40.46
SANGINITA,64.04,64.04
AKASH,324.31,324.31
TASTYBITE,61.46,61.46
LAXMICOT,,95.35
EIFFL,170.93,170.93
CREATIVE,22.13,22.13
FOCUS,24.51,24.51
SIKKO,39.55,39.55
MKPL,38.9,38.9
INFOBEAN,49.36,49.36
SCHAND,16.69,16.69
GLOBE,26.26,26.26
ERIS,34.8,34.8
AUBANK,30.72,29.52
AVADHSUGAR,10.24,10.24
GANGESSECU,50.38,50.38
TOTAL,138.5,138.5
SIS,38.51,38.51
VAISHALI,233.92,233.92
GEEKAYWIRE,12.65,12.65
SERVOTECH,232.71,232.71
APEX,48.25,48.25
CHOLAHLDNG,7.29,7.29
DPWIRES,27.88,27.88
RKEC,15.61,15.61
GATECHDVR,23.16,23.16
GODREJAGRO,53.53,53.53
IEX,46.53,46.53
NAM-INDIA,37.83,37.83
SECURCRED,7.2,7.2
5PAISA,26.12,26.12
SILVERTUC,58.58,58.58
SHALBY,41.77,41.77
ONEPOINT,64.09,64.09
MOKSH,15.41,15.41
SILLYMONKS,147.94,147.94
AMBER,109.13,109.13
SOUTHWEST,40.16,42.63
ARVEE,243.61,243.61
ASTERDM,59.54,
HINDCON,42.85,42.85
UNIINFO,71.56,71.56
MACPOWER,65.05,65.05
SUNDARMHLD,30.98,30.98
URAVI,331.8,331.8
MITTAL,30.12,93.17
KAPSTON,30.51,30.51
LEMONTREE,63.74,63.74
MMP,31.44,31.44
AAKASH,22.75,22.75
GODHA,136.18,136.18
ORIENTELEC,75.49,93.86
LATTEYS,63.28,63.28
SONAMLTD,28.88,28.88
YUKEN,103.39,103.39
SGIL,42.91,42.91
ANANDRATHI,66.41,66.41
SJS,30.3,30.3
FINOPB,29.11,29.11
POLICYBZR,976.62,976.62
NYKAA,1183.87,1183.87
AWL,251.9,201.38
MONARCH,13.27,13.26
SAPPHIRE,190.28,190.28
PRUDENT,62.68,62.68
EPIGRAL,30.61,30.61
NUVOCO,86.58,86.58
GOCOLORS,70.2,70.2
TRACXN,151.82,151.82
CMSINFO,24.85,24.85
FUSION,8.85,8.85
COASTCORP,73.01,73.01
TARSONS,62.49,62.49
MEDPLUS,157.53,157.53
TEGA,63.29,63.29
RATEGAIN,65.88,65.88
MANORG,83.11,83.11
LATENTVIEW,72.39,72.39
METROBRAND,88.34,88.34
MICEL,36.55,40.84
PASUPTAC,27.77,27.77
FOODSIN,23.67,23.64
PARADEEP,74.59,74.59
MAPMYINDIA,98.58,98.58
TMB,6.91,6.91
KRITI,45.1,45.1
MANYAVAR,62.39,62.39
GANESHBE,19.92,19.89
GVPTECH,78.03,78.03
DMCC,66.43,66.43
MEDICAMEQ,63.79,63.79
EMIL,46.59,46.59
SHIVALIK,57.42,57.42
UMAEXPORTS,29.01,28.18
DATAPATTNS,101.82,101.82
MEDANTA,67.87,67.87
AHL,30.06,30.06
MALLCOM,23.71,23.71
IRIS,58.2,58.2
ASIANENE,58.29,54.38
SMLT,18.52,18.52
NRL,72.73,72.73
RADIANTCMS,19.64,19.64
CHOICEIN,58.71,58.71
HARIOMPIPE,35.84,35.84
GRWRHITECH,27.45,27.45
DCMSRIND,16.99,16.99
RAJRILTD,289.11,289.11
EMUDHRA,96.18,96.18
DYCL,38.81,38.81
FIVESTAR,27.31,27.31
STARTECK,17.08,17.08
VIRINCHI,24.04,24.04
SBC,63.74,63.74
ELDEHSG,29.32,29.32
ELIN,71.84,71.84
SEJALLTD,107.98,107.98
MHLXMIRU,19.42,19.42
RELCHEMQ,56.97,56.97
GATEWAY,21.95,21.95
SYRMA,68.5,67.99
ZIMLAB,30.52,30.52
JTLIND,33.97,33.97
CAMPUS,101.89,101.89
RAINBOW,55.12,55.12
VENUSPIPES,51.52,51.52
AETHER,143.03,76
ROTO,50.21,50.21
MEGASTAR,55.16,55.16
INDOBORAX,16.93,16.93
LANDMARK,47.26,45.77
RACE,381.73,381.73
AVONMORE,29.15,29.15
ETHOSLTD,120.62,120.62
DREAMFOLKS,36.47,36.47
MSUMI,52.45,52.45
DHARMAJ,25.08,25.08
HARSHA,43.84,43.84
OBCL,30.88,30.88
GMRP&UI,142.46,
INOXGREEN,171.87,171.87
BIKAJI,67.3,67.3
SADHNANIQ,500.49,500.49
HARDWYN,106.68,106.68
HMAAGRO,26.73,26.73
MEDICO,39.2,39.2
YATHARTH,32.84,32.84
AKSHAR,21.19,21.19
NGLFINE,40.56,40.56
PLAZACABLE,105.26,105.26
SENCO,41.84,41.84
RADHIKAJWE,14.08,14.08
SPLPETRO,48.85,48.85
RAMRAT,34.57,34.57
GOYALALUM,57.49,57.49
RUSTOMJEE,108.75,108.75
DBOL,19.85,19.85
SPORTKING,19.13,19.13
GRMOVER,20.47,20.47
SYNCOMF,57.97,57.92
SIGNATURE,506.04,506.04
KALAMANDIR,26.19,26.19
AVALON,125.1,125.1
CONCORDBIO,58.43,58.43
KAMOPAINTS,88.65,88.65
MVGJL,17.66,17.66
SCPL,24.4,24.4
MANKIND,44,44
SATINDLTD,3.86,3.86
USK,14.44,14.44
MANOMAY,29.55,29.55
FAZE3Q,26.38,26.38
LLOYDSME,30.87,30.87
AARTIPHARM,25.44,25.44
SAHYADRI,16.87,16.87
SBFC,36.83,36.83
ASMS,449.18,292.9
HYBRIDFIN,17.25,16.75
HONASA,182.82,182.82
IRMENERGY,30.11,30.11
SAH,243.74,243.74
AKI,151.45,151.45
RATNAVEER,26.95,26.95
ATAM,36.46,36.46
LAL,53.82,53.82
POCL,38.44,38.44
REDTAPE,77.56,77.56
PTCIL,490.39,490.39
PYRAMID,23.02,23.02
EMSLIMITED,28.78,28.78
GHCLTEXTIL,34.95,34.95
UDS,32.76,32.76
KIRLPNU,64.92,62.09
RRKABEL,89.36,89.48
JLHL,48.79,48.81
NUVAMA,34.83,34.83
NIITMTS,29.75,29.22
SINDHUTRAD,41.62,41.61
SANDUMA,45.16,45.16
MUFIN,143.74,138.18
JIOFIN,188.25,188.25
DIAMINESQ,65.47,65.47
AMNPLST,66.27,66.27
INDOAMIN,26.24,26.24
ACI,27.12,27.12
RITCO,22.97,22.97
CHEVIOT,12.12,12.12
KFINTECH,51.93,51.93
DCXINDIA,59.62,59.62
KAYNES,144.87,144.87
AXITA,27.21,27.21
TRU,53.12,53.12
TIPSFILMS,231.66,231.66
CSLFINANCE,17.2,17.2
GENSOL,69.18,69.06
GSLSU,47.54,47.54
MANORAMA,96.25,96.25
SULA,45.08,45.08
KRITINUT,13.17,13.17
BAIDFIN,17.98,17.98
BLUEJET,60.46,57.14
SUKHJITS,15.1,15.1
SKYGOLD,65.36,65.36
DIVGIITTS,54.43,54.43
IKIO,40.48,40.48
RHL,60.29,60.29
NINSYS,57.4,57.4
SBGLP,77.82,77.82
ZAGGLE,90.83,90.83
RISHABH,42.02,42.02
CYIENTDLM,101.36,101.36
SECMARK,294.51,294.51
IDEAFORGE,80.22,80.22
DOLPHIN,456.94,509.93
ASHOKAMET,10.46,10.46
NETWEB,183.7,183.7
AEROFLEX,49.32,49.32
VPRPL,21.07,21.07
ATL,41.81,41.81
JSWINFRA,85.3,85.3
YASHO,48.41,48.41
SRGHFL,29.72,29.72
TREL,4.94,46.58
CELLO,79.89,79.89
CHEMCON,50.29,50.29
WESTLIFE,191.43,191.43
MAZDOCK,60.27,60.27
DCI,44.7,44.7
IIFLSEC,11.41,11.41
GREENPANEL,27.97,27.97
APOLLOPIPE,60.87,60.87
ROUTE,29.38,30.48
SIGMA,22.1,22.1
EQUITASBNK,13.01,13.01
HINDWAREAP,87.84,87.84
LIKHITHA,27.37,27.37
PATANJALI,73.76,73.76
ASALCBR,23.92,23.92
SUVENPHAR,72.79,72.79
STOVEKRAFT,58.46,58.46
HAPPSTMNDS,50.77,52.88
BOROLTD,61.22,61.22
PAVNAIND,50.18,50.18
UNIDT,52.56,52.56
ADL,1798.64,1798.64
ROML,44.85,44.85
RAILTEL,72.5,75.36
HERANBA,43.29,43.29
FAIRCHEMOR,43.55,43.55
ISGEC,43.05,43.05
PAKKA,22.54,22.54
CARYSIL,37.57,37.57
FIBERWEB,17.79,17.79
BHAGCHEM,179.55,179.55
IPL,41.66,41.66
LODHA,92.69,87.3
UTKARSHBNK,11.3,11.3
DODLA,43.29,43.29
JUBLINGREA,53.77,53.77
SHYAMMETL,18.23,18.23
TATVA,90.43,90.43
ABSLAMC,26.12,26.12
ZOMATO,546.95,546.95
PIXTRANS,25.76,25.76
KRSNAA,38.1,38.1
DEVYANI,,555.11
ANMOL,9.32,9.32
AMIORG,127.84,57.72
PRITIKAUTO,25.39,25.39
INTLCONV,8.21,8.21
STEELCAS,17.61,17.61
KPIGREEN,152.04,151.83
PFIZER,41.53,42.03
DRREDDY,19.93,19.93
DEEPAKFERT,21.25,21.25
MAHSEAMLES,9.12,9.09
COROMANDEL,27.98,27.98
VINDHYATEL,28.04,28.04
ASIANPAINT,56.71,56.71
PGHL,40.45,40.45
BEML,73.39,73.39
TATACHEM,71.27,21.64
ATFL,350.08,719.98
EPL,35.8,33.84
VIPIND,125.25,198.39
BIRLACABLE,39.28,39.28
AEGISLOG,46.86,46.86
HONAUT,99.18,99.18
RANEHOLDIN,26.51,12.4
SUNPHARMA,39.27,37.64
APOLLOHOSP,101.19,101.33
INDBANK,28.23,28.23
NEULANDLAB,36.27,36.27
BERGEPAINT,53.51,53.7
KPIL,41.78,41.78
BLUEDART,70.43,70.43
HSCL,47.71,47.71
ARENTERP,19.62,19.62
ADVANIHOTR,25.86,25.86
TATACOMM,55.56,61.2
SANOFI,26.77,25.91
KAJARIACER,50.74,50.71
MODTHREAD,9.15,9.15
PIDILITIND,92.2,89.64
JINDALSAW,11.33,11.33
STYRENIX,22.44,22.44
BRITANNIA,66.06,66
KOTAKBANK,19.96,19.96
ANDHRAPAP,6.7,6.7
AARTIIND,61.3,61.3
KSB,85.3,85.3
HEG,35.17,35.17
TATAINVEST,102.27,102.27
IPCALAB,58.4,63.67
GSFC,18.08,18.08
EIDPARRY,8.56,8.56
BIRLACORPN,28.53,28.96
TNPL,9.04,9.04
TTKPRESTIG,54.63,54.63
EIMCOELECO,34.79,34.79
BIOFILCHEM,149.13,149.13
MOTHERSON,49,47.54
AARTIDRUGS,28.54,28.54
JMFINANCIL,344.96,9.47
DCBBANK,7.87,7.87
GESHIP,7.43,7.43
MANALIPETC,89.22,78.55
DONEAR,20.49,20.49
SOBHA,379.45,379.51
HIRECT,98.67,70.5
PLASTIBLEN,22.18,22.18
HBLPOWER,67.34,62.65
LUMAXTECH,22.93,22.93
WANBURY,11.25,20.71
PITTIENG,45.24,45.24
IZMO,27.21,27.21
CTE,48.28,48.28
REDINGTON,13.12,13.12
INDIANB,9.73,9.73
PHOENIXLTD,54.93,54.93
ZENITHSTL,21.72,21.72
TIMETECHNO,24.89,24.89
TARMAT,,113.77
ISMTLTD,25.59,23.88
MAGNUM,15.11,20.87
DELTACORP,19.52,24.41
BVCL,18.61,18.61
ADANIPOWER,13.19,13.19
RTNPOWER,.97,
SHILPAMED,172.48,191.53
DLINKINDIA,24.14,24.14
BEARDSELL,17.64,17.64
JUBLFOOD,100.45,171.39
HATHWAY,67.01,66.19
MANINFRA,25.61,25.61
KSL,23.53,23.53
UMESLTD,155.66,155.66
IITL,6.42,9
WELINV,104.87,104.87
CAREERP,14.63,14.63
WABAG,30.79,29.93
JWL,84.21,84.21
RESPONIND,46.41,46.41
PENIND,25.19,25.19
RKDL,,297.24
KICL,41.26,54.97
HINDMOTORS,26.27,26.27
LOVABLE,36.93,36.93
PIIND,35.23,35.23
KARMAENG,855.21,855.21
LTF,18.57,18.57
ATULAUTO,287.66,287.66
PILITA,68.32,68.32
MITCON,36.31,36.31
AGRITECH,12,12
SDBL,24.89,24.89
WONDERLA,32.34,32.34
CAPLIPOINT,25.28,25.28
SNOWMAN,97.86,97.86
PDSL,34.27,34.98
GOODLUCK,23.04,23.04
GRPLTD,80.91,74.35
GREENLAM,52.79,52.79
LINC,26.82,26.82
HESTERBIO,147.21,147.21
MANAKSTEEL,13.36,13.44
AVANTIFEED,20.63,20.63
PRIVISCL,65.06,65.06
NILAINFRA,46.77,46.77
SKIPPER,49.85,49.85
ADANIENSOL,95.37,85.62
RAMASTEEL,53.55,53.55
ARVSMART,64.22,64.22
LUXIND,47.25,47.25
PILANIINVS,38.21,38.21
TEAMLEASE,42.19,43.46
KELLTONTEC,23.29,23.29
HCG,122.86,132.06
CROMPTON,62.79,62.79
ALBERTDAVD,9.57,9.57
PREMEXPLN,134.13,134.13
AIRAN,29.97,29.97
CLEDUCATE,28.71,30.67
DEVIT,34.21,34.21
DOLLAR,32.72,32.51
TEJASNET,387.56,387.56
ACEINTEG,56.17,56.17
DYNPRO,123.19,123.19
THEINVEST,65.14,65.14
ABCAPITAL,18.71,18.71
MATRIMONY,27.22,27.22
WORTH,11.82,11.82
AARVI,17.21,17.21
AIROLAM,26.44,26.44
JASH,38.87,38.87
DPABHUSHAN,48.45,48.45
KHADIM,107.52,107.52
VERTOZ,99.89,99.89
ICEMAKE,47.93,47.93
TOUCHWOOD,48.12,48.13
AJOONI,53.4,53.4
BCONCEPTS,61.23,61.23
SINTERCOM,324.9,324.9
SARVESHWAR,52.9,52.9
BDL,95.83,95.83
SANDHAR,33.11,33.93
MIDHANI,103.38,103.38
AVG,21.1,35.03
BSHSL,95.35,95.35
SOFTTECH,139.64,139.64
E2E,106.77,106.77
SIRCA,39.73,39.73
SVLL,84.44,84.44
PRITI,19.36,19.36
ACCURACY,394.71,394.71
RITES,36.29,36.29
GANGAFORGE,192.64,196.84
REPL,22.17,22.17
AVROIND,28.18,28.18
TEMBO,20.95,21.42
CREDITACC,14.09,14.09
AARON,44.25,44.25
LAGNAM,18.49,18.49
RPPL,29.94,29.94
AKG,45.24,45.24
IRCON,34.48,34.48
AHLADA,11.31,11.31
RAJMET,25.8,25.8
AAVAS,28.84,28.84
KSHITIJPOL,43.23,
KRITIKA,51.7,51.7
SILGO,20.71,20.71
VINNY,27.89,27.89
BBTCL,29.91,29.91
MARINE,135.88,136.57
IRISDOREME,44.79,44.79
ATGL,153.39,153.39
TECHNOE,59.39,59.39
UNIPARTS,18.35,18.35
SHRIRAMPPS,4.74,4.74
AWHCL,17.63,17.63
RPSGVENT,12.4,12.4
MSTCLTD,29.97,29.97
ANUP,35.23,35.23
ARVINDFASN,65.32,62.61
PAR,20.53,20.53
RVNL,87.99,87.99
POLYCAB,55.3,55.3
METROPOLIS,81.37,81.37
KPITTECH,85.52,85.52
NEOGEN,120.81,120.81
VIKASLIFE,62.07,35.9
EMAMIPAP,10.31,10.31
CONFIPET,25.79,25.79
PPL,13.34,13.34
DGCONTENT,36.46,36.46
INDIAMART,45.86,45.67
OAL,162.5,162.5
SATIA,6.3,6.3
WEL,161.64,161.64
AFFLE,66.4,66.4
SPANDANA,10.4,10.4
HNDFDS,69.94,69.94
UJJIVANSFB,6.73,6.73
IRCTC,74.09,71.34
SAFARI,59.62,59.62
360ONE,44.25,44.25
HPIL,123.18,123.18
VISHWARAJ,24.34,24.34
FLUOROCHEM,84.17,84.17
KUANTUM,8.04,8.04
CHEMBOND,19.25,19.25
MGEL,23.76,23.76
SBICARD,28.87,28.87
HOMEFIRST,31.25,31.25
CSBBANK,11.03,11.03
EASEMYTRIP,70.56,42.68
ROSSARI,34.77,34.77
PRINCEPIPE,42.39,46.04
ESAFSFB,6.25,6.25
ARTEMISMED,63.8,63.8
SUMICHEM,67.28,67.28
LGHL,88.39,93.21
MAHEPC,253.38,196.81
UNIVPHOTO,13.24,13.24
BAFNAPH,27.55,27.55
POWERINDIA,311.96,311.96
KSOLVES,41.34,41.34
RAJRATAN,43.11,43.11
AARTISURF,27.92,27.92
GLAND,43.74,43.74
NDRAUTO,39.6,39.6
MAXHEALTH,84.63,84.63
AAATECH,43.68,43.68
KALYANKJIL,91.18,91.18
SHAREINDIA,14.83,14.81
SIGACHI,34.51,34.51
ANGELONE,16.69,16.69
NIRAJ,19.76,13.35
CAMS,59.24,59.24
SURYODAY,9.04,9.04
UTIAMC,17.59,17.59
BECTORFOOD,60,60
ORCHPHARMA,61.18,61.18
INDIGOPNTS,47.79,47.79
LXCHEM,61,61
MTARTECH,108.6,108.6
ANURAS,50.92,50.92
KANPRPLA,289.35,289.35
STYLAMIND,26.28,26.11
CLSEL,9.7,9.7
SHAILY,69.36,69.36
MODISONLTD,21.04,26.44
BCLIND,15.4,15.34
SBCL,47.63,47.63
SMCGLOBAL,8.64,8.64
ARIHANTCAP,11.46,11.46
NAZARA,78.94,78.23
GENCON,25.65,25.65
HLEGLAS,73.24,68.37
SONACOMS,80.89,79.87
PARAS,180.85,180.85
CRAFTSMAN,37.86,37.86
EXXARO,182.61,182.61
ROLEXRINGS,37.92,34.38
KIMS,50.51,50.5
CLEAN,64.28,64.28
GLS,22.25,22.25
DEEPINDS,16.53,16.71
WINDLAS,25.77,25.77
CARTRADE,54.75,54.75
APTUS,26.49,26.49
SUPRIYA,27.74,27.74
VIJAYA,66.51,65.69
VINEETLAB,55.35,55.35
SANSERA,40.57,40.57
BAJAJHCARE,,34.26
AAREYDRUGS,31.48,31.48
GRINFRA,13,16.19
HPAL,44.32,44.68
UGROCAP,20.59,20.59
WHEELS,41.06,41.06
RIIL,199.74,199.74
SHREDIGCEM,19.35,19.35
SMLISUZU,27.26,27.26
SUNDRMFAST,55.23,55.23
LAXMIMACH,45.52,45.52
PEL,,37.43
MAHSCOOTER,53.73,53.73
TRENT,148.28,240.61
KCP,12.05,12.02
JBCHEPHARM,50.56,50.56
IONEXCHANG,48.76,48.76
IFBIND,87.44,87.44
HIMATSEIDE,12.1,12.1
GFLLIMITED,312.26,312.26
BHARATFORG,85.07,84.42
ARVIND,28.5,28.65
TATAMOTORS,10.91,10.66
LINDEINDIA,172.38,172.38
ESCORTS,43.07,43.07
ASHOKLEY,25.03,24.54
ZUARIIND,1.68,
SUNDARMFIN,32.95,31.51
VEDL,22.47,33.68
RELIANCE,27.13,27.13
BATAINDIA,74.91,68.47
CARBORUNIV,76.53,76.53
DICIND,,113.17
MOTOGENFIN,120.69,120.69
RAMCOCEM,47.7,47.7
ADORWELD,31.64,31.64
TORNTPHARM,60.8,63.62
VLSFINANCE,3.36,3.36
SRF,53.14,53.14
BBOX,49.17,39.31
JTEKTINDIA,50.01,52.78
TATAELXSI,55.35,55.35
HCC,16.89,
ARE&M,31.82,31.82
ADANIENT,104.87,97.76
GET&D,205.97,205.97
BANARISUG,27.13,27.13
ANIKINDS,619.6,619.6
APCOTEXIND,43.32,43.32
KARURVYSYA,10.13,10.13
WSI,18.69,18.47
THOMASCOOK,43.56,43.56
VSTIND,21.35,21.35
JUBLPHARMA,109.68,75.36
TOKYOPLAST,111.77,111.77
HLVLTD,63.21,63.21
M&M,30.75,30.75
PRSMJOHNSN,57.61,
PCBL,22.44,22.44
3PLAND,37.51,37.51
HONDAPOWER,45.09,47.01
BBL,45.37,45.37
DCMSHRIRAM,35.13,35.13
COSMOFIRST,35.18,35.18
HDFCBANK,18.94,18.83
GMBREW,12.22,12.22
ITC,28.06,28.05
IOC,5.79,5.79
OSWALGREEN,143.68,143.68
HUHTAMAKI,7.23,28.23
RICOAUTO,44.82,42.84
BANCOINDIA,18.5,18.5
MANINDS,29.14,29.14
SIYSIL,12.56,12.56
ONWARDTEC,32.53,32.53
NCC,28.15,27.38
ELGIEQUIP,72.52,72.52
BBTC,8.22,7.95
BEPL,20.44,20.44
BANARBEADS,25.29,25.29
PRUDMOULI,11.85,11.01
PRAJIND,46.53,46.53
KEEPLEARN,170.97,170.97
TFCILTD,19.13,19.13
AGI,21.67,21.67
TATACONSUM,86.15,74.31
ZEEL,75.1,265.44
FMGOETZE,17.78,17.78
ORIENTHOT,56.31,56.31
GOLDENTOBC,10.71,12.15
3MINDIA,74.86,74.86
SCHAEFFLER,70.31,70.05
MFSL,91.38,91.38
SURYAROSNI,20.41,20.41
SAKHTISUG,3.91,
HINDZINC,36.06,36.06
GRASIM,18.93,18.18
FINCABLES,41.11,48.21
HEUBACHIND,27.36,27.36
CESC,16.49,20.09
BAJFINANCE,30.25,30.25
NAVA,9.79,10.68
CORALFINAC,11.2,11.2
AUTOAXLES,18.42,18.42
DALMIASUG,12.23,12.23
KHAITANLTD,27.13,27.13
ANDHRSUGAR,30.03,28.74
STARPAPER,6.32,6.18
AUSOMENT,15.29,15.29
JAYAGROGN,16.82,16.82
SAMBHAAV,66.75,88.36
SANGAMIND,48.36,42.24
STERTOOLS,25.67,25.79
HITECHGEAR,15.46,43.06
MMFL,23.9,24.08
RUCHINFRA,24.03,53.78
HERITGFOOD,46.13,46.13
INDNIPPON,29.71,29.71
CONCOR,51.82,51.82
KCPSUGIND,6.57,7.14
FDC,26.4,26.4
ADROITINFO,14.03,14.03
INDUSINDBK,12.54,12.54
TRIGYN,21.44,21.44
CUB,11.64,11.64
ITDCEM,34.16,34.16
SONATSOFTW,61.65,5.28
CYBERTECH,27.55,27.55
DHANBANK,18.52,18.52
STCINDIA,21.53,23.14
RSSOFTWARE,28.46,28.46
IVC,33.63,33.63
ALEMBICLTD,42.62,42.62
BSOFT,32.18,32.18
STAR,318.49,37.16
ZYDUSLIFE,31.12,31.06
RAJESHEXPO,27.24,27.24
NRBBEARING,13.22,35.96
BLBLIMITED,37.59,37.59
BLUESTARCO,86.34,86.34
PNBGILTS,34.25,37.2
TAJGVK,27.42,27.42
GAEL,18.19,18.19
MRO-TEK,44.48,44.48
KHANDSE,246.22,246.22
ACLGATI,237.58,
ASAL,76.2,76.2
PNB,15.85,15.85
UNIONBANK,7.78,7.78
DIVISLAB,75.84,75.84
VARDHACRLC,30.64,30.64
JSL,24.4,25.13
TVSELECT,2494.31,2494.31
UNIENTER,30.9,30.9
PTC,12.19,11.92
MAHABANK,10.73,10.73
RKFORGE,48.18,48.16
EXCELINDUS,84.18,84.18
CENTEXT,32.41,32.92
TEXINFRA,434.91,434.91
INDSWFTLTD,8.77,8.77
SUPRAJIT,42.8,42.8
EVEREADY,66.13,66.13
ALLSEC,27.28,27.28
WELCORP,19.37,19.37
SURYALAXMI,46.84,27.48
63MOONS,7.41,7.41
GEOJITFSL,16.86,16.86
NECLIFE,130.66,130.66
IDFC,574,574
IMPAL,19.21,19.21
REPCOHOME,8.72,8.72
JUSTDIAL,20.92,20.92
ORIENTCEM,35.51,35.51
ORBTEXP,15.65,15.65
NATHBIOGEN,10.84,11.63
BUTTERFLY,209.5,171.23
HATSUN,86.56,86.56
GULFOILLUB,19.41,19.41
SHARDACROP,143.52,143.52
CIGNITITEC,22.34,22.34
MONTECARLO,22.08,22.08
GULPOLY,70.51,70.51
LAMBODHARA,36.14,36.14
MOLDTKPAC,40.04,40.04
VISHNU,29.22,29.22
MENONBE,10.36,10.36
MANAKALUCO,42.33,42.33
ZENTEC,87.82,89.11
BYKE,65.58,65.58
VIPULLTD,2.29,2.27
UFO,41.3,37.39
ARROWGREEN,29.15,29.15
ALANKIT,30.47,30.47
AYMSYNTEX,300.64,69.98
SATIN,5.55,5.55
SHARDAMOTR,26.46,26.46
SHREEPUSHK,20.06,20.06
IDFCFIRSTB,19.81,19.81
SHK,21.57,21.57
BALAXI,,15.47
SALZERELEC,34.37,34.37
LINCOLN,13.75,13.75
NH,32.2,32.2
PRECAM,43.59,67.58
HITECH,50.67,50.67
NECCLTD,38.16,38.16
KDDL,30.68,30.74
INFIBEAM,52.64,52.64
PARAGMILK,26.74,26.74
ARMANFIN,12.19,12.19
SALONA,26.37,26.37
CONTROLPR,23.63,23.66
DENORA,52.89,52.89
SHRIRAMFIN,14.31,14.31
MIRZAINT,52.91,52.91
GANESHHOUC,19.28,19.28
ALKYLAMINE,70.76,70.76
GUJRAFFIA,45.98,45.98
RAMCOIND,29.65,29.65
INDRAMEDCO,18.31,18.31
MADRASFERT,357.23,35.54
SKMEGGPROD,7.85,7.85
HUDCO,31.71,31.71
REPRO,74.19,74.19
HAVELLS,92.52,92.52
AXISCADES,73.06,73.06
TIPSINDLTD,59.21,59.21
HIKAL,62.94,62.94
UNITDSPR,67.07,66.59
MPSLTD,29.71,29.71
APTECHT,42.18,36.25
NUCLEUS,20.43,20.43
RADICO,89.09,89.09
BAGFILMS,21.51,21.51
WELSPUNLIV,25.18,25.18
TVTODAY,25.72,24.29
BIOCON,30.7,30.6
POONAWALLA,19.5,28.55
NIITLTD,39.38,39.14
COFORGE,47.07,47.58
ASTRAMICRO,80.13,80.13
INDOCO,32.28,34.4
JSWSTEEL,24.99,26.35
GOKEX,51.35,51.35
SHOPERSTOP,116.91,107.86
JKPAPER,8.68,8.68
VHL,373.79,44
SPLIL,15.8,15.79
SASKEN,34.03,34.03
MAHASTEEL,34.85,42.85
MGL,13.44,13.44
MOLDTECH,27.83,27.83
QUESS,33.11,30.34
MINDTECK,36.07,36.07
DBL,38.68,422.97
SPAL,23.61,23.61
RBLBANK,11.74,11.74
CUPID,32.22,32.22
LTTS,39.44,39.44
MARATHON,22.53,22.53
ENDURANCE,53.28,53.28
MAZDA,18.48,18.48
PNBHOUSING,13.77,13.77
KINGFA,23.87,23.87
PODDARMENT,15.97,15.97
NBIFIN,68.65,68.65
SFL,51.96,64.2
LAURUSLABS,149.06,149.06
ITDC,97.3,97.2
HISARMETAL,17.13,17.13
SPCENET,161.99,161.99
BHANDARI,18.24,18.24
BSE,45.87,94.12
KALYANI,5.05,5.05
RADIOCITY,78.79,78.79
DMART,123.73,123.73
INTENTECH,26.32,26.32
URJA,389.94,389.94
NRAIL,6.72,6.72
BHAGYANGR,8.15,8.15
STARCEMENT,28.68,28.68
GTPL,20.73,20.73
STEELXIND,140.04,140.04
SALASAR,58.35,58.35
OPTIEMUS,65.25,65.25
SMSLIFE,40.03,40.03
CAPACITE,20.6,20.6
DIAMONDYD,40.63,40.04
MASFIN,20.87,20.87
TIINDIA,66.85,66.86
IFGLEXPOR,28.4,28.4
DNAMEDIA,.46,
APOLLO,113.54,113.54
GALAXYSURF,34.13,34.13
HGINFRA,21.56,22.03
HAL,46.93,46.93
CHEMFAB,37.24,37.24
INDOSTAR,25.73,25.73
ADANIGREEN,287.11,230.23
IVP,16.92,16.92
EICHERMOT,37.91,37.91
ZENSARTECH,26.56,26.56
IGARASHI,169.34,169.34
MUNJALSHOW,20.94,19.69
RANASUG,14.39,14.39
UFLEX,,14.09
SUBROS,45.65,45.65
WIPRO,26.29,26.29
UNIVCABLES,83.27,83.27
MURUDCERA,67.74,67.74
SUZLON,115.3,106.64
TRIVENI,23.3,23.3
NAHARINDUS,62.31,51.55
VIMTALABS,30.36,30.36
CELEBRITY,58.91,60.25
NITINSPIN,17.08,17.08
ROHLTD,20.83,20.83
GSPL,8.39,8.56
GVKPIL,6.7,6.7
SAKUMA,24.35,24.35
KEC,65.8,65.8
JKCEMENT,42.88,42.76
INDOTECH,45.68,45.68
M&MFIN,19.47,19.47
CENTURYPLY,47.92,47.92
KEI,69.6,69.58
VAKRANGEE,523.38,569.37
GALLANTT,35.08,35.08
MALUPAPER,81.52,81.52
UTTAMSUGAR,9.9,9.9
KKCL,27.36,27.36
GPIL,16.99,17.24
RSYSTEMS,43.6,43.6
LOKESHMACH,56.97,56.97
SWELECTES,31.33,66.17
RATNAMANI,40.88,40.88
PIONEEREMB,40.73,40.73
JKLAKSHMI,21,21.27
ALLCARGO,42.61,56.05
MUNJALAU,23.67,16.41
GRINDWELL,77.04,76.99
VOLTAMP,57.59,57.59
SELAN,35.61,35.61
ACE,52.4,52.4
HOVS,33.12,33.12
TALBROAUTO,23.54,34.05
GEECEE,21.75,21.75
FIEMIND,21.35,21.35
VENUSREM,18.25,18.25
NFL,116.45,116.45
PARACABLES,26.14,26.14
TANLA,24.6,24.6
SARLAPOLY,26.33,26.33
AUTOIND,31.52,31.61
GANDHITUBE,18.7,18.7
ORIENTBELL,6900.68,6900.68
TTL,54.92,54.92
FSL,34.4,34.4
SMSPHARMA,42.38,42.38
LAOPALA,28.88,28.88
JKTYRE,15.2,14.84
THEMISMED,85.15,85.15
BALAMINES,32.6,32.6
BFUTILITIE,13.39,13.39
ALPHAGEO,277.88,40.84
HILTON,28.22,28.22
INSECTICID,23.2,23.2
NAVINFLUOR,67.16,81.05
NAGREEKEXP,18.34,18.34
HGS,32.02,32.02
DLF,128.1,128.1
ADSL,27.54,27.54
ALPA,11.46,11.49
CENTRALBK,21.92,21.92
KPRMILL,36.97,36.97
INDOWIND,56.79,49.62
NAGREEKCAP,1.04,1.04
CENTUM,,361.3
MANGCHEFER,9.97,9.97
RELIGARE,23.04,48.41
ADANIPORTS,39.18,37.68
KAUSHALYA,3.12,3.12
JYOTHYLAB,48.92,48.92
KALYANIFRG,48.14,48.14
ECLERX,23.93,23.87
TRIL,243.21,243.21
DVL,29.68,29.68
PATINTLOG,29.52,29.52
ARIES,19.43,19.43
CEATLTD,17.95,16.7
JKIL,19.91,19.91
KNRCON,13.75,13.75
ONMOBILE,54.89,54.89
NMDC,12.98,12.51
NAHARCAP,14.04,14.04
VGUARD,77.43,77.43
DPSCLTD,122.61,122.61
BAJAJFINSV,16.49,16.49
BAJAJ-AUTO,35.06,35.06
RPGLIFE,34.48,34.48
RBL,18.79,18.37
RANEENGINE,27.04,20.21
LOTUSEYE,50.49,50.97
UBL,134.04,134.04
20MICRONS,13.58,13.31
TATAMTRDVR,1.14,1.11
COUNCODOS,32.32,32.32
AJMERA,25.26,25.26
VINATIORGA,57.14,57.14
NHPC,28.26,28.26
SUNTECK,130.31,130.31
DEN,12.08,12.08
SARDAEN,19.78,19.71
AHLUCONT,25.77,41.39
GODREJPROP,130.71,130.71
MMTC,200.07,283.82
VASCONEQ,34.82,34.82
DBREALTY,8.25,8.78
TEXMOPIPES,46.68,15.36
LGBBROSLTD,17.04,17.36
PERSISTENT,67.91,67.91
KIRLOSBROS,50.84,51.55
MANAPPURAM,8.5,8.5
IMFA,10.5,10.5
BAJAJCON,25.21,25.21
GPPL,32.65,29.83
ADFFOODS,34.66,34.66
KILITCH,39.53,39.53
SASTASUNDR,11.47,11.47
CANTABIL,39.37,40.14
BEDMUTHA,34.49,34.49
CGCL,48.14,48.14
COALINDIA,9.85,9.85
JINDWORLD,93.13,93.13
JAMNAAUTO,24.93,24.93
KIRLOSENG,43.61,42.62
SUMMITSEC,27.64,27.64
JUBLINDS,78.23,36.48
TEXRAIL,115.02,115.02
DHUNINV,12.23,12.23
PFS,22.08,22.08
SYMPHONY,54.43,54
RELAXO,103.82,103.82
ASHIANA,51.23,51.23
RUSHIL,21.53,21.53
INVENTURE,25.26,20.94
BODALCHEM,151.05,151.05
ASAHISONG,32.5,
FILATEX,23.77,23.77
TDPOWERSYS,51.41,51.41
APLLTD,34.53,34.53
VASWANI,15.84,15.84
PANAMAPET,12.41,12.41
PAISALO,37.16,37.23
SHAKTIPUMP,59.23,59.23
TRITURBINE,75.77,75.77
POLYMED,79.59,79.77
VIKASECO,98.68,98.68
APLAPOLLO,58.84,58.84
MINDACORP,51.91,51.91
DBSTOCKBRO,17.83,17.83
COMPUSOFT,45.79,45.79
NDL,15.33,15.33
NBCC,80.63,61.07
HEXATRADEX,37.83,37.83
VSSL,26.9,26.9
SWANENERGY,38.56,38.56
KITEX,27.84,27.84
ROSSELLIND,174.73,173.29
ZUARI,6.29,6.29
VETO,15.54,15.54
GRANULES,31.15,31.15
GENUSPOWER,107.65,107.65
RML,486.02,13.41
LIBERTSHOE,63.58,48.38
MANGLMCEM,41.62,41.62
OSWALAGRO,341.17,337.81
IDBI,16.4,16.4
DHAMPURSUG,10.87,10.87
JAYSREETEA,27.81,
FOSECOIND,37.08,42.62
AMJLAND,22.89,22.89
GODFRYPHLP,31.92,31.92
SUDARSCHEM,17.84,56.87
HINDALCO,15.29,15.31
AMBUJACEM,35.8,37.51
CGPOWER,128.18,131.32
BEL,60.46,60.46
ASHAPURMIN,14.63,22.62
PEARLPOLY,81.28,81.28
NATCOPHARM,16.53,16.53
GARFIBRES,36.61,36.61
SKFINDIA,52.58,52.58
MARICO,57.52,57.52
SUNDRMBRAK,29.17,29.17
INDIANCARD,20.77,
TIIL,23.07,22.5
PFC,8.96,8.96
PAGEIND,80.25,80.25
ASTRAL,111.59,111.59
NCLIND,11.35,11.35
ICRA,38.35,38.35
SRHHYPOLTD,12.68,11.51
KMSUGAR,14.1,14.1
NELCAST,23.92,32.87
MEGASOFT,68.56,68.56
MOTILALOFS,13.43,13.43
POWERGRID,20.43,20.43
CERA,49.43,49.18
MHRIL,77.41,77.41
OIL,15.42,15.49
ZYDUSWELL,51,48.42
DBCORP,14.12,14.12
WHIRLPOOL,116.2,109.47
EMMBI,19.27,19.27
HMVL,77.31,77.31
BLISSGVS,14.67,6.91
PRAKASHSTL,2.65,6.65
RAMKY,14.06,14.06
PRESTIGE,44.81,44.81
GRAVITA,40.51,40.51
MOIL,36.57,36.57
STEL,57.9,57.9
HFCL,51.49,51.49
MUTHOOTFIN,16.49,16.49
VSTTILLERS,28.83,28.83
MAITHANALL,10.09,10.09
JPOLYINVST,28.4,28.4
ORICONENT,31.02,26.08
MUTHOOTCAP,4.11,97.47
NAVKARCORP,315,315
INDIGO,20.94,20.94
UMANGDAIRY,230.35,230.35
LALPATHLAB,69.08,69.08
OCCL,7.25,7.25
VIDHIING,59.98,59.98
BHARATWIRE,18.06,18.06
SHRIPISTON,19.02,19.02
ASPINWALL,22.13,22.13
ARIHANTSUP,22.17,22.17
SHANKARA,20.83,20.83
WIPL,39.33,39.33
PSPPROJECT,21.93,21.93
CDSL,59.2,59.2
MAGADSUGAR,9.67,9.67
COCHINSHIP,92.12,92.12
DIXON,205.94,205.94
TCPLPACK,22.35,22.35
NEWGEN,58.51,58.51
GMMPFAUDLR,35.49,35.49
BANDHANBNK,21.19,21.19
ISEC,14.67,14.67
FINEORG,38.62,38.58
VARROC,20.03,20.03
HBSL,2.5,2.5
HDFCAMC,42.2,42.2
SIGIND,15.77,15.77
GRSE,82.16,82.16
DALBHARAT,42.08,42.08
CHALET,61.2,61.2
PENINLAND,16.43,23.18
THERMAX,94.34,104.27
PREMIERPOL,22.5,22.5
RAYMOND,23.73,22.6
SESHAPAPER,8.9,8.9
FACT,492.88,183.9
EXIDEIND,53.62,53.62
ELECON,42.1,42.1
CRISIL,50.19,50.19
ORIENTPPR,198.44,198.44
NELCO,86.14,86.14
MASTEK,27.99,27.77
LUMAXIND,49.52,49.52
KECL,106.02,106.02
CUMMINSIND,72.69,72.63
JAYBARMARU,38.45,38.45
INFY,27.3,27.3
INDIAGLYCO,19.87,19.87
IGPL,47.49,47.49
GNFC,20.8,20.8
BPCL,5.31,5.18
BASF,43.28,43.28
ATUL,65.69,65.69
ACC,21.95,24.72
SCI,24.68,24.68
MRPL,11.67,11.65
HINDPETRO,5.37,5.37
BAJAJHLDNG,77.35,77.35
VOLTAS,130.2,130.2
TITAN,82.16,82.16
TATASTEEL,,63.14
SPIC,20.48,13.92
SBIN,11.54,10.71
NOCIL,39.26,39.26
BOSCHLTD,41.58,56.25
CHAMBLFERT,16.94,16.94
HINDOILEXP,13.81,16.01
BALMLAWRIE,25.2,25.2
CENTURYTEX,95.23,95.23
CENTENKA,27.04,27.04
VTL,27.18,27.18
FEDERALBNK,12.18,12.18
SUPREMEIND,76.52,76.52
BALRAMCHIN,17.87,17.87
WEIZMANIND,19.59,19.59
PRECOT,35.76,56.88
SHREYANIND,4.87,4.87
SANDESH,6.43,6.43
ASHIMASYN,8.87,8.87
BALKRISIND,40.91,40.91
RAJSREESUG,18.84,18.84
ONGC,7.54,7.37
TAINWALCHM,39.22,39.22
JINDALPOLY,46.81,46.65
JYOTISTRUC,79.46,79.46
BSL,19.16,19.16
JAYNECOIND,21.83,20.03
SOTL,21.01,21.01
RCF,56.08,66.73
DECCANCE,24.99,18.86
TATAPOWER,45,48.63
SUNFLAG,31.85,31.85
SIEMENS,113.86,113.86
BHARATRAS,56,56
SOMANYCERA,32.02,31.95
IFCI,80.7,81.35
KABRAEXTRU,49.15,49.15
HEIDELBERG,32.07,32.07
POLYPLEX,38.28,38.28
EIHAHOTELS,34.5,34.5
SAIL,23.73,18.78
RUBYMILLS,18.18,18.18
ABB,119.27,119.27
GRAPHITE,13.52,592.89
CANFINHOME,15.75,15.75
ELECTCAST,15.59,15.59
DABUR,62.7,62.7
CIPLA,29.35,28.32
HEROMOTOCO,28.87,27.99
HARRMALAYA,,1606.28
GIPCL,19.75,19.75
INDIANHUME,30.12,30.12
HINDCOMPOS,25.1,25.1
KAMATHOTEL,12.56,42.23
APOLLOTYRE,20.31,19.58
SHANTIGEAR,63.59,63.59
PRECWIRE,40.06,40.06
NILKAMAL,25.57,25.57
ICIL,23.45,23.45
SEAMECLTD,32.17,32.17
AUROPHARMA,25.21,24.4
EIHOTEL,40.26,39.83
LICHSGFIN,9.33,9.33
GICHSGFIN,9.25,9.25
MOREPENLAB,30.64,30.64
WSTCSTPAPR,5.76,5.76
VENKEYS,33.73,33.73
GHCL,6.66,8.74
HIL,64.25,1202.15
EVERESTIND,109.13,161.1
BPL,47.3,47.3
PGHH,73.57,73.57
VESUVIUS,44.9,44.9
BOMDYEING,1.55,
NAVNETEDUL,17.85,19.45
GLAXO,75.23,67.16
CHOLAFIN,34.69,34.69
INDHOTEL,69.52,69.52
GILLETTE,65.03,65.03
KANSAINER,19.24,33.92
ESABINDIA,59.66,59.66
GABRIEL,39.99,39.99
RALLIS,46.27,46.49
PRAKASH,10.01,10.01
KOPRAN,24,24
GREAVESCOT,,298.58
TIMKEN,75.28,75.28
SHREECEM,42.02,42.02
INGERRAND,60.03,60.03
AKZOINDIA,32.22,32.22
HINDUNILVR,61.41,61.44
FINPIPE,46.09,46.09
DCW,101.59,95.79
DCM,30.6,30.6
PVP,9.68,
GREENPLY,53.35,61.62
REMSONSIND,50.2,49.23
SWARAJENG,25.24,25.24
MRF,27.14,27.14
TNPETRO,19.13,15.33
SILINV,22.19,22.19
KEYFINSERV,10.12,10.12
SOMATEX,5.32,
VISAKAIND,1119.69,1119.69
CREST,19.1,19.1
WENDT,77.25,77.25
TVSSRICHAK,31.85,30.37
PUNJABCHEM,32.81,32.81
DYNAMATECH,38.16,73.07
GUJAPOLLO,28.86,28.86
JAGSNPHARM,43.36,43.36
MPHASIS,34.05,34.05
KOTHARIPET,14.36,14.29
BANKBARODA,7.25,7.25
GAIL,17.85,18.49
BANKINDIA,8.77,8.77
ICICIBANK,19.39,19.39
INDSWFTLAB,2.73,11.73
SAREGAMA,52.64,52.64
ENGINERSIN,43.92,43.92
JAICORPLTD,127.04,127.04
GMDCLTD,21.59,21.59
MAHAPEXLTD,.54,35.62
ASAHIINDIA,49.6,49.6
J&KBANK,7.09,7.09
KOTHARIPRO,25.72,25.72
SOUTHBANK,6.55,6.55
ASTRAZEN,101.63,109.54
AXISBANK,15.25,15.25
CYIENT,29.07,27.18
KOKUYOCMLN,35.5,35.5
GOACARBON,8.21,8.21
SANGHVIMOV,25.17,25.17
NATIONALUM,17.82,21.09
JINDALSTEL,17.34,17.34
NIPPOBATRY,29.92,29.92
HCLTECH,25.91,25.91
ACCELYA,30.36,30.44
IOB,47.71,47.71
BIL,49.74,49.74
KTKBANK,6.55,6.55
AJANTPHARM,34.09,34.09
CALSOFT,42.64,42.64
TVSMOTOR,64.02,64.02
PNC,43.66,43.66
NLCINDIA,21.76,21.76
CHENNPETRO,6.66,6.66
KRBL,12.26,12.26
USHAMART,29.01,29.01
BALAJITELE,36.6,36.6
TRIDENT,55.3,55.32
GODREJCP,,79.26
LUPIN,43.46,43.46
TCI,26.15,25.95
BHARTIARTL,142.73,91.2
PONNIERODE,10.46,10.46
SURANAT&P,43.78,43.78
OFSS,43.34,43.34
CANBK,6.6,6.6
GODREJIND,46.78,46.78
UCOBANK,40.55,40.55
NSIL,41.59,41.59
JAIBALAJI,16.51,16.51
DREDGECORP,112.87,110.51
UPL,,20.45
MUKANDLTD,24.41,24.41
VAIBHAVGBL,42.67,40.83
XPROINDIA,53.08,50.97
DATAMATICS,19.67,19.67
CCL,31.8,31.8
LT,32.11,32.26
ULTRACEMCO,48.21,47.84
TCS,32.11,31.62
GUFICBIO,41,41
WELENT,19.78,19.78
NTPC,18.73,18.73
JBMA,134.35,134.35
DWARKESH,16.88,16.88
XCHANGING,109.27,109.27
CONSOFINVT,13.72,13.72
JPPOWER,12.5,8.65
SAKSOFT,34.06,34.06
SSWL,5.14,14.81
PRIMESECU,46.97,46.97
JSWHL,65.71,65.71
YESBANK,63.86,63.86
MSPL,74.26,60.67
GOLDIAM,20.24,20.24
FCSSOFT,,75.03
MARKSANS,27,27
JISLJALEQS,52.58,52.58
OLECTRA,188.34,205.24
TIMESGTY,70.23,70.23
GENESYS,124.42,124.42
MARUTI,30.12,30.12
IGL,23.05,23.05
PETRONET,14.64,14.87
APARINDS,43.92,43.92
GULFPETRO,13.88,13.88
KOTARISUG,17.24,17.24
PATELENG,17.08,22.6
JINDALPHOT,57.83,57.83
IIFL,10.41,10.41
CYBERMEDIA,12.45,9.48
