SYMBOL,SERIES,SECURITY,HIGH/LOW,INDEX FLAG
21STCENMGM,BE,21ST CENTURY MGMT SERVICE,H
A2ZINFRA,BE,A2Z INFRA ENGINEERING LTD,H
ABCOTS,SM,A B COTSPIN INDIA LIMITED,H
ACCURACY,EQ,ACCURACY SHIPPING LIMITED,H
AGUL,SM,A G UNIVERSAL LIMITED,H
AHIMSA,ST,AHIMSA INDUSTRIES LTD.,H
AIMTRON,SM,AIMTRON ELECTRONICS LTD,H
AKSHARCHEM,EQ,AKSHARCHEM INDIA LIMITED,H
ALPEXSOLAR,SM,ALPEX SOLAR LIMITED,H
ALUWIND,SM,ALUWIND ARCHITECTURAL LTD,H
AMEYA,SM,AMEYA PRECISION ENG LTD,H
ARSHIYA,BE,ARSHIYA LIMITED,H
ASMS,EQ,BARTRONICS INDIA LIMITED,H
ATMASTCO,SM,ATMASTCO LIMITED,H
BLUECHIP,BE,BLUE CHIP INDIA LIMITED,H
BVCL,EQ,BARAK VALLEY CEM. LTD.,H
CLOUD,SM,VARANIUM CLOUD LIMITED,H
CMMIPL,ST,CMM INFRAPROJECTS LIMITED,H
CMRSL,SM,CYBER MEDIA RES & SER LTD,H
CROWN,BE,CROWN LIFTERS LIMITED,H
CTE,BE,CAMBRIDGE TECH ENTER LTD,H
DHTL,SM,DOCMODE HEALTH TECH LTD,H
EIMCOELECO,EQ,EIMCO ELECON (INDIA) LTD,H
ENSER,SM,ENSER COMMUNICATIONS LTD,H
ESCONET,SM,ESCONET TECHNOLOGIES LTD,H
FCSSOFT,EQ,FCS SOFTWARE SOLN. LTD.,H
FEL,BZ,FUTURE ENTERPRISES LTD,H
FELDVR,BE,FUTURE ENTERPRISES LTD,H
GAYAHWS,BE,GAYATRI HIGHWAYS LIMITED,H
GENSOL,EQ,GENSOL ENGINEERING LTD,H
GINNIFILA,EQ,GINNI FILAMENTS LTD,H
GKWLIMITED,BE,GKW LIMITED,H
GTLINFRA,EQ,GTL INFRA.LTD,H
GVKPIL,BE,GVK POW. & INFRA LTD.,H
HESTERBIO,EQ,HESTER BIOSCIENCES LTD,H
HYBRIDFIN,EQ,HYBRID FINANCIAL SERVICE,H
IL&FSTRANS,BZ,IL&FS TRANS NET LTD,H
INFOMEDIA,EQ,INFOMEDIA PRESS LIMITED,H
ISHAN,SM,ISHAN INTERNATIONAL LTD,H
JETKNIT,SM,JET KNITWEARS LTD.,H
JITFINFRA,EQ,JITF INFRALOGISTICS LTD,H
K2INFRA,SM,K2 INFRAGEN LIMITED,H
KARMAENG,EQ,KARMA ENERGY LIMITED,H
KAYA,EQ,KAYA LIMITED,H
KCEIL,SM,KAY CEE ENERGY & INFRA L,H
KERNEX,EQ,KERNEX MICROSYS(I) LTD,H
KODYTECH,SM,KODY TECHNOLAB LIMITED,H
KSHITIJPOL,BE,KSHITIJ POLYLINE LIMITED,H
LAGNAM,BE,LAGNAM SPINTEX LIMITED,H
LAKPRE,BZ,LAKSHMI PRE SCRE LTD,H
LGBFORGE,EQ,LGB FORGE LIMITED,H
MAKS,SM,MAKS ENERGY SOL INDIA LTD,H
MBECL,BE,MCNALLY BH. ENG. CO.LTD,H
MCON,SM,MCON RASAYAN INDIA LTD,H
MICEL,EQ,MIC ELECTRONICS LTD,H
MILTON,SM,MILTON INDUSTRIES LIMITED,H
NILASPACES,BE,NILA SPACES LIMITED,H
NTL,BE,NEUEON TOWERS LIMITED,H
OSWALSEEDS,BE,SHREEOSWAL S AND CHE LTD,H
PASHUPATI,SM,PASHUPATI COTSPIN LIMITED,H
PKTEA,EQ,THE P K TEA PROD CO LTD,H
PRAMARA,SM,PRAMARA PROMOTIONS LTD,H
PRATHAM,SM,PRATHAM EPC PROJECTS LTD,H
PREMEXPLN,EQ,PREMIER EXPLOSIVES LTD,H
PREMIER,BE,PREMIER LIMITED,H
PRITIKA,SM,PRITIKA ENG COMPO LTD,H
PURVA,BE,PURAVANKARA LIMITED,H
QUADPRO,SM,QUADPRO ITES LIMITED,H
RAJRILTD,BE,RAJ RAYON INDUSTRIES LTD,H
RBZJEWEL,BE,RBZ JEWELLERS LIMITED,H
RILINFRA,SM,RACHANA INFRA LTD,H
RKDL,EQ,RAVI KUMAR DIST. LTD.,H
ROLTA,BZ,ROLTA INDIA LTD,H
RSSOFTWARE,BE,R. S. SOFTWARE (INDIA) LI,H
SAAKSHI,SM,SAAKSHI MEDTEC N PANELS L,H
SAMPANN,EQ,SAMPANN UTPADAN INDIA LTD,H
SANCO,BZ,SANCO INDUSTRIES LIMITED,H
SHAKTIPUMP,BE,SHAKTI PUMPS (I) LTD,H
SHEETAL,ST,SHEETAL UNIVERSAL LIMITED,H
SHRADHA,EQ,SHRADHA INFRAPROJECTS LTD,H
SICALLOG,BE,SICAL LOGISTICS LIMITED,H
SITINET,BE,SITI NETWORKS LIMITED,H
SJLOGISTIC,SM,S J LOGISTICS (INDIA) LTD,H
SKYGOLD,BE,SKY GOLD LIMITED,H
SLONE,SM,SLONE INFOSYSTEMS LIMITED,H
SONUINFRA,SM,SONU INFRATECH LIMITED,H
SUZLON,EQ,SUZLON ENERGY LIMITED,H
SVPGLOB,EQ,SVP GLOBAL TEXTILES LTD,H
TAINWALCHM,BE,TAINWALA CHEMICAL AND PLA,H
TBI,ST,TBI CORN LIMITED,H
TCIFINANCE,BE,TCIFINANCELTD-ROLL SETT,H
TCLCONS,EQ,TANTIA CONSTRUCTIONS LTD,H
TECHLABS,SM,TRIDENT TECHLABS LIMITED,H
TGL,SM,TEERTH GOPICON LIMITED,H
TPHQ,EQ,TEAMO PRODUCTIONS HQ LTD,H
TREJHARA,BE,TREJHARA SOLUTIONS LTD,H
UNITECH,BZ,UNITECH LIMITED,H
VCL,BE,VAXTEX COTFAB LIMITED,H
VIPULLTD,BE,VIPUL LIMITED,H
VISASTEEL,BE,VISA STEEL LIMITED,H
VIVIANA,SM,VIVIANA POWER TECH LTD,H
VMARCIND,SM,V MARC INDIA LIMITED,H
VSCL,ST,VADIVARHE SPCLTY CHEM LTD,H
WINDMACHIN,EQ,WINDSOR MACHINES LIMITED,H
WINSOME,BE,WINSOME YARNS LIMITED,H
ZENITHEXPO,BE,ZENITH EXPORTS LTD,H
ZTECH,SM,Z-TECH (INDIA) LIMITED,H
AGNI,SM,AGNI GREEN POWER LTD,L
AILIMITED,ST,ABHISHEK INTEGRATIONS LTD,L
ALPEXSOLAR,SM,ALPEX SOLAR LIMITED,L
AMBICAAGAR,EQ,AMBICA AGAR & AROMAINDLTD,L
BTML,BE,BODHI TREE MULTIMEDIA LTD,L
CGRAPHICS,SM,CREATIVE GRAPHICS S IND L,L
CMMIPL,ST,CMM INFRAPROJECTS LIMITED,L
CONTI,SM,CONTINENTAL SEED CHEM LTD,L
DHTL,SM,DOCMODE HEALTH TECH LTD,L
DRCSYSTEMS,BE,DRC SYSTEMS INDIA LIMITED,L
DREDGECORP,EQ,DREDGING CORP OF INDIA,L
ESSARSHPNG,EQ,ESSAR SHIPPING LTD,L
FELIX,SM,FELIX INDUSTRIES LTD.,L
FLFL,BZ,FUT LIFESTYLE FASH LTD,L
FSC,BZ,FUTURE SUPP CHAIN SOL LTD,L
GICL,SM,GLOBE INTL CARRIERS LTD,L
GMRP&UI,EQ,GMR POW AND URBAN INFRA L,L
GSMFOILS,SM,GSM FOILS LIMITED,L
HYBRIDFIN,EQ,HYBRID FINANCIAL SERVICE,L
IEML,SM,INDIAN EMULSIFIERS LTD,L
JYOTISTRUC,EQ,JYOTI STRUCTURES LTD,L
KARMAENG,EQ,KARMA ENERGY LIMITED,L
KCK,ST,KCK INDUSTRIES LTD,L
KDL,SM,KORE DIGITAL LIMITED,L
KRISHNADEF,SM,KRISHNA DEF AND ALD IND L,L
MANORAMA,BE,MANORAMA INDUSTRIES LTD,L
MARINE,EQ,MARINE ELECTRICAL (I) LTD,L
MASTER,SM,MASTER COMPONENTS LIMITED,L
OMINFRAL,EQ,OM INFRA LIMITED,L
ONDOOR,SM,ON DOOR CONCEPTS LIMITED,L
ORIANA,SM,ORIANA POWER LIMITED,L
OSIAHYPER,BE,OSIA HYPER RETAIL LIMITED,L
PERFECT,SM,PERFECT INFRAENGINEER LTD,L
PROLIFE,SM,PROLIFE INDUSTRIES LTD,L
RADAAN,BE,RADAAN MEDIAWORKS (I) LTD,L
RAJRILTD,BE,RAJ RAYON INDUSTRIES LTD,L
REFRACTORY,SM,REFRACTORY SHAPES LIMITED,L
SECURCRED,EQ,SECUR CREDENTIALS LIMITED,L
SIMPLEXINF,BE,SIMPLEX INFRASTRUCTURES L,L
SPMLINFRA,EQ,SPML INFRA LIMITED,L
SUULD,EQ,SUUMAYA INDUSTRIES LTD,L
SUVIDHAA,EQ,SUVIDHAA INFOSERVE LTD,L
TECHIN,BE,TECHINDIA NIRMAN LIMITED,L
TECILCHEM,BE,TECIL CHEMICALS,L
TERASOFT,BE,TERA SOFTWARE LIMITED,L
TIJARIA,BE,TIJARIA POLYPIPES LTD,L
TIMESCAN,SM,TIMESCAN LOGISTICS IND L,L
VCL,BE,VAXTEX COTFAB LIMITED,L
VISHNUINFR,SM,VISHNUSURYA PROJ N INFR L,L
VIVIANA,SM,VIVIANA POWER TECH LTD,L
