GAIN_LOSS,SECURITY,CLOSE_PRIC,PREV_CL_PR,PERCENT_CG
 ,Nifty 50 Sec., , , 
 , , , , 
G,BHARTI AIRTEL LIMITED,      1416.05,      1381.15,2.53
G,LTIMINDTREE LIMITED,      5125.45,      5052.45,1.44
G,HINDALCO  INDUSTRIES  LTD,       684.50,       676.50,1.18
G,INFOSYS LIMITED,      1532.70,      1515.40,1.14
G,ADANI PORT & SEZ LTD,      1485.50,      1469.40,1.1
G,JSW STEEL LIMITED,       936.90,       929.65,.78
G,DR. REDDY S LABORATORIES,      6011.45,      5970.80,.68
G,TATA CONSULTANCY SERV LT,      3810.75,      3787.25,.62
G,NTPC LTD,       359.80,       357.65,.6
G,SBI LIFE INSURANCE CO LTD,      1464.15,      1455.50,.59
G,SHRIRAM FINANCE LIMITED,      2821.65,      2805.20,.59
G,KOTAK MAHINDRA BANK LTD,      1775.65,      1766.25,.53
G,TECH MAHINDRA LIMITED,      1399.80,      1393.10,.48
G,POWER GRID CORP. LTD.,       325.95,       324.55,.43
G,MARUTI SUZUKI INDIA LTD.,     12201.50,     12149.50,.43
G,DIVI S LABORATORIES LTD,      4522.15,      4504.05,.4
G,HCL TECHNOLOGIES LTD,      1447.85,      1443.45,.3
G,ICICI BANK LTD.,      1158.65,      1156.80,.16
G,WIPRO LTD,       490.55,       490.40,.03
 , , , , 
L,ULTRATECH CEMENT LIMITED,     10662.40,     10903.20,-2.21
L,ADANI ENTERPRISES LIMITED,      3189.30,      3259.45,-2.15
L,TATA MOTORS LIMITED,       961.80,       978.25,-1.68
L,TATA CONSUMER PRODUCT LTD,      1084.90,      1103.25,-1.66
L,LARSEN & TOUBRO LTD.,      3535.00,      3594.45,-1.65
L,HINDUSTAN UNILEVER LTD.,      2441.30,      2482.20,-1.65
L,NESTLE INDIA LIMITED,      2498.40,      2539.75,-1.63
L,HDFC LIFE INS CO LTD,       580.95,       590.10,-1.55
L,RELIANCE INDUSTRIES LTD,      2908.40,      2947.40,-1.32
L,GRASIM INDUSTRIES LTD,      2466.15,      2498.80,-1.31
L,TATA STEEL LIMITED,       179.94,       182.28,-1.28
L,MAHINDRA & MAHINDRA LTD,      2839.95,      2871.20,-1.09
L,TITAN COMPANY LIMITED,      3399.75,      3435.95,-1.05
L,BAJAJ FINANCE LIMITED,      7134.25,      7207.10,-1.01
L,HERO MOTOCORP LIMITED,      5452.00,      5504.60,-0.96
L,BRITANNIA INDUSTRIES LTD,      5330.30,      5378.45,-0.9
L,STATE BANK OF INDIA,       836.30,       843.75,-0.88
L,ITC LTD,       419.60,       423.30,-0.87
L,ASIAN PAINTS LIMITED,      2890.85,      2915.50,-0.85
L,OIL AND NATURAL GAS CORP.,       269.65,       271.85,-0.81
L,EICHER MOTORS LTD,      4845.50,      4876.90,-0.64
L,COAL INDIA LTD,       480.20,       483.15,-0.61
L,BAJAJ FINSERV LTD.,      1578.90,      1586.00,-0.45
L,BAJAJ AUTO LIMITED,      9602.25,      9632.00,-0.31
L,SUN PHARMACEUTICAL IND L,      1467.25,      1471.00,-0.25
L,HDFC BANK LTD,      1665.75,      1669.35,-0.22
L,CIPLA LTD,      1541.55,      1544.85,-0.21
L,AXIS BANK LIMITED,      1237.45,      1239.50,-0.17
L,APOLLO HOSPITALS ENTER. L,      6170.00,      6175.85,-0.09
L,INDUSIND BANK LIMITED,      1527.15,      1527.85,-0.05
 , , , , 
 ,Nifty Next 50 Sec., , , 
 , , , , 
G,HAVELLS INDIA LIMITED,      1887.05,      1818.30,3.78
G,INDIAN RAILWAY FIN CORP L,       176.32,       172.30,2.33
G,JINDAL STEEL & POWER LTD,      1077.25,      1056.40,1.97
G,INTERGLOBE AVIATION LTD,      4310.15,      4229.25,1.91
G,INFO EDGE (I) LTD,      6384.70,      6282.90,1.62
G,SAMVRDHNA MTHRSN INTL LTD,       187.72,       185.43,1.23
G,BOSCH LIMITED,     32606.35,     32254.70,1.09
G,REC LIMITED,       510.50,       506.70,0.75
G,ICICI LOMBARD GIC LIMITED,      1756.85,      1748.30,0.49
G,PIDILITE INDUSTRIES LTD,      3144.45,      3132.45,0.38
G,TVS MOTOR COMPANY  LTD,      2435.40,      2427.95,0.31
G,POWER FIN CORP LTD.,       482.30,       481.35,0.2
G,VEDANTA LIMITED,       470.25,       469.95,0.06
 , , , , 
L,MARICO LIMITED,       609.80,       628.40,-2.96
L,CHOLAMANDALAM IN & FIN CO,      1401.55,      1438.70,-2.58
L,HINDUSTAN AERONAUTICS LTD,      5170.55,      5288.60,-2.23
L,BHARAT ELECTRONICS LTD,       304.95,       311.90,-2.23
L,DLF LIMITED,       856.10,       874.50,-2.1
L,PUNJAB NATIONAL BANK,       125.80,       128.49,-2.09
L,BANK OF BARODA,       279.35,       285.20,-2.05
L,DABUR INDIA LTD,       589.95,       600.75,-1.8
L,GAIL (INDIA) LTD,       214.76,       218.60,-1.76
L,CANARA BANK,       119.12,       121.20,-1.72
L,ABB INDIA LIMITED,      8399.40,      8539.30,-1.64
L,ZOMATO LIMITED,       193.95,       197.05,-1.57
L,SRF LTD,      2460.05,      2499.35,-1.57
L,BERGER PAINTS (I) LTD,       502.20,       510.15,-1.56
L,ADANI GREEN ENERGY LTD,      1780.45,      1806.40,-1.44
L,INDIAN OIL CORP LTD,       166.62,       168.97,-1.39
L,TRENT LTD,      5266.35,      5337.15,-1.33
L,ADANI POWER LTD,       733.65,       743.35,-1.3
L,JIO FIN SERVICES LTD,       360.90,       365.55,-1.27
L,VARUN BEVERAGES LIMITED,      1593.55,      1613.75,-1.25
L,SIEMENS LTD,      7436.30,      7524.90,-1.18
L,AVENUE SUPERMARTS LIMITED,      4804.85,      4861.70,-1.17
L,TATA POWER CO LTD,       438.70,       443.65,-1.12
L,SHREE CEMENT LIMITED,     27403.80,     27698.45,-1.06
L,COLGATE PALMOLIVE LTD.,      2826.25,      2855.60,-1.03
L,SBI CARDS & PAY SER LTD,       725.35,       732.50,-0.98
L,TORRENT PHARMACEUTICALS L,      2831.25,      2858.10,-0.94
L,ADANI ENERGY SOLUTION LTD,      1010.55,      1016.50,-0.59
L,LIFE INSURA CORP OF INDIA,      1023.95,      1027.40,-0.34
L,ZYDUS LIFESCIENCES LTD,      1085.05,      1088.65,-0.33
 , , , , 
 ,OTHER SECURITIES, , , 
 , , , , 
G,SHRADHA INFRAPROJECTS LTD,       138.78,       115.65,20
G,THE P K TEA PROD CO LTD,       413.40,       344.50,20
G,SAAKSHI MEDTEC N PANELS L,       249.30,       207.75,20
G,HESTER BIOSCIENCES LTD,      2494.00,      2078.35,20
G,SLONE INFOSYSTEMS LIMITED,       110.90,        92.45,19.96
G,SEC RED NCD SR.X,      1855.00,      1550.00,19.68
G,LGB FORGE LIMITED,        14.30,        12.36,15.7
G,TAX FREE 7.39% SR. IIA,      1238.00,      1077.00,14.95
G,THANGAMAYIL JEWELLERY LTD,      1646.10,      1435.20,14.69
G,20 MICRONS LTD,       213.77,       187.80,13.83
G,IREDA 8.55NCDTR I SR II A,      1298.60,      1143.00,13.61
G,TIME TECHNOPLAST LTD.,       337.30,       297.25,13.47
G,PONDY OXIDES & CHEM LTD,       771.40,       686.55,12.36
G,NAVKAR CORPORATION LTD.,       114.62,       102.34,12
G,SILGO RETAIL LIMITED,        37.45,        33.49,11.82
G,ZODIAC CLOTHING CO. LTD.,       134.37,       120.57,11.45
G,GRAVITA INDIA LIMITED,      1533.45,      1376.40,11.41
G,ELIN ELECTRONICS LIMITED,       208.32,       187.09,11.35
G,KAYA LIMITED,       473.55,       430.50,10
G,AKSHARCHEM INDIA LIMITED,       306.95,       279.05,10
G,K2 INFRAGEN LIMITED,       239.90,       218.10,10
G,BARAK VALLEY CEM. LTD.,        65.15,        59.23,9.99
G,AIMTRON ELECTRONICS LTD,       431.40,       392.20,9.99
G,Z-TECH (INDIA) LIMITED,       196.70,       178.85,9.98
G,JET KNITWEARS LTD.,       120.25,       109.35,9.97
G,TOURISM FINANCE CORP. OF,       191.37,       174.11,9.91
G,SVP GLOBAL TEXTILES LTD,         6.89,         6.27,9.89
G,BPL LTD,       127.54,       116.30,9.66
G,BASILIC FLY STUDIO LTD,       423.80,       386.60,9.62
G,CERA SANITARYWARE LTD,      9090.30,      8295.45,9.58
 , , , , 
L,TFB 7.37% 2035 SR. 3A,      1055.00,      1250.00,-15.6
L,MADRAS FERTILISERS LTD,       115.81,       128.73,-10.04
L,INDIAN EMULSIFIERS LTD,       439.05,       487.80,-9.99
L,FELIX INDUSTRIES LTD.,       341.05,       378.90,-9.99
L,GSM FOILS LIMITED,        54.25,        60.25,-9.96
L,BEACON TRUSTEESHIP LTD,       122.35,       134.95,-9.34
L,ESSAR SHIPPING LTD,        53.16,        58.07,-8.46
L,RAMA PHOSPHATES LIMITED,       193.97,       211.20,-8.16
L,PARADEEP PHOSPHATES LTD,        85.32,        92.37,-7.63
L,NANDAN DENIM LIMITED,        48.19,        52.07,-7.45
L,CHAMBAL FERTILIZERS LTD,       517.10,       557.85,-7.3
L,RACHANA INFRA LTD,        49.55,        53.45,-7.3
L,RAJGOR CASTOR DERIVATI L,        38.20,        41.15,-7.17
L,SOUTH WEST PINNACLE LTD,       113.76,       122.49,-7.13
L,BHAGIRADHA CHEM & INDS L,       249.76,       268.13,-6.85
L,GARDEN REACH SHIP&ENG LTD,      1644.25,      1761.20,-6.64
L,NATIONAL FERT. LTD,       141.00,       150.91,-6.57
L,RASHTRIYA CHEMICALS & FER,       207.79,       222.26,-6.51
L,GUJ NAR VAL FER & CHEM L,       715.85,       765.55,-6.49
L,FILATEX FASHIONS LIMITED,         8.96,         9.56,-6.28
L,MANG.CHEM.FERT.LTD,       126.11,       134.54,-6.27
L,WINSOL ENGINEERS LIMITED,       515.25,       547.70,-5.92
L,BANNARI AMMAN SUGARS LTD,      3024.90,      3212.20,-5.83
L,TORRENT POWER LTD,      1503.45,      1596.10,-5.8
L,DEEPAK FERTILIZERS & PETR,       685.95,       728.15,-5.8
L,SURANA TELECOM AND POW LT,        21.95,        23.29,-5.75
L,SHAH ALLOYS LIMITED,        62.29,        66.09,-5.75
L,COROMANDEL INTERNTL. LTD,      1549.90,      1643.80,-5.71
L,ZUARI AGRO CHEMICALS LTD,       213.93,       226.80,-5.67
L,INTEGRATED PERSO SER LTD,       151.00,       160.00,-5.63
