SECURITY,NEW,PREVIOUS,NEW_STATUS
21ST CENTURY MGMT SERVICE,60.32,59.14,H
FACT LTD,1187,1090.35,H
BHARTIYA INETRNATIONAL LT,474.5,468.3,H
LLOYDS ENGG WORK LIMITED,73.99,73.2,H
2.50%GOLDBONDS2029SR-IV,7435,7395,H
JSW ENERGY LIMITED,728,713.75,H
JSW INFRASTRUCTURE LTD,317.95,311.45,H
BLUE JET HEALTHCARE LTD,442.8,433.4,H
PASHUPATI COTSPIN LIMITED,428,407.65,H
POLY MEDICURE LIMITED,2089.9,2031,H
NIPPON L I A M LTD,674.8,667.8,H
MIRAEAMC - MAESGETF,39.86,39.83,H
KORE DIGITAL LIMITED,1535,1484,H
GRAVITA INDIA LIMITED,1635,1450,H
HEC INFRA PROJECTS LTD,116,115.99,H
SURAJ ESTATE DEVELOPERS L,455.65,443.9,H
GALLANTT ISPAT LIMITED,362,359.3,H
V2 RETAIL LIMITED,709.8,687,H
AVONMORE CAP&MGT SERV LTD,134.6,132.95,H
SEC RE NCD 8.75% SR.IV,1064,1059.95,H
L&T FINANCE LIMITED,186.7,184,H
BASF INDIA LTD,5315,5288.8,H
ZENITH EXPORTS LTD,431.49,410.95,H
LE MERITE EXPORTS LIMITED,141.8,134.9,H
LT FOODS LIMITED,271.45,271.4,H
GANESHA ECOSPHERE LIMITED,1343,1309,H
2.50%GOLDBONDS2031SR-I,7494.89,7475,H
2.50%GOLDBONDS2031SR-IV,7875,7599,H
ROBUST HOTELS LIMITED,214.94,198,H
KALYANI INVEST CO LTD,5065.4,4799.9,H
TERA SOFTWARE LIMITED,94.5,76.5,H
OMAX AUTOS LTD,162.35,145.2,H
MIRAEAMC - MAMFGETF,151.95,151.35,H
KCK INDUSTRIES LTD,217.5,216,H
KAPSTON SERVICES LIMITED,407.9,304.1,H
DHANUKA AGRITECH LTD,1733,1699.85,H
SAMPANN UTPADAN INDIA LTD,34.06,32.45,H
SPECTRUM ELECTRIC IND LTD,2119.95,1980,H
VIVIANA POWER TECH LTD,943.25,898.35,H
HIMADRI SPECIALITY CHEM L,418.5,401.1,H
HUHTAMAKI INDIA LIMITED,381,371,H
SUPREME POWER EQUIPMENT L,303,298.9,H
GKW LIMITED,2653,2624,H
SLONE INFOSYSTEMS LIMITED,110.9,106,H
BOND 8.10% PA TAX FREE S2,1135,1127.9,H
K2 INFRAGEN LIMITED,239.9,218.1,H
AHIMSA INDUSTRIES LTD.,18.3,17.45,H
SEC RE NCD 9% SR.IV,1022.7,1010,H
RACE ECO CHAIN LIMITED,433,429.7,H
GEECEE VENTURES LIMITED,407.05,388,H
2.5%GOLDBONDS2029SR-II,7448.48,7440,H
AXISAMC - AXISCETF,115.2,115,H
TARAPUR TRANSFORMERS LTD,14.87,14.58,H
TATAAML - TNIDETF,84.5,83.52,H
MIC ELECTRONICS LTD,64.45,61.39,H
SBI-ETF NIFTY BANK,534.5,530,H
SHAKTI PUMPS (I) LTD,3302.75,3145.5,H
AVP INFRACON LIMITED,156.95,150.7,H
ENERGY MISSION MACH IND L,467.8,459.95,H
GOI TBILL 182D-19/09/24,98,97.85,H
SEC RE NCD 8.66% SR.VI,995.7,962.45,H
SEC RE NCD 0% SR.IV,1232,1231.55,H
GOI LOAN  7.02% 2031,100.4,99.8,H
SWARAJ ENGINES LTD,3074,2942.95,H
NIP IND ETF JUNIOR BEES,785.75,780.3,H
PUDUMJEE PAPER PRO. LTD,109.9,106.35,H
REDTAPE LIMITED,810.05,804.85,H
KRISHNA DEF AND ALD IND L,1020,974,H
TRIDENT TECHLABS LIMITED,776.15,739.2,H
UDAYSHIVAKUMAR INFRA LTD,74.4,74.13,H
PILANI INV & IND COR LTD,4140,4080,H
C.E. INFO SYSTEMS LIMITED,2747.85,2409.65,H
CHAVDA INFRA LIMITED,185,179.8,H
SUMIT WOODS LIMITED,82.49,82,H
EDELAMC - EBBETF0430,1417.35,1417.3,H
SKY GOLD LIMITED,1455.85,1397.95,H
ALPEX SOLAR LIMITED,980.3,933.65,H
ATLANTAA LIMITED,43.75,42.9,H
E FACTOR EXPERIENCES LTD,233.9,226,H
BALU FORGE INDUSTRIES LTD,351.8,343.6,H
SEC RE NCD 10.40% SR.II,1020,1001,H
IREDA 8.55NCDTR I SR II A,1300,1150,H
HOAC FOODS INDIA LIMITED,213.8,209,H
SEC RE NCD 10.75% SR XI,940,918.09,H
BHARAT FORGE LTD,1804.5,1800.7,H
ESCORTS KUBOTA LIMITED,4409.55,4353.2,H
RASHTRIYA CHEMICALS & FER,227.7,222.26,H
CHAMBAL FERTILIZERS LTD,574.35,561.15,H
AUTOMOTIVE STAMPINGS & AS,1078.95,1063.95,H
2.5%GOLDBONDS2029SR-VI,7480,7422.3,H
20 MICRONS LTD,218.65,203,H
S J LOGISTICS (INDIA) LTD,498.2,490,H
BARODABNP - BBNPPGOLD,75.6,75,H
KAVVERI TEL. LTD.,19.55,19.17,H
SHRADHA INFRAPROJECTS LTD,138.78,115.65,H
OWAIS METAL & MINERAL,1379.95,1349,H
MOTILALAMC - MOSMALL250,17.65,17.46,H
TEERTH GOPICON LIMITED,479.05,456.25,H
EXICOM TELE SYSTEMS LTD,424.2,400,H
VADIVARHE SPCLTY CHEM LTD,49.35,47.25,H
LATENT VIEW ANALYTICS LTD,526.7,524,H
DHANI LOANS & SERV LTD,1586.8,1555.2,H
Z-TECH (INDIA) LIMITED,196.7,178.85,H
HONDA I POWER PRODUCT LTD,4006,3880,H
MAX HEALTHCARE INS LTD,979.9,940.85,H
TEXMACO INFRA & HOLDG LTD,143,140.85,H
OM INFRA LIMITED,197.01,193.33,H
MEDI ASSIST HEALTH SER L,605,598.6,H
KODY TECHNOLAB LIMITED,3291.95,3135.2,H
DIAMOND POWER INFRA LTD,1172.65,1149.7,H
SOMI CONVEYOR BELT. LTD.,176.88,173.55,H
LCC INFOTECH LTD,3.54,3.48,H
ALUWIND ARCHITECTURAL LTD,78.8,75.05,H
TANTIA CONSTRUCTIONS LTD,53.61,51.06,H
DSPAMC - DSPQ50ETF,256.7,255.7,H
DSPAMC - LIQUIDADD,1016.31,1015.76,H
UNSE RE NCD 9.6% SR.II,948,947,H
SEC RE NCD SR.V,1246.8,1240,H
FOSECO INDIA LTD,4285,4237,H
SENCO GOLD LIMITED,1069.4,1066.5,H
SAMVRDHNA MTHRSN INTL LTD,189.3,188.2,H
JTEKT INDIA LIMITED,209.95,198.2,H
KALYAN JEWELLERS IND LTD,464.95,449.7,H
BAYER CROPSCIENCE LTD,6670,6601.25,H
POLYCAB INDIA LIMITED,7215,7174.75,H
NAVA LIMITED,748,729.9,H
NIP IND ETF ETF NV20,147.72,146.99,H
STYRENIX PERFORMANCE LTD,2269,2192.85,H
AMEYA PRECISION ENG LTD,120.75,115,H
DSPAMC - DSPPVBKETF,26.49,26.35,H
ENSER COMMUNICATIONS LTD,181.3,179.9,H
REFRACTORY SHAPES LIMITED,246,243.7,H
JNK INDIA LIMITED,880,863.95,H
GOI TBILL 182D-22/11/24,98.5,97.3,H
SEC RE NCD SR III,987,980,H
TBI CORN LIMITED,322.25,306.95,H
TEAMO PRODUCTIONS HQ LTD,1.26,1.22,H
SILKFLEX POLYMERS INDIA L,74.9,71,H
VILAS TRANSCORE LIMITED,497,469,H
GODFREY PHILLIPS INDIA LT,4424.95,4364,H
RAYMOND LTD,2695,2685,H
NATIONAL FERT. LTD,155.5,151.09,H
GMR POW AND URBAN INFRA L,97.5,94.39,H
BIKAJI FOODS INTERN LTD,747,745.95,H
TITAGARH RAIL SYSTEMS LTD,1614,1594.25,H
GOI TBILL 364D-05/12/24,96.61,96.6,H
INOX GREEN ENERGY SER LTD,174,159.86,H
IIFL SECURITIES LIMITED,239.9,228.6,H
SUMMIT SECURITIES LTD,1600,1585,H
ASSO ALCOHOLS & BREW LTD,743.7,732.8,H
UDAIPUR CEMENT WORKS LTD,43.91,42.75,H
CROWN LIFTERS LIMITED,303.84,289.38,H
ICICIPRAMC - ICICI5GSEC,58.6,58,H
SHIPPING CORP OF ILA LTD,88.9,82.9,H
SEC RE NCD 0% SR.II,1183,1174.81,H
SRI ADHIKARI BRO TELE N L,219.6,215.3,H
SEC RE NCD SR IV,1040,1039,H
RAJSHREE POLYPACK LTD,70,72.85,L
DSJ KEEP LEARNING LTD,2.88,2.94,L
ATAL REALTECH LIMITED,8.41,8.59,L
SEC RED NCD 9.30% SR. II,1017,1023,L
SEC RE NCD 8.5% SR.III,943.8,950,L
REMUS PHARMACEUTICALS L,1840,1866,L
ONELIFE CAP ADVISORS LTD,16.75,17.1,L
MEP INFRA. DEVELOPERS LTD,8.96,9.15,L
ZERODHAAMC - TOP100CASE,10.06,10.08,L
SECUR CREDENTIALS LIMITED,11.87,12.2,L
FUTURE SUPP CHAIN SOL LTD,3.79,3.8,L
SEC RED NCD 9.70% SR. V,1020,1049,L
GLOBAL EDUCATION LIMITED,181.8,186.2,L
ARCHIDPLY IND. LTD,103.55,104.45,L
DAVANGERE SUGAR COMPANY L,8.75,8.8,L
BHARAT ROAD NETWORK LTD,48.5,49.45,L
SEC RE NCD 9.10% SR III,855.2,991,L
ABAN OFFSHORE LTD.,65.66,67,L
PALRED TECHNOLOGIES LTD,115.28,117.64,L
BAWEJA STUDIOS LIMITED,85.3,86.5,L
SUUMAYA INDUSTRIES LTD,6.39,6.45,L
RAJ TV NETWORK LTD,112.45,114.61,L
SEC RE NCD SR III,910,950,L
LATTEYS INDUSTRIES LTD,14.35,14.4,L
NHB 8.93 NCD TR II SR 2 B,5800,5806,L

