SYMBOL,SYMBOL P/E,ADJUSTED P/E
AURIONPRO,55.3,55.3
AIAENG,35.23,35.25
ORIENTCER,32.71,38.57
EKC,14.81,14.53
NITINSPIN,14.91,14.91
ENIL,28.56,29.5
GVKPIL,7.64,7.64
KEC,64.69,64.69
BLKASHYAP,40.33,40.33
SOLARINDS,101.47,101.47
KKCL,28.13,28.13
GPIL,16.06,16.3
EMKAY,14.09,14.09
SWELECTES,34.54,72.95
RATNAMANI,39.37,39.37
ALLCARGO,41.57,54.68
EMAMILTD,42.49,42.2
ANANTRAJ,56.84,56.84
ALICON,15.54,15.54
NAUKRI,112.04,104.42
TORNTPOWER,40.46,40.46
DONEAR,19.46,19.46
VENUSREM,17.61,17.61
PARACABLES,25.85,25.85
SARLAPOLY,24.03,24.03
GANDHITUBE,18.56,18.56
UNOMINDA,83.81,85.92
ORIENTBELL,6563.21,6563.21
TTL,52.92,52.92
ASTRAL,108.87,108.87
BALAMINES,33.44,33.44
AROGRANITE,40.86,40.86
NDLVENTURE,205.28,205.28
SRHHYPOLTD,11.94,10.84
KMSUGAR,15.3,15.3
V2RETAIL,85.25,85.25
ISMTLTD,21.76,20.3
NAGREEKCAP,.84,.85
CENTUM,,372.63
MANGCHEFER,10.3,10.3
BAJAJELEC,89.95,89.95
BVCL,18.09,18.09
EDELWEISS,12.42,12.42
RGL,13.66,13.66
COLPAL,58.68,58.06
ECLERX,22.75,22.7
BRIGADE,77.26,77.26
MANAKSIA,8.29,6.28
DVL,28.05,28.05
ARIES,19.59,19.59
CORDSCABLE,31.73,31.73
ONMOBILE,50.98,50.98
SEPC,130.5,130.5
GSS,34.28,34.28
VGUARD,69.58,69.58
NESCO,19.11,19.11
TITAGARH,69.71,69.31
BAJAJFINSV,16.25,16.25
DIGISPICE,16.59,38.11
RBL,18.35,17.94
LOTUSEYE,44.32,44.74
UBL,134.53,134.53
ZFCVINDIA,74.48,74.48
JOCIL,98.16,98.16
ALKALI,107.37,89.44
TPHQ,21.16,21.16
HINDNATGLS,1.08,.66
MHRIL,82.22,82.22
GLOBUSSPR,23.98,23.98
EXPLEOSOL,21.74,21.74
RTNPOWER,1.1,
REFEX,19.91,19.89
JSWENERGY,72.35,72.35
HINDCOPPER,109.17,109.17
NESTLEIND,98.03,98.4
UNITEDTEA,12.47,12.47
VASCONEQ,31.76,31.76
TEXMOPIPES,50.42,16.59
KIRLOSBROS,49.14,49.82
TI,38.08,37.29
IITL,5.56,7.8
WELINV,98.05,98.05
DEEPAKNTR,43.82,47.36
ASHOKA,11.94,13.78
JWL,85.51,85.51
SHAH,40.6,40.6
CGCL,49.33,49.33
JINDWORLD,95.45,95.45
A2ZINFRA,13.92,
SUMMITSEC,22.19,22.19
JUBLINDS,80.82,37.69
PFS,19.16,19.16
RELAXO,103.91,103.91
DHANUKA,32.13,32.13
INVENTURE,19.65,16.28
GUJGASLTD,36.7,38.17
INDIGO,19.97,19.97
BALAXI,,17.77
UMANGDAIRY,156.55,156.55
PILANIINVS,28.86,28.86
ALKEM,34.05,32.34
PRECAM,47.4,73.48
HITECH,47.35,47.35
BHAGERIA,40.48,40.48
KDDL,24.93,24.99
HCG,131.87,141.75
BHARATWIRE,19.3,19.3
CROMPTON,62.44,62.44
SHRIPISTON,19.49,19.49
ASPINWALL,21.24,21.24
MAHASTEEL,36.74,45.16
CLEDUCATE,27.98,29.88
DEVIT,27.26,27.26
PANACHE,,36.46
SCHAND,15.69,15.69
GLOBE,17.44,17.44
CDSL,50.67,50.67
DYNPRO,94.66,94.66
THEINVEST,50.17,50.17
SMSLIFE,38.94,38.94
GEEKAYWIRE,12.02,12.02
CHOLAHLDNG,6.29,6.29
DPWIRES,28.21,28.21
GATECHDVR,15.85,15.85
GODREJAGRO,39.34,39.34
TIINDIA,68.78,68.79
SECURCRED,10.68,10.68
SILVERTUC,61.55,61.55
SHRADHA,11.7,11.7
TOUCHWOOD,49.02,49.04
SILLYMONKS,151.66,151.66
AMBER,94.98,94.98
SARVESHWAR,50.47,50.47
BDL,93.9,93.9
MITTAL,29.85,92.33
ISEC,14.17,14.17
AVG,21.6,35.86
BSHSL,93.51,93.51
SOFTTECH,136.96,136.96
E2E,120.86,120.86
ADANIGREEN,294.69,236.31
OAL,145.21,145.21
SATIA,5.97,5.97
AFFLE,58.53,58.53
SPANDANA,11,11
UJJIVANSFB,7.35,7.35
SAFARI,57.12,57.12
360ONE,37.79,37.79
VISHWARAJ,25.6,25.6
GREENPANEL,27.35,27.35
APOLLOPIPE,62.99,62.99
ROUTE,24.5,25.41
SIGMA,21.1,21.1
EQUITASBNK,15.25,15.25
HINDWAREAP,80.02,80.02
ARTEMISMED,50.58,50.58
ASALCBR,25,25
UNIVPHOTO,13.36,13.36
SUVENPHAR,61.39,61.39
KSOLVES,40.53,40.53
HAPPSTMNDS,54.09,56.34
BOROLTD,54.37,54.37
PAVNAIND,53.71,53.71
SHAREINDIA,14.01,13.99
ADL,1790.41,1790.41
ROML,46.6,46.6
RAILTEL,56.63,58.86
HERANBA,44.97,44.97
FAIRCHEMOR,45.02,45.02
ISGEC,36,36
PAKKA,23.13,23.13
SHAILY,61.73,61.73
FIBERWEB,15.94,15.94
SBCL,37.78,37.78
IPL,46.08,46.08
LODHA,100.54,94.69
UTKARSHBNK,11.57,11.57
CRAFTSMAN,30.43,30.43
JUBLINGREA,47.55,47.55
GLS,21.85,21.85
DEEPINDS,15.14,15.3
PIXTRANS,21.39,21.39
CARTRADE,54.33,54.33
DEVYANI,,535.69
ANMOL,9.91,9.91
AMIORG,121.71,54.95
BAJAJHCARE,,29.08
GRINFRA,12.8,15.94
STEELCAS,17.4,17.4
KPIGREEN,66.34,66.24
ANANDRATHI,74.18,74.18
GATEWAY,20.64,20.64
JTLIND,34.6,34.6
VENUSPIPES,48.41,48.41
ROTO,39.76,39.76
LANDMARK,52.42,50.76
ETHOSLTD,112.88,112.88
HARSHA,47.79,47.79
GMRP&UI,130.64,
ACI,26.85,26.85
SADHNANIQ,435.84,435.84
CHEVIOT,13.21,13.21
KFINTECH,46.95,46.95
AKSHAR,22.49,22.49
NGLFINE,35.27,35.27
TRU,54.69,54.69
TIPSFILMS,244.23,244.23
CSLFINANCE,16.71,16.71
DBOL,22.31,22.31
SPORTKING,14.64,14.64
SYNCOMF,46.34,46.31
KRITINUT,12.51,12.51
AVALON,122.97,122.97
SUKHJITS,14.7,14.7
SKYGOLD,45.34,45.34
DIVGIITTS,49.92,49.92
IKIO,38.45,38.45
RHL,70.83,70.83
NINSYS,58.45,58.45
ASMS,391.02,254.98
CYIENTDLM,96.63,96.63
ATAM,40.62,40.62
LAL,46.47,46.47
ASHOKAMET,10.61,10.61
PTCIL,465.33,465.33
KIRLPNU,62.8,60.07
NIITMTS,28.7,28.19
TREL,4.42,41.69
NOCIL,38.7,38.7
DRREDDY,17.91,17.91
DEEPAKFERT,20.1,20.1
MAHSEAMLES,9.51,9.48
COROMANDEL,29.04,29.04
VINDHYATEL,24.95,24.95
ASIANPAINT,51.55,51.55
PGHL,38.76,38.76
BEML,65.77,65.77
TATACHEM,77.16,23.43
VTL,23.27,23.27
EPL,29.6,27.98
VIPIND,123.42,195.5
BIRLACABLE,34.08,34.08
HONAUT,97.73,97.73
RANEHOLDIN,19.64,9.19
IVP,16.76,16.76
INDBANK,27.99,27.99
EICHERMOT,37.61,37.61
NEULANDLAB,28.01,28.01
ZENSARTECH,24.57,24.57
BERGEPAINT,52.44,52.63
KPIL,36.38,36.38
IGARASHI,172.86,172.86
BLUEDART,60.88,60.88
MUNJALSHOW,20.92,19.67
HSCL,48.2,48.2
RANASUG,14.56,14.56
ARENTERP,18.15,18.15
UFLEX,,13.29
ADVANIHOTR,26.59,26.59
SUBROS,45.14,45.14
UNIVCABLES,67.82,67.82
MURUDCERA,57.76,57.76
LIBERTSHOE,57.64,43.87
PIDILITIND,90.96,88.43
SAIL,24.21,19.16
STYRENIX,21.19,21.19
BBL,41.34,41.34
DABUR,58.77,58.77
JAYSREETEA,26.1,
ESABINDIA,58.24,58.24
ANDHRAPAP,6.62,6.62
PRAKASH,9.96,9.96
GODFRYPHLP,30.74,30.74
SUDARSCHEM,16.96,54.08
HINDALCO,14.97,15
AMBUJACEM,34.43,36.07
CGPOWER,119.22,122.14
BEL,57.82,57.82
REMSONSIND,53.24,52.21
TTKPRESTIG,47.41,47.41
BIOFILCHEM,155.28,155.28
SANGAMIND,50.68,44.26
HITECHGEAR,16.03,44.63
PUNJABCHEM,31.35,31.35
MMFL,21.85,22.01
GUJRAFFIA,47.9,47.9
BANKBARODA,8.01,8.01
KCPSUGIND,8.1,9.1
KRBL,11.65,11.65
AXISCADES,73.11,73.11
HIKAL,55.3,55.3
LUPIN,36.64,36.64
BHARTIARTL,134.39,85.87
BODALCHEM,158.05,158.05
FILATEX,22.06,22.06
TRITURBINE,69.76,69.76
JISLDVREQS,.92,.92
RUPA,32.22,30.99
APLAPOLLO,59.86,59.86
IRFC,35.03,35.03
COMPUSOFT,40.87,40.87
RHIM,,52.47
NBCC,70.98,53.76
HEXATRADEX,9.75,9.75
SWANENERGY,34.8,34.8
RTNINDIA,26.65,23.87
PROZONER,209.62,209.62
KITEX,25.51,25.51
TVSHLTD,12.65,12.63
VETO,12.99,12.99
INDUSTOWER,15.01,15.01
IBULHSGFIN,7.28,7.28
NATHBIOGEN,9.53,10.23
CASTROLIND,23.74,23.74
AGARIND,15.79,15.79
GOCLCORP,46.18,48.28
INTELLECT,44.49,44.27
APOLSINHOT,35.93,35.93
MOLDTKPAC,39.09,39.09
GANECOS,81.02,81.02
IMAGICAA,7.89,134.18
VRLLOG,55.45,55.71
TPLPLASTEH,34.64,34.64
ALANKIT,24.88,24.88
SHYAMCENT,515.1,515.1
AYMSYNTEX,235.37,54.78
MUTHOOTCAP,4.23,100.27
NAVKARCORP,275.13,275.13
COFFEEDAY,,6.97
TTKHLTCARE,33.02,33.02
NH,31.91,31.91
TEAMLEASE,42.02,43.28
NECCLTD,32.17,32.17
GOKULAGRO,17.5,17.5
PDMJEPAPER,9.9,9.9
HECPROJECT,23.35,23.35
WEALTH,19.65,19.65
THYROCARE,49.86,49.75
UNITEDPOLY,30.24,30.24
ALBERTDAVD,9.92,9.92
CONTROLPR,23.76,23.79
INCREDIBLE,35.37,35.37
MGL,11.66,11.66
POKARNA,25.84,25.84
GPTINFRA,26.59,26.59
SOMICONVEY,44.46,44.46
LLOYDSENGG,100.09,100.09
LTIM,32.64,32.64
ADVENZYMES,31.93,29.74
NDGL,10.7,10.7
BIGBLOC,54.25,54.25
MBAPL,87.75,87.75
CUPID,34.93,34.93
CROWN,58.97,58.97
MARATHON,22.76,22.76
MASKINVEST,1198.8,1198.8
SAKAR,58.84,58.84
PANSARI,35.21,35.21
ARTNIRMAN,143.84,143.84
MAZDA,17.91,17.91
KINGFA,21.12,21.12
JETFREIGHT,309.59,
LAURUSLABS,138.69,138.69
ITDC,93.83,93.74
LIBAS,9.09,9.09
SPCENET,174.64,174.64
MAHESHWARI,14.42,14.42
BSE,51.06,104.76
MCL,81.61,81.61
STEELCITY,12.84,12.84
KRISHANA,45.83,45.83
SANGINITA,62.72,62.72
AKASH,305.32,305.32
DMART,124.77,124.77
INTENTECH,21.26,21.26
AIRAN,28.99,28.99
ARIHANTSUP,20.74,20.74
LAXMICOT,,99.43
EIFFL,152.39,152.39
CREATIVE,22.17,22.17
FOCUS,26.3,26.3
SIKKO,41.8,41.8
INFOBEAN,50.42,50.42
BHAGYANGR,7.68,7.68
ERIS,35.36,35.36
ACEINTEG,57.12,57.12
STEELXIND,135.9,135.9
TOTAL,151.43,151.43
VAISHALI,223.43,223.43
SERVOTECH,162.41,162.41
APEX,50.23,50.23
CAPACITE,22.72,22.72
WORTH,11.81,11.81
AARVI,18.08,18.08
AIROLAM,27.79,27.79
RKEC,13.02,13.02
JASH,44.04,44.04
TIRUPATIFL,39.62,39.62
DPABHUSHAN,44.32,44.32
NAM-INDIA,37.26,37.26
KHADIM,99.93,99.93
VERTOZ,165.72,165.72
ICEMAKE,52.31,52.31
ONEPOINT,56.23,56.23
AJOONI,40.17,40.17
BCONCEPTS,64.4,64.4
NEWGEN,53,53
SINTERCOM,323.28,323.28
SOUTHWEST,44.27,46.99
ARVEE,252.37,252.37
ASTERDM,63.24,
HINDCON,45.44,45.44
UNIINFO,76.22,76.22
MACPOWER,60.05,60.05
HAL,46.57,46.57
URAVI,301.51,301.51
KAPSTON,32.12,32.12
MIDHANI,95.45,95.45
MMP,29.04,29.04
AAKASH,19.7,19.7
GODHA,115.23,115.23
ORIENTELEC,70.97,88.24
SIRCA,34.36,34.36
SVLL,85.98,85.98
SONAMLTD,28.23,28.23
PRITI,20.22,20.22
ACCURACY,340.83,340.83
RITES,34.22,34.22
GANGAFORGE,197.13,201.42
REPL,22.85,22.85
AVROIND,29.71,29.71
TEMBO,21.33,21.81
CREDITACC,16.33,16.33
AARON,43.26,43.26
SUMIT,23.8,23.8
LAGNAM,17.53,17.53
RPPL,30.95,30.95
AKG,49.17,49.17
IRCON,28.43,28.43
AHLADA,11.46,11.46
RAJMET,19.5,19.5
KSHITIJPOL,37.98,
GRSE,56.47,56.47
KRITIKA,51.93,51.93
SILGO,19.65,19.65
VINNY,28.75,28.75
BBTCL,29.62,29.62
MARINE,79.22,79.62
IRISDOREME,50.23,50.23
ATGL,156.73,156.73
TECHNOE,57.01,57.01
UNIPARTS,19.41,19.41
SHRIRAMPPS,5.22,5.22
TREJHARA,15.14,54.46
AWHCL,13.65,13.65
RPSGVENT,11.55,11.55
CHALET,64.54,64.54
MSTCLTD,29.56,29.56
OSIAHYPER,15.36,15.36
ARVINDFASN,63.71,61.06
PAR,19.17,19.17
RVNL,54.95,54.95
POLYCAB,58,58
METROPOLIS,77.62,77.62
KPITTECH,71.05,71.05
NEOGEN,123.13,123.13
VIKASLIFE,65.55,37.91
EMAMIPAP,8.76,8.76
CONFIPET,25.27,25.27
PPL,11.96,11.96
INDIAMART,41.89,41.72
WEL,121.19,121.19
CHEMCON,50.62,50.62
WESTLIFE,184.39,184.39
HNDFDS,61.57,61.57
MAZDOCK,44.4,44.4
IRCTC,73.13,70.41
DCI,26.79,26.79
IIFLSEC,13.19,13.19
HPIL,130.48,130.48
FLUOROCHEM,85.74,85.74
KUANTUM,7.61,7.61
CHEMBOND,19.28,19.28
MGEL,16.82,16.82
SBICARD,28.93,28.93
HOMEFIRST,30.32,30.32
CSBBANK,10.8,10.8
EASEMYTRIP,73.46,44.43
ROSSARI,34.37,34.37
PRINCEPIPE,41.13,44.67
LIKHITHA,26.11,26.11
PATANJALI,69.48,69.48
SUMICHEM,67.01,67.01
MAHEPC,267.85,208.05
POWERINDIA,283.96,283.96
STOVEKRAFT,55.61,55.61
RAJRATAN,40.73,40.73
AARTISURF,28.41,28.41
GLAND,39.05,39.05
NDRAUTO,30.08,30.08
MAXHEALTH,85.9,85.9
AAATECH,44.77,44.77
KALYANKJIL,74.53,74.53
BTML,50.47,50.46
UNIDT,46.92,46.92
SIGACHI,36.22,36.22
ANGELONE,20.65,20.65
NIRAJ,19.81,13.38
CAMS,49.28,49.28
SURYODAY,10.12,10.12
UTIAMC,16.26,16.26
BECTORFOOD,62.83,62.83
ORCHPHARMA,63.84,63.84
INDIGOPNTS,43.71,43.71
LXCHEM,60.32,60.32
MTARTECH,102.99,102.99
ANURAS,51.27,51.27
KANPRPLA,287.11,287.11
STYLAMIND,22.06,21.91
CLSEL,9.37,9.37
CARYSIL,39.08,39.08
MODISONLTD,18.41,23.13
BCLIND,15.85,15.78
BHAGCHEM,183.11,183.11
SMCGLOBAL,9.5,9.5
ARIHANTCAP,11.33,11.33
NAZARA,73.62,72.95
GENCON,22.56,22.56
HLEGLAS,72.92,68.07
SONACOMS,72.23,71.32
DRCSYSTEMS,34.8,34.8
PARAS,184.76,184.76
DODLA,36.78,36.78
EXXARO,185.6,185.6
ROLEXRINGS,39.09,35.44
SHYAMMETL,17.83,17.83
KIMS,49.26,49.25
TATVA,85.56,85.56
CLEAN,62.86,62.86
ABSLAMC,24.34,24.34
ZOMATO,495.54,495.54
WINDLAS,25.74,25.74
KRSNAA,36.59,36.59
APTUS,28.24,28.24
SUPRIYA,26.72,26.72
VIJAYA,66.14,65.32
VINEETLAB,53.44,53.44
SANSERA,36.3,36.3
PRITIKAUTO,28.45,28.45
AAREYDRUGS,24.66,24.66
INTLCONV,8.48,8.48
HPAL,43.27,43.62
UGROCAP,21.44,21.44
YUKEN,87.45,87.45
SGIL,40.31,40.31
SJS,28.66,28.66
FINOPB,33.33,33.33
POLICYBZR,930.25,930.25
NYKAA,1133.57,1133.57
AWL,259.06,207.11
MONARCH,14.55,14.54
SAPPHIRE,193.36,193.36
PRUDENT,54.72,54.72
EPIGRAL,29.89,29.89
NUVOCO,85.34,85.34
GOCOLORS,70.23,70.23
TRACXN,153.62,153.62
CMSINFO,21.58,21.58
FUSION,9.48,9.48
COASTCORP,69.64,69.64
TARSONS,63.36,63.36
MEDPLUS,161.83,161.83
TEGA,56.94,56.94
RATEGAIN,62.92,62.92
MANORG,76.13,76.13
LATENTVIEW,65.19,65.19
METROBRAND,85.12,85.12
MICEL,21.81,24.37
PASUPTAC,26.19,26.19
FOODSIN,23.84,23.81
PARADEEP,75.84,75.84
MAPMYINDIA,95.87,95.87
TMB,7.19,7.19
KRITI,44.17,44.17
MANYAVAR,67.68,67.68
GANESHBE,18.44,18.41
GVPTECH,76.8,76.8
DMCC,70.08,70.08
MEDICAMEQ,64.96,64.96
EMIL,49.67,49.67
SHIVALIK,51.89,51.89
UMAEXPORTS,28.87,28.05
DATAPATTNS,90.68,90.68
MEDANTA,74.14,74.14
AHL,27.25,27.25
MALLCOM,17.51,17.51
ASIANENE,46.6,43.48
SMLT,19.47,19.47
NRL,71.65,71.65
RADIANTCMS,19.59,19.59
CHOICEIN,57.45,57.45
HARIOMPIPE,29.03,29.03
GRWRHITECH,23.29,23.29
DCMSRIND,17.28,17.28
RAJRILTD,292.54,292.54
EMUDHRA,94.82,94.82
DYCL,34.53,34.53
FIVESTAR,28.74,28.74
STARTECK,19.92,19.92
VIRINCHI,25.25,25.25
SBC,72.94,72.94
ELDEHSG,30.49,30.49
ELIN,66.97,66.97
SEJALLTD,101.46,101.46
MHLXMIRU,21.02,21.02
RELCHEMQ,52.67,52.67
SYRMA,68.56,68.04
ZIMLAB,30.18,30.18
CAMPUS,97.49,97.49
RAINBOW,60.18,60.18
AETHER,139.48,74.12
MEGASTAR,44.45,44.45
INDOBORAX,14.67,14.67
RACE,377.91,377.91
AVONMORE,26.57,26.57
DREAMFOLKS,37.26,37.26
MSUMI,52.52,52.52
DHARMAJ,22.91,22.91
OBCL,29.73,29.73
INDOAMIN,21.39,21.39
INOXGREEN,163.27,163.27
BIKAJI,68.48,68.48
RITCO,20.16,20.16
HARDWYN,109.03,109.03
HMAAGRO,27.44,27.44
MEDICO,39.42,39.42
YATHARTH,31.43,31.43
DCXINDIA,52.16,52.16
KAYNES,132.08,132.08
AXITA,28.29,28.29
SENCO,44.93,44.93
RADHIKAJWE,14.3,14.3
SPLPETRO,43.19,43.19
RAMRAT,31.11,31.11
RUSTOMJEE,107.35,107.35
GENSOL,75.57,75.44
GSLSU,48.63,48.63
MANORAMA,106.39,106.39
GRMOVER,18.11,18.11
SULA,45.98,45.98
BAIDFIN,18.34,18.34
KAMOPAINTS,90.96,90.96
SCPL,28.98,28.98
MANKIND,45.67,45.67
SATINDLTD,3.89,3.89
USK,12.23,12.23
MANOMAY,25.56,25.56
FAZE3Q,21.9,21.9
LLOYDSME,29.89,29.89
AARTIPHARM,26.3,26.3
SAHYADRI,17.25,17.25
SBGLP,79.67,79.67
HYBRIDFIN,17.91,17.39
SAH,256.37,256.37
AKI,171.15,171.15
IDEAFORGE,76.17,76.17
POCL,27.12,27.12
REDTAPE,84.04,84.04
NETWEB,190.76,190.76
GHCLTEXTIL,33.12,33.12
ATL,41.3,41.3
SINDHUTRAD,48.33,48.32
LTFOODS,17.07,17.07
JINDRILL,16.06,16.06
HBLPOWER,53.76,50.01
LUMAXTECH,21.91,21.91
PITTIENG,36.22,36.22
CTE,32.93,32.93
REDINGTON,13.66,13.66
INDIANB,9.03,9.03
THEMISMED,82.46,82.46
PHOENIXLTD,49.47,49.47
ZENITHSTL,17.16,17.16
FORTIS,57.92,59.06
INSECTICID,20.84,20.84
TIMETECHNO,21.35,21.35
NELCAST,23.12,31.77
ADSL,19.43,19.43
CIEINDIA,26.69,26.69
MOTILALOFS,16.82,16.82
KSCL,17.41,17.41
POWERGRID,19.36,19.36
RELIGARE,22.17,46.6
GKWLIMITED,108.84,108.84
OIL,11.39,11.44
DEN,12.81,12.81
DBCORP,12.97,12.97
WHIRLPOOL,102.98,97.02
EMMBI,19.64,19.64
UMESLTD,92.38,92.38
BAJAJCON,24.15,24.15
ADFFOODS,33.72,33.72
SASTASUNDR,12.16,12.16
WABAG,29.49,28.66
PRESTIGE,49.91,49.91
IOLCP,18.37,18.37
JAMNAAUTO,24.82,24.82
STEL,59.47,59.47
HFCL,53.37,53.37
PIIND,34.27,34.27
OMINFRAL,39.53,39.53
MAITHANALL,10.47,10.47
LTF,19.73,19.73
PILITA,61.55,61.55
MITCON,40.21,40.21
AGRITECH,12.53,12.53
WONDERLA,32.64,32.64
SNOWMAN,100.4,100.4
PDSL,35.94,36.69
GOODLUCK,22.22,22.22
GREENLAM,56.9,56.9
LINC,25.47,25.47
ZENTEC,77.34,78.48
AVANTIFEED,21.92,21.92
PRIVISCL,55.1,55.1
PNCINFRA,13.1,13.1
ADANIENSOL,94.84,85.14
RAMASTEEL,59.15,59.15
ARVSMART,61.22,61.22
THERMAX,95.1,105.12
RAYMOND,24.65,23.47
SHREDIGCEM,18.6,18.6
SMLISUZU,27.61,27.61
SUNDRMFAST,51.97,51.97
CRISIL,46.73,46.73
PEL,,34.75
MASTEK,26.6,26.4
TRENT,140.14,227.39
KCP,11.23,11.2
JBCHEPHARM,50.74,50.74
INDIAGLYCO,18.15,18.15
IONEXCHANG,38.94,38.94
HIMATSEIDE,12.16,12.16
GFLLIMITED,287,287
BHARATFORG,92.18,91.47
ATUL,60.93,60.93
TATAMOTORS,10.45,10.21
MRPL,10.4,10.38
ESCORTS,44.82,44.82
BAJAJHLDNG,65.1,65.1
ZUARIIND,1.57,
VOLTAS,126.98,126.98
TATASTEEL,,68.89
VEDL,23.19,34.75
RELIANCE,25.36,25.36
BATAINDIA,71.84,65.66
CARBORUNIV,76.97,76.97
DICIND,,116.84
RAMCOCEM,52.11,52.11
CENTURYTEX,114.19,43.13
TORNTPHARM,58.41,61.11
FEDERALBNK,11.15,11.15
SRF,55.47,55.47
AEGISLOG,42.74,42.74
WEIZMANIND,20.32,20.32
BBOX,31.82,25.44
JTEKTINDIA,45.82,48.36
SHREYANIND,4.53,4.53
HCC,16.87,
ARE&M,28.4,28.4
ADANIENT,109.94,102.48
GET&D,199.89,199.89
BANARISUG,26.45,26.45
JYOTISTRUC,87.42,87.42
SOTL,18.51,18.51
KARURVYSYA,10.65,10.65
WSI,15.55,15.37
THOMASCOOK,41.08,41.08
SIEMENS,114.72,114.72
VSTIND,20.84,20.84
JUBLPHARMA,108.93,74.84
SOMANYCERA,30.24,30.17
HLVLTD,73.99,73.99
M&M,32.03,32.03
KABRAEXTRU,45.78,45.78
PCBL,20,20
OSWALAGRO,365.82,362.21
RUBYMILLS,16.83,16.83
ABB,123.72,123.72
CANFINHOME,15.3,15.3
DCMSHRIRAM,36.32,36.32
COSMOFIRST,33.13,33.13
HDFCBANK,19.52,19.4
GMBREW,9.58,9.58
ITC,25.5,25.49
IOC,5.73,5.73
OSWALGREEN,157.18,157.18
HUHTAMAKI,6.52,25.48
RICOAUTO,49.88,47.67
MANINDS,24.66,24.66
SIYSIL,12.22,12.22
ONWARDTEC,27.02,27.02
NCC,27.87,27.11
ELGIEQUIP,76.86,76.86
BBTC,5.88,5.68
BEPL,24.41,24.41
BANARBEADS,23.16,23.16
GHCL,6.76,8.87
PRUDMOULI,12.76,11.87
EVERESTIND,97.5,143.93
TFCILTD,17.7,17.7
AGI,18.33,18.33
TATACONSUM,80.8,69.7
ZEEL,75.13,265.54
INDHOTEL,75.63,75.63
ORIENTHOT,50.83,50.83
3MINDIA,71.51,71.51
SCHAEFFLER,81.17,80.87
MFSL,86.8,86.8
SURYAROSNI,20.62,20.62
SAKHTISUG,4.08,
HINDZINC,35.26,35.26
GRASIM,16.73,16.07
EIDPARRY,8.66,8.66
HEUBACHIND,26.33,26.33
CESC,13.75,16.75
BAJFINANCE,30.89,30.89
NAVA,8.33,9.09
CORALFINAC,9.03,9.03
AUTOAXLES,18.89,18.89
NATCOPHARM,15.15,15.15
ANDHRSUGAR,30.83,29.5
STARPAPER,6.35,6.21
AUSOMENT,15.65,15.65
JAYAGROGN,18.46,18.46
SAMBHAAV,64.16,84.93
MOTHERSON,45.17,43.82
SOMATEX,5.39,
STERTOOLS,24.55,24.68
DENORA,46.79,46.79
SHRIRAMFIN,14.27,14.27
MIRZAINT,51.51,51.51
GANESHHOUC,17.66,17.66
ALKYLAMINE,72.24,72.24
RUCHINFRA,19.95,44.65
HERITGFOOD,47.26,47.26
INDNIPPON,31.49,31.49
HUDCO,26.7,26.7
FDC,24.47,24.47
ADROITINFO,13.08,13.08
INDUSINDBK,13.25,13.25
TRIGYN,19.79,19.79
CUB,12.12,12.12
AXISBANK,14.49,14.49
SONATSOFTW,54.78,4.69
CYBERTECH,21.47,21.47
DHANBANK,19.64,19.64
STCINDIA,17.97,19.31
IVC,34.39,34.39
ALEMBICLTD,28.42,28.42
BSOFT,30.45,30.45
ZYDUSLIFE,28.59,28.53
RAJESHEXPO,25.5,25.5
IOB,47.47,47.47
BLBLIMITED,36.94,36.94
BLUESTARCO,82.9,82.9
PNBGILTS,29.35,31.88
TAJGVK,29.74,29.74
USHAMART,29.06,29.06
MRO-TEK,44.48,44.48
TRIDENT,57.2,57.21
ACLGATI,233.31,
SMARTLINK,43.22,43.22
JISLJALEQS,60.53,60.53
UNITDSPR,65.37,64.89
MPSLTD,29.05,29.05
PNB,16.99,16.99
TIMESGTY,57.71,57.71
CANBK,6.89,6.89
DIVISLAB,74.73,74.73
MARUTI,28.95,28.95
BAGFILMS,22.66,22.66
WELSPUNLIV,21.13,21.13
TVSELECT,2307.8,2307.8
UNIENTER,29.72,29.72
PTC,11.42,11.17
MAHABANK,11.57,11.57
RKFORGE,46.17,46.15
EXCELINDUS,89.72,89.72
CENTEXT,23.89,24.27
TEXINFRA,412.23,412.23
INDSWFTLTD,8.06,8.06
PATELENG,19.7,26.07
JSWSTEEL,24.86,26.22
EVEREADY,60.92,60.92
IIFL,10.22,10.22
WELCORP,15.77,15.77
JKPAPER,7.81,7.81
GRANULES,28.24,28.24
GEOJITFSL,18.04,18.04
SPLIL,15.16,15.16
IDFC,611.2,611.2
IMPAL,18.52,18.52
UFO,38.44,34.81
ARROWGREEN,29.3,29.3
SKIPPER,50.47,50.47
SYNGENE,56.28,55.31
SATIN,6.21,6.21
POWERMECH,31.91,31.91
SHREEPUSHK,19.08,19.08
IDFCFIRSTB,20.17,20.17
SHK,23.23,23.23
LUXIND,36.17,36.17
SALZERELEC,33.34,33.34
LINCOLN,12.96,12.96
LALPATHLAB,62.19,62.19
OCCL,15.82,15.82
QUICKHEAL,120.03,120.03
VIDHIING,62.46,62.46
KELLTONTEC,16.79,16.79
INFIBEAM,55.49,55.49
SAGARDEEP,64.27,64.27
PARAGMILK,23.99,23.99
BLS,46.37,46.37
SALONA,26.33,26.33
DAMODARIND,20.86,20.86
MOLDTECH,26.99,26.99
QUESS,31.91,29.24
MINDTECK,27.75,27.75
DBL,39.93,436.61
SPAL,19.31,19.31
RBLBANK,12.85,12.85
LTTS,39.47,39.47
GNA,17.24,17.24
HPL,70.24,70.24
ENDURANCE,55.78,55.78
PNBHOUSING,13.64,13.64
VBL,94.81,94.81
PODDARMENT,16.91,16.91
NBIFIN,57.14,57.14
SFL,48.02,59.33
TCIEXP,33.65,33.65
TERASOFT,34.37,30.17
HISARMETAL,16.85,16.85
CAPTRUST,88.33,88.33
SUZLON,104.1,96.28
TRIVENI,23.12,23.12
NAHARINDUS,59.92,49.57
VIMTALABS,26.96,26.96
CELEBRITY,59.07,60.41
ROHLTD,21.37,21.37
GSPL,7.97,8.13
JAGRAN,12.18,12.18
SAKUMA,28.57,28.57
JKCEMENT,41.98,41.86
INDOTECH,36.98,36.98
M&MFIN,20.11,20.11
CENTURYPLY,49.27,49.27
KEI,68.7,68.69
VAKRANGEE,580.83,631.86
GALLANTT,37.71,37.71
UTTAMSUGAR,10.37,10.37
SUNTV,15.86,15.86
RSYSTEMS,43.18,43.18
LOKESHMACH,61.17,61.17
BALPHARMA,25,25
KAMDHENU,29.07,29.07
PIONEEREMB,41.2,41.2
JKLAKSHMI,20.39,20.65
MUNJALAU,23.73,16.45
TECHM,57.02,57.1
GRINDWELL,79.31,79.25
VOLTAMP,53.47,53.47
SELAN,33.45,33.45
ACE,55.12,55.12
HOVS,31.33,31.33
TALBROAUTO,21.34,30.87
GEECEE,20.88,20.88
JMFINANCIL,303.17,8.32
DCBBANK,8.38,8.38
GESHIP,6.44,6.44
MANALIPETC,86,75.71
RUCHIRA,8.4,8.4
HIRECT,94.84,67.76
NFL,114.35,114.35
TANLA,23.19,23.19
AVTNPL,24.77,24.77
TIDEWATER,25.43,25.43
PTL,25.01,25.01
AUTOIND,28.99,29.07
PGIL,16.19,16.14
FSL,27.33,27.33
SMSPHARMA,41.46,41.46
LAOPALA,29,29
JKTYRE,12.66,12.37
NCLIND,11.57,11.57
ICRA,37.52,37.52
BFUTILITIE,14.67,14.67
ALPHAGEO,249.73,36.7
HILTON,34.27,34.27
NAVINFLUOR,69.08,83.37
NAGREEKEXP,16.68,16.68
HGS,30.4,30.4
DLF,132.77,132.77
MEGASOFT,64.91,64.91
ALPA,10.58,10.61
CENTRALBK,22.02,22.02
KPRMILL,37.81,37.81
PURVA,201.39,201.39
INDOWIND,38.54,33.68
MAGNUM,14.88,20.55
MAANALU,24.78,24.78
DELTACORP,16.11,19.16
CERA,44.71,44.48
ADANIPORTS,38.4,36.94
KAUSHALYA,2.18,2.18
JYOTHYLAB,43.74,43.74
KALYANIFRG,52.5,52.5
HITECHCORP,16.7,16.7
TRIL,247.55,247.55
PATINTLOG,27.56,27.56
AMBIKCO,14.53,14.53
CEATLTD,16.35,15.21
BIRLAMONEY,18.56,18.56
JKIL,20.19,20.19
KNRCON,13.78,13.78
HERCULES,51.29,51.29
IRB,43.06,43.06
NMDC,14.37,13.85
NAHARCAP,12.96,12.96
RECLTD,9.43,9.43
DPSCLTD,108.28,108.28
BAJAJ-AUTO,36.14,36.14
RPGLIFE,29.34,29.34
ALMONDZ,14.7,38.6
RANEENGINE,26.36,19.7
VINYLINDIA,35.47,35.47
20MICRONS,11.83,11.59
TATAMTRDVR,1.07,1.05
COUNCODOS,26.79,26.79
MAWANASUG,13.69,13.69
AJMERA,23.91,23.91
VINATIORGA,57.48,57.48
NHPC,25.04,25.04
SUNTECK,124.44,124.44
ZYDUSWELL,45.01,42.73
SARDAEN,15.92,15.86
AHLUCONT,21.8,35.01
GODREJPROP,116.38,116.38
MMTC,182.54,258.95
THANGAMAYL,31.95,31.95
DBREALTY,8.05,8.57
MANINFRA,26.16,26.16
LGBBROSLTD,14.47,14.75
ISFT,20.67,20.67
SJVN,57.3,61.63
MANAPPURAM,7.43,7.43
HMVL,82.55,82.55
BLISSGVS,13.23,6.23
AHLEAST,7.83,10.24
SURANAT&P,37.02,37.02
UNIONBANK,8.12,8.12
GENESYS,109.82,109.82
UCOBANK,41.51,41.51
NSIL,32.51,32.51
JAIBALAJI,17.4,17.4
DREDGECORP,93.09,91.14
UPL,,20.88
MUKANDLTD,24.65,24.65
VAIBHAVGBL,42.63,40.8
POONAWALLA,19.82,29.01
DATAMATICS,18.28,18.28
APARINDS,41.18,41.18
NIITLTD,35.46,35.24
COFORGE,42.43,42.89
GULFPETRO,12.38,12.38
KOTARISUG,17.89,17.89
SUPRAJIT,42.16,42.16
JINDALPHOT,45.41,45.41
ALLSEC,27.66,27.66
SSWL,5.2,14.97
63MOONS,8.18,8.18
GENUSPOWER,92.95,92.95
SASKEN,29.71,29.71
UGARSUGAR,45.72,45.72
GPPL,29.08,26.57
CAREERP,13.04,13.04
RAMKY,12.82,12.82
CANTABIL,32.94,33.59
OBEROIRLTY,35.83,35.83
COALINDIA,9.29,9.29
GRAVITA,39.22,39.22
RPPINFRA,8.28,8.28
MOIL,36.22,36.22
RKDL,,312.33
PSB,70.14,70.14
TEXRAIL,85.29,85.29
DHUNINV,10.77,10.77
VADILALIND,22.49,22.49
SYMPHONY,55.66,55.21
VSTTILLERS,29.31,29.31
ASHIANA,54.49,54.49
RUSHIL,20.75,20.75
ARMANFIN,14.6,14.6
PREMEXPLN,781.49,781.49
URJA,399.73,399.73
SHANKARA,20.75,20.75
WIPL,39.43,39.43
PSPPROJECT,21.17,21.17
AUBANK,32.28,31.01
MAGADSUGAR,9.87,9.87
OPTIEMUS,51.07,51.07
ABCAPITAL,20.17,20.17
DIAMONDYD,39.28,38.72
IEX,47.48,47.48
5PAISA,30.04,30.04
GALAXYSURF,31.8,31.8
GMMPFAUDLR,32.51,32.51
BANDHANBNK,22.23,22.23
SUNPHARMA,36.58,35.06
APOLLOHOSP,96.84,96.97
WIPRO,23.03,23.03
TATACOMM,55.98,61.67
SANOFI,29.03,28.1
KAJARIACER,49.51,49.49
PRSMJOHNSN,58.93,
EIHAHOTELS,34.72,34.72
GRAPHITE,14.27,626.01
DHAMPURSUG,11.76,11.76
KOTAKBANK,19.53,19.53
GOLDENTOBC,12.1,13.73
AARTIIND,62.02,62.02
KSB,79.91,79.91
HEG,38.93,38.93
TATAINVEST,105.51,105.51
IPCALAB,53.95,58.82
HINDUNILVR,56.7,56.72
DCW,115.31,108.73
BIRLACORPN,28.78,29.22
ASHAPURMIN,16.05,24.81
TNPL,9.34,9.34
KHAITANLTD,29.36,29.36
GARFIBRES,38.45,38.45
SKFINDIA,60.42,60.42
SILINV,20.35,20.35
ZENITHEXPO,739.2,739.2
VISAKAIND,1178.1,1178.1
CREST,19.63,19.63
TVSSRICHAK,30.49,29.07
GUJAPOLLO,26.85,26.85
KOTHARIPET,12.72,12.66
GAIL,16.72,17.32
CONCOR,54.2,54.2
CHENNPETRO,5.33,5.33
GAEL,19.04,19.04
TIPSINDLTD,45.5,45.5
MARKSANS,23.15,23.15
TCI,25.54,25.35
PONNIERODE,9.08,9.08
ASAHISONG,31.74,
BROOKS,153.8,153.8
TDPOWERSYS,51.29,51.29
APLLTD,26.94,26.94
PGEL,61.92,61.92
PANAMAPET,12.5,12.5
PAISALO,37.06,37.13
SHAKTIPUMP,44.47,44.47
INDOTHAI,18.89,18.89
DSSL,26.51,26.51
POLYMED,74.88,75.05
VIKASECO,101.53,101.53
KANANIIND,96.51,96.51
MINDACORP,50.75,50.75
DBSTOCKBRO,18.46,18.46
SCHNEIDER,128.27,125.83
NDL,16.69,16.69
TBZ,14.45,14.45
VSSL,26.77,26.77
SPECIALITY,29.23,29.23
MAYURUNIQ,23.51,23.51
ROSSELLIND,142.41,141.23
ZUARI,6.45,6.45
CARERATING,31.2,31.2
REPCOHOME,8.35,8.35
JUSTDIAL,23.91,23.91
ATULAUTO,218.91,218.91
ORIENTCEM,27.52,27.52
ORBTEXP,15.7,15.7
JPOLYINVST,24.9,24.9
BUTTERFLY,180.93,147.87
HATSUN,90.77,90.77
GULFOILLUB,15.95,15.95
SHARDACROP,127.75,127.75
CIGNITITEC,22.27,22.27
MONTECARLO,20.35,20.35
FCL,34.47,34.47
GULPOLY,71.77,71.77
LAMBODHARA,34.06,34.06
GENUSPAPER,158.09,158.09
VISHNU,27.54,27.54
MENONBE,9.62,9.62
JMA,9.55,9.55
MANAKALUCO,36.71,36.71
BYKE,68.92,68.92
VIPULLTD,2.24,2.22
BHANDARI,20.09,20.09
PRICOLLTD,42.49,42.49
JITFINFRA,25.1,30.38
RADIOCITY,81.97,81.97
TASTYBITE,67.65,67.65
NRAIL,6.2,6.2
DOLLAR,35.24,35.01
STARCEMENT,30.21,30.21
TEJASNET,384.89,384.89
GTPL,17.62,17.62
SALASAR,63.31,63.31
AVADHSUGAR,10.66,10.66
GANGESSECU,49.39,49.39
SIS,38.58,38.58
COCHINSHIP,74.95,74.95
DIXON,188.45,188.45
MATRIMONY,27.79,27.79
TCPLPACK,20.92,20.92
MASFIN,20.3,20.3
IFGLEXPOR,27.73,27.73
DNAMEDIA,.54,
SHALBY,36.16,36.16
APOLLO,111.07,111.07
HGINFRA,20.5,20.94
SUNDARMHLD,30.8,30.8
SANDHAR,30.26,31.01
LEMONTREE,64.34,64.34
CHEMFAB,34.11,34.11
INDOSTAR,28.03,28.03
FINEORG,35.58,35.54
VARROC,20.3,20.3
HBSL,2.1,2.1
HDFCAMC,42.79,42.79
SIGIND,16.4,16.4
AAVAS,30.5,30.5
NILASPACES,25.14,25.14
DALBHARAT,40.9,40.9
ANUP,37.12,37.12
FIEMIND,20.17,20.17
SOBHA,395.35,395.41
PLASTIBLEN,20.48,20.48
WANBURY,9.55,17.58
IZMO,17.26,17.26
TIIL,24.86,24.25
PFC,7.85,7.85
PAGEIND,77.52,77.52
BANSWRAS,15.17,15.17
ADANIPOWER,13.76,13.76
AMRUTANJAN,48.78,48.78
SHILPAMED,152.36,169.18
DLINKINDIA,17.02,17.02
BEARDSELL,19.41,19.41
JUBLFOOD,92.36,157.58
HATHWAY,63.96,63.94
PERSISTENT,54.92,54.92
KSL,20,20
KIRLOSIND,16.76,15.11
IMFA,11.47,11.47
KILITCH,38.93,38.93
GREENPOWER,52.38,61.11
BEDMUTHA,38.58,38.58
RESPONIND,52.21,52.21
PENIND,24.89,24.89
KIRLOSENG,44.39,43.37
KICL,30.45,40.56
HINDMOTORS,28.89,28.89
LOVABLE,32.57,32.57
MUTHOOTFIN,15.66,15.66
KARMAENG,636.44,636.44
SREEL,25.06,25.06
SDBL,25.41,25.41
CAPLIPOINT,23.39,23.39
SUPERHOUSE,21.36,21.36
GRPLTD,62.49,57.42
HESTERBIO,106.78,106.78
LFIC,6.52,6.52
NILAINFRA,42.15,42.15
ORICONENT,32.12,27.01
PKTEA,20.01,20.01
SHARDAMOTR,18.35,18.35
PENINLAND,16.53,23.32
WHEELS,39.36,39.36
RIIL,197.82,197.82
PREMIERPOL,22.75,22.75
SESHAPAPER,8.44,8.44
FACT,482.68,180.09
EXIDEIND,55.13,55.13
ELECON,41.84,41.84
LAXMIMACH,47.63,47.63
ORIENTPPR,178.57,178.57
NELCO,78.73,78.73
MAHSCOOTER,45.94,45.94
LUMAXIND,51.4,51.4
KECL,94.69,94.69
CUMMINSIND,72.46,72.4
JAYBARMARU,40.15,40.15
INFY,23.97,23.97
IFBIND,86.86,86.86
IGPL,47.37,47.37
GNFC,23.19,23.19
BPCL,10.53,10.27
BASF,40.23,40.23
ARVIND,27.3,27.44
ACC,21.2,23.87
SCI,20.83,20.83
LINDEINDIA,174.25,174.25
HINDPETRO,7.85,7.85
ASHOKLEY,25.95,25.45
TITAN,87.29,87.29
SUNDARMFIN,36.71,35.11
SPIC,22.09,15.02
SBIN,11.05,10.26
PFIZER,39.72,40.2
BOSCHLTD,38.2,51.68
CHAMBLFERT,18.7,18.7
HINDOILEXP,11.45,13.27
BALMLAWRIE,22.61,22.61
MOTOGENFIN,108.23,108.23
ADORWELD,29.14,29.14
CENTENKA,30.38,30.38
ATFL,174.24,248.76
VLSFINANCE,2.94,2.94
SUPREMEIND,81.13,81.13
BALRAMCHIN,17.53,17.53
PRECOT,34.01,54.1
TATAELXSI,56.84,56.84
SANDESH,5.65,5.66
ASHIMASYN,7.5,7.5
BALKRISIND,43.65,43.65
RAJSREESUG,19.38,19.38
ONGC,6.35,6.21
TAINWALCHM,33.32,33.32
JINDALPOLY,38.04,37.9
ANIKINDS,483.7,483.7
BSL,17.23,17.23
JAYNECOIND,21.32,19.57
APCOTEXIND,42.58,42.58
RCF,53.84,64.07
DECCANCE,25.85,19.51
TATAPOWER,45.69,49.38
SUNFLAG,27.21,27.21
BHARATRAS,62.9,62.9
TOKYOPLAST,104.37,104.37
IFCI,68.03,68.58
HEIDELBERG,29.16,29.16
MANGLMCEM,40.83,40.83
POLYPLEX,35.01,35.01
3PLAND,30.12,30.12
HONDAPOWER,42.32,44.13
JINDALSAW,11.35,11.35
IDBI,16.2,16.2
BRITANNIA,60.61,60.55
ELECTCAST,14.27,14.27
CIPLA,30.02,28.96
HEROMOTOCO,28.49,27.62
HARRMALAYA,,1329.42
GIPCL,19.71,19.71
INDIANHUME,27.78,27.78
HINDCOMPOS,20.68,20.68
KAMATHOTEL,13.96,46.93
BANCOINDIA,16.73,16.73
APOLLOTYRE,18.23,17.58
SHANTIGEAR,50.11,50.11
PRECWIRE,37.1,37.1
NILKAMAL,26.08,26.08
ICIL,21.36,21.36
SEAMECLTD,23.95,23.95
AUROPHARMA,22.86,22.12
EIHOTEL,43.89,43.42
LICHSGFIN,8.55,8.55
GICHSGFIN,8.89,8.89
MOREPENLAB,28.67,28.67
WSTCSTPAPR,5.85,5.85
21STCENMGM,1.93,1.93
VENKEYS,35.63,35.63
PRAJIND,45.07,45.07
HIL,61.29,1146.71
BPL,40.41,40.41
PGHH,70.71,70.71
VESUVIUS,45.93,45.93
BOMDYEING,1.24,
NAVNETEDUL,17.54,19.12
GLAXO,72.64,64.86
CHOLAFIN,35.43,35.43
FMGOETZE,18.49,18.49
GILLETTE,62.22,62.22
KANSAINER,19.46,34.29
FOSECOIND,35.81,41.16
GABRIEL,33.91,33.91
RALLIS,44.6,44.81
AMJLAND,14.87,14.87
KOPRAN,24.29,24.29
GREAVESCOT,,242.78
TIMKEN,87.52,87.52
SHREECEM,41.71,41.71
INGERRAND,66.85,66.85
AKZOINDIA,30.71,30.71
GSFC,18.85,18.85
FINPIPE,46.48,46.48
FINCABLES,38.98,45.71
DCM,25.28,25.28
PVP,10.72,
GREENPLY,50.27,58.06
PEARLPOLY,85.86,85.86
DALMIASUG,12.81,12.81
SWARAJENG,25.58,25.58
MRF,25.74,25.74
TNPETRO,16.3,13.06
EIMCOELECO,32.3,32.3
MARICO,54.15,54.15
KEYFINSERV,5.74,5.74
SUNDRMBRAK,30.44,30.44
AARTIDRUGS,27.94,27.94
INDIANCARD,20.49,
WENDT,75.12,75.12
DYNAMATECH,43.1,82.53
JAGSNPHARM,39.8,39.8
MPHASIS,29.43,29.43
RAMCOIND,29.26,29.26
INDRAMEDCO,18.52,18.52
MADRASFERT,373,37.11
SKMEGGPROD,8.32,8.32
BANKINDIA,8.77,8.77
ICICIBANK,18.08,18.08
INDSWFTLAB,2.25,9.69
SAREGAMA,54.19,54.19
ENGINERSIN,40.21,40.21
JAICORPLTD,123.85,123.85
GMDCLTD,20.91,20.91
MAHAPEXLTD,.55,36.25
ASAHIINDIA,51.94,51.94
J&KBANK,7.52,7.52
KOTHARIPRO,20.55,20.55
SOUTHBANK,6.97,6.97
ASTRAZEN,98.79,106.48
ITDCEM,31.81,31.81
CYIENT,29.52,27.6
KOKUYOCMLN,35.24,35.24
GOACARBON,8.93,8.93
SANGHVIMOV,24.67,24.67
RSSOFTWARE,29.39,29.39
NATIONALUM,17.06,20.18
JINDALSTEL,18.13,18.13
NIPPOBATRY,29.91,29.91
HCLTECH,24.93,24.93
ACCELYA,27.67,27.74
STAR,320.43,37.38
NRBBEARING,13.41,36.48
BIL,47.08,47.08
KTKBANK,6.75,6.75
AJANTPHARM,36.11,36.11
CALSOFT,42.02,42.02
TVSMOTOR,63.31,63.31
PNC,40.61,40.61
NLCINDIA,17.19,17.19
REPRO,80.7,80.7
HAVELLS,89.67,89.67
BALAJITELE,37.47,37.47
KHANDSE,246.92,246.92
GODREJCP,,74.26
ASAL,81.63,81.63
OLECTRA,183.12,199.55
APTECHT,45.84,39.39
OFSS,38.04,38.04
NUCLEUS,18.38,18.38
GODREJIND,42.67,42.67
RADICO,93.41,93.41
VARDHACRLC,25.27,25.27
JSL,24.72,25.46
IGL,20.32,20.32
TVTODAY,24.21,22.87
PETRONET,13.09,13.29
BIOCON,29.78,29.68
XPROINDIA,51.57,49.52
CCL,32.52,32.52
LT,31.74,31.88
ULTRACEMCO,45.08,44.74
TCS,29.72,29.27
GUFICBIO,42.34,42.34
WELENT,18.15,18.15
NTPC,17.61,17.61
JBMA,129.37,129.37
DWARKESH,17.28,17.28
XCHANGING,95.47,95.47
CONSOFINVT,13.48,13.48
JPPOWER,12.65,8.75
SAKSOFT,32.44,32.44
SHOPERSTOP,106.92,98.65
CYBERMEDIA,10.95,8.34
PRIMESECU,36.34,36.34
VHL,293.01,34.5
YESBANK,58.41,58.41
MSPL,72.46,59.2
RML,477.32,13.17
FCSSOFT,,73.52
ASTRAMICRO,85.95,85.95
INDOCO,30.9,32.93
GOKEX,47.12,47.12
SURYALAXMI,37.19,21.82
JSWHL,63.61,63.61
NECLIFE,148.71,148.71
GOLDIAM,19.31,19.31
