SYMBOL,SERIES,SECURITY,HIGH/LOW,INDEX FLAG
21STCENMGM,BE,21ST CENTURY MGMT SERVICE,H
735PFCL35,N1,7.35% TAX FREE NCD,H
A2ZINFRA,BE,A2Z INFRA ENGINEERING LTD,H
AAATECH,BE,AAA TECHNOLOGIES LIMITED,H
AARTECH,BE,AARTECH SOLONICS LIMITED,H
ABAN,BE,ABAN OFFSHORE LTD.,H
ACL,EQ,ANDHRA CEMENTS LIMITED,H
ADL,EQ,ARCHIDPLY DECOR LIMITED,H
AGNI,SM,AGNI GREEN POWER LTD,H
AILIMITED,ST,ABHISHEK INTEGRATIONS LTD,H
AIMTRON,ST,AIMTRON ELECTRONICS LTD,H
AKI,EQ,AKI INDIA LIMITED,H
ANSALAPI,BZ,ANSAL PROP & INFRA LTD,H
APS,SM,AUSTRALIAN PREM SOLAR I L,H
ARTNIRMAN,EQ,ART NIRMAN LIMITED,H
ASHIMASYN,EQ,ASHIMA LTD,H
ASMS,EQ,BARTRONICS INDIA LIMITED,H
ATAM,BE,ATAM VALVES LIMITED,H
ATMASTCO,SM,ATMASTCO LIMITED,H
AURIONPRO,EQ,AURIONPRO SOLN LTD,H
AZAD,EQ,AZAD ENGINEERING LIMITED,H
BAGFILMS,BE,B.A.G FILMS AND MEDIA LTD,H
BAHETI,SM,BAHETI RECYCLING IND LTD,H
BCG,BZ,BRIGHTCOM GROUP LIMITED,H
BLUECHIP,BE,BLUE CHIP INDIA LIMITED,H
BOROSCI,BE,BOROSIL SCIENTIFIC LTD,H
CGRAPHICS,SM,CREATIVE GRAPHICS S IND L,H
CHEMFAB,EQ,CHEMFAB ALKALIS LIMITED,H
CLOUD,SM,VARANIUM CLOUD LIMITED,H
COMPINFO,BZ,COMPUAGE INFOCOM LTD,H
CONTI,SM,CONTINENTAL SEED CHEM LTD,H
CREATIVEYE,BE,CREATIVE EYE LIMITED,H
CTE,BE,CAMBRIDGE TECH ENTER LTD,H
CUBEXTUB,BE,CUBEXTUBINGS-ROLLSETT,H
DBSTOCKBRO,EQ,DB (INT) STOCK BROKERS,H
DCI,BE,DC INFOTECH AND COMUN LTD,H
DCMFINSERV,BE,DCM FINANCIAL SERVICES LT,H
DGCONTENT,BE,DIGICONTENT LIMITED,H
DJML,BE,DJ MEDIAPRINT & LOG LTD,H
DOLPHIN,BE,DOLPHIN OFF ENT (IND) L,H
DREDGECORP,EQ,DREDGING CORP OF INDIA,H
DRONE,SM,DRONE DESTINATION LIMITED,H
E2E,BE,E2E NETWORKS LIMITED,H
ELECTHERM,BE,ELECTROTHERM (I) LTD.,H
EMIL,EQ,ELECTRONICS MART IND LTD,H
ESCONET,SM,ESCONET TECHNOLOGIES LTD,H
ESSARSHPNG,EQ,ESSAR SHIPPING LTD,H
ESSEN-RE2,BE,INTEGRA ESSENTIA LIMITED,H
ESSENTIA,BE,INTEGRA ESSENTIA LIMITED,H
FEL,BZ,FUTURE ENTERPRISES LTD,H
FELDVR,BE,FUTURE ENTERPRISES LTD,H
FLFL,BZ,FUT LIFESTYLE FASH LTD,H
FRETAIL,BZ,FUTURE RETAIL LIMITED,H
GALLANTT,BE,GALLANTT ISPAT LIMITED,H
GATECHDVR,BE,GACM TECHNOLOGIES LIMITED,H
GAYAHWS,BE,GAYATRI HIGHWAYS LIMITED,H
GET&D,BE,GE T&D INDIA LIMITED,H
GINNIFILA,EQ,GINNI FILAMENTS LTD,H
GLOBALVECT,BE,GLOBAL VEC HELICORP LTD,H
GMRP&UI,EQ,GMR POW AND URBAN INFRA L,H
GODHA,EQ,GODHA CABCON INSULAT LTD,H
GRCL,SM,GAYATRI RUBB AND CHEM LTD,H
GTLINFRA,EQ,GTL INFRA.LTD,H
HDIL,BZ,HOUSING DEV & INFRA LTD,H
HECPROJECT,EQ,HEC INFRA PROJECTS LTD,H
HINDMOTORS,EQ,HINDUSTAN MOTORS LIMITED,H
HINDNATGLS,BE,HIND NATL GLASS & IND LTD,H
HYBRIDFIN,EQ,HYBRID FINANCIAL SERVICE,H
IITL,EQ,INDUSTRIAL INV TRUST LTD,H
IL&FSENGG,BZ,IL&FS ENG AND CONS CO LTD,H
IL&FSTRANS,BZ,IL&FS TRANS NET LTD,H
IMPEXFERRO,BE,IMPEX FERRO TECH LIMITED,H
INDOTECH,BE,INDO TECH TRANSFORM LTD.,H
INDSWFTLTD,BE,IND-SWIFT LIMITED,H
INFOMEDIA,EQ,INFOMEDIA PRESS LIMITED,H
ISHAN,SM,ISHAN INTERNATIONAL LTD,H
JAIBALAJI,BE,JAI BALAJI INDUSTRIES LTD,H
JAICORPLTD,EQ,JAI CORP LIMITED,H
JAINAM,SM,JAINAM FER ALLOYS (I) LTD,H
JUBLINDS,EQ,JUBILANT INDUSTRIES LTD,H
KAVVERITEL,BE,KAVVERI TEL. LTD.,H
KCEIL,SM,KAY CEE ENERGY & INFRA L,H
KCK,ST,KCK INDUSTRIES LTD,H
KODYTECH,SM,KODY TECHNOLAB LIMITED,H
KONTOR,SM,KONTOR SPACE LIMITED,H
LAGNAM,BE,LAGNAM SPINTEX LIMITED,H
LLOYDS,SM,LLOYDS LUXURIES LIMITED,H
LORDSCHLO,BE,LORDS CHLORO ALKALI LTD,H
LRRPL,SM,LEAD REC AND RUB PROD LTD,H
MACPOWER,BE,MACPOWER CNC MACHINES LTD,H
MADHUCON,BE,MADHUCON PROJECTS LTD.,H
MAGNUM,EQ,MAGNUM VENTURES LTD.,H
MAKS,SM,MAKS ENERGY SOL INDIA LTD,H
MANAKCOAT,BE,MAN COAT METAL & IND LTD,H
MARINE,EQ,MARINE ELECTRICAL (I) LTD,H
MASKINVEST,EQ,MASK INVESTMENTS LIMITED,H
MAXIND,EQ,MAX INDIA LIMITED,H
MICEL,EQ,MIC ELECTRONICS LTD,H
MILTON,SM,MILTON INDUSTRIES LIMITED,H
MIRCELECTR,EQ,MIRC ELECTRONICS LTD,H
MORARJEE,BE,MORARJEE TEXTILES LIMITED,H
NILAINFRA,EQ,NILA INFRASTRUCTURES LTD,H
NKIND,EQ,NK INDUSTRIES LTD,H
NPST,SM,NETWORK PEOPLE SRV TECH L,H
ONELIFECAP,BE,ONELIFE CAP ADVISORS LTD,H
ORIANA,SM,ORIANA POWER LIMITED,H
ORIENTLTD,EQ,ORIENT PRESS LIMITED,H
ORTEL,BZ,ORTEL COMMUNICATIONS LTD,H
PALREDTEC,BE,PALRED TECHNOLOGIES LTD,H
PANACHE,EQ,PANACHE DIGILIFE LIMITED,H
PANSARI,EQ,PANSARI DEVELOPERS LTD,H
PARASPETRO,BE,PARAS PETROFILS LTD.,H
PASHUPATI,SM,PASHUPATI COTSPIN LIMITED,H
PERFECT,SM,PERFECT INFRAENGINEER LTD,H
PIGL,BE,POWER INSTRUMENT (G) LTD,H
PRAXIS,BE,PRAXIS HOME RETAIL LTD,H
PREMIER,BE,PREMIER LIMITED,H
PRITIKAUTO,EQ,PRITIKA AUTO INDUS LTD,H
PRUDMOULI,BE,PRUDENTIAL SUGAR CORPORAT,H
PVP,EQ,PVP VENTURES LIMITED,H
RAJRILTD,BE,RAJ RAYON INDUSTRIES LTD,H
RAJSREESUG,EQ,RAJSHREE SUGAR & CHEMICAL,H
RAMCOSYS,BE,RAMCO SYSTEMS LTD,H
RBMINFRA,SM,RBM INFRACON LIMITED,H
RCOM,BE,RELIANCE COMMUNICATIONS L,H
REFRACTORY,SM,REFRACTORY SHAPES LIMITED,H
RELIABLE,SM,RELIABLE DATA SERVICE LTD,H
RHFL,BE,RELIANCE HOME FINANCE LTD,H
ROLTA,BZ,ROLTA INDIA LTD,H
RPOWER,EQ,RELIANCE POWER LTD.,H
RULKA,SM,RULKA ELECTRICALS LIMITED,H
S&SPOWER,BE,S&S POWER SWITCHGEARS,H
SAHANA,SM,SAHANA SYSTEM LIMITED,H
SAMPANN,EQ,SAMPANN UTPADAN INDIA LTD,H
SARTELE,SM,SAR TELEVENTURE LIMITED,H
SCHNEIDER,EQ,SCHNEIDER ELECTRIC INFRA,H
SCPL,EQ,SHEETAL COOL PRODUCTS LTD,H
SETUINFRA,BZ,SETUBANDHAN INFRA LTD,H
SHAKTIPUMP,BE,SHAKTI PUMPS (I) LTD,H
SHREEKARNI,SM,SHREE KARNI FABCOM LTD,H
SHYAMTEL,BE,SHYAM TELECOM LIMITED,H
SITINET,BE,SITI NETWORKS LIMITED,H
SJLOGISTIC,SM,S J LOGISTICS (INDIA) LTD,H
SMARTLINK,BE,SMARTLINK HOLDINGS LTD,H
SOMATEX,BE,SOMA TEXTILEI NDUSTRIES L,H
SPMLINFRA,EQ,SPML INFRA LIMITED,H
SPTL,BZ,SINTEX PLASTICS TECH LTD,H
STARTECK,BE,STARTECK FINANCE LIMITED,H
SUULD,EQ,SUUMAYA INDUSTRIES LTD,H
SWELECTES,EQ,SWELECT ENERGY SYS LTD,H
SWSOLAR,EQ,STRLNG & WIL REN ENE LTD,H
TAC,SM,TAC INFOSEC LIMITED,H
TARAPUR,BE,TARAPUR TRANSFORMERS LTD,H
TBI,ST,TBI CORN LIMITED,H
TCIFINANCE,EQ,TCI FINANCE LTD,H
TCLCONS,EQ,TANTIA CONSTRUCTIONS LTD,H
TECHLABS,SM,TRIDENT TECHLABS LIMITED,H
TECHNOE,BE,TECHNO ELEC & ENG CO. LTD,H
TECILCHEM,EQ,TECIL CHEMICALS,H
TGL,SM,TEERTH GOPICON LIMITED,H
TIMESCAN,SM,TIMESCAN LOGISTICS IND L,H
TIMESGTY,BE,TIMES GUARANTY LIMITED,H
TNTELE,BE,TAMILNADU TELECOMMUNICATI,H
TPHQ,EQ,TEAMO PRODUCTIONS HQ LTD,H
TREEHOUSE,EQ,TREE HOUSE EDU LTD,H
TRF,BE,TRF LIMITED,H
TRIL,BE,TRANS & RECTI. LTD,H
TRUST,SM,TRUST FINTECH LIMITED,H
UEL,BE,UJAAS ENERGY LIMITED,H
UNITECH,BZ,UNITECH LIMITED,H
V2RETAIL,BE,V2 RETAIL LIMITED,H
VARDMNPOLY,EQ,VARDHMAN POLYTEX LTD.,H
VCL,BE,VAXTEX COTFAB LIMITED,H
VERTOZ,EQ,VERTOZ ADVERTISING LTD,H
VILAS,ST,VILAS TRANSCORE LIMITED,H
VISHNUINFR,SM,VISHNUSURYA PROJ N INFR L,H
VIVIANA,SM,VIVIANA POWER TECH LTD,H
VLEGOV,BE,VL E GOV AND IT SOL LTD,H
VMARCIND,SM,V MARC INDIA LIMITED,H
WALCHANNAG,EQ,WALCHANDNAGAR INDUSTRIES,H
WEBELSOLAR,BE,WEBSOL ENERGY SYSTEM LTD,H
WINSOME,BE,WINSOME YARNS LIMITED,H
YUDIZ,SM,YUDIZ SOLUTIONS LIMITED,H
ZENITHEXPO,EQ,ZENITH EXPORTS LTD,H
ZTECH,ST,Z-TECH (INDIA) LIMITED,H
AGARWALFT,ST,AGARWAL FLOAT GLASS I LTD,L
ARHAM,ST,ARHAM TECHNOLOGIES LTD,L
ASHOKAMET,EQ,ASHOKA METCAST LIMITED,L
ASMS,EQ,BARTRONICS INDIA LIMITED,L
BEACON,ST,BEACON TRUSTEESHIP LTD,L
BMETRICS,SM,BOMBAY METRICS S C LTD,L
BOROSCI,BE,BOROSIL SCIENTIFIC LTD,L
BTML,BE,BODHI TREE MULTIMEDIA LTD,L
CADSYS,ST,CADSYS (INDIA) LIMITED,L
CMMIPL,ST,CMM INFRAPROJECTS LIMITED,L
CONTI,SM,CONTINENTAL SEED CHEM LTD,L
DHTL,SM,DOCMODE HEALTH TECH LTD,L
DYNAMIC,SM,DYNAMIC SRVCS & SEC LTD,L
EUROTEXIND,BE,EUROTEX IND & EXPORTS LTD,L
EXCEL,BE,EXCEL REALTY N INFRA LTD,L
FEL,BZ,FUTURE ENTERPRISES LTD,L
FELDVR,BE,FUTURE ENTERPRISES LTD,L
FSC,BZ,FUTURE SUPP CHAIN SOL LTD,L
GATECHDVR,BE,GACM TECHNOLOGIES LIMITED,L
GAYAHWS,BE,GAYATRI HIGHWAYS LIMITED,L
GIRIRAJ,ST,GIRIRAJ CIVIL DEVP LTD,L
GSMFOILS,ST,GSM FOILS LIMITED,L
GVPTECH,BE,GVP INFOTECH LIMITED,L
HERITGFOOD,EQ,HERITAGE FOODS LTD,L
JPASSOCIAT,BE,JAIPRAKASH ASSOCIATES LTD,L
KERNEX,EQ,KERNEX MICROSYS(I) LTD,L
KOTYARK,SM,KOTYARK INDUSTRIES LTD,L
KRONOX,BE,KRONOX LAB SCIENCES LTD,L
MASKINVEST,EQ,MASK INVESTMENTS LIMITED,L
MPTODAY,SM,M P TODAY MEDIA LIMITED,L
NTL,BE,NEUEON TOWERS LIMITED,L
OSIAHYPER,BE,OSIA HYPER RETAIL LIMITED,L
PARIN,SM,PARIN FURNITURE LIMITED,L
PODDARHOUS,BZ,PODDAR HOUSE & DVPT LTD,L
PRAENG,BE,PRAJAY ENG. SYN. LTD.,L
PRATHAM,SM,PRATHAM EPC PROJECTS LTD,L
RADAAN,BE,RADAAN MEDIAWORKS (I) LTD,L
ROLTA,BZ,ROLTA INDIA LTD,L
RTNPOWER,BE,RATTANINDIA POWER LIMITED,L
SADBHIN,EQ,SADBHAV INFRA PROJ LTD.,L
SANGINITA,EQ,SANGINITA CHEMICALS LTD,L
SARTELE,SM,SAR TELEVENTURE LIMITED,L
SHUBHLAXMI,SM,SHUBHLAXMI JEWEL ART LTD,L
SITINET,BE,SITI NETWORKS LIMITED,L
SSFL,SM,SRIVARI SPICES N FOODS L,L
TIJARIA,BE,TIJARIA POLYPIPES LTD,L
TPHQ,EQ,TEAMO PRODUCTIONS HQ LTD,L
VEEKAYEM,SM,VEEKAYEM FASH & APP LTD,L
VERTEXPLUS,ST,VERTEXPLUS TECHNOLOGIES L,L
VISASTEEL,BE,VISA STEEL LIMITED,L
