GAIN_LOSS,SECURITY,CLOSE_PRIC,PREV_CL_PR,PERCENT_CG
 ,Nifty 50 Sec., , , 
 , , , , 
G,OIL AND NATURAL GAS CORP.,       273.55,       259.15,5.56
G,LARSEN & TOUBRO LTD.,      3598.70,      3543.75,1.55
G,ADANI PORT & SEZ LTD,      1403.45,      1384.05,1.4
G,TATA MOTORS LIMITED,       987.10,       975.15,1.23
G,MARUTI SUZUKI INDIA LTD.,     12863.65,     12717.55,1.15
G,HERO MOTOCORP LIMITED,      5786.60,      5722.20,1.13
G,MAHINDRA & MAHINDRA LTD,      2835.55,      2807.55,1
G,ULTRATECH CEMENT LIMITED,     10933.55,     10826.25,.99
G,APOLLO HOSPITALS ENTER. L,      6107.95,      6056.70,.85
G,BAJAJ AUTO LIMITED,      9812.70,      9733.05,.82
G,BHARAT PETROLEUM CORP  LT,       607.20,       602.60,.76
G,HCL TECHNOLOGIES LTD,      1428.80,      1418.75,.71
G,BAJAJ FINANCE LIMITED,      7138.10,      7088.85,.69
G,NTPC LTD,       367.40,       364.90,.69
G,TECH MAHINDRA LIMITED,      1349.45,      1340.35,.68
G,TATA STEEL LIMITED,       181.33,       180.29,.58
G,SHRIRAM FINANCE LIMITED,      2533.00,      2519.10,.55
G,BRITANNIA INDUSTRIES LTD,      5517.75,      5488.40,.53
G,STATE BANK OF INDIA,       835.55,       831.80,.45
G,HDFC LIFE INS CO LTD,       571.70,       569.20,.44
G,GRASIM INDUSTRIES LTD,      2456.90,      2446.80,.41
G,POWER GRID CORP. LTD.,       316.55,       315.80,.24
G,TATA CONSUMER PRODUCT LTD,      1135.60,      1133.05,.23
G,HDFC BANK LTD,      1564.80,      1561.30,.22
G,WIPRO LTD,       476.05,       475.25,.17
G,BAJAJ FINSERV LTD.,      1568.25,      1565.80,.16
G,BHARTI AIRTEL LIMITED,      1427.25,      1426.05,.08
G,ADANI ENTERPRISES LIMITED,      3221.25,      3220.10,.04
G,LTIMINDTREE LIMITED,      4903.55,      4903.45,0
 , , , , 
L,KOTAK MAHINDRA BANK LTD,      1720.00,      1745.65,-1.47
L,DIVI S LABORATORIES LTD,      4475.45,      4536.25,-1.34
L,ASIAN PAINTS LIMITED,      2902.45,      2937.55,-1.19
L,DR. REDDY S LABORATORIES,      6039.25,      6106.15,-1.1
L,RELIANCE INDUSTRIES LTD,      2913.35,      2942.80,-1
L,ITC LTD,       433.00,       436.90,-0.89
L,SUN PHARMACEUTICAL IND L,      1499.75,      1513.10,-0.88
L,JSW STEEL LIMITED,       910.10,       915.90,-0.63
L,HINDALCO  INDUSTRIES  LTD,       672.95,       676.40,-0.51
L,EICHER MOTORS LTD,      4758.65,      4782.75,-0.5
L,ICICI BANK LTD.,      1118.20,      1123.80,-0.5
L,AXIS BANK LIMITED,      1194.60,      1200.00,-0.45
L,HINDUSTAN UNILEVER LTD.,      2556.35,      2565.35,-0.35
L,TITAN COMPANY LIMITED,      3410.70,      3422.20,-0.34
L,INDUSIND BANK LIMITED,      1481.05,      1485.85,-0.32
L,SBI LIFE INSURANCE CO LTD,      1428.05,      1432.30,-0.3
L,COAL INDIA LTD,       476.35,       477.70,-0.28
L,INFOSYS LIMITED,      1495.75,      1499.75,-0.27
L,CIPLA LTD,      1530.25,      1534.25,-0.26
L,NESTLE INDIA LIMITED,      2541.95,      2548.20,-0.25
L,TATA CONSULTANCY SERV LT,      3852.10,      3858.70,-0.17
 , , , , 
 ,Nifty Next 50 Sec., , , 
 , , , , 
G,INDIAN RAIL TOUR CORP LTD,      1020.05,       977.90,4.31
G,GAIL (INDIA) LTD,       212.86,       208.18,2.25
G,INDIAN RAILWAY FIN CORP L,       176.20,       173.01,1.84
G,INDIAN OIL CORP LTD,       167.68,       165.21,1.5
G,BOSCH LIMITED,     31174.00,     30764.75,1.33
G,ZOMATO LIMITED,       184.02,       182.16,1.02
G,DLF LIMITED,       856.00,       847.60,0.99
G,BHARAT ELECTRONICS LTD,       286.20,       283.40,0.99
G,LIFE INSURA CORP OF INDIA,      1006.70,       997.40,0.93
G,HINDUSTAN AERONAUTICS LTD,      4856.60,      4812.70,0.91
G,SIEMENS LTD,      6901.05,      6856.55,0.65
G,PUNJAB NATIONAL BANK,       126.14,       125.34,0.64
G,GODREJ CONSUMER PRODUCTS,      1429.20,      1423.05,0.43
G,ABB INDIA LIMITED,      8095.25,      8061.95,0.41
G,COLGATE PALMOLIVE LTD.,      2951.45,      2944.20,0.25
G,BERGER PAINTS (I) LTD,       493.10,       491.95,0.23
G,TVS MOTOR COMPANY  LTD,      2442.45,      2436.85,0.23
G,CANARA BANK,       121.23,       121.03,0.17
G,POWER FIN CORP LTD.,       486.45,       485.80,0.13
G,ICICI PRU LIFE INS CO LTD,       581.65,       581.00,0.11
G,TATA POWER CO LTD,       448.40,       448.00,0.09
G,VARUN BEVERAGES LIMITED,      1547.25,      1546.05,0.08
G,PIDILITE INDUSTRIES LTD,      3175.40,      3174.05,0.04
 , , , , 
L,INTERGLOBE AVIATION LTD,      4369.50,      4566.60,-4.32
L,ICICI LOMBARD GIC LIMITED,      1645.35,      1680.10,-2.07
L,CHOLAMANDALAM IN & FIN CO,      1332.30,      1359.95,-2.03
L,AVENUE SUPERMARTS LIMITED,      4701.45,      4778.40,-1.61
L,ADANI TOTAL GAS LIMITED,       956.85,       970.80,-1.44
L,ADANI GREEN ENERGY LTD,      1855.70,      1880.35,-1.31
L,HAVELLS INDIA LIMITED,      1832.85,      1856.85,-1.29
L,TRENT LTD,      4906.60,      4969.45,-1.26
L,SRF LTD,      2327.70,      2354.65,-1.14
L,DABUR INDIA LTD,       613.45,       619.85,-1.03
L,SAMVRDHNA MTHRSN INTL LTD,       163.01,       164.58,-0.95
L,ADANI POWER LTD,       762.85,       769.70,-0.89
L,ADANI ENERGY SOLUTION LTD,      1017.85,      1026.80,-0.87
L,MARICO LIMITED,       647.30,       651.65,-0.67
L,SHREE CEMENT LIMITED,     27063.85,     27239.70,-0.65
L,SBI CARDS & PAY SER LTD,       712.80,       717.10,-0.6
L,BANK OF BARODA,       274.80,       276.40,-0.58
L,BAJAJ HOLDINGS & INVS LTD,      8382.40,      8423.40,-0.49
L,TORRENT PHARMACEUTICALS L,      2851.00,      2863.95,-0.45
L,JINDAL STEEL & POWER LTD,      1008.90,      1012.15,-0.32
L,REC LIMITED,       510.60,       511.20,-0.12
L,ZYDUS LIFESCIENCES LTD,      1084.85,      1086.05,-0.11
L,AMBUJA CEMENTS LTD,       639.75,       640.35,-0.09
L,INFO EDGE (I) LTD,      6221.15,      6226.95,-0.09
L,VEDANTA LIMITED,       443.75,       444.10,-0.08
L,JIO FIN SERVICES LTD,       350.25,       350.35,-0.03
 , , , , 
 ,OTHER SECURITIES, , , 
 , , , , 
G,ESSAR SHIPPING LTD,        45.00,        37.50,20
G,RAJSHREE SUGAR & CHEMICAL,        74.58,        62.15,20
G,PANACHE DIGILIFE LIMITED,       114.54,        95.45,20
G,7.35% TAX FREE NCD,      1512.00,      1260.00,20
G,SHREE KARNI FABCOM LTD,       514.20,       428.50,20
G,JAI CORP LIMITED,       384.10,       320.10,19.99
G,RULKA ELECTRICALS LIMITED,       435.50,       362.95,19.99
G,SEC RED NCD SR.X,      1870.00,      1560.00,19.87
G,UNSEC RED NCD 10.5% SR.VI,      1155.00,       964.00,19.81
G,HINDUSTAN CONSTRUCTION CO,        47.06,        39.80,18.24
G,SHEETAL COOL PRODUCTS LTD,       604.30,       522.30,15.7
G,H.G.INFRA ENGINEERING LTD,      1813.05,      1569.45,15.52
G,INDIAN METALS & FERRO,       862.55,       747.85,15.34
G,ADOR WELDING LTD,      1420.25,      1240.40,14.5
G,EURO PANEL PRODUCTS LTD,       207.35,       182.00,13.93
G,ARCHIDPLY DECOR LIMITED,        97.85,        85.96,13.83
G,PREMIER ROADLINES LIMITED,       116.95,       103.70,12.78
G,VAISHALI PHARMA LIMITED,       158.94,       141.57,12.27
G,DUCOL ORGS AND COLOURS LT,       123.20,       110.10,11.9
G,RELIANCE INDUSTRIAL INFRA,      1361.55,      1218.05,11.78
G,MAX ESTATES LIMITED,       411.95,       368.75,11.72
G,LE MERITE EXPORTS LIMITED,       111.70,       100.20,11.48
G,MAHANAGAR TELEPHONE NIGAM,        42.02,        37.72,11.4
G,MASTER COMPONENTS LIMITED,       265.10,       238.50,11.15
G,MAHINDRA EPC IRRIG LTD,       158.51,       143.17,10.71
G,RANA SUGARS LTD.,        23.91,        21.66,10.39
G,SRIVASAVI ADHESIVE TAPE L,       120.10,       108.95,10.23
G,KANDARP DG SMART BPO LTD,        31.00,        28.15,10.12
G,AUSTRALIAN PREM SOLAR I L,       443.30,       403.00,10
G,ANDHRA CEMENTS LIMITED,       106.05,        96.41,10
 , , , , 
L,TFB 7.37% 2035 SR. 3A,      1048.00,      1238.00,-15.35
L,SANGINITA CHEMICALS LTD,        16.60,        18.45,-10.03
L,SEC RE NCD 9.9% SR IV,       900.30,      1000.00,-9.97
L,SEC RE NCD 10.25% SR XII,       901.20,      1000.00,-9.88
L,SUNGARNER ENERGIES LTD,       417.00,       457.00,-8.75
L,PNC INFRATECH LTD.,       478.90,       521.60,-8.19
L,SERENCD8.84%SRVICIII&IV,       850.00,       925.00,-8.11
L,SAGAR CEMENTS LIMITED,       249.23,       269.59,-7.55
L,KCP LTD,       232.90,       251.20,-7.29
L,KOTYARK INDUSTRIES LTD,       949.10,      1023.10,-7.23
L,HOAC FOODS INDIA LIMITED,       175.00,       188.10,-6.96
L,SHIVAM AUTO.LTD,        40.65,        43.42,-6.38
L,TRIDHYA TECH LIMITED,        30.15,        32.10,-6.07
L,VILIN BIO MED LIMITED,        19.05,        20.25,-5.93
L,IRB INFRA DEV LTD.,        66.12,        70.16,-5.76
L,NAGARJUN FERT AND CHE LTD,        11.68,        12.39,-5.73
L,INNOVANA THINKLABS LTD.,       525.00,       555.00,-5.41
L,BOND 8.40% PA TF TI-SIIA,      1072.10,      1133.00,-5.38
L,UNIINFO TELECOM SERVI LTD,        37.24,        39.30,-5.24
L,RADIOWALLA NETWORK LTD,       118.05,       124.45,-5.14
L,SADBHAV INFRA PROJ LTD.,         6.15,         6.48,-5.09
L,ASHOKA METCAST LIMITED,        20.39,        21.47,-5.03
L,GIRIRAJ CIVIL DEVP LTD,       453.05,       476.90,-5
L,VEEKAYEM FASH & APP LTD,       227.00,       238.95,-5
L,HERITAGE FOODS LTD,       660.30,       695.05,-5
L,CADSYS (INDIA) LIMITED,       243.30,       256.10,-5
L,DOCMODE HEALTH TECH LTD,       165.50,       174.20,-4.99
L,PRATHAM EPC PROJECTS LTD,       299.95,       315.70,-4.99
L,SHUBHLAXMI JEWEL ART LTD,        36.60,        38.50,-4.94
L,DE NEERS TOOLS LIMITED,       185.00,       194.55,-4.91
