SYMBOL,SYMBOL P/E,ADJUSTED P/E
POLICYBZR,888.2,888.2
NYKAA,1103.72,1103.72
AWL,263.13,210.36
MONARCH,14.66,14.65
SAPPHIRE,184.03,184.03
PRUDENT,51.39,51.39
EPIGRAL,28.2,28.2
NUVOCO,83.02,83.02
GOCOLORS,67.88,67.88
TRACXN,137.91,137.91
CMSINFO,22.25,22.25
FUSION,9.3,9.3
COASTCORP,71.49,71.49
TARSONS,52.44,52.44
MEDPLUS,165.21,165.21
TEGA,58.97,58.97
RATEGAIN,59.58,59.58
MANORG,70.83,70.83
LATENTVIEW,66.5,66.5
METROBRAND,75.24,75.24
MICEL,17.67,19.74
PASUPTAC,25.33,25.33
FOODSIN,23.71,23.68
PARADEEP,61.71,61.71
MAPMYINDIA,78.62,78.62
TMB,7,7
KRITI,31.41,31.41
MANYAVAR,65.22,65.22
GANESHBE,18.16,18.14
GVPTECH,83.47,83.47
DMCC,68.84,68.84
MEDICAMEQ,63.64,63.64
EMIL,45.81,45.81
SHIVALIK,50.87,50.87
UMAEXPORTS,28.36,27.56
DATAPATTNS,81.91,81.91
MEDANTA,68.11,68.11
AHL,21.98,21.98
MALLCOM,17.49,17.49
ASIANENE,45.71,42.65
SMLT,19.67,19.67
NRL,73.46,73.46
RADIANTCMS,18.95,18.95
CHOICEIN,54.96,54.96
HARIOMPIPE,29.16,29.16
GRWRHITECH,22.68,22.68
DCMSRIND,15.94,15.94
RAJRILTD,287.46,287.46
EMUDHRA,85.98,85.98
DYCL,33.15,33.15
FIVESTAR,28.41,28.41
STARTECK,14.34,14.34
VIRINCHI,25.75,25.75
SBC,70.98,70.98
ELDEHSG,28.71,28.71
ELIN,59.34,59.34
SEJALLTD,103.1,103.1
MHLXMIRU,21.52,21.52
RELCHEMQ,49.81,49.81
GATEWAY,19.78,19.78
SYRMA,65.84,65.35
ZIMLAB,29.86,29.86
JTLIND,34.46,34.46
CAMPUS,99.11,99.11
RAINBOW,60.46,60.46
VENUSPIPES,50.46,50.46
AETHER,132.89,70.62
ROTO,34.87,34.87
MEGASTAR,44.92,44.92
INDOBORAX,13.47,13.47
LANDMARK,49.96,48.38
RACE,341.79,341.79
AVONMORE,26.54,26.54
ETHOSLTD,109.39,109.39
DREAMFOLKS,36.93,36.93
MSUMI,47.51,47.51
DHARMAJ,20.56,20.56
HARSHA,44.49,44.49
OBCL,29.74,29.74
GMRP&UI,98.6,
INDOAMIN,20.08,20.08
INOXGREEN,134.48,134.48
ACI,23.58,23.58
BIKAJI,64.35,64.35
RITCO,18.96,18.96
SADHNANIQ,376.9,376.9
HARDWYN,102.22,102.22
CHEVIOT,13.34,13.34
HMAAGRO,28.8,28.8
MEDICO,39.49,39.49
KFINTECH,49.11,49.11
YATHARTH,31.04,31.04
DCXINDIA,43.12,43.12
AKSHAR,22.57,22.57
KAYNES,117.77,117.77
NGLFINE,36.07,36.07
AXITA,27.41,27.41
SENCO,40.31,40.31
TRU,58.16,58.16
RADHIKAJWE,14.45,14.45
TIPSFILMS,220.53,220.53
SPLPETRO,38.24,38.24
RAMRAT,30.11,30.11
CSLFINANCE,15.07,15.07
RUSTOMJEE,106.59,106.59
GENSOL,68.73,68.61
DBOL,18.58,18.58
GSLSU,45.61,45.61
SPORTKING,14.52,14.52
MANORAMA,97.11,97.11
GRMOVER,14.77,14.77
SYNCOMF,44.75,44.71
DJML,73.64,73.64
SULA,46.74,46.74
KRITINUT,11.52,11.52
AVALON,114.78,114.78
BAIDFIN,18.78,18.78
KAMOPAINTS,84.18,84.18
SCPL,26.31,26.31
SUKHJITS,14.12,14.12
MANKIND,45.2,45.2
SKYGOLD,41.56,41.56
SATINDLTD,3.77,3.77
DIVGIITTS,54.34,54.34
USK,10.88,10.88
IKIO,35.53,35.53
MANOMAY,25.72,25.72
FAZE3Q,21.42,21.42
LLOYDSME,29.21,29.21
AARTIPHARM,25.14,25.14
RHL,67.86,67.86
SAHYADRI,17.54,17.54
NINSYS,58.27,58.27
SBGLP,76.59,76.59
ASMS,409.08,266.75
HYBRIDFIN,17.24,16.74
SAH,263.06,263.06
CYIENTDLM,89.87,89.87
AKI,147.07,147.07
ATAM,42.28,42.28
IDEAFORGE,65.83,65.83
LAL,50.01,50.01
AARTECH,158.88,158.88
POCL,26.51,26.51
REDTAPE,82.85,82.85
ASHOKAMET,11.19,11.19
PTCIL,380.97,380.97
NETWEB,183.59,183.59
GHCLTEXTIL,31.02,31.02
KIRLPNU,59.24,56.67
ATL,40.47,40.47
NIITMTS,28.15,27.65
SINDHUTRAD,52.16,52.15
TREL,4.29,40.49
NOCIL,33.19,33.19
DRREDDY,18.31,18.31
DEEPAKFERT,16.59,16.59
MAHSEAMLES,9.58,9.55
COROMANDEL,25.42,25.42
VINDHYATEL,24.19,24.19
ASIANPAINT,51.94,51.94
PGHL,39.04,39.04
BEML,57.59,57.59
CENTENKA,29.33,29.33
VTL,22.75,22.75
FEDERALBNK,10.26,10.26
VIPIND,128.57,203.65
BIRLACABLE,33.18,33.18
AEGISLOG,39.72,39.72
HONAUT,93.78,93.78
RANEHOLDIN,18.81,8.8
SUNPHARMA,37.63,36.06
IVP,13.5,13.5
EICHERMOT,36.88,36.88
ZENSARTECH,23.46,23.46
KPIL,40.24,40.24
IGARASHI,160.28,160.28
MUNJALSHOW,20.64,19.41
RANASUG,11.89,11.89
UFLEX,,11.55
SUBROS,41.83,41.83
WIPRO,22.32,22.32
TATACOMM,55.79,61.47
SANOFI,41.8,40.46
KAJARIACER,45.55,45.52
PRSMJOHNSN,56.06,
EIHAHOTELS,30.82,30.82
STYRENIX,19.4,19.4
IDBI,16.26,16.26
ELECTCAST,13.38,13.38
INDHOTEL,68.98,68.98
GILLETTE,64.32,64.32
GABRIEL,30.76,30.76
PRAKASH,8.85,8.85
KSB,79.71,79.71
SUDARSCHEM,15.28,48.73
HINDALCO,14.97,14.99
AMBUJACEM,33.45,35.04
BIRLACORPN,27.99,28.41
ASHAPURMIN,14.16,21.89
TNPL,8.58,8.58
DALMIASUG,11.51,11.51
GARFIBRES,39.57,39.57
CUBEXTUB,33.73,33.73
KEYFINSERV,5.48,5.48
SUNDRMBRAK,29,29
STERTOOLS,23.83,23.95
DENORA,43.12,43.12
PILANIINVS,27.9,27.9
ALKEM,33.21,31.54
PRECAM,46.17,71.57
QUICKHEAL,97.74,97.74
BHAGERIA,38.04,38.04
KDDL,23.75,23.8
HCG,127.41,136.95
BHARATWIRE,19.32,19.32
THYROCARE,48.54,48.44
PARAGMILK,24.28,24.28
UNITEDPOLY,29.79,29.79
BLS,40.61,40.61
SALONA,24.4,24.4
CONTROLPR,24.6,24.62
INTENTECH,22.34,22.34
CLEDUCATE,26.39,28.18
DEVIT,28.25,28.25
PANACHE,,29.46
SCHAND,15.95,15.95
GLOBE,14.93,14.93
CDSL,51.35,51.35
DYNPRO,86.74,86.74
THEINVEST,51.18,51.18
SIS,37.88,37.88
GEEKAYWIRE,12.38,12.38
ABCAPITAL,19.33,19.33
CHOLAHLDNG,6.07,6.07
DPWIRES,28.53,28.53
DIAMONDYD,40.54,39.95
GATECHDVR,15.8,15.8
IEX,43.4,43.4
SECURCRED,12.37,12.37
5PAISA,30.36,30.36
SILVERTUC,61.05,61.05
SHRADHA,8.81,8.81
TOUCHWOOD,47.13,47.14
AJOONI,44.43,44.43
SILLYMONKS,144.13,144.13
SOUTHWEST,41.03,43.56
ARVEE,256.88,256.88
SARVESHWAR,50.19,50.19
BDL,84.88,84.88
MITTAL,29.99,92.75
ISEC,13.81,13.81
AVG,21.99,36.5
CHEMFAB,31.63,31.63
AAKASH,18.72,18.72
SVLL,77.75,77.75
SONAMLTD,28.44,28.44
OAL,129.02,129.02
SATIA,5.38,5.38
AFFLE,56.88,56.88
SPANDANA,10.97,10.97
UJJIVANSFB,7.55,7.55
SAFARI,55.81,55.81
IIFLSEC,13.18,13.18
VISHWARAJ,22.37,22.37
KUANTUM,7.22,7.22
CHEMBOND,15.34,15.34
ROUTE,25.46,26.41
SIGMA,21.11,21.11
EQUITASBNK,13.83,13.83
HINDWAREAP,76.08,76.08
ARTEMISMED,50.16,50.16
ATALREAL,24.64,24.64
MAHEPC,239.48,186.02
STOVEKRAFT,52.06,52.06
RAJRATAN,39.83,39.83
GLAND,40.24,40.24
NDRAUTO,30.6,30.6
AAATECH,43.9,43.9
UNIDT,47.28,47.28
ANGELONE,21.02,21.02
ELECTHERM,2.96,2.96
GUJAPOLLO,24.83,24.83
JAGSNPHARM,39.75,39.75
RUCHINFRA,19.58,43.83
HERITGFOOD,58.74,58.74
GAIL,15.92,16.49
HUDCO,25.28,25.28
REPRO,82,82
GAEL,20.34,20.34
AXISCADES,62.35,62.35
TIPSINDLTD,45.47,45.47
MARKSANS,22.68,22.68
GODREJCP,,77.64
UNITDSPR,67.93,67.43
ASAL,69.08,69.08
UNIONBANK,8.2,8.2
GODREJIND,41.84,41.84
VARDHACRLC,25.42,25.42
WELSPUNLIV,20.13,20.13
IGL,20.03,20.03
BIOCON,29.53,29.43
APARINDS,40.01,40.01
COFORGE,41.66,42.12
GUFICBIO,43.7,43.7
KOTARISUG,16,16
PATELENG,16.91,22.37
JINDALPHOT,48.36,48.36
ALLSEC,25.48,25.48
CYBERMEDIA,10.67,8.13
63MOONS,7.59,7.59
GENUSPOWER,93.4,93.4
RML,465.98,12.86
GLOBALVECT,233.93,233.93
LTFOODS,15.73,15.73
SOBHA,398.63,398.7
PLASTIBLEN,19.19,19.19
WANBURY,8.87,16.32
UNOMINDA,73.59,75.44
CTE,30.28,30.28
PFC,7.92,7.92
PAGEIND,75.74,75.74
BANSWRAS,14.79,14.79
ZENITHSTL,15.73,15.73
SRHHYPOLTD,12.22,11.09
INSECTICID,17.13,17.13
NELCAST,23.24,31.93
ISMTLTD,22.89,21.36
MOTILALOFS,16,16
MAGNUM,13.89,19.19
POWERGRID,18.84,18.84
RELIGARE,20.74,43.58
HINDNATGLS,.98,.61
GKWLIMITED,101.86,101.86
ADANIPOWER,14.25,14.25
OIL,10.09,10.14
AMRUTANJAN,47.07,47.07
ZYDUSWELL,44.88,42.6
DBCORP,12.84,12.84
TRF,16.53,16.53
VASCONEQ,27.47,27.47
MANINFRA,26.18,26.18
HMVL,80.73,80.73
IITL,5.21,7.31
WELINV,100.99,100.99
ASHOKA,10.73,12.39
CGCL,47.51,47.51
JINDWORLD,89.56,89.56
KIRLOSENG,40.69,39.76
JUBLINDS,68.59,31.98
MUTHOOTFIN,15.81,15.81
OMINFRAL,26.05,26.05
DELPHIFX,13.53,13.53
DHANUKA,29.01,29.01
LTF,17.77,17.77
ORIENTCEM,26.4,26.4
PILITA,61.5,61.5
MITCON,26.97,26.97
AGRITECH,11.95,11.95
AGARIND,14.86,14.86
SHARDACROP,118.82,118.82
INTELLECT,43.27,43.05
GULPOLY,65.45,65.45
GENUSPAPER,151.33,151.33
LINC,25.33,25.33
HESTERBIO,97.74,97.74
IMAGICAA,7.73,131.43
LFIC,6.05,6.05
PRIVISCL,47.71,47.71
TPLPLASTEH,34.03,34.03
ORICONENT,29.25,24.59
ADANIENSOL,95.8,86
PKTEA,18.34,18.34
SHREEPUSHK,16.19,16.19
BALAXI,,16.55
THERMAX,95.5,105.56
RIIL,180.09,180.09
RAYMOND,26.18,24.94
SHREDIGCEM,18.3,18.3
SESHAPAPER,8.21,8.21
SUNDRMFAST,50.17,50.17
EXIDEIND,50.66,50.66
CRISIL,46.33,46.33
ORIENTPPR,163.71,163.71
MASTEK,27.67,27.45
TRENT,130.48,211.73
CUMMINSIND,66.59,66.53
JBCHEPHARM,52.83,52.83
INDIAGLYCO,17.03,17.03
IONEXCHANG,39.88,39.88
HIMATSEIDE,11.4,11.4
GFLLIMITED,284.26,284.26
BHARATFORG,81.34,80.72
ATUL,55.94,55.94
TATAMOTORS,10.42,10.18
MRPL,10.05,10.03
ESCORTS,43.35,43.35
BAJAJHLDNG,66.51,66.51
ZUARIIND,1.38,
VOLTAS,125.02,125.02
TATASTEEL,,68.13
SPIC,18.85,12.81
RELIANCE,25.32,25.32
BOSCHLTD,36.44,49.29
CARBORUNIV,71.58,71.58
DICIND,,98.87
RAMCOCEM,52.64,52.64
CENTURYTEX,104.97,39.65
TORNTPHARM,58.53,61.24
EPL,29.02,27.43
VLSFINANCE,2.81,2.81
BALRAMCHIN,15.75,15.75
WEIZMANIND,19.24,19.24
BBOX,33.07,26.44
JTEKTINDIA,41.86,44.18
SHREYANIND,3.68,3.68
HCC,13.45,
ARE&M,28.38,28.38
ADANIENT,108.61,101.25
GET&D,175.67,175.67
BANARISUG,19.71,19.71
JYOTISTRUC,73.15,73.15
SOTL,17.7,17.7
KARURVYSYA,10.78,10.78
WSI,14.39,14.23
THOMASCOOK,37.28,37.28
SIEMENS,104.53,104.53
VSTIND,22.18,22.18
JUBLPHARMA,110.38,75.84
SOMANYCERA,30.13,30.06
HLVLTD,70.27,70.27
M&M,31.32,31.32
KABRAEXTRU,44.68,44.68
POLYPLEX,30.48,30.48
PCBL,18.78,18.78
OSWALAGRO,346.99,343.57
RUBYMILLS,15.46,15.46
ABB,116.8,116.8
BRITANNIA,61.85,61.79
DCMSHRIRAM,34.71,34.71
COSMOFIRST,26.02,26.02
HDFCBANK,18.25,18.14
GMBREW,9.61,9.61
ITC,26.32,26.31
IOC,5.61,5.61
OSWALGREEN,137.8,137.8
HUHTAMAKI,6.03,23.56
RICOAUTO,46.61,44.55
MANINDS,23.33,23.33
SIYSIL,11.02,11.02
ONWARDTEC,27.08,27.08
NCC,28.38,27.61
ELGIEQUIP,62.93,62.93
BBTC,5.74,5.55
BEPL,18.68,18.68
BANARBEADS,22.06,22.06
GHCL,6.21,8.15
S&SPOWER,33.48,33.48
PRUDMOULI,11.96,11.12
EVERESTIND,95.23,140.58
TFCILTD,17.89,17.89
AGI,18.42,18.42
TATACONSUM,82.98,71.58
ZEEL,79.39,280.6
FMGOETZE,17.02,17.02
JAYSREETEA,22.83,
KANSAINER,19.57,34.5
ANDHRAPAP,6.11,6.11
SCHAEFFLER,72.3,72.03
AMJLAND,14.7,14.7
GODFRYPHLP,28.02,28.02
SHREECEM,41.02,41.02
INGERRAND,64.57,64.57
HINDUNILVR,58.6,58.62
FINPIPE,49.46,49.46
DCM,24.47,24.47
HEUBACHIND,21.72,21.72
PVP,10.18,
NAVA,6.93,7.56
PEARLPOLY,88.72,88.72
KHAITANLTD,28.52,28.52
ANDHRSUGAR,28.57,27.34
STARPAPER,5.61,5.48
AUSOMENT,15.76,15.76
SILINV,17.81,17.81
SANGAMIND,45.83,40.03
MOTHERSON,40.09,38.89
CREST,18.15,18.15
WENDT,77.33,77.33
SHRIRAMFIN,12.81,12.81
MIRZAINT,49.36,49.36
GANESHHOUC,18,18
MPHASIS,29.11,29.11
GUJRAFFIA,43.82,43.82
KOTHARIPET,12.37,12.31
BANKBARODA,7.76,7.76
INDNIPPON,25.89,25.89
CONCOR,52.17,52.17
KCPSUGIND,6.61,7.42
FDC,23.94,23.94
INDUSINDBK,12.89,12.89
TRIGYN,18.84,18.84
KOTHARIPRO,19.67,19.67
ITDCEM,28.47,28.47
SONATSOFTW,53.26,4.56
CYBERTECH,20.89,20.89
DHANBANK,18.23,18.23
STCINDIA,16.04,17.24
RSSOFTWARE,26.27,26.27
IVC,32.17,32.17
ALEMBICLTD,27.88,27.88
BSOFT,30.1,30.1
ZYDUSLIFE,28.52,28.47
RAJESHEXPO,24.83,24.83
IOB,47.4,47.4
BLBLIMITED,37.01,37.01
BLUESTARCO,79.3,79.3
PNBGILTS,28.02,30.43
TAJGVK,28.33,28.33
HAVELLS,91.57,91.57
MRO-TEK,46.13,46.13
KHANDSE,264.46,264.46
ACLGATI,198.06,
JISLJALEQS,54.48,54.48
OLECTRA,181.71,198.01
APTECHT,46.43,39.9
NUCLEUS,17.63,17.63
OMAXAUTO,26.26,
NSIL,31.71,31.71
TVSELECT,2274.3,2274.3
UPL,,20.24
PTC,11.27,11.03
MAHABANK,11.55,11.55
POONAWALLA,20,29.28
CCL,31.96,31.96
LT,31.29,31.43
TCS,30.29,29.82
GULFPETRO,11.49,11.49
ASTRAMICRO,73.05,73.05
JBMA,131.59,131.59
XCHANGING,95.29,95.29
JPPOWER,11.99,8.29
SAKSOFT,29.22,29.22
WELCORP,15.82,15.82
GRANULES,28.31,28.31
JSWHL,62.69,62.69
MSPL,66.89,54.66
GOLDIAM,19.68,19.68
FCSSOFT,,73.14
AURIONPRO,44.65,44.65
AIAENG,31.34,31.35
ORIENTCER,30.74,36.25
EKC,15.53,15.23
NITINSPIN,14.49,14.49
ENIL,27.7,28.61
GVKPIL,7.25,7.25
KEC,59.98,59.98
BLKASHYAP,37.14,37.14
SOLARINDS,96.66,96.66
KKCL,27.72,27.72
GPIL,15.47,15.7
EMKAY,15.13,15.13
BALPHARMA,25.47,25.47
RATNAMANI,38.67,38.67
ALLCARGO,43.45,57.14
EMAMILTD,43.91,43.62
TECHM,54.83,54.91
SELAN,29.62,29.62
ANANTRAJ,51.7,51.7
ALICON,13.69,13.69
FIEMIND,20.31,20.31
GESHIP,6.49,6.49
RUCHIRA,7.58,7.58
NFL,87.47,87.47
AVTNPL,24.53,24.53
TIDEWATER,24.17,24.17
AUTOIND,30.49,30.57
PGIL,16.77,16.72
FSL,26.81,26.81
ASTRAL,106.37,106.37
THEMISMED,80.55,80.55
ICRA,34.76,34.76
AROGRANITE,37.58,37.58
NDLVENTURE,193.51,193.51
FORTIS,54.75,55.82
HILTON,37.45,37.45
KMSUGAR,12.47,12.47
NAGREEKEXP,15.86,15.86
DLF,128.68,128.68
MEGASOFT,64.63,64.63
CIEINDIA,26.58,26.58
PURVA,205.76,205.76
KSCL,16.02,16.02
MAANALU,23.74,23.74
BAJAJELEC,82.69,82.69
EDELWEISS,12.71,12.71
RGL,13.88,13.88
KAUSHALYA,2.22,2.22
HITECHCORP,16.93,16.93
BRIGADE,79.53,79.53
MANAKSIA,8.33,6.31
DVL,27.43,27.43
BIRLAMONEY,16.71,16.71
CORDSCABLE,30.03,30.03
HERCULES,43.58,43.58
SEPC,139.1,139.1
IRB,46.02,46.02
GSS,34.15,34.15
RECLTD,9.52,9.52
NESCO,17.27,17.27
TITAGARH,62.59,62.22
BAJAJFINSV,16.04,16.04
DIGISPICE,13.32,30.6
ALMONDZ,13.22,34.72
LOTUSEYE,43.66,44.08
UBL,138.12,138.12
ZFCVINDIA,80.64,80.64
JOCIL,98.71,98.71
ALKALI,110.3,91.88
TPHQ,20.28,20.28
MAWANASUG,10.64,10.64
VINATIORGA,52.88,52.88
NHPC,25.46,25.46
EXPLEOSOL,21.11,21.11
SUNTECK,108.53,108.53
SARDAEN,15.79,15.72
JSWENERGY,64.43,64.43
BEARDSELL,18.49,18.49
NESTLEIND,98.36,98.73
EMMBI,18.13,18.13
SJVN,57.35,61.68
KIRLOSIND,16.85,15.2
TI,38.13,37.33
AHLEAST,7.87,10.28
UGARSUGAR,39.38,39.38
GREENPOWER,51.13,59.65
WABAG,28.62,27.82
JWL,76.78,76.78
SHAH,40.5,40.5
RESPONIND,54.18,54.18
GRAVITA,32.3,32.3
PSB,69.6,69.6
TEXRAIL,80.97,80.97
LOVABLE,31.45,31.45
SYMPHONY,54.2,53.77
VSTTILLERS,27.04,27.04
KARMAENG,627.99,627.99
RUSHIL,19.59,19.59
BROOKS,139.27,139.27
PGEL,55.03,55.03
PAISALO,32.45,32.52
INDOTHAI,19.57,19.57
DSSL,28.2,28.2
JISLDVREQS,.82,.82
VIKASECO,97.13,97.13
KANANIIND,104.53,104.53
THOMASCOTT,24.78,24.78
IRFC,35.17,35.17
RHIM,,53.76
SCHNEIDER,108.73,106.66
TBZ,12.91,12.91
SPECIALITY,28.7,28.7
RTNINDIA,24.38,21.83
PROZONER,187.8,187.8
MAYURUNIQ,21.17,21.17
TVSHLTD,12.73,12.71
ZUARI,5.31,5.31
INDUSTOWER,15.54,15.54
ATULAUTO,212.79,212.79
ESSENTIA,24.83,24.92
SREEL,23.9,23.9
HATSUN,88.12,88.12
SNOWMAN,89.45,89.45
PDSL,29.9,30.52
GOODLUCK,20.91,20.91
APOLSINHOT,37.3,37.3
GRPLTD,61.73,56.73
GANECOS,76.94,76.94
JMA,8.82,8.82
MANAKCOAT,45.87,45.87
AVANTIFEED,21.96,21.96
BCG,1.41,1.41
UFO,38.65,35
SKIPPER,45.04,45.04
SYNGENE,56.06,55.09
RAMASTEEL,57.66,57.66
ARVSMART,60.27,60.27
GUJGASLTD,35.59,37.02
IDFCFIRSTB,18.65,18.65
LUXIND,35.1,35.1
SALZERELEC,29.66,29.66
LALPATHLAB,64.14,64.14
OCCL,13.63,13.63
VIDHIING,64.81,64.81
KELLTONTEC,14.95,14.95
PDMJEPAPER,9.34,9.34
HECPROJECT,20.21,20.21
WEALTH,20.56,20.56
SAGARDEEP,63.13,63.13
ARMANFIN,13.48,13.48
ASPINWALL,19.5,19.5
PREMEXPLN,113.3,113.3
INCREDIBLE,32.09,32.09
MGL,10.93,10.93
COMPINFO,.78,.78
QUESS,32.16,29.47
SOMICONVEY,33.19,33.19
LLOYDSENGG,90.65,90.65
LTIM,31.68,31.68
DBL,33.06,361.45
NDGL,9.8,9.8
BIGBLOC,54.14,54.14
MBAPL,80.64,80.64
CUPID,35.53,35.53
MARATHON,17.6,17.6
MASKINVEST,1088.51,1088.51
SAKAR,60.09,60.09
PANSARI,30.67,30.67
ARTNIRMAN,137.05,137.05
MAZDA,17.34,17.34
VBL,90.83,90.83
JETFREIGHT,308.89,
TCIEXP,31.96,31.96
TERASOFT,28.06,24.64
LIBAS,9.14,9.14
MAHESHWARI,14,14
BHANDARI,19.29,19.29
MCL,83.69,83.69
PRICOLLTD,39.25,39.25
STEELCITY,11.89,11.89
KRISHANA,41.14,41.14
GLOBAL,13.33,13.33
SANGINITA,62.08,62.08
AKASH,305.68,305.68
RADIOCITY,81.67,81.67
TASTYBITE,65.98,65.98
AIRAN,26.4,26.4
LAXMICOT,,97.35
EIFFL,150.71,150.71
NRAIL,6.01,6.01
CREATIVE,21.3,21.3
FOCUS,27.57,27.57
SIKKO,42.1,42.1
INFOBEAN,48.04,48.04
STARCEMENT,31.05,31.05
ERIS,34.81,34.81
ACEINTEG,57.42,57.42
SALASAR,59.64,59.64
TOTAL,117.1,117.1
WEWIN,32.62,32.62
COCHINSHIP,63.57,63.57
VAISHALI,211.09,211.09
SERVOTECH,158.62,158.62
MATRIMONY,27.9,27.9
WORTH,10.58,10.58
AARVI,17.74,17.74
AIROLAM,27.77,27.77
RKEC,10.89,10.89
JASH,42.81,42.81
TIRUPATIFL,28.83,28.83
TCPLPACK,18.77,18.77
DPABHUSHAN,45.62,45.62
NAM-INDIA,34.2,34.2
IFGLEXPOR,26.34,26.34
VERTOZ,160.5,160.5
ICEMAKE,42.81,42.81
DNAMEDIA,.38,
ONEPOINT,50.26,50.26
BCONCEPTS,69.09,69.09
NEWGEN,53.25,53.25
GALAXYSURF,31.04,31.04
SINTERCOM,316.3,316.3
GMMPFAUDLR,31.16,31.16
HINDCON,41.82,41.82
UNIINFO,77.52,77.52
MACPOWER,60.24,60.24
BANDHANBNK,21.18,21.18
URAVI,301.23,301.23
KAPSTON,28,28
MIDHANI,86.15,86.15
MMP,28.88,28.88
PIGL,15.63,15.63
BSHSL,92.89,92.89
GODHA,106.06,106.06
SOFTTECH,110.45,110.45
E2E,115.83,115.83
SIRCA,35.04,35.04
ADANIGREEN,306.75,245.98
PRITI,19.28,19.28
ACCURACY,277.87,277.87
RITES,32.05,32.05
GANGAFORGE,198.59,202.91
REPL,22.48,22.48
AVROIND,30.57,30.57
TEMBO,20.39,20.85
CREDITACC,16.6,16.6
AARON,44.23,44.23
SUMIT,21.36,21.36
LAGNAM,16.24,16.24
RPPL,32.55,32.55
AKG,49.13,49.13
IRCON,26.8,26.8
AHLADA,12.41,12.41
RAJMET,19.41,19.41
KSHITIJPOL,18.15,
GRSE,42.48,42.48
KRITIKA,50.29,50.29
SILGO,20.08,20.08
VINNY,30.32,30.32
BBTCL,30.47,30.47
MARINE,56.25,56.54
IRISDOREME,49.97,49.97
ATGL,164.36,164.36
TECHNOE,50.69,50.69
UNIPARTS,18.54,18.54
SHRIRAMPPS,5.18,5.18
TREJHARA,13.26,47.69
AWHCL,12.37,12.37
RPSGVENT,11.02,11.02
MSTCLTD,28.46,28.46
OSIAHYPER,16.11,16.11
ANUP,34.46,34.46
ARVINDFASN,61.02,58.49
PAR,19.64,19.64
RVNL,53.06,53.06
POLYCAB,56.67,56.67
METROPOLIS,80.05,80.05
KPITTECH,67.82,67.82
NEOGEN,114.95,114.95
VIKASLIFE,60.27,34.86
EMAMIPAP,7.98,7.98
CONFIPET,24.91,24.91
PPL,11.31,11.31
DGCONTENT,24.21,24.21
INDIAMART,41.06,40.89
WEL,125.29,125.29
CHEMCON,47.17,47.17
WESTLIFE,184.26,184.26
HNDFDS,62.42,62.42
MAZDOCK,34.83,34.83
IRCTC,70.41,67.8
DCI,24.69,24.69
360ONE,35.59,35.59
HPIL,113.18,113.18
FLUOROCHEM,77.8,77.8
GREENPANEL,26.99,26.99
APOLLOPIPE,63.91,63.91
MGEL,17.56,17.56
SBICARD,28.32,28.32
HOMEFIRST,25.06,25.06
CSBBANK,10.59,10.59
EASEMYTRIP,71.76,43.41
ROSSARI,29.83,29.83
PRINCEPIPE,39.27,42.65
LIKHITHA,25.78,25.78
PATANJALI,69.84,69.84
SUMICHEM,66.87,66.87
ASALCBR,22.96,22.96
UNIVPHOTO,12.25,12.25
SUVENPHAR,57.78,57.78
POWERINDIA,271.13,271.13
KSOLVES,38.56,38.56
HAPPSTMNDS,55.69,58.01
AARTISURF,26.85,26.85
BOROLTD,51.19,51.19
MAXHEALTH,74.6,74.6
PAVNAIND,58.18,58.18
KALYANKJIL,70.73,70.73
BTML,52.49,52.48
SHAREINDIA,14,13.98
SIGACHI,36.69,36.69
ADL,1684.77,1684.77
NIRAJ,17.97,12.14
CAMS,48.32,48.32
SURYODAY,9.9,9.9
UTIAMC,15.5,15.5
BECTORFOOD,60.2,60.2
ORCHPHARMA,56.84,56.84
INDIGOPNTS,43.78,43.78
LXCHEM,56.53,56.53
MTARTECH,94.34,94.34
ANURAS,50.65,50.65
KANPRPLA,291.87,291.87
STYLAMIND,21.36,21.22
CLSEL,9.38,9.38
CARYSIL,39.56,39.56
MODISONLTD,19,23.88
BCLIND,14.72,14.65
BHAGCHEM,144.99,144.99
SMCGLOBAL,9.63,9.62
ARIHANTCAP,10.2,10.2
NAZARA,68.58,67.95
GENCON,17.76,17.76
HLEGLAS,71.37,66.62
SONACOMS,74.78,73.84
DRCSYSTEMS,24.69,24.69
PARAS,114,114
DODLA,35.63,35.63
EXXARO,190.69,190.69
ROLEXRINGS,38.39,34.81
SHYAMMETL,16.45,16.45
KIMS,44.32,44.32
TATVA,77.7,77.7
CLEAN,57.67,57.67
ABSLAMC,22.1,22.1
ZOMATO,458.1,458.1
WINDLAS,23.26,23.26
KRSNAA,33.92,33.92
APTUS,25.92,25.92
SUPRIYA,24.8,24.8
VIJAYA,69.63,68.76
VINEETLAB,52.56,52.56
SANSERA,30.93,30.93
PRITIKAUTO,25.78,25.78
AAREYDRUGS,25.07,25.07
INTLCONV,8.13,8.13
HPAL,43.4,43.75
UGROCAP,21.55,21.55
YUKEN,89.7,89.7
SGIL,39.99,39.99
SJS,28.71,28.71
FINOPB,27.25,27.25
ADORWELD,26.69,26.69
TATACHEM,72.62,22.05
ATFL,158.01,225.6
SUPREMEIND,79.15,79.15
SRF,52.26,52.26
PRECOT,28.28,44.99
TATAELXSI,56.13,56.13
SANDESH,5.04,5.05
ASHIMASYN,7.52,7.52
BALKRISIND,42.7,42.7
RAJSREESUG,14.97,14.97
ONGC,6.06,5.92
TAINWALCHM,32.7,32.7
JINDALPOLY,31.17,31.06
ANIKINDS,445.06,445.06
BSL,16.21,16.21
JAYNECOIND,22.27,20.43
APCOTEXIND,40.68,40.68
RCF,40.72,48.46
DECCANCE,24.23,18.29
TATAPOWER,46.14,49.86
SUNFLAG,26.62,26.62
BHARATRAS,53.03,53.03
TOKYOPLAST,104.67,104.67
IFCI,66.14,66.68
HEIDELBERG,29.67,29.67
MANGLMCEM,39.75,39.75
3PLAND,30.83,30.83
HONDAPOWER,28.2,29.4
SAIL,23.67,18.74
GRAPHITE,13.79,604.8
BBL,37.6,37.6
DHAMPURSUG,10.88,10.88
CIPLA,29.81,28.77
HEROMOTOCO,29.62,28.71
HARRMALAYA,,1124.49
GIPCL,16.26,16.26
INDIANHUME,22.98,22.98
HINDCOMPOS,17.73,17.73
KAMATHOTEL,13.1,44.03
BANCOINDIA,15.99,15.99
APOLLOTYRE,17.97,17.33
SHANTIGEAR,50.05,50.05
PRECWIRE,32.16,32.16
NILKAMAL,24.96,24.96
ICIL,20.92,20.92
SEAMECLTD,22.31,22.31
AUROPHARMA,22.97,22.23
EIHOTEL,42.42,41.96
LICHSGFIN,7.79,7.79
GICHSGFIN,7.86,7.86
MOREPENLAB,25.42,25.42
WSTCSTPAPR,5.23,5.23
21STCENMGM,1.68,1.68
VENKEYS,32.45,32.45
PRAJIND,38.74,38.74
HIL,56.07,1048.95
BPL,36.09,36.09
PGHH,73.55,73.55
VESUVIUS,45.52,45.52
BOMDYEING,1.15,
NAVNETEDUL,17,18.52
GLAXO,74.69,66.68
CHOLAFIN,33.49,33.49
KOTAKBANK,19.3,19.3
ORIENTHOT,50.71,50.71
FOSECOIND,30.94,35.56
3MINDIA,65.96,65.96
RALLIS,41.16,41.36
MFSL,83.87,83.87
KOPRAN,22.53,22.53
GREAVESCOT,,231.5
SURYAROSNI,19.48,19.48
TATAINVEST,102.05,102.05
SAKHTISUG,3.35,
AKZOINDIA,28.68,28.68
HINDZINC,36.47,36.47
GRASIM,16.38,15.74
FINCABLES,38.74,45.43
DCW,100.65,94.9
CESC,13.44,16.37
BEL,52.54,52.54
BAJFINANCE,30.38,30.38
CORALFINAC,8.55,8.55
GREENPLY,46.42,53.61
REMSONSIND,44.5,43.64
NATCOPHARM,14.16,14.16
MRF,25.87,25.87
TTKPRESTIG,45.37,45.37
SKFINDIA,55.48,55.48
JAYAGROGN,14.61,14.61
ROML,47.88,47.88
RAILTEL,50.1,52.08
HERANBA,37.89,37.89
FAIRCHEMOR,41.95,41.95
ISGEC,33.23,33.23
PAKKA,23.4,23.4
SHAILY,51.56,51.56
FIBERWEB,15.57,15.57
SBCL,37.8,37.8
IPL,45.89,45.89
LODHA,93.62,88.17
UTKARSHBNK,11.61,11.61
CRAFTSMAN,27.88,27.88
JUBLINGREA,44.63,44.63
GLS,22.81,22.81
DEEPINDS,15.2,15.36
PIXTRANS,21.31,21.31
CARTRADE,53.01,53.01
DEVYANI,,563.58
ANMOL,9.65,9.65
AMIORG,105.33,47.56
BAJAJHCARE,,27.31
GRINFRA,12.02,14.97
STEELCAS,17.42,17.42
KPIGREEN,67.07,66.98
ANANDRATHI,71.44,71.44
MARICO,56.16,56.16
BIOFILCHEM,143.69,143.69
ZENITHEXPO,456.95,456.95
VISAKAIND,1117.68,1117.68
AARTIDRUGS,27.44,27.44
HITECHGEAR,16.93,47.15
TVSSRICHAK,29.93,28.53
PUNJABCHEM,25.68,25.68
DYNAMATECH,44.08,84.4
MMFL,21.84,22
ALKYLAMINE,68.62,68.62
RAMCOIND,30.17,30.17
INDRAMEDCO,18.25,18.25
MADRASFERT,291.37,28.99
SKMEGGPROD,7.69,7.69
BANKINDIA,8.8,8.8
ICICIBANK,17.56,17.56
INDSWFTLAB,2.2,9.48
SAREGAMA,54.93,54.93
ENGINERSIN,35.93,35.93
ADROITINFO,13.32,13.32
JAICORPLTD,104.62,104.62
GMDCLTD,19.85,19.85
MAHAPEXLTD,.56,37.01
ASAHIINDIA,46.4,46.4
J&KBANK,7.57,7.57
CUB,10.77,10.77
SOUTHBANK,6.73,6.73
ASTRAZEN,96.45,103.95
AXISBANK,14.03,14.03
CYIENT,29.78,27.84
KOKUYOCMLN,32.82,32.82
GOACARBON,8.49,8.49
SANGHVIMOV,25.73,25.73
NATIONALUM,16.35,19.35
JINDALSTEL,17.37,17.37
NIPPOBATRY,29.26,29.26
HCLTECH,24.51,24.51
ACCELYA,26.36,26.42
STAR,304.47,35.52
NRBBEARING,12.82,34.87
BIL,43.38,43.38
KTKBANK,6.31,6.31
AJANTPHARM,37.25,37.25
CALSOFT,45.91,45.91
TVSMOTOR,63.54,63.54
PNC,36.88,36.88
NLCINDIA,17.06,17.06
CHENNPETRO,5.25,5.25
KRBL,10.9,10.9
USHAMART,27.35,27.35
BALAJITELE,36.22,36.22
TRIDENT,53.96,53.98
SMARTLINK,38.53,38.53
LUPIN,38.49,38.49
TCI,25.46,25.26
BHARTIARTL,138.59,88.56
PNB,16.57,16.57
TIMESGTY,55.52,55.52
OFSS,32.84,32.84
CANBK,6.88,6.88
DIVISLAB,75.26,75.26
MARUTI,30.3,30.3
UCOBANK,40.79,40.79
BAGFILMS,20.56,20.56
JAIBALAJI,16.88,16.88
DREDGECORP,74.82,73.26
UNIENTER,29.36,29.36
MUKANDLTD,21.78,21.78
VAIBHAVGBL,42.11,40.3
RKFORGE,37.09,37.08
DATAMATICS,18.27,18.27
EXCELINDUS,75.13,75.13
CENTEXT,21.53,21.87
APOLLOHOSP,94.97,95.1
INDBANK,26.21,26.21
NEULANDLAB,26.83,26.83
BERGEPAINT,50.57,50.75
BLUEDART,60.58,60.58
HSCL,43.1,43.1
ARENTERP,18.73,18.73
ADVANIHOTR,26.05,26.05
UNIVCABLES,68.55,68.55
MURUDCERA,53.12,53.12
LIBERTSHOE,55.96,42.59
PIDILITIND,92.17,89.61
JINDALSAW,11.21,11.21
CANFINHOME,13.72,13.72
DABUR,60.63,60.63
GOLDENTOBC,11.08,12.56
ESABINDIA,54.71,54.71
AARTIIND,57.8,57.8
HEG,36.78,36.78
TIMKEN,78.37,78.37
IPCALAB,56.41,61.5
GSFC,15.95,15.95
EIDPARRY,7.71,7.71
CGPOWER,114.8,117.61
AUTOAXLES,18.15,18.15
SWARAJENG,22.9,22.9
TNPETRO,15.4,12.34
EIMCOELECO,29.66,29.66
SAMBHAAV,63.51,84.07
SOMATEX,5.37,
INDIANCARD,19.69,
ARIHANTSUP,20.31,20.31
SHANKARA,20.97,20.97
WIPL,40.99,40.99
PSPPROJECT,21.53,21.53
AUBANK,32.41,31.14
MAGADSUGAR,8.09,8.09
SMSLIFE,37.74,37.74
GODREJAGRO,36.22,36.22
TIINDIA,64.63,64.65
AMBER,90.52,90.52
HGINFRA,19,19.42
HAL,42.38,42.38
ORIENTELEC,68.65,85.35
HIKAL,52.77,52.77
MPSLTD,29.64,29.64
PONNIERODE,8.2,8.2
SURANAT&P,29.07,29.07
GENESYS,91.93,91.93
RADICO,89.47,89.47
JSL,24.88,25.63
TVTODAY,23.54,22.24
PETRONET,12.62,12.81
XPROINDIA,51.71,49.65
NIITLTD,34.92,34.71
WELENT,18.24,18.24
INDOCO,30.69,32.71
GOKEX,45,45
SHOPERSTOP,106.67,98.41
JKPAPER,6.27,6.27
VHL,261.68,30.81
NECLIFE,143.05,143.05
SASKEN,28.15,28.15
JINDRILL,16.35,16.35
HBLPOWER,50.28,46.77
LUMAXTECH,20.39,20.39
PITTIENG,33.58,33.58
ORIENTBELL,6381.43,6381.43
REDINGTON,13.74,13.74
INDIANB,8.82,8.82
JKTYRE,13.15,12.84
NCLIND,11.29,11.29
PHOENIXLTD,44.85,44.85
TIMETECHNO,20.38,20.38
SHILPAMED,145.01,161.02
DLINKINDIA,16.79,16.79
MMTC,157.16,222.95
UNITEDTEA,10.89,10.89
DBREALTY,7.84,8.34
PERSISTENT,52.77,52.77
MANAPPURAM,6.84,6.84
BLISSGVS,13.68,6.45
GPPL,28.15,25.72
DEEPAKNTR,38.73,41.86
CANTABIL,29.23,29.8
OBEROIRLTY,36.01,36.01
IOLCP,16.65,16.65
JAMNAAUTO,24.85,24.85
STEL,58.56,58.56
HFCL,42.16,42.16
DHUNINV,10.79,10.79
PIIND,33.05,33.05
INVENTURE,18.6,15.41
IBULHSGFIN,6.53,6.53
JPOLYINVST,25.39,25.39
BUTTERFLY,176.74,144.45
GOCLCORP,41.67,43.56
CIGNITITEC,22.17,22.17
FCL,33.47,33.47
VISHNU,24.12,24.12
MANAKALUCO,34.71,34.71
VRLLOG,59.59,59.87
PNCINFRA,14.71,14.71
SATIN,5.95,5.95
SHARDAMOTR,16.73,16.73
COFFEEDAY,,6.67
TTKHLTCARE,33.03,33.03
PENINLAND,14.66,20.69
WHEELS,35.08,35.08
PREMIERPOL,20.64,20.64
SMLISUZU,28.3,28.3
FACT,355.34,132.58
ELECON,37.14,37.14
LAXMIMACH,45.31,45.31
PEL,,31.44
NELCO,72.36,72.36
MAHSCOOTER,44.41,44.41
LUMAXIND,46.83,46.83
KECL,87.36,87.36
KCP,11.72,11.7
JAYBARMARU,37.03,37.03
INFY,23.72,23.72
IFBIND,80.31,80.31
IGPL,39.96,39.96
GNFC,20.21,20.21
BPCL,5.07,4.94
BASF,35.03,35.03
ARVIND,27.17,27.31
ACC,20.55,23.15
SCI,18.45,18.45
LINDEINDIA,168.84,168.84
HINDPETRO,5.21,5.21
ASHOKLEY,25.36,24.87
TITAN,86.94,86.94
SUNDARMFIN,36.09,34.52
VEDL,21.91,32.84
SBIN,10.89,10.11
PFIZER,40.89,41.39
BATAINDIA,72.59,66.35
CHAMBLFERT,14.26,14.26
HINDOILEXP,10.69,12.4
BALMLAWRIE,22.37,22.37
MOTOGENFIN,109.09,109.09
SHYAMCENT,515.98,515.98
AYMSYNTEX,234.5,54.58
MUTHOOTCAP,3.97,94.12
POWERMECH,31.18,31.18
NAVKARCORP,287.31,287.31
INDIGO,21.57,21.57
SHK,22.64,22.64
UMANGDAIRY,147.94,147.94
LINCOLN,13.14,13.14
NH,33.77,33.77
TEAMLEASE,43.78,45.1
HITECH,42.18,42.18
NECCLTD,29.37,29.37
GOKULAGRO,17.85,17.85
INFIBEAM,54.54,54.54
CROMPTON,59.96,59.96
SHRIPISTON,20.12,20.12
ALBERTDAVD,8.99,8.99
MAHASTEEL,34.9,42.9
DAMODARIND,19.72,19.72
MOLDTECH,26.64,26.64
POKARNA,23.29,23.29
GPTINFRA,25.03,25.03
MINDTECK,27.58,27.58
ADVENZYMES,29.42,27.4
SPAL,16.09,16.09
RBLBANK,12.17,12.17
LTTS,38.86,38.86
GNA,17.1,17.1
HPL,64.55,64.55
ENDURANCE,50.6,50.6
NIRAJISPAT,14.17,14.17
PNBHOUSING,13.16,13.16
KINGFA,18.79,18.79
PODDARMENT,14.55,14.55
NBIFIN,56.1,56.1
SFL,47.26,58.4
LAURUSLABS,142.15,142.15
ITDC,81.19,81.11
HISARMETAL,15.79,15.79
SPCENET,141.53,141.53
CAPTRUST,88.18,88.18
BSE,51.47,105.61
JITFINFRA,23.04,27.89
DMART,122.63,122.63
URJA,392.15,392.15
DOLLAR,34.51,34.29
BHAGYANGR,7.46,7.46
TEJASNET,348.94,348.94
GTPL,17.34,17.34
STEELXIND,135.48,135.48
AVADHSUGAR,8.65,8.65
GANGESSECU,42.48,42.48
OPTIEMUS,44.24,44.24
APEX,51.87,51.87
DIXON,165.48,165.48
CAPACITE,22.54,22.54
MASFIN,19.27,19.27
KHADIM,95.49,95.49
SHALBY,36.25,36.25
APOLLO,100.9,100.9
ASTERDM,64,
SUNDARMHLD,31.37,31.37
SANDHAR,29.96,30.7
LEMONTREE,62.73,62.73
INDOSTAR,25.45,25.45
FINEORG,34.06,34.02
VARROC,18.65,18.65
HBSL,1.89,1.89
HDFCAMC,41.66,41.66
SIGIND,17.29,17.29
AAVAS,27.99,27.99
DALBHARAT,41.19,41.19
CHALET,65.81,65.81
ULTRACEMCO,44.77,44.42
TEXINFRA,420.4,420.4
INDSWFTLTD,7.75,7.75
NTPC,17.96,17.96
DWARKESH,15.96,15.96
SUPRAJIT,39.73,39.73
JSWSTEEL,24.49,25.83
CONSOFINVT,13.84,13.84
EVEREADY,58.67,58.67
IIFL,10.38,10.38
SSWL,4.97,14.31
SURYALAXMI,35.5,20.82
PRIMESECU,35.46,35.46
GEOJITFSL,16.87,16.87
YESBANK,58.19,58.19
SPLIL,14.66,14.65
IDFC,565.7,565.7
IMPAL,17.4,17.4
SUZLON,97.65,90.32
TRIVENI,18.81,18.81
NAHARINDUS,56.18,46.48
VIMTALABS,26.53,26.53
CELEBRITY,56.99,58.29
ROHLTD,20.59,20.59
GSPL,7.66,7.81
JAGRAN,12.06,12.06
SAKUMA,23.06,23.06
JKCEMENT,41.09,40.97
INDOTECH,36.93,36.93
M&MFIN,18.6,18.6
CENTURYPLY,47.29,47.29
KEI,70.93,70.91
VAKRANGEE,588.13,639.81
GALLANTT,31.13,31.13
UTTAMSUGAR,9.33,9.33
SUNTV,14.92,14.92
RSYSTEMS,42.28,42.28
LOKESHMACH,54.55,54.55
SWELECTES,29.97,63.29
KAMDHENU,28.4,28.4
PIONEEREMB,37.46,37.46
JKLAKSHMI,19.81,20.07
MUNJALAU,22.6,15.68
GRINDWELL,76.39,76.34
VOLTAMP,50.83,50.83
ACE,53.28,53.28
HOVS,30.02,30.02
TALBROAUTO,19.56,28.3
GEECEE,18.88,18.88
JMFINANCIL,270.74,7.43
DCBBANK,7.77,7.77
NAUKRI,111.04,103.49
TORNTPOWER,38.82,38.82
MANALIPETC,79.1,69.63
DONEAR,17.68,17.68
VENUSREM,15.48,15.48
HIRECT,91.54,65.4
PARACABLES,26.52,26.52
TANLA,22.44,22.44
SARLAPOLY,22.52,22.52
PTL,23.62,23.62
GANDHITUBE,18.11,18.11
IZMO,17.61,17.61
TIIL,22.77,22.21
TTL,47.85,47.85
SMSPHARMA,34.93,34.93
LAOPALA,27.77,27.77
BALAMINES,30.45,30.45
BFUTILITIE,14.09,14.09
ALPHAGEO,224.5,32.99
NAVINFLUOR,62.95,75.97
HGS,28.86,28.86
V2RETAIL,73.26,73.26
ADSL,17.74,17.74
ALPA,10.66,10.69
CENTRALBK,21.67,21.67
KPRMILL,35.93,35.93
INDOWIND,32.28,28.2
NAGREEKCAP,.87,.87
CENTUM,,375.32
MANGCHEFER,8.96,8.96
DELTACORP,13.19,15.69
CERA,39.65,39.46
BVCL,16.69,16.69
ADANIPORTS,36.17,34.79
COLPAL,60.5,59.86
JYOTHYLAB,45.06,45.06
KALYANIFRG,34.08,34.08
ECLERX,23.06,23
TRIL,222.49,222.49
PATINTLOG,24.65,24.65
ARIES,16.94,16.94
AMBIKCO,14.35,14.35
CEATLTD,16.66,15.5
JKIL,18.21,18.21
KNRCON,14.47,14.47
ONMOBILE,50.87,50.87
NMDC,13.4,12.91
NAHARCAP,11.94,11.94
VGUARD,66.64,66.64
DPSCLTD,100.33,100.33
BAJAJ-AUTO,36.52,36.52
RPGLIFE,29.03,29.03
RBL,17.85,17.45
RANEENGINE,26.09,19.5
ARCHIDPLY,31.21,31.21
VINYLINDIA,30.96,30.96
20MICRONS,11.45,11.22
TATAMTRDVR,1.07,1.05
COUNCODOS,27.94,27.94
AJMERA,24.05,24.05
MHRIL,69.7,69.7
EXCEL,90.82,90.82
GLOBUSSPR,22.94,22.94
RTNPOWER,1.03,
DEN,11.16,11.16
REFEX,19.39,19.37
AHLUCONT,21.45,34.45
GODREJPROP,109.98,109.98
HINDCOPPER,110.08,110.08
WHIRLPOOL,96.31,90.73
JUBLFOOD,89.67,153.01
THANGAMAYL,30,30
HATHWAY,58.98,58.97
TEXMOPIPES,48.98,16.12
LGBBROSLTD,14.25,14.52
ISFT,20.08,20.08
KIRLOSBROS,41.49,42.06
KSL,19.74,19.74
UMESLTD,93.6,93.6
IMFA,10.84,10.84
BAJAJCON,23.57,23.57
ADFFOODS,33.5,33.5
KILITCH,38.92,38.92
SASTASUNDR,11.1,11.1
CAREERP,11.79,11.79
RAMKY,11.04,11.04
BEDMUTHA,38.34,38.34
PRESTIGE,45.64,45.64
COALINDIA,9.18,9.18
PENIND,23.29,23.29
RPPINFRA,7.69,7.69
MOIL,34.06,34.06
A2ZINFRA,13.7,
RKDL,,248.85
KICL,38.68,62.37
SUMMITSEC,19.87,19.87
HINDMOTORS,29.86,29.86
PFS,15.54,15.54
VADILALIND,22.41,22.41
RELAXO,103.55,103.55
ASHIANA,46.75,46.75
MAITHANALL,10.05,10.05
ELGIRUBCO,34.03,96.34
BODALCHEM,143.39,143.39
ASAHISONG,28.14,
FILATEX,21.53,21.53
TDPOWERSYS,44.32,44.32
APLLTD,28.92,28.92
PANAMAPET,11.76,11.76
SHAKTIPUMP,35.39,35.39
TRITURBINE,65.69,65.69
POLYMED,69.38,69.54
RUPA,29.68,28.55
APLAPOLLO,61.75,61.75
MINDACORP,47.75,47.75
DBSTOCKBRO,18.15,18.15
COMPUSOFT,40.12,40.12
NDL,14.47,14.47
NBCC,62.12,47.05
HEXATRADEX,8.93,8.93
VSSL,26.01,26.01
SWANENERGY,32.99,32.99
KITEX,24.35,24.35
ROSSELLIND,134.88,133.77
VETO,12.88,12.88
CARERATING,30.84,30.84
REPCOHOME,8.57,8.57
JUSTDIAL,22.8,22.8
ORBTEXP,15.95,15.95
NATHBIOGEN,9.11,9.78
CASTROLIND,22.76,22.76
SDBL,28.39,28.39
WONDERLA,31.69,31.69
CAPLIPOINT,24.3,24.3
GULFOILLUB,15.41,15.41
SUPERHOUSE,19.77,19.77
MONTECARLO,20.1,20.1
LAMBODHARA,33.71,33.71
MOLDTKPAC,39.69,39.69
GREENLAM,55.97,55.97
MENONBE,9.43,9.43
ZENTEC,64.85,65.81
BYKE,60.1,60.1
NILAINFRA,38.01,38.01
ARROWGREEN,30.48,30.48
ALANKIT,26.12,26.12
