SYMBOL,SERIES,SECURITY,HIGH/LOW,INDEX FLAG
A2ZINFRA,BE,A2Z INFRA ENGINEERING LTD,H
AAKASH,EQ,AAKASH EXPLORATION SER L,H
AKI,EQ,AKI INDIA LIMITED,H
AKSHOPTFBR,BE,AKSH OPTIFIBRE  LTD,H
ANTGRAPHIC,BE,ANTARCTICA LTD,H
ARSHIYA,BE,ARSHIYA LIMITED,H
ARSSINFRA,BE,ARSS INFRA PROJ. LTD,H
ASMS,EQ,BARTRONICS INDIA LIMITED,H
BAHETI,SM,BAHETI RECYCLING IND LTD,H
BCG,BZ,BRIGHTCOM GROUP LIMITED,H
BEDMUTHA,EQ,BEDMUTHA INDUST LTD,H
BIL,BE,BHARTIYA INETRNATIONAL LT,H
CENTEXT,BE,CENTURY EXTRUSIONS LTD,H
CMMIPL,ST,CMM INFRAPROJECTS LIMITED,H
CONTI,SM,CONTINENTAL SEED CHEM LTD,H
CREATIVEYE,BE,CREATIVE EYE LIMITED,H
CUPID,BE,CUPID LIMITED,H
DOLPHIN,BE,DOLPHIN OFF ENT (IND) L,H
DRCSYSTEMS,EQ,DRC SYSTEMS INDIA LIMITED,H
DREDGECORP,EQ,DREDGING CORP OF INDIA,H
EIMCOELECO,EQ,EIMCO ELECON (INDIA) LTD,H
EUROTEXIND,BE,EUROTEX IND & EXPORTS LTD,H
FCONSUMER,BE,FUTURE CONSUMER LIMITED,H
FCSSOFT,EQ,FCS SOFTWARE SOLN. LTD.,H
FELDVR,BE,FUTURE ENTERPRISES LTD,H
FELIX,SM,FELIX INDUSTRIES LTD.,H
GAYAPROJ,BZ,GAYATRI PROJECTS LTD,H
GENSOL,EQ,GENSOL ENGINEERING LTD,H
GIRIRAJ,ST,GIRIRAJ CIVIL DEVP LTD,H
GKWLIMITED,BE,GKW LIMITED,H
GLOBAL,BE,GLOBAL EDUCATION LIMITED,H
GLOBE,EQ,GLOBE TEXTILES (I) LTD.,H
GODHA,EQ,GODHA CABCON INSULAT LTD,H
GOENKA,BZ,GOENKA DIAMOND&JEWELS LTD,H
GRCL,SM,GAYATRI RUBB AND CHEM LTD,H
GTLINFRA,EQ,GTL INFRA.LTD,H
GVPTECH,EQ,GVP INFOTECH LIMITED,H
HBSL,EQ,HB STOCKHOLDINGS LIMITED,H
HINDMOTORS,EQ,HINDUSTAN MOTORS LIMITED,H
HIRECT,EQ,HIND RECTIFIER LIMITED,H
HMT,BZ,HMT LTD -,H
HYBRIDFIN,EQ,HYBRID FINANCIAL SERVICE,H
IL&FSENGG,BZ,IL&FS ENG AND CONS CO LTD,H
INDOTECH,BE,INDO TECH TRANSFORM LTD.,H
INFOMEDIA,BE,INFOMEDIA PRESS LIMITED,H
INNOVATIVE,SM,INNOVATIVE TYRES & TUBES,H
INOXWIND,EQ,INOX WIND LIMITED,H
INVENTURE,BE,INVENTURE GRO & SEC LTD,H
IRIS,BE,IRIS BUSINESS SERV LTD,H
IWEL,BE,INOX WIND ENERGY LIMITED,H
JALAN,SM,JALAN TRANSOLU. INDIA LTD,H
JCHAC,EQ,JOHNSON CONTROLS HITACHI,H
JITFINFRA,BE,JITF INFRALOGISTICS LTD,H
JPPOWER,EQ,JAIPRAKASH POWER VEN. LTD,H
KBCGLOBAL,EQ,KBC GLOBAL LIMITED,H
KCK,SM,KCK INDUSTRIES LTD,H
KDL,SM,KORE DIGITAL LIMITED,H
KERNEX,EQ,KERNEX MICROSYS(I) LTD,H
LANCORHOL,EQ,LANCOR HOLDINGS LIMITED,H
LFIC,BE,LAKSHMI FIN IND CORP LTD,H
LGHL,BE,LAXMI GOLDORNA HOUSE LTD,H
LLOYDS,SM,LLOYDS LUXURIES LIMITED,H
MACPOWER,BE,MACPOWER CNC MACHINES LTD,H
MADHAV,BE,MADHAV MARBLE & GRANITE,H
MARSHALL,BE,MARSHALL MACHINES LTD,H
MBECL,EQ,MCNALLY BH. ENG. CO.LTD,H
MCLEODRUSS,BE,MCLEOD RUSSEL INDIA LTD.,H
MCON,SM,MCON RASAYAN INDIA LTD,H
MITTAL,BE,MITTAL LIFE STYLE LIMITED,H
NILAINFRA,BE,NILA INFRASTRUCTURES LTD,H
NIRAJ,EQ,NIRAJ CEMENT STRUC LTD,H
OWAIS,SM,OWAIS METAL & MINERAL,H
PASHUPATI,SM,PASHUPATI COTSPIN LIMITED,H
PPL,EQ,PRAKASH PIPES LIMITED,H
PRATHAM,SM,PRATHAM EPC PROJECTS LTD,H
PRAXIS,BE,PRAXIS HOME RETAIL LTD,H
PROLIFE,SM,PROLIFE INDUSTRIES LTD,H
PVP,EQ,PVP VENTURES LIMITED,H
QFIL,SM,QUALITY FOILS (INDIA) LTD,H
RADAAN,EQ,RADAAN MEDIAWORKS (I) LTD,H
RCOM,BE,RELIANCE COMMUNICATIONS L,H
REFRACTORY,ST,REFRACTORY SHAPES LIMITED,H
RKEC,EQ,RKEC PROJECTS LIMITED,H
RMDRIP,SM,R M DRIP & SPRINK SYS LTD,H
ROML,BE,RAJ OIL MILLS LIMITED,H
RTNPOWER,BE,RATTANINDIA POWER LIMITED,H
RULKA,ST,RULKA ELECTRICALS LIMITED,H
RVHL,BE,RAVINDER HEIGHTS LIMITED,H
SADBHAV,BE,SADBHAV ENGINEERING LTD,H
SANGINITA,BE,SANGINITA CHEMICALS LTD,H
SECL,SM,SALASAR EXTERIOR CONT LTD,H
SHAKTIPUMP,EQ,SHAKTI PUMPS (I) LTD,H
SHRENIK,EQ,SHRENIK LIMITED,H
SIMPLEXINF,BE,SIMPLEX INFRASTRUCTURES L,H
SJLOGISTIC,SM,S J LOGISTICS (INDIA) LTD,H
SOLEX,SM,SOLEX ENERGY LIMITED,H
SPARC,EQ,SUN PHARMA ADV.RES.CO.LTD,H
SSFL,SM,SRIVARI SPICES N FOODS L,H
SUPREMEENG,BE,SUPREME ENGINEERING LTD,H
SWELECTES,EQ,SWELECT ENERGY SYS LTD,H
TIRUPATI,SM,SHREE TIRUPATI BALAJEE,H
TREJHARA,BE,TREJHARA SOLUTIONS LTD,H
TRIL,BE,TRANS & RECTI. LTD,H
UNIINFO,BE,UNIINFO TELECOM SERVI LTD,H
URBAN,SM,URBAN ENVIRO WASTE MGMT L,H
V2RETAIL,BE,V2 RETAIL LIMITED,H
WALPAR,SM,WALPAR NUTRITIONS LIMITED,H
WELINV,EQ,WELSPUN INV & COMM LTD,H
WINSOL,ST,WINSOL ENGINEERS LIMITED,H
WINSOME,BE,WINSOME YARNS LIMITED,H
ZEELEARN,BE,ZEE LEARN LIMITED,H
63MOONS,EQ,63 MOONS TECHNOLOGIES LTD,L
ABSMARINE,ST,ABS MARINE SERVICES LTD,L
AILIMITED,ST,ABHISHEK INTEGRATIONS LTD,L
AJOONI-RE1,BE,AJOONI BIOTECH LIMITED,L
ANTGRAPHIC,BE,ANTARCTICA LTD,L
ARHAM,ST,ARHAM TECHNOLOGIES LTD,L
ASMS,EQ,BARTRONICS INDIA LIMITED,L
BCG,BZ,BRIGHTCOM GROUP LIMITED,L
BINANIIND,EQ,BINANI INDUSTRIES LTD,L
BMETRICS,SM,BOMBAY METRICS S C LTD,L
CALSOFT,BE,CALIFORNIA SOFTWARE CO LT,L
CLOUD,SM,VARANIUM CLOUD LIMITED,L
CMMIPL,ST,CMM INFRAPROJECTS LIMITED,L
CMRSL,SM,CYBER MEDIA RES & SER LTD,L
DBCORP,EQ,D.B.CORP LTD,L
DCMFINSERV,BE,DCM FINANCIAL SERVICES LT,L
DHTL,SM,DOCMODE HEALTH TECH LTD,L
DNAMEDIA,EQ,DILIGENT MEDIA CORP LTD.,L
DOLPHIN,BE,DOLPHIN OFF ENT (IND) L,L
E2E,BE,E2E NETWORKS LIMITED,L
EMMIL,ST,ENERGY MISSION MACH IND L,L
ENSER,SM,ENSER COMMUNICATIONS LTD,L
ESCONET,SM,ESCONET TECHNOLOGIES LTD,L
EUROTEXIND,BE,EUROTEX IND & EXPORTS LTD,L
EXCEL,EQ,EXCEL REALTY N INFRA LTD,L
FCONSUMER,BE,FUTURE CONSUMER LIMITED,L
FEL,BZ,FUTURE ENTERPRISES LTD,L
FMNL,BE,FUTURE MKT NETWORKS LTD,L
FSC,BZ,FUTURE SUPP CHAIN SOL LTD,L
GATECHDVR,BE,GACM TECHNOLOGIES LIMITED,L
GAYAHWS,BE,GAYATRI HIGHWAYS LIMITED,L
GSTL,SM,GLOBESECURE TECHNO LTD,L
GTLINFRA,EQ,GTL INFRA.LTD,L
HBSL,EQ,HB STOCKHOLDINGS LIMITED,L
HEADSUP,BE,HEADS UP VENTURES LIMITED,L
HOACFOODS,ST,HOAC FOODS INDIA LIMITED,L
HOMESFY,ST,HOMESFY REALTY LIMITED,L
IEML,ST,INDIAN EMULSIFIERS LTD,L
ISHAN,SM,ISHAN INTERNATIONAL LTD,L
IVP,BE,IVP LIMITED,L
JYOTISTRUC,BE,JYOTI STRUCTURES,L
KAVVERITEL,EQ,KAVVERI TEL. LTD.,L
KBCGLOBAL,EQ,KBC GLOBAL LIMITED,L
KCEIL,SM,KAY CEE ENERGY & INFRA L,L
KDL,SM,KORE DIGITAL LIMITED,L
KEEPLEARN,BE,DSJ KEEP LEARNING LTD,L
LAL,EQ,LORENZINI APPARELS LTD,L
MADHUCON,BE,MADHUCON PROJECTS LTD.,L
MAGNUM,EQ,MAGNUM VENTURES LTD.,L
MAXIND,EQ,MAX INDIA LIMITED,L
MBECL,EQ,MCNALLY BH. ENG. CO.LTD,L
MICEL,EQ,MIC ELECTRONICS LTD,L
MTEDUCARE,BE,MT EDUCARE LTD,L
NKIND,EQ,NK INDUSTRIES LTD,L
NOIDATOLL,BE,NOIDA TOLL BRIDGE CO LTD,L
OSIAHYPER,BE,OSIA HYPER RETAIL LIMITED,L
PRAMARA,SM,PRAMARA PROMOTIONS LTD,L
PRAXIS,BE,PRAXIS HOME RETAIL LTD,L
PRECOT,BE,PRECOT LIMITED,L
PRITIKA,SM,PRITIKA ENG COMPO LTD,L
PRLIND,ST,PREMIER ROADLINES LIMITED,L
PRUDMOULI,BE,PRUDENTIAL SUGAR CORPORAT,L
PURVA,BE,PURAVANKARA LIMITED,L
QUESTLAB,ST,QUEST LABORATORIES LTD,L
RADAAN,EQ,RADAAN MEDIAWORKS (I) LTD,L
RAJRILTD,BE,RAJ RAYON INDUSTRIES LTD,L
REFEX,EQ,REFEX INDUSTRIES LIMITED,L
RSSOFTWARE,BE,R. S. SOFTWARE (INDIA) LI,L
RULKA,ST,RULKA ELECTRICALS LIMITED,L
SABAR,SM,SABAR FLEX INDIA LIMITED,L
SAHANA,SM,SAHANA SYSTEM LIMITED,L
SANGINITA,BE,SANGINITA CHEMICALS LTD,L
SARTELE,SM,SAR TELEVENTURE LIMITED,L
SCHNEIDER,EQ,SCHNEIDER ELECTRIC INFRA,L
SECMARK,BE,SECMARK CONSULTANCY LTD,L
SEMAC,BE,SEMAC CONSULTANTS LIMITED,L
SEYAIND,BE,SEYA INDUSTRIES LIMITED,L
SHAHALLOYS,EQ,SHAH ALLOYS LIMITED,L
SHIVATEX,EQ,SHIVA TEXYARN LIMITED,L
SHRENIK,EQ,SHRENIK LIMITED,L
SIMPLEXINF,BE,SIMPLEX INFRASTRUCTURES L,L
SMARTLINK,BE,SMARTLINK HOLDINGS LTD,L
SOMATEX,BE,SOMA TEXTILEI NDUSTRIES L,L
SPECTRUM,SM,SPECTRUM ELECTRIC IND LTD,L
SPMLINFRA,EQ,SPML INFRA LIMITED,L
SRPL,BE,SHREE RAM PROTEINS LTD.,L
SUPERSPIN,BE,SUPER SPINNING MILLS LTD,L
SUPREMEENG,BE,SUPREME ENGINEERING LTD,L
SUZLON,BE,SUZLON ENERGY LIMITED,L
SVPGLOB,EQ,SVP GLOBAL TEXTILES LTD,L
TAC,SM,TAC INFOSEC LIMITED,L
TAPIFRUIT,SM,TAPI FRUIT PROCESSING LTD,L
TCLCONS,EQ,TANTIA CONSTRUCTIONS LTD,L
TECHLABS,SM,TRIDENT TECHLABS LIMITED,L
TECILCHEM,BE,TECIL CHEMICALS,L
UWCSL,SM,ULTRA WIRING CONN SYS LTD,L
VARDMNPOLY,EQ,VARDHMAN POLYTEX LTD.,L
VERTEXPLUS,ST,VERTEXPLUS TECHNOLOGIES L,L
VISHNUINFR,SM,VISHNUSURYA PROJ N INFR L,L
VIVIANA,SM,VIVIANA POWER TECH LTD,L
VMARCIND,SM,V MARC INDIA LIMITED,L
WEL,BE,WONDER ELECTRICALS LTD,L
WINSOL,ST,WINSOL ENGINEERS LIMITED,L
WINSOME,BE,WINSOME YARNS LIMITED,L
ZENITHSTL,EQ,ZENITH STEEL PIP IND LTD,L
