SECURITY,NEW,PREVIOUS,NEW_STATUS
BHARTIYA INETRNATIONAL LT,460.8,458.95,H
POWER FIN CORP LTD.,499.4,485.5,H
COROMANDEL INTERNTL. LTD,1273.95,1271.55,H
HERO MOTOCORP LIMITED,5198.15,5168.6,H
POLY MEDICURE LIMITED,1850,1843.8,H
MIRAEAMC - MAESGETF,38.69,38.57,H
TECHNO ELEC & ENG CO. LTD,1193,1170,H
PARAMOUNT COMM LTD,82.7,81.4,H
PASHUPATI COTSPIN LIMITED,223.35,217.35,H
ABHISHEK INTEGRATIONS LTD,63.9,62.7,H
SEC RE NCD 9.65% SR I,1044.23,1032,H
SEC RE NCD 9.71% SR VIII,930.4,930.2,H
SEC RE NCD 8.20% SR.III,950,948,H
QUANTUM NIFTY 50 ETF,2509.42,2483.51,H
WELSPUN ENTERPRISES LTD.,440,407.45,H
CPSE ETF,94.97,94,H
AIRTEL RS. 1.25 PPD UP,998.1,980,H
MIRAEAMC - MAMFGETF,145.2,142.1,H
HB STOCKHOLDINGS LIMITED,119.9,114.2,H
HDFCAMC - HDFCSML250,163.85,163.8,H
GARDEN REACH SHIP&ENG LTD,1508,1431.1,H
SUZLON ENERGY LIMITED,49,48.3,H
GOI TBILL 364D-21/11/24,96.4,96.2,H
RATTANINDIA POWER LIMITED,15.1,14.4,H
9.40 % SRNCD TR II SR III,1021.1,1020,H
GOI TBILL 364D-13/03/25,94.9,94.65,H
AHIMSA INDUSTRIES LTD.,15.65,15.6,H
GOI TBILL 91D-08/08/24,98.46,98.4,H
8.92% SEC RED BOND S3B,1285,1265,H
SOBHA LIMITED,1982.25,1969.05,H
BRIGADE ENTER. LTD,1300,1284.45,H
SOLAR INDUSTRIES (I) LTD,10450,10250,H
AHLUWALIA CONT IND LTD,1299,1290,H
SHREE OSFM E-MOBILITY LTD,147.3,144,H
NIP IND ETF DIV OPP,79.75,79.3,H
MIRAEAMC - MAN50ETF,250.3,247.3,H
AXISAMC - AXISCETF,110.5,110.37,H
SUNDARAM FINANCE HOLD LTD,283.75,282.4,H
2.50% GOLDBONDS2025SR-VI,7600,7380,H
MIC ELECTRONICS LTD,59.8,57,H
IRIS BUSINESS SERV LTD,218.55,208.15,H
9.90 % SRNCD SR VI,1041.99,1041,H
SEC RE NCD 8.25% SR.I,1001,998,H
SEC RE NCD 9.65% SR I,997.9,990,H
SEC RE NCD 9.45% SR. I,1002,992,H
8.12/8.32% TAX FREE NCD,1160,1146,H
SERENCD 8.98% SR.VI OP2,1050,1048,H
ICRA LIMITED,6450,6249,H
KEI INDUSTRIES LTD.,4350,4300,H
NIP IND ETF JUNIOR BEES,754.1,748.25,H
EDELAMC - EBBETF0430,1408.9,1405.05,H
COCHIN SHIPYARD LIMITED,2030,1935,H
LICNAMC - LICNFNHGP,258.64,258.26,H
HAPPY FORGINGS LIMITED,1124,1117.8,H
BIRLASLAMC - MOMENTUM,35.59,35.2,H
ISGEC HEAVY ENG LTD,1200,1178.25,H
SUPREME INFRA. LTD,114.25,112.05,H
GOI TBILL 364D-23/01/25,95,94.95,H
GOI TBILL 364D-06/02/25,95.32,95.26,H
SEC RE NCD 10% SR.IV,960.21,960.15,H
SEC RE NCD 9% SR.IV,992,985,H
TRENT LTD,4777.9,4727.95,H
BHARTI AIRTEL LIMITED,1397.75,1377.3,H
SHEKHAWATI POLY-YARN LTD.,3.4,3.35,H
SIGNET INDUSTRIES LIMITED,93.9,92.85,H
ICICIPRAMC - BHARATIWIN,111.78,111,H
ICICIPRAMC - ICICINXT50,74.79,72.3,H
AMARA RAJA ENERGY MOB LTD,1238,1204.4,H
HDFCAMC - HDFCQUAL,55.7,55.21,H
SBIAMC - SBIETFCON,113,111.01,H
SBIAMC - SBIETFQLTY,211.73,211.13,H
TARC LIMITED,190.5,189,H
KCK INDUSTRIES LTD,167.8,159.85,H
GOI TBILL 364D-12/12/24,96.2,95.81,H
GOI TBILL 364D-08/08/24,98.44,97.92,H
FILATEX FASHIONS LIMITED,14.1,13.7,H
PRATHAM EPC PROJECTS LTD,450.65,429.2,H
GOI LOAN  7.1% 2034,101.5,101.2,H
GOI TBILL 364D-03/04/25,94.2,94.15,H
SEC RE NCD 9.25% SR II,977.9,977,H
SDL GJ 7.66% 2030,102.1,102,H
REFRACTORY SHAPES LIMITED,116.1,110.6,H
SERENCD8.84%SRVICIII&IV,938,935,H
SERENCD 8.60% SR.IV OP8,1035,1033,H
SUNDARAM BRAK LININGS LTD,939.25,939,H
EXIDE INDUSTRIES LTD,495.5,489.95,H
LUMAX INDUSTRIES LTD,2889.7,2842.7,H
ALICON CASTALLOY LIMITED,1134.9,1133.9,H
LCC INFOTECH LTD,2.55,2.5,H
SBI-ETF NIFTY NEXT 50,733.12,730,H
ICICIPRAMC - ICICICOMMO,92.5,92.2,H
DSPAMC - LIQUIDADD,1011.5,1010.98,H
MAZAGON DOCK SHIPBUIL LTD,3248.95,3208,H
BAHETI RECYCLING IND LTD,296.7,274.4,H
ROLLATAINERS LIMITED,3.6,3.55,H
GOI TBILL 364D-11/07/24,99.05,98.17,H
MOTILALAMC - MOREALTY,103.5,103.11,H
SEC RED NCD 10% SR. VI,1055,1054.98,H
SEC RED NCD 8.30% SR.III,1036.9,1029.99,H
UNSEC RED NCD SR. VI,1590,1571,H
FINOLEX CABLES LTD,1363.3,1219,H
HAVELLS INDIA LIMITED,1925,1876.4,H
TIMKEN INDIA LTD.,4348.4,4288.8,H
OBEROI REALTY LIMITED,1818.85,1811.65,H
TIJARIA POLYPIPES LTD,28.4,27.85,H
SOLEX ENERGY LIMITED,1532.45,1459.5,H
SP REFRACTORIES LIMITED,274,261.8,H
HINDUSTAN AERONAUTICS LTD,5378,4993,H
MOTILALAMC - MOQUALITY,196.02,195.7,H
SAMVRDHNA MTHRSN INTL LTD,140.8,138.5,H
STYRENIX PERFORMANCE LTD,1890,1885.5,H
ENSER COMMUNICATIONS LTD,145.35,133.9,H
KOTAKMAMC - KOTAKCONS,109,108.75,H
DHANI LOANS & SERV LTD,1093.85,1090,H
GOI TBILL 182D-24/10/24,96.85,96.83,H
SERENCD8.50%SR.IICIII&IV,1062,1060,H
SEC RED NCD 9.10% SR.VI,1036,1030,H
SKF INDIA LTD,6380,6339.85,H
AMBUJA CEMENTS LTD,656.95,649,H
INTERGLOBE AVIATION LTD,4529,4438.9,H
ICICIPRAMC - ICICIINFRA,90.99,90.5,H
LAXMI GOLDORNA HOUSE LTD,354.9,340.2,H
TV VISION LIMITED,6.35,6.25,H
NIPPONAMC - NETFAUTO,243.91,242.41,H
BLUE CHIP INDIA LIMITED,3.65,3.6,H
RAIL VIKAS NIGAM LIMITED,381,374.6,H
TRANSWARRANTY FIN. LTD.,20.55,20.15,H
GOI TBILL 364D-07/11/24,96.77,96.22,H
GOI LOAN  7.25% 2063,104.94,104.5,H
GOI TBILL 364D-05/12/24,96.2,96.17,H
DJ MEDIAPRINT & LOG LTD,336,322,H
KOTAKMAMC - KOTAKMID50,149.37,148.6,H
KOTAKMAMC - KTKNV20ETF,144.14,144.04,H
SRI ADHIKARI BRO TELE N L,151,148.05,H
ANI INTEGRATED SERV LTD.,154,151.25,H
GOI LOAN  7.34% 2064,103.5,103.25,H
UN SE RE NCD 8.55% SR.VI,1050,1036,H
SEC RE NCD SR.V,1205.55,1198.29,H
SEC RED NCD 10.27% SR. VI,1031,1030,H
BRIGHTCOM GROUP LIMITED,8.65,9.1,L
ATAL REALTECH LIMITED,7.85,8,L
SEMAC CONSULTANTS LIMITED,920.55,969,L
SHEETAL UNIVERSAL LIMITED,60,60.85,L
AJOONI BIOTECH LIMITED,0.3,0.35,L
SONAM LIMITED,38.15,39.45,L
ABS MARINE SERVICES LTD,239.5,252.1,L
SEC RED NCD 9.30% SR. II,1025,1030.1,L
NANDANI CREATION LIMITED,53.85,54.95,L
MANDEEP AUTO INDUSTRIES L,56.7,59,L
SERENCD 8.98% SR.VI OP2,1039.5,1039.9,L
MUKKA PROTEINS LIMITED,34,34.1,L
SEC RED NCD 8.66% SR.II,990,993,L
VARANIUM CLOUD LIMITED,22.7,23.9,L
RAMDEVBABA SOLVENT LTD,91,94,L
AARTECH SOLONICS LIMITED,215.15,215.4,L
SE RE NCD 9.35% SR.V OP2,1054,1055,L
SDL UP 7.73% 2034,98,100.1,L
SEC RE NCD 8.43% SR.VI,900,901.5,L
TAX FREE  7.28% SR. 103,1145,1146.5,L
SERENCD 8.60% SR.IV OP8,1028,1029,L
SERENCD 9.05% SR.VI OPII,1027,1030,L
SEC RE NCD 9.65% SR I,999,1000,L
BLUE PEBBLE LIMITED,220,228,L
UNSE RE NCD 9.6% SR.II,920,928,L
VERANDA LEARNING SOL LTD,151.6,159.7,L
VIJI FINANCE LIMITED,2.95,3,L
RAJ TV NETWORK LTD,129.4,132.05,L
SEC RE NCD 10.00% SR. I,981,1000,L
QUEST LABORATORIES LTD,140,147.35,L
SEC RE NCD 9.35% SR IV,1046,1057.55,L
HEADS UP VENTURES LIMITED,12.35,12.8,L

