SERIES,SYMBOL,SECURITY,RECORD_DT,BC_STRT_DT,BC_END_DT,EX_DT,ND_STRT_DT,ND_END_DT,PURPOSE
BE,CANBK,Canara Bank,15/05/2024, , ,15/05/2024, , ,FVSPLT FRM RS 10 TO RS 2 
BE,SDBL,Som Dist & Brew Ltd,24/05/2024, , ,24/05/2024, , ,FVSPLT FRM RS 5 TO RS 2  
BE,TCS,TATA CONSULTANCY SERV LTD,16/05/2024, , ,16/05/2024, , ,DIV - RS 28 PER SH       
BE,GMBREW,GM Breweries Ltd., ,10/05/2024,16/05/2024,09/05/2024, , ,AGM/DIV - RS 7 PER SH    
BE,CRAFTSMAN,Craftsman Automation Ltd, ,21/05/2024,27/05/2024,17/05/2024, , ,DIV - RS 11.25 PER SH    
BE,VIJIFIN,Viji Finance Limited,15/05/2024, , ,15/05/2024, , ,RGHTS 8:11@PRM RE 0.50/- 
BE,ADORWELD,Ador Welding Limited,15/05/2024, , ,15/05/2024, , ,INTDIV-RS 18.50 PER SH   
BE,IRB,IRB Infrastructure Develo,15/05/2024, , ,15/05/2024, , ,INTDIV - RE 0.10 PER SH  
BE,GODREJCP,Godrej Cons Products Ltd ,14/05/2024, , ,14/05/2024, , ,INTDIV - RS 10 PER SH    
BE,APTUS,Aptus Value Hsg Fin I Ltd,15/05/2024, , ,15/05/2024, , ,INTDIV - RS 2.50 PER SH  
BE,COFORGE,Coforge Limited,15/05/2024, , ,15/05/2024, , ,INTDIV - RS 19 PER SH    
BE,VARDMNPOLY,Vardhman Polytex Limited,18/05/2024, , ,17/05/2024, , ,FVSPLT FRM RS 10 TO RE 1 
BE,OMAXAUTO,Omax Autos Limited,14/05/2024, , ,14/05/2024, , ,INTDIV - RE 1 PER SH     
BE,BDL,Bharat Dynamics Limited,24/05/2024, , ,24/05/2024, , ,FVSPLT FRM RS 10 TO RS 5 
BE,HINDZINC,Hindustan Zinc for depo,15/05/2024, , ,15/05/2024, , ,INTDIV - RS 10 PER SH    
BE,GRAVITA,Gravita India Limited,14/05/2024, , ,14/05/2024, , ,INTDIV - RS 5.20 PER SH  
BE,SOLARA,Solara Active Pha Sci Ltd,15/05/2024, , ,15/05/2024, , ,RIGHTS 1:3 @PRM RS 365/- 
BE,INOXWIND,Inox Wind Limited,25/05/2024, , ,24/05/2024, , ,BONUS 3:1                
BE,SANOFI,Aventis Pharma Limited, ,04/05/2024,14/05/2024,03/05/2024, , ,ANNUAL GENERAL MEETING   
BE,BALAXI,BALAXI PHARMA Ltd,30/05/2024, , ,30/05/2024, , ,FVSPLT FRM RS 10 TO RS 2 
BZ,SDBL,Som Dist & Brew Ltd,24/05/2024, , ,24/05/2024, , ,FVSPLT FRM RS 5 TO RS 2  
BZ,GMBREW,GM Breweries Ltd., ,10/05/2024,16/05/2024,09/05/2024, , ,AGM/DIV - RS 7 PER SH    
EQ,COFORGE,Coforge Limited,15/05/2024, , ,15/05/2024, , ,INTDIV - RS 19 PER SH    
EQ,VARDMNPOLY,Vardhman Polytex Limited,18/05/2024, , ,17/05/2024, , ,FVSPLT FRM RS 10 TO RE 1 
EQ,OMAXAUTO,Omax Autos Limited,14/05/2024, , ,14/05/2024, , ,INTDIV - RE 1 PER SH     
EQ,CIEINDIA,Mahindra CIE Automative L, ,14/06/2024,20/06/2024,13/06/2024, , ,AGM/DIV - RS 5 PER SH    
EQ,ADORWELD,Ador Welding Limited,15/05/2024, , ,15/05/2024, , ,INTDIV-RS 18.50 PER SH   
EQ,SANOFI,Aventis Pharma Limited, ,04/05/2024,14/05/2024,03/05/2024, , ,ANNUAL GENERAL MEETING   
EQ,TCS,Tata Consultancy Serv Ltd,16/05/2024, , ,16/05/2024, , ,DIV - RS 28 PER SH       
EQ,INOXWIND,Inox Wind Limited,25/05/2024, , ,24/05/2024, , ,BONUS 3:1                
EQ,VIJIFIN,Viji Finance Limited,15/05/2024, , ,15/05/2024, , ,RGHTS 8:11@PRM RE 0.50/- 
EQ,SOLARA,Solara Active Pha Sci Ltd,15/05/2024, , ,15/05/2024, , ,RIGHTS 1:3 @PRM RS 365/- 
EQ,BALAXI,BALAXI PHARMA Ltd,30/05/2024, , ,30/05/2024, , ,FVSPLT FRM RS 10 TO RS 2 
EQ,APTUS,Aptus Value Hsg Fin I Ltd,15/05/2024, , ,15/05/2024, , ,INTDIV - RS 2.50 PER SH  
EQ,GMBREW,GM Breweries Ltd., ,10/05/2024,16/05/2024,09/05/2024, , ,AGM/DIV - RS 7 PER SH    
EQ,GODREJCP,Godrej Cons Products Ltd ,14/05/2024, , ,14/05/2024, , ,INTDIV - RS 10 PER SH    
EQ,IRB,IRB Infrastructure Develo,15/05/2024, , ,15/05/2024, , ,INTDIV - RE 0.10 PER SH  
EQ,BDL,Bharat Dynamics Limited,24/05/2024, , ,24/05/2024, , ,FVSPLT FRM RS 10 TO RS 5 
EQ,KSB,KSB Pumps Ltd., ,14/06/2024,26/06/2024,13/06/2024, , ,AGM/DIV - RS 17.5 PER SH 
EQ,CANBK,Canara Bank,15/05/2024, , ,15/05/2024, , ,FVSPLT FRM RS 10 TO RS 2 
EQ,SDBL,Som Dist & Brew Ltd,24/05/2024, , ,24/05/2024, , ,FVSPLT FRM RS 5 TO RS 2  
EQ,HINDZINC,Hindustan Zinc Ltd,15/05/2024, , ,15/05/2024, , ,INTDIV - RS 10 PER SH    
EQ,CRAFTSMAN,Craftsman Automation Ltd, ,21/05/2024,27/05/2024,17/05/2024, , ,DIV - RS 11.25 PER SH    
EQ,GRAVITA,Gravita India Limited,14/05/2024, , ,14/05/2024, , ,INTDIV - RS 5.20 PER SH  
GS,679GS2027,GOI LOAN 6.79% 2027,14/05/2024, , ,14/05/2024, , ,INTEREST PAYMENT         
IV,SHREMINVIT,Shrem Invit,16/05/2024, , ,16/05/2024, , ,DIV/DISTRIBN - RS 3.6932 
MF,BSLIFQPIDG,BIRLASLAMC - BSLIFQPIDG,22/05/2024, , , , , ,STP                      
MF,BSLIQPIRG,BSL IIF- QP - SI -RPG,22/05/2024, , , , , ,STP                      
MF,BSLIQPIRDP,BSL IIF- QP - SI -RPDP,22/05/2024, , , , , ,STP                      
MF,BSLIQPIIDP,BSL IIF- QP - SI -IPDP,22/05/2024, , , , , ,STP                      
SG,56HR24,SDL HR 5.6% 2024,16/05/2024, , , , , ,REDEMPTION               
SG,538RJ24,SDL RJ 5.38% 2024,22/05/2024, , , , , ,REDEMPTION               

