SYMBOL,SERIES,SECURITY,HIGH/LOW,INDEX FLAG
A2ZINFRA,BE,A2Z INFRA ENGINEERING LTD,H
AAREYDRUGS,BE,AAREY DRUGS & PHARM LTD,H
AARTIPHARM,EQ,AARTI PHARMALABS LIMITED,H
ABINFRA,SM,A B INFRABUILD LIMITED,H
AGNI,SM,AGNI GREEN POWER LTD,H
AKSHAR,BE,AKSHAR SPINTEX LIMITED,H
ALPEXSOLAR,SM,ALPEX SOLAR LIMITED,H
ALPSINDUS,BE,ALPS INDUSTRIES LTD.,H
APS,SM,AUSTRALIAN PREM SOLAR I L,H
ASHOKAMET,BE,ASHOKA METCAST LIMITED,H
ASMS,EQ,BARTRONICS INDIA LIMITED,H
ATLANTAA,BE,ATLANTAA LIMITED,H
AURUM,EQ,AURUM PROPTECH LIMITED,H
AZAD,EQ,AZAD ENGINEERING LIMITED,H
BAGFILMS,BE,B.A.G FILMS AND MEDIA LTD,H
BAJEL,EQ,BAJEL PROJECTS LIMITED,H
BANKA,BE,BANKA BIOLOO LIMITED,H
BCG,BZ,BRIGHTCOM GROUP LIMITED,H
BCONCEPTS,EQ,BRAND CONCEPTS LIMITED,H
BEDMUTHA,EQ,BEDMUTHA INDUST LTD,H
BGRENERGY,BE,BGR ENERGY SYSTEMS LTD,H
BIRLAMONEY,EQ,ADITYA BIRLA MONEY LTD,H
BLUEPEBBLE,SM,BLUE PEBBLE LIMITED,H
BMETRICS,SM,BOMBAY METRICS S C LTD,H
BRNL,BE,BHARAT ROAD NETWORK LTD,H
BVCL,BE,BARAK VALLEY CEM. LTD.,H
CAREERP,EQ,CAREER POINT LIMITED,H
CENTEXT,BE,CENTURY EXTRUSIONS LTD,H
CGRAPHICS,SM,CREATIVE GRAPHICS S IND L,H
CMMIPL,ST,CMM INFRAPROJECTS LIMITED,H
CORALFINAC,BE,CORAL INDIA FIN & HOUS LT,H
CORDSCABLE,EQ,CORDS CABLE INDUS LTD.,H
COUNCODOS,EQ,COUNTRY CONDO S LIMITED,H
DCMFINSERV,BE,DCM FINANCIAL SERVICES LT,H
DHRUV,BE,DHRUV CONSULTANCY SER LTD,H
DOLPHIN,BE,DOLPHIN OFF ENT (IND) L,H
DPSCLTD,EQ,DPSC LIMITED,H
DRONE,SM,DRONE DESTINATION LIMITED,H
DUCON,BE,DUCON INFRATECHNOLOGIES L,H
EDUCOMP,BZ,EDUCOMP SOLUTIONS LTD,H
EIMCOELECO,BE,EIMCO ELECON (INDIA) LTD,H
EMAMIREAL,EQ,EMAMI REALTY LIMITED,H
ESCONET,SM,ESCONET TECHNOLOGIES LTD,H
EXCEL,EQ,EXCEL REALTY N INFRA LTD,H
FCSSOFT,EQ,FCS SOFTWARE SOLN. LTD.,H
FELDVR,BE,FUTURE ENTERPRISES LTD,H
FLFL,BZ,FUT LIFESTYLE FASH LTD,H
FMNL,BE,FUTURE MKT NETWORKS LTD,H
GANESHHOUC,EQ,GANESH HOUSING CORP LTD,H
GANGAFORGE,BE,GANGA FORGING LIMITED,H
GATECH,BE,GACM TECHNOLOGIES LIMITED,H
GAYAHWS,EQ,GAYATRI HIGHWAYS LIMITED,H
GAYAPROJ,BZ,GAYATRI PROJECTS LTD,H
GEEKAYWIRE,EQ,GEEKAY WIRES LIMITED,H
GENUSPOWER,EQ,GENUS POWER INFRASTRU LTD,H
GINNIFILA,EQ,GINNI FILAMENTS LTD,H
GLFL,BE,GUJARAT LEASE FINANCING L,H
GMRP&UI,EQ,GMR POW AND URBAN INFRA L,H
GOYALALUM,BE,GOYAL ALUMINIUMS LIMITED,H
GREENPOWER,BE,ORIENT GREEN POWER CO LTD,H
GTL,BE,GTL LTD,H
GVKPIL,EQ,GVK POW. & INFRA LTD.,H
HAVISHA,EQ,SRI HAVISHA HOSP & INFR L,H
HDIL,BZ,HOUSING DEV & INFRA LTD,H
HECPROJECT,EQ,HEC INFRA PROJECTS LTD,H
HILTON,EQ,HILTON METAL FORGING LTD,H
HIRECT,EQ,HIND RECTIFIER LIMITED,H
HITECHGEAR,BE,THE HI-TECH GEARS LIMITED,H
HNGSNGBEES,EQ,NIP IND ETF HANGSENG BEES,H
HUBTOWN,BE,HUBTOWN LIMITED,H
HYBRIDFIN,EQ,HYBRID FINANCIAL SERVICE,H
IITL,EQ,INDUSTRIAL INV TRUST LTD,H
IMPEXFERRO,BE,IMPEX FERRO TECH LIMITED,H
INDOWIND,EQ,INDOWIND ENERGY LTD,H
INFOMEDIA,BE,INFOMEDIA PRESS LIMITED,H
INOXGREEN,EQ,INOX GREEN ENERGY SER LTD,H
INVENTURE,BE,INVENTURE GRO & SEC LTD,H
IRIS,EQ,IRIS BUSINESS SERV LTD,H
IVP,BE,IVP LIMITED,H
JAIBALAJI,BE,JAI BALAJI INDUSTRIES LTD,H
JHS,BE,JHS SVEND. LAB. LTD,H
JPPOWER,BE,JAIPRAKASH POWER VEN. LTD,H
JYOTICNC,EQ,JYOTI CNC AUTOMATION LTD,H
JYOTISTRUC,BE,JYOTI STRUCTURES,H
KAMDHENU,EQ,KAMDHENU LIMITED,H
KANANIIND,BE,KANANI INDUSTRIES LTD,H
KAPSTON,EQ,KAPSTON SERVICES LIMITED,H
KILITCH,EQ,KILITCH DRUGS INDIA LTD,H
KODYTECH,SM,KODY TECHNOLAB LIMITED,H
KPIGREEN,EQ,KPI GREEN ENERGY LIMITED,H
KRIDHANINF,BE,KRIDHAN INFRA LIMITED,H
KSHITIJPOL,BE,KSHITIJ POLYLINE LIMITED,H
LAL,EQ,LORENZINI APPARELS LTD,H
LANCORHOL,EQ,LANCOR HOLDINGS LIMITED,H
LCCINFOTEC,BE,LCC INFOTECH LTD,H
MANAKALUCO,BE,MANAK ALUMINIUM CO. LTD.,H
MANAKSTEEL,BE,MANAKSIA STEELS LTD,H
MANINDS,EQ,MAN INDUSTRIES (I) LTD.,H
MARSHALL,BE,MARSHALL MACHINES LTD,H
MBECL,EQ,MCNALLY BH. ENG. CO.LTD,H
MCLEODRUSS,BE,MCLEOD RUSSEL INDIA LTD.,H
MEGAFLEX,SM,MEGA FLEX PLASTICS LTD,H
MELSTAR,BZ,MELSTAR INFORMATION TECH,H
MEP,BE,MEP INFRA. DEVELOPERS LTD,H
METALFORGE,BZ,METALYST FORGINGS LIMITED,H
MICEL,EQ,MIC ELECTRONICS LTD,H
MITTAL,BE,MITTAL LIFE STYLE LIMITED,H
MKPL,BE,M K PROTEINS LIMITED,H
MODISONLTD,BE,MODISON LIMITED,H
MOKSH,BE,MOKSH ORNAMENTS LIMITED,H
MONOPHARMA,SM,MONO PHARMACARE LIMITED,H
MOTOGENFIN,EQ,MOTOR & GENERAL FINANCE L,H
MTNL,EQ,MAHANAGAR TELEPHONE NIGAM,H
MVGJL,EQ,MANOJ VAIBHAV GEM N JEW L,H
NARMADA,BE,NARMADA AGROBASE LIMITED,H
NETWEB,EQ,NETWEB TECH INDIA LTD,H
NETWORK18,EQ,NETWORK18 MEDIA & INV LTD,H
NILAINFRA,BE,NILA INFRASTRUCTURES LTD,H
NIRAJ,EQ,NIRAJ CEMENT STRUC LTD,H
NITIRAJ,BE,NITIRAJ ENGINEERS LTD,H
NOIDATOLL,BE,NOIDA TOLL BRIDGE CO LTD,H
ONEPOINT,EQ,ONE POINT ONE SOL LTD,H
ORIENTALTL,BE,ORIENTAL TRIMEX LTD,H
OWAIS,SM,OWAIS METAL & MINERAL,H
PARSVNATH,EQ,PARSVNATH DEVELOPER LTD,H
PCJEWELLER,EQ,PC JEWELLER LTD,H
PKTEA,EQ,THE P K TEA PROD CO LTD,H
PRAKASHSTL,BE,PRAKASH STEELAGE LTD,H
PRAMARA,SM,PRAMARA PROMOTIONS LTD,H
PRATHAM,SM,PRATHAM EPC PROJECTS LTD,H
PRAXIS,BE,PRAXIS HOME RETAIL LTD,H
PRITIKA,SM,PRITIKA ENG COMPO LTD,H
PRITIKAUTO,BE,PRITIKA AUTO INDUS LTD,H
PROLIFE,SM,PROLIFE INDUSTRIES LTD,H
PRUDMOULI,BE,PRUDENTIAL SUGAR CORPORAT,H
PURVA,BE,PURAVANKARA LIMITED,H
PVP,EQ,PVP VENTURES LIMITED,H
RADAAN,EQ,RADAAN MEDIAWORKS (I) LTD,H
RAJMET,BE,RAJNANDINI METAL LIMITED,H
RAJRILTD,BE,RAJ RAYON INDUSTRIES LTD,H
RAJTV,BE,RAJ TV NETWORK LTD,H
RAMKY,EQ,RAMKY INFRA LTD,H
RBMINFRA,SM,RBM INFRACON LIMITED,H
RCOM,BE,RELIANCE COMMUNICATIONS L,H
REFEX,EQ,REFEX INDUSTRIES LIMITED,H
REFRACTORY,ST,REFRACTORY SHAPES LIMITED,H
REGENCERAM,BE,REGENCYCERAMICS-LTD,H
RPOWER,EQ,RELIANCE POWER LTD.,H
RUCHINFRA,EQ,RUCHI INFRASTRUCTURE LTD,H
SAHANA,SM,SAHANA SYSTEM LIMITED,H
SALASAR,EQ,SALASAR TECHNO ENGG. LTD.,H
SALSTEEL,BE,S.A.L. STEEL LTD.,H
SALZERELEC,EQ,SALZER ELECTRONICS LTD,H
SAMBHAAV,BE,SAMBHAAV MEDIA LTD,H
SAMPANN,BE,SAMPANN UTPADAN INDIA LTD,H
SANDUMA,EQ,SANDUR MANG & IRON ORES L,H
SANGINITA,BE,SANGINITA CHEMICALS LTD,H
SARVESHWAR,BE,SARVESHWAR FOODS LIMITED,H
SCILAL,EQ,SHIPPING CORP OF ILA LTD,H
SETCO,BE,SETCO AUTOMOTIVE LTD,H
SHAKTIPUMP,EQ,SHAKTI PUMPS (I) LTD,H
SHANTI,BE,SHANTI OVERSEAS INDIA LTD,H
SHREERAMA,BE,SHREE RAMA MULTI TECH LTD,H
SHRENIK,EQ,SHRENIK LIMITED,H
SINDHUTRAD,EQ,SINDHU TRADE LINKS LTD,H
SMARTLINK,EQ,SMARTLINK HOLDINGS LTD,H
SOLEX,SM,SOLEX ENERGY LIMITED,H
SOMATEX,BE,SOMA TEXTILEI NDUSTRIES L,H
SPARC,EQ,SUN PHARMA ADV.RES.CO.LTD,H
SUMEETINDS,BE,SUMEET IND LIMITED,H
SUPREMEENG,EQ,SUPREME ENGINEERING LTD,H
SUPREMEINF,BZ,SUPREME INFRA. LTD,H
SURANASOL,BE,SURANA SOLAR LIMITED,H
SURANAT&P,BE,SURANA TELECOM AND POW LT,H
SUULD,EQ,SUUMAYA INDUSTRIES LTD,H
SWANENERGY,EQ,SWAN ENERGY LIMITED,H
SWELECTES,EQ,SWELECT ENERGY SYS LTD,H
SWSOLAR,EQ,STRLNG & WIL REN ENE LTD,H
SYNCOMF,EQ,SYNCOM FORMU (I) LTD,H
TAC,SM,TAC INFOSEC LIMITED,H
TARC,EQ,TARC LIMITED,H
TECHLABS,SM,TRIDENT TECHLABS LIMITED,H
TERASOFT,BE,TERA SOFTWARE LIMITED,H
TFL,BE,TRANSWARRANTY FIN. LTD.,H
TGL,SM,TEERTH GOPICON LIMITED,H
TIPSFILMS,EQ,TIPS FILMS LIMITED,H
TREEHOUSE,BE,TREE HOUSE EDU LTD,H
TRUST,SM,TRUST FINTECH LIMITED,H
TVVISION,BE,TV VISION LIMITED,H
UNIINFO,BE,UNIINFO TELECOM SERVI LTD,H
UNITECH,BZ,UNITECH LIMITED,H
URJA,EQ,URJA GLOBAL LIMITED,H
V2RETAIL,BE,V2 RETAIL LIMITED,H
VARDMNPOLY,EQ,VARDHMAN POLYTEX LTD.,H
VIJIFIN,BE,VIJI FINANCE LIMITED,H
VINEETLAB,BE,VINEET LABORATORIES LTD,H
VINNY,EQ,VINNY OVERSEAS LIMITED,H
VIVIDHA,BE,VISAGAR POLYTEX LTD,H
VMARCIND,SM,V MARC INDIA LIMITED,H
WALCHANNAG,EQ,WALCHANDNAGAR INDUSTRIES,H
WEBELSOLAR,BE,WEBSOL ENERGY SYSTEM LTD,H
WEWIN,BE,WE WIN LIMITED,H
WINDMACHIN,EQ,WINDSOR MACHINES LIMITED,H
WINSOL,ST,WINSOL ENGINEERS LIMITED,H
WINSOME,BE,WINSOME YARNS LIMITED,H
WOMANCART,SM,WOMANCART LIMITED,H
ZEELEARN,BE,ZEE LEARN LIMITED,H
AILIMITED,SM,ABHISHEK INTEGRATIONS LTD,L
ANTGRAPHIC,BE,ANTARCTICA LTD,L
ARHAM,ST,ARHAM TECHNOLOGIES LTD,L
ARSHIYA,BE,ARSHIYA LIMITED,L
ARTNIRMAN,BE,ART NIRMAN LIMITED,L
ASMS,EQ,BARTRONICS INDIA LIMITED,L
BOHRAIND,BE,BOHRA INDUSTRIES LIMITED,L
CLOUD,SM,VARANIUM CLOUD LIMITED,L
CMRSL,SM,CYBER MEDIA RES & SER LTD,L
CRAYONS,SM,CRAYONS ADVERTISING LTD,L
EQUIPPP,BE,EQUIPPP SOC IMP TECH LTD,L
FCONSUMER,EQ,FUTURE CONSUMER LIMITED,L
FEL,BZ,FUTURE ENTERPRISES LTD,L
FELDVR,BE,FUTURE ENTERPRISES LTD,L
GLOBE,EQ,GLOBE TEXTILES (I) LTD.,L
GODHA,EQ,GODHA CABCON INSULAT LTD,L
GOENKA,BZ,GOENKA DIAMOND&JEWELS LTD,L
GSS,EQ,GSS INFOTECH LIMITED,L
GTLINFRA,EQ,GTL INFRA.LTD,L
HINDMOTORS,EQ,HINDUSTAN MOTORS LIMITED,L
ICDSLTD,BE,ICDSLTD,L
IL&FSENGG,BZ,IL&FS ENG AND CONS CO LTD,L
IL&FSTRANS,BZ,IL&FS TRANS NET LTD,L
INFOMEDIA,BE,INFOMEDIA PRESS LIMITED,L
ISHAN,SM,ISHAN INTERNATIONAL LTD,L
KAVVERITEL,EQ,KAVVERI TEL. LTD.,L
KONSTELEC,SM,KONSTELEC ENGINEERS LTD,L
LAL,EQ,LORENZINI APPARELS LTD,L
LATTEYS,BE,LATTEYS INDUSTRIES LTD,L
LGHL,BE,LAXMI GOLDORNA HOUSE LTD,L
MANORAMA,BE,MANORAMA INDUSTRIES LTD,L
MARSHALL,BE,MARSHALL MACHINES LTD,L
MEDICO,BE,MEDICO REMEDIES LIMITED,L
MELSTAR,BZ,MELSTAR INFORMATION TECH,L
METALFORGE,BZ,METALYST FORGINGS LIMITED,L
MILTON,SM,MILTON INDUSTRIES LIMITED,L
NORBTEAEXP,EQ,NORBEN TEA & EXPORTS LTD,L
ORIANA,SM,ORIANA POWER LIMITED,L
PRESSTONIC,SM,PRESSTONIC ENGINEERING L,L
RBMINFRA,SM,RBM INFRACON LIMITED,L
SADHAV,SM,SADHAV SHIPPING LIMITED,L
SECMARK,BE,SECMARK CONSULTANCY LTD,L
SECURKLOUD,BE,SECUREKLOUD TECH LIMITED,L
SEMAC,BE,SEMAC CONSULTANTS LIMITED,L
SHRENIK,EQ,SHRENIK LIMITED,L
SHUBHLAXMI,SM,SHUBHLAXMI JEWEL ART LTD,L
SIMPLEXINF,BE,SIMPLEX INFRASTRUCTURES L,L
SLONE,ST,SLONE INFOSYSTEMS LIMITED,L
SOMICONVEY,BE,SOMI CONVEYOR BELT. LTD.,L
SPRL,ST,SP REFRACTORIES LIMITED,L
SRPL,BE,SHREE RAM PROTEINS LTD.,L
SUMEETINDS,BE,SUMEET IND LIMITED,L
TFL,BE,TRANSWARRANTY FIN. LTD.,L
THEINVEST,EQ,THE INVEST TRUST OF IND L,L
TIRUPATI,SM,SHREE TIRUPATI BALAJEE,L
VEEKAYEM,SM,VEEKAYEM FASH & APP LTD,L
VIVIANA,SM,VIVIANA POWER TECH LTD,L
VIVO,SM,VIVO COLLAB SOLUTIONS LTD,L
WEL,BE,WONDER ELECTRICALS LTD,L
