GAIN_LOSS,SECURITY,CLOSE_PRIC,PREV_CL_PR,PERCENT_CG
 ,Nifty 50 Sec., , , 
 , , , , 
G,ADANI ENTERPRISES LIMITED,      3037.55,      2879.60,5.49
G,MAHINDRA & MAHINDRA LTD,      2269.90,      2184.25,3.92
G,HERO MOTOCORP LIMITED,      5043.45,      4885.55,3.23
G,LARSEN & TOUBRO LTD.,      3379.45,      3293.85,2.6
G,JSW STEEL LIMITED,       881.50,       860.60,2.43
G,OIL AND NATURAL GAS CORP.,       272.90,       266.90,2.25
G,HINDALCO  INDUSTRIES  LTD,       646.65,       633.50,2.08
G,ADANI PORT & SEZ LTD,      1331.25,      1306.40,1.9
G,EICHER MOTORS LTD,      4730.55,      4657.45,1.57
G,NTPC LTD,       355.80,       350.90,1.4
G,SUN PHARMACEUTICAL IND L,      1545.25,      1525.05,1.32
G,SHRIRAM FINANCE LIMITED,      2330.35,      2301.80,1.24
G,RELIANCE INDUSTRIES LTD,      2840.15,      2805.40,1.24
G,INDUSIND BANK LIMITED,      1421.00,      1404.55,1.17
G,STATE BANK OF INDIA,       818.20,       808.80,1.16
G,ULTRATECH CEMENT LIMITED,      9660.65,      9551.50,1.14
G,MARUTI SUZUKI INDIA LTD.,     12814.20,     12673.85,1.11
G,TITAN COMPANY LIMITED,      3288.90,      3253.65,1.08
G,TECH MAHINDRA LIMITED,      1275.50,      1262.05,1.07
G,COAL INDIA LTD,       448.70,       444.00,1.06
G,WIPRO LTD,       456.35,       451.95,.97
G,LTIMINDTREE LIMITED,      4634.85,      4593.55,.9
G,POWER GRID CORP. LTD.,       309.25,       306.55,.88
G,BAJAJ AUTO LIMITED,      9065.25,      8992.30,.81
G,TATA STEEL LIMITED,       164.95,       163.85,.67
G,HCL TECHNOLOGIES LTD,      1321.05,      1312.90,.62
G,APOLLO HOSPITALS ENTER. L,      5862.80,      5830.15,.56
G,SBI LIFE INSURANCE CO LTD,      1432.85,      1425.10,.54
G,TATA MOTORS LIMITED,       964.65,       959.75,.51
G,HDFC BANK LTD,      1460.95,      1455.25,.39
 , , , , 
L,CIPLA LTD,      1357.35,      1414.65,-4.05
L,TATA CONSULTANCY SERV LT,      3901.20,      3947.80,-1.18
L,NESTLE INDIA LIMITED,      2487.35,      2516.25,-1.15
L,TATA CONSUMER PRODUCT LTD,      1085.45,      1096.95,-1.05
L,AXIS BANK LIMITED,      1122.85,      1132.00,-0.81
L,DR. REDDY S LABORATORIES,      5868.80,      5908.55,-0.67
L,ICICI BANK LTD.,      1120.55,      1128.00,-0.66
L,BAJAJ FINANCE LIMITED,      6675.70,      6718.75,-0.64
L,GRASIM INDUSTRIES LTD,      2372.05,      2385.20,-0.55
L,ITC LTD,       429.70,       431.85,-0.5
L,HINDUSTAN UNILEVER LTD.,      2349.60,      2360.65,-0.47
L,ASIAN PAINTS LIMITED,      2866.15,      2879.25,-0.45
L,DIVI S LABORATORIES LTD,      3896.20,      3911.50,-0.39
L,BAJAJ FINSERV LTD.,      1576.45,      1580.55,-0.26
L,BHARAT PETROLEUM CORP  LT,       605.95,       606.90,-0.16
L,BHARTI AIRTEL LIMITED,      1284.30,      1285.95,-0.13
 , , , , 
 ,Nifty Next 50 Sec., , , 
 , , , , 
G,INDIAN RAILWAY FIN CORP L,       157.30,       145.90,7.81
G,ADANI POWER LTD,       628.05,       594.90,5.57
G,ADANI TOTAL GAS LIMITED,       908.95,       861.85,5.46
G,TATA POWER CO LTD,       430.35,       411.75,4.52
G,VEDANTA LIMITED,       432.55,       414.05,4.47
G,LIFE INSURA CORP OF INDIA,       931.00,       891.70,4.41
G,ADANI GREEN ENERGY LTD,      1788.80,      1715.15,4.29
G,JINDAL STEEL & POWER LTD,       978.45,       939.45,4.15
G,HINDUSTAN AERONAUTICS LTD,      4074.70,      3921.75,3.9
G,AMBUJA CEMENTS LTD,       610.20,       588.20,3.74
G,INDIAN RAIL TOUR CORP LTD,      1026.65,       990.15,3.69
G,GAIL (INDIA) LTD,       200.05,       192.95,3.68
G,BOSCH LIMITED,     31882.00,     30797.80,3.52
G,JIO FIN SERVICES LTD,       352.45,       341.35,3.25
G,TVS MOTOR COMPANY  LTD,      2134.80,      2068.60,3.2
G,CANARA BANK,       566.55,       549.35,3.13
G,ADANI ENERGY SOLUTION LTD,      1022.05,       991.05,3.13
G,BHARAT ELECTRONICS LTD,       230.95,       224.75,2.76
G,SRF LTD,      2286.75,      2226.50,2.71
G,PUNJAB NATIONAL BANK,       125.75,       123.10,2.15
G,SAMVRDHNA MTHRSN INTL LTD,       127.55,       125.05,2
G,TRENT LTD,      4540.35,      4465.70,1.67
G,INTERGLOBE AVIATION LTD,      4147.35,      4082.00,1.6
G,HAVELLS INDIA LIMITED,      1729.10,      1702.40,1.57
G,POWER FIN CORP LTD.,       421.60,       416.50,1.22
G,ABB INDIA LIMITED,      8080.85,      7984.25,1.21
G,TORRENT PHARMACEUTICALS L,      2630.65,      2604.60,1
G,MARICO LIMITED,       600.25,       594.55,0.96
G,VARUN BEVERAGES LIMITED,      1489.05,      1477.30,0.8
G,DABUR INDIA LTD,       554.55,       550.25,0.78
 , , , , 
L,ZOMATO LIMITED,       187.30,       194.30,-3.6
L,CHOLAMANDALAM IN & FIN CO,      1252.05,      1282.60,-2.38
L,GODREJ CONSUMER PRODUCTS,      1306.90,      1338.30,-2.35
L,AVENUE SUPERMARTS LIMITED,      4597.05,      4693.70,-2.06
L,COLGATE PALMOLIVE LTD.,      2819.95,      2859.35,-1.38
L,UNITED SPIRITS LIMITED,      1175.60,      1189.75,-1.19
L,ZYDUS LIFESCIENCES LTD,       983.65,       992.50,-0.89
L,INFO EDGE (I) LTD,      6017.30,      6057.00,-0.66
L,SBI CARDS & PAY SER LTD,       718.40,       720.75,-0.33
L,BERGER PAINTS (I) LTD,       494.55,       495.75,-0.24
L,ICICI LOMBARD GIC LIMITED,      1683.80,      1684.15,-0.02
L,ICICI PRU LIFE INS CO LTD,       597.20,       597.30,-0.02
 , , , , 
 ,OTHER SECURITIES, , , 
 , , , , 
G,AARTI PHARMALABS LIMITED,       618.05,       520.05,18.84
G,SEC RE NCD 10.15% SR VII,       979.00,       825.45,18.6
G,TEXMACO INFRA & HOLDG LTD,       104.90,        89.10,17.73
G,PENINSULA LAND LIMITED,        70.40,        59.90,17.53
G,H.G.INFRA ENGINEERING LTD,      1380.10,      1191.50,15.83
G,ALEMBIC LIMITED,       100.35,        87.65,14.49
G,BASF INDIA LTD,      4617.45,      4096.90,12.71
G,COCHIN SHIPYARD LIMITED,      1343.20,      1195.20,12.38
G,BLUE PEBBLE LIMITED,       356.80,       317.85,12.25
G,ARVIND AND COMPANY,        51.00,        45.50,12.09
G,D P WIRES LIMITED,       511.00,       456.30,11.99
G,GREENLAM INDUSTRIES LTD.,       601.05,       537.00,11.93
G,WINDSOR MACHINES LIMITED,        85.55,        76.50,11.83
G,ASPIRE & INNOVATIVE ADV L,        77.90,        69.70,11.76
G,DYNAMIC CABLES LIMITED,       584.00,       522.95,11.67
G,GEEKAY WIRES LIMITED,       102.85,        92.20,11.55
G,MRO-TEK REALTY LIMITED,       100.90,        90.70,11.25
G,FINOLEX INDUSTRIES LTD,       301.30,       271.15,11.12
G,D. P. ABHUSHAN LIMITED,      1277.20,      1149.45,11.11
G,NAKODA GROUP OF IND. LTD,        56.25,        50.65,11.06
G,SARLA PERF. FIBERS LTD,        86.60,        78.55,10.25
G,EXCEL REALTY N INFRA LTD,          .55,          .50,10
G,SHIPPING CORP OF ILA LTD,        67.65,        61.50,10
G,EMAMI REALTY LIMITED,       110.00,       100.00,10
G,TRUST FINTECH LIMITED,       280.50,       255.00,10
G,KAPSTON SERVICES LIMITED,       366.70,       333.40,9.99
G,MANOJ VAIBHAV GEM N JEW L,       245.65,       223.35,9.98
G,BOMBAY METRICS S C LTD,       152.40,       138.70,9.88
G,MAHANAGAR TELEPHONE NIGAM,        36.85,        33.55,9.84
G,USHANTI COLOUR CHEM LTD,        56.00,        51.05,9.7
 , , , , 
L,PRESSTONIC ENGINEERING L,       123.50,       154.35,-19.99
L,SADHAV SHIPPING LIMITED,       206.20,       235.35,-12.39
L,7.40% TAX FREETRI SRIII,      1162.36,      1294.99,-10.24
L,KONSTELEC ENGINEERS LTD,       241.20,       268.00,-10
L,VARANIUM CLOUD LIMITED,        34.10,        37.85,-9.91
L,CRAYONS ADVERTISING LTD,       121.65,       134.85,-9.79
L,VERA SYNTHETIC LIMITED,        47.00,        52.00,-9.62
L,SHUBHLAXMI JEWEL ART LTD,        45.85,        50.10,-8.48
L,FIBERWEB INDIA LIMITED,        36.40,        39.05,-6.79
L,IRIS CLOTHINGS LIMITED,        81.60,        87.40,-6.64
L,SEC RE NCD 10.25% SR.IV,       890.10,       953.00,-6.6
L,NELCAST LIMITED,       143.15,       152.85,-6.35
L,NIP IND ETF HANGSENG BEES,       311.00,       329.17,-5.52
L,SPENCER S RETAIL LIMITED,        92.95,        98.20,-5.35
L,AURANGABAD DISTILLERY LTD,       302.30,       319.20,-5.29
L,SLONE INFOSYSTEMS LIMITED,       101.65,       107.00,-5
L,HINDUSTAN MOTORS LIMITED,        39.90,        42.00,-5
L,ORIANA POWER LIMITED,      2329.00,      2451.55,-5
L,VIVO COLLAB SOLUTIONS LTD,        85.95,        90.45,-4.98
L,GSS INFOTECH LIMITED,       110.90,       116.70,-4.97
L,CYBER MEDIA RES & SER LTD,       132.10,       139.00,-4.96
L,KAVVERI TEL. LTD.,        16.30,        17.15,-4.96
L,MILTON INDUSTRIES LIMITED,        32.80,        34.50,-4.93
L,SEC RE NCD SR II,       952.00,      1000.00,-4.8
L,GLOBE TEXTILES (I) LTD.,         3.05,         3.20,-4.69
L,BABA FOOD PROCESSING,        54.20,        56.80,-4.58
L,FUTURE CONSUMER LIMITED,         1.05,         1.10,-4.55
L,TUBE INVEST OF INDIA LTD,      3757.55,      3935.10,-4.51
L,UPL LIMITED,       510.05,       534.10,-4.5
L,WEALTH FRST PORT. MG. LTD,       734.90,       769.20,-4.46
