SYMBOL,SYMBOL P/E,ADJUSTED P/E
UGROCAP,20.36,20.36
KPIGREEN,66.74,66.65
YUKEN,137.97,139.85
SGIL,41.68,41.68
ANANDRATHI,73.19,73.19
SJS,25.53,25.53
FINOPB,27.11,27.11
POLICYBZR,846.69,846.69
NYKAA,1260.72,1260.72
AWL,252.02,201.47
MONARCH,19.49,19.48
SAPPHIRE,168.77,168.77
PRUDENT,45.39,45.39
EPIGRAL,26.52,26.52
NUVOCO,75.02,75.02
GOCOLORS,62.48,62.48
TRACXN,31.93,31.93
CMSINFO,19.11,19.11
FUSION,9.29,9.29
COASTCORP,218.34,218.34
TARSONS,41.26,41.26
MEDPLUS,189.64,189.64
TEGA,56.9,56.9
RATEGAIN,63.3,63.3
MANORG,127.69,127.69
LATENTVIEW,59.63,59.63
METROBRAND,90.07,90.07
MICEL,68.49,120.42
PASUPTAC,29.86,29.86
FOODSIN,17.52,17.45
PARADEEP,59.62,59.62
MAPMYINDIA,82.09,82.09
ABMINTLLTD,283.55,283.55
TMB,6.88,6.88
KRITI,25.84,25.84
MANYAVAR,58.31,58.31
GANESHBE,17.35,17.26
GVPTECH,153.48,153.48
DMCC,62.01,62.01
MEDICAMEQ,56.03,56.03
EMIL,45.07,45.07
SHIVALIK,45.32,45.32
DATAPATTNS,93.4,93.4
MEDANTA,82.53,82.53
AHL,22.62,22.62
MALLCOM,18.44,18.44
IRIS,59.05,59.05
ASIANENE,46.98,43.83
SMLT,17.99,17.99
NRL,48.38,48.38
RADIANTCMS,17.4,17.4
CHOICEIN,48.07,48.07
HARIOMPIPE,28.12,28.12
GRWRHITECH,20.28,20.28
DCMSRIND,15.69,15.69
RAJRILTD,360.37,360.37
EMUDHRA,81.59,81.59
DYCL,33.88,33.88
FIVESTAR,25.26,25.26
VIRINCHI,25.09,25.09
SBC,69.39,69.39
DHRUV,29.53,29.53
ELDEHSG,26.31,26.31
ELIN,64.71,64.71
SEJALLTD,98.56,98.56
MHLXMIRU,25.13,25.13
RELCHEMQ,27.21,27.21
GATEWAY,19.67,19.67
SYRMA,56.06,55.64
ZIMLAB,33.51,33.51
JTLIND,33.92,33.92
CAMPUS,93.45,93.45
RAINBOW,62.44,62.44
VENUSPIPES,48.37,48.37
AETHER,89.13,85.33
ROTO,32.55,32.55
MEGASTAR,31.97,31.97
INDOBORAX,13.44,13.44
LANDMARK,42.79,40.89
RACE,206.06,206.06
AVONMORE,26.41,26.41
ETHOSLTD,98.89,98.89
DREAMFOLKS,35.31,35.31
MSUMI,50.72,50.72
DHARMAJ,16.98,16.98
HARSHA,35.07,35.07
OBCL,154.86,154.86
INDOAMIN,17.81,17.81
INOXGREEN,121.49,121.49
ACI,19.62,19.62
BIKAJI,70.61,70.61
RITCO,20.71,20.71
SADHNANIQ,308.59,308.59
HARDWYN,141.24,141.24
CHEVIOT,11.04,11.04
HMAAGRO,24.91,24.91
MEDICO,40.64,40.64
KFINTECH,51.68,51.68
YATHARTH,50.21,50.21
DCXINDIA,39.58,39.58
AKSHAR,12.13,12.13
KAYNES,95.14,95.14
NGLFINE,37.62,37.62
AXITA,28.22,28.22
SENCO,43.69,43.69
TRU,136.18,136.18
RADHIKAJWE,16.81,16.81
TIPSFILMS,219.5,219.5
SPLPETRO,39.03,39.03
RAMRAT,33.52,33.52
CSLFINANCE,17,17
GOYALALUM,59.79,59.79
RUSTOMJEE,152,152
GENSOL,96.32,96.32
DBOL,17.44,17.44
GSLSU,59.92,59.92
SPORTKING,14.4,14.4
MANORAMA,85.59,85.59
GRMOVER,16.09,16.09
SYNCOMF,68.49,68.42
DJML,82.38,82.38
SULA,43.63,43.63
KRITINUT,11.29,11.29
AVALON,74.14,74.14
BAIDFIN,19.24,19.24
KAMOPAINTS,77.89,77.89
SCPL,24.38,24.38
SUKHJITS,13.14,13.14
MANKIND,50.08,50.08
SKYGOLD,48.61,48.61
SATINDLTD,3.88,3.88
DIVGIITTS,55.76,55.76
USK,13.29,13.29
IKIO,33.77,33.77
MANOMAY,23.2,23.2
FAZE3Q,20.1,20.1
LLOYDSME,28.48,28.48
AARTIPHARM,24.23,24.23
SAHYADRI,14.52,14.52
NINSYS,68.23,68.23
SBGLP,115.85,115.85
ASMS,1.54,
HYBRIDFIN,23.2,23.2
SAH,259.05,259.05
CYIENTDLM,86.41,86.41
AKI,169.68,169.68
ATAM,41.49,41.49
IDEAFORGE,82.85,82.85
LAL,42.72,42.72
POCL,15,26.04
REDTAPE,108.99,108.99
ASHOKAMET,41.63,41.63
PTCIL,382.51,382.51
NETWEB,152.64,152.64
GHCLTEXTIL,32.15,32.15
KIRLPNU,51.49,49.25
ATL,53.61,53.61
NIITMTS,38.11,37.21
SINDHUTRAD,19.64,19.64
TREL,13.47,60.35
DRREDDY,17.72,17.72
CHAMBLFERT,13.15,13.15
HINDOILEXP,9.32,9.32
COROMANDEL,21.26,21.26
VINDHYATEL,19.19,19.19
ASIANPAINT,50.91,50.91
PGHL,36.6,36.6
ADORWELD,28.34,28.34
TATACHEM,71.08,21.58
ATFL,165.42,236.17
EPL,21.65,21.65
VIPIND,133.27,211.09
BIRLACABLE,32.22,32.22
WEIZMANIND,21.39,21.39
UNICHEMLAB,270.24,
JTEKTINDIA,42.3,44.84
SUNPHARMA,40.66,38.62
SHREYANIND,3.65,3.65
HCC,12.44,43.72
EICHERMOT,35.89,35.89
ZENSARTECH,20.72,20.72
JYOTISTRUC,106.55,106.55
BLUEDART,55.3,55.3
HSCL,40.74,40.74
UFLEX,,16.06
SPMLINFRA,40.23,40.23
SOMANYCERA,28.33,27.49
HLVLTD,71.66,83.41
MANGLMCEM,39.76,39.76
OSWALAGRO,6803.79,6803.79
RUBYMILLS,16.38,16.38
GRAPHITE,13.67,599.48
DHAMPURSUG,10.64,10.64
FOSECOIND,28.79,33.1
SCHAEFFLER,65.81,65.56
MFSL,84.98,84.98
GODFRYPHLP,25.46,25.46
TIMKEN,67.14,67.14
AKZOINDIA,27.72,27.72
GRASIM,16.57,16.57
DCW,42.15,41.1
HEUBACHIND,19.68,19.68
BEL,46.62,46.62
KHAITANLTD,104.68,104.68
ANDHRSUGAR,18.16,17.73
AUSOMENT,32.7,32.7
MARICO,51.23,51.23
KEYFINSERV,11.66,11.66
SANGAMIND,46.26,40.4
STERTOOLS,23.76,23.87
TVSSRICHAK,28.19,26.88
GUJAPOLLO,18.12,18.12
RUCHINFRA,23.06,59.68
KOTHARIPET,11.87,11.87
BANKBARODA,7.28,7.28
INDNIPPON,27.43,27.43
CONCOR,51.23,51.23
KCPSUGIND,8.73,8.53
NLCINDIA,11.66,11.63
HAVELLS,83.95,83.95
AXISCADES,60.67,60.67
TIPSINDLTD,43.66,43.66
HIKAL,49.7,49.7
MARKSANS,22.09,22.09
GODREJCP,,73.02
TCI,25.58,25.31
PONNIERODE,7.54,7.54
NUCLEUS,17.29,17.29
DIVISLAB,75.08,75.08
UCOBANK,37.34,37.34
DREDGECORP,46.88,46.1
PETRONET,12.81,13.09
POONAWALLA,21.42,31.35
APARINDS,37.32,37.32
COFORGE,33.55,33.92
GUFICBIO,38.33,38.33
KOTARISUG,9.93,10.01
PATELENG,19.2,22.5
JPPOWER,12.1,8.37
IIFL,8.39,8.39
CYBERMEDIA,12.62,11.25
GRANULES,24.85,24.85
YESBANK,52.02,52.02
RML,433.72,11.97
TALBROAUTO,28.96,28.96
GESHIP,5.47,5.47
DONEAR,19.02,19.02
HIRECT,231.86,55.3
TANLA,20.92,20.92
PTL,26.91,26.91
TIIL,18.57,18.57
FSL,24.92,24.92
INDIANB,8.5,8.5
AMDIND,20.64,20.64
PHOENIXLTD,43.53,45.01
KMSUGAR,16.37,16.37
NELCAST,24.44,33.58
MEGASOFT,50.05,50.05
CENTRALBK,19.95,19.95
KPRMILL,34.17,34.17
PURVA,156.93,156.93
NAGREEKCAP,.48,.48
KSCL,15.39,15.39
ALKALI,72.17,68.05
MAWANASUG,8.36,8.25
GKWLIMITED,76.29,76.29
ADANIPOWER,11.02,11.02
OIL,9.74,9.77
ZYDUSWELL,40.97,37.88
SHILPAMED,930.91,930.91
DLINKINDIA,14.85,14.85
BEARDSELL,15.99,15.99
JUBLFOOD,128.96,128.96
HATHWAY,58.37,58.35
PERSISTENT,47.86,47.86
KSL,19.76,19.76
UMESLTD,57.2,57.2
AHLEAST,14.06,23.84
KILITCH,41.18,41.18
BEDMUTHA,34.42,34.42
CGCL,51.02,51.02
JINDWORLD,98.52,98.52
JUBLINDS,93.7,24.74
DHUNINV,12.83,12.83
PIIND,35.06,35.06
OMINFRAL,23.59,23.59
DELPHIFX,13.86,13.86
JUSTDIAL,23.59,23.59
IBULHSGFIN,6.53,6.53
JPOLYINVST,2.9,2.85
CASTROLIND,21.34,21.34
CAPLIPOINT,22.47,22.47
SUPERHOUSE,14.85,14.85
PDSL,27.46,27.46
GRPLTD,77.39,77.39
GANECOS,76.44,76.44
MANAKALUCO,22.97,31.82
LFIC,6.39,6.39
PRIVISCL,46.22,46.22
TPLPLASTEH,40.1,40.1
ORICONENT,29.62,24.11
ADANIENSOL,92.46,83.01
PKTEA,336.87,336.87
SHREEPUSHK,15.23,15.23
SHK,29.25,23.99
SALZERELEC,28.79,28.79
ALKEM,39.56,35.95
PRECAM,38.57,54.91
HITECH,42.58,42.58
BHAGERIA,40.43,40.43
KDDL,24.96,25.02
HECPROJECT,17.34,17.34
BHARATWIRE,19.03,19.03
THYROCARE,51.34,51.34
PARAGMILK,23.56,23.56
ARMANFIN,13.19,13.19
ASPINWALL,31.74,31.74
GLOBAL,14.07,14.07
DMART,120.46,120.46
AIRAN,28.09,28.09
ARIHANTSUP,29.73,29.73
CLEDUCATE,24.68,26.36
SHANKARA,20.56,20.56
WIPL,30.47,30.47
DEVIT,27.84,27.84
DOLLAR,52.96,52.45
BHAGYANGR,7.51,7.51
GLOBE,18.44,18.44
GTPL,17.46,17.46
AVADHSUGAR,7.55,7.55
TOTAL,157.63,157.63
WEWIN,30.75,30.75
COCHINSHIP,55.76,62.99
GEEKAYWIRE,11.72,11.72
DIXON,141.54,141.54
CAPACITE,26.35,26.35
AARVI,18.05,18.05
RKEC,14.44,14.44
TIRUPATIFL,25.82,25.82
DPABHUSHAN,51.01,51.01
IFGLEXPOR,23.27,23.27
VERTOZ,79.66,79.66
ICEMAKE,36.19,36.19
ONEPOINT,55.62,55.62
AJOONI,64.28,64.28
BCONCEPTS,60.2,60.39
NEWGEN,52.66,52.66
SINTERCOM,369.61,369.61
ARVEE,298.11,298.11
MACPOWER,72.72,72.72
BANDHANBNK,13.4,13.4
MITTAL,21.03,65.05
AVG,19.83,19.83
NARMADA,51.29,51.29
AAKASH,28.31,28.31
SOFTTECH,194.48,194.48
SIRCA,35.02,35.02
INDIAMART,42.4,42.22
AFFLE,55.6,55.6
SPANDANA,11.18,11.18
UJJIVANSFB,8.12,8.12
SAFARI,57.12,57.12
IIFLSEC,10.51,10.51
VISHWARAJ,22.7,22.7
KUANTUM,6.08,6.08
CHEMBOND,16.38,16.38
ROUTE,22.92,23.78
SIGMA,19.76,19.76
EQUITASBNK,13.03,13.03
HINDWAREAP,42.74,42.74
ARTEMISMED,50.47,50.47
ATALREAL,69.85,69.85
MAHEPC,230.33,178.91
STOVEKRAFT,57.99,57.99
RAJRATAN,41.94,41.94
GLAND,44.12,41.91
MAXHEALTH,73.61,73.61
AAATECH,36.62,36.62
BTML,38.79,38.79
UNIDT,51.65,51.65
ANGELONE,19.8,19.8
VALIANTORG,23.9,26.68
ROML,17.02,15.45
THERMAX,85.28,94.27
RIIL,174.44,174.44
RAYMOND,21.46,20.44
SHREDIGCEM,17.38,17.38
SMLISUZU,35.53,35.53
SUNDRMFAST,45.97,45.97
LAXMIMACH,43.36,43.36
PEL,,31.53
MAHSCOOTER,43.53,43.53
TRENT,117.25,190.26
KCP,8.43,8.41
JBCHEPHARM,54.13,54.13
IONEXCHANG,37.05,37.05
IFBIND,112.28,112.28
HIMATSEIDE,11.64,11.64
GFLLIMITED,.36,
BHARATFORG,72.86,72.3
ATUL,55.56,55.56
TATAMOTORS,10.25,10.02
LINDEINDIA,210,210
ESCORTS,38.52,38.52
BAJAJHLDNG,66.37,66.37
ZUARIIND,1.45,
TATASTEEL,,49.79
SPIC,11.15,11.15
RELIANCE,24.14,24.14
NOCIL,35.21,35.21
DEEPAKFERT,13.35,13.35
MAHSEAMLES,9.5,9.48
BALMLAWRIE,30.15,30.15
CENTENKA,31.92,31.92
VTL,21.79,21.79
VLSFINANCE,3.62,3.62
BALRAMCHIN,13.37,13.37
BBOX,31.75,21.45
RANEHOLDIN,17.32,8.51
ARE&M,24,23.05
IVP,10.45,10.45
INDBANK,25.59,25.59
GET&D,222.24,43.39
BANARISUG,17.3,17.3
KPIL,36.39,36.39
IGARASHI,133.48,133.48
JAYNECOIND,21.85,20.05
SOTL,17.37,17.37
WSI,25,26.84
ADVANIHOTR,27.54,27.54
WIPRO,21.22,21.22
UNIVCABLES,77.85,77.85
MURUDCERA,44.79,44.79
SANOFI,33.53,32.45
KAJARIACER,42.66,42.64
PRSMJOHNSN,41.36,
PCBL,19.46,19.46
3PLAND,29.62,29.62
SAIL,25.61,23.07
STYRENIX,16.95,16.95
BBL,32.99,32.99
DCMSHRIRAM,34.03,34.03
COSMOFIRST,18.69,18.69
CIPLA,27.49,26.52
HDFCBANK,17.01,16.9
GIPCL,13.62,13.62
INDIANHUME,27.02,27.02
WALCHANNAG,59.1,
OSWALGREEN,100.84,100.84
HUHTAMAKI,5.53,21.6
KAMATHOTEL,15.1,50.77
APOLLOTYRE,16.91,16.77
PRECWIRE,36.64,36.64
NILKAMAL,21.79,21.79
SEAMECLTD,40.76,40.76
AUROPHARMA,24.84,24.48
GICHSGFIN,7.41,7.41
BANARBEADS,22.95,22.95
WSTCSTPAPR,4.25,4.21
PRUDMOULI,11.91,11.91
PRAJIND,32.92,32.92
KEEPLEARN,349.04,349.04
TFCILTD,15.67,15.67
GTL,1.73,5.78
GUJALKALI,6384.37,6384.37
AGI,18.11,18.11
TATACONSUM,80.34,69.3
ZEEL,109.53,47.92
KOTAKBANK,18.15,18.15
JAYSREETEA,25.8,
KANSAINER,18.58,32.75
ANDHRAPAP,4.54,4.43
GABRIEL,31.78,31.78
PRAKASH,8.65,8.65
GLFL,235.94,235.94
SHREECEM,41.76,41.76
HINDALCO,15.17,15.19
GSFC,11.64,11.64
FINCABLES,25.85,30.68
CGPOWER,102.7,105.21
ASHAPURMIN,14.8,17.86
NAVA,5.35,5.81
AUTOAXLES,16.68,16.68
SWARAJENG,21.32,21.32
GARFIBRES,31.86,31.86
SKFINDIA,45.37,45.37
JAYAGROGN,13.74,13.74
SILINV,17.66,17.66
SUNDRMBRAK,24.25,24.25
MOTHERSON,39.64,38.1
CREST,17.1,17.1
WENDT,67.36,67.36
SHRIRAMFIN,11.7,11.7
SAGCEM,80.13,138.65
DYNAMATECH,62.53,78.5
ALKYLAMINE,66.91,66.91
RAMCOIND,19.57,20.02
INDRAMEDCO,19.73,19.73
MADRASFERT,,64.55
INDSWFTLAB,13.89,14.21
FDC,24.59,24.59
MAHAPEXLTD,54.48,86.48
TRIGYN,95.76,95.76
KOTHARIPRO,214.6,214.6
ARCHIES,32.86,32.86
ITDCEM,29.41,29.41
SONATSOFTW,45.96,3.94
CYBERTECH,20.23,20.23
GOACARBON,9.84,9.84
STCINDIA,18.1,19.75
IVC,32.63,32.63
ALEMBICLTD,24.24,24.24
BSOFT,25.93,25.93
ZYDUSLIFE,33.81,30.46
RAJESHEXPO,11.96,11.96
SHREERAMA,33.37,33.37
LCCINFOTEC,,63.8
IOB,42.93,42.93
BLBLIMITED,14.53,16.24
BLUESTARCO,70.62,70.62
PNBGILTS,26.52,28.8
REPRO,89.52,89.52
KRBL,10.54,10.54
USHAMART,24.9,24.9
TRIDENT,45.99,46
SMARTLINK,42.31,42.31
MCDOWELL-N,68.12,67.96
MPSLTD,22.79,22.79
OLECTRA,168.81,183.96
UNIONBANK,7.6,7.6
GODREJIND,44.47,44.47
BAGFILMS,12.8,12.8
WELSPUNLIV,20.1,20.1
TVSELECT,2232.51,2232.51
UNIENTER,27.36,27.36
MUKANDLTD,11.8,11.8
MAHABANK,10.91,10.91
RKFORGE,36.48,36.46
EXCELINDUS,94.82,94.82
CENTEXT,21.83,20.77
TCS,30.98,30.51
NTPC,18.91,18.91
JINDALPHOT,100.03,100.03
ALLSEC,24.52,24.52
SHOPERSTOP,102.5,94.57
SURYALAXMI,36.4,18.47
63MOONS,9.62,17.62
GEOJITFSL,16.43,16.43
MSPL,46.36,40.76
IDFC,562.64,562.64
IMPAL,15.4,15.4
AURIONPRO,52.49,52.49
AIAENG,31.14,31.14
ORIENTCER,28.33,32.95
VIMTALABS,26.06,26.06
NITINSPIN,14.51,14.51
ENIL,30.07,31.07
GVKPIL,5.56,5.56
KEC,53.17,53.17
BLKASHYAP,,28.65
CENTURYPLY,40.71,40.71
VAKRANGEE,635.36,691.18
GALLANTT,29.83,29.83
UTTAMSUGAR,9.49,9.49
RSYSTEMS,38.62,38.62
LOKESHMACH,67.8,67.8
KAMDHENU,27,27
PIONEEREMB,63.56,63.56
MUNJALAU,194.54,18.79
GRINDWELL,64.27,64.23
ATLANTAA,.87,
ACE,57.85,57.85
GEECEE,74.78,74.78
JMFINANCIL,10.38,10.38
JHS,,27.59
TORNTPOWER,32.7,32.7
LTFOODS,14.14,14.14
JINDRILL,21.26,21.26
HBLPOWER,59.9,59.13
SARLAPOLY,30.75,30.75
GANDHITUBE,20.22,20.22
UNOMINDA,63.07,63.07
HUBTOWN,72.08,72.08
ORIENTBELL,6292.3,6292.3
PFC,7.31,7.31
SMSPHARMA,41.17,41.17
RAJTV,470.69,470.69
THEMISMED,68.23,68.23
DISHTV,,14.25
NDLVENTURE,200.24,200.24
WEBELSOLAR,,79.69
INSECTICID,24.98,24.98
V2RETAIL,91.58,91.58
ADSL,18.04,18.04
ISMTLTD,16.31,15.22
CIEINDIA,22.72,22.72
MAGNUM,12.64,12.64
POWERGRID,17.97,17.97
MAANALU,19.3,19.3
BAJAJELEC,66.99,66.99
BVCL,11.79,11.79
EDELWEISS,14.56,14.56
RGL,13.66,13.66
HITECHCORP,14.54,16.69
BRIGADE,92.45,93.83
DVL,28.08,28.08
AMBIKCO,13.39,13.39
BIRLAMONEY,12.96,12.96
JKIL,15.5,15.5
ONMOBILE,55.84,46.31
VGUARD,65.62,65.62
NESCO,17.08,17.08
TITAGARH,69.26,69.26
BAJAJFINSV,16.18,16.18
DIGISPICE,92.06,27.98
GOKUL,68.33,15.22
RBL,17.66,17.27
LOTUSEYE,35.8,35.83
UBL,125.26,125.26
ZFCVINDIA,61.03,61.03
JOCIL,50.03,50.03
AJMERA,25.94,25.94
EXCEL,51.02,51.02
EXPLEOSOL,20.24,20.24
SARDAEN,17.6,17.56
AHLUCONT,30.19,30.13
DBCORP,14.07,14.07
MMTC,208.8,384.89
NESTLEIND,97.13,97.49
DBREALTY,8.42,8.97
LGBBROSLTD,14.58,14.85
ISFT,20.14,20.14
MANAPPURAM,7.2,7.2
HMVL,81.34,81.34
IITL,9.12,18.85
PRAKASHSTL,5.84,5.84
WELINV,51.45,51.45
SASTASUNDR,25.59,25.35
GREENPOWER,42.14,62.54
ASHOKA,13.55,12.07
JWL,59.72,59.72
RESPONIND,53.4,53.4
PENIND,18.6,18.6
MOIL,31.07,31.07
KIRLOSENG,36.45,35.62
KICL,38.05,61.36
HFCL,39.82,39.82
LOVABLE,41.61,41.61
SYMPHONY,44.75,44.39
VSTTILLERS,23.65,23.65
ASHIANA,46.83,46.83
INVENTURE,20.59,18.07
LTF,16.89,16.89
BODALCHEM,125.2,125.2
ASAHISONG,136.73,
TDPOWERSYS,37.8,38.12
VASWANI,13.83,13.83
TRITURBINE,70.84,70.84
ESSARSHPNG,1.7,46.8
RUPA,31.87,31.87
APLAPOLLO,59.3,59.3
IRFC,31.58,31.58
COMPUSOFT,31.93,31.93
RHIM,,90.74
NBCC,60.53,51.3
HEXATRADEX,9.3,9.3
SWANENERGY,28.32,25.99
RTNINDIA,25.82,22.79
PROZONER,21.9,21.9
KITEX,33.51,33.51
DUCON,38.31,38.31
TVSHLTD,11.15,11.13
VETO,13.25,13.25
INDUSTOWER,14.66,14.66
PILITA,59.52,59.52
MITCON,52.24,52.24
SREEL,23,23
SDBL,26.4,26.4
AGARIND,12.47,12.47
GOCLCORP,34.72,36.48
INTELLECT,37.93,37.74
FCL,34.57,34.57
CCHHL,14.94,14.94
GENUSPAPER,205.47,205.47
LINC,24.23,24.23
MENONBE,9.05,9.05
IMAGICAA,11.57,12.22
BYKE,52.68,52.68
BCG,1.75,1.75
NILAINFRA,40.87,40.87
ALANKIT,22.53,22.53
AYMSYNTEX,,395.43
MUTHOOTCAP,3.54,24.95
NAVKARCORP,275.03,275.03
SADBHIN,,1.03
INDIGO,21.89,21.89
PILANIINVS,28.98,28.98
NH,33.28,33.28
TEAMLEASE,49.8,50.41
NECCLTD,37.63,37.63
GOKULAGRO,16.97,16.97
PDMJEPAPER,11.64,11.64
WEALTH,19.2,19.2
SAGARDEEP,115.8,115.8
UNITEDPOLY,27.69,27.69
ALBERTDAVD,10.36,10.36
PREMEXPLN,101.04,101.04
INCREDIBLE,30.91,30.91
MAHASTEEL,43.59,54.54
MGL,9.95,9.95
POKARNA,17.64,17.64
GPTINFRA,24.1,24.1
SOMICONVEY,29.98,29.98
LLOYDSENGG,85.99,85.99
LTIM,29.67,29.67
GATECH,43.12,43.12
ADVENZYMES,31.22,29.08
NDGL,12.4,12.4
BIGBLOC,56.01,56.01
MBAPL,76.85,76.85
CUPID,35.57,35.57
GNA,14.68,14.68
MASKINVEST,1339.03,1339.03
SAKAR,61.9,61.88
PANSARI,35.17,35.17
ARTNIRMAN,114.79,114.79
VBL,86.79,86.79
PODDARMENT,13.15,13.15
KIOCL,595.18,595.18
TCIEXP,29.4,29.4
ITDC,79.92,79.84
LIBAS,18.65,18.65
MAHESHWARI,13.96,13.96
BHANDARI,19.85,19.85
MCL,84.59,84.59
PRICOLLTD,40.06,40.06
STEELCITY,17.36,17.36
KRISHANA,33.66,33.66
NITIRAJ,43.99,45.85
SANGINITA,47.12,47.12
RADIOCITY,189.89,189.89
EIFFL,124.8,124.8
NRAIL,6.06,6.06
CREATIVE,32.18,32.18
FOCUS,29.86,29.86
SIKKO,40.65,40.65
MKPL,78.81,78.81
PANACHE,184.36,184.36
INFOBEAN,45.2,45.2
PSPPROJECT,16.12,16.12
TEJASNET,325.4,325.4
ACEINTEG,303.68,303.68
DYNPRO,92.69,92.69
UNIVASTU,36.56,36.56
THEINVEST,50.78,50.78
SIS,36.44,36.44
VAISHALI,30.9,30.9
SERVOTECH,160.26,160.26
CHOLAHLDNG,5.27,5.27
WORTH,12.98,12.98
DPWIRES,23.24,23.24
AIROLAM,26.61,26.61
JASH,39.65,39.65
MASFIN,18.34,18.34
TIINDIA,64.23,64.24
NAM-INDIA,32.09,32.09
SECURCRED,13.45,13.45
SILVERTUC,68.28,68.28
DNAMEDIA,.44,
SHRADHA,10.96,10.96
TOUCHWOOD,57.42,57.44
MOKSH,12.87,12.87
AMBER,86.15,86.15
GALAXYSURF,28.68,28.68
SOUTHWEST,36.73,36.73
GMMPFAUDLR,31.39,31.39
SARVESHWAR,56.84,56.84
UNIINFO,13.43,13.43
SUNDARMHLD,146.54,146.54
URAVI,368.63,368.63
KAPSTON,26.9,26.9
MIDHANI,71.7,71.7
MMP,31.12,31.12
CHEMFAB,21.69,21.69
BSHSL,105.6,105.6
E2E,75.56,75.56
BORORENEW,497.63,
SVLL,78.03,78.03
LATTEYS,47.77,47.77
SONAMLTD,38.61,38.61
PRITI,21.45,21.45
FINEORG,31.71,31.67
GANGAFORGE,56.03,68.01
REPL,24.63,24.63
HBSL,2.31,2.31
AVROIND,31.15,31.15
HDFCAMC,40.36,40.36
TEMBO,24.76,24.76
AARON,47.42,47.42
SUMIT,31.38,31.38
RPPL,29.47,29.47
AKG,28.79,28.79
IRCON,24.39,24.39
AHLADA,14.75,14.75
RAJMET,18.96,18.96
AAVAS,25.5,25.5
KSHITIJPOL,72.89,
GRSE,34.52,34.52
SILGO,20.36,20.36
VINNY,24.63,24.63
BBTCL,27.92,27.92
MARINE,71.22,71.22
IRISDOREME,65.09,65.09
ATGL,145.92,145.92
TECHNOE,56.28,56.28
UNIPARTS,16.68,16.68
SHRIRAMPPS,5.43,5.43
AWHCL,16.11,16.11
RPSGVENT,12.34,12.34
MSTCLTD,23.79,23.79
ANUP,34.2,34.2
ARVINDFASN,65.73,62.7
PAR,20.94,20.94
RVNL,38.76,38.76
POLYCAB,53.6,53.6
METROPOLIS,74.79,74.79
KPITTECH,66.01,66.01
NEOGEN,107.76,107.76
EMAMIPAP,14.48,14.48
CONFIPET,23.55,23.55
PPL,10.12,10.12
OAL,6562.07,6562.07
SATIA,5.21,5.21
WEL,145.59,145.59
CHEMCON,33.38,33.38
WESTLIFE,186.16,186.16
HNDFDS,81.04,81.04
MAZDOCK,29.09,29.09
IRCTC,71.64,69.7
DCI,28.57,28.57
360ONE,33.94,33.94
HPIL,54.44,54.44
FLUOROCHEM,81.38,81.38
GREENPANEL,25.34,25.34
APOLLOPIPE,49.64,49.64
MGEL,15.62,15.62
SBICARD,28.47,28.47
HOMEFIRST,22.93,22.93
CSBBANK,10.87,10.87
EASEMYTRIP,51.05,51.05
ROSSARI,29.65,29.65
PRINCEPIPE,31.95,34.18
LIKHITHA,22.25,22.25
PATANJALI,58.57,58.57
SUMICHEM,58.19,58.19
ASALCBR,19.17,19.17
UNIVPHOTO,12.01,12.01
SUVENPHAR,45.51,45.51
POWERINDIA,396.44,396.44
KSOLVES,37.61,37.61
HAPPSTMNDS,50.45,52.56
AARTISURF,26.42,26.42
BOROLTD,44.38,44.38
NDRAUTO,32.64,32.64
PAVNAIND,36.6,36.6
KALYANKJIL,69.12,69.12
SHAREINDIA,14.99,14.96
SIGACHI,41.63,41.63
ADL,,1735.73
NIRAJ,33.09,14.61
CAMS,43.78,43.78
SURYODAY,9.79,9.79
UTIAMC,14.22,14.22
BECTORFOOD,52.84,52.84
ORCHPHARMA,40.55,58.68
INDIGOPNTS,45.61,45.61
LXCHEM,63.98,63.98
MTARTECH,66.94,66.94
ANURAS,43.36,43.36
KANPRPLA,46.09,46.09
STYLAMIND,22.81,22.81
CLSEL,8.85,8.85
SHAILY,63.24,63.24
MODISONLTD,17.86,21.93
BCLIND,15.81,15.74
BHAGCHEM,90.76,90.76
SMCGLOBAL,9.16,9.16
ARIHANTCAP,13.58,13.58
NAZARA,55.12,55.12
GENCON,15.01,15.01
HLEGLAS,58.55,55.26
SONACOMS,64.63,63.82
DRCSYSTEMS,27.82,27.82
PARAS,83.79,83.79
DODLA,39.58,39.58
EXXARO,192.49,130.21
ROLEXRINGS,27.64,27.64
KIMS,43.4,43.4
CLEAN,53.43,53.43
ABSLAMC,19.63,19.63
DEEPINDS,12.11,16.39
WINDLAS,20.3,20.3
KRSNAA,33.14,33.14
APTUS,25.94,25.94
SUPRIYA,25.1,25.1
VIJAYA,65.59,64.77
VINEETLAB,17.68,17.68
SANSERA,30.7,30.7
PRITIKAUTO,26.77,26.77
AAREYDRUGS,31.75,33.9
INTLCONV,8.17,8.17
HPAL,49.22,49.6
HINDUNILVR,53.92,53.95
AMBUJACEM,24.77,25.95
EIDPARRY,6.55,6.55
CESC,12.57,15.25
BAJFINANCE,28.79,28.79
CORALFINAC,8.18,8.18
GREENPLY,41.65,45.91
DALMIASUG,9.95,9.95
NATCOPHARM,13.66,13.66
MRF,26.26,26.26
TNPETRO,15.13,11.99
TTKPRESTIG,42.7,42.7
EIMCOELECO,29.67,29.67
SAMBHAAV,67.4,89.22
BIOFILCHEM,162.37,162.37
ZENITHEXPO,45.75,45.75
AARTIDRUGS,25.28,25.28
INDIANCARD,23.53,
DENORA,41.01,41.01
MIRZAINT,46.59,46.59
GANESHHOUC,17.32,17.32
JAGSNPHARM,35.01,35.01
MPHASIS,27.41,27.41
GUJRAFFIA,34.74,34.74
HERITGFOOD,38.62,38.62
GAIL,18.5,19.34
SKMEGGPROD,6.82,6.82
BANKINDIA,8.88,8.88
ICICIBANK,17.62,17.62
HUDCO,21.07,21.07
SAREGAMA,43.92,43.92
ENGINERSIN,29.55,29.55
JAICORPLTD,,106.46
GMDCLTD,14.44,14.44
INDUSINDBK,12.18,12.18
ASAHIINDIA,46.75,46.75
J&KBANK,7.95,7.95
CUB,11.36,11.36
SOUTHBANK,6.61,6.61
ASTRAZEN,95.34,86.59
AXISBANK,13.23,13.23
CYIENT,26.84,25.09
KOKUYOCMLN,38.08,38.08
DHANBANK,11.62,11.62
SANGHVIMOV,31.91,31.91
NATIONALUM,20.75,20.75
JINDALSTEL,17.5,17.19
NIPPOBATRY,109.14,109.14
HCLTECH,22.68,22.68
ACCELYA,26.23,26.3
STAR,,38.12
GLENMARK,,41.24
NRBBEARING,12.27,28.64
BIL,42.49,42.49
KTKBANK,5.99,5.99
AJANTPHARM,36.72,36.72
CALSOFT,860.68,860.68
TVSMOTOR,53.94,53.94
TAJGVK,35.58,35.58
CHENNPETRO,4.76,4.76
GAEL,21.29,21.29
BALAJITELE,23.56,23.56
MRO-TEK,34.77,34.77
ASAL,66.37,66.37
PNB,16.27,16.27
APTECHT,43.67,37.53
OFSS,30.29,30.29
CANBK,6.25,6.25
RADICO,91.56,91.56
VARDHACRLC,24.85,24.85
JSL,19.25,19.79
IGL,18.53,18.53
TVTODAY,26.77,24.75
PTC,11.03,11.03
VAIBHAVGBL,47.64,46.67
XPROINDIA,62.2,62.2
DATAMATICS,16.03,16.03
CCL,30.58,30.58
LT,29.08,29.21
ADANIENT,97.13,90.54
NEULANDLAB,25.91,25.91
TAINWALCHM,54.03,54.03
MUNJALSHOW,14.41,16.87
RANASUG,6.29,6.29
ARENTERP,20.22,20.22
THOMASCOOK,49.11,49.11
BHARATRAS,66.58,66.53
LIBERTSHOE,94.42,89.31
HEIDELBERG,28.3,28.3
PIDILITIND,86.13,83.73
JINDALSAW,10.53,10.53
ABB,115.68,115.68
BRITANNIA,57.82,57.76
FMGOETZE,16.39,16.39
GILLETTE,57.93,57.93
3MINDIA,59.65,59.65
AMJLAND,18.9,18.9
HEG,32.44,32.44
TATAINVEST,111.44,111.44
SAKHTISUG,1.65,
HINDZINC,31.54,31.54
FINPIPE,38.64,38.64
BIRLACORPN,26.02,26.42
TNPL,6.77,6.77
REMSONSIND,60.56,59
STARPAPER,5.43,5.14
VISAKAIND,213.16,213.16
HITECHGEAR,16.35,46.44
PUNJABCHEM,23.12,23.12
MMFL,21.42,21.52
LUPIN,39.76,39.76
BHARTIARTL,88.59,73.11
GENESYS,240.05,240.05
MARUTI,30.2,30.2
NSIL,30.28,30.28
JAIBALAJI,16.26,16.26
UPL,,21.89
BIOCON,22.48,22.45
NIITLTD,70.08,64.49
WELENT,12.11,13.78
INDOCO,28.99,27.01
JSWSTEEL,18.34,19.13
SAKSOFT,27.62,27.62
WELCORP,17.08,17.08
JKPAPER,5.28,5.28
VHL,32.06,32.06
NECLIFE,91.88,91.88
SASKEN,28.78,28.78
DCBBANK,7.48,7.48
NAUKRI,396.57,291.05
MANALIPETC,70.29,70.29
SOBHA,171.51,171.51
PLASTIBLEN,19.24,19.24
TIDEWATER,24.47,24.47
AUTOIND,162.56,50.62
IZMO,16.59,16.59
PGIL,15.01,16.58
TFL,91.91,91.91
PAGEIND,72.69,72.69
ASTRAL,105.37,105.12
NCLIND,10.08,10.08
ICRA,33.92,33.92
BFUTILITIE,11.03,11.03
TGBHOTELS,32.21,32.21
TIMETECHNO,20.93,20.93
TARMAT,124.67,124.67
ALPA,10.44,10.46
GODREJPROP,106.94,106.94
WHIRLPOOL,86.59,86.59
THANGAMAYL,26.71,26.71
MANINFRA,23.87,23.87
KIRLOSIND,14.28,13.44
IMFA,9.84,9.71
BAJAJCON,21.97,21.97
GPPL,27.62,27.28
DEEPAKNTR,42.82,42.82
CANTABIL,26.87,26.87
OBEROIRLTY,34.72,34.72
IOLCP,12.78,12.78
PSB,62.55,62.55
SUMMITSEC,23.27,23.27
TEXRAIL,96.85,96.85
MUTHOOTFIN,15.81,15.81
MAITHANALL,11.61,11.61
AGRITECH,13.85,13.85
WONDERLA,31.59,31.59
SNOWMAN,68.89,68.89
GOODLUCK,22.41,22.41
APOLSINHOT,38.78,38.78
MOLDTKPAC,36.63,36.63
HESTERBIO,88.61,88.61
ZENTEC,60.4,61.29
AVANTIFEED,18.21,18.02
PNCINFRA,16.57,16.57
SATIN,6.12,6.12
POWERMECH,30.71,30.71
IDFCFIRSTB,18.54,18.54
LUXIND,43.68,43.68
LINCOLN,13.05,13.05
SCHAND,33.1,33.1
ERIS,30.52,30.52
STEELXIND,135.79,135.79
GANGESSECU,31.51,31.51
ABCAPITAL,22.57,22.57
MATRIMONY,24.46,24.46
TCPLPACK,20.02,20.02
SHALBY,35.69,35.69
HGINFRA,14.43,14.74
ISEC,14.08,14.08
INDOSTAR,24.02,24.02
PENINLAND,11.62,19.42
WHEELS,37.72,37.72
ZODIACLOTH,26.91,
PREMIERPOL,21.49,21.49
SESHAPAPER,7.95,7.95
FACT,111.73,95.57
EXIDEIND,43.91,43.91
ELECON,32.38,32.38
CRISIL,47.88,47.88
ORIENTPPR,17.61,17.61
NELCO,70.15,70.15
MASTEK,22.99,22.81
LUMAXIND,51.98,48.06
KECL,62.29,62.29
CUMMINSIND,74.84,74.77
JAYBARMARU,35.03,35.03
INFY,22.51,22.51
INDIAGLYCO,15.28,15.28
IGPL,22.18,22.18
GNFC,13.77,13.77
BPCL,5.1,4.98
BASF,36.62,37.49
ARVIND,27.45,27.59
ACC,19.1,21.51
SCI,13.91,13.91
MRPL,10.05,10.03
HINDPETRO,4.99,4.99
ASHOKLEY,22.99,23.22
VOLTAS,111.39,111.39
TITAN,82.66,82.66
SUNDARMFIN,36.02,36.02
VEDL,20.43,30.61
SBIN,10.59,9.84
PFIZER,39.72,39.33
BOSCHLTD,39.07,54.22
BATAINDIA,64.01,58.55
CARBORUNIV,66.31,66.31
DICIND,,98.31
RAMCOCEM,43.47,43.47
CENTURYTEX,98.6,37.24
BEML,54.34,54.34
TORNTPHARM,59,62.04
FEDERALBNK,10.04,10.04
SUPREMEIND,69.85,69.85
SRF,49.41,49.41
AEGISCHEM,35.27,35.27
HONAUT,89.84,89.84
TATAELXSI,55.57,55.57
SANDESH,7.07,7.08
APOLLOHOSP,103.59,103.74
BALKRISIND,38.41,38.41
RAJSREESUG,9.58,9.58
ONGC,6.62,5.92
TIL,20.42,
BERGEPAINT,50.18,50.36
ANIKINDS,41.31,41.31
BSL,14.57,12.87
APCOTEXIND,38.97,38.97
RCF,25.48,39.11
KARURVYSYA,9.38,9.38
DECCANCE,19.32,19.32
TATAPOWER,42.41,45.83
SUNFLAG,26.11,26.11
SUBROS,44.13,44.13
SIEMENS,117.58,117.58
VSTIND,19.35,19.35
TATACOMM,52.32,57.64
TOKYOPLAST,72.33,50.8
IFCI,55.31,55.76
M&M,24.29,24.35
KABRAEXTRU,40.91,40.91
POLYPLEX,34.72,34.72
EIHAHOTELS,32.86,32.86
HONDAPOWER,29.26,27.76
IDBI,15.21,15.21
CANFINHOME,13.1,13.1
ELECTCAST,13.33,13.33
DABUR,53.82,53.82
HEROMOTOCO,25.29,24.51
HARRMALAYA,121.33,121.33
GMBREW,9.1,9.1
ITC,25.97,26.03
HINDCOMPOS,16.88,16.88
IOC,5.37,5.37
RICOAUTO,36.37,35.09
IFBAGRO,85.57,85.57
BANCOINDIA,16.14,16.14
MANINDS,21.89,21.89
RAILTEL,46.48,48.31
NURECA,327.56,327.56
HERANBA,27.11,27.11
RVHL,58.4,58.4
FAIRCHEMOR,45.07,45.07
ISGEC,26.63,26.63
PAKKA,29.36,29.36
CARYSIL,44.58,44.58
SBCL,39.64,39.64
IPL,29.23,29.23
LODHA,72.52,68.3
UTKARSHBNK,11.71,11.71
CRAFTSMAN,27.16,27.16
JUBLINGREA,40.2,40.2
SHYAMMETL,14.7,14.7
TATVA,85.49,85.49
GLS,21.14,21.14
ZOMATO,488.63,488.63
PIXTRANS,22.75,22.75
CARTRADE,60.5,60.5
DEVYANI,188.93,198.31
ANMOL,9.78,9.78
AMIORG,105.28,47.54
BAJAJHCARE,39.02,39.02
GRINFRA,11.04,11.04
STEELCAS,17.52,17.52
SIYSIL,11.43,11.43
SHANTIGEAR,52.61,52.61
ONWARDTEC,28.97,28.97
NCC,21.71,21.4
ICIL,20.88,20.88
ELGIEQUIP,49.57,61.91
BBTC,,4.94
EIHOTEL,60.24,52.91
LICHSGFIN,7.06,7.06
BEPL,18.41,18.41
MOREPENLAB,30.62,30.62
VENKEYS,31.9,31.9
GHCL,5.94,7.79
HIL,51.64,966.19
EVERESTIND,71.31,92.32
BPL,31.89,31.89
PGHH,68.46,68.46
VESUVIUS,39.69,39.69
BOMDYEING,1.16,
NAVNETEDUL,19.24,26.77
GLAXO,64.04,56.99
CHOLAFIN,31.59,31.59
INDHOTEL,66.03,66.03
ORIENTHOT,52.15,52.15
ESABINDIA,53.95,53.95
AARTIIND,58.23,58.23
RALLIS,34.54,34.71
KSB,78.57,78.57
KOPRAN,28.53,28.53
GREAVESCOT,,238.75
SURYAROSNI,15.92,15.92
SUDARSCHEM,15.02,57.56
IPCALAB,54.23,59.35
INGERRAND,60.29,60.29
JKLAKSHMI,20.29,20.58
ALLCARGO,30.89,36.78
EMAMILTD,31.39,31.18
TECHM,51.6,51.67
VOLTAMP,47.4,47.4
SELAN,28.86,28.86
ANANTRAJ,48.18,48.18
HOVS,30,30
ALICON,10.99,10.99
FIEMIND,19.28,19.28
RUCHIRA,6.33,6.33
VENUSREM,13.57,13.57
PARACABLES,31.95,31.95
AVTNPL,24.18,24.18
LUMAXTECH,22.67,21.49
WANBURY,19.8,19.31
PITTIENG,36.01,36.01
REDINGTON,13.29,13.29
LAOPALA,25.72,25.72
JKTYRE,13.24,13.33
BALAMINES,30.57,30.57
BANSWRAS,14.51,14.51
AROGRANITE,36.53,36.53
FORTIS,58.75,60.72
SRHHYPOLTD,6.85,6.63
HILTON,26.24,26.24
NAVINFLUOR,59.29,71.56
NAGREEKEXP,9.6,9.6
HGS,54.81,54.81
DLF,127.34,127.34
MOTILALOFS,13.82,13.82
STARCEMENT,29.67,29.67
CDSL,49.53,49.53
AUBANK,30.68,29.47
SALASAR,59.17,58.6
MAGADSUGAR,9.41,9.41
OPTIEMUS,41.15,41.15
SMSLIFE,98.1,
APEX,62.09,62.09
DIAMONDYD,33.7,33.29
GODREJAGRO,34.66,34.66
IEX,39.44,39.44
KHADIM,68.37,68.37
5PAISA,29.54,29.54
APOLLO,110.78,106.03
ASTERDM,40.75,
BDL,70.39,70.39
HAL,42.7,42.7
SANDHAR,29.39,30.07
LEMONTREE,71.34,71.34
ORIENTELEC,59.4,73.86
ADANIGREEN,279.8,224.37
GAYAHWS,.19,
RITES,31.07,31.07
VARROC,15.92,15.92
CREDITACC,15.46,15.46
SIGIND,13.6,13.6
DALBHARAT,38.27,38.27
CHALET,76.29,70.68
CENTUM,83.97,83.97
MANGCHEFER,5.75,5.75
DELTACORP,12.78,15.2
CERA,38.37,38.18
RELIGARE,1.96,16.83
ADANIPORTS,34.14,32.84
KOLTEPATIL,42.82,42.82
COLPAL,61.72,60.97
JYOTHYLAB,47.62,47.62
KALYANIFRG,33.29,33.29
ECLERX,20.74,20.69
TRIL,183.41,183.41
MANAKSIA,6.83,6.23
PATINTLOG,24.08,24.08
ARIES,20.79,20.79
KAVVERITEL,1.06,1.03
CEATLTD,15.15,14.09
CORDSCABLE,28.1,28.1
KNRCON,12.61,12.61
HERCULES,13.61,49.57
IRB,41.95,41.95
NMDC,11.65,13.25
NAHARCAP,12.71,12.71
RECLTD,9.65,9.65
DPSCLTD,95.07,95.07
BAJAJ-AUTO,33.74,33.74
RPGLIFE,28.3,28.3
ALMONDZ,11.92,32.54
RANEENGINE,22.45,16.78
ARCHIDPLY,24.89,24.89
VINYLINDIA,30.08,30.08
20MICRONS,11.11,10.87
TATAMTRDVR,1.06,1.03
COUNCODOS,25.56,25.56
MHRIL,70.39,70.39
VINATIORGA,45.28,45.28
NHPC,22.71,22.71
GLOBUSSPR,16.19,16.19
AMRUTANJAN,48.3,48.3
DEN,10.74,10.74
REFEX,14.42,14.43
JSWENERGY,58.77,58.77
HINDCOPPER,117.01,117.01
UNITEDTEA,10.6,10.6
VASCONEQ,18.64,18.64
EMMBI,24.57,24.57
KIRLOSBROS,39.34,40.02
SJVN,56.22,54.33
TI,25.67,31.71
BLISSGVS,14.11,6.65
UGARSUGAR,12.34,12.34
ADFFOODS,34.23,34.23
CAREERP,26.33,26.33
RAMKY,2.41,71.29
WABAG,98.91,20.67
PRESTIGE,31.23,31.42
COALINDIA,8.53,8.53
GRAVITA,25.84,25.84
JAMNAAUTO,25.65,25.65
STEL,42.9,42.9
HINDMOTORS,91.67,91.67
PFS,14.05,14.05
VADILALIND,23.02,23.02
RELAXO,103.78,103.78
DHANUKA,23.91,23.91
RUSHIL,18.44,18.44
WINDMACHIN,54.91,54.91
FILATEX,22.18,22.18
BROOKS,510.18,510.18
APLLTD,30.38,30.38
PGEL,51.82,51.82
PANAMAPET,10.68,10.68
PAISALO,31.24,31.3
SHAKTIPUMP,31.98,31.98
INDOTHAI,21.33,21.33
DSSL,28.5,28.5
POLYMED,64.57,64.72
VIKASECO,82.16,82.16
KANANIIND,122.18,122.18
MINDACORP,35.37,35.37
DBSTOCKBRO,23.66,23.66
SCHNEIDER,87.85,86.23
NDL,25.97,25.97
TBZ,13.63,13.63
VSSL,26.5,26.5
SPECIALITY,10.89,12.26
MAYURUNIQ,19.5,19.5
ROSSELLIND,130.37,129.49
ZUARI,,4.52
CARERATING,31.79,31.79
REPCOHOME,8.13,8.13
ATULAUTO,276.36,276.36
ORIENTCEM,24.66,24.66
ORBTEXP,14.13,14.13
NATHBIOGEN,8.48,9.11
BUTTERFLY,48.22,48.22
HATSUN,84.45,84.45
GULFOILLUB,16.04,16.04
SHARDACROP,109.52,109.52
CIGNITITEC,21.29,21.29
MONTECARLO,14.45,14.45
GULPOLY,48.15,48.15
LAMBODHARA,42.67,42.67
GREENLAM,47.92,47.92
VISHNU,17.38,17.38
JMA,8.44,8.44
MANAKSTEEL,11.9,12.45
MANAKCOAT,35.33,35.33
VRLLOG,37.4,37.52
UFO,109.17,84.97
ARROWGREEN,23.31,23.31
SKIPPER,43.31,43.31
SHYAMCENT,39.94,39.94
SYNGENE,53.19,52.27
RAMASTEEL,52.47,52.47
ARVSMART,57.97,57.97
SHARDAMOTR,16.18,16.18
GUJGASLTD,32.38,33.68
COFFEEDAY,49.37,8.44
BALAXI,,18.52
TTKHLTCARE,32.82,32.82
KRIDHANINF,,136.33
LALPATHLAB,57.47,57.47
OCCL,15.03,15.03
QUICKHEAL,99.58,99.58
VIDHIING,65.57,65.57
KELLTONTEC,,18.28
HCG,214.31,214.31
INFIBEAM,59.87,59.87
CROMPTON,47.75,47.75
SHRIPISTON,20.55,20.55
BLS,40.99,43.94
SALONA,17.37,17.37
CONTROLPR,25.99,26.01
DAMODARIND,37.4,37.4
MOLDTECH,20.6,20.6
VIJIFIN,203.91,203.91
QUESS,34.48,31.59
MINDTECK,31.29,31.29
DBL,32.34,353.62
SPAL,17.81,17.81
RBLBANK,11.78,11.78
LTTS,35.74,35.74
MARATHON,17.94,17.94
HPL,60.59,60.59
ENDURANCE,47.74,47.74
MAZDA,16.88,16.88
PNBHOUSING,12.53,12.53
KINGFA,19.18,19.18
NBIFIN,63.19,63.19
SFL,50.97,53.35
LAURUSLABS,138.74,138.74
TERASOFT,11.39,10.44
HISARMETAL,16.51,16.51
SPCENET,148.16,148.16
BSE,50.25,103.1
JITFINFRA,49.36,49.36
TASTYBITE,60.2,60.2
INTENTECH,17.3,17.3
URJA,438.27,438.27
ULTRACEMCO,39.49,39.19
TEXINFRA,379.47,379.47
GULFPETRO,13.22,13.22
ASTRAMICRO,89.96,89.96
JBMA,116.81,116.81
DWARKESH,15.03,15.03
SUPRAJIT,37.8,37.8
XCHANGING,103.14,103.14
CONSOFINVT,2.19,2.19
EVEREADY,57.04,57.04
GOKEX,44.21,44.21
SSWL,16.02,16.02
PRIMESECU,32.86,32.86
JSWHL,58.2,58.2
GENUSPOWER,135.95,135.95
SPLIL,16.19,15.31
GOLDIAM,19.18,19.18
FCSSOFT,,194.13
SUZLON,73.06,105.26
TRIVENI,17.84,17.84
NAHARINDUS,151.32,80
EKC,12.65,12.55
CELEBRITY,32.9,33.3
ROHLTD,22.62,22.62
GSPL,7.52,7.67
JAGRAN,11.42,11.42
SAKUMA,35.3,35.3
JKCEMENT,38.21,38.11
INDOTECH,38.1,38.1
M&MFIN,17.27,17.27
KEI,60.67,60.65
SOLARINDS,91.9,91.9
KKCL,26.68,26.68
SUNTV,14.04,14.04
GPIL,13.95,13.99
EMKAY,27.14,27.14
BALPHARMA,44.27,44.27
SWELECTES,55.17,55.17
RATNAMANI,35.08,35.08
