SYMBOL,SERIES,SECURITY,HIGH/LOW,INDEX FLAG
63MOONS,EQ,63 MOONS TECHNOLOGIES LTD,H
AGARWALFT,ST,AGARWAL FLOAT GLASS I LTD,H
AHIMSA,ST,AHIMSA INDUSTRIES LTD.,H
AILIMITED,ST,ABHISHEK INTEGRATIONS LTD,H
ALMONDZ,EQ,ALMONDZ GLOBAL SEC LTD,H
ANKITMETAL,BE,ANKIT MET & POW LTD,H
ANLON,ST,ANLON TECHNOLOGY SOL LTD,H
APRAMEYA,ST,APRAMEYA ENGINEERING LTD,H
BIRDYS,ST,GRILL SPLENDOUR SER LTD,H
BRIGHT,SZ,BRIGHT SOLAR LIMITED,H
CELEBRITY,EQ,CELEBRITY FASHIONS LTD,H
CELLECOR,SM,CELLECOR GADGETS LIMITED,H
CEREBRAINT,EQ,CEREBRA INT TECH LTD,H
COMPINFO,BZ,COMPUAGE INFOCOM LTD,H
CONTI,ST,CONTINENTAL SEED CHEM LTD,H
DBSTOCKBRO,EQ,DB (INT) STOCK BROKERS,H
DIACABS,BE,DIAMOND POWER INFRA LTD,H
DNAMEDIA,EQ,DILIGENT MEDIA CORP LTD.,H
DUCOL,ST,DUCOL ORGS AND COLOURS LT,H
ENERGYDEV,EQ,ENERGY DEVE. CO.LTD,H
ENSER,SM,ENSER COMMUNICATIONS LTD,H
EXCEL,BE,EXCEL REALTY N INFRA LTD,H
FEL,BZ,FUTURE ENTERPRISES LTD,H
FELDVR,BE,FUTURE ENTERPRISES LTD,H
FLEXITUFF,BE,FLEXITUFF VENTURES INT L,H
GATECH,EQ,GACM TECHNOLOGIES LIMITED,H
GEPIL,BE,GE POWER INDIA LIMITED,H
GET&D,BE,GE T&D INDIA LIMITED,H
GICL,SM,GLOBE INTL CARRIERS LTD,H
GRCL,SM,GAYATRI RUBB AND CHEM LTD,H
GRETEX,ST,GRETEX INDUSTRIES LTD.,H
GSTL,SM,GLOBESECURE TECHNO LTD,H
GTECJAINX,BE,G-TEC JAINX EDUCATION LTD,H
HBSL,BE,HB STOCKHOLDINGS LIMITED,H
HDIL,BZ,HOUSING DEV & INFRA LTD,H
HEXATRADEX,EQ,HEXA TRADEX LIMITED,H
HINDCON,BE,HINDCON CHEMICALS LIMITED,H
HIRECT,EQ,HIND RECTIFIER LIMITED,H
HMT,BZ,HMT LTD -,H
HSCL,EQ,HIMADRI SPECIALITY CHEM L,H
HUBTOWN,EQ,HUBTOWN LIMITED,H
HYBRIDFIN,EQ,HYBRID FINANCIAL SERVICE,H
IEL,EQ,INDIABULLS ENT LTD,H
IFBIND,EQ,IFB INDUSTRIES LTD,H
IITL,EQ,INDUSTRIAL INV TRUST LTD,H
INDOTECH,BE,INDO TECH TRANSFORM LTD.,H
INSPIRISYS,EQ,INSPIRISYS SOLUTIONS LTD,H
ISHAN,SM,ISHAN INTERNATIONAL LTD,H
JFLLIFE,ST,JFL LIFE SCIENCES LIMITED,H
JPASSOCIAT,BE,JAIPRAKASH ASSOCIATES LTD,H
KAPSTON,BE,KAPSTON SERVICES LIMITED,H
KERNEX,EQ,KERNEX MICROSYS(I) LTD,H
KONTOR,SM,KONTOR SPACE LIMITED,H
KPIGREEN,BE,KPI GREEN ENERGY LIMITED,H
LPDC,BE,LANDMARK PR.DEV.CO.LTD,H
LRRPL,SM,LEAD REC AND RUB PROD LTD,H
MAITREYA,SM,MAITREYA MEDICARE LIMITED,H
MANORG,EQ,MANGALAM ORGANICS LIMITED,H
MARINE,BE,MARINE ELECTRICAL (I) LTD,H
MASTER,ST,MASTER COMPONENTS LIMITED,H
MEGAFLEX,SM,MEGA FLEX PLASTICS LTD,H
MEP,BE,MEP INFRA. DEVELOPERS LTD,H
MIEL,ST,MANGLAM INFRA & ENG LTD,H
MORARJEE,BE,MORARJEE TEXTILES LIMITED,H
MOTOGENFIN,EQ,MOTOR & GENERAL FINANCE L,H
MPTODAY,SM,M P TODAY MEDIA LIMITED,H
MSPL,EQ,MSP STEEL & POWER LTD.,H
MTEDUCARE,BE,MT EDUCARE LTD,H
NAGREEKCAP,BE,NAGREEKA CAP & INFR.LTD,H
NIRMAN,ST,NIRMAN AGRI GENTICS LTD,H
NTL,BE,NEUEON TOWERS LIMITED,H
ORTEL,BZ,ORTEL COMMUNICATIONS LTD,H
PARSVNATH,EQ,PARSVNATH DEVELOPER LTD,H
PASHUPATI,SM,PASHUPATI COTSPIN LIMITED,H
PCJEWELLER,EQ,PC JEWELLER LTD,H
PERFECT,ST,PERFECT INFRAENGINEER LTD,H
PKTEA,BE,THE P K TEA PROD CO LTD,H
PLAZACABLE,EQ,PLAZA WIRES LIMITED,H
PRITIKA,SM,PRITIKA ENG COMPO LTD,H
PRITIKAUTO,EQ,PRITIKA AUTO INDUS LTD,H
PROLIFE,SM,PROLIFE INDUSTRIES LTD,H
RAJRILTD,BE,RAJ RAYON INDUSTRIES LTD,H
RAMASTEEL,EQ,RAMA STEEL TUBES LIMITED,H
RBMINFRA,SM,RBM INFRACON LIMITED,H
RCOM,BE,RELIANCE COMMUNICATIONS L,H
RELIABLE,BE,RELIABLE DATA SERVICE LTD,H
REXPIPES,SM,REX PIPES AND CABLES LTD,H
RKDL,BE,RAVI KUMAR DIST. LTD.,H
ROLTA,BZ,ROLTA INDIA LTD,H
ROML,BE,RAJ OIL MILLS LIMITED,H
RPOWER,EQ,RELIANCE POWER LTD.,H
SABAR,SM,SABAR FLEX INDIA LIMITED,H
SANWARIA,BZ,SANWARIA CONSUMER LIMITED,H
SARTELE,SM,SAR TELEVENTURE LIMITED,H
SELAN,EQ,SELAN EXPLO. TECH LTD,H
SETUINFRA,BZ,SETUBANDHAN INFRA LTD,H
SEYAIND,BE,SEYA INDUSTRIES LIMITED,H
SHAH,EQ,SHAH METACORP LIMITED,H
SHAKTIPUMP,EQ,SHAKTI PUMPS (I) LTD,H
SHRENIK,BE,SHRENIK LIMITED,H
SHUBHLAXMI,SM,SHUBHLAXMI JEWEL ART LTD,H
SHYAMTEL,BE,SHYAM TELECOM LIMITED,H
SIDDHIKA,SM,SIDDHIKA COATINGS LIMITED,H
SITINET,BE,SITI NETWORKS LIMITED,H
SJLOGISTIC,SM,S J LOGISTICS (INDIA) LTD,H
SOLARA,BE,SOLARA ACTIVE PHA SCI LTD,H
SOLARAPP,X1,SOLAR ACT RS.3.50 PPD UP,H
SURAJEST,BE,SURAJ ESTATE DEVELOPERS L,H
SUVIDHAA,EQ,SUVIDHAA INFOSERVE LTD,H
SWARAJ,SM,SWARAJ SUITING LIMITED,H
TARMAT,EQ,TARMAT LIMITED,H
TCIFINANCE,BE,TCIFINANCELTD-ROLL SETT,H
TFL,BE,TRANSWARRANTY FIN. LTD.,H
TIL,BZ,TIL LTD,H
TNTELE,BE,TAMILNADU TELECOMMUNICATI,H
TROM,ST,TROM INDUSTRIES LIMITED,H
UEL,BE,UJAAS ENERGY LIMITED,H
V2RETAIL,BE,V2 RETAIL LIMITED,H
VARDMNPOLY,EQ,VARDHMAN POLYTEX LTD.,H
VIVIANA,ST,VIVIANA POWER TECH LTD,H
VLINFRA,ST,V.L.INFRAPROJECTS LIMITED,H
VSCL,SM,VADIVARHE SPCLTY CHEM LTD,H
WALPAR,SM,WALPAR NUTRITIONS LIMITED,H
WEL,EQ,WONDER ELECTRICALS LTD,H
WEWIN,BE,WE WIN LIMITED,H
WINSOME,BE,WINSOME YARNS LIMITED,H
YAARI,EQ,YAARI DIGI INT SER LTD,H
ZEELEARN,BE,ZEE LEARN LIMITED,H
ZTECH,SM,Z-TECH (INDIA) LIMITED,H
ABMINTLLTD,BE,ABM INTERNATIONAL LTD,L
ADROITPP1,E1,ADROITINFO RS. 5 PPD UP,L
AGNI,SM,AGNI GREEN POWER LTD,L
AIMTRON,ST,AIMTRON ELECTRONICS LTD,L
AKANKSHA,ST,AKANKSHA POWER N INFRA L,L
ALPEXSOLAR,ST,ALPEX SOLAR LIMITED,L
AMBANIORGO,SM,AMBANI ORGOCHEM LIMITED,L
AMEYA,SM,AMEYA PRECISION ENG LTD,L
ANTGRAPHIC,EQ,ANTARCTICA LTD,L
APS,ST,AUSTRALIAN PREM SOLAR I L,L
ARSHIYA,BE,ARSHIYA LIMITED,L
ASMS,EQ,BARTRONICS INDIA LIMITED,L
BIL,BE,BHARTIYA INETRNATIONAL LT,L
CEREBRAINT,EQ,CEREBRA INT TECH LTD,L
CHETANA,ST,CHETANA EDUCATION LIMITED,L
CLOUD,ST,VARANIUM CLOUD LIMITED,L
CMMIPL,ST,CMM INFRAPROJECTS LIMITED,L
CMRSL,SM,CYBER MEDIA RES & SER LTD,L
DESTINY,SM,DESTINY LOGISTICS & I LTD,L
DIGISPICE,BE,DIGISPICE TECHNOLOGIES LT,L
DOLPHIN,BE,DOLPHIN OFF ENT (IND) L,L
DRONE,ST,DRONE DESTINATION LIMITED,L
EFFWA,SM,EFFWA INFRA & RESEARCH L,L
EIMCOELECO,BE,EIMCO ELECON (INDIA) LTD,L
ELGIRUBCO,BE,ELGI RUBBER CO. LTD,L
ESCONET,ST,ESCONET TECHNOLOGIES LTD,L
ESSARSHPNG,BE,ESSAR SHIPPING LTD,L
FEL,BZ,FUTURE ENTERPRISES LTD,L
FRETAIL,BZ,FUTURE RETAIL LIMITED,L
GACMDVR-RE,BE,GACM TECHNOLOGIES LIMITED,L
GENUSPOWER,EQ,GENUS POWER INFRASTRU LTD,L
GLOBAL,BE,GLOBAL EDUCATION LIMITED,L
GODHA,BE,GODHA CABCON INSULAT LTD,L
GRPLTD,BE,GRP LIMITED,L
GTLINFRA,EQ,GTL INFRA.LTD,L
GVKPIL,BE,GVK POW. & INFRA LTD.,L
IMPEXFERRO,BE,IMPEX FERRO TECH LIMITED,L
INDSWFTLTD,EQ,IND-SWIFT LIMITED,L
INFOLLION,ST,INFOLLION RESEARCH SER L,L
ISHAN,SM,ISHAN INTERNATIONAL LTD,L
JYOTISTRUC,EQ,JYOTI STRUCTURES LTD,L
K2INFRA,ST,K2 INFRAGEN LIMITED,L
KATARIA,ST,KATARIA INDUSTRIES LTD,L
KCEIL,ST,KAY CEE ENERGY & INFRA L,L
KORE,ST,JAY JALARAM TECHNO LTD,L
KRISHNADEF,ST,KRISHNA DEF AND ALD IND L,L
KSHITIJPOL,BE,KSHITIJ POLYLINE LIMITED,L
MACOBSTECH,ST,MACOBS TECHNOLOGIES LTD,L
MACPOWER,BE,MACPOWER CNC MACHINES LTD,L
MASTER,ST,MASTER COMPONENTS LIMITED,L
MILTON,SM,MILTON INDUSTRIES LIMITED,L
MKPL,BE,M K PROTEINS LIMITED,L
MTNL,EQ,MAHANAGAR TELEPHONE NIGAM,L
NEPHROCARE,SM,NEPHRO CARE INDIA LIMITED,L
NKIND,EQ,NK INDUSTRIES LTD,L
OMAXE,BE,OMAXE LIMITED,L
ORIANA,SM,ORIANA POWER LIMITED,L
PANSARI,BE,PANSARI DEVELOPERS LTD,L
PARACABLES,EQ,PARAMOUNT COMM LTD,L
PRAENG,EQ,PRAJAY ENG. SYN. LTD.,L
PRATHAM,SM,PRATHAM EPC PROJECTS LTD,L
PRIZOR,ST,PRIZOR VIZTECH LIMITED,L
PRUDMOULI,EQ,PRUDENTIAL SUGAR CORPORAT,L
RAJTV,BE,RAJ TV NETWORK LTD,L
REFRACTORY,ST,REFRACTORY SHAPES LIMITED,L
RICHA,SM,RICHA INFO SYSTEMS LTD,L
RNFI,ST,RNFI SERVICES LIMITED,L
ROLLT,BE,ROLLATAINERS LIMITED,L
RTNPOWER,BE,RATTANINDIA POWER LIMITED,L
SAHAJSOLAR,ST,SAHAJ SOLAR LIMITED,L
SANCO,BZ,SANCO INDUSTRIES LIMITED,L
SATIPOLY,ST,SATI POLY PLAST LIMITED,L
SECURCRED,BE,SECUR CREDENTIALS LIMITED,L
SELMC,EQ,SEL MANUFACTURING CO LTD,L
SHUBHLAXMI,SM,SHUBHLAXMI JEWEL ART LTD,L
SIL,BE,STANDARD INDUSTRIES LTD.,L
SITINET,BE,SITI NETWORKS LIMITED,L
SKYGOLD,BE,SKY GOLD LIMITED,L
SMVD,SM,SMVD POLY PACK LIMITED,L
SPMLINFRA,EQ,SPML INFRA LIMITED,L
TARACHAND,EQ,TARA CHAND INFRA SOLN LTD,L
TARAPUR,BE,TARAPUR TRANSFORMERS LTD,L
TCLCONS,BE,TANTIA CONSTRUCTIONS LTD,L
TECHLABS,ST,TRIDENT TECHLABS LIMITED,L
TGL,ST,TEERTH GOPICON LIMITED,L
THOMASCOOK,EQ,THOMAS COOK (INDIA) LTD,L
THOMASCOTT,BE,THOMAS SCOTT (INDIA) LTD,L
TPLPLASTEH,EQ,TPL PLASTECH LIMITED,L
TUNWAL,ST,TUNWAL E-MOTORS LIMITED,L
URBAN,SM,URBAN ENVIRO WASTE MGMT L,L
VARDMNPOLY,EQ,VARDHMAN POLYTEX LTD.,L
VASA,ST,VASA RETAIL & OVERSEA LTD,L
VHLTD,BE,VICEROY HOTELS LIMITED,L
VILAS,ST,VILAS TRANSCORE LIMITED,L
VINYAS,ST,VINYAS INNOVATIVE TECH L,L
VIPULLTD,EQ,VIPUL LIMITED,L
VITAL,ST,VITAL CHEMTECH LIMITED,L
VLEGOV,EQ,VL E GOV AND IT SOL LTD,L
WALCHANNAG,EQ,WALCHANDNAGAR INDUSTRIES,L
WOMANCART,ST,WOMANCART LIMITED,L
