GAIN_LOSS,SECURITY,CLOSE_PRIC,PREV_CL_PR,PERCENT_CG
 ,Nifty 50 Sec., , , 
 , , , , 
G,POWER GRID CORP. LTD.,       361.10,       348.20,3.7
G,COAL INDIA LTD,       540.40,       522.20,3.49
G,OIL AND NATURAL GAS CORP.,       341.75,       334.20,2.26
G,DR. REDDY S LABORATORIES,      6887.95,      6750.50,2.04
G,SHRIRAM FINANCE LIMITED,      2989.25,      2931.95,1.95
G,MARUTI SUZUKI INDIA LTD.,     13359.05,     13115.80,1.85
G,NTPC LTD,       423.45,       416.00,1.79
G,TATA CONSUMER PRODUCT LTD,      1208.35,      1188.95,1.63
G,ADANI ENTERPRISES LIMITED,      3217.25,      3169.40,1.51
G,HDFC BANK LTD,      1638.80,      1615.75,1.43
G,APOLLO HOSPITALS ENTER. L,      6706.40,      6615.30,1.38
G,ADANI PORT & SEZ LTD,      1590.15,      1569.90,1.29
G,NESTLE INDIA LIMITED,      2484.00,      2456.35,1.13
G,BHARTI AIRTEL LIMITED,      1505.50,      1491.55,.94
G,ULTRATECH CEMENT LIMITED,     11984.50,     11887.20,.82
G,SBI LIFE INSURANCE CO LTD,      1767.25,      1753.65,.78
G,BAJAJ AUTO LIMITED,      9730.50,      9664.20,.69
G,JSW STEEL LIMITED,       934.55,       928.25,.68
G,RELIANCE INDUSTRIES LTD,      3030.60,      3010.85,.66
G,HINDALCO  INDUSTRIES  LTD,       673.50,       669.60,.58
G,AXIS BANK LIMITED,      1172.30,      1166.10,.53
G,ASIAN PAINTS LIMITED,      3099.35,      3084.45,.48
G,LTIMINDTREE LIMITED,      5678.90,      5658.15,.37
G,HINDUSTAN UNILEVER LTD.,      2715.55,      2705.65,.37
G,TITAN COMPANY LIMITED,      3468.35,      3458.95,.27
G,TATA CONSULTANCY SERV LT,      4397.10,      4385.35,.27
G,CIPLA LTD,      1546.20,      1544.30,.12
G,EICHER MOTORS LTD,      4968.80,      4962.70,.12
 , , , , 
L,MAHINDRA & MAHINDRA LTD,      2828.40,      2907.80,-2.73
L,HERO MOTOCORP LIMITED,      5371.85,      5488.45,-2.12
L,TATA STEEL LIMITED,       163.06,       165.33,-1.37
L,STATE BANK OF INDIA,       862.65,       872.40,-1.12
L,TATA MOTORS LIMITED,      1144.40,      1156.65,-1.06
L,BAJAJ FINSERV LTD.,      1634.80,      1651.65,-1.02
L,BRITANNIA INDUSTRIES LTD,      5730.15,      5784.45,-0.94
L,LARSEN & TOUBRO LTD.,      3779.30,      3815.00,-0.94
L,KOTAK MAHINDRA BANK LTD,      1792.65,      1807.90,-0.84
L,INFOSYS LIMITED,      1852.60,      1868.25,-0.84
L,TECH MAHINDRA LIMITED,      1544.45,      1554.40,-0.64
L,INDUSIND BANK LIMITED,      1419.85,      1427.80,-0.56
L,BAJAJ FINANCE LIMITED,      6771.65,      6806.95,-0.52
L,ICICI BANK LTD.,      1210.10,      1214.90,-0.4
L,GRASIM INDUSTRIES LTD,      2767.00,      2776.75,-0.35
L,ITC LTD,       493.70,       495.35,-0.33
L,BHARAT PETROLEUM CORP  LT,       349.10,       350.05,-0.27
L,HDFC LIFE INS CO LTD,       713.60,       715.50,-0.27
L,SUN PHARMACEUTICAL IND L,      1715.20,      1719.35,-0.24
L,HCL TECHNOLOGIES LTD,      1640.55,      1642.60,-0.12
L,DIVI S LABORATORIES LTD,      4917.90,      4923.20,-0.11
L,WIPRO LTD,       521.55,       522.00,-0.09
 , , , , 
 ,Nifty Next 50 Sec., , , 
 , , , , 
G,ADANI ENERGY SOLUTION LTD,      1275.20,      1138.05,12.05
G,ADANI GREEN ENERGY LTD,      1901.95,      1847.20,2.96
G,TATA POWER CO LTD,       464.40,       453.60,2.38
G,ADANI TOTAL GAS LIMITED,       915.55,       895.55,2.23
G,TVS MOTOR COMPANY  LTD,      2584.20,      2531.00,2.1
G,GODREJ CONSUMER PRODUCTS,      1470.25,      1440.75,2.05
G,ZOMATO LIMITED,       234.09,       229.45,2.02
G,DABUR INDIA LTD,       643.50,       635.70,1.23
G,AVENUE SUPERMARTS LIMITED,      4993.80,      4935.95,1.17
G,TORRENT PHARMACEUTICALS L,      3205.00,      3171.75,1.05
G,ADANI POWER LTD,       738.00,       734.45,0.48
G,LIFE INSURA CORP OF INDIA,      1179.15,      1176.10,0.26
G,MARICO LIMITED,       674.90,       674.10,0.12
G,SHREE CEMENT LIMITED,     27768.50,     27740.45,0.1
G,JIO FIN SERVICES LTD,       328.70,       328.50,0.06
 , , , , 
L,REC LIMITED,       625.20,       644.25,-2.96
L,POWER FIN CORP LTD.,       542.85,       556.80,-2.51
L,AMBUJA CEMENTS LTD,       664.00,       679.95,-2.35
L,HINDUSTAN AERONAUTICS LTD,      4813.30,      4922.85,-2.23
L,BAJAJ HOLDINGS & INVS LTD,      9412.45,      9619.50,-2.15
L,PIDILITE INDUSTRIES LTD,      3121.30,      3186.40,-2.04
L,INDIAN RAILWAY FIN CORP L,       189.78,       193.65,-2
L,CHOLAMANDALAM IN & FIN CO,      1390.65,      1416.60,-1.83
L,CANARA BANK,       112.69,       114.71,-1.76
L,INFO EDGE (I) LTD,      6904.45,      7027.25,-1.75
L,BOSCH LIMITED,     34370.70,     34978.45,-1.74
L,DLF LIMITED,       873.90,       889.15,-1.72
L,ABB INDIA LIMITED,      7769.80,      7896.85,-1.61
L,BHARAT ELECTRONICS LTD,       311.15,       316.05,-1.55
L,INTERGLOBE AVIATION LTD,      4404.30,      4472.20,-1.52
L,SIEMENS LTD,      7028.80,      7132.90,-1.46
L,TRENT LTD,      5770.80,      5839.00,-1.17
L,COLGATE PALMOLIVE LTD.,      3374.20,      3412.10,-1.11
L,INDIAN OIL CORP LTD,       179.73,       181.67,-1.07
L,BANK OF BARODA,       251.25,       253.65,-0.95
L,SBI CARDS & PAY SER LTD,       720.45,       726.85,-0.88
L,GAIL (INDIA) LTD,       239.00,       240.97,-0.82
L,PUNJAB NATIONAL BANK,       122.95,       123.95,-0.81
L,SRF LTD,      2624.90,      2644.90,-0.76
L,INDIAN RAIL TOUR CORP LTD,       980.50,       987.65,-0.72
L,HAVELLS INDIA LIMITED,      1838.05,      1849.85,-0.64
L,VEDANTA LIMITED,       448.10,       450.75,-0.59
L,JINDAL STEEL & POWER LTD,       983.30,       988.25,-0.5
L,ZYDUS LIFESCIENCES LTD,      1241.40,      1247.20,-0.47
L,BERGER PAINTS (I) LTD,       553.00,       554.90,-0.34
 , , , , 
 ,OTHER SECURITIES, , , 
 , , , , 
G,SELAN EXPLO. TECH LTD,       917.00,       764.20,19.99
G,CELEBRITY FASHIONS LTD,        20.16,        17.09,17.96
G,PONDY OXIDES & CHEM LTD,      1459.85,      1258.40,16.01
G,SURYALAKSHMI COT MIL LTD,       106.30,        92.58,14.82
G,PRECISION METALIKS LTD,        56.00,        49.50,13.13
G,PRITI INTERNATIONAL LTD,       184.36,       163.64,12.66
G,JUBILANT PHARMOVA LTD,       866.20,       773.25,12.02
G,LAKSHMI FIN IND CORP LTD,       239.62,       216.02,10.92
G,PLAZA WIRES LIMITED,        95.19,        86.07,10.6
G,WEALTH FRST PORT. MG. LTD,      1185.10,      1071.60,10.59
G,FIRSTSOURCE SOLU. LTD.,       301.00,       273.44,10.08
G,TV TODAY NETWORK LTD,       287.00,       260.79,10.05
G,RBM INFRACON LIMITED,       492.80,       448.00,10
G,INDIABULLS ENT LTD,        13.18,        11.99,9.92
G,GANGES SECURITIES LIMITED,       180.05,       163.83,9.9
G,SHAH METACORP LIMITED,         5.55,         5.06,9.68
G,IFB INDUSTRIES LTD,      1942.90,      1773.30,9.56
G,GLOBESECURE TECHNO LTD,        59.05,        54.10,9.15
G,TARMAT LIMITED,       100.34,        92.14,8.9
G,BROOKS LAB LIMITED,       101.13,        92.90,8.86
G,RAJSHREE POLYPACK LTD,        77.67,        71.45,8.71
G,SHIVAM AUTO.LTD,        54.63,        50.59,7.99
G,CAPRI GLOBAL CAPITAL LTD,       225.55,       208.97,7.93
G,ZAGGLE PREPA OCEAN SER L,       362.55,       336.05,7.89
G,RAMA STEEL TUBES LIMITED,        11.10,        10.30,7.77
G,PROVENTUS AGROCOM LIMITED,      1424.00,      1325.00,7.47
G,SAROJA PHARMA INDUS IND L,        48.25,        44.90,7.46
G,NEULAND LAB LTD.,      9381.55,      8758.35,7.12
G,SEC RE NCD 7.80% SR V,      1070.00,      1000.00,7
G,VIKAS ECOTECH LIMITED,         4.03,         3.77,6.9
 , , , , 
L,BOND 8.37% TAX FREE S3A,      9850.00,     12250.00,-19.59
L,SEC RE NCD SR II,      1020.00,      1215.00,-16.05
L,UDAIPUR CEMENT WORKS LTD,        37.72,        43.60,-13.49
L,SHANTHALA FMCG PRODUCTS L,        63.40,        70.90,-10.58
L,NRB INDUS. BEARINGS LTD.,        39.31,        43.91,-10.48
L,THOMAS COOK (INDIA) LTD,       234.65,       260.68,-9.99
L,SPACENET ENTERS IND LTD,        27.57,        30.60,-9.9
L,SONATA SOFTWARE LTD,       664.15,       736.85,-9.87
L,UNIINFO TELECOM SERVI LTD,        40.09,        44.15,-9.2
L,GANESH GREEN BHARAT LTD,       460.00,       505.30,-8.96
L,LOYAL TEXTILE MILLS LTD,       660.70,       718.70,-8.07
L,ENTERTAIN NET. IND. LTD.,       232.50,       252.54,-7.94
L,DATAMATICS GLOBAL SER LTD,       599.60,       651.10,-7.91
L,DIENSTEN TECH LIMITED,       168.35,       182.25,-7.63
L,MALU PAPER MILLS LIMITED,        48.65,        52.66,-7.61
L,KRBL LIMITED,       294.75,       318.45,-7.44
L,AEGIS LOGISTICS LIMITED,       768.60,       829.60,-7.35
L,FIBERWEB INDIA LIMITED,        59.81,        64.26,-6.92
L,TEAMLEASE SERVICES LTD.,      3275.55,      3516.95,-6.86
L,ONMOBILE GLOBAL LTD.,        82.49,        88.52,-6.81
L,INDOSTAR CAPITAL FIN LTD,       242.95,       260.12,-6.6
L,CSL FINANCE LIMITED,       467.00,       499.30,-6.47
L,AXITA COTTON LIMITED,        25.34,        27.09,-6.46
L,HIKAL LIMITED,       338.50,       361.30,-6.31
L,GP ECO SOLUTIONS INDIA L,       319.90,       341.15,-6.23
L,TEXMACO INFRA & HOLDG LTD,       134.24,       143.03,-6.15
L,JTEKT INDIA LIMITED,       201.20,       214.35,-6.13
L,DISHMAN CARBO AMCIS LTD,       190.75,       203.04,-6.05
L,AARVEE DEN. & EXP. LTD,        38.02,        40.46,-6.03
L,SAURASHTRA CEMENT LIMITED,       133.83,       142.29,-5.95
