SECURITY,NEW,PREVIOUS,NEW_STATUS
KOTHARI PETROCHEM LTD,187.5,186.99,H
ICICI LOMBARD GIC LIMITED,2031,2020,H
V2 RETAIL LIMITED,979.4,932.8,H
UMA EXPORTS LIMITED,98.7,94.82,H
PCBL LIMITED,359.8,343.5,H
DEEP INDUSTRIES LIMITED,347.9,338.4,H
LIFE INSURA CORP OF INDIA,1222,1197,H
MIRAEAMC - MAESGETF,42.22,42.1,H
MIRAEAMC - SENSEXETF,82.99,82.62,H
GOI TBILL 182D-29/08/24,99.52,99.49,H
BLUE JET HEALTHCARE LTD,515,480,H
GOI TBILL 364D-24/04/25,95.18,94.73,H
SHAH METACORP LIMITED,5.56,5.5,H
ICICIPRAMC - ICICICONSU,121.25,120.99,H
INDIA SHELTER FIN CORP L,777.6,768,H
PONDY OXIDES & CHEM LTD,1494.7,1299.95,H
ENTERO HEALTHCARE SOLU L,1265,1258,H
21ST CENTURY MGMT SERVICE,84.61,82.96,H
SEC RE NCD 9.80% SR.V,925,917,H
SEC RED NCD SR.VIII,1474,1464,H
SEC RE NCD 8.75% SR.III,1029,999.7,H
SEC RE NCD 9.65% SR I,975,960,H
GOI TBILL 364D-03/07/25,94.5,94,H
BASF INDIA LTD,6447.5,6345,H
NEULAND LAB LTD.,9700,9099.9,H
IFB INDUSTRIES LTD,1950.6,1929.7,H
BSL LTD,248.45,239.8,H
AKZO NOBEL INDIA LIMITED,3131,3058,H
WELSPUN ENTERPRISES LTD.,576.4,574.95,H
CPSE ETF,106.6,105.5,H
HUBTOWN LIMITED,259.63,255.26,H
HIMADRI SPECIALITY CHEM L,450.65,448,H
HUHTAMAKI INDIA LIMITED,418,407.2,H
WEALTH FRST PORT. MG. LTD,1218,1147.85,H
KAPSTON SERVICES LIMITED,438.8,417.95,H
MIRAEAMC - MAMFGETF,156,155.25,H
LLOYDS METALS N ENERGY L,799,786,H
LT FOODS LIMITED,312.5,301.25,H
ADANI ENERGY SOLUTION LTD,1348,1250,H
TAX FREE  7.53% SR. 103 A,1160,1159.9,H
POWER INSTRUMENT (G) LTD,114.88,112.63,H
PROVENTUS AGROCOM LIMITED,1449,1350,H
DSPAMC - DSPITETF,42.9,42.54,H
BANSAL WIRE INDUSTRIES L,386,372,H
TFB 7.62% 2035 SR. 3B,1266,1249,H
DC INFOTECH AND COMUN LTD,440.6,419.72,H
AHIMSA INDUSTRIES LTD.,27.6,26.3,H
V.L.INFRAPROJECTS LIMITED,92.25,87.9,H
DEEPAK NITRITE LTD,3169,3122.05,H
GOKUL AGRO RESOURCES LTD,209,199,H
MINDA CORPORATION LTD,522,512.4,H
SUNDARAM FINANCE HOLD LTD,308.4,300,H
TCPL PACKAGING LIMITED,3200,3103.4,H
INSPIRISYS SOLUTIONS LTD,192.9,183.99,H
SBI LIFE INSURANCE CO LTD,1791.15,1777.7,H
MONARCH NETWORTH CAP LTD,735,689.95,H
MIRAEAMC - MAN50ETF,267.75,267.46,H
KATARIA INDUSTRIES LTD,247,244.3,H
TAX FREE  7.64% SR. 108A,1175.1,1175,H
ICICIPRAMC - ICICI500,40.08,39.87,H
GAYATRI RUBB AND CHEM LTD,420,408,H
CONTINENTAL SEED CHEM LTD,51.95,49.5,H
SURAJ ESTATE DEVELOPERS L,729.9,728.45,H
GOI TBILL 91D-10/10/24,98.65,98.59,H
TFB 7.11% 2025 SR. 1A,1055,1040.25,H
NTPC LTD,424.35,417.4,H
TVS MOTOR COMPANY  LTD,2602.15,2557.05,H
FIRSTSOURCE SOLU. LTD.,309.3,278.94,H
LICNAMC - LICNFESGP,906.95,903.24,H
EDELAMC - EBBETF0430,1441,1440.55,H
ISGEC HEAVY ENG LTD,1591.25,1588.4,H
PRICOL LIMITED,542.5,515,H
TARC LIMITED,224,219.12,H
MIRAEAMC - ALPHAETF,29.53,29.39,H
ABANS HOLDINGS LIMITED,589.55,576.5,H
UJAAS ENERGY LIMITED,334.3,318.36,H
NUVAMA WEALTH MANAGE LTD,6719,6490,H
PARIN FURNITURE LIMITED,300,296.85,H
WONDER ELECTRICALS LTD,1313.75,1270,H
INDO TECH TRANSFORM LTD.,2234,2222.15,H
EPIGRAL LIMITED,1819.95,1817.95,H
SEC RE NCD 10.03% SR.VIII,930,928,H
SUPREME ENGINEERING LTD,1.94,1.91,H
GOI TBILL 182D-02/01/25,97.15,97,H
OM INFRA LIMITED,223.99,216.5,H
ATLANTAA LIMITED,50.65,47.34,H
SHRIRAM - LIQUIDSHRI,1005.12,1004.95,H
COAL INDIA LTD,542.25,527.4,H
HFCL LIMITED,140.5,137.53,H
ICICIPRAMC - BHARATIWIN,123.33,121.64,H
SHYAM METALICS AND ENGY L,769.95,745.3,H
V MARC INDIA LIMITED,252.65,241.9,H
SBIAMC - SBIETFQLTY,242.4,239.7,H
HDFCAMC - HDFCQUAL,62,61.95,H
MIRAEAMC - MANXT50,762.68,760.21,H
KAVVERI TEL. LTD.,33.84,33.18,H
GOI TBILL 364D-12/12/24,97.53,97.16,H
SHEKHAWATI POLY-YARN LTD.,6.67,6.54,H
SRNCD TR II SR IV,2365,2328,H
ICICIPRAMC - ICICINXT50,80,79.4,H
PRITIKA ENG COMPO LTD,111.15,105.9,H
AURUM RS. 3.12 PPD UP,142.8,136.5,H
HB STOCKHOLDINGS LIMITED,186.02,178,H
ELGI RUBBER CO. LTD,94.5,94.2,H
ZENITH STEEL PIP IND LTD,10.93,7.7,H
SAHAJ SOLAR LIMITED,553.5,530.4,H
DUCOL ORGS AND COLOURS LT,144.25,142.25,H
SEC RE NCD 10.25% SR XII,984,970,H
MANGLAM INFRA & ENG LTD,117.25,111.7,H
SUNFLAG IRON AND STEEL CO,274.95,274.79,H
BALKRISHNA IND. LTD,3375,3363.95,H
POWER GRID CORP. LTD.,362.5,356.95,H
SBI-ETF NIFTY NEXT 50,793.5,790.15,H
ANIK INDUSTRIES LTD,74,73.6,H
ERIS LIFESCIENCES LIMITED,1142.8,1135,H
ICICI PRU LIFE INS CO LTD,742.2,739.6,H
KINGFA SCI & TEC IND LTD.,2929,2889.95,H
SWARAJ SUITING LIMITED,364.7,347.35,H
NIP IND ETF CONSUMPTION,130.37,130.25,H
MEDI ASSIST HEALTH SER L,621,605,H
BIRLASLAMC-ABSLPSE,11.82,11.8,H
VISHNU PRAKASH R PUNGLI L,283.95,272,H
8.91%S-R-NCD SERIES 3B,1334,1331,H
ICICIPRAMC - ICICICOMMO,97.75,96.98,H
LCC INFOTECH LTD,5.99,5.88,H
GOI TBILL 182D-07/11/24,98.01,97.83,H
BLACK BOX LIMITED,537.9,513.5,H
DIAMOND POWER INFRA LTD,1569.15,1498.1,H
VCCL 11.90% 2026,99599,99250,H
UNS RED NCD 9.15% SR.IX,1005,1000,H
EFFWA INFRA & RESEARCH L,338.9,337.25,H
GOI TBILL 364D-29/05/25,94.58,94,H
GOI TBILL 364D-10/07/25,94.25,93.5,H
GLENMARK PHARMACEUTICALS,1479.4,1474,H
MANGALAM CEMENT LTD,983.65,982,H
ZOMATO LIMITED,238,232,H
ZYDUS LIFESCIENCES LTD,1265,1251.7,H
FIBERWEB INDIA LIMITED,66.6,64.26,H
SAPPHIRE FOODS INDIA LTD,1817.2,1680,H
NAVA LIMITED,931.7,930,H
NIPPONAMC - NETFPHARMA,22.37,22.25,H
GOI TBILL 364D-19/12/24,97.4,96.72,H
UTIAMC - NIFMID150,221.04,219.8,H
V R INFRASPACE LIMITED,232,227.9,H
SEC RE NCD 7.90% STRPP B,309.95,309.9,H
R K SWAMY LIMITED,320.7,317.7,H
DSPAMC - DSPNEWETF,329.78,328,H
ENSER COMMUNICATIONS LTD,258.2,245.95,H
RELIABLE DATA SERVICE LTD,107.67,102.55,H
KORE DIGITAL LIMITED,1895.4,1805.75,H
DCW LTD,72.99,72.48,H
UNIVERSAL CABLES LTD,938,910,H
SELAN EXPLO. TECH LTD,917,818,H
MARUTI SUZUKI INDIA LTD.,13680,13375,H
MULTI COMMODITY EXCHANGE,4400,4346.85,H
TEGA INDUSTRIES LIMITED,1970.2,1965,H
WINDLAS BIOTECH LIMITED,843,830,H
MOTILAL OS MIDCAP100 ETF,63.75,63.6,H
THE BYKE HOSPITALITY LTD,91.1,88.9,H
NIPPONAMC - NETFAUTO,274.46,272.6,H
BLUE CHIP INDIA LIMITED,6.38,6.26,H
SRI ADHIKARI BRO TELE N L,382.1,374.64,H
ICICIPRAMC - ICICIINFRA,97.5,97.08,H
CROWN LIFTERS LIMITED,288.2,249.99,H
SOLARA ACTIVE PHA SCI LTD,657,631,H
AGARWAL FLOAT GLASS I LTD,88.45,85.4,H
GOI TBILL 91D-12/09/24,99.26,99.19,H
KOTAKMAMC - KOTAKALPHA,58.1,57.87,H
KOTAKMAMC - KOTAKMID50,169.92,169.48,H
GOLDKART JEWELS LIMITED,153.4,149.6,H
KPI GREEN ENERGY LIMITED,975.15,969.7,H
CHETANA EDUCATION LIMITED,105,103.8,H
SOLAR ACT RS.3.50 PPD UP,349.8,337,H
SEC RE NCD 8.25% SR 1,996.01,1000,L
RAVINDRA ENERGY LIMITED,80.53,82.5,L
PERFECT INFRAENGINEER LTD,27,30.95,L
AMBEY LABORATORIES LTD,68.2,71.6,L
GACM TECHNOLOGIES LIMITED,2.33,2.34,L
VITAL CHEMTECH LIMITED,81.5,82,L
DURLAX TOP SURFACE LTD,72,72.5,L
GACM TECHNOLOGIES LIMITED,0.08,0.11,L
SEC RE NCD SR 4,995,1000,L
VRAJ IRON AND STEEL LTD,220,225.01,L
NANDANI CREATION LIMITED,36.25,36.3,L
SEC RE NCD 9.65% SR.I,963.37,981.02,L
BAID FINSERV LIMITED,15.9,16,L
FALCON TECHNOPROJ IND LTD,64.9,65.25,L
VIBHOR STEEL TUBES LTD,273.75,279.3,L
DIENSTEN TECH LIMITED,167.25,180,L
SEC RE NCD SR.II,1140.45,1140.55,L
GANESH GREEN BHARAT LTD,456.5,481.2,L
RKEC PROJECTS LIMITED,119.22,121.66,L
SATI POLY PLAST LIMITED,208.7,211.3,L
C P S SHAPERS LIMITED,263,270.95,L
GP ECO SOLUTIONS INDIA L,318,330,L
UNS RED NCD 9.15% SR.IX,990,995,L
DIVINE POWER ENERGY LTD,89.6,90.6,L
AVANTEL LIMITED,195.63,204,L
VIJI FINANCE LIMITED,2.18,2.23,L
RNFI SERVICES LIMITED,162.55,171.1,L
SEC RE NCD 9.57% SR III,1009,1020,L
ADROITINFO RS. 5 PPD UP,8.92,9.39,L
SEC RE NCD SR.III,1080,1090,L
SECUR CREDENTIALS LIMITED,6.94,7.31,L
MACOBS TECHNOLOGIES LTD,94.25,96,L
SEC RE NCD 0% SR.VIII,958,1010,L
GACM TECHNOLOGIES LIMITED,0.51,0.85,L

