SYMBOL,SYMBOL P/E,ADJUSTED P/E
EDELWEISS,12.47,12.47
RGL,12.88,12.88
HITECHCORP,19.35,19.35
BRIGADE,72.48,72.48
MANAKSIA,8.17,6.19
DVL,33.51,33.51
ARIES,21.21,21.21
CEATLTD,17.63,16.55
KNRCON,15.52,15.52
SEPC,144.12,144.12
GSS,33.01,33.01
VGUARD,68.38,68.38
DPSCLTD,130.62,130.62
TITAGARH,73.57,73.15
BAJAJFINSV,16.39,16.39
DIGISPICE,19.55,44.91
RPGLIFE,35.12,35.12
RBL,16.84,16.49
LOTUSEYE,48.25,48.71
UBL,118.84,118.84
ZFCVINDIA,73.94,73.94
TATAMTRDVR,1.3,1.27
TPHQ,25.61,25.61
MHRIL,75.29,75.29
EXCEL,57.62,57.62
EXPLEOSOL,22.55,22.55
SUNTECK,124.21,124.21
SARDAEN,18.68,18.61
GODREJPROP,73.68,73.68
MMTC,244.47,346.81
NESTLEIND,73,73.21
DBREALTY,8.58,9.13
TI,35.16,34.43
IITL,6.21,8.7
DEEPAKNTR,52.02,56.22
RAMKY,16.49,16.49
ASHOKA,12.5,14.44
JWL,71.38,71.38
SHAH,8.05,139.09
RESPONIND,47.39,47.39
PENIND,26.59,26.59
SUMMITSEC,31.75,27.89
JUBLINDS,76.14,35.51
HFCL,52.18,52.18
MUTHOOTFIN,16.52,16.52
PIIND,40.23,40.23
OMINFRAL,44.04,44.04
DELPHIFX,17.3,17.3
ASHIANA,47.85,47.85
THERMAX,93.84,103.73
RIIL,189.41,189.41
RAYMOND,20.18,19.21
SHREDIGCEM,18.7,18.7
SMLISUZU,29.87,29.87
SUNDRMFAST,54.58,54.58
CRISIL,49.31,49.31
PEL,,39.87
MASTEK,28.29,28.07
TRENT,153.31,248.78
CUMMINSIND,72.38,72.32
JBCHEPHARM,54.05,54.05
INDIAGLYCO,23.29,23.29
IONEXCHANG,52.63,52.63
HIMATSEIDE,13.18,13.18
GFLLIMITED,311.83,311.83
BHARATFORG,89.2,88.52
ATUL,72.6,72.6
TATAMOTORS,12.36,12.08
MRPL,14.66,14.63
ESCORTS,44.65,44.65
BAJAJHLDNG,74.97,74.97
ZUARIIND,1.7,
VOLTAS,131.56,131.56
TATASTEEL,,57.19
SPIC,20.1,13.66
RELIANCE,26.15,26.15
BOSCHLTD,41.43,56.04
CARBORUNIV,76.47,76.47
DICIND,,125.55
RAMCOCEM,55.83,55.83
CENTURYTEX,100.25,100.25
TORNTPHARM,61.87,64.6
EPL,34.77,32.87
VLSFINANCE,3.31,3.31
BALRAMCHIN,19.08,19.08
AEGISLOG,41.74,41.74
BBOX,62.56,50.01
TATAELXSI,55.24,55.24
SANDESH,6.63,6.63
ASHIMASYN,8.68,8.68
ADANIENT,106.9,99.65
GET&D,141.24,141.24
TIL,9.29,
JINDALPOLY,52.71,52.53
JYOTISTRUC,89.55,89.55
JAYNECOIND,24.95,22.89
SOTL,21.39,21.39
WSI,18.43,18.21
THOMASCOOK,45.15,45.15
SIEMENS,108.74,108.74
VSTIND,24.91,24.91
TATACOMM,62.61,74.65
IFCI,95.08,95.85
HLVLTD,60.88,60.88
HEIDELBERG,34.12,34.12
PCBL,25,25
EIHAHOTELS,35.36,35.36
SAIL,24.05,19.04
ABB,114.41,114.41
BRITANNIA,65.19,65.12
DHAMPURSUG,10.78,10.78
COSMOFIRST,39.57,39.57
HDFCBANK,17.62,17.52
GMBREW,11.99,11.99
ITC,29.87,29.86
IOC,8.45,8.45
OSWALGREEN,515.86,515.86
HUHTAMAKI,6.84,29.72
RICOAUTO,47.15,45.07
MANINDS,28.72,28.72
SIYSIL,12.82,12.82
ONWARDTEC,33.12,33.12
NCC,30.57,29.74
SEAMECLTD,33.49,33.49
BBTC,8.26,7.99
BEPL,20.68,20.68
BANARBEADS,23.58,23.58
WSTCSTPAPR,5.23,5.23
VENKEYS,35.37,35.37
PRUDMOULI,11.76,10.94
PRAJIND,41.97,45.21
TFCILTD,19.36,19.36
GTL,1.04,5.85
AGI,20.6,20.6
TATACONSUM,93.62,79.9
ZEEL,44.52,33.99
KOTAKBANK,16.9,19.54
JAYSREETEA,29.36,
FOSECOIND,46.43,46.64
ANDHRAPAP,6.74,6.74
SCHAEFFLER,73.5,73.22
AMJLAND,21.16,21.16
KSB,82.81,82.81
GREAVESCOT,,319.41
SUDARSCHEM,18.14,57.86
INGERRAND,62.62,62.62
HINDUNILVR,61.46,61.44
AMBUJACEM,38.31,40.29
DCW,133.22,125.61
CESC,15.8,19.25
BAJFINANCE,28.24,28.24
NAVA,10.58,11.54
CORALFINAC,10.77,10.77
AUTOAXLES,18.89,18.89
NATCOPHARM,17.56,17.56
ANDHRSUGAR,29.53,28.26
STARPAPER,6.04,5.9
AUSOMENT,15.33,15.33
JAYAGROGN,16.79,16.79
SAMBHAAV,68.7,90.93
MOTHERSON,47.88,46.45
SOMATEX,5.56,
STERTOOLS,25.75,25.88
DENORA,42.11,42.11
SHRIRAMFIN,14.39,14.39
MIRZAINT,53.88,53.88
GANESHHOUC,18.84,18.84
MPHASIS,34.99,34.99
RUCHINFRA,26.28,58.81
HERITGFOOD,35.41,35.14
GAIL,16.64,16.64
CONCOR,51.45,51.45
KCPSUGIND,6.52,7.1
FDC,27.19,27.19
ADROITINFO,13.96,13.96
INDUSINDBK,12.32,12.32
TRIGYN,20.86,20.86
KOTHARIPRO,31.82,31.82
ITDCEM,34.09,34.09
SONATSOFTW,70.28,5.76
CYBERTECH,23.76,23.76
DHANBANK,19.49,19.49
STCINDIA,26.71,28.71
RSSOFTWARE,32.41,32.41
IVC,38.71,38.71
ALEMBICLTD,39.33,39.33
BSOFT,29.33,29.33
STAR,117.35,34.12
ZYDUSLIFE,32.75,32.69
RAJESHEXPO,27.69,27.69
NRBBEARING,13.13,35.7
BLBLIMITED,36.4,36.4
BLUESTARCO,85.65,85.65
PNBGILTS,36.41,39.79
TAJGVK,27.66,27.66
USHAMART,28.11,28.11
MRO-TEK,45.55,45.55
TRIDENT,60.35,60.37
UNITDSPR,72.55,72.73
TCI,27.89,27.69
OLECTRA,177.55,193.49
TIMESGTY,65.14,65.14
NUCLEUS,21.42,21.42
RADICO,90.15,90.15
VARDHACRLC,24.11,24.11
JSL,23.43,24.16
WELSPUNLIV,25.64,25.64
TVTODAY,27.6,26.07
BIOCON,31.48,31.37
XPROINDIA,47.43,45.65
CCL,36.04,36.04
LT,33,33.15
TCS,33.7,33.19
GUFICBIO,41.5,41.5
WELENT,22.04,22.04
JBMA,124.41,124.41
JSWSTEEL,30.02,32.03
JPPOWER,11.54,8.32
SAKSOFT,32.66,32.66
WELCORP,19.22,19.22
63MOONS,8.52,8.52
GEOJITFSL,15.82,15.82
MSPL,85.94,70.22
IDFC,556.56,556.56
GOLDIAM,22.14,22.14
FCSSOFT,,72.96
AURIONPRO,57.6,57.6
AIAENG,38.36,38.38
ORIENTCER,32.26,38.04
VIMTALABS,29.69,29.69
NITINSPIN,16.52,16.52
GSPL,8.79,8.96
GVKPIL,3.97,3.97
SAKUMA,24.68,24.68
JKCEMENT,39.37,39.82
INDOTECH,48.22,48.22
CENTURYPLY,48.33,48.33
VAKRANGEE,536.77,583.93
MALUPAPER,100.33,100.33
UTTAMSUGAR,9.93,9.93
RSYSTEMS,42.5,42.5
LOKESHMACH,56.87,56.87
KAMDHENU,28.15,28.15
PIONEEREMB,40.98,40.98
MUNJALAU,29.31,20.33
TECHM,59.5,59.57
GRINDWELL,75.46,75.41
ACE,50.56,50.56
ALICON,16.58,16.58
DCBBANK,7.33,7.33
LTFOODS,17.83,17.83
VENUSREM,19.21,19.21
PARACABLES,28.95,28.95
SARLAPOLY,21.98,21.98
GANDHITUBE,19.4,19.4
UNOMINDA,80.86,82.89
ORIENTBELL,6958.08,6958.08
TTL,57.77,57.77
PAGEIND,83.08,83.08
ASTRAL,107.74,107.74
THEMISMED,74.89,74.89
NDLVENTURE,222.51,222.51
INSECTICID,23.1,23.1
HGS,28.68,28.68
ISMTLTD,25.03,23.24
CIEINDIA,27.56,27.56
NAGREEKCAP,1,1
MANGCHEFER,10.92,10.92
BAJAJELEC,84.69,84.69
BVCL,21.34,21.34
ADANIPOWER,17.72,17.72
OIL,14.4,14.47
RTNPOWER,1.07,
ZYDUSWELL,57.17,54.27
SHILPAMED,181.29,201.31
DLINKINDIA,23.05,23.05
DBCORP,13.56,13.56
BEARDSELL,18.08,18.08
TRF,15.69,15.69
UNITEDTEA,13.31,13.31
VASCONEQ,33.18,33.18
EMMBI,20.04,20.04
LGBBROSLTD,16.52,16.84
ISFT,22.76,22.76
MANAPPURAM,8.24,8.24
BAJAJCON,24.34,24.34
KILITCH,44.32,44.32
GREENPOWER,56.32,65.7
BEDMUTHA,35.58,35.58
CGCL,46.27,46.27
JINDWORLD,99.64,99.64
KIRLOSENG,40.84,39.91
VADILALIND,21.58,21.58
MAITHANALL,9.07,9.07
PFIZER,42.48,42.95
DEEPAKFERT,21.61,21.61
COROMANDEL,29.36,29.36
ASIANPAINT,58.81,58.81
PGHL,40.72,40.72
CENTENKA,27.62,27.62
FEDERALBNK,12.1,12.1
BIRLACABLE,40.44,40.44
PRECOT,35.04,55.73
ARE&M,32.96,32.96
IVP,17.04,17.04
RAJSREESUG,19.54,19.54
ZENSARTECH,26.97,26.97
KPIL,45.73,45.73
IGARASHI,202.81,202.81
HSCL,47.35,47.35
ARENTERP,22.79,22.79
ADVANIHOTR,29.9,29.9
JUBLPHARMA,21.17,48.24
TOKYOPLAST,112.15,112.15
SANOFI,30.78,28.94
KAJARIACER,56.38,56.35
MODTHREAD,9.02,9.02
PIDILITIND,92.53,89.96
OSWALAGRO,193.19,192.13
CANFINHOME,14.74,14.74
ELECTCAST,14.44,14.44
DABUR,62.18,62.18
FMGOETZE,18.48,18.48
ORIENTHOT,60.03,60.03
KANSAINER,37.25,37.25
3MINDIA,75.86,75.86
GABRIEL,40.07,40.07
RALLIS,48.35,48.6
PRAKASH,10.04,10.04
KOPRAN,25.07,25.07
GODFRYPHLP,30.4,30.4
SURYAROSNI,20.17,20.17
AKZOINDIA,31.77,31.77
GRASIM,18.59,17.86
DCM,35.8,35.8
HEUBACHIND,37.42,37.42
BEL,55.07,55.07
REMSONSIND,48.97,48.02
TTKPRESTIG,61.1,61.1
ZENITHEXPO,503.65,503.65
VISAKAIND,1159.5,1159.5
HITECHGEAR,16.6,46.22
PUNJABCHEM,30.82,30.82
MMFL,21.4,21.55
GUJRAFFIA,58.63,58.63
BANKBARODA,7.02,7.02
HUDCO,29.53,29.53
KRBL,12.23,12.23
AXISCADES,70.73,70.73
HIKAL,64.01,64.01
ACLGATI,239.77,
JISLJALEQS,74.92,74.92
MPSLTD,30.58,30.58
PNB,12.6,12.6
UNIONBANK,7.31,7.31
NSIL,42.13,42.13
DREDGECORP,93.57,91.61
MUKANDLTD,25.93,25.93
POONAWALLA,16.45,23.5
DATAMATICS,19.5,19.5
APARINDS,44.62,44.62
COFORGE,52.62,53.22
GULFPETRO,14.33,14.33
KOTARISUG,16.91,16.91
PATELENG,16.7,22.09
JINDALPHOT,60.86,60.86
ALLSEC,20.58,24.84
CYBERMEDIA,13.96,10.63
JKPAPER,8.91,8.91
GRANULES,31.04,31.04
VHL,361.19,42.52
GENUSPOWER,90.78,90.78
SPLIL,16.34,16.33
RML,69.65,13.64
SASKEN,35.76,35.76
INSPIRISYS,75.58,75.58
GESHIP,7.58,7.58
MANALIPETC,88.71,78.1
DONEAR,21.06,21.06
SOBHA,392.02,392.08
HIRECT,103.17,73.71
PLASTIBLEN,21.88,21.88
HBLPOWER,65.28,60.74
LUMAXTECH,22.97,22.97
PITTIENG,47.25,47.25
CTE,41.27,41.27
REDINGTON,13.4,13.4
SMSPHARMA,52.33,52.33
RAJTV,449.81,449.81
ICRA,36.73,36.73
BFUTILITIE,13.04,13.04
HILTON,28.5,28.5
NELCAST,23.29,33.2
MEGASOFT,71.16,71.16
CENTRALBK,18.18,18.18
PURVA,134.06,134.06
KSCL,18.37,18.37
DELTACORP,18.45,23.09
MITCON,39.31,39.31
SREEL,28.25,28.25
WONDERLA,34.76,34.76
GULFOILLUB,19.27,19.27
PDSL,36.12,36.84
MONTECARLO,23.8,23.8
APOLSINHOT,38.38,38.38
GREENLAM,58.68,58.68
LINC,26.07,26.07
MANAKALUCO,41.36,41.36
LFIC,6.24,6.24
ARROWGREEN,38.29,38.29
SHYAMCENT,516.85,516.85
RAMASTEEL,52.48,52.48
POWERMECH,38.84,38.84
LUXIND,49.45,49.45
LINCOLN,14.1,14.1
PRECAM,46.2,71.62
BHAGERIA,41.41,41.41
LTF,18.14,18.14
FILATEX,24.84,24.84
VASWANI,16.31,16.31
ONELIFECAP,37.69,37.69
TRITURBINE,70.18,70.18
JISLDVREQS,1.19,1.19
RUPA,35.83,34.47
KANANIIND,99.72,99.72
THOMASCOTT,28.67,28.67
IRFC,39.37,39.37
RHIM,,47.81
SCHNEIDER,111.63,109.5
NBCC,78.74,59.64
TBZ,18.08,18.08
SWANENERGY,40.54,40.54
RTNINDIA,25.93,23.22
PROZONER,213.41,213.41
THEJO,56.78,56.78
KITEX,27.89,27.89
DUCON,28.12,28.12
TVSHLTD,14.63,14.61
VETO,18.09,18.09
INDUSTOWER,17.65,17.65
ATULAUTO,284.5,284.5
ORIENTCEM,40.92,40.92
SAMMAANCAP,7.1,7.1
ESSENTIA,25.07,25.08
ORBTEXP,17.01,17.01
NATHBIOGEN,10.96,11.77
AGARIND,16.13,16.13
SNOWMAN,110.85,110.85
INTELLECT,44.25,43.87
MOLDTKPAC,41.53,41.53
GANECOS,100.48,100.48
MANAKCOAT,42.37,42.37
IMAGICAA,8.35,141.98
BYKE,72.08,72.08
VRLLOG,56.66,56.93
PRIVISCL,50.95,50.95
NILAINFRA,46.01,46.01
ADANIENSOL,,78.99
ARVSMART,69.51,69.51
SHREEPUSHK,21.19,21.19
COFFEEDAY,,6.42
PERFECT,59.23,59.23
BALAXI,,17.2
SALZERELEC,35.32,35.32
LALPATHLAB,71.21,71.21
OCCL,6.6,6.6
VIDHIING,61.82,61.82
KELLTONTEC,22.88,22.88
PDMJEPAPER,11.82,11.82
WEALTH,23.67,23.67
SAGARDEEP,71.11,71.11
UNITEDPOLY,30.21,30.21
ARMANFIN,11.31,11.31
PREMEXPLN,129.32,129.32
INCREDIBLE,36.77,36.77
MGL,15.43,15.43
COMPINFO,.76,.76
QUESS,30.86,29.99
LLOYDSENGG,111.74,111.74
LTIM,36.69,36.69
GATECH,78.56,78.56
DBL,37.68,411.99
NDGL,13.32,13.32
BIGBLOC,61.35,61.35
MBAPL,72.3,72.3
GNA,19.1,19.1
MARATHON,23.27,23.27
JETKNIT,92.02,92.02
GRETEX,5.97,5.92
SAKAR,60.66,60.66
PANSARI,44.6,44.6
ARTNIRMAN,142.83,142.83
GICL,66.26,66.26
PNBHOUSING,13.13,13.13
PODDARMENT,16.01,16.01
JETFREIGHT,331.16,
SFL,51.41,63.52
TERASOFT,27.77,24.38
HISARMETAL,16.66,16.66
LIBAS,9.34,9.34
CAPTRUST,111.64,111.64
MAHESHWARI,16.34,16.34
BSE,49.45,101.47
MCL,84.84,84.84
JITFINFRA,25.73,31.14
KRISHANA,37.94,37.94
SANGINITA,60.98,60.98
AKASH,338.79,338.79
AIRAN,28.82,28.82
ARIHANTSUP,19.12,19.12
CLEDUCATE,28.62,30.57
EIFFL,170.26,170.26
FOCUS,19.93,19.93
SIKKO,35.53,35.53
DOLLAR,31.46,31.25
JALAN,,28.52
VSCL,1122.39,1122.39
TEJASNET,127.23,127.23
GTPL,20.47,20.47
TRANSWIND,24.14,24.14
AVADHSUGAR,10.04,10.04
GANGESSECU,47.11,47.11
TOTAL,140.18,140.18
WEWIN,29.97,29.97
COCHINSHIP,87.99,87.99
VAISHALI,229.49,229.49
SERVOTECH,226.44,226.44
DIXON,167.38,167.38
CAPACITE,22.81,22.81
SBILIFE,86.43,86.43
RMDRIP,77.98,77.98
AARVI,18.39,18.39
TIRUPATI,52.54,52.54
GOLDSTAR,66.94,66.94
JASH,47.44,47.44
BETA,34.26,34.26
OMFURN,20.54,20.54
TCPLPACK,24.87,24.87
DPABHUSHAN,41.09,41.09
NAM-INDIA,33.87,33.87
NIACL,55.38,55.38
SECURCRED,6.24,6.24
HDFCLIFE,94.2,94.2
AISL,26.91,26.91
VERTOZ,91.3,91.3
FELIX,81.52,81.52
ICEMAKE,49.2,49.2
TOUCHWOOD,46.91,46.92
AJOONI,61.05,61.05
BCONCEPTS,60.67,60.67
NEWGEN,53.68,53.68
SOLEX,142.66,142.66
SINTERCOM,309.86,309.86
SOUTHWEST,38.21,40.56
ARVEE,244.01,244.01
ASTERDM,61.6,
HGINFRA,19.61,20.03
HINDCON,44.64,44.64
SARVESHWAR,51.88,51.88
UNIINFO,87.09,87.09
MACPOWER,65.81,65.81
MDL,58.98,55.12
BANDHANBNK,13.66,13.66
URAVI,302.06,302.06
MITTAL,22.34,41.67
GIRIRAJ,89.56,89.56
ISEC,12.82,12.82
KAPSTON,33.73,33.73
MIDHANI,100.44,100.44
AVG,21.6,35.85
MMP,31.13,31.13
CHEMFAB,48.63,48.63
BSHSL,93.24,93.24
MAHICKRA,78.63,78.63
AAKASH,23.35,23.35
GODHA,128.32,128.32
SOFTTECH,138.77,138.77
E2E,101.32,101.32
SIRCA,38.69,38.69
SVLL,83.53,83.53
SONAMLTD,40.61,40.61
ADANIGREEN,255.1,211.3
PRITI,22.84,22.84
ACCURACY,360.21,360.21
RITES,34.93,34.93
GANGAFORGE,172.28,176.03
REPL,22.81,22.81
HBSL,3.37,3.37
AVROIND,28.94,28.94
TEMBO,20.66,21.12
CREDITACC,14.16,14.16
AARON,47.08,47.08
LAGNAM,20.33,20.33
RPPL,24.09,24.09
AKG,49.09,49.09
IRCON,30.75,30.75
AHLADA,10.79,10.79
RAJMET,24.98,24.98
KSHITIJPOL,42.92,
KRITIKA,50.34,50.34
PARIN,142.58,142.58
SILGO,22.07,22.07
BBTCL,29.97,29.97
IRISDOREME,44.11,44.11
ATGL,145.82,145.82
SHUBHLAXMI,22.14,22.14
UNIPARTS,17.96,17.96
SHRIRAMPPS,5.09,5.09
AWHCL,23.24,23.24
RPSGVENT,13.34,13.34
SURANI,732.97,732.97
MSTCLTD,31.11,31.11
ARVINDFASN,66.3,63.54
KHFM,124.62,124.62
RVNL,85.34,85.34
POLYCAB,57.25,57.25
KPITTECH,75.46,75.46
VIKASLIFE,,96.02
CONFIPET,27.26,27.26
PPL,13.69,13.69
INDIAMART,43.52,43.52
SATIA,5.9,5.9
WEL,165.1,165.1
CHEMCON,51.53,51.53
WESTLIFE,295.6,295.6
HNDFDS,72.36,72.36
MAZDOCK,58.46,58.46
IRCTC,71.11,68.48
SECL,1576.4,1576.4
DCI,46.96,46.96
IIFLSEC,10.55,10.55
HPIL,120.28,120.28
VISHWARAJ,25.09,25.09
FLUOROCHEM,85.5,85.5
KUANTUM,7.7,7.7
CHEMBOND,20.44,20.44
MGEL,20.61,20.61
SBICARD,28.7,28.7
SIGMA,21.53,21.53
CSBBANK,10.39,10.39
EASEMYTRIP,70.8,42.83
ROSSARI,33.91,33.91
PRINCEPIPE,40.8,44.31
ESAFSFB,5.45,5.45
ARTEMISMED,73.85,73.85
SUMICHEM,59.56,59.56
LGHL,80.47,84.85
ASALCBR,26.89,26.89
MAHEPC,,2357.65
BAFNAPH,27.69,27.69
SUVENPHAR,84.54,84.54
STOVEKRAFT,59.65,59.65
KSOLVES,35.99,35.99
HAPPSTMNDS,49.86,51.94
GLAND,45.68,45.68
BOROLTD,62.35,62.35
MAXHEALTH,84.75,84.75
PAVNAIND,48.65,48.65
KALYANKJIL,100.14,100.14
SHAREINDIA,13.81,13.79
UNIDT,49.3,49.3
ANGELONE,16.3,16.3
ADL,1925.26,1925.26
SURYODAY,9.35,9.35
ROML,45.87,45.87
RAILTEL,65.19,67.76
BECTORFOOD,58.79,58.79
HERANBA,46.19,46.19
LXCHEM,61.32,61.32
MTARTECH,104.41,104.41
FAIRCHEMOR,43.62,43.62
ANURAS,51.43,51.43
KANPRPLA,317.38,317.38
ISGEC,45.1,45.1
STYLAMIND,25.96,25.79
CLSEL,10.17,10.17
CARYSIL,37.9,37.9
SHAILY,63.66,63.66
MODISONLTD,24.43,30.69
FIBERWEB,25.45,25.45
BCLIND,19.27,19.18
BHAGCHEM,252.94,252.94
SBCL,45.79,45.79
SMCGLOBAL,7.52,7.52
QMSMEDI,23.63,23.63
NPST,5940.36,5940.36
ARIHANTCAP,10.73,10.74
SIDDHIKA,17.71,17.71
NAZARA,77.6,76.9
IPL,43.41,43.41
GENCON,24.47,24.47
LODHA,69.91,66.46
HLEGLAS,71.24,66.49
SONACOMS,72.76,72.18
UTKARSHBNK,11.14,11.14
PARAS,166.72,166.72
CRAFTSMAN,42.31,42.31
DODLA,36.14,36.14
EXXARO,182.15,182.15
JUBLINGREA,55.45,55.45
ROLEXRINGS,39.66,35.96
WALPAR,42.64,42.64
SHYAMMETL,18.72,18.72
KIMS,51.09,51.09
TATVA,89.67,89.67
CLEAN,70.61,70.61
AILIMITED,66.15,66.15
GLS,24.36,24.36
ABSLAMC,24.48,24.48
DEEPINDS,16.12,16.29
ZOMATO,577.02,577.02
PIXTRANS,26.03,26.03
WINDLAS,29.69,29.69
CARTRADE,50.67,50.67
KRSNAA,38.57,38.57
DEVYANI,,571
APTUS,25.76,25.76
SUPRIYA,26.94,26.94
ANMOL,9.19,9.19
BMETRICS,22.8,22.8
VIJAYA,67.8,66.96
AMIORG,126.92,57.31
VINEETLAB,63.84,63.84
SANSERA,40.94,40.94
BAJAJHCARE,,34.76
PRITIKAUTO,26.32,26.32
AAREYDRUGS,30.04,30.04
GRINFRA,13.01,16.2
REXPIPES,15.22,15.22
HPAL,46.1,46.48
UGROCAP,19.98,19.98
KPIGREEN,69.27,69.17
SGIL,44.69,44.69
ANANDRATHI,63.75,63.75
FINOPB,29.02,29.02
NYKAA,1260.91,1260.91
AWL,83.49,77.37
SAPPHIRE,298.63,298.63
DKEGL,11.67,11.67
EPIGRAL,28.65,28.65
NUVOCO,93.31,93.31
TRACXN,159.71,159.71
FUSION,8.64,8.64
TARSONS,64.41,64.41
MEDPLUS,159.28,159.28
RATEGAIN,66.6,66.6
LATENTVIEW,64.32,64.32
METROBRAND,89.13,89.13
PASUPTAC,27.45,27.45
PARADEEP,75.4,75.4
MAPMYINDIA,94.68,94.68
TMB,6.83,6.83
DYNAMIC,78.43,78.43
DESTINY,20.66,20.66
MANYAVAR,72.64,72.64
GVPTECH,79.44,79.44
DMCC,63.62,63.62
FOCE,31.62,31.62
EMIL,45.94,45.94
SHIVALIK,56,56
DATAPATTNS,94.62,94.62
JSLL,42.44,42.44
COOLCAPS,98.57,98.52
MEDANTA,69.76,69.76
MALLCOM,23.87,23.87
SMLT,18.03,18.03
RADIANTCMS,20.63,20.63
EUROBOND,61.14,61.14
HARIOMPIPE,34.96,34.96
DCMSRIND,16.54,16.54
RAJRILTD,311.25,311.25
EMUDHRA,92.88,92.88
FIVESTAR,24.5,24.5
VIRINCHI,33.94,33.94
SBC,67.41,67.41
ELIN,71.49,71.49
SHIGAN,42.15,42.15
TIMESCAN,11.42,11.42
MHLXMIRU,19.95,19.95
RELCHEMQ,56.11,56.11
GATEWAY,21.74,21.74
ZIMLAB,32.72,32.72
JTLIND,34.28,34.28
RAINBOW,55.1,55.1
AETHER,143.48,75.12
ROTO,54.71,54.71
SPRL,29.73,29.73
INDOBORAX,15.71,15.71
RACE,385.32,385.32
ETHOSLTD,135.55,135.55
MSUMI,51.16,51.16
KNAGRI,33.6,33.6
LEMERITE,249.13,249.13
HARSHA,45.14,45.14
OBCL,32.71,32.71
KCK,117.28,117.28
LICI,18.18,18.18
INDOAMIN,26.88,26.88
PROPEQUITY,25.46,25.46
SWARAJ,29.24,29.24
INOXGREEN,182.22,182.22
BIKAJI,63.93,63.93
RITCO,26.94,26.94
VEEKAYEM,29.91,29.91
RILINFRA,32.5,32.5
HARDWYN,102.18,102.18
HMAAGRO,26.66,26.66
MEDICO,38.39,38.39
CMRSL,15.02,12.3
YATHARTH,34.41,34.41
DCXINDIA,56.36,56.36
AKSHAR,22.88,22.88
ARISTO,18.13,18.13
NGLFINE,39.65,39.65
JFLLIFE,19.55,19.55
FIDEL,27.36,27.36
AXITA,34.75,34.75
PLAZACABLE,102.42,102.42
SENCO,41.64,41.64
USASEEDS,25.83,25.83
TRU,50.15,50.15
RADHIKAJWE,17.22,17.22
SPLPETRO,40.38,40.38
RAMRAT,34.33,34.33
CSLFINANCE,16.58,16.58
AGNI,254.22,254.22
GOYALALUM,57.92,57.92
RUSTOMJEE,111.27,111.27
GENSOL,71.51,71.39
DBOL,27.06,27.06
KANDARP,36.87,36.87
GSLSU,44.35,44.35
SPORTKING,20.49,20.49
ALLETEC,236.42,236.42
MANORAMA,99.62,99.62
ARABIAN,26.89,26.89
GRMOVER,20.6,20.6
SYNCOMF,58.34,58.29
DJML,67.12,67.12
BAHETI,43.2,43.2
SULA,44.68,44.68
SIGNATURE,515.81,515.81
ANNAPURNA,94.81,94.81
KRITINUT,13.4,13.4
KALAMANDIR,25.96,25.96
AVALON,122.79,122.79
CONCORDBIO,56.32,56.32
GRCL,147.14,147.14
BAIDFIN,15.11,15.11
PHANTOMFX,22.24,22.24
QUICKTOUCH,12.53,12.53
IPSL,24.65,24.65
KAMOPAINTS,91.73,91.73
BLUEJET,68.63,64.87
MVGJL,19.41,19.41
JIWANRAM,19.97,19.97
SCPL,22.38,22.38
SUKHJITS,16.35,16.35
ARHAM,48.49,48.49
MANKIND,41.11,41.11
SKYGOLD,67,67
ARIHANTACA,60.06,60.06
SATINDLTD,4.35,4.35
DIVGIITTS,51.55,51.55
USK,14.15,14.15
ANLON,69.23,69.23
CMNL,13.1,12.92
DIACABS,280.62,276.78
IKIO,41.22,41.22
MANOMAY,40.12,40.12
FAZE3Q,26.94,26.94
LLOYDSME,27.37,27.37
AARTIPHARM,26.42,26.42
RHL,81.34,81.34
SAHYADRI,16.59,16.59
SAHANA,88.29,88.29
NINSYS,57.08,57.08
HOMESFY,72.47,60.71
SBFC,33.83,33.83
SBGLP,76.83,76.83
ASMS,484.2,315.74
HYBRIDFIN,11.37,11.16
VIAZ,29.97,29.97
ZAGGLE,70.14,70.14
AGARWALFT,313.6,313.6
MCON,52.18,52.18
HONASA,175.76,175.76
RISHABH,41.09,41.09
IRMENERGY,29.79,29.79
SAH,233.9,233.9
QFIL,22.63,22.63
CYIENTDLM,96.24,96.24
NIRMAN,75.83,75.83
AKI,152.01,152.01
YCCL,37.83,37.83
RATNAVEER,26.44,26.44
MOS,41.51,41.51
SECMARK,300.99,300.99
AUROIMPEX,15.57,15.57
ATAM,35.91,35.91
IDEAFORGE,117.39,117.39
CRAYONS,18.79,18.79
SHRITECH,15.3,15.3
URBAN,26.96,26.96
AARTECH,183.95,183.95
KRISHCA,31.55,31.55
ESFL,33.32,33.32
DOLPHIN,528.62,589.93
REMUS,44.65,44.65
REDTAPE,76.83,76.83
PENTAGON,20.73,20.73
CELLPOINT,39.17,39.17
PROV,63.14,63.14
NETWEB,150.86,150.86
PYRAMID,24.94,24.94
EMSLIMITED,35.74,35.74
EFACTOR,19.03,19.03
GHCLTEXTIL,40.02,40.02
UDS,31.92,31.92
DENTALKART,62.86,62.86
SYNOPTICS,15.02,15.02
ATL,40.51,40.51
RRKABEL,70.41,70.48
COMMITTED,14.95,14.95
SANGANI,22.14,22.14
JLHL,49.64,49.66
NUVAMA,31.22,31.22
DRONE,112.03,112.03
SERVICE,25.44,25.44
KEL,49.26,49.26
NIITMTS,29.84,29.31
VINSYS,24.13,24.13
ACSAL,14.52,14.52
SAROJA,20.55,20.55
SINDHUTRAD,39.9,39.89
ORIANA,70.92,70.92
CHAVDA,20.5,20.5
TRANSTEEL,12.71,12.54
SANDUMA,47.04,47.04
OLIL,49.49,49.49
KODYTECH,582.98,582.98
SCML,23.12,23.12
MUFIN,141.34,135.88
MAL,9.41,9.41
HIGREEN,43.95,43.95
CELLECOR,41.01,41.01
JIOFIN,179.64,179.64
MADHUSUDAN,27.08,27.08
GOYALSALT,36.49,36.49
SHANTHALA,161.36,161.36
DIAMINESQ,67.42,67.42
VISHNUINFR,21.78,21.78
MICROPRO,21.78,21.78
INSPIRE,16.83,16.83
MAITREYA,35.05,35.05
AMNPLST,79.56,79.56
SARTELE,60.81,60.81
VINYAS,231.07,231.07
STYRENIX,22.82,22.82
IDBI,17.78,17.78
STARHEALTH,40.51,40.51
YUKEN,90.51,90.51
SJS,31.68,31.68
POLICYBZR,997.53,997.53
MONARCH,15.62,15.61
PRUDENT,68.5,68.5
GOCOLORS,73.4,73.4
CMSINFO,26.49,26.49
COASTCORP,89.83,89.83
TEGA,67.07,67.07
MANORG,69.21,69.21
MICEL,32.53,36.3
FOODSIN,26.03,26.01
KRITI,50.19,50.19
GANESHBE,19.68,19.66
MEDICAMEQ,58.12,58.12
UMAEXPORTS,31.25,30.36
AHL,31.96,31.96
ASIANENE,54.2,50.57
NRL,57.9,57.9
CHOICEIN,56.21,56.21
GRWRHITECH,28.52,28.52
DYCL,35.75,35.75
STARTECK,16.81,16.81
ELDEHSG,28.32,28.32
SEJALLTD,112.91,112.91
SYRMA,70.64,70.11
CAMPUS,107.17,107.17
VENUSPIPES,46.46,46.46
MEGASTAR,54.01,54.01
LANDMARK,45.39,43.96
DREAMFOLKS,36.28,36.28
DHARMAJ,29.16,29.16
GMRP&UI,160.53,
TVSSCS,9445.54,238.62
ACI,29.79,29.79
SADHNANIQ,518.7,518.7
CHEVIOT,11.93,11.93
KFINTECH,54.97,54.97
KAYNES,135.49,135.49
LAL,46.39,46.39
POCL,38.97,38.97
ASHOKAMET,10.56,10.56
PTCIL,560.7,560.7
AEROFLEX,48.53,48.53
VPRPL,27.03,27.03
KIRLPNU,61.8,59.27
JSWINFRA,62.71,62.71
YASHO,50.1,50.1
SRGHFL,32.18,32.18
TREL,4.87,45.92
CELLO,76.87,76.87
HINDZINC,35.23,35.23
FINCABLES,38.05,44.63
ASHAPURMIN,14.62,22.6
TNPL,8.68,8.68
KHAITANLTD,31.96,31.96
GARFIBRES,36.57,36.57
SKFINDIA,50.21,50.21
SILINV,22.09,22.09
BIOFILCHEM,152.92,152.92
SANGAMIND,50.18,43.83
CREST,21.49,21.49
TVSSRICHAK,30.9,29.46
GUJAPOLLO,28.16,28.16
JCHAC,3807.94,193.21
KOTHARIPET,16.4,16.32
INDNIPPON,30.28,30.28
CHENNPETRO,5.93,5.93
GAEL,18.53,18.53
TIPSINDLTD,56.02,56.02
ASAL,78.7,78.7
SURANAT&P,39.38,39.38
GENESYS,130.98,130.98
GODREJIND,47.08,47.08
UCOBANK,33.95,33.95
JAIBALAJI,18.02,18.02
UPL,,20.99
VAIBHAVGBL,44.65,42.73
NIITLTD,41.78,41.52
ASTRAMICRO,77.85,77.85
INDOCO,41.05,44.63
GOKEX,52.47,52.47
SHOPERSTOP,214.35,184.49
WANBURY,12.5,23
IZMO,26.83,26.83
TIIL,30.42,29.68
PFC,9.08,9.08
JKTYRE,14.29,13.95
NCLIND,11.46,11.46
PHOENIXLTD,48.47,48.47
ALPHAGEO,284.7,41.84
KMSUGAR,13.66,13.66
TIMETECHNO,24.23,24.23
TARMAT,,132.54
ALPA,11.69,11.73
KPRMILL,36.9,36.9
INDOWIND,50.82,44.41
POWERGRID,20.65,20.65
CERA,48.15,47.9
PILITA,62.13,62.13
AGRITECH,14.86,14.86
CASTROLIND,29.31,29.31
HATSUN,86.37,86.37
SUPERHOUSE,22.45,22.45
GRPLTD,92.88,85.35
HESTERBIO,160.11,160.11
ZENTEC,89.26,90.32
AVANTIFEED,23.56,23.56
UFO,46.5,42.1
ALANKIT,29.38,29.38
SYNGENE,66.05,68.41
MUTHOOTCAP,4.56,108.28
NAVKARCORP,386.27,386.27
INDIGO,22.11,22.11
UMANGDAIRY,221.51,221.51
ALKEM,35.05,33.29
HITECH,52.44,52.44
BODALCHEM,161.06,161.06
ASAHISONG,25.18,198.7
KKVAPOW,138.03,138.03
AURDIS,12.08,12.08
PROLIFE,10.72,10.72
ACCORD,45,45
PASHUPATI,162.56,162.56
CADSYS,11.1,11.33
CMMIPL,17.04,17.04
MILTON,21.1,21.1
PULZ,15.06,15.06
INNOVANA,24.79,24.79
MHHL,9.66,9.66
CONTI,400.92,400.2
SPECTRUM,163.84,163.84
ABINFRA,71.35,72.38
ASCOM,38.35,38.23
PARTYCRUS,21.09,21.09
VMARCIND,20.53,20.53
BEWLTD,35.66,35.66
DUGLOBAL,721.83,721.83
QUADPRO,48.58,48.58
KOTYARK,46.28,46.28
PRECISION,16.75,16.75
NIDAN,,23.63
RICHA,33.84,33.84
MADHAVBAUG,72.63,72.63
GSTL,85.26,85.26
KRISHIVAL,51.96,51.96
KRISHNADEF,110.8,110.8
AMEYA,33.68,33.68
SKP,63.19,63.19
MWL,28.31,28.31
SABAR,14.85,14.85
SWASTIK,148.42,148.42
VIVIANA,120.58,120.58
KORE,200.19,195.83
ISHAN,,194.85
CLOUD,3.86,3.86
MEGAFLEX,44.84,44.84
RITEZONE,15.19,15.19
AMIABLE,10.63,10.63
DOLLEX,9.41,9.41
FROG,33.62,33.62
PRITIKA,63.51,63.51
SRIVASAVI,29.28,29.28
RBMINFRA,40.8,40.8
DUCOL,45.11,45.11
LRRPL,78.48,78.48
DENEERS,19.58,19.58
AGUL,17.13,17.13
MASTER,53.85,53.85
SYSTANGO,23.15,23.15
SPECTSTM,20.8,20.8
INFOLLION,36.3,36.3
INFINIUM,53.8,53.8
AATMAJ,68.89,68.89
SEL,104.75,104.75
GREENCHEF,37.98,37.98
MAGSON,27.3,27.3
MONOPHARMA,27.41,27.41
SSFL,73.35,73.35
SAHAJ,28.73,28.73
GLOBALPET,45.15,45.15
PRAMARA,42.73,42.73
ZEAL,21.87,21.87
UNIHEALTH,17.72,17.72
ONDOOR,47.8,47.36
PLADAINFO,9.68,9.68
KARNIKA,36.44,36.44
SAAKSHI,82.46,82.46
BASILIC,51.35,51.35
CPS,78.06,78.06
NEWJAISA,62.43,62.43
HOLMARC,33.96,33.96
MARCO,34.82,34.82
KONTOR,96.84,96.84
CANARYS,55.93,55.93
DIGIKORE,95.09,95.09
PARAGON,20.97,20.97
BROOKS,159.51,159.51
SKIPPER,45.86,45.86
ORICONENT,32.67,27.46
AYMSYNTEX,342.46,79.71
PKTEA,21.43,21.43
SATIN,5.54,5.54
SHARDAMOTR,23.75,23.75
GUJGASLTD,40.95,42.6
IDFCFIRSTB,19.92,19.92
SHK,21.8,21.8
TTKHLTCARE,35.08,35.08
PILANIINVS,38.45,38.45
NH,32.51,32.51
TEAMLEASE,55.49,57.27
QUICKHEAL,77.8,77.8
NECCLTD,35.86,35.86
GOKULAGRO,20.68,20.68
BHARATWIRE,18.52,18.52
THYROCARE,56.91,56.8
PARAGMILK,24.05,24.05
BLS,45.45,45.45
ASPINWALL,21.62,21.62
SALONA,26.04,26.04
CONTROLPR,24.61,24.64
MAHASTEEL,36.49,44.85
DAMODARIND,46.74,46.74
MOLDTECH,26.12,26.12
POKARNA,25.52,25.52
GPTINFRA,34.46,34.46
MINDTECK,41.62,41.62
ADVENZYMES,34.09,31.75
SPAL,24.45,24.45
RBLBANK,11.04,11.04
CUPID,34.2,34.2
LTTS,42.2,42.2
ICICIPRULI,266.63,266.63
HPL,89.16,89.16
ENDURANCE,53.76,53.76
MAZDA,18.45,18.45
VBL,83.03,83.03
KINGFA,28.19,28.19
NBIFIN,77.26,77.26
TCIEXP,35.16,35.16
LAURUSLABS,164.53,164.53
ITDC,99.9,99.8
SPCENET,157.31,157.31
BHANDARI,18.51,18.51
PRICOLLTD,39.52,39.52
DMART,121.18,121.18
INTENTECH,23.05,23.05
URJA,390.37,390.37
SHANKARA,20.39,20.39
WIPL,40.06,40.06
TDPOWERSYS,54.82,54.82
APLLTD,37.59,37.59
PGEL,61.66,61.66
PANAMAPET,12.54,12.54
PAISALO,34.06,34.13
SHAKTIPUMP,36.72,36.72
INDOTHAI,17.66,17.66
DSSL,30.94,30.94
POLYMED,67.18,67.18
VIKASECO,97.39,97.39
APLAPOLLO,56.29,56.29
MINDACORP,52.36,52.36
DBSTOCKBRO,18.35,18.35
COMPUSOFT,58.31,58.31
NDL,16.69,16.69
HEXATRADEX,44.86,44.86
VSSL,23.43,23.43
SPECIALITY,28.77,28.77
MAYURUNIQ,23.22,23.22
ROSSELLIND,179.01,177.53
ZUARI,6.5,6.5
CARERATING,28.86,28.86
REPCOHOME,8.83,8.83
JUSTDIAL,25.71,25.71
JPOLYINVST,29.02,29.02
SDBL,25.33,25.33
CAPLIPOINT,25.94,25.94
GOCLCORP,45.71,47.78
SHARDACROP,34.65,34.65
CIGNITITEC,28.35,27.76
GOODLUCK,21.67,21.67
FCL,34.93,34.93
GULPOLY,71.07,71.07
LAMBODHARA,44.06,44.06
GENUSPAPER,175.68,175.68
VISHNU,29.98,29.98
MENONBE,10.6,10.6
JMA,10.19,10.19
MANAKSTEEL,13.72,13.81
VIPULLTD,2.03,2.01
TPLPLASTEH,51.04,51.04
PNCINFRA,14.28,14.28
ADANIPORTS,41.03,39.47
COLPAL,65.63,65.63
JYOTHYLAB,51.62,51.62
KALYANIFRG,44.5,44.5
ECLERX,22.95,22.89
TRIL,139.56,139.56
PATINTLOG,30.34,30.34
AMBIKCO,19.37,19.37
BIRLAMONEY,15.8,15.8
JKIL,19.84,19.84
CORDSCABLE,27.71,27.71
HERCULES,55.77,55.77
IRB,43.54,43.54
NMDC,12.71,12.25
NAHARCAP,14.65,14.65
RECLTD,11.59,11.59
NESCO,18.03,18.03
BAJAJ-AUTO,34.87,34.87
GOKUL,239.68,18.81
ALMONDZ,23.56,61.87
RANEENGINE,24.72,20.09
ARCHIDPLY,28.93,28.93
VINYLINDIA,34.24,34.24
20MICRONS,16.29,15.97
JOCIL,108.04,108.04
COUNCODOS,38.81,38.81
MAWANASUG,12.38,12.38
AJMERA,25.67,25.67
GKWLIMITED,148.67,148.67
VINATIORGA,65.64,65.64
NHPC,26.22,26.22
GLOBUSSPR,29.32,29.32
AMRUTANJAN,48.57,48.57
DEN,12.78,12.78
REFEX,33.15,33.12
AHLUCONT,25.28,40.6
JSWENERGY,65.24,65.24
HINDCOPPER,105.16,105.16
WHIRLPOOL,92.92,88.74
JUBLFOOD,102.67,175.18
THANGAMAYL,40.81,40.81
HATHWAY,64.81,64.01
TEXMOPIPES,48.03,15.81
KDDL,32.04,32.11
HCG,120.23,129.24
INFIBEAM,55.35,55.35
CROMPTON,61.51,61.51
SHRIPISTON,19.67,19.67
ALBERTDAVD,9.74,9.74
STEELCITY,12.83,12.83
GLOBAL,12.88,12.88
RADIOCITY,82.58,82.58
TASTYBITE,61.73,61.73
LAXMICOT,,112.42
NRAIL,6.37,6.37
CREATIVE,21.56,21.56
DEVIT,32.06,32.06
MKPL,43.09,43.09
INFOBEAN,40.16,40.16
BHAGYANGR,38.51,38.51
STARCEMENT,29.37,29.37
CDSL,62.15,62.15
ACEINTEG,58.64,58.64
DYNPRO,126.1,126.1
SIS,44.5,44.5
GEEKAYWIRE,13.16,13.16
ABCAPITAL,18.83,18.83
CHOLAHLDNG,7.42,7.42
WORTH,13.34,13.34
DPWIRES,27.58,27.58
AIROLAM,23.82,23.82
GODREJAGRO,53.25,53.25
GICRE,11.28,11.28
IFGLEXPOR,27.29,27.29
SILVERTUC,61.46,61.46
SHALBY,39.45,39.45
ONEPOINT,65.35,65.35
MOKSH,15.01,15.01
SILLYMONKS,179.17,179.17
AAVAS,26.16,26.16
GRSE,77.13,77.13
VINNY,27.96,27.96
MARINE,134.26,134.94
TECHNOE,73.24,73.24
TREJHARA,18.51,151.06
ANUP,32.72,32.72
PAR,20.13,20.13
METROPOLIS,84.5,84.5
NEOGEN,124.1,124.1
EMAMIPAP,9.89,9.89
DGCONTENT,34.7,34.7
OAL,170.52,170.52
AFFLE,71.25,71.25
SPANDANA,10.95,10.95
UJJIVANSFB,6.89,6.89
SAFARI,57.45,57.45
360ONE,47.62,44.39
GREENPANEL,36.5,36.5
APOLLOPIPE,61.73,61.73
ROUTE,27.01,28.05
HOMEFIRST,28.55,28.55
EQUITASBNK,14.49,14.49
HINDWAREAP,88.05,88.05
LIKHITHA,26.97,26.97
PATANJALI,66.23,66.23
ATALREAL,27.47,27.47
UNIVPHOTO,13.44,13.44
POWERINDIA,286.35,286.35
RAJRATAN,40.99,40.99
AARTISURF,30.1,30.1
NDRAUTO,38.47,38.47
AAATECH,46.61,46.61
SIGACHI,38.41,38.41
NIRAJ,20.98,14.17
CAMS,63.59,63.59
UTIAMC,15.7,15.7
ORCHPHARMA,75.08,75.08
INDIGOPNTS,47.96,47.96
INTLCONV,8.67,8.67
STEELCAS,17.28,17.28
EMKAYTOOLS,14.37,14.37
MANINFRA,26.49,26.49
PERSISTENT,63.81,63.81
KIRLOSBROS,56.98,57.78
KSL,21.02,21.02
KIRLOSIND,16.73,15.09
HMVL,217.5,217.5
BLISSGVS,14.34,7.08
AHLEAST,7.26,9.49
UGARSUGAR,45.2,45.2
ADFFOODS,34.92,34.92
WELINV,107.54,107.54
CAREERP,16.82,16.82
CANTABIL,37.94,38.68
OBEROIRLTY,31.06,31.06
COALINDIA,9.21,9.21
GRAVITA,43.93,43.93
RPPINFRA,13.77,13.77
MOIL,27.86,27.86
ZEELEARN,2.06,7.68
RKDL,,364.16
PSB,71.92,71.92
KICL,39.58,52.73
TEXRAIL,111.58,111.58
DHUNINV,14.08,14.08
LOVABLE,67.78,67.78
SYMPHONY,55.49,55.05
VSTTILLERS,30.21,30.21
DHANUKA,33,33
RUSHIL,22.19,22.19
ELGIRUBCO,40.35,114.24
PENINLAND,16.07,22.67
WHEELS,31.25,31.25
PREMIERPOL,24,24
SESHAPAPER,9.97,9.97
FACT,454.9,169.73
EXIDEIND,50.6,50.6
ELECON,40.63,40.63
LAXMIMACH,57.42,57.42
ORIENTPPR,182.25,182.25
NELCO,91.28,91.28
MAHSCOOTER,51.35,53.03
LUMAXIND,51,51
KECL,113.93,113.93
KCP,11.61,11.58
JAYBARMARU,41.55,41.55
INFY,29.08,29.08
IFBIND,64.67,64.67
IGPL,49.04,49.04
GNFC,21.6,21.6
BPCL,8.4,8.14
BASF,47.94,47.94
ARVIND,30.24,30.34
ACC,21.91,24.81
SCI,21.85,21.85
LINDEINDIA,163.27,163.27
HINDPETRO,9.95,9.95
ASHOKLEY,28.53,27.95
TITAN,87.87,87.87
SUNDARMFIN,33.78,32.31
VEDL,23.4,35.06
SBIN,11.43,10.61
NOCIL,41.42,41.42
BATAINDIA,78.16,71.44
CHAMBLFERT,17.36,17.36
HINDOILEXP,15.85,18.37
BALMLAWRIE,24.88,24.88
MOTOGENFIN,121.01,121.01
ADORWELD,30.81,30.81
TATACHEM,74.87,22.73
ATFL,365.98,752.68
SUPREMEIND,67.71,67.71
SRF,63.81,63.81
WEIZMANIND,20.16,20.16
JTEKTINDIA,51,53.83
RANEHOLDIN,26.36,12.33
SHREYANIND,4.7,4.7
HCC,18.84,
APOLLOHOSP,103.73,103.87
BALKRISIND,43.66,43.66
INDBANK,25.79,25.79
EICHERMOT,38.27,38.27
ONGC,7.81,7.63
BERGEPAINT,57.04,57.24
ANIKINDS,648.22,648.22
BSL,21.6,21.6
APCOTEXIND,42.5,42.5
RCF,52.95,63.01
KARURVYSYA,10.89,10.89
DECCANCE,27.06,20.42
TATAPOWER,46.72,50.49
SUNFLAG,32.14,32.14
BHARATRAS,57.5,57.5
UNIVCABLES,81.46,81.46
SOMANYCERA,32,31.92
M&M,33.03,33.03
KABRAEXTRU,52.73,52.73
PRSMJOHNSN,56.92,
POLYPLEX,43.19,43.19
3PLAND,34.75,34.75
HONDAPOWER,43.97,45.85
RUBYMILLS,18.39,18.39
GRAPHITE,12.9,565.93
BBL,43.74,43.74
DCMSHRIRAM,33.67,33.67
CIPLA,28.77,27.8
HEROMOTOCO,28.41,27.54
HARRMALAYA,,1682.03
GIPCL,18.46,18.46
INDIANHUME,34.5,34.5
HINDCOMPOS,25.88,25.88
KAMATHOTEL,13.47,45.28
BANCOINDIA,20.01,20.01
APOLLOTYRE,20.5,19.77
SHANTIGEAR,57.32,57.32
PRECWIRE,39.55,39.55
NILKAMAL,28.93,28.93
ICIL,23.04,23.04
ELGIEQUIP,68.25,68.25
AUROPHARMA,26.37,25.52
EIHOTEL,42.8,42.34
LICHSGFIN,8.87,8.87
GICHSGFIN,9.4,9.4
MOREPENLAB,31.58,31.58
GHCL,6.75,8.86
HIL,63.03,1179.23
EVERESTIND,105.5,155.75
BPL,44.32,44.32
PGHH,73.64,73.64
VESUVIUS,41.38,41.38
BOMDYEING,1.63,
NAVNETEDUL,18.39,20.04
GLAXO,78.41,70
CHOLAFIN,32.66,32.66
INDHOTEL,74.59,74.59
GILLETTE,65.8,65.8
GOLDENTOBC,10.82,12.28
ESABINDIA,60.33,60.33
AARTIIND,65.18,65.18
MFSL,97.76,97.76
HEG,37.32,37.32
TATAINVEST,109.47,109.47
TIMKEN,81.87,81.87
SHREECEM,41.77,41.77
IPCALAB,62.7,68.36
HINDALCO,14.82,14.84
GSFC,17.66,17.66
FINPIPE,23.86,39.6
EIDPARRY,8.86,8.86
CGPOWER,122.89,125.68
BIRLACORPN,28.01,28.43
PVP,10.73,
GREENPLY,39.28,43.18
PEARLPOLY,82.31,82.31
DALMIASUG,12.12,12.12
SWARAJENG,27.28,27.28
MRF,28.99,28.99
TNPETRO,18.26,14.63
EIMCOELECO,38.97,38.97
MARICO,58.1,58.1
KEYFINSERV,9.28,9.28
SUNDRMBRAK,31.53,31.53
AARTIDRUGS,29.9,29.9
INDIANCARD,20.71,
WENDT,79.3,79.3
DYNAMATECH,39.6,75.84
JAGSNPHARM,44.15,44.15
ALKYLAMINE,72.94,72.94
RAMCOIND,29.35,29.35
INDRAMEDCO,19.74,19.74
MADRASFERT,344.02,34.23
SKMEGGPROD,8.4,8.4
BANKINDIA,8.97,8.97
ICICIBANK,18.33,18.33
INDSWFTLAB,3.19,13.72
SAREGAMA,54.07,54.07
ENGINERSIN,40.89,40.89
JAICORPLTD,124.56,124.56
GMDCLTD,21.87,21.87
MAHAPEXLTD,.53,34.41
ASAHIINDIA,51.11,51.11
J&KBANK,6.49,6.49
CUB,12.12,12.12
SOUTHBANK,6.03,6.03
ASTRAZEN,108.92,117.39
AXISBANK,13.46,13.46
CYIENT,28.6,26.98
KOKUYOCMLN,41.77,41.77
GOACARBON,8.69,8.69
SANGHVIMOV,27.05,27.05
NATIONALUM,17.32,20.49
JINDALSTEL,18.04,18.04
NIPPOBATRY,30.48,30.48
HCLTECH,27.12,27.12
ACCELYA,28.82,28.9
IOB,44.86,44.86
BIL,47.13,47.13
KTKBANK,6.71,6.71
AJANTPHARM,39.42,39.42
CALSOFT,42.19,42.19
TVSMOTOR,66,66
PNC,41.91,41.91
NLCINDIA,21.38,21.38
REPRO,80.16,80.16
HAVELLS,83.36,83.36
BALAJITELE,38.51,38.51
KHANDSE,277.18,277.18
MARKSANS,30.36,30.36
GODREJCP,,78.61
LUPIN,45.04,45.04
BHARTIARTL,145.19,92.77
PONNIERODE,11.65,11.65
APTECHT,47.56,40.87
OFSS,41.02,41.02
CANBK,6.36,6.36
OMAXAUTO,20.34,
DIVISLAB,81.68,81.68
MARUTI,31.25,31.25
BAGFILMS,22.05,22.05
TVSELECT,2632.46,2632.46
IGL,23.92,23.92
UNIENTER,30.68,30.68
PETRONET,14.24,14.35
PTC,12.49,12.22
MAHABANK,10.61,10.61
RKFORGE,45.11,45.05
EXCELINDUS,93.06,93.06
CENTEXT,30.19,30.66
ULTRACEMCO,49.11,48.92
TEXINFRA,460.13,460.13
INDSWFTLTD,10.3,10.3
NTPC,19.93,19.93
DWARKESH,41.54,41.54
SUPRAJIT,43.09,43.09
XCHANGING,111.79,111.79
CONSOFINVT,14.85,14.85
EVEREADY,73.64,73.64
IIFL,9.5,9.5
SSWL,5.56,16.31
SURYALAXMI,48.26,28.31
PRIMESECU,34.35,38.75
JSWHL,65.62,65.62
YESBANK,57.12,57.12
NECLIFE,142.51,142.51
IMPAL,22.03,22.03
SUZLON,109.7,102.36
TRIVENI,23.43,23.43
NAHARINDUS,77.94,64.48
EKC,19.44,19.06
CELEBRITY,53.69,54.91
ROHLTD,20.74,20.74
ENIL,31.96,33.01
JAGRAN,13.38,13.38
KEC,60.68,60.68
M&MFIN,18.58,18.58
BLKASHYAP,45.68,45.68
KEI,64.08,64.07
SOLARINDS,111.7,111.7
GALLANTT,33.36,33.36
KKCL,27.18,27.18
SUNTV,18.54,18.54
GPIL,16.55,16.79
EMKAY,15.3,15.3
BALPHARMA,25.73,25.73
SWELECTES,30.11,63.59
RATNAMANI,40.62,40.62
JKLAKSHMI,21.38,21.66
ALLCARGO,43.49,57.21
EMAMILTD,48.99,48.66
VOLTAMP,58.13,58.13
SELAN,35.48,35.48
ANANTRAJ,62.06,62.06
HOVS,32.59,32.59
TALBROAUTO,25.65,37.1
GEECEE,21.55,21.55
JMFINANCIL,363.85,9.99
FIEMIND,21.53,21.53
NAUKRI,125.32,116.79
TORNTPOWER,38.01,38.01
RUCHIRA,8.26,8.26
JINDRILL,17.07,17.07
NFL,111.98,111.98
TANLA,24.1,24.1
AVTNPL,25.27,25.27
TIDEWATER,35.59,35.59
PTL,25.89,25.89
AUTOIND,35.56,35.66
PGIL,27.41,27.32
FSL,36.37,36.37
TFL,176.68,176.68
INDIANB,9.3,9.3
LAOPALA,27.98,27.98
BALAMINES,34.87,34.87
BANSWRAS,17.14,17.14
AROGRANITE,59.5,59.5
FORTIS,59.6,60.78
SRHHYPOLTD,13.7,12.43
NAVINFLUOR,72.41,88.11
NAGREEKEXP,20.58,20.58
V2RETAIL,85.33,85.33
DLF,129.64,129.64
ADSL,25.33,25.33
MOTILALOFS,14.01,14.01
MAGNUM,16.12,22.27
CENTUM,,380.87
MAANALU,22.62,22.62
RELIGARE,24,50.44
SJVN,64.31,69.17
IMFA,10.61,10.61
GPPL,33.44,30.55
SASTASUNDR,8.71,8.78
WABAG,33.32,32.39
PRESTIGE,45.01,45.01
IOLCP,18.9,18.9
JAMNAAUTO,28.37,28.37
STEL,61.43,61.43
HINDMOTORS,30.12,30.12
PFS,21.81,21.81
RELAXO,114.71,114.71
KARMAENG,847.59,847.59
INVENTURE,17.23,14.98
DRREDDY,20.3,20.3
MAHSEAMLES,9.84,9.81
VINDHYATEL,32.79,32.79
BEML,67.47,67.47
VTL,22.76,22.76
VIPIND,121.7,192.76
HONAUT,96.02,96.02
SUNPHARMA,42.76,40.98
NEULANDLAB,37.45,37.45
BANARISUG,26.42,26.42
BLUEDART,66.17,66.17
MUNJALSHOW,23.78,22.36
RANASUG,14.06,14.06
UFLEX,,15.11
SUBROS,46.84,46.84
WIPRO,24.18,24.18
MURUDCERA,60.56,60.56
LIBERTSHOE,79.19,60.26
MANGLMCEM,44.6,44.6
SAKHTISUG,3.91,
SCHAND,15.85,15.85
PSPPROJECT,21.9,21.9
ERIS,38.82,38.82
AUBANK,29.09,28.03
STEELXIND,87.49,87.49
MAGADSUGAR,9.59,9.59
OPTIEMUS,77.45,77.45
APEX,58.89,58.89
MATRIMONY,29.83,29.83
ICICIGI,59.07,59.07
DIAMONDYD,40,39.42
MASFIN,19.42,19.42
TIINDIA,67.56,67.57
KHADIM,126.51,126.51
DNAMEDIA,.53,
APOLLO,117.49,117.49
GALAXYSURF,34.9,34.9
GMMPFAUDLR,35.29,35.29
BDL,87.35,87.35
SUNDARMHLD,31.57,31.57
HAL,43.35,43.35
SANDHAR,35.34,36.22
LEMONTREE,65.9,65.9
ORIENTELEC,82.46,102.53
INDOSTAR,31.68,31.68
FINEORG,39.67,39.63
VARROC,19.19,19.19
HDFCAMC,42.47,42.47
SIGIND,15.71,15.71
CHALET,73.54,73.54
PAKKA,26.07,26.07
JINDALSAW,11.78,11.78
SALASAR,58.48,58.48
THEINVEST,64.77,64.77
SMSLIFE,45.4,45.4
IEX,47.78,47.78
5PAISA,25.57,25.57
AMBER,83.32,83.32
DALBHARAT,40.59,36.29
