SYMBOL,SERIES,SECURITY,HIGH/LOW,INDEX FLAG
762KL44,SG,SDL KL 7.62% 2044,H
A2ZINFRA,BE,A2Z INFRA ENGINEERING LTD,H
AAKASH,EQ,AAKASH EXPLORATION SER L,H
AATMAJ,SM,AATMAJ HEALTHCARE LIMITED,H
ABCOTS,SM,A B COTSPIN INDIA LIMITED,H
ABSMARINE,ST,ABS MARINE SERVICES LTD,H
AIRAN,EQ,AIRAN LIMITED,H
ANKITMETAL,BE,ANKIT MET & POW LTD,H
ASHOKAMET,EQ,ASHOKA METCAST LIMITED,H
ASIANHOTNR,BE,ASIAN HOTELS (NORTH) LTD,H
ATLANTAA,BE,ATLANTAA LIMITED,H
AURIONPRO,EQ,AURIONPRO SOLN LTD,H
BAHETI,SM,BAHETI RECYCLING IND LTD,H
BALPHARMA,EQ,BAL PHARMA LTD.,H
BCG,BZ,BRIGHTCOM GROUP LIMITED,H
BLBLIMITED,BE,BLB LIMITED,H
BVCL,EQ,BARAK VALLEY CEM. LTD.,H
CMMIPL,ST,CMM INFRAPROJECTS LIMITED,H
CMRSL,SM,CYBER MEDIA RES & SER LTD,H
CONTI,SM,CONTINENTAL SEED CHEM LTD,H
CREATIVEYE,BE,CREATIVE EYE LIMITED,H
DCI,BE,DC INFOTECH AND COMUN LTD,H
DHTL,SM,DOCMODE HEALTH TECH LTD,H
DNAMEDIA,EQ,DILIGENT MEDIA CORP LTD.,H
DPSCLTD,EQ,DPSC LIMITED,H
DREDGECORP,EQ,DREDGING CORP OF INDIA,H
E2E,BE,E2E NETWORKS LIMITED,H
EMKAY,EQ,EMKAY GLOBAL FIN SERV LTD,H
EMKAYTOOLS,SM,EMKAY TAP & CUT. TOOL LTD,H
ESSARSHPNG,EQ,ESSAR SHIPPING LTD,H
EXCEL,EQ,EXCEL REALTY N INFRA LTD,H
FEL,BZ,FUTURE ENTERPRISES LTD,H
FELDVR,BE,FUTURE ENTERPRISES LTD,H
FMNL,EQ,FUTURE MKT NETWORKS LTD,H
FSC,BZ,FUTURE SUPP CHAIN SOL LTD,H
GAYAHWS,BE,GAYATRI HIGHWAYS LIMITED,H
GENSOL,EQ,GENSOL ENGINEERING LTD,H
GODHA,EQ,GODHA CABCON INSULAT LTD,H
GOENKA,BZ,GOENKA DIAMOND&JEWELS LTD,H
GRCL,SM,GAYATRI RUBB AND CHEM LTD,H
GREENPOWER,EQ,ORIENT GREEN POWER CO LTD,H
GTLINFRA,EQ,GTL INFRA.LTD,H
GVPTECH,EQ,GVP INFOTECH LIMITED,H
HOMESFY,ST,HOMESFY REALTY LIMITED,H
HYBRIDFIN,EQ,HYBRID FINANCIAL SERVICE,H
ICEMAKE,EQ,ICE MAKE REFRIGERAT LTD,H
IL&FSTRANS,BZ,IL&FS TRANS NET LTD,H
IMPEXFERRO,BE,IMPEX FERRO TECH LIMITED,H
INCREDIBLE,EQ,INCREDIBLE INDUSTRIES LTD,H
INDOTECH,BE,INDO TECH TRANSFORM LTD.,H
INDOWIND,EQ,INDOWIND ENERGY LTD,H
IRIS,BE,IRIS BUSINESS SERV LTD,H
JHS,BE,JHS SVEND. LAB. LTD,H
JITFINFRA,BE,JITF INFRALOGISTICS LTD,H
JUBLINDS,EQ,JUBILANT INDUSTRIES LTD,H
JYOTICNC,EQ,JYOTI CNC AUTOMATION LTD,H
JYOTISTRUC,BE,JYOTI STRUCTURES,H
KAUSHALYA,EQ,KAUSHALYA INFRA DEV LTD.,H
KAVVERITEL,EQ,KAVVERI TEL. LTD.,H
KBCGLOBAL,EQ,KBC GLOBAL LIMITED,H
KILITCH,EQ,KILITCH DRUGS INDIA LTD,H
KODYTECH,SM,KODY TECHNOLAB LIMITED,H
KONSTELEC,SM,KONSTELEC ENGINEERS LTD,H
KRISHNADEF,SM,KRISHNA DEF AND ALD IND L,H
KRITIKA,BE,KRITIKA WIRES LIMITED,H
KSHITIJPOL,EQ,KSHITIJ POLYLINE LIMITED,H
LAL,EQ,LORENZINI APPARELS LTD,H
LGHL,BE,LAXMI GOLDORNA HOUSE LTD,H
MANAKALUCO,EQ,MANAK ALUMINIUM CO. LTD.,H
MBECL,EQ,MCNALLY BH. ENG. CO.LTD,H
MEGAFLEX,SM,MEGA FLEX PLASTICS LTD,H
MITTAL,BE,MITTAL LIFE STYLE LIMITED,H
NETWEB,EQ,NETWEB TECH INDIA LTD,H
NIRAJ,EQ,NIRAJ CEMENT STRUC LTD,H
NOIDATOLL,EQ,NOIDA TOLL BRIDGE CO LTD,H
NORBTEAEXP,EQ,NORBEN TEA & EXPORTS LTD,H
ORIANA,SM,ORIANA POWER LIMITED,H
PANACHE,EQ,PANACHE DIGILIFE LIMITED,H
PASHUPATI,SM,PASHUPATI COTSPIN LIMITED,H
PAYTM,EQ,ONE 97 COMMUNICATIONS LTD,H
PIONEEREMB,EQ,PIONEER EMBROIDERIES LTD,H
PRLIND,ST,PREMIER ROADLINES LIMITED,H
PURVA,BE,PURAVANKARA LIMITED,H
QUADPRO,SM,QUADPRO ITES LIMITED,H
RAMKY,EQ,RAMKY INFRA LTD,H
REFRACTORY,SM,REFRACTORY SHAPES LIMITED,H
RTNPOWER,BE,RATTANINDIA POWER LIMITED,H
SABAR,SM,SABAR FLEX INDIA LIMITED,H
SAGARDEEP,EQ,SAGARDEEP ALLOYS LIMITED,H
SAHANA,SM,SAHANA SYSTEM LIMITED,H
SALASAR,EQ,SALASAR TECHNO ENGG. LTD.,H
SAMPANN,EQ,SAMPANN UTPADAN INDIA LTD,H
SECMARK,BE,SECMARK CONSULTANCY LTD,H
SEL,SM,SUNGARNER ENERGIES LTD,H
SHIVATEX,EQ,SHIVA TEXYARN LIMITED,H
SHRENIK,EQ,SHRENIK LIMITED,H
SILKFLEX,ST,SILKFLEX POLYMERS INDIA L,H
SKYGOLD,BE,SKY GOLD LIMITED,H
SOLEX,SM,SOLEX ENERGY LIMITED,H
SUMIT,BE,SUMIT WOODS LIMITED,H
SUPERSPIN,BE,SUPER SPINNING MILLS LTD,H
SUPREMEENG,BE,SUPREME ENGINEERING LTD,H
SUZLON,BE,SUZLON ENERGY LIMITED,H
SVPGLOB,EQ,SVP GLOBAL TEXTILES LTD,H
TARMAT,BE,TARMAT LIMITED,H
TCLCONS,EQ,TANTIA CONSTRUCTIONS LTD,H
TECHLABS,SM,TRIDENT TECHLABS LIMITED,H
TECILCHEM,BE,TECIL CHEMICALS,H
TGL,SM,TEERTH GOPICON LIMITED,H
TIMESCAN,SM,TIMESCAN LOGISTICS IND L,H
TIMESGTY,BE,TIMES GUARANTY LIMITED,H
TIPSFILMS,EQ,TIPS FILMS LIMITED,H
TIRUPATI,SM,SHREE TIRUPATI BALAJEE,H
UMESLTD,EQ,USHA MARTIN EDU & SOL LTD,H
VIVIANA,SM,VIVIANA POWER TECH LTD,H
VSCL,ST,VADIVARHE SPCLTY CHEM LTD,H
WANBURY,EQ,WANBURY LIMITED,H
WEL,BE,WONDER ELECTRICALS LTD,H
WINSOME,BE,WINSOME YARNS LIMITED,H
YAARI,BE,YAARI DIGI INT SER LTD,H
ZEELEARN,BE,ZEE LEARN LIMITED,H
ZENITHSTL,EQ,ZENITH STEEL PIP IND LTD,H
63MOONS,EQ,63 MOONS TECHNOLOGIES LTD,L
AAATECH,BE,AAA TECHNOLOGIES LIMITED,L
AGUL,SM,A G UNIVERSAL LIMITED,L
AKI,EQ,AKI INDIA LIMITED,L
AKSHAR,BE,AKSHAR SPINTEX LIMITED,L
AMBANIORG,SM,AMBANI ORGANICS LIMITED,L
ANTGRAPHIC,EQ,ANTARCTICA LTD,L
APS,SM,AUSTRALIAN PREM SOLAR I L,L
ARHAM,ST,ARHAM TECHNOLOGIES LTD,L
ARSHIYA,BE,ARSHIYA LIMITED,L
ASMS,EQ,BARTRONICS INDIA LIMITED,L
ATMASTCO,SM,ATMASTCO LIMITED,L
AUSOMENT,BE,AUSOM ENTERPRISE LIMITED,L
BCONCEPTS,EQ,BRAND CONCEPTS LIMITED,L
BINANIIND,EQ,BINANI INDUSTRIES LTD,L
BMETRICS,SM,BOMBAY METRICS S C LTD,L
BROOKS,BE,BROOKS LAB LIMITED,L
BURNPUR,EQ,BURNPUR CEMENT LTD.,L
CADSYS,ST,CADSYS (INDIA) LIMITED,L
CANARYS,SM,CANARYS AUTOMATIONS LTD,L
CGRAPHICS,SM,CREATIVE GRAPHICS S IND L,L
CLOUD,SM,VARANIUM CLOUD LIMITED,L
CMMIPL,ST,CMM INFRAPROJECTS LIMITED,L
DBSTOCKBRO,EQ,DB (INT) STOCK BROKERS,L
DCMFINSERV,BE,DCM FINANCIAL SERVICES LT,L
DESTINY,ST,DESTINY LOGISTICS & I LTD,L
DOLPHIN,BE,DOLPHIN OFF ENT (IND) L,L
DYNAMIC,SM,DYNAMIC SRVCS & SEC LTD,L
ELGIRUBCO,BE,ELGI RUBBER CO. LTD,L
EMMIL,ST,ENERGY MISSION MACH IND L,L
EQUIPPP,BE,EQUIPPP SOC IMP TECH LTD,L
ESCONET,SM,ESCONET TECHNOLOGIES LTD,L
EUROTEXIND,BE,EUROTEX IND & EXPORTS LTD,L
FELIX,SM,FELIX INDUSTRIES LTD.,L
FSC,BZ,FUTURE SUPP CHAIN SOL LTD,L
GANGAFORGE,BE,GANGA FORGING LIMITED,L
GAYAHWS,BE,GAYATRI HIGHWAYS LIMITED,L
GICL,SM,GLOBE INTL CARRIERS LTD,L
GIRIRAJ,ST,GIRIRAJ CIVIL DEVP LTD,L
GTLINFRA,EQ,GTL INFRA.LTD,L
GUJRAFFIA,EQ,GUJARAT RAFFIA INDUST LTD,L
GVKPIL,EQ,GVK POW. & INFRA LTD.,L
HAVISHA,EQ,SRI HAVISHA HOSP & INFR L,L
HDIL,BZ,HOUSING DEV & INFRA LTD,L
HIRECT,EQ,HIND RECTIFIER LIMITED,L
HOACFOODS,ST,HOAC FOODS INDIA LIMITED,L
HYBRIDFIN,EQ,HYBRID FINANCIAL SERVICE,L
IEML,ST,INDIAN EMULSIFIERS LTD,L
INOXWIND,EQ,INOX WIND LIMITED,L
ISHAN,SM,ISHAN INTERNATIONAL LTD,L
IWEL,BE,INOX WIND ENERGY LIMITED,L
KAMATHOTEL,EQ,KAMAT HOTELS (I) LTD,L
KARMAENG,BE,KARMA ENERGY LIMITED,L
KBCGLOBAL,EQ,KBC GLOBAL LIMITED,L
KCEIL,SM,KAY CEE ENERGY & INFRA L,L
KEEPLEARN,BE,DSJ KEEP LEARNING LTD,L
KEEPLN-RE,BE,DSJ KEEP LEARNING LTD,L
KERNEX,EQ,KERNEX MICROSYS(I) LTD,L
LLOYDS,SM,LLOYDS LUXURIES LIMITED,L
LRRPL,SM,LEAD REC AND RUB PROD LTD,L
MACPOWER,BE,MACPOWER CNC MACHINES LTD,L
MAITREYA,SM,MAITREYA MEDICARE LIMITED,L
MAKS,SM,MAKS ENERGY SOL INDIA LTD,L
MANDEEP,ST,MANDEEP AUTO INDUSTRIES L,L
MANINDS,EQ,MAN INDUSTRIES (I) LTD.,L
MBECL,EQ,MCNALLY BH. ENG. CO.LTD,L
MCON,SM,MCON RASAYAN INDIA LTD,L
MDL,SM,MARVEL DECOR LIMITED,L
MITTAL,BE,MITTAL LIFE STYLE LIMITED,L
OSIAHYPER,BE,OSIA HYPER RETAIL LIMITED,L
OWAIS,SM,OWAIS METAL & MINERAL,L
PERFECT,SM,PERFECT INFRAENGINEER LTD,L
PRATHAM,SM,PRATHAM EPC PROJECTS LTD,L
PRITIKA,SM,PRITIKA ENG COMPO LTD,L
QUESTLAB,ST,QUEST LABORATORIES LTD,L
RADAAN,BE,RADAAN MEDIAWORKS (I) LTD,L
RAJRILTD,BE,RAJ RAYON INDUSTRIES LTD,L
RAMCOSYS,BE,RAMCO SYSTEMS LTD,L
RBMINFRA,SM,RBM INFRACON LIMITED,L
RCOM,BE,RELIANCE COMMUNICATIONS L,L
RULKA,ST,RULKA ELECTRICALS LIMITED,L
S&SPOWER,BE,S&S POWER SWITCHGEARS,L
SAAKSHI,SM,SAAKSHI MEDTEC N PANELS L,L
SADBHIN,EQ,SADBHAV INFRA PROJ LTD.,L
SANGINITA,BE,SANGINITA CHEMICALS LTD,L
SCHNEIDER,EQ,SCHNEIDER ELECTRIC INFRA,L
SEAMECLTD,EQ,SEAMEC LIMITED,L
SECL,SM,SALASAR EXTERIOR CONT LTD,L
SEMAC,BE,SEMAC CONSULTANTS LIMITED,L
SEYAIND,BE,SEYA INDUSTRIES LIMITED,L
SIDDHIKA,SM,SIDDHIKA COATINGS LIMITED,L
SMARTLINK,BE,SMARTLINK HOLDINGS LTD,L
SOLEX,SM,SOLEX ENERGY LIMITED,L
SRPL,BE,SHREE RAM PROTEINS LTD.,L
SSFL,SM,SRIVARI SPICES N FOODS L,L
SUPREMEENG,BE,SUPREME ENGINEERING LTD,L
TAC,SM,TAC INFOSEC LIMITED,L
TECHLABS,SM,TRIDENT TECHLABS LIMITED,L
TECILCHEM,BE,TECIL CHEMICALS,L
TPHQ,BE,TEAMO PRODUCTIONS HQ LTD,L
TRUST,SM,TRUST FINTECH LIMITED,L
UMESLTD,EQ,USHA MARTIN EDU & SOL LTD,L
UNITECH,BZ,UNITECH LIMITED,L
UNIVASTU,BE,UNIVASTU INDIA LIMITED,L
URBAN,SM,URBAN ENVIRO WASTE MGMT L,L
UWCSL,SM,ULTRA WIRING CONN SYS LTD,L
VARDMNPOLY,EQ,VARDHMAN POLYTEX LTD.,L
VEEKAYEM,SM,VEEKAYEM FASH & APP LTD,L
VIVIANA,SM,VIVIANA POWER TECH LTD,L
WALCHANNAG,EQ,WALCHANDNAGAR INDUSTRIES,L
WINSOME,BE,WINSOME YARNS LIMITED,L
WOMANCART,SM,WOMANCART LIMITED,L
XELPMOC,BE,XELPMOC DESIGN & TECH LTD,L
