GAIN_LOSS,SECURITY,CLOSE_PRIC,PREV_CL_PR,PERCENT_CG
 ,Nifty 50 Sec., , , 
 , , , , 
G,HINDALCO  INDUSTRIES  LTD,       705.30,       681.30,3.52
G,POWER GRID CORP. LTD.,       317.70,       312.80,1.57
G,DIVI S LABORATORIES LTD,      4448.00,      4392.10,1.27
G,NESTLE INDIA LIMITED,      2476.20,      2451.70,1
G,SUN PHARMACEUTICAL IND L,      1478.95,      1464.90,.96
G,CIPLA LTD,      1493.55,      1479.45,.95
G,BAJAJ AUTO LIMITED,      9070.20,      8989.75,.89
G,ADANI PORT & SEZ LTD,      1410.00,      1400.50,.68
G,DR. REDDY S LABORATORIES,      6000.75,      5965.30,.59
G,ADANI ENTERPRISES LIMITED,      3258.80,      3244.05,.45
G,ITC LTD,       430.95,       429.00,.45
G,BHARTI AIRTEL LIMITED,      1377.10,      1371.05,.44
G,INDUSIND BANK LIMITED,      1460.25,      1459.35,.06
 , , , , 
L,HDFC LIFE INS CO LTD,       561.85,       578.45,-2.87
L,SBI LIFE INSURANCE CO LTD,      1412.80,      1450.75,-2.62
L,ICICI BANK LTD.,      1102.00,      1126.95,-2.21
L,TATA CONSUMER PRODUCT LTD,      1071.30,      1095.55,-2.21
L,TECH MAHINDRA LIMITED,      1286.45,      1315.10,-2.18
L,BHARAT PETROLEUM CORP  LT,       633.55,       646.50,-2
L,AXIS BANK LIMITED,      1159.75,      1183.40,-2
L,BAJAJ FINSERV LTD.,      1569.90,      1599.65,-1.86
L,GRASIM INDUSTRIES LTD,      2400.60,      2440.35,-1.63
L,ULTRATECH CEMENT LIMITED,     10023.40,     10178.90,-1.53
L,HDFC BANK LTD,      1508.30,      1530.50,-1.45
L,WIPRO LTD,       450.80,       456.05,-1.15
L,INFOSYS LIMITED,      1450.95,      1467.05,-1.1
L,RELIANCE INDUSTRIES LTD,      2881.55,      2912.40,-1.06
L,STATE BANK OF INDIA,       822.65,       831.15,-1.02
L,BAJAJ FINANCE LIMITED,      6806.70,      6873.05,-0.97
L,TATA CONSULTANCY SERV LT,      3803.65,      3839.90,-0.94
L,HINDUSTAN UNILEVER LTD.,      2373.40,      2395.95,-0.94
L,KOTAK MAHINDRA BANK LTD,      1687.85,      1703.65,-0.93
L,OIL AND NATURAL GAS CORP.,       271.85,       274.30,-0.89
L,TITAN COMPANY LIMITED,      3380.40,      3409.40,-0.85
L,SHRIRAM FINANCE LIMITED,      2374.65,      2393.70,-0.8
L,HERO MOTOCORP LIMITED,      5143.75,      5183.95,-0.78
L,MAHINDRA & MAHINDRA LTD,      2533.65,      2552.80,-0.75
L,LARSEN & TOUBRO LTD.,      3634.80,      3658.20,-0.64
L,JSW STEEL LIMITED,       901.90,       907.35,-0.6
L,EICHER MOTORS LTD,      4745.40,      4770.95,-0.54
L,TATA MOTORS LIMITED,       943.60,       947.55,-0.42
L,BRITANNIA INDUSTRIES LTD,      5229.80,      5250.55,-0.4
L,HCL TECHNOLOGIES LTD,      1353.10,      1358.40,-0.39
 , , , , 
 ,Nifty Next 50 Sec., , , 
 , , , , 
G,SAMVRDHNA MTHRSN INTL LTD,       147.70,       142.00,4.01
G,TORRENT PHARMACEUTICALS L,      2714.20,      2666.70,1.78
G,TRENT LTD,      4672.05,      4615.90,1.22
G,BHARAT ELECTRONICS LTD,       292.15,       289.10,1.05
G,ZOMATO LIMITED,       183.35,       181.60,0.96
G,HINDUSTAN AERONAUTICS LTD,      5051.75,      5019.75,0.64
G,CANARA BANK,       116.55,       115.95,0.52
G,HAVELLS INDIA LIMITED,      1893.55,      1885.75,0.41
G,BOSCH LIMITED,     31127.05,     31065.95,0.2
G,GAIL (INDIA) LTD,       200.70,       200.50,0.1
G,TVS MOTOR COMPANY  LTD,      2253.85,      2251.65,0.1
G,AMBUJA CEMENTS LTD,       630.10,       629.65,0.07
G,AVENUE SUPERMARTS LIMITED,      4476.85,      4474.45,0.05
G,ADANI POWER LTD,       679.25,       678.90,0.05
G,INDIAN RAILWAY FIN CORP L,       180.30,       180.25,0.03
 , , , , 
L,ICICI PRU LIFE INS CO LTD,       556.20,       582.55,-4.52
L,INTERGLOBE AVIATION LTD,      4027.55,      4197.05,-4.04
L,INDIAN RAIL TOUR CORP LTD,      1042.90,      1083.10,-3.71
L,VARUN BEVERAGES LIMITED,      1430.30,      1470.05,-2.7
L,DABUR INDIA LTD,       555.45,       570.80,-2.69
L,INFO EDGE (I) LTD,      5921.20,      6081.65,-2.64
L,GODREJ CONSUMER PRODUCTS,      1299.60,      1331.00,-2.36
L,ICICI LOMBARD GIC LIMITED,      1596.85,      1635.15,-2.34
L,JIO FIN SERVICES LTD,       349.20,       356.85,-2.14
L,REC LIMITED,       568.75,       580.20,-1.97
L,SRF LTD,      2239.00,      2280.00,-1.8
L,LIFE INSURA CORP OF INDIA,       998.30,      1016.00,-1.74
L,SIEMENS LTD,      7016.80,      7137.30,-1.69
L,CHOLAMANDALAM IN & FIN CO,      1240.40,      1259.70,-1.53
L,POWER FIN CORP LTD.,       510.10,       517.15,-1.36
L,JINDAL STEEL & POWER LTD,      1038.55,      1052.60,-1.33
L,SHREE CEMENT LIMITED,     25325.55,     25634.65,-1.21
L,INDIAN OIL CORP LTD,       165.05,       167.05,-1.2
L,SBI CARDS & PAY SER LTD,       697.30,       705.45,-1.16
L,TATA POWER CO LTD,       432.85,       436.90,-0.93
L,UNITED SPIRITS LIMITED,      1180.15,      1190.15,-0.84
L,ZYDUS LIFESCIENCES LTD,      1044.75,      1052.95,-0.78
L,BAJAJ HOLDINGS & INVS LTD,      7793.90,      7852.60,-0.75
L,ADANI GREEN ENERGY LTD,      1879.60,      1893.65,-0.74
L,BERGER PAINTS (I) LTD,       492.65,       496.05,-0.69
L,COLGATE PALMOLIVE LTD.,      2689.60,      2702.80,-0.49
L,MARICO LIMITED,       605.45,       608.10,-0.44
L,ABB INDIA LIMITED,      8198.35,      8233.65,-0.43
L,PIDILITE INDUSTRIES LTD,      3037.00,      3047.85,-0.36
L,BANK OF BARODA,       263.40,       264.30,-0.34
 , , , , 
 ,OTHER SECURITIES, , , 
 , , , , 
G,EMKAY TAP & CUT. TOOL LTD,       831.60,       693.00,20
G,ICE MAKE REFRIGERAT LTD,       645.95,       538.30,20
G,KRISHNA DEF AND ALD IND L,       703.70,       586.45,19.99
G,BAL PHARMA LTD.,       120.40,       100.35,19.98
G,SEC RED NCD 10.6% SR. VII,      1204.00,      1015.00,18.62
G,CAMPUS ACTIVEWEAR LIMITED,       296.10,       250.30,18.3
G,ARROW GREENTECH LIMITED,       594.65,       516.65,15.1
G,GARWARE HI-TECH FILMS LTD,      1766.65,      1583.45,11.57
G,TITAGARH RAIL SYSTEMS LTD,      1399.30,      1255.55,11.45
G,MAZAGON DOCK SHIPBUIL LTD,      3357.35,      3036.85,10.55
G,ORIENTAL TRIMEX LTD,        10.55,         9.55,10.47
G,REFRACTORY SHAPES LIMITED,       140.70,       127.95,9.96
G,AURANGABAD DISTILLERY LTD,       282.00,       256.45,9.96
G,MANAK ALUMINIUM CO. LTD.,        26.65,        24.25,9.9
G,EMKAY GLOBAL FIN SERV LTD,       159.70,       145.35,9.87
G,CENTURY ENKA LTD,       656.60,       597.90,9.82
G,ASHOKA METCAST LIMITED,        20.15,        18.35,9.81
G,DOLAT ALGOTECH LIMITED,       143.10,       130.35,9.78
G,PANACHE DIGILIFE LIMITED,        86.55,        79.20,9.28
G,HRH NEXT SERVICES LIMITED,        37.40,        34.25,9.2
G,PRECISION METALIKS LTD,        46.90,        43.00,9.07
G,SARLA PERF. FIBERS LTD,        88.70,        81.35,9.04
G,SUMITOMO CHEM INDIA LTD,       489.55,       449.00,9.03
G,GRINDWELL NORTON LIMITED,      2590.55,      2391.45,8.33
G,EID PARRY INDIA LTD,       686.85,       634.30,8.28
G,RAMKY INFRA LTD,       528.45,       488.20,8.24
G,WILLIAMSON MAGOR,        37.90,        35.05,8.13
G,ARISTO BIO T AND LIFESC L,        81.00,        75.00,8
G,PARAS DEF AND SPCE TECH L,       945.60,       876.90,7.83
G,NAKODA GROUP OF IND. LTD,        52.60,        48.85,7.68
 , , , , 
L,HOLMARC OPTO MECHATRO L,        99.10,       117.00,-15.3
L,SEC RE NCD 8.05% SR III,       921.01,      1060.00,-13.11
L,SAAKSHI MEDTEC N PANELS L,       220.95,       248.95,-11.25
L,MTAR TECHNOLOGIES LIMITED,      1837.90,      2062.50,-10.89
L,IFB INDUSTRIES LTD,      1265.45,      1411.90,-10.37
L,COOL CAPS INDUSTRIES LTD,       376.80,       420.00,-10.29
L,TRUST FINTECH LIMITED,       218.70,       241.80,-9.55
L,MONTE CARLO FASHIONS LTD.,       616.15,       681.20,-9.55
L,OMFURN INDIA LIMITED,        61.00,        67.10,-9.09
L,HATSUN AGRO PRODUCT LTD.,      1023.50,      1119.75,-8.6
L,CANARYS AUTOMATIONS LTD,        47.50,        51.85,-8.39
L,AVP INFRACON LIMITED,        93.70,       101.95,-8.09
L,YUDIZ SOLUTIONS LIMITED,        67.15,        73.05,-8.08
L,ALPA LABORATORIES LTD,        82.60,        89.20,-7.4
L,CHAMAN LAL SETIA EXP LTD,       207.40,       223.90,-7.37
L,HINDWARE HME INOVATON LTD,       396.80,       427.10,-7.09
L,MASTER COMPONENTS LIMITED,       196.10,       211.00,-7.06
L,SYSTANGO TECHNOLOGIES LTD,       235.80,       252.55,-6.63
L,RADIOWALLA NETWORK LTD,       113.00,       121.00,-6.61
L,PNB HOUSING FIN LTD.,       735.75,       787.80,-6.61
L,DCG CABLES & WIRES LTD,        85.60,        91.55,-6.5
L,TGB BANQUETS&HOTELS LTD,        14.30,        15.25,-6.23
L,INSECTICIDES (I) LTD,       533.95,       568.85,-6.14
L,MARINETRANS INDIA LIMITED,        29.10,        31.00,-6.13
L,VLS FINANCE LTD,       268.80,       286.15,-6.06
L,SEC RE NCD 9.55% SR.VII,       900.30,       955.00,-5.73
L,PONDY OXIDES & CHEM LTD,       666.65,       707.10,-5.72
L,MOTILALAMC - MOQUALITY,       192.94,       204.40,-5.61
L,WINSOL ENGINEERS LIMITED,       394.30,       416.90,-5.42
L,JAIPRAKASH ASSOCIATES LTD,        14.70,        15.50,-5.16
