SECURITY,NEW,PREVIOUS,NEW_STATUS
POWER FIN CORP LTD.,524.35,521.3,H
ALLSEC TECHNOLOGIES LTD,1100,1097.7,H
HINDALCO  INDUSTRIES  LTD,713.5,698.7,H
SGB2.50%MAY2025SR-I 17-18,7469.9,7449.79,H
PASHUPATI COTSPIN LIMITED,258.5,246.2,H
MAN COAT METAL & IND LTD,64.95,63.55,H
V2 RETAIL LIMITED,547,544.8,H
FROG CELLSAT LIMITED,344,321.8,H
ICICIPRAMC - ICICILIQ,1005.5,1005,H
JSW INFRASTRUCTURE LTD,299.25,290.45,H
SEC RE NCD 10% SR. V,1029.9,1024,H
MIRAEAMC - MIDSMALL,53.1,52,H
SEC RE NCD 8.5% SR.III,1020.75,1000,H
SEC RE NCD 9.30% SR VII,1023,1021,H
SERENCD 8.29% SR.V OP10,1004.99,1002.8,H
THERMAX LTD,5569,5550,H
BIRLASLAMC - SILVER,96.88,95.5,H
JUPITER WAGONS LIMITED,579.5,577.85,H
2.50%GOLDBONDS2031SR-I,7449,7440,H
GOI TBILL 182D-22/08/24,98.11,98.09,H
RATTANINDIA POWER LIMITED,17.4,16.6,H
MIRAEAMC - MAM150ETF,20.25,20.15,H
GOI TBILL 91D-08/08/24,99,98.7,H
SEC RE NCD 9.71% SR VIII,1000,975,H
EID PARRY INDIA LTD,694,670,H
AHLUWALIA CONT IND LTD,1389,1309,H
BRIGADE ENTER. LTD,1331.45,1300,H
SUNDARAM FINANCE HOLD LTD,300,297,H
2.50%GOLDBONDS2029SR-X,7480,7399,H
9.90 % SRNCD SR VI,1042.5,1041.99,H
IRIS BUSINESS SERV LTD,252.9,240.9,H
STATE BANK OF INDIA,826,800.5,H
MARSHALL MACHINES LTD,32.85,32.45,H
SEC RE NCD 8.50% SR.III,1071,1070,H
GOI LOAN  7.23% 2039,103,102.65,H
SEC RED NCD 9.0% SR. VI,993,992,H
SEC RE NCD 8.66% SR.VI,996.35,978.45,H
SEC RED NCD 10.6% SR. VII,1204,1198,H
GRINDWELL NORTON LIMITED,2635,2495,H
STEL HOLDINGS LIMITED,399.95,395.45,H
2.50%GOLDBONDS2028SR-II,7488,7372.96,H
EDELAMC - EBBETF0430,1410.4,1408.95,H
KRISHNA DEF AND ALD IND L,703.7,648.8,H
2.50%GOLDBONDS2031SR-II,7635,7419,H
REDTAPE LIMITED,774.95,745,H
GOI TBILL 364D-18/04/25,93.8,93.5,H
SE RE NCD 9.35% SR.V OP2,1065,1060,H
BOND8.86% PA TF TR II S3B,1318.08,1300,H
KCK INDUSTRIES LTD,192.9,184.1,H
SHEKHAWATI POLY-YARN LTD.,3.55,3.5,H
AMARA RAJA ENERGY MOB LTD,1278,1277.5,H
NITIRAJ ENGINEERS LTD,218.2,214.15,H
JYOTI CNC AUTOMATION LTD,998.4,966,H
SEC RED NCD SR.IX,1550,1539.9,H
SEC RE NCD 9.15% SR.VIII,949.5,945,H
SDL KL 7.62% 2044,99.75,95,H
MAZAGON DOCK SHIPBUIL LTD,3403.95,3382.9,H
8.91%S-R-NCD SERIES 3B,1319,1313,H
UTIAMC - SILVERETF,96,94.64,H
LCC INFOTECH LTD,2.7,2.65,H
ROLLATAINERS LIMITED,3.75,3.7,H
DSPAMC - LIQUIDADD,1012.01,1011.85,H
KODY TECHNOLAB LIMITED,1744.8,1738,H
GOI TBILL 364D-11/07/24,99.13,99.1,H
SEC RE NCD 9.25% SR II,1000,989.97,H
HDFCAMC - HDFCSILVER,93.05,92,H
SAMVRDHNA MTHRSN INTL LTD,148.95,145.7,H
SP REFRACTORIES LIMITED,313,298.2,H
MIRAEAMC - MASILVER,94.55,93.79,H
KOTAKMAMC - KOTAKSILVE,94.05,93.4,H
SEC RE NCD 9.25% SR.VII,927,925,H
JITF INFRALOGISTICS LTD,945.05,900.05,H
SILVER TOUCH TECHNO LTD,826.95,820,H
NIPPONAMC - NETFSILVER,93.08,91.8,H
7.64% TAX FREETRI SR2B,1152,1150,H
DSPAMC - DSPSILVETF,93.2,92.38,H
SRI ADHIKARI BRO TELE N L,160.15,157.05,H
TITAGARH RAIL SYSTEMS LTD,1413.2,1312.9,H
TV VISION LIMITED,6.65,6.55,H
TRANSWARRANTY FIN. LTD.,21.75,21.35,H
LAXMI GOLDORNA HOUSE LTD,377.8,370.1,H
SEC RE NCD 9.48% SR V,1000,985.2,H
8.72% UNSECURED NCD,1000,1010,L
SEC RE NCD 9.80% SR.V,761,763,L
SEC RE NCD 9.25% SR.VII,925,970,L
MIRAEAMC - MIDSMALL,48.63,49.25,L
SEMAC CONSULTANTS LIMITED,789.3,830.85,L
7.69% TAX FREETRII SR2B,1146.25,1147.05,L
SHREEOSWAL S AND CHE LTD,26,26.55,L
RACHANA INFRA LTD,27,28,L
OSIA HYPER RETAIL LIMITED,24.55,25.8,L
CELL POINT (INDIA) LTD,30.1,31.85,L
NAMAN IN-STORE (INDIA) L,90,91,L
PRESSTONIC ENGINEERING L,103,106.3,L
SIGNPOST INDIA LIMITED,258.55,260,L
STARTECK FINANCE LIMITED,235.3,240.1,L
SEC RED NCD 9.70% SR. V,1049,1056,L
FUTURE SUPP CHAIN SOL LTD,4.4,4.6,L
LAGNAM SPINTEX LIMITED,130.05,132.55,L
SOLARA ACTIVE PHA SCI LTD,38.6,48.15,L
NANDANI CREATION LIMITED,50.75,51.75,L
MANDEEP AUTO INDUSTRIES L,52.5,55.1,L
VIJI FINANCE LIMITED,0.65,0.85,L
KBC GLOBAL LIMITED,1.6,1.65,L
AARTECH SOLONICS LIMITED,202.6,206.65,L
SINCLAIRS HOTELS LIMITED,109.95,111,L
DCG CABLES & WIRES LTD,81.2,88,L
VARANIUM CLOUD LIMITED,19.6,20.55,L
VIBHOR STEEL TUBES LTD,246.3,256,L
MUKKA PROTEINS LIMITED,33.2,33.25,L
SEC RE NCD 10.50% SR.VII,900.1,934,L
SERENCD8.84%SRVICIII&IV,850,851,L
CREATIVE GRAPHICS S IND L,194.8,198,L
ENERGY MISSION MACH IND L,329.85,335.3,L
C P S SHAPERS LIMITED,320.05,335,L
SEC RED NCD SR.IX,1511.25,1527,L
GOKUL REFOILS & SOLV LTD,43.05,43.9,L
GOI LOAN  7.02% 2027,98,100.1,L
DELPHI WORLD MONEY LTD,197.1,200,L
8.91%S-R-NCD SERIES 3B,1288.5,1290,L
INDIAN EMULSIFIERS LTD,371.5,391.05,L
RULKA ELECTRICALS LIMITED,427.65,450.15,L
SERENCD 8.65% SR.VI OP12,1032,1035.5,L
INDEGENE LIMITED,501.25,508.3,L
BLS E-SERVICES LIMITED,252,255,L
TAX FREE 7.69% SR. IIB,1163.91,1164,L
SEC RED NCD 9.03% SR. II,1016,1021,L
SEC RED NCD 9.57% SR. V,974,975,L
RAJ TV NETWORK LTD,121.9,124.35,L
QUEST LABORATORIES LTD,120.05,126.35,L
HEADS UP VENTURES LIMITED,11.25,11.5,L
SEC RED NCD 8.88% SR. V,910,914,L
SEC RE NCD 9.55% SR.VII,900.3,955,L

