SYMBOL,SYMBOL P/E,ADJUSTED P/E
COSMOFIRST,23.46,23.46
HEROMOTOCO,26.83,26.01
HARRMALAYA,,1179.6
ITC,25.84,25.84
HINDCOMPOS,18.33,18.33
OSWALGREEN,129.98,129.98
HUHTAMAKI,5.87,22.95
RICOAUTO,42.68,40.79
IFBAGRO,83.97,83.97
MANINDS,20.87,20.87
SIYSIL,11.01,11.01
PRECWIRE,31.98,31.98
NCC,23.82,23.17
SEAMECLTD,45.54,45.54
BBTC,5.49,5.31
GICHSGFIN,7.69,7.69
BANARBEADS,21.59,21.59
WSTCSTPAPR,5.12,5.12
S&SPOWER,37.35,36.5
PRUDMOULI,12.22,12.22
PRAJIND,33.01,33.01
KEEPLEARN,175.96,175.96
TFCILTD,15.85,15.85
GUJALKALI,6494.95,6494.95
AGI,17.17,17.17
TATACONSUM,80.24,69.22
ZEEL,72.91,257.71
FMGOETZE,16.67,16.67
ORIENTHOT,49.03,49.03
ESABINDIA,52.17,52.17
ANDHRAPAP,5.96,5.96
RALLIS,34.27,34.43
KSB,78.15,78.15
HEG,37.91,37.91
TIMKEN,77.96,77.96
SAKHTISUG,1.59,
HINDZINC,39.01,39.01
GRASIM,16.34,15.69
FINCABLES,35.57,41.71
HEUBACHIND,19.9,19.9
CESC,12.99,15.82
BAJFINANCE,29.46,29.46
NAVA,5.75,6.27
CORALFINAC,10.07,10.07
AUTOAXLES,17.77,17.77
DALMIASUG,11.02,11.02
NATCOPHARM,13.32,13.32
GARFIBRES,33.38,33.38
TTKPRESTIG,43.81,43.81
SKFINDIA,55.21,55.21
JAYAGROGN,13.95,13.95
SAMBHAAV,66.11,87.5
BIOFILCHEM,155.56,155.56
SANGAMIND,44.29,38.68
VISAKAIND,1012.33,1012.33
HITECHGEAR,17.09,48.54
SHRIRAMFIN,12.17,12.17
PUNJABCHEM,23.67,23.67
JAGSNPHARM,39.76,39.76
MPHASIS,29.18,29.18
HERITGFOOD,39.28,39.28
INDNIPPON,27.87,27.87
CONCOR,53.45,53.45
KCPSUGIND,8.52,8.33
SAREGAMA,46.37,46.37
ENGINERSIN,34.84,34.84
GMDCLTD,20.17,20.17
INDUSINDBK,12.65,12.65
J&KBANK,8.04,8.04
CUB,10.52,10.52
ASTRAZEN,100.04,107.83
AXISBANK,13.83,13.83
KOKUYOCMLN,32.41,32.41
DHANBANK,18.36,18.36
IVC,29.07,29.07
NIPPOBATRY,31.68,31.68
HCLTECH,23.46,23.46
ZYDUSLIFE,27.65,27.6
NRBBEARING,12.68,34.47
KTKBANK,5.88,5.88
BLBLIMITED,37.37,37.37
TVSMOTOR,58.71,58.71
TAJGVK,30.53,30.53
GAEL,19.37,19.37
MRO-TEK,48.32,48.32
KHANDSE,248.67,248.67
ACLGATI,216.45,
JISLJALEQS,45.08,45.08
ASAL,69.54,69.54
APTECHT,44.99,38.67
OFSS,29.52,29.52
DIVISLAB,72.87,72.87
BAGFILMS,13.76,13.76
WELSPUNLIV,20.57,20.57
IGL,20.15,20.15
UPL,,18.99
PTC,11.57,11.57
MAHABANK,12.01,12.01
EXCELINDUS,74.31,74.31
NIITLTD,34.99,34.77
COFORGE,38.07,38.49
WELENT,17.5,17.5
JBMA,136.32,136.32
INDOCO,29.92,31.89
JINDALPHOT,107.72,107.72
ALLSEC,25.18,25.18
SHOPERSTOP,105.99,97.79
SURYALAXMI,35.6,20.88
63MOONS,7.8,7.8
VHL,260.13,30.62
YESBANK,53.31,53.31
IDFC,572.52,572.52
AURIONPRO,39.12,39.12
AIAENG,30.6,30.62
ORIENTCER,28.34,33.42
EKC,14.55,14.27
ENIL,28.81,29.76
JAGRAN,12.92,12.92
M&MFIN,17.66,17.66
SOLARINDS,97.31,97.31
SUNTV,13.59,13.59
EMKAY,11.73,11.73
BALPHARMA,44.92,44.92
RATNAMANI,37.18,37.18
EMAMILTD,32.21,31.99
TECHM,53.8,53.87
ATLANTAA,.49,3.51
ANANTRAJ,48.58,48.58
ALICON,13.45,13.45
FIEMIND,19.21,19.21
LTFOODS,13.13,13.13
VENUSREM,13.69,13.69
PLASTIBLEN,18.95,18.95
HBLPOWER,53.88,50.13
SARLAPOLY,20.76,20.76
PITTIENG,31.93,31.93
UNOMINDA,63.89,65.5
ORIENTBELL,6360.12,6360.12
FSL,26.17,26.17
SMSPHARMA,43.1,43.1
LAOPALA,26.8,26.8
ASTRAL,105.77,105.77
NCLIND,9.75,9.75
ICRA,33.97,33.97
NDLVENTURE,189.19,189.19
FORTIS,55.16,56.25
WEBELSOLAR,,78.16
V2RETAIL,112.84,112.84
CIEINDIA,25.45,25.45
MOTILALOFS,13.7,13.7
MAGNUM,14.24,19.68
MAANALU,18.27,18.27
CERA,38.47,38.28
EDELWEISS,13.83,13.83
RGL,13.52,13.52
HITECHCORP,17.41,17.41
BRIGADE,70.61,70.61
MANAKSIA,6.92,6.31
DVL,26.58,26.58
KAVVERITEL,.96,.93
BIRLAMONEY,13.33,13.33
CORDSCABLE,26.62,26.62
NMDC,13.61,13.12
RECLTD,10.8,10.8
TITAGARH,58.54,58.2
BAJAJ-AUTO,33.73,33.73
DIGISPICE,13.22,30.36
ALMONDZ,12.5,34.12
RANEENGINE,22.78,17.03
LOTUSEYE,42.2,42.61
UBL,120.17,120.17
ZFCVINDIA,80.09,80.09
JOCIL,99.65,99.65
ALKALI,100.31,83.56
TPHQ,20.28,20.28
GKWLIMITED,105.49,105.49
OIL,10.85,10.9
RTNPOWER,1,
ZYDUSWELL,41.84,39.72
REFEX,16.33,16.32
AHLUCONT,34.96,34.89
HINDCOPPER,122.25,122.25
NESTLEIND,94.63,94.99
VASCONEQ,26.49,26.49
DBREALTY,8.34,8.89
MANINFRA,25.57,25.57
PERSISTENT,51.99,51.99
SJVN,63.28,61.15
KIRLOSIND,17.08,15.41
BAJAJCON,21.34,21.34
UGARSUGAR,38.76,38.76
SASTASUNDR,27.78,27.52
GREENPOWER,48.91,57.05
WABAG,24.22,23.54
JWL,68.21,68.21
SHAH,42.27,42.27
RESPONIND,51.18,51.18
GRAVITA,32.16,32.16
JAMNAAUTO,24.26,24.26
KIRLOSENG,40.46,39.54
STEL,53.37,53.37
PFS,13.77,13.77
SYMPHONY,49.21,48.82
OMINFRAL,23,23
MAITHANALL,11.57,11.57
THERMAX,98.98,109.41
RIIL,180.92,180.92
RAYMOND,22.38,21.32
SHREDIGCEM,18.51,18.51
SESHAPAPER,7.82,7.82
SUNDRMFAST,46.15,46.15
CRISIL,47.14,47.14
PEL,,31.25
MASTEK,24.81,24.62
TRENT,121.2,196.66
CUMMINSIND,81.66,81.58
JBCHEPHARM,49.6,49.6
INDIAGLYCO,15.78,15.78
IONEXCHANG,38.95,38.95
HIMATSEIDE,11.23,11.23
GFLLIMITED,.35,
BHARATFORG,80.54,79.93
ATUL,54.81,54.81
TATAMOTORS,10.12,9.89
MRPL,10.46,10.44
ESCORTS,41.16,41.16
BAJAJHLDNG,62,62
ZUARIIND,1.41,
VOLTAS,118.92,118.92
TATASTEEL,,53.15
SPIC,17.11,11.63
RELIANCE,25.06,25.06
BOSCHLTD,36.79,49.77
CARBORUNIV,70.57,70.57
DICIND,,98.96
RAMCOCEM,45.8,45.8
CENTURYTEX,108.43,40.96
TORNTPHARM,54.5,57.02
FEDERALBNK,9.94,9.94
SRF,50.6,50.6
BBOX,35.11,23.72
HONAUT,91.51,91.51
PRECOT,26.74,42.53
ARE&M,25.29,25.29
BALKRISIND,40.72,40.72
RAJSREESUG,14.46,14.46
ONGC,6.41,6.26
TAINWALCHM,34,34
BSL,16.25,16.25
JAYNECOIND,21.36,19.6
RCF,38.06,45.29
TATAPOWER,45,48.63
SUNFLAG,26.67,26.67
BHARATRAS,67.04,66.99
IFCI,62.33,62.84
HLVLTD,73.27,73.27
KABRAEXTRU,43.69,43.69
MANGLMCEM,39.89,39.89
PIDILITIND,88.51,86.04
OSWALAGRO,339.49,336.14
RUBYMILLS,15.08,15.08
BRITANNIA,59.17,59.11
DCMSHRIRAM,34.25,34.25
INCREDIBLE,30.32,30.32
MGL,10.02,10.02
QUESS,31.45,28.82
SOMICONVEY,35.3,35.3
LLOYDSENGG,87.85,87.85
LTIM,31.56,31.56
DBL,29.78,325.63
NDGL,12.03,12.03
BIGBLOC,52.45,52.45
MBAPL,83.68,83.68
CUPID,35.57,35.57
MARATHON,18.53,18.53
SAKAR,62.27,62.27
PANSARI,36.57,36.57
ARTNIRMAN,102.37,102.37
MAZDA,17.44,17.44
KINGFA,19.54,19.54
KIOCL,643.44,643.44
LAURUSLABS,143.14,143.14
ITDC,80.45,80.37
LIBAS,18.11,18.11
SPCENET,142.98,142.98
MAHESHWARI,13.63,13.63
BSE,52.28,107.27
MCL,84.7,84.7
KALYANI,4.24,4.24
STEELCITY,12.35,12.35
KRISHANA,36.89,36.89
GLOBAL,12.64,12.64
SANGINITA,45.58,45.58
DMART,114.83,114.83
AIRAN,28.54,28.54
LAXMICOT,,99.68
EIFFL,125.18,125.18
CREATIVE,21.05,21.05
FOCUS,27.59,27.59
SIKKO,50.07,50.07
DOLLAR,34.07,33.85
INFOBEAN,43.61,43.61
TEJASNET,318.45,318.45
GTPL,16.62,16.62
ACEINTEG,308.32,308.32
AVADHSUGAR,8.3,8.3
GANGESSECU,43.48,43.48
TOTAL,120.09,120.09
WEWIN,33.16,33.16
SMSLIFE,39.93,39.93
VAISHALI,26.71,26.71
GEEKAYWIRE,12.02,12.02
SERVOTECH,153.74,153.74
DIXON,149.26,149.26
CHOLAHLDNG,5.48,5.48
DPWIRES,24.05,24.05
AARVI,18.06,18.06
AIROLAM,25.27,25.27
RKEC,10.63,10.63
JASH,40.79,40.79
GODREJAGRO,33.45,33.45
IEX,41.23,41.23
NAM-INDIA,34.59,34.59
KHADIM,92.3,92.3
VERTOZ,176.15,176.15
ICEMAKE,41.43,41.43
SHALBY,35.46,35.46
ONEPOINT,52.8,52.8
BCONCEPTS,66.43,66.43
NEWGEN,48.65,48.65
SINTERCOM,310.94,310.94
ARVEE,252.84,252.84
UNIINFO,60.85,60.85
MACPOWER,60.7,60.7
SUNDARMHLD,33.9,33.9
URAVI,283.49,283.49
SANDHAR,29.31,30.04
KAPSTON,25.56,25.56
MMP,28.18,28.18
CHEMFAB,28.52,28.52
AAKASH,18.85,18.85
SOFTTECH,126.39,126.39
E2E,74.68,74.68
SIRCA,34.27,34.27
SVLL,79.48,79.48
SONAMLTD,28.7,28.7
PRITI,20.91,20.91
GAYAHWS,.19,
RITES,34.6,34.6
GANGAFORGE,56.38,68.43
REPL,22.63,22.63
HBSL,1.89,1.89
AVROIND,30.48,30.48
HDFCAMC,44.08,44.08
TEMBO,23.61,23.61
AARON,44.64,44.64
SUMIT,31.06,31.06
RPPL,30.85,30.85
AKG,48.78,48.78
IRCON,28.84,28.84
AHLADA,13.74,13.74
RAJMET,19.87,19.87
AAVAS,25.62,25.62
KSHITIJPOL,71.57,
GRSE,44.99,44.99
KRITIKA,71.13,71.13
SILGO,21.88,21.88
VINNY,22.16,22.16
BBTCL,28.01,28.01
MARINE,74.81,74.81
IRISDOREME,51.8,51.8
ATGL,161.13,161.13
UNIPARTS,18.99,18.99
SHRIRAMPPS,5.76,5.76
TREJHARA,14.47,52.07
AWHCL,12.45,12.45
RPSGVENT,10.71,10.71
MSTCLTD,30.34,30.34
OSIAHYPER,20.87,20.76
ANUP,32.77,32.77
ARVINDFASN,59.11,56.66
PAR,18.93,18.93
RVNL,53,53
POLYCAB,55.9,55.9
METROPOLIS,79.54,79.54
KPITTECH,68.83,68.83
NEOGEN,106.89,106.89
EMAMIPAP,7.86,7.86
CONFIPET,23.42,23.42
PPL,10.63,10.63
INDIAMART,40.47,40.31
OAL,136.77,136.77
SATIA,5.35,5.35
WEL,135.76,135.76
CHEMCON,46.05,46.05
WESTLIFE,191.31,191.31
HNDFDS,61.01,61.01
MAZDOCK,41.42,41.42
IRCTC,78.37,76.25
DCI,28.17,28.17
IIFLSEC,11.57,11.57
HPIL,54.46,54.46
FLUOROCHEM,78.88,78.88
GREENPANEL,25.52,25.52
CHEMBOND,15.51,15.51
MGEL,17.12,17.12
SBICARD,27.86,27.86
HOMEFIRST,23.44,23.44
CSBBANK,10.27,10.27
EASEMYTRIP,75.7,45.79
ROSSARI,29.47,29.47
PRINCEPIPE,37.21,40.41
LIKHITHA,21.12,21.12
PATANJALI,70.29,70.29
SUMICHEM,60.61,60.61
ASALCBR,19.78,19.78
UNIVPHOTO,12,12
SUVENPHAR,44.14,44.14
STOVEKRAFT,46.51,46.51
KSOLVES,37.52,37.52
HAPPSTMNDS,49.17,51.22
AARTISURF,26.24,26.24
BOROLTD,53.02,53.02
MAXHEALTH,72.78,72.78
PAVNAIND,39.39,39.39
KALYANKJIL,69.52,69.52
BTML,34.14,34.14
SHAREINDIA,14.09,14.07
SIGACHI,38.34,38.34
ADL,,1736.75
NIRAJ,19.97,13.49
CAMS,48.44,48.44
SURYODAY,9.47,9.47
UTIAMC,14.63,14.63
BECTORFOOD,52.64,52.64
ORCHPHARMA,55.26,55.26
INDIGOPNTS,44.32,44.32
LXCHEM,56.02,56.02
MTARTECH,77.08,77.08
ANURAS,49.93,49.93
KANPRPLA,45.89,45.89
STYLAMIND,20.97,20.84
CLSEL,8.9,8.9
CARYSIL,36.49,36.49
MODISONLTD,18.44,22.64
BCLIND,14.94,14.87
BHAGCHEM,107.87,107.87
SMCGLOBAL,8.78,8.78
ARIHANTCAP,10.27,10.27
NAZARA,60.39,59.85
GENCON,15.42,15.42
HLEGLAS,68.48,63.92
SONACOMS,70.33,69.44
DRCSYSTEMS,24.31,24.31
PARAS,113.66,113.66
DODLA,31.37,31.37
EXXARO,196.27,196.27
ROLEXRINGS,38.11,34.55
KIMS,44.03,44.03
CLEAN,59.15,59.15
ABSLAMC,19.57,19.57
ZOMATO,456.69,456.69
WINDLAS,21.96,21.96
KRSNAA,32.38,32.38
APTUS,24.85,24.85
SUPRIYA,24.27,24.27
VIJAYA,67.93,67.09
VINEETLAB,19.48,19.48
SANSERA,29.62,29.62
PRITIKAUTO,26.22,26.22
AAREYDRUGS,32.17,34.35
INTLCONV,7.97,7.97
HPAL,43.91,44.27
UGROCAP,20.74,20.74
YUKEN,86.59,86.59
SGIL,40.36,40.36
ANANDRATHI,76.36,76.36
SJS,26.81,26.81
FINOPB,26.34,26.34
POLICYBZR,816.36,816.36
NYKAA,1084.65,1084.65
AWL,257.61,205.95
MONARCH,14.65,14.64
SAPPHIRE,172.16,172.16
PRUDENT,49.34,49.34
EPIGRAL,25.97,25.97
NUVOCO,77.26,77.26
GOCOLORS,63.67,63.67
TRACXN,134.41,134.41
CMSINFO,19.94,19.94
FUSION,9.09,9.09
COASTCORP,66.69,66.69
TARSONS,39.86,39.86
MEDPLUS,190.81,190.81
TEGA,52.06,52.06
RATEGAIN,57.76,57.76
MANORG,131.99,131.99
LATENTVIEW,61.7,61.7
METROBRAND,76.48,76.48
MICEL,17.76,19.84
PASUPTAC,24.06,24.06
FOODSIN,22.48,22.46
PARADEEP,56.03,56.03
MAPMYINDIA,76.63,76.63
TMB,6.98,6.98
KRITI,26.07,26.07
MANYAVAR,59.59,59.59
GANESHBE,17.23,17.15
GVPTECH,175.21,175.21
DMCC,64.98,64.98
MEDICAMEQ,58.65,58.65
EMIL,43.36,43.36
SHIVALIK,46.41,46.41
DATAPATTNS,87.33,87.33
MEDANTA,69.09,69.09
AHL,22.84,22.84
MALLCOM,17.48,17.48
IRIS,53.07,53.07
ASIANENE,47.35,44.18
SMLT,20.74,20.74
NRL,49.72,49.72
RADIANTCMS,18.96,18.96
CHOICEIN,51.7,51.7
HARIOMPIPE,28.88,28.88
GRWRHITECH,19.51,19.51
DCMSRIND,16.22,16.22
RAJRILTD,360.37,360.37
EMUDHRA,81.67,81.67
DYCL,33.31,33.31
FIVESTAR,24.47,24.47
VIRINCHI,25.4,25.4
SBC,75.42,75.42
ELDEHSG,28.8,28.8
ELIN,64.06,64.06
MHLXMIRU,21.23,21.23
GATEWAY,19.52,19.52
ZIMLAB,29.51,29.51
JTLIND,33.61,33.61
RAINBOW,58.97,58.97
AETHER,129.58,68.86
ROTO,35.74,35.74
INDOBORAX,13.11,13.11
RACE,235.34,235.34
AVONMORE,27.25,27.25
DREAMFOLKS,38.48,38.48
DHARMAJ,17.44,17.44
OBCL,164.67,164.67
GMRP&UI,89.68,
INOXGREEN,137.58,137.58
BIKAJI,52.81,52.81
RITCO,19.07,19.07
HARDWYN,145.03,145.03
HMAAGRO,24.88,24.88
MEDICO,37.33,37.33
YATHARTH,30.96,30.96
DCXINDIA,46.15,46.15
KAYNES,115.17,115.17
AXITA,27.65,27.65
SENCO,35.81,35.81
RADHIKAJWE,16.28,16.28
SPLPETRO,36.28,36.28
CSLFINANCE,14.57,14.57
RUSTOMJEE,95.49,95.49
DBOL,17.31,17.31
SPORTKING,14.09,14.09
GRMOVER,16.64,16.64
SYNCOMF,46.42,46.38
SULA,44.11,44.11
KRITINUT,11.43,11.43
BAIDFIN,19.65,19.65
SCPL,24.8,24.8
SUKHJITS,13.53,13.53
SKYGOLD,45.34,45.34
SATINDLTD,3.74,3.74
DIVGIITTS,57.76,57.76
IKIO,34.58,34.58
FAZE3Q,20.81,20.81
AARTIPHARM,23.87,23.87
RHL,67.91,67.91
NINSYS,73.05,73.05
ASMS,470.32,306.69
HYBRIDFIN,21.17,20.56
CYIENTDLM,85.45,85.45
ATAM,41.35,41.35
LAL,48.35,48.35
POCL,27.93,27.93
ASHOKAMET,37.44,37.44
PTCIL,267.78,267.78
GHCLTEXTIL,30.47,30.47
KIRLPNU,52.87,50.57
NIITMTS,26.99,26.51
TREL,4.48,42.25
JAYSREETEA,22.93,
3MINDIA,69.94,69.94
AMJLAND,15.41,15.41
KOPRAN,22.06,22.06
TATAINVEST,102.96,102.96
IPCALAB,55.13,60.33
GSFC,15.74,15.74
EIDPARRY,6.84,6.84
BIRLACORPN,26.09,26.48
ASHAPURMIN,16.08,19.4
TNPL,8.37,8.37
KHAITANLTD,102.56,102.56
ANDHRSUGAR,18.36,17.93
STARPAPER,5.62,5.49
AUSOMENT,16.79,16.79
SILINV,18.19,18.19
SUNDRMBRAK,28.88,28.88
MOTHERSON,45.01,43.26
STERTOOLS,23.94,24.06
INDIANCARD,23.23,
DENORA,42.41,42.41
DYNAMATECH,43.58,83.45
MMFL,23.68,23.79
ALKYLAMINE,66.56,66.56
RAMCOIND,21.14,21.63
GAIL,15.33,15.88
NLCINDIA,16.51,16.51
HAVELLS,93,93
TIPSINDLTD,42.27,42.27
MARKSANS,23.54,23.54
TCI,24.63,24.44
PONNIERODE,7.87,7.87
UNIONBANK,8.79,8.79
VARDHACRLC,25.12,25.12
JAIBALAJI,17.78,17.78
UNIENTER,27.03,27.03
VAIBHAVGBL,46.2,44.21
POONAWALLA,20.87,30.54
ULTRACEMCO,42.09,41.76
NTPC,17.99,17.99
CONSOFINVT,2.2,2.2
SAKSOFT,27.96,27.96
SSWL,4.96,14.28
PRIMESECU,35.97,35.97
GEOJITFSL,16.45,16.45
SASKEN,29.26,29.26
DCBBANK,7.58,7.58
GESHIP,5.52,5.52
DONEAR,19.8,19.8
HIRECT,271.03,64.65
AVTNPL,23.89,23.89
AUTOIND,30.65,30.73
REDINGTON,12.87,12.87
INDIANB,9.39,9.39
JKTYRE,13.38,13.06
THEMISMED,77.02,77.02
BANSWRAS,14.88,14.88
PHOENIXLTD,41.59,41.59
SRHHYPOLTD,6.72,6.51
TGBHOTELS,29.5,29.5
KMSUGAR,11.76,11.76
TIMETECHNO,19.65,19.65
NELCAST,21.57,29.64
TARMAT,125.97,125.97
MEGASOFT,66.47,66.47
ALPA,10.44,10.46
CENTRALBK,21.99,21.99
KPRMILL,33.3,33.3
PURVA,184.67,184.67
KSCL,14.59,14.59
BVCL,11.61,11.61
VINATIORGA,51.54,51.54
EXPLEOSOL,20.95,20.95
AMRUTANJAN,44.81,44.81
SHILPAMED,128.73,142.94
DLINKINDIA,15.36,15.36
MMTC,216.96,399.94
JUBLFOOD,85.39,145.69
HATHWAY,58.08,58.07
LGBBROSLTD,14.38,14.65
HMVL,75.63,75.63
IITL,9.4,19.43
WELINV,97.65,97.65
ASHOKA,8.77,10.13
CGCL,46.71,46.71
JINDWORLD,87.45,87.45
A2ZINFRA,10.43,
JUBLINDS,57.07,26.61
DHUNINV,12.82,12.82
PIIND,32.85,32.85
DELPHIFX,13.23,13.23
DHANUKA,24.04,24.04
NOCIL,36.64,36.64
CHAMBLFERT,13.6,13.6
BALMLAWRIE,23.78,23.78
PGHL,37.32,37.32
BEML,66.17,66.17
ATFL,161.69,230.84
EPL,21.76,21.76
BIRLACABLE,32.21,32.21
TATAELXSI,57.54,57.54
SANDESH,7.32,7.33
ADANIENT,109.42,102
EICHERMOT,36.77,36.77
ZENSARTECH,21.24,21.24
BERGEPAINT,50.99,51.17
KPIL,37.94,37.94
IGARASHI,156.04,156.04
MUNJALSHOW,15.12,17.7
HSCL,40.76,40.76
RANASUG,6.26,6.26
ARENTERP,18.85,18.85
UFLEX,,10.85
ADVANIHOTR,26.89,26.89
SUBROS,40.2,40.2
WIPRO,21.41,21.41
UNIVCABLES,57.29,57.29
TATACOMM,54.02,59.51
MURUDCERA,43.83,43.83
SANOFI,36.08,34.93
KAJARIACER,47.22,47.2
PRSMJOHNSN,53.19,
PCBL,19.21,19.21
SAIL,25.52,20.2
STYRENIX,18.08,18.08
ELECTCAST,13.73,13.73
INTENTECH,16.18,16.18
CLEDUCATE,24.6,26.27
DEVIT,28.6,28.6
PANACHE,182.63,182.63
SCHAND,15.97,15.97
GLOBE,15.66,15.66
CDSL,51.88,51.88
DYNPRO,90.01,90.01
THEINVEST,49.79,49.79
COCHINSHIP,64.12,64.12
WORTH,10.91,10.91
DIAMONDYD,37.5,36.95
GATECHDVR,15.65,15.65
TIRUPATIFL,26.46,26.46
DPABHUSHAN,45.06,45.06
SILVERTUC,63.07,63.07
SHRADHA,13.09,13.09
TOUCHWOOD,50.44,50.45
AJOONI,49.86,49.86
SILLYMONKS,152.22,152.22
AMBER,84.85,84.85
SOUTHWEST,35.36,35.36
ASTERDM,45.29,
SARVESHWAR,51.26,51.26
BANDHANBNK,20.32,20.32
MITTAL,24.42,75.55
AVG,21.35,21.35
BSHSL,96.69,96.69
GODHA,124.4,124.4
AFFLE,56.05,56.05
SPANDANA,10.96,10.96
UJJIVANSFB,8,8
SAFARI,56.24,56.24
360ONE,35.75,35.75
VISHWARAJ,22.48,22.48
KUANTUM,6.29,6.29
APOLLOPIPE,63.47,63.47
ROUTE,22.93,23.79
SIGMA,21.49,21.49
EQUITASBNK,13.52,13.52
HINDWAREAP,84.02,84.02
ARTEMISMED,49.38,49.38
ATALREAL,28.3,28.3
MAHEPC,220.8,171.5
POWERINDIA,270.07,270.07
RAJRATAN,38.54,38.54
GLAND,38.69,38.69
NDRAUTO,31.64,31.64
AAATECH,45.68,45.68
UNIDT,46.72,46.72
ANGELONE,20.29,20.29
ROML,50.15,50.15
RAILTEL,54.67,56.82
HERANBA,34.86,34.86
RVHL,63.34,63.34
FAIRCHEMOR,38.97,38.97
ISGEC,31.3,31.3
PAKKA,29.62,29.62
SHAILY,49.75,49.75
FIBERWEB,16.16,16.16
SBCL,37.17,37.17
IPL,28.13,28.13
LODHA,85.35,80.38
UTKARSHBNK,11.59,11.59
CRAFTSMAN,26.73,26.73
JUBLINGREA,43.89,43.89
SHYAMMETL,16.38,16.38
TATVA,82.96,82.96
GLS,21.5,21.5
DEEPINDS,14.26,14.42
PIXTRANS,21.02,21.02
CARTRADE,55.29,55.29
DEVYANI,,481.99
ANMOL,9.97,9.97
AMIORG,104.34,47.11
BAJAJHCARE,,27.4
GRINFRA,12.91,12.91
STEELCAS,17.32,17.32
KPIGREEN,66.59,66.5
SEJALLTD,103.2,103.2
RELCHEMQ,48.43,48.43
SYRMA,66.73,66.23
CAMPUS,85.43,85.43
VENUSPIPES,50.62,50.62
MEGASTAR,46.08,46.08
LANDMARK,48.62,47.08
ETHOSLTD,102.09,102.09
MSUMI,46.48,46.48
HARSHA,40.31,40.31
INDOAMIN,19.85,19.85
ACI,23.73,23.73
SADHNANIQ,387.58,387.58
CHEVIOT,13.03,13.03
KFINTECH,51.76,51.76
AKSHAR,22.57,22.57
NGLFINE,33.05,33.05
TRU,138.84,138.84
TIPSFILMS,199,199
RAMRAT,29.4,29.4
GENSOL,111.25,111.25
GSLSU,61.08,61.08
MANORAMA,92.95,92.95
DJML,73.56,73.56
AVALON,113.98,113.98
KAMOPAINTS,76.82,76.82
MANKIND,43.97,43.97
USK,15.08,15.08
MANOMAY,25.27,25.27
LLOYDSME,28.09,28.09
SAHYADRI,14.05,14.05
SBGLP,76.37,76.37
SAH,261.42,261.42
AKI,215.46,215.46
IDEAFORGE,65.59,65.59
REDTAPE,113.18,113.18
NETWEB,158.05,158.05
ATL,44.57,44.57
SINDHUTRAD,22.14,22.14
IBULHSGFIN,6.67,6.67
JPOLYINVST,3.07,3.02
AGRITECH,11.72,11.72
SDBL,27.93,27.93
AGARIND,12.43,12.43
CAPLIPOINT,21.24,21.24
SNOWMAN,68.73,68.73
INTELLECT,38.58,38.39
FCL,35.74,35.74
LTF,16.85,16.85
BODALCHEM,141.46,141.46
FILATEX,21.88,21.88
SHAKTIPUMP,35.24,35.24
ESSARSHPNG,1.86,51.24
JISLDVREQS,.7,.7
RUPA,28.32,27.25
APLAPOLLO,61.28,61.28
IRFC,36.65,36.65
COMPUSOFT,39.97,39.97
RHIM,,96.5
NBCC,64.63,54.77
HEXATRADEX,8.87,8.87
SWANENERGY,32.86,30.16
RTNINDIA,29.02,25.62
PROZONER,23.5,23.5
KITEX,24.39,24.39
ROSSELLIND,133.35,132.46
TVSHLTD,11.93,11.91
VETO,13.65,13.65
INDUSTOWER,15.24,15.24
PILITA,66.39,66.39
MITCON,27.21,27.21
NATHBIOGEN,8.49,9.11
WONDERLA,30.49,30.49
GULFOILLUB,15.42,15.42
SUPERHOUSE,15.2,15.2
PDSL,28.59,29.19
MONTECARLO,23.08,23.08
GULPOLY,64.24,64.24
CCHHL,15.33,15.33
GREENLAM,53.51,53.51
MENONBE,9.35,9.35
MANAKALUCO,31.25,31.25
ZENTEC,60.07,60.96
IMAGICAA,8.15,138.45
NILAINFRA,37.25,37.25
SKIPPER,39.65,39.65
SHYAMCENT,515.39,515.39
SYNGENE,54.28,53.34
PKTEA,18.08,18.08
ARVSMART,56.16,56.16
GUJGASLTD,33.02,34.34
COFFEEDAY,,6.71
BALAXI,,21.2
SALZERELEC,28.82,28.82
LINCOLN,12.43,12.43
PRECAM,43.51,67.45
HITECH,42.68,42.68
KDDL,22.45,22.5
HECPROJECT,17.4,17.4
INFIBEAM,54.24,54.24
SAGARDEEP,109.84,109.84
PARAGMILK,22.3,22.3
UNITEDPOLY,31.83,31.83
TBZ,13.26,13.26
VSSL,27.85,27.85
SPECIALITY,28.71,28.71
MAYURUNIQ,19.14,19.14
ZUARI,4.94,4.94
CARERATING,30.93,30.93
REPCOHOME,7.68,7.68
JUSTDIAL,22.18,22.18
ATULAUTO,203.39,203.39
ORIENTCEM,25.2,25.2
ORBTEXP,14.19,14.19
SREEL,23.47,23.47
CASTROLIND,21.09,21.09
BUTTERFLY,183.34,149.84
HATSUN,93.32,93.32
GOCLCORP,39.01,40.77
SHARDACROP,113.14,113.14
CIGNITITEC,21.83,21.83
GOODLUCK,20.54,20.54
APOLSINHOT,40.08,40.08
GRPLTD,53.68,49.32
MOLDTKPAC,36.05,36.05
GANECOS,72.95,72.95
HESTERBIO,92.29,92.29
LFIC,6.27,6.27
BYKE,60.67,60.67
VRLLOG,55.74,56
BCG,1.5,1.5
UFO,37.24,33.72
ARROWGREEN,26.62,26.62
ALANKIT,26.46,26.46
AYMSYNTEX,,380.99
RAMASTEEL,52.91,52.91
MUTHOOTCAP,3.75,89.03
POWERMECH,29.51,29.51
NAVKARCORP,264.41,264.41
INDIGO,19.82,19.82
LUXIND,42.94,42.94
UMANGDAIRY,145.75,145.75
ALKEM,40.35,36.66
LAMBODHARA,42.38,42.38
GENUSPAPER,160.76,160.76
VISHNU,20.28,20.28
LINC,25.46,25.46
JMA,8.66,8.66
MANAKCOAT,41.44,41.44
AVANTIFEED,17.64,17.64
PRIVISCL,44.36,44.36
TPLPLASTEH,34.23,34.23
PNCINFRA,14.53,14.53
ORICONENT,29.87,24.31
ADANIENSOL,101.52,91.14
SATIN,5.67,5.67
SHARDAMOTR,15.96,15.96
SHREEPUSHK,15.11,15.11
IDFCFIRSTB,18.73,18.73
SHK,22.22,22.22
TTKHLTCARE,32.9,32.9
PILANIINVS,29.24,29.24
LALPATHLAB,60.3,60.3
OCCL,13.56,13.56
TEAMLEASE,43.52,44.83
VIDHIING,66.44,66.44
KELLTONTEC,,18.13
HCG,216.92,216.92
WEALTH,20.45,20.45
CROMPTON,56.82,56.82
SHRIPISTON,18.84,18.84
ALBERTDAVD,8.4,8.4
NH,30.82,30.82
QUICKHEAL,91.51,91.51
BHAGERIA,37.54,37.54
NECCLTD,38.7,38.7
GOKULAGRO,17.06,17.06
PDMJEPAPER,9.05,9.05
BHARATWIRE,19.92,19.92
THYROCARE,47.75,47.64
ARMANFIN,12.52,12.52
BLS,40.36,40.36
ASPINWALL,31.29,31.29
SALONA,18.27,18.27
PREMEXPLN,112.39,112.39
CIPLA,28.75,27.74
HDFCBANK,17.89,17.78
GMBREW,9.58,9.58
GIPCL,13.83,13.83
INDIANHUME,21.61,21.61
IOC,5.67,5.67
WALCHANNAG,67.79,
KAMATHOTEL,14.24,47.88
BANCOINDIA,17.68,17.68
APOLLOTYRE,17.49,16.86
SHANTIGEAR,50.88,50.88
ONWARDTEC,26.5,26.5
NILKAMAL,24.23,24.23
ICIL,20.75,20.75
ELGIEQUIP,63.54,63.54
AUROPHARMA,22.45,21.73
EIHOTEL,54.69,48.04
LICHSGFIN,7.46,7.46
BEPL,18.27,18.27
MOREPENLAB,25.13,25.13
VENKEYS,32.37,32.37
GHCL,6.2,8.12
HIL,51.74,967.95
EVERESTIND,96.43,142.36
BPL,34.13,34.13
PGHH,68.59,68.59
VESUVIUS,43.92,43.92
BOMDYEING,1.2,
NAVNETEDUL,17.17,18.71
GLAXO,71.23,63.59
CHOLAFIN,31.03,31.03
INDHOTEL,67.81,67.81
GILLETTE,57.83,57.83
FOSECOIND,31.03,35.67
GABRIEL,30.15,30.15
AARTIIND,54.78,54.78
PRAKASH,8.46,8.46
GREAVESCOT,,230.77
SURYAROSNI,19.44,19.44
SHREECEM,38.6,38.6
INGERRAND,60.76,60.76
AKZOINDIA,27.09,27.09
HINDUNILVR,54.73,54.75
FINPIPE,43.4,43.4
DCW,97.07,91.52
DCM,24.83,24.83
GREENPLY,42.48,49.06
PEARLPOLY,92.91,92.91
SWARAJENG,21.79,21.79
MRF,26.31,26.31
TNPETRO,15.12,12.11
EIMCOELECO,28.82,28.82
MARICO,52.4,52.4
KEYFINSERV,12.1,12.1
ZENITHEXPO,49.84,49.84
SOMATEX,5.27,
AARTIDRUGS,26.56,26.56
CREST,17.08,17.08
WENDT,71.38,71.38
TVSSRICHAK,30.13,28.73
MIRZAINT,46.17,46.17
GUJAPOLLO,17.28,17.28
GANESHHOUC,13.92,13.92
RUCHINFRA,19.66,44.01
KOTHARIPET,12.08,12.03
BANKBARODA,7.42,7.42
MADRASFERT,,72.22
SKMEGGPROD,7.7,7.7
ICICIBANK,17.6,17.6
INDSWFTLAB,2.02,8.68
FDC,26.18,26.18
ADROITINFO,13.69,13.69
JAICORPLTD,97.75,97.75
MAHAPEXLTD,62.62,99.4
ASAHIINDIA,44.69,44.69
TRIGYN,96.55,96.55
KOTHARIPRO,19.47,19.47
SOUTHBANK,6.71,6.71
ARCHIES,32.09,32.09
ITDCEM,32.5,32.5
CYIENT,28.38,26.53
SONATSOFTW,49.45,4.24
CYBERTECH,20.1,20.1
GOACARBON,8.78,8.78
SANGHVIMOV,25.49,25.49
STCINDIA,19.02,20.75
RSSOFTWARE,28.17,28.17
NATIONALUM,17.07,20.2
JINDALSTEL,18.07,18.07
ALEMBICLTD,27.35,27.35
BSOFT,27.46,27.46
ACCELYA,25.52,25.58
STAR,275.4,32.13
RAJESHEXPO,12.14,12.14
IOB,50.06,50.06
BIL,45.68,45.68
AJANTPHARM,37.3,37.3
BLUESTARCO,75.36,75.36
CALSOFT,910.45,910.45
PNBGILTS,27.17,29.5
REPRO,88.08,88.08
CHENNPETRO,5.28,5.28
KRBL,10.56,10.56
USHAMART,26.28,26.28
BALAJITELE,23.35,23.35
TRIDENT,54.31,54.33
SMARTLINK,41.53,41.53
GODREJCP,,72.62
MCDOWELL-N,61.47,61.03
MPSLTD,23.19,23.19
OLECTRA,185.66,202.32
PNB,16.95,16.95
TIMESGTY,52.29,52.29
NUCLEUS,16.8,16.8
CANBK,6.59,6.59
GODREJIND,43.39,43.39
RADICO,84.84,84.84
MARUTI,30.54,30.54
UCOBANK,42.04,42.04
NSIL,30.26,30.26
TVSELECT,2171.73,2171.73
TVTODAY,22.87,21.6
PETRONET,12.35,12.54
BIOCON,27.6,27.51
XPROINDIA,60.32,60.32
RKFORGE,36.32,36.3
CCL,31.65,31.65
LT,32.3,32.45
CENTEXT,22.6,21.5
TCS,30.14,29.67
GULFPETRO,11.5,11.5
ASTRAMICRO,75.48,75.48
KOTARISUG,15.47,15.47
SUPRAJIT,37.97,37.97
PATELENG,16.64,22.02
JSWSTEEL,24.26,25.59
JPPOWER,13.01,9
GOKEX,44.47,44.47
IIFL,8.46,8.46
WELCORP,17.58,17.58
CYBERMEDIA,11.05,8.42
JKPAPER,5.57,5.57
GRANULES,25.98,25.98
GENUSPOWER,166.09,166.09
NECLIFE,144.58,144.58
SPLIL,14.46,14.45
RML,436.17,12.04
FCSSOFT,,71.82
SUZLON,90.54,83.75
TRIVENI,18.93,18.93
NAHARINDUS,149.31,78.94
VIMTALABS,26.4,26.4
CELEBRITY,31.89,32.28
NITINSPIN,14.16,14.16
ROHLTD,22.54,22.54
GSPL,7.56,7.71
GVKPIL,7.48,7.48
SAKUMA,37.97,37.97
KEC,56.22,56.22
JKCEMENT,38.77,38.66
INDOTECH,40.08,40.08
BLKASHYAP,,31.34
CENTURYPLY,44.82,44.82
KEI,64.35,64.33
VAKRANGEE,556.24,605.12
GALLANTT,28.41,28.41
UTTAMSUGAR,9.23,9.23
KKCL,28.17,28.17
GPIL,12.99,13.18
RSYSTEMS,40.22,40.22
LOKESHMACH,54.66,54.66
SWELECTES,31.49,66.5
KAMDHENU,28.65,28.65
PIONEEREMB,35.07,35.07
JKLAKSHMI,19.23,19.49
ALLCARGO,46.78,61.53
MUNJALAU,21.46,14.88
GRINDWELL,68.89,68.84
VOLTAMP,52.28,52.28
SELAN,27.24,27.24
ACE,49.94,49.94
HOVS,30.25,30.25
TALBROAUTO,18.93,27.38
GEECEE,18.24,18.24
JMFINANCIL,284.39,7.81
TORNTPOWER,36.36,36.36
RUCHIRA,7.76,7.76
JINDRILL,17.24,17.24
TANLA,22.63,22.63
LUMAXTECH,19.63,19.63
WANBURY,8.7,16.02
GANDHITUBE,19.92,19.92
IZMO,17.33,17.33
PGIL,16.16,16.12
TTL,49.48,49.48
BALAMINES,29.93,29.93
AROGRANITE,38.24,38.24
BFUTILITIE,12.36,12.36
ALPHAGEO,207.49,30.49
HILTON,29.57,29.57
INSECTICID,25.79,25.79
NAVINFLUOR,61.14,73.79
NAGREEKEXP,10.07,10.07
HGS,54.89,54.89
DLF,124.49,124.49
ADSL,17.78,17.78
ISMTLTD,19.67,18.35
NAGREEKCAP,.52,.52
CENTUM,,377.02
MANGCHEFER,8.08,8.08
DELTACORP,12.73,15.14
BAJAJELEC,79.27,79.27
RELIGARE,20.16,42.36
ADANIPORTS,36.6,35.21
COLPAL,55.54,54.95
JYOTHYLAB,41.29,41.29
KALYANIFRG,34.95,34.95
ECLERX,20.89,20.84
TRIL,197.46,197.46
PATINTLOG,24.72,24.72
ARIES,20.93,20.93
AMBIKCO,13.85,13.85
CEATLTD,15.74,14.64
JKIL,15.62,15.62
KNRCON,14.26,14.26
HERCULES,42.55,42.55
ONMOBILE,48.97,48.97
IRB,46.97,46.97
NAHARCAP,12.73,12.73
VGUARD,62.3,62.3
NESCO,16.86,16.86
DPSCLTD,98.21,98.21
BAJAJFINSV,16.37,16.37
RPGLIFE,27.6,27.6
RBL,16.8,16.42
ARCHIDPLY,28.54,28.54
VINYLINDIA,29.69,29.69
20MICRONS,10.41,10.2
TATAMTRDVR,1.04,1.01
COUNCODOS,26.21,26.21
MAWANASUG,10.26,10.26
AJMERA,23.1,23.1
EXCEL,71.43,71.43
ADANIPOWER,12.57,12.57
GLOBUSSPR,16.59,16.59
SARDAEN,16.29,16.23
JSWENERGY,62.72,62.72
GODREJPROP,107.27,107.27
BEARDSELL,17.85,17.85
UNITEDTEA,10.79,10.79
THANGAMAYL,28.04,28.04
KSL,19.74,19.74
MANAPPURAM,6.68,6.68
TI,31.57,30.91
IMFA,10.42,10.42
AHLEAST,13.64,23.12
ADFFOODS,31.64,31.64
KILITCH,40.98,40.98
CAREERP,12.45,12.45
CANTABIL,28.6,29.15
BEDMUTHA,47.85,47.85
PRESTIGE,32.69,32.89
IOLCP,15.78,15.78
PENIND,19.57,19.57
KICL,40.3,64.99
HINDMOTORS,29.18,29.18
TEXRAIL,81.47,81.47
LOVABLE,41.63,41.63
VADILALIND,21.32,21.32
RELAXO,100.31,100.31
KARMAENG,747.03,747.03
ASHIANA,47.18,47.18
RUSHIL,20.42,20.42
PENINLAND,14.49,20.44
WHEELS,33.66,33.66
ZODIACLOTH,27.64,
PREMIERPOL,19.48,19.48
SMLISUZU,28.7,28.7
FACT,309.39,115.44
EXIDEIND,49.12,49.12
ELECON,36.61,36.61
LAXMIMACH,45.12,45.12
ORIENTPPR,17.76,17.76
NELCO,74.26,74.26
MAHSCOOTER,43.79,43.79
LUMAXIND,44.86,44.86
KECL,87.92,87.92
KCP,8.11,8.09
JAYBARMARU,36.28,36.28
INFY,23.21,23.21
IFBIND,113.24,113.24
IGPL,38.59,38.59
GNFC,14.24,14.24
BPCL,5.44,5.3
BASF,33.54,33.54
ARVIND,27.02,27.16
ACC,20.77,23.4
SCI,18.89,18.89
LINDEINDIA,221.86,221.86
HINDPETRO,5.46,5.46
ASHOKLEY,24.86,24.38
TITAN,86.62,86.62
SUNDARMFIN,33.52,32.05
VEDL,22.45,33.64
SBIN,10.89,10.11
PFIZER,37.97,38.43
BATAINDIA,65.93,60.3
DEEPAKFERT,13.92,13.92
MAHSEAMLES,10.06,10.02
COROMANDEL,22.8,22.8
VINDHYATEL,23.49,23.49
ADORWELD,27.13,27.13
CENTENKA,28.47,28.47
VTL,22.3,22.3
VLSFINANCE,4.25,4.25
SUPREMEIND,74.43,74.43
BALRAMCHIN,15.12,15.12
WEIZMANIND,19.82,19.82
RANEHOLDIN,19.31,9.03
SUNPHARMA,36.43,34.92
SHREYANIND,3.65,3.65
HCC,12.48,
APOLLOHOSP,104.91,105.07
IVP,14.21,14.21
INDBANK,27,27
GET&D,166.95,166.95
BANARISUG,20.09,20.09
ANIKINDS,40.74,40.74
JYOTISTRUC,106.35,106.35
BLUEDART,56.73,56.73
APCOTEXIND,38.39,38.39
SOTL,17.09,17.09
KARURVYSYA,9.93,9.93
DECCANCE,21.95,16.57
WSI,15.3,15.12
THOMASCOOK,35.69,35.69
SPMLINFRA,42.52,42.52
SIEMENS,108.81,108.81
VSTIND,20.53,20.53
TOKYOPLAST,73.03,51.29
SOMANYCERA,30.19,30.11
M&M,28.47,28.47
HEIDELBERG,29.32,29.32
POLYPLEX,29.98,29.98
3PLAND,30.17,30.17
HONDAPOWER,28.24,29.44
JINDALSAW,11.15,11.15
ABB,119.29,119.29
GRAPHITE,13.76,603.68
BBL,35.75,35.75
DHAMPURSUG,10.71,10.71
CONTROLPR,25,25.02
MAHASTEEL,36.23,44.55
DAMODARIND,20.66,20.66
MOLDTECH,24.67,24.67
POKARNA,19.39,19.39
GPTINFRA,24.39,24.39
MINDTECK,25.27,25.27
ADVENZYMES,30.49,28.4
SPAL,16.37,16.37
RBLBANK,12.1,12.1
LTTS,37.58,37.58
GNA,16.88,16.88
HPL,59.38,59.38
ENDURANCE,44.85,44.85
PNBHOUSING,13.57,13.57
VBL,86.36,86.36
PODDARMENT,14.69,14.69
NBIFIN,56.68,56.68
SFL,45.35,56.03
TCIEXP,29.83,29.83
TERASOFT,23.22,20.39
HISARMETAL,16.34,16.34
CAPTRUST,89.99,89.99
BHANDARI,19.39,19.39
PRICOLLTD,38.21,38.21
JITFINFRA,57.99,57.99
RADIOCITY,83.09,83.09
TASTYBITE,66.88,66.88
URJA,390.86,390.86
NRAIL,5.7,5.7
PSPPROJECT,20.69,20.69
STARCEMENT,30.25,30.25
ERIS,30.87,30.87
STEELXIND,134.76,134.76
SALASAR,63.37,62.77
MAGADSUGAR,7.82,7.82
SIS,35.99,35.99
APEX,44.92,44.92
CAPACITE,31.41,31.41
TCPLPACK,19.54,19.54
TIINDIA,62.13,62.14
IFGLEXPOR,27.48,27.48
DNAMEDIA,.44,
APOLLO,104.68,104.68
GMMPFAUDLR,31.13,31.13
HGINFRA,17.72,18.11
HAL,44.2,44.2
MIDHANI,75.65,75.65
LEMONTREE,71.27,71.27
INDOSTAR,23.33,23.33
ADANIGREEN,308.92,247.72
FINEORG,32.7,32.67
VARROC,16.48,16.48
CREDITACC,14.86,14.86
SIGIND,16.76,16.76
TECHNOE,57.8,57.8
DALBHARAT,39.56,39.56
CHALET,60.04,60.04
KOTAKBANK,18.84,18.84
KANSAINER,18.82,33.18
SCHAEFFLER,79.54,79.24
MFSL,86.07,86.07
GODFRYPHLP,29.76,29.76
SUDARSCHEM,15.38,49.03
HINDALCO,15.08,15.1
AMBUJACEM,32.89,34.46
CGPOWER,110.36,113.07
BEL,53.59,53.59
REMSONSIND,48.78,47.83
GUJRAFFIA,43.85,43.85
INDRAMEDCO,17.63,17.63
BANKINDIA,9.3,9.3
HUDCO,23.65,23.65
PNC,35.58,35.58
AXISCADES,64.3,64.3
HIKAL,51.63,51.63
LUPIN,37.77,37.77
BHARTIARTL,133,84.99
SURANAT&P,28.06,28.06
GENESYS,239.51,239.51
JSL,21.83,22.49
DREDGECORP,58.49,57.51
MUKANDLTD,21.32,21.32
DATAMATICS,16.44,16.44
APARINDS,37.99,37.98
TEXINFRA,378.48,378.48
GUFICBIO,37.17,37.17
DWARKESH,15.52,15.52
XCHANGING,94.69,94.69
EVEREADY,58.78,58.78
JSWHL,61.93,61.93
MSPL,47.73,41.96
GOLDIAM,19.32,19.32
IMPAL,17.01,17.01
NAUKRI,108.45,101.07
MANALIPETC,70.2,61.8
SOBHA,368.08,368.14
PARACABLES,28.94,28.94
TIDEWATER,24.09,24.09
PTL,23.43,23.43
TIIL,19.7,19.7
PFC,8.44,8.44
PAGEIND,71.24,71.24
INDOWIND,31.23,27.29
POWERGRID,18.66,18.66
MHRIL,69.08,69.08
NHPC,25.02,25.02
DEN,11.17,11.17
DBCORP,12.23,12.23
WHIRLPOOL,86.48,81.48
EMMBI,18.1,18.1
ISFT,20.33,20.33
KIRLOSBROS,37.94,38.47
UMESLTD,88.52,88.52
BLISSGVS,13.39,6.31
GPPL,28.26,25.82
DEEPAKNTR,38.68,41.8
RAMKY,2.52,74.36
OBEROIRLTY,34.75,34.75
COALINDIA,9.37,9.37
MOIL,33.7,33.7
PSB,69.95,69.95
SUMMITSEC,20.24,20.24
HFCL,45.11,45.11
MUTHOOTFIN,16.32,16.32
VSTTILLERS,23.34,23.34
INVENTURE,24.25,21.28
DRREDDY,17.89,17.89
HINDOILEXP,9.89,9.89
MOTOGENFIN,110.41,110.41
ASIANPAINT,51.48,51.48
TATACHEM,73.31,22.26
VIPIND,132.98,210.63
AEGISCHEM,39.4,39.4
JTEKTINDIA,43.22,45.82
ASHIMASYN,6.6,6.6
NEULANDLAB,26.45,26.45
LIBERTSHOE,86.77,82.08
EIHAHOTELS,27.06,27.06
IDBI,16.04,16.04
CANFINHOME,13.21,13.21
DABUR,55.83,55.83
ARIHANTSUP,19.89,19.89
SHANKARA,20.04,20.04
WIPL,34.55,34.55
BHAGYANGR,7.39,7.39
AUBANK,30.8,29.59
OPTIEMUS,41.94,41.94
ABCAPITAL,18.85,18.85
MATRIMONY,24.76,24.76
MASFIN,18.47,18.47
5PAISA,30.19,30.19
GALAXYSURF,29.24,29.24
BDL,111.76,111.76
ISEC,13.83,13.83
ORIENTELEC,63.55,79.02
WINDMACHIN,57.74,57.74
ASAHISONG,139.39,
BROOKS,146.38,146.38
TDPOWERSYS,43.28,43.28
APLLTD,29.89,29.89
PGEL,48.72,48.72
PANAMAPET,11.74,11.74
PAISALO,32.54,32.6
TRITURBINE,67.63,67.63
INDOTHAI,20.08,20.08
DSSL,29.39,29.39
POLYMED,67.73,67.88
VIKASECO,77.06,77.06
KANANIIND,123.9,123.9
MINDACORP,45.02,45.02
DBSTOCKBRO,20.17,20.17
SCHNEIDER,109.25,107.16
NDL,13.16,13.16
