SERIES,SYMBOL,SECURITY,RECORD_DT,BC_STRT_DT,BC_END_DT,EX_DT,ND_STRT_DT,ND_END_DT,PURPOSE
BE,CANBK,Canara Bank,15/05/2024, , ,15/05/2024, , ,FVSPLT FRM RS 10 TO RS 2 
BE,SCHAEFFLER,Schaeffler India Ltd, ,20/04/2024,26/04/2024,19/04/2024, , ,AGM/DIV - RS 26 PER SH   
BE,ISEC,ICICI Securities Limited,26/04/2024, , ,26/04/2024, , ,INTDIV - RS 17 PER SH    
BE,BHAGCHEM,Bhagiradha Chem & Inds L,02/05/2024, , ,02/05/2024, , ,FVSPLT FRM RS 10 TO RE 1 
BE,OFSS,Oracle Fin Serv Soft Ltd.,07/05/2024, , ,07/05/2024, , ,INTDIV - RS 240 PER SH   
BE,SANOFI,Aventis Pharma Limited,03/05/2024, , ,03/05/2024, , ,DIV - RS 117 PER SH      
BE,AJOONI,Ajooni Biotech Limited,02/05/2024, , ,02/05/2024, , ,RIGHTS 1:1 @ PRM RS 3/-  
BE,CRISIL,CRISIL Limited,03/05/2024, , ,03/05/2024, , ,INTDIV - RS 7 PER SH     
BE,SPMLINFRA,SPML Infra Limited, ,19/04/2024,26/04/2024,18/04/2024, , ,EGM                      
BE,ABB,ABB India Limited, ,05/05/2024,11/05/2024,03/05/2024, , ,AGM/DIV RS 23.80 PER SH  
BE,ANSALAPI,AnsalProperties-Roll Sett, ,26/04/2024,02/05/2024,25/04/2024, , ,ANNUAL GENERAL MEETING   
EQ,ABB,ABB India Limited, ,05/05/2024,11/05/2024,03/05/2024, , ,AGM/DIV RS 23.80 PER SH  
EQ,AJOONI,Ajooni Biotech Limited,02/05/2024, , ,02/05/2024, , ,RIGHTS 1:1 @ PRM RS 3/-  
EQ,CANBK,Canara Bank,15/05/2024, , ,15/05/2024, , ,FVSPLT FRM RS 10 TO RS 2 
EQ,OFSS,Oracle Fin Serv Soft Ltd.,07/05/2024, , ,07/05/2024, , ,INTDIV - RS 240 PER SH   
EQ,BHAGCHEM,Bhagiradha Chem & Inds L,02/05/2024, , ,02/05/2024, , ,FVSPLT FRM RS 10 TO RE 1 
EQ,SANOFI,Aventis Pharma Limited,03/05/2024, , ,03/05/2024, , ,DIV - RS 117 PER SH      
EQ,SCHAEFFLER,Schaeffler India Ltd, ,20/04/2024,26/04/2024,19/04/2024, , ,AGM/DIV - RS 26 PER SH   
EQ,SPMLINFRA,SPML Infra Limited, ,19/04/2024,26/04/2024,18/04/2024, , ,EGM                      
EQ,CRISIL,CRISIL Limited,03/05/2024, , ,03/05/2024, , ,INTDIV - RS 7 PER SH     
EQ,ANSALAPI,Ansal Properties & Ind Lt, ,26/04/2024,02/05/2024,25/04/2024, , ,ANNUAL GENERAL MEETING   
EQ,ISEC,ICICI Securities Limited,26/04/2024, , ,26/04/2024, , ,INTDIV - RS 17 PER SH    
GS,GS100524C,GOI STRIPS C 100524,08/05/2024, , , , , ,REDEMPTION               
N1,LICHSGFIN,LH 7.8350% 2027 Tr 438,26/04/2024, , ,26/04/2024, , ,INTEREST PAYMENT         
N3,TATACAPHSG,Sec Red NCD 7.92% Sr.II,26/04/2024, , ,26/04/2024, , ,INTEREST PAYMENT         
N4,TATACAPHSG,Sec Red NCD 8.01% Sr.II,26/04/2024, , ,26/04/2024, , ,INTEREST PAYMENT         
N5,NAVIFIN,Sec Re NCD 10.25% Sr.II,03/05/2024, , ,03/05/2024, , ,INTEREST PAYMENT         
N7,TATACAPHSG,Sec Red NCD 8.01% Sr.IV,26/04/2024, , ,26/04/2024, , ,INTEREST PAYMENT         
N7,NAVIFIN,Sec Re NCD 10.50% Sr.IV,03/05/2024, , ,03/05/2024, , ,INTEREST PAYMENT         
N8,TATACAPHSG,Sec Red NCD 8.10% Sr.IV,26/04/2024, , ,26/04/2024, , ,INTEREST PAYMENT         
N9,NAVIFIN,Sec Re NCD 10.00% Sr. I,28/04/2024, , ,26/04/2024, , ,INTEREST PAYMENT         
NA,NAVIFIN,Sec Re NCD 10.40% Sr.II,28/04/2024, , ,26/04/2024, , ,INTEREST PAYMENT         
NB,PCHFL,PCHFL MIBOR Linked 2025,26/04/2024, , ,26/04/2024, , ,INTEREST PAYMENT         
NC,NAVIFIN,Sec Re NCD 10.65% Sr.IV,28/04/2024, , ,26/04/2024, , ,INTEREST PAYMENT         
SG,582TS24,SDL TS 5.82% 2024,09/05/2024, , , , , ,REDEMPTION               
SG,565KL24,SDL KL 5.65% 2024,09/05/2024, , , , , ,REDEMPTION               
SG,56HR24,SDL HR 5.6% 2024,16/05/2024, , , , , ,REDEMPTION               
SG,538RJ24,SDL RJ 5.38% 2024,22/05/2024, , , , , ,REDEMPTION               
SM,SABAR,Sabar Flex India Limited, ,30/04/2024,06/05/2024,29/04/2024, , ,ANNUAL GENERAL MEETING   
SM,REMUS,Remus Pharmaceuticals L,02/05/2024, , ,02/05/2024, , ,INTDIV - RS 4 PER SH     
SQ,REMUS,Remus Pharmaceuticals L,02/05/2024, , ,02/05/2024, , ,INTDIV - RS 4 PER SH     
SQ,SABAR,Sabar Flex India Limited, ,30/04/2024,06/05/2024,29/04/2024, , ,ANNUAL GENERAL MEETING   
ST,SABAR,Sabar Flex India Limited, ,30/04/2024,06/05/2024,29/04/2024, , ,ANNUAL GENERAL MEETING   
ST,REMUS,Remus Pharmaceuticals L,02/05/2024, , ,02/05/2024, , ,INTDIV - RS 4 PER SH     
U1,LICHSGFIN,LH 7.8350% 2027 Tr 438,26/04/2024, , ,26/04/2024, , ,INTEREST PAYMENT         
U3,TATACAPHSG,Sec Red NCD 7.92% Sr.II,26/04/2024, , ,26/04/2024, , ,INTEREST PAYMENT         
U4,TATACAPHSG,Sec Red NCD 8.01% Sr.II,26/04/2024, , ,26/04/2024, , ,INTEREST PAYMENT         
U5,NAVIFIN,Sec Re NCD 10.25% Sr.II,03/05/2024, , ,03/05/2024, , ,INTEREST PAYMENT         
U7,NAVIFIN,Sec Re NCD 10.50% Sr.IV,03/05/2024, , ,03/05/2024, , ,INTEREST PAYMENT         
U7,TATACAPHSG,Sec Red NCD 8.01% Sr.IV,26/04/2024, , ,26/04/2024, , ,INTEREST PAYMENT         
U8,TATACAPHSG,Sec Red NCD 8.10% Sr.IV,26/04/2024, , ,26/04/2024, , ,INTEREST PAYMENT         
U9,NAVIFIN,Sec Re NCD 10.00% Sr. I,28/04/2024, , ,26/04/2024, , ,INTEREST PAYMENT         
UA,NAVIFIN,Sec Re NCD 10.40% Sr.II,28/04/2024, , ,26/04/2024, , ,INTEREST PAYMENT         
UB,PCHFL,PCHFL MIBOR Linked 2025,26/04/2024, , ,26/04/2024, , ,INTEREST PAYMENT         
UC,NAVIFIN,Sec Re NCD 10.65% Sr.IV,28/04/2024, , ,26/04/2024, , ,INTEREST PAYMENT         

