SYMBOL,SERIES,SECURITY,HIGH/LOW,INDEX FLAG
86GS2028,GS,GOI LOAN 8.6% 2028,H
ABMINTLLTD,EQ,ABM INTERNATIONAL LTD,H
ACL,EQ,ANDHRA CEMENTS LIMITED,H
ADROITINFO,EQ,ADROIT INFOTECH LIMITED,H
ADROITPP,E1,ADROITINF RS.2.50 PPD UP,H
AKI,EQ,AKI INDIA LIMITED,H
ALPSINDUS,EQ,ALPS INDUSTRIES LTD,H
ARVEE,BE,ARVEE LABORATORIES I LTD,H
ASMS,EQ,BARTRONICS INDIA LIMITED,H
BALAJITELE,EQ,BALAJI TELEFILMS LIMITED.,H
BINANIIND,EQ,BINANI INDUSTRIES LTD,H
BIRLAMONEY,EQ,ADITYA BIRLA MONEY LTD,H
BKMINDST,BZ,BKM INDUSTRIES LIMITED,H
BLUECHIP,BE,BLUE CHIP INDIA LIMITED,H
CADSYS,ST,CADSYS (INDIA) LIMITED,H
CELLECOR,SM,CELLECOR GADGETS LIMITED,H
CMMIPL,ST,CMM INFRAPROJECTS LIMITED,H
CMRSL,SM,CYBER MEDIA RES & SER LTD,H
COUNCODOS,EQ,COUNTRY CONDO S LIMITED,H
CREATIVEYE,EQ,CREATIVE EYE LIMITED,H
CTE,BE,CAMBRIDGE TECH ENTER LTD,H
DCI,BE,DC INFOTECH AND COMUN LTD,H
DGCONTENT,EQ,DIGICONTENT LIMITED,H
DOLPHIN,BE,DOLPHIN OFF ENT (IND) L,H
DYNAMIC,SM,DYNAMIC SRVCS & SEC LTD,H
EDUCOMP,BZ,EDUCOMP SOLUTIONS LTD,H
EIMCOELECO,BE,EIMCO ELECON (INDIA) LTD,H
EMKAY,EQ,EMKAY GLOBAL FIN SERV LTD,H
EQUIPPP,BE,EQUIPPP SOC IMP TECH LTD,H
ESSENTIA,BE,INTEGRA ESSENTIA LIMITED,H
EXCEL,EQ,EXCEL REALTY N INFRA LTD,H
FEL,BZ,FUTURE ENTERPRISES LTD,H
FLFL,BZ,FUT LIFESTYLE FASH LTD,H
GAYAHWS,BE,GAYATRI HIGHWAYS LIMITED,H
GLOBE,EQ,GLOBE TEXTILES (I) LTD.,H
GOKUL,BE,GOKUL REFOILS & SOLV LTD,H
GTLINFRA,EQ,GTL INFRA.LTD,H
GUJRAFFIA,BE,GUJARAT RAFFIA INDUST LTD,H
HAVISHA,EQ,SRI HAVISHA HOSP & INFR L,H
HDIL,BZ,HOUSING DEV & INFRA LTD,H
HEADSUP,BE,HEADS UP VENTURES LIMITED,H
HOMESFY,ST,HOMESFY REALTY LIMITED,H
HPIL,EQ,HINDPRAKASH INDUSTRY LTD,H
HUBTOWN,BE,HUBTOWN LIMITED,H
HYBRIDFIN,EQ,HYBRID FINANCIAL SERVICE,H
IL&FSTRANS,BZ,IL&FS TRANS NET LTD,H
INDSWFTLTD,BE,IND-SWIFT LIMITED,H
ISHAN,SM,ISHAN INTERNATIONAL LTD,H
IWEL,BE,INOX WIND ENERGY LIMITED,H
JAIBALAJI,BE,JAI BALAJI INDUSTRIES LTD,H
JALAN,SM,JALAN TRANSOLU. INDIA LTD,H
JAYNECOIND,EQ,JAYASWAL NECO INDUSTR LTD,H
JETAIRWAYS,BZ,JET AIRWAYS (INDIA) LTD.,H
JITFINFRA,BE,JITF INFRALOGISTICS LTD,H
JYOTISTRUC,BE,JYOTI STRUCTURES,H
KBCGLOBAL,EQ,KBC GLOBAL LIMITED,H
KDL,SM,KORE DIGITAL LIMITED,H
KEEPLEARN,EQ,DSJ KEEP LEARNING LTD,H
KILITCH,EQ,KILITCH DRUGS INDIA LTD,H
KIRLPNU,EQ,KIRLOSKAR PNEUMATIC COM L,H
LAGNAM,BE,LAGNAM SPINTEX LIMITED,H
LAKPRE,BZ,LAKSHMI PRE SCRE LTD,H
LLOYDS,SM,LLOYDS LUXURIES LIMITED,H
LOTUSEYE,BE,LOTUS EYE HOSP & INST L,H
MAFANG,EQ,MIRAEAMC - MAFANG,H
MAKS,SM,MAKS ENERGY SOL INDIA LTD,H
MANAKCOAT,EQ,MAN COAT METAL & IND LTD,H
MANORAMA,BE,MANORAMA INDUSTRIES LTD,H
MARINE,EQ,MARINE ELECTRICAL (I) LTD,H
MASKINVEST,EQ,MASK INVESTMENTS LIMITED,H
MAXIND,EQ,MAX INDIA LIMITED,H
MEGAFLEX,SM,MEGA FLEX PLASTICS LTD,H
MGEL,EQ,MANGALAM GLOBAL ENT LTD,H
MIRCELECTR,EQ,MIRC ELECTRONICS LTD,H
MODISONLTD,BE,MODISON LIMITED,H
NILASPACES,BE,NILA SPACES LIMITED,H
NORBTEAEXP,EQ,NORBEN TEA & EXPORTS LTD,H
NPST,SM,NETWORK PEOPLE SRV TECH L,H
ONELIFECAP,BE,ONELIFE CAP ADVISORS LTD,H
ORIANA,SM,ORIANA POWER LIMITED,H
OWAIS,SM,OWAIS METAL & MINERAL,H
PRAMARA,SM,PRAMARA PROMOTIONS LTD,H
PREMIER,BE,PREMIER LIMITED,H
PURVA,BE,PURAVANKARA LIMITED,H
RAJTV,BE,RAJ TV NETWORK LTD,H
REFEX,EQ,REFEX INDUSTRIES LIMITED,H
RHFL,BE,RELIANCE HOME FINANCE LTD,H
RKDL,EQ,RAVI KUMAR DIST. LTD.,H
RKEC,EQ,RKEC PROJECTS LIMITED,H
ROLLT,BE,ROLLATAINERS LIMITED,H
ROML,EQ,RAJ OIL MILLS LIMITED,H
ROSSELLIND,EQ,ROSSELL INDIA LIMITED,H
SABEVENTS,BE,SAB EVENTS & GOVERNANCE,H
SABTNL,BE,SRI ADHIKARI BRO TELE N L,H
SADBHAV,BE,SADBHAV ENGINEERING LTD,H
SADBHIN,BE,SADBHAV INFRA PROJ LTD.,H
SALZERELEC,EQ,SALZER ELECTRONICS LTD,H
SEL,SM,SUNGARNER ENERGIES LTD,H
SETCO,EQ,SETCO AUTOMOTIVE LTD,H
SEYAIND,BE,SEYA INDUSTRIES LIMITED,H
SHAH,EQ,SHAH METACORP LIMITED,H
SHRENIK,EQ,SHRENIK LIMITED,H
SHYAMTEL,BE,SHYAM TELECOM LIMITED,H
SMVD,SM,SMVD POLY PACK LIMITED,H
SOFTTECH,EQ,SOFTTECH ENGINEERS LTD,H
SOLEX,SM,SOLEX ENERGY LIMITED,H
SOMATEX,EQ,SOMA TEXTILES & INDUST LT,H
SPRL,ST,SP REFRACTORIES LIMITED,H
SUMEETINDS,BE,SUMEET IND LIMITED,H
SUPREMEENG,BE,SUPREME ENGINEERING LTD,H
SVPGLOB,EQ,SVP GLOBAL TEXTILES LTD,H
SWELECTES,EQ,SWELECT ENERGY SYS LTD,H
SWSOLAR,EQ,STRLNG & WIL REN ENE LTD,H
TARACHAND,BE,TARA CHAND INFRA SOLN LTD,H
TCLCONS,EQ,TANTIA CONSTRUCTIONS LTD,H
TECHLABS,SM,TRIDENT TECHLABS LIMITED,H
TGL,ST,TEERTH GOPICON LIMITED,H
THEINVEST,EQ,THE INVEST TRUST OF IND L,H
TIJARIA,BE,TIJARIA POLYPIPES LTD,H
TNTELE,BE,TAMILNADU TELECOMMUNICATI,H
UNITECH,BZ,UNITECH LIMITED,H
VERTEXPLUS,SM,VERTEXPLUS TECHNOLOGIES L,H
VIJIFIN,BE,VIJI FINANCE LIMITED,H
VITAL,SM,VITAL CHEMTECH LIMITED,H
VIVIANA,SM,VIVIANA POWER TECH LTD,H
VLEGOV,BE,VL E GOV AND IT SOL LTD,H
VMARCIND,SM,V MARC INDIA LIMITED,H
WALPAR,SM,WALPAR NUTRITIONS LIMITED,H
WEL,BE,WONDER ELECTRICALS LTD,H
WINSOME,BE,WINSOME YARNS LIMITED,H
ZENITHSTL,EQ,ZENITH STEEL PIP IND LTD,H
AGARWALFT,ST,AGARWAL FLOAT GLASS I LTD,L
ANTGRAPHIC,BE,ANTARCTICA LTD,L
ATALREAL,EQ,ATAL REALTECH LIMITED,L
BIRDYS,ST,GRILL SPLENDOUR SER LTD,L
BKMINDST,BZ,BKM INDUSTRIES LIMITED,L
CAREERP,EQ,CAREER POINT LIMITED,L
CMMIPL,ST,CMM INFRAPROJECTS LIMITED,L
COUNCODOS,EQ,COUNTRY CONDO S LIMITED,L
CRAYONS,SM,CRAYONS ADVERTISING LTD,L
DCMFINSERV,BE,DCM FINANCIAL SERVICES LT,L
FCONSUMER,EQ,FUTURE CONSUMER LIMITED,L
FCSSOFT,EQ,FCS SOFTWARE SOLN. LTD.,L
FELDVR,BE,FUTURE ENTERPRISES LTD,L
FLFL,BZ,FUT LIFESTYLE FASH LTD,L
FSC,BZ,FUTURE SUPP CHAIN SOL LTD,L
GAYAHWS,BE,GAYATRI HIGHWAYS LIMITED,L
GICL,SM,GLOBE INTL CARRIERS LTD,L
GIRIRAJ,ST,GIRIRAJ CIVIL DEVP LTD,L
GODHA,BE,GODHA CABCON INSULAT LTD,L
GOENKA,BZ,GOENKA DIAMOND&JEWELS LTD,L
HEADSUP,BE,HEADS UP VENTURES LIMITED,L
INCREDIBLE,EQ,INCREDIBLE INDUSTRIES LTD,L
INDOTECH,BE,INDO TECH TRANSFORM LTD.,L
KPIGREEN,EQ,KPI GREEN ENERGY LIMITED,L
MBECL,EQ,MCNALLY BH. ENG. CO.LTD,L
MEP,BE,MEP INFRA. DEVELOPERS LTD,L
METALFORGE,BZ,METALYST FORGINGS LIMITED,L
MHLXMIRU,BE,MAHALAXMI RUBTECH LIMITED,L
MICEL,EQ,MIC ELECTRONICS LTD,L
NILASPACES,BE,NILA SPACES LIMITED,L
PAISALO,EQ,PAISALO DIGITAL LIMITED,L
PCJEWELLER,EQ,PC JEWELLER LTD,L
PRATHAM,SM,PRATHAM EPC PROJECTS LTD,L
RAJRILTD,BE,RAJ RAYON INDUSTRIES LTD,L
RBMINFRA,SM,RBM INFRACON LIMITED,L
RBS,ST,RAMDEVBABA SOLVENT LTD,L
RCOM,BE,RELIANCE COMMUNICATIONS L,L
SAKUMA-RE,BE,SAKUMA EXPORTS LIMITED,L
SECL,SM,SALASAR EXTERIOR CONT LTD,L
SEJALLTD,BE,SEJAL GLASS LIMITED,L
SOFTTECH,EQ,SOFTTECH ENGINEERS LTD,L
SOMATEX,EQ,SOMA TEXTILES & INDUST LT,L
SPARC,EQ,SUN PHARMA ADV.RES.CO.LTD,L
SRPL,BE,SHREE RAM PROTEINS LTD.,L
SUMEETINDS,BE,SUMEET IND LIMITED,L
TRANSWIND,SM,TRANSWIND INFRA LIMITED,L
TRIL,BE,TRANS & RECTI. LTD,L
UNITECH,BZ,UNITECH LIMITED,L
WEBELSOLAR,BE,WEBSOL ENERGY SYSTEM LTD,L
WINSOME,BE,WINSOME YARNS LIMITED,L
WOMANCART,SM,WOMANCART LIMITED,L
XELPMOC,BE,XELPMOC DESIGN & TECH LTD,L
