GAIN_LOSS,SECURITY,CLOSE_PRIC,PREV_CL_PR,PERCENT_CG
 ,Nifty 50 Sec., , , 
 , , , , 
G,TECH MAHINDRA LIMITED,      1278.75,      1190.30,7.43
G,DIVI S LABORATORIES LTD,      4016.35,      3843.80,4.49
G,LTIMINDTREE LIMITED,      4788.05,      4634.70,3.31
G,BAJAJ AUTO LIMITED,      8974.30,      8734.90,2.74
G,BHARAT PETROLEUM CORP  LT,       609.45,       603.40,1
G,WIPRO LTD,       464.60,       461.00,.78
G,COAL INDIA LTD,       455.80,       452.45,.74
G,ITC LTD,       440.00,       437.55,.56
G,DR. REDDY S LABORATORIES,      6252.10,      6218.75,.54
G,HINDALCO  INDUSTRIES  LTD,       649.30,       646.80,.39
G,TITAN COMPANY LIMITED,      3584.80,      3571.10,.38
G,OIL AND NATURAL GAS CORP.,       282.90,       281.95,.34
G,AXIS BANK LIMITED,      1130.30,      1127.00,.29
G,SHRIRAM FINANCE LIMITED,      2498.60,      2491.85,.27
G,CIPLA LTD,      1409.15,      1406.20,.21
G,ULTRATECH CEMENT LIMITED,      9700.90,      9683.75,.18
 , , , , 
L,BAJAJ FINANCE LIMITED,      6731.20,      7294.90,-7.73
L,BAJAJ FINSERV LTD.,      1597.35,      1655.55,-3.52
L,INDUSIND BANK LIMITED,      1446.40,      1496.10,-3.32
L,NESTLE INDIA LIMITED,      2482.75,      2562.65,-3.12
L,MAHINDRA & MAHINDRA LTD,      2044.90,      2096.85,-2.48
L,KOTAK MAHINDRA BANK LTD,      1608.50,      1642.45,-2.07
L,JSW STEEL LIMITED,       887.25,       905.80,-2.05
L,SBI LIFE INSURANCE CO LTD,      1415.25,      1444.45,-2.02
L,HCL TECHNOLOGIES LTD,      1473.85,      1504.15,-2.01
L,APOLLO HOSPITALS ENTER. L,      6258.60,      6384.10,-1.97
L,MARUTI SUZUKI INDIA LTD.,     12703.35,     12922.50,-1.7
L,STATE BANK OF INDIA,       801.30,       812.70,-1.4
L,LARSEN & TOUBRO LTD.,      3605.20,      3652.30,-1.29
L,HDFC LIFE INS CO LTD,       587.85,       594.70,-1.15
L,TATA STEEL LIMITED,       165.80,       167.70,-1.13
L,ADANI ENTERPRISES LIMITED,      3080.40,      3115.25,-1.12
L,GRASIM INDUSTRIES LTD,      2342.45,      2367.45,-1.06
L,BHARTI AIRTEL LIMITED,      1326.00,      1338.70,-0.95
L,BRITANNIA INDUSTRIES LTD,      4800.45,      4844.15,-0.9
L,SUN PHARMACEUTICAL IND L,      1506.55,      1520.15,-0.89
L,NTPC LTD,       356.00,       359.20,-0.89
L,TATA CONSULTANCY SERV LT,      3821.35,      3852.20,-0.8
L,ASIAN PAINTS LIMITED,      2844.15,      2861.45,-0.6
L,INFOSYS LIMITED,      1430.25,      1438.45,-0.57
L,ICICI BANK LTD.,      1107.90,      1113.75,-0.53
L,RELIANCE INDUSTRIES LTD,      2905.10,      2919.95,-0.51
L,ADANI PORT & SEZ LTD,      1324.60,      1330.55,-0.45
L,HINDUSTAN UNILEVER LTD.,      2222.65,      2230.85,-0.37
L,POWER GRID CORP. LTD.,       292.25,       293.30,-0.36
L,TATA CONSUMER PRODUCT LTD,      1102.65,      1106.25,-0.33
 , , , , 
 ,Nifty Next 50 Sec., , , 
 , , , , 
G,INDIAN RAILWAY FIN CORP L,       158.05,       150.25,5.19
G,HAVELLS INDIA LIMITED,      1640.05,      1560.60,5.09
G,VEDANTA LIMITED,       396.55,       381.05,4.07
G,INTERGLOBE AVIATION LTD,      3935.35,      3812.55,3.22
G,SAMVRDHNA MTHRSN INTL LTD,       131.10,       127.20,3.07
G,PIDILITE INDUSTRIES LTD,      2982.50,      2919.45,2.16
G,COLGATE PALMOLIVE LTD.,      2855.15,      2799.65,1.98
G,ZOMATO LIMITED,       188.10,       184.70,1.84
G,INDIAN RAIL TOUR CORP LTD,      1044.45,      1027.80,1.62
G,DLF LIMITED,       908.00,       893.80,1.59
G,MARICO LIMITED,       517.85,       510.15,1.51
G,CHOLAMANDALAM IN & FIN CO,      1171.70,      1155.35,1.42
G,REC LIMITED,       457.00,       451.25,1.27
G,TATA POWER CO LTD,       436.90,       431.45,1.26
G,VARUN BEVERAGES LIMITED,      1459.70,      1441.95,1.23
G,ADANI ENERGY SOLUTION LTD,      1062.85,      1050.15,1.21
G,INDIAN OIL CORP LTD,       171.55,       170.20,0.79
G,SHREE CEMENT LIMITED,     24140.50,     23971.60,0.7
G,BHARAT ELECTRONICS LTD,       238.95,       237.60,0.57
G,TVS MOTOR COMPANY  LTD,      2016.50,      2005.75,0.54
G,DABUR INDIA LTD,       509.00,       506.45,0.5
G,PUNJAB NATIONAL BANK,       136.45,       135.90,0.4
G,ICICI PRU LIFE INS CO LTD,       566.25,       564.15,0.37
G,LIFE INSURA CORP OF INDIA,       988.05,       984.50,0.36
G,UNITED SPIRITS LIMITED,      1198.95,      1194.85,0.34
G,SIEMENS LTD,      5748.50,      5729.55,0.33
G,CANARA BANK,       617.60,       616.85,0.12
G,ADANI TOTAL GAS LIMITED,       919.15,       918.15,0.11
G,SRF LTD,      2640.80,      2638.90,0.07
G,GODREJ CONSUMER PRODUCTS,      1202.50,      1201.80,0.06
 , , , , 
L,AVENUE SUPERMARTS LIMITED,      4553.15,      4657.10,-2.23
L,JINDAL STEEL & POWER LTD,       931.85,       942.25,-1.1
L,SBI CARDS & PAY SER LTD,       750.45,       758.40,-1.05
L,AMBUJA CEMENTS LTD,       632.35,       638.35,-0.94
L,ICICI LOMBARD GIC LIMITED,      1692.65,      1706.80,-0.83
L,BAJAJ HOLDINGS & INVS LTD,      8146.65,      8200.55,-0.66
L,BERGER PAINTS (I) LTD,       503.10,       505.70,-0.51
L,TRENT LTD,      4304.85,      4323.15,-0.42
L,HINDUSTAN AERONAUTICS LTD,      3984.40,      4000.75,-0.41
L,ZYDUS LIFESCIENCES LTD,       947.40,       951.25,-0.4
L,ADANI GREEN ENERGY LTD,      1806.65,      1812.65,-0.33
L,ABB INDIA LIMITED,      6410.45,      6431.70,-0.33
L,BANK OF BARODA,       268.05,       268.65,-0.22
L,POWER FIN CORP LTD.,       406.15,       407.05,-0.22
L,INFO EDGE (I) LTD,      5896.85,      5906.10,-0.16
L,JIO FIN SERVICES LTD,       381.75,       382.30,-0.14
L,ADANI POWER LTD,       591.60,       592.35,-0.13
L,TORRENT PHARMACEUTICALS L,      2691.00,      2694.30,-0.12
L,BOSCH LIMITED,     28877.20,     28901.05,-0.08
 , , , , 
 ,OTHER SECURITIES, , , 
 , , , , 
G,VITAL CHEMTECH LIMITED,        92.40,        77.00,20
G,ROSSELL INDIA LIMITED,       468.35,       390.30,20
G,MANGALAM GLOBAL ENT LTD,        23.25,        19.40,19.85
G,KIRLOSKAR PNEUMATIC COM L,      1068.70,       908.60,17.62
G,SEC RE NCD 9.48% SR.V,       925.00,       800.00,15.63
G,MEDICAMEN BIOTECH LIMITED,       485.85,       422.10,15.1
G,ATMASTCO LIMITED,       227.20,       197.85,14.83
G,USHANTI COLOUR CHEM LTD,        64.95,        57.00,13.95
G,KIRLOSKAR INDUSTRIES LTD,      5232.65,      4637.15,12.84
G,HSG & URBAN DEV CORPN LTD,       228.10,       203.05,12.34
G,MAXPOSURE LIMITED,        95.35,        85.50,11.52
G,D. P. ABHUSHAN LIMITED,      1133.45,      1026.50,10.42
G,KIRLOSKAR ELECTRIC CO LTD,       130.60,       118.40,10.3
G,EXCEL REALTY N INFRA LTD,          .55,          .50,10
G,TANTIA CONSTRUCTIONS LTD,        33.75,        30.70,9.93
G,ANDHRA CEMENTS LIMITED,        98.15,        89.40,9.79
G,DOLAT ALGOTECH LIMITED,       111.10,       101.85,9.08
G,EMKAY GLOBAL FIN SERV LTD,       162.90,       150.00,8.6
G,GLENMARK LIFE SCIENCE LTD,       814.95,       750.50,8.59
G,ASAHI SONGWON COLOR LTD,       384.00,       353.65,8.58
G,ZENSAR TECHNOLOGIES  LTD,       620.75,       574.70,8.01
G,BPL LTD,       112.05,       103.75,8
G,HARSHA ENGINEERS INT LTD,       443.35,       411.05,7.86
G,THE NEW INDIA ASSU CO LTD,       244.70,       226.90,7.84
G,WESTLIFE FOODWORLD LTD,       886.65,       822.80,7.76
G,SEC RE NCD 8.89% SR.VIII,       970.00,       900.30,7.74
G,LEXUS GRANITO (INDIA) LTD,        52.90,        49.15,7.63
G,AHLADA ENGINEERS LIMITED,       120.00,       111.55,7.58
G,RISHABH INSTRUMENTS LTD,       465.75,       433.15,7.53
G,EROS INTL MEDIA LTD,        23.00,        21.40,7.48
 , , , , 
L,BOND 8.62% TAX FREE S3B,      1260.10,      1513.99,-16.77
L,ARVIND AND COMPANY,        50.40,        56.70,-11.11
L,CRAYONS ADVERTISING LTD,       148.15,       163.75,-9.53
L,AARTI SURFACTANTS LIMITED,       222.00,       242.00,-8.26
L,SHIGAN QUANTUM TECH LTD,       106.00,       115.00,-7.83
L,L&T TECHNOLOGY SER. LTD.,      4778.10,      5182.85,-7.81
L,TAC INFOSEC LIMITED,       494.00,       530.05,-6.8
L,SEC RE NCD SR III,       926.00,       990.50,-6.51
L,PULZ ELECTRONICS LIMITED,       134.00,       142.50,-5.96
L,SONU INFRATECH LIMITED,        54.55,        58.00,-5.95
L,DB (INT) STOCK BROKERS,        50.90,        54.10,-5.91
L,COMPUCOM SOFTWARE LTD,        33.95,        35.95,-5.56
L,MANGALAM WORLDWIDE LTD,       157.35,       166.50,-5.5
L,KSB LIMITED,      4674.75,      4931.70,-5.21
L,ANMOL INDIA LIMITED,        40.10,        42.30,-5.2
L,CSB BANK LIMITED,       384.10,       404.90,-5.14
L,SALASAR EXTERIOR CONT LTD,        19.90,        20.95,-5.01
L,PC JEWELLER LTD,        50.30,        52.95,-5
L,SUN PHARMA ADV.RES.CO.LTD,       257.35,       270.90,-5
L,GIRIRAJ CIVIL DEVP LTD,       460.75,       485.00,-5
L,RBM INFRACON LIMITED,       469.30,       494.00,-5
L,KPI GREEN ENERGY LIMITED,      2003.70,      2109.15,-5
L,PRATHAM EPC PROJECTS LTD,       227.30,       239.25,-4.99
L,GRILL SPLENDOUR SER LTD,       117.35,       123.50,-4.98
L,SOMA TEXTILES & INDUST LT,        38.20,        40.20,-4.98
L,RAMDEVBABA SOLVENT LTD,       112.80,       118.70,-4.97
L,GLOBE INTL CARRIERS LTD,        46.00,        48.40,-4.96
L,IFB INDUSTRIES LTD,      1574.40,      1656.25,-4.94
L,LEAD REC AND RUB PROD LTD,        33.25,        34.95,-4.86
L,PAISALO DIGITAL LIMITED,        73.00,        76.70,-4.82
