SECURITY,NEW,PREVIOUS,NEW_STATUS
INGERSOLL-RAND INDIA LTD,4039.95,4036.9,H
HINDALCO  INDUSTRIES  LTD,661.6,648.25,H
GALLANTT ISPAT LIMITED,293.8,290.1,H
KIRLOSKAR INDUSTRIES LTD,5444,4655,H
MAN COAT METAL & IND LTD,52.2,49.75,H
VADILAL INDUSTRIES LTD,4660.7,4598.95,H
VIJAYA DIAGNOSTIC CEN LTD,720,718.8,H
ELECTROTHERM (I) LTD.,769.15,754.1,H
SEC RE NCD 9.90% SR IV,1060,1017,H
MIRAEAMC - SMALLCAP,48,47.77,H
SURAJ ESTATE DEVELOPERS L,383.75,382,H
SEC RED NCD SR.VIII,1437,1435.11,H
DOLPHIN OFF ENT (IND) L,414.2,394.5,H
ATMASTCO LIMITED,234.8,215.5,H
DIGIDRIVE DISTRIBUTORS L,42.3,41.5,H
CADSYS (INDIA) LIMITED,393.25,374.55,H
VOLTAS LTD,1461,1436.85,H
COLGATE PALMOLIVE LTD.,2867.45,2815.9,H
SWELECT ENERGY SYS LTD,1490.35,1468.3,H
DHANUKA AGRITECH LTD,1424.65,1398.7,H
CPSE ETF,86.74,85.96,H
CG POWER AND IND SOL LTD,564,556.4,H
GLOBAL VEC HELICORP LTD,234,13.3,H
MIRAEAMC - MAMFGETF,133.9,131.45,H
GOI TBILL 364D-13/02/25,94.5,94.32,H
GOI TBILL 91D-06/06/24,99.06,99.03,H
HDFCAMC - HDFCSML250,159.56,158.62,H
SEC RE NCD SR.III,1062.8,1060,H
OMAX AUTOS LTD,124.05,122.1,H
VIVIANA POWER TECH LTD,432.9,412.3,H
POWER INSTRUMENT (G) LTD,71.5,43.75,H
PLATINUM INDUSTRIES LTD,224,220.9,H
KOTAK PSU BANK,754.65,747,H
SEC RE NCD 10.35% SR III,1019,1015,H
ADROITINF RS.2.50 PPD UP,4.9,4.7,H
CHENNAI PETROLEUM CORP LT,1122.5,1098.65,H
SOBHA LIMITED,1798.9,1768.65,H
INOX WIND LIMITED,663,658.4,H
PREMIER EXPLOSIVES LTD,2727.7,2569,H
AXISAMC - AXISCETF,105.46,105.35,H
TARAPUR TRANSFORMERS LTD,10.6,10.4,H
2.50%GOLDBONDS2030SR-II,7490,7475,H
MASK INVESTMENTS LIMITED,84,80,H
THEJO ENGINEERING LIMITED,3214.95,3093.8,H
LAGNAM SPINTEX LIMITED,153.5,147,H
PRECOT LIMITED,417,409,H
STATE BANK OF INDIA,800.5,763,H
VESUVIUS INDIA LTD,4454,4440,H
THE HI-TECH GEARS LIMITED,1199.4,1157.65,H
NIP IND ETF JUNIOR BEES,697.9,694.7,H
REMSONS INDUSTRIES LTD,997,982.85,H
MOTILAL OSWAL FIN LTD,2678.1,2485,H
INOX WIND ENERGY LIMITED,7679.8,7314.1,H
REDTAPE LIMITED,739.8,738.75,H
SOMI CONVEYOR BELT. LTD.,149.9,147,H
GE T&D INDIA LIMITED,1140,1139.75,H
AARTECH SOLONICS LIMITED,223.5,214.4,H
HOMESFY REALTY LIMITED,892.5,888,H
EIMCO ELECON (INDIA) LTD,2314.35,2204.15,H
CARBORUNDUM UNIVERSAL LTD,1467.7,1423,H
TRENT LTD,4373,4347,H
KSB LIMITED,5190,4979.95,H
DYNAMIC SRVCS & SEC LTD,239.05,227.7,H
NILA SPACES LIMITED,9.75,6.4,H
KCK INDUSTRIES LTD,105.75,101,H
GOI TBILL 364D-20/02/25,96.47,94.19,H
GOI TBILL 91D-16/05/24,99.51,99.5,H
CONCORD BIOTECH LIMITED,1677.95,1660,H
SUNGARNER ENERGIES LTD,345.5,329.05,H
ICICIPRAMC - ICICIM150,192.75,191.79,H
ICICIPRAMC - ICICINXT50,68.05,67.55,H
GOI TBILL 364D-12/09/24,97.42,97.26,H
OWAIS METAL & MINERAL,779.45,742.35,H
GOI LOAN 8.6% 2028,109.2,108.96,H
KIRLOSKAR OIL ENG LTD,1028.45,969.85,H
ADITYA BIRLA CAPITAL LTD.,236.95,230.85,H
H.G.INFRA ENGINEERING LTD,1229,1183.95,H
MAZAGON DOCK SHIPBUIL LTD,2524.8,2492,H
2.50%GOLDBONDS2028SR-I,7570,7460,H
E2E NETWORKS LIMITED,1248,1200,H
MOTILALAMC - MOREALTY,97.1,97.01,H
WONDER ELECTRICALS LTD,1251.9,1192.35,H
ORIANA POWER LIMITED,1462.75,1444.45,H
DIAMOND POWER INFRA LTD,759.75,744.9,H
TRF LIMITED,583.4,572,H
PRAJAY ENG. SYN. LTD.,28.3,27.75,H
GOI TBILL 364D-18/07/24,98,97.81,H
DSPAMC - LIQUIDADD,1006.73,1006.21,H
MANGALAM CEMENT LTD,901.35,897,H
HAVELLS INDIA LIMITED,1652.7,1591.35,H
LINDE INDIA LIMITED,8484.8,8480,H
TIJARIA POLYPIPES LTD,19.5,18.6,H
DOLAT ALGOTECH LIMITED,118.7,108.75,H
SOFTTECH ENGINEERS LTD,361.4,344.55,H
KIRLOSKAR PNEUMATIC COM L,1090.3,934,H
SP REFRACTORIES LIMITED,180.6,172,H
STYRENIX PERFORMANCE LTD,1733,1665,H
GOI LOAN  7.33% 2026,104.7,104.5,H
GOI TBILL 364D-03/10/24,96.6,95.14,H
JANA SMALL FIN BANK LTD,512.4,497,H
SRI HAVISHA HOSP & INFR L,2.7,2.6,H
TAC INFOSEC LIMITED,576.9,530.05,H
NMDC LTD.,258,234,H
GOI TBILL 182D-11/10/24,96.85,96.8,H
ASTRON PAPER BORD MIL LTD,23.85,23.75,H
TEERTH GOPICON LIMITED,184.45,175.7,H
PURAVANKARA LIMITED,414.6,395.85,H
IZMO LIMITED,373,363.9,H
MULTI COMMODITY EXCHANGE,4270,4185,H
ASHIANA HOUSING LTD,399.1,398.75,H
INTERGLOBE AVIATION LTD,3972,3830.45,H
HSG & URBAN DEV CORPN LTD,234.3,226.45,H
MAX INDIA LIMITED,246.85,238.85,H
GMR POW AND URBAN INFRA L,71.65,69.5,H
LORDS CHLORO ALKALI LTD,134.4,133.9,H
LAXMI GOLDORNA HOUSE LTD,271.9,268,H
ICICIPRAMC - ICICIINFRA,88.5,88,H
GOI TBILL 364D-09/05/24,99.8,99.08,H
SEC RE NCD SR.VI,1070,1060,H
SRI ADHIKARI BRO TELE N L,103.1,98.2,H
GOI LOAN  7.34% 2064,101,100.9,H
ART NIRMAN LIMITED,67,66.5,H
KOTAKMAMC - KOTAKALPHA,48.8,48.5,H
KOTAKMAMC - KOTAKMID50,146.43,143.49,H
SHIPPING CORP OF ILA LTD,77.85,72.2,H
AGARWAL FLOAT GLASS I LTD,72.8,71.6,H
ATAL REALTECH LIMITED,9.3,9.75,L
TIMES GUARANTY LIMITED,88.2,89.55,L
L&T FINANCE LIMITED,161.1,163.05,L
AKI INDIA LIMITED,20.2,20.8,L
SEC RE NCD 9.25% SR II,920.1,950,L
DSPAMC - DSPITETF,32.71,33.24,L
GACM TECHNOLOGIES LIMITED,3.2,3.25,L
OSIA HYPER RETAIL LIMITED,28.3,28.85,L
SEC RE NCD 8.20% SR.V,997,998.15,L
MARSHALL MACHINES LTD,25,25.5,L
FUTURE SUPP CHAIN SOL LTD,6,6.1,L
SEC RE NCD 9% SR.VI,894,894.25,L
KANANI INDUSTRIES LTD,3.75,3.8,L
POPULAR VEHICLES N SER L,233.05,235,L
SAMBHAAV MEDIA LTD,5,5.05,L
MCNALLY BH. ENG. CO.LTD,4.05,4.15,L
SEC RE NCD 8.25% SR.I,985,1000,L
KOTAKMAMC - KOTAKLOVOL,17,17.86,L
LANCOR HOLDINGS LIMITED,48.5,48.8,L
ATAM VALVES LIMITED,190.15,192,L
SEC RE NCD 10.03% SR X,970,990,L
SAKUMA EXPORTS LIMITED,1.35,2.2,L
CREATIVE GRAPHICS S IND L,198,208.1,L
ANMOL INDIA LIMITED,39.9,41.2,L
INVENTURE GRO & SEC LTD,2.2,2.25,L
SDL GJ 7.43% 2031,94.5,95,L
SEC RE NCD SR III,905.5,950,L
TARA CHAND INFRA SOLN LTD,268.4,282.35,L
SE RE NCD 9.35% SR.V OP2,1045.21,1046.05,L
LORENZINI APPARELS LTD,25.35,25.85,L
RAVINDER HEIGHTS LIMITED,44.8,45.7,L
UDAYSHIVAKUMAR INFRA LTD,49.75,50.6,L
CUPID LIMITED,104.6,108.2,L
HEADS UP VENTURES LIMITED,13.8,14.5,L

