SECURITY,NEW,PREVIOUS,NEW_STATUS
FORTIS HEALTHCARE LTD,609.95,599,H
INFO EDGE (I) LTD,7964.75,7943,H
GRAVITA INDIA LIMITED,2700,2660,H
HERO MOTOCORP LIMITED,5984.95,5894.55,H
CUBEX TUBINGS LTD,103.95,102.45,H
MIC ELECTRONICS LTD,104.13,99.18,H
PCBL LIMITED,524.9,519.5,H
ANI INTEGRATED SERV LTD.,191.5,190.45,H
NINTEC SYSTEMS LIMITED,690.9,688.85,H
MAHANAGAR GAS LTD.,1943,1912.15,H
INDO BORAX & CHEMICAL LTD,248.7,238,H
ZAGGLE PREPA OCEAN SER L,493.25,446.2,H
BLUE JET HEALTHCARE LTD,547,538.5,H
BSE LIMITED,3557,3459,H
PASHUPATI COTSPIN LIMITED,530,520,H
NAGA DHUNSERI GROUP LTD,3798,3700,H
DESTINY LOGISTICS & I LTD,84.9,80.9,H
SEC RE NCD 9.55% SR.VII,993.62,992.87,H
GOI TBILL 182D-12/12/24,98.55,98.25,H
RAVINDRA ENERGY LIMITED,120.36,114.63,H
PRUDENTIAL SUGAR CORPORAT,40.89,40,H
RADICO KHAITAN LTD,2189,2174,H
COLGATE PALMOLIVE LTD.,3709.95,3708.95,H
VL E GOV AND IT SOL LTD,140.04,136.5,H
MUSIC BROADCAST LIMITED,107.2,106.95,H
DOMS INDUSTRIES LIMITED,2975,2881.15,H
AIRTEL RS. 1.25 PPD UP,1257.3,1249.35,H
TIRUPATI FORGE LIMITED,36.74,36.02,H
NDR AUTO COMPONENTS LTD,1924,1850,H
LLOYDS METALS N ENERGY L,824.9,810.95,H
LT FOODS LIMITED,447.95,447.55,H
SDL GJ 7.58% 2032,103.25,103.2,H
HIMADRI SPECIALITY CHEM L,651.75,599.7,H
SDL TN 7.65% 2030,104.32,103.79,H
DSPAMC - DSPITETF,45.7,44.7,H
EMKAY GLOBAL FIN SERV LTD,198.07,194.19,H
EMCURE PHARMACEUTICALS L,1520,1464,H
UNSE RE NCD 0% SR.III,1307,1270,H
JFL LIFE SCIENCES LIMITED,75.1,71.6,H
KALYANI INVEST CO LTD,6700,6523,H
GOI TBILL 182D-26/09/24,99.74,99.7,H
GOI TBILL 364D-13/02/25,96.88,96.4,H
RBZ JEWELLERS LIMITED,169.66,166.34,H
GOI LOAN  7.09% 2054,103.25,103,H
SDL PN 7.47% 2043,102.9,98,H
REVATHI EQUIPMENT INDIA L,3510,3357.55,H
GOODLUCK INDIA LIMITED,1330,1306,H
GUJARAT FLUOROCHEM LTD,4510.5,4510.45,H
MARATHON NXTGEN REALT LTD,688.9,672.5,H
MODISON LIMITED,217.95,186,H
ICICI PRUD NIFTY ETF,290.3,289.45,H
UMA EXPORTS LIMITED,143.39,141.9,H
SUNDARAM CLAYTON LIMITED,2600,2513,H
NEWGEN SOFTWARE TECH LTD,1250,1234,H
INNOVA CAPTAB LIMITED,841.55,794.4,H
WORTH PERIPHERALS LIMITED,157.99,153.7,H
CHOLAMANDALAM FIN HOL LTD,1979.95,1943.5,H
TARAPUR TRANSFORMERS LTD,23.17,22.72,H
TATAAML - TNIDETF,100.98,100.75,H
TREJHARA SOLUTIONS LTD,296.65,285.84,H
9.90 % SRNCD SR VI,1070.9,1070,H
J.G.CHEMICALS LIMITED,464,459.5,H
ENERGY MISSION MACH IND L,581.5,528.65,H
SEC RE NCD 8.50% SR 3,1041.1,1030,H
SEC RE NCD 9.32% SR III,1002,1001.28,H
SEC RE NCD SR.V,1117.68,1100,H
CENTURY PLYBOARDS (I) LTD,908,849.5,H
ICRA LIMITED,6926.25,6709,H
JAI BALAJI INDUSTRIES LTD,1140.55,1086.25,H
VST TILLERS TRACTORS LTD,4545,4493.65,H
BAJAJ AUTO LIMITED,11972.85,11893.95,H
PARIN FURNITURE LIMITED,330.5,324,H
MALLCOM (INDIA) LIMITED,1675,1569,H
LICNAMC - LICNFESGP,989,932,H
SANSERA ENGINEERING LTD,1607.3,1555,H
TECHINDIA NIRMAN LIMITED,45.27,44.95,H
ATLANTAA LIMITED,59.54,58.38,H
DCG CABLES & WIRES LTD,152.5,149.9,H
TAX FREE  7.35% SR. 108,1050.2,1045.75,H
SHRIRAM - LIQUIDSHRI,1012.88,1012.72,H
AYM SYNTEX LIMITED,185.72,182.08,H
TRENT LTD,7508.8,7384.95,H
BHARTI AIRTEL LIMITED,1666.05,1654.9,H
HDFCAMC - HDFCQUAL,65.21,64,H
PB FINTECH LIMITED,1871.4,1849.9,H
HRH NEXT SERVICES LIMITED,106.1,101.05,H
KCK INDUSTRIES LTD,261.8,254.5,H
SBIAMC - SBIETFQLTY,256.85,252.75,H
CHAMAN METALLICS LIMITED,135.4,129.8,H
SHYAM METALICS AND ENGY L,908.9,903,H
7.51 NCD 16FEB28 TR1 SR2,1107,1099.99,H
SERENCD 8.60% SR.IV OP8,1064.5,1060.9,H
GOI TBILL 182D-06/02/25,97.2,97,H
SANOFI CONS HEALTHC IND L,5199,5148.65,H
SEC RE NCD 9.25% SR I,1004.28,998.7,H
SEC RE NCD 9.65% SR IV,1004.35,1001.33,H
SHUBHSHREE BIOFUELS ENE L,208.35,198.45,H
EDELAMC - EBANKNIFTY,53.56,53.4,H
INDO THAI SEC LTD,679.95,671.35,H
NIP IND ETF SHARIAH BEES,610.69,605.1,H
KAYNES TECHNOLOGY IND LTD,5613.95,5508.8,H
OSWAL GREENTECH LIMITED,68.9,67.2,H
NIP IND ETF MIDCAP 150,232.99,231.95,H
NIRAJ CEMENT STRUC LTD,72.51,59,H
LTIMINDTREE LIMITED,6514.45,6453,H
REGENCYCERAMICS-LTD,74.95,73.49,H
GEOJIT FINANCIAL SER L,177,174.81,H
BIRLASLAMC - NIFTYQLITY,25.1,25.08,H
8.91%S-R-NCD SERIES 3B,1350,1349.99,H
INTERIORS & MORE LIMITED,335,325,H
AARVEE DEN. & EXP. LTD,50.49,49.5,H
ECOS (INDIA) MOB & HOSP L,593.7,524.65,H
BAJAJ HOUSING FINANCE LTD,181.5,165,H
NORBEN TEA &EXPORTS LTD,23.92,22.79,H
MRO-TEK REALTY LIMITED,120.51,117.1,H
MARICO LIMITED,705,697.4,H
ORACLE FIN SERV SOFT LTD.,12619,12360,H
NAVA LIMITED,1313,1123.7,H
GOI TBILL 364D-19/12/24,98,97.86,H
KRITI INDUSTRIES IND LTD,262.68,259,H
IZMO LIMITED,494,472.65,H
RAVINDER HEIGHTS LIMITED,65.9,65.75,H
SHRIRAM FINANCE LIMITED,3466.75,3439.85,H
ESCONET TECHNOLOGIES LTD,423.15,403,H
MAITREYA MEDICARE LIMITED,379.75,361.7,H
KN AGRI RESOURCES LIMITED,274.7,270,H
OSWAL AGRO MILLS LTD,75.57,72.67,H
APOLLO HOSPITALS ENTER. L,7152.45,7099.95,H
GOI LOAN  7.25% 2063,106.25,105.7,H
MOTILAL OS MIDCAP100 ETF,65,64.99,H
ANSAL PROP & INFRA LTD,13.29,13,H
ARCHIDPLY DECOR LIMITED,143,97.75,H
ARVIND AND COMPANY,108.75,103.6,H
MINDTECK (INDIA) LIMITED,430,423.9,H
SRI ADHIKARI BRO TELE N L,718.8,704.75,H
PATTECH FITWELL TUB COM L,111,108,H
UNITED SPIRITS LIMITED,1559.25,1552.9,H
GOI LOAN  7.34% 2064,110,108.9,H
RATNAVEER PRECISION ENG L,214.55,204.34,H
SDL KA 7.68% 2037,104.6,103.74,H
RAJSHREE POLYPACK LTD,43.66,68.41,L
AKI INDIA LIMITED,18.51,18.64,L
TROM INDUSTRIES LIMITED,232.05,234,L
GACM TECHNOLOGIES LIMITED,1.22,1.23,L
YUDIZ SOLUTIONS LIMITED,54.15,54.2,L
SEC RE NCD 10.25% SR XII,900,900.06,L
MAHALAXMI FABRIC MILLS LT,58,71.4,L
VISION INFRA EQUIP SOL L,194.3,200,L
SMS LIFESCIENCES (I) LTD,1550,1581.6,L
RAYMOND LIFESTYLE LIMITED,2174.2,2281.8,L
SAKUMA EXPORTS LIMITED,5.62,5.65,L
SERENCD9.20%SRVIICIII&IV,830.37,905,L
SHIVALIC POWER CONTROL L,220,228,L
MANDEEP AUTO INDUSTRIES L,49.05,49.7,L
DOCMODE HEALTH TECH LTD,104.35,109.8,L
TRANS & RECTI. LTD,627.15,646.3,L
FOCUS LIGHTG & FIXTRS LTD,107.33,109.53,L
BOND8.86% PA TF TR II S3B,1275,1300,L
MANGALAM ORGANICS LIMITED,624.3,629.35,L
AERON COMPOSITE LIMITED,130.75,137.6,L
POSITRON ENERGY LIMITED,408.2,440.9,L
INFIBEAM AVENUES LIMITED,27.05,27.3,L
RUBFILA INTERNATIONAL LTD,82.8,82.91,L
JNK INDIA LIMITED,680,690.05,L
FILATEX FASHIONS LIMITED,1.11,1.12,L
QVC EXPORTS LIMITED,68.2,71.55,L
SEC RE NCD 9.65% SR IV,991,1000,L
EDELAMC - EBANKNIFTY,51.5,51.88,L
GAJANAND INTERNATIONAL L,37.9,39.9,L
INDO THAI SEC LTD,657.95,671.35,L
SHREE TIRUPATI BALAJEE L,89.53,90,L
XTGLOBAL INFOTECH LIMITED,45.2,48.1,L
BOSS PACKAGING SOLU LTD,60.6,63.75,L
SEC RED NCD 9.0% SR. VI,941,942.03,L
V.L.INFRAPROJECTS LIMITED,75.1,81.35,L
MY MUDRA FINCORP LIMITED,110.35,111.5,L
GOI TBILL 364D-07/08/25,94,94.85,L
SPORTKING INDIA LIMITED,122.75,132.6,L
BOND 8.30% PA TAX FREE S2,1063.8,1064,L
AESTHETIK ENGINEERS LTD,72.4,75.25,L
SECUR CREDENTIALS LIMITED,5.92,6.05,L
GLOBALE TESSILE LIMITED,35.42,36.01,L
DJ MEDIAPRINT & LOG LTD,125.84,128.41,L
MAHAMAYA STEEL INDS LTD,196.4,197.86,L
SEC RE NCD 9.56% SR VI,1000,1001.1,L
ADITYA ULTRA STEEL LTD,63.1,66.4,L
TOLINS TYRES LIMITED,227.43,227.5,L

