SYMBOL,SERIES,SECURITY,HIGH/LOW,INDEX FLAG
1018GS2026,GS,GOI LOAN 10.18% 2026,H
ACCORD,SM,ACCORD SYNERGY LIMITED,H
ACSAL,SM,ARVIND AND COMPANY,H
ADSL,EQ,ALLIED DIGITAL SERV. LTD,H
AGUL,SM,A G UNIVERSAL LIMITED,H
AILIMITED,ST,ABHISHEK INTEGRATIONS LTD,H
ALMONDZ,EQ,ALMONDZ GLOBAL SEC LTD,H
ANIKINDS,EQ,ANIK INDUSTRIES LTD,H
ANKITMETAL,BE,ANKIT MET & POW LTD,H
APOLLO,EQ,APOLLO MICRO SYSTEMS LTD,H
ASHIMASYN,EQ,ASHIMA LTD,H
ASIANENE,EQ,ASIAN ENERGY SERVICES LTD,H
ASIANHOTNR,BE,ASIAN HOTELS (NORTH) LTD,H
ASMS,EQ,BARTRONICS INDIA LIMITED,H
ATLANTAA,BE,ATLANTAA LIMITED,H
BGLOBAL,BZ,BHARATIYA GLOBAL INFO LTD,H
BKMINDST,BZ,BKM INDUSTRIES LIMITED,H
CADSYS,ST,CADSYS (INDIA) LIMITED,H
CENTEXT,EQ,CENTURY EXTRUSIONS LTD,H
CGRAPHICS,SM,CREATIVE GRAPHICS S IND L,H
CMICABLES,BZ,CMI LIMITED,H
CORDSCABLE,BE,CORDS CABLE INDUS LTD.,H
DCI,BE,DC INFOTECH AND COMUN LTD,H
DCMFINSERV,BE,DCM FINANCIAL SERVICES LT,H
DEVIT,EQ,DEV INFO TECHNOLOGY LTD,H
DGCONTENT,BE,DIGICONTENT LIMITED,H
DPSCLTD,EQ,DPSC LIMITED,H
DRCSYSTEMS,BE,DRC SYSTEMS INDIA LIMITED,H
DREDGECORP,EQ,DREDGING CORP OF INDIA,H
DRONE,SM,DRONE DESTINATION LIMITED,H
DTL,ST,DIENSTEN TECH LIMITED,H
DUCON,BE,DUCON INFRATECHNOLOGIES L,H
E2E,BE,E2E NETWORKS LIMITED,H
EDUCOMP,BZ,EDUCOMP SOLUTIONS LTD,H
EFFWA,ST,EFFWA INFRA & RESEARCH L,H
ENFUSE,SM,ENFUSE SOLUTIONS LIMITED,H
ENSER,SM,ENSER COMMUNICATIONS LTD,H
ESSARSHPNG,EQ,ESSAR SHIPPING LTD,H
FEL,BZ,FUTURE ENTERPRISES LTD,H
FELDVR,BE,FUTURE ENTERPRISES LTD,H
FLEXITUFF,BE,FLEXITUFF VENTURES INT L,H
FSC,BZ,FUTURE SUPP CHAIN SOL LTD,H
GATECH,EQ,GACM TECHNOLOGIES LIMITED,H
GATECHDVR,BE,GACM TECHNOLOGIES LIMITED,H
GAYAHWS,BE,GAYATRI HIGHWAYS LIMITED,H
GFSTEELS,BE,GRAND FOUNDRY LTD,H
GGBL,ST,GANESH GREEN BHARAT LTD,H
GODHA,BE,GODHA CABCON INSULAT LTD,H
GVPTECH,EQ,GVP INFOTECH LIMITED,H
HECPROJECT,BE,HEC INFRA PROJECTS LTD,H
HEXATRADEX,EQ,HEXA TRADEX LIMITED,H
HMT,BZ,HMT LTD -,H
INDOTECH,BE,INDO TECH TRANSFORM LTD.,H
INDOWIND,EQ,INDOWIND ENERGY LTD,H
INDSWFTLTD,EQ,IND-SWIFT LIMITED,H
INSPIRISYS,BE,INSPIRISYS SOLUTIONS LTD,H
INVENT-RE,BE,INVENTURE GRO & SEC LTD,H
ISHAN,SM,ISHAN INTERNATIONAL LTD,H
JHS,BE,JHS SVEND. LAB. LTD,H
KARMAENG,EQ,KARMA ENERGY LIMITED,H
KEEPLEARN,BE,DSJ KEEP LEARNING LTD,H
KELLTONTEC,EQ,KELLTON TECH SOL LTD,H
KERNEX,EQ,KERNEX MICROSYS(I) LTD,H
KEYFINSERV,EQ,KEYNOTE FIN SERV LTD.,H
KNAGRI,SM,KN AGRI RESOURCES LIMITED,H
KONTOR,SM,KONTOR SPACE LIMITED,H
KPIGREEN,EQ,KPI GREEN ENERGY LIMITED,H
KSHITIJPOL,BE,KSHITIJ POLYLINE LIMITED,H
MACPOWER,BE,MACPOWER CNC MACHINES LTD,H
MADHUCON,BE,MADHUCON PROJECTS LTD.,H
MANAKALUCO,EQ,MANAK ALUMINIUM CO. LTD.,H
MARINE,EQ,MARINE ELECTRICAL (I) LTD,H
MASON,SM,MASON INFRATECH LIMITED,H
MINDTECK,EQ,MINDTECK (INDIA) LIMITED,H
MIRCELECTR,EQ,MIRC ELECTRONICS LTD,H
MOKSH,EQ,MOKSH ORNAMENTS LIMITED,H
MONQ50,EQ,MOTILALAMC - MONQ50,H
MUKKA,EQ,MUKKA PROTEINS LIMITED,H
NEPHROCARE,ST,NEPHRO CARE INDIA LIMITED,H
NILAINFRA,EQ,NILA INFRASTRUCTURES LTD,H
NIRMAN,SM,NIRMAN AGRI GENTICS LTD,H
OCCL,EQ,ORIENTAL CARBN & CHEM LTD,H
OMKARCHEM,BZ,OMKAR SPL CHEM LTD,H
OSIAHYPER,BE,OSIA HYPER RETAIL LIMITED,H
PARACABLES,BE,PARAMOUNT COMM LTD,H
PILITA,EQ,PIL ITALICA LIFESTYLE LTD,H
PRATHAM,SM,PRATHAM EPC PROJECTS LTD,H
QUINTEGRA,BE,QUINTEGRA SOLUTIONS LTD.,H
RAJVIR,BZ,RAJVIR INDUSTRIES LIMITED,H
RAYMOND,BE,RAYMOND - DEP SETT,H
RELIABLE,EQ,RELIABLE DATA SERVICE LTD,H
RICHA,SM,RICHA INFO SYSTEMS LTD,H
RPOWER,EQ,RELIANCE POWER LTD.,H
SABAR,SM,SABAR FLEX INDIA LIMITED,H
SADBHIN,EQ,SADBHAV INFRA PROJ LTD.,H
SERVOTECH,EQ,SERVOTECH POWER SYS LTD.,H
SHAKTIPUMP,BE,SHAKTI PUMPS (I) LTD,H
SIDDHIKA,SM,SIDDHIKA COATINGS LIMITED,H
SITINET,BE,SITI NETWORKS LIMITED,H
SKIL,BZ,SKIL INFRASTRUCTURE LTD.,H
SOLEX,SM,SOLEX ENERGY LIMITED,H
SOMICONVEY,BE,SOMI CONVEYOR BELT. LTD.,H
SUPREMEENG,BE,SUPREME ENGINEERING LTD,H
SURANAT&P,BE,SURANA TELECOM AND POW LT,H
SWARAJ,SM,SWARAJ SUITING LIMITED,H
SYLVANPLY,SM,SYLVAN PLYBOARD (INDIA) L,H
SYNCOMF,EQ,SYNCOM FORMU (I) LTD,H
TECHIN,BE,TECHINDIA NIRMAN LIMITED,H
TIRUPATIFL,BE,TIRUPATI FORGE LIMITED,H
TVVISION,BE,TV VISION LIMITED,H
UEL,BE,UJAAS ENERGY LIMITED,H
UMESLTD,BE,USHA MARTIN EDU & SOL LTD,H
UNIVAFOODS,BE,UNIVA FOODS LIMITED,H
URAVI,BE,URAVI T AND WEDG LAMP LTD,H
V2RETAIL,BE,V2 RETAIL LIMITED,H
VASWANI,EQ,VASWANI IND LTD,H
VELS,SM,VELS FILM INTERNATIONAL L,H
VERTEXPLUS,ST,VERTEXPLUS TECHNOLOGIES L,H
VHLTD,BE,VICEROY HOTELS LIMITED,H
VISESHINFO,BZ,VISESH INFOTECNICS LTD,H
VISHNUINFR,SM,VISHNUSURYA PROJ N INFR L,H
VMARCIND,SM,V MARC INDIA LIMITED,H
WALCHANNAG,EQ,WALCHANDNAGAR INDUSTRIES,H
WANBURY,EQ,WANBURY LIMITED,H
WINSOME,BE,WINSOME YARNS LIMITED,H
WOMANCART,SM,WOMANCART LIMITED,H
YUDIZ,ST,YUDIZ SOLUTIONS LIMITED,H
ZENITHDRUG,SM,ZENITH DRUGS LIMITED,H
ZENTEC,EQ,ZEN TECHNOLOGIES LIMITED,H
724UP32,SG,SDL UP 7.24% 2032,L
AAKASH,BE,AAKASH EXPLORATION SER L,L
ABMINTLLTD,BE,ABM INTERNATIONAL LTD,L
ACCURACY,BE,ACCURACY SHIPPING LIMITED,L
AILIMITED,ST,ABHISHEK INTEGRATIONS LTD,L
AIMTRON,SM,AIMTRON ELECTRONICS LTD,L
ASMS,EQ,BARTRONICS INDIA LIMITED,L
AURIONPRO,EQ,AURIONPRO SOLN LTD,L
BAFNAPH,BE,BAFNA PHARMACEUTICALS LTD,L
BCG,BZ,BRIGHTCOM GROUP LIMITED,L
BGLOBAL,BZ,BHARATIYA GLOBAL INFO LTD,L
BKMINDST,BZ,BKM INDUSTRIES LIMITED,L
BLUECOAST,BE,BLUE COAST HOTELS LIMITED,L
BOHRAIND,BZ,BOHRA INDUSTRIES LIMITED,L
CCHHL,BE,COUNTRY CLUB HOSP HOL LTD,L
CLOUD,SM,VARANIUM CLOUD LIMITED,L
CMICABLES,BZ,CMI LIMITED,L
CMMIPL,ST,CMM INFRAPROJECTS LIMITED,L
CMRSL,SM,CYBER MEDIA RES & SER LTD,L
COMPINFO,BZ,COMPUAGE INFOCOM LTD,L
DESTINY,ST,DESTINY LOGISTICS & I LTD,L
DPEL,ST,DIVINE POWER ENERGY LTD,L
DYNAMIC,SM,DYNAMIC SRVCS & SEC LTD,L
ESCONET,SM,ESCONET TECHNOLOGIES LTD,L
FCONSUMER,BE,FUTURE CONSUMER LIMITED,L
FRETAIL,BZ,FUTURE RETAIL LIMITED,L
GALLANTT,BE,GALLANTT ISPAT LIMITED,L
GANGOTRI,BZ,GANGOTRI TEXTILES LTD.,L
GAYAHWS,BE,GAYATRI HIGHWAYS LIMITED,L
GAYAPROJ,BZ,GAYATRI PROJECTS LTD,L
GENCON,BE,GENERIC ENG CONS PROJ LTD,L
GEPIL,EQ,GE POWER INDIA LIMITED,L
GFSTEELS,BE,GRAND FOUNDRY LTD,L
GICL,SM,GLOBE INTL CARRIERS LTD,L
GOENKA,BZ,GOENKA DIAMOND&JEWELS LTD,L
GPTINFRA,BE,GPT INFRAPROJECTS LTD,L
GTLINFRA,EQ,GTL INFRA.LTD,L
HDIL,BZ,HOUSING DEV & INFRA LTD,L
HINDNATGLS,BE,HIND NATL GLASS & IND LTD,L
HOMESFY,ST,HOMESFY REALTY LIMITED,L
INFOMEDIA,BE,INFOMEDIA PRESS LIMITED,L
IVP,BE,IVP LIMITED,L
JHS,BE,JHS SVEND. LAB. LTD,L
JPASSOCIAT,BE,JAIPRAKASH ASSOCIATES LTD,L
K2INFRA,SM,K2 INFRAGEN LIMITED,L
KAUSHALYA,EQ,KAUSHALYA INFRA DEV LTD.,L
KAYA,EQ,KAYA LIMITED,L
KERNEX,EQ,KERNEX MICROSYS(I) LTD,L
KKVAPOW,SM,KKV AGRO POWERS LTD.,L
KSHITIJPOL,BE,KSHITIJ POLYLINE LIMITED,L
LPDC,BE,LANDMARK PR.DEV.CO.LTD,L
MAKS,SM,MAKS ENERGY SOL INDIA LTD,L
MANAKALUCO,EQ,MANAK ALUMINIUM CO. LTD.,L
MCON,SM,MCON RASAYAN INDIA LTD,L
MILTON,SM,MILTON INDUSTRIES LIMITED,L
MORARJEE,BE,MORARJEE TEXTILES LIMITED,L
NIRMAN,SM,NIRMAN AGRI GENTICS LTD,L
NKIND,EQ,NK INDUSTRIES LTD,L
NTL,BE,NEUEON TOWERS LIMITED,L
OMAXE,EQ,OMAXE LIMITED,L
ORTEL,BZ,ORTEL COMMUNICATIONS LTD,L
PARACABLES,BE,PARAMOUNT COMM LTD,L
PARIN,SM,PARIN FURNITURE LIMITED,L
PATTECH,ST,PATTECH FITWELL TUB COM L,L
PCCL,ST,PETRO CARBON AND CHEMI L,L
PREMIER,BE,PREMIER LIMITED,L
PURVA,BE,PURAVANKARA LIMITED,L
PVP,EQ,PVP VENTURES LIMITED,L
QUINTEGRA,BE,QUINTEGRA SOLUTIONS LTD.,L
RAJTV,BE,RAJ TV NETWORK LTD,L
RCOM,BE,RELIANCE COMMUNICATIONS L,L
RILINFRA,SM,RACHANA INFRA LTD,L
ROLLT,BE,ROLLATAINERS LIMITED,L
ROLTA,BZ,ROLTA INDIA LTD,L
RSSOFTWARE,BE,R. S. SOFTWARE (INDIA) LI,L
SAHANA,SM,SAHANA SYSTEM LIMITED,L
SANCO,BZ,SANCO INDUSTRIES LIMITED,L
SANWARIA,BZ,SANWARIA CONSUMER LIMITED,L
SARTE-RE,ST,SAR TELEVENTURE LIMITED,L
SARTELE,SM,SAR TELEVENTURE LIMITED,L
SECURCRED,BE,SECUR CREDENTIALS LIMITED,L
SETUINFRA,BZ,SETUBANDHAN INFRA LTD,L
SHRENIK,BE,SHRENIK LIMITED,L
SICALLOG,BE,SICAL LOGISTICS LIMITED,L
SIMBHALS,BE,SIMBHAOLI SUGARS LTD.,L
SINDHUTRAD,EQ,SINDHU TRADE LINKS LTD,L
SKYGOLD,BE,SKY GOLD LIMITED,L
SOLARAPP,E1,SOLAR ACT RS.3.50 PPD UP,L
SUMEETINDS,BE,SUMEET IND LIMITED,L
SUVEN,EQ,SUVEN LIFE SCIENCES LTD,L
TAC,SM,TAC INFOSEC LIMITED,L
TBI,SM,TBI CORN LIMITED,L
TECHLABS,SM,TRIDENT TECHLABS LIMITED,L
TGL,SM,TEERTH GOPICON LIMITED,L
TPHQ,EQ,TEAMO PRODUCTIONS HQ LTD,L
VASA,SM,VASA RETAIL & OVERSEA LTD,L
VCL,BE,VAXTEX COTFAB LIMITED,L
VEEKAYEM,SM,VEEKAYEM FASH & APP LTD,L
VERTOZ,BE,VERTOZ ADVERTISING LTD,L
VIPULLTD,EQ,VIPUL LIMITED,L
VISASTEEL,BE,VISA STEEL LIMITED,L
VIVIANA,SM,VIVIANA POWER TECH LTD,L
WEL,BE,WONDER ELECTRICALS LTD,L
ZENITHSTL,BE,ZENITH STEEL PIP IND LTD,L
ZODIACLOTH,BE,ZODIAC CLOTHING CO LTD,L
ZTECH,SM,Z-TECH (INDIA) LIMITED,L
