SECURITY,NEW,PREVIOUS,NEW_STATUS
CAMBRIDGE TECH ENTER LTD,147.6,141.65,H
ALMONDZ GLOBAL SEC LTD,166.72,158.79,H
SGB2.50%MAY2025SR-I 17-18,7650,7620.99,H
2.5%GOLDBONDS2028SR-III,7720,7698.99,H
HEC INFRA PROJECTS LTD,138.42,131.83,H
V2 RETAIL LIMITED,818.45,812.2,H
MIC ELECTRONICS LTD,90.85,89.9,H
NIP IND ETF IT,42.25,41.85,H
ICICIPRAMC - ICICITECH,42.18,41.79,H
ICICIPRAMC-ICICIFIN,25.67,25.6,H
HDFCAMC - HDFCGROWTH,120.49,120.45,H
MIRAEAMC - ITETF,40.19,40,H
MIRAEAMC - MAESGETF,42,41.78,H
MIRAEAMC - MIDSMALL,57,56.35,H
GOI TBILL 182D-12/12/24,96.87,96.84,H
SKIL INFRASTRUCTURE LTD.,6.62,6.31,H
NEULAND LAB LTD.,8398.8,8198.95,H
COLGATE PALMOLIVE LTD.,3104.6,3069.05,H
2.50%GOLDBONDS2026SR-III,7983,7639,H
2.75% GOLDBONDS2024TR-V,7550,7527,H
CPSE ETF,103,102.45,H
GANESHA ECOSPHERE LIMITED,1569.85,1569,H
HDFC AMC LIMITED,4296.4,4264.95,H
EMUDHRA LIMITED,921,915.9,H
KEYNOTE FIN SERV LTD.,256.92,220,H
HARIOM PIPE INDUSTRIES L,742.7,740,H
GKW LIMITED,3775,3714.7,H
2.50%GOLDBONDS2027SR-VII,8000,7799,H
INSPIRISYS SOLUTIONS LTD,140.87,137.9,H
2.50%GOLDBONDS2029SR-XII,7771,7762.25,H
MOTILALAMC - MOVALUE,110.25,110,H
LE MERITE EXPORTS LIMITED,157.4,152.95,H
VINSYS IT SERVICES IND LT,435,425,H
2.50%GOLDBONDS2031SR-I,7938.95,7895,H
2.50%GOLDBONDS2031SR-IV,7974.99,7961,H
DC INFOTECH AND COMUN LTD,380.5,362.39,H
DSPAMC - DSPITETF,40.4,39.92,H
GOI TBILL 91D-29/08/24,99.15,98.99,H
7.69% TAX FREETRII SR2B,1162.79,1159.78,H
9.40 % SRNCD TR II SR III,1035,1034,H
PLATINUM INDUSTRIES LTD,269.9,244.4,H
SEC RE NCD SR.II,1161.75,1154.75,H
AMBEY LABORATORIES LTD,97.2,93.7,H
EMCURE PHARMACEUTICALS L,1408.7,1385,H
RELIABLE DATA SERVICE LTD,62.05,59.1,H
TAINWALA CHEMICAL AND PLA,198.17,198,H
RAYMOND - DEP SETT,2206.4,2101.35,H
SBI LIFE INSURANCE CO LTD,1620.9,1570,H
KARMA ENERGY LIMITED,87.72,83.55,H
HMT LTD -,92.31,87.92,H
TATAAML - TNIDETF,90.67,89.79,H
2.50%GOLDBONDS2027SR-V,7750,7600,H
2.50%GOLDBONDS2028SR-VII,7719.99,7699.5,H
2.50%GOLDBONDS2029SR-X,7756,7718,H
NIP IND ETF DIV OPP,86.2,85.05,H
ICICIPRAMC - ICICI500,39.17,39.09,H
VL E GOV AND IT SOL LTD,85.82,84.3,H
MARSHALL MACHINES LTD,38.2,37.46,H
RATNAVEER PRECISION ENG L,176.78,176.09,H
GOI TBILL 182D-19/12/24,97.05,96.82,H
SEC RE NCD 9.65% SR I,1009.8,1000,H
SRM CONTRACTORS LIMITED,226.77,211.6,H
MEDICAMEN ORGANICS LTD,126,122,H
EFFWA INFRA & RESEARCH L,171.7,163.55,H
ISMT LIMITED,149.9,146.95,H
MANAPPURAM FINANCE LTD,229.75,225.39,H
LICNAMC - LICNFESGP,894.93,891,H
2.50% GOLDBONDS2024 TR-VI,7574.75,7565,H
INDIAN RAILWAY FIN CORP L,229,224.4,H
2.5%GOLDBONDS2029SR-I,7850,7777,H
2.50%GOLDBONDS2028SR-II,7745,7729,H
NIP IND ETF LONGTERM GILT,26.85,26.8,H
INDIAN RENEWABLE ENERGY,310,304.5,H
BASILIC FLY STUDIO LTD,645,636.95,H
MIRAEAMC - MANV30F,200.86,200.35,H
UJAAS ENERGY LIMITED,288.77,275.02,H
GOI TBILL 91D-19/07/24,99.93,99.87,H
GE T&D INDIA LIMITED,1762,1720.95,H
GOI TBILL 364D-23/01/25,96.42,96.04,H
KOTAKMAMC-KOTAKBKETF,552.4,548,H
ABANS HOLDINGS LIMITED,555,543.15,H
2.50%GOLDBONDS2031SR-II,7959,7950,H
ATLANTAA LIMITED,43.69,37.8,H
SHRIRAM - LIQUIDSHRI,1002.18,1001.67,H
MUKKA PROTEINS LIMITED,47.14,42.8,H
SEC RE NCD 9.71% SR VIII,991,990,H
SEC RE NCD 9.71% SR VIII,953.59,951,H
DHANI LOANS & SERV LTD,1061.2,1061,H
SEC RE NCD SR III,1012.62,1000,H
DR. REDDY S LABORATORIES,6884.95,6745,H
TRENT LTD,5754.95,5696,H
TRIVENI ENGG. & INDS. LTD,434.85,433.65,H
CAREER POINT LIMITED,474.9,465,H
NLC INDIA LIMITED,302.65,293.75,H
KSB LIMITED,5300,5190,H
2.50% GOLDBONDS2025SR-III,8188.95,7800,H
DYNAMIC SRVCS & SEC LTD,339.95,336.3,H
ANTONY WASTE HDG CELL LTD,620.4,613.5,H
HDFCAMC - HDFCQUAL,60.07,60.02,H
GOI LOAN  7.1% 2034,102.95,102.7,H
LATENT VIEW ANALYTICS LTD,562,539.65,H
LICNAMC - LICNMID100,59,58.73,H
TAX FREE7.35% SR.IIA,1150,1130,H
NEXUS SELECT TRUST,153.65,152.6,H
SHEKHAWATI POLY-YARN LTD.,5.31,5.21,H
KAVVERI TEL. LTD.,26.74,26.22,H
KOTAKMAMC - KOTAKIT,42.18,41.55,H
GOI TBILL 91D-05/09/24,99,98.77,H
SEC RED NCD SR.IX,1839,1564,H
2.50%GOLDBONDS2031SR-III,8025,7875,H
NEPHRO CARE INDIA LIMITED,240.45,229,H
HBL POWER SYSTEMS LTD.,645.65,621,H
ESSAR SHIPPING LTD,68.14,61.95,H
NHPC LTD,118.4,118,H
NIP IND ETF SHARIAH BEES,554.05,552.8,H
MINDTECK (INDIA) LIMITED,390.95,365.2,H
POWER MECH PROJECTS LTD.,5971.95,5825,H
2.50%GOLDBONDS2028SR-I,8196.3,7899,H
2.50%GOLDBONDS2028SR-VIII,7794,7700,H
2.50%GOLDBONDS2029SR-VIII,7950,7760,H
SOTAC PHARMACEUTICALS LTD,202.8,184,H
LCC INFOTECH LTD,4.78,4.69,H
ICICIPRAMC - ICICICOMMO,95.13,95,H
GOI TBILL 182D-15/08/24,99.91,99.5,H
VICEROY HOTELS LIMITED,126.74,120.71,H
GOI TBILL 91D-25/07/24,99.81,99.75,H
GP ECO SOLUTIONS INDIA L,470,440.4,H
GLENMARK PHARMACEUTICALS,1416.1,1397,H
WANBURY LIMITED,192.66,183.49,H
APAR INDUSTRIES LTD.,9099,8962.85,H
ORACLE FIN SERV SOFT LTD.,11169.2,10709.95,H
GODREJ AGROVET LIMITED,876.7,841.95,H
ZOMATO LIMITED,232,223.25,H
2.50% GOLDBONDS2025SR-V,7699,7600,H
2.50%GOLDBONDS2027SR-III,8090,8050,H
2.50%GOLDBONDS2027SR-I,7669.99,7599.98,H
PIX TRANSMISSIONS LIMITED,1698.9,1586,H
2.50%GOLDBONDS2030SR-X,7889,7745,H
NAVA LIMITED,794.9,794.85,H
NIP IND ETF ETF NV20,157.74,157.5,H
NIPPONAMC - NETFPHARMA,21.29,21.27,H
GOI TBILL 364D-31/10/24,97.73,97.29,H
GOI TBILL 182D-24/10/24,98.1,97.87,H
KOTAKMAMC - KOTAKCONS,116.01,115.45,H
DSPAMC - HEALTHADD,132.68,132,H
SERENCD8.50%SR.IICIII&IV,1073.79,1072.7,H
VERTEXPLUS TECHNOLOGIES L,174.15,168,H
2.50%GOLDBONDS2032SR-IV,8089.99,8028,H
7.34 NCD 19FEB28 TR1 SR2,1129.7,1129,H
AADHAR HOUSING FINANCE L,449,447.55,H
GANESH GREEN BHARAT LTD,398,379.05,H
GODFREY PHILLIPS INDIA LT,4821.3,4490,H
UNIVERSAL CABLES LTD,909.9,843,H
SELAN EXPLO. TECH LTD,813.7,805,H
MPS LIMITED,2162,2139.9,H
AMJ LAND HOLDINGS LIMITED,65.31,59.64,H
BLUE CHIP INDIA LIMITED,5.08,4.99,H
DODLA DAIRY LIMITED,1174.7,1160,H
INOX WIND ENERGY LIMITED,8399.9,8174,H
GMR POW AND URBAN INFRA L,107.5,103.15,H
RAIL VIKAS NIGAM LIMITED,647,645,H
2.50%GOLDBONDS2025SR-XIII,7630,7599,H
2.50%GOLDBONDS2030SR-IX,7750,7749,H
GOI TBILL 364D-05/12/24,97.01,96.97,H
SEC RE NCD 10.75% SR XI,1181,1000,H
SEC RE NCD 8.25% SR.I,1018.8,1016.7,H
KOTAKMAMC - KOTAKALPHA,57.67,57.48,H
KOTAKMAMC - KTKNV20ETF,157,156.18,H
ARVIND AND COMPANY,87.3,72.75,H
7.64% TAX FREETRI SR2B,1154.9,1152,H
GOI TBILL 91D-12/09/24,98.87,98.85,H
GOLDKART JEWELS LIMITED,121.5,117.7,H
AGARWAL FLOAT GLASS I LTD,82.4,82,H
SRI ADHIKARI BRO TELE N L,301.35,295.45,H
ATAL REALTECH LIMITED,7,7.15,L
DIGIDRIVE DISTRIBUTORS L,33.9,34.21,L
BRIGHTCOM GROUP LIMITED,8.03,8.46,L
ZENITH EXPORTS LTD,334.75,341.55,L
MEP INFRA. DEVELOPERS LTD,6.84,6.86,L
ONELIFE CAP ADVISORS LTD,16.01,16.08,L
GOYAL ALUMINIUMS LIMITED,9.11,11.55,L
SHRADHA INFRAPROJECTS LTD,146.09,149.08,L
DURLAX TOP SURFACE LTD,81.25,82.55,L
AKIKO GLOBAL SERVICES L,79.05,79.2,L
NANDANI CREATION LIMITED,42.32,43.19,L
SEC RE NCD 9.65% SR.III,970,980,L
SDL BR 7.73% 2038,99.6,100,L
MEDICAMEN ORGANICS LTD,114.2,117.2,L
ORIENTAL CARBN & CHEM LTD,268,374.9,L
JAIPRAKASH ASSOCIATES LTD,6.71,7.07,L
ARCHIDPLY IND. LTD,97,97.2,L
DIENSTEN TECH LIMITED,194.1,201.75,L
BHANDARI HOSIERY EXP LTD,0.55,0.59,L
PRAXIS HOME RETAIL LTD,12.48,12.74,L
AKSHAR SPINTEX LIMITED,2.43,2.47,L
SEC RE NCD 10.49% SR.VII,966.05,975,L
PALRED TECHNOLOGIES LTD,98.92,100.94,L
DIVINE POWER ENERGY LTD,109.1,111.8,L
EQUINOX INDIA DEV LTD,135.6,136.8,L
SEC RE NCD 0% SR.V,926.3,1000.45,L
SEC RE NCD 9.25% SR VIII,929,929.65,L
UNSEC RE NCD 0% SR.III,1110,1124,L
RKEC PROJECTS LIMITED,122.2,123,L
SEC RE NCD 10.49% SR.VII,885.3,970.2,L
DSPAMC - LIQUIDADD,949.27,999.51,L
SMARTLINK HOLDINGS LTD,307.85,312.1,L
AKME FINTRADE (INDIA) LTD,98.8,107.1,L
SHREEOSWAL S AND CHE LTD,26,26.75,L
CMI LIMITED,4.27,4.5,L
SEC RE NCD 10.00% SR. I,950,980,L
SEC RE NCD 9.25% SR II,932.9,950,L
SEC RED NCD 9.22% SR.II,990,990.13,L
BOHRA INDUSTRIES LIMITED,14.29,15.05,L
LORDS CHLORO ALKALI LTD,123.1,124.55,L
SECUR CREDENTIALS LIMITED,8.88,9.35,L
DELPHI WORLD MONEY LTD,206,207.91,L
BOND 8.63% PA TF TII-SIIA,1101.1,1260,L
NANDANI CREATION LTD,5.1,8.44,L

