SYMBOL,SERIES,SECURITY,HIGH/LOW,INDEX FLAG
3PLAND,BE,3P LAND HOLDINGS LIMITED,H
737NTPC35C,NA,TFB 7.37% 2035 SR. 3A,H
76KL45,SG,SDL KL 7.6% 2045,H
AARTISURF,P1,AARTI SURFACTANTS LIMITED,H
ACCURACY,BE,ACCURACY SHIPPING LIMITED,H
AHIMSA,ST,AHIMSA INDUSTRIES LTD.,H
AJOONI,EQ,AJOONI BIOTECH LIMITED,H
ALMONDZ,BE,ALMONDZ GLOBAL SEC LTD,H
ALUWIND,ST,ALUWIND ARCHITECTURAL LTD,H
ANMOL,BE,ANMOL INDIA LIMITED,H
ANTGRAPHIC,EQ,ANTARCTICA LTD,H
ARSHIYA,BE,ARSHIYA LIMITED,H
ARTNIRMAN,BE,ART NIRMAN LIMITED,H
ASAHISONG,EQ,ASAHI SONGWON COLOR LTD,H
ASIANENE,EQ,ASIAN ENERGY SERVICES LTD,H
ASMS,EQ,BARTRONICS INDIA LIMITED,H
AVROIND,EQ,AVRO INDIA LIMITED,H
AWFIS,EQ,AWFIS SPACE SOLUTIONS LTD,H
BAHETI,SM,BAHETI RECYCLING IND LTD,H
BALCO,ST,SOLVE PLASTIC PRODUCTS L,H
BIL,EQ,BHARTIYA INTERNATIONAL,H
BLUECHIP,BE,BLUE CHIP INDIA LIMITED,H
BMETRICS,SM,BOMBAY METRICS S C LTD,H
CADSYS,SM,CADSYS (INDIA) LIMITED,H
CENTEXT,EQ,CENTURY EXTRUSIONS LTD,H
CGRAPHICS,SM,CREATIVE GRAPHICS S IND L,H
CMMIPL,ST,CMM INFRAPROJECTS LIMITED,H
COFFEEDAY,BE,COFFEE DAY ENTERPRISE LTD,H
CONTI,ST,CONTINENTAL SEED CHEM LTD,H
COUNCODOS,BE,COUNTRY CONDO S LIMITED,H
DCMFINSERV,EQ,DCM FINANCIAL SERVICES LT,H
DELPHIFX,BE,DELPHI WORLD MONEY LTD,H
DESTINY,SM,DESTINY LOGISTICS & I LTD,H
DGCONTENT,BE,DIGICONTENT LIMITED,H
DHARIWAL,ST,DHARIWALCORP LIMITED,H
DHRUV,BE,DHRUV CONSULTANCY SER LTD,H
DHTL,ST,DOCMODE HEALTH TECH LTD,H
DOLPHIN,BE,DOLPHIN OFF ENT (IND) L,H
DRONE,ST,DRONE DESTINATION LIMITED,H
E2E,BE,E2E NETWORKS LIMITED,H
EFFWA,SM,EFFWA INFRA & RESEARCH L,H
ENERGYDEV,BE,ENERGY DEVE. CO.LTD,H
EUROTEXIND,EQ,EUROTEX INDUSTRIES LTD,H
EXCEL,BE,EXCEL REALTY N INFRA LTD,H
FEL,BZ,FUTURE ENTERPRISES LTD,H
FELDVR,BE,FUTURE ENTERPRISES LTD,H
FMNL,EQ,FUTURE MKT NETWORKS LTD,H
GANGAFORGE,EQ,GANGA FORGING LIMITED,H
GENUSPOWER,EQ,GENUS POWER INFRASTRU LTD,H
GLFL,BE,GUJARAT LEASE FINANCING L,H
GODHA,BE,GODHA CABCON INSULAT LTD,H
GOLDSTAR,SM,GOLDSTAR POWER LIMITED,H
GSTL,ST,GLOBESECURE TECHNO LTD,H
GTL,EQ,GTL LTD,H
GTLINFRA,EQ,GTL INFRA.LTD,H
GVKPIL,BE,GVK POW. & INFRA LTD.,H
HDIL,BZ,HOUSING DEV & INFRA LTD,H
HIRECT,EQ,HIND RECTIFIER LIMITED,H
HITECHGEAR,EQ,THE HI-TECH GEARS LIMITED,H
HMT,BZ,HMT LTD -,H
HUBTOWN,BE,HUBTOWN LIMITED,H
HYBRIDFIN,BE,HYBRID FINANCIAL SERVICE,H
ICDSLTD,BE,ICDSLTD,H
IEML,SM,INDIAN EMULSIFIERS LTD,H
IL&FSTRANS,BZ,IL&FS TRANS NET LTD,H
INDOTHAI,EQ,INDO THAI SEC LTD,H
INSPIRISYS,BE,INSPIRISYS SOLUTIONS LTD,H
ISHAN,ST,ISHAN INTERNATIONAL LTD,H
JETAIRWAYS,BZ,JET AIRWAYS (INDIA) LTD.,H
JETFREIGHT,EQ,JET FREIGHT LOGISTICS LTD,H
JHS,EQ,JHS SVEND. LAB. LTD,H
JUBLINDS,EQ,JUBILANT INDUSTRIES LTD,H
JYOTICNC,EQ,JYOTI CNC AUTOMATION LTD,H
JYOTISTRUC,EQ,JYOTI STRUCTURES LTD,H
K2INFRA,ST,K2 INFRAGEN LIMITED,H
KARMAENG,BE,KARMA ENERGY LIMITED,H
KAYA,BE,KAYA LIMITED,H
KDL,ST,KORE DIGITAL LIMITED,H
KERNEX,EQ,KERNEX MICROSYS(I) LTD,H
KHAITANLTD,BE,KHAITAN (INDIA)LTD.,H
KNAGRI,ST,KN AGRI RESOURCES LIMITED,H
KONTOR,SM,KONTOR SPACE LIMITED,H
KRISHCA,ST,KRISHCA STRAPPING SLTN L,H
KRISHNADEF,ST,KRISHNA DEF AND ALD IND L,H
KTL,SM,KALAHRIDHAAN TRENDZ LTD,H
LGHL,BE,LAXMI GOLDORNA HOUSE LTD,H
LRRPL,ST,LEAD REC AND RUB PROD LTD,H
LYPSAGEMS,EQ,LYPSA GEMS & JEWEL LTD,H
MAHAPEXLTD,BE,MAHA RASHTRA APEX COPR. L,H
MAITREYA,ST,MAITREYA MEDICARE LIMITED,H
MASKINVEST,BE,MASK INVESTMENTS LIMITED,H
MBLINFRA,BE,MBL INFRASTRUCTURE LTD,H
MEDICO,BE,MEDICO REMEDIES LIMITED,H
MHLXMIRU,EQ,MAHALAXMI RUBTECH LIMITED,H
MIRCELECTR,EQ,MIRC ELECTRONICS LTD,H
MORARJEE,BE,MORARJEE TEXTILES LIMITED,H
MSPL,EQ,MSP STEEL & POWER LTD.,H
NAMAN,SM,NAMAN IN-STORE (INDIA) L,H
NILAINFRA,EQ,NILA INFRASTRUCTURES LTD,H
NIRMAN,ST,NIRMAN AGRI GENTICS LTD,H
NORBTEAEXP,EQ,NORBEN TEA & EXPORTS LTD,H
NPST,SM,NETWORK PEOPLE SRV TECH L,H
OLIL,ST,ONECLICK LOGISTICS IND L,H
OMAXE,BE,OMAXE LIMITED,H
OMINFRAL,BE,OM INFRA LIMITED,H
ORTEL,BZ,ORTEL COMMUNICATIONS LTD,H
OWAIS,SM,OWAIS METAL & MINERAL,H
PANACHE,BE,PANACHE DIGILIFE LIMITED,H
PARAS,BE,PARAS DEF AND SPCE TECH L,H
PCCL,SM,PETRO CARBON AND CHEMI L,H
PCJEWELLER,EQ,PC JEWELLER LTD,H
PERFECT,ST,PERFECT INFRAENGINEER LTD,H
PODDARHOUS,BZ,PODDAR HOUSE & DVPT LTD,H
POSITRON,ST,POSITRON ENERGY LIMITED,H
PRAENG,EQ,PRAJAY ENG. SYN. LTD.,H
PRAMARA,SM,PRAMARA PROMOTIONS LTD,H
PRATHAM,SM,PRATHAM EPC PROJECTS LTD,H
PRECAM,EQ,PRECISION CAMSHAFTS LTD.,H
PRITIKA,SM,PRITIKA ENG COMPO LTD,H
PRITIKAUTO,EQ,PRITIKA AUTO INDUS LTD,H
PRUDMOULI,EQ,PRUDENTIAL SUGAR CORPORAT,H
QUADPRO,SM,QUADPRO ITES LIMITED,H
RAJRILTD,BE,RAJ RAYON INDUSTRIES LTD,H
RBMINFRA,SM,RBM INFRACON LIMITED,H
RCOM,BE,RELIANCE COMMUNICATIONS L,H
RELTD,EQ,RAVINDRA ENERGY LIMITED,H
RETAIL,BE,JHS SVENDGAARD RETAIL V L,H
RHFL,EQ,RELIANCE HOME FINANCE LTD,H
RICHA,SM,RICHA INFO SYSTEMS LTD,H
RILINFRA,ST,RACHANA INFRA LTD,H
RKDL,BE,RAVI KUMAR DIST. LTD.,H
ROLLT,BE,ROLLATAINERS LIMITED,H
ROLTA,BZ,ROLTA INDIA LTD,H
RPOWER,EQ,RELIANCE POWER LTD.,H
RTNPOWER,EQ,RATTANINDIA POWER LIMITED,H
RUCHINFRA,EQ,RUCHI INFRASTRUCTURE LTD,H
SABEVENTS,BE,SAB EVENTS & GOVERNANCE,H
SADBHAV,EQ,SADBHAV ENGINEERING LTD,H
SADBHIN,BE,SADBHAV INFRA PROJ LTD.,H
SALSTEEL,BE,S.A.L. STEEL LTD.,H
SANWARIA,BZ,SANWARIA CONSUMER LIMITED,H
SARTELE,SM,SAR TELEVENTURE LIMITED,H
SATECH,SM,S A TECH SOFTWARE INDIA L,H
SEL,SM,SUNGARNER ENERGIES LTD,H
SETCO,BE,SETCO AUTOMOTIVE LTD,H
SHAH,BE,SHAH METACORP LIMITED,H
SHEETAL,SM,SHEETAL UNIVERSAL LIMITED,H
SHRADHA,BE,SHRADHA INFRAPROJECTS LTD,H
SHREEOSFM,SM,SHREE OSFM E-MOBILITY LTD,H
SHRENIK,BE,SHRENIK LIMITED,H
SIDDHIKA,SM,SIDDHIKA COATINGS LIMITED,H
SILLYMONKS,BE,SILLY MONKS ENTERTAIN LTD,H
SIMPLEXINF,EQ,SIMPLEX INFRASTRUCTURES L,H
SITINET,BE,SITI NETWORKS LIMITED,H
SLONE,ST,SLONE INFOSYSTEMS LIMITED,H
SOLARA,BE,SOLARA ACTIVE PHA SCI LTD,H
SOLARAPP,X1,SOLAR ACT RS.3.50 PPD UP,H
SPECTRUM,SM,SPECTRUM ELECTRIC IND LTD,H
SPMLINFRA,BE,SPML INFRA LIMITED,H
STARTECK,BE,STARTECK FINANCE LIMITED,H
SUVIDHAA,EQ,SUVIDHAA INFOSERVE LTD,H
TAC,SM,TAC INFOSEC LIMITED,H
TAPIFRUIT,SM,TAPI FRUIT PROCESSING LTD,H
TECILCHEM,BE,TECIL CHEMICALS,H
TGL,ST,TEERTH GOPICON LIMITED,H
TPHQ,BE,TEAMO PRODUCTIONS HQ LTD,H
TRANSWIND,SM,TRANSWIND INFRA LIMITED,H
TREJHARA,EQ,TREJHARA SOLUTIONS LTD,H
TRIL,BE,TRANS & RECTI. LTD,H
TRUST,ST,TRUST FINTECH LIMITED,H
TVSELECT,EQ,TVS ELECTRONICS LTD,H
UCL,SM,USHANTI COLOUR CHEM LTD,H
UNIINFO,EQ,UNIINFO TELECOM SERVI LTD,H
V2RETAIL,BE,V2 RETAIL LIMITED,H
VARDMNPOLY,EQ,VARDHMAN POLYTEX LTD.,H
VASA,ST,VASA RETAIL & OVERSEA LTD,H
VERITAAS,SM,VERITAAS ADVERTISING LTD,H
VIJIFIN,BE,VIJI FINANCE LIMITED,H
VINYAS,ST,VINYAS INNOVATIVE TECH L,H
VMARCIND,SM,V MARC INDIA LIMITED,H
WEALTH,BE,WEALTH FRST PORT. MG. LTD,H
WINSOME,BE,WINSOME YARNS LIMITED,H
YAARI,EQ,YAARI DIGI INT SER LTD,H
AARTECH,EQ,AARTECH SOLONICS LIMITED,L
ABCOTS,SM,A B COTSPIN INDIA LIMITED,L
AESTHETIK,ST,AESTHETIK ENGINEERS LTD,L
AKUMS,EQ,AKUMS DRUGS AND PHARMA L,L
AMJUMBO,SM,A AND M JUMBO BAGS LTD,L
AURUM,BE,AURUM PROPTECH LIMITED,L
AURUMPP1,X1,AURUM RS. 3.12 PPD UP,L
BLUECHIP,BE,BLUE CHIP INDIA LIMITED,L
BRNL,BE,BHARAT ROAD NETWORK LTD,L
BURNPUR,BE,BURNPUR CEMENT LTD.,L
CONTI,ST,CONTINENTAL SEED CHEM LTD,L
CPS,SM,C P S SHAPERS LIMITED,L
DHTL,ST,DOCMODE HEALTH TECH LTD,L
DIGIDRIVE,BE,DIGIDRIVE DISTRIBUTORS L,L
DRL,SM,DHANUKA REALTY LIMITED,L
ESCONET,ST,ESCONET TECHNOLOGIES LTD,L
FOCUS,BE,FOCUS LIGHTG & FIXTRS LTD,L
GET&D,BE,GE T&D INDIA LIMITED,L
GMRP&UI,EQ,GMR POW AND URBAN INFRA L,L
GOLDENTOBC,BZ,GOLDEN TOBACCO LIMITED,L
GRETEX,ST,GRETEX INDUSTRIES LTD.,L
GRPLTD,BE,GRP LIMITED,L
GSMFOILS,ST,GSM FOILS LIMITED,L
GSTL,ST,GLOBESECURE TECHNO LTD,L
IL&FSTRANS,BZ,IL&FS TRANS NET LTD,L
INDOWIND,BE,INDOWIND ENERGY LTD,L
ISHAN,ST,ISHAN INTERNATIONAL LTD,L
IVC,BE,IL&FS INVESTMENT MANAGERS,L
KERNEX,EQ,KERNEX MICROSYS(I) LTD,L
KRITINUT,BE,KRITI NUTRIENTS LIMITED,L
KTL,SM,KALAHRIDHAAN TRENDZ LTD,L
MAHAPEXLTD,BE,MAHA RASHTRA APEX COPR. L,L
MANAKALUCO,BE,MANAK ALUMINIUM CO. LTD.,L
MCON,ST,MCON RASAYAN INDIA LTD,L
MEGASOFT,EQ,MEGASOFT LTD,L
MINDPOOL,ST,MINDPOOL TECHNOLOGIES LTD,L
MINDTECK,BE,MINDTECK (INDIA) LIMITED,L
MPTODAY,SM,M P TODAY MEDIA LIMITED,L
NARMADA,BE,NARMADA AGROBASE LIMITED,L
NITIRAJ,BE,NITIRAJ ENGINEERS LTD,L
PKTEA,BE,THE P K TEA PROD CO LTD,L
PPSL,ST,PICTUREPOST STUDIOS LTD,L
PURVA,BE,PURAVANKARA LIMITED,L
RSSOFTWARE,BE,R. S. SOFTWARE (INDIA) LI,L
SAGARDEEP,BE,SAGARDEEP ALLOYS LIMITED,L
SECL,SM,SALASAR EXTERIOR CONT LTD,L
SEL,SM,SUNGARNER ENERGIES LTD,L
SKYGOLD,BE,SKY GOLD LIMITED,L
SMARTLINK,BE,SMARTLINK HOLDINGS LTD,L
SSDL,BE,SARASWATI SAREE DEPOT LTD,L
SUNLITE,ST,SUNLITE RECYCLING IND LTD,L
SUPREMEINF,BZ,SUPREME INFRA. LTD,L
UMANGDAIRY,BE,UMANG DAIRIES LIMITED,L
UNIVASTU,EQ,UNIVASTU INDIA LIMITED,L
URAVI,BE,URAVI T AND WEDG LAMP LTD,L
VINNY,BE,VINNY OVERSEAS LIMITED,L
WIPL,BE,THE WESTERN INDIA PLY LTD,L
