GAIN_LOSS,SECURITY,CLOSE_PRIC,PREV_CL_PR,PERCENT_CG
 ,Nifty 50 Sec., , , 
 , , , , 
G,GRASIM INDUSTRIES LTD,      2755.15,      2684.85,2.62
G,TATA CONSUMER PRODUCT LTD,      1205.80,      1177.55,2.4
G,BHARTI AIRTEL LIMITED,      1486.35,      1463.45,1.56
G,TATA STEEL LIMITED,       154.14,       151.92,1.46
G,ICICI BANK LTD.,      1191.10,      1174.85,1.38
G,TITAN COMPANY LIMITED,      3604.40,      3560.40,1.24
G,APOLLO HOSPITALS ENTER. L,      6830.55,      6752.45,1.16
G,ASIAN PAINTS LIMITED,      3186.60,      3151.55,1.11
G,ULTRATECH CEMENT LIMITED,     11309.40,     11200.90,.97
G,HERO MOTOCORP LIMITED,      5329.95,      5284.70,.86
G,JSW STEEL LIMITED,       933.25,       925.80,.8
G,BAJAJ AUTO LIMITED,      9914.20,      9852.00,.63
G,STATE BANK OF INDIA,       820.30,       815.55,.58
G,KOTAK MAHINDRA BANK LTD,      1821.50,      1812.95,.47
G,MARUTI SUZUKI INDIA LTD.,     12276.35,     12220.95,.45
G,TECH MAHINDRA LIMITED,      1611.25,      1604.65,.41
G,EICHER MOTORS LTD,      4933.55,      4913.55,.41
G,INFOSYS LIMITED,      1880.25,      1872.70,.4
G,HDFC BANK LTD,      1631.30,      1625.80,.34
G,BAJAJ FINSERV LTD.,      1625.70,      1620.95,.29
G,LARSEN & TOUBRO LTD.,      3606.50,      3596.05,.29
G,DIVI S LABORATORIES LTD,      4911.45,      4900.80,.22
G,HDFC LIFE INS CO LTD,       726.00,       724.55,.2
G,BAJAJ FINANCE LIMITED,      6743.60,      6735.35,.12
G,HINDUSTAN UNILEVER LTD.,      2792.80,      2791.20,.06
 , , , , 
L,TATA MOTORS LIMITED,      1068.45,      1085.20,-1.54
L,WIPRO LTD,       519.00,       526.35,-1.4
L,NTPC LTD,       403.35,       408.95,-1.37
L,DR. REDDY S LABORATORIES,      6969.05,      7062.45,-1.32
L,MAHINDRA & MAHINDRA LTD,      2732.95,      2769.40,-1.32
L,TATA CONSULTANCY SERV LT,      4502.00,      4551.50,-1.09
L,OIL AND NATURAL GAS CORP.,       324.35,       327.70,-1.02
L,SUN PHARMACEUTICAL IND L,      1750.65,      1764.65,-0.79
L,POWER GRID CORP. LTD.,       334.00,       336.65,-0.79
L,ADANI PORT & SEZ LTD,      1492.30,      1503.50,-0.74
L,COAL INDIA LTD,       528.85,       532.20,-0.63
L,CIPLA LTD,      1585.80,      1594.60,-0.55
L,ADANI ENTERPRISES LIMITED,      3099.05,      3115.70,-0.53
L,SHRIRAM FINANCE LIMITED,      3143.60,      3159.05,-0.49
L,AXIS BANK LIMITED,      1169.95,      1174.40,-0.38
L,BHARAT PETROLEUM CORP  LT,       350.10,       351.20,-0.31
L,SBI LIFE INSURANCE CO LTD,      1795.25,      1800.60,-0.3
L,ITC LTD,       504.55,       505.40,-0.17
L,LTIMINDTREE LIMITED,      5704.40,      5713.45,-0.16
L,INDUSIND BANK LIMITED,      1381.90,      1384.00,-0.15
L,HCL TECHNOLOGIES LTD,      1676.15,      1677.25,-0.07
L,RELIANCE INDUSTRIES LTD,      2996.25,      2997.35,-0.04
L,NESTLE INDIA LIMITED,      2551.00,      2551.75,-0.03
L,BRITANNIA INDUSTRIES LTD,      5836.80,      5837.35,-0.01
L,HINDALCO  INDUSTRIES  LTD,       685.55,       685.60,-0.01
 , , , , 
 ,Nifty Next 50 Sec., , , 
 , , , , 
G,INTERGLOBE AVIATION LTD,      4483.15,      4299.85,4.26
G,GODREJ CONSUMER PRODUCTS,      1440.30,      1391.25,3.53
G,VARUN BEVERAGES LIMITED,      1594.20,      1546.10,3.11
G,TRENT LTD,      6989.80,      6783.20,3.05
G,TVS MOTOR COMPANY  LTD,      2706.25,      2631.50,2.84
G,PIDILITE INDUSTRIES LTD,      3127.10,      3057.75,2.27
G,SRF LTD,      2533.10,      2480.15,2.13
G,DABUR INDIA LTD,       646.15,       634.35,1.86
G,BAJAJ HOLDINGS & INVS LTD,      9880.90,      9746.50,1.38
G,ICICI LOMBARD GIC LIMITED,      2083.20,      2059.90,1.13
G,BERGER PAINTS (I) LTD,       582.05,       576.05,1.04
G,VEDANTA LIMITED,       459.55,       455.30,0.93
G,BOSCH LIMITED,     32503.15,     32213.70,0.9
G,COLGATE PALMOLIVE LTD.,      3605.15,      3574.50,0.86
G,JINDAL STEEL & POWER LTD,       965.75,       957.60,0.85
G,SHREE CEMENT LIMITED,     25012.40,     24808.05,0.82
G,PUNJAB NATIONAL BANK,       117.36,       116.41,0.82
G,HINDUSTAN AERONAUTICS LTD,      4768.10,      4731.15,0.78
G,SBI CARDS & PAY SER LTD,       714.45,       709.55,0.69
G,CANARA BANK,       112.33,       111.63,0.63
G,MARICO LIMITED,       682.95,       679.30,0.54
G,INDIAN RAILWAY FIN CORP L,       181.44,       180.53,0.5
G,INFO EDGE (I) LTD,      7444.45,      7407.60,0.5
G,INDIAN RAIL TOUR CORP LTD,       939.40,       934.80,0.49
G,AMBUJA CEMENTS LTD,       631.80,       629.25,0.41
G,ZYDUS LIFESCIENCES LTD,      1210.05,      1205.65,0.36
G,POWER FIN CORP LTD.,       517.50,       515.65,0.36
G,TORRENT PHARMACEUTICALS L,      3362.60,      3350.75,0.35
G,BANK OF BARODA,       254.10,       253.40,0.28
G,ADANI TOTAL GAS LIMITED,       860.90,       859.05,0.22
 , , , , 
L,ADANI POWER LTD,       673.70,       695.15,-3.09
L,CHOLAMANDALAM IN & FIN CO,      1365.65,      1400.40,-2.48
L,ADANI GREEN ENERGY LTD,      1886.35,      1920.85,-1.8
L,HAVELLS INDIA LIMITED,      1895.65,      1920.55,-1.3
L,ICICI PRU LIFE INS CO LTD,       733.00,       741.45,-1.14
L,ADANI ENERGY SOLUTION LTD,      1077.75,      1088.40,-0.98
L,GAIL (INDIA) LTD,       234.07,       236.15,-0.88
L,AVENUE SUPERMARTS LIMITED,      5057.85,      5099.45,-0.82
L,LIFE INSURA CORP OF INDIA,      1075.50,      1084.15,-0.8
L,ZOMATO LIMITED,       257.96,       260.03,-0.8
L,ABB INDIA LIMITED,      7859.55,      7921.55,-0.78
L,JIO FIN SERVICES LTD,       329.60,       331.10,-0.45
L,SIEMENS LTD,      7056.05,      7083.05,-0.38
L,TATA POWER CO LTD,       422.95,       424.50,-0.37
L,BHARAT ELECTRONICS LTD,       304.50,       305.40,-0.29
L,DLF LIMITED,       859.25,       860.55,-0.15
L,INDIAN OIL CORP LTD,       173.79,       173.89,-0.06
 , , , , 
 ,OTHER SECURITIES, , , 
 , , , , 
G,USHANTI COLOUR CHEM LTD,        61.20,        51.00,20
G,JET FREIGHT LOGISTICS LTD,        17.11,        14.26,19.99
G,AARTI SURFACTANTS LIMITED,       224.60,       187.20,19.98
G,INDIAN EMULSIFIERS LTD,       395.20,       330.00,19.76
G,BOND 8.37% TAX FREE S3A,     20200.00,     16900.00,19.53
G,PETRO CARBON AND CHEMI L,       317.45,       267.95,18.47
G,AVRO INDIA LIMITED,       145.12,       122.54,18.43
G,PRECISION CAMSHAFTS LTD.,       236.75,       200.78,17.92
G,TVS ELECTRONICS LTD,       421.80,       359.35,17.38
G,LYPSA GEMS & JEWEL LTD,         8.61,         7.34,17.3
G,TFB 7.37% 2035 SR. 3A,      1300.00,      1110.00,17.12
G,SHREE OSFM E-MOBILITY LTD,       203.10,       173.85,16.82
G,BAL PHARMA LTD.,       137.68,       118.58,16.11
G,PRITI INTERNATIONAL LTD,       164.86,       142.20,15.94
G,GOLDSTAR POWER LIMITED,        12.65,        10.95,15.53
G,STL GLOBAL LIMITED,        22.96,        20.00,14.8
G,SHREEOSWAL S AND CHE LTD,        34.75,        30.39,14.35
G,AARVI ENCON LIMITED,       158.42,       139.62,13.47
G,SWASTIK PIPE LIMITED,        70.90,        62.80,12.9
G,VARROC ENGINEERING LTD.,       604.90,       536.00,12.85
G,MOREPEN LAB. LTD,        78.64,        69.73,12.78
G,RUCHI INFRASTRUCTURE LTD,        17.19,        15.28,12.5
G,AMBEY LABORATORIES LTD,        78.75,        70.35,11.94
G,TRANSPORT CORPN OF INDIA,      1162.30,      1041.55,11.59
G,CROP LIFE SCIENCE LIMITED,        53.55,        48.00,11.56
G,DEV INFO TECHNOLOGY LTD,       138.79,       124.63,11.36
G,DE NEERS TOOLS LIMITED,       201.00,       181.50,10.74
G,SUYOG TELEMATICS LIMITED,      1627.40,      1470.65,10.66
G,SYNOPTICS TECHNOLOGIES L,       113.30,       102.50,10.54
G,LAMBODHARA TEXTILES LTD.,       200.49,       181.63,10.38
 , , , , 
L,SEC RE NCD 10.03% SR V,       826.00,       995.00,-16.98
L,UNSEC RED NCD SR. VI,      1410.00,      1600.00,-11.88
L,DHANUKA REALTY LIMITED,        19.45,        21.60,-9.95
L,KALAHRIDHAAN TRENDZ LTD,        36.30,        40.20,-9.7
L,MEGASOFT LTD,        58.97,        64.32,-8.32
L,ATAM VALVES LIMITED,       164.84,       177.96,-7.37
L,RITE ZONE CHEMCON IND LTD,        43.05,        46.25,-6.92
L,NUCLEUS SOFTWARE EXPORTS,      1424.20,      1524.10,-6.55
L,SEPC LIMITED,        21.62,        22.87,-5.47
L,GRETEX INDUSTRIES LTD.,       148.20,       156.00,-5
L,SUNLITE RECYCLING IND LTD,       189.05,       199.00,-5
L,KERNEX MICROSYS(I) LTD,       914.00,       962.10,-5
L,A B COTSPIN INDIA LIMITED,       217.65,       229.10,-5
L,AKUMS DRUGS AND PHARMA L,       960.25,      1010.75,-5
L,PICTUREPOST STUDIOS LTD,        39.95,        42.05,-4.99
L,AESTHETIK ENGINEERS LTD,       115.10,       121.15,-4.99
L,AURUM RS. 3.12 PPD UP,       188.10,       197.95,-4.98
L,LYKA LABS LTD,       146.62,       154.28,-4.96
L,DOCMODE HEALTH TECH LTD,       126.75,       133.35,-4.95
L,C P S SHAPERS LIMITED,       275.25,       289.50,-4.92
L,A AND M JUMBO BAGS LTD,        17.40,        18.30,-4.92
L,M P TODAY MEDIA LIMITED,        37.80,        39.75,-4.91
L,OLA ELECTRIC MOBILITY LTD,       131.32,       138.05,-4.88
L,SALASAR EXTERIOR CONT LTD,        19.65,        20.65,-4.84
L,GLAXOSMITHKLINE PHARMA LT,      2914.85,      3061.45,-4.79
L,CONTINENTAL SEED CHEM LTD,        60.00,        63.00,-4.76
L,CYBER MEDIA RES & SER LTD,       132.40,       139.00,-4.75
L,PRIZOR VIZTECH LIMITED,       149.30,       156.55,-4.63
L,SEC RE NCD 9.21% SR 1,       935.00,       979.99,-4.59
L,SEC RE NCD 9.60% SR. III,       945.20,       990.00,-4.53
