SECURITY,NEW,PREVIOUS,NEW_STATUS
DEEPAK FERTILIZERS & PETR,1083.4,1081.3,H
KOTHARI PETROCHEM LTD,197,195,H
GILLETTE INDIA LTD,8540.95,8299,H
INFO EDGE (I) LTD,7570.05,7465.4,H
COROMANDEL INTERNTL. LTD,1789,1784.6,H
ICICI LOMBARD GIC LIMITED,2091,2086,H
PALASH SECURITIES LTD,182.8,165.6,H
MAGADH SUGAR & ENERGY LTD,894,865.65,H
PCBL LIMITED,452.65,449.9,H
NIP IND ETF IT,44.75,44.65,H
NIPPON L I A M LTD,739.45,735.3,H
AURUM PROPTECH LIMITED,237.5,165.8,H
V2 RETAIL LIMITED,1156.65,1101.6,H
SERVICE CARE LIMITED,79,74,H
RBM INFRACON LIMITED,821.7,782.6,H
ELECTROTHERM (I) LTD.,1003.05,983.4,H
CROP LIFE SCIENCE LIMITED,55,53.6,H
GOI TBILL 182D-29/08/24,99.9,99.84,H
ABHISHEK INTEGRATIONS LTD,115.2,109.8,H
ICICIPRAMC - ICICICONSU,123,122.08,H
ICICIPRAMC-ICICIFIN,26.26,26.2,H
21ST CENTURY MGMT SERVICE,107.21,105.11,H
SEC RE NCD 9.70% SR VII,1020,1018.85,H
SAMMAAN CAPITAL LIMITED,179.3,178.75,H
SOLVE PLASTIC PRODUCTS L,112.45,107.1,H
VOLTAS LTD,1688.75,1682.8,H
RANE (MADRAS) LIMITED,1529,1318.85,H
EVEREADY INDS. IND.  LTD.,505,488.5,H
GUFIC BIOSCIENCES LTD.,397.7,386.95,H
COLGATE PALMOLIVE LTD.,3614.85,3600,H
GANESHA ECOSPHERE LIMITED,2009.5,1958.35,H
HDFC AMC LIMITED,4438.85,4395.8,H
INSPIRISYS SOLUTIONS LTD,167.43,159.99,H
HARIOM PIPE INDUSTRIES L,820,788.35,H
POWER INSTRUMENT (G) LTD,151.5,148.53,H
LT FOODS LIMITED,359.6,354.6,H
DSPAMC - DSPITETF,43.6,42.9,H
PLATINUM INDUSTRIES LTD,431,418,H
AUTHUM INVEST & INFRA LTD,1674.9,1605.1,H
GSM FOILS LIMITED,75.85,72.3,H
AHIMSA INDUSTRIES LTD.,30.35,28.95,H
DHARIWALCORP LIMITED,165.15,157.35,H
DIC INDIA LIMITED,774.1,763.9,H
8.79% SEC RED BOND S2B,1196,1195,H
SEC RE NCD 9.90% SR IV,1050.1,1040.2,H
SEC RE NCD 8.66% SR.VI,995,970.25,H
POSITRON ENERGY LIMITED,549.8,523.65,H
INDRAPRASTHA MEDICAL CORP,378.7,370.7,H
KHAITAN (INDIA)LTD.,127.58,121.51,H
BOMBAY BURMAH TRADING COR,2604.95,2602,H
NELCO LTD,1219,1140.65,H
TRANSPORT CORPN OF INDIA,1238,1099,H
ABBOTT INDIA LIMITED,29947.25,29638.95,H
ALKEM LABORATORIES LTD.,5864.55,5850,H
GOKUL AGRO RESOURCES LTD,247.99,247.25,H
MINDA CORPORATION LTD,549.4,536,H
SBI LIFE INSURANCE CO LTD,1812.4,1804.45,H
TCPL PACKAGING LIMITED,3299.4,3285,H
SBIAMC - SBIETFIT,446.98,445.74,H
TREJHARA SOLUTIONS LTD,237.2,225.91,H
SUMITOMO CHEM INDIA LTD,567.35,548.95,H
SUNDARAM FINANCE HOLD LTD,324,322.5,H
TATAAML - TNIDETF,96.37,96.17,H
MONARCH NETWORTH CAP LTD,824.95,794.95,H
AXISAMC - AXISBPSETF,14,13.3,H
AXISAMC - AXISHCETF,144.85,143.65,H
ANNAPURNA SWADISHT LTD,470,459.95,H
TARAPUR TRANSFORMERS LTD,16.3,15.99,H
9.90 % SRNCD SR VI,1064.7,1064.57,H
SHREE OSFM E-MOBILITY LTD,208.6,190,H
CONTINENTAL SEED CHEM LTD,66.15,63.9,H
SEC RE NCD 0% SR.IV,1250,1247.9,H
SEC RE NCD 8% SR I,1080,1075,H
MAHARASHTRA SCOOTERS LTD,9550,9527,H
TVS MOTOR COMPANY  LTD,2715.2,2655,H
GULF OIL LUB. IND. LTD.,1437.95,1388,H
THE WESTERN INDIA PLY LTD,215,194.9,H
SANSERA ENGINEERING LTD,1539.45,1528.75,H
PILANI INV & IND COR LTD,5650,5615.9,H
SPML INFRA LIMITED,244.02,232.4,H
ARCHIDPLY IND. LTD,146,136.95,H
SUPREME ENGINEERING LTD,2.48,2.44,H
SYNCOM FORMU (I) LTD,19.84,19.53,H
AARTI PHARMALABS LIMITED,688.55,669.95,H
ABANS HOLDINGS LIMITED,625,598.7,H
HDFCAMC - HDFCVALUE,149.7,147.19,H
SUMIT WOODS LIMITED,117.84,92.48,H
BALU FORGE INDUSTRIES LTD,650,630,H
EPIGRAL LIMITED,2026,2010,H
S A TECH SOFTWARE INDIA L,198.05,180.05,H
SHRIRAM - LIQUIDSHRI,1008.6,1008.43,H
SEC RE NCD 9% SR.IV,1072,1068.2,H
SEC RE NCD 9.90% SR IV,930,925,H
SUYOG TELEMATICS LIMITED,1670,1547.9,H
SUBROS LIMITED,787,776.8,H
TRENT LTD,7010.05,6825,H
20 MICRONS LTD,348,340,H
HFCL LIMITED,150.7,148.5,H
CENTRAL DEPO SER (I) LTD,2989,2955,H
SBIAMC - SBIETFQLTY,242.91,242.7,H
V MARC INDIA LIMITED,445.05,423.9,H
SHYAM METALICS AND ENGY L,844.5,769.95,H
KCK INDUSTRIES LTD,254.5,250.25,H
SUNGARNER ENERGIES LTD,843.55,803.4,H
YATHARTH HOSP & TRA C S L,513.4,504.9,H
PRITIKA ENG COMPO LTD,130.2,124.55,H
GOI LOAN  7.46% 2073,109.3,109,H
S&S POWER SWITCHGEARS,409.35,401.35,H
MAX ESTATES LIMITED,648.2,634.5,H
ELGI RUBBER CO. LTD,103.08,101.06,H
GOI TBILL 364D-03/04/25,95.9,95.74,H
BOND 8.37% TAX FREE S3A,20200,16900,H
SEC RE NCD SR III,1043.69,1040.61,H
GENESYS INTL CORPN LTD,777,768.7,H
ALICON CASTALLOY LIMITED,1481.25,1418,H
SBI-ETF NIFTY NEXT 50,806.8,793.5,H
NIP IND ETF SHARIAH BEES,591.96,591.75,H
ZEN TECHNOLOGIES LIMITED,1863.35,1785,H
HPL ELECTRIC & POWER LTD,694,667.8,H
ERIS LIFESCIENCES LIMITED,1252.4,1230,H
BAHETI RECYCLING IND LTD,365.25,336,H
WELSPUN LIVING LIMITED,196.6,194.9,H
LCC INFOTECH LTD,7.82,7.67,H
E2E NETWORKS LIMITED,2504.9,2385.65,H
PATANJALI FOODS LIMITED,1938.35,1915,H
INCREDIBLE INDUSTRIES LTD,52.05,52,H
GOI LOAN 8.30% 2040,117.5,116.5,H
LEAD REC AND RUB PROD LTD,57.45,31.85,H
JITF INFRALOGISTICS LTD,1215,1204.35,H
SEC RE NCD 9.80% SR.I,1005.1,1005,H
KERNEX MICROSYS(I) LTD,1010.2,962.1,H
WELSPUN INV & COMM LTD,934,930.15,H
WINDSOR MACHINES LIMITED,202,194.49,H
GARWARE HI-TECH FILMS LTD,3548,3400,H
MOTILALAMC - MOQUALITY,222.7,220,H
NIPPONAMC - NETFPHARMA,23.32,23.3,H
ALL E TECHNOLOGIES LTD,465,462,H
CAREER POINT LIMITED,542.5,528.9,H
KORE DIGITAL LIMITED,2298.05,2188.65,H
DSPAMC - DSPNEWETF,333.88,329.78,H
DSPAMC - HEALTHADD,142.17,141.99,H
GOI TBILL 364D-14/11/24,98.19,98.01,H
PANACHE DIGILIFE LIMITED,160.58,152.94,H
GOI TBILL 364D-06/03/25,96.28,95.68,H
GOI TBILL 364D-24/07/25,94.81,94,H
SKIPPER RE.0.25 PPD UP,303.05,297.4,H
ESCONET TECHNOLOGIES LTD,353.7,342,H
SEC RE NCD 8.65% SR.V,980,929.5,H
SEC RE NCD 9.25% SR III,1011.6,1007.8,H
AWFIS SPACE SOLUTIONS LTD,946,856,H
SARLA PERF. FIBERS LTD,99,98.74,H
MAITREYA MEDICARE LIMITED,252.05,240.05,H
SEC RE NCD 9.55% SR.VII,983.08,982,H
SEC RE NCD 10.25% SR XII,995,980,H
DCW LTD,84.29,82.7,H
MPS LIMITED,2365,2347.35,H
ORTEL COMMUNICATIONS LTD,2.07,1.98,H
WEBSOL ENERGY SYSTEM LTD,999,967.2,H
GMR POW AND URBAN INFRA L,122.4,120.9,H
IIFL SECURITIES LIMITED,263.99,261.59,H
R.P.P INFRA PROJECTS LTD.,213,212,H
ALPS INDUSTRIES LTD.,4.46,4.35,H
SRI ADHIKARI BRO TELE N L,503.7,493.85,H
KOTAKMAMC - KOTAKMID50,173.65,173.05,H
INOX GREEN ENERGY SER LTD,213.8,204.5,H
TRANSWARRANTY FIN. LTD.,32.79,32.75,H
GOI TBILL 91D-12/09/24,99.65,99.55,H
SOLARA ACTIVE PHA SCI LTD,731.55,696.75,H
GOI TBILL 91D-07/11/24,98.9,98.46,H
GRASIM RE. 1 PPD UP,1836.85,1790,H
SEC RE NCD 8.25% SR.I,1039,1038,H
TRUST FINTECH LIMITED,268.35,255.6,H
RATNAVEER PRECISION ENG L,184,181,H
NAGREEKA CAP & INFR.LTD,29.52,16.8,H
SEC RE NCD SR II,1011,1006.65,H
SANSTAR LIMITED,144,143,H
SHEKHAWATI INDUSTRIES LTD,8.72,8.55,H
SDL KL 7.6% 2045,99.75,95,H
SEC RE NCD SR 6,1032,1000,H
BLB LIMITED,21.25,37.9,L
ASHAPURA LOGISTICS LTD,155.1,158,L
SEC RE NCD 9.65% SR I,815.2,1002,L
RBZ JEWELLERS LIMITED,151.52,154.62,L
SUMEET IND LIMITED,3.79,3.87,L
TAINWALA CHEMICAL AND PLA,198.94,203,L
DOCMODE HEALTH TECH LTD,126.7,139.2,L
APRAMEYA ENGINEERING LTD,71.2,73.65,L
RAJPUTANA INDUSTRIES LTD,101,102.5,L
SEC RE NCD 8.89% SR.VIII,950,959,L
BULKCORP INTERNATIONAL L,120,130,L
PALRED TECHNOLOGIES LTD,85.06,86.8,L
AUSOM ENTERPRISE LIMITED,98.95,100,L
PRIZOR VIZTECH LIMITED,146.25,150,L
SARASWATI SAREE DEPOT LTD,185.33,186,L
KATARIA INDUSTRIES LTD,183,185.5,L
SUNLITE RECYCLING IND LTD,189.05,199,L
SEC RE NCD 10.03% SR V,826,923.1,L
RELIABLE DATA SERVICE LTD,86.87,88.65,L
SEC RE NCD SR 6,982,990,L

