SYMBOL,SYMBOL P/E,ADJUSTED P/E
WHEELS,32.02,32.02
RIIL,175.18,175.18
SHREDIGCEM,17.88,17.88
SMLISUZU,24.11,24.11
FACT,2399.63,292.32
LAXMIMACH,56.93,56.93
PEL,,131.85
MAHSCOOTER,51.55,53.24
TRENT,155.63,234.14
KCP,11.14,11.06
JBCHEPHARM,50.9,50.9
IONEXCHANG,49.59,49.59
IFBIND,74.12,74.12
HIMATSEIDE,14.33,14.33
GFLLIMITED,181.89,181.89
BHARATFORG,85.87,77.42
ATUL,72.74,72.74
TATAMOTORS,10.74,10.68
MRPL,14.18,14.14
ESCORTS,40.42,40.42
BAJAJHLDNG,75.96,75.96
ZUARIIND,1.48,
VOLTAS,93.89,93.89
TATASTEEL,,52.55
VEDL,19.1,21.45
RELIANCE,26.03,26.03
BATAINDIA,55.4,73.26
CARBORUNIV,69.95,69.95
DICIND,,52.24
MOTOGENFIN,89.5,89.5
RAMCOCEM,54.95,54.95
ADORWELD,26.44,26.44
TORNTPHARM,65.36,68.24
VLSFINANCE,3.93,3.93
BIRLACABLE,80.18,80.18
AEGISLOG,40.18,40.18
HONAUT,86.68,86.68
TATAELXSI,54.78,54.78
SANDESH,5.96,5.96
APOLLOHOSP,92.16,92.27
BALKRISIND,33.75,33.75
ONGC,8.78,8.54
BANARISUG,27.2,27.2
KPIL,41.35,41.35
BSL,19.55,19.55
MUNJALSHOW,22.18,20.82
RANASUG,25.2,25.2
ADVANIHOTR,29.31,29.31
SUBROS,40.21,40.21
WIPRO,24.39,24.39
SOMANYCERA,30.26,31.36
SANOFI,31.95,30.03
HEIDELBERG,32.77,32.77
PIDILITIND,84.11,81.9
PCBL,33.65,33.65
HONDAPOWER,40.12,41.84
STYRENIX,22.93,22.93
GRAPHITE,9.81,36.99
ELECTCAST,14.65,14.65
DABUR,60.79,60.79
COSMOFIRST,29.95,29.95
HEROMOTOCO,25.44,25.44
ITC,30.51,30.5
HINDCOMPOS,26.32,26.32
OSWALGREEN,596.04,596.04
HUHTAMAKI,7.84,34.07
RICOAUTO,42.3,41.21
MANINDS,26.29,26.29
SIYSIL,11.89,11.89
PRECWIRE,38.98,38.98
NCC,25.95,25.28
SEAMECLTD,26.62,28.21
BBTC,8.88,8.57
GICHSGFIN,8.36,8.36
BANARBEADS,22.81,22.81
WSTCSTPAPR,6.43,6.43
PRUDMOULI,11.45,10.61
PRAJIND,46.8,50.41
TFCILTD,18.17,18.17
GTL,1.02,4.89
AGI,22.62,22.62
TATACONSUM,92.73,79.13
ZEEL,41.72,31.85
INDHOTEL,72.16,72.16
GOLDENTOBC,10.51,11.92
ANDHRAPAP,8.98,8.98
SCHAEFFLER,70.98,70.72
AMJLAND,17.48,17.48
KSB,78.29,78.29
GODFRYPHLP,43.26,40.83
SURYAROSNI,21.41,21.41
SUDARSCHEM,59.69,59.69
IPCALAB,63.49,68.86
HINDUNILVR,63.41,63.38
AMBUJACEM,35.46,37.29
DCM,33.22,33.22
HEUBACHIND,41.05,41.05
PVP,10.75,
NAVA,9.84,10.66
AUTOAXLES,18.15,18.15
KHAITANLTD,19.01,19.01
ANDHRSUGAR,35.17,33.3
STARPAPER,6.46,6.3
SILINV,20.52,20.52
SUNDRMBRAK,44.92,44.92
MOTHERSON,41.68,40.58
CREST,12.56,12.56
WENDT,75.39,75.39
SHRIRAMFIN,15.5,15.5
MIRZAINT,61.63,61.63
GANESHHOUC,17.8,17.8
ALKYLAMINE,70.1,70.1
RAMCOIND,26.67,26.67
MADRASFERT,22.47,13.82
SKMEGGPROD,11.03,11.03
FDC,27.16,27.16
ADROITINFO,13.36,13.36
INDUSINDBK,11.95,11.95
TRIGYN,23.78,23.78
KOTHARIPRO,39.81,39.81
ITDCEM,30.25,30.25
SONATSOFTW,58.62,4.81
KOKUYOCMLN,43.94,43.94
DHANBANK,47.19,47.19
STCINDIA,16.53,17.48
IVC,88.52,88.52
ALEMBICLTD,38.6,38.6
ICDSLTD,26.94,26.94
HCLTECH,27.69,27.69
ZYDUSLIFE,29.01,29.01
RAJESHEXPO,228.22,228.22
IOB,41.84,41.84
AJANTPHARM,45.03,45.03
CALSOFT,54.17,54.17
PNBGILTS,34.42,37.62
NLCINDIA,18.74,18.74
GAEL,18.09,18.09
TIPSINDLTD,65.13,65.13
ACLGATI,226.4,
JISLJALEQS,70.3,70.3
UNITDSPR,73.49,73.67
MPSLTD,34.12,34.12
PNB,11.83,11.83
TIMESGTY,61.97,61.97
GENESYS,90.94,90.94
UCOBANK,31.52,31.52
JAIBALAJI,17.78,17.78
MUKANDLTD,24.62,24.62
VAIBHAVGBL,44.02,42.09
POONAWALLA,17.83,25.48
CENTEXT,27.85,28.27
TCS,34.98,34.45
COFORGE,50.82,51.4
ASTRAMICRO,69.3,69.3
DWARKESH,40.92,40.92
SUPRAJIT,46.32,46.32
CONSOFINVT,12.68,12.68
EVEREADY,74.3,74.3
MANGALAM,29.48,29.48
SSWL,5.23,15.34
SURYALAXMI,61.43,32.94
GEOJITFSL,16.03,16.03
NECLIFE,136.42,136.42
IDFC,734.31,734.31
IMPAL,21.21,21.21
SUZLON,124.76,116.42
AIAENG,37.41,37.43
ORIENTCER,35.22,38.92
EKC,20.47,20.1
ENIL,33.11,33.11
JAGRAN,12.67,12.67
M&MFIN,18.86,18.86
KEI,69.18,69.16
VAKRANGEE,378.02,401.17
RSYSTEMS,41.03,41.03
BALPHARMA,24.62,24.62
KAMDHENU,25.27,25.27
PIONEEREMB,50.89,50.89
MUNJALAU,28.36,16.92
TECHM,61.42,61.5
ANANTRAJ,66.44,66.44
BINANIIND,29.57,
ALICON,31.75,31.75
INSPIRISYS,41.29,41.29
TORNTPOWER,35.09,35.09
LTFOODS,21.52,21.52
JINDRILL,16.66,16.66
PLASTIBLEN,20.72,20.72
TANLA,22.32,22.32
TIDEWATER,33.43,33.43
PTL,22.66,22.66
GANDHITUBE,18.84,18.84
TIIL,32.12,31.32
TTL,23.5,65.34
JKTYRE,12.6,12.28
BANSWRAS,20.12,20.12
PHOENIXLTD,46.45,46.44
NDLVENTURE,286.71,286.71
SRHHYPOLTD,13.66,12.3
INSECTICID,22.54,22.54
KMSUGAR,15.59,15.59
HGS,72.39,72.39
TARMAT,,161.35
MEGASOFT,97.75,97.75
ALPA,11.56,11.57
KPRMILL,36.78,36.78
MOTILALOFS,14.78,14.78
KSCL,18.37,18.37
MANGCHEFER,10.62,10.62
RELIGARE,30.37,85.91
RGL,13.35,13.35
JYOTHYLAB,55.43,55.43
HITECHCORP,21.45,22.18
TRIL,126.73,126.73
DVL,27.81,27.81
PATINTLOG,27.12,27.12
AMBIKCO,14.81,14.81
BIRLAMONEY,14.99,14.99
JKIL,18.87,18.87
KNRCON,11.91,11.91
SEPC,137.9,137.9
NMDC,11.11,10.73
RECLTD,10.69,10.69
TITAGARH,64.84,64.47
BAJAJ-AUTO,35.54,35.54
DIGISPICE,15.69,42.02
ALMONDZ,20.55,52.85
RANEENGINE,31,25.19
LOTUSEYE,75.96,76.78
VINYLINDIA,32.8,32.8
ZFCVINDIA,73.05,73.05
TATAMTRDVR,1.13,1.12
TPHQ,25.73,25.73
GKWLIMITED,192.01,192.01
ADANIPOWER,16.78,16.78
EXPLEOSOL,21.75,21.75
SUNTECK,92.63,92.63
JSWENERGY,64.51,64.51
MMTC,160.66,121.38
NESTLEIND,75.83,76.05
MBLINFRA,3.88,
THANGAMAYL,42.31,42.31
MANINFRA,25.88,25.88
KIRLOSIND,18.14,16.23
IITL,7.03,9.6
DEEPAKNTR,46.66,50.18
RAMKY,16.98,16.98
ASHOKA,9.92,11.23
SHAH,9.53,164.66
CGCL,44.97,44.97
GRAVITA,59.32,59.32
RPPINFRA,12.41,12.41
PSB,65.58,65.58
HINDMOTORS,19.31,19.31
LOVABLE,79.81,79.81
VADILALIND,18.33,18.33
OMINFRAL,42.1,42.1
DELPHIFX,16.38,16.38
DHANUKA,32.07,32.07
INVENTURE,17,14.78
DELTACORP,17.71,22.16
CERA,54.87,54.58
ADANIPORTS,35.09,33.46
VINATIORGA,58.66,58.66
NHPC,23.88,23.88
OIL,15.35,15.43
AMRUTANJAN,53.06,53.06
DEN,11.88,11.88
SHILPAMED,132.21,142.31
DLINKINDIA,21.72,21.72
DBCORP,12.92,12.92
BEARDSELL,18.72,18.72
TRF,15.82,15.82
UNITEDTEA,14.4,14.4
VASCONEQ,33.29,33.29
PERSISTENT,64.87,64.87
IMFA,9.81,9.81
BAJAJCON,26.18,26.18
KILITCH,50.03,50.03
GREENPOWER,77.18,120.71
JWL,66.56,66.56
PRESTIGE,43.17,43.17
IOLCP,21.65,21.65
JAMNAAUTO,24.89,24.89
FMNL,.71,
STEL,68.97,68.97
SYMPHONY,53.63,53.63
VSTTILLERS,30.14,30.14
LTF,16.96,16.96
SAMMAANCAP,6.94,6.94
PILITA,61.13,61.13
MITCON,23.04,23.04
AGRITECH,14.01,14.01
GOCLCORP,30.92,28.37
CIGNITITEC,28.37,27.78
GRPLTD,96.19,89.08
GANECOS,82.75,82.75
MANAKALUCO,42.38,42.38
INOXWIND,471.63,381.53
UFO,81.3,67.52
SKIPPER,50.31,50.31
SYNGENE,68.2,70.63
PKTEA,22.38,22.38
SHARDAMOTR,24.12,24.12
COFFEEDAY,,6.01
UMANGDAIRY,65.18,65.18
ALKEM,33.38,31.91
QUICKHEAL,78.11,78.11
SEQUENT,293.22,
HCG,98.81,104.63
ASAHISONG,24.09,190.1
TDPOWERSYS,52.26,52.26
VASWANI,16.64,16.64
PANAMAPET,12.53,12.53
ONELIFECAP,14.42,14.42
TRITURBINE,84.57,84.57
JISLDVREQS,1.09,1.09
RUPA,36.14,34.88
KANANIIND,107.68,107.68
IRFC,36.59,36.59
RHIM,,45.66
SCHNEIDER,104.79,102.94
NBCC,73.69,56.74
TBZ,20.3,20.3
SWANENERGY,30.87,30.87
RTNINDIA,10.31,9.86
THEJO,54.66,54.66
KITEX,31.19,31.19
ROSSELLIND,158.12,156.71
TVSHLTD,13.57,13.57
VETO,19.17,19.17
INDUSTOWER,17.31,17.31
JUSTDIAL,27.38,27.38
ESSENTIA,28.49,28.5
SREEL,28.42,28.42
SDBL,22.57,22.57
AGARIND,16.1,16.1
GULFOILLUB,20.48,20.48
SUPERHOUSE,15.78,25.36
PDSL,36.53,37.25
GOODLUCK,21.01,21.01
LAMBODHARA,39.27,39.27
VISHNU,26.66,26.66
LINC,25.05,25.05
JMA,9.58,9.58
MANAKCOAT,34.17,34.17
IMAGICAA,301.65,70.93
LFIC,5.63,5.63
VRLLOG,68.44,68.86
PRIVISCL,47.61,47.61
ARROWGREEN,31.33,31.33
ALANKIT,29.44,29.44
BALKRISHNA,,16.28
ADANIENSOL,,81.35
RAMASTEEL,57.36,57.36
POWERMECH,38.12,38.06
SHREEPUSHK,19.01,19.01
IDFCFIRSTB,19.3,19.3
PERFECT,54.12,54.12
LUXIND,49.63,49.63
LINCOLN,14.62,14.62
OCCL,8.51,8.51
HITECH,52.11,52.11
KELLTONTEC,23.5,23.5
WEALTH,28.04,28.04
SAGARDEEP,58.13,58.13
PARAGMILK,24.09,24.09
UNITEDPOLY,28.83,28.83
PREMEXPLN,115.26,115.26
INCREDIBLE,37.52,37.52
MGL,15.34,15.34
GPTINFRA,36.59,36.59
LLOYDSENGG,105.23,105.23
LTIM,37.05,37.05
GATECH,85.53,85.53
ADVENZYMES,36.18,33.79
NDGL,12.08,12.08
BIGBLOC,62.94,62.94
MBAPL,66.8,66.8
GNA,18.76,18.76
MARATHON,22.59,22.59
JAIPURKURT,24.05,24.05
SAKAR,61.48,61.48
AURDIS,12.3,12.3
PANSARI,41.96,41.96
DRL,16.4,16.4
ARTNIRMAN,121.01,121.01
ENDURANCE,49.25,49.25
PNBHOUSING,14.55,14.55
PODDARMENT,15.64,15.64
JETFREIGHT,15.22,16.81
SFL,51.65,73.49
HISARMETAL,18.21,18.21
LIBAS,5.09,5.09
PROLIFE,9.63,9.63
CAPTRUST,116.02,116.02
MAHESHWARI,15.17,15.17
BSE,70.96,70.96
MCL,34.02,34.02
STEELCITY,10.38,10.38
KRISHANA,33.9,33.9
GLOBAL,12.52,12.52
SANGINITA,59.17,59.17
AKASH,37.96,37.96
DMART,125.19,125.19
AIRAN,15.63,15.63
URJA,424.72,424.72
EIFFL,194.71,194.71
SHANKARA,17.98,17.98
CREATIVE,19.14,19.14
FOCUS,17.86,17.86
SIKKO,36.01,36.01
PANACHE,,46.28
INFOBEAN,38.56,38.56
PSPPROJECT,22.6,22.6
VSCL,1309.45,1309.45
ERIS,42.01,42.01
TRANSWIND,25.49,25.49
STEELXIND,80.26,80.26
AVADHSUGAR,12.48,12.48
GANGESSECU,34.16,34.16
TOTAL,847.26,847.26
WEWIN,33.82,33.82
COCHINSHIP,64.83,64.83
VAISHALI,207.08,207.08
SERVOTECH,247.49,247.49
MANAV,13.39,13.39
CHOLAHLDNG,7.38,7.38
ICICIGI,60.67,60.67
WORTH,12.57,12.57
CADSYS,7.53,7.68
DPWIRES,20.2,20.2
TIRUPATI,53.78,53.78
AIROLAM,28.68,28.68
CMMIPL,16.67,16.67
OMFURN,18.31,18.31
MILTON,20.85,20.85
MASFIN,19.19,19.19
GICRE,10.17,10.17
NAM-INDIA,38.45,38.45
SECURCRED,5.13,5.13
IFGLEXPOR,28.97,28.97
VERTOZ,138.66,138.66
PULZ,14.72,14.72
SILVERTUC,53.05,53.05
ICEMAKE,46.56,46.56
SHRADHA,11.89,11.89
INNOVANA,26.87,26.87
TOUCHWOOD,51.14,51.15
MOKSH,16.42,16.42
BCONCEPTS,70.67,70.67
APOLLO,85.64,85.64
SINTERCOM,293.96,293.96
SOUTHWEST,32.21,33.83
ARVEE,161.55,161.55
ASTERDM,59.29,
BANKA,64.21,64.24
HINDCON,57.83,57.83
SARVESHWAR,49.74,49.74
MACPOWER,54.83,54.83
BDL,83.78,83.78
BANDHANBNK,12.76,12.76
URAVI,290.43,290.43
MITTAL,21.61,40.3
GIRIRAJ,85.41,85.41
ISEC,13.04,13.04
MIDHANI,103.05,103.05
CONTI,510.26,509.34
AVG,18.09,28.37
VERA,24.87,24.87
MMP,36.8,36.8
NARMADA,16.66,16.66
BSHSL,89.64,89.64
AAKASH,20.71,20.71
GODHA,58.94,58.94
SOFTTECH,146.42,146.42
ORIENTELEC,83.22,105.43
E2E,138.07,138.07
SIRCA,38.13,38.13
SVLL,79.04,79.04
SONAMLTD,35.96,35.96
ADANIGREEN,265.27,219.72
PRITI,20.46,20.46
ACCURACY,27.69,27.69
RITES,34.44,34.44
GANGAFORGE,172.21,175.49
REPL,22.69,22.69
AVROIND,33.57,33.57
TEMBO,16.81,17.11
CREDITACC,13.04,13.04
AARON,42.96,42.96
LAGNAM,16.04,16.04
RPPL,30.46,30.46
AKG,60.5,60.5
IRCON,27.45,27.45
AHLADA,9.82,9.82
SPECTRUM,155.37,155.37
KSHITIJPOL,19.93,51.41
KRITIKA,45.31,45.31
VINNY,72.45,72.45
MARINE,114.8,115.31
IRISDOREME,45.73,45.73
TECHNOE,66.44,66.44
SHUBHLAXMI,22.32,22.32
SHRIRAMPPS,5.61,5.61
TREJHARA,23.35,190.51
MSTCLTD,25.76,25.76
MINDPOOL,154.38,154.38
ARVINDFASN,54.78,52.84
KHFM,121.46,121.46
RVNL,86.67,86.67
POLYCAB,56.67,56.67
KPITTECH,74.96,74.96
VIKASLIFE,,96.66
CONFIPET,32.27,32.27
PPL,14.29,14.29
INDIAMART,43.02,43.02
WEL,178.19,178.19
CHEMCON,53.2,53.2
SPANDANA,10.07,10.07
HNDFDS,67.71,67.71
UJJIVANSFB,6.72,6.72
IRCTC,63.02,62.87
SECL,1476.31,1476.31
360ONE,46.01,42.89
HPIL,138.89,138.89
FLUOROCHEM,102.75,102.75
GREENPANEL,36.85,36.85
CHEMBOND,19.26,19.26
MGEL,19.51,19.51
SBICARD,28.01,28.01
HOMEFIRST,28.68,28.68
CSBBANK,10.3,10.3
EASEMYTRIP,62.75,39.07
ROSSARI,37.09,37.09
PRINCEPIPE,35.86,38.86
ESAFSFB,5.55,5.55
ARTEMISMED,65.35,65.35
PATANJALI,73.21,73.21
LGHL,62.26,66.2
ASALCBR,26.5,26.5
MAHEPC,,2173.94
BAFNAPH,716.61,316.76
SUVENPHAR,108.05,108.05
STOVEKRAFT,73.31,73.31
KSOLVES,34.38,34.38
HAPPSTMNDS,50.62,52.8
GLAND,44.03,44.03
BOROLTD,70.29,70.29
MAXHEALTH,80.01,80.01
PAVNAIND,51.19,51.19
KALYANKJIL,89.03,89.03
SHAREINDIA,13.79,13.77
UNIDT,42.17,42.17
ANGELONE,20.32,20.32
ADL,198.92,198.92
SURYODAY,8.9,8.9
ROML,121.18,121.18
RAILTEL,58.82,58.05
BECTORFOOD,60.6,60.6
NURECA,471.92,471.92
HERANBA,33.2,33.2
LXCHEM,64.5,64.5
FAIRCHEMOR,37.27,37.27
ANURAS,69.61,69.61
ISGEC,40.21,40.21
STYLAMIND,25.41,25.25
CLSEL,11.35,11.35
CARYSIL,38.27,38.27
SHAILY,72.05,72.05
MODISONLTD,30.33,29.92
FIBERWEB,16.1,16.1
BCLIND,17.04,17.04
BHAGCHEM,217.71,217.71
SBCL,43.76,43.76
SMCGLOBAL,7.36,7.36
QMSMEDI,23.12,23.12
NPST,554.16,554.16
ARIHANTCAP,11.03,11.03
SIDDHIKA,15.81,15.81
NAZARA,79.7,79.01
IPL,38.29,38.29
GENCON,22.11,22.11
LODHA,66.24,62.96
HLEGLAS,73.66,68.27
VMARCIND,35.97,35.97
SONACOMS,73.06,72.47
UTKARSHBNK,10.5,10.5
PARAS,125.48,125.48
CRAFTSMAN,42.21,42.21
DODLA,37.71,37.71
JUBLINGREA,58.62,58.62
ROLEXRINGS,36.74,33.34
SHYAMMETL,19.3,19.3
KIMS,56.5,56.5
MAKS,126.65,64.35
TATVA,92.34,92.34
CLEAN,66.24,66.24
GLS,28.08,28.08
ABSLAMC,26.77,26.77
DEEPINDS,17.12,17.19
ZOMATO,381.43,381.43
PIXTRANS,21.42,21.42
WINDLAS,28.9,28.9
CARTRADE,53.95,53.95
KRSNAA,38.76,38.76
EQUIPPP,2886.67,2886.67
DEVYANI,1469.68,260.03
APTUS,24.44,24.44
SUPRIYA,32.98,32.98
ANMOL,12.75,12.75
BMETRICS,31.34,31.34
VIJAYA,74.29,73.41
AMIORG,130.94,57.62
IWEL,1045.29,514.26
VINEETLAB,385.2,385.2
SANSERA,42.1,42.1
BAJAJHCARE,,37.22
PRITIKAUTO,30.03,30.03
AAREYDRUGS,32.94,32.94
GRINFRA,12.95,16.12
INTLCONV,6.64,6.64
DUGLOBAL,642.77,642.77
STEELCAS,19.51,19.51
HPAL,42.3,42.63
UGROCAP,18.15,18.15
KPIGREEN,63.28,62.83
SGIL,47.52,47.52
ANANDRATHI,63.31,63.31
FINOPB,32.89,32.89
NYKAA,1169.12,1169.12
AWL,94.37,87.46
SAPPHIRE,288.14,288.14
DKEGL,12.97,12.97
PRUDENT,65.04,65.04
NUVOCO,89.48,89.48
TRACXN,135.81,135.81
FUSION,8.24,8.24
COASTCORP,88.52,88.52
MEDPLUS,123.13,123.13
RATEGAIN,50.87,50.87
LATENTVIEW,62.42,62.42
METROBRAND,91.4,91.4
PASUPTAC,19.96,19.96
FOODSIN,29.08,29.08
MAPMYINDIA,84,84
TMB,6.6,6.6
KRITI,41.88,41.88
DYNAMIC,76.66,76.66
GANESHBE,19.27,19.27
GVPTECH,78.17,78.17
KOTYARK,42.7,42.7
MEDICAMEQ,83.08,83.08
SHIVALIK,57.91,57.91
PRECISION,17.6,17.6
DATAPATTNS,85.48,85.48
COOLCAPS,102.35,102.3
MEDANTA,60.11,60.11
MALLCOM,22.89,22.89
NIDAN,,22.79
ASIANENE,45.98,43.35
SMLT,22.95,22.95
NRL,57.24,57.24
CHOICEIN,60.15,60.15
GRWRHITECH,31.12,31.12
DCMSRIND,15.07,15.07
EMUDHRA,83.47,83.47
DYCL,35.13,35.13
STARTECK,16.61,16.61
VIRINCHI,31.84,31.84
DHRUV,36.48,36.48
RICHA,32.5,32.5
ELIN,66.08,66.08
TIMESCAN,12.18,12.18
MADHAVBAUG,76.78,76.78
SEJALLTD,87.77,87.77
GATEWAY,21.49,21.49
SYRMA,67.08,66.54
JTLIND,36.26,36.26
RAINBOW,56.71,56.71
VENUSPIPES,46.9,46.9
ROTO,49.64,49.64
GSTL,69.34,69.34
INDOBORAX,14.75,14.75
LANDMARK,45.37,44.78
ETHOSLTD,129.84,129.84
MSUMI,48.12,48.12
KNAGRI,33.04,33.04
LEMERITE,268.48,268.48
HARSHA,39.77,39.77
GMRP&UI,5.37,
KCK,198.14,198.14
LICI,16.4,16.4
PROPEQUITY,28.73,28.73
TVSSCS,9274.5,234.3
SWARAJ,32.54,32.54
ACI,34.78,34.78
BIKAJI,76.28,76.28
SADHNANIQ,400.83,400.83
VEEKAYEM,28.32,28.32
RILINFRA,30.44,30.44
CHEVIOT,11.05,11.05
HMAAGRO,44.77,44.77
CMRSL,15.13,12.39
KFINTECH,65.96,65.96
DCXINDIA,55.64,55.64
ARISTO,20.06,20.06
KAYNES,157.23,157.23
JFLLIFE,18.59,18.59
AXITA,34.97,34.97
PLAZACABLE,116.41,116.41
SENCO,41.38,41.38
USASEEDS,25.92,25.92
TRU,55.74,55.74
RADHIKAJWE,23.48,23.48
SPLPETRO,41.89,41.89
RAMRAT,34.94,34.94
VIVIANA,75.68,75.68
CSLFINANCE,14.7,14.7
AGNI,238.72,238.72
GOYALALUM,61.69,61.69
RUSTOMJEE,146.18,146.18
GENSOL,61.07,60.98
DBOL,25.94,25.94
KANDARP,36.69,36.69
GSLSU,46.41,46.41
SPORTKING,20.18,20.18
ALLETEC,74.08,74.08
MANORAMA,123.73,123.73
ARABIAN,27.82,27.82
GRMOVER,25.71,25.71
SYNCOMF,62.79,62.75
CLOUD,3.33,3.33
DJML,56.75,56.75
SULA,43.4,43.4
SIGNATURE,388.1,388.1
ANNAPURNA,60.88,60.88
KRITINUT,15.91,15.91
KALAMANDIR,30.52,30.52
AVALON,182.17,182.17
CONCORDBIO,53.54,53.54
GRCL,138.9,138.9
BAIDFIN,16.98,16.98
PHANTOMFX,22.76,22.76
QUICKTOUCH,14.61,14.61
IPSL,22.85,22.85
KAMOPAINTS,92.29,92.29
BLUEJET,52.8,50.57
MVGJL,14.11,14.11
JIWANRAM,20.33,20.33
SCPL,21.94,21.94
SUKHJITS,14.7,14.7
FROG,33.98,33.98
MANKIND,46.26,46.26
SKYGOLD,69.66,69.66
ARIHANTACA,68.06,68.06
SATINDLTD,5.58,5.58
DIVGIITTS,54.63,54.63
USK,12.46,12.46
ANLON,64.73,64.73
VERTEXPLUS,123.1,123.1
CMNL,14.3,14.1
IKIO,37.87,37.87
MANOMAY,33.43,33.43
FAZE3Q,28.37,28.37
RBMINFRA,71.27,71.27
LLOYDSME,28.27,28.27
AARTIPHARM,25.97,25.97
RHL,56.91,56.91
SAHYADRI,16.47,16.47
NINSYS,47.77,47.77
DUCOL,39.49,39.49
HOMESFY,65.5,54.87
SBFC,34.34,34.34
SBGLP,88,88
ASMS,269.09,259.18
HYBRIDFIN,12.62,12.39
VIAZ,28.96,28.96
ZAGGLE,74.93,74.93
AGARWALFT,385.07,385.07
HONASA,120.3,120.3
RISHABH,40.6,40.6
IRMENERGY,20.57,20.57
SAH,332.73,332.73
DENEERS,18.04,18.04
CYIENTDLM,92.62,92.62
AGUL,17.71,17.71
AKI,129.89,129.89
MASTER,55.32,55.32
YCCL,36.44,36.44
RATNAVEER,24.5,24.5
PATTECH,53.64,53.64
SECMARK,207.46,207.46
AUROIMPEX,14.71,14.71
SOTAC,45.06,43.99
ATAM,34.45,34.45
IDEAFORGE,110.09,110.09
CRAYONS,17.54,17.54
INFOLLION,33.82,33.82
LAL,39.09,39.09
URBAN,28.96,28.96
AARTECH,120.62,120.62
POCL,53.39,53.39
KRISHCA,30.51,30.51
ESFL,31.17,31.17
DOLPHIN,206.91,216.32
REMUS,54.27,54.27
ASHOKAMET,8.35,8.35
PENTAGON,20.4,20.4
SEL,174.33,174.33
PROV,80.54,80.54
PTCIL,539.71,539.71
PYRAMID,23.24,23.24
AEROFLEX,51.37,51.22
EFACTOR,17,17
GHCLTEXTIL,34.33,34.33
VPRPL,25.8,25.8
DENTALKART,58.53,58.53
SYNOPTICS,14.47,14.47
KIRLPNU,61.02,58.53
RRKABEL,64.66,64.73
COMMITTED,14.95,14.95
SANGANI,20.91,20.91
JLHL,52.88,53.2
NUVAMA,30.88,30.88
DRONE,93.28,93.28
SERVICE,26.23,26.23
KEL,49.81,49.81
NIITMTS,29.33,28.62
VINSYS,23.18,23.18
ACSAL,14.18,14.18
SAROJA,22.09,22.09
ORIANA,80.95,80.95
ONDOOR,47.38,46.95
TRANSTEEL,12.29,12.13
SANDUMA,23.55,23.55
OLIL,44.13,44.13
KODYTECH,558.01,558.01
SCML,21.44,21.44
MAL,8.78,8.78
HIGREEN,46.5,46.5
CELLECOR,43.51,43.51
SRGHFL,22.7,22.7
MADHUSUDAN,25.95,25.95
GOYALSALT,33.81,33.81
SHANTHALA,147.59,147.59
TREL,4.87,39.54
VISHNUINFR,33.37,33.37
MICROPRO,19.18,19.18
INSPIRE,17.75,17.75
CELLO,55.69,55.69
MAITREYA,31.73,31.73
AMNPLST,57.75,57.75
SARTELE,58.9,58.9
VINYAS,221.57,221.57
DEEPAKFERT,24.45,24.45
COROMANDEL,34.73,34.73
VINDHYATEL,30.34,30.34
ASIANPAINT,60.09,60.09
PGHL,44.38,42.5
BEML,55.91,55.91
TATACHEM,,33.55
VTL,20.18,20.18
EPL,36.96,35.04
VIPIND,11111.23,11111.23
SRF,59.84,59.84
WEIZMANIND,26.24,26.24
BBOX,57.82,45.11
RANEHOLDIN,25.92,13.37
SUNPHARMA,40.3,39.71
ARE&M,29.63,29.63
IVP,13.64,13.64
NEULANDLAB,44.11,46.29
JINDALPOLY,27.03,119.61
BLUEDART,64.99,64.99
SOTL,22.61,22.61
DECCANCE,36.4,24.81
SUNFLAG,27.67,27.67
BHARATRAS,47.52,47.52
JUBLPHARMA,24.6,56.05
MURUDCERA,66.29,66.29
HLVLTD,59.34,59.34
KAJARIACER,52.07,52.04
MODTHREAD,10.99,10.99
POLYPLEX,21.06,21.06
EIHAHOTELS,33.69,33.69
ABB,104.3,104.3
BRITANNIA,64.19,63.6
FMGOETZE,17.99,17.99
3MINDIA,66.42,66.42
RALLIS,51.04,51.31
KOPRAN,25.37,25.37
TATAINVEST,108.02,108.02
SHREECEM,42.57,42.57
HINDALCO,14.3,14.02
EIDPARRY,9.3,9.3
BIRLACORPN,25.57,25.98
ASHAPURMIN,16.83,30.21
TNPL,16.01,16.01
NATCOPHARM,16.11,16.11
GARFIBRES,34.87,34.87
SKFINDIA,47.18,47.18
MARICO,57.11,57.11
KEYFINSERV,7.15,7.15
SANGAMIND,51.39,44.61
STERTOOLS,31.8,32.03
TVSSRICHAK,38.77,36.54
GUJAPOLLO,30.66,30.66
JCHAC,3517.66,178.48
HERITGFOOD,33.53,33.28
GAIL,16.3,16.3
BANKINDIA,8.22,8.22
ICICIBANK,17.73,17.73
INDSWFTLAB,2.68,14.15
HAVELLS,86.55,86.55
AXISCADES,53.08,53.08
MRO-TEK,28.45,28.45
KHANDSE,91.99,91.99
TRIDENT,58.11,58.13
GODREJCP,,72.52
LUPIN,42.21,42.21
TCI,28.63,28.42
BHARTIARTL,95.5,79.25
SURANAT&P,34.71,34.71
CANBK,6.19,6.19
RADICO,85.83,85.83
BAGFILMS,19.19,19.19
WELSPUNLIV,27.09,27.09
TVTODAY,16.64,16.1
PETRONET,14.59,14.71
XPROINDIA,55.93,53.83
EXCELINDUS,44.05,44.05
AMBICAAGAR,16.46,16.46
TEXINFRA,457.38,457.38
WELENT,21.12,21.12
INDOCO,43.45,47.24
GOKEX,52.6,52.6
SHOPERSTOP,222.84,191.8
JKPAPER,8.42,8.42
VHL,360.7,42.67
SPLIL,16.23,16.22
SASKEN,35.41,35.41
DCBBANK,7.11,7.11
GESHIP,6.91,6.91
DONEAR,17.63,17.63
HIRECT,91.82,71.46
HBLPOWER,62.29,58.35
LUMAXTECH,20.31,20.31
PITTIENG,51.02,51.02
UNOMINDA,87.84,89.97
PFC,7.94,7.94
LAOPALA,29.14,29.14
NAHARPOLY,2399.21,2399.21
FORTIS,58.06,59.03
HILTON,31.25,31.25
NAGREEKEXP,22.36,22.36
CIEINDIA,26.14,26.14
CENTUM,,3673.94
SAKHTISUG,4.93,
AKZOINDIA,33.86,33.86
HINDZINC,26.52,26.52
GRASIM,18.62,17.91
FINCABLES,29.96,43.69
DCW,190.37,176.84
CESC,16.96,20.61
BAJFINANCE,27.95,27.95
CORALFINAC,10.4,10.4
GREENPLY,43.68,48.02
REMSONSIND,44.6,45.97
DALMIASUG,13.12,13.12
SWARAJENG,26.23,26.23
MRF,28.33,28.33
TNPETRO,18.27,16.31
EIMCOELECO,32.41,32.41
JAYAGROGN,16.92,16.92
CUBEXTUB,39,39
SAMBHAAV,32.44,36.79
BIOFILCHEM,165.79,165.79
ZENITHEXPO,2852.46,2852.46
SOMATEX,5.13,
AARTIDRUGS,31.29,31.29
INDIANCARD,2.41,
DENORA,38.55,38.55
DYNAMATECH,55.02,100.29
MMFL,21.47,21.63
MPHASIS,36.74,36.74
GUJRAFFIA,43.66,43.66
KOTHARIPET,16.5,16.42
INDRAMEDCO,23.97,23.97
BANKBARODA,7.01,7.01
INDNIPPON,25.85,25.85
CONCOR,48.21,48.21
KCPSUGIND,6.49,7.06
HUDCO,25.61,25.61
SAREGAMA,53.67,53.67
ENGINERSIN,40.64,40.64
JAICORPLTD,106.85,106.85
GMDCLTD,20.31,20.31
MAHAPEXLTD,.62,42.48
ASAHIINDIA,54.32,54.32
J&KBANK,6.58,6.58
CUB,11.95,11.95
SOUTHBANK,5.85,5.85
ASTRAZEN,172.85,90.74
AXISBANK,13.56,13.56
EMKAYTOOLS,13.8,13.8
GRETEX,6.94,6.89
GICL,68.69,68.69
JALAN,,28.52
PASHUPATI,181.86,181.86
RMDRIP,89.85,89.85
GOLDSTAR,62.38,62.38
BETA,36.49,36.49
AISL,28.55,28.55
FELIX,75.63,75.63
SOLEX,183.36,183.36
MHHL,10.42,10.42
MDL,58.24,54.43
MAHICKRA,77.95,77.95
PARIN,140.87,140.87
SURANI,688.93,688.93
ABINFRA,84.54,85.76
PARTYCRUS,21.29,21.29
WALPAR,46.66,46.66
BEWLTD,34.83,34.83
REXPIPES,16.53,16.52
DESTINY,24.57,24.57
FOCE,45.87,45.87
JSLL,49.44,49.44
EUROBOND,59.97,59.97
SHIGAN,39.31,39.31
SPRL,28.57,28.57
SONUINFRA,16.51,16.51
KRISHIVAL,52.2,52.2
KRISHNADEF,88.74,88.74
AMEYA,27.72,27.72
SKP,62.18,62.18
MWL,27.79,27.79
SABAR,14.59,14.59
SWASTIK,142.09,142.09
FIDEL,26.11,26.11
KORE,183.82,179.82
ISHAN,,232.16
BAHETI,47.81,47.81
MEGAFLEX,44.71,44.71
RITEZONE,17.3,17.3
AMIABLE,10.75,10.75
DOLLEX,9.6,9.6
ARHAM,48.8,48.8
PRITIKA,74.36,74.36
SRIVASAVI,28.71,28.71
SAHANA,86.18,86.18
LRRPL,108.64,108.64
MCON,53.16,53.16
QFIL,22.07,22.07
NIRMAN,53.59,53.59
SYSTANGO,21.33,21.33
MOS,40.24,40.24
SPECTSTM,21.72,21.72
SHRITECH,14.27,14.27
INFINIUM,51.1,51.1
AATMAJ,68.25,68.25
CELLPOINT,35.64,35.64
GREENCHEF,37.96,37.96
MAGSON,26.12,26.12
MONOPHARMA,27.99,27.99
SSFL,79.6,79.6
SAHAJ,26.15,26.15
GLOBALPET,52.47,52.47
PRAMARA,40.23,40.23
ZEAL,22.91,22.91
UNIHEALTH,18.13,18.13
CHAVDA,21.07,21.07
PLADAINFO,8.77,8.77
KARNIKA,32.85,32.85
SAAKSHI,80.73,80.73
BASILIC,47.97,47.97
CPS,82.32,82.32
NEWJAISA,69.89,69.89
HOLMARC,34.25,34.25
MARCO,37.19,37.19
KONTOR,107.9,107.9
CANARYS,51.51,51.51
DIGIKORE,93.54,93.54
PARAGON,19.87,19.87
CYIENT,32.76,30.9
CYBERTECH,23.79,23.79
GOACARBON,8.69,8.69
SANGHVIMOV,19.76,19.76
RSSOFTWARE,39.08,39.08
NATIONALUM,13.57,15.74
JINDALSTEL,17.48,17.48
NIPPOBATRY,2.98,2.98
BSOFT,26.44,26.44
ACCELYA,28.14,28.21
STAR,145.7,42.36
NRBBEARING,12.44,33.75
BIL,43.87,43.87
KTKBANK,6.23,6.23
BLUESTARCO,70.28,70.28
TVSMOTOR,66.76,66.76
PNC,31.67,31.67
TAJGVK,27.6,27.6
REPRO,93.27,93.27
CHENNPETRO,5.9,5.9
KRBL,13.84,13.84
USHAMART,24.48,24.48
BALAJITELE,109.29,109.29
HIKAL,59.52,59.52
MARKSANS,29.86,29.86
SMARTLINK,30.54,30.54
ASAL,65.66,65.66
OLECTRA,164.21,178.77
APTECHT,52.2,47.2
UNIONBANK,6.77,6.77
NUCLEUS,24.25,24.25
GODREJIND,29.32,29.32
DIVISLAB,77.72,77.72
MARUTI,26.62,26.62
JSL,23.54,24.27
NSIL,35.26,35.26
UNIENTER,28.77,28.77
PTC,11.45,11.2
MAHABANK,10,10
RKFORGE,48.75,48.69
CCL,36.36,36.36
LT,31.11,31.25
APARINDS,40.22,40.22
NIITLTD,35.14,35.14
GULFPETRO,12.38,12.38
GUFICBIO,42.33,42.33
PENINLAND,29.74,31.03
THERMAX,77.27,90.02
PREMIERPOL,21.1,21.1
RAYMOND,19.53,18.78
SESHAPAPER,10.23,10.23
SUNDRMFAST,52.49,52.49
EXIDEIND,49.12,49.12
ELECON,39.5,39.5
CRISIL,51.7,51.7
NELCO,118.42,118.42
MASTEK,30.01,29.77
LUMAXIND,46.71,46.71
KECL,102.04,102.04
CUMMINSIND,67.15,67.09
JAYBARMARU,37.26,37.26
INFY,29.15,29.15
INDIAGLYCO,25.1,25.1
IGPL,54.88,54.88
GNFC,19.06,19.06
BPCL,8.42,8.16
BASF,41.97,42.61
ARVIND,32.77,32.87
ACC,19.66,22.27
SCI,16.9,16.9
LINDEINDIA,142.24,142.24
HINDPETRO,10.34,10.34
ASHOKLEY,28.88,28.3
TITAN,91.5,91.5
SUNDARMFIN,30.77,29.51
SPIC,19.76,13.79
SBIN,10.54,9.79
NOCIL,38.76,38.76
BOSCHLTD,37.31,50.08
CHAMBLFERT,16.45,16.45
HINDOILEXP,17.37,20.52
BALMLAWRIE,23.45,23.45
CENTURYTEX,99,99
CENTENKA,31.78,31.78
ATFL,331.33,681.43
FEDERALBNK,12.22,12.22
SUPREMEIND,70.65,70.65
BALRAMCHIN,22.45,22.45
UNICHEMLAB,,2266.43
JTEKTINDIA,42.23,42.23
PRECOT,20.14,25.58
SHREYANIND,5.2,5.2
HCC,19.38,
ASHIMASYN,7.59,7.59
ADANIENT,82.34,77.9
INDBANK,23.48,23.48
RAJSREESUG,22.19,22.19
GET&D,153.04,153.04
BERGEPAINT,59.57,59.78
IGARASHI,134.09,134.09
APCOTEXIND,39.43,39.43
HSCL,53.34,53.34
KARURVYSYA,10.76,10.76
ARENTERP,16.18,16.18
UFLEX,,13.25
THOMASCOOK,38.4,38.4
SPMLINFRA,138.47,163.77
SIEMENS,102.61,102.61
VSTIND,25.17,25.17
UNIVCABLES,77.05,77.05
TOKYOPLAST,86.75,86.75
IFCI,66.65,67.24
M&M,31.46,31.46
KABRAEXTRU,50.29,50.29
PRSMJOHNSN,76.1,
OSWALAGRO,281.76,280.22
JINDALSAW,11.92,11.92
RUBYMILLS,18.17,18.17
CANFINHOME,14.71,14.71
BBL,41.26,41.26
DCMSHRIRAM,36.53,36.53
CIPLA,29.71,28.7
HDFCBANK,17.74,17.64
GMBREW,12.08,12.08
GIPCL,16.26,16.26
INDIANHUME,27.97,27.97
IOC,8.09,8.09
KAMATHOTEL,12.02,64.05
BANCOINDIA,17.4,17.4
APOLLOTYRE,19.77,18.75
SHANTIGEAR,54.32,54.32
ONWARDTEC,30.68,30.68
NILKAMAL,28.53,28.53
ICIL,22.33,22.33
ELGIEQUIP,62.4,62.4
AUROPHARMA,25.07,24.61
EIHOTEL,36.98,36.49
LICHSGFIN,7.87,7.87
BEPL,21.17,21.17
MOREPENLAB,32.34,32.34
INFIBEAM,43.97,43.97
CROMPTON,63.79,63.79
SHRIPISTON,19.57,19.57
ALBERTDAVD,10.13,10.13
ASPINWALL,18.23,18.23
JITFINFRA,25.64,29.52
NITIRAJ,24.39,24.39
RADIOCITY,61.79,61.79
TASTYBITE,218.1,218.1
NRAIL,8.11,8.11
WIPL,59.64,59.64
DEVIT,24.66,24.66
DOLLAR,32.09,31.88
SCHAND,17.22,17.22
BHAGYANGR,33.64,33.64
TEJASNET,131.41,131.41
ACEINTEG,51.45,51.45
DYNPRO,103.84,103.84
THEINVEST,37.07,37.07
SMSLIFE,22.85,22.85
GEEKAYWIRE,12.65,12.65
DIXON,176.09,176.09
SBILIFE,88.74,88.74
AARVI,19.4,19.4
JASH,40.43,40.43
DPABHUSHAN,43.03,43.03
TIINDIA,64.13,64.74
KHADIM,125.24,125.24
ZODIAC,87.87,87.87
SHALBY,38.16,38.16
ONEPOINT,37.24,37.24
AJOONI,54.21,54.21
SILLYMONKS,89.24,89.24
GALAXYSURF,32.84,32.84
RAJMET,36.61,36.61
GRSE,56.11,56.11
SILGO,19.83,19.83
BBTCL,32.3,32.3
ATGL,139.87,139.87
UNIPARTS,19.54,19.54
AWHCL,21.85,21.85
RPSGVENT,29.36,29.36
ANUP,36.14,36.14
PAR,20.26,20.26
METROPOLIS,78.06,78.06
NEOGEN,112.17,112.17
EMAMIPAP,8.14,8.14
DGCONTENT,37.21,37.21
OAL,68.54,68.54
SATIA,6.72,6.72
AFFLE,73.44,73.44
WESTLIFE,290.81,290.81
MAZDOCK,41.84,41.84
SAFARI,68.4,68.4
IIFLSEC,12.64,12.64
VISHWARAJ,62.15,62.15
KUANTUM,8.37,8.37
APOLLOPIPE,55.03,55.03
ROUTE,25.94,26.94
SIGMA,26.2,26.2
EQUITASBNK,15.12,15.12
HINDWAREAP,79.92,79.92
LIKHITHA,25.54,25.54
SUMICHEM,62.43,62.43
ATALREAL,40.07,40.07
UNIVPHOTO,14.38,14.38
POWERINDIA,306.27,306.27
RAJRATAN,39.53,39.53
AARTISURF,29.39,29.39
NDRAUTO,46,46
AAATECH,46.95,46.95
SIGACHI,34.38,34.38
NIRAJ,18.29,12.29
CAMS,57.8,57.8
UTIAMC,17.41,17.41
ORCHPHARMA,63.14,63.14
INDIGOPNTS,48.61,48.61
MTARTECH,134.06,134.06
STARHEALTH,40.21,40.21
YUKEN,73.58,73.58
SJS,33.8,33.8
POLICYBZR,555.04,741.37
MONARCH,18.2,18.19
EPIGRAL,32.07,32.07
GOCOLORS,73.29,73.29
CMSINFO,26.41,26.41
TARSONS,65.5,65.5
TEGA,56.64,56.64
MANORG,76.02,76.02
MICEL,29.41,32.82
PARADEEP,31.93,31.93
MANYAVAR,73.86,73.86
DMCC,70.43,70.43
EMIL,44.36,44.36
UMAEXPORTS,22.12,21.72
AHL,30.98,30.98
RADIANTCMS,22.37,22.37
HARIOMPIPE,40.73,40.73
RAJRILTD,4760,4760
FIVESTAR,23.38,23.38
SBC,71.85,71.85
ELDEHSG,28.49,28.49
MHLXMIRU,15.11,15.11
RELCHEMQ,113.49,113.49
ZIMLAB,31.57,31.57
CAMPUS,105.58,105.58
AETHER,144.28,75.54
MEGASTAR,72.8,72.8
RACE,655.38,655.38
DREAMFOLKS,33.85,33.85
DHARMAJ,30.63,30.63
OBCL,49.83,49.83
INDOAMIN,24.78,24.78
INOXGREEN,215.88,215.88
RITCO,22.84,22.84
HARDWYN,95.94,95.94
MEDICO,36.79,36.79
YATHARTH,33.7,33.7
AKSHAR,21.09,21.09
NGLFINE,34.06,34.06
REDTAPE,59.6,59.6
NETWEB,163.74,163.74
EMSLIMITED,28.19,28.19
UDS,29.37,29.37
ATL,30.18,30.18
JSWINFRA,58.1,58.1
YASHO,52.6,52.6
SINDHUTRAD,27.46,27.46
MUFIN,119.16,115.71
JIOFIN,181.06,181.06
DIAMINESQ,80.94,80.94
VENKEYS,24.22,24.22
GHCL,13.16,13.16
EVERESTIND,109.07,129.72
BPL,43.49,43.49
PGHH,74.37,74.37
VESUVIUS,42.17,42.17
BOMDYEING,1.47,
NAVNETEDUL,4.41,18.98
GLAXO,81.03,71.72
CHOLAFIN,32.29,32.29
KOTAKBANK,16.95,19.59
LYKALABS,998.41,504.3
GILLETTE,69.52,69.52
FOSECOIND,48.04,48.26
ESABINDIA,59.05,59.05
AARTIIND,46.63,46.63
MFSL,80.78,80.78
HEG,58.03,58.03
GLFL,255.23,255.23
GMMPFAUDLR,38.8,38.8
HGINFRA,19.2,19.61
SUNDARMHLD,31.9,31.9
HAL,38.52,38.52
SANDHAR,32.58,33.68
LEMONTREE,59.86,59.86
CHEMFAB,73.83,73.83
INDOSTAR,35.05,35.05
FINEORG,39.29,39.25
VARROC,16.68,16.68
HBSL,3.21,3.21
HDFCAMC,45.32,45.32
SIGIND,17.69,17.69
AAVAS,26.54,26.54
DALBHARAT,38.51,34.43
PAKKA,32.35,32.35
PFIZER,44.92,45.42
DRREDDY,21.24,21.24
MAHSEAMLES,9.69,9.66
EICHERMOT,36.77,36.77
ZENSARTECH,27.21,27.21
JYOTISTRUC,73.94,73.94
JAYNECOIND,29.61,26.41
RCF,62.24,68.62
WSI,21.25,20.4
TATAPOWER,42.24,42.57
SIMPLEXINF,11.71,11.71
TATACOMM,59.35,70.76
LIBERTSHOE,67.93,53.09
MANGLMCEM,44.84,44.84
3PLAND,39.92,39.92
SAIL,22.73,15.33
IDBI,16.6,16.6
DHAMPURSUG,14.92,14.92
ORIENTHOT,58.13,58.13
KANSAINER,35.97,35.97
GABRIEL,39.73,39.73
PRAKASH,10.42,10.42
GREAVESCOT,,104.48
TIMKEN,70.1,70.1
INGERRAND,56.2,56.2
GSFC,17.3,17.36
FINPIPE,22.13,36.74
CGPOWER,122.57,125.35
BEL,53.21,53.21
PEARLPOLY,40.82,40.82
TTKPRESTIG,62.26,62.26
HITECHGEAR,15.55,40.33
PUNJABCHEM,33.18,33.18
NTPC,19.59,19.59
JBMA,116.62,116.62
XCHANGING,41.03,41.03
JSWSTEEL,29.94,31.94
JPPOWER,10.92,7.87
SAKSOFT,31.58,31.58
ALLSEC,20.85,25.17
WELCORP,20.93,20.93
PRIMESECU,35.01,39.5
63MOONS,9.72,9.72
JSWHL,64.76,64.76
YESBANK,52.68,52.68
MSPL,65.64,65.67
GOLDIAM,29.22,29.22
FCSSOFT,,65.08
AURIONPRO,64.91,64.91
TRIVENI,27.6,27.6
NAHARINDUS,41.46,36.93
VIMTALABS,27.93,27.93
NITINSPIN,16.72,16.72
ROHLTD,20.98,20.98
GSPL,8.23,8.39
SAKUMA,31.37,31.37
KEC,55.49,55.49
JKCEMENT,38.33,38.77
INDOTECH,40.35,40.35
BLKASHYAP,41.7,44.83
CENTURYPLY,59.61,58.27
SOLARINDS,95.63,95.63
GALLANTT,28.37,28.37
UTTAMSUGAR,12.22,12.22
KKCL,26.84,26.84
SUNTV,16.59,16.59
GPIL,12.94,12.93
LOKESHMACH,48.31,48.31
SWELECTES,27.56,64.66
RATNAMANI,40.99,40.99
JKLAKSHMI,19.69,19.96
ALLCARGO,202.24,122.46
EMAMILTD,47.68,47.37
GRINDWELL,71.89,71.84
VOLTAMP,61.31,61.31
SELAN,33.06,33.06
ACE,45.92,45.92
HOVS,37.56,37.56
TALBROAUTO,22.71,32.33
JMFINANCIL,232.97,8.74
NAUKRI,115.63,108.92
RUCHIRA,10,10
VENUSREM,16.1,16.1
NFL,39.3,39.3
PARACABLES,25.08,25.08
AVTNPL,27.69,27.69
SARLAPOLY,18.5,18.5
AUTOIND,27.29,27.96
IZMO,22.32,22.32
PGIL,24.3,24.88
FSL,43.52,43.52
SMSPHARMA,46.02,46.02
INDIANB,8.43,8.43
PAGEIND,80.49,80.49
ASTRAL,93.02,93.02
THEMISMED,79.46,79.46
NCLIND,13.91,13.91
ICRA,38.82,38.82
BFUTILITIE,15.83,15.83
WEBELSOLAR,,367.68
TIMETECHNO,26.37,26.37
NELCAST,22.59,32.21
DLF,125.47,125.47
ADSL,26.12,26.12
CENTRALBK,17.36,17.36
PURVA,142.81,142.81
MAGNUM,39.28,137.56
POWERGRID,19.96,19.96
MAANALU,26.03,26.03
BAJAJELEC,89.03,89.03
BVCL,20.34,20.34
EDELWEISS,17.75,17.75
COLPAL,68.76,68.76
KALYANIFRG,48.1,48.1
ECLERX,25.38,25.32
BRIGADE,57.98,57.98
MANAKSIA,8.44,6.4
ARIES,19.62,19.62
CEATLTD,18.53,17.39
CORDSCABLE,25.91,25.91
HERCULES,52.64,52.64
IRB,42.17,42.17
GSS,29.69,29.69
NAHARCAP,14.6,14.6
VGUARD,71.42,71.42
NESCO,18.17,18.17
DPSCLTD,116.97,116.97
BAJAJFINSV,16.09,16.09
GOKUL,261.36,20.51
RPGLIFE,38.23,38.23
RBL,21.08,20.65
ARCHIDPLY,124.9,124.9
UBL,118.56,118.56
20MICRONS,19.56,19.18
JOCIL,78.13,78.13
COUNCODOS,36.54,36.54
MAWANASUG,9.38,9.38
AJMERA,21.68,21.68
MHRIL,67,67
EXCEL,59.08,59.08
GLOBUSSPR,36.32,36.32
RTNPOWER,.92,
ZYDUSWELL,47.93,47.93
SARDAEN,23.01,22.92
REFEX,35.71,35.73
AHLUCONT,25.27,41.95
GODREJPROP,66.91,66.91
HINDCOPPER,84.72,84.72
WHIRLPOOL,89.49,85.47
JUBLFOOD,112.74,194.64
DBREALTY,8.31,8.83
HATHWAY,57.73,57.02
TEXMOPIPES,76.52,17.67
LGBBROSLTD,15.02,15.72
ISFT,20.91,20.91
KSL,19.19,19.19
SJVN,54.04,57.75
MANAPPURAM,7.95,7.95
HMVL,198.11,198.11
BLISSGVS,14.96,7.38
AHLEAST,7.92,10.73
UGARSUGAR,49.9,49.9
GPPL,30.19,28.08
WELINV,115.11,115.11
ORISSAMINE,1602.18,1602.18
CAREERP,15.78,15.78
CANTABIL,36.16,36.88
BEDMUTHA,27,27
OBEROIRLTY,29.1,29.1
COALINDIA,9.38,9.38
JINDWORLD,93.51,93.51
MOIL,22.55,22.55
KIRLOSENG,42.35,41.94
SUMMITSEC,33.08,29.06
JUBLINDS,71.5,36.28
HFCL,56.86,56.86
DHUNINV,11.85,11.85
MUTHOOTFIN,16.65,16.65
PIIND,38.1,38.1
ASHIANA,54.62,54.62
RUSHIL,23.61,23.61
EMMBI,19.58,19.58
KIRLOSBROS,44.84,44.98
TI,30.68,30.1
ADFFOODS,34.33,34.33
SASTASUNDR,8.42,8.49
WABAG,32.89,32.71
RESPONIND,39.15,39.15
PENIND,25.51,25.51
RKDL,,104.11
KICL,38.03,50.42
TEXRAIL,84.27,84.27
PFS,21.83,21.83
RELAXO,106.84,106.84
KARMAENG,123.78,162.6
MAITHANALL,4.28,4.28
JPOLYINVST,27.73,27.73
HATSUN,90.74,90.74
SHARDACROP,34.94,34.94
MONTECARLO,24.86,24.86
GULPOLY,51.95,51.95
GREENLAM,58.29,58.29
HESTERBIO,118.8,118.8
ZENTEC,93.31,94.42
VIPULLTD,1.89,1.87
NILAINFRA,32.8,32.8
SATIN,5.11,5.11
GUJGASLTD,32.72,33.91
BALAXI,13.44,16.22
PILANIINVS,40.55,40.55
PRECAM,39.85,56.86
BHAGERIA,34.27,34.27
KDDL,29.15,29.21
BODALCHEM,330.6,330.6
FILATEX,20.66,20.66
BROOKS,171.14,171.14
APLLTD,34.53,34.53
PGEL,72.95,72.95
PAISALO,31.49,31.55
SHAKTIPUMP,37.87,37.87
INDOTHAI,17.56,17.56
DSSL,34.5,34.5
POLYMED,78.36,78.36
VIKASECO,43.66,43.66
APLAPOLLO,51.51,51.51
MINDACORP,52.5,52.5
DBSTOCKBRO,18.61,18.61
COMPUSOFT,59.37,59.37
NDL,13.51,13.51
HEXATRADEX,50.35,50.35
VSSL,22.21,22.21
SPECIALITY,26.85,26.85
MAYURUNIQ,22.81,22.81
DUCON,25.03,25.03
ZUARI,5.99,5.99
CARERATING,28.18,28.18
REPCOHOME,7.52,7.52
ATULAUTO,103.79,103.79
ORIENTCEM,38.41,38.41
ORBTEXP,18.11,18.11
NATHBIOGEN,10.53,11.3
CASTROLIND,30.02,30.02
WONDERLA,34.14,34.14
CAPLIPOINT,27.79,27.79
SNOWMAN,121.72,121.72
INTELLECT,45.11,44.72
FCL,32.71,32.71
APOLSINHOT,43.15,43.15
GENUSPAPER,92.88,92.88
MOLDTKPAC,39.92,39.92
MENONBE,9.97,9.97
MANAKSTEEL,17.77,18.14
AVANTIFEED,22.9,22.9
TPLPLASTEH,44.31,44.31
PNCINFRA,9.13,9.13
ORICONENT,89.97,58.3
AYMSYNTEX,42.86,56.66
MUTHOOTCAP,4.54,
ARVSMART,65.47,65.47
INDIGO,21.26,21.26
SHK,321.57,20.26
TTKHLTCARE,29.98,37.18
SALZERELEC,36.44,36.44
LALPATHLAB,71.14,71.14
NH,31.82,31.82
TEAMLEASE,49.21,50.78
VIDHIING,61.16,61.16
NECCLTD,33.24,33.24
GOKULAGRO,21.73,21.73
PDMJEPAPER,9.75,9.75
BHARATWIRE,20.02,20.02
THYROCARE,62.88,62.76
ARMANFIN,10.25,10.25
BLS,43.21,43.21
SALONA,24.61,24.61
CONTROLPR,24.75,24.77
MAHASTEEL,54.01,66.85
DAMODARIND,45.01,45.01
MOLDTECH,23.51,23.51
POKARNA,26.28,26.28
QUESS,31.35,30.47
GROBTEA,40.75,40.75
MINDTECK,35.65,33.77
DBL,23.5,52.93
SPAL,24,24
RBLBANK,10.72,10.72
CUPID,28.11,28.11
LTTS,43.89,43.89
ICICIPRULI,268.89,268.89
HPL,75.87,75.87
MASKINVEST,757.45,757.45
MAZDA,19.55,19.55
VBL,81.39,81.39
KINGFA,32.32,32.32
NBIFIN,151.72,151.72
TCIEXP,33.96,33.96
LAURUSLABS,157.54,157.54
ITDC,101.76,101.65
SPCENET,139.96,139.96
BHANDARI,25.69,25.69
PRICOLLTD,41.27,41.27
INTENTECH,18.93,18.93
ARIHANTSUP,22.77,22.77
CLEDUCATE,28.32,30.42
STARCEMENT,39.82,39.82
GTPL,20.1,20.1
AUBANK,28.16,27.13
SALASAR,62.13,62.13
OPTIEMUS,85.82,85.82
ABCAPITAL,17.91,17.91
MATRIMONY,33.81,33.81
DIAMONDYD,43.19,43.19
GODREJAGRO,45.79,45.79
IEX,48.81,48.81
5PAISA,26.9,26.9
AMBER,80.35,80.35
JAGSNPHARM,49.14,43.65
RUCHINFRA,30.36,96.25
PONNIERODE,11.09,11.09
OFSS,41.44,41.44
OMAXAUTO,18.71,
VARDHACRLC,23.6,23.6
IGL,24.02,24.02
SIL,148.9,148.9
BIOCON,20.67,20.89
DATAMATICS,17.84,17.59
ULTRACEMCO,46.28,46.1
INDSWFTLTD,3.14,3.14
KOTARISUG,42.08,42.08
PATELENG,15.54,20.31
JINDALPHOT,60.04,60.04
IIFL,10.71,10.71
CYBERMEDIA,16.8,21.81
GRANULES,34.21,34.21
GENUSPOWER,104.91,104.91
RML,102.64,20.09
GEECEE,19.39,19.39
FIEMIND,21.28,21.28
MANALIPETC,56.35,51.56
SOBHA,419.09,419.16
WANBURY,12.71,24.85
CTE,269.83,269.83
REDINGTON,13.44,13.44
AMDIND,119.1,119.1
BALAMINES,33.09,33.09
AROGRANITE,58.77,58.77
ALPHAGEO,35.17,20.32
NAVINFLUOR,62.92,76.56
V2RETAIL,100.77,100.77
INDOWIND,46.81,46.81
CDSL,62.46,62.46
MAGADSUGAR,10.5,10.5
SIS,43.87,43.87
APEX,58.88,58.88
CAPACITE,20.97,20.97
TCPLPACK,26.25,26.25
NIACL,40.8,40.8
HDFCLIFE,95.41,95.41
NEWGEN,56.67,56.67
CHALET,67.5,67.5
