SEBI REPORT AS ON Reporting date 10-APR-2024,,,
,,,
,,,
Sr.No.,Particulars,Rs. In Lakhs ,
1,Scripwise Total Outstanding on the beginning of the day,6007748.22,
2,Fresh Exposure taken during the day,446021.86,
3,Exposure liquidated during the day,491710.27,
4,Net scripwise outstanding at the end of the day,5962059.81,
,,,
,,,
Symbol,Name,Qty Fin by all the members(No.of Shares),Amt Fin by all the members(Rs. In Lakhs)
360ONE,360 ONE WAM LIMITED,152252,1011.24
3IINFOLTD,3I INFOTECH LIMITED,2797339,1123.87
3MINDIA,3M INDIA LIMITED,6590,1807.61
5PAISA,5PAISA CAPITAL LIMITED,98939,395.27
63MOONS,63 MOONS TECHNOLOGIES LTD,2012,8.28
A2ZINFRA,A2Z INFRA ENGINEERING LTD,42994,5.13
AAREYDRUGS,AAREY DRUGS & PHARM LTD,1101,0.42
AARON,AARON INDUSTRIES LIMITED,20,0.05
AARTIDRUGS,AARTI DRUGS LTD.,549561,2793.45
AARTIIND,AARTI INDUSTRIES LTD,865490,4814.78
AARTIPHARM,AARTI PHARMALABS LIMITED,175876,701.46
AARTISURF,AARTI SURFACTANTS LIMITED,30965,147.75
AARVEEDEN,AARVEE DEN. & EXP. LTD,4,0.00
AARVI,AARVI ENCON LIMITED,395,0.57
AAVAS,AAVAS FINANCIERS LIMITED,325320,4124.77
ABAN,ABAN OFFSHORE LTD.,14888,10.97
ABB,ABB INDIA LIMITED,47387,2564.20
ABBOTINDIA,ABBOTT INDIA LIMITED,7978,1896.83
ABCAPITAL,ADITYA BIRLA CAPITAL LTD.,4391224,7225.94
ABFRL,ADITYA BIRLA FASHION & RT,4995718,10716.70
ABSLAMC,ADIT BIRL SUN LIF AMC LTD,208824,895.53
ABSLBANETF,BIRLASLAMC - ABSLBANETF,34623,9.82
ABSLLIQUID,BIRLASLAMC - ABSLLIQUID,4,0.02
ABSLNN50ET,BIRLASLAMC - ABSLNN50ET,4889,3.00
ACC,ACC LIMITED,299696,6421.96
ACCELYA,ACCELYA SOLN INDIA LTD,114729,1659.10
ACE,ACTION CONST EQUIP LTD,279319,2956.00
ACI,ARCHEAN CHEMICAL IND LTD,593790,3463.54
ACL,ANDHRA CEMENTS LIMITED,10535,6.13
ACLGATI,ALLCARGO GATI LIMITED,996268,1003.66
ADANIENSOL,ADANI ENERGY SOLUTION LTD,709872,5658.31
ADANIENT,ADANI ENTERPRISES LIMITED,580173,14380.44
ADANIGREEN,ADANI GREEN ENERGY LTD,374355,5136.53
ADANIPORTS,ADANI PORT & SEZ LTD,1841000,19668.18
ADANIPOWER,ADANI POWER LTD,173353,857.29
ADFFOODS,ADF FOODS LIMITED,582432,1089.08
ADORWELD,ADOR WELDING LTD,17939,183.56
ADSL,ALLIED DIGITAL SERV. LTD,389363,596.90
ADVANIHOTR,ADVANI HOT.& RES.(I) LTD,53449,33.24
ADVENZYMES,ADVANCED ENZYME TECH LTD,269727,925.82
AEGISCHEM,AEGIS LOGISTICS LIMITED,737123,2972.06
AEROFLEX,AEROFLEX INDUSTRIES LTD,665442,846.21
AETHER,AETHER INDUSTRIES LIMITED,132501,972.02
AFFLE,AFFLE (INDIA) LIMITED,445789,4063.63
AGARIND,AGARWAL INDS CORP LTD.,55026,349.81
AGI,AGI GREENPAC LIMITED,437752,3255.08
AGRITECH,AGRI-TECH (INDIA) LIMITED,50,0.06
AGROPHOS,AGRO PHOS INDIA LIMITED,29777,14.12
AGSTRA,AGS TRANSACT TECH LTD,21141,21.08
AHL,ABANS HOLDINGS LIMITED,65248,181.61
AHLADA,AHLADA ENGINEERS LIMITED,11040,14.04
AHLEAST,ASIAN HOTELS (EAST) LTD,383,0.66
AHLUCONT,AHLUWALIA CONT IND LTD,128814,1306.17
AIAENG,AIA ENGINEERING LIMITED,27189,857.52
AIRAN,AIRAN LIMITED,6782,1.76
AJANTPHARM,AJANTA PHARMA LIMITED,40132,741.56
AJMERA,AJMERA REALTY & INF I LTD,166961,934.95
AJOONI,AJOONI BIOTECH LIMITED,3500,1.59
AKSHARCHEM,AKSHARCHEM INDIA LIMITED,56,0.13
AKSHOPTFBR,AKSH OPTIFIBRE LIMITED,28703,4.12
AKZOINDIA,AKZO NOBEL INDIA LIMITED,12816,286.80
ALANKIT,ALANKIT LIMITED,4236,0.83
ALBERTDAVD,ALBERT DAVID LIMITED,6221,40.96
ALEMBICLTD,ALEMBIC LIMITED,1193176,1006.37
ALICON,ALICON CASTALLOY LIMITED,8391,55.13
ALKALI,ALKALI METALS LTD,1100,1.26
ALKEM,ALKEM LABORATORIES LTD.,38529,1703.68
ALKYLAMINE,ALKYL AMINES CHEM. LTD,161984,3225.76
ALLCARGO,ALLCARGO LOGISTICS LTD,3754128,2780.52
ALLSEC,ALLSEC TECHNOLOGIES LTD,32264,163.89
ALOKINDS,ALOK INDUSTRIES LIMITED,950676,246.74
ALPA,ALPA LABORATORIES LTD,5554,5.43
ALPHA,KOTAKMAMC - KOTAKALPHA,517831,179.17
ALPHAETF,MIRAEAMC - ALPHAETF,3114,0.70
ALPHAGEO,ALPHAGEO (INDIA) LIMITED,1750,6.44
ALPL30IETF,ICICIPRAMC - ICICIALPLV,9645,18.76
AMBER,AMBER ENTERPRISES (I) LTD,159840,4667.88
AMBIKCO,AMBIKA COTTON MILL LTD.,29560,355.38
AMBUJACEM,AMBUJA CEMENTS LTD,1363722,6683.10
AMIORG,AMI ORGANICS LIMITED,339874,3558.81
AMJLAND,AMJ LAND HOLDINGS LIMITED,8300,3.36
AMNPLST,AMINES & PLASTICIZERS LTD,1794,3.34
AMRUTANJAN,AMRUTAJAN HEALTH LTD,42788,249.18
ANANDRATHI,ANAND RATHI WEALTH LTD,30360,507.46
ANANTRAJ,ANANT RAJ LIMITED,2494670,7540.95
ANDHRAPAP,ANDHRA PAPER LIMITED,204642,925.22
ANDHRSUGAR,ANDHRA SUGARS LTD,870716,871.14
ANDREWYU,ANDREW YULE & CO LTD,2900,1.08
ANGELONE,ANGEL ONE LIMITED,225840,5109.66
ANMOL,ANMOL INDIA LIMITED,6500,3.20
ANUP,THE ANUP ENGINEERING LTD,11884,232.17
ANURAS,ANUPAM RASAYAN INDIA LTD,1133042,10927.25
APARINDS,APAR INDUSTRIES LTD.,61403,3206.41
APCL,ANJANI PORTLAND CEM LTD,59461,66.55
APCOTEXIND,APCOTEX INDUSTRIES LIMITE,63752,206.07
APEX,APEX FROZEN FOODS LIMITED,270810,598.37
APLAPOLLO,APL APOLLO TUBES LTD,733210,10309.28
APLLTD,ALEMBIC PHARMA LTD,185044,1087.98
APOLLO,APOLLO MICRO SYSTEMS LTD,53085,64.94
APOLLOHOSP,APOLLO HOSPITALS ENTER. L,56545,3177.86
APOLLOPIPE,APOLLO PIPES LIMITED,265104,1713.86
APOLLOTYRE,APOLLO TYRES LTD,1161993,5085.30
APOLSINHOT,APOLLO SINDOORI HOTEL LTD,4,0.09
APTECHT,APTECH LIMITED,1473768,3562.61
APTUS,APTUS VALUE HSG FIN I LTD,250014,741.74
ARCHIDPLY,ARCHIDPLY IND. LTD,16259,16.81
ARCHIES,ARCHIES LTD,100,0.03
ARE&M,AMARA RAJA ENERGY MOB LTD,750422,5446.72
ARIES,ARIES AGRO LTD.,9984,28.26
ARIHANTCAP,ARIHANT CAPITAL MKTS LTD,947573,585.89
ARIHANTSUP,ARIHANT SUPERSTRUCT LTD,32409,31.08
ARMANFIN,ARMAN FIN SERV LTD,38643,624.50
AROGRANITE,ARO GRANITE IND. LTD.,1837,1.10
ARROWGREEN,ARROW GREENTECH LIMITED,2120,7.84
ARSHIYA,ARSHIYA LIMITED,5000,1.06
ARTEMISMED,ARTEMIS MED SERVICE LTD,159710,219.33
ARVIND,ARVIND LIMITED,327185,520.70
ARVINDFASN,ARVIND FASHIONS LIMITED,546024,2257.08
ARVSMART,ARVIND SMARTSPACES LTD,48649,255.58
ASAHIINDIA,ASAHI INDIA GLASS LIMITED,177552,928.52
ASAHISONG,ASAHI SONGWON COLOR LTD,1252,4.14
ASAL,AUTOMOTIVE STAMPINGS & AS,22897,68.20
ASALCBR,ASSO ALCOHOLS & BREW LTD,171118,646.61
ASHAPURMIN,ASHAPURA MINECHEM LTD,8722,23.77
ASHIANA,ASHIANA HOUSING LTD,174388,371.43
ASHIMASYN,ASHIMA LTD,8001,1.64
ASHOKA,ASHOKA BUILDCON LTD,3407800,4394.56
ASHOKLEY,ASHOK LEYLAND LTD,22429334,35011.46
ASIANPAINT,ASIAN PAINTS LIMITED,1121245,29706.75
ASIANTILES,ASIAN GRANITO IND. LTD.,1157949,825.90
ASKAUTOLTD,ASK AUTOMOTIVE LIMITED,136224,297.54
ASPINWALL,ASPINWALL & CO LTD,2754,8.02
ASTEC,ASTEC LIFESCIENCES LTD,54476,540.02
ASTERDM,ASTER DM HEALTHCARE LTD.,950019,4149.40
ASTRAL,ASTRAL LIMITED,200520,3652.94
ASTRAMICRO,ASTRA MICROWAVE LTD,895891,3472.12
ASTRAZEN,ASTRAZENECA PHARMA IND LT,39659,1780.85
ASTRON,ASTRON PAPER BORD MIL LTD,10888,3.76
ATAM,ATAM VALVES LIMITED,2671,5.68
ATFL,AGRO TECH FOODS LIMITED,15008,104.70
ATGL,ADANI TOTAL GAS LIMITED,913405,6310.89
ATL,ALLCARGO TERMINALS LTD,1730919,797.93
ATUL,ATUL LTD,65547,3858.33
ATULAUTO,ATUL AUTO LIMITED,246804,1115.92
AUBANK,AU SMALL FINANCE BANK LTD,1422959,8246.23
AURIONPRO,AURIONPRO SOLN LTD,947,22.58
AUROPHARMA,AUROBINDO PHARMA LTD,323283,2925.75
AURUM,AURUM PROPTECH LIMITED,4888,7.03
AUTOAXLES,AUTOMOTIVE AXLES LIMITED,58518,995.74
AUTOBEES,NIPPONAMC - NETFAUTO,47761,76.44
AUTOIETF,ICICIPRAMC - ICICIAUTO,129121,23.32
AUTOIND,AUTOLINE INDUSTRIES LTD,100,0.14
AVADHSUGAR,AVADH SUG & ENERGY LTD,174436,928.09
AVALON,AVALON TECHNOLOGIES LTD,174363,772.82
AVANTIFEED,AVANTI FEEDS LIMITED,521026,2273.95
AVG,AVG LOGISTICS LIMITED,2176,2.28
AVONMORE,AVONMORE CAP&MGT SERV LTD,6310,6.83
AVROIND,AVRO INDIA LIMITED,5660,8.97
AVTNPL,AVT NATURAL PRODUCTS LTD,295210,247.44
AWHCL,ANTONY WASTE HDG CELL LTD,286624,1199.97
AWL,ADANI WILMAR LIMITED,2196101,6894.99
AXISBANK,AXIS BANK LIMITED,1473860,14421.81
AXISBNKETF,AXISAMC - AXISBNKETF,86,0.41
AXISBPSETF,AXISAMC - AXISBPSETF,1720,0.19
AXISCADES,AXISCADES TECH LTD,19996,81.32
AXISCETF,AXISAMC - AXISCETF,245,0.25
AXISGOLD,AXIS MF - AXIS GOLD ETF,2245,0.91
AXISHCETF,AXISAMC - AXISHCETF,326,0.39
AXISNIFTY,AXISAMC - AXISNIFTY,97,0.23
AXISTECETF,AXISAMC - AXISTECETF,9947,25.13
AXITA,AXITA COTTON LIMITED,4334,1.18
AYMSYNTEX,AYM SYNTEX LIMITED,2499,2.30
AZAD,AZAD ENGINEERING LIMITED,61208,475.28
BAIDFIN,BAID FINSERV LIMITED,17300,4.17
BAJAJ-AUTO,BAJAJ AUTO LIMITED,150033,12079.39
BAJAJCON,BAJAJ CONSUMER CARE LTD,1063831,2252.51
BAJAJELEC,BAJAJ ELECT.LTD,60293,511.87
BAJAJFINSV,BAJAJ FINSERV LTD.,1074606,16438.71
BAJAJHCARE,BAJAJ HEALTHCARE LIMITED,247053,768.43
BAJAJHIND,BAJAJ HINDUSTHAN SUGAR LT,8907569,2685.90
BAJAJHLDNG,BAJAJ HOLDINGS & INVS LTD,12111,917.25
BAJFINANCE,BAJAJ FINANCE LIMITED,797793,50082.31
BALAJITELE,BALAJI TELEFILMS LIMITED.,498499,244.82
BALAMINES,BALAJI AMINES LIMITED,179208,3603.85
BALAXI,BALAXI PHARMA LTD,216,0.92
BALKRISIND,BALKRISHNA IND. LTD,124202,2608.86
BALMLAWRIE,BALMER LAWRIE & CO LTD,2213192,4590.89
BALPHARMA,BAL PHARMA LTD.,24149,28.42
BALRAMCHIN,BALRAMPUR CHINI MILLS LTD,3128067,11068.22
BANARBEADS,BANARAS BEADS LTD,1599,1.64
BANARISUG,BANNARI AMMAN SUGARS LTD,1838,31.08
BANCOINDIA,BANCO PRODUCTS (I) LTD,79628,351.21
BANDHANBNK,BANDHAN BANK LIMITED,32680823,59407.87
BANKA,BANKA BIOLOO LIMITED,301,0.50
BANKBARODA,BANK OF BARODA,12250569,25993.29
BANKBEES,NIP IND ETF BANK BEES,253623,1072.97
BANKBETF,BFAM - BANKBETF,1020,0.47
BANKETF,MIRAEAMC - BANKETF,450,1.12
BANKETFADD,DSPAMC - DSPBANKETF,43,0.02
BANKIETF,ICICIPRAMC - IPRU5008,90019,25.29
BANKINDIA,BANK OF INDIA,23659264,26553.04
BANKNIFTY1,KOTAKMAMC-KOTAKBKETF,7377,24.29
BANSWRAS,BANSWARA SYNTEX LIMITED,37783,43.38
BARBEQUE,BARBEQUE NATION HOSP. LTD,126968,640.17
BASF,BASF INDIA LTD,53944,1864.37
BASML,BANNARI AM SPIN MILL LTD.,37720,18.78
BATAINDIA,BATA INDIA LTD,510135,6429.94
BAYERCROP,BAYER CROPSCIENCE LTD,4920,236.04
BBL,BHARAT BIJLEE LTD,47814,2208.30
BBOX,BLACK BOX LIMITED,3389,9.39
BBTC,BOMBAY BURMAH TRADING COR,238797,3591.82
BBTCL,B&B TRIPLEWALL CONT LTD,2395,6.82
BCG,BRIGHTCOM GROUP LIMITED,133021,25.60
BCLIND,BCL INDUSTRIES LIMITED,1576811,732.57
BDL,BHARAT DYNAMICS LIMITED,1338047,19631.10
BECTORFOOD,MRS BECTORS FOOD SPE LTD,89559,771.55
BEL,BHARAT ELECTRONICS LTD,26980971,47862.86
BEML,BEML LIMITED,368121,10367.01
BEPL,BHANSALI ENG. POLYMERS LT,2145714,1951.18
BERGEPAINT,BERGER PAINTS (I) LTD,378004,1991.90
BESTAGRO,BEST AGROLIFE LIMITED,1990,18.30
BFINVEST,BF INVESTMENT LIMITED,44579,183.36
BFSI,MIRAEAMC - MAFSETF,220748,29.43
BFUTILITIE,BF UTILITIES LIMITED,597726,3788.95
BGRENERGY,BGR ENERGY SYSTEMS LTD,43953,36.75
BHAGCHEM,BHAGIRADHA CHEM & INDS L,14492,156.87
BHAGERIA,BHAGERIA INDUSTRIES LTD,100798,121.58
BHAGYANGR,BHAGYANAGAR INDIA LIMITED,500,0.34
BHANDARI,BHANDARI HOSIERY EXP LTD,2306,0.17
BHARATFORG,BHARAT FORGE LTD,434567,4535.41
BHARATGEAR,BHARAT GEARS LTD.,2713,4.75
BHARATRAS,BHARAT RASAYAN LTD,1975,134.48
BHARATWIRE,BHARAT WIRE ROPES LTD.,11486,34.01
BHARTIARTL,BHARTI AIRTEL LIMITED,702979,8008.57
BHEL,BHEL,13805081,26872.30
BIGBLOC,BIGBLOC CONSTRUCTION LTD,21533,49.50
BIKAJI,BIKAJI FOODS INTERN LTD,142195,633.56
BIOCON,BIOCON LIMITED.,7119683,17031.45
BIOFILCHEM,BIOFIL CHEM & PHARMA LTD,11507,5.81
BIRLACABLE,BIRLA CABLE LIMITED,81026,171.09
BIRLACORPN,BIRLA CORPORATION LTD,195050,2757.87
BIRLAMONEY,ADITYA BIRLA MONEY LTD,8009,10.45
BIRLATYRE,BIRLA TYRES LIMITED,20000,4.15
BLAL,BEML LAND ASSETS LIMITED,526154,1062.85
BLBLIMITED,BLB LIMITED,1000,0.25
BLISSGVS,BLISS GVS PHARMA LTD,287425,313.90
BLKASHYAP,B.L.KASHYAP & SON LTD,1304562,632.52
BLS,BLS INTL SERVS LTD,4633274,13212.24
BLSE,BLS E-SERVICES LIMITED,236140,675.70
BLUEDART,BLUE DART EXPRESS LTD,14979,753.69
BLUEJET,BLUE JET HEALTHCARE LTD,197513,702.15
BLUESTARCO,BLUE STAR LIMITED,193601,2050.34
BODALCHEM,BODAL CHEMICALS LTD,1752108,1357.04
BOMDYEING,BOMBAY DYEING & MFG. CO L,1318598,1586.54
BOROLTD,BOROSIL LIMITED,86590,278.61
BORORENEW,BOROSIL RENEWABLES LTD,1411879,7031.47
BOSCHLTD,BOSCH LIMITED,6483,1638.12
BPCL,BHARAT PETROLEUM CORP  LT,3075355,16576.33
BPL,BPL LTD,20,0.02
BRIGADE,BRIGADE ENTER. LTD,121466,1036.94
BRITANNIA,BRITANNIA INDUSTRIES LTD,111416,4998.69
BRNL,BHARAT ROAD NETWORK LTD,4349,3.56
BSE,BSE LIMITED,1037862,11801.39
BSE500IETF,ICICIPRAMC - ICICI500,106448,27.40
BSHSL,BOMBAY SUPER HYBRID SEEDS,25055,53.96
BSL,BSL LTD,1300,2.62
BSLGOLDETF,ADITYBIRLA SL GOLD ETF-GR,33,0.01
BSLNIFTY,ADITYBIRLA SL NIF ETF-GR,7593,1.52
BSLSENETFG,BIRLASLAMC - BSLSENETFG,50,0.03
BSOFT,BIRLASOFT LIMITED,1667432,11337.70
BTML,BODHI TREE MULTIMEDIA LTD,185,0.20
BURNPUR,BURNPUR CEMENT LTD.,4273,0.28
BUTTERFLY,BTRFLY GANDHI APPL LTD,36051,219.44
CAMLINFINE,CAMLIN FINE SCIENCES LTD,3129860,3360.76
CAMPUS,CAMPUS ACTIVEWEAR LIMITED,2348455,5686.44
CAMS,COMPUTER AGE MNGT SER LTD,293762,7948.72
CANBK,CANARA BANK,6562261,29794.41
CANFINHOME,CAN FIN HOMES LTD,641135,4187.49
CANTABIL,CANTABIL RETAIL LTD,245085,417.61
CAPACITE,CAPACITE INFRAPROJECT LTD,2316311,5485.27
CAPITALSFB,CAPITAL SMALL FIN BANK L,3360,9.96
CAPLIPOINT,CAPLIN POINT LAB LTD.,113270,1279.87
CAPTRUST,CAPITAL TRUST LIMITED,4487,5.40
CARBORUNIV,CARBORUNDUM UNIVERSAL LTD,51265,555.40
CAREERP,CAREER POINT LIMITED,6,0.01
CARERATING,CARE RATINGS LIMITED,33484,265.26
CARTRADE,CARTRADE TECH LIMITED,151195,939.40
CARYSIL,CARYSIL LIMITED,111715,864.82
CASTROLIND,CASTROL INDIA LIMITED,12935856,23150.08
CCL,CCL PRODUCTS (I) LTD,254040,1383.14
CDSL,CENTRAL DEPO SER (I) LTD,1839971,29189.89
CEATLTD,CEAT LIMITED,125539,2930.69
CELEBRITY,CELEBRITY FASHIONS LTD,2542,0.52
CELLO,CELLO WORLD LIMITED,118152,774.30
CENTENKA,CENTURY ENKA LTD,123394,500.03
CENTEXT,CENTURY EXTRUSIONS LTD,1247,0.25
CENTRALBK,CENTRAL BANK OF INDIA,34805496,19126.57
CENTRUM,CENTRUM CAPITAL LIMITED,372881,99.87
CENTUM,CENTUM ELECTRONICS LTD,26625,250.38
CENTURYPLY,CENTURY PLYBOARDS (I) LTD,195266,1218.84
CENTURYTEX,CENTURY TEXTILES LTD,359672,4469.52
CERA,CERA SANITARYWARE LTD,19127,1129.71
CEREBRAINT,CEREBRA INT TECH LTD,900,0.91
CESC,CESC LTD,6840377,7818.00
CGCL,CAPRI GLOBAL CAPITAL LTD,307286,737.83
CGPOWER,CG POWER AND IND SOL LTD,2862994,12641.01
CHALET,CHALET HOTELS LIMITED,128086,902.32
CHAMBLFERT,CHAMBAL FERTILIZERS LTD,1455736,4723.37
CHEMBOND,CHEMBOND CHEMICALS LTD,90598,294.03
CHEMCON,CHEMCON SPECIAL CHEM LTD,122117,302.42
CHEMFAB,CHEMFAB ALKALIS LIMITED,14019,78.76
CHEMPLASTS,CHEMPLAST SANMAR LIMITED,129324,537.94
CHENNPETRO,CHENNAI PETROLEUM CORP LT,1002102,7363.82
CHEVIOT,CHEVIOT COMPANY LIMITED,4360,38.53
CHOICEIN,CHOICE INTERNATIONAL LTD,579506,1385.58
CHOLAFIN,CHOLAMANDALAM IN & FIN CO,278230,2862.13
CHOLAHLDNG,CHOLAMANDALAM FIN HOL LTD,60131,578.68
CIEINDIA,CIE AUTOMOTIVE INDIA LTD,819684,3465.91
CIGNITITEC,CIGNITI TECHNOLOGIES LTD,1359009,13720.46
CIPLA,CIPLA LTD,374314,4701.56
CLEAN,CLEAN SCIENCE & TECH LTD,314772,4027.90
CLEDUCATE,CL EDUCATE LIMITED,10729,6.31
CLSEL,CHAMAN LAL SETIA EXP LTD,122473,215.62
CMSINFO,CMS INFO SYSTEMS LIMITED,2613016,9709.97
COALINDIA,COAL INDIA LTD,11482718,43193.61
COASTCORP,COASTAL CORPORATION LTD,75,0.28
COCHINSHIP,COCHIN SHIPYARD LIMITED,1839140,15752.82
COFFEEDAY,COFFEE DAY ENTERPRISE LTD,4807901,2699.71
COFORGE,COFORGE LIMITED,320394,16040.54
COLPAL,COLGATE PALMOLIVE LTD.,78992,1707.53
COMMOIETF,ICICIPRAMC - ICICICOMMO,5959,3.16
COMPINFO,COMPUAGE INFOCOM LTD,13780,2.96
CONCOR,CONTAINER CORP OF IND LTD,959609,8122.29
CONCORDBIO,CONCORD BIOTECH LIMITED,46745,592.52
CONFIPET,CONFIDENCE PETRO IND LTD.,4221435,3327.26
CONSOFINVT,CONSO. FIN. & HOLD. LTD.,9094,11.27
CONSUMBEES,NIP IND ETF CONSUMPTION,6110,5.91
CONSUMIETF,ICICIPRAMC - ICICICONSU,5441,3.53
CONTROLPR,CONTROL PRINT LIMITED,37000,221.36
CORALFINAC,CORAL INDIA FIN & HOUS LT,794,0.53
CORDSCABLE,CORDS CABLE INDUS LTD.,500,1.00
COROMANDEL,COROMANDEL INTERNTL. LTD,96782,939.31
COSMOFIRST,COSMO FIRST LIMITED,138639,730.92
CPSEETF,CPSE ETF,2127103,1396.24
CRAFTSMAN,CRAFTSMAN AUTOMATION LTD,81538,3047.00
CREATIVE,CREATIVE NEWTECH LIMITED,86520,450.82
CREDITACC,CREDITACCESS GRAMEEN LTD,358620,4567.80
CREST,CREST VENTURES LIMITED,11536,8.21
CRISIL,CRISIL LTD,35703,1533.49
CROMPTON,CROMPT GREA CON ELEC LTD,2351879,6483.74
CSBBANK,CSB BANK LIMITED,273005,913.66
CSLFINANCE,CSL FINANCE LIMITED,35900,58.88
CTE,CAMBRIDGE TECH ENTER LTD,5071,4.51
CUB,CITY UNION BANK LTD,3147084,4156.89
CUMMINSIND,CUMMINS INDIA LTD,88737,2311.23
CUPID,CUPID LIMITED,1405,2.84
CYBERTECH,CYBERTECH SYSTEMS & SOFTW,59848,84.23
CYIENT,CYIENT LIMITED,221755,3925.90
CYIENTDLM,CYIENT DLM LIMITED,142864,833.52
DABUR,DABUR INDIA LTD,1740493,7900.17
DALBHARAT,DALMIA BHARAT LIMITED,327994,6208.48
DALMIASUG,DALMIA BHARAT SUG IN LTD,298317,1005.25
DAMODARIND,DAMODAR INDUSTRIES LTD,1000,0.53
DANGEE,DANGEE DUMS LIMITED,1000,0.09
DATAMATICS,DATAMATICS GLOBAL SER LTD,278701,1463.99
DATAPATTNS,DATA PATTERNS INDIA LTD,211272,4108.19
DBCORP,D.B.CORP LTD,11081,32.84
DBL,DILIP BUILDCON LIMITED,1300729,4763.02
DBOL,DHAMPUR BIO ORGANICS LTD,298020,345.09
DBREALTY,VALOR ESTATE LIMITED,4075120,8378.23
DCAL,DISHMAN CARBO AMCIS LTD,2233569,4547.70
DCBBANK,DCB BANK LIMITED,7033831,8080.61
DCM,DCM LTD,16971,14.85
DCMNVL,DCM NOUVELLE LIMITED,6429,14.10
DCMSHRIRAM,DCM SHRIRAM LIMITED,156305,1411.03
DCMSRIND,DCM SHRIRAM IND LTD,673754,542.86
DCW,DCW LTD,5456980,2793.88
DCXINDIA,DCX SYSTEMS LIMITED,1884400,4940.00
DECCANCE,DECCAN CEMENTS LIMITED,17967,81.37
DEEPAKFERT,DEEPAK FERTILIZERS & PETR,1702564,8816.70
DEEPAKNTR,DEEPAK NITRITE LTD,352105,7062.54
DEEPINDS,DEEP INDUSTRIES LIMITED,284841,700.41
DELHIVERY,DELHIVERY LIMITED,1034914,3817.23
DELPHIFX,DELPHI WORLD MONEY LTD,2440,6.44
DELTACORP,DELTA CORP LIMITED,8307230,10453.90
DEN,DEN NETWORKS LTD,5494640,2630.47
DENORA,DE NORA INDIA LIMITED,22225,250.98
DEVIT,DEV INFO TECHNOLOGY LTD,1230,1.85
DEVYANI,DEVYANI INTERNATIONAL LTD,4347601,6597.64
DHAMPURSUG,DHAMPUR SUGAR MILLS LTD.,650291,1350.35
DHANBANK,DHANLAXMI BANK LIMITED,1063748,246.05
DHANI,DHANI SERVICES LIMITED,885951,372.85
DHANUKA,DHANUKA AGRITECH LTD,35552,298.02
DHARMAJ,DHARMAJ CROP GUARD LTD,180948,255.93
DHRUV,DHRUV CONSULTANCY SER LTD,2194,1.85
DHUNINV,DHUNSERI INVESTMENTS LTD,1039,6.27
DIAMINESQ,DIAMINES & CHEMICALS LTD,4990,16.80
DIAMONDYD,PRATAAP SNACKS LIMITED,120025,1078.63
DICIND,DIC INDIA LIMITED,66,0.32
DIL,DEBOCK INDUSTRIES LIMITED,69475,6.14
DISHTV,DISH TV INDIA LTD.,51452299,9589.07
DIVGIITTS,DIVGI TORQTRANSFER SYST L,38504,281.29
DIVISLAB,DIVI S LABORATORIES LTD,284240,9342.95
DIVOPPBEES,NIP IND ETF DIV OPP,10830,6.81
DIXON,DIXON TECHNO (INDIA) LTD,99711,6272.41
DLF,DLF LIMITED,1765021,13051.56
DLINKINDIA,D-LINK INDIA LTD,350134,827.69
DMART,AVENUE SUPERMARTS LIMITED,165402,6513.49
DMCC,DMCC SPECIALITY CHEMICALS,6998,13.29
DODLA,DODLA DAIRY LIMITED,48268,381.89
DOLATALGO,DOLAT ALGOTECH LIMITED,888269,628.75
DOLLAR,DOLLAR INDUSTRIES LIMITED,110371,466.15
DOMS,DOMS INDUSTRIES LIMITED,8666,101.44
DONEAR,DONEAR IND. LIMITED,66131,59.25
DPABHUSHAN,D. P. ABHUSHAN LIMITED,222,1.33
DPSCLTD,DPSC LIMITED,20496,5.13
DPWIRES,D P WIRES LIMITED,67250,309.84
DREAMFOLKS,DREAMFOLKS SERVICES LTD,598127,2640.75
DREDGECORP,DREDGING CORP OF INDIA,22934,157.05
DRREDDY,DR. REDDY S LABORATORIES,121134,6872.56
DSSL,DYNACONS SYS & SOLN LTD,22735,147.34
DTIL,DHUNSERI TEA & IND. LTD.,6565,17.88
DVL,DHUNSERI VENTURES LIMITED,37947,64.95
DWARKESH,DWARIKESH SUGAR IND LTD,3096586,2245.83
DYCL,DYNAMIC CABLES LIMITED,20650,67.26
DYNAMATECH,DYNAMATIC TECHNOLOGIES,29056,1739.99
DYNPRO,DYNEMIC PRODUCTS LIMITED,16165,47.89
EASEMYTRIP,EASY TRIP PLANNERS LTD,37115062,15559.86
EBBETF0425,EDELAMC - EBBETF0425,801,8.67
EBBETF0430,EDELAMC - EBBETF0430,17,0.16
EBBETF0433,EDELAMC - EBBETF0433,119,1.27
ECLERX,ECLERX SERVICES LTD,88570,2055.26
EDELWEISS,EDELWEISS FIN SERV LTD,5893961,3710.12
EGOLD,EDELAMC - EGOLD,120,0.09
EICHERMOT,EICHER MOTORS LTD,125217,4576.97
EIDPARRY,EID PARRY INDIA LTD,467128,2430.87
EIFFL,EURO (I) FRESH FOODS LTD,421,0.62
EIHAHOTELS,EIH ASSOCIATED HOTELS LTD,38884,233.54
EIHOTEL,EIH LIMITED,518811,1630.41
EKC,EVEREST KANTO CYLINDERLTD,968369,1206.38
ELDEHSG,ELDECO HSG & IND LTD.,6243,35.73
ELECON,ELECON ENG. CO. LTD,165809,1073.44
ELECTCAST,ELECTROSTEEL CASTINGS LTD,2098101,2647.34
ELGIEQUIP,ELGI EQUIPMENTS LTD,221664,1186.75
ELIN,ELIN ELECTRONICS LIMITED,142307,148.06
EMAMILTD,EMAMI LIMITED,589826,2506.49
EMAMIPAP,EMAMI PAPER MILLS LIMITED,138798,127.82
EMAMIREAL,EMAMI REALTY LIMITED,5800,6.99
EMIL,ELECTRONICS MART IND LTD,168687,154.98
EMKAY,EMKAY GLOBAL FIN SERV LTD,275,0.48
EMMBI,EMMBI INDUSTRIES LIMITED,5911,6.82
EMSLIMITED,EMS LIMITED,331479,1271.99
EMUDHRA,EMUDHRA LIMITED,129320,572.32
ENDURANCE,ENDURANCE TECHNO. LTD.,56314,850.94
ENERGYDEV,ENERGY DEVE. CO.LTD,500,0.15
ENGINERSIN,ENGINEERS INDIA LTD,12484985,23847.57
ENIL,ENTERTAIN NET. IND. LTD.,82866,214.19
ENTERO,ENTERO HEALTHCARE SOLU L,227,2.29
EPACK,EPACK DURABLE LIMITED,262421,341.71
EPIGRAL,EPIGRAL LIMITED,124881,1108.55
EPL,EPL LIMITED,1822444,3336.93
EQUAL50ADD,DSPAMC - DSPNEWETF,1283,2.34
EQUITASBNK,EQUITAS SMALL FIN BNK LTD,5421819,4898.32
ERIS,ERIS LIFESCIENCES LIMITED,147397,1170.40
EROSMEDIA,EROS INTL MEDIA LTD,46340,10.37
ESABINDIA,ESAB INDIA LTD,6856,302.53
ESAFSFB,ESAF SMALL FINANCE BANK L,2014041,926.08
ESCORTS,ESCORTS KUBOTA LIMITED,242080,6672.39
ESG,MIRAEAMC - MAESGETF,1915,0.55
ESSARSHPNG,ESSAR SHIPPING LTD,109,0.03
ESTER,ESTER INDUSTRIES LTD,340122,307.93
ETHOSLTD,ETHOS LIMITED,63616,1400.82
EVEREADY,EVEREADY INDS. IND.  LTD.,307141,996.08
EVERESTIND,EVEREST INDUSTRIES LTD,23372,245.47
EXCELINDUS,EXCEL INDUSTRIES LTD,32399,215.78
EXIDEIND,EXIDE INDUSTRIES LTD,2799998,8751.91
EXPLEOSOL,EXPLEO SOLUTIONS LIMITED,52387,582.87
EXXARO,EXXARO TILES LIMITED,146734,149.28
FACT,FACT LTD,466155,2897.37
FAIRCHEMOR,FAIRCHEM ORGANICS LIMITED,36055,440.73
FAZE3Q,FAZE THREE LIMITED,12390,33.75
FCL,FINEOTEX CHEMICAL LIMITED,527372,1562.37
FCSSOFT,FCS SOFTWARE SOLN. LTD.,62420,3.35
FDC,FDC LIMITED,271960,1143.58
FEDERALBNK,FEDERAL BANK LTD,10677994,14624.36
FEDFINA,FEDBANK FINANCIAL SER L,618864,664.06
FIBERWEB,FIBERWEB INDIA LIMITED,12896,4.78
FIEMIND,FIEM INDUSTRIES LIMITED,91576,899.13
FILATEX,FILATEX INDIA LTD,2597545,1351.13
FINCABLES,FINOLEX CABLES LTD,206058,1871.51
FINEORG,FINE ORGANIC IND. LTD.,57534,2217.54
FINIETF,ICICIPRAMC-ICICIFIN,24735,4.00
FINOPB,FINO PAYMENTS BANK LTD,289126,693.16
FINPIPE,FINOLEX INDUSTRIES LTD,1429354,3306.92
FIVESTAR,FIVE-STAR BUS FIN LTD,302961,2014.69
FLAIR,FLAIR WRITING INDUST LTD,44117,117.75
FLUOROCHEM,GUJARAT FLUOROCHEM LTD,356629,11056.50
FMCGIETF,ICICIPRAMC - ICICIFMCG,10066,37.31
FMGOETZE,FEDERAL-MOGUL GOETZE (IND,257952,851.12
FOCUS,FOCUS LIGHTG & FIXTRS LTD,85024,90.14
FOODSIN,FOODS & INNS LIMITED,352997,326.43
FORCEMOT,FORCE MOTORS LIMITED,10365,545.84
FORTIS,FORTIS HEALTHCARE LTD,1034028,3827.94
FOSECOIND,FOSECO INDIA LTD,5580,133.18
FSC,FUTURE SUPP CHAIN SOL LTD,50,0.02
FSL,FIRSTSOURCE SOLU. LTD.,3901748,6763.71
FUSION,FUSION MICRO FINANCE LTD,623999,2944.54
GABRIEL,GABRIEL INDIA LTD,369328,845.73
GAEL,GUJARAT AMBUJA EXPORTS LT,852922,1693.18
GAIL,GAIL (INDIA) LTD,14048460,22263.72
GALAXYSURF,GALAXY SURFACTANTS LTD,27632,618.02
GALLANTT,GALLANTT ISPAT LIMITED,8739,15.08
GANDHAR,GANDHAR OIL REFINE IND L,510273,1020.92
GANDHITUBE,GANDHI SPL. TUBES LTD,6037,34.74
GANECOS,GANESHA ECOSPHERE LIMITED,145692,1301.55
GANESHBE,GANESH BENZOPLAST LIMITED,464082,753.69
GANESHHOUC,GANESH HOUSING CORP LTD,74826,348.38
GANGESSECU,GANGES SECURITIES LIMITED,1387,1.85
GARFIBRES,GARWARE TECH FIBRES LTD,6345,195.00
GATEWAY,GATEWAY DISTRIPARKS LTD,1066829,970.33
GAYAPROJ,GAYATRI PROJECTS LTD,131104,17.76
GEECEE,GEECEE VENTURES LIMITED,4259,12.01
GENESYS,GENESYS INTL CORPN LTD,396163,2138.49
GENSOL,GENSOL ENGINEERING LTD,1453,15.86
GENUSPAPER,GENUS P&B LIMITED,168760,34.47
GENUSPOWER,GENUS POWER INFRASTRU LTD,713114,1428.54
GEOJITFSL,GEOJIT FINANCIAL SER L,883495,562.08
GEPIL,GE POWER INDIA LIMITED,550019,1140.25
GESHIP,THE GE SHPG.LTD,454128,3981.70
GET&D,GE T&D INDIA LIMITED,200,1.29
GFLLIMITED,GFL LIMITED,303670,203.11
GHCL,GHCL LIMITED,757949,3561.95
GHCLTEXTIL,GHCL TEXTILES LIMITED,1037588,715.35
GICHSGFIN,GIC HOUSING FINANCE LTD,1745129,3435.94
GICRE,GENERAL INS CORP OF INDIA,3217940,10659.19
GILLETTE,GILLETTE INDIA LTD,17743,1063.54
GILT5YBEES,RELCAPAMC - NETFGILT5Y,5612,2.41
GIPCL,GUJ IND POW CO. LTD,1367104,1916.44
GLAND,GLAND PHARMA LIMITED,449463,7152.25
GLAXO,GLAXOSMITHKLINE PHARMA LT,153791,2890.56
GLENMARK,GLENMARK PHARMACEUTICALS,221132,1771.18
GLOBAL,GLOBAL EDUCATION LIMITED,20343,42.54
GLOBALVECT,GLOBAL VEC HELICORP LTD,75,0.07
GLOBUSSPR,GLOBUS SPIRITS LTD,414431,3005.40
GLS,GLENMARK LIFE SCIENCE LTD,107063,485.04
GMBREW,G M BREWERIES LTD,103320,654.48
GMDCLTD,GUJARAT MINERAL DEV CORP,5527618,19134.06
GMMPFAUDLR,GMM PFAUDLER LIMITED,417872,5073.24
GMRINFRA,GMR AIRPORTS INFRA LTD,23046629,16210.35
GMRP&UI,GMR POW AND URBAN INFRA L,204426,91.11
GNA,GNA AXLES LIMITED,279663,1212.61
GNFC,GUJ NAR VAL FER & CHEM L,1057567,6419.18
GOACARBON,GOA CARBON LIMITED,61974,464.05
GOCLCORP,GOCL CORPORATION LIMITED,399775,1543.41
GOCOLORS,GO FASHION INDIA LTD,44950,497.86
GODFRYPHLP,GODFREY PHILLIPS INDIA LT,69442,1434.12
GODREJAGRO,GODREJ AGROVET LIMITED,528691,2540.29
GODREJCP,GODREJ CONSUMER PRODUCTS,102604,1149.62
GODREJIND,GODREJ INDUSTRIES LTD,217027,1596.31
GODREJPROP,GODREJ PROPERTIES LTD,400956,8949.29
GOKEX,GOKALDAS EXPORTS LTD.,493688,3564.85
GOKUL,GOKUL REFOILS & SOLV LTD,7561,3.38
GOKULAGRO,GOKUL AGRO RESOURCES LTD,202833,156.18
GOLDBEES,NIP IND ETF GOLD BEES,586260,232.76
GOLDETF,MIRAEAMC - MAGOLDETF,58640,28.63
GOLDIAM,GOLDIAM INTERNATIONAL LTD,749367,1152.45
GOLDIETF,ICICI PRUDENTIAL GOLD ETF,69039,25.58
GOLDSHARE,UTI GOLD ETF,20767,7.20
GOODLUCK,GOODLUCK INDIA LIMITED,357851,3195.23
GOODYEAR,GOODYEAR INDIA LIMITED,16910,212.68
GOPAL,GOPAL SNACKS LIMITED,5398,17.03
GPIL,GODAWARI POW & ISP LTD,1317822,8717.76
GPPL,GUJARAT PIPAVAV PORT LTD,6402652,11534.39
GPTHEALTH,GPT HEALTHCARE LIMITED,38410,63.87
GRANULES,GRANULES INDIA LIMITED,1004108,4029.80
GRAPHITE,GRAPHITE INDIA LTD,1262503,6732.21
GRASIM,GRASIM INDUSTRIES LTD,248083,5112.03
GRAUWEIL,GRAUER & WEIL IND LTD,71128,40.57
GRAVITA,GRAVITA INDIA LIMITED,135476,1003.40
GREAVESCOT,GREAVES COTTON LTD.,3999371,4975.39
GREENLAM,GREENLAM INDUSTRIES LTD.,32345,151.92
GREENPANEL,GREENPANEL INDUSTRIES LTD,483846,1485.06
GREENPLY,GREENPLY INDUSTRIES LTD,527312,1076.14
GREENPOWER,ORIENT GREEN POWER CO LTD,15501,2.86
GRINDWELL,GRINDWELL NORTON LIMITED,61079,1201.30
GRINFRA,G R INFRAPROJECTS LIMITED,121579,1485.27
GRMOVER,GRM OVERSEAS LIMITED,248251,386.64
GRPLTD,GRP LIMITED,4,0.07
GRSE,GARDEN REACH SHIP&ENG LTD,1418662,10290.30
GRWRHITECH,GARWARE HI-TECH FILMS LTD,32318,231.66
GSEC5IETF,ICICIPRAMC - ICICI5GSEC,10,0.01
GSFC,GUJ STATE FERT & CHEM LTD,7359819,15900.00
GSLSU,GLOBAL SURFACES LIMITED,247375,321.14
GSPL,GUJARAT STATE PETRO LTD,1443095,4081.27
GSS,GSS INFOTECH LIMITED,395623,731.16
GTL,GTL LTD,1000,0.07
GTLINFRA,GTL INFRA.LTD,131400,2.11
GTPL,GTPL HATHWAY LIMITED,158757,223.25
GUFICBIO,GUFIC BIOSCIENCES LTD.,196551,477.79
GUJALKALI,GUJARAT ALKALIES & CHEM,227705,1656.48
GUJAPOLLO,GUJ. APOLLO IND. LTD.,1684,4.65
GUJGASLTD,GUJARAT GAS LIMITED,808884,4231.72
GULFOILLUB,GULF OIL LUB. IND. LTD.,145724,1156.02
GULFPETRO,GP PETROLEUMS LIMITED,24037,17.88
GULPOLY,GULSHAN POLYOLS LIMITED,223533,360.21
HAL,HINDUSTAN AERONAUTICS LTD,1145207,31599.79
HAPPSTMNDS,HAPPIEST MINDS TECHNO LTD,2050836,16801.33
HAPPYFORGE,HAPPY FORGINGS LIMITED,22963,167.37
HARDWYN,HARDWYN INDIA LIMITED,105545,40.01
HARIOMPIPE,HARIOM PIPE INDUSTRIES L,202367,885.42
HARRMALAYA,HARRISON MALAYALAM LTD,9600,19.73
HARSHA,HARSHA ENGINEERS INT LTD,1101596,4832.61
HATHWAY,HATHWAY CABLE & DATACOM,13072061,2531.08
HATSUN,HATSUN AGRO PRODUCT LTD.,22086,200.20
HAVELLS,HAVELLS INDIA LIMITED,565182,7380.82
HBLPOWER,HBL POWER SYSTEMS LTD.,1167512,2988.69
HCC,HINDUSTAN CONSTRUCTION CO,22895186,5714.83
HCG,HEALTHCARE GLOB. ENT. LTD,133408,380.89
HCL-INSYS,HCL INFOSYSTEMS LTD,57397,11.02
HCLTECH,HCL TECHNOLOGIES LTD,883262,12015.40
HDFCAMC,HDFC AMC LIMITED,179697,5998.78
HDFCBANK,HDFC BANK LTD,9245186,122224.29
HDFCBSE500,HDFCAMC - HDFCBSE500,367,0.12
HDFCGOLD,HDFC GOLD ETF,171739,64.85
HDFCGROWTH,HDFCAMC - HDFCGROWTH,600,0.67
HDFCLIFE,HDFC LIFE INS CO LTD,1725677,9976.53
HDFCLOWVOL,HDFCAMC - HDFCLOWVOL,587,0.11
HDFCMID150,HDFCAMC - HDFCMID150,59055,9.23
HDFCMOMENT,HDFCAMC - HDFCMOMENT,20362,4.19
HDFCNEXT50,HDFCAMC - HDFCNEXT50,1906,1.17
HDFCNIF100,HDFCAMC - HDFCNIF100,1,0.00
HDFCNIFBAN,HDFCAMC - HDFCNIFBAN,13204,4.56
HDFCNIFIT,HDFCAMC - HDFCNIFIT,1188,0.43
HDFCNIFTY,HDFCAMC - HDFCNIFTY,22791,54.84
HDFCPSUBK,HDFCAMC HDFCPSUBK,15293,9.80
HDFCPVTBAN,HDFCAMC - HDFCPVTBAN,50,0.01
HDFCQUAL,HDFCAMC - HDFCQUAL,1447,0.75
HDFCSENSEX,HDFCAMC - HDFCSENSEX,2592,2.49
HDFCSILVER,HDFCAMC - HDFCSILVER,134206,61.96
HDFCSML250,HDFCAMC - HDFCSML250,319829,382.00
HDFCVALUE,HDFCAMC - HDFCVALUE,411,0.52
HEALTHADD,DSPAMC - HEALTHADD,60,0.07
HEALTHIETF,ICICIPRAMC - ICICIPHARM,31875,32.77
HEALTHY,BIRLASLAMC - HEALTHY,161205,19.44
HEG,HEG LTD,409785,7742.02
HEIDELBERG,HEIDELBERGCEMENT (I) LTD,333064,625.91
HEMIPROP,HEMISPHERE PROP IND LTD,3874841,6757.68
HERANBA,HERANBA INDUSTRIES LTD,299947,1005.19
HERCULES,HERCULES HOI. LTD.,75455,260.28
HERITGFOOD,HERITAGE FOODS LTD,1265558,3274.35
HEROMOTOCO,HERO MOTOCORP LIMITED,252719,10673.65
HESTERBIO,HESTER BIOSCIENCES LTD,6791,101.96
HEUBACHIND,HEUBACH COLORANTS IND LTD,84700,360.57
HEXATRADEX,HEXA TRADEX LIMITED,1950,3.13
HFCL,HFCL LIMITED,21789992,18590.62
HGINFRA,H.G.INFRA ENGINEERING LTD,144737,1202.76
HGS,HINDUJA GLOBAL SOLS. LTD.,89531,708.08
HIKAL,HIKAL LIMITED,662971,1860.30
HIL,HIL LIMITED,15230,350.48
HILTON,HILTON METAL FORGING LTD,39485,45.53
HIMATSEIDE,HIMATSINGKA SEIDE LTD,1134125,1309.23
HINDALCO,HINDALCO  INDUSTRIES  LTD,1937138,9669.66
HINDCOMPOS,HINDUSTAN COMPOSITES LTD.,11542,32.91
HINDCON,HINDCON CHEMICALS LIMITED,100,0.04
HINDCOPPER,HINDUSTAN COPPER LTD,11591901,24547.55
HINDMOTORS,HINDUSTAN MOTORS LIMITED,217655,43.28
HINDOILEXP,HINDUSTAN OIL EXPLORATION,3612405,5170.90
HINDPETRO,HINDUSTAN PETROLEUM CORP,4298071,18758.11
HINDUNILVR,HINDUSTAN UNILEVER LTD.,1371003,28908.38
HINDWAREAP,HINDWARE HME INOVATON LTD,405179,1478.05
HINDZINC,HINDUSTAN ZINC LIMITED,1047196,3760.98
HISARMETAL,HISAR METAL IND. LIMITED,1,0.00
HITECH,HI-TECH PIPES LIMITED,2801879,3426.67
HITECHGEAR,THE HI-TECH GEARS LIMITED,59437,142.51
HLEGLAS,HLE GLASCOAT LIMITED,184025,790.85
HLVLTD,HLV LIMITED,704977,158.90
HMAAGRO,HMA AGRO INDUSTRIES LTD,449564,192.87
HMVL,HINDUSTAN MEDIA VENT LTD,8370,8.71
HNDFDS,HINDUSTAN FOODS LIMITED,54065,208.32
HNGSNGBEES,NIP IND ETF HANGSENG BEES,133832,263.96
HOMEFIRST,HOME FIRST FIN CO IND LTD,78692,570.43
HONASA,HONASA CONSUMER LIMITED,47585,146.86
HONAUT,HONEYWELL AUTOMATION IND,5106,1939.05
HONDAPOWER,HONDA I POWER PRODUCT LTD,10158,212.78
HPAL,HP ADHESIVES LIMITED,782266,640.15
HPL,HPL ELECTRIC & POWER LTD,179850,362.94
HSCL,HIMADRI SPECIALITY CHEM L,77952,121.22
HTMEDIA,HT MEDIA LIMITED,653663,129.59
HUDCO,HSG & URBAN DEV CORPN LTD,22096838,36872.25
HUHTAMAKI,HUHTAMAKI INDIA LIMITED,164803,498.61
IBREALEST,INDIABULLS REAL EST. LTD,26302749,27348.26
IBULHSGFIN,INDIABULLS HSG FIN LTD,29976439,52315.57
ICEMAKE,ICE MAKE REFRIGERAT LTD,17985,45.17
ICICIB22,ICICIPRAMC - BHARATIWIN,429189,349.38
ICICIBANK,ICICI BANK LTD.,801991,8108.85
ICICIGI,ICICI LOMBARD GIC LIMITED,141890,2211.63
ICICIPRULI,ICICI PRU LIFE INS CO LTD,400702,2117.18
ICIL,INDO COUNT INDUSTRIES LTD,435296,1238.58
ICRA,ICRA LIMITED,3465,161.98
IDBI,IDBI BANK LIMITED,28913806,21439.45
IDEA,VODAFONE IDEA LIMITED,331253994,39880.89
IDEAFORGE,IDEAFORGE TECHNO LTD,381817,2338.56
IDFC,IDFC LIMITED,11525646,11915.57
IDFCFIRSTB,IDFC FIRST BANK LIMITED,71362577,53337.45
IEX,INDIAN ENERGY EXC LTD,14637562,20340.27
IFBAGRO,IFB AGRO INDUSTRIES LTD,2319,11.64
IFBIND,IFB INDUSTRIES LTD,96100,1231.52
IFCI,IFCI LTD,20870164,8685.41
IFGLEXPOR,IFGL REFRACTORIES LIMITED,2492,7.48
IGARASHI,IGARASHI MOTORS INDIA LTD,190281,949.68
IGL,INDRAPRASTHA GAS LTD,581789,2297.03
IGPL,I G PETROCHEMICALS LTD,113556,462.42
IIFL,IIFL FINANCE LIMITED,1248518,3946.26
IIFLSEC,IIFL SECURITIES LIMITED,610425,673.28
IKIO,IKIO LIGHTING LIMITED,493964,1256.01
IMAGICAA,IMAGICAAWORLD ENT LTD,2302585,1358.34
IMFA,INDIAN METALS & FERRO,188500,977.35
IMPAL,IND MOTOR PART & ACC LTD,3477,20.91
INDBANK,INDBANK MERCH BANK,102208,51.70
INDHOTEL,THE INDIAN HOTELS CO. LTD,1805970,8263.49
INDIACEM,THE INDIA CEMENTS LIMITED,4539957,9645.59
INDIAGLYCO,INDIA GLYCOLS LTD,681452,4920.87
INDIAMART,INDIAMART INTERMESH LTD,220473,5664.09
INDIANB,INDIAN BANK,1944865,6739.18
INDIANCARD,INDIAN CARD CLOTHING CO.,2214,6.06
INDIANHUME,INDIAN HUME PIPE CO. LTD.,136441,259.10
INDIASHLTR,INDIA SHELTER FIN CORP L,13666,83.93
INDIGO,INTERGLOBE AVIATION LTD,417371,12157.25
INDIGOPNTS,INDIGO PAINTS LIMITED,101032,1307.17
INDNIPPON,INDIA NIPPON ELECT  LTD,25625,134.88
INDOAMIN,INDO AMINES LIMITED,336058,431.30
INDOBORAX,INDO BORAX & CHEMICAL LTD,61252,82.34
INDOCO,INDOCO REMEDIES LTD.,161799,513.10
INDORAMA,INDO RAMA SYNTHETICS LTD,491108,160.20
INDOSTAR,INDOSTAR CAPITAL FIN LTD,18080,44.96
INDRAMEDCO,INDRAPRASTHA MEDICAL CORP,10859,23.29
INDSWFTLAB,IND SWIFT LABORATORIES LT,812608,752.88
INDTERRAIN,IND TERRAIN FASHIONS LTD,70977,52.20
INDUSINDBK,INDUSIND BANK LIMITED,799186,10671.37
INDUSTOWER,INDUS TOWERS LIMITED,8435873,19320.34
INFIBEAM,INFIBEAM AVENUES LIMITED,23716971,7535.28
INFOBEAN,INFOBEANS TECHNO. LTD.,31761,82.55
INFRABEES,NIP IND ETF INFRA BEES,14458,105.04
INFRAIETF,ICICIPRAMC - ICICIINFRA,43638,28.94
INFY,INFOSYS LIMITED,4238091,57762.65
INGERRAND,INGERSOLL-RAND INDIA LTD,13919,393.48
INNOVACAP,INNOVA CAPTAB LIMITED,32565,112.17
INOXGREEN,INOX GREEN ENERGY SER LTD,277781,318.01
INOXINDIA,INOX INDIA LIMITED,235843,2363.93
INOXWIND,INOX WIND LIMITED,2420738,8454.09
INSECTICID,INSECTICIDES (I) LTD,41565,167.43
INTELLECT,INTELLECT DESIGN ARENA,544971,4373.27
INTENTECH,INTENSE TECHNOLOGIES LTD,1250,1.38
INTLCONV,INTL CONVEYORS LIMITED,426413,214.52
IOB,INDIAN OVERSEAS BANK,19722330,10343.09
IOC,INDIAN OIL CORP LTD,23767935,35418.45
IOLCP,IOL CHEM AND PHARMA LTD,912269,3518.77
IONEXCHANG,ION EXCHANGE (INDIA) LTD,274032,1016.71
IPCALAB,IPCA LABORATORIES LTD,175279,2064.52
IPL,INDIA PESTICIDES LIMITED,1925467,5377.91
IRB,IRB INFRA DEV LTD.,28452501,14890.50
IRCON,IRCON INTERNATIONAL LTD,19218794,37466.74
IRCTC,INDIAN RAIL TOUR CORP LTD,2205662,18654.95
IREDA,INDIAN RENEWABLE ENERGY,360888,539.94
IRFC,INDIAN RAILWAY FIN CORP L,61591344,75002.68
IRIS,IRIS BUSINESS SERV LTD,900,1.39
IRISDOREME,IRIS CLOTHINGS LIMITED,23736,11.28
IRMENERGY,IRM ENERGY LIMITED,109876,425.44
ISEC,ICICI SECURITIES LIMITED,363554,2767.51
ISFT,INTRASOFT TECH. LTD,7347,11.95
ISGEC,ISGEC HEAVY ENG LTD,109840,849.15
ISMTLTD,ISMT LIMITED,2879496,2474.07
IT,KOTAKMAMC - KOTAKIT,74557,25.28
ITBEES,NIP IND ETF IT,8560482,2629.90
ITC,ITC LTD,14699611,57831.35
ITDC,INDIA TOUR. DEV. CO. LTD.,141261,778.23
ITDCEM,ITD CEMENTATION INDIA LTD,671818,1604.80
ITETF,MIRAEAMC - ITETF,1550,0.55
ITETFADD,DSPAMC - DSPITETF,4932,1.76
ITI,ITI LTD,1706529,4500.78
ITIETF,ICICIPRAMC - ICICITECH,576332,186.16
IVC,IL&FS INVESTMENT MANAGERS,28934,3.71
IVZINGOLD,INVESCO INDIA GOLD ETF,1,0.05
IWEL,INOX WIND ENERGY LIMITED,124,7.10
IZMO,IZMO LIMITED,303,0.65
J&KBANK,J & K BANK LTD.,4394975,4480.01
JAGRAN,JAGRAN PRAKASHAN LIMITED,427333,452.24
JAGSNPHARM,JAGSONPAL PHARMACEUTICALS,108882,317.42
JAICORPLTD,JAI CORP LIMITED,638954,1743.21
JAIPURKURT,NANDANI CREATION LIMITED,6000,3.91
JAMNAAUTO,JAMNA AUTO IND LTD,6641124,7683.02
JASH,JASH ENGINEERING LIMITED,13647,156.34
JAYAGROGN,JAYANT AGRO ORGANICS LTD,54142,75.10
JAYBARMARU,JAY BHARAT MARUTI LTD,381867,148.15
JAYNECOIND,JAYASWAL NECO INDUSTR LTD,124640,74.67
JAYSREETEA,JAYSHREE TEA & INDUSTRIES,39448,41.02
JBCHEPHARM,J B CHEMICALS AND PHARMA,38738,572.70
JBMA,JBM AUTO LIMITED,253440,1656.91
JCHAC,JOHNSON CONTROLS HITACHI,115274,1153.82
JETFREIGHT,JET FREIGHT LOGISTICS LTD,3330,0.49
JHS,JHS SVEND. LAB. LTD,6000,1.82
JINDALPHOT,JINDAL PHOTO LIMITED,8963,31.76
JINDALPOLY,JINDAL POLY FILMS LIMITED,98104,556.22
JINDALSAW,JINDAL SAW LIMITED,763856,1799.11
JINDALSTEL,JINDAL STEEL & POWER LTD,938845,7122.24
JINDRILL,JINDAL DRILLING IND. LTD,60278,254.55
JINDWORLD,JINDAL WORLDWIDE LTD,334565,1151.97
JIOFIN,JIO FIN SERVICES LTD,30997174,93943.47
JISLJALEQS,JAIN IRRIGATION SYSTEMS,10382486,6040.15
JKCEMENT,JK CEMENT LIMITED,28172,980.04
JKIL,JKUMAR INFR.LTD.,489546,2785.51
JKLAKSHMI,JK LAKSHMI CEMENT LTD,627176,5092.32
JKPAPER,JK PAPER LIMITED,1771466,5490.24
JKTYRE,JK TYRE & INDUSTRIES LTD,393755,1236.80
JLHL,JUPITER LIFE LINE HOSP L,6413,50.17
JMFINANCIL,JM FINANCIAL LIMITED,5205882,3956.11
JOCIL,JOCIL LIMITED,906,1.61
JPASSOCIAT,JAIPRAKASH ASSOCIATES LTD,14789544,2385.79
JPOLYINVST,JIND POL INV & FIN CO LTD,29181,172.62
JPPOWER,JAIPRAKASH POWER VEN. LTD,4130000,502.89
JSFB,JANA SMALL FIN BANK LTD,83402,363.04
JSL,JINDAL STAINLESS LIMITED,249749,1389.22
JSWENERGY,JSW ENERGY LIMITED,7103190,34103.09
JSWHL,JSW HOLDINGS LIMITED,13260,868.36
JSWINFRA,JSW INFRASTRUCTURE LTD,5047825,10537.96
JSWSTEEL,JSW STEEL LIMITED,1318769,10257.43
JTEKTINDIA,JTEKT INDIA LIMITED,546508,838.33
JTLIND,JTL INDUSTRIES LIMITED,1621510,3466.94
JUBLFOOD,JUBILANT FOODWORKS LTD,2327181,10217.84
JUBLINDS,JUBILANT INDUSTRIES LTD,2680,3.79
JUBLINGREA,JUBILANT INGREVIA LIMITED,507185,2355.41
JUBLPHARMA,JUBILANT PHARMOVA LTD,756197,4171.25
JUNIORBEES,NIP IND ETF JUNIOR BEES,94791,586.40
JUNIPER,JUNIPER HOTELS LIMITED,831,4.31
JUSTDIAL,JUSTDIAL LTD.,545555,4372.85
JWL,JUPITER WAGONS LIMITED,85893,306.36
JYOTHYLAB,JYOTHY LABS LIMITED,453619,1913.14
JYOTICNC,JYOTI CNC AUTOMATION LTD,67442,297.83
KABRAEXTRU,KABRA EXTRUSION TECHNIK L,130090,389.83
KAJARIACER,KAJARIA CERAMICS LTD,144294,1446.52
KAKATCEM,KAKATIYA CEM SUGAR &IND L,220,0.51
KALAMANDIR,SAI SILKS (KALAMANDIR) L,733718,1232.49
KALYANKJIL,KALYAN JEWELLERS IND LTD,464624,1052.76
KAMATHOTEL,KAMAT HOTELS (I) LTD,1494,4.81
KAMDHENU,KAMDHENU LIMITED,69810,165.56
KAMOPAINTS,KAMDHENU VENTURES LIMITED,40539,59.54
KANORICHEM,KANORIA CHEMICALS & INDUS,40929,39.36
KANPRPLA,KANPUR PLASTIPACK LIMITED,1982,2.29
KANSAINER,KANSAI NEROLAC PAINTS LTD,518341,1396.60
KARURVYSYA,KARUR VYSYA BANK LTD,2862126,4157.87
KAYA,KAYA LIMITED,26574,91.21
KAYNES,KAYNES TECHNOLOGY IND LTD,68990,1213.30
KBCGLOBAL,KBC GLOBAL LIMITED,20000,2.15
KCP,KCP LTD,1053641,1697.30
KCPSUGIND,KCP SUGAR IND CORP LTD.,2400,0.70
KDDL,KDDL LIMITED,10491,239.90
KEC,KEC INTL. LIMITED,613240,4103.44
KECL,KIRLOSKAR ELECTRIC CO LTD,175981,214.92
KEI,KEI INDUSTRIES LTD.,65514,1590.19
KELLTONTEC,KELLTON TECH SOL LTD,613839,642.63
KENNAMET,KENNAMETAL INDIA LIMITED,800,23.20
KESORAMIND,KESORAM INDUSTRIES LTD,178896,228.57
KFINTECH,KFIN TECHNOLOGIES LIMITED,274467,1460.51
KHADIM,KHADIM INDIA LIMITED,10296,30.48
KHAICHEM,KHAITAN CHEM & FERT LTD,454586,257.20
KICL,KALYANI INVEST CO LTD,4460,126.87
KIMS,KRISHNA INST OF MED SCI L,24234,448.93
KINGFA,KINGFA SCI & TEC IND LTD.,33870,673.07
KIOCL,KIOCL LIMITED,291450,1015.47
KIRIINDUS,KIRI INDUSTRIES LIMITED,944587,2941.20
KIRLFER,KIRLOSKAR FERROUS IND LTD,11150,52.32
KIRLOSBROS,KIRLOSKAR BROTHERS LTD,34214,241.36
KIRLOSENG,KIRLOSKAR OIL ENG LTD,115714,664.29
KIRLOSIND,KIRLOSKAR INDUSTRIES LTD,8523,281.41
KIRLPNU,KIRLOSKAR PNEUMATIC COM L,29988,171.13
KITEX,KITEX GARMENTS LTD,605901,1087.97
KKCL,KEWAL KIRAN CLOTHING LTD,79662,530.14
KMSUGAR,K M SUGAR MILLS LTD,82951,27.61
KNRCON,KNR CONSTRU LTD.,2113280,5116.74
KOHINOOR,KOHINOOR FOODS LIMITED,14435,6.58
KOKUYOCMLN,KOKUYO CAMLIN LIMITED,57317,60.09
KOLTEPATIL,KOLTE PATIL DEV. LTD.,503371,2027.13
KOPRAN,KOPRAN LTD,850550,1939.01
KOTAKBANK,KOTAK MAHINDRA BANK LTD,1292014,20589.90
KOTAKGOLD,KOTAK GOLD ETF,32251,11.62
KOTAKSILVE,KOTAKMAMC - KOTAKSILVE,3601,1.87
KOTARISUG,KOTHARI SUG & CHEM LTD.,10817,6.90
KOTHARIPET,KOTHARI PETROCHEM LTD,16808,5.47
KOTHARIPRO,KOTHARI PRODUCTS LTD,3550,5.21
KOVAI,KOVAI MEDICAL CENTER & HO,93,2.08
KPIGREEN,KPI GREEN ENERGY LIMITED,85213,980.04
KPIL,KALPATARU PROJECT INT LTD,132803,1013.46
KPITTECH,KPIT TECHNOLOGIES LIMITED,907031,11784.63
KPRMILL,KPR MILL LTD.,247139,1738.36
KRBL,KRBL LIMITED,880315,2482.06
KREBSBIO,KREBS BIOCHEMICALS & IND,9624,14.53
KRISHANA,KRISHANA PHOSCHEM LIMITED,84009,191.43
KRITI,KRITI INDUSTRIES IND LTD,28129,23.36
KRITINUT,KRITI NUTRIENTS LIMITED,200,0.20
KRSNAA,KRSNAA DIAGNOSTICS LTD,354304,1950.90
KSB,KSB LIMITED,22514,658.20
KSCL,KAVERI SEED CO. LTD.,97839,557.37
KSL,KALYANI STEELS LIMITED,75314,443.99
KSOLVES,KSOLVES INDIA LIMITED,2784,16.10
KTKBANK,KARNATAKA BANK LIMITED,6607448,12377.35
KUANTUM,KUANTUM PAPERS LIMITED,487185,505.39
L&TFH,L&T FINANCE HOLDINGS LTD,7127677,10673.99
LALPATHLAB,DR. LAL PATH LABS LTD.,150794,3302.17
LAMBODHARA,LAMBODHARA TEXTILES LTD.,7718,13.43
LANDMARK,LANDMARK CARS LIMITED,131446,886.10
LAOPALA,LA OPALA RG LIMITED,360278,1200.37
LASA,LASA SUPERGENERICS LTD,1062,0.52
LATENTVIEW,LATENT VIEW ANALYTICS LTD,1549903,6961.80
LAURUSLABS,LAURUS LABS LIMITED,1802476,7206.44
LAXMICOT,LAXMI COTSPIN LIMITED,152,0.04
LAXMIMACH,LAKSHMI MACHINES LTD,10444,1552.43
LEMONTREE,LEMON TREE HOTELS LTD,6370244,7216.62
LFIC,LAKSHMI FIN IND CORP LTD,100,0.24
LGBBROSLTD,LG BALAKRISHNAN & BROS,40250,384.12
LIBAS,LIBAS CONSU PRODUCTS LTD,10450,1.99
LIBERTSHOE,LIBERTY SHOES LTD,110,0.29
LICHSGFIN,LIC HOUSING FINANCE LTD,1820869,8930.30
LICI,LIFE INSURA CORP OF INDIA,6693897,59006.44
LICNETFGSC,LICNAMC - LICNMFET,54,0.01
LICNETFN50,LICNAMC - LICNFENGP,1,0.00
LIKHITHA,LIKHITHA INFRASTRUC LTD,300902,676.14
LINC,LINC LIMITED,22017,81.22
LINCOLN,LINCOLN PHARMA LTD,132156,669.94
LINDEINDIA,LINDE INDIA LIMITED,75079,4208.61
LIQUID,MIRAEAMC - LIQUID,0,0.00
LIQUIDBEES,NIP IND ETF LIQUID BEES,16061,150.14
LIQUIDCASE,ZERODHAAMC - LIQUIDCASE,0,0.00
LIQUIDETF,DSP LIQUID ETF,0,0.00
LIQUIDIETF,ICICIPRAMC - ICICILIQ,3512,35.12
LLOYDSENGG,LLOYDS ENGG WORK LIMITED,900325,431.81
LLOYDSME,LLOYDS METALS N ENERGY L,454918,2619.67
LODHA,MACROTECH DEVELOPERS LTD,92470,753.27
LOKESHMACH,LOKESH MACHINES LTD,61432,93.63
LORDSCHLO,LORDS CHLORO ALKALI LTD,50,0.07
LOVABLE,LOVABLE LINGERIE LTD,1352,2.07
LOWVOLIETF,ICICI PR NIF LW VL 30 ETF,59391,7.83
LT,LARSEN & TOUBRO LTD.,745799,23681.38
LTFOODS,LT FOODS LIMITED,3708858,5148.44
LTGILTBEES,NIP IND ETF LONGTERM GILT,10153,1.97
LTIM,LTIMINDTREE LIMITED,738525,34694.92
LTTS,L&T TECHNOLOGY SER. LTD.,114626,5318.63
LUMAXIND,LUMAX INDUSTRIES LTD,6442,102.99
LUMAXTECH,LUMAX AUTO TECH LTD,304155,1182.18
LUPIN,LUPIN LIMITED,320073,4543.40
LUXIND,LUX INDUSTRIES LIMITED,210198,2429.73
LXCHEM,LAXMI ORGANIC INDUS LTD,2407995,5922.60
LYKALABS,LYKA LABS LTD,23585,31.88
M&M,MAHINDRA & MAHINDRA LTD,234412,3775.24
M&MFIN,M&M FIN. SERVICES LTD,2252540,6145.62
MADRASFERT,MADRAS FERTILISERS LTD,776692,620.11
MAFANG,MIRAEAMC - MAFANG,304887,183.30
MAGADSUGAR,MAGADH SUGAR & ENERGY LTD,43029,136.35
MAHABANK,BANK OF MAHARASHTRA,43621459,22519.72
MAHASTEEL,MAHAMAYA STEEL INDS LTD,19189,23.17
MAHEPC,MAHINDRA EPC IRRIG LTD,51669,45.10
MAHESHWARI,MAHESHWARI LOGISTICS LTD.,11780,8.02
MAHKTECH,MIRAEAMC - MAHKTECH,2348579,262.02
MAHLIFE,MAHINDRA LIFESPACE DEVLTD,489163,2728.31
MAHLOG,MAHINDRA LOGISTIC LIMITED,464118,1585.22
MAHSCOOTER,MAHARASHTRA SCOOTERS LTD,11415,743.26
MAHSEAMLES,MAHARASHTRA SEAMLESS LTD,204827,1370.24
MAITHANALL,MAITHAN ALLOYS LTD,186131,1752.93
MAKEINDIA,MIRAEAMC - MAMFGETF,2075,2.60
MALLCOM,MALLCOM (INDIA) LIMITED,7370,39.29
MALUPAPER,MALU PAPER MILLS LIMITED,1658,1.01
MANAKALUCO,MANAK ALUMINIUM CO. LTD.,1500,0.47
MANAKSIA,MANAKSIA LTD.,185049,248.26
MANAKSTEEL,MANAKSIA STEELS LTD,89007,40.90
MANALIPETC,MANALI PETROCHEMICALS LT,1478496,936.33
MANAPPURAM,MANAPPURAM FINANCE LTD,6021733,8946.09
MANGALAM,MANGALAM DRUG & CHEM LTD,2221,2.56
MANGCHEFER,MANG.CHEM.FERT.LTD,316943,365.80
MANGLMCEM,MANGALAM CEMENT LTD,718933,2978.01
MANINDS,MAN INDUSTRIES (I) LTD.,27392,73.13
MANINFRA,MAN INFRA LTD,809120,1440.51
MANKIND,MANKIND PHARMA LIMITED,62910,1142.61
MANORAMA,MANORAMA INDUSTRIES LTD,50929,151.54
MANORG,MANGALAM ORGANICS LIMITED,2939,10.46
MANYAVAR,VEDANT FASHIONS LIMITED,310682,2832.87
MAPMYINDIA,C.E. INFO SYSTEMS LIMITED,217416,3475.17
MARALOVER,MARAL OVERSEAS LTD,2055,1.63
MARATHON,MARATHON NXTGEN REALT LTD,145605,619.13
MARICO,MARICO LIMITED,612562,2846.11
MARINE,MARINE ELECTRICAL (I) LTD,27491,7.16
MARKSANS,MARKSANS PHARMA LIMITED,1711441,1803.79
MARSHALL,MARSHALL MACHINES LTD,9452,4.43
MARUTI,MARUTI SUZUKI INDIA LTD.,71650,7531.94
MASFIN,MAS FINANCIAL SERV LTD,377906,1301.68
MASPTOP50,MIRAEAMC - MASPTOP50,121375,37.88
MASTEK,MASTEK LTD,95539,2112.00
MATRIMONY,MATRIMONY.COM LIMITED,41820,192.45
MAWANASUG,MAWANA SUGARS LIMITED,55102,58.96
MAXESTATES,MAX ESTATES LIMITED,55350,142.19
MAXHEALTH,MAX HEALTHCARE INS LTD,328071,2376.81
MAXIND,MAX INDIA LIMITED,72,0.08
MAYURUNIQ,MAYUR UNIQUOTERS LTD,143912,607.30
MAZDA,MAZDA LIMITED,8963,91.45
MAZDOCK,MAZAGON DOCK SHIPBUIL LTD,1554128,29438.38
MBAPL,MADHYA BHARAT AGRO P. LTD,32232,42.70
MCDOWELL-N,UNITED SPIRITS LIMITED,404463,3738.96
MCLEODRUSS,MCLEOD RUSSEL INDIA LTD.,32422,11.11
MCX,MULTI COMMODITY EXCHANGE,253385,7970.83
MEDANTA,GLOBAL HEALTH LIMITED,72631,673.82
MEDIASSIST,MEDI ASSIST HEALTH SER L,18435,88.87
MEDICAMEQ,MEDICAMEN BIOTECH LIMITED,13774,110.66
MEDICO,MEDICO REMEDIES LIMITED,4275,3.87
MEDPLUS,MEDPLUS HEALTH SERV LTD,106365,722.74
MEGASOFT,MEGASOFT LTD,2000,1.80
MENONBE,MENON BEARINGS LIMITED,66742,51.37
MEP,MEP INFRA. DEVELOPERS LTD,106227,14.27
METROBRAND,METRO BRANDS LIMITED,169157,1438.41
METROPOLIS,METROPOLIS HEALTHCARE LTD,132624,2115.45
MFSL,MAX FINANCIAL SERV LTD,87764,747.94
MGL,MAHANAGAR GAS LTD.,198405,2164.61
MHRIL,MAHINDRA HOLIDAYS LTD,260804,857.79
MICEL,MIC ELECTRONICS LTD,12977,5.82
MID150BEES,NIP IND ETF MIDCAP 150,656490,1176.50
MIDCAP,KOTAKMAMC - KOTAKMID50,8329,9.06
MIDCAPETF,MIRAEAMC - MAM150ETF,783985,122.63
MIDCAPIETF,ICICIPRAMC - ICICIM150,88851,129.38
MIDHANI,MISHRA DHATU NIGAM LTD,2109952,7942.52
MIDQ50ADD,DSPAMC - DSPQ50ETF,3929,8.22
MIDSELIETF,ICICI PRUD MIDCAP SEL ETF,15108,17.78
MINDACORP,MINDA CORPORATION LTD,388159,1356.82
MINDTECK,MINDTECK (INDIA) LIMITED,11671,19.68
MIRCELECTR,MIRC ELECTRONICS LTD,80500,21.96
MIRZAINT,MIRZA INTERNATIONAL LIMIT,62268,37.41
MITCON,MITCON CON & ENG SER LTD,833,0.93
MKPL,M K PROTEINS LIMITED,1005,0.39
MMFL,MM FORGINGS LTD,164368,1428.21
MMTC,MMTC LIMITED,5419056,2972.81
MNC,KOTAKMAMC - KOTAKMNC,1132,0.30
MODISONLTD,MODISON LIMITED,9341,11.38
MOHEALTH,MOTILALAMC - MOHEALTH,1341,0.48
MOIL,MOIL LIMITED,2500652,6861.90
MOL,MEGHMANI ORGANICS LIMITED,3020367,2433.66
MOLDTECH,MOLD-TEK TECHNOLOGIES LTD,101480,144.82
MOLDTKPAC,MOLD-TEK PACKAGING LTD,96873,702.28
MOLOWVOL,MOTILALAMC - MOLOWVOL,331,0.12
MOM100,MOTILAL OS MIDCAP100 ETF,247658,112.59
MOM30IETF,ICICIPRAMC - ICICIMOM30,234784,60.98
MOM50,MOTILAL OSWAL M50 ETF,115,0.26
MOMENTUM,BIRLASLAMC - MOMENTUM,100,0.03
MOMOMENTUM,MOTILALAMC - MOMOMENTUM,50833,28.24
MON100,MOTILAL OS NASDAQ100 ETF,158568,188.23
MONARCH,MONARCH NETWORTH CAP LTD,64171,186.30
MONIFTY500,MOTILALAMC - MONIFTY500,29183,4.68
MONQ50,MOTILALAMC - MONQ50,12506,6.93
MONTECARLO,MONTE CARLO FASHIONS LTD.,75392,360.66
MORARJEE,MORARJEE TEXTILES LIMITED,2000,0.61
MOREPENLAB,MOREPEN LAB. LTD,5750894,2333.18
MOTHERSON,SAMVRDHNA MTHRSN INTL LTD,9423575,9623.15
MOTILALOFS,MOTILAL OSWAL FIN LTD,174843,2718.57
MOVALUE,MOTILALAMC - MOVALUE,84958,48.77
MPHASIS,MPHASIS LIMITED,256983,5931.25
MPSLTD,MPS LIMITED,61048,893.28
MRF,MRF LTD,3815,4699.49
MRO-TEK,MRO-TEK REALTY LIMITED,6634,5.29
MRPL,MRPL,4254985,8069.05
MSPL,MSP STEEL & POWER LTD.,29454,2.73
MSTCLTD,MSTC LIMITED,1003017,8415.39
MSUMI,MOTHERSON SUMI WRNG IND L,13050493,8235.50
MTARTECH,MTAR TECHNOLOGIES LIMITED,735083,13549.72
MTNL,MAHANAGAR TELEPHONE NIGAM,6659832,2263.59
MUFTI,CREDO BRANDS MARKETING L,273894,414.88
MUKANDLTD,MUKAND LTD.,374197,519.79
MUKKA,MUKKA PROTEINS LIMITED,53128,15.99
MUKTAARTS,MUKTA ARTS LIMITED,1000,0.44
MUNJALAU,MUNJAL AUTO IND. LTD.,145044,111.95
MUNJALSHOW,MUNJAL SHOWA LTD,186590,279.03
MURUDCERA,MURUDESHWAR CERAMICS LTD,1061,0.33
MUTHOOTCAP,MUTHOOT CAP SERV LTD,59316,168.47
MUTHOOTFIN,MUTHOOT FINANCE LIMITED,65512,844.92
MUTHOOTMF,MUTHOOT MICROFIN LIMITED,121513,200.91
MVGJL,MANOJ VAIBHAV GEM N JEW L,189791,309.99
NACLIND,NACL INDUSTRIES LIMITED,284292,158.78
NAGAFERT,NAGARJUN FERT AND CHE LTD,123200,14.82
NAHARCAP,NAHAR CAP & FIN.,6860,22.64
NAHARINDUS,NAHAR INDS ENT LTD,18900,21.17
NAHARPOLY,NAHAR POLY FILMS LIMITED,28315,58.69
NAHARSPING,NAHAR SPINNING MILLS LTD.,101583,248.04
NAM-INDIA,NIPPON L I A M LTD,285009,1135.46
NATCOPHARM,NATCO PHARMA LTD.,1225053,9529.06
NATHBIOGEN,NATH BIO-GENES (I) LTD,13889,31.32
NATIONALUM,NATIONAL ALUMINIUM CO LTD,22254469,33289.16
NAUKRI,INFO EDGE (I) LTD,54292,2818.51
NAVA,NAVA LIMITED,1245954,5385.03
NAVINFLUOR,NAVIN FLUORINE INT. LTD,423900,13392.33
NAVKARCORP,NAVKAR CORPORATION LTD.,2375600,1937.80
NAVNETEDUL,NAVNEET EDUCATION LTD,264684,358.87
NAZARA,NAZARA TECHNOLOGIES LTD,555986,3567.01
NBCC,NBCC (INDIA) LIMITED,22303170,23679.08
NCC,NCC LIMITED,8124769,15144.60
NCLIND,NCL INDUSTRIES LIMITED,315491,522.20
NDL,NANDAN DENIM LIMITED,37130,8.73
NDRAUTO,NDR AUTO COMPONENTS LTD,145,0.90
NDTV,NDTV LTD,285908,745.24
NECCLTD,NORTH EAST CARRY CORP LTD,4158,1.25
NECLIFE,NECTAR LIFESCIENCES LTD.,196929,71.97
NELCAST,NELCAST LIMITED,226215,275.24
NELCO,NELCO LTD,251197,1791.61
NEOGEN,NEOGEN CHEMICALS LIMITED,53641,673.82
NESCO,NESCO LTD.,172231,1213.84
NESTLEIND,NESTLE INDIA LIMITED,611208,13561.12
NETF,TATAAML - NETF,747,1.79
NETWEB,NETWEB TECH INDIA LTD,14174,113.83
NETWORK18,NETWORK18 MEDIA & INV LTD,331642,374.99
NEULANDLAB,NEULAND LAB LTD.,27488,1157.64
NEWGEN,NEWGEN SOFTWARE TECH LTD,1177,5.65
NEXT50,MIRAEAMC - MANXT50,132,0.80
NEXT50IETF,ICICIPRAMC - ICICINXT50,316853,182.67
NFL,NATIONAL FERT. LTD,10258345,8988.15
NGIL,NAKODA GROUP OF IND. LTD,20460,11.94
NGLFINE,NGL FINE CHEM LIMITED,6708,101.23
NH,NARAYANA HRUDAYALAYA LTD.,261521,2865.34
NHPC,NHPC LTD,84615104,70382.52
NIACL,THE NEW INDIA ASSU CO LTD,2805396,6262.98
NIF100BEES,NIP IND ETF NIFTY 100,706,1.33
NIF100IETF,ICICI PRUD NIFTY 100 ETF,1033,2.57
NIFMID150,UTIAMC - NIFMID150,1,0.00
NIFTY1,KOTAK NIFTY ETF,6054,11.98
NIFTY50ADD,DSPAMC - DSPN50ETF,5035,11.56
NIFTYBEES,NIP IND ETF NIFTY BEES,716983,1625.69
NIFTYETF,MIRAEAMC - MAN50ETF,1987,4.33
NIFTYIETF,ICICI PRUD NIFTY ETF,60460,113.25
NIFTYQLITY,BIRLASLAMC - NIFTYQLITY,1055,0.20
NIITLTD,NIIT LIMITED,1793593,1906.14
NIITMTS,NIIT LEARNING SYSTEMS LTD,152594,512.48
NILAINFRA,NILA INFRASTRUCTURES LTD,3001,0.41
NILKAMAL,NILKAMAL LIMITED,77485,1577.25
NIPPOBATRY,INDO-NATIONAL LIMITED,25,0.11
NITINSPIN,NITIN SPINNERS LIMITED,116138,363.67
NLCINDIA,NLC INDIA LIMITED,10710350,21587.41
NMDC,NMDC LTD.,15655979,30840.86
NOCIL,NOCIL LIMITED,2242631,5471.12
NOVARTIND,NOVARTIS INDIA LIMITED,3322,26.06
NPBET,TATAAML - NPBET,602,1.50
NRAIL,N R AGARWAL INDS LTD,400,1.40
NRBBEARING,NRB BEARING LIMITED,318848,809.96
NRL,NUPUR RECYCLERS LIMITED,3094,2.84
NSIL,NALWA SONS INVESTMENT LTD,3959,93.22
NSLNISP,NMDC STEEL LIMITED,25112348,14057.25
NTPC,NTPC LTD,5798539,17813.98
NUCLEUS,NUCLEUS SOFTWARE EXPORTS,14978,108.53
NURECA,NURECA LIMITED,30417,124.36
NUVAMA,NUVAMA WEALTH MANAGE LTD,96426,3132.96
NUVOCO,NUVOCO VISTAS CORP LTD,873631,2564.64
NV20,KOTAKMAMC - KTKNV20ETF,7107,8.92
NV20BEES,NIP IND ETF ETF NV20,1171,1.63
NV20IETF,ICICI PRUDENTIAL NV20 ETF,173847,18.29
NYKAA,FSN E COMMERCE VENTURES,6979850,10136.97
OAL,ORIENTAL AROMATICS LTD,30089,65.92
OBCL,ORISSA BENGAL CARRIER LTD,11100,7.58
OBEROIRLTY,OBEROI REALTY LIMITED,148350,1956.45
OCCL,ORIENTAL CARBN & CHEM LTD,25538,138.88
OFSS,ORACLE FIN SERV SOFT LTD.,115373,8280.15
OIL,OIL INDIA LTD,2467863,11820.94
OLECTRA,OLECTRA GREENTECH LIMITED,1373224,20994.74
OMAXE,OMAXE LIMITED,412692,285.90
OMINFRAL,OM INFRA LIMITED,2099,2.64
ONGC,OIL AND NATURAL GAS CORP.,12010877,27010.56
ONMOBILE,ONMOBILE GLOBAL LTD.,2495585,1644.75
ONWARDTEC,ONWARD TECHNOLOGIES LTD,186136,808.18
OPTIEMUS,OPTIEMUS INFRACOM LTD,542773,1192.50
ORBTEXP,ORBIT EXPORTS LIMITED,3425,2.68
ORCHPHARMA,ORCHID PHARMA LIMITED,64845,399.96
ORICONENT,ORICON ENTERPRISES LTD,102966,27.79
ORIENTBELL,ORIENT BELL LIMITED,52140,111.49
ORIENTCEM,ORIENT CEMENT LTD.,1864372,3582.41
ORIENTCER,ORIENT CERATECH LIMITED,23395,9.14
ORIENTELEC,ORIENT ELECTRIC LIMITED,565442,1085.32
ORIENTHOT,ORIENT HOTELS LTD,1500528,1587.37
ORIENTPPR,ORIENT PAPER AND INDS LTD,3950827,1621.33
ORISSAMINE,ORISSA MIN DEV CO LTD,15662,877.54
OSWALAGRO,OSWAL AGRO MILLS LTD,11962,5.36
OSWALGREEN,OSWAL GREENTECH LIMITED,95985,30.98
OSWALSEEDS,SHREEOSWAL S AND CHE LTD,3707,1.34
PAGEIND,PAGE INDUSTRIES LTD,16113,5043.87
PAISALO,PAISALO DIGITAL LIMITED,2081810,1191.54
PAKKA,PAKKA LIMITED,23469,70.33
PALREDTEC,PALRED TECHNOLOGIES LTD,1100,1.46
PANACEABIO,PANACEA BIOTEC LTD,343253,506.84
PANAMAPET,PANAMA PETROCHEM LTD,452910,1421.51
PAR,PAR DRUGS AND CHEM LTD,215,0.50
PARACABLES,PARAMOUNT COMM LTD,230,0.17
PARADEEP,PARADEEP PHOSPHATES LTD,7861399,5265.54
PARAGMILK,PARAG MILK FOODS LTD.,2653337,3754.01
PARAS,PARAS DEF AND SPCE TECH L,574353,4163.02
PARKHOTELS,PARKHOTELS,97781,200.51
PASUPTAC,PASUPATI ACRYLON LIMITED,38297,15.97
PATANJALI,PATANJALI FOODS LIMITED,1384847,18851.52
PATELENG,PATEL ENGINEERING LTD.,997340,654.20
PATINTLOG,PATEL INT. LOG. LTD,19132,3.99
PAYTM,ONE 97 COMMUNICATIONS LTD,750727,3400.24
PCBL,PCBL LIMITED,6980518,16512.72
PCJEWELLER,PC JEWELLER LTD,2272177,1368.31
PDMJEPAPER,PUDUMJEE PAPER PRO. LTD,100306,61.68
PDSL,PDS LIMITED,40630,131.27
PEARLPOLY,PEARL POLYMERS LTD,6502,2.41
PEL,PIRAMAL ENTERPRISES LTD,2229051,18363.03
PENIND,PENNAR INDUSTRIES LTD,1013650,1002.40
PERSISTENT,PERSISTENT SYSTEMS LTD,129052,4968.48
PETRONET,PETRONET LNG LIMITED,6988863,17968.47
PFC,POWER FIN CORP LTD.,10528138,35858.88
PFIZER,PFIZER LTD,15952,613.27
PFOCUS,PRIME FOCUS LIMITED,135293,105.51
PFS,PTC INDIA FIN SERV LTD,85773,41.61
PGEL,PG ELECTROPLAST LTD,228615,3027.48
PGHH,P&G HYGIENE & HEALTH CARE,2946,347.47
PGHL,PROCTER & GAMBLE HEALTH L,8242,352.29
PGIL,PEARL GLOBAL IND LIMITED,100,0.65
PHARMABEES,NIPPONAMC - NETFPHARMA,1764573,269.68
PHOENIXLTD,THE PHOENIX MILLS LTD,37276,917.34
PIDILITIND,PIDILITE INDUSTRIES LTD,77472,1974.93
PIIND,PI INDUSTRIES LTD,90183,3074.80
PILANIINVS,PILANI INV & IND COR LTD,6343,191.34
PIONEEREMB,PIONEER EMBROIDERIES LTD,200,0.11
PITTIENG,PITTI ENGINEERING LIMITED,110486,680.01
PIXTRANS,PIX TRANSMISSIONS LIMITED,22137,242.60
PLASTIBLEN,PLASTIBLENDS INDIA LTD,43150,96.25
PNB,PUNJAB NATIONAL BANK,46366258,46136.27
PNBGILTS,PNB GILTS LIMITED,1809742,1715.11
PNBHOUSING,PNB HOUSING FIN LTD.,849681,5440.35
PNC,PRITISH NANDY COMMUNICATI,1276,0.84
PNCINFRA,PNC INFRATECH LTD.,596966,2103.32
POCL,PONDY OXIDES & CHEM LTD,25329,101.97
PODDARMENT,PODDAR PIGMENTS LIMITED,314,0.90
POKARNA,POKARNA LIMITED,86547,393.82
POLICYBZR,PB FINTECH LIMITED,332639,3395.30
POLYCAB,POLYCAB INDIA LIMITED,304955,12530.64
POLYMED,POLY MEDICURE LIMITED,43497,569.65
POLYPLEX,POLYPLEX CORPORATION LTD,493682,4509.67
PONNIERODE,PONNIE SUGARS (ERODE) LTD,8203,35.62
POONAWALLA,POONAWALLA FINCORP LTD,11109883,46256.93
POWERGRID,POWER GRID CORP. LTD.,8857701,20803.14
POWERINDIA,HITACHI ENERGY INDIA LTD,23178,1281.39
POWERMECH,POWER MECH PROJECTS LTD.,73285,2911.54
PPAP,PPAP AUTOMOTIVE LIMITED,5901,11.99
PPL,PRAKASH PIPES LIMITED,68449,118.48
PPLPHARMA,PIRAMAL PHARMA LIMITED,6216902,7299.55
PRAJIND,PRAJ INDUSTRIES LTD,1388671,6163.08
PRAKASH,PRAKASH INDUSTRIES LTD,266626,369.74
PRECAM,PRECISION CAMSHAFTS LTD.,277263,518.67
PRECWIRE,PRECISION WIRES INDIA LTD,1902357,2267.80
PREMEXPLN,PREMIER EXPLOSIVES LTD,20292,239.86
PRESTIGE,PRESTIGE ESTATE LTD,179373,1320.39
PRICOLLTD,PRICOL LIMITED,414979,1312.06
PRIMESECU,PRIME SECURITIES LIMITED,773231,1222.59
PRINCEPIPE,PRINCE PIPES FITTINGS LTD,234483,1383.82
PRITIKAUTO,PRITIKA AUTO INDUS LTD,100,0.02
PRIVISCL,PRIVI SPECIALITY CHE LTD,211052,2188.67
PROZONER,PROZONE REALTY LIMITED,1269516,309.20
PRSMJOHNSN,PRISM JOHNSON LIMITED,474474,746.43
PRUDENT,PRUDENT CORP ADV SER LTD,19327,203.86
PSB,PUNJAB & SIND BANK,4602672,2376.00
PSPPROJECT,PSP PROJECTS LIMITED,199542,1209.25
PSUBANK,KOTAK PSU BANK,23871,117.83
PSUBANKADD,DSPAMC - DSPPSBKETF,554,0.40
PSUBNKBEES,NIP IND ETF PSU BANK BEES,2695721,1706.10
PSUBNKIETF,ICICIPRAMC - PSUBANKICI,66554,34.32
PTC,PTC INDIA LIMITED,2856564,4897.18
PTCIL,PTC INDUSTRIES LIMITED,6830,451.15
PTL,PTL ENTERPRISES LTD,104214,26.25
PUNJABCHEM,PUNJAB CHEM & CROP PROT L,10461,81.78
PURVA,PURAVANKARA LIMITED,150570,222.58
PVRINOX,PVR INOX LIMITED,999140,12702.00
PVTBANIETF,ICICIPRAMC - ICICIBANKP,142660,26.69
PVTBANKADD,DSPAMC - DSPPVBKETF,7070,0.85
PYRAMID,PYRAMID TECHNOPLAST LTD,55856,66.68
QGOLDHALF,QUANTUM GOLD FUND,4,0.00
QNIFTY,QUANTUM NIFTY 50 ETF,1,0.02
QUAL30IETF,ICICIPRAMC - ICICIQTY30,9194,11.01
QUESS,QUESS CORP LIMITED,328725,1582.69
QUICKHEAL,QUICK HEAL TECH LTD,183524,594.79
RACE,RACE ECO CHAIN LIMITED,719,2.52
RADHIKAJWE,RADHIKA JEWELTECH LIMITED,91086,60.07
RADIANTCMS,RADIANT CASH MGMT SER LTD,715589,456.44
RADICO,RADICO KHAITAN LTD,181408,2604.43
RADIOCITY,MUSIC BROADCAST LIMITED,219713,33.78
RAILTEL,RAILTEL CORP OF IND LTD,5609410,18599.84
RAIN,RAIN INDUSTRIES LIMITED,8251863,13484.75
RAINBOW,RAINBOW CHILDRENS MED LTD,28247,284.98
RAJESHEXPO,RAJESH EXPORTS LTD,1852153,7225.41
RAJMET,RAJNANDINI METAL LIMITED,15134,1.79
RAJRATAN,RAJRATAN GLOBAL WIRE LTD,112170,530.02
RAJSREESUG,RAJSHREE SUGAR & CHEMICAL,500,0.50
RALLIS,RALLIS INDIA LTD,1628229,4066.74
RAMANEWS,SHREE RAMA NEWSPRINT LTD,56012,9.85
RAMAPHO,RAMA PHOSPHATES LIMITED,2282,4.64
RAMASTEEL,RAMA STEEL TUBES LIMITED,12237572,1734.28
RAMCOCEM,THE RAMCO CEMENTS LIMITED,696730,5198.63
RAMCOIND,RAMCO INDUSTRIES LIMITED,650004,1425.77
RAMCOSYS,RAMCO SYSTEMS LTD.,103054,255.17
RAMKY,RAMKY INFRA LTD,684524,2898.33
RAMRAT,RAM RATNA WIRES LIMITED,63504,154.39
RANASUG,RANA SUGARS LTD.,305100,73.55
RANEENGINE,RANE ENG VALVE LTD,100,0.46
RANEHOLDIN,RANE HOLDINGS LIMITED,19908,203.82
RATEGAIN,RATEGAIN TRAVEL TECHN LTD,1140934,5640.68
RATNAMANI,RATNAMANI MET & TUB LTD.,41127,1044.79
RATNAVEER,RATNAVEER PRECISION ENG L,332505,292.99
RAYMOND,RAYMOND LTD,408216,6737.50
RBA,RESTAURANT BRAND ASIA LTD,10759543,11585.12
RBL,RANE BRAKE LINING LTD,17874,124.14
RBLBANK,RBL BANK LIMITED,5627037,12728.85
RCF,RASHTRIYA CHEMICALS & FER,8846727,11499.27
RECLTD,REC LIMITED,8733668,34160.84
REDINGTON,REDINGTON LIMITED,1896539,3575.30
REDTAPE,REDTAPE LIMITED,73611,404.87
REFEX,REFEX INDUSTRIES LIMITED,14975,17.32
RELAXO,RELAXO FOOT LTD.,110531,863.04
RELCHEMQ,RELIANCE CHEMOTEX IND LTD,500,1.49
RELIANCE,RELIANCE INDUSTRIES LTD,2496867,64013.80
RELIGARE,RELIGARE ENTER. LTD.,4073228,8817.19
RELINFRA,RELIANCE INFRASTRUCTU LTD,1755460,4105.30
RENUKA,SHREE RENUKA SUGARS LTD,21058679,8682.87
REPCOHOME,REPCO HOME FINANCE LTD,556266,1811.07
REPL,RUDRABHISHEK ENTERP LTD,2085,4.51
REPRO,REPRO INDIA LIMITED,12701,72.84
RESPONIND,RESPONSIVE INDUSTRIES LTD,160394,483.38
RGL,RENAISSANCE GLOBAL LTD,123844,116.47
RHIM,RHI MAGNESITA INDIA LTD,401477,2312.34
RICOAUTO,RICO AUTO INDUSTRIES LTD,2223053,2612.16
RIIL,RELIANCE INDUSTRIAL INFRA,634721,7512.35
RISHABH,RISHABH INSTRUMENTS LTD,198267,860.67
RITCO,RITCO LOGISTICS LIMITED,48448,65.90
RITES,RITES LIMITED,1946246,11911.54
RKEC,RKEC PROJECTS LIMITED,3177,3.14
RKFORGE,RAMKRISHNA FORGINGS LTD,591801,3567.06
RML,RANE (MADRAS) LIMITED,18077,128.27
ROHLTD,ROYAL ORCHID HOTELS LTD,161682,512.97
ROLEXRINGS,ROLEX RINGS LIMITED,38821,674.75
ROSSARI,ROSSARI BIOTECH LIMITED,274163,1892.05
ROSSELLIND,ROSSELL INDIA LIMITED,104928,312.55
ROTO,ROTO PUMPS LIMITED,352034,951.84
ROUTE,ROUTE MOBILE LIMITED,180376,2729.70
RPGLIFE,RPG LIFE SCIENCES LTD,20225,253.62
RPOWER,RELIANCE POWER LTD.,4986148,1141.33
RPPINFRA,R.P.P INFRA PROJECTS LTD.,11201,9.28
RPPL,RAJSHREE POLYPACK LTD,1350,1.31
RPSGVENT,RPSG VENTURES LIMITED,239190,1394.83
RPTECH,RASHI PERIPHERALS LIMITED,135170,467.00
RRKABEL,R R KABEL LIMITED,83543,1120.39
RSWM,RSWM LIMITED,130078,223.31
RSYSTEMS,R SYS INTERNATIONAL LTD,293732,1109.06
RTNINDIA,RATTANINDIA ENT LIMITED,10235687,7061.58
RTNPOWER,RATTANINDIA POWER LIMITED,4243049,203.03
RUBYMILLS,THE RUBY MILLS LTD,21365,30.69
RUCHIRA,RUCHIRA PAPERS LIMITED,37199,46.43
RUCHISOYA,RUCHI SOYA INDUSTRIES LTD,200,2.82
RUPA,RUPA & COMPANY LTD,378423,961.26
RUSHIL,RUSHIL DECOR LIMITED,323056,921.79
RUSTOMJEE,KEYSTONE REALTORS LIMITED,17026,72.57
RVNL,RAIL VIKAS NIGAM LIMITED,22132485,48064.81
SADBHAV,SADBHAV ENGINEERING LTD,30568,7.97
SADHNANIQ,SADHANA NITROCHEM LIMITED,490757,283.64
SAFARI,SAFARI IND (INDIA) LTD,33157,561.72
SAGCEM,SAGAR CEMENTS LIMITED,251803,620.43
SAH,SAH POLYMERS LIMITED,2411,2.24
SAHYADRI,SAHYADRI INDUSTRIES LTD,622,2.60
SAIL,STEEL AUTHORITY OF INDIA,40762966,48934.79
SAKAR,SAKAR HEALTHCARE LIMITED,8846,32.93
SAKHTISUG,SAKTHI SUGARS LTD,59848,19.95
SAKSOFT,SAKSOFT LIMITED,23371,30.13
SAKUMA,SAKUMA EXPORTS LIMITED,70022,10.54
SALASAR,SALASAR TECHNO ENGG. LTD.,1300622,350.42
SALZERELEC,SALZER ELECTRONICS LTD,57881,224.76
SAMHI,SAMHI HOTELS LIMITED,1217922,1820.86
SANDESH,SANDESH LTD,3684,29.28
SANDHAR,SANDHAR TECHNOLOGIES LTD,184145,709.69
SANDUMA,SANDUR MANG & IRON ORES L,149497,485.20
SANGAMIND,SANGAM (INDIA) LTD,155041,501.27
SANGHIIND,SANGHI INDUSTRIES LTD,716713,628.14
SANGHVIMOV,SANGHVI MOVERS LTD,139840,1216.21
SANOFI,SANOFI INDIA LIMITED,20358,1500.01
SANSERA,SANSERA ENGINEERING LTD,144798,1195.03
SAPPHIRE,SAPPHIRE FOODS INDIA LTD,48782,639.92
SARDAEN,SARDA ENERGY & MIN LTD,315810,556.60
SAREGAMA,SAREGAMA INDIA LIMITED,473213,1483.50
SARLAPOLY,SARLA PERF. FIBERS LTD,472957,237.56
SARVESHWAR,SARVESHWAR FOODS LIMITED,1109,0.07
SASKEN,SASKEN TECHNOLOGIES LTD,87795,1207.45
SASTASUNDR,SASTASUNDAR VENTURES LTD,29766,100.88
SATIA,SATIA INDUSTRIES LIMITED,913976,1094.93
SATIN,SATIN CREDIT NET LTD,452896,1051.66
SATINDLTD,SAT INDUSTRIES LIMITED,1627672,1675.94
SBC,SBC EXPORTS LIMITED,18078,4.73
SBCL,SHIVALIK BIMETAL CON. LTD,120412,509.33
SBFC,SBFC FINANCE LIMITED,2680586,1891.78
SBGLP,SURATWWALA BUS GROUP LTD,1221,7.43
SBICARD,SBI CARDS & PAY SER LTD,2593388,16933.83
SBIETFCON,SBIAMC - SBIETFCON,7173,7.30
SBIETFIT,SBIAMC - SBIETFIT,4848,12.36
SBIETFPB,SBIAMC - SBIETFPB,3018,7.17
SBIETFQLTY,SBIAMC - SBIETFQLTY,197,0.39
SBILIFE,SBI LIFE INSURANCE CO LTD,186346,2512.49
SBIN,STATE BANK OF INDIA,6604605,41594.82
SCHAEFFLER,SCHAEFFLER INDIA LIMITED,46599,1276.81
SCHAND,S CHAND AND COMPANY LTD,48812,92.10
SCHNEIDER,SCHNEIDER ELECTRIC INFRA,22593,73.82
SCI,SHIPPING CORP OF INDIA LT,6363240,12189.29
SCPL,SHEETAL COOL PRODUCTS LTD,1104,4.60
SDBL,SOM DIST & BREW LTD,838537,1497.09
SDL26BEES,RELCAPAMC-NETFSDL26,5,0.01
SEAMECLTD,SEAMEC LIMITED,76446,620.27
SECURCRED,SECUR CREDENTIALS LIMITED,1315017,274.17
SECURKLOUD,SECUREKLOUD TECH LIMITED,10,0.02
SELAN,SELAN EXPLO. TECH LTD,87317,249.21
SENCO,SENCO GOLD LIMITED,141398,799.76
SENSEXADD,DSPAMC - DSPSENXETF,7,0.01
SENSEXIETF,ICICI PRUD SENSEX ETF,1247,7.54
SEPC,SEPC LIMITED,22000,4.76
SEQUENT,SEQUENT SCIENTIFIC LTD.,2391449,2652.33
SESHAPAPER,SESHASAYEE PAPER & BOARDS,124869,342.03
SETF10GILT,SBIAMC - SETF10GILT,488,0.67
SETFGOLD,SBI-ETF GOLD,80943,29.46
SETFNIF50,SBI-ETF NIFTY 50,30252,63.42
SETFNIFBK,SBI-ETF NIFTY BANK,8292,25.70
SETFNN50,SBI-ETF NIFTY NEXT 50,3927,21.07
SFL,SHEELA FOAM LIMITED,123830,1149.21
SHAILY,SHAILY ENG PLASTICS LTD,90306,374.09
SHAKTIPUMP,SHAKTI PUMPS (I) LTD,1822,21.57
SHALBY,SHALBY LIMITED,518316,1033.76
SHALPAINTS,SHALIM PAINTS LTD,1690030,2703.60
SHANKARA,SHANKARA BLDG PRODUCT LTD,370478,2504.57
SHANTIGEAR,SHANTHI GEARS LTD,82849,405.40
SHARDACROP,SHARDA CROPCHEM LTD.,330296,1259.99
SHARDAMOTR,SHARDA MOTOR INDS LTD,83188,1014.59
SHAREINDIA,SHARE IND. SECURITIES LTD,135403,1913.65
SHARIABEES,NIP IND ETF SHARIAH BEES,82,0.41
SHEMAROO,SHEMAROO ENTER. LTD.,8559,10.41
SHILPAMED,SHILPA MEDICARE LTD,1562162,5718.23
SHIVALIK,SHIVALIK RASAYAN LIMITED,11579,71.01
SHIVAMAUTO,SHIVAM AUTO.LTD,175,0.06
SHIVAMILLS,SHIVA MILLS LIMITED,2545,2.41
SHK,S H KELKAR AND CO. LTD.,775014,1309.67
SHOPERSTOP,SHOPPERS STOP LIMITED,36583,257.89
SHREDIGCEM,SHREE DIGVIJAY CEM CO LTD,842645,790.07
SHREECEM,SHREE CEMENT LIMITED,8206,1800.65
SHREEPUSHK,SHRE PUSH CHEM & FERT LTD,154912,256.83
SHREYAS,SHREYAS SHIPPING & LOGIST,54385,98.75
SHRIPISTON,SHRIRAM PIST. & RING LTD,34562,469.13
SHRIRAMFIN,SHRIRAM FINANCE LIMITED,225472,4722.72
SHRIRAMPPS,SHRIRAM PROPERTIES LTD,6405379,7184.89
SHYAMCENT,SHYAM CENTURY FERROUS LTD,14591,3.39
SHYAMMETL,SHYAM METALICS AND ENGY L,2788489,15291.95
SIEMENS,SIEMENS LTD,60358,2696.14
SIGACHI,SIGACHI INDUSTRIES LTD,2598287,1524.01
SIGIND,SIGNET INDUSTRIES LIMITED,324,0.22
SIGMA,SIGMA SOLVE LIMITED,100,0.37
SIGNATURE,SIGNATUREGLOBAL INDIA LTD,6459,32.78
SILINV,SIL INVESTMENTS LIMITED,4533,25.25
SILVER,BIRLASLAMC - SILVER,36586,19.25
SILVERADD,DSPAMC - DSPSILVETF,110,0.08
SILVERBEES,NIPPONAMC - NETFSILVER,3767690,1944.95
SILVERETF,UTIAMC - SILVERETF,68911,52.37
SILVERIETF,ICICIPRAMC - ICICISILVE,228681,116.20
SILVERTUC,SILVER TOUCH TECHNO LTD,3041,8.86
SILVRETF,MIRAEAMC - MASILVER,347,0.27
SIMBHALS,SIMBHAOLI SUGARS LTD.,5803,1.89
SINDHUTRAD,SINDHU TRADE LINKS LTD,1568899,240.27
SIRCA,SIRCA PAINT INDIA LIMITED,477371,1588.50
SIS,SIS LIMITED,137722,525.97
SIYSIL,SIYARAM SILK MILLS LTD,154661,647.06
SJS,SJS ENTERPRISES LIMITED,246317,1275.41
SJVN,SJVN LTD,38038261,41656.70
SKFINDIA,SKF INDIA LTD,20124,668.26
SKIPPER,SKIPPER LIMITED,1156286,3142.42
SKMEGGPROD,SKM EGG PROD EXPORT(I) LT,6255,19.33
SMALLCAP,MIRAEAMC - SMALLCAP,200,0.09
SMARTLINK,SMARTLINK HOLDINGS LTD,4618,8.41
SMCGLOBAL,SMC GLOBAL SECURITIES LTD,499880,651.14
SMLISUZU,SML ISUZU LIMITED,26189,445.01
SMSLIFE,SMS LIFESCIENCES (I) LTD,58,0.34
SMSPHARMA,SMS PHARMACEUTICALS LTD.,241943,289.48
SNOWMAN,SNOWMAN LOGISTICS LTD.,2120390,1199.09
SOBHA,SOBHA LIMITED,77650,636.68
SOLARA,SOLARA ACTIVE PHA SCI LTD,238404,885.11
SOLARINDS,SOLAR INDUSTRIES (I) LTD,128884,6180.72
SOMANYCERA,SOMANY CERAMICS LIMITED,46382,255.19
SONACOMS,SONA BLW PRECISION FRGS L,1181018,6665.19
SONATSOFTW,SONATA SOFTWARE LTD,289595,1892.35
SOTL,SAVITA OIL TECHNOLO. LTD,192755,788.51
SOUTHBANK,THE SOUTH INDIAN BANK LTD,62655477,16191.98
SOUTHWEST,SOUTH WEST PINNACLE LTD,2250,2.69
SPAL,S. P. APPARELS LIMITED,16004,59.66
SPANDANA,SPANDANA SPHOORTY FIN LTD,300692,1935.27
SPARC,SUN PHARMA ADV.RES.CO.LTD,218366,689.61
SPCENET,SPACENET ENTERS IND LTD,3683872,870.66
SPECIALITY,SPECIALITY REST LTD,178314,343.55
SPENCERS,SPENCER S RETAIL LIMITED,873795,767.58
SPIC,SPIC LTD,2681393,1910.31
SPICEJET,SPICEJET LIMITED,22391,9.85
SPLIL,SPL INDUSTRIES LIMITED,22247,16.67
SPLPETRO,SUPREME PETROCHEM LIMITED,60132,319.85
SPORTKING,SPORTKING INDIA LIMITED,16580,101.52
SREEL,SREELEATHERS LIMITED,25245,60.77
SRF,SRF LTD,365065,8339.15
SRGHFL,SRG HOUSING FINANCE L,2,0.01
SRHHYPOLTD,SREE RAYALSEEMA HHP LTD.,50313,205.72
SSWL,STEEL STRIPS WHEELS LTD.,697187,1500.55
STAR,STRIDES PHARMA SCI LTD,922764,5370.19
STARCEMENT,STAR CEMENT LIMITED,738264,1421.95
STARHEALTH,STAR HEALTH & AL INS CO L,447428,2299.27
STARPAPER,STAR PAPER MILLS LTD,5096,12.17
STCINDIA,THE STATE TRADING CORPN,153296,211.33
STEELCAS,STEELCAST LIMITED,13128,54.22
STEELCITY,STEEL CITY SECURITIES LTD,383,0.33
STEELXIND,STEEL EXCHANGE INDIA LTD,1068767,146.32
STEL,STEL HOLDINGS LIMITED,2870,7.18
STERTOOLS,STERLING TOOLS LIMITED,91551,240.16
STLTECH,STERLITE TECHNOLOGIES LTD,4240145,5036.94
STOVEKRAFT,STOVE KRAFT LIMITED,376354,1573.76
STYLAMIND,STYLAM INDUSTRIES LIMITED,100494,1384.21
STYRENIX,STYRENIX PERFORMANCE LTD,14461,200.61
SUBEX,SUBEX LIMITED,500,0.15
SUBEXLTD,SUBEX LTD,18052602,5591.25
SUBROS,SUBROS LIMITED,169545,855.22
SUDARSCHEM,SUDARSHAN CHEMICAL INDS L,312269,1369.27
SUKHJITS,SUKHJIT STARCH & CHEM LTD,9031,27.65
SULA,SULA VINEYARDS LIMITED,1198072,5756.39
SUMICHEM,SUMITOMO CHEM INDIA LTD,1745193,6679.87
SUMMITSEC,SUMMIT SECURITIES LTD,32539,263.53
SUNDARMFIN,SUNDARAM FINANCE LTD,4589,157.65
SUNDARMHLD,SUNDARAM FINANCE HOLD LTD,194232,274.52
SUNDRMFAST,SUNDRAM FASTENERS LTD,68922,683.41
SUNFLAG,SUNFLAG IRON AND STEEL CO,965486,1732.07
SUNPHARMA,SUN PHARMACEUTICAL IND L,184529,2488.33
SUNTECK,SUNTECK REALTY LIMITED,1058660,4253.63
SUNTV,SUN TV NETWORK LIMITED,389121,2251.82
SUPERHOUSE,SUPERHOUSE LIMITED,2222,5.18
SUPRAJIT,SUPRAJIT ENGINEERING LTD,245226,856.52
SUPREMEIND,SUPREME INDUSTRIES LTD,58879,2136.68
SUPREMEINF,SUPREME INFRA. LTD.,1000,0.55
SUPRIYA,SUPRIYA LIFESCIENCE LTD,341022,993.26
SURAJEST,SURAJ ESTATE DEVELOPERS L,135384,431.01
SURYALAXMI,SURYALAKSHMI COT MIL LTD,5141,3.43
SURYAROSNI,SURYA ROSHNI LTD,526767,2402.47
SURYODAY,SURYODAY SMALL FIN BK LTD,1475831,2187.45
SUTLEJTEX,SUTLEJ TEXT & INDUS LTD,707131,343.01
SUVEN,SUVEN LIFE SCIENCES LTD,81815,72.84
SUVENPHAR,SUVEN PHARMACEUTICALS LTD,194423,1100.29
SUZLON,SUZLON ENERGY LIMITED,1093264,265.82
SVPGLOB,SVP GLOBAL TEXTILES LTD,1508,0.65
SWANENERGY,SWAN ENERGY LIMITED,1996481,9072.66
SWARAJENG,SWARAJ ENGINES LTD,13857,270.39
SWELECTES,SWELECT ENERGY SYS LTD,12600,37.07
SWSOLAR,STRLNG & WIL REN ENE LTD,678457,2099.07
SYMPHONY,SYMPHONY LIMITED,274374,2258.41
SYNCOMF,SYNCOM FORMU (I) LTD,140909,18.12
SYNGENE,SYNGENE INTERNATIONAL LTD,296002,2023.50
SYRMA,SYRMA SGS TECHNOLOGY LTD,1157787,4584.94
TAINWALCHM,TAINWALA CHEMICAL AND PLA,701,0.98
TAJGVK,TAJ GVK HOTELS & RESORTS,343010,986.80
TAKE,TAKE SOLUTIONS LTD,133320,43.35
TALBROAUTO,TALBROS AUTO. COMP. LTD,872,1.64
TANLA,TANLA PLATFORMS LIMITED,1706046,14736.40
TARC,TARC LIMITED,27930,31.19
TARMAT,TARMAT LIMITED,680,0.28
TARSONS,TARSONS PRODUCTS LIMITED,314410,1417.44
TASTYBITE,TASTY BITE EATABLES LTD,6818,850.01
TATACHEM,TATA CHEMICALS LTD,1322273,12666.89
TATACOFFEE,TATA COFFEE LIMITED,510,1.42
TATACOMM,TATA COMMUNICATIONS LTD,346316,5972.24
TATACONSUM,TATA CONSUMER PRODUCT LTD,535681,5345.10
TATAELXSI,TATA ELXSI LIMITED,192130,13614.91
TATAGOLD,TATAAML-TATAGOLD,5070,0.35
TATAINVEST,TATA INVESTMENT CORP LTD,4284,170.11
TATAMETALI,TATA METALIKS LTD,25,1.73
TATAMOTORS,TATA MOTORS LIMITED,9305368,77149.69
TATAMTRDVR,TATA MOTORS DVR  A  ORD,3739993,10701.56
TATAPOWER,TATA POWER CO LTD,14258977,48561.28
TATASTEEL,TATA STEEL LIMITED,22897454,31947.03
TATATECH,TATA TECHNOLOGIES LIMITED,911263,8672.71
TATVA,TATVA CHIN PHARM CHEM LTD,64957,771.78
TBZ,TRIB BHIMJI ZAVERI LTD,130791,133.67
TCI,TRANSPORT CORPN OF INDIA,72561,580.60
TCIEXP,TCI EXPRESS LIMITED,123566,1284.91
TCNSBRANDS,TCNS CLOTHING CO. LIMITED,196159,584.14
TCPLPACK,TCPL PACKAGING LIMITED,4196,60.43
TCS,TATA CONSULTANCY SERV LT,1003332,35235.68
TDPOWERSYS,TD POWER SYSTEMS LTD.,343592,881.35
TEAMLEASE,TEAMLEASE SERVICES LTD.,14506,405.59
TECH,BIRLASLAMC - TECH,22492,8.55
TECHM,TECH MAHINDRA LIMITED,1279108,15317.39
TECHNOE,TECHNO ELEC & ENG CO. LTD,246576,1623.87
TEGA,TEGA INDUSTRIES LIMITED,50340,459.74
TEJASNET,TEJAS NETWORKS LIMITED,1153662,7565.35
TEMBO,TEMBO GLOBAL IND LTD,3005,8.90
TEXINFRA,TEXMACO INFRA & HOLDG LTD,829180,604.61
TEXMOPIPES,TEXMO PIPE & PRODUCTS LTD,19382,16.83
TEXRAIL,TEXMACO RAIL & ENG. LTD.,3217671,3668.40
TFCILTD,TOURISM FINANCE CORP. OF,2000616,2795.31
THANGAMAYL,THANGAMAYIL JEWELLERY LTD,4072,19.56
THEJO,THEJO ENGINEERING LIMITED,1496,25.44
THEMISMED,THEMIS MEDICARE LTD.,81442,126.34
THERMAX,THERMAX LTD,13974,450.64
THOMASCOOK,THOMAS COOK (INDIA) LTD,743722,870.61
THYROCARE,THYROCARE TECH LTD,63872,408.94
TI,TILAKNAGAR INDUSTRIES LTD,991741,1844.84
TIDEWATER,TIDE WATER OIL LTD,127001,1965.46
TIIL,TECHNOCRAFT IND LTD,52193,880.14
TIINDIA,TUBE INVEST OF INDIA LTD,138508,4453.03
TIMETECHNO,TIME TECHNOPLAST LTD.,1440504,1776.19
TIMKEN,TIMKEN INDIA LTD.,43209,1086.17
TINPLATE,THE TINPLATE CO. (I) LTD,47,0.19
TIPSINDLTD,TIPS INDUSTRIES LIMITED,756592,2243.33
TIRUMALCHM,THIRUMALAI CHEMICALS LTD,1039286,2411.11
TITAGARH,TITAGARH RAIL SYSTEMS LTD,1269345,9116.26
TITAN,TITAN COMPANY LIMITED,530708,17614.22
TMB,TAMILNAD MERCA BANK LTD,134943,563.96
TNIDETF,TATAAML - TNIDETF,36195,22.05
TNPETRO,TAMILNADU PETROPRODUCTS L,817761,658.62
TNPL,TAMILNADU NEWSPRT & PAPER,264034,639.29
TOKYOPLAST,TOKYO PLAST INTL LTD,2180,2.52
TORNTPHARM,TORRENT PHARMACEUTICALS L,61959,1558.62
TORNTPOWER,TORRENT POWER LTD,150596,1792.46
TOTAL,TOTAL TRANSPORT SYS LTD,1104,1.30
TPLPLASTEH,TPL PLASTECH LIMITED,68392,40.63
TRACXN,TRACXN TECHNOLOGIES LTD,1540587,1139.14
TREL,TRANSINDIA REAL ESTATE L,1026654,285.45
TRENT,TRENT LTD,216942,7135.73
TRF,TRF LIMITED,550,1.66
TRIDENT,TRIDENT LIMITED,19238192,7034.45
TRIGYN,TRIGYN TECHNOLOGIES LTD,97483,132.55
TRIL,TRANS & RECTI. LTD,66966,98.92
TRITURBINE,TRIVENI TURBINE LIMITED,291444,1178.68
TRIVENI,TRIVENI ENGG. & INDS. LTD,1014472,2990.38
TRU,TRUCAP FINANCE LIMITED,44424,30.06
TTKHLTCARE,TTK HEALTHCARE LIMITED,15008,127.45
TTKPRESTIG,TTK PRESTIGE LTD,84013,546.59
TTL,T T LIMITED,946,1.06
TTML,TATA TELESERV(MAHARASTRA),6280039,4775.96
TV18BRDCST,TV18 BROADCAST LIMITED,1176586,590.59
TVSELECT,TVS ELECTRONICS LTD,102395,314.63
TVSHLTD,TVS HOLDINGS LIMITED,3585,162.40
TVSMOTOR,TVS MOTOR COMPANY  LTD,281398,5434.98
TVSSCS,TVS SUPPLY CHAIN SOL L,1930141,3000.84
TVSSRICHAK,TVS SRICHAKRA LIMITED,17124,687.10
TVTODAY,TV TODAY NETWORK LTD,385975,836.69
UBL,UNITED BREWERIES LTD,129503,2066.73
UCAL,UCAL LIMITED,4125,7.14
UCOBANK,UCO BANK,20515057,9539.29
UDS,UPDATER SERVICES LIMITED,623051,1639.78
UFLEX,UFLEX LIMITED,185309,755.02
UFO,UFO MOVIEZ INDIA LTD.,152752,189.57
UGARSUGAR,THE UGAR SUGAR WORKS LTD,612172,386.56
UGROCAP,UGRO CAPITAL LIMITED,318162,565.45
UJJIVAN,UJJIVAN FIN. SERVC. LTD.,1025125,4766.74
UJJIVANSFB,UJJIVAN SMALL FINANC BANK,23980508,10983.04
ULTRACEMCO,ULTRATECH CEMENT LIMITED,158548,14101.32
UMAEXPORTS,UMA EXPORTS LIMITED,49907,46.04
UMANGDAIRY,UMANG DAIRIES LIMITED,9173,7.91
UNICHEMLAB,UNICHEM LABORATORIES LTD,49421,187.36
UNIDT,UNITED DRILLING TOOLS LTD,18900,36.11
UNIENTER,UNIPHOS ENTERPRISES LTD,2423,3.91
UNIONBANK,UNION BANK OF INDIA,29164204,34434.99
UNIPARTS,UNIPARTS INDIA LIMITED,424153,2190.50
UNIVASTU,UNIVASTU INDIA LIMITED,170,0.22
UNIVCABLES,UNIVERSAL CABLES LTD,60098,219.31
UNIVPHOTO,UNIVERSUS IMAGINGS LTD,250,1.17
UNOMINDA,UNO MINDA LIMITED,270666,1447.97
UPL,UPL LIMITED,6060855,28743.25
URJA,URJA GLOBAL LIMITED,51547,14.90
USHAMART,USHA MARTIN LTD.,922418,2611.76
USK,UDAYSHIVAKUMAR INFRA LTD,702,0.32
UTIAMC,UTI ASSET MNGMT CO LTD,148421,1041.34
UTIBANKETF,UTIAMC - UTIBANKETF,49717,16.87
UTINEXT50,UTIAMC - UTINEXT50,32533,20.71
UTINIFTETF,UTIAMC - UTINIFTETF,7979,18.11
UTISENSETF,UTIAMC - UTISENSETF,6,0.04
UTISXN50,UTIAMC - UTISXN50,9,0.01
UTKARSHBNK,UTKARSH SMALL FIN BANK L,8669244,4192.22
UTTAMSUGAR,UTTAM SUGAR MILLS LTD.,352639,1003.36
VADILALIND,VADILAL INDUSTRIES LTD,27695,839.57
VAIBHAVGBL,VAIBHAV GLOBAL LIMITED,838217,2936.01
VAISHALI,VAISHALI PHARMA LIMITED,363766,509.47
VAKRANGEE,VAKRANGEE LIMITED,3312056,773.14
VALIANTLAB,VALIANT LABORATORIES LTD,81528,111.60
VALIANTORG,VALIANT ORGANICS LIMITED,162496,693.01
VARDHACRLC,VARDHAMAN ACRYLICS LTD,35809,20.16
VARROC,VARROC ENGINEERING LTD.,537836,2617.58
VASCONEQ,VASCON ENGINEERS LTD,3433694,2090.99
VASWANI,VASWANI IND LTD,2205,1.04
VBL,VARUN BEVERAGES LIMITED,5588183,64243.89
VEDL,VEDANTA LIMITED,13885237,37054.05
VENKEYS,VENKY S (INDIA) LIMITED,104061,1859.94
VENUSPIPES,VENUS PIPES & TUBES LTD,215834,2827.32
VENUSREM,VENUS REMEDIES LIMITED,8335,25.91
VERANDA,VERANDA LEARNING SOL LTD,80366,179.27
VESUVIUS,VESUVIUS INDIA LTD,14400,451.48
VETO,VETO SWITCHGEAR CABLE LTD,62801,72.75
VGUARD,V-GUARD IND LTD.,680333,1934.36
VHL,VARDHMAN HOLDINGS LIMITED,464,9.31
VIDHIING,VIDHI SPCLTY F INGRDNTS L,300401,1356.08
VIJAYA,VIJAYA DIAGNOSTIC CEN LTD,65457,395.17
VIKASECO,VIKAS ECOTECH LIMITED,39577,1.31
VIKASLIFE,VIKAS LIFECARE LIMITED,466677,28.39
VIMTALABS,VIMTA LABS LIMITED,29738,125.67
VINATIORGA,VINATI ORGANICS LTD,174251,2503.40
VINDHYATEL,VINDHYA TELELINKS LTD,135162,2632.86
VINEETLAB,VINEET LABORATORIES LTD,800,0.57
VINYLINDIA,VINYL CHEMICALS (I) LTD.,30986,86.45
VIPCLOTHNG,VIP CLOTHING LIMITED,100098,46.10
VIPIND,VIP INDUSTRIES LTD,2336136,11876.33
VIRINCHI,VIRINCHI LIMITED,7500,2.45
VISAKAIND,VISAKA INDUSTRIES LIMITED,589962,595.04
VISHNU,VISHNU CHEMICALS LIMITED,171830,555.99
VISHWARAJ,VISHWARAJ SUGAR IND LTD,494134,86.96
VLEGOV,VL E GOV AND IT SOL LTD,4200,2.90
VLSFINANCE,VLS FINANCE LTD,85858,123.30
VMART,VMART RETAIL LTD,18335,397.59
VOLTAMP,VOLTAMP TRANSFORMERS LTD,15754,873.15
VOLTAS,VOLTAS LTD,345799,3868.60
VPRPL,VISHNU PRAKASH R PUNGLI L,1368649,2077.67
VRLLOG,VRL LOGISTICS LIMITED,151962,797.79
VSSL,VARDHMAN SPC STEEL LTD,99172,159.82
VSTIND,VST INDUSTRIES LTD,21943,771.35
VSTL,VIBHOR STEEL TUBES LTD,50,0.16
VSTTILLERS,VST TILLERS TRACTORS LTD,21010,657.67
VTL,VARDHMAN TEXTILES LIMITED,152409,608.63
WABAG,VA TECH WABAG LTD,922347,4719.80
WATERBASE,WATERBASE LIMITED,60,0.06
WEBELSOLAR,WEBSOL ENERGY SYSTEM LTD,470,1.15
WELCORP,WELSPUN CORP LIMITED,854979,3611.07
WELENT,WELSPUN ENTERPRISES LTD.,427861,1216.08
WELSPUNLIV,WELSPUN LIVING LIMITED,4268562,5668.18
WENDT,WENDT (INDIA) LIMITED,365,28.74
WESTLIFE,WESTLIFE FOODWORLD LTD,88266,613.31
WHEELS,WHEELS INDIA LTD,143966,760.35
WHIRLPOOL,WHIRLPOOL OF INDIA LTD,120807,1406.83
WINDLAS,WINDLAS BIOTECH LIMITED,60998,282.93
WINDMACHIN,WINDSOR MACHINES LIMITED,15367,12.65
WIPRO,WIPRO LTD,7191188,32251.57
WOCKPHARMA,WOCKHARDT LIMITED,95264,323.70
WONDERLA,WONDERLA HOLIDAYS LTD.,90425,753.60
WORTH,WORTH PERIPHERALS LIMITED,2023,2.49
WSTCSTPAPR,WEST COAST PAPER MILLS LT,496139,2829.40
XCHANGING,XCHANGING SOLUTIONS LTD,636224,708.80
XPROINDIA,XPRO INDIA LIMITED,112178,1117.44
YASHO,YASHO INDUSTRIES LIMITED,17702,190.72
YATHARTH,YATHARTH HOSP & TRA C S L,171638,578.26
YATRA,YATRA ONLINE LIMITED,135317,172.56
YESBANK,YES BANK LIMITED,252936898,54025.59
YUKEN,YUKEN INDIA LIMITED,1723,9.22
ZAGGLE,ZAGGLE PREPA OCEAN SER L,980699,2291.35
ZEEL,ZEE ENTERTAINMENT ENT LTD,29706495,50297.13
ZEEMEDIA,ZEE MEDIA CORPORATION LTD,2555433,371.89
ZENSARTECH,ZENSAR TECHNOLOGIES  LTD,1013383,4839.87
ZENTEC,ZEN TECHNOLOGIES LIMITED,45488,282.41
ZFCVINDIA,ZF COM VE CTR SYS IND LTD,6805,722.36
ZIMLAB,ZIM LABORATORIES LIMITED,124500,82.24
ZODIACLOTH,ZODIAC CLOTHING CO. LTD.,3961,5.23
ZOMATO,ZOMATO LIMITED,20600021,25292.02
ZOTA,ZOTA HEALTH CARE LIMITED,33135,144.58
ZUARI,ZUARI AGRO CHEMICALS LTD,227985,432.64
ZUARIIND,ZUARI INDUSTRIES LIMITED,61084,129.46
ZYDUSLIFE,ZYDUS LIFESCIENCES LTD,182909,1455.97
ZYDUSWELL,ZYDUS WELLNESS LIMITED,51496,714.80
,,,
 * Figures are rounded to the nearest decimal. ,,,
