SYMBOL,SERIES,SECURITY,HIGH/LOW,INDEX FLAG
3PLAND,BE,3P LAND HOLDINGS LIMITED,H
AARTECH,EQ,AARTECH SOLONICS LIMITED,H
AARVEEDEN,BE,AARVEE DEN. & EXP. LTD,H
AJOONI,EQ,AJOONI BIOTECH LIMITED,H
AKSHAR,EQ,AKSHAR SPINTEX LIMITED,H
AKUMS,EQ,AKUMS DRUGS AND PHARMA L,H
ALBERTDAVD,EQ,ALBERT DAVID LIMITED,H
AMBANIORGO,SM,AMBANI ORGOCHEM LIMITED,H
ANTGRAPHIC,EQ,ANTARCTICA LTD,H
APS,ST,AUSTRALIAN PREM SOLAR I L,H
ARROWGREEN,EQ,ARROW GREENTECH LIMITED,H
ARSHIYA,BE,ARSHIYA LIMITED,H
ASIANENE,EQ,ASIAN ENERGY SERVICES LTD,H
ASMS,EQ,BARTRONICS INDIA LIMITED,H
BAHETI,SM,BAHETI RECYCLING IND LTD,H
BALUFORGE,EQ,BALU FORGE INDUSTRIES LTD,H
BEDMUTHA,EQ,BEDMUTHA INDUST LTD,H
BGRENERGY,BE,BGR ENERGY SYSTEMS LTD,H
BLUECHIP,BE,BLUE CHIP INDIA LIMITED,H
CADSYS,SM,CADSYS (INDIA) LIMITED,H
CALSOFT,EQ,CALIFORNIA SOFTWARE CO LT,H
CMMIPL,ST,CMM INFRAPROJECTS LIMITED,H
COUNCODOS,BE,COUNTRY CONDO S LIMITED,H
DCMFINSERV,BE,DCM FINANCIAL SERVICES LT,H
DESTINY,SM,DESTINY LOGISTICS & I LTD,H
DGCONTENT,BE,DIGICONTENT LIMITED,H
DHRUV,BE,DHRUV CONSULTANCY SER LTD,H
DHTL,ST,DOCMODE HEALTH TECH LTD,H
DIGJAMLMTD,BE,DIGJAM LTD,H
DRONE,ST,DRONE DESTINATION LIMITED,H
DRSDILIP,SM,DRS DILIP ROADLINES LTD.,H
DUCON,EQ,DUCON INFRATECHNOLOGIES L,H
E2E,BE,E2E NETWORKS LIMITED,H
EIMCOELECO,BE,EIMCO ELECON (INDIA) LTD,H
EUROTEXIND,EQ,EUROTEX INDUSTRIES LTD,H
FEL,BZ,FUTURE ENTERPRISES LTD,H
FELDVR,BE,FUTURE ENTERPRISES LTD,H
FMNL,EQ,FUTURE MKT NETWORKS LTD,H
GANGAFORGE,EQ,GANGA FORGING LIMITED,H
GET&D,BE,GE T&D INDIA LIMITED,H
GIRIRAJ,SM,GIRIRAJ CIVIL DEVP LTD,H
GLFL,BE,GUJARAT LEASE FINANCING L,H
GMRP&UI,EQ,GMR POW AND URBAN INFRA L,H
GODHA,BE,GODHA CABCON INSULAT LTD,H
GSTL,ST,GLOBESECURE TECHNO LTD,H
GVKPIL,BE,GVK POW. & INFRA LTD.,H
GVPTECH,EQ,GVP INFOTECH LIMITED,H
HDIL,BZ,HOUSING DEV & INFRA LTD,H
HEXATRADEX,EQ,HEXA TRADEX LIMITED,H
ICDSLTD,BE,ICDSLTD,H
IL&FSTRANS,BZ,IL&FS TRANS NET LTD,H
IMPEXFERRO,BE,IMPEX FERRO TECH LIMITED,H
INDOTECH,BE,INDO TECH TRANSFORM LTD.,H
INDOTHAI,EQ,INDO THAI SEC LTD,H
ISHAN,ST,ISHAN INTERNATIONAL LTD,H
JAIPURKURT,BE,NANDANI CREATION LIMITED,H
JETAIRWAYS,BZ,JET AIRWAYS (INDIA) LTD.,H
JHS,EQ,JHS SVEND. LAB. LTD,H
JUBLINDS,EQ,JUBILANT INDUSTRIES LTD,H
JYOTISTRUC,EQ,JYOTI STRUCTURES LTD,H
K2INFRA,ST,K2 INFRAGEN LIMITED,H
KALYANIFRG,BE,KALYANI FORGE LIMITED,H
KARMAENG,BE,KARMA ENERGY LIMITED,H
KDL,ST,KORE DIGITAL LIMITED,H
KERNEX,EQ,KERNEX MICROSYS(I) LTD,H
KRISHCA,ST,KRISHCA STRAPPING SLTN L,H
KRISHNADEF,ST,KRISHNA DEF AND ALD IND L,H
KRITINUT,BE,KRITI NUTRIENTS LIMITED,H
LGHL,BE,LAXMI GOLDORNA HOUSE LTD,H
LRRPL,ST,LEAD REC AND RUB PROD LTD,H
MASON,SM,MASON INFRATECH LIMITED,H
MBLINFRA,BE,MBL INFRASTRUCTURE LTD,H
MINDACORP,EQ,MINDA CORPORATION LTD,H
MIRCELECTR,EQ,MIRC ELECTRONICS LTD,H
MONOPHARMA,SM,MONO PHARMACARE LIMITED,H
MORARJEE,BE,MORARJEE TEXTILES LIMITED,H
MOXSH,ST,MOXSH OVERSEAS EDUCON LTD,H
MRO-TEK,EQ,MRO-TEK REALTY LIMITED,H
MSPL,EQ,MSP STEEL & POWER LTD.,H
NAGREEKEXP,EQ,NAGREEKA EXPORTS LTD.,H
NAMAN,SM,NAMAN IN-STORE (INDIA) L,H
NARMADA,BE,NARMADA AGROBASE LIMITED,H
NEPHROCARE,SM,NEPHRO CARE INDIA LIMITED,H
NILAINFRA,EQ,NILA INFRASTRUCTURES LTD,H
NORBTEAEXP,EQ,NORBEN TEA & EXPORTS LTD,H
NPST,SM,NETWORK PEOPLE SRV TECH L,H
ORIENTALTL,EQ,ORIENTAL TRIMEX LTD,H
ORTEL,BZ,ORTEL COMMUNICATIONS LTD,H
PANACHE,BE,PANACHE DIGILIFE LIMITED,H
PCJEWELLER,EQ,PC JEWELLER LTD,H
PERFECT,ST,PERFECT INFRAENGINEER LTD,H
PFOCUS,BE,PRIME FOCUS LIMITED,H
POSITRON,ST,POSITRON ENERGY LIMITED,H
PRAENG,EQ,PRAJAY ENG. SYN. LTD.,H
PRAMARA,SM,PRAMARA PROMOTIONS LTD,H
PRITIKA,SM,PRITIKA ENG COMPO LTD,H
PRITIKAUTO,EQ,PRITIKA AUTO INDUS LTD,H
QUADPRO,SM,QUADPRO ITES LIMITED,H
RAJRILTD,BE,RAJ RAYON INDUSTRIES LTD,H
RHFL,EQ,RELIANCE HOME FINANCE LTD,H
RILINFRA,ST,RACHANA INFRA LTD,H
RKDL,BE,RAVI KUMAR DIST. LTD.,H
ROLLT,BE,ROLLATAINERS LIMITED,H
ROLTA,BZ,ROLTA INDIA LTD,H
RPOWER,EQ,RELIANCE POWER LTD.,H
SABEVENTS,BE,SAB EVENTS & GOVERNANCE,H
SADBHAV,EQ,SADBHAV ENGINEERING LTD,H
SADBHIN,BE,SADBHAV INFRA PROJ LTD.,H
SALSTEEL,BE,S.A.L. STEEL LTD.,H
SANWARIA,BZ,SANWARIA CONSUMER LIMITED,H
SATECH,SM,S A TECH SOFTWARE INDIA L,H
SEPC,EQ,SEPC LIMITED,H
SETCO,BE,SETCO AUTOMOTIVE LTD,H
SHAH,BE,SHAH METACORP LIMITED,H
SHEETAL,SM,SHEETAL UNIVERSAL LIMITED,H
SHRADHA,BE,SHRADHA INFRAPROJECTS LTD,H
SIDDHIKA,SM,SIDDHIKA COATINGS LIMITED,H
SILLYMONKS,BE,SILLY MONKS ENTERTAIN LTD,H
SIMPLEXINF,EQ,SIMPLEX INFRASTRUCTURES L,H
SITINET,BE,SITI NETWORKS LIMITED,H
SLONE,ST,SLONE INFOSYSTEMS LIMITED,H
SMARTLINK,BE,SMARTLINK HOLDINGS LTD,H
SOLARAPP,X1,SOLAR ACT RS.3.50 PPD UP,H
SPORTKING,EQ,SPORTKING INDIA LIMITED,H
SSEGL,SM,SATHLOKHAR SYN E&C GLOB L,H
STARTECK,BE,STARTECK FINANCE LIMITED,H
SUNDRMBRAK,EQ,SUNDARAM BRAK LININGS LTD,H
TAC,SM,TAC INFOSEC LIMITED,H
TAPIFRUIT,SM,TAPI FRUIT PROCESSING LTD,H
TGL,ST,TEERTH GOPICON LIMITED,H
TIMESCAN,SM,TIMESCAN LOGISTICS IND L,H
TPHQ,BE,TEAMO PRODUCTIONS HQ LTD,H
TRANSWIND,SM,TRANSWIND INFRA LIMITED,H
TRF,EQ,TRF LIMITED,H
TRIL,BE,TRANS & RECTI. LTD,H
VARDMNPOLY,EQ,VARDHMAN POLYTEX LTD.,H
VASA,ST,VASA RETAIL & OVERSEA LTD,H
VERITAAS,SM,VERITAAS ADVERTISING LTD,H
VIJIFIN,BE,VIJI FINANCE LIMITED,H
VLEGOV,EQ,VL E GOV AND IT SOL LTD,H
VMARCIND,SM,V MARC INDIA LIMITED,H
WANBURY,EQ,WANBURY LIMITED,H
WINDMACHIN,EQ,WINDSOR MACHINES LIMITED,H
WINSOME,BE,WINSOME YARNS LIMITED,H
WOCKPHARMA,BE,WOCKHARDT LIMITED-DEPO,H
XELPMOC,EQ,XELPMOC DESIGN & TECH LTD,H
YAARI,EQ,YAARI DIGI INT SER LTD,H
ABAN,EQ,ABAN OFFSHORE LTD.,L
ACCURACY,BE,ACCURACY SHIPPING LIMITED,L
AESTHETIK,ST,AESTHETIK ENGINEERS LTD,L
ALMONDZ,BE,ALMONDZ GLOBAL SEC LTD,L
AMJUMBO,SM,A AND M JUMBO BAGS LTD,L
AURUM,BE,AURUM PROPTECH LIMITED,L
AURUMPP1,X1,AURUM RS. 3.12 PPD UP,L
BALCO,ST,SOLVE PLASTIC PRODUCTS L,L
BMETRICS,SM,BOMBAY METRICS S C LTD,L
CGRAPHICS,SM,CREATIVE GRAPHICS S IND L,L
DCMFINSERV,BE,DCM FINANCIAL SERVICES LT,L
DREDGECORP,BE,DREDGING CORP OF INDIA,L
E2E,BE,E2E NETWORKS LIMITED,L
FELIX,SM,FELIX INDUSTRIES LTD.,L
GRPLTD,BE,GRP LIMITED,L
GSMFOILS,ST,GSM FOILS LIMITED,L
HBSL,BE,HB STOCKHOLDINGS LIMITED,L
INFOMEDIA,BE,INFOMEDIA PRESS LIMITED,L
KCEIL,ST,KAY CEE ENERGY & INFRA L,L
KHAITANLTD,BE,KHAITAN (INDIA)LTD.,L
NITIRAJ,BE,NITIRAJ ENGINEERS LTD,L
PANACHE,BE,PANACHE DIGILIFE LIMITED,L
PPSL,ST,PICTUREPOST STUDIOS LTD,L
RAJTV,BE,RAJ TV NETWORK LTD,L
RBMINFRA,SM,RBM INFRACON LIMITED,L
REFRACTORY,ST,REFRACTORY SHAPES LIMITED,L
RHFL,EQ,RELIANCE HOME FINANCE LTD,L
RILINFRA,ST,RACHANA INFRA LTD,L
RPOWER,EQ,RELIANCE POWER LTD.,L
SADBHIN,BE,SADBHAV INFRA PROJ LTD.,L
SANCO,BZ,SANCO INDUSTRIES LIMITED,L
SECURCRED,BE,SECUR CREDENTIALS LIMITED,L
SPMLINFRA,BE,SPML INFRA LIMITED,L
SPRL,ST,SP REFRACTORIES LIMITED,L
SSDL,BE,SARASWATI SAREE DEPOT LTD,L
SUNLITE,ST,SUNLITE RECYCLING IND LTD,L
SVPGLOB,EQ,SVP GLOBAL TEXTILES LTD,L
TARACHAND,EQ,TARA CHAND INFRA SOLN LTD,L
TARMAT,BE,TARMAT LIMITED,L
TREJHARA,EQ,TREJHARA SOLUTIONS LTD,L
TRUST,ST,TRUST FINTECH LIMITED,L
VINNY,BE,VINNY OVERSEAS LIMITED,L
VINYAS,ST,VINYAS INNOVATIVE TECH L,L
VSCL,SM,VADIVARHE SPCLTY CHEM LTD,L
WEBELSOLAR,BE,WEBSOL ENERGY SYSTEM LTD,L
WINSOME,BE,WINSOME YARNS LIMITED,L
ZTECH,SM,Z-TECH (INDIA) LIMITED,L
