GAIN_LOSS,SECURITY,CLOSE_PRIC,PREV_CL_PR,PERCENT_CG
 ,Nifty 50 Sec., , , 
 , , , , 
G,BAJAJ AUTO LIMITED,     10406.45,      9914.20,4.97
G,COAL INDIA LTD,       538.85,       528.85,1.89
G,TATA MOTORS LIMITED,      1085.15,      1068.45,1.56
G,SUN PHARMACEUTICAL IND L,      1775.75,      1750.65,1.43
G,BHARTI AIRTEL LIMITED,      1506.75,      1486.35,1.37
G,ICICI BANK LTD.,      1203.50,      1191.10,1.04
G,HERO MOTOCORP LIMITED,      5384.90,      5329.95,1.03
G,MAHINDRA & MAHINDRA LTD,      2759.00,      2732.95,.95
G,BAJAJ FINSERV LTD.,      1639.90,      1625.70,.87
G,JSW STEEL LIMITED,       941.05,       933.25,.84
G,HINDUSTAN UNILEVER LTD.,      2815.60,      2792.80,.82
G,POWER GRID CORP. LTD.,       336.25,       334.00,.67
G,BHARAT PETROLEUM CORP  LT,       352.20,       350.10,.6
G,INDUSIND BANK LIMITED,      1388.55,      1381.90,.48
G,APOLLO HOSPITALS ENTER. L,      6860.70,      6830.55,.44
G,HDFC LIFE INS CO LTD,       729.00,       726.00,.41
G,ULTRATECH CEMENT LIMITED,     11341.80,     11309.40,.29
G,ITC LTD,       505.80,       504.55,.25
G,MARUTI SUZUKI INDIA LTD.,     12302.30,     12276.35,.21
G,RELIANCE INDUSTRIES LTD,      2999.95,      2996.25,.12
G,TATA STEEL LIMITED,       154.20,       154.14,.04
 , , , , 
L,OIL AND NATURAL GAS CORP.,       318.90,       324.35,-1.68
L,WIPRO LTD,       512.40,       519.00,-1.27
L,DIVI S LABORATORIES LTD,      4855.95,      4911.45,-1.13
L,LTIMINDTREE LIMITED,      5641.60,      5704.40,-1.1
L,ASIAN PAINTS LIMITED,      3154.65,      3186.60,-1
L,INFOSYS LIMITED,      1862.10,      1880.25,-0.97
L,TITAN COMPANY LIMITED,      3570.00,      3604.40,-0.95
L,HCL TECHNOLOGIES LTD,      1661.45,      1676.15,-0.88
L,NESTLE INDIA LIMITED,      2529.20,      2551.00,-0.85
L,TATA CONSULTANCY SERV LT,      4463.90,      4502.00,-0.85
L,TECH MAHINDRA LIMITED,      1598.40,      1611.25,-0.8
L,BRITANNIA INDUSTRIES LTD,      5792.65,      5836.80,-0.76
L,TATA CONSUMER PRODUCT LTD,      1196.80,      1205.80,-0.75
L,ADANI ENTERPRISES LIMITED,      3076.35,      3099.05,-0.73
L,EICHER MOTORS LTD,      4898.10,      4933.55,-0.72
L,CIPLA LTD,      1574.55,      1585.80,-0.71
L,STATE BANK OF INDIA,       815.35,       820.30,-0.6
L,SHRIRAM FINANCE LIMITED,      3126.55,      3143.60,-0.54
L,HDFC BANK LTD,      1625.05,      1631.30,-0.38
L,NTPC LTD,       401.95,       403.35,-0.35
L,AXIS BANK LIMITED,      1165.95,      1169.95,-0.34
L,SBI LIFE INSURANCE CO LTD,      1789.30,      1795.25,-0.33
L,GRASIM INDUSTRIES LTD,      2748.55,      2755.15,-0.24
L,LARSEN & TOUBRO LTD.,      3598.55,      3606.50,-0.22
L,DR. REDDY S LABORATORIES,      6954.50,      6969.05,-0.21
L,KOTAK MAHINDRA BANK LTD,      1818.00,      1821.50,-0.19
L,BAJAJ FINANCE LIMITED,      6735.85,      6743.60,-0.11
L,ADANI PORT & SEZ LTD,      1491.30,      1492.30,-0.07
L,HINDALCO  INDUSTRIES  LTD,       685.10,       685.55,-0.07
 , , , , 
 ,Nifty Next 50 Sec., , , 
 , , , , 
G,INTERGLOBE AVIATION LTD,      4710.45,      4483.15,5.07
G,TVS MOTOR COMPANY  LTD,      2767.00,      2706.25,2.24
G,SAMVRDHNA MTHRSN INTL LTD,       197.72,       193.89,1.98
G,ZOMATO LIMITED,       262.65,       257.96,1.82
G,HINDUSTAN AERONAUTICS LTD,      4822.75,      4768.10,1.15
G,INDIAN RAILWAY FIN CORP L,       183.41,       181.44,1.09
G,ADANI GREEN ENERGY LTD,      1900.90,      1886.35,0.77
G,ICICI LOMBARD GIC LIMITED,      2096.80,      2083.20,0.65
G,BHARAT ELECTRONICS LTD,       306.00,       304.50,0.49
G,ADANI POWER LTD,       675.80,       673.70,0.31
G,SBI CARDS & PAY SER LTD,       716.65,       714.45,0.31
G,BOSCH LIMITED,     32600.15,     32503.15,0.3
G,AMBUJA CEMENTS LTD,       633.60,       631.80,0.28
 , , , , 
L,AVENUE SUPERMARTS LIMITED,      4901.50,      5057.85,-3.09
L,BERGER PAINTS (I) LTD,       565.70,       582.05,-2.81
L,ZYDUS LIFESCIENCES LTD,      1178.70,      1210.05,-2.59
L,VEDANTA LIMITED,       449.30,       459.55,-2.23
L,COLGATE PALMOLIVE LTD.,      3531.45,      3605.15,-2.04
L,GAIL (INDIA) LTD,       229.47,       234.07,-1.97
L,INDIAN RAIL TOUR CORP LTD,       923.30,       939.40,-1.71
L,SRF LTD,      2490.65,      2533.10,-1.68
L,REC LIMITED,       586.70,       595.35,-1.45
L,PIDILITE INDUSTRIES LTD,      3084.65,      3127.10,-1.36
L,LIFE INSURA CORP OF INDIA,      1061.35,      1075.50,-1.32
L,CHOLAMANDALAM IN & FIN CO,      1348.80,      1365.65,-1.23
L,SHREE CEMENT LIMITED,     24706.05,     25012.40,-1.22
L,TATA POWER CO LTD,       417.95,       422.95,-1.18
L,DLF LIMITED,       849.50,       859.25,-1.13
L,ADANI ENERGY SOLUTION LTD,      1065.65,      1077.75,-1.12
L,PUNJAB NATIONAL BANK,       116.27,       117.36,-0.93
L,GODREJ CONSUMER PRODUCTS,      1428.35,      1440.30,-0.83
L,ABB INDIA LIMITED,      7795.75,      7859.55,-0.81
L,VARUN BEVERAGES LIMITED,      1582.10,      1594.20,-0.76
L,JIO FIN SERVICES LTD,       327.15,       329.60,-0.74
L,INFO EDGE (I) LTD,      7392.60,      7444.45,-0.7
L,MARICO LIMITED,       678.20,       682.95,-0.7
L,BANK OF BARODA,       252.50,       254.10,-0.63
L,JINDAL STEEL & POWER LTD,       959.85,       965.75,-0.61
L,TRENT LTD,      6948.75,      6989.80,-0.59
L,HAVELLS INDIA LIMITED,      1884.65,      1895.65,-0.58
L,POWER FIN CORP LTD.,       514.80,       517.50,-0.52
L,SIEMENS LTD,      7022.15,      7056.05,-0.48
L,DABUR INDIA LTD,       643.25,       646.15,-0.45
 , , , , 
 ,OTHER SECURITIES, , , 
 , , , , 
G,DRS DILIP ROADLINES LTD.,       133.20,       111.00,20
G,SUNDARAM BRAK LININGS LTD,      1073.85,       894.90,20
G,MASON INFRATECH LIMITED,       176.50,       147.10,19.99
G,BALU FORGE INDUSTRIES LTD,       774.30,       648.30,19.44
G,ORIENTAL TRIMEX LTD,        14.43,        12.09,19.35
G,SOUTH WEST PINNACLE LTD,       132.22,       110.98,19.14
G,NAGREEKA EXPORTS LTD.,        50.11,        42.22,18.69
G,SEPC LIMITED,        25.49,        21.62,17.9
G,MINDA CORPORATION LTD,       631.15,       538.05,17.3
G,RADHIKA JEWELTECH LIMITED,       114.37,        97.92,16.8
G,SMS PHARMACEUTICALS LTD.,       356.90,       306.20,16.56
G,STL GLOBAL LIMITED,        26.70,        22.96,16.29
G,SEC RE NCD 9.48% SR V,      1099.00,       960.10,14.47
G,MANUGRAPH INDIA LIMITED,        26.28,        23.00,14.26
G,ALBERT DAVID LIMITED,      1447.95,      1272.40,13.8
G,AURANGABAD DISTILLERY LTD,       361.10,       317.60,13.7
G,CROP LIFE SCIENCE LIMITED,        60.75,        53.55,13.45
G,SATHLOKHAR SYN E&C GLOB L,       426.65,       377.20,13.11
G,RANE ENG VALVE LTD,       642.95,       569.10,12.98
G,JET FREIGHT LOGISTICS LTD,        19.33,        17.11,12.97
G,KAUSHALYA LOGISTICS LTD,       137.05,       122.35,12.01
G,SPECIALITY REST LTD,       192.53,       172.17,11.83
G,UFLEX LIMITED,       844.80,       757.45,11.53
G,JAIN IRRIGATION SYSTEMS,        74.27,        66.66,11.42
G,ELIN ELECTRONICS LIMITED,       239.64,       215.60,11.15
G,PCBL LIMITED,       500.35,       450.90,10.97
G,MARCO CABLE & CONDUCTOR L,        69.40,        62.65,10.77
G,NURECA LIMITED,       307.55,       277.75,10.73
G,MAXPOSURE LIMITED,       121.80,       110.25,10.48
G,XELPMOC DESIGN & TECH LTD,       117.93,       107.21,10
 , , , , 
L,SEC RE NCD 9.02% SR V,       632.32,       850.10,-25.62
L,RELIANCE INFRASTRUCTU LTD,       211.76,       235.71,-10.16
L,FELIX INDUSTRIES LTD.,       263.05,       292.25,-9.99
L,TARA CHAND INFRA SOLN LTD,       443.75,       490.80,-9.59
L,SEC RED NCD SR. VII,      2080.11,      2250.00,-7.55
L,WONDER ELECTRICALS LTD,      1464.05,      1583.30,-7.53
L,SEC RE NCD SR III,       920.30,       980.00,-6.09
L,TEXMACO INFRA & HOLDG LTD,       132.33,       140.41,-5.75
L,SEC RE NCD 10.50% SR.VII,       905.00,       960.00,-5.73
L,MADHAV COPPER LIMITED,        39.18,        41.38,-5.32
L,DE NEERS TOOLS LIMITED,       190.35,       201.00,-5.3
L,RELIANCE HOME FINANCE LTD,         4.45,         4.69,-5.12
L,TROM INDUSTRIES LIMITED,       299.60,       315.75,-5.11
L,MACROTECH DEVELOPERS LTD,      1161.25,      1222.85,-5.04
L,RELIANCE POWER LTD.,        34.48,        36.30,-5.01
L,ABAN OFFSHORE LTD.,        81.97,        86.29,-5.01
L,PICTUREPOST STUDIOS LTD,        37.95,        39.95,-5.01
L,RBM INFRACON LIMITED,       739.00,       777.90,-5
L,TREJHARA SOLUTIONS LTD,       225.34,       237.20,-5
L,SUNLITE RECYCLING IND LTD,       179.60,       189.05,-5
L,SP REFRACTORIES LIMITED,       234.75,       247.10,-5
L,VINYAS INNOVATIVE TECH L,       984.70,      1036.50,-5
L,AESTHETIK ENGINEERS LTD,       109.35,       115.10,-5
L,VADIVARHE SPCLTY CHEM LTD,        62.80,        66.10,-4.99
L,INDIAN EMULSIFIERS LTD,       375.50,       395.20,-4.98
L,SOLVE PLASTIC PRODUCTS L,       106.85,       112.45,-4.98
L,BOMBAY METRICS S C LTD,       169.90,       178.80,-4.98
L,RACHANA INFRA LTD,        61.20,        64.40,-4.97
L,PRITI INTERNATIONAL LTD,       156.77,       164.86,-4.91
L,A AND M JUMBO BAGS LTD,        16.55,        17.40,-4.89
