SYMBOL,SERIES,SECURITY,HIGH/LOW,INDEX FLAG
744AP33,SG,SDL AP 7.44% 2033,H
ACCORD,SM,ACCORD SYNERGY LIMITED,H
ALMONDZ,EQ,ALMONDZ GLOBAL SEC LTD,H
ALPEXSOLAR,SM,ALPEX SOLAR LIMITED,H
AMEYA,SM,AMEYA PRECISION ENG LTD,H
ANSALAPI,BZ,ANSAL PROP & INFRA LTD,H
APS,SM,AUSTRALIAN PREM SOLAR I L,H
AURIONPRO,EQ,AURIONPRO SOLN LTD,H
BEDMUTHA,EQ,BEDMUTHA INDUST LTD,H
BHANDA-RE1,BE,BHANDARI HOSIERY EXP LTD,H
BLUECHIP,BE,BLUE CHIP INDIA LIMITED,H
CENTEXT,EQ,CENTURY EXTRUSIONS LTD,H
CMMIPL,ST,CMM INFRAPROJECTS LIMITED,H
CONTI,SM,CONTINENTAL SEED CHEM LTD,H
DCI,BE,DC INFOTECH AND COMUN LTD,H
DESTINY,ST,DESTINY LOGISTICS & I LTD,H
DPEL,ST,DIVINE POWER ENERGY LTD,H
DYNAMIC,SM,DYNAMIC SRVCS & SEC LTD,H
ENERGYDEV,EQ,ENERGY DEVE. CO.LTD,H
ENSER,SM,ENSER COMMUNICATIONS LTD,H
ESCONET,SM,ESCONET TECHNOLOGIES LTD,H
EUROTEXIND,EQ,EUROTEX INDUSTRIES LTD,H
FEL,BZ,FUTURE ENTERPRISES LTD,H
FLEXITUFF,BE,FLEXITUFF VENTURES INT L,H
FSC,BZ,FUTURE SUPP CHAIN SOL LTD,H
GAYAPROJ,BZ,GAYATRI PROJECTS LTD,H
GICL,SM,GLOBE INTL CARRIERS LTD,H
GKWLIMITED,BE,GKW LIMITED,H
GLOBE,EQ,GLOBE TEXTILES (I) LTD.,H
GOENKA,BZ,GOENKA DIAMOND&JEWELS LTD,H
GPTINFRA,BE,GPT INFRAPROJECTS LTD,H
GRETEX,ST,GRETEX INDUSTRIES LTD.,H
GTECJAINX,BE,G-TEC JAINX EDUCATION LTD,H
HEXATRADEX,EQ,HEXA TRADEX LIMITED,H
HINDMOTORS,EQ,HINDUSTAN MOTORS LIMITED,H
HMT,BZ,HMT LTD -,H
IITL,EQ,INDUSTRIAL INV TRUST LTD,H
KARMAENG,EQ,KARMA ENERGY LIMITED,H
KAUSHALYA,EQ,KAUSHALYA INFRA DEV LTD.,H
KAYA,EQ,KAYA LIMITED,H
KONTOR,SM,KONTOR SPACE LIMITED,H
KRIDHANINF,BE,KRIDHAN INFRA LIMITED,H
LAGNAM,BE,LAGNAM SPINTEX LIMITED,H
LRRPL,SM,LEAD REC AND RUB PROD LTD,H
MANAKALUCO,EQ,MANAK ALUMINIUM CO. LTD.,H
MARINE,EQ,MARINE ELECTRICAL (I) LTD,H
MASON,ST,MASON INFRATECH LIMITED,H
MAXIND,EQ,MAX INDIA LIMITED,H
MCLEODRUSS,EQ,MCLEOD RUSSEL INDIA LTD.,H
MONOPHARMA,SM,MONO PHARMACARE LIMITED,H
MPTODAY,SM,M P TODAY MEDIA LIMITED,H
MSPL,EQ,MSP STEEL & POWER LTD.,H
NAGREEKCAP,BE,NAGREEKA CAP & INFR.LTD,H
NDRAUTO,EQ,NDR AUTO COMPONENTS LTD,H
NEPHROCARE,ST,NEPHRO CARE INDIA LIMITED,H
OLIL,SM,ONECLICK LOGISTICS IND L,H
OSIAHYPER,BE,OSIA HYPER RETAIL LIMITED,H
PANACHE,BE,PANACHE DIGILIFE LIMITED,H
PREMIER,BE,PREMIER LIMITED,H
PRITIKA,SM,PRITIKA ENG COMPO LTD,H
RADAAN,BE,RADAAN MEDIAWORKS (I) LTD,H
RAJTV,BE,RAJ TV NETWORK LTD,H
RBMINFRA,SM,RBM INFRACON LIMITED,H
RELIABLE,EQ,RELIABLE DATA SERVICE LTD,H
RETAIL,EQ,JHS SVENDGAARD RETAIL V L,H
REXPIPES,SM,REX PIPES AND CABLES LTD,H
RSSOFTWARE,BE,R. S. SOFTWARE (INDIA) LI,H
SABAR,SM,SABAR FLEX INDIA LIMITED,H
SABEVENTS,BE,SAB EVENTS & GOVERNANCE,H
SADBHIN,EQ,SADBHAV INFRA PROJ LTD.,H
SAGARDEEP,EQ,SAGARDEEP ALLOYS LIMITED,H
SAMPANN,BE,SAMPANN UTPADAN INDIA LTD,H
SARTELE,SM,SAR TELEVENTURE LIMITED,H
SEYAIND,BE,SEYA INDUSTRIES LIMITED,H
SHAKTIPUMP,BE,SHAKTI PUMPS (I) LTD,H
SHREERAMA,BE,SHREE RAMA MULTI TECH LTD,H
SITINET,BE,SITI NETWORKS LIMITED,H
SKYGOLD,BE,SKY GOLD LIMITED,H
SOLARAPP,E1,SOLAR ACT RS.3.50 PPD UP,H
SPRL,ST,SP REFRACTORIES LIMITED,H
SUPREMEENG,BE,SUPREME ENGINEERING LTD,H
SYLVANPLY,ST,SYLVAN PLYBOARD (INDIA) L,H
TARMAT,BE,TARMAT LIMITED,H
TPHQ,EQ,TEAMO PRODUCTIONS HQ LTD,H
TVVISION,BE,TV VISION LIMITED,H
UMESLTD,EQ,USHA MARTIN EDU & SOL LTD,H
VASA,SM,VASA RETAIL & OVERSEA LTD,H
VERTOZ,EQ,VERTOZ ADVERTISING LTD,H
VLEGOV,BE,VL E GOV AND IT SOL LTD,H
WALCHANNAG,EQ,WALCHANDNAGAR INDUSTRIES,H
WEL,BE,WONDER ELECTRICALS LTD,H
WINNY,ST,WINNY IMMIGRA & EDU SER L,H
YUKEN,EQ,YUKEN INDIA LIMITED,H
AAKASH,BE,AAKASH EXPLORATION SER L,L
ABMINTLLTD,BE,ABM INTERNATIONAL LTD,L
AGUL,SM,A G UNIVERSAL LIMITED,L
AILIMITED,ST,ABHISHEK INTEGRATIONS LTD,L
AIMTRON,SM,AIMTRON ELECTRONICS LTD,L
AKSHOPTFBR,EQ,AKSH OPTIFIBRE LIMITED,L
ALPEXSOLAR,SM,ALPEX SOLAR LIMITED,L
ANSALAPI,BZ,ANSAL PROP & INFRA LTD,L
APS,SM,AUSTRALIAN PREM SOLAR I L,L
ARSHIYA,BE,ARSHIYA LIMITED,L
ASHIMASYN,EQ,ASHIMA LTD,L
ASIANENE,EQ,ASIAN ENERGY SERVICES LTD,L
ASMS,EQ,BARTRONICS INDIA LIMITED,L
ATMASTCO,SM,ATMASTCO LIMITED,L
BALAJITELE,EQ,BALAJI TELEFILMS LIMITED.,L
BURNPUR,BE,BURNPUR CEMENT LTD.,L
CCHHL,BE,COUNTRY CLUB HOSP HOL LTD,L
CELLECOR,SM,CELLECOR GADGETS LIMITED,L
CLOUD,SM,VARANIUM CLOUD LIMITED,L
DCMFINSERV,BE,DCM FINANCIAL SERVICES LT,L
DHTL,SM,DOCMODE HEALTH TECH LTD,L
DOLPHIN,BE,DOLPHIN OFF ENT (IND) L,L
DPEL,ST,DIVINE POWER ENERGY LTD,L
DRCSYSTEMS,BE,DRC SYSTEMS INDIA LIMITED,L
DREDGECORP,EQ,DREDGING CORP OF INDIA,L
DRONE,SM,DRONE DESTINATION LIMITED,L
DTL,ST,DIENSTEN TECH LIMITED,L
E2E,BE,E2E NETWORKS LIMITED,L
EIMCOELECO,BE,EIMCO ELECON (INDIA) LTD,L
ENFUSE,SM,ENFUSE SOLUTIONS LIMITED,L
EQUIPPP,BE,EQUIPPP SOC IMP TECH LTD,L
ESCONET,SM,ESCONET TECHNOLOGIES LTD,L
FELDVR,BE,FUTURE ENTERPRISES LTD,L
FELIX,SM,FELIX INDUSTRIES LTD.,L
FROG,SM,FROG CELLSAT LIMITED,L
GENUSPOWER,EQ,GENUS POWER INFRASTRU LTD,L
GIRIRAJ,ST,GIRIRAJ CIVIL DEVP LTD,L
GMRP&UI,EQ,GMR POW AND URBAN INFRA L,L
GODHA,EQ,GODHA CABCON INSULAT LTD,L
GOYALALUM,BE,GOYAL ALUMINIUMS LIMITED,L
GPTINFRA,BE,GPT INFRAPROJECTS LTD,L
GREENPOWER,EQ,ORIENT GREEN POWER CO LTD,L
GRETEX,ST,GRETEX INDUSTRIES LTD.,L
GSMFOILS,ST,GSM FOILS LIMITED,L
GSS,BE,GSS INFOTECH LIMITED,L
GTECJAINX,BE,G-TEC JAINX EDUCATION LTD,L
GTLINFRA,EQ,GTL INFRA.LTD,L
HECPROJECT,BE,HEC INFRA PROJECTS LTD,L
HILTON,EQ,HILTON METAL FORGING LTD,L
HIRECT,EQ,HIND RECTIFIER LIMITED,L
HOMESFY,ST,HOMESFY REALTY LIMITED,L
HUBTOWN,BE,HUBTOWN LIMITED,L
INDOTECH,BE,INDO TECH TRANSFORM LTD.,L
INDSWFTLTD,BE,IND-SWIFT LIMITED,L
IRIS,BE,IRIS BUSINESS SERV LTD,L
ISHAN,SM,ISHAN INTERNATIONAL LTD,L
JPASSOCIAT,BE,JAIPRAKASH ASSOCIATES LTD,L
JUBLINDS,EQ,JUBILANT INDUSTRIES LTD,L
K2INFRA,SM,K2 INFRAGEN LIMITED,L
KARMAENG,EQ,KARMA ENERGY LIMITED,L
KCEIL,SM,KAY CEE ENERGY & INFRA L,L
KNAGRI,SM,KN AGRI RESOURCES LIMITED,L
KODYTECH,SM,KODY TECHNOLAB LIMITED,L
KONSTELEC,SM,KONSTELEC ENGINEERS LTD,L
KRISHCA,SM,KRISHCA STRAPPING SLTN L,L
KRISHNADEF,SM,KRISHNA DEF AND ALD IND L,L
KSHITIJPOL,BE,KSHITIJ POLYLINE LIMITED,L
LATTEYS,BE,LATTEYS INDUSTRIES LTD,L
LPDC,BE,LANDMARK PR.DEV.CO.LTD,L
MADHUCON,BE,MADHUCON PROJECTS LTD.,L
MAITREYA,SM,MAITREYA MEDICARE LIMITED,L
MANORG,BE,MANGALAM ORGANICS LIMITED,L
MASON,ST,MASON INFRATECH LIMITED,L
MASTER,SM,MASTER COMPONENTS LIMITED,L
MCON,SM,MCON RASAYAN INDIA LTD,L
MEDIORG,ST,MEDICAMEN ORGANICS LTD,L
MEGAFLEX,SM,MEGA FLEX PLASTICS LTD,L
MICEL,BE,MIC ELECTRONICS LTD,L
MKPL,BE,M K PROTEINS LIMITED,L
NIRMAN,SM,NIRMAN AGRI GENTICS LTD,L
NOIDATOLL,BE,NOIDA TOLL BRIDGE CO LTD,L
OMAXE,EQ,OMAXE LIMITED,L
ONEPOINT,EQ,ONE POINT ONE SOL LTD,L
ORIANA,SM,ORIANA POWER LIMITED,L
PCCL,ST,PETRO CARBON AND CHEMI L,L
PERFECT,SM,PERFECT INFRAENGINEER LTD,L
PRATHAM,SM,PRATHAM EPC PROJECTS LTD,L
PREMEXPLN,BE,PREMIER EXPLOSIVES LTD,L
PURVA,BE,PURAVANKARA LIMITED,L
QUADPRO,SM,QUADPRO ITES LIMITED,L
RAJRILTD,BE,RAJ RAYON INDUSTRIES LTD,L
RAJTV,BE,RAJ TV NETWORK LTD,L
REFRACTORY,SM,REFRACTORY SHAPES LIMITED,L
RILINFRA,SM,RACHANA INFRA LTD,L
RKEC,BE,RKEC PROJECTS LIMITED,L
RSSOFTWARE,BE,R. S. SOFTWARE (INDIA) LI,L
SADBHAV,BE,SADBHAV ENGINEERING LTD,L
SAHANA,SM,SAHANA SYSTEM LIMITED,L
SAMBHAAV,EQ,SAMBHAAV MEDIA LTD,L
SAMPANN,BE,SAMPANN UTPADAN INDIA LTD,L
SARTELE,SM,SAR TELEVENTURE LIMITED,L
SECURCRED,BE,SECUR CREDENTIALS LIMITED,L
SHAKTIPUMP,BE,SHAKTI PUMPS (I) LTD,L
SHRENIK,BE,SHRENIK LIMITED,L
SIMPLEXINF,BE,SIMPLEX INFRASTRUCTURES L,L
SOLARA,EQ,SOLARA ACTIVE PHA SCI LTD,L
SOLEX,SM,SOLEX ENERGY LIMITED,L
SOMICONVEY,BE,SOMI CONVEYOR BELT. LTD.,L
SONUINFRA,SM,SONU INFRATECH LIMITED,L
SPCL,ST,SHIVALIC POWER CONTROL L,L
SPECTRUM,SM,SPECTRUM ELECTRIC IND LTD,L
SPRL,ST,SP REFRACTORIES LIMITED,L
SURANAT&P,BE,SURANA TELECOM AND POW LT,L
SUVEN,EQ,SUVEN LIFE SCIENCES LTD,L
SYLVANPLY,ST,SYLVAN PLYBOARD (INDIA) L,L
TAPIFRUIT,SM,TAPI FRUIT PROCESSING LTD,L
TARACHAND,BE,TARA CHAND INFRA SOLN LTD,L
TBI,SM,TBI CORN LIMITED,L
TCLCONS,EQ,TANTIA CONSTRUCTIONS LTD,L
TECHIN,BE,TECHINDIA NIRMAN LIMITED,L
TECHLABS,SM,TRIDENT TECHLABS LIMITED,L
TECHNOE,BE,TECHNO ELEC & ENG CO. LTD,L
TGL,SM,TEERTH GOPICON LIMITED,L
TIMESCAN,SM,TIMESCAN LOGISTICS IND L,L
TIRUPATIFL,BE,TIRUPATI FORGE LIMITED,L
TPHQ,EQ,TEAMO PRODUCTIONS HQ LTD,L
TRIGYN,BE,TRIGYN TECHNOLOGIES LTD,L
UMESLTD,EQ,USHA MARTIN EDU & SOL LTD,L
USK,BE,UDAYSHIVAKUMAR INFRA LTD,L
VASA,SM,VASA RETAIL & OVERSEA LTD,L
VEEKAYEM,SM,VEEKAYEM FASH & APP LTD,L
VERITAAS,SM,VERITAAS ADVERTISING LTD,L
VERTEXPLUS,ST,VERTEXPLUS TECHNOLOGIES L,L
VERTOZ,EQ,VERTOZ ADVERTISING LTD,L
VINYAS,SM,VINYAS INNOVATIVE TECH L,L
VISHNUINFR,SM,VISHNUSURYA PROJ N INFR L,L
VIVIANA,SM,VIVIANA POWER TECH LTD,L
VLEGOV,BE,VL E GOV AND IT SOL LTD,L
VMARCIND,SM,V MARC INDIA LIMITED,L
VSCL,ST,VADIVARHE SPCLTY CHEM LTD,L
WALCHANNAG,EQ,WALCHANDNAGAR INDUSTRIES,L
WEIZMANIND,BE,WEIZMANN LTD,L
WINSOME,BE,WINSOME YARNS LIMITED,L
WOMANCART,SM,WOMANCART LIMITED,L
ZENITHSTL,BE,ZENITH STEEL PIP IND LTD,L
ZTECH,SM,Z-TECH (INDIA) LIMITED,L
