GAIN_LOSS,SECURITY,CLOSE_PRIC,PREV_CL_PR,PERCENT_CG
 ,Nifty 50 Sec., , , 
 , , , , 
G,ASIAN PAINTS LIMITED,      2996.45,      2905.00,3.15
G,SBI LIFE INSURANCE CO LTD,      1558.80,      1524.75,2.23
G,DIVI S LABORATORIES LTD,      4636.95,      4551.95,1.87
G,BRITANNIA INDUSTRIES LTD,      5755.55,      5668.85,1.53
G,GRASIM INDUSTRIES LTD,      2802.15,      2761.80,1.46
G,HDFC LIFE INS CO LTD,       632.75,       623.65,1.46
G,POWER GRID CORP. LTD.,       346.05,       341.15,1.44
G,NTPC LTD,       381.40,       377.05,1.15
G,APOLLO HOSPITALS ENTER. L,      6375.70,      6320.30,.88
G,SUN PHARMACEUTICAL IND L,      1598.55,      1585.40,.83
G,HINDUSTAN UNILEVER LTD.,      2610.45,      2590.15,.78
G,TATA CONSUMER PRODUCT LTD,      1150.80,      1142.20,.75
G,ADANI PORT & SEZ LTD,      1487.80,      1478.00,.66
G,BHARTI AIRTEL LIMITED,      1445.05,      1435.55,.66
G,EICHER MOTORS LTD,      4849.15,      4828.70,.42
G,TITAN COMPANY LIMITED,      3225.00,      3215.15,.31
G,OIL AND NATURAL GAS CORP.,       298.15,       297.45,.24
G,AXIS BANK LIMITED,      1291.65,      1289.40,.17
G,DR. REDDY S LABORATORIES,      6592.55,      6582.85,.15
G,BAJAJ AUTO LIMITED,      9542.45,      9534.10,.09
G,CIPLA LTD,      1513.20,      1512.05,.08
G,BAJAJ FINSERV LTD.,      1582.55,      1581.60,.06
G,BHARAT PETROLEUM CORP  LT,       300.35,       300.20,.05
 , , , , 
L,MAHINDRA & MAHINDRA LTD,      2732.00,      2925.50,-6.61
L,TATA STEEL LIMITED,       167.98,       171.80,-2.22
L,HINDALCO  INDUSTRIES  LTD,       693.30,       707.00,-1.94
L,TATA CONSULTANCY SERV LT,      3909.15,      3985.50,-1.92
L,HERO MOTOCORP LIMITED,      5508.75,      5589.15,-1.44
L,STATE BANK OF INDIA,       849.00,       861.30,-1.43
L,HCL TECHNOLOGIES LTD,      1509.95,      1531.10,-1.38
L,SHRIRAM FINANCE LIMITED,      2762.10,      2792.00,-1.07
L,JSW STEEL LIMITED,       925.40,       935.30,-1.06
L,WIPRO LTD,       535.55,       541.00,-1.01
L,KOTAK MAHINDRA BANK LTD,      1829.85,      1847.85,-0.97
L,TATA MOTORS LIMITED,      1005.50,      1014.95,-0.93
L,HDFC BANK LTD,      1626.10,      1636.50,-0.64
L,NESTLE INDIA LIMITED,      2616.45,      2633.10,-0.63
L,COAL INDIA LTD,       490.75,       493.80,-0.62
L,INDUSIND BANK LIMITED,      1425.95,      1434.25,-0.58
L,INFOSYS LIMITED,      1648.25,      1657.15,-0.54
L,ADANI ENTERPRISES LIMITED,      3096.00,      3110.75,-0.47
L,LARSEN & TOUBRO LTD.,      3650.05,      3666.10,-0.44
L,MARUTI SUZUKI INDIA LTD.,     12772.80,     12827.70,-0.43
L,ICICI BANK LTD.,      1243.20,      1248.25,-0.4
L,ULTRATECH CEMENT LIMITED,     11634.25,     11679.80,-0.39
L,RELIANCE INDUSTRIES LTD,      3168.45,      3180.55,-0.38
L,ITC LTD,       451.45,       452.60,-0.25
L,BAJAJ FINANCE LIMITED,      7054.95,      7068.05,-0.19
L,TECH MAHINDRA LIMITED,      1463.35,      1465.75,-0.16
L,LTIMINDTREE LIMITED,      5376.25,      5377.15,-0.02
 , , , , 
 ,Nifty Next 50 Sec., , , 
 , , , , 
G,INDIAN RAILWAY FIN CORP L,       203.71,       195.85,4.01
G,REC LIMITED,       629.85,       611.95,2.93
G,BERGER PAINTS (I) LTD,       526.30,       513.85,2.42
G,GODREJ CONSUMER PRODUCTS,      1444.10,      1412.15,2.26
G,ICICI PRU LIFE INS CO LTD,       660.75,       646.50,2.2
G,SBI CARDS & PAY SER LTD,       745.30,       729.90,2.11
G,POWER FIN CORP LTD.,       560.80,       550.15,1.94
G,LIFE INSURA CORP OF INDIA,      1049.50,      1032.35,1.66
G,PIDILITE INDUSTRIES LTD,      3161.65,      3113.90,1.53
G,COLGATE PALMOLIVE LTD.,      3040.50,      2995.55,1.5
G,MARICO LIMITED,       646.10,       637.80,1.3
G,ZYDUS LIFESCIENCES LTD,      1180.15,      1165.45,1.26
G,CHOLAMANDALAM IN & FIN CO,      1421.05,      1403.50,1.25
G,ICICI LOMBARD GIC LIMITED,      1877.75,      1857.25,1.1
G,SIEMENS LTD,      7846.65,      7763.90,1.07
G,AVENUE SUPERMARTS LIMITED,      4834.45,      4806.35,0.58
G,TORRENT PHARMACEUTICALS L,      2951.75,      2936.10,0.53
G,SHREE CEMENT LIMITED,     27905.45,     27776.30,0.46
G,HAVELLS INDIA LIMITED,      1929.45,      1921.05,0.44
G,ADANI POWER LTD,       727.55,       724.95,0.36
G,SRF LTD,      2399.95,      2392.00,0.33
G,DABUR INDIA LTD,       631.70,       630.20,0.24
G,INDIAN OIL CORP LTD,       171.90,       171.67,0.13
G,TVS MOTOR COMPANY  LTD,      2440.25,      2438.20,0.08
G,GAIL (INDIA) LTD,       229.23,       229.11,0.05
 , , , , 
L,PUNJAB NATIONAL BANK,       119.22,       122.39,-2.59
L,INFO EDGE (I) LTD,      6781.70,      6944.60,-2.35
L,BANK OF BARODA,       256.55,       261.70,-1.97
L,VEDANTA LIMITED,       456.70,       465.65,-1.92
L,AMBUJA CEMENTS LTD,       665.00,       677.65,-1.87
L,JINDAL STEEL & POWER LTD,      1007.85,      1021.85,-1.37
L,SAMVRDHNA MTHRSN INTL LTD,       200.50,       203.03,-1.25
L,CANARA BANK,       114.76,       116.00,-1.07
L,HINDUSTAN AERONAUTICS LTD,      5486.15,      5539.60,-0.96
L,BAJAJ HOLDINGS & INVS LTD,      9767.80,      9848.00,-0.81
L,VARUN BEVERAGES LIMITED,      1599.35,      1611.50,-0.75
L,BOSCH LIMITED,     35389.95,     35612.45,-0.62
L,INDIAN RAIL TOUR CORP LTD,      1021.85,      1027.90,-0.59
L,ABB INDIA LIMITED,      8542.85,      8591.00,-0.56
L,ZOMATO LIMITED,       211.37,       212.56,-0.56
L,INTERGLOBE AVIATION LTD,      4281.25,      4305.10,-0.55
L,JIO FIN SERVICES LTD,       347.95,       349.85,-0.54
L,TRENT LTD,      5568.00,      5592.85,-0.44
L,TATA POWER CO LTD,       437.35,       438.95,-0.36
L,BHARAT ELECTRONICS LTD,       333.85,       334.80,-0.28
L,DLF LIMITED,       836.70,       838.55,-0.22
L,ADANI TOTAL GAS LIMITED,       890.65,       891.85,-0.13
L,ADANI GREEN ENERGY LTD,      1755.65,      1756.30,-0.04
L,ADANI ENERGY SOLUTION LTD,      1003.25,      1003.45,-0.02
 , , , , 
 ,OTHER SECURITIES, , , 
 , , , , 
G,JHS SVENDGAARD RETAIL V L,        44.86,        37.39,19.98
G,ONECLICK LOGISTICS IND L,       119.85,        99.90,19.97
G,SEC RE NCD SR II,      1215.00,      1016.10,19.57
G,NDR AUTO COMPONENTS LTD,      1106.75,       931.65,18.79
G,SHOPPERS STOP LIMITED,       895.95,       767.10,16.8
G,RAIL VIKAS NIGAM LIMITED,       609.95,       542.75,12.38
G,BIRLASLAMC - ABGSEC,       111.78,       100.08,11.69
G,GE POWER INDIA LIMITED,       597.45,       536.95,11.27
G,INDIGO PAINTS LIMITED,      1538.20,      1390.10,10.65
G,IZMO LIMITED,       476.50,       431.00,10.56
G,TALBROS AUTO. COMP. LTD,       373.30,       338.15,10.39
G,RAJESH EXPORTS LTD,       315.35,       286.40,10.11
G,SAGARDEEP ALLOYS LIMITED,        32.23,        29.30,10
G,MANAK ALUMINIUM CO. LTD.,        35.58,        32.35,9.98
G,GLOBE TEXTILES (I) LTD.,         4.14,         3.77,9.81
G,YUKEN INDIA LIMITED,      1537.05,      1400.50,9.75
G,AWFIS SPACE SOLUTIONS LTD,       600.35,       548.20,9.51
G,DE NEERS TOOLS LIMITED,       207.60,       191.00,8.69
G,INTERIORS & MORE LIMITED,       286.50,       264.00,8.52
G,MAX ESTATES LIMITED,       528.35,       487.45,8.39
G,HI-TECH PIPES LIMITED,       138.91,       128.92,7.75
G,RASHI PERIPHERALS LIMITED,       440.45,       409.75,7.49
G,PC JEWELLER LTD,        66.34,        61.77,7.4
G,D-LINK INDIA LTD,       636.55,       594.85,7.01
G,HEMISPHERE PROP IND LTD,       216.27,       202.14,6.99
G,R.P.P INFRA PROJECTS LTD,       176.53,       165.50,6.66
G,PFIZER LTD,      5018.80,      4711.70,6.52
G,ETHOS LIMITED,      2919.60,      2743.30,6.43
G,SHREE KARNI FABCOM LTD,       796.85,       751.65,6.01
G,SHEETAL COOL PRODUCTS LTD,       588.50,       555.30,5.98
 , , , , 
L,ARISTO BIO T AND LIFESC L,       102.15,       111.05,-8.01
L,BLUE STAR LIMITED,      1711.05,      1845.20,-7.27
L,SAH POLYMERS LIMITED,        86.04,        92.45,-6.93
L,BASILIC FLY STUDIO LTD,       539.35,       578.85,-6.82
L,ASPIRE & INNOVATIVE ADV L,       117.25,       125.75,-6.76
L,ASHAPURA MINECHEM LTD,       406.05,       434.70,-6.59
L,TARC LIMITED,       210.63,       225.15,-6.45
L,BEACON TRUSTEESHIP LTD,       126.35,       134.70,-6.2
L,KREBS BIOCHEMICALS & IND,        79.19,        84.38,-6.15
L,HOAC FOODS INDIA LIMITED,       160.10,       170.50,-6.1
L,BALAJI TELEFILMS LIMITED.,        67.20,        71.40,-5.88
L,GP ECO SOLUTIONS INDIA L,       376.25,       399.60,-5.84
L,VALOR ESTATE LIMITED,       205.54,       218.29,-5.84
L,MARATHON NXTGEN REALT LTD,       587.90,       624.05,-5.79
L,BEW ENGINEERING LIMITED,      1559.30,      1653.50,-5.7
L,AURUM RS. 3.12 PPD UP,       118.60,       125.75,-5.69
L,THIRUMALAI CHEMICALS LTD,       305.55,       323.95,-5.68
L,MADRAS FERTILISERS LTD,       122.74,       130.08,-5.64
L,AMINES & PLASTICIZERS LTD,       283.10,       299.90,-5.6
L,PRAKASH INDUSTRIES LTD,       192.75,       204.18,-5.6
L,DCM NOUVELLE LIMITED,       252.19,       267.03,-5.56
L,SHANTHALA FMCG PRODUCTS L,        72.65,        76.90,-5.53
L,THEJO ENGINEERING LIMITED,      3112.20,      3293.15,-5.49
L,HARRISON MALAYALAM LTD,       223.41,       236.31,-5.46
L,N.B.I. IND. FIN. CO. LTD,      2151.20,      2275.40,-5.46
L,KIRLOSKAR BROTHERS LTD,      2342.30,      2477.50,-5.46
L,GODHA CABCON INSULAT LTD,         1.04,         1.10,-5.45
L,B.L.KASHYAP & SON LTD,        98.27,       103.93,-5.45
L,DHUNSERI TEA & IND. LTD.,       224.50,       237.43,-5.45
L,DURLAX TOP SURFACE LTD,        87.65,        92.65,-5.4
