SECURITY,NEW,PREVIOUS,NEW_STATUS
SUPRAJIT ENGINEERING LTD,553.7,542,H
POWER FIN CORP LTD.,567.6,559.75,H
POLY MEDICURE LIMITED,2236.6,2158.45,H
ICICI LOMBARD GIC LIMITED,1884.55,1877.4,H
2.50%GOLDBONDS 2025TR-VII,7795,7684.4,H
MIC ELECTRONICS LTD,89.9,43.55,H
ICICIPRAMC - ICICILIQ,1029,1005.5,H
SAMPANN UTPADAN INDIA LTD,42.27,40.89,H
SDL MH 7.7% 2033,99.87,98.7,H
21ST CENTURY MGMT SERVICE,77.96,76.44,H
GOI TBILL 364D-02/05/25,94.57,93.98,H
GO DIGIT GENERAL INS LTD,375,372,H
WINNY IMMIGRA & EDU SER L,286.25,284.6,H
SEC RED NCD SR.VIII,1460,1452,H
GOI TBILL 364D-17/10/24,98.13,97.74,H
GOI TBILL 182D-26/12/24,96.84,96.69,H
NEULAND LAB LTD.,8198.95,8079,H
REC LIMITED,637.2,619.2,H
GANESHA ECOSPHERE LIMITED,1495.9,1450,H
CPSE ETF,100.79,100.49,H
WELSPUN ENTERPRISES LTD.,540.8,533.05,H
HIMADRI SPECIALITY CHEM L,442.9,425.65,H
HB STOCKHOLDINGS LIMITED,138.25,137,H
INSPIRISYS SOLUTIONS LTD,132.1,127.9,H
2.50%GOLDBONDS2027SR-VII,7799,7749,H
2.50%GOLDBONDS2028SR-VI,7900,7701,H
2.50%GOLDBONDS2029SR-XII,7762.25,7720,H
MMP INDUSTRIES LIMITED,323.2,309.9,H
NDR AUTO COMPONENTS LTD,1117.95,986.9,H
GKW LIMITED,3578.45,3408.05,H
KALPATARU PROJECT INT LTD,1384.95,1342.6,H
MIRAEAMC - MAM150ETF,22.25,22,H
DC INFOTECH AND COMUN LTD,328.71,313.06,H
GOI TBILL 182D-12/09/24,99,98.66,H
GRETEX INDUSTRIES LTD.,140.35,133.7,H
8.92% SEC RED BOND S3B,1300,1299,H
ORIENTAL CARBN & CHEM LTD,229.8,228,H
PLATINUM INDUSTRIES LTD,243.9,241.4,H
GOI TBILL 91D-29/08/24,98.99,98.85,H
SYLVAN PLYBOARD (INDIA) L,85.4,81.35,H
SHOPPERS STOP LIMITED,920,888.5,H
SOLAR INDUSTRIES (I) LTD,12666,12539.25,H
D-LINK INDIA LTD,675,619,H
KARMA ENERGY LIMITED,81.95,78.15,H
HMT LTD -,80.06,76.25,H
ROLEX RINGS LIMITED,2767.1,2677.4,H
TATAAML - TNIDETF,89.01,88.78,H
TUBE INVEST OF INDIA LTD,4681.7,4540.05,H
KEYNOTE FIN SERV LTD.,201.4,198,H
LAGNAM SPINTEX LIMITED,159.81,158.25,H
ICICI PRUD NIFTY ETF,277.85,270.12,H
ICICIPRAMC - ICICI500,39.09,39,H
MARSHALL MACHINES LTD,36.01,35.31,H
SEC RE NCD SR III,989.8,984,H
GOI LOAN  7.02% 2031,100.75,100.7,H
GOI TBILL 364D-10/10/24,98.26,97.88,H
MAHARASHTRA SCOOTERS LTD,9490,9429.9,H
NIP IND ETF JUNIOR BEES,810.7,790.9,H
YUKEN INDIA LIMITED,1540.55,1479.7,H
ISGEC HEAVY ENG LTD,1425,1404.9,H
2.5%GOLDBONDS2029SR-I,7777,7688,H
2.50%GOLDBONDS2028SR-II,7675,7669.9,H
NIRMAN AGRI GENTICS LTD,451,439.05,H
SKY GOLD LIMITED,2131.15,2029.7,H
MIRAEAMC - MANV30F,200.35,197.83,H
ABANS HOLDINGS LIMITED,542.9,533.8,H
PTC INDUSTRIES LIMITED,15702.1,15299.9,H
2.50%GOLDBONDS2031SR-II,7789,7785,H
BGR ENERGY SYSTEMS LTD,48.59,44.4,H
GOI TBILL 364D-18/04/25,94.82,94.47,H
GOI TBILL 182D-02/01/25,96.5,96.45,H
SDL KA 6.53% 2030,96.05,95,H
SHRIRAM - LIQUIDSHRI,1001.33,1001.01,H
DR. REDDY S LABORATORIES,6604.45,6595,H
HDFCAMC - HDFCQUAL,59.31,59,H
ASIAN ENERGY SERVICES LTD,351.8,349,H
CONCORD BIOTECH LIMITED,1799,1745,H
SHEKHAWATI POLY-YARN LTD.,5.01,4.92,H
MAX ESTATES LIMITED,536,505,H
GOI TBILL 364D-12/12/24,96.85,96.6,H
TECHNO ELEC & ENG CO. LTD,1599.1,1599,H
NITIRAJ ENGINEERS LTD,290,289.65,H
SEC RE NCD 8.5% SR.I,1017,1015,H
LATENT VIEW ANALYTICS LTD,539.65,533,H
DHRUV CONSULTANCY SER LTD,130.15,123.55,H
SOLAR ACT RS.3.50 PPD UP,344.95,328.55,H
KAVVERI TEL. LTD.,25.21,24.72,H
SEC RE NCD 0% SR.V,1188,1144,H
TAX FREE7.35% SR.IIA,1130,1124,H
SEC RE NCD 9.9% SR IV,974.7,923.25,H
NEPHRO CARE INDIA LIMITED,207.75,197.9,H
SDL MH 7.49% 2030,100.1,99.75,H
NIP IND ETF SHARIAH BEES,552.8,543.15,H
SBI-ETF NIFTY NEXT 50,783.65,782.61,H
LCC INFOTECH LTD,4.51,4.43,H
2.50% GOLDBONDS2025SR-IV,7699.95,7550,H
COMPUTER AGE MNGT SER LTD,4327.75,4067.4,H
SGB2.50%JUL2025SR-II17-18,7750,7600,H
SHREE TIRUPATI BALAJEE,798,793,H
NIP IND ETF MIDCAP 150,222.99,221.47,H
ONECLICK LOGISTICS IND L,119.85,103.45,H
RASHI PERIPHERALS LIMITED,449,422.5,H
GOI TBILL 182D-15/08/24,99.5,99.2,H
GOI TBILL 91D-25/07/24,99.72,99.6,H
SEC RE NCD SR.V,1261.7,1259.75,H
INTERIORS & MORE LIMITED,316,315,H
GOI TBILL 182D-07/11/24,97.74,97.53,H
SMARTLINK HOLDINGS LTD,327.05,320.65,H
SEC RE NCD SR.III,1120,1119,H
MASON INFRATECH LIMITED,129.8,123.65,H
GLENMARK PHARMACEUTICALS,1385,1366.95,H
VLS FINANCE LTD,337.15,329.8,H
WELSPUN CORP LIMITED,661.8,654.5,H
KAUSHALYA INFRA DEV LTD.,1109,1056.2,H
ZYDUS LIFESCIENCES LTD,1190,1184.15,H
2.50%GOLDBONDS2027SR-I,7599.98,7580,H
2.50%GOLDBONDS2027SR-IV,7610,7600,H
2.50%GOLDBONDS2029SR-IX,7648.89,7629.99,H
NIPPONAMC - NETFPHARMA,21.12,21.09,H
NIP IND ETF ETF NV20,157.5,154.7,H
KONTOR SPACE LIMITED,126.8,123,H
GOI TBILL 364D-14/11/24,97.61,97.29,H
SEC RE NCD SR II,1215,1029,H
IL&FS TRANS NET LTD,8.44,6.3,H
REFRACTORY SHAPES LIMITED,283,271.45,H
GOI TBILL 364D-06/03/25,95.58,94.5,H
TEAMO PRODUCTIONS HQ LTD,1.74,1.66,H
AWFIS SPACE SOLUTIONS LTD,613.45,592,H
ASTRON PAPER BORD MIL LTD,29.16,23.85,H
GOI TBILL 364D-03/10/24,98.39,98.03,H
MARUTI SUZUKI INDIA LTD.,13300,13073.95,H
IZMO LIMITED,494.7,443,H
GMR POW AND URBAN INFRA L,99,97.5,H
2.50%GOLDBONDS2030SR-I,7799,7731,H
2.50%GOLDBONDS2030SR-IX,7740,7700,H
MAX INDIA LIMITED,338,335.9,H
MOTILAL OS MIDCAP100 ETF,62.9,61.95,H
GOI TBILL 364D-02/01/25,96.71,96.26,H
SETCO AUTOMOTIVE LTD,15.82,15.81,H
AGARWAL FLOAT GLASS I LTD,81,78.25,H
GOI LOAN  7.34% 2064,105.5,105.45,H
SRI ADHIKARI BRO TELE N L,283.99,278.43,H
UN SE RE NCD 8.55% SR.VI,1069,1050,H
SEC RE NCD 8.50% SR 3,993,965,H
DIGIDRIVE DISTRIBUTORS L,34.95,35.67,L
INDIFRA LIMITED,31.5,32.75,L
SEC RE NCD 9.60% SR 2,975,990,L
8.79% SEC RED BOND S2B,1118.11,1132,L
MEP INFRA. DEVELOPERS LTD,6.96,7.11,L
ONELIFE CAP ADVISORS LTD,16.66,16.68,L
VRAJ IRON AND STEEL LTD,226.05,234.77,L
ZENITH EXPORTS LTD,355.6,362.85,L
SHRADHA INFRAPROJECTS LTD,156.25,159.44,L
SEC RE NCD 9.55% SR.VII,979,981.1,L
NANDANI CREATION LIMITED,44.98,45.25,L
AKIKO GLOBAL SERVICES L,80.7,81.1,L
DIENSTEN TECH LIMITED,209.4,220.4,L
MEDICAMEN ORGANICS LTD,113,118.95,L
HOAC FOODS INDIA LIMITED,150.3,156,L
FILATEX FASHIONS LIMITED,6.95,7.21,L
PRAXIS HOME RETAIL LTD,13.27,13.55,L
DIVINE POWER ENERGY LTD,112.05,117.95,L
SDL TS 7.7% 2038,98.4,99,L
EQUINOX INDIA DEV LTD,136.8,145,L
BAWEJA STUDIOS LIMITED,82.25,82.7,L
SEPC LIMITED,3,3.42,L
GP ECO SOLUTIONS INDIA L,362.15,383,L
SDL AP 7.71% 2031,98.48,100,L
MAHINDRA EPC IRRIG LTD,153,155.05,L
SEC RE NCD 8.50% SR.IV,935,945,L
BRIGHT SOLAR LIMITED,6.6,6.85,L
NHB 8.93 NCD TR II SR 2 B,5675,5750,L
SECUR CREDENTIALS LIMITED,10.32,10.7,L
LORDS CHLORO ALKALI LTD,124.55,125.2,L
BODHI TREE MULTIMEDIA LTD,13.54,13.82,L

