SERIES,SYMBOL,SECURITY,RECORD_DT,BC_STRT_DT,BC_END_DT,EX_DT,ND_STRT_DT,ND_END_DT,PURPOSE
BE,SONAMLTD,Sonam Clock Limited,10/05/2024, , ,10/05/2024, , ,FVSPLT FRM RS 10 TO RS 5 
BE,GMBREW,GM Breweries Ltd., ,10/05/2024,16/05/2024,09/05/2024, , ,AGM/DIV - RS 7 PER SH    
BE,HDFCBANK,HDFC BANK LTD,10/05/2024, , ,10/05/2024, , ,DIV - RS 19.50 PER SH    
BE,LAURUSLABS,Laurus Labs Limited,08/05/2024, , ,08/05/2024, , ,INTDIV - RE 0.40 PER SH  
BE,VARDMNPOLY,Vardhman Polytex Limited,18/05/2024, , ,17/05/2024, , ,FVSPLT FRM RS 10 TO RE 1 
BE,ABHISHEK,Abhishek Corporation Ltd.,10/05/2024, , ,10/05/2024, , ,CONSO/CAP RED            
BE,BDL,Bharat Dynamics Limited,24/05/2024, , ,24/05/2024, , ,FVSPLT FRM RS 10 TO RS 5 
BE,MAHABANK,Bank of Maharashtra,10/05/2024, , ,10/05/2024, , ,DIV - RS 1.40 PER SH     
BE,RKFORGE,Ramkrishna Forgings Ltd,10/05/2024, , ,10/05/2024, , ,INTDIV - RE 1 PER SH     
BE,ABB,ABB India Limited, ,05/05/2024,11/05/2024,03/05/2024, , ,AGM/DIV RS 23.80 PER SH  
BE,CANBK,Canara Bank,15/05/2024, , ,15/05/2024, , ,FVSPLT FRM RS 10 TO RS 2 
BE,TRIL,Transformers And Rectifie, ,11/05/2024,13/05/2024,10/05/2024, , ,AGM/DIV - RE 0.20 PER SH 
BE,UCOBANK,UCO Bank,10/05/2024, , ,10/05/2024, , ,DIV - RE 0.28 PER SH     
BE,SANOFI,Aventis Pharma Limited, ,04/05/2024,14/05/2024,03/05/2024, , ,ANNUAL GENERAL MEETING   
BE,APTECHT,Aptech Limited,10/05/2024, , ,10/05/2024, , ,INTDIV - RS 4.50 PER SH  
BZ,GMBREW,GM Breweries Ltd., ,10/05/2024,16/05/2024,09/05/2024, , ,AGM/DIV - RS 7 PER SH    
EQ,MAHABANK,Bank of Maharashtra,10/05/2024, , ,10/05/2024, , ,DIV - RS 1.40 PER SH     
EQ,TRIL,Transformers And Rectifie, ,11/05/2024,13/05/2024,10/05/2024, , ,AGM/DIV - RE 0.20 PER SH 
EQ,VARDMNPOLY,Vardhman Polytex Limited,18/05/2024, , ,17/05/2024, , ,FVSPLT FRM RS 10 TO RE 1 
EQ,LAURUSLABS,Laurus Labs Limited,08/05/2024, , ,08/05/2024, , ,INTDIV - RE 0.40 PER SH  
EQ,ABB,ABB India Limited, ,05/05/2024,11/05/2024,03/05/2024, , ,AGM/DIV RS 23.80 PER SH  
EQ,APTECHT,Aptech Limited,10/05/2024, , ,10/05/2024, , ,INTDIV - RS 4.50 PER SH  
EQ,UCOBANK,UCO Bank,10/05/2024, , ,10/05/2024, , ,DIV - RE 0.28 PER SH     
EQ,HDFCBANK,HDFC Bank Ltd.,10/05/2024, , ,10/05/2024, , ,DIV - RS 19.50 PER SH    
EQ,RKFORGE,Ramkrishna Forgings Ltd,10/05/2024, , ,10/05/2024, , ,INTDIV - RE 1 PER SH     
EQ,SANOFI,Aventis Pharma Limited, ,04/05/2024,14/05/2024,03/05/2024, , ,ANNUAL GENERAL MEETING   
EQ,CANBK,Canara Bank,15/05/2024, , ,15/05/2024, , ,FVSPLT FRM RS 10 TO RS 2 
EQ,ABHISHEK,Abhishek Corporation Ltd.,10/05/2024, , ,10/05/2024, , ,CONSO/CAP RED            
EQ,BDL,Bharat Dynamics Limited,24/05/2024, , ,24/05/2024, , ,FVSPLT FRM RS 10 TO RS 5 
EQ,SONAMLTD,Sonam Clock Limited,10/05/2024, , ,10/05/2024, , ,FVSPLT FRM RS 10 TO RS 5 
EQ,MIDSELIETF,ICICI Pru Midcap Sel ETF,10/05/2024, , ,10/05/2024, , ,FVSPLT FRM RS 10 TO RE 1 
EQ,MIDCAPIETF,ICICIPRAMC - ICICIM150,10/05/2024, , ,10/05/2024, , ,FVSPLT FRM RS 10 TO RE 1 
EQ,FMCGIETF,ICICIPRAMC - ICICIFMCG,10/05/2024, , ,10/05/2024, , ,FVSPLT FRM RS 10 TO RE 1 
EQ,GMBREW,GM Breweries Ltd., ,10/05/2024,16/05/2024,09/05/2024, , ,AGM/DIV - RS 7 PER SH    
EQ,NIF100IETF,ICICI Pru Nifty 100 ETF,10/05/2024, , ,10/05/2024, , ,FVSPLT FRM RS 10 TO RE 1 
EQ,ALPL30IETF,ICICIPRAMC - ICICIALPLV,10/05/2024, , ,10/05/2024, , ,FVSPLT FRM RS 10 TO RE 1 
EQ,QUAL30IETF,ICICIPRAMC - ICICIQTY30,10/05/2024, , ,10/05/2024, , ,FVSPLT FRM RS 10 TO RE 1 
GS,824GS2033,GOI LOAN 8.24% 2033,09/05/2024, , ,09/05/2024, , ,INTEREST PAYMENT         
GS,732GS2030,GOI LOAN  7.32% 2030,10/05/2024, , ,10/05/2024, , ,INTEREST PAYMENT         
GS,725GR2028,GOI LOAN   7.25% 2028,10/05/2024, , ,10/05/2024, , ,INTEREST PAYMENT         
GS,GS100524C,GOI STRIPS C 100524,08/05/2024, , , , , ,REDEMPTION               
GS,761GS2030,GOI LOAN 7.61% 2030,08/05/2024, , ,08/05/2024, , ,INTEREST PAYMENT         
IV,OSEINTRUST,Oriental InfraTrust,10/05/2024, , ,10/05/2024, , ,DISTRIBUTION - RS 4.7313 
IV,IRBIT,IRB INFRASTRUCTURE TRUST,09/05/2024, , ,09/05/2024, , ,DISTRIBUTION - RE 0.24   
NA,IBUCCREDIT,SeReNCD8.75%SrVICI&II,10/05/2024, , ,10/05/2024, , ,INTEREST PAYMENT         
NB,IBUCCREDIT,SeReNCD8.84%SrVICIII&IV,10/05/2024, , ,10/05/2024, , ,INTEREST PAYMENT         
NP,IBULHSGFIN,Sec Re NCD 8.20% Sr.VI,09/05/2024, , ,09/05/2024, , ,INTEREST PAYMENT         
NQ,IBULHSGFIN,Sec Re NCD 8.66% Sr.VI,09/05/2024, , ,09/05/2024, , ,INTEREST PAYMENT         
NR,IBUCCREDIT,Sec Re NCD 9.57% Sr.II,10/05/2024, , ,10/05/2024, , ,INTEREST PAYMENT         
NT,IBULHSGFIN,Sec Re NCD 8.89% Sr.VIII,09/05/2024, , ,09/05/2024, , ,INTEREST PAYMENT         
NU,IBUCCREDIT,Sec Re NCD 9.80% Sr.V,10/05/2024, , ,10/05/2024, , ,INTEREST PAYMENT         
NV,IBULHSGFIN,UnSe Re NCD 8.89% Sr.X,09/05/2024, , ,09/05/2024, , ,INTEREST PAYMENT         
NW,IBULHSGFIN,UnSe Re NCD 9.35% Sr.X,09/05/2024, , ,09/05/2024, , ,INTEREST PAYMENT         
NX,DHANILOANS,Sec Re NCD 10.49% Sr.VII,09/05/2024, , ,09/05/2024, , ,INTEREST PAYMENT         
NY,IBUCCREDIT,Sec Re NCD 9.57% Sr.VIII,10/05/2024, , ,10/05/2024, , ,INTEREST PAYMENT         
NZ,IBUCCREDIT,Sec Re NCD 10.03% Sr.VIII,10/05/2024, , ,10/05/2024, , ,INTEREST PAYMENT         
RR,MINDSPACE,Mindspace Business P REIT,09/05/2024, , ,09/05/2024, , ,DIV//DISTRIBU-RS 4.77    
RT,MINDSPACE,Mindspace Business P REIT,09/05/2024, , ,09/05/2024, , ,DIV//DISTRIBU-RS 4.77    
SG,565KL24,SDL KL 5.65% 2024,09/05/2024, , , , , ,REDEMPTION               
SG,56HR24,SDL HR 5.6% 2024,16/05/2024, , , , , ,REDEMPTION               
SG,538RJ24,SDL RJ 5.38% 2024,22/05/2024, , , , , ,REDEMPTION               
SG,582TS24,SDL TS 5.82% 2024,09/05/2024, , , , , ,REDEMPTION               
UA,IBUCCREDIT,SeReNCD8.75%SrVICI&II,10/05/2024, , ,10/05/2024, , ,INTEREST PAYMENT         
UB,IBUCCREDIT,SeReNCD8.84%SrVICIII&IV,10/05/2024, , ,10/05/2024, , ,INTEREST PAYMENT         
UP,IBULHSGFIN,Sec Re NCD 8.20% Sr.VI,09/05/2024, , ,09/05/2024, , ,INTEREST PAYMENT         
UQ,IBULHSGFIN,Sec Re NCD 8.66% Sr.VI,09/05/2024, , ,09/05/2024, , ,INTEREST PAYMENT         
UR,IBUCCREDIT,Sec Re NCD 9.57% Sr.II,10/05/2024, , ,10/05/2024, , ,INTEREST PAYMENT         
UT,IBULHSGFIN,Sec Re NCD 8.89% Sr.VIII,09/05/2024, , ,09/05/2024, , ,INTEREST PAYMENT         
UU,IBUCCREDIT,Sec Re NCD 9.80% Sr.V,10/05/2024, , ,10/05/2024, , ,INTEREST PAYMENT         
UV,IBULHSGFIN,UnSe Re NCD 8.89% Sr.X,09/05/2024, , ,09/05/2024, , ,INTEREST PAYMENT         
UW,IBULHSGFIN,UnSe Re NCD 9.35% Sr.X,09/05/2024, , ,09/05/2024, , ,INTEREST PAYMENT         
UX,DHANILOANS,Sec Re NCD 10.49% Sr.VII,09/05/2024, , ,09/05/2024, , ,INTEREST PAYMENT         
UY,IBUCCREDIT,Sec Re NCD 9.57% Sr.VIII,10/05/2024, , ,10/05/2024, , ,INTEREST PAYMENT         
UZ,IBUCCREDIT,Sec Re NCD 10.03% Sr.VIII,10/05/2024, , ,10/05/2024, , ,INTEREST PAYMENT         

