SYMBOL,SERIES,SECURITY,HIGH/LOW,INDEX FLAG
63MOONS,EQ,63 MOONS TECHNOLOGIES LTD,H
A2ZINFRA,BE,A2Z INFRA ENGINEERING LTD,H
AAKASH,EQ,AAKASH EXPLORATION SER L,H
ABCOTS,SM,A B COTSPIN INDIA LIMITED,H
ABMINTLLTD,EQ,ABM INTERNATIONAL LTD,H
AILIMITED,SM,ABHISHEK INTEGRATIONS LTD,H
AJOONI,EQ,AJOONI BIOTECH LIMITED,H
AKI,EQ,AKI INDIA LIMITED,H
ALPEXSOLAR,SM,ALPEX SOLAR LIMITED,H
ANTGRAPHIC,BE,ANTARCTICA LTD,H
APS,SM,AUSTRALIAN PREM SOLAR I L,H
ARCHIDPLY,BE,ARCHIDPLY IND. LTD,H
ARHAM,ST,ARHAM TECHNOLOGIES LTD,H
ATAM,BE,ATAM VALVES LIMITED,H
ATLANTAA,BE,ATLANTAA LIMITED,H
BAHETI,SM,BAHETI RECYCLING IND LTD,H
BAJEL,EQ,BAJEL PROJECTS LIMITED,H
BHANDARI,EQ,BHANDARI HOSIERY EXP LTD,H
BIRDYS,SM,GRILL SPLENDOUR SER LTD,H
BLBLIMITED,BE,BLB LIMITED,H
CGRAPHICS,SM,CREATIVE GRAPHICS S IND L,H
CMMIPL,ST,CMM INFRAPROJECTS LIMITED,H
CROWN,BE,CROWN LIFTERS LIMITED,H
CUPID,BE,CUPID LIMITED,H
DBSTOCKBRO,EQ,DB (INT) STOCK BROKERS,H
DGCONTENT,BE,DIGICONTENT LIMITED,H
DHRUV,BE,DHRUV CONSULTANCY SER LTD,H
DOLPHIN,BE,DOLPHIN OFF ENT (IND) L,H
DRONE,SM,DRONE DESTINATION LIMITED,H
DSSL,EQ,DYNACONS SYS & SOLN LTD,H
EXCEL,EQ,EXCEL REALTY N INFRA LTD,H
FCONSUMER,EQ,FUTURE CONSUMER LIMITED,H
FCSSOFT,EQ,FCS SOFTWARE SOLN. LTD.,H
FEL,BZ,FUTURE ENTERPRISES LTD,H
FELDVR,BE,FUTURE ENTERPRISES LTD,H
FSC,BZ,FUTURE SUPP CHAIN SOL LTD,H
GAYAHWS,BE,GAYATRI HIGHWAYS LIMITED,H
GODHA,EQ,GODHA CABCON INSULAT LTD,H
GRCL,SM,GAYATRI RUBB AND CHEM LTD,H
GRETEX,ST,GRETEX INDUSTRIES LTD.,H
GUJRAFFIA,EQ,GUJARAT RAFFIA INDUST LTD,H
HAVISHA,EQ,SRI HAVISHA HOSP & INFR L,H
HDIL,BZ,HOUSING DEV & INFRA LTD,H
HINDMOTORS,EQ,HINDUSTAN MOTORS LIMITED,H
HIRECT,EQ,HIND RECTIFIER LIMITED,H
INCREDIBLE,EQ,INCREDIBLE INDUSTRIES LTD,H
INNOVATIVE,SM,INNOVATIVE TYRES & TUBES,H
IRIS,EQ,IRIS BUSINESS SERV LTD,H
JYOTICNC,EQ,JYOTI CNC AUTOMATION LTD,H
KAVVERITEL,EQ,KAVVERI TEL. LTD.,H
KBCGLOBAL,EQ,KBC GLOBAL LIMITED,H
KCEIL,SM,KAY CEE ENERGY & INFRA L,H
KEEPLEARN,EQ,DSJ KEEP LEARNING LTD,H
KERNEX,EQ,KERNEX MICROSYS(I) LTD,H
KODYTECH,SM,KODY TECHNOLAB LIMITED,H
KONSTELEC,SM,KONSTELEC ENGINEERS LTD,H
LGHL,BE,LAXMI GOLDORNA HOUSE LTD,H
LLOYDS,SM,LLOYDS LUXURIES LIMITED,H
MADHUCON,BE,MADHUCON PROJECTS LTD.,H
MAXIND,EQ,MAX INDIA LIMITED,H
MEGAFLEX,SM,MEGA FLEX PLASTICS LTD,H
MIRCELECTR,EQ,MIRC ELECTRONICS LTD,H
MITCON,EQ,MITCON CON & ENG SER LTD,H
MODTHREAD,BE,MODERN THREADS INDIA LTD,H
MSPL,EQ,MSP STEEL & POWER LTD.,H
NILASPACES,BE,NILA SPACES LIMITED,H
NITIRAJ,EQ,NITIRAJ ENGINEERS LTD,H
NORBTEAEXP,EQ,NORBEN TEA & EXPORTS LTD,H
OMFURN,SM,OMFURN INDIA LIMITED,H
ORIANA,SM,ORIANA POWER LIMITED,H
OSWALSEEDS,BE,SHREEOSWAL S AND CHE LTD,H
PANACHE,EQ,PANACHE DIGILIFE LIMITED,H
PASHUPATI,SM,PASHUPATI COTSPIN LIMITED,H
PERFECT,SM,PERFECT INFRAENGINEER LTD,H
PIONEEREMB,EQ,PIONEER EMBROIDERIES LTD,H
PKTEA,EQ,THE P K TEA PROD CO LTD,H
PRAMARA,SM,PRAMARA PROMOTIONS LTD,H
PRATHAM,SM,PRATHAM EPC PROJECTS LTD,H
PRITIKA,SM,PRITIKA ENG COMPO LTD,H
RADAAN,BE,RADAAN MEDIAWORKS (I) LTD,H
RAJTV,BE,RAJ TV NETWORK LTD,H
RBMINFRA,SM,RBM INFRACON LIMITED,H
REFEX,EQ,REFEX INDUSTRIES LIMITED,H
ROXHITECH,SM,ROX HI TECH LIMITED,H
RTNPOWER,BE,RATTANINDIA POWER LIMITED,H
SABAR,SM,SABAR FLEX INDIA LIMITED,H
SABEVENTS,BE,SAB EVENTS & GOVERNANCE,H
SADHAV,SM,SADHAV SHIPPING LIMITED,H
SAMPANN,BE,SAMPANN UTPADAN INDIA LTD,H
SECMARK,BE,SECMARK CONSULTANCY LTD,H
SHIVAMILLS,EQ,SHIVA MILLS LIMITED,H
SHRENIK,EQ,SHRENIK LIMITED,H
SIDDHIKA,SM,SIDDHIKA COATINGS LIMITED,H
SJLOGISTIC,SM,S J LOGISTICS (INDIA) LTD,H
SPARC,EQ,SUN PHARMA ADV.RES.CO.LTD,H
SPECTRUM,SM,SPECTRUM ELECTRIC IND LTD,H
SRPL,BE,SHREE RAM PROTEINS LTD.,H
SSFL,SM,SRIVARI SPICES N FOODS L,H
SUMEETINDS,BE,SUMEET IND LIMITED,H
SWELECTES,EQ,SWELECT ENERGY SYS LTD,H
SWSOLAR,EQ,STRLNG & WIL REN ENE LTD,H
TAC,SM,TAC INFOSEC LIMITED,H
TAKE,EQ,TAKE SOLUTIONS LTD,H
TARACHAND,BE,TARA CHAND INFRA SOLN LTD,H
TATAINVEST,BE,TATA INVESTMENT CORP LTD,H
TECHLABS,SM,TRIDENT TECHLABS LIMITED,H
TFL,EQ,TRANSWARRANTY FIN. LTD.,H
TIMESCAN,SM,TIMESCAN LOGISTICS IND L,H
TRANSWIND,SM,TRANSWIND INFRA LIMITED,H
TRIL,EQ,TRANS & RECTI. LTD,H
TRUST,SM,TRUST FINTECH LIMITED,H
UNITECH,BZ,UNITECH LIMITED,H
UNIVASTU,BE,UNIVASTU INDIA LIMITED,H
URJA,EQ,URJA GLOBAL LIMITED,H
V2RETAIL,BE,V2 RETAIL LIMITED,H
VELS,SM,VELS FILM INTERNATIONAL L,H
VINNY,EQ,VINNY OVERSEAS LIMITED,H
VMARCIND,SM,V MARC INDIA LIMITED,H
WEBELSOLAR,BE,WEBSOL ENERGY SYSTEM LTD,H
WINSOME,BE,WINSOME YARNS LIMITED,H
ABINFRA,SM,A B INFRABUILD LIMITED,L
AGARWALFT,ST,AGARWAL FLOAT GLASS I LTD,L
ALPSINDUS,BE,ALPS INDUSTRIES LTD.,L
ANTGRAPHIC,BE,ANTARCTICA LTD,L
ASCOM,ST,ASCOM LEASIN & INVEST LTD,L
ASIANENE,EQ,ASIAN ENERGY SERVICES LTD,L
ASMS,BE,BARTRONICS INDIA LIMITED,L
ATMASTCO,SM,ATMASTCO LIMITED,L
AURUMPP1,E1,AURUM RS. 3.12 PPD UP,L
BALKRISHNA,BE,BALKRISHNA PAPER MILLS L,L
BOHRAIND,BE,BOHRA INDUSTRIES LIMITED,L
CMMIPL,ST,CMM INFRAPROJECTS LIMITED,L
CMRSL,SM,CYBER MEDIA RES & SER LTD,L
CREATIVEYE,EQ,CREATIVE EYE LIMITED,L
DCMFINSERV,BE,DCM FINANCIAL SERVICES LT,L
DNAMEDIA,BE,DILIGENT MEDIA CORP LTD.,L
DYNAMIC,SM,DYNAMIC SRVCS & SEC LTD,L
FEL,BZ,FUTURE ENTERPRISES LTD,L
FELDVR,BE,FUTURE ENTERPRISES LTD,L
GAYAHWS,BE,GAYATRI HIGHWAYS LIMITED,L
GAYAPROJ,BZ,GAYATRI PROJECTS LTD,L
GIRIRAJ,ST,GIRIRAJ CIVIL DEVP LTD,L
GLOBE,EQ,GLOBE TEXTILES (I) LTD.,L
GODHA,EQ,GODHA CABCON INSULAT LTD,L
GOENKA,BZ,GOENKA DIAMOND&JEWELS LTD,L
GTLINFRA,EQ,GTL INFRA.LTD,L
HAVISHA,EQ,SRI HAVISHA HOSP & INFR L,L
IITL,EQ,INDUSTRIAL INV TRUST LTD,L
IL&FSENGG,BZ,IL&FS ENG AND CONS CO LTD,L
INDOTECH,BE,INDO TECH TRANSFORM LTD.,L
JUBLINDS,EQ,JUBILANT INDUSTRIES LTD,L
JYOTISTRUC,BE,JYOTI STRUCTURES,L
KDL,SM,KORE DIGITAL LIMITED,L
KPIGREEN,EQ,KPI GREEN ENERGY LIMITED,L
KRIDHANINF,BE,KRIDHAN INFRA LIMITED,L
MACPOWER,BE,MACPOWER CNC MACHINES LTD,L
MANAKCOAT,EQ,MAN COAT METAL & IND LTD,L
MBECL,EQ,MCNALLY BH. ENG. CO.LTD,L
MEDICO,BE,MEDICO REMEDIES LIMITED,L
MEP,BE,MEP INFRA. DEVELOPERS LTD,L
MONOPHARMA,SM,MONO PHARMACARE LIMITED,L
MOTISONS,EQ,MOTISONS JEWELLERS LTD,L
NAGREEKEXP,EQ,NAGREEKA EXPORTS LTD.,L
NITIRAJ,EQ,NITIRAJ ENGINEERS LTD,L
NKIND,EQ,NK INDUSTRIES LTD,L
NPST,SM,NETWORK PEOPLE SRV TECH L,L
ONELIFECAP,BE,ONELIFE CAP ADVISORS LTD,L
OWAIS,SM,OWAIS METAL & MINERAL,L
PAYTM,EQ,ONE 97 COMMUNICATIONS LTD,L
PIONEEREMB,EQ,PIONEER EMBROIDERIES LTD,L
PRAMARA,SM,PRAMARA PROMOTIONS LTD,L
PRITIKAUTO,BE,PRITIKA AUTO INDUS LTD,L
RCOM,BE,RELIANCE COMMUNICATIONS L,L
REGENCERAM,BE,REGENCYCERAMICS-LTD,L
ROML,BE,RAJ OIL MILLS LIMITED,L
SEL,SM,SUNGARNER ENERGIES LTD,L
SEMAC,BE,SEMAC CONSULTANTS LIMITED,L
SETCO,BE,SETCO AUTOMOTIVE LTD,L
SHAKTIPUMP,BE,SHAKTI PUMPS (I) LTD,L
SKYGOLD,BE,SKY GOLD LIMITED,L
SMVD,ST,SMVD POLY PACK LIMITED,L
SOMICONVEY,BE,SOMI CONVEYOR BELT. LTD.,L
SRPL,BE,SHREE RAM PROTEINS LTD.,L
SUPREMEENG,BE,SUPREME ENGINEERING LTD,L
SVLL,EQ,SHREE VASU LOGISTICS LTD,L
TAC,SM,TAC INFOSEC LIMITED,L
TARC,EQ,TARC LIMITED,L
TECHIN,BE,TECHINDIA NIRMAN LIMITED,L
TGL,SM,TEERTH GOPICON LIMITED,L
TIPSFILMS,EQ,TIPS FILMS LIMITED,L
VEEKAYEM,SM,VEEKAYEM FASH & APP LTD,L
VERTEXPLUS,ST,VERTEXPLUS TECHNOLOGIES L,L
VIJIFIN,BE,VIJI FINANCE LIMITED,L
VIVIANA,SM,VIVIANA POWER TECH LTD,L
WALCHANNAG,BE,WALCHANDNAGAR INDUSTRIES,L
WEBELSOLAR,BE,WEBSOL ENERGY SYSTEM LTD,L
WEL,BE,WONDER ELECTRICALS LTD,L
WINSOME,BE,WINSOME YARNS LIMITED,L
WOMANCART,SM,WOMANCART LIMITED,L
ZENTEC,EQ,ZEN TECHNOLOGIES LIMITED,L
