GAIN_LOSS,SECURITY,CLOSE_PRIC,PREV_CL_PR,PERCENT_CG
 ,Nifty 50 Sec., , , 
 , , , , 
G,HERO MOTOCORP LIMITED,      4613.90,      4476.75,3.06
G,BHARAT PETROLEUM CORP  LT,       620.30,       604.30,2.65
G,TATA MOTORS LIMITED,      1012.10,       988.55,2.38
G,POWER GRID CORP. LTD.,       302.00,       295.25,2.29
G,HINDALCO  INDUSTRIES  LTD,       633.50,       620.20,2.14
G,COAL INDIA LTD,       464.45,       456.00,1.85
G,NTPC LTD,       355.45,       349.15,1.8
G,LARSEN & TOUBRO LTD.,      3486.85,      3427.75,1.72
G,MARUTI SUZUKI INDIA LTD.,     12543.55,     12364.05,1.45
G,TATA CONSUMER PRODUCT LTD,      1115.05,      1099.40,1.42
G,RELIANCE INDUSTRIES LTD,      2837.10,      2802.95,1.22
G,NESTLE INDIA LIMITED,      2539.00,      2508.65,1.21
G,OIL AND NATURAL GAS CORP.,       276.85,       273.60,1.19
G,STATE BANK OF INDIA,       810.80,       801.90,1.11
G,TATA STEEL LIMITED,       166.05,       164.25,1.1
G,BRITANNIA INDUSTRIES LTD,      5228.40,      5173.85,1.05
G,ADANI ENTERPRISES LIMITED,      2860.55,      2835.95,.87
G,JSW STEEL LIMITED,       864.65,       857.35,.85
G,BAJAJ AUTO LIMITED,      8749.40,      8677.90,.82
G,SUN PHARMACEUTICAL IND L,      1521.75,      1515.35,.42
G,DIVI S LABORATORIES LTD,      3927.35,      3911.40,.41
G,LTIMINDTREE LIMITED,      4713.80,      4699.40,.31
G,KOTAK MAHINDRA BANK LTD,      1648.35,      1643.90,.27
G,BHARTI AIRTEL LIMITED,      1288.60,      1286.15,.19
G,ITC LTD,       441.00,       440.35,.15
G,AXIS BANK LIMITED,      1128.65,      1127.70,.08
 , , , , 
L,DR. REDDY S LABORATORIES,      6056.35,      6257.60,-3.22
L,ASIAN PAINTS LIMITED,      2843.30,      2913.00,-2.39
L,GRASIM INDUSTRIES LTD,      2377.35,      2421.00,-1.8
L,ULTRATECH CEMENT LIMITED,      9519.40,      9682.40,-1.68
L,SBI LIFE INSURANCE CO LTD,      1426.75,      1450.15,-1.61
L,HINDUSTAN UNILEVER LTD.,      2341.05,      2379.40,-1.61
L,HDFC BANK LTD,      1482.65,      1506.15,-1.56
L,SHRIRAM FINANCE LIMITED,      2448.00,      2485.80,-1.52
L,HCL TECHNOLOGIES LTD,      1313.65,      1330.95,-1.3
L,BAJAJ FINANCE LIMITED,      6799.45,      6872.55,-1.06
L,INFOSYS LIMITED,      1427.30,      1440.95,-0.95
L,APOLLO HOSPITALS ENTER. L,      5846.50,      5900.25,-0.91
L,ADANI PORT & SEZ LTD,      1277.25,      1287.65,-0.81
L,ICICI BANK LTD.,      1123.00,      1131.90,-0.79
L,BAJAJ FINSERV LTD.,      1603.05,      1615.15,-0.75
L,INDUSIND BANK LIMITED,      1442.50,      1452.55,-0.69
L,EICHER MOTORS LTD,      4600.10,      4622.40,-0.48
L,TECH MAHINDRA LIMITED,      1287.00,      1292.45,-0.42
L,MAHINDRA & MAHINDRA LTD,      2182.40,      2191.50,-0.42
L,HDFC LIFE INS CO LTD,       550.45,       552.35,-0.34
L,TITAN COMPANY LIMITED,      3259.85,      3270.90,-0.34
L,CIPLA LTD,      1384.75,      1387.20,-0.18
L,WIPRO LTD,       463.20,       463.90,-0.15
L,TATA CONSULTANCY SERV LT,      3976.95,      3978.95,-0.05
 , , , , 
 ,Nifty Next 50 Sec., , , 
 , , , , 
G,REC LIMITED,       534.00,       507.05,5.32
G,POWER FIN CORP LTD.,       440.90,       421.55,4.59
G,GAIL (INDIA) LTD,       201.15,       192.75,4.36
G,ABB INDIA LIMITED,      7186.75,      6888.45,4.33
G,VARUN BEVERAGES LIMITED,      1503.30,      1442.80,4.19
G,HINDUSTAN AERONAUTICS LTD,      3856.50,      3715.00,3.81
G,SIEMENS LTD,      6305.00,      6094.60,3.45
G,INTERGLOBE AVIATION LTD,      4075.65,      3948.65,3.22
G,AVENUE SUPERMARTS LIMITED,      4806.75,      4660.45,3.14
G,UNITED SPIRITS LIMITED,      1237.80,      1202.45,2.94
G,ADANI GREEN ENERGY LTD,      1773.00,      1726.00,2.72
G,SAMVRDHNA MTHRSN INTL LTD,       128.75,       125.40,2.67
G,ZYDUS LIFESCIENCES LTD,      1005.60,       980.85,2.52
G,VEDANTA LIMITED,       404.85,       396.00,2.23
G,ICICI LOMBARD GIC LIMITED,      1722.50,      1685.05,2.22
G,JINDAL STEEL & POWER LTD,       943.60,       924.05,2.12
G,GODREJ CONSUMER PRODUCTS,      1350.30,      1322.35,2.11
G,ZOMATO LIMITED,       195.45,       191.45,2.09
G,MARICO LIMITED,       595.65,       583.50,2.08
G,PUNJAB NATIONAL BANK,       124.80,       122.30,2.04
G,INDIAN OIL CORP LTD,       163.15,       160.00,1.97
G,INFO EDGE (I) LTD,      6000.05,      5885.30,1.95
G,BHARAT ELECTRONICS LTD,       231.60,       227.40,1.85
G,INDIAN RAILWAY FIN CORP L,       152.25,       149.80,1.64
G,ICICI PRU LIFE INS CO LTD,       587.00,       577.80,1.59
G,BOSCH LIMITED,     30047.60,     29607.85,1.49
G,INDIAN RAIL TOUR CORP LTD,      1007.45,       993.50,1.4
G,BANK OF BARODA,       262.50,       259.05,1.33
G,HAVELLS INDIA LIMITED,      1691.15,      1672.95,1.09
G,SHREE CEMENT LIMITED,     25660.45,     25395.65,1.04
 , , , , 
L,PIDILITE INDUSTRIES LTD,      2815.05,      2950.25,-4.58
L,CANARA BANK,       557.70,       576.75,-3.3
L,CHOLAMANDALAM IN & FIN CO,      1263.95,      1306.35,-3.25
L,SRF LTD,      2339.10,      2416.85,-3.22
L,BERGER PAINTS (I) LTD,       501.30,       512.90,-2.26
L,COLGATE PALMOLIVE LTD.,      2824.75,      2862.60,-1.32
L,TORRENT PHARMACEUTICALS L,      2587.55,      2619.35,-1.21
L,ADANI TOTAL GAS LIMITED,       895.60,       903.10,-0.83
L,SBI CARDS & PAY SER LTD,       711.90,       715.55,-0.51
L,DLF LIMITED,       852.50,       855.90,-0.4
L,DABUR INDIA LTD,       556.60,       558.45,-0.33
L,TATA POWER CO LTD,       435.05,       436.40,-0.31
L,JIO FIN SERVICES LTD,       355.20,       356.25,-0.29
L,ADANI ENERGY SOLUTION LTD,      1019.50,      1021.55,-0.2
L,TRENT LTD,      4498.60,      4503.95,-0.12
 , , , , 
 ,OTHER SECURITIES, , , 
 , , , , 
G,PASHUPATI COTSPIN LIMITED,       154.20,       128.50,20
G,SHIVA MILLS LIMITED,       110.70,        92.25,20
G,SADHAV SHIPPING LIMITED,       249.20,       207.70,19.98
G,ROX HI TECH LIMITED,       146.55,       122.15,19.98
G,CREATIVE GRAPHICS S IND L,       323.50,       270.05,19.79
G,SEC RE NCD 0% SR.VI,      1475.00,      1232.48,19.68
G,BAHETI RECYCLING IND LTD,       247.00,       207.70,18.92
G,TRANSWARRANTY FIN. LTD.,        17.95,        15.25,17.7
G,INTEGRATED PERSO SER LTD,       179.00,       155.50,15.11
G,KIRLOSKAR ELECTRIC CO LTD,       160.75,       140.05,14.78
G,BHARAT FORGE LTD,      1405.15,      1239.95,13.32
G,PENINSULA LAND LIMITED,        61.30,        54.30,12.89
G,MARINETRANS INDIA LIMITED,        33.80,        30.00,12.67
G,SIGNORIA CREATION LIMITED,       153.45,       137.00,12.01
G,MOS UTILITY LIMITED,       195.30,       174.60,11.86
G,SASKEN TECHNOLOGIES LTD,      1634.65,      1472.50,11.01
G,MAXPOSURE LIMITED,       102.85,        92.85,10.77
G,EXCEL REALTY N INFRA LTD,          .55,          .50,10
G,OMFURN INDIA LIMITED,        74.80,        68.00,10
G,KONSTELEC ENGINEERS LTD,       278.85,       253.50,10
G,IRIS BUSINESS SERV LTD,       175.45,       159.50,10
G,DYNACONS SYS & SOLN LTD,      1268.50,      1153.20,10
G,TRUST FINTECH LIMITED,       285.00,       259.10,10
G,BALAJI AMINES LIMITED,      2296.90,      2090.30,9.88
G,PUDUMJEE PAPER PRO. LTD,        92.05,        83.85,9.78
G,CARTRADE TECH LIMITED,       930.80,       848.45,9.71
G,S J LOGISTICS (INDIA) LTD,       402.90,       367.50,9.63
G,HERITAGE FOODS LTD,       359.40,       327.95,9.59
G,AJOONI BIOTECH LIMITED,         6.90,         6.30,9.52
G,CAPRI GLOBAL CAPITAL LTD,       233.25,       213.05,9.48
 , , , , 
L,SONATA SOFTWARE LTD,       540.05,       638.20,-15.38
L,VILIN BIO MED LIMITED,        19.00,        21.30,-10.8
L,BIGBLOC CONSTRUCTION LTD,       247.55,       272.40,-9.12
L,SAHAJ FASHIONS LIMITED,        21.50,        23.60,-8.9
L,IBL FINANCE LIMITED,        56.90,        61.90,-8.08
L,RITE ZONE CHEMCON IND LTD,        45.95,        49.95,-8.01
L,EMKAY TAP & CUT. TOOL LTD,       715.00,       770.00,-7.14
L,RAINBOW CHILDRENS MED LTD,      1354.00,      1449.95,-6.62
L,SEC RE NCD 9.85% SR.VIII,       861.00,       921.79,-6.59
L,JINDAL SAW LIMITED,       532.05,       567.95,-6.32
L,GARWARE HI-TECH FILMS LTD,      1579.65,      1682.10,-6.09
L,HINDUSTAN MEDIA VENT LTD,       101.35,       107.65,-5.85
L,GUJARAT FLUOROCHEM LTD,      3306.70,      3508.55,-5.75
L,M.V.K. AGRO FOOD PROD LTD,        43.85,        46.45,-5.6
L,POLYSIL IRRIGATION SYST L,        37.70,        39.90,-5.51
L,SURAJ ESTATE DEVELOPERS L,       398.95,       421.70,-5.39
L,MAGSON RETAIL AND DIST L,        96.20,       101.50,-5.22
L,STERLITE TECHNOLOGIES LTD,       124.65,       131.50,-5.21
L,CREATIVE EYE LIMITED,         5.60,         5.90,-5.08
L,VOLTAS LTD,      1318.80,      1389.20,-5.07
L,SMVD POLY PACK LIMITED,        15.10,        15.90,-5.03
L,ONE 97 COMMUNICATIONS LTD,       317.15,       333.85,-5
L,WOMANCART LIMITED,       124.40,       130.95,-5
L,TAC INFOSEC LIMITED,       687.65,       723.85,-5
L,TEERTH GOPICON LIMITED,       231.75,       243.95,-5
L,VEEKAYEM FASH & APP LTD,       261.25,       275.00,-5
L,MONO PHARMACARE LIMITED,        43.70,        46.00,-5
L,DYNAMIC SRVCS & SEC LTD,       297.35,       313.00,-5
L,ANLON TECHNOLOGY SOL LTD,       380.00,       400.00,-5
L,OWAIS METAL & MINERAL,       936.75,       986.05,-5
