SYMBOL,SYMBOL P/E,ADJUSTED P/E
BVCL,13.18,13.18
EDELWEISS,13.89,13.89
RGL,14.25,14.25
JYOTHYLAB,47.84,47.84
HITECHCORP,15.02,17.23
BRIGADE,99.81,101.3
MANAKSIA,7.18,6.55
DVL,27.83,27.83
KAVVERITEL,1.18,1.15
BIRLAMONEY,13.62,13.62
CORDSCABLE,26.7,26.7
NAHARCAP,13.36,13.36
VGUARD,63.44,63.44
DPSCLTD,98.5,98.5
TITAGARH,70.24,70.24
BAJAJFINSV,16.53,16.53
DIGISPICE,101.35,30.81
RPGLIFE,26.91,26.91
RANEENGINE,24.94,18.64
ARCHIDPLY,25.35,25.35
VINYLINDIA,30.93,30.93
ZFCVINDIA,62.27,62.27
JOCIL,52.44,52.44
ALKALI,71.91,67.8
MAWANASUG,8.55,8.44
GKWLIMITED,80.89,80.89
ADANIPOWER,10.75,10.75
OIL,10.26,10.29
ZYDUSWELL,40.32,37.28
REFEX,15.22,15.23
AHLUCONT,28.7,28.64
GODREJPROP,107.5,107.5
NESTLEIND,96.83,97.19
DBREALTY,8.62,9.19
LGBBROSLTD,14.83,15.11
ISFT,20.67,20.67
UMESLTD,61.17,61.17
HMVL,84.19,84.19
AHLEAST,13.79,23.37
GPPL,28.01,27.66
KILITCH,42.75,42.75
SASTASUNDR,25.99,25.75
CANTABIL,27.25,27.25
BEDMUTHA,34.86,34.86
COALINDIA,8.76,8.76
JINDWORLD,91.11,91.11
KIRLOSENG,39.46,37.25
SUMMITSEC,23.72,23.72
HINDMOTORS,96.25,96.25
VADILALIND,23.37,23.37
VSTTILLERS,22.56,22.56
DHANUKA,24.75,24.75
LTF,17.29,17.29
WINDMACHIN,60.11,60.11
ASAHISONG,143.29,
APLLTD,33.5,33.5
PANAMAPET,11.02,11.02
SHAKTIPUMP,32.46,32.46
ESSARSHPNG,1.8,49.41
RUPA,31.92,31.92
APLAPOLLO,56.15,56.15
IRFC,32.42,32.42
RHIM,,88.96
SCHNEIDER,89.22,87.57
NBCC,59.88,50.75
TBZ,14.16,14.16
SWANENERGY,29.71,27.27
RTNINDIA,26.81,23.66
PROZONER,22.19,22.19
KITEX,34.24,34.24
TVSHLTD,11.22,11.3
VETO,13.4,13.4
INDUSTOWER,15.1,15.1
MITCON,45.87,45.87
SREEL,23.2,23.2
CASTROLIND,21.81,21.81
AGARIND,12.08,12.08
GULFOILLUB,16.1,16.1
SUPERHOUSE,15.09,15.09
PDSL,27.36,27.36
MONTECARLO,14.24,14.24
GULPOLY,50.42,50.42
LAMBODHARA,43.37,43.37
GREENLAM,50.03,50.03
MENONBE,9.23,9.23
IMAGICAA,11.41,12.06
BYKE,54.93,54.93
BCG,1.87,1.87
ARROWGREEN,24.59,24.59
SATIN,6.12,6.12
NAVKARCORP,273.28,273.28
IDFCFIRSTB,18.71,18.71
SHK,28.92,23.73
PILANIINVS,29.26,29.26
LALPATHLAB,58.16,58.16
TEAMLEASE,48.35,48.94
NECCLTD,38.62,38.62
GOKULAGRO,16.86,16.86
PDMJEPAPER,11.14,11.14
HECPROJECT,16.54,16.54
THYROCARE,51.43,51.43
PARAGMILK,23.34,23.34
UNITEDPOLY,28.01,28.01
VASCONEQ,18.87,18.87
EMMBI,24.58,24.58
KIRLOSBROS,36.28,36.91
SJVN,57.63,55.69
MANAPPURAM,7.7,7.7
BLISSGVS,14.41,6.79
IITL,10.44,21.58
UGARSUGAR,12.25,12.25
WELINV,50.63,50.63
DEEPAKNTR,43.35,43.35
GREENPOWER,43.68,64.82
ASHOKA,13.55,12.07
OBEROIRLTY,34.35,34.35
CGCL,50.37,50.37
IOLCP,13.12,13.12
PENIND,18.42,18.42
MOIL,30.74,30.74
KICL,37.58,60.6
TEXRAIL,95.13,95.13
LOVABLE,43.61,43.61
PFS,14.31,14.31
SYMPHONY,43.93,43.58
RELAXO,103.15,103.15
ASHIANA,48.69,48.69
MAITHANALL,11.88,11.88
RUSHIL,18.18,18.18
BODALCHEM,129.72,129.72
FILATEX,23.4,23.4
TDPOWERSYS,36.92,37.23
TECHIN,23.92,23.92
PGEL,50.18,50.18
PAISALO,31.56,31.62
TRITURBINE,70.85,70.85
INDOTHAI,61.21,61.21
DSSL,28.17,28.17
POLYMED,62.22,62.37
VIKASECO,83.25,83.25
MINDACORP,34.47,34.47
DBSTOCKBRO,23.89,23.89
COMPUSOFT,33.77,33.77
NDL,27.14,27.14
HEXATRADEX,9.34,9.34
VSSL,23.52,23.52
SPECIALITY,11.1,12.5
MAYURUNIQ,20.07,20.07
ROSSELLIND,125.84,125
ZUARI,,4.87
CARERATING,34.84,34.84
REPCOHOME,8.43,8.43
JUSTDIAL,24.03,24.03
ATULAUTO,278.01,278.01
ORIENTCEM,26.81,26.81
IBULHSGFIN,6.89,6.89
JPOLYINVST,3.01,2.97
AGRITECH,14.31,14.31
BUTTERFLY,50.39,50.39
HATSUN,86.39,86.39
GOCLCORP,34.81,36.58
SHARDACROP,37.22,37.22
CIGNITITEC,21.57,21.57
FCL,34.38,34.38
APOLSINHOT,39.41,39.41
GRPLTD,64.94,64.94
MOLDTKPAC,37.13,37.13
GANECOS,77.9,77.9
HESTERBIO,87.59,87.59
MANAKCOAT,28.52,40.44
VRLLOG,37.86,37.98
UFO,113.18,88.09
SKIPPER,43.1,43.1
ALANKIT,22.08,22.08
SHYAMCENT,40.6,40.6
SYNGENE,52.74,51.83
AYMSYNTEX,,399.15
MUTHOOTCAP,3.66,25.76
POWERMECH,32,32
SHREEPUSHK,15.06,15.06
SADBHIN,,1.05
COFFEEDAY,51.27,8.76
LUXIND,43.26,43.26
TTKHLTCARE,31.93,31.93
SALZERELEC,30.54,30.54
LINCOLN,13.44,13.44
NH,33.85,33.85
PRECAM,39.65,56.46
HITECH,38.78,38.78
BHAGERIA,41.41,41.41
KDDL,25.62,25.69
BHARATWIRE,19.01,19.01
INFIBEAM,61.28,61.28
CROMPTON,47.1,47.1
ARMANFIN,13.35,13.35
BLS,41.65,44.65
ASPINWALL,32.4,32.4
SALONA,18.98,18.98
PREMEXPLN,101.69,101.69
MAHASTEEL,42.89,53.67
DAMODARIND,38.12,38.12
MGL,10.22,10.22
POKARNA,17.06,17.06
VIJIFIN,198.4,198.4
GPTINFRA,23.35,23.35
MINDTECK,31.8,31.8
ADVENZYMES,31.11,30.47
SPAL,17.3,17.3
RBLBANK,11.83,11.83
CUPID,35.63,35.63
LTTS,36.47,36.47
MARATHON,18.3,18.3
HPL,62.54,62.54
ENDURANCE,44.05,44.05
MAZDA,17.67,17.67
PNBHOUSING,13.09,13.09
KINGFA,18.99,18.99
NBIFIN,62.7,62.7
KIOCL,651.72,651.72
SFL,50.41,52.76
LAURUSLABS,137.6,137.6
ITDC,78.62,78.61
HISARMETAL,17.33,17.33
SPCENET,157.14,157.14
BSE,54.54,112.44
JITFINFRA,51.77,51.77
CONTROLPR,24.99,25.01
INCREDIBLE,30.02,30.02
MOLDTECH,21.27,21.27
QUESS,43.92,40.01
SOMICONVEY,36.05,36.05
LLOYDSENGG,88.35,88.35
LTIM,30.36,30.36
DBL,52.09,38.02
NDGL,12.19,12.19
BIGBLOC,62.83,62.83
MBAPL,41.88,41.88
GNA,15.3,15.3
CROWN,44.69,46.78
MASKINVEST,152.82,152.82
SAKAR,58.5,58.48
PANSARI,39.19,39.19
VBL,89.18,89.18
PODDARMENT,13.14,13.14
TCIEXP,28.98,28.98
LIBAS,18.45,18.45
MAHESHWARI,14.18,14.18
BHANDARI,19.97,19.97
PRICOLLTD,40.72,40.72
STEELCITY,17.59,17.59
KRISHANA,32.43,32.43
NITIRAJ,50.34,52.46
DMART,119.6,119.6
AIRAN,28.72,28.72
ARIHANTSUP,29.58,29.58
EIFFL,127.22,127.22
SHANKARA,20.72,20.72
FOCUS,31.99,31.99
SIKKO,43.36,43.36
PANACHE,181.94,181.94
INFOBEAN,47.23,47.23
STARCEMENT,31.19,31.19
CDSL,52.42,52.42
ACEINTEG,312.95,312.95
SALASAR,61.19,60.61
UNIVASTU,35.72,35.72
MAGADSUGAR,8.7,8.7
TOTAL,157.48,157.48
WEWIN,34.61,34.61
COCHINSHIP,58.19,65.73
SERVOTECH,129.14,129.14
ABCAPITAL,22.31,22.31
MATRIMONY,24.96,24.96
WORTH,12.68,12.68
AARVI,17.87,17.87
AIROLAM,27.85,27.85
RKEC,14.64,14.64
JASH,41.41,41.41
GODREJAGRO,40.7,40.7
DPABHUSHAN,53.28,53.28
SECURCRED,14.43,14.43
VERTOZ,80.6,80.6
SILVERTUC,68.91,68.91
DNAMEDIA,.46,
ONEPOINT,56.48,56.48
BCONCEPTS,65.81,66.02
SOUTHWEST,37.86,37.86
ARVEE,312.06,312.06
ASTERDM,40.75,
SARVESHWAR,57.17,57.17
SUNDARMHLD,135.66,135.66
URAVI,353.13,353.13
ISEC,14.07,14.07
AVG,20.71,20.71
CHEMFAB,22.16,22.16
AAKASH,28.04,28.04
E2E,78.55,78.55
BORORENEW,510.95,
SVLL,80.44,80.44
SONAMLTD,40.1,40.1
PRITI,21.39,21.39
GAYAHWS,.17,
RITES,31.85,31.85
REPL,25.55,25.55
HBSL,2.34,2.34
AVROIND,30.6,30.6
TEMBO,21.39,21.39
CREDITACC,15.66,15.66
AARON,47.93,47.93
SUMIT,32.46,32.46
RPPL,31.09,31.09
AKG,29.45,29.45
IRCON,25.35,25.35
AHLADA,14.97,14.97
AAVAS,25.7,25.7
GRSE,34.76,34.76
SILGO,21.06,21.06
VINNY,11.83,11.83
BBTCL,28.29,28.29
MARINE,72.39,72.39
IRISDOREME,58.43,58.43
ATGL,152.9,152.9
UNIPARTS,16.88,16.88
SHRIRAMPPS,5.72,5.72
NILASPACES,48.96,48.96
AWHCL,16.76,16.76
RPSGVENT,13,13
MSTCLTD,24.22,24.22
ANUP,37.49,37.49
ARVINDFASN,65.81,62.77
PAR,22.53,22.53
RVNL,40.45,40.45
POLYCAB,51.83,51.83
METROPOLIS,72.64,72.64
KPITTECH,69.1,69.1
NEOGEN,110.97,110.97
EMAMIPAP,14.56,14.56
CONFIPET,23.81,23.81
PPL,10.22,10.22
DGCONTENT,27.53,27.53
INDIAMART,44.13,43.95
OAL,6551.71,6551.71
SATIA,5.37,5.37
WEL,168.14,168.14
CHEMCON,34.3,34.3
WESTLIFE,201.22,201.22
HNDFDS,82.71,82.71
MAZDOCK,29.51,29.51
IRCTC,71.88,69.94
DCI,29.47,29.47
IIFLSEC,10.02,10.02
HPIL,55.75,55.75
FLUOROCHEM,88.61,88.61
GREENPANEL,25.74,25.74
CHEMBOND,15.72,15.72
MGEL,15.34,15.34
SBICARD,28.26,28.26
HOMEFIRST,27.15,27.15
CSBBANK,10.82,10.82
EASEMYTRIP,52.47,52.47
ROSSARI,30.6,30.6
PRINCEPIPE,31.03,33.2
LIKHITHA,21.79,21.79
PATANJALI,63.7,63.7
SUMICHEM,60.07,60.07
ASALCBR,18.53,18.53
UNIVPHOTO,12.32,12.32
SUVENPHAR,45.71,45.71
STOVEKRAFT,58.47,58.47
KSOLVES,38.57,38.57
HAPPSTMNDS,50.39,52.49
GLAND,42.77,40.63
BOROLTD,45.09,45.09
MAXHEALTH,74.04,74.04
PAVNAIND,37.39,37.39
KALYANKJIL,75.71,72.7
BTML,37.06,37.06
SHAREINDIA,16,15.98
SIGACHI,44.74,44.74
ADL,,1772.51
NIRAJ,33.62,14.84
CAMS,48.48,48.48
SURYODAY,10.69,10.69
UTIAMC,14.42,14.42
BECTORFOOD,54.68,54.68
ORCHPHARMA,39.79,57.57
INDIGOPNTS,45.99,45.99
LXCHEM,64.97,64.97
FAIRCHEMOR,44.16,44.16
KANPRPLA,46.67,46.67
ISGEC,25.94,25.94
PAKKA,29.99,29.99
CARYSIL,45.11,45.11
SHAILY,57.86,57.86
BCLIND,15.56,15.49
SBCL,41.04,41.04
SMCGLOBAL,11.16,11.16
ARIHANTCAP,13.73,13.73
NAZARA,57.75,57.75
GENCON,15.44,15.44
HLEGLAS,59.73,56.37
SONACOMS,69.58,68.71
DRCSYSTEMS,26.5,26.5
PARAS,85.08,85.08
DODLA,40.24,40.24
JUBLINGREA,40.48,40.48
ROLEXRINGS,26.77,26.77
SHYAMMETL,14.75,14.75
TATVA,92.34,92.34
GLS,21.6,21.6
DEEPINDS,12.13,16.42
PIXTRANS,22.8,22.8
WINDLAS,20.6,20.6
KRSNAA,32.37,32.37
APTUS,26.34,26.34
ANMOL,10.31,10.31
VIJAYA,60.06,59.28
BAJAJHCARE,40.23,40.23
AAREYDRUGS,34.33,36.65
GRINFRA,11.12,11.12
STEELCAS,17.38,17.38
HPAL,49.05,49.42
UGROCAP,20.5,20.5
KPIGREEN,76.88,76.77
YUKEN,142.7,144.63
SGIL,42.84,42.84
ANANDRATHI,74.13,74.13
SJS,25.99,25.99
FINOPB,27.6,27.6
NYKAA,1280.88,1280.88
AWL,257.42,205.8
MONARCH,18.85,18.84
SAPPHIRE,48.54,48.54
PRUDENT,47.4,47.4
EPIGRAL,27.58,27.58
NUVOCO,78.97,78.97
GOCOLORS,63.56,63.56
TRACXN,32.9,32.9
CMSINFO,19.5,19.5
FUSION,9.75,9.75
COASTCORP,218.57,218.57
TARSONS,42.22,42.22
MEDPLUS,186.64,186.64
TEGA,54.48,54.48
RATEGAIN,61.18,61.18
MANORG,128.17,128.17
LATENTVIEW,66,66
METROBRAND,88.99,88.99
MICEL,69.8,122.72
PASUPTAC,30.27,30.27
FOODSIN,18.2,18.14
PARADEEP,61.65,61.65
MAPMYINDIA,82.56,82.56
ABMINTLLTD,276.36,276.36
TMB,7.15,7.15
KRITI,27.87,27.87
MANYAVAR,56.43,56.43
GANESHBE,18.54,18.45
GVPTECH,164,164
DMCC,64.43,64.43
MEDICAMEQ,58.6,58.6
EMIL,45.61,45.61
SHIVALIK,48.37,48.37
DATAPATTNS,92.32,92.32
MEDANTA,83.28,83.28
AHL,22.86,22.86
MALLCOM,18.74,18.74
IRIS,54.68,54.68
ASIANENE,50.06,46.71
SMLT,18.2,18.2
NRL,50.79,50.79
RADIANTCMS,17.81,17.81
CHOICEIN,51.96,51.96
HARIOMPIPE,27.9,27.9
GRWRHITECH,20.73,20.73
DCMSRIND,15.9,15.9
RAJRILTD,369.59,369.59
EMUDHRA,79.48,79.48
DYCL,27.08,27.08
FIVESTAR,26.99,26.99
VIRINCHI,24.77,24.77
SBC,68.26,68.26
DHRUV,28.81,28.81
ELDEHSG,26.92,26.92
ELIN,66.95,66.95
SEJALLTD,100.01,100.01
MHLXMIRU,27.85,27.85
RELCHEMQ,29.27,29.27
GATEWAY,19.3,19.3
SYRMA,69.06,68.54
ZIMLAB,34.83,34.83
JTLIND,48.16,48.16
CAMPUS,92.57,92.57
RAINBOW,66.57,66.57
VENUSPIPES,55.71,55.71
AETHER,90.53,86.67
ROTO,34.16,34.16
MEGASTAR,33.74,33.74
INDOBORAX,13.61,13.61
LANDMARK,45.79,43.75
RACE,209.45,209.45
AVONMORE,25.81,25.81
ETHOSLTD,79.03,79.03
DREAMFOLKS,36.22,36.22
MSUMI,51.36,51.36
DHARMAJ,17.23,17.23
HARSHA,35.84,35.84
OBCL,152.44,152.44
INDOAMIN,17.89,17.89
INOXGREEN,130.66,130.66
ACI,19.47,19.47
BIKAJI,70.05,70.05
RITCO,20.65,20.65
SADHNANIQ,317.41,317.41
HARDWYN,142.51,142.51
CHEVIOT,11.33,11.33
HMAAGRO,26.17,26.17
MEDICO,51.64,51.64
KFINTECH,52.48,52.48
YATHARTH,49.33,49.33
DCXINDIA,42.45,42.45
KAYNES,94.96,94.96
NGLFINE,37.21,37.21
AXITA,29.19,29.19
SENCO,46.81,46.81
TRU,143.83,143.83
RADHIKAJWE,16.81,16.81
TIPSFILMS,251.91,251.91
SPLPETRO,36.72,36.72
RAMRAT,31.71,31.71
CSLFINANCE,16.71,16.71
RUSTOMJEE,153.25,153.25
GENSOL,99.16,99.16
DBOL,17.99,17.99
GSLSU,61.7,61.7
SPORTKING,14.73,14.73
MANORAMA,93.88,93.88
GRMOVER,16.58,16.58
SYNCOMF,69.81,69.74
DJML,80.05,80.05
SULA,48.19,48.19
KRITINUT,11.45,11.45
AVALON,77.54,77.54
BAIDFIN,17.49,17.49
KAMOPAINTS,76.48,76.48
SCPL,24.83,24.83
SUKHJITS,13.57,13.57
MANKIND,50.95,50.95
SKYGOLD,56.13,56.13
SATINDLTD,3.89,3.89
DIVGIITTS,55.77,55.77
IKIO,34.64,34.64
MANOMAY,23.87,23.87
FAZE3Q,19.42,19.42
LLOYDSME,27.68,27.68
AARTIPHARM,23.92,23.92
SAHYADRI,15.3,15.3
NINSYS,71.87,71.87
SBGLP,107.2,107.2
ASMS,1.66,
HYBRIDFIN,23.45,23.45
SAH,265.88,265.88
CYIENTDLM,86.45,86.45
AKI,162.96,162.96
ATAM,40.03,40.03
IDEAFORGE,85.35,85.35
LAL,47.46,47.46
POCL,13.67,23.72
REDTAPE,109.85,109.85
PTCIL,381.1,381.1
NETWEB,143.55,143.55
GHCLTEXTIL,32.28,32.28
KIRLPNU,52.25,49.98
ATL,55.49,55.49
NIITMTS,39.54,38.6
SINDHUTRAD,20.13,20.13
TREL,14.12,63.26
CERA,38.78,37.95
RELIGARE,1.94,16.61
ADANIPORTS,33.65,32.37
KOLTEPATIL,44.81,44.81
COLPAL,61.79,61.04
KALYANIFRG,33.59,33.59
ECLERX,22.73,22.67
TRIL,174.69,174.69
PATINTLOG,25.63,25.63
ARIES,21.27,21.27
AMBIKCO,13.43,13.43
CEATLTD,15.46,14.38
JKIL,15.79,15.79
KNRCON,12.76,12.76
HERCULES,13.88,50.55
ONMOBILE,57.37,47.58
IRB,43.32,43.32
NMDC,11.88,13.51
RECLTD,9.44,9.44
NESCO,16.92,16.92
BAJAJ-AUTO,32.56,32.56
GOKUL,68.16,15.18
RBL,19.24,18.81
LOTUSEYE,36.33,36.35
UBL,129.05,129.05
20MICRONS,11.65,11.4
TATAMTRDVR,1.75,1.68
COUNCODOS,27.73,27.73
AJMERA,32.31,32.31
VINATIORGA,46.14,46.14
GLOBUSSPR,16.81,16.81
AMRUTANJAN,49.35,49.35
DEN,10.96,10.96
SHILPAMED,937.72,937.72
JSWENERGY,59.76,59.76
HINDCOPPER,116.88,116.88
MMTC,213.03,392.69
UNITEDTEA,10.72,10.72
THERMAX,88.69,98.57
RIIL,185,185
RAYMOND,22.26,21.2
SHREDIGCEM,18.38,18.38
SMLISUZU,35.15,35.15
FACT,118.3,101.19
LAXMIMACH,43.81,43.81
PEL,,22.14
MAHSCOOTER,44.12,44.12
TRENT,118.26,191.89
KCP,8.45,8.43
JBCHEPHARM,54.42,54.42
IONEXCHANG,38.37,38.37
IFBIND,113.6,113.6
HIMATSEIDE,11.87,11.87
GFLLIMITED,.38,
BHARATFORG,71.58,69.88
ARVIND,26.7,26.84
TATAMOTORS,17.09,16.39
LINDEINDIA,211.44,211.44
ESCORTS,37.97,37.97
BAJAJHLDNG,65.37,65.37
ZUARIIND,1.42,
TATASTEEL,,49.91
VEDL,19.54,29.28
RELIANCE,24.12,24.12
BOSCHLTD,37.56,52.12
DEEPAKFERT,14.16,14.16
DICIND,,360.43
CENTURYTEX,103.01,44.63
CENTENKA,29.95,29.95
VTL,23.13,23.13
VIPIND,103.57,61.06
BALRAMCHIN,13.53,13.53
HONAUT,83.88,83.88
TATAELXSI,56.11,56.11
SANDESH,7.26,7.27
APOLLOHOSP,104.83,104.99
GET&D,228.92,44.69
BERGEPAINT,51.92,52.1
KPIL,40.26,44.65
JYOTISTRUC,105.72,105.72
JAYNECOIND,23.51,21.58
SOTL,19.57,19.57
WSI,24.77,26.6
SUNFLAG,26.72,26.72
VSTIND,19.94,19.94
UNIVCABLES,74.69,74.69
IFCI,50.82,51.23
HLVLTD,72.48,84.36
HEIDELBERG,28.8,28.8
PCBL,19.91,19.91
EIHAHOTELS,32.08,32.08
SAIL,25.46,22.94
STYRENIX,15.97,15.97
GRAPHITE,14.73,396.73
BBL,32.47,32.47
COSMOFIRST,20.57,20.57
HEROMOTOCO,24.26,23.48
HARRMALAYA,120.95,120.95
GIPCL,13.68,13.68
HINDCOMPOS,16.9,16.9
WALCHANNAG,59.92,
OSWALGREEN,100.99,100.99
HUHTAMAKI,5.7,22.25
IFBAGRO,86.78,86.78
SIYSIL,10.24,10.24
PRECWIRE,37.21,37.21
NILKAMAL,22.68,22.68
SEAMECLTD,41.35,41.35
AUROPHARMA,23.72,23.37
GICHSGFIN,7.47,7.47
BANARBEADS,23.66,23.66
WSTCSTPAPR,4.4,4.35
PRAJIND,34.63,34.63
KEEPLEARN,163.88,163.88
TFCILTD,15.73,15.73
GUJALKALI,6381.07,6381.07
AGI,18.91,18.91
TATACONSUM,80.52,69.46
ZEEL,112.82,49.35
FMGOETZE,16.16,16.16
ORIENTHOT,52.08,52.08
ESABINDIA,50.59,50.59
ANDHRAPAP,4.57,4.46
AARTIIND,59.95,59.95
KSB,75.08,75.08
SHREECEM,40.8,40.8
AKZOINDIA,27.54,27.54
HINDUNILVR,54.35,54.38
FINCABLES,26.85,31.88
HEUBACHIND,20.03,20.03
NAVA,5.38,5.83
GREENPLY,44.94,49.53
REMSONSIND,60.71,59.15
ANDHRSUGAR,18.45,18.02
AUSOMENT,31.95,31.95
KEYFINSERV,11.88,11.88
SUNDRMBRAK,25.33,25.33
VISAKAIND,222.97,222.97
CREST,18.04,18.04
TVSSRICHAK,30.15,29.83
PUNJABCHEM,24.22,24.22
GUJAPOLLO,18.61,18.61
GUJRAFFIA,37.05,37.05
HERITGFOOD,34.89,34.89
CONCOR,50.69,50.69
HUDCO,20.26,20.26
ENGINERSIN,29.49,29.49
JAICORPLTD,,112.58
GMDCLTD,15.06,15.06
ASAHIINDIA,49.49,49.49
J&KBANK,8.05,8.05
SOUTHBANK,6.76,6.76
ASTRAZEN,94.04,85.41
CYIENT,28.31,26.47
GOACARBON,10.2,10.2
SANGHVIMOV,33.26,33.26
NATIONALUM,20.71,20.71
ALEMBICLTD,29.71,24.78
BSOFT,27.14,27.14
STAR,,37.64
ZYDUSLIFE,33.41,30.1
RAJESHEXPO,12.11,12.11
NRBBEARING,12.07,28.17
BLBLIMITED,13.84,15.47
BLUESTARCO,71.77,71.77
PNBGILTS,27.48,29.84
TAJGVK,37.66,37.66
GAEL,22.12,22.12
TIPSINDLTD,42.01,42.01
STLTECH,68.21,68.21
TRIDENT,46.59,46.61
OLECTRA,169.8,185.04
APTECHT,46.45,39.92
CANBK,7.36,7.36
JSL,19.84,20.4
WELSPUNLIV,20.6,20.6
TVTODAY,27.34,25.28
BIOCON,21.99,21.96
XPROINDIA,62.57,62.57
CCL,28.6,28.6
LT,31.39,31.39
TCS,31.23,30.75
COFORGE,32.69,33.05
NTPC,18.82,18.82
JBMA,118.91,118.91
JSWSTEEL,18.27,19.06
JPPOWER,12.37,8.56
SAKSOFT,29.7,29.7
WELCORP,17.02,17.02
SURYALAXMI,36.32,18.43
63MOONS,9.76,17.89
GEOJITFSL,17.12,17.12
MSPL,44.72,39.31
AURIONPRO,52.75,52.75
NAHARINDUS,156.43,82.7
ORIENTCER,27.46,31.94
VIMTALABS,26.58,26.58
NITINSPIN,15.47,15.47
ENIL,32.07,33.13
GVKPIL,5.64,5.64
KEC,71.23,71.23
INDOTECH,38.92,38.92
BLKASHYAP,,29.49
KEI,59.58,59.56
VAKRANGEE,918.29,1194.06
RSYSTEMS,36.74,36.74
LOKESHMACH,64.02,64.02
KAMDHENU,27.94,27.94
PIONEEREMB,62.3,62.3
MUNJALAU,195.52,18.88
TECHM,52.84,52.92
GRINDWELL,62.47,62.43
ATLANTAA,.88,
ACE,60.42,60.42
GESHIP,5.78,5.78
MANALIPETC,73.64,73.64
DONEAR,19.01,19.01
HIRECT,232.71,55.51
TANLA,21.63,21.63
TIDEWATER,24.62,24.62
PTL,27.82,27.82
PITTIENG,35.08,35.08
UNOMINDA,62.27,62.27
ORIENTBELL,351.92,351.92
SMSPHARMA,42.88,42.88
RAJTV,410.29,410.29
ASTRAL,98.39,98.15
NCLIND,11.86,11.86
ICRA,33.7,33.7
AROGRANITE,36.32,36.32
NDLVENTURE,197.53,197.53
FORTIS,59.7,61.7
HILTON,27.73,27.73
KMSUGAR,16.88,16.88
NAGREEKEXP,10.12,10.12
DLF,164.86,164.86
MEGASOFT,47.7,47.7
ALPA,10.75,10.77
PURVA,166.67,166.67
NAGREEKCAP,.51,.51
MANGCHEFER,5.94,5.94
BAJAJELEC,70.24,70.24
RCF,26.12,40.1
KARURVYSYA,10.1,10.1
DECCANCE,19.5,19.5
TATAPOWER,44.51,47.65
ADVANIHOTR,28.52,28.52
SUBROS,45.7,45.7
SIEMENS,108.25,108.25
BHARATRAS,66.35,66.31
TOKYOPLAST,82.69,58.07
MURUDCERA,44.74,44.74
M&M,24.37,24.43
KABRAEXTRU,43.72,43.72
PRSMJOHNSN,42.2,
POLYPLEX,36.58,36.58
3PLAND,31.6,31.6
JINDALSAW,12.91,12.91
CANFINHOME,13.12,13.12
ELECTCAST,17.66,17.66
DCMSHRIRAM,34.01,34.01
DABUR,54.62,54.62
CIPLA,29.91,28
HDFCBANK,17.6,17.49
GMBREW,9.23,9.23
ITC,26.48,26.54
INDIANHUME,27.24,27.24
IOC,5.43,5.43
RICOAUTO,35.53,34.28
KAMATHOTEL,15.06,50.64
BANCOINDIA,17.02,17.02
MANINDS,22.72,22.72
APOLLOTYRE,16.93,16.78
SHANTIGEAR,56.41,56.41
ONWARDTEC,28.96,28.96
NCC,21.84,21.53
ICIL,22.27,22.27
ELGIEQUIP,51.02,63.72
BBTC,,4.9
EIHOTEL,62.51,54.91
LICHSGFIN,7.04,7.04
BEPL,18.85,18.85
MOREPENLAB,31.29,31.29
VENKEYS,35.05,35.05
GHCL,5.9,7.74
HIL,53.15,994.32
EVERESTIND,74.08,95.91
BPL,32.48,32.48
PGHH,69.21,69.21
VESUVIUS,38.13,38.13
BOMDYEING,1.18,
NAVNETEDUL,20.52,28.54
INTENTECH,16.45,16.45
URJA,440.4,440.4
CLEDUCATE,26.92,21.43
WIPL,32.27,32.27
PSPPROJECT,16.63,16.63
TEJASNET,300.68,300.68
AUBANK,30.5,29.3
DYNPRO,94.97,94.97
THEINVEST,35.88,35.88
SMSLIFE,101.2,
DIXON,142.24,142.24
CAPACITE,27.92,27.92
MASFIN,18.73,18.73
TIINDIA,63.06,62.34
KHADIM,68.88,68.88
SHALBY,34.16,34.16
NEWGEN,55.52,55.52
GALAXYSURF,28.56,28.56
HGINFRA,14.13,14.45
BDL,70.98,70.98
HAL,40.45,40.45
LEMONTREE,76.23,76.23
ORIENTELEC,54.38,65.45
ADANIGREEN,281.57,225.79
FINEORG,28.9,28.9
VARROC,15.79,15.79
HDFCAMC,41.37,41.37
SIGIND,13.59,13.59
TECHNOE,53.83,53.83
DALBHARAT,38.79,38.79
CHALET,82.39,76.33
PENINLAND,10.53,17.6
WHEELS,38.82,38.82
ZODIACLOTH,26.99,
PREMIERPOL,21.92,21.92
SESHAPAPER,7.85,7.85
SUNDRMFAST,45.63,45.63
EXIDEIND,43.66,43.66
ELECON,33.48,33.48
CRISIL,48.15,48.15
ORIENTPPR,18.73,18.73
NELCO,72.08,72.08
MASTEK,25.03,24.84
LUMAXIND,51.18,47.32
KECL,47.58,47.58
MHRIL,69.89,69.89
NHPC,23.53,23.53
EXPLEOSOL,19.89,19.89
SARDAEN,17.01,16.96
DLINKINDIA,12.87,12.87
DBCORP,13.77,13.77
BEARDSELL,15.15,15.15
WHIRLPOOL,88.4,88.4
JUBLFOOD,131.11,131.11
THANGAMAYL,26.41,26.41
HATHWAY,59.21,59.19
MANINFRA,24.08,24.08
PERSISTENT,47.36,47.36
KIRLOSIND,13.06,12.29
IMFA,10.12,9.99
ADFFOODS,36.04,36.04
CAREERP,26.5,26.5
JWL,62.46,62.46
PRESTIGE,30.98,31.17
GRAVITA,25.83,25.83
JUBLINDS,97.44,25.73
DHUNINV,13.2,13.2
PIIND,33.61,33.61
OMINFRAL,23.97,23.97
DELPHIFX,14.39,14.39
NATHBIOGEN,9.4,9.91
WONDERLA,32.2,32.2
SNOWMAN,68.62,68.62
INTELLECT,42.53,42.33
GENUSPAPER,200.46,200.46
LINC,25.57,25.57
ZENTEC,63.74,64.68
AVANTIFEED,18.41,18.22
PRIVISCL,49.25,49.25
PNCINFRA,16.51,16.51
ADANIENSOL,95.31,85.56
RAMASTEEL,53.13,53.13
ARVSMART,62.19,62.19
GUJGASLTD,32.48,33.78
BALAXI,,17.79
KRIDHANINF,,148.56
OCCL,15.19,15.19
VIDHIING,66.89,66.89
WEALTH,31.04,31.04
ALBERTDAVD,9.49,9.49
GLOBAL,14.71,14.71
TASTYBITE,61.69,61.69
NRAIL,6.09,6.09
CREATIVE,31.6,31.6
DEVIT,27.48,27.48
DOLLAR,53.86,53.34
SCHAND,33.81,33.81
BHAGYANGR,7.11,7.11
GLOBE,20.17,20.17
ERIS,31.19,31.19
GTPL,17.21,17.21
STEELXIND,145.12,145.12
AVADHSUGAR,7.46,7.46
GANGESSECU,33.47,33.47
OPTIEMUS,42.55,42.55
SIS,37.85,37.85
VAISHALI,30.03,30.03
GEEKAYWIRE,12.3,12.3
APEX,64.68,64.68
CHOLAHLDNG,5.72,5.72
DPWIRES,24.5,24.5
DIAMONDYD,33.92,33.5
TIRUPATIFL,25.65,25.65
TCPLPACK,20.18,20.18
NAM-INDIA,32.75,32.75
IFGLEXPOR,23.76,23.76
ICEMAKE,37.11,37.11
SHRADHA,11.44,11.44
TOUCHWOOD,61.31,61.33
AJOONI,61.82,61.82
APOLLO,113.28,108.43
SINTERCOM,367.09,367.09
MACPOWER,75.66,75.66
BANDHANBNK,12.9,12.9
KAPSTON,27.45,27.45
MIDHANI,70.16,70.16
MMP,29.75,29.75
BSHSL,106.55,106.55
SOFTTECH,206,206
SIRCA,35.02,35.02
AFFLE,55.67,55.67
SPANDANA,11.63,11.63
UJJIVANSFB,8.31,8.31
SAFARI,56.36,56.36
360ONE,33.49,33.49
KUANTUM,6.43,6.43
APOLLOPIPE,51.86,51.86
ROUTE,23.52,24.4
SIGMA,19.78,19.78
EQUITASBNK,13.49,13.49
HINDWAREAP,42.32,42.32
ARTEMISMED,57.04,57.04
ATALREAL,68.23,68.23
MAHEPC,229.83,178.52
POWERINDIA,373.26,373.26
RAJRATAN,42.4,42.4
AARTISURF,26.28,26.28
NDRAUTO,33.8,33.8
AAATECH,40.08,40.08
UNIDT,53.89,53.89
ANGELONE,20.66,20.66
VALIANTORG,24.02,26.81
ROML,20.35,18.48
RAILTEL,47.57,49.44
NURECA,335.59,335.59
HERANBA,27.09,27.09
MTARTECH,69.09,69.09
ANURAS,44.5,44.5
STYLAMIND,22.21,22.21
CLSEL,8.93,8.93
MODISONLTD,18.71,22.97
BHAGCHEM,87.4,87.4
IPL,27.93,27.93
LODHA,70.97,66.84
UTKARSHBNK,11.78,11.78
CRAFTSMAN,27.02,27.02
EXXARO,202.16,136.75
KIMS,45.35,45.34
CLEAN,54.38,54.38
ABSLAMC,19.72,19.72
CARTRADE,55.37,55.37
DEVYANI,196.92,206.69
SUPRIYA,26.09,26.09
AMIORG,95.85,44.22
SANSERA,30.16,30.16
PRITIKAUTO,29.98,29.98
INTLCONV,8.51,8.51
DRREDDY,18.76,18.76
CHAMBLFERT,12.92,12.92
HINDOILEXP,9.89,9.89
COROMANDEL,21.21,21.21
VINDHYATEL,19.74,19.74
ASIANPAINT,51.65,51.48
PGHL,36.83,36.83
ADORWELD,28.69,28.69
TATACHEM,71.11,21.6
ATFL,170.12,242.88
EPL,21.83,21.83
SUPREMEIND,69.23,69.23
BIRLACABLE,23,23
WEIZMANIND,22.66,22.66
BBOX,30.03,20.28
JTEKTINDIA,43.72,46.36
SUNPHARMA,40.4,38.37
ARE&M,24.92,23.94
NEULANDLAB,29.77,29.77
BANARISUG,17.6,17.6
IGARASHI,130.68,130.68
MUNJALSHOW,13.71,16.05
ARENTERP,20.95,20.95
THOMASCOOK,46.94,46.94
WIPRO,21.78,21.78
SOMANYCERA,28.49,27.64
LIBERTSHOE,87.87,83.12
MODTHREAD,7.75,7.75
MANGLMCEM,40.7,40.7
OSWALAGRO,7010.89,7010.89
RUBYMILLS,17.06,17.06
IDBI,15.89,15.89
DHAMPURSUG,10.78,10.78
GILLETTE,57.21,57.21
3MINDIA,61.09,61.09
AMJLAND,19.5,19.5
HEG,32.29,32.29
TATAINVEST,106.78,106.78
IPCALAB,54.02,59.12
GSFC,11.95,11.94
DCW,43.18,42.11
BIRLACORPN,28.31,28.74
ASHAPURMIN,14.41,17.39
AUTOAXLES,16.68,16.68
SWARAJENG,21.17,21.17
TNPETRO,15.22,12.07
EIMCOELECO,30.98,30.98
SILINV,13.57,13.57
ZENITHEXPO,47.74,47.74
MOTHERSON,39.75,38.21
INDIANCARD,23.72,
SHRIRAMFIN,12.64,12.64
MIRZAINT,47.48,47.48
GANESHHOUC,16.27,16.27
ALKYLAMINE,64.4,64.4
MPHASIS,27.8,27.8
RAMCOIND,19.75,20.21
INDRAMEDCO,19.55,19.55
GAIL,18.48,19.32
SKMEGGPROD,6.87,6.87
NLCINDIA,11.62,11.59
HAVELLS,82.5,82.5
AXISCADES,64,64
MRO-TEK,30.1,30.1
MARKSANS,22.36,22.36
LUPIN,37.92,37.92
BHARTIARTL,88.6,73.13
OFSS,29.96,29.96
GODREJIND,47.3,47.3
VARDHACRLC,25.63,25.63
JAIBALAJI,18.1,18.1
UPL,,19.43
VAIBHAVGBL,49.74,48.72
POONAWALLA,22.12,32.37
ULTRACEMCO,40.04,39.73
ASTRAMICRO,85.73,85.73
PATELENG,19.25,22.56
JINDALPHOT,102.73,102.73
ALLSEC,22.8,22.8
CYBERMEDIA,13.07,11.66
GRANULES,25.06,25.06
GENUSPOWER,144.85,144.85
IDFC,565.11,565.11
TALBROAUTO,29.33,29.33
JMFINANCIL,10.66,10.66
LTFOODS,14.25,14.25
SOBHA,190.44,190.44
PLASTIBLEN,19.76,19.76
AUTOIND,167.86,52.27
IZMO,17.52,17.52
FSL,25.85,25.85
INDIANB,8.58,8.58
AMDIND,20.01,20.01
THEMISMED,71.88,71.88
PHOENIXLTD,43.2,44.67
TGBHOTELS,28.63,28.63
TIMETECHNO,21.55,21.55
CIEINDIA,22.81,22.81
MOTILALOFS,14.51,14.51
MAGNUM,12.9,12.9
POWERGRID,17.31,17.31
CUMMINSIND,71.86,71.79
JAYBARMARU,35.73,35.73
INFY,22.79,22.79
INDIAGLYCO,15.37,15.37
IGPL,23.4,23.4
GNFC,13.82,13.82
BPCL,4.92,4.63
BASF,37.06,37.94
ATUL,57.31,57.31
ACC,19.69,22.17
SCI,14.39,14.39
MRPL,10.5,10.48
HINDPETRO,5.04,5.04
ASHOKLEY,22.38,22.61
VOLTAS,112.34,112.34
TITAN,83.1,83.1
SUNDARMFIN,34.6,34.6
SPIC,11.26,11.26
SBIN,11.05,10.22
PFIZER,38.84,38.45
NOCIL,36.79,36.79
BATAINDIA,64.34,58.85
CARBORUNIV,65.79,65.79
MAHSEAMLES,9.84,9.81
BALMLAWRIE,29.49,29.49
RAMCOCEM,43.16,43.16
BEML,75.59,75.59
TORNTPHARM,59.34,62.4
FEDERALBNK,9.92,9.92
VLSFINANCE,3.71,3.71
SRF,53.64,53.64
AEGISCHEM,35.55,35.55
UNICHEMLAB,269.83,
RANEHOLDIN,19.63,9.65
SHREYANIND,3.42,3.42
HCC,12.73,44.76
ADANIENT,95.65,89.17
BALKRISIND,37.96,37.96
INDBANK,26.17,26.17
RAJSREESUG,9.85,9.85
ONGC,6.79,6.07
TAINWALCHM,51.55,51.55
BSL,14.92,13.18
APCOTEXIND,41.65,41.65
GLAXO,65.44,58.23
CHOLAFIN,32.17,32.17
INDHOTEL,67.06,67.06
KOTAKBANK,18.18,18.18
JAYSREETEA,25.38,
KANSAINER,19.5,34.37
GABRIEL,31.98,31.98
RALLIS,35.21,35.38
PRAKASH,9.04,9.04
KOPRAN,28.45,28.45
GREAVESCOT,,42.77
SURYAROSNI,17.44,17.44
TIMKEN,71.98,71.98
SAKHTISUG,1.69,
INGERRAND,57.12,57.12
HINDZINC,24.28,24.28
GRASIM,16.82,16.82
FINPIPE,40.63,40.63
EIDPARRY,6.54,6.54
CESC,12.78,15.49
BAJFINANCE,29.45,29.45
TNPL,7,7
NATCOPHARM,13.95,13.95
KHAITANLTD,103.58,103.58
GARFIBRES,33.27,33.27
TTKPRESTIG,43.14,43.14
STARPAPER,5.57,5.27
SKFINDIA,45.83,45.83
MARICO,50.27,50.27
BIOFILCHEM,164.2,164.2
SANGAMIND,33.13,25.41
STERTOOLS,27.77,26.81
HITECHGEAR,17.29,49.11
WENDT,67.76,67.76
SAGCEM,80.54,139.36
DYNAMATECH,63.58,79.82
MMFL,21.55,21.65
JAGSNPHARM,35.31,35.31
RUCHINFRA,25.2,65.21
KOTHARIPET,12.13,12.13
BANKBARODA,7.24,7.24
MADRASFERT,,66.98
INDNIPPON,27.14,27.14
BANKINDIA,10.23,10.23
ICICIBANK,17.67,17.67
KCPSUGIND,9.08,8.87
INDSWFTLAB,14.55,14.88
SAREGAMA,44.44,44.44
FDC,25.15,25.15
MAHAPEXLTD,55.38,87.92
INDUSINDBK,12.59,12.59
TRIGYN,99.26,99.26
KOTHARIPRO,217.7,217.7
CUB,11.68,11.68
ARCHIES,34.22,34.22
ITDCEM,30.59,30.59
AXISBANK,13.18,13.18
SONATSOFTW,58.01,4.97
CYBERTECH,21.34,21.34
KOKUYOCMLN,39.33,39.33
DHANBANK,11.42,11.42
STCINDIA,18.43,20.11
IVC,33.21,33.21
JINDALSTEL,17.21,16.91
NIPPOBATRY,108.74,108.74
HCLTECH,22.99,22.99
ACCELYA,25.75,25.82
GLENMARK,,40.55
IOB,46.97,46.97
BIL,44.76,44.76
KTKBANK,5.99,5.99
AJANTPHARM,37,37
CALSOFT,898.74,898.74
TVSMOTOR,54.01,54.01
REPRO,83.43,83.43
CHENNPETRO,5.02,5.02
KRBL,10.92,10.92
USHAMART,26.79,26.79
BALAJITELE,25.59,25.59
HIKAL,49.84,49.84
SMARTLINK,1059.84,1059.84
MCDOWELL-N,68.84,68.69
MPSLTD,22.77,22.77
ASAL,67.51,67.51
PNB,19.32,19.32
UNIONBANK,8.2,8.2
GENESYS,241.45,241.45
DIVISLAB,75.08,75.08
MARUTI,29.46,29.46
UCOBANK,37.78,37.78
TVSELECT,511.73,511.73
IGL,18.86,18.86
UNIENTER,26.32,26.32
PETRONET,12.81,13.09
PTC,11.27,11.27
MAHABANK,11.36,11.36
RKFORGE,38.25,38.23
EXCELINDUS,97.05,97.05
NIITLTD,73.36,67.51
TEXINFRA,392.46,392.46
GUFICBIO,37.83,37.83
WELENT,12.16,13.83
KOTARISUG,10.7,10.79
INDOCO,30.57,28.49
SUPRAJIT,38.34,38.34
XCHANGING,106.12,106.12
CONSOFINVT,2.36,2.36
EVEREADY,57.91,57.91
IIFL,8.24,8.24
SSWL,16.42,16.42
PRIMESECU,31.27,31.27
JSWHL,61.14,61.14
YESBANK,51.15,51.15
SPLIL,15.54,14.69
GOLDIAM,19.75,19.75
SASKEN,28.2,28.2
FCSSOFT,,199.31
IMPAL,15.5,15.5
SUZLON,74.46,107.28
TRIVENI,17.93,17.93
AIAENG,31.39,31.39
EKC,13,12.89
CELEBRITY,31.89,32.28
ROHLTD,23.14,23.14
GSPL,7.94,7.94
JAGRAN,11.49,11.49
SAKUMA,35.43,35.43
JKCEMENT,44.06,43.32
M&MFIN,16.82,16.82
CENTURYPLY,39.61,39.61
SOLARINDS,91.64,91.64
GALLANTT,31.74,31.74
UTTAMSUGAR,9.55,9.55
KKCL,27.72,27.72
SUNTV,13.28,13.28
GPIL,13.86,13.9
EMKAY,25.91,25.91
BALPHARMA,44.07,44.07
SWELECTES,55.65,55.65
RATNAMANI,34.92,34.92
JKLAKSHMI,21.21,21.52
ALLCARGO,31.98,38.08
EMAMILTD,31.83,31.61
VOLTAMP,46.27,46.27
SELAN,32.87,32.87
ANANTRAJ,46.36,46.36
HOVS,29.8,29.8
ALICON,11.37,11.37
FIEMIND,18.95,18.95
DCBBANK,7.82,7.82
NAUKRI,385.33,282.8
TORNTPOWER,34.14,34.14
RUCHIRA,6.52,6.52
VENUSREM,14.29,14.29
PARACABLES,28.21,28.21
AVTNPL,24.85,24.85
LUMAXTECH,22.7,21.51
WANBURY,19.71,19.22
GANDHITUBE,20.32,20.32
HUBTOWN,72.41,72.41
REDINGTON,13.13,13.13
PFC,7.4,7.4
PAGEIND,71.08,71.08
JKTYRE,13.69,13.78
BALAMINES,31.5,31.5
DISHTV,,14.83
BFUTILITIE,11.41,11.41
WEBELSOLAR,,86.1
NAVINFLUOR,49.73,57.68
HGS,57.96,57.96
V2RETAIL,94.65,94.65
ADSL,18.33,18.33
CENTRALBK,20.54,20.54
KPRMILL,35.22,35.22
ISMTLTD,18.4,17.24
KSCL,15.12,15.12
CENTUM,86.18,86.18
MAANALU,19.19,19.19
DELTACORP,14.44,14.44
KSL,13.99,13.99
TI,26.79,33.09
BAJAJCON,22.95,22.95
RAMKY,2.73,80.71
WABAG,98.71,20.63
RESPONIND,56.17,56.17
JAMNAAUTO,25.94,25.94
PSB,43.35,43.35
STEL,44.81,44.81
HFCL,41.36,41.36
MUTHOOTFIN,15.67,15.67
ORBTEXP,14.62,14.62
SDBL,26.68,26.68
CAPLIPOINT,22.25,22.25
GOODLUCK,22.54,22.54
CCHHL,14.65,14.65
VISHNU,18.15,18.15
JMA,8.72,8.72
LFIC,6.33,6.33
TPLPLASTEH,40.46,40.46
ORICONENT,30.77,25.04
PKTEA,344.86,344.86
SHARDAMOTR,16.41,16.41
INDIGO,21.18,21.18
ALKEM,38.86,35.31
QUICKHEAL,104.28,104.28
KELLTONTEC,,18.95
HCG,218.73,218.73
SAGARDEEP,118.88,118.88
SHRIPISTON,20.48,20.48
RADIOCITY,188.77,188.77
IEX,40.41,40.41
5PAISA,30,30
AMBER,90.25,90.25
GMMPFAUDLR,31.84,31.84
SANDHAR,29.57,30.26
INDOSTAR,25.1,25.1
EICHERMOT,37.82,37.82
ZENSARTECH,20.78,20.78
ANIKINDS,43.64,43.64
BLUEDART,56.74,56.74
HSCL,43.98,43.98
RANASUG,6.51,6.51
UFLEX,,16.25
SPMLINFRA,41.44,41.44
TATACOMM,51.62,56.86
SANOFI,31.98,32.68
KAJARIACER,43.09,42.75
PIDILITIND,86.61,86.61
HONDAPOWER,29.34,27.84
ABB,116.95,116.95
BRITANNIA,58.3,58.25
FOSECOIND,28.97,33.3
SCHAEFFLER,66.42,66.17
MFSL,85.24,85.24
GODFRYPHLP,24.41,24.41
SUDARSCHEM,15.18,58.16
HINDALCO,14.85,14.87
AMBUJACEM,25.01,26.2
CGPOWER,100.05,102.5
BEL,47.17,47.17
DALMIASUG,10.13,10.13
MRF,25.37,25.37
JAYAGROGN,14.16,14.16
AARTIDRUGS,25.51,25.51
DENORA,43.07,43.07
GODREJCP,,72.15
TCI,25.53,25.26
PONNIERODE,7.77,7.77
NUCLEUS,17.27,17.27
RADICO,96.29,96.29
NSIL,30.32,30.32
DREDGECORP,46.77,45.99
MUKANDLTD,12.21,12.21
DATAMATICS,16.25,16.25
APARINDS,37.99,37.99
GULFPETRO,13.12,13.12
DWARKESH,15.92,15.92
GOKEX,44.1,44.1
SHOPERSTOP,102.98,95.01
JKPAPER,5.5,5.5
VHL,32.09,32.09
NECLIFE,93.82,93.82
RML,116.88,12.43
GEECEE,79.65,79.65
JINDRILL,22.04,22.04
HBLPOWER,61.01,60.23
SARLAPOLY,29.73,29.73
TIIL,18.52,18.52
PGIL,14.55,16.06
TFL,93.13,93.13
LAOPALA,26.79,26.79
BANSWRAS,9.54,9.54
SRHHYPOLTD,7,6.78
INSECTICID,25.35,25.35
NELCAST,24.63,33.56
