SYMBOL,SERIES,SECURITY,HIGH/LOW,INDEX FLAG
ABCOTS,SM,A B COTSPIN INDIA LIMITED,H
AILIMITED,SM,ABHISHEK INTEGRATIONS LTD,H
ALPEXSOLAR,SM,ALPEX SOLAR LIMITED,H
ALPSINDUS,EQ,ALPS INDUSTRIES LTD,H
ANTGRAPHIC,BE,ANTARCTICA LTD,H
APS,SM,AUSTRALIAN PREM SOLAR I L,H
ARHAM,ST,ARHAM TECHNOLOGIES LTD,H
ASIANENE,EQ,ASIAN ENERGY SERVICES LTD,H
ASMS,BE,BARTRONICS INDIA LIMITED,H
ATLANTAA,BE,ATLANTAA LIMITED,H
ATMASTCO,SM,ATMASTCO LIMITED,H
BAFNAPH,BE,BAFNA PHARMACEUTICALS LTD,H
BALAJITELE,EQ,BALAJI TELEFILMS LIMITED.,H
BIL,BE,BHARTIYA INETRNATIONAL LT,H
CCHHL,EQ,COUNTRY CLUB HOSP HOL LTD,H
CELLECOR,SM,CELLECOR GADGETS LIMITED,H
CMMIPL,ST,CMM INFRAPROJECTS LIMITED,H
CORDSCABLE,BE,CORDS CABLE INDUS LTD.,H
CREATIVEYE,EQ,CREATIVE EYE LIMITED,H
CROWN,BE,CROWN LIFTERS LIMITED,H
CYBERMEDIA,BE,CYBER MEDIA (INDIA) LTD.,H
DBSTOCKBRO,EQ,DB (INT) STOCK BROKERS,H
DGCONTENT,EQ,DIGICONTENT LIMITED,H
DOLPHIN,BE,DOLPHIN OFF ENT (IND) L,H
DYNAMIC,SM,DYNAMIC SRVCS & SEC LTD,H
E2E,BE,E2E NETWORKS LIMITED,H
ESCONET,SM,ESCONET TECHNOLOGIES LTD,H
FCONSUMER,EQ,FUTURE CONSUMER LIMITED,H
FEL,BZ,FUTURE ENTERPRISES LTD,H
FELDVR,BE,FUTURE ENTERPRISES LTD,H
FSC,BZ,FUTURE SUPP CHAIN SOL LTD,H
GALLANTT,BE,GALLANTT ISPAT LIMITED,H
GAYAHWS,BE,GAYATRI HIGHWAYS LIMITED,H
GENSOL,EQ,GENSOL ENGINEERING LTD,H
GIRIRAJ,ST,GIRIRAJ CIVIL DEVP LTD,H
GMRP&UI,EQ,GMR POW AND URBAN INFRA L,H
GOENKA,BZ,GOENKA DIAMOND&JEWELS LTD,H
GRCL,SM,GAYATRI RUBB AND CHEM LTD,H
GRETEX,ST,GRETEX INDUSTRIES LTD.,H
GTLINFRA,EQ,GTL INFRA.LTD,H
HINDMOTORS,EQ,HINDUSTAN MOTORS LIMITED,H
IFCI,EQ,IFCI LTD,H
IL&FSTRANS,BZ,IL&FS TRANS NET LTD,H
INNOVANA,SM,INNOVANA THINKLABS LTD.,H
IVC,EQ,IL&FS INVESTMENT MANAGERS,H
JITFINFRA,BE,JITF INFRALOGISTICS LTD,H
JYOTISTRUC,BE,JYOTI STRUCTURES,H
KAVVERITEL,EQ,KAVVERI TEL. LTD.,H
KCEIL,SM,KAY CEE ENERGY & INFRA L,H
KEEPLEARN,EQ,DSJ KEEP LEARNING LTD,H
KODYTECH,SM,KODY TECHNOLAB LIMITED,H
KONSTELEC,SM,KONSTELEC ENGINEERS LTD,H
KRISHIVAL,SM,KRISHIVAL FOODS LIMITED,H
LLOYDS,SM,LLOYDS LUXURIES LIMITED,H
MACPOWER,BE,MACPOWER CNC MACHINES LTD,H
MAFANG,EQ,MIRAEAMC - MAFANG,H
MASKINVEST,EQ,MASK INVESTMENTS LIMITED,H
MAXIND,EQ,MAX INDIA LIMITED,H
MEGAFLEX,SM,MEGA FLEX PLASTICS LTD,H
MEP,BE,MEP INFRA. DEVELOPERS LTD,H
MNC,EQ,KOTAKMAMC - KOTAKMNC,H
MONOPHARMA,SM,MONO PHARMACARE LIMITED,H
NETWEB,EQ,NETWEB TECH INDIA LTD,H
NILASPACES,BE,NILA SPACES LIMITED,H
NITIRAJ,EQ,NITIRAJ ENGINEERS LTD,H
ORIANA,SM,ORIANA POWER LIMITED,H
OWAIS,SM,OWAIS METAL & MINERAL,H
PANSARI,EQ,PANSARI DEVELOPERS LTD,H
PENINLAND,EQ,PENINSULA LAND LIMITED,H
PRAMARA,SM,PRAMARA PROMOTIONS LTD,H
PRATHAM,SM,PRATHAM EPC PROJECTS LTD,H
PURVA,BE,PURAVANKARA LIMITED,H
RADAAN,BE,RADAAN MEDIAWORKS (I) LTD,H
RAJRILTD,BE,RAJ RAYON INDUSTRIES LTD,H
RAJTV,BE,RAJ TV NETWORK LTD,H
RANEENGINE,EQ,RANE ENG VALVE LTD,H
RBL,EQ,RANE BRAKE LINING LTD,H
RBMINFRA,SM,RBM INFRACON LIMITED,H
RKEC,EQ,RKEC PROJECTS LIMITED,H
RTNPOWER,BE,RATTANINDIA POWER LIMITED,H
SABEVENTS,BE,SAB EVENTS & GOVERNANCE,H
SEJALLTD,BE,SEJAL GLASS LIMITED,H
SEL,SM,SUNGARNER ENERGIES LTD,H
SHAKTIPUMP,BE,SHAKTI PUMPS (I) LTD,H
SHRENIK,EQ,SHRENIK LIMITED,H
SJLOGISTIC,SM,S J LOGISTICS (INDIA) LTD,H
SKYGOLD,BE,SKY GOLD LIMITED,H
SMLT,BE,SARTHAK METALS LIMITED,H
SMVD,ST,SMVD POLY PACK LIMITED,H
SONAMAC,SM,SONA MACHINERY LIMITED,H
SPMLINFRA,EQ,SPML INFRA LIMITED,H
SUPREMEENG,BE,SUPREME ENGINEERING LTD,H
SWELECTES,EQ,SWELECT ENERGY SYS LTD,H
SWSOLAR,EQ,STRLNG & WIL REN ENE LTD,H
TAC,SM,TAC INFOSEC LIMITED,H
TALBROAUTO,EQ,TALBROS AUTO. COMP. LTD,H
TARACHAND,BE,TARA CHAND INFRA SOLN LTD,H
TARC,EQ,TARC LIMITED,H
TCL,SM,THAAI CASTING LIMITED,H
TECHIN,BE,TECHINDIA NIRMAN LIMITED,H
TECHLABS,SM,TRIDENT TECHLABS LIMITED,H
TFL,EQ,TRANSWARRANTY FIN. LTD.,H
TGL,SM,TEERTH GOPICON LIMITED,H
TIRUPATI,SM,SHREE TIRUPATI BALAJEE,H
TOKYOPLAST,EQ,TOKYO PLAST INTL LTD,H
UNIVASTU,EQ,UNIVASTU INDIA LIMITED,H
UWCSL,SM,ULTRA WIRING CONN SYS LTD,H
VINNY,EQ,VINNY OVERSEAS LIMITED,H
VIVIANA,SM,VIVIANA POWER TECH LTD,H
VIVO,SM,VIVO COLLAB SOLUTIONS LTD,H
VMARCIND,SM,V MARC INDIA LIMITED,H
WEL,BE,WONDER ELECTRICALS LTD,H
WINSOME,BE,WINSOME YARNS LIMITED,H
WOMANCART,SM,WOMANCART LIMITED,H
XELPMOC,BE,XELPMOC DESIGN & TECH LTD,H
AARVEEDEN,EQ,AARVEE DEN. & EXP. LTD,L
ADROITPP,E1,ADROITINF RS.2.50 PPD UP,L
AISL,ST,ANI INTEGRATED SERV LTD.,L
ANTGRAPHIC,BE,ANTARCTICA LTD,L
ARCHIDPLY,BE,ARCHIDPLY IND. LTD,L
ASCOM,ST,ASCOM LEASIN & INVEST LTD,L
ATALREAL,BE,ATAL REALTECH LIMITED,L
BHARATWIRE,EQ,BHARAT WIRE ROPES LTD.,L
BIRDYS,ST,GRILL SPLENDOUR SER LTD,L
CALSOFT,BE,CALIFORNIA SOFTWARE CO LT,L
CMMIPL,ST,CMM INFRAPROJECTS LIMITED,L
CMNL,SM,CHAMAN METALLICS LIMITED,L
CMRSL,SM,CYBER MEDIA RES & SER LTD,L
CREATIVEYE,EQ,CREATIVE EYE LIMITED,L
DHTL,SM,DOCMODE HEALTH TECH LTD,L
EDUCOMP,BZ,EDUCOMP SOLUTIONS LTD,L
EQUIPPP,BE,EQUIPPP SOC IMP TECH LTD,L
EXCEL,EQ,EXCEL REALTY N INFRA LTD,L
GANESHHOUC,EQ,GANESH HOUSING CORP LTD,L
GAYAPROJ,BZ,GAYATRI PROJECTS LTD,L
GICL,SM,GLOBE INTL CARRIERS LTD,L
GODHA,BE,GODHA CABCON INSULAT LTD,L
GTLINFRA,EQ,GTL INFRA.LTD,L
HAVISHA,EQ,SRI HAVISHA HOSP & INFR L,L
HDIL,BZ,HOUSING DEV & INFRA LTD,L
HOMESFY,ST,HOMESFY REALTY LIMITED,L
HUBTOWN,BE,HUBTOWN LIMITED,L
IITL,EQ,INDUSTRIAL INV TRUST LTD,L
INCREDIBLE,EQ,INCREDIBLE INDUSTRIES LTD,L
INDOTECH,BE,INDO TECH TRANSFORM LTD.,L
INOXGREEN,EQ,INOX GREEN ENERGY SER LTD,L
IWEL,BE,INOX WIND ENERGY LIMITED,L
JALAN,SM,JALAN TRANSOLU. INDIA LTD,L
JYOTICNC,EQ,JYOTI CNC AUTOMATION LTD,L
KBCGLOBAL,EQ,KBC GLOBAL LIMITED,L
LASA,EQ,LASA SUPERGENERICS LTD,L
MBECL,EQ,MCNALLY BH. ENG. CO.LTD,L
METALFORGE,BZ,METALYST FORGINGS LIMITED,L
MIRCELECTR,EQ,MIRC ELECTRONICS LTD,L
NETWORK18,EQ,NETWORK18 MEDIA & INV LTD,L
OMKARCHEM,BZ,OMKAR SPL CHEM LTD,L
OSWALSEEDS,BE,SHREEOSWAL S AND CHE LTD,L
PATTECH,ST,PATTECH FITWELL TUB COM L,L
PERFECT,SM,PERFECT INFRAENGINEER LTD,L
RAJRILTD,BE,RAJ RAYON INDUSTRIES LTD,L
RBS,ST,RAMDEVBABA SOLVENT LTD,L
RCOM,BE,RELIANCE COMMUNICATIONS L,L
RICHA,SM,RICHA INFO SYSTEMS LTD,L
ROML,BE,RAJ OIL MILLS LIMITED,L
SECL,SM,SALASAR EXTERIOR CONT LTD,L
SEMAC,BE,SEMAC CONSULTANTS LIMITED,L
SETCO,BE,SETCO AUTOMOTIVE LTD,L
SEYAIND,BE,SEYA INDUSTRIES LIMITED,L
SHRENIK,EQ,SHRENIK LIMITED,L
SMVD,ST,SMVD POLY PACK LIMITED,L
SOLEX,SM,SOLEX ENERGY LIMITED,L
SPARC,EQ,SUN PHARMA ADV.RES.CO.LTD,L
SRPL,BE,SHREE RAM PROTEINS LTD.,L
SURANI,SM,SURANI STEEL TUBES LTD.,L
SWARAJ,SM,SWARAJ SUITING LIMITED,L
TIPSFILMS,EQ,TIPS FILMS LIMITED,L
URAVI,BE,URAVI T AND WEDG LAMP LTD,L
VASA,SM,VASA RETAIL & OVERSEA LTD,L
VERTEXPLUS,ST,VERTEXPLUS TECHNOLOGIES L,L
VIJIFIN,BE,VIJI FINANCE LIMITED,L
WALCHANNAG,BE,WALCHANDNAGAR INDUSTRIES,L
WEL,BE,WONDER ELECTRICALS LTD,L
WINSOME,BE,WINSOME YARNS LIMITED,L
