GAIN_LOSS,SECURITY,CLOSE_PRIC,PREV_CL_PR,PERCENT_CG
 ,Nifty 50 Sec., , , 
 , , , , 
G,COAL INDIA LTD,       474.60,       453.90,4.56
G,GRASIM INDUSTRIES LTD,      2481.35,      2437.35,1.81
G,OIL AND NATURAL GAS CORP.,       286.10,       282.80,1.17
G,DR. REDDY S LABORATORIES,      6349.55,      6287.50,.99
G,HINDALCO  INDUSTRIES  LTD,       647.10,       641.45,.88
G,APOLLO HOSPITALS ENTER. L,      6009.60,      5958.55,.86
G,BAJAJ FINSERV LTD.,      1627.30,      1615.45,.73
G,BAJAJ FINANCE LIMITED,      6931.50,      6882.70,.71
G,MAHINDRA & MAHINDRA LTD,      2193.00,      2185.15,.36
G,CIPLA LTD,      1424.75,      1420.05,.33
G,TATA CONSUMER PRODUCT LTD,      1094.30,      1091.15,.29
G,SHRIRAM FINANCE LIMITED,      2588.55,      2582.10,.25
G,ICICI BANK LTD.,      1142.05,      1139.45,.23
G,STATE BANK OF INDIA,       831.45,       830.05,.17
G,INFOSYS LIMITED,      1416.30,      1414.45,.13
 , , , , 
L,LARSEN & TOUBRO LTD.,      3499.80,      3599.50,-2.77
L,MARUTI SUZUKI INDIA LTD.,     12492.15,     12805.35,-2.45
L,NESTLE INDIA LIMITED,      2456.10,      2512.30,-2.24
L,RELIANCE INDUSTRIES LTD,      2868.00,      2933.10,-2.22
L,BHARTI AIRTEL LIMITED,      1277.40,      1304.05,-2.04
L,KOTAK MAHINDRA BANK LTD,      1546.70,      1575.65,-1.84
L,JSW STEEL LIMITED,       874.20,       890.35,-1.81
L,HDFC LIFE INS CO LTD,       565.90,       576.35,-1.81
L,ULTRATECH CEMENT LIMITED,      9816.30,      9983.45,-1.67
L,ASIAN PAINTS LIMITED,      2929.75,      2975.40,-1.53
L,ADANI ENTERPRISES LIMITED,      2993.25,      3039.60,-1.52
L,INDUSIND BANK LIMITED,      1483.70,      1505.20,-1.43
L,TATA MOTORS LIMITED,      1013.40,      1027.80,-1.4
L,ADANI PORT & SEZ LTD,      1320.30,      1338.80,-1.38
L,TECH MAHINDRA LIMITED,      1250.45,      1266.90,-1.3
L,SBI LIFE INSURANCE CO LTD,      1443.25,      1460.90,-1.21
L,NTPC LTD,       364.95,       369.05,-1.11
L,TITAN COMPANY LIMITED,      3533.90,      3568.45,-0.97
L,HCL TECHNOLOGIES LTD,      1348.05,      1360.70,-0.93
L,POWER GRID CORP. LTD.,       310.85,       313.60,-0.88
L,LTIMINDTREE LIMITED,      4651.95,      4692.70,-0.87
L,HDFC BANK LTD,      1519.60,      1532.25,-0.83
L,BHARAT PETROLEUM CORP  LT,       629.85,       634.65,-0.76
L,AXIS BANK LIMITED,      1141.50,      1149.85,-0.73
L,ITC LTD,       436.45,       439.00,-0.58
L,SUN PHARMACEUTICAL IND L,      1511.15,      1519.00,-0.52
L,TATA CONSULTANCY SERV LT,      3843.40,      3863.30,-0.52
L,TATA STEEL LIMITED,       166.50,       167.35,-0.51
L,HINDUSTAN UNILEVER LTD.,      2217.05,      2226.30,-0.42
L,DIVI S LABORATORIES LTD,      3950.95,      3964.65,-0.35
 , , , , 
 ,Nifty Next 50 Sec., , , 
 , , , , 
G,SHREE CEMENT LIMITED,     25746.55,     24827.20,3.7
G,POWER FIN CORP LTD.,       480.45,       467.85,2.69
G,TORRENT PHARMACEUTICALS L,      2734.70,      2670.00,2.42
G,BAJAJ HOLDINGS & INVS LTD,      8238.45,      8110.50,1.58
G,GODREJ CONSUMER PRODUCTS,      1251.20,      1233.30,1.45
G,DABUR INDIA LTD,       531.75,       525.30,1.23
G,VEDANTA LIMITED,       415.65,       410.80,1.18
G,UNITED SPIRITS LIMITED,      1208.30,      1194.90,1.12
G,SIEMENS LTD,      5928.05,      5871.50,0.96
G,ZYDUS LIFESCIENCES LTD,       997.40,       988.00,0.95
G,ZOMATO LIMITED,       197.25,       195.45,0.92
G,ADANI ENERGY SOLUTION LTD,      1061.55,      1052.85,0.83
G,SAMVRDHNA MTHRSN INTL LTD,       131.20,       130.20,0.77
G,ADANI GREEN ENERGY LTD,      1799.80,      1786.85,0.72
G,REC LIMITED,       557.80,       553.90,0.7
G,CHOLAMANDALAM IN & FIN CO,      1309.70,      1301.60,0.62
G,ABB INDIA LIMITED,      6698.55,      6682.50,0.24
G,AVENUE SUPERMARTS LIMITED,      4612.35,      4605.05,0.16
G,BERGER PAINTS (I) LTD,       523.25,       522.45,0.15
G,ICICI PRU LIFE INS CO LTD,       576.70,       576.55,0.03
 , , , , 
L,SRF LTD,      2567.65,      2669.05,-3.8
L,TRENT LTD,      4523.65,      4646.70,-2.65
L,INTERGLOBE AVIATION LTD,      4019.25,      4108.25,-2.17
L,DLF LIMITED,       878.20,       896.45,-2.04
L,LIFE INSURA CORP OF INDIA,       979.15,       999.15,-2
L,BOSCH LIMITED,     30093.45,     30670.45,-1.88
L,PUNJAB NATIONAL BANK,       135.80,       138.05,-1.63
L,ICICI LOMBARD GIC LIMITED,      1673.40,      1699.85,-1.56
L,INDIAN OIL CORP LTD,       170.75,       173.40,-1.53
L,BANK OF BARODA,       275.75,       279.40,-1.31
L,INDIAN RAILWAY FIN CORP L,       157.00,       158.90,-1.2
L,PIDILITE INDUSTRIES LTD,      2952.80,      2988.05,-1.18
L,JINDAL STEEL & POWER LTD,       931.50,       941.85,-1.1
L,INFO EDGE (I) LTD,      5997.85,      6061.25,-1.05
L,JIO FIN SERVICES LTD,       375.90,       379.65,-0.99
L,SBI CARDS & PAY SER LTD,       722.25,       729.40,-0.98
L,TVS MOTOR COMPANY  LTD,      2052.75,      2072.95,-0.97
L,HINDUSTAN AERONAUTICS LTD,      3920.20,      3947.20,-0.68
L,TATA POWER CO LTD,       454.75,       457.85,-0.68
L,VARUN BEVERAGES LIMITED,      1506.70,      1516.80,-0.67
L,GAIL (INDIA) LTD,       203.80,       205.05,-0.61
L,ADANI POWER LTD,       604.70,       608.10,-0.56
L,AMBUJA CEMENTS LTD,       622.45,       625.70,-0.52
L,CANARA BANK,       625.65,       628.60,-0.47
L,COLGATE PALMOLIVE LTD.,      2799.15,      2811.80,-0.45
L,INDIAN RAIL TOUR CORP LTD,      1052.45,      1056.30,-0.36
L,BHARAT ELECTRONICS LTD,       234.10,       234.75,-0.28
L,HAVELLS INDIA LIMITED,      1663.55,      1667.65,-0.25
L,ADANI TOTAL GAS LIMITED,       930.40,       932.15,-0.19
L,MARICO LIMITED,       516.90,       517.85,-0.18
 , , , , 
 ,OTHER SECURITIES, , , 
 , , , , 
G,THAAI CASTING LIMITED,       245.70,       204.75,20
G,INNOVANA THINKLABS LTD.,       667.20,       556.00,20
G,RANE BRAKE LINING LTD,      1021.40,       851.20,20
G,KONSTELEC ENGINEERS LTD,       232.60,       193.85,19.99
G,SONA MACHINERY LIMITED,       163.95,       136.65,19.98
G,PENINSULA LAND LIMITED,        58.60,        48.85,19.96
G,TRANSWARRANTY FIN. LTD.,        13.85,        11.55,19.91
G,8.67% SEC RED BOND S3A,      1314.00,      1096.10,19.88
G,BOND 8.88%PA TF TR-I S 2B,      5999.99,      5160.00,16.28
G,ARROW GREENTECH LIMITED,       555.90,       484.65,14.7
G,TOKYO PLAST INTL LTD,       131.00,       115.05,13.86
G,KOTYARK INDUSTRIES LTD,      1244.20,      1099.40,13.17
G,EMKAY TAP & CUT. TOOL LTD,       747.00,       670.00,11.49
G,AVT NATURAL PRODUCTS LTD,        98.95,        89.10,11.05
G,ORIENT HOTELS LTD,       150.00,       135.45,10.74
G,ALUWIND ARCHITECTURAL LTD,        51.00,        46.10,10.63
G,ORIANA POWER LIMITED,      1847.55,      1679.60,10
G,TEERTH GOPICON LIMITED,       245.95,       223.60,10
G,MEGATHERM INDUCTION LTD,       336.80,       306.30,9.96
G,TAC INFOSEC LIMITED,       626.75,       571.75,9.62
G,UNIVASTU INDIA LIMITED,       210.05,       191.80,9.52
G,ATMASTCO LIMITED,       288.70,       263.80,9.44
G,BLUE DART EXPRESS LTD,      6821.50,      6241.10,9.3
G,IL&FS INVESTMENT MANAGERS,        11.20,        10.25,9.27
G,UNSEC RED NCD 10.5% SR.VI,      1050.00,       962.45,9.1
G,S J LOGISTICS (INDIA) LTD,       372.20,       341.80,8.89
G,HINDUSTAN ZINC LIMITED,       470.10,       432.10,8.79
G,SALONA COTSPIN LTD.,       315.80,       291.45,8.35
G,TAJ GVK HOTELS & RESORTS,       406.55,       375.50,8.27
G,KIRLOSKAR INDUSTRIES LTD,      5477.25,      5067.15,8.09
 , , , , 
L,BOND 8.76%PA TF TR-I S 3A,      5271.10,      6580.00,-19.89
L,ASPIRE & INNOVATIVE ADV L,        74.45,        83.95,-11.32
L,AARTI SURFACTANTS LIMITED,       209.00,       235.50,-11.25
L,KRITI INDUSTRIES IND LTD,       129.30,       145.15,-10.92
L,MARINETRANS INDIA LIMITED,        30.40,        33.90,-10.32
L,COFORGE LIMITED,      4482.55,      4985.70,-10.09
L,DIGIKORE STUDIOS LIMITED,       518.50,       575.25,-9.87
L,SEC RED NCD SR.X,      1650.00,      1825.00,-9.59
L,VOLTAMP TRANSFORMERS LTD,      9983.05,     10947.10,-8.81
L,SEC RE NCD 10.75% SR XI,       912.20,      1000.00,-8.78
L,DOCMODE HEALTH TECH LTD,       238.60,       261.35,-8.7
L,BLISS GVS PHARMA LTD,       119.05,       129.40,-8
L,APTECH LIMITED,       239.15,       258.70,-7.56
L,KRISHCA STRAPPING SLTN L,       241.90,       261.60,-7.53
L,ARVIND SMARTSPACES LTD,       673.10,       726.70,-7.38
L,AURANGABAD DISTILLERY LTD,       335.05,       359.50,-6.8
L,GENESYS INTL CORPN LTD,       567.75,       608.85,-6.75
L,WILLIAMSON MAGOR,        37.15,        39.80,-6.66
L,SECUR CREDENTIALS LIMITED,        17.35,        18.55,-6.47
L,KIRLOSKAR PNEUMATIC COM L,      1077.25,      1150.45,-6.36
L,LLOYDS ENGG WORK LIMITED,        64.45,        68.70,-6.19
L,SILLY MONKS ENTERTAIN LTD,        17.50,        18.65,-6.17
L,PRITISH NANDY COMMUNICATI,        62.45,        66.50,-6.09
L,CELEBRITY FASHIONS LTD,        19.65,        20.90,-5.98
L,IND SWIFT LABORATORIES LT,       116.00,       123.35,-5.96
L,DHANI SERVICES LIMITED,        52.00,        55.20,-5.8
L,SKIPPER RE.0.25 PPD UP,       190.45,       201.95,-5.69
L,PDS LIMITED,       440.65,       466.15,-5.47
L,KUNDAN EDIFICE LIMITED,       158.00,       166.90,-5.33
L,MCNALLY BH. ENG. CO.LTD,         3.65,         3.85,-5.19
