SECURITY,NEW,PREVIOUS,NEW_STATUS
INGERSOLL-RAND INDIA LTD,4076.8,4058.45,H
POWER FIN CORP LTD.,485.5,477.8,H
KIRLOSKAR INDUSTRIES LTD,5644.25,5444,H
GALLANTT ISPAT LIMITED,326.1,310.6,H
SURAJ ESTATE DEVELOPERS L,410,402,H
ELECTROTHERM (I) LTD.,832.45,816.15,H
GOI TBILL 91D-09/05/24,100,99.9,H
SEC RED NCD SR.VIII,1439.9,1437,H
SMC GLOBAL SECURITIES LTD,166.9,165,H
GOI TBILL 182D-13/06/24,99.08,99,H
ICICIPRAMC-ICICIFIN,24.7,24.24,H
SEC RE NCD 8.60% SR 5,1036.16,1028.72,H
DOLPHIN OFF ENT (IND) L,503.35,479.4,H
ATMASTCO LIMITED,290.15,263.8,H
GOI TBILL 364D-23/05/24,99.15,98.9,H
SEC RE NCD SR. IV,1149.05,1135,H
GOI TBILL 364D-25/07/24,98.42,98.41,H
BASF INDIA LTD,4100,4040,H
MAHINDRA & MAHINDRA LTD,2210,2204,H
VOLTAS LTD,1501,1500,H
REC LIMITED,567.15,557.85,H
CPSE ETF,89.7,88.48,H
PRUDENT CORP ADV SER LTD,1767.7,1628,H
VIVIANA POWER TECH LTD,525.95,500.95,H
MIRAEAMC - MAMFGETF,136.2,134.15,H
MOTILALAMC - MOVALUE,104.85,103.45,H
UNIVASTU INDIA LIMITED,210.95,202,H
GOI TBILL 91D-06/06/24,99.13,99.1,H
POWER INSTRUMENT (G) LTD,77.25,75.8,H
OMAX AUTOS LTD,134.15,131.55,H
THAAI CASTING LIMITED,245.7,206,H
GRETEX INDUSTRIES LTD.,78.55,74.85,H
SDL GJ 7.58% 2032,103.2,101,H
CUMMINS INDIA LTD,3478.4,3336.25,H
SOBHA LIMITED,1969.05,1855,H
KIRLOSKAR BROTHERS LTD,1410,1374.95,H
AGNI GREEN POWER LTD,75.95,75.35,H
AAA TECHNOLOGIES LIMITED,132.8,108.1,H
TARAPUR TRANSFORMERS LTD,11.35,11.15,H
SEC RE NCD 9.45% SR.I,1170,1015.03,H
SHAKTI PUMPS (I) LTD,2184.4,2080.4,H
NIP IND ETF DIV OPP,78.05,77.5,H
NITCO LIMITED,72.3,70.9,H
GAYATRI RUBB AND CHEM LTD,290.75,289.2,H
SONA MACHINERY LIMITED,163.95,148.5,H
MASK INVESTMENTS LIMITED,96.7,92.6,H
SERENCD 8.98% SR.VI OP2,1058,1040,H
ABB INDIA LIMITED,6790,6773.1,H
NIP IND ETF JUNIOR BEES,708,705.4,H
NTPC LTD,380.4,374.5,H
REMSONS INDUSTRIES LTD,1005,997,H
PRESTIGE ESTATE LTD,1478.25,1440,H
ARCHIDPLY IND. LTD,136.95,106.5,H
TECHINDIA NIRMAN LIMITED,37.2,35.7,H
PARIN FURNITURE LIMITED,161,157,H
BIRLASLAMC - MOMENTUM,34.2,34,H
MIRAEAMC - ALPHAETF,26.69,25.3,H
YUKEN INDIA LIMITED,1479.7,1415.5,H
ALPEX SOLAR LIMITED,619.95,590.45,H
TRIDENT TECHLABS LIMITED,318.5,303.35,H
AARTECH SOLONICS LIMITED,262,252.95,H
SKY GOLD LIMITED,1315.45,1288,H
ICICI PRUD MIDCAP SEL ETF,162,159.56,H
GOI TBILL 364D-23/01/25,94.95,94.85,H
GOI TBILL 364D-11/04/25,94,93.58,H
ESCORTS KUBOTA LIMITED,3503.35,3491.85,H
TRENT LTD,4680.55,4676.7,H
CAREER POINT LIMITED,416.85,397.4,H
CMS INFO SYSTEMS LIMITED,434.95,434,H
DYNAMIC SRVCS & SEC LTD,288.15,276.7,H
RAINBOW CHILDRENS MED LTD,1490,1487.65,H
MAX ESTATES LIMITED,374.9,352.9,H
MIRAEAMC - MANXT50,674,673.7,H
GRASIM RE.0.50 PPD UP,1217.85,1195,H
SHEKHAWATI POLY-YARN LTD.,2.8,2.75,H
SUNGARNER ENERGIES LTD,419.8,399.85,H
SEC RE NCD 0% SR.II,1168,1164.55,H
OWAIS METAL & MINERAL,947.35,902.25,H
NITIRAJ ENGINEERS LTD,207.25,197.9,H
PRATHAM EPC PROJECTS LTD,276.2,263.05,H
KOTAKMAMC - KOTAKMNC,32.76,29,H
SERENCD 8.60% SR.IV OP8,1030,1029.96,H
TEERTH GOPICON LIMITED,245.95,223.6,H
SBI-ETF NIFTY NEXT 50,700.98,696.98,H
HINDUSTAN MOTORS LIMITED,40,38.1,H
HPL ELECTRIC & POWER LTD,427.1,410.15,H
MARVEL DECOR LIMITED,118,115,H
ROLLATAINERS LIMITED,2.85,2.8,H
DIAMOND POWER INFRA LTD,822,806.15,H
SHARP CHUCKS N MACHINES L,134,126.8,H
GOI TBILL 364D-18/07/24,98.55,98.54,H
LAXMI COTSPIN LIMITED,38.8,37.7,H
INOX INDIA LIMITED,1473,1445,H
LLOYDS LUXURIES LIMITED,146.8,139.85,H
ICICI PRUD NIFTY 100 ETF,267.55,265.9,H
ICICIPRAMC - ICICICOMMO,90,89.65,H
TRF LIMITED,624.45,612.25,H
ORIANA POWER LIMITED,1847.55,1699,H
DSPAMC - LIQUIDADD,1007.9,1007.41,H
ALUWIND ARCHITECTURAL LTD,53.7,48,H
TARA CHAND INFRA SOLN LTD,352.8,343.1,H
SE RE NCD 9.35% SR.V OP2,1060.05,1060,H
SUPREME INDUSTRIES LTD,5149,5124.9,H
APAR INDUSTRIES LTD.,8164,8105,H
TRIVENI TURBINE LIMITED,596.7,581.9,H
LINDE INDIA LIMITED,8645,8579.45,H
TIJARIA POLYPIPES LTD,22.25,21.85,H
POLYCAB INDIA LIMITED,5869.9,5804,H
ZOMATO LIMITED,200.35,199.7,H
SHRIRAM FINANCE LIMITED,2658,2605.65,H
GOI TBILL 364D-14/11/24,96.3,96.11,H
ESCONET TECHNOLOGIES LTD,226.4,215.65,H
SEC RE NCD SR.II,1108.7,1108,H
MACPOWER CNC MACHINES LTD,1395.15,1328.75,H
SP REFRACTORIES LIMITED,207.95,200.45,H
CAMBRIDGE TECH ENTER LTD,100.9,6.6,H
VERTEXPLUS TECHNOLOGIES L,157.8,106.55,H
TAC INFOSEC LIMITED,628.9,576.9,H
PATTECH FITWELL TUB COM L,96,63.6,H
SUMMIT SECURITIES LTD,1539.95,1533,H
INTERGLOBE AVIATION LTD,4179.1,4122.9,H
JITF INFRALOGISTICS LTD,855.6,814.9,H
MOS UTILITY LIMITED,204.5,199.25,H
NIPPONAMC - NETFAUTO,232.87,231,H
GOI TBILL 182D-18/07/24,98.26,98.21,H
MAX INDIA LIMITED,283.4,274.7,H
SEC RE NCD SR.VI,1075,1070,H
ICICIPRAMC - ICICIINFRA,88.99,88.5,H
SHYAM TELECOM LIMITED,19.5,9.5,H
SEC RE NCD SR.V,1147,1145,H
VIPUL LIMITED,35.1,34.65,H
KOTAKMAMC - KOTAKALPHA,49.62,49.19,H
KOTAKMAMC - KTKNV20ETF,142.53,142.49,H
ICICIPRAMC - ICICITECH,34.54,34.93,L
ATAL REALTECH LIMITED,9.25,11.55,L
AKI INDIA LIMITED,19,19.05,L
RADIOWALLA NETWORK LTD,118.05,118.5,L
GLOSTER LIMITED,875,876.9,L
RACHANA INFRA LTD,37.85,37.95,L
GACM TECHNOLOGIES LIMITED,3,3.05,L
SEC RE NCD 10.75% SR XI,912.2,927,L
ADROITINF RS.2.50 PPD UP,4.05,4.25,L
OSIA HYPER RETAIL LIMITED,26.15,26.65,L
FUTURE SUPP CHAIN SOL LTD,5.7,5.8,L
INDIABULL RE.0.67 PPD UP,69.3,71.45,L
SEC RE NCD 9.45% SR.I,941,947.01,L
MANAK ALUMINIUM CO. LTD.,25.6,26.1,L
MARSHALL MACHINES LTD,23.15,23.6,L
SIGNPOST INDIA LIMITED,298,304.95,L
SEC RE NCD 10.25% SR.IV,898,900,L
GRILL SPLENDOUR SER LTD,95.7,100.65,L
TIL LTD,140,148.65,L
LAGNAM SPINTEX LIMITED,158.8,160.05,L
MCNALLY BH. ENG. CO.LTD,3.65,3.85,L
VASA RETAIL & OVERSEA LTD,4.9,4.95,L
UTIAMC - NIFITETF,327.76,328.18,L
KOTAK GOLD ETF,60.5,60.55,L
ASPIRE & INNOVATIVE ADV L,73.55,80,L
SURANA TELECOM AND POW LT,14.9,15,L
MANGALAM ORGANICS LIMITED,370,401.95,L
BHAGIRADHA CHEM & INDS L,185.25,193,L
HDFCAMC - HDFCNIFIT,33.3,33.6,L
KOTAKMAMC - KOTAKIT,34.24,34.67,L
LATENT VIEW ANALYTICS LTD,490,492,L
SERENCD 8.60% SR.IV OP8,1020,1022,L
TEERTH GOPICON LIMITED,206.65,212.5,L
ANMOL INDIA LIMITED,38.95,39.3,L
HARDWYN INDIA LIMITED,29.35,29.9,L
LORENZINI APPARELS LTD,23.65,23.75,L
BANKA BIOLOO LIMITED,97.05,99,L
CUPID LIMITED,104,104.6,L
UDAYSHIVAKUMAR INFRA LTD,47.65,48.6,L

