GAIN_LOSS,SECURITY,CLOSE_PRIC,PREV_CL_PR,PERCENT_CG
 ,Nifty 50 Sec., , , 
 , , , , 
G,HINDUSTAN UNILEVER LTD.,      2921.80,      2838.95,2.92
G,SHRIRAM FINANCE LIMITED,      3315.70,      3235.65,2.47
G,ICICI BANK LTD.,      1235.00,      1208.15,2.22
G,ITC LTD,       511.75,       501.70,2
G,BRITANNIA INDUSTRIES LTD,      5939.45,      5843.55,1.64
G,TATA CONSUMER PRODUCT LTD,      1192.05,      1173.85,1.55
G,KOTAK MAHINDRA BANK LTD,      1790.15,      1764.15,1.47
G,INDUSIND BANK LIMITED,      1428.10,      1409.35,1.33
G,AXIS BANK LIMITED,      1170.85,      1158.75,1.04
G,DIVI S LABORATORIES LTD,      5173.50,      5137.80,.69
G,GRASIM INDUSTRIES LTD,      2710.35,      2692.85,.65
G,HDFC BANK LTD,      1646.50,      1636.95,.58
G,CIPLA LTD,      1620.15,      1611.05,.56
G,NESTLE INDIA LIMITED,      2516.75,      2503.20,.54
G,ULTRATECH CEMENT LIMITED,     11494.35,     11432.85,.54
G,BAJAJ FINANCE LIMITED,      7347.45,      7317.15,.41
G,MAHINDRA & MAHINDRA LTD,      2708.85,      2698.10,.4
G,SBI LIFE INSURANCE CO LTD,      1901.75,      1896.30,.29
G,STATE BANK OF INDIA,       784.25,       782.50,.22
G,BHARTI AIRTEL LIMITED,      1542.65,      1539.25,.22
G,ASIAN PAINTS LIMITED,      3280.75,      3273.70,.22
G,BAJAJ FINSERV LTD.,      1860.45,      1857.15,.18
G,BAJAJ AUTO LIMITED,     10847.60,     10830.10,.16
G,JSW STEEL LIMITED,       934.25,       932.80,.16
G,LARSEN & TOUBRO LTD.,      3578.30,      3574.75,.1
G,HERO MOTOCORP LIMITED,      5745.30,      5743.75,.03
 , , , , 
L,OIL AND NATURAL GAS CORP.,       298.90,       308.80,-3.21
L,TECH MAHINDRA LIMITED,      1579.20,      1623.25,-2.71
L,HINDALCO  INDUSTRIES  LTD,       658.55,       667.10,-1.28
L,NTPC LTD,       389.85,       394.80,-1.25
L,BHARAT PETROLEUM CORP  LT,       347.80,       352.15,-1.24
L,TATA STEEL LIMITED,       149.47,       151.22,-1.16
L,WIPRO LTD,       514.85,       520.60,-1.1
L,TATA MOTORS LIMITED,      1038.70,      1049.35,-1.01
L,COAL INDIA LTD,       484.45,       488.55,-0.84
L,APOLLO HOSPITALS ENTER. L,      6860.70,      6906.80,-0.67
L,HCL TECHNOLOGIES LTD,      1746.75,      1756.10,-0.53
L,ADANI PORT & SEZ LTD,      1435.90,      1442.40,-0.45
L,ADANI ENTERPRISES LIMITED,      2964.15,      2975.45,-0.38
L,POWER GRID CORP. LTD.,       328.55,       329.80,-0.38
L,INFOSYS LIMITED,      1894.65,      1901.85,-0.38
L,HDFC LIFE INS CO LTD,       735.80,       738.40,-0.35
L,MARUTI SUZUKI INDIA LTD.,     12145.75,     12186.15,-0.33
L,LTIMINDTREE LIMITED,      6146.60,      6165.40,-0.3
L,TITAN COMPANY LIMITED,      3684.55,      3695.50,-0.3
L,DR. REDDY S LABORATORIES,      6655.90,      6667.15,-0.17
L,RELIANCE INDUSTRIES LTD,      2924.90,      2929.65,-0.16
L,TATA CONSULTANCY SERV LT,      4449.55,      4456.75,-0.16
L,SUN PHARMACEUTICAL IND L,      1821.85,      1824.55,-0.15
L,EICHER MOTORS LTD,      4747.35,      4752.50,-0.11
 , , , , 
 ,Nifty Next 50 Sec., , , 
 , , , , 
G,GODREJ CONSUMER PRODUCTS,      1492.05,      1443.45,3.37
G,DABUR INDIA LTD,       662.35,       644.40,2.79
G,BOSCH LIMITED,     33105.70,     32357.30,2.31
G,ADANI ENERGY SOLUTION LTD,      1007.05,       985.35,2.2
G,VARUN BEVERAGES LIMITED,      1525.85,      1493.25,2.18
G,CHOLAMANDALAM IN & FIN CO,      1538.25,      1511.35,1.78
G,MARICO LIMITED,       676.00,       665.25,1.62
G,DLF LIMITED,       826.75,       814.25,1.54
G,JIO FIN SERVICES LTD,       341.70,       336.85,1.44
G,ZOMATO LIMITED,       263.20,       259.95,1.25
G,PIDILITE INDUSTRIES LTD,      3273.95,      3233.70,1.24
G,ABB INDIA LIMITED,      7600.90,      7516.40,1.12
G,AMBUJA CEMENTS LTD,       630.15,       623.25,1.11
G,AVENUE SUPERMARTS LIMITED,      5361.40,      5303.45,1.09
G,HAVELLS INDIA LIMITED,      1892.40,      1872.35,1.07
G,BERGER PAINTS (I) LTD,       602.35,       596.30,1.01
G,ICICI PRU LIFE INS CO LTD,       758.15,       750.65,1
G,SRF LTD,      2529.15,      2509.05,0.8
G,COLGATE PALMOLIVE LTD.,      3681.80,      3654.60,0.74
G,SHREE CEMENT LIMITED,     25798.60,     25610.45,0.73
G,CANARA BANK,       104.02,       103.38,0.62
G,INTERGLOBE AVIATION LTD,      4808.50,      4783.70,0.52
G,TRENT LTD,      7136.65,      7103.55,0.47
G,TVS MOTOR COMPANY  LTD,      2765.10,      2752.30,0.47
G,TORRENT PHARMACEUTICALS L,      3431.10,      3416.70,0.42
G,ZYDUS LIFESCIENCES LTD,      1104.15,      1100.00,0.38
G,SBI CARDS & PAY SER LTD,       802.35,       800.65,0.21
G,TATA POWER CO LTD,       417.85,       417.00,0.2
G,ADANI GREEN ENERGY LTD,      1865.75,      1863.30,0.13
G,VEDANTA LIMITED,       460.25,       459.80,0.1
 , , , , 
L,POWER FIN CORP LTD.,       523.60,       545.30,-3.98
L,BAJAJ HOLDINGS & INVS LTD,     10357.10,     10693.40,-3.14
L,REC LIMITED,       590.05,       607.45,-2.86
L,GAIL (INDIA) LTD,       217.75,       222.82,-2.28
L,ADANI TOTAL GAS LIMITED,       814.75,       826.75,-1.45
L,ICICI LOMBARD GIC LIMITED,      2232.40,      2261.70,-1.3
L,INDIAN RAIL TOUR CORP LTD,       927.00,       936.50,-1.01
L,HINDUSTAN AERONAUTICS LTD,      4656.85,      4703.45,-0.99
L,LIFE INSURA CORP OF INDIA,      1029.30,      1038.90,-0.92
L,INDIAN RAILWAY FIN CORP L,       168.33,       169.85,-0.89
L,JINDAL STEEL & POWER LTD,       945.80,       953.95,-0.85
L,SIEMENS LTD,      6558.25,      6614.35,-0.85
L,INDIAN OIL CORP LTD,       175.34,       176.64,-0.74
L,BHARAT ELECTRONICS LTD,       281.55,       283.60,-0.72
L,PUNJAB NATIONAL BANK,       109.63,       110.00,-0.34
L,SAMVRDHNA MTHRSN INTL LTD,       187.36,       187.83,-0.25
L,BANK OF BARODA,       235.55,       235.85,-0.13
L,INFO EDGE (I) LTD,      7418.60,      7424.90,-0.08
 , , , , 
 ,OTHER SECURITIES, , , 
 , , , , 
G,BEARDSELL LIMITED,        41.47,        34.56,19.99
G,DEEP INDUSTRIES LIMITED,       476.60,       397.20,19.99
G,CL EDUCATE LIMITED,       123.04,       103.16,19.27
G,TRIB BHIMJI ZAVERI LTD,       270.37,       233.54,15.77
G,SYNCOM FORMU (I) LTD,        26.77,        23.13,15.74
G,SEC RE NCD 9.48% SR V,      1098.00,       950.20,15.55
G,UNSEC RED NCD 10.5% SR.VI,      1075.00,       958.00,12.21
G,MOTISONS JEWELLERS LTD,       219.85,       196.11,12.11
G,SHAH ALLOYS LIMITED,        82.76,        74.04,11.78
G,HI GREEN CARBON LIMITED,       271.95,       244.00,11.45
G,BALU FORGE INDUSTRIES LTD,       854.35,       770.25,10.92
G,GP PETROLEUMS LIMITED,        87.65,        79.03,10.91
G,MANOJ VAIBHAV GEM N JEW L,       270.72,       244.51,10.72
G,SEC RE NCD SR II,      1133.00,      1025.01,10.54
G,UNSERENCD9.00%SRIIICI&II,      1200.00,      1087.00,10.4
G,INDO AMINES LIMITED,       230.38,       208.77,10.35
G,PREMIER ENERGIES LIMITED,      1208.65,      1096.05,10.27
G,S.A.L. STEEL LTD.,        25.52,        23.20,10
G,PANACEA BIOTEC LTD,       270.51,       245.92,10
G,RADHIKA JEWELTECH LIMITED,       127.72,       116.11,10
G,GRAPHISADS LIMITED,        56.15,        51.05,9.99
G,SARVESHWAR FOODS LIMITED,        10.64,         9.68,9.92
G,UNICOMMERCE ESOLUTIONS L,       216.65,       197.25,9.84
G,CELEBRITY FASHIONS LTD,        17.92,        16.32,9.8
G,ECOS (INDIA) MOB & HOSP L,       481.90,       438.95,9.78
G,RENAISSANCE GLOBAL LTD,       126.66,       115.43,9.73
G,GOKUL REFOILS & SOLV LTD,        54.80,        50.01,9.58
G,SEC RE NCD 9.90% SR IV,      1150.00,      1050.10,9.51
G,PASUPATI ACRYLON LIMITED,        54.86,        50.31,9.04
G,ALEMBIC PHARMA LTD,      1203.35,      1105.70,8.83
 , , , , 
L,SEC RE NCD 9.55% SR.VII,       816.60,      1014.22,-19.48
L,BRACE PORT LOGISTICS LTD,       125.35,       140.30,-10.66
L,RAMA STEEL TUBES LIMITED,        14.86,        16.52,-10.05
L,SABAR FLEX INDIA LIMITED,        20.60,        22.80,-9.65
L,LAXMI COTSPIN LIMITED,        37.48,        41.48,-9.64
L,TAX FREE 7.39% SR. IIA,      1118.55,      1227.00,-8.84
L,VST INDUSTRIES LTD,       439.55,       481.25,-8.66
L,SOLEX ENERGY LIMITED,      1600.35,      1738.00,-7.92
L,NDL VENTURES LIMITED,       105.28,       113.85,-7.53
L,HOAC FOODS INDIA LIMITED,       143.50,       155.00,-7.42
L,JUPITER WAGONS LIMITED,       508.50,       547.15,-7.06
L,DIENSTEN TECH LIMITED,       153.60,       165.00,-6.91
L,ABANS HOLDINGS LIMITED,       510.50,       547.50,-6.76
L,ALKALI METALS LTD,       124.30,       132.80,-6.4
L,ASHAPURA MINECHEM LTD,       291.80,       311.70,-6.38
L,SOLVE PLASTIC PRODUCTS L,        63.80,        68.15,-6.38
L,UNIHEALTH CONSULTANCY LTD,       152.05,       162.30,-6.32
L,LORENZINI APPARELS LTD,        29.70,        31.62,-6.07
L,BAAZAR STYLE RETAIL LTD,       375.75,       400.00,-6.06
L,ENGINEERS INDIA LTD,       205.07,       217.67,-5.79
L,ASHOKA BUILDCON LTD,       255.57,       271.12,-5.74
L,ADROITINFO RS. 5 PPD UP,         5.81,         6.16,-5.68
L,ALL E TECHNOLOGIES LTD,       431.80,       457.70,-5.66
L,MRS BECTORS FOOD SPE LTD,      1705.60,      1806.10,-5.56
L,UNSE RE NCD 0% SR.III,      1187.31,      1256.99,-5.54
L,MANUGRAPH INDIA LIMITED,        23.81,        25.19,-5.48
L,IIFL SECURITIES LIMITED,       300.25,       317.65,-5.48
L,LYKA LABS LTD,       155.65,       164.61,-5.44
L,QUICK HEAL TECH LTD,       701.00,       740.90,-5.39
L,INDRAPRASTHA MEDICAL CORP,       445.25,       470.55,-5.38
