SECURITY,NEW,PREVIOUS,NEW_STATUS
TECHNO ELEC & ENG CO. LTD,1631.8,1535,H
SUPRIYA LIFESCIENCE LTD,624,614.9,H
TEMBO GLOBAL IND LTD,407.5,396,H
DEEP INDUSTRIES LIMITED,476.6,412.4,H
2.50%GOLDBONDS2030SR-III,8150,8148.99,H
21ST CENTURY MGMT SERVICE,135.92,133.26,H
DESTINY LOGISTICS & I LTD,63.5,60.5,H
GOI TBILL 182D-03/10/24,99.61,99.54,H
ICICIPRAMC - ICICICONSU,124.99,124.64,H
ICICIPRAMC - ICICILIQ,1030,1029,H
BHARAT HIGHWAYS INVIT,118.88,111.9,H
TAX FREE 7.29% SR. IB,1098,1095,H
GOI TBILL 364D-17/10/24,99.2,98.13,H
HINDUSTAN UNILEVER LTD.,2938.2,2866.45,H
STEL HOLDINGS LIMITED,572,545.75,H
MOTILALAMC - MOHEALTH,45.05,44.7,H
LE MERITE EXPORTS LIMITED,210.7,209.5,H
INDO AMINES LIMITED,248.4,212.44,H
SEC RE NCD 9.90% SR IV,1150,1100.1,H
SETUBANDHAN INFRA LTD,1.16,1.11,H
DOMS INDUSTRIES LIMITED,2774.6,2716,H
POWER INSTRUMENT (G) LTD,192,188.33,H
GSM FOILS LIMITED,88.45,84.25,H
SMS LIFESCIENCES (I) LTD,1749.65,1666.35,H
GOI TBILL 364D-27/09/24,99.5,99.49,H
MUSIC BROADCAST LIMITED,106.8,106,H
SEC RE NCD 9.65% SR I,1028.62,1022.78,H
GOI TBILL 364D-13/03/25,96.59,95.27,H
JAY BEE LAMINATIONS LTD,353.95,337.1,H
GOI LOAN  7.09% 2054,101.78,100.5,H
INDRAPRASTHA MEDICAL CORP,480.2,474.7,H
BANNARI AMMAN SUGARS LTD,3594.05,3513.3,H
FDC LIMITED,589.85,577.5,H
DHUNSERI INVESTMENTS LTD,1977.9,1915.95,H
RANE BRAKE LINING LTD,1279,309.55,H
MONARCH NETWORTH CAP LTD,913.5,885,H
ELIN ELECTRONICS LIMITED,270,264.95,H
EPACK DURABLE LIMITED,292.4,286,H
9.90 % SRNCD SR VI,1068,1067.8,H
TARAPUR TRANSFORMERS LTD,20.6,20.2,H
UMA EXPORTS LIMITED,141.9,140.07,H
GOI LOAN  7.23% 2039,106.2,106.1,H
CEREBRA INT TECH LTD,15.87,15.56,H
SUVEN PHARMACEUTICALS LTD,1225,1224,H
SPML INFRA LIMITED,275.4,264.6,H
D. P. ABHUSHAN LIMITED,1676,1544.85,H
ESSEN SPECIALITY FILMS L,345.65,329.2,H
SHRIRAM - LIQUIDSHRI,1011.56,1011.08,H
MANGALAM ORGANICS LIMITED,694.3,661.25,H
GOI TBILL 182D-17/01/25,97.8,97.12,H
ATLANTAA LIMITED,57.13,56.01,H
SUPREME ENGINEERING LTD,3.08,3.02,H
SYNCOM FORMU (I) LTD,27.45,24.28,H
SUMIT WOODS LIMITED,149.4,146.48,H
BALU FORGE INDUSTRIES LTD,866.35,849.7,H
CHAVDA INFRA LIMITED,200.05,194,H
SUNLITE RECYCLING IND LTD,171,169.25,H
UJAAS ENERGY LIMITED,544.25,518.35,H
SEC RE NCD 9.25% SR.VII,993.55,992.55,H
SEC RED NCD SR. VII,1830,1798.75,H
GOI TBILL 182D-20/02/25,97.01,96.87,H
JUBILANT INDUSTRIES LTD,1916.3,1867.65,H
TTK HEALTHCARE LIMITED,1853,1805.9,H
CHEMFAB ALKALIS LIMITED,1002.9,991.5,H
JEENA SIKHO LIFECARE LTD,1519,1506.3,H
JUBILANT PHARMOVA LTD,1048,969.9,H
FOCE INDIA LIMITED,1575,1550,H
INDO THAI SEC LTD,563.7,536.9,H
HI GREEN CARBON LIMITED,279.45,259.8,H
HRH NEXT SERVICES LIMITED,79.25,75.5,H
S J LOGISTICS (INDIA) LTD,670,638.1,H
KAVVERI TEL. LTD.,40.94,40.14,H
PRITIKA ENG COMPO LTD,178,177.5,H
SEC RE NCD 9.05% SR II,1068,1067,H
GOI LOAN  7.02% 2027,102.8,102.6,H
SEC RE NCD 10.25% SR XII,968.05,964.46,H
GOI TBILL 364D-12/12/24,98.08,98.05,H
GOI TBILL 364D-20/02/25,96.58,96.47,H
SUNDARAMBRAKE LININGS LTD,1220.15,1187.3,H
ANIK INDUSTRIES LTD,88.12,85.63,H
SEPC LIMITED,31.64,31.4,H
GLENMARK LIFE SCIENCE LTD,1220,1175,H
SYNERGY GREEN IND. LTD,488.5,469,H
E2E NETWORKS LIMITED,2878,2747.25,H
ZERODHAAMC - LIQUIDCASE,107.3,107.25,H
REGENCYCERAMICS-LTD,66.58,65.28,H
LEAD REC AND RUB PROD LTD,92.6,88.2,H
GOI TBILL 91D-24/10/24,99,98.81,H
PREMIER ENERGIES LIMITED,1235,1188.9,H
ECOS (INDIA) MOB & HOSP L,497.4,489,H
PIDILITE INDUSTRIES LTD,3301.4,3278.95,H
VLS FINANCE LTD,431.45,414.95,H
MODI RUBBER LTD,147.19,140.19,H
ENSER COMMUNICATIONS LTD,299,297.85,H
SENCO GOLD LIMITED,1251.45,1230,H
SHRIRAM FINANCE LIMITED,3323.2,3294,H
TEERTH GOPICON LIMITED,740.7,705.45,H
PVP VENTURES LIMITED,38.99,38.23,H
SEC RE NCD 8.10% SR VI,1080,1072.8,H
UNSERENCD9.00%SRIIICI&II,1200,1087,H
OSWAL AGRO MILLS LTD,69.21,66.22,H
DCW LTD,100.3,96.75,H
JK CEMENT LIMITED,4830,4805,H
RPG LIFE SCIENCES LTD,2400,2398.3,H
STYLAM INDUSTRIES LIMITED,2264.5,2090,H
MOTILAL OS MIDCAP100 ETF,64.7,64.5,H
KHFM HOS FAC MANA SER LTD,96.95,96.8,H
SPORTKING INDIA LIMITED,1566,1555,H
WEBSOL ENERGY SYSTEM LTD,1143.8,1089.35,H
SOLAR ACT RS.3.50 PPD UP,451.3,439.9,H
SOLARA ACTIVE PHA SCI LTD,784.15,769.95,H
SRI ADHIKARI BRO TELE N L,638.45,625.95,H
GOI TBILL 91D-03/10/24,99.5,99.4,H
GOI TBILL 364D-05/12/24,98.3,98.25,H
GOI TBILL 182D-23/01/25,97.51,97.01,H
SAR TELEVENTURE LIMITED,413.7,394,H
MAHAMAYA STEEL INDS LTD,197.99,192,H
DELPHI WORLD MONEY LTD,253.5,252,H
AESTHETIK ENGINEERS LTD,96.5,95.9,H
GOI TBILL 364D-20/03/25,96.17,96.07,H
SEC RE NCD 9.25% SR II,988,973.8,H
SERENCD 8.29% SR.V OP10,985,987.11,L
BRAINBEES SOLUTIONS LTD,587.6,605,L
SEC RE NCD 9.15% SR.VIII,900.3,935,L
GACM TECHNOLOGIES LIMITED,1.62,1.71,L
MEP INFRA. DEVELOPERS LTD,6.85,6.99,L
SEMAC CONSULTANTS LIMITED,452,465.3,L
KOTAK PSU BANK,653.39,654,L
MAHALAXMI FABRIC MILLS LT,71.4,75.16,L
ASHAPURA LOGISTICS LTD,134,134.05,L
INDIAN PHOSPHATE LIMITED,145.65,153.3,L
QVC EXPORTS LIMITED,101.55,106.9,L
RAYMOND LIFESTYLE LIMITED,2589.3,2725.55,L
PODDAR HOUSE & DVPT LTD,76,76.01,L
SIGNPOST INDIA LIMITED,211.99,214.96,L
TRANS & RECTI. LTD,675.9,694,L
ORIENT GREEN POWER CO LTD,6.01,6.08,L
SAKUMA EXPORTS LIMITED,5.8,5.85,L
IDEAL TECHNOPLAST IND LTD,103.65,109.1,L
ESPRIT STONES LIMITED,100,101,L
FOCUS LIGHTG & FIXTRS LTD,121.2,123.68,L
ANMOL INDIA LIMITED,31.15,31.56,L
SEC RE NCD 10.40% SR.II,982,995,L
MIRAEAMC - MULTICAP,16.35,16.4,L
PARAMATRIX TECHNOLOGIES L,114.85,115.05,L
BULKCORP INTERNATIONAL L,105.05,108,L
SEC RE NCD 9.25% SR.VII,940.25,974.69,L
G-TEC JAINX EDUCATION LTD,58.14,58.6,L
EXICOM TELE SYSTEMS LTD,331.15,344.5,L
SEC RE NCD 10.25% SR XII,928,950.58,L
PRIZOR VIZTECH LIMITED,115,126.7,L
RUBFILA INTERNATIONAL LTD,82.91,83.6,L
GE POWER INDIA LIMITED,393.05,410,L
SHRENIK LIMITED,0.83,0.85,L
PLASTIBLENDS INDIA LTD,323,337.05,L
BAAZAR STYLE RETAIL LTD,373,378.4,L
ESAF SMALL FINANCE BANK L,48.88,49,L
COMPUAGE INFOCOM LTD,2.74,2.89,L
FIBERWEB INDIA LIMITED,45.3,45.75,L
MOTILALAMC - MODEFENCE,72.87,74.71,L
AVANTEL LIMITED,166,170.31,L
SOLVE PLASTIC PRODUCTS L,62.95,67,L
SEC RE NCD 9.65% SR I,1043.17,1085,L
DEBOCK INDUSTRIES LIMITED,5.6,5.82,L
SUUMAYA INDUSTRIES LTD,4.77,5,L
AKSHAR SPINTEX LIMITED,1.69,1.72,L
KPI GREEN ENERGY LIMITED,828.9,862,L
SURAJ LIMITED,300,300.05,L
GLOBALE TESSILE LIMITED,46.31,48.75,L
SECUR CREDENTIALS LIMITED,6.72,6.86,L

