SYMBOL,SERIES,SECURITY,HIGH/LOW,INDEX FLAG
ACSAL,SM,ARVIND AND COMPANY,H
AGRITECH,EQ,AGRI-TECH (INDIA) LIMITED,H
AHIMSA,ST,AHIMSA INDUSTRIES LTD.,H
AIMTRON,ST,AIMTRON ELECTRONICS LTD,H
AJOONI,EQ,AJOONI BIOTECH LIMITED,H
AKSHAR,EQ,AKSHAR SPINTEX LIMITED,H
AKSHOPTFBR,EQ,AKSH OPTIFIBRE LIMITED,H
AMBEY,ST,AMBEY LABORATORIES LTD,H
AMEYA,SM,AMEYA PRECISION ENG LTD,H
ANTGRAPHIC,EQ,ANTARCTICA LTD,H
APOLLO,EQ,APOLLO MICRO SYSTEMS LTD,H
ARSHIYA,BE,ARSHIYA LIMITED,H
ASIANHOTNR,EQ,ASIAN HOTELS (NORTH) LTD,H
ASMS,EQ,BARTRONICS INDIA LIMITED,H
AURIONPRO,EQ,AURIONPRO SOLN LTD,H
AUSOMENT,BE,AUSOM ENTERPRISE LIMITED,H
BAHETI,SM,BAHETI RECYCLING IND LTD,H
BBOX,BE,BLACK BOX LIMITED,H
BINANIIND,EQ,BINANI INDUSTRIES LTD,H
BIRDYS,ST,GRILL SPLENDOUR SER LTD,H
BLUEPEBBLE,SM,BLUE PEBBLE LIMITED,H
CENTEXT,EQ,CENTURY EXTRUSIONS LTD,H
CEREBRAINT,EQ,CEREBRA INT TECH LTD,H
CMMIPL,ST,CMM INFRAPROJECTS LIMITED,H
CONTI,ST,CONTINENTAL SEED CHEM LTD,H
CRAYONS,SM,CRAYONS ADVERTISING LTD,H
CREATIVEYE,BE,CREATIVE EYE LIMITED,H
CYBERMEDIA,EQ,CYBER MEDIA (INDIA) LTD.,H
DBSTOCKBRO,EQ,DB (INT) STOCK BROKERS,H
DIGISPICE,BE,DIGISPICE TECHNOLOGIES LT,H
DJML,BE,DJ MEDIAPRINT & LOG LTD,H
DUCON,BE,DUCON INFRATECHNOLOGIES L,H
DYNAMIC,SM,DYNAMIC SRVCS & SEC LTD,H
DYNPRO,BE,DYNEMIC PRODUCTS LIMITED,H
EFFWA,ST,EFFWA INFRA & RESEARCH L,H
ELECTHERM,BE,ELECTROTHERM (I) LTD.,H
ENERGYDEV,EQ,ENERGY DEVE. CO.LTD,H
ENFUSE,ST,ENFUSE SOLUTIONS LIMITED,H
EXCEL,BE,EXCEL REALTY N INFRA LTD,H
FAZE3Q,EQ,FAZE THREE LIMITED,H
FEL,BZ,FUTURE ENTERPRISES LTD,H
FELIX,SM,FELIX INDUSTRIES LTD.,H
FLEXITUFF,BE,FLEXITUFF VENTURES INT L,H
GAYAPROJ,BZ,GAYATRI PROJECTS LTD,H
GEPIL,BE,GE POWER INDIA LIMITED,H
GET&D,BE,GE T&D INDIA LIMITED,H
GGBL,ST,GANESH GREEN BHARAT LTD,H
GICL,SM,GLOBE INTL CARRIERS LTD,H
GLOBALVECT,BE,GLOBAL VEC HELICORP LTD,H
GLOBE,BE,GLOBE TEXTILES (I) LTD.,H
GSMFOILS,ST,GSM FOILS LIMITED,H
GTL,BE,GTL LTD,H
GTLINFRA,EQ,GTL INFRA.LTD,H
HBSL,EQ,HB STOCKHOLDINGS LIMITED,H
HINDMOTORS,EQ,HINDUSTAN MOTORS LIMITED,H
HUBTOWN,BE,HUBTOWN LIMITED,H
IITL,EQ,INDUSTRIAL INV TRUST LTD,H
IMPEXFERRO,BE,IMPEX FERRO TECH LIMITED,H
INDOTECH,EQ,INDO TECH TRANSFORM LTD.,H
INFOLLION,ST,INFOLLION RESEARCH SER L,H
INTENTECH,BE,INTENSE TECHNOLOGIES LTD,H
IVC,EQ,IL&FS INVESTMENT MANAGERS,H
JAIBALAJI,BE,JAI BALAJI INDUSTRIES LTD,H
JITFINFRA,EQ,JITF INFRALOGISTICS LTD,H
JPASSOCIAT,BE,JAIPRAKASH ASSOCIATES LTD,H
JUBLINDS,EQ,JUBILANT INDUSTRIES LTD,H
KAMATHOTEL,EQ,KAMAT HOTELS (I) LTD,H
KAPSTON,BE,KAPSTON SERVICES LIMITED,H
KARMAENG,BE,KARMA ENERGY LIMITED,H
KATARIA,ST,KATARIA INDUSTRIES LTD,H
KAUSHALYA,BE,KAUSHALYA INFRA DEV LTD.,H
KCEIL,ST,KAY CEE ENERGY & INFRA L,H
KEEPLEARN,BE,DSJ KEEP LEARNING LTD,H
KERNEX,EQ,KERNEX MICROSYS(I) LTD,H
KHAITANLTD,EQ,KHAITAN (INDIA)LTD.,H
KODYTECH,SM,KODY TECHNOLAB LIMITED,H
KONSTELEC,SM,KONSTELEC ENGINEERS LTD,H
KONTOR,SM,KONTOR SPACE LIMITED,H
KOTHARIPRO,EQ,KOTHARI PRODUCTS LTD,H
KRIDHANINF,BE,KRIDHAN INFRA LIMITED,H
LGBFORGE,BE,LGB FORGE LIMITED,H
LOKESHMACH,EQ,LOKESH MACHINES LTD,H
LORDSCHLO,BE,LORDS CHLORO ALKALI LTD,H
LRRPL,SM,LEAD REC AND RUB PROD LTD,H
MACOBSTECH,ST,MACOBS TECHNOLOGIES LTD,H
MAGNUM,EQ,MAGNUM VENTURES LTD.,H
MAHEPC,BE,MAHINDRA EPC IRRIG LTD,H
MANAKCOAT,BE,MAN COAT METAL & IND LTD,H
MANORAMA,EQ,MANORAMA INDUSTRIES LTD,H
MANORG,EQ,MANGALAM ORGANICS LIMITED,H
MASTER,ST,MASTER COMPONENTS LIMITED,H
MCLEODRUSS,EQ,MCLEOD RUSSEL INDIA LTD.,H
MEGAFLEX,SM,MEGA FLEX PLASTICS LTD,H
MMTC,EQ,MMTC LIMITED,H
MTNL,EQ,MAHANAGAR TELEPHONE NIGAM,H
NBIFIN,BE,N.B.I. IND. FIN. CO. LTD,H
NEPHROCARE,SM,NEPHRO CARE INDIA LIMITED,H
NILAINFRA,EQ,NILA INFRASTRUCTURES LTD,H
NOIDATOLL,BE,NOIDA TOLL BRIDGE CO LTD,H
NPST,SM,NETWORK PEOPLE SRV TECH L,H
OMAXE,BE,OMAXE LIMITED,H
OMINFRAL,BE,OM INFRA LIMITED,H
ONELIFECAP,BE,ONELIFE CAP ADVISORS LTD,H
ORIANA,SM,ORIANA POWER LIMITED,H
OSWALAGRO,EQ,OSWAL AGRO MILLS LTD,H
OSWALGREEN,EQ,OSWAL GREENTECH LIMITED,H
PALREDTEC,BE,PALRED TECHNOLOGIES LTD,H
PANSARI,EQ,PANSARI DEVELOPERS LTD,H
PARASPETRO,BE,PARAS PETROFILS LTD.,H
PARIN,SM,PARIN FURNITURE LIMITED,H
PCJEWELLER,EQ,PC JEWELLER LTD,H
PIGL,BE,POWER INSTRUMENT (G) LTD,H
PRAENG,EQ,PRAJAY ENG. SYN. LTD.,H
PRAXIS,BE,PRAXIS HOME RETAIL LTD,H
PREMEXPLN,BE,PREMIER EXPLOSIVES LTD,H
PRITIKA,SM,PRITIKA ENG COMPO LTD,H
PRITIKAUTO,EQ,PRITIKA AUTO INDUS LTD,H
PRIZOR,ST,PRIZOR VIZTECH LIMITED,H
PRUDMOULI,EQ,PRUDENTIAL SUGAR CORPORAT,H
QUADPRO,SM,QUADPRO ITES LIMITED,H
RAYMOND,BE,RAYMOND - DEP SETT,H
REFRACTORY,ST,REFRACTORY SHAPES LIMITED,H
RELIABLE,EQ,RELIABLE DATA SERVICE LTD,H
RETAIL,BE,JHS SVENDGAARD RETAIL V L,H
RICHA,SM,RICHA INFO SYSTEMS LTD,H
RILINFRA,ST,RACHANA INFRA LTD,H
RKDL,BE,RAVI KUMAR DIST. LTD.,H
ROLLT,BE,ROLLATAINERS LIMITED,H
RPOWER,EQ,RELIANCE POWER LTD.,H
RPPINFRA,EQ,R.P.P INFRA PROJECTS LTD,H
RSSOFTWARE,BE,R. S. SOFTWARE (INDIA) LI,H
RTNPOWER,EQ,RATTANINDIA POWER LIMITED,H
S&SPOWER,BE,S&S POWER SWITCHGEARS,H
SAHAJSOLAR,ST,SAHAJ SOLAR LIMITED,H
SILLYMONKS,EQ,SILLY MONKS ENTERTAIN LTD,H
SIMBHALS,BE,SIMBHAOLI SUGARS LTD.,H
SIMPLEXINF,EQ,SIMPLEX INFRASTRUCTURES L,H
SITINET,BE,SITI NETWORKS LIMITED,H
SJLOGISTIC,SM,S J LOGISTICS (INDIA) LTD,H
SOLARAPP,X1,SOLAR ACT RS.3.50 PPD UP,H
SOLEX,SM,SOLEX ENERGY LIMITED,H
SPECTRUM,SM,SPECTRUM ELECTRIC IND LTD,H
SPMLINFRA,EQ,SPML INFRA LIMITED,H
STCINDIA,EQ,THE STATE TRADING CORPN,H
SUMEETINDS,BE,SUMEET IND LIMITED,H
SURAJEST,BE,SURAJ ESTATE DEVELOPERS L,H
SUVEN,EQ,SUVEN LIFE SCIENCES LTD,H
SUVIDHAA,EQ,SUVIDHAA INFOSERVE LTD,H
SUZLON,EQ,SUZLON ENERGY LIMITED,H
SVPGLOB,EQ,SVP GLOBAL TEXTILES LTD,H
SWARAJ,SM,SWARAJ SUITING LIMITED,H
TARMAT,EQ,TARMAT LIMITED,H
TBI,ST,TBI CORN LIMITED,H
TCLCONS,BE,TANTIA CONSTRUCTIONS LTD,H
TECHIN,BE,TECHINDIA NIRMAN LIMITED,H
TECHLABS,ST,TRIDENT TECHLABS LIMITED,H
TECILCHEM,BE,TECIL CHEMICALS,H
TERASOFT,BE,TERA SOFTWARE LIMITED,H
TGL,ST,TEERTH GOPICON LIMITED,H
TIJARIA,BE,TIJARIA POLYPIPES LTD,H
TRANSWIND,SM,TRANSWIND INFRA LIMITED,H
URBAN,SM,URBAN ENVIRO WASTE MGMT L,H
URJA,EQ,URJA GLOBAL LIMITED,H
USK,BE,UDAYSHIVAKUMAR INFRA LTD,H
V2RETAIL,BE,V2 RETAIL LIMITED,H
VERA,SM,VERA SYNTHETIC LIMITED,H
VERTOZ,BE,VERTOZ ADVERTISING LTD,H
VISHNUINFR,SM,VISHNUSURYA PROJ N INFR L,H
VMARCIND,SM,V MARC INDIA LIMITED,H
VSTL,BE,VIBHOR STEEL TUBES LTD,H
WALCHANNAG,EQ,WALCHANDNAGAR INDUSTRIES,H
WANBURY,EQ,WANBURY LIMITED,H
WINDMACHIN,EQ,WINDSOR MACHINES LIMITED,H
WINSOME,BE,WINSOME YARNS LIMITED,H
WOMANCART,ST,WOMANCART LIMITED,H
YUDIZ,ST,YUDIZ SOLUTIONS LIMITED,H
ZTECH,SM,Z-TECH (INDIA) LIMITED,H
ABCOTS,SM,A B COTSPIN INDIA LIMITED,L
AGARWALFT,ST,AGARWAL FLOAT GLASS I LTD,L
AILIMITED,ST,ABHISHEK INTEGRATIONS LTD,L
AKI,EQ,AKI INDIA LIMITED,L
ALMONDZ,EQ,ALMONDZ GLOBAL SEC LTD,L
ALPEXSOLAR,ST,ALPEX SOLAR LIMITED,L
DCI,BE,DC INFOTECH AND COMUN LTD,L
DESTINY,SM,DESTINY LOGISTICS & I LTD,L
DHTL,SM,DOCMODE HEALTH TECH LTD,L
EUROTEXIND,EQ,EUROTEX INDUSTRIES LTD,L
FEL,BZ,FUTURE ENTERPRISES LTD,L
GICL,SM,GLOBE INTL CARRIERS LTD,L
GRSE,EQ,GARDEN REACH SHIP&ENG LTD,L
GSTL-RE,ST,GLOBESECURE TECHNO LTD,L
GUJRAFFIA,EQ,GUJARAT RAFFIA INDUST LTD,L
GVKPIL,BE,GVK POW. & INFRA LTD.,L
HMT,BZ,HMT LTD -,L
ISHAN,SM,ISHAN INTERNATIONAL LTD,L
KSHITIJPOL,BE,KSHITIJ POLYLINE LIMITED,L
LEMERITE,SM,LE MERITE EXPORTS LIMITED,L
LGHL,EQ,LAXMI GOLDORNA HOUSE LTD,L
LLOYDS,SM,LLOYDS LUXURIES LIMITED,L
LPDC,BE,LANDMARK PR.DEV.CO.LTD,L
MARINE,BE,MARINE ELECTRICAL (I) LTD,L
MICEL,BE,MIC ELECTRONICS LTD,L
NAGREEKCAP,BE,NAGREEKA CAP & INFR.LTD,L
NIRMAN,ST,NIRMAN AGRI GENTICS LTD,L
OCCL,BE,ORIENTAL CARBN & CHEM LTD,L
PARASPETRO,BE,PARAS PETROFILS LTD.,L
PERFECT,SM,PERFECT INFRAENGINEER LTD,L
PRIZOR,ST,PRIZOR VIZTECH LIMITED,L
PROLIFE,SM,PROLIFE INDUSTRIES LTD,L
RAJTV,BE,RAJ TV NETWORK LTD,L
RAMCOSYS,EQ,RAMCO SYSTEMS LTD.,L
RELIABLE,EQ,RELIABLE DATA SERVICE LTD,L
SAGARDEEP,BE,SAGARDEEP ALLOYS LIMITED,L
SARTELE,SM,SAR TELEVENTURE LIMITED,L
SATIPOLY,ST,SATI POLY PLAST LIMITED,L
SHREEKARNI,ST,SHREE KARNI FABCOM LTD,L
SHRENIK,BE,SHRENIK LIMITED,L
SIDDHIKA,SM,SIDDHIKA COATINGS LIMITED,L
SONUINFRA,ST,SONU INFRATECH LIMITED,L
TAPIFRUIT,SM,TAPI FRUIT PROCESSING LTD,L
TPHQ,BE,TEAMO PRODUCTIONS HQ LTD,L
TUNWAL,ST,TUNWAL E-MOTORS LIMITED,L
VASA,ST,VASA RETAIL & OVERSEA LTD,L
VITAL,ST,VITAL CHEMTECH LIMITED,L
VIVIANA,ST,VIVIANA POWER TECH LTD,L
WALPAR,SM,WALPAR NUTRITIONS LIMITED,L
