GAIN_LOSS,SECURITY,CLOSE_PRIC,PREV_CL_PR,PERCENT_CG
 ,Nifty 50 Sec., , , 
 , , , , 
G,TATA MOTORS LIMITED,      1090.95,      1027.70,6.15
G,OIL AND NATURAL GAS CORP.,       335.80,       319.55,5.09
G,SBI LIFE INSURANCE CO LTD,      1695.40,      1632.95,3.82
G,BHARAT PETROLEUM CORP  LT,       326.15,       314.95,3.56
G,SUN PHARMACEUTICAL IND L,      1665.80,      1619.45,2.86
G,LARSEN & TOUBRO LTD.,      3619.15,      3519.45,2.83
G,KOTAK MAHINDRA BANK LTD,      1775.15,      1746.20,1.66
G,HDFC LIFE INS CO LTD,       683.15,       672.80,1.54
G,WIPRO LTD,       506.85,       500.10,1.35
G,HDFC BANK LTD,      1616.60,      1604.05,.78
G,POWER GRID CORP. LTD.,       339.45,       337.15,.68
G,BAJAJ FINANCE LIMITED,      6647.75,      6607.15,.61
G,DR. REDDY S LABORATORIES,      6853.20,      6820.15,.48
G,TATA CONSULTANCY SERV LT,      4322.50,      4306.25,.38
G,HCL TECHNOLOGIES LTD,      1587.60,      1583.70,.25
G,MAHINDRA & MAHINDRA LTD,      2811.40,      2805.50,.21
G,BAJAJ AUTO LIMITED,      9278.25,      9260.20,.19
G,MARUTI SUZUKI INDIA LTD.,     12509.20,     12487.25,.18
G,ADANI PORT & SEZ LTD,      1487.00,      1484.80,.15
G,ADANI ENTERPRISES LIMITED,      2973.50,      2970.70,.09
G,COAL INDIA LTD,       494.00,       493.80,.04
G,BRITANNIA INDUSTRIES LTD,      5829.60,      5829.50,0
 , , , , 
L,AXIS BANK LIMITED,      1175.90,      1239.25,-5.11
L,NESTLE INDIA LIMITED,      2480.65,      2541.40,-2.39
L,TITAN COMPANY LIMITED,      3405.80,      3478.40,-2.09
L,ICICI BANK LTD.,      1197.90,      1223.00,-2.05
L,TATA STEEL LIMITED,       157.39,       160.31,-1.82
L,SHRIRAM FINANCE LIMITED,      2679.00,      2724.25,-1.66
L,INDUSIND BANK LIMITED,      1379.10,      1396.65,-1.26
L,LTIMINDTREE LIMITED,      5597.90,      5665.15,-1.19
L,ITC LTD,       489.95,       494.05,-0.83
L,JSW STEEL LIMITED,       874.50,       881.35,-0.78
L,HINDALCO  INDUSTRIES  LTD,       646.55,       651.60,-0.78
L,TATA CONSUMER PRODUCT LTD,      1223.60,      1231.25,-0.62
L,APOLLO HOSPITALS ENTER. L,      6385.80,      6422.60,-0.57
L,INFOSYS LIMITED,      1824.85,      1833.95,-0.5
L,BAJAJ FINSERV LTD.,      1571.95,      1579.25,-0.46
L,BHARTI AIRTEL LIMITED,      1449.15,      1455.20,-0.42
L,STATE BANK OF INDIA,       848.50,       852.00,-0.41
L,ASIAN PAINTS LIMITED,      2901.40,      2912.80,-0.39
L,HINDUSTAN UNILEVER LTD.,      2707.20,      2717.05,-0.36
L,GRASIM INDUSTRIES LTD,      2797.55,      2806.90,-0.33
L,EICHER MOTORS LTD,      4900.65,      4915.35,-0.3
L,HERO MOTOCORP LIMITED,      5403.20,      5417.75,-0.27
L,CIPLA LTD,      1500.05,      1503.50,-0.23
L,RELIANCE INDUSTRIES LTD,      2984.80,      2991.40,-0.22
L,TECH MAHINDRA LIMITED,      1530.00,      1533.30,-0.22
L,NTPC LTD,       392.15,       392.60,-0.11
L,ULTRATECH CEMENT LIMITED,     11441.50,     11453.40,-0.1
L,DIVI S LABORATORIES LTD,      4547.00,      4551.60,-0.1
 , , , , 
 ,Nifty Next 50 Sec., , , 
 , , , , 
G,ADANI GREEN ENERGY LTD,      1820.50,      1716.00,6.09
G,INDIAN OIL CORP LTD,       176.85,       168.79,4.78
G,ICICI LOMBARD GIC LIMITED,      1960.50,      1909.65,2.66
G,MARICO LIMITED,       675.00,       657.95,2.59
G,VARUN BEVERAGES LIMITED,      1652.10,      1612.00,2.49
G,ZYDUS LIFESCIENCES LTD,      1205.80,      1179.45,2.23
G,GAIL (INDIA) LTD,       228.40,       223.67,2.11
G,HAVELLS INDIA LIMITED,      1826.80,      1791.75,1.96
G,BOSCH LIMITED,     34751.05,     34116.40,1.86
G,GODREJ CONSUMER PRODUCTS,      1480.10,      1459.05,1.44
G,SRF LTD,      2399.80,      2367.65,1.36
G,ADANI ENERGY SOLUTION LTD,      1050.15,      1036.20,1.35
G,ABB INDIA LIMITED,      7623.80,      7522.60,1.35
G,INTERGLOBE AVIATION LTD,      4432.20,      4375.80,1.29
G,ICICI PRU LIFE INS CO LTD,       701.70,       694.25,1.07
G,PUNJAB NATIONAL BANK,       117.72,       116.55,1
G,SIEMENS LTD,      6836.95,      6771.10,0.97
G,INFO EDGE (I) LTD,      7013.60,      6947.35,0.95
G,TATA POWER CO LTD,       423.35,       419.95,0.81
G,SAMVRDHNA MTHRSN INTL LTD,       191.38,       189.88,0.79
G,REC LIMITED,       608.00,       604.55,0.57
G,BHARAT ELECTRONICS LTD,       301.45,       300.10,0.45
G,TRENT LTD,      5309.95,      5286.85,0.44
G,COLGATE PALMOLIVE LTD.,      3152.45,      3141.55,0.35
G,AVENUE SUPERMARTS LIMITED,      5171.35,      5158.45,0.25
G,ADANI POWER LTD,       695.20,       694.70,0.07
G,BERGER PAINTS (I) LTD,       530.30,       529.95,0.07
G,LIFE INSURA CORP OF INDIA,      1160.90,      1160.55,0.03
G,PIDILITE INDUSTRIES LTD,      3109.55,      3108.90,0.02
 , , , , 
L,INDIAN RAILWAY FIN CORP L,       183.56,       192.27,-4.53
L,JINDAL STEEL & POWER LTD,       937.80,       972.45,-3.56
L,TORRENT PHARMACEUTICALS L,      3085.25,      3145.90,-1.93
L,ZOMATO LIMITED,       219.31,       223.49,-1.87
L,CHOLAMANDALAM IN & FIN CO,      1363.65,      1388.90,-1.82
L,SBI CARDS & PAY SER LTD,       730.50,       743.60,-1.76
L,JIO FIN SERVICES LTD,       329.20,       334.70,-1.64
L,BANK OF BARODA,       245.35,       248.95,-1.45
L,BAJAJ HOLDINGS & INVS LTD,      9409.85,      9501.50,-0.96
L,ADANI TOTAL GAS LIMITED,       881.95,       890.45,-0.95
L,AMBUJA CEMENTS LTD,       675.90,       682.40,-0.95
L,DLF LIMITED,       811.70,       819.40,-0.94
L,INDIAN RAIL TOUR CORP LTD,       969.15,       974.20,-0.52
L,CANARA BANK,       111.89,       112.46,-0.51
L,DABUR INDIA LTD,       631.20,       634.15,-0.47
L,VEDANTA LIMITED,       430.90,       432.70,-0.42
L,HINDUSTAN AERONAUTICS LTD,      4830.05,      4849.50,-0.4
L,SHREE CEMENT LIMITED,     27484.35,     27552.00,-0.25
L,TVS MOTOR COMPANY  LTD,      2449.30,      2449.55,-0.01
L,POWER FIN CORP LTD.,       525.05,       525.10,-0.01
 , , , , 
 ,OTHER SECURITIES, , , 
 , , , , 
G,KOTHARI PRODUCTS LTD,       193.30,       161.09,20
G,IL&FS INVESTMENT MANAGERS,        15.93,        13.28,19.95
G,8.48%S-R-NCD SERIES 2A,      1479.95,      1235.00,19.83
G,MMTC LIMITED,       120.91,       102.60,17.85
G,R.P.P INFRA PROJECTS LTD,       194.70,       165.23,17.84
G,FAZE THREE LIMITED,       561.65,       477.55,17.61
G,STANDARD INDUSTRIES LTD.,        35.19,        29.94,17.54
G,OSWAL GREENTECH LIMITED,        40.10,        34.13,17.49
G,WORTH PERIPHERALS LIMITED,       142.65,       121.72,17.2
G,THE STATE TRADING CORPN,       237.51,       202.77,17.13
G,MARINETRANS INDIA LIMITED,        28.25,        24.25,16.49
G,CONFIDENCE PETRO IND LTD.,        93.45,        81.10,15.23
G,HESTER BIOSCIENCES LTD,      3097.65,      2714.70,14.11
G,PG ELECTROPLAST LTD,       449.55,       400.65,12.21
G,KINGFA SCI & TEC IND LTD.,      2851.45,      2545.00,12.04
G,KANDARP DG SMART BPO LTD,        41.30,        36.95,11.77
G,KOTHARI PETROCHEM LTD,       177.37,       159.21,11.41
G,IND MOTOR PART & ACC LTD,      1254.95,      1127.95,11.26
G,ZENITH DRUGS LIMITED,        89.35,        80.35,11.2
G,KHAITAN CHEM & FERT LTD,        83.89,        75.46,11.17
G,GP PETROLEUMS LIMITED,        77.63,        70.47,10.16
G,SIGACHI INDUSTRIES LTD,        65.95,        59.90,10.1
G,VETO SWITCHGEAR CABLE LTD,       157.31,       142.98,10.02
G,PANSARI DEVELOPERS LTD,       127.72,       116.11,10
G,HB STOCKHOLDINGS LIMITED,       145.56,       132.33,10
G,PRAJAY ENG. SYN. LTD.,        39.83,        36.21,10
G,NEPHRO CARE INDIA LIMITED,       284.05,       258.25,9.99
G,TARMAT LIMITED,        86.55,        78.69,9.99
G,SUVIDHAA INFOSERVE LTD,         5.74,         5.22,9.96
G,DATA PATTERNS INDIA LTD,      3393.95,      3086.85,9.95
 , , , , 
L,GLOBESECURE TECHNO LTD,         2.50,         4.10,-39.02
L,SEC RE NCD 11% SR.V,       898.37,      1073.20,-16.29
L,SEC RE NCD 8.89% SR.VIII,       827.83,       984.00,-15.87
L,USHANTI COLOUR CHEM LTD,        57.10,        62.90,-9.22
L,THANGAMAYIL JEWELLERY LTD,      1778.60,      1942.55,-8.44
L,JK PAPER LIMITED,       519.20,       564.20,-7.98
L,SILKFLEX POLYMERS INDIA L,        81.65,        88.25,-7.48
L,TATVA CHIN PHARM CHEM LTD,       991.30,      1070.40,-7.39
L,SEC RE NCD 9.48% SR V,       887.00,       956.00,-7.22
L,VISHWAS AGRI SEEDS LTD,        80.50,        86.55,-6.99
L,HEUBACH COLORANTS IND LTD,       491.40,       527.30,-6.81
L,DIENSTEN TECH LIMITED,       202.00,       214.95,-6.02
L,APEX FROZEN FOODS LIMITED,       292.68,       311.10,-5.92
L,SONAM LIMITED,        52.93,        56.23,-5.87
L,2.50%GOLDBONDS2027SR-VI,      7320.00,      7754.90,-5.61
L,INDIABULLS ENT LTD,         9.90,        10.48,-5.53
L,2.50% GOLDBONDS2025SR-III,      7412.00,      7839.00,-5.45
L,SEC RE NCD 9.48% SR V,       954.00,      1008.00,-5.36
L,ORISSA MIN DEV CO LTD,      8095.65,      8545.05,-5.26
L,TIPS FILMS LIMITED,       558.45,       589.35,-5.24
L,AIRO LAM LIMITED,       131.07,       138.28,-5.21
L,MEDICAMEN ORGANICS LTD,        95.25,       100.45,-5.18
L,2.50% GOLDBONDS2025SR-VII,      7210.01,      7600.00,-5.13
L,TAPI FRUIT PROCESSING LTD,       132.95,       139.95,-5
L,GARDEN REACH SHIP&ENG LTD,      2260.00,      2378.95,-5
L,SIDDHIKA COATINGS LIMITED,       137.75,       145.00,-5
L,VIVIANA POWER TECH LTD,       826.50,       870.00,-5
L,SATI POLY PLAST LIMITED,       222.40,       234.10,-5
L,A B COTSPIN INDIA LIMITED,       227.75,       239.70,-4.99
L,ABHISHEK INTEGRATIONS LTD,        84.85,        89.30,-4.98
