SECURITY,NEW,PREVIOUS,NEW_STATUS
ELECTROTHERM (I) LTD.,845.05,812.15,H
KOTHARI PETROCHEM LTD,185.7,170,H
FORTIS HEALTHCARE LTD,514.7,509.85,H
V2 RETAIL LIMITED,844.1,818.45,H
GRAVITA INDIA LIMITED,1763.95,1742.1,H
ICICI LOMBARD GIC LIMITED,1965,1925,H
NDR INVIT TRUST,105,104,H
NOVA AGRITECH LIMITED,94,83.91,H
UNS RED NCD 9.15% SR.IX,1030,1024.8,H
PITTI ENGINEERING LIMITED,1208.8,1204,H
PONDY OXIDES & CHEM LTD,1299.95,1230.65,H
HDFCAMC - HDFCGROWTH,130,125,H
LLOYDS ENGG WORK LIMITED,90.8,88.55,H
VENUS PIPES & TUBES LTD,2296,2275,H
GOI TBILL 182D-29/08/24,99.35,99.22,H
SEC RE NCD SR.VI,1085,1080,H
INFOLLION RESEARCH SER L,292.95,281.2,H
GOI TBILL 182D-12/12/24,97.2,96.87,H
ICICIPRAMC - OILIETF,13.3,13.15,H
BASF INDIA LTD,6200,5933.9,H
IFB INDUSTRIES LTD,1765,1755,H
GLOBAL VEC HELICORP LTD,268.07,255.31,H
GANESHA ECOSPHERE LIMITED,1594.45,1575.7,H
MOTILALAMC - MOHEALTH,39.89,39.51,H
PLATINUM INDUSTRIES LTD,288.23,273,H
PRUDENT CORP ADV SER LTD,2286.85,2156,H
HB STOCKHOLDINGS LIMITED,145.56,138.25,H
MADHUSUDAN MASALA LIMITED,200,194.65,H
POWER INSTRUMENT (G) LTD,95.41,90.87,H
ARVIND SMARTSPACES LTD,791,764,H
2.75% GOLDBONDS2024TR-V,7775,7564.9,H
GOI TBILL 182D-05/09/24,99.25,98.85,H
SEC RE NCD 9.90% SR IV,1080,1035.25,H
AHIMSA INDUSTRIES LTD.,25.05,23.9,H
GOI TBILL 364D-13/02/25,96.4,95.79,H
RELIABLE DATA SERVICE LTD,86.65,82.55,H
GOI TBILL 182D-09/01/25,96.72,96.69,H
SEC RE NCD 9% SR.IV,1030,1022.7,H
TAINWALA CHEMICAL AND PLA,216.9,208.39,H
PANAMA PETROCHEM LTD,444.25,441,H
INNOVA CAPTAB LIMITED,635,626.1,H
BANDHANAMC - IDFNIFTYET,289,272.65,H
RATNAVEER PRECISION ENG L,208.35,205.16,H
SEC RED NCD 8.40% SR.V,1052.1,1051.9,H
SBI LIFE INSURANCE CO LTD,1701.35,1664.95,H
GOI LOAN  7.02% 2031,101.25,101.2,H
GOI TBILL 182D-19/12/24,97.1,97.05,H
EPACK DURABLE LIMITED,286,277,H
GAYATRI RUBB AND CHEM LTD,390,389,H
SUNDARAM CLAYTON LIMITED,1950,1925.25,H
SHAKTI PUMPS (I) LTD,4739,4690,H
EFFWA INFRA & RESEARCH L,241.4,229.95,H
SRM CONTRACTORS LIMITED,260.73,257.9,H
SURAJ ESTATE DEVELOPERS L,629.35,617.95,H
OPTIEMUS INFRACOM LTD,469,458,H
CONTINENTAL SEED CHEM LTD,40.85,27.3,H
DCM NOUVELLE LIMITED,258,253.8,H
SEC RE NCD 9.55% SR.IV,925,920,H
IRIS BUSINESS SERV LTD,280.5,275.05,H
PRIZOR VIZTECH LIMITED,198.35,190.95,H
KATARIA INDUSTRIES LTD,201.05,191.5,H
NTPC LTD,396.3,395,H
PARIN FURNITURE LIMITED,254.45,249.35,H
EPIGRAL LIMITED,1776.85,1724,H
SKY GOLD LIMITED,2364.4,2251.9,H
SUVEN PHARMACEUTICALS LTD,922.9,889.7,H
SHRIRAM - LIQUIDSHRI,1003.94,1003.77,H
2.50%GOLDBONDS2028SR-II,7975,7937,H
SUPREME ENGINEERING LTD,1.79,1.76,H
NUVAMA WEALTH MANAGE LTD,5643,5500,H
AMINES & PLASTICIZERS LTD,357.7,346,H
OM INFRA LIMITED,195.47,186.17,H
JHS SVENDGAARD RETAIL V L,55.46,44.5,H
NEPHRO CARE INDIA LIMITED,284.05,274.95,H
THE INDIA CEMENTS LIMITED,366,359.65,H
S&S POWER SWITCHGEARS,333.1,317.25,H
CAREER POINT LIMITED,479.6,474.95,H
HESTER BIOSCIENCES LTD,3220,3134,H
CHEMFAB ALKALIS LIMITED,898.95,850,H
ZENITH DRUGS LIMITED,91.7,88.8,H
SHEKHAWATI POLY-YARN LTD.,6.06,5.95,H
KAVVERI TEL. LTD.,30.67,30.07,H
SEC RE NCD 7.90% SR.III,1000,999,H
KAUSHALYA INFRA DEV LTD.,1061.35,1033.3,H
ANTONY WASTE HDG CELL LTD,834.8,829,H
TECHNO ELEC & ENG CO. LTD,1684.45,1620.15,H
SAHAJ SOLAR LIMITED,436.4,415.65,H
AURUM RS. 3.12 PPD UP,136.4,132.85,H
OMAXE LIMITED,140.68,138.5,H
ANIK INDUSTRIES LTD,71,62,H
LCC INFOTECH LTD,5.45,5.35,H
NIP IND ETF SHARIAH BEES,580.95,570.39,H
AGRI-TECH (INDIA) LIMITED,309.15,281.05,H
WELSPUN LIVING LIMITED,184.5,182,H
KINGFA SCI & TEC IND LTD.,2889.95,2855.95,H
SEC RED NCD 8.30% SR.III,1047.8,1042.9,H
BLACK BOX LIMITED,435.35,414.65,H
VINDHYA TELELINKS LTD,3080,2898.7,H
GLENMARK PHARMACEUTICALS,1451,1447.8,H
GOKALDAS EXPORTS LTD.,1042.1,1022.95,H
INDIA GLYCOLS LTD,1205.95,1151.95,H
HUBTOWN LIMITED,210.02,200.02,H
ZYDUS LIFESCIENCES LTD,1210,1203,H
KONTOR SPACE LIMITED,165.6,157.75,H
SOLEX ENERGY LIMITED,1670.55,1640,H
UTIAMC - NIFMID150,219,217,H
DHARMAJ CROP GUARD LTD,347.4,328.46,H
DSPAMC - HEALTHADD,134,133.33,H
ENSER COMMUNICATIONS LTD,223.9,216.75,H
SEC RE NCD 8.10% SR VI,1069.99,1060,H
ALL E TECHNOLOGIES LTD,370,362,H
TEERTH GOPICON LIMITED,520.45,495.7,H
TBI CORN LIMITED,346.95,330.55,H
SILKFLEX POLYMERS INDIA L,92.8,88.25,H
MASTER COMPONENTS LIMITED,343.95,329,H
UNIVERSAL CABLES LTD,910,909.9,H
NITIN SPINNERS LIMITED,447.05,442.85,H
ALEMBIC PHARMA LTD,1218,1192.95,H
KDDL LIMITED,3568,3487,H
BLUE CHIP INDIA LIMITED,5.8,5.69,H
KANDARP DG SMART BPO LTD,42,40,H
MOS UTILITY LIMITED,224.8,213.4,H
UNITED SPIRITS LIMITED,1450,1417.3,H
FAZE THREE LIMITED,573.05,545,H
SOLAR ACT RS.3.50 PPD UP,329.4,313.75,H
SRI ADHIKARI BRO TELE N L,346.12,339.34,H
ASSO ALCOHOLS & BREW LTD,787.45,770.95,H
WOMANCART LIMITED,304.2,289.8,H
MACOBS TECHNOLOGIES LTD,105.8,100.8,H
TUNWAL E-MOTORS LIMITED,54.95,57.8,L
DOCMODE HEALTH TECH LTD,94.65,99.5,L
SHRADHA INFRAPROJECTS LTD,130.45,132.53,L
SEC RE NCD 8.89% SR.VIII,823.1,830.1,L
SEC RE NCD 11.02% SR.V,838.2,986.91,L
UNSEC RE NCD 10% SR.I,920,922,L
SBIAMC - SBINEQWETF,30,30.3,L
MEDICAMEN ORGANICS LTD,95,96,L
SEC RE NCD 9.16% SR.V,850,890,L
KOTAK GOLD ETF,58.25,59.15,L
FALCON TECHNOPROJ IND LTD,69,69.05,L
7.74% TAX FREE NCD,1125.31,1130,L
FILATEX FASHIONS LIMITED,6.43,6.45,L
DAVANGERE SUGAR COMPANY L,7.37,7.46,L
RKEC PROJECTS LIMITED,131.92,134.62,L
SATI POLY PLAST LIMITED,222.4,234.1,L
SBIAMC - SBISILVER,81.7,85.12,L
SEC RE NCD 9.90% SR IV,900,910,L

