SYMBOL,SYMBOL P/E,ADJUSTED P/E
RGL,13.29,13.29
COLPAL,64.55,63.87
KALYANIFRG,44.27,44.27
ECLERX,23.29,23.23
DVL,29.76,29.76
PATINTLOG,28.83,28.83
ARIES,19.76,19.76
CEATLTD,17.28,16.22
JKIL,19.15,19.15
KNRCON,14.4,14.4
ONMOBILE,58.61,58.61
SEPC,134.31,134.31
NAHARCAP,13.82,13.82
VGUARD,69.54,69.54
DPSCLTD,126.96,126.96
TITAGARH,76.49,76.04
BAJAJFINSV,16.18,16.18
DIGISPICE,18.15,41.7
RPGLIFE,36.27,36.27
RBL,16.77,16.43
UBL,129.99,129.99
ZFCVINDIA,71.89,71.89
JOCIL,99.85,99.85
ALKALI,124.48,103.69
TPHQ,26.88,26.88
MHRIL,80.85,80.85
EXCEL,57.62,57.62
GLOBUSSPR,27.12,27.12
EXPLEOSOL,22.22,22.22
RTNPOWER,.97,
REFEX,31.35,31.32
JSWENERGY,61.15,61.15
HINDCOPPER,101.65,101.65
NESTLEIND,98.1,98.46
WHIRLPOOL,113.58,107.01
THANGAMAYL,43.25,43.25
HATHWAY,61.36,60.61
MANINFRA,25.87,25.87
PERSISTENT,63.38,63.38
KIRLOSBROS,52.2,52.92
KIRLOSIND,16.21,14.62
IITL,6.12,8.58
PRAKASHSTL,2.74,6.86
SASTASUNDR,10.77,10.77
GREENPOWER,55.17,64.35
BEDMUTHA,32.88,32.88
JWL,82.17,82.17
SHAH,46.23,46.23
RESPONIND,47.12,47.12
PENIND,25.08,25.08
SUMMITSEC,29.05,25.52
HFCL,51.2,51.2
MUTHOOTFIN,15.66,15.66
PIIND,36.39,36.39
OMINFRAL,38.07,38.07
DHANUKA,32.88,32.88
THERMAX,91.4,101.03
RIIL,183.81,183.81
RAYMOND,20.36,19.38
SHREDIGCEM,18.01,18.01
SESHAPAPER,9.69,9.69
SUNDRMFAST,56.13,56.13
CRISIL,47.83,47.83
PEL,,35.68
MASTEK,27.04,26.83
TRENT,138.82,225.25
CUMMINSIND,66.53,66.48
JBCHEPHARM,52.21,52.21
INDIAGLYCO,21.56,21.56
IONEXCHANG,51.81,51.81
HIMATSEIDE,11.76,11.76
GFLLIMITED,294.35,294.35
BHARATFORG,81.87,81.25
ATUL,66.61,66.61
TATAMOTORS,10.98,10.73
MRPL,14.48,14.45
ESCORTS,44.36,44.36
BAJAJHLDNG,75.02,75.02
ZUARIIND,1.61,
VOLTAS,128.28,128.28
TATASTEEL,,60.58
VEDL,22.46,33.65
RELIANCE,25.98,25.98
BATAINDIA,78.46,71.72
CARBORUNIV,75.57,75.57
DICIND,,109.11
MOTOGENFIN,119.06,119.06
RAMCOCEM,47.34,47.34
CENTURYTEX,98.16,98.16
TORNTPHARM,61.37,64.07
EPL,35.01,33.1
VLSFINANCE,3.28,3.28
BALRAMCHIN,17.96,17.96
AEGISLOG,45.69,45.69
BBOX,50.62,40.47
TATAELXSI,54.87,54.87
ASHIMASYN,8.8,8.8
ARE&M,31.9,31.9
BALKRISIND,41.21,41.21
RAJSREESUG,18.31,18.31
ONGC,7.47,7.3
TAINWALCHM,40.53,40.53
JINDALPOLY,48.37,48.2
KPIL,41.85,41.85
APCOTEXIND,42.42,42.42
KARURVYSYA,10.11,10.11
WSI,18.7,18.48
THOMASCOOK,43.46,43.46
SIEMENS,103.22,103.22
VSTIND,19.88,19.88
JUBLPHARMA,19.8,45.1
SOMANYCERA,31.53,31.46
HLVLTD,60.41,60.41
M&M,31.29,31.29
PRSMJOHNSN,54.37,
PCBL,22.43,22.43
3PLAND,37.18,37.18
SAIL,23.1,18.29
GRAPHITE,12.7,557.05
BBL,39.39,39.39
DCMSHRIRAM,32.62,32.62
COSMOFIRST,37.3,37.3
HDFCBANK,17.47,17.38
GMBREW,12.07,12.07
ITC,29.79,29.78
IOC,5.73,5.73
OSWALGREEN,137.56,137.56
HUHTAMAKI,6.62,28.77
RICOAUTO,44.41,42.44
BANCOINDIA,18.2,18.2
MANINDS,28.28,28.28
SIYSIL,12.45,12.45
ONWARDTEC,34.62,34.62
NCC,28.88,28.09
ELGIEQUIP,71.55,71.55
BBTC,8.01,7.74
BEPL,20.23,20.23
BANARBEADS,24.54,24.54
S&SPOWER,90.68,90.68
PRUDMOULI,10.73,9.97
PRAJIND,46.3,46.3
KEEPLEARN,177.26,177.26
TFCILTD,19.2,19.2
GTL,1.06,5.92
AGI,20.5,20.5
TATACONSUM,90.18,77.79
ZEEL,66,233.29
GILLETTE,66.02,66.02
KANSAINER,18.81,33.16
ANDHRAPAP,6.79,6.79
SCHAEFFLER,71.07,70.8
AMJLAND,19.79,19.79
KSB,429.83,429.83
GODFRYPHLP,30.04,30.04
INGERRAND,60.23,60.23
HINDZINC,34.54,34.54
GRASIM,18.79,18.05
DCW,99.05,93.39
HEUBACHIND,40.18,40.18
CESC,15.45,18.82
BAJFINANCE,27.41,27.41
NAVA,9.63,10.51
CORALFINAC,10.44,10.44
PEARLPOLY,79.45,79.45
KHAITANLTD,26.31,26.31
ANDHRSUGAR,29.44,28.18
STARPAPER,6.09,5.95
AUSOMENT,14.52,14.52
SILINV,21.91,21.91
SANGAMIND,48.18,42.07
STERTOOLS,24.84,24.96
HITECHGEAR,15.1,42.06
ELECTHERM,3.23,3.23
MMFL,22.8,22.96
MPHASIS,34.9,34.9
KOTHARIPET,14.69,14.62
BANKBARODA,6.99,6.99
INDNIPPON,29.91,29.91
HUDCO,29.63,29.63
FDC,27.01,27.01
ADROITINFO,13.97,13.97
INDUSINDBK,12.12,12.12
TRIGYN,20.5,20.5
CUB,11.72,11.72
ITDCEM,33.95,33.95
SONATSOFTW,67.05,5.75
CYBERTECH,28.49,28.49
DHANBANK,18.16,18.16
STCINDIA,23.82,25.6
RSSOFTWARE,29.75,29.75
IVC,34.62,34.62
ALEMBICLTD,40.15,40.15
BSOFT,31.78,31.78
STAR,338.92,39.54
ZYDUSLIFE,30.98,30.91
RAJESHEXPO,28,28
NRBBEARING,13.26,36.07
BLBLIMITED,36.5,36.5
BLUESTARCO,82.46,82.46
PNBGILTS,34.29,37.24
TAJGVK,28.02,28.02
GAEL,18.26,18.26
MRO-TEK,43.38,43.38
TRIDENT,54.53,54.55
ACLGATI,228.43,
TCI,26.95,26.75
ASAL,77.29,77.29
PNB,15.41,15.41
UNIONBANK,7.3,7.3
DIVISLAB,75.52,75.52
VARDHACRLC,24.39,24.39
JSL,23,23.69
TVSELECT,2499.83,2499.83
UNIENTER,29.75,29.75
PTC,12.14,11.88
MAHABANK,10.65,10.65
RKFORGE,47.17,47.15
EXCELINDUS,87.44,87.44
ULTRACEMCO,47.32,47.13
TEXINFRA,430.7,430.7
WELENT,20.5,20.5
DWARKESH,16.62,16.62
SUPRAJIT,44.25,44.25
CONSOFINVT,13.46,13.46
EVEREADY,71.43,71.43
SSWL,5.38,15.79
PRIMESECU,44.63,44.63
YESBANK,53.64,53.64
NECLIFE,132.05,132.05
IDFC,556.81,556.81
IMPAL,19.05,19.05
AURIONPRO,60.67,60.67
AIAENG,36.03,36.04
ORIENTCER,32.69,38.55
EKC,17.72,17.38
ENIL,30.38,31.39
JAGRAN,13,13
BLKASHYAP,44.81,44.81
SOLARINDS,109.43,109.43
SUNTV,16.6,16.6
EMKAY,14.15,14.15
BALPHARMA,24.81,24.81
KAMDHENU,28.05,28.05
EMAMILTD,47.95,47.63
TECHM,62.76,62.85
ATLANTAA,.63,4.5
ANANTRAJ,67,67
ALICON,15.6,15.6
GLOBALVECT,296.26,296.26
INSPIRISYS,60.1,60.1
NAUKRI,123.89,115.46
LTFOODS,18.41,18.41
SOBHA,397.3,397.37
HIRECT,98.91,70.67
AVTNPL,24.91,24.91
TIDEWATER,30.82,30.82
AUTOIND,30.42,30.5
PGIL,23.78,23.71
FSL,33.58,33.58
RAJTV,472.43,472.43
BANSWRAS,17.82,17.82
AROGRANITE,42.1,42.1
NDLVENTURE,193.24,193.24
FORTIS,57.37,58.5
V2RETAIL,100.35,100.35
CENTRALBK,18.04,18.04
CIEINDIA,27.71,27.71
PURVA,202.55,202.55
KSCL,18.27,18.27
MAANALU,22.05,22.05
BAJAJELEC,83.96,83.96
GENUSPOWER,108.88,108.88
SPLIL,15.45,15.44
RML,68.92,13.49
SASKEN,31.88,31.88
JMFINANCIL,345.17,9.48
DCBBANK,7.72,7.72
TORNTPOWER,38.52,38.52
RUCHIRA,8.26,8.26
JINDRILL,15.31,15.31
PLASTIBLEN,21.02,21.02
HBLPOWER,68.44,63.68
LUMAXTECH,23.38,23.38
GANDHITUBE,18.52,18.52
UNOMINDA,79.5,81.5
TIIL,22.82,22.27
PFC,8.57,8.57
PAGEIND,80.35,80.35
ASTRAL,108.28,108.28
NCLIND,11.4,11.4
PHOENIXLTD,48.04,48.04
ZENITHSTL,20.75,20.75
TIMETECHNO,24.02,24.02
TARMAT,,113.2
MOTILALOFS,13.85,13.85
POWERGRID,20.11,20.11
CERA,47.93,47.69
JUSTDIAL,25.28,25.28
IBULHSGFIN,6.77,6.77
JPOLYINVST,28.56,28.56
CASTROLIND,30.48,30.48
CAPLIPOINT,25.06,25.06
SUPERHOUSE,22.65,22.65
PDSL,34.84,35.57
GRPLTD,89.26,82.02
LINC,26.25,26.25
HESTERBIO,139.48,139.48
IMAGICAA,7.5,127.51
BYKE,62.74,62.74
UFO,40.79,36.93
SKIPPER,49.7,49.7
SATIN,5.64,5.64
SHREEPUSHK,19.23,19.23
SHK,21.61,21.61
SALZERELEC,34.02,34.02
ALKEM,34.28,32.56
HITECH,50.26,50.26
HCG,120.04,129.03
CROMPTON,64.51,64.51
PARAGMILK,24.79,24.79
ARMANFIN,12.07,12.07
ASPINWALL,20.26,20.26
PREMEXPLN,127.23,127.23
LAXMICOT,,96.07
EIFFL,169.64,169.64
SHANKARA,20.53,20.53
WIPL,39.75,39.75
SIKKO,42.84,42.84
DOLLAR,32.94,32.73
SCHAND,15.92,15.92
PSPPROJECT,21.91,21.91
TEJASNET,134.74,134.74
CDSL,59.22,59.22
AUBANK,31.94,30.69
STEELXIND,148.02,148.02
MAGADSUGAR,9.9,9.9
OPTIEMUS,72.18,72.18
SERVOTECH,233.39,233.39
DIXON,180.28,180.28
AARVI,17.12,17.12
AIROLAM,26.48,26.48
GODREJAGRO,53.84,53.84
TIINDIA,64.57,64.58
SECURCRED,7.11,7.11
ICEMAKE,48.4,48.4
SHALBY,38.86,38.86
BCONCEPTS,62.92,62.92
NEWGEN,56.72,56.72
SOUTHWEST,38.23,40.58
ASTERDM,57.13,
HINDCON,42.98,42.98
UNIINFO,69.08,69.08
URAVI,310.23,310.23
SANDHAR,32.13,32.93
MIDHANI,101.05,101.05
MMP,27.43,27.43
GODHA,133.56,133.56
ORIENTELEC,77.95,96.92
SVLL,82.13,82.13
SONAMLTD,40.81,40.81
WEL,164.59,164.59
CHEMCON,49.73,49.73
HNDFDS,73.84,73.84
MAZDOCK,56.28,56.28
DCI,44.62,44.62
IIFLSEC,11.37,11.37
VISHWARAJ,23.42,23.42
GREENPANEL,27.34,27.34
APOLLOPIPE,60.4,60.4
ROUTE,29.35,30.47
SIGMA,21.7,21.7
EQUITASBNK,12.73,12.73
HINDWAREAP,87.85,87.85
LIKHITHA,26.44,26.44
SUMICHEM,67.49,67.49
ASALCBR,27.22,27.22
SUVENPHAR,74.63,74.63
STOVEKRAFT,60.29,60.29
HAPPSTMNDS,50.75,52.87
BOROLTD,61.73,61.73
PAVNAIND,49.01,49.01
KALYANKJIL,101.5,101.5
UNIDT,48.71,48.71
ADL,1715.15,1715.15
ROML,43.85,43.85
RAILTEL,65.95,68.55
HERANBA,43.95,43.95
FAIRCHEMOR,44.47,44.47
ISGEC,40.34,40.34
PAKKA,23.4,23.4
SHAILY,70.17,70.17
FIBERWEB,17.04,17.04
SBCL,47.22,47.22
IPL,40.04,40.04
GKWLIMITED,143.36,143.36
ADANIPOWER,12.86,12.86
OIL,13.55,13.61
AMRUTANJAN,49.33,49.33
DEN,12.06,12.06
SHILPAMED,178.91,198.66
DLINKINDIA,22.89,22.89
DBCORP,13.45,13.45
BEARDSELL,17.44,17.44
TRF,14.99,14.99
UNITEDTEA,12.94,12.94
VASCONEQ,32.05,32.05
EMMBI,18.55,18.55
LGBBROSLTD,16.3,16.61
ISFT,22.05,22.05
TI,33.68,32.98
BAJAJCON,25.3,25.3
GPPL,31.9,29.14
DEEPAKNTR,48.77,52.71
RAMKY,16,16
OBEROIRLTY,29.07,29.07
JINDWORLD,97.76,97.76
KIRLOSENG,40.34,39.42
HINDMOTORS,26.07,26.07
PFS,23.31,23.31
RELAXO,106.28,106.28
ASHIANA,49.97,49.97
PFIZER,43.99,44.52
DEEPAKFERT,23.25,23.25
COROMANDEL,28.81,28.81
ASIANPAINT,55.54,55.54
PGHL,40.55,40.55
CENTENKA,26.52,26.52
FEDERALBNK,12.09,12.09
BIRLACABLE,39.44,39.44
PRECOT,35.66,56.72
SHREYANIND,4.63,4.63
IVP,16.02,16.02
NEULANDLAB,35.79,35.79
ANIKINDS,619.78,619.78
IGARASHI,164.9,164.9
HSCL,45.12,45.12
ARENTERP,20.85,20.85
ADVANIHOTR,25.81,25.81
UNIVCABLES,82.93,82.93
MURUDCERA,71.19,71.19
LIBERTSHOE,69.68,53.03
MODTHREAD,8.89,8.89
MANGLMCEM,41.85,41.85
LTF,17.62,17.62
BROOKS,154.74,154.74
VASWANI,16.5,16.5
ONELIFECAP,33.76,33.76
TRITURBINE,72.02,72.02
JISLDVREQS,.88,.88
RUPA,32.01,30.8
KANANIIND,96.83,96.83
IRFC,39.09,39.09
RHIM,,46.87
SCHNEIDER,104.55,102.56
NBCC,78.71,59.61
TBZ,18.8,18.8
SWANENERGY,37.58,37.58
RTNINDIA,24.78,22.19
PROZONER,190.77,190.77
THEJO,58.47,58.47
MAYURUNIQ,21.63,21.63
DUCON,26.93,26.93
TVSHLTD,13.57,13.54
CARERATING,29.78,29.78
INDUSTOWER,19.03,19.03
PILITA,68.07,68.07
MITCON,37.22,37.22
NATHBIOGEN,11.02,11.83
AGARIND,16.25,16.25
SNOWMAN,101.81,101.81
INTELLECT,42.86,42.65
LAMBODHARA,35.84,35.84
MOLDTKPAC,39.2,39.2
MENONBE,10.04,10.04
VRLLOG,56.21,56.48
PRIVISCL,63.76,63.76
ARROWGREEN,34.29,34.29
ALANKIT,29.52,29.52
ADANIENSOL,96.68,86.79
RAMASTEEL,52.22,52.22
ARVSMART,64.14,64.14
GUJGASLTD,39.14,40.7
COFFEEDAY,,6.23
BALAXI,,15.54
UMANGDAIRY,224.72,224.72
LALPATHLAB,69.85,69.85
OCCL,6.74,6.74
VIDHIING,60.4,60.4
KELLTONTEC,23.24,23.24
PDMJEPAPER,12.23,12.23
WEALTH,20.76,20.76
SAGARDEEP,78.27,78.27
UNITEDPOLY,29.89,29.89
ALBERTDAVD,9.14,9.14
CONTROLPR,24.99,25.01
INCREDIBLE,35.07,35.07
MOLDTECH,25.91,25.91
QUESS,36.33,33.29
LLOYDSENGG,123.87,123.87
LTIM,36.73,36.73
GATECH,85.58,85.58
MINDTECK,35.71,35.71
DBL,38.02,415.69
MBAPL,79.43,79.43
LTTS,41.83,41.83
CROWN,53.1,53.1
MARATHON,23.36,23.36
SAKAR,62.07,62.07
PANSARI,38.9,38.9
ARTNIRMAN,148.36,148.36
ENDURANCE,52.72,52.72
PNBHOUSING,13.36,13.36
PODDARMENT,15.62,15.62
JETFREIGHT,313.07,
SFL,51.05,63.08
TERASOFT,25.84,22.68
HISARMETAL,16.67,16.67
LIBAS,9.05,9.05
CAPTRUST,102.57,102.57
MAHESHWARI,14.53,14.53
MCL,80.83,80.83
PRICOLLTD,41.94,41.94
STEELCITY,11.7,11.7
KRISHANA,40.5,40.5
GLOBAL,11.44,11.44
SANGINITA,61.27,61.27
AKASH,312.46,312.46
RADIOCITY,75.96,75.96
TASTYBITE,61.77,61.77
AIRAN,29.26,29.26
URJA,400.84,400.84
NRAIL,6.27,6.27
CREATIVE,21.64,21.64
FOCUS,23.12,23.12
DEVIT,32.85,32.85
MKPL,37.56,37.56
INFOBEAN,40.19,40.19
GLOBE,27.98,27.98
ERIS,35.94,35.94
ACEINTEG,53.79,53.79
DYNPRO,118.71,118.71
THEINVEST,64.5,64.5
TOTAL,134.56,134.56
WEWIN,30.15,30.15
SMSLIFE,41.02,41.02
VAISHALI,236.08,236.08
GEEKAYWIRE,12.4,12.4
MATRIMONY,25.86,25.86
CHOLAHLDNG,7.32,7.32
WORTH,11.75,11.75
DPWIRES,27.06,27.06
JASH,43.83,43.83
MASFIN,19.58,19.58
DPABHUSHAN,41.01,41.01
NAM-INDIA,33.22,33.22
IFGLEXPOR,26.96,26.96
VERTOZ,92.99,92.99
SILVERTUC,59.21,59.21
TOUCHWOOD,49.19,49.2
ONEPOINT,64.3,64.3
AJOONI,51.25,51.25
MOKSH,16.4,16.4
SILLYMONKS,152.3,152.3
APOLLO,115.6,115.6
SINTERCOM,306.93,306.93
ARVEE,232.12,232.12
HGINFRA,19.87,20.31
SARVESHWAR,51.49,51.49
MACPOWER,66.51,66.51
HAL,42.71,42.71
MITTAL,28.9,89.4
KAPSTON,30.7,30.7
LEMONTREE,64.59,64.59
AVG,20.68,34.33
PIGL,19.2,19.2
BSHSL,93.42,93.42
AAKASH,22.52,22.52
SOFTTECH,133.89,133.89
E2E,98.73,98.73
SIRCA,38.44,38.44
PRITI,19.14,19.14
ACCURACY,360.21,360.21
RITES,33.8,33.8
GANGAFORGE,177.67,181.54
REPL,21.24,21.24
HBSL,2.52,2.52
AVROIND,27.89,27.89
HDFCAMC,41.91,41.91
TEMBO,20.41,20.87
AARON,43.45,43.45
LAGNAM,19.25,19.25
RPPL,29.59,29.59
AKG,49.54,49.54
IRCON,31.13,31.13
AHLADA,10.75,10.75
RAJMET,25.05,25.05
AAVAS,28.37,28.37
KSHITIJPOL,47.33,
GRSE,76.28,76.28
KRITIKA,50.29,50.29
SILGO,19.53,19.53
VINNY,26.78,26.78
BBTCL,29.51,29.51
MARINE,133.75,134.42
IRISDOREME,42.41,42.41
ATGL,150.76,150.76
UNIPARTS,18,18
SHRIRAMPPS,4.77,4.77
AWHCL,22.43,22.43
RPSGVENT,12.03,12.03
MSTCLTD,30.45,30.45
ANUP,35,35
ARVINDFASN,62.71,60.11
PAR,20.77,20.77
RVNL,84.24,84.24
POLYCAB,52.77,52.77
METROPOLIS,82.65,82.65
KPITTECH,75.92,75.92
NEOGEN,119.27,119.27
VIKASLIFE,,93.22
EMAMIPAP,9.88,9.88
CONFIPET,25.01,25.01
PPL,13.44,13.44
DGCONTENT,35.08,35.08
INDIAMART,48.18,47.98
OAL,165.66,165.66
SATIA,6.16,6.16
AFFLE,66.17,66.17
SPANDANA,10.13,10.13
WESTLIFE,192.78,192.78
UJJIVANSFB,6.71,6.71
IRCTC,70.14,67.54
SAFARI,59.33,59.33
360ONE,46.08,46.08
HPIL,121.37,121.37
FLUOROCHEM,80.15,80.15
KUANTUM,7.57,7.57
CHEMBOND,21.18,21.18
MGEL,22.24,22.24
SBICARD,29.37,29.37
HOMEFIRST,30.29,30.29
CSBBANK,11.01,11.01
EASEMYTRIP,73.35,44.37
ROSSARI,33.34,33.34
PRINCEPIPE,41.02,44.55
ESAFSFB,6.18,6.18
ARTEMISMED,65.53,65.53
PATANJALI,63.49,63.49
LGHL,79.92,84.28
MAHEPC,,2391.99
UNIVPHOTO,13.1,13.1
BAFNAPH,27.69,27.69
POWERINDIA,296.8,296.8
KSOLVES,36.61,36.61
RAJRATAN,41.63,41.63
AARTISURF,29.58,29.58
GLAND,43.07,43.07
NDRAUTO,36.92,36.92
MAXHEALTH,87.08,87.08
AAATECH,42.25,42.25
SHAREINDIA,14.76,14.74
SIGACHI,34.33,34.33
ANGELONE,16.41,16.41
NIRAJ,19.8,13.38
CAMS,57.1,57.1
SURYODAY,8.94,8.94
UTIAMC,16.15,16.15
BECTORFOOD,59.75,59.75
ORCHPHARMA,73.52,73.52
INDIGOPNTS,48.35,48.35
LXCHEM,60.28,60.28
MTARTECH,102.88,102.88
ANURAS,52.06,52.06
KANPRPLA,289.66,289.66
STYLAMIND,25.64,25.48
CLSEL,9.4,9.4
CARYSIL,38.58,38.58
MODISONLTD,22.47,28.24
BCLIND,19.25,19.17
BHAGCHEM,234.04,234.04
SMCGLOBAL,8.34,8.33
ARIHANTCAP,11.42,11.42
NAZARA,78.19,77.48
GENCON,23.26,23.26
HLEGLAS,71.26,66.52
SONACOMS,73.64,73.05
PARAS,169.35,169.35
CRAFTSMAN,40.22,40.22
EXXARO,181.53,181.53
ROLEXRINGS,37.73,34.2
KIMS,50.49,50.49
CLEAN,64.29,64.29
ABSLAMC,25.95,25.95
DEEPINDS,15.34,15.51
WINDLAS,25.8,25.8
CARTRADE,58.27,58.27
APTUS,26.1,26.1
SUPRIYA,25.98,25.98
VIJAYA,67.28,66.44
VINEETLAB,51.27,51.27
SANSERA,39.54,39.54
PRITIKAUTO,24.72,24.72
AAREYDRUGS,29.81,29.81
INTLCONV,8.26,8.26
HPAL,43.32,43.68
UGROCAP,20.68,20.68
KPIGREEN,70.01,69.92
YUKEN,96.21,96.21
SGIL,41.88,41.88
ANANDRATHI,63.97,63.97
SJS,29.77,29.77
FINOPB,28.78,28.78
POLICYBZR,1028.25,1028.25
NYKAA,1207.2,1207.2
AWL,247.67,198
MONARCH,13.58,13.58
SAPPHIRE,199.48,199.48
PRUDENT,64.01,64.01
EPIGRAL,27.57,27.57
NUVOCO,83.68,83.68
GOCOLORS,69.39,69.39
TRACXN,149.92,149.92
CMSINFO,25.69,25.69
FUSION,8.67,8.67
COASTCORP,91.25,91.25
TARSONS,63.7,63.7
MEDPLUS,158.55,158.55
TEGA,61.12,61.12
RATEGAIN,65.75,65.75
MANORG,81.62,81.62
LATENTVIEW,69.12,69.12
METROBRAND,86.72,86.72
MICEL,33.22,37.06
PASUPTAC,26.82,26.82
FOODSIN,23.95,23.93
PARADEEP,69.98,69.98
MAPMYINDIA,97.42,97.42
TMB,6.79,6.79
KRITI,44.85,44.85
MANYAVAR,63.33,63.33
GANESHBE,19.18,19.16
GVPTECH,77.92,77.92
DMCC,63.36,63.36
MEDICAMEQ,60.7,60.7
EMIL,45.71,45.71
SHIVALIK,55.11,55.11
UMAEXPORTS,28.03,27.23
DATAPATTNS,95.11,95.11
MEDANTA,67.63,67.63
AHL,29.85,29.85
MALLCOM,23.78,23.78
ASIANENE,54.01,50.4
SMLT,18.29,18.29
NRL,71.78,71.78
RADIANTCMS,20,20
CHOICEIN,54.53,54.53
HARIOMPIPE,34.96,34.96
GRWRHITECH,26.63,26.63
DCMSRIND,16.49,16.49
RAJRILTD,285.12,285.12
EMUDHRA,96.35,96.35
DYCL,38.01,38.01
FIVESTAR,26.04,26.04
STARTECK,16.67,16.67
VIRINCHI,30.25,30.25
SBC,68.57,68.57
ELDEHSG,26.71,26.71
SEJALLTD,103.99,103.99
RELCHEMQ,52.14,52.14
SYRMA,67.57,67.07
ZIMLAB,31.36,31.36
CAMPUS,103.69,103.69
VENUSPIPES,51.9,51.9
AETHER,147.46,77.2
MEGASTAR,54.8,54.8
LANDMARK,46.24,44.78
RACE,381.32,381.32
ETHOSLTD,139.68,139.68
MSUMI,50.56,50.56
HARSHA,43.81,43.81
OBCL,30.25,30.25
INDOAMIN,25.48,25.48
ACI,28.63,28.63
BIKAJI,64.7,64.7
SADHNANIQ,503.22,503.22
CHEVIOT,11.67,11.67
HMAAGRO,26.22,26.22
KFINTECH,50.98,50.98
DCXINDIA,56.91,56.91
KAYNES,142.92,142.92
AXITA,30.4,30.4
PLAZACABLE,101.12,101.12
TRU,52.48,52.48
TIPSFILMS,234.1,234.1
SPLPETRO,41.82,41.82
CSLFINANCE,16.93,16.93
RUSTOMJEE,109.2,109.2
GENSOL,69.59,69.47
GSLSU,47.2,47.2
MANORAMA,98.73,98.73
GRMOVER,20.04,20.04
DJML,67.86,67.86
SIGNATURE,514.27,514.27
KALAMANDIR,25.81,25.81
AVALON,123.85,123.85
CONCORDBIO,59.08,59.08
KAMOPAINTS,88.69,88.69
MVGJL,20.18,20.18
SCPL,22.96,22.96
MANKIND,43.76,43.76
SATINDLTD,3.98,3.98
USK,13.37,13.37
MANOMAY,32.87,32.87
FAZE3Q,24.93,24.93
LLOYDSME,29.88,29.88
AARTIPHARM,24.17,24.17
SAHYADRI,16.43,16.43
SBFC,37.06,37.06
ASMS,464.16,302.67
HYBRIDFIN,16.71,16.22
HONASA,175.74,175.74
IRMENERGY,29.08,29.08
SAH,238.72,238.72
AKI,145.51,145.51
SECMARK,310.05,310.05
IDEAFORGE,76.79,76.79
LAL,46.41,46.41
DOLPHIN,439.7,490.69
ASHOKAMET,10.13,10.13
NETWEB,158.03,158.03
AEROFLEX,48.35,48.35
EMSLIMITED,33.69,33.69
VPRPL,22.78,22.78
KIRLPNU,59.79,57.35
ATL,39.7,39.7
JSWINFRA,62.68,62.68
NUVAMA,37.11,37.11
YASHO,51.01,51.01
SINDHUTRAD,39.9,39.89
SRGHFL,32.19,32.19
JIOFIN,183.03,183.03
TREL,4.62,43.54
CELLO,77.4,77.4
AMNPLST,74.66,74.66
JINDALSAW,11.14,11.14
STYRENIX,23.15,23.15
CANFINHOME,14.76,14.76
ELECTCAST,16.85,16.85
DABUR,62.03,62.03
INDHOTEL,73.59,73.59
KOTAKBANK,16.32,18.87
JAYSREETEA,28.66,
GOLDENTOBC,11.08,12.57
ESABINDIA,60.35,60.35
GABRIEL,39.42,39.42
AARTIIND,60.17,60.17
PRAKASH,9.87,9.87
KOPRAN,24.09,24.09
GREAVESCOT,,291.76
SURYAROSNI,19.9,19.9
SUDARSCHEM,17.06,54.41
IPCALAB,59.3,64.65
HINDALCO,14.42,14.44
GSFC,17,17
EIDPARRY,8.44,8.44
BIRLACORPN,28.03,28.46
ASHAPURMIN,14.69,22.71
TNPL,8.75,8.75
DALMIASUG,11.91,11.91
GARFIBRES,36.47,36.47
EIMCOELECO,39.88,39.88
BIOFILCHEM,146.33,146.33
KEYFINSERV,9.4,9.4
MOTHERSON,46.25,44.87
INDIANCARD,20.31,
SHRIRAMFIN,13.86,13.86
MIRZAINT,54.38,54.38
JAGSNPHARM,41.84,41.84
RUCHINFRA,25.56,57.19
MADRASFERT,346.45,34.47
CONCOR,50.66,50.66
REPRO,74.38,74.38
HAVELLS,80.74,80.74
TIPSINDLTD,60.95,60.95
MARKSANS,29.54,29.54
UNITDSPR,70.98,71.16
MPSLTD,29.45,29.45
APTECHT,41.43,35.61
NUCLEUS,21.51,21.51
RADICO,89.91,89.91
BAGFILMS,21.05,21.05
WELSPUNLIV,24.74,24.74
TVTODAY,25.47,24.06
PETRONET,13.55,13.66
POONAWALLA,16.92,24.18
APARINDS,39.34,39.34
COFORGE,52.86,53.46
GULFPETRO,12.97,12.97
KOTARISUG,16.64,16.64
PATELENG,16.99,22.48
JINDALPHOT,59.17,59.17
IIFL,9.98,9.98
CYBERMEDIA,13.39,10.2
GRANULES,32.17,32.17
GALLANTT,34.93,34.93
MALUPAPER,79.43,79.43
UTTAMSUGAR,9.47,9.47
KKCL,26.88,26.88
GPIL,15.6,15.83
RSYSTEMS,42.65,42.65
LOKESHMACH,54.84,54.84
SWELECTES,31.44,66.4
RATNAMANI,40.4,40.4
PIONEEREMB,40.66,40.66
JKLAKSHMI,20.46,20.73
ALLCARGO,42.15,55.43
MUNJALAU,22.26,15.44
GRINDWELL,75.58,75.53
VOLTAMP,56.65,56.65
SELAN,34.37,34.37
ACE,51.34,51.34
HOVS,32.45,32.45
TALBROAUTO,24.49,35.42
GEECEE,21.18,21.18
FIEMIND,21.31,21.31
GESHIP,7.26,7.26
MANALIPETC,86.98,76.58
DONEAR,20.25,20.25
VENUSREM,18.11,18.11
NFL,112.32,112.32
PARACABLES,25.54,25.54
TANLA,23.03,23.03
SARLAPOLY,26.77,26.77
PTL,23.6,23.6
PITTIENG,46.78,46.78
IZMO,25.39,25.39
ORIENTBELL,6939.82,6939.82
TTL,54.53,54.53
SMSPHARMA,47.01,47.01
LAOPALA,27.22,27.22
JKTYRE,14.23,13.9
THEMISMED,89.5,89.5
BALAMINES,31.94,31.94
BFUTILITIE,13.1,13.1
ALPHAGEO,287.56,42.26
HILTON,26.93,26.93
INSECTICID,21.96,21.96
NAVINFLUOR,64.71,78.09
NAGREEKEXP,20.94,20.94
HGS,29.33,29.33
DLF,124.4,124.4
ADSL,27.11,27.11
ALPA,11.31,11.35
KPRMILL,35.78,35.78
INDOWIND,51.76,45.23
NAGREEKCAP,1.06,1.06
CENTUM,,358.85
MANGCHEFER,9.38,9.38
RELIGARE,23.44,49.27
WANBURY,11.25,20.7
CTE,41.57,41.57
REDINGTON,13.29,13.29
INDIANB,9.44,9.44
ICRA,37.9,37.9
SRHHYPOLTD,13.69,12.42
KMSUGAR,13.65,13.65
NELCAST,23.51,32.3
MEGASOFT,65.06,65.06
ISMTLTD,24.63,22.98
MAGNUM,15.05,20.8
DELTACORP,18.18,22.74
BVCL,20.33,20.33
ATULAUTO,281.16,281.16
AGRITECH,17.14,17.14
WONDERLA,32.46,32.46
GULFOILLUB,18.68,18.68
GOODLUCK,23.17,23.17
GREENLAM,57.26,57.26
MANAKSTEEL,13.02,13.09
VIPULLTD,2.26,2.23
NILAINFRA,47.35,47.35
SHYAMCENT,493.49,493.49
SYNGENE,58.86,57.84
PKTEA,20.73,20.73
POWERMECH,40.46,40.46
IDFCFIRSTB,19.23,19.23
LUXIND,46.09,46.09
KRIDHANINF,,67.42
PRECAM,41.73,64.69
BHAGERIA,38.73,38.73
KDDL,30.97,31.04
INFIBEAM,50.93,50.93
COCHINSHIP,85.95,85.95
CAPACITE,21.43,21.43
IEX,43.38,43.38
5PAISA,24.56,24.56
SUNDARMHLD,30.74,30.74
ISEC,12.89,12.89
CHEMFAB,45.26,45.26
KSL,21.96,21.96
IMFA,10.43,10.43
WELINV,107.09,107.09
ASHOKA,12.72,14.68
CGCL,46.71,46.71
COALINDIA,9.49,9.49
JAMNAAUTO,24.84,24.84
STEL,59.51,59.51
VADILALIND,21.3,21.3
VSTTILLERS,29.13,29.13
RUSHIL,21.85,21.85
DRREDDY,20.45,20.45
MAHSEAMLES,8.93,8.91
VINDHYATEL,30.05,30.05
BEML,67.92,67.92
VTL,26.16,26.16
VIPIND,124.01,196.43
HONAUT,95.62,95.62
SUNPHARMA,40.27,38.6
HCC,18.53,
APOLLOHOSP,100.71,100.84
EICHERMOT,37.9,37.9
ZENSARTECH,26.08,26.08
BERGEPAINT,54.48,54.67
BLUEDART,63.98,63.98
MUNJALSHOW,20.58,19.35
RANASUG,13.75,13.75
UFLEX,,13.98
SUBROS,46.08,46.08
WIPRO,23.17,23.17
TATACOMM,58.13,69.31
SANOFI,27.5,26.62
KAJARIACER,55.88,55.85
PIDILITIND,90.28,87.77
BODALCHEM,145.51,145.51
ASAHISONG,31.4,
FILATEX,23.56,23.56
TDPOWERSYS,52.5,52.5
APLLTD,37.46,37.46
LODHA,88.9,83.73
UTKARSHBNK,11.08,11.08
DODLA,37.48,37.48
JUBLINGREA,53.61,53.61
SHYAMMETL,18.17,18.17
TATVA,82.49,82.49
GLS,22.22,22.22
ZOMATO,562.04,562.04
PIXTRANS,26.68,26.68
KRSNAA,38.69,38.69
DEVYANI,,576.64
ANMOL,9.14,9.14
AMIORG,123.87,55.93
BAJAJHCARE,,32.9
GRINFRA,12.4,15.45
STEELCAS,17.54,17.54
ELIN,70.57,70.57
MHLXMIRU,19.53,19.53
GATEWAY,21.74,21.74
JTLIND,35.73,35.73
RAINBOW,51.41,51.41
ROTO,54.05,54.05
INDOBORAX,15.56,15.56
AVONMORE,27.92,27.92
DREAMFOLKS,36.67,36.67
DHARMAJ,26.51,26.51
GMRP&UI,160.38,
INOXGREEN,170.11,170.11
RITCO,22.76,22.76
HARDWYN,103.65,103.65
MEDICO,39.64,39.64
YATHARTH,33.02,33.02
AKSHAR,20.32,20.32
NGLFINE,38.48,38.48
SENCO,41.87,41.87
RADHIKAJWE,16.64,16.64
RAMRAT,33.78,33.78
GOYALALUM,56.69,56.69
DBOL,19.4,19.4
SPORTKING,18.21,18.21
SYNCOMF,57.11,57.07
SULA,44.67,44.67
KRITINUT,12.78,12.78
BAIDFIN,15.98,15.98
BLUEJET,63.86,60.36
SUKHJITS,15.55,15.55
SKYGOLD,73.64,73.64
DIVGIITTS,52.67,52.67
IKIO,38.78,38.78
RHL,60.08,60.08
NINSYS,58.24,58.24
SBGLP,76.11,76.11
ZAGGLE,87.24,87.24
RISHABH,42.32,42.32
CYIENTDLM,92.65,92.65
RATNAVEER,26.78,26.78
ATAM,34.6,34.6
POCL,38.11,38.11
REDTAPE,77.56,77.56
PTCIL,470.17,470.17
PYRAMID,22.49,22.49
GHCLTEXTIL,35.58,35.58
UDS,31.71,31.71
RRKABEL,87.94,88.06
JLHL,47.89,47.91
NIITMTS,29.72,29.19
SANDUMA,45.79,45.79
MUFIN,145.06,139.45
DIAMINESQ,65.85,65.85
PGEL,55.58,55.58
HIKAL,64.47,64.47
JISLJALEQS,54.32,54.32
OLECTRA,179.13,195.21
TIMESGTY,65.5,65.5
GENESYS,131.95,131.95
MARUTI,29.76,29.76
IGL,23.39,23.39
BIOCON,30.23,30.13
NIITLTD,42.34,42.08
ASTRAMICRO,78.08,78.08
INDOCO,39.76,43.23
JSWSTEEL,28.5,30.41
GOKEX,53.76,53.76
SHOPERSTOP,212.92,183.27
JKPAPER,9.94,9.94
VHL,354.96,41.79
PANAMAPET,13.39,13.39
PAISALO,34.88,34.95
SHAKTIPUMP,38.77,38.77
INDOTHAI,17.93,17.93
DSSL,31.03,31.03
POLYMED,72.83,72.83
VIKASECO,96.36,96.36
APLAPOLLO,56.37,56.37
MINDACORP,51.19,51.19
DBSTOCKBRO,16.77,16.77
COMPUSOFT,58.44,58.44
NDL,15.85,15.85
HEXATRADEX,36.37,36.37
VSSL,26.07,26.07
SPECIALITY,28.25,28.25
KITEX,26.62,26.62
ROSSELLIND,174.22,172.79
ZUARI,5.87,5.87
VETO,15.13,15.13
REPCOHOME,8.5,8.5
ORIENTCEM,38.1,38.1
ORBTEXP,15.25,15.25
SREEL,26.87,26.87
SDBL,24.82,24.82
HATSUN,84.28,84.28
GOCLCORP,44.22,46.22
SHARDACROP,33.26,33.26
CIGNITITEC,28.17,27.58
MONTECARLO,23.64,23.64
FCL,33.68,33.68
GULPOLY,70.75,70.75
APOLSINHOT,32.93,32.93
GENUSPAPER,176.87,176.87
VISHNU,26.82,26.82
GANECOS,98.01,98.01
JMA,8.95,8.95
MANAKALUCO,42.9,42.9
MANAKCOAT,40.81,40.81
ZENTEC,94.05,95.43
LFIC,5.94,5.94
AVANTIFEED,25.43,25.43
TPLPLASTEH,40.32,40.32
PNCINFRA,14.51,14.51
ORICONENT,30.37,25.53
AYMSYNTEX,290.24,67.55
MUTHOOTCAP,4.43,105.21
SHARDAMOTR,23.6,23.6
NAVKARCORP,372.43,372.43
INDIGO,20.68,20.68
TTKHLTCARE,32.83,32.83
PILANIINVS,37.31,37.31
LINCOLN,13.4,13.4
NH,32.49,32.49
TEAMLEASE,49.54,51.03
QUICKHEAL,135.87,135.87
NECCLTD,49.52,49.52
GOKULAGRO,18.54,18.54
BHARATWIRE,17.88,17.88
THYROCARE,53.28,53.17
SHRIPISTON,18.22,18.22
BLS,43.06,43.06
SALONA,25.86,25.86
MAHASTEEL,34.61,42.54
DAMODARIND,20.08,20.08
MGL,13.57,13.57
POKARNA,25.42,25.42
GPTINFRA,33.43,33.43
ADVENZYMES,31.1,28.96
SPAL,24.21,24.21
NDGL,13.08,13.08
RBLBANK,11.17,11.17
BIGBLOC,63.52,63.52
CUPID,31,31
GNA,19.05,19.05
HPL,86.65,86.65
MAZDA,18.12,18.12
VBL,94.7,94.7
KINGFA,25.16,25.16
NBIFIN,69.41,69.41
TCIEXP,34.85,34.85
LAURUSLABS,139.29,139.29
ITDC,98.6,98.5
SPCENET,148.78,148.78
BHANDARI,18.61,18.61
BSE,46.69,95.79
JITFINFRA,23.53,28.48
DMART,126.64,126.64
INTENTECH,22.85,22.85
ARIHANTSUP,20.93,20.93
CLEDUCATE,29.25,31.24
BHAGYANGR,7.79,7.79
STARCEMENT,29.82,29.82
GTPL,20.18,20.18
SALASAR,57.23,57.23
AVADHSUGAR,9.75,9.75
GANGESSECU,48.21,48.21
SIS,38.2,38.2
ABCAPITAL,17.89,17.89
APEX,66.59,66.59
DIAMONDYD,38.88,38.32
TCPLPACK,22.16,22.16
KHADIM,115.93,115.93
DNAMEDIA,.44,
AMBER,102.45,102.45
GALAXYSURF,33.11,33.11
GMMPFAUDLR,35.06,35.06
BDL,85.48,85.48
BANDHANBNK,20.09,20.09
INDOSTAR,26.77,26.77
ADANIGREEN,279.94,224.48
FINEORG,38.97,38.93
VARROC,19.45,19.45
CREDITACC,13.86,13.86
SIGIND,14.85,14.85
TECHNOE,69.51,69.51
DALBHARAT,38.86,34.74
CHALET,67.24,67.24
OSWALAGRO,338.19,334.85
IDBI,16.72,16.72
AMBUJACEM,35.65,37.35
CGPOWER,116.4,119.04
AUTOAXLES,18.68,18.68
SWARAJENG,25.96,25.96
TNPETRO,18.38,14.73
MARICO,56.71,56.71
AARTIDRUGS,28.42,28.42
DENORA,51.35,51.35
GUJAPOLLO,28.7,28.7
HERITGFOOD,37.02,36.74
SKMEGGPROD,8.53,8.53
KCPSUGIND,6.44,7.01
AXISCADES,71.52,71.52
ADANIPORTS,38.8,37.33
EDELWEISS,11.56,11.56
KAUSHALYA,3.15,3.15
JYOTHYLAB,50.54,50.54
HITECHCORP,18.35,18.35
TRIL,143.21,143.21
BRIGADE,68.87,68.87
MANAKSIA,8.3,6.29
AMBIKCO,15.43,15.43
BIRLAMONEY,15.83,15.83
CORDSCABLE,30.62,30.62
HERCULES,54.88,54.88
IRB,44.19,44.19
NMDC,12.24,11.8
GSS,33.24,33.24
RECLTD,11.25,11.25
NESCO,17.58,17.58
BAJAJ-AUTO,33.41,33.41
GOKUL,217.82,17.84
ALMONDZ,19.36,50.86
RANEENGINE,23.81,19.34
ARCHIDPLY,26.18,26.18
LOTUSEYE,48.46,48.92
VINYLINDIA,33.53,33.53
20MICRONS,14.03,13.75
TATAMTRDVR,1.15,1.12
COUNCODOS,32.13,32.13
MAWANASUG,11.77,11.77
AJMERA,24.88,24.88
VINATIORGA,58.71,58.71
NHPC,25.56,25.56
SUNTECK,122.29,122.29
ZYDUSWELL,56.48,53.62
SARDAEN,18.88,18.8
AHLUCONT,24.67,39.63
GODREJPROP,120.79,120.79
MMTC,225.64,320.11
JUBLFOOD,99.83,170.34
DBREALTY,8.21,8.74
TEXMOPIPES,47.42,15.61
SJVN,62.58,67.31
MANAPPURAM,8.11,8.11
HMVL,79.8,79.8
BLISSGVS,15.58,7.34
AHLEAST,7.12,9.31
UGARSUGAR,43.34,43.34
ADFFOODS,34.41,34.41
KILITCH,43.37,43.37
CAREERP,14.31,14.31
CANTABIL,37.88,38.62
WABAG,33.2,32.27
PRESTIGE,46.79,46.79
IOLCP,18.14,18.14
GRAVITA,45.63,45.63
RPPINFRA,10.71,10.71
MOIL,34.37,34.37
RKDL,,285.59
PSB,74.3,74.3
KICL,39.43,52.53
JUBLINDS,78.35,36.54
TEXRAIL,108.69,108.69
DHUNINV,11.97,11.97
LOVABLE,35.81,35.81
SYMPHONY,52.79,52.36
KARMAENG,808.41,808.41
MAITHANALL,9.66,9.66
INVENTURE,18.54,16.12
ELGIRUBCO,35.06,99.27
PENINLAND,16.81,23.72
WHEELS,40.2,40.2
PREMIERPOL,22.62,22.62
SMLISUZU,27.8,27.8
FACT,454.37,169.53
EXIDEIND,52.01,52.01
ELECON,39.68,39.68
LAXMIMACH,44.72,44.72
ORIENTPPR,182.08,182.08
NELCO,84.02,84.02
MAHSCOOTER,51.26,52.94
LUMAXIND,51.24,51.24
KECL,112.73,112.73
KCP,12.66,12.63
JAYBARMARU,38.51,38.51
INFY,28.54,28.54
IFBIND,93.48,93.48
IGPL,48.87,48.87
GNFC,20.26,20.26
BPCL,7.55,7.32
BASF,45.33,45.33
ARVIND,29.16,29.31
ACC,21.17,23.84
SCI,22.16,22.16
LINDEINDIA,157.71,157.71
HINDPETRO,5.3,5.3
ASHOKLEY,25.47,24.98
TITAN,88.37,88.37
SUNDARMFIN,35.23,33.69
SPIC,20.35,13.84
SBIN,11.16,10.36
NOCIL,37.11,37.11
BOSCHLTD,40.41,54.66
CHAMBLFERT,16.56,16.56
HINDOILEXP,14.81,17.17
BALMLAWRIE,24.24,24.24
ADORWELD,29.96,29.96
TATACHEM,70.31,21.35
ATFL,371.12,763.25
SUPREMEIND,67.76,67.76
SRF,57.12,57.12
WEIZMANIND,20.26,20.26
JTEKTINDIA,49.75,52.51
RANEHOLDIN,26.19,12.25
SANDESH,6.51,6.51
ADANIENT,100.2,93.4
INDBANK,23.78,23.78
GET&D,185.73,185.73
BANARISUG,25.4,25.4
JYOTISTRUC,78.41,78.41
BSL,18.51,18.51
JAYNECOIND,21.65,19.86
SOTL,20.53,20.53
RCF,52.48,62.45
DECCANCE,24.73,18.67
TATAPOWER,43.25,46.74
SUNFLAG,31.36,31.36
BHARATRAS,54.42,54.42
TOKYOPLAST,110.23,110.23
IFCI,91.4,92.14
KABRAEXTRU,48.92,48.92
HEIDELBERG,31.5,31.5
POLYPLEX,38.72,38.72
EIHAHOTELS,34.75,34.75
HONDAPOWER,45.28,47.21
RUBYMILLS,17.25,17.25
ABB,108.99,108.99
BRITANNIA,65.69,65.63
DHAMPURSUG,10.81,10.81
CIPLA,29.22,28.19
HEROMOTOCO,28.04,27.18
HARRMALAYA,,1544.3
GIPCL,18.68,18.68
INDIANHUME,32.72,32.72
HINDCOMPOS,24.39,24.39
KAMATHOTEL,12.48,41.96
APOLLOTYRE,19.89,19.18
SHANTIGEAR,60.8,60.8
PRECWIRE,38.54,38.54
NILKAMAL,25.6,25.6
ICIL,23.15,23.15
SEAMECLTD,32.45,32.45
AUROPHARMA,24.89,24.09
EIHOTEL,40.7,40.26
LICHSGFIN,9.04,9.04
GICHSGFIN,9.13,9.13
MOREPENLAB,29.99,29.99
WSTCSTPAPR,5.42,5.42
VENKEYS,34.3,34.3
GHCL,6.57,8.61
HIL,63.04,1179.46
EVERESTIND,105.89,156.32
BPL,44.74,44.74
PGHH,74.56,74.56
VESUVIUS,44.38,44.38
BOMDYEING,1.61,
NAVNETEDUL,17.93,19.54
GLAXO,77.39,69.09
CHOLAFIN,34.22,34.22
FMGOETZE,17.42,17.42
ORIENTHOT,55.96,55.96
FOSECOIND,38.59,44.36
3MINDIA,74.16,74.16
RALLIS,49.87,50.13
MFSL,96.17,96.17
HEG,35.8,35.8
TATAINVEST,101.77,101.77
TIMKEN,76.54,76.54
SHREECEM,41.49,41.49
SAKHTISUG,3.87,
AKZOINDIA,30.18,30.18
HINDUNILVR,61.72,61.7
FINPIPE,45.81,45.81
FINCABLES,38.19,44.79
DCM,33.17,33.17
BEL,55.63,55.63
PVP,9.95,
GREENPLY,51.98,60.04
REMSONSIND,49.87,48.91
NATCOPHARM,17,17
MRF,27.97,27.97
TTKPRESTIG,56.92,56.92
SKFINDIA,50.63,50.63
JAYAGROGN,16.39,16.39
SAMBHAAV,66.37,87.84
SUNDRMBRAK,31.6,31.6
SOMATEX,5.2,
VISAKAIND,1114.77,1114.77
CREST,19.54,19.54
WENDT,74.81,74.81
TVSSRICHAK,30.42,29
PUNJABCHEM,30.67,30.67
DYNAMATECH,38.87,74.43
GANESHHOUC,19.43,19.43
ALKYLAMINE,69.3,69.3
GUJRAFFIA,55.93,55.93
RAMCOIND,29.72,29.72
INDRAMEDCO,18.62,18.62
GAIL,17.11,17.72
BANKINDIA,8.58,8.58
ICICIBANK,19.13,19.13
INDSWFTLAB,2.58,11.09
SAREGAMA,52.82,52.82
ENGINERSIN,39.94,39.94
JAICORPLTD,122.1,122.1
GMDCLTD,21.29,21.29
MAHAPEXLTD,.55,35.9
ASAHIINDIA,53.09,53.09
J&KBANK,6.67,6.67
KOTHARIPRO,24.54,24.54
SOUTHBANK,6.12,6.12
ASTRAZEN,109.62,118.15
AXISBANK,14.5,14.5
CYIENT,29.76,27.83
KOKUYOCMLN,34.95,34.95
GOACARBON,8.12,8.12
SANGHVIMOV,25.17,25.17
NATIONALUM,16.63,19.69
JINDALSTEL,16.69,16.69
NIPPOBATRY,29.44,29.44
HCLTECH,26.14,26.14
ACCELYA,29.58,29.66
IOB,44.19,44.19
BIL,48.91,48.91
KTKBANK,6.43,6.43
AJANTPHARM,36.49,36.49
CALSOFT,41.6,41.6
TVSMOTOR,63.87,63.87
PNC,42.07,42.07
NLCINDIA,21.09,21.09
CHENNPETRO,5.58,5.58
KRBL,12.23,12.23
USHAMART,26.77,26.77
BALAJITELE,35.58,35.58
KHANDSE,240.08,240.08
GODREJCP,,79.61
LUPIN,42.77,42.77
BHARTIARTL,141.63,90.5
PONNIERODE,10.82,10.82
SURANAT&P,42.42,42.42
OFSS,41.25,41.25
CANBK,6.4,6.4
GODREJIND,46.18,46.18
UCOBANK,33.67,33.67
NSIL,40.27,40.27
JAIBALAJI,17.35,17.35
DREDGECORP,99.59,97.51
UPL,,19.71
MUKANDLTD,23.75,23.75
VAIBHAVGBL,41.9,40.1
XPROINDIA,50.19,48.19
DATAMATICS,19.11,19.11
CCL,32.15,32.15
LT,31.08,31.22
CENTEXT,27.7,28.14
TCS,33.09,32.59
GUFICBIO,41.16,41.16
INDSWFTLTD,8.27,8.27
NTPC,19.33,19.33
JBMA,128.22,128.22
XCHANGING,111.49,111.49
JPPOWER,12.61,8.72
SAKSOFT,32.27,32.27
ALLSEC,25.81,25.81
WELCORP,20.07,20.07
SURYALAXMI,44.42,26.05
63MOONS,7.32,7.32
JSWHL,65.3,65.3
GEOJITFSL,16.24,16.24
MSPL,70.39,57.51
GOLDIAM,21.94,21.94
FCSSOFT,,73.9
SUZLON,96,89.59
TRIVENI,22.92,22.92
NAHARINDUS,70.61,58.42
VIMTALABS,28.87,28.87
CELEBRITY,53.88,55.11
NITINSPIN,16.79,16.79
ROHLTD,19.82,19.82
GSPL,8.42,8.59
GVKPIL,5.16,5.16
SAKUMA,23.13,23.13
KEC,65.65,65.65
JKCEMENT,39.76,40.22
INDOTECH,43.16,43.16
M&MFIN,18.3,18.3
CENTURYPLY,47.8,47.8
KEI,64.87,64.85
VAKRANGEE,546.75,594.79
