SERIES,SYMBOL,SECURITY,RECORD_DT,BC_STRT_DT,BC_END_DT,EX_DT,ND_STRT_DT,ND_END_DT,PURPOSE
BE,SENCO,Senco Gold Limited, ,07/09/2024,13/09/2024,06/09/2024, , ,ANNUAL GENERAL MEETING   
BE,SANDUMA,Sandur Mang & Iron Ores L,11/09/2024, , ,11/09/2024, , ,DIV - RE 1 PER SH        
BE,ASHOKAMET,Ashoka Metcast Limited, ,07/09/2024,12/09/2024,06/09/2024, , ,ANNUAL GENERAL MEETING   
BE,HEADSUP,The Mandhana Ret Vent Ltd, ,06/09/2024,12/09/2024,05/09/2024, , ,ANNUAL GENERAL MEETING   
BE,JWL,Commercial Eng & Co. Ltd, ,06/09/2024,12/09/2024,05/09/2024, , ,ANNUAL GENERAL MEETING   
BE,BLAL,BEML Land Assets Limited, ,10/09/2024,16/09/2024,09/09/2024, , ,ANNUAL GENERAL MEETING   
BE,AAATECH,AAA Technologies Limited, ,08/09/2024,14/09/2024,06/09/2024, , ,ANNUAL GENERAL MEETING   
BE,ACLGATI,GATI LIMITED, ,03/09/2024,10/09/2024,02/09/2024, , ,ANNUAL GENERAL MEETING   
BE,SCILAL,Shipping Corp of ILA Ltd, ,07/09/2024,20/09/2024,06/09/2024, , ,ANNUAL GENERAL MEETING   
BE,BLSE,BLS E-Services Limited, ,04/09/2024,10/09/2024,03/09/2024, , ,ANNUAL GENERAL MEETING   
BE,NDLVENTURE,NXTDIGITAL LIMITED, ,07/09/2024,13/09/2024,06/09/2024, , ,ANNUAL GENERAL MEETING   
BE,UMESLTD,Usha Martin Edu & Sol Ltd, ,05/09/2024,11/09/2024,04/09/2024, , ,ANNUAL GENERAL MEETING   
BE,RESPONIND,Responsive Industries Ltd, ,07/09/2024,13/09/2024,06/09/2024, , ,ANNUAL GENERAL MEETING   
BE,SMLISUZU,SML Isuzu Limited, ,07/09/2024,13/09/2024,06/09/2024, , ,ANNUAL GENERAL MEETING   
BE,INDTERRAIN,Ind Terrain Fashions Ltd, ,10/09/2024,16/09/2024,09/09/2024, , ,ANNUAL GENERAL MEETING   
BE,TRITURBINE,Triveni Turbine Limited, ,07/09/2024,13/09/2024,06/09/2024, , ,ANNUAL GENERAL MEETING   
BE,TREEHOUSE,Tree House Edu Ltd, ,06/09/2024,12/09/2024,05/09/2024, , ,ANNUAL GENERAL MEETING   
BE,TBZ,Trib Bhimji Zaveri Ltd, ,04/09/2024,10/09/2024,03/09/2024, , ,AGM/DIV - RS 1.75 PER SH 
BE,VSSL,Vardhman Spc Steel Ltd, ,07/09/2024,14/09/2024,06/09/2024, , ,AGM/DIV - RS 2 PER SH    
BE,SNOWMAN,Snowman Logistics Ltd., ,11/09/2024,19/09/2024,10/09/2024, , ,ANNUAL GENERAL MEETING   
BE,CAPLIPOINT,Caplin Point Lab Ltd.,23/09/2024, , ,23/09/2024, , ,DIV - RS 2.50 PER SH     
BE,CAPLIPOINT,Caplin Point Lab Ltd., ,24/09/2024,30/09/2024,23/09/2024, , ,ANNUAL GENERAL MEETING   
BE,AGARIND,Agarwal Inds Corp Ltd., ,07/09/2024,13/09/2024,06/09/2024, , ,DIV - RS 3 PER SH        
BE,GULFPETRO,GP Petroleums Limited, ,12/09/2024,18/09/2024,11/09/2024, , ,ANNUAL GENERAL MEETING   
BE,FCL,Fineotex Chemical Limited, ,04/09/2024,10/09/2024,03/09/2024, , ,ANNUAL GENERAL MEETING   
BE,GANECOS,Ganesha Ecosphere Limited, ,04/09/2024,10/09/2024,03/09/2024, , ,AGM/DIV - RS 3 PER SH    
BE,MANAKSTEEL,Manaksia Steels Ltd, ,12/09/2024,18/09/2024,11/09/2024, , ,ANNUAL GENERAL MEETING   
BE,VEDL,Vedanta Limited,10/09/2024, , ,10/09/2024, , ,INTDIV - RS 20 PER SH    
BE,LAMBODHARA,Lambodhara Textiles Ltd., ,10/09/2024,16/09/2024,09/09/2024, , ,AGM/DIV - RE 0.5 PER SH  
BE,POWERMECH,Power Mech Projects Ltd.,08/10/2024, , ,08/10/2024, , ,BONUS 1:1                
BE,INFIBEAM,Infibeam Avenues Limited,11/09/2024, , ,11/09/2024, , ,DEMERGER                 
BE,BLS,BLS Intl Servs Ltd, ,06/09/2024,12/09/2024,05/09/2024, , ,AGM/DIV - RE 0.50 PER SH 
BE,SABEVENTS,Sab Events & Governance, ,10/09/2024,16/09/2024,09/09/2024, , ,ANNUAL GENERAL MEETING   
BE,QUESS,Quess Corp Limited, ,10/09/2024,16/09/2024,09/09/2024, , ,ANNUAL GENERAL MEETING   
BE,PARAGMILK,Parag Milk Foods Ltd., ,05/09/2024,11/09/2024,04/09/2024, , ,ANNUAL GENERAL MEETING   
BE,5PAISA,5paisa Capital Limited, ,04/09/2024,10/09/2024,03/09/2024, , ,ANNUAL GENERAL MEETING   
BE,CLEDUCATE,CL Educate Limited, ,11/09/2024,17/09/2024,10/09/2024, , ,ANNUAL GENERAL MEETING   
BE,MASFIN,MAS Financial Serv Ltd, ,05/09/2024,11/09/2024,04/09/2024, , ,AGM/DIV - RE 0.51 PER SH 
BE,VBL,Varun Beverages Limited,12/09/2024, , ,12/09/2024, , ,FV SPLT FRM RS 5 TO RS 2 
BE,HISARMETAL,Hisar Metal Ind. Limited, ,10/09/2024,20/09/2024,09/09/2024, , ,AGM/DIV - RE 1 PER SH    
BE,GICRE,General Ins Corp of India,11/09/2024, , ,11/09/2024, , ,DIV - RS 10 PER SH       
BE,IRCON,Ircon International Ltd, ,06/09/2024,12/09/2024,05/09/2024, , ,AGM/DIV - RS 1.30 PER SH 
BE,NILASPACES,Nila Spaces Limited, ,10/09/2024,16/09/2024,09/09/2024, , ,ANNUAL GENERAL MEETING   
BE,RITES,RITES Limited, ,06/09/2024,12/09/2024,05/09/2024, , ,ANNUAL GENERAL MEETING   
BE,RITES,RITES Limited,20/09/2024, , ,20/09/2024, , ,BONUS 1:1                
BE,ANDHRAPAP,ANDHRA PAPER LIMITED,11/09/2024, , ,11/09/2024, , ,FVSPLT FRM RS 10 TO RS 2 
BE,GEEKAYWIRE,Geekay Wires Limited, ,06/09/2024,12/09/2024,05/09/2024, , ,ANNUAL GENERAL MEETING   
BE,MSTCLTD,MSTC Limited, ,11/09/2024,18/09/2024,10/09/2024, , ,AGM/DIV - RS 5 PER SH    
BE,RGL,Renaissance Global Ltd, ,05/09/2024,12/09/2024,04/09/2024, , ,ANNUAL GENERAL MEETING   
BE,PRINCEPIPE,Prince Pipes Fittings Ltd, ,05/09/2024,11/09/2024,04/09/2024, , ,AGM/DIV - RE 1 PER SH    
BE,TATVA,Tatva Chin Pharm Chem Ltd, ,07/09/2024,20/09/2024,06/09/2024, , ,ANNUAL GENERAL MEETING   
BE,DRCSYSTEMS,DRC Systems India Limited, ,10/09/2024,17/09/2024,09/09/2024, , ,ANNUAL GENERAL MEETING   
BE,SGIL,Synergy Green Ind. Ltd,11/09/2024, , ,11/09/2024, , ,RIGHTS 1:10@PRM RS 315/- 
BE,AJOONI,Ajooni Biotech Limited, ,11/09/2024,17/09/2024,10/09/2024, , ,ANNUAL GENERAL MEETING   
BE,MANORG,Mangalam Organics Limited, ,07/09/2024,14/09/2024,06/09/2024, , ,ANNUAL GENERAL MEETING   
BE,RPPL,Rajshree PolyPack Ltd,18/09/2024, , ,18/09/2024, , ,FVSPLT FRM RS 10 TO RS 5 
BE,MEGASTAR,Megastar Foods Limited, ,06/09/2024,12/09/2024,05/09/2024, , ,ANNUAL GENERAL MEETING   
BE,SURYODAY,Suryoday Small Fin Bk Ltd, ,06/09/2024,12/09/2024,05/09/2024, , ,ANNUAL GENERAL MEETING   
BE,GMRP&UI,GMR Pow and Urban Infra L, ,06/09/2024,16/09/2024,05/09/2024, , ,ANNUAL GENERAL MEETING   
BE,HERANBA,Heranba Industries Ltd, ,06/09/2024,12/09/2024,05/09/2024, , ,ANNUAL GENERAL MEETING   
BE,GATEWAY,Gateway Distriparks Ltd, ,08/09/2024,19/09/2024,06/09/2024, , ,ANNUAL GENERAL MEETING   
BE,SILVERTUC,Silver Touch Techno Ltd, ,06/09/2024,12/09/2024,05/09/2024, , ,ANNUAL GENERAL MEETING   
BE,RELCHEMQ,Reliance Chemotex Ind Ltd, ,05/09/2024,11/09/2024,04/09/2024, , ,AGM/DIV - RE 1 PER SH    
BE,ZODIAC,Zodiac Energy Limited, ,07/09/2024,13/09/2024,06/09/2024, , ,ANNUAL GENERAL MEETING   
BE,AGI,HSIL LIMITED, ,12/09/2024,18/09/2024,11/09/2024, , ,AGM/DIV - RS 6 PER SH    
BE,KIMS,Krishna Inst of Med Sci L,13/09/2024, , ,13/09/2024, , ,FVSPLT FRM RS 10 TO RS 2 
BE,BCLIND,BCL Industries Limited,11/09/2024, , ,11/09/2024, , ,DIV - RE 0.25 PER SH     
BE,RHIM,RHI MAGNESITA INDIA LTD, ,06/09/2024,13/09/2024,05/09/2024, , ,DIV - RS 2.50 PER SH     
BE,OSIAHYPER,Osia Hyper Retail Ltd, ,13/09/2024,19/09/2024,12/09/2024, , ,ANNUAL GENERAL MEETING   
BE,SPORTKING,Sportking India Limited,13/09/2024, , ,13/09/2024, , ,FVSPLT FRM RS10 TO RE1   
BE,SYRMA,Syrma SGS Technology Ltd,10/09/2024, , ,10/09/2024, , ,DIV - RS 1.50  PER SH    
BE,SYRMA,Syrma SGS Technology Ltd, ,11/09/2024,17/09/2024,10/09/2024, , ,ANNUAL GENERAL MEETING   
BE,POCL,Pondy Oxides & Chem Ltd, ,12/09/2024,18/09/2024,11/09/2024, , ,AGM/DIV - RS 5 PER SH    
BE,FINPIPE,FINOLEX INDUSTRIES LTD, ,12/09/2024,18/09/2024,11/09/2024, , ,AGM/DIV - RS 2.50 PER SH 
BE,SCI,SHIPPING CORP OF INDIA LT, ,07/09/2024,18/09/2024,06/09/2024, , ,ANNUAL GENERAL MEETING   
BE,GNFC,GUJARAT NARMADA FERT. CO, ,13/09/2024,20/09/2024,12/09/2024, , ,ANNUAL GENERAL MEETING   
BE,ALPSINDUS,Alps Industries Ltd., ,10/09/2024,11/09/2024,09/09/2024, , ,ANNUAL GENERAL MEETING   
BE,IONEXCHANG,Ion Exchange (India) Ltd, ,04/09/2024,11/09/2024,03/09/2024, , ,AGM/DIV - RS 1.50 PER SH 
BE,KOTHARIPRO,Kothari Products Ltd., ,07/09/2024,14/09/2024,06/09/2024, , ,ANNUAL GENERAL MEETING   
BE,STERTOOLS,Sterling Tools Ltd., ,07/09/2024,13/09/2024,06/09/2024, , ,ANNUAL GENERAL MEETING   
BE,DEEPAKFERT,Deepak Fertilisers - Depo, ,04/09/2024,10/09/2024,03/09/2024, , ,AGM/DIV - RS 8.50 PER SH 
BE,INDIANCARD,Indian Card Clothing Co., ,10/09/2024,16/09/2024,09/09/2024, , ,ANNUAL GENERAL MEETING   
BE,JINDWORLD,Jindal Worldwide Ltd, ,10/09/2024,16/09/2024,09/09/2024, , ,ANNUAL GENERAL MEETING   
BE,GSFC,GSFC DEP, ,10/09/2024,24/09/2024,09/09/2024, , ,AGM/DIV - RS 4 PER SH    
BE,LUMAXIND,Lumax Industries Ltd, ,10/09/2024,27/09/2024,09/09/2024, , ,ANNUAL GENERAL MEETING   
BE,HIKAL,Hikal Limited, ,11/09/2024,17/09/2024,10/09/2024, , ,ANNUAL GENERAL MEETING   
BE,SUBROS,Subros Ltd, ,12/09/2024,18/09/2024,11/09/2024, , ,AGM/DIV - RE 1.8 PER SH  
BE,DHAMPURSUG,DHAMPUR SUGAR MILLS LTD, ,06/09/2024,12/09/2024,05/09/2024, , ,ANNUAL GENERAL MEETING   
BE,INDNIPPON,India Nippon Elect Ltd, ,12/09/2024,18/09/2024,11/09/2024, , ,ANNUAL GENERAL MEETING   
BE,JAYBARMARU,Jay Bharat Maruti Ltd, ,06/09/2024,12/09/2024,05/09/2024, , ,AGM/DIV - RE 0.70 PER SH 
BE,DHARSUGAR,Dharani Sugars & Chem , ,04/09/2024,10/09/2024,03/09/2024, , ,ANNUAL GENERAL MEETING   
BE,JAICORPLTD,Jai Corp Limited,10/09/2024, , ,10/09/2024, , ,BUY BACK                 
BE,NAHARPOLY,Nahar Poly Films Limited, ,07/09/2024,12/09/2024,06/09/2024, , ,DIV - RE 1 PER SH        
BE,UNIENTER,UNIPHOS ENTERPRISES LTD, ,07/09/2024,20/09/2024,06/09/2024, , ,DIV - RS 5.7PER SH       
BE,PREMIERPOL,Premier Polyfilms Ltd., ,10/09/2024,16/09/2024,09/09/2024, , ,AGM/DIV - RE 0.75 PER SH 
BE,KTKBANK,Karnataka Bank Limited, ,04/09/2024,10/09/2024,03/09/2024, , ,DIV - RS 5.50 PER SH     
BE,GUJRAFFIA,Gujarat Raffia-Roll Sett, ,10/09/2024,24/09/2024,09/09/2024, , ,ANNUAL GENERAL MEETING   
BE,NOIDATOLL,Noida Toll Bridge Co Ltd, ,11/09/2024,17/09/2024,10/09/2024, , ,ANNUAL GENERAL MEETING   
BE,TVTODAY,TV TODAY NETWORK LTD,11/09/2024, , ,11/09/2024, , ,DIV - RS 8.50 PER SH     
BE,PENINLAND,Peninsula Land Limited, ,05/09/2024,11/09/2024,04/09/2024, , ,ANNUAL GENERAL MEETING   
BE,HCC,Hindustan Construc Co., ,11/09/2024,17/09/2024,10/09/2024, , ,ANNUAL GENERAL MEETING   
BE,JBMA,JBM Auto Limited, ,06/09/2024,12/09/2024,05/09/2024, , ,AGM/DIV - RS 1.50 PER SH 
BE,FCSSOFT,FCS Software Soln. Ltd., ,12/09/2024,20/09/2024,11/09/2024, , ,ANNUAL GENERAL MEETING   
BE,CELEBRITY,Celebrity Fashions Limite, ,10/09/2024,16/09/2024,09/09/2024, , ,ANNUAL GENERAL MEETING   
BE,SUZLON,Suzlon Energy Limited, ,04/09/2024,10/09/2024,03/09/2024, , ,ANNUAL GENERAL MEETING   
BE,NITINSPIN,Nitin Spinners Limited, ,10/09/2024,16/09/2024,09/09/2024, , ,AGM/DIV-RS 2.50 PER SH   
BE,KEI,KEI Industries Limited, ,05/09/2024,11/09/2024,04/09/2024, , ,ANNUAL GENERAL MEETING   
BE,UTTAMSUGAR,Uttam Sugar Mills Limited, ,12/09/2024,18/09/2024,11/09/2024, , ,AGM/DIV - RS 2.5 PER SH  
BE,VARDHACRLC,Vardhman Acrylics Ltd, ,07/09/2024,14/09/2024,06/09/2024, , ,AGM/DIV - RS 2 PER SH    
BE,VHL,Vardhman Holdings Limited, ,07/09/2024,14/09/2024,06/09/2024, , ,AGM/DIV - RS 5 PER SH    
BE,ECLERX,eClerx Services Limited, ,07/09/2024,19/09/2024,06/09/2024, , ,DIV - RE 1 PER SH        
BE,SPENTEX,Spentex Industries Ltd, ,05/09/2024,11/09/2024,04/09/2024, , ,ANNUAL GENERAL MEETING   
BE,MANAKSIA,Manaksia Limited, ,12/09/2024,18/09/2024,11/09/2024, , ,ANNUAL GENERAL MEETING   
BE,PPAP,PPAP Automotive Limited, ,07/09/2024,12/09/2024,06/09/2024, , ,AGM/DIV-RS 1.25 PER SH   
BE,NAHARSPING,Nahar Spinning Mills Ltd., ,07/09/2024,12/09/2024,06/09/2024, , ,DIV - RE 1 PER SH        
BE,JAIBALAJI,Jai Balaji Industries Ltd, ,07/09/2024,13/09/2024,06/09/2024, , ,ANNUAL GENERAL MEETING   
BE,GMRINFRA,GMR Infrastructure Limite, ,06/09/2024,16/09/2024,05/09/2024, , ,ANNUAL GENERAL MEETING   
BE,UFLEX,UFLEX Limited, ,31/08/2024,19/09/2024,30/08/2024, , ,AGM/DIV - RE 1 PER SH    
BE,RSWM,RSWM Limited, ,07/09/2024,13/09/2024,06/09/2024, , ,ANNUAL GENERAL MEETING   
BE,AROGRANITE,Aro Granite Industries Li, ,12/09/2024,18/09/2024,11/09/2024, , ,ANNUAL GENERAL MEETING   
BE,NAGREEKCAP,Nagreeka Capital & Infras, ,11/09/2024,17/09/2024,10/09/2024, , ,ANNUAL GENERAL MEETING   
BE,VTL,Vardhman Textiles Limited, ,07/09/2024,14/09/2024,06/09/2024, , ,AGM/DIV - RS 4 PER SH    
BE,GOACARBON,Goa Carbon Ltd, ,04/09/2024,10/09/2024,03/09/2024, , ,AGM/DIV - RS 10 PER SH   
BE,TVSSRICHAK,TVS Srichakra Limited, ,31/08/2024,12/09/2024,30/08/2024, , ,AGM/DIV-RS 47.34 PER SH  
BE,NAGREEKEXP,Nagreeka Exports Limited, ,12/09/2024,18/09/2024,11/09/2024, , ,ANNUAL GENERAL MEETING   
BE,MANALIPETC,Manali Petrochemicals Lt, ,11/09/2024,18/09/2024,10/09/2024, , ,AGM/DIV - RS 0.75 PER SH 
BE,KECL,Kirloskar Electric Co-Dep, ,10/09/2024,16/09/2024,09/09/2024, , ,ANNUAL GENERAL MEETING   
BE,INSECTICID,Insecticides (India) Limi,11/09/2024, , ,11/09/2024, , ,BUY BACK                 
BE,SHILPAMED,Shilpa Medicare Ltd, ,09/09/2024,17/09/2024,06/09/2024, , ,ANNUAL GENERAL MEETING   
BE,VINATIORGA,Vinati Organics Limited, ,04/09/2024,10/09/2024,03/09/2024, , ,DIV - RS 7 PER SH        
BE,NAHARCAP,Nahar Capital and Financi, ,07/09/2024,12/09/2024,06/09/2024, , ,DIV - RS 1.50 PER SH     
BE,JOCIL,Jocil Limited, ,07/09/2024,14/09/2024,06/09/2024, , ,DIV - RE 1.5 PER SH      
BE,BALLARPUR,Ballarpur Industries Limi, ,04/09/2024,10/09/2024,03/09/2024, , ,ANNUAL GENERAL MEETING   
BE,GEECEE,GeeCee Ventures Limited, ,05/09/2024,12/09/2024,04/09/2024, , ,ANNUAL GENERAL MEETING   
BE,AHLEAST,Asian Hotels (East) Ltd, ,07/09/2024,13/09/2024,06/09/2024, , ,AGM/DIV - RS 2.50 PER SH 
BE,CANTABIL,Cantabil Retail Ltd, ,08/09/2024,14/09/2024,06/09/2024, , ,ANNUAL GENERAL MEETING   
BE,GRAVITA,Gravita India Limited, ,12/09/2024,18/09/2024,11/09/2024, , ,ANNUAL GENERAL MEETING   
BZ,DHARSUGAR,Dharani Sugars&Chem, ,04/09/2024,10/09/2024,03/09/2024, , ,ANNUAL GENERAL MEETING   
BZ,BALLARPUR,Ballarpur Industries Limi, ,04/09/2024,10/09/2024,03/09/2024, , ,ANNUAL GENERAL MEETING   
BZ,SPENTEX,Spentex Industries Ltd, ,05/09/2024,11/09/2024,04/09/2024, , ,ANNUAL GENERAL MEETING   
EQ,DHAMPURSUG,Dhampur Sugar Mills Ltd, ,06/09/2024,12/09/2024,05/09/2024, , ,ANNUAL GENERAL MEETING   
EQ,SUBROS,Subros Ltd, ,12/09/2024,18/09/2024,11/09/2024, , ,AGM/DIV - RE 1.8 PER SH  
EQ,DHARSUGAR,Dharani Sugars & Chem , ,04/09/2024,10/09/2024,03/09/2024, , ,ANNUAL GENERAL MEETING   
EQ,ALPSINDUS,Alps Industries Ltd., ,10/09/2024,11/09/2024,09/09/2024, , ,ANNUAL GENERAL MEETING   
EQ,INDNIPPON,India Nippon Elect Ltd, ,12/09/2024,18/09/2024,11/09/2024, , ,ANNUAL GENERAL MEETING   
EQ,SCI,Shipping Corp of India , ,07/09/2024,18/09/2024,06/09/2024, , ,ANNUAL GENERAL MEETING   
EQ,FINPIPE,Finolex Ind Ltd., ,12/09/2024,18/09/2024,11/09/2024, , ,AGM/DIV - RS 2.50 PER SH 
EQ,GSFC,Gujarat State Fert Ltd., ,10/09/2024,24/09/2024,09/09/2024, , ,AGM/DIV - RS 4 PER SH    
EQ,INDIANCARD,Indian Card Clothing Co., ,10/09/2024,16/09/2024,09/09/2024, , ,ANNUAL GENERAL MEETING   
EQ,DEEPAKFERT,Deepak Fertilisers Ltd, ,04/09/2024,10/09/2024,03/09/2024, , ,AGM/DIV - RS 8.50 PER SH 
EQ,GNFC,Gujarat Narm Fert Co., ,13/09/2024,20/09/2024,12/09/2024, , ,ANNUAL GENERAL MEETING   
EQ,IONEXCHANG,Ion Exchange (India) Ltd, ,04/09/2024,11/09/2024,03/09/2024, , ,AGM/DIV - RS 1.50 PER SH 
EQ,JAICORPLTD,Jai Corp Limited,10/09/2024, , ,10/09/2024, , ,BUY BACK                 
EQ,PREMIERPOL,Premier Polyfilm Ltd, ,10/09/2024,16/09/2024,09/09/2024, , ,AGM/DIV - RE 0.75 PER SH 
EQ,STERTOOLS,Sterling Tools Ltd., ,07/09/2024,13/09/2024,06/09/2024, , ,ANNUAL GENERAL MEETING   
EQ,JAYBARMARU,Jay Bharat Maruti Ltd, ,06/09/2024,12/09/2024,05/09/2024, , ,AGM/DIV - RE 0.70 PER SH 
EQ,LUMAXIND,Lumax Industries Ltd, ,10/09/2024,27/09/2024,09/09/2024, , ,ANNUAL GENERAL MEETING   
EQ,GUJRAFFIA,Gujarat Raffia Inds Ltd, ,10/09/2024,24/09/2024,09/09/2024, , ,ANNUAL GENERAL MEETING   
EQ,KOTHARIPRO,Kothari Products Ltd., ,07/09/2024,14/09/2024,06/09/2024, , ,ANNUAL GENERAL MEETING   
EQ,NOIDATOLL,Noida Toll Bridge Company, ,11/09/2024,17/09/2024,10/09/2024, , ,ANNUAL GENERAL MEETING   
EQ,JINDWORLD,Jindal Worldwide Ltd, ,10/09/2024,16/09/2024,09/09/2024, , ,ANNUAL GENERAL MEETING   
EQ,HIKAL,Hikal Limited, ,11/09/2024,17/09/2024,10/09/2024, , ,ANNUAL GENERAL MEETING   
EQ,KTKBANK,Karnataka Bank Limited, ,04/09/2024,10/09/2024,03/09/2024, , ,DIV - RS 5.50 PER SH     
EQ,NAHARPOLY,Nahar Poly Films Limited, ,07/09/2024,12/09/2024,06/09/2024, , ,DIV - RE 1 PER SH        
EQ,UNIENTER,Uniphos Enterprises Limit, ,07/09/2024,20/09/2024,06/09/2024, , ,DIV - RS 5.7PER SH       
EQ,VARDHACRLC,Vardhman Acrylics Limited, ,07/09/2024,14/09/2024,06/09/2024, , ,AGM/DIV - RS 2 PER SH    
EQ,TVTODAY,TV Today Network Limited,11/09/2024, , ,11/09/2024, , ,DIV - RS 8.50 PER SH     
EQ,PENINLAND,Peninsula Land Limited, ,05/09/2024,11/09/2024,04/09/2024, , ,ANNUAL GENERAL MEETING   
EQ,HCC,Hindustan Construc Co., ,11/09/2024,17/09/2024,10/09/2024, , ,ANNUAL GENERAL MEETING   
EQ,JBMA,JBM Auto Limited, ,06/09/2024,12/09/2024,05/09/2024, , ,AGM/DIV - RS 1.50 PER SH 
EQ,FCSSOFT,FCS Software Solutions Li, ,12/09/2024,20/09/2024,11/09/2024, , ,ANNUAL GENERAL MEETING   
EQ,CELEBRITY,Celebrity Fashions Limite, ,10/09/2024,16/09/2024,09/09/2024, , ,ANNUAL GENERAL MEETING   
EQ,SUZLON,Suzlon Energy Limited, ,04/09/2024,10/09/2024,03/09/2024, , ,ANNUAL GENERAL MEETING   
EQ,NITINSPIN,Nitin Spinners Limited, ,10/09/2024,16/09/2024,09/09/2024, , ,AGM/DIV-RS 2.50 PER SH   
EQ,KEI,KEI Industries Limited, ,05/09/2024,11/09/2024,04/09/2024, , ,ANNUAL GENERAL MEETING   
EQ,UTTAMSUGAR,Uttam Sugar Mills Limited, ,12/09/2024,18/09/2024,11/09/2024, , ,AGM/DIV - RS 2.5 PER SH  
EQ,VHL,Vardhman Holdings Limited, ,07/09/2024,14/09/2024,06/09/2024, , ,AGM/DIV - RS 5 PER SH    
EQ,ECLERX,eClerx Services Limited, ,07/09/2024,19/09/2024,06/09/2024, , ,DIV - RE 1 PER SH        
EQ,SPENTEX,Spentex Industries Ltd, ,05/09/2024,11/09/2024,04/09/2024, , ,ANNUAL GENERAL MEETING   
EQ,MANAKSIA,Manaksia Limited, ,12/09/2024,18/09/2024,11/09/2024, , ,ANNUAL GENERAL MEETING   
EQ,PPAP,PPAP Automotive Limited, ,07/09/2024,12/09/2024,06/09/2024, , ,AGM/DIV-RS 1.25 PER SH   
EQ,NAHARSPING,Nahar Spinning Mills Ltd., ,07/09/2024,12/09/2024,06/09/2024, , ,DIV - RE 1 PER SH        
EQ,JAIBALAJI,Jai Balaji Industries Ltd, ,07/09/2024,13/09/2024,06/09/2024, , ,ANNUAL GENERAL MEETING   
EQ,GMRINFRA,GMR Infrastructure Limite, ,06/09/2024,16/09/2024,05/09/2024, , ,ANNUAL GENERAL MEETING   
EQ,UFLEX,UFLEX Limited, ,31/08/2024,19/09/2024,30/08/2024, , ,AGM/DIV - RE 1 PER SH    
EQ,RSWM,RSWM Limited, ,07/09/2024,13/09/2024,06/09/2024, , ,ANNUAL GENERAL MEETING   
EQ,AROGRANITE,Aro Granite Industries Li, ,12/09/2024,18/09/2024,11/09/2024, , ,ANNUAL GENERAL MEETING   
EQ,NAGREEKCAP,Nagreeka Capital & Infras, ,11/09/2024,17/09/2024,10/09/2024, , ,ANNUAL GENERAL MEETING   
EQ,GOACARBON,Goa Carbon Ltd, ,04/09/2024,10/09/2024,03/09/2024, , ,AGM/DIV - RS 10 PER SH   
EQ,VTL,Vardhman Textiles Limited, ,07/09/2024,14/09/2024,06/09/2024, , ,AGM/DIV - RS 4 PER SH    
EQ,TVSSRICHAK,TVS Srichakra Limited, ,31/08/2024,12/09/2024,30/08/2024, , ,AGM/DIV-RS 47.34 PER SH  
EQ,NAGREEKEXP,Nagreeka Exports Limited, ,12/09/2024,18/09/2024,11/09/2024, , ,ANNUAL GENERAL MEETING   
EQ,MANALIPETC,Manali Petrochemicals Lt, ,11/09/2024,18/09/2024,10/09/2024, , ,AGM/DIV - RS 0.75 PER SH 
EQ,KECL,Kirloskar Electric Co Ltd, ,10/09/2024,16/09/2024,09/09/2024, , ,ANNUAL GENERAL MEETING   
EQ,INSECTICID,Insecticides (India) Limi,11/09/2024, , ,11/09/2024, , ,BUY BACK                 
EQ,SHILPAMED,Shilpa Medicare Ltd, ,09/09/2024,17/09/2024,06/09/2024, , ,ANNUAL GENERAL MEETING   
EQ,VINATIORGA,Vinati Organics Limited, ,04/09/2024,10/09/2024,03/09/2024, , ,DIV - RS 7 PER SH        
EQ,NAHARCAP,Nahar Capital and Financi, ,07/09/2024,12/09/2024,06/09/2024, , ,DIV - RS 1.50 PER SH     
EQ,JOCIL,Jocil Limited, ,07/09/2024,14/09/2024,06/09/2024, , ,DIV - RE 1.5 PER SH      
EQ,BALLARPUR,Ballarpur Industries Limi, ,04/09/2024,10/09/2024,03/09/2024, , ,ANNUAL GENERAL MEETING   
EQ,GEECEE,GeeCee Ventures Limited, ,05/09/2024,12/09/2024,04/09/2024, , ,ANNUAL GENERAL MEETING   
EQ,AHLEAST,Asian Hotels (East) Ltd, ,07/09/2024,13/09/2024,06/09/2024, , ,AGM/DIV - RS 2.50 PER SH 
EQ,CANTABIL,Cantabil Retail Ltd, ,08/09/2024,14/09/2024,06/09/2024, , ,ANNUAL GENERAL MEETING   
EQ,GRAVITA,Gravita India Limited, ,12/09/2024,18/09/2024,11/09/2024, , ,ANNUAL GENERAL MEETING   
EQ,UMESLTD,Usha Martin Edu & Sol Ltd, ,05/09/2024,11/09/2024,04/09/2024, , ,ANNUAL GENERAL MEETING   
EQ,RESPONIND,Responsive Industries Ltd, ,07/09/2024,13/09/2024,06/09/2024, , ,ANNUAL GENERAL MEETING   
EQ,SMLISUZU,SML Isuzu Limited, ,07/09/2024,13/09/2024,06/09/2024, , ,ANNUAL GENERAL MEETING   
EQ,INDTERRAIN,Ind Terrain Fashions Ltd, ,10/09/2024,16/09/2024,09/09/2024, , ,ANNUAL GENERAL MEETING   
EQ,TRITURBINE,Triveni Turbine Limited, ,07/09/2024,13/09/2024,06/09/2024, , ,ANNUAL GENERAL MEETING   
EQ,TREEHOUSE,Tree House Edu Ltd, ,06/09/2024,12/09/2024,05/09/2024, , ,ANNUAL GENERAL MEETING   
EQ,TBZ,Trib Bhimji Zaveri Ltd, ,04/09/2024,10/09/2024,03/09/2024, , ,AGM/DIV - RS 1.75 PER SH 
EQ,VSSL,Vardhman Spc Steel Ltd, ,07/09/2024,14/09/2024,06/09/2024, , ,AGM/DIV - RS 2 PER SH    
EQ,SNOWMAN,Snowman Logistics Ltd., ,11/09/2024,19/09/2024,10/09/2024, , ,ANNUAL GENERAL MEETING   
EQ,CAPLIPOINT,Caplin Point Lab Ltd.,23/09/2024, , ,23/09/2024, , ,DIV - RS 2.50 PER SH     
EQ,CAPLIPOINT,Caplin Point Lab Ltd., ,24/09/2024,30/09/2024,23/09/2024, , ,ANNUAL GENERAL MEETING   
EQ,AGARIND,Agarwal Inds Corp Ltd., ,07/09/2024,13/09/2024,06/09/2024, , ,DIV - RS 3 PER SH        
EQ,GULFPETRO,GP Petroleums Limited, ,12/09/2024,18/09/2024,11/09/2024, , ,ANNUAL GENERAL MEETING   
EQ,FCL,Fineotex Chemical Limited, ,04/09/2024,10/09/2024,03/09/2024, , ,ANNUAL GENERAL MEETING   
EQ,GANECOS,Ganesha Ecosphere Limited, ,04/09/2024,10/09/2024,03/09/2024, , ,AGM/DIV - RS 3 PER SH    
EQ,MANAKSTEEL,Manaksia Steels Ltd, ,12/09/2024,18/09/2024,11/09/2024, , ,ANNUAL GENERAL MEETING   
EQ,VEDL,Vedanta Limited,10/09/2024, , ,10/09/2024, , ,INTDIV - RS 20 PER SH    
EQ,LAMBODHARA,Lambodhara Textiles Ltd., ,10/09/2024,16/09/2024,09/09/2024, , ,AGM/DIV - RE 0.5 PER SH  
EQ,POWERMECH,Power Mech Projects Ltd.,08/10/2024, , ,08/10/2024, , ,BONUS 1:1                
EQ,INFIBEAM,Infibeam Avenues Limited,11/09/2024, , ,11/09/2024, , ,DEMERGER                 
EQ,BLS,BLS Intl Servs Ltd, ,06/09/2024,12/09/2024,05/09/2024, , ,AGM/DIV - RE 0.50 PER SH 
EQ,SABEVENTS,Sab Events & Governance, ,10/09/2024,16/09/2024,09/09/2024, , ,ANNUAL GENERAL MEETING   
EQ,QUESS,Quess Corp Limited, ,10/09/2024,16/09/2024,09/09/2024, , ,ANNUAL GENERAL MEETING   
EQ,PARAGMILK,Parag Milk Foods Ltd., ,05/09/2024,11/09/2024,04/09/2024, , ,ANNUAL GENERAL MEETING   
EQ,5PAISA,5paisa Capital Limited, ,04/09/2024,10/09/2024,03/09/2024, , ,ANNUAL GENERAL MEETING   
EQ,CLEDUCATE,CL Educate Limited, ,11/09/2024,17/09/2024,10/09/2024, , ,ANNUAL GENERAL MEETING   
EQ,MASFIN,MAS Financial Serv Ltd, ,05/09/2024,11/09/2024,04/09/2024, , ,AGM/DIV - RE 0.51 PER SH 
EQ,VBL,Varun Beverages Limited,12/09/2024, , ,12/09/2024, , ,FV SPLT FRM RS 5 TO RS 2 
EQ,HISARMETAL,Hisar Metal Ind. Limited, ,10/09/2024,20/09/2024,09/09/2024, , ,AGM/DIV - RE 1 PER SH    
EQ,GICRE,General Ins Corp of India,11/09/2024, , ,11/09/2024, , ,DIV - RS 10 PER SH       
EQ,IRCON,Ircon International Ltd, ,06/09/2024,12/09/2024,05/09/2024, , ,AGM/DIV - RS 1.30 PER SH 
EQ,NILASPACES,Nila Spaces Limited, ,10/09/2024,16/09/2024,09/09/2024, , ,ANNUAL GENERAL MEETING   
EQ,RITES,RITES Limited, ,06/09/2024,12/09/2024,05/09/2024, , ,ANNUAL GENERAL MEETING   
EQ,RITES,RITES Limited,20/09/2024, , ,20/09/2024, , ,BONUS 1:1                
EQ,ANDHRAPAP,ANDHRA PAPER LIMITED,11/09/2024, , ,11/09/2024, , ,FVSPLT FRM RS 10 TO RS 2 
EQ,GEEKAYWIRE,Geekay Wires Limited, ,06/09/2024,12/09/2024,05/09/2024, , ,ANNUAL GENERAL MEETING   
EQ,MSTCLTD,MSTC Limited, ,11/09/2024,18/09/2024,10/09/2024, , ,AGM/DIV - RS 5 PER SH    
EQ,RGL,Renaissance Global Ltd, ,05/09/2024,12/09/2024,04/09/2024, , ,ANNUAL GENERAL MEETING   
EQ,PRINCEPIPE,Prince Pipes Fittings Ltd, ,05/09/2024,11/09/2024,04/09/2024, , ,AGM/DIV - RE 1 PER SH    
EQ,TATVA,Tatva Chin Pharm Chem Ltd, ,07/09/2024,20/09/2024,06/09/2024, , ,ANNUAL GENERAL MEETING   
EQ,DRCSYSTEMS,DRC Systems India Limited, ,10/09/2024,17/09/2024,09/09/2024, , ,ANNUAL GENERAL MEETING   
EQ,SGIL,Synergy Green Ind. Ltd,11/09/2024, , ,11/09/2024, , ,RIGHTS 1:10@PRM RS 315/- 
EQ,AJOONI,Ajooni Biotech Limited, ,11/09/2024,17/09/2024,10/09/2024, , ,ANNUAL GENERAL MEETING   
EQ,MANORG,Mangalam Organics Limited, ,07/09/2024,14/09/2024,06/09/2024, , ,ANNUAL GENERAL MEETING   
EQ,RPPL,Rajshree PolyPack Ltd,18/09/2024, , ,18/09/2024, , ,FVSPLT FRM RS 10 TO RS 5 
EQ,SURYODAY,Suryoday Small Fin Bk Ltd, ,06/09/2024,12/09/2024,05/09/2024, , ,ANNUAL GENERAL MEETING   
EQ,GMRP&UI,GMR Pow and Urban Infra L, ,06/09/2024,16/09/2024,05/09/2024, , ,ANNUAL GENERAL MEETING   
EQ,MEGASTAR,Megastar Foods Limited, ,06/09/2024,12/09/2024,05/09/2024, , ,ANNUAL GENERAL MEETING   
EQ,HERANBA,Heranba Industries Ltd, ,06/09/2024,12/09/2024,05/09/2024, , ,ANNUAL GENERAL MEETING   
EQ,GATEWAY,Gateway Distriparks Ltd, ,08/09/2024,19/09/2024,06/09/2024, , ,ANNUAL GENERAL MEETING   
EQ,SILVERTUC,Silver Touch Techno Ltd, ,06/09/2024,12/09/2024,05/09/2024, , ,ANNUAL GENERAL MEETING   
EQ,RELCHEMQ,Reliance Chemotex Ind Ltd, ,05/09/2024,11/09/2024,04/09/2024, , ,AGM/DIV - RE 1 PER SH    
EQ,ZODIAC,Zodiac Energy Limited, ,07/09/2024,13/09/2024,06/09/2024, , ,ANNUAL GENERAL MEETING   
EQ,AGI,HSIL Limited, ,12/09/2024,18/09/2024,11/09/2024, , ,AGM/DIV - RS 6 PER SH    
EQ,KIMS,Krishna Inst of Med Sci L,13/09/2024, , ,13/09/2024, , ,FVSPLT FRM RS 10 TO RS 2 
EQ,BCLIND,BCL Industries Limited,11/09/2024, , ,11/09/2024, , ,DIV - RE 0.25 PER SH     
EQ,RHIM,RHI MAGNESITA INDIA LTD, ,06/09/2024,13/09/2024,05/09/2024, , ,DIV - RS 2.50 PER SH     
EQ,OSIAHYPER,Osia Hyper Retail Ltd, ,13/09/2024,19/09/2024,12/09/2024, , ,ANNUAL GENERAL MEETING   
EQ,SPORTKING,Sportking India Limited,13/09/2024, , ,13/09/2024, , ,FVSPLT FRM RS10 TO RE1   
EQ,SYRMA,Syrma SGS Technology Ltd,10/09/2024, , ,10/09/2024, , ,DIV - RS 1.50  PER SH    
EQ,SYRMA,Syrma SGS Technology Ltd, ,11/09/2024,17/09/2024,10/09/2024, , ,ANNUAL GENERAL MEETING   
EQ,POCL,Pondy Oxides & Chem Ltd, ,12/09/2024,18/09/2024,11/09/2024, , ,AGM/DIV - RS 5 PER SH    
EQ,ASHOKAMET,Ashoka Metcast Limited, ,07/09/2024,12/09/2024,06/09/2024, , ,ANNUAL GENERAL MEETING   
EQ,SENCO,Senco Gold Limited, ,07/09/2024,13/09/2024,06/09/2024, , ,ANNUAL GENERAL MEETING   
EQ,SANDUMA,Sandur Mang & Iron Ores L,11/09/2024, , ,11/09/2024, , ,DIV - RE 1 PER SH        
EQ,HEADSUP,The Mandhana Ret Vent Ltd, ,06/09/2024,12/09/2024,05/09/2024, , ,ANNUAL GENERAL MEETING   
EQ,JWL,Commercial Eng & Co. Ltd, ,06/09/2024,12/09/2024,05/09/2024, , ,ANNUAL GENERAL MEETING   
EQ,BLAL,BEML Land Assets Limited, ,10/09/2024,16/09/2024,09/09/2024, , ,ANNUAL GENERAL MEETING   
EQ,AAATECH,AAA Technologies Limited, ,08/09/2024,14/09/2024,06/09/2024, , ,ANNUAL GENERAL MEETING   
EQ,ACLGATI,GATI Limited, ,03/09/2024,10/09/2024,02/09/2024, , ,ANNUAL GENERAL MEETING   
EQ,SCILAL,Shipping Corp of ILA Ltd, ,07/09/2024,20/09/2024,06/09/2024, , ,ANNUAL GENERAL MEETING   
EQ,BLSE,BLS E-Services Limited, ,04/09/2024,10/09/2024,03/09/2024, , ,ANNUAL GENERAL MEETING   
EQ,NDLVENTURE,NXTDIGITAL LIMITED, ,07/09/2024,13/09/2024,06/09/2024, , ,ANNUAL GENERAL MEETING   
GB,SGBSEP24,2.75% GOLDBONDS2024Tr-V,26/09/2024, , , , , ,REDEMPTION               
GS,GS200924C,GOI STRIPS C 200924,18/09/2024, , , , , ,REDEMPTION               
GS,GS150924C,GOI STRIPS C 150924,11/09/2024, , , , , ,REDEMPTION               
K1,SHAREINDIA,Share Ind. Securities Ltd,11/09/2024, , , , , ,CONVERSION               
M3,IBULHSG,Sec Re NCD 9.25% Sr II,12/09/2024, , ,12/09/2024, , ,INTEREST PAYMENT         
MD,IBULHSG,Sec Re NCD 9.25% Sr VIII,12/09/2024, , ,12/09/2024, , ,INTEREST PAYMENT         
MG,IBULHSG,Sec Re NCD 9.71% Sr VIII,12/09/2024, , ,12/09/2024, , ,INTEREST PAYMENT         
MM,IBULHSG,Sec Re NCD 10.25% Sr XII,12/09/2024, , ,12/09/2024, , ,INTEREST PAYMENT         
MQ,IBULHSG,Sec Re NCD 9.25% Sr II,11/09/2024, , ,11/09/2024, , ,INTEREST PAYMENT         
MU,IBULHSG,Sec Re NCD 9.02% Sr V,11/09/2024, , ,11/09/2024, , ,INTEREST PAYMENT         
MV,IBULHSG,Sec Re NCD 9.48% Sr V,11/09/2024, , ,11/09/2024, , ,INTEREST PAYMENT         
MZ,IBULHSG,Sec Re NCD 9.25% Sr VIII,11/09/2024, , ,11/09/2024, , ,INTEREST PAYMENT         
N1,IBULHSG,Sec Re NCD 10.25% Sr XI,11/09/2024, , ,11/09/2024, , ,INT PAYMENT/PART REDEMPTN
N2,IBULHSG,Sec Re NCD 10.75% Sr XI,11/09/2024, , ,11/09/2024, , ,INT PAYMENT/PART REDEMPTN
N3,IBULHSG,Sec Re NCD 9.80% Sr XII,11/09/2024, , ,11/09/2024, , ,INT PAYMENT/PART REDEMPTN
N4,IBULHSG,Sec Re NCD 10.25% Sr XII,11/09/2024, , ,11/09/2024, , ,INT PAYMENT/PART REDEMPTN
N5,IBULHSG,Sec Re NCD 9.25% Sr II,11/09/2024, , ,11/09/2024, , ,INTEREST PAYMENT         
N6,IBULHSG,Sec Re NCD 9.40% Sr IV,11/09/2024, , ,11/09/2024, , ,INT PAYMENT/PART REDEMPTN
N6,UGROCAP,Sec Red NCD 10.35% Sr. II,11/09/2024, , ,11/09/2024, , ,INTEREST PAYMENT         
N7,UGROCAP,Sec Red NCD 10.50% Sr.III,11/09/2024, , ,11/09/2024, , ,INTEREST PAYMENT         
N7,IBULHSG,Sec Re NCD 9.90% Sr IV,11/09/2024, , ,11/09/2024, , ,INT PAYMNT/PART REDEMPTN 
N8,IBULHSG,Sec Re NCD 9.02% Sr V,11/09/2024, , ,11/09/2024, , ,INT PAYMENT/PART REDEMPTN
N9,SAMMAANCAP,Sec Red NCD 8.85% Sr. VI,11/09/2024, , ,11/09/2024, , ,INTEREST PAYMENT         
N9,IBULHSG,Sec Re NCD 9.48% Sr V,11/09/2024, , ,11/09/2024, , ,INT PAYMENT/PART REDEMPTN
NA,IBUCCREDIT,SeReNCD8.75%SrVICI&II,10/09/2024, , ,10/09/2024, , ,INTEREST PAYMENT         
NA,SAMMAANCAP,Sec Red NCD 9.0% Sr. VI,11/09/2024, , ,11/09/2024, , ,INTEREST PAYMENT         
NB,IBUCCREDIT,SeReNCD8.84%SrVICIII&IV,10/09/2024, , ,10/09/2024, , ,INTEREST PAYMENT         
NC,IBUCCREDIT,SeReNCD9.10%SrVIICI&II,10/09/2024, , ,10/09/2024, , ,INTEREST PAYMENT         
NC,IBULHSG,Sec Re NCD 9.57% Sr X,11/09/2024, , ,11/09/2024, , ,INT PAYMENT/PART REDEMPTN
ND,IBUCCREDIT,SeReNCD9.20%SrVIICIII&IV,10/09/2024, , ,10/09/2024, , ,INTEREST PAYMENT         
ND,IBULHSG,Sec Re NCD 10.03% Sr X,11/09/2024, , ,11/09/2024, , ,INT PAYMENT/PART REDEMPTN
ND,SAMMAANCAP,Uns Red NCD 9.0% Sr. IX,11/09/2024, , ,11/09/2024, , ,INTEREST PAYMENT         
NE,SAMMAANCAP,Uns Red NCD 9.15% Sr.IX,11/09/2024, , ,11/09/2024, , ,INTEREST PAYMENT         
NR,IBUCCREDIT,Sec Re NCD 9.57% Sr.II,10/09/2024, , ,10/09/2024, , ,INTEREST PAYMENT         
NU,IBUCCREDIT,Sec Re NCD 9.80% Sr.V,10/09/2024, , ,10/09/2024, , ,INTEREST PAYMENT         
NX,DHANILOANS,Sec Re NCD 10.49% Sr.VII,10/09/2024, , ,10/09/2024, , ,INTEREST PAYMENT         
NY,IBUCCREDIT,Sec Re NCD 9.57% Sr.VIII,10/09/2024, , ,10/09/2024, , ,INTEREST PAYMENT         
NZ,IBUCCREDIT,Sec Re NCD 10.03% Sr.VIII,10/09/2024, , ,10/09/2024, , ,INTEREST PAYMENT         
SG,568MH24,SDL MH 5.68% 2024,20/09/2024, , , , , ,REDEMPTION               
SG,57BR24,SDL BR 5.7% 2024,11/09/2024, , , , , ,REDEMPTION               
SG,575AP24,SDL AP 5.75% 2024,26/09/2024, , , , , ,REDEMPTION               
SG,579KL24,SDL KL 5.79% 2024,26/09/2024, , , , , ,REDEMPTION               
SG,57MH24,SDL MH 5.7% 2024,11/09/2024, , , , , ,REDEMPTION               
SM,ABINFRA,A B Infrabuild Limited, ,12/09/2024,17/09/2024,11/09/2024, , ,ANNUAL GENERAL MEETING   
SM,VMARCIND,V Marc India Limited, ,05/09/2024,12/09/2024,04/09/2024, , ,ANNUAL GENERAL MEETING   
SM,INNOVATIVE,Innovative Tyres & Tubes, ,11/09/2024,23/09/2024,10/09/2024, , ,ANNUAL GENERAL MEETING   
SM,DURLAX,Durlax Top Surface Ltd, ,10/09/2024,15/09/2024,09/09/2024, , ,ANNUAL GENERAL MEETING   
SM,PRLIND,Premier Roadlines Limited, ,11/09/2024,18/09/2024,10/09/2024, , ,ANNUAL GENERAL MEETING   
SM,SHANTHALA,Shanthala FMCG Products L, ,12/09/2024,19/09/2024,11/09/2024, , ,ANNUAL GENERAL MEETING   
SM,DUCOL,Ducol Orgs and Colours Lt, ,06/09/2024,13/09/2024,05/09/2024, , ,AGM/DIV - RE 0.50 PER SH 
SM,PENTAGON,Pentagon Rubber Limited, ,07/09/2024,13/09/2024,06/09/2024, , ,ANNUAL GENERAL MEETING   
SQ,PENTAGON,Pentagon Rubber Limited, ,07/09/2024,13/09/2024,06/09/2024, , ,ANNUAL GENERAL MEETING   
SQ,DUCOL,Ducol Orgs and Colours Lt, ,06/09/2024,13/09/2024,05/09/2024, , ,AGM/DIV - RE 0.50 PER SH 
SQ,INNOVATIVE,Innovative Tyres & Tubes, ,11/09/2024,23/09/2024,10/09/2024, , ,ANNUAL GENERAL MEETING   
SQ,PRLIND,Premier Roadlines Limited, ,11/09/2024,18/09/2024,10/09/2024, , ,ANNUAL GENERAL MEETING   
SQ,VMARCIND,V Marc India Limited, ,05/09/2024,12/09/2024,04/09/2024, , ,ANNUAL GENERAL MEETING   
SQ,DURLAX,Durlax Top Surface Ltd, ,10/09/2024,15/09/2024,09/09/2024, , ,ANNUAL GENERAL MEETING   
SQ,SHANTHALA,Shanthala FMCG Products L, ,12/09/2024,19/09/2024,11/09/2024, , ,ANNUAL GENERAL MEETING   
SQ,ABINFRA,A B Infrabuild Limited, ,12/09/2024,17/09/2024,11/09/2024, , ,ANNUAL GENERAL MEETING   
ST,ABINFRA,A B Infrabuild Limited, ,12/09/2024,17/09/2024,11/09/2024, , ,ANNUAL GENERAL MEETING   
ST,INNOVATIVE,Innovative Tyres & Tubes, ,11/09/2024,23/09/2024,10/09/2024, , ,ANNUAL GENERAL MEETING   
ST,DURLAX,Durlax Top Surface Ltd, ,10/09/2024,15/09/2024,09/09/2024, , ,ANNUAL GENERAL MEETING   
ST,SHANTHALA,Shanthala FMCG Products L, ,12/09/2024,19/09/2024,11/09/2024, , ,ANNUAL GENERAL MEETING   
ST,DUCOL,Ducol Orgs and Colours Lt, ,06/09/2024,13/09/2024,05/09/2024, , ,AGM/DIV - RE 0.50 PER SH 
ST,PENTAGON,Pentagon Rubber Limited, ,07/09/2024,13/09/2024,06/09/2024, , ,ANNUAL GENERAL MEETING   
ST,VMARCIND,V Marc India Limited, ,05/09/2024,12/09/2024,04/09/2024, , ,ANNUAL GENERAL MEETING   
ST,PRLIND,Premier Roadlines Limited, ,11/09/2024,18/09/2024,10/09/2024, , ,ANNUAL GENERAL MEETING   
U1,IBULHSG,Sec Re NCD 10.25% Sr XI,11/09/2024, , ,11/09/2024, , ,INT PAYMENT/PART REDEMPTN
U2,IBULHSG,Sec Re NCD 10.75% Sr XI,11/09/2024, , ,11/09/2024, , ,INT PAYMENT/PART REDEMPTN
U3,IBULHSG,Sec Re NCD 9.80% Sr XII,11/09/2024, , ,11/09/2024, , ,INT PAYMENT/PART REDEMPTN
U5,IBULHSG,Sec Re NCD 9.25% Sr II,11/09/2024, , ,11/09/2024, , ,INTEREST PAYMENT         
U6,UGROCAP,Sec Red NCD 10.35% Sr. II,11/09/2024, , ,11/09/2024, , ,INTEREST PAYMENT         
U6,IBULHSG,Sec Re NCD 9.40% Sr IV,11/09/2024, , ,11/09/2024, , ,INT PAYMENT/PART REDEMPTN
U7,UGROCAP,Sec Red NCD 10.50% Sr.III,11/09/2024, , ,11/09/2024, , ,INTEREST PAYMENT         
U7,IBULHSG,Sec Re NCD 9.90% Sr IV,11/09/2024, , ,11/09/2024, , ,INT PAYMNT/PART REDEMPTN 
U8,IBULHSG,Sec Re NCD 9.02% Sr V,11/09/2024, , ,11/09/2024, , ,INT PAYMENT/PART REDEMPTN
U9,IBULHSG,Sec Re NCD 9.48% Sr V,11/09/2024, , ,11/09/2024, , ,INT PAYMENT/PART REDEMPTN
U9,SAMMAANCAP,Sec Red NCD 8.85% Sr. VI,11/09/2024, , ,11/09/2024, , ,INTEREST PAYMENT         
UA,IBUCCREDIT,SeReNCD8.75%SrVICI&II,10/09/2024, , ,10/09/2024, , ,INTEREST PAYMENT         
UA,SAMMAANCAP,Sec Red NCD 9.0% Sr. VI,11/09/2024, , ,11/09/2024, , ,INTEREST PAYMENT         
UB,IBUCCREDIT,SeReNCD8.84%SrVICIII&IV,10/09/2024, , ,10/09/2024, , ,INTEREST PAYMENT         
UC,IBULHSG,Sec Re NCD 9.57% Sr X,11/09/2024, , ,11/09/2024, , ,INT PAYMENT/PART REDEMPTN
UC,IBUCCREDIT,SeReNCD9.10%SrVIICI&II,10/09/2024, , ,10/09/2024, , ,INTEREST PAYMENT         
UD,SAMMAANCAP,Uns Red NCD 9.0% Sr. IX,11/09/2024, , ,11/09/2024, , ,INTEREST PAYMENT         
UD,IBULHSG,Sec Re NCD 10.03% Sr X,11/09/2024, , ,11/09/2024, , ,INT PAYMENT/PART REDEMPTN
UD,IBUCCREDIT,SeReNCD9.20%SrVIICIII&IV,10/09/2024, , ,10/09/2024, , ,INTEREST PAYMENT         
UE,SAMMAANCAP,Uns Red NCD 9.15% Sr.IX,11/09/2024, , ,11/09/2024, , ,INTEREST PAYMENT         
UR,IBUCCREDIT,Sec Re NCD 9.57% Sr.II,10/09/2024, , ,10/09/2024, , ,INTEREST PAYMENT         
UU,IBUCCREDIT,Sec Re NCD 9.80% Sr.V,10/09/2024, , ,10/09/2024, , ,INTEREST PAYMENT         
UX,DHANILOANS,Sec Re NCD 10.49% Sr.VII,10/09/2024, , ,10/09/2024, , ,INTEREST PAYMENT         
UY,IBUCCREDIT,Sec Re NCD 9.57% Sr.VIII,10/09/2024, , ,10/09/2024, , ,INTEREST PAYMENT         
UZ,IBUCCREDIT,Sec Re NCD 10.03% Sr.VIII,10/09/2024, , ,10/09/2024, , ,INTEREST PAYMENT         
W1,SHAREINDIA,Share Ind. Securities Ltd,11/09/2024, , , , , ,CONVERSION               
Y3,IBULHSG,Sec Re NCD 9.25% Sr II,12/09/2024, , ,12/09/2024, , ,INTEREST PAYMENT         
YD,IBULHSG,Sec Re NCD 9.25% Sr VIII,12/09/2024, , ,12/09/2024, , ,INTEREST PAYMENT         
YG,IBULHSG,Sec Re NCD 9.71% Sr VIII,12/09/2024, , ,12/09/2024, , ,INTEREST PAYMENT         
YM,IBULHSG,Sec Re NCD 10.25% Sr XII,12/09/2024, , ,12/09/2024, , ,INTEREST PAYMENT         
YQ,IBULHSG,Sec Re NCD 9.25% Sr II,11/09/2024, , ,11/09/2024, , ,INTEREST PAYMENT         
YU,IBULHSG,Sec Re NCD 9.02% Sr V,11/09/2024, , ,11/09/2024, , ,INTEREST PAYMENT         
YV,IBULHSG,Sec Re NCD 9.48% Sr V,11/09/2024, , ,11/09/2024, , ,INTEREST PAYMENT         
YZ,IBULHSG,Sec Re NCD 9.25% Sr VIII,11/09/2024, , ,11/09/2024, , ,INTEREST PAYMENT         

