SYMBOL,SERIES,SECURITY,HIGH/LOW,INDEX FLAG
ABCOTS,SM,A B COTSPIN INDIA LIMITED,H
ACSAL,SM,ARVIND AND COMPANY,H
AERON,ST,AERON COMPOSITE LIMITED,H
AGUL,SM,A G UNIVERSAL LIMITED,H
AJOONI,BE,AJOONI BIOTECH LIMITED,H
AKUMS,EQ,AKUMS DRUGS AND PHARMA L,H
ALUWIND,ST,ALUWIND ARCHITECTURAL LTD,H
ANIKINDS,BE,ANIK INDUSTRIES LTD,H
ANSALAPI,BZ,ANSAL PROP & INFRA LTD,H
ANTGRAPHIC,BE,ANTARCTICA LTD,H
ASIANENE,EQ,ASIAN ENERGY SERVICES LTD,H
ASMS,EQ,BARTRONICS INDIA LIMITED,H
ATMASTCO,ST,ATMASTCO LIMITED,H
BANKA,EQ,BANKA BIOLOO LIMITED,H
BRNL,EQ,BHARAT ROAD NETWORK LTD,H
BROOKS,BE,BROOKS LAB LIMITED,H
CALSOFT,EQ,CALIFORNIA SOFTWARE CO LT,H
CAREERP,BE,CAREER POINT LIMITED,H
CCCL,EQ,CONS. CONST. CONSORT LTD,H
CELLECOR,SM,CELLECOR GADGETS LIMITED,H
CONTI,ST,CONTINENTAL SEED CHEM LTD,H
DESTINY,ST,DESTINY LOGISTICS & I LTD,H
DJML,BE,DJ MEDIAPRINT & LOG LTD,H
DRCSYSTEMS,BE,DRC SYSTEMS INDIA LIMITED,H
DYNAMIC,SM,DYNAMIC SRVCS & SEC LTD,H
EFFWA,SM,EFFWA INFRA & RESEARCH L,H
ELECTHERM,BE,ELECTROTHERM (I) LTD.,H
ESFL,SM,ESSEN SPECIALITY FILMS L,H
ESSARSHPNG,BE,ESSAR SHIPPING LTD,H
EXICOM,BE,EXICOM TELE SYSTEMS LTD,H
FEL,BZ,FUTURE ENTERPRISES LTD,H
FELDVR,BE,FUTURE ENTERPRISES LTD,H
FLEXITUFF,BE,FLEXITUFF VENTURES INT L,H
GATECH,EQ,GACM TECHNOLOGIES LIMITED,H
GATECHDVR,BE,GACM TECHNOLOGIES LIMITED,H
GET&D,BE,GE T&D INDIA LIMITED,H
GLOBALE,EQ,GLOBALE TESSILE LIMITED,H
GLOBALVECT,BE,GLOBAL VEC HELICORP LTD,H
GLOBE,BE,GLOBE TEXTILES (I) LTD.,H
GOENKA,BZ,GOENKA DIAMOND&JEWELS LTD,H
GOPAL,EQ,GOPAL SNACKS LIMITED,H
GOYALSALT,SM,GOYAL SALT LIMITED,H
GRAPHISAD,SM,GRAPHISADS LIMITED,H
GTLINFRA,EQ,GTL INFRA.LTD,H
GVKPIL,BE,GVK POW. & INFRA LTD.,H
HERITGFOOD,EQ,HERITAGE FOODS LTD,H
HINDNATGLS,BE,HIND NATL GLASS & IND LTD,H
HIRECT,EQ,HIND RECTIFIER LIMITED,H
HOVS,BE,HOV SERVICES LTD,H
HRHNEXT,SM,HRH NEXT SERVICES LIMITED,H
IDEALTECHO,ST,IDEAL TECHNOPLAST IND LTD,H
INDOTHAI,BE,INDO THAI SEC LTD,H
INSPIRISYS,BE,INSPIRISYS SOLUTIONS LTD,H
IPSL,SM,INTEGRATED PERSO SER LTD,H
IRIS,BE,IRIS BUSINESS SERV LTD,H
ISHAN,ST,ISHAN INTERNATIONAL LTD,H
KAYA,BE,KAYA LIMITED,H
KDL,ST,KORE DIGITAL LIMITED,H
KEEPLEARN,BE,DSJ KEEP LEARNING LTD,H
KKVAPOW,SM,KKV AGRO POWERS LTD.,H
KODYTECH,SM,KODY TECHNOLAB LIMITED,H
KREBSBIO,BE,KREBS BIOCHEMICALS & IND,H
KRISHIVAL,SM,KRISHIVAL FOODS LIMITED,H
KRISHNADEF,ST,KRISHNA DEF AND ALD IND L,H
KRITIKA,EQ,KRITIKA WIRES LIMITED,H
LAKPRE,BZ,LAKSHMI PRE SCRE LTD,H
LOVABLE,BE,LOVABLE LINGERIE LTD,H
LRRPL,ST,LEAD REC AND RUB PROD LTD,H
LYPSAGEMS,BE,LYPSA GEMS & JEWEL LTD,H
MADHUCON,BE,MADHUCON PROJECTS LTD.,H
MAHASTEEL,BE,MAHAMAYA STEEL INDS LTD,H
MANAV,SM,MANAV INFRA PROJECTS LTD,H
MARSHALL,EQ,MARSHALL MACHINES LTD,H
MASKINVEST,BE,MASK INVESTMENTS LIMITED,H
MEGAFLEX,SM,MEGA FLEX PLASTICS LTD,H
MEGATHERM,ST,MEGATHERM INDUCTION LTD,H
MFML,EQ,MAHALAXMI FABRIC MILLS LT,H
MILTON,SM,MILTON INDUSTRIES LIMITED,H
MKPL,BE,M K PROTEINS LIMITED,H
MODIRUBBER,EQ,MODI RUBBER LTD,H
MODTHREAD,BE,MODERN THREADS INDIA LTD,H
MTNL,EQ,MAHANAGAR TELEPHONE NIGAM,H
NAHARPOLY,BE,NAHAR POLY FILMS LIMITED,H
NEXTMEDIA,BE,NEXT MEDIAWORKS LIMITED,H
NIRAJ,EQ,NIRAJ CEMENT STRUC LTD,H
NKIND,EQ,NK INDUSTRIES LTD,H
NORBTEAEXP,EQ,NORBEN TEA & EXPORTS LTD,H
ORIENTTECH,BE,ORIENT TECHNOLOGIES LTD,H
OSWALAGRO,BE,OSWAL AGRO MILLS LTD,H
PANSARI,BE,PANSARI DEVELOPERS LTD,H
PARASPETRO,BE,PARAS PETROFILS LTD.,H
PASUPTAC,EQ,PASUPATI ACRYLON LIMITED,H
PLASTIBLEN,BE,PLASTIBLENDS INDIA LTD,H
POCL,EQ,PONDY OXIDES & CHEM LTD,H
PRAXIS,BE,PRAXIS HOME RETAIL LTD,H
PREMIER,BE,PREMIER LIMITED,H
PRSMJOHNSN,EQ,PRISM JOHNSON LIMITED,H
PRUDMOULI,EQ,PRUDENTIAL SUGAR CORPORAT,H
PULZ,SM,PULZ ELECTRONICS LIMITED,H
RADAAN,EQ,RADAAN MEDIAWORKS (I) LTD,H
RADHIKAJWE,EQ,RADHIKA JEWELTECH LIMITED,H
RBMINFRA,SM,RBM INFRACON LIMITED,H
RELIABLE,BE,RELIABLE DATA SERVICE LTD,H
RELTD,EQ,RAVINDRA ENERGY LIMITED,H
RHFL,EQ,RELIANCE HOME FINANCE LTD,H
RKEC,BE,RKEC PROJECTS LIMITED,H
RTNPOWER,EQ,RATTANINDIA POWER LIMITED,H
RVHL,BE,RAVINDER HEIGHTS LIMITED,H
SANCO,BZ,SANCO INDUSTRIES LIMITED,H
SANWARIA,BZ,SANWARIA CONSUMER LIMITED,H
SARVESHWAR,EQ,SARVESHWAR FOODS LIMITED,H
SECL,SM,SALASAR EXTERIOR CONT LTD,H
SGL,BE,STL GLOBAL LIMITED,H
SHIGAN,SM,SHIGAN QUANTUM TECH LTD,H
SHREEPUSHK,BE,SHRE PUSH CHEM & FERT LTD,H
SHREERAMA,BE,SHREE RAMA MULTI TECH LTD,H
SIKKO,BE,SIKKO INDUSTRIES LIMITED,H
SILKFLEX,SM,SILKFLEX POLYMERS INDIA L,H
SILLYMONKS,BE,SILLY MONKS ENTERTAIN LTD,H
SIMPLEXINF,EQ,SIMPLEX INFRASTRUCTURES L,H
SINDHUTRAD,EQ,SINDHU TRADE LINKS LTD,H
SOLARAPP,X1,SOLAR ACT RS.3.50 PPD UP,H
SPRL,ST,SP REFRACTORIES LIMITED,H
SUPERSPIN,EQ,SUPER SPINNING MILLS LTD,H
SUPREMEINF,BZ,SUPREME INFRA. LTD,H
SUULD,BE,SUUMAYA INDUSTRIES LTD,H
SUZLON,EQ,SUZLON ENERGY LIMITED,H
SVLL,BE,SHREE VASU LOGISTICS LTD,H
SWSOLAR,EQ,STRLNG & WIL REN ENE LTD,H
TAINWALCHM,BE,TAINWALA CHEMICAL AND PLA,H
TIMESCAN,SM,TIMESCAN LOGISTICS IND L,H
TIRUPATIFL,BE,TIRUPATI FORGE LIMITED,H
UMESLTD,BE,USHA MARTIN EDU & SOL LTD,H
USK,BE,UDAYSHIVAKUMAR INFRA LTD,H
VCL,BE,VAXTEX COTFAB LIMITED,H
VERANDA,BE,VERANDA LEARNING SOL LTD,H
VINNY,BE,VINNY OVERSEAS LIMITED,H
VIVIANA,ST,VIVIANA POWER TECH LTD,H
VIVIDHA,EQ,VISAGAR POLYTEX LTD,H
VLEGOV,EQ,VL E GOV AND IT SOL LTD,H
VRAJ,EQ,VRAJ IRON AND STEEL LTD,H
VSTL,BE,VIBHOR STEEL TUBES LTD,H
WINDMACHIN,EQ,WINDSOR MACHINES LIMITED,H
WINSOME,BE,WINSOME YARNS LIMITED,H
ZENITHSTL,BE,ZENITH STEEL PIP IND LTD,H
676GS2061,GS,GOI LOAN  6.76% 2061,L
ABCOTS,SM,A B COTSPIN INDIA LIMITED,L
AERON,ST,AERON COMPOSITE LIMITED,L
AJOONI,BE,AJOONI BIOTECH LIMITED,L
AKI,EQ,AKI INDIA LIMITED,L
AKSH-RE,BE,AKSHAR SPINTEX LIMITED,L
AKSHAR,BE,AKSHAR SPINTEX LIMITED,L
BASILIC,ST,BASILIC FLY STUDIO LTD,L
BLUECHIP,BE,BLUE CHIP INDIA LIMITED,L
BOSS,ST,BOSS PACKAGING SOLU LTD,L
CALSOFT,EQ,CALIFORNIA SOFTWARE CO LT,L
CCHHL,BE,COUNTRY CLUB HOSP HOL LTD,L
CELLECOR,SM,CELLECOR GADGETS LIMITED,L
CHEMFAB,EQ,CHEMFAB ALKALIS LIMITED,L
CMMIPL,ST,CMM INFRAPROJECTS LIMITED,L
CMRSL,SM,CYBER MEDIA RES & SER LTD,L
CORALFINAC,BE,CORAL INDIA FIN & HOUS LT,L
CROWN,BE,CROWN LIFTERS LIMITED,L
DEEPENR,BE,DEEP ENE RESOURCES LTD,L
E2E,BE,E2E NETWORKS LIMITED,L
FSC,BZ,FUTURE SUPP CHAIN SOL LTD,L
GANGAFORGE,EQ,GANGA FORGING LIMITED,L
GATECH,EQ,GACM TECHNOLOGIES LIMITED,L
GATECHDVR,BE,GACM TECHNOLOGIES LIMITED,L
GLOBALE,EQ,GLOBALE TESSILE LIMITED,L
GSMFOILS,ST,GSM FOILS LIMITED,L
GTECJAINX,BE,G-TEC JAINX EDUCATION LTD,L
GUJRAFFIA,EQ,GUJARAT RAFFIA INDUST LTD,L
IDEALTECHO,ST,IDEAL TECHNOPLAST IND LTD,L
INDOTECH,BE,INDO TECH TRANSFORM LTD.,L
IPHL,ST,INDIAN PHOSPHATE LIMITED,L
ISFT,BE,INTRASOFT TECH. LTD,L
ISHAN,ST,ISHAN INTERNATIONAL LTD,L
JALAN,ST,JALAN TRANSOLU. INDIA LTD,L
JAYBEE,ST,JAY BEE LAMINATIONS LTD,L
JEYYAM,ST,JEYYAM GLOBAL FOODS LTD,L
KAUSHALYA,BE,KAUSHALYA INFRA DEV LTD.,L
KCK,SM,KCK INDUSTRIES LTD,L
KERNEX,EQ,KERNEX MICROSYS(I) LTD,L
KITEX,EQ,KITEX GARMENTS LTD,L
LYPSAGEMS,BE,LYPSA GEMS & JEWEL LTD,L
MAITREYA,ST,MAITREYA MEDICARE LIMITED,L
MANAV,SM,MANAV INFRA PROJECTS LTD,L
MANOMAY,BE,MANOMAY TEX INDIA LTD,L
MANORG,BE,MANGALAM ORGANICS LIMITED,L
NPST,SM,NETWORK PEOPLE SRV TECH L,L
OSWALSEEDS,BE,SHREEOSWAL S AND CHE LTD,L
PARAMATRIX,ST,PARAMATRIX TECHNOLOGIES L,L
QVCEL,ST,QVC EXPORTS LIMITED,L
RADHIKAJWE,EQ,RADHIKA JEWELTECH LIMITED,L
RAJRILTD,BE,RAJ RAYON INDUSTRIES LTD,L
RAJTV,BE,RAJ TV NETWORK LTD,L
RAYMONDLSL,BE,RAYMOND LIFESTYLE LIMITED,L
REFRACTORY,ST,REFRACTORY SHAPES LIMITED,L
RELIABLE,BE,RELIABLE DATA SERVICE LTD,L
RICHA,SM,RICHA INFO SYSTEMS LTD,L
RVHL,BE,RAVINDER HEIGHTS LIMITED,L
SADBHAV,EQ,SADBHAV ENGINEERING LTD,L
SADBHIN,BE,SADBHAV INFRA PROJ LTD.,L
SANCO,BZ,SANCO INDUSTRIES LIMITED,L
SANWARIA,BZ,SANWARIA CONSUMER LIMITED,L
SARTELE,SM,SAR TELEVENTURE LIMITED,L
SETUINFRA,BZ,SETUBANDHAN INFRA LTD,L
SINDHUTRAD,EQ,SINDHU TRADE LINKS LTD,L
SITINET,BE,SITI NETWORKS LIMITED,L
SONUINFRA,ST,SONU INFRATECH LIMITED,L
SSEGL,SM,SATHLOKHAR SYN E&C GLOB L,L
SUMEETINDS,BE,SUMEET IND LIMITED,L
SVLL,BE,SHREE VASU LOGISTICS LTD,L
SWARAJ,SM,SWARAJ SUITING LIMITED,L
TGL,ST,TEERTH GOPICON LIMITED,L
VCL,BE,VAXTEX COTFAB LIMITED,L
VDEAL,ST,VDEAL SYSTEM LIMITED,L
VMARCIND,SM,V MARC INDIA LIMITED,L
WALPAR,SM,WALPAR NUTRITIONS LIMITED,L
WEBELSOLAR,BE,WEBSOL ENERGY SYSTEM LTD,L
WINSOME,BE,WINSOME YARNS LIMITED,L
