GAIN_LOSS,SECURITY,CLOSE_PRIC,PREV_CL_PR,PERCENT_CG
 ,Nifty 50 Sec., , , 
 , , , , 
G,DIVI S LABORATORIES LTD,      5426.45,      5173.50,4.89
G,LTIMINDTREE LIMITED,      6343.35,      6146.60,3.2
G,BHARTI AIRTEL LIMITED,      1577.85,      1542.65,2.28
G,WIPRO LTD,       525.75,       514.85,2.12
G,HCL TECHNOLOGIES LTD,      1779.10,      1746.75,1.85
G,TECH MAHINDRA LIMITED,      1607.40,      1579.20,1.79
G,POWER GRID CORP. LTD.,       334.15,       328.55,1.7
G,NTPC LTD,       396.30,       389.85,1.65
G,AXIS BANK LIMITED,      1187.20,      1170.85,1.4
G,COAL INDIA LTD,       491.10,       484.45,1.37
G,TATA CONSULTANCY SERV LT,      4507.85,      4449.55,1.31
G,BAJAJ AUTO LIMITED,     10987.75,     10847.60,1.29
G,ADANI PORT & SEZ LTD,      1453.40,      1435.90,1.22
G,TITAN COMPANY LIMITED,      3727.40,      3684.55,1.16
G,TATA CONSUMER PRODUCT LTD,      1204.15,      1192.05,1.02
G,MARUTI SUZUKI INDIA LTD.,     12263.40,     12145.75,.97
G,INFOSYS LIMITED,      1912.30,      1894.65,.93
G,APOLLO HOSPITALS ENTER. L,      6921.55,      6860.70,.89
G,SUN PHARMACEUTICAL IND L,      1836.35,      1821.85,.8
G,ADANI ENTERPRISES LIMITED,      2986.40,      2964.15,.75
G,NESTLE INDIA LIMITED,      2535.50,      2516.75,.75
G,CIPLA LTD,      1632.00,      1620.15,.73
G,INDUSIND BANK LIMITED,      1435.55,      1428.10,.52
G,BRITANNIA INDUSTRIES LTD,      5969.90,      5939.45,.51
G,LARSEN & TOUBRO LTD.,      3596.15,      3578.30,.5
G,JSW STEEL LIMITED,       938.75,       934.25,.48
G,ASIAN PAINTS LIMITED,      3295.05,      3280.75,.44
G,ULTRATECH CEMENT LIMITED,     11541.05,     11494.35,.41
G,ITC LTD,       513.60,       511.75,.36
G,HDFC BANK LTD,      1650.35,      1646.50,.23
 , , , , 
L,HDFC LIFE INS CO LTD,       702.90,       735.80,-4.47
L,SBI LIFE INSURANCE CO LTD,      1853.45,      1901.75,-2.54
L,BAJAJ FINSERV LTD.,      1824.50,      1860.45,-1.93
L,SHRIRAM FINANCE LIMITED,      3260.05,      3315.70,-1.68
L,BAJAJ FINANCE LIMITED,      7241.85,      7347.45,-1.44
L,HERO MOTOCORP LIMITED,      5669.70,      5745.30,-1.32
L,OIL AND NATURAL GAS CORP.,       295.60,       298.90,-1.1
L,HINDUSTAN UNILEVER LTD.,      2898.60,      2921.80,-0.79
L,MAHINDRA & MAHINDRA LTD,      2690.00,      2708.85,-0.7
L,BHARAT PETROLEUM CORP  LT,       345.95,       347.80,-0.53
L,GRASIM INDUSTRIES LTD,      2702.55,      2710.35,-0.29
L,TATA MOTORS LIMITED,      1035.80,      1038.70,-0.28
L,EICHER MOTORS LTD,      4737.20,      4747.35,-0.21
L,STATE BANK OF INDIA,       782.65,       784.25,-0.2
L,DR. REDDY S LABORATORIES,      6650.40,      6655.90,-0.08
L,RELIANCE INDUSTRIES LTD,      2923.05,      2924.90,-0.06
L,TATA STEEL LIMITED,       149.42,       149.47,-0.03
 , , , , 
 ,Nifty Next 50 Sec., , , 
 , , , , 
G,TATA POWER CO LTD,       445.35,       417.85,6.58
G,JIO FIN SERVICES LTD,       351.50,       341.70,2.87
G,JINDAL STEEL & POWER LTD,       962.00,       945.80,1.71
G,ZOMATO LIMITED,       267.70,       263.20,1.71
G,HAVELLS INDIA LIMITED,      1922.45,      1892.40,1.59
G,BHARAT ELECTRONICS LTD,       285.75,       281.55,1.49
G,BOSCH LIMITED,     33534.00,     33105.70,1.29
G,SAMVRDHNA MTHRSN INTL LTD,       189.60,       187.36,1.2
G,GAIL (INDIA) LTD,       219.93,       217.75,1
G,INDIAN RAILWAY FIN CORP L,       169.75,       168.33,0.84
G,ZYDUS LIFESCIENCES LTD,      1113.20,      1104.15,0.82
G,INFO EDGE (I) LTD,      7476.70,      7418.60,0.78
G,GODREJ CONSUMER PRODUCTS,      1503.05,      1492.05,0.74
G,ADANI ENERGY SOLUTION LTD,      1014.00,      1007.05,0.69
G,HINDUSTAN AERONAUTICS LTD,      4685.40,      4656.85,0.61
G,MARICO LIMITED,       680.00,       676.00,0.59
G,INTERGLOBE AVIATION LTD,      4831.85,      4808.50,0.49
G,DABUR INDIA LTD,       665.25,       662.35,0.44
G,SIEMENS LTD,      6582.90,      6558.25,0.38
G,DLF LIMITED,       829.80,       826.75,0.37
G,INDIAN RAIL TOUR CORP LTD,       930.10,       927.00,0.33
G,ADANI POWER LTD,       637.05,       635.20,0.29
G,LIFE INSURA CORP OF INDIA,      1032.15,      1029.30,0.28
G,SRF LTD,      2536.15,      2529.15,0.28
G,INDIAN OIL CORP LTD,       175.55,       175.34,0.12
G,BANK OF BARODA,       235.70,       235.55,0.06
G,TRENT LTD,      7137.95,      7136.65,0.02
 , , , , 
L,VEDANTA LIMITED,       440.00,       460.25,-4.4
L,ICICI LOMBARD GIC LIMITED,      2161.10,      2232.40,-3.19
L,POWER FIN CORP LTD.,       510.75,       523.60,-2.45
L,REC LIMITED,       577.15,       590.05,-2.19
L,CHOLAMANDALAM IN & FIN CO,      1507.60,      1538.25,-1.99
L,ICICI PRU LIFE INS CO LTD,       746.00,       758.15,-1.6
L,PIDILITE INDUSTRIES LTD,      3231.45,      3273.95,-1.3
L,SBI CARDS & PAY SER LTD,       793.90,       802.35,-1.05
L,ADANI GREEN ENERGY LTD,      1849.70,      1865.75,-0.86
L,ABB INDIA LIMITED,      7535.70,      7600.90,-0.86
L,AMBUJA CEMENTS LTD,       627.05,       630.15,-0.49
L,CANARA BANK,       103.61,       104.02,-0.39
L,VARUN BEVERAGES LIMITED,      1520.00,      1525.85,-0.38
L,TVS MOTOR COMPANY  LTD,      2755.00,      2765.10,-0.37
L,AVENUE SUPERMARTS LIMITED,      5344.40,      5361.40,-0.32
L,COLGATE PALMOLIVE LTD.,      3670.75,      3681.80,-0.3
L,SHREE CEMENT LIMITED,     25725.15,     25798.60,-0.28
L,ADANI TOTAL GAS LIMITED,       813.55,       814.75,-0.15
L,TORRENT PHARMACEUTICALS L,      3426.15,      3431.10,-0.14
L,BAJAJ HOLDINGS & INVS LTD,     10343.85,     10357.10,-0.13
L,BERGER PAINTS (I) LTD,       601.75,       602.35,-0.1
L,PUNJAB NATIONAL BANK,       109.59,       109.63,-0.04
 , , , , 
 ,OTHER SECURITIES, , , 
 , , , , 
G,MARSHALL MACHINES LTD,        39.38,        32.82,19.99
G,INTEGRATED PERSO SER LTD,       209.95,       175.00,19.97
G,NIRAJ CEMENT STRUC LTD,        64.24,        53.64,19.76
G,PRISM JOHNSON LIMITED,       208.10,       174.00,19.6
G,GOYAL SALT LIMITED,       199.00,       167.10,19.09
G,PASUPATI ACRYLON LIMITED,        64.97,        54.86,18.43
G,E FACTOR EXPERIENCES LTD,       261.65,       223.00,17.33
G,VRAJ IRON AND STEEL LTD,       246.77,       211.83,16.49
G,EPIGRAL LIMITED,      2142.45,      1849.70,15.83
G,SUMITOMO CHEM INDIA LTD,       608.85,       531.80,14.49
G,DHUNSERI INVESTMENTS LTD,      2185.30,      1911.85,14.3
G,DHUNSERI VENTURES LIMITED,       481.60,       423.40,13.75
G,GLOBUS SPIRITS LTD,      1239.25,      1090.40,13.65
G,AKIKO GLOBAL SERVICES L,        74.70,        66.10,13.01
G,SUMMIT SECURITIES LTD,      2725.70,      2423.20,12.48
G,ORIENT HOTELS LTD,       175.05,       156.70,11.71
G,SHEMAROO ENTER. LTD.,       195.27,       175.47,11.28
G,DELTA MANUFACTURING LTD,        99.74,        89.88,10.97
G,AION-TECH SOLUTIONS LTD,       120.46,       108.70,10.82
G,COMPUCOM SOFTWARE LTD,        36.53,        32.99,10.73
G,KILITCH DRUGS INDIA LTD,       376.45,       340.40,10.59
G,UTSSAV CZ GOLD JEWELS LTD,       238.90,       216.15,10.53
G,GRAPHISADS LIMITED,        61.75,        56.15,9.97
G,SILKFLEX POLYMERS INDIA L,        98.70,        89.75,9.97
G,SARVESHWAR FOODS LIMITED,        11.70,        10.64,9.96
G,BANNARI AM SPIN MILL LTD.,        68.06,        61.90,9.95
G,ARCHIES LTD,        33.93,        30.89,9.84
G,PIONEER EMBROIDERIES LTD,        52.67,        48.00,9.73
G,NDL VENTURES LIMITED,       115.13,       105.28,9.36
G,SYNOPTICS TECHNOLOGIES L,       133.55,       122.50,9.02
 , , , , 
L,MAHALAXMI FABRIC MILLS LT,        62.58,        71.40,-12.35
L,UNSEC RED NCD 10.5% SR.VI,       962.80,      1075.00,-10.44
L,GLOBALE TESSILE LIMITED,        41.86,        46.31,-9.61
L,SUNREST LIFESCIENCE LTD,        56.75,        61.40,-7.57
L,SERENCD9.20%SRVIICIII&IV,       920.35,       986.07,-6.66
L,SRIVARI SPICES N FOODS L,       286.85,       306.80,-6.5
L,WINNY IMMIGRA & EDU SER L,       254.00,       270.00,-5.93
L,SEC RE NCD 9.80% SR.VII,       850.00,       900.00,-5.56
L,NEWJAISA TECHNOLOGIES LTD,       117.00,       123.80,-5.49
L,VIMTA LABS LIMITED,       638.30,       675.15,-5.46
L,D K ENTERPRISES GLOBAL L,        79.00,        83.50,-5.39
L,AESTHETIK ENGINEERS LTD,        85.80,        90.60,-5.3
L,FORCAS STUDIO LIMITED,       116.25,       122.75,-5.3
L,RAMA STEEL TUBES LIMITED,        14.08,        14.86,-5.25
L,DEEP INDUSTRIES LIMITED,       452.10,       476.60,-5.14
L,SONU INFRATECH LIMITED,        56.90,        59.90,-5.01
L,RADHIKA JEWELTECH LIMITED,       121.33,       127.72,-5
L,SAR TELEVENTURE LIMITED,       373.30,       392.95,-5
L,RICHA INFO SYSTEMS LTD,        79.80,        84.00,-5
L,TEERTH GOPICON LIMITED,       703.70,       740.70,-5
L,VDEAL SYSTEM LIMITED,       168.75,       177.60,-4.98
L,BOSS PACKAGING SOLU LTD,        78.20,        82.30,-4.98
L,INDIAN PHOSPHATE LIMITED,       138.40,       145.65,-4.98
L,QVC EXPORTS LIMITED,        96.50,       101.55,-4.97
L,PARAMATRIX TECHNOLOGIES L,       109.15,       114.85,-4.96
L,GSM FOILS LIMITED,        82.50,        86.80,-4.95
L,CELLECOR GADGETS LIMITED,        47.15,        49.60,-4.94
L,WALPAR NUTRITIONS LIMITED,        52.30,        55.00,-4.91
L,V MARC INDIA LIMITED,       386.75,       406.60,-4.88
L,ACCORD SYNERGY LIMITED,        28.55,        30.00,-4.83
