SYMBOL,SERIES,SECURITY,HIGH/LOW,INDEX FLAG
1018GS2026,GS,GOI LOAN 10.18% 2026,H
3PLAND,EQ,3P LAND HOLDINGS LIMITED,H
A2ZINFRA,BE,A2Z INFRA ENGINEERING LTD,H
AAKASH,EQ,AAKASH EXPLORATION SER L,H
AARTECH,BE,AARTECH SOLONICS LIMITED,H
ABCOTS,SM,A B COTSPIN INDIA LIMITED,H
ABINFRA,SM,A B INFRABUILD LIMITED,H
AGNI,SM,AGNI GREEN POWER LTD,H
AILIMITED,SM,ABHISHEK INTEGRATIONS LTD,H
ALPEXSOLAR,SM,ALPEX SOLAR LIMITED,H
ALPSINDUS,EQ,ALPS INDUSTRIES LTD,H
APS,SM,AUSTRALIAN PREM SOLAR I L,H
ASIANENE,EQ,ASIAN ENERGY SERVICES LTD,H
ATALREAL,EQ,ATAL REALTECH LIMITED,H
AURUM,EQ,AURUM PROPTECH LIMITED,H
BAFNAPH,BE,BAFNA PHARMACEUTICALS LTD,H
BAJEL,EQ,BAJEL PROJECTS LIMITED,H
BALKRISHNA,BE,BALKRISHNA PAPER MILLS L,H
BHARATWIRE,EQ,BHARAT WIRE ROPES LTD.,H
BKMINDST,BZ,BKM INDUSTRIES LIMITED,H
BLUECHIP,BE,BLUE CHIP INDIA LIMITED,H
CAREERP,EQ,CAREER POINT LIMITED,H
CMMIPL,ST,CMM INFRAPROJECTS LIMITED,H
CMNL,SM,CHAMAN METALLICS LIMITED,H
CMRSL,SM,CYBER MEDIA RES & SER LTD,H
COUNCODOS,EQ,COUNTRY CONDO S LIMITED,H
CREATIVEYE,EQ,CREATIVE EYE LIMITED,H
CTE,BE,CAMBRIDGE TECH ENTER LTD,H
DBSTOCKBRO,EQ,DB (INT) STOCK BROKERS,H
DCG,ST,DCG CABLES & WIRES LTD,H
DCI,BE,DC INFOTECH AND COMUN LTD,H
DOLPHIN,BE,DOLPHIN OFF ENT (IND) L,H
DRONE,SM,DRONE DESTINATION LIMITED,H
DUCOL,SM,DUCOL ORGS AND COLOURS LT,H
DYNAMIC,SM,DYNAMIC SRVCS & SEC LTD,H
EDUCOMP,BZ,EDUCOMP SOLUTIONS LTD,H
ESCONET,SM,ESCONET TECHNOLOGIES LTD,H
ESSENTIA,BE,INTEGRA ESSENTIA LIMITED,H
EXCEL,EQ,EXCEL REALTY N INFRA LTD,H
FCONSUMER,EQ,FUTURE CONSUMER LIMITED,H
FEL,BZ,FUTURE ENTERPRISES LTD,H
FELDVR,BE,FUTURE ENTERPRISES LTD,H
FLFL,BZ,FUT LIFESTYLE FASH LTD,H
GAYAHWS,BE,GAYATRI HIGHWAYS LIMITED,H
GRCL,SM,GAYATRI RUBB AND CHEM LTD,H
GRETEX,ST,GRETEX INDUSTRIES LTD.,H
GSLSU,EQ,GLOBAL SURFACES LIMITED,H
GTLINFRA,EQ,GTL INFRA.LTD,H
GUJRAFFIA,EQ,GUJARAT RAFFIA INDUST LTD,H
HAVISHA,EQ,SRI HAVISHA HOSP & INFR L,H
HINDCON,BE,HINDCON CHEMICALS LIMITED,H
HINDMOTORS,EQ,HINDUSTAN MOTORS LIMITED,H
HISARMETAL,EQ,HISAR METAL IND. LIMITED,H
INCREDIBLE,EQ,INCREDIBLE INDUSTRIES LTD,H
IRIS,EQ,IRIS BUSINESS SERV LTD,H
JALAN,SM,JALAN TRANSOLU. INDIA LTD,H
JITFINFRA,BE,JITF INFRALOGISTICS LTD,H
JPPOWER,BE,JAIPRAKASH POWER VEN. LTD,H
JSFB,EQ,JANA SMALL FIN BANK LTD,H
JYOTICNC,EQ,JYOTI CNC AUTOMATION LTD,H
JYOTISTRUC,BE,JYOTI STRUCTURES,H
KAMDHENU,EQ,KAMDHENU LIMITED,H
KAVVERITEL,EQ,KAVVERI TEL. LTD.,H
KCEIL,SM,KAY CEE ENERGY & INFRA L,H
KCK,SM,KCK INDUSTRIES LTD,H
KODYTECH,SM,KODY TECHNOLAB LIMITED,H
KRIDHANINF,BE,KRIDHAN INFRA LIMITED,H
KRISHCA,SM,KRISHCA STRAPPING SLTN L,H
LGHL,BE,LAXMI GOLDORNA HOUSE LTD,H
LLOYDS,SM,LLOYDS LUXURIES LIMITED,H
MACPOWER,BE,MACPOWER CNC MACHINES LTD,H
MANUGRAPH,EQ,MANUGRAPH INDIA LIMITED,H
MASKINVEST,EQ,MASK INVESTMENTS LIMITED,H
MAXIND,EQ,MAX INDIA LIMITED,H
MBECL,EQ,MCNALLY BH. ENG. CO.LTD,H
MEGAFLEX,SM,MEGA FLEX PLASTICS LTD,H
MEP,BE,MEP INFRA. DEVELOPERS LTD,H
MIRCELECTR,EQ,MIRC ELECTRONICS LTD,H
MPTODAY,SM,M P TODAY MEDIA LIMITED,H
MTNL,EQ,MAHANAGAR TELEPHONE NIGAM,H
NAGREEKCAP,EQ,NAGREEKA CAP & INFR.LTD,H
NILASPACES,BE,NILA SPACES LIMITED,H
NIRMAN,SM,NIRMAN AGRI GENTICS LTD,H
NORBTEAEXP,EQ,NORBEN TEA & EXPORTS LTD,H
OWAIS,SM,OWAIS METAL & MINERAL,H
PRAMARA,SM,PRAMARA PROMOTIONS LTD,H
PRATHAM,SM,PRATHAM EPC PROJECTS LTD,H
RADAAN,BE,RADAAN MEDIAWORKS (I) LTD,H
RAJRILTD,BE,RAJ RAYON INDUSTRIES LTD,H
RAJTV,BE,RAJ TV NETWORK LTD,H
RBS,ST,RAMDEVBABA SOLVENT LTD,H
RCOM,BE,RELIANCE COMMUNICATIONS L,H
RHFL,BE,RELIANCE HOME FINANCE LTD,H
RTNPOWER,BE,RATTANINDIA POWER LIMITED,H
RUCHINFRA,EQ,RUCHI INFRASTRUCTURE LTD,H
SABEVENTS,BE,SAB EVENTS & GOVERNANCE,H
SAKUMA-RE,BE,SAKUMA EXPORTS LIMITED,H
SANDUMA,EQ,SANDUR MANG & IRON ORES L,H
SCML,SM,SHARP CHUCKS N MACHINES L,H
SECMARK,BE,SECMARK CONSULTANCY LTD,H
SEJALLTD,BE,SEJAL GLASS LIMITED,H
SEL,SM,SUNGARNER ENERGIES LTD,H
SETCO,BE,SETCO AUTOMOTIVE LTD,H
SHAKTIPUMP,BE,SHAKTI PUMPS (I) LTD,H
SHRENIK,EQ,SHRENIK LIMITED,H
SHYAMTEL,BE,SHYAM TELECOM LIMITED,H
SIDDHIKA,SM,SIDDHIKA COATINGS LIMITED,H
SKYGOLD,BE,SKY GOLD LIMITED,H
SMVD,SM,SMVD POLY PACK LIMITED,H
SOFTTECH,EQ,SOFTTECH ENGINEERS LTD,H
SUPREMEENG,BE,SUPREME ENGINEERING LTD,H
TAC,SM,TAC INFOSEC LIMITED,H
TARACHAND,BE,TARA CHAND INFRA SOLN LTD,H
TECHIN,BE,TECHINDIA NIRMAN LIMITED,H
TECHLABS,SM,TRIDENT TECHLABS LIMITED,H
TGL,ST,TEERTH GOPICON LIMITED,H
TIJARIA,BE,TIJARIA POLYPIPES LTD,H
TIPSFILMS,EQ,TIPS FILMS LIMITED,H
TNTELE,BE,TAMILNADU TELECOMMUNICATI,H
UMESLTD,EQ,USHA MARTIN EDU & SOL LTD,H
UNITECH,BZ,UNITECH LIMITED,H
UNIVASTU,EQ,UNIVASTU INDIA LIMITED,H
VARDMNPOLY,BE,VARDHMAN POLYTEX LTD.,H
VINNY,EQ,VINNY OVERSEAS LIMITED,H
VINSYS,SM,VINSYS IT SERVICES IND LT,H
VIVIANA,SM,VIVIANA POWER TECH LTD,H
VMARCIND,SM,V MARC INDIA LIMITED,H
WILLAMAGOR,EQ,WILLIAMSON MAGOR,H
WINSOME,BE,WINSOME YARNS LIMITED,H
ZENTEC,EQ,ZEN TECHNOLOGIES LIMITED,H
ABMINTLLTD,EQ,ABM INTERNATIONAL LTD,L
ADROITPP,E1,ADROITINF RS.2.50 PPD UP,L
AKI,EQ,AKI INDIA LIMITED,L
AMBANIORG,SM,AMBANI ORGANICS LIMITED,L
ANTGRAPHIC,BE,ANTARCTICA LTD,L
ARHAM,ST,ARHAM TECHNOLOGIES LTD,L
ASCOM,ST,ASCOM LEASIN & INVEST LTD,L
ASMS,EQ,BARTRONICS INDIA LIMITED,L
BHARATWIRE,EQ,BHARAT WIRE ROPES LTD.,L
BIRDYS,ST,GRILL SPLENDOUR SER LTD,L
BLBLIMITED,BE,BLB LIMITED,L
CMNL,SM,CHAMAN METALLICS LIMITED,L
COUNCODOS,EQ,COUNTRY CONDO S LIMITED,L
DCMFINSERV,BE,DCM FINANCIAL SERVICES LT,L
DGCONTENT,EQ,DIGICONTENT LIMITED,L
EIMCOELECO,EQ,EIMCO ELECON (INDIA) LTD,L
FELDVR,BE,FUTURE ENTERPRISES LTD,L
GKWLIMITED,BE,GKW LIMITED,L
GLOBE,EQ,GLOBE TEXTILES (I) LTD.,L
GODHA,BE,GODHA CABCON INSULAT LTD,L
GOENKA,BZ,GOENKA DIAMOND&JEWELS LTD,L
GSTL,SM,GLOBESECURE TECHNO LTD,L
GTLINFRA,EQ,GTL INFRA.LTD,L
HOMESFY,ST,HOMESFY REALTY LIMITED,L
HPIL,EQ,HINDPRAKASH INDUSTRY LTD,L
IL&FSTRANS,BZ,IL&FS TRANS NET LTD,L
INDOTECH,BE,INDO TECH TRANSFORM LTD.,L
ISHAN,SM,ISHAN INTERNATIONAL LTD,L
KBCGLOBAL,EQ,KBC GLOBAL LIMITED,L
KCK,SM,KCK INDUSTRIES LTD,L
KDL,SM,KORE DIGITAL LIMITED,L
KEEPLEARN,EQ,DSJ KEEP LEARNING LTD,L
KPIGREEN,EQ,KPI GREEN ENERGY LIMITED,L
LAL,BE,LORENZINI APPARELS LTD,L
MANORAMA,BE,MANORAMA INDUSTRIES LTD,L
MASKINVEST,EQ,MASK INVESTMENTS LIMITED,L
MBECL,EQ,MCNALLY BH. ENG. CO.LTD,L
MBLINFRA,EQ,MBL INFRASTRUCTURE LTD,L
METALFORGE,BZ,METALYST FORGINGS LIMITED,L
NILASPACES,BE,NILA SPACES LIMITED,L
OMKARCHEM,BZ,OMKAR SPL CHEM LTD,L
PARACABLES,BE,PARAMOUNT COMM LTD,L
PERFECT,SM,PERFECT INFRAENGINEER LTD,L
PRAMARA,SM,PRAMARA PROMOTIONS LTD,L
PURVA,BE,PURAVANKARA LIMITED,L
PVP,EQ,PVP VENTURES LIMITED,L
RCOM,BE,RELIANCE COMMUNICATIONS L,L
REXPIPES,SM,REX PIPES AND CABLES LTD,L
RKDL,EQ,RAVI KUMAR DIST. LTD.,L
ROML,BE,RAJ OIL MILLS LIMITED,L
SARTELE,SM,SAR TELEVENTURE LIMITED,L
SETCO,BE,SETCO AUTOMOTIVE LTD,L
SOLEX,SM,SOLEX ENERGY LIMITED,L
SOMATEX,BE,SOMA TEXTILEI NDUSTRIES L,L
SPARC,EQ,SUN PHARMA ADV.RES.CO.LTD,L
SPRL,ST,SP REFRACTORIES LIMITED,L
SRPL,BE,SHREE RAM PROTEINS LTD.,L
SUMEETINDS,BE,SUMEET IND LIMITED,L
SWELECTES,EQ,SWELECT ENERGY SYS LTD,L
TAPIFRUIT,SM,TAPI FRUIT PROCESSING LTD,L
TRIL,BE,TRANS & RECTI. LTD,L
VASA,SM,VASA RETAIL & OVERSEA LTD,L
VLEGOV,BE,VL E GOV AND IT SOL LTD,L
WEL,BE,WONDER ELECTRICALS LTD,L
