GAIN_LOSS,SECURITY,CLOSE_PRIC,PREV_CL_PR,PERCENT_CG
 ,Nifty 50 Sec., , , 
 , , , , 
G,MAHINDRA & MAHINDRA LTD,      2156.35,      2062.05,4.57
G,POWER GRID CORP. LTD.,       301.85,       293.70,2.77
G,SHRIRAM FINANCE LIMITED,      2551.70,      2492.20,2.39
G,HERO MOTOCORP LIMITED,      4543.05,      4457.70,1.91
G,INDUSIND BANK LIMITED,      1515.70,      1487.25,1.91
G,BAJAJ AUTO LIMITED,      8903.65,      8760.10,1.64
G,HDFC LIFE INS CO LTD,       583.65,       575.10,1.49
G,BAJAJ FINANCE LIMITED,      6923.55,      6826.60,1.42
G,BAJAJ FINSERV LTD.,      1615.00,      1595.65,1.21
G,GRASIM INDUSTRIES LTD,      2411.65,      2386.60,1.05
G,MARUTI SUZUKI INDIA LTD.,     12817.50,     12689.85,1.01
G,SBI LIFE INSURANCE CO LTD,      1436.55,      1422.35,1
G,TATA CONSUMER PRODUCT LTD,      1108.35,      1098.50,.9
G,TATA MOTORS LIMITED,      1007.90,      1000.60,.73
G,ADANI PORT & SEZ LTD,      1324.90,      1317.25,.58
G,AXIS BANK LIMITED,      1165.90,      1159.25,.57
G,EICHER MOTORS LTD,      4597.40,      4571.85,.56
G,DIVI S LABORATORIES LTD,      4002.40,      3989.25,.33
G,ASIAN PAINTS LIMITED,      2875.90,      2868.20,.27
G,COAL INDIA LTD,       454.30,       453.25,.23
G,HINDUSTAN UNILEVER LTD.,      2230.45,      2226.10,.2
G,RELIANCE INDUSTRIES LTD,      2934.00,      2930.05,.13
G,ULTRATECH CEMENT LIMITED,      9971.85,      9964.45,.07
G,NTPC LTD,       363.20,       363.00,.06
 , , , , 
L,TECH MAHINDRA LIMITED,      1263.50,      1288.30,-1.93
L,BHARAT PETROLEUM CORP  LT,       607.35,       618.80,-1.85
L,JSW STEEL LIMITED,       882.20,       895.75,-1.51
L,HCL TECHNOLOGIES LTD,      1366.60,      1387.40,-1.5
L,DR. REDDY S LABORATORIES,      6204.30,      6297.10,-1.47
L,TATA STEEL LIMITED,       165.00,       167.40,-1.43
L,SUN PHARMACEUTICAL IND L,      1502.10,      1521.60,-1.28
L,TATA CONSULTANCY SERV LT,      3820.65,      3870.20,-1.28
L,LARSEN & TOUBRO LTD.,      3594.30,      3634.30,-1.1
L,KOTAK MAHINDRA BANK LTD,      1623.95,      1640.40,-1
L,INFOSYS LIMITED,      1420.55,      1434.75,-0.99
L,HINDALCO  INDUSTRIES  LTD,       644.40,       650.05,-0.87
L,ADANI ENTERPRISES LIMITED,      3054.70,      3081.20,-0.86
L,ICICI BANK LTD.,      1150.40,      1160.15,-0.84
L,LTIMINDTREE LIMITED,      4706.40,      4743.95,-0.79
L,BHARTI AIRTEL LIMITED,      1322.30,      1332.45,-0.76
L,HDFC BANK LTD,      1520.10,      1529.50,-0.61
L,ITC LTD,       435.65,       438.20,-0.58
L,CIPLA LTD,      1400.00,      1408.00,-0.57
L,BRITANNIA INDUSTRIES LTD,      4775.95,      4799.85,-0.5
L,TITAN COMPANY LIMITED,      3589.25,      3604.85,-0.43
L,APOLLO HOSPITALS ENTER. L,      5947.10,      5968.35,-0.36
L,OIL AND NATURAL GAS CORP.,       282.85,       283.20,-0.12
L,WIPRO LTD,       462.40,       462.95,-0.12
L,NESTLE INDIA LIMITED,      2507.40,      2509.80,-0.1
L,STATE BANK OF INDIA,       826.25,       826.50,-0.03
 , , , , 
 ,Nifty Next 50 Sec., , , 
 , , , , 
G,REC LIMITED,       507.15,       463.00,9.54
G,POWER FIN CORP LTD.,       441.55,       415.50,6.27
G,BANK OF BARODA,       281.50,       272.60,3.26
G,PUNJAB NATIONAL BANK,       141.05,       137.25,2.77
G,ADANI POWER LTD,       612.45,       596.10,2.74
G,AVENUE SUPERMARTS LIMITED,      4603.80,      4483.80,2.68
G,ICICI PRU LIFE INS CO LTD,       572.90,       559.90,2.32
G,TRENT LTD,      4409.90,      4314.10,2.22
G,CHOLAMANDALAM IN & FIN CO,      1193.30,      1170.90,1.91
G,INTERGLOBE AVIATION LTD,      3982.30,      3927.70,1.39
G,ABB INDIA LIMITED,      6540.75,      6451.90,1.38
G,SHREE CEMENT LIMITED,     24444.85,     24145.15,1.24
G,HAVELLS INDIA LIMITED,      1664.00,      1644.45,1.19
G,TVS MOTOR COMPANY  LTD,      2060.00,      2036.60,1.15
G,SIEMENS LTD,      5841.70,      5776.65,1.13
G,ADANI TOTAL GAS LIMITED,       929.10,       919.05,1.09
G,PIDILITE INDUSTRIES LTD,      3049.00,      3021.10,0.92
G,BERGER PAINTS (I) LTD,       508.55,       504.35,0.83
G,DLF LIMITED,       891.85,       886.10,0.65
G,SBI CARDS & PAY SER LTD,       728.30,       724.10,0.58
G,MARICO LIMITED,       518.00,       515.60,0.47
G,ADANI ENERGY SOLUTION LTD,      1065.20,      1061.00,0.4
G,SAMVRDHNA MTHRSN INTL LTD,       131.20,       130.80,0.31
G,ICICI LOMBARD GIC LIMITED,      1710.65,      1705.65,0.29
G,TATA POWER CO LTD,       449.25,       448.00,0.28
G,BOSCH LIMITED,     29356.05,     29287.15,0.24
G,DABUR INDIA LTD,       507.75,       506.70,0.21
G,CANARA BANK,       621.95,       620.85,0.18
G,GODREJ CONSUMER PRODUCTS,      1219.50,      1218.05,0.12
G,COLGATE PALMOLIVE LTD.,      2824.85,      2823.80,0.04
 , , , , 
L,INDIAN OIL CORP LTD,       168.85,       176.75,-4.47
L,INDIAN RAILWAY FIN CORP L,       157.25,       160.90,-2.27
L,VEDANTA LIMITED,       397.85,       406.30,-2.08
L,HINDUSTAN AERONAUTICS LTD,      3939.35,      4017.70,-1.95
L,TORRENT PHARMACEUTICALS L,      2642.55,      2687.45,-1.67
L,AMBUJA CEMENTS LTD,       619.90,       629.65,-1.55
L,JINDAL STEEL & POWER LTD,       929.65,       942.10,-1.32
L,ZYDUS LIFESCIENCES LTD,       953.55,       963.10,-0.99
L,JIO FIN SERVICES LTD,       377.00,       380.50,-0.92
L,BAJAJ HOLDINGS & INVS LTD,      8116.15,      8187.35,-0.87
L,BHARAT ELECTRONICS LTD,       233.75,       235.40,-0.7
L,INDIAN RAIL TOUR CORP LTD,      1038.75,      1045.25,-0.62
L,SRF LTD,      2621.05,      2636.25,-0.58
L,ADANI GREEN ENERGY LTD,      1797.65,      1806.85,-0.51
L,VARUN BEVERAGES LIMITED,      1479.45,      1486.15,-0.45
L,UNITED SPIRITS LIMITED,      1177.00,      1180.50,-0.3
L,INFO EDGE (I) LTD,      6053.75,      6068.90,-0.25
L,ZOMATO LIMITED,       193.15,       193.60,-0.23
L,GAIL (INDIA) LTD,       209.10,       209.55,-0.21
L,LIFE INSURA CORP OF INDIA,       978.25,       980.20,-0.2
 , , , , 
 ,OTHER SECURITIES, , , 
 , , , , 
G,HISAR METAL IND. LIMITED,       222.00,       185.00,20
G,JANA SMALL FIN BANK LTD,       600.35,       500.30,20
G,SHARP CHUCKS N MACHINES L,       115.30,        96.10,19.98
G,WILLIAMSON MAGOR,        40.95,        34.15,19.91
G,DUCOL ORGS AND COLOURS LT,       127.05,       106.00,19.86
G,SEC RE NCD SR III,      1100.00,       926.00,18.79
G,8.48%S-R-NCD SERIES 2A,      1245.00,      1063.10,17.11
G,KRISHCA STRAPPING SLTN L,       286.30,       245.00,16.86
G,NAKODA GROUP OF IND. LTD,        61.65,        53.30,15.67
G,AURANGABAD DISTILLERY LTD,       344.35,       298.25,15.46
G,LIKHITHA INFRASTRUC LTD,       351.20,       311.35,12.8
G,COMPUCOM SOFTWARE LTD,        36.45,        32.55,11.98
G,BAWEJA STUDIOS LIMITED,       104.35,        93.20,11.96
G,PUDUMJEE PAPER PRO. LTD,        83.50,        74.75,11.71
G,BF UTILITIES LIMITED,       862.25,       778.65,10.74
G,HITACHI ENERGY INDIA LTD,      9578.75,      8666.00,10.53
G,8.92% SEC RED BOND S3B,      1398.00,      1265.02,10.51
G,HINDUSTAN MOTORS LIMITED,        34.65,        31.50,10
G,TAC INFOSEC LIMITED,       519.80,       472.55,10
G,IRIS BUSINESS SERV LTD,       155.15,       141.05,10
G,GLOBAL SURFACES LIMITED,       236.65,       215.15,9.99
G,DB (INT) STOCK BROKERS,        61.50,        55.95,9.92
G,SONU INFRATECH LIMITED,        59.90,        54.55,9.81
G,KANDARP DG SMART BPO LTD,        31.35,        28.60,9.62
G,UNIVASTU INDIA LIMITED,       185.75,       169.60,9.52
G,TRUCAP FINANCE LIMITED,        69.95,        63.90,9.47
G,MARINETRANS INDIA LIMITED,        33.85,        31.00,9.19
G,JM FINANCIAL LIMITED,        88.90,        81.50,9.08
G,KIRLOSKAR ELECTRIC CO LTD,       140.10,       128.45,9.07
G,RAJGOR CASTOR DERIVATI L,        44.75,        41.05,9.01
 , , , , 
L,IREDA 8.55NCDTR I SR IIIA,      1038.10,      1296.75,-19.95
L,UNSEC RED NCD 10.5% SR.VI,       962.45,      1138.00,-15.43
L,SAR TELEVENTURE LIMITED,       206.25,       227.05,-9.16
L,PATEL ENGINEERING LTD.,        57.60,        63.40,-9.15
L,SHIVA MILLS LIMITED,       101.00,       110.75,-8.8
L,MBL INFRASTRUCTURE LTD,        48.05,        52.30,-8.13
L,MAXPOSURE LIMITED,        99.75,       108.15,-7.77
L,ASPIRE & INNOVATIVE ADV L,        89.55,        96.75,-7.44
L,SHIPPING CORP OF ILA LTD,        68.45,        72.75,-5.91
L,SIGNORIA CREATION LIMITED,       146.00,       155.00,-5.81
L,AATMAJ HEALTHCARE LIMITED,        37.35,        39.65,-5.8
L,PASHUPATI COTSPIN LIMITED,       106.20,       112.45,-5.56
L,UNIHEALTH CONSULTANCY LTD,       129.20,       136.50,-5.35
L,ISHAN INTERNATIONAL LTD,         2.70,         2.85,-5.26
L,BODHI TREE MULTIMEDIA LTD,        17.25,        18.20,-5.22
L,ORIANA POWER LIMITED,      1526.95,      1609.00,-5.1
L,COUNTRY CLUB HOSP HOL LTD,        15.90,        16.75,-5.07
L,WISE TRAVEL INDIA LIMITED,       244.80,       257.80,-5.04
L,PERFECT INFRAENGINEER LTD,        40.80,        42.95,-5.01
L,AMBANI ORGANICS LIMITED,       123.40,       129.90,-5
L,GLOBESECURE TECHNO LTD,        46.55,        49.00,-5
L,KPI GREEN ENERGY LIMITED,      1808.40,      1903.55,-5
L,SWELECT ENERGY SYS LTD,      1319.30,      1388.70,-5
L,SUN PHARMA ADV.RES.CO.LTD,       232.30,       244.50,-4.99
L,ASCOM LEASIN & INVEST LTD,       250.65,       263.80,-4.98
L,YASH OPTICS & LENS LTD,        95.45,       100.45,-4.98
L,GRILL SPLENDOUR SER LTD,       105.95,       111.50,-4.98
L,ABM INTERNATIONAL LTD,        65.25,        68.65,-4.95
L,EIMCO ELECON (INDIA) LTD,      2234.90,      2351.15,-4.94
L,CREATIVE GRAPHICS S IND L,       225.90,       237.65,-4.94
