SECURITY,NEW,PREVIOUS,NEW_STATUS
INGERSOLL-RAND INDIA LTD,4055,4039.95,H
PITTI ENGINEERING LIMITED,908.6,904,H
URAVI T AND WEDG LAMP LTD,449,445.45,H
GANGES SECURITIES LIMITED,169,156.6,H
DOLPHIN OFF ENT (IND) L,456.6,434.9,H
ELECTROTHERM (I) LTD.,800.15,784.5,H
LLOYDS ENGG WORK LIMITED,73.2,72.65,H
SURAJ ESTATE DEVELOPERS L,402,387.8,H
ATMASTCO LIMITED,248.5,244.8,H
GILLANDERS ARBUTHNOT LTD,88.65,86.95,H
GOI TBILL 182D-03/10/24,97,96.99,H
GUJARAT RAFFIA INDUST LTD,43.35,41.3,H
VOLTAS LTD,1481.7,1477.35,H
MAHINDRA & MAHINDRA LTD,2169,2133,H
GODREJ INDUSTRIES LTD,968,918,H
UNIVASTU INDIA LIMITED,186.55,177,H
VIVIANA POWER TECH LTD,477.1,454.5,H
RELCAPAMC-NETFSDL26,123.45,123.2,H
HDFCAMC - HDFCSML250,161,160,H
VINSYS IT SERVICES IND LT,400.05,373,H
KALPATARU PROJECT INT LTD,1298.8,1223,H
MOTILALAMC - MOVALUE,103.45,101,H
POWER INSTRUMENT (G) LTD,74.35,72.9,H
GOI TBILL 364D-21/11/24,96.2,95.06,H
ICICIPRAMC - ICICIALPLV,278.1,277.05,H
GOI TBILL 182D-22/08/24,97.75,97.7,H
GOI TBILL 182D-05/09/24,97.4,97.39,H
SEC RE NCD 9.20% SR III,1070,1038.99,H
SEC RE NCD 11% SR V,1020,1016,H
KOTAK NIFTY ETF,251.55,247.1,H
KOTAK PSU BANK,762.75,754.99,H
OMAX AUTOS LTD,129,126.5,H
PLATINUM INDUSTRIES LTD,233.1,231.3,H
GRETEX INDUSTRIES LTD.,71.3,67.95,H
SBI-ETF NIFTY BANK,513.3,500.95,H
AXISAMC - AXISCETF,106.5,105.72,H
AGNI GREEN POWER LTD,75.35,75,H
TARAPUR TRANSFORMERS LTD,10.95,10.75,H
MIRAEAMC - MAFSETF,22.8,22.45,H
SHAKTI PUMPS (I) LTD,1981.35,1887,H
J.G.CHEMICALS LIMITED,274.5,273.8,H
IND-SWIFT LIMITED,25.75,23.75,H
DSPAMC - DSPBANKETF,50.18,49.97,H
MASK INVESTMENTS LIMITED,92.6,88.2,H
SEC RE NCD SR.V,1082,1060,H
VESUVIUS INDIA LTD,5084.1,4454,H
NIP IND ETF JUNIOR BEES,705.4,703.4,H
USHA MARTIN LTD.,394.5,379.9,H
HITACHI ENERGY INDIA LTD,9890,9821.95,H
PUDUMJEE PAPER PRO. LTD,85.1,84,H
VEEKAYEM FASH & APP LTD,281,275,H
REDTAPE LIMITED,744.65,742,H
BIRLASLAMC - MOMENTUM,33.06,33.05,H
TIPS FILMS LIMITED,752.4,734,H
HOMESFY REALTY LIMITED,979.3,937.1,H
GE T&D INDIA LIMITED,1199,1144.1,H
GOI TBILL 364D-30/05/24,99.42,97.67,H
PARIN FURNITURE LIMITED,157,156.2,H
INOX WIND ENERGY LIMITED,7999,7997.2,H
DHANI LOANS & SERV LTD,1549.8,1549,H
MIRAEAMC - ALPHAETF,24.79,24.6,H
ALPEX SOLAR LIMITED,562.35,544,H
GOI TBILL 182D-23/05/24,99.62,99.12,H
ICICI PRUD MIDCAP SEL ETF,159.24,157.65,H
KOTAKMAMC-KOTAKBKETF,509.14,503.85,H
SEC RE NCD 7.80% SR V,1040,1010,H
AARTECH SOLONICS LIMITED,241,229.55,H
DCG CABLES & WIRES LTD,94,93,H
CARBORUNDUM UNIVERSAL LTD,1499,1467.7,H
TRENT LTD,4670,4515,H
CAREER POINT LIMITED,380.6,377.85,H
DYNAMIC SRVCS & SEC LTD,263.55,251,H
ICICIPRAMC - BHARATIWIN,110,109.6,H
CMS INFO SYSTEMS LIMITED,434,421.4,H
CONCORD BIOTECH LIMITED,1725,1684.5,H
KFIN TECHNOLOGIES LIMITED,765.65,731.65,H
MIRAEAMC - MANXT50,663.18,660.55,H
SEC RE NCD 0% SR.IV,1214.25,1210.35,H
SUNGARNER ENERGIES LTD,380.85,362.75,H
ICICIPRAMC - ICICIM150,194.6,193.68,H
ICICIPRAMC - ICICINXT50,68.85,68.65,H
GOI TBILL 182D-16/05/24,99.52,99.24,H
GRASIM RE.0.50 PPD UP,1176.05,1139.85,H
SDL GJ 7.58% 2026,101.2,101.1,H
SDL KL 7.62% 2038,100,99,H
OWAIS METAL & MINERAL,859.3,818.4,H
CREATIVE GRAPHICS S IND L,251.8,244.4,H
VADIVARHE SPCLTY CHEM LTD,40.8,38.95,H
HINDUSTAN MOTORS LIMITED,34.65,34.3,H
POWER GRID CORP. LTD.,304.35,298.9,H
SBI-ETF NIFTY NEXT 50,688.47,681.98,H
ZEN TECHNOLOGIES LIMITED,1120.95,1067.6,H
ADITYA BIRLA CAPITAL LTD.,243.7,241.65,H
TEJAS NETWORKS LIMITED,1183.35,1135,H
ROLLATAINERS LIMITED,2.75,1.7,H
LLOYDS LUXURIES LIMITED,133.2,128.2,H
GOI LOAN 8.30% 2040,115,114.56,H
TRF LIMITED,600.25,588.5,H
DIAMOND POWER INFRA LTD,790.35,774.9,H
ORIANA POWER LIMITED,1699,1609,H
GOI TBILL 364D-11/07/24,98.17,98,H
MOTILALAMC - MOREALTY,98.4,97.49,H
SEC RE NCD SR III,1100,1000,H
DSPAMC - LIQUIDADD,1007.24,1006.9,H
TARA CHAND INFRA SOLN LTD,326.8,323.85,H
GOI TBILL 91D-25/07/24,98.45,98.14,H
PIDILITE INDUSTRIES LTD,3081.75,3074,H
SUPREME INDUSTRIES LTD,5124.9,5000,H
HAVELLS INDIA LIMITED,1688,1660.5,H
APAR INDUSTRIES LTD.,7983.85,7930.75,H
ARCHIDPLY IND. LTD,142.8,142.05,H
SOLEX ENERGY LIMITED,1300,1238.7,H
DOLAT ALGOTECH LIMITED,125,122.45,H
POLYCAB INDIA LIMITED,5789,5733,H
LEMON TREE HOTELS LTD,154.5,150.95,H
TIJARIA POLYPIPES LTD,21.45,20.45,H
MACPOWER CNC MACHINES LTD,1265.5,1205.25,H
JANA SMALL FIN BANK LTD,600.35,529.8,H
KARNIKA INDUSTRIES LTD,331.1,331,H
SKIPPER RE.0.25 PPD UP,206.85,206,H
SP REFRACTORIES LIMITED,198.6,189.5,H
KOTAKMAMC - KOTAKCONS,106.48,105.56,H
TEERTH GOPICON LIMITED,203.3,193.65,H
GOI TBILL 182D-24/10/24,96.71,96.01,H
SUMMIT SECURITIES LTD,1533,1508,H
MUTHOOT FINANCE LIMITED,1753.9,1721.95,H
AXISAMC - AXISBNKETF,506.63,502,H
JASH ENGINEERING LIMITED,2039,1950,H
JITF INFRALOGISTICS LTD,776.3,739.35,H
MAX INDIA LIMITED,272.1,259.15,H
SETCO AUTOMOTIVE LTD,13.95,13.3,H
CROWN LIFTERS LIMITED,225.65,222.9,H
KANDARP DG SMART BPO LTD,32.5,30.35,H
LAXMI GOLDORNA HOUSE LTD,291.9,278,H
DIGIKORE STUDIOS LIMITED,644.85,602.85,H
GOI TBILL 364D-28/06/24,98.75,98.51,H
BFAM - BANKBETF,50.97,50.7,H
ATAL REALTECH LIMITED,8.5,8.85,L
AKI INDIA LIMITED,19.45,20.2,L
GLOSTER LIMITED,886.3,891.85,L
RACHANA INFRA LTD,39.6,39.9,L
GACM TECHNOLOGIES LIMITED,3.1,3.15,L
OSIA HYPER RETAIL LIMITED,27.2,27.75,L
YASH OPTICS & LENS LTD,92,96.6,L
NAMAN IN-STORE (INDIA) L,114,115,L
FUTURE SUPP CHAIN SOL LTD,5.9,5.95,L
TIL LTD,149,183,L
GRILL SPLENDOUR SER LTD,105.95,111.5,L
POPULAR VEHICLES N SER L,231,232,L
KANANI INDUSTRIES LTD,3.65,3.7,L
MARSHALL MACHINES LTD,24.05,24.5,L
SURANA TELECOM AND POW LT,15,15.15,L
SIGNORIA CREATION LIMITED,144,151,L
BHARAT ROAD NETWORK LTD,54.5,55.05,L
GOI LOAN  7.1% 2034,98.9,100,L
LANCOR HOLDINGS LIMITED,47.25,48.5,L
SDL KL 7.62% 2038,95,98,L
ANMOL INDIA LIMITED,39.55,39.6,L
HARDWYN INDIA LIMITED,29.9,30.35,L
RAVINDER HEIGHTS LIMITED,43.15,44,L
UDAYSHIVAKUMAR INFRA LTD,49.5,49.75,L

