SYMBOL,SYMBOL P/E,ADJUSTED P/E
THERMAX,86.66,96.31
RIIL,192.39,192.39
RAYMOND,22.13,18.63
SHREDIGCEM,19.18,19.18
SMLISUZU,39.73,39.73
FACT,124.98,106.91
LAXMIMACH,44.04,44.04
PEL,,22.11
MAHSCOOTER,45.33,45.33
TRENT,212.39,211.5
KCP,9.39,9.37
JBCHEPHARM,57.56,57.56
IONEXCHANG,40.41,40.41
IFBIND,124.11,124.11
HIMATSEIDE,12.85,12.85
GFLLIMITED,.39,
BHARATFORG,74.01,72.25
ATUL,55.81,55.81
TATAMOTORS,17.29,16.59
MRPL,10.08,10.08
ESCORTS,36.28,36.28
BAJAJHLDNG,64.64,64.64
ZUARIIND,1.61,
VOLTAS,118.69,118.69
TATASTEEL,,50.87
VEDL,20.05,30.04
RELIANCE,25.21,25.21
BOSCHLTD,37.16,51.56
CHAMBLFERT,14.17,14.17
HINDOILEXP,10.52,10.52
CENTURYTEX,111.73,48.41
CENTENKA,25.28,25.28
VTL,23.39,23.39
SUPREMEIND,65.37,65.37
BALRAMCHIN,14.42,14.42
BBOX,34.2,23.1
RANEHOLDIN,18.18,8.93
SHREYANIND,3.59,3.59
ADANIENT,93.63,85.61
INDBANK,28.62,28.62
RAJSREESUG,10.62,10.62
BANARISUG,18.04,18.04
KPIL,39.04,43.3
JYOTISTRUC,104.3,104.3
JAYNECOIND,25.97,25.81
SOTL,19.82,19.82
ARENTERP,20.9,20.9
THOMASCOOK,47.6,47.6
SPMLINFRA,35.59,35.59
VSTIND,20.77,20.77
TOKYOPLAST,80.67,56.66
HLVLTD,77.78,90.53
M&M,22.94,22.99
PRSMJOHNSN,45.57,
PCBL,21.67,21.67
3PLAND,31.92,31.92
JINDALSAW,12.72,12.72
STYRENIX,17.78,17.78
CANFINHOME,14.05,14.05
DCMSHRIRAM,28.94,28.94
COSMOFIRST,20.27,20.27
HEROMOTOCO,24.15,23.38
HARRMALAYA,129.21,129.21
GIPCL,14.62,14.62
HINDCOMPOS,17.38,17.38
WALCHANNAG,70.33,
OSWALGREEN,110.3,110.3
HUHTAMAKI,5.79,22.62
IFBAGRO,93.34,93.34
SIYSIL,10.43,10.43
PRECWIRE,40.24,40.24
NILKAMAL,22.9,22.9
SEAMECLTD,44.17,44.17
AUROPHARMA,24.29,23.94
GICHSGFIN,8.02,8.02
BANARBEADS,23.98,23.98
WSTCSTPAPR,4.38,4.33
PRAJIND,35.98,35.98
KEEPLEARN,146.03,146.03
TFCILTD,17.58,17.58
GUJALKALI,6584.49,6584.49
AGI,18.72,18.72
TATACONSUM,80.45,69.4
ZEEL,125.98,55.11
INDHOTEL,69.02,69.02
ORIENTHOT,47.82,47.82
ESABINDIA,50.87,50.87
ANDHRAPAP,4.66,4.55
AARTIIND,63.2,63.2
KSB,79.28,79.28
HEG,32.4,32.4
TIMKEN,67.76,67.76
SAKHTISUG,1.86,
HINDZINC,23.1,23.1
GRASIM,16.58,16.58
FINCABLES,26.16,31.06
HEUBACHIND,21.42,21.42
CESC,13.23,16.04
BAJFINANCE,29.26,29.26
NAVA,5.45,5.91
TNPL,6.82,6.82
REMSONSIND,63.66,62.03
NATCOPHARM,14.12,14.12
GARFIBRES,33.36,33.36
TTKPRESTIG,42.98,42.98
SKFINDIA,44.92,44.92
MARICO,44.87,44.87
BIOFILCHEM,174.17,174.17
SANGAMIND,35.71,27.39
MOTHERSON,41.46,39.85
AARTIDRUGS,25.83,25.83
WENDT,63.22,63.22
SHRIRAMFIN,12.67,12.67
PUNJABCHEM,26.68,26.68
GUJAPOLLO,18.61,18.61
JAGSNPHARM,37.94,37.94
HERITGFOOD,35.27,35.27
INDNIPPON,30.25,30.25
CONCOR,53.07,53.07
HPAL,50.61,51
UGROCAP,23.6,23.6
KPIGREEN,70.98,70.89
YUKEN,151.57,153.63
SGIL,44.61,44.61
ANANDRATHI,73,73
SJS,26.18,26.18
FINOPB,29.53,29.53
NYKAA,1318.2,1318.2
AWL,411.05,294.75
MONARCH,20.39,20.38
SAPPHIRE,46.54,46.54
PRUDENT,47.26,47.26
EPIGRAL,27.9,27.9
NUVOCO,48.85,18.51
GOCOLORS,72.01,72.01
TRACXN,33.46,33.46
CMSINFO,20.13,20.13
FUSION,10.64,10.64
COASTCORP,228.92,228.92
TARSONS,45.35,45.35
MEDPLUS,183.88,183.88
TEGA,55.55,55.55
RATEGAIN,63.26,63.26
MANORG,144.06,144.06
LATENTVIEW,69.19,69.19
METROBRAND,89.48,89.48
MICEL,72.06,126.7
PASUPTAC,31.47,31.47
FOODSIN,19.6,19.53
PARADEEP,64.74,64.74
MAPMYINDIA,87.18,87.18
ABMINTLLTD,290.53,290.53
TMB,7.21,7.21
KRITI,19.92,19.92
MANYAVAR,56.63,56.63
GANESHBE,19.63,19.53
GVPTECH,168.9,168.9
DMCC,69.74,69.74
MEDICAMEQ,66.05,66.05
EMIL,44.92,44.92
SHIVALIK,52.56,52.56
DATAPATTNS,101.59,101.59
MEDANTA,86.65,86.65
AHL,23.32,23.32
MALLCOM,18.95,18.95
IRIS,48.35,48.35
ASIANENE,286.21,273.77
SMLT,18.12,18.12
NRL,53.23,53.23
RADIANTCMS,17.88,17.88
CHOICEIN,53.42,53.42
HARIOMPIPE,29.48,29.48
GRWRHITECH,22.38,22.38
DCMSRIND,16.33,16.33
RAJRILTD,388.87,388.87
EMUDHRA,88.73,88.73
FIVESTAR,27.74,27.74
VIRINCHI,15.78,15.78
ELDEHSG,30.08,30.08
SEJALLTD,101.25,101.25
RELCHEMQ,31.15,31.15
SYRMA,69.89,69.36
JTLIND,48.66,48.66
CAMPUS,94.68,94.68
VENUSPIPES,57.29,57.29
AETHER,90.85,86.98
MEGASTAR,33.97,33.97
LANDMARK,46.46,44.39
RACE,210.42,210.42
ETHOSLTD,83.88,83.88
MSUMI,52.53,52.53
HARSHA,37.05,37.05
OBCL,176.19,176.19
INDOAMIN,19.3,19.3
ACI,20.49,20.49
RITCO,21.91,21.91
SADHNANIQ,330.88,330.88
CHEVIOT,11.53,11.53
MEDICO,54.51,54.51
KFINTECH,48.57,48.57
DCXINDIA,42.9,42.9
NGLFINE,40.69,40.69
AXITA,30.15,30.15
TRU,141.61,141.61
RADHIKAJWE,17.31,17.31
SPLPETRO,36.45,36.45
CSLFINANCE,17.92,17.92
GENSOL,101.35,101.35
DBOL,20,20
SPORTKING,15.72,15.72
MANORAMA,105.72,105.72
SYNCOMF,72.69,72.62
SULA,49.57,49.57
BAIDFIN,18.37,18.37
KAMOPAINTS,166.72,166.72
SCPL,25.15,25.15
MANKIND,54.62,54.62
SATINDLTD,4.2,4.2
IKIO,35.8,35.8
MANOMAY,25.37,25.37
AARTIPHARM,23.97,23.97
NINSYS,70.96,70.96
SBGLP,98.55,98.55
HYBRIDFIN,23.07,23.07
SAH,190.9,190.9
AKI,171.78,171.78
IDEAFORGE,85.14,85.14
AARTECH,145.24,145.24
POCL,13.18,22.88
NETWEB,204.69,204.69
GHCLTEXTIL,53.93,53.93
ATL,59.26,59.26
SINDHUTRAD,21.38,21.38
DEEPAKFERT,15.3,15.3
COROMANDEL,21.26,21.26
ASIANPAINT,50.86,50.69
PGHL,34.97,34.97
TATACHEM,73.52,22.33
EPL,20.79,20.79
VIPIND,105.63,62.28
AEGISCHEM,41.12,41.12
JTEKTINDIA,44.84,47.54
ARE&M,24.8,23.82
EICHERMOT,37.4,37.4
RAMRAT,29.91,29.91
RUSTOMJEE,157.48,157.48
GSLSU,62.03,62.03
GRMOVER,17.5,17.5
DJML,82.44,82.44
KRITINUT,13.3,13.3
AVALON,77.87,77.87
SUKHJITS,14.31,14.31
SKYGOLD,45.65,45.65
DIVGIITTS,57.96,57.96
FAZE3Q,19.62,19.62
LLOYDSME,37.56,37.56
SAHYADRI,14.78,14.78
ASMS,1.7,
CYIENTDLM,89.52,89.52
ATAM,38.87,38.87
LAL,50.27,50.27
REDTAPE,115.33,115.33
PTCIL,410.8,410.8
KIRLPNU,50.75,48.55
NIITMTS,43.6,42.57
TREL,14.89,66.72
TAJGVK,37.89,37.89
CHENNPETRO,5.72,5.72
KRBL,11.33,11.33
GAEL,23.93,23.93
AXISCADES,67.96,67.96
TIPSINDLTD,47.32,47.32
HIKAL,52.77,52.77
SMARTLINK,1110.27,1110.27
MCDOWELL-N,67.59,67.44
MPSLTD,22.94,22.94
OLECTRA,180.28,196.46
PNB,21.69,21.69
UNIONBANK,9.07,9.07
GENESYS,272.92,272.92
NSIL,31.37,31.37
DREDGECORP,50.39,49.55
PETRONET,13.13,13.41
POONAWALLA,22.93,33.57
APARINDS,37.87,37.87
TEXINFRA,421.21,421.21
KOTARISUG,10.55,10.64
PATELENG,21.97,25.75
JPPOWER,12.74,8.81
JSWHL,64.06,64.06
MSPL,51.01,44.85
GOLDIAM,20.87,20.87
GEECEE,77.7,77.7
DCBBANK,8.23,8.23
GESHIP,6.37,6.37
DONEAR,19.87,19.87
PLASTIBLEN,21.74,21.74
TIDEWATER,25.01,25.01
AUTOIND,172.89,53.84
IZMO,18.75,18.75
TIIL,19.3,19.3
PFC,7.29,7.29
PAGEIND,72.6,72.6
ASTRAL,97.76,97.53
BALAMINES,33.19,33.19
ICRA,35.41,35.41
AROGRANITE,38.2,38.2
SRHHYPOLTD,7.37,7.14
TGBHOTELS,30.56,30.56
KMSUGAR,18.32,18.32
TIMETECHNO,21.24,21.24
NELCAST,24.32,33.13
ISMTLTD,19.43,18.2
MOTILALOFS,15.2,15.2
MAGNUM,12.18,12.18
DELTACORP,14.82,14.82
AJMERA,33.36,33.36
ADANIPOWER,9.85,9.85
AMRUTANJAN,46.6,46.6
AHLUCONT,30.68,30.62
HINDCOPPER,124.06,124.06
NESTLEIND,96.88,97.24
THANGAMAYL,28.56,28.56
MANINFRA,25.34,25.34
KIRLOSBROS,35.92,36.54
UMESLTD,62.87,62.87
BLISSGVS,14.5,14.5
GPPL,30.23,29.85
DEEPAKNTR,42.15,42.15
RAMKY,2.95,87.04
OBEROIRLTY,34.64,34.64
COALINDIA,9.65,9.65
MUTHOOTFIN,15.87,15.87
OMINFRAL,25.72,25.72
DELPHIFX,15.3,15.3
DHANUKA,25.99,25.99
ESSENTIA,25.31,25.39
MITCON,51.46,51.46
SREEL,24.93,24.93
BUTTERFLY,52.67,52.67
GOCLCORP,37.56,39.46
CIGNITITEC,26.01,26.01
FCL,35.69,35.69
CCHHL,16.41,16.41
VISHNU,18.59,18.59
LINC,25.92,25.92
AVANTIFEED,18.89,18.69
PRIVISCL,99.61,99.61
PNCINFRA,17.37,17.37
SYNGENE,54.96,54.01
MUTHOOTCAP,3.81,26.82
NAVKARCORP,322.9,322.9
INDIGO,21.06,21.06
LUXIND,42.39,42.39
KRIDHANINF,,153.8
ALKEM,37.08,33.69
OCCL,15.61,15.61
QUICKHEAL,109.84,109.84
VIDHIING,66.63,66.63
KELLTONTEC,,19.72
HCG,218.51,218.51
WEALTH,26.46,26.46
CROMPTON,45.94,45.94
PARAGMILK,24.73,24.73
ARMANFIN,12.4,12.4
ASPINWALL,34.07,34.07
KRISHANA,34.35,34.35
AIRAN,30.6,30.6
ARIHANTSUP,30.96,30.96
SHANKARA,21.93,21.93
WIPL,30.39,30.39
DEVIT,29.85,29.85
SCHAND,33.28,33.28
TEJASNET,302.89,302.89
MAGADSUGAR,8.83,8.83
TOTAL,164.37,164.37
SMSLIFE,109.44,
GEEKAYWIRE,13.75,13.75
CHOLAHLDNG,5.7,5.7
DPWIRES,26.1,26.1
JASH,38.14,38.14
TCPLPACK,19.45,19.45
TIINDIA,58.42,57.76
SECURCRED,15.88,15.88
SILVERTUC,63.4,63.4
SHALBY,37.01,37.01
ONEPOINT,60.52,60.52
BCONCEPTS,68.93,69.15
SOUTHWEST,39.21,39.21
ARVEE,349.26,349.26
GMMPFAUDLR,33.61,33.61
SARVESHWAR,60.52,60.52
URAVI,299.82,299.82
AVG,21.03,21.03
ORIENTELEC,53.74,64.68
BORORENEW,526.83,
AFFLE,56.97,56.97
SPANDANA,12.52,12.52
UJJIVANSFB,8.35,8.35
SAFARI,59.69,59.69
IIFLSEC,10.49,10.49
FLUOROCHEM,60.33,60.33
KUANTUM,6.86,6.86
CHEMBOND,15.4,15.4
SBICARD,28.6,28.6
SIGMA,20.31,20.31
EASEMYTRIP,55.14,55.14
PRINCEPIPE,32.01,34.24
PATANJALI,68.81,68.81
ASALCBR,20.7,20.7
UNIVPHOTO,12.99,12.99
BAFNAPH,18.96,18.96
POWERINDIA,363.9,363.9
RAJRATAN,44.59,44.59
GLAND,43.24,41.08
NDRAUTO,34.18,34.18
AAATECH,41.82,41.82
UNIDT,58.09,58.09
ANGELONE,22.08,22.08
VALIANTORG,24.98,27.89
ROML,23.78,21.59
NEULANDLAB,29.13,29.13
ZENSARTECH,20.86,20.86
BERGEPAINT,51.06,51.23
ANIKINDS,44.75,44.75
IGARASHI,148.25,148.25
MUNJALSHOW,14.65,17.15
HSCL,45.33,45.33
KARURVYSYA,10.61,10.61
WSI,26.02,27.94
TATAPOWER,45.69,48.92
SUNFLAG,27.77,27.77
SIEMENS,102.6,102.6
WIPRO,21.72,21.72
UNIVCABLES,79.17,79.17
TATACOMM,52.03,57.32
SANOFI,31.62,32.3
KAJARIACER,43.82,43.47
MODTHREAD,7.3,7.3
PIDILITIND,88.69,88.69
HONDAPOWER,30.24,28.69
ABB,109.54,109.54
BRITANNIA,53.76,53.71
JAYSREETEA,27.24,
3MINDIA,61.91,61.91
RALLIS,35.22,35.39
KOPRAN,31.53,31.53
SURYAROSNI,17.45,17.45
IPCALAB,55.72,60.98
GSFC,13.14,13.14
EIDPARRY,6.67,6.67
BIRLACORPN,35.77,37.91
ASHAPURMIN,15.17,18.31
AUTOAXLES,16.38,16.38
SWARAJENG,21.73,21.73
TNPETRO,16.07,12.74
EIMCOELECO,35.2,35.2
SILINV,13.58,13.58
KEYFINSERV,12.64,12.64
HITECHGEAR,18.34,52.09
SAGCEM,83.07,143.75
MMFL,21.95,22.05
GUJRAFFIA,36.6,36.6
BANKBARODA,7.62,7.62
SKMEGGPROD,7.52,7.52
DYCL,28.73,28.73
SBC,68,68
ELIN,69.03,69.03
MHLXMIRU,23,23
GATEWAY,20.61,20.61
ZIMLAB,36.97,36.97
RAINBOW,62.53,62.53
ROTO,35.28,35.28
INDOBORAX,14.42,14.42
AVONMORE,24.83,24.83
DREAMFOLKS,38.28,38.28
DHARMAJ,18.39,18.39
INOXGREEN,791.24,791.24
BIKAJI,71.37,71.37
HARDWYN,155.64,155.64
HMAAGRO,28.69,28.69
YATHARTH,50.57,50.57
KAYNES,104.14,104.14
SENCO,48.88,48.88
INDSWFTLAB,16.1,16.47
MAHAPEXLTD,55.06,87.41
ASAHIINDIA,48.01,48.01
KOTHARIPRO,231.33,231.33
SOUTHBANK,7.28,7.28
ITDCEM,30.79,30.79
CYIENT,29.06,27.17
CYBERTECH,25.32,25.32
GOACARBON,10.24,10.24
STCINDIA,19.28,21.04
IVC,29.55,29.55
ALEMBICLTD,31.63,26.38
BSOFT,29.86,29.86
ZYDUSLIFE,32.8,29.56
RAJESHEXPO,12.93,12.93
IOB,51.72,51.72
BLBLIMITED,15.66,17.51
BLUESTARCO,63.3,87.35
PNBGILTS,136.68,825.48
NLCINDIA,13.2,13.17
USHAMART,26.47,26.47
STLTECH,71.99,71.99
TRIDENT,48.04,48.06
ASAL,81.54,81.54
APTECHT,24.5,23.27
OFSS,29.1,29.1
DIVISLAB,76.58,76.58
MARUTI,30.24,30.24
WELSPUNLIV,21.92,21.92
IGL,19.96,19.96
UNIENTER,26.23,26.23
PTC,11.9,11.9
MAHABANK,12.41,12.41
RKFORGE,43.73,43.73
EXCELINDUS,103.56,103.56
NIITLTD,77.65,71.46
COFORGE,44.32,42.17
GUFICBIO,38.62,38.62
WELENT,11.98,13.63
JBMA,143.5,143.5
XCHANGING,110.32,110.32
JINDALPHOT,103.55,103.55
GOKEX,43.62,43.62
SHOPERSTOP,101.75,93.88
CYBERMEDIA,13.45,12
63MOONS,10.06,18.44
YESBANK,60.66,60.66
RML,108.8,11.57
AURIONPRO,53.13,53.13
AIAENG,31.11,31.11
ORIENTCER,29.26,34.03
VIMTALABS,29.14,29.14
NITINSPIN,15.75,15.75
ENIL,48.34,50.6
GVKPIL,6.08,6.08
KEC,70.38,70.38
BLKASHYAP,,30.69
CENTURYPLY,39.23,39.23
VAKRANGEE,1022.6,1329.7
UTTAMSUGAR,8.53,8.53
RSYSTEMS,38.83,38.83
LOKESHMACH,69.41,69.41
KAMDHENU,32.81,32.81
PIONEEREMB,65.34,65.34
MUNJALAU,204.93,19.79
GRINDWELL,58.64,58.6
ATLANTAA,.88,
ACE,66.11,66.11
ALICON,12.39,12.39
JMFINANCIL,10.6,10.6
LTFOODS,14.28,14.28
VENUSREM,15.03,15.03
TANLA,22.46,22.46
PTL,27.4,27.4
GANDHITUBE,21.02,21.02
UNOMINDA,62.82,62.82
HUBTOWN,78.32,78.32
ORIENTBELL,357.33,357.33
FSL,29.05,29.05
LAOPALA,27.18,27.18
THEMISMED,74.88,74.88
DISHTV,,15.94
NDLVENTURE,224.59,224.59
FORTIS,58.33,60.28
HILTON,28.21,28.21
NAGREEKEXP,11.22,11.22
V2RETAIL,104.95,104.95
MEGASOFT,53.87,53.87
CIEINDIA,23.09,23.09
PURVA,179.45,179.45
KSCL,15.81,15.81
MAANALU,20.55,20.55
RELIGARE,1.98,17.01
EDELWEISS,14.47,14.47
RGL,14.83,14.83
JYOTHYLAB,45.15,45.15
HITECHCORP,16.68,19.14
BRIGADE,92.52,93.9
MANAKSIA,7.44,6.79
DVL,29.79,29.79
KAVVERITEL,.93,.9
BIRLAMONEY,14.27,14.27
CORDSCABLE,24.34,24.34
NAHARCAP,13.53,13.53
VGUARD,64.23,64.23
DPSCLTD,103.92,103.92
TITAGARH,67.55,67.55
BAJAJFINSV,16.33,16.33
DIGISPICE,102.55,31.18
RPGLIFE,30.45,30.45
RANEENGINE,40.54,35.32
ARCHIDPLY,30.36,30.36
VINYLINDIA,33.21,33.21
ZFCVINDIA,63.92,63.92
JOCIL,53.2,53.2
ALKALI,75.52,71.2
MAWANASUG,9,8.88
VINATIORGA,47.28,47.28
NHPC,22.63,22.63
EXPLEOSOL,19.52,19.52
DLINKINDIA,13,13
BEARDSELL,15.8,15.8
WHIRLPOOL,89.83,89.83
JUBLFOOD,119.85,119.85
DBREALTY,9.87,10.52
LGBBROSLTD,15.84,16.35
KSL,15.14,15.14
MANAPPURAM,8.17,8.17
IMFA,10.49,10.35
AHLEAST,14.3,24.25
BAJAJCON,21.19,21.19
KILITCH,46.57,46.57
SASTASUNDR,27.26,27.01
CANTABIL,29.34,29.34
BEDMUTHA,37.07,37.07
JWL,62.86,62.86
RESPONIND,57.92,57.92
PENIND,20.09,20.09
MOIL,29.8,29.8
KICL,40.39,65.12
HFCL,46.16,46.16
PFS,14.61,14.61
SYMPHONY,56.57,55.99
ASHIANA,51.51,51.51
RUSHIL,17.43,17.43
LTF,18.13,18.13
WINDMACHIN,64.13,64.13
ASAHISONG,147.67,
APLLTD,32.7,32.7
PANAMAPET,10.85,10.85
PAISALO,36.5,36.57
SHAKTIPUMP,26.68,26.68
INDOTHAI,64.74,64.74
DSSL,31.38,31.38
RUPA,33.43,33.43
APLAPOLLO,56.54,56.54
IRFC,34.82,34.82
RHIM,,92.15
SCHNEIDER,88.95,87.3
NBCC,66.19,56.09
TBZ,15.51,15.51
SWANENERGY,32.65,29.97
RTNINDIA,28.3,24.98
PROZONER,24.84,24.84
MAYURUNIQ,20.6,20.6
TVSHLTD,9.79,9.85
CARERATING,36.62,36.62
INDUSTOWER,16.99,16.99
NATHBIOGEN,9.85,10.38
CASTROLIND,24.28,24.28
WONDERLA,32.84,32.84
GULFOILLUB,17.81,17.81
SUPERHOUSE,15.7,15.7
PDSL,29.61,29.61
INTELLECT,45.08,44.86
LAMBODHARA,45.04,45.04
GREENLAM,55.92,55.92
MENONBE,9.38,9.38
ZENTEC,77.82,77.82
IMAGICAA,10.84,11.46
SKIPPER,48.65,48.65
ORICONENT,34.3,27.92
ADANIENSOL,94.67,85.37
SATIN,6.58,6.58
SHREEPUSHK,15.93,15.93
IDFCFIRSTB,19.62,19.62
BALAXI,,18.03
PILANIINVS,30.36,30.36
NH,33.52,33.52
TEAMLEASE,50.56,51.18
NECCLTD,40.78,40.78
GOKULAGRO,14.73,14.73
HECPROJECT,18.2,18.2
BHARATWIRE,23.67,23.67
THYROCARE,53.93,53.93
SAGARDEEP,111.69,111.69
UNITEDPOLY,28.93,28.93
ALBERTDAVD,10.36,10.36
CONTROLPR,25.59,25.61
INCREDIBLE,31.85,31.85
MOLDTECH,19.99,19.99
QUESS,44.31,40.37
LLOYDSENGG,123.08,123.08
LTIM,30.65,30.65
DBL,52.19,38.09
NDGL,12.34,12.34
BIGBLOC,63.24,63.24
MBAPL,43.9,43.9
CUPID,41.22,41.22
GNA,15.17,15.17
CROWN,40.86,42.77
MASKINVEST,143.39,143.39
SAKAR,61.65,61.63
PANSARI,38.48,38.48
NIRAJISPAT,11.98,11.98
VBL,91.86,91.86
TCIEXP,28.76,28.76
RHFL,.03,.03
LIBAS,20.82,20.82
MAHESHWARI,14.35,14.35
PRICOLLTD,40.46,40.46
STEELCITY,15.77,15.77
GLOBAL,14.54,14.54
NITIRAJ,40.8,42.52
RADIOCITY,207.15,207.15
INTENTECH,16.52,16.52
EIFFL,128.64,128.64
NRAIL,6.21,6.21
CREATIVE,33.5,33.5
FOCUS,33.63,33.63
SIKKO,42.02,42.02
PANACHE,187.82,187.82
INFOBEAN,53.02,53.02
GLOBE,20.74,20.74
ERIS,32.08,32.08
ACEINTEG,324.08,324.08
DYNPRO,102.01,102.01
UNIVASTU,30.21,30.21
GANGESSECU,30.99,30.99
WEWIN,36.97,36.97
COCHINSHIP,62.42,70.51
VAISHALI,29.12,29.12
SERVOTECH,129.52,129.52
DIXON,145.1,145.1
CAPACITE,30.26,30.26
WORTH,12.82,12.82
AARVI,19.24,19.24
AIROLAM,28.86,28.86
RKEC,15.19,15.19
TIRUPATIFL,27.08,27.08
MASFIN,19.65,19.65
DPABHUSHAN,52.18,52.18
NAM-INDIA,33.46,33.46
KHADIM,66.55,66.55
VERTOZ,88.61,88.61
ICEMAKE,39.77,39.77
SHRADHA,11.87,11.87
TOUCHWOOD,58.15,58.17
AJOONI,32.38,32.38
NEWGEN,54.05,54.05
GALAXYSURF,28.96,28.96
SINTERCOM,363.45,363.45
HGINFRA,15.08,15.42
HINDCON,47.4,47.4
MACPOWER,66.14,66.14
BANDHANBNK,13.1,13.1
ISEC,14.48,14.48
KAPSTON,27.68,27.68
LEMONTREE,76.07,76.07
MMP,31.41,31.41
BSHSL,108.3,108.3
AAKASH,28.72,28.72
SOFTTECH,201.42,201.42
E2E,77.93,77.93
SIRCA,35.92,35.92
SVLL,78.39,78.39
SONAMLTD,37.36,37.36
PRITI,21.59,21.59
FINEORG,29.93,29.93
REPL,23.92,23.92
HBSL,2.48,2.48
AVROIND,33.87,33.87
HDFCAMC,41.44,41.44
TEMBO,23.24,23.24
AARON,48.51,48.51
SIGIND,13.51,13.51
SUMIT,30.25,30.25
RPPL,32.76,32.76
AKG,31.21,31.21
AHLADA,16.09,16.09
AAVAS,26.12,26.12
SILGO,22.98,22.98
VINNY,11.29,11.29
BBTCL,28.77,28.77
MARINE,80.77,80.77
IRISDOREME,58.65,58.65
ATGL,171.39,171.39
TECHNOE,55.22,55.22
UNIPARTS,17.45,17.45
SHRIRAMPPS,5.95,5.95
AWHCL,17.54,17.54
RPSGVENT,14.27,14.27
CHALET,81.82,75.81
MSTCLTD,26.84,26.84
ARVINDFASN,67.58,64.46
PAR,23.44,23.44
RVNL,43.77,43.77
POLYCAB,50.32,50.32
METROPOLIS,73.28,73.28
KPITTECH,69.03,69.03
NEOGEN,123.25,123.25
EMAMIPAP,15.46,15.46
CONFIPET,22.56,22.56
PPL,11.05,11.05
INDIAMART,47.75,47.53
OAL,7119.82,7119.82
SATIA,5.39,5.39
WEL,175.42,175.42
CHEMCON,35.62,35.62
WESTLIFE,195.98,195.98
HNDFDS,84.1,84.1
MAZDOCK,32.42,32.42
IRCTC,75.63,73.58
DCI,30.28,30.28
360ONE,35.22,35.22
HPIL,54.22,54.22
GREENPANEL,21.36,21.36
APOLLOPIPE,53.5,53.5
MGEL,20.01,19.95
ROUTE,24.07,24.85
HOMEFIRST,27.37,27.37
CSBBANK,11.44,11.44
EQUITASBNK,14.01,14.01
ROSSARI,33.03,33.03
HINDWAREAP,45.28,45.28
LIKHITHA,19.11,19.11
ARTEMISMED,56.45,56.45
SUMICHEM,60.34,60.34
ATALREAL,71.88,71.88
MAHEPC,222.38,172.73
SUVENPHAR,44.68,44.68
STOVEKRAFT,59.42,59.42
KSOLVES,40.59,40.59
HAPPSTMNDS,52.97,53.15
AARTISURF,28.94,28.94
BOROLTD,45.55,45.55
MAXHEALTH,77.06,77.06
PAVNAIND,37.84,37.84
KALYANKJIL,80.22,77.03
BTML,39.33,39.33
SHAREINDIA,15.83,15.8
SIGACHI,44.55,44.55
ADL,,1839.94
NIRAJ,35.39,15.62
CAMS,50.18,50.18
SURYODAY,11.33,11.33
UTIAMC,15.37,15.37
BECTORFOOD,55.47,55.47
ORCHPHARMA,43.48,62.91
INDIGOPNTS,45.65,45.65
LXCHEM,70.7,70.7
FAIRCHEMOR,44.51,44.51
KANPRPLA,49.7,49.7
ISGEC,29.92,29.92
PAKKA,30.73,30.73
CLSEL,9.05,9.05
SHAILY,60.5,60.5
BCLIND,16.81,16.74
SBCL,42.72,42.72
SMCGLOBAL,11.71,11.71
ARIHANTCAP,14.02,14.02
NAZARA,57.85,57.85
GENCON,16.52,16.52
HLEGLAS,61.48,58.02
SONACOMS,76.3,74.91
DRCSYSTEMS,27.75,27.75
PARAS,87.67,87.67
DODLA,40.38,40.38
JUBLINGREA,42.03,42.03
ROLEXRINGS,25.77,25.77
SHYAMMETL,16.15,16.16
KIMS,44.66,44.66
TATVA,76.29,66.44
GLS,21.32,21.32
ABSLAMC,19.92,19.92
PIXTRANS,24.03,24.03
WINDLAS,21.69,21.69
KRSNAA,32.64,32.64
APTUS,28.5,28.5
SUPRIYA,27.47,27.47
VIJAYA,64.57,63.73
BAJAJHCARE,42.48,42.48
AAREYDRUGS,34.69,37.04
INTLCONV,8.73,8.73
STEELCAS,17.82,17.82
INDIANHUME,28.91,28.91
IOC,5.3,5.3
RICOAUTO,39.55,38.15
KAMATHOTEL,2.28,13.62
BANCOINDIA,17.6,17.6
MANINDS,24.77,24.77
APOLLOTYRE,17.5,17.35
SHANTIGEAR,56.56,56.56
ONWARDTEC,30.7,30.7
NCC,22.26,21.94
ICIL,23.12,23.12
ELGIEQUIP,51.57,64.41
BBTC,,5.02
EIHOTEL,60.28,52.95
LICHSGFIN,7.53,7.53
BEPL,19.55,19.55
MOREPENLAB,33.95,33.95
VENKEYS,35.51,35.51
GHCL,5.52,6.94
HIL,49.9,197.59
EVERESTIND,77.46,100.29
BPL,34.47,34.47
PGHH,69.47,69.47
VESUVIUS,37.08,37.08
BOMDYEING,1.36,
NAVNETEDUL,19.29,26.83
GLAXO,67.67,60.22
CHOLAFIN,30.57,30.57
FMGOETZE,16.59,16.59
GILLETTE,52.2,52.2
FOSECOIND,31.61,36.46
SCHAEFFLER,60.44,60.22
AMJLAND,20.23,20.23
MFSL,68.02,68.02
GODFRYPHLP,25.42,25.42
TATAINVEST,113.31,113.31
SHREECEM,38.79,38.79
INGERRAND,54.96,54.96
AKZOINDIA,26.98,26.98
HINDUNILVR,50.85,50.87
FINPIPE,38.89,38.89
DCW,46.87,45.7
GREENPLY,45.78,50.46
NATIONALUM,22.11,22.11
JINDALSTEL,17.55,17.24
NIPPOBATRY,135.19,135.19
HCLTECH,23.97,23.97
ACCELYA,26.35,26.42
STAR,,39.31
GLENMARK,,42.76
NRBBEARING,12.45,29.05
BIL,43.86,43.86
KTKBANK,6.31,6.31
AJANTPHARM,37.87,37.87
CALSOFT,986.56,986.56
TVSMOTOR,55.57,55.57
REPRO,82.9,82.9
HAVELLS,87.18,87.18
BALAJITELE,28.29,28.29
MRO-TEK,31.34,31.34
MARKSANS,23.96,23.96
GODREJCP,69.8,66.31
LUPIN,41.24,41.24
TCI,25.49,25.21
BHARTIARTL,91.72,75.69
PONNIERODE,8.24,8.24
NUCLEUS,18.41,18.41
CANBK,7.92,7.92
GODREJIND,48.95,48.95
RADICO,100.34,100.34
UCOBANK,40.92,40.92
JSL,19.81,20.37
TVSELECT,462.56,462.56
TVTODAY,27.58,25.5
MUKANDLTD,13.37,13.37
VAIBHAVGBL,54.6,53.49
XPROINDIA,67.26,67.26
DATAMATICS,17.67,17.67
CCL,29.21,29.21
LT,33.28,33.28
TCS,30.38,29.91
KHAITANLTD,109.48,109.48
ANDHRSUGAR,19.57,19.11
AUSOMENT,32.2,32.2
ZENITHEXPO,48.96,48.96
VISAKAIND,234.07,234.07
CREST,17.98,17.98
INDIANCARD,24.01,
DENORA,39.73,39.73
MIRZAINT,50.43,50.43
GANESHHOUC,16.69,16.69
MPHASIS,28.45,28.45
RUCHINFRA,25.11,64.98
RAMCOIND,20.39,20.86
INDRAMEDCO,22.29,22.29
MADRASFERT,,72.26
BANKINDIA,11.3,11.3
ICICIBANK,18.11,18.11
DRREDDY,20.16,20.16
MAHSEAMLES,10.68,10.65
VINDHYATEL,21.26,21.26
BEML,79.02,79.02
ATFL,176.36,251.78
BIRLACABLE,24.61,24.61
UNICHEMLAB,278.17,
SUNPHARMA,40.57,38.53
VARDHACRLC,28.52,28.52
JAIBALAJI,19.81,19.81
UPL,,20.78
BIOCON,22.82,22.78
ULTRACEMCO,41.2,40.88
ASTRAMICRO,90.53,90.53
INDOCO,29.81,27.78
JSWSTEEL,19.09,19.91
SAKSOFT,30.53,30.53
WELCORP,16.69,16.69
PRIMESECU,31.66,31.66
GEOJITFSL,19.15,19.15
SPLIL,15.93,15.06
SOBHA,183.03,183.03
JINDRILL,22.66,22.66
HBLPOWER,60.98,60.2
SARLAPOLY,25.56,25.56
PITTIENG,38.58,38.58
CTE,301.11,301.11
REDINGTON,13.71,13.71
SMSPHARMA,42.65,42.65
AMDIND,21.53,21.53
POWERGRID,17.22,17.22
GKWLIMITED,83.63,83.63
OIL,10.01,10.04
DEN,11.74,11.74
SHILPAMED,1001.07,1001.07
GODREJPROP,114,114
HATHWAY,62.73,62.71
PERSISTENT,47.53,47.53
HMVL,76.65,76.65
IITL,11.19,23.13
WELINV,53.59,53.59
CAREERP,24.91,24.91
ASHOKA,14.28,12.72
CGCL,52.91,52.91
JINDWORLD,91.42,91.42
KIRLOSENG,39.47,37.26
SUMMITSEC,22.57,22.57
TEXRAIL,105.77,105.77
DHUNINV,13.82,13.82
PIIND,35.88,35.88
ORIENTCEM,25.87,25.87
AGRITECH,15.47,15.47
AGARIND,13.43,13.43
SHARDACROP,38.81,38.81
MONTECARLO,14.33,14.33
GULPOLY,53.65,53.65
GENUSPAPER,185.43,185.43
HESTERBIO,86.06,86.06
TPLPLASTEH,41.48,41.48
SHYAMCENT,43,43
RAMASTEEL,58.55,58.55
POWERMECH,33.58,33.58
SADBHIN,,1.13
DMART,119.95,119.95
CLEDUCATE,27.32,21.75
DOLLAR,52.13,51.62
PSPPROJECT,17.14,17.14
CDSL,61.67,61.67
AUBANK,30.87,29.66
AVADHSUGAR,8.04,8.04
SIS,24.91,24.91
APEX,61.86,61.86
DIAMONDYD,34.5,34.07
IEX,42.21,42.21
5PAISA,30.68,30.68
APOLLO,121.95,116.73
SUNDARMHLD,146.08,146.08
CHEMFAB,23.81,23.81
MURUDCERA,49.2,49.2
LIBERTSHOE,93.75,88.68
MANGLMCEM,40.1,40.1
OSWALAGRO,7118.28,7118.28
RUBYMILLS,17.16,17.16
GRAPHITE,16.21,436.58
DHAMPURSUG,10.77,10.77
KOTAKBANK,18.89,18.89
KANSAINER,19.57,34.92
GABRIEL,33.33,33.33
PRAKASH,9.64,9.64
GREAVESCOT,,42.55
SUDARSCHEM,14.81,56.77
HINDALCO,15.56,15.59
AMBUJACEM,31.64,30.78
CGPOWER,95.16,100.23
BEL,48.83,48.83
DALMIASUG,10.92,10.92
MRF,27.39,27.39
STARPAPER,5.8,5.49
JAYAGROGN,14.36,14.36
SUNDRMBRAK,24.76,24.76
STERTOOLS,26.86,25.93
TVSSRICHAK,29.53,29.22
DYNAMATECH,64.58,81.08
ALKYLAMINE,66.53,66.53
KOTHARIPET,12.66,12.66
GAIL,20.1,21.01
KCPSUGIND,9.87,9.65
HUDCO,22.27,22.27
SAREGAMA,45.17,45.17
FDC,25.96,25.96
ENGINERSIN,31.36,31.36
JAICORPLTD,,116.69
GMDCLTD,15.99,15.99
INDUSINDBK,12.89,12.89
TRIGYN,103.49,103.49
J&KBANK,9.33,9.33
CUB,12.02,12.02
ARCHIES,36.54,36.54
ASTRAZEN,99.69,90.53
AXISBANK,13.54,13.54
SONATSOFTW,62.41,5.4
KOKUYOCMLN,36.17,36.17
DHANBANK,12.2,12.2
SANGHVIMOV,33.01,33.01
RAILTEL,52.35,59.47
NURECA,350.43,350.43
HERANBA,28.8,28.8
MTARTECH,71.33,71.33
ANURAS,45.73,45.73
STYLAMIND,24.98,24.98
CARYSIL,45.66,45.66
MODISONLTD,20.16,24.75
BHAGCHEM,99.45,99.45
IPL,31.25,31.25
LODHA,77.86,73.33
UTKARSHBNK,12.88,12.88
CRAFTSMAN,27.78,27.78
EXXARO,213.49,144.42
CLEAN,55.29,55.29
DEEPINDS,11.52,15.6
CARTRADE,51.82,51.82
DEVYANI,202.57,212.63
ANMOL,10.73,10.73
AMIORG,101.49,46.82
SANSERA,30.43,30.43
GRINFRA,11.3,11.3
PENINLAND,9.73,16.25
WHEELS,39.36,39.36
ZODIACLOTH,29.03,
PREMIERPOL,23,23
SESHAPAPER,8.2,8.2
SUNDRMFAST,44.71,44.71
EXIDEIND,44.13,44.13
ELECON,37.23,37.23
CRISIL,49.67,49.67
ORIENTPPR,17.91,17.91
NELCO,74.95,74.95
MASTEK,26.78,26.58
LUMAXIND,52.38,48.43
KECL,43.64,43.64
CUMMINSIND,70.44,70.37
JAYBARMARU,38.3,38.3
INFY,22.69,22.69
INDIAGLYCO,16.37,16.37
IGPL,22.98,22.98
GNFC,15.31,15.31
BPCL,5.04,4.74
BASF,33.45,34.24
ARVIND,24.26,24.91
ACC,20.41,22.98
SCI,15.96,15.96
LINDEINDIA,219.23,219.23
HINDPETRO,4.96,4.96
ASHOKLEY,21.37,21.59
TITAN,92.51,92.51
SUNDARMFIN,36.81,36.81
SPIC,12.16,12.16
SBIN,11.39,10.54
PFIZER,38.27,37.89
NOCIL,37.97,37.97
BATAINDIA,65.93,60.3
CARBORUNIV,62.95,65.59
DICIND,,376.56
BALMLAWRIE,28.54,28.54
RAMCOCEM,45.44,45.44
ADORWELD,30.24,30.46
TORNTPHARM,60.88,64.02
FEDERALBNK,10.04,10.04
VLSFINANCE,4.05,4.05
SRF,85.02,85.02
WEIZMANIND,23.74,23.74
HONAUT,85.93,85.93
TATAELXSI,55.83,55.83
SANDESH,7.34,7.35
HCC,13.89,48.82
APOLLOHOSP,106.04,106.2
BALKRISIND,37.22,37.22
GET&D,243.31,47.5
ONGC,7.03,6.28
TAINWALCHM,55.17,55.17
BSL,15.53,13.72
BLUEDART,50.85,50.85
APCOTEXIND,36.92,36.92
RCF,27.82,42.71
RANASUG,6.84,6.84
DECCANCE,20.25,20.25
UFLEX,,17.22
ADVANIHOTR,29.65,29.65
SUBROS,47.42,47.42
BHARATRAS,69.66,69.62
SOMANYCERA,29.08,28.22
KABRAEXTRU,49.55,49.55
HEIDELBERG,29.46,29.46
POLYPLEX,38.85,38.85
EIHAHOTELS,32.24,32.24
SAIL,26.87,24.21
IDBI,18.55,18.55
BBL,33.2,33.2
ELECTCAST,18.93,18.93
DABUR,50.93,50.93
CIPLA,30.36,28.42
HDFCBANK,17.86,17.75
GMBREW,9.58,9.58
ITC,26.35,26.41
BCG,2,2
UFO,122.66,95.46
ARROWGREEN,21.32,21.32
AYMSYNTEX,,420.76
PKTEA,345.08,345.08
ARVSMART,79.14,79.14
SHARDAMOTR,17.26,17.26
GUJGASLTD,34.49,34.49
COFFEEDAY,52.72,9.01
SHK,30.13,24.72
TTKHLTCARE,33.7,33.7
SALZERELEC,32.67,32.67
LINCOLN,13.63,13.63
LALPATHLAB,58.76,58.76
PRECAM,41.71,59.38
HITECH,39.46,39.46
BHAGERIA,45.53,45.53
KDDL,26.55,26.61
PDMJEPAPER,9.93,9.93
INFIBEAM,65.8,65.8
UJJIVAN,6.16,6.16
SHRIPISTON,21.94,21.94
BLS,45.47,48.74
SALONA,18.65,18.65
PREMEXPLN,113.88,113.88
MAHASTEEL,40.79,51.03
DAMODARIND,38.65,38.65
MGL,11.02,11.02
POKARNA,17.72,17.72
VIJIFIN,220.44,220.44
GPTINFRA,24.6,24.6
MINDTECK,29.02,29.02
ADVENZYMES,31.4,30.76
SPAL,17.96,17.96
RBLBANK,12.64,12.64
LTTS,38.17,38.17
MARATHON,18.76,18.76
HPL,56.27,56.27
ENDURANCE,45.6,45.6
MAZDA,17.91,17.91
PNBHOUSING,15.46,15.46
KINGFA,19.63,19.63
PODDARMENT,13.66,13.66
NBIFIN,63.04,63.04
KIOCL,646.2,646.2
SFL,51.22,53.61
LAURUSLABS,142.18,142.18
ITDC,85.85,85.85
HISARMETAL,15.49,15.49
SPCENET,168.04,168.04
BHANDARI,20.22,20.22
BSE,53.84,110.99
JITFINFRA,47.64,47.64
TASTYBITE,62.36,62.36
URJA,470.18,470.18
BHAGYANGR,7.46,7.46
STARCEMENT,30.91,30.91
GTPL,17.84,17.84
SALASAR,64.93,64.31
THEINVEST,35.87,35.87
OPTIEMUS,45.23,45.23
ABCAPITAL,24.43,24.43
MATRIMONY,25.24,25.24
GODREJAGRO,39.69,39.69
IFGLEXPOR,23.35,23.35
AMBER,84.54,84.54
ASTERDM,42.5,
BDL,75.86,75.86
HAL,43.75,43.75
SANDHAR,30.32,31.03
MIDHANI,72.92,72.92
INDOSTAR,19.54,19.54
ADANIGREEN,238.91,197.19
GAYAHWS,.15,
RITES,33.39,33.39
VARROC,16.69,16.69
CREDITACC,17.57,17.57
IRCON,27.69,27.69
GRSE,38.11,38.11
NILASPACES,39.03,39.03
DALBHARAT,40.25,40.25
ANUP,44.26,44.26
GULFPETRO,14.05,14.05
NTPC,19.57,19.57
DWARKESH,12.96,12.96
SUPRAJIT,38.95,38.95
CONSOFINVT,2.47,2.47
EVEREADY,62.19,62.19
ALLSEC,21.16,21.16
IIFL,8.74,8.74
SSWL,17.37,17.37
SURYALAXMI,37.38,18.97
JKPAPER,5.67,5.67
GRANULES,25.78,25.78
VHL,32.42,32.42
GENUSPOWER,152.95,152.95
NECLIFE,96.04,96.04
SASKEN,30.22,30.22
FCSSOFT,,207.08
IMPAL,15.49,15.49
SUZLON,77.93,112.28
TRIVENI,19.12,19.12
NAHARINDUS,165.43,87.46
EKC,14.03,13.91
CELEBRITY,33.75,34.15
ROHLTD,24.22,24.22
GSPL,8.14,8.14
JAGRAN,12.61,12.61
SAKUMA,36.79,36.79
JKCEMENT,45.72,44.95
INDOTECH,47.29,47.29
M&MFIN,17.06,17.06
KEI,63.06,63.06
SOLARINDS,93.67,93.67
GALLANTT,35.91,35.91
KKCL,29.35,29.35
SUNTV,13.74,13.74
GPIL,13.62,13.65
EMKAY,29.45,29.45
BALPHARMA,44.96,44.96
SWELECTES,62.41,62.41
RATNAMANI,34.78,34.78
JKLAKSHMI,21.22,21.53
ALLCARGO,33.55,39.95
EMAMILTD,29.44,29.24
TECHM,52.67,52.75
VOLTAMP,51.78,51.78
SELAN,37.2,37.2
ANANTRAJ,47.51,47.51
HOVS,29.95,29.95
TALBROAUTO,29.51,29.51
FIEMIND,19.89,19.89
NAUKRI,397.35,291.63
TORNTPOWER,38.17,38.17
MANALIPETC,75.32,75.32
RUCHIRA,6.4,6.4
HIRECT,255.17,60.86
PARACABLES,30.65,30.65
AVTNPL,23.5,23.5
LUMAXTECH,23.47,22.24
WANBURY,21.18,20.65
PGIL,14.79,16.34
INDIANB,10.27,10.27
RAJTV,325.95,325.95
JKTYRE,14.18,14.27
NCLIND,11.79,11.79
BANSWRAS,9.47,9.47
PHOENIXLTD,44.18,45.68
BFUTILITIE,10.58,10.58
WEBELSOLAR,,92.33
INSECTICID,26.35,26.35
NAVINFLUOR,50.44,58.5
HGS,58.36,58.36
DLF,170.67,170.67
ADSL,18.18,18.18
ALPA,11.3,11.33
CENTRALBK,25.31,25.31
KPRMILL,35.93,35.93
NAGREEKCAP,.52,.52
CENTUM,91.87,91.87
MANGCHEFER,6.37,6.37
BAJAJELEC,68.16,68.16
CERA,41.01,40.13
ADANIPORTS,38.71,33.73
KOLTEPATIL,48.2,48.2
COLPAL,60.95,60.21
KALYANIFRG,34.52,34.52
ECLERX,23.69,23.63
TRIL,199.94,199.94
PATINTLOG,27.91,27.91
ARIES,23.64,23.64
AMBIKCO,13.62,13.62
CEATLTD,15.77,15.57
JKIL,17.16,17.16
KNRCON,13.8,13.8
HERCULES,14.97,54.53
ONMOBILE,60.7,50.34
IRB,54.55,54.55
NMDC,11.61,13.21
RECLTD,9.28,9.28
NESCO,17.72,17.72
BAJAJ-AUTO,32.87,32.87
GOKUL,72.07,16.05
RBL,17.72,17.72
LOTUSEYE,35.74,35.77
UBL,158.89,158.89
20MICRONS,11.78,11.52
TATAMTRDVR,1.79,1.71
COUNCODOS,29.03,29.03
MHRIL,75.1,75.1
GLOBUSSPR,17.27,17.27
ZYDUSWELL,39.98,36.96
SARDAEN,15.04,15
REFEX,16.97,16.98
JSWENERGY,63.6,63.6
DBCORP,14.59,14.59
MMTC,229.06,422.23
UNITEDTEA,11.1,11.1
VASCONEQ,19.85,19.85
EMMBI,25.88,25.88
ISFT,21.84,21.84
SJVN,62.41,60.31
KIRLOSIND,13.52,12.73
TI,26.88,33.2
UGARSUGAR,13.22,13.22
ADFFOODS,39.52,39.52
GREENPOWER,45.77,67.91
WABAG,107.04,22.38
PRESTIGE,27.95,28.12
IOLCP,13.57,13.57
GRAVITA,28.39,28.39
JAMNAAUTO,27.84,27.84
PSB,47.73,47.73
STEL,45.3,45.3
JUBLINDS,105.06,27.74
HINDMOTORS,68.75,68.75
LOVABLE,41.88,41.88
VADILALIND,21.19,21.19
RELAXO,102.37,102.37
VSTTILLERS,24.96,24.96
MAITHANALL,11.8,11.8
BODALCHEM,137.19,137.19
TREEHOUSE,,472.82
FILATEX,29.57,29.57
TDPOWERSYS,43.62,43.98
TECHIN,19.7,19.7
PGEL,49.47,49.47
TRITURBINE,68.74,68.74
ESSARSHPNG,1.9,52.19
POLYMED,63.87,64.02
VIKASECO,86.54,86.54
MINDACORP,35.16,35.16
DBSTOCKBRO,24.68,24.68
COMPUSOFT,31.49,31.49
NDL,27.46,27.46
HEXATRADEX,9.47,9.47
VSSL,32.8,32.8
SPECIALITY,11.33,12.75
KITEX,34.8,34.8
ROSSELLIND,134.55,133.65
ZUARI,,5.51
VETO,13.8,13.8
REPCOHOME,8.77,8.77
JUSTDIAL,25.44,25.44
ATULAUTO,266.15,266.15
IBULHSGFIN,7.27,7.27
ORBTEXP,15.47,15.31
JPOLYINVST,3.08,3.04
SDBL,28.63,28.63
HATSUN,91.56,91.56
CAPLIPOINT,23.15,23.16
SNOWMAN,73.32,73.32
GOODLUCK,23.73,23.73
APOLSINHOT,41.16,41.16
GRPLTD,63.24,63.24
MOLDTKPAC,39.75,39.75
GANECOS,80.98,80.98
JMA,8.86,8.86
MANAKCOAT,25.93,36.77
LFIC,6.56,6.56
BYKE,54.71,54.71
VRLLOG,38.4,38.53
