GAIN_LOSS,SECURITY,CLOSE_PRIC,PREV_CL_PR,PERCENT_CG
 ,Nifty 50 Sec., , , 
 , , , , 
G,LARSEN & TOUBRO LTD.,      3626.50,      3526.55,2.83
G,WIPRO LTD,       538.20,       527.35,2.06
G,INFOSYS LIMITED,      1621.05,      1590.80,1.9
G,HDFC BANK LTD,      1730.60,      1705.20,1.49
G,TATA CONSULTANCY SERV LT,      4017.40,      3978.20,.99
G,TATA CONSUMER PRODUCT LTD,      1105.00,      1094.55,.95
G,COAL INDIA LTD,       479.10,       474.80,.91
G,HCL TECHNOLOGIES LTD,      1480.80,      1468.85,.81
G,HINDALCO  INDUSTRIES  LTD,       694.75,       689.85,.71
G,OIL AND NATURAL GAS CORP.,       274.85,       272.95,.7
G,CIPLA LTD,      1488.65,      1479.10,.65
G,GRASIM INDUSTRIES LTD,      2742.95,      2726.40,.61
G,LTIMINDTREE LIMITED,      5474.00,      5447.50,.49
G,POWER GRID CORP. LTD.,       330.80,       329.60,.36
G,RELIANCE INDUSTRIES LTD,      3130.35,      3120.30,.32
G,TATA STEEL LIMITED,       174.54,       174.07,.27
G,DR. REDDY S LABORATORIES,      6370.25,      6353.70,.26
G,SUN PHARMACEUTICAL IND L,      1524.05,      1520.10,.26
G,NTPC LTD,       370.40,       369.75,.18
G,ADANI PORT & SEZ LTD,      1474.85,      1474.50,.02
G,TECH MAHINDRA LIMITED,      1472.15,      1472.10,0
 , , , , 
L,SHRIRAM FINANCE LIMITED,      2824.90,      2924.25,-3.4
L,BHARTI AIRTEL LIMITED,      1418.95,      1454.00,-2.41
L,KOTAK MAHINDRA BANK LTD,      1769.60,      1808.10,-2.13
L,TATA MOTORS LIMITED,       981.30,      1002.05,-2.07
L,INDUSIND BANK LIMITED,      1429.45,      1456.90,-1.88
L,STATE BANK OF INDIA,       826.15,       841.95,-1.88
L,HDFC LIFE INS CO LTD,       589.80,       600.75,-1.82
L,ICICI BANK LTD.,      1190.60,      1211.85,-1.75
L,BAJAJ FINANCE LIMITED,      7165.60,      7276.75,-1.53
L,BAJAJ AUTO LIMITED,      9401.25,      9532.40,-1.38
L,BRITANNIA INDUSTRIES LTD,      5401.65,      5476.50,-1.37
L,ADANI ENTERPRISES LIMITED,      3153.20,      3183.80,-0.96
L,TITAN COMPANY LIMITED,      3399.65,      3431.45,-0.93
L,NESTLE INDIA LIMITED,      2544.45,      2568.10,-0.92
L,ITC LTD,       425.50,       429.05,-0.83
L,HINDUSTAN UNILEVER LTD.,      2485.15,      2505.10,-0.8
L,APOLLO HOSPITALS ENTER. L,      6097.60,      6140.50,-0.7
L,AXIS BANK LIMITED,      1253.40,      1261.90,-0.67
L,DIVI S LABORATORIES LTD,      4571.45,      4602.10,-0.67
L,HERO MOTOCORP LIMITED,      5567.10,      5603.10,-0.64
L,JSW STEEL LIMITED,       938.25,       943.90,-0.6
L,MARUTI SUZUKI INDIA LTD.,     12042.60,     12108.65,-0.55
L,SBI LIFE INSURANCE CO LTD,      1494.90,      1501.85,-0.46
L,ULTRATECH CEMENT LIMITED,     11853.95,     11904.65,-0.43
L,MAHINDRA & MAHINDRA LTD,      2865.15,      2875.85,-0.37
L,EICHER MOTORS LTD,      4625.75,      4635.55,-0.21
L,ASIAN PAINTS LIMITED,      2925.60,      2927.80,-0.08
L,BHARAT PETROLEUM CORP  LT,       304.40,       304.55,-0.05
L,BAJAJ FINSERV LTD.,      1579.75,      1580.20,-0.03
 , , , , 
 ,Nifty Next 50 Sec., , , 
 , , , , 
G,SAMVRDHNA MTHRSN INTL LTD,       202.96,       196.75,3.16
G,ADANI ENERGY SOLUTION LTD,      1024.75,       999.20,2.56
G,ZOMATO LIMITED,       209.09,       203.97,2.51
G,ADANI TOTAL GAS LIMITED,       904.60,       888.05,1.86
G,BAJAJ HOLDINGS & INVS LTD,      8896.45,      8756.40,1.6
G,INDIAN RAIL TOUR CORP LTD,      1006.60,       992.85,1.38
G,TORRENT PHARMACEUTICALS L,      2819.65,      2781.20,1.38
G,BOSCH LIMITED,     34644.80,     34249.95,1.15
G,AVENUE SUPERMARTS LIMITED,      4773.85,      4735.90,0.8
G,ZYDUS LIFESCIENCES LTD,      1074.60,      1067.30,0.68
G,INTERGLOBE AVIATION LTD,      4249.10,      4222.15,0.64
G,DLF LIMITED,       830.40,       825.40,0.61
G,ICICI PRU LIFE INS CO LTD,       620.35,       616.70,0.59
G,INDIAN OIL CORP LTD,       168.30,       167.66,0.38
G,TRENT LTD,      5535.90,      5515.65,0.37
G,COLGATE PALMOLIVE LTD.,      2870.95,      2861.45,0.33
G,POWER FIN CORP LTD.,       502.65,       501.25,0.28
G,BERGER PAINTS (I) LTD,       508.15,       507.25,0.18
G,INDIAN RAILWAY FIN CORP L,       171.97,       171.76,0.12
G,ICICI LOMBARD GIC LIMITED,      1807.80,      1807.10,0.04
 , , , , 
L,MARICO LIMITED,       603.15,       620.50,-2.8
L,SRF LTD,      2393.70,      2462.40,-2.79
L,INFO EDGE (I) LTD,      6746.60,      6937.35,-2.75
L,BANK OF BARODA,       265.00,       272.15,-2.63
L,CHOLAMANDALAM IN & FIN CO,      1400.25,      1434.60,-2.39
L,SHREE CEMENT LIMITED,     27697.75,     28353.35,-2.31
L,REC LIMITED,       539.20,       550.65,-2.08
L,GODREJ CONSUMER PRODUCTS,      1371.15,      1398.05,-1.92
L,VARUN BEVERAGES LIMITED,      1577.15,      1607.85,-1.91
L,CANARA BANK,       116.25,       118.36,-1.78
L,SBI CARDS & PAY SER LTD,       711.15,       723.00,-1.64
L,VEDANTA LIMITED,       457.85,       465.00,-1.54
L,PUNJAB NATIONAL BANK,       120.63,       122.46,-1.49
L,JINDAL STEEL & POWER LTD,      1045.10,      1059.50,-1.36
L,DABUR INDIA LTD,       602.80,       610.95,-1.33
L,SIEMENS LTD,      7772.25,      7871.55,-1.26
L,PIDILITE INDUSTRIES LTD,      3085.15,      3121.40,-1.16
L,LIFE INSURA CORP OF INDIA,       985.45,       996.35,-1.09
L,ADANI POWER LTD,       710.60,       717.45,-0.95
L,HINDUSTAN AERONAUTICS LTD,      5344.05,      5394.05,-0.93
L,ABB INDIA LIMITED,      8514.20,      8587.40,-0.85
L,TVS MOTOR COMPANY  LTD,      2338.35,      2354.60,-0.69
L,TATA POWER CO LTD,       432.75,       435.40,-0.61
L,JIO FIN SERVICES LTD,       351.00,       352.80,-0.51
L,HAVELLS INDIA LIMITED,      1814.70,      1823.90,-0.5
L,BHARAT ELECTRONICS LTD,       306.10,       307.65,-0.5
L,GAIL (INDIA) LTD,       221.67,       222.55,-0.4
L,AMBUJA CEMENTS LTD,       692.35,       695.00,-0.38
L,ADANI GREEN ENERGY LTD,      1774.15,      1776.85,-0.15
 , , , , 
 ,OTHER SECURITIES, , , 
 , , , , 
G,KALAHRIDHAAN TRENDZ LTD,        48.30,        40.25,20
G,G M BREWERIES LTD,       796.40,       663.70,19.99
G,NIRMAN AGRI GENTICS LTD,       299.25,       249.40,19.99
G,TFB 7.37% 2035 SR. 3A,      1264.00,      1055.00,19.81
G,BASILIC FLY STUDIO LTD,       528.75,       443.45,19.24
G,DHARMAJ CROP GUARD LTD,       298.46,       251.46,18.69
G,JK PAPER LIMITED,       633.75,       534.85,18.49
G,PUDUMJEE PAPER PRO. LTD,       132.36,       114.76,15.34
G,INDO BORAX & CHEMICAL LTD,       202.25,       175.48,15.26
G,DE NORA INDIA LIMITED,      1895.10,      1669.25,13.53
G,DCX SYSTEMS LIMITED,       430.15,       379.40,13.38
G,REFEX INDUSTRIES LIMITED,       211.27,       186.35,13.37
G,ASPIRE & INNOVATIVE ADV L,       115.85,       102.25,13.3
G,ENFUSE SOLUTIONS LIMITED,       162.85,       144.00,13.09
G,RANE HOLDINGS LIMITED,      1810.75,      1605.00,12.82
G,USHANTI COLOUR CHEM LTD,        64.50,        57.50,12.17
G,PONDY OXIDES & CHEM LTD,       952.75,       853.55,11.62
G,GENUS P&B LIMITED,        22.68,        20.41,11.12
G,ORIENT PAPER AND INDS LTD,        60.70,        54.72,10.93
G,UNS RED NCD SR. X,      1791.55,      1620.45,10.56
G,DHANI SERVICES LIMITED,        58.02,        52.52,10.47
G,N R AGARWAL INDS LTD,       527.35,       478.30,10.26
G,FROG CELLSAT LIMITED,       364.30,       331.20,9.99
G,DCG CABLES & WIRES LTD,       150.90,       137.20,9.99
G,INDOWIND ENERGY LTD,        29.99,        27.27,9.97
G,AAKASH EXPLORATION SER L,        15.57,        14.16,9.96
G,BURNPUR CEMENT LTD.,        10.19,         9.27,9.92
G,RAJNANDINI METAL LIMITED,        12.63,        11.49,9.92
G,USHA MARTIN EDU & SOL LTD,         6.10,         5.55,9.91
G,MIRZA INTERNATIONAL LIMIT,        48.43,        44.08,9.87
 , , , , 
L,ALLCARGO GATI LIMITED,        99.24,       111.54,-11.03
L,HILTON METAL FORGING LTD,        81.36,        90.41,-10.01
L,PEARL GLOBAL IND LIMITED,       719.80,       796.60,-9.64
L,ANGEL ONE LIMITED,      2353.25,      2578.60,-8.74
L,PRIME FOCUS LIMITED,       133.08,       145.38,-8.46
L,NEWJAISA TECHNOLOGIES LTD,       108.10,       116.85,-7.49
L,BRAND CONCEPTS LIMITED,       601.90,       650.30,-7.44
L,GEOJIT FINANCIAL SER L,        96.49,       104.03,-7.25
L,EURO (I) FRESH FOODS LTD,       136.52,       146.93,-7.09
L,ARISTO BIO T AND LIFESC L,        83.50,        89.50,-6.7
L,MOHINI HEALTH&HYGIENE LTD,        60.70,        64.50,-5.89
L,SHARE IND. SECURITIES LTD,       287.45,       305.30,-5.85
L,TEAMO PRODUCTIONS HQ LTD,         1.34,         1.42,-5.63
L,EMKAY TAP & CUT. TOOL LTD,       944.95,      1000.35,-5.54
L,ISHAN INTERNATIONAL LTD,         2.70,         2.85,-5.26
L,YUKEN INDIA LIMITED,      1147.90,      1211.35,-5.24
L,P. E. ANALYTICS LIMITED,       273.20,       288.00,-5.14
L,RAJGOR CASTOR DERIVATI L,        37.85,        39.90,-5.14
L,TRUCAP FINANCE LIMITED,        50.25,        52.96,-5.12
L,SALASAR EXTERIOR CONT LTD,        16.05,        16.90,-5.03
L,GSM FOILS LIMITED,        50.20,        52.85,-5.01
L,KRISHNA DEF AND ALD IND L,       988.80,      1040.85,-5
L,PATTECH FITWELL TUB COM L,       108.30,       114.00,-5
L,VEEKAYEM FASH & APP LTD,       211.85,       223.00,-5
L,PRATHAM EPC PROJECTS LTD,       345.20,       363.35,-5
L,SP REFRACTORIES LIMITED,       289.30,       304.50,-4.99
L,MAKS ENERGY SOL INDIA LTD,        68.60,        72.20,-4.99
L,PARIN FURNITURE LIMITED,       214.40,       225.65,-4.99
L,FALCON TECHNOPROJ IND LTD,        80.20,        84.40,-4.98
L,VISAMAN GLOBAL SALES LTD,        45.00,        47.35,-4.96
