SECURITY,NEW,PREVIOUS,NEW_STATUS
21ST CENTURY MGMT SERVICE,69.26,67.91,H
ALLSEC TECHNOLOGIES LTD,1251.9,1242,H
SIL INVESTMENTS LIMITED,620,578,H
SUPRAJIT ENGINEERING LTD,532.7,530,H
JKUMAR INFR.LTD.,925,915,H
GANGES SECURITIES LIMITED,189,186.73,H
2.50%GOLDBONDS2029SR-IV,7519.98,7501,H
2.50%GOLDBONDS 2025 SR-XI,7533,7500,H
ICICI LOMBARD GIC LIMITED,1848,1833,H
PITTI ENGINEERING LIMITED,1049.7,1045.4,H
PONDY OXIDES & CHEM LTD,1022,906.3,H
DRONE DESTINATION LIMITED,390.75,387.9,H
SURAJ ESTATE DEVELOPERS L,537.1,524.5,H
ICICIPRAMC - IPRU5008,54.4,54.17,H
ICICIPRAMC-ICICIFIN,25.28,25.2,H
MIRAEAMC - MAESGETF,40.86,40.74,H
MIRAEAMC - SMALLCAP,52.5,51.95,H
GOI TBILL 91D-02/08/24,99.34,99.26,H
MAHANAGAR GAS LTD.,1858.35,1756.55,H
FROG CELLSAT LIMITED,364.3,344,H
SAMPANN UTPADAN INDIA LTD,35.4,33.72,H
KORE DIGITAL LIMITED,1798.15,1712.55,H
GALLANTT ISPAT LIMITED,382.55,371.4,H
ABHISHEK INTEGRATIONS LTD,72.9,69.45,H
L&T FINANCE LIMITED,194.25,191.65,H
SEC RE NCD 9.80% SR.V,917,912.99,H
GANESHA ECOSPHERE LIMITED,1448,1443,H
KALYANI INVEST CO LTD,6645,6586.4,H
CRAFTSMAN AUTOMATION LTD,5791.2,5690,H
GARDEN REACH SHIP&ENG LTD,2473.95,2309,H
2.50%GOLDBONDS2028SR-VI,7530,7495,H
ASK AUTOMOTIVE LIMITED,391.9,380,H
TVS HOLDINGS LIMITED,14605.8,14554,H
2.50%GOLDBONDS2031SR-I,7669.69,7560,H
PRUDENT CORP ADV SER LTD,2052,1955,H
DOMS INDUSTRIES LIMITED,2179.9,2134.5,H
SUPREME POWER EQUIPMENT L,383.95,367.95,H
ON DOOR CONCEPTS LIMITED,472.6,455,H
HDFCAMC - HDFCSML250,176.1,176,H
AHIMSA INDUSTRIES LTD.,19.8,18.9,H
8.49% SEC NON-CUM RED NCD,5.26,5.25,H
MIRAEAMC - MAMFGETF,152.1,151.95,H
VIVIANA POWER TECH LTD,975,943.25,H
GOI TBILL 182D-12/09/24,98.55,98.52,H
GOI TBILL 182D-22/08/24,98.79,98.76,H
SANDHAR TECHNOLOGIES LTD,628.9,595,H
MADHUSUDAN MASALA LIMITED,179,178.9,H
SYLVAN PLYBOARD (INDIA) L,71.95,69.3,H
VISAMAN GLOBAL SALES LTD,48.75,47.35,H
SEC RE NCD 9.71% SR VIII,1020,1000,H
ORIENTAL CARBN & CHEM LTD,219.95,209.5,H
NALWA SONS INVESTMENT LTD,4714.4,4640,H
D-LINK INDIA LTD,505,502.7,H
GOKUL AGRO RESOURCES LTD,184.35,180.94,H
KIRLOSKAR BROTHERS LTD,2379.95,2295.5,H
MINDA CORPORATION LTD,510,500.95,H
SOLAR INDUSTRIES (I) LTD,11190,10450,H
SJS ENTERPRISES LIMITED,842,832,H
2.50%GOLDBONDS2028SR-VII,7450,7441,H
TATAAML - TNIDETF,88.19,87.4,H
TCPL PACKAGING LIMITED,2741.25,2650,H
EPACK DURABLE LIMITED,269.28,268.8,H
ICICI PRUD NIFTY ETF,267.8,267.59,H
ICICIPRAMC - ICICI500,38.35,38.34,H
MIC ELECTRONICS LTD,90.66,86.35,H
MIRAEAMC - MAN50ETF,257.39,256.59,H
RACE ECO CHAIN LIMITED,460,448.3,H
S. P. APPARELS LIMITED,786.4,777.2,H
GOI TBILL 182D-25/07/24,99.46,99.45,H
GPT INFRAPROJECTS LTD,295,287,H
SHAKTI PUMPS (I) LTD,4040.25,3847.9,H
NATIONAL HIGHW INFRA TRUS,132.36,131,H
SEC RED NCD 9.0% SR. VI,1004.8,1000,H
SEC RE NCD 9.15% SR.VIII,979,977,H
GRINDWELL NORTON LIMITED,2930,2855,H
NIP IND ETF JUNIOR BEES,790.9,785.75,H
GULF OIL LUB. IND. LTD.,1326.3,1298,H
ISMT LIMITED,146.95,140,H
GRP LIMITED,16744,15443,H
EDELAMC - EBBETF0430,1429.65,1423.2,H
ZODIAC ENERGY LIMITED,816.5,778.5,H
SUVEN PHARMACEUTICALS LTD,836.4,828.3,H
2.50%GOLDBONDS2028SR-II,7535,7488,H
AARTI PHARMALABS LIMITED,662.8,653,H
PUDUMJEE PAPER PRO. LTD,136.5,117.78,H
DCX SYSTEMS LIMITED,442.7,393,H
EPIGRAL LIMITED,1532,1475.95,H
SUMIT WOODS LIMITED,82.69,82.49,H
BALU FORGE INDUSTRIES LTD,360,351.8,H
BASILIC FLY STUDIO LTD,532.1,507.75,H
SKY GOLD LIMITED,1738.45,1720.4,H
ZENITH STEEL PIP IND LTD,13.36,12.73,H
DCG CABLES & WIRES LTD,150.9,147.3,H
HITACHI ENERGY INDIA LTD,13700,13542.4,H
LICNAMC - LICNFESGP,878,877.32,H
MALLCOM (INDIA) LIMITED,1284,1268.65,H
OM INFRA LIMITED,178,174.55,H
MEDICAMEN ORGANICS LTD,159.4,151.9,H
JHS SVENDGAARD RETAIL V L,44.5,44.23,H
EIMCO ELECON (INDIA) LTD,2619.35,2494.65,H
TRENT LTD,5568.55,5555,H
ULTRATECH CEMENT LIMITED,12078,12031.6,H
JINDAL PHOTO LIMITED,975,969,H
PENNAR INDUSTRIES LTD,191.7,186,H
SBIAMC - SBIETFQLTY,225.46,224.4,H
TARC LIMITED,209.98,204.8,H
2.50%GOLDBONDS2028SR-X,7475,7400,H
SHEKHAWATI POLY-YARN LTD.,4.48,4.4,H
MAX ESTATES LIMITED,494.95,484.95,H
ROCKINGDEALS CIRCU ECO L,674.9,661.9,H
GOI LOAN  7.1% 2034,102.7,102.35,H
NEXUS SELECT TRUST,144.87,143.51,H
KAVVERI TEL. LTD.,22.42,21.99,H
CIE AUTOMOTIVE INDIA LTD,609.85,605,H
SEC RE NCD 7.90% STRPP C,412,411,H
EXICOM TELE SYSTEMS LTD,530,507.4,H
NITIRAJ ENGINEERS LTD,262.55,257.45,H
KOTAKMAMC - KOTAKIT,39.7,39.3,H
SOLAR ACT RS.3.50 PPD UP,271.6,258.7,H
SERENCD 9.05% SR.VI OPII,1100,1070,H
Z-TECH (INDIA) LIMITED,247,244.95,H
REGENCYCERAMICS-LTD,57.69,54.95,H
ELECON ENG. CO. LTD,1400,1380,H
MAN INDUSTRIES (I) LTD.,486.3,478.95,H
SALZER ELECTRONICS LTD,962.05,950,H
ZEN TECHNOLOGIES LIMITED,1317.3,1292.55,H
ALICON CASTALLOY LIMITED,1399,1350,H
ERIS LIFESCIENCES LIMITED,1090,1066.9,H
SWARAJ SUITING LIMITED,313.75,298.85,H
NIP IND ETF MIDCAP 150,218.99,217.99,H
PATANJALI FOODS LIMITED,1764.4,1722,H
DIAMOND POWER INFRA LTD,1346.85,1320.45,H
EMS LIMITED,713,684,H
SRNCD SR VII,2435.65,2425,H
9.01% TAX FREETRII SR3B,1325,1321,H
SHREE TIRUPATI BALAJEE,727,694.55,H
LCC INFOTECH LTD,4.03,3.96,H
TFB 7.36% 2025 SR. 1B,1080.99,1080,H
SEC RE NCD SR.V,1259.75,1256.45,H
SEC RE NCD 10.15% SR VII,1135,1030.1,H
MASON INFRATECH LIMITED,97,92.4,H
3M INDIA LIMITED,40856.5,39876.1,H
BF INVESTMENT LIMITED,728,721.7,H
GODREJ PROPERTIES LTD,3339.95,3290,H
PG ELECTROPLAST LTD,4050,3948.8,H
GARWARE HI-TECH FILMS LTD,2559.9,2500,H
GODREJ AGROVET LIMITED,841.95,764.8,H
ZOMATO LIMITED,209.84,207.2,H
2.50%GOLDBONDS2029SR-IX,7549.99,7524,H
HUBTOWN LIMITED,187.37,178.45,H
INDUS TOWERS LIMITED,396.5,391,H
AUSTRALIAN PREM SOLAR I L,587.1,560,H
DHARMAJ CROP GUARD LTD,301.75,290,H
DSPAMC - DSPNEWETF,312.72,312.21,H
ESCONET TECHNOLOGIES LTD,313.5,298.6,H
2.50%GOLDBONDS2032SR-IV,7849.98,7847.89,H
SOFTTECH ENGINEERS LTD,395.95,389.95,H
MCON RASAYAN INDIA LTD,221.7,211.15,H
SAMVRDHNA MTHRSN INTL LTD,207.12,200.2,H
KRISHCA STRAPPING SLTN L,381.2,346.55,H
PURAVANKARA LIMITED,546.2,520.2,H
KOTAKMAMC - KOTAKCONS,115.45,115,H
SEC RE NCD 9.90% SR IV,1119,1050.1,H
SHIVALIC POWER CONTROL L,342.85,326.55,H
SUNDRAM FASTENERS LTD,1408.4,1396,H
ASHIMA LTD,49.45,47.1,H
JK PAPER LIMITED,638.75,562,H
AMBUJA CEMENTS LTD,706.95,701.8,H
MPS LIMITED,2139.9,2126.9,H
SUMMIT SECURITIES LTD,1995,1989,H
STYLAM INDUSTRIES LIMITED,2025,2020.55,H
UNO MINDA LIMITED,1207.3,1188,H
ENFUSE SOLUTIONS LIMITED,172.8,144,H
GOI TBILL 364D-02/01/25,96.24,96.05,H
GOI TBILL 364D-07/11/24,97.9,97.75,H
HDFCAMC - HDFCBSE500,36.6,36.5,H
SRI ADHIKARI BRO TELE N L,252.21,247.27,H
INOX WIND ENERGY LIMITED,7399.95,7280.15,H
GOLDKART JEWELS LIMITED,108.4,103.7,H
KOTAKMAMC - KOTAKALPHA,55.9,54.84,H
KOTAKMAMC - KTKNV20ETF,149.99,149.98,H
SEC RE NCD SR IV,1050,1040,H
SEC RE NCD SR.V,1218.45,1205.55,H
BARODABNP - BBNPNBETF,53.5,53.36,H
SEC RE NCD 9.55% SR.VII,960,955,H
GOI TBILL 364D-29/08/24,98.7,97.94,H
AIMTRON ELECTRONICS LTD,601.65,573,H
SEC RE NCD 11% SR.V,1038.36,1034.08,H
ATAL REALTECH LIMITED,7.28,7.43,L
SEC RE NCD 9% SR.VI,886,901,L
CADSYS (INDIA) LIMITED,194.05,204.25,L
AVONMORE CAP&MGT SERV LTD,12.31,12.94,L
WINNY IMMIGRA & EDU SER L,216.25,227.6,L
SEC RE NCD 8.89% SR.VIII,950,975,L
GOI TBILL 182D-12/12/24,96.82,96.84,L
SEC RE NCD 9.65% SR I,904.43,910.2,L
SEC RE NCD 9.90% SR IV,990.3,1000,L
ZENITH EXPORTS LTD,401.35,409.55,L
MEP INFRA. DEVELOPERS LTD,7.75,7.91,L
FALCON TECHNOPROJ IND LTD,80.2,82,L
VISAMAN GLOBAL SALES LTD,45,45.1,L
FUTURE SUPP CHAIN SOL LTD,3.17,3.25,L
GLOBAL EDUCATION LIMITED,166.6,170,L
SEC RE NCD 9.65% SR.III,980,992,L
BAID FINSERV LIMITED,17.05,18.01,L
TAX FREE7.35% SR.IIA,1072.2,1100,L
PALRED TECHNOLOGIES LTD,101.16,103.1,L
UNSE RE NCD 9.6% SR.II,919.99,920,L
UNSEC RED NCD SR. VI,1392,1530,L
AKME FINTRADE (INDIA) LTD,109.85,114.32,L
DURLAX TOP SURFACE LTD,84.4,88.85,L
SEC RE NCD 9.90% SR IV,1010.1,1030.1,L
BRIGHT SOLAR LIMITED,7.65,7.95,L
LORDS CHLORO ALKALI LTD,127.25,129.85,L
DJ MEDIAPRINT & LOG LTD,310.3,316.45,L
NHB 8.93 NCD TR II SR 2 B,5750,5800,L
SEC RE NCD 11% SR.V,1002.2,1015.8,L

