SYMBOL,SYMBOL P/E,ADJUSTED P/E
ADROITINFO,12.74,12.74
MAHAPEXLTD,.55,35.94
ASAHIINDIA,52.73,52.73
KOTHARIPRO,21.01,21.01
ITDCEM,37.46,37.46
CYIENT,29.09,27.19
CYBERTECH,25.01,25.01
GOACARBON,8.66,8.66
SANGHVIMOV,24.91,24.91
RSSOFTWARE,34.02,34.02
NATIONALUM,17.06,20.19
ALEMBICLTD,31.48,31.48
ICDSLTD,23.49,23.49
BSOFT,31.76,31.76
STAR,318.91,37.2
ZYDUSLIFE,28.03,27.98
RAJESHEXPO,25.15,25.15
SHREERAMA,37.53,37.53
NRBBEARING,13.85,37.66
AJANTPHARM,34.81,34.81
CALSOFT,41.23,41.23
PNBGILTS,35.14,38.17
REPRO,73.21,73.21
USHAMART,29.77,29.77
MRO-TEK,44.76,44.76
TRIDENT,56.66,56.67
ACLGATI,267.94,
SMARTLINK,40.67,40.67
JISLJALEQS,56.23,56.23
UNITDSPR,65.48,65.01
ASAL,80.62,80.62
PNB,16.19,16.19
OFSS,39.83,39.83
CANBK,6.73,6.73
DIVISLAB,76.36,76.36
BAGFILMS,21.88,21.88
WELSPUNLIV,22.38,22.38
IGL,22.37,22.37
UNIENTER,31.33,31.33
PTC,11.53,11.28
MAHABANK,11.23,11.23
EXCELINDUS,85.35,85.35
ULTRACEMCO,49.22,48.85
COFORGE,44.04,44.52
GUFICBIO,41.32,41.32
NTPC,18.2,18.2
SUPRAJIT,42.83,42.83
JINDALPHOT,61.03,61.03
ALLSEC,29.07,29.07
SHOPERSTOP,108.32,99.94
SURYALAXMI,46.44,27.24
63MOONS,8.16,8.16
VHL,345.71,40.7
NECLIFE,142.56,142.56
IDFC,593.41,593.41
SASKEN,35.43,35.43
AURIONPRO,53.53,53.53
AIAENG,34.97,34.99
ORIENTCER,32.71,38.58
VIMTALABS,26,26
NITINSPIN,16.17,16.17
GSPL,7.85,8.01
GVKPIL,7.73,7.73
SAKUMA,27.75,27.75
JKCEMENT,43.41,43.29
M&MFIN,20.08,20.08
KEI,69.62,69.6
SOLARINDS,104.61,104.61
MALUPAPER,67.44,67.44
SUNTV,16.01,16.01
RSYSTEMS,47.58,47.58
BALPHARMA,25.35,25.35
KAMDHENU,29.28,29.28
MUNJALAU,23.47,16.28
TECHM,60.26,60.34
ANANTRAJ,57.34,57.34
ALICON,16.6,16.6
LTFOODS,16.59,16.59
DONEAR,20.22,20.22
JINDRILL,16.15,16.15
HBLPOWER,52.88,49.19
TIDEWATER,31.25,31.25
PTL,25.95,25.95
GANDHITUBE,19.15,19.15
UNOMINDA,88.73,90.96
PGIL,20.53,20.47
FSL,28.97,28.97
RAJTV,638.13,638.13
BALAMINES,33.08,33.08
NDLVENTURE,202.05,202.05
ZENITHSTL,25.7,25.7
FORTIS,56,57.1
V2RETAIL,93.89,93.89
ISMTLTD,22.78,21.25
MOTILALOFS,14.42,14.42
CENTUM,,365
MANGCHEFER,10.03,10.03
BAJAJELEC,89.8,89.8
RELIGARE,24.31,51.09
EDELWEISS,11.79,11.79
RGL,13.51,13.51
COLPAL,58.8,58.18
ECLERX,23.42,23.36
BRIGADE,77.94,77.94
MANAKSIA,8.14,6.17
DVL,29.23,29.23
BIRLAMONEY,17.6,17.6
CORDSCABLE,29.89,29.89
HERCULES,51.32,51.32
SEPC,128.95,128.95
IRB,42.59,42.59
GSS,33.39,33.39
RECLTD,10.25,10.25
NESCO,18.48,18.48
TITAGARH,85.12,84.63
DIGISPICE,21.25,48.83
GOKUL,215.69,17.67
ALMONDZ,14.9,39.13
LOTUSEYE,41.24,41.63
UBL,129.33,129.33
ZFCVINDIA,74.71,74.71
JOCIL,106.99,106.99
ALKALI,136.28,113.52
TPHQ,25.04,25.04
AJMERA,23.33,23.33
VINATIORGA,56.52,56.52
EXPLEOSOL,22.25,22.25
SUNTECK,116.53,116.53
SARDAEN,16.06,16
JSWENERGY,76.76,76.76
MMTC,172.14,244.2
NESTLEIND,99.13,99.5
THANGAMAYL,38.32,38.32
LGBBROSLTD,17.03,17.35
ISFT,21.07,21.07
MANAPPURAM,8.16,8.16
HMVL,76.46,76.46
BAJAJCON,24.85,24.85
GPPL,30.93,28.26
SASTASUNDR,11.56,11.56
GREENPOWER,52.15,60.84
ASHOKA,11.16,12.88
SHAH,39.05,39.05
CGCL,47.12,47.12
IOLCP,17.88,17.88
RPPINFRA,9.1,9.1
PSB,67.51,67.51
SUMMITSEC,28.06,28.06
VADILALIND,21.59,21.59
RELAXO,103.55,103.55
DHANUKA,31.37,31.37
LTF,20.43,20.43
WHEELS,39.75,39.75
RIIL,207.16,207.16
SHREDIGCEM,19.11,19.11
SMLISUZU,29.06,29.06
FACT,452.31,168.76
LAXMIMACH,47.94,47.94
PEL,,35.33
MAHSCOOTER,50.96,50.96
TRENT,144.82,235
KCP,11.72,11.69
JBCHEPHARM,50.35,50.35
IONEXCHANG,50.2,50.2
IFBIND,92.83,92.83
HIMATSEIDE,12.49,12.49
GFLLIMITED,324.78,324.78
BHARATFORG,85.72,85.07
ARVIND,28.07,28.21
TATAMOTORS,10.71,10.46
LINDEINDIA,168.94,168.94
ESCORTS,44.32,44.32
ASHOKLEY,26.16,25.66
ZUARIIND,1.74,
TATASTEEL,,65.78
VEDL,22.94,34.38
RELIANCE,26.85,26.85
BATAINDIA,73.25,66.96
CARBORUNIV,73.87,73.87
DICIND,,113.39
MOTOGENFIN,110.25,110.25
RAMCOCEM,51.47,51.47
ADORWELD,30.28,30.28
TORNTPHARM,56.84,59.47
VLSFINANCE,3.25,3.25
SRF,54.65,54.65
BBOX,47.05,37.62
JTEKTINDIA,52.76,55.69
TATAELXSI,55.6,55.6
SANDESH,6.38,6.38
ASHIMASYN,9.37,9.37
ARE&M,34.76,34.76
BALKRISIND,41.92,41.92
RAJSREESUG,18.35,18.35
ONGC,6.38,6.23
TAINWALCHM,36.17,36.17
ANIKINDS,467.12,467.12
BSL,18.45,18.45
APCOTEXIND,42.37,42.37
RCF,47.72,56.79
DECCANCE,26.26,19.82
THOMASCOOK,42.8,42.8
BHARATRAS,59.74,59.74
JUBLPHARMA,108.77,74.73
TOKYOPLAST,111.72,111.72
IFCI,66.34,66.88
HLVLTD,68.17,68.17
HEIDELBERG,30.71,30.71
PRSMJOHNSN,60.47,
PIDILITIND,90.64,88.12
HONDAPOWER,41.01,42.76
RUBYMILLS,16.94,16.94
BRITANNIA,61.72,61.65
DCMSHRIRAM,35.08,35.08
COSMOFIRST,34.39,34.39
HEROMOTOCO,29,28.11
HARRMALAYA,,1389.8
ITC,25.85,25.84
HINDCOMPOS,22.88,22.88
OSWALGREEN,150.77,150.77
HUHTAMAKI,6.82,26.64
RICOAUTO,49.1,46.93
MANINDS,28.91,28.91
SIYSIL,12.68,12.68
PRECWIRE,40.28,40.28
NCC,27.42,26.67
SEAMECLTD,27.3,27.3
BBTC,7.55,7.3
GICHSGFIN,8.61,8.61
BANARBEADS,23.85,23.85
WSTCSTPAPR,5.76,5.76
PRUDMOULI,11.83,11
PRAJIND,48.18,48.18
EVERESTIND,105.17,155.26
TFCILTD,20.82,20.82
AGI,19.52,19.52
TATACONSUM,80.16,69.15
ZEEL,73.84,261
FMGOETZE,18.59,18.59
ORIENTHOT,49.38,49.38
KANSAINER,18.56,32.72
3MINDIA,73.1,73.1
RALLIS,41.69,41.88
MFSL,87.53,87.53
GREAVESCOT,,248.82
SURYAROSNI,20.61,20.61
SAKHTISUG,3.9,
HINDZINC,35.76,35.76
GRASIM,18.25,17.53
DCW,105.7,99.66
HEUBACHIND,26.83,26.83
BAJFINANCE,31.19,31.19
NAVA,8.72,9.52
AUTOAXLES,18.45,18.45
DALMIASUG,12.3,12.3
NATCOPHARM,15.47,15.47
ANDHRSUGAR,28.91,27.67
AUSOMENT,15.57,15.57
JAYAGROGN,17.46,17.46
SILINV,21.2,21.2
BIOFILCHEM,159.92,159.92
SUNDRMBRAK,29.76,29.76
MOTHERSON,47.92,46.49
CREST,18.45,18.45
WENDT,74.91,74.91
SHRIRAMFIN,14.87,14.87
MIRZAINT,50.6,50.6
GANESHHOUC,17.2,17.2
ALKYLAMINE,74.24,74.24
RAMCOIND,30.49,30.49
MADRASFERT,317.74,31.61
HUDCO,26.6,26.6
GRAPHITE,13.9,609.64
BBL,42.2,42.2
DHAMPURSUG,10.86,10.86
KOTAKBANK,19.99,19.99
JAYSREETEA,26.99,
GOLDENTOBC,10.7,12.14
FOSECOIND,35.87,41.23
ANDHRAPAP,6.85,6.85
AARTIIND,61.35,61.35
PRAKASH,9.5,9.5
KSB,83.61,83.61
HEG,37.21,37.21
GLFL,240.32,240.32
SUDARSCHEM,17.48,55.74
IPCALAB,54.42,59.34
AKZOINDIA,30.56,30.56
HINDUNILVR,57.22,57.25
EIDPARRY,8.29,8.29
BIRLACORPN,29.41,29.85
ASHAPURMIN,16.56,25.6
TNPL,9.07,9.07
KHAITANLTD,27.42,27.42
GARFIBRES,37.7,37.7
SKFINDIA,58.56,58.56
MARICO,53.48,53.48
VISAKAIND,1150.76,1150.76
HITECHGEAR,16.8,46.79
PUNJABCHEM,33.13,33.13
HERITGFOOD,47.28,47.28
GAIL,17.02,17.63
ICICIBANK,18.95,18.95
ATULAUTO,295.27,295.27
NATHBIOGEN,11.26,12.09
WONDERLA,32.61,32.61
SNOWMAN,100.16,100.16
PDSL,36.37,37.12
GOODLUCK,21.84,21.84
GRPLTD,90.02,82.72
LINC,25.08,25.08
MANAKSTEEL,13.25,13.33
AVANTIFEED,21.44,21.44
PRIVISCL,60.06,60.06
SKIPPER,49.55,49.55
ADANIENSOL,93.22,83.69
RAMASTEEL,56.52,56.52
ARVSMART,62.52,62.52
GUJGASLTD,39.03,40.59
BALAXI,,16.87
PILANIINVS,38.62,38.62
OCCL,4.22,4.22
VIDHIING,60.01,60.01
WEALTH,20.02,20.02
THYROCARE,50.02,49.91
PARAGMILK,23.14,23.14
UNITEDPOLY,30.64,30.64
BLS,47.1,47.1
CONTROLPR,25.43,25.46
DMART,121.54,121.54
INTENTECH,22.31,22.31
ARIHANTSUP,19.97,19.97
CLEDUCATE,26.81,28.64
SHANKARA,20.62,20.62
WIPL,39.86,39.86
DEVIT,28.11,28.11
DOLLAR,33.58,33.36
SCHAND,15.96,15.96
BHAGYANGR,7.66,7.66
GLOBE,17.44,17.44
ERIS,35.99,35.99
GTPL,17.89,17.89
AVADHSUGAR,9.77,9.77
TOTAL,149.09,149.09
OPTIEMUS,53.09,53.09
ABCAPITAL,19.94,19.94
CAPACITE,21.83,21.83
DPWIRES,28.1,28.1
AIROLAM,26.7,26.7
GATECHDVR,15.65,15.65
IEX,49.67,49.67
SECURCRED,10.02,10.02
5PAISA,29.1,29.1
SILVERTUC,57.33,57.33
ONEPOINT,60.54,60.54
AJOONI,46.07,46.07
SILLYMONKS,143.97,143.97
GALAXYSURF,32.76,32.76
HGINFRA,20.91,21.37
UNIINFO,81.88,81.88
HAL,47.5,47.5
MITTAL,29.04,89.82
AVG,20.97,34.8
AAKASH,23.11,23.11
ORIENTELEC,80.24,99.76
SVLL,84.26,84.26
WEL,125.91,125.91
CHEMCON,50.13,50.13
WESTLIFE,185.83,185.83
MAZDOCK,48.99,48.99
DCI,26.5,26.5
IIFLSEC,12.68,12.68
VISHWARAJ,24.22,24.22
GREENPANEL,28.37,28.37
APOLLOPIPE,60.93,60.93
ROUTE,29.65,30.75
SIGMA,22.14,22.14
EQUITASBNK,13.69,13.69
HINDWAREAP,88.04,88.04
LIKHITHA,28.41,28.41
SUMICHEM,64.63,64.63
ASALCBR,24.04,24.04
BAFNAPH,25.51,25.51
STOVEKRAFT,62.64,62.64
RAJRATAN,41.54,41.54
GLAND,38.78,38.78
NDRAUTO,33.81,33.81
AAATECH,43.45,43.45
UNIDT,46.97,46.97
ANGELONE,20.63,20.63
ROML,45.77,45.77
RAILTEL,61.55,63.97
HERANBA,43,43
BODALCHEM,151.79,151.79
FILATEX,23.6,23.6
VASWANI,11.49,11.49
PANAMAPET,12.25,12.25
SHAKTIPUMP,54.4,54.4
JISLDVREQS,.89,.89
RUPA,32.38,31.16
APLAPOLLO,61.16,61.16
IRFC,34.92,34.92
COMPUSOFT,39.42,39.42
RHIM,,51.11
NBCC,68.04,51.54
HEXATRADEX,11.5,11.5
SWANENERGY,32.86,32.86
RTNINDIA,26.88,24.07
PROZONER,190.14,190.14
THEJO,63.58,63.58
KITEX,25.39,25.39
ROSSELLIND,169.07,167.68
TVSHLTD,15.08,15.06
VETO,13.59,13.59
INDUSTOWER,17.4,17.4
JUSTDIAL,24.66,24.66
ORIENTCEM,36.81,36.81
MITCON,36.77,36.77
ORBTEXP,15.87,15.87
HATSUN,87.71,87.71
GULFOILLUB,19.95,19.95
SUPERHOUSE,20.31,20.31
MONTECARLO,20.4,20.4
LAMBODHARA,35.3,35.3
MOLDTKPAC,40.12,40.12
MENONBE,10.63,10.63
IMAGICAA,7.81,132.81
BYKE,70.11,70.11
VRLLOG,56.02,56.28
TPLPLASTEH,35.24,35.24
ALANKIT,29.22,29.22
SHYAMCENT,508.68,508.68
AYMSYNTEX,276.37,64.33
MUTHOOTCAP,4.15,98.51
NAVKARCORP,293.09,293.09
SHK,21.79,21.79
TTKHLTCARE,32.92,32.92
KRIDHANINF,,68.79
ALKEM,32.73,31.09
QUICKHEAL,113.63,113.63
BHAGERIA,40.51,40.51
GOKULAGRO,19.28,19.28
HECPROJECT,24.08,24.08
BHARATWIRE,18.86,18.86
SAGARDEEP,61.76,61.76
ARMANFIN,12.87,12.87
ASPINWALL,20.41,20.41
PREMEXPLN,143.28,143.28
INCREDIBLE,34.57,34.57
DAMODARIND,21.76,21.76
MOLDTECH,26.54,26.54
VIJIFIN,311.27,311.27
LLOYDSENGG,103.1,103.1
LTIM,35.19,35.19
GATECH,41.39,41.39
MINDTECK,29.23,29.23
DBL,38.13,416.92
MBAPL,81.07,81.07
CUPID,33.13,33.13
CROWN,62.04,62.04
MARATHON,22.97,22.97
JAIPURKURT,102.62,102.62
SAKAR,59.14,59.14
PANSARI,33.6,33.6
ARTNIRMAN,138.39,138.39
ENDURANCE,55.92,55.92
PNBHOUSING,13.78,13.78
PODDARMENT,16.43,16.43
JETFREIGHT,321.19,
SFL,47.02,58.1
TERASOFT,29.62,26.01
HISARMETAL,16.35,16.35
LIBAS,9.14,9.14
CAPTRUST,85.44,85.44
MAHESHWARI,13.99,13.99
MCL,81.47,81.47
PRICOLLTD,43.52,43.52
STEELCITY,12.39,12.39
KRISHANA,43.84,43.84
SANGINITA,61.64,61.64
AKASH,303.96,303.96
RADIOCITY,80.86,80.86
AIRAN,30.65,30.65
LAXMICOT,,104.61
EIFFL,166.39,166.39
CREATIVE,21.87,21.87
FOCUS,24.71,24.71
SIKKO,37.3,37.3
MKPL,41.31,41.31
PANACHE,,37.43
INFOBEAN,50.25,50.25
PSPPROJECT,22.2,22.2
CDSL,60.57,60.57
ACEINTEG,56.27,56.27
DYNPRO,100.48,100.48
MAGADSUGAR,9.2,9.2
COCHINSHIP,76.09,76.09
VAISHALI,234.72,234.72
GEEKAYWIRE,12.33,12.33
SERVOTECH,167.55,167.55
CHOLAHLDNG,7.87,7.87
WORTH,12.02,12.02
AARVI,18.25,18.25
RKEC,15,15
JASH,39.1,39.1
TIRUPATIFL,36.68,36.68
TCPLPACK,22.59,22.59
DPABHUSHAN,48.32,48.32
NAM-INDIA,37.88,37.88
KHADIM,100.75,100.75
VERTOZ,175.55,175.55
ZODIAC,104.02,104.02
ICEMAKE,51.83,51.83
SHRADHA,14.36,14.36
TOUCHWOOD,50.68,50.7
MOKSH,13.58,13.58
BCONCEPTS,66.06,66.06
AMBER,106.64,106.64
SINTERCOM,331.74,331.74
SOUTHWEST,42.1,44.69
ARVEE,245.65,245.65
GMMPFAUDLR,33.63,33.63
HINDCON,41.74,41.74
SARVESHWAR,50.53,50.53
MACPOWER,57.94,57.94
BANDHANBNK,21.98,21.98
URAVI,291.98,291.98
KAPSTON,30.7,30.7
LEMONTREE,63.41,63.41
MMP,28.4,28.4
NARMADA,29.41,29.41
BSHSL,90.02,90.02
GODHA,121.78,121.78
SOFTTECH,150.28,150.28
E2E,108.86,108.86
SIRCA,34.2,34.2
LATTEYS,58.27,58.27
SONAMLTD,28.6,28.6
ADANIGREEN,289.86,232.44
PRITI,19.74,19.74
ACCURACY,402.58,402.58
RITES,33.79,33.79
GANGAFORGE,193.14,197.34
REPL,22.13,22.13
AVROIND,28.8,28.8
TEMBO,21.09,21.56
CREDITACC,15.15,15.15
AARON,43.43,43.43
SUMIT,23.09,23.09
LAGNAM,17.87,17.87
RPPL,30.45,30.45
AKG,47.37,47.37
IRCON,28.88,28.88
AHLADA,11.1,11.1
RAJMET,20.84,20.84
AAVAS,29.92,29.92
KSHITIJPOL,40.58,
KRITIKA,48.06,48.06
SILGO,21.22,21.22
VINNY,29.27,29.27
BBTCL,30.42,30.42
MARINE,84.3,84.73
IRISDOREME,46.09,46.09
ATGL,150.35,150.35
TECHNOE,61.38,61.38
UNIPARTS,18.86,18.86
SHRIRAMPPS,5.08,5.08
AWHCL,15.31,15.31
RPSGVENT,12,12
MSTCLTD,28.1,28.1
OSIAHYPER,15.15,15.15
ANUP,34.99,34.99
ARVINDFASN,66.61,63.85
PAR,20.48,20.48
RVNL,58.88,58.88
POLYCAB,56.18,56.18
METROPOLIS,81.94,81.94
KPITTECH,76.09,76.09
NEOGEN,117.97,117.97
VIKASLIFE,67.35,38.96
EMAMIPAP,8.35,8.35
CONFIPET,24.91,24.91
PPL,12.4,12.4
DGCONTENT,35.82,35.82
INDIAMART,43.01,42.84
OAL,147.45,147.45
SATIA,6.05,6.05
AFFLE,64.34,64.34
SPANDANA,10.42,10.42
HNDFDS,65.09,65.09
UJJIVANSFB,6.7,6.7
IRCTC,71.49,68.84
SAFARI,58.25,58.25
360ONE,43.9,43.9
HPIL,119.02,119.02
FLUOROCHEM,82.92,82.92
KUANTUM,7.44,7.44
CHEMBOND,19.5,19.5
MGEL,17.12,17.12
SBICARD,28.56,28.56
HOMEFIRST,32.76,32.76
CSBBANK,11.49,11.49
EASEMYTRIP,70.96,42.92
ROSSARI,35.8,35.8
PRINCEPIPE,41.39,44.96
ESAFSFB,6.44,6.44
ARTEMISMED,49.28,49.28
PATANJALI,80.4,80.4
LGHL,94.38,99.52
MAHEPC,277.35,215.43
UNIVPHOTO,13.7,13.7
SUVENPHAR,69.86,69.86
POWERINDIA,336.72,336.72
KSOLVES,39.55,39.55
HAPPSTMNDS,51.09,53.22
AARTISURF,26.93,26.93
BOROLTD,56.04,56.04
MAXHEALTH,87.83,87.83
PAVNAIND,54.15,54.15
KALYANKJIL,85.99,85.99
BTML,53.95,53.94
SHAREINDIA,14.06,14.04
SIGACHI,34.43,34.43
ADL,1791.98,1791.98
NIRAJ,22.19,14.99
CAMS,51.21,51.21
SURYODAY,9.33,9.33
UTIAMC,16.34,16.34
BECTORFOOD,58.01,58.01
ORCHPHARMA,61.83,61.83
INDIGOPNTS,44.8,44.8
LXCHEM,59.56,59.56
MTARTECH,100.98,100.98
ANURAS,50.42,50.42
KANPRPLA,292.14,292.14
STYLAMIND,25.69,25.53
CLSEL,9.25,9.25
CARYSIL,38.4,38.4
MODISONLTD,18.95,23.81
BCLIND,14.98,14.92
BHAGCHEM,184.56,184.56
SMCGLOBAL,9.22,9.22
ARIHANTCAP,10.94,10.95
NAZARA,75.81,75.13
GENCON,20.62,20.62
HLEGLAS,83.14,77.61
SONACOMS,75.84,74.89
DRCSYSTEMS,32.73,32.73
PARAS,185.97,185.97
DODLA,37.45,37.45
EXXARO,185.1,185.1
ROLEXRINGS,40.35,36.58
KIMS,50.78,50.78
CLEAN,64.35,64.35
ABSLAMC,23.5,23.5
ZOMATO,512.95,512.95
WINDLAS,26.44,26.44
CARTRADE,50.8,50.8
APTUS,28.07,28.07
SUPRIYA,26.89,26.89
VIJAYA,66.83,66
VINEETLAB,51.93,51.93
SANSERA,37.71,37.71
PRITIKAUTO,26.72,26.72
AAREYDRUGS,25.5,25.5
INTLCONV,8.41,8.41
HPAL,43.94,44.3
UGROCAP,21.94,21.94
YUKEN,84.64,84.64
SGIL,43.07,43.07
ANANDRATHI,72.62,72.62
SJS,29.31,29.31
FINOPB,30.47,30.47
POLICYBZR,1041.57,1041.57
NYKAA,1149.51,1149.51
AWL,253.31,202.51
MONARCH,14.46,14.46
SAPPHIRE,192.79,192.79
PRUDENT,56.75,56.75
EPIGRAL,31.04,31.04
NUVOCO,90.03,90.03
GOCOLORS,68.99,68.99
TRACXN,148,148
CMSINFO,23.88,23.88
FUSION,9.07,9.07
COASTCORP,67.78,67.78
TARSONS,63.51,63.51
MEDPLUS,160.81,160.81
TEGA,57.38,57.38
RATEGAIN,60.63,60.63
MANORG,71.96,71.96
LATENTVIEW,65.93,65.93
METROBRAND,81.58,81.58
MICEL,33.38,37.3
PASUPTAC,26.56,26.56
FOODSIN,23.87,23.84
PARADEEP,69.72,69.72
MAPMYINDIA,92.8,92.8
TMB,6.99,6.99
KRITI,42.69,42.69
MANYAVAR,63.85,63.85
GANESHBE,18.08,18.06
GVPTECH,76.18,76.18
DMCC,69.51,69.51
MEDICAMEQ,61.3,61.3
EMIL,47.99,47.99
SHIVALIK,54.88,54.88
UMAEXPORTS,28.91,28.09
DATAPATTNS,93.77,93.77
MEDANTA,71.36,71.36
AHL,27.87,27.87
MALLCOM,21.49,21.49
ASIANENE,53.02,49.47
SMLT,18.81,18.81
NRL,69.61,69.61
RADIANTCMS,19.25,19.25
CHOICEIN,59.74,59.74
HARIOMPIPE,29.88,29.88
GRWRHITECH,28.5,28.5
DCMSRIND,16.27,16.27
RAJRILTD,289.79,289.79
EMUDHRA,97.38,97.38
DYCL,34.28,34.28
FIVESTAR,28.78,28.78
STARTECK,18.12,18.12
VIRINCHI,24.77,24.77
SBC,69.02,69.02
ELDEHSG,29.52,29.52
SEJALLTD,112.66,112.66
RELCHEMQ,57.39,57.39
SYRMA,70.17,69.65
ZIMLAB,30.66,30.66
CAMPUS,100.46,100.46
VENUSPIPES,49.48,49.48
AETHER,148.95,79.16
MEGASTAR,44.79,44.79
LANDMARK,51.93,50.29
RACE,393.66,393.66
ETHOSLTD,121.77,121.77
MSUMI,51.4,51.4
HARSHA,46,46
OBCL,33.27,33.27
INDOAMIN,23.29,23.29
ACI,26.29,26.29
RITCO,23.79,23.79
SADHNANIQ,409.38,409.38
CHEVIOT,12.61,12.61
HMAAGRO,27.19,27.19
KFINTECH,50.63,50.63
DCXINDIA,55.77,55.77
KAYNES,138.49,138.49
AXITA,27.59,27.59
PLAZACABLE,104.27,104.27
TRU,56.47,56.47
TIPSFILMS,222.7,222.7
SPLPETRO,42.07,42.07
CSLFINANCE,16.96,16.96
RUSTOMJEE,103.38,103.38
GENSOL,73.14,73.02
GSLSU,46.02,46.02
MANORAMA,98.09,98.09
GRMOVER,17.58,17.58
SULA,45.15,45.15
KRITINUT,12.08,12.08
KALAMANDIR,29.5,29.5
AVALON,128.13,128.13
BAIDFIN,17.13,17.13
BLUEJET,60.57,57.25
MVGJL,18.12,18.12
SUKHJITS,14.36,14.36
SKYGOLD,54.14,54.14
DIVGIITTS,52.1,52.1
USK,14.46,14.46
MANOMAY,25.4,25.4
AARTIPHARM,26.54,26.54
RHL,71.11,71.11
NINSYS,58.66,58.66
SBGLP,77.36,77.36
ASMS,448.3,292.32
ZAGGLE,82.08,82.08
HONASA,166.71,166.71
IRMENERGY,30.49,30.49
CYIENTDLM,97.1,97.1
RATNAVEER,25.12,25.12
ATAM,39.2,39.2
IDEAFORGE,75.15,75.15
POCL,33.72,33.72
REDTAPE,83.36,83.36
PTCIL,478.76,478.76
PYRAMID,21.22,21.22
EMSLIMITED,28.99,28.99
GHCLTEXTIL,34.86,34.86
UDS,30.13,30.13
KIRLPNU,65.14,62.3
RRKABEL,88.77,88.9
JLHL,47.45,47.47
NUVAMA,35.05,35.05
NIITMTS,28.95,28.44
SINDHUTRAD,44.47,44.46
SANDUMA,45.27,45.27
MUFIN,146.17,140.52
JIOFIN,246.02,246.02
DIAMINESQ,58.18,58.18
AMNPLST,75.49,75.49
AXISCADES,74.83,74.83
HIKAL,61.27,61.27
MARKSANS,23.57,23.57
GODREJCP,,76.28
LUPIN,38.07,38.07
TCI,25.78,25.58
BHARTIARTL,141.48,90.4
PONNIERODE,8.78,8.78
SURANAT&P,40.6,40.6
UNIONBANK,7.54,7.54
GENESYS,111.41,111.41
VARDHACRLC,25.64,25.64
JSL,24.8,25.55
JAIBALAJI,17.98,17.98
DREDGECORP,90.84,88.94
MUKANDLTD,23.05,23.05
POONAWALLA,19.8,28.99
DATAMATICS,19.3,19.3
APARINDS,41.26,41.26
TCS,31.22,30.74
ASTRAMICRO,84.07,84.07
JBMA,141.49,141.49
XCHANGING,102.57,102.57
JPPOWER,13.33,9.22
GRANULES,29.58,29.58
MSPL,69.1,56.46
GOLDIAM,18.99,18.99
IMPAL,18.51,18.51
FIEMIND,20.61,20.61
INSPIRISYS,48.05,48.05
TORNTPOWER,36.92,36.92
RUCHIRA,8.35,8.35
NFL,101.74,101.74
TANLA,23.8,23.8
SARLAPOLY,28.15,28.15
IZMO,18.87,18.87
TIIL,23.92,23.34
PFC,8.18,8.18
PAGEIND,76.52,76.52
ASTRAL,117.07,117.07
NCLIND,11.92,11.92
PHOENIXLTD,48.13,48.13
SRHHYPOLTD,12.1,10.98
KMSUGAR,14.17,14.17
NELCAST,24.42,33.55
ADSL,26.28,26.28
KPRMILL,38.72,38.72
CIEINDIA,27.52,27.52
KSCL,16.1,16.1
MAANALU,23.3,23.3
CERA,47.11,46.87
MHRIL,79.74,79.74
OIL,17.8,17.88
ZYDUSWELL,44.49,42.24
SHILPAMED,149.97,166.53
DLINKINDIA,18.52,18.52
DBCORP,14.26,14.26
BEARDSELL,18.5,18.5
WHIRLPOOL,110.7,104.29
JUBLFOOD,98.64,168.31
EMMBI,20.29,20.29
HATHWAY,61.85,61.83
MANINFRA,25.47,25.47
PERSISTENT,63.34,63.34
KSL,22.91,22.91
UMESLTD,97.28,97.28
PRAKASHSTL,2.94,7.36
RAMKY,12.47,12.47
JWL,85.48,85.48
PRESTIGE,45.61,45.61
GRAVITA,42.08,42.08
STEL,63.85,63.85
HFCL,49.09,49.09
PIIND,34.64,34.64
OMINFRAL,34.96,34.96
MAITHANALL,10.11,10.11
PFIZER,38.19,38.65
DEEPAKFERT,18.95,18.95
COROMANDEL,28.21,28.21
ASIANPAINT,51.77,51.77
PGHL,39.63,39.63
TATACHEM,74.04,22.48
EPL,31.13,29.43
VIPIND,126.45,200.3
AEGISLOG,44.65,44.65
PRECOT,36.77,58.49
SHREYANIND,4.4,4.4
APOLLOHOSP,96.28,96.41
NEULANDLAB,33,33
BERGEPAINT,52.15,52.33
KPIL,36.82,36.82
BLUEDART,64.15,64.15
HSCL,47.69,47.69
UFLEX,,13.22
SUBROS,51.32,51.32
WIPRO,24.77,24.77
TATACOMM,55.7,61.36
SANOFI,27.48,26.6
KAJARIACER,55.02,55
MODTHREAD,8.83,8.83
POLYPLEX,37.34,37.34
PCBL,19.78,19.78
SAIL,23.43,18.54
STYRENIX,21.66,21.66
20MICRONS,13.89,13.61
TATAMTRDVR,1.1,1.08
COUNCODOS,27.75,27.75
HINDNATGLS,1.35,.83
GKWLIMITED,117.52,117.52
NHPC,24.99,24.99
GLOBUSSPR,23.03,23.03
AMRUTANJAN,50.55,50.55
DEN,12.01,12.01
REFEX,23.19,23.16
AHLUCONT,22.17,35.61
GODREJPROP,122.22,122.22
HINDCOPPER,105.36,105.36
UNITEDTEA,12.75,12.75
VASCONEQ,32.17,32.17
DBREALTY,8.26,8.78
TEXMOPIPES,48.65,16.01
KIRLOSBROS,52.25,52.98
SJVN,57.08,61.39
KIRLOSIND,16.86,15.21
TI,34.46,33.74
BLISSGVS,13.23,6.23
AHLEAST,7.78,10.16
UGARSUGAR,44.58,44.58
ADFFOODS,36.08,36.08
KILITCH,39.75,39.75
DEEPAKNTR,44,47.56
CANTABIL,35.88,36.58
BEDMUTHA,37.85,37.85
OBEROIRLTY,33.65,33.65
COALINDIA,9.13,9.13
JINDWORLD,91.23,91.23
JAMNAAUTO,24.39,24.39
MOIL,33.88,33.88
KIRLOSENG,46.95,45.88
KICL,41.77,55.64
JUBLINDS,83.78,39.07
TEXRAIL,104.16,104.16
DHUNINV,13.21,13.21
PFS,19.9,19.9
SYMPHONY,56.4,55.94
FAIRCHEMOR,45.11,45.11
ISGEC,35.21,35.21
PAKKA,22.37,22.37
SHAILY,66.99,66.99
FIBERWEB,17.72,17.72
SBCL,42.25,42.25
IPL,44.21,44.21
LODHA,96.6,90.98
UTKARSHBNK,11.27,11.27
CRAFTSMAN,39.53,39.53
JUBLINGREA,46.58,46.58
SHYAMMETL,18.78,18.78
TATVA,87.49,87.49
GLS,23.09,23.09
DEEPINDS,14.77,14.93
PIXTRANS,22.35,22.35
KRSNAA,34.69,34.69
DEVYANI,,531.27
ANMOL,9.78,9.78
AMIORG,125.02,56.45
BAJAJHCARE,,32.62
GRINFRA,12.59,15.69
STEELCAS,18.51,18.51
KPIGREEN,66.48,66.39
DHRUV,31.41,31.41
ELIN,75.61,75.61
MHLXMIRU,20.08,20.08
GATEWAY,21.36,21.36
JTLIND,34.37,34.37
RAINBOW,58.42,58.42
ROTO,50.4,50.4
INDOBORAX,14.45,14.45
AVONMORE,26.09,26.09
DREAMFOLKS,37.79,37.79
DHARMAJ,21.25,21.25
GMRP&UI,119.7,
INOXGREEN,178.49,178.49
BIKAJI,68.22,68.22
HARDWYN,109.82,109.82
MEDICO,40.07,40.07
YATHARTH,31.34,31.34
AKSHAR,22.75,22.75
NGLFINE,34.89,34.89
SENCO,48.34,48.34
RADHIKAJWE,15.16,15.16
RAMRAT,32.27,32.27
GOYALALUM,59.7,59.7
DBOL,20.26,20.26
SPORTKING,15.82,15.82
SYNCOMF,47.34,47.31
SIGNATURE,492.57,492.57
CONCORDBIO,52.46,52.46
KAMOPAINTS,95.72,95.72
SCPL,27.87,27.87
MANKIND,44.94,44.94
SATINDLTD,3.7,3.7
IKIO,39.42,39.42
FAZE3Q,23.48,23.48
LLOYDSME,29.79,29.79
SAHYADRI,17.86,17.86
SBFC,38,38
HYBRIDFIN,17.15,16.65
RISHABH,43.13,43.13
SAH,255.84,255.84
AKI,158.7,158.7
SECMARK,301.11,301.11
LAL,45.46,45.46
DOLPHIN,511.09,570.36
ASHOKAMET,10.68,10.68
NETWEB,197.81,197.81
AEROFLEX,49.59,49.58
VPRPL,20.89,20.89
ATL,40.41,40.41
JSWINFRA,88.46,88.46
YASHO,52.44,52.44
SRGHFL,26.39,26.39
TREL,4.81,45.39
CELLO,69.03,69.03
VSTTILLERS,29.52,29.52
ASHIANA,50.81,50.81
RUSHIL,21.33,21.33
PENINLAND,18.09,25.52
THERMAX,98.03,108.35
PREMIERPOL,21.11,21.11
RAYMOND,31.18,29.69
SESHAPAPER,8.2,8.2
SUNDRMFAST,54.26,54.26
EXIDEIND,54.86,54.86
ELECON,42.68,42.68
CRISIL,49.87,49.87
ORIENTPPR,186.51,186.51
NELCO,75.72,75.72
MASTEK,27.83,27.62
LUMAXIND,49.65,49.65
KECL,92.12,92.12
CUMMINSIND,74.88,74.82
JAYBARMARU,38.58,38.58
INFY,25.16,25.16
INDIAGLYCO,18.45,18.45
IGPL,47.37,47.37
GNFC,21.94,21.94
BPCL,5.12,5
BASF,39.29,39.29
ATUL,61.7,61.7
ACC,22.22,25.03
SCI,19.59,19.59
MRPL,10.56,10.54
HINDPETRO,4.96,4.96
BAJAJHLDNG,69.13,69.13
VOLTAS,123.57,123.57
TITAN,87.18,87.18
SUNDARMFIN,36.13,34.55
SPIC,19.86,13.5
SBIN,11.03,10.24
NOCIL,35.53,35.53
BOSCHLTD,40.57,54.88
CHAMBLFERT,17.54,17.54
HINDOILEXP,11.53,13.36
BALMLAWRIE,23.23,23.23
CENTURYTEX,115.66,43.69
CENTENKA,27.38,27.38
VTL,23.91,23.91
FEDERALBNK,11.08,11.08
SUPREMEIND,78.71,78.71
BALRAMCHIN,17.23,17.23
WEIZMANIND,21.34,21.34
RANEHOLDIN,24.87,11.63
ADANIENT,107.39,100.1
INDBANK,28.65,28.65
GET&D,198.7,198.7
SAREGAMA,54.07,54.07
FDC,25.19,25.19
ENGINERSIN,39.99,39.99
JAICORPLTD,132.97,132.97
GMDCLTD,20.45,20.45
INDUSINDBK,12.64,12.64
TRIGYN,21.44,21.44
J&KBANK,7.3,7.3
CUB,12.11,12.11
SOUTHBANK,6.61,6.61
ASTRAZEN,98.96,106.66
AXISBANK,14.76,14.76
SONATSOFTW,56.5,4.84
KOKUYOCMLN,35.88,35.88
DHANBANK,18.09,18.09
STCINDIA,18.49,19.88
IVC,33.79,33.79
JINDALSTEL,18.19,18.18
NIPPOBATRY,30.05,30.05
HCLTECH,25.37,25.37
ACCELYA,27.23,27.3
IOB,45.15,45.15
BIL,48.38,48.38
KTKBANK,6.46,6.46
BLBLIMITED,35.67,35.67
BLUESTARCO,80.64,80.64
TVSMOTOR,61.4,61.4
PNC,39.1,39.1
TAJGVK,27.99,27.99
CHENNPETRO,5.4,5.4
KRBL,11.62,11.62
GAEL,18.11,18.11
BALAJITELE,36.1,36.1
KHANDSE,250.08,250.08
MPSLTD,30.44,30.44
OLECTRA,191.22,208.38
APTECHT,43.84,37.67
TIMESGTY,66.53,66.53
NUCLEUS,19.71,19.71
GODREJIND,46.01,46.01
RADICO,93.08,93.08
MARUTI,28.85,28.85
UCOBANK,39.52,39.52
NSIL,42.96,42.96
TVSELECT,2410.73,2410.73
TVTODAY,24.75,23.38
PETRONET,13.91,14.12
BIOCON,31.07,30.96
XPROINDIA,49.75,47.77
RKFORGE,48.29,48.27
CCL,31.69,31.69
LT,31.14,31.28
CENTEXT,22.32,22.68
TEXINFRA,441.6,441.6
INDSWFTLTD,8.21,8.21
WELENT,18.82,18.82
KOTARISUG,16.66,16.66
DWARKESH,16.37,16.37
INDOCO,31.51,33.58
PATELENG,18.47,24.44
CONSOFINVT,13.63,13.63
EVEREADY,60.69,60.69
GOKEX,52.42,52.42
IIFL,10.98,10.98
SSWL,5.22,15.03
CYBERMEDIA,11.46,8.73
JKPAPER,8,8
JSWHL,69.51,69.51
GENUSPOWER,97.46,97.46
YESBANK,58.66,58.66
SPLIL,15.8,15.79
RML,487.55,13.46
FCSSOFT,,78.44
SUZLON,109.21,101.01
TRIVENI,22,22
NAHARINDUS,64.13,53.06
EKC,14.82,14.53
CELEBRITY,61.26,62.66
ROHLTD,21.7,21.7
ENIL,30.83,31.84
JAGRAN,12.07,12.07
KEC,65.53,65.53
INDOTECH,38.24,38.24
BLKASHYAP,39.53,39.53
CENTURYPLY,51.45,51.45
VAKRANGEE,558.68,607.77
GALLANTT,39.01,39.01
UTTAMSUGAR,9.98,9.98
KKCL,30.16,30.16
GPIL,16.08,16.31
EMKAY,13.13,13.13
LOKESHMACH,55.17,55.17
SWELECTES,31.18,65.84
RATNAMANI,41.02,41.02
PIONEEREMB,40.56,40.56
JKLAKSHMI,21.62,21.9
ALLCARGO,41.41,54.46
EMAMILTD,43.24,42.96
GRINDWELL,81.6,81.54
VOLTAMP,56.35,56.35
SELAN,33.75,33.75
ACE,52.99,52.99
HOVS,29.96,29.96
TALBROAUTO,21.15,30.59
GEECEE,21.96,21.96
JMFINANCIL,309.4,8.5
DCBBANK,8.19,8.19
GESHIP,6.66,6.66
MANALIPETC,84.61,74.49
SOBHA,368.6,368.65
HIRECT,93.84,67.05
PLASTIBLEN,20.48,20.48
PARACABLES,25.72,25.72
AVTNPL,24.83,24.83
LUMAXTECH,23.78,23.78
AUTOIND,32.87,32.96
ORIENTBELL,7006.79,7006.79
TTL,52.48,52.48
SMSPHARMA,42.39,42.39
LAOPALA,29.23,29.23
JKTYRE,14.32,13.99
THEMISMED,78.11,78.11
BANSWRAS,15.89,15.89
AROGRANITE,42.75,42.75
ALPHAGEO,242.67,35.66
INSECTICID,20.04,20.04
NAVINFLUOR,66.35,80.07
NAGREEKEXP,17.81,17.81
HGS,30.22,30.22
DLF,125.31,125.31
MEGASOFT,65.83,65.83
ALPA,10.51,10.54
PURVA,251.05,251.05
NAGREEKCAP,1.11,1.11
MAGNUM,13.84,19.12
BVCL,19.89,19.89
ADANIPORTS,38.53,37.07
KAUSHALYA,2.47,2.47
JYOTHYLAB,44.86,44.86
KALYANIFRG,42.83,42.83
HITECHCORP,17.8,17.8
TRIL,242.23,242.23
PATINTLOG,27.73,27.73
ARIES,18.27,18.27
AMBIKCO,15.13,15.13
CEATLTD,18.68,17.37
JKIL,20.68,20.68
KNRCON,13.24,13.24
ONMOBILE,50.06,50.06
NMDC,13.23,12.75
NAHARCAP,13.98,13.98
VGUARD,73.27,73.27
DPSCLTD,101.72,101.72
BAJAJFINSV,16.19,16.19
BAJAJ-AUTO,35.77,35.77
RPGLIFE,30.38,30.38
RBL,19.5,19.06
RANEENGINE,28.17,21.06
VINYLINDIA,34.54,34.54
KOTHARIPET,12.85,12.79
INDRAMEDCO,17.83,17.83
INDNIPPON,31.46,31.46
SKMEGGPROD,8.17,8.17
CONCOR,51.25,51.25
KCPSUGIND,7.74,8.69
AMBUJACEM,36.31,38.04
CGPOWER,126.56,129.66
BEL,57.03,57.03
REMSONSIND,53.29,52.26
TTKPRESTIG,50.77,50.77
SAMBHAAV,59.88,79.27
SANGAMIND,49.46,43.19
STERTOOLS,23.91,24.03
TVSSRICHAK,30.81,29.37
GUJAPOLLO,24.78,24.78
MMFL,23.06,23.23
RUCHINFRA,19.97,44.69
BANKBARODA,7.64,7.64
BANKINDIA,8.63,8.63
INDSWFTLAB,2.59,11.13
IBULHSGFIN,6.91,6.91
JPOLYINVST,29.8,29.8
CASTROLIND,24.45,24.45
CAPLIPOINT,23.93,23.93
GREENLAM,56.69,56.69
HESTERBIO,126.32,126.32
NILAINFRA,43.22,43.22
ORICONENT,30.08,25.29
PKTEA,28.68,28.68
SHARDAMOTR,25.59,25.59
INDIGO,19.94,19.94
UMANGDAIRY,192.4,192.4
LALPATHLAB,65.06,65.06
TEAMLEASE,44.63,45.97
KELLTONTEC,16.47,16.48
HCG,128.56,138.19
STEELXIND,153.62,153.62
GANGESSECU,52.16,52.16
SMSLIFE,40.89,40.89
DIXON,204.22,204.22
GODREJAGRO,46.95,46.95
TIINDIA,69.13,69.15
DNAMEDIA,.42,
NEWGEN,56.05,56.05
BDL,96.64,96.64
ISEC,14.56,14.56
CHEMFAB,33.35,33.35
TCIEXP,36.22,36.22
LAURUSLABS,138.08,138.08
ITDC,100.18,100.08
SPCENET,166.46,166.46
BHANDARI,19.91,19.91
BSE,49.79,102.17
JITFINFRA,24.13,29.2
TASTYBITE,65.54,65.54
URJA,389.75,389.75
NRAIL,6.49,6.49
STARCEMENT,29.57,29.57
TEJASNET,386.97,386.97
AUBANK,32.62,31.34
SALASAR,58.99,58.99
THEINVEST,56.02,56.02
SIS,39.59,39.59
APEX,47.92,47.92
MATRIMONY,28.93,28.93
DIAMONDYD,40.49,39.91
MASFIN,21.04,21.04
IFGLEXPOR,28.37,28.37
SHALBY,35.24,35.24
APOLLO,103.53,103.53
ASTERDM,62.23,
SUNDARMHLD,31.63,31.63
SANDHAR,31.23,32.01
MIDHANI,94.51,94.51
INDOSTAR,27.16,27.16
FINEORG,37.85,37.81
VARROC,20.16,20.16
HBSL,2.13,2.13
HDFCAMC,45.18,45.18
SIGIND,16.85,16.85
GRSE,73.95,73.95
DALBHARAT,40.63,40.63
CHALET,67.53,67.53
NLCINDIA,18.13,18.13
HAVELLS,89.98,89.98
TIPSINDLTD,43.91,43.91
UPL,,21.04
VAIBHAVGBL,43.43,41.56
NIITLTD,35.56,35.34
GULFPETRO,12.39,12.39
JSWSTEEL,25.24,26.62
SAKSOFT,31.87,31.87
WELCORP,16.76,16.76
PRIMESECU,38.31,38.31
GEOJITFSL,17.37,17.37
NAUKRI,123.71,115.29
VENUSREM,16.88,16.88
WANBURY,9.14,16.83
PITTIENG,36.83,36.83
CTE,43.11,43.11
REDINGTON,14.06,14.06
INDIANB,9.03,9.03
ICRA,36.95,36.95
BFUTILITIE,14.44,14.44
HILTON,28.4,28.4
TIMETECHNO,23.87,23.87
CENTRALBK,21.27,21.27
INDOWIND,40.27,35.19
POWERGRID,19.66,19.66
DELTACORP,14.62,17.39
MAWANASUG,12.18,12.18
ADANIPOWER,13.29,13.29
RTNPOWER,1.06,
IMFA,10.9,10.9
IITL,5.52,7.74
WELINV,106.52,106.52
CAREERP,12.27,12.27
WABAG,32.89,31.97
RESPONIND,53.04,53.04
PENIND,23.86,23.86
RKDL,,317.75
HINDMOTORS,27.52,27.52
LOVABLE,36.48,36.48
MUTHOOTFIN,16.07,16.07
KARMAENG,540.98,540.98
INVENTURE,20.7,17.16
DRREDDY,19.05,19.05
MAHSEAMLES,9.13,9.1
VINDHYATEL,26.7,26.7
BEML,66.99,66.99
ATFL,172.93,246.89
BIRLACABLE,33.55,33.55
HONAUT,99.93,99.93
SUNPHARMA,37.8,36.23
HCC,16.32,
IVP,16.28,16.28
EICHERMOT,35.75,35.75
ZENSARTECH,25.73,25.73
IGARASHI,158.41,158.41
MUNJALSHOW,20.96,19.71
RANASUG,13.92,13.92
ARENTERP,20.48,20.48
ADVANIHOTR,26.34,26.34
UNIVCABLES,66.49,66.49
MURUDCERA,59.28,59.28
LIBERTSHOE,59.91,45.59
MANGLMCEM,40.96,40.96
EIHAHOTELS,35.19,35.19
ASAHISONG,36.83,
BROOKS,145.69,145.69
TDPOWERSYS,47.71,47.71
APLLTD,29.43,29.43
PGEL,74.44,74.44
PAISALO,38.13,38.2
TRITURBINE,71.97,71.97
INDOTHAI,17.96,17.96
DSSL,26.98,26.98
POLYMED,74.24,74.4
VIKASECO,100.75,100.75
KANANIIND,96.19,96.19
MINDACORP,52.69,52.69
DBSTOCKBRO,19,19
SCHNEIDER,125.74,123.34
NDL,15.2,15.2
TBZ,15.14,15.14
VSSL,27.47,27.47
SPECIALITY,28.83,28.83
MAYURUNIQ,23.46,23.46
ZUARI,6.46,6.46
CARERATING,31.73,31.73
REPCOHOME,8.86,8.86
PILITA,60.99,60.99
SREEL,24.57,24.57
AGRITECH,12.16,12.16
SDBL,25.65,25.65
BUTTERFLY,212.35,173.55
AGARIND,15.96,15.96
GOCLCORP,48.18,50.36
SHARDACROP,140.1,140.1
CIGNITITEC,22.63,22.63
INTELLECT,46.81,46.58
FCL,35.43,35.43
GULPOLY,71.37,71.37
APOLSINHOT,35.2,35.2
GENUSPAPER,151.55,151.55
VISHNU,30.74,30.74
GANECOS,87.69,87.69
JMA,9.75,9.75
MANAKALUCO,36.21,36.21
ZENTEC,83.75,84.98
LFIC,6.15,6.15
VIPULLTD,2.36,2.33
UFO,42.5,38.48
ARROWGREEN,29.24,29.24
PNCINFRA,13.53,13.53
SYNGENE,56.49,55.52
SATIN,5.67,5.67
POWERMECH,30.84,30.84
SHREEPUSHK,18.01,18.01
IDFCFIRSTB,19.52,19.52
COFFEEDAY,,6.72
LUXIND,34.5,34.5
SALZERELEC,32.92,32.92
LINCOLN,13.85,13.85
NH,31.47,31.47
PRECAM,45.51,70.55
HITECH,44.29,44.29
NECCLTD,30.45,30.45
KDDL,29.06,29.12
PDMJEPAPER,11.1,11.1
INFIBEAM,53.01,53.01
CROMPTON,60.64,60.64
SHRIPISTON,19.02,19.02
ALBERTDAVD,10.3,10.3
SALONA,26.22,26.22
MAHASTEEL,36.5,44.87
MGL,13.52,13.52
POKARNA,24.9,24.9
GPTINFRA,29.34,29.34
QUESS,33.6,30.79
SOMICONVEY,49.66,49.66
ADVENZYMES,30.65,28.55
SPAL,21.46,21.46
NDGL,15.3,15.3
RBLBANK,12.73,12.73
BIGBLOC,51.98,51.98
LTTS,40.85,40.85
GNA,17.23,17.23
HPL,66.02,66.02
MASKINVEST,1321.59,1321.59
MAZDA,18.22,18.22
VBL,94.46,94.46
KINGFA,20.71,20.71
NBIFIN,78.38,78.38
BANARISUG,25.98,25.98
JINDALPOLY,43.25,43.1
JYOTISTRUC,79.99,79.99
JAYNECOIND,22.17,20.34
SOTL,19.51,19.51
KARURVYSYA,10.38,10.38
WSI,18.09,17.88
TATAPOWER,44.84,48.46
SUNFLAG,28.63,28.63
SIEMENS,120,120
VSTIND,20.94,20.94
SOMANYCERA,34.2,34.11
M&M,32.08,32.08
KABRAEXTRU,45.67,45.67
3PLAND,37.46,37.46
OSWALAGRO,346.76,343.34
JINDALSAW,10.96,10.96
ABB,124.42,124.42
IDBI,15.74,15.74
CANFINHOME,16.38,16.38
ELECTCAST,15.14,15.14
DABUR,59.76,59.76
CIPLA,28.74,27.73
HDFCBANK,19.94,19.82
GMBREW,10.01,10.01
GIPCL,18.63,18.63
INDIANHUME,29.46,29.46
IOC,5.69,5.69
KAMATHOTEL,13.63,45.8
BANCOINDIA,18.44,18.44
APOLLOTYRE,20.14,19.42
SHANTIGEAR,56.8,56.8
ONWARDTEC,28.25,28.25
NILKAMAL,26.37,26.37
ICIL,26.19,26.19
ELGIEQUIP,75.66,75.66
AUROPHARMA,22.29,21.56
EIHOTEL,41.62,41.18
LICHSGFIN,9.43,9.43
BEPL,24.93,24.93
MOREPENLAB,30.5,30.5
21STCENMGM,2.22,2.22
VENKEYS,35.52,35.52
GHCL,6.82,8.94
HIL,61.07,1142.58
BPL,48.54,48.54
PGHH,72.88,72.88
VESUVIUS,43.99,43.99
BOMDYEING,1.5,
NAVNETEDUL,17.59,19.17
GLAXO,74.81,66.79
CHOLAFIN,35.34,35.34
INDHOTEL,72.83,72.83
GILLETTE,61.46,61.46
ESABINDIA,57.69,57.69
GABRIEL,38.66,38.66
SCHAEFFLER,80.12,79.82
AMJLAND,16.34,16.34
KOPRAN,24.39,24.39
GODFRYPHLP,30.61,30.61
TATAINVEST,104.18,104.18
TIMKEN,82.88,82.88
SHREECEM,42.69,42.69
INGERRAND,65.85,65.85
HINDALCO,15.27,15.29
GSFC,17.63,17.63
FINPIPE,47.4,47.4
FINCABLES,40.79,47.84
DCM,25.72,25.72
CESC,14.79,18.02
PVP,9.58,
CORALFINAC,10.29,10.29
GREENPLY,54.09,62.47
PEARLPOLY,84.47,84.47
SWARAJENG,25.26,25.26
MRF,26.42,26.42
TNPETRO,17.97,14.4
STARPAPER,6.14,6
EIMCOELECO,37.34,37.34
KEYFINSERV,5.73,5.73
SOMATEX,5.41,
AARTIDRUGS,28.28,28.28
INDIANCARD,20.42,
DENORA,46.62,46.62
DYNAMATECH,41.13,78.76
JAGSNPHARM,39.82,39.82
MPHASIS,30.34,30.34
GUJRAFFIA,47.3,47.3
