SERIES,SYMBOL,SECURITY,RECORD_DT,BC_STRT_DT,BC_END_DT,EX_DT,ND_STRT_DT,ND_END_DT,PURPOSE
BE,CANBK,Canara Bank,15/05/2024, , ,15/05/2024, , ,FVSPLT FRM RS 10 TO RS 2 
BE,CRAFTSMAN,Craftsman Automation Ltd, ,21/05/2024,27/05/2024,17/05/2024, , ,DIV - RS 11.25 PER SH    
BE,TATACONSUM,TATA CONSUMER PRODUCT LTD,24/05/2024, , ,24/05/2024, , ,DIV - RS 7.75 PER SH     
BE,GESHIP,The Great Eastern Shippin,23/05/2024, , ,22/05/2024, , ,INTDIV - RS 10.80 PER SH 
BE,OBEROIRLTY,Oberoi Realty Limited,23/05/2024, , ,22/05/2024, , ,INTDIV - RS 2 PER SH     
BE,AJANTPHARM,Ajanta Pharma Ltd,30/05/2024, , ,30/05/2024, , ,BUY BACK                 
BE,TRENT,Trent Limited - Depo,22/05/2024, , ,22/05/2024, , ,DIV - RS 3.20 PER SH     
BE,BALAXI,BALAXI PHARMA Ltd,30/05/2024, , ,30/05/2024, , ,FVSPLT FRM RS 10 TO RS 2 
BE,TCS,TATA CONSULTANCY SERV LTD,16/05/2024, , ,16/05/2024, , ,DIV - RS 28 PER SH       
BE,GMBREW,GM Breweries Ltd., ,10/05/2024,16/05/2024,09/05/2024, , ,AGM/DIV - RS 7 PER SH    
BE,EASTSUGIND,Eastern Sug & Inds Ltd.,20/05/2024, , ,17/05/2024, , ,CAPITAL REDUCTION        
BE,VIJIFIN,Viji Finance Limited,15/05/2024, , ,15/05/2024, , ,RGHTS 8:11@PRM RE 0.50/- 
BE,ADORWELD,Ador Welding Limited,15/05/2024, , ,15/05/2024, , ,INTDIV-RS 18.50 PER SH   
BE,IRB,IRB Infrastructure Develo,15/05/2024, , ,15/05/2024, , ,INTDIV - RE 0.10 PER SH  
BE,APTUS,Aptus Value Hsg Fin I Ltd,15/05/2024, , ,15/05/2024, , ,INTDIV - RS 2.50 PER SH  
BE,CIEINDIA,Mahindra CIE Automative L, ,14/06/2024,20/06/2024,13/06/2024, , ,AGM/DIV - RS 5 PER SH    
BE,COFORGE,Coforge Limited,15/05/2024, , ,15/05/2024, , ,INTDIV - RS 19 PER SH    
BE,VARDMNPOLY,Vardhman Polytex Limited,18/05/2024, , ,17/05/2024, , ,FVSPLT FRM RS 10 TO RE 1 
BE,BDL,Bharat Dynamics Limited,24/05/2024, , ,24/05/2024, , ,FVSPLT FRM RS 10 TO RS 5 
BE,KSB,KSB Pumps Ltd-Depo, ,14/06/2024,26/06/2024,13/06/2024, , ,AGM/DIV - RS 17.5 PER SH 
BE,HINDZINC,Hindustan Zinc for depo,15/05/2024, , ,15/05/2024, , ,INTDIV - RS 10 PER SH    
BE,SOLARA,Solara Active Pha Sci Ltd,15/05/2024, , ,15/05/2024, , ,RIGHTS 1:3 @PRM RS 365/- 
BE,INOXWIND,Inox Wind Limited,25/05/2024, , ,24/05/2024, , ,BONUS 3:1                
BE,ADVENZYMES,Advanced Enzyme Tech Ltd,18/05/2024, , ,17/05/2024, , ,INTDIV - RS 4 PER SH     
BE,SDBL,Som Dist & Brew Ltd,24/05/2024, , ,24/05/2024, , ,FVSPLT FRM RS 5 TO RS 2  
BZ,SDBL,Som Dist & Brew Ltd,24/05/2024, , ,24/05/2024, , ,FVSPLT FRM RS 5 TO RS 2  
BZ,GMBREW,GM Breweries Ltd., ,10/05/2024,16/05/2024,09/05/2024, , ,AGM/DIV - RS 7 PER SH    
EQ,ADORWELD,Ador Welding Limited,15/05/2024, , ,15/05/2024, , ,INTDIV-RS 18.50 PER SH   
EQ,SDBL,Som Dist & Brew Ltd,24/05/2024, , ,24/05/2024, , ,FVSPLT FRM RS 5 TO RS 2  
EQ,VIJIFIN,Viji Finance Limited,15/05/2024, , ,15/05/2024, , ,RGHTS 8:11@PRM RE 0.50/- 
EQ,OBEROIRLTY,Oberoi Realty Limited,23/05/2024, , ,22/05/2024, , ,INTDIV - RS 2 PER SH     
EQ,CANBK,Canara Bank,15/05/2024, , ,15/05/2024, , ,FVSPLT FRM RS 10 TO RS 2 
EQ,IRB,IRB Infrastructure Develo,15/05/2024, , ,15/05/2024, , ,INTDIV - RE 0.10 PER SH  
EQ,AJANTPHARM,Ajanta Pharma Ltd,30/05/2024, , ,30/05/2024, , ,BUY BACK                 
EQ,ADVENZYMES,Advanced Enzyme Tech Ltd,18/05/2024, , ,17/05/2024, , ,INTDIV - RS 4 PER SH     
EQ,INOXWIND,Inox Wind Limited,25/05/2024, , ,24/05/2024, , ,BONUS 3:1                
EQ,GMBREW,GM Breweries Ltd., ,10/05/2024,16/05/2024,09/05/2024, , ,AGM/DIV - RS 7 PER SH    
EQ,SOLARA,Solara Active Pha Sci Ltd,15/05/2024, , ,15/05/2024, , ,RIGHTS 1:3 @PRM RS 365/- 
EQ,HINDZINC,Hindustan Zinc Ltd,15/05/2024, , ,15/05/2024, , ,INTDIV - RS 10 PER SH    
EQ,GESHIP,The Great Eastern Shippin,23/05/2024, , ,22/05/2024, , ,INTDIV - RS 10.80 PER SH 
EQ,KSB,KSB Pumps Ltd., ,14/06/2024,26/06/2024,13/06/2024, , ,AGM/DIV - RS 17.5 PER SH 
EQ,TCS,Tata Consultancy Serv Ltd,16/05/2024, , ,16/05/2024, , ,DIV - RS 28 PER SH       
EQ,BDL,Bharat Dynamics Limited,24/05/2024, , ,24/05/2024, , ,FVSPLT FRM RS 10 TO RS 5 
EQ,EASTSUGIND,Eastern Sug & Inds Ltd.,20/05/2024, , ,17/05/2024, , ,CAPITAL REDUCTION        
EQ,CRAFTSMAN,Craftsman Automation Ltd, ,21/05/2024,27/05/2024,17/05/2024, , ,DIV - RS 11.25 PER SH    
EQ,APTUS,Aptus Value Hsg Fin I Ltd,15/05/2024, , ,15/05/2024, , ,INTDIV - RS 2.50 PER SH  
EQ,COFORGE,Coforge Limited,15/05/2024, , ,15/05/2024, , ,INTDIV - RS 19 PER SH    
EQ,TRENT,Trent Ltd.,22/05/2024, , ,22/05/2024, , ,DIV - RS 3.20 PER SH     
EQ,CIEINDIA,Mahindra CIE Automative L, ,14/06/2024,20/06/2024,13/06/2024, , ,AGM/DIV - RS 5 PER SH    
EQ,TATACONSUM,TATA CONSUMER PRODUCT LTD,24/05/2024, , ,24/05/2024, , ,DIV - RS 7.75 PER SH     
EQ,BALAXI,BALAXI PHARMA Ltd,30/05/2024, , ,30/05/2024, , ,FVSPLT FRM RS 10 TO RS 2 
EQ,VARDMNPOLY,Vardhman Polytex Limited,18/05/2024, , ,17/05/2024, , ,FVSPLT FRM RS 10 TO RE 1 
GS,815GS2026,GOI LOAN 8.15% 2026,22/05/2024, , ,22/05/2024, , ,INTEREST PAYMENT         
IV,SHREMINVIT,Shrem Invit,16/05/2024, , ,16/05/2024, , ,DIV/DISTRIBN - RS 3.6932 
MF,BSLIQPIRG,BSL IIF- QP - SI -RPG,22/05/2024, , , , , ,STP                      
MF,BSLIQPIIDP,BSL IIF- QP - SI -IPDP,22/05/2024, , , , , ,STP                      
MF,BSLIQPIRDP,BSL IIF- QP - SI -RPDP,22/05/2024, , , , , ,STP                      
MF,BSLIFQPIDG,BIRLASLAMC - BSLIFQPIDG,22/05/2024, , , , , ,STP                      
N3,UGROCAP,Sec Red NCD 10.15% Sr. II,21/05/2024, , ,21/05/2024, , ,INTEREST PAYMENT         
N4,IIFLSAMFIN,Sec Re NCD 10.03% Sr 5,17/05/2024, , ,17/05/2024, , ,INTEREST PAYMENT         
N5,IIHFL,Unsec Re NCD 9.60% Sr.II,16/05/2024, , ,16/05/2024, , ,INTEREST PAYMENT         
N5,ERFLNCDI,Sec Red NCD 8.88% Sr. V,17/05/2024, , ,17/05/2024, , ,INTEREST PAYMENT         
N8,IBULHSGFIN,Sec Red NCD 8.65% Sr. V,16/05/2024, , ,16/05/2024, , ,INTEREST PAYMENT         
N9,IIHFL,Sec Re NCD 8.20% Sr.III,16/05/2024, , ,16/05/2024, , ,INTEREST PAYMENT         
NC,IIFL,IIFL Finance Limited,16/05/2024, , ,16/05/2024, , ,INTEREST PAYMENT         
NC,IBULHSGFIN,Uns Red NCD 8.79% Sr.VIII,16/05/2024, , ,16/05/2024, , ,INTEREST PAYMENT         
NC,IIHFL,Sec Re NCD 8.43% Sr.VI,16/05/2024, , ,16/05/2024, , ,INTEREST PAYMENT         
NF,IIFL,IIFL Finance Limited,16/05/2024, , ,16/05/2024, , ,INTEREST PAYMENT         
NH,IBUCCREDIT,Sec Re NCD 9.40% Sr.III,20/05/2024, , ,17/05/2024, , ,INTEREST PAYMENT         
NJ,ECLFINANCE,Sec Red NCD 9.43% Sr. VI,17/05/2024, , ,17/05/2024, , ,INTEREST PAYMENT         
NK,IBUCCREDIT,Sec Re NCD 9.61% Sr.VI,20/05/2024, , ,17/05/2024, , ,INTEREST PAYMENT         
NL,IIFL,IIFL Finance Limited,16/05/2024, , ,16/05/2024, , ,INTEREST PAYMENT         
NN,IBUCCREDIT,Sec Re NCD 9.40% Sr.VIII,20/05/2024, , ,17/05/2024, , ,INTEREST PAYMENT         
NO,DHANILOANS,Dhani Loans & Serv Ltd,16/05/2024, , ,16/05/2024, , ,INTEREST PAYMENT         
NO,IBUCCREDIT,Sec Re NCD 9.85% Sr.VIII,20/05/2024, , ,17/05/2024, , ,INTEREST PAYMENT         
NR,ECLFINANCE,ECL Finance Limited,17/05/2024, , ,17/05/2024, , ,INTEREST PAYMENT         
NS,IIFL,IIFL Finance Limited,16/05/2024, , ,16/05/2024, , ,INTEREST PAYMENT         
NZ,IIFL,IIFL Finance Limited,16/05/2024, , ,16/05/2024, , ,INTEREST PAYMENT         
RR,NXST,Nexus Select Trust,17/05/2024, , ,17/05/2024, , ,DIV/DISTRIBU - RS 2.091  
RT,NXST,Nexus Select Trust,17/05/2024, , ,17/05/2024, , ,DIV/DISTRIBU - RS 2.091  
SG,56HR24,SDL HR 5.6% 2024,16/05/2024, , , , , ,REDEMPTION               
SG,538RJ24,SDL RJ 5.38% 2024,22/05/2024, , , , , ,REDEMPTION               
SM,ABINFRA,A B Infrabuild Limited,17/05/2024, , ,17/05/2024, , ,RIGHTS 1:8 @ PRM RS 8/-  
SM,TIMESCAN,Timescan Logistics Ind L,17/05/2024, , ,17/05/2024, , ,BONUS 1:1                
SQ,TIMESCAN,Timescan Logistics Ind L,17/05/2024, , ,17/05/2024, , ,BONUS 1:1                
SQ,ABINFRA,A B Infrabuild Limited,17/05/2024, , ,17/05/2024, , ,RIGHTS 1:8 @ PRM RS 8/-  
ST,TIMESCAN,Timescan Logistics Ind L,17/05/2024, , ,17/05/2024, , ,BONUS 1:1                
ST,ABINFRA,A B Infrabuild Limited,17/05/2024, , ,17/05/2024, , ,RIGHTS 1:8 @ PRM RS 8/-  
U3,UGROCAP,Sec Red NCD 10.15% Sr. II,21/05/2024, , ,21/05/2024, , ,INTEREST PAYMENT         
U4,IIFLSAMFIN,Sec Re NCD 10.03% Sr 5,17/05/2024, , ,17/05/2024, , ,INTEREST PAYMENT         
U5,ERFLNCDI,Sec Red NCD 8.88% Sr. V,17/05/2024, , ,17/05/2024, , ,INTEREST PAYMENT         
U5,IIHFL,Unsec Re NCD 9.60% Sr.II,16/05/2024, , ,16/05/2024, , ,INTEREST PAYMENT         
U8,IBULHSGFIN,Sec Red NCD 8.65% Sr. V,16/05/2024, , ,16/05/2024, , ,INTEREST PAYMENT         
U9,IIHFL,Sec Re NCD 8.20% Sr.III,16/05/2024, , ,16/05/2024, , ,INTEREST PAYMENT         
UC,IIHFL,Sec Re NCD 8.43% Sr.VI,16/05/2024, , ,16/05/2024, , ,INTEREST PAYMENT         
UC,IBULHSGFIN,Uns Red NCD 8.79% Sr.VIII,16/05/2024, , ,16/05/2024, , ,INTEREST PAYMENT         
UC,IIFL,IIFL Finance Limited,16/05/2024, , ,16/05/2024, , ,INTEREST PAYMENT         
UF,IIFL,IIFL Finance Limited,16/05/2024, , ,16/05/2024, , ,INTEREST PAYMENT         
UH,IBUCCREDIT,Sec Re NCD 9.40% Sr.III,20/05/2024, , ,17/05/2024, , ,INTEREST PAYMENT         
UJ,ECLFINANCE,Sec Red NCD 9.43% Sr. VI,17/05/2024, , ,17/05/2024, , ,INTEREST PAYMENT         
UK,IBUCCREDIT,Sec Re NCD 9.61% Sr.VI,20/05/2024, , ,17/05/2024, , ,INTEREST PAYMENT         
UL,IIFL,IIFL Finance Limited,16/05/2024, , ,16/05/2024, , ,INTEREST PAYMENT         
UN,IBUCCREDIT,Sec Re NCD 9.40% Sr.VIII,20/05/2024, , ,17/05/2024, , ,INTEREST PAYMENT         
UO,IBUCCREDIT,Sec Re NCD 9.85% Sr.VIII,20/05/2024, , ,17/05/2024, , ,INTEREST PAYMENT         
UO,DHANILOANS,Dhani Loans & Serv Ltd,16/05/2024, , ,16/05/2024, , ,INTEREST PAYMENT         
UR,ECLFINANCE,ECL Finance Limited,17/05/2024, , ,17/05/2024, , ,INTEREST PAYMENT         
US,IIFL,IIFL Finance Limited,16/05/2024, , ,16/05/2024, , ,INTEREST PAYMENT         
UZ,IIFL,IIFL Finance Limited,16/05/2024, , ,16/05/2024, , ,INTEREST PAYMENT         

