SYMBOL,SERIES,SECURITY,HIGH/LOW,INDEX FLAG
3PLAND,EQ,3P LAND HOLDINGS LIMITED,H
AAATECH,BE,AAA TECHNOLOGIES LIMITED,H
ABINFRA,SM,A B INFRABUILD LIMITED,H
ADROITINFO,EQ,ADROIT INFOTECH LIMITED,H
AGNI,SM,AGNI GREEN POWER LTD,H
AKSHAR,BE,AKSHAR SPINTEX LIMITED,H
ALKALI,EQ,ALKALI METALS LTD,H
ALMONDZ,BE,ALMONDZ GLOBAL SEC LTD,H
ALPEXSOLAR,SM,ALPEX SOLAR LIMITED,H
ALPSINDUS,BE,ALPS INDUSTRIES LTD.,H
ANKITMETAL,BE,ANKIT MET & POW LTD,H
APS,SM,AUSTRALIAN PREM SOLAR I L,H
ARCHIDPLY,BE,ARCHIDPLY IND. LTD,H
ASMS,EQ,BARTRONICS INDIA LIMITED,H
ASTRON,BE,ASTRON PAPER BORD MIL LTD,H
AURUMPP1,E1,AURUM RS. 3.12 PPD UP,H
BAGFILMS,BE,B.A.G FILMS AND MEDIA LTD,H
BANKA,BE,BANKA BIOLOO LIMITED,H
BCONCEPTS,EQ,BRAND CONCEPTS LIMITED,H
BEDMUTHA,EQ,BEDMUTHA INDUST LTD,H
BGRENERGY,BE,BGR ENERGY SYSTEMS LTD,H
BINANIIND,EQ,BINANI INDUSTRIES LTD,H
BIRLAMONEY,EQ,ADITYA BIRLA MONEY LTD,H
BMETRICS,SM,BOMBAY METRICS S C LTD,H
BRIGHT,SM,BRIGHT SOLAR LIMITED,H
BRNL,BE,BHARAT ROAD NETWORK LTD,H
CADSYS,ST,CADSYS (INDIA) LIMITED,H
CALSOFT,BE,CALIFORNIA SOFTWARE CO LT,H
CAREERP,EQ,CAREER POINT LIMITED,H
CINEVISTA,BE,CINEVISTA LIMITED,H
CMMIPL,ST,CMM INFRAPROJECTS LIMITED,H
CORALFINAC,BE,CORAL INDIA FIN & HOUS LT,H
COUNCODOS,EQ,COUNTRY CONDO S LIMITED,H
CREATIVEYE,EQ,CREATIVE EYE LIMITED,H
DHRUV,BE,DHRUV CONSULTANCY SER LTD,H
DOLPHIN,BE,DOLPHIN OFF ENT (IND) L,H
DRONE,SM,DRONE DESTINATION LIMITED,H
DUCON,BE,DUCON INFRATECHNOLOGIES L,H
EDUCOMP,BZ,EDUCOMP SOLUTIONS LTD,H
ESCONET,SM,ESCONET TECHNOLOGIES LTD,H
FCONSUMER,EQ,FUTURE CONSUMER LIMITED,H
FEL,BZ,FUTURE ENTERPRISES LTD,H
FELDVR,BE,FUTURE ENTERPRISES LTD,H
FMNL,BE,FUTURE MKT NETWORKS LTD,H
GANESHHOUC,EQ,GANESH HOUSING CORP LTD,H
GANGAFORGE,BE,GANGA FORGING LIMITED,H
GATECH,BE,GACM TECHNOLOGIES LIMITED,H
GAYAHWS,EQ,GAYATRI HIGHWAYS LIMITED,H
GAYAPROJ,BZ,GAYATRI PROJECTS LTD,H
GENUSPOWER,EQ,GENUS POWER INFRASTRU LTD,H
GET&D,BE,GE T&D INDIA LIMITED,H
GLFL,BE,GUJARAT LEASE FINANCING L,H
GMRP&UI,EQ,GMR POW AND URBAN INFRA L,H
GOENKA,BZ,GOENKA DIAMOND&JEWELS LTD,H
GOYALALUM,BE,GOYAL ALUMINIUMS LIMITED,H
GRCL,SM,GAYATRI RUBB AND CHEM LTD,H
GRETEX,ST,GRETEX INDUSTRIES LTD.,H
GSTL,SM,GLOBESECURE TECHNO LTD,H
GTL,BE,GTL LTD,H
HAVISHA,EQ,SRI HAVISHA HOSP & INFR L,H
HECPROJECT,EQ,HEC INFRA PROJECTS LTD,H
HILTON,EQ,HILTON METAL FORGING LTD,H
HITECHGEAR,BE,THE HI-TECH GEARS LIMITED,H
HMT,BZ,HMT LTD -,H
HUBTOWN,BE,HUBTOWN LIMITED,H
IL&FSENGG,BZ,IL&FS ENG AND CONS CO LTD,H
IMPEXFERRO,BE,IMPEX FERRO TECH LIMITED,H
INCREDIBLE,EQ,INCREDIBLE INDUSTRIES LTD,H
INDOWIND,EQ,INDOWIND ENERGY LTD,H
INNOVATIVE,SM,INNOVATIVE TYRES & TUBES,H
INVENTURE,BE,INVENTURE GRO & SEC LTD,H
IRIS,EQ,IRIS BUSINESS SERV LTD,H
JAIBALAJI,BE,JAI BALAJI INDUSTRIES LTD,H
JAIPURKURT,BE,NANDANI CREATION LIMITED,H
JHS,BE,JHS SVEND. LAB. LTD,H
JYOTICNC,EQ,JYOTI CNC AUTOMATION LTD,H
KAMATHOTEL,EQ,KAMAT HOTELS (I) LTD,H
KANANIIND,BE,KANANI INDUSTRIES LTD,H
KAPSTON,EQ,KAPSTON SERVICES LIMITED,H
KAUSHALYA,EQ,KAUSHALYA INFRA DEV LTD.,H
KAVVERITEL,EQ,KAVVERI TEL. LTD.,H
KDL,SM,KORE DIGITAL LIMITED,H
KEEPLEARN,EQ,DSJ KEEP LEARNING LTD,H
KIRLPNU,EQ,KIRLOSKAR PNEUMATIC COM L,H
KODYTECH,SM,KODY TECHNOLAB LIMITED,H
KPIGREEN,EQ,KPI GREEN ENERGY LIMITED,H
KRIDHANINF,BE,KRIDHAN INFRA LIMITED,H
LAL,EQ,LORENZINI APPARELS LTD,H
LATTEYS,BE,LATTEYS INDUSTRIES LTD,H
LCCINFOTEC,BE,LCC INFOTECH LTD,H
LFIC,BE,LAKSHMI FIN IND CORP LTD,H
MACPOWER,EQ,MACPOWER CNC MACHINES LTD,H
MALUPAPER,BE,MALU PAPER MILLS LIMITED,H
MANAKSTEEL,BE,MANAKSIA STEELS LTD,H
MAXIND,EQ,MAX INDIA LIMITED,H
MBECL,EQ,MCNALLY BH. ENG. CO.LTD,H
MCLEODRUSS,BE,MCLEOD RUSSEL INDIA LTD.,H
MEDICO,BE,MEDICO REMEDIES LIMITED,H
MEGAFLEX,SM,MEGA FLEX PLASTICS LTD,H
METALFORGE,BZ,METALYST FORGINGS LIMITED,H
MITTAL,BE,MITTAL LIFE STYLE LIMITED,H
MKPL,BE,M K PROTEINS LIMITED,H
MOKSH,BE,MOKSH ORNAMENTS LIMITED,H
MONOPHARMA,SM,MONO PHARMACARE LIMITED,H
NAGREEKCAP,EQ,NAGREEKA CAP & INFR.LTD,H
NARMADA,BE,NARMADA AGROBASE LIMITED,H
NETWEB,EQ,NETWEB TECH INDIA LTD,H
NKIND,EQ,NK INDUSTRIES LTD,H
NOIDATOLL,BE,NOIDA TOLL BRIDGE CO LTD,H
OILCOUNTUB,BE,OIL COUNTRY TUBULAR LTD.,H
ORIANA,SM,ORIANA POWER LIMITED,H
ORIENTALTL,BE,ORIENTAL TRIMEX LTD,H
OWAIS,SM,OWAIS METAL & MINERAL,H
PAISALO,EQ,PAISALO DIGITAL LIMITED,H
PASHUPATI,SM,PASHUPATI COTSPIN LIMITED,H
PRAKASHSTL,BE,PRAKASH STEELAGE LTD,H
PRAMARA,SM,PRAMARA PROMOTIONS LTD,H
PRATHAM,SM,PRATHAM EPC PROJECTS LTD,H
PRAXIS,BE,PRAXIS HOME RETAIL LTD,H
PRUDMOULI,BE,PRUDENTIAL SUGAR CORPORAT,H
PURVA,BE,PURAVANKARA LIMITED,H
RADAAN,EQ,RADAAN MEDIAWORKS (I) LTD,H
RAJRILTD,BE,RAJ RAYON INDUSTRIES LTD,H
RAJTV,BE,RAJ TV NETWORK LTD,H
RCOM,BE,RELIANCE COMMUNICATIONS L,H
REFRACTORY,ST,REFRACTORY SHAPES LIMITED,H
REGENCERAM,BE,REGENCYCERAMICS-LTD,H
RTNPOWER,EQ,RATTANINDIA POWER LIMITED,H
RUCHINFRA,EQ,RUCHI INFRASTRUCTURE LTD,H
SADBHIN,EQ,SADBHAV INFRA PROJ LTD.,H
SAHANA,SM,SAHANA SYSTEM LIMITED,H
SALASAR,EQ,SALASAR TECHNO ENGG. LTD.,H
SALSTEEL,BE,S.A.L. STEEL LTD.,H
SALZERELEC,EQ,SALZER ELECTRONICS LTD,H
SAMBHAAV,BE,SAMBHAAV MEDIA LTD,H
SAMPANN,BE,SAMPANN UTPADAN INDIA LTD,H
SANGINITA,BE,SANGINITA CHEMICALS LTD,H
SARVESHWAR,BE,SARVESHWAR FOODS LIMITED,H
SECMARK,BE,SECMARK CONSULTANCY LTD,H
SEJALLTD,BE,SEJAL GLASS LIMITED,H
SEL,SM,SUNGARNER ENERGIES LTD,H
SETCO,BE,SETCO AUTOMOTIVE LTD,H
SHAKTIPUMP,EQ,SHAKTI PUMPS (I) LTD,H
SHANTI,BE,SHANTI OVERSEAS INDIA LTD,H
SHREERAMA,BE,SHREE RAMA MULTI TECH LTD,H
SIDDHIKA,SM,SIDDHIKA COATINGS LIMITED,H
SILKFLEX,ST,SILKFLEX POLYMERS INDIA L,H
SIMPLEXINF,BE,SIMPLEX INFRASTRUCTURES L,H
SMVD,ST,SMVD POLY PACK LIMITED,H
SOLEX,SM,SOLEX ENERGY LIMITED,H
SOMATEX,BE,SOMA TEXTILEI NDUSTRIES L,H
SOMICONVEY,BE,SOMI CONVEYOR BELT. LTD.,H
SUMEETINDS,BE,SUMEET IND LIMITED,H
SUPREMEENG,BE,SUPREME ENGINEERING LTD,H
SUPREMEINF,BZ,SUPREME INFRA. LTD,H
SUULD,EQ,SUUMAYA INDUSTRIES LTD,H
SUZLON,BE,SUZLON ENERGY LIMITED,H
SVPGLOB,EQ,SVP GLOBAL TEXTILES LTD,H
SWANENERGY,EQ,SWAN ENERGY LIMITED,H
SWELECTES,EQ,SWELECT ENERGY SYS LTD,H
SWSOLAR,EQ,STRLNG & WIL REN ENE LTD,H
TARC,EQ,TARC LIMITED,H
TARMAT,BE,TARMAT LIMITED,H
TCLCONS,EQ,TANTIA CONSTRUCTIONS LTD,H
TECHLABS,SM,TRIDENT TECHLABS LIMITED,H
TFL,BE,TRANSWARRANTY FIN. LTD.,H
TIL,BZ,TIL LTD,H
TIRUPATI,SM,SHREE TIRUPATI BALAJEE,H
TOUCHWOOD,EQ,TOUCHWOOD ENTERTAIN LTD.,H
TREEHOUSE,BE,TREE HOUSE EDU LTD,H
TVVISION,BE,TV VISION LIMITED,H
UNIINFO,BE,UNIINFO TELECOM SERVI LTD,H
UNITECH,BZ,UNITECH LIMITED,H
UNIVASTU,BE,UNIVASTU INDIA LIMITED,H
URJA,EQ,URJA GLOBAL LIMITED,H
V2RETAIL,BE,V2 RETAIL LIMITED,H
VASWANI,BE,VASWANI IND LTD,H
VIJIFIN,BE,VIJI FINANCE LIMITED,H
VIKASLIFE,EQ,VIKAS LIFECARE LIMITED,H
VIVIANA,SM,VIVIANA POWER TECH LTD,H
VIVIDHA,BE,VISAGAR POLYTEX LTD,H
VMARCIND,SM,V MARC INDIA LIMITED,H
WALCHANNAG,EQ,WALCHANDNAGAR INDUSTRIES,H
WEALTH,EQ,WEALTH FRST PORT. MG. LTD,H
WEBELSOLAR,BE,WEBSOL ENERGY SYSTEM LTD,H
WINSOL,ST,WINSOL ENGINEERS LIMITED,H
WINSOME,BE,WINSOME YARNS LIMITED,H
WOMANCART,SM,WOMANCART LIMITED,H
ABCOTS,SM,A B COTSPIN INDIA LIMITED,L
AISL,ST,ANI INTEGRATED SERV LTD.,L
ANTGRAPHIC,BE,ANTARCTICA LTD,L
ARSHIYA,BE,ARSHIYA LIMITED,L
ARTNIRMAN,BE,ART NIRMAN LIMITED,L
ARVEE,BE,ARVEE LABORATORIES I LTD,L
ASMS,EQ,BARTRONICS INDIA LIMITED,L
BCG,BZ,BRIGHTCOM GROUP LIMITED,L
BLUEPEBBLE,SM,BLUE PEBBLE LIMITED,L
CADSYS,ST,CADSYS (INDIA) LIMITED,L
CEREBRAINT,BE,CEREBRA INT TECH LTD,L
CGRAPHICS,SM,CREATIVE GRAPHICS S IND L,L
CLOUD,SM,VARANIUM CLOUD LIMITED,L
CONTI,SM,CONTINENTAL SEED CHEM LTD,L
DYNAMIC,SM,DYNAMIC SRVCS & SEC LTD,L
EXCEL,EQ,EXCEL REALTY N INFRA LTD,L
FCONSUMER,EQ,FUTURE CONSUMER LIMITED,L
FELDVR,BE,FUTURE ENTERPRISES LTD,L
FLEXITUFF,BE,FLEXITUFF VENTURES INT L,L
FLFL,BZ,FUT LIFESTYLE FASH LTD,L
GODHA,EQ,GODHA CABCON INSULAT LTD,L
GOENKA,BZ,GOENKA DIAMOND&JEWELS LTD,L
GRAPHISAD,SM,GRAPHISADS LIMITED,L
GSS,EQ,GSS INFOTECH LIMITED,L
GTECJAINX,BE,G-TEC JAINX EDUCATION LTD,L
GTLINFRA,EQ,GTL INFRA.LTD,L
HINDMOTORS,EQ,HINDUSTAN MOTORS LIMITED,L
INFOMEDIA,BE,INFOMEDIA PRESS LIMITED,L
ISHAN,SM,ISHAN INTERNATIONAL LTD,L
JALAN,SM,JALAN TRANSOLU. INDIA LTD,L
KBCGLOBAL,EQ,KBC GLOBAL LIMITED,L
KCEIL,SM,KAY CEE ENERGY & INFRA L,L
KONSTELEC,SM,KONSTELEC ENGINEERS LTD,L
KRISHIVAL,SM,KRISHIVAL FOODS LIMITED,L
KSHITIJPOL,BE,KSHITIJ POLYLINE LIMITED,L
LLOYDS,SM,LLOYDS LUXURIES LIMITED,L
MAKS,SM,MAKS ENERGY SOL INDIA LTD,L
MEDICO,BE,MEDICO REMEDIES LIMITED,L
METALFORGE,BZ,METALYST FORGINGS LIMITED,L
MIRCELECTR,EQ,MIRC ELECTRONICS LTD,L
MOKSH,BE,MOKSH ORNAMENTS LIMITED,L
MPTODAY,SM,M P TODAY MEDIA LIMITED,L
OMKARCHEM,BZ,OMKAR SPL CHEM LTD,L
ORIENTALTL,BE,ORIENTAL TRIMEX LTD,L
PRAXIS,BE,PRAXIS HOME RETAIL LTD,L
RBZJEWEL,EQ,RBZ JEWELLERS LIMITED,L
RICHA,SM,RICHA INFO SYSTEMS LTD,L
SEMAC,BE,SEMAC CONSULTANTS LIMITED,L
SETCO,BE,SETCO AUTOMOTIVE LTD,L
SHRENIK,EQ,SHRENIK LIMITED,L
SHUBHLAXMI,SM,SHUBHLAXMI JEWEL ART LTD,L
SILKFLEX,ST,SILKFLEX POLYMERS INDIA L,L
SLONE,ST,SLONE INFOSYSTEMS LIMITED,L
SRPL,BE,SHREE RAM PROTEINS LTD.,L
SSFL,SM,SRIVARI SPICES N FOODS L,L
SUMEETINDS,BE,SUMEET IND LIMITED,L
TAC,SM,TAC INFOSEC LIMITED,L
TARACHAND,BE,TARA CHAND INFRA SOLN LTD,L
TGL,SM,TEERTH GOPICON LIMITED,L
URBAN,SM,URBAN ENVIRO WASTE MGMT L,L
VINNY,EQ,VINNY OVERSEAS LIMITED,L
VIVO,SM,VIVO COLLAB SOLUTIONS LTD,L
WEL,BE,WONDER ELECTRICALS LTD,L
WINSOL,ST,WINSOL ENGINEERS LIMITED,L
WINSOME,BE,WINSOME YARNS LIMITED,L
