GAIN_LOSS,SECURITY,CLOSE_PRIC,PREV_CL_PR,PERCENT_CG
 ,Nifty 50 Sec., , , 
 , , , , 
G,COAL INDIA LTD,       467.85,       448.70,4.27
G,CIPLA LTD,      1406.70,      1357.35,3.64
G,BHARAT PETROLEUM CORP  LT,       625.05,       605.95,3.15
G,BHARTI AIRTEL LIMITED,      1309.90,      1284.30,1.99
G,POWER GRID CORP. LTD.,       314.85,       309.25,1.81
G,NTPC LTD,       361.35,       355.80,1.56
G,MAHINDRA & MAHINDRA LTD,      2302.30,      2269.90,1.43
G,HINDALCO  INDUSTRIES  LTD,       653.70,       646.65,1.09
G,LARSEN & TOUBRO LTD.,      3411.30,      3379.45,.94
G,HCL TECHNOLOGIES LTD,      1332.90,      1321.05,.9
G,ADANI PORT & SEZ LTD,      1337.85,      1331.25,.5
G,AXIS BANK LIMITED,      1128.05,      1122.85,.46
G,WIPRO LTD,       458.30,       456.35,.43
G,ADANI ENTERPRISES LIMITED,      3049.75,      3037.55,.4
G,TATA STEEL LIMITED,       165.60,       164.95,.39
G,ICICI BANK LTD.,      1124.35,      1120.55,.34
G,LTIMINDTREE LIMITED,      4649.30,      4634.85,.31
G,HERO MOTOCORP LIMITED,      5057.30,      5043.45,.27
G,KOTAK MAHINDRA BANK LTD,      1650.80,      1646.30,.27
G,STATE BANK OF INDIA,       820.30,       818.20,.26
G,OIL AND NATURAL GAS CORP.,       273.45,       272.90,.2
G,DR. REDDY S LABORATORIES,      5875.00,      5868.80,.11
G,BAJAJ FINANCE LIMITED,      6680.00,      6675.70,.06
 , , , , 
L,ASIAN PAINTS LIMITED,      2813.70,      2866.15,-1.83
L,TATA MOTORS LIMITED,       947.30,       964.65,-1.8
L,BAJAJ AUTO LIMITED,      8903.15,      9065.25,-1.79
L,EICHER MOTORS LTD,      4649.35,      4730.55,-1.72
L,HDFC BANK LTD,      1438.50,      1460.95,-1.54
L,TATA CONSUMER PRODUCT LTD,      1068.90,      1085.45,-1.52
L,BRITANNIA INDUSTRIES LTD,      5064.00,      5140.80,-1.49
L,JSW STEEL LIMITED,       870.95,       881.50,-1.2
L,SUN PHARMACEUTICAL IND L,      1527.40,      1545.25,-1.16
L,HINDUSTAN UNILEVER LTD.,      2323.30,      2349.60,-1.12
L,HDFC LIFE INS CO LTD,       555.95,       561.55,-1
L,NESTLE INDIA LIMITED,      2465.00,      2487.35,-0.9
L,TITAN COMPANY LIMITED,      3268.55,      3288.90,-0.62
L,TATA CONSULTANCY SERV LT,      3880.40,      3901.20,-0.53
L,ULTRATECH CEMENT LIMITED,      9614.10,      9660.65,-0.48
L,BAJAJ FINSERV LTD.,      1569.05,      1576.45,-0.47
L,SHRIRAM FINANCE LIMITED,      2320.00,      2330.35,-0.44
L,ITC LTD,       427.80,       429.70,-0.44
L,MARUTI SUZUKI INDIA LTD.,     12767.30,     12814.20,-0.37
L,INFOSYS LIMITED,      1419.95,      1424.70,-0.33
L,INDUSIND BANK LIMITED,      1417.10,      1421.00,-0.27
L,RELIANCE INDUSTRIES LTD,      2832.55,      2840.15,-0.27
L,APOLLO HOSPITALS ENTER. L,      5848.80,      5862.80,-0.24
L,SBI LIFE INSURANCE CO LTD,      1430.10,      1432.85,-0.19
L,GRASIM INDUSTRIES LTD,      2369.70,      2372.05,-0.1
L,DIVI S LABORATORIES LTD,      3892.55,      3896.20,-0.09
L,TECH MAHINDRA LIMITED,      1274.50,      1275.50,-0.08
 , , , , 
 ,Nifty Next 50 Sec., , , 
 , , , , 
G,SIEMENS LTD,      7119.30,      6660.45,6.89
G,LIFE INSURA CORP OF INDIA,       990.00,       931.00,6.34
G,INTERGLOBE AVIATION LTD,      4295.50,      4147.35,3.57
G,POWER FIN CORP LTD.,       436.55,       421.60,3.55
G,ADANI GREEN ENERGY LTD,      1839.15,      1788.80,2.81
G,HINDUSTAN AERONAUTICS LTD,      4182.35,      4074.70,2.64
G,ZOMATO LIMITED,       192.00,       187.30,2.51
G,ADANI POWER LTD,       639.75,       628.05,1.86
G,JINDAL STEEL & POWER LTD,       993.55,       978.45,1.54
G,INDIAN OIL CORP LTD,       161.80,       159.35,1.54
G,HAVELLS INDIA LIMITED,      1754.15,      1729.10,1.45
G,ZYDUS LIFESCIENCES LTD,       997.05,       983.65,1.36
G,REC LIMITED,       528.70,       522.05,1.27
G,AVENUE SUPERMARTS LIMITED,      4652.45,      4597.05,1.21
G,BANK OF BARODA,       263.90,       260.85,1.17
G,VEDANTA LIMITED,       437.40,       432.55,1.12
G,ADANI TOTAL GAS LIMITED,       916.60,       908.95,0.84
G,BHARAT ELECTRONICS LTD,       232.85,       230.95,0.82
G,TORRENT PHARMACEUTICALS L,      2648.95,      2630.65,0.7
G,VARUN BEVERAGES LIMITED,      1499.40,      1489.05,0.7
G,AMBUJA CEMENTS LTD,       613.25,       610.20,0.5
G,JIO FIN SERVICES LTD,       353.85,       352.45,0.4
G,GAIL (INDIA) LTD,       200.75,       200.05,0.35
G,TATA POWER CO LTD,       431.30,       430.35,0.22
G,INDIAN RAIL TOUR CORP LTD,      1028.65,      1026.65,0.19
G,PIDILITE INDUSTRIES LTD,      2987.45,      2983.75,0.12
G,SRF LTD,      2288.20,      2286.75,0.06
G,ABB INDIA LIMITED,      8084.30,      8080.85,0.04
 , , , , 
L,COLGATE PALMOLIVE LTD.,      2672.55,      2819.95,-5.23
L,ICICI PRU LIFE INS CO LTD,       577.05,       597.20,-3.37
L,BOSCH LIMITED,     30935.40,     31882.00,-2.97
L,BERGER PAINTS (I) LTD,       485.10,       494.55,-1.91
L,ICICI LOMBARD GIC LIMITED,      1652.90,      1683.80,-1.84
L,CHOLAMANDALAM IN & FIN CO,      1231.35,      1252.05,-1.65
L,TVS MOTOR COMPANY  LTD,      2099.95,      2134.80,-1.63
L,DLF LIMITED,       825.65,       839.05,-1.6
L,DABUR INDIA LTD,       545.85,       554.55,-1.57
L,MARICO LIMITED,       591.60,       600.25,-1.44
L,INFO EDGE (I) LTD,      5941.60,      6017.30,-1.26
L,INDIAN RAILWAY FIN CORP L,       155.45,       157.30,-1.18
L,GODREJ CONSUMER PRODUCTS,      1291.60,      1306.90,-1.17
L,PUNJAB NATIONAL BANK,       124.30,       125.75,-1.15
L,SAMVRDHNA MTHRSN INTL LTD,       126.35,       127.55,-0.94
L,SHREE CEMENT LIMITED,     25819.65,     26024.90,-0.79
L,SBI CARDS & PAY SER LTD,       713.45,       718.40,-0.69
L,TRENT LTD,      4527.00,      4540.35,-0.29
L,UNITED SPIRITS LIMITED,      1174.25,      1175.60,-0.11
L,BAJAJ HOLDINGS & INVS LTD,      8429.90,      8436.15,-0.07
L,ADANI ENERGY SOLUTION LTD,      1021.65,      1022.05,-0.04
 , , , , 
 ,OTHER SECURITIES, , , 
 , , , , 
G,WEALTH FRST PORT. MG. LTD,       875.25,       734.90,19.1
G,HONDA I POWER PRODUCT LTD,      2812.90,      2461.30,14.29
G,ASPIRE & INNOVATIVE ADV L,        89.00,        77.90,14.25
G,KUNDAN EDIFICE LIMITED,       176.95,       157.10,12.64
G,FOCE INDIA LIMITED,       981.00,       873.50,12.31
G,SRIVASAVI ADHESIVE TAPE L,       131.35,       117.30,11.98
G,REMUS PHARMACEUTICALS L,      8224.45,      7400.85,11.13
G,BOMBAY DYEING & MFG. CO L,       184.80,       166.75,10.82
G,ICE MAKE REFRIGERAT LTD,       530.95,       479.55,10.72
G,KIRLOSKAR BROTHERS LTD,      1689.60,      1532.90,10.22
G,MACPOWER CNC MACHINES LTD,      1438.30,      1307.55,10
G,KIRLOSKAR PNEUMATIC COM L,      1162.30,      1056.65,10
G,TANTIA CONSTRUCTIONS LTD,        36.35,        33.05,9.98
G,BOMBAY METRICS S C LTD,       167.60,       152.40,9.97
G,HITACHI ENERGY INDIA LTD,     10745.65,      9786.60,9.8
G,ITI LTD,       313.55,       285.60,9.79
G,D-LINK INDIA LTD,       437.95,       399.45,9.64
G,ALKALI METALS LTD,       121.65,       111.00,9.59
G,NECTAR LIFESCIENCES LTD.,        35.75,        32.75,9.16
G,ASSO ALCOHOLS & BREW LTD,       607.20,       557.55,8.91
G,RADIOWALLA NETWORK LTD,       120.70,       111.00,8.74
G,PARTY CRUISERS LIMITED,       126.40,       116.30,8.68
G,THERMAX LTD,      5087.80,      4695.55,8.35
G,ORCHID PHARMA LIMITED,      1098.70,      1014.65,8.28
G,PARADEEP PHOSPHATES LTD,        71.80,        66.50,7.97
G,BRIGADE ENTER. LTD,      1081.15,      1002.05,7.89
G,VIRINCHI LIMITED,        39.90,        37.00,7.84
G,SHIPPING CORP OF INDIA LT,       224.50,       208.50,7.67
G,G R INFRAPROJECTS LIMITED,      1462.10,      1359.10,7.58
G,VESUVIUS INDIA LTD,      5200.80,      4839.05,7.48
 , , , , 
L,DSJ KEEP LEARNING LTD,         4.00,         6.05,-33.88
L,BLUE PEBBLE LIMITED,       302.25,       356.80,-15.29
L,INTEGRATED PERSO SER LTD,       160.00,       179.00,-10.61
L,SEC RE NCD 9.48% SR V,       900.30,      1000.00,-9.97
L,SHUBHLAXMI JEWEL ART LTD,        41.30,        45.85,-9.92
L,8.51% TAX FREETRI SR2A,      1034.00,      1146.00,-9.77
L,MCON RASAYAN INDIA LTD,       117.00,       128.75,-9.13
L,PRESSTONIC ENGINEERING L,       112.25,       123.50,-9.11
L,KONSTELEC ENGINEERS LTD,       221.15,       241.20,-8.31
L,BETA DRUGS LIMITED,      1209.60,      1314.80,-8
L,QUICKTOUCH TECHNOLOGIES L,       145.90,       158.20,-7.77
L,PENINSULA LAND LIMITED,        65.45,        70.40,-7.03
L,SPECIALITY REST LTD,       172.10,       184.75,-6.85
L,SERENCD8.84%SRVICIII&IV,       872.00,       935.00,-6.74
L,INNOVANA THINKLABS LTD.,       559.00,       598.00,-6.52
L,GRILL SPLENDOUR SER LTD,        76.50,        81.50,-6.13
L,THAAI CASTING LIMITED,       199.45,       210.85,-5.41
L,KBC GLOBAL LIMITED,         1.80,         1.90,-5.26
L,BOND8.88% PA TF TR II S2B,      1115.43,      1175.25,-5.09
L,JALAN TRANSOLU. INDIA LTD,         3.75,         3.95,-5.06
L,THIRUMALAI CHEMICALS LTD,       255.80,       269.35,-5.03
L,ONMOBILE GLOBAL LTD.,        74.70,        78.65,-5.02
L,AARTI PHARMALABS LIMITED,       587.05,       618.05,-5.02
L,RATNAVEER PRECISION ENG L,       123.15,       129.65,-5.01
L,HINDUSTAN MOTORS LIMITED,        37.90,        39.90,-5.01
L,M P TODAY MEDIA LIMITED,        36.05,        37.95,-5.01
L,TEERTH GOPICON LIMITED,       221.35,       233.00,-5
L,KRISHIVAL FOODS LIMITED,       241.30,       254.00,-5
L,SRIVARI SPICES N FOODS L,       307.80,       324.00,-5
L,SHRENIK LIMITED,          .95,         1.00,-5
