SECURITY,NEW,PREVIOUS,NEW_STATUS
INGERSOLL-RAND INDIA LTD,4777,4556.95,H
ADANI POWER LTD,647.8,646.9,H
VADILAL INDUSTRIES LTD,4988.95,4959.9,H
HERO MOTOCORP LIMITED,5103,5051,H
KIRLOSKAR INDUSTRIES LTD,5999.9,5899,H
2.50%GOLDBONDS2027SR-VI,7542,7488,H
TECHNO ELEC & ENG CO. LTD,1124,1088.6,H
PASHUPATI COTSPIN LIMITED,208.8,199.1,H
VENUS PIPES & TUBES LTD,2227.95,2189.9,H
VIJAYA DIAGNOSTIC CEN LTD,837.95,817.95,H
DOLPHIN OFF ENT (IND) L,743.45,708.05,H
GOI TBILL 364D-23/05/24,99.84,99.83,H
GOI TBILL 182D-13/06/24,99.51,99.2,H
SEC RE NCD 9% SR.IV,1047.8,1044.85,H
SEC RE NCD 9.65% SR I,1032,1030.46,H
CADSYS (INDIA) LIMITED,439.95,424.45,H
URAVI T AND WEDG LAMP LTD,545,534,H
SEC RED NCD 8.01% SR.II,1005,1003,H
WINSOL ENGINEERS LIMITED,402.4,383.25,H
SEC RE NCD 9.30% SR VII,1020,1007.99,H
THERMAX LTD,5382.4,4978.9,H
MAHINDRA & MAHINDRA LTD,2317.15,2280.35,H
BASF INDIA LTD,4739.4,4690.75,H
HONEYWELL AUTOMATION IND,50101,49990,H
CG POWER AND IND SOL LTD,649.5,612,H
JUPITER WAGONS LIMITED,523,520.8,H
SIDDHIKA COATINGS LIMITED,262.5,250,H
BIRLASLAMC - SILVER,91.99,86.1,H
MIRAEAMC - MAMFGETF,137.05,136.2,H
NETWEB TECH INDIA LTD,2265.05,2158.2,H
TVS HOLDINGS LIMITED,10866,10745,H
OMAX AUTOS LTD,136.95,134.3,H
SIMPLEX INFRASTRUCTURES L,134.2,131.45,H
GOI TBILL 364D-13/03/25,94.18,93.95,H
GRETEX INDUSTRIES LTD.,110.35,105.1,H
SEC RE NCD 8.20% SR.V,1005.4,1000,H
SEC RE NCD 9.40% SR. III,1000,950.5,H
K2 INFRAGEN LIMITED,161.5,159,H
8.30% TAX FREE NCD,1126,1122,H
SEC RE NCD SR.II,1118.2,1108.7,H
CUMMINS INDIA LTD,3704,3579.5,H
D-LINK INDIA LTD,455.9,408.4,H
KIRLOSKAR BROTHERS LTD,1783.05,1565,H
AXISAMC - AXISCETF,108.57,108.5,H
KAPSTON SERVICES LIMITED,385,366.7,H
STRLNG & WIL REN ENE LTD,759.5,757.45,H
JEENA SIKHO LIFECARE LTD,1175,1127,H
TARAPUR TRANSFORMERS LTD,13.05,12.8,H
NITCO LIMITED,79.05,78.15,H
GPT INFRAPROJECTS LTD,232.9,226.5,H
SEC RED NCD 8.10% SR.IV,1038,1020,H
SEC RE NCD 8.97% SR V,1015,1003,H
8.92% TAX FREE NCD,1304.5,1300,H
DHANI LOANS & SERV LTD,988,985,H
VESUVIUS INDIA LTD,5266.65,5084.1,H
KEI INDUSTRIES LTD.,4137.95,4117,H
HITACHI ENERGY INDIA LTD,10849.95,9989.85,H
ABANS HOLDINGS LIMITED,454.95,448.9,H
TRIDENT TECHLABS LIMITED,435.85,415.1,H
ZODIAC ENERGY LIMITED,607.55,595.65,H
GOI TBILL 182D-11/07/24,98.86,98.61,H
SUPREME INFRA. LTD,88.75,84.55,H
MASTER COMPONENTS LIMITED,165,164,H
SEC RE NCD 10.40% SR.II,1001,1000,H
SEC RE NCD 9.45% SR.I,1100,998,H
BALU FORGE INDUSTRIES LTD,317.7,308.9,H
7.74% TAX FREE NCD,1136.01,1135.01,H
SEC RE NCD 10.75% SR XI,918.09,918,H
CAREER POINT LIMITED,422.45,416.85,H
FOCE INDIA LIMITED,995,931,H
KCK INDUSTRIES LTD,122.5,121,H
DYNAMIC CABLES LIMITED,622.65,616.95,H
NITIRAJ ENGINEERS LTD,218,214,H
SHEKHAWATI POLY-YARN LTD.,3.05,3,H
JYOTI CNC AUTOMATION LTD,916.85,880,H
PRATHAM EPC PROJECTS LTD,343.65,335.65,H
GOI LOAN  7.1% 2034,101.1,101,H
SEC RE NCD 10.03% SR X,975.5,960,H
SEC RED NCD SR. VII,2030,2020,H
REFRACTORY SHAPES LIMITED,82.65,78.75,H
SIEMENS LTD,7240,6701.75,H
KIRLOSKAR OIL ENG LTD,1201,1169.95,H
KOTYARK INDUSTRIES LTD,1494,1470.1,H
2.5%GOLDBONDS2029SR-VII,7390,7350,H
ROLLATAINERS LIMITED,3.25,3.2,H
KODY TECHNOLAB LIMITED,1326.7,1304.95,H
GOI TBILL 182D-30/05/24,99.57,99.3,H
DIAMOND POWER INFRA LTD,962.8,943.95,H
DSPAMC - LIQUIDADD,1009.61,1009.44,H
TANTIA CONSTRUCTIONS LTD,36.35,34.85,H
SRNCD SR VII,2408.03,2400,H
SEC RE NCD SR.V,1233.67,1230,H
8.91%S-R-NCD SERIES 3B,1313,1298,H
HAVELLS INDIA LIMITED,1757.2,1744.45,H
SANGHVI MOVERS LTD,1450,1432.95,H
TIMKEN INDIA LTD.,4019.95,3760,H
SMARTLINK HOLDINGS LTD,346.3,329.35,H
LINDE INDIA LIMITED,9043,8645,H
OBEROI REALTY LIMITED,1629.05,1586.8,H
SHAKTI PUMPS (I) LTD,2493.6,2374.9,H
HINDUSTAN AERONAUTICS LTD,4193.6,4170,H
DOLAT ALGOTECH LIMITED,148.35,142,H
POLYCAB INDIA LIMITED,6534.7,6480,H
2.50%GOLDBONDS2029SR-IX,7500,7350,H
2.50%GOLDBONDS2030SR-X,7387.89,7374,H
KIRLOSKAR PNEUMATIC COM L,1162.3,1150.45,H
GOI TBILL 182D-06/06/24,99.62,99.55,H
GOI TBILL 364D-19/12/24,95.73,95.17,H
TAX FREE 7.69% SR. IIB,1175,1173.99,H
TIJARIA POLYPIPES LTD,24.9,24.45,H
SP REFRACTORIES LIMITED,230.5,220,H
VEDANTA LIMITED,449,440.75,H
INTERGLOBE AVIATION LTD,4314.4,4179.1,H
JASH ENGINEERING LIMITED,2350,2275,H
MACPOWER CNC MACHINES LTD,1438.3,1409,H
UDAIPUR CEMENT WORKS LTD,42.75,42,H
AVONMORE CAP&MGT SERV LTD,133.35,131.05,H
MOS UTILITY LIMITED,207.8,206.8,H
NHB 8.93 NCD TR II SR 2 B,5859,5850.99,H
ANI INTEGRATED SERV LTD.,141.9,138.45,H
GOI TBILL 91D-12/07/24,98.84,98.79,H
GOI TBILL 91D-20/06/24,99.89,99.43,H
SEC RE NCD 8.75% SR.VI,1010,1000,H
SEC RE NCD 9.25% SR II,980,979,H
GOI LOAN  7.34% 2064,102.75,102.55,H
VIPUL LIMITED,40.95,40.15,H
GOI TBILL 364D-29/08/24,97.88,96,H
SRI ADHIKARI BRO TELE N L,131.65,129.1,H
SEC RE NCD 8.85% SR I,990,985,H
7.64% TAX FREETRI SR2B,1150,1147.5,H
SEC RE NCD SR.V,1198.29,1170.35,H
SEC RE NCD 9% SR.IV,1031.21,1031.25,L
MANORAMA INDUSTRIES LTD,545,547.2,L
UNSEC RED NCD 10.5% SR.VI,1000,1040,L
SEC RE NCD 9.65% SR I,980,1030.46,L
SE RE NCD 9.35% SR.V OP2,1050,1060,L
8.79% SEC RED BOND S2B,1152.99,1154.89,L
SEMAC CONSULTANTS LIMITED,1468.55,1545.85,L
GRILL SPLENDOUR SER LTD,76,79.55,L
SONAM LIMITED,40.2,40.7,L
PRESSTONIC ENGINEERING L,106.5,110.05,L
LAGNAM SPINTEX LIMITED,135.25,138,L
8.50% TAX FREE TR I S IIA,1025,1155.99,L
DHANI LOANS & SERV LTD,983.5,985,L
SEC RE NCD 8.89% SR.VIII,950,970,L
VARANIUM CLOUD LIMITED,32.4,34.1,L
AARTECH SOLONICS LIMITED,219.8,224.25,L
SERENCD 9.05% SR.VI OPII,1001,1020,L
SEC RE NCD 9.45% SR.I,970,980,L
C P S SHAPERS LIMITED,337,337.25,L
ROBUST HOTELS LIMITED,156.8,157.5,L
SEC RE NCD 9.65% SR I,1000,1039,L
RBZ JEWELLERS LIMITED,129.95,133.75,L
UNSERENCD8.85%SRIVCIII&IV,1070,1090,L
SEC RE NCD 9.65% SR I,936.01,970,L
MEDICO REMEDIES LIMITED,36.7,38.6,L
CRAYONS ADVERTISING LTD,117,121.4,L
SLONE INFOSYSTEMS LIMITED,96.6,101.65,L
UNSEC RED NCD 10.0% SR. V,940.1,955.1,L
SEC RE NCD 9.40% SR.III,963,980,L
SEC RE NCD 10.25% SR I,951,999,L
ICICIPRAMC - ICICIFMCG,56.65,56.8,L
BOND8.88% PA TF TR II S2B,1115.43,1171.5,L

