SYMBOL,SYMBOL P/E,ADJUSTED P/E
THERMAX,86.88,96.03
RIIL,180.21,180.21
RAYMOND,21.84,20.8
SHREDIGCEM,17.81,17.81
SMLISUZU,36.4,36.4
SUNDRMFAST,46.32,46.32
LAXMIMACH,43.77,43.77
PEL,,31.67
MAHSCOOTER,43.83,43.83
TRENT,119.21,193.45
KCP,8.6,8.57
JBCHEPHARM,54.25,54.25
IONEXCHANG,38.71,38.71
IFBIND,111.94,111.94
HIMATSEIDE,11.71,11.71
GFLLIMITED,.37,
BHARATFORG,74.14,73.57
ARVIND,26.59,26.72
TATAMOTORS,10.31,10.07
LINDEINDIA,219.35,219.35
ESCORTS,39.1,39.1
BAJAJHLDNG,66.61,66.61
ZUARIIND,1.49,
TATASTEEL,,50.13
VEDL,21.34,31.98
RELIANCE,24.44,24.44
BATAINDIA,64.58,59.06
CARBORUNIV,65.41,65.41
DICIND,,97.84
RAMCOCEM,43.89,43.89
CENTURYTEX,100.27,37.87
TORNTPHARM,59.59,62.66
VLSFINANCE,3.74,3.74
SRF,50.75,50.75
UNICHEMLAB,268.38,
RANEHOLDIN,17.31,8.51
ARE&M,24.57,23.6
BALKRISIND,38.64,38.64
ONGC,6.77,6.05
TIL,19.63,
KPIL,36.43,36.43
BSL,14.97,13.22
APCOTEXIND,39.39,39.39
RCF,26.31,40.39
DECCANCE,19.57,19.57
ADVANIHOTR,28.41,28.41
SUBROS,45.53,45.53
SIEMENS,118.3,118.3
UNIVCABLES,82.52,82.52
SOMANYCERA,28.23,27.39
HLVLTD,72.62,84.52
LIBERTSHOE,95.53,90.37
KAJARIACER,43.79,43.77
MANGLMCEM,40.44,40.44
3PLAND,29.97,29.97
JINDALSAW,10.98,10.98
GRAPHITE,14.46,634.47
BBL,33.29,33.29
COSMOFIRST,18.98,18.98
HEROMOTOCO,26.11,25.3
GMBREW,9.08,9.08
ITC,25.84,25.9
IOC,5.41,5.41
OSWALGREEN,102.36,102.36
HUHTAMAKI,5.66,22.1
RICOAUTO,36.89,35.59
IFBAGRO,84.31,84.31
MANINDS,22.98,22.98
SIYSIL,11.55,11.55
PRECWIRE,38.05,38.05
NCC,22.91,22.59
ELGIEQUIP,49.18,61.42
BBTC,5.58,5.39
BEPL,18.85,18.85
BANARBEADS,23.75,23.75
PRUDMOULI,12.51,12.51
PRAJIND,33.15,33.15
EVERESTIND,72.68,94.1
KEEPLEARN,349.04,349.04
TFCILTD,16.04,16.04
GTL,1.82,6.07
AGI,17.74,17.74
TATACONSUM,79.5,68.58
ZEEL,111.13,48.62
FMGOETZE,16.48,16.48
ORIENTHOT,52.04,52.04
ESABINDIA,52.25,52.25
ANDHRAPAP,4.58,4.47
AARTIIND,56.84,56.84
KSB,78.76,78.76
HEG,32.41,32.41
SAKHTISUG,1.64,
HINDALCO,15.48,15.51
GRASIM,16.48,16.48
FINCABLES,25.84,30.68
HEUBACHIND,20.04,20.04
CESC,12.8,15.52
BAJFINANCE,28.61,28.61
NAVA,5.47,5.93
AUTOAXLES,17.25,17.25
DALMIASUG,11.27,11.27
NATCOPHARM,13.88,13.88
GARFIBRES,32.28,32.28
TTKPRESTIG,43.81,43.81
SKFINDIA,44.83,44.83
JAYAGROGN,13.93,13.93
MARICO,51.72,51.72
BIOFILCHEM,163.83,163.83
SUNDRMBRAK,24.72,24.72
MOTHERSON,40.43,38.86
AARTIDRUGS,25.39,25.39
WENDT,67.73,67.73
SHRIRAMFIN,11.85,11.85
SAGCEM,79.77,138.03
DYNAMATECH,64.76,81.31
ALKYLAMINE,67.41,67.41
RAMCOIND,19.8,20.25
INDRAMEDCO,19.98,19.98
MADRASFERT,,66.36
CONTROLPR,26.13,26.16
INCREDIBLE,31,31
MOLDTECH,21.87,21.87
VIJIFIN,366.48,366.48
QUESS,33.69,30.87
LLOYDSENGG,89.79,89.79
LTIM,29.94,29.94
GATECH,44.99,44.99
MINDTECK,31.22,31.22
DBL,31.82,347.97
BIGBLOC,56.25,56.25
MBAPL,79.87,79.87
CUPID,35.96,35.96
MARATHON,18,18
MASKINVEST,1339.03,1339.03
SAKAR,62.45,62.42
PANSARI,36.8,36.8
ARTNIRMAN,109.33,109.33
MAZDA,16.7,16.7
KINGFA,19.05,19.05
NBIFIN,62.53,62.53
SFL,50.91,53.29
TERASOFT,11.88,10.89
HISARMETAL,17.32,17.32
LIBAS,18.65,18.65
MAHESHWARI,14.04,14.04
BSE,51.89,106.48
MCL,84.7,84.7
STEELCITY,17.23,17.23
JITFINFRA,50.6,50.6
KRISHANA,32.75,32.75
NITIRAJ,46.19,48.14
SANGINITA,49.38,49.38
INTENTECH,17.73,17.73
URJA,459.54,459.54
EIFFL,124,124
CREATIVE,32.07,32.07
FOCUS,30.11,30.11
SIKKO,41.8,41.8
MKPL,82.65,82.65
PANACHE,185.97,185.97
INFOBEAN,44.53,44.53
STARCEMENT,29.48,29.48
AUBANK,30.91,29.7
ACEINTEG,304.61,304.61
SALASAR,62.12,61.53
UNIVASTU,36.44,36.44
THEINVEST,50.45,50.45
GTECJAINX,81.04,81.04
WEWIN,32.27,32.27
SIS,35.99,35.99
VAISHALI,30.13,30.13
GEEKAYWIRE,13.07,13.07
SERVOTECH,159.16,159.16
DIXON,138.16,138.16
MATRIMONY,23.73,23.73
WORTH,12.64,12.64
AARVI,18.21,18.21
RKEC,14.82,14.82
TIRUPATIFL,25.75,25.75
GODREJAGRO,34.74,34.74
DPABHUSHAN,56.68,56.68
NAM-INDIA,31.96,31.96
VERTOZ,78.74,78.74
ICEMAKE,36.91,36.91
DNAMEDIA,.45,
ONEPOINT,58.36,58.36
AJOONI,63.3,63.3
BCONCEPTS,63.2,63.4
NEWGEN,53.38,53.38
SINTERCOM,377.59,377.59
ARVEE,301.41,301.41
SARVESHWAR,59.51,59.51
UNIINFO,14.1,14.1
BANDHANBNK,13.43,13.43
MITTAL,21.71,67.15
ISEC,13.91,13.91
AVG,20.13,20.13
MMP,30.85,30.85
CHEMFAB,22.79,22.79
AAKASH,28.18,28.18
E2E,75.74,75.74
BORORENEW,490.89,
SVLL,77.05,77.05
NOCIL,35.56,35.56
DRREDDY,17.6,17.6
CHAMBLFERT,13.37,13.37
HINDOILEXP,9.64,9.64
BALMLAWRIE,31.12,31.12
VINDHYATEL,19.52,19.52
ASIANPAINT,50.68,50.68
PGHL,36.85,36.85
ADORWELD,28.84,28.84
TATACHEM,71.26,21.64
ATFL,167.16,238.65
EPL,21.79,21.79
SUPREMEIND,68.44,68.44
BIRLACABLE,32.59,32.59
WEIZMANIND,22.34,22.34
BBOX,32.3,21.82
JTEKTINDIA,42.94,45.52
TATAELXSI,55.72,55.72
SANDESH,7.07,7.07
ADANIENT,102.45,95.51
EICHERMOT,36.45,36.45
ZENSARTECH,20.58,20.58
ANIKINDS,43.03,43.03
BLUEDART,56.02,56.02
HSCL,42.09,42.09
ARENTERP,20.56,20.56
THOMASCOOK,51.89,51.89
BHARATRAS,68.27,68.22
TOKYOPLAST,73.65,51.73
PCBL,20.02,20.02
EIHAHOTELS,33.52,33.52
STYRENIX,17.2,17.2
ELECTCAST,14.22,14.22
KOTAKBANK,18.21,18.21
KANSAINER,18.87,33.27
GABRIEL,32.8,32.8
PRAKASH,8.99,8.99
GODFRYPHLP,27.67,27.67
TIMKEN,71.6,71.6
INGERRAND,63.15,63.15
GSFC,11.97,11.97
EIDPARRY,6.61,6.61
BIRLACORPN,26.27,26.67
ASHAPURMIN,14.92,18
TNPL,6.91,6.91
KHAITANLTD,104.29,104.29
ANDHRSUGAR,18.45,18.02
AUSOMENT,33.06,33.06
SILINV,18.08,18.08
KEYFINSERV,11.76,11.76
VISAKAIND,218.71,218.71
HITECHGEAR,17.17,48.76
PUNJABCHEM,23.35,23.35
MMFL,21.44,21.54
RUCHINFRA,24.13,62.44
HERITGFOOD,38.2,38.2
BANKBARODA,7.33,7.33
INDNIPPON,28.04,28.04
CONCOR,51.94,51.94
KCPSUGIND,8.82,8.62
DONEAR,19.21,19.21
SOBHA,178.23,178.23
JINDRILL,22.18,22.18
PLASTIBLEN,19.68,19.68
HBLPOWER,62.31,61.51
TIDEWATER,26.07,26.07
SARLAPOLY,22.1,22.1
AUTOIND,168.14,52.36
PITTIENG,36.65,36.65
FSL,25.84,25.84
INDIANB,8.5,8.5
AMDIND,20.94,20.94
ICRA,34.05,34.05
TGBHOTELS,31.92,31.92
INSECTICID,25.52,25.52
NELCAST,22.89,31.45
ALPA,10.6,10.62
ISMTLTD,17.02,15.88
MAGNUM,12.66,12.66
MANGCHEFER,5.88,5.88
CERA,37.43,37.24
VINATIORGA,45.3,45.3
EXPLEOSOL,20.04,20.04
SARDAEN,17.1,17.06
DLINKINDIA,15.31,15.31
MMTC,216.36,398.82
JUBLFOOD,129.39,129.39
HATHWAY,59.35,59.33
IMFA,10.25,10.11
BAJAJCON,21.71,21.71
WELINV,51.57,51.57
ASHOKA,14.06,12.53
CGCL,49.93,49.93
JINDWORLD,98.79,98.79
SUMMITSEC,24.2,24.2
HFCL,41.3,41.3
MUTHOOTFIN,15.68,15.68
OMINFRAL,23.79,23.79
DELPHIFX,14.03,14.03
DHANUKA,24.8,24.8
LATTEYS,46.38,46.38
SONAMLTD,38.51,38.51
PRITI,21.34,21.34
GAYAHWS,.19,
RITES,32.67,32.67
GANGAFORGE,56.03,68.01
REPL,25.31,25.31
HBSL,2.35,2.35
AVROIND,30.66,30.66
TEMBO,24.44,24.44
CREDITACC,15.21,15.21
AARON,48.84,48.84
SUMIT,31.43,31.43
RPPL,29.37,29.37
AKG,28.72,28.72
IRCON,26.32,26.32
AHLADA,15.76,15.76
RAJMET,19.87,19.87
AAVAS,25.16,25.16
KSHITIJPOL,74.88,
GRSE,37.51,37.51
SILGO,20.73,20.73
VINNY,25.17,25.17
BBTCL,27.86,27.86
MARINE,72.13,72.13
IRISDOREME,54.51,54.51
ATGL,153.89,153.89
UNIPARTS,16.81,16.81
SHRIRAMPPS,5.68,5.68
AWHCL,16.28,16.28
RPSGVENT,12.84,12.84
MSTCLTD,24.81,24.81
ANUP,35,35
ARVINDFASN,66.23,63.17
PAR,21.26,21.26
RVNL,41.52,41.52
POLYCAB,52.71,52.71
METROPOLIS,75,75
KPITTECH,68.53,68.53
NEOGEN,106.55,106.55
EMAMIPAP,14.59,14.59
CONFIPET,23.38,23.38
PPL,10.42,10.42
INDIAMART,42.07,41.9
WEL,138.32,138.32
CHEMCON,33.78,33.78
WESTLIFE,186.67,186.67
HNDFDS,81.6,81.6
MAZDOCK,31.83,31.83
IRCTC,74.28,72.27
DCI,29.35,29.35
IIFLSEC,10.82,10.82
HPIL,55.48,55.48
FLUOROCHEM,82.19,82.19
GREENPANEL,25.16,25.16
CHEMBOND,16.15,16.15
MGEL,15.48,15.48
SBICARD,28.37,28.37
HOMEFIRST,23.99,23.99
CSBBANK,10.66,10.66
EASEMYTRIP,52.06,52.06
ROSSARI,29.63,29.63
PRINCEPIPE,32.07,34.31
LIKHITHA,22.66,22.66
PATANJALI,63.16,63.16
SUMICHEM,60.07,60.07
ASALCBR,19.91,19.91
UNIVPHOTO,11.97,11.97
SUVENPHAR,44.8,44.8
POWERINDIA,410.95,410.95
KSOLVES,38.95,38.95
HAPPSTMNDS,49.92,52
AARTISURF,27.81,27.81
BOROLTD,46.46,46.46
MAXHEALTH,74.93,74.93
PAVNAIND,36.93,36.93
KALYANKJIL,68.63,68.63
BTML,38.79,38.79
SHAREINDIA,14.88,14.86
SIGACHI,43.54,43.54
ADL,,1711.21
NIRAJ,34.18,15.09
CAMS,44.81,44.81
SURYODAY,9.83,9.83
UTIAMC,14.55,14.55
BECTORFOOD,53.9,53.9
ORCHPHARMA,40.55,58.67
INDIGOPNTS,45.33,45.33
LXCHEM,64.9,64.9
MTARTECH,69.45,69.45
ANURAS,43.34,43.34
KANPRPLA,46.02,46.02
STYLAMIND,23.89,23.89
CLSEL,8.81,8.81
CARYSIL,45.04,45.04
MODISONLTD,18.72,22.98
BCLIND,15.83,15.76
BHAGCHEM,93.95,93.95
SMCGLOBAL,9.72,9.72
ARIHANTCAP,14.29,14.29
NAZARA,55.67,55.67
GENCON,15.22,15.22
HLEGLAS,58.4,55.11
SONACOMS,65.66,64.84
DRCSYSTEMS,27.75,27.75
PARAS,87.44,87.44
DODLA,39.7,39.7
EXXARO,195.3,132.11
ROLEXRINGS,28.03,28.03
KIMS,43.02,43.01
CLEAN,53.79,53.79
ABSLAMC,19.88,19.88
DEEPINDS,12.26,16.6
WINDLAS,21.18,21.18
KRSNAA,33.25,33.25
APTUS,26.02,26.02
SUPRIYA,25.59,25.59
VIJAYA,65.15,64.34
VINEETLAB,18.55,18.55
SANSERA,30.76,30.76
PRITIKAUTO,28.06,28.06
AAREYDRUGS,33.32,35.57
INTLCONV,8.4,8.4
HPAL,45.36,45.73
UGROCAP,20.78,20.78
KPIGREEN,70.07,69.98
YUKEN,138.98,140.87
SGIL,41.85,41.85
ANANDRATHI,73.13,73.13
SJS,25.55,25.55
FINOPB,27.29,27.29
POLICYBZR,835.08,835.08
NYKAA,1260.72,1260.72
AWL,257.84,206.13
MONARCH,19.5,19.5
SAPPHIRE,169.82,169.82
PRUDENT,47.19,47.19
EPIGRAL,27.6,27.6
NUVOCO,77.17,77.17
GOCOLORS,62.32,62.32
TRACXN,32.76,32.76
CMSINFO,19.55,19.55
FUSION,9.29,9.29
COASTCORP,217.17,217.17
TARSONS,41.53,41.53
MEDPLUS,190.17,190.17
TEGA,57.45,57.45
RATEGAIN,63.26,63.26
MANORG,132.26,132.26
LATENTVIEW,60.77,60.77
METROBRAND,90.21,90.21
MICEL,71.85,126.31
PASUPTAC,30.36,30.36
FOODSIN,18.03,17.96
PARADEEP,61.28,61.28
MAPMYINDIA,79.77,79.77
ABMINTLLTD,271.91,271.91
TMB,6.84,6.84
KRITI,25.55,25.55
MANYAVAR,59.25,59.25
GANESHBE,17.85,17.77
GVPTECH,152.08,152.08
DMCC,62.53,62.53
MEDICAMEQ,56.24,56.24
EMIL,45.66,45.66
SHIVALIK,45.55,45.55
DATAPATTNS,99.84,99.84
MEDANTA,83.96,83.96
AHL,25.11,25.11
MALLCOM,18.61,18.61
IRIS,62,62
ASIANENE,47.91,44.7
SMLT,17.87,17.87
NRL,48.91,48.91
RADIANTCMS,17.49,17.49
CHOICEIN,48.69,48.69
HARIOMPIPE,29.52,29.52
GRWRHITECH,20.52,20.52
DCMSRIND,16.04,16.04
RAJRILTD,365.4,365.4
EMUDHRA,82.46,82.46
DYCL,34.04,34.04
FIVESTAR,26.17,26.17
VIRINCHI,25.86,25.86
SBC,70.52,70.52
DHRUV,31,31
ELDEHSG,28.16,28.16
SEJALLTD,99.07,99.07
RELCHEMQ,27.47,27.47
SYRMA,56.91,56.49
ZIMLAB,33.01,33.01
CAMPUS,95.68,95.68
VENUSPIPES,49.3,49.3
AETHER,89.3,85.5
MEGASTAR,32.06,32.06
LANDMARK,43.26,41.33
RACE,205.03,205.03
ETHOSLTD,103.1,103.1
MSUMI,51.51,51.51
HARSHA,35.26,35.26
OBCL,155,155
INDOAMIN,17.86,17.86
ACI,24.93,24.93
BIKAJI,69.92,69.92
SADHNANIQ,310.68,310.68
CHEVIOT,11.13,11.13
HMAAGRO,24.86,24.86
KFINTECH,52.96,52.96
DCXINDIA,40.67,40.67
AKSHAR,12.63,12.63
NGLFINE,37.97,37.97
SENCO,45.07,45.07
TRU,137.29,137.29
TIPSFILMS,213.09,213.09
RAMRAT,33.33,33.33
CSLFINANCE,16.97,16.97
RUSTOMJEE,154.49,154.49
GENSOL,97.81,97.81
GSLSU,60.75,60.75
MANORAMA,82.11,82.11
GRMOVER,16.47,16.47
DJML,82.88,82.88
KRITINUT,11.26,11.26
AVALON,74.15,74.15
BAIDFIN,18.49,18.49
KAMOPAINTS,76.8,76.8
SUKHJITS,13.34,13.34
SKYGOLD,49.58,49.58
DIVGIITTS,56.61,56.61
USK,13.19,13.19
MANOMAY,23.81,23.81
LLOYDSME,28.38,28.38
SAHYADRI,14.68,14.68
SBGLP,118.72,118.72
ASMS,1.56,
SAH,264.35,264.35
CYIENTDLM,86.67,86.67
ATAM,41.64,41.64
LAL,44.85,44.85
REDTAPE,112.61,112.61
ASHOKAMET,43.67,43.67
PTCIL,387.13,387.13
GHCLTEXTIL,32.4,32.4
KIRLPNU,51.35,49.12
NIITMTS,38.72,37.8
TREL,13.61,60.97
GLOBAL,14.2,14.2
AIRAN,28.54,28.54
ARIHANTSUP,29.55,29.55
SHANKARA,20.7,20.7
DEVIT,28.33,28.33
DOLLAR,54.41,53.88
BHAGYANGR,7.44,7.44
GLOBE,17.58,17.58
GTPL,17.4,17.4
AVADHSUGAR,8.88,8.88
TOTAL,158.42,158.42
OPTIEMUS,41.67,41.67
COCHINSHIP,62.67,70.79
ABCAPITAL,18.28,18.28
CHOLAHLDNG,5.23,5.23
DPWIRES,26.02,26.02
AIROLAM,26.69,26.69
JASH,41.74,41.74
TCPLPACK,20.14,20.14
IEX,39.37,39.37
TIINDIA,61.33,61.35
SECURCRED,13.32,13.32
5PAISA,29.97,29.97
SILVERTUC,67.49,67.49
SHRADHA,11.32,11.32
TOUCHWOOD,59.65,59.67
MOKSH,13.52,13.52
AMBER,85.92,85.92
GALAXYSURF,28.18,28.18
SOUTHWEST,36.28,36.28
ASTERDM,41.48,
HGINFRA,16.71,17.08
MACPOWER,71.76,71.76
SUNDARMHLD,144.89,144.89
URAVI,377.28,377.28
SANDHAR,30.56,31.27
KAPSTON,29.59,29.59
LEMONTREE,73.53,73.53
NARMADA,53.56,53.56
BSHSL,105.73,105.73
SOFTTECH,198.8,198.8
INDOSTAR,25.16,25.16
SIRCA,34.65,34.65
OAL,6551.71,6551.71
SATIA,5.34,5.34
AFFLE,56.3,56.3
SPANDANA,11.19,11.19
UJJIVANSFB,8.19,8.19
SAFARI,56.01,56.01
360ONE,33.93,33.93
VISHWARAJ,22.99,22.99
KUANTUM,6.24,6.24
APOLLOPIPE,49.81,49.81
ROUTE,22.9,23.76
SIGMA,20.18,20.18
EQUITASBNK,13.58,13.58
HINDWAREAP,43.7,43.7
ARTEMISMED,51.48,51.48
ATALREAL,69.45,69.45
MAHEPC,230.25,178.84
STOVEKRAFT,57.45,57.45
RAJRATAN,42.07,42.07
GLAND,44.15,41.94
NDRAUTO,32.88,32.88
AAATECH,36.44,36.44
UNIDT,52.88,52.88
ANGELONE,20.88,20.88
VALIANTORG,24.09,26.89
ROML,16.76,15.22
RAILTEL,50.92,52.93
NURECA,338.81,338.81
HERANBA,27.41,27.41
RVHL,57.91,57.91
FAIRCHEMOR,44.75,44.75
ISGEC,27.22,27.22
PAKKA,29.97,29.97
SHAILY,62.48,62.48
SBCL,40.5,40.5
IPL,31.03,31.03
LODHA,73.9,69.6
UTKARSHBNK,11.74,11.74
CRAFTSMAN,27.28,27.28
JUBLINGREA,39.58,39.58
SHYAMMETL,15.3,15.3
TATVA,84.22,84.22
GLS,21.17,21.17
ZOMATO,471.02,471.02
PIXTRANS,22.96,22.96
CARTRADE,61.52,61.52
DEVYANI,,499.49
ANMOL,10.43,10.43
AMIORG,103.88,46.91
BAJAJHCARE,39.53,39.53
GRINFRA,11.33,11.33
STEELCAS,17.58,17.58
ELIN,66.08,66.08
MHLXMIRU,24.58,24.58
GATEWAY,20.16,20.16
JTLIND,34.46,34.46
RAINBOW,62.22,62.22
ROTO,33.03,33.03
INDOBORAX,13.89,13.89
AVONMORE,26.66,26.66
DREAMFOLKS,35.43,35.43
DHARMAJ,17.44,17.44
INOXGREEN,126.87,126.87
RITCO,21.78,21.78
HARDWYN,146.8,146.8
MEDICO,38.63,38.63
YATHARTH,49.88,49.88
KAYNES,98.38,98.38
AXITA,28.54,28.54
RADHIKAJWE,16.89,16.89
SPLPETRO,37.96,37.96
GOYALALUM,62.48,62.48
DBOL,17.56,17.56
SPORTKING,14.55,14.55
SYNCOMF,71.91,71.83
SULA,45.21,45.21
SCPL,24.37,24.37
MANKIND,51.67,51.67
SATINDLTD,3.87,3.87
IKIO,33.94,33.94
FAZE3Q,20.23,20.23
AARTIPHARM,25.82,25.82
NINSYS,69.87,69.87
HYBRIDFIN,23.07,23.07
AKI,169.26,169.26
IDEAFORGE,86.52,86.52
POCL,14.73,25.57
NETWEB,160.19,160.19
ATL,55.54,55.54
SINDHUTRAD,20.58,20.58
PNBGILTS,26.85,29.17
NLCINDIA,11.99,11.96
GAEL,21.55,21.55
AXISCADES,61.6,61.6
TIPSINDLTD,44.55,44.55
HIKAL,50.8,50.8
MARKSANS,22.47,22.47
GODREJCP,,71.3
LUPIN,38.55,38.55
TCI,25.67,25.39
BHARTIARTL,124.59,79.61
PONNIERODE,7.77,7.77
NUCLEUS,17.52,17.52
DIVISLAB,74.79,74.79
UCOBANK,37.67,37.67
DREDGECORP,48.4,47.59
PETRONET,13.1,13.38
POONAWALLA,21.98,32.17
APARINDS,40.08,40.08
COFORGE,33.73,34.1
GUFICBIO,38.9,38.9
KOTARISUG,10.21,10.3
PATELENG,19.5,22.84
JPPOWER,12.71,8.79
IIFL,8.49,8.49
CYBERMEDIA,12.75,11.37
GRANULES,24.51,24.51
YESBANK,52.72,52.72
RML,433.18,11.96
GESHIP,5.73,5.73
MANALIPETC,67.73,59.63
SAREGAMA,44.12,44.12
ENGINERSIN,32.27,32.27
GMDCLTD,15.14,15.14
INDUSINDBK,12.32,12.32
TRIGYN,98.6,98.6
CUB,11.7,11.7
ARCHIES,33.22,33.22
AXISBANK,13.12,13.12
SONATSOFTW,46.34,3.97
KOKUYOCMLN,38.61,38.61
DHANBANK,11.51,11.51
STCINDIA,18.41,20.08
JINDALSTEL,16.79,16.79
NIPPOBATRY,111.89,111.89
ICDSLTD,47.06,47.06
ACCELYA,26.65,26.71
ZYDUSLIFE,33.5,30.19
GLENMARK,,40.37
BIL,43.51,43.51
KTKBANK,6.08,6.08
AJANTPHARM,37.62,37.62
CALSOFT,872.39,872.39
TAJGVK,36.62,36.62
HAVELLS,85.27,85.27
BALAJITELE,24.43,24.43
ASAL,65.91,65.91
APTECHT,44.5,38.24
UNIONBANK,7.44,7.44
RADICO,84.21,84.21
JSL,20.14,20.71
WELSPUNLIV,20.13,20.13
IGL,18.95,18.95
PTC,11.21,11.21
MAHABANK,11.24,11.24
DATAMATICS,16.11,16.11
EXCELINDUS,95.64,95.64
ULTRACEMCO,39.95,39.64
GULFPETRO,13.16,13.16
ASTRAMICRO,91.79,91.79
JBMA,116.86,116.86
XCHANGING,106.26,106.26
CONSOFINVT,2.22,2.22
GOKEX,44.3,44.3
SHOPERSTOP,102.75,94.8
PRIMESECU,32.87,32.87
JSWHL,58.73,58.73
MSPL,47,41.32
GOLDIAM,19.67,19.67
AURIONPRO,53.61,53.61
AIAENG,31.14,31.14
ORIENTCER,28.59,33.25
VIMTALABS,26.15,26.15
NITINSPIN,14.44,14.44
ENIL,30.59,31.6
GVKPIL,5.83,5.83
KEC,53.37,53.37
BLKASHYAP,,29.23
CENTURYPLY,40.74,40.74
VAKRANGEE,639.01,695.16
UTTAMSUGAR,9.45,9.45
RSYSTEMS,37.66,37.66
LOKESHMACH,66.43,66.43
KAMDHENU,28.22,28.22
PIONEEREMB,61.33,61.33
MUNJALAU,197.84,19.11
TECHM,52.15,52.22
GRINDWELL,64.81,64.77
ATLANTAA,.91,
ACE,59.3,59.3
ALICON,11.15,11.15
JMFINANCIL,10.43,10.43
DCBBANK,7.54,7.54
TORNTPOWER,33.81,33.81
LTFOODS,14.8,14.8
VENUSREM,13.71,13.71
TANLA,21.6,21.6
PTL,24.64,24.64
GANDHITUBE,20.22,20.22
UNOMINDA,63.73,63.73
HUBTOWN,75.67,75.67
ORIENTBELL,6300.99,6300.99
PFC,7.4,7.4
RAJTV,494.23,494.23
NCLIND,10.02,10.02
DISHTV,,14.56
NDLVENTURE,198.36,198.36
HILTON,27.54,27.54
NAVINFLUOR,61.12,73.76
HGS,55.38,55.38
DLF,127.39,127.39
CIEINDIA,22.89,22.89
KSCL,15.4,15.4
BAJAJELEC,80.44,80.44
RELIGARE,1.96,16.85
EDELWEISS,14.16,14.16
RGL,13.98,13.98
JYOTHYLAB,48.21,48.21
HITECHCORP,14.89,17.08
TRIL,189.45,189.45
DVL,28.2,28.2
PATINTLOG,24.32,24.32
AMBIKCO,13.42,13.42
CEATLTD,15.08,14.03
JKIL,15.75,15.75
KNRCON,13.05,13.05
ONMOBILE,60.28,49.99
IRB,43.19,43.19
VGUARD,65.78,65.78
NESCO,17.52,17.52
TITAGARH,70.59,70.59
BAJAJFINSV,16.14,16.14
DIGISPICE,92.23,28.04
GOKUL,69.26,15.43
RBL,18.06,17.65
LOTUSEYE,35.8,35.83
UBL,123.25,123.25
ZFCVINDIA,60.53,60.53
JOCIL,51.57,51.57
ALKALI,72.86,68.7
MAWANASUG,8.47,8.36
GKWLIMITED,77.22,77.22
OIL,9.98,10.02
REFEX,15.14,15.15
AHLUCONT,31.08,31.01
HINDCOPPER,120.98,120.98
NESTLEIND,96.01,96.37
VASCONEQ,19.27,19.27
DBREALTY,8.8,9.39
LGBBROSLTD,14.97,15.26
KIRLOSBROS,42.32,43.05
SJVN,59.43,57.43
KIRLOSIND,15.15,14.25
BLISSGVS,14.09,6.64
IITL,9.2,19.02
PRAKASHSTL,6.11,6.11
SASTASUNDR,25.36,25.13
GREENPOWER,44.23,65.63
WABAG,103.61,21.66
JWL,60.54,60.54
RESPONIND,53.87,53.87
GRAVITA,27,27
JAMNAAUTO,26.38,26.38
KIRLOSENG,37.75,36.89
KICL,38.97,62.84
TEXRAIL,100.33,100.33
PFS,14.26,14.26
SYMPHONY,46.35,45.98
ASHIANA,48.28,48.28
LTF,16.91,16.91
BROOKS,509.14,509.14
VASWANI,13.96,13.96
TRITURBINE,70.98,70.98
ESSARSHPNG,1.76,48.54
RUPA,32.12,32.12
KANANIIND,127.35,127.35
IRFC,34.04,34.04
RHIM,,93.08
SCHNEIDER,91.63,89.94
NBCC,63.77,54.04
TBZ,13.8,13.8
SWANENERGY,29.74,27.29
RTNINDIA,26.16,23.09
PROZONER,22.43,22.43
MAYURUNIQ,19.86,19.86
DUCON,39.98,39.98
TVSHLTD,11.14,11.12
CARERATING,32.15,32.15
INDUSTOWER,15.16,15.16
ATULAUTO,281.8,281.8
PILITA,58.5,58.5
SREEL,23.77,23.77
BUTTERFLY,190.79,155.93
HATSUN,84.72,84.72
SHARDACROP,113.36,113.36
CIGNITITEC,21.42,21.42
MONTECARLO,14.49,14.49
GULPOLY,49.18,49.18
LAMBODHARA,43.33,43.33
VISHNU,17.77,17.77
MENONBE,9.11,9.11
MANAKALUCO,24.09,33.38
ZENTEC,62.48,63.4
LFIC,6.43,6.43
PRIVISCL,46.14,46.14
ARROWGREEN,23.31,23.31
ALANKIT,22.92,22.92
AYMSYNTEX,,403.1
ARVSMART,61.18,61.18
NAVKARCORP,271.4,271.4
SADBHIN,,1.06
BALAXI,,18.23
PILANIINVS,29.07,29.07
NH,33.06,33.06
TEAMLEASE,50.32,50.93
NECCLTD,38.24,38.24
GOKULAGRO,17.42,17.42
HCG,213.92,213.92
WEALTH,18.35,18.35
SAGARDEEP,114.36,114.36
UNITEDPOLY,27.83,27.83
ALBERTDAVD,8.83,8.83
LTTS,36.28,36.28
GNA,14.72,14.72
HPL,64.01,64.01
ENDURANCE,46.9,46.9
PNBHOUSING,12.61,12.61
VBL,87.48,87.48
PODDARMENT,13.19,13.19
KIOCL,607.97,607.97
TCIEXP,29.44,29.44
LAURUSLABS,138.99,138.99
ITDC,78.04,77.96
SPCENET,153.06,153.06
BHANDARI,19.97,19.97
PRICOLLTD,40.85,40.85
RADIOCITY,191,191
TASTYBITE,60.09,60.09
NRAIL,6.04,6.04
PSPPROJECT,16.2,16.2
TEJASNET,324.25,324.25
CDSL,51.09,51.09
DYNPRO,92.48,92.48
MAGADSUGAR,9.58,9.58
SMSLIFE,99.32,
APEX,62.49,62.49
CAPACITE,27.14,27.14
DIAMONDYD,33.89,33.47
MASFIN,18.46,18.46
IFGLEXPOR,23.62,23.62
KHADIM,67.12,67.12
SHALBY,35.49,35.49
APOLLO,115.67,110.71
GMMPFAUDLR,31.61,31.61
BDL,75.2,75.2
HAL,44.37,44.37
MIDHANI,73.25,73.25
ORIENTELEC,60,74.6
NEULANDLAB,26.39,26.39
BERGEPAINT,50.06,50.24
JYOTISTRUC,107.81,107.81
MUNJALSHOW,14.61,17.11
RANASUG,6.37,6.37
UFLEX,,16.12
SPMLINFRA,40.03,40.03
VSTIND,20.23,20.23
IFCI,58.09,58.56
M&M,25.25,25.31
KABRAEXTRU,42.01,42.01
POLYPLEX,35.15,35.15
SAIL,26.85,24.19
CANFINHOME,13.3,13.3
DABUR,54.24,54.24
JAYSREETEA,26.13,
3MINDIA,59.55,59.55
RALLIS,34.85,35.01
KOPRAN,29.59,29.59
SURYAROSNI,18.14,18.14
SHREECEM,39.19,39.19
HINDZINC,30.49,30.49
FINPIPE,42.94,42.94
CGPOWER,106.72,109.34
BEL,47.91,47.91
CORALFINAC,8.59,8.59
REMSONSIND,62.57,60.96
STARPAPER,5.45,5.16
SANGAMIND,47.11,41.14
STERTOOLS,24.16,24.28
TVSSRICHAK,28.95,27.6
GUJAPOLLO,18.25,18.25
IZMO,17.28,17.28
PGIL,15.42,17.02
TFL,96.49,96.49
PAGEIND,72.86,72.86
ASTRAL,105.18,104.93
BALAMINES,30.08,30.08
AROGRANITE,37.14,37.14
SRHHYPOLTD,7.05,6.83
TIMETECHNO,21.79,21.79
TARMAT,121.77,121.77
MEGASOFT,49.44,49.44
MOTILALOFS,13.82,13.82
CENTUM,81.43,81.43
DELTACORP,12.93,15.38
MHRIL,70.33,70.33
NHPC,23.97,23.97
DEN,11.36,11.36
DBCORP,14.25,14.25
WHIRLPOOL,88.25,88.25
THANGAMAYL,26.96,26.96
MANINFRA,26.72,26.72
PERSISTENT,48.24,48.24
KSL,19.49,19.49
UMESLTD,57.77,57.77
GPPL,28.64,28.28
DEEPAKNTR,42.58,42.58
RAMKY,2.63,77.74
OBEROIRLTY,35.58,35.58
COALINDIA,8.62,8.62
PSB,63.86,63.86
JUBLINDS,95.86,25.31
DHUNINV,13.2,13.2
PIIND,35.14,35.14
ADANIGREEN,291.81,234
FINEORG,31.71,31.67
VARROC,16.3,16.3
HDFCAMC,40.42,40.42
SIGIND,14.2,14.2
TECHNOE,58.4,58.4
DALBHARAT,38.6,38.6
CHALET,61.82,61.82
DMART,117.98,117.98
CLEDUCATE,24.5,26.17
WIPL,30.96,30.96
SCHAND,32.83,32.83
ERIS,31.45,31.45
STEELXIND,140.98,140.98
GANGESSECU,32.22,32.22
GENESYS,243.79,243.79
MARUTI,30.53,30.53
NSIL,30.25,30.25
JAIBALAJI,17.07,17.07
UPL,,18.72
BIOCON,23.17,23.14
NIITLTD,74.19,68.27
WELENT,12.15,13.82
INDOCO,30.23,28.17
JSWSTEEL,18.79,19.6
SAKSOFT,27.76,27.76
WELCORP,17.37,17.37
JKPAPER,5.29,5.29
VHL,32.49,32.49
NECLIFE,90.9,90.9
SASKEN,28.99,28.99
GEECEE,76.25,76.25
JHS,,28.95
INDSWFTLAB,2.11,9.07
FDC,25.73,25.73
ADROITINFO,14.07,14.07
JAICORPLTD,,109.46
MAHAPEXLTD,56.55,89.76
ASAHIINDIA,47.91,47.91
J&KBANK,8.02,8.02
PENINLAND,13.66,22.82
WHEELS,38.38,38.38
ZODIACLOTH,27.87,
PREMIERPOL,22.63,22.63
SESHAPAPER,7.99,7.99
FACT,114.56,97.99
EXIDEIND,44.44,44.44
ELECON,35.18,35.18
CRISIL,48.7,48.7
ORIENTPPR,18.51,18.51
NELCO,71.56,71.56
MASTEK,22.97,22.79
LUMAXIND,52.41,48.46
KECL,60.89,60.89
CUMMINSIND,76.11,76.03
JAYBARMARU,37.74,37.74
INFY,22.53,22.53
INDIAGLYCO,15.37,15.37
IGPL,22.44,22.44
GNFC,13.95,13.95
BPCL,5.1,4.97
BASF,35.48,35.48
ATUL,55.61,55.61
ACC,19.91,22.42
SCI,14.3,14.3
MRPL,10.27,10.25
HINDPETRO,4.93,4.93
ASHOKLEY,23.58,23.82
VOLTAS,111.59,111.59
TITAN,83.55,83.55
SUNDARMFIN,35.7,35.7
SPIC,11.4,11.4
SBIN,10.72,9.95
PFIZER,39.43,39.03
BOSCHLTD,40.45,56.13
DEEPAKFERT,13.52,13.52
MAHSEAMLES,9.54,9.51
COROMANDEL,21.76,21.76
BEML,56.21,56.21
CENTENKA,31.73,31.73
VTL,21.9,21.9
FEDERALBNK,10.17,10.17
VIPIND,131.23,207.86
BALRAMCHIN,13.59,13.59
AEGISCHEM,35.32,35.32
HONAUT,90.88,90.88
SUNPHARMA,41.2,39.13
SHREYANIND,3.75,3.75
HCC,13.06,45.92
APOLLOHOSP,104.17,104.32
IVP,10.71,10.71
INDBANK,25.97,25.97
RAJSREESUG,9.68,9.68
GET&D,229.97,44.9
TAINWALCHM,57.72,57.72
BANARISUG,17.64,17.64
IGARASHI,136.01,136.01
JAYNECOIND,22.57,20.71
SOTL,17.62,17.62
KARURVYSYA,9.71,9.71
WSI,24.93,26.77
TATAPOWER,44.32,47.9
SUNFLAG,26.68,26.68
WIPRO,21.42,21.42
TATACOMM,53.13,58.53
MURUDCERA,44.24,44.24
SANOFI,33.52,32.44
HEIDELBERG,28.87,28.87
PRSMJOHNSN,41.6,
PIDILITIND,86.65,84.24
OSWALAGRO,6918.84,6918.84
HONDAPOWER,30.36,28.81
RUBYMILLS,17.24,17.24
ABB,117.08,117.08
IDBI,15.66,15.66
BRITANNIA,57.93,57.87
DHAMPURSUG,10.69,10.69
DCMSHRIRAM,34.06,34.06
CIPLA,26.37,25.45
HDFCBANK,17.07,16.97
HARRMALAYA,123.9,123.9
GIPCL,14.66,14.66
INDIANHUME,27.65,27.65
HINDCOMPOS,17.25,17.25
WALCHANNAG,62.05,
KAMATHOTEL,15.15,50.92
BANCOINDIA,16.4,16.4
APOLLOTYRE,16.78,16.64
SHANTIGEAR,52.94,52.94
ONWARDTEC,28.95,28.95
NILKAMAL,24.48,24.48
ICIL,20.88,20.88
SEAMECLTD,40.9,40.9
AUROPHARMA,24.65,24.29
EIHOTEL,60.25,52.92
LICHSGFIN,7.16,7.16
GICHSGFIN,7.51,7.51
ORIENTCEM,24.58,24.58
MITCON,55.49,55.49
JPOLYINVST,2.93,2.89
AGRITECH,14.64,14.64
CASTROLIND,21.37,21.37
WONDERLA,31.94,31.94
CAPLIPOINT,22.88,22.88
SNOWMAN,69.32,69.32
PDSL,27.54,27.54
GOODLUCK,22.43,22.43
CCHHL,14.79,14.79
GRPLTD,77.92,77.92
GREENLAM,53.63,53.63
LINC,24.4,24.4
HESTERBIO,89.76,89.76
IMAGICAA,11.73,12.39
BYKE,52.75,52.75
BCG,1.84,1.84
TPLPLASTEH,41.23,41.23
ORICONENT,30.65,24.94
ADANIENSOL,95.36,85.6
PKTEA,18.55,18.55
POWERMECH,31.55,31.55
IDFCFIRSTB,18.63,18.63
LUXIND,44.77,44.77
LINCOLN,13.45,13.45
PRECAM,39.19,55.8
HECPROJECT,18.21,18.21
BHARATWIRE,19.3,19.3
PARAGMILK,23.84,23.84
ASPINWALL,32.85,32.85
MOREPENLAB,31.16,31.16
WSTCSTPAPR,4.3,4.25
VENKEYS,31.97,31.97
GHCL,6.12,8.03
HIL,51.42,962.04
BPL,32.43,32.43
PGHH,68.37,68.37
VESUVIUS,41.2,41.2
BOMDYEING,1.17,
NAVNETEDUL,19.98,27.79
GUJALKALI,6362.92,6362.92
GLAXO,63.88,56.85
CHOLAFIN,30.84,30.84
INDHOTEL,66.88,66.88
GILLETTE,57.18,57.18
FOSECOIND,29.68,34.12
SCHAEFFLER,66.53,66.28
AMJLAND,19.55,19.55
MFSL,85.81,85.81
GREAVESCOT,,240.01
TATAINVEST,113.47,113.47
GLFL,240.63,240.63
SUDARSCHEM,15.39,58.98
IPCALAB,53.88,58.96
AKZOINDIA,27.8,27.8
HINDUNILVR,53.67,53.69
AMBUJACEM,25.7,26.92
DCW,43.18,42.11
GREENPLY,42.32,46.64
SWARAJENG,21.56,21.56
MRF,26.12,26.12
TNPETRO,15.04,12.05
EIMCOELECO,30.14,30.14
SAMBHAAV,69.99,92.65
ZENITHEXPO,47.01,47.01
CREST,17.55,17.55
INDIANCARD,23.57,
DENORA,42.03,42.03
MIRZAINT,47.17,47.17
GANESHHOUC,15.29,15.29
JAGSNPHARM,34.97,34.97
MPHASIS,27.99,27.99
GUJRAFFIA,35.41,35.41
KOTHARIPET,12.2,12.2
GAIL,19.18,20.05
SKMEGGPROD,6.91,6.91
BANKINDIA,8.76,8.76
ICICIBANK,17.5,17.5
HUDCO,22.77,22.77
SALONA,17.88,17.88
PREMEXPLN,105.52,105.52
MAHASTEEL,42.36,53
DAMODARIND,37.67,37.67
MGL,10.2,10.2
POKARNA,17.93,17.93
GPTINFRA,25.13,25.13
SOMICONVEY,30.43,30.43
ADVENZYMES,31.26,29.11
SPAL,18.13,18.13
NDGL,12.33,12.33
RBLBANK,11.97,11.97
KOTHARIPRO,219.17,219.17
SOUTHBANK,6.81,6.81
ASTRAZEN,97.94,88.94
ITDCEM,30.94,30.94
CYIENT,26.75,25.01
CYBERTECH,20.22,20.22
GOACARBON,10.38,10.38
SANGHVIMOV,33.42,33.42
NATIONALUM,22.27,22.27
IVC,34.09,34.09
ALEMBICLTD,27.75,27.75
BSOFT,26.99,26.99
HCLTECH,22.82,22.82
STAR,,37.1
RAJESHEXPO,12.05,12.05
SHREERAMA,34.97,34.97
LCCINFOTEC,,65.48
NRBBEARING,12.46,29.08
IOB,43.86,43.86
BLBLIMITED,14.49,16.2
BLUESTARCO,74.24,74.24
TVSMOTOR,55.66,55.66
REPRO,92,92
CHENNPETRO,4.99,4.99
KRBL,10.69,10.69
USHAMART,25.47,25.47
MRO-TEK,38.69,38.69
TRIDENT,46.9,46.91
SMARTLINK,46.39,46.39
MCDOWELL-N,67.31,67.16
MPSLTD,22.74,22.74
OLECTRA,169.25,184.44
PNB,16.62,16.62
OFSS,30.59,30.59
CANBK,32.22,32.22
GODREJIND,43.23,43.23
VARDHACRLC,25.99,25.99
BAGFILMS,13.44,13.44
TVSELECT,2213.52,2213.52
TVTODAY,27.16,25.11
UNIENTER,27.62,27.62
BODALCHEM,127.28,127.28
ASAHISONG,141.21,
FILATEX,22.32,22.32
TDPOWERSYS,38.85,39.17
APLLTD,30.76,30.76
PGEL,52,52
PANAMAPET,10.7,10.7
PAISALO,31.46,31.52
SHAKTIPUMP,33.58,33.58
INDOTHAI,20.91,20.91
DSSL,29.91,29.91
POLYMED,65.41,65.56
VIKASECO,83.25,83.25
APLAPOLLO,59.87,59.87
MINDACORP,36.57,36.57
DBSTOCKBRO,23.77,23.77
COMPUSOFT,32.12,32.12
NDL,25.9,25.9
HEXATRADEX,9.46,9.46
VSSL,27.06,27.06
SPECIALITY,10.98,12.36
KITEX,34.25,34.25
ROSSELLIND,132.07,131.18
ZUARI,,4.71
VETO,13.56,13.56
REPCOHOME,7.66,7.66
JUSTDIAL,23.49,23.49
IBULHSGFIN,6.76,6.76
ORBTEXP,14.43,14.43
NATHBIOGEN,8.5,9.13
SDBL,26.92,26.92
AGARIND,12.69,12.69
GOCLCORP,35.56,37.37
GULFOILLUB,16.54,16.54
SUPERHOUSE,15.05,15.05
INTELLECT,37.89,37.71
FCL,33.6,33.6
APOLSINHOT,38.99,38.99
GENUSPAPER,205.02,205.02
MOLDTKPAC,36.84,36.84
GANECOS,76.36,76.36
JMA,8.62,8.62
MANAKCOAT,36.22,36.22
AVANTIFEED,18.84,18.64
UFO,111.18,86.53
NILAINFRA,42.08,42.08
SKIPPER,44.54,44.54
SHYAMCENT,40.82,40.82
SYNGENE,52.75,51.84
RAMASTEEL,53.56,53.56
MUTHOOTCAP,3.63,25.6
SHARDAMOTR,16.22,16.22
GUJGASLTD,33.26,34.6
COFFEEDAY,51.44,8.79
INDIGO,22.24,22.24
TTKHLTCARE,33.03,33.03
KRIDHANINF,,141.57
LALPATHLAB,57.41,57.41
OCCL,15.16,15.16
QUICKHEAL,100.19,100.19
VIDHIING,67.52,67.52
KELLTONTEC,,18.62
PDMJEPAPER,11.75,11.75
INFIBEAM,61,61
CROMPTON,48.71,48.71
SHRIPISTON,20.36,20.36
BLS,42.01,45.03
MANAKSTEEL,12.49,13.06
VRLLOG,37.34,37.46
PNCINFRA,16.52,16.52
SATIN,6.13,6.13
SHREEPUSHK,14.86,14.86
SHK,29.32,24.06
SALZERELEC,30.23,30.23
ALKEM,39.36,35.76
HITECH,43.63,43.63
BHAGERIA,43.53,43.53
KDDL,26.33,26.4
THYROCARE,49.75,49.64
ARMANFIN,13.61,13.61
MUKANDLTD,12.09,12.09
VAIBHAVGBL,47.64,46.67
XPROINDIA,62.59,62.59
RKFORGE,37.32,37.3
CCL,30.08,30.08
LT,29.84,29.97
CENTEXT,22.77,21.67
TCS,30.62,30.15
TEXINFRA,337.47,337.47
NTPC,19.18,19.18
DWARKESH,15.09,15.09
SUPRAJIT,37.83,37.83
JINDALPHOT,102.31,102.31
EVEREADY,57.28,57.28
ALLSEC,24.54,24.54
SSWL,16.13,16.13
SURYALAXMI,37.67,19.11
63MOONS,9.69,17.75
GEOJITFSL,17.53,17.53
GENUSPOWER,142.73,142.73
SPLIL,16.5,15.6
IDFC,563.38,563.38
FCSSOFT,,199.31
IMPAL,15.36,15.36
SUZLON,75.3,108.5
TRIVENI,18.34,18.34
NAHARINDUS,154.98,81.93
EKC,12.86,12.75
CELEBRITY,32.4,32.79
ROHLTD,22.66,22.66
GSPL,7.53,7.69
JAGRAN,11.56,11.56
SAKUMA,35.75,35.75
JKCEMENT,38.1,37.99
INDOTECH,37.19,37.19
M&MFIN,17.27,17.27
KEI,63.18,63.16
SOLARINDS,91.08,91.08
GALLANTT,31.05,31.05
KKCL,27.46,27.46
SUNTV,14.01,14.01
GPIL,14.02,14.05
EMKAY,26.24,26.24
BALPHARMA,44.67,44.67
SWELECTES,57.93,57.93
RATNAMANI,35.41,35.41
JKLAKSHMI,20.49,20.79
ALLCARGO,31.28,37.24
EMAMILTD,31.17,30.96
VOLTAMP,48.63,48.63
SELAN,29.54,29.54
ANANTRAJ,48.34,48.34
HOVS,29.97,29.97
TALBROAUTO,29.28,29.28
FIEMIND,19.56,19.56
NAUKRI,393.97,289.15
RUCHIRA,6.43,6.43
HIRECT,238.72,56.94
PARACABLES,31.45,31.45
AVTNPL,25.14,25.14
LUMAXTECH,22.97,21.76
WANBURY,19.52,19.03
TIIL,19.14,19.14
REDINGTON,13.36,13.36
SMSPHARMA,41.92,41.92
LAOPALA,26.51,26.51
JKTYRE,13.37,13.46
THEMISMED,77.12,77.12
BANSWRAS,15.03,15.03
PHOENIXLTD,43.37,44.85
BFUTILITIE,11.75,11.75
FORTIS,58.58,60.54
WEBELSOLAR,,83.67
KMSUGAR,16.61,16.61
NAGREEKEXP,9.83,9.83
V2RETAIL,96.16,96.16
ADSL,18.46,18.46
CENTRALBK,20.35,20.35
KPRMILL,34.53,34.53
PURVA,164.75,164.75
NAGREEKCAP,.49,.49
POWERGRID,18.13,18.13
MAANALU,19.44,19.44
BVCL,12.37,12.37
ADANIPORTS,34.79,33.47
KOLTEPATIL,44.06,44.06
COLPAL,57.94,57.33
KALYANIFRG,33.61,33.61
ECLERX,21.4,21.35
BRIGADE,91.43,92.79
MANAKSIA,6.87,6.27
ARIES,21.42,21.42
KAVVERITEL,1.01,.98
BIRLAMONEY,13.6,13.6
CORDSCABLE,29.56,29.56
HERCULES,14.01,51.03
NMDC,12.07,13.73
NAHARCAP,12.97,12.97
RECLTD,9.72,9.72
DPSCLTD,99.35,99.35
BAJAJ-AUTO,34.01,34.01
RPGLIFE,27.98,27.98
ALMONDZ,12.06,32.93
RANEENGINE,22.98,17.18
ARCHIDPLY,24.63,24.63
VINYLINDIA,30.74,30.74
20MICRONS,11.96,11.7
TATAMTRDVR,1.06,1.03
COUNCODOS,26.65,26.65
AJMERA,26.3,26.3
EXCEL,56.12,56.12
ADANIPOWER,11.63,11.63
GLOBUSSPR,16.44,16.44
AMRUTANJAN,49.29,49.29
ZYDUSWELL,41.23,39.14
SHILPAMED,946.39,946.39
JSWENERGY,61.36,61.36
GODREJPROP,109.09,109.09
BEARDSELL,15.73,15.73
UNITEDTEA,10.47,10.47
EMMBI,17.91,17.91
ISFT,20.44,20.44
MANAPPURAM,7.29,7.29
TI,26.17,32.32
HMVL,83.6,83.6
AHLEAST,14.3,24.25
UGARSUGAR,12.43,12.43
ADFFOODS,35.3,35.3
KILITCH,43.23,43.23
CAREERP,27.64,27.65
CANTABIL,27.18,27.18
BEDMUTHA,36.14,36.14
PRESTIGE,31.39,31.58
IOLCP,12.89,12.89
PENIND,18.97,18.97
MOIL,31.63,31.63
STEL,43.54,43.54
HINDMOTORS,87.09,87.09
LOVABLE,42.61,42.61
VADILALIND,23.46,23.46
RELAXO,103.14,103.14
VSTTILLERS,23.46,23.46
MAITHANALL,11.99,11.99
RUSHIL,18.38,18.38
INVENTURE,21.5,18.87
WINDMACHIN,61.4,61.4
