SYMBOL,SERIES,SECURITY,HIGH/LOW,INDEX FLAG
63MOONS,EQ,63 MOONS TECHNOLOGIES LTD,H
ABCOTS,SM,A B COTSPIN INDIA LIMITED,H
ACSAL,SM,ARVIND AND COMPANY,H
AGUL,SM,A G UNIVERSAL LIMITED,H
AIIL,EQ,AUTHUM INVEST & INFRA LTD,H
AKANKSHA,ST,AKANKSHA POWER N INFRA L,H
AKSH-RE,BE,AKSHAR SPINTEX LIMITED,H
ALMONDZ,BE,ALMONDZ GLOBAL SEC LTD,H
ALUWIND,ST,ALUWIND ARCHITECTURAL LTD,H
ANSALAPI,BZ,ANSAL PROP & INFRA LTD,H
ANTGRAPHIC,BE,ANTARCTICA LTD,H
ASMS,EQ,BARTRONICS INDIA LIMITED,H
AVROIND,BE,AVRO INDIA LIMITED,H
BAGFILMS,EQ,B.A.G FILMS AND MEDIA LTD,H
BAIDFIN,BE,BAID FINSERV LIMITED,H
BALAJEE,BE,SHREE TIRUPATI BALAJEE L,H
BEDMUTHA,EQ,BEDMUTHA INDUST LTD,H
BIL,EQ,BHARTIYA INTERNATIONAL,H
BINANIIND,EQ,BINANI INDUSTRIES LTD,H
BIOFILCHEM,EQ,BIOFIL CHEM & PHARMA LTD,H
BLUECHIP,BE,BLUE CHIP INDIA LIMITED,H
CADSYS,SM,CADSYS (INDIA) LIMITED,H
CCCL,EQ,CONS. CONST. CONSORT LTD,H
CMNL,SM,CHAMAN METALLICS LIMITED,H
CMRSL,SM,CYBER MEDIA RES & SER LTD,H
CROWN,BE,CROWN LIFTERS LIMITED,H
DCG,ST,DCG CABLES & WIRES LTD,H
DESTINY,ST,DESTINY LOGISTICS & I LTD,H
DGCONTENT,BE,DIGICONTENT LIMITED,H
DIGISPICE,BE,DIGISPICE TECHNOLOGIES LT,H
DRSDILIP,SM,DRS DILIP ROADLINES LTD.,H
DUCON,BE,DUCON INFRATECHNOLOGIES L,H
DUCON-RE,BE,DUCON INFRATECH LTD,H
EDELWEISS,EQ,EDELWEISS FIN SERV LTD,H
ELECTHERM,BE,ELECTROTHERM (I) LTD.,H
EMMIL,SM,ENERGY MISSION MACH IND L,H
ESCONET,ST,ESCONET TECHNOLOGIES LTD,H
ESFL,SM,ESSEN SPECIALITY FILMS L,H
ESSENTIA,EQ,INTEGRA ESSENTIA LIMITED,H
EUROTEXIND,EQ,EUROTEX INDUSTRIES LTD,H
FEL,BZ,FUTURE ENTERPRISES LTD,H
FSC,BZ,FUTURE SUPP CHAIN SOL LTD,H
GALAPREC,BE,GALA PRECISION ENG LTD,H
GAYAHWS,BE,GAYATRI HIGHWAYS LIMITED,H
GLOBE,BE,GLOBE TEXTILES (I) LTD.,H
GOENKA,BZ,GOENKA DIAMOND&JEWELS LTD,H
GOYALALUM,EQ,GOYAL ALUMINIUMS LIMITED,H
GPTINFRA,BE,GPT INFRAPROJECTS LTD,H
GRAPHISAD,SM,GRAPHISADS LIMITED,H
GSMFOILS,ST,GSM FOILS LIMITED,H
GVKPIL,BE,GVK POW. & INFRA LTD.,H
HCL-INSYS,EQ,HCL INFOSYSTEMS LTD,H
HINDMOTORS,BE,HINDUSTAN MOTORS LIMITED,H
HRHNEXT,SM,HRH NEXT SERVICES LIMITED,H
IEL,BE,INDIABULLS ENT LTD,H
IFBAGRO,BE,IFB AGRO INDUSTRIES LTD,H
INCREDIBLE,BE,INCREDIBLE INDUSTRIES LTD,H
INDOTHAI,BE,INDO THAI SEC LTD,H
INDOWIND,BE,INDOWIND ENERGY LTD,H
INFOMEDIA,BE,INFOMEDIA PRESS LIMITED,H
IZMO,BE,IZMO LIMITED,H
JAIPURKURT,EQ,NANDANI CREATION LIMITED,H
JAYBEE,ST,JAY BEE LAMINATIONS LTD,H
JFLLIFE,ST,JFL LIFE SCIENCES LIMITED,H
KDDL,EQ,KDDL LIMITED,H
KEEPLEARN,BE,DSJ KEEP LEARNING LTD,H
KERNEX,EQ,KERNEX MICROSYS(I) LTD,H
KITEX,EQ,KITEX GARMENTS LTD,H
KNAGRI,ST,KN AGRI RESOURCES LIMITED,H
KPIGREEN,BE,KPI GREEN ENERGY LIMITED,H
KREBSBIO,BE,KREBS BIOCHEMICALS & IND,H
KRISHCA,ST,KRISHCA STRAPPING SLTN L,H
KRITIKA,EQ,KRITIKA WIRES LIMITED,H
LAKPRE,BZ,LAKSHMI PRE SCRE LTD,H
LAL,EQ,LORENZINI APPARELS LTD,H
LATTEYS,BE,LATTEYS INDUSTRIES LTD,H
LRRPL,ST,LEAD REC AND RUB PROD LTD,H
MAITREYA,ST,MAITREYA MEDICARE LIMITED,H
MANAKSTEEL,EQ,MANAKSIA STEELS LTD,H
MANAV,SM,MANAV INFRA PROJECTS LTD,H
MANOMAY,BE,MANOMAY TEX INDIA LTD,H
MEGAFLEX,SM,MEGA FLEX PLASTICS LTD,H
MGEL,BE,MANGALAM GLOBAL ENT LTD,H
MICEL,BE,MIC ELECTRONICS LTD,H
MINDTECK,BE,MINDTECK (INDIA) LIMITED,H
MMP,BE,MMP INDUSTRIES LIMITED,H
MSPL,EQ,MSP STEEL & POWER LTD.,H
MTNL,EQ,MAHANAGAR TELEPHONE NIGAM,H
NARMADA,BE,NARMADA AGROBASE LIMITED,H
NECCLTD,BE,NORTH EAST CARRY CORP LTD,H
NIRMAN,ST,NIRMAN AGRI GENTICS LTD,H
NITIRAJ,EQ,NITIRAJ ENGINEERS LTD,H
NORBTEAEXP,BE,NORBEN TEA &EXPORTS LTD,H
OLIL,ST,ONECLICK LOGISTICS IND L,H
OMFURN,SM,OMFURN INDIA LIMITED,H
ORIANA,SM,ORIANA POWER LIMITED,H
OSWALSEEDS,BE,SHREEOSWAL S AND CHE LTD,H
PANACEABIO,EQ,PANACEA BIOTEC LTD,H
PANSARI,BE,PANSARI DEVELOPERS LTD,H
PATTECH,SM,PATTECH FITWELL TUB COM L,H
PCJEWELLER,EQ,PC JEWELLER LTD,H
PFOCUS,BE,PRIME FOCUS LIMITED,H
PRAKASHSTL,BE,PRAKASH STEELAGE LTD,H
PRATHAM,SM,PRATHAM EPC PROJECTS LTD,H
PRAXIS,BE,PRAXIS HOME RETAIL LTD,H
PRESSTONIC,SM,PRESSTONIC ENGINEERING L,H
PRIZOR,SM,PRIZOR VIZTECH LIMITED,H
PRUDMOULI,EQ,PRUDENTIAL SUGAR CORPORAT,H
PURVA,BE,PURAVANKARA LIMITED,H
QFIL,SM,QUALITY FOILS (INDIA) LTD,H
QUADPRO,SM,QUADPRO ITES LIMITED,H
RADAAN,EQ,RADAAN MEDIAWORKS (I) LTD,H
RADHIKAJWE,EQ,RADHIKA JEWELTECH LIMITED,H
RBMINFRA,SM,RBM INFRACON LIMITED,H
REFEX,EQ,REFEX INDUSTRIES LIMITED,H
RELIABLE,BE,RELIABLE DATA SERVICE LTD,H
RELTD,EQ,RAVINDRA ENERGY LIMITED,H
RETAIL,BE,JHS SVENDGAARD RETAIL V L,H
RHFL,EQ,RELIANCE HOME FINANCE LTD,H
RICHA,SM,RICHA INFO SYSTEMS LTD,H
RSSOFTWARE,BE,R. S. SOFTWARE (INDIA) LI,H
SAIFL,SM,SAMEERA AGRO AND INFRA L,H
SANOFICONR,BE,SANOFI CONS HEALTHC IND L,H
SANWARIA,BZ,SANWARIA CONSUMER LIMITED,H
SAROJA,SM,SAROJA PHARMA INDUS IND L,H
SEL,SM,SUNGARNER ENERGIES LTD,H
SELMC,BE,SEL MANUFACTURING CO LTD,H
SERVOTECH,EQ,SERVOTECH POWER SYS LTD.,H
SETUINFRA,BZ,SETUBANDHAN INFRA LTD,H
SHREEPUSHK,BE,SHRE PUSH CHEM & FERT LTD,H
SILKFLEX,SM,SILKFLEX POLYMERS INDIA L,H
SIMPLEXINF,EQ,SIMPLEX INFRASTRUCTURES L,H
SITINET,BE,SITI NETWORKS LIMITED,H
SPRL,ST,SP REFRACTORIES LIMITED,H
SRPL,EQ,SHREE RAM PROTEINS LTD.,H
SSEGL,SM,SATHLOKHAR SYN E&C GLOB L,H
STARTECK,BE,STARTECK FINANCE LIMITED,H
SUNCLAY,EQ,SUNDARAM CLAYTON LIMITED,H
SUPERSPIN,EQ,SUPER SPINNING MILLS LTD,H
SUPREMEINF,BZ,SUPREME INFRA. LTD,H
SVLL,BE,SHREE VASU LOGISTICS LTD,H
SWSOLAR,EQ,STRLNG & WIL REN ENE LTD,H
TBZ,EQ,TRIB BHIMJI ZAVERI LTD,H
TECHLABS,ST,TRIDENT TECHLABS LIMITED,H
TEMBO,BE,TEMBO GLOBAL IND LTD,H
THOMASCOOK,EQ,THOMAS COOK (INDIA) LTD,H
TIRUPATIFL,BE,TIRUPATI FORGE LIMITED,H
TREJHARA,EQ,TREJHARA SOLUTIONS LTD,H
UMESLTD,BE,USHA MARTIN EDU & SOL LTD,H
UNIVASTU,EQ,UNIVASTU INDIA LIMITED,H
VARDMNPOLY,BE,VARDHMAN POLYTEX LTD.,H
VIESL,ST,VISION INFRA EQUIP SOL L,H
VMARCIND,SM,V MARC INDIA LIMITED,H
VSCL,SM,VADIVARHE SPCLTY CHEM LTD,H
WALCHANNAG,EQ,WALCHANDNAGAR INDUSTRIES,H
WANBURY,BE,WANBURY LIMITED,H
WILLAMAGOR,EQ,WILLIAMSON MAGOR,H
WINDMACHIN,EQ,WINDSOR MACHINES LIMITED,H
WINSOME,BE,WINSOME YARNS LIMITED,H
YUDIZ,ST,YUDIZ SOLUTIONS LIMITED,H
ZENITHSTL,BE,ZENITH STEEL PIP IND LTD,H
1018GS2026,GS,GOI LOAN 10.18% 2026,L
74GS2062,GS,GOI LOAN  7.4% 2062,L
ADL,EQ,ARCHIDPLY DECOR LIMITED,L
AERON,ST,AERON COMPOSITE LIMITED,L
AHL,EQ,ABANS HOLDINGS LIMITED,L
BOSS,ST,BOSS PACKAGING SOLU LTD,L
CALSOFT,EQ,CALIFORNIA SOFTWARE CO LT,L
CMMIPL,ST,CMM INFRAPROJECTS LIMITED,L
CROWN,BE,CROWN LIFTERS LIMITED,L
EFFWA,SM,EFFWA INFRA & RESEARCH L,L
ESFL,SM,ESSEN SPECIALITY FILMS L,L
FEL,BZ,FUTURE ENTERPRISES LTD,L
FLEXITUFF,BE,FLEXITUFF VENTURES INT L,L
GATECH,EQ,GACM TECHNOLOGIES LIMITED,L
GATECHDVR,BE,GACM TECHNOLOGIES LIMITED,L
GLOBE,BE,GLOBE TEXTILES (I) LTD.,L
HEXATRADEX,BE,HEXA TRADEX LIMITED,L
IPHL,ST,INDIAN PHOSPHATE LIMITED,L
ISHAN,ST,ISHAN INTERNATIONAL LTD,L
JALAN,ST,JALAN TRANSOLU. INDIA LTD,L
KAUSHALYA,BE,KAUSHALYA INFRA DEV LTD.,L
KDL,ST,KORE DIGITAL LIMITED,L
KEEPLEARN,BE,DSJ KEEP LEARNING LTD,L
KONTOR,SM,KONTOR SPACE LIMITED,L
KRISHIVAL,SM,KRISHIVAL FOODS LIMITED,L
MADHUCON,BE,MADHUCON PROJECTS LTD.,L
MEGATHERM,ST,MEGATHERM INDUCTION LTD,L
MGEL,BE,MANGALAM GLOBAL ENT LTD,L
MODIRUBBER,BE,MODI RUBBER LTD,L
MYMUDRA,ST,MY MUDRA FINCORP LIMITED,L
NAMOEWASTE,ST,NAMO EWASTE MANAGEMENT L,L
OSWALSEEDS,BE,SHREEOSWAL S AND CHE LTD,L
PARAMATRIX,ST,PARAMATRIX TECHNOLOGIES L,L
PRAXIS,BE,PRAXIS HOME RETAIL LTD,L
RAJRILTD,BE,RAJ RAYON INDUSTRIES LTD,L
REFRACTORY,ST,REFRACTORY SHAPES LIMITED,L
SAAKSHI,ST,SAAKSHI MEDTEC N PANELS L,L
SANCO,BZ,SANCO INDUSTRIES LIMITED,L
SARVESHWAR,EQ,SARVESHWAR FOODS LIMITED,L
SETUINFRA,BZ,SETUBANDHAN INFRA LTD,L
SHREERAMA,BE,SHREE RAMA MULTI TECH LTD,L
SITINET,BE,SITI NETWORKS LIMITED,L
SMVD,SM,SMVD POLY PACK LIMITED,L
SPMLINFRA,BE,SPML INFRA LIMITED,L
TGL,ST,TEERTH GOPICON LIMITED,L
TIMESCAN,SM,TIMESCAN LOGISTICS IND L,L
TIRUPATI,SM,SHREE TIRUPATI BALAJEE,L
TIRUPATIFL,BE,TIRUPATI FORGE LIMITED,L
TRANSWIND,ST,TRANSWIND INFRA LIMITED,L
TVSELECT,BE,TVS ELECTRONICS LTD,L
VDEAL,ST,VDEAL SYSTEM LIMITED,L
VERITAAS,SM,VERITAAS ADVERTISING LTD,L
VERTEXPLUS,ST,VERTEXPLUS TECHNOLOGIES L,L
VINNY,BE,VINNY OVERSEAS LIMITED,L
VSCL,SM,VADIVARHE SPCLTY CHEM LTD,L
WINSOME,BE,WINSOME YARNS LIMITED,L
