GAIN_LOSS,SECURITY,CLOSE_PRIC,PREV_CL_PR,PERCENT_CG
 ,Nifty 50 Sec., , , 
 , , , , 
G,WIPRO LTD,       550.60,       530.05,3.88
G,BAJAJ FINANCE LIMITED,      7598.50,      7428.30,2.29
G,BAJAJ FINSERV LTD.,      1894.45,      1854.85,2.13
G,INDUSIND BANK LIMITED,      1464.05,      1443.35,1.43
G,AXIS BANK LIMITED,      1217.45,      1203.35,1.17
G,TATA STEEL LIMITED,       153.49,       151.74,1.15
G,GRASIM INDUSTRIES LTD,      2784.35,      2757.10,.99
G,TECH MAHINDRA LIMITED,      1656.05,      1643.25,.78
G,TATA MOTORS LIMITED,       992.10,       986.15,.6
G,STATE BANK OF INDIA,       790.85,       787.75,.39
G,BRITANNIA INDUSTRIES LTD,      6133.10,      6109.25,.39
G,LTIMINDTREE LIMITED,      6416.20,      6392.35,.37
G,DIVI S LABORATORIES LTD,      5498.65,      5482.80,.29
G,HCL TECHNOLOGIES LTD,      1812.80,      1807.60,.29
G,CIPLA LTD,      1659.70,      1657.25,.15
G,NESTLE INDIA LIMITED,      2531.40,      2527.85,.14
G,BAJAJ AUTO LIMITED,     11737.15,     11723.50,.12
G,TATA CONSULTANCY SERV LT,      4522.60,      4517.70,.11
G,TITAN COMPANY LIMITED,      3767.00,      3764.25,.07
G,ULTRATECH CEMENT LIMITED,     11717.95,     11710.25,.07
 , , , , 
L,SBI LIFE INSURANCE CO LTD,      1846.50,      1875.95,-1.57
L,ADANI PORT & SEZ LTD,      1452.10,      1472.60,-1.39
L,HDFC LIFE INS CO LTD,       705.40,       714.55,-1.28
L,COAL INDIA LTD,       490.25,       495.65,-1.09
L,ITC LTD,       513.85,       519.50,-1.09
L,TATA CONSUMER PRODUCT LTD,      1210.30,      1222.75,-1.02
L,SHRIRAM FINANCE LIMITED,      3368.25,      3400.75,-0.96
L,OIL AND NATURAL GAS CORP.,       291.45,       294.05,-0.88
L,NTPC LTD,       401.40,       404.85,-0.85
L,HINDUSTAN UNILEVER LTD.,      2932.95,      2956.40,-0.79
L,ADANI ENTERPRISES LIMITED,      2968.35,      2991.00,-0.76
L,BHARTI AIRTEL LIMITED,      1634.45,      1646.75,-0.75
L,ASIAN PAINTS LIMITED,      3358.05,      3383.25,-0.74
L,MARUTI SUZUKI INDIA LTD.,     12316.05,     12400.85,-0.68
L,SUN PHARMACEUTICAL IND L,      1853.75,      1865.40,-0.62
L,APOLLO HOSPITALS ENTER. L,      7019.15,      7061.80,-0.6
L,BHARAT PETROLEUM CORP  LT,       342.30,       344.30,-0.58
L,RELIANCE INDUSTRIES LTD,      2945.25,      2959.60,-0.48
L,HINDALCO  INDUSTRIES  LTD,       673.25,       676.20,-0.44
L,KOTAK MAHINDRA BANK LTD,      1820.35,      1827.45,-0.39
L,DR. REDDY S LABORATORIES,      6660.70,      6683.85,-0.35
L,EICHER MOTORS LTD,      4858.30,      4875.00,-0.34
L,INFOSYS LIMITED,      1944.10,      1950.45,-0.33
L,POWER GRID CORP. LTD.,       337.25,       338.20,-0.28
L,LARSEN & TOUBRO LTD.,      3613.00,      3622.00,-0.25
L,ICICI BANK LTD.,      1250.35,      1252.15,-0.14
L,HERO MOTOCORP LIMITED,      5795.80,      5803.15,-0.13
L,MAHINDRA & MAHINDRA LTD,      2739.10,      2740.90,-0.07
L,HDFC BANK LTD,      1665.95,      1666.60,-0.04
L,JSW STEEL LIMITED,       954.55,       954.80,-0.03
 , , , , 
 ,Nifty Next 50 Sec., , , 
 , , , , 
G,DLF LIMITED,       863.60,       835.90,3.31
G,VEDANTA LIMITED,       454.05,       441.70,2.8
G,JINDAL STEEL & POWER LTD,      1031.10,      1004.65,2.63
G,CANARA BANK,       106.39,       103.99,2.31
G,PUNJAB NATIONAL BANK,       111.11,       108.72,2.2
G,PIDILITE INDUSTRIES LTD,      3310.00,      3269.65,1.23
G,BANK OF BARODA,       239.45,       237.10,0.99
G,SAMVRDHNA MTHRSN INTL LTD,       190.49,       188.85,0.87
G,SIEMENS LTD,      6710.25,      6654.40,0.84
G,BOSCH LIMITED,     34343.15,     34113.90,0.67
G,JIO FIN SERVICES LTD,       351.90,       349.80,0.6
G,INDIAN RAIL TOUR CORP LTD,       936.90,       931.35,0.6
G,TATA POWER CO LTD,       441.80,       439.90,0.43
G,SBI CARDS & PAY SER LTD,       805.20,       802.25,0.37
G,TRENT LTD,      7233.15,      7210.50,0.31
G,BERGER PAINTS (I) LTD,       622.65,       620.85,0.29
G,LIFE INSURA CORP OF INDIA,      1034.15,      1031.60,0.25
G,AMBUJA CEMENTS LTD,       629.60,       628.15,0.23
G,TVS MOTOR COMPANY  LTD,      2828.65,      2822.85,0.21
G,VARUN BEVERAGES LIMITED,       646.65,       645.60,0.16
G,INDIAN RAILWAY FIN CORP L,       167.25,       167.02,0.14
G,HINDUSTAN AERONAUTICS LTD,      4644.95,      4641.70,0.07
 , , , , 
L,ZOMATO LIMITED,       272.90,       283.90,-3.87
L,ADANI POWER LTD,       633.45,       651.10,-2.71
L,ADANI ENERGY SOLUTION LTD,       983.30,      1008.20,-2.47
L,GODREJ CONSUMER PRODUCTS,      1491.30,      1513.45,-1.46
L,POWER FIN CORP LTD.,       499.50,       506.30,-1.34
L,ADANI GREEN ENERGY LTD,      1788.20,      1811.90,-1.31
L,INTERGLOBE AVIATION LTD,      4942.35,      4994.65,-1.05
L,AVENUE SUPERMARTS LIMITED,      5187.05,      5238.55,-0.98
L,REC LIMITED,       567.70,       572.80,-0.89
L,SRF LTD,      2466.40,      2488.20,-0.88
L,GAIL (INDIA) LTD,       218.87,       220.64,-0.8
L,INFO EDGE (I) LTD,      7729.05,      7788.60,-0.76
L,ADANI TOTAL GAS LIMITED,       800.75,       805.80,-0.63
L,ICICI LOMBARD GIC LIMITED,      2109.25,      2122.45,-0.62
L,MARICO LIMITED,       681.95,       686.10,-0.6
L,BHARAT ELECTRONICS LTD,       289.95,       291.70,-0.6
L,DABUR INDIA LTD,       660.90,       664.75,-0.58
L,SHREE CEMENT LIMITED,     25883.10,     26019.65,-0.52
L,COLGATE PALMOLIVE LTD.,      3624.75,      3642.95,-0.5
L,ABB INDIA LIMITED,      7684.40,      7720.20,-0.46
L,HAVELLS INDIA LIMITED,      1988.05,      1996.40,-0.42
L,TORRENT PHARMACEUTICALS L,      3451.70,      3461.45,-0.28
L,BAJAJ HOLDINGS & INVS LTD,     10371.30,     10393.80,-0.22
L,ZYDUS LIFESCIENCES LTD,      1118.55,      1120.10,-0.14
L,CHOLAMANDALAM IN & FIN CO,      1574.50,      1575.55,-0.07
L,ICICI PRU LIFE INS CO LTD,       755.25,       755.65,-0.05
L,INDIAN OIL CORP LTD,       173.19,       173.26,-0.04
 , , , , 
 ,OTHER SECURITIES, , , 
 , , , , 
G,NANDANI CREATION LIMITED,        44.64,        37.20,20
G,TRIB BHIMJI ZAVERI LTD,       327.60,       273.00,20
G,PRESSTONIC ENGINEERING L,       129.35,       107.80,19.99
G,PRIZOR VIZTECH LIMITED,       151.90,       126.60,19.98
G,SUNDARAM CLAYTON LIMITED,      2239.05,      1919.85,16.63
G,BIOFIL CHEM & PHARMA LTD,        77.08,        66.21,16.42
G,OSWAL GREENTECH LIMITED,        56.00,        48.61,15.2
G,HARDWYN INDIA LIMITED,        40.71,        35.57,14.45
G,GIC HOUSING FINANCE LTD,       260.84,       228.08,14.36
G,RENAISSANCE GLOBAL LTD,       145.04,       127.09,14.12
G,JUBILANT PHARMOVA LTD,      1191.00,      1046.95,13.76
G,WILLIAMSON MAGOR,        39.73,        35.24,12.74
G,SONAM LIMITED,        56.25,        49.95,12.61
G,INTERIORS & MORE LIMITED,       312.90,       278.95,12.17
G,PATEL INT. LOG. LTD,        24.59,        22.17,10.92
G,GODFREY PHILLIPS INDIA LT,      7316.80,      6638.10,10.22
G,HCL INFOSYSTEMS LTD,        17.16,        15.60,10
G,SAROJA PHARMA INDUS IND L,        63.80,        58.00,10
G,BINANI INDUSTRIES LTD,        19.03,        17.30,10
G,SERVOTECH POWER SYS LTD.,       173.00,       157.28,9.99
G,EDELWEISS FIN SERV LTD,       125.14,       113.77,9.99
G,REFEX INDUSTRIES LIMITED,       470.60,       427.85,9.99
G,ASHIANA HOUSING LTD,       356.30,       323.95,9.99
G,SILKFLEX POLYMERS INDIA L,       110.70,       100.65,9.99
G,CHAMAN METALLICS LIMITED,       118.00,       107.30,9.97
G,LORENZINI APPARELS LTD,        29.84,        27.14,9.95
G,B.A.G FILMS AND MEDIA LTD,        10.90,         9.93,9.77
G,GRAVITA INDIA LIMITED,      2558.20,      2330.75,9.76
G,KDDL LIMITED,      3486.05,      3179.40,9.64
G,INTEGRA ESSENTIA LIMITED,         4.23,         3.87,9.3
 , , , , 
L,ABANS HOLDINGS LIMITED,       430.45,       538.05,-20
L,8.51% TAX FREETRI SR2A,      1158.00,      1400.00,-17.29
L,SEC RE NCD 10.00% SR IV,       835.50,       999.00,-16.37
L,ARCHIDPLY DECOR LIMITED,       131.94,       146.60,-10
L,SIGNORIA CREATION LIMITED,       137.50,       152.00,-9.54
L,NEWJAISA TECHNOLOGIES LTD,       105.90,       115.90,-8.63
L,BOND 8.30% PA TAX FREE S2,      1068.53,      1160.00,-7.89
L,PLADA INFOTECH SERVICES L,        27.35,        29.50,-7.29
L,INDO RAMA SYNTHETICS LTD,        54.45,        58.61,-7.1
L,JAGRAN PRAKASHAN LIMITED,        99.17,       106.70,-7.06
L,SEC RED NCD 9.0% SR. VI,       952.00,      1018.50,-6.53
L,TAX FREE 7.69% SR. IIB,      1110.00,      1185.71,-6.39
L,ARCHIES LTD,        32.00,        34.17,-6.35
L,TAX FREE 7.29% SR. IB,      1032.33,      1098.00,-5.98
L,PREMIER POLYFILM LTD,       250.06,       265.74,-5.9
L,TECHNOCRAFT IND LTD,      3405.20,      3605.65,-5.56
L,GACM TECHNOLOGIES LIMITED,         1.37,         1.45,-5.52
L,APRAMEYA ENGINEERING LTD,        61.15,        64.40,-5.05
L,SARVESHWAR FOODS LIMITED,        10.02,        10.55,-5.02
L,CALIFORNIA SOFTWARE CO LT,        26.35,        27.74,-5.01
L,VADIVARHE SPCLTY CHEM LTD,        68.30,        71.90,-5.01
L,GOI LOAN 10.18% 2026,       121.28,       127.67,-5.01
L,NAMO EWASTE MANAGEMENT L,       153.05,       161.10,-5
L,EFFWA INFRA & RESEARCH L,       287.45,       302.55,-4.99
L,TIMESCAN LOGISTICS IND L,        80.00,        84.20,-4.99
L,AERON COMPOSITE LIMITED,       144.80,       152.40,-4.99
L,MY MUDRA FINCORP LIMITED,       117.35,       123.50,-4.98
L,VERTEXPLUS TECHNOLOGIES L,       133.65,       140.65,-4.98
L,VERITAAS ADVERTISING LTD,       148.95,       156.75,-4.98
L,BOSS PACKAGING SOLU LTD,        67.10,        70.60,-4.96
