SECURITY,NEW,PREVIOUS,NEW_STATUS
ELECTROTHERM (I) LTD.,1036.6,1008.7,H
FORTIS HEALTHCARE LTD,588,576.95,H
INFO EDGE (I) LTD,7830,7807.9,H
RATNAMANI MET & TUB LTD.,3978.5,3938.8,H
JSW ENERGY LIMITED,775.6,764.8,H
GRAVITA INDIA LIMITED,2631.9,2544,H
PULZ ELECTRONICS LIMITED,205,204.65,H
ZAGGLE PREPA OCEAN SER L,446.2,444.95,H
TEMBO GLOBAL IND LTD,427,425,H
RBM INFRACON LIMITED,972.9,926.6,H
GOI TBILL 182D-03/10/24,99.67,99.61,H
DESTINY LOGISTICS & I LTD,77.05,73.4,H
INDIA SHELTER FIN CORP L,799,794.6,H
GOI TBILL 182D-12/12/24,98.25,98.05,H
GOI TBILL 91D-18/10/24,99.25,99,H
SEC RE NCD 10.90% SR.III,1021.04,1020,H
SEC RE NCD SR.II,1165,1145,H
SEC RE NCD SR.V,1260.55,1240.55,H
RAVINDRA ENERGY LIMITED,109.18,103.99,H
BOND 8.40% PA TF TI-SIIA,1150,1142.5,H
GOI TBILL 182D-26/12/24,98.25,97.74,H
GOI TBILL 91D-28/11/24,98.59,98.5,H
VOLTAS LTD,1935,1856.85,H
TILAKNAGAR INDUSTRIES LTD,329.9,325.5,H
VAISHALI PHARMA LIMITED,212,211.25,H
DOMS INDUSTRIES LIMITED,2867.3,2859,H
AIRTEL RS. 1.25 PPD UP,1249.35,1243.5,H
7.69% TAX FREETRII SR2B,1165.5,1163.1,H
RBZ JEWELLERS LIMITED,163.08,161,H
SEC RE NCD 9% SR.IV,1015.55,1008.55,H
GOI LOAN  7.09% 2054,103,101.8,H
INDRAPRASTHA MEDICAL CORP,484,483.8,H
CHOLAMANDALAM FIN HOL LTD,1912.05,1889,H
OPTIEMUS INFRACOM LTD,658,638,H
GOODLUCK INDIA LIMITED,1274.7,1259,H
GUJARAT FLUOROCHEM LTD,4450,4358.7,H
HOME FIRST FIN CO IND LTD,1274,1219.05,H
TATAAML - TNIDETF,100.75,100.05,H
TREJHARA SOLUTIONS LTD,272.23,268,H
ALKEM LABORATORIES LTD.,6439.9,6428.9,H
SUNDARAM CLAYTON LIMITED,2303.8,2057.3,H
TARAPUR TRANSFORMERS LTD,22.28,21.85,H
AXISAMC - AXISHCETF,151.18,150.01,H
GAYATRI RUBB AND CHEM LTD,441,433,H
MOTISONS JEWELLERS LTD,273.9,254,H
INNOVA CAPTAB LIMITED,793.35,782.4,H
EPACK DURABLE LIMITED,356.5,328.3,H
9.90 % SRNCD SR VI,1070,1069.98,H
SEC RE NCD 9% SR.IV,1050.7,1035,H
SEC RE NCD SR III,1024.84,1019.4,H
SEC RE NCD 9.25% SR.II,975,965,H
MAHARASHTRA SCOOTERS LTD,10587.05,10374,H
ICRA LIMITED,6709,6630,H
BAJAJ AUTO LIMITED,11893.95,11779.25,H
KAMDHENU LIMITED,673,668.7,H
D. P. ABHUSHAN LIMITED,1740,1715.1,H
MANKIND PHARMA LIMITED,2564.95,2555.4,H
ESSEN SPECIALITY FILMS L,403.9,400,H
INOX WIND ENERGY LIMITED,13108.05,12755.3,H
NANDAN DENIM LIMITED,67.35,67,H
VISAMAN GLOBAL SALES LTD,43.5,43.45,H
NUVAMA WEALTH MANAGE LTD,7052,6997.85,H
SUPREME ENGINEERING LTD,3.32,3.26,H
ATLANTAA LIMITED,57.24,57.13,H
SHRIRAM - LIQUIDSHRI,1012.22,1012.06,H
AYM SYNTEX LIMITED,178.51,175.01,H
SHRE PUSH CHEM & FERT LTD,274.5,264.85,H
BLUE STAR LIMITED,1899,1897.8,H
BHARTI AIRTEL LIMITED,1654.9,1652.8,H
WANBURY LIMITED,260.29,247.9,H
SHYAM METALICS AND ENGY L,879,854.8,H
JUBILANT PHARMOVA LTD,1227,1066,H
ETHOS LIMITED,3524.95,3507.95,H
2.50%GOLDBONDS2027SR-II,7902,7899,H
YATHARTH HOSP & TRA C S L,597,572.3,H
ZENITH DRUGS LIMITED,147.5,144.85,H
LICNAMC - LICNMID100,59.91,59.89,H
FOCE INDIA LIMITED,1725,1650,H
CHAMAN METALLICS LIMITED,118,114.65,H
CONCORD BIOTECH LIMITED,2138.75,2063.05,H
AXISAMC - AXISTECETF,461.99,459.98,H
AMI ORGANICS LIMITED,1550,1483.45,H
INDO THAI SEC LTD,685.05,652.45,H
GOI TBILL 364D-03/04/25,96.66,96.59,H
GOI TBILL 91D-19/09/24,99.87,99.86,H
HRH NEXT SERVICES LIMITED,96.25,91.7,H
KOTAKMAMC - KOTAKIT,46.72,46.1,H
S J LOGISTICS (INDIA) LTD,683.5,674.5,H
ICICIPRAMC - ICICIPHARM,155.7,152.8,H
ALUWIND ARCHITECTURAL LTD,70.7,70.5,H
PRUDENTIAL SUGAR CORPORAT,37.1,35.34,H
SEC RE NCD 0% SR.VII,1244.36,1230,H
PREMIER POLYFILM LTD,274.1,265.74,H
ZERODHAAMC - LIQUIDCASE,107.4,107.35,H
KAYNES TECHNOLOGY IND LTD,5508.8,5380,H
LEAD REC AND RUB PROD LTD,112.5,107.15,H
LTIMINDTREE LIMITED,6447.25,6442,H
GOI LOAN  6.99% 2026,104.5,104,H
COFORGE LIMITED,7043.95,6929,H
OSWAL GREENTECH LIMITED,57.6,54.2,H
INTEGRATED PERSO SER LTD,225.2,221.75,H
INTERIORS & MORE LIMITED,322,316,H
BHARTI HEXACOM LIMITED,1453.95,1368.6,H
REGENCYCERAMICS-LTD,72.05,70.64,H
AARVEE DEN. & EXP. LTD,48.53,47.8,H
KATARIA INDUSTRIES LTD,218.8,218,H
SHREE TIRUPATI BALAJEE L,99.22,94.5,H
GOI TBILL 91D-24/10/24,99.2,99,H
PIDILITE INDUSTRIES LTD,3331,3301.4,H
NORBEN TEA &EXPORTS LTD,21.71,20.68,H
GLENMARK PHARMACEUTICALS,1756.5,1754.35,H
APAR INDUSTRIES LTD.,10515,10430.25,H
HAVELLS INDIA LIMITED,2023,2000.95,H
ORACLE FIN SERV SOFT LTD.,12313.55,11717,H
STEELCAST LIMITED,828.7,790,H
HEALTHCARE GLOB. ENT. LTD,425,421,H
JSW HOLDINGS LIMITED,8250,7899,H
KALYAN JEWELLERS IND LTD,749,694.7,H
NAVA LIMITED,1095,1039.5,H
TATAAML - NETF,278,274.99,H
TRIB BHIMJI ZAVERI LTD,327.6,300,H
ZOMATO LIMITED,286.45,286,H
IZMO LIMITED,450.15,448.45,H
MAITREYA MEDICARE LIMITED,344.5,340.15,H
SHRIRAM FINANCE LIMITED,3425,3412.4,H
SENCO GOLD LIMITED,1329,1265,H
GOI TBILL 182D-01/11/24,99.22,99.09,H
TRIDENT TECHLABS LIMITED,916.35,872.75,H
KRISHCA STRAPPING SLTN L,411.45,408,H
ESCONET TECHNOLOGIES LTD,383.85,365.7,H
SEC RE NCD 8.10% SR VI,1085,1080,H
INDEGENE LIMITED,726.5,723,H
GOI TBILL 364D-16/01/25,99.98,96.71,H
8.76% TAX FREETRI SR2B,1204.9,1195,H
SILKFLEX POLYMERS INDIA L,110.7,105.95,H
VARDHMAN POLYTEX LIMITED,5.9,5.5,H
GODFREY PHILLIPS INDIA LT,7430.95,7320,H
APOLLO HOSPITALS ENTER. L,7099.95,7096.45,H
MUTHOOT FINANCE LIMITED,2078.75,2012.1,H
KDDL LIMITED,3815.25,3620,H
KHFM HOS FAC MANA SER LTD,98.8,97.9,H
PATTECH FITWELL TUB COM L,108,102.9,H
BROOKS LAB LIMITED,160.3,132.7,H
ASSO ALCOHOLS & BREW LTD,991.75,977.95,H
GOI LOAN  7.34% 2064,108.9,108,H
MOS UTILITY LIMITED,332.9,331.7,H
SEC RE NCD 8.85% SR I,1039.7,1029.25,H
UPDATER SERVICES LIMITED,404.8,396.6,H
ARVIND AND COMPANY,98.7,94.4,H
SEC RE NCD 0% SR.II,1224,1219,H
INOX GREEN ENERGY SER LTD,224.65,216.94,H
UNITED SPIRITS LIMITED,1543,1536.95,H
GOI TBILL 91D-07/11/24,99,98.9,H
GRASIM RE. 1 PPD UP,1868.9,1863.95,H
SRI ADHIKARI BRO TELE N L,690.95,677.45,H
SURAJ LIMITED,478.85,460,H
RATNAVEER PRECISION ENG L,201.7,194.16,H
DSPAMC - TOP10ADD,99.97,99.04,H
ANDHRA PAPER LIMITED,104.6,107.05,L
TAX FREE 7.29% SR. IB,1030,1050,L
BOND 8.46% TAX FREE S2A,1135.11,1144,L
SEC RE NCD 9.25% SR VIII,948,950,L
GOI TBILL 91D-15/11/24,98.61,98.8,L
GACM TECHNOLOGIES LIMITED,1.3,1.37,L
BOND 9.01%PA TF TR-I S 3B,6500,6510,L
SYLVAN PLYBOARD (INDIA) L,92,92.05,L
STEL HOLDINGS LIMITED,536.05,541.8,L
SEC RE NCD 10.00% SR IV,835.5,999,L
FORCAS STUDIO LIMITED,108.5,108.95,L
SMS LIFESCIENCES (I) LTD,1613.85,1646.75,L
SHIVALIC POWER CONTROL L,236,240.4,L
FOCUS LIGHTG & FIXTRS LTD,111.77,114.06,L
FUTURE SUPP CHAIN SOL LTD,2.41,2.5,L
SEC RED NCD 9.30% SR. II,1023.5,1025,L
TRANS & RECTI. LTD,650,655,L
DUCON INFRATECH LTD,1.22,1.86,L
DIENSTEN TECH LIMITED,135.05,149,L
AERON COMPOSITE LIMITED,144.8,150,L
BULKCORP INTERNATIONAL L,100,105.05,L
POSITRON ENERGY LIMITED,470,491,L
NAMO EWASTE MANAGEMENT L,153.05,161.1,L
KRISHNA INST OF MED SCI L,549.05,937.55,L
SEC RED NCD SR. VII,1821.41,2000,L
QVC EXPORTS LIMITED,72.3,78.2,L
FILATEX FASHIONS LIMITED,1.12,1.15,L
UNS RED NCD 9.15% SR.IX,926.74,950,L
SOLVE PLASTIC PRODUCTS L,61,62,L
RELIABLE DATA SERVICE LTD,78.25,81.25,L
TAX FREE 7.69% SR. IIB,1050.6,1160,L
SEC RED NCD 9.0% SR. VI,952,1005.2,L
MEDICO REMEDIES LIMITED,43.17,44.05,L
JEYYAM GLOBAL FOODS LTD,54.55,55.75,L
BOSS PACKAGING SOLU LTD,67.1,70.6,L
MY MUDRA FINCORP LIMITED,117.35,123.5,L
SPORTKING INDIA LIMITED,146.45,638,L
POWERGRID INFRA. INVITS,90.8,90.82,L
SEC RE NCD 10% SR 4,980,991.82,L
DJ MEDIAPRINT & LOG LTD,131.04,310.3,L
BOND 8.30% PA TAX FREE S2,1064,1120,L
KPI GREEN ENERGY LIMITED,794.5,807.7,L
SECUR CREDENTIALS LIMITED,6.18,6.31,L
ORIENT TECHNOLOGIES LTD,298.1,303.1,L

