SERIES,SYMBOL,SECURITY,RECORD_DT,BC_STRT_DT,BC_END_DT,EX_DT,ND_STRT_DT,ND_END_DT,PURPOSE
BE,ICICIPRULI,ICICI Pru Life Ins Co Ltd, ,14/06/2024,28/06/2024,13/06/2024, , ,DIV - RE 0.60 PER SH     
BE,AURIONPRO,Aurionpro Soln. Ltd.,27/06/2024, , ,27/06/2024, , ,BONUS 1:1                
BE,PRIMESECU,Prime Securities Limited, ,21/06/2024,27/06/2024,20/06/2024, , ,AGM/DIV - 1 RS PER SH    
BE,SWARAJENG,Swaraj Engines Ltd, ,29/06/2024,05/07/2024,28/06/2024, , ,DIV - RS 95 PER SH       
BE,SPLPETRO,Supreme Petrochem Limited, ,28/06/2024,04/07/2024,27/06/2024, , ,AGM/DIV - RS 7 PER SH    
BE,WELSPUNLIV,Equity shares, ,27/06/2024,28/06/2024,26/06/2024, , ,AGM/DIV-RE 0.10 PER SH   
BE,VAIBHAVGBL,Vaibhav Gems Ltd, ,29/06/2024,29/06/2024,28/06/2024, , ,AGM/DIV-RS 1.50 PER SH   
BE,TITAN,Titan Company Limited, ,28/06/2024,12/07/2024,27/06/2024, , ,AGM/DIV - RS 11 PER SH   
BE,BANKBARODA,Bank of Baroda, ,29/06/2024,05/07/2024,28/06/2024, , ,AGM/DIV-RS 7.60 PER SH   
BE,SAGCEM,SagarCements-Roll Sett, ,20/06/2024,26/06/2024,19/06/2024, , ,AGM/DIV-RE 0.70 PER SH   
BE,ZYDUSLIFE,Zydus Lifesciences Ltd,26/07/2024, , ,26/07/2024, , ,DIV - RS 3 PER SH        
BE,CONCORDBIO,Concord Biotech Limited, ,23/06/2024,29/06/2024,21/06/2024, , ,ANNUAL GENERAL MEETING   
BE,BEPL,Bhansal Engg PolyLtd-Depo, ,22/06/2024,28/06/2024,21/06/2024, , ,AGM/DIV - RE 1 PER SH    
BE,DWARKESH,Dwarikesh Sugar Ind. Ltd., ,23/06/2024,29/06/2024,21/06/2024, , ,ANNUAL GENERAL MEETING   
BE,JIKIND,JIK Industries Limited, ,22/06/2024,29/06/2024,21/06/2024, , ,EGM                      
BE,PNB,Punjab National Bank, ,23/06/2024,29/06/2024,21/06/2024, , ,ANNUAL GENERAL MEETING   
BE,MAHSCOOTER,Maharashtra Scooters Ltd,28/06/2024, , ,28/06/2024, , ,DIV - RS 60 PER SH       
BE,BAJAJHLDNG,Bajaj Holdings & Invs Ltd,28/06/2024, , ,28/06/2024, , ,DIV - RS 21 PER SH       
BE,KSOLVES,Ksolves India Limited,28/06/2024, , ,28/06/2024, , ,INTDIV - RS 8 PER SH     
BE,DBOL,Dhampur Bio Organics Ltd,28/06/2024, , ,28/06/2024, , ,DIV - RS 2.50 PER SH     
BE,OCCL,Oriental Carbn & Chem Ltd,01/07/2024, , ,01/07/2024, , ,DEMERGER                 
BE,GILLANDERS,Gillanders Arbuthnot Ltd, ,22/06/2024,28/06/2024,21/06/2024, , ,ANNUAL GENERAL MEETING   
BE,GLOBAL,Global Education Limited, ,22/06/2024,05/07/2024,21/06/2024, , ,AGM/DIV - RE 1 PER SH    
BE,INSPIRISYS,Accel Frontline Limited, ,22/06/2024,28/06/2024,21/06/2024, , ,ANNUAL GENERAL MEETING   
BE,KSB,KSB Pumps Ltd-Depo, ,14/06/2024,26/06/2024,13/06/2024, , ,AGM/DIV - RS 17.5 PER SH 
BE,ADANIGREEN,Adani Green Energy Ltd, ,18/06/2024,25/06/2024,14/06/2024, , ,ANNUAL GENERAL MEETING   
BE,EMUDHRA,Emudhra Limited, ,21/06/2024,27/06/2024,20/06/2024, , ,AGM/DIV-RS 1.25 PER SH   
BE,SEPC,Shriram EPC Limited,25/06/2024, , ,25/06/2024, , ,RIGHTS 6:55 @ PRM RS 3   
BE,INDUSINDBK,IndusInd Bank Limited,28/06/2024, , ,28/06/2024, , ,DIV - RS 16.50 PER SH    
BE,RECLTD,Rural Electrification Cor,28/06/2024, , ,28/06/2024, , ,DIV - RS 5 PER SH        
BE,ADANIENSOL,Adani Transmission Ltd, ,18/06/2024,25/06/2024,14/06/2024, , ,ANNUAL GENERAL MEETING   
BE,ADANIPOWER,Adani Power Limited, ,18/06/2024,25/06/2024,14/06/2024, , ,ANNUAL GENERAL MEETING   
BE,AWL,Adani Wilmar Limited, ,19/06/2024,26/06/2024,18/06/2024, , ,ANNUAL GENERAL MEETING   
BE,CYIENTDLM,Cyient DLM Limited, ,21/06/2024,28/06/2024,20/06/2024, , ,ANNUAL GENERAL MEETING   
BE,REMSONSIND,Remsons Industries Ltd,05/07/2024, , ,05/07/2024, , ,FVSPLT FRM RS 10 TO RS 2 
BE,TATAINVEST,Tata Inv. Corpn Ltd., ,19/06/2024,26/06/2024,18/06/2024, , ,AGM/DIV - RS 28 PER SH   
BE,INTELLECT,Intellect Design Arena, ,20/06/2024,26/06/2024,19/06/2024, , ,AGM/DIV-RS 3.50 PER SH   
BE,GHCL,GHCL Limited,01/07/2024, , ,01/07/2024, , ,DIV - RS 12 PER SH       
BE,MAWANASUG,Mawana Sugars Limited,29/06/2024, , ,28/06/2024, , ,DIV - RS 4 PER SH        
BE,KPIL,Kalpataru Pow Trans Ltd,28/06/2024, , ,28/06/2024, , ,DIV - RS 8 PER SH        
BE,NAM-INDIA,Nippon L I A M Ltd,28/06/2024, , ,28/06/2024, , ,DIV - RS 11 PER SH       
BE,SYNGENE,Syngene International Ltd,28/06/2024, , ,28/06/2024, , ,DIV - RS 1.25 PER SH     
BE,DODLA,Dodla Dairy Limited, ,26/06/2024,04/07/2024,25/06/2024, , ,ANNUAL GENERAL MEETING   
BE,ALKYLAMINE,Alkyl Amine Chem Ltd, ,26/06/2024,02/07/2024,25/06/2024, , ,AGM/DIV - RS 10 PER SH   
BE,WELCORP,Welspun Corp Limited,28/06/2024, , ,28/06/2024, , ,DIV - RS 5 PER SH        
BE,JSWHL,JSW Holdings Limited, ,26/06/2024,28/06/2024,25/06/2024, , ,ANNUAL GENERAL MEETING   
BE,IOB,Indian Overseas Bank, ,26/06/2024,02/07/2024,25/06/2024, , ,ANNUAL GENERAL MEETING   
BE,CERA,Cera Sanitaryware Limited, ,26/06/2024,03/07/2024,25/06/2024, , ,AGM/DIV - RS 60 PER SH   
BE,DEVYANI,Devyani International Ltd, ,28/06/2024,05/07/2024,27/06/2024, , ,ANNUAL GENERAL MEETING   
BE,VOLTAS,VOLTAS LTD, ,26/06/2024,10/07/2024,25/06/2024, , ,AGM/DIV-RS 5.50 PER SH   
BE,SHANTI,Shanti Overseas (Ind) Ltd, ,28/06/2024,05/07/2024,27/06/2024, , ,EGM                      
BE,AEROFLEX,Aeroflex Industries Ltd, ,29/06/2024,05/07/2024,28/06/2024, , ,ANNUAL GENERAL MEETING   
BE,AEROFLEX,Aeroflex Industries Ltd,28/06/2024, , ,28/06/2024, , ,DIV - RE 0.25 PER SH     
BE,TATAELXSI,Tata Elxsi Limited, ,26/06/2024,10/07/2024,25/06/2024, , ,AGM/DIV - RS 70 PER SH   
BE,EIMCOELECO,Eimco Elecon (India) Ltd., ,15/06/2024,25/06/2024,14/06/2024, , ,AGM/DIV - RS 5 PER SH    
BE,SPYL,Shekhawati Poly-Yarn Ltd., ,26/06/2024,02/07/2024,25/06/2024, , ,ANNUAL GENERAL MEETING   
BE,GICHSGFIN,Gic Housing Finance Ltd,28/06/2024, , ,28/06/2024, , ,DIV - RS 4.50 PER SH     
BE,GPIL,Godawari Power And Ispat,28/06/2024, , ,28/06/2024, , ,BUY BACK                 
BE,RPGLIFE,RPG Life Sciences Limited,28/06/2024, , ,28/06/2024, , ,DIV - RS 16 PER SH       
BE,NESTLEIND,Nestle India Limited,16/07/2024, , ,16/07/2024, , ,DIV - RS 8.50 PER SH     
BE,AVONMORE,Avonmore Cap&Mgt Serv Ltd,28/06/2024, , ,28/06/2024, , ,FVSPLT FRM RS 10 TO RE 1 
BE,SHAREINDIA,Share Ind. Securities Ltd,27/06/2024, , ,27/06/2024, , ,FVSPLT FRM RS 10 TO RS 2 
BE,VERTOZ,Vertoz Advertising Ltd,05/07/2024, , ,05/07/2024, , ,FV SPLT FRM RS 10 TO RE 1
BE,SUPREMEIND,SUPREME INDUSTRIES LTD, ,22/06/2024,28/06/2024,21/06/2024, , ,AGM/DIV - RS 22 PER SH   
BE,PILITA,PIL Italica Lifestyle Ltd, ,21/06/2024,27/06/2024,20/06/2024, , ,ANNUAL GENERAL MEETING   
BE,BAJAJHIND,Bajaj Hindustan Sugar Ltd, ,21/06/2024,27/06/2024,20/06/2024, , ,ANNUAL GENERAL MEETING   
BE,TEJASNET,Tejas Networks Limited, ,21/06/2024,28/06/2024,20/06/2024, , ,ANNUAL GENERAL MEETING   
BE,ZIMLAB,Zim Laboratories Limited, ,21/06/2024,27/06/2024,20/06/2024, , ,ANNUAL GENERAL MEETING   
BE,GREENPOWER,Orient Green Power Co Ltd, ,21/06/2024,28/06/2024,20/06/2024, , ,ANNUAL GENERAL MEETING   
BE,CYIENT,Cyient Limited, ,22/06/2024,01/07/2024,21/06/2024, , ,ANNUAL GENERAL MEETING   
BE,KANSAINER,Kansai Nerolac Paints Ltd, ,22/06/2024,28/06/2024,21/06/2024, , ,AGM/SPDV/DIV RS 1.25/2.5 
BE,ELECON,Elecon Engg Co. Ltd., ,15/06/2024,25/06/2024,14/06/2024, , ,AGM/DIV - RS 2 PER SH    
BE,RAYMOND,RAYMOND-depo, ,14/06/2024,27/06/2024,13/06/2024, , ,AGM/DIV - RS 10 PER SH   
BZ,JIKIND,JIK Industries Limited, ,22/06/2024,29/06/2024,21/06/2024, , ,EGM                      
EQ,ADANIGREEN,Adani Green Energy Ltd, ,18/06/2024,25/06/2024,14/06/2024, , ,ANNUAL GENERAL MEETING   
EQ,ZYDUSLIFE,Zydus Lifesciences Ltd,26/07/2024, , ,26/07/2024, , ,DIV - RS 3 PER SH        
EQ,CONCORDBIO,Concord Biotech Limited, ,23/06/2024,29/06/2024,21/06/2024, , ,ANNUAL GENERAL MEETING   
EQ,BEPL,Bhansali Eng. Polymers Lt, ,22/06/2024,28/06/2024,21/06/2024, , ,AGM/DIV - RE 1 PER SH    
EQ,DWARKESH,Dwarikesh Sugar Industrie, ,23/06/2024,29/06/2024,21/06/2024, , ,ANNUAL GENERAL MEETING   
EQ,JIKIND,JIK Industries Limited, ,22/06/2024,29/06/2024,21/06/2024, , ,EGM                      
EQ,PNB,Punjab National Bank, ,23/06/2024,29/06/2024,21/06/2024, , ,ANNUAL GENERAL MEETING   
EQ,MAHSCOOTER,Maharashtra Scooters Ltd,28/06/2024, , ,28/06/2024, , ,DIV - RS 60 PER SH       
EQ,BAJAJHLDNG,Bajaj Holdings & Invs Ltd,28/06/2024, , ,28/06/2024, , ,DIV - RS 21 PER SH       
EQ,KSOLVES,Ksolves India Limited,28/06/2024, , ,28/06/2024, , ,INTDIV - RS 8 PER SH     
EQ,DBOL,Dhampur Bio Organics Ltd,28/06/2024, , ,28/06/2024, , ,DIV - RS 2.50 PER SH     
EQ,OCCL,Oriental Carbn & Chem Ltd,01/07/2024, , ,01/07/2024, , ,DEMERGER                 
EQ,GILLANDERS,Gillanders Arbuthnot Ltd, ,22/06/2024,28/06/2024,21/06/2024, , ,ANNUAL GENERAL MEETING   
EQ,GLOBAL,Global Education Limited, ,22/06/2024,05/07/2024,21/06/2024, , ,AGM/DIV - RE 1 PER SH    
EQ,INSPIRISYS,Accel Frontline Limited, ,22/06/2024,28/06/2024,21/06/2024, , ,ANNUAL GENERAL MEETING   
EQ,KSB,KSB Pumps Ltd., ,14/06/2024,26/06/2024,13/06/2024, , ,AGM/DIV - RS 17.5 PER SH 
EQ,ADANIENSOL,Adani Transmission Ltd, ,18/06/2024,25/06/2024,14/06/2024, , ,ANNUAL GENERAL MEETING   
EQ,EMUDHRA,Emudhra Limited, ,21/06/2024,27/06/2024,20/06/2024, , ,AGM/DIV-RS 1.25 PER SH   
EQ,TATAINVEST,Tata Inv. Corpn Ltd., ,19/06/2024,26/06/2024,18/06/2024, , ,AGM/DIV - RS 28 PER SH   
EQ,SEPC,Shriram EPC Limited,25/06/2024, , ,25/06/2024, , ,RIGHTS 6:55 @ PRM RS 3   
EQ,INDUSINDBK,IndusInd Bank Ltd.,28/06/2024, , ,28/06/2024, , ,DIV - RS 16.50 PER SH    
EQ,RECLTD,Rural Electrification Cor,28/06/2024, , ,28/06/2024, , ,DIV - RS 5 PER SH        
EQ,ADANIPOWER,Adani Power Limited, ,18/06/2024,25/06/2024,14/06/2024, , ,ANNUAL GENERAL MEETING   
EQ,AWL,Adani Wilmar Limited, ,19/06/2024,26/06/2024,18/06/2024, , ,ANNUAL GENERAL MEETING   
EQ,CYIENTDLM,Cyient DLM Limited, ,21/06/2024,28/06/2024,20/06/2024, , ,ANNUAL GENERAL MEETING   
EQ,REMSONSIND,Remsons Industries Ltd,05/07/2024, , ,05/07/2024, , ,FVSPLT FRM RS 10 TO RS 2 
EQ,INTELLECT,Intellect Design Arena, ,20/06/2024,26/06/2024,19/06/2024, , ,AGM/DIV-RS 3.50 PER SH   
EQ,GHCL,GHCL Limited,01/07/2024, , ,01/07/2024, , ,DIV - RS 12 PER SH       
EQ,MAWANASUG,Mawana Sugars Limited,29/06/2024, , ,28/06/2024, , ,DIV - RS 4 PER SH        
EQ,KPIL,Kalpataru Pow Trans Ltd,28/06/2024, , ,28/06/2024, , ,DIV - RS 8 PER SH        
EQ,NAM-INDIA,Nippon L I A M Ltd,28/06/2024, , ,28/06/2024, , ,DIV - RS 11 PER SH       
EQ,SYNGENE,Syngene International Ltd,28/06/2024, , ,28/06/2024, , ,DIV - RS 1.25 PER SH     
EQ,DODLA,Dodla Dairy Limited, ,26/06/2024,04/07/2024,25/06/2024, , ,ANNUAL GENERAL MEETING   
EQ,ALKYLAMINE,Alkyl Amine Chem Ltd, ,26/06/2024,02/07/2024,25/06/2024, , ,AGM/DIV - RS 10 PER SH   
EQ,WELCORP,Welspun Corp Limited,28/06/2024, , ,28/06/2024, , ,DIV - RS 5 PER SH        
EQ,JSWHL,JSW Holdings Limited, ,26/06/2024,28/06/2024,25/06/2024, , ,ANNUAL GENERAL MEETING   
EQ,IOB,Indian Overseas Bank, ,26/06/2024,02/07/2024,25/06/2024, , ,ANNUAL GENERAL MEETING   
EQ,CERA,Cera Sanitaryware Limited, ,26/06/2024,03/07/2024,25/06/2024, , ,AGM/DIV - RS 60 PER SH   
EQ,DEVYANI,Devyani International Ltd, ,28/06/2024,05/07/2024,27/06/2024, , ,ANNUAL GENERAL MEETING   
EQ,VOLTAS,Voltas Ltd., ,26/06/2024,10/07/2024,25/06/2024, , ,AGM/DIV-RS 5.50 PER SH   
EQ,SHANTI,Shanti Overseas (Ind) Ltd, ,28/06/2024,05/07/2024,27/06/2024, , ,EGM                      
EQ,AEROFLEX,Aeroflex Industries Ltd, ,29/06/2024,05/07/2024,28/06/2024, , ,ANNUAL GENERAL MEETING   
EQ,AEROFLEX,Aeroflex Industries Ltd,28/06/2024, , ,28/06/2024, , ,DIV - RE 0.25 PER SH     
EQ,TATAELXSI,Tata Elxsi Limited, ,26/06/2024,10/07/2024,25/06/2024, , ,AGM/DIV - RS 70 PER SH   
EQ,EIMCOELECO,Eimco Elecon (India) Ltd., ,15/06/2024,25/06/2024,14/06/2024, , ,AGM/DIV - RS 5 PER SH    
EQ,SPYL,Shekhawati Poly-Yarn Ltd., ,26/06/2024,02/07/2024,25/06/2024, , ,ANNUAL GENERAL MEETING   
EQ,GICHSGFIN,Gic Housing Finance Ltd,28/06/2024, , ,28/06/2024, , ,DIV - RS 4.50 PER SH     
EQ,GPIL,Godawari Power And Ispat,28/06/2024, , ,28/06/2024, , ,BUY BACK                 
EQ,RPGLIFE,RPG Life Sciences Limited,28/06/2024, , ,28/06/2024, , ,DIV - RS 16 PER SH       
EQ,NESTLEIND,Nestle India Limited,16/07/2024, , ,16/07/2024, , ,DIV - RS 8.50 PER SH     
EQ,AVONMORE,Avonmore Cap&Mgt Serv Ltd,28/06/2024, , ,28/06/2024, , ,FVSPLT FRM RS 10 TO RE 1 
EQ,VERTOZ,Vertoz Advertising Ltd,05/07/2024, , ,05/07/2024, , ,FV SPLT FRM RS 10 TO RE 1
EQ,SHAREINDIA,Share Ind. Securities Ltd,27/06/2024, , ,27/06/2024, , ,FVSPLT FRM RS 10 TO RS 2 
EQ,SUPREMEIND,Supreme Industries Ltd, ,22/06/2024,28/06/2024,21/06/2024, , ,AGM/DIV - RS 22 PER SH   
EQ,PILITA,PIL Italica Lifestyle Ltd, ,21/06/2024,27/06/2024,20/06/2024, , ,ANNUAL GENERAL MEETING   
EQ,BAJAJHIND,Bajaj Hindustan Sugar Ltd, ,21/06/2024,27/06/2024,20/06/2024, , ,ANNUAL GENERAL MEETING   
EQ,TEJASNET,Tejas Networks Limited, ,21/06/2024,28/06/2024,20/06/2024, , ,ANNUAL GENERAL MEETING   
EQ,ZIMLAB,Zim Laboratories Limited, ,21/06/2024,27/06/2024,20/06/2024, , ,ANNUAL GENERAL MEETING   
EQ,GREENPOWER,Orient Green Power Co Ltd, ,21/06/2024,28/06/2024,20/06/2024, , ,ANNUAL GENERAL MEETING   
EQ,CYIENT,Cyient Limited, ,22/06/2024,01/07/2024,21/06/2024, , ,ANNUAL GENERAL MEETING   
EQ,KANSAINER,Kansai Nerolac Paints Ltd, ,22/06/2024,28/06/2024,21/06/2024, , ,AGM/SPDV/DIV RS 1.25/2.5 
EQ,ELECON,Elecon Engg Co. Ltd., ,15/06/2024,25/06/2024,14/06/2024, , ,AGM/DIV - RS 2 PER SH    
EQ,RAYMOND,Raymond Ltd., ,14/06/2024,27/06/2024,13/06/2024, , ,AGM/DIV - RS 10 PER SH   
EQ,ICICIPRULI,ICICI Pru Life Ins Co Ltd, ,14/06/2024,28/06/2024,13/06/2024, , ,DIV - RE 0.60 PER SH     
EQ,SAGCEM,Sagar Cements Ltd, ,20/06/2024,26/06/2024,19/06/2024, , ,AGM/DIV-RE 0.70 PER SH   
EQ,AURIONPRO,Aurionpro Solutions Limit,27/06/2024, , ,27/06/2024, , ,BONUS 1:1                
EQ,PRIMESECU,Prime Securities Limited, ,21/06/2024,27/06/2024,20/06/2024, , ,AGM/DIV - 1 RS PER SH    
EQ,SWARAJENG,Swaraj Engines Ltd, ,29/06/2024,05/07/2024,28/06/2024, , ,DIV - RS 95 PER SH       
EQ,SPLPETRO,Supreme Petrochem Limited, ,28/06/2024,04/07/2024,27/06/2024, , ,AGM/DIV - RS 7 PER SH    
EQ,WELSPUNLIV,Welspun India Limited, ,27/06/2024,28/06/2024,26/06/2024, , ,AGM/DIV-RE 0.10 PER SH   
EQ,VAIBHAVGBL,Vaibhav Gems Limited, ,29/06/2024,29/06/2024,28/06/2024, , ,AGM/DIV-RS 1.50 PER SH   
EQ,TITAN,Titan Company Limited, ,28/06/2024,12/07/2024,27/06/2024, , ,AGM/DIV - RS 11 PER SH   
EQ,BANKBARODA,Bank of Baroda, ,29/06/2024,05/07/2024,28/06/2024, , ,AGM/DIV-RS 7.60 PER SH   
GS,669GS2024,GOI LOAN  6.69% 2024,25/06/2024, , , , , ,REDEMPTION               
GS,83GS2042,GOI LOAN 8.30% 2042,29/06/2024, , ,28/06/2024, , ,INTEREST PAYMENT         
GS,GS020724C,GOI STRIPS C 020724,29/06/2024, , , , , ,REDEMPTION               
GS,679GS2029,GOI LOAN 6.79% 2029,25/06/2024, , ,25/06/2024, , ,INTEREST PAYMENT         
GS,GS300624C,GOI STRIPS C 300624,27/06/2024, , , , , ,REDEMPTION               
GS,84GS2024,GOI LOAN 8.40% 2024,24/07/2024, , , , , ,REDEMPTION               
M5,DHANILOANS,Sec Re NCD 10.49% Sr.VII,25/06/2024, , ,25/06/2024, , ,INTEREST PAYMENT         
N1,CREDITACC,Sec Re NCD 9.45% Sr. I,01/07/2024, , ,01/07/2024, , ,INTEREST PAYMENT         
N1,SDIP,Summit Dig 7.89% 2029,25/06/2024, , ,25/06/2024, , ,INTEREST PAYMENT         
N3,CREDITACC,Sec Re NCD 9.60% Sr. III,01/07/2024, , ,01/07/2024, , ,INTEREST PAYMENT         
N3,TATACAPHSG,Sec Red NCD 7.92% Sr.II,28/06/2024, , ,28/06/2024, , ,INTEREST PAYMENT         
N4,TATACAPHSG,Sec Red NCD 8.01% Sr.II,28/06/2024, , ,28/06/2024, , ,INTEREST PAYMENT         
N7,TATACAPHSG,Sec Red NCD 8.01% Sr.IV,28/06/2024, , ,28/06/2024, , ,INTEREST PAYMENT         
N8,TATACAPHSG,Sec Red NCD 8.10% Sr.IV,28/06/2024, , ,28/06/2024, , ,INTEREST PAYMENT         
N9,NAVIFIN,Sec Re NCD 10.00% Sr. I,28/06/2024, , ,28/06/2024, , ,INTEREST PAYMENT         
NA,NAVIFIN,Sec Re NCD 10.40% Sr.II,28/06/2024, , ,28/06/2024, , ,INTEREST PAYMENT         
NC,NAVIFIN,Sec Re NCD 10.65% Sr.IV,28/06/2024, , ,28/06/2024, , ,INTEREST PAYMENT         
SG,503KL24,SDL KL 5.03% 2024,19/07/2024, , , , , ,REDEMPTION               
SG,505RJ24,SDL RJ 5.05% 2024,25/07/2024, , , , , ,REDEMPTION               
SM,SHREEOSFM,Shree OSFM E-Mobility Ltd, ,22/06/2024,29/06/2024,21/06/2024, , ,EGM                      
SM,INNOVATIVE,Innovative Tyres & Tubes,26/06/2024, , , , , ,CAPITAL REDUCTION        
SQ,SHREEOSFM,Shree OSFM E-Mobility Ltd, ,22/06/2024,29/06/2024,21/06/2024, , ,EGM                      
SQ,INNOVATIVE,Innovative Tyres & Tubes,26/06/2024, , , , , ,CAPITAL REDUCTION        
ST,INNOVATIVE,Innovative Tyres & Tubes,26/06/2024, , , , , ,CAPITAL REDUCTION        
ST,SHREEOSFM,Shree OSFM E-Mobility Ltd, ,22/06/2024,29/06/2024,21/06/2024, , ,EGM                      
U1,CREDITACC,Sec Re NCD 9.45% Sr. I,01/07/2024, , ,01/07/2024, , ,INTEREST PAYMENT         
U1,SDIP,Summit Dig 7.89% 2029,25/06/2024, , ,25/06/2024, , ,INTEREST PAYMENT         
U3,TATACAPHSG,Sec Red NCD 7.92% Sr.II,28/06/2024, , ,28/06/2024, , ,INTEREST PAYMENT         
U3,CREDITACC,Sec Re NCD 9.60% Sr. III,01/07/2024, , ,01/07/2024, , ,INTEREST PAYMENT         
U4,TATACAPHSG,Sec Red NCD 8.01% Sr.II,28/06/2024, , ,28/06/2024, , ,INTEREST PAYMENT         
U7,TATACAPHSG,Sec Red NCD 8.01% Sr.IV,28/06/2024, , ,28/06/2024, , ,INTEREST PAYMENT         
U8,TATACAPHSG,Sec Red NCD 8.10% Sr.IV,28/06/2024, , ,28/06/2024, , ,INTEREST PAYMENT         
U9,NAVIFIN,Sec Re NCD 10.00% Sr. I,28/06/2024, , ,28/06/2024, , ,INTEREST PAYMENT         
UA,NAVIFIN,Sec Re NCD 10.40% Sr.II,28/06/2024, , ,28/06/2024, , ,INTEREST PAYMENT         
UC,NAVIFIN,Sec Re NCD 10.65% Sr.IV,28/06/2024, , ,28/06/2024, , ,INTEREST PAYMENT         
Y5,DHANILOANS,Sec Re NCD 10.49% Sr.VII,25/06/2024, , ,25/06/2024, , ,INTEREST PAYMENT         

