GAIN_LOSS,SECURITY,CLOSE_PRIC,PREV_CL_PR,PERCENT_CG
 ,Nifty 50 Sec., , , 
 , , , , 
G,SHRIRAM FINANCE LIMITED,      2989.85,      2882.25,3.73
G,AXIS BANK LIMITED,      1271.45,      1228.10,3.53
G,ICICI BANK LTD.,      1197.95,      1170.10,2.38
G,HDFC BANK LTD,      1711.35,      1672.40,2.33
G,HDFC LIFE INS CO LTD,       590.95,       579.50,1.98
G,TECH MAHINDRA LIMITED,      1427.75,      1401.70,1.86
G,LARSEN & TOUBRO LTD.,      3587.80,      3531.60,1.59
G,WIPRO LTD,       496.85,       490.55,1.28
G,STATE BANK OF INDIA,       842.25,       832.70,1.15
G,BRITANNIA INDUSTRIES LTD,      5352.05,      5297.75,1.02
G,BAJAJ FINSERV LTD.,      1603.35,      1587.65,.99
G,INFOSYS LIMITED,      1541.95,      1527.15,.97
G,RELIANCE INDUSTRIES LTD,      2908.30,      2882.95,.88
G,SUN PHARMACEUTICAL IND L,      1505.20,      1494.50,.72
G,SBI LIFE INSURANCE CO LTD,      1462.00,      1452.75,.64
G,APOLLO HOSPITALS ENTER. L,      6295.35,      6259.55,.57
G,TATA CONSULTANCY SERV LT,      3838.45,      3816.80,.57
G,ULTRATECH CEMENT LIMITED,     10846.20,     10786.00,.56
G,KOTAK MAHINDRA BANK LTD,      1781.90,      1772.55,.53
G,HCL TECHNOLOGIES LTD,      1447.95,      1440.85,.49
G,DIVI S LABORATORIES LTD,      4539.30,      4519.55,.44
G,DR. REDDY S LABORATORIES,      6078.40,      6054.95,.39
G,INDUSIND BANK LIMITED,      1495.55,      1490.40,.35
G,LTIMINDTREE LIMITED,      5123.85,      5111.20,.25
G,GRASIM INDUSTRIES LTD,      2516.95,      2515.10,.07
G,HINDALCO  INDUSTRIES  LTD,       685.50,       685.25,.04
G,ITC LTD,       423.30,       423.30,0
 , , , , 
L,BHARAT PETROLEUM CORP  LT,       296.30,       305.25,-2.93
L,EICHER MOTORS LTD,      4775.05,      4870.90,-1.97
L,POWER GRID CORP. LTD.,       327.40,       332.95,-1.67
L,ASIAN PAINTS LIMITED,      2858.45,      2896.05,-1.3
L,TATA STEEL LIMITED,       175.68,       177.96,-1.28
L,OIL AND NATURAL GAS CORP.,       267.00,       269.90,-1.07
L,COAL INDIA LTD,       469.25,       473.70,-0.94
L,BAJAJ AUTO LIMITED,      9659.95,      9745.25,-0.88
L,ADANI ENTERPRISES LIMITED,      3171.10,      3194.60,-0.74
L,TATA CONSUMER PRODUCT LTD,      1094.60,      1101.95,-0.67
L,JSW STEEL LIMITED,       929.90,       935.35,-0.58
L,NESTLE INDIA LIMITED,      2515.45,      2530.05,-0.58
L,MARUTI SUZUKI INDIA LTD.,     12116.60,     12183.40,-0.55
L,NTPC LTD,       360.85,       362.75,-0.52
L,HINDUSTAN UNILEVER LTD.,      2432.20,      2442.20,-0.41
L,BHARTI AIRTEL LIMITED,      1414.95,      1419.80,-0.34
L,TATA MOTORS LIMITED,       955.00,       958.05,-0.32
L,CIPLA LTD,      1499.70,      1504.40,-0.31
L,TITAN COMPANY LIMITED,      3402.45,      3412.35,-0.29
L,ADANI PORT & SEZ LTD,      1456.15,      1460.25,-0.28
L,HERO MOTOCORP LIMITED,      5510.00,      5524.45,-0.26
L,MAHINDRA & MAHINDRA LTD,      2909.40,      2915.80,-0.22
L,BAJAJ FINANCE LIMITED,      7074.45,      7081.85,-0.1
 , , , , 
 ,Nifty Next 50 Sec., , , 
 , , , , 
G,SAMVRDHNA MTHRSN INTL LTD,       192.89,       188.28,2.45
G,BOSCH LIMITED,     33817.95,     33015.50,2.43
G,ZOMATO LIMITED,       202.27,       198.92,1.68
G,JIO FIN SERVICES LTD,       359.05,       355.35,1.04
G,PIDILITE INDUSTRIES LTD,      3138.60,      3107.10,1.01
G,HINDUSTAN AERONAUTICS LTD,      5371.65,      5325.05,0.88
G,INFO EDGE (I) LTD,      6648.60,      6594.10,0.83
G,VARUN BEVERAGES LIMITED,      1588.85,      1578.25,0.67
G,ICICI LOMBARD GIC LIMITED,      1780.30,      1771.50,0.5
G,SBI CARDS & PAY SER LTD,       732.00,       729.95,0.28
G,HAVELLS INDIA LIMITED,      1916.85,      1911.85,0.26
G,GAIL (INDIA) LTD,       213.15,       212.65,0.24
G,BANK OF BARODA,       280.65,       280.60,0.02
G,REC LIMITED,       521.55,       521.50,0.01
 , , , , 
L,ADANI TOTAL GAS LIMITED,       889.50,       911.75,-2.44
L,VEDANTA LIMITED,       454.05,       463.35,-2.01
L,INTERGLOBE AVIATION LTD,      4233.50,      4315.65,-1.9
L,DLF LIMITED,       824.65,       840.45,-1.88
L,ADANI POWER LTD,       725.30,       738.45,-1.78
L,INDIAN RAIL TOUR CORP LTD,       995.10,      1010.25,-1.5
L,AMBUJA CEMENTS LTD,       648.80,       657.75,-1.36
L,BAJAJ HOLDINGS & INVS LTD,      8611.55,      8724.80,-1.3
L,MARICO LIMITED,       615.05,       623.05,-1.28
L,INDIAN OIL CORP LTD,       164.37,       166.30,-1.16
L,TATA POWER CO LTD,       430.75,       435.60,-1.11
L,SRF LTD,      2393.85,      2420.25,-1.09
L,DABUR INDIA LTD,       593.35,       599.75,-1.07
L,TRENT LTD,      5338.80,      5395.75,-1.06
L,AVENUE SUPERMARTS LIMITED,      4783.35,      4833.70,-1.04
L,TVS MOTOR COMPANY  LTD,      2414.70,      2439.70,-1.02
L,ADANI GREEN ENERGY LTD,      1797.10,      1812.35,-0.84
L,ICICI PRU LIFE INS CO LTD,       600.35,       605.40,-0.83
L,POWER FIN CORP LTD.,       483.70,       487.75,-0.83
L,ZYDUS LIFESCIENCES LTD,      1071.75,      1080.35,-0.8
L,ABB INDIA LIMITED,      8399.65,      8465.30,-0.78
L,LIFE INSURA CORP OF INDIA,      1007.65,      1015.45,-0.77
L,PUNJAB NATIONAL BANK,       124.13,       125.07,-0.75
L,INDIAN RAILWAY FIN CORP L,       175.61,       176.87,-0.71
L,JINDAL STEEL & POWER LTD,      1064.05,      1070.90,-0.64
L,BERGER PAINTS (I) LTD,       500.05,       502.80,-0.55
L,SIEMENS LTD,      7560.00,      7593.95,-0.45
L,GODREJ CONSUMER PRODUCTS,      1375.50,      1380.80,-0.38
L,SHREE CEMENT LIMITED,     27217.55,     27318.80,-0.37
L,TORRENT PHARMACEUTICALS L,      2830.45,      2840.45,-0.35
 , , , , 
 ,OTHER SECURITIES, , , 
 , , , , 
G,SOMI CONVEYOR BELT. LTD.,       196.32,       163.60,20
G,LEXUS GRANITO (INDIA) LTD,        48.18,        40.15,20
G,ANLON TECHNOLOGY SOL LTD,       574.30,       478.60,20
G,JINDAL PHOTO LIMITED,       845.55,       704.65,20
G,RULKA ELECTRICALS LIMITED,       532.35,       443.65,19.99
G,SLONE INFOSYSTEMS LIMITED,       159.65,       133.05,19.99
G,BOND 8.37% TAX FREE S3A,     10666.00,      8889.00,19.99
G,QMS MEDICAL ALLIED S LTD,       133.80,       111.70,19.79
G,MEGATHERM INDUCTION LTD,       463.25,       387.55,19.53
G,BOND 8.62% TAX FREE S3B,      1290.00,      1080.00,19.44
G,AMARA RAJA ENERGY MOB LTD,      1646.20,      1380.05,19.29
G,AARTI SURFACTANTS LIMITED,       255.00,       219.50,16.17
G,PEARL GLOBAL IND LIMITED,       756.45,       654.45,15.59
G,INFOLLION RESEARCH SER L,       258.40,       225.00,14.84
G,BOROSIL SCIENTIFIC LTD,       196.70,       173.05,13.67
G,CRAFTSMAN AUTOMATION LTD,      5463.80,      4830.75,13.1
G,CORAL INDIA FIN & HOUS LT,        51.60,        45.93,12.34
G,ESSEN SPECIALITY FILMS L,       166.50,       148.50,12.12
G,JIND POL INV & FIN CO LTD,       901.05,       808.05,11.51
G,BLACK BOX LIMITED,       289.66,       260.63,11.14
G,GARDEN REACH SHIP&ENG LTD,      1946.05,      1753.10,11.01
G,GULF OIL LUB. IND. LTD.,      1150.45,      1037.40,10.9
G,ATUL AUTO LIMITED,       603.65,       545.40,10.68
G,SAAKSHI MEDTEC N PANELS L,       330.75,       299.15,10.56
G,PNB GILTS LIMITED,       135.27,       122.41,10.51
G,MOHIT INDUSTRIES LTD,        34.50,        31.24,10.44
G,PIX TRANSMISSIONS LIMITED,      1489.95,      1353.45,10.09
G,RACHANA INFRA LTD,        59.95,        54.50,10
G,AIMTRON ELECTRONICS LTD,       521.95,       474.50,10
G,SPECTRUM ELECTRIC IND LTD,      2445.10,      2222.85,10
 , , , , 
L,TAX FREE 7.39% SR. IIA,      1082.50,      1238.00,-12.56
L,HAPPIEST MINDS TECHNO LTD,       830.55,       917.35,-9.46
L,SEC RE NCD 8.89% SR.VIII,       970.00,      1060.00,-8.49
L,ARIHANT ACADEMY LIMITED,       122.15,       132.90,-8.09
L,SILKFLEX POLYMERS INDIA L,        61.75,        66.65,-7.35
L,GEOJIT FINANCIAL SER L,       104.83,       112.50,-6.82
L,BASILIC FLY STUDIO LTD,       400.35,       428.75,-6.62
L,SMC GLOBAL SECURITIES LTD,       160.97,       171.74,-6.27
L,ORIENTAL TRIMEX LTD,        10.30,        10.98,-6.19
L,LGB FORGE LIMITED,        13.20,        14.07,-6.18
L,ROSSELL INDIA LIMITED,       517.30,       551.30,-6.17
L,ARMAN FIN SERV LTD,      2176.40,      2312.20,-5.87
L,INNOVATIVE TYRES & TUBES,         5.65,         6.00,-5.83
L,2.50%GOLDBONDS 2025 SR-X,      7290.00,      7740.00,-5.81
L,MAXPOSURE LIMITED,        87.25,        92.50,-5.68
L,KAYA LIMITED,       473.10,       500.95,-5.56
L,SEC RE NCD 10.50% SR 6,       965.00,      1020.00,-5.39
L,VIKAS LIFECARE LIMITED,         5.34,         5.64,-5.32
L,CAMBRIDGE TECH ENTER LTD,       111.73,       117.91,-5.24
L,SPECTRUM TALENT MGMT LTD,       121.25,       127.95,-5.24
L,SUMMIT SECURITIES LTD,      1748.20,      1842.60,-5.12
L,SUUMAYA INDUSTRIES LTD,         5.76,         6.07,-5.11
L,INCREDIBLE INDUSTRIES LTD,        44.02,        46.38,-5.09
L,VARDHMAN HOLDINGS LIMITED,      3861.40,      4067.85,-5.08
L,PVP VENTURES LIMITED,        25.75,        27.11,-5.02
L,SAMPANN UTPADAN INDIA LTD,        33.94,        35.73,-5.01
L,ALUWIND ARCHITECTURAL LTD,        71.15,        74.90,-5.01
L,KARMA ENERGY LIMITED,        60.36,        63.54,-5
L,A B COTSPIN INDIA LIMITED,       259.35,       273.00,-5
L,MASTER COMPONENTS LIMITED,       316.40,       333.05,-5
