SECURITY,NEW,PREVIOUS,NEW_STATUS
21ST CENTURY MGMT SERVICE,62.75,61.52,H
BHARTIYA INETRNATIONAL LT,475,474.5,H
SANDESH LTD,1776.6,1639,H
SUPRAJIT ENGINEERING LTD,530,527,H
V2 RETAIL LIMITED,745,735.65,H
NAGA DHUNSERI GROUP LTD,3760,3134,H
PASHUPATI COTSPIN LIMITED,471.85,449.4,H
SBIAMC - SBIETFPB,265.87,265.7,H
NIPPON L I A M LTD,678.3,674.8,H
A2Z INFRA ENGINEERING LTD,24.57,23.95,H
INDIA SHELTER FIN CORP L,762,746.15,H
JSW INFRASTRUCTURE LTD,330,325.25,H
MIRAEAMC - MAESGETF,39.92,39.86,H
MIRAEAMC - SMALLCAP,51.7,51.5,H
PRAMARA PROMOTIONS LTD,183.15,174.45,H
SURAJ ESTATE DEVELOPERS L,458,455.65,H
ATMASTCO LIMITED,327.6,312,H
TBO TEK LIMITED,1907.45,1764.3,H
UNS RED NCD 9.15% SR.IX,1005,1000,H
HEC INFRA PROJECTS LTD,125.09,119.14,H
AVONMORE CAP&MGT SERV LTD,137.9,136.9,H
SEC RE NCD 8.75% SR.III,999.7,991,H
SEC RE NCD SR.VI,1090,1088,H
GP ECO SOLUTIONS INDIA L,413.4,393.75,H
IFB INDUSTRIES LTD,1725.5,1720.25,H
PNB GILTS LIMITED,140.68,128.45,H
KALYANI INVEST CO LTD,6499.95,5926.95,H
QUANTUM NIFTY 50 ETF,2643.85,2542.5,H
GANESHA ECOSPHERE LIMITED,1429.9,1369,H
GARDEN REACH SHIP&ENG LTD,2065,1903.5,H
SHRADHA INFRAPROJECTS LTD,160.28,86.75,H
2.50%GOLDBONDS2029SR-XII,7450,7400,H
GKW LIMITED,2924.9,2785.65,H
CRAFTSMAN AUTOMATION LTD,5690,5513.65,H
MEGATHERM INDUCTION LTD,465.05,447.4,H
K2 INFRAGEN LIMITED,290.2,263.85,H
SPECTRUM ELECTRIC IND LTD,2445.1,2240.85,H
8.30% TAX FREE NCD,1139,1129.49,H
ANLON TECHNOLOGY SOL LTD,574.3,503,H
SLONE INFOSYSTEMS LIMITED,159.65,133.05,H
BOND 8.62% TAX FREE S3B,1290,1289,H
EMUDHRA LIMITED,915.9,913.75,H
SAMPANN UTPADAN INDIA LTD,36.78,35.75,H
GOI TBILL 91D-08/08/24,99.15,99.1,H
TAINWALA CHEMICAL AND PLA,198,188.89,H
BANNARI AMMAN SUGARS LTD,3399,3324.85,H
CUMMINS INDIA LTD,4171.9,4100,H
NALWA SONS INVESTMENT LTD,4523.4,4173.65,H
BRIGADE ENTER. LTD,1453.1,1451.95,H
D-LINK INDIA LTD,498,493.5,H
NCC LIMITED,337.6,336.7,H
SBI-ETF NIFTY BANK,534.6,534.5,H
CHOLAMANDALAM FIN HOL LTD,1330,1315,H
MINDA CORPORATION LTD,500.95,498,H
GOKUL AGRO RESOURCES LTD,180.9,179.75,H
SHAKTI PUMPS (I) LTD,3595,3467.85,H
RATNAVEER PRECISION ENG L,156.7,154,H
MIC ELECTRONICS LTD,71.05,67.67,H
MIRAEAMC - MAFSETF,24.09,23.62,H
2.5%GOLDBONDS2029SR-II,7449,7448.48,H
9.90 % SRNCD SR VI,1050,1049.4,H
AVP INFRACON LIMITED,160,156.95,H
GPT INFRAPROJECTS LTD,285,281.26,H
SEC RE NCD 0% SR.IV,1236.05,1232,H
GOI TBILL 364D-22/08/24,98.55,98.38,H
GOI LOAN  7.02% 2031,100.7,100.4,H
GOI TBILL 182D-19/12/24,96,91.86,H
SWARAJ ENGINES LTD,3157.4,3132,H
JIND POL INV & FIN CO LTD,969.65,844.4,H
KALYANI FORGE LIMITED,653.95,573.3,H
ROSSELL INDIA LIMITED,571,564.6,H
GULF OIL LUB. IND. LTD.,1166,1120,H
PILANI INV & IND COR LTD,4966.6,4804.05,H
GOI TBILL 182D-01/08/24,99.28,99.1,H
KOTAKMAMC-KOTAKBKETF,539.63,532.9,H
SKY GOLD LIMITED,1605,1528.6,H
SANSERA ENGINEERING LTD,1342.55,1330.65,H
GOI TBILL 91D-19/07/24,99.5,99.45,H
ASPIRE & INNOVATIVE ADV L,123.5,115.7,H
ATLANTAA LIMITED,45.51,44.62,H
TRIDENT TECHLABS LIMITED,855.65,814.95,H
UDAYSHIVAKUMAR INFRA LTD,88.5,81.99,H
E FACTOR EXPERIENCES LTD,252.95,233.9,H
PREMIER ROADLINES LIMITED,146.95,144,H
ZODIAC ENERGY LIMITED,640.55,610.05,H
RULKA ELECTRICALS LIMITED,532.35,510,H
GOI TBILL 364D-12/06/25,93.61,93.59,H
BOROSIL SCIENTIFIC LTD,207.65,182.8,H
TRENT LTD,5459,5452,H
EIMCO ELECON (INDIA) LTD,2497.8,2430,H
JINDAL PHOTO LIMITED,845.55,821.15,H
JUBILANT INDUSTRIES LTD,1698.15,1655.05,H
THANGAMAYIL JEWELLERY LTD,1759.95,1734,H
DIGICONTENT LIMITED,33.85,27.3,H
GOI TBILL 364D-08/08/24,99,98.99,H
OWAIS METAL & MINERAL,1500.05,1428.65,H
AMARA RAJA ENERGY MOB LTD,1656.05,1538.6,H
TEERTH GOPICON LIMITED,528.15,503,H
SEC RED NCD SR.IX,1561,1560,H
KAVVERI TEL. LTD.,20.33,19.94,H
SEC RE NCD 9.15% SR.VIII,970,949.5,H
SEC RE NCD SR III,1031.66,1029,H
BOND 8.37% TAX FREE S3A,10666,10200,H
VADIVARHE SPCLTY CHEM LTD,54.35,51.8,H
TECHNO ELEC & ENG CO. LTD,1582.1,1529.45,H
GOI LOAN  7.02% 2027,100.8,100.6,H
AVSL INDUSTRIES LIMITED,184,176.3,H
GOI TBILL 364D-05/06/25,93.95,93.63,H
Z-TECH (INDIA) LIMITED,227.15,216.35,H
ASAHI INDIA GLASS LIMITED,722,718,H
EXIDE INDUSTRIES LTD,620.35,576.85,H
GABRIEL INDIA LTD,480.4,445.85,H
KIRLOSKAR OIL ENG LTD,1435,1429.65,H
H.G.INFRA ENGINEERING LTD,1869.9,1867.95,H
SOMI CONVEYOR BELT. LTD.,196.32,176.88,H
GOI LOAN 8.30% 2040,115.9,115.5,H
SAAKSHI MEDTEC N PANELS L,348.9,299.15,H
JAY JALARAM TECHNO LTD,689.95,678.5,H
KAYNES TECHNOLOGY IND LTD,4072,4030,H
KODY TECHNOLAB LIMITED,3629.3,3456.5,H
LCC INFOTECH LTD,3.68,3.61,H
SRNCD SR VII,2425,2423.8,H
DIAMOND POWER INFRA LTD,1220,1196.1,H
DSPAMC - LIQUIDADD,1016.64,1016.46,H
EMS LIMITED,605.95,599.75,H
GOI TBILL 364D-18/07/24,99.56,99.54,H
TANTIA CONSTRUCTIONS LTD,59.1,56.29,H
TAX FREE7.39% SR.IB,1044.94,1044,H
GOI TBILL 364D-08/05/25,93.85,93.82,H
GOI TBILL 364D-11/07/24,99.7,99.68,H
FINOLEX CABLES LTD,1700,1635,H
APAR INDUSTRIES LTD.,8849,8740,H
FOSECO INDIA LTD,4299.9,4285,H
PG ELECTROPLAST LTD,3380,3325,H
WINDSOR MACHINES LIMITED,169.54,165,H
TATAAML - NPBET,269.37,267,H
POLYCAB INDIA LIMITED,7331.45,7293.3,H
GARWARE HI-TECH FILMS LTD,2242,2200,H
GOI TBILL 364D-19/12/24,96.69,96.56,H
GOI TBILL 364D-26/12/24,96.56,96.47,H
SENCO GOLD LIMITED,1078,1069.4,H
SHRIRAM FINANCE LIMITED,3000,2890,H
SIGNATUREGLOBAL INDIA LTD,1488.8,1439,H
SKIPPER RE.0.25 PPD UP,225,224.95,H
SAMVRDHNA MTHRSN INTL LTD,194.58,190.1,H
NAVA LIMITED,777,762.8,H
NIP IND ETF ETF NV20,147.9,147.72,H
AUSTRALIAN PREM SOLAR I L,487.35,465.45,H
ABS MARINE SERVICES LTD,375.9,343.35,H
ENSER COMMUNICATIONS LTD,199.6,190.1,H
ESCONET TECHNOLOGIES LTD,245.75,238,H
PURAVANKARA LIMITED,476.6,462.4,H
AMEYA PRECISION ENG LTD,133.05,126.75,H
SEC RE NCD 9.39% SR.VIII,925,919.8,H
TEAMO PRODUCTIONS HQ LTD,1.38,1.32,H
TBI CORN LIMITED,389.85,354.45,H
VILAS TRANSCORE LIMITED,513.85,497,H
RAYMOND LTD,2830,2695,H
SUNDRAM FASTENERS LTD,1364.15,1358.9,H
SUMMIT SECURITIES LTD,1878.65,1855.9,H
INDIA TOUR. DEV. CO. LTD.,919.95,878.95,H
2.50%GOLDBONDS2025SR-XIII,7469.89,7468,H
TRANSWARRANTY FIN. LTD.,23.53,23.07,H
GOI TBILL 182D-08/08/24,99.09,98.95,H
GOI TBILL 364D-05/12/24,96.97,96.61,H
KANDARP DG SMART BPO LTD,33.95,33.9,H
KOTAKMAMC - KOTAKMID50,159.88,159.6,H
UDAIPUR CEMENT WORKS LTD,47,43.91,H
SRI ADHIKARI BRO TELE N L,228.46,223.99,H
GOI TBILL 182D-28/11/24,97,96.8,H
SEC RE NCD 10.25% SR XII,998,997,H
AIMTRON ELECTRONICS LTD,521.95,474.5,H
SEC RE NCD 9.30% SR.IV,1014.75,1001.34,H
GOI TBILL 91D-12/09/24,98.43,98.42,H
BARODABNP - BBNPNBETF,52.43,51.7,H
CADSYS (INDIA) LIMITED,216.3,226.4,L
SEC RE NCD 8.5% SR.III,935,943.8,L
DSJ KEEP LEARNING LTD,2.76,2.82,L
ATAL REALTECH LIMITED,8.07,8.24,L
DOCMODE HEALTH TECH LTD,128,128.35,L
MEP INFRA. DEVELOPERS LTD,8.6,8.78,L
FUTURE SUPP CHAIN SOL LTD,3.56,3.73,L
GLOBAL EDUCATION LIMITED,177.9,179,L
IRIS BUSINESS SERV LTD,202.72,206.86,L
GOI LOAN  7.02% 2031,98.75,99,L
TIMESCAN LOGISTICS IND L,57.95,61,L
FILATEX FASHIONS LIMITED,8.1,8.42,L
SEC RED NCD 9% SR.V,1000,1003.5,L
ABAN OFFSHORE LTD.,63.1,64.34,L
BHARAT ROAD NETWORK LTD,47.2,47.98,L
PALRED TECHNOLOGIES LTD,110.71,112.97,L
BAWEJA STUDIOS LIMITED,84,84.85,L
SUUMAYA INDUSTRIES LTD,5.76,6.07,L
SEC RE NCD 10.50% SR 6,965,982,L
TBI CORN LIMITED,330,340.35,L
BODHI TREE MULTIMEDIA LTD,13.24,13.29,L
DJ MEDIAPRINT & LOG LTD,343,349.75,L

