SYMBOL,SYMBOL P/E,ADJUSTED P/E
ADROITINFO,13.02,13.02
JAICORPLTD,124.85,124.85
MAHAPEXLTD,.56,36.46
ASAHIINDIA,54.36,54.36
KOTHARIPRO,21.31,21.31
SOUTHBANK,6.74,6.74
ITDCEM,32.97,32.97
CYIENT,29.55,27.63
CYBERTECH,23.41,23.41
GOACARBON,8.91,8.91
SANGHVIMOV,25.49,25.49
RSSOFTWARE,32.4,32.4
NATIONALUM,16.94,20.05
ALEMBICLTD,31.79,31.79
BSOFT,30.33,30.33
STAR,319.91,37.32
ZYDUSLIFE,28.37,28.32
RAJESHEXPO,25.2,25.2
NRBBEARING,13.58,36.93
AJANTPHARM,35.93,35.93
CALSOFT,42.47,42.47
PNBGILTS,31.75,34.48
NLCINDIA,17.36,17.36
USHAMART,29.42,29.42
MRO-TEK,44.1,44.1
TRIDENT,56.12,56.14
GODREJCP,,75.34
BHARTIARTL,138.15,88.28
APTECHT,45.25,38.89
OFSS,38.22,38.22
DIVISLAB,74.99,74.99
BAGFILMS,22.12,22.12
WELSPUNLIV,21.09,21.09
IGL,20.23,20.23
UNIENTER,30.75,30.75
PTC,11.4,11.16
MAHABANK,11.53,11.53
EXCELINDUS,89.14,89.14
ULTRACEMCO,44.6,44.26
TEXINFRA,435.88,435.88
WELENT,17.57,17.57
KOTARISUG,17.06,17.06
INDOCO,31.19,33.24
PATELENG,19.12,25.3
JINDALPHOT,47.15,47.15
GOKEX,48.22,48.22
SHOPERSTOP,107.58,99.26
CYBERMEDIA,10.79,8.22
63MOONS,8.39,8.39
YESBANK,58.42,58.42
SPLIL,15.02,15.02
RML,475.3,13.12
FCSSOFT,,80.89
AURIONPRO,54.04,54.04
AIAENG,35.66,35.68
ORIENTCER,32.52,38.35
EKC,14.72,14.44
NITINSPIN,14.95,14.95
ENIL,32.34,33.41
GVKPIL,7.97,7.97
KEC,64.96,64.96
BLKASHYAP,40.99,40.99
SOLARINDS,103.6,103.6
KKCL,28.89,28.89
GPIL,16.71,16.95
EMKAY,13.83,13.83
BALPHARMA,25.3,25.3
RATNAMANI,41.25,41.25
ALLCARGO,40.01,52.62
EMAMILTD,43.22,42.93
TECHM,57.37,57.45
SELAN,32.04,32.04
ANANTRAJ,58.05,58.05
ALICON,16.09,16.09
GESHIP,6.55,6.55
LTFOODS,17,17
DONEAR,20.48,20.48
JINDRILL,15.92,15.92
HBLPOWER,52.59,48.93
PTL,24.55,24.55
GANDHITUBE,18.33,18.33
UNOMINDA,83.63,85.73
ORIENTBELL,7068.54,7068.54
FSL,28.97,28.97
SMSPHARMA,39.93,39.93
RAJTV,688.18,688.18
BALAMINES,32.88,32.88
NDLVENTURE,201.15,201.15
ZENITHSTL,17.68,17.68
INSECTICID,20.96,20.96
HGS,30.64,30.64
MOTILALOFS,15.79,15.79
MAGNUM,14.5,20.03
MAANALU,24.18,24.18
CERA,49.27,49.03
RGL,13.64,13.64
COLPAL,58.21,57.59
KALYANIFRG,51.02,51.02
TRIL,237.75,237.75
MANAKSIA,8.15,6.18
BIRLAMONEY,18.52,18.52
CORDSCABLE,34.63,34.63
HERCULES,52.03,52.03
SEPC,140.41,140.41
IRB,43.5,43.5
GSS,33.74,33.74
RECLTD,9.71,9.71
NESCO,18.26,18.26
TITAGARH,75.06,74.62
DIGISPICE,17.19,39.5
ALMONDZ,14.98,39.35
VINYLINDIA,35.41,35.41
ZFCVINDIA,74.64,74.64
JOCIL,105.22,105.22
ALKALI,120.22,100.14
TPHQ,23.28,23.28
MAWANASUG,13.44,13.44
MHRIL,83.74,83.74
NHPC,24.92,24.92
EXPLEOSOL,21.93,21.93
SUNTECK,125.42,125.42
SARDAEN,16.21,16.15
JSWENERGY,76.44,76.44
MMTC,184.06,261.11
NESTLEIND,97.66,98.02
EMMBI,19.15,19.15
UMESLTD,94.3,94.3
IMFA,11.32,11.32
BAJAJCON,24.5,24.5
ADFFOODS,36.11,36.11
CAREERP,12.7,12.7
RAMKY,12.51,12.51
JWL,84.17,84.17
OBEROIRLTY,36.15,36.15
SHAH,39.72,39.72
COALINDIA,9.11,9.11
PENIND,23.61,23.61
MOIL,37.66,37.66
RKDL,,317.54
SUMMITSEC,26.53,26.53
HINDMOTORS,28.54,28.54
LOVABLE,31.95,31.95
VADILALIND,21.44,21.44
VSTTILLERS,29.5,29.5
RUSHIL,21.45,21.45
WHEELS,39.04,39.04
RIIL,196.65,196.65
SHREDIGCEM,18.4,18.4
SMLISUZU,28.28,28.28
SUNDRMFAST,53.16,53.16
LAXMIMACH,46.61,46.61
PEL,,33.28
MAHSCOOTER,51.27,51.27
TRENT,141.67,229.89
KCP,11.18,11.16
JBCHEPHARM,49.26,49.26
IONEXCHANG,38.61,38.61
IFBIND,89.23,89.23
GNFC,21.42,21.42
GFLLIMITED,302.17,302.17
BHARATFORG,89.69,89.01
ARVIND,26.28,26.41
TATAMOTORS,10.24,10
LINDEINDIA,166.12,166.12
ESCORTS,45.47,45.47
ASHOKLEY,26.33,25.82
ZUARIIND,1.72,
TATASTEEL,,67.25
VEDL,22.86,34.26
RELIANCE,24.81,24.81
BATAINDIA,71.23,65.11
CARBORUNIV,74.37,74.37
DICIND,,116.99
MOTOGENFIN,112.75,112.75
RAMCOCEM,51.35,51.35
CENTURYTEX,116.98,44.19
TORNTPHARM,58.05,60.74
EPL,29.56,27.95
VLSFINANCE,3.26,3.26
BALRAMCHIN,17.57,17.57
AEGISLOG,42.05,42.05
BBOX,31.82,25.44
TATAELXSI,57,57
ASHIMASYN,7.55,7.55
ARE&M,27.97,27.97
BALKRISIND,42.34,42.34
RAJSREESUG,19.2,19.2
ONGC,6.31,6.16
TAINWALCHM,36.74,36.74
KPIL,36.94,36.94
JYOTISTRUC,82.28,82.28
BLUEDART,60.7,60.7
APCOTEXIND,43.02,43.02
KARURVYSYA,10.51,10.51
UFLEX,,13.14
THOMASCOOK,41.74,41.74
SIEMENS,115.77,115.77
VSTIND,20.89,20.89
TOKYOPLAST,107.79,107.79
IFCI,66.38,66.92
M&M,32.52,32.52
KABRAEXTRU,45.24,45.24
MODTHREAD,8.42,8.42
MANGLMCEM,39.41,39.41
POLYPLEX,37.01,37.01
EIHAHOTELS,35.17,35.17
SAIL,23.55,18.64
ABB,122.65,122.65
CANFINHOME,15.66,15.66
DCMSHRIRAM,34.97,34.97
COSMOFIRST,32.88,32.88
HEROMOTOCO,28.6,27.72
GMBREW,10.07,10.07
ITC,25.5,25.49
IOC,5.64,5.64
OSWALGREEN,159.16,159.16
HUHTAMAKI,7.22,28.22
RICOAUTO,49.1,46.93
MANINDS,23.92,23.92
SIYSIL,12.06,12.06
ONWARDTEC,26.54,26.54
NCC,27.51,26.75
SEAMECLTD,25.42,25.42
BBTC,7.3,7.06
BEPL,25.63,25.63
BANARBEADS,23.27,23.27
WSTCSTPAPR,5.82,5.82
PRUDMOULI,12.88,11.98
PRAJIND,44.2,44.2
EVERESTIND,100.83,148.85
TFCILTD,19.98,19.98
AGI,18.22,18.22
TATACONSUM,80.71,69.62
ZEEL,72.98,257.93
INDHOTEL,76.78,76.78
ORIENTHOT,49.77,49.77
3MINDIA,73.7,73.7
SCHAEFFLER,80.86,80.56
MFSL,86.85,86.85
SURYAROSNI,20.29,20.29
SAKHTISUG,3.95,
HINDZINC,35.91,35.91
GRASIM,16.84,16.18
FINCABLES,40,46.91
HEUBACHIND,27.87,27.87
CESC,13.93,16.97
BAJFINANCE,30.35,30.35
NAVA,8.69,9.48
CORALFINAC,8.91,8.91
AUTOAXLES,18.87,18.87
DALMIASUG,12.64,12.64
KHAITANLTD,29.34,29.34
ANDHRSUGAR,29.64,28.37
STARPAPER,6.33,6.18
AUSOMENT,15.37,15.37
JAYAGROGN,17.3,17.3
SILINV,21.18,21.18
SANGAMIND,48.74,42.56
STERTOOLS,24.81,24.94
HITECHGEAR,15.8,44
SHRIRAMFIN,14.66,14.66
MIRZAINT,51.82,51.82
DYNAMATECH,42.64,81.66
ALKYLAMINE,72.37,72.37
RAMCOIND,30.83,30.83
INDRAMEDCO,18.66,18.66
MADRASFERT,314.21,31.26
ICICIBANK,18.29,18.29
THEINVEST,51.41,51.41
OPTIEMUS,53.52,53.52
SMSLIFE,38.1,38.1
GEEKAYWIRE,12.07,12.07
ABCAPITAL,19.87,19.87
CHOLAHLDNG,6.3,6.3
DPWIRES,27.33,27.33
DIAMONDYD,43.25,42.63
GATECHDVR,15.8,15.8
GODREJAGRO,39.47,39.47
IEX,47.93,47.93
TIINDIA,70,70.01
SECURCRED,10.64,10.64
5PAISA,29.82,29.82
SILVERTUC,60.02,60.02
DNAMEDIA,.51,
ONEPOINT,57.61,57.61
BCONCEPTS,68.89,68.89
NEWGEN,55.79,55.79
GALAXYSURF,31.46,31.46
SOUTHWEST,39.97,42.43
ASTERDM,64.66,
HINDCON,43.88,43.88
UNIINFO,78.59,78.59
SUNDARMHLD,31.67,31.67
URAVI,296.46,296.46
KAPSTON,31.47,31.47
MIDHANI,94.48,94.48
MMP,29.55,29.55
BSHSL,92.96,92.96
SOFTTECH,137.48,137.48
E2E,126.05,126.05
SIRCA,34.28,34.28
SVLL,85.58,85.58
WEL,121.07,121.07
CHEMCON,51.14,51.14
WESTLIFE,188.52,188.52
MAZDOCK,44.21,44.21
DCI,26.93,26.93
IIFLSEC,13.31,13.31
FLUOROCHEM,83.48,83.48
KUANTUM,7.73,7.73
CHEMBOND,18.99,18.99
SBICARD,28.83,28.83
SIGMA,22.25,22.25
EASEMYTRIP,72.98,44.14
PRINCEPIPE,41.51,45.08
PATANJALI,69.07,69.07
MAHEPC,262.56,203.95
POWERINDIA,300.31,300.31
KSOLVES,40.97,40.97
AARTISURF,27.59,27.59
NDRAUTO,29.72,29.72
PAVNAIND,53.61,53.61
UNIDT,46.78,46.78
ANGELONE,20.63,20.63
ROML,46.82,46.82
RAILTEL,64.52,67.06
HERANBA,42.85,42.85
FAIRCHEMOR,44.67,44.67
ISGEC,36.7,36.7
PAKKA,23.9,23.9
CARYSIL,38.28,38.28
FIBERWEB,15.41,15.41
SBCL,37.73,37.73
IPL,44.51,44.51
LODHA,98.33,92.61
UTKARSHBNK,11.51,11.51
CRAFTSMAN,30.33,30.33
EXXARO,188.94,188.94
KIMS,48.9,48.9
CLEAN,63.8,63.8
ABSLAMC,24.2,24.2
CARTRADE,55.01,55.01
SUPRIYA,26.5,26.5
AMIORG,116.41,52.56
VINEETLAB,54.68,54.68
BAJAJHCARE,,31.62
GRINFRA,12.79,15.94
STEELCAS,18.05,18.05
KPIGREEN,65.22,65.13
SGIL,41.53,41.53
CHENNPETRO,5.32,5.32
KRBL,11.32,11.32
GAEL,18.61,18.61
AXISCADES,71.24,71.24
TIPSINDLTD,45.19,45.19
HIKAL,60.68,60.68
ACLGATI,239.29,
UNITDSPR,67.06,66.57
MPSLTD,28.7,28.7
ASAL,79.94,79.94
PNB,16.53,16.53
SURANAT&P,38.37,38.37
UNIONBANK,7.88,7.88
GENESYS,110.51,110.51
UCOBANK,40.63,40.63
DREDGECORP,89.78,87.91
MUKANDLTD,23.71,23.71
POONAWALLA,19.57,28.65
DATAMATICS,18.36,18.36
APARINDS,41.21,41.21
NIITLTD,35.82,35.6
COFORGE,42.71,43.18
ASTRAMICRO,83.87,83.87
JSWSTEEL,25.01,26.38
SAKSOFT,31.57,31.57
WELCORP,15.34,15.34
PRIMESECU,37.43,37.43
GEOJITFSL,18.79,18.79
SASKEN,30.54,30.54
INSPIRISYS,40.11,40.11
TORNTPOWER,37.8,37.8
RUCHIRA,8.7,8.7
NFL,98.95,98.95
TANLA,23.25,23.25
SARLAPOLY,24.78,24.78
PITTIENG,36.03,36.03
CTE,41.49,41.49
REDINGTON,13.68,13.68
INDIANB,8.98,8.98
ICRA,38.42,38.42
BFUTILITIE,14.73,14.73
HILTON,33.41,33.41
TIMETECHNO,24.21,24.21
KPRMILL,37.86,37.86
CIEINDIA,26.76,26.76
KSCL,17.36,17.36
RELIGARE,22.63,47.55
LTF,19.4,19.4
BODALCHEM,154.18,154.18
FILATEX,23.03,23.03
TRITURBINE,69.23,69.23
JISLDVREQS,.94,.94
RUPA,31.96,30.75
KANANIIND,97.15,97.15
IRFC,35.96,35.96
RHIM,,51.71
SCHNEIDER,123.26,120.91
NBCC,70.82,53.64
TBZ,15.49,15.49
SWANENERGY,33.42,33.42
RTNINDIA,27.66,24.77
PROZONER,202.09,202.09
MAYURUNIQ,23.51,23.51
TVSHLTD,12.94,12.92
CARERATING,30.96,30.96
INDUSTOWER,15.17,15.17
ORIENTCEM,27.19,27.19
ORBTEXP,15.66,15.66
NATHBIOGEN,9.47,10.16
AGARIND,16.31,16.31
GULFOILLUB,16.56,16.56
SUPERHOUSE,20.88,20.88
MONTECARLO,20.27,20.27
LAMBODHARA,34.6,34.6
MOLDTKPAC,38.73,38.73
MENONBE,11,11
IMAGICAA,7.91,134.43
BYKE,70.35,70.35
VRLLOG,55.88,56.14
TPLPLASTEH,38.04,38.04
ALANKIT,24.27,24.27
SHYAMCENT,514.23,514.23
AYMSYNTEX,250.67,58.34
MUTHOOTCAP,4.24,100.56
NAVKARCORP,312.96,312.96
COFFEEDAY,,7
TTKHLTCARE,32.54,32.54
PILANIINVS,35.51,35.51
ALKEM,33.04,31.38
QUICKHEAL,116.71,116.71
NECCLTD,30.97,30.97
GOKULAGRO,19.2,19.2
PDMJEPAPER,10.84,10.84
HECPROJECT,24.75,24.75
SAGARDEEP,62.68,62.68
ARMANFIN,13.96,13.96
ASPINWALL,20.64,20.64
INCREDIBLE,36.34,36.34
MOLDTECH,27.39,27.39
QUESS,31.96,29.29
LLOYDSENGG,106.44,106.44
LTIM,33.02,33.02
MINDTECK,28.89,28.89
DBL,39.84,435.69
NDGL,13.46,13.46
BIGBLOC,53.92,53.92
MBAPL,80.9,80.9
CUPID,34.7,34.7
CROWN,59.79,59.79
MARATHON,22.24,22.24
JAIPURKURT,106.83,106.83
MASKINVEST,1276.83,1276.83
SAKAR,58.78,58.78
PANSARI,33.92,33.92
ARTNIRMAN,143.19,143.19
MAZDA,17.63,17.63
KINGFA,20,20
JETFREIGHT,305.18,
LAURUSLABS,137.61,137.61
ITDC,99.59,99.49
LIBAS,9.1,9.1
SPCENET,169.24,169.24
MAHESHWARI,13.75,13.75
BSE,48.32,99.15
MCL,82.36,82.36
STEELCITY,13.17,13.17
KRISHANA,44,44
SANGINITA,60.93,60.93
AKASH,306.31,306.31
DMART,124.05,124.05
AIRAN,28.85,28.85
ARIHANTSUP,20.31,20.31
NRAIL,6.99,6.99
CREATIVE,22.7,22.7
FOCUS,26.35,26.35
DEVIT,27.47,27.47
INFOBEAN,51.07,51.07
BHAGYANGR,7.54,7.54
ERIS,35.64,35.64
ACEINTEG,56.95,56.95
STEELXIND,154.14,154.14
MAGADSUGAR,9.29,9.29
TOTAL,143.21,143.21
VAISHALI,245.86,245.86
SERVOTECH,170.82,170.82
APEX,49.5,49.5
CAPACITE,22.59,22.59
WORTH,12.54,12.54
AARVI,18.23,18.23
AIROLAM,27.14,27.14
RKEC,12.75,12.75
JASH,44.29,44.29
TIRUPATIFL,39.99,39.99
DPABHUSHAN,44.71,44.71
NAM-INDIA,37.18,37.18
KHADIM,100.91,100.91
VERTOZ,173.41,173.41
ZODIAC,81.6,81.6
ICEMAKE,55.12,55.12
SHRADHA,15.44,15.44
TOUCHWOOD,50.7,50.71
AJOONI,40.81,40.81
SILLYMONKS,145.4,145.4
AMBER,97.63,97.63
SINTERCOM,319.4,319.4
ARVEE,255.26,255.26
GMMPFAUDLR,32.43,32.43
SARVESHWAR,49.52,49.52
MACPOWER,57.81,57.81
BDL,92.91,92.91
MITTAL,29.58,91.49
ISEC,14.25,14.25
LEMONTREE,64.36,64.36
AVG,21.43,35.57
AAKASH,19.89,19.89
GODHA,111.3,111.3
INDOSTAR,27.63,27.63
SONAMLTD,28.36,28.36
PRITI,20.16,20.16
ACCURACY,375.64,375.64
RITES,34.51,34.51
GANGAFORGE,193.46,197.67
REPL,22.4,22.4
HBSL,2.04,2.04
AVROIND,29.41,29.41
TEMBO,21.62,22.11
CREDITACC,15.52,15.52
AARON,43.27,43.27
SUMIT,23.19,23.19
LAGNAM,17.94,17.94
RPPL,30.56,30.56
AKG,48.33,48.33
IRCON,29.76,29.76
AHLADA,11.16,11.16
RAJMET,19.34,19.34
AAVAS,30.31,30.31
KSHITIJPOL,40.92,
GRSE,56.21,56.21
KRITIKA,50.52,50.52
SILGO,21.49,21.49
VINNY,28.94,28.94
BBTCL,31.91,31.91
MARINE,79.01,79.41
IRISDOREME,49.75,49.75
ATGL,154.36,154.36
UNIPARTS,19.45,19.45
SHRIRAMPPS,5.19,5.19
NILASPACES,27.7,27.7
AWHCL,13.33,13.33
RPSGVENT,12.75,12.75
MSTCLTD,29.5,29.5
OSIAHYPER,15.33,15.33
ANUP,37.1,37.1
ARVINDFASN,66.53,63.77
PAR,19.25,19.25
RVNL,59.11,59.11
POLYCAB,60.54,60.54
METROPOLIS,77.22,77.22
KPITTECH,73.66,73.66
NEOGEN,124.65,124.65
VIKASLIFE,67.71,39.16
EMAMIPAP,8.82,8.82
CONFIPET,25.95,25.95
PPL,12.49,12.49
DGCONTENT,31.04,31.04
INDIAMART,42.68,42.51
OAL,142.39,142.39
SATIA,6.15,6.15
AFFLE,62.11,62.11
SPANDANA,10.45,10.45
HNDFDS,62.48,62.48
UJJIVANSFB,6.91,6.91
IRCTC,72.74,70.04
SAFARI,57.47,57.47
360ONE,38.28,38.28
HPIL,123.67,123.67
VISHWARAJ,24.6,24.6
GREENPANEL,26.29,26.29
APOLLOPIPE,61.51,61.51
MGEL,16.77,16.77
ROUTE,28.26,29.32
HOMEFIRST,29.43,29.43
CSBBANK,10.57,10.57
EQUITASBNK,14.57,14.57
ROSSARI,34.39,34.39
HINDWAREAP,86.49,86.49
LIKHITHA,29.04,29.04
ARTEMISMED,49.48,49.48
SUMICHEM,65.95,65.95
ASALCBR,25.2,25.2
UNIVPHOTO,13.47,13.47
SUVENPHAR,59.28,59.28
STOVEKRAFT,57.05,57.05
RAJRATAN,41.69,41.69
HAPPSTMNDS,56.24,58.58
GLAND,38.89,38.89
BOROLTD,54.65,54.65
MAXHEALTH,82.51,82.51
AAATECH,44.56,44.56
KALYANKJIL,77.1,77.1
BTML,48.62,48.61
SHAREINDIA,14.05,14.02
SIGACHI,35.56,35.56
ADL,1828.63,1828.63
NIRAJ,21.65,14.62
CAMS,51.25,51.25
SURYODAY,9.52,9.52
UTIAMC,16.16,16.16
BECTORFOOD,59.4,59.4
ORCHPHARMA,61.59,61.59
INDIGOPNTS,43.84,43.84
LXCHEM,60.04,60.04
MTARTECH,103.42,103.42
ANURAS,50.75,50.75
KANPRPLA,292.72,292.72
STYLAMIND,22.13,21.99
CLSEL,9.53,9.53
SHAILY,63.98,63.98
MODISONLTD,18.13,22.79
BCLIND,15.75,15.68
BHAGCHEM,168,168
SMCGLOBAL,9.55,9.55
ARIHANTCAP,11.12,11.13
NAZARA,72.51,71.85
GENCON,22.36,22.36
HLEGLAS,77.39,72.24
SONACOMS,72.21,71.31
DRCSYSTEMS,32.45,32.45
PARAS,181.76,181.76
DODLA,37.2,37.2
JUBLINGREA,45.79,45.79
ROLEXRINGS,39.55,35.86
SHYAMMETL,17.17,17.17
TATVA,87.38,87.38
GLS,21.69,21.69
DEEPINDS,15.17,15.33
ZOMATO,500.25,500.25
PIXTRANS,22.22,22.22
WINDLAS,25.77,25.77
KRSNAA,35.69,35.69
DEVYANI,,541.42
APTUS,27.73,27.73
ANMOL,9.78,9.78
VIJAYA,65.53,64.71
SANSERA,36.63,36.63
PRITIKAUTO,27.91,27.91
AAREYDRUGS,25.6,25.6
INTLCONV,8.52,8.52
HPAL,44.17,44.53
UGROCAP,21.41,21.41
YUKEN,86.89,86.89
ANANDRATHI,72.04,72.04
SJS,29.38,29.38
FINOPB,30.15,30.15
POLICYBZR,882.22,882.22
NYKAA,1152.97,1152.97
AWL,256.39,204.97
MONARCH,14.73,14.73
SAPPHIRE,194.35,194.35
PRUDENT,56.65,56.65
EPIGRAL,28.72,28.72
NUVOCO,85.37,85.37
GOCOLORS,68.5,68.5
TRACXN,148.48,148.48
CMSINFO,22,22
FUSION,9.11,9.11
COASTCORP,68.07,68.07
TARSONS,60.15,60.15
MEDPLUS,160.91,160.91
TEGA,56.39,56.39
RATEGAIN,60.95,60.95
MANORG,75.7,75.7
LATENTVIEW,66.76,66.76
METROBRAND,82.1,82.1
MICEL,24.04,26.86
PASUPTAC,25.48,25.48
FOODSIN,23.99,23.96
PARADEEP,68.42,68.42
MAPMYINDIA,95.75,95.75
TMB,7.1,7.1
KRITI,43.25,43.25
MANYAVAR,64.08,64.08
GANESHBE,16.94,16.92
GVPTECH,76.07,76.07
DMCC,67.83,67.83
MEDICAMEQ,63.65,63.65
EMIL,47.29,47.29
SHIVALIK,53.11,53.11
UMAEXPORTS,28.93,28.1
DATAPATTNS,92.21,92.21
MEDANTA,73.59,73.59
AHL,26.76,26.76
MALLCOM,17.6,17.6
ASIANENE,47.7,44.5
SMLT,19.19,19.19
NRL,70.23,70.23
RADIANTCMS,19.18,19.18
CHOICEIN,58.02,58.02
HARIOMPIPE,30.48,30.48
GRWRHITECH,24.45,24.45
DCMSRIND,17.04,17.04
RAJRILTD,288.83,288.83
EMUDHRA,92.79,92.79
DYCL,36.15,36.15
FIVESTAR,27.97,27.97
STARTECK,19.52,19.52
VIRINCHI,25.32,25.32
SBC,68.94,68.94
ELIN,76.09,76.09
SEJALLTD,100.25,100.25
GATEWAY,20.38,20.38
SYRMA,71.4,70.86
JTLIND,33.66,33.66
RAINBOW,59.08,59.08
VENUSPIPES,52.27,52.27
ROTO,42.13,42.13
INDOBORAX,14.36,14.36
LANDMARK,53.24,51.56
AVONMORE,27.17,27.17
DREAMFOLKS,37.63,37.63
DHARMAJ,22.52,22.52
OBCL,30.59,30.59
INDOAMIN,21,21
INOXGREEN,169.95,169.95
BIKAJI,69.02,69.02
RITCO,21.49,21.49
HARDWYN,107.43,107.43
HMAAGRO,27.68,27.68
MEDICO,40.9,40.9
YATHARTH,31.68,31.68
DCXINDIA,54.79,54.79
KAYNES,135.47,135.47
AXITA,27.47,27.47
SENCO,44.96,44.96
RADHIKAJWE,14.54,14.54
SPLPETRO,42.99,42.99
RAMRAT,31.34,31.34
RUSTOMJEE,103.13,103.13
DBOL,21.57,21.57
GSLSU,46.99,46.99
MANORAMA,100.89,100.89
GRMOVER,19.28,19.28
SULA,45.15,45.15
BAIDFIN,17.88,17.88
KAMOPAINTS,90.12,90.12
SCPL,29.26,29.26
MANKIND,45.02,45.02
SATINDLTD,3.91,3.91
USK,14.83,14.83
IKIO,40.42,40.42
FAZE3Q,22.52,22.52
LLOYDSME,29.62,29.62
AARTIPHARM,26.05,26.05
SAHYADRI,17.65,17.65
SBGLP,77.59,77.59
ASMS,406.66,265.17
SAH,254.31,254.31
CYIENTDLM,96.51,96.51
ATAM,39.89,39.89
LAL,46.71,46.71
REDTAPE,82.25,82.25
ASHOKAMET,10.73,10.73
PTCIL,466.98,466.98
GHCLTEXTIL,33.11,33.11
ATL,39.78,39.78
NIITMTS,29.56,29.03
TREL,4.28,40.37
GLOBUSSPR,23.48,23.48
ZYDUSWELL,44.48,42.23
DBCORP,12.83,12.83
WHIRLPOOL,103.48,97.49
THANGAMAYL,37.31,37.31
LGBBROSLTD,14.75,15.03
KIRLOSBROS,50.64,51.34
MANAPPURAM,7.46,7.46
BLISSGVS,13.35,6.29
GPPL,31.08,28.4
DEEPAKNTR,42.2,45.61
CANTABIL,32.03,32.65
BEDMUTHA,37.99,37.99
PRESTIGE,50.98,50.98
CGCL,47.95,47.95
IOLCP,17.92,17.92
JINDWORLD,93.65,93.65
JAMNAAUTO,24.64,24.64
KIRLOSENG,46.41,45.35
STEL,62.65,62.65
JUBLINDS,83.45,38.92
HFCL,50.04,50.04
DHUNINV,12.17,12.17
PIIND,34.53,34.53
OMINFRAL,35.67,35.67
MAITHANALL,10.28,10.28
DRREDDY,18.16,18.16
MAHSEAMLES,9.42,9.39
VINDHYATEL,25.61,25.61
PGHL,38.91,38.91
BEML,66.51,66.51
VTL,23.19,23.19
VIPIND,127,201.17
HONAUT,100.87,100.87
SUNPHARMA,37.16,35.62
HCC,17.03,
IVP,16.17,16.17
EICHERMOT,37.56,37.56
ZENSARTECH,25.68,25.68
ANIKINDS,463.29,463.29
HSCL,47.12,47.12
ARENTERP,18.21,18.21
ADVANIHOTR,27.2,27.2
JUBLPHARMA,108.8,74.75
MURUDCERA,63.96,63.96
HLVLTD,72.55,72.55
KAJARIACER,51.47,51.45
PCBL,21.08,21.08
OSWALAGRO,356.1,352.59
STYRENIX,21.33,21.33
IDBI,15.98,15.98
DHAMPURSUG,11.32,11.32
JAYSREETEA,26.53,
ESABINDIA,57.58,57.58
ANDHRAPAP,6.59,6.59
PRAKASH,9.43,9.43
KSB,82.22,82.22
GODFRYPHLP,31.09,31.09
SUDARSCHEM,16.97,54.1
HINDALCO,15.17,15.19
FINPIPE,47.44,47.44
CGPOWER,123.04,126.06
BEL,57.42,57.42
ASHAPURMIN,16.19,25.02
TNPL,9.32,9.32
PEARLPOLY,84.55,84.55
NATCOPHARM,15.43,15.43
GARFIBRES,37.53,37.53
TTKPRESTIG,47.43,47.43
SKFINDIA,59.88,59.88
EIMCOELECO,35.61,35.61
SAMBHAAV,62.74,83.04
KEYFINSERV,5.67,5.67
MOTHERSON,45.86,44.49
AARTIDRUGS,27.62,27.62
CREST,18.61,18.61
WENDT,77.15,77.15
PUNJABCHEM,31.31,31.31
MMFL,21.76,21.92
GUJRAFFIA,44.72,44.72
BANKBARODA,7.88,7.88
BANKINDIA,8.59,8.59
HUDCO,26.04,26.04
PILITA,60.94,60.94
MITCON,38.94,38.94
AGRITECH,12.12,12.12
WONDERLA,32.63,32.63
SNOWMAN,96.35,96.35
PDSL,35.36,36.1
GOODLUCK,21.96,21.96
GREENLAM,57.02,57.02
LINC,25.62,25.62
ZENTEC,76.77,77.9
AVANTIFEED,21.36,21.36
PRIVISCL,57.92,57.92
SKIPPER,49.31,49.31
ADANIENSOL,94.91,85.2
RAMASTEEL,58.65,58.65
ARVSMART,60.59,60.59
GUJGASLTD,36.67,38.13
UMANGDAIRY,156.89,156.89
LALPATHLAB,61.97,61.97
TEAMLEASE,43.08,44.37
KELLTONTEC,16.7,16.7
HCG,129.76,139.48
WEALTH,20.82,20.82
PARAGMILK,24,24
UNITEDPOLY,31.17,31.17
SALONA,26.43,26.43
TASTYBITE,66.55,66.55
LAXMICOT,,100.43
EIFFL,151.89,151.89
SHANKARA,20.8,20.8
WIPL,39.64,39.64
SIKKO,40.39,40.39
PANACHE,,37.38
PSPPROJECT,20.9,20.9
GLOBE,17.54,17.54
AUBANK,32.89,31.6
ELDEHSG,31.1,31.1
MHLXMIRU,20.49,20.49
RELCHEMQ,55.59,55.59
ZIMLAB,29.68,29.68
CAMPUS,96.76,96.76
AETHER,141.27,75.07
MEGASTAR,43.96,43.96
RACE,391.96,391.96
ETHOSLTD,119.92,119.92
MSUMI,52.64,52.64
HARSHA,47.99,47.99
GMRP&UI,119.56,
ACI,26.47,26.47
SADHNANIQ,432.32,432.32
CHEVIOT,13.28,13.28
KFINTECH,47.62,47.62
AKSHAR,22.57,22.57
NGLFINE,36.32,36.32
TRU,52.04,52.04
TIPSFILMS,220.33,220.33
CSLFINANCE,16.72,16.72
GENSOL,77.04,76.91
SPORTKING,14.69,14.69
SYNCOMF,47.86,47.83
KRITINUT,12.12,12.12
AVALON,129.46,129.46
SUKHJITS,14.53,14.53
SKYGOLD,49.98,49.98
DIVGIITTS,51.3,51.3
MANOMAY,25.74,25.74
RHL,76.36,76.36
NINSYS,60,60
HYBRIDFIN,17.71,17.2
AKI,159.64,159.64
IDEAFORGE,77.78,77.78
POCL,32.69,32.69
NETWEB,192.3,192.3
KIRLPNU,65.42,62.57
SINDHUTRAD,47.41,47.4
LOTUSEYE,43.99,44.41
UBL,134,134
20MICRONS,13.88,13.6
TATAMTRDVR,1.05,1.02
COUNCODOS,26.98,26.98
HINDNATGLS,1.11,.68
AJMERA,24.53,24.53
GKWLIMITED,119.99,119.99
ADANIPOWER,13.67,13.67
OIL,11.62,11.67
AMRUTANJAN,48.57,48.57
DEN,12.47,12.47
REFEX,20.01,19.99
AHLUCONT,21.43,34.42
GODREJPROP,120.27,120.27
HINDCOPPER,108.56,108.56
UNITEDTEA,12.46,12.46
VASCONEQ,32.26,32.26
DBREALTY,7.97,8.48
MANINFRA,26.97,26.97
PERSISTENT,55.9,55.9
KSL,22.06,22.06
SJVN,56.83,61.12
ACC,20.92,23.56
SCI,19.89,19.89
MRPL,10.98,10.96
HINDPETRO,5.06,5.06
BAJAJHLDNG,68.89,68.89
VOLTAS,129.42,129.42
TITAN,86.69,86.69
SUNDARMFIN,37.13,35.51
SPIC,20.36,13.84
SBIN,10.91,10.13
PFIZER,38.23,38.7
BOSCHLTD,39.1,52.9
CHAMBLFERT,17.49,17.49
HINDOILEXP,11.76,13.63
BALMLAWRIE,24.04,24.04
ADORWELD,28.54,28.54
TATACHEM,73.78,22.41
ATFL,173.35,247.49
SUPREMEIND,78.6,78.6
SRF,53.71,53.71
WEIZMANIND,19.98,19.98
JTEKTINDIA,50.34,53.13
RANEHOLDIN,19.7,9.22
SANDESH,6.39,6.39
ADANIENT,107.75,100.44
INDBANK,27.3,27.3
GET&D,202.15,202.15
BANARISUG,26.99,26.99
JINDALPOLY,42.03,41.88
BSL,18.26,18.26
JAYNECOIND,22.75,20.88
SOTL,18.37,18.37
RCF,47.07,56.01
DECCANCE,25.51,19.25
TATAPOWER,44.86,48.48
SUNFLAG,27.19,27.19
BHARATRAS,60.83,60.83
UNIVCABLES,67.96,67.96
SOMANYCERA,32.16,32.08
SANOFI,28.52,27.6
KIRLOSIND,17.21,15.52
TI,36.21,35.45
AHLEAST,7.78,10.17
UGARSUGAR,44.5,44.5
WELINV,100.97,100.97
SASTASUNDR,11.89,11.89
GREENPOWER,53.91,62.89
WABAG,29.48,28.65
ASHOKA,11.87,13.7
RESPONIND,51.48,51.48
GRAVITA,42.67,42.67
RPPINFRA,9.49,9.49
A2ZINFRA,15.35,
PSB,68.28,68.28
KICL,38.11,50.78
TEXRAIL,90.11,90.11
PFS,18.8,18.8
SYMPHONY,53.72,53.28
RELAXO,103.09,103.09
ASHIANA,51.86,51.86
DHANUKA,32.16,32.16
INVENTURE,19.51,16.17
PENINLAND,18.28,25.79
THERMAX,96.18,106.31
PREMIERPOL,22.42,22.42
RAYMOND,26.75,25.47
SESHAPAPER,8.37,8.37
FACT,451.98,168.64
EXIDEIND,55.29,55.29
ELECON,42.24,42.24
CRISIL,47.44,47.44
ORIENTPPR,189.75,189.75
NELCO,78.49,78.49
MASTEK,26.88,26.67
LUMAXIND,50.36,50.36
KECL,93.18,93.18
CUMMINSIND,75.95,75.89
JAYBARMARU,38.62,38.62
INFY,24.16,24.16
INDIAGLYCO,17.86,17.86
IGPL,47.26,47.26
HIMATSEIDE,12.2,12.2
BPCL,5.13,5.01
BASF,40.55,40.55
ATUL,60.51,60.51
SAREGAMA,53.05,53.05
FDC,24.56,24.56
ENGINERSIN,38.64,38.64
GMDCLTD,20.55,20.55
INDUSINDBK,12.93,12.93
TRIGYN,20.63,20.63
J&KBANK,7.35,7.35
CUB,11.83,11.83
ASTRAZEN,97.79,105.4
AXISBANK,14.36,14.36
SONATSOFTW,53.48,4.58
KOKUYOCMLN,34.89,34.89
DHANBANK,19.4,19.4
STCINDIA,18.94,20.36
IVC,33.47,33.47
JINDALSTEL,18.38,18.38
NIPPOBATRY,29.49,29.49
HCLTECH,24.89,24.89
ACCELYA,27.63,27.7
IOB,46.7,46.7
BIL,47.77,47.77
KTKBANK,6.56,6.56
BLBLIMITED,37.65,37.65
BLUESTARCO,84.16,84.16
TVSMOTOR,63.61,63.61
PNC,40.02,40.02
TAJGVK,29.3,29.3
REPRO,78.51,78.51
HAVELLS,94.32,94.32
BALAJITELE,36.68,36.68
KHANDSE,250.34,250.34
MARKSANS,23.74,23.74
SMARTLINK,41.74,41.74
JISLJALEQS,58.67,58.67
LUPIN,36.9,36.9
TCI,25.58,25.38
OLECTRA,180.55,196.75
PONNIERODE,8.89,8.89
TIMESGTY,63.48,63.48
NUCLEUS,20.08,20.08
CANBK,6.73,6.73
GODREJIND,43.21,43.21
RADICO,95.84,95.84
MARUTI,29.03,29.03
VARDHACRLC,25.68,25.68
NSIL,38.76,38.76
TVSELECT,2291.57,2291.57
TVTODAY,24.09,22.75
PETRONET,13.51,13.72
BIOCON,29.73,29.63
XPROINDIA,50.13,48.14
RKFORGE,47.48,47.46
CCL,31.75,31.75
LT,31.18,31.33
CENTEXT,23.69,24.06
TCS,29.96,29.49
GUFICBIO,41.72,41.72
INDSWFTLTD,8.3,8.3
NTPC,17.86,17.86
DWARKESH,16.94,16.94
SUPRAJIT,41.94,41.94
CONSOFINVT,14.31,14.31
EVEREADY,60.51,60.51
ALLSEC,27.31,27.31
IIFL,10.11,10.11
SSWL,5.04,14.52
SURYALAXMI,37.24,21.84
JKPAPER,7.98,7.98
GRANULES,29.16,29.16
VHL,350.98,41.32
GENUSPOWER,94.65,94.65
NECLIFE,146.38,146.38
IDFC,606.55,606.55
SUZLON,112.69,104.23
TRIVENI,22.19,22.19
NAHARINDUS,59.91,49.56
VIMTALABS,26.14,26.14
CELEBRITY,59.79,61.15
ROHLTD,21.08,21.08
GSPL,7.81,7.97
JAGRAN,12.15,12.15
SAKUMA,27.56,27.56
JKCEMENT,41.03,40.91
INDOTECH,34.8,34.8
M&MFIN,19.99,19.99
CENTURYPLY,47.9,47.9
KEI,69.49,69.47
VAKRANGEE,570.6,620.74
GALLANTT,38.3,38.3
UTTAMSUGAR,9.99,9.99
SUNTV,15.55,15.55
RSYSTEMS,44.26,44.26
LOKESHMACH,59.5,59.5
SWELECTES,31.59,66.71
KAMDHENU,29.71,29.71
PIONEEREMB,41.37,41.37
JKLAKSHMI,20.37,20.64
MUNJALAU,24.44,16.95
GRINDWELL,78.98,78.93
VOLTAMP,52.01,52.01
ACE,53.65,53.65
HOVS,30.06,30.06
TALBROAUTO,21.34,30.88
GEECEE,21.68,21.68
JMFINANCIL,287.44,7.89
DCBBANK,8.24,8.24
MANALIPETC,85.52,75.28
SOBHA,384.97,385.03
HIRECT,92.26,65.92
PLASTIBLEN,20.7,20.7
PARACABLES,25.91,25.91
AVTNPL,24.6,24.6
TIDEWATER,27,27
LUMAXTECH,22.41,22.41
AUTOIND,29.37,29.45
PGIL,16.87,16.82
TTL,54.48,54.48
LAOPALA,28.67,28.67
JKTYRE,12.61,12.31
THEMISMED,80.26,80.26
BANSWRAS,15.53,15.53
AROGRANITE,40.42,40.42
FORTIS,57.6,58.73
ALPHAGEO,247.24,36.33
NAVINFLUOR,67.02,80.88
NAGREEKEXP,16.85,16.85
V2RETAIL,90.35,90.35
DLF,127.6,127.6
MEGASOFT,66.29,66.29
ALPA,11.21,11.25
ISMTLTD,22.27,20.79
PURVA,219.08,219.08
NAGREEKCAP,.87,.87
CENTUM,,369.31
MANGCHEFER,9.95,9.95
DELTACORP,15.08,17.94
BAJAJELEC,90.35,90.35
BVCL,19.23,19.23
ADANIPORTS,38.16,36.71
EDELWEISS,12.17,12.17
KAUSHALYA,2.24,2.24
JYOTHYLAB,42.66,42.66
HITECHCORP,17.9,17.9
ECLERX,22.63,22.57
BRIGADE,81.87,81.87
DVL,29.99,29.99
PATINTLOG,25.92,25.92
ARIES,18.51,18.51
AMBIKCO,14.6,14.6
CEATLTD,16.23,15.1
JKIL,19.54,19.54
KNRCON,13.34,13.34
ONMOBILE,52.91,52.91
NMDC,13.88,13.38
NAHARCAP,13.67,13.67
VGUARD,70.89,70.89
DPSCLTD,107,107
BAJAJFINSV,16.26,16.26
BAJAJ-AUTO,36.57,36.57
RPGLIFE,29.38,29.38
RBL,19.01,18.58
RANEENGINE,26.46,19.78
TIMKEN,85.28,85.28
SHREECEM,41.14,41.14
INGERRAND,67,67
AKZOINDIA,31.31,31.31
GSFC,17.43,17.43
AMBUJACEM,34.36,36
DCW,111.26,104.91
DCM,25.18,25.18
PVP,10.71,
GREENPLY,53,61.21
REMSONSIND,54.19,53.14
SWARAJENG,27.52,27.52
MRF,25.52,25.52
TNPETRO,17.28,13.84
MARICO,53.69,53.69
BIOFILCHEM,151.03,151.03
SUNDRMBRAK,30.42,30.42
SOMATEX,5.3,
VISAKAIND,1220.83,1220.83
INDIANCARD,20.17,
DENORA,48.09,48.09
GANESHHOUC,17.52,17.52
JAGSNPHARM,40.06,40.06
MPHASIS,29.11,29.11
RUCHINFRA,19.89,44.51
HERITGFOOD,47,47
INDNIPPON,30.25,30.25
SKMEGGPROD,8.31,8.31
CONCOR,51.89,51.89
KCPSUGIND,7.8,8.75
INDSWFTLAB,2.27,9.78
SANDHAR,31.1,31.87
ADANIGREEN,295.66,237.09
JSL,24.48,25.22
JAIBALAJI,17.46,17.46
UPL,,20.99
VAIBHAVGBL,42.25,40.43
GULFPETRO,12.74,12.74
JBMA,132.87,132.87
XCHANGING,98.08,98.08
JPPOWER,13.51,9.34
SHALBY,35.73,35.73
APOLLO,105.39,105.39
HGINFRA,22.08,22.56
BANDHANBNK,22.21,22.21
HAL,46.89,46.89
CHEMFAB,33.9,33.9
ORIENTELEC,72.84,90.56
FINEORG,35.19,35.15
VARROC,20.32,20.32
HDFCAMC,43.63,43.63
SIGIND,16.28,16.28
TECHNOE,59.83,59.83
DALBHARAT,39.94,39.94
CHALET,66.03,66.03
VINATIORGA,58.56,58.56
RTNPOWER,1.09,
SHILPAMED,158.72,176.24
DLINKINDIA,18.44,18.44
BEARDSELL,19.18,19.18
JUBLFOOD,97.66,166.64
HATHWAY,63.94,63.91
TEXMOPIPES,49.85,16.4
ISFT,20.38,20.38
HMVL,81.07,81.07
IITL,5.86,8.22
KILITCH,37.94,37.94
MUTHOOTFIN,15.56,15.56
KARMAENG,590.01,590.01
NOCIL,35.8,35.8
DEEPAKFERT,18.72,18.72
COROMANDEL,27.06,27.06
ASIANPAINT,51.21,51.21
CENTENKA,29.11,29.11
FEDERALBNK,10.96,10.96
BIRLACABLE,33.69,33.69
PRECOT,33.57,53.4
SHREYANIND,4.49,4.49
APOLLOHOSP,98.15,98.28
NEULANDLAB,28.67,28.67
BERGEPAINT,51.69,51.87
IGARASHI,168.44,168.44
MUNJALSHOW,21.05,19.8
RANASUG,14.02,14.02
WSI,15.37,15.19
SUBROS,45.39,45.39
WIPRO,23.04,23.04
TATACOMM,55.5,61.15
LIBERTSHOE,61.41,46.73
HEIDELBERG,29.56,29.56
JINDALSAW,11.37,11.37
BRITANNIA,59.7,59.64
KOTAKBANK,19.6,19.6
GOLDENTOBC,11.27,12.79
AARTIIND,61.45,61.45
HEG,37.81,37.81
TATAINVEST,107.43,107.43
IPCALAB,53.95,58.82
HINDUNILVR,55.79,55.81
EIDPARRY,8.34,8.34
BIRLACORPN,27.93,28.35
TVSSRICHAK,30.28,28.87
GUJAPOLLO,25.69,25.69
KOTHARIPET,13.06,13
GAIL,16.26,16.85
IBULHSGFIN,7.12,7.12
SREEL,25,25
CASTROLIND,23.92,23.92
CAPLIPOINT,23.39,23.39
GRPLTD,60.23,55.34
HESTERBIO,133.31,133.31
LFIC,6.37,6.37
NILAINFRA,43.32,43.32
ORICONENT,31.78,26.72
PKTEA,28.81,28.81
SHARDAMOTR,19.32,19.32
INDIGO,20.38,20.38
BALAXI,,17.12
KRIDHANINF,,66.2
OCCL,15.69,15.69
VIDHIING,60.78,60.78
THYROCARE,48.26,48.16
BLS,44.66,44.66
CONTROLPR,24.62,24.64
SCHAND,16.68,16.68
CDSL,50.5,50.5
DYNPRO,94.84,94.84
JSWHL,69.35,69.35
MSPL,69.96,57.16
GOLDIAM,18.82,18.82
IMPAL,18.9,18.9
FIEMIND,20.25,20.25
NAUKRI,117.59,109.59
VENUSREM,17.94,17.94
WANBURY,9.42,17.34
IZMO,17.16,17.16
TIIL,24.23,23.64
PFC,7.96,7.96
PAGEIND,78.99,78.99
ASTRAL,117.37,117.37
NCLIND,11.59,11.59
PHOENIXLTD,48.5,48.5
SRHHYPOLTD,11.7,10.62
KMSUGAR,14.64,14.64
NELCAST,24.01,32.99
ADSL,19.71,19.71
CENTRALBK,21.61,21.61
INDOWIND,40.08,35.02
POWERGRID,19.86,19.86
ASAHISONG,31.86,
BROOKS,149.45,149.45
TDPOWERSYS,47.93,47.93
APLLTD,28.76,28.76
PGEL,62.6,62.6
PANAMAPET,12.79,12.79
PAISALO,38.05,38.12
SHAKTIPUMP,49.03,49.03
INDOTHAI,18.65,18.65
DSSL,27.4,27.4
POLYMED,76.41,76.58
VIKASECO,102.04,102.04
APLAPOLLO,61.34,61.34
MINDACORP,52.29,52.29
DBSTOCKBRO,18.11,18.11
COMPUSOFT,40.81,40.81
NDL,15.89,15.89
HEXATRADEX,9.93,9.93
VSSL,29.51,29.51
SPECIALITY,29.24,29.24
KITEX,25.23,25.23
ROSSELLIND,163.25,161.91
ZUARI,6.34,6.34
VETO,14.34,14.34
REPCOHOME,8.39,8.39
JUSTDIAL,23.89,23.89
ATULAUTO,214.08,214.08
JPOLYINVST,26.55,26.55
SDBL,25.45,25.45
BUTTERFLY,205.71,168.12
HATSUN,90.19,90.19
GOCLCORP,49.03,51.25
SHARDACROP,128.72,128.72
CIGNITITEC,22.28,22.28
INTELLECT,46.01,45.78
FCL,35.94,35.94
GULPOLY,72.08,72.08
APOLSINHOT,36.76,36.76
GENUSPAPER,159.72,159.72
VISHNU,28.94,28.94
GANECOS,85.15,85.15
JMA,9.37,9.37
MANAKALUCO,36.42,36.42
VIPULLTD,2.32,2.29
UFO,40.03,36.24
ARROWGREEN,28.43,28.43
PNCINFRA,13.42,13.42
SYNGENE,55.81,54.84
SATIN,5.94,5.94
POWERMECH,31.69,31.69
SHREEPUSHK,18.35,18.35
IDFCFIRSTB,19.95,19.95
SHK,22.26,22.26
LUXIND,35.76,35.76
SALZERELEC,32.26,32.26
LINCOLN,13.22,13.22
NH,30.73,30.73
PRECAM,46.01,71.32
HITECH,45.27,45.27
BHAGERIA,40.96,40.96
KDDL,25.53,25.59
BHARATWIRE,18.95,18.95
INFIBEAM,56.1,56.1
CROMPTON,62.76,62.76
SHRIPISTON,19.85,19.85
ALBERTDAVD,10.25,10.25
PREMEXPLN,160.2,160.2
MAHASTEEL,36.05,44.31
DAMODARIND,20.53,20.53
MGL,11.51,11.51
POKARNA,25.45,25.45
VIJIFIN,246.54,246.54
GPTINFRA,28.6,28.6
SOMICONVEY,42.33,42.33
ADVENZYMES,31.39,29.23
SPAL,20.21,20.21
RBLBANK,12.35,12.35
LTTS,39.06,39.06
GNA,17.16,17.16
HPL,67.48,67.48
ENDURANCE,55.14,55.14
PNBHOUSING,13.23,13.23
VBL,92.72,92.72
PODDARMENT,17.25,17.25
NBIFIN,57.68,57.68
SFL,46.3,57.21
TCIEXP,33.19,33.19
TERASOFT,31.01,27.23
HISARMETAL,16.02,16.02
CAPTRUST,88.17,88.17
BHANDARI,20.09,20.09
PRICOLLTD,42.28,42.28
JITFINFRA,25.29,30.61
RADIOCITY,86.27,86.27
INTENTECH,21.11,21.11
URJA,409.34,409.34
CLEDUCATE,27.41,29.27
DOLLAR,34.95,34.73
STARCEMENT,29.74,29.74
TEJASNET,385.18,385.18
GTPL,17.34,17.34
SALASAR,63.54,63.54
AVADHSUGAR,10.2,10.2
GANGESSECU,49.4,49.4
SIS,38.3,38.3
COCHINSHIP,71.97,71.97
DIXON,190.41,190.41
MATRIMONY,28.52,28.52
TCPLPACK,21.8,21.8
MASFIN,20.52,20.52
IFGLEXPOR,30.3,30.3
PRSMJOHNSN,56.4,
PIDILITIND,90.23,87.72
3PLAND,30.87,30.87
HONDAPOWER,41.06,42.82
RUBYMILLS,17.26,17.26
GRAPHITE,14.18,621.87
BBL,40.64,40.64
ELECTCAST,14.46,14.46
DABUR,58.67,58.67
CIPLA,29.24,28.21
HDFCBANK,19.56,19.44
HARRMALAYA,,1328.75
GIPCL,19.27,19.27
INDIANHUME,28.27,28.27
HINDCOMPOS,19.87,19.87
KAMATHOTEL,13.49,45.36
BANCOINDIA,16.43,16.43
APOLLOTYRE,18.41,17.76
SHANTIGEAR,51.79,51.79
PRECWIRE,40.34,40.34
NILKAMAL,26.37,26.37
ICIL,21.69,21.69
ELGIEQUIP,79.48,79.48
AUROPHARMA,22.41,21.69
EIHOTEL,43.52,43.05
LICHSGFIN,8.48,8.48
GICHSGFIN,8.86,8.86
MOREPENLAB,29.17,29.17
21STCENMGM,2.01,2.01
VENKEYS,34.97,34.97
GHCL,6.67,8.74
HIL,62.07,1161.34
BPL,46.08,46.08
PGHH,70.07,70.07
VESUVIUS,45.23,45.23
BOMDYEING,1.39,
NAVNETEDUL,17.47,19.03
GLAXO,75.76,67.64
CHOLAFIN,35.34,35.34
FMGOETZE,18.84,18.84
GILLETTE,62.72,62.72
KANSAINER,19.06,33.6
FOSECOIND,36.26,41.68
GABRIEL,35.03,35.03
RALLIS,42.14,42.34
AMJLAND,15.49,15.49
KOPRAN,24.15,24.15
GREAVESCOT,,243.39
