SYMBOL,SERIES,SECURITY,HIGH/LOW,INDEX FLAG
AAATECH,EQ,AAA TECHNOLOGIES LIMITED,H
ABCOTS,SM,A B COTSPIN INDIA LIMITED,H
ACCORD,SM,ACCORD SYNERGY LIMITED,H
ACSAL,SM,ARVIND AND COMPANY,H
ADROITINFO,EQ,ADROIT INFOTECH LIMITED,H
AGNI,SM,AGNI GREEN POWER LTD,H
AIMTRON,ST,AIMTRON ELECTRONICS LTD,H
AIRAN,EQ,AIRAN LIMITED,H
AKSHOPTFBR,EQ,AKSH OPTIFIBRE LIMITED,H
ALPEXSOLAR,ST,ALPEX SOLAR LIMITED,H
AMJLAND,BE,AMJ LAND HOLDINGS LIMITED,H
ANKITMETAL,BE,ANKIT MET & POW LTD,H
ANTGRAPHIC,EQ,ANTARCTICA LTD,H
APS,ST,AUSTRALIAN PREM SOLAR I L,H
ARENTERP,EQ,RAJDARSHAN INDUSTRIES LTD,H
ARTNIRMAN,EQ,ART NIRMAN LIMITED,H
ASHIMASYN,EQ,ASHIMA LTD,H
ATULAUTO,BE,ATUL AUTO LIMITED,H
AURIONPRO,EQ,AURIONPRO SOLN LTD,H
BASF,EQ,BASF INDIA LTD,H
BASILIC,ST,BASILIC FLY STUDIO LTD,H
BIL,BE,BHARTIYA INETRNATIONAL LT,H
BIRDYS,ST,GRILL SPLENDOUR SER LTD,H
BLUEPEBBLE,SM,BLUE PEBBLE LIMITED,H
BRIGHT,SZ,BRIGHT SOLAR LIMITED,H
CEREBRAINT,EQ,CEREBRA INT TECH LTD,H
CLOUD,ST,VARANIUM CLOUD LIMITED,H
CMMIPL,ST,CMM INFRAPROJECTS LIMITED,H
COMPINFO,BZ,COMPUAGE INFOCOM LTD,H
COUNCODOS,EQ,COUNTRY CONDO S LIMITED,H
CUPID,BE,CUPID LIMITED,H
DBSTOCKBRO,EQ,DB (INT) STOCK BROKERS,H
DCG,ST,DCG CABLES & WIRES LTD,H
DCMFINSERV,EQ,DCM FINANCIAL SERVICES LT,H
DCXINDIA,BE,DCX SYSTEMS LIMITED,H
DESTINY,SM,DESTINY LOGISTICS & I LTD,H
DGCONTENT,BE,DIGICONTENT LIMITED,H
DIGISPICE,BE,DIGISPICE TECHNOLOGIES LT,H
DNAMEDIA,BE,DILIGENT MEDIA CORP LTD.,H
DPEL,SM,DIVINE POWER ENERGY LTD,H
DREDGECORP,BE,DREDGING CORP OF INDIA,H
DRONE,ST,DRONE DESTINATION LIMITED,H
DUCON,EQ,DUCON INFRATECHNOLOGIES L,H
E2E,BE,E2E NETWORKS LIMITED,H
EFFWA,SM,EFFWA INFRA & RESEARCH L,H
EIFFL,EQ,EURO (I) FRESH FOODS LTD,H
EIMCOELECO,BE,EIMCO ELECON (INDIA) LTD,H
FEL,BZ,FUTURE ENTERPRISES LTD,H
FLFL,BZ,FUT LIFESTYLE FASH LTD,H
FROG,SM,FROG CELLSAT LIMITED,H
GACMDVR-RE,BE,GACM TECHNOLOGIES LIMITED,H
GATECH-RE,BE,GACM TECHNOLOGIES LIMITED,H
GET&D,BE,GE T&D INDIA LIMITED,H
GMRP&UI,EQ,GMR POW AND URBAN INFRA L,H
GODHA,BE,GODHA CABCON INSULAT LTD,H
GREENPOWER,EQ,ORIENT GREEN POWER CO LTD,H
GRETEX,ST,GRETEX INDUSTRIES LTD.,H
GSMFOILS,ST,GSM FOILS LIMITED,H
GTL,EQ,GTL LTD,H
GTLINFRA,EQ,GTL INFRA.LTD,H
HAVISHA,EQ,SRI HAVISHA HOSP & INFR L,H
HERITGFOOD,EQ,HERITAGE FOODS LTD,H
HEXATRADEX,EQ,HEXA TRADEX LIMITED,H
HPL,EQ,HPL ELECTRIC & POWER LTD,H
HYBRIDFIN,EQ,HYBRID FINANCIAL SERVICE,H
IITL,EQ,INDUSTRIAL INV TRUST LTD,H
INTENTECH,BE,INTENSE TECHNOLOGIES LTD,H
INVENT-RE,BE,INVENTURE GRO & SEC LTD,H
JALAN,SM,JALAN TRANSOLU. INDIA LTD,H
JHS,EQ,JHS SVEND. LAB. LTD,H
JPPOWER,EQ,JAIPRAKASH POWER VEN. LTD,H
K2INFRA,ST,K2 INFRAGEN LIMITED,H
KDL,ST,KORE DIGITAL LIMITED,H
KERNEX,EQ,KERNEX MICROSYS(I) LTD,H
KMSUGAR,BE,K M SUGAR MILLS LTD,H
KRITI,EQ,KRITI INDUSTRIES IND LTD,H
KRITIKA,EQ,KRITIKA WIRES LIMITED,H
LRRPL,SM,LEAD REC AND RUB PROD LTD,H
LYPSAGEMS,EQ,LYPSA GEMS & JEWEL LTD,H
MACPOWER,BE,MACPOWER CNC MACHINES LTD,H
MAITREYA,SM,MAITREYA MEDICARE LIMITED,H
MANAV,SM,MANAV INFRA PROJECTS LTD,H
MARINE,BE,MARINE ELECTRICAL (I) LTD,H
MASTER,ST,MASTER COMPONENTS LIMITED,H
MAXIND,EQ,MAX INDIA LIMITED,H
MBECL,EQ,MCNALLY BH. ENG. CO.LTD,H
MEDIORG,SM,MEDICAMEN ORGANICS LTD,H
MEGATHERM,ST,MEGATHERM INDUCTION LTD,H
MGEL,BE,MANGALAM GLOBAL ENT LTD,H
MORARJEE,BE,MORARJEE TEXTILES LIMITED,H
MOTISONS,EQ,MOTISONS JEWELLERS LTD,H
MSPL,EQ,MSP STEEL & POWER LTD.,H
MTNL,EQ,MAHANAGAR TELEPHONE NIGAM,H
NAGREEKCAP,BE,NAGREEKA CAP & INFR.LTD,H
NDRAUTO,EQ,NDR AUTO COMPONENTS LTD,H
NEPHROCARE,SM,NEPHRO CARE INDIA LIMITED,H
NILASPACES,BE,NILA SPACES LIMITED,H
NIRMAN,ST,NIRMAN AGRI GENTICS LTD,H
NTL,BE,NEUEON TOWERS LIMITED,H
OMAXAUTO,BE,OMAX AUTOS LTD,H
OMAXE,BE,OMAXE LIMITED,H
OMINFRAL,BE,OM INFRA LIMITED,H
ORIANA,SM,ORIANA POWER LIMITED,H
ORIENTLTD,EQ,ORIENT PRESS LIMITED,H
ORTEL,BZ,ORTEL COMMUNICATIONS LTD,H
PANSARI,BE,PANSARI DEVELOPERS LTD,H
PARSVNATH,EQ,PARSVNATH DEVELOPER LTD,H
PASHUPATI,SM,PASHUPATI COTSPIN LIMITED,H
PCJEWELLER,EQ,PC JEWELLER LTD,H
PRAMARA,SM,PRAMARA PROMOTIONS LTD,H
PRATHAM,SM,PRATHAM EPC PROJECTS LTD,H
PVP,EQ,PVP VENTURES LIMITED,H
RAJINDLTD,ST,RAJPUTANA INDUSTRIES LTD,H
RAMCOSYS,EQ,RAMCO SYSTEMS LTD.,H
RBMINFRA,SM,RBM INFRACON LIMITED,H
RBZJEWEL,BE,RBZ JEWELLERS LIMITED,H
RCOM,BE,RELIANCE COMMUNICATIONS L,H
RELTD,EQ,RAVINDRA ENERGY LIMITED,H
RHFL,BE,RELIANCE HOME FINANCE LTD,H
ROLLT,BE,ROLLATAINERS LIMITED,H
ROML,EQ,RAJ OIL MILLS LIMITED,H
RTNPOWER,BE,RATTANINDIA POWER LIMITED,H
RVHL,EQ,RAVINDER HEIGHTS LIMITED,H
SANWARIA,BZ,SANWARIA CONSUMER LIMITED,H
SELMC,EQ,SEL MANUFACTURING CO LTD,H
SERVOTECH,EQ,SERVOTECH POWER SYS LTD.,H
SETUINFRA,BZ,SETUBANDHAN INFRA LTD,H
SHAH,EQ,SHAH METACORP LIMITED,H
SHIVAMAUTO,EQ,SHIVAM AUTO.LTD,H
SHUBHLAXMI,SM,SHUBHLAXMI JEWEL ART LTD,H
SHYAMCENT,EQ,SHYAM CENTURY FERROUS LTD,H
SIKKO,BE,SIKKO INDUSTRIES LIMITED,H
SILLYMONKS,EQ,SILLY MONKS ENTERTAIN LTD,H
SITINET,BE,SITI NETWORKS LIMITED,H
SOLARA,BE,SOLARA ACTIVE PHA SCI LTD,H
SOLARAPP,X1,SOLAR ACT RS.3.50 PPD UP,H
SPAL,EQ,S. P. APPARELS LIMITED,H
SPMLINFRA,BE,SPML INFRA LIMITED,H
SUVEN,EQ,SUVEN LIFE SCIENCES LTD,H
SUVIDHAA,EQ,SUVIDHAA INFOSERVE LTD,H
SUZLON,EQ,SUZLON ENERGY LIMITED,H
SVPGLOB,EQ,SVP GLOBAL TEXTILES LTD,H
SWSOLAR,EQ,STRLNG & WIL REN ENE LTD,H
TARACHAND,EQ,TARA CHAND INFRA SOLN LTD,H
TARAPUR,BE,TARAPUR TRANSFORMERS LTD,H
TBZ,EQ,TRIB BHIMJI ZAVERI LTD,H
TECHNOE,BE,TECHNO ELEC & ENG CO. LTD,H
TECILCHEM,BE,TECIL CHEMICALS,H
TERASOFT,BE,TERA SOFTWARE LIMITED,H
THOMASCOTT,BE,THOMAS SCOTT (INDIA) LTD,H
TIMESCAN,SM,TIMESCAN LOGISTICS IND L,H
TIMESGTY,EQ,TIMES GUARANTY LIMITED,H
TOUCHWOOD,EQ,TOUCHWOOD ENTERTAIN LTD.,H
TPHQ,BE,TEAMO PRODUCTIONS HQ LTD,H
UEL,BE,UJAAS ENERGY LIMITED,H
UMAEXPORTS,EQ,UMA EXPORTS LIMITED,H
UTSSAV,ST,UTSSAV CZ GOLD JEWELS LTD,H
VENKEYS,EQ,VENKY S (INDIA) LIMITED,H
VERA,SM,VERA SYNTHETIC LIMITED,H
VERTEXPLUS,ST,VERTEXPLUS TECHNOLOGIES L,H
VILAS,ST,VILAS TRANSCORE LIMITED,H
VINYAS,ST,VINYAS INNOVATIVE TECH L,H
VLEGOV,EQ,VL E GOV AND IT SOL LTD,H
VMARCIND,SM,V MARC INDIA LIMITED,H
WALCHANNAG,EQ,WALCHANDNAGAR INDUSTRIES,H
WEBELSOLAR,BE,WEBSOL ENERGY SYSTEM LTD,H
WEL,EQ,WONDER ELECTRICALS LTD,H
WEWIN,BE,WE WIN LIMITED,H
WINDMACHIN,EQ,WINDSOR MACHINES LIMITED,H
WOCKPHARMA,BE,WOCKHARDT LIMITED-DEPO,H
WOMANCART,ST,WOMANCART LIMITED,H
YUKEN,EQ,YUKEN INDIA LIMITED,H
ZENTEC,EQ,ZEN TECHNOLOGIES LIMITED,H
ZTECH,SM,Z-TECH (INDIA) LIMITED,H
A2ZINFRA,BE,A2Z INFRA ENGINEERING LTD,L
AAKASH,BE,AAKASH EXPLORATION SER L,L
AARTECH,BE,AARTECH SOLONICS LIMITED,L
ADROITPP1,E1,ADROITINFO RS. 5 PPD UP,L
AILIMITED,ST,ABHISHEK INTEGRATIONS LTD,L
AKANKSHA,ST,AKANKSHA POWER N INFRA L,L
ASHALOG,ST,ASHAPURA LOGISTICS LTD,L
ASMS,EQ,BARTRONICS INDIA LIMITED,L
ATMASTCO,ST,ATMASTCO LIMITED,L
BIRDYS,ST,GRILL SPLENDOUR SER LTD,L
BULKCORP,ST,BULKCORP INTERNATIONAL L,L
CHETANA,ST,CHETANA EDUCATION LIMITED,L
CMMIPL,ST,CMM INFRAPROJECTS LIMITED,L
CONTI,ST,CONTINENTAL SEED CHEM LTD,L
DIGIDRIVE,BE,DIGIDRIVE DISTRIBUTORS L,L
EFFWA,SM,EFFWA INFRA & RESEARCH L,L
ENSER,SM,ENSER COMMUNICATIONS LTD,L
ESPRIT,ST,ESPRIT STONES LIMITED,L
EXICOM,BE,EXICOM TELE SYSTEMS LTD,L
FEL,BZ,FUTURE ENTERPRISES LTD,L
FIBERWEB,BE,FIBERWEB INDIA LIMITED,L
FUSION,EQ,FUSION MICRO FINANCE LTD,L
GSTL,SM,GLOBESECURE TECHNO LTD,L
GUJRAFFIA,EQ,GUJARAT RAFFIA INDUST LTD,L
GVKPIL,BE,GVK POW. & INFRA LTD.,L
HBSL,BE,HB STOCKHOLDINGS LIMITED,L
HOMESFY,SM,HOMESFY REALTY LIMITED,L
IMPEXFERRO,BE,IMPEX FERRO TECH LIMITED,L
INDOTECH,BE,INDO TECH TRANSFORM LTD.,L
JFLLIFE,ST,JFL LIFE SCIENCES LIMITED,L
JPASSOCIAT,BE,JAIPRAKASH ASSOCIATES LTD,L
KNAGRI,ST,KN AGRI RESOURCES LIMITED,L
KSHITIJPOL,BE,KSHITIJ POLYLINE LIMITED,L
MARINE,BE,MARINE ELECTRICAL (I) LTD,L
MIEL,ST,MANGLAM INFRA & ENG LTD,L
MTNL,EQ,MAHANAGAR TELEPHONE NIGAM,L
NEPHROCARE,SM,NEPHRO CARE INDIA LIMITED,L
OMAXE,BE,OMAXE LIMITED,L
OMFURN,SM,OMFURN INDIA LIMITED,L
OMINFRAL,BE,OM INFRA LIMITED,L
ORTEL,BZ,ORTEL COMMUNICATIONS LTD,L
PERFECT,ST,PERFECT INFRAENGINEER LTD,L
PROLIFE,SM,PROLIFE INDUSTRIES LTD,L
RETAIL,BE,JHS SVENDGAARD RETAIL V L,L
RICHA,SM,RICHA INFO SYSTEMS LTD,L
RKDL,BE,RAVI KUMAR DIST. LTD.,L
RNFI,ST,RNFI SERVICES LIMITED,L
SANCO,BZ,SANCO INDUSTRIES LIMITED,L
SATECH,ST,S A TECH SOFTWARE INDIA L,L
SHAH,EQ,SHAH METACORP LIMITED,L
SHIGAN,SM,SHIGAN QUANTUM TECH LTD,L
SHRENIK,BE,SHRENIK LIMITED,L
SIDDHIKA,SM,SIDDHIKA COATINGS LIMITED,L
SONUINFRA,ST,SONU INFRATECH LIMITED,L
SSEGL,ST,SATHLOKHAR SYN E&C GLOB L,L
SUULD,BE,SUUMAYA INDUSTRIES LTD,L
TROM,ST,TROM INDUSTRIES LIMITED,L
V2RETAIL,BE,V2 RETAIL LIMITED,L
VLINFRA,ST,V.L.INFRAPROJECTS LIMITED,L
VSCL,SM,VADIVARHE SPCLTY CHEM LTD,L
WALPAR,SM,WALPAR NUTRITIONS LIMITED,L
WINSOME,BE,WINSOME YARNS LIMITED,L
