SECURITY,NEW,PREVIOUS,NEW_STATUS
AYM SYNTEX LIMITED,158.39,158.35,H
NETWORK PEOPLE SRV TECH L,3077,2949.3,H
21ST CENTURY MGMT SERVICE,91.57,89.78,H
SHAH METACORP LIMITED,7.37,7.02,H
UMA EXPORTS LIMITED,100.03,98.7,H
INCREDIBLE INDUSTRIES LTD,54.99,50.45,H
RAJPUTANA INDUSTRIES LTD,79.55,75.8,H
AKUMS DRUGS AND PHARMA L,824,797.5,H
BASF INDIA LTD,6933.15,6447.5,H
IFB INDUSTRIES LTD,2172,2020,H
AKZO NOBEL INDIA LIMITED,3250,3199,H
COLGATE PALMOLIVE LTD.,3454.8,3429.95,H
HIMADRI SPECIALITY CHEM L,491.4,475.25,H
SDL TN 7.65% 2030,100.67,100.66,H
NDR AUTO COMPONENTS LTD,1215.3,1117.95,H
GOI TBILL 364D-27/09/24,98.94,98.8,H
POWER INSTRUMENT (G) LTD,124.33,121.9,H
SEC RE NCD 9.30% SR.IV,1035.11,1030.6,H
V.L.INFRAPROJECTS LIMITED,111.9,106.7,H
SDL UP 7.62% 2034,101,99,H
INDRAPRASTHA MEDICAL CORP,342.9,311.5,H
CENTURY ENKA LTD,714,705.75,H
MINDA CORPORATION LTD,533,526.7,H
S. P. APPARELS LIMITED,1133.1,944.25,H
MODISON LIMITED,174.79,169.06,H
OPTIEMUS INFRACOM LTD,511,489,H
PRECOT LIMITED,537,519.85,H
SHREE VASU LOGISTICS LTD,266.8,247.8,H
SEC RE NCD 0% SR.IV,1246,1241.8,H
TVS MOTOR COMPANY  LTD,2618.65,2602.15,H
TIMES GUARANTY LIMITED,144.41,143.8,H
CERA SANITARYWARE LTD,10286.7,10178.65,H
SUMIT WOODS LIMITED,88.9,87.16,H
GOI LOAN  7.18% 2033,105.4,105.35,H
WONDER ELECTRICALS LTD,1496.75,1434.9,H
SPML INFRA LIMITED,194.2,184.97,H
ZEE LEARN LIMITED,10.99,9.5,H
SUPREME ENGINEERING LTD,2.08,2.04,H
UNSERENCD9.1%SRIIICIII&IV,1182,1139,H
THE WESTERN INDIA PLY LTD,190,185.3,H
BALU FORGE INDUSTRIES LTD,546,534,H
SEC RE NCD SR.II,1143.55,1142.55,H
UJAAS ENERGY LIMITED,406.25,386.95,H
SHRIRAM - LIQUIDSHRI,1006.11,1005.94,H
BOND 8.71% TAX FREE S2B,1170,1169.89,H
BULKCORP INTERNATIONAL L,137.9,136.5,H
V MARC INDIA LIMITED,299.75,285.5,H
PB FINTECH LIMITED,1551.95,1543,H
SHEKHAWATI POLY-YARN LTD.,7.2,7.06,H
SUNGARNER ENERGIES LTD,538.9,524.35,H
GOI TBILL 91D-05/09/24,99.52,99.07,H
SEC RE NCD 9.35% SR VI,1040,1020,H
SEC RE NCD SR.V,1272,1265,H
SEC RE NCD 10.25% SR XII,1000,984,H
LCC INFOTECH LTD,6.46,6.34,H
ERIS LIFESCIENCES LIMITED,1155.9,1142.8,H
PATANJALI FOODS LIMITED,1825,1797.3,H
PIRAMAL PHARMA LIMITED,180.9,178.95,H
DIAMOND POWER INFRA LTD,1516.8,1346.85,H
JITF INFRALOGISTICS LTD,984.45,942.9,H
GOI TBILL 364D-15/05/25,94.45,94.36,H
EFFWA INFRA & RESEARCH L,373.95,356.15,H
UNS RED NCD 9.15% SR.IX,1018,1005,H
GOI TBILL 91D-31/10/24,98.25,98.21,H
SATI POLY PLAST LIMITED,203,199,H
GLENMARK PHARMACEUTICALS,1483.1,1479.4,H
GOKALDAS EXPORTS LTD.,1128,1095,H
KERNEX MICROSYS(I) LTD,701.95,683,H
ZYDUS LIFESCIENCES LTD,1278.2,1265,H
GOI TBILL 364D-14/11/24,97.91,97.61,H
SEC RED NCD 9.57% SR. V,1011,1000,H
BRIGHT SOLAR LIMITED,8.9,8.5,H
GOI TBILL 364D-31/07/25,93.72,93.65,H
SEC RE NCD 9.25% SR III,1007.8,1007,H
TORRENT PHARMACEUTICALS L,3329,3298.5,H
NITIN SPINNERS LIMITED,474,457.8,H
WINDLAS BIOTECH LIMITED,857.3,843,H
BIKAJI FOODS INTERN LTD,794.45,777,H
TRANSWARRANTY FIN. LTD.,32.75,26.7,H
UNITED SPIRITS LIMITED,1466,1450,H
SRI ADHIKARI BRO TELE N L,413.45,405.35,H
SEC RE NCD 8.25% SR.I,1030,1029.9,H
GOI TBILL 182D-14/11/24,97.98,97.95,H
VAIDYA SANE AYUR LAB LTD,127,128.45,L
NET AVENUE TECHNOLOGIES L,13.9,14.05,L
SHEETAL UNIVERSAL LIMITED,54.5,55.1,L
PERFECT INFRAENGINEER LTD,24.65,25.95,L
SEC RE NCD 10.30% SR.VII,810.5,811,L
SEC RED NCD 9.30% SR. II,1000,1014.1,L
AMBEY LABORATORIES LTD,61.5,62.3,L
AVONMORE CAP&MGT SERV LTD,14.63,14.93,L
SATHLOKHAR SYN E&C GLOB L,234.65,247,L
DOCMODE HEALTH TECH LTD,87.25,90.75,L
YUDIZ SOLUTIONS LIMITED,56.85,57.2,L
GACM TECHNOLOGIES LIMITED,2.13,2.18,L
SEC RE NCD 10.25% SR XII,900.1,901,L
SEC RE NCD 10.25% SR XII,974,1005,L
SEC RE NCD 9.39% SR.VIII,890,898,L
SEC RE NCD 9.30% SR.IV,1029,1030.6,L
KAPSTON SERVICES LIMITED,420.75,429.3,L
SHANTHALA FMCG PRODUCTS L,53,53.6,L
TAINWALA CHEMICAL AND PLA,214.59,218.97,L
SEC RE NCD SR III,980,996.73,L
SUMEET IND LIMITED,4.69,4.79,L
RITE ZONE CHEMCON IND LTD,37.85,38.1,L
BAID FINSERV LIMITED,14.97,15,L
VIBHOR STEEL TUBES LTD,252.55,257.7,L
FALCON TECHNOPROJ IND LTD,54.05,55.9,L
GANESH GREEN BHARAT LTD,409.95,424,L
SEC RE NCD 9.45% SR.I,957.55,965,L
BULKCORP INTERNATIONAL L,129.7,130,L
APRAMEYA ENGINEERING LTD,70.05,71.85,L
SEC RE NCD 8.70% SR.III,990,995,L
G-TEC JAINX EDUCATION LTD,66,67.5,L
SHRENIK LIMITED,0.7,0.73,L
EXICOM TELE SYSTEMS LTD,380.7,400.7,L
MANGLAM INFRA & ENG LTD,96.75,101.85,L
SEC RED NCD 9.7% SR.VII,1013,1015,L
OMAXE LIMITED,119.3,120.94,L
DCX SYSTEMS LIMITED,339,344.95,L
RKEC PROJECTS LIMITED,109.95,112.2,L
PRIZOR VIZTECH LIMITED,150,165.2,L
SEC RE NCD SR.V,1255.05,1257.55,L
ASHAPURA LOGISTICS LTD,167,175.75,L
UNIHEALTH CONSULTANCY LTD,109,111,L
FIBERWEB INDIA LIMITED,50.95,53.64,L
SEC RE NCD 9.20% SR I,900.1,925,L
TUNWAL E-MOTORS LIMITED,44.6,46.15,L
SATI POLY PLAST LIMITED,177,188,L
TATVA CHIN PHARM CHEM LTD,953,953.1,L
SUUMAYA INDUSTRIES LTD,5.35,5.38,L
AGI INFRA LIMITED,799,820,L
RNFI SERVICES LIMITED,132.5,139.45,L
RELIABLE DATA SERVICE LTD,106.38,108.56,L
ADROITINFO RS. 5 PPD UP,6.86,7.63,L
SEC RED NCD 9.43% SR. VI,910.18,920,L
BODHI TREE MULTIMEDIA LTD,12.14,12.39,L
BARODABNP - BBNPNBETF,49.58,49.64,L
PETRO CARBON AND CHEMI L,258,263,L
BOND8.63% PA TF TR II S2A,1140,1216,L
CHETANA EDUCATION LIMITED,82.9,87.25,L
NIRMAN AGRI GENTICS LTD,74.1,80,L

