SYMBOL,SYMBOL P/E,ADJUSTED P/E
WHEELS,29.44,29.44
RIIL,171.44,171.44
SHREDIGCEM,17.77,17.77
SMLISUZU,23.68,23.68
FACT,414.62,154.7
LAXMIMACH,53.91,53.91
PEL,,37.58
MAHSCOOTER,48.58,50.17
TRENT,137.08,222.43
KCP,10.23,10.16
JBCHEPHARM,53.03,53.03
IONEXCHANG,47.52,47.52
IFBIND,70.4,70.4
HIMATSEIDE,13.17,13.17
GFLLIMITED,286.53,286.53
BHARATFORG,78.08,77.48
ARVIND,30.94,31.04
TATAMOTORS,10.04,9.97
LINDEINDIA,151.19,151.19
ESCORTS,39.46,39.46
BAJAJHLDNG,71.62,71.62
ZUARIIND,1.52,
TATASTEEL,,52
VEDL,17.36,19.5
RELIANCE,25.29,25.29
BATAINDIA,74.18,67.8
CARBORUNIV,73.04,73.04
DICIND,,138.46
MOTOGENFIN,122.75,122.75
RAMCOCEM,54.66,54.66
ADORWELD,27.18,27.18
TORNTPHARM,62.82,65.59
VLSFINANCE,3.21,3.21
SRF,60.05,60.05
BBOX,66.4,53.08
JTEKTINDIA,44.65,44.65
TATAELXSI,52.96,52.96
SANDESH,6.44,6.44
APOLLOHOSP,104.39,104.53
BALKRISIND,41.4,41.4
EICHERMOT,35.89,35.89
ONGC,8.2,7.98
BANARISUG,25.92,25.92
KPIL,40.19,40.19
BSL,21.15,21.15
APCOTEXIND,39.07,39.07
RCF,46.88,55.79
DECCANCE,24.62,18.58
TATAPOWER,43.45,43.79
BHARATRAS,53.48,53.48
UNIVCABLES,69.21,69.21
IFCI,80.2,80.85
M&M,29.91,29.91
KAJARIACER,52.88,52.85
MODTHREAD,8.74,8.74
MANGLMCEM,38.55,38.55
3PLAND,35.12,35.12
JINDALSAW,10.94,10.94
GRAPHITE,9.12,34.36
BBL,39.42,39.42
DCMSHRIRAM,33.85,33.85
COSMOFIRST,36.1,36.1
HEROMOTOCO,26.78,25.96
HARRMALAYA,,1495.2
ITC,29.35,29.34
HINDCOMPOS,24.3,24.3
OSWALGREEN,556.96,556.96
HUHTAMAKI,7.32,31.8
RICOAUTO,41.94,40.09
MANINDS,25.13,25.13
SIYSIL,12.1,12.1
PRECWIRE,36.11,36.11
NCC,25.21,24.55
SEAMECLTD,31.59,31.59
BBTC,7.54,7.29
GICHSGFIN,7.77,7.77
BANARBEADS,23.05,23.05
WSTCSTPAPR,4.98,4.98
PRUDMOULI,11.48,10.68
PRAJIND,38.81,41.8
EVERESTIND,99.13,117.9
TFCILTD,17.31,17.31
GTL,.95,5.3
AGI,19.35,19.35
TATACONSUM,93.36,79.67
ZEEL,40.22,30.7
FMGOETZE,17.17,17.17
ORIENTHOT,52.99,52.99
3MINDIA,70.16,70.16
ANDHRAPAP,8.78,8.78
RALLIS,49.53,49.79
KOPRAN,22.89,22.89
GODFRYPHLP,29.27,29.27
TATAINVEST,103.72,103.72
SHREECEM,44.79,44.79
INGERRAND,56.82,56.82
GSFC,16.54,16.59
FINPIPE,21.63,35.9
DCM,34.27,34.27
HEUBACHIND,36.01,36.01
PVP,9.9,
NAVA,10.38,11.33
AUTOAXLES,18.12,18.12
KHAITANLTD,29.78,29.78
ANDHRSUGAR,26.79,25.63
STARPAPER,5.74,5.61
AUSOMENT,14.52,14.52
SILINV,19.14,19.14
MOTHERSON,42.71,41.43
SOMATEX,5.07,
STERTOOLS,23.45,23.56
WENDT,75.53,75.53
SHRIRAMFIN,13.92,13.92
MIRZAINT,59.25,59.25
GANESHHOUC,16.99,16.99
ALKYLAMINE,72.05,72.05
RUCHINFRA,23.76,53.17
HERITGFOOD,32.69,32.44
GAIL,15.42,15.42
CONCOR,48.59,48.59
KCPSUGIND,5.89,6.41
AURIONPRO,54.68,54.68
AIAENG,37.05,37.07
ORIENTCER,29.72,35.05
VIMTALABS,26.66,26.66
NITINSPIN,16.95,16.95
ENIL,32.32,32.32
GVKPIL,3.65,3.65
KEC,54.42,54.42
INDOTECH,45.67,45.67
BLKASHYAP,42.87,42.87
CENTURYPLY,56.69,55.42
VAKRANGEE,485.89,528.58
GALLANTT,31.34,31.34
UTTAMSUGAR,8.92,8.92
GPIL,16.48,16.72
LOKESHMACH,53.63,53.63
SWELECTES,27.05,57.13
PIONEEREMB,40.5,40.5
MUNJALAU,25.85,17.93
GRINDWELL,70.29,70.24
VOLTAMP,55.84,55.84
ACE,43.86,43.86
ALICON,15.52,15.52
DCBBANK,6.91,6.91
TORNTPOWER,36.01,36.01
LTFOODS,18.11,18.11
JINDRILL,15.4,15.4
TANLA,21.62,21.62
PTL,24.25,24.25
GANDHITUBE,18.87,18.87
UNOMINDA,75.36,77.25
PGIL,24.31,24.24
FSL,38.59,38.59
RAJTV,374.24,374.24
BANSWRAS,21.08,21.08
AROGRANITE,52.85,52.85
NDLVENTURE,218.97,218.97
SRHHYPOLTD,12.08,10.96
NAVINFLUOR,66.03,80.35
HGS,26.36,26.36
DLF,119.66,119.66
MEGASOFT,64.24,64.24
INDOWIND,51.79,45.26
CENTUM,,348.38
ADANIPORTS,34.87,33.25
RGL,11.66,11.66
JYOTHYLAB,52.56,52.56
KALYANIFRG,41.48,41.48
TRIL,131.44,131.44
DVL,31.46,31.46
PATINTLOG,24.86,24.86
AMBIKCO,18.15,18.15
BIRLAMONEY,14.68,14.68
JKIL,17.34,17.34
KNRCON,13.55,13.55
SEPC,124.98,124.98
NMDC,11.71,11.29
RECLTD,10.17,10.17
TITAGARH,62.25,61.9
BAJAJ-AUTO,34.01,34.01
DIGISPICE,16.92,38.87
ALMONDZ,22.48,59.03
RANEENGINE,22.67,18.42
LOTUSEYE,44.89,45.31
UBL,117,117
ZFCVINDIA,74.51,74.51
TATAMTRDVR,1.06,1.05
TPHQ,22.11,22.11
GKWLIMITED,139.87,139.87
EXCEL,59.08,59.08
GLOBUSSPR,26.95,26.95
EXPLEOSOL,21.02,21.02
AMRUTANJAN,45.7,45.7
REFEX,29.06,29.07
AHLUCONT,23.11,37.12
HINDCOPPER,92.75,92.75
TRF,14.13,14.13
JUBLFOOD,102.49,174.87
EMMBI,18.86,18.86
TEXMOPIPES,45.26,14.89
PERSISTENT,59.42,59.42
KSL,20.36,20.36
HMVL,189.34,189.34
DEEPAKNTR,47.75,51.35
RAMKY,15.18,15.18
ASHOKA,11.27,13.01
JWL,64.69,64.69
SHAH,11.17,192.97
CGCL,43.77,43.77
JINDWORLD,93.11,93.11
A2ZINFRA,12.09,
SUMMITSEC,28.36,24.91
HFCL,47.95,47.95
PFS,19.55,19.55
SYMPHONY,47.56,47.56
ASHIANA,44.4,44.4
INVENTURE,15.81,13.74
LTF,16.86,16.86
FDC,26.47,26.47
INDUSINDBK,11.92,11.92
TRIGYN,18.44,18.44
KOTHARIPRO,28.4,28.4
ITDCEM,31.38,31.38
SONATSOFTW,61.93,5.08
CYBERTECH,21.23,21.23
GOACARBON,9.44,9.44
STCINDIA,23.81,25.59
RSSOFTWARE,30.39,30.39
IVC,36.24,36.24
ALEMBICLTD,38.49,38.49
BSOFT,25.02,25.02
STAR,116.98,34.02
ZYDUSLIFE,32.24,32.18
RAJESHEXPO,25.5,25.5
NRBBEARING,12.45,33.87
BLBLIMITED,35.47,35.47
BLUESTARCO,65.47,65.47
PNBGILTS,33.1,36.17
TAJGVK,24.64,24.64
HAVELLS,80.64,80.64
MRO-TEK,26.12,26.12
KHANDSE,246.74,246.74
ACLGATI,204.7,
ASAL,73.16,73.16
PNB,11.57,11.57
UNIONBANK,6.66,6.66
OMAXAUTO,18.47,
RADICO,87.32,87.32
VARDHACRLC,22.33,22.33
JSL,20.88,21.53
WELSPUNLIV,25.16,25.16
TVTODAY,15.72,15.21
VAIBHAVGBL,40.83,39.05
XPROINDIA,48.52,46.69
CCL,33.83,33.83
LT,30.94,31.08
COFORGE,49.2,49.76
TEXINFRA,411.11,411.11
INDSWFTLTD,9.01,9.01
NTPC,19.88,19.88
PATELENG,14.97,19.81
JSWSTEEL,28.59,30.5
EVEREADY,64.56,64.56
IIFL,9.26,9.26
SSWL,5.11,15
SURYALAXMI,50.24,29.47
GRANULES,31.97,31.97
GEOJITFSL,14.72,14.72
SPLIL,15.86,15.85
IDFC,696.94,696.94
IMPAL,20.19,20.19
COROMANDEL,28.41,28.41
VINDHYATEL,28.64,28.64
ASIANPAINT,59.14,59.14
PGHL,40.1,40.1
BEML,56.93,56.93
TATACHEM,,32.62
ATFL,337.9,694.92
EPL,32.64,30.86
VIPIND,116.14,183.96
BIRLACABLE,36.2,36.2
AEGISLOG,36.96,36.96
HONAUT,84.63,84.63
PRECOT,36.69,58.35
SUNPHARMA,38.99,38.42
ARE&M,27.96,27.96
IVP,15.57,15.57
NEULANDLAB,41.18,43.21
JINDALPOLY,44.55,44.39
BLUEDART,65.64,65.64
HSCL,52.43,52.43
ARENTERP,23.5,23.5
ADVANIHOTR,26.48,26.48
JUBLPHARMA,23.27,53.02
TATACOMM,57.92,69.06
HLVLTD,57.17,57.17
PCBL,29.62,29.62
EIHAHOTELS,34.5,34.5
STYRENIX,22.37,22.37
IDBI,15.74,15.74
DHAMPURSUG,14.11,14.11
GILLETTE,64.35,64.35
ESABINDIA,59.85,59.85
AARTIIND,62.56,62.56
KSB,78.86,78.86
HEG,33.42,33.42
TIMKEN,80.68,80.68
IPCALAB,63.25,68.96
HINDUNILVR,62.47,62.45
DCW,128.22,120.9
BIRLACORPN,26.06,26.45
ASHAPURMIN,13.48,20.84
TNPL,8.03,8.03
NATCOPHARM,17.44,17.44
GARFIBRES,34.54,34.54
SKFINDIA,48.16,48.16
MARICO,52.84,52.84
KEYFINSERV,8.65,8.65
VISAKAIND,1052.94,1052.94
HITECHGEAR,14.46,37.49
PUNJABCHEM,33.14,33.14
MMFL,19.75,19.89
GUJRAFFIA,52.34,52.34
BANKBARODA,6.63,6.63
INDNIPPON,25.6,25.6
BANKINDIA,8.18,8.18
ICICIBANK,17.61,17.61
INDSWFTLAB,3.22,13.85
INSPIRISYS,70.18,70.18
NAUKRI,121.33,113.08
GESHIP,6.47,6.47
MANALIPETC,55.15,50.47
DONEAR,20.72,20.72
SOBHA,381.03,381.09
HIRECT,79.92,62.2
HBLPOWER,60.79,56.55
SARLAPOLY,19.51,19.51
PITTIENG,44.49,44.49
CTE,37.1,37.1
REDINGTON,12.42,12.42
INDIANB,8.63,8.63
ICRA,37.44,37.44
BFUTILITIE,12.16,12.16
HILTON,26.59,26.59
NAGREEKEXP,19.64,19.64
TARMAT,,132.31
CIEINDIA,25.65,25.65
KSCL,18.02,18.02
DELTACORP,17.02,21.29
BVCL,19.27,19.27
OIL,14.25,14.31
ZYDUSWELL,46.09,46.09
DBCORP,12.16,12.16
NESTLEIND,74.55,74.76
DBREALTY,8.02,8.53
MANINFRA,24.11,24.11
MANAPPURAM,7.58,7.58
BAJAJCON,24.69,24.69
KILITCH,39.22,39.22
GREENPOWER,55.09,64.27
BEDMUTHA,32.31,32.31
RESPONIND,44.52,44.52
PENIND,23.58,23.58
KIRLOSENG,36.22,35.4
KICL,35.83,47.5
TEXRAIL,99.28,99.28
MUTHOOTFIN,16.07,16.07
OMINFRAL,42.05,42.05
DELPHIFX,15.47,15.47
DHANUKA,31.17,31.17
GAEL,16.72,16.72
AXISCADES,47.94,47.94
TIPSINDLTD,54.38,54.38
HIKAL,56.96,56.96
MARKSANS,27.24,27.24
JISLJALEQS,66.68,66.68
UNITDSPR,72.43,72.61
MPSLTD,27.55,27.55
OLECTRA,161.8,176.32
APTECHT,46.5,42.05
TIMESGTY,65.88,65.88
NUCLEUS,19.1,19.1
GENESYS,119.54,119.54
DIVISLAB,76.56,76.56
MARUTI,26.42,26.42
NSIL,38.79,38.79
DREDGECORP,79.83,78.16
PETRONET,13.79,13.9
POONAWALLA,15.26,21.81
APARINDS,39.28,39.28
TCS,32.05,31.57
ASTRAMICRO,70.9,70.9
INDOCO,39.12,42.53
GOKEX,57.51,57.51
SHOPERSTOP,191.82,165.1
JKPAPER,8.11,8.11
VHL,331.89,39.07
NECLIFE,133.44,133.44
SASKEN,33.85,33.85
ORBTEXP,17.23,17.23
WONDERLA,32.89,32.89
SNOWMAN,96.83,96.83
PDSL,34.93,35.62
GOODLUCK,20.46,20.46
LAMBODHARA,47.19,47.19
VISHNU,27.08,27.08
LINC,25.11,25.11
MANAKALUCO,37.96,37.96
LFIC,6.43,6.43
UFO,75.38,62.6
SKIPPER,41.38,41.38
ADANIENSOL,,84.07
SATIN,4.99,4.99
GUJGASLTD,35.33,36.61
BALAXI,13.86,16.73
PILANIINVS,35.47,35.47
PRECAM,42.62,66.06
BHAGERIA,37.98,37.98
KDDL,30.2,30.26
INFIBEAM,43.7,43.7
SHRIPISTON,17.21,17.21
ASAHISONG,23.69,186.94
BROOKS,187.81,187.81
APLLTD,37.82,37.82
PANAMAPET,12.02,12.02
ONELIFECAP,34.02,34.02
SHAKTIPUMP,39.76,39.76
JISLDVREQS,1.05,1.05
RUPA,35.33,33.99
APLAPOLLO,53.59,53.59
THOMASCOTT,24.2,24.2
IRFC,35.86,35.86
COMPUSOFT,54.06,54.06
RHIM,,45.67
NBCC,71.17,53.9
HEXATRADEX,42.28,42.28
SWANENERGY,35.06,35.06
RTNINDIA,23.3,20.87
PROZONER,192.48,192.48
THEJO,53.1,53.1
KITEX,29.38,29.38
ROSSELLIND,163.79,162.44
TVSHLTD,13.68,13.66
VETO,17.06,17.06
INDUSTOWER,16.89,16.89
JUSTDIAL,23.34,23.34
SAMMAANCAP,6.31,6.31
ESSENTIA,25.65,25.66
MITCON,26.76,26.76
NATHBIOGEN,10.35,11.11
HATSUN,82.35,82.35
GULFOILLUB,16.35,16.35
CIGNITITEC,28.17,27.58
MONTECARLO,22.62,22.62
MOLDTKPAC,39.86,39.86
MENONBE,9.7,9.7
MANAKCOAT,40.63,40.63
IMAGICAA,238.36,56.04
PRIVISCL,47.59,47.59
ARROWGREEN,31.93,31.93
AYMSYNTEX,376.4,87.61
ARVSMART,65.05,65.05
NAVKARCORP,359.68,359.68
IDFCFIRSTB,18.81,18.81
SHK,20.59,20.59
PERFECT,55.29,55.29
LALPATHLAB,73,73
TEAMLEASE,47.68,49.2
VIDHIING,63.68,63.68
GOKULAGRO,19.32,19.32
PDMJEPAPER,9.04,9.04
WEALTH,29.51,29.51
THYROCARE,52.43,52.33
SAGARDEEP,67.48,67.48
UNITEDPOLY,30.23,30.23
BLS,42.24,42.24
PREMEXPLN,119.37,119.37
INCREDIBLE,36.12,36.12
MGL,14.59,14.59
COMPINFO,.92,.92
QUESS,28.29,27.5
LLOYDSENGG,100.26,100.26
LTIM,35.41,35.41
GATECH,74.13,74.13
DBL,36.82,402.61
NDGL,12.6,12.6
BIGBLOC,55.31,55.31
MBAPL,66.42,66.42
CUPID,29.32,29.32
ICICIPRULI,253.81,253.81
HPL,65.27,65.27
AVSL,52.12,48.11
JETKNIT,92.02,92.02
SAKAR,57.06,57.06
AURDIS,11.48,11.48
PANSARI,40.14,40.14
ARTNIRMAN,138.35,138.35
GICL,76.05,76.05
VBL,76.96,76.96
JETFREIGHT,305.18,
TCIEXP,33.21,33.21
TERASOFT,18.76,18.03
LIBAS,8.69,8.69
CAPTRUST,99.89,99.89
MAHESHWARI,16.71,16.71
MCL,81.98,81.98
PRICOLLTD,39.1,39.1
STEELCITY,10,10
KRISHANA,35.88,35.88
GLOBAL,12.57,12.57
SANGINITA,59.63,59.63
RADIOCITY,64.11,64.11
INTENTECH,18.37,18.37
LAXMICOT,,110.29
EIFFL,167.95,167.95
NRAIL,6.35,6.35
CREATIVE,19.94,19.94
FOCUS,18.65,18.65
SIKKO,33.45,33.45
INFOBEAN,36.96,36.96
PSPPROJECT,21.73,21.73
JALAN,,29.41
CDSL,49.97,49.97
TRANSWIND,21.88,21.88
ACEINTEG,54.26,54.26
AVADHSUGAR,9.09,9.09
GANGESSECU,47.04,47.04
TOTAL,127.2,127.2
WEWIN,29.32,29.32
COCHINSHIP,76.91,76.91
VAISHALI,236.06,236.06
SERVOTECH,220.15,220.15
PASHUPATI,184.54,184.54
DIXON,153.62,153.62
CAPACITE,21.66,21.66
SBILIFE,82.53,82.53
CADSYS,9.84,10.04
AARVI,18.39,18.39
GOLDSTAR,62.95,62.95
JASH,45.61,45.61
CMMIPL,16.3,16.3
OMFURN,24.04,24.04
MASFIN,18.93,18.93
DPABHUSHAN,38.16,38.16
NAM-INDIA,31.57,31.57
NIACL,47.97,47.97
SECURCRED,5.91,5.91
AISL,26.91,26.91
VERTOZ,156.95,156.95
FELIX,76.7,76.7
ICEMAKE,52.72,52.72
DNAMEDIA,.58,
INNOVANA,23.47,23.47
TOUCHWOOD,45.45,45.46
AJOONI,55.23,55.23
BCONCEPTS,56.27,56.27
NEWGEN,49.98,49.98
SOUTHWEST,37.69,40.01
ARVEE,233.13,233.13
GMMPFAUDLR,34.22,34.22
HINDCON,43.03,43.03
SARVESHWAR,48.5,48.5
UNIINFO,77.19,77.19
MACPOWER,58.64,58.64
BDL,80.32,80.32
HAL,39.75,39.75
URAVI,271.48,271.48
MITTAL,21.4,39.91
GIRIRAJ,85.08,85.08
ISEC,12.31,12.31
MIDHANI,91.14,91.14
AVG,20.21,33.56
MMP,29.45,29.45
BSHSL,86.03,86.03
MAHICKRA,75.6,75.6
AAKASH,20.89,20.89
GODHA,120.47,120.47
SOFTTECH,131.5,131.5
ORIENTELEC,77.82,98.59
E2E,91.12,91.12
SIRCA,36.74,36.74
SVLL,81.51,81.51
SONAMLTD,38.92,38.92
ADANIGREEN,241.62,200.13
PRITI,23.24,23.24
ACCURACY,358.39,358.39
RITES,35.99,35.99
GANGAFORGE,150.07,152.92
REPL,21.07,21.07
AVROIND,30.02,30.02
TEMBO,19.74,20.19
CREDITACC,13.96,13.96
AARON,44.87,44.87
LAGNAM,17.29,17.29
RPPL,25.89,25.89
AKG,47.11,47.11
IRCON,27.8,27.8
AHLADA,10.13,10.13
SPECTRUM,148.53,148.53
RAJMET,22.04,22.04
KSHITIJPOL,39.17,
KRITIKA,49.96,49.96
SILGO,20.69,20.69
BBTCL,29.46,29.46
IRISDOREME,44.9,44.9
ATGL,141.35,141.35
SHUBHLAXMI,18.27,18.27
UNIPARTS,18.11,18.11
SHRIRAMPPS,4.64,4.64
NILASPACES,22.99,22.99
RPSGVENT,13.29,13.29
CHALET,67.83,67.83
PAR,19.3,19.3
KHFM,122.92,122.92
RVNL,77.47,77.47
METROPOLIS,81.36,81.36
KPITTECH,69.29,69.29
NEOGEN,115.3,115.3
VIKASLIFE,,91.35
CONFIPET,25.9,25.9
PPL,12.44,12.44
INDIAMART,39.58,39.58
ABINFRA,73.21,74.27
WEL,179.55,179.55
CHEMCON,48.6,48.6
SPANDANA,9.81,9.81
HNDFDS,68.12,68.12
UJJIVANSFB,6.6,6.6
IRCTC,66.18,63.73
DCI,42.4,42.4
360ONE,41.81,38.97
HPIL,116.62,116.62
VISHWARAJ,22.8,22.8
FLUOROCHEM,82.72,82.72
KUANTUM,8.23,8.23
CHEMBOND,18.43,18.43
MGEL,18.82,18.82
SBICARD,27.58,27.58
HOMEFIRST,28.57,28.57
CSBBANK,10.35,10.35
ASCOM,36.42,36.3
EASEMYTRIP,66.73,40.36
ROSSARI,35.6,35.6
PRINCEPIPE,34.9,37.81
ESAFSFB,5.27,5.27
ARTEMISMED,68.96,68.96
SUMICHEM,56.58,56.58
LGHL,76.85,81.04
ASALCBR,24.41,24.41
MAHEPC,,2095.89
BAFNAPH,27.04,27.04
SUVENPHAR,82.52,82.52
STOVEKRAFT,55.69,55.69
KSOLVES,33.77,33.77
HAPPSTMNDS,47.66,49.65
GLAND,48.07,48.07
BOROLTD,59.69,59.69
MAXHEALTH,79.64,79.64
PAVNAIND,44.28,44.28
KALYANKJIL,88.4,88.4
SHAREINDIA,13.5,13.48
UNIDT,47.64,47.64
ANGELONE,15.44,15.44
ADL,1836.86,1836.86
SURYODAY,8.52,8.52
ROML,51.19,51.19
RAILTEL,56.61,55.88
BECTORFOOD,55.74,55.74
NURECA,459.23,459.23
HERANBA,42.5,42.5
MTARTECH,97.47,97.47
FAIRCHEMOR,37.89,37.89
ANURAS,51.15,51.15
KANPRPLA,318.73,318.73
ISGEC,39.21,39.21
STYLAMIND,24.64,24.48
CLSEL,9.98,9.98
CARYSIL,37.17,37.17
SHAILY,61.26,61.26
MODISONLTD,22.99,28.89
FIBERWEB,21.24,21.24
BCLIND,17.12,17.05
BHAGCHEM,191.93,191.93
SBCL,41.81,41.81
SMCGLOBAL,7,7
QMSMEDI,22.07,22.07
NPST,6538.09,6538.09
ARIHANTCAP,10.02,10.02
NAZARA,77.23,76.54
IPL,38.03,38.03
GENCON,21.9,21.9
LODHA,63.58,60.44
HLEGLAS,73.28,67.92
VMARCIND,24.23,24.23
SONACOMS,69.78,69.21
UTKARSHBNK,9.99,9.99
PARAS,125.42,125.42
CRAFTSMAN,39.2,39.2
DODLA,35.81,35.81
EXXARO,171.28,171.28
JUBLINGREA,55.47,55.47
ROLEXRINGS,36.12,32.75
WALPAR,42.41,42.41
SHYAMMETL,17.62,17.62
KIMS,50.51,50.51
TATVA,85.98,85.98
CLEAN,65.68,65.68
GLS,25.19,25.19
ABSLAMC,22.16,22.16
DEEPINDS,14.42,14.47
ZOMATO,365.37,365.37
BEWLTD,33.94,33.94
PIXTRANS,23.96,23.96
WINDLAS,28.72,28.72
CARTRADE,52.46,52.46
KRSNAA,34.49,34.49
DEVYANI,1510.22,267.2
APTUS,24.19,24.19
SUPRIYA,26.18,26.18
ANMOL,8.75,8.75
VIJAYA,66.55,65.76
AMIORG,123.31,55.68
VINEETLAB,53.24,53.24
SANSERA,39.76,39.76
BAJAJHCARE,,32.57
PRITIKAUTO,27.75,27.75
AAREYDRUGS,28.9,28.9
GRINFRA,13.22,16.45
INTLCONV,7.9,7.9
DUGLOBAL,657.74,657.74
REXPIPES,16.13,16.13
STEELCAS,17.54,17.54
HPAL,43.37,43.73
STARHEALTH,38.16,38.16
YUKEN,83.4,83.4
SGIL,40.61,40.61
SJS,30.78,30.78
FINOPB,31.24,31.24
NYKAA,1222.49,1222.49
AWL,87.38,80.99
SAPPHIRE,299.43,299.43
QUADPRO,46.32,46.32
PRUDENT,65.49,65.49
NUVOCO,86.02,86.02
GOCOLORS,69.99,69.99
TRACXN,130.85,130.85
FUSION,8.66,8.66
COASTCORP,83.3,83.3
MEDPLUS,130.11,130.11
RATEGAIN,62.12,62.12
LATENTVIEW,60.68,60.68
METROBRAND,86.25,86.25
PASUPTAC,25.88,25.88
PARADEEP,29.62,29.62
MAPMYINDIA,85.06,85.06
TMB,6.55,6.55
DYNAMIC,74.35,74.35
DESTINY,20.44,20.44
MANYAVAR,71.08,71.08
GANESHBE,18.31,18.29
DMCC,60.41,60.41
FOCE,36.98,36.98
EMIL,43.27,43.27
UMAEXPORTS,27.68,26.9
DATAPATTNS,84.68,84.68
JSLL,39.07,39.07
COOLCAPS,99.99,99.95
AHL,31.24,31.24
MALLCOM,22.4,22.4
SMLT,17.15,17.15
RADIANTCMS,20.25,20.25
EUROBOND,59.58,59.58
HARIOMPIPE,34.75,34.75
DCMSRIND,15.46,15.46
RAJRILTD,312.76,312.76
EMUDHRA,89.1,89.1
FIVESTAR,23.38,23.38
VIRINCHI,30.28,30.28
SBC,62.39,62.39
ELIN,68.67,68.67
SHIGAN,39.1,39.1
TIMESCAN,10.83,10.83
MHLXMIRU,19.12,19.12
RELCHEMQ,53.98,53.98
GATEWAY,20.12,20.12
ZIMLAB,28.96,28.96
JTLIND,32.92,32.92
RAINBOW,55.58,55.58
AETHER,138.99,72.77
ROTO,49.54,49.54
SPRL,30.21,30.21
INDOBORAX,14.48,14.48
RACE,362.48,362.48
ETHOSLTD,124.63,124.63
SONUINFRA,17.21,17.21
MSUMI,47.34,47.34
KNAGRI,29.86,29.86
HARSHA,43.28,43.28
KRISHIVAL,51.51,51.51
OBCL,29.63,29.63
LICI,16.69,16.69
INDOAMIN,23.18,23.18
KRISHNADEF,97.46,97.46
SWARAJ,34.16,34.16
AMEYA,29.58,29.58
INOXGREEN,166.23,166.23
BIKAJI,65.77,65.77
RITCO,22.68,22.68
SKP,61.97,61.97
RILINFRA,29.55,29.55
HARDWYN,95.5,95.5
HMAAGRO,25.16,25.16
MEDICO,36.82,36.82
CMRSL,14.58,11.94
YATHARTH,32.63,32.63
DCXINDIA,50.86,50.86
AKSHAR,22.22,22.22
NGLFINE,37.4,37.4
SABAR,15.04,15.04
FIDEL,24.26,24.26
AXITA,31.71,31.71
PLAZACABLE,101.02,101.02
SENCO,42.85,42.85
USASEEDS,25.24,25.24
TRU,50.2,50.2
RADHIKAJWE,16.34,16.34
SPLPETRO,37.29,37.29
RAMRAT,30.89,30.89
VIVIANA,118.09,118.09
CSLFINANCE,14.21,14.21
AGNI,216.88,216.88
GOYALALUM,56.2,56.2
RUSTOMJEE,133.57,133.57
GENSOL,65.55,65.44
DBOL,24.75,24.75
KANDARP,35.27,35.27
GSLSU,40.82,40.82
SPORTKING,19.72,19.72
ALLETEC,218.84,218.84
MANORAMA,96.55,96.55
ARABIAN,26.34,26.34
GRMOVER,19.16,19.16
SYNCOMF,56.52,56.48
DJML,66.98,66.98
BAHETI,42.19,42.19
SULA,43.38,43.38
SIGNATURE,484.25,484.25
ANNAPURNA,86.45,86.45
KRITINUT,13.58,13.58
KALAMANDIR,23.95,23.95
AVALON,116.25,116.25
CONCORDBIO,53.09,53.09
GRCL,135.13,135.13
BAIDFIN,14.05,14.05
PHANTOMFX,21.22,21.22
QUICKTOUCH,11.79,11.79
IPSL,24.65,24.65
KAMOPAINTS,85.13,85.13
BLUEJET,51.82,49.63
MVGJL,17.43,17.43
JIWANRAM,20.9,20.9
SCPL,20.58,20.58
SUKHJITS,15.18,15.18
FROG,32.59,32.59
MANKIND,41.18,41.18
SKYGOLD,65,65
ARIHANTACA,58.73,58.73
SATINDLTD,3.93,3.93
DIVGIITTS,49.05,49.05
USK,12.87,12.87
ANLON,67.24,67.24
CMNL,13.06,12.87
SRIVASAVI,27.9,27.9
IKIO,38.86,38.86
MANOMAY,41.11,41.11
FAZE3Q,27.4,27.4
LLOYDSME,26.8,26.8
AARTIPHARM,23.97,23.97
RHL,71.66,71.66
SAHYADRI,15.49,15.49
SAHANA,84.89,84.89
NINSYS,54.42,54.42
DUCOL,40.38,40.38
SBFC,32.1,32.1
SBGLP,70.61,70.61
ASMS,446.09,290.89
HYBRIDFIN,13.81,13.56
VIAZ,28.45,28.45
ZAGGLE,67.09,67.09
AGARWALFT,357.15,357.15
HONASA,169.82,169.82
RISHABH,39.16,39.16
IRMENERGY,28.97,28.97
SAH,311.03,311.03
QFIL,22.55,22.55
CYIENTDLM,89.88,89.88
NIRMAN,71.5,71.5
AKI,142.38,142.38
MASTER,52.55,52.55
SYSTANGO,21.14,21.14
RATNAVEER,23.73,23.73
SECMARK,292.7,292.7
AUROIMPEX,14.1,14.1
SPECTSTM,19.51,19.51
ATAM,31.95,31.95
IDEAFORGE,110.76,110.76
CRAYONS,18.11,18.11
INFOLLION,32.97,32.97
LAL,44.29,44.29
INFINIUM,53.57,53.57
AARTECH,187.54,187.54
ESFL,32.43,32.43
AATMAJ,69.41,69.41
DOLPHIN,204.84,214.16
ASHOKAMET,9.77,9.77
CELLPOINT,36.69,36.69
SEL,111.39,111.39
GREENCHEF,34.01,34.01
NETWEB,142.08,142.08
MAGSON,25.63,25.63
AEROFLEX,46.84,46.71
EMSLIMITED,34.31,34.31
MONOPHARMA,26.91,26.91
VPRPL,25.97,25.97
UDS,26.38,26.38
SYNOPTICS,13.55,13.55
ATL,29.3,29.3
COMMITTED,13.68,13.68
JSWINFRA,57.46,57.46
SANGANI,21.93,21.93
JLHL,47.85,47.87
DRONE,99.97,99.97
YASHO,48,48
SERVICE,25.44,25.44
KEL,47.91,47.91
NIITMTS,28.68,27.99
VINSYS,23.95,23.95
ACSAL,12.7,12.7
SAROJA,20.83,20.83
SINDHUTRAD,37.76,37.75
ORIANA,68.35,68.35
CHAVDA,19.4,19.4
TRANSTEEL,12.28,12.12
OLIL,46.35,46.35
KODYTECH,566.71,566.71
SCML,20.74,20.74
MUFIN,136.5,131.22
MAL,8.85,8.85
HIGREEN,45.72,45.72
CELLECOR,38.26,38.26
JIOFIN,170.26,170.26
MADHUSUDAN,25.27,25.27
GOYALSALT,33.69,33.69
WOMANCART,41.32,41.32
HOLMARC,32.78,32.78
TREL,5,47.13
MARCO,32.95,32.95
DIAMINESQ,63.57,63.57
KONTOR,96.81,96.81
MICROPRO,19.83,19.83
CANARYS,50.51,50.51
MAITREYA,39.39,39.39
AMNPLST,75.5,75.5
SARTELE,57.55,57.55
PARAGON,19.22,19.22
DEEPAKFERT,22.04,22.04
TARSONS,61.97,61.97
TEGA,62.21,62.21
MANORG,66.48,66.48
MICEL,29.42,32.82
FOODSIN,23.04,23.02
KRITI,38.94,38.94
GVPTECH,71.08,71.08
MEDICAMEQ,53.84,53.84
SHIVALIK,51.24,51.24
MEDANTA,66.48,66.48
ASIANENE,49.28,45.98
NRL,52.87,52.87
CHOICEIN,53.94,53.94
GRWRHITECH,26.58,26.58
DYCL,33.42,33.42
STARTECK,16.21,16.21
ELDEHSG,26.9,26.9
SEJALLTD,103.74,103.74
SYRMA,65.28,64.76
CAMPUS,100.1,100.1
VENUSPIPES,44.46,44.46
MEGASTAR,50.49,50.49
LANDMARK,43.69,42.31
DREAMFOLKS,35.29,35.29
DHARMAJ,25.97,25.97
GMRP&UI,154.6,
TVSSCS,8584.63,216.87
ACI,32.35,32.35
SADHNANIQ,455.57,455.57
CHEVIOT,12.39,12.39
KFINTECH,52.24,52.24
KAYNES,128.02,128.02
POCL,45.04,45.04
REDTAPE,73.95,73.95
PTCIL,544.28,544.28
PYRAMID,22.36,22.36
GHCLTEXTIL,33.39,33.39
KIRLPNU,56.49,54.18
RRKABEL,64.73,64.8
NUVAMA,28.63,28.63
SANDUMA,25.39,25.39
SRGHFL,30.21,30.21
CELLO,73.56,73.56
EMKAYTOOLS,12.93,12.93
KKVAPOW,124.71,124.71
PROLIFE,11.73,11.73
ACCORD,41.19,41.19
RMDRIP,76.87,76.87
TIRUPATI,50.79,50.79
BETA,32.72,32.72
MILTON,21.23,21.23
PULZ,13.69,13.69
SOLEX,137.07,137.07
MHHL,10,10
MDL,54.03,50.5
CONTI,372.98,372.31
PARIN,144.29,144.29
SURANI,644.66,644.66
SECL,1562.1,1562.1
PARTYCRUS,21.1,21.1
SIDDHIKA,17.49,17.49
AILIMITED,72.02,72.02
BMETRICS,21.59,21.59
DKEGL,11.13,11.13
KOTYARK,43,43
PRECISION,17.26,17.26
NIDAN,,21.64
RICHA,28.94,28.94
MADHAVBAUG,68.12,68.12
GSTL,88.1,88.1
LEMERITE,259.75,259.75
KCK,152.35,152.35
PROPEQUITY,24.66,24.66
VEEKAYEM,29.01,29.01
MWL,26.16,26.16
ARISTO,16.78,16.78
JFLLIFE,19.29,19.29
SWASTIK,146.27,146.27
KORE,184.11,180.11
ISHAN,,169.97
CLOUD,3.59,3.59
MEGAFLEX,44.78,44.78
RITEZONE,14.95,14.95
AMIABLE,10.47,10.47
DOLLEX,8.55,8.55
ARHAM,45.91,45.91
PRITIKA,60.9,60.9
VERTEXPLUS,118.07,118.07
RBMINFRA,55.51,55.51
HOMESFY,69.86,58.53
LRRPL,87.5,87.5
DENEERS,18.14,18.14
AGUL,16.58,16.58
YCCL,36.2,36.2
MOS,41.05,41.05
SOTAC,47.91,46.78
SHRITECH,14.21,14.21
URBAN,26.01,26.01
KRISHCA,29.52,29.52
REMUS,42.81,42.81
PENTAGON,19.77,19.77
PROV,66.36,66.36
EFACTOR,16.67,16.67
DENTALKART,58.26,58.26
SSFL,71.29,71.29
SAHAJ,28.04,28.04
GLOBALPET,44.41,44.41
PRAMARA,39.87,39.87
ZEAL,21.9,21.9
UNIHEALTH,16.61,16.61
ONDOOR,45.36,44.95
PLADAINFO,9.16,9.16
KARNIKA,35.59,35.59
SAAKSHI,77.93,77.93
BASILIC,44.55,44.55
CPS,77.06,77.06
NEWJAISA,62.3,62.3
SHANTHALA,132,132
VISHNUINFR,21.48,21.48
INSPIRE,16.64,16.64
DIGIKORE,85.71,85.71
VINYAS,208.03,208.03
TALBROAUTO,22.94,33.18
GEECEE,20.43,20.43
JMFINANCIL,248.01,9.31
FIEMIND,20.26,20.26
RUCHIRA,7.82,7.82
VENUSREM,18.36,18.36
NFL,98.34,98.34
PLASTIBLEN,20.66,20.66
PARACABLES,25.84,25.84
AVTNPL,25.81,25.81
TIDEWATER,31.77,31.77
LUMAXTECH,22.84,22.84
AUTOIND,32.84,32.93
ORIENTBELL,6880.67,6880.67
TTL,56.02,56.02
SMSPHARMA,41.74,41.74
LAOPALA,27.14,27.14
JKTYRE,12.17,11.86
THEMISMED,68.73,68.73
BALAMINES,31.98,31.98
FORTIS,54.8,55.73
WEBELSOLAR,,254.73
INSECTICID,23.43,23.43
PONNIERODE,10.4,10.4
SURANAT&P,35.48,35.48
OFSS,36.39,36.39
CANBK,5.83,5.83
GODREJIND,45.19,45.19
BAGFILMS,22.2,22.2
TVSELECT,2487.05,2487.05
IGL,23.38,23.38
UNIENTER,29.32,29.32
MUKANDLTD,23.66,23.66
PTC,11.22,10.98
MAHABANK,9.75,9.75
RKFORGE,45.26,45.21
DATAMATICS,17.91,17.67
EXCELINDUS,100.04,100.04
CENTEXT,26.35,26.77
ULTRACEMCO,46.79,46.61
GUFICBIO,41.21,41.21
WELENT,19.73,19.73
JBMA,109.91,109.91
DWARKESH,38.01,38.01
XCHANGING,98.52,98.52
CONSOFINVT,13.33,13.33
JPPOWER,10.45,7.54
SAKSOFT,29.34,29.34
WELCORP,18.98,18.98
PRIMESECU,31.15,35.14
JSWHL,60.71,60.71
YESBANK,50.09,50.09
MSPL,93.28,76.22
GOLDIAM,21.2,21.2
FCSSOFT,,68.23
RAJSREESUG,16.96,16.96
ZENSARTECH,24.97,24.97
JYOTISTRUC,80.87,80.87
MUNJALSHOW,20.71,19.48
RANASUG,12.79,12.79
WSI,16.77,16.57
SUNFLAG,29.95,29.95
WIPRO,22.68,22.68
MURUDCERA,54.62,54.62
LIBERTSHOE,75.86,57.73
HEIDELBERG,31.92,31.92
POLYPLEX,39.8,39.8
SAIL,21.29,16.85
BRITANNIA,64.38,63.79
KOTAKBANK,16.55,19.13
GOLDENTOBC,10.61,12.04
GABRIEL,38.12,38.12
PRAKASH,8.91,8.91
SUDARSCHEM,53.5,53.5
HINDALCO,13.51,13.53
AMBUJACEM,35.25,37.07
CGPOWER,111.63,114.16
BEL,50.05,50.05
PEARLPOLY,76.83,76.83
TTKPRESTIG,62.09,62.09
EIMCOELECO,34.55,34.55
BIOFILCHEM,143.3,143.3
SANGAMIND,46.76,40.83
CREST,19.01,19.01
TVSSRICHAK,30.78,29.34
GUJAPOLLO,27.31,27.31
JCHAC,3472.93,176.21
KOTHARIPET,14.3,14.23
WANBURY,11.35,20.89
IZMO,24.63,24.63
TIIL,25.58,24.96
PFC,7.73,7.73
PAGEIND,80.41,80.41
ASTRAL,102.92,102.92
NCLIND,11.32,11.32
PHOENIXLTD,42.98,42.97
ALPHAGEO,268.85,39.51
KMSUGAR,12.21,12.21
V2RETAIL,83.3,83.3
ALPA,11.51,11.55
MOTILALOFS,12.57,12.57
POWERGRID,20.2,20.2
CERA,53,52.73
ADANIPOWER,16.64,16.64
RTNPOWER,.88,
SHILPAMED,177.46,197.05
DLINKINDIA,20.77,20.77
BEARDSELL,16.84,16.84
VASCONEQ,30.16,30.16
SJVN,58.74,63.17
IMFA,9.53,9.53
ADFFOODS,32.79,32.79
SASTASUNDR,8.08,8.15
WABAG,30.18,29.33
PRESTIGE,40.6,40.6
GRAVITA,45.84,45.84
JAMNAAUTO,24.84,24.84
JUBLINDS,73.4,34.23
DHUNINV,13.12,13.12
PIIND,38.72,38.72
SCHNEIDER,101.61,99.81
NDL,15.56,15.56
TBZ,15.73,15.73
VSSL,21.77,21.77
SPECIALITY,26.51,26.51
MAYURUNIQ,21.04,21.04
DUCON,25.87,25.87
ZUARI,6.06,6.06
CARERATING,27.35,27.35
REPCOHOME,7.1,7.1
ATULAUTO,249.21,249.21
ORIENTCEM,39.8,39.8
JPOLYINVST,26.3,26.3
AGRITECH,13.79,13.79
CASTROLIND,27.04,27.04
AGARIND,15.38,15.38
GOCLCORP,41.78,43.67
SHARDACROP,32.67,32.67
INTELLECT,42.06,41.69
FCL,34.07,34.07
GULPOLY,64.76,64.76
APOLSINHOT,34.52,34.52
GRPLTD,76.56,70.9
GREENLAM,58.27,58.27
GANECOS,96.98,96.98
HESTERBIO,123.39,123.39
MANAKSTEEL,11.89,11.96
AVANTIFEED,20.91,20.91
VRLLOG,68.61,69.03
TPLPLASTEH,44.9,44.9
PNCINFRA,13.22,13.22
ALANKIT,26.46,26.46
ORICONENT,28.82,24.23
SYNGENE,67.13,69.52
RAMASTEEL,54.52,54.52
MUTHOOTCAP,4.33,102.77
POWERMECH,34.73,34.73
SHREEPUSHK,20.31,20.31
INDIGO,21.07,21.07
LUXIND,56.58,56.58
TTKHLTCARE,28.02,34.74
SALZERELEC,29.25,29.25
LINCOLN,13.75,13.75
NH,30.85,30.85
OCCL,5.94,5.94
QUICKHEAL,70.3,70.3
NECCLTD,31.62,31.62
KELLTONTEC,20.54,20.54
BHARATWIRE,17.62,17.62
PARAGMILK,22.75,22.75
ARMANFIN,10.67,10.67
ASPINWALL,20.04,20.04
SALONA,24.6,24.6
CONTROLPR,24.14,24.16
MAHASTEEL,35.72,43.91
DAMODARIND,45.48,45.48
MOLDTECH,24.64,24.64
POKARNA,27.19,27.19
GPTINFRA,31.78,31.78
MINDTECK,38.59,38.59
ADVENZYMES,33.85,31.52
SPAL,26.44,26.44
RBLBANK,9.95,9.95
LTTS,39.87,39.87
GNA,17.98,17.98
MARATHON,21.99,21.99
ENDURANCE,51.27,51.27
MAZDA,17.77,17.77
PNBHOUSING,12.89,12.89
KINGFA,29.29,29.29
PODDARMENT,14.96,14.96
NBIFIN,74.38,74.38
SFL,52.32,74.45
LAURUSLABS,149.95,149.95
ITDC,87.21,87.12
HISARMETAL,15.84,15.84
SPCENET,138.79,138.79
BHANDARI,25.72,25.72
BSE,44.83,91.98
JITFINFRA,24.94,30.18
TASTYBITE,60.4,60.4
URJA,366.32,366.32
SCHAND,15.38,15.38
BHAGYANGR,34.06,34.06
TEJASNET,118.06,118.06
GTPL,19.58,19.58
STEELXIND,77.58,77.58
MAGADSUGAR,8.79,8.79
ALBERTDAVD,9.13,9.13
AKASH,322.78,322.78
DMART,120.54,120.54
AIRAN,26.36,26.36
ARIHANTSUP,17.9,17.9
CLEDUCATE,27.24,29.09
SHANKARA,19.06,19.06
WIPL,39.86,39.86
DEVIT,23.85,23.85
DOLLAR,32.45,32.23
STARCEMENT,28.06,28.06
ERIS,38.34,38.34
AUBANK,28.63,27.59
DYNPRO,120.41,120.41
SALASAR,55.26,55.26
THEINVEST,60.32,60.32
SMSLIFE,41.91,41.91
GEEKAYWIRE,12.03,12.03
CHOLAHLDNG,7.03,7.03
WORTH,12.15,12.15
DPWIRES,26.16,26.16
AIROLAM,24.78,24.78
IEX,47.23,47.23
5PAISA,24.16,24.16
SILVERTUC,60.08,60.08
ONEPOINT,62.45,62.45
MOKSH,13.89,13.89
SILLYMONKS,172.2,172.2
SINTERCOM,305.22,305.22
GRSE,67.33,67.33
VINNY,27.37,27.37
MARINE,131.27,131.93
TECHNOE,67.71,67.71
TREJHARA,17.32,141.32
AWHCL,22.07,22.07
MSTCLTD,28.31,28.31
ARVINDFASN,52.74,50.87
POLYCAB,53.54,53.54
EMAMIPAP,9.5,9.5
DGCONTENT,33.17,33.17
OAL,160.78,160.78
SATIA,5.63,5.63
AFFLE,64.66,64.66
WESTLIFE,280.62,280.62
MAZDOCK,51.75,51.75
SAFARI,59.42,59.42
IIFLSEC,9.74,9.74
GREENPANEL,36.43,36.43
APOLLOPIPE,56.31,56.31
ROUTE,25.31,26.29
SIGMA,20.25,20.25
EQUITASBNK,14.21,14.21
HINDWAREAP,82.87,82.87
LIKHITHA,24.39,24.39
PATANJALI,67.84,67.84
ATALREAL,26.75,26.75
UNIVPHOTO,12.77,12.77
POWERINDIA,269.18,269.18
RAJRATAN,39.21,39.21
AARTISURF,28.13,28.13
NDRAUTO,38.33,38.33
AAATECH,42.91,42.91
SIGACHI,34.67,34.67
NIRAJ,19.18,12.95
CAMS,49.96,49.96
UTIAMC,14.79,14.79
ORCHPHARMA,74,74
INDIGOPNTS,48.76,48.76
LXCHEM,58.88,58.88
UGROCAP,18.45,18.45
KPIGREEN,69.3,69.2
ANANDRATHI,60.31,60.31
POLICYBZR,473.05,631.85
MONARCH,15.33,15.32
EPIGRAL,28.42,28.42
CMSINFO,24.77,24.77
RUSHIL,23.28,23.28
REPRO,74.28,74.28
UCOBANK,30.51,30.51
JAIBALAJI,17.2,17.2
BIOCON,29.06,28.96
NIITLTD,34.18,34.18
GULFPETRO,12.53,12.53
KOTARISUG,40.16,40.16
SUPRAJIT,40.57,40.57
JINDALPHOT,53,53
ALLSEC,19.05,22.99
CYBERMEDIA,17.73,23.01
63MOONS,7.9,7.9
GENUSPOWER,87.56,87.56
RML,64.02,12.53
PILITA,58.08,58.08
SREEL,25.76,25.76
SDBL,22.71,22.71
CAPLIPOINT,25.4,25.41
SUPERHOUSE,20.65,20.65
GENUSPAPER,178.13,178.13
JMA,9.2,9.2
ZENTEC,82.06,83.03
VIPULLTD,1.82,1.81
NILAINFRA,42.11,42.11
SHYAMCENT,487.07,487.07
PKTEA,21.71,21.71
SHARDAMOTR,20.52,20.52
COFFEEDAY,,5.94
UMANGDAIRY,195.33,195.33
ALKEM,35.13,33.37
HITECH,47.91,47.91
HCG,120.67,129.71
CROMPTON,56.76,56.76
BODALCHEM,149.42,149.42
FILATEX,24.96,24.96
TDPOWERSYS,50.88,50.88
VASWANI,16.24,16.24
PGEL,59.41,59.41
PAISALO,31.61,31.67
TRITURBINE,68.2,68.2
INDOTHAI,19.6,19.6
DSSL,28.53,28.53
POLYMED,65.36,65.36
VIKASECO,41.63,41.63
KANANIIND,94.91,94.91
MINDACORP,54.41,54.41
DBSTOCKBRO,17.43,17.43
TIMETECHNO,21.92,21.92
NELCAST,21.97,31.33
ADSL,23.26,23.26
CENTRALBK,16.82,16.82
KPRMILL,40.11,40.11
PURVA,138.87,138.87
NAGREEKCAP,.98,.98
MAGNUM,14.96,20.66
MANGCHEFER,10.63,10.63
MAANALU,20.97,20.97
BAJAJELEC,88.05,88.05
RELIGARE,22.31,46.9
EDELWEISS,11,11
COLPAL,65.22,65.22
HITECHCORP,19.13,19.13
ECLERX,23.82,23.75
BRIGADE,58.2,58.2
MANAKSIA,7.65,5.79
ARIES,18.7,18.7
CEATLTD,17.05,16.01
CORDSCABLE,25.11,25.11
HERCULES,50.09,50.09
IRB,39.67,39.67
GSS,31.7,31.7
NAHARCAP,13.27,13.27
VGUARD,68.15,68.15
NESCO,17.08,17.08
DPSCLTD,114.47,114.47
BAJAJFINSV,15.52,15.52
GOKUL,233.73,18.35
RPGLIFE,33.77,33.77
RBL,15.81,15.49
ARCHIDPLY,39.37,39.37
VINYLINDIA,30.14,30.14
20MICRONS,15.82,15.52
JOCIL,71.95,71.95
COUNCODOS,34.43,34.43
MAWANASUG,10.94,10.94
AJMERA,23.52,23.52
MHRIL,68.13,68.13
VINATIORGA,64.03,64.03
NHPC,24.42,24.42
SUNTECK,114.59,114.59
DEN,11.2,11.2
SARDAEN,16.49,16.43
JSWENERGY,61.24,61.24
GODREJPROP,66.97,66.97
MMTC,217.37,308.37
WHIRLPOOL,88.46,84.48
UNITEDTEA,12.1,12.1
THANGAMAYL,37.54,37.54
HATHWAY,56.95,56.25
LGBBROSLTD,14.4,15.07
ISFT,20.64,20.64
KIRLOSBROS,45.32,45.46
KIRLOSIND,14.99,13.52
TI,32.53,31.85
BLISSGVS,12.74,6.29
AHLEAST,7.1,9.28
IITL,7.54,10.57
UGARSUGAR,40.28,40.28
GPPL,30.92,28.25
WELINV,109.37,109.37
CAREERP,15.93,15.93
CANTABIL,36.83,37.55
OBEROIRLTY,28.62,28.62
COALINDIA,8.81,8.81
IOLCP,17.71,17.71
RPPINFRA,13.54,13.54
MOIL,24.69,24.69
RKDL,,366.04
PSB,64.34,64.34
STEL,62.11,62.11
HINDMOTORS,27.33,27.33
LOVABLE,62.5,62.5
VADILALIND,21.5,21.5
RELAXO,109.74,109.74
VSTTILLERS,28.04,28.04
KARMAENG,792.81,792.81
MAITHANALL,8.34,8.34
SAREGAMA,50.88,50.88
ENGINERSIN,35.81,35.81
ADROITINFO,13.64,13.64
JAICORPLTD,107.72,107.72
GMDCLTD,20,20
MAHAPEXLTD,.48,31.75
ASAHIINDIA,52.1,52.1
J&KBANK,6.67,6.67
CUB,11.42,11.42
SOUTHBANK,5.64,5.64
ASTRAZEN,107.85,116.24
AXISBANK,13,13
CYIENT,27.62,26.05
KOKUYOCMLN,39.83,39.83
DHANBANK,18.18,18.18
SANGHVIMOV,23.51,23.51
NATIONALUM,15.39,18.21
JINDALSTEL,16.89,16.89
NIPPOBATRY,28.5,28.5
HCLTECH,26.13,26.13
ACCELYA,27.03,27.1
IOB,40.44,40.44
BIL,45.13,45.13
KTKBANK,6.14,6.14
AJANTPHARM,40.79,40.79
CALSOFT,40.36,40.36
TVSMOTOR,62.88,62.88
PNC,40.28,40.28
NLCINDIA,18.89,18.89
CHENNPETRO,5.39,5.39
KRBL,12.93,12.93
USHAMART,25.78,25.78
BALAJITELE,34.91,34.91
TRIDENT,57.79,57.81
GODREJCP,,80.67
LUPIN,38.09,38.09
TCI,26.99,26.79
BHARTIARTL,94.2,78.17
PENINLAND,14.07,19.85
THERMAX,76.46,89.08
PREMIERPOL,20.64,20.64
RAYMOND,20.01,19.25
SESHAPAPER,9.32,9.32
SUNDRMFAST,52.76,52.76
EXIDEIND,46.57,46.57
ELECON,36.43,36.43
CRISIL,46.87,46.87
ORIENTPPR,168.45,168.45
NELCO,83.54,83.54
MASTEK,28.84,28.62
LUMAXIND,49.13,49.13
KECL,92.44,92.44
CUMMINSIND,66.17,66.12
JAYBARMARU,36.73,36.73
INFY,27.25,27.25
INDIAGLYCO,21.87,21.87
IGPL,47.43,47.43
GNFC,19.46,19.46
BPCL,8.03,7.78
BASF,44.4,44.4
ATUL,70.72,70.72
ACC,19.81,22.44
SCI,19.11,19.11
MRPL,13.23,13.19
HINDPETRO,9.8,9.8
ASHOKLEY,26.98,26.44
VOLTAS,125.2,125.2
TITAN,85.71,85.71
SUNDARMFIN,29.99,28.68
SPIC,18.05,12.27
SBIN,10.31,9.58
NOCIL,36.52,36.52
DRREDDY,20.47,20.47
CHAMBLFERT,16.49,16.49
HINDOILEXP,15.03,17.42
BALMLAWRIE,22.1,22.1
CENTURYTEX,91.75,91.75
CENTENKA,25.74,25.74
VTL,21.65,21.65
FEDERALBNK,11.5,11.5
SUPREMEIND,63.55,63.55
BALRAMCHIN,18.59,18.59
WEIZMANIND,19.15,19.15
RANEHOLDIN,20.32,10.48
SHREYANIND,5.3,5.3
HCC,17.83,
ASHIMASYN,8.37,8.37
ADANIENT,81.2,76.83
INDBANK,22.28,22.28
GET&D,149.38,149.38
BERGEPAINT,55.58,55.78
ANIKINDS,619.78,619.78
IGARASHI,183.36,183.36
JAYNECOIND,21.85,20.05
SOTL,21.74,21.74
KARURVYSYA,9.77,9.77
UFLEX,,13.97
THOMASCOOK,35.28,35.28
SUBROS,42,42
SIEMENS,100.49,100.49
VSTIND,23.37,23.37
TOKYOPLAST,105.61,105.61
SOMANYCERA,28.56,29.59
SANOFI,30.36,28.54
KABRAEXTRU,47.99,47.99
PRSMJOHNSN,53.09,
PIDILITIND,88.72,86.25
OSWALAGRO,198.74,197.65
HONDAPOWER,45.13,47.07
RUBYMILLS,19.43,19.43
ABB,108.17,108.17
CANFINHOME,13.41,13.41
ELECTCAST,13.06,13.06
DABUR,60.29,60.29
CIPLA,28.54,27.58
HDFCBANK,17.46,17.37
GMBREW,11.07,11.07
GIPCL,16.48,16.48
INDIANHUME,32.62,32.62
IOC,7.77,7.77
KAMATHOTEL,13.6,45.7
BANCOINDIA,17.6,17.6
APOLLOTYRE,19.01,18.33
SHANTIGEAR,52.93,52.93
ONWARDTEC,30.27,30.27
NILKAMAL,27.58,27.58
ICIL,22.22,22.22
ELGIEQUIP,63.13,63.13
AUROPHARMA,25.78,24.94
EIHOTEL,38.52,38.11
LICHSGFIN,7.56,7.56
BEPL,18.66,18.66
MOREPENLAB,30.25,30.25
VENKEYS,32.54,32.54
GHCL,10.87,10.87
HIL,61.32,1147.22
BPL,40.17,40.17
PGHH,73.29,73.29
VESUVIUS,40.67,40.67
BOMDYEING,1.43,
NAVNETEDUL,18.41,20.06
GLAXO,73.84,65.36
CHOLAFIN,30.79,30.79
INDHOTEL,69.35,69.35
JAYSREETEA,27.47,
KANSAINER,36.02,36.02
FOSECOIND,49.55,49.78
SCHAEFFLER,65.8,65.55
AMJLAND,16.84,16.84
MFSL,93.1,93.1
GREAVESCOT,,280.1
SURYAROSNI,18.62,18.62
SAKHTISUG,3.59,
AKZOINDIA,32.76,32.76
HINDZINC,31.6,31.6
GRASIM,17.54,16.85
FINCABLES,36.73,43.08
EIDPARRY,8.1,8.1
CESC,15.94,19.42
BAJFINANCE,27.13,27.13
CORALFINAC,9.32,9.32
GREENPLY,41.08,45.16
REMSONSIND,46.34,45.44
DALMIASUG,11.67,11.67
SWARAJENG,24.8,24.8
MRF,27.65,27.65
TNPETRO,16.89,15.08
JAYAGROGN,14.99,14.99
SAMBHAAV,68.31,90.42
ZENITHEXPO,440.06,440.06
SUNDRMBRAK,30.17,30.17
AARTIDRUGS,29.29,29.29
INDIANCARD,20.4,
DENORA,39.21,39.21
DYNAMATECH,36.6,70.09
JAGSNPHARM,42.56,42.56
MPHASIS,31.92,31.92
RAMCOIND,26.46,26.46
INDRAMEDCO,20.63,20.63
MADRASFERT,302.93,30.14
SKMEGGPROD,8.13,8.13
HUDCO,27.03,27.03
SUZLON,104.85,97.84
TRIVENI,22.72,22.72
NAHARINDUS,70.68,58.47
EKC,18.1,17.75
ROHLTD,19.95,19.95
GSPL,8.76,8.94
JAGRAN,12.33,12.33
SAKUMA,23.71,23.71
JKCEMENT,37.78,38.21
M&MFIN,17.96,17.96
KEI,59.04,59.02
SOLARINDS,105.51,105.51
MALUPAPER,83.68,83.68
KKCL,26.03,26.03
SUNTV,17.91,17.91
RSYSTEMS,40.78,40.78
EMKAY,14.04,14.04
BALPHARMA,24.63,24.63
KAMDHENU,26.69,26.69
RATNAMANI,39.91,39.91
JKLAKSHMI,20.39,20.66
ALLCARGO,40.61,53.41
EMAMILTD,45.42,45.12
TECHM,56.78,56.85
SELAN,29,29
ANANTRAJ,55.81,55.81
HOVS,31.74,31.74
OPTIEMUS,72.87,72.87
APEX,56.69,56.69
MATRIMONY,28.79,28.79
ICICIGI,56.34,56.34
DIAMONDYD,42.41,42.41
TCPLPACK,25.35,25.35
TIINDIA,63.81,64.41
KHADIM,113.79,113.79
HDFCLIFE,89.47,89.47
APOLLO,107.17,107.17
GALAXYSURF,32.76,32.76
ASTERDM,56.02,
HGINFRA,17.4,17.77
SUNDARMHLD,27.47,27.47
BANDHANBNK,12.59,12.59
SANDHAR,36.81,37.72
LEMONTREE,60.51,60.51
CHEMFAB,47.8,47.8
INDOSTAR,25.85,25.85
FINEORG,37.07,37.03
VARROC,18.13,18.13
HBSL,3.05,3.05
HDFCAMC,41.13,41.13
SIGIND,14.63,14.63
AAVAS,25.45,25.45
DALBHARAT,37.96,33.94
ANUP,30.93,30.93
PAKKA,28.27,28.27
PFIZER,43.55,44.03
BOSCHLTD,37.87,50.83
MAHSEAMLES,9.11,9.08
SIS,45.3,45.3
ABCAPITAL,16.44,16.44
GODREJAGRO,45.18,45.18
GICRE,9.87,9.87
IFGLEXPOR,26.38,26.38
SHALBY,37.39,37.39
AMBER,81.03,81.03
