SYMBOL,SERIES,SECURITY,HIGH/LOW,INDEX FLAG
AARTECH,EQ,AARTECH SOLONICS LIMITED,H
AARVEEDEN,BE,AARVEE DEN. & EXP. LTD,H
ABAN,EQ,ABAN OFFSHORE LTD.,H
ABCOTS,SM,A B COTSPIN INDIA LIMITED,H
ADROITINFO,EQ,ADROIT INFOTECH LIMITED,H
AESTHETIK,ST,AESTHETIK ENGINEERS LTD,H
AHIMSA,ST,AHIMSA INDUSTRIES LTD.,H
AILIMITED,ST,ABHISHEK INTEGRATIONS LTD,H
AIMTRON,ST,AIMTRON ELECTRONICS LTD,H
AJOONI,EQ,AJOONI BIOTECH LIMITED,H
AKSHAR,EQ,AKSHAR SPINTEX LIMITED,H
ALMONDZ,BE,ALMONDZ GLOBAL SEC LTD,H
ALPEXSOLAR,ST,ALPEX SOLAR LIMITED,H
AMJLAND,BE,AMJ LAND HOLDINGS LIMITED,H
ANIKINDS,BE,ANIK INDUSTRIES LTD,H
ANTGRAPHIC,EQ,ANTARCTICA LTD,H
ASIANENE,EQ,ASIAN ENERGY SERVICES LTD,H
ATMASTCO,ST,ATMASTCO LIMITED,H
BAGFILMS,EQ,B.A.G FILMS AND MEDIA LTD,H
BANKA,BE,BANKA BIOLOO LIMITED,H
BBOX,BE,BLACK BOX LIMITED,H
BGRENERGY,BE,BGR ENERGY SYSTEMS LTD,H
BIRDYS,ST,GRILL SPLENDOUR SER LTD,H
BLUECHIP,BE,BLUE CHIP INDIA LIMITED,H
BRACEPORT,ST,BRACE PORT LOGISTICS LTD,H
CANARYS,ST,CANARYS AUTOMATIONS LTD,H
CLOUD,ST,VARANIUM CLOUD LIMITED,H
CMMIPL,ST,CMM INFRAPROJECTS LIMITED,H
CTE,BE,CAMBRIDGE TECH ENTER LTD,H
DATAMATICS,EQ,DATAMATICS GLOBAL SER LTD,H
DCMFINSERV,BE,DCM FINANCIAL SERVICES LT,H
DCMNVL,BE,DCM NOUVELLE LIMITED,H
DELPHIFX,BE,DELPHI WORLD MONEY LTD,H
DESTINY,SM,DESTINY LOGISTICS & I LTD,H
DGCONTENT,BE,DIGICONTENT LIMITED,H
DHTL,ST,DOCMODE HEALTH TECH LTD,H
DJML,BE,DJ MEDIAPRINT & LOG LTD,H
DREDGECORP,BE,DREDGING CORP OF INDIA,H
DUCON,EQ,DUCON INFRATECHNOLOGIES L,H
DYNAMIC,SM,DYNAMIC SRVCS & SEC LTD,H
EFFWA,SM,EFFWA INFRA & RESEARCH L,H
EIMCOELECO,EQ,EIMCO ELECON (INDIA) LTD,H
ENFUSE,ST,ENFUSE SOLUTIONS LIMITED,H
ESFL,SM,ESSEN SPECIALITY FILMS L,H
FEL,BZ,FUTURE ENTERPRISES LTD,H
FELDVR,BE,FUTURE ENTERPRISES LTD,H
FMNL,EQ,FUTURE MKT NETWORKS LTD,H
GANGAFORGE,EQ,GANGA FORGING LIMITED,H
GILLANDERS,EQ,GILLANDERS ARBUTHNOT LTD,H
GLFL,BE,GUJARAT LEASE FINANCING L,H
GLOBALE,BE,GLOBALE TESSILE LIMITED,H
GMRP&UI,EQ,GMR POW AND URBAN INFRA L,H
GODHA,BE,GODHA CABCON INSULAT LTD,H
GOLDIAM,EQ,GOLDIAM INTERNATIONAL LTD,H
GSMFOILS,ST,GSM FOILS LIMITED,H
GSTL,ST,GLOBESECURE TECHNO LTD,H
GTECJAINX,BE,G-TEC JAINX EDUCATION LTD,H
GVKPIL,BE,GVK POW. & INFRA LTD.,H
HEXATRADEX,EQ,HEXA TRADEX LIMITED,H
HYBRIDFIN,BE,HYBRID FINANCIAL SERVICE,H
ICDSLTD,BE,ICDSLTD,H
IEL,EQ,INDIABULLS ENT LTD,H
IL&FSTRANS,BZ,IL&FS TRANS NET LTD,H
IMPEXFERRO,BE,IMPEX FERRO TECH LIMITED,H
INDOTECH,BE,INDO TECH TRANSFORM LTD.,H
INDOTHAI,EQ,INDO THAI SEC LTD,H
ISHAN,ST,ISHAN INTERNATIONAL LTD,H
JHS,EQ,JHS SVEND. LAB. LTD,H
KCEIL,ST,KAY CEE ENERGY & INFRA L,H
KONSTELEC,SM,KONSTELEC ENGINEERS LTD,H
KONTOR,SM,KONTOR SPACE LIMITED,H
KORE,ST,JAY JALARAM TECHNO LTD,H
KRISHCA,ST,KRISHCA STRAPPING SLTN L,H
KRISHNADEF,ST,KRISHNA DEF AND ALD IND L,H
LATTEYS,BE,LATTEYS INDUSTRIES LTD,H
LGHL,BE,LAXMI GOLDORNA HOUSE LTD,H
LRRPL,ST,LEAD REC AND RUB PROD LTD,H
LYPSAGEMS,EQ,LYPSA GEMS & JEWEL LTD,H
MADHUCON,BE,MADHUCON PROJECTS LTD.,H
MAHEPC,BE,MAHINDRA EPC IRRIG LTD,H
MANAKCOAT,BE,MAN COAT METAL & IND LTD,H
MASKINVEST,BE,MASK INVESTMENTS LIMITED,H
MBECL,BE,MCNALLY BH. ENG. CO.LTD,H
MCON,ST,MCON RASAYAN INDIA LTD,H
MEDICO,BE,MEDICO REMEDIES LIMITED,H
MEGAFLEX,SM,MEGA FLEX PLASTICS LTD,H
MICEL,BE,MIC ELECTRONICS LTD,H
MINDTECK,BE,MINDTECK (INDIA) LIMITED,H
MOXSH,ST,MOXSH OVERSEAS EDUCON LTD,H
MRO-TEK,EQ,MRO-TEK REALTY LIMITED,H
MTEDUCARE,BE,MT EDUCARE LTD,H
NEPHROCARE,SM,NEPHRO CARE INDIA LIMITED,H
NITIRAJ,EQ,NITIRAJ ENGINEERS LTD,H
NORBTEAEXP,EQ,NORBEN TEA & EXPORTS LTD,H
NPST,SM,NETWORK PEOPLE SRV TECH L,H
OMFURN,SM,OMFURN INDIA LIMITED,H
ORIANA,SM,ORIANA POWER LIMITED,H
ORIENTALTL,EQ,ORIENTAL TRIMEX LTD,H
PANACHE,BE,PANACHE DIGILIFE LIMITED,H
POSITRON,ST,POSITRON ENERGY LIMITED,H
PRAENG,EQ,PRAJAY ENG. SYN. LTD.,H
PRAMARA,SM,PRAMARA PROMOTIONS LTD,H
PREMEXPLN,BE,PREMIER EXPLOSIVES LTD,H
PRITIKA,SM,PRITIKA ENG COMPO LTD,H
PRUDMOULI,EQ,PRUDENTIAL SUGAR CORPORAT,H
PTCIL,BE,PTC INDUSTRIES LIMITED,H
PVP,BE,PVP VENTURES LIMITED,H
REFRACTORY,ST,REFRACTORY SHAPES LIMITED,H
REGENCERAM,BE,REGENCYCERAMICS-LTD,H
RPPINFRA,BE,R.P.P INFRA PROJECTS LTD.,H
RULKA,ST,RULKA ELECTRICALS LIMITED,H
SABEVENTS,BE,SAB EVENTS & GOVERNANCE,H
SAIFL,SM,SAMEERA AGRO AND INFRA L,H
SAMBHAAV,EQ,SAMBHAAV MEDIA LTD,H
SANWARIA,BZ,SANWARIA CONSUMER LIMITED,H
SARTELE,SM,SAR TELEVENTURE LIMITED,H
SERVOTECH,EQ,SERVOTECH POWER SYS LTD.,H
SETCO,BE,SETCO AUTOMOTIVE LTD,H
SHIGAN,SM,SHIGAN QUANTUM TECH LTD,H
SHREEKARNI,ST,SHREE KARNI FABCOM LTD,H
SIMPLEXINF,EQ,SIMPLEX INFRASTRUCTURES L,H
SITINET,BE,SITI NETWORKS LIMITED,H
SLONE,ST,SLONE INFOSYSTEMS LIMITED,H
SMSLIFE,BE,SMS LIFESCIENCES (I) LTD,H
SSEGL,SM,SATHLOKHAR SYN E&C GLOB L,H
SUNLITE,ST,SUNLITE RECYCLING IND LTD,H
SUPERSPIN,EQ,SUPER SPINNING MILLS LTD,H
TAC,SM,TAC INFOSEC LIMITED,H
TAPIFRUIT,SM,TAPI FRUIT PROCESSING LTD,H
TATAINVEST,EQ,TATA INVESTMENT CORP LTD,H
TGL,ST,TEERTH GOPICON LIMITED,H
TIRUPATIFL,BE,TIRUPATI FORGE LIMITED,H
TRANSWIND,SM,TRANSWIND INFRA LIMITED,H
TREJHARA,EQ,TREJHARA SOLUTIONS LTD,H
TRF,EQ,TRF LIMITED,H
TRUST,ST,TRUST FINTECH LIMITED,H
TVVISION,BE,TV VISION LIMITED,H
UCAL,EQ,UCAL LIMITED,H
V2RETAIL,BE,V2 RETAIL LIMITED,H
VARDMNPOLY,EQ,VARDHMAN POLYTEX LTD.,H
VEEKAYEM,SM,VEEKAYEM FASH & APP LTD,H
VIPULLTD,EQ,VIPUL LIMITED,H
VIVIANA,ST,VIVIANA POWER TECH LTD,H
VLEGOV,EQ,VL E GOV AND IT SOL LTD,H
VSCL,SM,VADIVARHE SPCLTY CHEM LTD,H
WANBURY,EQ,WANBURY LIMITED,H
WEBELSOLAR,BE,WEBSOL ENERGY SYSTEM LTD,H
WEL,EQ,WONDER ELECTRICALS LTD,H
WINDMACHIN,EQ,WINDSOR MACHINES LIMITED,H
WINSOME,BE,WINSOME YARNS LIMITED,H
YAARI,EQ,YAARI DIGI INT SER LTD,H
ZTECH,SM,Z-TECH (INDIA) LIMITED,H
1018GS2026,GS,GOI LOAN 10.18% 2026,L
AARTECH,EQ,AARTECH SOLONICS LIMITED,L
AESTHETIK,ST,AESTHETIK ENGINEERS LTD,L
AMJUMBO,SM,A AND M JUMBO BAGS LTD,L
ARCHIDPLY,BE,ARCHIDPLY IND. LTD,L
AURUM,BE,AURUM PROPTECH LIMITED,L
BAHETI,SM,BAHETI RECYCLING IND LTD,L
BALCO,ST,SOLVE PLASTIC PRODUCTS L,L
BMETRICS,SM,BOMBAY METRICS S C LTD,L
CALSOFT,EQ,CALIFORNIA SOFTWARE CO LT,L
CENTEXT,BE,CENTURY EXTRUSIONS LTD,L
COUNCODOS,BE,COUNTRY CONDO S LIMITED,L
DHRUV,BE,DHRUV CONSULTANCY SER LTD,L
E2E,BE,E2E NETWORKS LIMITED,L
ESCONET,ST,ESCONET TECHNOLOGIES LTD,L
EUROTEXIND,EQ,EUROTEX INDUSTRIES LTD,L
FORCAS,ST,FORCAS STUDIO LIMITED,L
GANGAFORGE,EQ,GANGA FORGING LIMITED,L
GLOBALE,BE,GLOBALE TESSILE LIMITED,L
GODHA,BE,GODHA CABCON INSULAT LTD,L
GRPLTD,BE,GRP LIMITED,L
HMT,BZ,HMT LTD -,L
IRIS,BE,IRIS BUSINESS SERV LTD,L
IZMO,BE,IZMO LIMITED,L
JETAIRWAYS,BZ,JET AIRWAYS (INDIA) LTD.,L
KCEIL,ST,KAY CEE ENERGY & INFRA L,L
KERNEX,EQ,KERNEX MICROSYS(I) LTD,L
KHAITANLTD,BE,KHAITAN (INDIA)LTD.,L
KONTOR,SM,KONTOR SPACE LIMITED,L
KRITINUT,BE,KRITI NUTRIENTS LIMITED,L
MAITREYA,ST,MAITREYA MEDICARE LIMITED,L
MANAV,SM,MANAV INFRA PROJECTS LTD,L
MANOMAY,BE,MANOMAY TEX INDIA LTD,L
MASON,SM,MASON INFRATECH LIMITED,L
MFML,BE,MAHALAXMI FABRIC MILLS LT,L
MIRCELECTR,EQ,MIRC ELECTRONICS LTD,L
NAHARPOLY,BE,NAHAR POLY FILMS LIMITED,L
NIRMAN,ST,NIRMAN AGRI GENTICS LTD,L
NORBTEAEXP,EQ,NORBEN TEA & EXPORTS LTD,L
OSWALSEEDS,EQ,SHREEOSWAL S AND CHE LTD,L
PCJEWELLER,EQ,PC JEWELLER LTD,L
PODDARHOUS,BZ,PODDAR HOUSE & DVPT LTD,L
PRITIKAUTO,EQ,PRITIKA AUTO INDUS LTD,L
RAJRILTD,BE,RAJ RAYON INDUSTRIES LTD,L
RAJTV,BE,RAJ TV NETWORK LTD,L
RBMINFRA,SM,RBM INFRACON LIMITED,L
RHFL,EQ,RELIANCE HOME FINANCE LTD,L
RICHA,SM,RICHA INFO SYSTEMS LTD,L
RILINFRA,ST,RACHANA INFRA LTD,L
RPOWER,EQ,RELIANCE POWER LTD.,L
SADBHAV,EQ,SADBHAV ENGINEERING LTD,L
SAKUMA,EQ,SAKUMA EXPORTS LIMITED,L
SANCO,BZ,SANCO INDUSTRIES LIMITED,L
SATECH,SM,S A TECH SOFTWARE INDIA L,L
SEL,SM,SUNGARNER ENERGIES LTD,L
SGL,BE,STL GLOBAL LIMITED,L
SHRADHA,BE,SHRADHA INFRAPROJECTS LTD,L
SHUBHLAXMI,SM,SHUBHLAXMI JEWEL ART LTD,L
SILLYMONKS,BE,SILLY MONKS ENTERTAIN LTD,L
SMVD,SM,SMVD POLY PACK LIMITED,L
SOLARAPP,X1,SOLAR ACT RS.3.50 PPD UP,L
SOMICONVEY,BE,SOMI CONVEYOR BELT. LTD.,L
SPRL,ST,SP REFRACTORIES LIMITED,L
TIRUPATI,SM,SHREE TIRUPATI BALAJEE,L
VEEKAYEM,SM,VEEKAYEM FASH & APP LTD,L
VERITAAS,SM,VERITAAS ADVERTISING LTD,L
VINNY,BE,VINNY OVERSEAS LIMITED,L
VINNY-RE,BE,VINNY OVERSEAS LTD,L
VMARCIND,SM,V MARC INDIA LIMITED,L
WALPAR,SM,WALPAR NUTRITIONS LIMITED,L
WINSOME,BE,WINSOME YARNS LIMITED,L
ZODIAC,EQ,ZODIAC ENERGY LIMITED,L
