GAIN_LOSS,SECURITY,CLOSE_PRIC,PREV_CL_PR,PERCENT_CG
 ,Nifty 50 Sec., , , 
 , , , , 
G,SBI LIFE INSURANCE CO LTD,      1838.95,      1796.25,2.38
G,SHRIRAM FINANCE LIMITED,      3229.45,      3162.15,2.13
G,MARUTI SUZUKI INDIA LTD.,     12496.90,     12243.80,2.07
G,BAJAJ FINSERV LTD.,      1719.00,      1686.20,1.95
G,HDFC LIFE INS CO LTD,       739.55,       725.65,1.92
G,LARSEN & TOUBRO LTD.,      3702.70,      3641.90,1.67
G,INFOSYS LIMITED,      1900.10,      1876.15,1.28
G,BAJAJ FINANCE LIMITED,      6863.60,      6778.35,1.26
G,ICICI BANK LTD.,      1226.35,      1213.30,1.08
G,SUN PHARMACEUTICAL IND L,      1789.40,      1772.45,.96
G,AXIS BANK LIMITED,      1181.25,      1170.30,.94
G,BAJAJ AUTO LIMITED,     10501.60,     10432.55,.66
G,BHARTI AIRTEL LIMITED,      1522.75,      1513.55,.61
G,OIL AND NATURAL GAS CORP.,       328.85,       327.85,.31
G,DR. REDDY S LABORATORIES,      6962.95,      6943.30,.28
G,CIPLA LTD,      1598.05,      1593.95,.26
G,HERO MOTOCORP LIMITED,      5356.55,      5343.75,.24
G,LTIMINDTREE LIMITED,      5751.55,      5739.95,.2
G,STATE BANK OF INDIA,       815.90,       815.05,.1
G,NESTLE INDIA LIMITED,      2521.45,      2519.55,.08
G,APOLLO HOSPITALS ENTER. L,      6781.45,      6780.00,.02
 , , , , 
L,TITAN COMPANY LIMITED,      3551.25,      3630.20,-2.17
L,JSW STEEL LIMITED,       944.00,       963.50,-2.02
L,HINDUSTAN UNILEVER LTD.,      2766.90,      2821.15,-1.92
L,TATA MOTORS LIMITED,      1077.25,      1092.40,-1.39
L,GRASIM INDUSTRIES LTD,      2699.90,      2736.60,-1.34
L,NTPC LTD,       409.65,       414.85,-1.25
L,COAL INDIA LTD,       531.40,       538.10,-1.25
L,HINDALCO  INDUSTRIES  LTD,       703.50,       711.85,-1.17
L,ITC LTD,       500.60,       505.70,-1.01
L,TECH MAHINDRA LIMITED,      1624.60,      1640.15,-0.95
L,POWER GRID CORP. LTD.,       335.35,       338.25,-0.86
L,TATA CONSUMER PRODUCT LTD,      1209.60,      1220.05,-0.86
L,RELIANCE INDUSTRIES LTD,      3000.90,      3025.20,-0.8
L,TATA STEEL LIMITED,       154.70,       155.70,-0.64
L,BHARAT PETROLEUM CORP  LT,       349.05,       351.15,-0.6
L,BRITANNIA INDUSTRIES LTD,      5764.30,      5796.95,-0.56
L,WIPRO LTD,       517.15,       520.00,-0.55
L,KOTAK MAHINDRA BANK LTD,      1803.35,      1812.50,-0.5
L,DIVI S LABORATORIES LTD,      4902.50,      4926.25,-0.48
L,HCL TECHNOLOGIES LTD,      1711.60,      1719.45,-0.46
L,MAHINDRA & MAHINDRA LTD,      2780.80,      2793.10,-0.44
L,ULTRATECH CEMENT LIMITED,     11300.35,     11337.10,-0.32
L,ADANI PORT & SEZ LTD,      1478.35,      1482.55,-0.28
L,ASIAN PAINTS LIMITED,      3166.20,      3171.35,-0.16
L,HDFC BANK LTD,      1637.75,      1639.95,-0.13
L,EICHER MOTORS LTD,      4868.85,      4875.20,-0.13
L,TATA CONSULTANCY SERV LT,      4497.15,      4502.45,-0.12
L,INDUSIND BANK LIMITED,      1383.20,      1384.50,-0.09
L,ADANI ENTERPRISES LIMITED,      3067.10,      3069.00,-0.06
 , , , , 
 ,Nifty Next 50 Sec., , , 
 , , , , 
G,REC LIMITED,       617.35,       589.85,4.66
G,POWER FIN CORP LTD.,       536.45,       514.40,4.29
G,CHOLAMANDALAM IN & FIN CO,      1443.80,      1395.05,3.49
G,ICICI PRU LIFE INS CO LTD,       744.15,       723.25,2.89
G,LIFE INSURA CORP OF INDIA,      1079.15,      1052.05,2.58
G,SBI CARDS & PAY SER LTD,       736.75,       720.35,2.28
G,BERGER PAINTS (I) LTD,       584.15,       572.35,2.06
G,ABB INDIA LIMITED,      7906.95,      7790.40,1.5
G,ICICI LOMBARD GIC LIMITED,      2153.35,      2122.25,1.47
G,TATA POWER CO LTD,       428.15,       422.50,1.34
G,SAMVRDHNA MTHRSN INTL LTD,       199.91,       197.95,0.99
G,SRF LTD,      2555.60,      2538.55,0.67
G,TORRENT PHARMACEUTICALS L,      3362.00,      3342.80,0.57
G,INTERGLOBE AVIATION LTD,      4746.75,      4720.10,0.56
G,GAIL (INDIA) LTD,       236.52,       235.25,0.54
G,ZYDUS LIFESCIENCES LTD,      1114.25,      1108.45,0.52
G,BAJAJ HOLDINGS & INVS LTD,      9934.60,      9911.90,0.23
G,VEDANTA LIMITED,       463.90,       463.10,0.17
G,GODREJ CONSUMER PRODUCTS,      1456.35,      1454.75,0.11
G,JIO FIN SERVICES LTD,       323.60,       323.25,0.11
G,ADANI TOTAL GAS LIMITED,       856.35,       856.10,0.03
 , , , , 
L,BHARAT ELECTRONICS LTD,       300.90,       306.70,-1.89
L,MARICO LIMITED,       675.80,       688.55,-1.85
L,JINDAL STEEL & POWER LTD,       968.80,       985.60,-1.7
L,DABUR INDIA LTD,       643.40,       654.55,-1.7
L,HINDUSTAN AERONAUTICS LTD,      4721.45,      4802.00,-1.68
L,BOSCH LIMITED,     32299.95,     32814.40,-1.57
L,COLGATE PALMOLIVE LTD.,      3540.40,      3595.35,-1.53
L,ZOMATO LIMITED,       256.05,       259.39,-1.29
L,TVS MOTOR COMPANY  LTD,      2741.10,      2775.20,-1.23
L,ADANI POWER LTD,       654.10,       661.30,-1.09
L,HAVELLS INDIA LIMITED,      1895.20,      1912.10,-0.88
L,TRENT LTD,      6869.90,      6925.60,-0.8
L,VARUN BEVERAGES LIMITED,      1564.75,      1576.00,-0.71
L,ADANI ENERGY SOLUTION LTD,      1046.15,      1053.35,-0.68
L,AMBUJA CEMENTS LTD,       624.45,       627.65,-0.51
L,CANARA BANK,       110.85,       111.41,-0.5
L,SIEMENS LTD,      7008.85,      7043.05,-0.49
L,SHREE CEMENT LIMITED,     24813.20,     24906.45,-0.37
L,PIDILITE INDUSTRIES LTD,      3099.15,      3108.65,-0.31
L,DLF LIMITED,       846.35,       848.80,-0.29
L,PUNJAB NATIONAL BANK,       115.96,       116.16,-0.17
L,INDIAN OIL CORP LTD,       173.25,       173.46,-0.12
L,ADANI GREEN ENERGY LTD,      1886.80,      1888.90,-0.11
L,INDIAN RAILWAY FIN CORP L,       180.85,       181.05,-0.11
L,BANK OF BARODA,       251.20,       251.40,-0.08
L,INFO EDGE (I) LTD,      7493.95,      7498.90,-0.07
L,INDIAN RAIL TOUR CORP LTD,       930.40,       931.00,-0.06
L,AVENUE SUPERMARTS LIMITED,      4958.55,      4959.40,-0.02
 , , , , 
 ,OTHER SECURITIES, , , 
 , , , , 
G,DATAMATICS GLOBAL SER LTD,       673.20,       561.00,20
G,GOLDIAM INTERNATIONAL LTD,       325.29,       271.08,20
G,UCAL LIMITED,       200.73,       167.28,20
G,ESSEN SPECIALITY FILMS L,       164.45,       137.05,19.99
G,SAMEERA AGRO AND INFRA L,       131.55,       109.65,19.97
G,BOND 8.37% TAX FREE S3A,     24200.00,     20200.00,19.8
G,SEC RE NCD 10.30% SR.VII,      1160.00,       969.12,19.7
G,SATHLOKHAR SYN E&C GLOB L,       495.60,       414.25,19.64
G,TATA INVESTMENT CORP LTD,      7385.45,      6178.35,19.54
G,TATA ELXSI LIMITED,      8971.40,      7683.05,16.77
G,EMAMI REALTY LIMITED,       119.72,       104.76,14.28
G,NIIT LIMITED,       175.55,       153.84,14.11
G,KFIN TECHNOLOGIES LIMITED,      1148.00,      1009.20,13.75
G,LASA SUPERGENERICS LTD,        31.94,        28.08,13.75
G,NELCO LTD,      1279.30,      1125.10,13.71
G,GOODLUCK INDIA LIMITED,      1042.65,       920.05,13.33
G,PALASH SECURITIES LTD,       163.71,       144.95,12.94
G,GP PETROLEUMS LIMITED,        79.69,        70.73,12.67
G,CHAMAN METALLICS LIMITED,       105.35,        93.60,12.55
G,INTRASOFT TECH. LTD,       150.17,       133.77,12.26
G,KHAITAN CHEM & FERT LTD,        96.92,        86.48,12.07
G,SUNDARAM FINANCE HOLD LTD,       353.50,       316.35,11.74
G,GLOBAL SURFACES LIMITED,       201.19,       180.09,11.72
G,ZEE ENTERTAINMENT ENT LTD,       150.83,       135.20,11.56
G,AUTOLINE INDUSTRIES LTD,       150.98,       135.64,11.31
G,PICTUREPOST STUDIOS LTD,        39.20,        35.30,11.05
G,SPENCER S RETAIL LIMITED,       111.34,       100.62,10.65
G,CESC LTD,       208.41,       188.72,10.43
G,THE ANUP ENGINEERING LTD,      2222.05,      2012.70,10.4
G,ONWARD TECHNOLOGIES LTD,       451.80,       409.75,10.26
 , , , , 
L,NAGREEKA EXPORTS LTD.,        51.42,        57.67,-10.84
L,ADDICTIVE LEARNING TECH L,       346.60,       386.30,-10.28
L,SAKUMA EXPORTS LIMITED,         6.42,         7.14,-10.08
L,MANAV INFRA PROJECTS LTD,        22.50,        25.00,-10
L,MASON INFRATECH LIMITED,       190.55,       211.70,-9.99
L,TECHNOCRAFT IND LTD,      3560.80,      3891.55,-8.5
L,JINDAL POLY FILMS LIMITED,       809.30,       884.20,-8.47
L,ZEAL GLOBAL SERVICES LTD,       200.10,       217.10,-7.83
L,COSMO FIRST LIMITED,       814.25,       876.70,-7.12
L,CROP LIFE SCIENCE LIMITED,        62.10,        66.75,-6.97
L,NANDANI CREATION LIMITED,        41.38,        44.38,-6.76
L,MINDA CORPORATION LTD,       590.00,       632.30,-6.69
L,MANUGRAPH INDIA LIMITED,        26.10,        27.97,-6.69
L,S.A.L. STEEL LTD.,        22.89,        24.51,-6.61
L,MARSHALL MACHINES LTD,        36.69,        39.28,-6.59
L,GOLDSTAR POWER LIMITED,        13.05,        13.95,-6.45
L,HOAC FOODS INDIA LIMITED,       153.00,       163.00,-6.13
L,NAMAN IN-STORE (INDIA) L,       216.85,       231.00,-6.13
L,JET FREIGHT LOGISTICS LTD,        21.49,        22.86,-5.99
L,VISHNUSURYA PROJ N INFR L,       350.25,       372.15,-5.88
L,P. E. ANALYTICS LIMITED,       302.05,       320.45,-5.74
L,MANGLAM INFRA & ENG LTD,        78.20,        82.90,-5.67
L,SHREEOSWAL S AND CHE LTD,        33.81,        35.71,-5.32
L,SURANI STEEL TUBES LTD.,       303.95,       321.00,-5.31
L,RELIANCE HOME FINANCE LTD,         4.00,         4.22,-5.21
L,NAVKAR CORPORATION LTD.,       149.88,       158.00,-5.14
L,RELIANCE POWER LTD.,        31.11,        32.75,-5.01
L,PRITIKA AUTO INDUS LTD,        33.79,        35.57,-5
L,RICHA INFO SYSTEMS LTD,       100.65,       105.95,-5
L,V MARC INDIA LIMITED,       465.40,       489.90,-5
