SECURITY,NEW,PREVIOUS,NEW_STATUS
GILLETTE INDIA LTD,9238.8,9050,H
TATA INVESTMENT CORP LTD,7414,7306.5,H
SBI-ETF NIFTY 50,271.15,264.82,H
ICICI LOMBARD GIC LIMITED,2160,2127.7,H
2.50%GOLDBONDS2027SR-VI,8300,7999,H
V2 RETAIL LIMITED,1196.85,1156.65,H
NETWORK PEOPLE SRV TECH L,3520.7,3353.05,H
NIP IND ETF IT,44.8,44.75,H
UMA EXPORTS LIMITED,143.64,122.1,H
ICICIPRAMC-ICICIFIN,26.82,26.36,H
21ST CENTURY MGMT SERVICE,113.76,111.53,H
GOI TBILL 182D-03/10/24,99.42,99,H
KAUSHALYA LOGISTICS LTD,147,145.45,H
SEC RE NCD 10.30% SR.VII,1160,996,H
VOLTAS LTD,1751.35,1725,H
GODREJ INDUSTRIES LTD,1023.9,990,H
GUFIC BIOSCIENCES LTD.,413.7,398.9,H
GUJARAT STATE PETRO LTD,407,406.75,H
AKZO NOBEL INDIA LIMITED,3464,3368.9,H
HDFC AMC LIMITED,4527.95,4438.85,H
NDR AUTO COMPONENTS LTD,1802,1675,H
STEL HOLDINGS LIMITED,505,503,H
SMS LIFESCIENCES (I) LTD,1441.1,1373.1,H
LLOYDS METALS N ENERGY L,810.95,799,H
TVS HOLDINGS LIMITED,14990,14605.8,H
GOI TBILL 182D-12/09/24,99.72,99.71,H
AUTHUM INVEST & INFRA LTD,1830,1808.9,H
GOI TBILL 364D-21/11/24,98.15,97.72,H
BOND 8.10% PA TAX FREE S2,1150,1135,H
VL E GOV AND IT SOL LTD,118.68,113.5,H
ASK AUTOMOTIVE LIMITED,450,448.8,H
POWER INSTRUMENT (G) LTD,160.77,157.62,H
GSM FOILS LIMITED,76.2,75.85,H
ASAHI SONGWON COLOR LTD,525.1,134.9,H
AHIMSA INDUSTRIES LTD.,31.85,30.35,H
BANSAL WIRE INDUSTRIES L,392,386,H
ICICIPRAMC - METALIETF,10,9.64,H
SEC RE NCD 9.05% SR.I,1067.24,1060.8,H
SEC RE NCD 10.15% SR VII,990,950,H
POSITRON ENERGY LIMITED,636.4,606.1,H
SEC RE NCD 9% SR.IV,1008.55,1003.55,H
PICTUREPOST STUDIOS LTD,42,38.85,H
NELCO LTD,1320,1219,H
GUJ. APOLLO IND. LTD.,414.7,409.45,H
TARAPUR TRANSFORMERS LTD,17.28,16.95,H
CAPLIN POINT LAB LTD.,1984.9,1960,H
SBI LIFE INSURANCE CO LTD,1848.6,1812.4,H
SUNDARAM FINANCE HOLD LTD,367.95,327.9,H
TCPL PACKAGING LIMITED,3398.45,3299.4,H
ALKEM LABORATORIES LTD.,5991.55,5864.55,H
SBIAMC - SBIETFIT,457.7,446.98,H
TATAAML - TNIDETF,97.5,96.75,H
VIVIANA POWER TECH LTD,905.65,904.7,H
ICICI PRUD NIFTY ETF,285.45,282.9,H
MARCO CABLE & CONDUCTOR L,79.95,78,H
PTC INDUSTRIES LIMITED,14729.4,14544,H
AMBANI ORGOCHEM LIMITED,107.5,106.95,H
SEC RE NCD 9.05% SR.I,1080.55,1058,H
SWARAJ ENGINES LTD,3470,3447,H
GHCL LIMITED,726.8,714.95,H
BAJAJ AUTO LIMITED,10568.45,10517.15,H
BGR ENERGY SYSTEMS LTD,57.01,54.9,H
SUVEN PHARMACEUTICALS LTD,1115,1082.5,H
PILANI INV & IND COR LTD,5690,5650,H
SPML INFRA LIMITED,260,257.7,H
SHRIRAM - LIQUIDSHRI,1009.4,1009.25,H
SYNCOM FORMU (I) LTD,22.5,21.8,H
SUPREME ENGINEERING LTD,2.62,2.57,H
RAVI KUMAR DIST. LTD.,32.83,27.1,H
SDL KA 6.53% 2030,96.75,96.05,H
SUMIT WOODS LIMITED,125.04,122.59,H
SEC RE NCD SR.II,1135,1120,H
SEC RE NCD 8.70% SR.III,990,986,H
SEC RE NCD 8.66% SR.VI,999.85,995.4,H
S A TECH SOFTWARE INDIA L,250,239.6,H
EIMCO ELECON (INDIA) LTD,3068.7,2922.6,H
SEAMEC LIMITED,1669.95,1620,H
SUBROS LIMITED,822,787,H
HEXA TRADEX LIMITED,291.19,283.05,H
PRAKASH PIPES LIMITED,632.4,624.9,H
ASIAN ENERGY SERVICES LTD,444.15,423,H
KRISHNA INST OF MED SCI L,2538.95,2498,H
JUBILANT PHARMOVA LTD,950.5,927.25,H
KFIN TECHNOLOGIES LIMITED,1189,1090.8,H
PRITIKA ENG COMPO LTD,150.65,143.5,H
RAM RATNA WIRES LIMITED,529,521.65,H
SEC RE NCD 9.10% SR III,1024,1010,H
GOI LOAN  7.02% 2027,102.5,102.2,H
YATHARTH HOSP & TRA C S L,543.95,535.85,H
ZENITH DRUGS LIMITED,104,101.25,H
FLEXITUFF VENTURES INT L,78.62,77.08,H
ADDICTIVE LEARNING TECH L,395.95,388.3,H
ELGI RUBBER CO. LTD,109.38,107.24,H
PRUDENTIAL SUGAR CORPORAT,27.33,27.1,H
SEC RED NCD 9% SR.V,1054,1050,H
MAX ESTATES LIMITED,698.75,690.5,H
SEC RE NCD 0% SR.VI,1290.4,1225.8,H
BOND 8.37% TAX FREE S3A,24200,20200,H
RAGHAV PRODUCTIVITY ENH L,1240,1219,H
SEC RE NCD 10.25% SR XII,963.87,950.58,H
SEC RE NCD SR.V,1281.26,1272,H
NIP IND ETF SHARIAH BEES,595.95,592.61,H
KOKUYO CAMLIN LIMITED,206.86,204.8,H
ANIK INDUSTRIES LTD,79.62,75.86,H
ZEN TECHNOLOGIES LIMITED,1970,1876.7,H
LCC INFOTECH LTD,8.28,8.12,H
ERIS LIFESCIENCES LIMITED,1299,1280,H
RANE ENG VALVE LTD,590,388.8,H
GLOBAL PET INDUSTRIES LTD,131.95,126,H
UCAL LIMITED,200.73,195.5,H
WELSPUN LIVING LIMITED,206.4,202.22,H
ZERODHAAMC - LIQUIDCASE,107.1,106.95,H
DIAMOND POWER INFRA LTD,1545.65,1533.95,H
VERITAAS ADVERTISING LTD,183,180.95,H
TAX FREE7.39% SR.IB,1055,1054.9,H
MEDI ASSIST HEALTH SER L,639,621,H
LEAD REC AND RUB PROD LTD,66.45,63.3,H
BRACE PORT LOGISTICS LTD,167.55,159.6,H
GLENMARK PHARMACEUTICALS,1718,1705,H
VLS FINANCE LTD,379.8,374.9,H
WANBURY LIMITED,241.13,229.65,H
WELSPUN CORP LIMITED,750,735,H
WELSPUN INV & COMM LTD,1124,1022.05,H
CAREER POINT LIMITED,559,542.5,H
WINDSOR MACHINES LIMITED,218.38,208.49,H
DIGICONTENT LIMITED,41.11,41.02,H
PVP VENTURES LIMITED,29.94,28.97,H
PANACHE DIGILIFE LIMITED,181.77,173.13,H
NIP IND ETF ETF NV20,167.85,166.15,H
MRS BECTORS FOOD SPE LTD,1632,1608.75,H
SHRIRAM FINANCE LIMITED,3268.9,3190,H
UTIAMC - NIFMID150,223.7,222,H
V R INFRASPACE LIMITED,300,295,H
SEC RE NCD 9.00% SR I,1099,1090,H
DSPAMC - HEALTHADD,142.56,142.32,H
KONTOR SPACE LIMITED,193.2,185,H
TAC INFOSEC LIMITED,853.15,812.55,H
TEERTH GOPICON LIMITED,612.8,583.65,H
KRISHCA STRAPPING SLTN L,407.6,389.85,H
SHAH METACORP LIMITED,6.6,5,H
ALLIED BLEND N DISTILS L,352.9,347.35,H
SEC RE NCD 8.10% SR VI,1072.4,1070.7,H
GOI TBILL 364D-26/12/24,97.44,96.85,H
MASON INFRATECH LIMITED,218.75,211.8,H
GOI TBILL 91D-26/09/24,99.38,99.2,H
SATHLOKHAR SYN E&C GLOB L,497.1,452.6,H
UTSSAV CZ GOLD JEWELS LTD,227.8,208.95,H
DCW LTD,87.9,87.84,H
VST INDUSTRIES LTD,4920,4849.75,H
LUPIN LIMITED,2179,2131.55,H
MUTHOOT FINANCE LIMITED,2001.6,1948.9,H
MPS LIMITED,2440,2426.45,H
TRANSWARRANTY FIN. LTD.,33.81,33.15,H
INTERGLOBE AVIATION LTD,4755.95,4743.8,H
UTIAMC - UTISENSETF,902.1,898,H
ASSO ALCOHOLS & BREW LTD,941.95,935,H
RPSG VENTURES LIMITED,1267.8,1240.9,H
GMR POW AND URBAN INFRA L,132.48,128.16,H
BOND 8.30% PA TAX FREE S2,1160,1144.99,H
R.P.P INFRA PROJECTS LTD.,236.04,226,H
KOTAKMAMC - KTKNV20ETF,165.93,163.85,H
SAR TELEVENTURE LIMITED,336.3,332.05,H
SRI ADHIKARI BRO TELE N L,534.45,524,H
TRUST FINTECH LIMITED,299.05,284.85,H
GOI TBILL 91D-12/09/24,99.7,99.65,H
GOI TBILL 364D-23/05/25,95,94.33,H
GOI TBILL 364D-15/08/25,94.8,94.63,H
GROWWAMC - GROWWEV,35,34.35,H
BOND8.63% PA TF TR II S2A,1368,1366.99,H
SAHAJ SOLAR LIMITED,790,771,H
AESTHETIK ENGINEERS LTD,98.7,103.9,L
SOLVE PLASTIC PRODUCTS L,96.45,101.5,L
GACM TECHNOLOGIES LIMITED,2.02,2.05,L
BLB LIMITED,20.45,20.87,L
SEC RE NCD 9% SR.IV,990.19,1000.55,L
8.92% SEC RED BOND S3B,1230.01,1265,L
MANGLAM INFRA & ENG LTD,75.8,77.05,L
FORCAS STUDIO LIMITED,137.2,144.4,L
DIC INDIA LIMITED,717.8,732.45,L
TAINWALA CHEMICAL AND PLA,198,198.05,L
TRANS & RECTI. LTD,720,721,L
ANMOL INDIA LIMITED,35.88,36.62,L
BULKCORP INTERNATIONAL L,119.4,120,L
SHRENIK LIMITED,0.98,1,L
DAVANGERE SUGAR COMPANY L,6.55,6.76,L
PRIZOR VIZTECH LIMITED,141.05,141.25,L
FILATEX FASHIONS LIMITED,1.15,1.2,L
SEC RE NCD 10.49% SR.VII,954.5,960,L
RUBFILA INTERNATIONAL LTD,87.25,87.44,L
SARASWATI SAREE DEPOT LTD,163,169.05,L
NANDANI CREATION LIMITED,40.67,41.8,L
WINNY IMMIGRA & EDU SER L,237,240,L

