SYMBOL,SERIES,SECURITY,HIGH/LOW,INDEX FLAG
21STCENMGM,BE,21ST CENTURY MGMT SERVICE,H
753TS47,SG,SDL TS 7.53% 2047,H
AGUL,SM,A G UNIVERSAL LIMITED,H
AHIMSA,ST,AHIMSA INDUSTRIES LTD.,H
AIMTRON,ST,AIMTRON ELECTRONICS LTD,H
ALPEXSOLAR,SM,ALPEX SOLAR LIMITED,H
ALUWIND,SM,ALUWIND ARCHITECTURAL LTD,H
AMEYA,SM,AMEYA PRECISION ENG LTD,H
ANSALAPI,BZ,ANSAL PROP & INFRA LTD,H
APOLLO,EQ,APOLLO MICRO SYSTEMS LTD,H
AURIONPRO,EQ,AURIONPRO SOLN LTD,H
AZAD,EQ,AZAD ENGINEERING LIMITED,H
BEACON,SM,BEACON TRUSTEESHIP LTD,H
BLUECHIP,BE,BLUE CHIP INDIA LIMITED,H
BLUEPEBBLE,SM,BLUE PEBBLE LIMITED,H
BOROSCI,BE,BOROSIL SCIENTIFIC LTD,H
CELLECOR,SM,CELLECOR GADGETS LIMITED,H
CLOUD,SM,VARANIUM CLOUD LIMITED,H
CMMIPL,ST,CMM INFRAPROJECTS LIMITED,H
CMRSL,SM,CYBER MEDIA RES & SER LTD,H
COMPINFO,BZ,COMPUAGE INFOCOM LTD,H
CROWN,BE,CROWN LIFTERS LIMITED,H
DCI,BE,DC INFOTECH AND COMUN LTD,H
DELPHIFX,BE,DELPHI WORLD MONEY LTD,H
DESTINY,ST,DESTINY LOGISTICS & I LTD,H
DGCONTENT,BE,DIGICONTENT LIMITED,H
DHTL,SM,DOCMODE HEALTH TECH LTD,H
DIACABS,BE,DIAMOND POWER INFRA LTD,H
DNAMEDIA,EQ,DILIGENT MEDIA CORP LTD.,H
DREDGECORP,EQ,DREDGING CORP OF INDIA,H
ESCONET,SM,ESCONET TECHNOLOGIES LTD,H
ESSARSHPNG,EQ,ESSAR SHIPPING LTD,H
ESSEN-RE2,BE,INTEGRA ESSENTIA LIMITED,H
ESSENTIA,BE,INTEGRA ESSENTIA LIMITED,H
FEL,BZ,FUTURE ENTERPRISES LTD,H
FELDVR,BE,FUTURE ENTERPRISES LTD,H
FINOPB,EQ,FINO PAYMENTS BANK LTD,H
FLFL,BZ,FUT LIFESTYLE FASH LTD,H
GALLANTT,BE,GALLANTT ISPAT LIMITED,H
GAYAHWS,BE,GAYATRI HIGHWAYS LIMITED,H
GIRIRAJ,ST,GIRIRAJ CIVIL DEVP LTD,H
GMRP&UI,EQ,GMR POW AND URBAN INFRA L,H
GSMFOILS,SM,GSM FOILS LIMITED,H
GTLINFRA,EQ,GTL INFRA.LTD,H
HEXATRADEX,EQ,HEXA TRADEX LIMITED,H
HINDCON,BE,HINDCON CHEMICALS LIMITED,H
HPIL,EQ,HINDPRAKASH INDUSTRY LTD,H
HSCL,EQ,HIMADRI SPECIALITY CHEM L,H
IL&FSTRANS,BZ,IL&FS TRANS NET LTD,H
IMPEXFERRO,BE,IMPEX FERRO TECH LIMITED,H
ISHAN,SM,ISHAN INTERNATIONAL LTD,H
JITFINFRA,EQ,JITF INFRALOGISTICS LTD,H
JYOTICNC,EQ,JYOTI CNC AUTOMATION LTD,H
JYOTISTRUC,EQ,JYOTI STRUCTURES LTD,H
K2INFRA,SM,K2 INFRAGEN LIMITED,H
KALYANIFRG,EQ,KALYANI FORGE LIMITED,H
KAPSTON,EQ,KAPSTON SERVICES LIMITED,H
KDL,SM,KORE DIGITAL LIMITED,H
KERNEX,EQ,KERNEX MICROSYS(I) LTD,H
KMSUGAR,BE,K M SUGAR MILLS LTD,H
KODYTECH,SM,KODY TECHNOLAB LIMITED,H
KORE,SM,JAY JALARAM TECHNO LTD,H
KRISHNADEF,SM,KRISHNA DEF AND ALD IND L,H
LAGNAM,BE,LAGNAM SPINTEX LIMITED,H
LGHL,BE,LAXMI GOLDORNA HOUSE LTD,H
LLOYDS,SM,LLOYDS LUXURIES LIMITED,H
MARINE,EQ,MARINE ELECTRICAL (I) LTD,H
MASTER,SM,MASTER COMPONENTS LIMITED,H
MCON,SM,MCON RASAYAN INDIA LTD,H
MDL,SM,MARVEL DECOR LIMITED,H
MICEL,EQ,MIC ELECTRONICS LTD,H
MITCON,EQ,MITCON CON & ENG SER LTD,H
NILASPACES,BE,NILA SPACES LIMITED,H
OMINFRAL,EQ,OM INFRA LIMITED,H
OMKARCHEM,BZ,OMKAR SPL CHEM LTD,H
ONDOOR,SM,ON DOOR CONCEPTS LIMITED,H
PANACHE,BE,PANACHE DIGILIFE LIMITED,H
PARAS,EQ,PARAS DEF AND SPCE TECH L,H
PASHUPATI,SM,PASHUPATI COTSPIN LIMITED,H
PRAENG,EQ,PRAJAY ENG. SYN. LTD.,H
PRATHAM,SM,PRATHAM EPC PROJECTS LTD,H
PREMIER,BE,PREMIER LIMITED,H
PRITIKA,SM,PRITIKA ENG COMPO LTD,H
QUESTLAB,SM,QUEST LABORATORIES LTD,H
REFRACTORY,SM,REFRACTORY SHAPES LIMITED,H
REMSONSIND,EQ,REMSONS INDUSTRIES LTD,H
RILINFRA,SM,RACHANA INFRA LTD,H
RKDL,EQ,RAVI KUMAR DIST. LTD.,H
RSSOFTWARE,BE,R. S. SOFTWARE (INDIA) LI,H
SADBHAV,BE,SADBHAV ENGINEERING LTD,H
SAMPANN,EQ,SAMPANN UTPADAN INDIA LTD,H
SANCO,BZ,SANCO INDUSTRIES LIMITED,H
SANDUMA,EQ,SANDUR MANG & IRON ORES L,H
SANOFI,BE,SANOFI INDIA LIMITED,H
SHAKTIPUMP,BE,SHAKTI PUMPS (I) LTD,H
SHYAMTEL,BE,SHYAM TELECOM LIMITED,H
SIMPLEXINF,BE,SIMPLEX INFRASTRUCTURES L,H
SITINET,BE,SITI NETWORKS LIMITED,H
SONUINFRA,SM,SONU INFRATECH LIMITED,H
SPMLINFRA,EQ,SPML INFRA LIMITED,H
STARTECK,EQ,STARTECK FINANCE LIMITED,H
SUMIT,BE,SUMIT WOODS LIMITED,H
SWARAJ,SM,SWARAJ SUITING LIMITED,H
TAC,SM,TAC INFOSEC LIMITED,H
TARAPUR,BE,TARAPUR TRANSFORMERS LTD,H
TBI,ST,TBI CORN LIMITED,H
TCIFINANCE,BE,TCIFINANCELTD-ROLL SETT,H
TCLCONS,EQ,TANTIA CONSTRUCTIONS LTD,H
TECHIN,BE,TECHINDIA NIRMAN LIMITED,H
TECHLABS,SM,TRIDENT TECHLABS LIMITED,H
TECILCHEM,EQ,TECIL CHEMICALS,H
TGL,SM,TEERTH GOPICON LIMITED,H
THOMASCOOK,EQ,THOMAS COOK (INDIA) LTD,H
THOMASCOTT,BE,THOMAS SCOTT (INDIA) LTD,H
TIMESCAN,SM,TIMESCAN LOGISTICS IND L,H
TIMESGTY,BE,TIMES GUARANTY LIMITED,H
TIRUPATI,SM,SHREE TIRUPATI BALAJEE,H
TIRUPATIFL,EQ,TIRUPATI FORGE LIMITED,H
TREJHARA,BE,TREJHARA SOLUTIONS LTD,H
V2RETAIL,BE,V2 RETAIL LIMITED,H
VCL,BE,VAXTEX COTFAB LIMITED,H
VERTEXPLUS,ST,VERTEXPLUS TECHNOLOGIES L,H
VIAZ,SM,VIAZ TYRES LIMITED,H
VIPULLTD,BE,VIPUL LIMITED,H
VIVIANA,SM,VIVIANA POWER TECH LTD,H
VLEGOV,BE,VL E GOV AND IT SOL LTD,H
WINDMACHIN,EQ,WINDSOR MACHINES LIMITED,H
ZENITHEXPO,BE,ZENITH EXPORTS LTD,H
ZTECH,ST,Z-TECH (INDIA) LIMITED,H
574GS2026,GS,GOI LOAN  5.74% 2026,L
763KL43,SG,SDL KL 7.63% 2043,L
ACCURACY,EQ,ACCURACY SHIPPING LIMITED,L
AGNI,SM,AGNI GREEN POWER LTD,L
ANSALAPI,BZ,ANSAL PROP & INFRA LTD,L
ARSHIYA,BE,ARSHIYA LIMITED,L
ASCOM,ST,ASCOM LEASIN & INVEST LTD,L
ASLIND,ST,ASL INDUSTRIES LIMITED,L
BTML,BE,BODHI TREE MULTIMEDIA LTD,L
CADSYS,ST,CADSYS (INDIA) LIMITED,L
CALSOFT,BE,CALIFORNIA SOFTWARE CO LT,L
DCMFINSERV,BE,DCM FINANCIAL SERVICES LT,L
DGCONTENT,BE,DIGICONTENT LIMITED,L
DRSDILIP,SM,DRS DILIP ROADLINES LTD.,L
E2E,BE,E2E NETWORKS LIMITED,L
ENSER,SM,ENSER COMMUNICATIONS LTD,L
EUROTEXIND,EQ,EUROTEX INDUSTRIES LTD,L
FSC,BZ,FUTURE SUPP CHAIN SOL LTD,L
HINDNATGLS,BE,HIND NATL GLASS & IND LTD,L
IL&FSENGG,BZ,IL&FS ENG AND CONS CO LTD,L
INFOMEDIA,EQ,INFOMEDIA PRESS LIMITED,L
JPASSOCIAT,BE,JAIPRAKASH ASSOCIATES LTD,L
KCK,ST,KCK INDUSTRIES LTD,L
KDL,SM,KORE DIGITAL LIMITED,L
KMSUGAR,BE,K M SUGAR MILLS LTD,L
KONSTELEC,SM,KONSTELEC ENGINEERS LTD,L
KSHITIJPOL,EQ,KSHITIJ POLYLINE LIMITED,L
MASKINVEST,EQ,MASK INVESTMENTS LIMITED,L
NOIDATOLL,BE,NOIDA TOLL BRIDGE CO LTD,L
OMAXAUTO,BE,OMAX AUTOS LTD,L
ORIANA,SM,ORIANA POWER LIMITED,L
OSIAHYPER,BE,OSIA HYPER RETAIL LIMITED,L
PATTECH,ST,PATTECH FITWELL TUB COM L,L
PERFECT,SM,PERFECT INFRAENGINEER LTD,L
PVP,EQ,PVP VENTURES LIMITED,L
RAJRILTD,BE,RAJ RAYON INDUSTRIES LTD,L
REXPIPES,SM,REX PIPES AND CABLES LTD,L
RHFL,BE,RELIANCE HOME FINANCE LTD,L
RTNPOWER,BE,RATTANINDIA POWER LIMITED,L
SECURCRED,EQ,SECUR CREDENTIALS LIMITED,L
SHEETAL,ST,SHEETAL UNIVERSAL LIMITED,L
SHUBHLAXMI,SM,SHUBHLAXMI JEWEL ART LTD,L
SITINET,BE,SITI NETWORKS LIMITED,L
SPRL,ST,SP REFRACTORIES LIMITED,L
SSFL,SM,SRIVARI SPICES N FOODS L,L
TARACHAND,BE,TARA CHAND INFRA SOLN LTD,L
TIJARIA,BE,TIJARIA POLYPIPES LTD,L
TNTELE,BE,TAMILNADU TELECOMMUNICATI,L
TRIL,BE,TRANS & RECTI. LTD,L
URBAN,SM,URBAN ENVIRO WASTE MGMT L,L
VERITAAS,SM,VERITAAS ADVERTISING LTD,L
WINSOME,BE,WINSOME YARNS LIMITED,L
