GAIN_LOSS,SECURITY,CLOSE_PRIC,PREV_CL_PR,PERCENT_CG
 ,Nifty 50 Sec., , , 
 , , , , 
G,HDFC BANK LTD,      1657.85,      1607.80,3.11
G,AXIS BANK LIMITED,      1226.65,      1191.90,2.92
G,ICICI BANK LTD.,      1144.45,      1122.85,1.92
G,KOTAK MAHINDRA BANK LTD,      1746.70,      1719.40,1.59
G,INDUSIND BANK LIMITED,      1528.20,      1507.90,1.35
G,STATE BANK OF INDIA,       852.60,       844.90,.91
G,INFOSYS LIMITED,      1511.35,      1498.20,.88
G,WIPRO LTD,       495.75,       491.85,.79
G,TECH MAHINDRA LIMITED,      1381.15,      1371.35,.71
G,HCL TECHNOLOGIES LTD,      1445.85,      1437.20,.6
G,ADANI PORT & SEZ LTD,      1448.40,      1445.00,.24
 , , , , 
L,TITAN COMPANY LIMITED,      3462.35,      3589.00,-3.53
L,LARSEN & TOUBRO LTD.,      3589.95,      3689.20,-2.69
L,MARUTI SUZUKI INDIA LTD.,     12242.10,     12560.95,-2.54
L,BHARTI AIRTEL LIMITED,      1392.35,      1428.35,-2.52
L,HINDALCO  INDUSTRIES  LTD,       662.40,       678.75,-2.41
L,BHARAT PETROLEUM CORP  LT,       615.80,       630.90,-2.39
L,BAJAJ AUTO LIMITED,      9685.80,      9918.20,-2.34
L,COAL INDIA LTD,       477.95,       489.05,-2.27
L,NTPC LTD,       362.50,       369.65,-1.93
L,TATA CONSUMER PRODUCT LTD,      1105.60,      1126.90,-1.89
L,HERO MOTOCORP LIMITED,      5647.70,      5754.85,-1.86
L,DIVI S LABORATORIES LTD,      4479.70,      4564.50,-1.86
L,SBI LIFE INSURANCE CO LTD,      1449.20,      1473.55,-1.65
L,OIL AND NATURAL GAS CORP.,       271.55,       275.80,-1.54
L,RELIANCE INDUSTRIES LTD,      2917.30,      2962.05,-1.51
L,ADANI ENTERPRISES LIMITED,      3261.90,      3309.05,-1.42
L,BAJAJ FINANCE LIMITED,      7233.95,      7334.70,-1.37
L,LTIMINDTREE LIMITED,      5019.85,      5089.60,-1.37
L,SHRIRAM FINANCE LIMITED,      2791.25,      2829.75,-1.36
L,POWER GRID CORP. LTD.,       327.30,       331.80,-1.36
L,ITC LTD,       423.65,       428.75,-1.19
L,HINDUSTAN UNILEVER LTD.,      2457.00,      2486.25,-1.18
L,JSW STEEL LIMITED,       914.95,       925.35,-1.12
L,EICHER MOTORS LTD,      4880.75,      4936.10,-1.12
L,SUN PHARMACEUTICAL IND L,      1504.00,      1520.95,-1.11
L,ULTRATECH CEMENT LIMITED,     10995.55,     11119.05,-1.11
L,APOLLO HOSPITALS ENTER. L,      6173.55,      6236.35,-1.01
L,NESTLE INDIA LIMITED,      2526.05,      2550.35,-0.95
L,CIPLA LTD,      1559.80,      1574.80,-0.95
L,MAHINDRA & MAHINDRA LTD,      2933.85,      2961.90,-0.95
 , , , , 
 ,Nifty Next 50 Sec., , , 
 , , , , 
G,ZOMATO LIMITED,       198.49,       188.61,5.24
G,JINDAL STEEL & POWER LTD,      1046.95,      1034.25,1.23
G,SAMVRDHNA MTHRSN INTL LTD,       182.30,       180.32,1.1
G,INFO EDGE (I) LTD,      6241.75,      6186.65,0.89
G,ICICI LOMBARD GIC LIMITED,      1759.75,      1745.25,0.83
G,SBI CARDS & PAY SER LTD,       730.00,       726.35,0.5
 , , , , 
L,HINDUSTAN AERONAUTICS LTD,      5311.95,      5533.45,-4
L,ABB INDIA LIMITED,      8544.00,      8867.00,-3.64
L,BHARAT ELECTRONICS LTD,       309.30,       318.25,-2.81
L,GAIL (INDIA) LTD,       216.28,       222.26,-2.69
L,SIEMENS LTD,      7538.00,      7727.85,-2.46
L,LIFE INSURA CORP OF INDIA,      1031.50,      1056.50,-2.37
L,REC LIMITED,       515.60,       527.95,-2.34
L,DLF LIMITED,       859.80,       878.80,-2.16
L,AVENUE SUPERMARTS LIMITED,      4933.90,      5039.30,-2.09
L,TATA POWER CO LTD,       442.35,       451.70,-2.07
L,ADANI ENERGY SOLUTION LTD,      1007.75,      1026.55,-1.83
L,INTERGLOBE AVIATION LTD,      4228.00,      4302.25,-1.73
L,INDIAN RAIL TOUR CORP LTD,      1014.65,      1032.40,-1.72
L,COLGATE PALMOLIVE LTD.,      2896.30,      2945.70,-1.68
L,INDIAN OIL CORP LTD,       166.75,       169.59,-1.67
L,POWER FIN CORP LTD.,       499.25,       507.75,-1.67
L,BOSCH LIMITED,     32892.55,     33379.20,-1.46
L,INDIAN RAILWAY FIN CORP L,       173.22,       175.71,-1.42
L,ADANI TOTAL GAS LIMITED,       927.40,       940.25,-1.37
L,TVS MOTOR COMPANY  LTD,      2437.75,      2471.15,-1.35
L,JIO FIN SERVICES LTD,       358.30,       363.20,-1.35
L,ADANI GREEN ENERGY LTD,      1789.65,      1814.00,-1.34
L,ADANI POWER LTD,       738.65,       748.15,-1.27
L,BERGER PAINTS (I) LTD,       497.65,       504.00,-1.26
L,BANK OF BARODA,       283.95,       287.30,-1.17
L,AMBUJA CEMENTS LTD,       666.80,       674.10,-1.08
L,BAJAJ HOLDINGS & INVS LTD,      8199.70,      8283.60,-1.01
L,VEDANTA LIMITED,       448.45,       452.30,-0.85
L,GODREJ CONSUMER PRODUCTS,      1391.80,      1403.65,-0.84
L,ICICI PRU LIFE INS CO LTD,       601.85,       606.80,-0.82
 , , , , 
 ,OTHER SECURITIES, , , 
 , , , , 
G,GSM FOILS LIMITED,        59.40,        49.50,20
G,RACHANA INFRA LTD,        48.60,        40.50,20
G,STARTECK FINANCE LIMITED,       350.78,       292.32,20
G,FINO PAYMENTS BANK LTD,       342.05,       285.05,20
G,KALYANI FORGE LIMITED,       663.10,       552.60,20
G,WINDSOR MACHINES LIMITED,       129.39,       107.83,19.99
G,TIRUPATI FORGE LIMITED,        27.02,        22.52,19.98
G,BEACON TRUSTEESHIP LTD,       124.60,       103.85,19.98
G,QUEST LABORATORIES LTD,       178.95,       149.15,19.98
G,TAX FREE7.14% SR.IA,      1239.90,      1034.00,19.91
G,MITCON CON & ENG SER LTD,       182.29,       156.30,16.63
G,UNSE RE NCD 9.35% SR.X,       959.80,       830.20,15.61
G,K2 INFRAGEN LIMITED,       181.75,       157.65,15.29
G,TERA SOFTWARE LIMITED,        93.37,        81.52,14.54
G,PRECISION METALIKS LTD,        53.50,        47.00,13.83
G,KHAITAN CHEM & FERT LTD,        76.86,        68.23,12.65
G,SEC RE NCD 10.25% SR.IV,       999.99,       890.10,12.35
G,VILAS TRANSCORE LIMITED,       399.10,       355.35,12.31
G,RAMA PHOSPHATES LIMITED,       215.29,       192.56,11.8
G,LE TRAVENUES TECHNOLOGY L,       184.86,       165.72,11.55
G,DELTA CORP LIMITED,       147.41,       132.25,11.46
G,BHANSALI ENG. POLYMERS LT,       119.02,       106.98,11.25
G,EID PARRY INDIA LTD,       814.80,       733.35,11.11
G,MAGADH SUGAR & ENERGY LTD,       799.30,       719.55,11.08
G,GRAVITA INDIA LIMITED,      1415.90,      1284.25,10.25
G,RADIOWALLA NETWORK LTD,       125.05,       113.65,10.03
G,ALUWIND ARCHITECTURAL LTD,        71.50,        65.00,10
G,MASTER COMPONENTS LIMITED,       356.95,       324.50,10
G,BLUE PEBBLE LIMITED,       285.45,       259.50,10
G,HINDPRAKASH INDUSTRY LTD,       178.98,       162.71,10
 , , , , 
L,DRS DILIP ROADLINES LTD.,       118.40,       148.00,-20
L,SEC RE NCD 8.89% SR.VIII,       970.00,      1080.00,-10.19
L,VINYAS INNOVATIVE TECH L,      1077.20,      1171.45,-8.05
L,KAMDHENU VENTURES LIMITED,        36.90,        39.88,-7.47
L,WINSOL ENGINEERS LIMITED,       497.95,       535.70,-7.05
L,FIDEL SOFTECH LIMITED,       108.30,       116.45,-7
L,MOTISONS JEWELLERS LTD,       172.34,       184.65,-6.67
L,SEC RE NCD 7.80% SR V,      1000.00,      1070.00,-6.54
L,SEC RED NCD 9.30% SR. II,      1025.00,      1095.50,-6.44
L,ENERGY MISSION MACH IND L,       412.05,       439.70,-6.29
L,ALL E TECHNOLOGIES LTD,       254.25,       271.15,-6.23
L,SHREE KARNI FABCOM LTD,       717.90,       764.80,-6.13
L,ZF COM VE CTR SYS IND LTD,     16244.85,     17277.15,-5.97
L,MOTOR & GENERAL FINANCE L,        33.70,        35.83,-5.94
L,MOHINI HEALTH&HYGIENE LTD,        55.70,        59.05,-5.67
L,MAN INDUSTRIES (I) LTD.,       396.15,       419.45,-5.55
L,INVENTURE GRO & SEC LTD,         2.73,         2.89,-5.54
L,PRESSTONIC ENGINEERING L,       104.90,       111.00,-5.5
L,KEI INDUSTRIES LTD.,      4435.35,      4690.30,-5.44
L,AUTHUM INVEST & INFRA LTD,      1009.95,      1067.55,-5.4
L,PODDAR PIGMENTS LIMITED,       445.00,       469.60,-5.24
L,DUCOL ORGS AND COLOURS LT,       140.00,       147.70,-5.21
L,PREMIER ROADLINES LIMITED,       129.70,       136.80,-5.19
L,UMA CONVERTER LIMITED,        28.45,        30.00,-5.17
L,ICE MAKE REFRIGERAT LTD,       862.95,       909.65,-5.13
L,SEC RE NCD 10.25% SR XII,       930.00,       980.00,-5.1
L,KSHITIJ POLYLINE LIMITED,         6.90,         7.27,-5.09
L,GANESH HOUSING CORP LTD,       990.40,      1043.45,-5.08
L,SKP BEARING INDUSTRI. LTD,       229.00,       241.20,-5.06
L,SPACENET ENTERS IND LTD,        33.11,        34.87,-5.05
