SECURITY,NEW,PREVIOUS,NEW_STATUS
21ST CENTURY MGMT SERVICE,57.99,56.86,H
FACT LTD,942.5,908,H
GRAVITA INDIA LIMITED,1450,1350,H
JSW ENERGY LIMITED,713.75,713.45,H
COROMANDEL INTERNTL. LTD,1594.9,1542.3,H
V2 RETAIL LIMITED,655.3,640,H
ZOTA HEALTH CARE LIMITED,645,634.9,H
NIPPON L I A M LTD,667.8,664.3,H
SBIAMC - SBIETFPB,261.48,260,H
AVONMORE CAP&MGT SERV LTD,132,94.75,H
PASHUPATI COTSPIN LIMITED,388.25,369.8,H
GALLANTT ISPAT LIMITED,348.35,331.8,H
HEC INFRA PROJECTS LTD,115,105.85,H
MITCON CON & ENG SER LTD,187.56,160.7,H
DRONE DESTINATION LIMITED,387.9,383,H
MIRAEAMC - MAESGETF,39.83,39.75,H
ICICIPRAMC - ICICICONSU,117.12,115.89,H
ICICIPRAMC-ICICIFIN,25.09,24.93,H
INDIA SHELTER FIN CORP L,746.15,729.95,H
SEC RE NCD 10.25% SR.IV,999.99,955,H
SEC RE NCD 8.50% SR.III,1055,1053.75,H
URAVI T AND WEDG LAMP LTD,622.95,605,H
INTEGRA ESSENTIA LIMITED,1.7,1.42,H
VOLTAS LTD,1560,1550.7,H
ZENITH EXPORTS LTD,391.39,372.76,H
VIVIANA POWER TECH LTD,855.6,814.9,H
EDELAMC - EBBETF0431,1249.65,1232.65,H
GARDEN REACH SHIP&ENG LTD,1903.5,1888,H
GARWARE TECH FIBRES LTD,4288.8,4265,H
HDFCAMC - HDFCSML250,176,175.2,H
LE MERITE EXPORTS LIMITED,129.95,125,H
NETWEB TECH INDIA LTD,2712,2629,H
SPECTRUM ELECTRIC IND LTD,1980,1961.1,H
HARSHA ENGINEERS INT LTD,583.5,572,H
SIMPLEX INFRASTRUCTURES L,159.45,151.92,H
MIRAEAMC - MAM150ETF,21.65,21.35,H
KOTAK NIFTY ETF,259.13,256.07,H
ON DOOR CONCEPTS LIMITED,434.2,416.25,H
K2 INFRAGEN LIMITED,189.15,182.85,H
GOI TBILL 182D-05/09/24,98.5,98.35,H
SHREE KARNI FABCOM LTD,824.5,766.05,H
GOI TBILL 182D-12/09/24,98.39,98.23,H
GOI TBILL 91D-27/06/24,100,99.9,H
GOI TBILL 364D-21/11/24,97.03,96.7,H
TECIL CHEMICALS,37.22,35.45,H
KCK INDUSTRIES LTD,216,212,H
AHIMSA INDUSTRIES LTD.,16.65,15.9,H
Z-TECH (INDIA) LIMITED,162.6,154.9,H
QUEST LABORATORIES LTD,178.95,153,H
EID PARRY INDIA LTD,833,750.5,H
AURIONPRO SOLN LTD,2960.9,2828.15,H
CUMMINS INDIA LTD,3969.8,3900,H
GANESH HOUSING CORP LTD,1070,1057.45,H
S. P. APPARELS LIMITED,688.8,674.85,H
PREMIER EXPLOSIVES LTD,4177,3882.35,H
2.50%GOLDBONDS2030SR-II,7700,7569.99,H
CHOLAMANDALAM FIN HOL LTD,1315,1308.75,H
KAPSTON SERVICES LIMITED,414.15,385,H
MIRAEAMC - MAFSETF,23.62,23.45,H
SHAKTI PUMPS (I) LTD,2995.75,2853.1,H
EPACK DURABLE LIMITED,238.6,228,H
SEC RE NCD 0% SR.IV,1231.55,1227.55,H
SEC RE NCD 8.50% SR.III,1075,1074,H
SONA MACHINERY LIMITED,220,196.05,H
9.90 % SRNCD SR VI,1048.7,1047.9,H
GOI TBILL 364D-28/11/24,96.47,95.01,H
SWARAJ ENGINES LTD,2924.9,2894.3,H
GRINDWELL NORTON LIMITED,2855,2777,H
NIP IND ETF JUNIOR BEES,780.3,770.8,H
REMSONS INDUSTRIES LTD,1013.35,1005,H
VST TILLERS TRACTORS LTD,4224,4196,H
GRP LIMITED,11063.95,10897.35,H
PRICOL LIMITED,515,510,H
COCHIN SHIPYARD LIMITED,2427.9,2334.55,H
2.5%GOLDBONDS2029SR-I,7485,7455,H
AARTI PHARMALABS LIMITED,653,649,H
ABANS HOLDINGS LIMITED,493.9,490,H
SANSERA ENGINEERING LTD,1316.95,1242,H
KRISHNA DEF AND ALD IND L,927.65,843.35,H
SUMIT WOODS LIMITED,79.2,78.9,H
KOTAKMAMC-KOTAKBKETF,532.9,529.59,H
MASTER COMPONENTS LIMITED,356.95,324.5,H
SEC RE NCD 9% SR.V,1069,1054,H
GOI TBILL 182D-11/07/24,99.98,99.15,H
TRIDENT TECHLABS LIMITED,704,670.5,H
BALU FORGE INDUSTRIES LTD,328.2,324.4,H
AMINES & PLASTICIZERS LTD,279.05,273.8,H
ALPEX SOLAR LIMITED,889.2,846.9,H
ATLANTAA LIMITED,42.06,41.24,H
SANOFI INDIA LIMITED,7539.6,7180.6,H
PREMIER ROADLINES LIMITED,144,142.9,H
SEC RE NCD 10.75% SR.III,1093,1068.94,H
RASHTRIYA CHEMICALS & FER,194,190,H
CARBORUNDUM UNIVERSAL LTD,1825.9,1800,H
AUTOMOTIVE STAMPINGS & AS,1048.95,1043.95,H
SHREYANS INDUSTRIES LTD,312,309.9,H
TRIVENI ENGG. & INDS. LTD,427,416.5,H
HFCL LIMITED,130.5,129,H
R M DRIP & SPRINK SYS LTD,156,155,H
AMI ORGANICS LIMITED,1469,1434.45,H
FOCE INDIA LIMITED,1025,1010,H
HDFCAMC - HDFCQUAL,59,58.55,H
SBIAMC - SBIETFQLTY,223.41,222.74,H
MIRAEAMC - MANXT50,735.41,734.5,H
KAVVERI TEL. LTD.,18.8,18.44,H
ICICIPRAMC - ICICINXT50,77.45,75.65,H
EXICOM TELE SYSTEMS LTD,361.7,346.7,H
JYOTI CNC AUTOMATION LTD,1353.1,1254.8,H
LICNAMC - LICNMID100,57.18,57,H
MOTILALAMC - MOSMALL250,17.28,17.1,H
MAX ESTATES LIMITED,477,474.95,H
TEERTH GOPICON LIMITED,434.55,413.9,H
GOI LOAN  7.04% 2029,100.7,100.6,H
LE TRAVENUES TECHNOLOGY L,197.5,165.72,H
DHANI LOANS & SERV LTD,1555.2,1554.04,H
BALKRISHNA IND. LTD,3363.95,3362,H
EXIDE INDUSTRIES LTD,567.35,566.4,H
HONDA I POWER PRODUCT LTD,3780,3569.95,H
LUMAX INDUSTRIES LTD,2964.95,2924.7,H
ESSAR SHIPPING LTD,54.05,49.14,H
SALZER ELECTRONICS LTD,943,907.75,H
K M SUGAR MILLS LTD,48.52,35.05,H
LCC INFOTECH LTD,3.42,3.36,H
ERIS LIFESCIENCES LIMITED,1066.3,1053.9,H
HPL ELECTRIC & POWER LTD,496.25,492,H
TEJAS NETWORKS LIMITED,1480,1427.7,H
NIP IND ETF MIDCAP 150,215.99,215.9,H
OM INFRA LIMITED,184.13,180.7,H
SHREE TIRUPATI BALAJEE,651,620,H
SWARAJ SUITING LIMITED,252.6,248,H
MAZAGON DOCK SHIPBUIL LTD,4245,4219,H
ROLLATAINERS LIMITED,4.68,4.59,H
JAY JALARAM TECHNO LTD,632.65,578,H
DSPAMC - LIQUIDADD,1015.6,1015.42,H
KODY TECHNOLAB LIMITED,2989,2909.15,H
MEDI ASSIST HEALTH SER L,596.05,592.9,H
GOI TBILL 182D-15/08/24,98.83,98.7,H
GOI TBILL 182D-27/06/24,100,99.9,H
GOI TBILL 91D-25/07/24,99.3,99.2,H
AZAD ENGINEERING LIMITED,1981.8,1887.45,H
TFB 7.36% 2025 SR. 1B,1080,1078.16,H
ALUWIND ARCHITECTURAL LTD,71.5,65,H
UNSERENCD8.85%SRIVCIII&IV,1113.9,1099,H
TAX FREE7.39% SR.IB,1044,1043.8,H
AIMTRON ELECTRONICS LTD,373.55,355.8,H
TANTIA CONSTRUCTIONS LTD,49.53,48.35,H
DIAMOND POWER INFRA LTD,1127.2,1073.55,H
INDIAN EMULSIFIERS LTD,546.9,502.4,H
SEC RE NCD 10.15% SR VII,1021.8,1021.5,H
FOSECO INDIA LTD,4199.9,4150,H
MANGALAM CEMENT LTD,935,931,H
PRECOT LIMITED,499.9,482.3,H
TECHNOCRAFT IND LTD,3168.8,2869,H
GODREJ PROPERTIES LTD,3098,3095,H
ORACLE FIN SERV SOFT LTD.,9975,9879,H
PG ELECTROPLAST LTD,3296,3028.8,H
PARAS DEF AND SPCE TECH L,1527.05,1388.25,H
POLYCAB INDIA LIMITED,7174.75,7147.4,H
AMEYA PRECISION ENG LTD,109.55,104.35,H
HINDUSTAN AERONAUTICS LTD,5582.8,5567,H
KRITI INDUSTRIES IND LTD,206.4,197,H
NAVA LIMITED,728.1,702,H
DIGICONTENT LIMITED,30.94,30.11,H
DSPAMC - DSPNEWETF,311.25,310.22,H
ENSER COMMUNICATIONS LTD,179.9,172.15,H
GOI TBILL 182D-22/11/24,97.3,96.96,H
ABS MARINE SERVICES LTD,281.2,280,H
SILKFLEX POLYMERS INDIA L,63.95,61.8,H
JANA SMALL FIN BANK LTD,760.9,740,H
JNK INDIA LIMITED,863.95,816,H
SEC RE NCD SR 2,1110,1025,H
AWFIS SPACE SOLUTIONS LTD,507.25,494.8,H
TBI CORN LIMITED,292.35,278.45,H
SEC RED NCD 9.85% SR. VII,1075,1020,H
SERENCD8.50%SR.IICIII&IV,1070,1067,H
REFRACTORY SHAPES LIMITED,232.1,221.05,H
TAX FREE7.14% SR.IA,1239.9,1035,H
SEC RE NCD SR II,1029,1016.02,H
VILAS TRANSCORE LIMITED,424,355.35,H
UNSE RE NCD 9.35% SR.X,959.8,950,H
SEC RE NCD 9.90% SR IV,1040.41,1030.1,H
GSM FOILS LIMITED,59.4,49.5,H
GUJ IND POW CO. LTD,269.9,269.4,H
ASHIMA LTD,39.81,39.73,H
UNO MINDA LIMITED,1079.85,1075.4,H
HDFCAMC - HDFCBSE500,36.05,36,H
GMR POW AND URBAN INFRA L,89.9,85.62,H
CROWN LIFTERS LIMITED,275.6,262.48,H
KALYANI FORGE LIMITED,663.1,552.6,H
MAX INDIA LIMITED,317.2,312.45,H
MOTILAL OS MIDCAP100 ETF,61.1,60.1,H
ICICIPRAMC - ICICI5GSEC,58,57.9,H
KOTAKMAMC - KOTAKALPHA,54.84,54.69,H
SRI ADHIKARI BRO TELE N L,211.08,206.95,H
GOI TBILL 182D-18/07/24,99.37,99.16,H
DELPHI WORLD MONEY LTD,220.33,209.84,H
SEC RE NCD SR.II,1127.8,1103.2,H
DJ MEDIAPRINT & LOG LTD,363.95,356.85,H
RAJSHREE POLYPACK LTD,72.85,73,L
ATAL REALTECH LIMITED,8.77,11.75,L
KAMDHENU VENTURES LIMITED,35.91,39.37,L
DOCMODE HEALTH TECH LTD,128.35,134.85,L
ONELIFE CAP ADVISORS LTD,17.24,17.55,L
SEC RE NCD 7.60% SR.II,965.25,970,L
SEC RE NCD 9.71% SR VIII,950.4,974,L
FUTURE SUPP CHAIN SOL LTD,3.8,3.83,L
SECUR CREDENTIALS LIMITED,12.65,13.05,L
GLOBAL EDUCATION LIMITED,190,193.15,L
ARCHIDPLY IND. LTD,106,106.35,L
G-TEC JAINX EDUCATION LTD,65.21,66.45,L
BHARAT ROAD NETWORK LTD,49.78,50.45,L
PALRED TECHNOLOGIES LTD,120.05,122.5,L
ABAN OFFSHORE LTD.,68.37,69.77,L
BODHI TREE MULTIMEDIA LTD,13.63,13.79,L
LATTEYS INDUSTRIES LTD,14.4,14.55,L
SEC RE NCD 10.25% SR XII,920,972,L
LORDS CHLORO ALKALI LTD,136.08,138.86,L
DJ MEDIAPRINT & LOG LTD,349.75,356.85,L

