GAIN_LOSS,SECURITY,CLOSE_PRIC,PREV_CL_PR,PERCENT_CG
 ,Nifty 50 Sec., , , 
 , , , , 
G,LTIMINDTREE LIMITED,      6127.55,      5751.55,6.54
G,WIPRO LTD,       534.60,       517.15,3.37
G,DIVI S LABORATORIES LTD,      5030.70,      4902.50,2.61
G,INDUSIND BANK LIMITED,      1415.75,      1383.20,2.35
G,BHARTI AIRTEL LIMITED,      1556.35,      1522.75,2.21
G,INFOSYS LIMITED,      1939.10,      1900.10,2.05
G,EICHER MOTORS LTD,      4946.85,      4868.85,1.6
G,BAJAJ AUTO LIMITED,     10656.75,     10501.60,1.48
G,CIPLA LTD,      1618.20,      1598.05,1.26
G,SUN PHARMACEUTICAL IND L,      1811.85,      1789.40,1.25
G,MAHINDRA & MAHINDRA LTD,      2798.00,      2780.80,.62
G,GRASIM INDUSTRIES LTD,      2715.55,      2699.90,.58
G,JSW STEEL LIMITED,       949.25,       944.00,.56
G,BAJAJ FINANCE LIMITED,      6900.00,      6863.60,.53
G,DR. REDDY S LABORATORIES,      6999.30,      6962.95,.52
G,HCL TECHNOLOGIES LTD,      1719.45,      1711.60,.46
G,HDFC LIFE INS CO LTD,       742.10,       739.55,.34
G,SBI LIFE INSURANCE CO LTD,      1843.70,      1838.95,.26
G,HINDALCO  INDUSTRIES  LTD,       705.05,       703.50,.22
G,TATA CONSULTANCY SERV LT,      4506.05,      4497.15,.2
G,TECH MAHINDRA LIMITED,      1627.35,      1624.60,.17
 , , , , 
L,ASIAN PAINTS LIMITED,      3125.50,      3166.20,-1.29
L,ADANI ENTERPRISES LIMITED,      3028.00,      3067.10,-1.27
L,NESTLE INDIA LIMITED,      2492.50,      2521.45,-1.15
L,MARUTI SUZUKI INDIA LTD.,     12357.50,     12496.90,-1.12
L,BRITANNIA INDUSTRIES LTD,      5703.35,      5764.30,-1.06
L,COAL INDIA LTD,       526.35,       531.40,-0.95
L,AXIS BANK LIMITED,      1170.95,      1181.25,-0.87
L,SHRIRAM FINANCE LIMITED,      3201.85,      3229.45,-0.85
L,HERO MOTOCORP LIMITED,      5311.40,      5356.55,-0.84
L,STATE BANK OF INDIA,       809.40,       815.90,-0.8
L,TATA CONSUMER PRODUCT LTD,      1201.15,      1209.60,-0.7
L,TITAN COMPANY LIMITED,      3527.50,      3551.25,-0.67
L,KOTAK MAHINDRA BANK LTD,      1791.30,      1803.35,-0.67
L,ITC LTD,       497.30,       500.60,-0.66
L,TATA STEEL LIMITED,       153.70,       154.70,-0.65
L,ULTRATECH CEMENT LIMITED,     11234.80,     11300.35,-0.58
L,ADANI PORT & SEZ LTD,      1469.80,      1478.35,-0.58
L,LARSEN & TOUBRO LTD.,      3689.05,      3702.70,-0.37
L,BAJAJ FINSERV LTD.,      1713.50,      1719.00,-0.32
L,OIL AND NATURAL GAS CORP.,       327.80,       328.85,-0.32
L,POWER GRID CORP. LTD.,       334.45,       335.35,-0.27
L,BHARAT PETROLEUM CORP  LT,       348.15,       349.05,-0.26
L,TATA MOTORS LIMITED,      1074.55,      1077.25,-0.25
L,ICICI BANK LTD.,      1223.85,      1226.35,-0.2
L,NTPC LTD,       409.05,       409.65,-0.15
L,RELIANCE INDUSTRIES LTD,      2996.60,      3000.90,-0.14
L,HINDUSTAN UNILEVER LTD.,      2764.35,      2766.90,-0.09
L,APOLLO HOSPITALS ENTER. L,      6776.45,      6781.45,-0.07
L,HDFC BANK LTD,      1637.10,      1637.75,-0.04
 , , , , 
 ,Nifty Next 50 Sec., , , 
 , , , , 
G,TRENT LTD,      7242.10,      6869.90,5.42
G,INTERGLOBE AVIATION LTD,      4859.85,      4746.75,2.38
G,ZYDUS LIFESCIENCES LTD,      1138.30,      1114.25,2.16
G,INFO EDGE (I) LTD,      7622.65,      7493.95,1.72
G,TORRENT PHARMACEUTICALS L,      3419.45,      3362.00,1.71
G,COLGATE PALMOLIVE LTD.,      3594.60,      3540.40,1.53
G,GODREJ CONSUMER PRODUCTS,      1477.50,      1456.35,1.45
G,TATA POWER CO LTD,       431.40,       428.15,0.76
G,POWER FIN CORP LTD.,       539.25,       536.45,0.52
G,LIFE INSURA CORP OF INDIA,      1084.50,      1079.15,0.5
G,CHOLAMANDALAM IN & FIN CO,      1450.70,      1443.80,0.48
G,VEDANTA LIMITED,       466.05,       463.90,0.46
G,ABB INDIA LIMITED,      7938.40,      7906.95,0.4
G,BAJAJ HOLDINGS & INVS LTD,      9972.45,      9934.60,0.38
G,INDIAN OIL CORP LTD,       173.75,       173.25,0.29
G,REC LIMITED,       618.55,       617.35,0.19
G,DABUR INDIA LTD,       644.40,       643.40,0.16
G,AVENUE SUPERMARTS LIMITED,      4964.85,      4958.55,0.13
G,INDIAN RAILWAY FIN CORP L,       180.96,       180.85,0.06
G,ICICI PRU LIFE INS CO LTD,       744.60,       744.15,0.06
G,JINDAL STEEL & POWER LTD,       968.90,       968.80,0.01
 , , , , 
L,VARUN BEVERAGES LIMITED,      1528.00,      1564.75,-2.35
L,MARICO LIMITED,       661.90,       675.80,-2.06
L,ADANI POWER LTD,       641.55,       654.10,-1.92
L,ADANI ENERGY SOLUTION LTD,      1027.15,      1046.15,-1.82
L,BERGER PAINTS (I) LTD,       573.85,       584.15,-1.76
L,SAMVRDHNA MTHRSN INTL LTD,       196.97,       199.91,-1.47
L,ADANI GREEN ENERGY LTD,      1861.10,      1886.80,-1.36
L,AMBUJA CEMENTS LTD,       616.40,       624.45,-1.29
L,ZOMATO LIMITED,       253.04,       256.05,-1.18
L,BOSCH LIMITED,     31940.15,     32299.95,-1.11
L,DLF LIMITED,       837.10,       846.35,-1.09
L,PUNJAB NATIONAL BANK,       114.75,       115.96,-1.04
L,ADANI TOTAL GAS LIMITED,       848.80,       856.35,-0.88
L,SIEMENS LTD,      6951.45,      7008.85,-0.82
L,HINDUSTAN AERONAUTICS LTD,      4685.15,      4721.45,-0.77
L,SBI CARDS & PAY SER LTD,       731.30,       736.75,-0.74
L,SRF LTD,      2539.05,      2555.60,-0.65
L,CANARA BANK,       110.23,       110.85,-0.56
L,BANK OF BARODA,       249.85,       251.20,-0.54
L,ICICI LOMBARD GIC LIMITED,      2141.90,      2153.35,-0.53
L,PIDILITE INDUSTRIES LTD,      3083.15,      3099.15,-0.52
L,SHREE CEMENT LIMITED,     24692.20,     24813.20,-0.49
L,GAIL (INDIA) LTD,       235.47,       236.52,-0.44
L,JIO FIN SERVICES LTD,       322.25,       323.60,-0.42
L,INDIAN RAIL TOUR CORP LTD,       927.00,       930.40,-0.37
L,BHARAT ELECTRONICS LTD,       299.95,       300.90,-0.32
L,HAVELLS INDIA LIMITED,      1890.60,      1895.20,-0.24
L,TVS MOTOR COMPANY  LTD,      2737.25,      2741.10,-0.14
 , , , , 
 ,OTHER SECURITIES, , , 
 , , , , 
G,TOKYO PLAST INTL LTD,       144.08,       120.07,20
G,SEC RE NCD 10.30% SR.VII,      1390.00,      1160.00,19.83
G,ESSEN SPECIALITY FILMS L,       196.90,       164.45,19.73
G,NIRAJ CEMENT STRUC LTD,        53.22,        46.09,15.47
G,BHAGERIA INDUSTRIES LTD,       236.36,       204.92,15.34
G,SEC RE NCD 10.03% SR V,       950.10,       826.00,15.02
G,ZEAL GLOBAL SERVICES LTD,       228.10,       200.10,13.99
G,KRONOX LAB SCIENCES LTD,       176.23,       157.73,11.73
G,GULSHAN POLYOLS LIMITED,       219.71,       197.38,11.31
G,AVRO INDIA LIMITED,       178.69,       161.06,10.95
G,NBCC (INDIA) LIMITED,       195.71,       177.64,10.17
G,MODI RUBBER LTD,       107.82,        98.02,10
G,SAMEERA AGRO AND INFRA L,       144.70,       131.55,10
G,PULZ ELECTRONICS LIMITED,       126.05,       114.60,9.99
G,BALKRISHNA PAPER MILLS L,        25.37,        23.13,9.68
G,A AND M JUMBO BAGS LTD,        16.45,        15.00,9.67
G,VAISHALI PHARMA LIMITED,       189.84,       173.46,9.44
G,INSECTICIDES (I) LTD,      1011.25,       926.80,9.11
G,VIMTA LABS LIMITED,       607.85,       558.05,8.92
G,SATHLOKHAR SYN E&C GLOB L,       539.00,       495.60,8.76
G,KUNDAN EDIFICE LIMITED,       151.35,       139.25,8.69
G,IFCI LTD,        76.75,        70.65,8.63
G,GP ECO SOLUTIONS INDIA L,       340.95,       314.25,8.5
G,CREATIVE NEWTECH LIMITED,       795.80,       733.50,8.49
G,MAAN ALUMINIUM LIMITED,       135.56,       125.35,8.15
G,AAREY DRUGS & PHARM LTD,        66.23,        61.39,7.88
G,YASHO INDUSTRIES LIMITED,      2066.25,      1916.05,7.84
G,GOODLUCK INDIA LIMITED,      1124.20,      1042.65,7.82
G,GLOSTER LIMITED,       849.25,       789.95,7.51
G,NAHAR CAP & FIN.,       360.10,       335.75,7.25
 , , , , 
L,MANAV INFRA PROJECTS LTD,        20.35,        22.50,-9.56
L,SAMBHAAV MEDIA LTD,         5.84,         6.43,-9.18
L,SEC RE NCD 10.25% SR XII,       912.00,      1000.00,-8.8
L,TATA ELXSI LIMITED,      8227.50,      8971.40,-8.29
L,KHAITAN CHEM & FERT LTD,        89.67,        96.92,-7.48
L,EQUINOX INDIA DEV LTD,       138.63,       148.90,-6.9
L,RANA SUGARS LTD.,        21.75,        23.36,-6.89
L,SKIPPER RE.0.25 PPD UP,       266.25,       285.85,-6.86
L,MASON INFRATECH LIMITED,       177.85,       190.55,-6.66
L,KFIN TECHNOLOGIES LIMITED,      1073.25,      1148.00,-6.51
L,SECUREKLOUD TECH LIMITED,        35.51,        37.95,-6.43
L,PICTUREPOST STUDIOS LTD,        36.70,        39.20,-6.38
L,SAROJA PHARMA INDUS IND L,        45.90,        48.90,-6.13
L,GOLDSTAR POWER LIMITED,        12.25,        13.05,-6.13
L,SYNCOM FORMU (I) LTD,        20.50,        21.77,-5.83
L,PALASH SECURITIES LTD,       154.18,       163.71,-5.82
L,INTRASOFT TECH. LTD,       141.44,       150.17,-5.81
L,BHAGIRADHA CHEM & INDS L,       402.80,       427.50,-5.78
L,CHAMAN METALLICS LIMITED,        99.30,       105.35,-5.74
L,CAPLIN POINT LAB LTD.,      1847.80,      1957.20,-5.59
L,ORIENT CEMENT LTD.,       282.85,       299.45,-5.54
L,AMBEY LABORATORIES LTD,        74.95,        79.25,-5.43
L,TIMES GUARANTY LIMITED,       127.14,       134.26,-5.3
L,ON DOOR CONCEPTS LIMITED,       464.35,       490.00,-5.23
L,MANOJ VAIBHAV GEM N JEW L,       252.68,       266.57,-5.21
L,INTERARCH BUILDING PROD L,      1134.70,      1196.45,-5.16
L,SAKUMA EXPORTS LIMITED,         6.09,         6.42,-5.14
L,SUVIDHAA INFOSERVE LTD,         5.64,         5.94,-5.05
L,ASSO ALCOHOLS & BREW LTD,       876.10,       922.70,-5.05
L,SHUBHLAXMI JEWEL ART LTD,        26.45,        27.85,-5.03
