SECURITY,NEW,PREVIOUS,NEW_STATUS
TATA INVESTMENT CORP LTD,8074.25,7414,H
INFO EDGE (I) LTD,7640.65,7570.05,H
BAJAJ HOLDINGS & INVS LTD,10409,10075,H
ICICI LOMBARD GIC LIMITED,2170.95,2160,H
INVESCO INDIA NIFTY ETF,2860,2848,H
V2 RETAIL LIMITED,1228.3,1196.85,H
DEEP INDUSTRIES LIMITED,396.05,389.85,H
ICICIPRAMC-ICICIFIN,27,26.82,H
NETWORK PEOPLE SRV TECH L,3577,3520.7,H
NIP IND ETF IT,45.72,44.8,H
SERVICE CARE LIMITED,85.95,83.7,H
ENTERO HEALTHCARE SOLU L,1344.1,1325.95,H
SEC RE NCD 10.30% SR.VII,1390,1160,H
KOTAKMAMC - KOTAKLIQ,1050.29,1044.99,H
21ST CENTURY MGMT SERVICE,116.03,113.76,H
BOND 7.04% PA TAX FREE S2,1095,1079,H
SEC RED NCD SR.VIII,1485,1479,H
VOLTAS LTD,1779.45,1751.35,H
NEULAND LAB LTD.,12620,12500,H
GUFIC BIOSCIENCES LTD.,418.9,413.7,H
AKZO NOBEL INDIA LIMITED,3578.8,3464,H
INSECTICIDES (I) LTD,1084.25,1067.9,H
STEL HOLDINGS LIMITED,525.1,505,H
SMS LIFESCIENCES (I) LTD,1513.15,1441.1,H
CHEVIOT COMPANY LIMITED,1653.4,1626.7,H
LE MERITE EXPORTS LIMITED,204.6,204.5,H
ASK AUTOMOTIVE LIMITED,474.8,450,H
LT FOODS LIMITED,379.9,376.75,H
GOI TBILL 182D-05/09/24,99.84,99.8,H
GOI TBILL 182D-12/09/24,99.75,99.72,H
POWER INSTRUMENT (G) LTD,163.98,160.77,H
AVRO INDIA LIMITED,187.7,170.85,H
DSPAMC - DSPITETF,43.7,43.6,H
EMKAY GLOBAL FIN SERV LTD,191.95,190.14,H
SEC RE NCD 8.20% SR.V,1021.75,1021,H
A B INFRABUILD LIMITED,78.5,77.5,H
TAX FREE  7.53% SR. 103 A,1163.95,1160,H
GSM FOILS LIMITED,79,76.2,H
POSITRON ENERGY LIMITED,668.2,636.4,H
ASAHI SONGWON COLOR LTD,539.9,525.1,H
BOMBAY BURMAH TRADING COR,2622,2604.95,H
FDC LIMITED,549.5,547.2,H
NALWA SONS INVESTMENT LTD,4980,4845,H
ABBOTT INDIA LIMITED,30145.5,29947.25,H
ALKEM LABORATORIES LTD.,6021.1,5991.55,H
SBI LIFE INSURANCE CO LTD,1854.25,1848.6,H
AXISAMC - AXISHCETF,146.43,144.85,H
TREJHARA SOLUTIONS LTD,257.69,248.9,H
TATAAML - TNIDETF,98.09,97.5,H
VIVIANA POWER TECH LTD,950.9,905.65,H
BIRLASLAMC - HEALTHY,14.74,14.6,H
ICICIPRAMC - ICICI500,47.6,40.08,H
ANNAPURNA SWADISHT LTD,480,471.05,H
TARAPUR TRANSFORMERS LTD,17.62,17.28,H
ORIENTAL TRIMEX LTD,19.04,19,H
SEC RE NCD 8% SR I,1100,1080,H
PTC INDUSTRIES LIMITED,15344,14729.4,H
SEC RE NCD SR.III,1100,1090,H
MAHARASHTRA SCOOTERS LTD,10088,9550,H
BAJAJ AUTO LIMITED,10715,10568.45,H
THE WESTERN INDIA PLY LTD,219,216,H
PILANI INV & IND COR LTD,5725,5690,H
SUMIT WOODS LIMITED,127.54,125.04,H
SUPREME ENGINEERING LTD,2.67,2.62,H
SYNCOM FORMU (I) LTD,23.05,22.5,H
SEC RE NCD 8.70% SR.III,1002.85,1002,H
MOXSH OVERSEAS EDUCON LTD,187.95,180,H
BGR ENERGY SYSTEMS LTD,54.5,48.95,H
AYM SYNTEX LIMITED,139,138,H
SEC RE NCD 9.80% SR.II,1130,1010,H
SUYOG TELEMATICS LIMITED,1735.25,1729.95,H
SHRIRAM - LIQUIDSHRI,1009.6,1009.4,H
SEC RE NCD 9% SR.IV,1083.5,1075.8,H
TRENT LTD,7325,7097.95,H
BHARTI AIRTEL LIMITED,1564.5,1536.25,H
EIMCO ELECON (INDIA) LTD,3222.1,3068.7,H
SUBROS LIMITED,827.4,822,H
THANGAMAYIL JEWELLERY LTD,2148.2,1984,H
HEXA TRADEX LIMITED,305.74,291.19,H
PRAKASH PIPES LIMITED,646,632.4,H
MIRAEAMC - MANXT50,765.04,762.68,H
PRITIKA ENG COMPO LTD,155.35,150.65,H
ICICIPRAMC - ICICINXT50,80.25,80,H
KAVVERI TEL. LTD.,34.98,34.51,H
RAM RATNA WIRES LIMITED,539,529,H
PRUDENTIAL SUGAR CORPORAT,28.69,27.33,H
KOTAKMAMC - KOTAKIT,45.33,45.3,H
ELGI RUBBER CO. LTD,111.56,109.38,H
FLEXITUFF VENTURES INT L,80.17,78.62,H
DHRUV CONSULTANCY SER LTD,143.1,135.4,H
ZENITH DRUGS LIMITED,105,104,H
GOI LOAN  7.02% 2027,102.55,102.5,H
GOI TBILL 364D-12/09/24,99.8,99.51,H
Z-TECH (INDIA) LIMITED,362.7,359.8,H
SEC RE NCD SR.V,1320.55,1281.26,H
ALICON CASTALLOY LIMITED,1495,1481.25,H
KOKUYO CAMLIN LIMITED,208.25,206.86,H
ERIS LIFESCIENCES LIMITED,1351,1299,H
UCAL LIMITED,229,200.73,H
WELSPUN LIVING LIMITED,209.9,206.4,H
KEYSTONE REALTORS LIMITED,790.35,788,H
DIAMOND POWER INFRA LTD,1576.55,1545.65,H
ANIK INDUSTRIES LTD,83.6,79.62,H
LEAD REC AND RUB PROD LTD,69.75,66.45,H
LCC INFOTECH LTD,8.44,8.28,H
EFFWA INFRA & RESEARCH L,389.15,373.95,H
AIMTRON ELECTRONICS LTD,592.4,590,H
AKME FINTRADE (INDIA) LTD,129.85,125.47,H
TAX FREE7.39% SR.IB,1056.5,1055,H
BRACE PORT LOGISTICS LTD,175.9,167.55,H
WANBURY LIMITED,253.18,241.13,H
INDIA GLYCOLS LTD,1370.55,1344.8,H
SHRIRAM PROPERTIES LTD,141.89,140.9,H
DOLAT ALGOTECH LIMITED,176.5,173,H
KONTOR SPACE LIMITED,200.05,193.2,H
DHARMAJ CROP GUARD LTD,389.65,382,H
PVP VENTURES LIMITED,31.43,29.94,H
NIPPONAMC - NETFPHARMA,23.52,23.35,H
SAB EVENTS & GOVERNANCE,12.97,11.6,H
DSPAMC - HEALTHADD,144.83,142.56,H
ALLIED BLEND N DISTILS L,356.4,352.9,H
TAC INFOSEC LIMITED,895.8,853.15,H
TEERTH GOPICON LIMITED,643.4,612.8,H
SEC RE NCD 0% SR.VII,1055,995,H
SEC RE NCD 8.50% SR.IV,990.55,990,H
PANACHE DIGILIFE LIMITED,177.61,147,H
SLONE INFOSYSTEMS LIMITED,172.55,169.75,H
GOI TBILL 91D-26/09/24,99.6,99.38,H
KRISHCA STRAPPING SLTN L,408,407.6,H
SATHLOKHAR SYN E&C GLOB L,545.15,497.1,H
TORRENT PHARMACEUTICALS L,3451,3391.95,H
DCW LTD,88.43,87.9,H
VOLTAMP TRANSFORMERS LTD,14800,14631.2,H
LUPIN LIMITED,2228.15,2179,H
SUMMIT SECURITIES LTD,2549.95,2325,H
MPS LIMITED,2469,2440,H
MULTI COMMODITY EXCHANGE,5010,4935.4,H
INTERGLOBE AVIATION LTD,4943.8,4755.95,H
GMR POW AND URBAN INFRA L,136.3,132.48,H
IIFL SECURITIES LIMITED,284.2,283,H
RPSG VENTURES LIMITED,1360,1267.8,H
GOI TBILL 364D-07/11/24,98.44,98.34,H
SPORTKING INDIA LIMITED,1549.8,1548,H
GOI TBILL 364D-02/01/25,97.51,97.33,H
SAR TELEVENTURE LIMITED,353.1,336.3,H
SAMEERA AGRO AND INFRA L,144.7,131.8,H
TRANSWARRANTY FIN. LTD.,34.48,33.81,H
DELPHI WORLD MONEY LTD,253.5,245,H
TRUST FINTECH LIMITED,300.6,299.05,H
GOI LOAN  7.34% 2064,107.35,107,H
GOI TBILL 91D-03/10/24,99.4,99.18,H
KRONOX LAB SCIENCES LTD,184.9,173.84,H
SRI ADHIKARI BRO TELE N L,545.1,534.45,H
GOLDKART JEWELS LIMITED,174,168.3,H
GOI TBILL 364D-15/08/25,95,94.8,H
SDL AP 7.7% 2038,94,94.76,L
SOLVE PLASTIC PRODUCTS L,91.65,96.45,L
BOND 7.04% PA TAX FREE S2,1070,1079,L
SEC RE NCD 10.25% SR XII,912,974,L
SEC RE NCD 9.90% SR IV,1000.2,1035.3,L
BLB LIMITED,20.04,20.45,L
DIC INDIA LIMITED,703.45,717.8,L
FORCAS STUDIO LIMITED,130.35,137.2,L
INTERARCH BUILDING PROD L,1129,1179.05,L
MAHALAXMI FABRIC MILLS LT,106.49,112.1,L
VINNY OVERSEAS LTD,1.01,1.69,L
PODDAR HOUSE & DVPT LTD,82.02,84.51,L
APRAMEYA ENGINEERING LTD,70.2,71,L
TRANS & RECTI. LTD,705,720,L
ANMOL INDIA LIMITED,35.16,35.88,L
SEC RE NCD 8.89% SR.VIII,939,939.95,L
AURUM RS. 3.12 PPD UP,175.05,176.1,L
SEC RE NCD 9.25% SR.VII,974.69,992.55,L
SHRENIK LIMITED,0.96,0.98,L
RUBFILA INTERNATIONAL LTD,86.8,87.25,L
NANDANI CREATION LIMITED,40.3,40.67,L
KATARIA INDUSTRIES LTD,176.1,183,L
MOTILALAMC - MODEFENCE,76.6,76.9,L
KPI GREEN ENERGY LIMITED,890,900,L
GLOBALE TESSILE LIMITED,69.86,73.54,L

