SYMBOL,SYMBOL P/E,ADJUSTED P/E
PFIZER,44.11,44.6
BOSCHLTD,37.41,50.21
DEEPAKFERT,24.98,24.98
MAHSEAMLES,10.48,10.44
BALMLAWRIE,23.72,23.72
MOTOGENFIN,92.71,92.71
RAMCOCEM,55.54,55.54
PGHL,43.49,41.65
ADORWELD,26.88,26.88
TATACHEM,,34.32
ATFL,333.76,686.42
VLSFINANCE,3.97,3.97
SUPREMEIND,67.94,67.94
BALRAMCHIN,22.83,22.83
WEIZMANIND,27.39,27.39
BBOX,61.26,47.79
RANEHOLDIN,25.39,13.09
SUNPHARMA,40.86,40.27
ARE&M,29.96,29.96
BALKRISIND,33.47,33.47
GET&D,149.69,149.69
BERGEPAINT,60.41,60.62
JYOTISTRUC,79.17,79.17
MUNJALSHOW,22.18,20.83
ARENTERP,16.75,16.75
THOMASCOOK,40.45,40.45
SIEMENS,101.53,101.53
UNIVCABLES,78.5,78.5
IFCI,65.61,66.19
PCBL,36.21,36.21
OSWALAGRO,268.3,266.83
STYRENIX,24.16,24.16
IDBI,16.41,16.41
ELECTCAST,15.51,15.51
FMGOETZE,17.64,17.64
3MINDIA,66.1,66.1
RALLIS,51.93,52.2
KOPRAN,25.37,25.37
TATAINVEST,127.39,127.39
SAKHTISUG,4.76,
HINDZINC,27.63,27.63
FINCABLES,30.84,44.99
CGPOWER,121.87,124.63
BEL,52.43,52.43
KHAITANLTD,17.11,17.11
ANDHRSUGAR,35.1,33.23
EIMCOELECO,36.91,36.91
SILINV,20.97,20.97
ZENITHEXPO,2884.84,2884.84
HITECHGEAR,16.21,42.04
PUNJABCHEM,35.42,35.42
THERMAX,76.27,88.86
RIIL,174.78,174.78
RAYMOND,20.74,19.95
SHREDIGCEM,18.54,18.54
SMLISUZU,23.78,23.78
SUNDRMFAST,53.37,53.37
CRISIL,50.89,50.89
PEL,,142.05
MASTEK,29.97,29.74
TRENT,157.62,237.13
CUMMINSIND,66.01,65.96
JBCHEPHARM,51.77,51.77
INDIAGLYCO,25.2,25.2
IONEXCHANG,50.3,50.3
HIMATSEIDE,14.62,14.62
GFLLIMITED,180.41,180.41
BHARATFORG,86.27,77.78
ATUL,72.13,72.13
ACC,19.86,22.49
MRPL,13.78,13.74
HINDPETRO,10.26,10.26
BAJAJHLDNG,77.42,77.42
ZUARIIND,1.61,
VOLTAS,97.66,97.66
TATASTEEL,,53.52
SPIC,19.68,13.73
RELIANCE,26.06,26.06
DRREDDY,20.94,20.94
CHAMBLFERT,16.2,16.2
ASIANPAINT,60.37,60.37
CENTURYTEX,107.82,107.82
TORNTPHARM,65.58,68.47
FEDERALBNK,11.84,11.84
EPL,38.04,36.06
BIRLACABLE,78.9,78.9
AEGISLOG,38.17,38.17
JTEKTINDIA,42.56,42.56
TATAELXSI,70.95,70.95
HCC,18.55,
APOLLOHOSP,92.56,92.66
EICHERMOT,36.44,36.44
JINDALPOLY,24.91,110.24
KPIL,44.46,44.46
BSL,21.33,21.33
APCOTEXIND,42.47,42.47
RCF,65.75,72.48
DECCANCE,35.58,24.25
ADVANIHOTR,29,29
SUBROS,44.48,44.48
WIPRO,23.96,23.96
JUBLPHARMA,25.71,58.57
TATACOMM,61.2,72.97
MURUDCERA,65.68,65.68
HLVLTD,60.46,60.46
HEIDELBERG,33.78,33.78
MODTHREAD,11.41,11.41
PIDILITIND,85.25,83
HONDAPOWER,41.46,43.24
RUBYMILLS,21.9,21.9
BRITANNIA,63.39,62.8
DCMSHRIRAM,36.5,36.5
COSMOFIRST,26.98,26.98
HEROMOTOCO,25.79,25.79
ITC,30.22,30.21
HINDCOMPOS,27,27
OSWALGREEN,621.25,621.25
HUHTAMAKI,7.44,32.33
RICOAUTO,43.31,42.19
MANINDS,24.49,24.49
SIYSIL,12.23,12.23
PRECWIRE,43.2,43.2
NCC,26.49,25.81
SEAMECLTD,28.25,29.95
BBTC,8.92,8.6
GICHSGFIN,8.31,8.31
BANARBEADS,23.13,23.13
WSTCSTPAPR,6.54,6.54
PRUDMOULI,14.84,13.75
PRAJIND,44.28,47.7
TFCILTD,18.77,18.77
GTL,1.08,5.16
AGI,24.39,24.39
TATACONSUM,95.24,81.28
ZEEL,45.17,34.48
INDHOTEL,77.29,77.29
GOLDENTOBC,10.41,11.81
ANDHRAPAP,9.19,9.19
SCHAEFFLER,67.79,67.54
AMJLAND,18.55,18.55
KSB,76.67,76.67
GODFRYPHLP,43.85,41.4
SURYAROSNI,20.5,20.5
SUDARSCHEM,57.76,57.76
INGERRAND,57.82,57.82
HINDUNILVR,62.85,62.83
FINPIPE,21.76,36.11
DCW,205.91,191.28
HEUBACHIND,41.69,41.69
PVP,11.53,
NAVA,10.34,11.21
AUTOAXLES,18.81,18.81
SWARAJENG,29.27,29.27
GARFIBRES,36.89,36.89
SKFINDIA,46.52,46.52
MARICO,56.82,56.82
KEYFINSERV,6.97,6.97
MOTHERSON,43.06,41.92
AARTIDRUGS,34.8,34.8
INDIANCARD,2.37,
SHRIRAMFIN,15.85,15.85
GUJAPOLLO,36.57,36.57
JAGSNPHARM,53.79,47.79
INDRAMEDCO,26.52,26.52
MADRASFERT,22.4,13.78
SKMEGGPROD,12.26,12.26
HUDCO,25.03,25.03
FDC,27.88,27.88
ADROITINFO,15.89,15.89
MAHAPEXLTD,.61,41.75
TRIGYN,24.54,24.54
KOTHARIPRO,39.28,39.28
ITDCEM,30.78,30.78
SONATSOFTW,60.07,4.93
CYBERTECH,24.21,24.21
DHANBANK,46.63,46.63
STCINDIA,16.33,17.27
RSSOFTWARE,36.32,36.32
IVC,77.65,77.65
ALEMBICLTD,40.86,40.86
BSOFT,28.06,28.06
ZYDUSLIFE,26.81,26.81
RAJESHEXPO,229.38,229.38
IOB,41.28,41.28
BLUESTARCO,71.13,71.13
PNBGILTS,36.35,39.73
TAJGVK,28,28
CHENNPETRO,5.86,5.86
KRBL,14.09,14.09
BALAJITELE,110.28,110.28
ACLGATI,235.6,
SMARTLINK,32.67,32.67
UNITDSPR,73.35,73.53
ASAL,66.8,66.8
APTECHT,54.5,49.28
OFSS,40.67,40.67
OMAXAUTO,19.79,
RADICO,89.96,89.96
NSIL,35.04,35.04
WELSPUNLIV,28.32,28.32
IGL,23.32,23.32
SIL,145.86,145.86
PTC,11.6,11.35
MAHABANK,10,10
CENTEXT,28.77,29.2
TCS,34.56,34.03
COFORGE,50.75,51.33
ASTRAMICRO,70.34,70.34
DWARKESH,40.58,40.58
SUPRAJIT,44,44
CONSOFINVT,12.58,12.58
EVEREADY,74.03,74.03
MANGALAM,32.39,32.39
SSWL,5.48,16.09
PRIMESECU,37.38,42.17
GENUSPOWER,106.84,106.84
NECLIFE,148.61,148.61
GOLDIAM,36.32,36.32
SASKEN,34.64,34.64
SUZLON,122.67,114.47
AIAENG,36.87,36.89
ORIENTCER,37.09,40.99
EKC,20.37,20
ENIL,33.21,33.21
JAGRAN,12.71,12.71
M&MFIN,19.63,19.63
KEI,67.29,67.27
VAKRANGEE,366.72,389.18
RSYSTEMS,40.72,40.72
BALPHARMA,29.71,29.71
KAMDHENU,29.68,29.68
PIONEEREMB,51.59,51.59
MUNJALAU,28.9,17.25
TECHM,62.19,62.27
ANANTRAJ,67.87,67.87
BINANIIND,29.37,
ALICON,33.41,33.41
FIEMIND,23.38,23.38
INSPIRISYS,42.31,42.31
MANALIPETC,57.95,53.03
LTFOODS,22.84,22.84
SOBHA,425,425.08
PLASTIBLEN,21.63,21.63
HBLPOWER,62.9,58.92
PTL,24.06,24.06
GANDHITUBE,18.95,18.95
UNOMINDA,83.91,85.95
FSL,41.05,41.05
SMSPHARMA,50.69,50.69
LAOPALA,29.02,29.02
NAHARPOLY,2149.71,2149.71
BALAMINES,34.27,34.27
AROGRANITE,58.37,58.37
NDLVENTURE,278.88,278.88
BFUTILITIE,15.74,15.74
NELCAST,23.85,34
CENTRALBK,17.48,17.48
CIEINDIA,27.3,27.3
MOTILALOFS,16.06,16.06
KSCL,17.11,17.11
BVCL,19.78,19.78
RGL,13.19,13.19
JYOTHYLAB,54.42,54.42
HITECHCORP,21.69,22.42
TARIL,135.7,135.7
BRIGADE,59.76,59.76
MANAKSIA,8.3,6.29
DVL,28.39,28.39
ARIES,18.85,18.85
CEATLTD,18.86,17.7
KNRCON,12.18,12.18
SEPC,152.73,152.73
GSS,29.3,29.3
VGUARD,70.19,70.19
DPSCLTD,112.08,112.08
TITAGARH,67.45,67.07
BAJAJFINSV,17.06,17.06
DIGISPICE,15.35,41.09
GOKUL,290.98,22.84
RBL,21.38,20.94
LOTUSEYE,73.6,74.4
UBL,119.82,119.82
ZFCVINDIA,71.7,71.7
20MICRONS,19.77,19.39
TPHQ,27.47,27.47
MAWANASUG,9.38,9.38
MHRIL,67.08,67.08
VINATIORGA,59.66,59.66
GLOBUSSPR,35.28,35.28
SUNTECK,89.21,89.21
SARDAEN,23.3,23.21
GODREJPROP,66.23,66.23
BEARDSELL,17.45,17.45
WHIRLPOOL,87.46,83.52
VASCONEQ,31.54,31.54
DBREALTY,8.1,8.62
PERSISTENT,64.83,64.83
KIRLOSBROS,41.76,41.89
SJVN,52.53,56.14
KIRLOSIND,17.29,15.47
IITL,7.14,9.75
WELINV,136.1,136.1
DEEPAKNTR,45.33,48.75
RAMKY,17.39,17.39
ASHOKA,9.98,11.29
JWL,65.46,65.46
CGCL,45.31,45.31
GRAVITA,54.76,54.76
PSB,65.11,65.11
SUMMITSEC,35.06,30.8
TEXRAIL,83.86,83.86
PFS,22.7,22.7
SYMPHONY,52.47,52.47
ASHIANA,52.31,52.31
LTF,17.25,17.25
ASAHISONG,23.59,186.18
TDPOWERSYS,54.5,54.5
VASWANI,17.48,17.48
ONELIFECAP,14.17,14.17
TRITURBINE,82.57,82.57
JISLDVREQS,1.24,1.24
RUPA,35.54,34.3
APLAPOLLO,54.67,54.67
IRFC,36.65,36.65
RHIM,,45.03
SCHNEIDER,105.24,103.38
NBCC,72.02,55.45
TBZ,22.89,22.89
SWANENERGY,30.27,30.27
RTNINDIA,10.29,9.84
THEJO,52.64,52.64
KITEX,32.68,32.68
DUCON,30.11,30.11
TVSHLTD,14.57,14.57
VETO,20.44,20.44
INDUSTOWER,17.84,17.84
JUSTDIAL,26.73,26.73
ESSENTIA,28.43,28.44
PILITA,61.8,61.8
MITCON,22.85,22.85
SREEL,27.96,27.96
WONDERLA,34.95,34.95
GULFOILLUB,21.14,21.14
SUPERHOUSE,16.35,26.27
PDSL,37.95,38.7
MONTECARLO,25.55,25.55
GULPOLY,53.36,53.36
GREENLAM,57.72,57.72
LINC,25.54,25.54
HESTERBIO,116.45,116.45
MANAKSTEEL,18.44,18.83
IMAGICAA,294.42,69.23
LFIC,5.56,5.56
VRLLOG,67.13,67.55
PRIVISCL,49,49
ARROWGREEN,32.79,32.79
ALANKIT,30.73,30.73
BALKRISHNA,,15.78
ADANIENSOL,,78.19
RAMASTEEL,53.4,53.4
POWERMECH,40.41,40.35
SHREEPUSHK,20.7,20.7
IDFCFIRSTB,19.55,19.55
PERFECT,56.03,56.03
LUXIND,48.15,48.15
LINCOLN,14.54,14.54
NH,32.11,32.11
HITECH,52.77,52.77
NECCLTD,32.67,32.67
HECPROJECT,19.71,19.71
WEALTH,30.14,30.14
INFIBEAM,43.46,43.46
SAGARDEEP,57.76,57.76
SHRIPISTON,20.45,20.45
UNITEDPOLY,29.43,29.43
CONTROLPR,24.49,24.51
INCREDIBLE,36.42,36.42
MOLDTECH,24.52,24.52
QUESS,34.62,33.65
LLOYDSENGG,103.06,103.06
LTIM,37.3,37.3
GATECH,73.22,73.22
MINDTECK,35.28,33.42
DBL,25.67,57.82
BIGBLOC,62.67,62.67
MBAPL,66.17,66.17
CUPID,27.94,27.94
ICICIPRULI,269.93,269.93
HPL,78.09,78.09
JETKNIT,92.83,92.83
JAIPURKURT,27.53,27.53
SAKAR,61.13,61.13
AURDIS,13.54,13.54
PANSARI,41.33,41.33
ARTNIRMAN,123.28,123.28
VBL,82.37,82.37
JETFREIGHT,22.93,25.33
TCIEXP,35.73,35.73
LIBAS,5.55,5.55
PROLIFE,10,10
CAPTRUST,113.7,113.7
MAHESHWARI,14.75,14.75
MCL,33.52,33.52
PRICOLLTD,40.86,40.86
STEELCITY,10.63,10.63
KRISHANA,33.55,33.55
GLOBAL,14.06,14.06
SANGINITA,59.14,59.14
AKASH,38.12,38.12
DMART,121.74,121.74
AIRAN,14.78,14.78
ARIHANTSUP,23.07,23.07
EIFFL,190.99,190.99
SHANKARA,18.24,18.24
DEVIT,26.22,26.22
SIKKO,35.07,35.07
INFOBEAN,41.1,41.1
VSCL,1302.18,1302.18
STARCEMENT,39.31,39.31
CDSL,66.9,66.9
ACCORD,47.08,47.08
STEELXIND,84.8,84.8
MAGADSUGAR,10.3,10.3
OPTIEMUS,89.06,89.06
VAISHALI,223.48,223.48
SERVOTECH,270.18,270.18
ABCAPITAL,17.96,17.96
PASHUPATI,183.78,183.78
MANAV,13.18,13.18
MATRIMONY,33.27,33.27
CHOLAHLDNG,7.42,7.42
SBILIFE,90.63,90.63
RMDRIP,89.82,89.82
DPWIRES,19.96,19.96
TIRUPATI,50.79,50.79
GATECHDVR,19.31,19.31
GOLDSTAR,74.35,74.35
JASH,38.22,38.22
BETA,38.81,38.81
MILTON,21.56,21.56
MASFIN,19.29,19.29
GICRE,10.22,10.22
SECURCRED,4.98,4.98
IFGLEXPOR,30.08,30.08
AISL,28.34,28.34
VERTOZ,142.33,142.33
SILVERTUC,53.33,53.33
FELIX,70.14,70.14
ICEMAKE,46.33,46.33
SHRADHA,12.1,12.1
TOUCHWOOD,50.5,50.52
MOKSH,16.19,16.19
BCONCEPTS,78.94,78.94
AMBER,82.72,82.72
SOLEX,169.92,169.92
SINTERCOM,291.78,291.78
MHHL,9.86,9.86
SOUTHWEST,44.33,46.56
ARVEE,159,159
BANKA,66.4,66.43
GMMPFAUDLR,39.71,39.71
HINDCON,56.79,56.79
SARVESHWAR,49.57,49.57
MACPOWER,54.04,54.04
BDL,83.19,83.19
HAL,38.44,38.44
URAVI,280.02,280.02
MITTAL,21.82,40.69
GIRIRAJ,94.91,94.91
ISEC,13.58,13.58
MIDHANI,101.3,101.3
AVG,17.89,28.05
MMP,36.26,36.26
NARMADA,16.73,16.73
CHEMFAB,72.76,72.76
BSHSL,92.11,92.11
MAHICKRA,83.92,83.92
AAKASH,20.71,20.71
GODHA,58.31,58.31
SOFTTECH,133.79,133.79
E2E,144.35,144.35
SIRCA,38.26,38.26
SVLL,81.72,81.72
LATTEYS,109.62,109.62
SONAMLTD,37.49,37.49
ADANIGREEN,260.57,215.83
PRITI,21.86,21.86
RITES,34.1,34.1
GANGAFORGE,193.93,197.61
REPL,25.44,25.44
AVROIND,44.13,44.13
TEMBO,18.04,18.36
CREDITACC,12.92,12.92
AARON,42.98,42.98
LAGNAM,15.47,15.47
RPPL,30.24,30.24
AKG,57.89,57.89
IRCON,27.31,27.31
AHLADA,9.91,9.91
SPECTRUM,146.49,146.49
GRSE,55.37,55.37
KRITIKA,45.36,45.36
PARIN,143.81,143.81
VINNY,58.73,58.73
BBTCL,32.49,32.49
IRISDOREME,47.25,47.25
TECHNOE,66.79,66.79
UNIPARTS,19.83,19.83
TREJHARA,25.37,206.96
RPSGVENT,38.01,38.01
SURANI,742.68,742.68
CHALET,70.95,70.95
ANUP,40.65,40.65
PAR,20.07,20.07
KHFM,129.48,129.48
RVNL,88.54,88.54
METROPOLIS,77.45,77.45
KPITTECH,76.04,76.04
NEOGEN,108.34,108.34
VIKASLIFE,,96.86
CONFIPET,34.23,34.23
DGCONTENT,41.92,41.92
INDIAMART,44.25,44.25
ABINFRA,84.54,85.76
WEL,169.83,169.83
CHEMCON,54.71,54.71
WESTLIFE,308.43,308.43
HNDFDS,67.47,67.47
MAZDOCK,39.58,39.58
IRCTC,62.73,62.57
360ONE,46.34,43.2
IIFLSEC,13.98,13.98
FLUOROCHEM,105.09,105.09
KUANTUM,8.08,8.08
CHEMBOND,19.78,19.78
MGEL,19.07,19.07
SBICARD,29.09,29.09
HOMEFIRST,30.17,30.17
CSBBANK,10.27,10.27
ASCOM,32.36,32.26
EASEMYTRIP,64.09,39.9
ROSSARI,37.47,37.47
PRINCEPIPE,35.01,37.94
ESAFSFB,5.36,5.36
ARTEMISMED,66.98,66.98
SUMICHEM,60.78,60.78
LGHL,67.73,72.01
ASALCBR,29.81,29.81
MAHEPC,,2269.24
BAFNAPH,713.67,315.46
SUVENPHAR,112.83,112.83
STOVEKRAFT,79.14,79.14
KSOLVES,35.11,35.11
HAPPSTMNDS,50.91,53.1
GLAND,42.74,42.74
BOROLTD,70.14,70.14
MAXHEALTH,78.79,78.79
PAVNAIND,55.27,55.27
KALYANKJIL,100.54,100.54
SHAREINDIA,13.35,13.33
UNIDT,42.19,42.19
ANGELONE,19.58,19.58
ADL,201.32,201.32
SURYODAY,8.72,8.72
ROML,128.81,128.81
RAILTEL,62.56,61.75
BECTORFOOD,65.42,65.42
NURECA,544.53,544.53
HERANBA,33.42,33.42
LXCHEM,71.56,71.56
MTARTECH,137.7,137.7
FAIRCHEMOR,37.56,37.56
ANURAS,66.68,66.68
ISGEC,40.19,40.19
STYLAMIND,25.93,25.76
CLSEL,11.28,11.28
CARYSIL,41.62,41.62
SHAILY,67.87,67.87
MODISONLTD,32.69,32.25
FIBERWEB,15.48,15.48
BCLIND,16.7,16.7
BHAGCHEM,242.21,242.21
SBCL,43.23,43.23
SMCGLOBAL,7.4,7.4
QMSMEDI,27.03,27.03
ARIHANTCAP,10.98,10.99
SIDDHIKA,17.56,17.56
NAZARA,78,77.32
IPL,38.48,38.48
GENCON,22.46,22.46
LODHA,66.1,62.83
HLEGLAS,74.71,69.25
VMARCIND,39.49,39.49
SONACOMS,75.79,75.18
UTKARSHBNK,10.36,10.36
DRCSYSTEMS,25.69,25.69
PARAS,130.07,130.07
CRAFTSMAN,47.25,47.25
DODLA,36.89,36.89
JUBLINGREA,60.76,60.76
ROLEXRINGS,38.2,34.66
SHYAMMETL,20.59,20.59
KIMS,58.53,58.53
MAKS,135.99,69.1
TATVA,89.56,89.56
CLEAN,64.67,64.67
GLS,27.91,27.91
ABSLAMC,25.46,25.46
DEEPINDS,18.14,18.21
ZOMATO,375.59,375.59
BEWLTD,34.95,34.95
PIXTRANS,21,21
WINDLAS,29.61,29.61
CARTRADE,51.47,51.47
KRSNAA,39.03,39.03
EQUIPPP,2883.13,2883.13
DEVYANI,1489.82,263.59
APTUS,23.9,23.9
SUPRIYA,33.13,33.13
BMETRICS,28.22,28.22
VIJAYA,74.69,73.8
AMIORG,128.16,56.39
IWEL,1077.92,530.32
VINEETLAB,397.85,397.85
SANSERA,42.34,42.34
BAJAJHCARE,,36.09
PRITIKAUTO,34.58,34.58
AAREYDRUGS,33.01,33.01
GRINFRA,12.67,15.78
INTLCONV,6.78,6.78
DUGLOBAL,646.51,646.51
STEELCAS,19.12,19.12
HPAL,42.57,42.9
STARHEALTH,40.87,40.87
KPIGREEN,61.28,60.84
SGIL,46.94,46.94
SJS,31.83,31.83
FINOPB,38.09,38.09
NYKAA,1250.98,1250.98
AWL,89.67,83.11
SAPPHIRE,293.22,293.22
DKEGL,12.62,12.62
QUADPRO,50.84,50.84
PRUDENT,65.5,65.5
NUVOCO,89.55,89.55
GOCOLORS,74.25,74.25
TRACXN,140.17,140.17
FUSION,8.9,8.9
COASTCORP,88.36,88.36
MEDPLUS,129.94,129.94
RATEGAIN,53.31,53.31
LATENTVIEW,61.86,61.86
METROBRAND,86.45,86.45
PASUPTAC,19.28,19.28
PARADEEP,31.71,31.71
MAPMYINDIA,80.36,80.36
TMB,6.75,6.75
KRITI,41.42,41.42
DYNAMIC,77.01,77.01
GANESHBE,19.03,19.03
GVPTECH,77.29,77.29
KOTYARK,45.2,45.2
MEDICAMEQ,83.64,83.64
SHIVALIK,57.33,57.33
PRECISION,17.04,17.04
DATAPATTNS,85.26,85.26
JSLL,48.54,48.54
MEDANTA,59.78,59.78
MALLCOM,23.69,23.69
NIDAN,,22.65
IRIS,46.92,46.92
SMLT,23.52,23.52
RADIANTCMS,22.6,22.6
HARIOMPIPE,44.49,44.49
RAJRILTD,4945.91,4945.91
DYCL,37.93,37.93
FIVESTAR,23.73,23.73
VIRINCHI,33.58,33.58
SBC,71.06,71.06
RICHA,34.58,34.58
ELIN,75.17,75.17
SHIGAN,41.21,41.21
MADHAVBAUG,75.04,75.04
MHLXMIRU,15.34,15.34
RELCHEMQ,111.2,111.2
GATEWAY,20.74,20.74
ZIMLAB,31.05,31.05
JTLIND,38.44,38.44
RAINBOW,58.15,58.15
AETHER,142.98,74.86
ROTO,48.09,48.09
GSTL,82.19,82.19
INDOBORAX,15.36,15.36
LANDMARK,45.58,44.99
ETHOSLTD,124.59,124.59
MSUMI,47.8,47.8
KNAGRI,34.32,34.32
LEMERITE,267.54,267.54
HARSHA,39.93,39.93
GMRP&UI,5.9,
KCK,202.76,202.76
LICI,16.32,16.32
PROPEQUITY,27.13,27.13
TVSSCS,9453.57,238.82
SWARAJ,32.7,32.7
ACI,35.37,35.37
BIKAJI,76.35,76.35
SADHNANIQ,388.9,388.9
VEEKAYEM,25.68,25.68
RILINFRA,29.45,29.45
CHEVIOT,10.76,10.76
HMAAGRO,44.73,44.73
CMRSL,14.02,11.48
KFINTECH,72.15,72.15
YATHARTH,36.58,36.58
ARISTO,19.45,19.45
KAYNES,152.38,152.38
NGLFINE,32.6,32.6
JFLLIFE,18.29,18.29
AXITA,35.53,35.53
PLAZACABLE,116.09,116.09
SENCO,40.93,40.93
USASEEDS,26.57,26.57
TRU,49.78,49.78
RADHIKAJWE,26.45,26.45
SPLPETRO,41.82,41.82
RAMRAT,37.31,37.31
VIVIANA,82.08,82.08
CSLFINANCE,13.71,13.71
AGNI,241.52,241.52
KORE,196.07,191.8
GOYALALUM,61.42,61.42
RUSTOMJEE,151.61,151.61
GENSOL,61.24,61.14
DBOL,25.64,25.64
GSLSU,52.18,52.18
SPORTKING,22.29,22.29
ALLETEC,77.61,77.61
MANORAMA,121.51,121.51
ARABIAN,27.61,27.61
GRMOVER,26.37,26.37
SYNCOMF,71.68,71.63
CLOUD,3.54,3.54
DJML,61.01,61.01
SULA,43.48,43.48
SIGNATURE,383.82,383.82
ANNAPURNA,59.68,59.68
KRITINUT,15.88,15.88
KALAMANDIR,30.55,30.55
AVALON,187.3,187.3
CONCORDBIO,52.98,52.98
GRCL,145.96,145.96
BAIDFIN,17.09,17.09
QUICKTOUCH,14.7,14.7
IPSL,22.85,22.85
KAMOPAINTS,98.18,98.18
DOLLEX,9.45,9.45
BLUEJET,54.97,52.65
MVGJL,15.6,15.6
SCPL,22.73,22.73
SUKHJITS,15,15
ARHAM,47.88,47.88
MANKIND,49.2,49.2
SKYGOLD,68.66,68.66
ARIHANTACA,75.55,75.55
SATINDLTD,6.33,6.33
DIVGIITTS,54.2,54.2
PRITIKA,90.34,90.34
USK,12.36,12.36
VERTEXPLUS,117.67,117.67
SRIVASAVI,28.35,28.35
IKIO,38.51,38.51
MANOMAY,31.3,31.3
FAZE3Q,29.66,29.66
LLOYDSME,29.07,29.07
AARTIPHARM,26.36,26.36
RHL,56.93,56.93
SAHYADRI,16.96,16.96
SAHANA,84.81,84.81
NINSYS,49.67,49.67
DUCOL,41.53,41.53
SBFC,34.83,34.83
SBGLP,90.03,90.03
ASMS,311.31,299.85
HYBRIDFIN,13.07,12.83
LRRPL,131.85,131.85
ZAGGLE,76.84,76.84
AGARWALFT,371.85,371.85
HONASA,131.53,131.53
RISHABH,40.78,40.78
IRMENERGY,20.57,20.57
SAH,333.83,333.83
DENEERS,19.38,19.38
CYIENTDLM,93.26,93.26
AGUL,17.14,17.14
AKI,122.96,122.96
MASTER,54.56,54.56
YCCL,35.89,35.89
RATNAVEER,24.13,24.13
PATTECH,53.64,53.64
SECMARK,199.92,199.92
AUROIMPEX,14.97,14.97
SPECTSTM,23.09,23.09
ATAM,32.97,32.97
IDEAFORGE,113.78,113.78
SHRITECH,13.85,13.85
LAL,38.85,38.85
URBAN,29.09,29.09
INFINIUM,51.49,51.49
AARTECH,133.43,133.43
POCL,57.73,57.73
ESFL,35.15,35.15
AATMAJ,69.66,69.66
DOLPHIN,210.62,220.2
ASHOKAMET,8.95,8.95
CELLPOINT,35.64,35.64
SEL,169.65,169.65
GREENCHEF,40.68,40.68
NETWEB,171.08,171.08
MAGSON,26.19,26.19
AEROFLEX,53.17,53.02
EMSLIMITED,28.17,28.17
MONOPHARMA,28.74,28.74
VPRPL,26.44,26.44
SYNOPTICS,17.42,17.42
KIRLPNU,57.35,55.01
ATL,31.7,31.7
COMMITTED,14.62,14.62
JSWINFRA,61.52,61.52
SANGANI,21.91,21.91
JLHL,51.68,51.99
DRONE,100.22,100.22
YASHO,53.68,53.68
SERVICE,31.78,31.78
KEL,47.64,47.64
VINSYS,22.72,22.72
ACSAL,14.22,14.22
SAROJA,22.38,22.38
SINDHUTRAD,27.13,27.13
ORIANA,77.22,77.22
ONDOOR,45.69,45.28
TRANSTEEL,11.83,11.67
OLIL,44.57,44.57
KODYTECH,570.49,570.49
SCML,21.52,21.52
MAL,8.72,8.72
HIGREEN,45.34,45.34
CELLECOR,45.6,45.6
SRGHFL,21.88,21.88
JIOFIN,176.96,176.96
MADHUSUDAN,26.56,26.56
GOYALSALT,33.02,33.02
SHANTHALA,146.8,146.8
TREL,5.06,41.07
DIAMINESQ,77.1,77.1
VISHNUINFR,31.25,31.25
MICROPRO,20.06,20.06
INSPIRE,17.97,17.97
MAITREYA,33.72,33.72
AMNPLST,57.05,57.05
SARTELE,79.76,79.76
VINYAS,217.73,217.73
RUCHINFRA,37.09,117.61
BANKBARODA,6.95,6.95
CERA,54.89,54.61
ADANIPORTS,34.5,32.9
EXCEL,57.62,57.62
NHPC,23.65,23.65
EXPLEOSOL,22.63,22.63
AMRUTANJAN,55.91,55.91
DEN,11.72,11.72
SHILPAMED,144.45,155.49
JSWENERGY,65.7,65.7
HINDCOPPER,88.12,88.12
NESTLEIND,74.93,75.15
UNITEDTEA,14.06,14.06
THANGAMAYL,44.05,44.05
HATHWAY,57.6,56.89
MANINFRA,26.83,26.83
KSL,19.93,19.93
TI,33.13,32.5
BAJAJCON,25.12,25.12
KILITCH,51.88,51.88
GREENPOWER,70.46,110.21
BEDMUTHA,27.49,27.49
COALINDIA,9.37,9.37
RPPINFRA,13.76,13.76
JUBLINDS,76.79,38.96
DHUNINV,12.36,12.36
PIIND,38.89,38.89
OMINFRAL,43.54,43.54
DELPHIFX,18.89,18.89
RUSHIL,23.09,23.09
SAMMAANCAP,6.66,6.66
AGARIND,16.06,16.06
SNOWMAN,124.99,124.99
INTELLECT,44.54,44.15
MOLDTKPAC,39.78,39.78
MENONBE,10,10
ZENTEC,103.76,104.99
VIPULLTD,2.04,2.01
NILAINFRA,38,38
SATIN,5.36,5.36
GUJGASLTD,32.88,34.07
BALAXI,13.03,15.73
PILANIINVS,40.56,40.56
PRECAM,52.57,75.01
SEQUENT,296.59,
HCG,107.05,113.35
THYROCARE,62.79,62.67
ARMANFIN,11,11
NITIRAJ,24.27,24.27
GAIL,16.33,16.33
BANKINDIA,8.16,8.16
ICICIBANK,18.51,18.51
INDSWFTLAB,2.97,15.71
HAVELLS,85.4,85.4
AXISCADES,60.98,60.98
TIPSINDLTD,67.56,67.56
HIKAL,59.57,59.57
MARKSANS,31.98,31.98
GODREJCP,,75.92
LUPIN,43.28,43.28
TCI,30.01,29.79
BHARTIARTL,99.37,82.46
PNB,11.79,11.79
UNIONBANK,6.76,6.76
GODREJIND,31.42,31.42
UCOBANK,31.08,31.08
JAIBALAJI,17.74,17.74
VAIBHAVGBL,44.38,42.44
POONAWALLA,17.95,25.65
EXCELINDUS,44.19,44.19
AMBICAAGAR,16.42,16.42
TEXINFRA,451.44,451.44
NTPC,19.62,19.62
INDOCO,45.02,48.95
JSWSTEEL,30.53,32.57
GOKEX,54.61,54.61
CYBERMEDIA,16.61,21.56
JKPAPER,8.34,8.34
YESBANK,51.75,51.75
IDFC,746.35,746.35
FCSSOFT,,64.56
VENUSREM,16.85,16.85
WANBURY,15.1,29.52
IZMO,20.82,20.82
TIIL,29.95,29.2
PFC,8.26,8.26
PAGEIND,80.41,80.41
ICRA,39.06,39.06
FORTIS,59.52,60.53
HILTON,33.89,33.89
NAGREEKEXP,26.21,26.21
TARMAT,,149.65
PURVA,136.17,136.17
CENTUM,,3678.05
DELTACORP,18.42,23.05
GANESHHOUC,17.72,17.72
ALKYLAMINE,73.51,73.51
MPHASIS,36.7,36.7
GUJRAFFIA,41.55,41.55
RAMCOIND,28.1,28.1
HERITGFOOD,34.14,33.88
INDNIPPON,27.59,27.59
CONCOR,48.01,48.01
KCPSUGIND,6.53,7.1
SAREGAMA,52.15,52.15
ENGINERSIN,39.93,39.93
JAICORPLTD,111.43,111.43
GMDCLTD,20.2,20.2
INDUSINDBK,11.94,11.94
ASAHIINDIA,54.15,54.15
J&KBANK,6.42,6.42
CUB,11.96,11.96
SOUTHBANK,5.78,5.78
ASTRAZEN,176.16,92.48
AXISBANK,13.64,13.64
CYIENT,32.58,30.73
KOKUYOCMLN,49.03,49.03
GOACARBON,10.06,10.06
SANGHVIMOV,20.61,20.61
NATIONALUM,14.74,17.1
JINDALSTEL,17.68,17.68
NIPPOBATRY,3.04,3.04
HCLTECH,28.26,28.26
ACCELYA,28.42,28.49
STAR,144.82,42.11
NRBBEARING,12.62,34.24
BIL,46.17,46.17
KTKBANK,6.32,6.32
AJANTPHARM,43.45,43.45
CALSOFT,57.43,57.43
TVSMOTOR,69.54,69.54
PNC,31.21,31.21
NLCINDIA,19.19,19.19
REPRO,100.94,100.94
RADIOCITY,67.7,67.7
TASTYBITE,222.21,222.21
NRAIL,7.88,7.88
CREATIVE,20.12,20.12
FOCUS,17.78,17.78
DOLLAR,31.91,31.7
SCHAND,17.37,17.37
PSPPROJECT,22.86,22.86
ERIS,44.78,44.78
GTPL,20.84,20.84
ACEINTEG,55.1,55.1
SALASAR,56.65,56.65
AVADHSUGAR,11.94,11.94
GANGESSECU,36.2,36.2
TOTAL,829.76,829.76
SIS,43.26,43.26
SMSLIFE,25.25,25.25
GEEKAYWIRE,13.98,13.98
APEX,57.98,57.98
DIXON,182.89,182.89
CAPACITE,21.9,21.9
WORTH,13.8,13.8
AARVI,20.97,20.97
AIROLAM,27.3,27.3
TIRUPATIFL,37.63,37.63
DPABHUSHAN,43.27,43.27
NAM-INDIA,36.71,36.71
NIACL,40.15,40.15
ZODIAC,77.47,77.47
SHALBY,38.22,38.22
ONEPOINT,39.68,39.68
AJOONI,62.09,62.09
SILLYMONKS,102.39,102.39
GALAXYSURF,34.14,34.14
RAJMET,36.55,36.55
KSHITIJPOL,19.52,50.34
SILGO,20.64,20.64
MARINE,112.88,113.38
ATGL,139.43,139.43
SHRIRAMPPS,5.86,5.86
AWHCL,21.6,21.6
MSTCLTD,26.34,26.34
ARVINDFASN,57.69,55.64
POLYCAB,56.51,56.51
EMAMIPAP,8.57,8.57
PPL,15.55,15.55
OAL,69.58,69.58
SATIA,6.97,6.97
AFFLE,72.97,72.97
SPANDANA,10.17,10.17
UJJIVANSFB,6.75,6.75
SAFARI,67.88,67.88
HPIL,142.35,142.35
VISHWARAJ,61.88,61.88
GREENPANEL,38.88,38.88
APOLLOPIPE,57.49,57.49
ROUTE,26.26,27.27
SIGMA,27.04,27.04
EQUITASBNK,14.58,14.58
HINDWAREAP,80.27,80.27
LIKHITHA,25.57,25.57
PATANJALI,73.62,73.62
ATALREAL,39.12,39.12
UNIVPHOTO,14.3,14.3
POWERINDIA,300.39,300.39
RAJRATAN,41.19,41.19
AARTISURF,30.36,30.36
NDRAUTO,55.64,55.64
AAATECH,46.5,46.5
SIGACHI,33.66,33.66
NIRAJ,18.15,12.19
CAMS,56.37,56.37
UTIAMC,17.32,17.32
ORCHPHARMA,62.8,62.8
INDIGOPNTS,48.07,48.07
UGROCAP,18.07,18.07
YUKEN,76.58,76.58
ANANDRATHI,63.03,63.03
POLICYBZR,586.16,782.94
MONARCH,18.66,18.65
EPIGRAL,32.83,32.83
CMSINFO,25.54,25.54
TARSONS,65.06,65.06
TEGA,55.16,55.16
MANORG,79.1,79.1
MICEL,31.19,34.8
FOODSIN,27.42,27.42
MANYAVAR,76,76
DMCC,70.48,70.48
EMIL,43.08,43.08
UMAEXPORTS,28.01,27.5
AHL,32.37,32.37
ASIANENE,59.85,56.43
NRL,56.13,56.13
CHOICEIN,60.65,60.65
GRWRHITECH,29.27,29.27
DCMSRIND,14.55,14.55
EMUDHRA,84.04,84.04
STARTECK,16.9,16.9
ELDEHSG,27.93,27.93
SEJALLTD,88.21,88.21
SYRMA,66.6,66.07
CAMPUS,103.87,103.87
VENUSPIPES,49.56,49.56
MEGASTAR,72.74,72.74
RACE,653.14,653.14
DREAMFOLKS,33.95,33.95
DHARMAJ,30.95,30.95
OBCL,47.71,47.71
INDOAMIN,23.82,23.82
INOXGREEN,227.98,227.98
RITCO,27.28,27.28
HARDWYN,94.81,94.81
MEDICO,41.53,41.53
DCXINDIA,53.08,53.08
AKSHAR,45.47,45.47
REDTAPE,59.47,59.47
PTCIL,593.61,593.61
PYRAMID,23,23
GHCLTEXTIL,32.18,32.18
UDS,29.64,29.64
RRKABEL,63.69,63.76
NUVAMA,32.99,32.99
NIITMTS,30.22,29.49
SANDUMA,23.49,23.49
MUFIN,121.55,118.02
CELLO,55.07,55.07
EMKAYTOOLS,13.9,13.9
KKVAPOW,112.47,112.47
GICL,67.77,67.77
JALAN,,38.77
TRANSWIND,30.76,30.76
MPTODAY,6.47,6.5
CADSYS,8.05,8.22
CMMIPL,18.16,18.16
OMFURN,19.45,19.45
PULZ,15.06,15.06
INNOVANA,25.53,25.53
MDL,58.21,54.41
CONTI,519.98,519.04
SHUBHLAXMI,20.11,20.11
MINDPOOL,157.09,157.09
SECL,1404.82,1404.82
PARTYCRUS,19.76,19.76
NPST,670.24,670.24
WALPAR,45.97,45.97
AILIMITED,85.52,85.52
ABCOTS,49.51,49.51
REXPIPES,16.73,16.72
DESTINY,29.79,29.79
FOCE,45.41,45.41
COOLCAPS,108.82,108.76
EUROBOND,59.69,59.69
TIMESCAN,12.47,12.47
SPRL,25.61,25.61
SONUINFRA,17.03,17.03
KRISHIVAL,52.2,52.2
KRISHNADEF,106.91,106.91
AMEYA,28.74,28.74
SKP,65.96,65.96
MWL,27.89,27.89
SABAR,14.63,14.63
SWASTIK,168.1,168.1
FIDEL,28.26,28.26
KANDARP,35.49,35.49
ISHAN,,273.61
BAHETI,53.82,53.82
MEGAFLEX,44.84,44.84
RITEZONE,16.09,16.09
PHANTOMFX,21.88,21.88
AMIABLE,10.75,10.75
JIWANRAM,21.32,21.32
FROG,33.27,33.27
ANLON,63.04,63.04
CMNL,20.3,20.02
RBMINFRA,67.18,67.18
HOMESFY,66.29,55.53
VIAZ,30.72,30.72
MCON,53.44,53.44
QFIL,22.43,22.43
NIRMAN,57.3,57.3
SYSTANGO,21.55,21.55
MOS,42.85,42.85
CRAYONS,17.21,17.21
INFOLLION,32.89,32.89
KRISHCA,36.87,36.87
REMUS,54.27,54.27
PENTAGON,20.01,20.01
PROV,77.68,77.68
EFACTOR,18.91,18.91
DENTALKART,58.48,58.48
SSFL,85.76,85.76
SAHAJ,27.76,27.76
GLOBALPET,59.21,59.21
PRAMARA,48.87,48.87
ZEAL,22.83,22.83
UNIHEALTH,22.24,22.24
CHAVDA,22.49,22.49
PLADAINFO,8.95,8.95
KARNIKA,31.68,31.68
SAAKSHI,77.84,77.84
BASILIC,48.45,48.45
CPS,84.74,84.74
NEWJAISA,66.38,66.38
HOLMARC,33.67,33.67
MARCO,44.77,44.77
KONTOR,124.23,124.23
CANARYS,55.03,55.03
DIGIKORE,90.47,90.47
PARAGON,20.65,20.65
ONGC,8.81,8.57
BLUEDART,67.04,67.04
HSCL,58.54,58.54
RANASUG,24.74,24.74
UFLEX,,13.57
SPMLINFRA,147.04,173.9
VSTIND,27,27
TOKYOPLAST,86,86
SANOFI,31.68,29.77
KABRAEXTRU,53.42,53.42
PRSMJOHNSN,80.65,
JINDALSAW,12.63,12.63
CANFINHOME,14.95,14.95
DABUR,61.65,61.65
ORIENTHOT,60.98,60.98
KANSAINER,36.13,36.13
GABRIEL,39.86,39.86
PRAKASH,11.87,11.87
GREAVESCOT,,105.65
TIMKEN,72.03,72.03
AKZOINDIA,36.37,36.37
GRASIM,18.72,18.01
DCM,34.36,34.36
BIRLACORPN,25.89,26.31
ASHAPURMIN,17.55,31.51
TNPL,16.03,16.03
REMSONSIND,44.17,45.53
STARPAPER,6.48,6.32
JAYAGROGN,16.12,16.12
SANGAMIND,49.9,43.32
CREST,12.63,12.63
TVSSRICHAK,39.07,36.83
DYNAMATECH,55.67,101.47
PENINLAND,29.39,30.66
WHEELS,31.48,31.48
PREMIERPOL,21.03,21.03
SESHAPAPER,10.14,10.14
FACT,2480.48,302.17
EXIDEIND,48.22,48.22
ELECON,39.78,39.78
LAXMIMACH,55.89,55.89
NELCO,132.81,132.81
MAHSCOOTER,52.44,54.15
LUMAXIND,48.13,48.13
KECL,96.81,96.81
KCP,10.98,10.9
JAYBARMARU,36.84,36.84
INFY,29.57,29.57
IFBIND,73.91,73.91
IGPL,54.48,54.48
GNFC,19.42,19.42
BPCL,8.37,8.11
BASF,45.27,45.96
ARVIND,32.14,32.25
TATAMOTORS,10.67,10.6
SCI,16.93,16.93
LINDEINDIA,141.31,141.31
ESCORTS,41.25,41.25
ASHOKLEY,29.09,28.5
TITAN,91.27,91.27
SUNDARMFIN,33.54,32.16
VEDL,19.46,21.86
SBIN,10.54,9.8
NOCIL,38.23,38.23
BATAINDIA,56.66,74.92
CARBORUNIV,68.57,68.57
HINDOILEXP,17.3,20.44
COROMANDEL,34.35,34.35
VINDHYATEL,31,31
BEML,56.36,56.36
CENTENKA,29.33,29.33
VTL,21.01,21.01
VIPIND,11208.69,11208.69
SRF,61.66,61.66
UNICHEMLAB,,2227.58
HONAUT,86.6,86.6
PRECOT,19.99,25.4
SHREYANIND,5.54,5.54
SANDESH,6.14,6.14
ADANIENT,81.06,76.69
IVP,14.46,14.46
INDBANK,23.44,23.44
RAJSREESUG,21.67,21.67
NEULANDLAB,46.47,48.75
ZENSARTECH,26.37,26.37
BANARISUG,26.53,26.53
IGARASHI,148.22,148.22
JAYNECOIND,31.69,28.27
SOTL,23.02,23.02
KARURVYSYA,10.66,10.66
WSI,20.81,19.97
TATAPOWER,42.6,42.94
SUNFLAG,28.78,28.78
SIMPLEXINF,13.56,13.56
BHARATRAS,50.54,50.54
SOMANYCERA,30.63,31.74
M&M,31.59,31.59
LIBERTSHOE,63.03,49.26
KAJARIACER,51.54,51.52
MANGLMCEM,44.49,44.49
POLYPLEX,20.34,20.34
3PLAND,42.75,42.75
EIHAHOTELS,32.25,32.25
SAIL,22.87,15.43
ABB,104.11,104.11
GRAPHITE,9.63,36.3
BBL,46.41,46.41
DHAMPURSUG,14.89,14.89
CIPLA,29.77,28.77
HDFCBANK,17.87,17.77
GMBREW,12.3,12.3
GIPCL,17.67,17.67
INDIANHUME,29.15,29.15
IOC,8.06,8.06
KAMATHOTEL,12.71,67.72
BANCOINDIA,17.7,17.7
APOLLOTYRE,19.69,18.68
SHANTIGEAR,55.2,55.2
ONWARDTEC,33.9,33.9
NILKAMAL,27.66,27.66
ICIL,24.47,24.47
ELGIEQUIP,71.09,71.09
AUROPHARMA,25.74,25.26
EIHOTEL,38.36,37.84
LICHSGFIN,7.93,7.93
BEPL,23.09,23.09
MOREPENLAB,37.33,37.33
VENKEYS,24.14,24.14
GHCL,12.84,12.84
EVERESTIND,111.78,132.95
BPL,43.61,43.61
PGHH,74.08,74.08
VESUVIUS,41.47,41.47
BOMDYEING,1.53,
NAVNETEDUL,4.45,19.15
GLAXO,76.07,67.33
CHOLAFIN,33.3,33.3
KOTAKBANK,16.86,19.49
LYKALABS,966.25,488.06
GILLETTE,74.38,74.38
FOSECOIND,47.65,47.88
ESABINDIA,57.82,57.82
AARTIIND,48.01,48.01
MFSL,83.73,83.73
HEG,58.04,58.04
GLFL,265.71,265.71
SHREECEM,42.58,42.58
IPCALAB,62.89,68.2
HINDALCO,14.67,14.39
GSFC,17.79,17.85
AMBUJACEM,35.19,37
EIDPARRY,9.33,9.33
CESC,18.83,22.87
BAJFINANCE,28.48,28.48
CORALFINAC,11.08,11.08
GREENPLY,43.8,48.15
PEARLPOLY,40.99,40.99
DALMIASUG,12.84,12.84
NATCOPHARM,17.12,17.12
MRF,28.53,28.53
TNPETRO,18.4,16.43
TTKPRESTIG,59.83,59.83
CUBEXTUB,35.67,35.67
SAMBHAAV,40.27,45.66
BIOFILCHEM,166.79,166.79
SUNDRMBRAK,54.35,54.35
SOMATEX,5.1,
STERTOOLS,32.79,33.03
WENDT,73.83,73.83
DENORA,40.41,40.41
MIRZAINT,60.3,60.3
RESPONIND,39.76,39.76
IOLCP,22.34,22.34
PENIND,24.46,24.46
JAMNAAUTO,24.26,24.26
MOIL,23.07,23.07
FMNL,.86,
STEL,70.27,70.27
HINDMOTORS,18.71,18.71
LOVABLE,82.18,82.18
VADILALIND,19.28,19.28
RELAXO,105.82,105.82
VSTTILLERS,31.29,31.29
KARMAENG,129.12,169.62
MAITHANALL,4.34,4.34
INVENTURE,16.88,14.67
BODALCHEM,343.12,343.12
FILATEX,22.96,22.96
BROOKS,181.37,181.37
APLLTD,33.34,33.34
PGEL,70.08,70.08
PANAMAPET,12.7,12.7
PAISALO,31.01,31.07
SHAKTIPUMP,38.62,38.62
INDOTHAI,22.01,22.01
DSSL,35.28,35.28
POLYMED,86.91,86.91
VIKASECO,43.32,43.32
KANANIIND,104.12,104.12
MINDACORP,58.53,58.53
DBSTOCKBRO,18.13,18.13
COMPUSOFT,61.42,61.42
NDL,13.37,13.37
HEXATRADEX,58.28,58.28
VSSL,23.15,23.15
SPECIALITY,30.27,30.27
MAYURUNIQ,21.53,21.53
ROSSELLIND,159.17,157.74
ZUARI,6.08,6.08
CARERATING,28.04,28.04
REPCOHOME,7.64,7.64
ATULAUTO,103.97,103.97
BANDHANBNK,12.59,12.59
SANDHAR,31.9,32.98
LEMONTREE,60.82,60.82
ORIENTELEC,79.42,100.62
INDOSTAR,34.09,34.09
FINEORG,40.56,40.51
VARROC,18.13,18.13
HBSL,3.14,3.14
HDFCAMC,46.53,46.53
SIGIND,17.22,17.22
AAVAS,26.39,26.39
DALBHARAT,39.96,35.73
PAKKA,34.09,34.09
MMFL,20.58,20.73
JCHAC,3599.6,182.64
KOTHARIPET,19.56,19.47
IMFA,9.88,9.88
ADFFOODS,40.27,40.27
SASTASUNDR,8.89,8.96
WABAG,32.49,32.31
PRESTIGE,42.35,42.35
JINDWORLD,93.95,93.95
KIRLOSENG,40.5,40.11
KICL,37.62,49.88
HFCL,57.41,57.41
MUTHOOTFIN,17.27,17.27
DHANUKA,32.53,32.53
ORBTEXP,17.89,17.89
NATHBIOGEN,10.61,11.39
SDBL,22.52,22.52
CAPLIPOINT,30.87,30.87
FCL,33.5,33.5
LAMBODHARA,40.8,40.8
GANECOS,81.5,81.5
MANAKALUCO,43.58,43.58
INOXWIND,499.51,404.09
UFO,79.71,66.2
SKIPPER,48.4,48.4
SYNGENE,67.56,69.97
PKTEA,21.66,21.66
SHARDAMOTR,24.56,24.56
COFFEEDAY,,6.13
UMANGDAIRY,63.97,63.97
ALKEM,33.96,32.47
QUICKHEAL,90.32,90.32
BHAGERIA,38.72,38.72
KDDL,30.83,30.9
BHARATWIRE,21.37,21.37
PARAGMILK,24.17,24.17
ORIENTCEM,35.15,35.15
JPOLYINVST,27.66,27.66
AGRITECH,14.06,14.06
CASTROLIND,30.73,30.73
HATSUN,91.43,91.43
GOCLCORP,33.98,31.17
SHARDACROP,37.16,37.16
CIGNITITEC,28.37,27.78
GOODLUCK,24.44,24.44
APOLSINHOT,45.42,45.42
GRPLTD,78.49,72.69
GENUSPAPER,95.65,95.65
VISHNU,26.38,26.38
JMA,9.94,9.94
MANAKCOAT,34.65,34.65
AVANTIFEED,22.46,22.46
TPLPLASTEH,44.09,44.09
PNCINFRA,9.02,9.02
ORICONENT,88.68,57.47
AYMSYNTEX,42.75,56.52
MUTHOOTCAP,4.74,
ARVSMART,66.83,66.83
INDIGO,23.47,23.47
SHK,338.04,21.3
TTKHLTCARE,29.06,36.04
SALZERELEC,37.3,37.3
LALPATHLAB,72.34,72.34
OCCL,8.66,8.66
TEAMLEASE,49.93,51.52
VIDHIING,62.74,62.74
KELLTONTEC,23.21,23.21
GOKULAGRO,21.62,21.62
PDMJEPAPER,10.07,10.07
CROMPTON,63.99,63.99
ALBERTDAVD,12.57,12.57
BLS,47.57,47.57
SALONA,24.97,24.97
PREMEXPLN,114.81,114.81
MAHASTEEL,66.3,82.07
DAMODARIND,45.66,45.66
MGL,14.69,14.69
POKARNA,26.52,26.52
GPTINFRA,35.31,35.31
GROBTEA,42.45,42.45
SOMICONVEY,45.93,45.93
ADVENZYMES,36.97,34.52
SPAL,24.51,24.51
NDGL,12.22,12.22
RBLBANK,10.87,10.87
LTTS,44.4,44.4
GNA,19.85,19.85
MARATHON,22.24,22.24
ENDURANCE,48.96,48.96
MAZDA,19.04,19.04
PNBHOUSING,14.36,14.36
KINGFA,31.28,31.28
PODDARMENT,15.77,15.77
NBIFIN,158.21,158.21
SFL,51.9,73.86
LAURUSLABS,160.68,160.68
ITDC,99.24,99.13
HISARMETAL,18.13,18.13
SPCENET,137.41,137.41
BHANDARI,28.49,28.49
BSE,71.23,71.23
JITFINFRA,24.54,28.26
INTENTECH,18.69,18.69
URJA,400.68,400.68
CLEDUCATE,31.43,33.76
WIPL,59.03,59.03
BHAGYANGR,35.26,35.26
TEJASNET,136.85,136.85
AUBANK,28.6,27.56
DYNPRO,104.38,104.38
THEINVEST,37.4,37.4
COCHINSHIP,63.08,63.08
ICICIGI,63.44,63.44
DIAMONDYD,42.83,42.83
GODREJAGRO,45.11,45.11
IEX,48.64,48.64
TIINDIA,65.84,66.46
5PAISA,27.51,27.51
APOLLO,84.95,84.95
ASTERDM,60.64,
HGINFRA,18.23,18.62
SUNDARMHLD,35.68,35.68
GAEL,19.03,19.03
USHAMART,25.28,25.28
MRO-TEK,35.64,35.64
KHANDSE,95.94,95.94
TRIDENT,57.58,57.6
JISLJALEQS,75.42,75.42
MPSLTD,36.41,36.41
OLECTRA,161.11,175.39
PONNIERODE,10.65,10.65
TIMESGTY,65.15,65.15
NUCLEUS,21.88,21.88
GENESYS,89.05,89.05
DIVISLAB,77.75,77.75
MARUTI,27.22,27.22
VARDHACRLC,22.94,22.94
BAGFILMS,23.43,23.43
TVTODAY,16.36,15.83
UNIENTER,29.78,29.78
PETRONET,14.28,14.39
BIOCON,20.54,20.75
XPROINDIA,57.78,55.61
RKFORGE,49.84,49.78
CCL,36.72,36.72
LT,32.03,32.18
APARINDS,43.41,43.41
NIITLTD,52.08,52.08
GULFPETRO,13.87,13.87
GUFICBIO,46.34,46.34
WELENT,22.52,22.52
JBMA,115.4,115.4
XCHANGING,43.47,43.47
JINDALPHOT,60.64,60.64
SAKSOFT,32.96,32.96
ALLSEC,20.68,24.97
WELCORP,20.87,20.87
SURYALAXMI,59.52,31.91
63MOONS,9.58,9.58
JSWHL,67.7,67.7
VHL,353.92,41.86
MSPL,72.78,72.81
IMPAL,21.19,21.19
AURIONPRO,68.71,68.71
TRIVENI,27.51,27.51
NAHARINDUS,44.04,39.23
VIMTALABS,30.11,30.11
NITINSPIN,16.72,16.72
ROHLTD,21.71,21.71
GSPL,9.69,9.88
SAKUMA,24.62,24.62
KEC,56.67,56.67
JKCEMENT,40.09,40.55
INDOTECH,47.57,47.57
BLKASHYAP,41.89,45.04
CENTURYPLY,65.29,63.82
SOLARINDS,97.5,97.5
GALLANTT,28.23,28.23
UTTAMSUGAR,11.79,11.79
KKCL,26.33,26.33
SUNTV,17.03,17.03
GPIL,12.85,12.85
LOKESHMACH,45.84,45.84
SWELECTES,27,63.35
RATNAMANI,42.41,42.41
JKLAKSHMI,19.91,20.18
ALLCARGO,213.37,129.2
EMAMILTD,48.98,48.65
GRINDWELL,70.44,70.39
VOLTAMP,61.79,61.79
SELAN,32.47,32.47
ACE,45.12,45.12
HOVS,36.29,36.29
TALBROAUTO,22.31,31.74
GEECEE,19.9,19.9
JMFINANCIL,261.4,9.81
NAUKRI,116.98,110.19
GESHIP,6.56,6.56
DONEAR,17.78,17.78
JINDRILL,16.52,16.52
HIRECT,95.48,74.31
PARACABLES,27.89,27.89
AVTNPL,27.07,27.07
TIDEWATER,35.02,35.02
LUMAXTECH,20.86,20.86
AUTOIND,29.61,30.33
PGIL,27.04,27.68
TTL,24.09,66.99
JKTYRE,12.35,12.04
THEMISMED,76.73,76.73
BANSWRAS,20.01,20.01
SRHHYPOLTD,14.23,12.82
WEBELSOLAR,,363.71
INSECTICID,22.51,22.51
NAVINFLUOR,62.69,76.28
TIMETECHNO,26.17,26.17
HGS,74.53,74.53
DLF,123.4,123.4
MEGASOFT,84.45,84.45
ALPA,12.32,12.34
KPRMILL,36.91,36.91
MAGNUM,38.46,134.7
POWERGRID,19.88,19.88
MANGCHEFER,10.59,10.59
MAANALU,26.09,26.09
BAJAJELEC,87.6,87.6
RELIGARE,30.4,86
EDELWEISS,19.57,19.57
COLPAL,68.1,68.1
KALYANIFRG,50.15,50.15
ECLERX,25.89,25.82
PATINTLOG,27.87,27.87
AMBIKCO,15.64,15.64
BIRLAMONEY,15.03,15.03
JKIL,18.82,18.82
CORDSCABLE,26.56,26.56
HERCULES,51.64,51.64
IRB,42.86,42.86
NMDC,11.46,11.06
NAHARCAP,15.23,15.23
RECLTD,11.11,11.11
NESCO,18.55,18.55
BAJAJ-AUTO,37.89,37.89
RPGLIFE,38.84,38.84
ALMONDZ,20.24,52.05
RANEENGINE,33.56,27.27
ARCHIDPLY,121.65,121.65
VINYLINDIA,33.66,33.66
JOCIL,82.07,82.07
TATAMTRDVR,1.14,1.13
COUNCODOS,38.84,38.84
AJMERA,21.46,21.46
GKWLIMITED,177.1,177.1
ADANIPOWER,15.79,15.79
OIL,16.43,16.51
RTNPOWER,.9,
ZYDUSWELL,47.35,47.35
REFEX,37.58,37.59
AHLUCONT,24.04,39.9
DLINKINDIA,22.88,22.88
DBCORP,12.58,12.58
MMTC,157.14,118.73
TRF,17.61,17.61
JUBLFOOD,115.29,199.05
EMMBI,21.81,21.81
TEXMOPIPES,82.34,19.02
LGBBROSLTD,14.71,15.39
ISFT,22.81,22.81
MANAPPURAM,8.17,8.17
HMVL,192.64,192.64
BLISSGVS,15.21,7.51
AHLEAST,8.15,11.03
UGARSUGAR,50.09,50.09
GPPL,30.05,27.95
ORISSAMINE,1736.85,1736.85
CAREERP,15.84,15.84
CANTABIL,34.85,35.53
OBEROIRLTY,28.82,28.82
ASPINWALL,18.18,18.18
SURANAT&P,33.56,33.56
CANBK,6.15,6.15
JSL,23.31,24.04
MUKANDLTD,24.38,24.38
DATAMATICS,21.33,21.04
ULTRACEMCO,46.69,46.51
INDSWFTLTD,3.31,3.31
KOTARISUG,41.59,41.59
PATELENG,15.68,20.49
JPPOWER,10.58,7.63
IIFL,10.67,10.67
SHOPERSTOP,215.82,185.76
GRANULES,33.21,33.21
GEOJITFSL,17.55,17.55
SPLIL,16.18,16.17
RML,99.84,19.55
DCBBANK,7.13,7.13
TORNTPOWER,34.39,34.39
RUCHIRA,10.2,10.2
NFL,41.44,41.44
TANLA,23.72,23.72
SARLAPOLY,18.22,18.22
PITTIENG,51.2,51.2
CTE,285.89,285.89
REDINGTON,13.22,13.22
INDIANB,8.38,8.38
AMDIND,118.61,118.61
ASTRAL,96.11,96.11
NCLIND,13.87,13.87
PHOENIXLTD,48.4,48.39
ALPHAGEO,35.51,20.52
KMSUGAR,15.58,15.58
V2RETAIL,109.13,109.13
ADSL,26.82,26.82
INDOWIND,45.08,45.08
TCPLPACK,27.49,27.49
KHADIM,124.49,124.49
HDFCLIFE,97.38,97.38
NEWGEN,53.89,53.89
