GAIN_LOSS,SECURITY,CLOSE_PRIC,PREV_CL_PR,PERCENT_CG
 ,Nifty 50 Sec., , , 
 , , , , 
G,OIL AND NATURAL GAS CORP.,       288.20,       277.05,4.02
G,STATE BANK OF INDIA,       859.75,       839.30,2.44
G,RELIANCE INDUSTRIES LTD,      3177.25,      3108.05,2.23
G,BRITANNIA INDUSTRIES LTD,      5546.80,      5426.25,2.22
G,HINDUSTAN UNILEVER LTD.,      2547.00,      2495.95,2.05
G,CIPLA LTD,      1509.90,      1480.75,1.97
G,DIVI S LABORATORIES LTD,      4629.70,      4544.05,1.88
G,BAJAJ AUTO LIMITED,      9635.80,      9460.85,1.85
G,NTPC LTD,       379.80,       372.95,1.84
G,APOLLO HOSPITALS ENTER. L,      6328.55,      6225.05,1.66
G,LARSEN & TOUBRO LTD.,      3627.15,      3573.30,1.51
G,SBI LIFE INSURANCE CO LTD,      1529.40,      1507.75,1.44
G,POWER GRID CORP. LTD.,       339.40,       335.00,1.31
G,BHARAT PETROLEUM CORP  LT,       306.65,       303.00,1.2
G,NESTLE INDIA LIMITED,      2574.15,      2545.15,1.14
G,SHRIRAM FINANCE LIMITED,      2865.85,      2833.75,1.13
G,ITC LTD,       433.65,       429.05,1.07
G,HINDALCO  INDUSTRIES  LTD,       699.15,       691.85,1.06
G,KOTAK MAHINDRA BANK LTD,      1852.70,      1833.85,1.03
G,JSW STEEL LIMITED,       954.05,       944.35,1.03
G,EICHER MOTORS LTD,      4737.30,      4689.50,1.02
G,WIPRO LTD,       535.10,       530.70,.83
G,SUN PHARMACEUTICAL IND L,      1568.40,      1557.90,.67
G,DR. REDDY S LABORATORIES,      6520.00,      6479.35,.63
G,HDFC LIFE INS CO LTD,       607.35,       603.95,.56
G,GRASIM INDUSTRIES LTD,      2748.00,      2734.85,.48
G,AXIS BANK LIMITED,      1287.05,      1280.90,.48
G,BHARTI AIRTEL LIMITED,      1429.70,      1423.05,.47
G,BAJAJ FINANCE LIMITED,      7138.00,      7107.05,.44
G,COAL INDIA LTD,       491.50,       489.55,.4
 , , , , 
L,HDFC BANK LTD,      1648.10,      1727.15,-4.58
L,TITAN COMPANY LIMITED,      3269.35,      3336.00,-2
L,TATA STEEL LIMITED,       174.71,       176.29,-0.9
L,MAHINDRA & MAHINDRA LTD,      2880.60,      2902.80,-0.76
L,LTIMINDTREE LIMITED,      5421.70,      5459.50,-0.69
L,INDUSIND BANK LIMITED,      1434.25,      1442.85,-0.6
L,ULTRATECH CEMENT LIMITED,     11690.15,     11760.05,-0.59
L,TATA MOTORS LIMITED,       993.65,       998.20,-0.46
L,BAJAJ FINSERV LTD.,      1579.60,      1585.70,-0.38
L,TATA CONSULTANCY SERV LT,      4011.80,      4020.95,-0.23
L,ADANI PORT & SEZ LTD,      1500.45,      1503.65,-0.21
L,INFOSYS LIMITED,      1647.45,      1650.65,-0.19
L,HCL TECHNOLOGIES LTD,      1519.40,      1522.35,-0.19
L,HERO MOTOCORP LIMITED,      5558.05,      5558.35,-0.01
 , , , , 
 ,Nifty Next 50 Sec., , , 
 , , , , 
G,INDIAN RAILWAY FIN CORP L,       188.23,       177.72,5.91
G,TVS MOTOR COMPANY  LTD,      2430.15,      2365.95,2.71
G,ZYDUS LIFESCIENCES LTD,      1162.45,      1137.05,2.23
G,BHARAT ELECTRONICS LTD,       324.05,       317.35,2.11
G,ICICI LOMBARD GIC LIMITED,      1865.05,      1827.65,2.05
G,INDIAN RAIL TOUR CORP LTD,      1026.20,      1006.05,2
G,AVENUE SUPERMARTS LIMITED,      4853.10,      4768.10,1.78
G,GAIL (INDIA) LTD,       222.96,       219.16,1.73
G,ICICI PRU LIFE INS CO LTD,       643.00,       633.45,1.51
G,BANK OF BARODA,       273.80,       270.15,1.35
G,MARICO LIMITED,       615.35,       608.05,1.2
G,INFO EDGE (I) LTD,      6809.50,      6736.45,1.08
G,PUNJAB NATIONAL BANK,       122.80,       121.53,1.05
G,VEDANTA LIMITED,       473.85,       469.10,1.01
G,COLGATE PALMOLIVE LTD.,      2910.50,      2885.15,0.88
G,TATA POWER CO LTD,       439.95,       436.25,0.85
G,REC LIMITED,       580.45,       575.65,0.83
G,INTERGLOBE AVIATION LTD,      4322.90,      4288.75,0.8
G,GODREJ CONSUMER PRODUCTS,      1373.80,      1363.85,0.73
G,TORRENT PHARMACEUTICALS L,      2891.10,      2870.30,0.72
G,CHOLAMANDALAM IN & FIN CO,      1431.60,      1421.70,0.7
G,HINDUSTAN AERONAUTICS LTD,      5552.00,      5515.10,0.67
G,INDIAN OIL CORP LTD,       171.28,       170.17,0.65
G,HAVELLS INDIA LIMITED,      1893.65,      1882.60,0.59
G,AMBUJA CEMENTS LTD,       686.00,       682.10,0.57
G,JIO FIN SERVICES LTD,       352.75,       350.85,0.54
G,LIFE INSURA CORP OF INDIA,      1015.65,      1010.20,0.54
G,SRF LTD,      2400.75,      2390.25,0.44
G,SBI CARDS & PAY SER LTD,       721.95,       718.90,0.42
G,CANARA BANK,       117.76,       117.27,0.42
 , , , , 
L,BAJAJ HOLDINGS & INVS LTD,      9667.60,      9902.90,-2.38
L,ADANI ENERGY SOLUTION LTD,      1012.65,      1025.85,-1.29
L,SAMVRDHNA MTHRSN INTL LTD,       205.00,       206.57,-0.76
L,ADANI GREEN ENERGY LTD,      1754.30,      1766.80,-0.71
L,DLF LIMITED,       832.80,       838.60,-0.69
L,ADANI TOTAL GAS LIMITED,       891.05,       896.45,-0.6
L,BOSCH LIMITED,     35074.00,     35276.40,-0.57
L,ADANI POWER LTD,       708.90,       712.25,-0.47
L,JINDAL STEEL & POWER LTD,      1050.50,      1055.45,-0.47
L,ABB INDIA LIMITED,      8679.40,      8715.80,-0.42
L,VARUN BEVERAGES LIMITED,      1614.15,      1618.60,-0.27
 , , , , 
 ,OTHER SECURITIES, , , 
 , , , , 
G,LANDMARK PR.DEV.CO.LTD,        13.86,        11.55,20
G,DYNEMIC PRODUCTS LIMITED,       368.50,       307.10,19.99
G,JFL LIFE SCIENCES LIMITED,        58.55,        48.80,19.98
G,AURO IMPEX & CHEMICALS L,        81.75,        69.15,18.22
G,RAIL VIKAS NIGAM LIMITED,       491.05,       418.75,17.27
G,DELAPLEX LIMITED,       310.80,       265.30,17.15
G,SUNDARAM MULTI PAP LTD,         3.83,         3.28,16.77
G,CANARYS AUTOMATIONS LTD,        65.35,        56.40,15.87
G,SHILPA MEDICARE LTD,       660.20,       579.65,13.9
G,MOXSH OVERSEAS EDUCON LTD,       196.00,       172.80,13.43
G,SOTAC PHARMACEUTICALS LTD,       158.60,       140.00,13.29
G,MARKSANS PHARMA LIMITED,       187.99,       166.04,13.22
G,MANDEEP AUTO INDUSTRIES L,        71.45,        63.35,12.79
G,SASTASUNDAR VENTURES LTD,       372.80,       330.80,12.7
G,VIP CLOTHING LIMITED,        43.72,        38.80,12.68
G,AHLUWALIA CONT IND LTD,      1466.10,      1306.50,12.22
G,SHALBY LIMITED,       310.50,       277.70,11.81
G,STANDARD INDUSTRIES LTD.,        29.82,        26.67,11.81
G,BHANSALI ENG. POLYMERS LT,       157.63,       141.22,11.62
G,YES BANK LIMITED,        26.64,        23.95,11.23
G,GENERIC ENG CONS PROJ LTD,        51.41,        46.22,11.23
G,VINEET LABORATORIES LTD,        65.02,        58.54,11.07
G,KIRLOSKAR BROTHERS LTD,      2603.15,      2353.25,10.62
G,QUICKTOUCH TECHNOLOGIES L,       154.35,       139.55,10.61
G,VARDHMAN TEXTILES LIMITED,       535.90,       485.15,10.46
G,IRCON INTERNATIONAL LTD,       307.75,       279.75,10.01
G,VINYAS INNOVATIVE TECH L,      1377.30,      1252.10,10
G,NIRMAN AGRI GENTICS LTD,       398.25,       362.05,10
G,SUVEN LIFE SCIENCES LTD,       127.43,       115.85,10
G,KAYA LIMITED,       549.35,       499.45,9.99
 , , , , 
L,TFB 7.37% 2035 SR. 3A,      1060.00,      1264.00,-16.14
L,SIGNORIA CREATION LIMITED,       162.00,       175.00,-7.43
L,SAI SILKS (KALAMANDIR) L,       177.54,       189.10,-6.11
L,KALAHRIDHAAN TRENDZ LTD,        45.40,        48.35,-6.1
L,SEC RE NCD 9.71% SR VIII,       961.00,      1020.00,-5.78
L,SONA MACHINERY LIMITED,       218.55,       231.95,-5.78
L,SLONE INFOSYSTEMS LIMITED,       149.85,       158.35,-5.37
L,SHRENIK LIMITED,         1.32,         1.39,-5.04
L,MIC ELECTRONICS LTD,        85.90,        90.43,-5.01
L,GIRIRAJ CIVIL DEVP LTD,       444.50,       467.90,-5
L,GOI LOAN  6.22% 2035,        95.00,       100.00,-5
L,KKV AGRO POWERS LTD.,      1063.25,      1119.20,-5
L,DIENSTEN TECH LIMITED,       244.20,       257.05,-5
L,ORIANA POWER LIMITED,      2553.45,      2687.80,-5
L,SP REFRACTORIES LIMITED,       248.05,       261.10,-5
L,MCON RASAYAN INDIA LTD,       217.70,       229.15,-5
L,KRISHCA STRAPPING SLTN L,       369.00,       388.40,-4.99
L,ATMASTCO LIMITED,       362.75,       381.80,-4.99
L,K2 INFRAGEN LIMITED,       306.65,       322.75,-4.99
L,AMEYA PRECISION ENG LTD,       120.00,       126.30,-4.99
L,DIVINE POWER ENERGY LTD,       130.65,       137.50,-4.98
L,CREATIVE GRAPHICS S IND L,       188.60,       198.45,-4.96
L,MILTON INDUSTRIES LIMITED,        44.40,        46.70,-4.93
L,TREE HOUSE EDU LTD,        26.26,        27.60,-4.86
L,AUSTRALIAN PREM SOLAR I L,       616.20,       647.25,-4.8
L,SEC RE NCD 0% SR.VI,      1195.20,      1255.00,-4.76
L,GSM FOILS LIMITED,        51.35,        53.90,-4.73
L,SUPREME POWER EQUIPMENT L,       374.85,       393.45,-4.73
L,N.B.I. IND. FIN. CO. LTD,      2383.40,      2496.30,-4.52
L,TRIDENT TECHLABS LIMITED,       940.90,       985.45,-4.52
