SECURITY,NEW,PREVIOUS,NEW_STATUS
SUPRAJIT ENGINEERING LTD,542,532.7,H
PITTI ENGINEERING LIMITED,1182,1179.95,H
POLY MEDICURE LIMITED,2111,2097.8,H
2.5%GOLDBONDS2028SR-III,7529.85,7525,H
2.50%GOLDBONDS2026SR-IV,7639,7599,H
2.50%GOLDBONDS2026SR-XIV,7649,7490,H
DRONE DESTINATION LIMITED,452.25,430.75,H
ARISTO BIO T AND LIFESC L,104.5,101.9,H
ICICI LOMBARD GIC LIMITED,1877.4,1863.9,H
VINYAS INNOVATIVE TECH L,1377.3,1300,H
MIRAEAMC - MAESGETF,41.78,41.11,H
MIRAEAMC - SMALLCAP,54,53.5,H
LLOYDS ENGG WORK LIMITED,78.3,76.25,H
SAMPANN UTPADAN INDIA LTD,40.55,39,H
ATMASTCO LIMITED,393.9,381.8,H
SEC RE NCD 9% SR.IV,1061.8,1056,H
SEC RE NCD 9.65% SR I,1055,1054.8,H
ABHISHEK INTEGRATIONS LTD,84.3,80.3,H
WINNY IMMIGRA & EDU SER L,258.15,252,H
WOMANCART LIMITED,237.95,226.65,H
21ST CENTURY MGMT SERVICE,73.49,54.5,H
MIRAEAMC - MIDSMALL,56.35,54.04,H
SEC RE NCD 10.30% SR.VII,996,994,H
BASF INDIA LTD,5465,5379,H
THERMAX LTD,5789,5699.95,H
IFB INDUSTRIES LTD,1755,1748.45,H
THE GE SHPG.LTD,1294,1274.75,H
GKW LIMITED,3091.25,2950,H
TEXMACO RAIL & ENG. LTD.,275.9,266.69,H
2.50%GOLDBONDS2026SR-I,7650,7500,H
2.50% GOLDBONDS2025SR-VII,7599,7497,H
2.50%GOLDBONDS2026SR-III,7639,7579.95,H
CG POWER AND IND SOL LTD,782.35,735,H
COUNTRY CLUB HOSP HOL LTD,30.65,29.56,H
DHANUKA AGRITECH LTD,1800,1733,H
SHRADHA INFRAPROJECTS LTD,172.5,164.29,H
2.50%GOLDBONDS2027SR-VII,7599,7547,H
2.50%GOLDBONDS2028SR-VI,7639,7615.24,H
2.50%GOLDBONDS2029SR-XII,7529.99,7520,H
VIVIANA POWER TECH LTD,1097.15,1044.95,H
GARDEN REACH SHIP&ENG LTD,2833.8,2697,H
LE MERITE EXPORTS LIMITED,147.7,144,H
GRP LIMITED,15100,4290,H
DC INFOTECH AND COMUN LTD,283.97,270.45,H
HB STOCKHOLDINGS LIMITED,129,120.58,H
HDFC AMC LIMITED,4264.95,4248.75,H
HDFCAMC - HDFCSML250,179.45,177.15,H
JUPITER WAGONS LIMITED,748.1,736.7,H
DOMS INDUSTRIES LIMITED,2295.1,2275,H
ON DOOR CONCEPTS LIMITED,514.25,494.75,H
CANARYS AUTOMATIONS LTD,66.8,62,H
TAX FREE  7.53% SR. 103 A,1159.65,1158,H
SEC RE NCD 8.60% SR 5,1036,1034,H
SEC RE NCD 9.20% SR III,1050.98,1049,H
MANDEEP AUTO INDUSTRIES L,72.9,67.15,H
VRAJ IRON AND STEEL LTD,273,264.6,H
SYLVAN PLYBOARD (INDIA) L,73.85,71.95,H
FDC LIMITED,521.65,509.9,H
JINDAL STAINLESS LIMITED,845.8,841,H
S. P. APPARELS LIMITED,844.75,803.2,H
SBI-ETF NIFTY BANK,554.3,540.5,H
KIRLOSKAR BROTHERS LTD,2637.95,2450,H
2.50%GOLDBONDS 2025 SR-X,7982,7890,H
AHLUWALIA CONT IND LTD,1542.45,1389,H
SONU INFRATECH LIMITED,82.4,78.5,H
2.5%GOLDBONDS2029SR-II,7600,7500.1,H
2.50%GOLDBONDS2028SR-VII,7599,7550,H
AXISAMC - AXISHCETF,131.2,130,H
BIRLASLAMC - HEALTHY,13.25,13.1,H
2.50%GOLDBONDS2027SR-V,7599,7569,H
MIRAEAMC - MAN50ETF,266.15,259.38,H
KEYNOTE FIN SERV LTD.,198,194.95,H
ICICIPRAMC - ICICI500,39,38.63,H
SHAKTI PUMPS (I) LTD,4577.15,4424,H
SEC RE NCD 8.97% SR V,1018,1015.9,H
SEC RE NCD 9.05% SR.I,1062.35,1055,H
MARSHALL MACHINES LTD,33.95,33.29,H
9.90 % SRNCD SR VI,1056,1054,H
SEC RED NCD 9.0% SR. VI,1006,1004.8,H
FIRSTSOURCE SOLU. LTD.,249.09,242.85,H
USHA MARTIN LTD.,427.8,423.95,H
LICNAMC - LICNFESGP,888.75,884,H
2.50% GOLDBONDS2024 TR-VI,7480,7450,H
2.50%GOLDBONDS2026SR-II,7639,7539,H
COCHIN SHIPYARD LIMITED,2924,2679.95,H
MALLCOM (INDIA) LIMITED,1380,1351,H
SKY GOLD LIMITED,1842.9,1755.15,H
2.5%GOLDBONDS2029SR-I,7630,7531,H
2.50%GOLDBONDS2028SR-II,7589.99,7535,H
EDELAMC - EBBETF0430,1440.55,1432.05,H
RAILTEL CORP OF IND LTD,534.4,513,H
NIRMAN AGRI GENTICS LTD,398.25,362.05,H
SANSERA ENGINEERING LTD,1405.05,1391.95,H
KN AGRI RESOURCES LIMITED,293.6,267.7,H
TRIDENT TECHLABS LIMITED,998,985.45,H
SURANA TELECOM AND POW LT,29.6,26,H
ISGEC HEAVY ENG LTD,1377.8,1349,H
JFL LIFE SCIENCES LIMITED,58.55,56,H
INDIAN RENEWABLE ENERGY,232,228.48,H
BASILIC FLY STUDIO LTD,621.6,594,H
SUPREME INFRA. LTD,111.45,107.75,H
BALU FORGE INDUSTRIES LTD,379.9,364,H
SEC RE NCD 10.75% SR XI,1035,1025,H
SEC RE NCD SR VI,1018.03,1007.11,H
DR. REDDY S LABORATORIES,6547.15,6542,H
BLUE STAR LIMITED,1805,1797.95,H
DREDGING CORP OF INDIA,1406.3,1355.6,H
TRENT LTD,5644.45,5620,H
ZENITH STEEL PIP IND LTD,15.45,14.72,H
TARC LIMITED,234,227,H
SHYAM METALICS AND ENGY L,745.3,737.8,H
2.50%GOLDBONDS2028SR-X,7552.99,7540,H
PRAKASH PIPES LIMITED,524.9,493,H
CIE AUTOMOTIVE INDIA LTD,614,609.85,H
ANTONY WASTE HDG CELL LTD,612,579.25,H
HFCL LIMITED,131.5,130.5,H
MIRAEAMC - MANXT50,746,743,H
KAVVERI TEL. LTD.,23.77,23.31,H
SHEKHAWATI POLY-YARN LTD.,4.74,4.65,H
DHRUV CONSULTANCY SER LTD,147.5,141.65,H
NITIRAJ ENGINEERS LTD,278.6,273.15,H
KOTAKMAMC - KOTAKIT,40.5,40.22,H
LATENT VIEW ANALYTICS LTD,527,526.7,H
Z-TECH (INDIA) LIMITED,285.9,272.3,H
MOTILALAMC - MOSMALL250,17.88,17.81,H
AEGIS LOGISTICS LIMITED,925,914,H
2.50%GOLDBONDS2031SR-III,7721.99,7699.97,H
SEC RE NCD 9.35% SR VI,1001.01,1000,H
SOLAR ACT RS.3.50 PPD UP,303.8,299,H
SIEMENS LTD,7968.7,7948.9,H
HONDA I POWER PRODUCT LTD,4245,4179.95,H
NIP IND ETF SHARIAH BEES,535.96,535.7,H
SBI-ETF NIFTY NEXT 50,780,776.99,H
TEXMACO INFRA & HOLDG LTD,149.45,144,H
SGB2.50%JUL2025SR-II17-18,7499.75,7480,H
SHREE TIRUPATI BALAJEE,793,789.8,H
MAZAGON DOCK SHIPBUIL LTD,5860,5621.45,H
NIP IND ETF MIDCAP 150,219.9,218.99,H
2.50%GOLDBONDS2028SR-I,7875,7645,H
2.50%GOLDBONDS2029SR-V,8250,8000,H
2.50%GOLDBONDS2029SR-VIII,7688.99,7600,H
SYNERGY GREEN IND. LTD,436.9,435,H
RKEC PROJECTS LIMITED,132.97,130.26,H
AURANGABAD DISTILLERY LTD,389.8,379,H
JAY JALARAM TECHNO LTD,873,764,H
KAYNES TECHNOLOGY IND LTD,4443.95,4108,H
KODY TECHNOLAB LIMITED,3914.7,3860.45,H
ZERODHAAMC - LIQUIDCASE,106.15,105.75,H
ROLLATAINERS LIMITED,4.82,4.77,H
DSPAMC - DSPQ50ETF,260.56,256.7,H
TARA CHAND INFRA SOLN LTD,507.7,498.3,H
SMARTLINK HOLDINGS LTD,324.3,324,H
LCC INFOTECH LTD,4.27,4.19,H
8.91%S-R-NCD SERIES 3B,1331,1327.99,H
MASON INFRATECH LIMITED,112.2,106.9,H
GLENMARK PHARMACEUTICALS,1356.5,1303.15,H
FOSECO INDIA LTD,4390,4363.95,H
MANGALAM CEMENT LTD,948,935,H
TECHNOCRAFT IND LTD,3190,3168.8,H
WINDSOR MACHINES LIMITED,184.65,178.64,H
2.50% GOLDBONDS2025SR-V,7450,7443,H
STYRENIX PERFORMANCE LTD,2414.9,2310,H
NIP IND ETF ETF NV20,153.63,153.09,H
NIPPONAMC - NETFPHARMA,20.9,20.8,H
PARAS DEF AND SPCE TECH L,1592.7,1574.8,H
HINDUSTAN AERONAUTICS LTD,5624.95,5582.8,H
AKANKSHA POWER N INFRA L,191.9,179.85,H
AUSTRALIAN PREM SOLAR I L,669.9,647.25,H
IL&FS TRANS NET LTD,7.82,7.45,H
SIGNATUREGLOBAL INDIA LTD,1508,1498,H
PANACHE DIGILIFE LIMITED,131.01,129.5,H
ESCONET TECHNOLOGIES LTD,362.85,345.6,H
BFAM - LIQUIDBETF,1030,1017.98,H
REFRACTORY SHAPES LIMITED,253.55,252.85,H
8.76% TAX FREETRI SR2B,1185,1184,H
AADHAR HOUSING FINANCE L,447.55,445.95,H
7.34 NCD 19FEB28 TR1 SR2,1119.75,1110,H
ABS MARINE SERVICES LTD,425,404.3,H
PETRO CARBON AND CHEMI L,364.6,347.25,H
SHIVALIC POWER CONTROL L,396.75,377.9,H
TBI CORN LIMITED,399.3,389.85,H
ALLIED BLEND N DISTILS L,346.9,344.9,H
RAYMOND LTD,3484,3150,H
BEML LIMITED,5488,4849.7,H
UNIVERSAL CABLES LTD,843,799,H
VOLTAMP TRANSFORMERS LTD,13468.9,12999,H
AMJ LAND HOLDINGS LIMITED,52.98,51,H
SETCO AUTOMOTIVE LTD,15.81,15.06,H
MOTILAL OS MIDCAP100 ETF,61.17,61.1,H
MOXSH OVERSEAS EDUCON LTD,207.35,172.8,H
2.50%GOLDBONDS2030SR-IX,7699,7690,H
RAIL VIKAS NIGAM LIMITED,498.5,431.8,H
DATA PATTERNS INDIA LTD,3655,3443.9,H
DODLA DAIRY LIMITED,1160,1146.2,H
HDFCAMC - HDFCBSE500,37.15,36.98,H
HSG & URBAN DEV CORPN LTD,339.45,327.8,H
GOI TBILL 182D-18/07/24,99.68,99.56,H
INOX WIND ENERGY LIMITED,7930.25,7552.65,H
IZMO LIMITED,421,404.8,H
TRANSWARRANTY FIN. LTD.,26.44,25.93,H
TV VISION LIMITED,7.25,7.19,H
KOTAKMAMC - KOTAKALPHA,56.45,55.9,H
KOTAKMAMC - KTKNV20ETF,153.28,151.68,H
SHIPPING CORP OF ILA LTD,90,88.9,H
AGARWAL FLOAT GLASS I LTD,76.9,73.4,H
DELPHI WORLD MONEY LTD,231.63,227.09,H
ENFUSE SOLUTIONS LIMITED,232.5,214.9,H
BAJEL PROJECTS LIMITED,330,324.8,H
AIMTRON ELECTRONICS LTD,696.4,663.25,H
SRI ADHIKARI BRO TELE N L,267.63,262.39,H
GOI TBILL 91D-12/09/24,98.85,98.8,H
DEE DEVELOPMENT ENG LTD,400,365.7,H
KRONOX LAB SCIENCES LTD,173.84,164.95,H
SHEETAL UNIVERSAL LIMITED,56,56.1,L
SEC RE NCD 0% SR.VI,1195.2,1232.48,L
ZENITH EXPORTS LTD,377.8,385.5,L
MEP INFRA. DEVELOPERS LTD,7.39,7.55,L
VISAMAN GLOBAL SALES LTD,39,40.65,L
FUTURE SUPP CHAIN SOL LTD,2.92,3.01,L
SEC RE NCD 8.97% SR V,990,990.35,L
AKIKO GLOBAL SERVICES L,81.1,84.3,L
SEC RE NCD 11.02% SR.V,986.91,1000,L
BAID FINSERV LIMITED,16.88,17.05,L
MEDICAMEN ORGANICS LTD,125.25,130.95,L
PRAXIS HOME RETAIL LTD,14.12,14.15,L
FILATEX FASHIONS LIMITED,7.45,7.59,L
DIVINE POWER ENERGY LTD,130.65,137.5,L
SEC RE NCD 9.20% SR I,925,937.81,L
SEC RE NCD 9.00% SR I,1019.81,1029.25,L
BFAM - LIQUIDBETF,899.95,997.85,L
BRIGHT SOLAR LIMITED,7.1,7.4,L
VERTOZ ADVERTISING LTD,36.05,190,L
CUPID LIMITED,85.75,86.7,L
SDL PN 7.77% 2036,93,95,L
BODHI TREE MULTIMEDIA LTD,14.4,14.7,L

