SERIES,SYMBOL,SECURITY,RECORD_DT,BC_STRT_DT,BC_END_DT,EX_DT,ND_STRT_DT,ND_END_DT,PURPOSE
BE,JUNIPER,Juniper Hotels Limited, ,13/09/2024,19/09/2024,12/09/2024, , ,ANNUAL GENERAL MEETING   
BE,FEDFINA,Fedbank Financial Ser L, ,14/09/2024,19/09/2024,13/09/2024, , ,ANNUAL GENERAL MEETING   
BE,TPHQ,GI Engineering Solutions, ,19/09/2024,25/09/2024,17/09/2024, , ,ANNUAL GENERAL MEETING   
BE,LTFOODS,LT Foods Limited, ,19/09/2024,26/09/2024,17/09/2024, , ,AGM/DIV - RE 1 PER SH    
BE,NOVAAGRI,Nova Agritech Limited, ,13/09/2024,20/09/2024,12/09/2024, , ,ANNUAL GENERAL MEETING   
BE,UNIDT,United Drilling Tools Ltd, ,19/09/2024,25/09/2024,17/09/2024, , ,ANNUAL GENERAL MEETING   
BE,LIKHITHA,Likhitha Infrastruc Ltd,17/09/2024, , ,17/09/2024, , ,DIV - RS 1.50 PER SH     
BE,LIKHITHA,Likhitha Infrastruc Ltd, ,18/09/2024,24/09/2024,17/09/2024, , ,ANNUAL GENERAL MEETING   
BE,AARON,Aaron Industries Limited, ,18/09/2024,24/09/2024,17/09/2024, , ,AGM/DIV - RE 1 PER SH    
BE,MSTCLTD,MSTC Limited, ,11/09/2024,18/09/2024,10/09/2024, , ,AGM/DIV - RS 5 PER SH    
BE,NIRAJ,Niraj Cement Struc Ltd, ,18/09/2024,26/09/2024,17/09/2024, , ,ANNUAL GENERAL MEETING   
BE,DHANI,Dhani Services Limited, ,19/09/2024,25/09/2024,17/09/2024, , ,ANNUAL GENERAL MEETING   
BE,BAFNAPH,Bafna Pharmaceuticals Ltd, ,19/09/2024,25/09/2024,17/09/2024, , ,ANNUAL GENERAL MEETING   
BE,PPL,Prakash Pipes Limited, ,18/09/2024,20/09/2024,17/09/2024, , ,DIV - RS 1.80 PER SH     
BE,TATVA,Tatva Chin Pharm Chem Ltd, ,07/09/2024,20/09/2024,06/09/2024, , ,ANNUAL GENERAL MEETING   
BE,WINDLAS,Windlas Biotech Limited,17/09/2024, , ,17/09/2024, , ,DIV - RS 5.50 PER SH     
BE,WINDLAS,Windlas Biotech Limited, ,18/09/2024,24/09/2024,17/09/2024, , ,ANNUAL GENERAL MEETING   
BE,RVHL,Ravinder Heights Limited, ,19/09/2024,26/09/2024,17/09/2024, , ,ANNUAL GENERAL MEETING   
BE,DRCSYSTEMS,DRC Systems India Limited, ,10/09/2024,17/09/2024,09/09/2024, , ,ANNUAL GENERAL MEETING   
BE,PARAS,Paras Def and Spce Tech L, ,14/09/2024,20/09/2024,13/09/2024, , ,ANNUAL GENERAL MEETING   
BE,AJOONI,Ajooni Biotech Limited, ,11/09/2024,17/09/2024,10/09/2024, , ,ANNUAL GENERAL MEETING   
BE,FOODSIN,Foods & Inns Limited, ,16/09/2024,24/09/2024,13/09/2024, , ,AGM/DIV-RS 0.30 PER SH   
BE,RPPL,Rajshree PolyPack Ltd,18/09/2024, , ,17/09/2024, , ,FVSPLT FRM RS 10 TO RS 5 
BE,RKEC,RKEC Projects Limited, ,19/09/2024,26/09/2024,17/09/2024, , ,ANNUAL GENERAL MEETING   
BE,KRSNAA,Krsnaa Diagnostics Ltd, ,14/09/2024,21/09/2024,13/09/2024, , ,ANNUAL GENERAL MEETING   
BE,METROBRAND,Metro Brands Limited, ,13/09/2024,19/09/2024,12/09/2024, , ,ANNUAL GENERAL MEETING   
BE,GRWRHITECH,Garware Hi-Tech Films Lim, ,18/09/2024,24/09/2024,17/09/2024, , ,ANNUAL GENERAL MEETING   
BE,GRWRHITECH,Garware Hi-Tech Films Lim,17/09/2024, , ,17/09/2024, , ,DIV - RS 10 PER SH       
BE,ELDEHSG,ELDECO HSG & IND LTD, ,13/09/2024,19/09/2024,12/09/2024, , ,ANNUAL GENERAL MEETING   
BE,CHOICEIN,Choice International Ltd, ,15/09/2024,21/09/2024,13/09/2024, , ,ANNUAL GENERAL MEETING   
BE,GMRP&UI,GMR Pow and Urban Infra L, ,06/09/2024,16/09/2024,05/09/2024, , ,ANNUAL GENERAL MEETING   
BE,BBOX,Black Box Limited, ,19/09/2024,25/09/2024,17/09/2024, , ,ANNUAL GENERAL MEETING   
BE,PAR,Par Drugs and Chem Ltd, ,14/09/2024,21/09/2024,13/09/2024, , ,ANNUAL GENERAL MEETING   
BE,VENUSPIPES,Venus Pipes & Tubes Ltd,18/09/2024, , ,17/09/2024, , ,DIV - RE 0.50 PER SH     
BE,ANURAS,Anupam Rasayan India Ltd,18/09/2024, , ,17/09/2024, , ,DIV - R 0.75 PER SH      
BE,NITIRAJ,Nitiraj Engineers Ltd,17/09/2024, , ,17/09/2024, , ,DIV - RS 1.50 PER SH     
BE,NITIRAJ,Nitiraj Engineers Ltd, ,18/09/2024,24/09/2024,17/09/2024, , ,ANNUAL GENERAL MEETING   
BE,GATEWAY,Gateway Distriparks Ltd, ,08/09/2024,19/09/2024,06/09/2024, , ,ANNUAL GENERAL MEETING   
BE,AMIORG,Ami Organics Limited, ,14/09/2024,20/09/2024,13/09/2024, , ,ANNUAL GENERAL MEETING   
BE,VINEETLAB,Vineet Laboratories Ltd, ,19/09/2024,27/09/2024,17/09/2024, , ,ANNUAL GENERAL MEETING   
BE,AKG,AKG Exim Limited, ,19/09/2024,25/09/2024,17/09/2024, , ,ANNUAL GENERAL MEETING   
BE,SHAILY,Shaily Eng Plastics Ltd, ,15/09/2024,21/09/2024,13/09/2024, , ,AGM/DIV - RE 1 PER SH    
BE,PARADEEP,Paradeep Phosphates Ltd,18/09/2024, , ,17/09/2024, , ,DIV - RE 0.50 PER SH     
BE,AGI,HSIL LIMITED, ,12/09/2024,18/09/2024,11/09/2024, , ,AGM/DIV - RS 6 PER SH    
BE,KPIGREEN,KPI Global Infra Ltd, ,18/09/2024,25/09/2024,17/09/2024, , ,ANNUAL GENERAL MEETING   
BE,KANPRPLA,Kanpur Plastipack Limited, ,14/09/2024,20/09/2024,13/09/2024, , ,ANNUAL GENERAL MEETING   
BE,MALLCOM,Mallcom (India) Limited, ,13/09/2024,19/09/2024,12/09/2024, , ,AGM/DIV - RS 3 PER SH    
BE,INDOAMIN,Indo Amines Limited, ,18/09/2024,24/09/2024,17/09/2024, , ,AGM/DIV-RE 0.50 PER SH   
BE,ABMINTLLTD,ABM International Ltd, ,13/09/2024,19/09/2024,12/09/2024, , ,ANNUAL GENERAL MEETING   
BE,HARIOMPIPE,Hariom Pipe Industries L,16/09/2024, , ,13/09/2024, , ,DIV - RE 0.60 PER SH     
BE,OSIAHYPER,Osia Hyper Retail Ltd, ,13/09/2024,19/09/2024,12/09/2024, , ,ANNUAL GENERAL MEETING   
BE,SYRMA,Syrma SGS Technology Ltd, ,11/09/2024,17/09/2024,10/09/2024, , ,ANNUAL GENERAL MEETING   
BE,DREAMFOLKS,Dreamfolks Services Ltd,17/09/2024, , ,17/09/2024, , ,DIV - RS 1.50 PER SH     
BE,CARYSIL,Acrysil Limited, ,18/09/2024,24/09/2024,17/09/2024, , ,AGM/DIV - RS 2 PER SH    
BE,POCL,Pondy Oxides & Chem Ltd, ,12/09/2024,18/09/2024,11/09/2024, , ,AGM/DIV - RS 5 PER SH    
BE,SADHNANIQ,Sadhana Nitrochem Limited,18/09/2024, , ,17/09/2024, , ,DIV - RE 0.15 PER SH     
BE,SADHNANIQ,Sadhana Nitrochem Limited, ,19/09/2024,25/09/2024,17/09/2024, , ,ANNUAL GENERAL MEETING   
BE,LANDMARK,Landmark Cars Limited, ,14/09/2024,20/09/2024,13/09/2024, , ,ANNUAL GENERAL MEETING   
BE,NARMADA,Narmada Agrobase Limited,16/09/2024, , ,13/09/2024, , ,RIGHTS 9:5 @ PRM RS 5/-  
BE,ZAGGLE,Zaggle Prepa Ocean Ser L, ,19/09/2024,25/09/2024,17/09/2024, , ,ANNUAL GENERAL MEETING   
BE,LORDSCHLO,Lords Chloro Alkali Ltd, ,17/09/2024,23/09/2024,13/09/2024, , ,ANNUAL GENERAL MEETING   
BE,BLUEJET,Blue Jet Healthcare Ltd, ,19/09/2024,25/09/2024,17/09/2024, , ,ANNUAL GENERAL MEETING   
BE,BLUEJET,Blue Jet Healthcare Ltd,18/09/2024, , ,17/09/2024, , ,DIV - RE 1 PER SH        
BE,LOYALTEX,Loyal Textile Mills Ltd, ,17/09/2024,23/09/2024,13/09/2024, , ,ANNUAL GENERAL MEETING   
BE,AMNPLST,Amines & Plasticizers Ltd, ,14/09/2024,27/09/2024,13/09/2024, , ,ANNUAL GENERAL MEETING   
BE,CSLFINANCE,CSL Finance Limited, ,15/09/2024,21/09/2024,13/09/2024, , ,AGM/DIV-RS 2.50 PER SH   
BE,BLAL,BEML Land Assets Limited, ,10/09/2024,16/09/2024,09/09/2024, , ,ANNUAL GENERAL MEETING   
BE,SCILAL,Shipping Corp of ILA Ltd, ,07/09/2024,20/09/2024,06/09/2024, , ,ANNUAL GENERAL MEETING   
BE,DOMS,DOMS Industries Limited,16/09/2024, , ,13/09/2024, , ,DIV - RS 2.50 PER SH     
BE,INDORAMA,Indo Rama Synthetics (Ind, ,19/09/2024,25/09/2024,17/09/2024, , ,ANNUAL GENERAL MEETING   
BE,NDL,Nandan Denim Limited,19/09/2024, , ,19/09/2024, , ,FVSPLT FRM RS 10 TO RE 1 
BE,SNOWMAN,Snowman Logistics Ltd., ,11/09/2024,19/09/2024,10/09/2024, , ,ANNUAL GENERAL MEETING   
BE,SUPERHOUSE,Superhouse Limited, ,16/09/2024,30/09/2024,13/09/2024, , ,ANNUAL GENERAL MEETING   
BE,CAPLIPOINT,Caplin Point Lab Ltd.,23/09/2024, , ,23/09/2024, , ,DIV - RS 2.50 PER SH     
BE,CAPLIPOINT,Caplin Point Lab Ltd., ,24/09/2024,30/09/2024,23/09/2024, , ,ANNUAL GENERAL MEETING   
BE,IGL,Indraprastha Gas Limited, ,17/09/2024,27/09/2024,13/09/2024, , ,AGM/DIV - RS 5 PER SH    
BE,VIPULLTD,Vipul Limited, ,16/09/2024,23/09/2024,13/09/2024, , ,ANNUAL GENERAL MEETING   
BE,BYKE,The Byke Hospitality Ltd, ,15/09/2024,21/09/2024,13/09/2024, , ,ANNUAL GENERAL MEETING   
BE,ORICONENT,Oricon Enterprises Ltd, ,19/09/2024,26/09/2024,17/09/2024, , ,AGM/DIV - RE 0.5 PER SH  
BE,SKIPPER,Skipper Limited, ,13/09/2024,19/09/2024,12/09/2024, , ,AGM/DIV - RE 0.10 PER SH 
BE,GULFPETRO,GP Petroleums Limited, ,12/09/2024,18/09/2024,11/09/2024, , ,ANNUAL GENERAL MEETING   
BE,MANAKALUCO,Manak Aluminium Co. Ltd., ,14/09/2024,20/09/2024,13/09/2024, , ,ANNUAL GENERAL MEETING   
BE,GENUSPAPER,Genus P&B Limited, ,17/09/2024,23/09/2024,13/09/2024, , ,ANNUAL GENERAL MEETING   
BE,MANAKSTEEL,Manaksia Steels Ltd, ,12/09/2024,18/09/2024,11/09/2024, , ,ANNUAL GENERAL MEETING   
BE,MANAKCOAT,Man Coat Metal & Ind Ltd, ,14/09/2024,20/09/2024,13/09/2024, , ,AGM/DIV - RE 0.05 PER SH 
BE,GULPOLY,Gulshan Polyols Limited, ,13/09/2024,20/09/2024,12/09/2024, , ,ANNUAL GENERAL MEETING   
BE,MONTECARLO,Monte Carlo Fashions Ltd., ,17/09/2024,23/09/2024,13/09/2024, , ,AGM/DIV - RS 20 PER SH   
BE,TPLPLASTEH,TPL Plastech Limited, ,18/09/2024,24/09/2024,17/09/2024, , ,AGM/DIV-RE 0.80 PER SH   
BE,LAMBODHARA,Lambodhara Textiles Ltd., ,10/09/2024,16/09/2024,09/09/2024, , ,AGM/DIV - RE 0.5 PER SH  
BE,GOCLCORP,Gulf Oil Corp. Ltd., ,18/09/2024,24/09/2024,17/09/2024, , ,AGM/DIV - RS 4 PER SH    
BE,LINCOLN,Lincoln Pharma Ltd, ,14/09/2024,30/09/2024,13/09/2024, , ,DIV - RS 1.80 PER SH     
BE,POWERMECH,Power Mech Projects Ltd.,08/10/2024, , ,08/10/2024, , ,BONUS 1:1                
BE,NAVKARCORP,Navkar Corporation Ltd., ,17/09/2024,23/09/2024,13/09/2024, , ,ANNUAL GENERAL MEETING   
BE,SALONA,Salona Cotspin Ltd., ,17/09/2024,23/09/2024,13/09/2024, , ,AGM/DIV - RE 1 PER SH    
BE,ARROWGREEN,Arrow Greentech Limited, ,13/09/2024,16/09/2024,12/09/2024, , ,AGM/DIV - RS 2 PER SH    
BE,BHARATWIRE,Bharat Wire Ropes Ltd., ,19/09/2024,25/09/2024,17/09/2024, , ,ANNUAL GENERAL MEETING   
BE,APOLLOPIPE,Apollo Pipes Limited,18/09/2024, , ,17/09/2024, , ,DIV - RE 1 PER SH        
BE,NLCINDIA,NLC India Limited, ,19/09/2024,25/09/2024,17/09/2024, , ,AGM/DIV-RE 1.50 PER SH   
BE,DBL,Dilip Buildcon Limited, ,18/09/2024,24/09/2024,17/09/2024, , ,AGM/DIV - RE 1 PER SH    
BE,SABEVENTS,Sab Events & Governance, ,10/09/2024,16/09/2024,09/09/2024, , ,ANNUAL GENERAL MEETING   
BE,QUESS,Quess Corp Limited, ,10/09/2024,16/09/2024,09/09/2024, , ,ANNUAL GENERAL MEETING   
BE,PALREDTEC,Palred Technologies Ltd, ,19/09/2024,25/09/2024,17/09/2024, , ,ANNUAL GENERAL MEETING   
BE,CLEDUCATE,CL Educate Limited, ,11/09/2024,17/09/2024,10/09/2024, , ,ANNUAL GENERAL MEETING   
BE,ERIS,Eris Lifesciences Limited, ,18/09/2024,18/09/2024,17/09/2024, , ,ANNUAL GENERAL MEETING   
BE,DIXON,Dixon Techno (India) Ltd, ,19/09/2024,25/09/2024,17/09/2024, , ,AGM/DIV - RS 5 PER SH    
BE,KINGFA,Kingfa Sci & Tec Ind Ltd., ,19/09/2024,25/09/2024,17/09/2024, , ,AGM/DIV - RS 10 PER SH   
BE,DIAMONDYD,Prataap Snacks Limited,16/09/2024, , ,13/09/2024, , ,AGM/DIV - RS 2 PER SH    
BE,HISARMETAL,Hisar Metal Ind. Limited, ,10/09/2024,20/09/2024,09/09/2024, , ,AGM/DIV - RE 1 PER SH    
BE,KHADIM,Khadim India Limited, ,18/09/2024,24/09/2024,17/09/2024, , ,ANNUAL GENERAL MEETING   
BE,VIDHIING,Vidhi Spl Food Ingred Ltd, ,18/09/2024,24/09/2024,17/09/2024, , ,AGM/DIV - RE 1 PER SH    
BE,ARIHANTSUP,Arihant Superstruct Ltd, ,14/09/2024,19/09/2024,13/09/2024, , ,AGM/DIV - RS 1.20 PER SH 
BE,WIPL,The Western India Ply Ltd, ,18/09/2024,26/09/2024,17/09/2024, , ,AGM/DIV - RS 1.20 PER SH 
BE,PODDARMENT,Poddar Pigments Limited, ,17/09/2024,23/09/2024,13/09/2024, , ,ANNUAL GENERAL MEETING   
BE,PODDARMENT,Poddar Pigments Limited,16/09/2024, , ,13/09/2024, , ,DIV - RS 4 PER SH        
BE,MARATHON,Marathon Nxtgen Realt Ltd,18/09/2024, , ,17/09/2024, , ,DIV - RE 1 PER SH        
BE,SIGIND,Signet Industries Limited, ,19/09/2024,25/09/2024,17/09/2024, , ,AGM/DIV - RE 0.5 PER SH  
BE,GRSE,Garden Reach Ship, ,14/09/2024,20/09/2024,13/09/2024, , ,AGM/DIV - RS 1.44 PER SH 
BE,SANDHAR,Sandhar Technologies Ltd,17/09/2024, , ,17/09/2024, , ,DIV - RS 3.25 PER SH     
BE,SANDHAR,Sandhar Technologies Ltd, ,18/09/2024,24/09/2024,17/09/2024, , ,ANNUAL GENERAL MEETING   
BE,NILASPACES,Nila Spaces Limited, ,10/09/2024,16/09/2024,09/09/2024, , ,ANNUAL GENERAL MEETING   
BE,HAVISHA,Sri Havisha Hosp infr Ltd, ,19/09/2024,25/09/2024,17/09/2024, , ,ANNUAL GENERAL MEETING   
BE,SOLARA,Solara Active Pha Sci Ltd, ,18/09/2024,20/09/2024,17/09/2024, , ,ANNUAL GENERAL MEETING   
BE,PITTIENG,Pitti Engineering Limited, ,14/09/2024,20/09/2024,13/09/2024, , ,AGM/DIV - RS 1.50 PER SH 
BE,GARFIBRES,Garware TFL, ,13/09/2024,19/09/2024,12/09/2024, , ,AGM/DIV - RS 3 PER SH    
BE,RITES,RITES Limited,20/09/2024, , ,20/09/2024, , ,BONUS 1:1                
BE,CHEMFAB,Chemfab Alkalis Limited, ,14/09/2024,20/09/2024,13/09/2024, , ,ANNUAL GENERAL MEETING   
BE,PAISALO,Paisalo Digital Limited, ,17/09/2024,23/09/2024,13/09/2024, , ,AGM/DIV-RE 0.10 PER SH   
BE,GAYAHWS,Gayatri Highways Limited, ,19/09/2024,26/09/2024,17/09/2024, , ,ANNUAL GENERAL MEETING   
BE,HNDFDS,Hindustan Foods Limited, ,18/09/2024,24/09/2024,17/09/2024, , ,ANNUAL GENERAL MEETING   
BE,SAKAR,Sakar Healthcare Limited, ,15/09/2024,21/09/2024,13/09/2024, , ,ANNUAL GENERAL MEETING   
BE,MAXIND,Max India Limited, ,17/09/2024,23/09/2024,13/09/2024, , ,ANNUAL GENERAL MEETING   
BE,BALPHARMA,Bal Pharma Limited, ,19/09/2024,25/09/2024,17/09/2024, , ,AGM/DIV-RS 1.20PER SH    
BE,ECLERX,eClerx Services Limited, ,07/09/2024,19/09/2024,06/09/2024, , ,DIV - RE 1 PER SH        
BE,VENUSREM,Venus Remedies Limited, ,17/09/2024,23/09/2024,13/09/2024, , ,ANNUAL GENERAL MEETING   
BE,BURNPUR,Burnpur Cement Limited, ,13/09/2024,19/09/2024,12/09/2024, , ,ANNUAL GENERAL MEETING   
BE,MANAKSIA,Manaksia Limited, ,12/09/2024,18/09/2024,11/09/2024, , ,ANNUAL GENERAL MEETING   
BE,ARIES,Aries Agro Limited,16/09/2024, , ,13/09/2024, , ,DIV - RE 1 PER SH        
BE,RUCHIRA,Ruchira Papers Limited, ,18/09/2024,24/09/2024,17/09/2024, , ,AGM/DIV - RS 5 PER SH    
BE,WSI,W S INDUSTRIES (I) LTD, ,19/09/2024,25/09/2024,17/09/2024, , ,ANNUAL GENERAL MEETING   
BE,KAVVERITEL,Kavveri Telecom Products, ,14/09/2024,20/09/2024,13/09/2024, , ,ANNUAL GENERAL MEETING   
BE,BANCOINDIA,Banco Products (I) Ltd, ,13/09/2024,20/09/2024,12/09/2024, , ,ANNUAL GENERAL MEETING   
BE,NCLIND,NCL Industries Limited, ,14/09/2024,20/09/2024,13/09/2024, , ,AGM/DIV - RS 2.50 PER SH 
BE,JKIL,J.Kumar Infraprojects Lim, ,18/09/2024,24/09/2024,17/09/2024, , ,AGM/DIV - RS 4 PER SH    
BE,CORDSCABLE,Cords Cable Industries Li, ,17/09/2024,23/09/2024,13/09/2024, , ,AGM/DIV - RE 1 PER SH    
BE,KNRCON,KNR Constructions Limited,18/09/2024, , ,17/09/2024, , ,DIV - RE 0.25 PER SH     
BE,GMRINFRA,GMR Infrastructure Limite, ,06/09/2024,16/09/2024,05/09/2024, , ,ANNUAL GENERAL MEETING   
BE,PARACABLES,Paramount Communications, ,13/09/2024,19/09/2024,12/09/2024, , ,ANNUAL GENERAL MEETING   
BE,UFLEX,UFLEX Limited, ,31/08/2024,19/09/2024,30/08/2024, , ,AGM/DIV - RE 1 PER SH    
BE,DENORA,De Nora India Limited, ,19/09/2024,25/09/2024,17/09/2024, , ,AGM/DIV - RS 2 PER SH    
BE,ATNINTER,ATN International Limited, ,19/09/2024,25/09/2024,17/09/2024, , ,ANNUAL GENERAL MEETING   
BE,HBLPOWER,HBL Power Systems Limited, ,14/09/2024,26/09/2024,13/09/2024, , ,AGM/DIV-RE 0.50 PER SH   
BE,PHOENIXLTD,The Phoenix Mills Limited,21/09/2024, , ,20/09/2024, , ,BONUS 1:1                
BE,AROGRANITE,Aro Granite Industries Li, ,12/09/2024,18/09/2024,11/09/2024, , ,ANNUAL GENERAL MEETING   
BE,SRHHYPOLTD,Sree Rayalaseema Hi-Stren, ,13/09/2024,21/09/2024,12/09/2024, , ,AGM/DIV - RS 3 PER SH    
BE,NAGREEKCAP,Nagreeka Capital & Infras, ,11/09/2024,17/09/2024,10/09/2024, , ,ANNUAL GENERAL MEETING   
BE,BINANIIND,Binani Industries Limited, ,13/09/2024,20/09/2024,12/09/2024, , ,ANNUAL GENERAL MEETING   
BE,AUTOIND,Autoline Industries Limit, ,19/09/2024,25/09/2024,17/09/2024, , ,ANNUAL GENERAL MEETING   
BE,TALBROAUTO,Talbros Automotive Compon, ,19/09/2024,25/09/2024,17/09/2024, , ,AGM/DIV-RE 0.50 PER SH   
BE,MBECL,Mcnally Bharat Engineerin, ,19/09/2024,21/09/2024,17/09/2024, , ,ANNUAL GENERAL MEETING   
BE,NAGREEKEXP,Nagreeka Exports Limited, ,12/09/2024,18/09/2024,11/09/2024, , ,ANNUAL GENERAL MEETING   
BE,EDELWEISS,Edelweiss Fin Serv Ltd, ,18/09/2024,26/09/2024,17/09/2024, , ,AGM/DIV-RS 1.50 PER SH   
BE,ADVANIHOTR,Advani Hot.& Res.(I) Ltd, ,13/09/2024,20/09/2024,12/09/2024, , ,ANNUAL GENERAL MEETING   
BE,MANALIPETC,Manali Petrochemicals Lt, ,11/09/2024,18/09/2024,10/09/2024, , ,AGM/DIV - RS 0.75 PER SH 
BE,KECL,Kirloskar Electric Co-Dep, ,10/09/2024,16/09/2024,09/09/2024, , ,ANNUAL GENERAL MEETING   
BE,PVP,PVP Ventures Limited, ,19/09/2024,27/09/2024,17/09/2024, , ,ANNUAL GENERAL MEETING   
BE,ARCHIDPLY,Archidply Industries Limi, ,19/09/2024,25/09/2024,17/09/2024, , ,ANNUAL GENERAL MEETING   
BE,HEIDELBERG,HeidelbergCement (I) Ltd,18/09/2024, , ,17/09/2024, , ,AGM/DIV - RS 8 PER SH    
BE,SHILPAMED,Shilpa Medicare Ltd, ,09/09/2024,17/09/2024,06/09/2024, , ,ANNUAL GENERAL MEETING   
BE,ONMOBILE,OnMobile Global Limited, ,19/09/2024,25/09/2024,17/09/2024, , ,ANNUAL GENERAL MEETING   
BE,NMDC,NMDC Limited, ,18/09/2024,24/09/2024,17/09/2024, , ,AGM/DIV-RS 1.50 PER SH   
BE,INDBANK,IndbankMerchant-Roll Sett, ,13/09/2024,19/09/2024,12/09/2024, , ,ANNUAL GENERAL MEETING   
BE,SOTL,Savita Oil Technologies L, ,19/09/2024,25/09/2024,17/09/2024, , ,DIV - RS 4 PER SH        
BE,DELTAMAGNT,Delta Manufacturing Ltd, ,14/09/2024,20/09/2024,13/09/2024, , ,ANNUAL GENERAL MEETING   
BE,AMRUTANJAN,Amrutajan Health Ltd,16/09/2024, , ,13/09/2024, , ,DIV - RS 2.60 PER SH     
BE,AMRUTANJAN,Amrutajan Health Ltd, ,17/09/2024,23/09/2024,13/09/2024, , ,ANNUAL GENERAL MEETING   
BE,ALMONDZ,Almondz Global Securities, ,14/09/2024,20/09/2024,13/09/2024, , ,ANNUAL GENERAL MEETING   
BE,SJVN,SJVN Ltd, ,13/09/2024,19/09/2024,12/09/2024, , ,AGM/DIV-RE 0.65 PER SH   
BE,ZEELEARN,Zee Learn Limited, ,19/09/2024,26/09/2024,17/09/2024, , ,ANNUAL GENERAL MEETING   
BE,IITL,Industrial Inv Trust Ltd, ,18/09/2024,25/09/2024,17/09/2024, , ,ANNUAL GENERAL MEETING   
BE,ISFT,Intrasoft Tech. Ltd, ,18/09/2024,24/09/2024,17/09/2024, , ,ANNUAL GENERAL MEETING   
BE,KIRLOSIND,Kirloskar Industries Limi,18/09/2024, , ,17/09/2024, , ,DIV - RS  13 PER SH      
BE,KIRLOSIND,Kirloskar Industries Limi, ,19/09/2024,25/09/2024,17/09/2024, , ,ANNUAL GENERAL MEETING   
BE,GRAVITA,Gravita India Limited, ,12/09/2024,18/09/2024,11/09/2024, , ,ANNUAL GENERAL MEETING   
BE,RKDL,Ravi Kumar Distilleries, ,17/09/2024,23/09/2024,13/09/2024, , ,ANNUAL GENERAL MEETING   
BE,WELINV,Welspun Inv & Comm Ltd, ,15/09/2024,17/09/2024,13/09/2024, , ,ANNUAL GENERAL MEETING   
BE,SPMLINFRA,SPML Infra Limited, ,14/09/2024,20/09/2024,13/09/2024, , ,ANNUAL GENERAL MEETING   
BE,INDTERRAIN,Ind Terrain Fashions Ltd, ,10/09/2024,16/09/2024,09/09/2024, , ,ANNUAL GENERAL MEETING   
BE,HINDMOTORS,Hindustan Motors Limited, ,19/09/2024,25/09/2024,17/09/2024, , ,ANNUAL GENERAL MEETING   
BE,ASHIANA,Ashiana Housing Ltd, ,19/09/2024,25/09/2024,17/09/2024, , ,DIV - RS 1.50 PER SH     
BE,FMNL,Future Mkt Networks Ltd, ,19/09/2024,23/09/2024,17/09/2024, , ,ANNUAL GENERAL MEETING   
BE,VSTTILLERS,VST Tillers Tractors Ltd, ,13/09/2024,19/09/2024,12/09/2024, , ,AGM/DIV - RS 20 PER SH   
BE,SPECIALITY,Speciality Rest Ltd, ,14/09/2024,20/09/2024,13/09/2024, , ,AGM/DIV - RE 1 PER SH    
BE,MTEDUCARE,MT Educare Ltd, ,19/09/2024,25/09/2024,17/09/2024, , ,ANNUAL GENERAL MEETING   
BE,BROOKS,Brooks Lab Limited, ,13/09/2024,19/09/2024,12/09/2024, , ,ANNUAL GENERAL MEETING   
BE,VASWANI,Vaswani Ind Ltd, ,14/09/2024,20/09/2024,13/09/2024, , ,ANNUAL GENERAL MEETING   
BE,GIPCL,GUJARAT INDUSTRIES POWER, ,14/09/2024,20/09/2024,13/09/2024, , ,DIV - RS 3.95 PER SH     
BE,FINPIPE,FINOLEX INDUSTRIES LTD, ,12/09/2024,18/09/2024,11/09/2024, , ,AGM/DIV - RS 2.50 PER SH 
BE,SCI,SHIPPING CORP OF INDIA LT, ,07/09/2024,18/09/2024,06/09/2024, , ,ANNUAL GENERAL MEETING   
BE,CONCOR,Container Corp of India, ,19/09/2024,25/09/2024,17/09/2024, , ,AGM/DIV-RS 2.50 PER SH   
BE,GNFC,GUJARAT NARMADA FERT. CO, ,13/09/2024,20/09/2024,12/09/2024, , ,ANNUAL GENERAL MEETING   
BE,TNPETRO,Tamilnadu Petro Prod Ltd, ,19/09/2024,26/09/2024,17/09/2024, , ,AGM/DIV-RS 1.20 PER SH   
BE,BEML,BEML Limited, ,14/09/2024,20/09/2024,13/09/2024, , ,AGM/DI-RS 15.50 PER SH   
BE,MIRCELECTR,MIRCELECTR - Depo, ,19/09/2024,26/09/2024,17/09/2024, , ,ANNUAL GENERAL MEETING   
BE,INDIACEM,The India Cements Limited, ,17/09/2024,23/09/2024,13/09/2024, , ,ANNUAL GENERAL MEETING   
BE,ARCHIES,Archies Limited - Depo, ,18/09/2024,24/09/2024,17/09/2024, , ,ANNUAL GENERAL MEETING   
BE,STARPAPER,Star Paper Mills Ltd, ,19/09/2024,25/09/2024,17/09/2024, , ,AGM/DIV - RS 4 PER SH    
BE,GLENMARK,Glenmark Pharma Ltd, ,17/09/2024,27/09/2024,13/09/2024, , ,DIV - RS 2.50 PER SH     
BE,FINCABLES,Finolex Cables Ltd,18/09/2024, , ,17/09/2024, , ,DIV - RS 8 PER SH        
BE,INDIANCARD,Indian Card Clothing Co., ,10/09/2024,16/09/2024,09/09/2024, , ,ANNUAL GENERAL MEETING   
BE,MASTEK,MASTEK - Depo,18/09/2024, , ,17/09/2024, , ,DIV - RS 12 PER SH       
BE,MASTEK,MASTEK - Depo, ,19/09/2024,20/09/2024,17/09/2024, , ,ANNUAL GENERAL MEETING   
BE,JINDWORLD,Jindal Worldwide Ltd, ,10/09/2024,16/09/2024,09/09/2024, , ,ANNUAL GENERAL MEETING   
BE,GINNIFILA,Ginni Filaments Ltd, ,19/09/2024,25/09/2024,17/09/2024, , ,ANNUAL GENERAL MEETING   
BE,PRECWIRE,Precision Wires India Ltd, ,14/09/2024,20/09/2024,13/09/2024, , ,AGM/DIV-RE 0.45 PER SH   
BE,REMSONSIND,Remsons Industries Ltd, ,14/09/2024,20/09/2024,13/09/2024, , ,AGM/DIV-RE 0.30 PER SH   
BE,EUROTEXIND,Eurotex Ind.& Exports Ltd, ,13/09/2024,20/09/2024,12/09/2024, , ,ANNUAL GENERAL MEETING   
BE,GSFC,GSFC DEP, ,10/09/2024,24/09/2024,09/09/2024, , ,AGM/DIV - RS 4 PER SH    
BE,PRAKASH,Prakash Industries Ltd., ,18/09/2024,20/09/2024,17/09/2024, , ,DIV - RS 1.20 PER SH     
BE,LUMAXIND,Lumax Industries Ltd, ,10/09/2024,27/09/2024,09/09/2024, , ,ANNUAL GENERAL MEETING   
BE,HCL-INSYS,HCL INFOSYSTEMS DEP, ,13/09/2024,18/09/2024,12/09/2024, , ,ANNUAL GENERAL MEETING   
BE,INDRAMEDCO,IndraprasthaMed-Roll Sett, ,14/09/2024,24/09/2024,13/09/2024, , ,AGM/DIV - RS 4.50 PER SH 
BE,KCPSUGIND,KCP Sug & Ind Corp Ltd., ,17/09/2024,23/09/2024,13/09/2024, , ,AGM/DIV-RE 0.20 PER SH   
BE,ANDHRSUGAR,The Andhra Sugars Ltd,17/09/2024, , ,17/09/2024, , ,DIV - RE 1 PER SH        
BE,ICDSLTD,ICDS Ltd., ,19/09/2024,25/09/2024,17/09/2024, , ,ANNUAL GENERAL MEETING   
BE,HARRMALAYA,Harrisons  Malayalam Ltd, ,19/09/2024,25/09/2024,17/09/2024, , ,ANNUAL GENERAL MEETING   
BE,HIKAL,Hikal Limited, ,11/09/2024,17/09/2024,10/09/2024, , ,ANNUAL GENERAL MEETING   
BE,SUBROS,Subros Ltd, ,12/09/2024,18/09/2024,11/09/2024, , ,AGM/DIV - RE 1.8 PER SH  
BE,SPIC,SPIC LTD, ,13/09/2024,19/09/2024,12/09/2024, , ,ANNUAL GENERAL MEETING   
BE,NRBBEARING,NRB Bearings Limited, ,14/09/2024,20/09/2024,13/09/2024, , ,ANNUAL GENERAL MEETING   
BE,INDNIPPON,India Nippon Elect Ltd, ,12/09/2024,18/09/2024,11/09/2024, , ,ANNUAL GENERAL MEETING   
BE,CINEVISTA,Cinevista Limited, ,17/09/2024,24/09/2024,13/09/2024, , ,ANNUAL GENERAL MEETING   
BE,MURUDCERA,Murudeshwar Ceram Ltd, ,14/09/2024,21/09/2024,13/09/2024, , ,AGM/DIV-RE 0.50 PER SH   
BE,BANARISUG,Bannari Amman Sugars , ,17/09/2024,23/09/2024,13/09/2024, , ,AGM/DIV-RS12.50 PER SH   
BE,PEARLPOLY,Pearl Polymers Ltd, ,18/09/2024,24/09/2024,17/09/2024, , ,ANNUAL GENERAL MEETING   
BE,UNIENTER,UNIPHOS ENTERPRISES LTD, ,07/09/2024,20/09/2024,06/09/2024, , ,DIV - RS 5.7PER SH       
BE,PREMIERPOL,Premier Polyfilms Ltd., ,10/09/2024,16/09/2024,09/09/2024, , ,AGM/DIV - RE 0.75 PER SH 
BE,SKMEGGPROD,SKM Egg Products Export, ,19/09/2024,25/09/2024,17/09/2024, , ,AGM/DIV - RS 2.5 PER SH  
BE,BHARATRAS,Bharat Rasayan Ltd, ,13/09/2024,19/09/2024,12/09/2024, , ,ANNUAL GENERAL MEETING   
BE,ZENITHEXPO,Zenith Exports Ltd., ,18/09/2024,24/09/2024,17/09/2024, , ,ANNUAL GENERAL MEETING   
BE,GUJRAFFIA,Gujarat Raffia-Roll Sett, ,10/09/2024,24/09/2024,09/09/2024, , ,ANNUAL GENERAL MEETING   
BE,NOIDATOLL,Noida Toll Bridge Co Ltd, ,11/09/2024,17/09/2024,10/09/2024, , ,ANNUAL GENERAL MEETING   
BE,GUFICBIO,Gufic Biosciences Ltd., ,19/09/2024,25/09/2024,17/09/2024, , ,AGM/DIV-RE 0.10 PER SH   
BE,RUBYMILLS,Ruby Mills Ltd., ,14/09/2024,20/09/2024,13/09/2024, , ,AGM/DIV - RS 1.75 PER SH 
BE,ALLCARGO, Allcargo Logistics Ltd,18/09/2024, , ,17/09/2024, , ,DIV - RE 1 PER SH        
BE,SIMPLEXINF,Simplex Infrastructures L, ,15/09/2024,21/09/2024,13/09/2024, , ,ANNUAL GENERAL MEETING   
BE,HCC,Hindustan Construc Co., ,11/09/2024,17/09/2024,10/09/2024, , ,ANNUAL GENERAL MEETING   
BE,FCSSOFT,FCS Software Soln. Ltd., ,12/09/2024,20/09/2024,11/09/2024, , ,ANNUAL GENERAL MEETING   
BE,SUNFLAG,Sunflag Iron And Steel Co, ,14/09/2024,27/09/2024,13/09/2024, , ,ANNUAL GENERAL MEETING   
BE,CELEBRITY,Celebrity Fashions Limite, ,10/09/2024,16/09/2024,09/09/2024, , ,ANNUAL GENERAL MEETING   
BE,JINDALSAW,Jindal Saw Limited, ,17/09/2024,23/09/2024,13/09/2024, , ,EXTRAORDNRY GENRL MEETNG 
BE,SUPRAJIT,Suprajit Engineering Ltd., ,19/09/2024,26/09/2024,17/09/2024, , ,AGM/DIV-RS 1.40 PER SH   
BE,NITINSPIN,Nitin Spinners Limited, ,10/09/2024,16/09/2024,09/09/2024, , ,AGM/DIV-RS 2.50 PER SH   
BE,JAGRAN,Jagran Prakashan Limited, ,14/09/2024,24/09/2024,13/09/2024, , ,ANNUAL GENERAL MEETING   
BE,GOKEX,Gokaldas Exports Ltd., ,13/09/2024,19/09/2024,12/09/2024, , ,ANNUAL GENERAL MEETING   
BE,CENTURYPLY,Century Plyboards (India), ,19/09/2024,25/09/2024,17/09/2024, , ,AGM/DIV - RE 1 PER SH    
BE,MALUPAPER,Malu Paper Mills Limited, ,18/09/2024,24/09/2024,17/09/2024, , ,ANNUAL GENERAL MEETING   
BE,UTTAMSUGAR,Uttam Sugar Mills Limited, ,12/09/2024,18/09/2024,11/09/2024, , ,AGM/DIV - RS 2.5 PER SH  
BE,NECLIFE,Nectar Lifesciences Ltd., ,15/09/2024,21/09/2024,13/09/2024, , ,ANNUAL GENERAL MEETING   
BE,MARKSANS,Marksans Pharma Limited,17/09/2024, , ,17/09/2024, , ,DIV - RS 0.60 PER SH     
BZ,PVP,PVP Ventures Limited, ,19/09/2024,27/09/2024,17/09/2024, , ,ANNUAL GENERAL MEETING   
BZ,BINANIIND,Binani Industries Limited, ,13/09/2024,20/09/2024,12/09/2024, , ,ANNUAL GENERAL MEETING   
EQ,PRAKASH,Prakash Industries Ltd., ,18/09/2024,20/09/2024,17/09/2024, , ,DIV - RS 1.20 PER SH     
EQ,BEML,BEML Limited, ,14/09/2024,20/09/2024,13/09/2024, , ,AGM/DI-RS 15.50 PER SH   
EQ,INDIACEM,The India Cements Limited, ,17/09/2024,23/09/2024,13/09/2024, , ,ANNUAL GENERAL MEETING   
EQ,MURUDCERA,Murudeshwar Ceram Ltd, ,14/09/2024,21/09/2024,13/09/2024, , ,AGM/DIV-RE 0.50 PER SH   
EQ,PRECWIRE,Precision Wires India Ltd, ,14/09/2024,20/09/2024,13/09/2024, , ,AGM/DIV-RE 0.45 PER SH   
EQ,BHARATRAS,Bharat Rasayan Ltd, ,13/09/2024,19/09/2024,12/09/2024, , ,ANNUAL GENERAL MEETING   
EQ,SUBROS,Subros Ltd, ,12/09/2024,18/09/2024,11/09/2024, , ,AGM/DIV - RE 1.8 PER SH  
EQ,BANARISUG,Bannari Amman Sugars , ,17/09/2024,23/09/2024,13/09/2024, , ,AGM/DIV-RS12.50 PER SH   
EQ,GINNIFILA,Ginni Filaments Ltd, ,19/09/2024,25/09/2024,17/09/2024, , ,ANNUAL GENERAL MEETING   
EQ,MIRCELECTR,Mirc Electronics Ltd., ,19/09/2024,26/09/2024,17/09/2024, , ,ANNUAL GENERAL MEETING   
EQ,HARRMALAYA,Harrisons  Malayalam Ltd, ,19/09/2024,25/09/2024,17/09/2024, , ,ANNUAL GENERAL MEETING   
EQ,SKMEGGPROD,SKM Egg Products Export, ,19/09/2024,25/09/2024,17/09/2024, , ,AGM/DIV - RS 2.5 PER SH  
EQ,INDNIPPON,India Nippon Elect Ltd, ,12/09/2024,18/09/2024,11/09/2024, , ,ANNUAL GENERAL MEETING   
EQ,INDRAMEDCO,Indraprastha Med Corp, ,14/09/2024,24/09/2024,13/09/2024, , ,AGM/DIV - RS 4.50 PER SH 
EQ,KCPSUGIND,KCP Sug & Ind Corp Ltd., ,17/09/2024,23/09/2024,13/09/2024, , ,AGM/DIV-RE 0.20 PER SH   
EQ,SPIC,Southern Petro Ind Corp, ,13/09/2024,19/09/2024,12/09/2024, , ,ANNUAL GENERAL MEETING   
EQ,SCI,Shipping Corp of India , ,07/09/2024,18/09/2024,06/09/2024, , ,ANNUAL GENERAL MEETING   
EQ,FINCABLES,Finolex Cables Ltd,18/09/2024, , ,17/09/2024, , ,DIV - RS 8 PER SH        
EQ,FINPIPE,Finolex Ind Ltd., ,12/09/2024,18/09/2024,11/09/2024, , ,AGM/DIV - RS 2.50 PER SH 
EQ,GSFC,Gujarat State Fert Ltd., ,10/09/2024,24/09/2024,09/09/2024, , ,AGM/DIV - RS 4 PER SH    
EQ,ZENITHEXPO,Zenith Exports Ltd., ,18/09/2024,24/09/2024,17/09/2024, , ,ANNUAL GENERAL MEETING   
EQ,PEARLPOLY,Pearl Polymers Ltd, ,18/09/2024,24/09/2024,17/09/2024, , ,ANNUAL GENERAL MEETING   
EQ,REMSONSIND,Remsons Industries Ltd, ,14/09/2024,20/09/2024,13/09/2024, , ,AGM/DIV-RE 0.30 PER SH   
EQ,INDIANCARD,Indian Card Clothing Co., ,10/09/2024,16/09/2024,09/09/2024, , ,ANNUAL GENERAL MEETING   
EQ,GNFC,Gujarat Narm Fert Co., ,13/09/2024,20/09/2024,12/09/2024, , ,ANNUAL GENERAL MEETING   
EQ,PREMIERPOL,Premier Polyfilm Ltd, ,10/09/2024,16/09/2024,09/09/2024, , ,AGM/DIV - RE 0.75 PER SH 
EQ,LUMAXIND,Lumax Industries Ltd, ,10/09/2024,27/09/2024,09/09/2024, , ,ANNUAL GENERAL MEETING   
EQ,MASTEK,Mastek Ltd,18/09/2024, , ,17/09/2024, , ,DIV - RS 12 PER SH       
EQ,MASTEK,Mastek Ltd, ,19/09/2024,20/09/2024,17/09/2024, , ,ANNUAL GENERAL MEETING   
EQ,STARPAPER,Star Paper Mills Ltd, ,19/09/2024,25/09/2024,17/09/2024, , ,AGM/DIV - RS 4 PER SH    
EQ,TNPETRO,Tamilnadu Petro Prod Ltd, ,19/09/2024,26/09/2024,17/09/2024, , ,AGM/DIV-RS 1.20 PER SH   
EQ,ANDHRSUGAR,The Andhra Sugars Ltd,17/09/2024, , ,17/09/2024, , ,DIV - RE 1 PER SH        
EQ,GUJRAFFIA,Gujarat Raffia Inds Ltd, ,10/09/2024,24/09/2024,09/09/2024, , ,ANNUAL GENERAL MEETING   
EQ,NRBBEARING,NRB Bearings Limited, ,14/09/2024,20/09/2024,13/09/2024, , ,ANNUAL GENERAL MEETING   
EQ,ICDSLTD,ICDS Ltd., ,19/09/2024,25/09/2024,17/09/2024, , ,ANNUAL GENERAL MEETING   
EQ,ARCHIES,Archies Limited, ,18/09/2024,24/09/2024,17/09/2024, , ,ANNUAL GENERAL MEETING   
EQ,NOIDATOLL,Noida Toll Bridge Company, ,11/09/2024,17/09/2024,10/09/2024, , ,ANNUAL GENERAL MEETING   
EQ,GLENMARK,Glenmark Pharma Ltd, ,17/09/2024,27/09/2024,13/09/2024, , ,DIV - RS 2.50 PER SH     
EQ,JINDWORLD,Jindal Worldwide Ltd, ,10/09/2024,16/09/2024,09/09/2024, , ,ANNUAL GENERAL MEETING   
EQ,EUROTEXIND,Eurotex Ind.& Exports Ltd, ,13/09/2024,20/09/2024,12/09/2024, , ,ANNUAL GENERAL MEETING   
EQ,GIPCL,Gujarat Ind Power Ltd, ,14/09/2024,20/09/2024,13/09/2024, , ,DIV - RS 3.95 PER SH     
EQ,HCL-INSYS,HCL Infosystems Ltd, ,13/09/2024,18/09/2024,12/09/2024, , ,ANNUAL GENERAL MEETING   
EQ,CONCOR,Container Corp of India, ,19/09/2024,25/09/2024,17/09/2024, , ,AGM/DIV-RS 2.50 PER SH   
EQ,HIKAL,Hikal Limited, ,11/09/2024,17/09/2024,10/09/2024, , ,ANNUAL GENERAL MEETING   
EQ,CINEVISTA,Cinevista Limited, ,17/09/2024,24/09/2024,13/09/2024, , ,ANNUAL GENERAL MEETING   
EQ,UNIENTER,Uniphos Enterprises Limit, ,07/09/2024,20/09/2024,06/09/2024, , ,DIV - RS 5.7PER SH       
EQ,RUBYMILLS,The Ruby Mills Ltd, ,14/09/2024,20/09/2024,13/09/2024, , ,AGM/DIV - RS 1.75 PER SH 
EQ,INDORAMA,Indo Rama Synthetics (Ind, ,19/09/2024,25/09/2024,17/09/2024, , ,ANNUAL GENERAL MEETING   
EQ,IGL,Indraprastha Gas Limited, ,17/09/2024,27/09/2024,13/09/2024, , ,AGM/DIV - RS 5 PER SH    
EQ,GUFICBIO,Gufic Biosciences Limited, ,19/09/2024,25/09/2024,17/09/2024, , ,AGM/DIV-RE 0.10 PER SH   
EQ,ALLCARGO, Allcargo Logistics Ltd,18/09/2024, , ,17/09/2024, , ,DIV - RE 1 PER SH        
EQ,HCC,Hindustan Construc Co., ,11/09/2024,17/09/2024,10/09/2024, , ,ANNUAL GENERAL MEETING   
EQ,SIMPLEXINF,Simplex Infrastructures L, ,15/09/2024,21/09/2024,13/09/2024, , ,ANNUAL GENERAL MEETING   
EQ,FCSSOFT,FCS Software Solutions Li, ,12/09/2024,20/09/2024,11/09/2024, , ,ANNUAL GENERAL MEETING   
EQ,SUNFLAG,Sunflag Iron And Steel Co, ,14/09/2024,27/09/2024,13/09/2024, , ,ANNUAL GENERAL MEETING   
EQ,CELEBRITY,Celebrity Fashions Limite, ,10/09/2024,16/09/2024,09/09/2024, , ,ANNUAL GENERAL MEETING   
EQ,JINDALSAW,Jindal Saw Limited, ,17/09/2024,23/09/2024,13/09/2024, , ,EXTRAORDNRY GENRL MEETNG 
EQ,SUPRAJIT,Suprajit Engineering Limi, ,19/09/2024,26/09/2024,17/09/2024, , ,AGM/DIV-RS 1.40 PER SH   
EQ,NITINSPIN,Nitin Spinners Limited, ,10/09/2024,16/09/2024,09/09/2024, , ,AGM/DIV-RS 2.50 PER SH   
EQ,JAGRAN,Jagran Prakashan Limited, ,14/09/2024,24/09/2024,13/09/2024, , ,ANNUAL GENERAL MEETING   
EQ,GOKEX,Gokaldas Exports Limited, ,13/09/2024,19/09/2024,12/09/2024, , ,ANNUAL GENERAL MEETING   
EQ,CENTURYPLY,Century Plyboards (India), ,19/09/2024,25/09/2024,17/09/2024, , ,AGM/DIV - RE 1 PER SH    
EQ,MALUPAPER,Malu Paper Mills Limited, ,18/09/2024,24/09/2024,17/09/2024, , ,ANNUAL GENERAL MEETING   
EQ,UTTAMSUGAR,Uttam Sugar Mills Limited, ,12/09/2024,18/09/2024,11/09/2024, , ,AGM/DIV - RS 2.5 PER SH  
EQ,NECLIFE,Nectar Lifesciences Limit, ,15/09/2024,21/09/2024,13/09/2024, , ,ANNUAL GENERAL MEETING   
EQ,MARKSANS,Marksans Pharma Limited,17/09/2024, , ,17/09/2024, , ,DIV - RS 0.60 PER SH     
EQ,BALPHARMA,Bal Pharma Limited, ,19/09/2024,25/09/2024,17/09/2024, , ,AGM/DIV-RS 1.20PER SH    
EQ,ECLERX,eClerx Services Limited, ,07/09/2024,19/09/2024,06/09/2024, , ,DIV - RE 1 PER SH        
EQ,VENUSREM,Venus Remedies Limited, ,17/09/2024,23/09/2024,13/09/2024, , ,ANNUAL GENERAL MEETING   
EQ,BURNPUR,Burnpur Cement Limited, ,13/09/2024,19/09/2024,12/09/2024, , ,ANNUAL GENERAL MEETING   
EQ,MANAKSIA,Manaksia Limited, ,12/09/2024,18/09/2024,11/09/2024, , ,ANNUAL GENERAL MEETING   
EQ,ARIES,Aries Agro Limited,16/09/2024, , ,13/09/2024, , ,DIV - RE 1 PER SH        
EQ,RUCHIRA,Ruchira Papers Limited, ,18/09/2024,24/09/2024,17/09/2024, , ,AGM/DIV - RS 5 PER SH    
EQ,WSI,W S Industries (I) Ltd, ,19/09/2024,25/09/2024,17/09/2024, , ,ANNUAL GENERAL MEETING   
EQ,KAVVERITEL,Kavveri Telecom Products, ,14/09/2024,20/09/2024,13/09/2024, , ,ANNUAL GENERAL MEETING   
EQ,BANCOINDIA,Banco Products (I) Ltd, ,13/09/2024,20/09/2024,12/09/2024, , ,ANNUAL GENERAL MEETING   
EQ,NCLIND,NCL Industries Limited, ,14/09/2024,20/09/2024,13/09/2024, , ,AGM/DIV - RS 2.50 PER SH 
EQ,JKIL,J.Kumar Infraprojects Lim, ,18/09/2024,24/09/2024,17/09/2024, , ,AGM/DIV - RS 4 PER SH    
EQ,CORDSCABLE,Cords Cable Industries Li, ,17/09/2024,23/09/2024,13/09/2024, , ,AGM/DIV - RE 1 PER SH    
EQ,KNRCON,KNR Constructions Limited,18/09/2024, , ,17/09/2024, , ,DIV - RE 0.25 PER SH     
EQ,GMRINFRA,GMR Infrastructure Limite, ,06/09/2024,16/09/2024,05/09/2024, , ,ANNUAL GENERAL MEETING   
EQ,PARACABLES,Paramount Communications, ,13/09/2024,19/09/2024,12/09/2024, , ,ANNUAL GENERAL MEETING   
EQ,UFLEX,UFLEX Limited, ,31/08/2024,19/09/2024,30/08/2024, , ,AGM/DIV - RE 1 PER SH    
EQ,DENORA,De Nora India Limited, ,19/09/2024,25/09/2024,17/09/2024, , ,AGM/DIV - RS 2 PER SH    
EQ,ATNINTER,ATN International Limited, ,19/09/2024,25/09/2024,17/09/2024, , ,ANNUAL GENERAL MEETING   
EQ,HBLPOWER,HBL Power Systems Limited, ,14/09/2024,26/09/2024,13/09/2024, , ,AGM/DIV-RE 0.50 PER SH   
EQ,PHOENIXLTD,The Phoenix Mills Limited,21/09/2024, , ,20/09/2024, , ,BONUS 1:1                
EQ,AROGRANITE,Aro Granite Industries Li, ,12/09/2024,18/09/2024,11/09/2024, , ,ANNUAL GENERAL MEETING   
EQ,SRHHYPOLTD,Sree Rayalaseema Hi-Stren, ,13/09/2024,21/09/2024,12/09/2024, , ,AGM/DIV - RS 3 PER SH    
EQ,NAGREEKCAP,Nagreeka Capital & Infras, ,11/09/2024,17/09/2024,10/09/2024, , ,ANNUAL GENERAL MEETING   
EQ,BINANIIND,Binani Industries Limited, ,13/09/2024,20/09/2024,12/09/2024, , ,ANNUAL GENERAL MEETING   
EQ,AUTOIND,Autoline Industries Limit, ,19/09/2024,25/09/2024,17/09/2024, , ,ANNUAL GENERAL MEETING   
EQ,TALBROAUTO,Talbros Automotive Compon, ,19/09/2024,25/09/2024,17/09/2024, , ,AGM/DIV-RE 0.50 PER SH   
EQ,MBECL,Mcnally Bharat Engineerin, ,19/09/2024,21/09/2024,17/09/2024, , ,ANNUAL GENERAL MEETING   
EQ,NAGREEKEXP,Nagreeka Exports Limited, ,12/09/2024,18/09/2024,11/09/2024, , ,ANNUAL GENERAL MEETING   
EQ,ADVANIHOTR,Advani Hotels & Resorts (, ,13/09/2024,20/09/2024,12/09/2024, , ,ANNUAL GENERAL MEETING   
EQ,EDELWEISS,Edelweiss Fin Serv Ltd, ,18/09/2024,26/09/2024,17/09/2024, , ,AGM/DIV-RS 1.50 PER SH   
EQ,MANALIPETC,Manali Petrochemicals Lt, ,11/09/2024,18/09/2024,10/09/2024, , ,AGM/DIV - RS 0.75 PER SH 
EQ,KECL,Kirloskar Electric Co Ltd, ,10/09/2024,16/09/2024,09/09/2024, , ,ANNUAL GENERAL MEETING   
EQ,PVP,PVP Ventures Limited, ,19/09/2024,27/09/2024,17/09/2024, , ,ANNUAL GENERAL MEETING   
EQ,ARCHIDPLY,Archidply Industries Limi, ,19/09/2024,25/09/2024,17/09/2024, , ,ANNUAL GENERAL MEETING   
EQ,HEIDELBERG,HeidelbergCement (I) Ltd,18/09/2024, , ,17/09/2024, , ,AGM/DIV - RS 8 PER SH    
EQ,SHILPAMED,Shilpa Medicare Ltd, ,09/09/2024,17/09/2024,06/09/2024, , ,ANNUAL GENERAL MEETING   
EQ,ONMOBILE,OnMobile Global Limited, ,19/09/2024,25/09/2024,17/09/2024, , ,ANNUAL GENERAL MEETING   
EQ,NMDC,NMDC Limited, ,18/09/2024,24/09/2024,17/09/2024, , ,AGM/DIV-RS 1.50 PER SH   
EQ,INDBANK,Indbank Merchant Banking, ,13/09/2024,19/09/2024,12/09/2024, , ,ANNUAL GENERAL MEETING   
EQ,SOTL,Savita Oil Technologies L, ,19/09/2024,25/09/2024,17/09/2024, , ,DIV - RS 4 PER SH        
EQ,DELTAMAGNT,Delta Manufacturing Ltd, ,14/09/2024,20/09/2024,13/09/2024, , ,ANNUAL GENERAL MEETING   
EQ,AMRUTANJAN,Amrutajan Health Ltd,16/09/2024, , ,13/09/2024, , ,DIV - RS 2.60 PER SH     
EQ,AMRUTANJAN,Amrutajan Health Ltd, ,17/09/2024,23/09/2024,13/09/2024, , ,ANNUAL GENERAL MEETING   
EQ,ALMONDZ,Almondz Global Securities, ,14/09/2024,20/09/2024,13/09/2024, , ,ANNUAL GENERAL MEETING   
EQ,SJVN,SJVN Ltd, ,13/09/2024,19/09/2024,12/09/2024, , ,AGM/DIV-RE 0.65 PER SH   
EQ,ZEELEARN,Zee Learn Limited, ,19/09/2024,26/09/2024,17/09/2024, , ,ANNUAL GENERAL MEETING   
EQ,IITL,Industrial Inv Trust Ltd, ,18/09/2024,25/09/2024,17/09/2024, , ,ANNUAL GENERAL MEETING   
EQ,ISFT,Intrasoft Tech. Ltd, ,18/09/2024,24/09/2024,17/09/2024, , ,ANNUAL GENERAL MEETING   
EQ,KIRLOSIND,Kirloskar Industries Limi,18/09/2024, , ,17/09/2024, , ,DIV - RS  13 PER SH      
EQ,KIRLOSIND,Kirloskar Industries Limi, ,19/09/2024,25/09/2024,17/09/2024, , ,ANNUAL GENERAL MEETING   
EQ,GRAVITA,Gravita India Limited, ,12/09/2024,18/09/2024,11/09/2024, , ,ANNUAL GENERAL MEETING   
EQ,RKDL,Ravi Kumar Distilleries, ,17/09/2024,23/09/2024,13/09/2024, , ,ANNUAL GENERAL MEETING   
EQ,WELINV,Welspun Inv & Comm Ltd, ,15/09/2024,17/09/2024,13/09/2024, , ,ANNUAL GENERAL MEETING   
EQ,SPMLINFRA,SPML Infra Limited, ,14/09/2024,20/09/2024,13/09/2024, , ,ANNUAL GENERAL MEETING   
EQ,INDTERRAIN,Ind Terrain Fashions Ltd, ,10/09/2024,16/09/2024,09/09/2024, , ,ANNUAL GENERAL MEETING   
EQ,HINDMOTORS,Hindustan Motors Limited, ,19/09/2024,25/09/2024,17/09/2024, , ,ANNUAL GENERAL MEETING   
EQ,ASHIANA,Ashiana Housing Ltd, ,19/09/2024,25/09/2024,17/09/2024, , ,DIV - RS 1.50 PER SH     
EQ,FMNL,Future Mkt Networks Ltd, ,19/09/2024,23/09/2024,17/09/2024, , ,ANNUAL GENERAL MEETING   
EQ,VSTTILLERS,VST Tillers Tractors Ltd, ,13/09/2024,19/09/2024,12/09/2024, , ,AGM/DIV - RS 20 PER SH   
EQ,MTEDUCARE,MT Educare Ltd, ,19/09/2024,25/09/2024,17/09/2024, , ,ANNUAL GENERAL MEETING   
EQ,BROOKS,Brooks Lab Limited, ,13/09/2024,19/09/2024,12/09/2024, , ,ANNUAL GENERAL MEETING   
EQ,VASWANI,Vaswani Ind Ltd, ,14/09/2024,20/09/2024,13/09/2024, , ,ANNUAL GENERAL MEETING   
EQ,SPECIALITY,Speciality Rest Ltd, ,14/09/2024,20/09/2024,13/09/2024, , ,AGM/DIV - RE 1 PER SH    
EQ,NDL,Nandan Denim Limited,19/09/2024, , ,19/09/2024, , ,FVSPLT FRM RS 10 TO RE 1 
EQ,SNOWMAN,Snowman Logistics Ltd., ,11/09/2024,19/09/2024,10/09/2024, , ,ANNUAL GENERAL MEETING   
EQ,SUPERHOUSE,Superhouse Limited, ,16/09/2024,30/09/2024,13/09/2024, , ,ANNUAL GENERAL MEETING   
EQ,CAPLIPOINT,Caplin Point Lab Ltd.,23/09/2024, , ,23/09/2024, , ,DIV - RS 2.50 PER SH     
EQ,CAPLIPOINT,Caplin Point Lab Ltd., ,24/09/2024,30/09/2024,23/09/2024, , ,ANNUAL GENERAL MEETING   
EQ,VIPULLTD,Vipul Limited, ,16/09/2024,23/09/2024,13/09/2024, , ,ANNUAL GENERAL MEETING   
EQ,BYKE,The Byke Hospitality Ltd, ,15/09/2024,21/09/2024,13/09/2024, , ,ANNUAL GENERAL MEETING   
EQ,ORICONENT,Oricon Enterprises Ltd, ,19/09/2024,26/09/2024,17/09/2024, , ,AGM/DIV - RE 0.5 PER SH  
EQ,SKIPPER,Skipper Limited, ,13/09/2024,19/09/2024,12/09/2024, , ,AGM/DIV - RE 0.10 PER SH 
EQ,GULFPETRO,GP Petroleums Limited, ,12/09/2024,18/09/2024,11/09/2024, , ,ANNUAL GENERAL MEETING   
EQ,MANAKALUCO,Manak Aluminium Co. Ltd., ,14/09/2024,20/09/2024,13/09/2024, , ,ANNUAL GENERAL MEETING   
EQ,GENUSPAPER,Genus P&B Limited, ,17/09/2024,23/09/2024,13/09/2024, , ,ANNUAL GENERAL MEETING   
EQ,MANAKSTEEL,Manaksia Steels Ltd, ,12/09/2024,18/09/2024,11/09/2024, , ,ANNUAL GENERAL MEETING   
EQ,MANAKCOAT,Man Coat Metal & Ind Ltd, ,14/09/2024,20/09/2024,13/09/2024, , ,AGM/DIV - RE 0.05 PER SH 
EQ,GULPOLY,Gulshan Polyols Limited, ,13/09/2024,20/09/2024,12/09/2024, , ,ANNUAL GENERAL MEETING   
EQ,MONTECARLO,Monte Carlo Fashions Ltd., ,17/09/2024,23/09/2024,13/09/2024, , ,AGM/DIV - RS 20 PER SH   
EQ,TPLPLASTEH,TPL Plastech Limited, ,18/09/2024,24/09/2024,17/09/2024, , ,AGM/DIV-RE 0.80 PER SH   
EQ,LAMBODHARA,Lambodhara Textiles Ltd., ,10/09/2024,16/09/2024,09/09/2024, , ,AGM/DIV - RE 0.5 PER SH  
EQ,GOCLCORP,Gulf Oil Corp. Ltd., ,18/09/2024,24/09/2024,17/09/2024, , ,AGM/DIV - RS 4 PER SH    
EQ,LINCOLN,Lincoln Pharma Ltd, ,14/09/2024,30/09/2024,13/09/2024, , ,DIV - RS 1.80 PER SH     
EQ,POWERMECH,Power Mech Projects Ltd.,08/10/2024, , ,08/10/2024, , ,BONUS 1:1                
EQ,NAVKARCORP,Navkar Corporation Ltd., ,17/09/2024,23/09/2024,13/09/2024, , ,ANNUAL GENERAL MEETING   
EQ,SALONA,Salona Cotspin Ltd., ,17/09/2024,23/09/2024,13/09/2024, , ,AGM/DIV - RE 1 PER SH    
EQ,BHARATWIRE,Bharat Wire Ropes Ltd., ,19/09/2024,25/09/2024,17/09/2024, , ,ANNUAL GENERAL MEETING   
EQ,ARROWGREEN,Arrow Greentech Limited, ,13/09/2024,16/09/2024,12/09/2024, , ,AGM/DIV - RS 2 PER SH    
EQ,APOLLOPIPE,Apollo Pipes Limited,18/09/2024, , ,17/09/2024, , ,DIV - RE 1 PER SH        
EQ,NLCINDIA,NLC India Limited, ,19/09/2024,25/09/2024,17/09/2024, , ,AGM/DIV-RE 1.50 PER SH   
EQ,DBL,Dilip Buildcon Limited, ,18/09/2024,24/09/2024,17/09/2024, , ,AGM/DIV - RE 1 PER SH    
EQ,SABEVENTS,Sab Events & Governance, ,10/09/2024,16/09/2024,09/09/2024, , ,ANNUAL GENERAL MEETING   
EQ,QUESS,Quess Corp Limited, ,10/09/2024,16/09/2024,09/09/2024, , ,ANNUAL GENERAL MEETING   
EQ,PALREDTEC,Palred Technologies Ltd, ,19/09/2024,25/09/2024,17/09/2024, , ,ANNUAL GENERAL MEETING   
EQ,CLEDUCATE,CL Educate Limited, ,11/09/2024,17/09/2024,10/09/2024, , ,ANNUAL GENERAL MEETING   
EQ,ERIS,Eris Lifesciences Limited, ,18/09/2024,18/09/2024,17/09/2024, , ,ANNUAL GENERAL MEETING   
EQ,DIXON,Dixon Techno (India) Ltd, ,19/09/2024,25/09/2024,17/09/2024, , ,AGM/DIV - RS 5 PER SH    
EQ,KINGFA,Kingfa Sci & Tec Ind Ltd., ,19/09/2024,25/09/2024,17/09/2024, , ,AGM/DIV - RS 10 PER SH   
EQ,DIAMONDYD,Prataap Snacks Limited,16/09/2024, , ,13/09/2024, , ,AGM/DIV - RS 2 PER SH    
EQ,HISARMETAL,Hisar Metal Ind. Limited, ,10/09/2024,20/09/2024,09/09/2024, , ,AGM/DIV - RE 1 PER SH    
EQ,KHADIM,Khadim India Limited, ,18/09/2024,24/09/2024,17/09/2024, , ,ANNUAL GENERAL MEETING   
EQ,VIDHIING,Vidhi Spl Food Ingred Ltd, ,18/09/2024,24/09/2024,17/09/2024, , ,AGM/DIV - RE 1 PER SH    
EQ,ARIHANTSUP,Arihant Superstruct Ltd, ,14/09/2024,19/09/2024,13/09/2024, , ,AGM/DIV - RS 1.20 PER SH 
EQ,WIPL,The Western India Ply Ltd, ,18/09/2024,26/09/2024,17/09/2024, , ,AGM/DIV - RS 1.20 PER SH 
EQ,PODDARMENT,Poddar Pigments Limited, ,17/09/2024,23/09/2024,13/09/2024, , ,ANNUAL GENERAL MEETING   
EQ,PODDARMENT,Poddar Pigments Limited,16/09/2024, , ,13/09/2024, , ,DIV - RS 4 PER SH        
EQ,MARATHON,Marathon Nxtgen Realt Ltd,18/09/2024, , ,17/09/2024, , ,DIV - RE 1 PER SH        
EQ,SIGIND,Signet Industries Limited, ,19/09/2024,25/09/2024,17/09/2024, , ,AGM/DIV - RE 0.5 PER SH  
EQ,GRSE,Garden Reach Ship, ,14/09/2024,20/09/2024,13/09/2024, , ,AGM/DIV - RS 1.44 PER SH 
EQ,SANDHAR,Sandhar Technologies Ltd,17/09/2024, , ,17/09/2024, , ,DIV - RS 3.25 PER SH     
EQ,SANDHAR,Sandhar Technologies Ltd, ,18/09/2024,24/09/2024,17/09/2024, , ,ANNUAL GENERAL MEETING   
EQ,NILASPACES,Nila Spaces Limited, ,10/09/2024,16/09/2024,09/09/2024, , ,ANNUAL GENERAL MEETING   
EQ,HAVISHA,Sri Havisha Hosp infr Ltd, ,19/09/2024,25/09/2024,17/09/2024, , ,ANNUAL GENERAL MEETING   
EQ,SOLARA,Solara Active Pha Sci Ltd, ,18/09/2024,20/09/2024,17/09/2024, , ,ANNUAL GENERAL MEETING   
EQ,PITTIENG,Pitti Engineering Limited, ,14/09/2024,20/09/2024,13/09/2024, , ,AGM/DIV - RS 1.50 PER SH 
EQ,GARFIBRES,Garware TFL, ,13/09/2024,19/09/2024,12/09/2024, , ,AGM/DIV - RS 3 PER SH    
EQ,RITES,RITES Limited,20/09/2024, , ,20/09/2024, , ,BONUS 1:1                
EQ,CHEMFAB,Chemfab Alkalis Limited, ,14/09/2024,20/09/2024,13/09/2024, , ,ANNUAL GENERAL MEETING   
EQ,PAISALO,Paisalo Digital Limited, ,17/09/2024,23/09/2024,13/09/2024, , ,AGM/DIV-RE 0.10 PER SH   
EQ,GAYAHWS,Gayatri Highways Limited, ,19/09/2024,26/09/2024,17/09/2024, , ,ANNUAL GENERAL MEETING   
EQ,HNDFDS,Hindustan Foods Limited, ,18/09/2024,24/09/2024,17/09/2024, , ,ANNUAL GENERAL MEETING   
EQ,SAKAR,Sakar Healthcare Limited, ,15/09/2024,21/09/2024,13/09/2024, , ,ANNUAL GENERAL MEETING   
EQ,MAXIND,Max India Limited, ,17/09/2024,23/09/2024,13/09/2024, , ,ANNUAL GENERAL MEETING   
EQ,UNIDT,United Drilling Tools Ltd, ,19/09/2024,25/09/2024,17/09/2024, , ,ANNUAL GENERAL MEETING   
EQ,LIKHITHA,Likhitha Infrastruc Ltd,17/09/2024, , ,17/09/2024, , ,DIV - RS 1.50 PER SH     
EQ,LIKHITHA,Likhitha Infrastruc Ltd, ,18/09/2024,24/09/2024,17/09/2024, , ,ANNUAL GENERAL MEETING   
EQ,AARON,Aaron Industries Limited, ,18/09/2024,24/09/2024,17/09/2024, , ,AGM/DIV - RE 1 PER SH    
EQ,MSTCLTD,MSTC Limited, ,11/09/2024,18/09/2024,10/09/2024, , ,AGM/DIV - RS 5 PER SH    
EQ,NIRAJ,Niraj Cement Struc Ltd, ,18/09/2024,26/09/2024,17/09/2024, , ,ANNUAL GENERAL MEETING   
EQ,DHANI,Dhani Services Limited, ,19/09/2024,25/09/2024,17/09/2024, , ,ANNUAL GENERAL MEETING   
EQ,BAFNAPH,Bafna Pharmaceuticals Ltd, ,19/09/2024,25/09/2024,17/09/2024, , ,ANNUAL GENERAL MEETING   
EQ,PPL,Prakash Pipes Limited, ,18/09/2024,20/09/2024,17/09/2024, , ,DIV - RS 1.80 PER SH     
EQ,TATVA,Tatva Chin Pharm Chem Ltd, ,07/09/2024,20/09/2024,06/09/2024, , ,ANNUAL GENERAL MEETING   
EQ,WINDLAS,Windlas Biotech Limited,17/09/2024, , ,17/09/2024, , ,DIV - RS 5.50 PER SH     
EQ,WINDLAS,Windlas Biotech Limited, ,18/09/2024,24/09/2024,17/09/2024, , ,ANNUAL GENERAL MEETING   
EQ,RVHL,Ravinder Heights Limited, ,19/09/2024,26/09/2024,17/09/2024, , ,ANNUAL GENERAL MEETING   
EQ,DRCSYSTEMS,DRC Systems India Limited, ,10/09/2024,17/09/2024,09/09/2024, , ,ANNUAL GENERAL MEETING   
EQ,PARAS,Paras Def and Spce Tech L, ,14/09/2024,20/09/2024,13/09/2024, , ,ANNUAL GENERAL MEETING   
EQ,AJOONI,Ajooni Biotech Limited, ,11/09/2024,17/09/2024,10/09/2024, , ,ANNUAL GENERAL MEETING   
EQ,FOODSIN,Foods & Inns Limited, ,16/09/2024,24/09/2024,13/09/2024, , ,AGM/DIV-RS 0.30 PER SH   
EQ,RPPL,Rajshree PolyPack Ltd,18/09/2024, , ,17/09/2024, , ,FVSPLT FRM RS 10 TO RS 5 
EQ,RKEC,RKEC Projects Limited, ,19/09/2024,26/09/2024,17/09/2024, , ,ANNUAL GENERAL MEETING   
EQ,KRSNAA,Krsnaa Diagnostics Ltd, ,14/09/2024,21/09/2024,13/09/2024, , ,ANNUAL GENERAL MEETING   
EQ,METROBRAND,Metro Brands Limited, ,13/09/2024,19/09/2024,12/09/2024, , ,ANNUAL GENERAL MEETING   
EQ,GRWRHITECH,Garware Hi-Tech Films Lim, ,18/09/2024,24/09/2024,17/09/2024, , ,ANNUAL GENERAL MEETING   
EQ,GRWRHITECH,Garware Hi-Tech Films Lim,17/09/2024, , ,17/09/2024, , ,DIV - RS 10 PER SH       
EQ,ELDEHSG,ELDECO HSG & IND LTD, ,13/09/2024,19/09/2024,12/09/2024, , ,ANNUAL GENERAL MEETING   
EQ,CHOICEIN,Choice International Ltd, ,15/09/2024,21/09/2024,13/09/2024, , ,ANNUAL GENERAL MEETING   
EQ,GMRP&UI,GMR Pow and Urban Infra L, ,06/09/2024,16/09/2024,05/09/2024, , ,ANNUAL GENERAL MEETING   
EQ,BBOX,Black Box Limited, ,19/09/2024,25/09/2024,17/09/2024, , ,ANNUAL GENERAL MEETING   
EQ,PAR,Par Drugs and Chem Ltd, ,14/09/2024,21/09/2024,13/09/2024, , ,ANNUAL GENERAL MEETING   
EQ,VENUSPIPES,Venus Pipes & Tubes Ltd,18/09/2024, , ,17/09/2024, , ,DIV - RE 0.50 PER SH     
EQ,ANURAS,Anupam Rasayan India Ltd,18/09/2024, , ,17/09/2024, , ,DIV - R 0.75 PER SH      
EQ,NITIRAJ,Nitiraj Engineers Ltd,17/09/2024, , ,17/09/2024, , ,DIV - RS 1.50 PER SH     
EQ,NITIRAJ,Nitiraj Engineers Ltd, ,18/09/2024,24/09/2024,17/09/2024, , ,ANNUAL GENERAL MEETING   
EQ,GATEWAY,Gateway Distriparks Ltd, ,08/09/2024,19/09/2024,06/09/2024, , ,ANNUAL GENERAL MEETING   
EQ,AMIORG,Ami Organics Limited, ,14/09/2024,20/09/2024,13/09/2024, , ,ANNUAL GENERAL MEETING   
EQ,VINEETLAB,Vineet Laboratories Ltd, ,19/09/2024,27/09/2024,17/09/2024, , ,ANNUAL GENERAL MEETING   
EQ,AKG,AKG Exim Limited, ,19/09/2024,25/09/2024,17/09/2024, , ,ANNUAL GENERAL MEETING   
EQ,SHAILY,Shaily Eng Plastics Ltd, ,15/09/2024,21/09/2024,13/09/2024, , ,AGM/DIV - RE 1 PER SH    
EQ,PARADEEP,Paradeep Phosphates Ltd,18/09/2024, , ,17/09/2024, , ,DIV - RE 0.50 PER SH     
EQ,AGI,HSIL Limited, ,12/09/2024,18/09/2024,11/09/2024, , ,AGM/DIV - RS 6 PER SH    
EQ,KPIGREEN,KPI Global Infra Ltd, ,18/09/2024,25/09/2024,17/09/2024, , ,ANNUAL GENERAL MEETING   
EQ,KANPRPLA,Kanpur Plastipack Limited, ,14/09/2024,20/09/2024,13/09/2024, , ,ANNUAL GENERAL MEETING   
EQ,MALLCOM,Mallcom (India) Limited, ,13/09/2024,19/09/2024,12/09/2024, , ,AGM/DIV - RS 3 PER SH    
EQ,INDOAMIN,Indo Amines Limited, ,18/09/2024,24/09/2024,17/09/2024, , ,AGM/DIV-RE 0.50 PER SH   
EQ,ABMINTLLTD,ABM International Ltd, ,13/09/2024,19/09/2024,12/09/2024, , ,ANNUAL GENERAL MEETING   
EQ,HARIOMPIPE,Hariom Pipe Industries L,16/09/2024, , ,13/09/2024, , ,DIV - RE 0.60 PER SH     
EQ,OSIAHYPER,Osia Hyper Retail Ltd, ,13/09/2024,19/09/2024,12/09/2024, , ,ANNUAL GENERAL MEETING   
EQ,SYRMA,Syrma SGS Technology Ltd, ,11/09/2024,17/09/2024,10/09/2024, , ,ANNUAL GENERAL MEETING   
EQ,DREAMFOLKS,Dreamfolks Services Ltd,17/09/2024, , ,17/09/2024, , ,DIV - RS 1.50 PER SH     
EQ,CARYSIL,Acrysil Limited, ,18/09/2024,24/09/2024,17/09/2024, , ,AGM/DIV - RS 2 PER SH    
EQ,POCL,Pondy Oxides & Chem Ltd, ,12/09/2024,18/09/2024,11/09/2024, , ,AGM/DIV - RS 5 PER SH    
EQ,SADHNANIQ,Sadhana Nitrochem Limited,18/09/2024, , ,17/09/2024, , ,DIV - RE 0.15 PER SH     
EQ,SADHNANIQ,Sadhana Nitrochem Limited, ,19/09/2024,25/09/2024,17/09/2024, , ,ANNUAL GENERAL MEETING   
EQ,LANDMARK,Landmark Cars Limited, ,14/09/2024,20/09/2024,13/09/2024, , ,ANNUAL GENERAL MEETING   
EQ,NARMADA,Narmada Agrobase Limited,16/09/2024, , ,13/09/2024, , ,RIGHTS 9:5 @ PRM RS 5/-  
EQ,ZAGGLE,Zaggle Prepa Ocean Ser L, ,19/09/2024,25/09/2024,17/09/2024, , ,ANNUAL GENERAL MEETING   
EQ,LORDSCHLO,Lords Chloro Alkali Ltd, ,17/09/2024,23/09/2024,13/09/2024, , ,ANNUAL GENERAL MEETING   
EQ,BLUEJET,Blue Jet Healthcare Ltd, ,19/09/2024,25/09/2024,17/09/2024, , ,ANNUAL GENERAL MEETING   
EQ,BLUEJET,Blue Jet Healthcare Ltd,18/09/2024, , ,17/09/2024, , ,DIV - RE 1 PER SH        
EQ,LOYALTEX,Loyal Textile Mills Ltd, ,17/09/2024,23/09/2024,13/09/2024, , ,ANNUAL GENERAL MEETING   
EQ,AMNPLST,Amines & Plasticizers Ltd, ,14/09/2024,27/09/2024,13/09/2024, , ,ANNUAL GENERAL MEETING   
EQ,CSLFINANCE,CSL Finance Limited, ,15/09/2024,21/09/2024,13/09/2024, , ,AGM/DIV-RS 2.50 PER SH   
EQ,BLAL,BEML Land Assets Limited, ,10/09/2024,16/09/2024,09/09/2024, , ,ANNUAL GENERAL MEETING   
EQ,SCILAL,Shipping Corp of ILA Ltd, ,07/09/2024,20/09/2024,06/09/2024, , ,ANNUAL GENERAL MEETING   
EQ,DOMS,DOMS Industries Limited,16/09/2024, , ,13/09/2024, , ,DIV - RS 2.50 PER SH     
EQ,JUNIPER,Juniper Hotels Limited, ,13/09/2024,19/09/2024,12/09/2024, , ,ANNUAL GENERAL MEETING   
EQ,FEDFINA,Fedbank Financial Ser L, ,14/09/2024,19/09/2024,13/09/2024, , ,ANNUAL GENERAL MEETING   
EQ,TPHQ,GI Engineering Solutions, ,19/09/2024,25/09/2024,17/09/2024, , ,ANNUAL GENERAL MEETING   
EQ,LTFOODS,LT Foods Limited, ,19/09/2024,26/09/2024,17/09/2024, , ,AGM/DIV - RE 1 PER SH    
EQ,NOVAAGRI,Nova Agritech Limited, ,13/09/2024,20/09/2024,12/09/2024, , ,ANNUAL GENERAL MEETING   
GB,SGBSEP24,2.75% GOLDBONDS2024Tr-V,26/09/2024, , , , , ,REDEMPTION               
GS,GS200924C,GOI STRIPS C 200924,18/09/2024, , , , , ,REDEMPTION               
N1,SDIP,Summit Dig 7.89% 2029,16/09/2024, , ,13/09/2024, , ,INTEREST PAYMENT         
N2,NHAI,BOND 8.30% PA Tax Free S2,16/09/2024, , ,13/09/2024, , ,INTEREST PAYMENT         
N4,IIFLSAMFIN,Sec Re NCD 10.03% Sr 5,16/09/2024, , ,13/09/2024, , ,INTEREST PAYMENT         
N5,ERFLNCDI,Sec Red NCD 8.88% Sr. V,17/09/2024, , ,17/09/2024, , ,INTEREST PAYMENT         
N7,IIFLSAMFIN,IIFL Samasta 10.77% 2030,18/09/2024, , ,17/09/2024, , ,INTEREST PAYMENT         
N8,920IIFLS26,Sec Re NCD 9.20% Sr I,16/09/2024, , ,13/09/2024, , ,INTEREST PAYMENT         
N8,SAMMAANCAP,Sec Red NCD 8.65% Sr. V,18/09/2024, , ,17/09/2024, , ,INTEREST PAYMENT         
NA,957IIFLS27,Sec Re NCD 9.57% Sr III,16/09/2024, , ,13/09/2024, , ,INTEREST PAYMENT         
NB,NHAI,Tax Free 7.04% Sr. IA,16/09/2024, , ,13/09/2024, , ,INTEREST PAYMENT         
NC,IIFL,IIFL Finance Limited,17/09/2024, , ,17/09/2024, , ,INTEREST PAYMENT         
NC,NHAI,Tax Free 7.29% Sr. IB,16/09/2024, , ,13/09/2024, , ,INTEREST PAYMENT         
NC,1003IIFL29,Sec Re NCD 10.03% Sr V,16/09/2024, , ,13/09/2024, , ,INTEREST PAYMENT         
NC,SAMMAANCAP,Uns Red NCD 8.79% Sr.VIII,18/09/2024, , ,17/09/2024, , ,INTEREST PAYMENT         
ND,NHAI,Tax Free 7.39% Sr. IIA,16/09/2024, , ,13/09/2024, , ,INTEREST PAYMENT         
NE,NHAI,Tax Free 7.69% Sr. IIB,16/09/2024, , ,13/09/2024, , ,INTEREST PAYMENT         
NF,IIFL,IIFL Finance Limited,17/09/2024, , ,17/09/2024, , ,INTEREST PAYMENT         
NH,IBUCCREDIT,Sec Re NCD 9.40% Sr.III,17/09/2024, , ,17/09/2024, , ,INTEREST PAYMENT         
NJ,ECLFINANCE,Sec Red NCD 9.43% Sr. VI,16/09/2024, , ,13/09/2024, , ,INTEREST PAYMENT         
NK,IBUCCREDIT,Sec Re NCD 9.61% Sr.VI,17/09/2024, , ,17/09/2024, , ,INTEREST PAYMENT         
NL,IIFL,IIFL Finance Limited,17/09/2024, , ,17/09/2024, , ,INTEREST PAYMENT         
NN,IBUCCREDIT,Sec Re NCD 9.40% Sr.VIII,17/09/2024, , ,17/09/2024, , ,INTEREST PAYMENT         
NO,IBUCCREDIT,Sec Re NCD 9.85% Sr.VIII,17/09/2024, , ,17/09/2024, , ,INTEREST PAYMENT         
NR,ECLFINANCE,ECL Finance Limited,16/09/2024, , ,13/09/2024, , ,INTEREST PAYMENT         
NS,IIFL,IIFL Finance Limited,17/09/2024, , ,17/09/2024, , ,INTEREST PAYMENT         
NZ,IIFL,IIFL Finance Limited,17/09/2024, , ,17/09/2024, , ,INTEREST PAYMENT         
SG,568MH24,SDL MH 5.68% 2024,20/09/2024, , , , , ,REDEMPTION               
SG,575AP24,SDL AP 5.75% 2024,26/09/2024, , , , , ,REDEMPTION               
SG,579KL24,SDL KL 5.79% 2024,26/09/2024, , , , , ,REDEMPTION               
SM,K2INFRA,K2 Infragen Limited, ,19/09/2024,25/09/2024,17/09/2024, , ,ANNUAL GENERAL MEETING   
SM,ASHALOG,Ashapura Logistics Ltd, ,19/09/2024,25/09/2024,17/09/2024, , ,ANNUAL GENERAL MEETING   
SM,PRLIND,Premier Roadlines Limited, ,11/09/2024,18/09/2024,10/09/2024, , ,ANNUAL GENERAL MEETING   
SM,HOACFOODS,Hoac Foods India Limited, ,19/09/2024,25/09/2024,17/09/2024, , ,ANNUAL GENERAL MEETING   
SM,GPECO,GP Eco Solutions India L, ,16/09/2024,23/09/2024,13/09/2024, , ,ANNUAL GENERAL MEETING   
SM,INM,Interiors & More Limited, ,15/09/2024,21/09/2024,13/09/2024, , ,ANNUAL GENERAL MEETING   
SM,BAWEJA,Baweja Studios Limited, ,19/09/2024,25/09/2024,17/09/2024, , ,ANNUAL GENERAL MEETING   
SM,DEEM,Deem Roll Tech Limited, ,13/09/2024,19/09/2024,12/09/2024, , ,ANNUAL GENERAL MEETING   
SM,SHAIVAL,Shaival Reality Limited, ,13/09/2024,20/09/2024,12/09/2024, , ,ANNUAL GENERAL MEETING   
SM,MILTON,Milton Industries Limited, ,18/09/2024,30/09/2024,17/09/2024, , ,ANNUAL GENERAL MEETING   
SM,INNOVATIVE,Innovative Tyres & Tubes, ,11/09/2024,23/09/2024,10/09/2024, , ,ANNUAL GENERAL MEETING   
SM,OMFURN,Omfurn India Limited, ,14/09/2024,21/09/2024,13/09/2024, , ,ANNUAL GENERAL MEETING   
SM,GICL,Globe Intl Carriers Ltd, ,13/09/2024,19/09/2024,12/09/2024, , ,ANNUAL GENERAL MEETING   
SM,PROLIFE,Prolife Industries Ltd, ,17/09/2024,23/09/2024,13/09/2024, , ,AGM/DIV - RE 0.5 PER SH  
SM,MAHICKRA,Mahickra Chemical Limited, ,14/09/2024,21/09/2024,13/09/2024, , ,ANNUAL GENERAL MEETING   
SM,ABINFRA,A B Infrabuild Limited, ,12/09/2024,17/09/2024,11/09/2024, , ,ANNUAL GENERAL MEETING   
SM,TIMESCAN,Timescan Logistics Ind L, ,19/09/2024,25/09/2024,17/09/2024, , ,ANNUAL GENERAL MEETING   
SM,BEWLTD,BEW Engineering Limited, ,18/09/2024,24/09/2024,17/09/2024, , ,ANNUAL GENERAL MEETING   
SM,AGARWALFT,Agarwal Float Glass I Ltd, ,18/09/2024,25/09/2024,17/09/2024, , ,ANNUAL GENERAL MEETING   
SM,KDL,Kore Digital Limited, ,18/09/2024,24/09/2024,17/09/2024, , ,ANNUAL GENERAL MEETING   
SM,JFLLIFE,JFL Life Sciences Limited,16/09/2024, , ,13/09/2024, , ,DIV - RE 0.25 PER SH     
SM,GLOBALPET,Global Pet Industries Ltd, ,18/09/2024,24/09/2024,17/09/2024, , ,ANNUAL GENERAL MEETING   
SM,MAGSON,Magson Retail And Dist L,18/09/2024, , ,17/09/2024, , ,DIV - RE 0.40 PER SH     
SM,MAKS,Maks Energy Sol India Ltd, ,19/09/2024,25/09/2024,17/09/2024, , ,ANNUAL GENERAL MEETING   
SM,CLSL,Crop Life Science Limited, ,15/09/2024,21/09/2024,13/09/2024, , ,ANNUAL GENERAL MEETING   
SM,SPECTSTM,Spectrum Talent Mgmt Ltd, ,18/09/2024,24/09/2024,17/09/2024, , ,ANNUAL GENERAL MEETING   
SM,SHANTHALA,Shanthala FMCG Products L, ,12/09/2024,19/09/2024,11/09/2024, , ,ANNUAL GENERAL MEETING   
SM,MICROPRO,Micropro Software Sol L, ,13/09/2024,20/09/2024,12/09/2024, , ,ANNUAL GENERAL MEETING   
SM,RADIOWALLA,Radiowalla Network Ltd, ,19/09/2024,25/09/2024,17/09/2024, , ,ANNUAL GENERAL MEETING   
SM,VIVIANA,Viviana Power Tech Ltd, ,18/09/2024,25/09/2024,17/09/2024, , ,ANNUAL GENERAL MEETING   
SM,MAITREYA,Maitreya Medicare Limited, ,18/09/2024,24/09/2024,17/09/2024, , ,ANNUAL GENERAL MEETING   
SM,SAIFL,Sameera Agro And Infra L, ,18/09/2024,25/09/2024,17/09/2024, , ,ANNUAL GENERAL MEETING   
SQ,VIVIANA,Viviana Power Tech Ltd, ,18/09/2024,25/09/2024,17/09/2024, , ,ANNUAL GENERAL MEETING   
SQ,MAITREYA,Maitreya Medicare Limited, ,18/09/2024,24/09/2024,17/09/2024, , ,ANNUAL GENERAL MEETING   
SQ,SAIFL,Sameera Agro And Infra L, ,18/09/2024,25/09/2024,17/09/2024, , ,ANNUAL GENERAL MEETING   
SQ,RADIOWALLA,Radiowalla Network Ltd, ,19/09/2024,25/09/2024,17/09/2024, , ,ANNUAL GENERAL MEETING   
SQ,K2INFRA,K2 Infragen Limited, ,19/09/2024,25/09/2024,17/09/2024, , ,ANNUAL GENERAL MEETING   
SQ,ASHALOG,Ashapura Logistics Ltd, ,19/09/2024,25/09/2024,17/09/2024, , ,ANNUAL GENERAL MEETING   
SQ,PRLIND,Premier Roadlines Limited, ,11/09/2024,18/09/2024,10/09/2024, , ,ANNUAL GENERAL MEETING   
SQ,HOACFOODS,Hoac Foods India Limited, ,19/09/2024,25/09/2024,17/09/2024, , ,ANNUAL GENERAL MEETING   
SQ,GPECO,GP Eco Solutions India L, ,16/09/2024,23/09/2024,13/09/2024, , ,ANNUAL GENERAL MEETING   
SQ,INM,Interiors & More Limited, ,15/09/2024,21/09/2024,13/09/2024, , ,ANNUAL GENERAL MEETING   
SQ,BAWEJA,Baweja Studios Limited, ,19/09/2024,25/09/2024,17/09/2024, , ,ANNUAL GENERAL MEETING   
SQ,DEEM,Deem Roll Tech Limited, ,13/09/2024,19/09/2024,12/09/2024, , ,ANNUAL GENERAL MEETING   
SQ,SHAIVAL,Shaival Reality Limited, ,13/09/2024,20/09/2024,12/09/2024, , ,ANNUAL GENERAL MEETING   
SQ,MILTON,Milton Industries Limited, ,18/09/2024,30/09/2024,17/09/2024, , ,ANNUAL GENERAL MEETING   
SQ,INNOVATIVE,Innovative Tyres & Tubes, ,11/09/2024,23/09/2024,10/09/2024, , ,ANNUAL GENERAL MEETING   
SQ,OMFURN,Omfurn India Limited, ,14/09/2024,21/09/2024,13/09/2024, , ,ANNUAL GENERAL MEETING   
SQ,GICL,Globe Intl Carriers Ltd, ,13/09/2024,19/09/2024,12/09/2024, , ,ANNUAL GENERAL MEETING   
SQ,PROLIFE,Prolife Industries Ltd, ,17/09/2024,23/09/2024,13/09/2024, , ,AGM/DIV - RE 0.5 PER SH  
SQ,MAHICKRA,Mahickra Chemical Limited, ,14/09/2024,21/09/2024,13/09/2024, , ,ANNUAL GENERAL MEETING   
SQ,ABINFRA,A B Infrabuild Limited, ,12/09/2024,17/09/2024,11/09/2024, , ,ANNUAL GENERAL MEETING   
SQ,TIMESCAN,Timescan Logistics Ind L, ,19/09/2024,25/09/2024,17/09/2024, , ,ANNUAL GENERAL MEETING   
SQ,BEWLTD,BEW Engineering Limited, ,18/09/2024,24/09/2024,17/09/2024, , ,ANNUAL GENERAL MEETING   
SQ,AGARWALFT,Agarwal Float Glass I Ltd, ,18/09/2024,25/09/2024,17/09/2024, , ,ANNUAL GENERAL MEETING   
SQ,KDL,Kore Digital Limited, ,18/09/2024,24/09/2024,17/09/2024, , ,ANNUAL GENERAL MEETING   
SQ,JFLLIFE,JFL Life Sciences Limited,16/09/2024, , ,13/09/2024, , ,DIV - RE 0.25 PER SH     
SQ,GLOBALPET,Global Pet Industries Ltd, ,18/09/2024,24/09/2024,17/09/2024, , ,ANNUAL GENERAL MEETING   
SQ,MAGSON,Magson Retail And Dist L,18/09/2024, , ,17/09/2024, , ,DIV - RE 0.40 PER SH     
SQ,MAKS,Maks Energy Sol India Ltd, ,19/09/2024,25/09/2024,17/09/2024, , ,ANNUAL GENERAL MEETING   
SQ,CLSL,Crop Life Science Limited, ,15/09/2024,21/09/2024,13/09/2024, , ,ANNUAL GENERAL MEETING   
SQ,SPECTSTM,Spectrum Talent Mgmt Ltd, ,18/09/2024,24/09/2024,17/09/2024, , ,ANNUAL GENERAL MEETING   
SQ,SHANTHALA,Shanthala FMCG Products L, ,12/09/2024,19/09/2024,11/09/2024, , ,ANNUAL GENERAL MEETING   
SQ,MICROPRO,Micropro Software Sol L, ,13/09/2024,20/09/2024,12/09/2024, , ,ANNUAL GENERAL MEETING   
ST,VIVIANA,Viviana Power Tech Ltd, ,18/09/2024,25/09/2024,17/09/2024, , ,ANNUAL GENERAL MEETING   
ST,MICROPRO,Micropro Software Sol L, ,13/09/2024,20/09/2024,12/09/2024, , ,ANNUAL GENERAL MEETING   
ST,SAIFL,Sameera Agro And Infra L, ,18/09/2024,25/09/2024,17/09/2024, , ,ANNUAL GENERAL MEETING   
ST,RADIOWALLA,Radiowalla Network Ltd, ,19/09/2024,25/09/2024,17/09/2024, , ,ANNUAL GENERAL MEETING   
ST,K2INFRA,K2 Infragen Limited, ,19/09/2024,25/09/2024,17/09/2024, , ,ANNUAL GENERAL MEETING   
ST,ASHALOG,Ashapura Logistics Ltd, ,19/09/2024,25/09/2024,17/09/2024, , ,ANNUAL GENERAL MEETING   
ST,PRLIND,Premier Roadlines Limited, ,11/09/2024,18/09/2024,10/09/2024, , ,ANNUAL GENERAL MEETING   
ST,HOACFOODS,Hoac Foods India Limited, ,19/09/2024,25/09/2024,17/09/2024, , ,ANNUAL GENERAL MEETING   
ST,GPECO,GP Eco Solutions India L, ,16/09/2024,23/09/2024,13/09/2024, , ,ANNUAL GENERAL MEETING   
ST,INM,Interiors & More Limited, ,15/09/2024,21/09/2024,13/09/2024, , ,ANNUAL GENERAL MEETING   
ST,BAWEJA,Baweja Studios Limited, ,19/09/2024,25/09/2024,17/09/2024, , ,ANNUAL GENERAL MEETING   
ST,DEEM,Deem Roll Tech Limited, ,13/09/2024,19/09/2024,12/09/2024, , ,ANNUAL GENERAL MEETING   
ST,SHAIVAL,Shaival Reality Limited, ,13/09/2024,20/09/2024,12/09/2024, , ,ANNUAL GENERAL MEETING   
ST,MILTON,Milton Industries Limited, ,18/09/2024,30/09/2024,17/09/2024, , ,ANNUAL GENERAL MEETING   
ST,INNOVATIVE,Innovative Tyres & Tubes, ,11/09/2024,23/09/2024,10/09/2024, , ,ANNUAL GENERAL MEETING   
ST,OMFURN,Omfurn India Limited, ,14/09/2024,21/09/2024,13/09/2024, , ,ANNUAL GENERAL MEETING   
ST,GICL,Globe Intl Carriers Ltd, ,13/09/2024,19/09/2024,12/09/2024, , ,ANNUAL GENERAL MEETING   
ST,PROLIFE,Prolife Industries Ltd, ,17/09/2024,23/09/2024,13/09/2024, , ,AGM/DIV - RE 0.5 PER SH  
ST,MAHICKRA,Mahickra Chemical Limited, ,14/09/2024,21/09/2024,13/09/2024, , ,ANNUAL GENERAL MEETING   
ST,ABINFRA,A B Infrabuild Limited, ,12/09/2024,17/09/2024,11/09/2024, , ,ANNUAL GENERAL MEETING   
ST,TIMESCAN,Timescan Logistics Ind L, ,19/09/2024,25/09/2024,17/09/2024, , ,ANNUAL GENERAL MEETING   
ST,BEWLTD,BEW Engineering Limited, ,18/09/2024,24/09/2024,17/09/2024, , ,ANNUAL GENERAL MEETING   
ST,KDL,Kore Digital Limited, ,18/09/2024,24/09/2024,17/09/2024, , ,ANNUAL GENERAL MEETING   
ST,JFLLIFE,JFL Life Sciences Limited,16/09/2024, , ,13/09/2024, , ,DIV - RE 0.25 PER SH     
ST,GLOBALPET,Global Pet Industries Ltd, ,18/09/2024,24/09/2024,17/09/2024, , ,ANNUAL GENERAL MEETING   
ST,AGARWALFT,Agarwal Float Glass I Ltd, ,18/09/2024,25/09/2024,17/09/2024, , ,ANNUAL GENERAL MEETING   
ST,MAGSON,Magson Retail And Dist L,18/09/2024, , ,17/09/2024, , ,DIV - RE 0.40 PER SH     
ST,MAKS,Maks Energy Sol India Ltd, ,19/09/2024,25/09/2024,17/09/2024, , ,ANNUAL GENERAL MEETING   
ST,CLSL,Crop Life Science Limited, ,15/09/2024,21/09/2024,13/09/2024, , ,ANNUAL GENERAL MEETING   
ST,SPECTSTM,Spectrum Talent Mgmt Ltd, ,18/09/2024,24/09/2024,17/09/2024, , ,ANNUAL GENERAL MEETING   
ST,SHANTHALA,Shanthala FMCG Products L, ,12/09/2024,19/09/2024,11/09/2024, , ,ANNUAL GENERAL MEETING   
ST,MAITREYA,Maitreya Medicare Limited, ,18/09/2024,24/09/2024,17/09/2024, , ,ANNUAL GENERAL MEETING   
U1,SDIP,Summit Dig 7.89% 2029,16/09/2024, , ,13/09/2024, , ,INTEREST PAYMENT         
U2,NHAI,BOND 8.30% PA Tax Free S2,16/09/2024, , ,13/09/2024, , ,INTEREST PAYMENT         
U4,IIFLSAMFIN,Sec Re NCD 10.03% Sr 5,16/09/2024, , ,13/09/2024, , ,INTEREST PAYMENT         
U5,ERFLNCDI,Sec Red NCD 8.88% Sr. V,17/09/2024, , ,17/09/2024, , ,INTEREST PAYMENT         
U7,IIFLSAMFIN,IIFL Samasta 10.77% 2030,18/09/2024, , ,17/09/2024, , ,INTEREST PAYMENT         
U8,920IIFLS26,Sec Re NCD 9.20% Sr I,16/09/2024, , ,13/09/2024, , ,INTEREST PAYMENT         
U8,SAMMAANCAP,Sec Red NCD 8.65% Sr. V,18/09/2024, , ,17/09/2024, , ,INTEREST PAYMENT         
UA,957IIFLS27,Sec Re NCD 9.57% Sr III,16/09/2024, , ,13/09/2024, , ,INTEREST PAYMENT         
UB,NHAI,Tax Free 7.04% Sr. IA,16/09/2024, , ,13/09/2024, , ,INTEREST PAYMENT         
UC,IIFL,IIFL Finance Limited,17/09/2024, , ,17/09/2024, , ,INTEREST PAYMENT         
UC,NHAI,Tax Free 7.29% Sr. IB,16/09/2024, , ,13/09/2024, , ,INTEREST PAYMENT         
UC,1003IIFL29,Sec Re NCD 10.03% Sr V,16/09/2024, , ,13/09/2024, , ,INTEREST PAYMENT         
UC,SAMMAANCAP,Uns Red NCD 8.79% Sr.VIII,18/09/2024, , ,17/09/2024, , ,INTEREST PAYMENT         
UD,NHAI,Tax Free 7.39% Sr. IIA,16/09/2024, , ,13/09/2024, , ,INTEREST PAYMENT         
UE,NHAI,Tax Free 7.69% Sr. IIB,16/09/2024, , ,13/09/2024, , ,INTEREST PAYMENT         
UF,IIFL,IIFL Finance Limited,17/09/2024, , ,17/09/2024, , ,INTEREST PAYMENT         
UH,IBUCCREDIT,Sec Re NCD 9.40% Sr.III,17/09/2024, , ,17/09/2024, , ,INTEREST PAYMENT         
UJ,ECLFINANCE,Sec Red NCD 9.43% Sr. VI,16/09/2024, , ,13/09/2024, , ,INTEREST PAYMENT         
UK,IBUCCREDIT,Sec Re NCD 9.61% Sr.VI,17/09/2024, , ,17/09/2024, , ,INTEREST PAYMENT         
UL,IIFL,IIFL Finance Limited,17/09/2024, , ,17/09/2024, , ,INTEREST PAYMENT         
UN,IBUCCREDIT,Sec Re NCD 9.40% Sr.VIII,17/09/2024, , ,17/09/2024, , ,INTEREST PAYMENT         
UO,IBUCCREDIT,Sec Re NCD 9.85% Sr.VIII,17/09/2024, , ,17/09/2024, , ,INTEREST PAYMENT         
UR,ECLFINANCE,ECL Finance Limited,16/09/2024, , ,13/09/2024, , ,INTEREST PAYMENT         
US,IIFL,IIFL Finance Limited,17/09/2024, , ,17/09/2024, , ,INTEREST PAYMENT         
UZ,IIFL,IIFL Finance Limited,17/09/2024, , ,17/09/2024, , ,INTEREST PAYMENT         

