GAIN_LOSS,SECURITY,CLOSE_PRIC,PREV_CL_PR,PERCENT_CG
 ,Nifty 50 Sec., , , 
 , , , , 
G,NTPC LTD,       411.10,       401.40,2.42
G,HINDALCO  INDUSTRIES  LTD,       685.15,       673.25,1.77
G,JSW STEEL LIMITED,       971.00,       954.55,1.72
G,SHRIRAM FINANCE LIMITED,      3418.95,      3368.25,1.51
G,LARSEN & TOUBRO LTD.,      3662.25,      3613.00,1.36
G,AXIS BANK LIMITED,      1231.05,      1217.45,1.12
G,ICICI BANK LTD.,      1262.85,      1250.35,1
G,EICHER MOTORS LTD,      4899.20,      4858.30,.84
G,NESTLE INDIA LIMITED,      2549.60,      2531.40,.72
G,TATA CONSUMER PRODUCT LTD,      1218.50,      1210.30,.68
G,MAHINDRA & MAHINDRA LTD,      2757.40,      2739.10,.67
G,COAL INDIA LTD,       493.25,       490.25,.61
G,KOTAK MAHINDRA BANK LTD,      1831.30,      1820.35,.6
G,ADANI ENTERPRISES LIMITED,      2984.90,      2968.35,.56
G,SUN PHARMACEUTICAL IND L,      1862.95,      1853.75,.5
G,TATA STEEL LIMITED,       154.21,       153.49,.47
G,INDUSIND BANK LIMITED,      1470.20,      1464.05,.42
G,OIL AND NATURAL GAS CORP.,       292.50,       291.45,.36
G,INFOSYS LIMITED,      1950.25,      1944.10,.32
G,HDFC BANK LTD,      1670.95,      1665.95,.3
G,POWER GRID CORP. LTD.,       338.25,       337.25,.3
G,WIPRO LTD,       551.90,       550.60,.24
G,APOLLO HOSPITALS ENTER. L,      7031.35,      7019.15,.17
G,LTIMINDTREE LIMITED,      6423.45,      6416.20,.11
G,BHARTI AIRTEL LIMITED,      1635.45,      1634.45,.06
 , , , , 
L,BAJAJ FINANCE LIMITED,      7345.75,      7598.50,-3.33
L,HINDUSTAN UNILEVER LTD.,      2867.10,      2932.95,-2.25
L,BAJAJ FINSERV LTD.,      1857.60,      1894.45,-1.95
L,SBI LIFE INSURANCE CO LTD,      1821.25,      1846.50,-1.37
L,BRITANNIA INDUSTRIES LTD,      6063.00,      6133.10,-1.14
L,ADANI PORT & SEZ LTD,      1440.70,      1452.10,-0.79
L,TITAN COMPANY LIMITED,      3740.65,      3767.00,-0.7
L,GRASIM INDUSTRIES LTD,      2765.30,      2784.35,-0.68
L,STATE BANK OF INDIA,       785.55,       790.85,-0.67
L,ASIAN PAINTS LIMITED,      3335.80,      3358.05,-0.66
L,ULTRATECH CEMENT LIMITED,     11642.65,     11717.95,-0.64
L,HDFC LIFE INS CO LTD,       701.35,       705.40,-0.57
L,ITC LTD,       511.10,       513.85,-0.54
L,BHARAT PETROLEUM CORP  LT,       340.65,       342.30,-0.48
L,TECH MAHINDRA LIMITED,      1649.00,      1656.05,-0.43
L,BAJAJ AUTO LIMITED,     11688.35,     11737.15,-0.42
L,TATA MOTORS LIMITED,       988.40,       992.10,-0.37
L,DIVI S LABORATORIES LTD,      5479.35,      5498.65,-0.35
L,HERO MOTOCORP LIMITED,      5779.45,      5795.80,-0.28
L,MARUTI SUZUKI INDIA LTD.,     12289.00,     12316.05,-0.22
L,TATA CONSULTANCY SERV LT,      4513.25,      4522.60,-0.21
L,DR. REDDY S LABORATORIES,      6647.10,      6660.70,-0.2
L,RELIANCE INDUSTRIES LTD,      2942.70,      2945.25,-0.09
L,HCL TECHNOLOGIES LTD,      1811.85,      1812.80,-0.05
L,CIPLA LTD,      1659.40,      1659.70,-0.02
 , , , , 
 ,Nifty Next 50 Sec., , , 
 , , , , 
G,ADANI GREEN ENERGY LTD,      1930.80,      1788.20,7.97
G,ADANI POWER LTD,       665.95,       633.45,5.13
G,INFO EDGE (I) LTD,      7903.80,      7729.05,2.26
G,MARICO LIMITED,       695.20,       681.95,1.94
G,ZOMATO LIMITED,       277.70,       272.90,1.76
G,SAMVRDHNA MTHRSN INTL LTD,       193.79,       190.49,1.73
G,TRENT LTD,      7318.80,      7233.15,1.18
G,JINDAL STEEL & POWER LTD,      1043.10,      1031.10,1.16
G,COLGATE PALMOLIVE LTD.,      3664.15,      3624.75,1.09
G,ABB INDIA LIMITED,      7765.20,      7684.40,1.05
G,ADANI TOTAL GAS LIMITED,       806.75,       800.75,0.75
G,TVS MOTOR COMPANY  LTD,      2841.75,      2828.65,0.46
G,BERGER PAINTS (I) LTD,       625.15,       622.65,0.4
G,TATA POWER CO LTD,       443.35,       441.80,0.35
G,AVENUE SUPERMARTS LIMITED,      5204.80,      5187.05,0.34
G,CANARA BANK,       106.69,       106.39,0.28
G,BAJAJ HOLDINGS & INVS LTD,     10400.00,     10371.30,0.28
G,BHARAT ELECTRONICS LTD,       290.40,       289.95,0.16
G,INTERGLOBE AVIATION LTD,      4947.10,      4942.35,0.1
G,HAVELLS INDIA LIMITED,      1989.90,      1988.05,0.09
G,DABUR INDIA LTD,       661.35,       660.90,0.07
G,TORRENT PHARMACEUTICALS L,      3453.90,      3451.70,0.06
G,SIEMENS LTD,      6712.80,      6710.25,0.04
 , , , , 
L,VARUN BEVERAGES LIMITED,       621.05,       646.65,-3.96
L,GODREJ CONSUMER PRODUCTS,      1456.35,      1491.30,-2.34
L,INDIAN RAILWAY FIN CORP L,       163.96,       167.25,-1.97
L,VEDANTA LIMITED,       446.30,       454.05,-1.71
L,POWER FIN CORP LTD.,       491.05,       499.50,-1.69
L,REC LIMITED,       560.70,       567.70,-1.23
L,SRF LTD,      2436.90,      2466.40,-1.2
L,HINDUSTAN AERONAUTICS LTD,      4597.35,      4644.95,-1.02
L,SHREE CEMENT LIMITED,     25619.40,     25883.10,-1.02
L,BOSCH LIMITED,     34037.00,     34343.15,-0.89
L,JIO FIN SERVICES LTD,       348.80,       351.90,-0.88
L,INDIAN OIL CORP LTD,       171.82,       173.19,-0.79
L,ICICI PRU LIFE INS CO LTD,       749.90,       755.25,-0.71
L,ICICI LOMBARD GIC LIMITED,      2094.90,      2109.25,-0.68
L,CHOLAMANDALAM IN & FIN CO,      1564.75,      1574.50,-0.62
L,SBI CARDS & PAY SER LTD,       800.50,       805.20,-0.58
L,LIFE INSURA CORP OF INDIA,      1028.15,      1034.15,-0.58
L,GAIL (INDIA) LTD,       217.83,       218.87,-0.48
L,AMBUJA CEMENTS LTD,       627.30,       629.60,-0.37
L,ADANI ENERGY SOLUTION LTD,       980.50,       983.30,-0.28
L,PUNJAB NATIONAL BANK,       110.81,       111.11,-0.27
L,ZYDUS LIFESCIENCES LTD,      1115.85,      1118.55,-0.24
L,DLF LIMITED,       862.10,       863.60,-0.17
L,PIDILITE INDUSTRIES LTD,      3304.75,      3310.00,-0.16
L,BANK OF BARODA,       239.15,       239.45,-0.13
L,INDIAN RAIL TOUR CORP LTD,       935.75,       936.90,-0.12
 , , , , 
 ,OTHER SECURITIES, , , 
 , , , , 
G,AARTI SURFACTANTS LIMITED,       767.60,       639.70,19.99
G,KOHINOOR FOODS LIMITED,        46.83,        39.03,19.98
G,AARTI SURFACTANTS LIMITED,       227.95,       190.00,19.97
G,DOLLEX AGROTECH LIMITED,        44.25,        36.95,19.76
G,DANGEE DUMS LIMITED,         8.32,         6.96,19.54
G,OSWAL GREENTECH LIMITED,        66.31,        56.00,18.41
G,TFB 7.37% 2035 SR. 3A,      1323.00,      1118.00,18.34
G,BSE LIMITED,      3431.80,      2902.70,18.23
G,UNITED POLYFAB GUJ. LTD.,       102.54,        86.86,18.05
G,KANORIA CHEMICALS & INDUS,       172.50,       148.11,16.47
G,BIOFIL CHEM & PHARMA LTD,        88.54,        77.08,14.87
G,JIWANRAM SHEODUTTRA IND L,        16.20,        14.25,13.68
G,NINTEC SYSTEMS LIMITED,       662.80,       588.05,12.71
G,GODFREY PHILLIPS INDIA LT,      8235.45,      7316.80,12.56
G,BTRFLY GANDHI APPL LTD,      1175.95,      1046.90,12.33
G,PRIZOR VIZTECH LIMITED,       170.35,       151.90,12.15
G,PRECISION METALIKS LTD,        66.70,        59.80,11.54
G,BANG OVERSEAS LTD.,        65.57,        59.32,10.54
G,G M BREWERIES LTD,       986.30,       892.50,10.51
G,KRITI INDUSTRIES IND LTD,       238.81,       217.10,10
G,ENERGY MISSION MACH IND L,       528.65,       480.60,10
G,MANAKSIA STEELS LTD,        62.42,        56.75,9.99
G,DRS DILIP ROADLINES LTD.,       119.60,       108.75,9.98
G,HCL INFOSYSTEMS LTD,        18.87,        17.16,9.97
G,CHAMAN METALLICS LIMITED,       129.70,       118.00,9.92
G,INTL CONVEYORS LIMITED,        93.07,        84.76,9.8
G,ARIHANT CAPITAL MKTS LTD,       117.44,       106.98,9.78
G,9.40 % SRNCD TR II SR III,      1140.60,      1039.05,9.77
G,LORENZINI APPARELS LTD,        32.68,        29.84,9.52
G,PRESSTONIC ENGINEERING L,       141.65,       129.35,9.51
 , , , , 
L,8.67% SEC RED BOND S3A,      1410.00,      1575.80,-10.52
L,SPORTKING INDIA LIMITED,       132.95,       147.30,-9.74
L,POSITRON ENERGY LIMITED,       444.05,       489.45,-9.28
L,KDDL LIMITED,      3194.60,      3486.05,-8.36
L,INDIA SHELTER FIN CORP L,       732.90,       791.70,-7.43
L,SUNREST LIFESCIENCE LTD,        60.00,        64.40,-6.83
L,SEC RE NCD 10.50% SR.VII,       904.01,       970.00,-6.8
L,NECTAR LIFESCIENCES LTD.,        48.88,        52.42,-6.75
L,PNB HOUSING FIN LTD.,      1061.50,      1137.05,-6.64
L,LIC HOUSING FINANCE LTD,       680.75,       723.30,-5.88
L,E FACTOR EXPERIENCES LTD,       247.95,       263.35,-5.85
L,AESTHETIK ENGINEERS LTD,        75.90,        80.55,-5.77
L,KANDARP DG SMART BPO LTD,        41.50,        43.95,-5.57
L,D K ENTERPRISES GLOBAL L,        72.75,        77.00,-5.52
L,NEWJAISA TECHNOLOGIES LTD,       100.15,       105.90,-5.43
L,SEC RE NCD 9.85% SR.VIII,       875.00,       925.00,-5.41
L,RANE HOLDINGS LIMITED,      2226.40,      2351.00,-5.3
L,SATI POLY PLAST LIMITED,       213.75,       225.45,-5.19
L,SONAM LIMITED,        53.40,        56.25,-5.07
L,SYNERGY GREEN IND. LTD,       412.00,       433.90,-5.05
L,63 MOONS TECHNOLOGIES LTD,       395.05,       415.85,-5
L,ESSEN SPECIALITY FILMS L,       359.95,       378.90,-5
L,RBM INFRACON LIMITED,       919.55,       967.95,-5
L,SIMPLEX INFRASTRUCTURES L,       207.85,       218.79,-5
L,SUPREME POWER EQUIPMENT L,       234.65,       247.00,-5
L,TIMESCAN LOGISTICS IND L,        76.00,        80.00,-5
L,SDL GA 7.25% 2035,        95.00,       100.00,-5
L,SUNGARNER ENERGIES LTD,       757.15,       797.00,-5
L,GAYATRI RUBB AND CHEM LTD,       418.00,       440.00,-5
L,SHREE TIRUPATI BALAJEE,       738.15,       777.00,-5
