SECURITY,NEW,PREVIOUS,NEW_STATUS
ELECTROTHERM (I) LTD.,1087.7,1036.6,H
INFO EDGE (I) LTD,7943,7830,H
FORTIS HEALTHCARE LTD,599,588,H
CEAT LIMITED,3073,3032.9,H
CUBEX TUBINGS LTD,102.45,83.9,H
GRAVITA INDIA LIMITED,2660,2631.9,H
JSW ENERGY LIMITED,780.3,775.6,H
SYNGENE INTERNATIONAL LTD,945.25,938,H
PULZ ELECTRONICS LIMITED,210.15,205,H
BSE LIMITED,3459,3264.7,H
ANTARCTICA LTD,2.42,1.95,H
SUPRIYA LIFESCIENCE LTD,675,647,H
DESTINY LOGISTICS & I LTD,80.9,77.05,H
MIRAEAMC - ITETF,46.14,45.5,H
MIRAEAMC - SENSEXETF,100,84.71,H
RBM INFRACON LIMITED,1000,972.9,H
NAGA DHUNSERI GROUP LTD,3700,3650,H
NINTEC SYSTEMS LIMITED,688.85,649.15,H
MIC ELECTRONICS LTD,99.18,97.8,H
GOI TBILL 91D-18/10/24,99.35,99.25,H
TEMBO GLOBAL IND LTD,448.35,427,H
RAVINDRA ENERGY LIMITED,114.63,109.18,H
GOI LOAN   7.37% 2054,103.9,103,H
SEC RE NCD 9.65% SR I,980,975,H
GOI TBILL 91D-15/11/24,98.9,98.8,H
RADICO KHAITAN LTD,2174,2069,H
HIMADRI SPECIALITY CHEM L,599.7,578.5,H
ASK AUTOMOTIVE LIMITED,478.25,474.8,H
TIRUPATI FORGE LIMITED,36.02,32.06,H
A B INFRABUILD LIMITED,85.9,85.5,H
DOMS INDUSTRIES LIMITED,2881.15,2867.3,H
9.40 % SRNCD TR II SR III,1140.6,1042.5,H
MOTILALAMC - MOHEALTH,46.4,45.76,H
MUSIC BROADCAST LIMITED,106.95,106.8,H
UNIVA FOODS LIMITED,8.79,8.38,H
SHRIRAM PIST. & RING LTD,2399,2391.8,H
LE MERITE EXPORTS LIMITED,213.75,212,H
LT FOODS LIMITED,447.55,418.7,H
NDR AUTO COMPONENTS LTD,1850,1802,H
EMKAY GLOBAL FIN SERV LTD,194.19,191.95,H
JFL LIFE SCIENCES LIMITED,71.6,70,H
SEC RE NCD 9% SR.IV,1017.55,1015.55,H
RBZ JEWELLERS LIMITED,166.34,163.08,H
REVATHI EQUIPMENT INDIA L,3357.55,3275,H
STRIDES PHARMA SCI LTD,1431,1414,H
BOMBAY BURMAH TRADING COR,2857.95,2774,H
D-LINK INDIA LTD,728.8,721,H
DHUNSERI INVESTMENTS LTD,2668.5,2622.35,H
GOODLUCK INDIA LIMITED,1306,1274.7,H
MARATHON NXTGEN REALT LTD,672.5,666.25,H
OPTIEMUS INFRACOM LTD,683.8,658,H
TREJHARA SOLUTIONS LTD,285.84,272.23,H
THE INVEST TRUST OF IND L,195,194.73,H
ICICI PRUD NIFTY ETF,289.45,288,H
INNOVA CAPTAB LIMITED,794.4,793.35,H
TARAPUR TRANSFORMERS LTD,22.72,22.28,H
ELIN ELECTRONICS LIMITED,282,270,H
EPACK DURABLE LIMITED,393.15,356.5,H
SEC RE NCD 0% SR.IV,1267,1260.3,H
SUNDARAM CLAYTON LIMITED,2513,2303.8,H
GUJARAT FLUOROCHEM LTD,4510.45,4450,H
AXISAMC - AXISCETF,129.02,127.97,H
AXISAMC - AXISHCETF,156.27,151.18,H
MIRAEAMC - MAN50ETF,271.51,271.48,H
REX PIPES AND CABLES LTD,91.85,90.4,H
ENERGY MISSION MACH IND L,528.65,516,H
CHOLAMANDALAM FIN HOL LTD,1943.5,1912.05,H
MODISON LIMITED,186,185.53,H
8.92% TAX FREE NCD,1375,1327,H
SEC RED NCD 8.40% SR.V,1070,1060,H
SEC RE NCD 11% SR.V,991.1,971,H
MAHARASHTRA SCOOTERS LTD,11450,10587.05,H
JAI BALAJI INDUSTRIES LTD,1086.25,670,H
VST TILLERS TRACTORS LTD,4493.65,4399.9,H
LICNAMC - LICNFNHGP,325,290,H
UTIAMC - NIFITETF,450,445.7,H
SANSERA ENGINEERING LTD,1555,1550,H
SHRIRAM - LIQUIDSHRI,1012.72,1012.22,H
ATLANTAA LIMITED,58.38,57.24,H
UJAAS ENERGY LIMITED,571.45,544.25,H
AYM SYNTEX LIMITED,182.08,178.51,H
SEC RE NCD SR.VI,1060,1020.01,H
BLUE STAR LIMITED,1988.4,1899,H
TRENT LTD,7384.95,7325,H
TRIVENI ENGG. & INDS. LTD,518,487,H
WANBURY LIMITED,270,260.29,H
R M DRIP & SPRINK SYS LTD,235,234,H
AMI ORGANICS LIMITED,1557.9,1550,H
PRUDENTIAL SUGAR CORPORAT,38.95,37.1,H
HRH NEXT SERVICES LIMITED,101.05,96.25,H
JUBILANT PHARMOVA LTD,1247.15,1227,H
AXISAMC - AXISTECETF,465.98,461.99,H
GOI LOAN  7.02% 2027,102.95,102.8,H
GOI LOAN  7.1% 2034,105.6,104.8,H
GOI LOAN  7.46% 2073,114,109.5,H
SHYAM METALICS AND ENGY L,903,879,H
CHAMAN METALLICS LIMITED,129.8,118,H
LICNAMC - LICNMID100,60.58,59.91,H
GOI TBILL 91D-19/09/24,99.9,99.87,H
SERENCD 8.60% SR.IV OP8,1060.9,1060,H
ALUWIND ARCHITECTURAL LTD,71.9,70.7,H
GOI TBILL 364D-03/04/25,96.7,96.66,H
SEC RE NCD 9.25% SR II,960,950,H
SANOFI CONS HEALTHC IND L,5148.65,4903.5,H
OSWAL GREENTECH LIMITED,67.2,57.6,H
BIRLASLAMC - NIFTYQLITY,25.08,24.7,H
DSPAMC - DSPQ50ETF,269.48,265.75,H
NIP IND ETF MIDCAP 150,231.95,231.85,H
INTERIORS & MORE LIMITED,325,322,H
MEDI ASSIST HEALTH SER L,716.15,698.5,H
GLENMARK LIFE SCIENCE LTD,1335.1,1325,H
REGENCYCERAMICS-LTD,73.49,72.05,H
INTEGRATED PERSO SER LTD,249,225.2,H
LTIMINDTREE LIMITED,6453,6447.25,H
COFORGE LIMITED,7088.1,7043.95,H
KATARIA INDUSTRIES LTD,222.85,218.8,H
AARVEE DEN. & EXP. LTD,49.5,48.53,H
LEAD REC AND RUB PROD LTD,118.1,112.5,H
GOI TBILL 91D-24/10/24,99.3,99.2,H
NORBEN TEA &EXPORTS LTD,22.79,21.71,H
GLENMARK PHARMACEUTICALS,1769.6,1756.5,H
APAR INDUSTRIES LTD.,10624.8,10515,H
MARICO LIMITED,697.4,692.8,H
ORACLE FIN SERV SOFT LTD.,12360,12313.55,H
HEALTHCARE GLOB. ENT. LTD,428,425,H
TRIB BHIMJI ZAVERI LTD,360.36,327.6,H
TRIDENT TECHLABS LIMITED,962.15,916.35,H
SHRIRAM FINANCE LIMITED,3439.85,3425,H
GOI TBILL 182D-22/11/24,98.62,98.55,H
KRISHCA STRAPPING SLTN L,429.8,411.45,H
NAVA LIMITED,1123.7,1095,H
ESCONET TECHNOLOGIES LTD,403,383.85,H
MAITREYA MEDICARE LIMITED,361.7,344.5,H
SILKFLEX POLYMERS INDIA L,114.5,110.7,H
IZMO LIMITED,472.65,450.15,H
ALLIED BLEND N DISTILS L,372.4,371.85,H
VARDHMAN POLYTEX LIMITED,6.19,5.9,H
GODFREY PHILLIPS INDIA LT,8480,7430.95,H
MULTI COMMODITY EXCHANGE,5718.65,5422.2,H
ARVIND AND COMPANY,103.6,98.7,H
ASSO ALCOHOLS & BREW LTD,1022,991.75,H
UNITED SPIRITS LIMITED,1552.9,1543,H
PRECISION METALIKS LTD,70.9,69.3,H
8.66%S-R-NCD SERIES 3A,1420,1399,H
SRI ADHIKARI BRO TELE N L,704.75,690.95,H
MOTILAL OS MIDCAP100 ETF,64.99,64.7,H
8.91% TAX FREE NCD,1399,1319,H
KHFM HOS FAC MANA SER LTD,111,98.8,H
GRASIM RE. 1 PPD UP,1891.3,1868.9,H
MINDTECK (INDIA) LIMITED,423.9,408.9,H
RATNAVEER PRECISION ENG L,204.34,201.7,H
BROOKS LAB LIMITED,163.5,160.3,H
SEC RE NCD 11% SR.V,1040.2,1038.8,H
SEC RE NCD 9.65% SR I,976,970,H
SEC RE NCD 9.57% SR.II,1020,990,H
AKI INDIA LIMITED,18.64,18.75,L
SKIL INFRASTRUCTURE LTD.,5.41,5.43,L
GACM TECHNOLOGIES LIMITED,1.23,1.3,L
MEP INFRA. DEVELOPERS LTD,6.5,6.85,L
VDEAL SYSTEM LIMITED,149.9,152.35,L
INDIAN PHOSPHATE LIMITED,124.75,124.95,L
SYLVAN PLYBOARD (INDIA) L,88.55,92,L
STEL HOLDINGS LIMITED,534,536.05,L
RAYMOND LIFESTYLE LIMITED,2281.8,2291,L
FORCAS STUDIO LIMITED,107.05,108.5,L
SMS LIFESCIENCES (I) LTD,1581.6,1613.85,L
SHIVALIC POWER CONTROL L,228,236,L
FOCUS LIGHTG & FIXTRS LTD,109.53,111.77,L
MANDEEP AUTO INDUSTRIES L,49.7,50,L
APRAMEYA ENGINEERING LTD,58,60,L
TRANS & RECTI. LTD,646.3,650,L
DOCMODE HEALTH TECH LTD,109.8,115.55,L
POSITRON ENERGY LIMITED,440.9,470,L
AERON COMPOSITE LIMITED,137.6,144.8,L
FALCON TECHNOPROJ IND LTD,53.5,53.7,L
PARAMATRIX TECHNOLOGIES L,103.6,104.1,L
SEC RE NCD SR.III,1081.02,1100.83,L
NAMO EWASTE MANAGEMENT L,145.4,153.05,L
SEC RE NCD 9.25% SR.VII,935.55,940.25,L
SDL AP 7.67% 2038,101,101.27,L
KRISHNA INST OF MED SCI L,543,549.05,L
INFIBEAM AVENUES LIMITED,27.3,27.55,L
G-TEC JAINX EDUCATION LTD,56.52,57.06,L
EXICOM TELE SYSTEMS LTD,329.25,331.15,L
BAAZAR STYLE RETAIL LTD,340.6,356.15,L
QVC EXPORTS LIMITED,71.55,72.3,L
COMPUAGE INFOCOM LTD,2.6,2.74,L
IDEAL TECHNOPLAST IND LTD,96.3,102.5,L
V.L.INFRAPROJECTS LIMITED,81.35,81.8,L
SEC RED NCD 9.0% SR. VI,942.03,952,L
BOSS PACKAGING SOLU LTD,63.75,67.1,L
MY MUDRA FINCORP LIMITED,111.5,117.35,L
SPORTKING INDIA LIMITED,132.6,146.45,L
POWERGRID INFRA. INVITS,90.69,90.8,L
GLOBALE TESSILE LIMITED,36.01,37.25,L
AESTHETIK ENGINEERS LTD,75.25,79,L
DJ MEDIAPRINT & LOG LTD,128.41,131.04,L
BODHI TREE MULTIMEDIA LTD,11.98,12.01,L
SECUR CREDENTIALS LIMITED,6.05,6.18,L
8.67% SEC RED BOND S3A,1410,1575.8,L

