SYMBOL,SYMBOL P/E,ADJUSTED P/E
SUZLON,131.55,122.76
TRIVENI,28.95,28.95
ORIENTCER,38.62,42.67
EKC,21.71,21.31
ROHLTD,22.28,22.28
JAGRAN,13.36,13.36
M&MFIN,20.4,20.4
KEI,65.74,65.72
VAKRANGEE,375.07,398.03
UTTAMSUGAR,12.05,12.05
RSYSTEMS,43.85,43.85
LOKESHMACH,52.43,52.43
KAMDHENU,32.98,32.98
PIONEEREMB,62.06,62.06
MUNJALAU,34.64,20.67
TECHM,63.39,63.47
GRINDWELL,71.99,71.94
ACE,43.21,43.21
ALICON,34.11,34.11
JMFINANCIL,325.38,12.21
DCBBANK,7,7
INSPIRISYS,32.73,32.73
TORNTPOWER,35.9,35.9
LTFOODS,24.82,24.82
RUCHIRA,10.48,10.48
JINDRILL,15.57,15.57
AVTNPL,27.84,27.84
TIDEWATER,31.99,31.99
AUTOIND,27.96,28.65
TTL,24.68,68.65
SMSPHARMA,55.27,55.27
ASTRAL,95.19,95.19
THEMISMED,80.31,80.31
ICRA,43.37,43.37
NDLVENTURE,302.65,302.65
ZENITHSTL,22.11,22.11
SRHHYPOLTD,13.36,12.03
INSECTICID,23.14,23.14
HGS,72.71,72.71
CIEINDIA,26.31,26.31
CCCL,.97,
MAANALU,28.99,28.99
BVCL,19.03,19.03
RGL,18.64,18.64
COLPAL,69.72,69.72
KALYANIFRG,49.18,49.18
ECLERX,25.93,25.86
TARIL,127.53,127.53
DVL,30.33,30.33
PATINTLOG,28.37,28.37
AMBIKCO,16.05,16.05
CEATLTD,19.69,18.48
JKIL,17.09,17.09
KNRCON,12.67,12.67
SEPC,188.61,188.61
NAHARCAP,14.74,14.74
DPSCLTD,107.59,107.59
TITAGARH,60.85,60.51
BAJAJFINSV,18.8,18.8
DIGISPICE,14.75,39.49
RPGLIFE,40.81,40.81
RBL,21.7,21.25
UBL,122.68,122.68
ZFCVINDIA,80.36,80.36
20MICRONS,18.48,18.12
TPHQ,26.25,26.25
MAWANASUG,9.26,9.26
GKWLIMITED,155.68,155.68
OIL,13.39,13.46
RTNPOWER,.86,
ZYDUSWELL,46.2,46.2
REFEX,56.21,56.23
AHLUCONT,21.84,36.26
HINDCOPPER,84.16,84.16
NESTLEIND,75.23,75.44
WHIRLPOOL,91.04,86.95
VASCONEQ,29.46,29.46
DBREALTY,7.75,8.24
PERSISTENT,70.78,70.78
SJVN,51.69,55.23
KIRLOSIND,16.46,14.72
AHLEAST,8.13,11.01
UGARSUGAR,50.62,50.62
WELINV,132.28,132.28
ORISSAMINE,1734.2,1734.2
CANTABIL,32.2,32.83
JWL,65.51,65.51
CGCL,45.45,45.45
IOLCP,25.16,25.16
PENIND,22.6,22.6
ZEELEARN,1.93,7.6
PSB,61.33,61.33
KICL,38.62,51.2
HINDMOTORS,17.84,17.84
LOVABLE,69.41,69.41
VADILALIND,23.45,23.45
OMINFRAL,38.16,38.16
DHANUKA,28.47,28.47
THERMAX,81.28,94.69
RIIL,168.74,168.74
RAYMOND,19.08,18.36
SHREDIGCEM,17.78,17.78
SESHAPAPER,10.15,10.15
SUNDRMFAST,54.68,54.68
CRISIL,52.51,52.51
PEL,,146.87
MASTEK,27.1,26.89
LUMAXIND,45.63,45.63
CUMMINSIND,66.29,66.24
JBCHEPHARM,50.87,50.87
INDIAGLYCO,23.86,23.86
IONEXCHANG,48.45,48.45
HIMATSEIDE,13.58,13.58
GFLLIMITED,196.6,196.6
BPCL,8.21,7.96
ATUL,72.54,72.54
ACC,21.29,24.11
SCI,15.27,15.27
HINDPETRO,10.43,10.43
ZUARIIND,1.62,
VOLTAS,107.65,107.65
TITAN,96.81,96.81
SPIC,19.1,13.32
SBIN,10.22,9.49
NOCIL,38.09,38.09
CHAMBLFERT,15.95,15.95
HINDOILEXP,15.81,18.68
CENTURYTEX,124.32,124.32
CENTENKA,29.27,29.27
VTL,20.52,20.52
EPL,37.87,35.9
SRF,59.5,59.5
AEGISLOG,40.35,40.35
HONAUT,83.45,83.45
PRECOT,17.88,22.71
ADANIENT,78.45,74.22
INDBANK,23.89,23.89
GET&D,152.75,152.75
BANARISUG,28.98,28.98
BSL,19.92,19.92
APCOTEXIND,40.52,40.52
RCF,61.37,67.66
DECCANCE,34.68,23.64
ADVANIHOTR,29.69,29.69
SUBROS,42.86,42.86
WIPRO,25.51,25.51
SOMANYCERA,30.04,31.13
SANOFI,33.33,31.33
HEIDELBERG,33.79,33.79
PIDILITIND,91.05,88.65
OSWALAGRO,290.27,288.68
RUBYMILLS,21.98,21.98
CANFINHOME,16.17,16.17
DCMSHRIRAM,34.36,34.36
COSMOFIRST,26.33,26.33
HDFCBANK,18.19,18.09
GMBREW,13.03,13.03
INDIANHUME,29.31,29.31
IOC,8.05,8.05
OSWALGREEN,705.97,705.97
HUHTAMAKI,6.88,29.9
RICOAUTO,40.76,39.7
BANCOINDIA,17.73,17.73
MANINDS,22.36,22.36
SIYSIL,11.97,11.97
ONWARDTEC,31.56,31.56
NCC,25.65,24.99
ELGIEQUIP,71,71
BBTC,9.48,9.14
BEPL,22.14,22.14
BANARBEADS,24.34,24.34
PRUDMOULI,20.15,18.67
PRAJIND,43.3,46.64
KEEPLEARN,189.8,189.8
TFCILTD,18.1,18.1
GTL,1.03,4.95
AGI,23.41,23.41
TATACONSUM,95.3,81.33
ZEEL,40.71,31.08
FMGOETZE,17.76,17.76
ORIENTHOT,68.32,68.32
KANSAINER,37.76,37.76
3MINDIA,65.45,65.45
RALLIS,48.17,48.43
MFSL,87.97,87.97
HEG,59.08,59.08
TATAINVEST,121.2,121.2
SUDARSCHEM,56.69,56.69
IPCALAB,66.55,72.18
HINDUNILVR,66.63,66.6
AMBUJACEM,35.48,37.31
EIDPARRY,9.24,9.24
HEUBACHIND,42.06,42.06
BAJFINANCE,31.53,31.53
NAVA,11.62,12.6
REMSONSIND,48.03,49.51
SWARAJENG,28.59,28.59
TNPETRO,17.59,15.7
MARICO,57.33,57.33
SUNDRMBRAK,54.41,54.41
MOTHERSON,41.03,39.94
STERTOOLS,30.58,30.8
WENDT,75.97,75.97
SHRIRAMFIN,16.53,16.53
MIRZAINT,58.95,58.95
GUJAPOLLO,36.58,36.58
JCHAC,4053.97,205.69
GUJRAFFIA,39.73,39.73
KOTHARIPET,20.6,20.51
INDNIPPON,25.75,25.75
BANKINDIA,7.73,7.73
KCPSUGIND,7.12,7.75
SAREGAMA,52.64,52.64
ENGINERSIN,41.41,41.41
GMDCLTD,20.08,20.08
INDUSINDBK,12.64,12.64
J&KBANK,6.26,6.26
CUB,12.04,12.04
ASTRAZEN,177.33,93.09
AXISBANK,14.06,14.06
KOKUYOCMLN,51.16,51.16
DHANBANK,46.06,46.06
IVC,72.91,72.91
NIPPOBATRY,2.91,2.91
HCLTECH,29.93,29.93
ZYDUSLIFE,26.91,26.91
BIL,56.72,56.72
KTKBANK,6.36,6.36
CALSOFT,69.22,69.22
PNC,31.89,31.89
REPRO,95.62,95.62
KRBL,14.27,14.27
AXISCADES,52.84,52.84
TRIDENT,56.17,56.18
JISLJALEQS,71.41,71.41
OLECTRA,167.01,181.82
APTECHT,50.37,45.55
OFSS,45.54,45.54
OMAXAUTO,18.07,
DIVISLAB,87.2,87.2
BAGFILMS,23.98,23.98
UNIENTER,32.51,32.51
PTC,13.01,12.73
MAHABANK,9.67,9.67
POONAWALLA,17.86,25.53
DATAMATICS,20.24,19.97
LT,31.26,31.4
AMBICAAGAR,15.15,15.15
ULTRACEMCO,48.41,48.22
GUFICBIO,47.29,47.29
WELENT,21.81,21.81
INDOCO,45.88,49.88
JINDALPHOT,57.58,57.58
ALLSEC,21.59,26.06
SHOPERSTOP,251.06,216.1
SURYALAXMI,57.59,30.87
63MOONS,11.84,11.84
VHL,340.64,40.29
YESBANK,50.21,50.21
IDFC,736.83,736.83
AXITA,31.61,31.61
PLAZACABLE,113.69,113.69
SENCO,47.54,47.54
TRU,47.01,47.01
RADHIKAJWE,30.85,30.85
SPLPETRO,40.32,40.32
RAMRAT,45.12,45.12
VIVIANA,78.57,78.57
CSLFINANCE,15.03,15.03
AGNI,219.68,219.68
GOYALALUM,65.71,65.71
RUSTOMJEE,141.71,141.71
GENSOL,59.53,59.44
DBOL,25.74,25.74
KANDARP,38.95,38.95
GSLSU,60.63,60.63
SPORTKING,22.28,22.28
MANORAMA,117.46,117.46
ISHAN,,269.47
ARABIAN,34.23,34.23
GRMOVER,25.04,25.04
SYNCOMF,84.29,84.23
BAHETI,53.75,53.75
SULA,44.22,44.22
SIGNATURE,381.93,381.93
KRITINUT,15.06,15.06
MEGAFLEX,53.54,53.54
KALAMANDIR,30.9,30.9
AVALON,191.92,191.92
RITEZONE,15.9,15.9
CONCORDBIO,69.17,69.17
BAIDFIN,18.49,18.49
QUICKTOUCH,14.75,14.75
AMIABLE,9.78,9.78
KAMOPAINTS,121.4,121.4
DOLLEX,9.36,9.36
BLUEJET,55.28,52.95
MVGJL,16.97,16.97
SCPL,20.26,20.26
SUKHJITS,17.08,17.08
ARHAM,47.73,47.73
MANKIND,50.66,50.66
SKYGOLD,70.93,70.93
ARIHANTACA,73.53,73.53
SATINDLTD,6.58,6.58
DIVGIITTS,53.45,53.45
PRITIKA,103.15,103.15
VERTEXPLUS,120.97,120.97
SRIVASAVI,27.83,27.83
DIACABS,260.44,256.88
IKIO,39.97,39.97
MANOMAY,25.69,25.69
FAZE3Q,27.7,27.7
LLOYDSME,28.97,28.97
AARTIPHARM,26.51,26.51
RHL,56.87,56.87
SAHYADRI,16.15,16.15
SAHANA,83.78,83.78
NINSYS,58.86,58.86
HOMESFY,60.67,50.83
SBFC,33.52,33.52
SBGLP,81.59,81.59
ASMS,325.89,313.89
HYBRIDFIN,13.16,12.92
LRRPL,223.23,223.23
ZAGGLE,91.28,91.28
MCON,52.88,52.88
HONASA,127.24,127.24
RISHABH,40.37,40.37
IRMENERGY,22.82,22.82
SAH,364.27,364.27
DENEERS,18.49,18.49
CYIENTDLM,83.98,83.98
AGUL,19.35,19.35
AKI,112.09,112.09
MASTER,49.77,49.77
SYSTANGO,22.65,22.65
RATNAVEER,26.7,26.7
MOS,65.22,65.22
SECMARK,186.49,186.49
AUROIMPEX,16.41,16.41
SPECTSTM,25.51,25.51
ATAM,30.24,30.24
IDEAFORGE,110.18,110.18
SHRITECH,14.63,14.63
INFOLLION,32.8,32.8
LAL,51.54,51.54
INFINIUM,51.29,51.29
AARTECH,126.21,126.21
ESFL,80.99,80.99
DOLPHIN,194.61,203.46
REMUS,53.5,53.5
ASHOKAMET,8.76,8.76
CELLPOINT,37.41,37.41
GREENCHEF,38.76,38.76
PTCIL,595.82,595.82
PYRAMID,23.52,23.52
EMSLIMITED,26.28,26.28
EFACTOR,22.44,22.44
GHCLTEXTIL,33.32,33.32
UDS,33.18,33.18
DENTALKART,60.68,60.68
SYNOPTICS,18.74,18.74
KIRLPNU,59.15,56.73
RRKABEL,65.04,65.11
COMMITTED,15,15
SANGANI,21.7,21.7
JLHL,53.7,54.03
NUVAMA,34.5,34.5
DRONE,89.38,89.38
SERVICE,31.82,31.82
KEL,58.84,58.84
NIITMTS,31.46,30.71
VINSYS,22.9,22.9
ACSAL,22.75,22.75
SAROJA,29.2,29.2
SINDHUTRAD,33.92,33.91
ORIANA,75.88,75.88
CHAVDA,25.62,25.62
TRANSTEEL,12.47,12.31
SANDUMA,23.43,23.43
OLIL,45.89,45.89
KODYTECH,612.41,612.41
SCML,24.52,24.52
MUFIN,117.55,114.15
MAL,9.3,9.3
HIGREEN,62.96,62.96
CELLECOR,68.14,68.14
SRGHFL,22.54,22.54
NEWJAISA,59.05,59.05
GOYALSALT,36.68,36.68
SHANTHALA,137.01,137.01
MARCO,43.66,43.66
DIAMINESQ,75.8,75.8
KONTOR,111.27,111.27
MICROPRO,19.85,19.85
CELLO,55.7,55.7
CANARYS,47.82,47.82
DIGIKORE,82.77,82.77
SARTELE,87.97,87.97
PARAGON,22.7,22.7
NAUKRI,120.65,113.65
MANALIPETC,52.62,48.15
DONEAR,17.66,17.66
SOBHA,440.03,440.11
HIRECT,85.82,66.78
PLASTIBLEN,23.13,23.13
HBLPOWER,60.15,56.34
LUMAXTECH,19.88,19.88
WANBURY,16.3,31.86
PITTIENG,47.15,47.15
UNOMINDA,79.56,81.49
PGIL,23.99,24.56
FSL,41.37,41.37
TFL,110.31,110.31
INDIANB,7.94,7.94
NAHARPOLY,1809.25,1809.25
BFUTILITIE,15.86,15.86
HILTON,33.96,33.96
TIMETECHNO,29.42,29.42
TARMAT,,138.34
ALPA,13.25,13.27
KPRMILL,35.72,35.72
KSCL,18.15,18.15
MANGCHEFER,10.25,10.25
RELIGARE,33.91,95.93
VINATIORGA,57.32,57.32
EXPLEOSOL,22.25,22.25
AMRUTANJAN,53.47,53.47
DBCORP,12.67,12.67
TRF,15.65,15.65
THANGAMAYL,51.05,51.05
HMVL,188.42,188.42
BAJAJCON,24.95,24.95
GPPL,29.65,27.58
SASTASUNDR,8.47,8.54
WABAG,34.11,33.92
PRESTIGE,49.57,49.57
GRAVITA,68.53,68.53
TEXRAIL,78.52,78.52
PFS,21.06,21.06
RELAXO,110.36,110.36
RUSHIL,23.3,23.3
LTF,17.94,17.94
BOSCHLTD,39.77,53.39
MAHSEAMLES,10.15,10.12
MOTOGENFIN,99.04,99.04
PGHL,42.99,41.17
ADORWELD,27.69,27.69
TATACHEM,,33.28
ATFL,329.05,676.72
VLSFINANCE,4.36,4.36
SUPREMEIND,66.63,66.63
BALRAMCHIN,22.34,22.34
WEIZMANIND,24.63,24.63
BBOX,57.05,44.51
RANEHOLDIN,31.56,16.28
TATAELXSI,61.01,61.01
SHREYANIND,5.33,5.33
HCC,17.49,
ARE&M,26.89,26.89
IVP,15.23,15.23
EICHERMOT,36.36,36.36
NEULANDLAB,47.79,50.14
ZENSARTECH,26.86,26.86
BERGEPAINT,64.39,64.62
KPIL,46.06,46.06
HSCL,63.31,63.31
WSI,20.92,20.08
SUNFLAG,26.61,26.61
BHARATRAS,53.03,53.03
JUBLPHARMA,32.61,74.3
MURUDCERA,64.56,64.56
HLVLTD,55.55,55.55
KAJARIACER,55.2,55.17
MODTHREAD,11.69,11.69
PCBL,36.42,36.42
JINDALSAW,12.89,12.89
STYRENIX,21.32,21.32
BRITANNIA,67.44,66.82
DABUR,63.33,63.33
ESABINDIA,57.72,57.72
ANDHRAPAP,8.46,8.46
PRAKASH,10.12,10.12
GREAVESCOT,,107.86
AKZOINDIA,38.96,38.96
GRASIM,19.31,18.57
DCM,31.76,31.76
BIRLACORPN,25.7,26.12
ASHAPURMIN,15.22,27.33
TNPL,14.95,14.95
TTKPRESTIG,57.8,57.8
BIOFILCHEM,197.79,197.79
SANGAMIND,51.71,44.89
CREST,12.56,12.56
TVSSRICHAK,36.56,34.46
ELECTHERM,3.41,3.41
ALKYLAMINE,77.25,77.25
RUCHINFRA,30.23,95.86
ICICIBANK,18.88,18.88
NLCINDIA,18.52,18.52
HAVELLS,89.59,89.59
USHAMART,26.51,26.51
MRO-TEK,34.13,34.13
HIKAL,71.99,71.99
ACLGATI,225.82,
SMARTLINK,33.59,33.59
UNITDSPR,78.19,78.39
MPSLTD,32.61,32.61
ASAL,63.18,63.18
PNB,11.29,11.29
SURANAT&P,35.27,35.27
UNIONBANK,6.52,6.52
GENESYS,96.32,96.32
GODREJIND,37.39,37.39
VARDHACRLC,23.49,23.49
WELSPUNLIV,25.68,25.68
IGL,22.58,22.58
SIL,139.28,139.28
BIOCON,22.07,22.29
APARINDS,50.28,50.28
COFORGE,58.53,59.2
GULFPETRO,15.15,15.15
JSWSTEEL,30.87,32.93
SAKSOFT,39.6,39.6
JSWHL,72.89,72.89
MSPL,79.03,79.06
GOLDIAM,43.08,43.08
FCSSOFT,,63.69
POCL,68.28,68.28
REDTAPE,64.75,64.75
NETWEB,177.08,177.08
AEROFLEX,59.58,59.41
VPRPL,24.66,24.66
ATL,28.07,28.07
JSWINFRA,61.41,61.41
YASHO,58.14,58.14
JIOFIN,192.44,192.44
TREL,4.59,37.2
AMNPLST,57,57
ESSENTIA,27.33,27.34
PILITA,69.75,69.75
MITCON,21.08,21.08
AGRITECH,13.21,13.21
GULFOILLUB,20.71,20.71
PDSL,36.01,36.72
MONTECARLO,28.27,28.27
APOLSINHOT,49.63,49.63
MOLDTKPAC,41.64,41.64
MENONBE,9.54,9.54
MANAKCOAT,34.33,34.33
LFIC,5.72,5.72
PRIVISCL,46.84,46.84
UFO,85.48,71
ASAHISONG,23.03,181.77
TDPOWERSYS,51.71,51.71
VASWANI,17.57,17.57
ONELIFECAP,13.91,13.91
SHAKTIPUMP,36.97,36.97
JISLDVREQS,1.14,1.14
RUPA,33.74,32.57
APLAPOLLO,55.32,55.32
IRFC,33.9,33.9
COMPUSOFT,71.96,71.96
RHIM,,41.53
NBCC,72.67,55.95
HEXATRADEX,55.99,55.99
SWANENERGY,27.29,27.29
RTNINDIA,10.08,9.64
THEJO,54.05,54.05
KITEX,45.96,45.96
ROSSELLIND,153.45,152.07
TVSHLTD,14.53,14.52
VETO,18.08,18.08
INDUSTOWER,17.46,17.46
JUSTDIAL,24.21,24.21
SAMMAANCAP,9.71,9.71
ORBTEXP,17.79,17.79
NATHBIOGEN,10.04,10.77
AGARIND,14.9,14.9
SNOWMAN,124.2,124.2
GOODLUCK,28.83,28.83
GREENLAM,55.01,55.01
LINC,26.68,26.68
HESTERBIO,114.65,114.65
MANAKSTEEL,18.72,19.12
IMAGICAA,276.26,64.95
INOXWIND,549.7,444.69
VRLLOG,78.6,79.08
BCG,1.24,1.24
NILAINFRA,34.54,34.54
ALANKIT,27.22,27.22
BALKRISHNA,,18.4
ADANIENSOL,,73.49
SATIN,5.09,5.09
SHARDAMOTR,22.98,22.98
INDIGO,24.44,24.44
PERFECT,66.58,66.58
LUXIND,48.04,48.04
SALZERELEC,34.72,34.72
ALKEM,36.7,35.09
TEAMLEASE,49.49,51.07
BHAGERIA,50.87,50.87
GOKULAGRO,26.19,26.19
HCG,114.97,121.74
WEALTH,26.62,26.62
SAGARDEEP,55.27,55.27
UNITEDPOLY,28.14,28.14
ALBERTDAVD,12.34,12.34
CONTROLPR,24.81,24.84
INCREDIBLE,36.32,36.32
DAMODARIND,46.43,46.43
POKARNA,32.35,32.35
GROBTEA,42.7,42.7
LLOYDSENGG,100.22,100.22
LTIM,41.61,41.61
GATECH,74.3,74.3
MINDTECK,37.46,35.49
DBL,25.09,56.51
MBAPL,65.52,65.52
CUPID,27.35,27.35
CROWN,17.99,85.24
ICICIPRULI,274.04,274.04
JAIPURKURT,29.7,29.7
MASKINVEST,976.05,976.05
SAKAR,65.64,65.64
PANSARI,43.27,43.27
ARTNIRMAN,117.32,117.32
GICL,77.66,77.66
VBL,85.1,85.1
CMICABLES,,1.82
JETFREIGHT,20.59,22.75
TCIEXP,34.18,34.18
TERASOFT,17.58,16.9
LIBAS,5.81,5.81
PROLIFE,11.49,11.49
CAPTRUST,107.42,107.42
MAHESHWARI,14.13,14.13
MCL,29.46,29.46
PRICOLLTD,38.24,38.24
STEELCITY,11.24,11.24
KRISHANA,33.4,33.4
GLOBAL,13.53,13.53
SANGINITA,56.01,56.01
DMART,127.35,127.35
EIFFL,193.04,193.04
CREATIVE,24.5,24.5
DEVIT,25.45,25.45
MKPL,35.45,35.45
DOLLAR,31.92,31.71
PSPPROJECT,23.24,23.24
JALAN,,37.88
GLOBE,25.04,28.62
CDSL,60.22,60.22
ACCORD,53.66,53.66
STEELXIND,80.2,80.2
MAGADSUGAR,10.63,10.63
SIS,43,43
SERVOTECH,316.56,316.56
PASHUPATI,191.05,191.05
CHOLAHLDNG,8.47,8.47
CAPACITE,21.63,21.63
WORTH,14.41,14.41
MPTODAY,6.98,7
CADSYS,6.99,7.13
DPWIRES,19.91,19.91
AARVI,20.17,20.17
AIROLAM,27.69,27.69
RKEC,13.43,13.43
GOLDSTAR,70.64,70.64
JASH,36.75,36.75
CMMIPL,19.27,19.27
OMFURN,20.32,20.32
MILTON,21.87,21.87
DPABHUSHAN,53.85,53.85
GICRE,9.71,9.71
NAM-INDIA,35.46,35.46
IFGLEXPOR,29.72,29.72
VERTOZ,144.69,144.69
PULZ,26.31,26.31
SILVERTUC,52.92,52.92
ICEMAKE,44.06,44.06
SHRADHA,11.53,11.53
INNOVANA,24.62,24.62
ONEPOINT,38.53,38.53
AJOONI,73.61,73.61
MOKSH,17.7,17.7
SILLYMONKS,93.42,93.42
AMBER,89.33,89.33
MHHL,10.23,10.23
SOUTHWEST,41.13,43.2
ARVEE,150.49,150.49
ASTERDM,61.44,
BANKA,67.61,67.64
HINDCON,53.21,53.21
SARVESHWAR,56.06,56.06
MACPOWER,53.95,53.95
BDL,78.72,78.72
BANDHANBNK,12.97,12.97
URAVI,280.39,280.39
MITTAL,21.4,39.91
GIRIRAJ,91.68,91.68
ISEC,14.04,14.04
KAPSTON,35.06,35.06
MIDHANI,96.19,96.19
CONTI,99.14,
AVG,18.38,28.84
MMP,33.77,33.77
NARMADA,37.75,37.75
CHEMFAB,73.68,73.68
BSHSL,85.72,85.72
AAKASH,20.01,20.01
GODHA,55.77,55.77
SOFTTECH,133.17,133.17
E2E,161.13,161.13
SIRCA,39.46,39.46
SVLL,101.4,101.4
LATTEYS,116.49,116.49
SONAMLTD,37.94,37.94
ADANIGREEN,246.95,204.55
PRITI,21.24,21.24
GAYAHWS,,78.19
RITES,36.29,36.29
GANGAFORGE,190.06,193.67
REPL,26.62,26.62
AVROIND,46.26,46.26
HDFCAMC,45.66,45.66
TEMBO,26.76,27.23
AARON,42.81,42.81
SIGIND,16.5,16.5
LAGNAM,15.37,15.37
RPPL,30.1,30.1
AKG,55.36,55.36
AHLADA,10.85,10.85
SPECTRUM,140.03,140.03
AAVAS,28.83,28.83
GRSE,55.42,55.42
KRITIKA,52.04,52.04
VINNY,57.96,57.96
MARINE,110.8,111.29
IRISDOREME,53.15,53.15
SHUBHLAXMI,18.85,18.85
SHRIRAMPPS,5.98,5.98
AWHCL,20.38,20.38
SURANI,708.6,708.6
MSTCLTD,23.27,23.27
ARVINDFASN,64.35,62.07
PAR,21.72,21.72
KHFM,149.37,149.37
POLYCAB,56.38,56.38
KPITTECH,74.78,74.78
VIKASLIFE,,92.14
CONFIPET,34.66,34.66
DGCONTENT,41.45,41.45
OAL,65.4,65.4
SATIA,6.52,6.52
WEL,161.9,161.9
CHEMCON,51.8,51.8
SPANDANA,9.79,9.79
HNDFDS,67.15,67.15
UJJIVANSFB,6.56,6.56
IRCTC,63.17,63.01
SECL,1286.85,1286.85
360ONE,46.03,42.9
HPIL,139.22,139.22
GOLDKART,267.87,267.87
FLUOROCHEM,141.08,141.08
GREENPANEL,39.04,39.04
CHEMBOND,19.07,19.07
MGEL,19.01,19.01
SBICARD,31.79,31.79
HOMEFIRST,33.04,33.04
CSBBANK,10.2,10.2
EASEMYTRIP,66.72,41.54
ROSSARI,36.46,36.46
PRINCEPIPE,34.14,37
ESAFSFB,5.27,5.27
ARTEMISMED,71.03,71.03
SUMICHEM,67.94,67.94
LGHL,66.37,70.56
ASALCBR,30.87,30.87
UNIVPHOTO,14.92,14.92
BAFNAPH,683.81,302.26
SUVENPHAR,127.89,127.89
STOVEKRAFT,84.36,84.36
KSOLVES,34.28,34.28
HAPPSTMNDS,51.84,54.07
GLAND,42.85,42.85
BOROLTD,68.31,68.31
MAXHEALTH,83.74,83.74
AAATECH,50.16,50.16
KALYANKJIL,117.15,117.15
SHAREINDIA,13.9,13.88
UNIDT,40.76,40.76
ANGELONE,18.45,18.45
ADL,271.6,271.6
SURYODAY,8.25,8.25
ROML,126.3,126.3
RAILTEL,59.29,58.52
BECTORFOOD,81.15,81.15
NURECA,585.92,585.92
HERANBA,34.04,34.04
LXCHEM,73.7,73.7
FAIRCHEMOR,34.06,34.06
ANURAS,66.33,66.33
ISGEC,36.74,36.74
STYLAMIND,27.21,27.04
CLSEL,10.31,10.31
CARYSIL,40.06,40.06
SHAILY,71.9,71.9
MODISONLTD,33.12,32.68
FIBERWEB,15.15,15.15
BCLIND,17.77,17.77
BHAGCHEM,220.85,220.85
SBCL,42.89,42.89
SMCGLOBAL,7.93,7.93
QMSMEDI,24.5,24.5
NPST,600.95,600.95
ARIHANTCAP,14.83,14.83
SIDDHIKA,16.82,16.82
NAZARA,86.5,85.75
IPL,38.97,38.97
GENCON,20.94,20.94
LODHA,65.73,62.48
HLEGLAS,72.33,67.05
SONACOMS,82.19,81.53
UTKARSHBNK,10.04,10.04
DRCSYSTEMS,24.27,24.27
PARAS,118.15,118.15
CRAFTSMAN,47.93,47.93
DODLA,38.16,38.16
JUBLINGREA,67.21,67.21
ROLEXRINGS,39.12,35.49
WALPAR,37.51,37.51
SHYAMMETL,22.03,22.03
KIMS,64.1,64.1
MAKS,132.79,67.47
TATVA,87.43,87.43
CLEAN,66.6,66.6
GLS,35.44,35.44
ABSLAMC,25.95,25.95
DEEPINDS,21.33,21.41
ZOMATO,400.48,400.48
PIXTRANS,21.99,21.99
WINDLAS,31.77,31.77
CARTRADE,57.97,57.97
KRSNAA,43.22,43.22
EQUIPPP,2712.29,2712.29
DEVYANI,1593.81,281.99
APTUS,26.16,26.16
SUPRIYA,36.98,36.98
BMETRICS,24.87,24.87
VIJAYA,75.52,74.62
AMIORG,150.06,66.03
IWEL,1156.36,568.9
VINEETLAB,380.85,380.85
SANSERA,43.02,43.02
BAJAJHCARE,,34.43
PRITIKAUTO,31.66,31.66
AAREYDRUGS,36.95,36.95
GRINFRA,13.42,16.71
INTLCONV,6.7,6.7
DUGLOBAL,632.94,632.94
REXPIPES,17.42,17.42
STEELCAS,24.04,24.04
HPAL,41.58,41.9
UGROCAP,17.99,17.99
KPIGREEN,55.25,54.86
YUKEN,71.65,71.65
ANANDRATHI,66.12,66.12
FINOPB,35.83,35.83
NYKAA,1143.33,1143.33
AWL,86.42,80.1
SAPPHIRE,296.74,296.74
QUADPRO,46.32,46.32
PRUDENT,64.43,64.43
NUVOCO,92.85,92.85
GOCOLORS,80.24,80.24
TRACXN,136.97,136.97
FUSION,8.93,8.93
COASTCORP,85.02,85.02
MEDPLUS,137.31,137.31
RATEGAIN,53.09,53.09
LATENTVIEW,60.85,60.85
MICEL,36.1,40.28
FOODSIN,33.71,33.71
PARADEEP,30.9,30.9
TMB,6.88,6.88
DESTINY,55.85,55.85
MANYAVAR,81.24,81.24
GVPTECH,72.6,72.6
DMCC,72.31,72.31
KOTYARK,46.23,46.23
EMIL,42.44,42.44
SHIVALIK,55.57,55.57
PRECISION,20.24,20.24
DATAPATTNS,79.68,79.68
COOLCAPS,117.1,117.04
MEDANTA,62.54,62.54
MALLCOM,24.43,24.43
NIDAN,,23.26
SMLT,22.84,22.84
RADIANTCMS,21.46,21.46
HARIOMPIPE,40.61,40.61
DCMSRIND,14.69,14.69
RAJRILTD,5213.53,5213.53
DYCL,34.15,34.15
FIVESTAR,24.28,24.28
VIRINCHI,34.39,34.39
SBC,84.57,84.57
ELIN,81.43,81.43
SHIGAN,49.08,49.08
MADHAVBAUG,79.24,79.24
MHLXMIRU,15.1,15.1
GATEWAY,20.38,20.38
ZIMLAB,31.4,31.4
JTLIND,38.47,38.47
RAINBOW,61.79,61.79
AETHER,159.95,83.74
ROTO,47.32,47.32
SPRL,21.58,21.58
INDOBORAX,16.51,16.51
LANDMARK,45.91,45.32
AVONMORE,26.92,26.92
DREAMFOLKS,36.47,36.47
SONUINFRA,13.63,13.63
LEMERITE,278.7,278.7
DHARMAJ,28.34,28.34
OBCL,45.92,45.92
LICI,15.64,15.64
INDOAMIN,32.32,32.32
KRISHNADEF,106.9,106.9
PROPEQUITY,26.06,26.06
TVSSCS,10011.48,252.92
INOXGREEN,267.47,267.47
BIKAJI,78.47,78.47
SADHNANIQ,508.6,508.6
VEEKAYEM,28.2,28.2
RILINFRA,30.12,30.12
HARDWYN,135.71,135.71
HMAAGRO,43.72,43.72
CMRSL,12.25,10.03
KFINTECH,64.19,64.19
DCXINDIA,54.28,54.28
AKSHAR,42.26,42.26
ARISTO,20.03,20.03
KAYNES,162.92,162.92
JFLLIFE,20.72,20.72
FIDEL,28.59,28.59
GLOBALPET,50.8,50.8
PRAMARA,49.98,49.98
ZEAL,22.73,22.73
UNIHEALTH,22.84,22.84
ONDOOR,41.03,40.66
PLADAINFO,8.84,8.84
KARNIKA,33.34,33.34
SAAKSHI,79.34,79.34
BASILIC,46.48,46.48
MADHUSUDAN,25.4,25.4
HOLMARC,34.99,34.99
VISHNUINFR,32.81,32.81
INSPIRE,17.89,17.89
MAITREYA,45.53,45.53
VINYAS,205.55,205.55
EMKAYTOOLS,14.55,14.55
AURDIS,15.21,15.21
VSCL,1419.61,1419.61
TRANSWIND,31.93,31.93
RMDRIP,108.04,108.04
TIRUPATI,54.66,54.66
BETA,48.08,48.08
AISL,32.22,32.22
FELIX,66.17,66.17
SOLEX,158.79,158.79
MDL,56.09,52.43
MAHICKRA,83.54,83.54
PARIN,149.19,149.19
DRSDILIP,54.64,54.64
ABINFRA,94.68,96.05
ASCOM,29.21,29.12
PARTYCRUS,20.72,20.72
VMARCIND,37.84,37.84
BEWLTD,33.81,33.81
ABCOTS,59.64,59.64
DKEGL,12.46,12.46
DYNAMIC,76.85,76.85
FOCE,53.11,53.11
JSLL,49.23,49.23
EUROBOND,58.77,58.77
TIMESCAN,14.74,14.74
GSTL,71.15,71.15
KNAGRI,33.49,33.49
KRISHIVAL,69.49,69.49
SWARAJ,27.68,27.68
SKP,63.84,63.84
MWL,29.45,29.45
SABAR,12.98,12.98
SWASTIK,149.21,149.21
BSOFT,28.7,28.7
ACCELYA,29.17,29.24
STAR,148.74,43.25
RAJESHEXPO,229.73,229.73
NRBBEARING,12.45,33.78
IOB,39.99,39.99
AJANTPHARM,48.65,48.65
BLUESTARCO,77.78,77.78
TVSMOTOR,71.76,71.76
PNBGILTS,34.33,37.52
TAJGVK,27.52,27.52
CHENNPETRO,5.24,5.24
GAEL,18.06,18.06
BALAJITELE,104.95,104.95
TIPSINDLTD,61.75,61.75
KHANDSE,95.67,95.67
MARKSANS,37.72,37.72
MOTILALOFS,16.13,16.13
POWERGRID,20,20
BAJAJELEC,89.98,89.98
MHRIL,69.55,69.55
NHPC,23.47,23.47
DEN,11.48,11.48
SARDAEN,25.5,25.4
DLINKINDIA,25.53,25.53
MMTC,147.22,111.23
UNITEDTEA,14.73,14.73
HATHWAY,57.25,56.54
MANINFRA,25.78,25.78
KIRLOSBROS,37.57,37.68
MANAPPURAM,7.93,7.93
BLISSGVS,15.73,7.77
KILITCH,59.24,59.24
GREENPOWER,67.45,105.51
BEDMUTHA,25.24,25.24
RESPONIND,42.73,42.73
RPPINFRA,12.8,12.8
KIRLOSENG,39.81,39.42
DHUNINV,18.92,18.92
SYMPHONY,48.22,48.22
ASHIANA,53.39,53.39
PFIZER,45.81,46.32
DEEPAKFERT,23.26,23.26
BALMLAWRIE,23.84,23.84
RAMCOCEM,57.46,57.46
IGARASHI,137.57,137.57
MUNJALSHOW,23.33,21.91
KARURVYSYA,10.25,10.25
TATAPOWER,43.96,44.31
SIMPLEXINF,18.25,18.25
TATACOMM,64.79,77.25
LIBERTSHOE,60.83,47.54
MANGLMCEM,41.57,41.57
EIHAHOTELS,33.1,33.1
IDBI,16.28,16.28
DHAMPURSUG,15.33,15.33
KOTAKBANK,17.02,19.67
GOLDENTOBC,10.67,12.11
AARTIIND,42.67,42.67
KOPRAN,28.14,28.14
SURYAROSNI,19.36,19.36
SAKHTISUG,4.71,
HINDZINC,25.78,25.78
FINCABLES,29.61,43.18
CGPOWER,119.18,121.88
BEL,50.52,50.52
PEARLPOLY,43.17,43.17
DALMIASUG,14.12,14.12
GARFIBRES,36.73,36.73
SKFINDIA,48.42,48.42
SILINV,20.42,20.42
ZENITHEXPO,2949.05,2949.05
HITECHGEAR,13.91,36.08
PUNJABCHEM,32.88,32.88
GANESHHOUC,16.47,16.47
SKIL,.15,7.22
HERITGFOOD,34.72,34.45
GAIL,15.11,15.11
RADICO,101.25,101.25
JSL,24.14,24.89
TVTODAY,15.13,14.64
PETRONET,12.94,13.04
XPROINDIA,55.75,53.66
NIITLTD,53.72,53.72
ASTRAMICRO,72.28,72.28
JBMA,124.38,124.38
XCHANGING,41.16,41.16
JPPOWER,10.06,7.26
MANGALAM,31.77,31.77
WELCORP,20.05,20.05
PRIMESECU,39.56,44.63
GEOJITFSL,23.24,23.24
SASKEN,32.06,32.06
ORIENTCEM,33.75,33.75
JPOLYINVST,26.76,26.76
CASTROLIND,28.95,28.95
HATSUN,86.2,86.2
SUPERHOUSE,16.19,26.01
LAMBODHARA,41,41
GANECOS,82.31,82.31
ZENTEC,93.79,94.9
AVANTIFEED,22.08,22.08
ARROWGREEN,33.64,33.64
BODALCHEM,351.54,351.54
FILATEX,24.3,24.3
APLLTD,37.67,37.67
PGEL,85.44,85.44
PANAMAPET,12.52,12.52
PAISALO,30.47,30.53
TRITURBINE,84.14,84.14
DSSL,32.85,32.85
POLYMED,96.19,96.19
VIKASECO,42.19,42.19
KANANIIND,101.63,101.63
MINDACORP,53.93,53.93
DBSTOCKBRO,18.31,18.31
SCHNEIDER,105.85,103.98
NDL,18.64,18.64
TBZ,36.37,36.37
VSSL,23.48,23.48
SPECIALITY,26.97,26.97
MAYURUNIQ,20.74,20.74
DUCON,31.97,31.97
ZUARI,5.75,5.75
CARERATING,28.43,28.43
REPCOHOME,8.49,8.49
ATULAUTO,107.72,107.72
SREEL,26.82,26.82
SDBL,24.85,24.85
WONDERLA,35.78,35.78
CAPLIPOINT,30.43,30.43
GOCLCORP,30.84,28.29
SHARDACROP,34.48,34.48
CIGNITITEC,28.81,28.21
INTELLECT,45.27,44.88
FCL,35.73,35.73
GULPOLY,68.03,68.03
GRPLTD,72.45,67.1
GENUSPAPER,89.03,89.03
VISHNU,25.12,25.12
JMA,9.36,9.36
MANAKALUCO,41.33,41.33
BYKE,52.27,52.27
VIPULLTD,1.95,1.92
TPLPLASTEH,41.42,41.42
PNCINFRA,9.03,9.03
ORICONENT,83.08,53.84
RAMASTEEL,83.44,83.44
PKTEA,22.37,22.37
ARVSMART,68.18,68.18
GUJGASLTD,34.7,35.96
COFFEEDAY,,5.71
BALAXI,13.4,16.17
UMANGDAIRY,63.25,63.25
KRIDHANINF,,58
LINCOLN,15.67,15.67
OCCL,8.1,8.1
QUICKHEAL,92.54,92.54
VIDHIING,61.53,61.53
KELLTONTEC,21.1,21.1
PDMJEPAPER,10.07,10.07
INFIBEAM,39.74,39.74
CROMPTON,61.58,61.58
SHRIPISTON,22.4,22.4
BLS,47.73,47.73
SALONA,24.14,24.14
PREMEXPLN,111.32,111.32
MGL,14.85,14.85
MOLDTECH,25.02,25.02
COMPINFO,.7,.7
GPTINFRA,33.49,33.49
QUESS,35.27,34.27
SOMICONVEY,43.08,43.08
ADVENZYMES,41.83,39.06
SPAL,27.22,27.22
NDGL,13.36,13.36
RBLBANK,10.08,10.08
BIGBLOC,69.27,69.27
LTTS,46.75,46.75
GNA,19.84,19.84
MARATHON,23.71,23.71
HPL,71.34,71.34
ENDURANCE,47.88,47.88
MAZDA,19.75,19.75
PNBHOUSING,18.54,18.54
KINGFA,33.04,33.04
PODDARMENT,14.56,14.56
NBIFIN,150.64,150.64
SFL,51,72.57
LAURUSLABS,179.3,179.3
ITDC,92.33,92.23
HISARMETAL,18.69,18.69
SPCENET,129.33,129.33
BHANDARI,25.84,25.84
BSE,76.57,76.57
RADIOCITY,63.66,63.66
INTENTECH,19.02,19.02
ARIHANTSUP,25.18,25.18
NRAIL,7.84,7.84
SCHAND,17.25,17.25
BHAGYANGR,34.15,34.15
TEJASNET,131.34,131.34
AUBANK,32.56,31.37
DYNPRO,109.33,109.33
THEINVEST,36.63,36.63
COCHINSHIP,55.64,55.64
SKIPPER,46.95,46.95
SYNGENE,75.54,78.23
MUTHOOTCAP,5.05,
POWERMECH,39.7,39.64
SHREEPUSHK,19.69,19.69
IDFCFIRSTB,19.25,19.25
SHK,376.44,23.71
TTKHLTCARE,31.22,38.71
PILANIINVS,39.88,39.88
LALPATHLAB,73.13,73.13
NH,33.1,33.1
PRECAM,52.68,75.17
HITECH,56.51,56.51
NECCLTD,30.38,30.38
SEQUENT,314.79,
KDDL,33.03,33.11
HECPROJECT,19.49,19.49
THYROCARE,60.62,60.5
ARMANFIN,10.79,10.79
JITFINFRA,20.28,23.36
NITIRAJ,25.3,25.3
AKASH,37.48,37.48
AIRAN,15.63,15.63
URJA,420.12,420.12
SHANKARA,17.36,17.36
WIPL,55.43,55.43
SIKKO,34.56,34.56
INFOBEAN,40.31,40.31
ERIS,48.24,48.24
ACEINTEG,59.01,59.01
SALASAR,67.83,67.83
GANGESSECU,34.31,34.31
TOTAL,784.5,784.5
VAISHALI,266.86,266.86
GEEKAYWIRE,15.15,15.15
APEX,53.64,53.64
MATRIMONY,35.04,35.04
SBILIFE,91.02,91.02
GATECHDVR,12.25,12.25
GODREJAGRO,45.43,45.43
NIACL,36.49,36.49
HDFCLIFE,92.89,92.89
ZODIAC,76.26,76.26
TOUCHWOOD,49.22,49.23
BCONCEPTS,78.09,78.09
SINTERCOM,299.46,299.46
RAJMET,33.23,33.23
KSHITIJPOL,19.01,49.04
SILGO,21.18,21.18
BBTCL,32.56,32.56
ATGL,130.38,130.38
UNIPARTS,19.71,19.71
TREJHARA,28.14,229.57
RPSGVENT,35.41,35.41
ANUP,41.41,41.41
RVNL,85.34,85.34
METROPOLIS,81.1,81.1
NEOGEN,110.19,110.19
EMAMIPAP,8.05,8.05
PPL,15.13,15.13
INDIAMART,46.23,46.23
AFFLE,69.8,69.8
WESTLIFE,304.38,304.38
MAZDOCK,39.75,39.75
SAFARI,73.31,73.31
IIFLSEC,15.7,15.7
VISHWARAJ,68.75,68.75
KUANTUM,7.98,7.98
APOLLOPIPE,60.35,60.35
ROUTE,28.22,29.3
SIGMA,22.28,22.28
EQUITASBNK,15.32,15.32
HINDWAREAP,75.44,75.44
LIKHITHA,24.45,24.45
PATANJALI,71.66,71.66
ATALREAL,39.49,39.49
MAHEPC,,2214.52
POWERINDIA,316.35,316.35
RAJRATAN,40.18,40.18
AARTISURF,29.57,29.57
NDRAUTO,57.9,57.9
PAVNAIND,51.02,51.02
SIGACHI,31.18,31.18
NIRAJ,28.46,19.11
CAMS,56.67,56.67
UTIAMC,19.5,19.5
ORCHPHARMA,69.34,69.34
INDIGOPNTS,49.7,49.7
MTARTECH,135.68,135.68
STARHEALTH,41.3,41.3
SGIL,56.08,56.08
SJS,31.95,31.95
POLICYBZR,598.08,798.86
MONARCH,20.4,20.39
EPIGRAL,34.01,34.01
CMSINFO,26.05,26.05
TARSONS,63.47,63.47
TEGA,58.93,58.93
METROBRAND,83.53,83.53
PASUPTAC,23.1,23.1
MAPMYINDIA,81.3,81.3
KRITI,38.74,38.74
GANESHBE,18.55,18.55
MEDICAMEQ,94.02,94.02
UMAEXPORTS,27.34,26.84
AHL,23.31,23.31
ASIANENE,52.99,49.97
NRL,73.53,73.53
CHOICEIN,64.41,64.41
GRWRHITECH,30.56,30.56
EMUDHRA,89.13,89.13
STARTECK,16.74,16.74
ELDEHSG,27.76,27.76
SEJALLTD,89.69,89.69
RELCHEMQ,109.42,109.42
SYRMA,71.45,70.88
CAMPUS,118.62,118.62
VENUSPIPES,49.23,49.23
MEGASTAR,71.01,71.01
RACE,689.09,689.09
ETHOSLTD,133.02,133.02
MSUMI,46.28,46.28
HARSHA,38.13,38.13
GMRP&UI,6.04,
ACI,32.31,32.31
RITCO,26.48,26.48
CHEVIOT,10.78,10.78
YATHARTH,39.73,39.73
NGLFINE,31.22,31.22
USASEEDS,24.35,24.35
KORE,167.02,163.38
ALLETEC,75.75,75.75
CLOUD,3.49,3.49
ANNAPURNA,69.18,69.18
PHANTOMFX,21.27,21.27
IPSL,30.17,30.17
JIWANRAM,20.19,20.19
FROG,30.97,30.97
ANLON,60.1,60.1
CMNL,22.74,22.42
RBMINFRA,88.15,88.15
DUCOL,44.32,44.32
VIAZ,29.97,29.97
AGARWALFT,360.87,360.87
QFIL,23.56,23.56
NIRMAN,53.92,53.92
YCCL,37.05,37.05
PATTECH,54.87,54.87
SOTAC,46.35,45.26
CRAYONS,17.25,17.25
URBAN,28.91,28.91
KRISHCA,37.2,37.2
AATMAJ,71.2,71.2
PENTAGON,20.33,20.33
SEL,172.94,172.94
PROV,71.48,71.48
MAGSON,25.91,25.91
MONOPHARMA,25.87,25.87
SSFL,89.3,89.3
SAHAJ,25.8,25.8
GODREJCP,,77.74
LUPIN,44.99,44.99
TCI,30.58,30.35
BHARTIARTL,106.66,88.51
PONNIERODE,9.84,9.84
TIMESGTY,62.21,62.21
NUCLEUS,21.28,21.28
CANBK,5.9,5.9
RADAAN,12.49,12.49
MARUTI,26.83,26.83
UCOBANK,29.96,29.96
NSIL,34.74,34.74
JAIBALAJI,20.56,20.56
MUKANDLTD,23.89,23.89
VAIBHAVGBL,42.11,40.27
RKFORGE,53.06,52.99
CCL,37.35,37.35
EXCELINDUS,46.38,46.38
CENTEXT,26.54,26.94
TCS,34.75,34.23
TEXINFRA,444.98,444.98
INDSWFTLTD,3.23,3.23
NTPC,19.23,19.23
KOTARISUG,41.62,41.62
DWARKESH,39.99,39.99
SUPRAJIT,42.86,42.86
PATELENG,17.09,22.34
CONSOFINVT,11.98,11.98
EVEREADY,73.3,73.3
GOKEX,52.33,52.33
IIFL,12.03,12.03
SSWL,5.18,15.19
CYBERMEDIA,15.52,20.14
JKPAPER,8.03,8.03
GRANULES,27.34,27.34
GENUSPOWER,98.59,98.59
NECLIFE,191.36,191.36
SPLIL,16.45,16.44
RML,95.11,18.62
BINANIIND,37.54,
GEECEE,19.59,19.59
FIEMIND,25.33,25.33
LAOPALA,34.32,34.32
AMDIND,116.75,116.75
BALAMINES,35.06,35.06
AROGRANITE,58.53,58.53
ALPHAGEO,32.81,18.96
KMSUGAR,15.92,15.92
NELCAST,21.19,30.21
MEGASOFT,83.65,83.65
CENTRALBK,17.11,17.11
IMPAL,22.46,22.46
AURIONPRO,64.58,64.58
AIAENG,36.46,36.48
NAHARINDUS,40.72,36.28
VIMTALABS,34.56,34.56
NITINSPIN,16.13,16.13
ENIL,31.33,31.33
GSPL,10.45,10.65
SAKUMA,22.05,22.05
KEC,65.14,65.14
JKCEMENT,42.49,42.97
INDOTECH,42.57,42.57
BLKASHYAP,38.17,41.03
CENTURYPLY,65.88,64.4
SOLARINDS,103.57,103.57
GALLANTT,28.81,28.81
KKCL,26.78,26.78
SUNTV,17.28,17.28
GPIL,12.91,12.91
BALPHARMA,28.27,28.27
SWELECTES,35.31,82.86
RATNAMANI,44.59,44.59
JKLAKSHMI,19.9,20.17
ALLCARGO,206.24,124.89
EMAMILTD,46.28,45.97
VOLTAMP,60.36,60.36
SELAN,29.59,29.59
ANANTRAJ,72.2,72.2
HOVS,37.02,37.02
TALBROAUTO,21.28,30.29
GESHIP,6.31,6.31
VENUSREM,16.59,16.59
NFL,37.78,37.78
PARACABLES,29.86,29.86
TANLA,22.99,22.99
SARLAPOLY,17.82,17.82
PTL,22.39,22.39
GANDHITUBE,18.3,18.3
IZMO,23.53,23.53
TIIL,28.64,27.93
REDINGTON,12.44,12.44
PFC,7.69,7.69
PAGEIND,83.96,83.96
JKTYRE,13.39,13.04
NCLIND,13.21,13.21
BANSWRAS,20.58,20.58
PHOENIXLTD,44.26,44.24
FORTIS,64.43,65.52
WEBELSOLAR,,395.18
NAVINFLUOR,62.29,75.79
NAGREEKEXP,21.83,21.83
V2RETAIL,100.96,100.96
DLF,125.92,125.92
ADSL,34.51,34.51
PURVA,133.43,133.43
INDOWIND,44.76,44.76
MAGNUM,39.57,138.58
CENTUM,,4237.83
DELTACORP,17.84,22.32
CERA,47.37,47.13
ADANIPORTS,33.89,32.31
EDELWEISS,22.06,22.06
KAUSHALYA,2.64,2.64
JYOTHYLAB,54.57,54.57
HITECHCORP,21.7,22.43
BRIGADE,70.96,70.96
MANAKSIA,8.94,6.78
ARIES,17.6,17.6
BIRLAMONEY,14.49,14.49
CORDSCABLE,23.95,23.95
HERCULES,51.15,51.15
IRB,40.04,40.04
NMDC,11.01,10.63
GSS,30.15,30.15
RECLTD,10.21,10.21
VGUARD,68.52,68.52
NESCO,19.24,19.24
BAJAJ-AUTO,42.36,42.36
GOKUL,310.25,24.35
ALMONDZ,22.28,57.31
RANEENGINE,32.64,26.52
ARCHIDPLY,117.62,117.62
LOTUSEYE,73.63,74.43
VINYLINDIA,33.46,33.46
JOCIL,81.54,81.54
COUNCODOS,37.59,37.59
HINDNATGLS,1.69,.93
AJMERA,21.17,21.17
EXCEL,55.44,55.44
ADANIPOWER,15.29,15.29
GLOBUSSPR,48.14,48.14
SUNTECK,86.4,86.4
SHILPAMED,167.73,180.54
JSWENERGY,68.85,68.85
GODREJPROP,67.53,67.53
BEARDSELL,20.3,20.3
JUBLFOOD,118.37,204.37
EMMBI,25.34,25.34
TEXMOPIPES,82.86,19.14
LGBBROSLTD,15.72,16.45
ISFT,25.08,25.08
KSL,20.37,20.37
UMESLTD,128.35,128.35
TI,40.34,39.57
IMFA,9.17,9.17
PRAKASHSTL,4.54,76.91
ADFFOODS,41.8,41.8
DEEPAKNTR,46.3,49.79
CAREERP,14.62,14.62
RAMKY,17.19,17.19
ASHOKA,10.82,12.24
OBEROIRLTY,30.26,30.26
COALINDIA,8.64,8.64
JINDWORLD,90.54,90.54
JAMNAAUTO,25.68,25.68
MOIL,22.51,22.51
SUMMITSEC,41.26,36.25
JUBLINDS,77.17,39.16
HFCL,58.45,58.45
MUTHOOTFIN,17.5,17.5
PIIND,40.65,40.65
VSTTILLERS,33.47,33.47
KARMAENG,120.78,158.66
MAITHANALL,4.24,4.24
INVENTURE,14.74,12.81
PENINLAND,26.73,27.88
WHEELS,29.79,29.79
PREMIERPOL,24.14,24.14
SMLISUZU,23.47,23.47
FACT,2508.95,305.63
EXIDEIND,46.93,46.93
ELECON,41.14,41.14
LAXMIMACH,60.14,60.14
NELCO,127.89,127.89
MAHSCOOTER,58.08,59.98
TRENT,165.95,249.67
KECL,93.98,93.98
KCP,11.46,11.38
JAYBARMARU,35.06,35.06
INFY,30.26,30.26
IFBIND,70.66,70.66
IGPL,51.58,51.58
GNFC,18.83,18.83
BHARATFORG,86.74,78.21
BASF,43.85,44.51
ARVIND,32.47,32.57
TATAMOTORS,10.87,10.81
MRPL,12.7,12.67
LINDEINDIA,159.61,159.61
ESCORTS,40.68,40.68
BAJAJHLDNG,80.82,80.82
ASHOKLEY,27.26,26.71
TATASTEEL,,53.1
SUNDARMFIN,35.47,34.01
VEDL,19.05,21.39
RELIANCE,25.58,25.58
DRREDDY,20.03,20.03
BATAINDIA,56.06,74.13
CARBORUNIV,66.87,66.87
COROMANDEL,33.4,33.4
VINDHYATEL,28.99,28.99
ASIANPAINT,64.03,64.03
BEML,57.09,57.09
TORNTPHARM,67.33,70.3
FEDERALBNK,11.22,11.22
VIPIND,12102.64,12102.64
BIRLACABLE,76.62,76.62
UNICHEMLAB,,2545.78
JTEKTINDIA,41.64,41.64
SUNPHARMA,42.33,41.71
SANDESH,6.79,6.79
APOLLOHOSP,95.8,95.91
BALKRISIND,36.89,36.89
RAJSREESUG,21.27,21.27
ONGC,7.8,7.6
TIL,9.65,
TAINWALCHM,40.65,40.65
JINDALPOLY,24.81,109.78
JYOTISTRUC,77.47,77.47
BLUEDART,66.21,66.21
JAYNECOIND,33.66,30.03
SOTL,21.78,21.78
RANASUG,23.12,23.12
ARENTERP,15.29,15.29
UFLEX,,13.38
THOMASCOOK,37.27,37.27
SPMLINFRA,148.93,176.13
SIEMENS,97.21,97.21
VSTIND,27.61,27.61
UNIVCABLES,79.93,79.93
TOKYOPLAST,90.32,90.32
IFCI,65.26,65.84
M&M,31.11,31.11
KABRAEXTRU,59.03,59.03
PRSMJOHNSN,99.47,
POLYPLEX,20.04,20.04
3PLAND,40.78,40.78
HONDAPOWER,40.86,42.62
SAIL,22.25,15.01
ABB,101.18,101.18
GRAPHITE,9.59,36.14
BBL,42.81,42.81
ELECTCAST,16.02,16.02
CIPLA,30.92,29.88
HEROMOTOCO,27.9,27.9
GIPCL,16.67,16.67
ITC,31.02,31.01
HINDCOMPOS,26.49,26.49
KAMATHOTEL,12.88,68.63
APOLLOTYRE,20.56,19.51
SHANTIGEAR,55,55
PRECWIRE,44.39,44.39
NILKAMAL,28.56,28.56
ICIL,23.71,23.71
SEAMECLTD,25.27,26.79
AUROPHARMA,25.76,25.29
EIHOTEL,37.59,37.09
LICHSGFIN,8.39,8.39
GICHSGFIN,8.86,8.86
MOREPENLAB,43.42,43.42
WSTCSTPAPR,6.44,6.44
VENKEYS,23.89,23.89
GHCL,12.83,12.83
EVERESTIND,110.47,131.39
BPL,22.12,22.12
PGHH,80.08,80.08
VESUVIUS,42.36,42.36
BOMDYEING,1.43,
NAVNETEDUL,4.26,18.32
GLAXO,76.89,68.06
CHOLAFIN,36.31,36.31
INDHOTEL,80.05,80.05
LYKALABS,1002.81,506.53
GILLETTE,70.34,70.34
FOSECOIND,45.38,45.59
GABRIEL,38.95,38.95
SCHAEFFLER,68.36,68.1
AMJLAND,17.28,17.28
KSB,75.2,75.2
GODFRYPHLP,55.95,52.81
TIMKEN,71.02,71.02
SHREECEM,44.41,44.41
INGERRAND,57.81,57.81
HINDALCO,14.04,13.77
GSFC,16.67,16.72
FINPIPE,22.98,38.15
DCW,230.08,213.72
CESC,17.85,21.68
CORALFINAC,10.94,10.94
GREENPLY,43.28,47.58
AUTOAXLES,18.47,18.47
NATCOPHARM,17.32,17.32
MRF,28.23,28.23
ANDHRSUGAR,34.46,32.63
STARPAPER,6.43,6.27
EIMCOELECO,35.23,35.23
JAYAGROGN,15.31,15.31
CUBEXTUB,34.02,34.02
SAMBHAAV,36.57,41.47
KEYFINSERV,6.52,6.52
SOMATEX,5.51,
AARTIDRUGS,30.76,30.76
INDIANCARD,2.34,
DENORA,39.52,39.52
DYNAMATECH,57.98,105.69
MMFL,20.55,20.69
JAGSNPHARM,53.1,47.17
MPHASIS,38.07,38.07
RAMCOIND,27.81,27.81
INDRAMEDCO,31.77,31.77
BANKBARODA,6.63,6.63
MADRASFERT,20.83,12.81
SKMEGGPROD,11.35,11.35
CONCOR,46.86,46.86
HUDCO,22.68,22.68
INDSWFTLAB,2.92,15.43
FDC,30.94,30.94
ADROITINFO,15.06,15.06
JAICORPLTD,101.61,101.61
MAHAPEXLTD,.55,38.22
ASAHIINDIA,56.62,56.62
TRIGYN,23.24,23.24
KOTHARIPRO,37.09,37.09
SOUTHBANK,5.71,5.71
ITDCEM,26.6,26.6
CYIENT,34.75,32.77
SONATSOFTW,65.43,5.37
CYBERTECH,29.09,29.09
GOACARBON,9.5,9.5
SANGHVIMOV,19.06,19.06
STCINDIA,15.61,16.52
RSSOFTWARE,35.41,35.41
NATIONALUM,14.49,16.81
JINDALSTEL,18.82,18.82
ALEMBICLTD,39.12,39.12
ABCAPITAL,18.23,18.23
TCPLPACK,27.68,27.68
MASFIN,19.08,19.08
5PAISA,27.62,27.62
NEWGEN,62.15,62.15
GALAXYSURF,35.19,35.19
GMMPFAUDLR,41.69,41.69
HGINFRA,18.53,18.92
SUNDARMHLD,39.8,39.8
HAL,37.81,37.81
SANDHAR,31.46,32.52
LEMONTREE,60.33,60.33
ORIENTELEC,78,98.82
INDOSTAR,38.89,38.89
FINEORG,37.99,37.95
VARROC,17.5,17.5
HBSL,3.1,3.1
CREDITACC,13.45,13.45
IRCON,25.41,25.41
TECHNOE,62.8,62.8
DALBHARAT,41.72,37.3
PAKKA,35.01,35.01
BHARATWIRE,21.72,21.72
PARAGMILK,23.08,23.08
ASPINWALL,17.96,17.96
TASTYBITE,207.45,207.45
CLEDUCATE,42.1,45.22
STARCEMENT,36.85,36.85
GTPL,20.87,20.87
AVADHSUGAR,12.87,12.87
OPTIEMUS,97.62,97.62
DIXON,180.12,180.12
ICICIGI,95.09,95.09
DIAMONDYD,39.64,39.64
IEX,54.48,54.48
TIINDIA,64.88,65.49
KHADIM,126.33,126.33
SHALBY,39.45,39.45
APOLLO,86.68,86.68
CHALET,77.46,77.46
