SERIES,SYMBOL,SECURITY,RECORD_DT,BC_STRT_DT,BC_END_DT,EX_DT,ND_STRT_DT,ND_END_DT,PURPOSE
BE,CUPID,Cupid Limited,04/04/2024, , ,04/04/2024, , ,FVSPLT FRM RS 10 TO RE 1 
BE,ASHOKLEY,ASHOK LEYLAND LTD,03/04/2024, , ,03/04/2024, , ,INTDIV - RS 4.95 PER SH  
BE,PERSISTENT,Persistent Systems Ltd,01/04/2024, , ,28/03/2024, , ,FV SPLT FRM RS10 TO RS 5 
BE,VBL,Varun Beverages Limited,04/04/2024, , ,04/04/2024, , ,DIV - RS 1.25 PER SH     
BE,TVSHLTD,Sundaram Clayton Limited,02/04/2024, , ,02/04/2024, , ,INTDIV - RS 94 PER SH    
BE,IMFA,Indian Metals & Ferro,08/04/2024, , ,08/04/2024, , ,SPLDIV - RS 15 PER SH    
BE,ESABINDIA,Esabindia-depo,05/04/2024, , ,05/04/2024, , ,INTDIV - RS 24 PER SH    
BE,SUNTV,Sun TV Network Limited,08/04/2024, , ,08/04/2024, , ,INTDIV - RS 3 PER SH     
BE,BDL,Bharat Dynamics Limited,02/04/2024, , ,02/04/2024, , ,INTDIV - RS 8.85 PER SH  
BE,CUPID,Cupid Limited,04/04/2024, , ,04/04/2024, , ,BONUS 1:1                
BE,CRISIL,CRISIL Limited, ,01/04/2024,02/04/2024,28/03/2024, , ,AGM/DIV - RS 28 PER SH   
BE,BTML,Bodhi Tree Multimedia Ltd,05/04/2024, , ,05/04/2024, , ,FVSPLT FRM RS 10 TO RE 1 
BE,VBL,Varun Beverages Limited, ,27/03/2024,03/04/2024,26/03/2024, , ,ANNUAL GENERAL MEETING   
EQ,ASHOKLEY,Ashok Leyland Ltd.,03/04/2024, , ,03/04/2024, , ,INTDIV - RS 4.95 PER SH  
EQ,VBL,Varun Beverages Limited,04/04/2024, , ,04/04/2024, , ,DIV - RS 1.25 PER SH     
EQ,IMFA,Indian Metals & Ferro,08/04/2024, , ,08/04/2024, , ,SPLDIV - RS 15 PER SH    
EQ,VBL,Varun Beverages Limited, ,27/03/2024,03/04/2024,26/03/2024, , ,ANNUAL GENERAL MEETING   
EQ,SUNTV,Sun TV Network Limited,08/04/2024, , ,08/04/2024, , ,INTDIV - RS 3 PER SH     
EQ,CUPID,Cupid Limited,04/04/2024, , ,04/04/2024, , ,BONUS 1:1                
EQ,CUPID,Cupid Limited,04/04/2024, , ,04/04/2024, , ,FVSPLT FRM RS 10 TO RE 1 
EQ,TVSHLTD,Sundaram Clayton Limited,02/04/2024, , ,02/04/2024, , ,INTDIV - RS 94 PER SH    
EQ,BDL,Bharat Dynamics Limited,02/04/2024, , ,02/04/2024, , ,INTDIV - RS 8.85 PER SH  
EQ,PERSISTENT,Persistent Systems Ltd,01/04/2024, , ,28/03/2024, , ,FV SPLT FRM RS10 TO RS 5 
EQ,CRISIL,CRISIL Limited, ,01/04/2024,02/04/2024,28/03/2024, , ,AGM/DIV - RS 28 PER SH   
EQ,ESABINDIA,Esab India Ltd.,05/04/2024, , ,05/04/2024, , ,INTDIV - RS 24 PER SH    
EQ,BTML,Bodhi Tree Multimedia Ltd,05/04/2024, , ,05/04/2024, , ,FVSPLT FRM RS 10 TO RE 1 
GS,GS100424C,GOI STRIPS C 100424,08/04/2024, , ,08/04/2024, , ,REDEMPTION               
GS,GS260424C,GOI STRIPS C 260424,24/04/2024, , ,24/04/2024, , ,REDEMPTION               
N8,IRFC,BOND 8.40% PA TF TI-SIIA,01/04/2024, , ,28/03/2024, , ,INTEREST PAYMENT         
NA,IRFC,BOND 8.65% PA TF TI-SIIB,01/04/2024, , ,28/03/2024, , ,INTEREST PAYMENT         
NC,IRFC,BOND 8.63% PA TF TII-SIIA,01/04/2024, , ,28/03/2024, , ,INTEREST PAYMENT         
NE,IRFC,BOND 8.88% PA TF TII-SIIB,01/04/2024, , ,28/03/2024, , ,INTEREST PAYMENT         
SG,670OR24,SDL OR 6.70% 2024,05/04/2024, , ,05/04/2024, , ,REDEMPTION               
SG,668AP24,SDL AP 6.68% 2024,12/04/2024, , ,12/04/2024, , ,REDEMPTION               
SG,576TN24,SDL TN 5.76% 2024,19/04/2024, , ,19/04/2024, , ,REDEMPTION               
SG,676PN24,SDL PN 6.76% 2024,05/04/2024, , ,05/04/2024, , ,REDEMPTION               
U8,IRFC,BOND 8.40% PA TF TI-SIIA,01/04/2024, , ,28/03/2024, , ,INTEREST PAYMENT         
UA,IRFC,BOND 8.65% PA TF TI-SIIB,01/04/2024, , ,28/03/2024, , ,INTEREST PAYMENT         
UC,IRFC,BOND 8.63% PA TF TII-SIIA,01/04/2024, , ,28/03/2024, , ,INTEREST PAYMENT         
UE,IRFC,BOND 8.88% PA TF TII-SIIB,01/04/2024, , ,28/03/2024, , ,INTEREST PAYMENT         

