SYMBOL,SERIES,SECURITY,HIGH/LOW,INDEX FLAG
21STCENMGM,BE,21ST CENTURY MGMT SERVICE,H
3PLAND,BE,3P LAND HOLDINGS LIMITED,H
63MOONS,EQ,63 MOONS TECHNOLOGIES LTD,H
AAKASH,EQ,AAKASH EXPLORATION SER L,H
AAREYDRUGS,BE,AAREY DRUGS & PHARM LTD,H
AARTECH,EQ,AARTECH SOLONICS LIMITED,H
ABAN,BE,ABAN OFFSHORE LTD.,H
ABINFRA,SM,A B INFRABUILD LIMITED,H
ABMINTLLTD,EQ,ABM INTERNATIONAL LTD,H
ACEINTEG,EQ,ACE INTEGRATED SOLU. LTD.,H
ACL,EQ,ANDHRA CEMENTS LIMITED,H
ADANIPOWER,EQ,ADANI POWER LTD,H
ADROITINFO,BE,ADROIT INFOTECH LIMITED,H
ADROITPP,X1,ADROITINF RS.2.50 PPD UP,H
AGNI,ST,AGNI GREEN POWER LTD,H
AGSTRA,BE,AGS TRANSACT TECH LTD,H
AGUL,ST,A G UNIVERSAL LIMITED,H
AILIMITED,SM,ABHISHEK INTEGRATIONS LTD,H
AIRAN,BE,AIRAN LIMITED,H
AKANKSHA,SM,AKANKSHA POWER N INFRA L,H
AKASH,BE,AKASH INFRA-PROJECTS LTD,H
AKI,BE,AKI INDIA LIMITED,H
AKSHAR,BE,AKSHAR SPINTEX LIMITED,H
AKSHOPTFBR,BE,AKSH OPTIFIBRE  LTD,H
ALANKIT,BE,ALANKIT LIMITED,H
ALKALI,EQ,ALKALI METALS LTD,H
ALMONDZ,BE,ALMONDZ GLOBAL SEC LTD,H
ALOKINDS,BE,ALOK INDUSTRIES LIMITED,H
ALPEXSOLAR,SM,ALPEX SOLAR LIMITED,H
ANIKINDS,EQ,ANIK INDUSTRIES LTD,H
ANKITMETAL,EQ,ANKIT MET & POW LTD,H
ANSALAPI,BZ,ANSAL PROP & INFRA LTD,H
APOLLO,EQ,APOLLO MICRO SYSTEMS LTD,H
ARCHIES,BE,ARCHIES LTD,H
ARENTERP,EQ,RAJDARSHAN INDUSTRIES LTD,H
ARSHIYA,BE,ARSHIYA LIMITED,H
ARSSINFRA,BE,ARSS INFRA PROJ. LTD,H
ARTNIRMAN,BE,ART NIRMAN LIMITED,H
ASHOKAMET,BE,ASHOKA METCAST LIMITED,H
ASIANENE,EQ,ASIAN ENERGY SERVICES LTD,H
ASMS,EQ,BARTRONICS INDIA LIMITED,H
ASTRON,BE,ASTRON PAPER BORD MIL LTD,H
ATAM,EQ,ATAM VALVES LIMITED,H
ATLANTAA,EQ,ATLANTAA LIMITED,H
AURIONPRO,BE,AURIONPRO SOLN LTD,H
AUROIMPEX,SM,AURO IMPEX & CHEMICALS L,H
AURUM,BE,AURUM PROPTECH LIMITED,H
AXISCADES,EQ,AXISCADES TECH LTD,H
BAGFILMS,BE,B.A.G FILMS AND MEDIA LTD,H
BALAJITELE,EQ,BALAJI TELEFILMS LIMITED.,H
BANKA,BE,BANKA BIOLOO LIMITED,H
BASML,EQ,BANNARI AM SPIN MILL LTD.,H
BAWEJA,SM,BAWEJA STUDIOS LIMITED,H
BBOX,EQ,BLACK BOX LIMITED,H
BEARDSELL,EQ,BEARDSELL LIMITED,H
BGLOBAL,BZ,BHARATIYA GLOBAL INFO LTD,H
BGRENERGY,BE,BGR ENERGY SYSTEMS LTD,H
BHAGYANGR,EQ,BHAGYANAGAR INDIA LIMITED,H
BHANDARI,EQ,BHANDARI HOSIERY EXP LTD,H
BHARATWIRE,BE,BHARAT WIRE ROPES LTD.,H
BIL,EQ,BHARTIYA INTERNATIONAL,H
BINANIIND,BE,BINANI INDUSTRIES LTD,H
BIRLAMONEY,BE,ADITYA BIRLA MONEY LTD,H
BLAL,EQ,BEML LAND ASSETS LIMITED,H
BLUECOAST,BE,BLUE COAST HOTELS LIMITED,H
BOHRAIND,BE,BOHRA INDUSTRIES LIMITED,H
BRIGHT,SM,BRIGHT SOLAR LIMITED,H
BRNL,BE,BHARAT ROAD NETWORK LTD,H
BROOKS,BE,BROOKS LAB LIMITED,H
BSL,EQ,BSL LTD,H
BURNPUR,EQ,BURNPUR CEMENT LTD.,H
BYKE,EQ,THE BYKE HOSPITALITY LTD,H
CAREERP,BE,CAREER POINT LIMITED,H
CCHHL,BE,COUNTRY CLUB HOSP HOL LTD,H
CELLECOR,SM,CELLECOR GADGETS LIMITED,H
CENTEXT,BE,CENTURY EXTRUSIONS LTD,H
CEREBRAINT,BE,CEREBRA INT TECH LTD,H
CLOUD,SM,VARANIUM CLOUD LIMITED,H
CMMIPL,ST,CMM INFRAPROJECTS LIMITED,H
CMNL,SM,CHAMAN METALLICS LIMITED,H
COMPINFO,BZ,COMPUAGE INFOCOM LTD,H
COMPUSOFT,EQ,COMPUCOM SOFTWARE LTD,H
CORALFINAC,BE,CORAL INDIA FIN & HOUS LT,H
CORDSCABLE,BE,CORDS CABLE INDUS LTD.,H
COUNCODOS,EQ,COUNTRY CONDO S LIMITED,H
CRAYONS,SM,CRAYONS ADVERTISING LTD,H
CTE,BE,CAMBRIDGE TECH ENTER LTD,H
DANGEE,EQ,DANGEE DUMS LIMITED,H
DBREALTY,EQ,D B REALTY LIMITED,H
DBSTOCKBRO,EQ,DB (INT) STOCK BROKERS,H
DEVIT,EQ,DEV INFO TECHNOLOGY LTD,H
DGCONTENT,EQ,DIGICONTENT LIMITED,H
DIGIDRIVE,BE,DIGIDRIVE DISTRIBUTORS L,H
DIGISPICE,EQ,DIGISPICE TECHNOLOGIES LT,H
DIGJAMLMTD,BE,DIGJAM LTD,H
DIL,EQ,DEBOCK INDUSTRIES LIMITED,H
DOLPHIN,BE,DOLPHIN OFF ENT (IND) L,H
DPSCLTD,EQ,DPSC LIMITED,H
DREDGECORP,BE,DREDGING CORP OF INDIA,H
DUCON,BE,DUCON INFRATECHNOLOGIES L,H
DVL,EQ,DHUNSERI VENTURES LIMITED,H
EDUCOMP,BZ,EDUCOMP SOLUTIONS LTD,H
EMSLIMITED,EQ,EMS LIMITED,H
ENFUSE,ST,ENFUSE SOLUTIONS LIMITED,H
EROSMEDIA,EQ,EROS INTL MEDIA LTD,H
ESCONET,SM,ESCONET TECHNOLOGIES LTD,H
ESSARSHPNG,EQ,ESSAR SHIPPING LTD,H
EXCEL,BE,EXCEL REALTY N INFRA LTD,H
FCONSUMER,BE,FUTURE CONSUMER LIMITED,H
FCSSOFT,EQ,FCS SOFTWARE SOLN. LTD.,H
FEL,BZ,FUTURE ENTERPRISES LTD,H
FELDVR,BE,FUTURE ENTERPRISES LTD,H
FELIX,ST,FELIX INDUSTRIES LTD.,H
FIBERWEB,EQ,FIBERWEB INDIA LIMITED,H
FLEXITUFF,EQ,FLEXITUFF VENTURES INT L,H
FMNL,BE,FUTURE MKT NETWORKS LTD,H
FRETAIL,BZ,FUTURE RETAIL LIMITED,H
GANECOS,EQ,GANESHA ECOSPHERE LIMITED,H
GANESHHOUC,EQ,GANESH HOUSING CORP LTD,H
GANGAFORGE,BE,GANGA FORGING LIMITED,H
GATECH,BE,GACM TECHNOLOGIES LIMITED,H
GATECHDVR,BE,GACM TECHNOLOGIES LIMITED,H
GEEKAYWIRE,EQ,GEEKAY WIRES LIMITED,H
GENCON,EQ,GENERIC ENG CONS PROJ LTD,H
GENSOL,EQ,GENSOL ENGINEERING LTD,H
GENUSPOWER,EQ,GENUS POWER INFRASTRU LTD,H
GFSTEELS,BE,GRAND FOUNDRY LTD,H
GILLANDERS,BE,GILLANDERS ARBUTHNOT LTD,H
GINNIFILA,EQ,GINNI FILAMENTS LTD,H
GIRIRAJ,ST,GIRIRAJ CIVIL DEVP LTD,H
GKWLIMITED,EQ,GKW LIMITED,H
GLFL,BE,GUJARAT LEASE FINANCING L,H
GMRP&UI,EQ,GMR POW AND URBAN INFRA L,H
GOENKA,BZ,GOENKA DIAMOND&JEWELS LTD,H
GOKUL,BE,GOKUL REFOILS & SOLV LTD,H
GOLDENTOBC,BZ,GOLDEN TOBACCO LIMITED,H
GOYALALUM,BE,GOYAL ALUMINIUMS LIMITED,H
GRAPHISAD,SM,GRAPHISADS LIMITED,H
GRCL,SM,GAYATRI RUBB AND CHEM LTD,H
GREENCHEF,SM,GREENCHEF APPLIANCES LTD,H
GREENPOWER,BE,ORIENT GREEN POWER CO LTD,H
GSLSU,EQ,GLOBAL SURFACES LIMITED,H
GSS,BE,GSS INFOTECH LIMITED,H
GSTL,SM,GLOBESECURE TECHNO LTD,H
GTL,BE,GTL LTD,H
GTLINFRA,EQ,GTL INFRA.LTD,H
GUJAPOLLO,BE,GUJ. APOLLO IND. LTD.,H
GVKPIL,EQ,GVK POW. & INFRA LTD.,H
GVPTECH,EQ,GVP INFOTECH LIMITED,H
HAVISHA,BE,SRI HAVISHA HOSP & INFR L,H
HBSL,BE,HB STOCKHOLDINGS LIMITED,H
HCC,EQ,HINDUSTAN CONSTRUCTION CO,H
HCL-INSYS,EQ,HCL INFOSYSTEMS LTD,H
HILTON,EQ,HILTON METAL FORGING LTD,H
HINDNATGLS,BE,HIND NATL GLASS & IND LTD,H
HMAAGRO,EQ,HMA AGRO INDUSTRIES LTD,H
HMT,BZ,HMT LTD -,H
HOVS,EQ,HOV SERVICES LTD,H
HPL,EQ,HPL ELECTRIC & POWER LTD,H
HYBRIDFIN,BE,HYBRID FINANCIAL SERVICE,H
IEL,EQ,INDIABULLS ENT LTD,H
IFCI,EQ,IFCI LTD,H
IL&FSENGG,BZ,IL&FS ENG AND CONS CO LTD,H
IMPEXFERRO,BE,IMPEX FERRO TECH LIMITED,H
INCREDIBLE,BE,INCREDIBLE INDUSTRIES LTD,H
INDOSTAR,EQ,INDOSTAR CAPITAL FIN LTD,H
INDOWIND,BE,INDOWIND ENERGY LTD,H
INDRAMEDCO,EQ,INDRAPRASTHA MEDICAL CORP,H
INNOVATIVE,ST,INNOVATIVE TYRES & TUBES,H
INOXGREEN,BE,INOX GREEN ENERGY SER LTD,H
INSPIRISYS,BE,INSPIRISYS SOLUTIONS LTD,H
INTENTECH,BE,INTENSE TECHNOLOGIES LTD,H
INVENTURE,BE,INVENTURE GRO & SEC LTD,H
IREDA,EQ,INDIAN RENEWABLE ENERGY,H
IRIS,EQ,IRIS BUSINESS SERV LTD,H
ITDC,EQ,INDIA TOUR. DEV. CO. LTD.,H
IVC,EQ,IL&FS INVESTMENT MANAGERS,H
IVP,BE,IVP LIMITED,H
IZMO,EQ,IZMO LIMITED,H
JAICORPLTD,EQ,JAI CORP LIMITED,H
JAINAM,SM,JAINAM FER ALLOYS (I) LTD,H
JAYNECOIND,EQ,JAYASWAL NECO INDUSTR LTD,H
JHS,BE,JHS SVEND. LAB. LTD,H
JITFINFRA,BE,JITF INFRALOGISTICS LTD,H
JPASSOCIAT,EQ,JAIPRAKASH ASSOCIATES LTD,H
JPPOWER,BE,JAIPRAKASH POWER VEN. LTD,H
JSLL,SM,JEENA SIKHO LIFECARE LTD,H
JTLIND,EQ,JTL INDUSTRIES LIMITED,H
JUBLINDS,EQ,JUBILANT INDUSTRIES LTD,H
JYOTISTRUC,BE,JYOTI STRUCTURES,H
KAMATHOTEL,EQ,KAMAT HOTELS (I) LTD,H
KAMDHENU,EQ,KAMDHENU LIMITED,H
KAMOPAINTS,EQ,KAMDHENU VENTURES LIMITED,H
KANANIIND,BE,KANANI INDUSTRIES LTD,H
KAPSTON,EQ,KAPSTON SERVICES LIMITED,H
KARNIKA,SM,KARNIKA INDUSTRIES LTD,H
KAUSHALYA,EQ,KAUSHALYA INFRA DEV LTD.,H
KAVVERITEL,EQ,KAVVERI TEL. LTD.,H
KBCGLOBAL,EQ,KBC GLOBAL LIMITED,H
KCEIL,SM,KAY CEE ENERGY & INFRA L,H
KEEPLEARN,EQ,DSJ KEEP LEARNING LTD,H
KEYFINSERV,EQ,KEYNOTE FIN SERV LTD.,H
KHAITANLTD,EQ,KHAITAN (INDIA)LTD.,H
KPIGREEN,EQ,KPI GREEN ENERGY LIMITED,H
KREBSBIO,EQ,KREBS BIOCHEMICALS & IND,H
KRITIKA,BE,KRITIKA WIRES LIMITED,H
KSHITIJPOL,BE,KSHITIJ POLYLINE LIMITED,H
LAGNAM,BE,LAGNAM SPINTEX LIMITED,H
LANCORHOL,BE,LANCOR HOLDINGS LIMITED,H
LASA,EQ,LASA SUPERGENERICS LTD,H
LCCINFOTEC,BE,LCC INFOTECH LTD,H
LEXUS,EQ,LEXUS GRANITO (INDIA) LTD,H
LGBFORGE,EQ,LGB FORGE LIMITED,H
LGHL,EQ,LAXMI GOLDORNA HOUSE LTD,H
LIBERTSHOE,BE,LIBERTYSHOESLTD,H
LLOYDS,SM,LLOYDS LUXURIES LIMITED,H
LORDSCHLO,BE,LORDS CHLORO ALKALI LTD,H
LOTUSEYE,BE,LOTUS EYE HOSP & INST L,H
LRRPL,SM,LEAD REC AND RUB PROD LTD,H
LYPSAGEMS,EQ,LYPSA GEMS & JEWEL LTD,H
MADHAV,BE,MADHAV MARBLE & GRANITE,H
MADHUCON,BE,MADHUCON PROJECTS LTD.,H
MAGNUM,EQ,MAGNUM VENTURES LTD.,H
MAITREYA,SM,MAITREYA MEDICARE LIMITED,H
MALUPAPER,BE,MALU PAPER MILLS LIMITED,H
MANAKALUCO,BE,MANAK ALUMINIUM CO. LTD.,H
MANAKCOAT,EQ,MAN COAT METAL & IND LTD,H
MANAKSTEEL,BE,MANAKSIA STEELS LTD,H
MANINDS,BE,MAN INDUSTRIES (I) LTD.,H
MANOMAY,BE,MANOMAY TEX INDIA LTD,H
MANUGRAPH,BE,MANUGRAPH INDIA LIMITED,H
MARINE,EQ,MARINE ELECTRICAL (I) LTD,H
MARSHALL,BE,MARSHALL MACHINES LTD,H
MAXIND,BE,MAX INDIA LIMITED,H
MBLINFRA,EQ,MBL INFRASTRUCTURE LTD,H
MCL,BE,MADHAV COPPER LIMITED,H
MCLEODRUSS,BE,MCLEOD RUSSEL INDIA LTD.,H
MEGAFLEX,ST,MEGA FLEX PLASTICS LTD,H
MEGASOFT,EQ,MEGASOFT LTD,H
MELSTAR,BZ,MELSTAR INFORMATION TECH,H
MEP,BE,MEP INFRA. DEVELOPERS LTD,H
METALFORGE,BZ,METALYST FORGINGS LIMITED,H
MICEL,EQ,MIC ELECTRONICS LTD,H
MIRCELECTR,EQ,MIRC ELECTRONICS LTD,H
MIRZAINT,BE,MIRZA INTERNATIONAL LIMIT,H
MITCON,BE,MITCON CON & ENG SER LTD,H
MITTAL,BE,MITTAL LIFE STYLE LIMITED,H
MKPL,BE,M K PROTEINS LIMITED,H
MMTC,EQ,MMTC LIMITED,H
MODIRUBBER,EQ,MODI RUBBER LTD,H
MOKSH,BE,MOKSH ORNAMENTS LIMITED,H
MOLDTECH,EQ,MOLD-TEK TECHNOLOGIES LTD,H
MORARJEE,BE,MORARJEE TEXTILES LIMITED,H
MOS,SM,MOS UTILITY LIMITED,H
MOTISONS,EQ,MOTISONS JEWELLERS LTD,H
MOTOGENFIN,BE,MOTOR & GENERAL FINANCE L,H
MTEDUCARE,BE,MT EDUCARE LTD,H
MTNL,EQ,MAHANAGAR TELEPHONE NIGAM,H
MUFIN,EQ,MUFIN GREEN FINANCE LTD,H
MUNJALAU,EQ,MUNJAL AUTO IND. LTD.,H
NAGAFERT,EQ,NAGARJUN FERT AND CHE LTD,H
NARMADA,BE,NARMADA AGROBASE LIMITED,H
NBCC,EQ,NBCC (INDIA) LIMITED,H
NDGL,EQ,NAGA DHUNSERI GROUP LTD,H
NDL,EQ,NANDAN DENIM LIMITED,H
NETWEB,EQ,NETWEB TECH INDIA LTD,H
NETWORK18,BE,NETWORK18 MEDIA & INV LTD,H
NIBL,EQ,NRB INDUS. BEARINGS LTD.,H
NILAINFRA,BE,NILA INFRASTRUCTURES LTD,H
NILASPACES,EQ,NILA SPACES LIMITED,H
NIRAJ,BE,NIRAJ CEMENT STRUC LTD,H
NIRMAN,SM,NIRMAN AGRI GENTICS LTD,H
NITCO,BE,NITCO LIMITED,H
NOIDATOLL,BE,NOIDA TOLL BRIDGE CO LTD,H
NORBTEAEXP,EQ,NORBEN TEA & EXPORTS LTD,H
NTL,BE,NEUEON TOWERS LIMITED,H
NUCLEUS,EQ,NUCLEUS SOFTWARE EXPORTS,H
OMAXAUTO,BE,OMAX AUTOS LTD,H
OMAXE,EQ,OMAXE LIMITED,H
OMKARCHEM,BZ,OMKAR SPL CHEM LTD,H
ONDOOR,SM,ON DOOR CONCEPTS LIMITED,H
ONELIFECAP,EQ,ONELIFE CAP ADVISORS LTD,H
ORIENTALTL,BE,ORIENTAL TRIMEX LTD,H
ORIENTCER,EQ,ORIENT CERATECH LIMITED,H
ORIENTLTD,EQ,ORIENT PRESS LIMITED,H
ORTEL,BZ,ORTEL COMMUNICATIONS LTD,H
ORTINLAB,EQ,ORTIN LABORATORIES LTD,H
OSIAHYPER,BE,OSIA HYPER RETAIL LIMITED,H
OSWALGREEN,EQ,OSWAL GREENTECH LIMITED,H
PALREDTEC,EQ,PALRED TECHNOLOGIES LTD,H
PARACABLES,EQ,PARAMOUNT COMM LTD,H
PARSVNATH,EQ,PARSVNATH DEVELOPER LTD,H
PCJEWELLER,EQ,PC JEWELLER LTD,H
PERFECT,ST,PERFECT INFRAENGINEER LTD,H
PILITA,BE,PIL ITALICA LIFESTYLE LTD,H
PIONEEREMB,BE,PIONEER EMBROIDERIES LTD,H
PLAZACABLE,EQ,PLAZA WIRES LIMITED,H
PNBHOUSING,EQ,PNB HOUSING FIN LTD.,H
POCL,EQ,PONDY OXIDES & CHEM LTD,H
PRAENG,BE,PRAJAY ENG. SYN. LTD.,H
PRAKASHSTL,BE,PRAKASH STEELAGE LTD,H
PRAMARA,SM,PRAMARA PROMOTIONS LTD,H
PRATHAM,ST,PRATHAM EPC PROJECTS LTD,H
PRAXIS,BE,PRAXIS HOME RETAIL LTD,H
PREMIER,BE,PREMIER LIMITED,H
PRITIKA,SM,PRITIKA ENG COMPO LTD,H
PVP,EQ,PVP VENTURES LIMITED,H
QFIL,SM,QUALITY FOILS (INDIA) LTD,H
QUINTEGRA,BE,QUINTEGRA SOLUTIONS LTD.,H
RAJMET,BE,RAJNANDINI METAL LIMITED,H
RAJTV,BE,RAJ TV NETWORK LTD,H
RANEENGINE,EQ,RANE ENG VALVE LTD,H
RBMINFRA,ST,RBM INFRACON LIMITED,H
RBZJEWEL,EQ,RBZ JEWELLERS LIMITED,H
REFEX,EQ,REFEX INDUSTRIES LIMITED,H
RHL,BE,ROBUST HOTELS LIMITED,H
RKDL,BE,RAVI KUMAR DIST. LTD.,H
RKEC,EQ,RKEC PROJECTS LIMITED,H
ROCKINGDCE,SM,ROCKINGDEALS CIRCU ECO L,H
ROLLT,EQ,ROLLATAINERS LIMITED,H
ROLTA,BZ,ROLTA INDIA LTD,H
RSSOFTWARE,BE,R. S. SOFTWARE (INDIA) LI,H
RTNPOWER,BE,RATTANINDIA POWER LIMITED,H
RUCHINFRA,EQ,RUCHI INFRASTRUCTURE LTD,H
RVHL,BE,RAVINDER HEIGHTS LIMITED,H
S&SPOWER,BE,S&S POWER SWITCHGEARS,H
SABEVENTS,BE,SAB EVENTS & GOVERNANCE,H
SADBHAV,EQ,SADBHAV ENGINEERING LTD,H
SAHANA,SM,SAHANA SYSTEM LIMITED,H
SAKSOFT,EQ,SAKSOFT LIMITED,H
SALASAR,EQ,SALASAR TECHNO ENGG. LTD.,H
SAMBHAAV,BE,SAMBHAAV MEDIA LTD,H
SANCO,BZ,SANCO INDUSTRIES LIMITED,H
SANGHIIND,EQ,SANGHI INDUSTRIES LTD,H
SANGINITA,BE,SANGINITA CHEMICALS LTD,H
SANWARIA,BZ,SANWARIA CONSUMER LIMITED,H
SARVESHWAR,BE,SARVESHWAR FOODS LIMITED,H
SBC,EQ,SBC EXPORTS LIMITED,H
SCHNEIDER,BE,SCHNEIDER ELECTRIC INFRA,H
SCILAL,BE,SHIPPING CORP OF ILA LTD,H
SCPL,EQ,SHEETAL COOL PRODUCTS LTD,H
SECURKLOUD,BE,SECUREKLOUD TECH LIMITED,H
SEL,ST,SUNGARNER ENERGIES LTD,H
SELMC,EQ,SEL MANUFACTURING CO LTD,H
SEPC,EQ,SEPC LIMITED,H
SERVOTECH,BE,SERVOTECH POWER SYS LTD.,H
SETCO,EQ,SETCO AUTOMOTIVE LTD,H
SETUINFRA,BZ,SETUBANDHAN INFRA LTD,H
SEYAIND,BE,SEYA INDUSTRIES LIMITED,H
SHAH,EQ,SHAH METACORP LIMITED,H
SHAHALLOYS,BE,SHAH ALLOYS LIMITED,H
SHAKTIPUMP,BE,SHAKTI PUMPS (I) LTD,H
SHANTI,BE,SHANTI OVERSEAS INDIA LTD,H
SHERA,SM,SHERA ENERGY LIMITED,H
SHIGAN,SM,SHIGAN QUANTUM TECH LTD,H
SHREERAMA,BE,SHREE RAMA MULTI TECH LTD,H
SHRENIK,EQ,SHRENIK LIMITED,H
SHYAMCENT,BE,SHYAM CENTURY FERROUS LTD,H
SICALLOG,BE,SICAL LOGISTICS LIMITED,H
SIDDHIKA,SM,SIDDHIKA COATINGS LIMITED,H
SIGMA,EQ,SIGMA SOLVE LIMITED,H
SIGNORIA,ST,SIGNORIA CREATION LIMITED,H
SILGO,BE,SILGO RETAIL LIMITED,H
SILLYMONKS,EQ,SILLY MONKS ENTERTAIN LTD,H
SIMPLEXINF,BE,SIMPLEX INFRASTRUCTURES L,H
SITINET,BE,SITI NETWORKS LIMITED,H
SJLOGISTIC,SM,S J LOGISTICS (INDIA) LTD,H
SKMEGGPROD,EQ,SKM EGG PROD EXPORT(I) LT,H
SKYGOLD,BE,SKY GOLD LIMITED,H
SMVD,SM,SMVD POLY PACK LIMITED,H
SOFTTECH,BE,SOFTTECH ENGINEERS LTD,H
SOUTHWEST,EQ,SOUTH WEST PINNACLE LTD,H
SPTL,BE,SINTEX PLASTICS TECH LTD,H
SRPL,BE,SHREE RAM PROTEINS LTD.,H
SSFL,SM,SRIVARI SPICES N FOODS L,H
SUMEETINDS,BE,SUMEET IND LIMITED,H
SUMIT,EQ,SUMIT WOODS LIMITED,H
SUPERSPIN,BE,SUPER SPINNING MILLS LTD,H
SUPREMEINF,BZ,SUPREME INFRA. LTD,H
SUPREMEPWR,SM,SUPREME POWER EQUIPMENT L,H
SURAJEST,EQ,SURAJ ESTATE DEVELOPERS L,H
SURANASOL,EQ,SURANA SOLAR LIMITED,H
SURANAT&P,BE,SURANA TELECOM AND POW LT,H
SURANI,SM,SURANI STEEL TUBES LTD.,H
SUULD,EQ,SUUMAYA INDUSTRIES LTD,H
SUVEN,BE,SUVEN LIFE SCIENCES LTD,H
SUVIDHAA,BE,SUVIDHAA INFOSERVE LTD,H
SWELECTES,EQ,SWELECT ENERGY SYS LTD,H
SWSOLAR,EQ,STRLNG & WIL REN ENE LTD,H
SYNCOMF,BE,SYNCOM FORMU (I) LTD,H
TAKE,EQ,TAKE SOLUTIONS LTD,H
TALBROAUTO,BE,TALBROS AUTO. COMP. LTD,H
TAPIFRUIT,SM,TAPI FRUIT PROCESSING LTD,H
TARC,BE,TARC LIMITED,H
TARMAT,BE,TARMAT LIMITED,H
TATAINVEST,BE,TATA INVESTMENT CORP LTD,H
TERASOFT,BE,TERA SOFTWARE LIMITED,H
TFCILTD,EQ,TOURISM FINANCE CORP. OF,H
TGBHOTELS,EQ,TGB BANQUETS&HOTELS LTD,H
TIRUPATIFL,BE,TIRUPATI FORGE LIMITED,H
TNTELE,BE,TAMILNADU TELECOMMUNICATI,H
TPHQ,BE,TEAMO PRODUCTIONS HQ LTD,H
TREJHARA,BE,TREJHARA SOLUTIONS LTD,H
TRIL,BE,TRANS & RECTI. LTD,H
TV18BRDCST,BE,TV18 BROADCAST LIMITED,H
TVVISION,BE,TV VISION LIMITED,H
UMANGDAIRY,EQ,UMANG DAIRIES LIMITED,H
UMESLTD,BE,USHA MARTIN EDU & SOL LTD,H
UNIINFO,BE,UNIINFO TELECOM SERVI LTD,H
UNITECH,BZ,UNITECH LIMITED,H
UNIVAFOODS,BE,UNIVA FOODS LIMITED,H
URJA,BE,URJA GLOBAL LIMITED,H
USK,BE,UDAYSHIVAKUMAR INFRA LTD,H
V2RETAIL,BE,V2 RETAIL LIMITED,H
VASWANI,BE,VASWANI IND LTD,H
VCL,BE,VAXTEX COTFAB LIMITED,H
VELS,SM,VELS FILM INTERNATIONAL L,H
VERTOZ,BE,VERTOZ ADVERTISING LTD,H
VIKASECO,EQ,VIKAS ECOTECH LIMITED,H
VIKASLIFE,BE,VIKAS LIFECARE LIMITED,H
VINEETLAB,BE,VINEET LABORATORIES LTD,H
VINYLINDIA,EQ,VINYL CHEMICALS (I) LTD.,H
VIPULLTD,BE,VIPUL LIMITED,H
VISAKAIND,EQ,VISAKA INDUSTRIES LIMITED,H
VISASTEEL,BE,VISA STEEL LIMITED,H
VISESHINFO,BZ,VISESH INFOTECNICS LTD,H
VISHNUINFR,SM,VISHNUSURYA PROJ N INFR L,H
VIVIANA,ST,VIVIANA POWER TECH LTD,H
VIVIDHA,BE,VISAGAR POLYTEX LTD,H
VLEGOV,BE,VL E GOV AND IT SOL LTD,H
VSCL,SM,VADIVARHE SPCLTY CHEM LTD,H
WALCHANNAG,BE,WALCHANDNAGAR INDUSTRIES,H
WALPAR,ST,WALPAR NUTRITIONS LIMITED,H
WANBURY,BE,WANBURY LIMITED,H
WEBELSOLAR,EQ,WEBSOL ENERGY SYSTEM LTD,H
WEIZMANIND,EQ,WEIZMANN LTD,H
WELINV,EQ,WELSPUN INV & COMM LTD,H
WEWIN,EQ,WE WIN LIMITED,H
WINDMACHIN,EQ,WINDSOR MACHINES LIMITED,H
WINSOME,BE,WINSOME YARNS LIMITED,H
ZEELEARN,BE,ZEE LEARN LIMITED,H
ZENITHDRUG,SM,ZENITH DRUGS LIMITED,H
ZENITHSTL,EQ,ZENITH STEEL PIP IND LTD,H
ABCOTS,SM,A B COTSPIN INDIA LIMITED,L
ADROITPP,X1,ADROITINF RS.2.50 PPD UP,L
AKSHAR,BE,AKSHAR SPINTEX LIMITED,L
ARSHIYA,BE,ARSHIYA LIMITED,L
BGLOBAL,BZ,BHARATIYA GLOBAL INFO LTD,L
BGRENERGY,BE,BGR ENERGY SYSTEMS LTD,L
BLBLIMITED,BE,BLB LIMITED,L
BLUECHIP,BE,BLUE CHIP INDIA LIMITED,L
CLOUD,SM,VARANIUM CLOUD LIMITED,L
CMICABLES,BZ,CMI LIMITED,L
COMPINFO,BZ,COMPUAGE INFOCOM LTD,L
DOLPHIN,BE,DOLPHIN OFF ENT (IND) L,L
DRCSYSTEMS,EQ,DRC SYSTEMS INDIA LIMITED,L
EDUCOMP,BZ,EDUCOMP SOLUTIONS LTD,L
EUROTEXIND,BE,EUROTEX IND & EXPORTS LTD,L
EXCEL,BE,EXCEL REALTY N INFRA LTD,L
FELDVR,BE,FUTURE ENTERPRISES LTD,L
FLEXITUFF,EQ,FLEXITUFF VENTURES INT L,L
FLFL,BZ,FUT LIFESTYLE FASH LTD,L
GANGOTRI,BZ,GANGOTRI TEXTILES LTD.,L
GATECH,BE,GACM TECHNOLOGIES LIMITED,L
GAYAHWS,BE,GAYATRI HIGHWAYS LIMITED,L
GAYAPROJ,BZ,GAYATRI PROJECTS LTD,L
GIRIRAJ,ST,GIRIRAJ CIVIL DEVP LTD,L
GVPTECH,EQ,GVP INFOTECH LIMITED,L
HAVISHA,BE,SRI HAVISHA HOSP & INFR L,L
HDIL,BZ,HOUSING DEV & INFRA LTD,L
INCREDIBLE,BE,INCREDIBLE INDUSTRIES LTD,L
INFOMEDIA,BE,INFOMEDIA PRESS LIMITED,L
ISHAN,ST,ISHAN INTERNATIONAL LTD,L
JETAIRWAYS,BZ,JET AIRWAYS (INDIA) LTD.,L
KBCGLOBAL,EQ,KBC GLOBAL LIMITED,L
KCK,ST,KCK INDUSTRIES LTD,L
KDL,SM,KORE DIGITAL LIMITED,L
KRITIKA,BE,KRITIKA WIRES LIMITED,L
LAKPRE,BZ,LAKSHMI PRE SCRE LTD,L
LATTEYS,BE,LATTEYS INDUSTRIES LTD,L
MAKS,ST,MAKS ENERGY SOL INDIA LTD,L
MELSTAR,BZ,MELSTAR INFORMATION TECH,L
MEP,BE,MEP INFRA. DEVELOPERS LTD,L
METALFORGE,BZ,METALYST FORGINGS LIMITED,L
MITTAL,BE,MITTAL LIFE STYLE LIMITED,L
NIBL,EQ,NRB INDUS. BEARINGS LTD.,L
OMFURN,SM,OMFURN INDIA LIMITED,L
ORTEL,BZ,ORTEL COMMUNICATIONS LTD,L
OWAIS,SM,OWAIS METAL & MINERAL,L
PENTAGOLD,SZ,PENTA GOLD LIMITED,L
PRAENG,BE,PRAJAY ENG. SYN. LTD.,L
PRUDMOULI,BE,PRUDENTIAL SUGAR CORPORAT,L
QUINTEGRA,BE,QUINTEGRA SOLUTIONS LTD.,L
RADAAN,BE,RADAAN MEDIAWORKS (I) LTD,L
RAJRILTD,BE,RAJ RAYON INDUSTRIES LTD,L
RCOM,BE,RELIANCE COMMUNICATIONS L,L
RHL,BE,ROBUST HOTELS LIMITED,L
ROLLT,EQ,ROLLATAINERS LIMITED,L
SABEVENTS,BE,SAB EVENTS & GOVERNANCE,L
SECL,SM,SALASAR EXTERIOR CONT LTD,L
SETUINFRA,BZ,SETUBANDHAN INFRA LTD,L
SKIL,BE,SKIL INFRASTRUCTURE LTD.,L
SRPL,BE,SHREE RAM PROTEINS LTD.,L
SUPREMEENG,BE,SUPREME ENGINEERING LTD,L
SUZLON,BE,SUZLON ENERGY LIMITED,L
TCIFINANCE,BE,TCIFINANCELTD-ROLL SETT,L
TECILCHEM,BE,TECIL CHEMICALS,L
TRANSWIND,ST,TRANSWIND INFRA LIMITED,L
UMAEXPORTS,BE,UMA EXPORTS LIMITED,L
URBAN,SM,URBAN ENVIRO WASTE MGMT L,L
VCL,BE,VAXTEX COTFAB LIMITED,L
VISHWAS,ST,VISHWAS AGRI SEEDS LTD,L
VIVIDHA,BE,VISAGAR POLYTEX LTD,L
VMARCIND,SM,V MARC INDIA LIMITED,L
VR,SM,V R INFRASPACE LIMITED,L
WEBELSOLAR,EQ,WEBSOL ENERGY SYSTEM LTD,L
