SYMBOL,SERIES,SECURITY,HIGH/LOW,INDEX FLAG
21STCENMGM,BE,21ST CENTURY MGMT SERVICE,H
3PLAND,EQ,3P LAND HOLDINGS LIMITED,H
ACCURACY,EQ,ACCURACY SHIPPING LIMITED,H
ACL,EQ,ANDHRA CEMENTS LIMITED,H
AFIL,BE,AKME FINTRADE (INDIA) LTD,H
AIMTRON,SM,AIMTRON ELECTRONICS LTD,H
ALMONDZ,EQ,ALMONDZ GLOBAL SEC LTD,H
ALPEXSOLAR,SM,ALPEX SOLAR LIMITED,H
ALPSINDUS,BE,ALPS INDUSTRIES LTD.,H
AMEYA,SM,AMEYA PRECISION ENG LTD,H
AMNPLST,EQ,AMINES & PLASTICIZERS LTD,H
APS,SM,AUSTRALIAN PREM SOLAR I L,H
ARENTERP,EQ,RAJDARSHAN INDUSTRIES LTD,H
ASHIMASYN,EQ,ASHIMA LTD,H
ASIANENE,EQ,ASIAN ENERGY SERVICES LTD,H
ASMS,EQ,BARTRONICS INDIA LIMITED,H
ATMASTCO,SM,ATMASTCO LIMITED,H
AVSL,ST,AVSL INDUSTRIES LIMITED,H
BIL,BE,BHARTIYA INETRNATIONAL LT,H
BLUECHIP,BE,BLUE CHIP INDIA LIMITED,H
BLUEPEBBLE,SM,BLUE PEBBLE LIMITED,H
BTML,BE,BODHI TREE MULTIMEDIA LTD,H
BURNPUR,EQ,BURNPUR CEMENT LTD.,H
CGRAPHICS,SM,CREATIVE GRAPHICS S IND L,H
CHEMBOND,EQ,CHEMBOND CHEMICALS LTD,H
CLOUD,SM,VARANIUM CLOUD LIMITED,H
COMMITTED,SM,COMMITTED CARGO CARE LTD,H
CROWN,BE,CROWN LIFTERS LIMITED,H
DGCONTENT,EQ,DIGICONTENT LIMITED,H
DHTL,SM,DOCMODE HEALTH TECH LTD,H
EIMCOELECO,EQ,EIMCO ELECON (INDIA) LTD,H
ESCONET,SM,ESCONET TECHNOLOGIES LTD,H
FALCONTECH,ST,FALCON TECHNOPROJ IND LTD,H
FEL,BZ,FUTURE ENTERPRISES LTD,H
FELDVR,BE,FUTURE ENTERPRISES LTD,H
FELIX,SM,FELIX INDUSTRIES LTD.,H
FIBERWEB,EQ,FIBERWEB INDIA LIMITED,H
GINNIFILA,EQ,GINNI FILAMENTS LTD,H
GTLINFRA,EQ,GTL INFRA.LTD,H
HEXATRADEX,EQ,HEXA TRADEX LIMITED,H
HINDNATGLS,BE,HIND NATL GLASS & IND LTD,H
HMT,BZ,HMT LTD -,H
HUBTOWN,BE,HUBTOWN LIMITED,H
IL&FSTRANS,BZ,IL&FS TRANS NET LTD,H
INCREDIBLE,EQ,INCREDIBLE INDUSTRIES LTD,H
INFOMEDIA,EQ,INFOMEDIA PRESS LIMITED,H
INSPIRISYS,BE,INSPIRISYS SOLUTIONS LTD,H
ISHAN,SM,ISHAN INTERNATIONAL LTD,H
JCHAC,EQ,JOHNSON CONTROLS HITACHI,H
JPASSOCIAT,BE,JAIPRAKASH ASSOCIATES LTD,H
JUBLINDS,EQ,JUBILANT INDUSTRIES LTD,H
K2INFRA,SM,K2 INFRAGEN LIMITED,H
KARNIKA,SM,KARNIKA INDUSTRIES LTD,H
KCEIL,SM,KAY CEE ENERGY & INFRA L,H
KDL,SM,KORE DIGITAL LIMITED,H
KODYTECH,SM,KODY TECHNOLAB LIMITED,H
KRIDHANINF,BE,KRIDHAN INFRA LIMITED,H
KRISHNADEF,SM,KRISHNA DEF AND ALD IND L,H
KRITI,EQ,KRITI INDUSTRIES IND LTD,H
KSHITI-RE,BE,KSHITIJ POLYLINE LIMITED,H
KSHITIJPOL,BE,KSHITIJ POLYLINE LIMITED,H
MADHUCON,BE,MADHUCON PROJECTS LTD.,H
MAKS,SM,MAKS ENERGY SOL INDIA LTD,H
MASTER,SM,MASTER COMPONENTS LIMITED,H
MAXPOSURE,SM,MAXPOSURE LIMITED,H
MCON,SM,MCON RASAYAN INDIA LTD,H
MICEL,EQ,MIC ELECTRONICS LTD,H
NAGREEKCAP,EQ,NAGREEKA CAP & INFR.LTD,H
NDRAUTO,EQ,NDR AUTO COMPONENTS LTD,H
NEWJAISA,SM,NEWJAISA TECHNOLOGIES LTD,H
NILAINFRA,EQ,NILA INFRASTRUCTURES LTD,H
NILASPACES,BE,NILA SPACES LIMITED,H
NKIND,EQ,NK INDUSTRIES LTD,H
NOIDATOLL,BE,NOIDA TOLL BRIDGE CO LTD,H
NTL,BE,NEUEON TOWERS LIMITED,H
OMINFRAL,BE,OM INFRA LIMITED,H
OMKARCHEM,BZ,OMKAR SPL CHEM LTD,H
PASHUPATI,SM,PASHUPATI COTSPIN LIMITED,H
PRECOT,EQ,PRECOT LIMITED,H
PREMEXPLN,BE,PREMIER EXPLOSIVES LTD,H
PREMIER,BE,PREMIER LIMITED,H
PRLIND,SM,PREMIER ROADLINES LIMITED,H
REGENCERAM,BE,REGENCYCERAMICS-LTD,H
RETAIL,BE,JHS SVENDGAARD RETAIL V L,H
RILINFRA,SM,RACHANA INFRA LTD,H
ROLTA,BZ,ROLTA INDIA LTD,H
SADBHAV,BE,SADBHAV ENGINEERING LTD,H
SARTELE,SM,SAR TELEVENTURE LIMITED,H
SEJALLTD,BE,SEJAL GLASS LIMITED,H
SETCO,BE,SETCO AUTOMOTIVE LTD,H
SEYAIND,BE,SEYA INDUSTRIES LIMITED,H
SICALLOG,BE,SICAL LOGISTICS LIMITED,H
SITINET,BE,SITI NETWORKS LIMITED,H
SLONE,SM,SLONE INFOSYSTEMS LIMITED,H
SOLARA,EQ,SOLARA ACTIVE PHA SCI LTD,H
SOMICONVEY,EQ,SOMI CONVEYOR BELT. LTD.,H
SOTAC,SM,SOTAC PHARMACEUTICALS LTD,H
SVPGLOB,EQ,SVP GLOBAL TEXTILES LTD,H
TECHIN,BE,TECHINDIA NIRMAN LIMITED,H
TECHLABS,SM,TRIDENT TECHLABS LIMITED,H
TGL,SM,TEERTH GOPICON LIMITED,H
TPHQ,EQ,TEAMO PRODUCTIONS HQ LTD,H
V2RETAIL,BE,V2 RETAIL LIMITED,H
VCL,BE,VAXTEX COTFAB LIMITED,H
VIJIFIN,BE,VIJI FINANCE LIMITED,H
VISASTEEL,BE,VISA STEEL LIMITED,H
VISHNUINFR,SM,VISHNUSURYA PROJ N INFR L,H
VSCL,ST,VADIVARHE SPCLTY CHEM LTD,H
WEIZMANIND,EQ,WEIZMANN LTD,H
WOCKPHARMA,EQ,WOCKHARDT LIMITED,H
WOMANCART,SM,WOMANCART LIMITED,H
ZENITHSTL,EQ,ZENITH STEEL PIP IND LTD,H
ZODIAC,BE,ZODIAC ENERGY LIMITED,H
ZTECH,SM,Z-TECH (INDIA) LIMITED,H
AIMTRON,SM,AIMTRON ELECTRONICS LTD,L
AMEYA,SM,AMEYA PRECISION ENG LTD,L
ANSALAPI,BZ,ANSAL PROP & INFRA LTD,L
ASCOM,ST,ASCOM LEASIN & INVEST LTD,L
ASHOKAMET,EQ,ASHOKA METCAST LIMITED,L
CMMIPL,ST,CMM INFRAPROJECTS LIMITED,L
CMRSL,SM,CYBER MEDIA RES & SER LTD,L
CPS,ST,C P S SHAPERS LIMITED,L
CROWN,BE,CROWN LIFTERS LIMITED,L
DNAMEDIA,EQ,DILIGENT MEDIA CORP LTD.,L
DURLAX,ST,DURLAX TOP SURFACE LTD,L
DYNAMIC,SM,DYNAMIC SRVCS & SEC LTD,L
E2E,BE,E2E NETWORKS LIMITED,L
ENSER,SM,ENSER COMMUNICATIONS LTD,L
EUROTEXIND,EQ,EUROTEX INDUSTRIES LTD,L
FSC,BZ,FUTURE SUPP CHAIN SOL LTD,L
GET&D,BE,GE T&D INDIA LIMITED,L
GICL,SM,GLOBE INTL CARRIERS LTD,L
GIRIRAJ,ST,GIRIRAJ CIVIL DEVP LTD,L
GODHA,EQ,GODHA CABCON INSULAT LTD,L
GPECO,ST,GP ECO SOLUTIONS INDIA L,L
GPTINFRA,BE,GPT INFRAPROJECTS LTD,L
GRCL,SM,GAYATRI RUBB AND CHEM LTD,L
HAVISHA,EQ,SRI HAVISHA HOSP & INFR L,L
JAIPURKURT,BE,NANDANI CREATION LIMITED,L
KARMAENG,EQ,KARMA ENERGY LIMITED,L
LGBFORGE,BE,LGB FORGE LIMITED,L
MARINE,EQ,MARINE ELECTRICAL (I) LTD,L
MICEL,EQ,MIC ELECTRONICS LTD,L
ORIANA,SM,ORIANA POWER LIMITED,L
OWAIS,SM,OWAIS METAL & MINERAL,L
PARIN,SM,PARIN FURNITURE LIMITED,L
PASHUPATI,SM,PASHUPATI COTSPIN LIMITED,L
PERFECT,SM,PERFECT INFRAENGINEER LTD,L
PKTEA,EQ,THE P K TEA PROD CO LTD,L
PREMEXPLN,BE,PREMIER EXPLOSIVES LTD,L
QUESTLAB,SM,QUEST LABORATORIES LTD,L
RAJRILTD,BE,RAJ RAYON INDUSTRIES LTD,L
RAJTV,BE,RAJ TV NETWORK LTD,L
REFRACTORY,SM,REFRACTORY SHAPES LIMITED,L
RELIABLE,SM,RELIABLE DATA SERVICE LTD,L
RSSOFTWARE,BE,R. S. SOFTWARE (INDIA) LI,L
SAMPANN,EQ,SAMPANN UTPADAN INDIA LTD,L
SECL,SM,SALASAR EXTERIOR CONT LTD,L
SHRADHA,BE,SHRADHA INFRAPROJECTS LTD,L
SIMPLEXINF,BE,SIMPLEX INFRASTRUCTURES L,L
SKYGOLD,BE,SKY GOLD LIMITED,L
SPECTRUM,SM,SPECTRUM ELECTRIC IND LTD,L
SURANAT&P,EQ,SURANA TELECOM AND POW LT,L
SVPGLOB,EQ,SVP GLOBAL TEXTILES LTD,L
TAC,SM,TAC INFOSEC LIMITED,L
TAINWALCHM,BE,TAINWALA CHEMICAL AND PLA,L
TAPIFRUIT,SM,TAPI FRUIT PROCESSING LTD,L
TARACHAND,BE,TARA CHAND INFRA SOLN LTD,L
TBI,SM,TBI CORN LIMITED,L
TCLCONS,EQ,TANTIA CONSTRUCTIONS LTD,L
TECILCHEM,BE,TECIL CHEMICALS,L
TERASOFT,BE,TERA SOFTWARE LIMITED,L
TGL,SM,TEERTH GOPICON LIMITED,L
TIJARIA,BE,TIJARIA POLYPIPES LTD,L
TIMESCAN,SM,TIMESCAN LOGISTICS IND L,L
TIMESGTY,EQ,TIMES GUARANTY LIMITED,L
TRANSWIND,SM,TRANSWIND INFRA LIMITED,L
URBAN,SM,URBAN ENVIRO WASTE MGMT L,L
VIAZ,SM,VIAZ TYRES LIMITED,L
WALPAR,SM,WALPAR NUTRITIONS LIMITED,L
WINDMACHIN,EQ,WINDSOR MACHINES LIMITED,L
