GAIN_LOSS,SECURITY,CLOSE_PRIC,PREV_CL_PR,PERCENT_CG
 ,Nifty 50 Sec., , , 
 , , , , 
G,RELIANCE INDUSTRIES LTD,      3028.05,      2908.30,4.12
G,BHARTI AIRTEL LIMITED,      1459.50,      1414.95,3.15
G,ULTRATECH CEMENT LIMITED,     11143.10,     10846.20,2.74
G,ICICI BANK LTD.,      1218.00,      1197.95,1.67
G,GRASIM INDUSTRIES LTD,      2552.25,      2516.95,1.4
G,BRITANNIA INDUSTRIES LTD,      5421.70,      5352.05,1.3
G,BAJAJ FINANCE LIMITED,      7158.20,      7074.45,1.18
G,NTPC LTD,       365.05,       360.85,1.16
G,AXIS BANK LIMITED,      1285.40,      1271.45,1.1
G,SUN PHARMACEUTICAL IND L,      1521.15,      1505.20,1.06
G,LTIMINDTREE LIMITED,      5177.50,      5123.85,1.05
G,KOTAK MAHINDRA BANK LTD,      1798.15,      1781.90,.91
G,ADANI PORT & SEZ LTD,      1467.80,      1456.15,.8
G,NESTLE INDIA LIMITED,      2534.25,      2515.45,.75
G,BHARAT PETROLEUM CORP  LT,       298.40,       296.30,.71
G,MARUTI SUZUKI INDIA LTD.,     12198.25,     12116.60,.67
G,HINDUSTAN UNILEVER LTD.,      2445.60,      2432.20,.55
G,TATA CONSULTANCY SERV LT,      3855.85,      3838.45,.45
G,LARSEN & TOUBRO LTD.,      3602.95,      3587.80,.42
G,STATE BANK OF INDIA,       845.35,       842.25,.37
G,OIL AND NATURAL GAS CORP.,       267.75,       267.00,.28
G,ASIAN PAINTS LIMITED,      2863.35,      2858.45,.17
G,INDUSIND BANK LIMITED,      1497.90,      1495.55,.16
G,ITC LTD,       423.95,       423.30,.15
G,DIVI S LABORATORIES LTD,      4545.35,      4539.30,.13
 , , , , 
L,APOLLO HOSPITALS ENTER. L,      6136.80,      6295.35,-2.52
L,MAHINDRA & MAHINDRA LTD,      2851.50,      2909.40,-1.99
L,BAJAJ AUTO LIMITED,      9474.65,      9659.95,-1.92
L,TATA STEEL LIMITED,       172.56,       175.68,-1.78
L,HINDALCO  INDUSTRIES  LTD,       674.70,       685.50,-1.58
L,CIPLA LTD,      1479.10,      1499.70,-1.37
L,JSW STEEL LIMITED,       919.20,       929.90,-1.15
L,HERO MOTOCORP LIMITED,      5453.00,      5510.00,-1.03
L,TECH MAHINDRA LIMITED,      1413.05,      1427.75,-1.03
L,TITAN COMPANY LIMITED,      3372.75,      3402.45,-0.87
L,SBI LIFE INSURANCE CO LTD,      1450.90,      1462.00,-0.76
L,EICHER MOTORS LTD,      4739.70,      4775.05,-0.74
L,TATA CONSUMER PRODUCT LTD,      1086.90,      1094.60,-0.7
L,HDFC BANK LTD,      1701.50,      1711.35,-0.58
L,WIPRO LTD,       495.20,       496.85,-0.33
L,TATA MOTORS LIMITED,       951.85,       955.00,-0.33
L,HDFC LIFE INS CO LTD,       589.05,       590.95,-0.32
L,HCL TECHNOLOGIES LTD,      1443.70,      1447.95,-0.29
L,POWER GRID CORP. LTD.,       326.70,       327.40,-0.21
L,BAJAJ FINSERV LTD.,      1600.25,      1603.35,-0.19
L,DR. REDDY S LABORATORIES,      6070.05,      6078.40,-0.14
L,COAL INDIA LTD,       468.75,       469.25,-0.11
L,INFOSYS LIMITED,      1540.70,      1541.95,-0.08
L,SHRIRAM FINANCE LIMITED,      2989.05,      2989.85,-0.03
L,ADANI ENTERPRISES LIMITED,      3170.50,      3171.10,-0.02
 , , , , 
 ,Nifty Next 50 Sec., , , 
 , , , , 
G,GODREJ CONSUMER PRODUCTS,      1414.25,      1375.50,2.82
G,INFO EDGE (I) LTD,      6747.95,      6648.60,1.49
G,DABUR INDIA LTD,       601.80,       593.35,1.42
G,AMBUJA CEMENTS LTD,       657.05,       648.80,1.27
G,VARUN BEVERAGES LIMITED,      1607.55,      1588.85,1.18
G,PIDILITE INDUSTRIES LTD,      3173.95,      3138.60,1.13
G,SHREE CEMENT LIMITED,     27498.90,     27217.55,1.03
G,BOSCH LIMITED,     34149.40,     33817.95,0.98
G,CANARA BANK,       118.69,       118.05,0.54
G,SIEMENS LTD,      7597.10,      7560.00,0.49
G,TRENT LTD,      5363.80,      5338.80,0.47
G,ADANI TOTAL GAS LIMITED,       893.65,       889.50,0.47
G,SAMVRDHNA MTHRSN INTL LTD,       193.75,       192.89,0.45
G,ICICI LOMBARD GIC LIMITED,      1786.90,      1780.30,0.37
G,AVENUE SUPERMARTS LIMITED,      4801.00,      4783.35,0.37
G,TATA POWER CO LTD,       432.20,       430.75,0.34
G,SRF LTD,      2398.80,      2393.85,0.21
G,PUNJAB NATIONAL BANK,       124.36,       124.13,0.19
G,GAIL (INDIA) LTD,       213.43,       213.15,0.13
G,DLF LIMITED,       825.70,       824.65,0.13
G,BANK OF BARODA,       280.95,       280.65,0.11
G,HAVELLS INDIA LIMITED,      1918.30,      1916.85,0.08
G,SBI CARDS & PAY SER LTD,       732.00,       732.00,0
 , , , , 
L,VEDANTA LIMITED,       442.10,       454.05,-2.63
L,ZOMATO LIMITED,       197.25,       202.27,-2.48
L,HINDUSTAN AERONAUTICS LTD,      5285.45,      5371.65,-1.6
L,JINDAL STEEL & POWER LTD,      1047.10,      1064.05,-1.59
L,TVS MOTOR COMPANY  LTD,      2376.75,      2414.70,-1.57
L,TORRENT PHARMACEUTICALS L,      2790.55,      2830.45,-1.41
L,ADANI GREEN ENERGY LTD,      1774.30,      1797.10,-1.27
L,BAJAJ HOLDINGS & INVS LTD,      8503.60,      8611.55,-1.25
L,REC LIMITED,       515.60,       521.55,-1.14
L,COLGATE PALMOLIVE LTD.,      2801.90,      2831.15,-1.03
L,BHARAT ELECTRONICS LTD,       306.85,       309.70,-0.92
L,ADANI ENERGY SOLUTION LTD,      1005.10,      1014.20,-0.9
L,BERGER PAINTS (I) LTD,       495.80,       500.05,-0.85
L,JIO FIN SERVICES LTD,       356.25,       359.05,-0.78
L,POWER FIN CORP LTD.,       480.05,       483.70,-0.75
L,ADANI POWER LTD,       719.90,       725.30,-0.74
L,ICICI PRU LIFE INS CO LTD,       596.50,       600.35,-0.64
L,LIFE INSURA CORP OF INDIA,      1001.40,      1007.65,-0.62
L,ZYDUS LIFESCIENCES LTD,      1065.80,      1071.75,-0.56
L,INDIAN RAIL TOUR CORP LTD,       990.45,       995.10,-0.47
L,INDIAN RAILWAY FIN CORP L,       175.04,       175.61,-0.32
L,MARICO LIMITED,       613.15,       615.05,-0.31
L,INTERGLOBE AVIATION LTD,      4225.90,      4233.50,-0.18
L,ABB INDIA LIMITED,      8390.85,      8399.65,-0.1
L,CHOLAMANDALAM IN & FIN CO,      1430.25,      1431.35,-0.08
L,INDIAN OIL CORP LTD,       164.27,       164.37,-0.06
 , , , , 
 ,OTHER SECURITIES, , , 
 , , , , 
G,MAXPOSURE LIMITED,       104.70,        87.25,20
G,FIBERWEB INDIA LIMITED,        46.86,        39.05,20
G,SOTAC PHARMACEUTICALS LTD,       144.00,       120.00,20
G,SOMI CONVEYOR BELT. LTD.,       235.58,       196.32,20
G,WEIZMANN LTD,       154.58,       128.82,20
G,BURNPUR CEMENT LTD.,         7.63,         6.36,19.97
G,NEWJAISA TECHNOLOGIES LTD,       110.85,        92.40,19.97
G,AMINES & PLASTICIZERS LTD,       294.83,       250.38,17.75
G,UNSEC RED NCD 10.5% SR.VI,      1148.00,       978.00,17.38
G,THE INDIA CEMENTS LIMITED,       262.62,       229.38,14.49
G,COMMITTED CARGO CARE LTD,        61.50,        53.90,14.1
G,PRECOT LIMITED,       525.15,       465.45,12.83
G,ALKALI METALS LTD,       147.06,       131.41,11.91
G,BLACK BOX LIMITED,       324.09,       289.66,11.89
G,NDR AUTO COMPONENTS LTD,       889.45,       795.85,11.76
G,N.B.I. IND. FIN. CO. LTD,      2169.90,      1943.45,11.65
G,CHEMBOND CHEMICALS LTD,       691.10,       619.35,11.58
G,D K ENTERPRISES GLOBAL L,        68.60,        61.50,11.54
G,SUPREME POWER EQUIPMENT L,       318.95,       287.30,11.02
G,CESC LTD,       167.98,       151.46,10.91
G,HITACHI ENERGY INDIA LTD,     12630.95,     11414.90,10.65
G,RAJDARSHAN INDUSTRIES LTD,        51.04,        46.40,10
G,HEXA TRADEX LIMITED,       190.32,       173.02,10
G,KRITI INDUSTRIES IND LTD,       199.51,       181.38,10
G,DIGICONTENT LIMITED,        37.22,        33.84,9.99
G,3P LAND HOLDINGS LIMITED,        34.60,        31.46,9.98
G,WOMANCART LIMITED,       206.70,       187.95,9.98
G,STYLAM INDUSTRIES LIMITED,      1850.15,      1682.35,9.97
G,ZENITH STEEL PIP IND LTD,        10.51,         9.56,9.94
G,RACHANA INFRA LTD,        65.90,        59.95,9.92
 , , , , 
L,SEC RED NCD SR.X,      1540.00,      1855.00,-16.98
L,TBI CORN LIMITED,       330.35,       367.05,-10
L,QUEST LABORATORIES LTD,       146.95,       161.80,-9.18
L,THE P K TEA PROD CO LTD,       447.30,       488.10,-8.36
L,MOHIT INDUSTRIES LTD,        31.69,        34.50,-8.14
L,ROBUST HOTELS LIMITED,       194.38,       209.81,-7.35
L,LEXUS GRANITO (INDIA) LTD,        44.82,        48.18,-6.97
L,BEACON TRUSTEESHIP LTD,       111.65,       119.90,-6.88
L,INFOLLION RESEARCH SER L,       241.65,       258.40,-6.48
L,TIMES GUARANTY LIMITED,       130.79,       139.06,-5.95
L,SAAKSHI MEDTEC N PANELS L,       311.45,       330.75,-5.84
L,GODHA CABCON INSULAT LTD,          .81,          .86,-5.81
L,PIX TRANSMISSIONS LIMITED,      1403.40,      1489.95,-5.81
L,PLADA INFOTECH SERVICES L,        31.00,        32.90,-5.78
L,C.E. INFO SYSTEMS LIMITED,      2276.35,      2413.90,-5.7
L,FILATEX FASHIONS LIMITED,         8.21,         8.70,-5.63
L,JAIN DVR EQUITY SHARES,        41.09,        43.48,-5.5
L,SHREE KARNI FABCOM LTD,       642.95,       680.10,-5.46
L,BAID FINSERV LIMITED,        18.71,        19.79,-5.46
L,THE ANUP ENGINEERING LTD,      1803.00,      1906.50,-5.43
L,KALAHRIDHAAN TRENDZ LTD,        38.60,        40.75,-5.28
L,R.P.P INFRA PROJECTS LTD,       142.07,       149.76,-5.13
L,FINO PAYMENTS BANK LTD,       300.35,       316.55,-5.12
L,CROP LIFE SCIENCE LIMITED,        44.85,        47.25,-5.08
L,PERFECT INFRAENGINEER LTD,        34.05,        35.85,-5.02
L,SURANA TELECOM AND POW LT,        24.07,        25.34,-5.01
L,TANTIA CONSTRUCTIONS LTD,        55.92,        58.87,-5.01
L,SAMPANN UTPADAN INDIA LTD,        32.24,        33.94,-5.01
L,KARMA ENERGY LIMITED,        57.34,        60.36,-5
L,ASCOM LEASIN & INVEST LTD,       122.50,       128.95,-5
