SECURITY,NEW,PREVIOUS,NEW_STATUS
21ST CENTURY MGMT SERVICE,64,62.75,H
BHARTIYA INETRNATIONAL LT,489.8,475,H
SBIAMC - SBIETFPB,268.44,265.87,H
ICICI LOMBARD GIC LIMITED,1803.85,1786.85,H
PASHUPATI COTSPIN LIMITED,495.4,471.85,H
KORE DIGITAL LIMITED,1582.9,1535,H
MIRAEAMC - MAESGETF,40.19,39.92,H
SURAJ ESTATE DEVELOPERS L,487.3,458,H
MIRAEAMC - SMALLCAP,51.79,51.7,H
ICICIPRAMC - IPRU5008,53.69,53.52,H
ATMASTCO LIMITED,343.95,327.6,H
KOTAKMAMC - KOTAKLIQ,1044.99,1000.19,H
L&T FINANCE LIMITED,187.8,186.7,H
PRAMARA PROMOTIONS LTD,187.95,183.15,H
SEC RE NCD SR IV,1001.9,1001,H
GOI TBILL 364D-01/08/24,99.3,99.2,H
TBO TEK LIMITED,1933,1907.45,H
GP ECO SOLUTIONS INDIA L,433.7,413.4,H
IFB INDUSTRIES LTD,1730,1725.5,H
HONEYWELL AUTOMATION IND,59994,58994,H
GANESHA ECOSPHERE LIMITED,1434,1429.9,H
AIRTEL RS. 1.25 PPD UP,1102.4,1078.3,H
EDELAMC - EBBETF0425,1254.35,1252.7,H
PRUDENT CORP ADV SER LTD,1955,1950,H
GARDEN REACH SHIP&ENG LTD,2162,2065,H
GKW LIMITED,2950,2924.9,H
ANLON TECHNOLOGY SOL LTD,607,574.3,H
SPECTRUM ELECTRIC IND LTD,2520,2445.1,H
AHIMSA INDUSTRIES LTD.,18.9,18.3,H
SUPREME POWER EQUIPMENT L,336,303,H
KOTAK NIFTY ETF,265.1,259.13,H
GOI TBILL 182D-12/09/24,98.52,98.39,H
GOI TBILL 91D-08/08/24,99.9,99.15,H
GOI TBILL 364D-13/03/25,95.27,94.9,H
AUTHUM INVEST & INFRA LTD,1174,1169.8,H
MEGATHERM INDUCTION LTD,490,465.05,H
K2 INFRAGEN LIMITED,304.7,290.2,H
SLONE INFOSYSTEMS LIMITED,175.6,159.65,H
GEECEE VENTURES LIMITED,409.85,407.05,H
KIRLOSKAR BROTHERS LTD,2295.5,2247,H
SBI-ETF NIFTY BANK,537.46,534.6,H
S. P. APPARELS LIMITED,750.9,738.3,H
TCPL PACKAGING LIMITED,2590,2586.95,H
2.5%GOLDBONDS2029SR-II,7450,7449,H
CHEMBOND CHEMICALS LTD,743.2,655,H
MIC ELECTRONICS LTD,74.6,71.05,H
MIRAEAMC - MAFSETF,24.15,24.09,H
MIRAEAMC - MAN50ETF,256.25,254.25,H
8.92% TAX FREE NCD,1327,1324,H
EPACK DURABLE LIMITED,255.31,238.6,H
GOI TBILL 182D-19/09/24,98.4,98,H
GOI TBILL 182D-25/07/24,99.08,99.05,H
GPT INFRAPROJECTS LTD,287,285,H
RATNAVEER PRECISION ENG L,166.4,156.7,H
AVP INFRACON LIMITED,162.95,160,H
GOI TBILL 364D-09/01/25,95.91,95.79,H
SEC RE NCD 9.65% SR.III,1009.9,992,H
VST TILLERS TRACTORS LTD,4275.6,4224,H
GULF OIL LUB. IND. LTD.,1255,1166,H
ROSSELL INDIA LIMITED,581.45,571,H
HITACHI ENERGY INDIA LTD,13058.75,12379.6,H
ZODIAC ENERGY LIMITED,672.55,640.55,H
KRISHNA DEF AND ALD IND L,1028.75,1020,H
PARIN FURNITURE LIMITED,220,219,H
OM INFRA LIMITED,174.55,158.55,H
SKY GOLD LIMITED,1679,1605,H
ALPEX SOLAR LIMITED,1026.75,980.3,H
AMINES & PLASTICIZERS LTD,300.45,279.05,H
ATLANTAA LIMITED,46.42,45.51,H
KOTAKMAMC-KOTAKBKETF,543.1,539.63,H
E FACTOR EXPERIENCES LTD,254.9,252.95,H
TRIDENT TECHLABS LIMITED,898.4,855.65,H
PREMIER ROADLINES LIMITED,161.55,146.95,H
GOI TBILL 364D-06/02/25,95.82,95.61,H
RULKA ELECTRICALS LIMITED,606,532.35,H
BOROSIL SCIENTIFIC LTD,221.8,207.65,H
BHARTI AIRTEL LIMITED,1479.95,1455.95,H
EIMCO ELECON (INDIA) LTD,2622.65,2497.8,H
JINDAL PHOTO LIMITED,914,845.55,H
BOSCH LIMITED,34426.9,34350,H
JUBILANT INDUSTRIES LTD,1783.05,1698.15,H
DIGICONTENT LIMITED,37.22,33.85,H
RITCO LOGISTICS LIMITED,311.7,309.45,H
NEXUS SELECT TRUST,142.35,140.55,H
KAVVERI TEL. LTD.,20.73,20.33,H
AMARA RAJA ENERGY MOB LTD,1775.95,1656.05,H
SEC RE NCD SR III,1032.01,1031.66,H
OWAIS METAL & MINERAL,1569,1500.05,H
TECHNO ELEC & ENG CO. LTD,1590,1582.1,H
VADIVARHE SPCLTY CHEM LTD,57.05,54.35,H
MAX ESTATES LIMITED,484.95,482.4,H
TEERTH GOPICON LIMITED,554.55,528.15,H
AVSL INDUSTRIES LIMITED,193.2,184,H
Z-TECH (INDIA) LIMITED,238.5,227.15,H
GOI TBILL 364D-19/06/25,98.08,94.6,H
GABRIEL INDIA LTD,498.8,480.4,H
ALICON CASTALLOY LIMITED,1350,1333,H
SOMI CONVEYOR BELT. LTD.,235.58,196.32,H
NIP IND ETF MIDCAP 150,217.99,216.99,H
MAZAGON DOCK SHIPBUIL LTD,4271.2,4245,H
LCC INFOTECH LTD,3.75,3.68,H
KAYNES TECHNOLOGY IND LTD,4098,4072,H
BHARTI HEXACOM LIMITED,1368.6,1174.5,H
SEC RE NCD 10.15% SR VII,1025.1,1021.8,H
EMS LIMITED,653.5,605.95,H
GOI TBILL 91D-25/07/24,99.5,99.45,H
DIAMOND POWER INFRA LTD,1244.4,1220,H
DSPAMC - LIQUIDADD,1016.81,1016.64,H
KODY TECHNOLAB LIMITED,3810.75,3629.3,H
TANTIA CONSTRUCTIONS LTD,61,59.1,H
GOI LOAN 8.30% 2040,115.91,115.9,H
GOI TBILL 182D-07/11/24,97.5,97.46,H
SEC RE NCD 10.25% SR.II,1010,1002.76,H
BOND 7.19% PA TAX FREE S2,1084.17,1081,H
FOSECO INDIA LTD,4356.75,4299.9,H
PRECOT LIMITED,558.5,509.2,H
WINDSOR MACHINES LIMITED,174.25,169.54,H
BARAK VALLEY CEM. LTD.,69,67.8,H
PG ELECTROPLAST LTD,3410,3380,H
NIP IND ETF ETF NV20,148.1,147.9,H
PIX TRANSMISSIONS LIMITED,1586,1570,H
SAMVRDHNA MTHRSN INTL LTD,196.51,194.58,H
TATAAML - NPBET,274.4,269.37,H
JTEKT INDIA LIMITED,221.25,216.45,H
EURO PANEL PRODUCTS LTD,230,213,H
GARWARE HI-TECH FILMS LTD,2283,2242,H
KIRLOSKAR PNEUMATIC COM L,1430,1420.05,H
MCON RASAYAN INDIA LTD,182.45,179.35,H
SHRIRAM FINANCE LIMITED,3059.45,3000,H
AMEYA PRECISION ENG LTD,139.7,133.05,H
SENCO GOLD LIMITED,1126.45,1078,H
SERENCD8.65%SR.IIICIII&IV,1170.1,1089.85,H
VILAS TRANSCORE LIMITED,537,513.85,H
ESCONET TECHNOLOGIES LTD,258,245.75,H
AUSTRALIAN PREM SOLAR I L,511.7,487.35,H
GOI TBILL 364D-30/01/25,95.53,95.16,H
PURAVANKARA LIMITED,487,476.6,H
ABS MARINE SERVICES LTD,396,375.9,H
AWFIS SPACE SOLUTIONS LTD,578.95,544,H
GOI TBILL 182D-24/10/24,97.75,97.6,H
TEAMO PRODUCTIONS HQ LTD,1.44,1.38,H
RAYMOND LTD,3030,2830,H
GODFREY PHILLIPS INDIA LT,4490,4444,H
SUNDRAM FASTENERS LTD,1396,1364.15,H
ASHIMA LTD,40.91,39.81,H
JK PAPER LIMITED,561.45,555,H
UDAIPUR CEMENT WORKS LTD,48.6,47,H
AXISAMC - AXISBNKETF,540.1,540,H
THE BYKE HOSPITALITY LTD,88.9,77.15,H
TRANSWARRANTY FIN. LTD.,24,23.53,H
TITAGARH RAIL SYSTEMS LTD,1817.95,1690,H
INOX GREEN ENERGY SER LTD,184.8,174,H
GOI TBILL 364D-07/11/24,97.48,97.12,H
SEC RE NCD 0% SR.II,1040,1038,H
SEC RE NCD 10.50% SR.IV,1019,1010,H
SRI ADHIKARI BRO TELE N L,233.02,228.46,H
GOI TBILL 182D-28/11/24,98.86,97,H
GOI TBILL 364D-23/05/25,94.05,93.69,H
DELPHI WORLD MONEY LTD,216.3,212.16,H
AIMTRON ELECTRONICS LTD,548,521.95,H
BARODABNP - BBNPNBETF,53.36,52.43,H
GOI TBILL 91D-12/09/24,98.52,98.43,H
DSJ KEEP LEARNING LTD,2.7,2.76,L
CADSYS (INDIA) LIMITED,215.6,216.3,L
DIGIDRIVE DISTRIBUTORS L,36.64,36.9,L
ATAL REALTECH LIMITED,7.9,8.07,L
ZENITH EXPORTS LTD,435.11,443.99,L
MEP INFRA. DEVELOPERS LTD,8.42,8.6,L
FUTURE SUPP CHAIN SOL LTD,3.46,3.56,L
GLOBAL EDUCATION LIMITED,176,177.9,L
GOI TBILL 364D-12/06/25,93.25,93.51,L
ARCHIDPLY IND. LTD,102.6,103.1,L
DAVANGERE SUGAR COMPANY L,8.74,8.75,L
TIMESCAN LOGISTICS IND L,57.9,57.95,L
BHARAT ROAD NETWORK LTD,46.25,47.2,L
SERENCD8.84%SRVICIII&IV,849.99,850,L
PALRED TECHNOLOGIES LTD,108.8,110.71,L
ABAN OFFSHORE LTD.,61.83,63.1,L
GOI TBILL 364D-19/06/25,93.45,93.51,L
SEC RE NCD 8.40% SR 5,1029.95,1031.01,L
SEC RE NCD 9.20% SR I,953,998,L
SUUMAYA INDUSTRIES LTD,5.7,5.76,L
DJ MEDIAPRINT & LOG LTD,336.15,343,L
LORDS CHLORO ALKALI LTD,129.85,131.71,L
KSHITIJ POLYLINE LIMITED,0.33,0.5,L

