SYMBOL,SYMBOL P/E,ADJUSTED P/E
COSMOFIRST,33.19,33.19
HEROMOTOCO,28.52,27.64
HARRMALAYA,,1328.68
ITC,25.5,25.49
HINDCOMPOS,19.61,19.61
OSWALGREEN,152.75,152.75
HUHTAMAKI,7.26,28.35
RICOAUTO,48.82,46.66
MANINDS,23.7,23.7
SIYSIL,11.99,11.99
PRECWIRE,41.64,41.64
NCC,27.66,26.91
SEAMECLTD,25.74,25.74
BBTC,7.04,6.81
GICHSGFIN,8.88,8.88
BANARBEADS,23.29,23.29
WSTCSTPAPR,5.73,5.73
PRUDMOULI,12.37,11.5
PRAJIND,44.35,44.35
EVERESTIND,101.4,149.69
TFCILTD,20.62,20.62
AGI,18.18,18.18
TATACONSUM,80.17,69.16
ZEEL,71.82,253.84
FMGOETZE,18.58,18.58
ORIENTHOT,49.71,49.71
KANSAINER,18.9,33.31
3MINDIA,73.11,73.11
SCHAEFFLER,82.7,82.39
MFSL,86.12,86.12
GREAVESCOT,,247.24
SURYAROSNI,20.28,20.28
SHREECEM,40.98,40.98
INGERRAND,66.29,66.29
HINDZINC,36.15,36.15
AMBUJACEM,33.89,35.51
DCW,109.24,103
HEUBACHIND,27.79,27.79
BAJFINANCE,30.32,30.32
NAVA,8.48,9.26
AUTOAXLES,18.92,18.92
SWARAJENG,26.58,26.58
ANDHRSUGAR,29.56,28.29
AUSOMENT,15.35,15.35
JAYAGROGN,17.4,17.4
SILINV,21.39,21.39
KEYFINSERV,5.58,5.58
MOTHERSON,46.98,45.58
AARTIDRUGS,27.69,27.69
INDIANCARD,20.33,
SHRIRAMFIN,15.21,15.21
DYNAMATECH,42.43,81.25
JAGSNPHARM,40.03,40.03
INDRAMEDCO,18.52,18.52
MADRASFERT,308.29,30.67
SKMEGGPROD,8.72,8.72
HUDCO,26.02,26.02
FDC,24.72,24.72
ADROITINFO,13.01,13.01
INDUSINDBK,12.97,12.97
TRIGYN,21.75,21.75
KOTHARIPRO,21.79,21.79
ITDCEM,32.96,32.96
SONATSOFTW,52.4,4.49
CYBERTECH,23.83,23.83
GOACARBON,8.67,8.67
STCINDIA,18.84,20.25
RSSOFTWARE,34.02,34.02
IVC,34.93,34.93
ALEMBICLTD,31.04,31.04
BSOFT,30.79,30.79
STAR,320,37.33
ZYDUSLIFE,28.15,28.09
RAJESHEXPO,25.19,25.19
NRBBEARING,14.02,38.12
BLBLIMITED,36.88,36.88
BLUESTARCO,83.2,83.2
PNBGILTS,35.08,38.1
TAJGVK,28.87,28.87
HAVELLS,94.57,94.57
MRO-TEK,43.59,43.59
TRIDENT,55.74,55.76
MARKSANS,23.5,23.5
GODREJCP,,75.05
LUPIN,36.71,36.71
BHARTIARTL,137.68,87.98
PONNIERODE,9.09,9.09
OFSS,38,38
CANBK,6.71,6.71
DIVISLAB,75.32,75.32
BAGFILMS,21.66,21.66
WELSPUNLIV,20.97,20.97
IGL,20.2,20.2
UPL,,20.96
PTC,11.42,11.17
MAHABANK,11.35,11.35
EXCELINDUS,87.33,87.33
ULTRACEMCO,44.85,44.5
COFORGE,42.7,43.17
GUFICBIO,41.08,41.08
NTPC,17.76,17.76
SUPRAJIT,42.54,42.54
EVEREADY,62.31,62.31
ALLSEC,26.91,26.91
SSWL,5.02,14.44
SURYALAXMI,37.86,22.21
63MOONS,8.18,8.18
VHL,333.17,39.22
NECLIFE,145.3,145.3
IMPAL,18.34,18.34
AURIONPRO,53.76,53.76
AIAENG,34.93,34.95
ORIENTCER,31.76,37.45
EKC,14.7,14.41
ENIL,30.74,31.75
JAGRAN,12.02,12.02
BLKASHYAP,40.49,40.49
KEI,69.91,69.89
SOLARINDS,103.52,103.52
SUNTV,15.44,15.44
EMKAY,13.56,13.56
BALPHARMA,25.12,25.12
RATNAMANI,41.17,41.17
ALLCARGO,40.02,52.64
EMAMILTD,42.66,42.37
TECHM,58.44,58.52
SELAN,32.8,32.8
HOVS,30.5,30.5
ALICON,16.1,16.1
TORNTPOWER,38.35,38.35
LTFOODS,16.67,16.67
VENUSREM,17.54,17.54
TANLA,23.24,23.24
SARLAPOLY,24.5,24.5
GANDHITUBE,18.42,18.42
UNOMINDA,81.78,83.83
ORIENTBELL,6998.96,6998.96
TTL,53.92,53.92
SMSPHARMA,39.42,39.42
LAOPALA,28.54,28.54
THEMISMED,81.64,81.64
NDLVENTURE,201.99,201.99
ZENITHSTL,19.3,19.3
INSECTICID,20.87,20.87
HGS,30.2,30.2
MOTILALOFS,15.43,15.43
KSCL,16.76,16.76
MAANALU,23.97,23.97
CERA,48.52,48.27
EDELWEISS,12.03,12.03
RGL,13.59,13.59
KAUSHALYA,2.17,2.17
HITECHCORP,18.19,18.19
BRIGADE,80.15,80.15
MANAKSIA,8.14,6.16
DVL,30.47,30.47
BIRLAMONEY,18.03,18.03
CORDSCABLE,33.73,33.73
HERCULES,50.98,50.98
SEPC,132.32,132.32
IRB,43.1,43.1
GSS,33.15,33.15
RECLTD,9.71,9.71
NESCO,18.1,18.1
TITAGARH,75.45,75.01
DIGISPICE,18.07,41.52
ALMONDZ,15.19,39.89
VINYLINDIA,34.38,34.38
ZFCVINDIA,73.14,73.14
JOCIL,104.76,104.76
ALKALI,118.54,98.74
TPHQ,24.34,24.34
MAWANASUG,13.28,13.28
MHRIL,83.88,83.88
EXPLEOSOL,21.65,21.65
SUNTECK,124.43,124.43
JSWENERGY,73.68,73.68
MMTC,181.31,257.21
NESTLEIND,97.09,97.46
EMMBI,19.93,19.93
UMESLTD,93.08,93.08
IMFA,10.99,10.99
BAJAJCON,24.31,24.31
SASTASUNDR,11.67,11.67
RAMKY,12.44,12.44
ASHOKA,11.64,13.44
JWL,81.1,81.1
SHAH,39.23,39.23
COALINDIA,9.02,9.02
PENIND,23.35,23.35
MOIL,37.26,37.26
RKDL,,324.61
SUMMITSEC,25.17,25.17
HINDMOTORS,27.79,27.79
VADILALIND,21.18,21.18
RELAXO,103.31,103.31
DHANUKA,32.52,32.52
WHEELS,39.99,39.99
RIIL,196.32,196.32
SHREDIGCEM,18.49,18.49
SMLISUZU,28.07,28.07
FACT,442.26,165.01
LAXMIMACH,48.9,48.9
PEL,,33.7
MAHSCOOTER,50.97,50.97
TRENT,140.18,227.46
KCP,11.09,11.06
JBCHEPHARM,48.99,48.99
IONEXCHANG,37.94,37.94
IFBIND,91.22,91.22
HIMATSEIDE,12.1,12.1
GFLLIMITED,329.63,329.63
BHARATFORG,88.47,87.8
ARVIND,26.53,26.66
TATAMOTORS,10.2,9.97
LINDEINDIA,165.38,165.38
ESCORTS,44.93,44.93
ASHOKLEY,26.5,25.99
ZUARIIND,1.68,
TATASTEEL,,66.39
VEDL,22.4,33.57
RELIANCE,25.02,25.02
BATAINDIA,71.45,65.31
CARBORUNIV,75.53,75.53
DICIND,,116.48
MOTOGENFIN,111.18,111.18
RAMCOCEM,51.11,51.11
ADORWELD,29.03,29.03
TORNTPHARM,57.85,60.52
FEDERALBNK,10.97,10.97
SRF,53.13,53.13
AEGISLOG,42.89,42.89
WEIZMANIND,21.33,21.33
BBOX,35.36,28.27
JTEKTINDIA,50.53,53.32
ARE&M,33.37,33.37
ADANIENT,106.96,99.71
GET&D,199.31,199.31
BANARISUG,27.3,27.3
ANIKINDS,481.43,481.43
APCOTEXIND,44.2,44.2
KARURVYSYA,10.36,10.36
WSI,15.16,14.99
THOMASCOOK,42.31,42.31
SIEMENS,115.25,115.25
VSTIND,20.94,20.94
JUBLPHARMA,107.72,74.01
TOKYOPLAST,105.73,105.73
HLVLTD,71.52,71.52
M&M,32.45,32.45
PRSMJOHNSN,56.3,
PCBL,20.79,20.79
OSWALAGRO,356.33,352.82
JINDALSAW,11.22,11.22
IDBI,15.85,15.85
ELECTCAST,14.28,14.28
DABUR,58.04,58.04
NEULANDLAB,31.39,31.39
ZENSARTECH,25.6,25.6
BERGEPAINT,51.41,51.59
KPIL,37.28,37.28
IGARASHI,167.8,167.8
BLUEDART,60.4,60.4
MUNJALSHOW,20.89,19.64
HSCL,48.14,48.14
RANASUG,13.98,13.98
ARENTERP,20.02,20.02
UFLEX,,13.07
ADVANIHOTR,26.83,26.83
SUBROS,44.44,44.44
WIPRO,23.34,23.34
UNIVCABLES,68.38,68.38
TATACOMM,55.15,60.75
MURUDCERA,61.87,61.87
MODTHREAD,8.84,8.84
MANGLMCEM,39.63,39.63
3PLAND,31.32,31.32
SAIL,23.11,18.29
STYRENIX,20.69,20.69
BBL,41.45,41.45
IBULHSGFIN,7.08,7.08
MITCON,38.91,38.91
JPOLYINVST,29.6,29.6
AGARIND,16.17,16.17
SHARDACROP,124.09,124.09
MONTECARLO,21.04,21.04
GULPOLY,71.22,71.22
GENUSPAPER,155.71,155.71
LINC,25.35,25.35
HESTERBIO,131.43,131.43
LFIC,6.58,6.58
PRIVISCL,57.11,57.11
NILAINFRA,42.73,42.73
ORICONENT,30.72,25.83
ADANIENSOL,94.62,84.95
MUTHOOTCAP,4.29,101.79
NAVKARCORP,303.68,303.68
INDIGO,19.99,19.99
UMANGDAIRY,157.55,157.55
LALPATHLAB,62.65,62.65
TEAMLEASE,43.76,45.08
KELLTONTEC,16.58,16.59
HCG,128.16,137.76
WEALTH,19.96,19.96
PARAGMILK,23.33,23.33
UNITEDPOLY,30.23,30.23
CONTROLPR,25.23,25.25
TASTYBITE,66.42,66.42
LAXMICOT,,98.67
EIFFL,150.31,150.31
SHANKARA,20.68,20.68
SIKKO,39.94,39.94
PANACHE,,37.31
SCHAND,16.51,16.51
GLOBE,17.18,17.18
CDSL,50.56,50.56
DYNPRO,92.91,92.91
THEINVEST,53.1,53.1
OPTIEMUS,53.82,53.82
SMSLIFE,37.59,37.59
GEEKAYWIRE,12.96,12.96
ABCAPITAL,19.71,19.71
CHOLAHLDNG,6.35,6.35
DPWIRES,27.43,27.43
DIAMONDYD,42.11,41.5
GATECHDVR,15.75,15.75
GODREJAGRO,42.15,42.15
IEX,47.08,47.08
TIINDIA,68.65,68.67
SECURCRED,10.44,10.44
5PAISA,29.46,29.46
SILVERTUC,58.93,58.93
DNAMEDIA,.49,
ONEPOINT,57.71,57.71
BCONCEPTS,69.26,69.26
NEWGEN,56.48,56.48
GALAXYSURF,31.4,31.4
SOUTHWEST,39.96,42.42
ASTERDM,62.96,
HINDCON,43.22,43.22
UNIINFO,76.34,76.34
URAVI,301.62,301.62
SANDHAR,30.68,31.44
KAPSTON,31.4,31.4
MMP,28.77,28.77
BSHSL,93.03,93.03
SOFTTECH,141.86,141.86
E2E,120.84,120.84
SIRCA,34.29,34.29
SVLL,84.06,84.06
SONAMLTD,28.5,28.5
WEL,119.81,119.81
SPANDANA,10.39,10.39
HNDFDS,62.42,62.42
IRCTC,71.65,68.99
360ONE,37.75,37.75
HPIL,119.91,119.91
FLUOROCHEM,84.16,84.16
MGEL,17.3,17.3
SBICARD,28.91,28.91
CSBBANK,10.89,10.89
EASEMYTRIP,72.82,44.05
PRINCEPIPE,40.61,44.1
PATANJALI,72.32,72.32
MAHEPC,267.83,208.04
POWERINDIA,295.39,295.39
RAJRATAN,41.72,41.72
AARTISURF,27.18,27.18
NDRAUTO,30.12,30.12
AAATECH,44.67,44.67
UNIDT,48.61,48.61
ANGELONE,20.47,20.47
ROML,46.6,46.6
RAILTEL,61.91,64.35
HERANBA,42.17,42.17
FAIRCHEMOR,43.46,43.46
ISGEC,36.2,36.2
PAKKA,23.3,23.3
CARYSIL,38.26,38.26
FIBERWEB,15.47,15.47
BHAGCHEM,175.59,175.59
IPL,44.09,44.09
LODHA,93.97,88.5
UTKARSHBNK,11.5,11.5
CRAFTSMAN,38.74,38.74
JUBLINGREA,46.14,46.14
SHYAMMETL,17.37,17.37
TATVA,86.57,86.57
GLS,21.49,21.49
DEEPINDS,14.92,15.08
PIXTRANS,24.46,24.46
CARTRADE,54.13,54.13
DEVYANI,,533.02
ANMOL,9.77,9.77
AMIORG,124.39,56.16
BAJAJHCARE,,30.87
GRINFRA,12.8,15.94
STEELCAS,17.75,17.75
KPIGREEN,65.04,64.95
KOTAKBANK,19.7,19.7
JAYSREETEA,25.63,
GOLDENTOBC,11.46,13
ESABINDIA,57.11,57.11
ANDHRAPAP,6.53,6.53
AARTIIND,60.51,60.51
PRAKASH,9.38,9.38
KSB,82.61,82.61
HEG,36.88,36.88
GODFRYPHLP,31.73,31.73
TATAINVEST,106.36,106.36
SUDARSCHEM,17.09,54.5
IPCALAB,52.82,57.59
HINDALCO,15.17,15.2
HINDUNILVR,55.56,55.58
FINPIPE,47.7,47.7
EIDPARRY,8.28,8.28
CGPOWER,121.35,124.32
BEL,57.41,57.41
PEARLPOLY,85.19,85.19
TTKPRESTIG,47.84,47.84
EIMCOELECO,37.39,37.39
SAMBHAAV,62.22,82.35
SANGAMIND,47.44,41.43
STERTOOLS,24.35,24.48
TVSSRICHAK,30.01,28.61
GUJAPOLLO,25.93,25.93
KOTHARIPET,13,12.94
GAIL,16.3,16.88
ICICIBANK,18.73,18.73
CHENNPETRO,5.27,5.27
GAEL,18.49,18.49
TIPSINDLTD,45.93,45.93
ACLGATI,235.52,
UNITDSPR,66.21,65.73
ASAL,79.11,79.11
SURANAT&P,40.28,40.28
GENESYS,105.63,105.63
JSL,24.82,25.57
DREDGECORP,89.32,87.45
MUKANDLTD,23.45,23.45
POONAWALLA,19.92,29.16
DATAMATICS,18.3,18.3
APARINDS,41.4,41.4
TCS,30.13,29.66
ASTRAMICRO,83.18,83.18
JBMA,138.31,138.31
XCHANGING,97.32,97.32
JPPOWER,13.38,9.25
JSWHL,67.9,67.9
LTF,19.93,19.93
BODALCHEM,153.93,153.93
FILATEX,23.43,23.43
TRITURBINE,70.49,70.49
JISLDVREQS,.93,.93
RUPA,31.82,30.61
APLAPOLLO,61.57,61.57
IRFC,35.7,35.7
COMPUSOFT,40.34,40.34
RHIM,,51.21
NBCC,69.43,52.58
HEXATRADEX,10.36,10.36
SWANENERGY,33.58,33.58
RTNINDIA,28.07,25.14
PROZONER,199.56,199.56
KITEX,25.65,25.65
TVSHLTD,12.97,12.95
VETO,14,14
INDUSTOWER,15.37,15.37
NATHBIOGEN,9.96,10.69
SDBL,25.06,25.06
WONDERLA,32.93,32.93
GULFOILLUB,18.36,18.36
SUPERHOUSE,20.42,20.42
PDSL,35.39,36.13
GOODLUCK,21.64,21.64
LAMBODHARA,34.73,34.73
VISHNU,28.69,28.69
MENONBE,11.47,11.47
MANAKALUCO,37.05,37.05
IMAGICAA,7.99,135.81
VIPULLTD,2.29,2.26
ARROWGREEN,27.67,27.67
ALANKIT,23.83,23.83
AYMSYNTEX,241.95,56.31
SATIN,5.86,5.86
SHREEPUSHK,17.65,17.65
IDFCFIRSTB,19.94,19.94
SHK,22.24,22.24
KRIDHANINF,,69.4
ALKEM,33.61,31.93
QUICKHEAL,114.61,114.61
BHAGERIA,40.02,40.02
GOKULAGRO,18.72,18.72
PDMJEPAPER,11.22,11.22
HECPROJECT,25.43,25.43
SAGARDEEP,61.38,61.38
ARMANFIN,13.14,13.14
ASPINWALL,20.73,20.73
PREMEXPLN,152.2,152.2
INCREDIBLE,34.49,34.49
MOLDTECH,27.34,27.34
VIJIFIN,257.97,257.97
LLOYDSENGG,103.12,103.12
LTIM,33.1,33.1
MINDTECK,28.09,28.09
DBL,38.87,425
MBAPL,80.2,80.2
CUPID,34.45,34.45
CROWN,56.8,56.8
MARATHON,22.17,22.17
JAIPURKURT,103.06,103.06
SAKAR,58.65,58.65
PANSARI,32.98,32.98
ARTNIRMAN,138,138
ENDURANCE,55.09,55.09
PNBHOUSING,13.46,13.46
KINGFA,20.16,20.16
JETFREIGHT,330.46,
TCIEXP,33.88,33.88
TERASOFT,32.19,28.26
LIBAS,9.1,9.1
CAPTRUST,86.24,86.24
MAHESHWARI,14.31,14.31
MCL,81.96,81.96
PRICOLLTD,41.97,41.97
STEELCITY,13.13,13.13
KRISHANA,42.65,42.65
SANGINITA,60.13,60.13
AKASH,306.31,306.31
RADIOCITY,84.5,84.5
INTENTECH,21.22,21.22
AIRAN,28.24,28.24
CLEDUCATE,27.22,29.08
CREATIVE,21.68,21.68
FOCUS,26.19,26.19
DEVIT,27.25,27.25
INFOBEAN,49.61,49.61
BHAGYANGR,7.5,7.5
TEJASNET,383.02,383.02
ACEINTEG,56.77,56.77
STEELXIND,152.27,152.27
AVADHSUGAR,10.07,10.07
TOTAL,144.64,144.64
COCHINSHIP,73.49,73.49
VAISHALI,248.5,248.5
SERVOTECH,168.47,168.47
DIXON,191.71,191.71
CAPACITE,22.18,22.18
WORTH,11.98,11.98
AARVI,18.16,18.16
AIROLAM,27.22,27.22
RKEC,12.63,12.63
JASH,43.22,43.22
TIRUPATIFL,39.51,39.51
MASFIN,22.44,22.44
DPABHUSHAN,44.43,44.43
NAM-INDIA,38.38,38.38
KHADIM,100.36,100.36
VERTOZ,182.06,182.06
ZODIAC,85.68,85.68
ICEMAKE,52.88,52.88
SHRADHA,14.99,14.99
TOUCHWOOD,50.07,50.08
AJOONI,40.17,40.17
SILLYMONKS,143.66,143.66
AMBER,96.26,96.26
SINTERCOM,324.93,324.93
ARVEE,254.09,254.09
GMMPFAUDLR,32.51,32.51
SARVESHWAR,49.12,49.12
MACPOWER,58.19,58.19
BDL,92.45,92.45
MITTAL,29.31,90.66
ISEC,14.49,14.49
LEMONTREE,65.98,65.98
AVG,21.35,35.44
AAKASH,19.14,19.14
GODHA,112.61,112.61
INDOSTAR,26.91,26.91
PRITI,19.93,19.93
ACCURACY,394.41,394.41
RITES,34.09,34.09
GANGAFORGE,196.88,201.17
REPL,22.55,22.55
AVROIND,29.2,29.2
TEMBO,21.52,22
CREDITACC,14.98,14.98
AARON,43.24,43.24
SUMIT,22.56,22.56
LAGNAM,18.45,18.45
RPPL,30.41,30.41
AKG,47.58,47.58
IRCON,28.95,28.95
AHLADA,10.97,10.97
RAJMET,19.12,19.12
AAVAS,29.92,29.92
KSHITIJPOL,40.13,
KRITIKA,49.85,49.85
SILGO,21.02,21.02
VINNY,28.35,28.35
BBTCL,31.09,31.09
MARINE,82.96,83.38
IRISDOREME,48.02,48.02
ATGL,150.6,150.6
TECHNOE,61.82,61.82
UNIPARTS,19.34,19.34
SHRIRAMPPS,5.14,5.14
AWHCL,13.35,13.35
RPSGVENT,12.42,12.42
CHALET,65.11,65.11
MSTCLTD,29.47,29.47
OSIAHYPER,14.93,14.93
ARVINDFASN,67.81,65
PAR,19.18,19.18
RVNL,57.77,57.77
POLYCAB,60.26,60.26
METROPOLIS,77.19,77.19
KPITTECH,72.26,72.26
NEOGEN,124.83,124.83
VIKASLIFE,64.11,37.08
EMAMIPAP,8.57,8.57
CONFIPET,25.65,25.65
PPL,12.36,12.36
DGCONTENT,34.13,34.13
INDIAMART,43.28,43.11
OAL,142.22,142.22
SATIA,6.21,6.21
AFFLE,60.85,60.85
CHEMCON,50.56,50.56
WESTLIFE,197.86,197.86
UJJIVANSFB,6.82,6.82
MAZDOCK,44.31,44.31
SAFARI,56.92,56.92
DCI,26.47,26.47
IIFLSEC,13.35,13.35
VISHWARAJ,24.71,24.71
GREENPANEL,27.08,27.08
KUANTUM,7.63,7.63
APOLLOPIPE,60.96,60.96
CHEMBOND,18.83,18.83
ROUTE,27.16,28.17
HOMEFIRST,29.45,29.45
SIGMA,21.62,21.62
EQUITASBNK,14.73,14.73
ROSSARI,34.48,34.48
HINDWAREAP,87.7,87.7
LIKHITHA,28.27,28.27
ARTEMISMED,49.34,49.34
SUMICHEM,64.9,64.9
ASALCBR,25.04,25.04
UNIVPHOTO,13.91,13.91
SUVENPHAR,61.09,61.09
STOVEKRAFT,58.55,58.55
KSOLVES,40.77,40.77
HAPPSTMNDS,50.92,53.04
GLAND,38.89,38.89
BOROLTD,54.87,54.87
MAXHEALTH,82.1,82.1
PAVNAIND,53.81,53.81
KALYANKJIL,75.73,75.73
BTML,47.92,47.91
SHAREINDIA,14.07,14.05
SIGACHI,35.43,35.43
ADL,1832.16,1832.16
NIRAJ,21.93,14.81
CAMS,51.65,51.65
SURYODAY,9.6,9.6
UTIAMC,16.19,16.19
BECTORFOOD,59.04,59.04
ORCHPHARMA,64.11,64.11
INDIGOPNTS,44.02,44.02
LXCHEM,58.94,58.94
MTARTECH,102.23,102.23
ANURAS,50.59,50.59
KANPRPLA,288.52,288.52
STYLAMIND,22.2,22.06
CLSEL,9.4,9.4
SHAILY,64.82,64.82
MODISONLTD,18.44,23.17
BCLIND,15.77,15.7
SBCL,38.74,38.74
SMCGLOBAL,8.95,8.95
ARIHANTCAP,10.77,10.77
NAZARA,72.86,72.2
GENCON,21.71,21.71
HLEGLAS,77.25,72.11
SONACOMS,71.8,70.9
DRCSYSTEMS,33.28,33.28
PARAS,184.05,184.05
DODLA,36.35,36.35
EXXARO,188.3,188.3
ROLEXRINGS,40.95,37.12
KIMS,50.65,50.65
CLEAN,63.61,63.61
ABSLAMC,24.25,24.25
ZOMATO,508.67,508.67
WINDLAS,25.52,25.52
KRSNAA,35.44,35.44
APTUS,27.39,27.39
SUPRIYA,26.39,26.39
VIJAYA,66.08,65.26
VINEETLAB,52.3,52.3
SANSERA,37.24,37.24
PRITIKAUTO,27.24,27.24
AAREYDRUGS,25.66,25.66
INTLCONV,8.41,8.41
HPAL,43.86,44.21
UGROCAP,21.69,21.69
YUKEN,88.78,88.78
SGIL,41.61,41.61
SJS,28.91,28.91
FINOPB,30.55,30.55
POLICYBZR,910.54,910.54
NYKAA,1146.89,1146.89
AWL,255.29,204.09
MONARCH,14.5,14.49
SAPPHIRE,193.22,193.22
PRUDENT,57,57
EPIGRAL,28.73,28.73
NUVOCO,84.84,84.84
GOCOLORS,68.88,68.88
TRACXN,145.79,145.79
CMSINFO,22.34,22.34
FUSION,9.18,9.18
COASTCORP,67.7,67.7
TARSONS,60.22,60.22
MEDPLUS,160.6,160.6
TEGA,56.17,56.17
RATEGAIN,60.42,60.42
MANORG,73.88,73.88
LATENTVIEW,65.22,65.22
METROBRAND,81.97,81.97
MICEL,25.24,28.2
PASUPTAC,25.49,25.49
FOODSIN,23.68,23.66
PARADEEP,67.94,67.94
MAPMYINDIA,96.04,96.04
TMB,7.06,7.06
KRITI,41.16,41.16
MANYAVAR,64.95,64.95
GANESHBE,17.36,17.34
GVPTECH,76.02,76.02
DMCC,67.65,67.65
MEDICAMEQ,63.09,63.09
EMIL,47.12,47.12
SHIVALIK,55.19,55.19
UMAEXPORTS,28.81,27.99
DATAPATTNS,91.56,91.56
MEDANTA,71.9,71.9
AHL,26.79,26.79
MALLCOM,17.29,17.29
ASIANENE,48.58,45.33
SMLT,19.13,19.13
NRL,71.62,71.62
RADIANTCMS,19.25,19.25
CHOICEIN,58.27,58.27
HARIOMPIPE,29.7,29.7
GRWRHITECH,24.51,24.51
DCMSRIND,17.13,17.13
RAJRILTD,289.11,289.11
EMUDHRA,96.38,96.38
DYCL,34.72,34.72
FIVESTAR,27.78,27.78
STARTECK,19.06,19.06
VIRINCHI,25.25,25.25
SBC,68.84,68.84
ELDEHSG,30.94,30.94
ELIN,72.61,72.61
MHLXMIRU,20.95,20.95
RELCHEMQ,55.27,55.27
GATEWAY,20.5,20.5
ZIMLAB,29.7,29.7
CAMPUS,98.53,98.53
RAINBOW,59.12,59.12
AETHER,142.1,75.51
ROTO,41.88,41.88
INDOBORAX,14.16,14.16
RACE,380.96,380.96
AVONMORE,27.36,27.36
DREAMFOLKS,37.86,37.86
DHARMAJ,22.08,22.08
OBCL,30.62,30.62
GMRP&UI,125.53,
INOXGREEN,176.14,176.14
BIKAJI,68.44,68.44
RITCO,22.02,22.02
HARDWYN,106.92,106.92
HMAAGRO,27.13,27.13
MEDICO,42.93,42.93
YATHARTH,31.79,31.79
DCXINDIA,54.83,54.83
KAYNES,140.45,140.45
AXITA,27.52,27.52
SENCO,44.73,44.73
RADHIKAJWE,14.17,14.17
SPLPETRO,42.12,42.12
RAMRAT,30.38,30.38
RUSTOMJEE,103.11,103.11
GENSOL,75.48,75.35
GSLSU,46.91,46.91
MANORAMA,99.25,99.25
GRMOVER,18.35,18.35
SULA,45.12,45.12
BAIDFIN,18.47,18.47
KAMOPAINTS,93.48,93.48
SCPL,28.61,28.61
MANKIND,44.26,44.26
SATINDLTD,3.89,3.89
USK,15.45,15.45
MANOMAY,25.13,25.13
FAZE3Q,22.51,22.51
LLOYDSME,29.52,29.52
AARTIPHARM,26.29,26.29
SAHYADRI,17.7,17.7
SBGLP,78.88,78.88
HYBRIDFIN,17.42,16.92
SAH,252.58,252.58
AKI,156.45,156.45
IDEAFORGE,76.27,76.27
POCL,33.43,33.43
REDTAPE,82.79,82.79
NETWEB,190.02,190.02
GHCLTEXTIL,33.04,33.04
ATL,39.61,39.61
SINDHUTRAD,48.02,48.01
SPLIL,15.48,15.48
RML,480.98,13.27
JMFINANCIL,287.16,7.89
MANALIPETC,86.11,75.8
SOBHA,395.29,395.36
HBLPOWER,53.19,49.48
LUMAXTECH,22.62,22.62
PITTIENG,35.92,35.92
CTE,39.32,39.32
REDINGTON,13.7,13.7
INDIANB,8.82,8.82
PAGEIND,79.28,79.28
RAJTV,653.72,653.72
ASTRAL,117.43,117.43
NCLIND,11.46,11.46
BANSWRAS,15.08,15.08
PHOENIXLTD,49.92,49.92
BFUTILITIE,14.74,14.74
SRHHYPOLTD,11.89,10.78
HILTON,32.02,32.02
KMSUGAR,14.69,14.69
TIMETECHNO,23.8,23.8
NELCAST,24.98,34.32
ADSL,20.04,20.04
KPRMILL,37.82,37.82
CIEINDIA,26.89,26.89
MAGNUM,14.35,19.82
RELIGARE,22.53,47.35
GLOBUSSPR,23.61,23.61
ZYDUSWELL,43.98,41.75
DBCORP,12.67,12.67
WHIRLPOOL,104.4,98.35
THANGAMAYL,37.69,37.69
TEXMOPIPES,49.6,16.32
ISFT,21.3,21.3
HMVL,78.74,78.74
IITL,5.71,8
KILITCH,38.95,38.95
BEDMUTHA,37.77,37.77
CGCL,47.5,47.5
JINDWORLD,93.74,93.74
KIRLOSENG,45.52,44.49
STEL,60.73,60.73
HFCL,49.33,49.33
MUTHOOTFIN,16,16
OMINFRAL,33.99,33.99
KARMAENG,560.48,560.48
INVENTURE,19.3,15.99
DRREDDY,18.23,18.23
MAHSEAMLES,9.2,9.17
VINDHYATEL,25.43,25.43
PGHL,38.97,38.97
BEML,66.81,66.81
VTL,23.31,23.31
EPL,29.82,28.19
BIRLACABLE,33.09,33.09
PRECOT,33.28,52.94
SHREYANIND,4.34,4.34
APOLLOHOSP,98.71,98.84
HCLTECH,25.01,25.01
ACCELYA,27.31,27.38
IOB,45.58,45.58
BIL,48.56,48.56
KTKBANK,6.54,6.54
AJANTPHARM,35.97,35.97
CALSOFT,41.87,41.87
TVSMOTOR,62.96,62.96
PNC,39.72,39.72
NLCINDIA,17.36,17.36
REPRO,78.16,78.16
USHAMART,29.14,29.14
BALAJITELE,35.44,35.44
KHANDSE,255.08,255.08
SMARTLINK,41.57,41.57
JISLJALEQS,57.5,57.5
TCI,25.53,25.34
OLECTRA,187.85,204.7
APTECHT,44.81,38.51
TIMESGTY,69.78,69.78
NUCLEUS,20.18,20.18
GODREJIND,43.76,43.76
RADICO,95.1,95.1
MARUTI,28.87,28.87
UCOBANK,40.2,40.2
NSIL,40.38,40.38
TVSELECT,2399.67,2399.67
TVTODAY,24.11,22.77
PETRONET,13.26,13.46
BIOCON,29.47,29.37
XPROINDIA,52.47,50.38
RKFORGE,48.67,48.64
CCL,31.8,31.8
LT,31.68,31.82
CENTEXT,23.18,23.55
TEXINFRA,431.31,431.31
INDSWFTLTD,8.24,8.24
WELENT,17.31,17.31
KOTARISUG,17.08,17.08
DWARKESH,17,17
INDOCO,31.01,33.05
JINDRILL,15.5,15.5
PLASTIBLEN,20.7,20.7
WANBURY,9.4,17.31
IZMO,18.39,18.39
TIIL,23.69,23.11
PFC,7.89,7.89
CENTRALBK,21.34,21.34
INDOWIND,40.24,35.16
POWERGRID,19.53,19.53
VINATIORGA,58.65,58.65
RTNPOWER,1.09,
SHILPAMED,156.99,174.32
DLINKINDIA,18.39,18.39
BEARDSELL,19.47,19.47
JUBLFOOD,95.8,163.47
HATHWAY,62.7,62.68
LGBBROSLTD,14.68,14.96
KIRLOSBROS,49.55,50.23
MANAPPURAM,7.44,7.44
BLISSGVS,13.29,6.26
GPPL,30.97,28.3
DEEPAKNTR,41.38,44.72
CANTABIL,32.25,32.88
OBEROIRLTY,34.68,34.68
IOLCP,17.68,17.68
JAMNAAUTO,24.92,24.92
JUBLINDS,87.62,40.86
LOVABLE,34.7,34.7
PIIND,34.36,34.36
MAITHANALL,10.19,10.19
PFIZER,38.21,38.68
DEEPAKFERT,18.6,18.6
COROMANDEL,26.94,26.94
ASIANPAINT,50.54,50.54
TATACHEM,73.35,22.28
VIPIND,124.52,197.24
HONAUT,102.1,102.1
SUNPHARMA,37.43,35.88
HCC,17.2,
IVP,15.9,15.9
EICHERMOT,36.82,36.82
PATELENG,19.25,25.47
CONSOFINVT,13.89,13.89
JINDALPHOT,56.58,56.58
GOKEX,48.59,48.59
IIFL,9.88,9.88
SHOPERSTOP,108.49,100.09
CYBERMEDIA,10.82,8.24
JKPAPER,7.87,7.87
GRANULES,29.17,29.17
GENUSPOWER,93.3,93.3
YESBANK,58.57,58.57
GOLDIAM,19.48,19.48
SASKEN,30.25,30.25
SUZLON,110.42,102.13
TRIVENI,22.21,22.21
NAHARINDUS,58.98,48.79
VIMTALABS,26.21,26.21
CELEBRITY,59.54,60.89
NITINSPIN,14.88,14.88
ROHLTD,21.05,21.05
GSPL,7.8,7.96
GVKPIL,7.88,7.88
SAKUMA,28.34,28.34
KEC,63.55,63.55
JKCEMENT,42.1,41.98
INDOTECH,34.75,34.75
M&MFIN,20.04,20.04
CENTURYPLY,47.96,47.96
VAKRANGEE,564.03,613.59
GALLANTT,38.79,38.79
UTTAMSUGAR,10.12,10.12
KKCL,29.01,29.01
GPIL,16.55,16.8
RSYSTEMS,44.05,44.05
LOKESHMACH,58.66,58.66
SWELECTES,31.86,67.29
KAMDHENU,28.93,28.93
PIONEEREMB,40.66,40.66
JKLAKSHMI,20.49,20.76
MUNJALAU,24.02,16.66
GRINDWELL,78.47,78.41
VOLTAMP,51.73,51.73
ANANDRATHI,71.88,71.88
SEJALLTD,105.25,105.25
SYRMA,70.18,69.66
JTLIND,34.3,34.3
VENUSPIPES,51.22,51.22
MEGASTAR,43.47,43.47
LANDMARK,52.35,50.69
ETHOSLTD,117.14,117.14
MSUMI,52.37,52.37
HARSHA,47.74,47.74
INDOAMIN,20.68,20.68
ACI,26.62,26.62
SADHNANIQ,412.84,412.84
CHEVIOT,13,13
KFINTECH,47.39,47.39
AKSHAR,22.49,22.49
NGLFINE,35.64,35.64
TRU,51.72,51.72
TIPSFILMS,231.48,231.48
CSLFINANCE,16.71,16.71
DBOL,21.39,21.39
SPORTKING,14.74,14.74
SYNCOMF,47.34,47.31
KRITINUT,12.31,12.31
AVALON,130.54,130.54
SUKHJITS,14.52,14.52
SKYGOLD,52.48,52.48
DIVGIITTS,51.13,51.13
IKIO,38.98,38.98
RHL,76.58,76.58
NINSYS,57.64,57.64
ASMS,414.59,270.35
CYIENTDLM,96,96
ATAM,39.4,39.4
LAL,47.04,47.04
ASHOKAMET,11.02,11.02
PTCIL,460.42,460.42
KIRLPNU,65.6,62.75
NIITMTS,29.25,28.73
TREL,4.59,43.23
ACE,54.24,54.24
ANANTRAJ,57.13,57.13
TALBROAUTO,20.95,30.31
GEECEE,21.56,21.56
FIEMIND,20.32,20.32
INSPIRISYS,41.87,41.87
NAUKRI,118.56,110.49
RUCHIRA,8.45,8.45
HIRECT,93.48,66.79
NFL,96.32,96.32
PARACABLES,25.61,25.61
AVTNPL,24.74,24.74
TIDEWATER,28.23,28.23
PTL,24.83,24.83
AUTOIND,28.78,28.86
PGIL,19.5,19.44
FSL,28.78,28.78
JKTYRE,12.9,12.59
BALAMINES,32.48,32.48
ICRA,37.44,37.44
AROGRANITE,40.44,40.44
FORTIS,57.59,58.72
ALPHAGEO,242.25,35.6
NAVINFLUOR,64.81,78.21
NAGREEKEXP,16.92,16.92
V2RETAIL,86.56,86.56
DLF,125.2,125.2
MEGASOFT,65.19,65.19
ALPA,11.01,11.04
ISMTLTD,22.52,21.02
PURVA,230.01,230.01
NAGREEKCAP,.91,.91
CENTUM,,368.48
MANGCHEFER,9.65,9.65
DELTACORP,14.66,17.44
BAJAJELEC,88.6,88.6
BVCL,20.22,20.22
ADANIPORTS,38.05,36.61
COLPAL,58.17,57.56
JYOTHYLAB,41.67,41.67
KALYANIFRG,48.89,48.89
ECLERX,22.67,22.61
TRIL,239.23,239.23
PATINTLOG,26.52,26.52
ARIES,18.23,18.23
AMBIKCO,14.45,14.45
CEATLTD,16.3,15.16
JKIL,19.52,19.52
KNRCON,13.2,13.2
ONMOBILE,51.48,51.48
NMDC,13.57,13.08
NAHARCAP,13.6,13.6
VGUARD,71.43,71.43
DPSCLTD,106.19,106.19
BAJAJFINSV,16.42,16.42
BAJAJ-AUTO,36.24,36.24
RPGLIFE,29.46,29.46
RBL,18.89,18.47
RANEENGINE,26.42,19.75
LOTUSEYE,43.53,43.95
UBL,128.45,128.45
20MICRONS,13.29,13.02
TATAMTRDVR,1.05,1.02
COUNCODOS,29.67,29.67
HINDNATGLS,1.11,.68
AJMERA,23.99,23.99
GKWLIMITED,122.78,122.78
ADANIPOWER,13.43,13.43
NHPC,24.94,24.94
OIL,11.62,11.68
AMRUTANJAN,48.23,48.23
DEN,12.23,12.23
SARDAEN,16.17,16.11
REFEX,20.46,20.44
AHLUCONT,22.25,35.73
GODREJPROP,118.95,118.95
HINDCOPPER,107.76,107.76
UNITEDTEA,12.42,12.42
VASCONEQ,33.05,33.05
DBREALTY,7.85,8.35
MANINFRA,26.44,26.44
PERSISTENT,55.99,55.99
KSL,21.87,21.87
SJVN,56.02,60.26
KIRLOSIND,16.62,14.99
TI,35.38,34.64
AHLEAST,7.8,10.19
UGARSUGAR,45.13,45.13
ADFFOODS,35.13,35.13
WELINV,103.13,103.13
CAREERP,12.86,12.86
GREENPOWER,53.2,62.06
WABAG,30.04,29.2
PRESTIGE,49.32,49.32
RESPONIND,53.18,53.18
GRAVITA,42.48,42.48
RPPINFRA,9.71,9.71
A2ZINFRA,15.2,
PSB,68.19,68.19
KICL,38.47,51.25
TEXRAIL,88.91,88.91
DHUNINV,11.7,11.7
PFS,18.19,18.19
SYMPHONY,55.81,55.36
VSTTILLERS,29.35,29.35
ASHIANA,50.96,50.96
RUSHIL,21.81,21.81
PENINLAND,17.41,24.57
THERMAX,94.65,104.62
PREMIERPOL,22.35,22.35
RAYMOND,28.47,27.12
SESHAPAPER,8.55,8.55
SUNDRMFAST,53.97,53.97
EXIDEIND,55.84,55.84
ELECON,42.82,42.82
CRISIL,47.26,47.26
ORIENTPPR,186.03,186.03
NELCO,77.19,77.19
MASTEK,26.67,26.46
LUMAXIND,50.41,50.41
KECL,90.68,90.68
CUMMINSIND,75.28,75.22
JAYBARMARU,37.41,37.41
INFY,24.39,24.39
INDIAGLYCO,17.58,17.58
IGPL,47.5,47.5
GNFC,21.05,21.05
BPCL,4.98,4.86
BASF,40.1,40.1
ATUL,59.63,59.63
ACC,20.77,23.39
SCI,19.88,19.88
MRPL,10.56,10.54
HINDPETRO,5.01,5.01
BAJAJHLDNG,67.99,67.99
VOLTAS,128.73,128.73
TITAN,86.44,86.44
SUNDARMFIN,38.11,36.45
SPIC,20.13,13.69
SBIN,11.03,10.24
NOCIL,35.58,35.58
BOSCHLTD,40.05,54.18
CHAMBLFERT,16.98,16.98
HINDOILEXP,11.72,13.58
BALMLAWRIE,23.49,23.49
CENTURYTEX,115.01,43.44
CENTENKA,28.8,28.8
ATFL,173.15,247.2
VLSFINANCE,3.13,3.13
SUPREMEIND,77.68,77.68
BALRAMCHIN,17.49,17.49
RANEHOLDIN,20.17,9.43
TATAELXSI,55.86,55.86
SANDESH,6.46,6.46
ASHIMASYN,7.75,7.75
BALKRISIND,41.84,41.84
INDBANK,26.87,26.87
RAJSREESUG,19.53,19.53
ONGC,6.24,6.1
TAINWALCHM,36.17,36.17
JINDALPOLY,43.12,42.97
JYOTISTRUC,84.4,84.4
BSL,17.59,17.59
JAYNECOIND,24.25,22.25
SOTL,18.93,18.93
RCF,45.83,54.54
DECCANCE,25.18,19
TATAPOWER,44.36,47.94
SUNFLAG,27.36,27.36
BHARATRAS,59.55,59.55
SOMANYCERA,31.29,31.22
IFCI,67.49,68.04
LIBERTSHOE,59.94,45.62
KABRAEXTRU,47.69,47.69
HEIDELBERG,29.22,29.22
PIDILITIND,91.14,88.61
HONDAPOWER,41.8,43.59
RUBYMILLS,17.07,17.07
ABB,121.7,121.7
CANFINHOME,15.96,15.96
BRITANNIA,60.31,60.25
DCMSHRIRAM,34.73,34.73
SANOFI,28.47,27.56
KAJARIACER,52.86,52.83
POLYPLEX,36.76,36.76
EIHAHOTELS,34.96,34.96
GRAPHITE,14.2,622.98
DHAMPURSUG,11.14,11.14
PILITA,62.83,62.83
AGRITECH,11.88,11.88
BUTTERFLY,203.49,166.31
GOCLCORP,48.73,50.94
CIGNITITEC,22.18,22.18
FCL,35.61,35.61
GREENLAM,57.23,57.23
ZENTEC,76.3,77.42
AVANTIFEED,21.29,21.29
SKIPPER,49.62,49.62
RAMASTEEL,58.25,58.25
POWERMECH,31.25,31.25
LUXIND,35.57,35.57
PILANIINVS,35.08,35.08
OCCL,15.26,15.26
VIDHIING,61.02,61.02
THYROCARE,48.59,48.48
BLS,44.55,44.55
WIPL,40.23,40.23
PSPPROJECT,21.43,21.43
AUBANK,33.02,31.73
SUNDARMHLD,31.19,31.19
MIDHANI,96.74,96.74
BIRLACORPN,28.04,28.47
ASHAPURMIN,16.87,26.08
TNPL,9.29,9.29
NATCOPHARM,15.39,15.39
GARFIBRES,37.7,37.7
SKFINDIA,59.25,59.25
VISAKAIND,1199.71,1199.71
HITECHGEAR,15.65,43.6
PUNJABCHEM,30.36,30.36
MMFL,21.65,21.8
RUCHINFRA,19.79,44.3
BANKBARODA,7.88,7.88
BANKINDIA,8.79,8.79
INDSWFTLAB,2.29,9.84
KRBL,11.36,11.36
AXISCADES,69.62,69.62
HIKAL,61.38,61.38
MPSLTD,27.77,27.77
PNB,16.41,16.41
UNIONBANK,7.81,7.81
VARDHACRLC,25.45,25.45
JAIBALAJI,17.31,17.31
UNIENTER,31.01,31.01
VAIBHAVGBL,42.03,40.22
NIITLTD,35.1,34.89
GULFPETRO,12.6,12.6
JSWSTEEL,24.87,26.23
SAKSOFT,30.9,30.9
WELCORP,16.25,16.25
PRIMESECU,37.5,37.5
GEOJITFSL,17.5,17.5
ASAHISONG,31.02,
BROOKS,148.47,148.47
TDPOWERSYS,48.14,48.14
APLLTD,28.92,28.92
PGEL,62.34,62.34
PANAMAPET,12.75,12.75
PAISALO,37.2,37.27
SHAKTIPUMP,47.67,47.67
INDOTHAI,18.53,18.53
DSSL,27.19,27.19
POLYMED,74.59,74.76
VIKASECO,101.27,101.27
KANANIIND,96.19,96.19
MINDACORP,51.08,51.08
DBSTOCKBRO,18.43,18.43
SCHNEIDER,124.16,121.79
NDL,15.35,15.35
TBZ,15.15,15.15
VSSL,29.21,29.21
SPECIALITY,29.21,29.21
MAYURUNIQ,23.13,23.13
ROSSELLIND,153.18,151.92
ZUARI,6.31,6.31
CARERATING,30.49,30.49
REPCOHOME,8.45,8.45
JUSTDIAL,24.09,24.09
ATULAUTO,236.95,236.95
ORIENTCEM,27.69,27.69
ORBTEXP,15.79,15.79
SREEL,25.11,25.11
CASTROLIND,23.37,23.37
HATSUN,88.4,88.4
CAPLIPOINT,23.09,23.09
SNOWMAN,94.26,94.26
INTELLECT,46.42,46.19
APOLSINHOT,36.35,36.35
GRPLTD,61.13,56.17
MOLDTKPAC,39.39,39.39
GANECOS,88.9,88.9
JMA,9.18,9.18
BYKE,70.88,70.88
VRLLOG,55.48,55.75
UFO,42.39,38.38
TPLPLASTEH,37.02,37.02
PNCINFRA,13.82,13.82
SHYAMCENT,513.06,513.06
SYNGENE,55.42,54.46
PKTEA,28.35,28.35
ARVSMART,61.43,61.43
SHARDAMOTR,20.14,20.14
GUJGASLTD,36.97,38.45
COFFEEDAY,,6.89
BALAXI,,17.8
TTKHLTCARE,33.16,33.16
SALZERELEC,32.43,32.43
LINCOLN,13.13,13.13
NH,30.78,30.78
PRECAM,45.39,70.37
HITECH,45.39,45.39
NECCLTD,30.46,30.46
KDDL,25.01,25.07
BHARATWIRE,18.84,18.84
INFIBEAM,55.58,55.58
CROMPTON,62.62,62.62
SHRIPISTON,19.63,19.63
ALBERTDAVD,10.05,10.05
SALONA,26.37,26.37
MAHASTEEL,35.43,43.56
DAMODARIND,20.69,20.69
MGL,11.58,11.58
POKARNA,25.66,25.66
GPTINFRA,29.02,29.02
QUESS,32.2,29.51
SOMICONVEY,50.79,50.79
ADVENZYMES,31.07,28.93
SPAL,20.13,20.13
NDGL,13.86,13.86
RBLBANK,12.21,12.21
BIGBLOC,53.64,53.64
LTTS,39.15,39.15
GNA,17.23,17.23
HPL,67.2,67.2
MASKINVEST,1278.87,1278.87
MAZDA,17.54,17.54
VBL,93.34,93.34
PODDARMENT,16.81,16.81
NBIFIN,60.7,60.7
SFL,46.11,56.97
LAURUSLABS,136.99,136.99
ITDC,109.27,109.16
HISARMETAL,17.04,17.04
SPCENET,181.68,181.68
BHANDARI,19.89,19.89
BSE,48.76,100.04
JITFINFRA,24.58,29.75
DMART,122.76,122.76
ARIHANTSUP,20.33,20.33
URJA,403.24,403.24
NRAIL,6.9,6.9
DOLLAR,34.18,33.96
STARCEMENT,29.1,29.1
ERIS,34.77,34.77
GTPL,18.02,18.02
SALASAR,62.22,62.22
MAGADSUGAR,9.32,9.32
GANGESSECU,49.22,49.22
SIS,38.61,38.61
APEX,49.26,49.26
MATRIMONY,28.31,28.31
TCPLPACK,22.33,22.33
IFGLEXPOR,29.61,29.61
SHALBY,35.53,35.53
APOLLO,104.43,104.43
HGINFRA,21.85,22.32
BANDHANBNK,21.73,21.73
HAL,47.3,47.3
CHEMFAB,33.98,33.98
ORIENTELEC,73.81,91.77
ADANIGREEN,293.17,235.09
FINEORG,35.42,35.38
VARROC,20.14,20.14
HBSL,2.01,2.01
HDFCAMC,45.22,45.22
SIGIND,17.35,17.35
GRSE,62.4,62.4
NILASPACES,29.06,29.06
DALBHARAT,39.89,39.89
ANUP,36.67,36.67
MSPL,71.03,58.04
IDFC,606.75,606.75
FCSSOFT,,77.68
DCBBANK,8.28,8.28
GESHIP,6.5,6.5
DONEAR,20.27,20.27
CIPLA,29.14,28.12
HDFCBANK,20.01,19.89
GMBREW,9.9,9.9
GIPCL,18.83,18.83
INDIANHUME,27.87,27.87
IOC,5.58,5.58
KAMATHOTEL,13.46,45.25
BANCOINDIA,17.65,17.65
APOLLOTYRE,19.16,18.47
SHANTIGEAR,52.69,52.69
ONWARDTEC,26.54,26.54
NILKAMAL,26.53,26.53
ICIL,21.45,21.45
ELGIEQUIP,76.8,76.8
AUROPHARMA,22.4,21.67
EIHOTEL,43.02,42.55
LICHSGFIN,8.9,8.9
BEPL,24.54,24.54
MOREPENLAB,30.08,30.08
21STCENMGM,2.05,2.05
VENKEYS,35.43,35.43
GHCL,6.62,8.68
HIL,60.89,1139.12
BPL,43.8,43.8
PGHH,70.62,70.62
VESUVIUS,45.24,45.24
BOMDYEING,1.4,
NAVNETEDUL,17.45,19.01
GLAXO,75.85,67.72
CHOLAFIN,35.26,35.26
INDHOTEL,78.16,78.16
GILLETTE,63.06,63.06
FOSECOIND,36.68,42.17
GABRIEL,38.31,38.31
RALLIS,41.36,41.55
AMJLAND,15.45,15.45
KOPRAN,24.31,24.31
TIMKEN,86.38,86.38
SAKHTISUG,4.04,
AKZOINDIA,31.07,31.07
GSFC,17.08,17.08
GRASIM,16.85,16.19
FINCABLES,40.75,47.79
DCM,25.12,25.12
CESC,13.87,16.9
PVP,10.17,
CORALFINAC,10.01,10.01
GREENPLY,54.96,63.48
REMSONSIND,53.77,52.73
DALMIASUG,12.79,12.79
KHAITANLTD,28.78,28.78
MRF,25.87,25.87
TNPETRO,17.87,14.32
STARPAPER,6.34,6.2
MARICO,53,53
BIOFILCHEM,147.38,147.38
SUNDRMBRAK,30.02,30.02
SOMATEX,5.28,
CREST,18.62,18.62
WENDT,75.83,75.83
DENORA,49.16,49.16
MIRZAINT,51.37,51.37
GANESHHOUC,17.56,17.56
ALKYLAMINE,72.82,72.82
MPHASIS,29.28,29.28
GUJRAFFIA,48.14,48.14
RAMCOIND,30.37,30.37
HERITGFOOD,49.35,49.35
INDNIPPON,31.11,31.11
CONCOR,52,52
KCPSUGIND,7.97,8.95
SAREGAMA,53.88,53.88
ENGINERSIN,39.45,39.45
JAICORPLTD,125.26,125.26
GMDCLTD,20.68,20.68
MAHAPEXLTD,.55,36.13
ASAHIINDIA,53.79,53.79
J&KBANK,7.28,7.28
CUB,12.27,12.27
SOUTHBANK,6.71,6.71
ASTRAZEN,97.97,105.59
AXISBANK,14.87,14.87
CYIENT,29.46,27.54
KOKUYOCMLN,34.44,34.44
DHANBANK,19.04,19.04
SANGHVIMOV,25.3,25.3
NATIONALUM,16.8,19.89
JINDALSTEL,18.26,18.26
NIPPOBATRY,30.12,30.12
