SYMBOL,SERIES,SECURITY,HIGH/LOW,INDEX FLAG
21STCENMGM,BE,21ST CENTURY MGMT SERVICE,H
772GS2049,GS,GOI LOAN 7.72% 2049,H
AAKASH,EQ,AAKASH EXPLORATION SER L,H
ADSL,EQ,ALLIED DIGITAL SERV. LTD,H
AGUL,SM,A G UNIVERSAL LIMITED,H
AILIMITED,ST,ABHISHEK INTEGRATIONS LTD,H
AIMTRON,SM,AIMTRON ELECTRONICS LTD,H
AJOONI,EQ,AJOONI BIOTECH LIMITED,H
ALPEXSOLAR,SM,ALPEX SOLAR LIMITED,H
ALPSINDUS,BE,ALPS INDUSTRIES LTD.,H
AMNPLST,EQ,AMINES & PLASTICIZERS LTD,H
APS,SM,AUSTRALIAN PREM SOLAR I L,H
ASHIMASYN,EQ,ASHIMA LTD,H
ASIANENE,EQ,ASIAN ENERGY SERVICES LTD,H
ASIANHOTNR,BE,ASIAN HOTELS (NORTH) LTD,H
ASMS,EQ,BARTRONICS INDIA LIMITED,H
ASTRON,BE,ASTRON PAPER BORD MIL LTD,H
ATMASTCO,SM,ATMASTCO LIMITED,H
ATULAUTO,EQ,ATUL AUTO LIMITED,H
AVPINFRA,SM,AVP INFRACON LIMITED,H
BAFNAPH,BE,BAFNA PHARMACEUTICALS LTD,H
BAHETI,SM,BAHETI RECYCLING IND LTD,H
BANKA,BE,BANKA BIOLOO LIMITED,H
BGLOBAL,BZ,BHARATIYA GLOBAL INFO LTD,H
BGRENERGY,BE,BGR ENERGY SYSTEMS LTD,H
BLUECHIP,BE,BLUE CHIP INDIA LIMITED,H
BRNL,BE,BHARAT ROAD NETWORK LTD,H
BYKE,BE,THE BYKE HOSPITALITY LTD,H
CLOUD,SM,VARANIUM CLOUD LIMITED,H
CMMIPL,ST,CMM INFRAPROJECTS LIMITED,H
CMRSL,SM,CYBER MEDIA RES & SER LTD,H
CONTI,SM,CONTINENTAL SEED CHEM LTD,H
DBSTOCKBRO,EQ,DB (INT) STOCK BROKERS,H
DCG,SM,DCG CABLES & WIRES LTD,H
DCI,BE,DC INFOTECH AND COMUN LTD,H
DESTINY,ST,DESTINY LOGISTICS & I LTD,H
DHRUV,BE,DHRUV CONSULTANCY SER LTD,H
DREDGECORP,EQ,DREDGING CORP OF INDIA,H
DRONE,SM,DRONE DESTINATION LIMITED,H
DYNAMIC,SM,DYNAMIC SRVCS & SEC LTD,H
EIMCOELECO,BE,EIMCO ELECON (INDIA) LTD,H
ENFUSE,SM,ENFUSE SOLUTIONS LIMITED,H
ENSER,SM,ENSER COMMUNICATIONS LTD,H
ESCONET,SM,ESCONET TECHNOLOGIES LTD,H
EUROTEXIND,EQ,EUROTEX INDUSTRIES LTD,H
FCSSOFT,EQ,FCS SOFTWARE SOLN. LTD.,H
FEL,BZ,FUTURE ENTERPRISES LTD,H
FLFL,BZ,FUT LIFESTYLE FASH LTD,H
FRETAIL,BZ,FUTURE RETAIL LIMITED,H
GATECH,BE,GACM TECHNOLOGIES LIMITED,H
GAYAHWS,BE,GAYATRI HIGHWAYS LIMITED,H
GENSOL,EQ,GENSOL ENGINEERING LTD,H
GENUSPOWER,EQ,GENUS POWER INFRASTRU LTD,H
GET&D,BE,GE T&D INDIA LIMITED,H
GICL,SM,GLOBE INTL CARRIERS LTD,H
GILLANDERS,EQ,GILLANDERS ARBUTHNOT LTD,H
GIRIRAJ,ST,GIRIRAJ CIVIL DEVP LTD,H
GKWLIMITED,BE,GKW LIMITED,H
GLFL,BE,GUJARAT LEASE FINANCING L,H
GODHA,EQ,GODHA CABCON INSULAT LTD,H
GOENKA,BZ,GOENKA DIAMOND&JEWELS LTD,H
GOYALALUM,BE,GOYAL ALUMINIUMS LIMITED,H
GPTINFRA,BE,GPT INFRAPROJECTS LTD,H
GRPLTD,EQ,GRP LIMITED,H
GRSE,EQ,GARDEN REACH SHIP&ENG LTD,H
GSMFOILS,ST,GSM FOILS LIMITED,H
GSTL,SM,GLOBESECURE TECHNO LTD,H
GTECJAINX,BE,G-TEC JAINX EDUCATION LTD,H
GTLINFRA,EQ,GTL INFRA.LTD,H
HAVISHA,EQ,SRI HAVISHA HOSP & INFR L,H
HINDNATGLS,BE,HIND NATL GLASS & IND LTD,H
HITECHGEAR,BE,THE HI-TECH GEARS LIMITED,H
HUBTOWN,BE,HUBTOWN LIMITED,H
ICDSLTD,BE,ICDSLTD,H
INDOTECH,BE,INDO TECH TRANSFORM LTD.,H
INSPIRE,SM,INSPIRE FILMS LIMITED,H
INTENTECH,EQ,INTENSE TECHNOLOGIES LTD,H
ISHAN,SM,ISHAN INTERNATIONAL LTD,H
IWEL,EQ,INOX WIND ENERGY LIMITED,H
JAIBALAJI,BE,JAI BALAJI INDUSTRIES LTD,H
JAIPURKURT,BE,NANDANI CREATION LIMITED,H
K2INFRA,SM,K2 INFRAGEN LIMITED,H
KANANIIND,EQ,KANANI INDUSTRIES LTD,H
KAUSHALYA,EQ,KAUSHALYA INFRA DEV LTD.,H
KCEIL,SM,KAY CEE ENERGY & INFRA L,H
KDL,SM,KORE DIGITAL LIMITED,H
KRIDHANINF,BE,KRIDHAN INFRA LIMITED,H
KRISHCA,SM,KRISHCA STRAPPING SLTN L,H
KSHITI-RE,BE,KSHITIJ POLYLINE LIMITED,H
LAKPRE,BZ,LAKSHMI PRE SCRE LTD,H
LATTEYS,BE,LATTEYS INDUSTRIES LTD,H
LRRPL,SM,LEAD REC AND RUB PROD LTD,H
MADHAV,BE,MADHAV MARBLE & GRANITE,H
MADHUCON,BE,MADHUCON PROJECTS LTD.,H
MAITREYA,SM,MAITREYA MEDICARE LIMITED,H
MANAKSTEEL,BE,MANAKSIA STEELS LTD,H
MANORAMA,BE,MANORAMA INDUSTRIES LTD,H
MARINE,EQ,MARINE ELECTRICAL (I) LTD,H
MASON,ST,MASON INFRATECH LIMITED,H
MAXIND,EQ,MAX INDIA LIMITED,H
MCON,SM,MCON RASAYAN INDIA LTD,H
MEDIORG,ST,MEDICAMEN ORGANICS LTD,H
MEGASOFT,EQ,MEGASOFT LTD,H
MGL,EQ,MAHANAGAR GAS LTD.,H
MICEL,EQ,MIC ELECTRONICS LTD,H
MILTON,SM,MILTON INDUSTRIES LIMITED,H
MKPL,BE,M K PROTEINS LIMITED,H
MOKSH,BE,MOKSH ORNAMENTS LIMITED,H
MRO-TEK,BE,MRO-TEK REALTY LIMITED,H
MTEDUCARE,BE,MT EDUCARE LTD,H
NAGREEKCAP,EQ,NAGREEKA CAP & INFR.LTD,H
NAHARPOLY,EQ,NAHAR POLY FILMS LIMITED,H
NIRMAN,SM,NIRMAN AGRI GENTICS LTD,H
NKIND,EQ,NK INDUSTRIES LTD,H
NOIDATOLL,BE,NOIDA TOLL BRIDGE CO LTD,H
NTL,BE,NEUEON TOWERS LIMITED,H
OCCL,BE,ORIENTAL CARBN & CHEM LTD,H
OILCOUNTUB,BE,OIL COUNTRY TUBULAR LTD.,H
OMAXE,EQ,OMAXE LIMITED,H
ONDOOR,SM,ON DOOR CONCEPTS LIMITED,H
PARIN,SM,PARIN FURNITURE LIMITED,H
PERFECT,SM,PERFECT INFRAENGINEER LTD,H
PFOCUS,EQ,PRIME FOCUS LIMITED,H
PRAENG,EQ,PRAJAY ENG. SYN. LTD.,H
PRAKASHSTL,BE,PRAKASH STEELAGE LTD,H
PREMIER,BE,PREMIER LIMITED,H
PURVA,BE,PURAVANKARA LIMITED,H
RAJMET,EQ,RAJNANDINI METAL LIMITED,H
RAJRILTD,BE,RAJ RAYON INDUSTRIES LTD,H
RAMCOSYS,BE,RAMCO SYSTEMS LTD,H
RANEENGINE,EQ,RANE ENG VALVE LTD,H
RANEHOLDIN,EQ,RANE HOLDINGS LIMITED,H
REFEX,EQ,REFEX INDUSTRIES LIMITED,H
REGENCERAM,BE,REGENCYCERAMICS-LTD,H
RETAIL,BE,JHS SVENDGAARD RETAIL V L,H
RICHA,SM,RICHA INFO SYSTEMS LTD,H
RILINFRA,SM,RACHANA INFRA LTD,H
RKEC,EQ,RKEC PROJECTS LIMITED,H
ROTO,EQ,ROTO PUMPS LIMITED,H
RSSOFTWARE,BE,R. S. SOFTWARE (INDIA) LI,H
SADBHAV,BE,SADBHAV ENGINEERING LTD,H
SAHANA,SM,SAHANA SYSTEM LIMITED,H
SALSTEEL,BE,S.A.L. STEEL LTD.,H
SAMPANN,BE,SAMPANN UTPADAN INDIA LTD,H
SARTELE,SM,SAR TELEVENTURE LIMITED,H
SARVESHWAR,EQ,SARVESHWAR FOODS LIMITED,H
SECURCRED,BE,SECUR CREDENTIALS LIMITED,H
SETCO,BE,SETCO AUTOMOTIVE LTD,H
SHAKTIPUMP,BE,SHAKTI PUMPS (I) LTD,H
SHRADHA,BE,SHRADHA INFRAPROJECTS LTD,H
SHRENIK,EQ,SHRENIK LIMITED,H
SITINET,BE,SITI NETWORKS LIMITED,H
SKIL,BZ,SKIL INFRASTRUCTURE LTD.,H
SKYGOLD,BE,SKY GOLD LIMITED,H
SOFTTECH,EQ,SOFTTECH ENGINEERS LTD,H
SOLARAPP,E1,SOLAR ACT RS.3.50 PPD UP,H
SOLEX,SM,SOLEX ENERGY LIMITED,H
SONAMAC,SM,SONA MACHINERY LIMITED,H
SONUINFRA,SM,SONU INFRATECH LIMITED,H
SPCL,ST,SHIVALIC POWER CONTROL L,H
SPMLINFRA,EQ,SPML INFRA LIMITED,H
SRPL,BE,SHREE RAM PROTEINS LTD.,H
SUBROS,EQ,SUBROS LIMITED,H
SUMEETINDS,BE,SUMEET IND LIMITED,H
SUMIT,BE,SUMIT WOODS LIMITED,H
SUPREMEINF,BZ,SUPREME INFRA. LTD,H
SURANAT&P,EQ,SURANA TELECOM AND POW LT,H
SURANI,SM,SURANI STEEL TUBES LTD.,H
SURYALAXMI,EQ,SURYALAKSHMI COT MIL LTD,H
SVPGLOB,EQ,SVP GLOBAL TEXTILES LTD,H
SWANENERGY,EQ,SWAN ENERGY LIMITED,H
SWARAJ,SM,SWARAJ SUITING LIMITED,H
SYLVANPLY,ST,SYLVAN PLYBOARD (INDIA) L,H
TAC,SM,TAC INFOSEC LIMITED,H
TBI,SM,TBI CORN LIMITED,H
TCLCONS,EQ,TANTIA CONSTRUCTIONS LTD,H
TECHLABS,SM,TRIDENT TECHLABS LIMITED,H
TGL,SM,TEERTH GOPICON LIMITED,H
TIJARIA,BE,TIJARIA POLYPIPES LTD,H
TIMESCAN,SM,TIMESCAN LOGISTICS IND L,H
TIRUPATI,SM,SHREE TIRUPATI BALAJEE,H
TIRUPATIFL,BE,TIRUPATI FORGE LIMITED,H
TRIL,BE,TRANS & RECTI. LTD,H
UEL,BE,UJAAS ENERGY LIMITED,H
UNIVAFOODS,BE,UNIVA FOODS LIMITED,H
USK,BE,UDAYSHIVAKUMAR INFRA LTD,H
VASA,SM,VASA RETAIL & OVERSEA LTD,H
VASWANI,BE,VASWANI IND LTD,H
VERANDA,EQ,VERANDA LEARNING SOL LTD,H
VHLTD,BE,VICEROY HOTELS LIMITED,H
VIJIFIN,BE,VIJI FINANCE LIMITED,H
VINYAS,SM,VINYAS INNOVATIVE TECH L,H
VIPULLTD,EQ,VIPUL LIMITED,H
VISAMAN,ST,VISAMAN GLOBAL SALES LTD,H
VISASTEEL,BE,VISA STEEL LIMITED,H
VISESHINFO,BZ,VISESH INFOTECNICS LTD,H
VIVIANA,SM,VIVIANA POWER TECH LTD,H
VIVIDHA,BE,VISAGAR POLYTEX LTD,H
VMARCIND,SM,V MARC INDIA LIMITED,H
WALCHANNAG,EQ,WALCHANDNAGAR INDUSTRIES,H
WANBURY,EQ,WANBURY LIMITED,H
WINDMACHIN,EQ,WINDSOR MACHINES LIMITED,H
WINSOME,BE,WINSOME YARNS LIMITED,H
WOCKPHARMA,EQ,WOCKHARDT LIMITED,H
WOMANCART,SM,WOMANCART LIMITED,H
ZENITHSTL,EQ,ZENITH STEEL PIP IND LTD,H
ZENTEC,EQ,ZEN TECHNOLOGIES LIMITED,H
ZODIAC,BE,ZODIAC ENERGY LIMITED,H
ZTECH,SM,Z-TECH (INDIA) LIMITED,H
ABMINTLLTD,BE,ABM INTERNATIONAL LTD,L
AFIL,BE,AKME FINTRADE (INDIA) LTD,L
AMEYA,SM,AMEYA PRECISION ENG LTD,L
ARSSINFRA,BE,ARSS INFRA PROJ. LTD,L
AVONMORE,BE,AVONMORE CAP&MGT SERV LTD,L
BCG,BZ,BRIGHTCOM GROUP LIMITED,L
BGLOBAL,BZ,BHARATIYA GLOBAL INFO LTD,L
BKMINDST,BZ,BKM INDUSTRIES LIMITED,L
BLBLIMITED,BE,BLB LIMITED,L
BLUECOAST,BE,BLUE COAST HOTELS LIMITED,L
BLUEPEBBLE,SM,BLUE PEBBLE LIMITED,L
BOHRAIND,BZ,BOHRA INDUSTRIES LIMITED,L
BRIGHT,SZ,BRIGHT SOLAR LIMITED,L
BTML,BE,BODHI TREE MULTIMEDIA LTD,L
CADSYS,ST,CADSYS (INDIA) LIMITED,L
CGRAPHICS,SM,CREATIVE GRAPHICS S IND L,L
CMICABLES,BZ,CMI LIMITED,L
CMMIPL,ST,CMM INFRAPROJECTS LIMITED,L
COMPINFO,BZ,COMPUAGE INFOCOM LTD,L
CROWN,BE,CROWN LIFTERS LIMITED,L
DGCONTENT,BE,DIGICONTENT LIMITED,L
DURLAX,ST,DURLAX TOP SURFACE LTD,L
E2E,BE,E2E NETWORKS LIMITED,L
EDUCOMP,BZ,EDUCOMP SOLUTIONS LTD,L
EUROTEXIND,EQ,EUROTEX INDUSTRIES LTD,L
FCONSUMER,BE,FUTURE CONSUMER LIMITED,L
FELDVR,BE,FUTURE ENTERPRISES LTD,L
FRETAIL,BZ,FUTURE RETAIL LIMITED,L
GAYAHWS,BE,GAYATRI HIGHWAYS LIMITED,L
GAYAPROJ,BZ,GAYATRI PROJECTS LTD,L
GFSTEELS,BE,GRAND FOUNDRY LTD,L
GOKUL,BE,GOKUL REFOILS & SOLV LTD,L
GPECO,ST,GP ECO SOLUTIONS INDIA L,L
GSMFOILS,ST,GSM FOILS LIMITED,L
HDIL,BZ,HOUSING DEV & INFRA LTD,L
HEADSUP,BE,HEADS UP VENTURES LIMITED,L
HEXATRADEX,EQ,HEXA TRADEX LIMITED,L
HOMESFY,ST,HOMESFY REALTY LIMITED,L
IL&FSENGG,BZ,IL&FS ENG AND CONS CO LTD,L
IL&FSTRANS,BZ,IL&FS TRANS NET LTD,L
INFOMEDIA,BE,INFOMEDIA PRESS LIMITED,L
KODYTECH,SM,KODY TECHNOLAB LIMITED,L
KONTOR,SM,KONTOR SPACE LIMITED,L
KRIDHANINF,BE,KRIDHAN INFRA LIMITED,L
KRISHNADEF,SM,KRISHNA DEF AND ALD IND L,L
KSHITI-RE,BE,KSHITIJ POLYLINE LIMITED,L
MAKS,SM,MAKS ENERGY SOL INDIA LTD,L
MASON,ST,MASON INFRATECH LIMITED,L
MEDIORG,ST,MEDICAMEN ORGANICS LTD,L
MELSTAR,BZ,MELSTAR INFORMATION TECH,L
MOHITIND,BE,MOHIT INDUSTRIES LTD,L
MORARJEE,BE,MORARJEE TEXTILES LIMITED,L
MPTODAY,SM,M P TODAY MEDIA LIMITED,L
NTL,BE,NEUEON TOWERS LIMITED,L
ORTEL,BZ,ORTEL COMMUNICATIONS LTD,L
PARIN,SM,PARIN FURNITURE LIMITED,L
PASHUPATI,SM,PASHUPATI COTSPIN LIMITED,L
PKTEA,BE,THE P K TEA PROD CO LTD,L
PRATHAM,SM,PRATHAM EPC PROJECTS LTD,L
PREMEXPLN,BE,PREMIER EXPLOSIVES LTD,L
PRUDMOULI,EQ,PRUDENTIAL SUGAR CORPORAT,L
QUINTEGRA,BE,QUINTEGRA SOLUTIONS LTD.,L
RCOM,BE,RELIANCE COMMUNICATIONS L,L
ROLTA,BZ,ROLTA INDIA LTD,L
SANCO,BZ,SANCO INDUSTRIES LIMITED,L
SANWARIA,BZ,SANWARIA CONSUMER LIMITED,L
SECL,SM,SALASAR EXTERIOR CONT LTD,L
SETCO,BE,SETCO AUTOMOTIVE LTD,L
SETUINFRA,BZ,SETUBANDHAN INFRA LTD,L
SINDHUTRAD,EQ,SINDHU TRADE LINKS LTD,L
SMVD,ST,SMVD POLY PACK LIMITED,L
SOMICONVEY,BE,SOMI CONVEYOR BELT. LTD.,L
SPRL,ST,SP REFRACTORIES LIMITED,L
SUPERSPIN,EQ,SUPER SPINNING MILLS LTD,L
SYLVANPLY,ST,SYLVAN PLYBOARD (INDIA) L,L
TECILCHEM,BE,TECIL CHEMICALS,L
TGL,SM,TEERTH GOPICON LIMITED,L
TIMESCAN,SM,TIMESCAN LOGISTICS IND L,L
TPHQ,EQ,TEAMO PRODUCTIONS HQ LTD,L
TRIGYN,BE,TRIGYN TECHNOLOGIES LTD,L
VEEKAYEM,SM,VEEKAYEM FASH & APP LTD,L
VIVIDHA,BE,VISAGAR POLYTEX LTD,L
WEIZMANIND,BE,WEIZMANN LTD,L
WINNY,ST,WINNY IMMIGRA & EDU SER L,L
WINSOME,BE,WINSOME YARNS LIMITED,L
YUDIZ,ST,YUDIZ SOLUTIONS LIMITED,L
ZODIAC,BE,ZODIAC ENERGY LIMITED,L
ZODIACLOTH,BE,ZODIAC CLOTHING CO LTD,L
