SYMBOL,SYMBOL P/E,ADJUSTED P/E
ADROITINFO,12.62,12.62
JAICORPLTD,124.82,124.82
MAHAPEXLTD,.54,35.62
ASAHIINDIA,51.46,51.46
KOTHARIPRO,20.4,20.4
SOUTHBANK,6.59,6.59
ITDCEM,34.95,34.95
CYIENT,28.99,27.1
CYBERTECH,24.63,24.63
GOACARBON,8.63,8.63
SANGHVIMOV,24.47,24.47
RSSOFTWARE,32.4,32.4
NATIONALUM,16.68,19.74
ALEMBICLTD,30.87,30.87
ICDSLTD,22.39,22.39
BSOFT,30.55,30.55
STAR,320.62,37.4
ZYDUSLIFE,28.2,28.15
SHREERAMA,36.77,36.77
NRBBEARING,14.02,38.13
BLBLIMITED,37.35,37.35
BLUESTARCO,81.22,81.22
PNBGILTS,37.62,40.86
NLCINDIA,17.83,17.83
KRBL,10.9,10.9
USHAMART,28.71,28.71
ACLGATI,268.78,
SMARTLINK,39.53,39.53
JISLJALEQS,55.93,55.93
UNITDSPR,65.93,65.45
ASAL,80.69,80.69
PNB,16.3,16.3
UNIONBANK,7.61,7.61
GENESYS,108.58,108.58
DIVISLAB,76.26,76.26
JSL,25.14,25.9
TVSELECT,2375.15,2375.15
UNIENTER,30.31,30.31
MUKANDLTD,22.65,22.65
MAHABANK,11.32,11.32
POONAWALLA,19.2,28.1
DATAMATICS,18.54,18.54
LT,31.33,31.48
ULTRACEMCO,48.25,47.87
GULFPETRO,12.11,12.11
ASTRAMICRO,82.66,82.66
JBMA,132.08,132.08
INDOCO,30.86,32.89
JINDALPHOT,59.8,59.8
ALLSEC,27.48,27.48
SHOPERSTOP,107.36,99.06
SURYALAXMI,38.89,22.81
63MOONS,7.97,7.97
VHL,348.87,41.07
YESBANK,57.76,57.76
IDFC,603.44,603.44
AURIONPRO,52.71,52.71
AIAENG,34.69,34.7
ORIENTCER,31.13,36.71
VIMTALABS,25.7,25.7
NITINSPIN,15.25,15.25
ENIL,30.82,31.84
GVKPIL,7.66,7.66
KEC,65.75,65.75
BLKASHYAP,38.71,38.71
SOLARINDS,103.8,103.8
SUNTV,15.48,15.48
EMKAY,13.1,13.1
BALPHARMA,24.98,24.98
RATNAMANI,40.46,40.46
EMAMILTD,41.34,41.06
TECHM,58.55,58.63
ANANTRAJ,55.53,55.53
TALBROAUTO,20.5,29.66
TORNTPOWER,37.98,37.98
VENUSREM,16.83,16.83
NFL,98.8,98.8
PARACABLES,25.97,25.97
SARLAPOLY,26.37,26.37
GANDHITUBE,18.45,18.45
UNOMINDA,84.83,86.96
ORIENTBELL,6828.49,6828.49
TTL,53.76,53.76
JKTYRE,13.81,13.48
BANSWRAS,15.18,15.18
AROGRANITE,40.57,40.57
NDLVENTURE,204.38,204.38
ZENITHSTL,24.49,24.49
ALPHAGEO,230.35,33.85
HILTON,29.86,29.86
NAVINFLUOR,65.49,79.04
HGS,29.77,29.77
DLF,125.22,125.22
MEGASOFT,62.7,62.7
ALPA,10.54,10.57
KPRMILL,37.44,37.44
CIEINDIA,26.87,26.87
INDOWIND,37.79,33.02
CENTUM,,364.24
MANGCHEFER,9.69,9.69
BAJAJELEC,89.61,89.61
RELIGARE,22.72,47.74
RGL,13.25,13.25
COLPAL,58.42,57.81
KALYANIFRG,43.02,43.02
ECLERX,23.18,23.12
MANAKSIA,8.09,6.13
DVL,28.87,28.87
ARIES,18.36,18.36
CEATLTD,18.58,17.28
KNRCON,13.36,13.36
ONMOBILE,49.78,49.78
SEPC,129.3,129.3
NAHARCAP,13.18,13.18
VGUARD,72.78,72.78
DPSCLTD,100.44,100.44
TITAGARH,86.72,86.22
BAJAJFINSV,16.27,16.27
DIGISPICE,20.9,48.01
RPGLIFE,30.98,30.98
RBL,18.76,18.34
UBL,127.81,127.81
ZFCVINDIA,72.57,72.57
JOCIL,106.9,106.9
TPHQ,26.46,26.46
MAWANASUG,12.47,12.47
VINATIORGA,56.46,56.46
EXPLEOSOL,21.45,21.45
SUNTECK,115.67,115.67
SARDAEN,16.11,16.05
JSWENERGY,75.15,75.15
MMTC,173.65,246.35
NESTLEIND,98.49,98.86
THANGAMAYL,38.31,38.31
KIRLOSIND,16.54,14.91
TI,35.06,34.33
AHLEAST,7.78,10.16
UGARSUGAR,43.47,43.47
DEEPAKNTR,42.09,45.48
GREENPOWER,51.64,60.24
ASHOKA,10.99,12.69
OBEROIRLTY,33.48,33.48
SHAH,39.13,39.13
IOLCP,17.63,17.63
RPPINFRA,8.67,8.67
PSB,67.88,67.88
SUMMITSEC,26.32,26.32
HINDMOTORS,27.19,27.19
DHUNINV,12.56,12.56
VADILALIND,20.9,20.9
VSTTILLERS,29.66,29.66
RUSHIL,21.33,21.33
LTF,19.47,19.47
WHEELS,38.16,38.16
RIIL,200.12,200.12
SHREDIGCEM,18.71,18.71
SMLISUZU,28.15,28.15
FACT,436.82,162.98
LAXMIMACH,48.67,48.67
PEL,,35.48
MAHSCOOTER,51.4,51.4
TRENT,143.88,233.47
KCP,11.4,11.37
JBCHEPHARM,49.28,49.28
IONEXCHANG,43.47,43.47
IFBIND,89.04,89.04
HIMATSEIDE,12.1,12.1
GFLLIMITED,311.95,311.95
BHARATFORG,85.95,85.29
ARVIND,27.45,27.59
TATAMOTORS,10.58,10.33
LINDEINDIA,166.02,166.02
ESCORTS,44.37,44.37
ASHOKLEY,26.5,25.99
ZUARIIND,1.73,
TATASTEEL,,65.76
VEDL,22.4,33.57
RELIANCE,26.94,26.94
BATAINDIA,74.11,67.74
CARBORUNIV,73.48,73.48
DICIND,,112.35
MOTOGENFIN,107.97,107.97
RAMCOCEM,50.22,50.22
CENTURYTEX,116.27,43.92
TORNTPHARM,57.05,59.69
EPL,30.53,28.86
VLSFINANCE,3.14,3.14
BALRAMCHIN,17.05,17.05
AEGISLOG,45.58,45.58
BBOX,42.8,34.22
TATAELXSI,55.04,55.04
ASHIMASYN,8.92,8.92
ARE&M,33.71,33.71
BALKRISIND,42.42,42.42
RAJSREESUG,18,18
ONGC,6.41,6.26
TAINWALCHM,36.24,36.24
KPIL,37.01,37.01
JYOTISTRUC,80.78,80.78
BLUEDART,62.84,62.84
APCOTEXIND,41.9,41.9
KARURVYSYA,10.36,10.36
UFLEX,,13.11
THOMASCOOK,41.88,41.88
SIEMENS,117.45,117.45
VSTIND,20.46,20.46
TOKYOPLAST,108.97,108.97
IFCI,67.05,67.59
M&M,31.98,31.98
KABRAEXTRU,45.9,45.9
POLYPLEX,36.44,36.44
3PLAND,38.22,38.22
HONDAPOWER,41.1,42.85
RUBYMILLS,16.37,16.37
BBL,40.01,40.01
DCMSHRIRAM,35.06,35.06
COSMOFIRST,33.22,33.22
HEROMOTOCO,28.88,27.99
HARRMALAYA,,1348.85
ITC,25.6,25.59
HINDCOMPOS,22.19,22.19
OSWALGREEN,144.69,144.69
HUHTAMAKI,6.8,26.57
RICOAUTO,46.44,44.39
MANINDS,25.48,25.48
SIYSIL,12.55,12.55
PRECWIRE,39.56,39.56
NCC,27.03,26.29
SEAMECLTD,26.69,26.69
BBTC,7.34,7.1
GICHSGFIN,8.73,8.73
BANARBEADS,24.21,24.21
WSTCSTPAPR,5.63,5.63
GHCL,6.8,8.91
PRUDMOULI,12.04,11.19
EVERESTIND,103.25,152.42
TFCILTD,20.18,20.18
AGI,18.13,18.13
TATACONSUM,80.38,69.34
ZEEL,73.29,259.06
FMGOETZE,18.43,18.43
ORIENTHOT,48.96,48.96
3MINDIA,71.06,71.06
SCHAEFFLER,82.39,82.08
MFSL,85.42,85.42
SURYAROSNI,20.65,20.65
TIMKEN,82.05,82.05
IPCALAB,54.16,59.05
HINDALCO,15.35,15.37
GSFC,17.39,17.39
EIDPARRY,8.24,8.24
CGPOWER,123.6,126.63
ASHAPURMIN,16.08,24.85
NAVA,8.63,9.42
CORALFINAC,9.7,9.7
AUTOAXLES,18.19,18.19
KHAITANLTD,27.61,27.61
ANDHRSUGAR,29.16,27.91
AUSOMENT,15.2,15.2
JAYAGROGN,16.74,16.74
SILINV,20.94,20.94
KEYFINSERV,5.55,5.55
MOTHERSON,46.36,44.97
AARTIDRUGS,27.03,27.03
INDIANCARD,20.19,
SHRIRAMFIN,14.81,14.81
PUNJABCHEM,32.45,32.45
JAGSNPHARM,39.78,39.78
MPHASIS,29.88,29.88
RAMCOIND,29.6,29.6
INDRAMEDCO,17.63,17.63
MADRASFERT,313.37,31.18
BODALCHEM,149.92,149.92
FILATEX,23.17,23.17
TDPOWERSYS,46.91,46.91
VASWANI,11.18,11.18
SHAKTIPUMP,51.81,51.81
JISLDVREQS,.88,.88
RUPA,31.86,30.66
APLAPOLLO,58.93,58.93
IRFC,35.34,35.34
COMPUSOFT,39.35,39.35
RHIM,,50.67
NDL,15.38,15.38
HEXATRADEX,11.95,11.95
SWANENERGY,31.4,31.4
RTNINDIA,27.49,24.62
PROZONER,192.73,192.73
KITEX,24.93,24.93
ROSSELLIND,168.32,166.93
TVSHLTD,14.05,14.03
VETO,13.23,13.23
INDUSTOWER,16.76,16.76
JUSTDIAL,24.08,24.08
MITCON,36.36,36.36
JPOLYINVST,29.3,29.3
HATSUN,85.5,85.5
GULFOILLUB,19.43,19.43
CIGNITITEC,22.43,22.43
PDSL,36.14,36.89
FCL,35.06,35.06
GULPOLY,70.22,70.22
GRPLTD,75.8,69.65
GREENLAM,56.35,56.35
JMA,9.37,9.37
MANAKSTEEL,12.62,12.7
IMAGICAA,7.84,133.17
VRLLOG,55.48,55.74
BCG,1.34,1.34
NILAINFRA,42.46,42.46
SKIPPER,48.21,48.21
SHYAMCENT,506.34,506.34
ADANIENSOL,93.05,83.54
SATIN,5.59,5.59
SHARDAMOTR,22.2,22.2
INDIGO,19.97,19.97
TTKHLTCARE,33.07,33.07
PILANIINVS,37.24,37.24
NH,31.18,31.18
QUICKHEAL,109.55,109.55
BHAGERIA,39.95,39.95
GOKULAGRO,18.24,18.24
HCG,129.34,139.03
WEALTH,19.75,19.75
SAGARDEEP,60.94,60.94
UNITEDPOLY,29.64,29.64
ARMANFIN,12.61,12.61
CONTROLPR,25.59,25.61
INCREDIBLE,34.23,34.23
DAMODARIND,21.35,21.35
POKARNA,24.77,24.77
VIJIFIN,296.99,296.99
LLOYDSENGG,101.54,101.54
LTIM,34.79,34.79
GATECH,41.04,41.04
MINDTECK,28.9,28.9
DBL,38.14,417.08
MBAPL,80.51,80.51
CUPID,33.7,33.7
CROWN,63.19,63.19
MARATHON,22.05,22.05
JAIPURKURT,97.74,97.74
SAKAR,58.58,58.58
PANSARI,33.34,33.34
ARTNIRMAN,137.74,137.74
ENDURANCE,55.36,55.36
PNBHOUSING,13.52,13.52
KINGFA,20.93,20.93
JETFREIGHT,317.71,
TCIEXP,35.57,35.57
TERASOFT,30.47,26.75
LIBAS,9.14,9.14
CAPTRUST,87.21,87.21
MAHESHWARI,13.9,13.9
MCL,80.81,80.81
PRICOLLTD,42.65,42.65
STEELCITY,12.21,12.21
KRISHANA,43.58,43.58
SANGINITA,57.64,57.64
RADIOCITY,81.42,81.42
INTENTECH,20.29,20.29
LAXMICOT,,98.61
CLEDUCATE,26.56,28.37
CREATIVE,21.92,21.92
FOCUS,25.71,25.71
SIKKO,38.23,38.23
MKPL,40.04,40.04
PANACHE,,36.22
PSPPROJECT,22.02,22.02
TEJASNET,383.45,383.45
ACEINTEG,56.45,56.45
DYNPRO,96.17,96.17
TOTAL,144.57,144.57
COCHINSHIP,74.39,74.39
VAISHALI,233.77,233.77
SERVOTECH,166.57,166.57
CHOLAHLDNG,7.11,7.11
WORTH,11.67,11.67
DPWIRES,27.34,27.34
DIAMONDYD,41.28,40.68
RKEC,14.24,14.24
GATECHDVR,15.91,15.91
TIRUPATIFL,34.95,34.95
DPABHUSHAN,49.45,49.45
NAM-INDIA,36.78,36.78
KHADIM,101.01,101.01
VERTOZ,169.64,169.64
SILVERTUC,57.55,57.55
ICEMAKE,51.71,51.71
SHRADHA,13.67,13.67
TOUCHWOOD,49.7,49.72
ONEPOINT,55.99,55.99
AJOONI,41.92,41.92
BCONCEPTS,68.44,68.44
APOLLO,102.75,102.75
SINTERCOM,331.13,331.13
SOUTHWEST,43.15,45.8
ARVEE,251.73,251.73
ASTERDM,61.53,
HINDCON,41.72,41.72
SARVESHWAR,48.17,48.17
MACPOWER,57.31,57.31
SUNDARMHLD,31.11,31.11
URAVI,296.98,296.98
KAPSTON,30.3,30.3
MIDHANI,94.37,94.37
MMP,28.44,28.44
NARMADA,29.16,29.16
BSHSL,90.6,90.6
AAKASH,21.02,21.02
SOFTTECH,143.21,143.21
E2E,114.51,114.51
INDOSTAR,26.58,26.58
SIRCA,34.17,34.17
LATTEYS,55.5,55.5
SONAMLTD,28.59,28.59
PRITI,19.62,19.62
ACCURACY,393.2,393.2
RITES,33.78,33.78
GANGAFORGE,189.95,194.08
REPL,22.2,22.2
AVROIND,28.87,28.87
TEMBO,21.14,21.61
CREDITACC,14.58,14.58
AARON,42.92,42.92
SUMIT,21.99,21.99
LAGNAM,17.79,17.79
RPPL,29.83,29.83
AKG,48.68,48.68
IRCON,28.71,28.71
AHLADA,10.87,10.87
RAJMET,18.96,18.96
AAVAS,29.89,29.89
KSHITIJPOL,39.5,
KRITIKA,49.26,49.26
SILGO,20.57,20.57
VINNY,28.35,28.35
BBTCL,29.76,29.76
MARINE,80.29,80.7
IRISDOREME,45.44,45.44
ATGL,151.7,151.7
TECHNOE,61.68,61.68
UNIPARTS,18.93,18.93
SHRIRAMPPS,4.98,4.98
AWHCL,14.53,14.53
RPSGVENT,12.02,12.02
MSTCLTD,28.57,28.57
OSIAHYPER,14.65,14.65
ANUP,34.99,34.99
ARVINDFASN,66.77,64
PAR,20.94,20.94
RVNL,59.11,59.11
POLYCAB,56.19,56.19
METROPOLIS,78.89,78.89
KPITTECH,74.81,74.81
NEOGEN,118.1,118.1
VIKASLIFE,65.91,38.12
EMAMIPAP,8.39,8.39
CONFIPET,25.14,25.14
PPL,12.07,12.07
DGCONTENT,37.71,37.71
INDIAMART,42.95,42.77
OAL,142.11,142.11
SATIA,6.02,6.02
AFFLE,63.38,63.38
SPANDANA,10.06,10.06
HNDFDS,66.03,66.03
UJJIVANSFB,6.79,6.79
IRCTC,71.23,68.59
SAFARI,56.54,56.54
360ONE,44.23,44.23
HPIL,120.78,120.78
FLUOROCHEM,80.63,80.63
GREENPANEL,28.08,28.08
APOLLOPIPE,60.99,60.99
MGEL,18.23,18.23
ROUTE,29.44,30.54
HOMEFIRST,30.12,30.12
CSBBANK,11.57,11.57
EQUITASBNK,13.82,13.82
ROSSARI,35.63,35.63
HINDWAREAP,86.97,86.97
LIKHITHA,27.65,27.65
ARTEMISMED,49.43,49.43
SUMICHEM,64.8,64.8
ASALCBR,23.79,23.79
UNIVPHOTO,13.84,13.84
BAFNAPH,24.3,24.3
POWERINDIA,334.12,334.12
STOVEKRAFT,57.49,57.49
RAJRATAN,41.69,41.69
AARTISURF,26.75,26.75
GLAND,38.92,38.92
NDRAUTO,32.07,32.07
MAXHEALTH,86.44,86.44
AAATECH,44.19,44.19
KALYANKJIL,86.62,86.62
BTML,53.75,53.73
UNIDT,47.13,47.13
SIGACHI,34.64,34.64
ANGELONE,20.82,20.82
NIRAJ,21.65,14.62
CAMS,50.64,50.64
SURYODAY,9.27,9.27
UTIAMC,15.88,15.88
BECTORFOOD,57.65,57.65
ORCHPHARMA,61.13,61.13
INDIGOPNTS,43.93,43.93
LXCHEM,57.48,57.48
MTARTECH,101.86,101.86
ANURAS,50.14,50.14
KANPRPLA,282.64,282.64
STYLAMIND,25.36,25.2
CLSEL,9.16,9.16
CARYSIL,38.69,38.69
MODISONLTD,19.13,24.04
BCLIND,15.01,14.95
BHAGCHEM,170.56,170.56
SMCGLOBAL,8.97,8.97
ARIHANTCAP,10.7,10.7
NAZARA,74.37,73.7
GENCON,20.68,20.68
HLEGLAS,78.56,73.33
SONACOMS,72.6,71.69
DRCSYSTEMS,32.65,32.65
PARAS,182.58,182.58
DODLA,36.21,36.21
EXXARO,183.84,183.84
ROLEXRINGS,39.48,35.8
SHYAMMETL,17.58,17.58
KIMS,49.61,49.6
TATVA,85.15,85.15
CLEAN,62.29,62.29
ABSLAMC,23.34,23.34
ZOMATO,504.37,504.37
WINDLAS,25.78,25.78
KRSNAA,34.47,34.47
APTUS,26.91,26.91
SUPRIYA,26.19,26.19
VIJAYA,64.22,63.43
VINEETLAB,52.59,52.59
SANSERA,37.2,37.2
PRITIKAUTO,27.24,27.24
AAREYDRUGS,25.46,25.46
INTLCONV,8.38,8.38
HPAL,42.82,43.17
UGROCAP,23,23
YUKEN,86.48,86.48
SGIL,43.02,43.02
SJS,28.42,28.42
FINOPB,28.33,28.33
POLICYBZR,959.25,959.25
NYKAA,1152.71,1152.71
AWL,252.93,202.2
MONARCH,14.34,14.33
SAPPHIRE,192.33,192.33
PRUDENT,56.68,56.68
EPIGRAL,28.11,28.11
NUVOCO,87.99,87.99
GOCOLORS,66.33,66.33
TRACXN,141.08,141.08
CMSINFO,23.14,23.14
FUSION,8.97,8.97
COASTCORP,67.23,67.23
TARSONS,62.34,62.34
MEDPLUS,159.87,159.87
TEGA,57.53,57.53
RATEGAIN,60.49,60.49
MANORG,71.8,71.8
LATENTVIEW,65.09,65.09
METROBRAND,80.99,80.99
MICEL,31.79,35.52
PASUPTAC,25,25
FOODSIN,23.4,23.38
PARADEEP,68.6,68.6
MAPMYINDIA,91.56,91.56
TMB,6.96,6.96
KRITI,42.88,42.88
MANYAVAR,61.67,61.67
GANESHBE,17.45,17.43
GVPTECH,76.18,76.18
DMCC,67.67,67.67
MEDICAMEQ,60.89,60.89
EMIL,47.98,47.98
SHIVALIK,54.51,54.51
UMAEXPORTS,29.54,28.7
DATAPATTNS,92.48,92.48
MEDANTA,73.48,73.48
AHL,26.02,26.02
MALLCOM,19.72,19.72
ASIANENE,50.5,47.11
SMLT,18.67,18.67
NRL,69.17,69.17
RADIANTCMS,19.06,19.06
CHOICEIN,58.93,58.93
HARIOMPIPE,29.91,29.91
GRWRHITECH,26.93,26.93
DCMSRIND,16.12,16.12
RAJRILTD,284.15,284.15
EMUDHRA,92.89,92.89
DYCL,33.72,33.72
FIVESTAR,27.75,27.75
STARTECK,17.9,17.9
VIRINCHI,24.38,24.38
SBC,68.3,68.3
DHRUV,29.92,29.92
ELDEHSG,29.45,29.45
ELIN,74.29,74.29
SEJALLTD,113.82,113.82
MHLXMIRU,20.18,20.18
RELCHEMQ,57.5,57.5
GATEWAY,20.28,20.28
ZIMLAB,31.32,31.32
CAMPUS,99.56,99.56
RAINBOW,57.93,57.93
AETHER,148.22,78.77
ROTO,42,42
INDOBORAX,14.4,14.4
RACE,377.33,377.33
AVONMORE,27.44,27.44
DREAMFOLKS,36.9,36.9
DHARMAJ,21.07,21.07
OBCL,32.19,32.19
GMRP&UI,116.1,
ACI,25.83,25.83
BIKAJI,68.01,68.01
SADHNANIQ,413.56,413.56
HARDWYN,104.94,104.94
HMAAGRO,27,27
KFINTECH,48.28,48.28
YATHARTH,31.23,31.23
AKSHAR,22.66,22.66
NGLFINE,35.18,35.18
AXITA,27.17,27.17
TRU,53.87,53.87
TIPSFILMS,226.03,226.03
SPLPETRO,41.53,41.53
CSLFINANCE,16.28,16.28
RUSTOMJEE,103.44,103.44
GENSOL,71.69,71.57
GSLSU,45.65,45.65
MANORAMA,94.17,94.17
GRMOVER,17.9,17.9
SULA,45.07,45.07
BAIDFIN,17.37,17.37
KAMOPAINTS,90.76,90.76
SCPL,28.13,28.13
MANKIND,44.28,44.28
SATINDLTD,3.7,3.7
USK,13.77,13.77
IKIO,37.37,37.37
FAZE3Q,22.03,22.03
LLOYDSME,29.76,29.76
AARTIPHARM,25.53,25.53
SAHYADRI,17.68,17.68
SBGLP,78.29,78.29
ASMS,439.7,286.72
SAH,259.19,259.19
CYIENTDLM,96.84,96.84
ATAM,38.19,38.19
LAL,45.38,45.38
REDTAPE,81.83,81.83
ASHOKAMET,10.45,10.45
PTCIL,470.09,470.09
GHCLTEXTIL,34.77,34.77
ATL,39.4,39.4
NIITMTS,28.32,27.82
TREL,4.7,44.31
SHREEPUSHK,17.97,17.97
SHK,20.78,20.78
KRIDHANINF,,65.59
TEAMLEASE,44.02,45.34
NECCLTD,30.88,30.88
KDDL,29.52,29.58
HECPROJECT,24.19,24.19
CROMPTON,59.01,59.01
ALBERTDAVD,10.3,10.3
PREMEXPLN,141.23,141.23
AKASH,301.7,301.7
TASTYBITE,65.78,65.78
AIRAN,30.1,30.1
ARIHANTSUP,20.13,20.13
EIFFL,160.44,160.44
SHANKARA,20.45,20.45
WIPL,41.34,41.34
DEVIT,26.65,26.65
DOLLAR,33.28,33.06
INFOBEAN,49.27,49.27
BHAGYANGR,7.53,7.53
GLOBE,17.33,17.33
ERIS,35.07,35.07
GTPL,17.65,17.65
STEELXIND,150.93,150.93
AVADHSUGAR,9.95,9.95
GANGESSECU,49.08,49.08
SIS,39.35,39.35
SMSLIFE,40.4,40.4
GEEKAYWIRE,12.37,12.37
ABCAPITAL,19.81,19.81
DIXON,196.42,196.42
MATRIMONY,28.04,28.04
CAPACITE,22.02,22.02
AARVI,18.33,18.33
AIROLAM,27.3,27.3
JASH,40.36,40.36
IEX,47.36,47.36
SECURCRED,9.56,9.56
5PAISA,29.41,29.41
ZODIAC,99.18,99.18
MOKSH,12.94,12.94
SILLYMONKS,147.94,147.94
NEWGEN,54.19,54.19
UNIINFO,83.81,83.81
BDL,95.52,95.52
MITTAL,28.77,88.98
ISEC,14.45,14.45
AVG,20.73,34.41
CHEMFAB,32.78,32.78
GODHA,116.54,116.54
SVLL,86.49,86.49
WEL,121.85,121.85
CHEMCON,48.92,48.92
WESTLIFE,188.85,188.85
MAZDOCK,47.74,47.74
DCI,25.23,25.23
IIFLSEC,12.66,12.66
VISHWARAJ,24.11,24.11
KUANTUM,7.44,7.44
CHEMBOND,18.98,18.98
SBICARD,28.62,28.62
SIGMA,21.4,21.4
EASEMYTRIP,70.56,42.68
PRINCEPIPE,40.84,44.36
PATANJALI,75.29,75.29
MAHEPC,267.06,207.44
SUVENPHAR,68.16,68.16
KSOLVES,39.57,39.57
HAPPSTMNDS,50.1,52.19
BOROLTD,54.02,54.02
PAVNAIND,54.67,54.67
SHAREINDIA,13.8,13.78
ADL,1856.27,1856.27
ROML,45.51,45.51
RAILTEL,60.68,63.07
HERANBA,40.74,40.74
FAIRCHEMOR,44.27,44.27
ISGEC,35.93,35.93
PAKKA,22.79,22.79
SHAILY,64.19,64.19
FIBERWEB,17.49,17.49
SBCL,41.37,41.37
IPL,44.65,44.65
LODHA,95.46,89.9
TAJGVK,28.53,28.53
REPRO,74.56,74.56
HAVELLS,89.91,89.91
AXISCADES,65.69,65.69
TIPSINDLTD,41.04,41.04
KHANDSE,247.1,247.1
TRIDENT,55.45,55.47
GODREJCP,,75.07
LUPIN,38.19,38.19
TCI,25.23,25.04
BHARTIARTL,140.51,89.78
PONNIERODE,8.78,8.78
SURANAT&P,38.68,38.68
OFSS,38.61,38.61
GODREJIND,44.44,44.44
VARDHACRLC,25.38,25.38
WELSPUNLIV,22.2,22.2
IGL,21.47,21.47
BIOCON,30.5,30.4
APARINDS,41.22,41.22
COFORGE,43.57,44.04
GUFICBIO,40.32,40.32
CONSOFINVT,13.69,13.69
SAKSOFT,30.88,30.88
SSWL,5.04,14.5
PRIMESECU,38.18,38.18
GEOJITFSL,17.36,17.36
SASKEN,34.19,34.19
DCBBANK,8.06,8.06
LTFOODS,16.22,16.22
SOBHA,377.86,377.92
PLASTIBLEN,20.13,20.13
WANBURY,9.08,16.72
IZMO,18.86,18.86
TIIL,23.7,23.12
PFC,7.91,7.91
PAGEIND,76.62,76.62
ASTRAL,117.2,117.2
NCLIND,11.75,11.75
PHOENIXLTD,48.35,48.35
SRHHYPOLTD,11.99,10.88
KMSUGAR,13.98,13.98
NELCAST,23.92,32.87
ADSL,22.08,22.08
MOTILALOFS,14.98,14.98
POWERGRID,19.74,19.74
MAANALU,23.8,23.8
DELTACORP,14.26,16.97
CERA,46.8,46.56
HINDNATGLS,1.28,.79
MHRIL,78.77,78.77
ADANIPOWER,13.31,13.31
OIL,12.02,12.07
AMRUTANJAN,48.18,48.18
ZYDUSWELL,42.58,40.43
SHILPAMED,151.64,168.38
DLINKINDIA,17.91,17.91
DBCORP,13.26,13.26
BEARDSELL,18.32,18.32
WHIRLPOOL,113.04,106.49
JUBLFOOD,96.57,164.78
HATHWAY,61.26,61.24
PERSISTENT,59.75,59.75
KSL,21.99,21.99
UMESLTD,92.38,92.38
IITL,5.67,7.94
WELINV,105.06,105.06
CAREERP,12.46,12.46
WABAG,31.79,30.9
JWL,85.15,85.15
RESPONIND,53.37,53.37
PENIND,23.1,23.1
RKDL,,314.93
JUBLINDS,83.28,38.84
LOVABLE,35.07,35.07
PIIND,34.49,34.49
OMINFRAL,33.83,33.83
DHANUKA,32.14,32.14
NOCIL,34.57,34.57
MAHSEAMLES,9.11,9.08
VINDHYATEL,25.04,25.04
PGHL,39.17,39.17
BEML,65.59,65.59
VTL,23.39,23.39
VIPIND,126.82,200.88
HONAUT,100,100
SUNPHARMA,37.82,36.25
HCC,16.1,
IVP,16.19,16.19
EICHERMOT,36.04,36.04
ZENSARTECH,25.47,25.47
ANIKINDS,458,458
HSCL,47.37,47.37
ARENTERP,20.85,20.85
ADVANIHOTR,26.54,26.54
JUBLPHARMA,109.83,75.46
TATACOMM,55.66,61.31
HLVLTD,69.03,69.03
LIBERTSHOE,58.17,44.27
KAJARIACER,51.78,51.76
MODTHREAD,9.01,9.01
PCBL,19.69,19.69
OSWALAGRO,334.52,331.22
JINDALSAW,10.92,10.92
STYRENIX,21.84,21.84
IDBI,15.67,15.67
BRITANNIA,61.7,61.64
DHAMPURSUG,10.84,10.84
KOTAKBANK,19.93,19.93
JAYSREETEA,25.9,
GOLDENTOBC,11.16,12.66
FOSECOIND,35.99,41.37
ANDHRAPAP,6.65,6.65
AARTIIND,59.73,59.73
PRAKASH,9.46,9.46
KSB,80.89,80.89
HEG,36.3,36.3
GODFRYPHLP,29.65,29.65
AKZOINDIA,30.27,30.27
GRASIM,17.88,17.17
DCM,25.32,25.32
HEUBACHIND,26.1,26.1
BEL,56.71,56.71
PEARLPOLY,82.15,82.15
SWARAJENG,25.43,25.43
TNPETRO,17.05,13.66
EIMCOELECO,35.57,35.57
SAMBHAAV,60.79,80.47
SANGAMIND,48.66,42.5
STERTOOLS,23.94,24.06
DENORA,46.25,46.25
DYNAMATECH,40.96,78.43
ALKYLAMINE,73.38,73.38
RUCHINFRA,19.76,44.22
BANKINDIA,8.59,8.59
INDSWFTLAB,2.5,10.74
ORIENTCEM,32.25,32.25
PILITA,61.61,61.61
SREEL,24.58,24.58
WONDERLA,32.73,32.73
SNOWMAN,102.37,102.37
INTELLECT,46.1,45.87
VISHNU,30.46,30.46
LINC,25.04,25.04
MANAKALUCO,35.66,35.66
LFIC,6.05,6.05
PRIVISCL,59.23,59.23
TPLPLASTEH,34.55,34.55
ALANKIT,25.47,25.47
AYMSYNTEX,250.74,58.36
SAREGAMA,54.21,54.21
FDC,24.66,24.66
ENGINERSIN,39.14,39.14
GMDCLTD,20.35,20.35
INDUSINDBK,12.7,12.7
TRIGYN,22.56,22.56
J&KBANK,7.12,7.12
CUB,12.18,12.18
ASTRAZEN,96.76,104.28
AXISBANK,14.8,14.8
SONATSOFTW,53.86,4.62
KOKUYOCMLN,34.77,34.77
DHANBANK,18.3,18.3
STCINDIA,18.32,19.69
IVC,33.63,33.63
JINDALSTEL,17.93,17.93
NIPPOBATRY,30.15,30.15
HCLTECH,25.21,25.21
ACCELYA,27.24,27.31
RAJESHEXPO,24.82,24.82
IOB,45.58,45.58
BIL,49.65,49.65
KTKBANK,6.47,6.47
AJANTPHARM,35.29,35.29
CALSOFT,41.97,41.97
TVSMOTOR,61.66,61.66
PNC,39.16,39.16
CHENNPETRO,5.4,5.4
GAEL,18.07,18.07
BALAJITELE,36.73,36.73
MRO-TEK,42.63,42.63
HIKAL,59.14,59.14
MARKSANS,22.89,22.89
MPSLTD,28.25,28.25
OLECTRA,184.84,201.43
APTECHT,43.42,37.32
TIMESGTY,67.41,67.41
NUCLEUS,19.84,19.84
LGBBROSLTD,16.53,16.84
ISFT,20.82,20.82
KIRLOSBROS,49.62,50.3
SJVN,57.02,61.32
MANAPPURAM,8.01,8.01
IMFA,10.76,10.76
BAJAJCON,24.25,24.25
GPPL,30.42,27.79
ADFFOODS,36.01,36.01
KILITCH,39.62,39.62
SASTASUNDR,11.72,11.72
CANTABIL,33.39,34.04
BEDMUTHA,36.95,36.95
CGCL,47.65,47.65
COALINDIA,9.09,9.09
JINDWORLD,91.64,91.64
JAMNAAUTO,23.97,23.97
MOIL,34.29,34.29
KIRLOSENG,46.1,45.05
KICL,40.5,53.96
TEXRAIL,103.17,103.17
PFS,17.78,17.78
SYMPHONY,54.74,54.3
RELAXO,102.73,102.73
ASHIANA,50.64,50.64
MAITHANALL,9.93,9.93
INVENTURE,20.98,17.39
PENINLAND,17.04,24.04
THERMAX,99.01,109.44
PREMIERPOL,21.02,21.02
RAYMOND,29.94,28.52
SESHAPAPER,8.12,8.12
SUNDRMFAST,54.09,54.09
EXIDEIND,54.39,54.39
ELECON,42.48,42.48
CRISIL,47.8,47.8
ORIENTPPR,187.29,187.29
NELCO,75.76,75.76
MASTEK,27.05,26.84
LUMAXIND,49.13,49.13
KECL,89.65,89.65
CUMMINSIND,74.53,74.47
JAYBARMARU,38.02,38.02
INFY,24.78,24.78
INDIAGLYCO,17.53,17.53
IGPL,47.04,47.04
GNFC,21.53,21.53
BPCL,5.11,4.99
BASF,39.07,39.07
ATUL,60.67,60.67
ACC,21.17,23.84
SCI,19.19,19.19
MRPL,10.49,10.47
HINDPETRO,4.97,4.97
BAJAJHLDNG,67.4,67.4
VOLTAS,125.96,125.96
TITAN,86.48,86.48
SUNDARMFIN,36.65,35.05
SPIC,19.79,13.45
SBIN,11.12,10.32
PFIZER,37.58,38.03
BOSCHLTD,40.37,54.61
CHAMBLFERT,16.99,16.99
HINDOILEXP,11.44,13.26
BALMLAWRIE,23.19,23.19
ADORWELD,30.38,30.38
TATACHEM,73.76,22.4
ATFL,167.99,239.83
SUPREMEIND,78.57,78.57
SRF,54.06,54.06
WEIZMANIND,22.06,22.06
JTEKTINDIA,50.8,53.62
RANEHOLDIN,20.73,9.7
SANDESH,6.22,6.22
ADANIENT,107.16,99.9
INDBANK,28.31,28.31
GET&D,189.24,189.24
BANARISUG,25.88,25.88
JINDALPOLY,41.99,41.84
BSL,18.67,18.67
JAYNECOIND,22.34,20.49
SOTL,19.19,19.19
RCF,46.8,55.69
DECCANCE,26.11,19.71
TATAPOWER,45.38,49.04
SUNFLAG,27.09,27.09
BHARATRAS,59.17,59.17
UNIVCABLES,65.27,65.27
SOMANYCERA,34.34,34.26
MARUTI,28.67,28.67
UCOBANK,39.6,39.6
NSIL,40.59,40.59
JAIBALAJI,17.12,17.12
DREDGECORP,86.52,84.71
UPL,,20.95
PTC,11.4,11.15
VAIBHAVGBL,40.4,38.66
RKFORGE,47.12,47.1
CCL,31.56,31.56
EXCELINDUS,85.57,85.57
CENTEXT,21.82,22.16
TCS,30.64,30.17
TEXINFRA,446.33,446.33
INDSWFTLTD,8.22,8.22
NTPC,18.63,18.63
KOTARISUG,16.59,16.59
SUPRAJIT,42.29,42.29
PATELENG,18.42,24.37
JSWSTEEL,24.91,26.27
JPPOWER,13.14,9.09
GOKEX,51.09,51.09
IIFL,11.12,11.12
WELCORP,16.47,16.47
CYBERMEDIA,11.97,9.12
JKPAPER,8.1,8.1
GRANULES,29.47,29.47
GENUSPOWER,93.21,93.21
NECLIFE,140.72,140.72
SPLIL,15.25,15.24
RML,466.71,12.88
FCSSOFT,,75.6
SUZLON,109.07,100.88
TRIVENI,21.95,21.95
NAHARINDUS,61.3,50.71
EKC,14.48,14.2
CELEBRITY,59.03,60.38
ROHLTD,20.76,20.76
GSPL,7.68,7.83
JAGRAN,11.82,11.82
SAKUMA,27.62,27.62
JKCEMENT,42.63,42.51
INDOTECH,36.42,36.42
M&MFIN,19.68,19.68
CENTURYPLY,52.14,52.14
KEI,68.67,68.65
VAKRANGEE,552.1,600.62
GALLANTT,38.33,38.33
MALUPAPER,68.4,68.4
UTTAMSUGAR,9.95,9.95
KKCL,29.19,29.19
GPIL,15.69,15.91
RSYSTEMS,47.97,47.97
LOKESHMACH,56.67,56.67
SWELECTES,31.7,66.95
KAMDHENU,27.86,27.86
PIONEEREMB,40.31,40.31
JKLAKSHMI,21.31,21.59
ALLCARGO,40.35,53.07
MUNJALAU,23.32,16.17
GRINDWELL,78.74,78.69
VOLTAMP,51.77,51.77
SELAN,33.97,33.97
ACE,53.95,53.95
HOVS,30.22,30.22
ALICON,15.27,15.27
FIEMIND,20.28,20.28
INSPIRISYS,47.31,47.31
NAUKRI,121.01,112.77
GESHIP,6.69,6.69
MANALIPETC,82.79,72.88
DONEAR,20.34,20.34
RUCHIRA,8.27,8.27
JINDRILL,16.02,16.02
TANLA,23.09,23.09
AVTNPL,24.41,24.41
TIDEWATER,30.16,30.16
PTL,25.73,25.73
AUTOIND,30.55,30.64
PGIL,19.08,19.02
FSL,28.43,28.43
SMSPHARMA,38.43,38.43
LAOPALA,27.91,27.91
RAJTV,636.26,636.26
THEMISMED,78.08,78.08
BALAMINES,31.93,31.93
FORTIS,56.45,57.56
INSECTICID,20.09,20.09
TIMETECHNO,23.16,23.16
V2RETAIL,96.4,96.4
CENTRALBK,21.16,21.16
PURVA,239.1,239.1
NAGREEKCAP,1.06,1.06
KSCL,16.03,16.03
BVCL,19.92,19.92
ADANIPORTS,38.63,37.16
EDELWEISS,11.65,11.65
KAUSHALYA,2.25,2.25
JYOTHYLAB,42.92,42.92
HITECHCORP,17.12,17.12
TRIL,230.73,230.73
BRIGADE,77.71,77.71
PATINTLOG,26.57,26.57
AMBIKCO,14.38,14.38
BIRLAMONEY,17.84,17.84
JKIL,19.13,19.13
CORDSCABLE,30.42,30.42
HERCULES,49.83,49.83
IRB,42.55,42.55
NMDC,12.94,12.47
GSS,33.6,33.6
RECLTD,9.78,9.78
NESCO,17.94,17.94
BAJAJ-AUTO,35.65,35.65
GOKUL,214,17.53
ALMONDZ,15.3,40.19
RANEENGINE,26.52,19.82
LOTUSEYE,40.23,40.61
VINYLINDIA,34,34
UTKARSHBNK,11.32,11.32
CRAFTSMAN,39.29,39.29
JUBLINGREA,45.19,45.19
GLS,22.61,22.61
DEEPINDS,14.85,15
PIXTRANS,22.68,22.68
CARTRADE,51.23,51.23
DEVYANI,,524.36
ANMOL,9.58,9.58
AMIORG,122.6,55.36
BAJAJHCARE,,30.96
GRINFRA,12.72,15.84
STEELCAS,17.5,17.5
KPIGREEN,67.3,67.21
ANANDRATHI,72.38,72.38
SYRMA,71,70.47
JTLIND,34.86,34.86
VENUSPIPES,48.43,48.43
MEGASTAR,44.79,44.79
LANDMARK,52.56,50.89
ETHOSLTD,120.23,120.23
MSUMI,52.16,52.16
HARSHA,44.86,44.86
INDOAMIN,23.14,23.14
INOXGREEN,181.64,181.64
RITCO,22.98,22.98
CHEVIOT,12.54,12.54
MEDICO,40.82,40.82
DCXINDIA,53.1,53.1
KAYNES,134.29,134.29
SENCO,49.24,49.24
RADHIKAJWE,14.74,14.74
RAMRAT,31.14,31.14
GOYALALUM,56.87,56.87
DBOL,20.33,20.33
SPORTKING,15.3,15.3
SYNCOMF,46.34,46.31
KRITINUT,11.75,11.75
AVALON,127.12,127.12
SUKHJITS,14.28,14.28
SKYGOLD,53.58,53.58
DIVGIITTS,51.15,51.15
MANOMAY,25.13,25.13
RHL,68.37,68.37
NINSYS,58.44,58.44
HYBRIDFIN,17.21,16.71
AKI,157.08,157.08
IDEAFORGE,74.66,74.66
POCL,32.09,32.09
NETWEB,192.66,192.66
KIRLPNU,65.53,62.68
SINDHUTRAD,46.65,46.64
20MICRONS,13.91,13.63
TATAMTRDVR,1.09,1.06
ALKALI,135.34,112.73
COUNCODOS,27.17,27.17
AJMERA,23.01,23.01
GKWLIMITED,116.8,116.8
NHPC,25.14,25.14
GLOBUSSPR,22.9,22.9
RTNPOWER,1.08,
DEN,11.86,11.86
REFEX,19.4,19.38
AHLUCONT,22.28,35.78
GODREJPROP,124,124
HINDCOPPER,104.21,104.21
UNITEDTEA,12.24,12.24
VASCONEQ,30.94,30.94
DBREALTY,7.56,8.04
TEXMOPIPES,47.54,15.65
ASIANPAINT,51.58,51.58
CENTENKA,27.52,27.52
FEDERALBNK,11.05,11.05
BIRLACABLE,32.66,32.66
PRECOT,37.39,59.48
SHREYANIND,4.25,4.25
APOLLOHOSP,96.99,97.12
NEULANDLAB,32,32
BERGEPAINT,51.83,52.01
IGARASHI,159.3,159.3
MUNJALSHOW,20.47,19.25
RANASUG,13.62,13.62
WSI,15.36,15.18
SUBROS,43.3,43.3
WIPRO,24.18,24.18
MURUDCERA,59.62,59.62
TATAINVEST,102.27,102.27
SAKHTISUG,3.89,
HINDZINC,36.47,36.47
FINCABLES,38.7,45.39
BIRLACORPN,29.24,29.69
PVP,9.38,
GREENPLY,52.19,60.27
DALMIASUG,12.18,12.18
GARFIBRES,36.68,36.68
SOMATEX,5.33,
HITECHGEAR,16,44.56
MMFL,22.17,22.33
SKIL,.15,7.55
HERITGFOOD,47.43,47.43
GAIL,16.79,17.39
ICICIBANK,18.75,18.75
ORBTEXP,15.66,15.66
SDBL,25.5,25.5
CAPLIPOINT,24.27,24.27
GOODLUCK,22.1,22.1
GENUSPAPER,149.32,149.32
HESTERBIO,123.33,123.33
ZENTEC,76.26,77.38
AVANTIFEED,20.68,20.68
ARROWGREEN,29.01,29.01
MUTHOOTCAP,4.11,97.59
SANOFI,27.26,26.39
HEIDELBERG,29.58,29.58
MANGLMCEM,40.23,40.23
PRSMJOHNSN,59.83,
PIDILITIND,91.73,89.18
EIHAHOTELS,34.59,34.59
SAIL,23.36,18.49
ABB,123.02,123.02
GRAPHITE,13.61,596.98
CANFINHOME,16.23,16.23
ELECTCAST,13.93,13.93
DABUR,58.76,58.76
CIPLA,28.78,27.77
HDFCBANK,19.69,19.57
GMBREW,9.57,9.57
GIPCL,17.99,17.99
INDIANHUME,27.53,27.53
IOC,5.62,5.62
KAMATHOTEL,13.28,44.65
BANCOINDIA,18.12,18.12
APOLLOTYRE,19.99,19.28
SHANTIGEAR,55.1,55.1
ONWARDTEC,26.5,26.5
NILKAMAL,25.72,25.72
ICIL,22.84,22.84
ELGIEQUIP,74.24,74.24
AUROPHARMA,22.21,21.49
EIHOTEL,41.69,41.25
LICHSGFIN,9.21,9.21
BEPL,25.16,25.16
MOREPENLAB,29.47,29.47
21STCENMGM,2.17,2.17
VENKEYS,34.27,34.27
PRAJIND,47.26,47.26
HIL,60.12,1124.77
BPL,44.65,44.65
PGHH,72.37,72.37
VESUVIUS,42.86,42.86
BOMDYEING,1.48,
NAVNETEDUL,17.82,19.42
GLAXO,76.12,67.96
CHOLAFIN,35.07,35.07
INDHOTEL,74.04,74.04
GILLETTE,60.93,60.93
KANSAINER,18.57,32.73
ESABINDIA,57.38,57.38
GABRIEL,38.93,38.93
RALLIS,40.98,41.17
AMJLAND,15.59,15.59
KOPRAN,23.98,23.98
GREAVESCOT,,238.47
GLFL,229.07,229.07
SUDARSCHEM,17.45,55.65
SHREECEM,41.97,41.97
INGERRAND,64.93,64.93
HINDUNILVR,56.49,56.52
AMBUJACEM,35.01,36.68
FINPIPE,46.38,46.38
DCW,104.14,98.19
CESC,14.9,18.15
BAJFINANCE,30.49,30.49
TNPL,9.03,9.03
REMSONSIND,52.32,51.31
NATCOPHARM,15.05,15.05
MRF,26.38,26.38
TTKPRESTIG,48.4,48.4
STARPAPER,6.24,6.1
SKFINDIA,57.95,57.95
MARICO,52.84,52.84
BIOFILCHEM,147.71,147.71
SUNDRMBRAK,30.12,30.12
VISAKAIND,1166.34,1166.34
CREST,17.76,17.76
WENDT,76.4,76.4
TVSSRICHAK,30.35,28.93
MIRZAINT,50.55,50.55
GUJAPOLLO,25.07,25.07
GANESHHOUC,17.21,17.21
GUJRAFFIA,45.99,45.99
KOTHARIPET,12.79,12.73
BANKBARODA,7.74,7.74
INDNIPPON,30.95,30.95
SKMEGGPROD,8.34,8.34
CONCOR,51.55,51.55
KCPSUGIND,7.64,8.58
HUDCO,26.59,26.59
ASAHISONG,34.25,
BROOKS,148.97,148.97
APLLTD,27.94,27.94
PGEL,67.71,67.71
PANAMAPET,12.2,12.2
PAISALO,37.28,37.35
TRITURBINE,73.24,73.24
INDOTHAI,18.14,18.14
DSSL,26.78,26.78
POLYMED,72.24,72.4
VIKASECO,99.46,99.46
KANANIIND,88.18,88.18
MINDACORP,51.1,51.1
DBSTOCKBRO,18.1,18.1
SCHNEIDER,120.27,117.98
NBCC,68.2,51.66
TBZ,14.82,14.82
VSSL,27.78,27.78
SPECIALITY,29.13,29.13
MAYURUNIQ,22.91,22.91
ZUARI,6.36,6.36
CARERATING,30.96,30.96
REPCOHOME,8.7,8.7
ATULAUTO,246.07,246.07
IBULHSGFIN,6.79,6.79
NATHBIOGEN,9.68,10.39
AGRITECH,12.06,12.06
CASTROLIND,22.6,22.6
BUTTERFLY,210.31,171.89
AGARIND,15.78,15.78
GOCLCORP,47.86,50.03
SHARDACROP,126.26,126.26
SUPERHOUSE,19.91,19.91
MONTECARLO,20.67,20.67
APOLSINHOT,34.91,34.91
LAMBODHARA,34.07,34.07
MOLDTKPAC,39.86,39.86
GANECOS,87.5,87.5
MENONBE,10.69,10.69
BYKE,68.58,68.58
VIPULLTD,2.31,2.29
UFO,41.92,37.96
PNCINFRA,13.58,13.58
ORICONENT,29.83,25.08
SYNGENE,56.04,55.07
RAMASTEEL,56.67,56.67
PKTEA,29.95,29.95
ARVSMART,62.52,62.52
NAVKARCORP,300.3,300.3
GUJGASLTD,37.91,39.43
COFFEEDAY,,6.79
BALAXI,,16.98
SALZERELEC,33.25,33.25
LINCOLN,13.16,13.16
LALPATHLAB,64.07,64.07
PRECAM,44.55,69.05
VIDHIING,60.28,60.28
KELLTONTEC,16.06,16.06
PDMJEPAPER,10.82,10.82
BHARATWIRE,18.26,18.26
THYROCARE,48.99,48.88
PARAGMILK,23.09,23.09
BLS,44.33,44.33
SALONA,26.01,26.01
MGL,12.36,12.36
MOLDTECH,26.31,26.31
COMPINFO,.99,.99
GPTINFRA,28.01,28.01
QUESS,31.86,29.19
SOMICONVEY,52.11,52.11
ADVENZYMES,31.17,29.03
SPAL,20.45,20.45
NDGL,15.16,15.16
RBLBANK,12.66,12.66
BIGBLOC,52.39,52.39
LTTS,39.77,39.77
GNA,16.98,16.98
HPL,64.68,64.68
MASKINVEST,1310.11,1310.11
MAZDA,17.32,17.32
VBL,95.73,95.73
PODDARMENT,16.46,16.46
NBIFIN,72.76,72.76
SFL,45.96,56.79
LAURUSLABS,136.08,136.08
ITDC,100.9,100.8
HISARMETAL,16.29,16.29
SPCENET,165.9,165.9
BHANDARI,19.49,19.49
BSE,49.96,102.5
JITFINFRA,24.42,29.56
DMART,121.05,121.05
URJA,392.89,392.89
NRAIL,6.83,6.83
SCHAND,15.89,15.89
STARCEMENT,29.5,29.5
CDSL,59.31,59.31
AUBANK,32.53,31.26
SALASAR,58.29,58.29
MAGADSUGAR,9.2,9.2
THEINVEST,56.11,56.11
OPTIEMUS,52.11,52.11
APEX,47.56,47.56
TCPLPACK,22.52,22.52
MASFIN,21.02,21.02
IFGLEXPOR,28.62,28.62
SHALBY,34.51,34.51
AMBER,107.43,107.43
GMMPFAUDLR,32.23,32.23
BANDHANBNK,21.76,21.76
SANDHAR,30.01,30.75
LEMONTREE,63.1,63.1
ADANIGREEN,291.81,234
FINEORG,36.17,36.13
VARROC,19.55,19.55
HBSL,2.07,2.07
HDFCAMC,43.9,43.9
SIGIND,16.95,16.95
GRSE,67.3,67.3
DALBHARAT,39.83,39.83
CHALET,62.98,62.98
POWERMECH,30.99,30.99
IDFCFIRSTB,19.76,19.76
LUXIND,33.9,33.9
UMANGDAIRY,178.16,178.16
ALKEM,32.95,31.29
HITECH,44.12,44.12
INFIBEAM,54.36,54.36
SHRIPISTON,19.19,19.19
ASPINWALL,20.09,20.09
MAHASTEEL,36.17,44.46
GODREJAGRO,42.23,42.23
TIINDIA,69.53,69.54
DNAMEDIA,.43,
GALAXYSURF,32.28,32.28
HGINFRA,21.35,21.82
HAL,46.36,46.36
ORIENTELEC,76.62,95.26
CANBK,6.79,6.79
RADICO,93.41,93.41
BAGFILMS,21.56,21.56
TVTODAY,24.28,22.93
PETRONET,13.76,13.97
XPROINDIA,49.98,47.99
NIITLTD,34.8,34.58
WELENT,17.79,17.79
DWARKESH,16.36,16.36
XCHANGING,97.62,97.62
EVEREADY,60.92,60.92
JSWHL,67.26,67.26
MSPL,69.53,56.81
GOLDIAM,18.88,18.88
IMPAL,18.6,18.6
GEECEE,21.43,21.43
JMFINANCIL,304.04,8.35
HIRECT,92.19,65.87
HBLPOWER,52.78,49.1
LUMAXTECH,23.8,23.8
PITTIENG,35.34,35.34
CTE,44.49,44.49
REDINGTON,13.52,13.52
INDIANB,9.04,9.04
ICRA,36.99,36.99
BFUTILITIE,14.51,14.51
NAGREEKEXP,17.7,17.7
ISMTLTD,22.73,21.21
MAGNUM,13.79,19.06
EMMBI,19.58,19.58
MANINFRA,25.62,25.62
HMVL,76.28,76.28
BLISSGVS,13.03,6.14
PRAKASHSTL,2.8,7.01
RAMKY,12.47,12.47
PRESTIGE,46.91,46.91
GRAVITA,42.06,42.06
STEL,63.71,63.71
HFCL,48.51,48.51
MUTHOOTFIN,16.14,16.14
KARMAENG,526.12,526.12
DRREDDY,19.2,19.2
DEEPAKFERT,18.7,18.7
COROMANDEL,28.28,28.28
