SYMBOL,SERIES,SECURITY,HIGH/LOW,INDEX FLAG
754UK33,SG,SDL UK 7.54% 2033,H
755TS32,SG,SDL TS 7.55% 2032,H
A2ZINFRA,BE,A2Z INFRA ENGINEERING LTD,H
ABCOTS,SM,A B COTSPIN INDIA LIMITED,H
ABSMARINE,ST,ABS MARINE SERVICES LTD,H
AIRAN,EQ,AIRAN LIMITED,H
AKSHAR,BE,AKSHAR SPINTEX LIMITED,H
AMEYA,SM,AMEYA PRECISION ENG LTD,H
ANLON,SM,ANLON TECHNOLOGY SOL LTD,H
ANTGRAPHIC,EQ,ANTARCTICA LTD,H
ASHOKAMET,EQ,ASHOKA METCAST LIMITED,H
ATLANTAA,BE,ATLANTAA LIMITED,H
ATMASTCO,SM,ATMASTCO LIMITED,H
BCG,BZ,BRIGHTCOM GROUP LIMITED,H
CELLECOR,SM,CELLECOR GADGETS LIMITED,H
CEREBRAINT,BE,CEREBRA INT TECH LTD,H
CMRSL,SM,CYBER MEDIA RES & SER LTD,H
CONTI,SM,CONTINENTAL SEED CHEM LTD,H
CREATIVEYE,BE,CREATIVE EYE LIMITED,H
DCI,BE,DC INFOTECH AND COMUN LTD,H
DESTINY,ST,DESTINY LOGISTICS & I LTD,H
E2E,BE,E2E NETWORKS LIMITED,H
EMMIL,ST,ENERGY MISSION MACH IND L,H
EXCEL,EQ,EXCEL REALTY N INFRA LTD,H
FCSSOFT,EQ,FCS SOFTWARE SOLN. LTD.,H
FEL,BZ,FUTURE ENTERPRISES LTD,H
FELDVR,BE,FUTURE ENTERPRISES LTD,H
FELIX,SM,FELIX INDUSTRIES LTD.,H
FMNL,EQ,FUTURE MKT NETWORKS LTD,H
FSC,BZ,FUTURE SUPP CHAIN SOL LTD,H
GAYAHWS,BE,GAYATRI HIGHWAYS LIMITED,H
GODHA,EQ,GODHA CABCON INSULAT LTD,H
GOENKA,BZ,GOENKA DIAMOND&JEWELS LTD,H
GTLINFRA,EQ,GTL INFRA.LTD,H
GVPTECH,EQ,GVP INFOTECH LIMITED,H
HDIL,BZ,HOUSING DEV & INFRA LTD,H
HINDMOTORS,EQ,HINDUSTAN MOTORS LIMITED,H
IEML,ST,INDIAN EMULSIFIERS LTD,H
IL&FSTRANS,BZ,IL&FS TRANS NET LTD,H
IMPEXFERRO,BE,IMPEX FERRO TECH LIMITED,H
INCREDIBLE,EQ,INCREDIBLE INDUSTRIES LTD,H
INFINIUM,SM,INFINIUM PHARMACHEM LTD,H
INNOVATIVE,SM,INNOVATIVE TYRES & TUBES,H
IRIS,BE,IRIS BUSINESS SERV LTD,H
JUBLINDS,EQ,JUBILANT INDUSTRIES LTD,H
JYOTISTRUC,BE,JYOTI STRUCTURES,H
KAPSTON,EQ,KAPSTON SERVICES LIMITED,H
KDL,SM,KORE DIGITAL LIMITED,H
KHAITANLTD,EQ,KHAITAN (INDIA)LTD.,H
KODYTECH,SM,KODY TECHNOLAB LIMITED,H
KRISHNADEF,SM,KRISHNA DEF AND ALD IND L,H
KRITIKA,BE,KRITIKA WIRES LIMITED,H
KSHITIJPOL,EQ,KSHITIJ POLYLINE LIMITED,H
LGHL,BE,LAXMI GOLDORNA HOUSE LTD,H
LIBERTSHOE,EQ,LIBERTY SHOES LTD,H
MAHAPEXLTD,EQ,MAHA RASHTRA APEX COPR. L,H
MARINE,EQ,MARINE ELECTRICAL (I) LTD,H
MBECL,BE,MCNALLY BH. ENG. CO.LTD,H
NAGREEKCAP,EQ,NAGREEKA CAP & INFR.LTD,H
NETWORK18,EQ,NETWORK18 MEDIA & INV LTD,H
NINSYS,EQ,NINTEC SYSTEMS LIMITED,H
OILCOUNTUB,BE,OIL COUNTRY TUBULAR LTD.,H
OMKARCHEM,BZ,OMKAR SPL CHEM LTD,H
ONDOOR,SM,ON DOOR CONCEPTS LIMITED,H
ORIANA,SM,ORIANA POWER LIMITED,H
OSIAHYPER,BE,OSIA HYPER RETAIL LIMITED,H
PARACABLES,BE,PARAMOUNT COMM LTD,H
PASHUPATI,SM,PASHUPATI COTSPIN LIMITED,H
PAYTM,EQ,ONE 97 COMMUNICATIONS LTD,H
PRAXIS,BE,PRAXIS HOME RETAIL LTD,H
PRECOT,BE,PRECOT LIMITED,H
QUESTLAB,ST,QUEST LABORATORIES LTD,H
RBMINFRA,SM,RBM INFRACON LIMITED,H
RCOM,BE,RELIANCE COMMUNICATIONS L,H
ROCKINGDCE,SM,ROCKINGDEALS CIRCU ECO L,H
RTNPOWER,BE,RATTANINDIA POWER LIMITED,H
RVHL,EQ,RAVINDER HEIGHTS LIMITED,H
SABAR,SM,SABAR FLEX INDIA LIMITED,H
SAHANA,SM,SAHANA SYSTEM LIMITED,H
SARTELE,SM,SAR TELEVENTURE LIMITED,H
SHAKTIPUMP,EQ,SHAKTI PUMPS (I) LTD,H
SHRENIK,EQ,SHRENIK LIMITED,H
SIMPLEXINF,BE,SIMPLEX INFRASTRUCTURES L,H
SKYGOLD,BE,SKY GOLD LIMITED,H
SMLT,EQ,SARTHAK METALS LIMITED,H
SUPREMEENG,BE,SUPREME ENGINEERING LTD,H
SVPGLOB,EQ,SVP GLOBAL TEXTILES LTD,H
TECHLABS,SM,TRIDENT TECHLABS LIMITED,H
TECILCHEM,BE,TECIL CHEMICALS,H
TGL,SM,TEERTH GOPICON LIMITED,H
TIMESCAN,SM,TIMESCAN LOGISTICS IND L,H
TIMESGTY,BE,TIMES GUARANTY LIMITED,H
UNIINFO,BE,UNIINFO TELECOM SERVI LTD,H
UNIVASTU,BE,UNIVASTU INDIA LIMITED,H
VINNY,EQ,VINNY OVERSEAS LIMITED,H
VIVIANA,SM,VIVIANA POWER TECH LTD,H
VSCL,ST,VADIVARHE SPCLTY CHEM LTD,H
WINSOME,BE,WINSOME YARNS LIMITED,H
WOMANCART,SM,WOMANCART LIMITED,H
ZEELEARN,BE,ZEE LEARN LIMITED,H
3PLAND,EQ,3P LAND HOLDINGS LIMITED,L
AAATECH,BE,AAA TECHNOLOGIES LIMITED,L
AAKASH,EQ,AAKASH EXPLORATION SER L,L
AARVEEDEN,EQ,AARVEE DEN. & EXP. LTD,L
AGNI,SM,AGNI GREEN POWER LTD,L
AGSTRA,EQ,AGS TRANSACT TECH LTD,L
AKI,EQ,AKI INDIA LIMITED,L
ALPEXSOLAR,SM,ALPEX SOLAR LIMITED,L
ANTGRAPHIC,EQ,ANTARCTICA LTD,L
ARCHIES,BE,ARCHIES LTD,L
ARTNIRMAN,EQ,ART NIRMAN LIMITED,L
ASMS,EQ,BARTRONICS INDIA LIMITED,L
AUSOMENT,BE,AUSOM ENTERPRISE LIMITED,L
AVSL,ST,AVSL INDUSTRIES LIMITED,L
BCG,BZ,BRIGHTCOM GROUP LIMITED,L
BCONCEPTS,EQ,BRAND CONCEPTS LIMITED,L
BIL,BE,BHARTIYA INETRNATIONAL LT,L
BLBLIMITED,BE,BLB LIMITED,L
BMETRICS,SM,BOMBAY METRICS S C LTD,L
BROOKS,BE,BROOKS LAB LIMITED,L
CADSYS,ST,CADSYS (INDIA) LIMITED,L
CGRAPHICS,SM,CREATIVE GRAPHICS S IND L,L
CLOUD,SM,VARANIUM CLOUD LIMITED,L
CPS,ST,C P S SHAPERS LIMITED,L
DBSTOCKBRO,EQ,DB (INT) STOCK BROKERS,L
DCMFINSERV,BE,DCM FINANCIAL SERVICES LT,L
DHTL,SM,DOCMODE HEALTH TECH LTD,L
DNAMEDIA,EQ,DILIGENT MEDIA CORP LTD.,L
DOLPHIN,BE,DOLPHIN OFF ENT (IND) L,L
DREDGECORP,EQ,DREDGING CORP OF INDIA,L
DYNAMIC,SM,DYNAMIC SRVCS & SEC LTD,L
ELGIRUBCO,BE,ELGI RUBBER CO. LTD,L
ESCONET,SM,ESCONET TECHNOLOGIES LTD,L
FSC,BZ,FUTURE SUPP CHAIN SOL LTD,L
GANGAFORGE,BE,GANGA FORGING LIMITED,L
GAYAHWS,BE,GAYATRI HIGHWAYS LIMITED,L
GENSOL,EQ,GENSOL ENGINEERING LTD,L
GENUSPOWER,EQ,GENUS POWER INFRASTRU LTD,L
GILLANDERS,EQ,GILLANDERS ARBUTHNOT LTD,L
GIRIRAJ,ST,GIRIRAJ CIVIL DEVP LTD,L
GODHA,EQ,GODHA CABCON INSULAT LTD,L
GOENKA,BZ,GOENKA DIAMOND&JEWELS LTD,L
GRAPHISAD,SM,GRAPHISADS LIMITED,L
HAVISHA,EQ,SRI HAVISHA HOSP & INFR L,L
HBSL,EQ,HB STOCKHOLDINGS LIMITED,L
HIRECT,EQ,HIND RECTIFIER LIMITED,L
HOACFOODS,ST,HOAC FOODS INDIA LIMITED,L
HUBTOWN,BE,HUBTOWN LIMITED,L
HYBRIDFIN,EQ,HYBRID FINANCIAL SERVICE,L
INDOWIND,EQ,INDOWIND ENERGY LTD,L
INSPIRE,SM,INSPIRE FILMS LIMITED,L
IRIS,BE,IRIS BUSINESS SERV LTD,L
ISHAN,SM,ISHAN INTERNATIONAL LTD,L
JALAN,SM,JALAN TRANSOLU. INDIA LTD,L
KARMAENG,BE,KARMA ENERGY LIMITED,L
KBCGLOBAL,EQ,KBC GLOBAL LIMITED,L
KCEIL,SM,KAY CEE ENERGY & INFRA L,L
KCK,ST,KCK INDUSTRIES LTD,L
KEEPLEARN,BE,DSJ KEEP LEARNING LTD,L
KEEPLN-RE,BE,DSJ KEEP LEARNING LTD,L
KERNEX,EQ,KERNEX MICROSYS(I) LTD,L
KEYFINSERV,BE,KEYNOTE FIN SERV LTD.,L
KRITIKA,BE,KRITIKA WIRES LIMITED,L
LGHL,BE,LAXMI GOLDORNA HOUSE LTD,L
MACPOWER,BE,MACPOWER CNC MACHINES LTD,L
MADHUCON,BE,MADHUCON PROJECTS LTD.,L
MAITREYA,SM,MAITREYA MEDICARE LIMITED,L
MANDEEP,ST,MANDEEP AUTO INDUSTRIES L,L
MANUGRAPH,EQ,MANUGRAPH INDIA LIMITED,L
MITTAL,BE,MITTAL LIFE STYLE LIMITED,L
MSPL,EQ,MSP STEEL & POWER LTD.,L
MTEDUCARE,BE,MT EDUCARE LTD,L
NKIND,EQ,NK INDUSTRIES LTD,L
OSIAHYPER,BE,OSIA HYPER RETAIL LIMITED,L
PERFECT,SM,PERFECT INFRAENGINEER LTD,L
PODDARHOUS,BZ,PODDAR HOUSE & DVPT LTD,L
PRATHAM,SM,PRATHAM EPC PROJECTS LTD,L
PROLIFE,SM,PROLIFE INDUSTRIES LTD,L
PURVA,BE,PURAVANKARA LIMITED,L
PVP,EQ,PVP VENTURES LIMITED,L
QUESTLAB,ST,QUEST LABORATORIES LTD,L
QUICKTOUCH,SM,QUICKTOUCH TECHNOLOGIES L,L
RADAAN,BE,RADAAN MEDIAWORKS (I) LTD,L
RAJRILTD,BE,RAJ RAYON INDUSTRIES LTD,L
RBMINFRA,SM,RBM INFRACON LIMITED,L
RELIABLE,SM,RELIABLE DATA SERVICE LTD,L
REXPIPES,SM,REX PIPES AND CABLES LTD,L
RMDRIP,SM,R M DRIP & SPRINK SYS LTD,L
RSSOFTWARE,BE,R. S. SOFTWARE (INDIA) LI,L
RULKA,ST,RULKA ELECTRICALS LIMITED,L
S&SPOWER,BE,S&S POWER SWITCHGEARS,L
SADBHAV,BE,SADBHAV ENGINEERING LTD,L
SAGARDEEP,EQ,SAGARDEEP ALLOYS LIMITED,L
SALASAR,EQ,SALASAR TECHNO ENGG. LTD.,L
SCHNEIDER,EQ,SCHNEIDER ELECTRIC INFRA,L
SEAMECLTD,EQ,SEAMEC LIMITED,L
SECL,SM,SALASAR EXTERIOR CONT LTD,L
SEL,SM,SUNGARNER ENERGIES LTD,L
SELMC,EQ,SEL MANUFACTURING CO LTD,L
SEMAC,BE,SEMAC CONSULTANTS LIMITED,L
SHIVATEX,EQ,SHIVA TEXYARN LIMITED,L
SHRENIK,EQ,SHRENIK LIMITED,L
SJLOGISTIC,SM,S J LOGISTICS (INDIA) LTD,L
SONUINFRA,SM,SONU INFRATECH LIMITED,L
SRPL,BE,SHREE RAM PROTEINS LTD.,L
SSFL,SM,SRIVARI SPICES N FOODS L,L
SWARAJ,SM,SWARAJ SUITING LIMITED,L
TAC,SM,TAC INFOSEC LIMITED,L
TARMAT,BE,TARMAT LIMITED,L
TCLCONS,EQ,TANTIA CONSTRUCTIONS LTD,L
TPHQ,BE,TEAMO PRODUCTIONS HQ LTD,L
TRUST,SM,TRUST FINTECH LIMITED,L
UNIVASTU,BE,UNIVASTU INDIA LIMITED,L
URBAN,SM,URBAN ENVIRO WASTE MGMT L,L
UWCSL,SM,ULTRA WIRING CONN SYS LTD,L
VARDMNPOLY,EQ,VARDHMAN POLYTEX LTD.,L
VELS,SM,VELS FILM INTERNATIONAL L,L
VIAZ,SM,VIAZ TYRES LIMITED,L
VISHNUINFR,SM,VISHNUSURYA PROJ N INFR L,L
WEBELSOLAR,BE,WEBSOL ENERGY SYSTEM LTD,L
WEWIN,BE,WE WIN LIMITED,L
WINSOME,BE,WINSOME YARNS LIMITED,L
WOCKPHARMA,BE,WOCKHARDT LIMITED-DEPO,L
XELPMOC,BE,XELPMOC DESIGN & TECH LTD,L
ZENITHSTL,EQ,ZENITH STEEL PIP IND LTD,L
