SECURITY,NEW,PREVIOUS,NEW_STATUS
ALLSEC TECHNOLOGIES LTD,1115,1100,H
COROMANDEL INTERNTL. LTD,1310,1299.35,H
POLY MEDICURE LIMITED,1925.6,1857.95,H
TECHNO ELEC & ENG CO. LTD,1233.75,1193,H
PASHUPATI COTSPIN LIMITED,271.4,258.5,H
GVP INFOTECH LIMITED,13.75,13.6,H
GOI TBILL 364D-24/04/25,93.55,93.5,H
SEC RE NCD 9% SR.VI,983,927.8,H
SDL UK 7.54% 2033,99.75,95,H
FELIX INDUSTRIES LTD.,425.25,425,H
AIRTEL RS. 1.25 PPD UP,1011,1006.1,H
JUPITER WAGONS LIMITED,594,579.5,H
RATTANINDIA POWER LIMITED,18.25,17.4,H
KCK INDUSTRIES LTD,191.5,91.95,H
GOI TBILL 364D-13/02/25,94.76,94.5,H
GOI TBILL 91D-06/06/24,99.83,99.81,H
TAINWALA CHEMICAL AND PLA,181.9,147,H
EID PARRY INDIA LTD,703.75,694,H
CUMMINS INDIA LTD,3900,3895,H
PRECOT LIMITED,396.05,393.75,H
GAYATRI RUBB AND CHEM LTD,389,386,H
GOI TBILL 182D-20/06/24,100,99.96,H
SHREE OSFM E-MOBILITY LTD,171,150,H
UNSEC RE NCD 10% SR.I,1020,1000,H
IRIS BUSINESS SERV LTD,265.5,252.9,H
8.92% TAX FREE NCD,1314.7,1310,H
GRINDWELL NORTON LIMITED,2777,2635,H
STEL HOLDINGS LIMITED,410,399.95,H
KRISHNA DEF AND ALD IND L,774.05,703.7,H
NAVIAMC - NAVINIFTY,236,235,H
GOI TBILL 364D-23/01/25,95.5,95.32,H
SAHANA SYSTEM LIMITED,1238.55,1189.1,H
SHEKHAWATI POLY-YARN LTD.,3.6,3.55,H
VADIVARHE SPCLTY CHEM LTD,41.3,40.8,H
NITIRAJ ENGINEERS LTD,222.55,218.2,H
JYOTI CNC AUTOMATION LTD,1030,998.4,H
EXICOM TELE SYSTEMS LTD,322,314,H
SEC RE NCD 9.10% SR III,1010,1001,H
SEC RE NCD 0% SR.VI,1196.68,1188.09,H
WINSOL ENGINEERS LIMITED,435,406,H
2.50%GOLDBONDS2029SR-V,7495,7460,H
MAZAGON DOCK SHIPBUIL LTD,3478,3403.95,H
LCC INFOTECH LTD,2.75,2.7,H
ICICIPRAMC - ICICICOMMO,93.03,92.98,H
ROLLATAINERS LIMITED,3.8,3.75,H
KODY TECHNOLAB LIMITED,1832,1744.8,H
TFB 7.36% 2025 SR. 1B,1078.16,1077.99,H
SEC RED NCD SR.X,1570,1565,H
DSPAMC - LIQUIDADD,1012.18,1012.01,H
GOI TBILL 182D-07/11/24,97,96.8,H
INDIAN BANK,596.9,596,H
2.50%GOLDBONDS2027SR-I,7500,7488,H
SAMVRDHNA MTHRSN INTL LTD,152.65,148.95,H
SP REFRACTORIES LIMITED,323,313,H
GOI TBILL 364D-14/11/24,97.29,97.2,H
GOI TBILL 182D-06/06/24,99.8,99.75,H
GOI TBILL 182D-24/10/24,96.97,96.85,H
SEC RE NCD 9.00% SR I,1040,1035.55,H
SEC RED NCD 9.22% SR.II,1001,1000,H
REFRACTORY SHAPES LIMITED,148,140.7,H
SEC RE NCD 9.40% SR.III,995,990,H
SDL TS 7.55% 2032,99.75,95,H
2.50%GOLDBONDS2030SR-IX,7500,7490,H
UNO MINDA LIMITED,928.95,880,H
JITF INFRALOGISTICS LTD,990,945.05,H
TRANSWARRANTY FIN. LTD.,22.15,21.75,H
TITAGARH RAIL SYSTEMS LTD,1427.7,1413.2,H
CROWN LIFTERS LIMITED,235.95,232.05,H
LAXMI GOLDORNA HOUSE LTD,396.65,377.8,H
DSPAMC - DSPSILVETF,94.4,93.2,H
TV VISION LIMITED,6.75,6.65,H
SRI ADHIKARI BRO TELE N L,163.35,160.15,H
DJ MEDIAPRINT & LOG LTD,348.85,348,H
SEC RED NCD 10.50% SR.III,1005,1004,H
GOI TBILL 364D-23/05/25,93.46,93.02,H
NET AVENUE TECHNOLOGIES L,17.65,17.8,L
UNIPARTS INDIA LIMITED,497,500,L
GRILL SPLENDOUR SER LTD,60.5,67.5,L
OSIA HYPER RETAIL LIMITED,23.35,24.55,L
SEMAC CONSULTANTS LIMITED,749.85,789.3,L
NAMAN IN-STORE (INDIA) L,88,90,L
FUTURE SUPP CHAIN SOL LTD,4.3,4.4,L
STARTECK FINANCE LIMITED,230.6,235.3,L
MANDEEP AUTO INDUSTRIES L,50.1,52.5,L
VIJI FINANCE LIMITED,0.6,0.65,L
SEC RE NCD 9.25% SR.II,965,970,L
NANDANI CREATION LIMITED,49.75,50.75,L
HOAC FOODS INDIA LIMITED,125.4,126.1,L
LAGNAM SPINTEX LIMITED,128.45,130.05,L
SEC RE NCD 9.55% SR.IV,850,920,L
SOLARA ACTIVE PHA SCI LTD,29,38.6,L
VARANIUM CLOUD LIMITED,18.65,19.6,L
VELS FILM INTERNATIONAL L,55.4,56.35,L
VIBHOR STEEL TUBES LTD,245,246.3,L
YUDIZ SOLUTIONS LIMITED,65,65.5,L
SEC RED NCD 10.15% SR. VI,955,999,L
MUKKA PROTEINS LIMITED,33.05,33.2,L
SEC RE NCD 10.75% SR.III,1041,1054.5,L
AARTECH SOLONICS LIMITED,201,202.6,L
GREENCHEF APPLIANCES LTD,68,68.2,L
GOKUL REFOILS & SOLV LTD,42.2,43.05,L
TRUST FINTECH LIMITED,207.8,215,L
CREATIVE GRAPHICS S IND L,185.1,194.8,L
C P S SHAPERS LIMITED,304.05,320.05,L
SEC RED NCD 9.6% SR.VI,1050.11,1055.55,L
7.51 NCD 16FEB28 TR1 SR2,1088.1,1088.5,L
SEC RE NCD 8.30% SR.III,995.01,1000,L
SEC RE NCD 0% SR.VI,1072.26,1188.09,L
QMS MEDICAL ALLIED S LTD,100,100.7,L
VALIANT LABORATORIES LTD,138.1,138.7,L
ESAF SMALL FINANCE BANK L,53.1,53.3,L
SEC RED NCD 10% SR. VI,1001,1035,L
SEC RED NCD 9.25% SR. VI,865,923,L
RULKA ELECTRICALS LIMITED,406.3,427.65,L
BIRLASLAMC-ABSLPSE,10.47,10.5,L
DSJ KEEP LEARNING LTD,0.75,1.25,L
BLS E-SERVICES LIMITED,244.8,252,L
VIJI FINANCE LIMITED,2.8,2.85,L
VISHWAS AGRI SEEDS LTD,80,82.6,L
QUEST LABORATORIES LTD,114.05,120.05,L
RAJ TV NETWORK LTD,119.5,121.9,L
SEC RED NCD 9.57% SR. V,933,974,L
SEC RED NCD 9.85% SR. VII,978,980.2,L
SEC RE NCD 9.35% SR IV,1040,1046,L
REFRACTORY SHAPES LIMITED,127.4,130,L
HEADS UP VENTURES LIMITED,11.2,11.25,L
SEC RED NCD 10.50% SR.III,975.01,986,L
SEC RED NCD 8.88% SR. V,865,910,L
SEC RED NCD 9.43% SR. VI,946.11,948,L
SEC RE NCD 9.60% SR. III,990,1000,L

