SYMBOL,SYMBOL P/E,ADJUSTED P/E
EICHERMOT,36.57,36.57
NEULANDLAB,25.98,25.98
ZENSARTECH,21.34,21.34
BANARISUG,19.85,19.85
KPIL,38.2,38.2
IGARASHI,155.32,155.32
BLUEDART,57.98,57.98
MUNJALSHOW,14.68,17.19
HSCL,40.91,40.91
RANASUG,11.53,11.53
ARENTERP,18.92,18.92
UFLEX,,10.43
ADVANIHOTR,25.87,25.87
SUBROS,39.98,39.98
WIPRO,21.17,21.17
TATACOMM,53.74,59.2
SANOFI,36.06,34.9
KAJARIACER,46.69,46.66
PRSMJOHNSN,52.39,
PCBL,18.67,18.67
SAIL,25.52,20.2
STYRENIX,17.96,17.96
BRITANNIA,58.94,58.88
KANSAINER,18.73,33.02
SCHAEFFLER,77.89,77.59
MFSL,85.43,85.43
GODFRYPHLP,29.73,29.73
SUDARSCHEM,15.59,49.71
HINDALCO,15.61,15.63
AMBUJACEM,32.92,34.48
CGPOWER,110.85,113.56
BEL,54.16,54.16
PEARLPOLY,89.44,89.44
TTKPRESTIG,43.33,43.33
SILINV,18.22,18.22
ZENITHEXPO,49.11,49.11
VISAKAIND,1005.29,1005.29
HITECHGEAR,16.63,46.3
PUNJABCHEM,23.9,23.9
MMFL,23.8,23.91
RUCHINFRA,19.83,44.37
BANKBARODA,7.4,7.4
CONCOR,53.65,53.65
NLCINDIA,16.44,16.44
KRBL,10.48,10.48
BALAJITELE,23.39,23.39
LUPIN,37.72,37.72
BHARTIARTL,133.59,85.36
SURANAT&P,28.45,28.45
CANBK,6.63,6.63
GODREJIND,43.43,43.43
RADICO,84.17,84.17
VARDHACRLC,24.87,24.87
JSL,21.75,22.41
WELSPUNLIV,20.26,20.26
IGL,19.67,19.67
TVTODAY,23,21.73
PETRONET,12.38,12.57
BIOCON,28.11,28.02
XPROINDIA,50.33,48.33
APARINDS,37.93,37.93
ULTRACEMCO,41.45,41.13
TEXINFRA,385.72,385.72
ASTRAMICRO,76,76
INDOCO,29.67,31.62
GOKEX,45.2,45.2
SURYALAXMI,35.71,20.94
JSWHL,61.5,61.5
NECLIFE,144.36,144.36
SASKEN,29.09,29.09
JMFINANCIL,281.61,7.73
NAUKRI,105.59,98.4
MANALIPETC,74.32,65.42
VENUSREM,13.4,13.4
AVTNPL,24.11,24.11
PTL,23.32,23.32
TIIL,20.46,20.46
PFC,8.32,8.32
PAGEIND,71.5,71.5
BANSWRAS,14.7,14.7
SRHHYPOLTD,10.98,9.97
KMSUGAR,12.28,12.28
NELCAST,21.67,29.77
MEGASOFT,65.74,65.74
CENTRALBK,21.82,21.82
PURVA,193.55,193.55
KSCL,14.61,14.61
RELIGARE,20,42.03
ADANIPOWER,12.58,12.58
ZYDUSWELL,42.95,40.77
DBCORP,12.63,12.63
WHIRLPOOL,86.65,81.63
EMMBI,17.97,17.97
KSL,19.4,19.4
KIRLOSIND,17.27,15.58
UMESLTD,85.89,85.89
IMFA,10.27,10.27
BAJAJCON,21.47,21.47
ADFFOODS,32.99,32.99
SASTASUNDR,29.45,29.18
GREENPOWER,51.33,59.89
WABAG,24.06,23.38
JWL,69.96,69.96
PRESTIGE,37.3,37.3
RESPONIND,51.27,51.27
GRAVITA,32.08,32.08
PENIND,19.69,19.69
ZEELEARN,1.37,5.12
STEL,54.3,54.3
HFCL,44.73,44.73
MUTHOOTFIN,16.26,16.26
OMINFRAL,22.52,22.52
DELPHIFX,14.58,14.58
DHANUKA,23.99,23.99
PILITA,64.61,64.61
MITCON,27.24,27.24
AGRITECH,11.77,11.77
AGARIND,12.45,12.45
SNOWMAN,69.58,69.58
INTELLECT,38.53,38.34
GENUSPAPER,159.27,159.27
LINC,24.88,24.88
JMA,8.87,8.87
PRIVISCL,46.13,46.13
TPLPLASTEH,34.21,34.21
ALANKIT,26.95,26.95
AYMSYNTEX,,379.41
POWERMECH,30.22,30.22
IDFCFIRSTB,18.54,18.54
LUXIND,43.5,43.5
LINCOLN,12.25,12.25
HITECH,42.2,42.2
HECPROJECT,17.85,17.85
INFIBEAM,53.89,53.89
PARAGMILK,22.5,22.5
ASPINWALL,31.41,31.41
TASTYBITE,66.09,66.09
LAXMICOT,,96.54
NRAIL,5.58,5.58
CREATIVE,21.12,21.12
DEVIT,27.96,27.96
DOLLAR,33.47,33.26
BHAGYANGR,7.28,7.28
GLOBE,15.66,15.66
GTPL,16.7,16.7
AVADHSUGAR,8.27,8.27
TOTAL,120.57,120.57
WEWIN,33.47,33.47
COCHINSHIP,67.77,67.77
ABCAPITAL,18.74,18.74
MATRIMONY,24.81,24.81
WORTH,10.77,10.77
DIAMONDYD,37.46,36.92
GATECHDVR,15.91,15.91
TIRUPATIFL,26.54,26.54
MASFIN,18.43,18.43
DPABHUSHAN,45.6,45.6
5PAISA,30.19,30.19
ICEMAKE,39,39
SHRADHA,12.53,12.53
TOUCHWOOD,49.48,49.49
AJOONI,49.86,49.86
SILLYMONKS,153.8,153.8
AMBER,84.64,84.64
SOUTHWEST,34.92,34.92
ARVEE,259.19,259.19
GMMPFAUDLR,31.01,31.01
UNIINFO,58.88,58.88
SUNDARMHLD,34.14,34.14
URAVI,280.66,280.66
SANDHAR,28.5,29.2
KAPSTON,26,26
MIDHANI,75.34,75.34
MMP,28.42,28.42
BSHSL,95.65,95.65
SOFTTECH,122.91,122.91
E2E,78.42,78.42
SIRCA,33.75,33.75
SVLL,82.68,82.68
WEL,132.24,132.24
CHEMCON,45.58,45.58
WESTLIFE,188,188
MAZDOCK,37.43,37.43
DCI,24.32,24.32
IIFLSEC,11.63,11.63
FLUOROCHEM,77.8,77.8
KUANTUM,7.32,7.32
CHEMBOND,15.51,15.51
SBICARD,27.54,27.54
SIGMA,21.15,21.15
EASEMYTRIP,74.16,44.86
PRINCEPIPE,37.2,40.4
PATANJALI,68.65,68.65
ASALCBR,19.82,19.82
UNIVPHOTO,12.57,12.57
SUVENPHAR,44.65,44.65
KSOLVES,37.21,37.21
HAPPSTMNDS,49.18,51.23
BOROLTD,53.1,53.1
PAVNAIND,39.74,39.74
SHAREINDIA,14.09,14.07
ADL,,1703.04
ROML,50.01,50.01
RAILTEL,54.21,56.34
HERANBA,34.91,34.91
RVHL,62.49,62.49
FAIRCHEMOR,40.58,40.58
ISGEC,33.88,33.88
PAKKA,29.82,29.82
CARYSIL,36.27,36.27
FIBERWEB,15.94,15.94
BHAGCHEM,114.16,114.16
IPL,28.35,28.35
LODHA,82.18,77.4
UTKARSHBNK,11.51,11.51
CRAFTSMAN,26.31,26.31
JUBLINGREA,43.57,43.57
GLS,21.62,21.62
DEEPINDS,14.53,14.68
PIXTRANS,20.9,20.9
CARTRADE,57.84,57.84
DEVYANI,,481.19
ANMOL,9.94,9.94
AMIORG,107.4,48.49
BAJAJHCARE,,27.19
GRINFRA,13.24,13.24
STEELCAS,17.36,17.36
KPIGREEN,66.9,66.81
RELCHEMQ,50.13,50.13
SYRMA,67.98,67.48
CAMPUS,101.06,101.06
THERMAX,97.76,108.06
RIIL,179.53,179.53
RAYMOND,22.5,21.43
SHREDIGCEM,18.27,18.27
SESHAPAPER,7.78,7.78
SUNDRMFAST,46,46
EXIDEIND,48.83,48.83
CRISIL,47.16,47.16
ORIENTPPR,174.34,174.34
MASTEK,24.68,24.49
TRENT,122.67,199.06
CUMMINSIND,81.71,81.63
JBCHEPHARM,49.66,49.66
INDIAGLYCO,15.21,15.21
IONEXCHANG,38.01,38.01
HIMATSEIDE,11.24,11.24
GFLLIMITED,284.18,284.18
BHARATFORG,80.72,80.1
ATUL,54.93,54.93
TATAMOTORS,10.08,9.85
MRPL,10.55,10.53
ESCORTS,41.23,41.23
BAJAJHLDNG,61.54,61.54
ZUARIIND,1.35,
VOLTAS,117.67,117.67
TATASTEEL,,65.85
SPIC,17.02,11.57
RELIANCE,24.79,24.79
BOSCHLTD,36.87,49.87
CARBORUNIV,70.19,70.19
DICIND,,98.23
RAMCOCEM,45.17,45.17
CENTURYTEX,108.92,41.14
TORNTPHARM,55.47,58.04
VLSFINANCE,2.88,2.88
SRF,49.69,49.69
JTEKTINDIA,43.18,45.78
SHREYANIND,3.62,3.62
ARE&M,24.59,24.59
IVP,13.85,13.85
GET&D,162.72,162.72
BERGEPAINT,50.64,50.82
ANIKINDS,40.9,40.9
APCOTEXIND,38.71,38.71
KARURVYSYA,9.85,9.85
WSI,15.13,14.95
THOMASCOOK,37.29,37.29
SPMLINFRA,42.41,42.41
VSTIND,20.54,20.54
SOMANYCERA,29.66,29.59
HLVLTD,71.47,71.47
M&M,28.26,28.26
KABRAEXTRU,44.22,44.22
3PLAND,30.67,30.67
HONDAPOWER,28.82,30.05
RUBYMILLS,15.31,15.31
BBL,37.14,37.14
DCMSHRIRAM,34.32,34.32
COSMOFIRST,23.5,23.5
HEROMOTOCO,26.63,25.81
GMBREW,9.56,9.56
ITC,25.96,25.95
IOC,5.6,5.6
OSWALGREEN,127.56,127.56
HUHTAMAKI,5.97,23.34
RICOAUTO,42.7,40.81
MANINDS,21.38,21.38
SIYSIL,11.04,11.04
PRECWIRE,31.3,31.3
NCC,24.4,23.74
SEAMECLTD,22.67,22.67
BBTC,5.47,5.28
GICHSGFIN,7.51,7.51
BANARBEADS,21.08,21.08
WSTCSTPAPR,5.03,5.03
VENKEYS,31.99,31.99
S&SPOWER,36.87,36.03
PRUDMOULI,12.38,12.38
PRAJIND,33.59,33.59
KEEPLEARN,167.31,167.31
PGHH,69.02,69.02
TFCILTD,15.82,15.82
AGI,16.95,16.95
TATACONSUM,78.46,67.68
ZEEL,72.89,257.63
FMGOETZE,15.4,15.4
ORIENTHOT,48.07,48.07
ESABINDIA,51.65,51.65
ANDHRAPAP,5.9,5.9
RALLIS,34.17,34.33
KSB,76.98,76.98
SHREECEM,38.13,38.13
AKZOINDIA,27.28,27.28
HINDUNILVR,54.21,54.24
FINCABLES,36.87,43.24
DCM,24.49,24.49
HEUBACHIND,19.76,19.76
PVP,10.72,
NAVA,5.78,6.3
REMSONSIND,47.21,46.29
SWARAJENG,21.77,21.77
TNPETRO,15.23,12.21
AUSOMENT,16.1,16.1
SAMBHAAV,66.11,87.5
MOTHERSON,35.98,34.9
SOMATEX,5.32,
STERTOOLS,23.22,23.34
DENORA,43.14,43.14
SHRIRAMFIN,12.08,12.08
MIRZAINT,49.65,49.65
GANESHHOUC,13.82,13.82
ALKYLAMINE,66.01,66.01
GUJRAFFIA,42.13,42.13
HERITGFOOD,39.53,39.53
GAIL,15.35,15.9
BANKINDIA,9.24,9.24
HUDCO,24.83,24.83
SAREGAMA,48.26,48.26
ENGINERSIN,39.89,39.89
JAICORPLTD,96.45,96.45
GMDCLTD,20.25,20.25
ASAHIINDIA,45.13,45.13
J&KBANK,7.98,7.98
SOUTHBANK,6.61,6.61
ASTRAZEN,98.64,106.32
CYIENT,27.51,25.71
KOKUYOCMLN,32.46,32.46
SANGHVIMOV,25.49,25.49
NATIONALUM,17.36,20.55
JINDALSTEL,17.83,17.82
NIPPOBATRY,31.14,31.14
ACCELYA,25.63,25.69
STAR,285.54,33.31
ZYDUSLIFE,27.44,27.38
RAJESHEXPO,12.08,12.08
NRBBEARING,12.67,34.45
BLBLIMITED,37.07,37.07
TVSMOTOR,58.77,58.77
PNC,35.31,35.31
GAEL,19.02,19.02
MRO-TEK,47.61,47.61
ACLGATI,214.43,
SMARTLINK,40.41,40.41
JISLJALEQS,45.19,45.19
TCI,24.48,24.29
OLECTRA,187.12,203.91
TIMESGTY,54.9,54.9
NUCLEUS,16.74,16.74
UCOBANK,41.43,41.43
JAIBALAJI,17.45,17.45
DREDGECORP,77.4,75.78
MUKANDLTD,22.01,22.01
VAIBHAVGBL,45.13,43.19
POONAWALLA,21.08,30.86
DATAMATICS,16.41,16.41
EXCELINDUS,72.3,72.3
NIITLTD,34.85,34.64
COFORGE,41.04,41.48
GULFPETRO,11.56,11.56
WELENT,18,18
JBMA,134.01,134.01
XCHANGING,94.12,94.12
CONSOFINVT,15.07,15.07
SAKSOFT,27.17,27.17
SHOPERSTOP,104.36,96.28
PRIMESECU,36.5,36.5
VHL,260.36,30.65
MSPL,46.54,40.92
RML,432.75,11.94
NAHARINDUS,148.3,78.4
ORIENTCER,28.4,33.49
VIMTALABS,26.02,26.02
CELEBRITY,58.28,59.6
ROHLTD,22.4,22.4
GSPL,7.52,7.67
SAKUMA,36.99,36.99
JKCEMENT,38.27,38.16
M&MFIN,17.58,17.58
KEI,65.38,65.36
SOLARINDS,95.71,95.71
SUNTV,13.45,13.45
EMKAY,12.89,12.89
BALPHARMA,25.56,25.56
RATNAMANI,36.4,36.4
EMAMILTD,31.69,31.48
TECHM,52.63,52.7
ATLANTAA,.52,3.68
ANANTRAJ,48.36,48.36
ALICON,13.49,13.49
TORNTPOWER,36.91,36.91
LTFOODS,13.2,13.2
SOBHA,362.2,362.26
PLASTIBLEN,19.23,19.23
HBLPOWER,53.45,49.72
SARLAPOLY,22.64,22.64
GANDHITUBE,18.54,18.54
UNOMINDA,67.26,68.95
ORIENTBELL,6370.99,6370.99
FSL,26.19,26.19
SMSPHARMA,36.42,36.42
ASTRAL,104.07,104.07
ICRA,33.56,33.56
AROGRANITE,37.49,37.49
NDLVENTURE,193.78,193.78
FORTIS,54.98,56.06
HILTON,29.81,29.81
V2RETAIL,112.1,112.1
ADSL,17.57,17.57
CIEINDIA,25.33,25.33
MOTILALOFS,13.9,13.9
MAGNUM,14.06,19.43
MAANALU,18.71,18.71
CERA,38.09,37.9
EDELWEISS,13.84,13.84
RGL,13.51,13.51
JYOTHYLAB,41.09,41.09
HITECHCORP,17.06,17.06
BRIGADE,71.67,71.67
DVL,26.34,26.34
KAVVERITEL,.95,.92
BIRLAMONEY,13.25,13.25
CORDSCABLE,26.9,26.9
SEPC,112.62,112.62
NAHARCAP,12.33,12.33
VGUARD,64.51,64.51
DPSCLTD,104.16,104.16
TITAGARH,65.25,64.87
BAJAJFINSV,16.07,16.07
DIGISPICE,12.94,29.72
RPGLIFE,27.16,27.16
RANEENGINE,22.5,16.82
ARCHIDPLY,28.99,28.99
VINYLINDIA,29.69,29.69
ZFCVINDIA,76.65,76.65
JOCIL,98.39,98.39
ALKALI,100.04,83.33
TPHQ,20.28,20.28
MAWANASUG,10.32,10.32
MHRIL,70.17,70.17
EXCEL,76.53,76.53
GLOBUSSPR,16.71,16.71
EXPLEOSOL,20.82,20.82
AMRUTANJAN,44.89,44.89
REFEX,17.1,17.08
JSWENERGY,61.82,61.82
HINDCOPPER,123.29,123.29
NESTLEIND,95.58,95.94
VASCONEQ,26.49,26.49
DBREALTY,8.4,8.96
TEXMOPIPES,51.07,16.81
KIRLOSBROS,39.83,40.38
SJVN,63.6,61.45
BLISSGVS,13.28,6.26
IITL,9.52,19.68
WELINV,97.43,97.43
DEEPAKNTR,38.14,41.22
RAMKY,11.39,11.39
ASHOKA,9,10.4
OBEROIRLTY,34.75,34.75
SHAH,41.29,41.29
IOLCP,15.93,15.93
MOIL,34.06,34.06
KIRLOSENG,40.02,39.11
SUMMITSEC,19.73,19.73
HINDMOTORS,27.99,27.99
DHUNINV,10.87,10.87
VADILALIND,21.17,21.17
VSTTILLERS,23.28,23.28
MAITHANALL,9.98,9.98
LTF,16.94,16.94
BROOKS,140.02,140.02
PGEL,49.05,49.05
PAISALO,32.06,32.12
SHAKTIPUMP,34,34
INDOTHAI,19.92,19.92
DSSL,30.19,30.19
JISLDVREQS,.69,.69
VIKASECO,77.06,77.06
KANANIIND,122.18,122.18
DBSTOCKBRO,19.17,19.17
IRFC,36.66,36.66
RHIM,,96.8
NDL,13.8,13.8
VSSL,27.77,27.77
SPECIALITY,28.1,28.1
RTNINDIA,28.8,25.42
PROZONER,199.56,199.56
MAYURUNIQ,19.21,19.21
TVSHLTD,12.09,12.07
ZUARI,4.95,4.95
INDUSTOWER,15.22,15.22
REPCOHOME,7.68,7.68
ATULAUTO,200.85,200.85
ORIENTCEM,25.5,25.5
ORBTEXP,14.8,14.8
HATSUN,85.3,85.3
GULFOILLUB,15.32,15.32
SUPERHOUSE,15.13,15.13
PDSL,28.19,28.78
GOODLUCK,21.02,21.02
GULPOLY,63.59,63.59
GRPLTD,52.61,48.34
GREENLAM,54.49,54.49
MENONBE,9.22,9.22
MANAKALUCO,34.34,34.34
ZENTEC,60.56,61.46
IMAGICAA,7.96,135.3
BCG,1.57,1.57
UFO,36.89,33.4
ARROWGREEN,30.64,30.64
ORICONENT,30.2,24.57
ADANIENSOL,101.29,90.94
PKTEA,18.04,18.04
ARVSMART,57.91,57.91
GUJGASLTD,33.48,34.83
COFFEEDAY,,6.77
TTKHLTCARE,32.94,32.94
PILANIINVS,28.11,28.11
LALPATHLAB,61.15,61.15
TEAMLEASE,44.23,45.56
VIDHIING,62.91,62.91
GOKULAGRO,17.38,17.38
PDMJEPAPER,8.99,8.99
WEALTH,20.17,20.17
SAGARDEEP,62.06,62.06
SHRIPISTON,19.17,19.17
UNITEDPOLY,30.55,30.55
INCREDIBLE,31.81,31.81
MAHASTEEL,35.53,43.68
DAMODARIND,20.48,20.48
POKARNA,19.45,19.45
GPTINFRA,24.77,24.77
SOMICONVEY,34.59,34.59
LLOYDSENGG,88.71,88.71
LTIM,31.53,31.53
ADVENZYMES,29.44,27.42
NDGL,11.92,11.92
BIGBLOC,53.16,53.16
MBAPL,82.39,82.39
GNA,16.7,16.7
SAKAR,62.36,62.36
PANSARI,28.69,28.69
ARTNIRMAN,102.65,102.65
VBL,84.03,84.03
PODDARMENT,14.54,14.54
TCIEXP,29.3,29.3
TERASOFT,23.17,20.34
LIBAS,18.06,18.06
MAHESHWARI,13.71,13.71
BHANDARI,19.39,19.39
MCL,86.8,86.8
PRICOLLTD,38.15,38.15
STEELCITY,12.37,12.37
KRISHANA,37.06,37.06
GLOBAL,13.21,13.21
SANGINITA,43.72,43.72
RADIOCITY,82.33,82.33
AIRAN,25.48,25.48
ARIHANTSUP,19.45,19.45
CLEDUCATE,24.34,26
EIFFL,125.94,125.94
FOCUS,27.13,27.13
SIKKO,49.68,49.68
PANACHE,,26.71
INFOBEAN,44.27,44.27
PSPPROJECT,20.53,20.53
CDSL,51.55,51.55
ACEINTEG,303.68,303.68
DYNPRO,92.24,92.24
SIS,36.32,36.32
VAISHALI,26.36,26.36
GEEKAYWIRE,11.96,11.96
SERVOTECH,152.33,152.33
CHOLAHLDNG,5.55,5.55
DPWIRES,24.02,24.02
AARVI,17.91,17.91
AIROLAM,27.78,27.78
RKEC,10.51,10.51
JASH,42.34,42.34
TCPLPACK,19.41,19.41
TIINDIA,60.74,60.75
NAM-INDIA,34.87,34.87
VERTOZ,175.88,175.88
SILVERTUC,63.88,63.88
DNAMEDIA,.46,
ONEPOINT,52.05,52.05
BCONCEPTS,63.11,63.11
APOLLO,102.61,102.61
GALAXYSURF,29.4,29.4
SINTERCOM,309.98,309.98
ASTERDM,64.84,
SARVESHWAR,50.42,50.42
MACPOWER,57.74,57.74
BANDHANBNK,20.47,20.47
MITTAL,25.1,77.64
ISEC,13.55,13.55
AVG,21.1,21.1
CHEMFAB,28.24,28.24
AAKASH,19.75,19.75
GODHA,130.94,130.94
INDOSTAR,23.89,23.89
SONAMLTD,27.91,27.91
PRITI,20.08,20.08
FINEORG,33.96,33.92
GANGAFORGE,189.31,193.43
REPL,22.54,22.54
HBSL,1.9,1.9
AVROIND,30.53,30.53
HDFCAMC,42.79,42.79
TEMBO,23.44,23.44
AARON,44.24,44.24
SUMIT,22.25,22.25
RPPL,29.88,29.88
AKG,48.57,48.57
IRCON,29,29
AHLADA,13.42,13.42
RAJMET,19.77,19.77
AAVAS,25.39,25.39
KSHITIJPOL,73.55,
GRSE,46.32,46.32
KRITIKA,58.25,58.25
SILGO,21.3,21.3
VINNY,21.89,21.89
BBTCL,27.62,27.62
MARINE,75.07,75.07
IRISDOREME,51.1,51.1
ATGL,160.97,160.97
TECHNOE,44.21,44.21
UNIPARTS,18.39,18.39
SHRIRAMPPS,5.38,5.38
AWHCL,12.52,12.52
RPSGVENT,10.86,10.86
MSTCLTD,30.57,30.57
OSIAHYPER,19.86,19.75
ANUP,33.17,33.17
ARVINDFASN,58.29,55.87
PAR,19.75,19.75
RVNL,53.31,53.31
POLYCAB,56.25,56.25
METROPOLIS,78.61,78.61
KPITTECH,67.54,67.54
NEOGEN,107.7,107.7
EMAMIPAP,8.05,8.05
CONFIPET,23.37,23.37
PPL,10.56,10.56
INDIAMART,40.2,40.03
OAL,132.65,132.65
SATIA,5.35,5.35
AFFLE,55.43,55.43
SPANDANA,11.2,11.2
HNDFDS,61.08,61.08
UJJIVANSFB,7.61,7.61
IRCTC,75.09,72.31
SAFARI,56.1,56.1
360ONE,35.93,35.93
HPIL,105.5,105.5
VISHWARAJ,22.13,22.13
GREENPANEL,25.49,25.49
APOLLOPIPE,63.68,63.68
MGEL,16.96,16.96
ROUTE,22.84,23.7
HOMEFIRST,23.62,23.62
CSBBANK,10.23,10.23
EQUITASBNK,13.45,13.45
ROSSARI,29.46,29.46
HINDWAREAP,78.06,78.06
LIKHITHA,20.58,20.58
ARTEMISMED,49.6,49.6
SUMICHEM,66.09,66.09
ATALREAL,28.47,28.47
MAHEPC,218.04,169.36
POWERINDIA,277.5,277.5
STOVEKRAFT,46.48,46.48
RAJRATAN,37.54,37.54
AARTISURF,26.11,26.11
GLAND,39.68,39.68
NDRAUTO,31.21,31.21
MAXHEALTH,72.5,72.5
AAATECH,43.41,43.41
KALYANKJIL,68.2,68.2
BTML,33.71,33.71
UNIDT,47.11,47.11
SIGACHI,37.82,37.82
ANGELONE,19.94,19.94
NIRAJ,20.05,13.54
CAMS,48.33,48.33
SURYODAY,9.33,9.33
UTIAMC,14.65,14.65
BECTORFOOD,53.64,53.64
ORCHPHARMA,55.2,55.2
INDIGOPNTS,43.81,43.81
LXCHEM,55.8,55.8
MTARTECH,100.75,100.75
ANURAS,49.92,49.92
KANPRPLA,272.62,272.62
STYLAMIND,20.91,20.77
CLSEL,9.28,9.28
SHAILY,50.53,50.53
MODISONLTD,17.81,21.86
BCLIND,14.74,14.67
SBCL,35.53,35.53
SMCGLOBAL,8.87,8.87
ARIHANTCAP,10.43,10.43
NAZARA,59.2,58.66
GENCON,15.16,15.16
HLEGLAS,68.03,63.51
SONACOMS,71.44,70.54
DRCSYSTEMS,25.57,25.57
PARAS,122.56,122.56
DODLA,30.57,30.57
EXXARO,191.89,191.89
ROLEXRINGS,38.92,35.29
SHYAMMETL,16.39,16.39
KIMS,43.32,43.32
TATVA,82.77,82.77
CLEAN,58.32,58.32
ABSLAMC,19.78,19.78
ZOMATO,461.09,461.09
WINDLAS,22.32,22.32
KRSNAA,32.5,32.5
APTUS,24.83,24.83
SUPRIYA,23.5,23.5
VIJAYA,69.46,68.6
VINEETLAB,20.41,20.41
SANSERA,29.26,29.26
PRITIKAUTO,26.37,26.37
AAREYDRUGS,32.01,34.18
INTLCONV,8.14,8.14
HPAL,44,44.36
UGROCAP,20.53,20.53
YUKEN,84.02,84.02
SGIL,40.74,40.74
ANANDRATHI,77.18,77.18
SJS,25.88,25.88
FINOPB,26.61,26.61
POLICYBZR,801.73,801.73
NYKAA,1056.56,1056.56
AWL,262.3,209.69
MONARCH,14.53,14.52
SAPPHIRE,173.34,173.34
PRUDENT,50.15,50.15
EPIGRAL,25.89,25.89
NUVOCO,76.43,76.43
GOCOLORS,63.84,63.84
TRACXN,133.21,133.21
CMSINFO,19.94,19.94
FUSION,9.13,9.13
COASTCORP,66.13,66.13
TARSONS,40.42,40.42
MEDPLUS,161.53,161.53
TEGA,52.63,52.63
RATEGAIN,57.31,57.31
MANORG,131.51,131.51
LATENTVIEW,61.24,61.24
METROBRAND,76.55,76.55
MICEL,17.42,19.47
PASUPTAC,24.5,24.5
FOODSIN,22.75,22.73
PARADEEP,57.71,57.71
MAPMYINDIA,76.82,76.82
TMB,6.88,6.88
KRITI,25.59,25.59
MANYAVAR,60.05,60.05
GANESHBE,17.28,17.2
GVPTECH,73.44,73.44
DMCC,64.41,64.41
MEDICAMEQ,67.89,67.89
EMIL,42.37,42.37
SHIVALIK,53.15,53.15
DATAPATTNS,88.38,88.38
MEDANTA,66.69,66.69
AHL,23.27,23.27
MALLCOM,17.44,17.44
IRIS,55.71,55.71
ASIANENE,45.19,42.17
SMLT,20.57,20.57
NRL,50.15,50.15
RADIANTCMS,18.9,18.9
CHOICEIN,52.16,52.16
HARIOMPIPE,28.08,28.08
GRWRHITECH,20.19,20.19
DCMSRIND,16.37,16.37
RAJRILTD,290.21,290.21
EMUDHRA,81.01,81.01
DYCL,33.67,33.67
FIVESTAR,24.98,24.98
VIRINCHI,25.89,25.89
SBC,76.28,76.28
ELDEHSG,28.99,28.99
ELIN,63.98,63.98
SEJALLTD,101.57,101.57
MHLXMIRU,21.37,21.37
GATEWAY,19.45,19.45
ZIMLAB,29.72,29.72
JTLIND,33.14,33.14
RAINBOW,58.05,58.05
AETHER,129.56,68.85
ROTO,35.79,35.79
INDOBORAX,13.23,13.23
RACE,323.03,323.03
AVONMORE,26.9,26.9
DREAMFOLKS,37.19,37.19
DHARMAJ,17.54,17.54
OBCL,162.25,162.25
GMRP&UI,89.55,
INOXGREEN,138.66,138.66
BIKAJI,51.88,51.88
RITCO,18.6,18.6
HARDWYN,146.3,146.3
HMAAGRO,25.2,25.2
MEDICO,37.18,37.18
YATHARTH,30.54,30.54
DCXINDIA,46.73,46.73
KAYNES,115.15,115.15
AXITA,27.71,27.71
SENCO,38,38
RADHIKAJWE,16.97,16.97
SPLPETRO,35.71,35.71
RAMRAT,29.74,29.74
RUSTOMJEE,105.79,105.79
GENSOL,68.32,68.21
GSLSU,60.07,60.07
MANORAMA,92.15,92.15
GRMOVER,16.28,16.28
DJML,73.48,73.48
KRITINUT,11.97,11.97
AVALON,114.45,114.45
BAIDFIN,20.12,20.12
KAMOPAINTS,77.1,77.1
SUKHJITS,13.82,13.82
SKYGOLD,47.16,47.16
DIVGIITTS,56.94,56.94
USK,15.13,15.13
MANOMAY,25.53,25.53
AARTIPHARM,23.88,23.88
RHL,65.34,65.34
NINSYS,57.37,57.37
SBGLP,73.47,73.47
HYBRIDFIN,20.11,19.52
CYIENTDLM,85.84,85.84
ATAM,40.78,40.78
LAL,49.56,49.56
POCL,26.34,26.34
ASHOKAMET,10.51,10.51
NETWEB,165.95,165.95
KIRLPNU,54.5,52.13
ATL,43.83,43.83
SINDHUTRAD,21.47,21.47
DRREDDY,17.99,17.99
MAHSEAMLES,9.68,9.64
VINDHYATEL,23.08,23.08
PGHL,37.13,37.13
ADORWELD,26.56,26.56
ATFL,159.2,227.28
EPL,27.97,26.45
BALRAMCHIN,15.23,15.23
BBOX,35.77,24.17
RANEHOLDIN,19.05,8.91
ASHIMASYN,6.8,6.8
IOB,49.6,49.6
BIL,44.34,44.34
KTKBANK,5.81,5.81
AJANTPHARM,36.95,36.95
BLUESTARCO,75.32,75.32
CALSOFT,889.95,889.95
PNBGILTS,26.93,29.25
TAJGVK,29.02,29.02
REPRO,86.58,86.58
HAVELLS,93.38,93.38
AXISCADES,63.05,63.05
TIPSINDLTD,43.73,43.73
KHANDSE,249.11,249.11
HIKAL,51.24,51.24
MARKSANS,24.01,24.01
MCDOWELL-N,60.96,60.51
MPSLTD,23.89,23.89
ASAL,68.35,68.35
PNB,16.93,16.93
APTECHT,44.96,38.64
UNIONBANK,8.63,8.63
GENESYS,235.82,235.82
DIVISLAB,73.8,73.8
MARUTI,30.47,30.47
BAGFILMS,13.68,13.68
NSIL,32.04,32.04
TVSELECT,2162.75,2162.75
UNIENTER,27.17,27.17
UPL,,18.98
PTC,11.65,11.65
MAHABANK,12.05,12.05
RKFORGE,35.97,35.95
CCL,31.32,31.32
LT,32.09,32.24
CENTEXT,22.77,21.67
TCS,29.85,29.39
GUFICBIO,38.24,38.24
NTPC,17.95,17.95
DWARKESH,15.34,15.34
PATELENG,17.11,22.63
JSWSTEEL,24.12,25.44
UNIVCABLES,58.19,58.19
MURUDCERA,54.08,54.08
EIHAHOTELS,26.85,26.85
IDBI,16.04,16.04
DHAMPURSUG,10.6,10.6
DABUR,54.33,54.33
JAYSREETEA,22.71,
3MINDIA,64.67,64.67
AMJLAND,15.13,15.13
HEG,38.16,38.16
TATAINVEST,103.26,103.26
IPCALAB,62.03,67.63
GSFC,15.64,15.64
EIDPARRY,7.41,7.41
BIRLACORPN,26.33,26.73
ASHAPURMIN,14.24,22.01
TNPL,8.21,8.21
NATCOPHARM,13.43,13.43
GARFIBRES,35.26,35.26
SKFINDIA,56.25,56.25
BIOFILCHEM,154.71,154.71
SANGAMIND,44.79,39.12
CREST,16.91,16.91
TVSSRICHAK,29.62,28.24
GUJAPOLLO,17.12,17.12
KOTHARIPET,11.91,11.85
INDNIPPON,28.07,28.07
KCPSUGIND,6.01,6.75
CHENNPETRO,5.22,5.22
USHAMART,26.82,26.82
TRIDENT,54.09,54.11
GODREJCP,,70.91
PONNIERODE,7.85,7.85
OFSS,29.51,29.51
KOTARISUG,15.37,15.37
SUPRAJIT,34.1,34.1
JINDALPHOT,46.1,46.1
ALLSEC,26.15,26.15
SSWL,5.03,14.49
63MOONS,7.41,7.41
GENUSPOWER,160.26,160.26
GOLDIAM,19.13,19.13
GEECEE,18.71,18.71
DCBBANK,7.5,7.5
GESHIP,5.77,5.77
DONEAR,19.43,19.43
HIRECT,101.63,72.62
PARACABLES,28.2,28.2
TIDEWATER,23.74,23.74
AUTOIND,29.63,29.71
REDINGTON,12.51,12.51
VENUSPIPES,50.39,50.39
MEGASTAR,45.18,45.18
LANDMARK,49.29,47.73
ETHOSLTD,102.42,102.42
MSUMI,46.13,46.13
HARSHA,41.38,41.38
INDOAMIN,19.68,19.68
ACI,23.84,23.84
SADHNANIQ,376.05,376.05
CHEVIOT,13.06,13.06
KFINTECH,51.24,51.24
AKSHAR,21.71,21.71
NGLFINE,34.24,34.24
TRU,67.98,67.98
TIPSFILMS,205.4,205.4
CSLFINANCE,14.83,14.83
DBOL,17.13,17.13
SPORTKING,14.24,14.24
SYNCOMF,46.05,46.01
SULA,43.89,43.89
SCPL,25.62,25.62
MANKIND,43.72,43.72
SATINDLTD,3.6,3.6
IKIO,34.42,34.42
FAZE3Q,20.65,20.65
LLOYDSME,28.11,28.11
SAHYADRI,14.17,14.17
ASMS,461.51,300.94
SAH,258.07,258.07
AKI,152.64,152.64
IDEAFORGE,65.18,65.18
REDTAPE,76.87,76.87
PTCIL,264.48,264.48
GHCLTEXTIL,30.45,30.45
NIITMTS,27.7,27.21
TREL,4.39,41.39
INDIANB,9.55,9.55
JKTYRE,13.18,12.87
NCLIND,9.71,9.71
PHOENIXLTD,41.79,41.79
TIMETECHNO,19.55,19.55
TARMAT,132.06,132.06
ALPA,10.29,10.33
KPRMILL,33.7,33.7
INDOWIND,32.78,28.64
POWERGRID,18.95,18.95
GKWLIMITED,102.54,102.54
OIL,10.59,10.64
RTNPOWER,1.05,
SHILPAMED,125.59,139.45
DLINKINDIA,15.66,15.66
BEARDSELL,18.59,18.59
JUBLFOOD,87.92,150.02
HATHWAY,58.51,58.49
PERSISTENT,51.42,51.42
JUBLINDS,59.92,27.94
LOVABLE,31.05,31.05
PIIND,32.49,32.49
RUSHIL,20.61,20.61
SREEL,26.06,26.06
SDBL,28.92,28.92
CAPLIPOINT,21.51,21.52
FCL,33.18,33.18
LAMBODHARA,33.27,33.27
VISHNU,20.06,20.06
MANAKCOAT,41.27,41.27
AVANTIFEED,17.63,17.63
PNCINFRA,14.77,14.77
SATIN,5.58,5.58
SHREEPUSHK,14.95,14.95
SHK,21.66,21.66
SALZERELEC,25.97,25.97
NH,29.71,29.71
PRECAM,44.26,68.62
BHAGERIA,37.41,37.41
KDDL,22.72,22.77
THYROCARE,47.26,47.16
ARMANFIN,12.41,12.41
SALONA,18.22,18.22
SCHAND,16.38,16.38
ERIS,31.25,31.25
STEELXIND,134.24,134.24
GANGESSECU,42.54,42.54
PENINLAND,14.79,20.87
WHEELS,33.16,33.16
ZODIACLOTH,27.62,
PREMIERPOL,19.45,19.45
SMLISUZU,28.77,28.77
FACT,306.96,114.53
ELECON,35.72,35.72
LAXMIMACH,44.85,44.85
PEL,,31.66
NELCO,72.2,72.2
MAHSCOOTER,44.51,44.51
LUMAXIND,44.69,44.69
KECL,87.81,87.81
KCP,8.28,8.27
JAYBARMARU,36.31,36.31
INFY,22.95,22.95
IFBIND,68.81,68.81
IGPL,39.05,39.05
GNFC,20.27,20.27
BPCL,5.33,5.2
BASF,33.53,33.53
ARVIND,28,28.14
ACC,20.5,23.09
SCI,19.14,19.14
LINDEINDIA,168.34,168.34
HINDPETRO,5.37,5.37
ASHOKLEY,24.29,23.82
TITAN,85.88,85.88
SUNDARMFIN,32.65,31.22
VEDL,22.41,33.59
SBIN,10.77,10
PFIZER,38.35,38.82
BATAINDIA,66.77,61.07
CHAMBLFERT,13.54,13.54
HINDOILEXP,9.85,9.85
BALMLAWRIE,23.68,23.68
MOTOGENFIN,108.8,108.8
BEML,65.82,65.82
CENTENKA,31.26,31.26
VTL,22.1,22.1
FEDERALBNK,9.91,9.91
VIPIND,130.87,207.3
BIRLACABLE,32.13,32.13
AEGISCHEM,38.35,38.35
HONAUT,92.06,92.06
PRECOT,26.97,42.9
SUNPHARMA,36.78,35.25
HCC,12.79,
APOLLOHOSP,104.89,105.05
BALKRISIND,40.72,40.72
INDBANK,26.64,26.64
RAJSREESUG,14.34,14.34
ONGC,6.35,6.21
TAINWALCHM,34.03,34.03
JYOTISTRUC,77.82,77.82
BSL,16.44,16.44
JAYNECOIND,21.46,19.69
SOTL,17.47,17.47
RCF,38.76,46.12
DECCANCE,21.65,16.34
TATAPOWER,44.58,48.18
SUNFLAG,26.82,26.82
SIEMENS,106.97,106.97
BHARATRAS,66.54,66.5
TOKYOPLAST,98.39,98.39
IFCI,64.24,64.76
LIBERTSHOE,46.07,35.06
HEIDELBERG,27.15,27.15
MANGLMCEM,39.66,39.66
POLYPLEX,30.29,30.29
PIDILITIND,88.19,85.74
OSWALAGRO,328.39,325.15
JINDALSAW,11.04,11.04
ABB,118.78,118.78
GRAPHITE,14.13,619.85
CANFINHOME,12.81,12.81
ELECTCAST,13.46,13.46
CIPLA,29.02,28
HDFCBANK,17.63,17.52
HARRMALAYA,,1160.56
GIPCL,13.7,13.7
INDIANHUME,21.99,21.99
HINDCOMPOS,18.64,18.64
KAMATHOTEL,13.59,45.69
BANCOINDIA,16.22,16.22
APOLLOTYRE,17.38,16.76
SHANTIGEAR,50.59,50.59
ONWARDTEC,26,26
NILKAMAL,24.33,24.33
ICIL,20.7,20.7
ELGIEQUIP,63.62,63.62
AUROPHARMA,22.42,21.69
EIHOTEL,42.4,41.94
LICHSGFIN,7.48,7.48
BEPL,18.2,18.2
MOREPENLAB,24.84,24.84
GHCL,6.11,8.01
HIL,51.67,966.76
EVERESTIND,96.33,142.22
BPL,34.02,34.02
VESUVIUS,43.81,43.81
BOMDYEING,1.2,
NAVNETEDUL,17.11,18.64
GUJALKALI,6413.26,6413.26
GLAXO,72.76,64.96
CHOLAFIN,30.55,30.55
INDHOTEL,67.03,67.03
KOTAKBANK,18.66,18.66
GILLETTE,59.51,59.51
FOSECOIND,30.67,35.25
GABRIEL,29.76,29.76
AARTIIND,54.66,54.66
PRAKASH,8.45,8.45
KOPRAN,21.84,21.84
GREAVESCOT,,228.15
SURYAROSNI,19.21,19.21
TIMKEN,75.65,75.65
SAKHTISUG,1.58,
INGERRAND,62.25,62.25
HINDZINC,38.76,38.76
GRASIM,16.07,15.44
FINPIPE,45.9,45.9
DCW,95.94,90.46
CESC,13.32,16.23
BAJFINANCE,29.17,29.17
CORALFINAC,9.75,9.75
GREENPLY,42.09,48.61
AUTOAXLES,17.83,17.83
DALMIASUG,11.08,11.08
KHAITANLTD,23.08,23.08
MRF,26.11,26.11
ANDHRSUGAR,18.29,17.86
STARPAPER,5.56,5.43
EIMCOELECO,29.19,29.19
JAYAGROGN,14.42,14.42
MARICO,52.17,52.17
KEYFINSERV,11.89,11.89
SUNDRMBRAK,29.31,29.31
AARTIDRUGS,26.03,26.03
INDIANCARD,22.8,
WENDT,70.73,70.73
DYNAMATECH,43.6,83.49
JAGSNPHARM,40.38,40.38
MPHASIS,28.74,28.74
RAMCOIND,27.49,27.49
INDRAMEDCO,17.55,17.55
MADRASFERT,272.51,27.11
SKMEGGPROD,7.66,7.66
ICICIBANK,17.22,17.22
INDSWFTLAB,2.03,8.72
FDC,26.16,26.16
ADROITINFO,13.41,13.41
MAHAPEXLTD,63.09,100.15
INDUSINDBK,12.66,12.66
TRIGYN,17.38,17.38
KOTHARIPRO,19.81,19.81
CUB,10.37,10.37
ITDCEM,26.09,26.09
AXISBANK,13.56,13.56
SONATSOFTW,48.97,4.2
CYBERTECH,19.94,19.94
GOACARBON,8.66,8.66
DHANBANK,18.33,18.33
STCINDIA,16.15,17.35
RSSOFTWARE,29,29
IVC,29.33,29.33
ALEMBICLTD,27.68,27.68
BSOFT,27.46,27.46
HCLTECH,23.37,23.37
MANINFRA,25.11,25.11
LGBBROSLTD,14.57,14.84
ISFT,20.36,20.36
MANAPPURAM,6.62,6.62
TI,31.41,30.75
HMVL,75.78,75.78
AHLEAST,7.76,10.14
UGARSUGAR,38.41,38.41
GPPL,28.56,26.1
KILITCH,41.28,41.28
CAREERP,11.99,11.99
CANTABIL,29.37,29.94
BEDMUTHA,39.95,39.95
CGCL,46.98,46.98
COALINDIA,9.35,9.35
JINDWORLD,87.63,87.63
JAMNAAUTO,24.31,24.31
A2ZINFRA,10.92,
PSB,70.35,70.35
KICL,39.63,63.91
TEXRAIL,84.75,84.75
PFS,13.66,13.66
SYMPHONY,50.54,50.13
RELAXO,100.45,100.45
KARMAENG,709.89,709.89
ASHIANA,43,43
INVENTURE,23.79,20.88
BODALCHEM,140,140
ASAHISONG,29.01,
FILATEX,21.66,21.66
TDPOWERSYS,43.95,43.95
APLLTD,30.18,30.18
PANAMAPET,11.66,11.66
TRITURBINE,66.86,66.86
POLYMED,68.62,68.78
RUPA,28.45,27.37
APLAPOLLO,60.56,60.56
MINDACORP,44.96,44.96
COMPUSOFT,40.03,40.03
SCHNEIDER,103.78,101.81
NBCC,61.81,46.82
HEXATRADEX,8.82,8.82
TBZ,13.2,13.2
SWANENERGY,32.94,30.23
KITEX,24.41,24.41
ROSSELLIND,140.95,139.8
VETO,13.4,13.4
CARERATING,30.8,30.8
JUSTDIAL,22.03,22.03
IBULHSGFIN,6.63,6.63
JPOLYINVST,23.84,23.84
NATHBIOGEN,8.39,9.01
CASTROLIND,21.1,21.1
BUTTERFLY,186.6,152.51
WONDERLA,30.38,30.38
GOCLCORP,39.11,40.88
SHARDACROP,112.19,112.19
CIGNITITEC,21.78,21.78
MONTECARLO,20.88,20.88
APOLSINHOT,38.13,38.13
CCHHL,15.38,15.38
MOLDTKPAC,36.09,36.09
GANECOS,73.1,73.1
HESTERBIO,92.32,92.32
LFIC,6.72,6.72
BYKE,60.17,60.17
VRLLOG,55.4,55.66
NILAINFRA,37.08,37.08
SKIPPER,39.85,39.85
SHYAMCENT,515.39,515.39
SYNGENE,54.44,53.5
RAMASTEEL,52.04,52.04
MUTHOOTCAP,3.66,86.78
SHARDAMOTR,16.01,16.01
NAVKARCORP,263.47,263.47
INDIGO,19.02,19.02
BALAXI,,97.3
UMANGDAIRY,148.3,148.3
ALKEM,34.73,32.99
OCCL,13.16,13.16
QUICKHEAL,96.29,96.29
NECCLTD,38.16,38.16
KELLTONTEC,,17.97
HCG,123.07,132.29
BHARATWIRE,19.84,19.84
CROMPTON,57.34,57.34
ALBERTDAVD,8.48,8.48
BLS,39.69,39.69
PREMEXPLN,112.64,112.64
CONTROLPR,24.95,24.97
MGL,10.09,10.09
MOLDTECH,24.45,24.45
QUESS,31.71,29.06
MINDTECK,25.58,25.58
DBL,29.52,322.8
SPAL,16.34,16.34
RBLBANK,11.95,11.95
CUPID,34.9,34.9
LTTS,37.8,37.8
MARATHON,15.71,15.71
HPL,58.32,58.32
ENDURANCE,45.26,45.26
MAZDA,17.35,17.35
PNBHOUSING,12.67,12.67
KINGFA,18.8,18.8
NBIFIN,55.8,55.8
KIOCL,654.78,654.78
SFL,45.25,55.91
LAURUSLABS,141.14,141.14
ITDC,79.14,79.06
HISARMETAL,16.71,16.71
SPCENET,137.52,137.52
CAPTRUST,90.3,90.3
BSE,51.01,104.67
JITFINFRA,60.89,60.89
DMART,114.89,114.89
INTENTECH,15.96,15.96
URJA,390.86,390.86
SHANKARA,19.99,19.99
WIPL,43.86,43.86
STARCEMENT,30.43,30.43
TEJASNET,319.18,319.18
AUBANK,31.37,30.15
SALASAR,66.48,65.85
MAGADSUGAR,7.77,7.77
THEINVEST,50.35,50.35
OPTIEMUS,42.44,42.44
SMSLIFE,39.87,39.87
APEX,44.54,44.54
DIXON,151.58,151.58
CAPACITE,21.67,21.67
GODREJAGRO,33.37,33.37
IEX,41.14,41.14
IFGLEXPOR,27.41,27.41
KHADIM,91.16,91.16
SHALBY,34.96,34.96
NEWGEN,48.2,48.2
HGINFRA,17.85,18.24
BDL,118.48,118.48
HAL,44.49,44.49
LEMONTREE,70.53,70.53
ORIENTELEC,64.3,79.95
ADANIGREEN,306.63,245.88
GAYAHWS,.2,
RITES,34.95,34.95
VARROC,16.24,16.24
CREDITACC,14.59,14.59
SIGIND,16.7,16.7
TREJHARA,14.46,52.02
DALBHARAT,38.99,38.99
CHALET,59.99,59.99
NOCIL,35.75,35.75
DEEPAKFERT,15.73,15.73
COROMANDEL,22.75,22.75
ASIANPAINT,51.28,51.28
TATACHEM,71.7,21.77
SUPREMEIND,72.76,72.76
WEIZMANIND,19.55,19.55
TATAELXSI,57.31,57.31
SANDESH,7.3,7.31
ADANIENT,109.92,102.46
JPPOWER,13.01,9
EVEREADY,58.12,58.12
IIFL,8.71,8.71
WELCORP,17.56,17.56
CYBERMEDIA,10.73,8.18
JKPAPER,5.69,5.69
GRANULES,25.71,25.71
GEOJITFSL,16.66,16.66
YESBANK,53.19,53.19
SPLIL,14.63,14.63
IDFC,566.1,566.1
FCSSOFT,,71.82
IMPAL,17.16,17.16
SUZLON,94.97,87.84
AURIONPRO,40.21,40.21
TRIVENI,18.76,18.76
AIAENG,30.5,30.52
EKC,14.53,14.25
NITINSPIN,14,14
ENIL,29.23,30.19
JAGRAN,12.37,12.37
GVKPIL,7.13,7.13
KEC,56.36,56.36
INDOTECH,41.74,41.74
BLKASHYAP,,31.2
CENTURYPLY,45.04,45.04
VAKRANGEE,557.46,606.44
GALLANTT,28.49,28.49
UTTAMSUGAR,9.25,9.25
KKCL,27.95,27.95
GPIL,13.49,13.69
RSYSTEMS,39.74,39.74
LOKESHMACH,52.91,52.91
SWELECTES,31.23,65.95
KAMDHENU,28.24,28.24
PIONEEREMB,36.47,36.47
JKLAKSHMI,19.29,19.54
ALLCARGO,45.81,60.26
MUNJALAU,21.41,14.85
GRINDWELL,74.62,74.57
VOLTAMP,52.67,52.67
SELAN,27.58,27.58
ACE,51.64,51.64
HOVS,30.48,30.48
TALBROAUTO,18.28,26.45
FIEMIND,19.02,19.02
RUCHIRA,7.65,7.65
JINDRILL,17.07,17.07
TANLA,23.03,23.03
LUMAXTECH,19.6,19.6
WANBURY,8.97,16.51
PITTIENG,31.67,31.67
IZMO,17.84,17.84
PGIL,16.29,16.24
TTL,49.88,49.88
LAOPALA,26.47,26.47
THEMISMED,76.52,76.52
BALAMINES,30.01,30.01
BFUTILITIE,12.51,12.51
ALPHAGEO,206.73,30.38
WEBELSOLAR,,77.3
INSECTICID,15.49,15.49
NAVINFLUOR,60.73,73.29
NAGREEKEXP,10.06,10.06
HGS,54.52,54.52
DLF,124.24,124.24
ISMTLTD,20.67,19.29
NAGREEKCAP,.51,.51
CENTUM,,375.42
MANGCHEFER,8.28,8.28
DELTACORP,12.62,15.02
BAJAJELEC,79.39,79.39
BVCL,12.07,12.07
ADANIPORTS,36.85,35.45
COLPAL,55.27,54.68
KALYANIFRG,33.91,33.91
ECLERX,21.22,21.16
TRIL,203.07,203.07
MANAKSIA,8.63,6.54
PATINTLOG,24.43,24.43
ARIES,20.6,20.6
AMBIKCO,13.72,13.72
CEATLTD,15.7,14.61
JKIL,15.23,15.23
KNRCON,14.36,14.36
HERCULES,42.03,42.03
ONMOBILE,48.9,48.9
IRB,47.69,47.69
NMDC,13.58,13.09
RECLTD,10.59,10.59
NESCO,16.97,16.97
BAJAJ-AUTO,34.03,34.03
ALMONDZ,12.82,34.99
RBL,17.05,16.67
LOTUSEYE,41.53,41.92
UBL,120.84,120.84
20MICRONS,10.78,10.57
TATAMTRDVR,1.03,1.01
COUNCODOS,25.35,25.35
AJMERA,22.6,22.6
VINATIORGA,52.56,52.56
NHPC,25.36,25.36
DEN,11.19,11.19
SARDAEN,16.04,15.97
AHLUCONT,36.89,36.81
GODREJPROP,106.62,106.62
MMTC,158.13,224.32
UNITEDTEA,10.87,10.87
THANGAMAYL,27.83,27.83
