SERIES,SYMBOL,SECURITY,RECORD_DT,BC_STRT_DT,BC_END_DT,EX_DT,ND_STRT_DT,ND_END_DT,PURPOSE
BE,HIL,HIL Limited, ,24/07/2024,30/07/2024,23/07/2024, , ,AGM/DIV - RS 22.50 PER SH
BE,SURANASOL,Surana Solar Ltd, ,16/07/2024,22/07/2024,15/07/2024, , ,ANNUAL GENERAL MEETING   
BE,HATSUN,Hatsun Agro Product Ltd.,24/07/2024, , ,24/07/2024, , ,INTDIV - RS 6 PER SH     
BE,UNIONBANK,Union Bank of India, ,20/07/2024,26/07/2024,19/07/2024, , ,AGM/DIV-RS 3.60 PER SH   
BE,CAMLINFINE,Camlin Fine Sciences Ltd, ,25/07/2024,31/07/2024,24/07/2024, , ,ANNUAL GENERAL MEETING   
BE,NILAINFRA,Nila Infrastructures Ltd, ,21/07/2024,27/07/2024,19/07/2024, , ,ANNUAL GENERAL MEETING   
BE,TTKHLTCARE,TTK Healthcare Limited, ,18/07/2024,24/07/2024,16/07/2024, , ,AGM/DIV - RS 10 PER SH/  
BE,OCCL,Oriental Carbn & Chem Ltd, ,24/07/2024,30/07/2024,23/07/2024, , ,AGM/DIV - RS 7 PER SH    
BE,PRECAM,Precision Camshafts Ltd., ,20/07/2024,26/07/2024,19/07/2024, , ,AGM/DIV - RE 1 PER SH    
BE,SHRIPISTON,Shriram Pist. & Ring Ltd, ,18/07/2024,24/07/2024,16/07/2024, , ,ANNUAL GENERAL MEETING   
BE,ASPINWALL,Aspinwall & Co Ltd, ,19/07/2024,25/07/2024,18/07/2024, , ,AGM/DIV - RS 6 PER SH    
BE,CROMPTON,Crompt Grea Con Elec Ltd, ,11/07/2024,26/07/2024,10/07/2024, , ,ANNUAL GENERAL MEETING   
BE,GPTINFRA,GPT Infraprojects Ltd, ,24/07/2024,30/07/2024,23/07/2024, , ,ANNUAL GENERAL MEETING   
BE,GEPIL,GE Power India Limited, ,17/07/2024,23/07/2024,16/07/2024, , ,ANNUAL GENERAL MEETING   
BE,MAHASTEEL,Mahamaya Steel Inds Ltd, ,23/07/2024,29/07/2024,22/07/2024, , ,ANNUAL GENERAL MEETING   
BE,AVADHSUGAR,Avadh Sug & Energy Ltd,24/07/2024, , ,24/07/2024, , ,DIV - RS 10 PER SH       
BE,AVADHSUGAR,Avadh Sug & Energy Ltd, ,25/07/2024,31/07/2024,24/07/2024, , ,ANNUAL GENERAL MEETING   
BE,JITFINFRA,JITF Infralogistics Ltd, ,16/07/2024,22/07/2024,15/07/2024, , ,ANNUAL GENERAL MEETING   
BE,TCPLPACK,TCPL Packaging Limited, ,24/07/2024,30/07/2024,23/07/2024, , ,AGM/DIV - RS 22 PER SH   
BE,TIINDIA,Tube Invest of India Ltd, ,24/07/2024,01/08/2024,23/07/2024, , ,AGM/DIV - RS 1.50 PER SH 
BE,MAHLOG,Mahindra Logistic Limited, ,13/07/2024,22/07/2024,12/07/2024, , ,AGM/DIV-RS 2.50 PER SH   
BE,ARVSMART,Arvind SmartSpaces Ltd, ,19/07/2024,25/07/2024,18/07/2024, , ,AGM/DIV-2.50/SPLDIV-1    
BE,CHEMBOND,Chembond Chemicals Ltd,22/07/2024, , ,22/07/2024, , ,DIV - RS 3.50 PER SH     
BE,CHEMBOND,Chembond Chemicals Ltd, ,23/07/2024,30/07/2024,22/07/2024, , ,ANNUAL GENERAL MEETING   
BE,PRIVISCL,Privi Speciality Che Ltd, ,25/07/2024,01/08/2024,24/07/2024, , ,ANNUAL GENERAL MEETING   
BE,PRIVISCL,Privi Speciality Che Ltd,24/07/2024, , ,24/07/2024, , ,DIV - RS 2 PER SH        
BE,KSB,KSB Pumps Ltd-Depo,25/07/2024, , ,25/07/2024, , ,FV SPLT FRM RS 10 TO RS2 
BE,RAJRATAN,Rajratan Global Wire Ltd,23/07/2024, , ,23/07/2024, , ,AGM/DIV - RS 2 PER SH    
BE,NDRAUTO,NDR Auto Components Ltd, ,16/07/2024,22/07/2024,15/07/2024, , ,AGM/DIV-RS 3.75 PER SH   
BE,SHRADHA,Shradha Infraprojects Ltd, ,13/07/2024,27/07/2024,12/07/2024, , ,ANNUAL GENERAL MEETING   
BE,UTIAMC,UTI Asset Mngmt Co Ltd, ,19/07/2024,25/07/2024,18/07/2024, , ,DIV/SPDV-RS 24 & RS 23   
BE,STEELCITY,Steel City Securities Lim,23/07/2024, , ,23/07/2024, , ,INTDIV - RE 1 PER SH     
BE,SAFARI,Safari Ind (India) Ltd, ,13/07/2024,26/07/2024,12/07/2024, , ,ANNUAL GENERAL MEETING   
BE,RAINBOW,Rainbow Childrens Med Ltd,23/07/2024, , ,23/07/2024, , ,AGM/DIV - RS 3 PER SH    
BE,HECPROJECT,HEC Infra Projects Ltd, ,24/07/2024,30/07/2024,23/07/2024, , ,ANNUAL GENERAL MEETING   
BE,PIXTRANS,Pix Transmissions Limited, ,17/07/2024,24/07/2024,16/07/2024, , ,ANNUAL GENERAL MEETING   
BE,TEMBO,Tembo Global Ind Ltd,23/07/2024, , ,23/07/2024, , ,INTDIV - RE 1 PER SH     
BE,DATAPATTNS,Data Patterns India Ltd, ,24/07/2024,30/07/2024,23/07/2024, , ,AGM/DIV - RS 6.50 PER SH 
BE,POONAWALLA,Poonawalla Fincorp Ltd, ,17/07/2024,23/07/2024,16/07/2024, , ,ANNUAL GENERAL MEETING   
BE,LLOYDSME,Lloyds Metals N Energy L, ,23/07/2024,29/07/2024,22/07/2024, , ,EGM                      
BE,AHL,Abans Holdings Limited, ,20/07/2024,26/07/2024,19/07/2024, , ,ANNUAL GENERAL MEETING   
BE,RATNAVEER,Ratnaveer Precision Eng L, ,18/07/2024,26/07/2024,16/07/2024, , ,EGM                      
BE,MODISONLTD,Modison Metals Limited,23/07/2024, , ,23/07/2024, , ,DIV - RS 2 PER SH        
BE,MODISONLTD,Modison Metals Limited, ,24/07/2024,30/07/2024,23/07/2024, , ,ANNUAL GENERAL MEETING   
BE,TIPSFILMS,Tips Films Limited, ,23/07/2024,29/07/2024,22/07/2024, , ,ANNUAL GENERAL MEETING   
BE,HYBRIDFIN,Hybrid Financial Services, ,22/07/2024,30/07/2024,19/07/2024, , ,ANNUAL GENERAL MEETING   
BE,DIVGIITTS,Divgi Torqtransfer Syst L,22/07/2024, , ,22/07/2024, , ,DIV - RS 2.60 PER SH     
BE,DIVGIITTS,Divgi Torqtransfer Syst L, ,23/07/2024,29/07/2024,22/07/2024, , ,ANNUAL GENERAL MEETING   
BE,ARE&M,Amara Raja Batt Ltd-Depo, ,19/07/2024,25/07/2024,18/07/2024, , ,ANNUAL GENERAL MEETING   
BE,TARACHAND,Tara Chand Infra Soln Ltd, ,19/07/2024,25/07/2024,18/07/2024, , ,ANNUAL GENERAL MEETING   
BE,GTECJAINX,Keerti Know & Skill Ltd., ,23/07/2024,30/07/2024,22/07/2024, , ,ANNUAL GENERAL MEETING   
BE,IDBI,IDBI Bank Limited, ,17/07/2024,23/07/2024,16/07/2024, , ,ANNUAL GENERAL MEETING   
BE,DABUR,DABUR INDIA LTD, ,22/07/2024,26/07/2024,19/07/2024, , ,AGM/DIV-RS 2.75 PER SH   
BE,CENTURYTEX,CENTURY TEXTILES LTD, ,12/07/2024,23/07/2024,11/07/2024, , ,AGM/DIV - RS 5 PER SH    
BE,PRAJIND,Praj Industries Ltd, ,19/07/2024,25/07/2024,18/07/2024, , ,AGM/DIV - RS 6 PER SH    
BE,WEIZMANIND,Weizmann Ltd, ,24/07/2024,30/07/2024,23/07/2024, , ,AGM/DIV - RE 0.50 PER SH 
BE,M&M,MAHINDRA & MAHINDRA LTD, ,06/07/2024,31/07/2024,05/07/2024, , ,AGM/DIV-RS 21.1 PER SH   
BE,CARBORUNIV,Carborundum Univ Ltd, ,23/07/2024,30/07/2024,22/07/2024, , ,AGM/DIV-RS 2.50 PER SH   
BE,PIDILITIND,PIDILITIND-Depo, ,25/07/2024,07/08/2024,24/07/2024, , ,ANNUAL GENERAL MEETING   
BE,PIDILITIND,PIDILITIND-Depo,24/07/2024, , ,24/07/2024, , ,DIV - RS 16 PER SH       
BE,MANGLMCEM,Mangalam Cement Ltd, ,21/07/2024,27/07/2024,19/07/2024, , ,AGM/DIV-RS 1.50 PER SH   
BE,HCLTECH,HCL Technologies Ltd.,23/07/2024, , ,23/07/2024, , ,INTDIV - RS 12 PER SH    
BE,AUROPHARMA,AUROPHARMA - Depo,30/07/2024, , ,30/07/2024, , ,BUY BACK                 
BE,KOTHARIPET,Kothari Petrochem Ltd, ,19/07/2024,25/07/2024,18/07/2024, , ,AGM/DIV - RE 1 PER SH    
BE,IFBIND,IFB Industries Ltd., ,23/07/2024,29/07/2024,22/07/2024, , ,ANNUAL GENERAL MEETING   
BE,IFBAGRO,IFB Agro Industries Ltd, ,23/07/2024,29/07/2024,22/07/2024, , ,ANNUAL GENERAL MEETING   
BE,WSTCSTPAPR,West Coast Paper Mills, ,07/08/2024,14/08/2024,06/08/2024, , ,AGM/DIV - RS 8 PER SH    
BE,BLUESTARCO,Blue Star Limited-Depo, ,20/07/2024,06/08/2024,19/07/2024, , ,DIV - RS 7 PER SH        
BE,SHANTIGEAR,Shanthi Gears Ltd, ,20/07/2024,29/07/2024,19/07/2024, , ,DIV - RS 2 PER SH        
BE,HINDZINC,Hindustan Zinc for depo, ,24/07/2024,28/07/2024,23/07/2024, , ,ANNUAL GENERAL MEETING   
BE,SHREECEM,SHREE CEMENT LIMITED,23/07/2024, , ,23/07/2024, , ,DIV - RS 55 PER SH       
BE,ZYDUSLIFE,Zydus Lifesciences Ltd,26/07/2024, , ,26/07/2024, , ,DIV - RS 3 PER SH        
BE,TIRUMALCHM,Thirumalai Chemicals Ltd, ,18/07/2024,24/07/2024,16/07/2024, , ,AGM/DIV - RE 1 PER SH    
BE,INDIANHUME,Indian Hume Pipe Co. Ltd, ,20/07/2024,01/08/2024,19/07/2024, , ,AGM/DIV-RS 1.50 PER SH   
BE,SUNDRMBRAK,Sundaram Brake Lin Ltd., ,18/07/2024,24/07/2024,16/07/2024, , ,AGM/DIV - RS 2 PER SH    
BE,CUBEXTUB,CubexTubingsLtd-RollSett, ,18/07/2024,25/07/2024,16/07/2024, , ,ANNUAL GENERAL MEETING   
BE,KOTARISUG,Kothari Sug & Chem Ltd., ,20/07/2024,26/07/2024,19/07/2024, , ,ANNUAL GENERAL MEETING   
BE,XPROINDIA,Xpro India Limited, ,23/07/2024,29/07/2024,22/07/2024, , ,AGM/DIV - RS 2 PER SH    
BE,TIPSINDLTD,Tips Industries Limited, ,20/07/2024,26/07/2024,19/07/2024, , ,ANNUAL GENERAL MEETING   
BE,EXIDEIND,CHLORIDIND- Depo, ,23/07/2024,29/07/2024,22/07/2024, , ,AGM/DIV - RS 2 PER SH    
BE,WENDT,Wendt (India) Ltd., ,15/07/2024,22/07/2024,12/07/2024, , ,AGM/DIV - RS 20 PER SH   
BE,IMPAL,Ind Motor Part & Acc Ltd, ,16/07/2024,24/07/2024,15/07/2024, , ,AGM/DIV - RS 18 PER SH   
BE,SAKUMA,Sakuma Exports Limited, ,18/07/2024,25/07/2024,16/07/2024, , ,AGM/DIV - RE 0.05 PER SH 
BE,M&MFIN,Mahindra & Mahindra Finan, ,17/07/2024,23/07/2024,16/07/2024, , ,AGM/DIV-RS 6.30 PER SH   
BE,GANGOTRI,Gangotri Textiles Limited, ,20/07/2024,26/07/2024,19/07/2024, , ,ANNUAL GENERAL MEETING   
BE,MPHASIS,MphasiS Limited, ,11/07/2024,25/07/2024,10/07/2024, , ,AGM/DIV - RS 55 PER SH   
BE,THEMISMED,Themis Medicare Limited, ,15/07/2024,22/07/2024,12/07/2024, , ,AGM/DIV-RS 0.50 PER SH   
BE,PLASTIBLEN,Plastiblends India Limite, ,24/07/2024,30/07/2024,23/07/2024, , ,ANNUAL GENERAL MEETING   
BE,PLASTIBLEN,Plastiblends India Limite,23/07/2024, , ,23/07/2024, , ,DIV - RS 4.25 PER SH     
BE,TECHM,Tech Mahindra Limited, ,20/07/2024,26/07/2024,19/07/2024, , ,AGM/DIV - RS 28 PER SH   
BE,ICRA,ICRA Limited, ,20/07/2024,22/07/2024,19/07/2024, , ,AGM/DIV-RS 100 PER SH    
BE,KPRMILL,K.P.R. Mill Limited, ,16/07/2024,22/07/2024,15/07/2024, , ,AGM/DIV-RS 2.50 PER SH   
BE,VOLTAMP,Voltamp Transformers Limi, ,23/07/2024,29/07/2024,22/07/2024, , ,AGM/DIV - RS 90 PER SH   
BE,FORTIS,Fortis Healthcare Limited,24/07/2024, , ,24/07/2024, , ,DIV - RE 1 PER SH        
BE,BAJAJELEC,Bajaj Electricals Limited, ,20/07/2024,06/08/2024,19/07/2024, , ,AGM/DIV - RS 3 PER SH    
BE,SILINV,SIL Investments Limited,23/07/2024, , ,23/07/2024, , ,DIV - RS 2.50 PER SH     
BE,MAHLIFE,Mahindra Lifespace DevLtd, ,13/07/2024,24/07/2024,12/07/2024, , ,DIV - RS 2.65 PER SH     
BE,SWELECTES,Swelect Energy Sys Ltd, ,23/07/2024,29/07/2024,22/07/2024, , ,AGM/DIV/SPDV RS 3 & RE 1 
BE,FSL,Firstsource Solutions Lim, ,24/07/2024,30/07/2024,23/07/2024, , ,ANNUAL GENERAL MEETING   
BE,APCOTEXIND,Apcotex Industries Ltd., ,20/07/2024,29/07/2024,19/07/2024, , ,DIV - RS 3.50 PER SH     
BE,SHYAMTEL,Shyam Telecom Limited, ,24/07/2024,31/07/2024,23/07/2024, , ,ANNUAL GENERAL MEETING   
BE,NELCAST,Nelcast Limited, ,19/07/2024,25/07/2024,18/07/2024, , ,AGM/DIV-RE 0.40 PER SH   
BE,COLPAL,Colgate Palmolive (India), ,24/07/2024,30/07/2024,23/07/2024, , ,ANNUAL GENERAL MEETING   
BE,ASTEC,Astec LifeSciences Ltd, ,24/07/2024,28/07/2024,23/07/2024, , ,ANNUAL GENERAL MEETING   
BE,OFSS,Oracle Fin Serv Soft Ltd., ,19/07/2024,25/07/2024,18/07/2024, , ,ANNUAL GENERAL MEETING   
BE,BOSCHLTD,Bosch Limited, ,20/07/2024,07/08/2024,19/07/2024, , ,AGM/DIV-RS 170 PER SH    
BE,BIRLAMONEY,Aditya Birla Money Ltd, ,23/07/2024,30/07/2024,22/07/2024, , ,ANNUAL GENERAL MEETING   
BE,THANGAMAYL,Thangamayil Jewellery Ltd, ,19/07/2024,25/07/2024,18/07/2024, , ,ANNUAL GENERAL MEETING   
BE,ALMONDZ,Almondz Global Securities,23/07/2024, , ,23/07/2024, , ,FV SPLT FRM RS 6 TO RE 1 
BE,CHOLAFIN,Cholamandalam In & Fin Co, ,20/07/2024,26/07/2024,19/07/2024, , ,DIV - RE 0.70 PER SH     
BE,IMFA,Indian Metals & Ferro, ,23/07/2024,31/07/2024,22/07/2024, , ,AGM/DIV-RS 7.50 PER SH   
BE,BLISSGVS,Bliss GVS Pharma Ltd, ,19/07/2024,25/07/2024,18/07/2024, , ,AGM/DIV-RS 0.50 PER SH   
BE,TCI,Transport Corp of Ind Ltd, ,21/07/2024,27/07/2024,19/07/2024, , ,ANNUAL GENERAL MEETING   
BE,KARMAENG,Karma Energy Limited,23/07/2024, , ,23/07/2024, , ,ANNUAL GENERAL MEETING   
BE,VMART,Vmart Retail Ltd, ,25/07/2024,31/07/2024,24/07/2024, , ,ANNUAL GENERAL MEETING   
BZ,GANGOTRI,Gangotri Textiles Limited, ,20/07/2024,26/07/2024,19/07/2024, , ,ANNUAL GENERAL MEETING   
E1,IBULPP,Indiabulls Hsg Fin Ltd,22/07/2024, , , , , ,FINCAL - RS 100          
EQ,DABUR,Dabur India Ltd., ,22/07/2024,26/07/2024,19/07/2024, , ,AGM/DIV-RS 2.75 PER SH   
EQ,CENTURYTEX,Century Textiles Ltd., ,12/07/2024,23/07/2024,11/07/2024, , ,AGM/DIV - RS 5 PER SH    
EQ,AUROPHARMA,Aurobindo Pharma Ltd.,30/07/2024, , ,30/07/2024, , ,BUY BACK                 
EQ,IFBAGRO,IFB Agro Industries Ltd, ,23/07/2024,29/07/2024,22/07/2024, , ,ANNUAL GENERAL MEETING   
EQ,WSTCSTPAPR,West Coast Paper Mills, ,07/08/2024,14/08/2024,06/08/2024, , ,AGM/DIV - RS 8 PER SH    
EQ,SHANTIGEAR,Shanthi Gears Ltd, ,20/07/2024,29/07/2024,19/07/2024, , ,DIV - RS 2 PER SH        
EQ,TIRUMALCHM,Thirumalai Chemicals Ltd, ,18/07/2024,24/07/2024,16/07/2024, , ,AGM/DIV - RE 1 PER SH    
EQ,PIDILITIND,Pidilite Industries Ltd, ,25/07/2024,07/08/2024,24/07/2024, , ,ANNUAL GENERAL MEETING   
EQ,PIDILITIND,Pidilite Industries Ltd,24/07/2024, , ,24/07/2024, , ,DIV - RS 16 PER SH       
EQ,MANGLMCEM,Mangalam Cement Ltd, ,21/07/2024,27/07/2024,19/07/2024, , ,AGM/DIV-RS 1.50 PER SH   
EQ,M&M,Mah & Mah Ltd., ,06/07/2024,31/07/2024,05/07/2024, , ,AGM/DIV-RS 21.1 PER SH   
EQ,WEIZMANIND,Weizmann Ltd, ,24/07/2024,30/07/2024,23/07/2024, , ,AGM/DIV - RE 0.50 PER SH 
EQ,INDIANHUME,Indian Hume Pipe Co. Ltd, ,20/07/2024,01/08/2024,19/07/2024, , ,AGM/DIV-RS 1.50 PER SH   
EQ,PRAJIND,Praj Industries Ltd, ,19/07/2024,25/07/2024,18/07/2024, , ,AGM/DIV - RS 6 PER SH    
EQ,CUBEXTUB,Cubex Tubings Ltd, ,18/07/2024,25/07/2024,16/07/2024, , ,ANNUAL GENERAL MEETING   
EQ,HINDZINC,Hindustan Zinc Ltd, ,24/07/2024,28/07/2024,23/07/2024, , ,ANNUAL GENERAL MEETING   
EQ,CARBORUNIV,Carborundum Univ Ltd, ,23/07/2024,30/07/2024,22/07/2024, , ,AGM/DIV-RS 2.50 PER SH   
EQ,IFBIND,IFB Industries Ltd., ,23/07/2024,29/07/2024,22/07/2024, , ,ANNUAL GENERAL MEETING   
EQ,KOTHARIPET,Kothari Petrochem Ltd, ,19/07/2024,25/07/2024,18/07/2024, , ,AGM/DIV - RE 1 PER SH    
EQ,HCLTECH,HCL Technologies Ltd.,23/07/2024, , ,23/07/2024, , ,INTDIV - RS 12 PER SH    
EQ,BLUESTARCO,Blue Star Ltd., ,20/07/2024,06/08/2024,19/07/2024, , ,DIV - RS 7 PER SH        
EQ,IDBI,IDBI Bank Limited, ,17/07/2024,23/07/2024,16/07/2024, , ,ANNUAL GENERAL MEETING   
EQ,SHREECEM,SHREE CEMENT LIMITED,23/07/2024, , ,23/07/2024, , ,DIV - RS 55 PER SH       
EQ,ZYDUSLIFE,Zydus Lifesciences Ltd,26/07/2024, , ,26/07/2024, , ,DIV - RS 3 PER SH        
EQ,TIPSINDLTD,Tips Industries Limited, ,20/07/2024,26/07/2024,19/07/2024, , ,ANNUAL GENERAL MEETING   
EQ,KOTARISUG,Kothari Sugars And Chemic, ,20/07/2024,26/07/2024,19/07/2024, , ,ANNUAL GENERAL MEETING   
EQ,XPROINDIA,Xpro India Limited, ,23/07/2024,29/07/2024,22/07/2024, , ,AGM/DIV - RS 2 PER SH    
EQ,TCI,Transport Corporation of, ,21/07/2024,27/07/2024,19/07/2024, , ,ANNUAL GENERAL MEETING   
EQ,SUNDRMBRAK,Sundaram Brake Lin Ltd., ,18/07/2024,24/07/2024,16/07/2024, , ,AGM/DIV - RS 2 PER SH    
EQ,UNIONBANK,Union Bank of India, ,20/07/2024,26/07/2024,19/07/2024, , ,AGM/DIV-RS 3.60 PER SH   
EQ,EXIDEIND,Exide Industries Ltd, ,23/07/2024,29/07/2024,22/07/2024, , ,AGM/DIV - RS 2 PER SH    
EQ,WENDT,Wendt (India) Ltd., ,15/07/2024,22/07/2024,12/07/2024, , ,AGM/DIV - RS 20 PER SH   
EQ,IMPAL,India Motor Parts and Acc, ,16/07/2024,24/07/2024,15/07/2024, , ,AGM/DIV - RS 18 PER SH   
EQ,SAKUMA,Sakuma Exports Limited, ,18/07/2024,25/07/2024,16/07/2024, , ,AGM/DIV - RE 0.05 PER SH 
EQ,M&MFIN,Mahindra & Mahindra Finan, ,17/07/2024,23/07/2024,16/07/2024, , ,AGM/DIV-RS 6.30 PER SH   
EQ,GANGOTRI,Gangotri Textiles Limited, ,20/07/2024,26/07/2024,19/07/2024, , ,ANNUAL GENERAL MEETING   
EQ,MPHASIS,MphasiS Limited, ,11/07/2024,25/07/2024,10/07/2024, , ,AGM/DIV - RS 55 PER SH   
EQ,THEMISMED,Themis Medicare Limited, ,15/07/2024,22/07/2024,12/07/2024, , ,AGM/DIV-RS 0.50 PER SH   
EQ,PLASTIBLEN,Plastiblends India Limite, ,24/07/2024,30/07/2024,23/07/2024, , ,ANNUAL GENERAL MEETING   
EQ,PLASTIBLEN,Plastiblends India Limite,23/07/2024, , ,23/07/2024, , ,DIV - RS 4.25 PER SH     
EQ,TECHM,Tech Mahindra Limited, ,20/07/2024,26/07/2024,19/07/2024, , ,AGM/DIV - RS 28 PER SH   
EQ,ICRA,ICRA Limited, ,20/07/2024,22/07/2024,19/07/2024, , ,AGM/DIV-RS 100 PER SH    
EQ,KPRMILL,K.P.R. Mill Limited, ,16/07/2024,22/07/2024,15/07/2024, , ,AGM/DIV-RS 2.50 PER SH   
EQ,VOLTAMP,Voltamp Transformers Limi, ,23/07/2024,29/07/2024,22/07/2024, , ,AGM/DIV - RS 90 PER SH   
EQ,FORTIS,Fortis Healthcare Limited,24/07/2024, , ,24/07/2024, , ,DIV - RE 1 PER SH        
EQ,BAJAJELEC,Bajaj Electricals Limited, ,20/07/2024,06/08/2024,19/07/2024, , ,AGM/DIV - RS 3 PER SH    
EQ,MAHLIFE,Mahindra Lifespace DevLtd, ,13/07/2024,24/07/2024,12/07/2024, , ,DIV - RS 2.65 PER SH     
EQ,SWELECTES,Swelect Energy Sys Ltd, ,23/07/2024,29/07/2024,22/07/2024, , ,AGM/DIV/SPDV RS 3 & RE 1 
EQ,FSL,Firstsource Solutions Lim, ,24/07/2024,30/07/2024,23/07/2024, , ,ANNUAL GENERAL MEETING   
EQ,SILINV,SIL Investments Limited,23/07/2024, , ,23/07/2024, , ,DIV - RS 2.50 PER SH     
EQ,APCOTEXIND,Apcotex Industries Ltd., ,20/07/2024,29/07/2024,19/07/2024, , ,DIV - RS 3.50 PER SH     
EQ,SHYAMTEL,Shyam Telecom Limited, ,24/07/2024,31/07/2024,23/07/2024, , ,ANNUAL GENERAL MEETING   
EQ,NELCAST,Nelcast Limited, ,19/07/2024,25/07/2024,18/07/2024, , ,AGM/DIV-RE 0.40 PER SH   
EQ,COLPAL,Colgate Palmolive (India), ,24/07/2024,30/07/2024,23/07/2024, , ,ANNUAL GENERAL MEETING   
EQ,ASTEC,Astec LifeSciences Ltd, ,24/07/2024,28/07/2024,23/07/2024, , ,ANNUAL GENERAL MEETING   
EQ,OFSS,Oracle Fin Serv Soft Ltd., ,19/07/2024,25/07/2024,18/07/2024, , ,ANNUAL GENERAL MEETING   
EQ,BOSCHLTD,Bosch Limited, ,20/07/2024,07/08/2024,19/07/2024, , ,AGM/DIV-RS 170 PER SH    
EQ,BIRLAMONEY,Aditya Birla Money Ltd, ,23/07/2024,30/07/2024,22/07/2024, , ,ANNUAL GENERAL MEETING   
EQ,THANGAMAYL,Thangamayil Jewellery Ltd, ,19/07/2024,25/07/2024,18/07/2024, , ,ANNUAL GENERAL MEETING   
EQ,ALMONDZ,Almondz Global Securities,23/07/2024, , ,23/07/2024, , ,FV SPLT FRM RS 6 TO RE 1 
EQ,CHOLAFIN,Cholamandalam In & Fin Co, ,20/07/2024,26/07/2024,19/07/2024, , ,DIV - RE 0.70 PER SH     
EQ,IMFA,Indian Metals & Ferro, ,23/07/2024,31/07/2024,22/07/2024, , ,AGM/DIV-RS 7.50 PER SH   
EQ,BLISSGVS,Bliss GVS Pharma Ltd, ,19/07/2024,25/07/2024,18/07/2024, , ,AGM/DIV-RS 0.50 PER SH   
EQ,KARMAENG,Karma Energy Limited,23/07/2024, , ,23/07/2024, , ,ANNUAL GENERAL MEETING   
EQ,VMART,Vmart Retail Ltd, ,25/07/2024,31/07/2024,24/07/2024, , ,ANNUAL GENERAL MEETING   
EQ,HIL,HIL Limited, ,24/07/2024,30/07/2024,23/07/2024, , ,AGM/DIV - RS 22.50 PER SH
EQ,SURANASOL,Surana Solar Ltd, ,16/07/2024,22/07/2024,15/07/2024, , ,ANNUAL GENERAL MEETING   
EQ,HATSUN,Hatsun Agro Product Ltd.,24/07/2024, , ,24/07/2024, , ,INTDIV - RS 6 PER SH     
EQ,CAMLINFINE,Camlin Fine Sciences Ltd, ,25/07/2024,31/07/2024,24/07/2024, , ,ANNUAL GENERAL MEETING   
EQ,NILAINFRA,Nila Infrastructures Ltd, ,21/07/2024,27/07/2024,19/07/2024, , ,ANNUAL GENERAL MEETING   
EQ,TTKHLTCARE,TTK Healthcare Limited, ,18/07/2024,24/07/2024,16/07/2024, , ,AGM/DIV - RS 10 PER SH/  
EQ,OCCL,Oriental Carbn & Chem Ltd, ,24/07/2024,30/07/2024,23/07/2024, , ,AGM/DIV - RS 7 PER SH    
EQ,PRECAM,Precision Camshafts Ltd., ,20/07/2024,26/07/2024,19/07/2024, , ,AGM/DIV - RE 1 PER SH    
EQ,SHRIPISTON,Shriram Pist. & Ring Ltd, ,18/07/2024,24/07/2024,16/07/2024, , ,ANNUAL GENERAL MEETING   
EQ,ASPINWALL,Aspinwall & Co Ltd, ,19/07/2024,25/07/2024,18/07/2024, , ,AGM/DIV - RS 6 PER SH    
EQ,CROMPTON,Crompt Grea Con Elec Ltd, ,11/07/2024,26/07/2024,10/07/2024, , ,ANNUAL GENERAL MEETING   
EQ,GPTINFRA,GPT Infraprojects Ltd, ,24/07/2024,30/07/2024,23/07/2024, , ,ANNUAL GENERAL MEETING   
EQ,GEPIL,GE Power India Limited, ,17/07/2024,23/07/2024,16/07/2024, , ,ANNUAL GENERAL MEETING   
EQ,MAHASTEEL,Mahamaya Steel Inds Ltd, ,23/07/2024,29/07/2024,22/07/2024, , ,ANNUAL GENERAL MEETING   
EQ,AVADHSUGAR,Avadh Sug & Energy Ltd,24/07/2024, , ,24/07/2024, , ,DIV - RS 10 PER SH       
EQ,AVADHSUGAR,Avadh Sug & Energy Ltd, ,25/07/2024,31/07/2024,24/07/2024, , ,ANNUAL GENERAL MEETING   
EQ,JITFINFRA,JITF Infralogistics Ltd, ,16/07/2024,22/07/2024,15/07/2024, , ,ANNUAL GENERAL MEETING   
EQ,TCPLPACK,TCPL Packaging Limited, ,24/07/2024,30/07/2024,23/07/2024, , ,AGM/DIV - RS 22 PER SH   
EQ,TIINDIA,Tube Invest of India Ltd, ,24/07/2024,01/08/2024,23/07/2024, , ,AGM/DIV - RS 1.50 PER SH 
EQ,MAHLOG,Mahindra Logistic Limited, ,13/07/2024,22/07/2024,12/07/2024, , ,AGM/DIV-RS 2.50 PER SH   
EQ,ARVSMART,Arvind SmartSpaces Ltd, ,19/07/2024,25/07/2024,18/07/2024, , ,AGM/DIV-2.50/SPLDIV-1    
EQ,CHEMBOND,Chembond Chemicals Ltd,22/07/2024, , ,22/07/2024, , ,DIV - RS 3.50 PER SH     
EQ,CHEMBOND,Chembond Chemicals Ltd, ,23/07/2024,30/07/2024,22/07/2024, , ,ANNUAL GENERAL MEETING   
EQ,PRIVISCL,Privi Speciality Che Ltd, ,25/07/2024,01/08/2024,24/07/2024, , ,ANNUAL GENERAL MEETING   
EQ,PRIVISCL,Privi Speciality Che Ltd,24/07/2024, , ,24/07/2024, , ,DIV - RS 2 PER SH        
EQ,KSB,KSB Pumps Ltd.,25/07/2024, , ,25/07/2024, , ,FV SPLT FRM RS 10 TO RS2 
EQ,RAJRATAN,Rajratan Global Wire Ltd,23/07/2024, , ,23/07/2024, , ,AGM/DIV - RS 2 PER SH    
EQ,NDRAUTO,NDR Auto Components Ltd, ,16/07/2024,22/07/2024,15/07/2024, , ,AGM/DIV-RS 3.75 PER SH   
EQ,SHRADHA,Shradha Infraprojects Ltd, ,13/07/2024,27/07/2024,12/07/2024, , ,ANNUAL GENERAL MEETING   
EQ,UTIAMC,UTI Asset Mngmt Co Ltd, ,19/07/2024,25/07/2024,18/07/2024, , ,DIV/SPDV-RS 24 & RS 23   
EQ,STEELCITY,Steel City Securities Lim,23/07/2024, , ,23/07/2024, , ,INTDIV - RE 1 PER SH     
EQ,SAFARI,Safari Ind (India) Ltd, ,13/07/2024,26/07/2024,12/07/2024, , ,ANNUAL GENERAL MEETING   
EQ,RAINBOW,Rainbow Childrens Med Ltd,23/07/2024, , ,23/07/2024, , ,AGM/DIV - RS 3 PER SH    
EQ,HECPROJECT,HEC Infra Projects Ltd, ,24/07/2024,30/07/2024,23/07/2024, , ,ANNUAL GENERAL MEETING   
EQ,PIXTRANS,Pix Transmissions Limited, ,17/07/2024,24/07/2024,16/07/2024, , ,ANNUAL GENERAL MEETING   
EQ,TEMBO,Tembo Global Ind Ltd,23/07/2024, , ,23/07/2024, , ,INTDIV - RE 1 PER SH     
EQ,DATAPATTNS,Data Patterns India Ltd, ,24/07/2024,30/07/2024,23/07/2024, , ,AGM/DIV - RS 6.50 PER SH 
EQ,POONAWALLA,Poonawalla Fincorp Ltd, ,17/07/2024,23/07/2024,16/07/2024, , ,ANNUAL GENERAL MEETING   
EQ,LLOYDSME,Lloyds Metals N Energy L, ,23/07/2024,29/07/2024,22/07/2024, , ,EGM                      
EQ,AHL,Abans Holdings Limited, ,20/07/2024,26/07/2024,19/07/2024, , ,ANNUAL GENERAL MEETING   
EQ,RATNAVEER,Ratnaveer Precision Eng L, ,18/07/2024,26/07/2024,16/07/2024, , ,EGM                      
EQ,MODISONLTD,Modison Metals Limited,23/07/2024, , ,23/07/2024, , ,DIV - RS 2 PER SH        
EQ,MODISONLTD,Modison Metals Limited, ,24/07/2024,30/07/2024,23/07/2024, , ,ANNUAL GENERAL MEETING   
EQ,TIPSFILMS,Tips Films Limited, ,23/07/2024,29/07/2024,22/07/2024, , ,ANNUAL GENERAL MEETING   
EQ,HYBRIDFIN,Hybrid Financial Services, ,22/07/2024,30/07/2024,19/07/2024, , ,ANNUAL GENERAL MEETING   
EQ,DIVGIITTS,Divgi Torqtransfer Syst L,22/07/2024, , ,22/07/2024, , ,DIV - RS 2.60 PER SH     
EQ,DIVGIITTS,Divgi Torqtransfer Syst L, ,23/07/2024,29/07/2024,22/07/2024, , ,ANNUAL GENERAL MEETING   
EQ,ARE&M,Amara Raja Batt Ltd, ,19/07/2024,25/07/2024,18/07/2024, , ,ANNUAL GENERAL MEETING   
EQ,TARACHAND,Tara Chand Infra Soln Ltd, ,19/07/2024,25/07/2024,18/07/2024, , ,ANNUAL GENERAL MEETING   
EQ,GTECJAINX,Keerti Know & Skill Ltd., ,23/07/2024,30/07/2024,22/07/2024, , ,ANNUAL GENERAL MEETING   
GS,84GS2024,GOI LOAN 8.40% 2024,24/07/2024, , , , , ,REDEMPTION               
M7,IBULHSGFIN,Sec Re NCD 8.20% Sr.VI,22/07/2024, , ,22/07/2024, , ,INTEREST PAYMENT         
M8,IBULHSGFIN,Sec Re NCD 8.66% Sr.VI,22/07/2024, , ,22/07/2024, , ,INTEREST PAYMENT         
MB,IBULHSGFIN,Sec Re NCD 8.43% Sr.VIII,22/07/2024, , ,22/07/2024, , ,INTEREST PAYMENT         
MC,IBULHSGFIN,Sec Re NCD 8.89% Sr.VIII,22/07/2024, , ,22/07/2024, , ,INTEREST PAYMENT         
MF,UTFDQIPIRI,UTIAMC - UTFDQIPIRI,22/07/2024, , , , , ,DIV/STP                  
MF,UTFIQIPRRI,UTI-FIIF QIP - I - RDR,22/07/2024, , , , , ,DIV/STP                  
MF,UTFIQIPRPI,UTI-FIIF QIP - I - RDP,22/07/2024, , , , , ,DIV/STP                  
MF,UTFDQIPIGI,UTIAMC - UTFDQIPIGI,22/07/2024, , , , , ,STP                      
MF,UTFDQIPIPI,UTIAMC - UTFDQIPIPI,22/07/2024, , , , , ,DIV/STP                  
MF,UTFIQIPRGI,UTI-FIIF QIP - I - RG,22/07/2024, , , , , ,STP                      
N3,NAVIFIN,Sec Re NCD 9.40% Sr. III,24/07/2024, , ,24/07/2024, , ,INTEREST PAYMENT         
N6,IIFLSAMFIN,IIFL Samasta10.48% 2027,22/07/2024, , ,22/07/2024, , ,INTEREST PAYMENT         
N6,IIFL,IIFL Finance Limited,22/07/2024, , ,22/07/2024, , ,INTEREST PAYMENT         
N6,POONAWALLA,Poonawalla Fincorp Ltd,22/07/2024, , ,22/07/2024, , ,INTEREST PAYMENT         
N7,CREDITACC,Sec Re NCD 9.10% Sr I,23/07/2024, , ,23/07/2024, , ,INTEREST PAYMENT         
N9,CREDITACC,Sec Re NCD 9.25% Sr III,23/07/2024, , ,23/07/2024, , ,INTEREST PAYMENT         
NB,CREDITACC,Sec Re NCD 9.40% Sr V,23/07/2024, , ,23/07/2024, , ,INTEREST PAYMENT         
ND,CREDITACC,Sec Re NCD 9.70% Sr VII,23/07/2024, , ,23/07/2024, , ,INTEREST PAYMENT         
NG,IBULHSG,Sec Re NCD 8.88% Sr II,25/07/2024, , ,25/07/2024, , ,INTEREST PAYMENT         
NG,INDIGRID,India Grid Trust,22/07/2024, , ,22/07/2024, , ,INTEREST PAYMENT         
NH,INDIGRID,India Grid Trust,22/07/2024, , ,22/07/2024, , ,INTEREST PAYMENT         
NH,IBULHSG,Sec Re NCD 9.25% Sr II,25/07/2024, , ,25/07/2024, , ,INTEREST PAYMENT         
NK,INDIGRID,India Grid Trust,22/07/2024, , ,22/07/2024, , ,INTEREST PAYMENT         
NK,ECLFINANCE,Sec Red NCD 9.85% Sr. VII,22/07/2024, , ,22/07/2024, , ,INTEREST PAYMENT         
NL,INDIGRID,India Grid Trust,22/07/2024, , ,22/07/2024, , ,INTEREST PAYMENT         
NM,IBULHSG,Sec Re NCD 9.02% Sr V,25/07/2024, , ,25/07/2024, , ,INTEREST PAYMENT         
NN,IBULHSG,Sec Re NCD 9.48% Sr V,25/07/2024, , ,25/07/2024, , ,INTEREST PAYMENT         
NS,IBULHSG,Sec Re NCD 9.25% Sr VIII,25/07/2024, , ,25/07/2024, , ,INTEREST PAYMENT         
NT,IBULHSG,Sec Re NCD 9.71% Sr VIII,25/07/2024, , ,25/07/2024, , ,INTEREST PAYMENT         
NV,IBULHSG,Sec Re NCD 10.03% Sr X,25/07/2024, , ,25/07/2024, , ,INTEREST PAYMENT         
NY,IBULHSG,Sec Re NCD 9.8% Sr XII,25/07/2024, , ,25/07/2024, , ,INTEREST PAYMENT         
NZ,IBULHSG,Sec Re NCD 10.25% Sr XII,25/07/2024, , ,25/07/2024, , ,INTEREST PAYMENT         
SG,505RJ24,SDL RJ 5.05% 2024,25/07/2024, , , , , ,REDEMPTION               
SM,GRETEX,Gretex Industries Ltd., ,21/07/2024,27/07/2024,19/07/2024, , ,ANNUAL GENERAL MEETING   
SM,WALPAR,Walpar Nutritions Limited, ,23/07/2024,30/07/2024,22/07/2024, , ,ANNUAL GENERAL MEETING   
SM,BIRDYS,Grill Splendour Ser Ltd, ,25/07/2024,31/07/2024,24/07/2024, , ,ANNUAL GENERAL MEETING   
SQ,WALPAR,Walpar Nutritions Limited, ,23/07/2024,30/07/2024,22/07/2024, , ,ANNUAL GENERAL MEETING   
SQ,BIRDYS,Grill Splendour Ser Ltd, ,25/07/2024,31/07/2024,24/07/2024, , ,ANNUAL GENERAL MEETING   
SQ,GRETEX,Gretex Industries Ltd., ,21/07/2024,27/07/2024,19/07/2024, , ,ANNUAL GENERAL MEETING   
ST,BIRDYS,Grill Splendour Ser Ltd, ,25/07/2024,31/07/2024,24/07/2024, , ,ANNUAL GENERAL MEETING   
ST,WALPAR,Walpar Nutritions Limited, ,23/07/2024,30/07/2024,22/07/2024, , ,ANNUAL GENERAL MEETING   
ST,GRETEX,Gretex Industries Ltd., ,21/07/2024,27/07/2024,19/07/2024, , ,ANNUAL GENERAL MEETING   
U3,NAVIFIN,Sec Re NCD 9.40% Sr. III,24/07/2024, , ,24/07/2024, , ,INTEREST PAYMENT         
U6,IIFLSAMFIN,IIFL Samasta10.48% 2027,22/07/2024, , ,22/07/2024, , ,INTEREST PAYMENT         
U6,IIFL,IIFL Finance Limited,22/07/2024, , ,22/07/2024, , ,INTEREST PAYMENT         
U6,POONAWALLA,Poonawalla Fincorp Ltd,22/07/2024, , ,22/07/2024, , ,INTEREST PAYMENT         
U7,CREDITACC,Sec Re NCD 9.10% Sr I,23/07/2024, , ,23/07/2024, , ,INTEREST PAYMENT         
U9,CREDITACC,Sec Re NCD 9.25% Sr III,23/07/2024, , ,23/07/2024, , ,INTEREST PAYMENT         
UB,CREDITACC,Sec Re NCD 9.40% Sr V,23/07/2024, , ,23/07/2024, , ,INTEREST PAYMENT         
UD,CREDITACC,Sec Re NCD 9.70% Sr VII,23/07/2024, , ,23/07/2024, , ,INTEREST PAYMENT         
UG,IBULHSG,Sec Re NCD 8.88% Sr II,25/07/2024, , ,25/07/2024, , ,INTEREST PAYMENT         
UG,INDIGRID,India Grid Trust,22/07/2024, , ,22/07/2024, , ,INTEREST PAYMENT         
UH,INDIGRID,India Grid Trust,22/07/2024, , ,22/07/2024, , ,INTEREST PAYMENT         
UH,IBULHSG,Sec Re NCD 9.25% Sr II,25/07/2024, , ,25/07/2024, , ,INTEREST PAYMENT         
UK,INDIGRID,India Grid Trust,22/07/2024, , ,22/07/2024, , ,INTEREST PAYMENT         
UK,ECLFINANCE,Sec Red NCD 9.85% Sr. VII,22/07/2024, , ,22/07/2024, , ,INTEREST PAYMENT         
UL,INDIGRID,India Grid Trust,22/07/2024, , ,22/07/2024, , ,INTEREST PAYMENT         
UM,IBULHSG,Sec Re NCD 9.02% Sr V,25/07/2024, , ,25/07/2024, , ,INTEREST PAYMENT         
UN,IBULHSG,Sec Re NCD 9.48% Sr V,25/07/2024, , ,25/07/2024, , ,INTEREST PAYMENT         
US,IBULHSG,Sec Re NCD 9.25% Sr VIII,25/07/2024, , ,25/07/2024, , ,INTEREST PAYMENT         
UT,IBULHSG,Sec Re NCD 9.71% Sr VIII,25/07/2024, , ,25/07/2024, , ,INTEREST PAYMENT         
UV,IBULHSG,Sec Re NCD 10.03% Sr X,25/07/2024, , ,25/07/2024, , ,INTEREST PAYMENT         
UY,IBULHSG,Sec Re NCD 9.8% Sr XII,25/07/2024, , ,25/07/2024, , ,INTEREST PAYMENT         
UZ,IBULHSG,Sec Re NCD 10.25% Sr XII,25/07/2024, , ,25/07/2024, , ,INTEREST PAYMENT         
X1,IBULPP,Indiabulls Hsg Fin Ltd,22/07/2024, , , , , ,FINCAL - RS 100          
Y7,IBULHSGFIN,Sec Re NCD 8.20% Sr.VI,22/07/2024, , ,22/07/2024, , ,INTEREST PAYMENT         
Y8,IBULHSGFIN,Sec Re NCD 8.66% Sr.VI,22/07/2024, , ,22/07/2024, , ,INTEREST PAYMENT         
YB,IBULHSGFIN,Sec Re NCD 8.43% Sr.VIII,22/07/2024, , ,22/07/2024, , ,INTEREST PAYMENT         
YC,IBULHSGFIN,Sec Re NCD 8.89% Sr.VIII,22/07/2024, , ,22/07/2024, , ,INTEREST PAYMENT         

