SYMBOL,SERIES,SECURITY,HIGH/LOW,INDEX FLAG
3PLAND,EQ,3P LAND HOLDINGS LIMITED,H
737GR2054,GS,GOI LOAN   7.37% 2054,H
ACSAL,SM,ARVIND AND COMPANY,H
AFIL,EQ,AKME FINTRADE (INDIA) LTD,H
AJOONI,EQ,AJOONI BIOTECH LIMITED,H
ALPEXSOLAR,ST,ALPEX SOLAR LIMITED,H
AMEYA,SM,AMEYA PRECISION ENG LTD,H
AMJLAND,BE,AMJ LAND HOLDINGS LIMITED,H
ANKITMETAL,BE,ANKIT MET & POW LTD,H
APS,ST,AUSTRALIAN PREM SOLAR I L,H
ARSSINFRA,BE,ARSS INFRA PROJ. LTD,H
ASIANHOTNR,EQ,ASIAN HOTELS (NORTH) LTD,H
ASMS,EQ,BARTRONICS INDIA LIMITED,H
AURIONPRO,EQ,AURIONPRO SOLN LTD,H
BGLOBAL,BZ,BHARATIYA GLOBAL INFO LTD,H
BKMINDST,BZ,BKM INDUSTRIES LIMITED,H
BVCL,EQ,BARAK VALLEY CEM. LTD.,H
CEREBRAINT,EQ,CEREBRA INT TECH LTD,H
CLOUD,ST,VARANIUM CLOUD LIMITED,H
CMICABLES,BZ,CMI LIMITED,H
CMRSL,SM,CYBER MEDIA RES & SER LTD,H
COCHINSHIP,EQ,COCHIN SHIPYARD LIMITED,H
CONTI,SM,CONTINENTAL SEED CHEM LTD,H
CREATIVEYE,BE,CREATIVE EYE LIMITED,H
CYBERMEDIA,EQ,CYBER MEDIA (INDIA) LTD.,H
DCI,BE,DC INFOTECH AND COMUN LTD,H
DCMNVL,BE,DCM NOUVELLE LIMITED,H
DGCONTENT,BE,DIGICONTENT LIMITED,H
DYNAMIC,SM,DYNAMIC SRVCS & SEC LTD,H
EFFWA,ST,EFFWA INFRA & RESEARCH L,H
EIMCOELECO,BE,EIMCO ELECON (INDIA) LTD,H
ELECTHERM,BE,ELECTROTHERM (I) LTD.,H
ELGIRUBCO,BE,ELGI RUBBER CO. LTD,H
ENSER,SM,ENSER COMMUNICATIONS LTD,H
ESCONET,ST,ESCONET TECHNOLOGIES LTD,H
EXCEL,BE,EXCEL REALTY N INFRA LTD,H
FELDVR,BE,FUTURE ENTERPRISES LTD,H
FLEXITUFF,EQ,FLEXITUFF VENTURES INT L,H
GALLANTT,BE,GALLANTT ISPAT LIMITED,H
GANGOTRI,BZ,GANGOTRI TEXTILES LTD.,H
GATECH,EQ,GACM TECHNOLOGIES LIMITED,H
GAYAHWS,BE,GAYATRI HIGHWAYS LIMITED,H
GFSTEELS,BE,GRAND FOUNDRY LTD,H
GGBL,ST,GANESH GREEN BHARAT LTD,H
GLOBALVECT,BE,GLOBAL VEC HELICORP LTD,H
GMRP&UI,EQ,GMR POW AND URBAN INFRA L,H
GRETEX,ST,GRETEX INDUSTRIES LTD.,H
GRSE,EQ,GARDEN REACH SHIP&ENG LTD,H
GTL,BE,GTL LTD,H
GTLINFRA,EQ,GTL INFRA.LTD,H
GUJRAFFIA,EQ,GUJARAT RAFFIA INDUST LTD,H
HEXATRADEX,EQ,HEXA TRADEX LIMITED,H
HINDMOTORS,EQ,HINDUSTAN MOTORS LIMITED,H
IFBAGRO,BE,IFB AGRO INDUSTRIES LTD,H
IMPEXFERRO,BE,IMPEX FERRO TECH LIMITED,H
INCREDIBLE,EQ,INCREDIBLE INDUSTRIES LTD,H
INVENT-RE,BE,INVENTURE GRO & SEC LTD,H
JITFINFRA,EQ,JITF INFRALOGISTICS LTD,H
KCEIL,ST,KAY CEE ENERGY & INFRA L,H
KDL,ST,KORE DIGITAL LIMITED,H
KEYFINSERV,EQ,KEYNOTE FIN SERV LTD.,H
KONTOR,SM,KONTOR SPACE LIMITED,H
KRIDHANINF,BE,KRIDHAN INFRA LIMITED,H
KRITIKA,EQ,KRITIKA WIRES LIMITED,H
KSHITIJPOL,BE,KSHITIJ POLYLINE LIMITED,H
LAGNAM,EQ,LAGNAM SPINTEX LIMITED,H
MAITREYA,SM,MAITREYA MEDICARE LIMITED,H
MANAKCOAT,BE,MAN COAT METAL & IND LTD,H
MICEL,BE,MIC ELECTRONICS LTD,H
MIRCELECTR,EQ,MIRC ELECTRONICS LTD,H
MTNL,EQ,MAHANAGAR TELEPHONE NIGAM,H
NBIFIN,BE,N.B.I. IND. FIN. CO. LTD,H
NIRMAN,ST,NIRMAN AGRI GENTICS LTD,H
OMAXE,BE,OMAXE LIMITED,H
OMKARCHEM,BZ,OMKAR SPL CHEM LTD,H
ONELIFECAP,BE,ONELIFE CAP ADVISORS LTD,H
OWAIS,SM,OWAIS METAL & MINERAL,H
PARAS,BE,PARAS DEF AND SPCE TECH L,H
PARIN,SM,PARIN FURNITURE LIMITED,H
PASHUPATI,SM,PASHUPATI COTSPIN LIMITED,H
PCJEWELLER,EQ,PC JEWELLER LTD,H
PFOCUS,BE,PRIME FOCUS LIMITED,H
PIGL,BE,POWER INSTRUMENT (G) LTD,H
PKTEA,BE,THE P K TEA PROD CO LTD,H
PRAKASHSTL,BE,PRAKASH STEELAGE LTD,H
PRAXIS,BE,PRAXIS HOME RETAIL LTD,H
PRITIKA,SM,PRITIKA ENG COMPO LTD,H
PRIZOR,ST,PRIZOR VIZTECH LIMITED,H
QUADPRO,SM,QUADPRO ITES LIMITED,H
RAJVIR,BZ,RAJVIR INDUSTRIES LIMITED,H
RELIABLE,EQ,RELIABLE DATA SERVICE LTD,H
RICHA,SM,RICHA INFO SYSTEMS LTD,H
RILINFRA,ST,RACHANA INFRA LTD,H
RSSOFTWARE,BE,R. S. SOFTWARE (INDIA) LI,H
RUCHINFRA,EQ,RUCHI INFRASTRUCTURE LTD,H
S&SPOWER,BE,S&S POWER SWITCHGEARS,H
SADBHAV,EQ,SADBHAV ENGINEERING LTD,H
SADBHIN,EQ,SADBHAV INFRA PROJ LTD.,H
SAHAJSOLAR,ST,SAHAJ SOLAR LIMITED,H
SAHANA,SM,SAHANA SYSTEM LIMITED,H
SAMBHAAV,EQ,SAMBHAAV MEDIA LTD,H
SATIPOLY,ST,SATI POLY PLAST LIMITED,H
SECL,SM,SALASAR EXTERIOR CONT LTD,H
SECURKLOUD,EQ,SECUREKLOUD TECH LIMITED,H
SERVOTECH,EQ,SERVOTECH POWER SYS LTD.,H
SHAKTIPUMP,BE,SHAKTI PUMPS (I) LTD,H
SHUBHLAXMI,SM,SHUBHLAXMI JEWEL ART LTD,H
SITINET,BE,SITI NETWORKS LIMITED,H
SJLOGISTIC,SM,S J LOGISTICS (INDIA) LTD,H
SKIL,BZ,SKIL INFRASTRUCTURE LTD.,H
SOLARA,BE,SOLARA ACTIVE PHA SCI LTD,H
SOLARAPP,X1,SOLAR ACT RS.3.50 PPD UP,H
SOLEX,SM,SOLEX ENERGY LIMITED,H
SPORTKING,EQ,SPORTKING INDIA LIMITED,H
SPRL,ST,SP REFRACTORIES LIMITED,H
SUMEETINDS,EQ,SUMEET IND LIMITED,H
SUPERSPIN,EQ,SUPER SPINNING MILLS LTD,H
SURANAT&P,BE,SURANA TELECOM AND POW LT,H
SUULD,BE,SUUMAYA INDUSTRIES LTD,H
SUVEN,EQ,SUVEN LIFE SCIENCES LTD,H
SYLVANPLY,SM,SYLVAN PLYBOARD (INDIA) L,H
TARC,BE,TARC LIMITED,H
TECHNOE,BE,TECHNO ELEC & ENG CO. LTD,H
TECILCHEM,BE,TECIL CHEMICALS,H
TGL,ST,TEERTH GOPICON LIMITED,H
TPHQ,BE,TEAMO PRODUCTIONS HQ LTD,H
UEL,BE,UJAAS ENERGY LIMITED,H
UMESLTD,BE,USHA MARTIN EDU & SOL LTD,H
UNIVAFOODS,BE,UNIVA FOODS LIMITED,H
VASA,ST,VASA RETAIL & OVERSEA LTD,H
VEEKAYEM,SM,VEEKAYEM FASH & APP LTD,H
VERANDA,BE,VERANDA LEARNING SOL LTD,H
VHLTD,BE,VICEROY HOTELS LIMITED,H
VISESHINFO,BZ,VISESH INFOTECNICS LTD,H
WALCHANNAG,EQ,WALCHANDNAGAR INDUSTRIES,H
WANBURY,EQ,WANBURY LIMITED,H
WEWIN,BE,WE WIN LIMITED,H
WINSOME,BE,WINSOME YARNS LIMITED,H
WOCKPHARMA,BE,WOCKHARDT LIMITED-DEPO,H
WOMANCART,ST,WOMANCART LIMITED,H
AAKASH,BE,AAKASH EXPLORATION SER L,L
ABMINTLLTD,BE,ABM INTERNATIONAL LTD,L
ACCORD,SM,ACCORD SYNERGY LIMITED,L
AKANKSHA,ST,AKANKSHA POWER N INFRA L,L
AMBEY,ST,AMBEY LABORATORIES LTD,L
AMJLAND,BE,AMJ LAND HOLDINGS LIMITED,L
ANLON,ST,ANLON TECHNOLOGY SOL LTD,L
ANSALAPI,BZ,ANSAL PROP & INFRA LTD,L
ARSHIYA,BE,ARSHIYA LIMITED,L
ASMS,EQ,BARTRONICS INDIA LIMITED,L
BCG,BZ,BRIGHTCOM GROUP LIMITED,L
BGLOBAL,BZ,BHARATIYA GLOBAL INFO LTD,L
BIRDYS,ST,GRILL SPLENDOUR SER LTD,L
BKMINDST,BZ,BKM INDUSTRIES LIMITED,L
BOHRAIND,BZ,BOHRA INDUSTRIES LIMITED,L
BPL,BE,BPL LTD,L
CENTEXT,EQ,CENTURY EXTRUSIONS LTD,L
CGRAPHICS,SM,CREATIVE GRAPHICS S IND L,L
CMICABLES,BZ,CMI LIMITED,L
CMMIPL,ST,CMM INFRAPROJECTS LIMITED,L
COMPINFO,BZ,COMPUAGE INFOCOM LTD,L
CPS,SM,C P S SHAPERS LIMITED,L
CROWN,BE,CROWN LIFTERS LIMITED,L
CTE,BE,CAMBRIDGE TECH ENTER LTD,L
DCI,BE,DC INFOTECH AND COMUN LTD,L
DESTINY,SM,DESTINY LOGISTICS & I LTD,L
DGCONTENT,BE,DIGICONTENT LIMITED,L
DHTL,SM,DOCMODE HEALTH TECH LTD,L
DRONE,ST,DRONE DESTINATION LIMITED,L
DUCOL,ST,DUCOL ORGS AND COLOURS LT,L
DUCON,BE,DUCON INFRATECHNOLOGIES L,L
DYNAMIC,SM,DYNAMIC SRVCS & SEC LTD,L
ESSARSHPNG,BE,ESSAR SHIPPING LTD,L
FCONSUMER,BE,FUTURE CONSUMER LIMITED,L
FEL,BZ,FUTURE ENTERPRISES LTD,L
FELDVR,BE,FUTURE ENTERPRISES LTD,L
FELIX,SM,FELIX INDUSTRIES LTD.,L
FRETAIL,BZ,FUTURE RETAIL LIMITED,L
FROG,SM,FROG CELLSAT LIMITED,L
FSC,BZ,FUTURE SUPP CHAIN SOL LTD,L
GAYAHWS,BE,GAYATRI HIGHWAYS LIMITED,L
GET&D,BE,GE T&D INDIA LIMITED,L
GGBL,ST,GANESH GREEN BHARAT LTD,L
GICL,SM,GLOBE INTL CARRIERS LTD,L
GIRIRAJ,SM,GIRIRAJ CIVIL DEVP LTD,L
GKWLIMITED,EQ,GKW LIMITED,L
GOENKA,BZ,GOENKA DIAMOND&JEWELS LTD,L
GPTINFRA,BE,GPT INFRAPROJECTS LTD,L
GRAPHISAD,SM,GRAPHISADS LIMITED,L
GRETEX,ST,GRETEX INDUSTRIES LTD.,L
GVKPIL,BE,GVK POW. & INFRA LTD.,L
HDIL,BZ,HOUSING DEV & INFRA LTD,L
HINDNATGLS,BE,HIND NATL GLASS & IND LTD,L
HMT,BZ,HMT LTD -,L
HOMESFY,SM,HOMESFY REALTY LIMITED,L
INDOTECH,EQ,INDO TECH TRANSFORM LTD.,L
INDOWIND,BE,INDOWIND ENERGY LTD,L
INFOMEDIA,BE,INFOMEDIA PRESS LIMITED,L
INSPIRISYS,EQ,INSPIRISYS SOLUTIONS LTD,L
INTENTECH,BE,INTENSE TECHNOLOGIES LTD,L
ISHAN,SM,ISHAN INTERNATIONAL LTD,L
JALAN,SM,JALAN TRANSOLU. INDIA LTD,L
JFLLIFE,ST,JFL LIFE SCIENCES LIMITED,L
JPASSOCIAT,BE,JAIPRAKASH ASSOCIATES LTD,L
K2INFRA,ST,K2 INFRAGEN LIMITED,L
KARMAENG,EQ,KARMA ENERGY LIMITED,L
KEEPLEARN,BE,DSJ KEEP LEARNING LTD,L
KODYTECH,SM,KODY TECHNOLAB LIMITED,L
KPIGREEN,EQ,KPI GREEN ENERGY LIMITED,L
KRISHCA,ST,KRISHCA STRAPPING SLTN L,L
LAKPRE,BZ,LAKSHMI PRE SCRE LTD,L
LGHL,EQ,LAXMI GOLDORNA HOUSE LTD,L
LPDC,BE,LANDMARK PR.DEV.CO.LTD,L
MACPOWER,BE,MACPOWER CNC MACHINES LTD,L
MANORG,EQ,MANGALAM ORGANICS LIMITED,L
MARINE,BE,MARINE ELECTRICAL (I) LTD,L
MASKINVEST,BE,MASK INVESTMENTS LIMITED,L
MCON,ST,MCON RASAYAN INDIA LTD,L
MICEL,BE,MIC ELECTRONICS LTD,L
MILTON,SM,MILTON INDUSTRIES LIMITED,L
MOHITIND,BE,MOHIT INDUSTRIES LTD,L
MORARJEE,BE,MORARJEE TEXTILES LIMITED,L
NAGREEKCAP,BE,NAGREEKA CAP & INFR.LTD,L
NEPHROCARE,SM,NEPHRO CARE INDIA LIMITED,L
NTL,BE,NEUEON TOWERS LIMITED,L
OCCL,BE,ORIENTAL CARBN & CHEM LTD,L
ONEPOINT,EQ,ONE POINT ONE SOL LTD,L
ORTEL,BZ,ORTEL COMMUNICATIONS LTD,L
PALREDTEC,BE,PALRED TECHNOLOGIES LTD,L
PARAS,BE,PARAS DEF AND SPCE TECH L,L
PARASPETRO,BE,PARAS PETROFILS LTD.,L
PARIN,SM,PARIN FURNITURE LIMITED,L
PERFECT,SM,PERFECT INFRAENGINEER LTD,L
PRAXIS,BE,PRAXIS HOME RETAIL LTD,L
PREMEXPLN,BE,PREMIER EXPLOSIVES LTD,L
PREMIER,BE,PREMIER LIMITED,L
QUINTEGRA,BE,QUINTEGRA SOLUTIONS LTD.,L
RADAAN,BE,RADAAN MEDIAWORKS (I) LTD,L
RAJTV,BE,RAJ TV NETWORK LTD,L
RAYMOND,BE,RAYMOND - DEP SETT,L
RBMINFRA,SM,RBM INFRACON LIMITED,L
RCOM,BE,RELIANCE COMMUNICATIONS L,L
REFRACTORY,ST,REFRACTORY SHAPES LIMITED,L
RILINFRA,ST,RACHANA INFRA LTD,L
RKEC,BE,RKEC PROJECTS LIMITED,L
ROLLT,BE,ROLLATAINERS LIMITED,L
ROLTA,BZ,ROLTA INDIA LTD,L
SABAR,SM,SABAR FLEX INDIA LIMITED,L
SAGARDEEP,EQ,SAGARDEEP ALLOYS LIMITED,L
SAMPANN,BE,SAMPANN UTPADAN INDIA LTD,L
SANCO,BZ,SANCO INDUSTRIES LIMITED,L
SANWARIA,BZ,SANWARIA CONSUMER LIMITED,L
SECL,SM,SALASAR EXTERIOR CONT LTD,L
SECURCRED,BE,SECUR CREDENTIALS LIMITED,L
SETUINFRA,BZ,SETUBANDHAN INFRA LTD,L
SHREEKARNI,ST,SHREE KARNI FABCOM LTD,L
SHRENIK,BE,SHRENIK LIMITED,L
SICALLOG,BE,SICAL LOGISTICS LIMITED,L
SIDDHIKA,SM,SIDDHIKA COATINGS LIMITED,L
SIMBHALS,BE,SIMBHAOLI SUGARS LTD.,L
SIMPLEXINF,EQ,SIMPLEX INFRASTRUCTURES L,L
SKIL,BZ,SKIL INFRASTRUCTURE LTD.,L
SONUINFRA,ST,SONU INFRATECH LIMITED,L
SOTAC,ST,SOTAC PHARMACEUTICALS LTD,L
SPRL,ST,SP REFRACTORIES LIMITED,L
SUPREMEPWR,ST,SUPREME POWER EQUIPMENT L,L
SURANASOL,EQ,SURANA SOLAR LIMITED,L
TBI,ST,TBI CORN LIMITED,L
TECHIN,BE,TECHINDIA NIRMAN LIMITED,L
TGL,ST,TEERTH GOPICON LIMITED,L
TIJARIA,BE,TIJARIA POLYPIPES LTD,L
TPHQ,BE,TEAMO PRODUCTIONS HQ LTD,L
TRIL,BE,TRANS & RECTI. LTD,L
TRUST,ST,TRUST FINTECH LIMITED,L
UMANGDAIRY,BE,UMANG DAIRIES LIMITED,L
VASA,ST,VASA RETAIL & OVERSEA LTD,L
VCL,BE,VAXTEX COTFAB LIMITED,L
VEEKAYEM,SM,VEEKAYEM FASH & APP LTD,L
VERTOZ,BE,VERTOZ ADVERTISING LTD,L
VILAS,ST,VILAS TRANSCORE LIMITED,L
VISASTEEL,BE,VISA STEEL LIMITED,L
VISHNUINFR,SM,VISHNUSURYA PROJ N INFR L,L
VITAL,ST,VITAL CHEMTECH LIMITED,L
VIVIANA,ST,VIVIANA POWER TECH LTD,L
VMARCIND,SM,V MARC INDIA LIMITED,L
WINSOME,BE,WINSOME YARNS LIMITED,L
ZENITHSTL,BE,ZENITH STEEL PIP IND LTD,L
