GAIN_LOSS,SECURITY,CLOSE_PRIC,PREV_CL_PR,PERCENT_CG
 ,Nifty 50 Sec., , , 
 , , , , 
G,GRASIM INDUSTRIES LTD,      2811.55,      2743.00,2.5
G,NTPC LTD,       373.50,       364.65,2.43
G,ULTRATECH CEMENT LIMITED,     11515.70,     11258.30,2.29
G,HDFC BANK LTD,      1642.55,      1607.30,2.19
G,DR. REDDY S LABORATORIES,      6770.90,      6636.00,2.03
G,MAHINDRA & MAHINDRA LTD,      2804.75,      2749.30,2.02
G,POWER GRID CORP. LTD.,       338.60,       332.20,1.93
G,TATA STEEL LIMITED,       160.32,       157.77,1.62
G,BHARAT PETROLEUM CORP  LT,       308.25,       303.80,1.46
G,TATA CONSUMER PRODUCT LTD,      1204.80,      1188.00,1.41
G,HINDALCO  INDUSTRIES  LTD,       672.30,       663.00,1.4
G,TATA MOTORS LIMITED,      1003.15,       990.00,1.33
G,SUN PHARMACEUTICAL IND L,      1587.35,      1568.65,1.19
G,INFOSYS LIMITED,      1810.85,      1792.95,1
G,MARUTI SUZUKI INDIA LTD.,     12641.25,     12524.30,.93
G,LARSEN & TOUBRO LTD.,      3651.45,      3618.50,.91
G,COAL INDIA LTD,       491.20,       488.00,.66
G,HERO MOTOCORP LIMITED,      5463.15,      5427.70,.65
G,SHRIRAM FINANCE LIMITED,      2827.40,      2810.85,.59
G,OIL AND NATURAL GAS CORP.,       320.80,       319.65,.36
G,DIVI S LABORATORIES LTD,      4534.80,      4519.80,.33
G,APOLLO HOSPITALS ENTER. L,      6402.15,      6381.95,.32
G,HINDUSTAN UNILEVER LTD.,      2735.30,      2727.00,.3
G,CIPLA LTD,      1490.00,      1485.50,.3
G,TECH MAHINDRA LIMITED,      1495.55,      1491.40,.28
G,BAJAJ AUTO LIMITED,      9409.70,      9386.05,.25
G,BHARTI AIRTEL LIMITED,      1465.40,      1461.75,.25
G,HDFC LIFE INS CO LTD,       637.40,       635.90,.24
G,BRITANNIA INDUSTRIES LTD,      5887.85,      5877.95,.17
G,EICHER MOTORS LTD,      4857.35,      4850.70,.14
 , , , , 
L,WIPRO LTD,       505.80,       557.20,-9.22
L,KOTAK MAHINDRA BANK LTD,      1757.55,      1821.60,-3.52
L,RELIANCE INDUSTRIES LTD,      3001.35,      3110.30,-3.5
L,ITC LTD,       466.55,       474.55,-1.69
L,SBI LIFE INSURANCE CO LTD,      1621.15,      1647.70,-1.61
L,STATE BANK OF INDIA,       876.80,       889.35,-1.41
L,HCL TECHNOLOGIES LTD,      1577.10,      1594.55,-1.09
L,LTIMINDTREE LIMITED,      5718.35,      5762.75,-0.77
L,AXIS BANK LIMITED,      1282.50,      1292.35,-0.76
L,BAJAJ FINANCE LIMITED,      6884.25,      6932.30,-0.69
L,INDUSIND BANK LIMITED,      1423.40,      1432.45,-0.63
L,ICICI BANK LTD.,      1241.15,      1248.65,-0.6
L,BAJAJ FINSERV LTD.,      1631.15,      1640.25,-0.55
L,NESTLE INDIA LIMITED,      2587.30,      2597.85,-0.41
L,ASIAN PAINTS LIMITED,      2934.30,      2946.05,-0.4
L,TATA CONSULTANCY SERV LT,      4287.35,      4302.40,-0.35
L,ADANI ENTERPRISES LIMITED,      3000.85,      3005.70,-0.16
L,TITAN COMPANY LIMITED,      3254.45,      3259.00,-0.14
L,ADANI PORT & SEZ LTD,      1467.35,      1469.30,-0.13
L,JSW STEEL LIMITED,       888.55,       889.45,-0.1
 , , , , 
 ,Nifty Next 50 Sec., , , 
 , , , , 
G,HINDUSTAN AERONAUTICS LTD,      4997.25,      4800.25,4.1
G,REC LIMITED,       618.80,       598.40,3.41
G,TORRENT PHARMACEUTICALS L,      3029.80,      2946.35,2.83
G,BAJAJ HOLDINGS & INVS LTD,      9979.00,      9714.35,2.72
G,SIEMENS LTD,      7023.15,      6850.20,2.52
G,TATA POWER CO LTD,       424.05,       414.15,2.39
G,SHREE CEMENT LIMITED,     27919.80,     27284.15,2.33
G,POWER FIN CORP LTD.,       544.60,       533.70,2.04
G,VEDANTA LIMITED,       448.75,       439.80,2.04
G,BHARAT ELECTRONICS LTD,       312.30,       306.30,1.96
G,DLF LIMITED,       831.90,       816.40,1.9
G,INDIAN RAIL TOUR CORP LTD,      1006.25,       989.10,1.73
G,CANARA BANK,       114.76,       112.89,1.66
G,INDIAN OIL CORP LTD,       168.19,       165.49,1.63
G,INFO EDGE (I) LTD,      6929.65,      6827.60,1.49
G,PUNJAB NATIONAL BANK,       118.16,       116.51,1.42
G,GAIL (INDIA) LTD,       222.87,       219.76,1.42
G,LIFE INSURA CORP OF INDIA,      1123.70,      1108.25,1.39
G,AMBUJA CEMENTS LTD,       687.10,       677.90,1.36
G,INTERGLOBE AVIATION LTD,      4336.55,      4281.40,1.29
G,SBI CARDS & PAY SER LTD,       727.75,       718.60,1.27
G,ABB INDIA LIMITED,      7716.95,      7620.50,1.27
G,ZOMATO LIMITED,       221.66,       218.89,1.27
G,GODREJ CONSUMER PRODUCTS,      1470.15,      1451.90,1.26
G,SRF LTD,      2367.55,      2342.60,1.07
G,BANK OF BARODA,       253.00,       250.60,0.96
G,TVS MOTOR COMPANY  LTD,      2426.10,      2404.55,0.9
G,ZYDUS LIFESCIENCES LTD,      1154.55,      1144.45,0.88
G,TRENT LTD,      5210.20,      5166.35,0.85
G,ICICI LOMBARD GIC LIMITED,      1896.30,      1881.40,0.79
 , , , , 
L,CHOLAMANDALAM IN & FIN CO,      1403.35,      1426.70,-1.64
L,ICICI PRU LIFE INS CO LTD,       633.80,       643.40,-1.49
L,SAMVRDHNA MTHRSN INTL LTD,       190.24,       192.20,-1.02
L,INDIAN RAILWAY FIN CORP L,       204.58,       205.77,-0.58
L,ADANI GREEN ENERGY LTD,      1715.25,      1723.30,-0.47
L,ADANI TOTAL GAS LIMITED,       886.10,       888.50,-0.27
L,MARICO LIMITED,       668.05,       668.65,-0.09
 , , , , 
 ,OTHER SECURITIES, , , 
 , , , , 
G,SUMEET IND LIMITED,         3.55,         2.96,19.93
G,NORTH EAST CARRY CORP LTD,        41.94,        35.97,16.6
G,BAWEJA STUDIOS LIMITED,        86.10,        74.35,15.8
G,SPORTKING INDIA LIMITED,      1156.40,      1002.60,15.34
G,AKME FINTRADE (INDIA) LTD,       108.68,        94.61,14.87
G,ANTONY WASTE HDG CELL LTD,       668.75,       589.25,13.49
G,BCL INDUSTRIES LIMITED,        60.39,        53.75,12.35
G,CROP LIFE SCIENCE LIMITED,        50.20,        44.90,11.8
G,ARIHANT ACADEMY LIMITED,       147.00,       131.50,11.79
G,SONAM LIMITED,        51.58,        46.20,11.65
G,NITIN SPINNERS LIMITED,       430.45,       387.00,11.23
G,ALL E TECHNOLOGIES LTD,       344.70,       311.15,10.78
G,NATIONAL FERT. LTD,       159.93,       145.26,10.1
G,KEYNOTE FIN SERV LTD.,       279.24,       253.86,10
G,MAHANAGAR TELEPHONE NIGAM,        76.25,        69.32,10
G,BARAK VALLEY CEM. LTD.,        69.72,        63.39,9.99
G,GUJARAT RAFFIA INDUST LTD,        58.82,        53.48,9.99
G,INCREDIBLE INDUSTRIES LTD,        45.17,        41.07,9.98
G,CYBER MEDIA (INDIA) LTD.,        28.77,        26.16,9.98
G,SYLVAN PLYBOARD (INDIA) L,       120.80,       109.85,9.97
G,RASHTRIYA CHEMICALS & FER,       235.03,       214.03,9.81
G,RUCHI INFRASTRUCTURE LTD,        15.91,        14.50,9.72
G,R.P.P INFRA PROJECTS LTD,       170.43,       155.66,9.49
G,MASON INFRATECH LIMITED,       162.55,       149.45,8.77
G,GRAVITA INDIA LIMITED,      1449.00,      1332.35,8.76
G,ARIES AGRO LTD.,       287.60,       264.70,8.65
G,NETWORK PEOPLE SRV TECH L,      2179.35,      2008.85,8.49
G,VMART RETAIL LTD,      3466.55,      3201.65,8.27
G,KAMDHENU VENTURES LIMITED,        41.00,        37.89,8.21
G,NAHAR SPINNING MILLS LTD.,       320.90,       297.05,8.03
 , , , , 
L,NEPHRO CARE INDIA LIMITED,       250.50,       278.30,-9.99
L,SAGARDEEP ALLOYS LIMITED,        32.94,        36.37,-9.43
L,KSOLVES INDIA LIMITED,      1097.80,      1208.40,-9.15
L,JALAN TRANSOLU. INDIA LTD,         3.05,         3.35,-8.96
L,A B INFRABUILD LIMITED,        52.15,        56.95,-8.43
L,BEACON TRUSTEESHIP LTD,       117.75,       128.10,-8.08
L,SEC RE NCD SR III,       911.30,       989.60,-7.91
L,AARTI SURFACTANTS LIMITED,       642.00,       696.10,-7.77
L,RBM INFRACON LIMITED,       508.15,       549.20,-7.47
L,SEC RED NCD 9.85% SR. VII,       934.75,      1005.00,-6.99
L,JHS SVENDGAARD RETAIL V L,        50.90,        54.71,-6.96
L,INVENTURE GRO & SEC LTD,         2.92,         3.13,-6.71
L,TEJAS NETWORKS LIMITED,      1312.75,      1405.20,-6.58
L,SEC RE NCD 7.90% STRPP C,       411.00,       439.00,-6.38
L,THE PHOENIX MILLS LTD,      3723.00,      3961.85,-6.03
L,KREBS BIOCHEMICALS & IND,       104.20,       110.88,-6.02
L,MOTILALAMC - MONQ50,        73.41,        78.02,-5.91
L,CINELINE INDIA LIMITED,       125.58,       133.41,-5.87
L,2.50%GOLDBONDS2026SR-III,      7550.00,      7983.00,-5.42
L,AKG EXIM LIMITED,        22.85,        24.14,-5.34
L,BAID FINSERV LIMITED,        16.42,        17.34,-5.31
L,UCAL LIMITED,       155.17,       163.48,-5.08
L,CENTURY EXTRUSIONS LTD,        25.86,        27.23,-5.03
L,ACCORD SYNERGY LIMITED,        30.25,        31.85,-5.02
L,KARMA ENERGY LIMITED,        87.29,        91.89,-5.01
L,INSPIRISYS SOLUTIONS LTD,       137.01,       144.23,-5.01
L,SIDDHIKA COATINGS LIMITED,       160.40,       168.85,-5
L,GRILL SPLENDOUR SER LTD,        72.15,        75.95,-5
L,SURANA SOLAR LIMITED,        41.22,        43.39,-5
L,DOCMODE HEALTH TECH LTD,       110.20,       116.00,-5
