SECURITY,NEW,PREVIOUS,NEW_STATUS
ALMONDZ GLOBAL SEC LTD,175.6,168.04,H
BAJAJ HOLDINGS & INVS LTD,10075,9980,H
ORIENT CEMENT LTD.,339,332.9,H
2.50%GOLDBONDS2027SR-VI,7900,7850,H
2.50%GOLDBONDS2029SR-IV,7930,7917.99,H
SBI-ETF NIFTY 50,264.82,261.25,H
2.5%GOLDBONDS2028SR-III,7999.99,7999,H
2.50%GOLDBONDS2026SR-XIV,8000,7725,H
ICICIPRAMC - ICICI10GS,234.45,233.5,H
ICICIPRAMC - ICICITECH,46.97,43.46,H
UMANG DAIRIES LIMITED,137.17,49.95,H
GUJARAT RAFFIA INDUST LTD,58.82,53.48,H
INFOLLION RESEARCH SER L,273,272,H
SKIL INFRASTRUCTURE LTD.,6.95,6.62,H
COLGATE PALMOLIVE LTD.,3171.45,3155,H
2.50%GOLDBONDS2026SR-I,7999.99,7800,H
2.50%GOLDBONDS2028SR-VI,7967,7949.99,H
2.50%GOLDBONDS2029SR-XII,7900.9,7900,H
2.75% GOLDBONDS2024TR-V,7564.9,7550,H
2.5%GOLDBONDS2028SR-VIII,8000,7985,H
MMP INDUSTRIES LIMITED,332.9,323.2,H
MOTILALAMC - MOVALUE,112.9,111,H
LE MERITE EXPORTS LIMITED,166.5,158.9,H
VL E GOV AND IT SOL LTD,94.5,90.87,H
SEC RE NCD 7.60% SR.II,996,980,H
GRP LIMITED,15450,15100,H
GRETEX INDUSTRIES LTD.,144.35,140.35,H
RELIABLE DATA SERVICE LTD,74.95,71.4,H
PANAMA PETROCHEM LTD,434.15,433.05,H
2.50%GOLDBONDS2028SR-VII,7924,7900,H
BANDHANAMC - IDFNIFTYET,272.65,271.5,H
INNOVA CAPTAB LIMITED,598.3,588,H
IRIS BUSINESS SERV LTD,274.93,232.65,H
EFFWA INFRA & RESEARCH L,208.6,198.7,H
2.50%GOLDBONDS2027SR-VI,7904,7804,H
2.50%GOLDBONDS2028SR-V,8140,8000,H
2.5%GOLDBONDS2029SR-I,7998,7949,H
MOTILALAMC - MONQ50,92.65,78.02,H
LAGNAM SPINTEX LIMITED,175.76,148.65,H
SUPREME ENGINEERING LTD,1.7,1.67,H
WONDER ELECTRICALS LTD,1270,1259.7,H
UJAAS ENERGY LIMITED,303.2,288.77,H
SHRIRAM - LIQUIDSHRI,1003.4,1002.89,H
SEC RE NCD 10.75% SR II,1087.48,1022.9,H
THE INDIA CEMENTS LIMITED,358.7,354.35,H
EIMCO ELECON (INDIA) LTD,3037.75,3037,H
INDO TECH TRANSFORM LTD.,2189,1819.5,H
ANTONY WASTE HDG CELL LTD,699,636.8,H
2.50%GOLDBONDS2028SR-X,7900,7899,H
CMS INFO SYSTEMS LIMITED,547.7,536.9,H
SHEKHAWATI POLY-YARN LTD.,5.73,5.62,H
KAVVERI TEL. LTD.,28.92,28.36,H
SEC RE NCD 9.35% SR VI,1015,1012,H
SEC RE NCD 9.30% SR.I,1027.8,1025.8,H
INVENTURE GRO & SEC LTD,1.08,0.9,H
RKEC PROJECTS LIMITED,148.5,143.17,H
SAHAJ SOLAR LIMITED,377.05,359.1,H
OMAXE LIMITED,131.14,130.95,H
POWER MECH PROJECTS LTD.,6189.95,6118,H
2.50%GOLDBONDS2029SR-VIII,7988.99,7960,H
SGB2.50%JUL2025SR-II17-18,7894,7890,H
LCC INFOTECH LTD,5.15,5.05,H
INTENSE TECHNOLOGIES LTD,164,147.75,H
WELSPUN LIVING LIMITED,182,178.79,H
TAX FREE7.39% SR.IB,1050,1045,H
GOI TBILL 182D-07/11/24,97.8,97.74,H
SEC RE NCD 9.05% SR.I,1058.2,1050,H
VICEROY HOTELS LIMITED,133.07,126.74,H
SEC RE NCD SR.III,1132,1120,H
GOI TBILL 364D-08/05/25,94.31,94.2,H
GLENMARK PHARMACEUTICALS,1436.65,1427,H
2.50%GOLDBONDS2027SR-III,8200,8090,H
2.50%GOLDBONDS2029SR-IX,7919.99,7900,H
HUBTOWN LIMITED,200,195.74,H
QUICK HEAL TECH LTD,662,633.3,H
KONTOR SPACE LIMITED,143.1,136.3,H
KOTAKMAMC - KOTAKCONS,123,116.41,H
ESCONET TECHNOLOGIES LTD,319.7,318.75,H
GANESH GREEN BHARAT LTD,483.65,460.65,H
TEERTH GOPICON LIMITED,449.65,436,H
ALL E TECHNOLOGIES LTD,361.4,335.4,H
SEC RE NCD 10.03% SR V,1015,1014,H
KORE DIGITAL LIMITED,1671.05,1646,H
AKIKO GLOBAL SERVICES L,85.5,80,H
MASON INFRATECH LIMITED,172.9,164,H
SEC RE NCD 10.75% SR XI,1025,1000,H
NATIONAL FERT. LTD,165.33,162.78,H
NITIN SPINNERS LIMITED,442.85,417.6,H
RPG LIFE SCIENCES LTD,2066,1995,H
ALEMBIC PHARMA LTD,1165,1145,H
2.50%GOLDBONDS2025SR-XIII,8030,7750,H
DODLA DAIRY LIMITED,1346.1,1238,H
BLUE CHIP INDIA LIMITED,5.48,5.38,H
SPORTKING INDIA LIMITED,1203.1,1140.35,H
SRI ADHIKARI BRO TELE N L,326.17,319.78,H
SEC RE NCD 9.48% SR V,1008,1000,H
WOMANCART LIMITED,266.8,254.1,H
SEC RE NCD SR.V,1226.45,1224.55,H
BRIGHTCOM GROUP LIMITED,7.62,8.03,L
RAJSHREE POLYPACK LTD,69.42,70,L
ATAL REALTECH LIMITED,6.71,6.85,L
GLOSTER LIMITED,790,799.9,L
DIGIDRIVE DISTRIBUTORS L,32.32,32.97,L
SEC RE NCD 8.75% SR.III,952.21,960.8,L
ZENITH EXPORTS LTD,308.8,315.1,L
GACM TECHNOLOGIES LIMITED,2.39,2.95,L
DOCMODE HEALTH TECH LTD,110.2,114.55,L
MEP INFRA. DEVELOPERS LTD,6.39,6.5,L
VITAL CHEMTECH LIMITED,90.65,95.4,L
EMCURE PHARMACEUTICALS L,1305.2,1325.05,L
SHRADHA INFRAPROJECTS LTD,137.4,140.21,L
SEC RE NCD 7.60% SR.II,871,945.25,L
DURLAX TOP SURFACE LTD,74,74.6,L
AMBEY LABORATORIES LTD,79.5,83.65,L
MIRAEAMC - EVINDIA,32,32.26,L
SALASAR TECHNO ENGG. LTD.,17.29,17.55,L
MAITREYA MEDICARE LIMITED,111,113.85,L
VINNY OVERSEAS LIMITED,3.97,4,L
IRIS CLOTHINGS LIMITED,61.67,62.1,L
NANDANI CREATION LIMITED,39.02,39.82,L
KBC GLOBAL LIMITED,1.82,1.85,L
GRILL SPLENDOUR SER LTD,72.15,75.95,L
RACHANA INFRA LTD,56.55,59.5,L
PTC INDUSTRIES LIMITED,13150,13530.45,L
SURAJ ESTATE DEVELOPERS L,550,560,L
DANGEE DUMS LIMITED,7.14,7.25,L
BAID FINSERV LIMITED,16.25,16.88,L
HOAC FOODS INDIA LIMITED,140.2,150,L
FALCON TECHNOPROJ IND LTD,70,70.2,L
DIENSTEN TECH LIMITED,193,193.05,L
VISAMAN GLOBAL SALES LTD,37.6,38,L
SWASTIK PIPE LIMITED,66.4,66.5,L
JNK INDIA LIMITED,702.85,735.9,L
AKSHAR SPINTEX LIMITED,2.12,2.19,L
SHRENIK LIMITED,0.82,0.85,L
DAVANGERE SUGAR COMPANY L,7.97,8.03,L
EQUINOX INDIA DEV LTD,127.8,129.2,L
SBIAMC - SBISILVER,88.4,89,L
EXICOM TELE SYSTEMS LTD,415.1,422.05,L
DCX SYSTEMS LIMITED,369,374.8,L
BAWEJA STUDIOS LIMITED,73.1,74,L
SMARTLINK HOLDINGS LTD,295.85,301.85,L
GP ECO SOLUTIONS INDIA L,335,360,L
DIVINE POWER ENERGY LTD,101.3,105,L
SEC RED NCD 9.85% SR. VII,933.99,970,L
ALLIED BLEND N DISTILS L,289.9,299.1,L
SHREEOSWAL S AND CHE LTD,24.2,24.75,L
SUUMAYA INDUSTRIES LTD,5.45,5.52,L
MAHINDRA EPC IRRIG LTD,138.1,144.78,L
BOHRA INDUSTRIES LIMITED,13.57,14.29,L
CUPID LIMITED,82.25,82.75,L
VERTOZ ADVERTISING LTD,34.35,36,L
KRONOX LAB SCIENCES LTD,145.26,146,L
SECUR CREDENTIALS LIMITED,8.17,8.4,L
SOLAR ACT RS.3.50 PPD UP,270,270.75,L
NAKODA RE.2.50 PPD UP,14.73,15.05,L
AMJ LAND HOLDINGS LIMITED,52.88,55.67,L

