SYMBOL,SERIES,SECURITY,HIGH/LOW,INDEX FLAG
21STCENMGM,BE,21ST CENTURY MGMT SERVICE,H
3PLAND,BE,3P LAND HOLDINGS LIMITED,H
710GS2029,GS,GOI LOAN 7.10% 2029,H
A2ZINFRA,BE,A2Z INFRA ENGINEERING LTD,H
AARVEEDEN,EQ,AARVEE DEN. & EXP. LTD,H
ABAN,BE,ABAN OFFSHORE LTD.,H
ADL,EQ,ARCHIDPLY DECOR LIMITED,H
AHL,EQ,ABANS HOLDINGS LIMITED,H
AISL,SM,ANI INTEGRATED SERV LTD.,H
AKANKSHA,SM,AKANKSHA POWER N INFRA L,H
ALPSINDUS,BE,ALPS INDUSTRIES LTD.,H
ANSALAPI,BZ,ANSAL PROP & INFRA LTD,H
ARCHIDPLY,EQ,ARCHIDPLY IND. LTD,H
ARCHIES,BE,ARCHIES LTD,H
ARSSINFRA,BE,ARSS INFRA PROJ. LTD,H
ARVEE,EQ,ARVEE LABORATORIES I LTD,H
ASIANENE,EQ,ASIAN ENERGY SERVICES LTD,H
ASLIND,ST,ASL INDUSTRIES LIMITED,H
ASMS,EQ,BARTRONICS INDIA LIMITED,H
ASPIRE,ST,ASPIRE & INNOVATIVE ADV L,H
ATLANTAA,EQ,ATLANTAA LIMITED,H
AVROIND,EQ,AVRO INDIA LIMITED,H
BALKRI-RE,BE,BALKRSHNA PAPER MILLS LTD,H
BBOX,EQ,BLACK BOX LIMITED,H
BIL,EQ,BHARTIYA INTERNATIONAL,H
BLUECHIP,BE,BLUE CHIP INDIA LIMITED,H
BLUEPEBBLE,ST,BLUE PEBBLE LIMITED,H
CAREERP,BE,CAREER POINT LIMITED,H
CCHHL,BE,COUNTRY CLUB HOSP HOL LTD,H
CEREBRAINT,BE,CEREBRA INT TECH LTD,H
CINEVISTA,EQ,CINEVISTA LIMITED,H
CMMIPL,ST,CMM INFRAPROJECTS LIMITED,H
CMRSL,SM,CYBER MEDIA RES & SER LTD,H
COMPINFO,BZ,COMPUAGE INFOCOM LTD,H
CREATIVEYE,BE,CREATIVE EYE LIMITED,H
CTE,BE,CAMBRIDGE TECH ENTER LTD,H
CUBEXTUB,BE,CUBEXTUBINGS-ROLLSETT,H
DBSTOCKBRO,EQ,DB (INT) STOCK BROKERS,H
DCI,EQ,DC INFOTECH AND COMUN LTD,H
DCMFINSERV,BE,DCM FINANCIAL SERVICES LT,H
DESTINY,SM,DESTINY LOGISTICS & I LTD,H
DOLPHIN,BE,DOLPHIN OFF ENT (IND) L,H
DUCON,BE,DUCON INFRATECHNOLOGIES L,H
E2E,BE,E2E NETWORKS LIMITED,H
EDUCOMP,BZ,EDUCOMP SOLUTIONS LTD,H
ENFUSE,ST,ENFUSE SOLUTIONS LIMITED,H
ENSER,ST,ENSER COMMUNICATIONS LTD,H
EUROTEXIND,BE,EUROTEX IND & EXPORTS LTD,H
EXCEL,BE,EXCEL REALTY N INFRA LTD,H
FEL,BZ,FUTURE ENTERPRISES LTD,H
FELDVR,BE,FUTURE ENTERPRISES LTD,H
FLEXITUFF,BE,FLEXITUFF VENTURES INT L,H
FLFL,BZ,FUT LIFESTYLE FASH LTD,H
FMNL,BE,FUTURE MKT NETWORKS LTD,H
FRETAIL,BZ,FUTURE RETAIL LIMITED,H
GANGOTRI,BZ,GANGOTRI TEXTILES LTD.,H
GATECH,BE,GACM TECHNOLOGIES LIMITED,H
GATECHDVR,BE,GACM TECHNOLOGIES LIMITED,H
GAYAHWS,BE,GAYATRI HIGHWAYS LIMITED,H
GENUSPOWER,EQ,GENUS POWER INFRASTRU LTD,H
GFSTEELS,BE,GRAND FOUNDRY LTD,H
GKWLIMITED,EQ,GKW LIMITED,H
GLFL,BE,GUJARAT LEASE FINANCING L,H
GLOBALVECT,BE,GLOBAL VEC HELICORP LTD,H
GMRP&UI,EQ,GMR POW AND URBAN INFRA L,H
GODHA,BE,GODHA CABCON INSULAT LTD,H
GOENKA,BZ,GOENKA DIAMOND&JEWELS LTD,H
GOLDENTOBC,BZ,GOLDEN TOBACCO LIMITED,H
GOLDTECH,EQ,AION-TECH SOLUTIONS LTD,H
GSTL,SM,GLOBESECURE TECHNO LTD,H
GTECJAINX,BE,G-TEC JAINX EDUCATION LTD,H
GTLINFRA,EQ,GTL INFRA.LTD,H
GUJAPOLLO,BE,GUJ. APOLLO IND. LTD.,H
HAVISHA,BE,SRI HAVISHA HOSP & INFR L,H
HDIL,BZ,HOUSING DEV & INFRA LTD,H
HECPROJECT,EQ,HEC INFRA PROJECTS LTD,H
HINDNATGLS,BE,HIND NATL GLASS & IND LTD,H
HPIL,BE,HINDPRAKASH INDUSTRY LTD,H
HYBRIDFIN,BE,HYBRID FINANCIAL SERVICE,H
IL&FSTRANS,BZ,IL&FS TRANS NET LTD,H
INDOTHAI,BE,INDO THAI SEC LTD,H
INDOWIND,BE,INDOWIND ENERGY LTD,H
INDSWFTLTD,EQ,IND-SWIFT LIMITED,H
INNOVATIVE,ST,INNOVATIVE TYRES & TUBES,H
INSPIRISYS,BE,INSPIRISYS SOLUTIONS LTD,H
INVENTURE,BE,INVENTURE GRO & SEC LTD,H
ISHAN,ST,ISHAN INTERNATIONAL LTD,H
IWEL,BE,INOX WIND ENERGY LIMITED,H
JAIBALAJI,BE,JAI BALAJI INDUSTRIES LTD,H
JALAN,SM,JALAN TRANSOLU. INDIA LTD,H
K2INFRA,ST,K2 INFRAGEN LIMITED,H
KAUSHALYA,EQ,KAUSHALYA INFRA DEV LTD.,H
KAVVERITEL,EQ,KAVVERI TEL. LTD.,H
KBCGLOBAL,EQ,KBC GLOBAL LIMITED,H
KCK,ST,KCK INDUSTRIES LTD,H
KEEPLEARN,EQ,DSJ KEEP LEARNING LTD,H
KPIGREEN,EQ,KPI GREEN ENERGY LIMITED,H
KRIDHANINF,BE,KRIDHAN INFRA LIMITED,H
KRITIKA,BE,KRITIKA WIRES LIMITED,H
LANCORHOL,BE,LANCOR HOLDINGS LIMITED,H
LATTEYS,BE,LATTEYS INDUSTRIES LTD,H
MAFANG,EQ,MIRAEAMC - MAFANG,H
MASKINVEST,EQ,MASK INVESTMENTS LIMITED,H
MBECL,BE,MCNALLY BH. ENG. CO.LTD,H
MDL,ST,MARVEL DECOR LIMITED,H
MELSTAR,BZ,MELSTAR INFORMATION TECH,H
MITTAL,BE,MITTAL LIFE STYLE LIMITED,H
MODIRUBBER,EQ,MODI RUBBER LTD,H
MORARJEE,BE,MORARJEE TEXTILES LIMITED,H
MTEDUCARE,BE,MT EDUCARE LTD,H
NAGREEKCAP,BE,NAGREEKA CAP & INFR.LTD,H
NETWORK18,BE,NETWORK18 MEDIA & INV LTD,H
NIRAJ,BE,NIRAJ CEMENT STRUC LTD,H
OMKARCHEM,BZ,OMKAR SPL CHEM LTD,H
ORTEL,BZ,ORTEL COMMUNICATIONS LTD,H
OSIAHYPER,BE,OSIA HYPER RETAIL LIMITED,H
OWAIS,SM,OWAIS METAL & MINERAL,H
PAISALO,EQ,PAISALO DIGITAL LIMITED,H
PANACHE,EQ,PANACHE DIGILIFE LIMITED,H
PANSARI,EQ,PANSARI DEVELOPERS LTD,H
PREMIER,BE,PREMIER LIMITED,H
QFIL,SM,QUALITY FOILS (INDIA) LTD,H
QUADPRO,ST,QUADPRO ITES LIMITED,H
QUINTEGRA,BE,QUINTEGRA SOLUTIONS LTD.,H
RADIOWALLA,ST,RADIOWALLA NETWORK LTD,H
RAJRILTD,BE,RAJ RAYON INDUSTRIES LTD,H
RCOM,BE,RELIANCE COMMUNICATIONS L,H
RICHA,SM,RICHA INFO SYSTEMS LTD,H
RKDL,BE,RAVI KUMAR DIST. LTD.,H
RMDRIP,SM,R M DRIP & SPRINK SYS LTD,H
ROCKINGDCE,SM,ROCKINGDEALS CIRCU ECO L,H
ROLLT,BE,ROLLATAINERS LIMITED,H
ROLTA,BZ,ROLTA INDIA LTD,H
RSSOFTWARE,BE,R. S. SOFTWARE (INDIA) LI,H
RVHL,BE,RAVINDER HEIGHTS LIMITED,H
SABEVENTS,BE,SAB EVENTS & GOVERNANCE,H
SABTNL,BE,SRI ADHIKARI BRO TELE N L,H
SADBHAV,EQ,SADBHAV ENGINEERING LTD,H
SANCO,BZ,SANCO INDUSTRIES LIMITED,H
SARVESHWAR,BE,SARVESHWAR FOODS LIMITED,H
SCHNEIDER,BE,SCHNEIDER ELECTRIC INFRA,H
SECL,SM,SALASAR EXTERIOR CONT LTD,H
SELMC,EQ,SEL MANUFACTURING CO LTD,H
SETCO,EQ,SETCO AUTOMOTIVE LTD,H
SHAH,EQ,SHAH METACORP LIMITED,H
SHREEKARNI,SM,SHREE KARNI FABCOM LTD,H
SHYAMTEL,EQ,SHYAM TELECOM LIMITED,H
SILGO,BE,SILGO RETAIL LIMITED,H
SPARC,BE,SUN PHARMA ADV.RES.CO.LTD,H
SPTL,BZ,SINTEX PLASTICS TECH LTD,H
SRPL,BE,SHREE RAM PROTEINS LTD.,H
SUMEETINDS,BE,SUMEET IND LIMITED,H
SUMIT,EQ,SUMIT WOODS LIMITED,H
SUNDARMHLD,EQ,SUNDARAM FINANCE HOLD LTD,H
SUULD,EQ,SUUMAYA INDUSTRIES LTD,H
SUVIDHAA,BE,SUVIDHAA INFOSERVE LTD,H
SVPGLOB,EQ,SVP GLOBAL TEXTILES LTD,H
SYNCOMF,BE,SYNCOM FORMU (I) LTD,H
TCIFINANCE,BE,TCIFINANCELTD-ROLL SETT,H
TCLCONS,BE,TANTIA CONSTRUCTIONS LTD,H
TECILCHEM,BE,TECIL CHEMICALS,H
TFCILTD,EQ,TOURISM FINANCE CORP. OF,H
TNTELE,BE,TAMILNADU TELECOMMUNICATI,H
TPHQ,BE,TEAMO PRODUCTIONS HQ LTD,H
TRANSWIND,ST,TRANSWIND INFRA LIMITED,H
TREJHARA,BE,TREJHARA SOLUTIONS LTD,H
TRUST,ST,TRUST FINTECH LIMITED,H
UMESLTD,BE,USHA MARTIN EDU & SOL LTD,H
UNIVAFOODS,BE,UNIVA FOODS LIMITED,H
VCL,BE,VAXTEX COTFAB LIMITED,H
VHLTD,BE,VICEROY HOTELS LIMITED,H
VINNY,BE,VINNY OVERSEAS LIMITED,H
VISASTEEL,BE,VISA STEEL LIMITED,H
VIVIANA,ST,VIVIANA POWER TECH LTD,H
VLEGOV,BE,VL E GOV AND IT SOL LTD,H
WEBELSOLAR,EQ,WEBSOL ENERGY SYSTEM LTD,H
WEL,EQ,WONDER ELECTRICALS LTD,H
WELINV,EQ,WELSPUN INV & COMM LTD,H
WEWIN,EQ,WE WIN LIMITED,H
WINSOME,BE,WINSOME YARNS LIMITED,H
YASHOPTICS,ST,YASH OPTICS & LENS LTD,H
ZENITHSTL,EQ,ZENITH STEEL PIP IND LTD,H
AAKASH,EQ,AAKASH EXPLORATION SER L,L
ACCORD,SM,ACCORD SYNERGY LIMITED,L
ADROITPP,X1,ADROITINF RS.2.50 PPD UP,L
AKI,BE,AKI INDIA LIMITED,L
BGLOBAL,BZ,BHARATIYA GLOBAL INFO LTD,L
BIL,EQ,BHARTIYA INTERNATIONAL,L
BINANIIND,BE,BINANI INDUSTRIES LTD,L
BLBLIMITED,BE,BLB LIMITED,L
BLUEPEBBLE,ST,BLUE PEBBLE LIMITED,L
CMICABLES,BZ,CMI LIMITED,L
CREATIVEYE,BE,CREATIVE EYE LIMITED,L
ENERGYDEV,EQ,ENERGY DEVE. CO.LTD,L
ESCONET,SM,ESCONET TECHNOLOGIES LTD,L
FCONSUMER,BE,FUTURE CONSUMER LIMITED,L
FCSSOFT,EQ,FCS SOFTWARE SOLN. LTD.,L
FELIX,ST,FELIX INDUSTRIES LTD.,L
FLFL,BZ,FUT LIFESTYLE FASH LTD,L
FMNL,BE,FUTURE MKT NETWORKS LTD,L
FRETAIL,BZ,FUTURE RETAIL LIMITED,L
FSC,BZ,FUTURE SUPP CHAIN SOL LTD,L
GANESHHOUC,EQ,GANESH HOUSING CORP LTD,L
GAYAHWS,BE,GAYATRI HIGHWAYS LIMITED,L
GAYAPROJ,BZ,GAYATRI PROJECTS LTD,L
GET&D,BE,GE T&D INDIA LIMITED,L
GLOBALVECT,BE,GLOBAL VEC HELICORP LTD,L
GLOBE,BE,GLOBE TEXTILES (I) LTD.,L
GRAPHISAD,SM,GRAPHISADS LIMITED,L
GTECJAINX,BE,G-TEC JAINX EDUCATION LTD,L
GVKPIL,EQ,GVK POW. & INFRA LTD.,L
HAVISHA,BE,SRI HAVISHA HOSP & INFR L,L
HDIL,BZ,HOUSING DEV & INFRA LTD,L
HILTON,EQ,HILTON METAL FORGING LTD,L
HOVS,EQ,HOV SERVICES LTD,L
HUBTOWN,BE,HUBTOWN LIMITED,L
IITL,EQ,INDUSTRIAL INV TRUST LTD,L
INFOMEDIA,BE,INFOMEDIA PRESS LIMITED,L
JAYNECOIND,EQ,JAYASWAL NECO INDUSTR LTD,L
JPPOWER,BE,JAIPRAKASH POWER VEN. LTD,L
JUBLINDS,EQ,JUBILANT INDUSTRIES LTD,L
JYOTISTRUC,BE,JYOTI STRUCTURES,L
K2INFRA,ST,K2 INFRAGEN LIMITED,L
KCEIL,SM,KAY CEE ENERGY & INFRA L,L
KDL,SM,KORE DIGITAL LIMITED,L
LASA,EQ,LASA SUPERGENERICS LTD,L
MADHUCON,BE,MADHUCON PROJECTS LTD.,L
MAGNUM,EQ,MAGNUM VENTURES LTD.,L
MASKINVEST,EQ,MASK INVESTMENTS LIMITED,L
MELSTAR,BZ,MELSTAR INFORMATION TECH,L
MEP,BE,MEP INFRA. DEVELOPERS LTD,L
METALFORGE,BZ,METALYST FORGINGS LIMITED,L
MORARJEE,BE,MORARJEE TEXTILES LIMITED,L
NAGAFERT,EQ,NAGARJUN FERT AND CHE LTD,L
NAMAN,ST,NAMAN IN-STORE (INDIA) L,L
NILASPACES,EQ,NILA SPACES LIMITED,L
NKIND,BE,NKINDUSTRIES LTD,L
NRL,EQ,NUPUR RECYCLERS LIMITED,L
NTL,BE,NEUEON TOWERS LIMITED,L
ONELIFECAP,BE,ONELIFE CAP ADVISORS LTD,L
OSWALAGRO,EQ,OSWAL AGRO MILLS LTD,L
PARSVNATH,EQ,PARSVNATH DEVELOPER LTD,L
PENTAGOLD,SZ,PENTA GOLD LIMITED,L
PODDARHOUS,BZ,PODDAR HOUSE & DVPT LTD,L
PRAENG,BE,PRAJAY ENG. SYN. LTD.,L
PROLIFE,SM,PROLIFE INDUSTRIES LTD,L
QUINTEGRA,BE,QUINTEGRA SOLUTIONS LTD.,L
RADAAN,BE,RADAAN MEDIAWORKS (I) LTD,L
RBMINFRA,ST,RBM INFRACON LIMITED,L
RCOM,BE,RELIANCE COMMUNICATIONS L,L
REXPIPES,SM,REX PIPES AND CABLES LTD,L
RHL,BE,ROBUST HOTELS LIMITED,L
RPOWER,BE,RELIANCE POWER LTD.,L
SAMBHAAV,BE,SAMBHAAV MEDIA LTD,L
SANWARIA,BZ,SANWARIA CONSUMER LIMITED,L
SEYAIND,BE,SEYA INDUSTRIES LIMITED,L
SHRENIK,EQ,SHRENIK LIMITED,L
SITINET,BE,SITI NETWORKS LIMITED,L
SKIL,BE,SKIL INFRASTRUCTURE LTD.,L
SRM,BE,SRM CONTRACTORS LIMITED,L
SUPERSPIN,BE,SUPER SPINNING MILLS LTD,L
SUPREMEENG,BE,SUPREME ENGINEERING LTD,L
SURANASOL,EQ,SURANA SOLAR LIMITED,L
TAC,ST,TAC INFOSEC LIMITED,L
TCIFINANCE,BE,TCIFINANCELTD-ROLL SETT,L
TPHQ,BE,TEAMO PRODUCTIONS HQ LTD,L
TRIL,BE,TRANS & RECTI. LTD,L
UNITECH,BZ,UNITECH LIMITED,L
VCL,BE,VAXTEX COTFAB LIMITED,L
VISASTEEL,BE,VISA STEEL LIMITED,L
