GAIN_LOSS,SECURITY,CLOSE_PRIC,PREV_CL_PR,PERCENT_CG
 ,Nifty 50 Sec., , , 
 , , , , 
G,EICHER MOTORS LTD,      4205.75,      4031.25,4.33
G,MARUTI SUZUKI INDIA LTD.,     12865.10,     12421.60,3.57
G,MAHINDRA & MAHINDRA LTD,      2078.10,      2013.30,3.22
G,NTPC LTD,       363.50,       354.55,2.52
G,JSW STEEL LIMITED,       876.45,       857.10,2.26
G,SBI LIFE INSURANCE CO LTD,      1518.80,      1485.30,2.26
G,SHRIRAM FINANCE LIMITED,      2569.20,      2518.85,2
G,TATA CONSUMER PRODUCT LTD,      1137.35,      1115.55,1.95
G,GRASIM INDUSTRIES LTD,      2280.80,      2237.55,1.93
G,RELIANCE INDUSTRIES LTD,      2971.95,      2920.20,1.77
G,LARSEN & TOUBRO LTD.,      3807.85,      3743.10,1.73
G,AXIS BANK LIMITED,      1076.05,      1059.10,1.6
G,HERO MOTOCORP LIMITED,      4595.10,      4524.90,1.55
G,DIVI S LABORATORIES LTD,      3796.00,      3748.15,1.28
G,POWER GRID CORP. LTD.,       281.75,       278.40,1.2
G,HINDALCO  INDUSTRIES  LTD,       576.80,       570.05,1.18
G,BHARTI AIRTEL LIMITED,      1204.70,      1191.00,1.15
G,TATA STEEL LIMITED,       165.20,       163.35,1.13
G,INDUSIND BANK LIMITED,      1568.35,      1552.40,1.03
G,OIL AND NATURAL GAS CORP.,       270.40,       267.95,.91
G,CIPLA LTD,      1462.45,      1449.40,.9
G,HDFC LIFE INS CO LTD,       634.60,       629.40,.83
G,BAJAJ FINSERV LTD.,      1689.15,      1677.95,.67
G,TATA MOTORS LIMITED,      1013.20,      1007.10,.61
G,STATE BANK OF INDIA,       768.30,       764.75,.46
G,ULTRATECH CEMENT LIMITED,      9863.75,      9823.60,.41
G,ITC LTD,       429.10,       427.55,.36
G,ICICI BANK LTD.,      1087.15,      1083.40,.35
G,ASIAN PAINTS LIMITED,      2892.00,      2883.45,.3
G,BRITANNIA INDUSTRIES LTD,      4826.80,      4813.05,.29
 , , , , 
L,ADANI PORT & SEZ LTD,      1348.65,      1375.55,-1.96
L,NESTLE INDIA LIMITED,      2498.05,      2537.65,-1.56
L,APOLLO HOSPITALS ENTER. L,      6307.75,      6397.75,-1.41
L,WIPRO LTD,       479.90,       485.05,-1.06
L,LTIMINDTREE LIMITED,      4897.40,      4927.50,-0.61
L,SUN PHARMACEUTICAL IND L,      1599.70,      1609.00,-0.58
L,HCL TECHNOLOGIES LTD,      1540.05,      1545.25,-0.34
L,HDFC BANK LTD,      1546.60,      1549.55,-0.19
L,TATA CONSULTANCY SERV LT,      3972.55,      3979.25,-0.17
L,INFOSYS LIMITED,      1476.70,      1479.10,-0.16
L,TITAN COMPANY LIMITED,      3748.90,      3754.45,-0.15
L,DR. REDDY S LABORATORIES,      6174.55,      6179.30,-0.08
L,ADANI ENTERPRISES LIMITED,      3224.55,      3224.80,-0.01
 , , , , 
 ,Nifty Next 50 Sec., , , 
 , , , , 
G,INFO EDGE (I) LTD,      6225.40,      5674.65,9.71
G,GAIL (INDIA) LTD,       200.75,       190.75,5.24
G,TVS MOTOR COMPANY  LTD,      2132.95,      2069.40,3.07
G,GODREJ CONSUMER PRODUCTS,      1246.20,      1210.10,2.98
G,INTERGLOBE AVIATION LTD,      3599.80,      3499.55,2.86
G,MARICO LIMITED,       519.00,       509.50,1.86
G,PIDILITE INDUSTRIES LTD,      3044.20,      3000.80,1.45
G,ICICI PRU LIFE INS CO LTD,       628.70,       620.00,1.4
G,INDIAN OIL CORP LTD,       170.30,       168.00,1.37
G,DLF LIMITED,       918.25,       905.85,1.37
G,VEDANTA LIMITED,       323.30,       318.95,1.36
G,INDIAN RAIL TOUR CORP LTD,      1014.80,      1002.95,1.18
G,AVENUE SUPERMARTS LIMITED,      4672.80,      4619.25,1.16
G,UNITED SPIRITS LIMITED,      1140.75,      1128.30,1.1
G,SAMVRDHNA MTHRSN INTL LTD,       120.60,       119.40,1.01
G,BOSCH LIMITED,     31087.35,     30792.85,0.96
G,ADANI GREEN ENERGY LTD,      1919.10,      1901.95,0.9
G,SRF LTD,      2607.20,      2586.85,0.79
G,TORRENT PHARMACEUTICALS L,      2597.30,      2577.10,0.78
G,ZOMATO LIMITED,       191.80,       190.50,0.68
G,SIEMENS LTD,      5668.00,      5634.25,0.6
G,SHREE CEMENT LIMITED,     25955.20,     25811.05,0.56
G,AMBUJA CEMENTS LTD,       630.55,       627.20,0.53
G,BAJAJ HOLDINGS & INVS LTD,      8238.10,      8195.55,0.52
G,ABB INDIA LIMITED,      6699.75,      6669.85,0.45
G,TATA POWER CO LTD,       416.35,       414.60,0.42
G,LIFE INSURA CORP OF INDIA,       996.70,       992.75,0.4
 , , , , 
L,REC LIMITED,       453.50,       471.60,-3.84
L,VARUN BEVERAGES LIMITED,      1450.10,      1493.75,-2.92
L,PUNJAB NATIONAL BANK,       132.90,       136.55,-2.67
L,ADANI POWER LTD,       611.05,       626.70,-2.5
L,ADANI ENERGY SOLUTION LTD,      1075.85,      1096.30,-1.87
L,POWER FIN CORP LTD.,       410.35,       416.80,-1.55
L,HAVELLS INDIA LIMITED,      1530.15,      1550.10,-1.29
L,ADANI TOTAL GAS LIMITED,       966.80,       979.00,-1.25
L,CHOLAMANDALAM IN & FIN CO,      1203.05,      1217.65,-1.2
L,COLGATE PALMOLIVE LTD.,      2696.85,      2729.35,-1.19
L,JIO FIN SERVICES LTD,       369.25,       373.20,-1.06
L,SBI CARDS & PAY SER LTD,       723.30,       730.35,-0.97
L,DABUR INDIA LTD,       503.05,       507.90,-0.95
L,ZYDUS LIFESCIENCES LTD,      1000.65,      1006.50,-0.58
L,HINDUSTAN AERONAUTICS LTD,      3567.15,      3586.05,-0.53
L,BANK OF BARODA,       267.60,       268.90,-0.48
L,JINDAL STEEL & POWER LTD,       911.55,       915.75,-0.46
L,BHARAT ELECTRONICS LTD,       223.55,       224.50,-0.42
L,CANARA BANK,       612.45,       615.00,-0.41
L,ICICI LOMBARD GIC LIMITED,      1710.70,      1717.80,-0.41
L,BERGER PAINTS (I) LTD,       560.00,       562.15,-0.38
L,INDIAN RAILWAY FIN CORP L,       147.50,       147.85,-0.24
L,TRENT LTD,      3931.85,      3932.60,-0.02
 , , , , 
 ,OTHER SECURITIES, , , 
 , , , , 
G,SHREE KARNI FABCOM LTD,       411.60,       343.00,20
G,ARVEE LABORATORIES I LTD,       253.50,       211.25,20
G,ABANS HOLDINGS LIMITED,       405.05,       337.55,20
G,SUNDARAM FINANCE HOLD LTD,       264.65,       220.55,20
G,ARCHIDPLY IND. LTD,       123.70,       103.10,19.98
G,AVRO INDIA LIMITED,       138.45,       115.40,19.97
G,IND-SWIFT LIMITED,        28.40,        23.70,19.83
G,WE WIN LIMITED,       104.95,        87.80,19.53
G,EXIDE INDUSTRIES LTD,       377.15,       321.85,17.18
G,TARA CHAND INFRA SOLN LTD,       230.90,       197.70,16.79
G,MINDTECK (INDIA) LIMITED,       248.15,       213.35,16.31
G,STEL HOLDINGS LIMITED,       358.10,       310.80,15.22
G,SAHAJ FASHIONS LIMITED,        25.40,        22.60,12.39
G,ORIANA POWER LIMITED,       904.30,       807.10,12.04
G,DOLAT ALGOTECH LIMITED,        86.60,        77.65,11.53
G,DYNAMIC SRVCS & SEC LTD,       119.00,       107.00,11.21
G,VASA DENTICITY LIMITED,       583.50,       525.35,11.07
G,PANACHE DIGILIFE LIMITED,        87.45,        79.50,10
G,HEC INFRA PROJECTS LTD,        89.65,        81.50,10
G,KAUSHALYA INFRA DEV LTD.,       773.20,       702.95,9.99
G,AKANKSHA POWER N INFRA L,        87.75,        79.80,9.96
G,ARCHIDPLY DECOR LIMITED,        95.55,        86.90,9.95
G,DB (INT) STOCK BROKERS,        52.50,        47.75,9.95
G,SUMIT WOODS LIMITED,        73.00,        66.40,9.94
G,PAISALO DIGITAL LIMITED,        80.75,        73.45,9.94
G,SADBHAV ENGINEERING LTD,        36.65,        33.35,9.9
G,CINEVISTA LIMITED,        24.45,        22.25,9.89
G,ATLANTAA LIMITED,        28.50,        25.95,9.83
G,SUUMAYA INDUSTRIES LTD,         9.05,         8.25,9.7
G,DC INFOTECH AND COMUN LTD,       211.55,       192.95,9.64
 , , , , 
L,8.48%S-R-NCD SERIES 2A,      1063.10,      1200.00,-11.41
L,TRIDHYA TECH LIMITED,        28.95,        31.50,-8.1
L,SKM EGG PROD EXPORT(I) LT,       290.40,       314.20,-7.57
L,KUNDAN EDIFICE LIMITED,       147.40,       158.30,-6.89
L,NUPUR RECYCLERS LIMITED,        88.35,        94.75,-6.75
L,JET FREIGHT LOGISTICS LTD,        14.80,        15.85,-6.62
L,BANDHAN BANK LIMITED,       184.95,       197.35,-6.28
L,OSWAL GREENTECH LIMITED,        35.15,        37.50,-6.27
L,DUCOL ORGS AND COLOURS LT,       104.10,       111.00,-6.22
L,BURNPUR CEMENT LTD.,         6.30,         6.70,-5.97
L,R K SWAMY LIMITED,       283.45,       301.40,-5.96
L,AVP INFRACON LIMITED,        76.65,        81.50,-5.95
L,FILATEX INDIA LTD,        62.05,        65.85,-5.77
L,KONTOR SPACE LIMITED,        74.75,        79.30,-5.74
L,SEC RE NCD 0% SR.VIII,      1037.43,      1100.00,-5.69
L,NILKAMAL LIMITED,      1926.75,      2042.65,-5.67
L,TRANSWARRANTY FIN. LTD.,        11.70,        12.40,-5.65
L,KRISHNA DEF AND ALD IND L,       397.10,       419.95,-5.44
L,IZMO LIMITED,       325.70,       344.15,-5.36
L,SHREE RAMA NEWSPRINT LTD,        19.75,        20.85,-5.28
L,VARANIUM CLOUD LIMITED,        52.10,        55.00,-5.27
L,THE GE SHPG.LTD,       986.65,      1041.05,-5.23
L,NEULAND LAB LTD.,      6042.85,      6367.85,-5.1
L,GINNI FILAMENTS LTD,        35.35,        37.25,-5.1
L,ENERGY DEVE. CO.LTD,        26.50,        27.90,-5.02
L,VAISHALI PHARMA LIMITED,       158.10,       166.45,-5.02
L,SEC RE NCD SR III,       950.00,      1000.00,-5
L,FELIX INDUSTRIES LTD.,       323.00,       340.00,-5
L,SHRENIK LIMITED,          .95,         1.00,-5
L,PROLIFE INDUSTRIES LTD,       214.70,       226.00,-5
