SECURITY,NEW,PREVIOUS,NEW_STATUS
21ST CENTURY MGMT SERVICE,46.65,45.75,H
TORRENT POWER LTD,1591.4,1514.7,H
JSW ENERGY LIMITED,632.1,604,H
VENUS PIPES & TUBES LTD,2049,2043.5,H
TARA CHAND INFRA SOLN LTD,234.8,214,H
2.5%GOLDBONDS2028SR-III,6942,6800,H
2.50%GOLDBONDS 2025TR-VII,7185,7089,H
2.50%GOLDBONDS2026SR-IV,6990,6889,H
2.50%GOLDBONDS2026SR-XIV,7000,6887,H
2.50%GOLDBONDS2027SR-VI,7025,7000,H
2.50%GOLDBONDS2029SR-IV,6920,6835,H
2.50%GOLDBONDS2029SR-XI,6998,6898.99,H
2.50%GOLDBONDS2030SR-III,7000,6975,H
TECHNO ELEC & ENG CO. LTD,884.35,860,H
PITTI ENGINEERING LIMITED,875,863.75,H
ELECTROTHERM (I) LTD.,606.8,594.95,H
SGB2.50%MAY2025SR-I 17-18,7079.99,6944.9,H
MAX INDIA LIMITED,227,224.9,H
MIRAEAMC - MAESGETF,38.02,37.93,H
MIRAEAMC - MAGOLDETF,71.5,71.47,H
GVP INFOTECH LIMITED,12.4,11.95,H
ICICIPRAMC - ICICI10GS,233.43,232.5,H
ICICIPRAMC-ICICIFIN,24.04,23.9,H
BALKRSHNA PAPER MILLS LTD,5.95,4.25,H
GOI TBILL 182D-29/08/24,97.35,96.87,H
B.A.G FILMS AND MEDIA LTD,10,6.5,H
ARCHIDPLY DECOR LIMITED,95.55,91.55,H
GOI TBILL 182D-03/10/24,96.01,95.11,H
RADIOWALLA NETWORK LTD,132.45,126.15,H
ASHOKA METCAST LIMITED,21.4,21.3,H
MAHINDRA & MAHINDRA LTD,2087,2027.45,H
VOLTAS LTD,1392,1356.9,H
THERMAX LTD,4685.5,4639.9,H
DYNAMATIC TECHNOLOGIES,9082.9,8499,H
GLOBAL VEC HELICORP LTD,142.9,139.75,H
2.5%GOLDBONDS2028SR-VIII,6940,6900,H
2.50%GOLDBONDS2026SR-I,7048.98,6939,H
2.50%GOLDBONDS2026SR-III,7051,6889,H
2.50%GOLDBONDS2027SR-VII,6979,6926,H
2.50%GOLDBONDS2028SR-VI,6945,6829,H
2.50%GOLDBONDS2029SR-XII,6969,6800,H
2.50%GOLDBONDS2031SR-I,6934.99,6826.5,H
2.50%GOLDBONDS2031SR-IV,6927,6800,H
WEALTH FRST PORT. MG. LTD,762,750,H
EMUDHRA LIMITED,843.95,833.5,H
BIRLASLAMC - SILVER,83.29,80.9,H
HB STOCKHOLDINGS LIMITED,101.1,95.4,H
HEC INFRA PROJECTS LTD,89.65,87.15,H
HOMESFY REALTY LIMITED,650,636.5,H
KEYNOTE FIN SERV LTD.,217,213,H
KALPATARU PROJECT INT LTD,1186,1175.8,H
SEMAC CONSULTANTS LIMITED,3138,3122,H
GOI TBILL 91D-18/04/24,99.9,99.82,H
GOI TBILL 91D-27/06/24,98.5,98.3,H
SIMPLEX INFRASTRUCTURES L,129.5,127,H
VASWANI IND LTD,38.45,5.85,H
SHREE KARNI FABCOM LTD,411.6,380,H
DSJ KEEP LEARNING LTD,4.65,4.45,H
PRUDENTIAL SUGAR CORPORAT,24.8,24.5,H
INDRAPRASTHA MEDICAL CORP,253.85,249,H
THE PHOENIX MILLS LTD,2999.95,2971.6,H
SUNDARAM FINANCE HOLD LTD,264.65,234,H
TARAPUR TRANSFORMERS LTD,8.65,8.55,H
2.5%GOLDBONDS2029SR-II,6919,6850,H
2.5%GOLDBONDS2029SR-III,6918,6800,H
2.50% GOLDBONDS2025SR-VI,7149,6850,H
2.50%GOLDBONDS2028SR-IV,6938,6810.01,H
2.50%GOLDBONDS2028SR-VII,6965,6840,H
2.50%GOLDBONDS2029SR-X,6926.99,6799.9,H
2.50%GOLDBONDS2030SR-II,6975,6940,H
2.50%GOLDBONDS 2025 SR-X,6980,6969,H
AXISAMC - AXISCETF,104.51,104.05,H
2.50%GOLDBONDS2027SR-V,7100,6999,H
SUMIT WOODS LIMITED,73,69.15,H
TATAAML - TNIDETF,81.9,81.3,H
PREMIER EXPLOSIVES LTD,1750,1689,H
MAHALAXMI RUBTECH LIMITED,348.5,334.95,H
MIRAEAMC - MAN50ETF,240,239.49,H
ICICI PRUD NIFTY ETF,254.9,253.95,H
PIL ITALICA LIFESTYLE LTD,13.8,11.35,H
GOI TBILL 364D-09/01/25,94.97,93.5,H
ASIAN HOTELS (NORTH) LTD,147.4,144.55,H
UNIINFO TELECOM SERVI LTD,38.45,30.95,H
DSPAMC - DSPBANKETF,49.05,48.95,H
PRECOT LIMITED,345.8,339.55,H
ABB INDIA LIMITED,6747.9,6683.7,H
KEI INDUSTRIES LTD.,3817,3667.4,H
NTPC LTD,366,362.7,H
WONDERLA HOLIDAYS LTD.,1105.9,1073.65,H
SEC RE NCD SR III,1030.55,1021.83,H
SRIVARI SPICES N FOODS L,398.95,368.8,H
2.5%GOLDBONDS2029SR-I,6925,6810,H
2.50% GOLDBONDS2024 TR-VI,7057.05,7000,H
2.50%GOLDBONDS2026SR-II,6970,6894,H
2.50%GOLDBONDS2027SR-VI,7050,6855,H
2.50%GOLDBONDS2028SR-II,6948,6810,H
2.50%GOLDBONDS2028SR-V,6995,6971,H
ABANS HOLDINGS LIMITED,405.05,355.5,H
WE WIN LIMITED,105.35,88.7,H
EDELAMC - EBBETF0430,1399.35,1398,H
AXISAMC - AXISILVER,83.48,80.8,H
D. P. ABHUSHAN LIMITED,946.9,940,H
HITACHI ENERGY INDIA LTD,7581,7450,H
2.50%GOLDBONDS2031SR-II,6959,6804.97,H
EPIGRAL LIMITED,1400,1398.8,H
REDTAPE LIMITED,725.25,714.5,H
MARVEL DECOR LIMITED,104.6,99.65,H
SUPREME INFRA. LTD,83.9,82.3,H
GOI TBILL 182D-01/08/24,98,97.55,H
GOI TBILL 182D-23/05/24,99.03,98.9,H
ICICI PRUD MIDCAP SEL ETF,157.65,156.65,H
TARMAT LIMITED,111.95,8.6,H
NUVAMA WEALTH MANAGE LTD,5165,5001,H
KOTAKMAMC-KOTAKBKETF,498.26,496.05,H
SEC RE NCD SR.II,1075,1072,H
EIMCO ELECON (INDIA) LTD,1918.95,1900,H
INDO TECH TRANSFORM LTD.,1365.85,1338,H
SUNDARAM FINANCE LTD,4675,4394.9,H
AUTOMOTIVE STAMPINGS & AS,822.7,799.5,H
BOSCH LIMITED,31400.15,31150,H
TTK HEALTHCARE LIMITED,1744,1699,H
2.5%GOLDBONDS2029SR-VI,6989,6835,H
2.50% GOLDBONDS2025SR-III,7069,6900,H
2.50%GOLDBONDS2027SR-II,7188,6969,H
2.50%GOLDBONDS2027SR-V,7025,6898.79,H
2.50%GOLDBONDS2028SR-X,7034.89,6848,H
R M DRIP & SPRINK SYS LTD,149.1,142,H
2.50%GOLDBONDS2031SR-III,6939,6820,H
MIRAEAMC - MANXT50,640.9,638.45,H
ICICIPRAMC - ICICIM150,190.88,189.5,H
ICICIPRAMC - ICICINXT50,67,66.55,H
VISHWAS AGRI SEEDS LTD,87.75,85.7,H
GOI TBILL 364D-12/09/24,97.07,95.76,H
TRANS & RECTI. LTD,486.5,465.8,H
GOI TBILL 364D-18/04/24,99.8,99.26,H
OWAIS METAL & MINERAL,589.45,571.1,H
GENESYS INTL CORPN LTD,738.9,724.7,H
NIP IND ETF MIDCAP 150,194.99,194.05,H
2.5%GOLDBONDS2029SR-VII,6930,6825,H
2.50% GOLDBONDS2025SR-IV,7099.99,6885,H
2.50%GOLDBONDS2028SR-I,6999.85,6850,H
2.50%GOLDBONDS2028SR-VIII,6925,6849.99,H
2.50%GOLDBONDS2029SR-V,6960,6950,H
2.50%GOLDBONDS2029SR-VIII,6951,6850,H
FORCE MOTORS LIMITED,9261.8,8272.25,H
KOTAKMAMC - KOTAKSILVE,81.1,81,H
H.G.INFRA ENGINEERING LTD,1123.95,1098.85,H
LIC MF - LIC GOLD ETF,6528.8,6434,H
JIO FIN SERVICES LTD,378.7,374.85,H
SUN PHARMA ADV.RES.CO.LTD,455.3,433.65,H
DIAMOND POWER INFRA LTD,599.35,587.6,H
LCC INFOTECH LTD,2.3,2.2,H
ICICI PRUDENTIAL GOLD ETF,62.17,61.9,H
ICICIPRAMC - ICICISILVE,83.4,82.3,H
CENTURY EXTRUSIONS LTD,22.25,1,H
ASPIRE & INNOVATIVE ADV L,64.55,63.3,H
DSPAMC - LIQUIDADD,1003.51,1003.17,H
VICEROY HOTELS LIMITED,48,45.75,H
GODREJ PROPERTIES LTD,2692,2598,H
ZOMATO LIMITED,194,191.8,H
SHRIRAM FINANCE LIMITED,2580.3,2574.95,H
2.50%GOLDBONDS2027SR-I,7050,6900,H
2.50%GOLDBONDS2027SR-III,7149,6990,H
2.50%GOLDBONDS2027SR-IV,7090,7050,H
2.50%GOLDBONDS2029SR-IX,6923.99,6800,H
2.50%GOLDBONDS2030SR-X,6920,6820,H
2.50% GOLDBONDS2025SR-V,7000,6900,H
BHAGYANAGAR INDIA LIMITED,121.05,119.4,H
ARVEE LABORATORIES I LTD,253.5,211.25,H
HDFCAMC - HDFCSILVER,80.5,78.09,H
2.50%GOLDBONDS2032SR-IV,7000,6800,H
EDELAMC - ESILVER,83.9,81.2,H
MIRAEAMC - MASILVER,82.1,82,H
MODI RUBBER LTD,102.3,95,H
BARAK VALLEY CEM. LTD.,56.1,55,H
MACPOWER CNC MACHINES LTD,1243.35,1219.95,H
JANA SMALL FIN BANK LTD,490.85,482,H
KRYSTAL INTEGRATED SER L,905.95,867.05,H
ATLANTAA LIMITED,28.5,26.05,H
DSPAMC - DSPPVBKETF,24.38,24.3,H
MARUTI SUZUKI INDIA LTD.,12927.65,12726.8,H
IZMO LIMITED,363,344.15,H
UNO MINDA LIMITED,762,746,H
NIPPONAMC - NETFAUTO,224.52,224.05,H
NIPPONAMC - NETFSILVER,80.71,78.1,H
2.50%GOLDBONDS2028SR-IX,6999.99,6948,H
2.50%GOLDBONDS2030SR-I,6945,6844,H
2.50%GOLDBONDS2030SR-IX,6924,6800,H
2.50%GOLDBONDS2025SR-XIII,6991,6850,H
AXISAMC - AXISBNKETF,501,495.98,H
ASTER DM HEALTHCARE LTD.,500,495.9,H
2.50%GOLDBONDS2025SR-VIII,7000,6850,H
GOI TBILL 91D-25/04/24,99.85,99.6,H
GOI TBILL 182D-18/04/24,99.85,99.26,H
SEC RE NCD SR.VI,1060,1053,H
SEC RE NCD SR.V,1144.75,1143.75,H
KOTAKMAMC - KOTAKMID50,143.25,142.99,H
TV VISION LIMITED,5.8,4.4,H
MOKSH ORNAMENTS LIMITED,19.75,16,H
SHIPPING CORP OF ILA LTD,69.4,66.3,H
TRUST FINTECH LIMITED,165.75,157.9,H
DSPAMC - DSPSILVETF,80.6,79.79,H
SRI ADHIKARI BRO TELE N L,52.55,50.05,H
BLUE PEBBLE LIMITED,241.2,230.3,H
KOTAKMAMC - KOTAKLIQ,999,999.99,L
DIGIDRIVE DISTRIBUTORS L,37.5,38.05,L
TAC INFOSEC LIMITED,289.3,290,L
MEP INFRA. DEVELOPERS LTD,10.05,10.55,L
JHS SVEND. LAB. LTD,18.8,19.15,L
SIGNPOST INDIA LIMITED,341.2,344.95,L
GOPAL SNACKS LIMITED,338,341.05,L
ACCURACY SHIPPING LIMITED,9.1,9.2,L
MANAK ALUMINIUM CO. LTD.,28.7,29.25,L
AVP INFRACON LIMITED,76,80.75,L
DHRUV CONSULTANCY SER LTD,107,107.35,L
QMS MEDICAL ALLIED S LTD,112.2,113.15,L
MIRAEAMC - LIQUID,997.6,998,L
PENTA GOLD LIMITED,4.15,4.3,L
MEGA FLEX PLASTICS LTD,28.95,29.95,L
SEC RE NCD SR III,950,1000,L
CMI LIMITED,5.45,5.6,L
VIJI FINANCE LIMITED,3.05,3.1,L
GUJARAT RAFFIA INDUST LTD,39.65,40.45,L
INTEGRA ESSENTIA LIMITED,3.25,3.3,L

