SYMBOL,SERIES,SECURITY,HIGH/LOW,INDEX FLAG
21STCENMGM,BE,21ST CENTURY MGMT SERVICE,H
63MOONS,EQ,63 MOONS TECHNOLOGIES LTD,H
AARTECH,EQ,AARTECH SOLONICS LIMITED,H
ACEINTEG,EQ,ACE INTEGRATED SOLU. LTD.,H
AGUL,ST,A G UNIVERSAL LIMITED,H
ANTGRAPHIC,BE,ANTARCTICA LTD,H
ARENTERP,EQ,RAJDARSHAN INDUSTRIES LTD,H
ASMS,EQ,BARTRONICS INDIA LIMITED,H
ASPIRE,ST,ASPIRE & INNOVATIVE ADV L,H
ATLANTAA,EQ,ATLANTAA LIMITED,H
BCONCEPTS,BE,BRAND CONCEPTS LIMITED,H
BKMINDST,BZ,BKM INDUSTRIES LIMITED,H
BLUECHIP,BE,BLUE CHIP INDIA LIMITED,H
CADSYS,SM,CADSYS (INDIA) LIMITED,H
CGRAPHICS,ST,CREATIVE GRAPHICS S IND L,H
CMMIPL,ST,CMM INFRAPROJECTS LIMITED,H
CREATIVEYE,BE,CREATIVE EYE LIMITED,H
DESTINY,SM,DESTINY LOGISTICS & I LTD,H
DREDGECORP,BE,DREDGING CORP OF INDIA,H
EXCEL,BE,EXCEL REALTY N INFRA LTD,H
FCONSUMER,BE,FUTURE CONSUMER LIMITED,H
GALLANTT,BE,GALLANTT ISPAT LIMITED,H
GANGOTRI,BZ,GANGOTRI TEXTILES LTD.,H
GFSTEELS,BE,GRAND FOUNDRY LTD,H
GIRIRAJ,ST,GIRIRAJ CIVIL DEVP LTD,H
GKWLIMITED,EQ,GKW LIMITED,H
GLOBALVECT,BE,GLOBAL VEC HELICORP LTD,H
GODHA,BE,GODHA CABCON INSULAT LTD,H
GOENKA,BZ,GOENKA DIAMOND&JEWELS LTD,H
HAVISHA,BE,SRI HAVISHA HOSP & INFR L,H
HPIL,BE,HINDPRAKASH INDUSTRY LTD,H
IL&FSTRANS,BZ,IL&FS TRANS NET LTD,H
INSPIRISYS,BE,INSPIRISYS SOLUTIONS LTD,H
ISHAN,ST,ISHAN INTERNATIONAL LTD,H
KRITIKA,BE,KRITIKA WIRES LIMITED,H
MAFANG,EQ,MIRAEAMC - MAFANG,H
MEGAFLEX,ST,MEGA FLEX PLASTICS LTD,H
NAGREEKCAP,BE,NAGREEKA CAP & INFR.LTD,H
NAMAN,ST,NAMAN IN-STORE (INDIA) L,H
NKIND,BE,NKINDUSTRIES LTD,H
ORIANA,SM,ORIANA POWER LIMITED,H
PARASPETRO,BE,PARAS PETROFILS LTD.,H
PENTAGOLD,SZ,PENTA GOLD LIMITED,H
PERFECT,ST,PERFECT INFRAENGINEER LTD,H
PRATHAM,SM,PRATHAM EPC PROJECTS LTD,H
PURVA,EQ,PURAVANKARA LIMITED,H
QUINTEGRA,BE,QUINTEGRA SOLUTIONS LTD.,H
RHL,BE,ROBUST HOTELS LIMITED,H
RITCO,EQ,RITCO LOGISTICS LIMITED,H
ROLLT,BE,ROLLATAINERS LIMITED,H
ROLTA,BZ,ROLTA INDIA LTD,H
S&SPOWER,BE,S&S POWER SWITCHGEARS,H
SABEVENTS,BE,SAB EVENTS & GOVERNANCE,H
SABTNL,BE,SRI ADHIKARI BRO TELE N L,H
SANCO,BZ,SANCO INDUSTRIES LIMITED,H
SANDUMA,EQ,SANDUR MANG & IRON ORES L,H
SENCO,EQ,SENCO GOLD LIMITED,H
SETCO,EQ,SETCO AUTOMOTIVE LTD,H
SHYAMTEL,EQ,SHYAM TELECOM LIMITED,H
SINDHUTRAD,EQ,SINDHU TRADE LINKS LTD,H
SOLEX,SM,SOLEX ENERGY LIMITED,H
SVPGLOB,EQ,SVP GLOBAL TEXTILES LTD,H
TARACHAND,SM,TARA CHAND INFRA SOLN LTD,H
TCIFINANCE,BE,TCIFINANCELTD-ROLL SETT,H
TFCILTD,EQ,TOURISM FINANCE CORP. OF,H
TIRUPATIFL,EQ,TIRUPATI FORGE LIMITED,H
TPHQ,BE,TEAMO PRODUCTIONS HQ LTD,H
TRIL,BE,TRANS & RECTI. LTD,H
TRUST,ST,TRUST FINTECH LIMITED,H
UMESLTD,BE,USHA MARTIN EDU & SOL LTD,H
UNIVAFOODS,BE,UNIVA FOODS LIMITED,H
VERTEXPLUS,SM,VERTEXPLUS TECHNOLOGIES L,H
WEL,EQ,WONDER ELECTRICALS LTD,H
WINSOME,BE,WINSOME YARNS LIMITED,H
ZODIAC,BE,ZODIAC ENERGY LIMITED,H
3PLAND,BE,3P LAND HOLDINGS LIMITED,L
63MOONS,EQ,63 MOONS TECHNOLOGIES LTD,L
703TN30,SG,SDL TN 7.03% 2030,L
A2ZINFRA,BE,A2Z INFRA ENGINEERING LTD,L
AAKASH,EQ,AAKASH EXPLORATION SER L,L
ABINFRA,SM,A B INFRABUILD LIMITED,L
ADROITINFO,BE,ADROIT INFOTECH LIMITED,L
ADROITPP,X1,ADROITINF RS.2.50 PPD UP,L
AGNI,ST,AGNI GREEN POWER LTD,L
AGSTRA,BE,AGS TRANSACT TECH LTD,L
AILIMITED,SM,ABHISHEK INTEGRATIONS LTD,L
AIRAN,BE,AIRAN LIMITED,L
AKSHOPTFBR,BE,AKSH OPTIFIBRE  LTD,L
ALOKINDS,BE,ALOK INDUSTRIES LIMITED,L
ALPSINDUS,BE,ALPS INDUSTRIES LTD.,L
ALUWIND,ST,ALUWIND ARCHITECTURAL LTD,L
ANSALAPI,BZ,ANSAL PROP & INFRA LTD,L
ANTGRAPHIC,BE,ANTARCTICA LTD,L
APOLLO,EQ,APOLLO MICRO SYSTEMS LTD,L
ARSSINFRA,BE,ARSS INFRA PROJ. LTD,L
ARVEE,BE,ARVEE LABORATORIES I LTD,L
ASHAPURMIN,EQ,ASHAPURA MINECHEM LTD,L
ASMS,EQ,BARTRONICS INDIA LIMITED,L
ATLANTAA,EQ,ATLANTAA LIMITED,L
AZAD,EQ,AZAD ENGINEERING LIMITED,L
BALAJITELE,EQ,BALAJI TELEFILMS LIMITED.,L
BANG,BE,BANG OVERSEAS LTD.,L
BBOX,EQ,BLACK BOX LIMITED,L
BGLOBAL,BZ,BHARATIYA GLOBAL INFO LTD,L
BHANDARI,EQ,BHANDARI HOSIERY EXP LTD,L
BHARATWIRE,BE,BHARAT WIRE ROPES LTD.,L
BLBLIMITED,BE,BLB LIMITED,L
BLUEPEBBLE,ST,BLUE PEBBLE LIMITED,L
BOHRAIND,BE,BOHRA INDUSTRIES LIMITED,L
BRIGHT,SM,BRIGHT SOLAR LIMITED,L
CAREERP,BE,CAREER POINT LIMITED,L
CCHHL,BE,COUNTRY CLUB HOSP HOL LTD,L
CEREBRAINT,BE,CEREBRA INT TECH LTD,L
CINEVISTA,EQ,CINEVISTA LIMITED,L
CLOUD,SM,VARANIUM CLOUD LIMITED,L
CMICABLES,BZ,CMI LIMITED,L
COMPINFO,BZ,COMPUAGE INFOCOM LTD,L
CORDSCABLE,BE,CORDS CABLE INDUS LTD.,L
CREATIVEYE,BE,CREATIVE EYE LIMITED,L
CUBEXTUB,BE,CUBEXTUBINGS-ROLLSETT,L
DBCORP,BE,D.B.CORP LTD,L
DCI,EQ,DC INFOTECH AND COMUN LTD,L
DCMFINSERV,BE,DCM FINANCIAL SERVICES LT,L
DHANBANK,BE,DHANLAXMI BANK LIMITED,L
DPSCLTD,EQ,DPSC LIMITED,L
DRCSYSTEMS,EQ,DRC SYSTEMS INDIA LIMITED,L
DUGLOBAL,SM,DUDIGITAL GLOBAL LIMITED,L
E2E,BE,E2E NETWORKS LIMITED,L
EDUCOMP,BZ,EDUCOMP SOLUTIONS LTD,L
EIMCOELECO,BE,EIMCO ELECON (INDIA) LTD,L
ENERGYDEV,EQ,ENERGY DEVE. CO.LTD,L
ESCONET,SM,ESCONET TECHNOLOGIES LTD,L
FCONSUMER,BE,FUTURE CONSUMER LIMITED,L
FCSSOFT,EQ,FCS SOFTWARE SOLN. LTD.,L
FEL,BZ,FUTURE ENTERPRISES LTD,L
FELDVR,BE,FUTURE ENTERPRISES LTD,L
FLEXITUFF,BE,FLEXITUFF VENTURES INT L,L
FLFL,BZ,FUT LIFESTYLE FASH LTD,L
FRETAIL,BZ,FUTURE RETAIL LIMITED,L
FSC,BZ,FUTURE SUPP CHAIN SOL LTD,L
GANESHHOUC,EQ,GANESH HOUSING CORP LTD,L
GAYAHWS,BE,GAYATRI HIGHWAYS LIMITED,L
GAYAPROJ,BZ,GAYATRI PROJECTS LTD,L
GENSOL,EQ,GENSOL ENGINEERING LTD,L
GENUSPOWER,EQ,GENUS POWER INFRASTRU LTD,L
GET&D,BE,GE T&D INDIA LIMITED,L
GICL,SM,GLOBE INTL CARRIERS LTD,L
GKWLIMITED,EQ,GKW LIMITED,L
GMRP&UI,EQ,GMR POW AND URBAN INFRA L,L
GODHA,BE,GODHA CABCON INSULAT LTD,L
GOENKA,BZ,GOENKA DIAMOND&JEWELS LTD,L
GOKUL,BE,GOKUL REFOILS & SOLV LTD,L
GOLDENTOBC,BZ,GOLDEN TOBACCO LIMITED,L
GRAPHISAD,SM,GRAPHISADS LIMITED,L
GREENPOWER,BE,ORIENT GREEN POWER CO LTD,L
GSTL,SM,GLOBESECURE TECHNO LTD,L
GTLINFRA,EQ,GTL INFRA.LTD,L
GUJAPOLLO,BE,GUJ. APOLLO IND. LTD.,L
GUJRAFFIA,BE,GUJARAT RAFFIA INDUST LTD,L
GVKPIL,EQ,GVK POW. & INFRA LTD.,L
GVPTECH,EQ,GVP INFOTECH LIMITED,L
HAVISHA,BE,SRI HAVISHA HOSP & INFR L,L
HCL-INSYS,EQ,HCL INFOSYSTEMS LTD,L
HDIL,BZ,HOUSING DEV & INFRA LTD,L
HECPROJECT,EQ,HEC INFRA PROJECTS LTD,L
HINDCON,BE,HINDCON CHEMICALS LIMITED,L
HINDNATGLS,BE,HIND NATL GLASS & IND LTD,L
HLVLTD,EQ,HLV LIMITED,L
HMT,BZ,HMT LTD -,L
HOVS,EQ,HOV SERVICES LTD,L
IL&FSTRANS,BZ,IL&FS TRANS NET LTD,L
INCREDIBLE,BE,INCREDIBLE INDUSTRIES LTD,L
INDOWIND,BE,INDOWIND ENERGY LTD,L
INDSWFTLTD,BE,IND-SWIFT LIMITED,L
INFOMEDIA,BE,INFOMEDIA PRESS LIMITED,L
INNOVATIVE,ST,INNOVATIVE TYRES & TUBES,L
INOXGREEN,BE,INOX GREEN ENERGY SER LTD,L
INTENTECH,BE,INTENSE TECHNOLOGIES LTD,L
JAIBALAJI,BE,JAI BALAJI INDUSTRIES LTD,L
JALAN,SM,JALAN TRANSOLU. INDIA LTD,L
JAYNECOIND,EQ,JAYASWAL NECO INDUSTR LTD,L
JETAIRWAYS,BZ,JET AIRWAYS (INDIA) LTD.,L
JMA,BE,JULLUNDUR MOT AGENCY LTD,L
JPPOWER,BE,JAIPRAKASH POWER VEN. LTD,L
JYOTICNC,EQ,JYOTI CNC AUTOMATION LTD,L
JYOTISTRUC,BE,JYOTI STRUCTURES,L
K2INFRA,ST,K2 INFRAGEN LIMITED,L
KAMATHOTEL,EQ,KAMAT HOTELS (I) LTD,L
KAUSHALYA,EQ,KAUSHALYA INFRA DEV LTD.,L
KAVVERITEL,EQ,KAVVERI TEL. LTD.,L
KBCGLOBAL,EQ,KBC GLOBAL LIMITED,L
KCEIL,SM,KAY CEE ENERGY & INFRA L,L
KEEPLEARN,EQ,DSJ KEEP LEARNING LTD,L
KERNEX,EQ,KERNEX MICROSYS(I) LTD,L
KEYFINSERV,BE,KEYNOTE FIN SERV LTD.,L
KHAITANLTD,EQ,KHAITAN (INDIA)LTD.,L
KKVAPOW,SM,KKV AGRO POWERS LTD.,L
KODYTECH,SM,KODY TECHNOLAB LIMITED,L
KPIGREEN,EQ,KPI GREEN ENERGY LIMITED,L
KRIDHANINF,BE,KRIDHAN INFRA LIMITED,L
KRITIKA,BE,KRITIKA WIRES LIMITED,L
LAGNAM,BE,LAGNAM SPINTEX LIMITED,L
LANCORHOL,BE,LANCOR HOLDINGS LIMITED,L
LASA,EQ,LASA SUPERGENERICS LTD,L
LGHL,EQ,LAXMI GOLDORNA HOUSE LTD,L
LORDSCHLO,BE,LORDS CHLORO ALKALI LTD,L
LRRPL,SM,LEAD REC AND RUB PROD LTD,L
MADHUCON,BE,MADHUCON PROJECTS LTD.,L
MAGNUM,EQ,MAGNUM VENTURES LTD.,L
MAHASTEEL,BE,MAHAMAYA STEEL INDS LTD,L
MAITREYA,SM,MAITREYA MEDICARE LIMITED,L
MASKINVEST,EQ,MASK INVESTMENTS LIMITED,L
MAXIND,BE,MAX INDIA LIMITED,L
MBECL,BE,MCNALLY BH. ENG. CO.LTD,L
MCL,BE,MADHAV COPPER LIMITED,L
MEDICO,BE,MEDICO REMEDIES LIMITED,L
MEGASOFT,EQ,MEGASOFT LTD,L
MEP,BE,MEP INFRA. DEVELOPERS LTD,L
METALFORGE,BZ,METALYST FORGINGS LIMITED,L
MIRCELECTR,EQ,MIRC ELECTRONICS LTD,L
MITCON,BE,MITCON CON & ENG SER LTD,L
MODIRUBBER,EQ,MODI RUBBER LTD,L
MONOPHARMA,SM,MONO PHARMACARE LIMITED,L
MORARJEE,BE,MORARJEE TEXTILES LIMITED,L
MOTISONS,EQ,MOTISONS JEWELLERS LTD,L
MOTOGENFIN,BE,MOTOR & GENERAL FINANCE L,L
MSPL,EQ,MSP STEEL & POWER LTD.,L
MTEDUCARE,BE,MT EDUCARE LTD,L
MUFIN,EQ,MUFIN GREEN FINANCE LTD,L
NAGAFERT,EQ,NAGARJUN FERT AND CHE LTD,L
NETWORK18,BE,NETWORK18 MEDIA & INV LTD,L
NIBL,EQ,NRB INDUS. BEARINGS LTD.,L
NILASPACES,EQ,NILA SPACES LIMITED,L
NIRAJ,BE,NIRAJ CEMENT STRUC LTD,L
NORBTEAEXP,EQ,NORBEN TEA & EXPORTS LTD,L
NTL,BE,NEUEON TOWERS LIMITED,L
OMKARCHEM,BZ,OMKAR SPL CHEM LTD,L
ONELIFECAP,BE,ONELIFE CAP ADVISORS LTD,L
ONEPOINT,BE,ONE POINT ONE SOL LTD,L
ORIENTCER,EQ,ORIENT CERATECH LIMITED,L
ORIENTLTD,EQ,ORIENT PRESS LIMITED,L
ORTEL,BZ,ORTEL COMMUNICATIONS LTD,L
OSWALSEEDS,BE,SHREEOSWAL S AND CHE LTD,L
OWAIS,SM,OWAIS METAL & MINERAL,L
PAISALO,EQ,PAISALO DIGITAL LIMITED,L
PARSVNATH,EQ,PARSVNATH DEVELOPER LTD,L
PENTAGOLD,SZ,PENTA GOLD LIMITED,L
PRAMARA,SM,PRAMARA PROMOTIONS LTD,L
PREMIER,BE,PREMIER LIMITED,L
PRITIKA,SM,PRITIKA ENG COMPO LTD,L
PVP,EQ,PVP VENTURES LIMITED,L
QUADPRO,ST,QUADPRO ITES LIMITED,L
QUINTEGRA,BE,QUINTEGRA SOLUTIONS LTD.,L
RADAAN,BE,RADAAN MEDIAWORKS (I) LTD,L
RADIOWALLA,ST,RADIOWALLA NETWORK LTD,L
RAJRILTD,BE,RAJ RAYON INDUSTRIES LTD,L
RBMINFRA,ST,RBM INFRACON LIMITED,L
RBZJEWEL,EQ,RBZ JEWELLERS LIMITED,L
RCOM,BE,RELIANCE COMMUNICATIONS L,L
REFEX,EQ,REFEX INDUSTRIES LIMITED,L
RKDL,EQ,RAVI KUMAR DIST. LTD.,L
RKEC,EQ,RKEC PROJECTS LIMITED,L
ROLTA,BZ,ROLTA INDIA LTD,L
RPOWER,BE,RELIANCE POWER LTD.,L
RTNPOWER,BE,RATTANINDIA POWER LIMITED,L
SABEVENTS,BE,SAB EVENTS & GOVERNANCE,L
SADBHIN,BE,SADBHAV INFRA PROJ LTD.,L
SAGARDEEP,BE,SAGARDEEP ALLOYS LIMITED,L
SAHANA,SM,SAHANA SYSTEM LIMITED,L
SALASAR,EQ,SALASAR TECHNO ENGG. LTD.,L
SALZERELEC,EQ,SALZER ELECTRONICS LTD,L
SANDUMA,EQ,SANDUR MANG & IRON ORES L,L
SANWARIA,BZ,SANWARIA CONSUMER LIMITED,L
SARVESHWAR,BE,SARVESHWAR FOODS LIMITED,L
SEJALLTD,BE,SEJAL GLASS LIMITED,L
SERVOTECH,EQ,SERVOTECH POWER SYS LTD.,L
SETUINFRA,BZ,SETUBANDHAN INFRA LTD,L
SEYAIND,BE,SEYA INDUSTRIES LIMITED,L
SHRENIK,EQ,SHRENIK LIMITED,L
SHYAMCENT,BE,SHYAM CENTURY FERROUS LTD,L
SICALLOG,BE,SICAL LOGISTICS LIMITED,L
SILGO,BE,SILGO RETAIL LIMITED,L
SINDHUTRAD,EQ,SINDHU TRADE LINKS LTD,L
SITINET,BE,SITI NETWORKS LIMITED,L
SKIL,BE,SKIL INFRASTRUCTURE LTD.,L
SKYGOLD,BE,SKY GOLD LIMITED,L
SMLT,BE,SARTHAK METALS LIMITED,L
SPARC,BE,SUN PHARMA ADV.RES.CO.LTD,L
SPMLINFRA,EQ,SPML INFRA LIMITED,L
SPTL,BZ,SINTEX PLASTICS TECH LTD,L
SRPL,BE,SHREE RAM PROTEINS LTD.,L
SSFL,SM,SRIVARI SPICES N FOODS L,L
SSINFRA,SZ,S S INFRA DEVP CONSL LTD,L
STARTECK,BE,STARTECK FINANCE LIMITED,L
SUMEETINDS,BE,SUMEET IND LIMITED,L
SUMIT,BE,SUMIT WOODS LIMITED,L
SUPREMEENG,BE,SUPREME ENGINEERING LTD,L
SURANASOL,EQ,SURANA SOLAR LIMITED,L
SURANI,SM,SURANI STEEL TUBES LTD.,L
SUULD,EQ,SUUMAYA INDUSTRIES LTD,L
SUVEN,BE,SUVEN LIFE SCIENCES LTD,L
SUVIDHAA,BE,SUVIDHAA INFOSERVE LTD,L
SUZLON,BE,SUZLON ENERGY LIMITED,L
SWELECTES,EQ,SWELECT ENERGY SYS LTD,L
SYNCOMF,BE,SYNCOM FORMU (I) LTD,L
TAC,ST,TAC INFOSEC LIMITED,L
TALBROAUTO,BE,TALBROS AUTO. COMP. LTD,L
TAPIFRUIT,SM,TAPI FRUIT PROCESSING LTD,L
TARC,BE,TARC LIMITED,L
TCIFINANCE,BE,TCIFINANCELTD-ROLL SETT,L
TCLCONS,BE,TANTIA CONSTRUCTIONS LTD,L
THOMASCOTT,BE,THOMAS SCOTT (INDIA) LTD,L
TIMESCAN,SM,TIMESCAN LOGISTICS IND L,L
TNTELE,BE,TAMILNADU TELECOMMUNICATI,L
TREEHOUSE,BE,TREE HOUSE EDU LTD,L
TRIL,BE,TRANS & RECTI. LTD,L
UMESLTD,BE,USHA MARTIN EDU & SOL LTD,L
UNITECH,BZ,UNITECH LIMITED,L
URBAN,SM,URBAN ENVIRO WASTE MGMT L,L
URJA,BE,URJA GLOBAL LIMITED,L
VCL,BE,VAXTEX COTFAB LIMITED,L
VIKASLIFE,BE,VIKAS LIFECARE LIMITED,L
VISAKAIND,EQ,VISAKA INDUSTRIES LIMITED,L
VISASTEEL,BE,VISA STEEL LIMITED,L
VLEGOV,BE,VL E GOV AND IT SOL LTD,L
VMARCIND,SM,V MARC INDIA LIMITED,L
WALCHANNAG,BE,WALCHANDNAGAR INDUSTRIES,L
WANBURY,EQ,WANBURY LIMITED,L
WEBELSOLAR,BE,WEBSOL ENERGY SYSTEM LTD,L
WEL,EQ,WONDER ELECTRICALS LTD,L
XELPMOC,BE,XELPMOC DESIGN & TECH LTD,L
YASHOPTICS,ST,YASH OPTICS & LENS LTD,L
ZENITHSTL,EQ,ZENITH STEEL PIP IND LTD,L
ZENTEC,EQ,ZEN TECHNOLOGIES LIMITED,L
ZODIAC,BE,ZODIAC ENERGY LIMITED,L
