GAIN_LOSS,SECURITY,CLOSE_PRIC,PREV_CL_PR,PERCENT_CG
 ,Nifty 50 Sec., , , 
 , , , , 
G,OIL AND NATURAL GAS CORP.,       279.85,       265.70,5.33
G,HINDALCO  INDUSTRIES  LTD,       612.70,       598.65,2.35
G,MARUTI SUZUKI INDIA LTD.,     12422.85,     12266.55,1.27
G,NESTLE INDIA LIMITED,      2553.65,      2536.20,.69
G,BRITANNIA INDUSTRIES LTD,      4761.90,      4751.75,.21
G,SUN PHARMACEUTICAL IND L,      1540.05,      1540.00,0
 , , , , 
L,SHRIRAM FINANCE LIMITED,      2414.65,      2485.60,-2.85
L,BAJAJ FINSERV LTD.,      1656.85,      1698.65,-2.46
L,WIPRO LTD,       459.35,       470.75,-2.42
L,ICICI BANK LTD.,      1078.35,      1104.40,-2.36
L,LARSEN & TOUBRO LTD.,      3600.80,      3679.25,-2.13
L,ADANI PORT & SEZ LTD,      1315.55,      1344.20,-2.13
L,BAJAJ FINANCE LIMITED,      7076.25,      7229.55,-2.12
L,ADANI ENTERPRISES LIMITED,      3147.45,      3209.90,-1.95
L,BHARAT PETROLEUM CORP  LT,       589.55,       601.20,-1.94
L,TATA MOTORS LIMITED,       998.80,      1018.50,-1.93
L,EICHER MOTORS LTD,      4219.35,      4302.25,-1.93
L,TECH MAHINDRA LIMITED,      1218.75,      1242.10,-1.88
L,SBI LIFE INSURANCE CO LTD,      1466.90,      1493.15,-1.76
L,HINDUSTAN UNILEVER LTD.,      2194.05,      2232.30,-1.71
L,DIVI S LABORATORIES LTD,      3716.55,      3779.70,-1.67
L,TATA CONSUMER PRODUCT LTD,      1130.65,      1149.45,-1.64
L,TATA STEEL LIMITED,       160.85,       163.50,-1.62
L,APOLLO HOSPITALS ENTER. L,      6303.15,      6406.55,-1.61
L,HDFC BANK LTD,      1494.70,      1518.95,-1.6
L,ULTRATECH CEMENT LIMITED,      9506.25,      9652.55,-1.52
L,LTIMINDTREE LIMITED,      4815.15,      4888.90,-1.51
L,TATA CONSULTANCY SERV LT,      3941.20,      4001.40,-1.5
L,AXIS BANK LIMITED,      1057.95,      1073.45,-1.44
L,HERO MOTOCORP LIMITED,      4381.20,      4440.80,-1.34
L,DR. REDDY S LABORATORIES,      6010.85,      6083.85,-1.2
L,STATE BANK OF INDIA,       757.50,       766.30,-1.15
L,INFOSYS LIMITED,      1468.15,      1484.75,-1.12
L,CIPLA LTD,      1381.40,      1396.80,-1.1
L,HCL TECHNOLOGIES LTD,      1505.05,      1521.50,-1.08
L,INDUSIND BANK LIMITED,      1539.90,      1555.65,-1.01
 , , , , 
 ,Nifty Next 50 Sec., , , 
 , , , , 
G,GAIL (INDIA) LTD,       203.70,       201.10,1.29
G,COLGATE PALMOLIVE LTD.,      2673.30,      2661.90,0.43
G,BHARAT ELECTRONICS LTD,       234.45,       233.50,0.41
G,SAMVRDHNA MTHRSN INTL LTD,       120.80,       120.55,0.21
 , , , , 
L,JIO FIN SERVICES LTD,       354.30,       372.20,-4.81
L,ADANI GREEN ENERGY LTD,      1815.10,      1884.05,-3.66
L,INDIAN RAILWAY FIN CORP L,       140.25,       145.30,-3.48
L,PIDILITE INDUSTRIES LTD,      2883.30,      2985.85,-3.43
L,UNITED SPIRITS LIMITED,      1148.95,      1182.95,-2.87
L,SRF LTD,      2557.35,      2632.30,-2.85
L,ABB INDIA LIMITED,      6561.05,      6752.95,-2.84
L,ZYDUS LIFESCIENCES LTD,       935.15,       962.15,-2.81
L,ADANI ENERGY SOLUTION LTD,      1039.45,      1068.90,-2.76
L,BAJAJ HOLDINGS & INVS LTD,      7953.40,      8175.55,-2.72
L,INDIAN RAIL TOUR CORP LTD,      1029.50,      1057.65,-2.66
L,INTERGLOBE AVIATION LTD,      3595.65,      3693.25,-2.64
L,POWER FIN CORP LTD.,       392.40,       403.00,-2.63
L,DLF LIMITED,       885.00,       908.60,-2.6
L,INFO EDGE (I) LTD,      5826.85,      5973.55,-2.46
L,SIEMENS LTD,      5440.85,      5577.45,-2.45
L,BANK OF BARODA,       261.40,       267.95,-2.44
L,REC LIMITED,       429.10,       439.25,-2.31
L,ADANI TOTAL GAS LIMITED,       926.25,       948.05,-2.3
L,TVS MOTOR COMPANY  LTD,      2000.15,      2046.85,-2.28
L,TORRENT PHARMACEUTICALS L,      2519.85,      2577.70,-2.24
L,ICICI LOMBARD GIC LIMITED,      1630.30,      1667.20,-2.21
L,INDIAN OIL CORP LTD,       166.40,       170.15,-2.2
L,SBI CARDS & PAY SER LTD,       721.40,       737.65,-2.2
L,CANARA BANK,       593.10,       605.85,-2.1
L,TRENT LTD,      3969.20,      4053.85,-2.09
L,ICICI PRU LIFE INS CO LTD,       616.35,       629.00,-2.01
L,ZOMATO LIMITED,       188.30,       192.10,-1.98
L,BERGER PAINTS (I) LTD,       545.95,       556.75,-1.94
L,GODREJ CONSUMER PRODUCTS,      1177.40,      1199.75,-1.86
 , , , , 
 ,OTHER SECURITIES, , , 
 , , , , 
G,PRATHAM EPC PROJECTS LTD,       163.50,       136.25,20
G,SENCO GOLD LIMITED,       951.90,       801.50,18.76
G,ASHIANA HOUSING LTD,       387.05,       335.00,15.54
G,CAPRI GLOBAL CAPITAL LTD,       245.05,       218.90,11.95
G,SELAN EXPLO. TECH LTD,       596.20,       534.00,11.65
G,CADSYS (INDIA) LIMITED,       396.00,       360.00,10
G,TIRUPATI FORGE LIMITED,        18.15,        16.50,10
G,SOLEX ENERGY LIMITED,       923.35,       839.45,9.99
G,TARA CHAND INFRA SOLN LTD,       327.10,       297.40,9.99
G,RAJDARSHAN INDUSTRIES LTD,        45.50,        41.40,9.9
G,DRONE DESTINATION LIMITED,       218.45,       199.05,9.75
G,PURAVANKARA LIMITED,       354.90,       324.05,9.52
G,LIKHITHA INFRASTRUC LTD,       279.45,       255.40,9.42
G,KRISHNA DEF AND ALD IND L,       435.25,       399.90,8.84
G,7.35% TAX FREE TRI SRIIA,      1092.00,      1005.00,8.66
G,MAHALAXMI RUBTECH LIMITED,       347.00,       322.00,7.76
G,DUCOL ORGS AND COLOURS LT,       104.80,        97.25,7.76
G,FONEBOX RETAIL LIMITED,       142.95,       133.00,7.48
G,URAVI T AND WEDG LAMP LTD,       330.40,       308.20,7.2
G,ASTER DM HEALTHCARE LTD.,       522.75,       488.20,7.08
G,MOS UTILITY LIMITED,       181.35,       169.50,6.99
G,SERENCD8.84%SRVICIII&IV,       959.00,       899.00,6.67
G,PAR DRUGS AND CHEM LTD,       263.75,       247.45,6.59
G,NEULAND LAB LTD.,      7103.25,      6665.40,6.57
G,CSB BANK LIMITED,       411.15,       387.15,6.2
G,MCON RASAYAN INDIA LTD,       129.00,       121.70,6
G,MINDTECK (INDIA) LIMITED,       305.20,       288.80,5.68
G,ISMT LIMITED,       101.75,        96.30,5.66
G,NDL VENTURES LIMITED,       103.75,        98.20,5.65
G,RITCO LOGISTICS LIMITED,       256.85,       243.25,5.59
 , , , , 
L,8.67% SEC RED BOND S3A,      1095.60,      1325.00,-17.31
L,8.66% TAX FREE NCD,      1105.00,      1270.00,-12.99
L,SAHAJ FASHIONS LIMITED,        22.15,        25.40,-12.8
L,KANDARP DG SMART BPO LTD,        23.05,        26.25,-12.19
L,RITE ZONE CHEMCON IND LTD,        44.00,        49.40,-10.93
L,RELIANCE CHEMOTEX IND LTD,       212.25,       237.85,-10.76
L,SEC RE NCD 9.39% SR.VIII,       825.45,       924.95,-10.76
L,VARANIUM CLOUD LIMITED,        51.30,        57.00,-10
L,SRIVARI SPICES N FOODS L,       373.95,       415.40,-9.98
L,ORICON ENTERPRISES LTD,        37.50,        41.45,-9.53
L,DRC SYSTEMS INDIA LIMITED,        18.70,        20.50,-8.78
L,KRYSTAL INTEGRATED SER L,       932.70,      1016.30,-8.23
L,WE WIN LIMITED,        81.25,        88.10,-7.78
L,NIRMAN AGRI GENTICS LTD,       190.00,       206.00,-7.77
L,DOLPHIN OFF ENT (IND) L,       316.15,       342.20,-7.61
L,GINNI FILAMENTS LTD,        32.20,        34.75,-7.34
L,ARVIND AND COMPANY,        46.25,        49.90,-7.31
L,AKASH INFRA-PROJECTS LTD,        36.10,        38.90,-7.2
L,JFL LIFE SCIENCES LIMITED,        40.00,        43.00,-6.98
L,IFCI LTD,        42.00,        45.15,-6.98
L,SAKTHI SUGARS LTD,        33.15,        35.60,-6.88
L,PARAGON FINE S.C. LTD.,       127.35,       136.65,-6.81
L,VINSYS IT SERVICES IND LT,       288.95,       309.35,-6.59
L,SADBHAV ENGINEERING LTD,        32.00,        34.25,-6.57
L,GANGES SECURITIES LIMITED,       134.65,       144.10,-6.56
L,TRANSWARRANTY FIN. LTD.,        10.70,        11.45,-6.55
L,HMA AGRO INDUSTRIES LTD,        64.40,        68.85,-6.46
L,PEARL POLYMERS LTD,        36.70,        39.20,-6.38
L,IND SWIFT LABORATORIES LT,       121.70,       129.95,-6.35
L,EMKAY GLOBAL FIN SERV LTD,       153.05,       163.40,-6.33
