SECURITY,NEW,PREVIOUS,NEW_STATUS
21ST CENTURY MGMT SERVICE,50.4,49.45,H
2.50%GOLDBONDS 2025SR-IX,7240,7120,H
2.50%GOLDBONDS2026SR-XIV,7440,7101,H
TARA CHAND INFRA SOLN LTD,327.1,300,H
2.5%GOLDBONDS2028SR-III,7195,7179,H
2.50%GOLDBONDS2027SR-VI,7449,7225,H
2.50%GOLDBONDS2029SR-XI,7250,7199,H
MIRAEAMC - MAGOLDETF,74.75,72.98,H
2.50%GOLDBONDS2029SR-IV,7250,7145,H
2.50%GOLDBONDS2030SR-III,7250,7199,H
DRONE DESTINATION LIMITED,238,205,H
ELECTROTHERM (I) LTD.,656.7,643.85,H
MODERN THREADS INDIA LTD,61.95,60.75,H
THERMAX LTD,4875,4685.5,H
2.75% GOLDBONDS2024TR-IV,7745,7422,H
2.50%GOLDBONDS2026SR-I,7347,7293,H
2.5%GOLDBONDS2028SR-VIII,7400,7159,H
2.50%GOLDBONDS2027SR-VII,7274.9,7240,H
2.50%GOLDBONDS2028SR-VI,7260,7148,H
2.50%GOLDBONDS2029SR-XII,7229.85,7164,H
GLOBAL VEC HELICORP LTD,166.65,158.75,H
MIRAEAMC - MAM150ETF,19.3,19.2,H
AIRTEL RS. 1.25 PPD UP,844.6,841.8,H
2.50%GOLDBONDS2031SR-IV,7248,7199.99,H
SEC RE NCD 0% SR.II,1082.55,1080.55,H
2.50%GOLDBONDS2031SR-I,7218.87,7165.98,H
R. S. SOFTWARE (INDIA) LI,280.95,275.45,H
KCK INDUSTRIES LTD,77.1,76.25,H
SIMPLEX INFRASTRUCTURES L,140,137.3,H
EDELAMC - EGOLD,75.15,74.8,H
GOI TBILL 182D-05/09/24,97.11,97.1,H
SEC RE NCD 11% SR V,1015,1013,H
PRUDENTIAL SUGAR CORPORAT,26.75,26.25,H
PREMIER EXPLOSIVES LTD,2045,2004.8,H
INVESCO INDIA GOLD ETF,6510.75,6500.05,H
2.50% GOLDBONDS2025SR-VI,7200,7149,H
2.50%GOLDBONDS 2025 SR-X,7350,7200,H
2.50%GOLDBONDS2025 SR-XII,7365,7200,H
2.50%GOLDBONDS2028SR-IV,7239.79,7144.99,H
2.50%GOLDBONDS2028SR-VII,7260,7197.9,H
2.50%GOLDBONDS2027SR-V,7290,7225,H
2.50%GOLDBONDS2029SR-X,7220,7145,H
2.5%GOLDBONDS2029SR-II,7198.99,7145,H
2.5%GOLDBONDS2029SR-III,7270,7199,H
KAPSTON SERVICES LIMITED,285.7,272,H
MAHALAXMI RUBTECH LIMITED,376,348.5,H
TARAPUR TRANSFORMERS LTD,9.25,9.1,H
KEYNOTE FIN SERV LTD.,187.1,145.9,H
GOI TBILL 182D-25/07/24,97.71,97.61,H
PRECOT LIMITED,357,352,H
DOLPHIN OFF ENT (IND) L,342.2,236,H
2.50% GOLDBONDS2024 TR-VI,7270,7249,H
2.50%GOLDBONDS2027SR-VI,7250,7245,H
2.50%GOLDBONDS2028SR-II,7220,7160,H
D. P. ABHUSHAN LIMITED,1189,1142.55,H
YUKEN INDIA LIMITED,984.4,945,H
SANSERA ENGINEERING LTD,1095,1089.95,H
2.5%GOLDBONDS2029SR-I,7210,7150,H
SURATWWALA BUS GROUP LTD,979.8,970,H
HDFC GOLD ETF,65.4,64.1,H
2.50%GOLDBONDS2031SR-II,7260,7140,H
SUPREME INFRA. LTD,90.7,88.95,H
ALPEX SOLAR LIMITED,443.75,432.1,H
DSPAMC - DSPGOLDETF,74.1,73.99,H
GOI TBILL 182D-23/05/24,99.1,99.03,H
S&S POWER SWITCHGEARS,279.5,268,H
2.50% GOLDBONDS2025SR-III,7299,7199,H
2.50%GOLDBONDS2027SR-II,7240,7230,H
2.50%GOLDBONDS2027SR-V,7250,7244.9,H
2.50%GOLDBONDS2028SR-X,7236.53,7148,H
2.5%GOLDBONDS2029SR-VI,7224,7139,H
TRANS & RECTI. LTD,574.25,546.95,H
SEC RE NCD 10.25% SR I,1020,1015,H
2.50%GOLDBONDS2031SR-III,7269,7169.99,H
GOI TBILL 364D-18/04/24,99.9,99.8,H
GOI TBILL 91D-30/05/24,99.11,99.1,H
SEC RE NCD 10.00% SR. I,1015,999.98,H
PRATHAM EPC PROJECTS LTD,163.5,136.25,H
EXIDE INDUSTRIES LTD,423.65,403,H
SGB2.50%JUL2025SR-II17-18,7244,7220,H
MINDTECK (INDIA) LIMITED,317,296.8,H
2.50% GOLDBONDS2025SR-IV,7250,7099.99,H
2.50%GOLDBONDS2028SR-I,7400,7299,H
2.50%GOLDBONDS2028SR-VIII,7346.99,7160,H
ANAND RATHI WEALTH LTD,4211,4125,H
ICICI PRUDENTIAL GOLD ETF,65,63.95,H
ICICIPRAMC - ICICICOMMO,89.65,88.01,H
ORIANA POWER LIMITED,1310.2,1247.85,H
2.5%GOLDBONDS2029SR-VII,7215,7165,H
2.50%GOLDBONDS2029SR-V,7350,7200,H
2.50%GOLDBONDS2029SR-VIII,7289,7199,H
UNSERENCD9.1%SRIIICIII&IV,1092,1090,H
ASPIRE & INNOVATIVE ADV L,73.6,70.1,H
DIAMOND POWER INFRA LTD,648.65,635.95,H
GOI TBILL 182D-27/06/24,98.15,98.14,H
GOI TBILL 182D-30/05/24,98.55,98.34,H
CREATIVE GRAPHICS S IND L,184.55,183.75,H
DSPAMC - LIQUIDADD,1004.53,1004.35,H
MANGALAM CEMENT LTD,873.7,848,H
CADSYS (INDIA) LIMITED,396,360,H
GKW LIMITED,2416.6,2301.55,H
INDUS TOWERS LIMITED,337.75,336,H
2.50%GOLDBONDS2027SR-I,7347,7225,H
2.50%GOLDBONDS2027SR-III,7700,7300,H
2.50%GOLDBONDS2027SR-IV,7569.7,7225,H
2.50%GOLDBONDS2029SR-IX,7340,7148.9,H
MIRAEAMC - MASILVER,87.12,84,H
2.50%GOLDBONDS2030SR-X,7244,7169.99,H
SENCO GOLD LIMITED,961.8,897,H
HDFCAMC - HDFCNIFTY,254.3,253.45,H
MODI RUBBER LTD,120.05,118.2,H
GOI TBILL 182D-06/06/24,99.11,99.07,H
ATLANTAA LIMITED,33.9,32.35,H
DSPAMC - DSPPVBKETF,24.85,24.64,H
2.50%GOLDBONDS2032SR-IV,7400,7178,H
ASHIANA HOUSING LTD,398.75,355.9,H
ASTER DM HEALTHCARE LTD.,558,500,H
2.50%GOLDBONDS2025SR-VIII,7205,7149,H
2.50%GOLDBONDS2028SR-IX,7299,7174.99,H
MOTILAL OS MIDCAP100 ETF,55.05,54.6,H
MOS UTILITY LIMITED,184.8,183.95,H
2.50%GOLDBONDS2030SR-I,7289,7199,H
2.50%GOLDBONDS2030SR-IX,7201,7158,H
ART NIRMAN LIMITED,63.4,63.3,H
TRUST FINTECH LIMITED,201.35,191.8,H
DSPAMC - DSPSILVETF,85.5,83.11,H
KOTAKMAMC - KTKNV20ETF,142.49,141.5,H
GOI TBILL 182D-08/08/24,97.51,97.5,H
SRI ADHIKARI BRO TELE N L,63.75,60.75,H
ENFUSE SOLUTIONS LIMITED,141,130.9,H
SEC RE NCD 9.39% SR.VIII,815,865,L
ASHOKA METCAST LIMITED,19.75,20.15,L
MANAKSIA STEELS LTD,61.9,63.15,L
RADIOWALLA NETWORK LTD,110.6,113.9,L
GILLANDERS ARBUTHNOT LTD,81.35,82.45,L
MITTAL LIFE STYLE LIMITED,1.7,1.75,L
MEP INFRA. DEVELOPERS LTD,9.4,9.5,L
JHS SVEND. LAB. LTD,18.25,18.6,L
SEC RE NCD SR III,900,910.2,L
OSIA HYPER RETAIL LIMITED,31.8,32.45,L
TERA SOFTWARE LIMITED,51.05,52.1,L
GACM TECHNOLOGIES LIMITED,3.55,3.6,L
SRM CONTRACTORS LIMITED,199,201,L
DSPAMC - DSPITETF,34.61,35.01,L
SHREEOSWAL S AND CHE LTD,34.15,35.8,L
NANDANI CREATION LIMITED,46.6,48.2,L
FUTURE SUPP CHAIN SOL LTD,6.3,6.45,L
ACCURACY SHIPPING LIMITED,8.7,8.75,L
SIGNPOST INDIA LIMITED,317.15,325.1,L
SAMBHAAV MEDIA LTD,5.55,5.65,L
GOPAL SNACKS LIMITED,311.3,322.7,L
VINEET LABORATORIES LTD,53.65,54.75,L
AVP INFRACON LIMITED,63,70.8,L
KANANI INDUSTRIES LTD,4.15,4.2,L
DSPAMC - DSPBANKETF,40.75,45.39,L
MANAK ALUMINIUM CO. LTD.,26.65,27.1,L
MARSHALL MACHINES LTD,27.6,28.15,L
NARMADA AGROBASE LIMITED,21.65,22.1,L
RAMA STEEL TUBES LIMITED,12,12.45,L
IDEAFORGE TECHNO LTD,679.25,686,L
UTIAMC - NIFITETF,344.13,346.57,L
SECUREKLOUD TECH LIMITED,42.6,43.45,L
BGR ENERGY SYSTEMS LTD,40.15,40.95,L
YASH OPTICS & LENS LTD,83.45,83.7,L
MADHAV MARBLE & GRANITE,42.4,43.25,L
MUKKA PROTEINS LIMITED,35,35.6,L
SIGNORIA CREATION LIMITED,155,161,L
SINCLAIRS HOTELS LIMITED,120.1,122,L
SURANA TELECOM AND POW LT,16.5,16.8,L
HDFCAMC - HDFCNIFIT,34.9,35.31,L
BHARAT ROAD NETWORK LTD,62.75,64,L
KOTAKMAMC - KOTAKIT,36.32,36.62,L
ALUWIND ARCHITECTURAL LTD,41.8,43.1,L
PURV FLEXIPACK LIMITED,194.1,208.05,L
MOTILALAMC - MOSMALL250,13,14,L
DHRUV CONSULTANCY SER LTD,101.65,103.7,L
CORAL INDIA FIN & HOUS LT,42.6,43.45,L
SHANTI OVERSEAS INDIA LTD,15.9,16.1,L
NILA INFRASTRUCTURES LTD,11.4,11.6,L
PENTA GOLD LIMITED,3.95,4.15,L
INVENTURE GRO & SEC LTD,2.4,2.45,L
K2 INFRAGEN LIMITED,141.45,148.6,L
MCLEOD RUSSEL INDIA LTD.,27.1,27.65,L
RAJNANDINI METAL LIMITED,11.8,12,L
MEDICO REMEDIES LIMITED,44.5,45.7,L
BODHI TREE MULTIMEDIA LTD,16.2,16.65,L
CMI LIMITED,5.2,5.45,L
ASTRON PAPER BORD MIL LTD,22,22.45,L
V R INFRASPACE LIMITED,100,102,L
M K PROTEINS LIMITED,11.3,11.5,L
ENSER COMMUNICATIONS LTD,68.95,69.5,L
RAVINDER HEIGHTS LIMITED,48.9,49.9,L
SEC RE NCD 9.71% SR VIII,910.2,1000,L
INTEGRA ESSENTIA LIMITED,3.15,3.2,L
VIPUL LIMITED,32.65,33.3,L
VISESH INFOTECNICS LTD,0.4,0.45,L
AKSHAR SPINTEX LIMITED,2.5,2.55,L
UDAYSHIVAKUMAR INFRA LTD,55.25,56.35,L
IVP LIMITED,174.35,177.9,L
LATTEYS INDUSTRIES LTD,15.8,16.1,L

