SYMBOL,SERIES,SECURITY,HIGH/LOW,INDEX FLAG
21STCENMGM,BE,21ST CENTURY MGMT SERVICE,H
63MOONS,EQ,63 MOONS TECHNOLOGIES LTD,H
A2ZINFRA,BE,A2Z INFRA ENGINEERING LTD,H
AAKASH,EQ,AAKASH EXPLORATION SER L,H
AAREYDRUGS,BE,AAREY DRUGS & PHARM LTD,H
AARVEEDEN,EQ,AARVEE DEN. & EXP. LTD,H
ABAN,BE,ABAN OFFSHORE LTD.,H
ACCURACY,EQ,ACCURACY SHIPPING LIMITED,H
ACL,EQ,ANDHRA CEMENTS LIMITED,H
ADROITINFO,EQ,ADROIT INFOTECH LIMITED,H
AHLADA,BE,AHLADA ENGINEERS LIMITED,H
AIMTRON,ST,AIMTRON ELECTRONICS LTD,H
AKI,EQ,AKI INDIA LIMITED,H
AKSHAR,BE,AKSHAR SPINTEX LIMITED,H
ALANKIT,EQ,ALANKIT LIMITED,H
ALOKINDS,EQ,ALOK INDUSTRIES LIMITED,H
ALPEXSOLAR,SM,ALPEX SOLAR LIMITED,H
AMDIND,EQ,AMD INDUSTRIES LIMITED,H
ANSALAPI,BZ,ANSAL PROP & INFRA LTD,H
APOLLO,EQ,APOLLO MICRO SYSTEMS LTD,H
APS,SM,AUSTRALIAN PREM SOLAR I L,H
ARCHIDPLY,BE,ARCHIDPLY IND. LTD,H
ARCHIES,BE,ARCHIES LTD,H
ARSHIYA,BE,ARSHIYA LIMITED,H
ARTNIRMAN,EQ,ART NIRMAN LIMITED,H
ASHOKAMET,EQ,ASHOKA METCAST LIMITED,H
ASIANENE,EQ,ASIAN ENERGY SERVICES LTD,H
ASLIND,ST,ASL INDUSTRIES LIMITED,H
ASMS,EQ,BARTRONICS INDIA LIMITED,H
ATMASTCO,SM,ATMASTCO LIMITED,H
AUSOMENT,BE,AUSOM ENTERPRISE LIMITED,H
AZAD,EQ,AZAD ENGINEERING LIMITED,H
BAGFILMS,BE,B.A.G FILMS AND MEDIA LTD,H
BAHETI,SM,BAHETI RECYCLING IND LTD,H
BAJEL,EQ,BAJEL PROJECTS LIMITED,H
BALAJITELE,EQ,BALAJI TELEFILMS LIMITED.,H
BEACON,ST,BEACON TRUSTEESHIP LTD,H
BHAGYANGR,EQ,BHAGYANAGAR INDIA LIMITED,H
BINANIIND,BE,BINANI INDUSTRIES LTD,H
BIOCON,EQ,BIOCON LIMITED.,H
BIRLAMONEY,EQ,ADITYA BIRLA MONEY LTD,H
BLBLIMITED,BE,BLB LIMITED,H
BMETRICS,SM,BOMBAY METRICS S C LTD,H
BVCL,EQ,BARAK VALLEY CEM. LTD.,H
CALSOFT,BE,CALIFORNIA SOFTWARE CO LT,H
CAREERP,EQ,CAREER POINT LIMITED,H
CELLECOR,SM,CELLECOR GADGETS LIMITED,H
CENTEXT,EQ,CENTURY EXTRUSIONS LTD,H
CINEVISTA,BE,CINEVISTA LIMITED,H
CMNL,SM,CHAMAN METALLICS LIMITED,H
COCHINSHIP,EQ,COCHIN SHIPYARD LIMITED,H
CORDSCABLE,EQ,CORDS CABLE INDUS LTD.,H
COUNCODOS,EQ,COUNTRY CONDO S LIMITED,H
CUBEXTUB,BE,CUBEXTUBINGS-ROLLSETT,H
CUPID,BE,CUPID LIMITED,H
DBCORP,EQ,D.B.CORP LTD,H
DCI,BE,DC INFOTECH AND COMUN LTD,H
DCMFINSERV,BE,DCM FINANCIAL SERVICES LT,H
DIGIDRIVE,BE,DIGIDRIVE DISTRIBUTORS L,H
DOLPHIN,BE,DOLPHIN OFF ENT (IND) L,H
DREDGECORP,EQ,DREDGING CORP OF INDIA,H
DRONE,SM,DRONE DESTINATION LIMITED,H
DVL,EQ,DHUNSERI VENTURES LIMITED,H
DYNAMIC,SM,DYNAMIC SRVCS & SEC LTD,H
E2E,BE,E2E NETWORKS LIMITED,H
EIMCOELECO,BE,EIMCO ELECON (INDIA) LTD,H
ELECTHERM,BE,ELECTROTHERM (I) LTD.,H
ELGIRUBCO,BE,ELGI RUBBER CO. LTD,H
ENERGYDEV,EQ,ENERGY DEVE. CO.LTD,H
ESCONET,SM,ESCONET TECHNOLOGIES LTD,H
ESSARSHPNG,EQ,ESSAR SHIPPING LTD,H
EXCEL,BE,EXCEL REALTY N INFRA LTD,H
FCSSOFT,EQ,FCS SOFTWARE SOLN. LTD.,H
FEL,BZ,FUTURE ENTERPRISES LTD,H
FLFL,BZ,FUT LIFESTYLE FASH LTD,H
FRETAIL,BZ,FUTURE RETAIL LIMITED,H
GANESHHOUC,EQ,GANESH HOUSING CORP LTD,H
GANGAFORGE,BE,GANGA FORGING LIMITED,H
GAYAHWS,BE,GAYATRI HIGHWAYS LIMITED,H
GENUSPOWER,EQ,GENUS POWER INFRASTRU LTD,H
GINNIFILA,EQ,GINNI FILAMENTS LTD,H
GKWLIMITED,BE,GKW LIMITED,H
GLOBAL,BE,GLOBAL EDUCATION LIMITED,H
GLOBALVECT,BE,GLOBAL VEC HELICORP LTD,H
GLOBE,EQ,GLOBE TEXTILES (I) LTD.,H
GMRP&UI,EQ,GMR POW AND URBAN INFRA L,H
GODHA,EQ,GODHA CABCON INSULAT LTD,H
GOLDENTOBC,BZ,GOLDEN TOBACCO LIMITED,H
GOLDTECH,EQ,AION-TECH SOLUTIONS LTD,H
GPTINFRA,BE,GPT INFRAPROJECTS LTD,H
GRCL,SM,GAYATRI RUBB AND CHEM LTD,H
GREENPOWER,EQ,ORIENT GREEN POWER CO LTD,H
GRSE,EQ,GARDEN REACH SHIP&ENG LTD,H
GSS,BE,GSS INFOTECH LIMITED,H
GSTL,SM,GLOBESECURE TECHNO LTD,H
GTLINFRA,EQ,GTL INFRA.LTD,H
GUJAPOLLO,EQ,GUJ. APOLLO IND. LTD.,H
GVPTECH,EQ,GVP INFOTECH LIMITED,H
HBSL,EQ,HB STOCKHOLDINGS LIMITED,H
HDIL,BZ,HOUSING DEV & INFRA LTD,H
HERITGFOOD,EQ,HERITAGE FOODS LTD,H
HILTON,EQ,HILTON METAL FORGING LTD,H
HINDNATGLS,BE,HIND NATL GLASS & IND LTD,H
HIRECT,EQ,HIND RECTIFIER LIMITED,H
HITECHGEAR,BE,THE HI-TECH GEARS LIMITED,H
HLVLTD,BE,HLV LIMITED,H
HMT,BZ,HMT LTD -,H
HOACFOODS,ST,HOAC FOODS INDIA LIMITED,H
HOVS,BE,HOV SERVICES LTD,H
HSCL,EQ,HIMADRI SPECIALITY CHEM L,H
HUBTOWN,EQ,HUBTOWN LIMITED,H
HYBRIDFIN,EQ,HYBRID FINANCIAL SERVICE,H
ICICIB22,EQ,ICICIPRAMC - BHARATIWIN,H
IL&FSENGG,BZ,IL&FS ENG AND CONS CO LTD,H
IMPEXFERRO,BE,IMPEX FERRO TECH LIMITED,H
INDOWIND,EQ,INDOWIND ENERGY LTD,H
INFOMEDIA,BE,INFOMEDIA PRESS LIMITED,H
INOXGREEN,EQ,INOX GREEN ENERGY SER LTD,H
INSPIRE,SM,INSPIRE FILMS LIMITED,H
IPL,EQ,INDIA PESTICIDES LIMITED,H
IWEL,BE,INOX WIND ENERGY LIMITED,H
IZMO,EQ,IZMO LIMITED,H
JAINAM,SM,JAINAM FER ALLOYS (I) LTD,H
JALAN,SM,JALAN TRANSOLU. INDIA LTD,H
JAYNECOIND,EQ,JAYASWAL NECO INDUSTR LTD,H
JITFINFRA,BE,JITF INFRALOGISTICS LTD,H
JUBLINDS,EQ,JUBILANT INDUSTRIES LTD,H
JYOTICNC,EQ,JYOTI CNC AUTOMATION LTD,H
JYOTISTRUC,BE,JYOTI STRUCTURES,H
KAMATHOTEL,EQ,KAMAT HOTELS (I) LTD,H
KAMDHENU,EQ,KAMDHENU LIMITED,H
KBCGLOBAL,EQ,KBC GLOBAL LIMITED,H
KDL,SM,KORE DIGITAL LIMITED,H
KEEPLEARN,BE,DSJ KEEP LEARNING LTD,H
KERNEX,EQ,KERNEX MICROSYS(I) LTD,H
KODYTECH,SM,KODY TECHNOLAB LIMITED,H
KONSTELEC,SM,KONSTELEC ENGINEERS LTD,H
KONTOR,SM,KONTOR SPACE LIMITED,H
KPIGREEN,EQ,KPI GREEN ENERGY LIMITED,H
KSHITIJPOL,EQ,KSHITIJ POLYLINE LIMITED,H
LANCORHOL,EQ,LANCOR HOLDINGS LIMITED,H
LASA,EQ,LASA SUPERGENERICS LTD,H
LATENTVIEW,BE,LATENT VIEW ANALYTICS LTD,H
LLOYDS,SM,LLOYDS LUXURIES LIMITED,H
LRRPL,SM,LEAD REC AND RUB PROD LTD,H
MACPOWER,BE,MACPOWER CNC MACHINES LTD,H
MADHUCON,BE,MADHUCON PROJECTS LTD.,H
MARATHON,EQ,MARATHON NXTGEN REALT LTD,H
MARINE,EQ,MARINE ELECTRICAL (I) LTD,H
MBECL,BE,MCNALLY BH. ENG. CO.LTD,H
MBLINFRA,EQ,MBL INFRASTRUCTURE LTD,H
MCLEODRUSS,EQ,MCLEOD RUSSEL INDIA LTD.,H
MEGASOFT,EQ,MEGASOFT LTD,H
MGEL-RE,BE,MANGALAM GLOBAL ENT LTD,H
MICEL,EQ,MIC ELECTRONICS LTD,H
MOTISONS,EQ,MOTISONS JEWELLERS LTD,H
MOTOGENFIN,EQ,MOTOR & GENERAL FINANCE L,H
MRO-TEK,BE,MRO-TEK REALTY LIMITED,H
MTEDUCARE,BE,MT EDUCARE LTD,H
MUFIN,EQ,MUFIN GREEN FINANCE LTD,H
MUNJALAU,EQ,MUNJAL AUTO IND. LTD.,H
NAGREEKCAP,EQ,NAGREEKA CAP & INFR.LTD,H
NAGREEKEXP,EQ,NAGREEKA EXPORTS LTD.,H
NETWEB,EQ,NETWEB TECH INDIA LTD,H
NETWORK18,EQ,NETWORK18 MEDIA & INV LTD,H
NIBL,EQ,NRB INDUS. BEARINGS LTD.,H
NILAINFRA,EQ,NILA INFRASTRUCTURES LTD,H
NITCO,BE,NITCO LIMITED,H
NKIND,EQ,NK INDUSTRIES LTD,H
NOIDATOLL,EQ,NOIDA TOLL BRIDGE CO LTD,H
NORBTEAEXP,EQ,NORBEN TEA & EXPORTS LTD,H
NPST,SM,NETWORK PEOPLE SRV TECH L,H
NRL,EQ,NUPUR RECYCLERS LIMITED,H
NTL,BE,NEUEON TOWERS LIMITED,H
OILCOUNTUB,BE,OIL COUNTRY TUBULAR LTD.,H
ONELIFECAP,BE,ONELIFE CAP ADVISORS LTD,H
ORTEL,BZ,ORTEL COMMUNICATIONS LTD,H
OSIAHYPER,BE,OSIA HYPER RETAIL LIMITED,H
OSWALSEEDS,BE,SHREEOSWAL S AND CHE LTD,H
PAISALO,EQ,PAISALO DIGITAL LIMITED,H
PALREDTEC,BE,PALRED TECHNOLOGIES LTD,H
PANSARI,EQ,PANSARI DEVELOPERS LTD,H
PARACABLES,BE,PARAMOUNT COMM LTD,H
PARASPETRO,BE,PARAS PETROFILS LTD.,H
PARSVNATH,EQ,PARSVNATH DEVELOPER LTD,H
PASHUPATI,SM,PASHUPATI COTSPIN LIMITED,H
PAVNAIND,EQ,PAVNA INDUSTRIES LIMITED,H
PCJEWELLER,EQ,PC JEWELLER LTD,H
PEARLPOLY,BE,PEARL POLYMERS LTD,H
PERFECT,SM,PERFECT INFRAENGINEER LTD,H
PRAENG,BE,PRAJAY ENG. SYN. LTD.,H
PRATHAM,SM,PRATHAM EPC PROJECTS LTD,H
PREMIER,BE,PREMIER LIMITED,H
PRITIKAUTO,EQ,PRITIKA AUTO INDUS LTD,H
PULZ,SM,PULZ ELECTRONICS LIMITED,H
PVP,EQ,PVP VENTURES LIMITED,H
RAJMET,BE,RAJNANDINI METAL LIMITED,H
RAMCOSYS,BE,RAMCO SYSTEMS LTD,H
RANEENGINE,EQ,RANE ENG VALVE LTD,H
RBMINFRA,SM,RBM INFRACON LIMITED,H
REFEX,EQ,REFEX INDUSTRIES LIMITED,H
RKDL,EQ,RAVI KUMAR DIST. LTD.,H
RKEC,EQ,RKEC PROJECTS LIMITED,H
RPOWER,EQ,RELIANCE POWER LTD.,H
RPPINFRA,BE,R.P.P INFRA PROJECTS LTD.,H
RPPL,BE,RAJSHREE POLYPACK LTD,H
RVHL,EQ,RAVINDER HEIGHTS LIMITED,H
SABAR,SM,SABAR FLEX INDIA LIMITED,H
SADBHAV,BE,SADBHAV ENGINEERING LTD,H
SADBHIN,EQ,SADBHAV INFRA PROJ LTD.,H
SAGARDEEP,EQ,SAGARDEEP ALLOYS LIMITED,H
SAHANA,SM,SAHANA SYSTEM LIMITED,H
SALASAR,EQ,SALASAR TECHNO ENGG. LTD.,H
SALZERELEC,EQ,SALZER ELECTRONICS LTD,H
SANCO,BZ,SANCO INDUSTRIES LIMITED,H
SARTELE,SM,SAR TELEVENTURE LIMITED,H
SARVESHWAR,EQ,SARVESHWAR FOODS LIMITED,H
SEAMECLTD,EQ,SEAMEC LIMITED,H
SECL,SM,SALASAR EXTERIOR CONT LTD,H
SECMARK,BE,SECMARK CONSULTANCY LTD,H
SEL,SM,SUNGARNER ENERGIES LTD,H
SEMAC,BE,SEMAC CONSULTANTS LIMITED,H
SEPC,EQ,SEPC LIMITED,H
SETUINFRA,BZ,SETUBANDHAN INFRA LTD,H
SEYAIND,BE,SEYA INDUSTRIES LIMITED,H
SHAHALLOYS,EQ,SHAH ALLOYS LIMITED,H
SHAKTIPUMP,EQ,SHAKTI PUMPS (I) LTD,H
SHALPAINTS,EQ,SHALIM PAINTS LTD,H
SHANTI,BE,SHANTI OVERSEAS INDIA LTD,H
SHIVATEX,EQ,SHIVA TEXYARN LIMITED,H
SHRENIK,EQ,SHRENIK LIMITED,H
SHYAMCENT,BE,SHYAM CENTURY FERROUS LTD,H
SICALLOG,BE,SICAL LOGISTICS LIMITED,H
SIMPLEXINF,BE,SIMPLEX INFRASTRUCTURES L,H
SINDHUTRAD,EQ,SINDHU TRADE LINKS LTD,H
SJLOGISTIC,SM,S J LOGISTICS (INDIA) LTD,H
SKYGOLD,BE,SKY GOLD LIMITED,H
SMLT,EQ,SARTHAK METALS LIMITED,H
SOMICONVEY,EQ,SOMI CONVEYOR BELT. LTD.,H
SPTL,BZ,SINTEX PLASTICS TECH LTD,H
SRPL,BE,SHREE RAM PROTEINS LTD.,H
SSFL,SM,SRIVARI SPICES N FOODS L,H
SUMIT,BE,SUMIT WOODS LIMITED,H
SUPREMEPWR,SM,SUPREME POWER EQUIPMENT L,H
SURANAT&P,EQ,SURANA TELECOM AND POW LT,H
SUULD,EQ,SUUMAYA INDUSTRIES LTD,H
SUVEN,EQ,SUVEN LIFE SCIENCES LTD,H
SUVIDHAA,EQ,SUVIDHAA INFOSERVE LTD,H
SWANENERGY,EQ,SWAN ENERGY LIMITED,H
SWELECTES,EQ,SWELECT ENERGY SYS LTD,H
SWSOLAR,EQ,STRLNG & WIL REN ENE LTD,H
SYNCOMF,EQ,SYNCOM FORMU (I) LTD,H
TAC,SM,TAC INFOSEC LIMITED,H
TARACHAND,BE,TARA CHAND INFRA SOLN LTD,H
TATAINVEST,EQ,TATA INVESTMENT CORP LTD,H
TCIFINANCE,EQ,TCI FINANCE LTD,H
TCLCONS,EQ,TANTIA CONSTRUCTIONS LTD,H
TECILCHEM,EQ,TECIL CHEMICALS,H
TERASOFT,EQ,TERA SOFTWARE LIMITED,H
TFCILTD,EQ,TOURISM FINANCE CORP. OF,H
TGL,SM,TEERTH GOPICON LIMITED,H
THEINVEST,EQ,THE INVEST TRUST OF IND L,H
TIMESCAN,SM,TIMESCAN LOGISTICS IND L,H
TPHQ,BE,TEAMO PRODUCTIONS HQ LTD,H
TREEHOUSE,EQ,TREE HOUSE EDU LTD,H
TV18BRDCST,EQ,TV18 BROADCAST LIMITED,H
UEL,BE,UJAAS ENERGY LIMITED,H
UNITECH,BZ,UNITECH LIMITED,H
URBAN,SM,URBAN ENVIRO WASTE MGMT L,H
URJA,EQ,URJA GLOBAL LIMITED,H
V2RETAIL,BE,V2 RETAIL LIMITED,H
VARDMNPOLY,EQ,VARDHMAN POLYTEX LTD.,H
VCL,BE,VAXTEX COTFAB LIMITED,H
VHLTD,BE,VICEROY HOTELS LIMITED,H
VIKASLIFE,EQ,VIKAS LIFECARE LIMITED,H
VILAS,ST,VILAS TRANSCORE LIMITED,H
VILINBIO,SM,VILIN BIO MED LIMITED,H
VINNY,EQ,VINNY OVERSEAS LIMITED,H
VISASTEEL,BE,VISA STEEL LIMITED,H
VISHNUINFR,SM,VISHNUSURYA PROJ N INFR L,H
VIVIANA,SM,VIVIANA POWER TECH LTD,H
VMARCIND,SM,V MARC INDIA LIMITED,H
VSCL,ST,VADIVARHE SPCLTY CHEM LTD,H
WALCHANNAG,EQ,WALCHANDNAGAR INDUSTRIES,H
WEL,BE,WONDER ELECTRICALS LTD,H
WENDT,EQ,WENDT (INDIA) LIMITED,H
WEWIN,BE,WE WIN LIMITED,H
WINSOME,BE,WINSOME YARNS LIMITED,H
WOCKPHARMA,EQ,WOCKHARDT LIMITED,H
XELPMOC,BE,XELPMOC DESIGN & TECH LTD,H
YUKEN,EQ,YUKEN INDIA LIMITED,H
ZTECH,ST,Z-TECH (INDIA) LIMITED,H
21STCENMGM,BE,21ST CENTURY MGMT SERVICE,L
ABCOTS,SM,A B COTSPIN INDIA LIMITED,L
AMBICAAGAR,EQ,AMBICA AGAR & AROMAINDLTD,L
ANKITMETAL,BE,ANKIT MET & POW LTD,L
ANTGRAPHIC,EQ,ANTARCTICA LTD,L
ASMS,EQ,BARTRONICS INDIA LIMITED,L
ATALREAL,BE,ATAL REALTECH LIMITED,L
BRIGHT,SM,BRIGHT SOLAR LIMITED,L
CADSYS,ST,CADSYS (INDIA) LIMITED,L
CGRAPHICS,SM,CREATIVE GRAPHICS S IND L,L
CLOUD,SM,VARANIUM CLOUD LIMITED,L
CMMIPL,ST,CMM INFRAPROJECTS LIMITED,L
COMPINFO,BZ,COMPUAGE INFOCOM LTD,L
CONTI,SM,CONTINENTAL SEED CHEM LTD,L
CPS,ST,C P S SHAPERS LIMITED,L
CREATIVEYE,BE,CREATIVE EYE LIMITED,L
ELECTHERM,BE,ELECTROTHERM (I) LTD.,L
FEL,BZ,FUTURE ENTERPRISES LTD,L
FELDVR,BE,FUTURE ENTERPRISES LTD,L
FMNL,EQ,FUTURE MKT NETWORKS LTD,L
FSC,BZ,FUTURE SUPP CHAIN SOL LTD,L
GANGAFORGE,BE,GANGA FORGING LIMITED,L
GAYAHWS,BE,GAYATRI HIGHWAYS LIMITED,L
GLOBE,EQ,GLOBE TEXTILES (I) LTD.,L
GOENKA,BZ,GOENKA DIAMOND&JEWELS LTD,L
GSMFOILS,ST,GSM FOILS LIMITED,L
HAVISHA,EQ,SRI HAVISHA HOSP & INFR L,L
INDSWFTLTD,BE,IND-SWIFT LIMITED,L
INSPIRE,SM,INSPIRE FILMS LIMITED,L
JITFINFRA,BE,JITF INFRALOGISTICS LTD,L
JPASSOCIAT,BE,JAIPRAKASH ASSOCIATES LTD,L
JSLL,ST,JEENA SIKHO LIFECARE LTD,L
KANANIIND,EQ,KANANI INDUSTRIES LTD,L
KBCGLOBAL,EQ,KBC GLOBAL LIMITED,L
KCK,ST,KCK INDUSTRIES LTD,L
KSHITIJPOL,EQ,KSHITIJ POLYLINE LIMITED,L
LGHL,BE,LAXMI GOLDORNA HOUSE LTD,L
MAKS,SM,MAKS ENERGY SOL INDIA LTD,L
MBECL,BE,MCNALLY BH. ENG. CO.LTD,L
MEGAFLEX,SM,MEGA FLEX PLASTICS LTD,L
MORARJEE,BE,MORARJEE TEXTILES LIMITED,L
NTL,BE,NEUEON TOWERS LIMITED,L
ORIANA,SM,ORIANA POWER LIMITED,L
PATTECH,ST,PATTECH FITWELL TUB COM L,L
PREMIER,BE,PREMIER LIMITED,L
RAJRILTD,BE,RAJ RAYON INDUSTRIES LTD,L
RCOM,BE,RELIANCE COMMUNICATIONS L,L
ROLTA,BZ,ROLTA INDIA LTD,L
RTNPOWER,BE,RATTANINDIA POWER LIMITED,L
RULKA,ST,RULKA ELECTRICALS LIMITED,L
S&SPOWER,BE,S&S POWER SWITCHGEARS,L
SANCO,BZ,SANCO INDUSTRIES LIMITED,L
SECURCRED,EQ,SECUR CREDENTIALS LIMITED,L
SEMAC,BE,SEMAC CONSULTANTS LIMITED,L
SETUINFRA,BZ,SETUBANDHAN INFRA LTD,L
SIDDHIKA,SM,SIDDHIKA COATINGS LIMITED,L
SITINET,BE,SITI NETWORKS LIMITED,L
SMVD,ST,SMVD POLY PACK LIMITED,L
SOFTTECH,EQ,SOFTTECH ENGINEERS LTD,L
SOLEX,SM,SOLEX ENERGY LIMITED,L
SPRL,ST,SP REFRACTORIES LIMITED,L
SPTL,BZ,SINTEX PLASTICS TECH LTD,L
SWELECTES,EQ,SWELECT ENERGY SYS LTD,L
TECILCHEM,EQ,TECIL CHEMICALS,L
TRANSWIND,SM,TRANSWIND INFRA LIMITED,L
TRUST,SM,TRUST FINTECH LIMITED,L
UMAEXPORTS,BE,UMA EXPORTS LIMITED,L
VCL,BE,VAXTEX COTFAB LIMITED,L
WALPAR,SM,WALPAR NUTRITIONS LIMITED,L
WOMANCART,SM,WOMANCART LIMITED,L
YUDIZ,SM,YUDIZ SOLUTIONS LIMITED,L
