GAIN_LOSS,SECURITY,CLOSE_PRIC,PREV_CL_PR,PERCENT_CG
 ,Nifty 50 Sec., , , 
 , , , , 
G,HCL TECHNOLOGIES LTD,      1397.50,      1343.70,4
G,TECH MAHINDRA LIMITED,      1317.45,      1266.90,3.99
G,SBI LIFE INSURANCE CO LTD,      1442.85,      1390.10,3.79
G,SHRIRAM FINANCE LIMITED,      2474.80,      2387.45,3.66
G,STATE BANK OF INDIA,       816.95,       789.75,3.44
G,EICHER MOTORS LTD,      4719.75,      4579.00,3.07
G,INFOSYS LIMITED,      1472.25,      1430.10,2.95
G,COAL INDIA LTD,       472.95,       460.55,2.69
G,NTPC LTD,       349.75,       341.00,2.57
G,LTIMINDTREE LIMITED,      4800.25,      4688.85,2.38
G,ADANI ENTERPRISES LIMITED,      3185.65,      3115.35,2.26
G,TATA CONSULTANCY SERV LT,      3830.40,      3746.45,2.24
G,LARSEN & TOUBRO LTD.,      3482.55,      3409.00,2.16
G,WIPRO LTD,       461.00,       451.50,2.1
G,BHARTI AIRTEL LIMITED,      1370.60,      1344.35,1.95
G,OIL AND NATURAL GAS CORP.,       252.30,       247.50,1.94
G,TATA STEEL LIMITED,       172.05,       169.20,1.68
G,MARUTI SUZUKI INDIA LTD.,     12673.50,     12502.60,1.37
G,BAJAJ FINANCE LIMITED,      6925.80,      6836.65,1.3
G,GRASIM INDUSTRIES LTD,      2334.75,      2304.85,1.3
G,ITC LTD,       435.40,       430.30,1.19
G,DR. REDDY S LABORATORIES,      5890.95,      5824.15,1.15
G,JSW STEEL LIMITED,       888.10,       878.40,1.1
G,BAJAJ AUTO LIMITED,      9701.45,      9602.25,1.03
G,KOTAK MAHINDRA BANK LTD,      1734.70,      1718.10,.97
G,TATA MOTORS LIMITED,       938.25,       929.95,.89
G,RELIANCE INDUSTRIES LTD,      2863.20,      2841.50,.76
G,HDFC LIFE INS CO LTD,       555.25,       551.95,.6
G,BAJAJ FINSERV LTD.,      1526.45,      1517.70,.58
G,POWER GRID CORP. LTD.,       300.45,       298.80,.55
 , , , , 
L,HINDALCO  INDUSTRIES  LTD,       677.50,       695.25,-2.55
L,HERO MOTOCORP LIMITED,      5534.25,      5658.50,-2.2
L,HINDUSTAN UNILEVER LTD.,      2549.60,      2602.75,-2.04
L,ASIAN PAINTS LIMITED,      2904.80,      2961.75,-1.92
L,NESTLE INDIA LIMITED,      2471.40,      2509.85,-1.53
L,MAHINDRA & MAHINDRA LTD,      2699.85,      2740.95,-1.5
L,CIPLA LTD,      1477.00,      1496.95,-1.33
L,INDUSIND BANK LIMITED,      1481.10,      1500.95,-1.32
L,DIVI S LABORATORIES LTD,      4448.90,      4502.70,-1.19
L,AXIS BANK LIMITED,      1170.95,      1184.50,-1.14
L,SUN PHARMACEUTICAL IND L,      1472.70,      1487.30,-0.98
L,BRITANNIA INDUSTRIES LTD,      5440.45,      5486.65,-0.84
L,TATA CONSUMER PRODUCT LTD,      1139.90,      1142.40,-0.22
L,ADANI PORT & SEZ LTD,      1352.95,      1354.60,-0.12
 , , , , 
 ,Nifty Next 50 Sec., , , 
 , , , , 
G,HINDUSTAN AERONAUTICS LTD,      4666.60,      4364.90,6.91
G,REC LIMITED,       490.10,       459.50,6.66
G,GAIL (INDIA) LTD,       207.90,       195.15,6.53
G,INDIAN RAIL TOUR CORP LTD,       973.30,       918.90,5.92
G,POWER FIN CORP LTD.,       472.30,       447.15,5.62
G,ADANI ENERGY SOLUTION LTD,      1001.05,       951.70,5.19
G,BHARAT ELECTRONICS LTD,       273.65,       260.35,5.11
G,LIFE INSURA CORP OF INDIA,       980.80,       941.40,4.19
G,DLF LIMITED,       829.15,       796.05,4.16
G,SIEMENS LTD,      6793.95,      6528.20,4.07
G,INDIAN RAILWAY FIN CORP L,       173.05,       166.45,3.97
G,CHOLAMANDALAM IN & FIN CO,      1335.70,      1288.50,3.66
G,ADANI TOTAL GAS LIMITED,       969.55,       936.25,3.56
G,BANK OF BARODA,       268.90,       260.00,3.42
G,ADANI POWER LTD,       749.35,       726.65,3.12
G,INDIAN OIL CORP LTD,       163.60,       159.25,2.73
G,HAVELLS INDIA LIMITED,      1839.70,      1792.80,2.62
G,CANARA BANK,       118.00,       115.20,2.43
G,JINDAL STEEL & POWER LTD,      1029.55,      1006.25,2.32
G,ABB INDIA LIMITED,      7987.50,      7812.70,2.24
G,INFO EDGE (I) LTD,      6125.20,      5995.55,2.16
G,VEDANTA LIMITED,       449.90,       440.70,2.09
G,TATA POWER CO LTD,       431.55,       422.80,2.07
G,ADANI GREEN ENERGY LTD,      1865.20,      1828.85,1.99
G,TVS MOTOR COMPANY  LTD,      2398.20,      2351.80,1.97
G,AMBUJA CEMENTS LTD,       610.05,       598.90,1.86
G,PUNJAB NATIONAL BANK,       123.90,       121.85,1.68
G,JIO FIN SERVICES LTD,       349.40,       345.60,1.1
G,BAJAJ HOLDINGS & INVS LTD,      8130.30,      8048.90,1.01
G,ICICI LOMBARD GIC LIMITED,      1644.80,      1630.45,0.88
 , , , , 
L,AVENUE SUPERMARTS LIMITED,      4687.05,      4862.25,-3.6
L,PIDILITE INDUSTRIES LTD,      3089.20,      3166.20,-2.43
L,GODREJ CONSUMER PRODUCTS,      1402.15,      1426.80,-1.73
L,MARICO LIMITED,       637.85,       645.50,-1.19
L,INTERGLOBE AVIATION LTD,      4301.00,      4348.50,-1.09
L,BOSCH LIMITED,     30651.70,     30867.05,-0.7
L,TRENT LTD,      4878.45,      4903.80,-0.52
L,DABUR INDIA LTD,       597.20,       600.25,-0.51
L,ZYDUS LIFESCIENCES LTD,      1045.00,      1048.65,-0.35
L,COLGATE PALMOLIVE LTD.,      2951.90,      2960.05,-0.28
L,ZOMATO LIMITED,       183.65,       183.80,-0.08
 , , , , 
 ,OTHER SECURITIES, , , 
 , , , , 
G,MARATHON NXTGEN REALT LTD,       432.90,       360.75,20
G,TERA SOFTWARE LIMITED,        69.60,        58.00,20
G,VILIN BIO MED LIMITED,        19.10,        16.00,19.38
G,IFB INDUSTRIES LTD,      1336.60,      1125.30,18.78
G,SEQUENT SCIENTIFIC LTD.,       120.80,       103.05,17.22
G,WENDT (INDIA) LIMITED,     15900.20,     13608.40,16.84
G,SIGNORIA CREATION LIMITED,       140.00,       120.00,16.67
G,NAZARA TECHNOLOGIES LTD,       809.65,       697.25,16.12
G,TRIDHYA TECH LIMITED,        32.05,        28.00,14.46
G,CENTURY TEXTILES LTD,      2105.70,      1842.30,14.3
G,NAVA LIMITED,       585.50,       513.05,14.12
G,VA TECH WABAG LTD,      1078.05,       945.55,14.01
G,AUTHUM INVEST & INFRA LTD,       970.30,       854.65,13.53
G,NANDAN DENIM LIMITED,        45.80,        40.40,13.37
G,SEC RE NCD 8.89% SR.VIII,      1080.00,       954.00,13.21
G,UNO MINDA LIMITED,       974.20,       861.05,13.14
G,MAZAGON DOCK SHIPBUIL LTD,      3160.65,      2798.20,12.95
G,MSTC LIMITED,       848.15,       750.95,12.94
G,RATTANINDIA ENT LIMITED,        77.90,        69.05,12.82
G,NOVA AGRITECH LIMITED,        54.15,        48.00,12.81
G,GULF OIL LUB. IND. LTD.,       986.15,       876.25,12.54
G,NIPPON L I A M LTD,       614.00,       545.95,12.46
G,PNC INFRATECH LTD.,       528.95,       470.40,12.45
G,SKIPPER RE.0.25 PPD UP,       172.80,       153.90,12.28
G,AEGIS LOGISTICS LIMITED,       791.15,       705.45,12.15
G,PNB GILTS LIMITED,       106.75,        95.25,12.07
G,GTPL HATHWAY LIMITED,       177.40,       158.30,12.07
G,KNR CONSTRU LTD.,       378.65,       339.25,11.61
G,B.L.KASHYAP & SON LTD,        80.20,        71.90,11.54
G,ZEE MEDIA CORPORATION LTD,        14.40,        12.95,11.2
 , , , , 
L,BFAM - BANKBETF,        49.54,        56.77,-12.74
L,INDIFRA LIMITED,        34.65,        37.50,-7.6
L,SERENCD8.84%SRVICIII&IV,       854.00,       920.00,-7.17
L,P. E. ANALYTICS LIMITED,       283.70,       305.00,-6.98
L,DSPAMC - DSPSENXETF,        75.88,        80.42,-5.65
L,GLOBE TEXTILES (I) LTD.,         2.70,         2.85,-5.26
L,HRH NEXT SERVICES LIMITED,        32.15,        33.90,-5.16
L,SEC RE NCD 0% SR.VI,      1135.20,      1196.68,-5.14
L,AJOONI BIOTECH LIMITED,         5.60,         5.90,-5.08
L,SECUR CREDENTIALS LIMITED,        13.15,        13.85,-5.05
L,MAKS ENERGY SOL INDIA LTD,        54.95,        57.85,-5.01
L,A B COTSPIN INDIA LIMITED,       246.25,       259.20,-5
L,MEGA FLEX PLASTICS LTD,        35.20,        37.05,-4.99
L,TRUST FINTECH LIMITED,       193.20,       203.35,-4.99
L,CREATIVE GRAPHICS S IND L,       155.15,       163.30,-4.99
L,CADSYS (INDIA) LIMITED,       283.70,       298.60,-4.99
L,SMVD POLY PACK LIMITED,        13.35,        14.05,-4.98
L,CONTINENTAL SEED CHEM LTD,        28.70,        30.20,-4.97
L,TRANSWIND INFRA LIMITED,        22.15,        23.30,-4.94
L,FUTURE MKT NETWORKS LTD,         6.75,         7.10,-4.93
L,VARANIUM CLOUD LIMITED,        14.50,        15.25,-4.92
L,INSPIRE FILMS LIMITED,        32.00,        33.65,-4.9
L,SOLEX ENERGY LIMITED,      1385.10,      1455.70,-4.85
L,WALPAR NUTRITIONS LIMITED,       110.00,       115.30,-4.6
L,JEENA SIKHO LIFECARE LTD,      1053.75,      1103.10,-4.47
L,SEC RED NCD 9.57% SR. V,       936.30,       980.00,-4.46
L,YUDIZ SOLUTIONS LIMITED,        50.65,        53.00,-4.43
L,HONASA CONSUMER LIMITED,       439.60,       459.90,-4.41
L,SDL PN 7.47% 2043,        91.00,        95.00,-4.21
L,ABM INTERNATIONAL LTD,        62.65,        65.40,-4.2
