SECURITY,NEW,PREVIOUS,NEW_STATUS
SUPRAJIT ENGINEERING LTD,496.8,474.9,H
COROMANDEL INTERNTL. LTD,1395,1384.75,H
PASHUPATI COTSPIN LIMITED,290.75,290.55,H
ICICIPRAMC - ICICICONSU,115.89,112.02,H
GOI TBILL 91D-02/08/24,98.9,98.62,H
GVP INFOTECH LIMITED,15.9,15.85,H
VILAS TRANSCORE LIMITED,229.5,225.75,H
SEC RE NCD 8.66% SR.VI,989,981,H
GO DIGIT GENERAL INS LTD,335,314,H
MAHINDRA & MAHINDRA LTD,2761.9,2753.7,H
LE MERITE EXPORTS LIMITED,92.5,91.5,H
2.50%GOLDBONDS2031SR-I,7475,7450,H
GOI TBILL 182D-05/09/24,98.35,98,H
Z-TECH (INDIA) LIMITED,110.25,105,H
AUTHUM INVEST & INFRA LTD,990,968.3,H
SJS ENTERPRISES LIMITED,778,757,H
ICE MAKE REFRIGERAT LTD,779.95,747.45,H
MINDA CORPORATION LTD,469.5,449.95,H
NCC LIMITED,319.75,314.95,H
SEC RE NCD 8.89% SR.VIII,1080,970,H
SEC RE NCD 7.90% STRPP A,307,305.91,H
TVS MOTOR COMPANY  LTD,2409.95,2370.1,H
BAJAJ AUTO LIMITED,9740,9679,H
PRESTIGE ESTATE LTD,1798.8,1785,H
STEL HOLDINGS LIMITED,447.3,439.7,H
PARIN FURNITURE LIMITED,213,205,H
REDTAPE LIMITED,804.85,781.05,H
PTC INDUSTRIES LIMITED,11300,10174.85,H
HAPPY FORGINGS LIMITED,1199,1148.9,H
MIRAEAMC - MANV30F,190.81,189.33,H
UJAAS ENERGY LIMITED,195.5,186.2,H
GOI TBILL 364D-11/04/25,94.46,94.18,H
SE RE NCD 9.35% SR.V OP2,1069,1065,H
ESCORTS KUBOTA LIMITED,4038.85,4019.9,H
SBIAMC - SBIETFQLTY,217.7,217.15,H
2.50%GOLDBONDS2027SR-II,7530,7450,H
SHEKHAWATI POLY-YARN LTD.,3.85,3.8,H
NITIRAJ ENGINEERS LTD,241.25,236.55,H
ICICIPRAMC - BHARATIWIN,121.64,117,H
CMS INFO SYSTEMS LIMITED,461.7,458,H
AMARA RAJA ENERGY MOB LTD,1333,1278,H
TEERTH GOPICON LIMITED,308.8,294.1,H
7.51 NCD 16FEB28 TR1 SR2,1097.99,1096,H
GOI LOAN  7.04% 2029,98.76,98.61,H
SEC RE NCD 0% SR.V,1125,1000.45,H
EXIDE INDUSTRIES LTD,536.7,517.4,H
KODY TECHNOLAB LIMITED,2171,2110.35,H
E2E NETWORKS LIMITED,1586,1510.5,H
ERIS LIFESCIENCES LIMITED,992.25,971.9,H
DSPAMC - LIQUIDADD,1013.37,1013.2,H
ROLLATAINERS LIMITED,4.05,4,H
LCC INFOTECH LTD,2.95,2.9,H
GOI TBILL 91D-13/06/24,100,99.85,H
GOI TBILL 91D-25/07/24,98.82,98.81,H
VICEROY HOTELS LIMITED,90.1,85.85,H
INDIAN EMULSIFIERS LTD,373.95,335,H
SEC RE NCD 9.85% SR.VIII,959.99,950,H
FINOLEX CABLES LTD,1541.85,1506.9,H
SUPREME INDUSTRIES LTD,5850,5839.8,H
TECHNOCRAFT IND LTD,2729,2725,H
ENDURANCE TECHNO. LTD.,2499,2476.7,H
SP REFRACTORIES LIMITED,373.8,366,H
MRS BECTORS FOOD SPE LTD,1545.6,1436.9,H
NAVA LIMITED,595.15,544.4,H
SEC RE NCD 0% SR.VII,1099.95,1009.99,H
UNIVERSAL CABLES LTD,708.8,672.9,H
WENDT (INDIA) LIMITED,16330.05,15990,H
MPS LIMITED,2063,1964,H
SRI ADHIKARI BRO TELE N L,180.2,176.7,H
GOI TBILL 364D-13/06/24,99.8,99.58,H
NIPPONAMC - NETFAUTO,250,247.76,H
MUTHOOT FINANCE LIMITED,1810.95,1767.05,H
UNO MINDA LIMITED,1025,928.95,H
BIKAJI FOODS INTERN LTD,661.95,636.4,H
WINDLAS BIOTECH LIMITED,677.7,659.85,H
GOI TBILL 91D-12/07/24,99.9,99.18,H
GOI TBILL 182D-14/11/24,97.95,97.5,H
BOND8.88% PA TF TR II S2B,1196.7,1189,H
ATAL REALTECH LIMITED,7.15,7.4,L
CADSYS (INDIA) LIMITED,283.7,298.6,L
SEC RE NCD 8.20% SR.III,916.3,925,L
BOND 8.40% PA TF TI-SIIA,1100,1130.09,L
REMUS PHARMACEUTICALS L,1866,2350,L
SEMAC CONSULTANTS LIMITED,580.3,610.8,L
VAXTEX COTFAB LIMITED,0.65,0.7,L
SDL PN 7.47% 2043,91,95,L
SECUR CREDENTIALS LIMITED,13.15,13.85,L
MARINETRANS INDIA LIMITED,28,28.5,L
NANDANI CREATION LIMITED,45.25,46.1,L
SEC RE NCD 8.89% SR.VIII,830.1,950,L
IRIS BUSINESS SERV LTD,219,223.45,L
BOND 8.65% PA TF TI-SIIB,1120.11,1131,L
VARANIUM CLOUD LIMITED,14.5,15.25,L
YUDIZ SOLUTIONS LIMITED,50.35,52.35,L
AARTECH SOLONICS LIMITED,181.8,185.5,L
ATLANTAA LIMITED,35.95,36.45,L
DHRUV CONSULTANCY SER LTD,97.1,97.65,L
AURUM RS. 3.12 PPD UP,105.85,106.35,L
GOKUL REFOILS & SOLV LTD,38.45,39.2,L
SEC RE NCD 0% SR.VI,1025,1072.26,L
COMPUAGE INFOCOM LTD,3.3,3.45,L
RULKA ELECTRICALS LIMITED,326.75,343.95,L
VERITAAS ADVERTISING LTD,125,136.25,L
SEC RE NCD 9.85% SR.VIII,860.01,861,L
BANKA BIOLOO LIMITED,85.15,86.85,L
VIJI FINANCE LIMITED,2.55,2.6,L
SRI HAVISHA HOSP & INFR L,2.2,2.25,L
QUICKTOUCH TECHNOLOGIES L,105,108,L
RAJ TV NETWORK LTD,118,119.15,L
ASTRON PAPER BORD MIL LTD,19.4,19.8,L
ANSAL PROP & INFRA LTD,8.1,8.2,L
LATTEYS INDUSTRIES LTD,14.8,15.05,L
MOKSH ORNAMENTS LIMITED,13.95,14,L
SDL MH 7.49% 2036,99,100,L

