SERIES,SYMBOL,SECURITY,RECORD_DT,BC_STRT_DT,BC_END_DT,EX_DT,ND_STRT_DT,ND_END_DT,PURPOSE
BE,ANUP,The Anup Engineering Ltd,23/04/2024, , ,23/04/2024, , ,BONUS 1:1                
BE,SCHAEFFLER,Schaeffler India Ltd, ,20/04/2024,26/04/2024,19/04/2024, , ,AGM/DIV - RS 26 PER SH   
BE,IIFL,IIFL Finance Limited,23/04/2024, , ,23/04/2024, , ,RIGHTS 1:9 @ PRM RS 298/-
BE,ANSALAPI,AnsalProperties-Roll Sett, ,26/04/2024,02/05/2024,25/04/2024, , ,ANNUAL GENERAL MEETING   
BE,ABB,ABB India Limited, ,05/05/2024,11/05/2024,03/05/2024, , ,AGM/DIV RS 23.80 PER SH  
BE,SHRADHA,Shradha Infraprojects Ltd, ,16/04/2024,23/04/2024,15/04/2024, , ,EGM                      
BE,EIFFL,Euro (I) Fresh Foods Ltd, ,18/04/2024,24/04/2024,16/04/2024, , ,EGM                      
BE,SPMLINFRA,SPML Infra Limited, ,19/04/2024,26/04/2024,18/04/2024, , ,EGM                      
BE,CRISIL,CRISIL Limited,03/05/2024, , ,03/05/2024, , ,INTDIV - RS 7 PER SH     
BE,SANOFI,Aventis Pharma Limited,03/05/2024, , ,03/05/2024, , ,DIV - RS 117 PER SH      
BE,BHAGCHEM,Bhagiradha Chem & Inds L,02/05/2024, , ,02/05/2024, , ,FVSPLT FRM RS 10 TO RE 1 
BE,BBL,Bharat Bijlee Ltd - Depo,24/04/2024, , ,24/04/2024, , ,FV SPLT FRM RS 10 TO RS 5
BE,HUHTAMAKI,Huhtamaki India Limited,24/04/2024, , ,24/04/2024, , ,DIV - RS 5 PER SH        
BE,AEGISCHEM,Aegis Logistics Ltd,22/04/2024, , ,22/04/2024, , ,INTDIV - RS 1.25 PER SH  
BE,TIPSINDLTD,Tips Industries Limited,22/04/2024, , ,22/04/2024, , ,BUY BACK                 
BE,ISEC,ICICI Securities Limited,26/04/2024, , ,26/04/2024, , ,INTDIV - RS 17 PER SH    
BE,ASTERDM,Aster DM Healthcare Ltd.,23/04/2024, , ,23/04/2024, , ,SPLDIV - RS 118 PER SH   
EQ,ANUP,The Anup Engineering Ltd,23/04/2024, , ,23/04/2024, , ,BONUS 1:1                
EQ,SCHAEFFLER,Schaeffler India Ltd, ,20/04/2024,26/04/2024,19/04/2024, , ,AGM/DIV - RS 26 PER SH   
EQ,IIFL,IIFL Finance Limited,23/04/2024, , ,23/04/2024, , ,RIGHTS 1:9 @ PRM RS 298/-
EQ,ANSALAPI,Ansal Properties & Ind Lt, ,26/04/2024,02/05/2024,25/04/2024, , ,ANNUAL GENERAL MEETING   
EQ,ABB,ABB India Limited, ,05/05/2024,11/05/2024,03/05/2024, , ,AGM/DIV RS 23.80 PER SH  
EQ,SHRADHA,Shradha Infraprojects Ltd, ,16/04/2024,23/04/2024,15/04/2024, , ,EGM                      
EQ,EIFFL,Euro (I) Fresh Foods Ltd, ,18/04/2024,24/04/2024,16/04/2024, , ,EGM                      
EQ,SPMLINFRA,SPML Infra Limited, ,19/04/2024,26/04/2024,18/04/2024, , ,EGM                      
EQ,CRISIL,CRISIL Limited,03/05/2024, , ,03/05/2024, , ,INTDIV - RS 7 PER SH     
EQ,SANOFI,Aventis Pharma Limited,03/05/2024, , ,03/05/2024, , ,DIV - RS 117 PER SH      
EQ,BHAGCHEM,Bhagiradha Chem & Inds L,02/05/2024, , ,02/05/2024, , ,FVSPLT FRM RS 10 TO RE 1 
EQ,BBL,Bharat Bijlee Ltd,24/04/2024, , ,24/04/2024, , ,FV SPLT FRM RS 10 TO RS 5
EQ,HUHTAMAKI,Huhtamaki India Limited,24/04/2024, , ,24/04/2024, , ,DIV - RS 5 PER SH        
EQ,AEGISCHEM,Aegis Logistics Ltd,22/04/2024, , ,22/04/2024, , ,INTDIV - RS 1.25 PER SH  
EQ,TIPSINDLTD,Tips Industries Limited,22/04/2024, , ,22/04/2024, , ,BUY BACK                 
EQ,ISEC,ICICI Securities Limited,26/04/2024, , ,26/04/2024, , ,INTDIV - RS 17 PER SH    
EQ,ASTERDM,Aster DM Healthcare Ltd.,23/04/2024, , ,23/04/2024, , ,SPLDIV - RS 118 PER SH   
GS,GS260424C,GOI STRIPS C 260424,24/04/2024, , , , , ,REDEMPTION               
M1,DHANILOANS,Sec Re NCD 0% Sr.III,24/04/2024, , , , , ,INT PAYMENT/REDEMPTION   
M2,DHANILOANS,Sec Re NCD 10.03% Sr.IV,24/04/2024, , ,24/04/2024, , ,INTEREST PAYMENT         
M3,DHANILOANS,Sec Re NCD 11% Sr.V,24/04/2024, , ,24/04/2024, , ,INTEREST PAYMENT         
M5,DHANILOANS,Sec Re NCD 10.49% Sr.VII,24/04/2024, , ,24/04/2024, , ,INTEREST PAYMENT         
M7,IBULHSGFIN,Sec Re NCD 8.20% Sr.VI,22/04/2024, , ,22/04/2024, , ,INTEREST PAYMENT         
M8,IBULHSGFIN,Sec Re NCD 8.66% Sr.VI,22/04/2024, , ,22/04/2024, , ,INTEREST PAYMENT         
MB,IBULHSGFIN,Sec Re NCD 8.43% Sr.VIII,22/04/2024, , ,22/04/2024, , ,INTEREST PAYMENT         
MC,IBULHSGFIN,Sec Re NCD 8.89% Sr.VIII,22/04/2024, , ,22/04/2024, , ,INTEREST PAYMENT         
MF,UTFIQIPRPI,UTI-FIIF QIP - I - RDP,22/04/2024, , , , , ,DIV/STP                  
MF,UTFDQIPIRI,UTIAMC - UTFDQIPIRI,22/04/2024, , , , , ,DIV/STP                  
MF,UTFIQIPRRI,UTI-FIIF QIP - I - RDR,22/04/2024, , , , , ,DIV/STP                  
MF,UTFIQIPRGI,UTI-FIIF QIP - I - RG,22/04/2024, , , , , ,STP                      
MF,UTFDQIPIGI,UTIAMC - UTFDQIPIGI,22/04/2024, , , , , ,STP                      
MF,UTFDQIPIPI,UTIAMC - UTFDQIPIPI,22/04/2024, , , , , ,DIV/STP                  
N1,LICHSGFIN,LH 7.8350% 2027 Tr 438,26/04/2024, , ,26/04/2024, , ,INTEREST PAYMENT         
N3,NABARD,NABARD 7.62% 2029 Sr 24H,24/04/2024, , ,24/04/2024, , ,INTEREST PAYMENT         
N3,TATACAPHSG,Sec Red NCD 7.92% Sr.II,26/04/2024, , ,26/04/2024, , ,INTEREST PAYMENT         
N3,NAVIFIN,Sec Re NCD 9.40% Sr. III,23/04/2024, , ,23/04/2024, , ,INTEREST PAYMENT         
N4,TATACAPHSG,Sec Red NCD 8.01% Sr.II,26/04/2024, , ,26/04/2024, , ,INTEREST PAYMENT         
N5,NIDO,Sec Red NCD 9.57% Sr. V,25/04/2024, , ,25/04/2024, , ,INTEREST PAYMENT         
N6,IIFL,IIFL Finance Limited,22/04/2024, , ,22/04/2024, , ,INTEREST PAYMENT         
N6,IIFLSAMFIN,IIFL Samasta10.48% 2027,22/04/2024, , ,22/04/2024, , ,INTEREST PAYMENT         
N7,TATACAPHSG,Sec Red NCD 8.01% Sr.IV,26/04/2024, , ,26/04/2024, , ,INTEREST PAYMENT         
N7,CREDITACC,Sec Re NCD 9.10% Sr I,22/04/2024, , ,22/04/2024, , ,INTEREST PAYMENT         
N8,TATACAPHSG,Sec Red NCD 8.10% Sr.IV,26/04/2024, , ,26/04/2024, , ,INTEREST PAYMENT         
N9,CREDITACC,Sec Re NCD 9.25% Sr III,22/04/2024, , ,22/04/2024, , ,INTEREST PAYMENT         
NA,INDIGRID,India Grid Trust,22/04/2024, , , , , ,INT PAYMENT/REDEMPTION   
NB,PCHFL,PCHFL MIBOR Linked 2025,26/04/2024, , ,26/04/2024, , ,INTEREST PAYMENT         
NB,CREDITACC,Sec Re NCD 9.40% Sr V,22/04/2024, , ,22/04/2024, , ,INTEREST PAYMENT         
NB,INDIGRID,India Grid Trust,22/04/2024, , , , , ,INT PAYMENT/REDEMPTION   
NC,INDIGRID,India Grid Trust,22/04/2024, , ,22/04/2024, , ,INTEREST PAYMENT         
ND,CREDITACC,Sec Re NCD 9.70% Sr VII,22/04/2024, , ,22/04/2024, , ,INTEREST PAYMENT         
ND,INDIGRID,India Grid Trust,22/04/2024, , ,22/04/2024, , ,INTEREST PAYMENT         
NE,INDIGRID,India Grid Trust,22/04/2024, , ,22/04/2024, , ,INTEREST PAYMENT         
NF,INDIGRID,India Grid Trust,22/04/2024, , ,22/04/2024, , ,INTEREST PAYMENT         
NG,IBULHSG,Sec Re NCD 8.88% Sr II,24/04/2024, , ,24/04/2024, , ,INTEREST PAYMENT         
NG,INDIGRID,India Grid Trust,22/04/2024, , ,22/04/2024, , ,INTEREST PAYMENT         
NH,IBULHSG,Sec Re NCD 9.25% Sr II,24/04/2024, , ,24/04/2024, , ,INTEREST PAYMENT         
NH,INDIGRID,India Grid Trust,22/04/2024, , ,22/04/2024, , ,INTEREST PAYMENT         
NI,INDIGRID,India Grid Trust,22/04/2024, , ,22/04/2024, , ,INTEREST PAYMENT         
NJ,INDIGRID,India Grid Trust,22/04/2024, , ,22/04/2024, , ,INTEREST PAYMENT         
NK,INDIGRID,India Grid Trust,22/04/2024, , ,22/04/2024, , ,INTEREST PAYMENT         
NL,INDIGRID,India Grid Trust,22/04/2024, , ,22/04/2024, , ,INTEREST PAYMENT         
NM,IBULHSG,Sec Re NCD 9.02% Sr V,24/04/2024, , ,24/04/2024, , ,INTEREST PAYMENT         
NN,IBULHSG,Sec Re NCD 9.48% Sr V,24/04/2024, , ,24/04/2024, , ,INTEREST PAYMENT         
NS,IBULHSG,Sec Re NCD 9.25% Sr VIII,24/04/2024, , ,24/04/2024, , ,INTEREST PAYMENT         
NT,IBULHSG,Sec Re NCD 9.71% Sr VIII,24/04/2024, , ,24/04/2024, , ,INTEREST PAYMENT         
NV,IBULHSG,Sec Re NCD 10.03% Sr X,24/04/2024, , ,24/04/2024, , ,INTEREST PAYMENT         
NY,IBULHSG,Sec Re NCD 9.8% Sr XII,24/04/2024, , ,24/04/2024, , ,INTEREST PAYMENT         
NZ,IBULHSG,Sec Re NCD 10.25% Sr XII,24/04/2024, , ,24/04/2024, , ,INTEREST PAYMENT         
NZ,DHANILOANS,Sec Re NCD 10.50% Sr.II,24/04/2024, , , , , ,INT PAYMENT/REDEMPTION   
SM,SABAR,Sabar Flex India Limited, ,30/04/2024,06/05/2024,29/04/2024, , ,ANNUAL GENERAL MEETING   
SQ,SABAR,Sabar Flex India Limited, ,30/04/2024,06/05/2024,29/04/2024, , ,ANNUAL GENERAL MEETING   
ST,SABAR,Sabar Flex India Limited, ,30/04/2024,06/05/2024,29/04/2024, , ,ANNUAL GENERAL MEETING   
U1,LICHSGFIN,LH 7.8350% 2027 Tr 438,26/04/2024, , ,26/04/2024, , ,INTEREST PAYMENT         
U3,NAVIFIN,Sec Re NCD 9.40% Sr. III,23/04/2024, , ,23/04/2024, , ,INTEREST PAYMENT         
U3,TATACAPHSG,Sec Red NCD 7.92% Sr.II,26/04/2024, , ,26/04/2024, , ,INTEREST PAYMENT         
U3,NABARD,NABARD 7.62% 2029 Sr 24H,24/04/2024, , ,24/04/2024, , ,INTEREST PAYMENT         
U4,TATACAPHSG,Sec Red NCD 8.01% Sr.II,26/04/2024, , ,26/04/2024, , ,INTEREST PAYMENT         
U5,NIDO,Sec Red NCD 9.57% Sr. V,25/04/2024, , ,25/04/2024, , ,INTEREST PAYMENT         
U6,IIFL,IIFL Finance Limited,22/04/2024, , ,22/04/2024, , ,INTEREST PAYMENT         
U6,IIFLSAMFIN,IIFL Samasta10.48% 2027,22/04/2024, , ,22/04/2024, , ,INTEREST PAYMENT         
U7,TATACAPHSG,Sec Red NCD 8.01% Sr.IV,26/04/2024, , ,26/04/2024, , ,INTEREST PAYMENT         
U7,CREDITACC,Sec Re NCD 9.10% Sr I,22/04/2024, , ,22/04/2024, , ,INTEREST PAYMENT         
U8,TATACAPHSG,Sec Red NCD 8.10% Sr.IV,26/04/2024, , ,26/04/2024, , ,INTEREST PAYMENT         
U9,CREDITACC,Sec Re NCD 9.25% Sr III,22/04/2024, , ,22/04/2024, , ,INTEREST PAYMENT         
UA,INDIGRID,India Grid Trust,22/04/2024, , , , , ,INT PAYMENT/REDEMPTION   
UB,CREDITACC,Sec Re NCD 9.40% Sr V,22/04/2024, , ,22/04/2024, , ,INTEREST PAYMENT         
UB,PCHFL,PCHFL MIBOR Linked 2025,26/04/2024, , ,26/04/2024, , ,INTEREST PAYMENT         
UB,INDIGRID,India Grid Trust,22/04/2024, , , , , ,INT PAYMENT/REDEMPTION   
UC,INDIGRID,India Grid Trust,22/04/2024, , ,22/04/2024, , ,INTEREST PAYMENT         
UD,CREDITACC,Sec Re NCD 9.70% Sr VII,22/04/2024, , ,22/04/2024, , ,INTEREST PAYMENT         
UD,INDIGRID,India Grid Trust,22/04/2024, , ,22/04/2024, , ,INTEREST PAYMENT         
UE,INDIGRID,India Grid Trust,22/04/2024, , ,22/04/2024, , ,INTEREST PAYMENT         
UF,INDIGRID,India Grid Trust,22/04/2024, , ,22/04/2024, , ,INTEREST PAYMENT         
UG,IBULHSG,Sec Re NCD 8.88% Sr II,24/04/2024, , ,24/04/2024, , ,INTEREST PAYMENT         
UG,INDIGRID,India Grid Trust,22/04/2024, , ,22/04/2024, , ,INTEREST PAYMENT         
UH,INDIGRID,India Grid Trust,22/04/2024, , ,22/04/2024, , ,INTEREST PAYMENT         
UH,IBULHSG,Sec Re NCD 9.25% Sr II,24/04/2024, , ,24/04/2024, , ,INTEREST PAYMENT         
UI,INDIGRID,India Grid Trust,22/04/2024, , ,22/04/2024, , ,INTEREST PAYMENT         
UJ,INDIGRID,India Grid Trust,22/04/2024, , ,22/04/2024, , ,INTEREST PAYMENT         
UK,INDIGRID,India Grid Trust,22/04/2024, , ,22/04/2024, , ,INTEREST PAYMENT         
UL,INDIGRID,India Grid Trust,22/04/2024, , ,22/04/2024, , ,INTEREST PAYMENT         
UM,IBULHSG,Sec Re NCD 9.02% Sr V,24/04/2024, , ,24/04/2024, , ,INTEREST PAYMENT         
UN,IBULHSG,Sec Re NCD 9.48% Sr V,24/04/2024, , ,24/04/2024, , ,INTEREST PAYMENT         
US,IBULHSG,Sec Re NCD 9.25% Sr VIII,24/04/2024, , ,24/04/2024, , ,INTEREST PAYMENT         
UT,IBULHSG,Sec Re NCD 9.71% Sr VIII,24/04/2024, , ,24/04/2024, , ,INTEREST PAYMENT         
UV,IBULHSG,Sec Re NCD 10.03% Sr X,24/04/2024, , ,24/04/2024, , ,INTEREST PAYMENT         
UY,IBULHSG,Sec Re NCD 9.8% Sr XII,24/04/2024, , ,24/04/2024, , ,INTEREST PAYMENT         
UZ,DHANILOANS,Sec Re NCD 10.50% Sr.II,24/04/2024, , , , , ,INT PAYMENT/REDEMPTION   
UZ,IBULHSG,Sec Re NCD 10.25% Sr XII,24/04/2024, , ,24/04/2024, , ,INTEREST PAYMENT         
Y1,DHANILOANS,Sec Re NCD 0% Sr.III,24/04/2024, , , , , ,INT PAYMENT/REDEMPTION   
Y2,DHANILOANS,Sec Re NCD 10.03% Sr.IV,24/04/2024, , , , , ,INT PAYMENT/REDEMPTION   
Y3,DHANILOANS,Sec Re NCD 11% Sr.V,24/04/2024, , ,24/04/2024, , ,INTEREST PAYMENT         
Y5,DHANILOANS,Sec Re NCD 10.49% Sr.VII,24/04/2024, , ,24/04/2024, , ,INTEREST PAYMENT         
Y7,IBULHSGFIN,Sec Re NCD 8.20% Sr.VI,22/04/2024, , ,22/04/2024, , ,INTEREST PAYMENT         
Y8,IBULHSGFIN,Sec Re NCD 8.66% Sr.VI,22/04/2024, , ,22/04/2024, , ,INTEREST PAYMENT         
YB,IBULHSGFIN,Sec Re NCD 8.43% Sr.VIII,22/04/2024, , ,22/04/2024, , ,INTEREST PAYMENT         
YC,IBULHSGFIN,Sec Re NCD 8.89% Sr.VIII,22/04/2024, , ,22/04/2024, , ,INTEREST PAYMENT         

