SYMBOL,SERIES,SECURITY,HIGH/LOW,INDEX FLAG
21STCENMGM,BE,21ST CENTURY MGMT SERVICE,H
63MOONS,EQ,63 MOONS TECHNOLOGIES LTD,H
AAKASH,EQ,AAKASH EXPLORATION SER L,H
AARTECH,EQ,AARTECH SOLONICS LIMITED,H
ABMINTLLTD,EQ,ABM INTERNATIONAL LTD,H
ADROITPP,X1,ADROITINF RS.2.50 PPD UP,H
AILIMITED,SM,ABHISHEK INTEGRATIONS LTD,H
AIRAN,BE,AIRAN LIMITED,H
AKI,BE,AKI INDIA LIMITED,H
ALPEXSOLAR,SM,ALPEX SOLAR LIMITED,H
ALPSINDUS,BE,ALPS INDUSTRIES LTD.,H
ALUWIND,ST,ALUWIND ARCHITECTURAL LTD,H
AMDIND,EQ,AMD INDUSTRIES LIMITED,H
ANKITMETAL,EQ,ANKIT MET & POW LTD,H
ANLON,SM,ANLON TECHNOLOGY SOL LTD,H
ANTGRAPHIC,BE,ANTARCTICA LTD,H
APOLLO,EQ,APOLLO MICRO SYSTEMS LTD,H
APS,SM,AUSTRALIAN PREM SOLAR I L,H
ARHAM,SM,ARHAM TECHNOLOGIES LTD,H
ASHAPURMIN,EQ,ASHAPURA MINECHEM LTD,H
ASIANENE,EQ,ASIAN ENERGY SERVICES LTD,H
ASMS,EQ,BARTRONICS INDIA LIMITED,H
ASPIRE,SM,ASPIRE & INNOVATIVE ADV L,H
ATLANTAA,BE,ATLANTAA LIMITED,H
ATMASTCO,SM,ATMASTCO LIMITED,H
AURIONPRO,BE,AURIONPRO SOLN LTD,H
AVPINFRA,SM,AVP INFRACON LIMITED,H
BAJEL,EQ,BAJEL PROJECTS LIMITED,H
BGLOBAL,BZ,BHARATIYA GLOBAL INFO LTD,H
BHARATWIRE,EQ,BHARAT WIRE ROPES LTD.,H
BKMINDST,BZ,BKM INDUSTRIES LIMITED,H
BLBLIMITED,BE,BLB LIMITED,H
BLUECHIP,BE,BLUE CHIP INDIA LIMITED,H
BOHRAIND,BE,BOHRA INDUSTRIES LIMITED,H
BTML,EQ,BODHI TREE MULTIMEDIA LTD,H
CAREERP,BE,CAREER POINT LIMITED,H
CELLECOR,SM,CELLECOR GADGETS LIMITED,H
CGRAPHICS,ST,CREATIVE GRAPHICS S IND L,H
CMMIPL,ST,CMM INFRAPROJECTS LIMITED,H
CMRSL,SM,CYBER MEDIA RES & SER LTD,H
COUNCODOS,EQ,COUNTRY CONDO S LIMITED,H
CREATIVEYE,BE,CREATIVE EYE LIMITED,H
CUBEXTUB,BE,CUBEXTUBINGS-ROLLSETT,H
CYBERMEDIA,BE,CYBER MEDIA (INDIA) LTD.,H
DCI,EQ,DC INFOTECH AND COMUN LTD,H
DCMFINSERV,BE,DCM FINANCIAL SERVICES LT,H
DESTINY,SM,DESTINY LOGISTICS & I LTD,H
DGCONTENT,EQ,DIGICONTENT LIMITED,H
DHTL,SM,DOCMODE HEALTH TECH LTD,H
DRONE,SM,DRONE DESTINATION LIMITED,H
DUGLOBAL,SM,DUDIGITAL GLOBAL LIMITED,H
DVL,EQ,DHUNSERI VENTURES LIMITED,H
DYNAMIC,SM,DYNAMIC SRVCS & SEC LTD,H
E2E,BE,E2E NETWORKS LIMITED,H
EDUCOMP,BZ,EDUCOMP SOLUTIONS LTD,H
EIMCOELECO,BE,EIMCO ELECON (INDIA) LTD,H
ENERGYDEV,EQ,ENERGY DEVE. CO.LTD,H
ESCONET,SM,ESCONET TECHNOLOGIES LTD,H
ESSENTIA,BE,INTEGRA ESSENTIA LIMITED,H
ESTER,EQ,ESTER INDUSTRIES LTD,H
EXCEL,BE,EXCEL REALTY N INFRA LTD,H
FCSSOFT,EQ,FCS SOFTWARE SOLN. LTD.,H
FLEXITUFF,BE,FLEXITUFF VENTURES INT L,H
FLFL,BZ,FUT LIFESTYLE FASH LTD,H
GALLANTT,BE,GALLANTT ISPAT LIMITED,H
GANESHHOUC,EQ,GANESH HOUSING CORP LTD,H
GANGOTRI,BZ,GANGOTRI TEXTILES LTD.,H
GAYAHWS,BE,GAYATRI HIGHWAYS LIMITED,H
GENSOL,EQ,GENSOL ENGINEERING LTD,H
GFSTEELS,BE,GRAND FOUNDRY LTD,H
GLOBALVECT,BE,GLOBAL VEC HELICORP LTD,H
GLOBE,EQ,GLOBE TEXTILES (I) LTD.,H
GMRP&UI,EQ,GMR POW AND URBAN INFRA L,H
GODHA,BE,GODHA CABCON INSULAT LTD,H
GOENKA,BZ,GOENKA DIAMOND&JEWELS LTD,H
GRAPHISAD,SM,GRAPHISADS LIMITED,H
GSLSU,EQ,GLOBAL SURFACES LIMITED,H
GTLINFRA,EQ,GTL INFRA.LTD,H
HDIL,BZ,HOUSING DEV & INFRA LTD,H
HEADSUP,EQ,HEADS UP VENTURES LIMITED,H
HINDMOTORS,EQ,HINDUSTAN MOTORS LIMITED,H
HIRECT,EQ,HIND RECTIFIER LIMITED,H
HITECHGEAR,EQ,THE HI-TECH GEARS LIMITED,H
HSCL,BE,HIMADRI SPECIALITY CHEM L,H
HUBTOWN,BE,HUBTOWN LIMITED,H
HYBRIDFIN,BE,HYBRID FINANCIAL SERVICE,H
IL&FSTRANS,BZ,IL&FS TRANS NET LTD,H
INDOTECH,EQ,INDO TECH TRANSFORM LTD.,H
INNOVATIVE,ST,INNOVATIVE TYRES & TUBES,H
INOXGREEN,BE,INOX GREEN ENERGY SER LTD,H
INSPIRE,SM,INSPIRE FILMS LIMITED,H
INSPIRISYS,BE,INSPIRISYS SOLUTIONS LTD,H
IRIS,EQ,IRIS BUSINESS SERV LTD,H
ISFT,EQ,INTRASOFT TECH. LTD,H
ISHAN,ST,ISHAN INTERNATIONAL LTD,H
IWEL,BE,INOX WIND ENERGY LIMITED,H
IZMO,EQ,IZMO LIMITED,H
JAICORPLTD,EQ,JAI CORP LIMITED,H
JYOTICNC,EQ,JYOTI CNC AUTOMATION LTD,H
KAUSHALYA,EQ,KAUSHALYA INFRA DEV LTD.,H
KAVVERITEL,EQ,KAVVERI TEL. LTD.,H
KBCGLOBAL,EQ,KBC GLOBAL LIMITED,H
KCEIL,SM,KAY CEE ENERGY & INFRA L,H
KCK,ST,KCK INDUSTRIES LTD,H
KDL,SM,KORE DIGITAL LIMITED,H
KEEPLEARN,EQ,DSJ KEEP LEARNING LTD,H
KICL,EQ,KALYANI INVEST CO LTD,H
KPIGREEN,EQ,KPI GREEN ENERGY LIMITED,H
LAGNAM,BE,LAGNAM SPINTEX LIMITED,H
LAKPRE,BZ,LAKSHMI PRE SCRE LTD,H
LASA,EQ,LASA SUPERGENERICS LTD,H
LLOYDS,SM,LLOYDS LUXURIES LIMITED,H
LLOYDSENGG,EQ,LLOYDS ENGG WORK LIMITED,H
LPDC,EQ,LANDMARK PR.DEV.CO.LTD,H
MAFANG,EQ,MIRAEAMC - MAFANG,H
MAITREYA,SM,MAITREYA MEDICARE LIMITED,H
MANAKCOAT,EQ,MAN COAT METAL & IND LTD,H
MANINDS,BE,MAN INDUSTRIES (I) LTD.,H
MANOMAY,EQ,MANOMAY TEX INDIA LTD,H
MANORAMA,EQ,MANORAMA INDUSTRIES LTD,H
MANUGRAPH,BE,MANUGRAPH INDIA LIMITED,H
MARINE,EQ,MARINE ELECTRICAL (I) LTD,H
MASKINVEST,EQ,MASK INVESTMENTS LIMITED,H
MBECL,EQ,MCNALLY BH. ENG. CO.LTD,H
MCL,BE,MADHAV COPPER LIMITED,H
MEGAFLEX,ST,MEGA FLEX PLASTICS LTD,H
MEGASOFT,EQ,MEGASOFT LTD,H
MICEL,EQ,MIC ELECTRONICS LTD,H
MILTON,SM,MILTON INDUSTRIES LIMITED,H
MIRCELECTR,EQ,MIRC ELECTRONICS LTD,H
MODIRUBBER,EQ,MODI RUBBER LTD,H
MUFIN,EQ,MUFIN GREEN FINANCE LTD,H
MWL,SM,MANGALAM WORLDWIDE LTD,H
NAGREEKCAP,BE,NAGREEKA CAP & INFR.LTD,H
NILASPACES,EQ,NILA SPACES LIMITED,H
NPST,SM,NETWORK PEOPLE SRV TECH L,H
ORIENTLTD,EQ,ORIENT PRESS LIMITED,H
OWAIS,SM,OWAIS METAL & MINERAL,H
PAISALO,EQ,PAISALO DIGITAL LIMITED,H
PALASHSECU,EQ,PALASH SECURITIES LTD,H
PARASPETRO,BE,PARAS PETROFILS LTD.,H
PARSVNATH,EQ,PARSVNATH DEVELOPER LTD,H
PATTECH,SM,PATTECH FITWELL TUB COM L,H
PAVNAIND,BE,PAVNA INDUSTRIES LIMITED,H
PERFECT,ST,PERFECT INFRAENGINEER LTD,H
PFS,BE,PTC INDIA FIN SERV LTD,H
PIGL,BE,POWER INSTRUMENT (G) LTD,H
POCL,EQ,PONDY OXIDES & CHEM LTD,H
PRAMARA,SM,PRAMARA PROMOTIONS LTD,H
PRATHAM,SM,PRATHAM EPC PROJECTS LTD,H
PREMEXPLN,EQ,PREMIER EXPLOSIVES LTD,H
PREMIER,BE,PREMIER LIMITED,H
PRITIKA,SM,PRITIKA ENG COMPO LTD,H
PROLIFE,SM,PROLIFE INDUSTRIES LTD,H
QUINTEGRA,BE,QUINTEGRA SOLUTIONS LTD.,H
RADIOWALLA,ST,RADIOWALLA NETWORK LTD,H
RAJRILTD,BE,RAJ RAYON INDUSTRIES LTD,H
RANEENGINE,EQ,RANE ENG VALVE LTD,H
REFEX,EQ,REFEX INDUSTRIES LIMITED,H
REXPIPES,SM,REX PIPES AND CABLES LTD,H
RHFL,BE,RELIANCE HOME FINANCE LTD,H
ROCKINGDCE,SM,ROCKINGDEALS CIRCU ECO L,H
ROLLT,BE,ROLLATAINERS LIMITED,H
ROLTA,BZ,ROLTA INDIA LTD,H
RTNPOWER,BE,RATTANINDIA POWER LIMITED,H
SABEVENTS,BE,SAB EVENTS & GOVERNANCE,H
SABTNL,BE,SRI ADHIKARI BRO TELE N L,H
SADBHAV,EQ,SADBHAV ENGINEERING LTD,H
SAGARDEEP,BE,SAGARDEEP ALLOYS LIMITED,H
SANCO,BZ,SANCO INDUSTRIES LIMITED,H
SANDUMA,EQ,SANDUR MANG & IRON ORES L,H
SANWARIA,BZ,SANWARIA CONSUMER LIMITED,H
SECL,SM,SALASAR EXTERIOR CONT LTD,H
SEL,ST,SUNGARNER ENERGIES LTD,H
SETCO,EQ,SETCO AUTOMOTIVE LTD,H
SHAHALLOYS,BE,SHAH ALLOYS LIMITED,H
SHAKTIPUMP,BE,SHAKTI PUMPS (I) LTD,H
SHEETAL,SM,SHEETAL UNIVERSAL LIMITED,H
SHRENIK,EQ,SHRENIK LIMITED,H
SHYAMTEL,EQ,SHYAM TELECOM LIMITED,H
SILGO,EQ,SILGO RETAIL LIMITED,H
SKIL,BE,SKIL INFRASTRUCTURE LTD.,H
SMVD,SM,SMVD POLY PACK LIMITED,H
SOLEX,SM,SOLEX ENERGY LIMITED,H
SOMATEX,EQ,SOMA TEXTILES & INDUST LT,H
STARTECK,BE,STARTECK FINANCE LIMITED,H
STEELCITY,EQ,STEEL CITY SECURITIES LTD,H
SUPREMEENG,BE,SUPREME ENGINEERING LTD,H
SUPREMEPWR,SM,SUPREME POWER EQUIPMENT L,H
SUZLON,EQ,SUZLON ENERGY LIMITED,H
SWARAJ,SM,SWARAJ SUITING LIMITED,H
SWELECTES,EQ,SWELECT ENERGY SYS LTD,H
SWSOLAR,EQ,STRLNG & WIL REN ENE LTD,H
SYNCOMF,BE,SYNCOM FORMU (I) LTD,H
TAC,ST,TAC INFOSEC LIMITED,H
TALBROAUTO,EQ,TALBROS AUTO. COMP. LTD,H
TCIFINANCE,BE,TCIFINANCELTD-ROLL SETT,H
TFCILTD,EQ,TOURISM FINANCE CORP. OF,H
TGL,ST,TEERTH GOPICON LIMITED,H
THOMASCOTT,BE,THOMAS SCOTT (INDIA) LTD,H
TIJARIA,BE,TIJARIA POLYPIPES LTD,H
TRF,BE,TRF LIMITED,H
TRIL,BE,TRANS & RECTI. LTD,H
TRUST,SM,TRUST FINTECH LIMITED,H
UEL,BE,UJAAS ENERGY LIMITED,H
UMAEXPORTS,BE,UMA EXPORTS LIMITED,H
UNIVAFOODS,BE,UNIVA FOODS LIMITED,H
V2RETAIL,BE,V2 RETAIL LIMITED,H
VARDMNPOLY,BE,VARDHMAN POLYTEX LTD.,H
VHLTD,BE,VICEROY HOTELS LIMITED,H
VIJIFIN,BE,VIJI FINANCE LIMITED,H
VINSYS,SM,VINSYS IT SERVICES IND LT,H
VIVIANA,ST,VIVIANA POWER TECH LTD,H
VMARCIND,SM,V MARC INDIA LIMITED,H
WALCHANNAG,BE,WALCHANDNAGAR INDUSTRIES,H
WALPAR,ST,WALPAR NUTRITIONS LIMITED,H
WANBURY,EQ,WANBURY LIMITED,H
WEBELSOLAR,BE,WEBSOL ENERGY SYSTEM LTD,H
WEL,EQ,WONDER ELECTRICALS LTD,H
WELINV,EQ,WELSPUN INV & COMM LTD,H
WINSOME,BE,WINSOME YARNS LIMITED,H
WOMANCART,SM,WOMANCART LIMITED,H
XELPMOC,BE,XELPMOC DESIGN & TECH LTD,H
YASHOPTICS,ST,YASH OPTICS & LENS LTD,H
ZENITHSTL,EQ,ZENITH STEEL PIP IND LTD,H
ZENTEC,EQ,ZEN TECHNOLOGIES LIMITED,H
ZODIAC,BE,ZODIAC ENERGY LIMITED,H
ALPSINDUS,BE,ALPS INDUSTRIES LTD.,L
ANSALAPI,BZ,ANSAL PROP & INFRA LTD,L
ANTGRAPHIC,BE,ANTARCTICA LTD,L
ARENTERP,EQ,RAJDARSHAN INDUSTRIES LTD,L
ARVEE,BE,ARVEE LABORATORIES I LTD,L
ATLANTAA,BE,ATLANTAA LIMITED,L
BBOX,EQ,BLACK BOX LIMITED,L
BGLOBAL,BZ,BHARATIYA GLOBAL INFO LTD,L
BKMINDST,BZ,BKM INDUSTRIES LIMITED,L
BLBLIMITED,BE,BLB LIMITED,L
CMICABLES,BZ,CMI LIMITED,L
CMMIPL,ST,CMM INFRAPROJECTS LIMITED,L
COMPINFO,BZ,COMPUAGE INFOCOM LTD,L
CREATIVEYE,BE,CREATIVE EYE LIMITED,L
DIGJAMLMTD,BE,DIGJAM LTD,L
DRONE,SM,DRONE DESTINATION LIMITED,L
FCONSUMER,BE,FUTURE CONSUMER LIMITED,L
FEL,BZ,FUTURE ENTERPRISES LTD,L
FELDVR,BE,FUTURE ENTERPRISES LTD,L
FRETAIL,BZ,FUTURE RETAIL LIMITED,L
GANGOTRI,BZ,GANGOTRI TEXTILES LTD.,L
GAYAPROJ,BZ,GAYATRI PROJECTS LTD,L
GKWLIMITED,EQ,GKW LIMITED,L
GOLDENTOBC,BZ,GOLDEN TOBACCO LIMITED,L
GSPL,EQ,GUJARAT STATE PETRO LTD,L
GTLINFRA,EQ,GTL INFRA.LTD,L
HAVISHA,BE,SRI HAVISHA HOSP & INFR L,L
HDIL,BZ,HOUSING DEV & INFRA LTD,L
HINDNATGLS,BE,HIND NATL GLASS & IND LTD,L
INDSWFTLTD,BE,IND-SWIFT LIMITED,L
INFOMEDIA,BE,INFOMEDIA PRESS LIMITED,L
ISHAN,ST,ISHAN INTERNATIONAL LTD,L
JALAN,SM,JALAN TRANSOLU. INDIA LTD,L
JETKNIT,SM,JET KNITWEARS LTD.,L
K2INFRA,ST,K2 INFRAGEN LIMITED,L
KRIDHANINF,BE,KRIDHAN INFRA LIMITED,L
LAKPRE,BZ,LAKSHMI PRE SCRE LTD,L
MADHUCON,BE,MADHUCON PROJECTS LTD.,L
MEDICO,BE,MEDICO REMEDIES LIMITED,L
MEP,BE,MEP INFRA. DEVELOPERS LTD,L
METALFORGE,BZ,METALYST FORGINGS LIMITED,L
MORARJEE,BE,MORARJEE TEXTILES LIMITED,L
MTEDUCARE,BE,MT EDUCARE LTD,L
NIRAJ,BE,NIRAJ CEMENT STRUC LTD,L
NTL,BE,NEUEON TOWERS LIMITED,L
OMKARCHEM,BZ,OMKAR SPL CHEM LTD,L
ONELIFECAP,BE,ONELIFE CAP ADVISORS LTD,L
ORIANA,SM,ORIANA POWER LIMITED,L
ORTEL,BZ,ORTEL COMMUNICATIONS LTD,L
OSWALSEEDS,BE,SHREEOSWAL S AND CHE LTD,L
PODDARHOUS,BZ,PODDAR HOUSE & DVPT LTD,L
QUINTEGRA,BE,QUINTEGRA SOLUTIONS LTD.,L
RADAAN,BE,RADAAN MEDIAWORKS (I) LTD,L
RAJRILTD,BE,RAJ RAYON INDUSTRIES LTD,L
RCOM,BE,RELIANCE COMMUNICATIONS L,L
SADBHIN,BE,SADBHAV INFRA PROJ LTD.,L
SEJALLTD,BE,SEJAL GLASS LIMITED,L
SETUINFRA,BZ,SETUBANDHAN INFRA LTD,L
SITINET,BE,SITI NETWORKS LIMITED,L
SKIL,BE,SKIL INFRASTRUCTURE LTD.,L
SPARC,BE,SUN PHARMA ADV.RES.CO.LTD,L
SPTL,BZ,SINTEX PLASTICS TECH LTD,L
SRPL,BE,SHREE RAM PROTEINS LTD.,L
SUMEETINDS,BE,SUMEET IND LIMITED,L
SURANI,SM,SURANI STEEL TUBES LTD.,L
TIMESCAN,SM,TIMESCAN LOGISTICS IND L,L
UNITECH,BZ,UNITECH LIMITED,L
URBAN,SM,URBAN ENVIRO WASTE MGMT L,L
VCL,BE,VAXTEX COTFAB LIMITED,L
VIAZ,SM,VIAZ TYRES LIMITED,L
VIJIFIN,BE,VIJI FINANCE LIMITED,L
