GAIN_LOSS,SECURITY,CLOSE_PRIC,PREV_CL_PR,PERCENT_CG
 ,Nifty 50 Sec., , , 
 , , , , 
G,BHARAT PETROLEUM CORP  LT,       603.45,       585.80,3.01
G,TATA CONSUMER PRODUCT LTD,      1170.95,      1138.10,2.89
G,EICHER MOTORS LTD,      4466.95,      4344.15,2.83
G,LARSEN & TOUBRO LTD.,      3612.70,      3518.35,2.68
G,SHRIRAM FINANCE LIMITED,      2424.65,      2366.55,2.46
G,BAJAJ FINANCE LIMITED,      7292.20,      7119.50,2.43
G,AXIS BANK LIMITED,      1053.95,      1029.10,2.41
G,HERO MOTOCORP LIMITED,      4311.90,      4213.70,2.33
G,ULTRATECH CEMENT LIMITED,      9565.25,      9363.95,2.15
G,STATE BANK OF INDIA,       766.10,       750.45,2.09
G,WIPRO LTD,       462.00,       452.75,2.04
G,SBI LIFE INSURANCE CO LTD,      1475.40,      1447.55,1.92
G,BRITANNIA INDUSTRIES LTD,      4753.30,      4668.30,1.82
G,ICICI BANK LTD.,      1086.65,      1067.25,1.82
G,DIVI S LABORATORIES LTD,      3737.50,      3671.70,1.79
G,COAL INDIA LTD,       442.95,       435.30,1.76
G,INFOSYS LIMITED,      1432.75,      1411.25,1.52
G,HCL TECHNOLOGIES LTD,      1465.90,      1447.50,1.27
G,DR. REDDY S LABORATORIES,      6016.10,      5942.85,1.23
G,TECH MAHINDRA LIMITED,      1208.05,      1193.65,1.21
G,ADANI ENTERPRISES LIMITED,      3063.35,      3026.95,1.2
G,ASIAN PAINTS LIMITED,      2841.85,      2808.55,1.19
G,SUN PHARMACEUTICAL IND L,      1540.10,      1522.80,1.14
G,APOLLO HOSPITALS ENTER. L,      6238.55,      6169.55,1.12
G,TATA MOTORS LIMITED,       973.55,       963.20,1.07
G,TATA CONSULTANCY SERV LT,      3864.60,      3826.20,1
G,KOTAK MAHINDRA BANK LTD,      1809.95,      1792.65,.97
G,TITAN COMPANY LIMITED,      3596.75,      3563.05,.95
G,NESTLE INDIA LIMITED,      2458.70,      2437.70,.86
G,ADANI PORT & SEZ LTD,      1321.10,      1310.00,.85
 , , , , 
L,NTPC LTD,       342.90,       350.55,-2.18
L,HDFC BANK LTD,      1512.20,      1531.30,-1.25
L,JSW STEEL LIMITED,       854.80,       864.80,-1.16
L,INDUSIND BANK LIMITED,      1477.50,      1482.05,-0.31
L,TATA STEEL LIMITED,       161.85,       162.10,-0.15
L,BAJAJ AUTO LIMITED,      8795.75,      8804.50,-0.1
 , , , , 
 ,Nifty Next 50 Sec., , , 
 , , , , 
G,INTERGLOBE AVIATION LTD,      3727.00,      3560.20,4.69
G,ZYDUS LIFESCIENCES LTD,       959.70,       922.15,4.07
G,PUNJAB NATIONAL BANK,       133.10,       128.25,3.78
G,ABB INDIA LIMITED,      6525.30,      6292.60,3.7
G,CANARA BANK,       599.80,       578.75,3.64
G,JIO FIN SERVICES LTD,       382.70,       370.10,3.4
G,UNITED SPIRITS LIMITED,      1159.80,      1123.10,3.27
G,HAVELLS INDIA LIMITED,      1550.75,      1501.70,3.27
G,SIEMENS LTD,      5768.40,      5589.50,3.2
G,INDIAN OIL CORP LTD,       170.90,       166.65,2.55
G,VARUN BEVERAGES LIMITED,      1430.30,      1396.10,2.45
G,PIDILITE INDUSTRIES LTD,      2898.05,      2830.70,2.38
G,TVS MOTOR COMPANY  LTD,      1943.25,      1899.05,2.33
G,INDIAN RAILWAY FIN CORP L,       144.10,       141.00,2.2
G,ZOMATO LIMITED,       193.35,       189.20,2.19
G,TORRENT PHARMACEUTICALS L,      2591.90,      2539.40,2.07
G,REC LIMITED,       434.50,       425.75,2.06
G,BANK OF BARODA,       261.30,       256.95,1.69
G,INFO EDGE (I) LTD,      5800.35,      5712.10,1.54
G,BAJAJ HOLDINGS & INVS LTD,      7955.15,      7835.70,1.52
G,POWER FIN CORP LTD.,       404.35,       398.65,1.43
G,SRF LTD,      2565.10,      2529.05,1.43
G,GODREJ CONSUMER PRODUCTS,      1185.50,      1168.85,1.42
G,ADANI GREEN ENERGY LTD,      1793.75,      1770.05,1.34
G,AVENUE SUPERMARTS LIMITED,      4758.00,      4696.00,1.32
G,DLF LIMITED,       865.15,       855.65,1.11
G,AMBUJA CEMENTS LTD,       616.30,       609.65,1.09
G,CHOLAMANDALAM IN & FIN CO,      1140.00,      1128.15,1.05
G,SBI CARDS & PAY SER LTD,       739.70,       732.10,1.04
G,HINDUSTAN AERONAUTICS LTD,      3785.50,      3751.30,0.91
 , , , , 
L,BOSCH LIMITED,     29142.05,     29787.00,-2.17
L,GAIL (INDIA) LTD,       198.75,       201.95,-1.58
L,ICICI PRU LIFE INS CO LTD,       580.30,       588.15,-1.33
L,VEDANTA LIMITED,       381.00,       385.95,-1.28
L,JINDAL STEEL & POWER LTD,       917.65,       927.25,-1.04
L,ICICI LOMBARD GIC LIMITED,      1686.00,      1689.75,-0.22
L,TATA POWER CO LTD,       427.95,       428.10,-0.04
 , , , , 
 ,OTHER SECURITIES, , , 
 , , , , 
G,HEADS UP VENTURES LIMITED,        16.20,        13.50,20
G,ESTER INDUSTRIES LTD,       109.80,        91.50,20
G,INSPIRE FILMS LIMITED,        37.80,        31.50,20
G,AVP INFRACON LIMITED,        84.30,        70.25,20
G,ATMASTCO LIMITED,       180.65,       150.55,19.99
G,SUPREME POWER EQUIPMENT L,       171.10,       142.60,19.99
G,MANGALAM WORLDWIDE LTD,       158.20,       131.85,19.98
G,HINDUSTAN MOTORS LIMITED,        28.40,        23.70,19.83
G,STEEL CITY SECURITIES LTD,        89.55,        74.75,19.8
G,PREMIER EXPLOSIVES LTD,      2498.10,      2085.70,19.77
G,PALASH SECURITIES LTD,       149.95,       125.25,19.72
G,INTRASOFT TECH. LTD,       140.40,       117.95,19.03
G,VINSYS IT SERVICES IND LT,       362.40,       305.00,18.82
G,LLOYDS ENGG WORK LIMITED,        64.50,        54.30,18.78
G,ASPIRE & INNOVATIVE ADV L,       102.50,        86.35,18.7
G,PATTECH FITWELL TUB COM L,        78.45,        66.65,17.7
G,SKIPPER RE.0.25 PPD UP,       197.00,       167.65,17.51
G,TEJAS NETWORKS LIMITED,       906.90,       775.55,16.94
G,KALYANI INVEST CO LTD,      4512.70,      3904.50,15.58
G,AUTOMOTIVE STAMPINGS & AS,       875.65,       764.00,14.61
G,KABRA EXTRUSION TECHNIK L,       366.85,       322.45,13.77
G,SILGO RETAIL LIMITED,        38.40,        33.80,13.61
G,SEC RED NCD SR. VII,      1998.99,      1762.51,13.42
G,TPL PLASTECH LIMITED,       100.60,        89.15,12.84
G,INDO-NATIONAL LIMITED,       685.00,       608.20,12.63
G,ITI LTD,       279.45,       248.20,12.59
G,TD POWER SYSTEMS LTD.,       326.80,       290.95,12.32
G,BF INVESTMENT LIMITED,       582.90,       520.80,11.92
G,DJ MEDIAPRINT & LOG LTD,       277.95,       248.70,11.76
G,SKIPPER LIMITED,       351.30,       314.35,11.75
 , , , , 
L,GUJARAT STATE PETRO LTD,       303.85,       377.65,-19.54
L,JET KNITWEARS LTD.,       109.35,       121.50,-10
L,PERSISTENT SYSTEMS LTD,      3508.50,      3884.70,-9.68
L,SPECTRUM ELECTRIC IND LTD,      1297.50,      1419.20,-8.58
L,CADSYS (INDIA) LIMITED,       323.65,       350.50,-7.66
L,SEC RE NCD 8.20% SR.V,      1003.13,      1076.00,-6.77
L,TEMBO GLOBAL IND LTD,       227.60,       242.80,-6.26
L,BOND 8.63% PA TF TII-SIIA,      1165.00,      1240.00,-6.05
L,PASHUPATI COTSPIN LIMITED,        99.05,       105.20,-5.85
L,SEC RE NCGB 8.25% STRPP D,       249.00,       264.00,-5.68
L,NEWJAISA TECHNOLOGIES LTD,       103.25,       109.15,-5.41
L,SURATWWALA BUS GROUP LTD,        96.95,       102.40,-5.32
L,ATAL REALTECH LIMITED,        12.60,        13.30,-5.26
L,DYNACONS SYS & SOLN LTD,      1366.90,      1440.95,-5.14
L,GKW LIMITED,      2404.50,      2531.05,-5
L,DRONE DESTINATION LIMITED,       259.50,       273.15,-5
L,VIAZ TYRES LIMITED,        52.30,        55.05,-5
L,RAJDARSHAN INDUSTRIES LTD,        49.50,        52.10,-4.99
L,SDL MH 7.7% 2033,        90.26,        95.00,-4.99
L,TIMESCAN LOGISTICS IND L,       130.95,       137.80,-4.97
L,SEC RE NCD SR 2,       960.94,      1010.10,-4.87
L,JALAN TRANSOLU. INDIA LTD,         4.00,         4.20,-4.76
L,KODY TECHNOLAB LIMITED,       845.25,       887.50,-4.76
L,URBAN ENVIRO WASTE MGMT L,       333.10,       349.65,-4.73
L,JAY JALARAM TECHNO LTD,       396.00,       415.00,-4.58
L,BLACK BOX LIMITED,       256.85,       269.00,-4.52
L,A B INFRABUILD LIMITED,        57.30,        60.00,-4.5
L,ONECLICK LOGISTICS IND L,        66.85,        70.00,-4.5
L,EMKAY GLOBAL FIN SERV LTD,       147.85,       154.80,-4.49
L,EXICOM TELE SYSTEMS LTD,       278.70,       291.80,-4.49
