SECURITY,NEW,PREVIOUS,NEW_STATUS
JSW ENERGY LIMITED,650,638.7,H
TECHNO ELEC & ENG CO. LTD,991.95,946,H
NIPPON L I A M LTD,581.8,568.95,H
2.50%GOLDBONDS2026SR-IV,7580,7349,H
SURAJ ESTATE DEVELOPERS L,379.7,377.9,H
VENUS PIPES & TUBES LTD,2189.9,2049,H
LLOYDS ENGG WORK LIMITED,65.15,62.9,H
GALLANTT ISPAT LIMITED,263.15,250.65,H
ELECTROTHERM (I) LTD.,710.7,696.8,H
DRONE DESTINATION LIMITED,286.8,273.15,H
SEC RED NCD SR.VIII,1435.11,1430.01,H
DOLPHIN OFF ENT (IND) L,369.65,355,H
GOI TBILL 182D-29/08/24,97.57,97.4,H
TAC INFOSEC LIMITED,334.7,318.8,H
MAHINDRA & MAHINDRA LTD,2133,2108.6,H
VOLTAS LTD,1395,1392,H
THERMAX LTD,4978.9,4877,H
IFB INDUSTRIES LTD,1618.7,1603.75,H
KALYANI INVEST CO LTD,4685.4,4667.75,H
GLOBAL VEC HELICORP LTD,202.4,192.8,H
DHANUKA AGRITECH LTD,1395.9,1298,H
SWELECT ENERGY SYS LTD,1331.85,1268.45,H
HOMESFY REALTY LIMITED,785,758.55,H
AIRTEL RS. 1.25 PPD UP,923.9,909.8,H
KCK INDUSTRIES LTD,91.95,88.2,H
LLOYDS METALS N ENERGY L,734.9,724.95,H
GOI TBILL 364D-24/10/24,95.62,95.3,H
UNIVASTU INDIA LIMITED,177,171.3,H
EDELAMC - EBBETF0425,1238.15,1234.55,H
KALPATARU PROJECT INT LTD,1223,1221,H
SIMPLEX INFRASTRUCTURES L,151.5,148.55,H
GOI TBILL 182D-05/09/24,97.39,97.11,H
GOI TBILL 182D-22/08/24,97.7,97.68,H
CANARYS AUTOMATIONS LTD,62,57.55,H
DJ MEDIAPRINT & LOG LTD,284,251,H
EDELAMC - EGOLD,75.9,75.4,H
GOI TBILL 364D-27/09/24,97,96.41,H
DOMS INDUSTRIES LIMITED,1832,1808.9,H
GOI TBILL 182D-26/09/24,96.99,96.6,H
INDRAPRASTHA MEDICAL CORP,254,253.85,H
BHARAT BIJLEE LTD,7000,6994.7,H
K M SUGAR MILLS LTD,46.5,44.95,H
KIRLOSKAR BROTHERS LTD,1264.85,1240.9,H
PREMIER EXPLOSIVES LTD,2502.8,2125,H
SHAKTI PUMPS (I) LTD,1677.5,1597.65,H
KAPSTON SERVICES LIMITED,319.8,298.45,H
TARAPUR TRANSFORMERS LTD,9.85,9.7,H
AXISAMC - AXISCETF,105.16,105.04,H
THEJO ENGINEERING LIMITED,3050,2979.8,H
UMA EXPORTS LIMITED,108.65,103.5,H
LAGNAM SPINTEX LIMITED,141.4,134.7,H
GOI TBILL 182D-25/07/24,98,97.71,H
DMCC SPECIALITY CHEMICALS,380,378,H
ELDECO HSG & IND LTD.,1175,1153.25,H
GOI TBILL 182D-19/09/24,97.14,97,H
UNSERENCD8.85%SRIVCIII&IV,1097.88,1080,H
PRECOT LIMITED,386.3,378.75,H
SAURASHTRA CEMENT LIMITED,130.6,126,H
MOTILAL OSWAL FIN LTD,2358.9,2300,H
2.50% GOLDBONDS2024 TR-VI,7350,7330,H
WONDER ELECTRICALS LTD,1033.1,1016.95,H
YUKEN INDIA LIMITED,1122,1082,H
ALPEX SOLAR LIMITED,512,487.65,H
SEC RE NCD 8.25% SR 1,1141,1048.8,H
GOI TBILL 364D-23/01/25,94.85,93.5,H
ZODIAC ENERGY LIMITED,521.9,497.05,H
CHAVDA INFRA LIMITED,158.75,154,H
SHERA ENERGY LIMITED,204,199.9,H
YASH OPTICS & LENS LTD,102.9,98,H
EPIGRAL LIMITED,1424.9,1400,H
ATLANTAA LIMITED,36.85,26.6,H
KOTAK GOLD ETF,62.95,62.7,H
UJAAS ENERGY LIMITED,31.3,29.85,H
SDL KA 7.67% 2036,99.5,95,H
ASPIRE & INNOVATIVE ADV L,103.6,97.3,H
EIMCO ELECON (INDIA) LTD,2025.3,1928.9,H
TRENT LTD,4304.8,4243.95,H
AUTOMOTIVE STAMPINGS & AS,903.8,822.7,H
BHARTI AIRTEL LIMITED,1305.4,1296.5,H
INDO TECH TRANSFORM LTD.,1819.5,1732.9,H
THE ANUP ENGINEERING LTD,3649.95,3549,H
KSB LIMITED,4788,4757.45,H
ICICIPRAMC - ICICIPHARM,138.31,127.75,H
2.50%GOLDBONDS2031SR-III,7590,7390,H
TRANS & RECTI. LTD,697.65,664.45,H
GOI TBILL 364D-12/12/24,95.61,95.09,H
DYNAMIC SRVCS & SEC LTD,196.8,178.95,H
S&S POWER SWITCHGEARS,320.5,314.25,H
GOI TBILL 364D-08/08/24,97.92,96.7,H
GOI TBILL 364D-12/09/24,97.26,97.07,H
GOI TBILL 91D-16/05/24,99.5,99.45,H
ASCOM LEASIN & INVEST LTD,277.65,266.45,H
PRATHAM EPC PROJECTS LTD,228.4,217.55,H
OWAIS METAL & MINERAL,641.35,613,H
AURIONPRO SOLN LTD,2556.65,2501.15,H
HINDUSTAN MOTORS LIMITED,28.4,26.75,H
FORCE MOTORS LIMITED,10139.05,9488,H
NILA SPACES LIMITED,8.1,8.05,H
2.50%GOLDBONDS2028SR-VIII,7497,7395,H
AARTECH SOLONICS LIMITED,226.5,216.7,H
AGARWAL FLOAT GLASS I LTD,70,68,H
SWARAJ SUITING LIMITED,216.05,214.95,H
ARHAM TECHNOLOGIES LTD,316.05,302.9,H
LIC MF - LIC GOLD ETF,6984.95,6830,H
TRF LIMITED,509.05,502.15,H
JIO FIN SERVICES LTD,384.85,384.4,H
SHARP CHUCKS N MACHINES L,107,97.7,H
DIAMOND POWER INFRA LTD,702,688.25,H
VICEROY HOTELS LIMITED,58.25,55.5,H
CREATIVE GRAPHICS S IND L,224.2,213.55,H
GOI TBILL 182D-15/08/24,97.83,97.32,H
DSPAMC - LIQUIDADD,1005.69,1005.52,H
TANTIA CONSTRUCTIONS LTD,34.5,23.8,H
BLUE PEBBLE LIMITED,336,303.95,H
THE HI-TECH GEARS LIMITED,1221.6,1165,H
LINDE INDIA LIMITED,7494.95,7447.55,H
VEEKAYEM FASH & APP LTD,268,266.15,H
KIRLOSKAR PNEUMATIC COM L,776.95,769,H
GOI TBILL 364D-14/11/24,96.11,96.07,H
GOI TBILL 364D-30/01/25,94.7,93.63,H
SOLEX ENERGY LIMITED,1175.65,1119.7,H
SEC RE NCD 10.50% SR.II,1065,999.6,H
TIJARIA POLYPIPES LTD,16.15,15.3,H
HDFCAMC - HDFCSILVER,84.3,83.84,H
GOI TBILL 364D-31/10/24,96.37,95,H
GOI TBILL 364D-26/12/24,95.35,94.3,H
SKIPPER RE.0.25 PPD UP,200,193,H
TEERTH GOPICON LIMITED,151.85,144.65,H
PURAVANKARA LIMITED,369,362.45,H
CUBEXTUBINGS-ROLLSETT,115.75,112.95,H
UNIVERSAL CABLES LTD,604.25,564,H
VOLTAMP TRANSFORMERS LTD,10659,10498.9,H
BAJEL PROJECTS LIMITED,284.65,258.8,H
MANOMAY TEX INDIA LTD,226.05,219,H
IRM ENERGY LIMITED,641,615,H
GOI TBILL 364D-07/11/24,96.22,95.33,H
GOI TBILL 182D-08/08/24,97.92,97.55,H
SRI ADHIKARI BRO TELE N L,84.9,66.9,H
ATAL REALTECH LIMITED,12.3,12.75,L
MANAKSIA STEELS LTD,57.35,58.35,L
SDL MH 7.7% 2033,90.26,91.6,L
ASHOKA METCAST LIMITED,18.9,18.95,L
MEP INFRA. DEVELOPERS LTD,7.9,8.2,L
GACM TECHNOLOGIES LIMITED,3.35,3.4,L
TERA SOFTWARE LIMITED,48.2,49.15,L
OSIA HYPER RETAIL LIMITED,29.4,30,L
SHREEOSWAL S AND CHE LTD,27.85,29.3,L
MANAK ALUMINIUM CO. LTD.,26.4,26.45,L
KANANI INDUSTRIES LTD,3.95,4,L
SERENCD 8.70% SR.VII OPII,1000,1001,L
VINNY OVERSEAS LIMITED,4.05,5.3,L
SAMBHAAV MEDIA LTD,5.15,5.25,L
MCNALLY BH. ENG. CO.LTD,4.15,28.5,L
SURATWWALA BUS GROUP LTD,95.2,99,L
SURANA TELECOM AND POW LT,15.55,15.7,L
BGR ENERGY SYSTEMS LTD,38.5,38.6,L
KOTAK GOLD ETF,61.66,61.88,L
SECUREKLOUD TECH LIMITED,40.1,40.5,L
GOI TBILL 364D-11/04/25,92.42,92.5,L
SANGINITA CHEMICALS LTD,21.85,21.95,L
BHARAT ROAD NETWORK LTD,57.95,59.1,L
SINTEX PLASTICS TECH LTD,1.15,1.2,L
MCLEOD RUSSEL INDIA LTD.,25.15,25.55,L
INVENTURE GRO & SEC LTD,2.25,2.3,L
RAJNANDINI METAL LIMITED,11,11.2,L
CMI LIMITED,4.95,5.2,L
LORENZINI APPARELS LTD,26.35,26.75,L
M K PROTEINS LIMITED,10.6,10.7,L
KOTAKMAMC - KOTAKSILVE,80.9,81.9,L
CUPID LIMITED,108.2,111.95,L
IVP LIMITED,165.5,167.7,L

