1,AARTIPHARM,INE0LRU01027,626.75,20
2,HEALTHIETF,INF109KC1Q72,134.32,20
3,JLHL,INE682M01012,1310.7,20
4,DPSCLTD,INE360C01024,20.92,22.89
5,PONNIERODE,INE838E01017,552.8,20
6,DEEPAKNTR,INE288B01029,2830.3,20
7,THANGAMAYL,INE085J01014,1766.4,20
8,NAVNETEDUL,INE060A01024,154.04,20
9,TVSSCS,INE395N01027,190.98,20
10,RELINFRA,INE036A01016,188,25.86
11,NFL,INE870D01012,150.44,23.63
12,PROZONER,INE195N01013,30.84,23.13
13,JAYAGROGN,INE785A01026,309.2,20
14,MARUTI,INE585B01010,12644.05,9
15,SWANENERGY,INE665A01038,709.75,22.25
16,ALBERTDAVD,INE155C01010,1254.9,20
17,ASAHISONG,INE228I01012,419.8,20
18,KMSUGAR,INE157H01023,42.38,100
19,ASHIMASYN,INE440A01010,42.49,28.67
20,SIGIND,INE529F01035,81.09,22.61
21,ESG,INF769K01GS9,41.59,20
22,YUKEN,INE384C01016,1405.65,21.57
23,RAJESHEXPO,INE343B01030,309.95,20
24,IGPL,INE204A01010,593.4,20
25,BLUESTARCO,INE472A01039,1695.6,20
26,SGBJAN29IX,IN0020200377,7845.36,10
27,ITI,INE248A01017,303.35,23.89
28,RUSTOMJEE,INE263M01029,711.35,20
29,BECTORFOOD,INE495P01012,1471.7,20
30,SGBMAR25,IN0020160126,7979.71,10
31,MOVALUE,INF247L01BE5,109.63,20
32,INDIAGLYCO,INE560A01015,1008.1,20
33,MIDQ50ADD,INF740KA1QL0,253.49,20
34,TRIGYN,INE948A01012,137.89,100
35,PGEL,INE457L01029,356.95,20
36,VSTTILLERS,INE764D01017,4054.85,20
37,SGBSEP27,IN0020190115,7797.84,10
38,SGBNOV25VI,IN0020170083,7507,10
39,RECLTD,INE020B01018,610.05,21.87
40,AXISCETF,INF846K016C7,117.65,20
41,IDFNIFTYET,INF194KA1U07,267.34,7.94
42,SGBAUG27,IN0020190107,7830,10
43,VERANDA,INE0IQ001011,281.77,100
44,PASUPTAC,INE818B01023,40.27,20
45,CENTRUM,INE660C01027,37.37,23.26
46,UCAL,INE139B01016,168.03,20
47,SGBMAY26,IN0020180033,7749.85,10
48,BLUEJET,INE0KBH01020,412.85,20
49,FLUOROCHEM,INE09N301011,3262.6,20
50,DHUNINV,INE320L01011,1314.5,21.88
51,GSEC10IETF,INF109KC18O0,233.29,10
52,STARPAPER,INE733A01018,256.35,20
53,GOLDCASE,INF0R8F01042,11.87,20
54,CHEMPLASTS,INE488A01050,532.35,20
55,PAGEIND,INE761H01022,40143.05,20
56,GOKULAGRO,INE314T01025,171.98,20
57,RUSHIL,INE573K01017,343.4,20
58,EICHERMOT,INE066A01021,4941.1,9.79
59,VISHNU,INE270I01022,431.55,20
60,GUJALKALI,INE186A01019,771.2,20
61,NMDC,INE584A01023,241.9,20
62,KIRLOSENG,INE146L01010,1292.1,20
63,DHANI,INE274G01010,57.37,24.58
64,PNC,INE392B01011,72.05,23.58
65,MOIL,INE490G01020,508.85,21.99
66,NIFMID150,INF789F1AYX9,213.37,9.65
67,ANANTRAJ,INE242C01024,479.05,20
68,CREATIVE,INE985W01018,749.95,20.85
69,TIINDIA,INE974X01010,4093.2,20
70,SENSEXIETF,INF346A01034,912.54,7.53
71,CHAMBLFERT,INE085A01013,511.65,20
72,PLASTIBLEN,INE083C01022,311.95,20
73,KIRLPNU,INE811A01020,1355.05,20
74,INFRAIETF,INF109KC16E5,95.47,20
75,SGBNOV25,IN0020170091,7526.07,10
76,RUCHIRA,INE803H01014,142.03,20
77,TRU,INE615R01029,47.61,23.72
78,JSWHL,INE824G01012,6993.15,20
79,HSCL,INE019C01026,414.35,20
80,RCF,INE027A01015,224.52,22.34
81,COMMOIETF,INF109KC19O8,94.61,20
82,NATHBIOGEN,INE448G01010,235.44,100
83,SANDHAR,INE278H01035,594.7,20
84,NCC,INE868B01028,317.45,21.12
85,KECL,INE134B01017,246.33,27.14
86,LORDSCHLO,INE846D01012,124,100
87,STOVEKRAFT,INE00IN01015,598.8,20
88,MEDICAMEQ,INE646B01010,468.05,20.17
89,AXISHCETF,INF846K01Z12,133.85,20
90,VENUSPIPES,INE0JA001018,2156.3,20
91,TITAN,INE280A01028,3262.1,9
92,IFGLEXPOR,INE133Y01011,633.35,21.35
93,BASF,INE373A01013,5521.4,20
94,TV18BRDCST,INE886H01027,41.99,20
95,SIL,INE173A01025,27.25,20
96,DJML,INE0B1K01014,338.9,100
97,NIFTYIETF,INF109K012R6,274.11,6
98,NAHARCAP,INE049I01012,322.4,20
99,HDFCBANK,INE040A01034,1614.8,9
100,HINDALCO,INE038A01020,689.95,12.74
101,LIQUIDBEES,INF732E01037,1000,10
102,JPOLYINVST,INE147P01019,911.6,21.59
103,ATAM,INE09KD01013,183.9,20
104,POWERINDIA,INE07Y701011,11828.55,20
105,TATACONSUM,INE192A01025,1193.4,9.03
106,SUBEXLTD,INE754A01055,31.26,22.15
107,VHL,INE701A01023,4279.3,20
108,MEDICO,INE630Y01024,38,100
109,MIDSELIETF,INF109KC10W0,17.66,9.17
110,MOMOMENTUM,INF247L01BK2,72.65,20
111,SGBMAR30X,IN0020210319,7943.33,10
112,YATRA,INE0JR601024,125.19,20
113,TATVA,INE0GK401011,1119.55,20
114,TANLA,INE483C01032,993.05,20
115,NPBET,INF277K010X4,268.16,20
116,TORNTPHARM,INE685A01028,3058.3,20
117,ARMANFIN,INE109C01017,2001.35,20
118,INOXGREEN,INE510W01014,165.73,20.92
119,YESBANK,INE528G01035,25.75,20
120,ASAL,INE900C01027,948.35,24.99
121,MAHEPC,INE215D01010,152.4,100
122,COLPAL,INE259A01022,3121.4,20
123,NRBBEARING,INE349A01021,323.8,20
124,ROSSARI,INE02A801020,814.55,20
125,SGBJUN30,IN0020220045,8018.82,10
126,SHRIRAMPPS,INE217L01019,103.24,20
127,URAVI,INE568Z01015,629.2,20.83
128,SGBOCT25IV,IN0020170067,7640,10
129,GANESHHOUC,INE460C01014,928.85,22.76
130,DMART,INE192R01011,5083.45,20
131,CORDSCABLE,INE792I01017,245.2,100
132,KAYA,INE587G01015,601.25,100
133,SANOFI,INE058A01010,6345.15,20
134,SULA,INE142Q01026,494.3,20
135,BANKETF,INF769K01KR3,530.07,20
136,ABSLLIQUID,INF209KB18T9,999.99,10
137,TPLPLASTEH,INE413G01022,98.83,25.27
138,INDUSTOWER,INE121J01017,418.95,20
139,MOLOWVOL,INF247L01BL0,38.78,20
140,AIROLAM,INE801L01010,136.62,20.92
141,RICOAUTO,INE209B01025,127.2,23.45
142,UCOBANK,INE691A01018,56.8,21.15
143,DOMS,INE321T01012,2320.05,20
144,AADHARHFC,INE883F01010,465.9,20
145,MUKKA,INE0CG401037,51.7,20
146,JUNIORBEES,INF732E01045,779.49,6.09
147,KAMOPAINTS,INE0BTI01037,38.81,21.77
148,KFINTECH,INE138Y01010,771.8,20
149,FORTIS,INE061F01013,488.2,20
150,LAMBODHARA,INE112F01022,160.67,22.94
151,SOUTHWEST,INE980Y01015,108.67,20
152,BERGEPAINT,INE463A01038,521.25,20
153,OIL,INE274J01014,584.9,20
154,SCHNEIDER,INE839M01018,789.9,20.31
155,ITC,INE154A01025,470.25,9
156,LICNETFGSC,INF767K01MV5,25.71,10
157,AARVI,INE754X01016,129.99,20.73
158,ORIENTBELL,INE607D01018,391.95,20
159,EMAMILTD,INE548C01032,791.9,20
160,ZUARIIND,INE217A01012,381.5,23.2
161,SPLIL,INE978G01016,63.11,20
162,AHL,INE00ZE01026,521.7,20
163,CONTROLPR,INE663B01015,819.85,20
164,EBBETF0431,INF754K01LE1,1234.97,20
165,IMFA,INE919H01018,718.05,20.49
166,PRIMESECU,INE032B01021,248.4,20
167,PFS,INE560K01014,51.82,25.24
168,3MINDIA,INE470A01017,38114.65,20
169,CONFIPET,INE552D01024,81.56,20
170,MAHAPEXLTD,INE843B01013,166.35,23.11
171,GUJGASLTD,INE844O01030,634.4,20
172,SETF10GILT,INF200KA1JT1,233.38,10
173,WHIRLPOOL,INE716A01013,2045.25,20
174,SOTL,INE035D01020,593.05,20
175,HISARMETAL,INE598C01011,204,22.42
176,CONSUMBEES,INF204KA1LD7,126.71,20
177,LTF,INE498L01015,184.57,20
178,VIDHIING,INE632C01026,441,20
179,BBTCL,INE01EE01011,247.22,20
180,ADVENZYMES,INE837H01020,377.1,20
181,AXSENSEX,INF846K010Q0,82.52,6.41
182,VTL,INE825A01020,543.6,20
183,MAXESTATES,INE03EI01018,561.95,20
184,ICICIB22,INF109KB15Y7,117.8,20
185,JYOTHYLAB,INE668F01031,497,20
186,MIRZAINT,INE771A01026,45.36,20
187,INDIANB,INE562A01011,568.55,20
188,MANKIND,INE634S01028,2138.85,20
189,SARDAEN,INE385C01021,279.93,20
190,LAOPALA,INE059D01020,327.45,20
191,GMDCLTD,INE131A01031,410.7,23.43
192,GHCLTEXTIL,INE0PA801013,90.49,20
193,SESHAPAPER,INE630A01024,357.3,20
194,ASTRAL,INE006I01046,2249.7,20
195,SONACOMS,INE073K01018,711.5,20
196,HAVELLS,INE176B01034,1862.65,20
197,INTELLECT,INE306R01017,1074.1,20
198,MAITHANALL,INE683C01011,1201.95,20
199,OPTIEMUS,INE350C01017,388.4,22.21
200,BHAGCHEM,INE414D01027,265.5,20
201,SAFARI,INE429E01023,2149.6,20
202,KKCL,INE401H01017,676.5,20
203,SRGHFL,INE559N01010,379.4,20
204,SAHYADRI,INE280H01015,399.3,20
205,BALPHARMA,INE083D01012,116.4,20
206,PFIZER,INE182A01018,5084.05,20
207,SADHNANIQ,INE888C01040,81.26,20
208,MADRASFERT,INE414A01015,118.89,23.82
209,RESPONIND,INE688D01026,280.1,20
210,MCX,INE745G01035,4067.85,20
211,VENUSREM,INE411B01019,384.2,20.85
212,RAJSREESUG,INE562B01019,75.93,26.84
213,AARON,INE721Z01010,265,20
214,DRREDDY,INE089A01023,6667.5,9
215,DREDGECORP,INE506A01018,1366.5,100
216,CARERATING,INE752H01013,1023.85,20
217,TVTODAY,INE038F01029,239.3,20
218,OSWALGREEN,INE143A01010,34.37,22.06
219,WEIZMANIND,INE080A01014,124.21,100
220,ARVIND,INE034A01011,380.65,20
221,APCOTEXIND,INE116A01032,442.6,20
222,BANKBETF,INF0QA701714,52.83,20
223,DCMNVL,INE08KP01019,242.39,100
224,DCBBANK,INE503A01015,135.46,20
225,RACE,INE084Q01012,421.2,20
226,RRKABEL,INE777K01022,1780.3,20
227,JSWINFRA,INE880J01026,336.1,20
228,RADIANTCMS,INE855R01021,81.01,20
229,BIOCON,INE376G01013,343.2,20
230,BIRLACORPN,INE340A01012,1556.75,20
231,MAYURUNIQ,INE040D01038,607.1,20
232,CHEMCON,INE03YM01018,257.25,20
233,RKSWAMY,INE0NQ801033,279.25,20
234,VADILALIND,INE694D01016,4355.25,20
235,DCXINDIA,INE0KL801015,394.5,100
236,SIRCA,INE792Z01011,373.45,20
237,ANDHRAPAP,INE435A01028,569.4,20
238,GRMOVER,INE192H01020,202.58,20.67
239,PIIND,INE603J01030,3905,20
240,TATSILV,INF277KA1984,9.04,20
241,INDUSINDBK,INE095A01012,1456.9,11.64
242,STERTOOLS,INE334A01023,383.85,20
243,TATAPOWER,INE245A01021,429.95,20
244,NAHARINDUS,INE289A01011,133.2,20
245,UNITEDPOLY,INE368U01011,86.15,20
246,FILATEX,INE816B01035,57.65,20
247,BRITANNIA,INE216A01030,5871.5,9
248,MSTCLTD,INE255X01014,869.5,24.04
249,INDRAMEDCO,INE681B01017,241.7,20
250,AXISILVER,INF846K011K1,92.83,20
251,IOLCP,INE485C01011,412.2,20
252,HDFCMOMENT,INF179KC1HV6,36.15,20
253,REFEX,INE056I01025,230.42,21.83
254,SDL26BEES,INF204KC1022,122.79,20
255,HNDFDS,INE254N01026,583.35,20
256,SGBNOV258,IN0020170109,7500,10
257,SGBOCT27VI,IN0020190388,7799,10
258,ORISSAMINE,INE725E01024,7292.2,22.59
259,BPCL,INE029A01011,318.15,13.41
260,ROTO,INE535D01029,668.2,20
261,SGBDE30III,IN0020220110,8011.53,10
262,GULPOLY,INE255D01024,199.65,20
263,ABB,INE117A01022,7893.15,20
264,APTUS,INE852O01025,323.2,20
265,SBC,INE04AK01028,28.49,21.11
266,NITINSPIN,INE229H01012,405.65,20
267,GOLDBEES,INF204KB17I5,62.91,20
268,SGBSEP24,IN0020160043,7507.85,10
269,LOTUSEYE,INE947I01017,68.9,23.67
270,GEECEE,INE916G01016,375.05,20.38
271,ALPHAGEO,INE137C01018,511.5,23.05
272,CYBERTECH,INE214A01019,200.72,20.86
273,SOLARA,INE624Z01016,553.05,100
274,MOM50,INF247L01536,252.92,6
275,SHALBY,INE597J01018,291.45,20
276,CEATLTD,INE482A01020,2784.4,20
277,NSLNISP,INE0NNS01018,57.83,20
278,SGBOCT25V,IN0020170075,7700,10
279,MRF,INE883A01011,132300.85,20
280,APOLLOPIPE,INE126J01016,621.85,20
281,PSUBANKADD,INF740KA1SY9,74.22,20
282,UTIBANKETF,INF789F1AUV1,53.8,20
283,SGBJUN28,IN0020200104,7811,10
284,VALIANTORG,INE565V01010,389.45,20
285,SYNGENE,INE398R01022,766.5,20
286,INFOBEAN,INE344S01016,443.8,20
287,INOXINDIA,INE616N01034,1307,20
288,ACC,INE012A01025,2686.45,20
289,SIYSIL,INE076B01028,510.05,20
290,GOLDSHARE,INF789F1AUX7,63.4,20
291,ONEPOINT,INE840Y01029,68.7,29.07
292,GRINDWELL,INE536A01023,2649.85,20
293,SHREECEM,INE070A01015,28061.6,20
294,ITIETF,INF109KC16I6,42.63,20
295,PHARMABEES,INF204KC1089,21.11,20
296,LGBFORGE,INE201J01017,11.71,100
297,SENSEXADD,INF740KA1SZ6,81.87,8.21
298,NEOGEN,INE136S01016,1593.2,20
299,CLEAN,INE227W01023,1479.1,20
300,GRSE,INE382Z01011,2532.45,26.68
301,TVSELECT,INE236G01019,351.75,20
302,SUKHJITS,INE450E01011,490.6,20
303,SPECIALITY,INE247M01014,170.8,20
304,JINDALPHOT,INE796G01012,888.9,24.41
305,GANGESSECU,INE335W01016,170.72,22.91
306,ROLEXRINGS,INE645S01016,2335.65,20
307,WENDT,INE274C01019,15564.95,20
308,UNIVPHOTO,INE03V001013,378.55,20
309,FLAIR,INE00Y201027,310.6,20
310,HCLTECH,INE860A01027,1594.55,9
311,JUBLPHARMA,INE700A01033,727,20
312,TIMKEN,INE325A01013,3921.05,20
313,SGBMAR28X,IN0020190552,7898.5,10
314,SGBSEP31II,IN0020230093,8079.89,10
315,ASPINWALL,INE991I01015,283.55,21.53
316,IIFL,INE530B01024,471.95,22.38
317,AYMSYNTEX,INE193B01039,117.32,20
318,SBFC,INE423Y01016,81.1,20
319,PRITI,INE974Z01015,139.15,20
320,SALZERELEC,INE457F01013,887.9,21.68
321,EROSMEDIA,INE416L01017,18.85,22.22
322,ARE&M,INE885A01032,1566.3,20
323,NIITLTD,INE161A01038,113.28,20
324,ADANIENSOL,INE931S01010,1010.45,23.34
325,KAYNES,INE918Z01012,4076.6,20
326,RAMKY,INE874I01013,678.4,24.79
327,ADORWELD,INE045A01017,1431.05,20
328,DIL,INE411Y01011,7.34,20
329,HEXATRADEX,INE750M01017,183.65,20
330,STARCEMENT,INE460H01021,206.62,20
331,MGEL,INE0APB01024,27.68,100
332,SPARC,INE232I01014,231.18,20
333,SGBJUL25,IN0020170034,7758.63,10
334,TI,INE133E01013,248.75,20
335,REPRO,INE461B01014,625.6,20
336,EXIDEIND,INE302A01020,555.7,20
337,THERMAX,INE152A01029,4962.35,20
338,INDOCO,INE873D01024,336.6,20
339,DMCC,INE505A01010,304,20
340,NEXT50IETF,INF109KC1NS5,76.03,6.42
341,PALREDTEC,INE218G01033,95.01,100
342,VAISHALI,INE972X01014,157.21,20.19
343,WINDMACHIN,INE052A01021,165.47,29.66
344,DECCANCE,INE583C01021,660.1,20
345,GOKEX,INE887G01027,937.15,20
346,GILLETTE,INE322A01010,7974.45,20
347,DHAMPURSUG,INE041A01016,222.39,20
348,MODISONLTD,INE737D01021,144.31,21.17
349,IVC,INE050B01023,12.94,20
350,MOTILALOFS,INE338I01027,542.85,20
351,ZAGGLE,INE07K301024,315.4,20
352,SGBOCT27,IN0020190370,7765,10
353,UDS,INE851I01011,314.1,20
354,SHANTIGEAR,INE631A01022,663,20
355,RBL,INE244J01017,959.6,20
356,JSWSTEEL,INE019A01038,931.45,10.71
357,TDPOWERSYS,INE419M01027,381.75,20.4
358,BAJAJHLDNG,INE118A01012,9780.7,20
359,RAMANEWS,INE278B01020,20.47,22.95
360,TTML,INE517B01013,97.31,21.47
361,IDEAFORGE,INE349Y01013,817.25,20
362,M&MFIN,INE774D01024,295.2,20
363,JAYSREETEA,INE364A01020,120.06,20
364,GSLSU,INE0JSX01015,218.41,20
365,GANESHBE,INE388A01029,164.23,20
366,MOM30IETF,INF109KC17C7,36.47,20
367,ORICONENT,INE730A01022,38.26,24.09
368,MANGALAM,INE584F01014,105.03,20
369,ROHLTD,INE283H01019,353.45,20
370,KNRCON,INE634I01029,351.8,20
371,UTINIFTETF,INF789F1AZC0,268.53,6
372,MALLCOM,INE389C01015,1373.7,20
373,ITDC,INE353K01014,776.5,23.57
374,NAVKARCORP,INE278M01019,117.33,25.65
375,IFCI,INE039A01010,71.42,27.72
376,HATHWAY,INE982F01036,23.08,20
377,SUTLEJTEX,INE645H01027,68.07,20
378,SHREYAS,INE757B01015,391.45,23.5
379,SMARTLINK,INE178C01020,308,100
380,INNOVACAP,INE0DUT01020,557.45,20
381,SASKEN,INE231F01020,1745.55,20
382,RAIN,INE855B01025,165.28,20
383,DISHTV,INE836F01026,15.02,23.56
384,IRFC,INE053F01010,205.82,22.94
385,ALLSEC,INE835G01018,1135.35,20
386,STYLAMIND,INE239C01020,1923.2,20
387,WIPRO,INE075A01022,573.2,9.64
388,JTLIND,INE391J01024,227.49,20
389,TATATECH,INE142M01025,1009.15,20
390,ATUL,INE100A01010,7123.9,20
391,GMRINFRA,INE776C01039,95.93,20
392,MONTECARLO,INE950M01013,645.1,20
393,NIACL,INE470Y01017,280.44,23.56
394,DIVISLAB,INE361B01024,4584.8,9.93
395,RSWM,INE611A01016,212.92,20
396,MTNL,INE153A01019,64.08,28.04
397,MAKEINDIA,INF769K01IB1,149.66,20
398,ASTERDM,INE914M01019,333.7,20
399,INDIANHUME,INE323C01030,433.9,21.64
400,SENCO,INE602W01019,967.4,20
401,SHARDACROP,INE221J01015,497.85,20
402,CENTURYTEX,INE055A01016,2259.75,20
403,GULFPETRO,INE586G01017,73.66,21.52
404,SGBAPR28I,IN0020200062,7985.6,10
405,FAZE3Q,INE963C01033,510.05,20
406,SWSOLAR,INE00M201021,676.6,20
407,ABSLAMC,INE404A01024,705.75,20
408,RAMASTEEL,INE230R01035,10.51,22.63
409,AARTIDRUGS,INE767A01016,523.95,20
410,LAXMICOT,INE801V01019,29.93,24.33
411,ELDEHSG,INE668G01021,986.75,20
412,BANKBEES,INF204KB15I9,538.48,20
413,IDFC,INE043D01016,115.75,20
414,SWELECTES,INE409B01013,1196.9,28.28
415,BTML,INE0EEJ01023,13.72,100
416,BIRLAMONEY,INE865C01022,183.3,21.25
417,DIVOPPBEES,INF204KA1MS3,84.99,20
418,ICEMAKE,INE520Y01019,772.8,24.5
419,SGBAUG29V,IN0020210129,7910,10
420,VINYLINDIA,INE250B01029,404.45,20
421,TCIEXP,INE586V01016,1203.15,20
422,HAPPYFORGE,INE330T01021,1225.05,20
423,TRENT,INE849A01020,5308.5,20
424,EBBETF0430,INF754K01KO2,1380.43,20
425,MFSL,INE180A01020,1038.6,20
426,GLS,INE03Q201024,851.35,20
427,DIVGIITTS,INE753U01022,698.1,20
428,FINCABLES,INE235A01022,1572.7,20
429,PVRINOX,INE191H01014,1412.2,20
430,TATACHEM,INE092A01019,1060.55,20
431,UFO,INE527H01019,129.77,20
432,KAJARIACER,INE217B01036,1365.2,20
433,BHAGERIA,INE354C01027,168.43,20
434,SILVERBEES,INF204KC1402,89.43,20
435,APLLTD,INE901L01018,1076.95,20
436,IT,INF174KA1GC5,42.46,20
437,CAPLIPOINT,INE475E01026,1528.25,20
438,SGBNV29VII,IN0020210178,7880.2,10
439,ARVSMART,INE034S01021,712,21.07
440,CANTABIL,INE068L01024,283.45,20
441,POLYCAB,INE455K01017,6552.25,20
442,IMPAL,INE547E01014,1155,20
443,HDFCNIF100,INF179KC1HR4,26.19,6.19
444,BSOFT,INE836A01035,749.45,20
445,AJANTPHARM,INE031B01049,2285.1,20
446,PVTBANIETF,INF109KC18U7,26.23,20
447,PYRAMID,INE0MIS01010,178.5,20
448,ALKALI,INE773I01017,137.43,21.59
449,GEPIL,INE878A01011,464.2,100
450,MANALIPETC,INE201A01024,97.13,20
451,ACI,INE128X01021,701.15,20
452,MARALOVER,INE882A01013,72.64,21.68
453,HONAUT,INE671A01010,55042.55,20
454,SIEMENS,INE003A01024,7121.2,20
455,PSUBANK,INF373I01023,739.1,20
456,BANKETFADD,INF740KA1RX3,53.15,20
457,HAL,INE066F01020,5015.75,20
458,MAZDOCK,INE249Z01012,5190.75,26.82
459,SILVERTUC,INE625X01018,742.65,20
460,HINDCOPPER,INE531E01026,320.2,22.2
461,TRIDENT,INE064C01022,37.56,20
462,SGBJUN29II,IN0020210061,7880.05,10
463,DAMODARIND,INE497D01022,50.95,20.25
464,SARLAPOLY,INE453D01025,109.04,23.84
465,AUBANK,INE949L01017,633.05,20
466,TIDEWATER,INE484C01030,2355.2,20
467,MOREPENLAB,INE083A01026,56.58,20
468,SDL24BEES,INF204KB18W4,123.11,20
469,SGBAUG24,IN0020160027,7480.75,10
470,KDDL,INE291D01011,3287.15,20
471,IIFLSEC,INE489L01022,187.09,24.52
472,SHYAMCENT,INE979R01011,17.11,20
473,SAH,INE035801013,78.57,20
474,CREST,INE559D01011,414.85,21.38
475,UPL,INE628A01036,558.65,20
476,SGBJUL27,IN0020190081,7890,10
477,MARKSANS,INE750C01026,189.21,20
478,SAREGAMA,INE979A01025,542.3,20
479,LINC,INE802B01019,606.9,20
480,INDOBORAX,INE803D01021,197.57,20
481,AETHER,INE0BWX01014,879.35,20
482,DCAL,INE385W01011,164.07,22.43
483,SHOPERSTOP,INE498B01024,819.35,20
484,BANARISUG,INE459A01010,3199.75,20
485,HCC,INE549A01026,48.37,26.9
486,MAXIND,INE0CG601016,309.35,20
487,POLICYBZR,INE417T01026,1454.6,20
488,SILVRETF,INF769K01KG6,90.89,20
489,CENTURYPLY,INE348B01021,694.2,20
490,HDFCLIFE,INE795G01014,648.9,9.41
491,BAJAJELEC,INE193E01025,1010.85,20
492,CLSEL,INE419D01026,214.75,20
493,NELCO,INE045B01015,807.4,20
494,RSYSTEMS,INE411H01032,498.85,20
495,ATULAUTO,INE951D01028,710.4,100
496,NETF,INF277K015R5,263.36,6.85
497,ECLERX,INE738I01010,2476.2,20
498,HIKAL,INE475B01022,346,20
499,NAUKRI,INE663F01024,6932.25,20
500,APARINDS,INE372A01015,8596.75,20
501,TRITURBINE,INE152M01016,621.65,20
502,SOUTHBANK,INE683A01023,26.51,20
503,ALPHA,INF174KA1IA5,56.08,20
504,HOMEFIRST,INE481N01025,1099.45,20
505,PUNJABCHEM,INE277B01014,1393.85,20
506,HARDWYN,INE626Z01029,30.8,20
507,KRITI,INE479D01038,194.53,24.32
508,ALOKINDS,INE270A01029,25.89,21.41
509,SHARIABEES,INF732E01128,561.51,20
510,LTFOODS,INE818H01020,292.3,20
511,NINSYS,INE395U01014,468.55,20
512,NILKAMAL,INE310A01015,1933.35,20
513,EPACK,INE0G5901015,253.61,20
514,EVERESTIND,INE295A01018,1199.7,20
515,SAKUMA,INE190H01024,30.41,26.18
516,HDFCSENSEX,INF179KC1HX2,90.1,6
517,DENORA,INE244A01016,1910.4,23.73
518,BODALCHEM,INE338D01028,76.24,20
519,PEL,INE140A01024,962.7,20
520,ARROWGREEN,INE570D01018,557.55,25.52
521,COMPUSOFT,INE453B01029,34.58,26.74
522,GMMPFAUDLR,INE541A01023,1434.25,20
523,AEROFLEX,INE024001021,155.8,20
524,DBOL,INE0I3401014,137.41,20
525,NIFTYBETF,INF0QA701722,249.5,6
526,HDFCBSE500,INF179KC1EZ4,42.36,8.85
527,SUMICHEM,INE258G01013,505.2,20
528,APLAPOLLO,INE702C01027,1525.85,20
529,GOODLUCK,INE127I01024,900.65,20
530,PATINTLOG,INE529D01014,24.49,26.59
531,MAWANASUG,INE636A01039,118.62,20
532,LIBERTSHOE,INE557B01019,405.65,20.84
533,JAYNECOIND,INE854B01010,46.1,20.29
534,KTKBANK,INE614B01018,223.46,20
535,ORIENTCEM,INE876N01018,324.65,20
536,RAYMOND,INE301A01014,2200.85,100
537,ASIANENE,INE276G01015,341.35,20
538,POLYPLEX,INE633B01018,1037.05,20
539,MUNJALSHOW,INE577A01027,158.8,20
540,KOPRAN,INE082A01010,248.3,20.52
541,FEDFINA,INE007N01010,126.99,20
542,BOMDYEING,INE032A01023,214.51,22.08
543,SENSEXETF,INF769K01KT9,82.18,7.47
544,GIPCL,INE162A01010,247.59,21.27
545,SGBJUL28IV,IN0020200146,7841.41,10
546,STEELXIND,INE503B01021,13.18,22.85
547,TRIVENI,INE256C01024,407.8,20
548,VAKRANGEE,INE051B01021,21.02,22.22
549,IFBAGRO,INE076C01018,550.05,100
550,PSPPROJECT,INE488V01015,684.15,20
551,JASH,INE039O01011,2046.65,20
552,SGBOCT25,IN0020170059,7645,10
553,MASTEK,INE759A01021,2807.75,20
554,CARTRADE,INE290S01011,830.05,20
555,LODHA,INE670K01029,1476.6,20
556,RADICO,INE944F01028,1687.6,20
557,AVROIND,INE652Z01017,113.41,22.25
558,PERSISTENT,INE262H01021,4896.15,20
559,PANACEABIO,INE922B01023,135.6,20
560,HARRMALAYA,INE544A01019,237.53,21.54
561,RTNINDIA,INE834M01019,75.7,22.65
562,GALAXYSURF,INE600K01018,2822.2,20
563,VASCONEQ,INE893I01013,76.25,24.53
564,NURECA,INE0DSF01015,270.8,20
565,ACL,INE666E01020,97.87,20
566,SGBD29VIII,IN0020210228,7940,10
567,GODIGIT,INE03JT01014,340.4,20
568,DAVANGERE,INE179G01029,8.45,20
569,BAIDFIN,INE020D01022,19.42,20
570,CHEMFAB,INE783X01023,695.65,23.69
571,SMALLCAP,INF769K01LC3,53.03,20
572,HBLPOWER,INE292B01021,620.65,22.86
573,HDFCNIFIT,INF179KC1IA8,41.01,20
574,JGCHEM,INE0MB501011,245.32,20
575,APCL,INE071F01012,193.89,20
576,NATCOPHARM,INE987B01026,1260.35,20
577,BANDHANBNK,INE545U01014,195.93,20
578,SGBAUG28V,IN0020200161,7990.79,10
579,MIDCAP,INF174KA1IB3,162.52,6.35
580,JSFB,INE953L01027,677.8,20
581,MGL,INE002S01010,1727.35,20
582,MAHABANK,INE457A01014,67.19,20
583,GODREJIND,INE233A01035,885.45,20
584,SHRIRAMFIN,INE721A01013,2867.3,13.93
585,FEDERALBNK,INE171A01029,196.6,20
586,LLOYDSENGG,INE093R01011,82.38,26.68
587,SILVER1,INF174KA1KU9,90.58,20
588,DOLLAR,INE325C01035,516.45,20
589,WHEELS,INE715A01015,845.65,20
590,BALAXI,INE618N01022,109.42,21.63
591,BFUTILITIE,INE243D01012,811.15,22.73
592,DIAMINESQ,INE591D01014,590.4,20
593,SGBMAY25,IN0020170018,7709,10
594,ONWARDTEC,INE229A01017,474.8,20
595,BHARTIHEXA,INE343G01021,1137.55,20
596,BOROLTD,INE02PY01013,360.6,20
597,AIIL,INE206F01022,1056.2,20
598,HDFCSILVER,INF179KC1DI2,89.88,20
599,ALKYLAMINE,INE150B01039,2046.4,20
600,PETRONET,INE347G01014,347.05,20
601,LAXMIMACH,INE269B01029,15736.8,20
602,ESCORTS,INE042A01014,3993.05,20
603,ITETF,INF769K01KV5,40.15,20
604,ORBTEXP,INE231G01010,176.34,20
605,FCL,INE045J01026,365.95,20
606,BORORENEW,INE666D01022,500.35,20
607,SETFNIF50,INF200KA1FS1,260.37,6
608,SGBN28VIII,IN0020200286,7890,10
609,GREENPANEL,INE08ZM01014,317.15,20
610,LIQUIDBETF,INF0QA701854,999.99,10
611,ABSLBANETF,INF209KB17D5,53.21,20
612,NOCIL,INE163A01018,308.85,20
613,CGPOWER,INE067A01029,689.3,20
614,TARC,INE0EK901012,199.1,100
615,SELAN,INE818A01017,730.4,23.58
616,AUTOIND,INE718H01014,132.47,23.41
617,RUBYMILLS,INE301D01026,238.58,20
618,SPCENET,INE970N01027,30.67,23.98
619,ACLGATI,INE152B01027,97.53,20
620,DIAMONDYD,INE393P01035,900.15,20
621,TCPLPACK,INE822C01015,2445.95,20
622,PRAKASH,INE603A01013,182.66,21.14
623,GTPL,INE869I01013,166.37,20
624,SMLT,INE017W01010,189.97,21.75
625,CHOLAFIN,INE121A01024,1449.85,20
626,MONARCH,INE903D01011,535.65,20
627,SHARDAMOTR,INE597I01028,2532.75,20.4
628,ABSLNN50ET,INF209KB16D7,75.86,6.75
629,SETFNN50,INF200KA1598,771.04,6.08
630,SEQUENT,INE807F01027,142.1,20.97
631,M&M,INE101A01026,2819.45,11.82
632,UNOMINDA,INE405E01023,993.75,20
633,UGARSUGAR,INE071E01023,81.98,20
634,JWL,INE209L01016,641.05,24.77
635,NACLIND,INE295D01020,66.84,20
636,AVTNPL,INE488D01021,88.96,20
637,GLOBAL,INE291W01029,184,100
638,RGL,INE722H01024,99.77,20
639,AWL,INE699H01024,324.25,20
640,GRPLTD,INE137I01015,14390.2,100
641,MMTC,INE123F01029,90.7,23.69
642,AUTOAXLES,INE449A01011,2014.35,20
643,ELGIEQUIP,INE285A01027,680.6,20
644,TOKYOPLAST,INE932C01012,115.75,20
645,MID150BEES,INF204KB1V68,218.5,6.17
646,RML,INE050H01012,887.35,20
647,FOODSIN,INE976E01023,147.46,20
648,KRITINUT,INE798K01010,119.97,21.69
649,SANDUMA,INE149K01016,530.1,20
650,AMNPLST,INE275D01022,265.8,20
651,JCHAC,INE782A01015,1999.1,20
652,PGHH,INE179A01014,16990.9,20
653,SRM,INE0R6Z01013,208.7,20
654,SANSERA,INE953O01021,1418.9,20
655,RPGLIFE,INE105J01010,1812,20
656,HIL,INE557A01011,3041.8,20
657,TVSMOTOR,INE494B01023,2407.6,20
658,PNCINFRA,INE195J01029,521.45,20
659,SDBL,INE480C01038,111.6,20.06
660,GAEL,INE036B01030,137.97,20
661,MUNJALAU,INE672B01032,88.05,20
662,UNICHEMLAB,INE351A01035,523,20
663,ESTER,INE778B01029,109.48,20
664,SRF,INE647A01010,2404.5,20
665,TIPSINDLTD,INE716B01029,570.8,20
666,GEOJITFSL,INE007B01023,116.45,20.77
667,SEPC,INE964H01014,17.72,24.4
668,CHALET,INE427F01016,770.35,20
669,BANKINDIA,INE084A01016,123.64,20
670,ARIES,INE298I01015,268.4,21.23
671,ZYDUSLIFE,INE010B01027,1185.65,20
672,GABRIEL,INE524A01029,489.4,20
673,DCMSRIND,INE843D01027,221.2,20
674,CANBK,INE476A01022,115.77,20
675,ATL,INE0NN701020,52.51,20
676,KARURVYSYA,INE036D01028,206.31,20
677,ADANIENT,INE423A01024,3092.2,22.3
678,GODFRYPHLP,INE260B01028,4292.25,20.58
679,EIFFL,INE546V01010,151.65,20
680,KOTHARIPRO,INE823A01017,168.65,21.19
681,SATINDLTD,INE065D01027,90.9,20
682,SBCL,INE386D01027,675.5,20
683,SOBHA,INE671H01015,1931.35,21.24
684,DATAMATICS,INE365B01017,637.6,20.99
685,PGHL,INE199A01012,5258.25,20
686,PAYTM,INE982J01020,445.3,24.81
687,CDSL,INE736A01011,2331.95,20
688,SILVERADD,INF740KA1RE3,89.96,20
689,MUTHOOTFIN,INE414G01012,1848.15,20
690,GARFIBRES,INE276A01018,3770.8,20
691,HDFCVALUE,INF179KC1DK8,143.34,20
692,MAHLIFE,INE813A01018,609.15,20
693,JKTYRE,INE573A01042,460.8,20
694,NAHARSPING,INE290A01027,307.8,20
695,UBL,INE686F01025,2091.9,20
696,WESTLIFE,INE274F01020,851.25,20
697,BFINVEST,INE878K01010,644.3,20.52
698,COFORGE,INE591G01017,5997.6,20
699,IRISDOREME,INE01GN01025,63.87,20
700,HNGSNGBEES,INF204KB19I1,299.8,9.3
701,AAVAS,INE216P01012,1775.3,20
702,ENGINERSIN,INE510A01028,268.2,22.93
703,KELLTONTEC,INE164B01022,159.52,23.27
704,SANGHIIND,INE999B01013,98.37,20
705,AFFLE,INE00WC01027,1394.8,20
706,VAIBHAVGBL,INE884A01027,321.95,20
707,WSTCSTPAPR,INE976A01021,673.65,20
708,KPRMILL,INE930H01031,855.4,20
709,VALIANTLAB,INE0JWS01017,137.66,20
710,CONSOFINVT,INE025A01027,197.35,20
711,TVSHLTD,INE105A01035,13055.45,20
712,TALBROAUTO,INE187D01029,363.55,20.52
713,CYIENTDLM,INE055S01018,791.5,20
714,MHRIL,INE998I01010,452.4,20
715,BSHSL,INE032Z01020,200.08,20
716,EIHAHOTELS,INE276C01014,887.45,20
717,ONGC,INE213A01029,331.7,14.54
718,ASHAPURMIN,INE348A01023,359.9,22.17
719,GODREJCP,INE102D01028,1465.25,20
720,ZODIACLOTH,INE206B01013,135.05,100
721,LGBBROSLTD,INE337A01034,1449,20
722,ANGELONE,INE732I01013,2158.8,20
723,MOGSEC,INF247L01AK4,56.03,10
724,ZFCVINDIA,INE342J01019,15793.8,20
725,HITECHCORP,INE120D01012,244.89,20
726,HEROMOTOCO,INE158A01026,5502.2,10.08
727,LOWVOL1,INF174KA1IY5,20.49,20
728,IONEXCHANG,INE570A01022,638.95,20
729,DHARMAJ,INE00OQ01016,307.88,20
730,GODREJPROP,INE484J01027,3362.65,20
731,JPASSOCIAT,INE455F01025,7.61,100
732,SBIETFCON,INF200KA1X17,117.57,20
733,RBA,INE07T201019,112.25,20
734,EVEREADY,INE128A01029,402.6,20
735,IGL,INE203G01027,533.75,20
736,NIFTY50ADD,INF740KA1CL0,255.12,6.87
737,TREL,INE0O3901029,47.98,20
738,GICRE,INE481Y01014,406.7,20.78
739,KOTHARIPET,INE720A01015,152.47,20.65
740,DPWIRES,INE864X01013,449.05,20
741,APOLLOHOSP,INE437A01024,6520.85,9.46
742,IPL,INE0D6701023,213.33,20.32
743,NAHARPOLY,INE308A01027,280.26,20.36
744,KEC,INE389H01022,891.3,20
745,SAIL,INE114A01011,147.89,20
746,SPIC,INE147A01011,84.59,20
747,KSOLVES,INE0D6I01015,1193,20
748,MASFIN,INE348L01012,290.05,20
749,INDOSTAR,INE896L01010,235.03,20
750,LICHSGFIN,INE115A01026,795.7,20
751,INDIGO,INE646L01027,4417.25,20
752,TATASTEEL,INE081A01020,166.36,12.06
753,NSIL,INE023A01030,4400.4,20
754,SGBMAY29I,IN0020210053,7913.26,10
755,IDBI,INE008A01015,92.2,20
756,WORTH,INE196Y01018,119.5,20
757,REPL,INE364Z01019,177.86,20
758,MOHEALTH,INF247L01BB1,38.94,20
759,SGBJAN26,IN0020170166,7725,10
760,ZENSARTECH,INE520A01027,790.3,20
761,SUPERHOUSE,INE712B01010,225.77,20
762,AXISGOLD,INF846K01W80,63.48,20
763,SMSPHARMA,INE812G01025,240.41,20
764,FIEMIND,INE737H01014,1383.4,20
765,MEDPLUS,INE804L01022,673.35,20
766,CARYSIL,INE482D01024,764,20
767,YATHARTH,INE0JO301016,440,20
768,PVTBANKADD,INF740KA1TA7,26.33,20
769,OSWALAGRO,INE142A01012,44.01,22.73
770,PIXTRANS,INE751B01018,1522.8,20
771,ANDHRSUGAR,INE715B01021,116.54,20
772,SHK,INE500L01026,192.55,20
773,HDFCPSUBK,INF179KC1HW4,74.51,20
774,NUVOCO,INE118D01016,348.75,20
775,CUB,INE491A01021,158.86,20
776,AGSTRA,INE583L01014,79.86,20
777,PEARLPOLY,INE844A01013,31.27,100
778,FIVESTAR,INE128S01021,766.1,20
779,SAGCEM,INE229C01021,236.35,20
780,UTKARSHBNK,INE735W01017,50.66,20
781,MENONBE,INE071D01033,131.18,20
782,JINDWORLD,INE247D01039,372,20
783,RVNL,INE415G01027,586.15,26.59
784,SATIN,INE836B01017,219.12,20
785,DHANBANK,INE680A01011,41.34,21.05
786,SHIVAMILLS,INE644Y01017,91.6,24.99
787,SUMMITSEC,INE519C01017,1891.85,20.08
788,BAJAJFINSV,INE918I01026,1651.25,9.41
789,AURUM,INE898S01029,157,20
790,NEULANDLAB,INE794A01010,8479.45,21.33
791,BEML,INE258A01016,4823.4,24.53
792,PLATIND,INE0PT501018,261.7,20
793,GPPL,INE517F01014,218.85,20
794,SUNDARMFIN,INE660A01013,4233.4,20
795,JINDALPOLY,INE197D01010,776.5,20
796,EBBETF0425,INF754K01LD3,1223.15,20
797,KUANTUM,INE529I01021,165.83,20
798,RBLBANK,INE976G01028,242.6,20
799,HEALTHY,INF209KB10C2,13.44,20
800,FINOPB,INE02NC01014,300.7,20
801,OLECTRA,INE260D01016,1763.7,20
802,JAYBARMARU,INE571B01036,109.19,20
803,APOLSINHOT,INE451F01024,1431.25,20.31
804,HONASA,INE0J5401028,483.2,20
805,MINDACORP,INE842C01021,482.3,20
806,LUMAXIND,INE162B01018,2915.85,20
807,VINATIORGA,INE410B01037,1935.45,20
808,RELIANCE,INE002A01018,3173.35,9
809,IMAGICAA,INE172N01012,74.73,22.1
810,ANURAS,INE930P01018,782,20
811,THEJO,INE121N01019,3231.25,20
812,AHLUCONT,INE758C01029,1423.65,20
813,TTL,INE592B01016,117.48,20
814,SIGNATURE,INE903U01023,1479.15,20
815,DEEPAKFERT,INE501A01019,756.25,20
816,MVGJL,INE0KNT01012,222.05,20
817,HAPPSTMNDS,INE419U01012,828.4,20
818,UNIPARTS,INE244O01017,503.65,20
819,SFL,INE916U01025,1018.8,20
820,WELSPUNLIV,INE192B01031,175.87,20
821,OBCL,INE426Z01016,56.4,23.16
822,JOCIL,INE839G01010,198.81,20
823,SUVENPHAR,INE03QK01018,872.3,20
824,KOTAKBANK,INE237A01028,1826.75,9.38
825,MOLDTECH,INE835B01035,262.9,23.05
826,INFY,INE009A01021,1758.05,9.15
827,GNA,INE934S01014,418.55,20
828,LIQUID,INF769K01KS1,999.99,10
829,ITETFADD,INF740KA1SX1,40.61,20
830,MOQUALITY,INF247L01BH8,211.54,20
831,DELTAMAGNT,INE393A01011,95.77,23.34
832,RAMCOIND,INE614A01028,245.07,20
833,MAGADSUGAR,INE347W01011,797.15,20
834,RATNAVEER,INE05CZ01011,189.83,20
835,IFBIND,INE559A01017,1589.05,20
836,DHANUKA,INE435G01025,1691.35,20
837,SHAREINDIA,INE932X01026,313.6,20
838,SHANKARA,INE274V01019,684.65,20
839,LATENTVIEW,INE0I7C01011,539.7,20
840,VARROC,INE665L01035,643.6,20
841,KANSAINER,INE531A01024,274.6,20
842,SERVOTECH,INE782X01033,117.04,21.31
843,SBIN,INE062A01020,893.55,11.79
844,ENTERO,INE010601016,1150.3,20
845,DELTACORP,INE124G01033,139.43,20
846,LINDEINDIA,INE473A01011,8406.8,20
847,INDIANCARD,INE061A01014,273.65,20
848,AXISBNKETF,INF846K01X63,537.13,20
849,CAMLINFINE,INE052I01032,117.43,20
850,PRESTIGE,INE811K01011,1756.6,20
851,DICIND,INE303A01010,541.75,20
852,GRASIM,INE047A01021,2791.8,9
853,NHPC,INE848E01016,108.3,20
854,SHILPAMED,INE790G01031,646.1,20
855,ARIHANTCAP,INE420B01036,79.15,20.48
856,PVSL,INE772T01024,240.29,20
857,INTLCONV,INE575C01027,79.38,20.79
858,DYNPRO,INE256H01015,352.85,100
859,NGLFINE,INE887E01022,2615.75,20
860,TECHM,INE669C01036,1539.35,10.25
861,ABSLPSE,INF209KB19Z4,11.33,20
862,SGBDEC2513,IN0020170158,7747,10
863,REDINGTON,INE891D01026,206.12,20
864,TAINWALCHM,INE123C01018,198.1,100
865,ALKEM,INE540L01014,5272.75,20
866,TNPL,INE107A01015,265.35,20
867,NTPC,INE733E01010,377.75,12.69
868,GLOSTERLTD,INE350Z01018,820.55,20
869,JIOFIN,INE758E01017,337,20
870,PIDILITIND,INE318A01026,3193.4,20
871,HERITGFOOD,INE978A01027,536.4,20
872,RENUKA,INE087H01022,48.35,20
873,GANECOS,INE845D01014,1498.8,20
874,NEXT50,INF769K01FN2,742.59,7.65
875,JINDALSAW,INE324A01024,565.9,20.9
876,NECLIFE,INE023H01027,28.59,20.62
877,LICI,INE0J1Y01017,1109.65,20
878,IBULHSGFIN,INE148I01020,169.33,20
879,UNIENTER,INE037A01022,165.74,20
880,PPLPHARMA,INE0DK501011,149.51,20
881,BLAL,INE0N7W01012,319.8,20
882,CENTUM,INE320B01020,1624.7,22.75
883,JBCHEPHARM,INE572A01036,1807.35,20
884,PAKKA,INE551D01018,239.15,23.37
885,ASTEC,INE563J01010,1303.25,20
886,SUNFLAG,INE947A01014,243.16,20.68
887,HMVL,INE871K01015,99.42,20
888,SAKHTISUG,INE623A01011,38.51,24.4
889,UNITDSPR,INE854D01024,1299.45,20
890,LINCOLN,INE405C01035,633.6,20
891,SGBNOV26,IN0020180314,7983,10
892,SGBSEP28VI,IN0020200195,7909.04,10
893,RELAXO,INE131B01039,830.25,20
894,SGBDEC25,IN0020170125,7998,10
895,JAMNAAUTO,INE039C01032,127.17,20
896,HINDWAREAP,INE05AN01011,433.75,20
897,RAMRAT,INE207E01023,431.2,20
898,KABRAEXTRU,INE900B01029,440.15,20
899,MANGLMCEM,INE347A01017,919.9,20
900,CMSINFO,INE925R01014,515.95,20
901,SASTASUNDR,INE019J01013,326.15,20.28
902,INFRABEES,INF732E01268,963.7,20
903,MUTHOOTMF,INE046W01019,240.75,20
904,ARVINDFASN,INE955V01021,497.15,20
905,JAICORPLTD,INE070D01027,379.1,23.23
906,SBICARD,INE018E01016,733.5,20
907,JINDRILL,INE742C01031,627.9,20
908,TEGA,INE011K01018,1817.1,20
909,LOWVOLIETF,INF109KC19U5,21.64,20
910,PHOENIXLTD,INE211B01039,4095.3,20
911,VLSFINANCE,INE709A01018,312.3,20
912,AUROPHARMA,INE406A01037,1336.4,20
913,CERA,INE739E01017,8997.9,20
914,BBETF0432,INF754K01OB1,1159.82,20
915,VPRPL,INE0AE001013,207.42,20
916,BFSI,INF769K01HI8,24.31,20
917,GATEWAY,INE079J01017,111.93,20
918,SUPRAJIT,INE399C01030,534.25,20
919,INDNIPPON,INE092B01025,794.9,20
920,ORIENTPPR,INE592A01026,56.59,20
921,TBOTEK,INE673O01025,1779.3,20
922,HINDUNILVR,INE030A01027,2738.4,9
923,LUPIN,INE326A01037,1817.25,20
924,TIRUMALCHM,INE338A01024,306.5,20
925,HDFCPVTBAN,INF179KC1HZ7,26.57,20
926,HERCULES,INE688E01024,633.35,20
927,ITBEES,INF204KB15V2,42.67,20
928,ALPL30IETF,INF109KC17V7,30.02,20
929,MUFTI,INE220Q01020,167.18,20
930,VRLLOG,INE366I01010,575.6,20
931,SETFGOLD,INF200KA16D8,64.87,20
932,AURIONPRO,INE132H01018,1488.1,20.7
933,MIDCAPETF,INF769K01IC9,21.5,6.25
934,AHLADA,INE00PV01013,115.44,100
935,MIDSMALL,INF769K01LJ8,54.04,20
936,DPABHUSHAN,INE266Y01019,1391.8,20
937,SUDARSCHEM,INE659A01023,920.9,20
938,NUCLEUS,INE096B01018,1478.05,20.39
939,BSLSENETFG,INF209KB10E8,80.11,6
940,FOCUS,INE593W01028,140.6,20
941,LAURUSLABS,INE947Q01028,457,20
942,SUPREMEIND,INE195A01028,5721.25,20
943,TEMBO,INE869Y01010,226.91,20
944,LTIM,INE214T01019,5756.9,10.59
945,KAMDHENU,INE390H01012,526.95,20
946,KSB,INE999A01015,4896.5,20
947,SYMPHONY,INE225D01027,1144.95,20
948,ATFL,INE209A01019,853.75,20
949,ARTEMISMED,INE025R01021,226.27,20
950,SGBOCT26,IN0020180249,7850,10
951,HINDOILEXP,INE345A01011,247.77,20
952,MON100,INF247L01AP3,166.52,6.13
953,VIPIND,INE054A01027,472.55,20
954,SUPRIYA,INE07RO01027,399.9,20
955,PTC,INE877F01012,215.38,20.28
956,KHADIM,INE834I01025,365.55,20
957,HDFCAMC,INE127D01025,4162.5,20
958,JUSTDIAL,INE599M01018,1242.1,20
959,SURYALAXMI,INE713B01026,87.39,20.87
960,TATAMTRDVR,IN9155A01020,701.25,20
961,GOLD1,INF174KA1HJ8,63.4,20
962,LICMFGOLD,INF397L01554,6818.6,20
963,ACE,INE731H01025,1411.45,21.86
964,PTCIL,INE596F01018,14242.55,100
965,HDFCNIFBAN,INF179KC1HY0,53.5,20
966,THOMASCOOK,INE332A01027,248.53,20
967,SGBJ28VIII,IN0020190537,7984.99,10
968,LIQUIDETF,INF740KA1EU7,1000,10
969,VIKASECO,INE806A01020,3.79,22.33
970,UJJIVANSFB,INE551W01018,43.92,20
971,GOLDIAM,INE025B01025,176.4,20
972,EMAMIPAP,INE830C01026,141.09,20
973,KALYANKJIL,INE303R01014,519.45,20
974,LIBAS,INE908V01012,16.94,20.77
975,SYRMA,INE0DYJ01015,462.5,20
976,SPANDANA,INE572J01011,725.3,20
977,BSE500IETF,INF109KC1V59,39,6
978,BALRAMCHIN,INE119A01028,449.7,20
979,PATELENG,INE244B01030,60.05,23.31
980,BPL,INE110A01019,132.84,100
981,EXICOM,INE777F01014,442.85,100
982,TATAELXSI,INE670A01012,7034.4,20
983,MEGASTAR,INE00EM01016,303.2,20
984,SGBMAR31IV,IN0020220169,7974.74,10
985,DBL,INE917M01012,523.2,20.4
986,SGBJAN30IX,IN0020210236,7950,10
987,AARTISURF,INE09EO01013,711.65,20
988,XPROINDIA,INE445C01015,1047.85,20
989,SIS,INE285J01028,439.35,20
990,MOSMALL250,INF247L01CH6,17.69,6
991,EXCELINDUS,INE369A01029,1134.45,20
992,PNBHOUSING,INE572E01012,789.2,20
993,JISLDVREQS,IN9175A01010,43.23,22.4
994,AMJLAND,INE606A01024,58.6,100
995,NDTV,INE155G01029,221.05,21.99
996,MNC,INF174KA1JF2,31.32,20
997,LIKHITHA,INE060901027,448.25,20.57
998,PSUBNKBEES,INF204KB16I7,82.73,20
999,ADANIPORTS,INE742F01042,1493.9,18.43
1000,NIF100BEES,INF204K014N5,269.69,6
1001,IRMENERGY,INE07U701015,462.85,20
1002,HINDZINC,INE267A01025,647.9,20
1003,ORCHPHARMA,INE191A01027,1163.75,20
1004,NYKAA,INE388Y01029,180.69,20
1005,JISLJALEQS,INE175A01038,72.8,24.23
1006,J&KBANK,INE168A01041,111.74,20.48
1007,PENIND,INE932A01024,177.53,23.42
1008,SGBSEP29VI,IN0020210145,7855.62,10
1009,PSB,INE608A01012,65.39,22.59
1010,VIJAYA,INE043W01024,765.7,20
1011,BANCOINDIA,INE213C01025,696.4,20
1012,BANARBEADS,INE655B01011,106.31,20
1013,METROPOLIS,INE112L01020,2031.05,20
1014,AKZOINDIA,INE133A01011,2934.65,20
1015,BALAJITELE,INE794B01026,69.34,22.73
1016,OMAXE,INE800H01010,128.69,100
1017,BSLNIFTY,INF209KB19D1,28.39,6
1018,TTKPRESTIG,INE690A01028,890,20
1019,HGINFRA,INE926X01010,1741.3,20
1020,PCBL,INE602A01031,286.3,20
1021,INDBANK,INE841B01017,50.21,25.49
1022,TATACOMM,INE151A01013,1870.45,20
1023,AGRITECH,INE449G01018,196.19,21.72
1024,PITTIENG,INE450D01021,1149.95,20
1025,SMCGLOBAL,INE103C01036,155.17,20
1026,ATGL,INE399L01023,890.1,23.7
1027,DATAPATTNS,INE0IX101010,3152.45,20.79
1028,MMFL,INE227C01017,636.95,20
1029,ORIENTHOT,INE750A01020,132.16,20
1030,KIMS,INE967H01017,2134.75,20
1031,SUVEN,INE495B01038,131.29,20
1032,NRAIL,INE740D01017,496.05,20
1033,SILVERETF,INF789F1AYK6,92.66,20
1034,VIRINCHI,INE539B01017,33.46,20
1035,RAINBOW,INE961O01016,1164.2,20
1036,AXISBPSETF,INF846K01Z04,11.88,20
1037,TEXRAIL,INE621L01012,268.51,24.46
1038,SUNDRMFAST,INE387A01021,1401.3,20
1039,ASHOKLEY,INE208A01029,228.33,20
1040,HDFCNIFTY,INF179KC1965,272.61,6
1041,AKSHARCHEM,INE542B01011,303.2,20.03
1042,AMBER,INE371P01015,4428.65,20
1043,VESUVIUS,INE386A01015,5286.65,20
1044,FILATFASH,INE185E01013,7.36,20
1045,GSPL,INE246F01010,320.95,20
1046,SAKAR,INE732S01012,356.1,20
1047,LOVABLE,INE597L01014,143,20
1048,SGBDC27VII,IN0020190461,7950,10
1049,CHEVIOT,INE974B01016,1393.65,20
1050,BDL,INE171Z01026,1546.45,20
1051,TATAMOTORS,INE155A01022,1024.55,11.22
1052,NV20IETF,INF109KC11V0,15.54,20
1053,HLEGLAS,INE461D01028,443.65,20
1054,THYROCARE,INE594H01019,643.9,20
1055,SGBNOV25IX,IN0020170117,7450,10
1056,RADHIKAJWE,INE583V01021,59.63,21.97
1057,ASKAUTOLTD,INE491J01022,377.4,20
1058,NIFTYQLITY,INF209KB15K4,22.31,20
1059,HESTERBIO,INE782E01017,2745.8,20
1060,WINDLAS,INE0H5O01029,703.3,20
1061,BATAINDIA,INE176A01028,1530.45,20
1062,MIDCAPIETF,INF109KC11W8,21.81,6.42
1063,INFIBEAM,INE483S01020,29.49,21.23
1064,ORIENTELEC,INE142Z01019,264.9,20
1065,TNPETRO,INE148A01019,105.66,20
1066,SPENCERS,INE020801028,80.45,21.15
1067,DCM,INE498A01018,99.92,20
1068,CSBBANK,INE679A01013,361.8,20
1069,HILTON,INE788H01017,88.39,23.5
1070,MOLDTKPAC,INE893J01029,803.55,20
1071,JKCEMENT,INE823G01014,4372.55,20
1072,UTISXN50,INF789F1AUU3,88.93,8.73
1073,PILANIINVS,INE417C01014,5162.75,20
1074,WABAG,INE956G01038,1246.15,20
1075,AVANTIFEED,INE871C01038,616.05,20
1076,JYOTICNC,INE980O01024,1238.95,20
1077,COSMOFIRST,INE757A01017,874.4,20
1078,AKSHOPTFBR,INE523B01011,8.75,20
1079,UTISENSETF,INF789FB1X58,881.52,6
1080,ASHOKA,INE442H01029,227.75,20
1081,RATNAMANI,INE703B01027,3510.05,20
1082,POLYMED,INE205C01021,2109.65,20
1083,COROMANDEL,INE169A01031,1593.25,20
1084,CIEINDIA,INE536H01010,606.65,20
1085,SGBDEC26,IN0020180389,7505.05,10
1086,GLENMARK,INE935A01035,1413.35,20
1087,SAMHI,INE08U801020,177.06,20
1088,LT,INE018A01030,3656.2,10.82
1089,STARHEALTH,INE575P01011,586.2,20
1090,UTINEXT50,INF789F1AUW9,77.56,7.86
1091,TVSSRICHAK,INE421C01016,4418.9,20
1092,AXISBANK,INE238A01034,1309.4,9.89
1093,MAHASTEEL,INE451L01014,100.98,20
1094,TRACXN,INE0HMF01019,93.74,20
1095,RAILTEL,INE0DD101019,526.7,26.31
1096,ACCELYA,INE793A01012,1870.75,20
1097,BSLGOLDETF,INF209KB18D3,66.46,20
1098,COASTCORP,INE377E01016,274.77,20
1099,DYCL,INE600Y01019,590.7,21.72
1100,ADSL,INE102I01027,226.76,24.32
1101,JSWENERGY,INE121E01018,712.75,20
1102,MONIFTY500,INF247L01BU1,23.33,6
1103,BARBEQUE,INE382M01027,544.45,20
1104,VISAKAIND,INE392A01021,111.06,20
1105,TNIDETF,INF277KA1364,90.68,20
1106,KRISHANA,INE506W01012,270.6,20
1107,ELECTCAST,INE086A01029,188.49,21.02
1108,SUNDARMHLD,INE202Z01029,269.25,20.06
1109,PARKHOTELS,INE988S01028,183.89,20
1110,SHRADHA,INE715Y01023,143.08,100
1111,VETO,INE918N01018,143.57,20
1112,SMLISUZU,INE294B01019,2010.3,21.3
1113,CAPACITE,INE264T01014,287.15,20.19
1114,BSE,INE118H01025,2300.4,20
1115,AJMERA,INE298G01027,731.25,20.72
1116,IPCALAB,INE571A01038,1227.25,20
1117,FDC,INE258B01022,492.55,20
1118,INSECTICID,INE070I01018,761.95,20
1119,TASTYBITE,INE488B01017,9968.5,20
1120,GREENLAM,INE544R01021,561.9,20
1121,VARDHACRLC,INE116G01013,63.72,20
1122,CENTRALBK,INE483A01010,64.38,21.34
1123,KIOCL,INE880L01014,455.85,25.9
1124,DBREALTY,INE879I01012,207.07,27.04
1125,HINDPETRO,INE094A01015,357.65,20
1126,NDL,INE875G01030,51.06,25.25
1127,AVG,INE680Z01018,485.2,20.84
1128,BAJFINANCE,INE296A01024,7110,10.65
1129,NLCINDIA,INE589A01014,278.3,22.8
1130,SURYAROSNI,INE335A01020,608.25,20.13
1131,NV20BEES,INF204KB18I3,159.34,20
1132,LTGILTBEES,INF204KB1882,26.11,10
1133,KESORAMIND,INE087A01019,211.75,20
1134,INGERRAND,INE177A01018,4248.35,20
1135,GENSOL,INE06H201014,958.05,20
1136,ABBOTINDIA,INE358A01014,28795.65,20
1137,PARADEEP,INE088F01024,90.18,20
1138,ONMOBILE,INE809I01019,87.11,22.18
1139,NIITMTS,INE342G01023,483.25,20
1140,POCL,INE063E01046,974.3,23.13
1141,UNIVCABLES,INE279A01012,886,20
1142,HEUBACHIND,INE492A01029,482.35,20
1143,DEN,INE947J01015,53.25,20
1144,SCI,INE109A01011,311.2,23.86
1145,AVALON,INE0LCL01028,523.9,20
1146,ENIL,INE265F01028,246.21,20.8
1147,RUPA,INE895B01021,285.05,20
1148,IOC,INE242A01010,169.61,20
1149,KANPRPLA,INE694E01014,107.57,20
1150,OBEROIRLTY,INE093I01010,1718.55,20
1151,ADFFOODS,INE982B01027,227.57,20
1152,STEL,INE577L01016,417.2,20.06
1153,BALKRISIND,INE787D01026,3169.9,20
1154,AHLEAST,INE926K01017,128.06,20
1155,IEX,INE022Q01020,173.56,20
1156,SPORTKING,INE885H01011,1017.95,20
1157,NIFTY1,INF174K014P6,268.56,6
1158,UNIDT,INE961D01019,245.72,20
1159,AXISCADES,INE555B01013,559.3,23.94
1160,EMBDL,INE069I01010,134.72,24.51
1161,ENDURANCE,INE913H01037,2668.3,20
1162,MIDHANI,INE099Z01011,491.75,20
1163,PAR,INE04LG01015,239.95,20
1164,DREAMFOLKS,INE0JS101016,472.85,20
1165,ZOTA,INE358U01012,570.55,20
1166,ANUP,INE294Z01018,1813.8,20
1167,PTL,INE034D01049,43.2,20
1168,ELIN,INE050401020,194.25,20
1169,INDHOTEL,INE053A01029,582.3,20
1170,GANDHITUBE,INE524B01027,795.05,20
1171,PDMJEPAPER,INE865T01018,125.57,23.71
1172,HIMATSEIDE,INE049A01027,137.41,20
1173,AUTOBEES,INF204KC1337,259.91,20
1174,GENESYS,INE727B01026,641.25,24.13
1175,PNB,INE160A01022,118.84,20
1176,ISGEC,INE858B01029,1406.5,20.5
1177,BIOFILCHEM,INE829A01014,64,22.54
1178,SEAMECLTD,INE497B01018,1493.6,20
1179,FSL,INE684F01012,245.16,20
1180,NIPPOBATRY,INE567A01028,582.5,21.37
1181,HARIOMPIPE,INE00EV01017,683.1,20
1182,ULTRACEMCO,INE481G01011,11647.25,9.09
1183,KERNEX,INE202H01019,517.65,20
1184,ASTRAZEN,INE203A01020,6452.05,20
1185,TECH,INF209KB11D8,41.72,20
1186,PRINCEPIPE,INE689W01016,689.5,20
1187,BANKBARODA,INE028A01039,255.45,20
1188,PDSL,INE111Q01021,520.3,20
1189,CENTENKA,INE485A01015,567.95,20
1190,ICICIGI,INE765G01017,1910.55,20
1191,GHCL,INE539A01019,540.1,20
1192,QNIFTY,INF082J01028,2670.25,6
1193,SUNPHARMA,INE044A01036,1594.25,9
1194,GUJAPOLLO,INE826C01016,273.5,20
1195,APOLLO,INE713T01028,121,22.3
1196,LIQUIDCASE,INF0R8F01034,103.29,10
1197,QGOLDHALF,INF082J01408,62.63,20
1198,RAMCOCEM,INE331A01037,782.85,20
1199,TIIL,INE545H01011,2754.25,22
1200,PPL,INE050001010,487.7,20
1201,GLAND,INE068V01023,2009.75,20
1202,BEL,INE263A01024,313.55,20
1203,SAKSOFT,INE667G01023,298.4,20
1204,HONDAPOWER,INE634A01018,4072.2,20
1205,BLKASHYAP,INE350H01032,103.78,20.86
1206,SKIPPER,INE439E01022,351.75,25.89
1207,FUSION,INE139R01012,440.4,20
1208,BCLIND,INE412G01024,55.69,20.79
1209,MAHESHWARI,INE263W01010,65.99,20
1210,RKEC,INE786W01010,136.36,100
1211,CONCOR,INE111A01025,1039.7,20
1212,SWARAJENG,INE277A01016,3005.9,20
1213,SGBDEC25XI,IN0020170133,7455,10
1214,INDGN,INE065X01017,581.65,20
1215,UGROCAP,INE583D01011,260.5,20
1216,FMCGIETF,INF109KC19V3,64.07,20
1217,SCPL,INE501Y01019,457.5,23.05
1218,GAIL,INE129A01019,228.86,20
1219,AVADHSUGAR,INE349W01017,645.65,20
1220,PURVA,INE323I01011,427.15,100
1221,SMSLIFE,INE320X01016,856.35,20
1222,REDTAPE,INE0LXT01019,721.05,20
1223,FAIRCHEMOR,INE0DNW01011,1363.85,20
1224,PATANJALI,INE619A01035,1600.55,20
1225,CREDITACC,INE741K01010,1297.15,20
1226,INDOAMIN,INE760F01028,151.95,24.51
1227,QUAL30IETF,INF109KC18V5,22.14,20
1228,DELHIVERY,INE148O01028,382.05,20
1229,ABFRL,INE647O01011,323.3,20
1230,SYNCOMF,INE312C01025,15.22,20.71
1231,LICNETFN50,INF767K01OS7,271.02,6.99
1232,KOHINOOR,INE080B01012,43.33,22.31
1233,HPAL,INE0GSL01024,98.46,20
1234,FINPIPE,INE183A01024,331.7,20
1235,SGBJU29III,IN0020210087,7857,10
1236,VSSL,INE050M01012,296.7,20
1237,IOB,INE565A01014,67.48,23.17
1238,AMBIKCO,INE540G01014,1655.7,20
1239,TMB,INE668A01016,463.1,20
1240,RPTECH,INE0J1F01024,426.9,20
1241,SCHAEFFLER,INE513A01022,3978.4,20
1242,DEVIT,INE060X01026,147.08,21.48
1243,VIKASLIFE,INE161L01027,5.29,22.16
1244,JTEKTINDIA,INE643A01035,207.68,20
1245,BUTTERFLY,INE295F01017,857.85,20
1246,ICICIPRULI,INE726G01019,654.8,20
1247,GRWRHITECH,INE291A01017,2333.35,21.73
1248,ORIENTCER,INE569C01020,51,20.69
1249,QUICKHEAL,INE306L01010,608.2,22.79
1250,CHOICEIN,INE102B01014,386.55,20
1251,HATSUN,INE473B01035,1236.5,20
1252,ISEC,INE763G01038,781.5,20
1253,SUZLON,INE040H01021,55.39,21.13
1254,THEMISMED,INE083B01024,226.26,20
1255,ABCAPITAL,INE674K01013,222.73,20
1256,PRECWIRE,INE372C01037,156.56,21.32
1257,UTIAMC,INE094J01016,1042.15,20
1258,ASALCBR,INE073G01016,675.55,20
1259,BHARATRAS,INE838B01013,10998.05,20
1260,TIMETECHNO,INE508G01029,337.65,20
1261,YASHO,INE616Z01012,1878.4,20
1262,SIMBHALS,INE748T01016,27.63,100
1263,BAJAJCON,INE933K01021,279.95,20
1264,GLOBUSSPR,INE615I01010,837,20
1265,MANINFRA,INE949H01023,196.39,20
1266,BALUFORGE,INE011E01029,396.6,20
1267,DIXON,INE935N01020,11945.85,20
1268,GOCLCORP,INE077F01035,458.9,21.02
1269,20MICRONS,INE144J01027,209.05,20.38
1270,MPSLTD,INE943D01017,2091.3,20
1271,CONCORDBIO,INE338H01029,1696.2,20
1272,MSUMI,INE0FS801015,74.45,20
1273,CYIENT,INE136B01020,1849.85,20
1274,SGBMAY28,IN0020200088,7810.23,10
1275,SHRIPISTON,INE526E01018,1918.4,20
1276,AMRUTANJAN,INE098F01031,737.7,20
1277,NATIONALUM,INE139A01034,192.25,20
1278,KSCL,INE455I01029,961.8,20
1279,MEDIASSIST,INE456Z01021,546.7,20
1280,BHARTIARTL,INE397D01024,1483.65,9
1281,DALBHARAT,INE00R701025,1916.85,20
1282,HDFCNEXT50,INF179KC1HS2,73.87,7.53
1283,BEPL,INE922A01025,144.96,20
1284,DALMIASUG,INE495A01022,409,20
1285,SILVER,INF209KB19F6,93,20
1286,STAR,INE939A01011,935,20
1287,SGIL,INE00QT01015,343.1,20
1288,ZEEMEDIA,INE966H01019,13.93,25.08
1289,NCLIND,INE732C01016,228.56,20
1290,BAJAJHCARE,INE411U01027,364.25,20
1291,LANDMARK,INE559R01029,631.85,20
1292,IVZINGOLD,INF205K01361,6570,20
1293,3IINFOLTD,INE748C01038,38.38,21.61
1294,PRAJIND,INE074A01025,702,20
1295,KAKATCEM,INE437B01014,239.83,20
1296,MRPL,INE103A01014,229.13,22.8
1297,DEEPENR,INE677H01012,182.28,21.34
1298,LIQUID1,INF174KA1LV5,1000,10
1299,RANEHOLDIN,INE384A01010,1749.95,20
1300,DCW,INE500A01029,52.46,20
1301,BHARATFORG,INE465A01025,1621.5,20
1302,HARSHA,INE0JUS01029,521.65,20
1303,VEDL,INE205A01025,451.4,20
1304,POKARNA,INE637C01025,710.15,20
1305,MRO-TEK,INE398B01018,79.42,100
1306,WONDERLA,INE066O01014,894.25,20
1307,AMBUJACEM,INE079A01024,690.25,20
1308,SANGAMIND,INE495C01010,396.1,22.11
1309,VOLTAS,INE226A01021,1493.25,20
1310,SBIETFPB,INF200KA1S22,265.83,20
1311,GENUSPAPER,INE949P01018,24.16,23.12
1312,BIGBLOC,INE412U01025,278.15,22.41
1313,HCG,INE075I01017,360.9,20
1314,EDELWEISS,INE532F01054,63.03,20
1315,VBL,INE200M01021,1590.65,20
1316,NAM-INDIA,INE298J01013,651.9,20
1317,CANFINHOME,INE477A01020,877.1,20
1318,COCHINSHIP,INE704P01025,2622.45,26.44
1319,SILVERIETF,INF109KC1Y56,93.08,20
1320,TATAINVEST,INE672A01018,6409.85,100
1321,PARAS,INE045601015,1355.2,100
1322,MAPMYINDIA,INE0BV301023,2375.5,20
1323,KAPSTON,INE542Z01010,380,100
1324,DLF,INE271C01023,844.9,20
1325,ICRA,INE725G01011,6099.8,20
1326,CARBORUNIV,INE120A01034,1727.25,20
1327,NESCO,INE317F01035,922.75,20
1328,GOLDETF,INF769K01JP9,73.78,20
1329,NAGAFERT,INE454M01024,11.74,20.9
1330,SBIETFQLTY,INF200KA1WX6,232.8,20
1331,SRHHYPOLTD,INE917H01012,587.05,20
1332,SGBJUN27,IN0020190073,7712,10
1333,MAHSEAMLES,INE271B01025,649.75,20
1334,BALAMINES,INE050E01027,2317.45,20
1335,NAVINFLUOR,INE048G01026,3661,20
1336,HERANBA,INE694N01015,360.9,20
1337,INDSWFTLAB,INE915B01019,134.96,21.05
1338,SGBJUL29IV,IN0020210111,7881.51,10
1339,RAMCOSYS,INE246B01019,380.9,20.84
1340,JMFINANCIL,INE780C01023,97.4,20
1341,EGOLD,INF754K01SE6,76.2,20
1342,ESILVER,INF754K01SF3,93.59,20
1343,SBGLP,INE05ST01028,120.48,20
1344,AZAD,INE02IJ01035,1647.65,20
1345,STEELCAS,INE124E01020,651.6,20
1346,SIGACHI,INE0D0K01022,59.48,21.88
1347,LIQUIDIETF,INF109KC1KT9,1000,10
1348,GOPAL,INE0L9R01028,342.5,20
1349,LALPATHLAB,INE600L01024,2988.95,20
1350,JKPAPER,INE789E01012,587.45,20
1351,EMSLIMITED,INE0OV601013,655.25,20
1352,MAANALU,INE215I01027,138.55,21.66
1353,INDIACEM,INE383A01012,344.75,20
1354,GENUSPOWER,INE955D01029,350.15,20.59
1355,GPIL,INE177H01021,1127.45,20
1356,BLUEDART,INE233B01017,8436.55,20
1357,SILINV,INE923A01015,582.35,20
1358,CAREERP,INE521J01018,450.05,20
1359,RELIGARE,INE621H01010,240.76,20
1360,HITECH,INE106T01025,150.95,20.51
1361,APTECHT,INE266F01018,208.96,20
1362,MOM100,INF247L01023,61.07,6
1363,KOLTEPATIL,INE094I01018,425.45,20
1364,TOTAL,INE336X01012,111.08,100
1365,CHEMBOND,INE995D01025,628.55,21.55
1366,RALLIS,INE613A01020,340.5,20
1367,EQUAL50ADD,INF740KA1QK2,321.96,20
1368,MBAPL,INE900L01010,224.01,20
1369,EMIL,INE02YR01019,223.08,20
1370,FINEORG,INE686Y01026,5232.4,20
1371,CIPLA,INE059A01026,1506.65,9.54
1372,LXCHEM,INE576O01020,260.65,20
1373,BBNPPGOLD,INF251K01SU9,73.55,20
1374,GREENPLY,INE461C01038,316.2,20
1375,SOMANYCERA,INE355A01028,772.75,20
1376,KINGFA,INE473D01015,2547.9,20
1377,KITEX,INE602G01020,226.63,20
1378,TEJASNET,INE010J01012,1438,20.62
1379,MANAPPURAM,INE522D01027,228.32,20
1380,STLTECH,INE089C01029,142.79,20
1381,LIQUIDADD,INF740KA1UM0,1020.57,10
1382,MAFANG,INF769K01HF4,99.45,20
1383,ZIMLAB,INE518E01015,110.25,20
1384,TCS,INE467B01029,4315.55,9
1385,EIDPARRY,INE126A01031,796.3,20
1386,NRL,INE0JM501013,88.11,22.36
1387,DONEAR,INE668D01028,134.72,20.17
1388,PNBGILTS,INE859A01011,128.65,20
1389,LLOYDSME,INE281B01032,739.2,20
1390,DWARKESH,INE366A01041,75.32,20
1391,NDLVENTURE,INE353A01023,95.14,20
1392,HUDCO,INE031A01017,322.45,26.15
1393,SGBFEB28IX,IN0020190545,7600.15,10
1394,POWERMECH,INE211R01019,6034,20
1395,ADANIGREEN,INE364U01010,1747.55,22.36
1396,TEXMOPIPES,INE141K01013,71.69,22.22
1397,NETWEB,INE0NT901020,2437,20
1398,SHALPAINTS,INE849C01026,147.58,20
1399,CONSUMIETF,INF109KC1V42,117.67,20
1400,HDFCMID150,INF179KC1HT0,21.39,6
1401,IDFCFIRSTB,INE092T01019,77.74,20
1402,SINCLAIR,INE985A01022,108.52,20
1403,AWFIS,INE108V01019,701.3,20
1404,SHAILY,INE151G01028,843.1,20
1405,ROSSELLIND,INE847C01020,588.05,24.68
1406,BAJAJ-AUTO,INE917I01010,9626.2,9.23
1407,WELENT,INE625G01013,485.3,20
1408,PRICOLLTD,INE726V01018,494.15,20
1409,JKLAKSHMI,INE786A01032,863.05,20
1410,PRSMJOHNSN,INE010A01011,165.33,20
1411,GANDHAR,INE717W01049,204.61,20
1412,CIGNITITEC,INE675C01017,1348.3,20
1413,GRAVITA,INE024L01027,1396.15,20.82
1414,BHEL,INE257A01026,308.6,20.72
1415,HLVLTD,INE102A01024,22.79,23.56
1416,USHAMART,INE228A01035,383.65,20
1417,BOSCHLTD,INE323A01026,35149.85,20
1418,BIKAJI,INE00E101023,703.1,20
1419,DVL,INE477B01010,383.3,20
1420,RATEGAIN,INE0CLI01024,804.75,20
1421,HDFCQUAL,INF179KC1DL6,60.33,20
1422,MAHSCOOTER,INE288A01013,9401.4,20
1423,DABUR,INE016A01026,644.85,20
1424,NGIL,INE236Y01012,41.24,27.31
1425,CHENNPETRO,INE178A01016,1220,22.8
1426,AGARIND,INE204E01012,1207.65,20.21
1427,EQUITASBNK,INE063P01018,90.11,20
1428,HDFCGROWTH,INF179KC1DJ0,121.44,20
1429,TAKE,INE142I01023,20.44,20.75
1430,ISFT,INE566K01011,130.87,22.27
1431,SPAL,INE212I01016,877.55,20
1432,LYKALABS,INE933A01014,117.97,20
1433,KRBL,INE001B01026,312.75,20
1434,MAHKTECH,INF769K01HS7,13.76,20
1435,NIFTYBEES,INF204KB14I2,275.51,6
1436,SATIA,INE170E01023,128.81,20
1437,NOVAAGRI,INE02H701025,73.01,20
1438,CPSEETF,INF457M01133,101.48,20
1439,LOWVOL,INF769K01JU9,201.77,20
1440,DOLATALGO,INE966A01022,125.01,25.94
1441,INTENTECH,INE781A01025,160.31,24.21
1442,KEI,INE878B01027,4266,20
1443,FIBERWEB,INE296C01020,43.15,23.38
1444,DODLA,INE021O01019,1207.7,20
1445,UMANGDAIRY,INE864B01027,160.44,25.14
1446,ALPA,INE385I01010,91.75,20
1447,SGBNOV24,IN0020160076,7501.93,10
1448,VMART,INE665J01013,3282.55,20
1449,MARATHON,INE182D01020,579.15,21.69
1450,ALICON,INE062D01024,1261.15,20
1451,JUBLFOOD,INE797F01020,567.85,20
1452,SBILIFE,INE123W01016,1659.8,9
1453,AXISNIFTY,INF846K01W98,267.58,6
1454,ALPHAETF,INF769K01KU7,28.27,20
1455,SOLARINDS,INE343H01029,11305.75,20
1456,PARAGMILK,INE883N01014,202.3,20
1457,ZEEL,INE256A01028,142.42,25
1458,GOLDETFADD,INF740KA1SW3,73.8,20
1459,SONATSOFTW,INE269A01021,694.35,20
1460,MAHLOG,INE766P01016,523.65,20
1461,CCL,INE421D01022,605.4,20
1462,DANGEE,INE688Y01022,7.41,20.32
1463,OFSS,INE881D01027,10941.95,20
1464,BSL,INE594B01012,202.79,20
1465,TBZ,INE760L01018,137.74,20
1466,JBMA,INE927D01044,2032.85,20.76
1467,HEMIPROP,INE0AJG01018,223.49,20.38
1468,GOACARBON,INE426D01013,761.55,20.34
1469,CUMMINSIND,INE298A01020,3796.85,20
1470,PREMEXPLN,INE863B01029,675.4,100
1471,GFLLIMITED,INE538A01037,77.72,20
1472,GPTHEALTH,INE486R01017,175.27,20
1473,SGBDE31III,IN0020230168,8024.74,10
1474,NBCC,INE095N01031,178.57,23.09
1475,REPCOHOME,INE612J01015,552.6,20
1476,AWHCL,INE01BK01022,619.45,20
1477,CAMS,INE596I01012,4170.55,20
1478,GUFICBIO,INE742B01025,350.35,20
1479,MANGCHEFER,INE558B01017,129.19,20
1480,MOREALTY,INF247L01CI4,112.07,20
1481,INDIGOPNTS,INE09VQ01012,1492.45,20
1482,SGBOC28VII,IN0020200203,7843.46,10
1483,NAZARA,INE418L01021,927.25,20
1484,DSSL,INE417B01040,1282.25,27.41
1485,HINDCOMPOS,INE310C01029,559.8,20
1486,STEELCITY,INE395H01011,88.58,20.36
1487,ZUARI,INE840M01016,216.14,20.8
1488,STYRENIX,INE189B01011,2558.15,20
1489,MAZDA,INE885E01034,1439.5,20
1490,MATRIMONY,INE866R01028,581.15,20
1491,MPHASIS,INE356A01018,2833.25,20
1492,NV20,INF174K01Z71,158.43,20
1493,JUBLINGREA,INE0BY001018,563.75,20
1494,CLEDUCATE,INE201M01029,95.26,20
1495,SGBAUG30,IN0020220078,8026.53,10
1496,SSWL,INE802C01033,238.75,20
1497,BBTC,INE050A01025,2227.75,20.68
1498,BLSE,INE0NLT01010,232.9,20
1499,FOSECOIND,INE519A01011,4272.65,20
1500,SIGNPOST,INE0KGZ01021,253.65,20
1501,GSS,INE871H01011,93.49,100
1502,NIFTYETF,INF769K01EG9,263.81,6
1503,GSEC5IETF,INF109KC14A8,56.98,10
1504,MOMENTUM,INF209KB14K7,36.34,20
1505,SPLPETRO,INE663A01033,901.75,20
1506,ZOMATO,INE758T01015,220.62,20
1507,RADIOCITY,INE919I01024,15.13,20
1508,SHREEPUSHK,INE712K01011,231.24,20
1509,BAYERCROP,INE462A01022,6643,20
1510,GMBREW,INE075D01018,807.75,20
1511,HFCL,INE548A01028,117.84,22.6
1512,CRISIL,INE007A01025,4304.3,20
1513,JUNIPER,INE696F01016,424.35,20
1514,HUHTAMAKI,INE275B01026,382.6,20
1515,POWERGRID,INE752E01010,341.25,12.26
1516,HPL,INE495S01016,575.65,26.65
1517,PAISALO,INE420C01059,75.15,26.36
1518,GESHIP,INE017A01032,1337.95,20
1519,APOLLOTYRE,INE438A01022,549.95,20
1520,SREEL,INE099F01013,292.8,20
1521,CELLO,INE0LMW01024,971.25,20
1522,ANANDRATHI,INE463V01026,3864.65,20
1523,SGBDEC2512,IN0020170141,7601,10
1524,RISHABH,INE0N2P01017,434.35,20
1525,PSUBNKIETF,INF109KC10S8,74.75,20
1526,EMUDHRA,INE01QM01018,869.6,20
1527,RITCO,INE01EG01016,306.25,20.38
1528,SUNTV,INE424H01027,801.2,20
1529,ARCHIDPLY,INE877I01016,98.5,100
1530,UNIVASTU,INE562X01013,176.61,100
1531,DBCORP,INE950I01011,362.75,20
1532,ANMOL,INE02AR01019,34.06,100
1533,SGBFEB32IV,IN0020230184,8176,10
1534,SIGMA,INE0A0S01010,421.35,20
1535,ITDCEM,INE686A01026,516.4,21.98
1536,AROGRANITE,INE210C01013,58.55,20
1537,KIRIINDUS,INE415I01015,337.15,20
1538,SINTERCOM,INE129Z01016,135,20
1539,EXPLEOSOL,INE201K01015,1269.7,20
1540,OAL,INE959C01023,468.8,20.17
1541,RHIM,INE743M01012,590.8,20
1542,GOCOLORS,INE0BJS01011,1071.65,20
1543,LOKESHMACH,INE397H01017,425.1,20.55
1544,MANORG,INE370D01013,436.7,20
1545,ROUTE,INE450U01017,1827.85,20
1546,BAJAJHIND,INE306A01021,40.8,24.67
1547,PENINLAND,INE138A01028,66.92,26.75
1548,AGI,INE415A01038,809.25,20.92
1549,BRIGADE,INE791I01019,1274.15,20
1550,BIRLACABLE,INE800A01015,280.21,22.74
1551,GULFOILLUB,INE635Q01029,1186.4,20
1552,NH,INE410P01011,1242.4,20
1553,HMAAGRO,INE0ECP01024,52.47,20
1554,SGBMR29XII,IN0020200427,7832.32,10
1555,WOCKPHARMA,INE049B01025,809.2,100
1556,SANGHVIMOV,INE989A01024,1075.2,22.22
1557,UNITEDTEA,INE458F01011,420.35,20
1558,GILT5YBEES,INF204KC1030,56.69,10
1559,GOLDIETF,INF109KC1NT3,64.87,20
1560,ASTRAMICRO,INE386C01029,918.75,20
1561,PCJEWELLER,INE785M01013,70.43,23.63
1562,AGROPHOS,INE740V01019,46.99,25.01
1563,KRYSTAL,INE0QN801017,742.15,20
1564,AKG,INE00Y801016,21.4,20.16
1565,KIRLOSBROS,INE732A01036,2299.8,24.13
1566,VSTL,INE0QTF01015,253.65,100
1567,EKC,INE184H01027,151.54,21.74
1568,SHREDIGCEM,INE232A01011,114.15,20
1569,NESTLEIND,INE239A01024,2627.05,9
1570,UNIONBANK,INE692A01016,139.8,20
1571,PRUDENT,INE00F201020,2108.65,20
1572,DLINKINDIA,INE250K01012,612.35,22.01
1573,MOTHERSON,INE775A01035,204.31,20
1574,ASHIANA,INE365D01021,412.95,20
1575,INDORAMA,INE156A01020,45.64,20
1576,KIRLOSIND,INE250A01039,5867.5,20
1577,JETFREIGHT,INE982V01025,13.07,22.13
1578,SINDHUTRAD,INE325D01025,18.78,23.81
1579,BANSWRAS,INE629D01020,163.2,20
1580,RAMAPHO,INE809A01024,192.96,20
1581,ERIS,INE406M01024,1026.6,20
1582,EIHOTEL,INE230A01023,410.2,20
1583,TITAGARH,INE615H01020,1609.3,23.69
1584,CHOLAHLDNG,INE149A01033,1494.85,20
1585,DEVYANI,INE872J01023,176.08,20
1586,DTIL,INE341R01014,220.67,20
1587,EPIGRAL,INE071N01016,1436.55,20
1588,PFOCUS,INE367G01038,128.4,100
1589,SKFINDIA,INE640A01023,5779.5,20
1590,SGBJUN31I,IN0020230069,8036.2,10
1591,STCINDIA,INE655A01013,176.51,24.48
1592,ISMTLTD,INE732F01019,148.1,22.62
1593,TATAGOLD,INF277KA1976,7.37,20
1594,METROBRAND,INE317I01021,1334.75,20
1595,HDFCLOWVOL,INF179KC1HU8,20.07,20
1596,TORNTPOWER,INE813H01021,1542.7,20
1597,IRCON,INE962Y01021,312.8,25.23
1598,TCNSBRANDS,INE778U01029,543.85,20
1599,NAVA,INE725A01022,815.8,20
1600,SUNCLAY,INE0Q3R01026,1699.6,20
1601,SALONA,INE498E01010,300.35,20
1602,ASIANTILES,INE022I01019,76.22,20
1603,BBOX,INE676A01027,399.35,100
1604,POONAWALLA,INE511C01022,413.25,20
1605,LEMONTREE,INE970X01018,144.95,20
1606,KOKUYOCMLN,INE760A01029,155.71,20
1607,JINDALSTEL,INE749A01030,989.95,20
1608,360ONE,INE466L01038,983.9,20
1609,BLS,INE153T01027,353.2,20
1610,BLISSGVS,INE416D01022,111.29,20
1611,BBL,INE464A01036,4748.65,21.67
1612,INDIAMART,INE933S01016,2919.3,20
1613,EMMBI,INE753K01015,106.99,20
1614,KOTARISUG,INE419A01022,59.6,20
1615,VGUARD,INE951I01027,459.05,20
1616,QUESS,INE615P01015,613,20
1617,MINDTECK,INE110B01017,371.4,27.38
1618,GRINFRA,INE201P01022,1724.75,20
1619,MUKANDLTD,INE304A01026,180.57,20
1620,UTTAMSUGAR,INE786F01031,336.8,20
1621,MANYAVAR,INE825V01034,1038.65,20
1622,NIF100IETF,INF109KC16V9,28.36,6
1623,BANKNIFTY1,INF174K01F59,539.5,20
1624,INDIASHLTR,INE922K01024,737.3,20
1625,DYNAMATECH,INE221B01012,6910.45,20
1626,CESC,INE486A01021,175.63,20
1627,KICL,INE029L01018,6279.25,100
1628,SHEMAROO,INE363M01019,159.4,23.69
1629,SJS,INE284S01014,802.8,20
1630,KRSNAA,INE08LI01020,659.9,20
1631,SKMEGGPROD,INE411D01015,262.35,22.35
1632,PANAMAPET,INE305C01029,392.4,20
1633,VENKEYS,INE398A01010,1832.7,20
1634,ADANIPOWER,INE814H01011,699.5,21.42
1635,ESABINDIA,INE284A01012,6634.5,20
1636,TEXINFRA,INE435C01024,130.56,23.77
1637,HEIDELBERG,INE578A01017,233.51,20
1638,CGCL,INE180C01042,215.85,20
1639,FINIETF,INF109KC17L8,25.55,20
1640,LUXIND,INE150G01020,1902.5,20
1641,GSFC,INE026A01025,248.11,20.05
1642,VIMTALABS,INE579C01029,533.85,20
1643,ALEMBICLTD,INE426A01027,145.58,20
1644,PLAZACABLE,INE0INJ01017,86.05,20
1645,SURAJEST,INE843S01025,587.35,100
1646,BHARATGEAR,INE561C01019,110.94,20
1647,COALINDIA,INE522F01014,505.25,13.52
1648,RAJRATAN,INE451D01029,587.95,20
1649,SUNTECK,INE805D01034,615.75,20
1650,MEDANTA,INE474Q01031,1204.1,20
1651,KALAMANDIR,INE438K01021,170.19,20
1652,BHAGYANGR,INE458B01036,113.53,24.38
1653,AEGISLOG,INE208C01025,885.65,21.37
1654,INDTERRAIN,INE611L01021,71.46,20.35
1655,GLAXO,INE159A01016,2563.65,20
1656,VSTIND,INE710A01016,4130.05,20
1657,ASAHIINDIA,INE439A01020,636.2,20
1658,ADVANIHOTR,INE199C01026,69.08,20
1659,EXXARO,INE0GFE01018,91.14,20
1660,PFC,INE134E01011,547.6,20.83
1661,SNOWMAN,INE734N01019,76.56,20
1662,HGS,INE170I01016,894.1,20
1663,ARIHANTSUP,INE643K01018,369.8,21.6
1664,CRAFTSMAN,INE00LO01017,5201.45,20
1665,XCHANGING,INE692G01013,136.98,20.9
1666,VERTOZ,INE188Y01023,37.05,100
1667,CAPTRUST,INE707C01018,118.27,23.71
1668,MANINDS,INE993A01026,482.5,21.98
1669,MANAKSIA,INE015D01022,98.72,20
1670,LIQUIDSBI,INF200KA13Z8,999.99,10
1671,WSI,INE100D01014,166.6,24.13
1672,PRECAM,INE484I01029,186.43,21.13
1673,SGBFEB29XI,IN0020200393,7871.67,10
1674,KCP,INE805C01028,248.89,20.32
1675,SGBJAN27,IN0020180462,7998.99,10
1676,ZYDUSWELL,INE768C01010,2138.5,20
1677,LUMAXTECH,INE872H01027,560.6,20
1678,ICIL,INE483B01026,390.95,20.04
1679,JAGSNPHARM,INE048B01027,363.65,20
1680,HIRECT,INE835D01023,731.05,23.83
1681,HEG,INE545A01016,2084.15,20
1682,ELECON,INE205B01023,1280.7,21.5
1683,SUBROS,INE287B01021,664.95,20
1684,SHYAMMETL,INE810G01011,682.05,20
1685,INOXWIND,INE066P01011,160.42,23.36
1686,SHIVALIK,INE788J01021,655.5,20
1687,CROMPTON,INE299U01018,431.75,20
1688,AUTOIETF,INF109KC10V2,25.99,20
1689,JPPOWER,INE351F01018,18.32,21.96
1690,GALLANTT,INE297H01019,314.15,100
1691,EBBETF0433,INF754K01QX0,1130.18,20
1692,SETFNIFBK,INF200KA1580,533.79,20
1693,WELCORP,INE191B01025,652.4,20
1694,HDFCGOLD,INF179KC1981,64.88,20
1695,DEEPINDS,INE0FHS01024,309.25,20
1696,CAMPUS,INE278Y01022,294.25,20
1697,AMIORG,INE00FF01017,1318.05,20
1698,AVONMORE,INE323B01024,14.12,100
1699,TECHNOE,INE285K01026,1505.1,100
1700,JSL,INE220G01021,795.1,20
1701,RANEENGINE,INE222J01013,424.4,20
1702,SGBFEB27,IN0020180561,7700,10
1703,PODDARMENT,INE371C01013,433.2,20
1704,JMA,INE412C01023,101.34,20
1705,CSLFINANCE,INE718F01018,462.35,20
1706,ESAFSFB,INE818W01011,51.54,20
1707,MUTHOOTCAP,INE296G01013,304.25,20
1708,GREAVESCOT,INE224A01026,158.89,20
1709,BHARATWIRE,INE316L01019,251.95,21.03
1710,SCHAND,INE807K01035,236.63,20
1711,WEALTH,INE658T01017,840.4,23.82
1712,MOL,INE0CT101020,80.7,20
1713,EASEMYTRIP,INE07O001026,40.66,20
1714,PPAP,INE095I01015,210.48,20
1715,BASML,INE186H01022,49.75,20
1716,MONQ50,INF247L01AU3,76.88,6
1717,VINDHYATEL,INE707A01012,2715.4,20
1718,RPSGVENT,INE425Y01011,731.05,20
1719,JNKINDIA,INE0OAF01028,774.6,100
1720,MTARTECH,INE864I01014,1947.3,20
1721,KPIL,INE220B01022,1316.7,20
1722,AARTIIND,INE769A01020,704.15,20
1723,JAGRAN,INE199G01027,98.95,20
1724,RANASUG,INE625B01014,25.52,20
1725,NETWORK18,INE870H01013,80.32,20.75
1726,VOLTAMP,INE540H01012,11724.7,20.88
1727,IRCTC,INE335Y01020,1010.25,20
1728,SALASAR,INE170V01027,17.87,21.88
1729,BANKIETF,INF109KC15I8,53.33,20
1730,FACT,INE188A01015,1074.05,27.47
1731,CAPITALSFB,INE646H01017,353.4,20
1732,NUVAMA,INE531F01015,4922.4,20
1733,KHAICHEM,INE745B01028,75.96,20.4
1734,RKFORGE,INE399G01023,887.3,20
1735,HITECHGEAR,INE127B01011,955.15,100
1736,SAPPHIRE,INE806T01012,1549.15,20
1737,MASPTOP50,INF769K01HP3,44.11,7.19
1738,IGARASHI,INE188B01013,511,20
1739,MMP,INE511Y01018,294.6,20
1740,SUNDRMBRAK,INE073D01013,740.65,20
1741,TARSONS,INE144Z01023,488.45,20
1742,SGBJAN29X,IN0020200385,7916.06,10
1743,KSL,INE907A01026,961.75,20
1744,TEAMLEASE,INE985S01024,2845.75,20
1745,GNFC,INE113A01013,679.6,20
1746,DELPHIFX,INE726L01019,203.5,100
1747,HTMEDIA,INE501G01024,28.1,20
1748,VISHWARAJ,INE430N01022,16.32,20
1749,ETHOSLTD,INE04TZ01018,2838.2,20
1750,KANORICHEM,INE138C01024,123.72,20
1751,5PAISA,INE618L01018,488.45,20
1752,TCI,INE688A01022,978.65,20
1753,KPITTECH,INE04I401011,1858.3,20
1754,VIPCLOTHNG,INE450G01024,47.72,20.42
1755,DCMSHRIRAM,INE499A01024,1005.6,20
1756,TTKHLTCARE,INE910C01018,1434.3,20
1757,LTTS,INE010V01017,4849.95,20
1758,GRAPHITE,INE371A01025,554.7,20
1759,MAXHEALTH,INE027H01010,934.55,20
1760,GODREJAGRO,INE850D01014,824.25,20
1761,JKIL,INE576I01022,834.85,20.53
1762,SJVN,INE002L01015,146.44,24.05
1763,AIAENG,INE212H01026,4226.8,20
1764,UFLEX,INE516A01017,550.4,20
1765,ALLCARGO,INE418H01029,64.78,20
1766,RITES,INE320J01015,732.2,20.97
1767,EPL,INE255A01020,224.17,20
1768,IKIO,INE0LOJ01019,308.3,20
1769,MARICO,INE196A01026,684.85,20
1770,APEX,INE346W01013,231.03,20
1771,SANDESH,INE583B01015,1587.9,20
1772,GRANULES,INE101D01020,519,20
1773,ICICIBANK,INE090A01021,1250.3,9
1774,AXITA,INE02EZ01022,21.01,20
1775,AXISTECETF,INF846K01Y96,423.4,20
1776,SBIETFIT,INF200KA1S14,426.73,20
1777,HDFCSML250,INF179KC1FB2,176.95,6
1778,ZENTEC,INE251B01027,1392.6,20.75
1779,ASIANPAINT,INE021A01026,2931.55,9
1780,RIIL,INE046A01015,1322.15,20
1781,COFFEEDAY,INE335K01011,51.33,23.62
1782,PRIVISCL,INE959A01019,1530.6,20
1783,FMGOETZE,INE529A01010,425.9,20
1784,BALMLAWRIE,INE164A01016,284.35,20
1785,KAMATHOTEL,INE967C01018,209.4,20
1786,GICHSGFIN,INE289B01019,261.83,20
1787,SURYODAY,INE428Q01011,182.84,20
1788,CASTROLIND,INE172A01027,260.82,20
1789,HDFCLIQUID,INF179KC1HE2,999.99,10
1790,IRB,INE821I01022,69.05,22.44
1791,NELCAST,INE189I01024,146.79,20
1792,OCCL,INE321D01016,396.05,20
1793,TAJGVK,INE586B01026,323.35,20