SERIES,SYMBOL,SECURITY,RECORD_DT,BC_STRT_DT,BC_END_DT,EX_DT,ND_STRT_DT,ND_END_DT,PURPOSE
BE,OSWALAGRO,Oswal Agro Mills Ltd, ,02/08/2024,08/08/2024,01/08/2024, , ,ANNUAL GENERAL MEETING   
BE,BATAINDIA,BATA INDIA LTD, ,01/08/2024,07/08/2024,31/07/2024, , ,AGM/DIV - RS 12 PER SH   
BE,NOCIL,NOCIL Limited, ,27/07/2024,08/08/2024,26/07/2024, , ,AGM/DIV - RS 3 PER SH    
BE,CIPLA,CIPLA LTD,02/08/2024, , ,02/08/2024, , ,DIV - RS 13 PER SH       
BE,CHAMBLFERT,CHAMBAL FERTILIZERS LTD, ,06/08/2024,07/08/2024,05/08/2024, , ,DIV - RS 3 PER SH        
BE,VINDHYATEL,Vindhya Telelinks Ltd., ,27/07/2024,02/08/2024,26/07/2024, , ,AGM/DIV - RS 15 PER SH   
BE,SONATSOFTW,SONATSOFTW - Depo, ,27/07/2024,05/08/2024,26/07/2024, , ,AGM/DIV-RS 4.40 PER SH   
BE,AUTOAXLES,Automotive Axles Limited, ,30/07/2024,05/08/2024,29/07/2024, , ,AGM/DIV - RS 32 PER SH   
BE,PIDILITIND,PIDILITIND-Depo, ,25/07/2024,07/08/2024,24/07/2024, , ,ANNUAL GENERAL MEETING   
BE,JYOTISTRUC,Jyoti Structures Ltd, ,27/07/2024,03/08/2024,26/07/2024, , ,ANNUAL GENERAL MEETING   
BE,BRITANNIA,BRITANNIA INDUSTRIES LTD, ,06/08/2024,12/08/2024,05/08/2024, , ,AGM/DIV-RS 73.5 PER SH   
BE,BASF,BASF - Depo, ,27/07/2024,02/08/2024,26/07/2024, , ,AGM/DIV - RS 15 PER SH   
BE,LYKALABS,Lyka Labs Ltd, ,02/08/2024,09/08/2024,01/08/2024, , ,ANNUAL GENERAL MEETING   
BE,HEG,HEG Ltd, ,01/08/2024,07/08/2024,31/07/2024, , ,AGM/DIV-RS 22.50 PER SH  
BE,BERGEPAINT,Berger Paints (I) Ltd, ,06/08/2024,12/08/2024,05/08/2024, , ,AGM/DIV-RS 3.50 PER SH   
BE,JAYSREETEA,JAYSREETEA - Depo, ,03/08/2024,09/08/2024,02/08/2024, , ,ANNUAL GENERAL MEETING   
BE,UNIVCABLES,Universal Cables Ltd, ,27/07/2024,02/08/2024,26/07/2024, , ,AGM/DIV - RS 3 PER SH    
BE,ESABINDIA,Esabindia-depo, ,02/08/2024,08/08/2024,01/08/2024, , ,AGM/DIV - RS 30 PER SH   
BE,AKSHOPTFBR,Aksh Optifibre Limited, ,31/07/2024,06/08/2024,30/07/2024, , ,ANNUAL GENERAL MEETING   
BE,BSL,BSL Ltd, ,31/07/2024,06/08/2024,30/07/2024, , ,AGM/DIV - RE 1 PER SH    
BE,WSTCSTPAPR,West Coast Paper Mills, ,07/08/2024,14/08/2024,06/08/2024, , ,AGM/DIV - RS 8 PER SH    
BE,BLUESTARCO,Blue Star Limited-Depo, ,20/07/2024,06/08/2024,19/07/2024, , ,DIV - RS 7 PER SH        
BE,MUNJALSHOW,Munjal Showa Ltd, ,03/08/2024,21/08/2024,02/08/2024, , ,AGM/DIV-RS 4.50 PER SH   
BE,SUNDARMFIN,Sundaram Finance Ltd., ,01/08/2024,14/08/2024,31/07/2024, , ,AGM/DIV - RS 16 PER SH   
BE,21STCENMGM,21st Century Mgmt-Depo, ,02/08/2024,08/08/2024,01/08/2024, , ,ANNUAL GENERAL MEETING   
BE,IVP,IVP Ltd., ,02/08/2024,08/08/2024,01/08/2024, , ,AGM/DIV - RE 1 PER SH    
BE,PUNJABCHEM,Punj Chem & Crop Prot Ltd, ,26/07/2024,02/08/2024,25/07/2024, , ,AGM/DIV - RS 3 PER SH    
BE,ALEMBICLTD,Alembic Limited,05/08/2024, , ,05/08/2024, , ,DIV - 2.4 RS PER SH      
BE,SUPERSPIN,SuperSpgMills-Roll Sett, ,04/08/2024,10/08/2024,02/08/2024, , ,ANNUAL GENERAL MEETING   
BE,SHREYANIND,Shreyans Industries Ltd, ,30/07/2024,05/08/2024,29/07/2024, , ,ANNUAL GENERAL MEETING   
BE,MRO-TEK,MRO-TEK Realty Ltd, ,03/08/2024,09/08/2024,02/08/2024, , ,ANNUAL GENERAL MEETING   
BE,KARURVYSYA,Karur Vysya Bank Ltd, ,02/08/2024,14/08/2024,01/08/2024, , ,DIV - RS 2.40 PER SH     
BE,ORIENTPPR,Orient Paper & Ind Ltd, ,27/07/2024,02/08/2024,26/07/2024, , ,AGM/DIV-RS 0.25 PER SH   
BE,DYNAMATECH,Dynamatic Tech. Ltd.,02/08/2024, , ,02/08/2024, , ,DIV - RS 5 PER SH        
BE,GREENPLY,Greenply Industries Ltd,05/08/2024, , ,05/08/2024, , ,AGM/DIV-RE 0.50 PER SH   
BE,JISLJALEQS,Equity shares of Rs.10/-, ,05/08/2024,16/08/2024,02/08/2024, , ,ANNUAL GENERAL MEETING   
BE,MUKANDLTD,MUKAND LTD., ,27/07/2024,05/08/2024,26/07/2024, , ,AGM/DIV - RS 2 PER SH    
BE,MARALOVER,Maral Overseas Ltd, ,21/08/2024,27/08/2024,20/08/2024, , ,ANNUAL GENERAL MEETING   
BE,CENTEXT,Century Extrusions Ltd, ,03/08/2024,09/08/2024,02/08/2024, , ,ANNUAL GENERAL MEETING   
BE,ULTRACEMCO,UltraTech Cement Limited, ,31/07/2024,14/08/2024,30/07/2024, , ,AGM/DIV - RS 70 PER SH   
BE,GREAVESCOT,Greaves Limited, ,02/08/2024,08/08/2024,01/08/2024, , ,DIV - RS 2 PER SH        
BE,NORBTEAEXP,Norben Tea & Exp Ltd., ,03/08/2024,09/08/2024,02/08/2024, , ,ANNUAL GENERAL MEETING   
BE,TVSELECT,TVS Electronics Ltd,03/08/2024, , ,02/08/2024, , ,DIV - RE 1 PER SH        
BE,REPRO,Repro India Limited, ,03/08/2024,09/08/2024,02/08/2024, , ,ANNUAL GENERAL MEETING   
BE,HONAUT,Honeywell Auto India Ltd., ,25/07/2024,05/08/2024,24/07/2024, , ,AGM/DIV - RS 100 PER SH  
BE,EVEREADY,Eveready Inds. Ind.  Ltd., ,29/07/2024,03/08/2024,26/07/2024, , ,ANNUAL GENERAL MEETING   
BE,SAKSOFT,Saksoft Limited, ,01/08/2024,07/08/2024,31/07/2024, , ,AGM/DIV - RE 0.40 PER SH 
BE,ALLSEC,Allsec Technologies Ltd, ,27/07/2024,02/08/2024,26/07/2024, , ,ANNUAL GENERAL MEETING   
BE,IGARASHI,Igarashi Motors India Lim, ,01/08/2024,09/08/2024,31/07/2024, , ,ANNUAL GENERAL MEETING   
BE,EVERESTIND,Everest Industries Limite,02/08/2024, , ,02/08/2024, , ,DIV - RS 2.50 PER SH     
BE,GRANULES,Granules India Limited, ,31/07/2024,06/08/2024,30/07/2024, , ,AGM/DIV-RS 1.50 PER SH   
BE,EMKAY,Emkay Global Fin Serv Ltd, ,02/08/2024,08/08/2024,01/08/2024, , ,AGM/DIV-RS 1.50 PER SH   
BE,PIONEEREMB,Pioneer Embroideries Limi, ,31/07/2024,06/08/2024,30/07/2024, , ,ANNUAL GENERAL MEETING   
BE,JKTYRE,JK Tyre & Industries Ltd, ,27/07/2024,02/08/2024,26/07/2024, , ,AGM/DIV-RS 3.50 PER SH   
BE,ADSL,Allied Digital Services L,02/08/2024, , ,02/08/2024, , ,DIV - RS 1.50 PER SH     
BE,ADSL,Allied Digital Services L, ,03/08/2024,08/08/2024,02/08/2024, , ,ANNUAL GENERAL MEETING   
BE,BGRENERGY,BGR Energy Systems Ltd, ,03/08/2024,09/08/2024,02/08/2024, , ,ANNUAL GENERAL MEETING   
BE,SOMANYCERA,Somany Ceramics Limited,05/08/2024, , ,05/08/2024, , ,DIV - RS 3 PER SH        
BE,SOMANYCERA,Somany Ceramics Limited, ,06/08/2024,12/08/2024,05/08/2024, , ,ANNUAL GENERAL MEETING   
BE,BANSWRAS,Banswara Syntex Limited, ,31/07/2024,06/08/2024,30/07/2024, , ,AGM/DIV - RE 1 PER SH    
BE,ASIANTILES,Asian Granito India Limit, ,31/07/2024,06/08/2024,30/07/2024, , ,ANNUAL GENERAL MEETING   
BE,ISMTLTD,ISMT Limited,06/08/2024, , ,06/08/2024, , ,MERGER                   
BE,SUVEN,Suven Life Sciences Ltd, ,31/07/2024,02/08/2024,30/07/2024, , ,ANNUAL GENERAL MEETING   
BE,AVTNPL,AVT Natural Products Limi, ,03/08/2024,09/08/2024,02/08/2024, , ,AGM/DIV-RE 0.50 PER SH   
BE,SARLAPOLY,Sarla Performance Fibers, ,02/08/2024,08/08/2024,01/08/2024, , ,ANNUAL GENERAL MEETING   
BE,HOVS,HOV Services Limited, ,01/08/2024,03/08/2024,31/07/2024, , ,ANNUAL GENERAL MEETING   
BE,GANDHITUBE,Gandhi Special Tubes Limi,05/08/2024, , ,05/08/2024, , ,DIV - RS 13 PER SH       
BE,KMSUGAR,K.M.Sugar Mills Limited, ,28/07/2024,03/08/2024,26/07/2024, , ,ANNUAL GENERAL MEETING   
BE,BAJAJELEC,Bajaj Electricals Limited, ,20/07/2024,06/08/2024,19/07/2024, , ,AGM/DIV - RS 3 PER SH    
BE,SUBEXLTD,Subex Ltd, ,30/07/2024,05/08/2024,29/07/2024, , ,ANNUAL GENERAL MEETING   
BE,MANINFRA,Man Infra Ltd, ,31/07/2024,06/08/2024,30/07/2024, , ,ANNUAL GENERAL MEETING   
BE,VINYLINDIA,Vinyl Chemicals (India) L, ,25/07/2024,08/08/2024,24/07/2024, , ,AGM/DIV-RS 6.75 PER SH   
BE,BIRLACORPN,Birla Jute & Industries, ,30/07/2024,05/08/2024,29/07/2024, , ,AGM/DIV - RS 10 PER SH   
BE,HERCULES,Hercules Hoists Limited, ,06/08/2024,12/08/2024,05/08/2024, , ,AGM/DIV - RS 4 PER SH    
BE,AJMERA,Ajmera Realty & Inf I Ltd,02/08/2024, , ,02/08/2024, , ,DIV - RS 4 PER SH        
BE,AJMERA,Ajmera Realty & Inf I Ltd,02/08/2024, , ,02/08/2024, , ,DEMERGER                 
BE,CAREERP,Career Point Limited, ,30/07/2024,05/08/2024,29/07/2024, , ,AGM/DIV - RE 1 PER SH    
BE,BOSCHLTD,Bosch Limited, ,20/07/2024,07/08/2024,19/07/2024, , ,AGM/DIV-RS 170 PER SH    
BE,BAYERCROP,Bayer Cropscience Ltd, ,02/08/2024,09/08/2024,01/08/2024, , ,AGM/DIV - RS 35 PER SH   
BE,NESCO,Nesco Limited, ,27/07/2024,02/08/2024,26/07/2024, , ,DIV - RS 6 PER SH        
BE,COROMANDEL,Coromandel Internl Ltd., ,27/07/2024,07/08/2024,26/07/2024, , ,ANNUAL GENERAL MEETING   
BE,UGARSUGAR,The Ugar Sugar Works Ltd, ,27/07/2024,13/08/2024,26/07/2024, , ,ANNUAL GENERAL MEETING   
BE,DEEPAKNTR,Deepak Nitrite Ltd, ,30/07/2024,06/08/2024,29/07/2024, , ,AGM/DIV - RS 7.50 PER SH 
BE,WABAG,VA Tech Wabag Ltd, ,07/08/2024,14/08/2024,06/08/2024, , ,ANNUAL GENERAL MEETING   
BE,KIRLOSENG,Kirloskar Oil Eng Ltd, ,02/08/2024,08/08/2024,01/08/2024, , ,AGM/DIV - RS 3.50 PER SH 
BE,JISLDVREQS,Jain DVR Equity Shares, ,05/08/2024,16/08/2024,02/08/2024, , ,ANNUAL GENERAL MEETING   
BE,ORIENTBELL,Orient Bell Limited, ,31/07/2024,06/08/2024,30/07/2024, , ,AGM/DIV-RE 0.50 PER SH   
BE,RUSHIL,Rushil Decor Limited,09/08/2024, , ,09/08/2024, , ,FVSPLT FRM RS 10 TO RE 1 
BE,KOKUYOCMLN,Kokuyo Camlin Limited, ,31/07/2024,06/08/2024,30/07/2024, , ,AGM/DIV-RE 0.50 PER SH   
BE,MPSLTD,MPS Limited, ,02/08/2024,08/08/2024,01/08/2024, , ,AGM/DIV - RS 45 PER SH   
BE,HEROMOTOCO,Hero MotoCorp Limited, ,02/08/2024,12/08/2024,01/08/2024, , ,AGM/DIV - RS 40 PER SH   
BE,NIBL,NRB Indus. Bearings Ltd., ,01/08/2024,07/08/2024,31/07/2024, , ,ANNUAL GENERAL MEETING   
BE,ORIENTCEM,Orient Cement Ltd., ,30/07/2024,05/08/2024,29/07/2024, , ,DIV - RS 1.50 PER SH     
BE,REPCOHOME,Repco Home Finance Ltd, ,27/07/2024,02/08/2024,26/07/2024, , ,AGM/DIV - RS 3 PER SH    
BE,LINDEINDIA,BOC India Limited, ,06/08/2024,12/08/2024,05/08/2024, , ,AGM/DIV/SPDV - RS 4 & 8  
BE,MINDTECK,Mindteck (India) Limited, ,03/08/2024,09/08/2024,02/08/2024, , ,AGM/DIV - RE 1 PER SH    
BE,SHARDACROP,Sharda Cropchem Limited, ,03/08/2024,03/08/2024,02/08/2024, , ,ANNUAL GENERAL MEETING   
BE,SHARDACROP,Sharda Cropchem Limited,02/08/2024, , ,02/08/2024, , ,DIV - RS 3 PER SH        
BE,DIVISLAB,Divi's Laboratories Limit,02/08/2024, , ,02/08/2024, , ,DIV - RS 30 PER SH       
BE,GODREJIND,Godrej Industries Ltd., ,06/08/2024,13/08/2024,05/08/2024, , ,ANNUAL GENERAL MEETING   
BE,MARUTI,Maruti Suzuki India Ltd, ,03/08/2024,27/08/2024,02/08/2024, , ,DIV - RS 125 PER SH      
BE,RADICO,Radico Khaitan Limited, ,26/07/2024,07/08/2024,25/07/2024, , ,AGM/DIV - RS 3 PER SH    
BE,AVANTIFEED,Avanti Feeds Limited, ,31/07/2024,06/08/2024,30/07/2024, , ,AGM/DIV-RS 6.75 PER SH   
BE,EXCEL,Excel Realty N Infra Ltd, ,03/08/2024,09/08/2024,02/08/2024, , ,ANNUAL GENERAL MEETING   
BE,GRPLTD,GRP Limited, ,28/07/2024,02/08/2024,26/07/2024, , ,AGM/DIV RS 37.5 PER SH   
BE,VEDL,Vedanta Limited,03/08/2024, , ,02/08/2024, , ,INTDIV - RS 4 PER SH     
BE,UMANGDAIRY,Umang Dairies Limited, ,31/07/2024,06/08/2024,30/07/2024, , ,ANNUAL GENERAL MEETING   
BE,NH,Narayana Hrudayalaya Ltd.,02/08/2024, , ,02/08/2024, , ,DIV - RS 4 PER SH        
BE,COSMOFIRST,Cosmo Films Ltd, ,27/07/2024,02/08/2024,26/07/2024, , ,AGM/DIV - RS 3 PER SH    
BE,ALBERTDAVD,Albert David Limited, ,03/08/2024,09/08/2024,02/08/2024, , ,ANNUAL GENERAL MEETING   
BE,ALBERTDAVD,Albert David Limited,02/08/2024, , ,02/08/2024, , ,DIV - RS 11.50 PER SH    
BE,BIGBLOC,Bigbloc Construction Ltd,02/08/2024, , ,02/08/2024, , ,DIV - RE 0.40 PER SH     
BE,BIGBLOC,Bigbloc Construction Ltd, ,23/08/2024,29/08/2024,22/08/2024, , ,ANNUAL GENERAL MEETING   
BE,BIRLACABLE,Birla Cable Limited, ,27/07/2024,02/08/2024,26/07/2024, , ,AGM/DIV-RS 1.75 PER SH   
BE,IEX,Indian Energy Exc Ltd, ,30/07/2024,06/08/2024,29/07/2024, , ,ANNUAL GENERAL MEETING   
BE,MATRIMONY,Matrimony.Com Limited,02/08/2024, , ,02/08/2024, , ,DIV - RS 5 PER SH        
BE,DOLLAR,Dollar Industries Limited, ,27/07/2024,02/08/2024,26/07/2024, , ,AGM/DIV - RS 3 PER SH    
BE,PALASHSECU,Palash Securities  Ltd, ,03/08/2024,09/08/2024,02/08/2024, , ,ANNUAL GENERAL MEETING   
BE,APCL,Anjani Portland Cem Ltd, ,03/08/2024,09/08/2024,02/08/2024, , ,ANNUAL GENERAL MEETING   
BE,CREDITACC,CreditAccess Grameen Ltd, ,27/07/2024,12/08/2024,26/07/2024, , ,AGM/DIV - RS 10 PER SH   
BE,GMMPFAUDLR,GMM Pfaudler Limited,02/08/2024, , ,02/08/2024, , ,AGM/DIV - RE 1 PER SH    
BE,AMBER,Amber Enterprises (I) Ltd, ,03/08/2024,09/08/2024,02/08/2024, , ,ANNUAL GENERAL MEETING   
BE,BAJAJCON,Bajaj Corp Limited, ,02/08/2024,09/08/2024,01/08/2024, , ,ANNUAL GENERAL MEETING   
BE,3PLAND,3P Land Holdings Limited, ,26/07/2024,03/08/2024,25/07/2024, , ,ANNUAL GENERAL MEETING   
BE,JTEKTINDIA,JTEKT India Ltd, ,27/07/2024,13/08/2024,26/07/2024, , ,DIV - RS 0.60 PER SH     
BE,HBSL,HB Stockholdings Limited, ,03/08/2024,09/08/2024,02/08/2024, , ,ANNUAL GENERAL MEETING   
BE,HBSL,HB Stockholdings Limited,02/08/2024, , ,02/08/2024, , ,DIV - RS 1.50 PER SH     
BE,SHAREINDIA,Share Ind. Securities Ltd,02/08/2024, , ,02/08/2024, , ,INTDIV - RS 0.40 PER SH  
BE,SHAREINDIA,Share Ind. Securities Ltd,02/08/2024, , ,02/08/2024, , ,DIV - RS 0.20 PER SH     
BE,ANDHRAPAP,ANDHRA PAPER LIMITED,05/08/2024, , ,05/08/2024, , ,AGM/DIV - RS 10 PER SH   
BE,COFORGE,Coforge Limited,02/08/2024, , ,02/08/2024, , ,INTDIV - RS 19 PER SH    
BE,ARVINDFASN,Arvind Fashions Limited,09/08/2024, , ,09/08/2024, , ,DIV - 1.25 RS PER SH     
BE,KAPSTON,Kapston Facilities Mgmt L,09/08/2024, , ,09/08/2024, , ,FVSPLT FRM RS 10 TO RS 5 
BE,BANKA,Banka BioLoo Limited, ,02/08/2024,08/08/2024,01/08/2024, , ,ANNUAL GENERAL MEETING   
BE,CHOLAHLDNG,Cholamandalam Fin Hol Ltd, ,03/08/2024,09/08/2024,02/08/2024, , ,AGM/DIV-RE 0.55 PER SH   
BE,IIFLSEC,IIFL Securities Limited, ,30/07/2024,05/08/2024,29/07/2024, , ,ANNUAL GENERAL MEETING   
BE,ASALCBR,Asso Alcohols & Brew Ltd, ,27/07/2024,02/08/2024,26/07/2024, , ,AGM/DIV - RS 2 PER SH    
BE,ANUP,The Anup Engineering Ltd, ,28/07/2024,03/08/2024,26/07/2024, , ,AGM/DIV-RS15/SPLDIV-RS5  
BE,GFSTEELS,Grand Foundry Ltd, ,03/08/2024,07/08/2024,02/08/2024, , ,ANNUAL GENERAL MEETING   
BE,INFOBEAN,InfoBeans Techno. Ltd., ,31/07/2024,07/08/2024,30/07/2024, , ,ANNUAL GENERAL MEETING   
BE,INDIGOPNTS,Indigo Paints Limited,02/08/2024, , ,02/08/2024, , ,DIV - RS 3.50 PER SH     
BE,INDIGOPNTS,Indigo Paints Limited, ,03/08/2024,10/08/2024,02/08/2024, , ,ANNUAL GENERAL MEETING   
BE,MAPMYINDIA,C.E. Info Systems Limited, ,03/08/2024,09/08/2024,02/08/2024, , ,ANNUAL GENERAL MEETING   
BE,MAPMYINDIA,C.E. Info Systems Limited,02/08/2024, , ,02/08/2024, , ,DIV - RS 3.50 PER SH     
BE,STEELCAS,Steelcast Limited, ,01/08/2024,08/08/2024,31/07/2024, , ,AGM/DIV-RS 3.15 PER SH   
BE,GOCOLORS,Go Fashion India Ltd, ,01/08/2024,07/08/2024,31/07/2024, , ,ANNUAL GENERAL MEETING   
BE,DCMSRIND,DCM Shriram Ind Ltd, ,27/07/2024,07/08/2024,26/07/2024, , ,ANNUAL GENERAL MEETING   
BE,INDUSTOWER,Indus Towers Limited,09/08/2024, , ,09/08/2024, , ,BUY BACK                 
BE,JUBLINGREA,Jubilant Ingrevia Limited,02/08/2024, , ,02/08/2024, , ,DIV - RS 2.50 PER SH     
BE,MONARCH,Monarch Networth Cap Ltd,02/08/2024, , ,02/08/2024, , ,DIV - RE 1 PER SH        
BE,UGROCAP,Ugro Capital Limited, ,02/08/2024,08/08/2024,01/08/2024, , ,ANNUAL GENERAL MEETING   
BE,JUBLPHARMA,Jubilant Pharmova Ltd,02/08/2024, , ,02/08/2024, , ,DIV - RS 5 PER SH        
BE,FAIRCHEMOR,Fairchem Organics Limited, ,30/07/2024,05/08/2024,29/07/2024, , ,DIV - RS 7.50 PER SH     
BE,BHAGCHEM,Bhagiradha Chem & Inds L, ,03/08/2024,09/08/2024,02/08/2024, , ,AGM/DIV-RE 0.10 PER SH   
BE,RAMAPHO,Rama Phosphates Limited, ,06/08/2024,13/08/2024,05/08/2024, , ,ANNUAL GENERAL MEETING   
BE,YASHO,Yasho Industries Limited, ,27/07/2024,02/08/2024,26/07/2024, , ,AGM/DIV-RE 0.50 PER SH   
BE,SAHYADRI,Sahyadri Industries Ltd, ,03/08/2024,09/08/2024,02/08/2024, , ,AGM/DIV - RE 1 PER SH    
BE,AARTECH,Aartech Solonics Limited,09/08/2024, , ,09/08/2024, , ,FVSPLT FRM RS 10 TO RS 5 
BE,JLHL,Jupiter Life Line Hosp L,02/08/2024, , ,02/08/2024, , ,DIV - RE 1 PER SH        
BE,SRGHFL,SRG Housing Finance L, ,29/07/2024,05/08/2024,26/07/2024, , ,ANNUAL GENERAL MEETING   
BE,CELLO,Cello World Limited, ,03/08/2024,10/08/2024,02/08/2024, , ,AGM/DIV-RS 1.50 PER SH   
BE,NAVA,Nava Bharat Ventures Ltd., ,02/08/2024,08/08/2024,01/08/2024, , ,ANNUAL GENERAL MEETING   
BE,OSWALGREEN,OSWAL CHEM. & FERT. LTD., ,02/08/2024,08/08/2024,01/08/2024, , ,ANNUAL GENERAL MEETING   
BE,WELSPUNLIV,Equity shares,05/08/2024, , ,05/08/2024, , ,BUY BACK                 
BE,FILATFASH,Filatex Fashions Limited,09/08/2024, , ,09/08/2024, , ,FV SPLT FRM RS 5 TO RE 1 
BZ,JYOTISTRUC,Jyoti Structures Ltd, ,27/07/2024,03/08/2024,26/07/2024, , ,ANNUAL GENERAL MEETING   
EQ,COFORGE,Coforge Limited,02/08/2024, , ,02/08/2024, , ,INTDIV - RS 19 PER SH    
EQ,ARVINDFASN,Arvind Fashions Limited,09/08/2024, , ,09/08/2024, , ,DIV - 1.25 RS PER SH     
EQ,KAPSTON,Kapston Facilities Mgmt L,09/08/2024, , ,09/08/2024, , ,FVSPLT FRM RS 10 TO RS 5 
EQ,BAJAJCON,Bajaj Corp Limited, ,02/08/2024,09/08/2024,01/08/2024, , ,ANNUAL GENERAL MEETING   
EQ,BANKA,Banka BioLoo Limited, ,02/08/2024,08/08/2024,01/08/2024, , ,ANNUAL GENERAL MEETING   
EQ,CHOLAHLDNG,Cholamandalam Fin Hol Ltd, ,03/08/2024,09/08/2024,02/08/2024, , ,AGM/DIV-RE 0.55 PER SH   
EQ,IIFLSEC,IIFL Securities Limited, ,30/07/2024,05/08/2024,29/07/2024, , ,ANNUAL GENERAL MEETING   
EQ,ASALCBR,Asso Alcohols & Brew Ltd, ,27/07/2024,02/08/2024,26/07/2024, , ,AGM/DIV - RS 2 PER SH    
EQ,ANUP,The Anup Engineering Ltd, ,28/07/2024,03/08/2024,26/07/2024, , ,AGM/DIV-RS15/SPLDIV-RS5  
EQ,GFSTEELS,Grand Foundry Ltd, ,03/08/2024,07/08/2024,02/08/2024, , ,ANNUAL GENERAL MEETING   
EQ,INFOBEAN,InfoBeans Techno. Ltd., ,31/07/2024,07/08/2024,30/07/2024, , ,ANNUAL GENERAL MEETING   
EQ,INDIGOPNTS,Indigo Paints Limited,02/08/2024, , ,02/08/2024, , ,DIV - RS 3.50 PER SH     
EQ,INDIGOPNTS,Indigo Paints Limited, ,03/08/2024,10/08/2024,02/08/2024, , ,ANNUAL GENERAL MEETING   
EQ,MAPMYINDIA,C.E. Info Systems Limited, ,03/08/2024,09/08/2024,02/08/2024, , ,ANNUAL GENERAL MEETING   
EQ,MAPMYINDIA,C.E. Info Systems Limited,02/08/2024, , ,02/08/2024, , ,DIV - RS 3.50 PER SH     
EQ,STEELCAS,Steelcast Limited, ,01/08/2024,08/08/2024,31/07/2024, , ,AGM/DIV-RS 3.15 PER SH   
EQ,GOCOLORS,Go Fashion India Ltd, ,01/08/2024,07/08/2024,31/07/2024, , ,ANNUAL GENERAL MEETING   
EQ,DCMSRIND,DCM Shriram Ind Ltd, ,27/07/2024,07/08/2024,26/07/2024, , ,ANNUAL GENERAL MEETING   
EQ,INDUSTOWER,Indus Towers Limited,09/08/2024, , ,09/08/2024, , ,BUY BACK                 
EQ,JUBLINGREA,Jubilant Ingrevia Limited,02/08/2024, , ,02/08/2024, , ,DIV - RS 2.50 PER SH     
EQ,MONARCH,Monarch Networth Cap Ltd,02/08/2024, , ,02/08/2024, , ,DIV - RE 1 PER SH        
EQ,UGROCAP,Ugro Capital Limited, ,02/08/2024,08/08/2024,01/08/2024, , ,ANNUAL GENERAL MEETING   
EQ,JUBLPHARMA,Jubilant Pharmova Ltd,02/08/2024, , ,02/08/2024, , ,DIV - RS 5 PER SH        
EQ,FAIRCHEMOR,Fairchem Organics Limited, ,30/07/2024,05/08/2024,29/07/2024, , ,DIV - RS 7.50 PER SH     
EQ,BHAGCHEM,Bhagiradha Chem & Inds L, ,03/08/2024,09/08/2024,02/08/2024, , ,AGM/DIV-RE 0.10 PER SH   
EQ,RAMAPHO,Rama Phosphates Limited, ,06/08/2024,13/08/2024,05/08/2024, , ,ANNUAL GENERAL MEETING   
EQ,AARTECH,Aartech Solonics Limited,09/08/2024, , ,09/08/2024, , ,FVSPLT FRM RS 10 TO RS 5 
EQ,YASHO,Yasho Industries Limited, ,27/07/2024,02/08/2024,26/07/2024, , ,AGM/DIV-RE 0.50 PER SH   
EQ,SAHYADRI,Sahyadri Industries Ltd, ,03/08/2024,09/08/2024,02/08/2024, , ,AGM/DIV - RE 1 PER SH    
EQ,JLHL,Jupiter Life Line Hosp L,02/08/2024, , ,02/08/2024, , ,DIV - RE 1 PER SH        
EQ,SRGHFL,SRG Housing Finance L, ,29/07/2024,05/08/2024,26/07/2024, , ,ANNUAL GENERAL MEETING   
EQ,CELLO,Cello World Limited, ,03/08/2024,10/08/2024,02/08/2024, , ,AGM/DIV-RS 1.50 PER SH   
EQ,NAVA,Nava Bharat Ventures Ltd., ,02/08/2024,08/08/2024,01/08/2024, , ,ANNUAL GENERAL MEETING   
EQ,COSMOFIRST,Cosmo Films Ltd, ,27/07/2024,02/08/2024,26/07/2024, , ,AGM/DIV - RS 3 PER SH    
EQ,OSWALGREEN,Oswal Chem & Fert Ltd., ,02/08/2024,08/08/2024,01/08/2024, , ,ANNUAL GENERAL MEETING   
EQ,WELSPUNLIV,Welspun India Limited,05/08/2024, , ,05/08/2024, , ,BUY BACK                 
EQ,FILATFASH,Filatex Fashions Limited,09/08/2024, , ,09/08/2024, , ,FV SPLT FRM RS 5 TO RE 1 
EQ,BANSWRAS,Banswara Syntex Limited, ,31/07/2024,06/08/2024,30/07/2024, , ,AGM/DIV - RE 1 PER SH    
EQ,ASIANTILES,Asian Granito India Limit, ,31/07/2024,06/08/2024,30/07/2024, , ,ANNUAL GENERAL MEETING   
EQ,ISMTLTD,ISMT Limited,06/08/2024, , ,06/08/2024, , ,MERGER                   
EQ,AVTNPL,AVT Natural Products Limi, ,03/08/2024,09/08/2024,02/08/2024, , ,AGM/DIV-RE 0.50 PER SH   
EQ,SARLAPOLY,Sarla Performance Fibers, ,02/08/2024,08/08/2024,01/08/2024, , ,ANNUAL GENERAL MEETING   
EQ,HOVS,HOV Services Limited, ,01/08/2024,03/08/2024,31/07/2024, , ,ANNUAL GENERAL MEETING   
EQ,GANDHITUBE,Gandhi Special Tubes Limi,05/08/2024, , ,05/08/2024, , ,DIV - RS 13 PER SH       
EQ,KMSUGAR,K.M.Sugar Mills Limited, ,28/07/2024,03/08/2024,26/07/2024, , ,ANNUAL GENERAL MEETING   
EQ,BAJAJELEC,Bajaj Electricals Limited, ,20/07/2024,06/08/2024,19/07/2024, , ,AGM/DIV - RS 3 PER SH    
EQ,SUBEXLTD,Subex Ltd, ,30/07/2024,05/08/2024,29/07/2024, , ,ANNUAL GENERAL MEETING   
EQ,MANINFRA,Man Infra Ltd, ,31/07/2024,06/08/2024,30/07/2024, , ,ANNUAL GENERAL MEETING   
EQ,VINYLINDIA,Vinyl Chemicals (India) L, ,25/07/2024,08/08/2024,24/07/2024, , ,AGM/DIV-RS 6.75 PER SH   
EQ,BIRLACORPN,Birla Jute & Industries, ,30/07/2024,05/08/2024,29/07/2024, , ,AGM/DIV - RS 10 PER SH   
EQ,HERCULES,Hercules Hoists Limited, ,06/08/2024,12/08/2024,05/08/2024, , ,AGM/DIV - RS 4 PER SH    
EQ,AJMERA,Ajmera Realty & Inf I Ltd,02/08/2024, , ,02/08/2024, , ,DIV - RS 4 PER SH        
EQ,AJMERA,Ajmera Realty & Inf I Ltd,02/08/2024, , ,02/08/2024, , ,DEMERGER                 
EQ,CAREERP,Career Point Limited, ,30/07/2024,05/08/2024,29/07/2024, , ,AGM/DIV - RE 1 PER SH    
EQ,BAYERCROP,Bayer Cropscience Ltd, ,02/08/2024,09/08/2024,01/08/2024, , ,AGM/DIV - RS 35 PER SH   
EQ,BOSCHLTD,Bosch Limited, ,20/07/2024,07/08/2024,19/07/2024, , ,AGM/DIV-RS 170 PER SH    
EQ,MPSLTD,MPS Limited, ,02/08/2024,08/08/2024,01/08/2024, , ,AGM/DIV - RS 45 PER SH   
EQ,NESCO,Nesco Limited, ,27/07/2024,02/08/2024,26/07/2024, , ,DIV - RS 6 PER SH        
EQ,COROMANDEL,Coromandel Internl Ltd., ,27/07/2024,07/08/2024,26/07/2024, , ,ANNUAL GENERAL MEETING   
EQ,UGARSUGAR,The Ugar Sugar Works Ltd, ,27/07/2024,13/08/2024,26/07/2024, , ,ANNUAL GENERAL MEETING   
EQ,DEEPAKNTR,Deepak Nitrite Ltd, ,30/07/2024,06/08/2024,29/07/2024, , ,AGM/DIV - RS 7.50 PER SH 
EQ,WABAG,VA Tech Wabag Ltd, ,07/08/2024,14/08/2024,06/08/2024, , ,ANNUAL GENERAL MEETING   
EQ,KIRLOSENG,Kirloskar Oil Eng Ltd, ,02/08/2024,08/08/2024,01/08/2024, , ,AGM/DIV - RS 3.50 PER SH 
EQ,JISLDVREQS,Jain DVR Equity Shares, ,05/08/2024,16/08/2024,02/08/2024, , ,ANNUAL GENERAL MEETING   
EQ,ORIENTBELL,Orient Bell Limited, ,31/07/2024,06/08/2024,30/07/2024, , ,AGM/DIV-RE 0.50 PER SH   
EQ,RUSHIL,Rushil Decor Limited,09/08/2024, , ,09/08/2024, , ,FVSPLT FRM RS 10 TO RE 1 
EQ,KOKUYOCMLN,Kokuyo Camlin Limited, ,31/07/2024,06/08/2024,30/07/2024, , ,AGM/DIV-RE 0.50 PER SH   
EQ,HEROMOTOCO,Hero MotoCorp Limited, ,02/08/2024,12/08/2024,01/08/2024, , ,AGM/DIV - RS 40 PER SH   
EQ,NIBL,NRB Indus. Bearings Ltd., ,01/08/2024,07/08/2024,31/07/2024, , ,ANNUAL GENERAL MEETING   
EQ,ORIENTCEM,Orient Cement Ltd., ,30/07/2024,05/08/2024,29/07/2024, , ,DIV - RS 1.50 PER SH     
EQ,REPCOHOME,Repco Home Finance Ltd, ,27/07/2024,02/08/2024,26/07/2024, , ,AGM/DIV - RS 3 PER SH    
EQ,LINDEINDIA,BOC India Limited, ,06/08/2024,12/08/2024,05/08/2024, , ,AGM/DIV/SPDV - RS 4 & 8  
EQ,MINDTECK,Mindteck (India) Limited, ,03/08/2024,09/08/2024,02/08/2024, , ,AGM/DIV - RE 1 PER SH    
EQ,SHARDACROP,Sharda Cropchem Limited, ,03/08/2024,03/08/2024,02/08/2024, , ,ANNUAL GENERAL MEETING   
EQ,SHARDACROP,Sharda Cropchem Limited,02/08/2024, , ,02/08/2024, , ,DIV - RS 3 PER SH        
EQ,AVANTIFEED,Avanti Feeds Limited, ,31/07/2024,06/08/2024,30/07/2024, , ,AGM/DIV-RS 6.75 PER SH   
EQ,EXCEL,Excel Realty N Infra Ltd, ,03/08/2024,09/08/2024,02/08/2024, , ,ANNUAL GENERAL MEETING   
EQ,GRPLTD,GRP Limited, ,28/07/2024,02/08/2024,26/07/2024, , ,AGM/DIV RS 37.5 PER SH   
EQ,VEDL,Vedanta Limited,03/08/2024, , ,02/08/2024, , ,INTDIV - RS 4 PER SH     
EQ,UMANGDAIRY,Umang Dairies Limited, ,31/07/2024,06/08/2024,30/07/2024, , ,ANNUAL GENERAL MEETING   
EQ,NH,Narayana Hrudayalaya Ltd.,02/08/2024, , ,02/08/2024, , ,DIV - RS 4 PER SH        
EQ,ALBERTDAVD,Albert David Limited, ,03/08/2024,09/08/2024,02/08/2024, , ,ANNUAL GENERAL MEETING   
EQ,ALBERTDAVD,Albert David Limited,02/08/2024, , ,02/08/2024, , ,DIV - RS 11.50 PER SH    
EQ,BIGBLOC,Bigbloc Construction Ltd,02/08/2024, , ,02/08/2024, , ,DIV - RE 0.40 PER SH     
EQ,BIGBLOC,Bigbloc Construction Ltd, ,23/08/2024,29/08/2024,22/08/2024, , ,ANNUAL GENERAL MEETING   
EQ,BIRLACABLE,Birla Cable Limited, ,27/07/2024,02/08/2024,26/07/2024, , ,AGM/DIV-RS 1.75 PER SH   
EQ,IEX,Indian Energy Exc Ltd, ,30/07/2024,06/08/2024,29/07/2024, , ,ANNUAL GENERAL MEETING   
EQ,MATRIMONY,Matrimony.Com Limited,02/08/2024, , ,02/08/2024, , ,DIV - RS 5 PER SH        
EQ,DOLLAR,Dollar Industries Limited, ,27/07/2024,02/08/2024,26/07/2024, , ,AGM/DIV - RS 3 PER SH    
EQ,PALASHSECU,Palash Securities  Ltd, ,03/08/2024,09/08/2024,02/08/2024, , ,ANNUAL GENERAL MEETING   
EQ,APCL,Anjani Portland Cem Ltd, ,03/08/2024,09/08/2024,02/08/2024, , ,ANNUAL GENERAL MEETING   
EQ,CREDITACC,CreditAccess Grameen Ltd, ,27/07/2024,12/08/2024,26/07/2024, , ,AGM/DIV - RS 10 PER SH   
EQ,GMMPFAUDLR,GMM Pfaudler Limited,02/08/2024, , ,02/08/2024, , ,AGM/DIV - RE 1 PER SH    
EQ,AMBER,Amber Enterprises (I) Ltd, ,03/08/2024,09/08/2024,02/08/2024, , ,ANNUAL GENERAL MEETING   
EQ,3PLAND,3P Land Holdings Limited, ,26/07/2024,03/08/2024,25/07/2024, , ,ANNUAL GENERAL MEETING   
EQ,JTEKTINDIA,JTEKT India Ltd, ,27/07/2024,13/08/2024,26/07/2024, , ,DIV - RS 0.60 PER SH     
EQ,HBSL,HB Stockholdings Limited, ,03/08/2024,09/08/2024,02/08/2024, , ,ANNUAL GENERAL MEETING   
EQ,HBSL,HB Stockholdings Limited,02/08/2024, , ,02/08/2024, , ,DIV - RS 1.50 PER SH     
EQ,SHAREINDIA,Share Ind. Securities Ltd,02/08/2024, , ,02/08/2024, , ,INTDIV - RS 0.40 PER SH  
EQ,SHAREINDIA,Share Ind. Securities Ltd,02/08/2024, , ,02/08/2024, , ,DIV - RS 0.20 PER SH     
EQ,ANDHRAPAP,ANDHRA PAPER LIMITED,05/08/2024, , ,05/08/2024, , ,AGM/DIV - RS 10 PER SH   
EQ,BRITANNIA,Britannia Ind Ltd., ,06/08/2024,12/08/2024,05/08/2024, , ,AGM/DIV-RS 73.5 PER SH   
EQ,HEG,HEG Ltd, ,01/08/2024,07/08/2024,31/07/2024, , ,AGM/DIV-RS 22.50 PER SH  
EQ,CIPLA,Cipla Ltd,02/08/2024, , ,02/08/2024, , ,DIV - RS 13 PER SH       
EQ,21STCENMGM,21st Century Mgmt Ser Ltd, ,02/08/2024,08/08/2024,01/08/2024, , ,ANNUAL GENERAL MEETING   
EQ,WSTCSTPAPR,West Coast Paper Mills, ,07/08/2024,14/08/2024,06/08/2024, , ,AGM/DIV - RS 8 PER SH    
EQ,MUNJALSHOW,Munjal Showa Ltd, ,03/08/2024,21/08/2024,02/08/2024, , ,AGM/DIV-RS 4.50 PER SH   
EQ,UNIVCABLES,Universal Cables Ltd, ,27/07/2024,02/08/2024,26/07/2024, , ,AGM/DIV - RS 3 PER SH    
EQ,BSL,BSL Ltd, ,31/07/2024,06/08/2024,30/07/2024, , ,AGM/DIV - RE 1 PER SH    
EQ,JYOTISTRUC,Jyoti Structures Ltd, ,27/07/2024,03/08/2024,26/07/2024, , ,ANNUAL GENERAL MEETING   
EQ,BERGEPAINT,Berger Paints (I) Ltd, ,06/08/2024,12/08/2024,05/08/2024, , ,AGM/DIV-RS 3.50 PER SH   
EQ,OSWALAGRO,Oswal Agro Mills Ltd, ,02/08/2024,08/08/2024,01/08/2024, , ,ANNUAL GENERAL MEETING   
EQ,IVP,IVP Ltd., ,02/08/2024,08/08/2024,01/08/2024, , ,AGM/DIV - RE 1 PER SH    
EQ,LYKALABS,Lyka Labs Ltd, ,02/08/2024,09/08/2024,01/08/2024, , ,ANNUAL GENERAL MEETING   
EQ,PIDILITIND,Pidilite Industries Ltd, ,25/07/2024,07/08/2024,24/07/2024, , ,ANNUAL GENERAL MEETING   
EQ,SHREYANIND,Shreyans Industries Ltd, ,30/07/2024,05/08/2024,29/07/2024, , ,ANNUAL GENERAL MEETING   
EQ,KARURVYSYA,Karur Vysya Bank Ltd, ,02/08/2024,14/08/2024,01/08/2024, , ,DIV - RS 2.40 PER SH     
EQ,VINDHYATEL,Vindhya Telelinks Ltd., ,27/07/2024,02/08/2024,26/07/2024, , ,AGM/DIV - RS 15 PER SH   
EQ,ESABINDIA,Esab India Ltd., ,02/08/2024,08/08/2024,01/08/2024, , ,AGM/DIV - RS 30 PER SH   
EQ,JAYSREETEA,Jayashree Tea Ltd., ,03/08/2024,09/08/2024,02/08/2024, , ,ANNUAL GENERAL MEETING   
EQ,BATAINDIA,Bata India Ltd., ,01/08/2024,07/08/2024,31/07/2024, , ,AGM/DIV - RS 12 PER SH   
EQ,NOCIL,NOCIL Limited, ,27/07/2024,08/08/2024,26/07/2024, , ,AGM/DIV - RS 3 PER SH    
EQ,SUNDARMFIN,Sundaram Finance Ltd., ,01/08/2024,14/08/2024,31/07/2024, , ,AGM/DIV - RS 16 PER SH   
EQ,NORBTEAEXP,Norben Tea & Exp Ltd., ,03/08/2024,09/08/2024,02/08/2024, , ,ANNUAL GENERAL MEETING   
EQ,BASF,BASF Ltd., ,27/07/2024,02/08/2024,26/07/2024, , ,AGM/DIV - RS 15 PER SH   
EQ,AUTOAXLES,Automotive Axles Limited, ,30/07/2024,05/08/2024,29/07/2024, , ,AGM/DIV - RS 32 PER SH   
EQ,PUNJABCHEM,Punj Chem & Crop Prot Ltd, ,26/07/2024,02/08/2024,25/07/2024, , ,AGM/DIV - RS 3 PER SH    
EQ,ORIENTPPR,Orient Paper & Ind Ltd, ,27/07/2024,02/08/2024,26/07/2024, , ,AGM/DIV-RS 0.25 PER SH   
EQ,DYNAMATECH,Dynamatic Tech. Ltd.,02/08/2024, , ,02/08/2024, , ,DIV - RS 5 PER SH        
EQ,ALEMBICLTD,Alembic Limited,05/08/2024, , ,05/08/2024, , ,DIV - 2.4 RS PER SH      
EQ,SONATSOFTW,Sonata Software Ltd, ,27/07/2024,05/08/2024,26/07/2024, , ,AGM/DIV-RS 4.40 PER SH   
EQ,AKSHOPTFBR,Aksh Optifibre Limited, ,31/07/2024,06/08/2024,30/07/2024, , ,ANNUAL GENERAL MEETING   
EQ,BLUESTARCO,Blue Star Ltd., ,20/07/2024,06/08/2024,19/07/2024, , ,DIV - RS 7 PER SH        
EQ,MARALOVER,Maral Overseas Ltd, ,21/08/2024,27/08/2024,20/08/2024, , ,ANNUAL GENERAL MEETING   
EQ,CHAMBLFERT,Chambal Fertilizers Ltd., ,06/08/2024,07/08/2024,05/08/2024, , ,DIV - RS 3 PER SH        
EQ,SUPERSPIN,Super Spinning Mills Ltd, ,04/08/2024,10/08/2024,02/08/2024, , ,ANNUAL GENERAL MEETING   
EQ,MRO-TEK,MRO-TEK Realty Ltd, ,03/08/2024,09/08/2024,02/08/2024, , ,ANNUAL GENERAL MEETING   
EQ,GREENPLY,Greenply Industries Ltd,05/08/2024, , ,05/08/2024, , ,AGM/DIV-RE 0.50 PER SH   
EQ,JISLJALEQS,Jain Irrigation Systems L, ,05/08/2024,16/08/2024,02/08/2024, , ,ANNUAL GENERAL MEETING   
EQ,MUKANDLTD,Mukand Limited, ,27/07/2024,05/08/2024,26/07/2024, , ,AGM/DIV - RS 2 PER SH    
EQ,GODREJIND,Godrej Industries Ltd., ,06/08/2024,13/08/2024,05/08/2024, , ,ANNUAL GENERAL MEETING   
EQ,DIVISLAB,Divi's Laboratories Limit,02/08/2024, , ,02/08/2024, , ,DIV - RS 30 PER SH       
EQ,RADICO,Radico Khaitan Limited, ,26/07/2024,07/08/2024,25/07/2024, , ,AGM/DIV - RS 3 PER SH    
EQ,MARUTI,Maruti Suzuki India Ltd, ,03/08/2024,27/08/2024,02/08/2024, , ,DIV - RS 125 PER SH      
EQ,CENTEXT,Century Extrusions Limite, ,03/08/2024,09/08/2024,02/08/2024, , ,ANNUAL GENERAL MEETING   
EQ,ULTRACEMCO,UltraTech Cement Limited, ,31/07/2024,14/08/2024,30/07/2024, , ,AGM/DIV - RS 70 PER SH   
EQ,GREAVESCOT,Greaves Limited, ,02/08/2024,08/08/2024,01/08/2024, , ,DIV - RS 2 PER SH        
EQ,SUVEN,Suven Life Sciences Ltd, ,31/07/2024,02/08/2024,30/07/2024, , ,ANNUAL GENERAL MEETING   
EQ,TVSELECT,TVS Electronics Limited,03/08/2024, , ,02/08/2024, , ,DIV - RE 1 PER SH        
EQ,REPRO,Repro India Limited, ,03/08/2024,09/08/2024,02/08/2024, , ,ANNUAL GENERAL MEETING   
EQ,HONAUT,Honeywell Auto India Ltd., ,25/07/2024,05/08/2024,24/07/2024, , ,AGM/DIV - RS 100 PER SH  
EQ,SAKSOFT,Saksoft Limited, ,01/08/2024,07/08/2024,31/07/2024, , ,AGM/DIV - RE 0.40 PER SH 
EQ,ALLSEC,Allsec Technologies Limit, ,27/07/2024,02/08/2024,26/07/2024, , ,ANNUAL GENERAL MEETING   
EQ,IGARASHI,Igarashi Motors India Lim, ,01/08/2024,09/08/2024,31/07/2024, , ,ANNUAL GENERAL MEETING   
EQ,EVEREADY,Eveready Industries India, ,29/07/2024,03/08/2024,26/07/2024, , ,ANNUAL GENERAL MEETING   
EQ,EVERESTIND,Everest Industries Limite,02/08/2024, , ,02/08/2024, , ,DIV - RS 2.50 PER SH     
EQ,GRANULES,Granules India Limited, ,31/07/2024,06/08/2024,30/07/2024, , ,AGM/DIV-RS 1.50 PER SH   
EQ,EMKAY,Emkay Global Fin Serv Ltd, ,02/08/2024,08/08/2024,01/08/2024, , ,AGM/DIV-RS 1.50 PER SH   
EQ,PIONEEREMB,Pioneer Embroideries Limi, ,31/07/2024,06/08/2024,30/07/2024, , ,ANNUAL GENERAL MEETING   
EQ,BGRENERGY,BGR Energy Systems Ltd, ,03/08/2024,09/08/2024,02/08/2024, , ,ANNUAL GENERAL MEETING   
EQ,JKTYRE,JK Tyre & Industries Ltd, ,27/07/2024,02/08/2024,26/07/2024, , ,AGM/DIV-RS 3.50 PER SH   
EQ,ADSL,Allied Digital Services L,02/08/2024, , ,02/08/2024, , ,DIV - RS 1.50 PER SH     
EQ,ADSL,Allied Digital Services L, ,03/08/2024,08/08/2024,02/08/2024, , ,ANNUAL GENERAL MEETING   
EQ,SOMANYCERA,Somany Ceramics Limited,05/08/2024, , ,05/08/2024, , ,DIV - RS 3 PER SH        
EQ,SOMANYCERA,Somany Ceramics Limited, ,06/08/2024,12/08/2024,05/08/2024, , ,ANNUAL GENERAL MEETING   
GB,SGBAUG24,2.75% GOLDBONDS2024Tr-IV,02/08/2024, , , , , ,REDEMPTION               
GS,GS220824C,GOI STRIPS C 220824,20/08/2024, , , , , ,REDEMPTION               
GS,GS100824C,GOI STRIPS C 100824,07/08/2024, , , , , ,REDEMPTION               
MF,UFIS2QPRP5,UTI-FIIF II-QIP- V-RDP,05/08/2024, , , , , ,DIV/STP                  
MF,UFIS2QPRR5,UTI-FIIF II-QIP- V-RDR,05/08/2024, , , , , ,DIV/STP                  
MF,UFDS2QPIG5,UTIAMC - UFDS2QPIG5,05/08/2024, , , , , ,STP                      
MF,UFDS2QPIP5,UTIAMC - UFDS2QPIP5,05/08/2024, , , , , ,DIV/STP                  
MF,UFIS2QPRG5,UTI-FIIF II-QIP- V-RG,05/08/2024, , , , , ,STP                      
N2,IMC1,Sec Re NCGB 8.25% STRPP C,05/08/2024, , ,05/08/2024, , ,INTEREST PAYMENT         
N3,IMC1,Indore Municipal Corporat,05/08/2024, , ,05/08/2024, , ,INTEREST PAYMENT         
N5,NAVIFIN,Sec Re NCD 10.25% Sr.II,03/08/2024, , ,02/08/2024, , ,INTEREST PAYMENT         
N6,IIFL,IIFL Finance Limited,22/08/2024, , ,22/08/2024, , ,INTEREST PAYMENT         
N7,NAVIFIN,Sec Re NCD 10.50% Sr.IV,03/08/2024, , ,02/08/2024, , ,INTEREST PAYMENT         
RR,EMBASSY,Embassy Office Parks REIT,02/08/2024, , ,02/08/2024, , ,DIV/DISTRIBU RS 5.60     
RR,MINDSPACE,Mindspace Business P REIT,02/08/2024, , ,02/08/2024, , ,DIV//DISTRIBU-RS 5.04    
RT,EMBASSY,Embassy Office Parks REIT,02/08/2024, , ,02/08/2024, , ,DIV/DISTRIBU RS 5.60     
RT,MINDSPACE,Mindspace Business P REIT,02/08/2024, , ,02/08/2024, , ,DIV//DISTRIBU-RS 5.04    
SG,541AP24,SDL AP 5.41% 2024,08/08/2024, , , , , ,REDEMPTION               
SG,539RJ24,SDL RJ 5.39% 2024,08/08/2024, , , , , ,REDEMPTION               
SG,540CG24,SDL CG 5.40% 2024,08/08/2024, , , , , ,REDEMPTION               
SM,KRISHNADEF,Krishna Def and Ald Ind L, ,05/08/2024,13/08/2024,02/08/2024, , ,ANNUAL GENERAL MEETING   
SM,EFACTOR,E Factor Experiences Ltd, ,27/07/2024,02/08/2024,26/07/2024, , ,AGM/DIV - RE 1 PER SH    
SM,HRHNEXT,HRH Next Services Limited, ,03/08/2024,09/08/2024,02/08/2024, , ,ANNUAL GENERAL MEETING   
SM,FROG,Frog Cellsat Limited, ,06/08/2024,12/08/2024,05/08/2024, , ,ANNUAL GENERAL MEETING   
SM,MWL,Mangalam Worldwide Ltd,02/08/2024, , ,02/08/2024, , ,DIV - RE 1 PER SH        
SM,CELLECOR,Cellecor Gadgets Limited,09/08/2024, , ,09/08/2024, , ,FVSPLT FRM RS 10 TO RE 1 
SQ,FROG,Frog Cellsat Limited, ,06/08/2024,12/08/2024,05/08/2024, , ,ANNUAL GENERAL MEETING   
SQ,KRISHNADEF,Krishna Def and Ald Ind L, ,05/08/2024,13/08/2024,02/08/2024, , ,ANNUAL GENERAL MEETING   
SQ,MWL,Mangalam Worldwide Ltd,02/08/2024, , ,02/08/2024, , ,DIV - RE 1 PER SH        
SQ,HRHNEXT,HRH Next Services Limited, ,03/08/2024,09/08/2024,02/08/2024, , ,ANNUAL GENERAL MEETING   
SQ,EFACTOR,E Factor Experiences Ltd, ,27/07/2024,02/08/2024,26/07/2024, , ,AGM/DIV - RE 1 PER SH    
SQ,CELLECOR,Cellecor Gadgets Limited,09/08/2024, , ,09/08/2024, , ,FVSPLT FRM RS 10 TO RE 1 
ST,FROG,Frog Cellsat Limited, ,06/08/2024,12/08/2024,05/08/2024, , ,ANNUAL GENERAL MEETING   
ST,KRISHNADEF,Krishna Def and Ald Ind L, ,05/08/2024,13/08/2024,02/08/2024, , ,ANNUAL GENERAL MEETING   
ST,CELLECOR,Cellecor Gadgets Limited,09/08/2024, , ,09/08/2024, , ,FVSPLT FRM RS 10 TO RE 1 
ST,EFACTOR,E Factor Experiences Ltd, ,27/07/2024,02/08/2024,26/07/2024, , ,AGM/DIV - RE 1 PER SH    
ST,HRHNEXT,HRH Next Services Limited, ,03/08/2024,09/08/2024,02/08/2024, , ,ANNUAL GENERAL MEETING   
ST,MWL,Mangalam Worldwide Ltd,02/08/2024, , ,02/08/2024, , ,DIV - RE 1 PER SH        
U2,IMC1,Sec Re NCGB 8.25% STRPP C,05/08/2024, , ,05/08/2024, , ,INTEREST PAYMENT         
U3,IMC1,Indore Municipal Corporat,05/08/2024, , ,05/08/2024, , ,INTEREST PAYMENT         
U5,NAVIFIN,Sec Re NCD 10.25% Sr.II,03/08/2024, , ,02/08/2024, , ,INTEREST PAYMENT         
U6,IIFL,IIFL Finance Limited,22/08/2024, , ,22/08/2024, , ,INTEREST PAYMENT         
U7,NAVIFIN,Sec Re NCD 10.50% Sr.IV,03/08/2024, , ,02/08/2024, , ,INTEREST PAYMENT         

