SECURITY,NEW,PREVIOUS,NEW_STATUS
SIL INVESTMENTS LIMITED,635.05,629.95,H
GILLETTE INDIA LTD,8195,8140,H
ORIENT CEMENT LTD.,369.6,363.5,H
MAYUR UNIQUOTERS LTD,700,695.85,H
ZOTA HEALTH CARE LIMITED,715,645,H
PONDY OXIDES & CHEM LTD,1524.2,1494.7,H
V2 RETAIL LIMITED,1018,979.4,H
PCBL LIMITED,380,359.8,H
BLUE JET HEALTHCARE LTD,518,515,H
21ST CENTURY MGMT SERVICE,86.3,84.61,H
SHAH METACORP LIMITED,6.1,5.56,H
ICICIPRAMC - ICICICONSU,121.41,121.25,H
SEC RE NCD 9.80% SR.V,930,925,H
NEULAND LAB LTD.,11257,9700,H
IFB INDUSTRIES LTD,2020,1950.6,H
AKZO NOBEL INDIA LIMITED,3199,3131,H
WELSPUN ENTERPRISES LTD.,577,576.4,H
DHANUKA AGRITECH LTD,1828,1823.95,H
HUBTOWN LIMITED,272.61,259.63,H
WEALTH FRST PORT. MG. LTD,1422.1,1218,H
SANDHAR TECHNOLOGIES LTD,678,662.6,H
KAPSTON SERVICES LIMITED,460.7,438.8,H
HDFCAMC - HDFCSML250,184.35,183,H
HIMADRI SPECIALITY CHEM L,469.9,450.65,H
EDELAMC - EBBETF0431,1281.4,1263,H
MIRAEAMC - MAM150ETF,22.6,22.55,H
MOTILALAMC - MOHEALTH,42.07,41.97,H
MOTILALAMC - MOVALUE,113.61,112.9,H
LT FOODS LIMITED,315.6,312.5,H
PLATINUM INDUSTRIES LTD,336,289.35,H
POWER INSTRUMENT (G) LTD,117.17,114.88,H
8.92% SEC RED BOND S3B,1399,1300,H
V.L.INFRAPROJECTS LIMITED,96.85,92.25,H
ARROW GREENTECH LIMITED,795,793,H
CAPLIN POINT LAB LTD.,1655,1645.95,H
MINDA CORPORATION LTD,526.7,522,H
AXISAMC - AXISHCETF,141.9,140.36,H
TCPL PACKAGING LIMITED,3240,3200,H
SJS ENTERPRISES LIMITED,1020,886.15,H
MONARCH NETWORTH CAP LTD,738,735,H
NIP IND ETF DIV OPP,89.85,89.5,H
J.G.CHEMICALS LIMITED,309,304.15,H
SRM CONTRACTORS LIMITED,279,278.9,H
SURAJ ESTATE DEVELOPERS L,731.9,729.9,H
CONTINENTAL SEED CHEM LTD,54.5,51.95,H
SEC RE NCD 7.90% STRPP A,309,307.98,H
GOI TBILL 91D-10/10/24,98.84,98.65,H
AMBANI ORGOCHEM LIMITED,100,99.9,H
NTPC LTD,426.3,424.35,H
RAVI KUMAR DIST. LTD.,38.56,36.9,H
SANSERA ENGINEERING LTD,1456.45,1453.7,H
WONDER ELECTRICALS LTD,1377,1313.75,H
SUPREME ENGINEERING LTD,1.97,1.94,H
LICNAMC - LICNFESGP,913.5,906.95,H
EPIGRAL LIMITED,1836,1819.95,H
PARIN FURNITURE LIMITED,309,300,H
NIP IND ETF LONGTERM GILT,27.05,26.9,H
INDO TECH TRANSFORM LTD.,2345.7,2234,H
SHRIRAM - LIQUIDSHRI,1005.29,1005.12,H
UJAAS ENERGY LIMITED,351,334.3,H
BOND 8.71% TAX FREE S2B,1169.89,1168.05,H
BOND 8.88% PA TF TII-SIIB,1200,1188,H
TFB 7.37% 2035 SR. 3A,1497,1476,H
ANLON TECHNOLOGY SOL LTD,545,540,H
SUMIT WOODS LIMITED,86.1,85.37,H
OM INFRA LIMITED,227.9,223.99,H
SEC RE NCD 9.25% SR II,980,965,H
APRAMEYA ENGINEERING LTD,79.35,75.6,H
DR. REDDY S LABORATORIES,6981,6966,H
TTK HEALTHCARE LIMITED,1805.9,1744,H
V MARC INDIA LIMITED,259,252.65,H
PRITIKA ENG COMPO LTD,111.5,111.15,H
R M DRIP & SPRINK SYS LTD,182,170,H
RITCO LOGISTICS LIMITED,374.75,370,H
ICICIPRAMC - BHARATIWIN,123.4,123.33,H
FOCE INDIA LIMITED,1230,1099,H
KAVVERI TEL. LTD.,34.51,33.84,H
MARINE ELECTRICAL (I) LTD,287,277.47,H
S J LOGISTICS (INDIA) LTD,625,612.25,H
GOI LOAN  7.1% 2034,103.9,103.49,H
SHEKHAWATI POLY-YARN LTD.,6.8,6.67,H
MANGLAM INFRA & ENG LTD,123.1,117.25,H
MAX ESTATES LIMITED,588,580.8,H
FLEXITUFF VENTURES INT L,75.84,50.4,H
ELGI RUBBER CO. LTD,90.99,81.45,H
AURUM RS. 3.12 PPD UP,151.6,142.8,H
TECHNO ELEC & ENG CO. LTD,1777,1722,H
ZEN TECHNOLOGIES LIMITED,1768,1743,H
KOKUYO CAMLIN LIMITED,193.88,186,H
KINGFA SCI & TEC IND LTD.,2940,2929,H
NIP IND ETF CONSUMPTION,130.5,130.37,H
GHCL TEXTILES LIMITED,110.63,110.25,H
ICICIPRAMC - ICICICOMMO,97.86,97.75,H
LCC INFOTECH LTD,6.1,5.99,H
TFB 7.53% 2030 SR. 2B,1199,1150,H
BLACK BOX LIMITED,558.9,537.9,H
DIAMOND POWER INFRA LTD,1645,1569.15,H
SEC RE NCD 9.48% SR V,898,887,H
TROM INDUSTRIES LIMITED,240.85,229.4,H
SHAKTI PUMPS (I) LTD,4686.75,4600,H
ZOMATO LIMITED,278.7,238,H
NAVA LIMITED,934.85,931.7,H
NIPPONAMC - NETFPHARMA,22.45,22.37,H
V R INFRASPACE LIMITED,243.9,232,H
AJMERA REALTY & INF I LTD,718.2,422,H
GOI TBILL 364D-31/10/24,97.96,97.75,H
RELIABLE DATA SERVICE LTD,113.05,107.67,H
SEC RE NCD 9.25% SR III,1007,1006.3,H
SELAN EXPLO. TECH LTD,1045,917,H
MUTHOOT FINANCE LIMITED,1895,1885.95,H
BIKAJI FOODS INTERN LTD,777,747,H
MOTILAL OS MIDCAP100 ETF,64.5,63.75,H
NIPPONAMC - NETFAUTO,277,274.46,H
VERANDA LEARNING SOL LTD,301.95,299,H
BFAM - BANKBETF,62.13,60,H
SOLAR ACT RS.3.50 PPD UP,367.25,349.8,H
SOLARA ACTIVE PHA SCI LTD,689.85,657,H
ICICIPRAMC - ICICIINFRA,100.1,97.5,H
KOTAKMAMC - KOTAKMID50,173.05,169.92,H
AGARWAL FLOAT GLASS I LTD,92.85,88.45,H
GOI LOAN  7.34% 2064,105.93,105.61,H
SRI ADHIKARI BRO TELE N L,389.7,382.1,H
GOLDKART JEWELS LIMITED,160.8,153.4,H
GOI TBILL 91D-12/09/24,99.31,99.26,H
KPI GREEN ENERGY LIMITED,1017,975.15,H
THE BYKE HOSPITALITY LTD,83.79,74.2,H
NET AVENUE TECHNOLOGIES L,15,15.1,L
TUNWAL E-MOTORS LIMITED,45.5,47.2,L
SAMMAAN CAPITAL LIMITED,164.6,165.01,L
RAVINDRA ENERGY LIMITED,77.99,80.53,L
AMBEY LABORATORIES LTD,66,68.2,L
AVONMORE CAP&MGT SERV LTD,15.56,15.88,L
DOCMODE HEALTH TECH LTD,90.8,94.65,L
VITAL CHEMTECH LIMITED,77.45,81.5,L
GACM TECHNOLOGIES LIMITED,2.28,2.33,L
DURLAX TOP SURFACE LTD,68.1,72,L
SEC RE NCD SR VIII,1045,1045.83,L
GACM TECHNOLOGIES LIMITED,0.06,0.08,L
SHANTHALA FMCG PRODUCTS L,53.6,58,L
MEDICAMEN ORGANICS LTD,70.65,76.3,L
SHIVALIC POWER CONTROL L,258,267.05,L
TAINWALA CHEMICAL AND PLA,224.74,229.33,L
SUMEET IND LIMITED,4.99,5.1,L
BAID FINSERV LIMITED,15.8,15.9,L
YASONS CHEMEX CARE LTD,23.5,24,L
ANMOL INDIA LIMITED,31.5,32.36,L
FALCON TECHNOPROJ IND LTD,61.5,64.9,L
VIBHOR STEEL TUBES LTD,268.3,273.75,L
DIENSTEN TECH LIMITED,163,167.25,L
GANESH GREEN BHARAT LTD,424,456.5,L
APRAMEYA ENGINEERING LTD,71.85,72,L
SWASTIK PIPE LIMITED,63,64.25,L
AEGIS LOGISTICS LIMITED,732,745.25,L
RKEC PROJECTS LIMITED,116.83,119.22,L
SATI POLY PLAST LIMITED,202.1,208.7,L
DCX SYSTEMS LIMITED,361.7,363.8,L
GP ECO SOLUTIONS INDIA L,280,318,L
BEACON TRUSTEESHIP LTD,108.05,109,L
DIVINE POWER ENERGY LTD,87.1,89.6,L
AVANTEL LIMITED,193,195.63,L
INFINIUM PHARMACHEM LTD,178.05,190,L
MAHINDRA EPC IRRIG LTD,135.05,135.7,L
VIJI FINANCE LIMITED,2.13,2.18,L
RNFI SERVICES LIMITED,154.45,162.55,L
ADROITINFO RS. 5 PPD UP,8.47,8.92,L
VARANIUM CLOUD LIMITED,23.55,23.9,L
SECUR CREDENTIALS LIMITED,6.6,6.94,L
WINNY IMMIGRA & EDU SER L,270,280.25,L
BODHI TREE MULTIMEDIA LTD,12.91,13.06,L
GACM TECHNOLOGIES LIMITED,0.35,0.51,L

