SERIES,SYMBOL,SECURITY,RECORD_DT,BC_STRT_DT,BC_END_DT,EX_DT,ND_STRT_DT,ND_END_DT,PURPOSE
BE,GALAXYSURF,Galaxy Surfactants Ltd,26/07/2024, , ,26/07/2024, , ,DIV - RS 22 PER SH       
BE,TTKHLTCARE,TTK Healthcare Limited, ,18/07/2024,24/07/2024,16/07/2024, , ,AGM/DIV - RS 10 PER SH/  
BE,KOTARISUG,Kothari Sug & Chem Ltd., ,20/07/2024,26/07/2024,19/07/2024, , ,ANNUAL GENERAL MEETING   
BE,AUROPHARMA,AUROPHARMA - Depo,30/07/2024, , ,30/07/2024, , ,BUY BACK                 
BE,CROMPTON,Crompt Grea Con Elec Ltd, ,11/07/2024,26/07/2024,10/07/2024, , ,ANNUAL GENERAL MEETING   
BE,M&M,MAHINDRA & MAHINDRA LTD, ,06/07/2024,31/07/2024,05/07/2024, , ,AGM/DIV-RS 21.1 PER SH   
BE,IMPAL,Ind Motor Part & Acc Ltd, ,16/07/2024,24/07/2024,15/07/2024, , ,AGM/DIV - RS 18 PER SH   
BE,CUBEXTUB,CubexTubingsLtd-RollSett, ,18/07/2024,25/07/2024,16/07/2024, , ,ANNUAL GENERAL MEETING   
BE,PRECAM,Precision Camshafts Ltd., ,20/07/2024,26/07/2024,19/07/2024, , ,AGM/DIV - RE 1 PER SH    
BE,THANGAMAYL,Thangamayil Jewellery Ltd, ,19/07/2024,25/07/2024,18/07/2024, , ,ANNUAL GENERAL MEETING   
BE,WSTCSTPAPR,West Coast Paper Mills, ,07/08/2024,14/08/2024,06/08/2024, , ,AGM/DIV - RS 8 PER SH    
BE,LAXMIMACH,LakshmiMachine-Roll Sett, ,25/07/2024,31/07/2024,24/07/2024, , ,AGM/DIV - RS 75 PER SH   
BE,IFGLEXPOR,IFGL Refractories Limited, ,25/07/2024,31/07/2024,24/07/2024, , ,AGM/DIV - RS 7 PER SH    
BE,RANEHOLDIN,Rane Holdings Limited,26/07/2024, , ,26/07/2024, , ,AGM/DIV - RS 25 PER SH   
BE,PIXTRANS,Pix Transmissions Limited, ,17/07/2024,24/07/2024,16/07/2024, , ,ANNUAL GENERAL MEETING   
BE,NELCAST,Nelcast Limited, ,19/07/2024,25/07/2024,18/07/2024, , ,AGM/DIV-RE 0.40 PER SH   
BE,ARVSMART,Arvind SmartSpaces Ltd, ,19/07/2024,25/07/2024,18/07/2024, , ,AGM/DIV-2.50/SPLDIV-1    
BE,TECHM,Tech Mahindra Limited, ,20/07/2024,26/07/2024,19/07/2024, , ,AGM/DIV - RS 28 PER SH   
BE,EXIDEIND,CHLORIDIND- Depo, ,23/07/2024,29/07/2024,22/07/2024, , ,AGM/DIV - RS 2 PER SH    
BE,DYCL,Dynamic Cables Limited, ,25/07/2024,31/07/2024,24/07/2024, , ,AGM/DIV-RE 0.50 PER SH   
BE,VINYLINDIA,Vinyl Chemicals (India) L, ,25/07/2024,08/08/2024,24/07/2024, , ,AGM/DIV-RS 6.75 PER SH   
BE,HONAUT,Honeywell Auto India Ltd., ,25/07/2024,05/08/2024,24/07/2024, , ,AGM/DIV - RS 100 PER SH  
BE,21STCENMGM,21st Century Mgmt-Depo,26/07/2024, , ,26/07/2024, , ,DIV - RS 2.50 PER SH     
BE,INFOBEAN,InfoBeans Techno. Ltd., ,31/07/2024,07/08/2024,30/07/2024, , ,ANNUAL GENERAL MEETING   
BE,INFOBEAN,InfoBeans Techno. Ltd.,26/07/2024, , ,26/07/2024, , ,DIV - RE 1 PER SH        
BE,WHIRLPOOL,Whirlpool of India Ltd,26/07/2024, , ,26/07/2024, , ,DIV - RS 5 PER SH        
BE,INDIANHUME,Indian Hume Pipe Co. Ltd, ,20/07/2024,01/08/2024,19/07/2024, , ,AGM/DIV-RS 1.50 PER SH   
BE,BOSCHLTD,Bosch Limited, ,20/07/2024,07/08/2024,19/07/2024, , ,AGM/DIV-RS 170 PER SH    
BE,HYBRIDFIN,Hybrid Financial Services, ,22/07/2024,30/07/2024,19/07/2024, , ,ANNUAL GENERAL MEETING   
BE,GANGOTRI,Gangotri Textiles Limited, ,20/07/2024,26/07/2024,19/07/2024, , ,ANNUAL GENERAL MEETING   
BE,UNIONBANK,Union Bank of India, ,20/07/2024,26/07/2024,19/07/2024, , ,AGM/DIV-RS 3.60 PER SH   
BE,RATNAVEER,Ratnaveer Precision Eng L, ,18/07/2024,26/07/2024,16/07/2024, , ,EGM                      
BE,KSB,KSB Pumps Ltd-Depo,25/07/2024, , ,25/07/2024, , ,FV SPLT FRM RS 10 TO RS2 
BE,GPTINFRA,GPT Infraprojects Ltd, ,24/07/2024,30/07/2024,23/07/2024, , ,ANNUAL GENERAL MEETING   
BE,BLISSGVS,Bliss GVS Pharma Ltd, ,19/07/2024,25/07/2024,18/07/2024, , ,AGM/DIV-RS 0.50 PER SH   
BE,OFSS,Oracle Fin Serv Soft Ltd., ,19/07/2024,25/07/2024,18/07/2024, , ,ANNUAL GENERAL MEETING   
BE,PRAJIND,Praj Industries Ltd, ,19/07/2024,25/07/2024,18/07/2024, , ,AGM/DIV - RS 6 PER SH    
BE,ASPINWALL,Aspinwall & Co Ltd, ,19/07/2024,25/07/2024,18/07/2024, , ,AGM/DIV - RS 6 PER SH    
BE,CARBORUNIV,Carborundum Univ Ltd, ,23/07/2024,30/07/2024,22/07/2024, , ,AGM/DIV-RS 2.50 PER SH   
BE,XPROINDIA,Xpro India Limited, ,23/07/2024,29/07/2024,22/07/2024, , ,AGM/DIV - RS 2 PER SH    
BE,IMFA,Indian Metals & Ferro, ,23/07/2024,31/07/2024,22/07/2024, , ,AGM/DIV-RS 7.50 PER SH   
BE,IFBAGRO,IFB Agro Industries Ltd, ,23/07/2024,29/07/2024,22/07/2024, , ,ANNUAL GENERAL MEETING   
BE,BIRLAMONEY,Aditya Birla Money Ltd, ,23/07/2024,30/07/2024,22/07/2024, , ,ANNUAL GENERAL MEETING   
BE,TIPSFILMS,Tips Films Limited, ,23/07/2024,29/07/2024,22/07/2024, , ,ANNUAL GENERAL MEETING   
BE,IFBIND,IFB Industries Ltd., ,23/07/2024,29/07/2024,22/07/2024, , ,ANNUAL GENERAL MEETING   
BE,OCCL,Oriental Carbn & Chem Ltd, ,24/07/2024,30/07/2024,23/07/2024, , ,AGM/DIV - RS 7 PER SH    
BE,HECPROJECT,HEC Infra Projects Ltd, ,24/07/2024,30/07/2024,23/07/2024, , ,ANNUAL GENERAL MEETING   
BE,UTIAMC,UTI Asset Mngmt Co Ltd, ,19/07/2024,25/07/2024,18/07/2024, , ,DIV/SPDV-RS 24 & RS 23   
BE,SHRIPISTON,Shriram Pist. & Ring Ltd, ,18/07/2024,24/07/2024,16/07/2024, , ,ANNUAL GENERAL MEETING   
BE,MGEL,Mangalam Global Ent Ltd,26/07/2024, , ,26/07/2024, , ,DIV - RE 0.02 PER SH     
BE,AARVI,Aarvi Encon Limited,26/07/2024, , ,26/07/2024, , ,DIV - RS 2 PER SH        
BE,MENONBE,Menon Bearings Limited,26/07/2024, , ,26/07/2024, , ,INTDIV - RS 2 PER SH     
BE,HATSUN,Hatsun Agro Product Ltd.,24/07/2024, , ,24/07/2024, , ,INTDIV - RS 6 PER SH     
BE,PIDILITIND,PIDILITIND-Depo, ,25/07/2024,07/08/2024,24/07/2024, , ,ANNUAL GENERAL MEETING   
BE,PIDILITIND,PIDILITIND-Depo,24/07/2024, , ,24/07/2024, , ,DIV - RS 16 PER SH       
BE,MRF,MRF Limited - Depo, ,26/07/2024,01/08/2024,25/07/2024, , ,AGM/DIV-RS 194 PER SH    
BE,3PLAND,3P Land Holdings Limited, ,26/07/2024,03/08/2024,25/07/2024, , ,ANNUAL GENERAL MEETING   
BE,JYOTISTRUC,Jyoti Structures Ltd, ,27/07/2024,03/08/2024,26/07/2024, , ,ANNUAL GENERAL MEETING   
BE,UGARSUGAR,The Ugar Sugar Works Ltd,26/07/2024, , ,26/07/2024, , ,DIV - RE 0.25 PER SH     
BE,UGARSUGAR,The Ugar Sugar Works Ltd, ,27/07/2024,13/08/2024,26/07/2024, , ,ANNUAL GENERAL MEETING   
BE,VGUARD,V-Guard Industries Limite, ,26/07/2024,01/08/2024,25/07/2024, , ,AGM/DIV - RS 1.40 PER SH 
BE,CONTROLPR,Control Print Limited, ,27/07/2024,01/08/2024,26/07/2024, , ,AGM/DIV - RS 5 PER SH    
BE,TIRUMALCHM,Thirumalai Chemicals Ltd, ,18/07/2024,24/07/2024,16/07/2024, , ,AGM/DIV - RE 1 PER SH    
BE,MODISONLTD,Modison Metals Limited, ,24/07/2024,30/07/2024,23/07/2024, , ,ANNUAL GENERAL MEETING   
BE,FORTIS,Fortis Healthcare Limited,24/07/2024, , ,24/07/2024, , ,DIV - RE 1 PER SH        
BE,ADFFOODS,ADF Foods Limited,26/07/2024, , ,26/07/2024, , ,DIV - RS 1.20 PER SH     
BE,ADFFOODS,ADF Foods Limited, ,27/07/2024,01/08/2024,26/07/2024, , ,ANNUAL GENERAL MEETING   
BE,KIRLOSBROS,Kirloskar Brothers Ltd,26/07/2024, , ,26/07/2024, , ,DIV - RS 6 PER SH        
BE,TIMKEN,TIMKEN INDIA LTD Depo,26/07/2024, , ,26/07/2024, , ,DIV - RS 2.50 PER SH     
BE,TCI,Transport Corp of Ind Ltd, ,21/07/2024,27/07/2024,19/07/2024, , ,ANNUAL GENERAL MEETING   
BE,APCOTEXIND,Apcotex Industries Ltd., ,20/07/2024,29/07/2024,19/07/2024, , ,DIV - RS 3.50 PER SH     
BE,DABUR,DABUR INDIA LTD, ,22/07/2024,26/07/2024,19/07/2024, , ,AGM/DIV-RS 2.75 PER SH   
BE,TARACHAND,Tara Chand Infra Soln Ltd, ,19/07/2024,25/07/2024,18/07/2024, , ,ANNUAL GENERAL MEETING   
BE,MANGLMCEM,Mangalam Cement Ltd, ,21/07/2024,27/07/2024,19/07/2024, , ,AGM/DIV-RS 1.50 PER SH   
BE,UBL,United Breweries Limited, ,26/07/2024,01/08/2024,25/07/2024, , ,DIV - RS 10 PER SH       
BE,PUNJABCHEM,Punj Chem & Crop Prot Ltd, ,26/07/2024,02/08/2024,25/07/2024, , ,AGM/DIV - RS 3 PER SH    
BE,LLOYDSME,Lloyds Metals N Energy L, ,23/07/2024,29/07/2024,22/07/2024, , ,EGM                      
BE,ZYDUSLIFE,Zydus Lifesciences Ltd,26/07/2024, , ,26/07/2024, , ,DIV - RS 3 PER SH        
BE,DIVGIITTS,Divgi Torqtransfer Syst L, ,23/07/2024,29/07/2024,22/07/2024, , ,ANNUAL GENERAL MEETING   
BE,ARE&M,Amara Raja Batt Ltd-Depo, ,19/07/2024,25/07/2024,18/07/2024, , ,ANNUAL GENERAL MEETING   
BE,SAFARI,Safari Ind (India) Ltd, ,13/07/2024,26/07/2024,12/07/2024, , ,ANNUAL GENERAL MEETING   
BE,BLUESTARCO,Blue Star Limited-Depo, ,20/07/2024,06/08/2024,19/07/2024, , ,DIV - RS 7 PER SH        
BE,BAJAJELEC,Bajaj Electricals Limited, ,20/07/2024,06/08/2024,19/07/2024, , ,AGM/DIV - RS 3 PER SH    
BE,PLASTIBLEN,Plastiblends India Limite, ,24/07/2024,30/07/2024,23/07/2024, , ,ANNUAL GENERAL MEETING   
BE,SHRADHA,Shradha Infraprojects Ltd, ,13/07/2024,27/07/2024,12/07/2024, , ,ANNUAL GENERAL MEETING   
BE,RUSHIL,Rushil Decor Limited,09/08/2024, , ,09/08/2024, , ,FVSPLT FRM RS 10 TO RE 1 
BE,COLPAL,Colgate Palmolive (India), ,24/07/2024,30/07/2024,23/07/2024, , ,ANNUAL GENERAL MEETING   
BE,FSL,Firstsource Solutions Lim, ,24/07/2024,30/07/2024,23/07/2024, , ,ANNUAL GENERAL MEETING   
BE,HINDZINC,Hindustan Zinc for depo, ,24/07/2024,28/07/2024,23/07/2024, , ,ANNUAL GENERAL MEETING   
BE,SHYAMTEL,Shyam Telecom Limited, ,24/07/2024,31/07/2024,23/07/2024, , ,ANNUAL GENERAL MEETING   
BE,ASTEC,Astec LifeSciences Ltd, ,24/07/2024,28/07/2024,23/07/2024, , ,ANNUAL GENERAL MEETING   
BE,TIINDIA,Tube Invest of India Ltd, ,24/07/2024,01/08/2024,23/07/2024, , ,AGM/DIV - RS 1.50 PER SH 
BE,TCPLPACK,TCPL Packaging Limited, ,24/07/2024,30/07/2024,23/07/2024, , ,AGM/DIV - RS 22 PER SH   
BE,SHANTIGEAR,Shanthi Gears Ltd, ,20/07/2024,29/07/2024,19/07/2024, , ,DIV - RS 2 PER SH        
BE,VOLTAMP,Voltamp Transformers Limi, ,23/07/2024,29/07/2024,22/07/2024, , ,AGM/DIV - RS 90 PER SH   
BE,KOTHARIPET,Kothari Petrochem Ltd, ,19/07/2024,25/07/2024,18/07/2024, , ,AGM/DIV - RE 1 PER SH    
BE,CHEMBOND,Chembond Chemicals Ltd, ,23/07/2024,30/07/2024,22/07/2024, , ,ANNUAL GENERAL MEETING   
BE,TIPSINDLTD,Tips Industries Limited, ,20/07/2024,26/07/2024,19/07/2024, , ,ANNUAL GENERAL MEETING   
BE,NILAINFRA,Nila Infrastructures Ltd, ,21/07/2024,27/07/2024,19/07/2024, , ,ANNUAL GENERAL MEETING   
BE,MAHLIFE,Mahindra Lifespace DevLtd, ,13/07/2024,24/07/2024,12/07/2024, , ,DIV - RS 2.65 PER SH     
BE,AHL,Abans Holdings Limited, ,20/07/2024,26/07/2024,19/07/2024, , ,ANNUAL GENERAL MEETING   
BE,HIL,HIL Limited, ,24/07/2024,30/07/2024,23/07/2024, , ,AGM/DIV - RS 22.50 PER SH
BE,DATAPATTNS,Data Patterns India Ltd, ,24/07/2024,30/07/2024,23/07/2024, , ,AGM/DIV - RS 6.50 PER SH 
BE,WEIZMANIND,Weizmann Ltd, ,24/07/2024,30/07/2024,23/07/2024, , ,AGM/DIV - RE 0.50 PER SH 
BE,BANARBEADS,BanarasBeadsLtd-RollSett, ,26/07/2024,01/08/2024,25/07/2024, , ,ANNUAL GENERAL MEETING   
BE,ORIENTELEC,Orient Electric Limited, ,26/07/2024,01/08/2024,25/07/2024, , ,AGM/DIV-RE 0.75 PER SH   
BE,DIAMINESQ,Diamines  & Chemicals Ltd, ,26/07/2024,01/08/2024,25/07/2024, , ,AGM/DIV-RS 2.50 PER SH   
BE,DATAMATICS,Datamatics Global Ser.Ltd, ,26/07/2024,01/08/2024,25/07/2024, , ,AGM/DIV - RS 5 PER SH    
BE,HIRECT,Hind Rectifiers Limited, ,26/07/2024,01/08/2024,25/07/2024, , ,AGM/DIV-RS 1.20 PER SH   
BE,CHOLAFIN,Cholamandalam In & Fin Co, ,20/07/2024,26/07/2024,19/07/2024, , ,DIV - RE 0.70 PER SH     
BE,SWELECTES,Swelect Energy Sys Ltd, ,23/07/2024,29/07/2024,22/07/2024, , ,AGM/DIV/SPDV RS 3 & RE 1 
BE,BALRAMCHIN,BALRAMPUR CHINI MILLS LTD, ,25/07/2024,31/07/2024,24/07/2024, , ,ANNUAL GENERAL MEETING   
BE,PRIVISCL,Privi Speciality Che Ltd, ,25/07/2024,01/08/2024,24/07/2024, , ,ANNUAL GENERAL MEETING   
BE,PRIVISCL,Privi Speciality Che Ltd,24/07/2024, , ,24/07/2024, , ,DIV - RS 2 PER SH        
BE,CAMLINFINE,Camlin Fine Sciences Ltd, ,25/07/2024,31/07/2024,24/07/2024, , ,ANNUAL GENERAL MEETING   
BE,VMART,Vmart Retail Ltd, ,25/07/2024,31/07/2024,24/07/2024, , ,ANNUAL GENERAL MEETING   
BE,AVADHSUGAR,Avadh Sug & Energy Ltd,24/07/2024, , ,24/07/2024, , ,DIV - RS 10 PER SH       
BE,GESHIP,The Great Eastern Shippin, ,26/07/2024,01/08/2024,25/07/2024, , ,ANNUAL GENERAL MEETING   
BE,SAMBHAAV,Sambhaav Media Limited, ,26/07/2024,01/08/2024,25/07/2024, , ,ANNUAL GENERAL MEETING   
BE,SMARTLINK,Smartlink Holdings Ltd, ,26/07/2024,01/08/2024,25/07/2024, , ,ANNUAL GENERAL MEETING   
BE,RADICO,Radico Khaitan Limited, ,26/07/2024,07/08/2024,25/07/2024, , ,AGM/DIV - RS 3 PER SH    
BE,AVADHSUGAR,Avadh Sug & Energy Ltd, ,25/07/2024,31/07/2024,24/07/2024, , ,ANNUAL GENERAL MEETING   
BE,AKZOINDIA,Akzo Nobel India Limited, ,26/07/2024,01/08/2024,25/07/2024, , ,AGM/DIV - RS 25 PER SH   
BE,MAGADSUGAR,Magadh Sugar & Energy Ltd, ,26/07/2024,01/08/2024,25/07/2024, , ,AGM/DIV/SPDV - RS 10 & 5 
BE,MPHASIS,MphasiS Limited, ,11/07/2024,25/07/2024,10/07/2024, , ,AGM/DIV - RS 55 PER SH   
BE,MAHASTEEL,Mahamaya Steel Inds Ltd, ,23/07/2024,29/07/2024,22/07/2024, , ,ANNUAL GENERAL MEETING   
BE,GTECJAINX,Keerti Know & Skill Ltd., ,23/07/2024,30/07/2024,22/07/2024, , ,ANNUAL GENERAL MEETING   
BE,BEPL,Bhansal Engg PolyLtd-Depo,25/07/2024, , ,25/07/2024, , ,INTDIV - RE 1 PER SH     
BE,FIEMIND,Fiem Industries Limited, ,25/07/2024,31/07/2024,24/07/2024, , ,AGM/DIV - RS 20 PER SH   
BE,ELGIEQUIP,Elgi Equipments Ltd, ,25/07/2024,31/07/2024,24/07/2024, , ,AGM/DIV - RS 2 PER SH    
BE,ICIL,Indo Count Industries Ltd, ,25/07/2024,01/08/2024,24/07/2024, , ,AGM/DIV-RS 2.20 PER SH   
BE,SUNDRMBRAK,Sundaram Brake Lin Ltd., ,18/07/2024,24/07/2024,16/07/2024, , ,AGM/DIV - RS 2 PER SH    
BE,SAKUMA,Sakuma Exports Limited, ,18/07/2024,25/07/2024,16/07/2024, , ,AGM/DIV - RE 0.05 PER SH 
BZ,JYOTISTRUC,Jyoti Structures Ltd, ,27/07/2024,03/08/2024,26/07/2024, , ,ANNUAL GENERAL MEETING   
BZ,GANGOTRI,Gangotri Textiles Limited, ,20/07/2024,26/07/2024,19/07/2024, , ,ANNUAL GENERAL MEETING   
EQ,TCI,Transport Corporation of, ,21/07/2024,27/07/2024,19/07/2024, , ,ANNUAL GENERAL MEETING   
EQ,APCOTEXIND,Apcotex Industries Ltd., ,20/07/2024,29/07/2024,19/07/2024, , ,DIV - RS 3.50 PER SH     
EQ,DABUR,Dabur India Ltd., ,22/07/2024,26/07/2024,19/07/2024, , ,AGM/DIV-RS 2.75 PER SH   
EQ,TARACHAND,Tara Chand Infra Soln Ltd, ,19/07/2024,25/07/2024,18/07/2024, , ,ANNUAL GENERAL MEETING   
EQ,MANGLMCEM,Mangalam Cement Ltd, ,21/07/2024,27/07/2024,19/07/2024, , ,AGM/DIV-RS 1.50 PER SH   
EQ,VOLTAMP,Voltamp Transformers Limi, ,23/07/2024,29/07/2024,22/07/2024, , ,AGM/DIV - RS 90 PER SH   
EQ,UBL,United Breweries Limited, ,26/07/2024,01/08/2024,25/07/2024, , ,DIV - RS 10 PER SH       
EQ,PUNJABCHEM,Punj Chem & Crop Prot Ltd, ,26/07/2024,02/08/2024,25/07/2024, , ,AGM/DIV - RS 3 PER SH    
EQ,LLOYDSME,Lloyds Metals N Energy L, ,23/07/2024,29/07/2024,22/07/2024, , ,EGM                      
EQ,ZYDUSLIFE,Zydus Lifesciences Ltd,26/07/2024, , ,26/07/2024, , ,DIV - RS 3 PER SH        
EQ,DIVGIITTS,Divgi Torqtransfer Syst L, ,23/07/2024,29/07/2024,22/07/2024, , ,ANNUAL GENERAL MEETING   
EQ,ARE&M,Amara Raja Batt Ltd, ,19/07/2024,25/07/2024,18/07/2024, , ,ANNUAL GENERAL MEETING   
EQ,SAFARI,Safari Ind (India) Ltd, ,13/07/2024,26/07/2024,12/07/2024, , ,ANNUAL GENERAL MEETING   
EQ,BLUESTARCO,Blue Star Ltd., ,20/07/2024,06/08/2024,19/07/2024, , ,DIV - RS 7 PER SH        
EQ,BAJAJELEC,Bajaj Electricals Limited, ,20/07/2024,06/08/2024,19/07/2024, , ,AGM/DIV - RS 3 PER SH    
EQ,PLASTIBLEN,Plastiblends India Limite, ,24/07/2024,30/07/2024,23/07/2024, , ,ANNUAL GENERAL MEETING   
EQ,SHRADHA,Shradha Infraprojects Ltd, ,13/07/2024,27/07/2024,12/07/2024, , ,ANNUAL GENERAL MEETING   
EQ,RUSHIL,Rushil Decor Limited,09/08/2024, , ,09/08/2024, , ,FVSPLT FRM RS 10 TO RE 1 
EQ,COLPAL,Colgate Palmolive (India), ,24/07/2024,30/07/2024,23/07/2024, , ,ANNUAL GENERAL MEETING   
EQ,FSL,Firstsource Solutions Lim, ,24/07/2024,30/07/2024,23/07/2024, , ,ANNUAL GENERAL MEETING   
EQ,HINDZINC,Hindustan Zinc Ltd, ,24/07/2024,28/07/2024,23/07/2024, , ,ANNUAL GENERAL MEETING   
EQ,SHYAMTEL,Shyam Telecom Limited, ,24/07/2024,31/07/2024,23/07/2024, , ,ANNUAL GENERAL MEETING   
EQ,ASTEC,Astec LifeSciences Ltd, ,24/07/2024,28/07/2024,23/07/2024, , ,ANNUAL GENERAL MEETING   
EQ,TIINDIA,Tube Invest of India Ltd, ,24/07/2024,01/08/2024,23/07/2024, , ,AGM/DIV - RS 1.50 PER SH 
EQ,TCPLPACK,TCPL Packaging Limited, ,24/07/2024,30/07/2024,23/07/2024, , ,AGM/DIV - RS 22 PER SH   
EQ,HIL,HIL Limited, ,24/07/2024,30/07/2024,23/07/2024, , ,AGM/DIV - RS 22.50 PER SH
EQ,SHANTIGEAR,Shanthi Gears Ltd, ,20/07/2024,29/07/2024,19/07/2024, , ,DIV - RS 2 PER SH        
EQ,KOTHARIPET,Kothari Petrochem Ltd, ,19/07/2024,25/07/2024,18/07/2024, , ,AGM/DIV - RE 1 PER SH    
EQ,CHEMBOND,Chembond Chemicals Ltd, ,23/07/2024,30/07/2024,22/07/2024, , ,ANNUAL GENERAL MEETING   
EQ,TIPSINDLTD,Tips Industries Limited, ,20/07/2024,26/07/2024,19/07/2024, , ,ANNUAL GENERAL MEETING   
EQ,NILAINFRA,Nila Infrastructures Ltd, ,21/07/2024,27/07/2024,19/07/2024, , ,ANNUAL GENERAL MEETING   
EQ,MAHLIFE,Mahindra Lifespace DevLtd, ,13/07/2024,24/07/2024,12/07/2024, , ,DIV - RS 2.65 PER SH     
EQ,AHL,Abans Holdings Limited, ,20/07/2024,26/07/2024,19/07/2024, , ,ANNUAL GENERAL MEETING   
EQ,DATAPATTNS,Data Patterns India Ltd, ,24/07/2024,30/07/2024,23/07/2024, , ,AGM/DIV - RS 6.50 PER SH 
EQ,WEIZMANIND,Weizmann Ltd, ,24/07/2024,30/07/2024,23/07/2024, , ,AGM/DIV - RE 0.50 PER SH 
EQ,BANARBEADS,Banaras Beads Ltd, ,26/07/2024,01/08/2024,25/07/2024, , ,ANNUAL GENERAL MEETING   
EQ,ORIENTELEC,Orient Electric Limited, ,26/07/2024,01/08/2024,25/07/2024, , ,AGM/DIV-RE 0.75 PER SH   
EQ,DIAMINESQ,Diamines  & Chemicals Ltd, ,26/07/2024,01/08/2024,25/07/2024, , ,AGM/DIV-RS 2.50 PER SH   
EQ,DATAMATICS,Datamatics Global Ser.Ltd, ,26/07/2024,01/08/2024,25/07/2024, , ,AGM/DIV - RS 5 PER SH    
EQ,HIRECT,Hind Rectifiers Limited, ,26/07/2024,01/08/2024,25/07/2024, , ,AGM/DIV-RS 1.20 PER SH   
EQ,GESHIP,The Great Eastern Shippin, ,26/07/2024,01/08/2024,25/07/2024, , ,ANNUAL GENERAL MEETING   
EQ,CHOLAFIN,Cholamandalam In & Fin Co, ,20/07/2024,26/07/2024,19/07/2024, , ,DIV - RE 0.70 PER SH     
EQ,SWELECTES,Swelect Energy Sys Ltd, ,23/07/2024,29/07/2024,22/07/2024, , ,AGM/DIV/SPDV RS 3 & RE 1 
EQ,BALRAMCHIN,Balrampur Chini Mills, ,25/07/2024,31/07/2024,24/07/2024, , ,ANNUAL GENERAL MEETING   
EQ,PRIVISCL,Privi Speciality Che Ltd, ,25/07/2024,01/08/2024,24/07/2024, , ,ANNUAL GENERAL MEETING   
EQ,PRIVISCL,Privi Speciality Che Ltd,24/07/2024, , ,24/07/2024, , ,DIV - RS 2 PER SH        
EQ,CAMLINFINE,Camlin Fine Sciences Ltd, ,25/07/2024,31/07/2024,24/07/2024, , ,ANNUAL GENERAL MEETING   
EQ,VMART,Vmart Retail Ltd, ,25/07/2024,31/07/2024,24/07/2024, , ,ANNUAL GENERAL MEETING   
EQ,AVADHSUGAR,Avadh Sug & Energy Ltd,24/07/2024, , ,24/07/2024, , ,DIV - RS 10 PER SH       
EQ,AVADHSUGAR,Avadh Sug & Energy Ltd, ,25/07/2024,31/07/2024,24/07/2024, , ,ANNUAL GENERAL MEETING   
EQ,SAMBHAAV,Sambhaav Media Limited, ,26/07/2024,01/08/2024,25/07/2024, , ,ANNUAL GENERAL MEETING   
EQ,SMARTLINK,Smartlink Holdings Ltd, ,26/07/2024,01/08/2024,25/07/2024, , ,ANNUAL GENERAL MEETING   
EQ,RADICO,Radico Khaitan Limited, ,26/07/2024,07/08/2024,25/07/2024, , ,AGM/DIV - RS 3 PER SH    
EQ,AKZOINDIA,Akzo Nobel India Limited, ,26/07/2024,01/08/2024,25/07/2024, , ,AGM/DIV - RS 25 PER SH   
EQ,MAGADSUGAR,Magadh Sugar & Energy Ltd, ,26/07/2024,01/08/2024,25/07/2024, , ,AGM/DIV/SPDV - RS 10 & 5 
EQ,MPHASIS,MphasiS Limited, ,11/07/2024,25/07/2024,10/07/2024, , ,AGM/DIV - RS 55 PER SH   
EQ,MAHASTEEL,Mahamaya Steel Inds Ltd, ,23/07/2024,29/07/2024,22/07/2024, , ,ANNUAL GENERAL MEETING   
EQ,GTECJAINX,Keerti Know & Skill Ltd., ,23/07/2024,30/07/2024,22/07/2024, , ,ANNUAL GENERAL MEETING   
EQ,BEPL,Bhansali Eng. Polymers Lt,25/07/2024, , ,25/07/2024, , ,INTDIV - RE 1 PER SH     
EQ,FIEMIND,Fiem Industries Limited, ,25/07/2024,31/07/2024,24/07/2024, , ,AGM/DIV - RS 20 PER SH   
EQ,ELGIEQUIP,Elgi Equipments Ltd, ,25/07/2024,31/07/2024,24/07/2024, , ,AGM/DIV - RS 2 PER SH    
EQ,ICIL,Indo Count Industries Ltd, ,25/07/2024,01/08/2024,24/07/2024, , ,AGM/DIV-RS 2.20 PER SH   
EQ,SUNDRMBRAK,Sundaram Brake Lin Ltd., ,18/07/2024,24/07/2024,16/07/2024, , ,AGM/DIV - RS 2 PER SH    
EQ,SAKUMA,Sakuma Exports Limited, ,18/07/2024,25/07/2024,16/07/2024, , ,AGM/DIV - RE 0.05 PER SH 
EQ,PIXTRANS,Pix Transmissions Limited, ,17/07/2024,24/07/2024,16/07/2024, , ,ANNUAL GENERAL MEETING   
EQ,CUBEXTUB,Cubex Tubings Ltd, ,18/07/2024,25/07/2024,16/07/2024, , ,ANNUAL GENERAL MEETING   
EQ,PRECAM,Precision Camshafts Ltd., ,20/07/2024,26/07/2024,19/07/2024, , ,AGM/DIV - RE 1 PER SH    
EQ,THANGAMAYL,Thangamayil Jewellery Ltd, ,19/07/2024,25/07/2024,18/07/2024, , ,ANNUAL GENERAL MEETING   
EQ,WSTCSTPAPR,West Coast Paper Mills, ,07/08/2024,14/08/2024,06/08/2024, , ,AGM/DIV - RS 8 PER SH    
EQ,LAXMIMACH,Lakshmi Mach Works, ,25/07/2024,31/07/2024,24/07/2024, , ,AGM/DIV - RS 75 PER SH   
EQ,IFGLEXPOR,IFGL Refractories Limited, ,25/07/2024,31/07/2024,24/07/2024, , ,AGM/DIV - RS 7 PER SH    
EQ,DYCL,Dynamic Cables Limited, ,25/07/2024,31/07/2024,24/07/2024, , ,AGM/DIV-RE 0.50 PER SH   
EQ,RANEHOLDIN,Rane Holdings Limited,26/07/2024, , ,26/07/2024, , ,AGM/DIV - RS 25 PER SH   
EQ,NELCAST,Nelcast Limited, ,19/07/2024,25/07/2024,18/07/2024, , ,AGM/DIV-RE 0.40 PER SH   
EQ,ARVSMART,Arvind SmartSpaces Ltd, ,19/07/2024,25/07/2024,18/07/2024, , ,AGM/DIV-2.50/SPLDIV-1    
EQ,TECHM,Tech Mahindra Limited, ,20/07/2024,26/07/2024,19/07/2024, , ,AGM/DIV - RS 28 PER SH   
EQ,EXIDEIND,Exide Industries Ltd, ,23/07/2024,29/07/2024,22/07/2024, , ,AGM/DIV - RS 2 PER SH    
EQ,VINYLINDIA,Vinyl Chemicals (India) L, ,25/07/2024,08/08/2024,24/07/2024, , ,AGM/DIV-RS 6.75 PER SH   
EQ,HONAUT,Honeywell Auto India Ltd., ,25/07/2024,05/08/2024,24/07/2024, , ,AGM/DIV - RS 100 PER SH  
EQ,21STCENMGM,21st Century Mgmt Ser Ltd,26/07/2024, , ,26/07/2024, , ,DIV - RS 2.50 PER SH     
EQ,INFOBEAN,InfoBeans Techno. Ltd., ,31/07/2024,07/08/2024,30/07/2024, , ,ANNUAL GENERAL MEETING   
EQ,INFOBEAN,InfoBeans Techno. Ltd.,26/07/2024, , ,26/07/2024, , ,DIV - RE 1 PER SH        
EQ,WHIRLPOOL,Whirlpool of India Ltd,26/07/2024, , ,26/07/2024, , ,DIV - RS 5 PER SH        
EQ,INDIANHUME,Indian Hume Pipe Co. Ltd, ,20/07/2024,01/08/2024,19/07/2024, , ,AGM/DIV-RS 1.50 PER SH   
EQ,BOSCHLTD,Bosch Limited, ,20/07/2024,07/08/2024,19/07/2024, , ,AGM/DIV-RS 170 PER SH    
EQ,HYBRIDFIN,Hybrid Financial Services, ,22/07/2024,30/07/2024,19/07/2024, , ,ANNUAL GENERAL MEETING   
EQ,GANGOTRI,Gangotri Textiles Limited, ,20/07/2024,26/07/2024,19/07/2024, , ,ANNUAL GENERAL MEETING   
EQ,UNIONBANK,Union Bank of India, ,20/07/2024,26/07/2024,19/07/2024, , ,AGM/DIV-RS 3.60 PER SH   
EQ,RATNAVEER,Ratnaveer Precision Eng L, ,18/07/2024,26/07/2024,16/07/2024, , ,EGM                      
EQ,KSB,KSB Pumps Ltd.,25/07/2024, , ,25/07/2024, , ,FV SPLT FRM RS 10 TO RS2 
EQ,GPTINFRA,GPT Infraprojects Ltd, ,24/07/2024,30/07/2024,23/07/2024, , ,ANNUAL GENERAL MEETING   
EQ,OFSS,Oracle Fin Serv Soft Ltd., ,19/07/2024,25/07/2024,18/07/2024, , ,ANNUAL GENERAL MEETING   
EQ,PRAJIND,Praj Industries Ltd, ,19/07/2024,25/07/2024,18/07/2024, , ,AGM/DIV - RS 6 PER SH    
EQ,ASPINWALL,Aspinwall & Co Ltd, ,19/07/2024,25/07/2024,18/07/2024, , ,AGM/DIV - RS 6 PER SH    
EQ,CARBORUNIV,Carborundum Univ Ltd, ,23/07/2024,30/07/2024,22/07/2024, , ,AGM/DIV-RS 2.50 PER SH   
EQ,XPROINDIA,Xpro India Limited, ,23/07/2024,29/07/2024,22/07/2024, , ,AGM/DIV - RS 2 PER SH    
EQ,IMFA,Indian Metals & Ferro, ,23/07/2024,31/07/2024,22/07/2024, , ,AGM/DIV-RS 7.50 PER SH   
EQ,IFBAGRO,IFB Agro Industries Ltd, ,23/07/2024,29/07/2024,22/07/2024, , ,ANNUAL GENERAL MEETING   
EQ,BIRLAMONEY,Aditya Birla Money Ltd, ,23/07/2024,30/07/2024,22/07/2024, , ,ANNUAL GENERAL MEETING   
EQ,TIPSFILMS,Tips Films Limited, ,23/07/2024,29/07/2024,22/07/2024, , ,ANNUAL GENERAL MEETING   
EQ,IFBIND,IFB Industries Ltd., ,23/07/2024,29/07/2024,22/07/2024, , ,ANNUAL GENERAL MEETING   
EQ,OCCL,Oriental Carbn & Chem Ltd, ,24/07/2024,30/07/2024,23/07/2024, , ,AGM/DIV - RS 7 PER SH    
EQ,HECPROJECT,HEC Infra Projects Ltd, ,24/07/2024,30/07/2024,23/07/2024, , ,ANNUAL GENERAL MEETING   
EQ,UTIAMC,UTI Asset Mngmt Co Ltd, ,19/07/2024,25/07/2024,18/07/2024, , ,DIV/SPDV-RS 24 & RS 23   
EQ,SHRIPISTON,Shriram Pist. & Ring Ltd, ,18/07/2024,24/07/2024,16/07/2024, , ,ANNUAL GENERAL MEETING   
EQ,MGEL,Mangalam Global Ent Ltd,26/07/2024, , ,26/07/2024, , ,DIV - RE 0.02 PER SH     
EQ,AARVI,Aarvi Encon Limited,26/07/2024, , ,26/07/2024, , ,DIV - RS 2 PER SH        
EQ,MENONBE,Menon Bearings Limited,26/07/2024, , ,26/07/2024, , ,INTDIV - RS 2 PER SH     
EQ,HATSUN,Hatsun Agro Product Ltd.,24/07/2024, , ,24/07/2024, , ,INTDIV - RS 6 PER SH     
EQ,PIDILITIND,Pidilite Industries Ltd, ,25/07/2024,07/08/2024,24/07/2024, , ,ANNUAL GENERAL MEETING   
EQ,PIDILITIND,Pidilite Industries Ltd,24/07/2024, , ,24/07/2024, , ,DIV - RS 16 PER SH       
EQ,MODISONLTD,Modison Metals Limited, ,24/07/2024,30/07/2024,23/07/2024, , ,ANNUAL GENERAL MEETING   
EQ,MRF,MRF Ltd., ,26/07/2024,01/08/2024,25/07/2024, , ,AGM/DIV-RS 194 PER SH    
EQ,3PLAND,3P Land Holdings Limited, ,26/07/2024,03/08/2024,25/07/2024, , ,ANNUAL GENERAL MEETING   
EQ,JYOTISTRUC,Jyoti Structures Ltd, ,27/07/2024,03/08/2024,26/07/2024, , ,ANNUAL GENERAL MEETING   
EQ,UGARSUGAR,The Ugar Sugar Works Ltd,26/07/2024, , ,26/07/2024, , ,DIV - RE 0.25 PER SH     
EQ,UGARSUGAR,The Ugar Sugar Works Ltd, ,27/07/2024,13/08/2024,26/07/2024, , ,ANNUAL GENERAL MEETING   
EQ,ADFFOODS,ADF Foods Limited,26/07/2024, , ,26/07/2024, , ,DIV - RS 1.20 PER SH     
EQ,VGUARD,V-Guard Industries Limite, ,26/07/2024,01/08/2024,25/07/2024, , ,AGM/DIV - RS 1.40 PER SH 
EQ,CONTROLPR,Control Print Limited, ,27/07/2024,01/08/2024,26/07/2024, , ,AGM/DIV - RS 5 PER SH    
EQ,TIRUMALCHM,Thirumalai Chemicals Ltd, ,18/07/2024,24/07/2024,16/07/2024, , ,AGM/DIV - RE 1 PER SH    
EQ,TTKHLTCARE,TTK Healthcare Limited, ,18/07/2024,24/07/2024,16/07/2024, , ,AGM/DIV - RS 10 PER SH/  
EQ,FORTIS,Fortis Healthcare Limited,24/07/2024, , ,24/07/2024, , ,DIV - RE 1 PER SH        
EQ,ADFFOODS,ADF Foods Limited, ,27/07/2024,01/08/2024,26/07/2024, , ,ANNUAL GENERAL MEETING   
EQ,KIRLOSBROS,Kirloskar Brothers Ltd,26/07/2024, , ,26/07/2024, , ,DIV - RS 6 PER SH        
EQ,TIMKEN,Timken India Ltd.,26/07/2024, , ,26/07/2024, , ,DIV - RS 2.50 PER SH     
EQ,GALAXYSURF,Galaxy Surfactants Ltd,26/07/2024, , ,26/07/2024, , ,DIV - RS 22 PER SH       
EQ,KOTARISUG,Kothari Sugars And Chemic, ,20/07/2024,26/07/2024,19/07/2024, , ,ANNUAL GENERAL MEETING   
EQ,AUROPHARMA,Aurobindo Pharma Ltd.,30/07/2024, , ,30/07/2024, , ,BUY BACK                 
EQ,CROMPTON,Crompt Grea Con Elec Ltd, ,11/07/2024,26/07/2024,10/07/2024, , ,ANNUAL GENERAL MEETING   
EQ,M&M,Mah & Mah Ltd., ,06/07/2024,31/07/2024,05/07/2024, , ,AGM/DIV-RS 21.1 PER SH   
EQ,IMPAL,India Motor Parts and Acc, ,16/07/2024,24/07/2024,15/07/2024, , ,AGM/DIV - RS 18 PER SH   
EQ,BLISSGVS,Bliss GVS Pharma Ltd, ,19/07/2024,25/07/2024,18/07/2024, , ,AGM/DIV-RS 0.50 PER SH   
GB,SGBAUG24,2.75% GOLDBONDS2024Tr-IV,02/08/2024, , ,02/08/2024, , ,REDEMPTION               
GS,GS100824C,GOI STRIPS C 100824,07/08/2024, , ,07/08/2024, , ,REDEMPTION               
GS,84GS2024,GOI LOAN 8.40% 2024,24/07/2024, , , , , ,REDEMPTION               
GS,GS220824C,GOI STRIPS C 220824,20/08/2024, , ,20/08/2024, , ,REDEMPTION               
N3,NAVIFIN,Sec Re NCD 9.40% Sr. III,24/07/2024, , ,24/07/2024, , ,INTEREST PAYMENT         
N5,NIDO,Sec Red NCD 9.57% Sr. V,25/07/2024, , ,25/07/2024, , ,INTEREST PAYMENT         
N6,CHOLAFIN,Sec Re NCD 8.25% Sr 1,25/07/2024, , ,25/07/2024, , ,INTEREST PAYMENT         
N8,CHOLAFIN,Sec Re NCD 8.30% Sr 3,25/07/2024, , ,25/07/2024, , ,INTEREST PAYMENT         
NA,CHOLAFIN,Sec Re NCD 8.40% Sr 5,25/07/2024, , ,25/07/2024, , ,INTEREST PAYMENT         
NG,IBULHSG,Sec Re NCD 8.88% Sr II,25/07/2024, , ,25/07/2024, , ,INTEREST PAYMENT         
NH,IBULHSG,Sec Re NCD 9.25% Sr II,25/07/2024, , ,25/07/2024, , ,INTEREST PAYMENT         
NM,IBULHSG,Sec Re NCD 9.02% Sr V,25/07/2024, , ,25/07/2024, , ,INTEREST PAYMENT         
NN,IBULHSG,Sec Re NCD 9.48% Sr V,25/07/2024, , ,25/07/2024, , ,INTEREST PAYMENT         
NS,IBULHSG,Sec Re NCD 9.25% Sr VIII,25/07/2024, , ,25/07/2024, , ,INTEREST PAYMENT         
NT,IBULHSG,Sec Re NCD 9.71% Sr VIII,25/07/2024, , ,25/07/2024, , ,INTEREST PAYMENT         
NV,IBULHSG,Sec Re NCD 10.03% Sr X,25/07/2024, , ,25/07/2024, , ,INTEREST PAYMENT         
NY,IBULHSG,Sec Re NCD 9.8% Sr XII,25/07/2024, , ,25/07/2024, , ,INTEREST PAYMENT         
NZ,IBULHSG,Sec Re NCD 10.25% Sr XII,25/07/2024, , ,25/07/2024, , ,INTEREST PAYMENT         
SG,540CG24,SDL CG 5.40% 2024,08/08/2024, , ,08/08/2024, , ,REDEMPTION               
SG,541AP24,SDL AP 5.41% 2024,08/08/2024, , ,08/08/2024, , ,REDEMPTION               
SG,505RJ24,SDL RJ 5.05% 2024,25/07/2024, , , , , ,REDEMPTION               
SG,539RJ24,SDL RJ 5.39% 2024,08/08/2024, , ,08/08/2024, , ,REDEMPTION               
SM,GRETEX,Gretex Industries Ltd., ,21/07/2024,27/07/2024,19/07/2024, , ,ANNUAL GENERAL MEETING   
SM,WALPAR,Walpar Nutritions Limited, ,23/07/2024,30/07/2024,22/07/2024, , ,ANNUAL GENERAL MEETING   
SM,BIRDYS,Grill Splendour Ser Ltd, ,25/07/2024,31/07/2024,24/07/2024, , ,ANNUAL GENERAL MEETING   
SQ,GRETEX,Gretex Industries Ltd., ,21/07/2024,27/07/2024,19/07/2024, , ,ANNUAL GENERAL MEETING   
SQ,WALPAR,Walpar Nutritions Limited, ,23/07/2024,30/07/2024,22/07/2024, , ,ANNUAL GENERAL MEETING   
SQ,BIRDYS,Grill Splendour Ser Ltd, ,25/07/2024,31/07/2024,24/07/2024, , ,ANNUAL GENERAL MEETING   
ST,WALPAR,Walpar Nutritions Limited, ,23/07/2024,30/07/2024,22/07/2024, , ,ANNUAL GENERAL MEETING   
ST,BIRDYS,Grill Splendour Ser Ltd, ,25/07/2024,31/07/2024,24/07/2024, , ,ANNUAL GENERAL MEETING   
ST,GRETEX,Gretex Industries Ltd., ,21/07/2024,27/07/2024,19/07/2024, , ,ANNUAL GENERAL MEETING   
U3,NAVIFIN,Sec Re NCD 9.40% Sr. III,24/07/2024, , ,24/07/2024, , ,INTEREST PAYMENT         
U5,NIDO,Sec Red NCD 9.57% Sr. V,25/07/2024, , ,25/07/2024, , ,INTEREST PAYMENT         
U6,CHOLAFIN,Sec Re NCD 8.25% Sr 1,25/07/2024, , ,25/07/2024, , ,INTEREST PAYMENT         
U8,CHOLAFIN,Sec Re NCD 8.30% Sr 3,25/07/2024, , ,25/07/2024, , ,INTEREST PAYMENT         
UA,CHOLAFIN,Sec Re NCD 8.40% Sr 5,25/07/2024, , ,25/07/2024, , ,INTEREST PAYMENT         
UG,IBULHSG,Sec Re NCD 8.88% Sr II,25/07/2024, , ,25/07/2024, , ,INTEREST PAYMENT         
UH,IBULHSG,Sec Re NCD 9.25% Sr II,25/07/2024, , ,25/07/2024, , ,INTEREST PAYMENT         
UM,IBULHSG,Sec Re NCD 9.02% Sr V,25/07/2024, , ,25/07/2024, , ,INTEREST PAYMENT         
UN,IBULHSG,Sec Re NCD 9.48% Sr V,25/07/2024, , ,25/07/2024, , ,INTEREST PAYMENT         
US,IBULHSG,Sec Re NCD 9.25% Sr VIII,25/07/2024, , ,25/07/2024, , ,INTEREST PAYMENT         
UT,IBULHSG,Sec Re NCD 9.71% Sr VIII,25/07/2024, , ,25/07/2024, , ,INTEREST PAYMENT         
UV,IBULHSG,Sec Re NCD 10.03% Sr X,25/07/2024, , ,25/07/2024, , ,INTEREST PAYMENT         
UY,IBULHSG,Sec Re NCD 9.8% Sr XII,25/07/2024, , ,25/07/2024, , ,INTEREST PAYMENT         
UZ,IBULHSG,Sec Re NCD 10.25% Sr XII,25/07/2024, , ,25/07/2024, , ,INTEREST PAYMENT         

