GAIN_LOSS,SECURITY,CLOSE_PRIC,PREV_CL_PR,PERCENT_CG
 ,Nifty 50 Sec., , , 
 , , , , 
G,HDFC LIFE INS CO LTD,       672.80,       643.95,4.48
G,BHARAT PETROLEUM CORP  LT,       314.95,       306.00,2.92
G,TECH MAHINDRA LIMITED,      1533.30,      1493.40,2.67
G,NTPC LTD,       392.60,       382.45,2.65
G,TATA MOTORS LIMITED,      1027.70,      1001.80,2.59
G,SBI LIFE INSURANCE CO LTD,      1632.95,      1594.85,2.39
G,OIL AND NATURAL GAS CORP.,       319.55,       314.15,1.72
G,COAL INDIA LTD,       493.80,       487.00,1.4
G,SUN PHARMACEUTICAL IND L,      1619.45,      1601.60,1.11
G,POWER GRID CORP. LTD.,       337.15,       334.25,.87
G,DIVI S LABORATORIES LTD,      4551.60,      4527.00,.54
G,ASIAN PAINTS LIMITED,      2912.80,      2897.10,.54
G,RELIANCE INDUSTRIES LTD,      2991.40,      2975.80,.52
G,ITC LTD,       494.05,       492.20,.38
G,CIPLA LTD,      1503.50,      1497.90,.37
G,TITAN COMPANY LIMITED,      3478.40,      3466.85,.33
G,APOLLO HOSPITALS ENTER. L,      6422.60,      6403.60,.3
G,TATA STEEL LIMITED,       160.31,       160.02,.18
G,TATA CONSULTANCY SERV LT,      4306.25,      4302.35,.09
 , , , , 
L,BAJAJ FINSERV LTD.,      1579.25,      1618.85,-2.45
L,TATA CONSUMER PRODUCT LTD,      1231.25,      1256.90,-2.04
L,BRITANNIA INDUSTRIES LTD,      5829.50,      5944.75,-1.94
L,AXIS BANK LIMITED,      1239.25,      1263.25,-1.9
L,BAJAJ FINANCE LIMITED,      6607.15,      6727.10,-1.78
L,HINDUSTAN UNILEVER LTD.,      2717.05,      2766.35,-1.78
L,HERO MOTOCORP LIMITED,      5417.75,      5513.55,-1.74
L,NESTLE INDIA LIMITED,      2541.40,      2581.55,-1.56
L,ADANI PORT & SEZ LTD,      1484.80,      1507.35,-1.5
L,JSW STEEL LIMITED,       881.35,       893.95,-1.41
L,STATE BANK OF INDIA,       852.00,       863.90,-1.38
L,BAJAJ AUTO LIMITED,      9260.20,      9382.50,-1.3
L,KOTAK MAHINDRA BANK LTD,      1746.20,      1768.90,-1.28
L,INDUSIND BANK LIMITED,      1396.65,      1413.20,-1.17
L,MARUTI SUZUKI INDIA LTD.,     12487.25,     12629.05,-1.12
L,HCL TECHNOLOGIES LTD,      1583.70,      1598.35,-0.92
L,HDFC BANK LTD,      1604.05,      1618.40,-0.89
L,ADANI ENTERPRISES LIMITED,      2970.70,      2995.35,-0.82
L,ULTRATECH CEMENT LIMITED,     11453.40,     11545.80,-0.8
L,BHARTI AIRTEL LIMITED,      1455.20,      1465.70,-0.72
L,DR. REDDY S LABORATORIES,      6820.15,      6865.00,-0.65
L,GRASIM INDUSTRIES LTD,      2806.90,      2823.05,-0.57
L,MAHINDRA & MAHINDRA LTD,      2805.50,      2821.35,-0.56
L,SHRIRAM FINANCE LIMITED,      2724.25,      2739.20,-0.55
L,LARSEN & TOUBRO LTD.,      3519.45,      3538.05,-0.53
L,LTIMINDTREE LIMITED,      5665.15,      5688.60,-0.41
L,ICICI BANK LTD.,      1223.00,      1226.75,-0.31
L,HINDALCO  INDUSTRIES  LTD,       651.60,       653.50,-0.29
L,INFOSYS LIMITED,      1833.95,      1836.90,-0.16
L,WIPRO LTD,       500.10,       500.55,-0.09
 , , , , 
 ,Nifty Next 50 Sec., , , 
 , , , , 
G,ICICI PRU LIFE INS CO LTD,       694.25,       638.40,8.75
G,LIFE INSURA CORP OF INDIA,      1160.55,      1086.65,6.8
G,VARUN BEVERAGES LIMITED,      1612.00,      1548.80,4.08
G,ZYDUS LIFESCIENCES LTD,      1179.45,      1148.85,2.66
G,ZOMATO LIMITED,       223.49,       217.91,2.56
G,JINDAL STEEL & POWER LTD,       972.45,       952.80,2.06
G,AVENUE SUPERMARTS LIMITED,      5158.45,      5065.25,1.84
G,INDIAN OIL CORP LTD,       168.79,       165.82,1.79
G,GAIL (INDIA) LTD,       223.67,       219.79,1.77
G,SBI CARDS & PAY SER LTD,       743.60,       730.85,1.74
G,HAVELLS INDIA LIMITED,      1791.75,      1762.15,1.68
G,REC LIMITED,       604.55,       595.25,1.56
G,ICICI LOMBARD GIC LIMITED,      1909.65,      1880.35,1.56
G,INTERGLOBE AVIATION LTD,      4375.80,      4315.40,1.4
G,ADANI TOTAL GAS LIMITED,       890.45,       879.15,1.29
G,DLF LIMITED,       819.40,       809.35,1.24
G,ADANI ENERGY SOLUTION LTD,      1036.20,      1023.80,1.21
G,TATA POWER CO LTD,       419.95,       416.45,0.84
G,BERGER PAINTS (I) LTD,       529.95,       525.65,0.82
G,INFO EDGE (I) LTD,      6947.35,      6895.25,0.76
G,TRENT LTD,      5286.85,      5263.80,0.44
G,POWER FIN CORP LTD.,       525.10,       523.55,0.3
G,SRF LTD,      2367.65,      2361.05,0.28
G,ABB INDIA LIMITED,      7522.60,      7503.05,0.26
G,TORRENT PHARMACEUTICALS L,      3145.90,      3138.70,0.23
G,BOSCH LIMITED,     34116.40,     34065.10,0.15
G,INDIAN RAIL TOUR CORP LTD,       974.20,       972.90,0.13
 , , , , 
L,GODREJ CONSUMER PRODUCTS,      1459.05,      1516.70,-3.8
L,DABUR INDIA LTD,       634.15,       652.30,-2.78
L,BAJAJ HOLDINGS & INVS LTD,      9501.50,      9738.15,-2.43
L,MARICO LIMITED,       657.95,       672.55,-2.17
L,SHREE CEMENT LIMITED,     27552.00,     28162.20,-2.17
L,PIDILITE INDUSTRIES LTD,      3108.90,      3176.40,-2.13
L,SAMVRDHNA MTHRSN INTL LTD,       189.88,       192.74,-1.48
L,AMBUJA CEMENTS LTD,       682.40,       691.35,-1.29
L,PUNJAB NATIONAL BANK,       116.55,       117.75,-1.02
L,INDIAN RAILWAY FIN CORP L,       192.27,       194.14,-0.96
L,TVS MOTOR COMPANY  LTD,      2449.55,      2472.20,-0.92
L,COLGATE PALMOLIVE LTD.,      3141.55,      3168.85,-0.86
L,BANK OF BARODA,       248.95,       251.10,-0.86
L,VEDANTA LIMITED,       432.70,       434.95,-0.52
L,CHOLAMANDALAM IN & FIN CO,      1388.90,      1395.65,-0.48
L,BHARAT ELECTRONICS LTD,       300.10,       301.45,-0.45
L,ADANI POWER LTD,       694.70,       697.40,-0.39
L,CANARA BANK,       112.46,       112.86,-0.35
L,SIEMENS LTD,      6771.10,      6788.70,-0.26
L,ADANI GREEN ENERGY LTD,      1716.00,      1720.30,-0.25
L,HINDUSTAN AERONAUTICS LTD,      4849.50,      4856.10,-0.14
L,JIO FIN SERVICES LTD,       334.70,       334.90,-0.06
 , , , , 
 ,OTHER SECURITIES, , , 
 , , , , 
G,MMTC LIMITED,       102.60,        85.50,20
G,AGRI-TECH (INDIA) LIMITED,       281.05,       234.21,20
G,PONDY OXIDES & CHEM LTD,      1230.65,      1025.55,20
G,IFCI LTD,        83.95,        69.96,20
G,THE STATE TRADING CORPN,       202.77,       168.98,20
G,AMINES & PLASTICIZERS LTD,       309.65,       258.05,20
G,NOVA AGRITECH LIMITED,        83.91,        69.93,19.99
G,SILKFLEX POLYMERS INDIA L,        88.25,        73.55,19.99
G,8.51% TAX FREETRI SR2A,      1400.00,      1167.00,19.97
G,BOND 8.37% TAX FREE S3A,     10250.00,      8550.00,19.88
G,APEX FROZEN FOODS LIMITED,       311.10,       260.06,19.63
G,ORISSA MIN DEV CO LTD,      8545.05,      7217.95,18.39
G,THYROCARE TECH LTD,       765.30,       648.95,17.93
G,VASWANI IND LTD,        49.68,        42.17,17.81
G,MURUDESHWAR CERAMICS LTD,        60.29,        51.48,17.11
G,BHAGIRADHA CHEM & INDS L,       342.71,       292.98,16.97
G,PTC INDIA FIN SERV LTD,        58.35,        50.15,16.35
G,ARISTO BIO T AND LIFESC L,       103.50,        89.15,16.1
G,DIENSTEN TECH LIMITED,       214.95,       186.30,15.38
G,HINDUSTAN CONSTRUCTION CO,        54.85,        47.55,15.35
G,NAHAR INDS ENT LTD,       154.62,       134.13,15.28
G,AVANTI FEEDS LIMITED,       734.75,       645.35,13.85
G,ANTONY WASTE HDG CELL LTD,       789.35,       694.35,13.68
G,KOTYARK INDUSTRIES LTD,      1000.95,       881.60,13.54
G,CHEMBOND CHEMICALS LTD,       696.75,       617.05,12.92
G,SUNDARAM BRAK LININGS LTD,       810.60,       717.90,12.91
G,IDBI BANK LIMITED,        97.50,        86.42,12.82
G,EPIGRAL LIMITED,      1660.10,      1471.65,12.81
G,ETHOS LIMITED,      3266.50,      2896.55,12.77
G,ASSO ALCOHOLS & BREW LTD,       762.25,       677.85,12.45
 , , , , 
L,7.35% TAX FREE NCD,      1050.30,      1310.00,-19.82
L,SEC RE NCD 10.30% SR.VII,       820.00,       994.00,-17.51
L,VST INDUSTRIES LTD,      3881.65,      4664.05,-16.78
L,MARINETRANS INDIA LIMITED,        24.25,        27.00,-10.19
L,SBIAMC - SFMP61DR,         9.11,        10.00,-8.9
L,SAHAJ FASHIONS LIMITED,        20.50,        22.40,-8.48
L,THE PHOENIX MILLS LTD,      3565.30,      3781.50,-5.72
L,VILIN BIO MED LIMITED,        17.00,        18.00,-5.56
L,SEC RE NCD 10.50% SR.VII,       911.10,       960.00,-5.09
L,DAVANGERE SUGAR COMPANY L,         7.50,         7.90,-5.06
L,DESTINY LOGISTICS & I LTD,        30.35,        31.95,-5.01
L,GANESH GREEN BHARAT LTD,       457.80,       481.90,-5
L,SDL TN 6.63% 2035,        88.35,        93.00,-5
L,GRILL SPLENDOUR SER LTD,        68.40,        72.00,-5
L,KCK INDUSTRIES LTD,       203.30,       214.00,-5
L,ABHISHEK INTEGRATIONS LTD,        89.30,        94.00,-5
L,INDO TECH TRANSFORM LTD.,      1904.20,      2004.40,-5
L,SOTAC PHARMACEUTICALS LTD,       146.35,       154.05,-5
L,SATI POLY PLAST LIMITED,       234.10,       246.40,-4.99
L,NIRMAN AGRI GENTICS LTD,       395.00,       415.75,-4.99
L,MCON RASAYAN INDIA LTD,       177.05,       186.35,-4.99
L,VADIVARHE SPCLTY CHEM LTD,        49.60,        52.20,-4.98
L,VERTEXPLUS TECHNOLOGIES L,       160.25,       168.65,-4.98
L,SEC RE NCD 10.03% SR V,       960.00,      1010.00,-4.95
L,TUNWAL E-MOTORS LIMITED,        57.80,        60.80,-4.93
L,MILTON INDUSTRIES LIMITED,        37.75,        39.70,-4.91
L,DYNAMIC SRVCS & SEC LTD,       260.85,       274.30,-4.9
L,DOCMODE HEALTH TECH LTD,        99.60,       104.70,-4.87
L,SIDDHIKA COATINGS LIMITED,       145.00,       152.40,-4.86
L,LICNAMC - LICNFNHGP,       273.73,       287.48,-4.78
