SECURITY,NEW,PREVIOUS,NEW_STATUS
GRAVITA INDIA LIMITED,1742.1,1738.8,H
NOVA AGRITECH LIMITED,83.91,75,H
PONDY OXIDES & CHEM LTD,1230.65,1062,H
ICICIPRAMC - ICICI10GS,235.39,234.45,H
ICICIPRAMC - ICICICONSU,118.68,118.5,H
BLUE JET HEALTHCARE LTD,467.95,455,H
GOI TBILL 364D-02/05/25,94.68,94.6,H
8.51% TAX FREETRI SR2A,1400,1167,H
7.36% TAX FREE NCD,1122.99,1122,H
SOBHA RS.5.00 PPD UP,1049,983,H
INFOLLION RESEARCH SER L,281.2,273,H
BASF INDIA LTD,5933.9,5900,H
GANESHA ECOSPHERE LIMITED,1575.7,1569.85,H
GLOBAL VEC HELICORP LTD,255.31,243.16,H
LE MERITE EXPORTS LIMITED,197.5,182.2,H
MOTILALAMC - MOHEALTH,39.51,39.49,H
DC INFOTECH AND COMUN LTD,400.98,393,H
RELIABLE DATA SERVICE LTD,82.55,78.65,H
PLATINUM INDUSTRIES LTD,273,272,H
POWER INSTRUMENT (G) LTD,90.87,86.55,H
SERENCD 8.70% SR.VII OPII,1050,1045,H
AHIMSA INDUSTRIES LTD.,23.9,22.8,H
SHREE KARNI FABCOM LTD,819,780,H
DOMS INDUSTRIES LIMITED,2539.45,2365,H
TAINWALA CHEMICAL AND PLA,208.39,207.4,H
PANAMA PETROCHEM LTD,441,434.15,H
OPTIEMUS INFRACOM LTD,458,437,H
TATAAML - TNIDETF,92.5,92,H
EPACK DURABLE LIMITED,277,275.75,H
SRM CONTRACTORS LIMITED,257.9,244.4,H
SUNDARAM CLAYTON LIMITED,1925.25,1845.05,H
AXISAMC - AXISCETF,121.19,119.7,H
INNOVA CAPTAB LIMITED,626.1,598.3,H
IRIS BUSINESS SERV LTD,275.05,274.93,H
GOI LOAN  7.02% 2031,101.2,100.85,H
PRIZOR VIZTECH LIMITED,190.95,182.2,H
EFFWA INFRA & RESEARCH L,229.95,219,H
NTPC LTD,395,393.2,H
NIP IND ETF LONGTERM GILT,26.9,26.85,H
EPIGRAL LIMITED,1724,1584,H
OM INFRA LIMITED,186.17,180,H
SKY GOLD LIMITED,2251.9,2250,H
SUPREME ENGINEERING LTD,1.76,1.73,H
SHRIRAM - LIQUIDSHRI,1003.77,1003.61,H
DR. REDDY S LABORATORIES,6938.9,6884.95,H
THE INDIA CEMENTS LIMITED,359.65,358.7,H
S&S POWER SWITCHGEARS,317.25,308.1,H
EIMCO ELECON (INDIA) LTD,3339,3189.6,H
SEAMEC LIMITED,1610,1595.9,H
THANGAMAYIL JEWELLERY LTD,1967.25,1924,H
ETHOS LIMITED,3355,3044,H
KAUSHALYA INFRA DEV LTD.,1033.3,1028.8,H
CHEMFAB ALKALIS LIMITED,850,793.85,H
CMS INFO SYSTEMS LIMITED,563.75,558.95,H
ANTONY WASTE HDG CELL LTD,829,702,H
SHEKHAWATI POLY-YARN LTD.,5.95,5.84,H
TECHNO ELEC & ENG CO. LTD,1620.15,1599.1,H
SAHAJ SOLAR LIMITED,415.65,395.9,H
KAVVERI TEL. LTD.,30.07,29.49,H
KAY CEE ENERGY & INFRA L,380,376,H
OMAXE LIMITED,138.5,136,H
GENESYS INTL CORPN LTD,768.7,738.9,H
POWER MECH PROJECTS LTD.,6501,6290,H
AGRI-TECH (INDIA) LIMITED,281.05,261.5,H
LCC INFOTECH LTD,5.35,5.25,H
SRNCD SR VII,2490,2435.65,H
EMS LIMITED,817.5,790,H
BLACK BOX LIMITED,414.65,411,H
AKME FINTRADE (INDIA) LTD,125.47,118.9,H
ATMASTCO LIMITED,321.3,318,H
GLENMARK PHARMACEUTICALS,1447.8,1436.65,H
FOSECO INDIA LTD,4625,4440,H
ORACLE FIN SERV SOFT LTD.,11395.95,11240,H
WELSPUN CORP LIMITED,678.5,670.95,H
KALYAN JEWELLERS IND LTD,633.6,561.65,H
INDUS TOWERS LIMITED,439.7,439.4,H
HUBTOWN LIMITED,200.02,200,H
NIPPONAMC - NETFPHARMA,21.87,21.44,H
NAVA LIMITED,868.75,850,H
SILKFLEX POLYMERS INDIA L,88.25,77.1,H
KONTOR SPACE LIMITED,157.75,150.25,H
DSPAMC - HEALTHADD,133.33,132.9,H
ESCONET TECHNOLOGIES LTD,336,335.65,H
TBI CORN LIMITED,330.55,322.25,H
TEERTH GOPICON LIMITED,495.7,472.1,H
SEC RE NCD 8.10% SR VI,1060,1055,H
ALEMBIC PHARMA LTD,1192.95,1165,H
BLUE CHIP INDIA LIMITED,5.69,5.58,H
ASSO ALCOHOLS & BREW LTD,770.95,743.7,H
SPORTKING INDIA LIMITED,1319.9,1203.1,H
SRI ADHIKARI BRO TELE N L,339.34,332.69,H
UNITED SPIRITS LIMITED,1417.3,1335.65,H
SOLARA ACTIVE PHA SCI LTD,631,603.9,H
BOND8.88% PA TF TR II S2B,1199.8,1197.49,H
WOMANCART LIMITED,289.8,276,H
GOLDKART JEWELS LIMITED,132.2,126,H
SOLAR ACT RS.3.50 PPD UP,313.75,313,H
NET AVENUE TECHNOLOGIES L,15.1,15.5,L
SEC RE NCD 10.30% SR.VII,811,900,L
GOI TBILL 364D-03/07/25,93.3,93.49,L
TUNWAL E-MOTORS LIMITED,57.8,60.8,L
YUDIZ SOLUTIONS LIMITED,60,60.25,L
ZENITH EXPORTS LTD,296.6,302.65,L
DOCMODE HEALTH TECH LTD,99.5,104.7,L
SHRADHA INFRAPROJECTS LTD,132.53,135.24,L
VITAL CHEMTECH LIMITED,85,88.5,L
AMBEY LABORATORIES LTD,75.5,76.85,L
MARINETRANS INDIA LIMITED,24.25,27,L
8.12/8.32% TAX FREE NCD,1056.1,1060,L
NANDANI CREATION LIMITED,37.5,38.23,L
GRILL SPLENDOUR SER LTD,68.4,72,L
SBIAMC - SBINEQWETF,30.3,30.5,L
SHRENIK LIMITED,0.73,0.77,L
DAVANGERE SUGAR COMPANY L,7.46,7.7,L
DCX SYSTEMS LIMITED,363.8,369,L
SBIAMC - SBISILVER,85.12,85.99,L
SATI POLY PLAST LIMITED,234.1,246.4,L
SMARTLINK HOLDINGS LTD,288.2,294,L
C P S SHAPERS LIMITED,270.95,280,L
SDL TN 6.63% 2035,88.35,90,L
SEC RED NCD 9.85% SR. VII,925,933.99,L
VERTOZ ADVERTISING LTD,33.05,33.35,L
SEC RE NCD 10% SR 4,991.82,994.5,L
7.35% TAX FREE NCD,1050.3,1242,L
NAKODA RE.2.50 PPD UP,12.77,13.51,L
AMJ LAND HOLDINGS LIMITED,50.7,52.88,L

