SERIES,SYMBOL,SECURITY,RECORD_DT,BC_STRT_DT,BC_END_DT,EX_DT,ND_STRT_DT,ND_END_DT,PURPOSE
BE,ASHOKLEY,ASHOK LEYLAND LTD,03/04/2024, , ,03/04/2024, , ,INTDIV - RS 4.95 PER SH  
BE,CUPID,Cupid Limited,04/04/2024, , ,04/04/2024, , ,FVSPLT FRM RS 10 TO RE 1 
BE,VBL,Varun Beverages Limited,04/04/2024, , ,04/04/2024, , ,DIV - RS 1.25 PER SH     
BE,TVSHLTD,Sundaram Clayton Limited,02/04/2024, , ,02/04/2024, , ,INTDIV - RS 94 PER SH    
BE,CRISIL,CRISIL Limited, ,01/04/2024,02/04/2024,28/03/2024, , ,AGM/DIV - RS 28 PER SH   
BE,BDL,Bharat Dynamics Limited,02/04/2024, , ,02/04/2024, , ,INTDIV - RS 8.85 PER SH  
BE,VBL,Varun Beverages Limited, ,27/03/2024,03/04/2024,26/03/2024, , ,ANNUAL GENERAL MEETING   
BE,DCMSRIND,DCM Shriram Ind Ltd,10/04/2024, , ,10/04/2024, , ,INTDIV - RS 2 PER SH     
BE,VESUVIUS,Vesuvius India Ltd,11/04/2024, , ,10/04/2024, , ,DIV - RS 12.75 PER SH    
BE,SUNTV,Sun TV Network Limited,08/04/2024, , ,08/04/2024, , ,INTDIV - RS 3 PER SH     
BE,CUPID,Cupid Limited,04/04/2024, , ,04/04/2024, , ,BONUS 1:1                
BE,IMFA,Indian Metals & Ferro,08/04/2024, , ,08/04/2024, , ,SPLDIV - RS 15 PER SH    
BE,BTML,Bodhi Tree Multimedia Ltd,05/04/2024, , ,05/04/2024, , ,FVSPLT FRM RS 10 TO RE 1 
BE,ESABINDIA,Esabindia-depo,05/04/2024, , ,05/04/2024, , ,INTDIV - RS 24 PER SH    
EQ,BTML,Bodhi Tree Multimedia Ltd,05/04/2024, , ,05/04/2024, , ,FVSPLT FRM RS 10 TO RE 1 
EQ,CUPID,Cupid Limited,04/04/2024, , ,04/04/2024, , ,FVSPLT FRM RS 10 TO RE 1 
EQ,TVSHLTD,Sundaram Clayton Limited,02/04/2024, , ,02/04/2024, , ,INTDIV - RS 94 PER SH    
EQ,BDL,Bharat Dynamics Limited,02/04/2024, , ,02/04/2024, , ,INTDIV - RS 8.85 PER SH  
EQ,CRISIL,CRISIL Limited, ,01/04/2024,02/04/2024,28/03/2024, , ,AGM/DIV - RS 28 PER SH   
EQ,VBL,Varun Beverages Limited, ,27/03/2024,03/04/2024,26/03/2024, , ,ANNUAL GENERAL MEETING   
EQ,CUPID,Cupid Limited,04/04/2024, , ,04/04/2024, , ,BONUS 1:1                
EQ,IMFA,Indian Metals & Ferro,08/04/2024, , ,08/04/2024, , ,SPLDIV - RS 15 PER SH    
EQ,VBL,Varun Beverages Limited,04/04/2024, , ,04/04/2024, , ,DIV - RS 1.25 PER SH     
EQ,ASHOKLEY,Ashok Leyland Ltd.,03/04/2024, , ,03/04/2024, , ,INTDIV - RS 4.95 PER SH  
EQ,ESABINDIA,Esab India Ltd.,05/04/2024, , ,05/04/2024, , ,INTDIV - RS 24 PER SH    
EQ,DCMSRIND,DCM Shriram Ind Ltd,10/04/2024, , ,10/04/2024, , ,INTDIV - RS 2 PER SH     
EQ,VESUVIUS,Vesuvius India Ltd,11/04/2024, , ,10/04/2024, , ,DIV - RS 12.75 PER SH    
EQ,SUNTV,Sun TV Network Limited,08/04/2024, , ,08/04/2024, , ,INTDIV - RS 3 PER SH     
GS,GS260424C,GOI STRIPS C 260424,24/04/2024, , ,24/04/2024, , ,REDEMPTION               
GS,GS100424C,GOI STRIPS C 100424,08/04/2024, , ,08/04/2024, , ,REDEMPTION               
N5,NAVIFIN,Sec Re NCD 10.25% Sr.II,03/04/2024, , ,03/04/2024, , ,INTEREST PAYMENT         
N7,NAVIFIN,Sec Re NCD 10.50% Sr.IV,03/04/2024, , ,03/04/2024, , ,INTEREST PAYMENT         
NF,DHANILOANS,Dhani Loans & Serv Ltd,05/04/2024, , ,05/04/2024, , ,INTEREST PAYMENT         
SG,676PN24,SDL PN 6.76% 2024,05/04/2024, , ,05/04/2024, , ,REDEMPTION               
SG,576TN24,SDL TN 5.76% 2024,19/04/2024, , ,19/04/2024, , ,REDEMPTION               
SG,670OR24,SDL OR 6.70% 2024,05/04/2024, , ,05/04/2024, , ,REDEMPTION               
SG,668AP24,SDL AP 6.68% 2024,12/04/2024, , ,12/04/2024, , ,REDEMPTION               
SM,ABINFRA,A B Infrabuild Limited,05/04/2024, , ,05/04/2024, , ,RIGHTS 1:8 @ PRM RS 8/-  
SQ,ABINFRA,A B Infrabuild Limited,05/04/2024, , ,05/04/2024, , ,RIGHTS 1:8 @ PRM RS 8/-  
ST,ABINFRA,A B Infrabuild Limited,05/04/2024, , ,05/04/2024, , ,RIGHTS 1:8 @ PRM RS 8/-  
U5,NAVIFIN,Sec Re NCD 10.25% Sr.II,03/04/2024, , ,03/04/2024, , ,INTEREST PAYMENT         
U7,NAVIFIN,Sec Re NCD 10.50% Sr.IV,03/04/2024, , ,03/04/2024, , ,INTEREST PAYMENT         
UF,DHANILOANS,Dhani Loans & Serv Ltd,05/04/2024, , ,05/04/2024, , ,INTEREST PAYMENT         

