SYMBOL,SERIES,SECURITY,HIGH/LOW,INDEX FLAG
21STCENMGM,BE,21ST CENTURY MGMT SERVICE,H
3PLAND,BE,3P LAND HOLDINGS LIMITED,H
63MOONS,EQ,63 MOONS TECHNOLOGIES LTD,H
AAREYDRUGS,BE,AAREY DRUGS & PHARM LTD,H
AARVEEDEN,EQ,AARVEE DEN. & EXP. LTD,H
ABAN,BE,ABAN OFFSHORE LTD.,H
ACEINTEG,EQ,ACE INTEGRATED SOLU. LTD.,H
ACL,EQ,ANDHRA CEMENTS LIMITED,H
ADANIPOWER,EQ,ADANI POWER LTD,H
ADROITPP,X1,ADROITINF RS.2.50 PPD UP,H
AGSTRA,BE,AGS TRANSACT TECH LTD,H
AIRAN,BE,AIRAN LIMITED,H
AKASH,BE,AKASH INFRA-PROJECTS LTD,H
AKI,BE,AKI INDIA LIMITED,H
AKSHAR,BE,AKSHAR SPINTEX LIMITED,H
AKSHOPTFBR,BE,AKSH OPTIFIBRE  LTD,H
ALMONDZ,BE,ALMONDZ GLOBAL SEC LTD,H
ALOKINDS,BE,ALOK INDUSTRIES LIMITED,H
AMBANIORG,SM,AMBANI ORGANICS LIMITED,H
ANKITMETAL,EQ,ANKIT MET & POW LTD,H
ANSALAPI,BZ,ANSAL PROP & INFRA LTD,H
APOLLO,EQ,APOLLO MICRO SYSTEMS LTD,H
ARENTERP,EQ,RAJDARSHAN INDUSTRIES LTD,H
ARHAM,SM,ARHAM TECHNOLOGIES LTD,H
ARSHIYA,BE,ARSHIYA LIMITED,H
ARSSINFRA,BE,ARSS INFRA PROJ. LTD,H
ARTNIRMAN,BE,ART NIRMAN LIMITED,H
ASHOKAMET,BE,ASHOKA METCAST LIMITED,H
ASMS,EQ,BARTRONICS INDIA LIMITED,H
AUROIMPEX,SM,AURO IMPEX & CHEMICALS L,H
AURUM,BE,AURUM PROPTECH LIMITED,H
AUTOIND,EQ,AUTOLINE INDUSTRIES LTD,H
BAFNAPH,BE,BAFNA PHARMACEUTICALS LTD,H
BAGFILMS,BE,B.A.G FILMS AND MEDIA LTD,H
BALAJITELE,EQ,BALAJI TELEFILMS LIMITED.,H
BANKA,BE,BANKA BIOLOO LIMITED,H
BBOX,EQ,BLACK BOX LIMITED,H
BEARDSELL,EQ,BEARDSELL LIMITED,H
BGRENERGY,BE,BGR ENERGY SYSTEMS LTD,H
BHANDARI,EQ,BHANDARI HOSIERY EXP LTD,H
BHARATWIRE,BE,BHARAT WIRE ROPES LTD.,H
BIRLAMONEY,BE,ADITYA BIRLA MONEY LTD,H
BLAL,EQ,BEML LAND ASSETS LIMITED,H
BLUECHIP,BE,BLUE CHIP INDIA LIMITED,H
BRIGHT,SM,BRIGHT SOLAR LIMITED,H
BRNL,BE,BHARAT ROAD NETWORK LTD,H
BROOKS,BE,BROOKS LAB LIMITED,H
BURNPUR,EQ,BURNPUR CEMENT LTD.,H
BYKE,EQ,THE BYKE HOSPITALITY LTD,H
CAREERP,BE,CAREER POINT LIMITED,H
CCHHL,BE,COUNTRY CLUB HOSP HOL LTD,H
CENTEXT,BE,CENTURY EXTRUSIONS LTD,H
CEREBRAINT,BE,CEREBRA INT TECH LTD,H
CLOUD,SM,VARANIUM CLOUD LIMITED,H
CMMIPL,ST,CMM INFRAPROJECTS LIMITED,H
CMNL,SM,CHAMAN METALLICS LIMITED,H
COMPINFO,BZ,COMPUAGE INFOCOM LTD,H
CORALFINAC,BE,CORAL INDIA FIN & HOUS LT,H
COUNCODOS,EQ,COUNTRY CONDO S LIMITED,H
CREST,EQ,CREST VENTURES LIMITED,H
CUBEXTUB,BE,CUBEXTUBINGS-ROLLSETT,H
DBSTOCKBRO,EQ,DB (INT) STOCK BROKERS,H
DEVIT,EQ,DEV INFO TECHNOLOGY LTD,H
DHANBANK,BE,DHANLAXMI BANK LIMITED,H
DIL,EQ,DEBOCK INDUSTRIES LIMITED,H
DPSCLTD,EQ,DPSC LIMITED,H
DRONE,SM,DRONE DESTINATION LIMITED,H
DUCON,BE,DUCON INFRATECHNOLOGIES L,H
DVL,EQ,DHUNSERI VENTURES LIMITED,H
EDUCOMP,BZ,EDUCOMP SOLUTIONS LTD,H
EMIL,EQ,ELECTRONICS MART IND LTD,H
EMSLIMITED,EQ,EMS LIMITED,H
ENSER,ST,ENSER COMMUNICATIONS LTD,H
ESCONET,SM,ESCONET TECHNOLOGIES LTD,H
ESSARSHPNG,EQ,ESSAR SHIPPING LTD,H
EXCEL,BE,EXCEL REALTY N INFRA LTD,H
FCONSUMER,BE,FUTURE CONSUMER LIMITED,H
FCSSOFT,EQ,FCS SOFTWARE SOLN. LTD.,H
FEL,BZ,FUTURE ENTERPRISES LTD,H
FLFL,BZ,FUT LIFESTYLE FASH LTD,H
FMNL,BE,FUTURE MKT NETWORKS LTD,H
FRETAIL,BZ,FUTURE RETAIL LIMITED,H
FSC,BZ,FUTURE SUPP CHAIN SOL LTD,H
GANGAFORGE,BE,GANGA FORGING LIMITED,H
GATECH,BE,GACM TECHNOLOGIES LIMITED,H
GATECHDVR,BE,GACM TECHNOLOGIES LIMITED,H
GENCON,EQ,GENERIC ENG CONS PROJ LTD,H
GENUSPOWER,EQ,GENUS POWER INFRASTRU LTD,H
GILLANDERS,BE,GILLANDERS ARBUTHNOT LTD,H
GINNIFILA,EQ,GINNI FILAMENTS LTD,H
GKWLIMITED,EQ,GKW LIMITED,H
GLFL,BE,GUJARAT LEASE FINANCING L,H
GLOBALVECT,BE,GLOBAL VEC HELICORP LTD,H
GOENKA,BZ,GOENKA DIAMOND&JEWELS LTD,H
GOKUL,BE,GOKUL REFOILS & SOLV LTD,H
GOLDENTOBC,BZ,GOLDEN TOBACCO LIMITED,H
GOYALALUM,BE,GOYAL ALUMINIUMS LIMITED,H
GRAPHISAD,SM,GRAPHISADS LIMITED,H
GRCL,SM,GAYATRI RUBB AND CHEM LTD,H
GREENPOWER,BE,ORIENT GREEN POWER CO LTD,H
GSLSU,EQ,GLOBAL SURFACES LIMITED,H
GSTL,SM,GLOBESECURE TECHNO LTD,H
GTL,BE,GTL LTD,H
GTLINFRA,EQ,GTL INFRA.LTD,H
GUJAPOLLO,BE,GUJ. APOLLO IND. LTD.,H
GVKPIL,EQ,GVK POW. & INFRA LTD.,H
GVPTECH,EQ,GVP INFOTECH LIMITED,H
HAVISHA,BE,SRI HAVISHA HOSP & INFR L,H
HBSL,BE,HB STOCKHOLDINGS LIMITED,H
HCL-INSYS,EQ,HCL INFOSYSTEMS LTD,H
HDIL,BZ,HOUSING DEV & INFRA LTD,H
HILTON,EQ,HILTON METAL FORGING LTD,H
HINDNATGLS,BE,HIND NATL GLASS & IND LTD,H
HMAAGRO,EQ,HMA AGRO INDUSTRIES LTD,H
HMT,BZ,HMT LTD -,H
ICDSLTD,BE,ICDSLTD,H
IEL,EQ,INDIABULLS ENT LTD,H
IFCI,EQ,IFCI LTD,H
IMPEXFERRO,BE,IMPEX FERRO TECH LIMITED,H
INDOSTAR,EQ,INDOSTAR CAPITAL FIN LTD,H
INDOWIND,BE,INDOWIND ENERGY LTD,H
INDRAMEDCO,EQ,INDRAPRASTHA MEDICAL CORP,H
INNOVATIVE,ST,INNOVATIVE TYRES & TUBES,H
INOXGREEN,BE,INOX GREEN ENERGY SER LTD,H
INVENTURE,BE,INVENTURE GRO & SEC LTD,H
IREDA,EQ,INDIAN RENEWABLE ENERGY,H
IRIS,EQ,IRIS BUSINESS SERV LTD,H
ISHAN,ST,ISHAN INTERNATIONAL LTD,H
ITALIANE,SM,ITALIAN EDIBLES LIMITED,H
ITDC,EQ,INDIA TOUR. DEV. CO. LTD.,H
IVP,BE,IVP LIMITED,H
IZMO,EQ,IZMO LIMITED,H
JAYNECOIND,EQ,JAYASWAL NECO INDUSTR LTD,H
JETAIRWAYS,BZ,JET AIRWAYS (INDIA) LTD.,H
JHS,BE,JHS SVEND. LAB. LTD,H
JPASSOCIAT,EQ,JAIPRAKASH ASSOCIATES LTD,H
JPPOWER,BE,JAIPRAKASH POWER VEN. LTD,H
JYOTISTRUC,BE,JYOTI STRUCTURES,H
KAMATHOTEL,EQ,KAMAT HOTELS (I) LTD,H
KAMDHENU,EQ,KAMDHENU LIMITED,H
KANANIIND,BE,KANANI INDUSTRIES LTD,H
KAPSTON,EQ,KAPSTON SERVICES LIMITED,H
KAUSHALYA,EQ,KAUSHALYA INFRA DEV LTD.,H
KAVVERITEL,EQ,KAVVERI TEL. LTD.,H
KBCGLOBAL,EQ,KBC GLOBAL LIMITED,H
KCEIL,SM,KAY CEE ENERGY & INFRA L,H
KCK,ST,KCK INDUSTRIES LTD,H
KEEPLEARN,EQ,DSJ KEEP LEARNING LTD,H
KEYFINSERV,EQ,KEYNOTE FIN SERV LTD.,H
KHAITANLTD,EQ,KHAITAN (INDIA)LTD.,H
KPIGREEN,EQ,KPI GREEN ENERGY LIMITED,H
KREBSBIO,EQ,KREBS BIOCHEMICALS & IND,H
KRITIKA,BE,KRITIKA WIRES LIMITED,H
KSHITIJPOL,BE,KSHITIJ POLYLINE LIMITED,H
LAGNAM,BE,LAGNAM SPINTEX LIMITED,H
LAKPRE,BZ,LAKSHMI PRE SCRE LTD,H
LASA,EQ,LASA SUPERGENERICS LTD,H
LCCINFOTEC,BE,LCC INFOTECH LTD,H
LGBFORGE,EQ,LGB FORGE LIMITED,H
LGHL,EQ,LAXMI GOLDORNA HOUSE LTD,H
LOTUSEYE,BE,LOTUS EYE HOSP & INST L,H
LYPSAGEMS,EQ,LYPSA GEMS & JEWEL LTD,H
MADHAV,BE,MADHAV MARBLE & GRANITE,H
MADHUCON,BE,MADHUCON PROJECTS LTD.,H
MAGNUM,EQ,MAGNUM VENTURES LTD.,H
MAITREYA,SM,MAITREYA MEDICARE LIMITED,H
MALUPAPER,BE,MALU PAPER MILLS LIMITED,H
MANAKALUCO,BE,MANAK ALUMINIUM CO. LTD.,H
MANAKCOAT,EQ,MAN COAT METAL & IND LTD,H
MANAKSTEEL,BE,MANAKSIA STEELS LTD,H
MANUGRAPH,BE,MANUGRAPH INDIA LIMITED,H
MARSHALL,BE,MARSHALL MACHINES LTD,H
MCL,BE,MADHAV COPPER LIMITED,H
MCLEODRUSS,BE,MCLEOD RUSSEL INDIA LTD.,H
MDL,ST,MARVEL DECOR LIMITED,H
MELSTAR,BZ,MELSTAR INFORMATION TECH,H
METALFORGE,BZ,METALYST FORGINGS LIMITED,H
MICEL,EQ,MIC ELECTRONICS LTD,H
MIRCELECTR,EQ,MIRC ELECTRONICS LTD,H
MITTAL,BE,MITTAL LIFE STYLE LIMITED,H
MKPL,BE,M K PROTEINS LIMITED,H
MMTC,EQ,MMTC LIMITED,H
MOKSH,BE,MOKSH ORNAMENTS LIMITED,H
MONOPHARMA,SM,MONO PHARMACARE LIMITED,H
MORARJEE,BE,MORARJEE TEXTILES LIMITED,H
MOS,SM,MOS UTILITY LIMITED,H
MOTOGENFIN,BE,MOTOR & GENERAL FINANCE L,H
MTEDUCARE,BE,MT EDUCARE LTD,H
MTNL,EQ,MAHANAGAR TELEPHONE NIGAM,H
MUFIN,EQ,MUFIN GREEN FINANCE LTD,H
NAGAFERT,EQ,NAGARJUN FERT AND CHE LTD,H
NAGREEKCAP,BE,NAGREEKA CAP & INFR.LTD,H
NBCC,EQ,NBCC (INDIA) LIMITED,H
NDL,EQ,NANDAN DENIM LIMITED,H
NILAINFRA,BE,NILA INFRASTRUCTURES LTD,H
NILASPACES,EQ,NILA SPACES LIMITED,H
NINSYS,EQ,NINTEC SYSTEMS LIMITED,H
NIRAJ,BE,NIRAJ CEMENT STRUC LTD,H
NITCO,BE,NITCO LIMITED,H
NOIDATOLL,BE,NOIDA TOLL BRIDGE CO LTD,H
NORBTEAEXP,EQ,NORBEN TEA & EXPORTS LTD,H
NTL,BE,NEUEON TOWERS LIMITED,H
NUCLEUS,EQ,NUCLEUS SOFTWARE EXPORTS,H
OMAXAUTO,BE,OMAX AUTOS LTD,H
OMKARCHEM,BZ,OMKAR SPL CHEM LTD,H
ORIENTALTL,BE,ORIENTAL TRIMEX LTD,H
ORIENTLTD,EQ,ORIENT PRESS LIMITED,H
ORTEL,BZ,ORTEL COMMUNICATIONS LTD,H
ORTINLAB,EQ,ORTIN LABORATORIES LTD,H
OSIAHYPER,BE,OSIA HYPER RETAIL LIMITED,H
PANACHE,EQ,PANACHE DIGILIFE LIMITED,H
PARACABLES,EQ,PARAMOUNT COMM LTD,H
PARSVNATH,EQ,PARSVNATH DEVELOPER LTD,H
PERFECT,ST,PERFECT INFRAENGINEER LTD,H
PILITA,BE,PIL ITALICA LIFESTYLE LTD,H
PLAZACABLE,EQ,PLAZA WIRES LIMITED,H
PRAENG,BE,PRAJAY ENG. SYN. LTD.,H
PRAKASHSTL,BE,PRAKASH STEELAGE LTD,H
PRAMARA,SM,PRAMARA PROMOTIONS LTD,H
PRATHAM,ST,PRATHAM EPC PROJECTS LTD,H
PRAXIS,BE,PRAXIS HOME RETAIL LTD,H
PREMIER,BE,PREMIER LIMITED,H
PROLIFE,SM,PROLIFE INDUSTRIES LTD,H
PRUDMOULI,BE,PRUDENTIAL SUGAR CORPORAT,H
QFIL,SM,QUALITY FOILS (INDIA) LTD,H
RAJMET,BE,RAJNANDINI METAL LIMITED,H
RAJTV,BE,RAJ TV NETWORK LTD,H
RANEENGINE,EQ,RANE ENG VALVE LTD,H
RCOM,BE,RELIANCE COMMUNICATIONS L,H
RKDL,BE,RAVI KUMAR DIST. LTD.,H
ROLLT,EQ,ROLLATAINERS LIMITED,H
ROLTA,BZ,ROLTA INDIA LTD,H
RPOWER,BE,RELIANCE POWER LTD.,H
RSSOFTWARE,BE,R. S. SOFTWARE (INDIA) LI,H
RTNPOWER,BE,RATTANINDIA POWER LIMITED,H
RUCHINFRA,EQ,RUCHI INFRASTRUCTURE LTD,H
SABEVENTS,BE,SAB EVENTS & GOVERNANCE,H
SABTNL,BE,SRI ADHIKARI BRO TELE N L,H
SADBHAV,EQ,SADBHAV ENGINEERING LTD,H
SAGARDEEP,BE,SAGARDEEP ALLOYS LIMITED,H
SALASAR,EQ,SALASAR TECHNO ENGG. LTD.,H
SALZERELEC,EQ,SALZER ELECTRONICS LTD,H
SAMBHAAV,BE,SAMBHAAV MEDIA LTD,H
SANCO,BZ,SANCO INDUSTRIES LIMITED,H
SANDUMA,EQ,SANDUR MANG & IRON ORES L,H
SANGHIIND,EQ,SANGHI INDUSTRIES LTD,H
SANGINITA,BE,SANGINITA CHEMICALS LTD,H
SANWARIA,BZ,SANWARIA CONSUMER LIMITED,H
SARTELE,SM,SAR TELEVENTURE LIMITED,H
SARVESHWAR,BE,SARVESHWAR FOODS LIMITED,H
SCHNEIDER,BE,SCHNEIDER ELECTRIC INFRA,H
SCILAL,BE,SHIPPING CORP OF ILA LTD,H
SECMARK,BE,SECMARK CONSULTANCY LTD,H
SECURCRED,EQ,SECUR CREDENTIALS LIMITED,H
SECURKLOUD,BE,SECUREKLOUD TECH LIMITED,H
SEL,ST,SUNGARNER ENERGIES LTD,H
SELMC,EQ,SEL MANUFACTURING CO LTD,H
SEPC,EQ,SEPC LIMITED,H
SERVOTECH,BE,SERVOTECH POWER SYS LTD.,H
SETCO,EQ,SETCO AUTOMOTIVE LTD,H
SETUINFRA,BZ,SETUBANDHAN INFRA LTD,H
SEYAIND,BE,SEYA INDUSTRIES LIMITED,H
SHAH,EQ,SHAH METACORP LIMITED,H
SHAHALLOYS,BE,SHAH ALLOYS LIMITED,H
SHAKTIPUMP,BE,SHAKTI PUMPS (I) LTD,H
SHIGAN,SM,SHIGAN QUANTUM TECH LTD,H
SHIVATEX,BE,SHIVA TEXYARN LIMITED,H
SHRENIK,EQ,SHRENIK LIMITED,H
SHYAMCENT,BE,SHYAM CENTURY FERROUS LTD,H
SICALLOG,BE,SICAL LOGISTICS LIMITED,H
SILGO,BE,SILGO RETAIL LIMITED,H
SILLYMONKS,EQ,SILLY MONKS ENTERTAIN LTD,H
SIMPLEXINF,BE,SIMPLEX INFRASTRUCTURES L,H
SITINET,BE,SITI NETWORKS LIMITED,H
SKMEGGPROD,EQ,SKM EGG PROD EXPORT(I) LT,H
SKYGOLD,BE,SKY GOLD LIMITED,H
SMVD,SM,SMVD POLY PACK LIMITED,H
SOFTTECH,BE,SOFTTECH ENGINEERS LTD,H
SOUTHWEST,EQ,SOUTH WEST PINNACLE LTD,H
SPTL,BE,SINTEX PLASTICS TECH LTD,H
SUMEETINDS,BE,SUMEET IND LIMITED,H
SUMIT,EQ,SUMIT WOODS LIMITED,H
SUPERSPIN,BE,SUPER SPINNING MILLS LTD,H
SUPREMEINF,BZ,SUPREME INFRA. LTD,H
SUPREMEPWR,SM,SUPREME POWER EQUIPMENT L,H
SURANASOL,EQ,SURANA SOLAR LIMITED,H
SURANAT&P,BE,SURANA TELECOM AND POW LT,H
SURANI,SM,SURANI STEEL TUBES LTD.,H
SUVEN,BE,SUVEN LIFE SCIENCES LTD,H
SUVIDHAA,BE,SUVIDHAA INFOSERVE LTD,H
SVPGLOB,EQ,SVP GLOBAL TEXTILES LTD,H
SWELECTES,EQ,SWELECT ENERGY SYS LTD,H
SYNCOMF,BE,SYNCOM FORMU (I) LTD,H
TALBROAUTO,BE,TALBROS AUTO. COMP. LTD,H
TARC,BE,TARC LIMITED,H
TARMAT,BE,TARMAT LIMITED,H
TATAINVEST,BE,TATA INVESTMENT CORP LTD,H
TECILCHEM,BE,TECIL CHEMICALS,H
TERASOFT,BE,TERA SOFTWARE LIMITED,H
TGBHOTELS,EQ,TGB BANQUETS&HOTELS LTD,H
TIRUPATIFL,BE,TIRUPATI FORGE LIMITED,H
TNTELE,BE,TAMILNADU TELECOMMUNICATI,H
TOUCHWOOD,EQ,TOUCHWOOD ENTERTAIN LTD.,H
TREEHOUSE,BE,TREE HOUSE EDU LTD,H
TRIL,BE,TRANS & RECTI. LTD,H
TVVISION,BE,TV VISION LIMITED,H
UMESLTD,BE,USHA MARTIN EDU & SOL LTD,H
UNIINFO,BE,UNIINFO TELECOM SERVI LTD,H
UNITECH,BZ,UNITECH LIMITED,H
URJA,BE,URJA GLOBAL LIMITED,H
USK,BE,UDAYSHIVAKUMAR INFRA LTD,H
V2RETAIL,BE,V2 RETAIL LIMITED,H
VASWANI,BE,VASWANI IND LTD,H
VCL,BE,VAXTEX COTFAB LIMITED,H
VIKASLIFE,BE,VIKAS LIFECARE LIMITED,H
VINEETLAB,BE,VINEET LABORATORIES LTD,H
VIPULLTD,BE,VIPUL LIMITED,H
VISASTEEL,BE,VISA STEEL LIMITED,H
VISESHINFO,BZ,VISESH INFOTECNICS LTD,H
VISHNUINFR,SM,VISHNUSURYA PROJ N INFR L,H
VIVIANA,ST,VIVIANA POWER TECH LTD,H
VIVIDHA,BE,VISAGAR POLYTEX LTD,H
VLEGOV,BE,VL E GOV AND IT SOL LTD,H
VMARCIND,SM,V MARC INDIA LIMITED,H
WALCHANNAG,BE,WALCHANDNAGAR INDUSTRIES,H
WALPAR,ST,WALPAR NUTRITIONS LIMITED,H
WEBELSOLAR,EQ,WEBSOL ENERGY SYSTEM LTD,H
WEL,EQ,WONDER ELECTRICALS LTD,H
WELINV,EQ,WELSPUN INV & COMM LTD,H
WINSOME,BE,WINSOME YARNS LIMITED,H
ZEELEARN,BE,ZEE LEARN LIMITED,H
ZENITHSTL,EQ,ZENITH STEEL PIP IND LTD,H
ZENTEC,EQ,ZEN TECHNOLOGIES LIMITED,H
AKANKSHA,SM,AKANKSHA POWER N INFRA L,L
ASHAPURMIN,EQ,ASHAPURA MINECHEM LTD,L
BALKRI-RE,BE,BALKRSHNA PAPER MILLS LTD,L
BLBLIMITED,BE,BLB LIMITED,L
BLUECHIP,BE,BLUE CHIP INDIA LIMITED,L
ENFUSE,ST,ENFUSE SOLUTIONS LIMITED,L
FLEXITUFF,EQ,FLEXITUFF VENTURES INT L,L
GATECHDVR,BE,GACM TECHNOLOGIES LIMITED,L
GICL,SM,GLOBE INTL CARRIERS LTD,L
GIRIRAJ,ST,GIRIRAJ CIVIL DEVP LTD,L
GOENKA,BZ,GOENKA DIAMOND&JEWELS LTD,L
HDIL,BZ,HOUSING DEV & INFRA LTD,L
ISHAN,ST,ISHAN INTERNATIONAL LTD,L
JAIBALAJI,BE,JAI BALAJI INDUSTRIES LTD,L
JALAN,SM,JALAN TRANSOLU. INDIA LTD,L
JETAIRWAYS,BZ,JET AIRWAYS (INDIA) LTD.,L
KAVVERITEL,EQ,KAVVERI TEL. LTD.,L
KBCGLOBAL,EQ,KBC GLOBAL LIMITED,L
KDL,SM,KORE DIGITAL LIMITED,L
KRITIKA,BE,KRITIKA WIRES LIMITED,L
LATTEYS,BE,LATTEYS INDUSTRIES LTD,L
LGHL,EQ,LAXMI GOLDORNA HOUSE LTD,L
MELSTAR,BZ,MELSTAR INFORMATION TECH,L
MEP,BE,MEP INFRA. DEVELOPERS LTD,L
MSPL,EQ,MSP STEEL & POWER LTD.,L
NAGREEKEXP,EQ,NAGREEKA EXPORTS LTD.,L
NAMAN,ST,NAMAN IN-STORE (INDIA) L,L
NKIND,BE,NKINDUSTRIES LTD,L
OMFURN,SM,OMFURN INDIA LIMITED,L
ONELIFECAP,BE,ONELIFE CAP ADVISORS LTD,L
RAJRILTD,BE,RAJ RAYON INDUSTRIES LTD,L
RHL,BE,ROBUST HOTELS LIMITED,L
SECL,SM,SALASAR EXTERIOR CONT LTD,L
SHRENIK,EQ,SHRENIK LIMITED,L
SIGNORIA,ST,SIGNORIA CREATION LIMITED,L
SPECTRUM,SM,SPECTRUM ELECTRIC IND LTD,L
SRPL,BE,SHREE RAM PROTEINS LTD.,L
TPHQ,BE,TEAMO PRODUCTIONS HQ LTD,L
TRANSWIND,ST,TRANSWIND INFRA LIMITED,L
UMAEXPORTS,BE,UMA EXPORTS LIMITED,L
URBAN,SM,URBAN ENVIRO WASTE MGMT L,L
VCL,BE,VAXTEX COTFAB LIMITED,L
VEDL,T0,VEDANTA LIMITED,L
WINSOME,BE,WINSOME YARNS LIMITED,L
