GAIN_LOSS,SECURITY,CLOSE_PRIC,PREV_CL_PR,PERCENT_CG
 ,Nifty 50 Sec., , , 
 , , , , 
G,TATA CONSUMER PRODUCT LTD,      1131.15,      1086.90,4.07
G,MAHINDRA & MAHINDRA LTD,      1971.95,      1915.95,2.92
G,BAJAJ AUTO LIMITED,      9276.10,      9042.15,2.59
G,BHARAT PETROLEUM CORP  LT,       615.80,       600.70,2.51
G,ADANI PORT & SEZ LTD,      1404.15,      1375.90,2.05
G,DIVI S LABORATORIES LTD,      3622.50,      3567.95,1.53
G,NESTLE INDIA LIMITED,      2623.30,      2585.60,1.46
G,SHRIRAM FINANCE LIMITED,      2465.95,      2431.75,1.41
G,TATA MOTORS LIMITED,      1004.65,       992.25,1.25
G,INDUSIND BANK LIMITED,      1559.40,      1542.40,1.1
G,STATE BANK OF INDIA,       766.40,       758.30,1.07
G,OIL AND NATURAL GAS CORP.,       272.50,       269.90,.96
G,TATA STEEL LIMITED,       164.65,       163.15,.92
G,ULTRATECH CEMENT LIMITED,     10038.15,      9954.40,.84
G,JSW STEEL LIMITED,       879.25,       871.95,.84
G,NTPC LTD,       344.80,       342.35,.72
G,HDFC BANK LTD,      1480.15,      1470.50,.66
G,BAJAJ FINSERV LTD.,      1656.55,      1646.00,.64
G,GRASIM INDUSTRIES LTD,      2306.30,      2292.55,.6
G,ADANI ENTERPRISES LIMITED,      3268.75,      3252.10,.51
G,TITAN COMPANY LIMITED,      3755.95,      3738.40,.47
G,HINDALCO  INDUSTRIES  LTD,       571.20,       568.60,.46
G,LTIMINDTREE LIMITED,      4900.75,      4882.60,.37
G,COAL INDIA LTD,       443.20,       442.05,.26
G,RELIANCE INDUSTRIES LTD,      2973.90,      2969.55,.15
G,ASIAN PAINTS LIMITED,      2874.20,      2871.00,.11
G,BRITANNIA INDUSTRIES LTD,      4899.95,      4895.20,.1
G,HINDUSTAN UNILEVER LTD.,      2286.70,      2285.90,.03
 , , , , 
L,HERO MOTOCORP LIMITED,      4560.80,      4680.75,-2.56
L,KOTAK MAHINDRA BANK LTD,      1757.40,      1790.70,-1.86
L,HCL TECHNOLOGIES LTD,      1528.30,      1556.70,-1.82
L,ICICI BANK LTD.,      1081.20,      1099.65,-1.68
L,SBI LIFE INSURANCE CO LTD,      1470.60,      1489.95,-1.3
L,INFOSYS LIMITED,      1482.85,      1495.45,-0.84
L,TATA CONSULTANCY SERV LT,      3883.80,      3916.75,-0.84
L,LARSEN & TOUBRO LTD.,      3807.40,      3838.00,-0.8
L,WIPRO LTD,       481.20,       484.95,-0.77
L,BHARTI AIRTEL LIMITED,      1208.25,      1217.35,-0.75
L,TECH MAHINDRA LIMITED,      1236.80,      1244.55,-0.62
L,EICHER MOTORS LTD,      3922.20,      3946.65,-0.62
L,CIPLA LTD,      1489.40,      1498.65,-0.62
L,BAJAJ FINANCE LIMITED,      7207.40,      7250.95,-0.6
L,APOLLO HOSPITALS ENTER. L,      6419.75,      6457.25,-0.58
L,AXIS BANK LIMITED,      1047.20,      1053.10,-0.56
L,HDFC LIFE INS CO LTD,       631.90,       634.75,-0.45
L,SUN PHARMACEUTICAL IND L,      1622.25,      1629.25,-0.43
L,POWER GRID CORP. LTD.,       279.55,       280.15,-0.21
L,DR. REDDY S LABORATORIES,      6237.55,      6250.35,-0.2
L,ITC LTD,       425.85,       426.70,-0.2
L,MARUTI SUZUKI INDIA LTD.,     12552.45,     12569.60,-0.14
 , , , , 
 ,Nifty Next 50 Sec., , , 
 , , , , 
G,ADANI POWER LTD,       588.45,       560.45,5
G,VEDANTA LIMITED,       301.30,       287.50,4.8
G,BHARAT ELECTRONICS LTD,       221.00,       211.10,4.69
G,HINDUSTAN AERONAUTICS LTD,      3543.00,      3403.35,4.1
G,INDIAN RAIL TOUR CORP LTD,      1003.80,       970.15,3.47
G,JINDAL STEEL & POWER LTD,       896.90,       868.35,3.29
G,INDIAN OIL CORP LTD,       174.20,       169.25,2.92
G,LIFE INSURA CORP OF INDIA,       998.40,       970.60,2.86
G,COLGATE PALMOLIVE LTD.,      2782.60,      2716.20,2.44
G,AMBUJA CEMENTS LTD,       634.70,       621.50,2.12
G,BOSCH LIMITED,     30915.85,     30282.30,2.09
G,SIEMENS LTD,      5576.85,      5462.90,2.09
G,HAVELLS INDIA LIMITED,      1544.15,      1514.45,1.96
G,BANK OF BARODA,       271.30,       266.75,1.71
G,POWER FIN CORP LTD.,       407.55,       401.20,1.58
G,ICICI PRU LIFE INS CO LTD,       623.30,       616.10,1.17
G,CHOLAMANDALAM IN & FIN CO,      1197.25,      1185.40,1
G,CANARA BANK,       594.70,       589.05,0.96
G,BERGER PAINTS (I) LTD,       571.70,       566.45,0.93
G,INDIAN RAILWAY FIN CORP L,       146.10,       144.80,0.9
G,VARUN BEVERAGES LIMITED,      1409.45,      1397.20,0.88
G,PUNJAB NATIONAL BANK,       126.70,       125.60,0.88
G,REC LIMITED,       463.80,       460.55,0.71
G,ADANI TOTAL GAS LIMITED,       976.25,       969.55,0.69
G,SAMVRDHNA MTHRSN INTL LTD,       120.95,       120.15,0.67
G,MARICO LIMITED,       499.00,       495.80,0.65
G,SBI CARDS & PAY SER LTD,       692.35,       688.05,0.62
G,TVS MOTOR COMPANY  LTD,      2150.55,      2139.10,0.54
G,INTERGLOBE AVIATION LTD,      3567.80,      3548.95,0.53
G,GAIL (INDIA) LTD,       183.30,       182.35,0.52
 , , , , 
L,PIDILITE INDUSTRIES LTD,      2999.75,      3051.55,-1.7
L,AVENUE SUPERMARTS LIMITED,      4411.85,      4483.30,-1.59
L,GODREJ CONSUMER PRODUCTS,      1209.15,      1228.35,-1.56
L,DLF LIMITED,       934.85,       948.25,-1.41
L,ADANI ENERGY SOLUTION LTD,      1098.35,      1112.00,-1.23
L,ABB INDIA LIMITED,      6429.85,      6504.65,-1.15
L,INFO EDGE (I) LTD,      5656.00,      5709.15,-0.93
L,ZOMATO LIMITED,       183.10,       184.50,-0.76
L,ZYDUS LIFESCIENCES LTD,       992.95,       999.80,-0.69
L,ICICI LOMBARD GIC LIMITED,      1688.90,      1697.85,-0.53
L,UNITED SPIRITS LIMITED,      1152.90,      1158.30,-0.47
L,TORRENT PHARMACEUTICALS L,      2668.55,      2675.35,-0.25
 , , , , 
 ,OTHER SECURITIES, , , 
 , , , , 
G,DRONE DESTINATION LIMITED,       163.35,       136.15,19.98
G,SECUR CREDENTIALS LIMITED,        21.45,        17.90,19.83
G,CAPITAL TRUST LIMITED,       121.00,       103.20,17.25
G,AUTOLINE INDUSTRIES LTD,       136.60,       116.85,16.9
G,DUCOL ORGS AND COLOURS LT,       113.20,        97.00,16.7
G,SONA MACHINERY LIMITED,       143.85,       126.25,13.94
G,EPIGRAL LIMITED,      1323.35,      1164.10,13.68
G,SIGACHI INDUSTRIES LTD,        69.75,        61.60,13.23
G,THEJO ENGINEERING LIMITED,      2785.20,      2463.45,13.06
G,RAJGOR CASTOR DERIVATI L,        40.20,        35.60,12.92
G,CENTRUM CAPITAL LIMITED,        35.50,        31.60,12.34
G,ADITYA BIRLA FASHION & RT,       236.15,       211.65,11.58
G,BPL LTD,       102.70,        92.05,11.57
G,SREE RAYALSEEMA HHP LTD.,       584.35,       524.50,11.41
G,TANLA PLATFORMS LIMITED,       933.80,       841.95,10.91
G,ADITYA BIRLA CAPITAL LTD.,       201.05,       181.85,10.56
G,TCNS CLOTHING CO. LIMITED,       393.95,       357.25,10.27
G,SHERA ENERGY LIMITED,       181.25,       164.45,10.22
G,PARAGON FINE S.C. LTD.,       134.95,       122.45,10.21
G,VILIN BIO MED LIMITED,        20.90,        19.00,10
G,MOS UTILITY LIMITED,       154.05,       140.05,10
G,HILTON METAL FORGING LTD,       123.40,       112.20,9.98
G,SURANA SOLAR LIMITED,        38.60,        35.10,9.97
G,KEYNOTE FIN SERV LTD.,       169.30,       153.95,9.97
G,GRAPHISADS LIMITED,        46.00,        41.85,9.92
G,NILA SPACES LIMITED,         6.70,         6.10,9.84
G,DEBOCK INDUSTRIES LIMITED,         8.45,         7.70,9.74
G,SUPREME POWER EQUIPMENT L,       139.90,       127.65,9.6
G,AARTI SURFACTANTS LIMITED,       188.60,       172.10,9.59
G,TRANSTEEL SEATING TECH L,        73.55,        67.15,9.53
 , , , , 
L,PATTECH FITWELL TUB COM L,        51.00,        55.00,-7.27
L,SUBROS LIMITED,       519.30,       548.95,-5.4
L,WEIZMANN LTD,       115.35,       121.90,-5.37
L,ISHAN INTERNATIONAL LTD,         1.80,         1.90,-5.26
L,SOLEX ENERGY LIMITED,       825.60,       870.00,-5.1
L,KORE DIGITAL LIMITED,       968.10,      1019.05,-5
L,GIRIRAJ CIVIL DEVP LTD,       488.15,       513.80,-4.99
L,WINDSOR MACHINES LIMITED,        76.15,        80.15,-4.99
L,ASHAPURA MINECHEM LTD,       362.70,       381.75,-4.99
L,FLEXITUFF VENTURES INT L,        43.95,        46.25,-4.97
L,KODY TECHNOLAB LIMITED,       946.00,       995.00,-4.92
L,ULTRA WIRING CONN SYS LTD,        83.10,        87.40,-4.92
L,MEGA FLEX PLASTICS LTD,        30.30,        31.85,-4.87
L,ZAGGLE PREPA OCEAN SER L,       268.75,       282.35,-4.82
L,TRANSWIND INFRA LIMITED,        23.80,        25.00,-4.8
L,ANAND RATHI WEALTH LTD,      3448.85,      3620.50,-4.74
L,AGRI-TECH (INDIA) LIMITED,       206.40,       216.65,-4.73
L,URBAN ENVIRO WASTE MGMT L,       338.50,       355.30,-4.73
L,ALPEX SOLAR LIMITED,       379.45,       397.90,-4.64
L,CAPLIN POINT LAB LTD.,      1312.95,      1371.75,-4.29
L,VEEKAYEM FASH & APP LTD,       248.00,       259.00,-4.25
L,MSP STEEL & POWER LTD.,        29.90,        31.20,-4.17
L,DEEM ROLL TECH LIMITED,       114.45,       119.40,-4.15
L,ROCKINGDEALS CIRCU ECO L,       368.10,       383.70,-4.07
L,EMUDHRA LIMITED,       708.15,       737.60,-3.99
L,JYOTI CNC AUTOMATION LTD,       764.15,       795.70,-3.97
L,VODAFONE IDEA LIMITED,        13.45,        14.00,-3.93
L,KIRLOSKAR BROTHERS LTD,      1101.40,      1146.40,-3.93
L,HOMESFY REALTY LIMITED,       450.00,       468.00,-3.85
L,AMIABLE LOGISTICS (I) LTD,        75.00,        78.00,-3.85
