SYMBOL,SERIES,SECURITY,HIGH/LOW,INDEX FLAG
21STCENMGM,BE,21ST CENTURY MGMT SERVICE,H
3PLAND,EQ,3P LAND HOLDINGS LIMITED,H
758GA37A,SG,SDL GA 7.58% 2037,H
AILIMITED,ST,ABHISHEK INTEGRATIONS LTD,H
AIMTRON,SM,AIMTRON ELECTRONICS LTD,H
AKI,EQ,AKI INDIA LIMITED,H
ALPSINDUS,BE,ALPS INDUSTRIES LTD.,H
APS,SM,AUSTRALIAN PREM SOLAR I L,H
ASHIMASYN,EQ,ASHIMA LTD,H
ASIANENE,EQ,ASIAN ENERGY SERVICES LTD,H
ASMS,EQ,BARTRONICS INDIA LIMITED,H
ATMASTCO,SM,ATMASTCO LIMITED,H
AURIONPRO,EQ,AURIONPRO SOLN LTD,H
AVSL,ST,AVSL INDUSTRIES LIMITED,H
BEACON,SM,BEACON TRUSTEESHIP LTD,H
BLUECHIP,BE,BLUE CHIP INDIA LIMITED,H
BTML,BE,BODHI TREE MULTIMEDIA LTD,H
BURNPUR,EQ,BURNPUR CEMENT LTD.,H
CLOUD,SM,VARANIUM CLOUD LIMITED,H
CMMIPL,ST,CMM INFRAPROJECTS LIMITED,H
CROWN,BE,CROWN LIFTERS LIMITED,H
CYBERMEDIA,BE,CYBER MEDIA (INDIA) LTD.,H
DCG,SM,DCG CABLES & WIRES LTD,H
DESTINY,ST,DESTINY LOGISTICS & I LTD,H
DGCONTENT,BE,DIGICONTENT LIMITED,H
DYNAMIC,SM,DYNAMIC SRVCS & SEC LTD,H
ESCONET,SM,ESCONET TECHNOLOGIES LTD,H
FEL,BZ,FUTURE ENTERPRISES LTD,H
FELDVR,BE,FUTURE ENTERPRISES LTD,H
FELIX,SM,FELIX INDUSTRIES LTD.,H
FLFL,BZ,FUT LIFESTYLE FASH LTD,H
GILLANDERS,EQ,GILLANDERS ARBUTHNOT LTD,H
GIRIRAJ,ST,GIRIRAJ CIVIL DEVP LTD,H
GODHA,EQ,GODHA CABCON INSULAT LTD,H
GOENKA,BZ,GOENKA DIAMOND&JEWELS LTD,H
GRPLTD,EQ,GRP LIMITED,H
GTLINFRA,EQ,GTL INFRA.LTD,H
HEXATRADEX,EQ,HEXA TRADEX LIMITED,H
HINDNATGLS,BE,HIND NATL GLASS & IND LTD,H
HMT,BZ,HMT LTD -,H
HUBTOWN,BE,HUBTOWN LIMITED,H
IL&FSTRANS,BZ,IL&FS TRANS NET LTD,H
INSPIRISYS,BE,INSPIRISYS SOLUTIONS LTD,H
INVENTURE,EQ,INVENTURE GRO & SEC LTD,H
ISHAN,SM,ISHAN INTERNATIONAL LTD,H
K2INFRA,SM,K2 INFRAGEN LIMITED,H
KCEIL,SM,KAY CEE ENERGY & INFRA L,H
KDL,SM,KORE DIGITAL LIMITED,H
KRISHNADEF,SM,KRISHNA DEF AND ALD IND L,H
KSHITI-RE,BE,KSHITIJ POLYLINE LIMITED,H
LAKPRE,BZ,LAKSHMI PRE SCRE LTD,H
MADHUCON,BE,MADHUCON PROJECTS LTD.,H
MAKS,SM,MAKS ENERGY SOL INDIA LTD,H
MASKINVEST,EQ,MASK INVESTMENTS LIMITED,H
MCON,SM,MCON RASAYAN INDIA LTD,H
MICEL,EQ,MIC ELECTRONICS LTD,H
MILTON,SM,MILTON INDUSTRIES LIMITED,H
NAGREEKCAP,EQ,NAGREEKA CAP & INFR.LTD,H
NILAINFRA,EQ,NILA INFRASTRUCTURES LTD,H
NOIDATOLL,BE,NOIDA TOLL BRIDGE CO LTD,H
NORBTEAEXP,EQ,NORBEN TEA & EXPORTS LTD,H
NTL,BE,NEUEON TOWERS LIMITED,H
OMKARCHEM,BZ,OMKAR SPL CHEM LTD,H
PARIN,SM,PARIN FURNITURE LIMITED,H
PKTEA,EQ,THE P K TEA PROD CO LTD,H
PRATHAM,SM,PRATHAM EPC PROJECTS LTD,H
PREMIER,BE,PREMIER LIMITED,H
RAJTV,BE,RAJ TV NETWORK LTD,H
REGENCERAM,BE,REGENCYCERAMICS-LTD,H
RETAIL,BE,JHS SVENDGAARD RETAIL V L,H
RILINFRA,SM,RACHANA INFRA LTD,H
RKEC,EQ,RKEC PROJECTS LIMITED,H
SEJALLTD,BE,SEJAL GLASS LIMITED,H
SEMAC,BE,SEMAC CONSULTANTS LIMITED,H
SETCO,BE,SETCO AUTOMOTIVE LTD,H
SHAKTIPUMP,BE,SHAKTI PUMPS (I) LTD,H
SICALLOG,BE,SICAL LOGISTICS LIMITED,H
SITINET,BE,SITI NETWORKS LIMITED,H
SJLOGISTIC,SM,S J LOGISTICS (INDIA) LTD,H
SONUINFRA,SM,SONU INFRATECH LIMITED,H
SOTAC,SM,SOTAC PHARMACEUTICALS LTD,H
SRPL,BE,SHREE RAM PROTEINS LTD.,H
SURANAT&P,EQ,SURANA TELECOM AND POW LT,H
TARACHAND,BE,TARA CHAND INFRA SOLN LTD,H
TGL,SM,TEERTH GOPICON LIMITED,H
TIJARIA,BE,TIJARIA POLYPIPES LTD,H
TPHQ,EQ,TEAMO PRODUCTIONS HQ LTD,H
UNIVASTU,BE,UNIVASTU INDIA LIMITED,H
V2RETAIL,BE,V2 RETAIL LIMITED,H
VARDMNPOLY,EQ,VARDHMAN POLYTEX LTD.,H
VASA,SM,VASA RETAIL & OVERSEA LTD,H
VCL,BE,VAXTEX COTFAB LIMITED,H
VIJIFIN,BE,VIJI FINANCE LIMITED,H
VISASTEEL,BE,VISA STEEL LIMITED,H
VSCL,ST,VADIVARHE SPCLTY CHEM LTD,H
WALPAR,SM,WALPAR NUTRITIONS LIMITED,H
WELINV,EQ,WELSPUN INV & COMM LTD,H
WINNY,ST,WINNY IMMIGRA & EDU SER L,H
WOCKPHARMA,EQ,WOCKHARDT LIMITED,H
WOMANCART,SM,WOMANCART LIMITED,H
ZENITHSTL,EQ,ZENITH STEEL PIP IND LTD,H
ZODIAC,BE,ZODIAC ENERGY LIMITED,H
ABSMARINE,SM,ABS MARINE SERVICES LTD,L
ACCURACY,BE,ACCURACY SHIPPING LIMITED,L
AFIL,BE,AKME FINTRADE (INDIA) LTD,L
AGUL,SM,A G UNIVERSAL LIMITED,L
AIMTRON,SM,AIMTRON ELECTRONICS LTD,L
AKI,EQ,AKI INDIA LIMITED,L
ALPEXSOLAR,SM,ALPEX SOLAR LIMITED,L
AMBICAAGAR,EQ,AMBICA AGAR & AROMAINDLTD,L
AMEYA,SM,AMEYA PRECISION ENG LTD,L
ASCOM,ST,ASCOM LEASIN & INVEST LTD,L
ATMASTCO,SM,ATMASTCO LIMITED,L
BAHETI,SM,BAHETI RECYCLING IND LTD,L
BLUEPEBBLE,SM,BLUE PEBBLE LIMITED,L
BYKE,BE,THE BYKE HOSPITALITY LTD,L
CELLECOR,SM,CELLECOR GADGETS LIMITED,L
CGRAPHICS,SM,CREATIVE GRAPHICS S IND L,L
CMRSL,SM,CYBER MEDIA RES & SER LTD,L
CORDSCABLE,BE,CORDS CABLE INDUS LTD.,L
DHANBANK,EQ,DHANLAXMI BANK LIMITED,L
DNAMEDIA,EQ,DILIGENT MEDIA CORP LTD.,L
DURLAX,ST,DURLAX TOP SURFACE LTD,L
E2E,BE,E2E NETWORKS LIMITED,L
EIMCOELECO,EQ,EIMCO ELECON (INDIA) LTD,L
FALCONTECH,ST,FALCON TECHNOPROJ IND LTD,L
FMNL,EQ,FUTURE MKT NETWORKS LTD,L
FSC,BZ,FUTURE SUPP CHAIN SOL LTD,L
GICL,SM,GLOBE INTL CARRIERS LTD,L
GMRP&UI,EQ,GMR POW AND URBAN INFRA L,L
GPECO,ST,GP ECO SOLUTIONS INDIA L,L
GSMFOILS,ST,GSM FOILS LIMITED,L
HAVISHA,EQ,SRI HAVISHA HOSP & INFR L,L
INFOMEDIA,BE,INFOMEDIA PRESS LIMITED,L
JUBLINDS,EQ,JUBILANT INDUSTRIES LTD,L
K2INFRA,SM,K2 INFRAGEN LIMITED,L
KARMAENG,EQ,KARMA ENERGY LIMITED,L
KCK,ST,KCK INDUSTRIES LTD,L
KODYTECH,SM,KODY TECHNOLAB LIMITED,L
KRIDHANINF,BE,KRIDHAN INFRA LIMITED,L
LGBFORGE,BE,LGB FORGE LIMITED,L
LLOYDS,SM,LLOYDS LUXURIES LIMITED,L
MAGNUM,EQ,MAGNUM VENTURES LTD.,L
MBECL,BE,MCNALLY BH. ENG. CO.LTD,L
MOHITIND,BE,MOHIT INDUSTRIES LTD,L
MTEDUCARE,BE,MT EDUCARE LTD,L
OMINFRAL,BE,OM INFRA LIMITED,L
ORIANA,SM,ORIANA POWER LIMITED,L
OSIAHYPER,BE,OSIA HYPER RETAIL LIMITED,L
OWAIS,SM,OWAIS METAL & MINERAL,L
PERFECT,SM,PERFECT INFRAENGINEER LTD,L
PRAMARA,SM,PRAMARA PROMOTIONS LTD,L
PREMEXPLN,BE,PREMIER EXPLOSIVES LTD,L
PRITIKAUTO,EQ,PRITIKA AUTO INDUS LTD,L
RADAAN,BE,RADAAN MEDIAWORKS (I) LTD,L
RAJRILTD,BE,RAJ RAYON INDUSTRIES LTD,L
REFRACTORY,SM,REFRACTORY SHAPES LIMITED,L
RKDL,BE,RAVI KUMAR DIST. LTD.,L
RSSOFTWARE,BE,R. S. SOFTWARE (INDIA) LI,L
SAMPANN,BE,SAMPANN UTPADAN INDIA LTD,L
SARTELE,SM,SAR TELEVENTURE LIMITED,L
SECURCRED,BE,SECUR CREDENTIALS LIMITED,L
SHEETAL,ST,SHEETAL UNIVERSAL LIMITED,L
SHRADHA,BE,SHRADHA INFRAPROJECTS LTD,L
SIGNORIA,SM,SIGNORIA CREATION LIMITED,L
SIKKO,BE,SIKKO INDUSTRIES LIMITED,L
SIMBHALS,BE,SIMBHAOLI SUGARS LTD.,L
SKYGOLD,BE,SKY GOLD LIMITED,L
SOLARAPP,E1,SOLAR ACT RS.3.50 PPD UP,L
SOMICONVEY,EQ,SOMI CONVEYOR BELT. LTD.,L
SPECTRUM,SM,SPECTRUM ELECTRIC IND LTD,L
SPECTSTM,SM,SPECTRUM TALENT MGMT LTD,L
SPMLINFRA,EQ,SPML INFRA LIMITED,L
SPRL,ST,SP REFRACTORIES LIMITED,L
SURANAT&P,EQ,SURANA TELECOM AND POW LT,L
SWANENERGY,EQ,SWAN ENERGY LIMITED,L
TAC,SM,TAC INFOSEC LIMITED,L
TARACHAND,BE,TARA CHAND INFRA SOLN LTD,L
TCLCONS,EQ,TANTIA CONSTRUCTIONS LTD,L
TECHLABS,SM,TRIDENT TECHLABS LIMITED,L
TECILCHEM,BE,TECIL CHEMICALS,L
TERASOFT,BE,TERA SOFTWARE LIMITED,L
TGL,SM,TEERTH GOPICON LIMITED,L
TIRUPATIFL,BE,TIRUPATI FORGE LIMITED,L
TOTAL,BE,TOTAL TRANSPORT SYS LTD,L
USK,BE,UDAYSHIVAKUMAR INFRA LTD,L
VASA,SM,VASA RETAIL & OVERSEA LTD,L
VIAZ,SM,VIAZ TYRES LIMITED,L
VIPULLTD,BE,VIPUL LIMITED,L
VISHNUINFR,SM,VISHNUSURYA PROJ N INFR L,L
WINDMACHIN,EQ,WINDSOR MACHINES LIMITED,L
WINSOME,BE,WINSOME YARNS LIMITED,L
WOMANCART,SM,WOMANCART LIMITED,L
YUDIZ,ST,YUDIZ SOLUTIONS LIMITED,L
ZTECH,SM,Z-TECH (INDIA) LIMITED,L
