GAIN_LOSS,SECURITY,CLOSE_PRIC,PREV_CL_PR,PERCENT_CG
 ,Nifty 50 Sec., , , 
 , , , , 
G,ULTRATECH CEMENT LIMITED,     11716.70,     11143.10,5.15
G,LTIMINDTREE LIMITED,      5377.05,      5177.50,3.85
G,GRASIM INDUSTRIES LTD,      2637.60,      2552.25,3.34
G,NTPC LTD,       377.15,       365.05,3.31
G,WIPRO LTD,       510.80,       495.20,3.15
G,DR. REDDY S LABORATORIES,      6235.90,      6070.05,2.73
G,JSW STEEL LIMITED,       943.15,       919.20,2.61
G,BHARAT PETROLEUM CORP  LT,       304.85,       298.40,2.16
G,TATA MOTORS LIMITED,       972.10,       951.85,2.13
G,INFOSYS LIMITED,      1573.35,      1540.70,2.12
G,TATA CONSULTANCY SERV LT,      3934.15,      3855.85,2.03
G,KOTAK MAHINDRA BANK LTD,      1830.55,      1798.15,1.8
G,HINDALCO  INDUSTRIES  LTD,       685.25,       674.70,1.56
G,POWER GRID CORP. LTD.,       331.55,       326.70,1.48
G,TECH MAHINDRA LIMITED,      1432.25,      1413.05,1.36
G,MAHINDRA & MAHINDRA LTD,      2888.95,      2851.50,1.31
G,ADANI PORT & SEZ LTD,      1485.50,      1467.80,1.21
G,BHARTI AIRTEL LIMITED,      1475.80,      1459.50,1.12
G,RELIANCE INDUSTRIES LTD,      3061.10,      3028.05,1.09
G,TATA STEEL LIMITED,       174.16,       172.56,.93
G,APOLLO HOSPITALS ENTER. L,      6192.50,      6136.80,.91
G,SBI LIFE INSURANCE CO LTD,      1463.45,      1450.90,.86
G,HCL TECHNOLOGIES LTD,      1454.90,      1443.70,.78
G,HDFC LIFE INS CO LTD,       593.25,       589.05,.71
G,HINDUSTAN UNILEVER LTD.,      2462.15,      2445.60,.68
G,ASIAN PAINTS LIMITED,      2880.85,      2863.35,.61
G,HERO MOTOCORP LIMITED,      5485.20,      5453.00,.59
G,ITC LTD,       425.60,       423.95,.39
G,INDUSIND BANK LIMITED,      1502.75,      1497.90,.32
G,AXIS BANK LIMITED,      1288.95,      1285.40,.28
 , , , , 
L,SHRIRAM FINANCE LIMITED,      2951.05,      2989.05,-1.27
L,LARSEN & TOUBRO LTD.,      3564.40,      3602.95,-1.07
L,BAJAJ AUTO LIMITED,      9417.45,      9474.65,-0.6
L,EICHER MOTORS LTD,      4713.80,      4739.70,-0.55
L,DIVI S LABORATORIES LTD,      4522.35,      4545.35,-0.51
L,COAL INDIA LTD,       467.05,       468.75,-0.36
L,SUN PHARMACEUTICAL IND L,      1516.25,      1521.15,-0.32
L,HDFC BANK LTD,      1696.15,      1701.50,-0.31
L,MARUTI SUZUKI INDIA LTD.,     12178.75,     12198.25,-0.16
L,STATE BANK OF INDIA,       844.00,       845.35,-0.16
L,TATA CONSUMER PRODUCT LTD,      1085.60,      1086.90,-0.12
L,OIL AND NATURAL GAS CORP.,       267.50,       267.75,-0.09
L,NESTLE INDIA LIMITED,      2533.75,      2534.25,-0.02
 , , , , 
 ,Nifty Next 50 Sec., , , 
 , , , , 
G,SIEMENS LTD,      7832.20,      7597.10,3.09
G,ABB INDIA LIMITED,      8643.05,      8390.85,3.01
G,SRF LTD,      2458.85,      2398.80,2.5
G,SAMVRDHNA MTHRSN INTL LTD,       198.55,       193.75,2.48
G,GAIL (INDIA) LTD,       217.95,       213.43,2.12
G,AVENUE SUPERMARTS LIMITED,      4900.10,      4801.00,2.06
G,VARUN BEVERAGES LIMITED,      1639.45,      1607.55,1.98
G,ADANI GREEN ENERGY LTD,      1808.45,      1774.30,1.92
G,REC LIMITED,       524.85,       515.60,1.79
G,BOSCH LIMITED,     34749.65,     34149.40,1.76
G,TATA POWER CO LTD,       439.45,       432.20,1.68
G,ZOMATO LIMITED,       200.15,       197.25,1.47
G,COLGATE PALMOLIVE LTD.,      2840.75,      2801.90,1.39
G,SHREE CEMENT LIMITED,     27832.45,     27498.90,1.21
G,BERGER PAINTS (I) LTD,       501.80,       495.80,1.21
G,ADANI TOTAL GAS LIMITED,       902.80,       893.65,1.02
G,ADANI ENERGY SOLUTION LTD,      1012.20,      1005.10,0.71
G,CHOLAMANDALAM IN & FIN CO,      1438.10,      1430.25,0.55
G,AMBUJA CEMENTS LTD,       660.65,       657.05,0.55
G,ICICI PRU LIFE INS CO LTD,       599.65,       596.50,0.53
G,ICICI LOMBARD GIC LIMITED,      1793.45,      1786.90,0.37
G,VEDANTA LIMITED,       443.30,       442.10,0.27
G,INDIAN RAIL TOUR CORP LTD,       991.25,       990.45,0.08
G,JINDAL STEEL & POWER LTD,      1047.35,      1047.10,0.02
 , , , , 
L,PUNJAB NATIONAL BANK,       119.20,       124.36,-4.15
L,GODREJ CONSUMER PRODUCTS,      1362.00,      1414.25,-3.69
L,HAVELLS INDIA LIMITED,      1852.85,      1918.30,-3.41
L,TVS MOTOR COMPANY  LTD,      2344.15,      2376.75,-1.37
L,DLF LIMITED,       816.75,       825.70,-1.08
L,INDIAN RAILWAY FIN CORP L,       173.17,       175.04,-1.07
L,LIFE INSURA CORP OF INDIA,       991.75,      1001.40,-0.96
L,PIDILITE INDUSTRIES LTD,      3143.95,      3173.95,-0.95
L,ZYDUS LIFESCIENCES LTD,      1057.00,      1065.80,-0.83
L,BHARAT ELECTRONICS LTD,       304.50,       306.85,-0.77
L,JIO FIN SERVICES LTD,       353.60,       356.25,-0.74
L,TORRENT PHARMACEUTICALS L,      2771.70,      2790.55,-0.68
L,TRENT LTD,      5329.00,      5363.80,-0.65
L,BAJAJ HOLDINGS & INVS LTD,      8449.90,      8503.60,-0.63
L,ADANI POWER LTD,       715.70,       719.90,-0.58
L,CANARA BANK,       118.11,       118.69,-0.49
L,INDIAN OIL CORP LTD,       163.58,       164.27,-0.42
L,DABUR INDIA LTD,       599.30,       601.80,-0.42
L,BANK OF BARODA,       279.85,       280.95,-0.39
L,MARICO LIMITED,       611.65,       613.15,-0.24
L,SBI CARDS & PAY SER LTD,       730.35,       732.00,-0.23
L,INFO EDGE (I) LTD,      6733.60,      6747.95,-0.21
L,INTERGLOBE AVIATION LTD,      4221.65,      4225.90,-0.1
L,HINDUSTAN AERONAUTICS LTD,      5281.50,      5285.45,-0.07
L,POWER FIN CORP LTD.,       479.75,       480.05,-0.06
 , , , , 
 ,OTHER SECURITIES, , , 
 , , , , 
G,DCG CABLES & WIRES LTD,       111.65,        93.05,19.99
G,BURNPUR CEMENT LTD.,         9.15,         7.63,19.92
G,BEACON TRUSTEESHIP LTD,       129.95,       111.65,16.39
G,GRP LIMITED,     11992.95,     10390.05,15.43
G,INDO AMINES LIMITED,       142.58,       123.77,15.2
G,KHFM HOS FAC MANA SER LTD,        87.20,        76.25,14.36
G,ROUTE MOBILE LIMITED,      1879.55,      1645.00,14.26
G,KDDL LIMITED,      3174.85,      2805.55,13.16
G,HINDUSTAN COMPOSITES LTD.,       509.50,       452.40,12.62
G,THE INDIA CEMENTS LIMITED,       293.23,       262.62,11.66
G,LG BALAKRISHNAN & BROS,      1424.70,      1276.70,11.59
G,VILIN BIO MED LIMITED,        20.00,        18.15,10.19
G,3P LAND HOLDINGS LIMITED,        38.06,        34.60,10
G,HEXA TRADEX LIMITED,       209.35,       190.32,10
G,THE P K TEA PROD CO LTD,       492.00,       447.30,9.99
G,ZENITH STEEL PIP IND LTD,        11.56,        10.51,9.99
G,AKANKSHA POWER N INFRA L,       136.95,       125.05,9.52
G,AUTOLINE INDUSTRIES LTD,       126.19,       115.28,9.46
G,MALLCOM (INDIA) LIMITED,      1111.40,      1018.65,9.11
G,INVENTURE GRO & SEC LTD,         3.03,         2.79,8.6
G,KRISHCA STRAPPING SLTN L,       273.90,       253.00,8.26
G,MAZAGON DOCK SHIPBUIL LTD,      4416.35,      4081.00,8.22
G,GILLANDERS ARBUTHNOT LTD,        92.84,        85.82,8.18
G,TRIDHYA TECH LIMITED,        33.10,        30.60,8.17
G,RITCO LOGISTICS LIMITED,       313.36,       289.76,8.14
G,ASAHI SONGWON COLOR LTD,       443.95,       410.90,8.04
G,WHIRLPOOL OF INDIA LTD,      1984.35,      1837.05,8.02
G,SUVEN PHARMACEUTICALS LTD,       787.35,       729.25,7.97
G,THE WESTERN INDIA PLY LTD,       169.45,       157.25,7.76
G,MANAPPURAM FINANCE LTD,       210.97,       196.27,7.49
 , , , , 
L,TFB 7.37% 2035 SR. 3A,      1055.00,      1265.00,-16.6
L,SIGNORIA CREATION LIMITED,       125.90,       142.40,-11.59
L,GRILL SPLENDOUR SER LTD,        68.75,        77.50,-11.29
L,WEIZMANN LTD,       137.69,       154.58,-10.93
L,SOMI CONVEYOR BELT. LTD.,       212.02,       235.58,-10
L,SOLAR ACT RS.3.50 PPD UP,       213.85,       237.60,-10
L,ABS MARINE SERVICES LTD,       349.40,       388.20,-9.99
L,VASA RETAIL & OVERSEA LTD,         4.10,         4.55,-9.89
L,IIFL SECURITIES LIMITED,       205.93,       228.29,-9.79
L,AWFIS SPACE SOLUTIONS LTD,       517.65,       561.95,-7.88
L,SONA MACHINERY LIMITED,       205.65,       222.50,-7.57
L,RULKA ELECTRICALS LIMITED,       509.80,       550.10,-7.33
L,MAHICKRA CHEMICAL LIMITED,       103.90,       112.00,-7.23
L,AION-TECH SOLUTIONS LTD,       133.00,       143.36,-7.23
L,NAHAR POLY FILMS LIMITED,       231.91,       249.59,-7.08
L,D K ENTERPRISES GLOBAL L,        63.80,        68.60,-7
L,CHEMBOND CHEMICALS LTD,       645.25,       691.10,-6.63
L,MARINETRANS INDIA LIMITED,        28.10,        30.05,-6.49
L,SEC RED NCD 9.40% SR. V,      1028.95,      1100.00,-6.46
L,SPECTRUM TALENT MGMT LTD,       110.20,       117.65,-6.33
L,INDIABULLS REAL EST. LTD,       144.57,       154.26,-6.28
L,AVP INFRACON LIMITED,       139.25,       148.50,-6.23
L,ANLON TECHNOLOGY SOL LTD,       521.95,       556.05,-6.13
L,DEEPAK FERTILIZERS & PETR,       659.05,       701.30,-6.02
L,JASH ENGINEERING LIMITED,      2153.30,      2290.75,-6
L,INTERIORS & MORE LIMITED,       249.60,       265.00,-5.81
L,SILKFLEX POLYMERS INDIA L,        58.45,        62.05,-5.8
L,MEGATHERM INDUCTION LTD,       425.55,       451.75,-5.8
L,BHARTI HEXACOM LIMITED,      1185.40,      1257.15,-5.71
L,FILATEX FASHIONS LIMITED,         7.75,         8.21,-5.6
