SECURITY,NEW,PREVIOUS,NEW_STATUS
21ST CENTURY MGMT SERVICE,65.28,64,H
BHARTIYA INETRNATIONAL LT,509,489.8,H
ASAHI SONGWON COLOR LTD,463,447,H
SBI-ETF NIFTY 50,253.25,253.15,H
SBIAMC - SBIETFPB,268.82,268.44,H
CORDS CABLE INDUS LTD.,254.8,209.55,H
V2 RETAIL LIMITED,764.55,745,H
ICICI LOMBARD GIC LIMITED,1814,1803.85,H
PASHUPATI COTSPIN LIMITED,520,495.4,H
SURAJ ESTATE DEVELOPERS L,489.7,487.3,H
MIRAEAMC - MAESGETF,40.56,40.19,H
ICICIPRAMC - IPRU5008,53.9,53.69,H
ATMASTCO LIMITED,361.1,343.95,H
WOMANCART LIMITED,217,206.8,H
GOI TBILL 91D-02/08/24,99.17,99.16,H
KORE DIGITAL LIMITED,1662,1582.9,H
SAMPANN UTPADAN INDIA LTD,32.24,28.5,H
SEC RE NCD 8.50% SR.III,1057.35,1056.85,H
GOI TBILL 364D-25/07/24,99.4,98.42,H
IFB INDUSTRIES LTD,1748.45,1730,H
PNB GILTS LIMITED,148.35,140.68,H
TEXMACO RAIL & ENG. LTD.,245.65,231.8,H
AIRTEL RS. 1.25 PPD UP,1103.9,1102.4,H
GARDEN REACH SHIP&ENG LTD,2174.7,2162,H
8.92% SEC RED BOND S3B,1295.25,1295,H
TVS HOLDINGS LIMITED,12839.95,12655.3,H
K2 INFRAGEN LIMITED,319.9,304.7,H
SEC RE NCD SR.IV,1069,1045,H
GSM FOILS LIMITED,56,37.45,H
GOI TBILL 364D-13/02/25,95.23,94.76,H
FALCON TECHNOPROJ IND LTD,91.85,88.2,H
GOKUL AGRO RESOURCES LTD,180.94,180.9,H
SBI-ETF NIFTY BANK,539.56,537.46,H
TATAAML - TNIDETF,85.45,84.5,H
TCPL PACKAGING LIMITED,2650,2590,H
MIRAEAMC - MAFSETF,24.29,24.15,H
ICICI PRUD NIFTY ETF,265.98,265.45,H
9.90 % SRNCD SR VI,1051,1050,H
RATNAVEER PRECISION ENG L,166.98,166.4,H
MIC ELECTRONICS LTD,78.33,74.6,H
ESAB INDIA LTD,6650,6585.95,H
WEIZMANN LTD,161.99,155,H
GRP LIMITED,12468.05,11063.95,H
ROSSELL INDIA LIMITED,600.85,581.45,H
VST TILLERS TRACTORS LTD,4392,4275.6,H
ZODIAC ENERGY LIMITED,706.15,672.55,H
EDELAMC - EBBETF0430,1419.8,1417.35,H
KRISHNA DEF AND ALD IND L,1080.15,1028.75,H
LICNAMC - LICNFESGP,875.84,871.24,H
ISGEC HEAVY ENG LTD,1299.9,1296.85,H
PARIN FURNITURE LIMITED,231,220,H
2.50%GOLDBONDS2031SR-II,7651,7635,H
ALPEX SOLAR LIMITED,1054.7,1026.75,H
AMINES & PLASTICIZERS LTD,346,300.45,H
ATLANTAA LIMITED,47.34,46.42,H
KOTAKMAMC-KOTAKBKETF,545.49,543.1,H
TRIDENT TECHLABS LIMITED,920,898.4,H
DCG CABLES & WIRES LTD,111.65,104.9,H
PREMIER ROADLINES LIMITED,174.9,161.55,H
BOROSIL SCIENTIFIC LTD,224.8,221.8,H
JHS SVENDGAARD RETAIL V L,40.13,38.22,H
ULTRATECH CEMENT LIMITED,11874.95,11299,H
BHARTI AIRTEL LIMITED,1489,1479.95,H
JINDAL PHOTO LIMITED,969,914,H
20 MICRONS LTD,234.94,224.99,H
BOSCH LIMITED,36678,34426.9,H
NEXUS SELECT TRUST,143.35,142.35,H
RITCO LOGISTICS LIMITED,334.8,311.7,H
SHEKHAWATI POLY-YARN LTD.,4.24,4.2,H
SEC RED NCD SR. VII,2070,2040,H
AVSL INDUSTRIES LIMITED,202.85,193.2,H
ROCKINGDEALS CIRCU ECO L,661.9,659.8,H
TEERTH GOPICON LIMITED,582.25,554.55,H
KAVVERI TEL. LTD.,21.14,20.73,H
UNSE RE NCD 10% SR.I,980,973.99,H
VADIVARHE SPCLTY CHEM LTD,59.9,57.05,H
Z-TECH (INDIA) LIMITED,244.95,238.5,H
GOI LOAN  7.04% 2029,103,101,H
SIEMENS LTD,7934.3,7913.05,H
GABRIEL INDIA LTD,517,498.8,H
LCC INFOTECH LTD,3.82,3.75,H
MAZAGON DOCK SHIPBUIL LTD,4584,4271.2,H
SOTAC PHARMACEUTICALS LTD,172.8,155,H
2.50%GOLDBONDS2029SR-VIII,7600,7574,H
TEJAS NETWORKS LIMITED,1495,1480,H
SEC RED NCD 10% SR. VI,1070,1055,H
EMS LIMITED,675,653.5,H
DIAMOND POWER INFRA LTD,1269.25,1244.4,H
DSPAMC - LIQUIDADD,1023.9,1016.81,H
UNSEC RED NCD SR. VI,1633,1629.75,H
FOSECO INDIA LTD,4363.95,4356.75,H
BAYER CROPSCIENCE LTD,6825,6670,H
GODREJ PROPERTIES LTD,3126,3122.55,H
LG BALAKRISHNAN & BROS,1479.95,1425,H
PG ELECTROPLAST LTD,3548.7,3410,H
SENCO GOLD LIMITED,1171.85,1126.45,H
MCON RASAYAN INDIA LTD,191.55,182.45,H
SOFTTECH ENGINEERS LTD,379,377.6,H
SINTERCOM INDIA LIMITED,143,141.2,H
NIP IND ETF ETF NV20,150.05,148.1,H
2.50%GOLDBONDS2027SR-III,7999.99,7975,H
GARWARE HI-TECH FILMS LTD,2399.9,2283,H
KRITI INDUSTRIES IND LTD,211,206.4,H
DIGICONTENT LIMITED,39.08,31,H
HUBTOWN LIMITED,162.82,157.45,H
SAMVRDHNA MTHRSN INTL LTD,200.2,196.51,H
KALYAN JEWELLERS IND LTD,480,464.95,H
AKANKSHA POWER N INFRA L,147.95,147.8,H
SEC RE NCD 0% SR.VII,1110,1099.95,H
ESCONET TECHNOLOGIES LTD,270.9,258,H
PURAVANKARA LIMITED,490,487,H
KIRLOSKAR PNEUMATIC COM L,1454.75,1430,H
AUSTRALIAN PREM SOLAR I L,537.25,511.7,H
GOI TBILL 364D-30/01/25,95.55,95.53,H
UNSEC RED NCD 10.0% SR. V,1001,1000,H
TEAMO PRODUCTIONS HQ LTD,1.51,1.44,H
AKME FINTRADE (INDIA) LTD,134,133.35,H
SEC RED NCD SR. VII,1784.96,1755,H
ASHIMA LTD,42.95,40.91,H
JK CEMENT LIMITED,4599.95,4575,H
JK PAPER LIMITED,562,561.45,H
KDDL LIMITED,3320,3119.9,H
MUTHOOT FINANCE LIMITED,1848.8,1810.95,H
STYLAM INDUSTRIES LIMITED,2020.55,1970.7,H
AXISAMC - AXISBNKETF,542,540.1,H
TITAGARH RAIL SYSTEMS LTD,1896.95,1817.95,H
TRANSWARRANTY FIN. LTD.,24.48,24,H
7.60% TAX FREE NCD,1239.85,1238,H
KOTAKMAMC - KOTAKMID50,159.97,159.88,H
KSHITIJ POLYLINE LIMITED,0.96,0.84,H
INOX GREEN ENERGY SER LTD,188,184.8,H
SRI ADHIKARI BRO TELE N L,237.68,233.02,H
UDAYSHIVAKUMAR INFRA LTD,82.8,69.95,H
GOLDKART JEWELS LIMITED,95.8,91.75,H
DELPHI WORLD MONEY LTD,220.62,216.3,H
ATAL REALTECH LIMITED,7.74,7.9,L
CADSYS (INDIA) LIMITED,208.75,215.6,L
SEC RED NCD 8.01% SR.II,996.01,998,L
DIGIDRIVE DISTRIBUTORS L,35.91,36.64,L
SEC RE NCD 8.66% SR.VI,971.1,973,L
DOCMODE HEALTH TECH LTD,127.6,128,L
SHEETAL UNIVERSAL LIMITED,56.1,57,L
SEC RE NCD SR.IV,1025,1034.01,L
YUDIZ SOLUTIONS LIMITED,66.5,163.75,L
ZENITH EXPORTS LTD,426.4,435.11,L
MEP INFRA. DEVELOPERS LTD,8.25,8.42,L
FUTURE SUPP CHAIN SOL LTD,3.34,3.46,L
GLOBAL EDUCATION LIMITED,173.2,176,L
DHANI LOANS & SERV LTD,972.35,983.5,L
VASA RETAIL & OVERSEA LTD,4.1,4.55,L
SIGNORIA CREATION LIMITED,113.95,120,L
BAID FINSERV LIMITED,18.06,18.3,L
ARCHIDPLY IND. LTD,102.2,102.6,L
FILATEX FASHIONS LIMITED,7.62,8.1,L
DAVANGERE SUGAR COMPANY L,8.26,8.74,L
BHARAT ROAD NETWORK LTD,45.4,46.25,L
PALRED TECHNOLOGIES LTD,106.62,108.8,L
SUUMAYA INDUSTRIES LTD,5.69,5.7,L
SEC RE NCD 9.25% SR III,990,992.55,L
SEC RE NCD 9.25% SR II,954.51,959.77,L
DURLAX TOP SURFACE LTD,98.4,103.55,L
TBI CORN LIMITED,307,330,L
AKME FINTRADE (INDIA) LTD,126.68,127,L
SECUR CREDENTIALS LIMITED,11.36,11.4,L
DJ MEDIAPRINT & LOG LTD,329.45,336.15,L
KRONOX LAB SCIENCES LTD,149.37,154.11,L

