SERIES,SYMBOL,SECURITY,RECORD_DT,BC_STRT_DT,BC_END_DT,EX_DT,ND_STRT_DT,ND_END_DT,PURPOSE
16,SAMMAANCAP,Sec Re NCD 9.05% Sr.VII,13/09/2024, , ,13/09/2024, , ,INTEREST PAYMENT         
17,SAMMAANCAP,Sec Re NCD 9.55% Sr.VII,13/09/2024, , ,13/09/2024, , ,INTEREST PAYMENT         
18,SAMMAANCAP,Sec Re NCD 8.70% Sr.VIII,13/09/2024, , ,13/09/2024, , ,INTEREST PAYMENT         
BE,MSTCLTD,MSTC Limited, ,11/09/2024,18/09/2024,10/09/2024, , ,AGM/DIV - RS 5 PER SH    
BE,RGL,Renaissance Global Ltd, ,05/09/2024,12/09/2024,04/09/2024, , ,ANNUAL GENERAL MEETING   
BE,PRINCEPIPE,Prince Pipes Fittings Ltd, ,05/09/2024,11/09/2024,04/09/2024, , ,AGM/DIV - RE 1 PER SH    
BE,MBAPL,Madhya Bharat Agro P. Ltd,13/09/2024, , ,13/09/2024, , ,DIV-RE 0.50 PER SH       
BE,TATVA,Tatva Chin Pharm Chem Ltd, ,07/09/2024,20/09/2024,06/09/2024, , ,ANNUAL GENERAL MEETING   
BE,DRCSYSTEMS,DRC Systems India Limited, ,10/09/2024,17/09/2024,09/09/2024, , ,ANNUAL GENERAL MEETING   
BE,SGIL,Synergy Green Ind. Ltd,11/09/2024, , ,11/09/2024, , ,RIGHTS 1:10@PRM RS 315/- 
BE,AJOONI,Ajooni Biotech Limited, ,11/09/2024,17/09/2024,10/09/2024, , ,ANNUAL GENERAL MEETING   
BE,MANORG,Mangalam Organics Limited, ,07/09/2024,14/09/2024,06/09/2024, , ,ANNUAL GENERAL MEETING   
BE,RPPL,Rajshree PolyPack Ltd,18/09/2024, , ,18/09/2024, , ,FVSPLT FRM RS 10 TO RS 5 
BE,KRSNAA,Krsnaa Diagnostics Ltd,13/09/2024, , ,13/09/2024, , ,DIV - RS 2.50 PER SH     
BE,KRSNAA,Krsnaa Diagnostics Ltd, ,14/09/2024,21/09/2024,13/09/2024, , ,ANNUAL GENERAL MEETING   
BE,METROBRAND,Metro Brands Limited, ,13/09/2024,19/09/2024,12/09/2024, , ,ANNUAL GENERAL MEETING   
BE,MEGASTAR,Megastar Foods Limited, ,06/09/2024,12/09/2024,05/09/2024, , ,ANNUAL GENERAL MEETING   
BE,SURYODAY,Suryoday Small Fin Bk Ltd, ,06/09/2024,12/09/2024,05/09/2024, , ,ANNUAL GENERAL MEETING   
BE,ELDEHSG,ELDECO HSG & IND LTD,12/09/2024, , ,12/09/2024, , ,DIV - RS 8 PER SH        
BE,ELDEHSG,ELDECO HSG & IND LTD, ,13/09/2024,19/09/2024,12/09/2024, , ,ANNUAL GENERAL MEETING   
BE,GMRP&UI,GMR Pow and Urban Infra L, ,06/09/2024,16/09/2024,05/09/2024, , ,ANNUAL GENERAL MEETING   
BE,PAR,Par Drugs and Chem Ltd, ,14/09/2024,21/09/2024,13/09/2024, , ,ANNUAL GENERAL MEETING   
BE,HERANBA,Heranba Industries Ltd, ,06/09/2024,12/09/2024,05/09/2024, , ,ANNUAL GENERAL MEETING   
BE,GATEWAY,Gateway Distriparks Ltd, ,08/09/2024,19/09/2024,06/09/2024, , ,ANNUAL GENERAL MEETING   
BE,SILVERTUC,Silver Touch Techno Ltd, ,06/09/2024,12/09/2024,05/09/2024, , ,ANNUAL GENERAL MEETING   
BE,AMIORG,Ami Organics Limited, ,14/09/2024,20/09/2024,13/09/2024, , ,ANNUAL GENERAL MEETING   
BE,AMIORG,Ami Organics Limited,13/09/2024, , ,13/09/2024, , ,DIV - RS 3 PER SH        
BE,PRUDENT,Prudent Corp Adv Ser Ltd,13/09/2024, , ,13/09/2024, , ,DIV - RS 2 PER SH        
BE,RELCHEMQ,Reliance Chemotex Ind Ltd, ,05/09/2024,11/09/2024,04/09/2024, , ,AGM/DIV - RE 1 PER SH    
BE,ZODIAC,Zodiac Energy Limited, ,07/09/2024,13/09/2024,06/09/2024, , ,ANNUAL GENERAL MEETING   
BE,AGI,HSIL LIMITED, ,12/09/2024,18/09/2024,11/09/2024, , ,AGM/DIV - RS 6 PER SH    
BE,HPAL,HP Adhesives Limited,13/09/2024, , ,13/09/2024, , ,DIV - RE 0.30 PER SH     
BE,KANPRPLA,Kanpur Plastipack Limited, ,14/09/2024,20/09/2024,13/09/2024, , ,ANNUAL GENERAL MEETING   
BE,MALLCOM,Mallcom (India) Limited, ,13/09/2024,19/09/2024,12/09/2024, , ,AGM/DIV - RS 3 PER SH    
BE,KIMS,Krishna Inst of Med Sci L,13/09/2024, , ,13/09/2024, , ,FVSPLT FRM RS 10 TO RS 2 
BE,ABMINTLLTD,ABM International Ltd, ,13/09/2024,19/09/2024,12/09/2024, , ,ANNUAL GENERAL MEETING   
BE,BCLIND,BCL Industries Limited,11/09/2024, , ,11/09/2024, , ,DIV - RE 0.25 PER SH     
BE,RHIM,RHI MAGNESITA INDIA LTD, ,06/09/2024,13/09/2024,05/09/2024, , ,DIV - RS 2.50 PER SH     
BE,OSIAHYPER,Osia Hyper Retail Ltd, ,13/09/2024,19/09/2024,12/09/2024, , ,ANNUAL GENERAL MEETING   
BE,SPORTKING,Sportking India Limited,13/09/2024, , ,13/09/2024, , ,FVSPLT FRM RS10 TO RE1   
BE,SYRMA,Syrma SGS Technology Ltd, ,11/09/2024,17/09/2024,10/09/2024, , ,ANNUAL GENERAL MEETING   
BE,POCL,Pondy Oxides & Chem Ltd, ,12/09/2024,18/09/2024,11/09/2024, , ,AGM/DIV - RS 5 PER SH    
BE,SADHNANIQ,Sadhana Nitrochem Limited,13/09/2024, , ,13/09/2024, , ,RIGHTS 1:3@PRM RS 5.06/- 
BE,LANDMARK,Landmark Cars Limited,13/09/2024, , ,13/09/2024, , ,DIV - RS 1.50 PER SH     
BE,LANDMARK,Landmark Cars Limited, ,14/09/2024,20/09/2024,13/09/2024, , ,ANNUAL GENERAL MEETING   
BE,SENCO,Senco Gold Limited, ,07/09/2024,13/09/2024,06/09/2024, , ,ANNUAL GENERAL MEETING   
BE,SANDUMA,Sandur Mang & Iron Ores L,11/09/2024, , ,11/09/2024, , ,DIV - RE 1 PER SH        
BE,NARMADA,Narmada Agrobase Limited,16/09/2024, , ,13/09/2024, , ,RIGHTS 9:5 @ PRM RS 5/-  
BE,ASHOKAMET,Ashoka Metcast Limited, ,07/09/2024,12/09/2024,06/09/2024, , ,ANNUAL GENERAL MEETING   
BE,AMNPLST,Amines & Plasticizers Ltd, ,14/09/2024,27/09/2024,13/09/2024, , ,ANNUAL GENERAL MEETING   
BE,AMNPLST,Amines & Plasticizers Ltd,13/09/2024, , ,13/09/2024, , ,DIV - RE 0.5 PER SH      
BE,HEADSUP,The Mandhana Ret Vent Ltd, ,06/09/2024,12/09/2024,05/09/2024, , ,ANNUAL GENERAL MEETING   
BE,JWL,Commercial Eng & Co. Ltd, ,06/09/2024,12/09/2024,05/09/2024, , ,ANNUAL GENERAL MEETING   
BE,BLAL,BEML Land Assets Limited, ,10/09/2024,16/09/2024,09/09/2024, , ,ANNUAL GENERAL MEETING   
BE,AAATECH,AAA Technologies Limited, ,08/09/2024,14/09/2024,06/09/2024, , ,ANNUAL GENERAL MEETING   
BE,SCILAL,Shipping Corp of ILA Ltd, ,07/09/2024,20/09/2024,06/09/2024, , ,ANNUAL GENERAL MEETING   
BE,JUNIPER,Juniper Hotels Limited, ,13/09/2024,19/09/2024,12/09/2024, , ,ANNUAL GENERAL MEETING   
BE,FEDFINA,Fedbank Financial Ser L, ,14/09/2024,19/09/2024,13/09/2024, , ,ANNUAL GENERAL MEETING   
BE,NOVAAGRI,Nova Agritech Limited, ,13/09/2024,20/09/2024,12/09/2024, , ,ANNUAL GENERAL MEETING   
BE,NDLVENTURE,NXTDIGITAL LIMITED, ,07/09/2024,13/09/2024,06/09/2024, , ,ANNUAL GENERAL MEETING   
BE,NAGREEKCAP,Nagreeka Capital & Infras, ,11/09/2024,17/09/2024,10/09/2024, , ,ANNUAL GENERAL MEETING   
BE,BINANIIND,Binani Industries Limited, ,13/09/2024,20/09/2024,12/09/2024, , ,ANNUAL GENERAL MEETING   
BE,VTL,Vardhman Textiles Limited, ,07/09/2024,14/09/2024,06/09/2024, , ,AGM/DIV - RS 4 PER SH    
BE,TVSSRICHAK,TVS Srichakra Limited, ,31/08/2024,12/09/2024,30/08/2024, , ,AGM/DIV-RS 47.34 PER SH  
BE,NAGREEKEXP,Nagreeka Exports Limited, ,12/09/2024,18/09/2024,11/09/2024, , ,ANNUAL GENERAL MEETING   
BE,ADVANIHOTR,Advani Hot.& Res.(I) Ltd, ,13/09/2024,20/09/2024,12/09/2024, , ,ANNUAL GENERAL MEETING   
BE,MANALIPETC,Manali Petrochemicals Lt, ,11/09/2024,18/09/2024,10/09/2024, , ,AGM/DIV - RS 0.75 PER SH 
BE,KECL,Kirloskar Electric Co-Dep, ,10/09/2024,16/09/2024,09/09/2024, , ,ANNUAL GENERAL MEETING   
BE,INSECTICID,Insecticides (India) Limi,11/09/2024, , ,11/09/2024, , ,BUY BACK                 
BE,SHILPAMED,Shilpa Medicare Ltd, ,09/09/2024,17/09/2024,06/09/2024, , ,ANNUAL GENERAL MEETING   
BE,NAHARCAP,Nahar Capital and Financi, ,07/09/2024,12/09/2024,06/09/2024, , ,DIV - RS 1.50 PER SH     
BE,JOCIL,Jocil Limited, ,07/09/2024,14/09/2024,06/09/2024, , ,DIV - RE 1.5 PER SH      
BE,INDBANK,IndbankMerchant-Roll Sett, ,13/09/2024,19/09/2024,12/09/2024, , ,ANNUAL GENERAL MEETING   
BE,EMMBI,Emmbi Industries Ltd,13/09/2024, , ,13/09/2024, , ,DIV - RE 0.30 PER SH     
BE,ALMONDZ,Almondz Global Securities, ,14/09/2024,20/09/2024,13/09/2024, , ,ANNUAL GENERAL MEETING   
BE,GEECEE,GeeCee Ventures Limited, ,05/09/2024,12/09/2024,04/09/2024, , ,ANNUAL GENERAL MEETING   
BE,SJVN,SJVN Ltd, ,13/09/2024,19/09/2024,12/09/2024, , ,AGM/DIV-RE 0.65 PER SH   
BE,AHLEAST,Asian Hotels (East) Ltd, ,07/09/2024,13/09/2024,06/09/2024, , ,AGM/DIV - RS 2.50 PER SH 
BE,CANTABIL,Cantabil Retail Ltd, ,08/09/2024,14/09/2024,06/09/2024, , ,ANNUAL GENERAL MEETING   
BE,GRAVITA,Gravita India Limited, ,12/09/2024,18/09/2024,11/09/2024, , ,ANNUAL GENERAL MEETING   
BE,UMESLTD,Usha Martin Edu & Sol Ltd, ,05/09/2024,11/09/2024,04/09/2024, , ,ANNUAL GENERAL MEETING   
BE,RESPONIND,Responsive Industries Ltd, ,07/09/2024,13/09/2024,06/09/2024, , ,ANNUAL GENERAL MEETING   
BE,SMLISUZU,SML Isuzu Limited, ,07/09/2024,13/09/2024,06/09/2024, , ,ANNUAL GENERAL MEETING   
BE,INDTERRAIN,Ind Terrain Fashions Ltd, ,10/09/2024,16/09/2024,09/09/2024, , ,ANNUAL GENERAL MEETING   
BE,TRITURBINE,Triveni Turbine Limited, ,07/09/2024,13/09/2024,06/09/2024, , ,ANNUAL GENERAL MEETING   
BE,TREEHOUSE,Tree House Edu Ltd, ,06/09/2024,12/09/2024,05/09/2024, , ,ANNUAL GENERAL MEETING   
BE,VSSL,Vardhman Spc Steel Ltd, ,07/09/2024,14/09/2024,06/09/2024, , ,AGM/DIV - RS 2 PER SH    
BE,VSTTILLERS,VST Tillers Tractors Ltd, ,13/09/2024,19/09/2024,12/09/2024, , ,AGM/DIV - RS 20 PER SH   
BE,BROOKS,Brooks Lab Limited, ,13/09/2024,19/09/2024,12/09/2024, , ,ANNUAL GENERAL MEETING   
BE,SNOWMAN,Snowman Logistics Ltd., ,11/09/2024,19/09/2024,10/09/2024, , ,ANNUAL GENERAL MEETING   
BE,SUPERHOUSE,Superhouse Limited, ,16/09/2024,30/09/2024,13/09/2024, , ,ANNUAL GENERAL MEETING   
BE,SUPERHOUSE,Superhouse Limited,13/09/2024, , ,13/09/2024, , ,DIV - RE 0.80 PER SH     
BE,CAPLIPOINT,Caplin Point Lab Ltd.,23/09/2024, , ,23/09/2024, , ,DIV - RS 2.50 PER SH     
BE,CAPLIPOINT,Caplin Point Lab Ltd., ,24/09/2024,30/09/2024,23/09/2024, , ,ANNUAL GENERAL MEETING   
BE,AGARIND,Agarwal Inds Corp Ltd., ,07/09/2024,13/09/2024,06/09/2024, , ,DIV - RS 3 PER SH        
BE,SKIPPER,Skipper Limited, ,13/09/2024,19/09/2024,12/09/2024, , ,AGM/DIV - RE 0.10 PER SH 
BE,GULFPETRO,GP Petroleums Limited, ,12/09/2024,18/09/2024,11/09/2024, , ,ANNUAL GENERAL MEETING   
BE,MANAKSTEEL,Manaksia Steels Ltd, ,12/09/2024,18/09/2024,11/09/2024, , ,ANNUAL GENERAL MEETING   
BE,GULPOLY,Gulshan Polyols Limited,12/09/2024, , ,12/09/2024, , ,DIV - RE 0.30 PER SH     
BE,GULPOLY,Gulshan Polyols Limited, ,13/09/2024,20/09/2024,12/09/2024, , ,ANNUAL GENERAL MEETING   
BE,LAMBODHARA,Lambodhara Textiles Ltd., ,10/09/2024,16/09/2024,09/09/2024, , ,AGM/DIV - RE 0.5 PER SH  
BE,POWERMECH,Power Mech Projects Ltd.,08/10/2024, , ,08/10/2024, , ,BONUS 1:1                
BE,ARROWGREEN,Arrow Greentech Limited, ,13/09/2024,16/09/2024,12/09/2024, , ,AGM/DIV - RS 2 PER SH    
BE,INFIBEAM,Infibeam Avenues Limited,11/09/2024, , ,11/09/2024, , ,DEMERGER                 
BE,BLS,BLS Intl Servs Ltd, ,06/09/2024,12/09/2024,05/09/2024, , ,AGM/DIV - RE 0.50 PER SH 
BE,SABEVENTS,Sab Events & Governance, ,10/09/2024,16/09/2024,09/09/2024, , ,ANNUAL GENERAL MEETING   
BE,BIGBLOC,Bigbloc Construction Ltd,12/09/2024, , ,12/09/2024, , ,BONUS 1:1                
BE,QUESS,Quess Corp Limited, ,10/09/2024,16/09/2024,09/09/2024, , ,ANNUAL GENERAL MEETING   
BE,PARAGMILK,Parag Milk Foods Ltd., ,05/09/2024,11/09/2024,04/09/2024, , ,ANNUAL GENERAL MEETING   
BE,CLEDUCATE,CL Educate Limited, ,11/09/2024,17/09/2024,10/09/2024, , ,ANNUAL GENERAL MEETING   
BE,MASFIN,MAS Financial Serv Ltd, ,05/09/2024,11/09/2024,04/09/2024, , ,AGM/DIV - RE 0.51 PER SH 
BE,VBL,Varun Beverages Limited,12/09/2024, , ,12/09/2024, , ,FV SPLT FRM RS 5 TO RS 2 
BE,HISARMETAL,Hisar Metal Ind. Limited, ,10/09/2024,20/09/2024,09/09/2024, , ,AGM/DIV - RE 1 PER SH    
BE,GICRE,General Ins Corp of India,11/09/2024, , ,11/09/2024, , ,DIV - RS 10 PER SH       
BE,ARIHANTSUP,Arihant Superstruct Ltd, ,14/09/2024,19/09/2024,13/09/2024, , ,ANNUAL GENERAL MEETING   
BE,HUDCO,Hsg & Urban Dev Corpn Ltd,13/09/2024, , ,13/09/2024, , ,DIV - RS 2.65 PER SH     
BE,IRCON,Ircon International Ltd, ,06/09/2024,12/09/2024,05/09/2024, , ,AGM/DIV - RS 1.30 PER SH 
BE,NILASPACES,Nila Spaces Limited, ,10/09/2024,16/09/2024,09/09/2024, , ,ANNUAL GENERAL MEETING   
BE,GARFIBRES,Garware TFL, ,13/09/2024,19/09/2024,12/09/2024, , ,AGM/DIV - RS 3 PER SH    
BE,RITES,RITES Limited, ,06/09/2024,12/09/2024,05/09/2024, , ,ANNUAL GENERAL MEETING   
BE,RITES,RITES Limited,20/09/2024, , ,20/09/2024, , ,BONUS 1:1                
BE,ANDHRAPAP,ANDHRA PAPER LIMITED,11/09/2024, , ,11/09/2024, , ,FVSPLT FRM RS 10 TO RS 2 
BE,GEEKAYWIRE,Geekay Wires Limited, ,06/09/2024,12/09/2024,05/09/2024, , ,ANNUAL GENERAL MEETING   
BE,FINPIPE,FINOLEX INDUSTRIES LTD, ,12/09/2024,18/09/2024,11/09/2024, , ,AGM/DIV - RS 2.50 PER SH 
BE,SCI,SHIPPING CORP OF INDIA LT, ,07/09/2024,18/09/2024,06/09/2024, , ,ANNUAL GENERAL MEETING   
BE,GNFC,GUJARAT NARMADA FERT. CO, ,13/09/2024,20/09/2024,12/09/2024, , ,ANNUAL GENERAL MEETING   
BE,ALPSINDUS,Alps Industries Ltd., ,10/09/2024,11/09/2024,09/09/2024, , ,ANNUAL GENERAL MEETING   
BE,BEML,BEML Limited, ,14/09/2024,20/09/2024,13/09/2024, , ,AGM/DI-RS 15.50 PER SH   
BE,IONEXCHANG,Ion Exchange (India) Ltd, ,04/09/2024,11/09/2024,03/09/2024, , ,AGM/DIV - RS 1.50 PER SH 
BE,KOTHARIPRO,Kothari Products Ltd., ,07/09/2024,14/09/2024,06/09/2024, , ,ANNUAL GENERAL MEETING   
BE,STERTOOLS,Sterling Tools Ltd., ,07/09/2024,13/09/2024,06/09/2024, , ,ANNUAL GENERAL MEETING   
BE,INDIANCARD,Indian Card Clothing Co., ,10/09/2024,16/09/2024,09/09/2024, , ,ANNUAL GENERAL MEETING   
BE,JINDWORLD,Jindal Worldwide Ltd, ,10/09/2024,16/09/2024,09/09/2024, , ,ANNUAL GENERAL MEETING   
BE,PRECWIRE,Precision Wires India Ltd, ,14/09/2024,20/09/2024,13/09/2024, , ,AGM/DIV-RE 0.45 PER SH   
BE,REMSONSIND,Remsons Industries Ltd, ,14/09/2024,20/09/2024,13/09/2024, , ,AGM/DIV-RE 0.30 PER SH   
BE,EUROTEXIND,Eurotex Ind.& Exports Ltd, ,13/09/2024,20/09/2024,12/09/2024, , ,ANNUAL GENERAL MEETING   
BE,GSFC,GSFC DEP, ,10/09/2024,24/09/2024,09/09/2024, , ,AGM/DIV - RS 4 PER SH    
BE,LUMAXIND,Lumax Industries Ltd, ,10/09/2024,27/09/2024,09/09/2024, , ,ANNUAL GENERAL MEETING   
BE,HCL-INSYS,HCL INFOSYSTEMS DEP, ,13/09/2024,18/09/2024,12/09/2024, , ,ANNUAL GENERAL MEETING   
BE,HIKAL,Hikal Limited, ,11/09/2024,17/09/2024,10/09/2024, , ,ANNUAL GENERAL MEETING   
BE,SUBROS,Subros Ltd, ,12/09/2024,18/09/2024,11/09/2024, , ,AGM/DIV - RE 1.8 PER SH  
BE,DHAMPURSUG,DHAMPUR SUGAR MILLS LTD, ,06/09/2024,12/09/2024,05/09/2024, , ,ANNUAL GENERAL MEETING   
BE,SPIC,SPIC LTD,12/09/2024, , ,12/09/2024, , ,DIV - RS 1.50 PER SH     
BE,SPIC,SPIC LTD, ,13/09/2024,19/09/2024,12/09/2024, , ,ANNUAL GENERAL MEETING   
BE,INDNIPPON,India Nippon Elect Ltd, ,12/09/2024,18/09/2024,11/09/2024, , ,ANNUAL GENERAL MEETING   
BE,JAYBARMARU,Jay Bharat Maruti Ltd, ,06/09/2024,12/09/2024,05/09/2024, , ,AGM/DIV - RE 0.70 PER SH 
BE,MURUDCERA,Murudeshwar Ceram Ltd, ,14/09/2024,21/09/2024,13/09/2024, , ,AGM/DIV-RE 0.50 PER SH   
BE,NAHARPOLY,Nahar Poly Films Limited, ,07/09/2024,12/09/2024,06/09/2024, , ,DIV - RE 1 PER SH        
BE,UNIENTER,UNIPHOS ENTERPRISES LTD, ,07/09/2024,20/09/2024,06/09/2024, , ,DIV - RS 5.7PER SH       
BE,PREMIERPOL,Premier Polyfilms Ltd., ,10/09/2024,16/09/2024,09/09/2024, , ,AGM/DIV - RE 0.75 PER SH 
BE,BHARATRAS,Bharat Rasayan Ltd,12/09/2024, , ,12/09/2024, , ,DIV - RS 1.50 PER SH     
BE,BHARATRAS,Bharat Rasayan Ltd, ,13/09/2024,19/09/2024,12/09/2024, , ,ANNUAL GENERAL MEETING   
BE,CCL,CCL PRODUCTS (I) LTD,13/09/2024, , ,13/09/2024, , ,DIV - RS 2 PER SH        
BE,EXCELINDUS,Excel Industries Ltd,12/09/2024, , ,12/09/2024, , ,DIV - RS 5.50 PER SH     
BE,GUJRAFFIA,Gujarat Raffia-Roll Sett, ,10/09/2024,24/09/2024,09/09/2024, , ,ANNUAL GENERAL MEETING   
BE,NOIDATOLL,Noida Toll Bridge Co Ltd, ,11/09/2024,17/09/2024,10/09/2024, , ,ANNUAL GENERAL MEETING   
BE,TVTODAY,TV TODAY NETWORK LTD,11/09/2024, , ,11/09/2024, , ,DIV - RS 8.50 PER SH     
BE,PENINLAND,Peninsula Land Limited, ,05/09/2024,11/09/2024,04/09/2024, , ,ANNUAL GENERAL MEETING   
BE,HCC,Hindustan Construc Co., ,11/09/2024,17/09/2024,10/09/2024, , ,ANNUAL GENERAL MEETING   
BE,JBMA,JBM Auto Limited, ,06/09/2024,12/09/2024,05/09/2024, , ,AGM/DIV - RS 1.50 PER SH 
BE,FCSSOFT,FCS Software Soln. Ltd., ,12/09/2024,20/09/2024,11/09/2024, , ,ANNUAL GENERAL MEETING   
BE,SUNFLAG,Sunflag Iron And Steel Co, ,14/09/2024,27/09/2024,13/09/2024, , ,ANNUAL GENERAL MEETING   
BE,CELEBRITY,Celebrity Fashions Limite, ,10/09/2024,16/09/2024,09/09/2024, , ,ANNUAL GENERAL MEETING   
BE,NITINSPIN,Nitin Spinners Limited, ,10/09/2024,16/09/2024,09/09/2024, , ,AGM/DIV-RS 2.50 PER SH   
BE,JAGRAN,Jagran Prakashan Limited, ,14/09/2024,24/09/2024,13/09/2024, , ,ANNUAL GENERAL MEETING   
BE,GOKEX,Gokaldas Exports Ltd., ,13/09/2024,19/09/2024,12/09/2024, , ,ANNUAL GENERAL MEETING   
BE,KEI,KEI Industries Limited, ,05/09/2024,11/09/2024,04/09/2024, , ,ANNUAL GENERAL MEETING   
BE,UTTAMSUGAR,Uttam Sugar Mills Limited, ,12/09/2024,18/09/2024,11/09/2024, , ,AGM/DIV - RS 2.5 PER SH  
BE,VARDHACRLC,Vardhman Acrylics Ltd, ,07/09/2024,14/09/2024,06/09/2024, , ,AGM/DIV - RS 2 PER SH    
BE,VHL,Vardhman Holdings Limited, ,07/09/2024,14/09/2024,06/09/2024, , ,AGM/DIV - RS 5 PER SH    
BE,ECLERX,eClerx Services Limited, ,07/09/2024,19/09/2024,06/09/2024, , ,DIV - RE 1 PER SH        
BE,SPENTEX,Spentex Industries Ltd, ,05/09/2024,11/09/2024,04/09/2024, , ,ANNUAL GENERAL MEETING   
BE,BURNPUR,Burnpur Cement Limited, ,13/09/2024,19/09/2024,12/09/2024, , ,ANNUAL GENERAL MEETING   
BE,MANAKSIA,Manaksia Limited, ,12/09/2024,18/09/2024,11/09/2024, , ,ANNUAL GENERAL MEETING   
BE,PPAP,PPAP Automotive Limited, ,07/09/2024,12/09/2024,06/09/2024, , ,AGM/DIV-RS 1.25 PER SH   
BE,NAHARSPING,Nahar Spinning Mills Ltd., ,07/09/2024,12/09/2024,06/09/2024, , ,DIV - RE 1 PER SH        
BE,KAVVERITEL,Kavveri Telecom Products, ,14/09/2024,20/09/2024,13/09/2024, , ,ANNUAL GENERAL MEETING   
BE,BANCOINDIA,Banco Products (I) Ltd, ,13/09/2024,20/09/2024,12/09/2024, , ,ANNUAL GENERAL MEETING   
BE,JAIBALAJI,Jai Balaji Industries Ltd, ,07/09/2024,13/09/2024,06/09/2024, , ,ANNUAL GENERAL MEETING   
BE,GMRINFRA,GMR Infrastructure Limite, ,06/09/2024,16/09/2024,05/09/2024, , ,ANNUAL GENERAL MEETING   
BE,PARACABLES,Paramount Communications, ,13/09/2024,19/09/2024,12/09/2024, , ,ANNUAL GENERAL MEETING   
BE,UFLEX,UFLEX Limited, ,31/08/2024,19/09/2024,30/08/2024, , ,AGM/DIV - RE 1 PER SH    
BE,RSWM,RSWM Limited, ,07/09/2024,13/09/2024,06/09/2024, , ,ANNUAL GENERAL MEETING   
BE,HBLPOWER,HBL Power Systems Limited, ,14/09/2024,26/09/2024,13/09/2024, , ,AGM/DIV-RE 0.50 PER SH   
BE,PHOENIXLTD,The Phoenix Mills Limited,21/09/2024, , ,20/09/2024, , ,BONUS 1:1                
BE,AROGRANITE,Aro Granite Industries Li, ,12/09/2024,18/09/2024,11/09/2024, , ,ANNUAL GENERAL MEETING   
BE,SRHHYPOLTD,Sree Rayalaseema Hi-Stren, ,13/09/2024,21/09/2024,12/09/2024, , ,AGM/DIV - RS 3 PER SH    
BZ,BINANIIND,Binani Industries Limited, ,13/09/2024,20/09/2024,12/09/2024, , ,ANNUAL GENERAL MEETING   
BZ,SPENTEX,Spentex Industries Ltd, ,05/09/2024,11/09/2024,04/09/2024, , ,ANNUAL GENERAL MEETING   
EQ,DHAMPURSUG,Dhampur Sugar Mills Ltd, ,06/09/2024,12/09/2024,05/09/2024, , ,ANNUAL GENERAL MEETING   
EQ,BEML,BEML Limited, ,14/09/2024,20/09/2024,13/09/2024, , ,AGM/DI-RS 15.50 PER SH   
EQ,MURUDCERA,Murudeshwar Ceram Ltd, ,14/09/2024,21/09/2024,13/09/2024, , ,AGM/DIV-RE 0.50 PER SH   
EQ,PRECWIRE,Precision Wires India Ltd, ,14/09/2024,20/09/2024,13/09/2024, , ,AGM/DIV-RE 0.45 PER SH   
EQ,BHARATRAS,Bharat Rasayan Ltd,12/09/2024, , ,12/09/2024, , ,DIV - RS 1.50 PER SH     
EQ,BHARATRAS,Bharat Rasayan Ltd, ,13/09/2024,19/09/2024,12/09/2024, , ,ANNUAL GENERAL MEETING   
EQ,SUBROS,Subros Ltd, ,12/09/2024,18/09/2024,11/09/2024, , ,AGM/DIV - RE 1.8 PER SH  
EQ,ALPSINDUS,Alps Industries Ltd., ,10/09/2024,11/09/2024,09/09/2024, , ,ANNUAL GENERAL MEETING   
EQ,INDNIPPON,India Nippon Elect Ltd, ,12/09/2024,18/09/2024,11/09/2024, , ,ANNUAL GENERAL MEETING   
EQ,HUDCO,Hsg & Urban Dev Corpn Ltd,13/09/2024, , ,13/09/2024, , ,DIV - RS 2.65 PER SH     
EQ,SPIC,Southern Petro Ind Corp,12/09/2024, , ,12/09/2024, , ,DIV - RS 1.50 PER SH     
EQ,SPIC,Southern Petro Ind Corp, ,13/09/2024,19/09/2024,12/09/2024, , ,ANNUAL GENERAL MEETING   
EQ,SCI,Shipping Corp of India , ,07/09/2024,18/09/2024,06/09/2024, , ,ANNUAL GENERAL MEETING   
EQ,FINPIPE,Finolex Ind Ltd., ,12/09/2024,18/09/2024,11/09/2024, , ,AGM/DIV - RS 2.50 PER SH 
EQ,GSFC,Gujarat State Fert Ltd., ,10/09/2024,24/09/2024,09/09/2024, , ,AGM/DIV - RS 4 PER SH    
EQ,REMSONSIND,Remsons Industries Ltd, ,14/09/2024,20/09/2024,13/09/2024, , ,AGM/DIV-RE 0.30 PER SH   
EQ,INDIANCARD,Indian Card Clothing Co., ,10/09/2024,16/09/2024,09/09/2024, , ,ANNUAL GENERAL MEETING   
EQ,GNFC,Gujarat Narm Fert Co., ,13/09/2024,20/09/2024,12/09/2024, , ,ANNUAL GENERAL MEETING   
EQ,IONEXCHANG,Ion Exchange (India) Ltd, ,04/09/2024,11/09/2024,03/09/2024, , ,AGM/DIV - RS 1.50 PER SH 
EQ,PREMIERPOL,Premier Polyfilm Ltd, ,10/09/2024,16/09/2024,09/09/2024, , ,AGM/DIV - RE 0.75 PER SH 
EQ,STERTOOLS,Sterling Tools Ltd., ,07/09/2024,13/09/2024,06/09/2024, , ,ANNUAL GENERAL MEETING   
EQ,JAYBARMARU,Jay Bharat Maruti Ltd, ,06/09/2024,12/09/2024,05/09/2024, , ,AGM/DIV - RE 0.70 PER SH 
EQ,LUMAXIND,Lumax Industries Ltd, ,10/09/2024,27/09/2024,09/09/2024, , ,ANNUAL GENERAL MEETING   
EQ,GUJRAFFIA,Gujarat Raffia Inds Ltd, ,10/09/2024,24/09/2024,09/09/2024, , ,ANNUAL GENERAL MEETING   
EQ,KOTHARIPRO,Kothari Products Ltd., ,07/09/2024,14/09/2024,06/09/2024, , ,ANNUAL GENERAL MEETING   
EQ,NOIDATOLL,Noida Toll Bridge Company, ,11/09/2024,17/09/2024,10/09/2024, , ,ANNUAL GENERAL MEETING   
EQ,JINDWORLD,Jindal Worldwide Ltd, ,10/09/2024,16/09/2024,09/09/2024, , ,ANNUAL GENERAL MEETING   
EQ,EUROTEXIND,Eurotex Ind.& Exports Ltd, ,13/09/2024,20/09/2024,12/09/2024, , ,ANNUAL GENERAL MEETING   
EQ,HCL-INSYS,HCL Infosystems Ltd, ,13/09/2024,18/09/2024,12/09/2024, , ,ANNUAL GENERAL MEETING   
EQ,HIKAL,Hikal Limited, ,11/09/2024,17/09/2024,10/09/2024, , ,ANNUAL GENERAL MEETING   
EQ,NAHARPOLY,Nahar Poly Films Limited, ,07/09/2024,12/09/2024,06/09/2024, , ,DIV - RE 1 PER SH        
EQ,UNIENTER,Uniphos Enterprises Limit, ,07/09/2024,20/09/2024,06/09/2024, , ,DIV - RS 5.7PER SH       
EQ,CCL,CCL Products (I) Ltd,13/09/2024, , ,13/09/2024, , ,DIV - RS 2 PER SH        
EQ,EXCELINDUS,Excel Industries Limited,12/09/2024, , ,12/09/2024, , ,DIV - RS 5.50 PER SH     
EQ,VARDHACRLC,Vardhman Acrylics Limited, ,07/09/2024,14/09/2024,06/09/2024, , ,AGM/DIV - RS 2 PER SH    
EQ,TVTODAY,TV Today Network Limited,11/09/2024, , ,11/09/2024, , ,DIV - RS 8.50 PER SH     
EQ,PENINLAND,Peninsula Land Limited, ,05/09/2024,11/09/2024,04/09/2024, , ,ANNUAL GENERAL MEETING   
EQ,HCC,Hindustan Construc Co., ,11/09/2024,17/09/2024,10/09/2024, , ,ANNUAL GENERAL MEETING   
EQ,JBMA,JBM Auto Limited, ,06/09/2024,12/09/2024,05/09/2024, , ,AGM/DIV - RS 1.50 PER SH 
EQ,FCSSOFT,FCS Software Solutions Li, ,12/09/2024,20/09/2024,11/09/2024, , ,ANNUAL GENERAL MEETING   
EQ,SUNFLAG,Sunflag Iron And Steel Co, ,14/09/2024,27/09/2024,13/09/2024, , ,ANNUAL GENERAL MEETING   
EQ,CELEBRITY,Celebrity Fashions Limite, ,10/09/2024,16/09/2024,09/09/2024, , ,ANNUAL GENERAL MEETING   
EQ,NITINSPIN,Nitin Spinners Limited, ,10/09/2024,16/09/2024,09/09/2024, , ,AGM/DIV-RS 2.50 PER SH   
EQ,JAGRAN,Jagran Prakashan Limited, ,14/09/2024,24/09/2024,13/09/2024, , ,ANNUAL GENERAL MEETING   
EQ,GOKEX,Gokaldas Exports Limited, ,13/09/2024,19/09/2024,12/09/2024, , ,ANNUAL GENERAL MEETING   
EQ,KEI,KEI Industries Limited, ,05/09/2024,11/09/2024,04/09/2024, , ,ANNUAL GENERAL MEETING   
EQ,UTTAMSUGAR,Uttam Sugar Mills Limited, ,12/09/2024,18/09/2024,11/09/2024, , ,AGM/DIV - RS 2.5 PER SH  
EQ,VHL,Vardhman Holdings Limited, ,07/09/2024,14/09/2024,06/09/2024, , ,AGM/DIV - RS 5 PER SH    
EQ,ECLERX,eClerx Services Limited, ,07/09/2024,19/09/2024,06/09/2024, , ,DIV - RE 1 PER SH        
EQ,SPENTEX,Spentex Industries Ltd, ,05/09/2024,11/09/2024,04/09/2024, , ,ANNUAL GENERAL MEETING   
EQ,BURNPUR,Burnpur Cement Limited, ,13/09/2024,19/09/2024,12/09/2024, , ,ANNUAL GENERAL MEETING   
EQ,MANAKSIA,Manaksia Limited, ,12/09/2024,18/09/2024,11/09/2024, , ,ANNUAL GENERAL MEETING   
EQ,PPAP,PPAP Automotive Limited, ,07/09/2024,12/09/2024,06/09/2024, , ,AGM/DIV-RS 1.25 PER SH   
EQ,NAHARSPING,Nahar Spinning Mills Ltd., ,07/09/2024,12/09/2024,06/09/2024, , ,DIV - RE 1 PER SH        
EQ,KAVVERITEL,Kavveri Telecom Products, ,14/09/2024,20/09/2024,13/09/2024, , ,ANNUAL GENERAL MEETING   
EQ,BANCOINDIA,Banco Products (I) Ltd, ,13/09/2024,20/09/2024,12/09/2024, , ,ANNUAL GENERAL MEETING   
EQ,JAIBALAJI,Jai Balaji Industries Ltd, ,07/09/2024,13/09/2024,06/09/2024, , ,ANNUAL GENERAL MEETING   
EQ,GMRINFRA,GMR Infrastructure Limite, ,06/09/2024,16/09/2024,05/09/2024, , ,ANNUAL GENERAL MEETING   
EQ,PARACABLES,Paramount Communications, ,13/09/2024,19/09/2024,12/09/2024, , ,ANNUAL GENERAL MEETING   
EQ,UFLEX,UFLEX Limited, ,31/08/2024,19/09/2024,30/08/2024, , ,AGM/DIV - RE 1 PER SH    
EQ,RSWM,RSWM Limited, ,07/09/2024,13/09/2024,06/09/2024, , ,ANNUAL GENERAL MEETING   
EQ,HBLPOWER,HBL Power Systems Limited, ,14/09/2024,26/09/2024,13/09/2024, , ,AGM/DIV-RE 0.50 PER SH   
EQ,PHOENIXLTD,The Phoenix Mills Limited,21/09/2024, , ,20/09/2024, , ,BONUS 1:1                
EQ,AROGRANITE,Aro Granite Industries Li, ,12/09/2024,18/09/2024,11/09/2024, , ,ANNUAL GENERAL MEETING   
EQ,SRHHYPOLTD,Sree Rayalaseema Hi-Stren, ,13/09/2024,21/09/2024,12/09/2024, , ,AGM/DIV - RS 3 PER SH    
EQ,NAGREEKCAP,Nagreeka Capital & Infras, ,11/09/2024,17/09/2024,10/09/2024, , ,ANNUAL GENERAL MEETING   
EQ,BINANIIND,Binani Industries Limited, ,13/09/2024,20/09/2024,12/09/2024, , ,ANNUAL GENERAL MEETING   
EQ,VTL,Vardhman Textiles Limited, ,07/09/2024,14/09/2024,06/09/2024, , ,AGM/DIV - RS 4 PER SH    
EQ,TVSSRICHAK,TVS Srichakra Limited, ,31/08/2024,12/09/2024,30/08/2024, , ,AGM/DIV-RS 47.34 PER SH  
EQ,NAGREEKEXP,Nagreeka Exports Limited, ,12/09/2024,18/09/2024,11/09/2024, , ,ANNUAL GENERAL MEETING   
EQ,ADVANIHOTR,Advani Hotels & Resorts (, ,13/09/2024,20/09/2024,12/09/2024, , ,ANNUAL GENERAL MEETING   
EQ,MANALIPETC,Manali Petrochemicals Lt, ,11/09/2024,18/09/2024,10/09/2024, , ,AGM/DIV - RS 0.75 PER SH 
EQ,KECL,Kirloskar Electric Co Ltd, ,10/09/2024,16/09/2024,09/09/2024, , ,ANNUAL GENERAL MEETING   
EQ,INSECTICID,Insecticides (India) Limi,11/09/2024, , ,11/09/2024, , ,BUY BACK                 
EQ,SHILPAMED,Shilpa Medicare Ltd, ,09/09/2024,17/09/2024,06/09/2024, , ,ANNUAL GENERAL MEETING   
EQ,NAHARCAP,Nahar Capital and Financi, ,07/09/2024,12/09/2024,06/09/2024, , ,DIV - RS 1.50 PER SH     
EQ,JOCIL,Jocil Limited, ,07/09/2024,14/09/2024,06/09/2024, , ,DIV - RE 1.5 PER SH      
EQ,INDBANK,Indbank Merchant Banking, ,13/09/2024,19/09/2024,12/09/2024, , ,ANNUAL GENERAL MEETING   
EQ,EMMBI,Emmbi Industries Ltd,13/09/2024, , ,13/09/2024, , ,DIV - RE 0.30 PER SH     
EQ,ALMONDZ,Almondz Global Securities, ,14/09/2024,20/09/2024,13/09/2024, , ,ANNUAL GENERAL MEETING   
EQ,GEECEE,GeeCee Ventures Limited, ,05/09/2024,12/09/2024,04/09/2024, , ,ANNUAL GENERAL MEETING   
EQ,SJVN,SJVN Ltd, ,13/09/2024,19/09/2024,12/09/2024, , ,AGM/DIV-RE 0.65 PER SH   
EQ,AHLEAST,Asian Hotels (East) Ltd, ,07/09/2024,13/09/2024,06/09/2024, , ,AGM/DIV - RS 2.50 PER SH 
EQ,CANTABIL,Cantabil Retail Ltd, ,08/09/2024,14/09/2024,06/09/2024, , ,ANNUAL GENERAL MEETING   
EQ,GRAVITA,Gravita India Limited, ,12/09/2024,18/09/2024,11/09/2024, , ,ANNUAL GENERAL MEETING   
EQ,UMESLTD,Usha Martin Edu & Sol Ltd, ,05/09/2024,11/09/2024,04/09/2024, , ,ANNUAL GENERAL MEETING   
EQ,RESPONIND,Responsive Industries Ltd, ,07/09/2024,13/09/2024,06/09/2024, , ,ANNUAL GENERAL MEETING   
EQ,SMLISUZU,SML Isuzu Limited, ,07/09/2024,13/09/2024,06/09/2024, , ,ANNUAL GENERAL MEETING   
EQ,INDTERRAIN,Ind Terrain Fashions Ltd, ,10/09/2024,16/09/2024,09/09/2024, , ,ANNUAL GENERAL MEETING   
EQ,TRITURBINE,Triveni Turbine Limited, ,07/09/2024,13/09/2024,06/09/2024, , ,ANNUAL GENERAL MEETING   
EQ,TREEHOUSE,Tree House Edu Ltd, ,06/09/2024,12/09/2024,05/09/2024, , ,ANNUAL GENERAL MEETING   
EQ,VSSL,Vardhman Spc Steel Ltd, ,07/09/2024,14/09/2024,06/09/2024, , ,AGM/DIV - RS 2 PER SH    
EQ,VSTTILLERS,VST Tillers Tractors Ltd, ,13/09/2024,19/09/2024,12/09/2024, , ,AGM/DIV - RS 20 PER SH   
EQ,BROOKS,Brooks Lab Limited, ,13/09/2024,19/09/2024,12/09/2024, , ,ANNUAL GENERAL MEETING   
EQ,SNOWMAN,Snowman Logistics Ltd., ,11/09/2024,19/09/2024,10/09/2024, , ,ANNUAL GENERAL MEETING   
EQ,SUPERHOUSE,Superhouse Limited, ,16/09/2024,30/09/2024,13/09/2024, , ,ANNUAL GENERAL MEETING   
EQ,SUPERHOUSE,Superhouse Limited,13/09/2024, , ,13/09/2024, , ,DIV - RE 0.80 PER SH     
EQ,CAPLIPOINT,Caplin Point Lab Ltd.,23/09/2024, , ,23/09/2024, , ,DIV - RS 2.50 PER SH     
EQ,CAPLIPOINT,Caplin Point Lab Ltd., ,24/09/2024,30/09/2024,23/09/2024, , ,ANNUAL GENERAL MEETING   
EQ,AGARIND,Agarwal Inds Corp Ltd., ,07/09/2024,13/09/2024,06/09/2024, , ,DIV - RS 3 PER SH        
EQ,SKIPPER,Skipper Limited, ,13/09/2024,19/09/2024,12/09/2024, , ,AGM/DIV - RE 0.10 PER SH 
EQ,GULFPETRO,GP Petroleums Limited, ,12/09/2024,18/09/2024,11/09/2024, , ,ANNUAL GENERAL MEETING   
EQ,MANAKSTEEL,Manaksia Steels Ltd, ,12/09/2024,18/09/2024,11/09/2024, , ,ANNUAL GENERAL MEETING   
EQ,GULPOLY,Gulshan Polyols Limited,12/09/2024, , ,12/09/2024, , ,DIV - RE 0.30 PER SH     
EQ,GULPOLY,Gulshan Polyols Limited, ,13/09/2024,20/09/2024,12/09/2024, , ,ANNUAL GENERAL MEETING   
EQ,LAMBODHARA,Lambodhara Textiles Ltd., ,10/09/2024,16/09/2024,09/09/2024, , ,AGM/DIV - RE 0.5 PER SH  
EQ,POWERMECH,Power Mech Projects Ltd.,08/10/2024, , ,08/10/2024, , ,BONUS 1:1                
EQ,ARROWGREEN,Arrow Greentech Limited, ,13/09/2024,16/09/2024,12/09/2024, , ,AGM/DIV - RS 2 PER SH    
EQ,INFIBEAM,Infibeam Avenues Limited,11/09/2024, , ,11/09/2024, , ,DEMERGER                 
EQ,BLS,BLS Intl Servs Ltd, ,06/09/2024,12/09/2024,05/09/2024, , ,AGM/DIV - RE 0.50 PER SH 
EQ,SABEVENTS,Sab Events & Governance, ,10/09/2024,16/09/2024,09/09/2024, , ,ANNUAL GENERAL MEETING   
EQ,BIGBLOC,Bigbloc Construction Ltd,12/09/2024, , ,12/09/2024, , ,BONUS 1:1                
EQ,QUESS,Quess Corp Limited, ,10/09/2024,16/09/2024,09/09/2024, , ,ANNUAL GENERAL MEETING   
EQ,PARAGMILK,Parag Milk Foods Ltd., ,05/09/2024,11/09/2024,04/09/2024, , ,ANNUAL GENERAL MEETING   
EQ,CLEDUCATE,CL Educate Limited, ,11/09/2024,17/09/2024,10/09/2024, , ,ANNUAL GENERAL MEETING   
EQ,MASFIN,MAS Financial Serv Ltd, ,05/09/2024,11/09/2024,04/09/2024, , ,AGM/DIV - RE 0.51 PER SH 
EQ,VBL,Varun Beverages Limited,12/09/2024, , ,12/09/2024, , ,FV SPLT FRM RS 5 TO RS 2 
EQ,HISARMETAL,Hisar Metal Ind. Limited, ,10/09/2024,20/09/2024,09/09/2024, , ,AGM/DIV - RE 1 PER SH    
EQ,GICRE,General Ins Corp of India,11/09/2024, , ,11/09/2024, , ,DIV - RS 10 PER SH       
EQ,ARIHANTSUP,Arihant Superstruct Ltd, ,14/09/2024,19/09/2024,13/09/2024, , ,ANNUAL GENERAL MEETING   
EQ,IRCON,Ircon International Ltd, ,06/09/2024,12/09/2024,05/09/2024, , ,AGM/DIV - RS 1.30 PER SH 
EQ,NILASPACES,Nila Spaces Limited, ,10/09/2024,16/09/2024,09/09/2024, , ,ANNUAL GENERAL MEETING   
EQ,GARFIBRES,Garware TFL, ,13/09/2024,19/09/2024,12/09/2024, , ,AGM/DIV - RS 3 PER SH    
EQ,RITES,RITES Limited, ,06/09/2024,12/09/2024,05/09/2024, , ,ANNUAL GENERAL MEETING   
EQ,RITES,RITES Limited,20/09/2024, , ,20/09/2024, , ,BONUS 1:1                
EQ,ANDHRAPAP,ANDHRA PAPER LIMITED,11/09/2024, , ,11/09/2024, , ,FVSPLT FRM RS 10 TO RS 2 
EQ,GEEKAYWIRE,Geekay Wires Limited, ,06/09/2024,12/09/2024,05/09/2024, , ,ANNUAL GENERAL MEETING   
EQ,MSTCLTD,MSTC Limited, ,11/09/2024,18/09/2024,10/09/2024, , ,AGM/DIV - RS 5 PER SH    
EQ,RGL,Renaissance Global Ltd, ,05/09/2024,12/09/2024,04/09/2024, , ,ANNUAL GENERAL MEETING   
EQ,PRINCEPIPE,Prince Pipes Fittings Ltd, ,05/09/2024,11/09/2024,04/09/2024, , ,AGM/DIV - RE 1 PER SH    
EQ,MBAPL,Madhya Bharat Agro P. Ltd,13/09/2024, , ,13/09/2024, , ,DIV-RE 0.50 PER SH       
EQ,TATVA,Tatva Chin Pharm Chem Ltd, ,07/09/2024,20/09/2024,06/09/2024, , ,ANNUAL GENERAL MEETING   
EQ,DRCSYSTEMS,DRC Systems India Limited, ,10/09/2024,17/09/2024,09/09/2024, , ,ANNUAL GENERAL MEETING   
EQ,SGIL,Synergy Green Ind. Ltd,11/09/2024, , ,11/09/2024, , ,RIGHTS 1:10@PRM RS 315/- 
EQ,AJOONI,Ajooni Biotech Limited, ,11/09/2024,17/09/2024,10/09/2024, , ,ANNUAL GENERAL MEETING   
EQ,MANORG,Mangalam Organics Limited, ,07/09/2024,14/09/2024,06/09/2024, , ,ANNUAL GENERAL MEETING   
EQ,RPPL,Rajshree PolyPack Ltd,18/09/2024, , ,18/09/2024, , ,FVSPLT FRM RS 10 TO RS 5 
EQ,KRSNAA,Krsnaa Diagnostics Ltd,13/09/2024, , ,13/09/2024, , ,DIV - RS 2.50 PER SH     
EQ,KRSNAA,Krsnaa Diagnostics Ltd, ,14/09/2024,21/09/2024,13/09/2024, , ,ANNUAL GENERAL MEETING   
EQ,METROBRAND,Metro Brands Limited, ,13/09/2024,19/09/2024,12/09/2024, , ,ANNUAL GENERAL MEETING   
EQ,SURYODAY,Suryoday Small Fin Bk Ltd, ,06/09/2024,12/09/2024,05/09/2024, , ,ANNUAL GENERAL MEETING   
EQ,ELDEHSG,ELDECO HSG & IND LTD,12/09/2024, , ,12/09/2024, , ,DIV - RS 8 PER SH        
EQ,ELDEHSG,ELDECO HSG & IND LTD, ,13/09/2024,19/09/2024,12/09/2024, , ,ANNUAL GENERAL MEETING   
EQ,GMRP&UI,GMR Pow and Urban Infra L, ,06/09/2024,16/09/2024,05/09/2024, , ,ANNUAL GENERAL MEETING   
EQ,PAR,Par Drugs and Chem Ltd, ,14/09/2024,21/09/2024,13/09/2024, , ,ANNUAL GENERAL MEETING   
EQ,MEGASTAR,Megastar Foods Limited, ,06/09/2024,12/09/2024,05/09/2024, , ,ANNUAL GENERAL MEETING   
EQ,HERANBA,Heranba Industries Ltd, ,06/09/2024,12/09/2024,05/09/2024, , ,ANNUAL GENERAL MEETING   
EQ,GATEWAY,Gateway Distriparks Ltd, ,08/09/2024,19/09/2024,06/09/2024, , ,ANNUAL GENERAL MEETING   
EQ,SILVERTUC,Silver Touch Techno Ltd, ,06/09/2024,12/09/2024,05/09/2024, , ,ANNUAL GENERAL MEETING   
EQ,AMIORG,Ami Organics Limited, ,14/09/2024,20/09/2024,13/09/2024, , ,ANNUAL GENERAL MEETING   
EQ,AMIORG,Ami Organics Limited,13/09/2024, , ,13/09/2024, , ,DIV - RS 3 PER SH        
EQ,PRUDENT,Prudent Corp Adv Ser Ltd,13/09/2024, , ,13/09/2024, , ,DIV - RS 2 PER SH        
EQ,RELCHEMQ,Reliance Chemotex Ind Ltd, ,05/09/2024,11/09/2024,04/09/2024, , ,AGM/DIV - RE 1 PER SH    
EQ,ZODIAC,Zodiac Energy Limited, ,07/09/2024,13/09/2024,06/09/2024, , ,ANNUAL GENERAL MEETING   
EQ,AGI,HSIL Limited, ,12/09/2024,18/09/2024,11/09/2024, , ,AGM/DIV - RS 6 PER SH    
EQ,HPAL,HP Adhesives Limited,13/09/2024, , ,13/09/2024, , ,DIV - RE 0.30 PER SH     
EQ,KANPRPLA,Kanpur Plastipack Limited, ,14/09/2024,20/09/2024,13/09/2024, , ,ANNUAL GENERAL MEETING   
EQ,MALLCOM,Mallcom (India) Limited, ,13/09/2024,19/09/2024,12/09/2024, , ,AGM/DIV - RS 3 PER SH    
EQ,KIMS,Krishna Inst of Med Sci L,13/09/2024, , ,13/09/2024, , ,FVSPLT FRM RS 10 TO RS 2 
EQ,ABMINTLLTD,ABM International Ltd, ,13/09/2024,19/09/2024,12/09/2024, , ,ANNUAL GENERAL MEETING   
EQ,BCLIND,BCL Industries Limited,11/09/2024, , ,11/09/2024, , ,DIV - RE 0.25 PER SH     
EQ,RHIM,RHI MAGNESITA INDIA LTD, ,06/09/2024,13/09/2024,05/09/2024, , ,DIV - RS 2.50 PER SH     
EQ,OSIAHYPER,Osia Hyper Retail Ltd, ,13/09/2024,19/09/2024,12/09/2024, , ,ANNUAL GENERAL MEETING   
EQ,SPORTKING,Sportking India Limited,13/09/2024, , ,13/09/2024, , ,FVSPLT FRM RS10 TO RE1   
EQ,SYRMA,Syrma SGS Technology Ltd, ,11/09/2024,17/09/2024,10/09/2024, , ,ANNUAL GENERAL MEETING   
EQ,POCL,Pondy Oxides & Chem Ltd, ,12/09/2024,18/09/2024,11/09/2024, , ,AGM/DIV - RS 5 PER SH    
EQ,SADHNANIQ,Sadhana Nitrochem Limited,13/09/2024, , ,13/09/2024, , ,RIGHTS 1:3@PRM RS 5.06/- 
EQ,LANDMARK,Landmark Cars Limited,13/09/2024, , ,13/09/2024, , ,DIV - RS 1.50 PER SH     
EQ,LANDMARK,Landmark Cars Limited, ,14/09/2024,20/09/2024,13/09/2024, , ,ANNUAL GENERAL MEETING   
EQ,ASHOKAMET,Ashoka Metcast Limited, ,07/09/2024,12/09/2024,06/09/2024, , ,ANNUAL GENERAL MEETING   
EQ,SENCO,Senco Gold Limited, ,07/09/2024,13/09/2024,06/09/2024, , ,ANNUAL GENERAL MEETING   
EQ,SANDUMA,Sandur Mang & Iron Ores L,11/09/2024, , ,11/09/2024, , ,DIV - RE 1 PER SH        
EQ,NARMADA,Narmada Agrobase Limited,16/09/2024, , ,13/09/2024, , ,RIGHTS 9:5 @ PRM RS 5/-  
EQ,AMNPLST,Amines & Plasticizers Ltd, ,14/09/2024,27/09/2024,13/09/2024, , ,ANNUAL GENERAL MEETING   
EQ,AMNPLST,Amines & Plasticizers Ltd,13/09/2024, , ,13/09/2024, , ,DIV - RE 0.5 PER SH      
EQ,HEADSUP,The Mandhana Ret Vent Ltd, ,06/09/2024,12/09/2024,05/09/2024, , ,ANNUAL GENERAL MEETING   
EQ,JWL,Commercial Eng & Co. Ltd, ,06/09/2024,12/09/2024,05/09/2024, , ,ANNUAL GENERAL MEETING   
EQ,BLAL,BEML Land Assets Limited, ,10/09/2024,16/09/2024,09/09/2024, , ,ANNUAL GENERAL MEETING   
EQ,AAATECH,AAA Technologies Limited, ,08/09/2024,14/09/2024,06/09/2024, , ,ANNUAL GENERAL MEETING   
EQ,SCILAL,Shipping Corp of ILA Ltd, ,07/09/2024,20/09/2024,06/09/2024, , ,ANNUAL GENERAL MEETING   
EQ,JUNIPER,Juniper Hotels Limited, ,13/09/2024,19/09/2024,12/09/2024, , ,ANNUAL GENERAL MEETING   
EQ,FEDFINA,Fedbank Financial Ser L, ,14/09/2024,19/09/2024,13/09/2024, , ,ANNUAL GENERAL MEETING   
EQ,NOVAAGRI,Nova Agritech Limited, ,13/09/2024,20/09/2024,12/09/2024, , ,ANNUAL GENERAL MEETING   
EQ,NDLVENTURE,NXTDIGITAL LIMITED, ,07/09/2024,13/09/2024,06/09/2024, , ,ANNUAL GENERAL MEETING   
GB,SGBSEP24,2.75% GOLDBONDS2024Tr-V,26/09/2024, , , , , ,REDEMPTION               
GS,GS200924C,GOI STRIPS C 200924,18/09/2024, , , , , ,REDEMPTION               
GS,GS150924C,GOI STRIPS C 150924,11/09/2024, , , , , ,REDEMPTION               
K1,SHAREINDIA,Share Ind. Securities Ltd,11/09/2024, , , , , ,CONVERSION               
M3,IBULHSG,Sec Re NCD 9.25% Sr II,12/09/2024, , ,12/09/2024, , ,INTEREST PAYMENT         
MD,IBULHSG,Sec Re NCD 9.25% Sr VIII,12/09/2024, , ,12/09/2024, , ,INTEREST PAYMENT         
MG,IBULHSG,Sec Re NCD 9.71% Sr VIII,12/09/2024, , ,12/09/2024, , ,INTEREST PAYMENT         
MM,IBULHSG,Sec Re NCD 10.25% Sr XII,12/09/2024, , ,12/09/2024, , ,INTEREST PAYMENT         
MO,SAMMAANCAP,Sec Re NCD 8.20% Sr.VI,13/09/2024, , ,13/09/2024, , ,INTEREST PAYMENT         
MP,SAMMAANCAP,Sec Re NCD 8.66% Sr.VI,13/09/2024, , ,13/09/2024, , ,INTEREST PAYMENT         
MQ,IBULHSG,Sec Re NCD 9.25% Sr II,11/09/2024, , ,11/09/2024, , ,INTEREST PAYMENT         
MS,SAMMAANCAP,Sec Re NCD 8.43% Sr.VIII,13/09/2024, , ,13/09/2024, , ,INTEREST PAYMENT         
MT,SAMMAANCAP,Sec Re NCD 8.89% Sr.VIII,13/09/2024, , ,13/09/2024, , ,INTEREST PAYMENT         
MU,SAMMAANCAP,Sec Re NCD 8.65% Sr.I,13/09/2024, , , , , ,INT PAYMENT/REDEMPTION   
MU,IBULHSG,Sec Re NCD 9.02% Sr V,11/09/2024, , ,11/09/2024, , ,INTEREST PAYMENT         
MV,SAMMAANCAP,Sec Re NCD 9.05% Sr.I,13/09/2024, , , , , ,INT PAYMENT/REDEMPTION   
MV,IBULHSG,Sec Re NCD 9.48% Sr V,11/09/2024, , ,11/09/2024, , ,INTEREST PAYMENT         
MW,SAMMAANCAP,Sec Re NCD Sr.II,13/09/2024, , , , , ,INT PAYMENT/REDEMPTION   
MX,SAMMAANCAP,Sec Re NCD Sr.II,13/09/2024, , , , , ,INT PAYMENT/REDEMPTION   
MY,SAMMAANCAP,Sec Re NCD 8.33% Sr.III,13/09/2024, , , , , ,INT PAYMENT/REDEMPTION   
MZ,IBULHSG,Sec Re NCD 9.25% Sr VIII,11/09/2024, , ,11/09/2024, , ,INTEREST PAYMENT         
MZ,SAMMAANCAP,Sec Re NCD 8.70% Sr.III,13/09/2024, , , , , ,INT PAYMENT/REDEMPTION   
N1,IBULHSG,Sec Re NCD 10.25% Sr XI,11/09/2024, , ,11/09/2024, , ,INT PAYMENT/PART REDEMPTN
N2,IBULHSG,Sec Re NCD 10.75% Sr XI,11/09/2024, , ,11/09/2024, , ,INT PAYMENT/PART REDEMPTN
N3,IBULHSG,Sec Re NCD 9.80% Sr XII,11/09/2024, , ,11/09/2024, , ,INT PAYMENT/PART REDEMPTN
N4,IBULHSG,Sec Re NCD 10.25% Sr XII,11/09/2024, , ,11/09/2024, , ,INT PAYMENT/PART REDEMPTN
N5,IBULHSG,Sec Re NCD 9.25% Sr II,11/09/2024, , ,11/09/2024, , ,INTEREST PAYMENT         
N6,UGROCAP,Sec Red NCD 10.35% Sr. II,11/09/2024, , ,11/09/2024, , ,INTEREST PAYMENT         
N6,IBULHSG,Sec Re NCD 9.40% Sr IV,11/09/2024, , ,11/09/2024, , ,INT PAYMENT/PART REDEMPTN
N7,IBULHSG,Sec Re NCD 9.90% Sr IV,11/09/2024, , ,11/09/2024, , ,INT PAYMNT/PART REDEMPTN 
N7,UGROCAP,Sec Red NCD 10.50% Sr.III,11/09/2024, , ,11/09/2024, , ,INTEREST PAYMENT         
N8,IBULHSG,Sec Re NCD 9.02% Sr V,11/09/2024, , ,11/09/2024, , ,INT PAYMENT/PART REDEMPTN
N8,UGROCAP,Sec Re NCD 10.25% Sr I,12/09/2024, , ,12/09/2024, , ,INTEREST PAYMENT         
N9,SAMMAANCAP,Sec Red NCD 8.85% Sr. VI,11/09/2024, , ,11/09/2024, , ,INTEREST PAYMENT         
N9,IBULHSG,Sec Re NCD 9.48% Sr V,11/09/2024, , ,11/09/2024, , ,INT PAYMENT/PART REDEMPTN
NA,SAMMAANCAP,Sec Red NCD 9.0% Sr. VI,11/09/2024, , ,11/09/2024, , ,INTEREST PAYMENT         
NC,IBULHSG,Sec Re NCD 9.57% Sr X,11/09/2024, , ,11/09/2024, , ,INT PAYMENT/PART REDEMPTN
ND,IBULHSG,Sec Re NCD 10.03% Sr X,11/09/2024, , ,11/09/2024, , ,INT PAYMENT/PART REDEMPTN
ND,SAMMAANCAP,Uns Red NCD 9.0% Sr. IX,11/09/2024, , ,11/09/2024, , ,INTEREST PAYMENT         
NE,SAMMAANCAP,Uns Red NCD 9.15% Sr.IX,11/09/2024, , ,11/09/2024, , ,INTEREST PAYMENT         
SG,575AP24,SDL AP 5.75% 2024,26/09/2024, , , , , ,REDEMPTION               
SG,57MH24,SDL MH 5.7% 2024,11/09/2024, , , , , ,REDEMPTION               
SG,57BR24,SDL BR 5.7% 2024,11/09/2024, , , , , ,REDEMPTION               
SG,579KL24,SDL KL 5.79% 2024,26/09/2024, , , , , ,REDEMPTION               
SG,568MH24,SDL MH 5.68% 2024,20/09/2024, , , , , ,REDEMPTION               
SM,OMFURN,Omfurn India Limited, ,14/09/2024,21/09/2024,13/09/2024, , ,ANNUAL GENERAL MEETING   
SM,INNOVATIVE,Innovative Tyres & Tubes, ,11/09/2024,23/09/2024,10/09/2024, , ,ANNUAL GENERAL MEETING   
SM,VMARCIND,V Marc India Limited, ,05/09/2024,12/09/2024,04/09/2024, , ,ANNUAL GENERAL MEETING   
SM,SHAIVAL,Shaival Reality Limited, ,13/09/2024,20/09/2024,12/09/2024, , ,ANNUAL GENERAL MEETING   
SM,DEEM,Deem Roll Tech Limited, ,13/09/2024,19/09/2024,12/09/2024, , ,ANNUAL GENERAL MEETING   
SM,DURLAX,Durlax Top Surface Ltd, ,10/09/2024,15/09/2024,09/09/2024, , ,ANNUAL GENERAL MEETING   
SM,PRLIND,Premier Roadlines Limited, ,11/09/2024,18/09/2024,10/09/2024, , ,ANNUAL GENERAL MEETING   
SM,ARISTO,Aristo Bio T and Lifesc L,13/09/2024, , ,13/09/2024, , ,DIV - RE 0.40 PER SH     
SM,VITAL,Vital Chemtech Limited,13/09/2024, , ,13/09/2024, , ,DIV - RE 0.50 PER SH     
SM,MICROPRO,Micropro Software Sol L, ,13/09/2024,20/09/2024,12/09/2024, , ,ANNUAL GENERAL MEETING   
SM,SHANTHALA,Shanthala FMCG Products L, ,12/09/2024,19/09/2024,11/09/2024, , ,ANNUAL GENERAL MEETING   
SM,DUCOL,Ducol Orgs and Colours Lt, ,06/09/2024,13/09/2024,05/09/2024, , ,AGM/DIV - RE 0.50 PER SH 
SM,PENTAGON,Pentagon Rubber Limited, ,07/09/2024,13/09/2024,06/09/2024, , ,ANNUAL GENERAL MEETING   
SM,ABINFRA,A B Infrabuild Limited, ,12/09/2024,17/09/2024,11/09/2024, , ,ANNUAL GENERAL MEETING   
SM,MAHICKRA,Mahickra Chemical Limited, ,14/09/2024,21/09/2024,13/09/2024, , ,ANNUAL GENERAL MEETING   
SM,GICL,Globe Intl Carriers Ltd, ,13/09/2024,19/09/2024,12/09/2024, , ,ANNUAL GENERAL MEETING   
SQ,SHAIVAL,Shaival Reality Limited, ,13/09/2024,20/09/2024,12/09/2024, , ,ANNUAL GENERAL MEETING   
SQ,GICL,Globe Intl Carriers Ltd, ,13/09/2024,19/09/2024,12/09/2024, , ,ANNUAL GENERAL MEETING   
SQ,DURLAX,Durlax Top Surface Ltd, ,10/09/2024,15/09/2024,09/09/2024, , ,ANNUAL GENERAL MEETING   
SQ,MAHICKRA,Mahickra Chemical Limited, ,14/09/2024,21/09/2024,13/09/2024, , ,ANNUAL GENERAL MEETING   
SQ,INNOVATIVE,Innovative Tyres & Tubes, ,11/09/2024,23/09/2024,10/09/2024, , ,ANNUAL GENERAL MEETING   
SQ,ARISTO,Aristo Bio T and Lifesc L,13/09/2024, , ,13/09/2024, , ,DIV - RE 0.40 PER SH     
SQ,ABINFRA,A B Infrabuild Limited, ,12/09/2024,17/09/2024,11/09/2024, , ,ANNUAL GENERAL MEETING   
SQ,VITAL,Vital Chemtech Limited,13/09/2024, , ,13/09/2024, , ,DIV - RE 0.50 PER SH     
SQ,DEEM,Deem Roll Tech Limited, ,13/09/2024,19/09/2024,12/09/2024, , ,ANNUAL GENERAL MEETING   
SQ,MICROPRO,Micropro Software Sol L, ,13/09/2024,20/09/2024,12/09/2024, , ,ANNUAL GENERAL MEETING   
SQ,SHANTHALA,Shanthala FMCG Products L, ,12/09/2024,19/09/2024,11/09/2024, , ,ANNUAL GENERAL MEETING   
SQ,PRLIND,Premier Roadlines Limited, ,11/09/2024,18/09/2024,10/09/2024, , ,ANNUAL GENERAL MEETING   
SQ,DUCOL,Ducol Orgs and Colours Lt, ,06/09/2024,13/09/2024,05/09/2024, , ,AGM/DIV - RE 0.50 PER SH 
SQ,PENTAGON,Pentagon Rubber Limited, ,07/09/2024,13/09/2024,06/09/2024, , ,ANNUAL GENERAL MEETING   
SQ,VMARCIND,V Marc India Limited, ,05/09/2024,12/09/2024,04/09/2024, , ,ANNUAL GENERAL MEETING   
SQ,OMFURN,Omfurn India Limited, ,14/09/2024,21/09/2024,13/09/2024, , ,ANNUAL GENERAL MEETING   
ST,GICL,Globe Intl Carriers Ltd, ,13/09/2024,19/09/2024,12/09/2024, , ,ANNUAL GENERAL MEETING   
ST,SHAIVAL,Shaival Reality Limited, ,13/09/2024,20/09/2024,12/09/2024, , ,ANNUAL GENERAL MEETING   
ST,SHANTHALA,Shanthala FMCG Products L, ,12/09/2024,19/09/2024,11/09/2024, , ,ANNUAL GENERAL MEETING   
ST,VITAL,Vital Chemtech Limited,13/09/2024, , ,13/09/2024, , ,DIV - RE 0.50 PER SH     
ST,OMFURN,Omfurn India Limited, ,14/09/2024,21/09/2024,13/09/2024, , ,ANNUAL GENERAL MEETING   
ST,DUCOL,Ducol Orgs and Colours Lt, ,06/09/2024,13/09/2024,05/09/2024, , ,AGM/DIV - RE 0.50 PER SH 
ST,ABINFRA,A B Infrabuild Limited, ,12/09/2024,17/09/2024,11/09/2024, , ,ANNUAL GENERAL MEETING   
ST,DURLAX,Durlax Top Surface Ltd, ,10/09/2024,15/09/2024,09/09/2024, , ,ANNUAL GENERAL MEETING   
ST,PENTAGON,Pentagon Rubber Limited, ,07/09/2024,13/09/2024,06/09/2024, , ,ANNUAL GENERAL MEETING   
ST,MAHICKRA,Mahickra Chemical Limited, ,14/09/2024,21/09/2024,13/09/2024, , ,ANNUAL GENERAL MEETING   
ST,ARISTO,Aristo Bio T and Lifesc L,13/09/2024, , ,13/09/2024, , ,DIV - RE 0.40 PER SH     
ST,VMARCIND,V Marc India Limited, ,05/09/2024,12/09/2024,04/09/2024, , ,ANNUAL GENERAL MEETING   
ST,INNOVATIVE,Innovative Tyres & Tubes, ,11/09/2024,23/09/2024,10/09/2024, , ,ANNUAL GENERAL MEETING   
ST,DEEM,Deem Roll Tech Limited, ,13/09/2024,19/09/2024,12/09/2024, , ,ANNUAL GENERAL MEETING   
ST,MICROPRO,Micropro Software Sol L, ,13/09/2024,20/09/2024,12/09/2024, , ,ANNUAL GENERAL MEETING   
ST,PRLIND,Premier Roadlines Limited, ,11/09/2024,18/09/2024,10/09/2024, , ,ANNUAL GENERAL MEETING   
U1,IBULHSG,Sec Re NCD 10.25% Sr XI,11/09/2024, , ,11/09/2024, , ,INT PAYMENT/PART REDEMPTN
U2,IBULHSG,Sec Re NCD 10.75% Sr XI,11/09/2024, , ,11/09/2024, , ,INT PAYMENT/PART REDEMPTN
U3,IBULHSG,Sec Re NCD 9.80% Sr XII,11/09/2024, , ,11/09/2024, , ,INT PAYMENT/PART REDEMPTN
U5,IBULHSG,Sec Re NCD 9.25% Sr II,11/09/2024, , ,11/09/2024, , ,INTEREST PAYMENT         
U6,IBULHSG,Sec Re NCD 9.40% Sr IV,11/09/2024, , ,11/09/2024, , ,INT PAYMENT/PART REDEMPTN
U6,UGROCAP,Sec Red NCD 10.35% Sr. II,11/09/2024, , ,11/09/2024, , ,INTEREST PAYMENT         
U7,UGROCAP,Sec Red NCD 10.50% Sr.III,11/09/2024, , ,11/09/2024, , ,INTEREST PAYMENT         
U7,IBULHSG,Sec Re NCD 9.90% Sr IV,11/09/2024, , ,11/09/2024, , ,INT PAYMNT/PART REDEMPTN 
U8,UGROCAP,Sec Re NCD 10.25% Sr I,12/09/2024, , ,12/09/2024, , ,INTEREST PAYMENT         
U8,IBULHSG,Sec Re NCD 9.02% Sr V,11/09/2024, , ,11/09/2024, , ,INT PAYMENT/PART REDEMPTN
U9,IBULHSG,Sec Re NCD 9.48% Sr V,11/09/2024, , ,11/09/2024, , ,INT PAYMENT/PART REDEMPTN
U9,SAMMAANCAP,Sec Red NCD 8.85% Sr. VI,11/09/2024, , ,11/09/2024, , ,INTEREST PAYMENT         
UA,SAMMAANCAP,Sec Red NCD 9.0% Sr. VI,11/09/2024, , ,11/09/2024, , ,INTEREST PAYMENT         
UC,IBULHSG,Sec Re NCD 9.57% Sr X,11/09/2024, , ,11/09/2024, , ,INT PAYMENT/PART REDEMPTN
UD,SAMMAANCAP,Uns Red NCD 9.0% Sr. IX,11/09/2024, , ,11/09/2024, , ,INTEREST PAYMENT         
UD,IBULHSG,Sec Re NCD 10.03% Sr X,11/09/2024, , ,11/09/2024, , ,INT PAYMENT/PART REDEMPTN
UE,SAMMAANCAP,Uns Red NCD 9.15% Sr.IX,11/09/2024, , ,11/09/2024, , ,INTEREST PAYMENT         
W1,SHAREINDIA,Share Ind. Securities Ltd,11/09/2024, , , , , ,CONVERSION               
Y3,IBULHSG,Sec Re NCD 9.25% Sr II,12/09/2024, , ,12/09/2024, , ,INTEREST PAYMENT         
YD,IBULHSG,Sec Re NCD 9.25% Sr VIII,12/09/2024, , ,12/09/2024, , ,INTEREST PAYMENT         
YG,IBULHSG,Sec Re NCD 9.71% Sr VIII,12/09/2024, , ,12/09/2024, , ,INTEREST PAYMENT         
YM,IBULHSG,Sec Re NCD 10.25% Sr XII,12/09/2024, , ,12/09/2024, , ,INTEREST PAYMENT         
YO,SAMMAANCAP,Sec Re NCD 8.20% Sr.VI,13/09/2024, , ,13/09/2024, , ,INTEREST PAYMENT         
YP,SAMMAANCAP,Sec Re NCD 8.66% Sr.VI,13/09/2024, , ,13/09/2024, , ,INTEREST PAYMENT         
YQ,IBULHSG,Sec Re NCD 9.25% Sr II,11/09/2024, , ,11/09/2024, , ,INTEREST PAYMENT         
YS,SAMMAANCAP,Sec Re NCD 8.43% Sr.VIII,13/09/2024, , ,13/09/2024, , ,INTEREST PAYMENT         
YT,SAMMAANCAP,Sec Re NCD 8.89% Sr.VIII,13/09/2024, , ,13/09/2024, , ,INTEREST PAYMENT         
YU,SAMMAANCAP,Sec Re NCD 8.65% Sr.I,13/09/2024, , , , , ,INT PAYMENT/REDEMPTION   
YU,IBULHSG,Sec Re NCD 9.02% Sr V,11/09/2024, , ,11/09/2024, , ,INTEREST PAYMENT         
YV,SAMMAANCAP,Sec Re NCD 9.05% Sr.I,13/09/2024, , , , , ,INT PAYMENT/REDEMPTION   
YV,IBULHSG,Sec Re NCD 9.48% Sr V,11/09/2024, , ,11/09/2024, , ,INTEREST PAYMENT         
YW,SAMMAANCAP,Sec Re NCD Sr.II,13/09/2024, , , , , ,INT PAYMENT/REDEMPTION   
YX,SAMMAANCAP,Sec Re NCD Sr.II,13/09/2024, , , , , ,INT PAYMENT/REDEMPTION   
YY,SAMMAANCAP,Sec Re NCD 8.33% Sr.III,13/09/2024, , , , , ,INT PAYMENT/REDEMPTION   
YZ,IBULHSG,Sec Re NCD 9.25% Sr VIII,11/09/2024, , ,11/09/2024, , ,INTEREST PAYMENT         
YZ,SAMMAANCAP,Sec Re NCD 8.70% Sr.III,13/09/2024, , , , , ,INT PAYMENT/REDEMPTION   
Z1,SAMMAANCAP,Sec Red NCD 8.55% Sr. I,13/09/2024, , ,13/09/2024, , ,INTEREST PAYMENT         
Z4,SAMMAANCAP,Sec Red NCD Sr. II,13/09/2024, , ,13/09/2024, , ,INTEREST PAYMENT         
Z6,SAMMAANCAP,Sec Red NCD 8.90% Sr. III,13/09/2024, , ,13/09/2024, , ,INTEREST PAYMENT         
Z7,SAMMAANCAP,Sec Red NCD Sr. IV,13/09/2024, , ,13/09/2024, , ,INTEREST PAYMENT         
Z8,SAMMAANCAP,Sec Red NCD 8.65% Sr. V,13/09/2024, , ,13/09/2024, , ,INTEREST PAYMENT         

