SECURITY,NEW,PREVIOUS,NEW_STATUS
ELECTROTHERM (I) LTD.,987.4,950.15,H
FORTIS HEALTHCARE LTD,576.95,569.9,H
INFO EDGE (I) LTD,7777,7746.5,H
SANDESH LTD,2058.3,1776.6,H
AJANTA PHARMA LIMITED,3477.45,3473.7,H
JSW ENERGY LIMITED,764.8,752,H
INVESCO INDIA NIFTY ETF,3100,2860,H
ICICIPRAMC - ICICICONSU,127.07,126.12,H
SUPRIYA LIFESCIENCE LTD,636,624,H
DESTINY LOGISTICS & I LTD,69.95,66.65,H
RBM INFRACON LIMITED,882.5,840.5,H
21ST CENTURY MGMT SERVICE,141.4,138.63,H
ARCHIDPLY DECOR LIMITED,122.17,105.1,H
ZAGGLE PREPA OCEAN SER L,420.3,394.45,H
ENTERO HEALTHCARE SOLU L,1510.9,1431.9,H
GOI TBILL 364D-02/05/25,96.19,94.7,H
RAVINDRA ENERGY LIMITED,99.04,94.33,H
SARASWATI SAREE DEPOT LTD,174.6,172.5,H
VOLTAS LTD,1846,1837.9,H
GUFIC BIOSCIENCES LTD.,434,418.9,H
HINDUSTAN UNILEVER LTD.,2950,2938.2,H
HIMADRI SPECIALITY CHEM L,578.5,567,H
DOMS INDUSTRIES LIMITED,2814.5,2793.9,H
AEROFLEX INDUSTRIES LTD,209.9,202.7,H
GLOBAL VEC HELICORP LTD,332.5,317.15,H
RELCAPAMC - NETFGILT5Y,60,59.25,H
MOTILALAMC - MOHEALTH,45.37,45.05,H
BANSAL WIRE INDUSTRIES L,460.9,450.2,H
SEC RE NCD 8.20% SR.V,1026.95,1025.69,H
SEC RE NCD 9.65% SR I,1030,1028.62,H
EMCURE PHARMACEUTICALS L,1464,1455.2,H
AHIMSA INDUSTRIES LTD.,33.4,31.85,H
INTERARCH BUILDING PROD L,1338.15,1319.95,H
GOI TBILL 182D-09/01/25,98,97.91,H
SHOPPERS STOP LIMITED,935.9,920,H
ALPA LABORATORIES LTD,128.45,124.6,H
TARAPUR TRANSFORMERS LTD,21.43,21.01,H
GOKUL AGRO RESOURCES LTD,316.8,282.8,H
DHUNSERI INVESTMENTS LTD,2622.35,2289.05,H
GAYATRI RUBB AND CHEM LTD,425.5,425,H
MONARCH NETWORTH CAP LTD,921,919,H
9.90 % SRNCD SR VI,1069.98,1068,H
INNOVA CAPTAB LIMITED,782.4,772.4,H
VRAJ IRON AND STEEL LTD,276.84,256.65,H
MOTISONS JEWELLERS LTD,249.95,248.15,H
EPACK DURABLE LIMITED,328.3,302.7,H
CONTINENTAL SEED CHEM LTD,70.15,66.85,H
IRIS BUSINESS SERV LTD,298,286.11,H
MAHARASHTRA SCOOTERS LTD,10361,10245,H
ICRA LIMITED,6606,6505,H
BAJAJ AUTO LIMITED,11501.3,11154.1,H
MAX FINANCIAL SERV LTD,1155,1152.95,H
D. P. ABHUSHAN LIMITED,1704,1676,H
E FACTOR EXPERIENCES LTD,276,265,H
ESSEN SPECIALITY FILMS L,381,362.9,H
SUPREME ENGINEERING LTD,3.2,3.14,H
SHRIRAM - LIQUIDSHRI,1011.89,1011.72,H
7.74% TAX FREE NCD,1159.99,1155.9,H
NUVAMA WEALTH MANAGE LTD,6985,6898.85,H
CHAVDA INFRA LIMITED,208.85,204.9,H
SUMIT WOODS LIMITED,155.42,152.38,H
AYM SYNTEX LIMITED,171.58,168.22,H
MIRAEAMC - MULTICAP,17.32,17.06,H
8.66% TAX FREE NCD,1329.9,1328,H
PI INDUSTRIES LTD,4748.9,4701,H
PRISM JOHNSON LIMITED,246,208.8,H
AMI ORGANICS LIMITED,1483.45,1474.8,H
GOI LOAN  7.46% 2073,109.5,109.35,H
HRH NEXT SERVICES LIMITED,87.35,83.2,H
ICICIPRAMC - ICICIPHARM,152.8,152.4,H
KOTAKMAMC - KOTAKLOVOL,23.41,22.37,H
KRISHNA INST OF MED SCI L,2705,2694,H
JUBILANT PHARMOVA LTD,1060,1048,H
PASUPATI ACRYLON LIMITED,70.98,65.83,H
FOCE INDIA LIMITED,1650,1620,H
S&S POWER SWITCHGEARS,447.65,442.45,H
INDO THAI SEC LTD,621.4,591.85,H
ZENITH DRUGS LIMITED,134.6,117.8,H
CONCORD BIOTECH LIMITED,1948.95,1920,H
PRUDENTIAL SUGAR CORPORAT,33.66,32.06,H
SEC RE NCD 8.5% SR.I,1040,1033,H
KAVVERI TEL. LTD.,42.58,41.75,H
ALUWIND ARCHITECTURAL LTD,70.5,70,H
GOI TBILL 91D-19/09/24,99.86,99.85,H
ANIK INDUSTRIES LTD,95.91,91.35,H
GLENMARK LIFE SCIENCE LTD,1325,1299,H
NIP IND ETF CONSUMPTION,140.68,135.92,H
PIRAMAL PHARMA LIMITED,243.99,239.8,H
COFORGE LIMITED,6912.3,6872.8,H
SEPC LIMITED,33.45,32.69,H
SHARP CHUCKS N MACHINES L,144.3,138,H
REGENCYCERAMICS-LTD,69.26,67.91,H
GOI TBILL 182D-07/11/24,98.81,98.79,H
ATMASTCO LIMITED,325.4,321.3,H
LEAD REC AND RUB PROD LTD,102.05,97.2,H
APAR INDUSTRIES LTD.,10080,9659.9,H
NIRAJ CEMENT STRUC LTD,74,65,H
HEALTHCARE GLOB. ENT. LTD,421,419.5,H
DOLAT ALGOTECH LIMITED,186.5,184.4,H
KALYAN JEWELLERS IND LTD,669.5,662.75,H
ZOMATO LIMITED,281.5,280.9,H
SILKFLEX POLYMERS INDIA L,105.95,98.7,H
2.50%GOLDBONDS2032SR-IV,8400,8300,H
8.76% TAX FREETRI SR2B,1191,1190,H
SEC RE NCD 8.94% SR.II,990,988,H
INDEGENE LIMITED,720.9,689.95,H
KORE DIGITAL LIMITED,2720.15,2590.65,H
ASSO ALCOHOLS & BREW LTD,977.95,971.45,H
BROOKS LAB LIMITED,150.12,143.45,H
GOI LOAN  7.25% 2063,105.64,105.5,H
WINDLAS BIOTECH LIMITED,952.1,929,H
PATTECH FITWELL TUB COM L,102.9,101,H
UNITED SPIRITS LIMITED,1531.25,1519.75,H
DELPHI WORLD MONEY LTD,263.7,258.55,H
SRI ADHIKARI BRO TELE N L,664.2,651.2,H
SEC RE NCD 8.75% SR.VI,1057,1038,H
KRONOX LAB SCIENCES LTD,200.5,188.9,H
UDAYSHIVAKUMAR INFRA LTD,67.42,59.5,H
SOLAR ACT RS.3.50 PPD UP,479,473.85,H
SANSTAR LIMITED,154.28,146.3,H
SURAJ LIMITED,396.3,349.9,H
ANDHRA PAPER LIMITED,109.6,112,L
SEC RE NCD 9.65% SR I,945.07,960,L
VETO SWITCHGEAR CABLE LTD,161.55,162.5,L
CYBER MEDIA RES & SER LTD,97.2,100.8,L
GACM TECHNOLOGIES LIMITED,1.45,1.53,L
ASHAPURA LOGISTICS LTD,133.7,134,L
SEMAC CONSULTANTS LIMITED,440,450,L
KOTAK PSU BANK,651,653.39,L
INDIAN PHOSPHATE LIMITED,131.5,138.4,L
SMS LIFESCIENCES (I) LTD,1680.35,1714.65,L
SEC RE NCD 9.90% SR IV,821,1000.2,L
RAYMOND LIFESTYLE LIMITED,2336.85,2459.85,L
SEC RED NCD 10.35% SR. II,950,994.31,L
VDEAL SYSTEM LIMITED,160.35,161.5,L
AKSHAR SPINTEX LIMITED,0.16,0.27,L
FUTURE SUPP CHAIN SOL LTD,2.64,2.71,L
DSPAMC - DSPPSBKETF,65.34,65.43,L
SAKUMA EXPORTS LIMITED,5.71,5.8,L
PODDAR HOUSE & DVPT LTD,74.03,74.7,L
TRANS & RECTI. LTD,668,675.9,L
SHIVALIC POWER CONTROL L,242,243.6,L
FOCUS LIGHTG & FIXTRS LTD,116.39,118.77,L
SEC RE NCD 9.71% SR VIII,800.4,940.1,L
ANMOL INDIA LIMITED,31.1,31.15,L
SEC RE NCD 10.75% SR XI,901.8,952,L
PARAMATRIX TECHNOLOGIES L,104.1,109.1,L
SEC RE NCD 9.15% SR.VIII,900.3,901,L
GE POWER INDIA LIMITED,390,390.15,L
INFIBEAM AVENUES LIMITED,27.55,79.5,L
FILATEX FASHIONS LIMITED,1.18,1.21,L
GALA PRECISION ENG LTD,704.7,721.1,L
NANDANI CREATION LIMITED,37.75,38.11,L
RISHABH INSTRUMENTS LTD,363.95,365.95,L
BRACE PORT LOGISTICS LTD,113.1,122.1,L
V.L.INFRAPROJECTS LIMITED,81.8,83.45,L
GLOBALE TESSILE LIMITED,38.53,41.67,L
BOSS PACKAGING SOLU LTD,74.3,78.2,L
AKSHAR SPINTEX LIMITED,1.59,1.65,L
SEC RE NCD 9.48% SR V,700.2,920.1,L
SECUR CREDENTIALS LIMITED,6.44,6.58,L

