GAIN_LOSS,SECURITY,CLOSE_PRIC,PREV_CL_PR,PERCENT_CG
 ,Nifty 50 Sec., , , 
 , , , , 
G,TATA CONSULTANCY SERV LT,      4295.25,      4196.95,2.34
G,HCL TECHNOLOGIES LTD,      1626.15,      1592.65,2.1
G,INFOSYS LIMITED,      1823.25,      1797.45,1.44
G,TECH MAHINDRA LIMITED,      1524.40,      1503.40,1.4
G,BHARAT PETROLEUM CORP  LT,       325.05,       321.70,1.04
G,MAHINDRA & MAHINDRA LTD,      2745.25,      2718.05,1
G,WIPRO LTD,       495.15,       490.50,.95
G,TATA MOTORS LIMITED,      1062.35,      1053.45,.84
G,BHARTI AIRTEL LIMITED,      1471.70,      1459.70,.82
G,BAJAJ AUTO LIMITED,      9749.60,      9671.60,.81
G,LTIMINDTREE LIMITED,      5427.55,      5384.90,.79
G,STATE BANK OF INDIA,       803.00,       797.55,.68
G,SBI LIFE INSURANCE CO LTD,      1692.10,      1682.40,.58
G,TITAN COMPANY LIMITED,      3402.15,      3383.55,.55
G,ITC LTD,       492.20,       490.00,.45
G,HDFC BANK LTD,      1607.80,      1603.20,.29
G,MARUTI SUZUKI INDIA LTD.,     12205.65,     12176.25,.24
G,HDFC LIFE INS CO LTD,       686.35,       685.00,.2
G,SHRIRAM FINANCE LIMITED,      2895.10,      2891.35,.13
G,SUN PHARMACEUTICAL IND L,      1741.65,      1740.10,.09
G,ASIAN PAINTS LIMITED,      3025.85,      3023.55,.08
G,NTPC LTD,       396.35,       396.20,.04
G,HINDALCO  INDUSTRIES  LTD,       621.45,       621.40,.01
 , , , , 
L,DIVI S LABORATORIES LTD,      4662.00,      4861.80,-4.11
L,HERO MOTOCORP LIMITED,      5072.45,      5245.50,-3.3
L,COAL INDIA LTD,       504.70,       521.75,-3.27
L,ULTRATECH CEMENT LIMITED,     11002.60,     11271.20,-2.38
L,OIL AND NATURAL GAS CORP.,       328.15,       335.90,-2.31
L,DR. REDDY S LABORATORIES,      6801.05,      6948.40,-2.12
L,JSW STEEL LIMITED,       890.30,       907.85,-1.93
L,TATA STEEL LIMITED,       146.17,       148.88,-1.82
L,ADANI ENTERPRISES LIMITED,      3040.10,      3092.20,-1.68
L,ADANI PORT & SEZ LTD,      1461.95,      1483.45,-1.45
L,EICHER MOTORS LTD,      4733.25,      4802.25,-1.44
L,CIPLA LTD,      1563.80,      1583.45,-1.24
L,APOLLO HOSPITALS ENTER. L,      6515.85,      6589.40,-1.12
L,POWER GRID CORP. LTD.,       333.50,       336.95,-1.02
L,TATA CONSUMER PRODUCT LTD,      1167.55,      1178.80,-0.95
L,INDUSIND BANK LIMITED,      1338.10,      1350.60,-0.93
L,BAJAJ FINSERV LTD.,      1529.15,      1543.35,-0.92
L,HINDUSTAN UNILEVER LTD.,      2722.05,      2741.40,-0.71
L,ICICI BANK LTD.,      1161.65,      1168.35,-0.57
L,AXIS BANK LIMITED,      1153.10,      1159.60,-0.56
L,NESTLE INDIA LIMITED,      2474.60,      2484.70,-0.41
L,GRASIM INDUSTRIES LTD,      2512.40,      2519.25,-0.27
L,KOTAK MAHINDRA BANK LTD,      1747.90,      1752.05,-0.24
L,LARSEN & TOUBRO LTD.,      3545.20,      3551.80,-0.19
L,BRITANNIA INDUSTRIES LTD,      5659.15,      5666.50,-0.13
L,RELIANCE INDUSTRIES LTD,      2923.70,      2927.25,-0.12
L,BAJAJ FINANCE LIMITED,      6458.50,      6465.05,-0.1
 , , , , 
 ,Nifty Next 50 Sec., , , 
 , , , , 
G,ADANI ENERGY SOLUTION LTD,      1113.70,      1071.25,3.96
G,ABB INDIA LIMITED,      7756.95,      7544.80,2.81
G,BAJAJ HOLDINGS & INVS LTD,      9390.60,      9148.90,2.64
G,BERGER PAINTS (I) LTD,       547.20,       534.85,2.31
G,JINDAL STEEL & POWER LTD,       929.75,       908.95,2.29
G,CHOLAMANDALAM IN & FIN CO,      1344.00,      1314.90,2.21
G,SAMVRDHNA MTHRSN INTL LTD,       184.57,       180.70,2.14
G,INFO EDGE (I) LTD,      7236.75,      7098.35,1.95
G,ICICI LOMBARD GIC LIMITED,      1977.95,      1947.25,1.58
G,ZOMATO LIMITED,       260.14,       257.08,1.19
G,HAVELLS INDIA LIMITED,      1845.95,      1825.55,1.12
G,SIEMENS LTD,      7040.05,      6969.10,1.02
G,DLF LIMITED,       821.65,       813.85,0.96
G,TRENT LTD,      6438.35,      6381.70,0.89
G,AVENUE SUPERMARTS LIMITED,      4960.30,      4929.50,0.62
G,SHREE CEMENT LIMITED,     24338.95,     24205.95,0.55
G,POWER FIN CORP LTD.,       484.65,       482.65,0.41
G,COLGATE PALMOLIVE LTD.,      3468.50,      3457.35,0.32
 , , , , 
L,ADANI POWER LTD,       674.05,       689.50,-2.24
L,BOSCH LIMITED,     30993.15,     31593.85,-1.9
L,VARUN BEVERAGES LIMITED,      1462.10,      1489.50,-1.84
L,MARICO LIMITED,       650.25,       660.55,-1.56
L,INDIAN RAILWAY FIN CORP L,       179.06,       181.65,-1.43
L,GODREJ CONSUMER PRODUCTS,      1371.10,      1388.50,-1.25
L,SRF LTD,      2491.75,      2521.05,-1.16
L,TVS MOTOR COMPANY  LTD,      2605.50,      2635.80,-1.15
L,CANARA BANK,       105.65,       106.69,-0.97
L,JIO FIN SERVICES LTD,       320.20,       323.30,-0.96
L,ADANI TOTAL GAS LIMITED,       843.25,       851.35,-0.95
L,BANK OF BARODA,       239.45,       241.75,-0.95
L,ADANI GREEN ENERGY LTD,      1808.30,      1825.65,-0.95
L,INDIAN RAIL TOUR CORP LTD,       909.85,       918.45,-0.94
L,REC LIMITED,       563.70,       568.95,-0.92
L,HINDUSTAN AERONAUTICS LTD,      4661.70,      4701.35,-0.84
L,ICICI PRU LIFE INS CO LTD,       718.20,       724.30,-0.84
L,BHARAT ELECTRONICS LTD,       293.70,       296.15,-0.83
L,TATA POWER CO LTD,       405.45,       408.25,-0.69
L,PUNJAB NATIONAL BANK,       113.57,       114.30,-0.64
L,PIDILITE INDUSTRIES LTD,      3030.75,      3047.10,-0.54
L,VEDANTA LIMITED,       420.20,       422.35,-0.51
L,TORRENT PHARMACEUTICALS L,      3348.75,      3363.40,-0.44
L,ZYDUS LIFESCIENCES LTD,      1170.50,      1175.45,-0.42
L,INTERGLOBE AVIATION LTD,      4209.90,      4227.40,-0.41
L,SBI CARDS & PAY SER LTD,       689.65,       691.90,-0.33
L,DABUR INDIA LTD,       604.40,       605.85,-0.24
L,INDIAN OIL CORP LTD,       163.74,       164.12,-0.23
L,GAIL (INDIA) LTD,       226.66,       227.16,-0.22
L,AMBUJA CEMENTS LTD,       623.20,       624.40,-0.19
 , , , , 
 ,OTHER SECURITIES, , , 
 , , , , 
G,SAHAJ SOLAR LIMITED,       653.40,       544.50,20
G,POKARNA LIMITED,       921.30,       768.75,19.84
G,KITEX GARMENTS LTD,       286.20,       238.91,19.79
G,NAMAN IN-STORE (INDIA) L,       208.05,       173.85,19.67
G,S H KELKAR AND CO. LTD.,       215.13,       183.86,17.01
G,KRITI NUTRIENTS LIMITED,       142.77,       123.48,15.62
G,MARKSANS PHARMA LIMITED,       214.33,       188.05,13.98
G,MACOBS TECHNOLOGIES LTD,       120.25,       105.75,13.71
G,PRAKASH PIPES LIMITED,       549.30,       488.70,12.4
G,EDELWEISS FIN SERV LTD,        85.77,        76.57,12.02
G,EPL LIMITED,       243.81,       217.74,11.97
G,AURUM PROPTECH LIMITED,       210.03,       187.79,11.84
G,SEC RE NCD 9.48% SR V,       848.12,       760.25,11.56
G,PRUDENT CORP ADV SER LTD,      2700.15,      2420.85,11.54
G,TECHNOCRAFT IND LTD,      3602.50,      3259.80,10.51
G,TIME TECHNOPLAST LTD.,       382.35,       346.50,10.35
G,UNIVASTU INDIA LIMITED,       216.69,       197.06,9.96
G,DCM FINANCIAL SERVICES LT,         6.55,         5.96,9.9
G,AURUM RS. 3.12 PPD UP,       173.25,       157.95,9.69
G,SAHANA SYSTEM LIMITED,      1486.40,      1363.00,9.05
G,SARDA ENERGY & MIN LTD,       326.45,       299.75,8.91
G,ISHAN INTERNATIONAL LTD,         2.50,         2.30,8.7
G,UNITED DRILLING TOOLS LTD,       255.29,       235.44,8.43
G,RNFI SERVICES LIMITED,       152.15,       140.55,8.25
G,7.35% TAX FREE NCD,      1135.00,      1050.30,8.06
G,KIRLOSKAR INDUSTRIES LTD,      5690.75,      5270.00,7.98
G,ASAHI SONGWON COLOR LTD,       539.55,       499.90,7.93
G,LAMBODHARA TEXTILES LTD.,       188.74,       174.90,7.91
G,D. P. ABHUSHAN LIMITED,      1301.50,      1206.35,7.89
G,CHENNAI PETROLEUM CORP LT,       965.70,       895.10,7.89
 , , , , 
L,KALAHRIDHAAN TRENDZ LTD,        50.10,        62.60,-19.97
L,DISHMAN CARBO AMCIS LTD,       171.64,       195.68,-12.29
L,VENUS REMEDIES LIMITED,       345.65,       393.10,-12.07
L,NIRMAN AGRI GENTICS LTD,       140.15,       158.35,-11.49
L,PIRAMAL ENTERPRISES LTD,       882.40,       985.40,-10.45
L,COASTAL CORPORATION LTD,       270.20,       297.60,-9.21
L,MANGALAM DRUG & CHEM LTD,       112.73,       123.49,-8.71
L,NIRAJ CEMENT STRUC LTD,        42.69,        46.74,-8.66
L,SURYALAKSHMI COT MIL LTD,        87.01,        95.23,-8.63
L,VINEET LABORATORIES LTD,        58.73,        64.08,-8.35
L,EIH ASSOCIATED HOTELS LTD,       427.70,       466.35,-8.29
L,FAZE THREE LIMITED,       503.30,       547.75,-8.12
L,V.L.INFRAPROJECTS LIMITED,       113.00,       122.70,-7.91
L,SEC RE NCD 8.30% SR 3,       940.10,      1020.00,-7.83
L,SAKUMA EXPORTS LIMITED,         8.99,         9.75,-7.79
L,SEC RE NCD 10.15% SR VII,       899.80,       975.00,-7.71
L,DHUNSERI TEA & IND. LTD.,       232.15,       251.37,-7.65
L,TARSONS PRODUCTS LIMITED,       449.85,       486.80,-7.59
L,HEG LTD,      2006.75,      2169.75,-7.51
L,ADDICTIVE LEARNING TECH L,       259.35,       280.35,-7.49
L,ASIAN ENERGY SERVICES LTD,       327.45,       352.80,-7.19
L,D K ENTERPRISES GLOBAL L,        67.50,        72.50,-6.9
L,WELSPUN INV & COMM LTD,       832.90,       893.45,-6.78
L,MAHALAXMI RUBTECH LIMITED,       169.08,       181.35,-6.77
L,TRF LIMITED,       457.50,       490.35,-6.7
L,HINDCON CHEMICALS LIMITED,        47.04,        50.37,-6.61
L,UNICOMMERCE ESOLUTIONS L,       196.23,       210.08,-6.59
L,LUMAX INDUSTRIES LTD,      2535.35,      2713.95,-6.58
L,SHIVALIC POWER CONTROL L,       273.05,       292.20,-6.55
L,TCI EXPRESS LIMITED,      1055.45,      1129.05,-6.52
