SECURITY,NEW,PREVIOUS,NEW_STATUS
GRAVITA INDIA LIMITED,1990,1915,H
ABHISHEK INTEGRATIONS LTD,100.3,97.5,H
21ST CENTURY MGMT SERVICE,100.05,99.1,H
MITCON CON RS.2.50 PPD UP,80,76,H
NAHAR POLY FILMS LIMITED,337.5,25.5,H
SEC RED NCD SR.VIII,1479,1478,H
MACOBS TECHNOLOGIES LTD,126.9,114.8,H
AKUMS DRUGS AND PHARMA L,1028.75,957.9,H
SATHLOKHAR SYN E&C GLOB L,298.05,283.9,H
GOI TBILL 91D-18/10/24,98.9,98.85,H
LIBERTYSHOESLTD,535,389.9,H
UNIVASTU INDIA LIMITED,216.76,210.95,H
INSPIRISYS SOLUTIONS LTD,154,140.87,H
PRUDENT CORP ADV SER LTD,2737.7,2468.3,H
LE MERITE EXPORTS LIMITED,200,198.5,H
HINDUSTAN MOTORS LIMITED,31.65,21.5,H
STEL HOLDINGS LIMITED,485,242.75,H
POWER INSTRUMENT (G) LTD,137.24,134.55,H
NAMAN IN-STORE (INDIA) L,208.6,173.85,H
SRM CONTRACTORS LIMITED,278,237.3,H
GOI TBILL 364D-27/09/24,99.25,99.18,H
GOI TBILL 182D-12/09/24,99.52,99.48,H
SMS LIFESCIENCES (I) LTD,1355,530,H
GOI TBILL 182D-22/08/24,99.82,99.65,H
EMKAY GLOBAL FIN SERV LTD,190.14,153.9,H
GRETEX INDUSTRIES LTD.,160.35,152.75,H
GSM FOILS LIMITED,59.6,56.8,H
GOI TBILL 182D-26/09/24,99.3,99,H
PRECOT LIMITED,547,537,H
SUMITOMO CHEM INDIA LTD,548.95,546.9,H
SEC RE NCD 0% SR.IV,1247.9,1246,H
GOI TBILL 182D-19/09/24,99.4,99.3,H
MCON RASAYAN INDIA LTD,209,201.65,H
AUSTRALIAN PREM SOLAR I L,554.75,553.95,H
UNSEC RED NCD 10.00% SR.V,1007,1000,H
SURAJ ESTATE DEVELOPERS L,799.9,785,H
GOI TBILL 91D-10/10/24,99.8,98.97,H
GOI TBILL 364D-22/08/24,99.85,99.66,H
SUMIT WOODS LIMITED,107.04,101.95,H
AYM SYNTEX LIMITED,138,48.15,H
SKY GOLD LIMITED,2587.55,2464.35,H
THE WESTERN INDIA PLY LTD,249.4,229.12,H
SUPREME ENGINEERING LTD,2.28,2.24,H
SHRIRAM - LIQUIDSHRI,1007.27,1007.1,H
NOVA AGRITECH LIMITED,79.7,77.2,H
SEC RE NCD 9% SR.IV,1068.2,1058,H
TAX FREE  7.35% SR. 108,1045.75,1045.5,H
TRENT LTD,6452,6443,H
HEXA TRADEX LIMITED,283.05,269.58,H
ETHOS LIMITED,3379.65,3370,H
FOCE INDIA LIMITED,1500,1480,H
PRAKASH PIPES LIMITED,577.7,539.7,H
S&S POWER SWITCHGEARS,385.95,378.4,H
PB FINTECH LIMITED,1709.95,1551.95,H
R M DRIP & SPRINK SYS LTD,203,200,H
DONEAR IND. LIMITED,133.99,77.5,H
PRITIKA ENG COMPO LTD,124.55,118.65,H
SUNGARNER ENERGIES LTD,672.4,640.4,H
ROCKINGDEALS CIRCU ECO L,677.45,675,H
7.51 NCD 16FEB28 TR1 SR2,1099.99,1099.9,H
KOTAKMAMC - KOTAKLOVOL,21.47,21.14,H
ELGI RUBBER CO. LTD,93.38,91.55,H
SERENCD 8.60% SR.IV OP8,1055.45,1055,H
AURUM RS. 3.12 PPD UP,180.05,177,H
KALAHRIDHAAN TRENDZ LTD,71.95,62.6,H
GOI LOAN  7.1% 2034,104.4,104.25,H
GOI TBILL 91D-05/09/24,99.65,99.54,H
SEC RED NCD 9% SR.V,1046.8,1040,H
KRITI NUTRIENTS LIMITED,145.96,137.7,H
LCC INFOTECH LTD,7.1,6.97,H
KAYNES TECHNOLOGY IND LTD,5036,4740,H
UTSSAV CZ GOLD JEWELS LTD,147.35,140.35,H
NIRMAN AGRI GENTICS LTD,461.35,460.5,H
TROM INDUSTRIES LIMITED,268,255.25,H
VLS FINANCE LTD,368.1,367.15,H
GKW LIMITED,3970,3937.95,H
TRIVENI TURBINE LIMITED,843.95,838,H
2.50%GOLDBONDS2030SR-X,8184.75,8039.75,H
CAREER POINT LIMITED,515,342,H
IZMO LIMITED,429.8,328.25,H
8.76% TAX FREETRI SR2B,1187.89,1187.49,H
URBAN ENVIRO WASTE MGMT L,575,541.3,H
V R INFRASPACE LIMITED,250.5,246,H
MAITREYA MEDICARE LIMITED,198.55,189.1,H
GOI TBILL 182D-01/11/24,98.72,97.77,H
SEC RE NCD 9.00% SR I,1090,1068.89,H
PICTUREPOST STUDIOS LTD,36.4,34.7,H
BIRLASLAMC - TECH,49,44,H
WEBSOL ENERGY SYSTEM LTD,887,852.6,H
INOX WIND ENERGY LIMITED,10890,9947.75,H
MINDTECK (INDIA) LIMITED,408.9,300.2,H
AIRAN LIMITED,40.15,34.25,H
SEC RE NCD 8.25% SR.I,1038,1030,H
GOI LOAN  7.34% 2064,106.25,105.95,H
MANOMAY TEX INDIA LTD,311,204,H
R.P.P INFRA PROJECTS LTD.,210,145.05,H
SHEKHAWATI INDUSTRIES LTD,7.92,7.77,H
TPL PLASTECH LIMITED,108,45.5,H
AGARWAL FLOAT GLASS I LTD,103.95,99,H
SRI ADHIKARI BRO TELE N L,456.35,447.45,H
RATNAVEER PRECISION ENG L,181,129.35,H
NIRMAN AGRI GENTICS LTD,171,170,H
GOI TBILL 182D-14/11/24,98.11,97.98,H
SEC RE NCD 8.50% SR 3,1010,993,H
VERTOZ LIMITED,31.34,31.61,L
EXXARO TILES LIMITED,75.99,81.39,L
NET AVENUE TECHNOLOGIES L,13.45,13.9,L
SEC RE NCD 8.30% SR 3,940.1,1020,L
ICICIPRAMC - OILIETF,12.2,12.49,L
AVONMORE CAP&MGT SERV LTD,13.72,14.01,L
SAMMAAN CAPITAL LIMITED,152.01,154.1,L
BRAINBEES SOLUTIONS LTD,633.3,640,L
MITCON CON RS.2.50 PPD UP,70,71.1,L
UNICOMMERCE ESOLUTIONS L,195,206,L
FUSION MICRO FINANCE LTD,288,300.1,L
GACM TECHNOLOGIES LIMITED,1.92,1.96,L
SEMAC CONSULTANTS LIMITED,520,539.1,L
KAMDHENU VENTURES LIMITED,34.4,35.29,L
YUDIZ SOLUTIONS LIMITED,55.1,55.25,L
CEIGALL INDIA LIMITED,368.2,379.3,L
KAPSTON SERVICES LIMITED,198,202,L
SALASAR TECHNO ENGG. LTD.,16.2,16.9,L
KBC GLOBAL LIMITED,1.72,1.76,L
VINNY OVERSEAS LIMITED,3.5,3.97,L
EQUIPPP SOC IMP TECH LTD,20.41,20.84,L
RACHANA INFRA LTD,55.3,56.55,L
NANDANI CREATION LIMITED,30.44,32.05,L
COFFEE DAY ENTERPRISE LTD,33.8,37.65,L
SIGNPOST INDIA LIMITED,215.61,225.22,L
BAID FINSERV LIMITED,14.3,20.1,L
SEC RE NCD 8.25% SR.I,981.1,982.05,L
SUMEET IND LIMITED,4.22,4.31,L
SEC RE NCD 9% SR.IV,1032,1035,L
DANGEE DUMS LIMITED,6.89,7,L
ANMOL INDIA LIMITED,30.15,30.95,L
SINCLAIRS HOTELS LIMITED,98.22,98.5,L
GROWWAMC - GROWEV,32.07,32.1,L
BULKCORP INTERNATIONAL L,116.7,122.1,L
FILATEX FASHIONS LIMITED,1.3,1.37,L
G-TEC JAINX EDUCATION LTD,63,65,L
GE POWER INDIA LIMITED,430.45,440,L
JNK INDIA LIMITED,698.4,702,L
DCX SYSTEMS LIMITED,330.75,339,L
OMAXE LIMITED,113,113.03,L
PALRED TECHNOLOGIES LTD,92.66,93.1,L
PRUDENTIAL SUGAR CORPORAT,19.03,19.3,L
TAX FREE  7.28% SR. 103,1100,1145,L
ELECTRO FORCE (INDIA) LTD,68,68.5,L
VALIANT LABORATORIES LTD,111.1,115.05,L
AARTECH SOLONICS LIMITED,70.46,71.05,L
SMARTLINK HOLDINGS LTD,265.5,270.9,L
RISHABH INSTRUMENTS LTD,367.75,367.8,L
AVANTEL LIMITED,176.56,180.1,L
TATVA CHIN PHARM CHEM LTD,945.8,953,L
BLS E-SERVICES LIMITED,205,207.01,L
SEC RE NCD 0% SR.VII,961,970,L
AKIKO GLOBAL SERVICES L,62.8,65.5,L
RELIABLE DATA SERVICE LTD,96.13,98.1,L
SEC RE NCD 9.16% SR.V,850,900,L
V.L.INFRAPROJECTS LIMITED,111.3,114.5,L
HLE GLASCOAT LIMITED,397.9,400,L
VARANIUM CLOUD LIMITED,22.1,22.8,L
SECUR CREDENTIALS LIMITED,6.12,6.43,L
KRONOX LAB SCIENCES LTD,138.29,142.05,L
IRM ENERGY LIMITED,428.35,431.6,L
GRASIM RE. 1 PPD UP,1600.4,1615.55,L
AMJ LAND HOLDINGS LIMITED,48.9,50.01,L
SEC RE NCD 8.75% SR.VII,919.99,920,L
SEC RE NCD 9.65% SR I,900.01,966.55,L

