SYMBOL,SYMBOL P/E,ADJUSTED P/E
FDC,24.32,24.32
ADROITINFO,13.56,13.56
MAHAPEXLTD,.55,35.99
TRIGYN,18.97,18.97
KOTHARIPRO,29.57,29.57
ITDCEM,29.6,29.6
SONATSOFTW,55.68,4.57
CYBERTECH,22,22
GOACARBON,8.51,8.51
STCINDIA,16.58,17.54
RSSOFTWARE,36.97,36.97
IVC,84.2,84.2
ALEMBICLTD,35.69,35.69
BSOFT,24.56,24.56
STAR,129.47,37.65
ZYDUSLIFE,28.28,28.28
RAJESHEXPO,25.92,25.92
NRBBEARING,11.83,32.09
BLBLIMITED,35.75,35.75
BLUESTARCO,70.6,70.6
PNBGILTS,33.21,36.28
TAJGVK,26.52,26.52
HAVELLS,82.27,82.27
MRO-TEK,25.85,25.85
TRIDENT,56.84,56.86
ACLGATI,205.3,
TCI,28.27,28.06
ASAL,65.49,65.49
SURANAT&P,34.71,34.71
UNIONBANK,6.48,6.48
GODREJIND,27.65,27.65
RADICO,82.37,82.37
VARDHACRLC,22.59,22.59
WELSPUNLIV,24.59,24.59
TVTODAY,15.78,15.27
MUKANDLTD,23.36,23.36
VAIBHAVGBL,39.47,37.74
POONAWALLA,15.88,22.69
CENTEXT,26.49,26.88
TCS,32.25,31.76
COFORGE,48.8,49.36
ASTRAMICRO,64.32,64.32
DWARKESH,40.37,40.37
SUPRAJIT,43.23,43.23
CONSOFINVT,11.05,11.05
EVEREADY,72.81,72.81
SSWL,5.02,14.72
PRIMESECU,31.98,36.08
GENUSPOWER,94.09,94.09
NECLIFE,135.91,135.91
GOLDIAM,26.8,26.8
SASKEN,33.37,33.37
AURIONPRO,59.63,59.63
AIAENG,38.24,38.26
ORIENTCER,31.28,36.89
VIMTALABS,26.7,26.7
NITINSPIN,16.15,16.15
GSPL,7.96,8.11
GVKPIL,3.28,3.28
SAKUMA,38.24,38.24
KEC,54.33,54.33
INDOTECH,40.62,40.62
CENTURYPLY,59.57,58.23
VAKRANGEE,376.11,399.14
GALLANTT,27.49,27.49
UTTAMSUGAR,9.36,9.36
GPIL,13.76,13.76
LOKESHMACH,52.17,52.17
KAMDHENU,25.41,25.41
PIONEEREMB,49.51,49.51
MUNJALAU,26.59,15.87
TECHM,57.55,57.62
GRINDWELL,69.99,69.94
ACE,43.54,43.54
BINANIIND,31.25,
ALICON,28.82,28.82
DCBBANK,6.78,6.78
TORNTPOWER,34.87,34.87
LTFOODS,18.51,18.51
JINDRILL,15.49,15.49
PLASTIBLEN,20.24,20.24
TANLA,21.89,21.89
TIDEWATER,31.84,31.84
PTL,22.54,22.54
UNOMINDA,78.81,80.73
PGIL,23.48,24.04
FSL,36.85,36.85
BANSWRAS,20.23,20.23
AROGRANITE,55.17,55.17
NDLVENTURE,250.52,250.52
SRHHYPOLTD,12.18,11.05
NAVINFLUOR,62.43,75.97
HGS,25.72,25.72
DLF,118.67,118.67
MEGASOFT,105.82,105.82
MOTILALOFS,12.44,12.44
CENTUM,,3671.88
MANGCHEFER,10.54,10.54
RELIGARE,28.12,79.53
RGL,12.21,12.21
JYOTHYLAB,53.71,53.71
HITECHCORP,20.89,21.6
TRIL,125.8,125.8
DVL,28.3,28.3
AMBIKCO,15.1,15.1
BIRLAMONEY,15.45,15.45
JKIL,18.67,18.67
HERCULES,50.26,50.26
SEPC,124.84,124.84
NMDC,11.2,10.81
RECLTD,10.24,10.24
TITAGARH,63.09,62.73
BAJAJ-AUTO,34.89,34.89
DIGISPICE,15.79,42.29
ALMONDZ,21.19,54.5
RANEENGINE,24.86,20.2
LOTUSEYE,74.76,75.57
UBL,112.34,112.34
ZFCVINDIA,71.73,71.73
20MICRONS,17.72,17.38
COUNCODOS,35.54,35.54
TPHQ,25.38,25.38
AJMERA,21.41,21.41
VINATIORGA,59.32,59.32
NHPC,23.67,23.67
EXPLEOSOL,20.64,20.64
SUNTECK,118.97,118.97
SHILPAMED,127.55,137.29
JSWENERGY,60.27,60.27
MMTC,159.87,120.79
WHIRLPOOL,88.53,84.55
THANGAMAYL,39.81,39.81
HATHWAY,57.11,56.41
BLISSGVS,13.22,6.53
IITL,7.42,10.4
WELINV,114.02,114.02
DEEPAKNTR,44.98,48.38
ASHOKA,11.47,13.24
JWL,65.3,65.3
SHAH,9.52,164.38
CGCL,42.8,42.8
JINDWORLD,84.85,84.85
JAMNAAUTO,24.52,24.52
A2ZINFRA,11.39,
HFCL,52.91,52.91
MUTHOOTFIN,16.65,16.65
PIIND,38.14,38.14
OMINFRAL,39.1,39.1
DELPHIFX,15.52,15.52
DHANUKA,32.2,32.2
THERMAX,74.12,86.35
RIIL,170.83,170.83
RAYMOND,19.18,18.45
SHREDIGCEM,17.23,17.23
SMLISUZU,23.82,23.82
SUNDRMFAST,52.48,52.48
CRISIL,51.05,51.05
PEL,,129.32
MASTEK,27.36,27.15
TRENT,146.42,220.28
CUMMINSIND,64.9,64.85
JBCHEPHARM,51.43,51.43
INDIAGLYCO,23.92,23.92
IONEXCHANG,47.53,47.53
HIMATSEIDE,13.27,13.27
GFLLIMITED,173.15,173.15
BHARATFORG,84.85,76.5
ATUL,69.57,69.57
ACC,19.49,22.08
MRPL,13.57,13.53
HINDPETRO,9.42,9.42
BAJAJHLDNG,71.3,71.3
ZUARIIND,1.44,
VOLTAS,88.15,88.15
TATASTEEL,,51.5
SPIC,18.3,12.77
RELIANCE,25.42,25.42
BOSCHLTD,36.59,49.11
CARBORUNIV,68.72,68.72
DICIND,,137.6
RAMCOCEM,53.34,53.34
CENTURYTEX,94.48,94.48
TATACHEM,,32.46
EPL,31.88,30.22
VLSFINANCE,3.83,3.83
BIRLACABLE,73.73,73.73
AEGISLOG,37.74,37.74
UNICHEMLAB,,2223.11
JTEKTINDIA,43.88,43.88
HCC,18.38,
ARE&M,29.86,29.86
ADANIENT,81.72,77.31
GET&D,151.06,151.06
BANARISUG,26.74,26.74
KPIL,41.79,41.79
IGARASHI,120.75,120.75
MUNJALSHOW,21.87,20.53
HSCL,50.07,50.07
UFLEX,,9.61
THOMASCOOK,35.1,35.1
SIEMENS,100.96,100.96
VSTIND,23.5,23.5
TOKYOPLAST,80.52,80.52
IFCI,66.83,67.42
HLVLTD,54.52,54.52
HEIDELBERG,32.15,32.15
PRSMJOHNSN,74.43,
POLYPLEX,41.26,41.26
PCBL,28.32,28.32
HONDAPOWER,40.85,42.61
RUBYMILLS,17.28,17.28
BBL,41.88,41.88
DCMSHRIRAM,35.44,35.44
COSMOFIRST,29.41,29.41
HEROMOTOCO,25.25,25.25
ITC,29.58,29.57
HINDCOMPOS,24.7,24.7
OSWALGREEN,594.28,594.28
HUHTAMAKI,7.47,32.49
RICOAUTO,40.62,39.57
SIYSIL,11.76,11.76
PRECWIRE,33.71,33.71
NCC,25.8,25.13
SEAMECLTD,25.41,26.93
BBTC,7.9,7.62
GICHSGFIN,7.87,7.87
BANARBEADS,23.2,23.2
WSTCSTPAPR,6.05,6.05
PRUDMOULI,10.64,9.9
PRAJIND,43.82,47.2
EVERESTIND,100.92,120.03
TFCILTD,18.27,18.27
GTL,1.04,5.86
AGI,21.67,21.67
TATACONSUM,92.82,79.22
ZEEL,40.63,31.01
FMGOETZE,18.37,18.37
ORIENTHOT,55.76,55.76
KANSAINER,35.09,35.09
3MINDIA,68.18,68.18
RALLIS,49.14,49.4
MFSL,81.19,81.19
SURYAROSNI,19.14,19.14
SAKHTISUG,3.69,
AKZOINDIA,33.81,33.81
GRASIM,17.47,16.8
FINCABLES,29.91,43.63
DCM,35.01,35.01
HEUBACHIND,34.58,34.58
PVP,10.54,
NAVA,9.71,10.53
GREENPLY,40.62,44.65
REMSONSIND,47.54,46.61
MRF,28.26,28.26
TNPETRO,16.78,14.98
CUBEXTUB,41.94,41.94
BIOFILCHEM,162.46,162.46
ZENITHEXPO,2685.71,2685.71
MOTHERSON,38.92,37.89
AARTIDRUGS,29.17,29.17
INDIANCARD,20.66,
SHRIRAMFIN,14.19,14.19
JAGSNPHARM,47.98,42.62
MPHASIS,32.62,32.62
HERITGFOOD,33.14,32.89
SKMEGGPROD,10.35,10.35
HUDCO,25.83,25.83
AXITA,35.72,35.72
PLAZACABLE,107.43,107.43
SENCO,41.05,41.05
USASEEDS,25.28,25.28
TRU,47.38,47.38
RADHIKAJWE,17.35,17.35
SPLPETRO,40.03,40.03
RAMRAT,30.36,30.36
CSLFINANCE,13.67,13.67
AGNI,227.3,227.3
KORE,182.68,178.7
GOYALALUM,60.7,60.7
RUSTOMJEE,143.22,143.22
GENSOL,61.89,61.79
DBOL,25.42,25.42
GSLSU,39.14,39.14
SPORTKING,18.96,18.96
ALLETEC,258.85,258.85
MANORAMA,109.71,109.71
ARABIAN,26.24,26.24
GRMOVER,23.17,23.17
SYNCOMF,51.92,51.89
DJML,73.19,73.19
BAHETI,42.62,42.62
SULA,43.06,43.06
SIGNATURE,381.87,381.87
KRITINUT,13.17,13.17
MEGAFLEX,46.47,46.47
KALAMANDIR,24.13,24.13
AVALON,162.65,162.65
RITEZONE,15.34,15.34
CONCORDBIO,51.81,51.81
GRCL,136.1,136.1
BAIDFIN,13.5,13.5
PHANTOMFX,21.05,21.05
QUICKTOUCH,16.52,16.52
IPSL,22.83,22.83
KAMOPAINTS,84.25,84.25
BLUEJET,51.05,48.9
MVGJL,18.37,18.37
JIWANRAM,19.76,19.76
SCPL,20.72,20.72
SUKHJITS,14.16,14.16
ARHAM,46.49,46.49
MANKIND,44.11,44.11
SKYGOLD,63.92,63.92
ARIHANTACA,62.6,62.6
SATINDLTD,5.56,5.56
DIVGIITTS,56.22,56.22
USK,12.43,12.43
ANLON,65.77,65.77
VERTEXPLUS,129.43,129.43
SRIVASAVI,29.4,29.4
IKIO,37.47,37.47
MANOMAY,34.82,34.82
FAZE3Q,32.11,32.11
RBMINFRA,58.26,58.26
LLOYDSME,27.94,27.94
AARTIPHARM,22.65,22.65
RHL,54.28,54.28
SAHYADRI,16.43,16.43
NINSYS,50.72,50.72
DUCOL,39.02,39.02
SBFC,32.53,32.53
SBGLP,84.54,84.54
ASMS,363.48,237.02
HYBRIDFIN,12.31,12.08
VIAZ,29.79,29.79
ZAGGLE,73.69,73.69
AGARWALFT,368.5,368.5
HONASA,119.6,119.6
RISHABH,40.37,40.37
IRMENERGY,28.21,28.21
SAH,327.44,327.44
DENEERS,18.09,18.09
QFIL,21.37,21.37
CYIENTDLM,91.81,91.81
NIRMAN,55.95,55.95
AKI,144.63,144.63
YCCL,36.98,36.98
RATNAVEER,24.22,24.22
PATTECH,53.8,53.8
MOS,38.95,38.95
SECMARK,208.63,208.63
SPECTSTM,22.12,22.12
ATAM,33.33,33.33
IDEAFORGE,107.47,107.47
CRAYONS,18.33,18.33
INFOLLION,33.71,33.71
LAL,39.62,39.62
INFINIUM,51.57,51.57
AARTECH,151.33,151.33
POCL,43.39,43.39
ESFL,31.58,31.58
AATMAJ,66.71,66.71
DOLPHIN,223.62,233.8
REDTAPE,73.33,73.33
ASHOKAMET,8.32,8.32
CELLPOINT,36.14,36.14
SEL,138.96,138.96
GREENCHEF,34.71,34.71
PTCIL,558.75,558.75
NETWEB,150.5,150.5
PYRAMID,21.6,21.6
MAGSON,26.41,26.41
AEROFLEX,46.52,46.39
EMSLIMITED,28.76,28.76
GHCLTEXTIL,30.23,30.23
MONOPHARMA,27.59,27.59
VPRPL,25.25,25.25
UDS,26.37,26.37
SYNOPTICS,14.38,14.38
KIRLPNU,57.29,54.95
ATL,28.21,28.21
RRKABEL,62.51,62.58
COMMITTED,14.71,14.71
JSWINFRA,58.21,58.21
SANGANI,21.42,21.42
JLHL,50.06,50.37
NUVAMA,30.35,30.35
DRONE,97.36,97.36
YASHO,51.45,51.45
SERVICE,27.03,27.03
KEL,48.75,48.75
NIITMTS,28.17,27.49
VINSYS,23.76,23.76
ACSAL,14.79,14.79
SAROJA,21.67,21.67
SINDHUTRAD,28.96,28.96
ORIANA,72.26,72.26
CHAVDA,31.74,31.74
TRANSTEEL,12.48,12.32
SANDUMA,24.65,24.65
KODYTECH,585.12,585.12
KARNIKA,34.36,34.36
SAAKSHI,78.4,78.4
MUFIN,115.51,112.16
HIGREEN,45.64,45.64
CELLECOR,40.19,40.19
JIOFIN,176.8,176.8
CPS,71.09,71.09
NEWJAISA,65.82,65.82
HOLMARC,33.96,33.96
MARCO,35.01,35.01
DIAMINESQ,73.44,73.44
VISHNUINFR,26.28,26.28
MICROPRO,20.58,20.58
CANARYS,49.87,49.87
MAITREYA,24.99,24.99
AMNPLST,55.46,55.46
SARTELE,59.82,59.82
PARAGON,19.28,19.28
REPRO,94.6,94.6
GAEL,16.84,16.84
AXISCADES,48.83,48.83
TIPSINDLTD,64.39,64.39
HIKAL,57.46,57.46
MARKSANS,27.06,27.06
JISLJALEQS,68.68,68.68
UNITDSPR,72.03,72.21
MPSLTD,31.73,31.73
OLECTRA,169.9,184.96
APTECHT,48.16,43.55
TIMESGTY,61.31,61.31
NUCLEUS,18.37,18.37
GENESYS,124.9,124.9
DIVISLAB,77.1,77.1
MARUTI,26.52,26.52
NSIL,31.71,31.71
PETRONET,14.23,14.34
XPROINDIA,51.68,49.74
EXCELINDUS,43.55,43.55
TEXINFRA,425.73,425.73
NTPC,18.98,18.98
INDOCO,40.49,44.02
JSWSTEEL,29.36,31.32
GOKEX,51.55,51.55
CYBERMEDIA,15.41,20
JKPAPER,8.47,8.47
YESBANK,51.95,51.95
IDFC,702.96,702.96
FCSSOFT,,69.18
INSPIRISYS,40.24,40.24
GESHIP,6.86,6.86
DONEAR,20.21,20.21
HIRECT,78.9,61.4
HBLPOWER,58.81,55.08
SARLAPOLY,18.89,18.89
PITTIENG,50.79,50.79
CTE,37.95,37.95
REDINGTON,12.72,12.72
PAGEIND,79.55,79.55
ASTRAL,94,94
NCLIND,13.19,13.19
PHOENIXLTD,45.39,45.38
ALPHAGEO,269.36,39.59
KMSUGAR,15.44,15.44
NELCAST,22.31,31.8
CIEINDIA,24.9,24.9
POWERGRID,19.98,19.98
CERA,55.37,55.08
ADANIPOWER,16.64,16.64
OIL,15.72,15.8
RTNPOWER,.87,
ZYDUSWELL,47.64,47.64
REFEX,31.15,31.16
AHLUCONT,23.74,38.14
GODREJPROP,66.36,66.36
BEARDSELL,17.9,17.9
NESTLEIND,73.84,74.05
UNITEDTEA,14.12,14.12
VASCONEQ,31.98,31.98
DBREALTY,8.22,8.74
MANINFRA,25.05,25.05
PERSISTENT,62.23,62.23
KIRLOSBROS,43.65,43.78
SJVN,54.28,58
IMFA,9.73,9.73
ADFFOODS,33.66,33.66
GREENPOWER,65.07,75.9
BEDMUTHA,33.48,33.48
RESPONIND,42.06,42.06
PENIND,22.11,22.11
KIRLOSENG,38.38,38
KICL,35.08,46.51
HINDMOTORS,19.34,19.34
PFS,21.38,21.38
RELAXO,104.95,104.95
KARMAENG,122.67,161.14
LTF,16.37,16.37
PFIZER,43.51,43.99
DEEPAKFERT,22.16,22.16
COROMANDEL,33.84,33.84
ASIANPAINT,57.65,57.65
PGHL,40.54,40.54
CENTENKA,28.28,28.28
VIPIND,10588.99,10588.99
BBOX,59.1,46.11
RANEHOLDIN,23.13,11.93
APOLLOHOSP,103.32,103.46
INDBANK,23.18,23.18
NEULANDLAB,43.83,45.99
JINDALPOLY,46.8,46.64
BLUEDART,64.6,64.6
SOTL,21.63,21.63
DECCANCE,35.12,23.94
TATAPOWER,40.62,40.94
JUBLPHARMA,23.25,52.96
TATACOMM,58.16,69.35
LIBERTSHOE,71.96,56.24
MODTHREAD,8.44,8.44
MANGLMCEM,40.12,40.12
OSWALAGRO,258.82,257.4
JINDALSAW,11.21,11.21
STYRENIX,22.43,22.43
IDBI,16.05,16.05
CANFINHOME,13.94,13.94
ELECTCAST,13.97,13.97
DABUR,58.05,58.05
KOTAKBANK,16.38,18.93
GOLDENTOBC,10.95,12.42
ESABINDIA,57.3,57.3
ANDHRAPAP,8.38,8.38
AARTIIND,46.58,46.58
PRAKASH,9.17,9.17
KSB,77.57,77.57
HEG,61.95,61.95
TIMKEN,71.61,71.61
SUDARSCHEM,56.02,56.02
IPCALAB,63.06,68.39
HINDALCO,12.96,12.71
AMBUJACEM,35.18,37
CGPOWER,115.7,118.33
BEL,51.6,51.6
PEARLPOLY,36.95,36.95
TTKPRESTIG,64.23,64.23
EIMCOELECO,35.76,35.76
SILINV,19.34,19.34
KEYFINSERV,5.99,5.99
HITECHGEAR,14.86,38.54
PUNJABCHEM,32.57,32.57
MMFL,19.06,19.2
GUJRAFFIA,49.57,49.57
BANKBARODA,6.69,6.69
BANKINDIA,7.96,7.96
INDSWFTLAB,3.16,16.69
SRGHFL,30.95,30.95
TREL,4.58,37.13
CELLO,53.64,53.64
ESSENTIA,31.2,31.22
JPOLYINVST,26.46,26.46
HATSUN,89.6,89.6
SHARDACROP,34.13,34.13
MONTECARLO,23.4,23.4
GULPOLY,63.98,63.98
GREENLAM,58,58
HESTERBIO,123.38,123.38
ZENTEC,86.46,87.49
VIPULLTD,1.76,1.74
NILAINFRA,34.02,34.02
SATIN,5.12,5.12
GUJGASLTD,32.66,33.84
BALAXI,13.41,16.19
ALKEM,32.92,31.47
ASAHISONG,22.78,179.78
BROOKS,178.07,178.07
APLLTD,33.31,33.31
PANAMAPET,12.26,12.26
ONELIFECAP,35.98,35.98
SHAKTIPUMP,38.56,38.56
JISLDVREQS,1.06,1.06
RUPA,30.78,29.7
APLAPOLLO,53.51,53.51
IRFC,36.81,36.81
COMPUSOFT,56.6,56.6
RHIM,,47.47
NBCC,75.3,57.04
HEXATRADEX,53.96,53.96
SWANENERGY,36.54,36.54
RTNINDIA,10.13,9.69
THEJO,52.01,52.01
KITEX,28.46,28.46
ROSSELLIND,155.28,153.89
TVSHLTD,13.57,13.56
VETO,17.13,17.13
INDUSTOWER,16.51,16.51
SAMMAANCAP,6.33,6.33
PILITA,59.75,59.75
MITCON,21.28,21.28
AGRITECH,13.54,13.54
SDBL,22.84,22.84
AGARIND,15.21,15.21
SNOWMAN,113.28,113.28
PDSL,34.25,34.93
GOODLUCK,21.1,21.1
APOLSINHOT,44.48,44.48
LAMBODHARA,37.82,37.82
VISHNU,26.36,26.36
LINC,24.52,24.52
JMA,9.58,9.58
MANAKCOAT,31.61,31.61
IMAGICAA,278.07,65.38
VRLLOG,68.25,68.67
PRIVISCL,45.81,45.81
ARROWGREEN,33.04,33.04
ADANIENSOL,,80.07
RAMASTEEL,55.49,55.49
POWERMECH,32.49,32.43
SHREEPUSHK,18.32,18.32
IDFCFIRSTB,18.71,18.71
PERFECT,57.84,57.84
LUXIND,53.41,53.41
LINCOLN,13.58,13.58
NH,30.37,30.37
QUICKHEAL,75.07,75.07
NECCLTD,34.83,34.83
WEALTH,28.1,28.1
BHARATWIRE,17.6,17.6
SAGARDEEP,56.56,56.56
PARAGMILK,24.13,24.13
UNITEDPOLY,32.37,32.37
BLS,40.68,40.68
PREMEXPLN,109.39,109.39
INCREDIBLE,36.79,36.79
MGL,14.78,14.78
GPTINFRA,34.3,34.3
LLOYDSENGG,101.78,101.78
LTIM,34.92,34.92
GATECH,84.9,84.9
ADVENZYMES,32.69,30.52
NDGL,13.19,13.19
BIGBLOC,62.11,62.11
MBAPL,66.14,66.14
GNA,18.6,18.6
HPL,72.2,72.2
JAIPURKURT,21.32,21.32
GRETEX,6.8,6.74
SAKAR,59.89,59.89
AURDIS,11.29,11.29
PANSARI,41,41
DRL,16.4,16.4
ARTNIRMAN,145.46,145.46
ENDURANCE,49.84,49.84
PNBHOUSING,13.1,13.1
PODDARMENT,14.18,14.18
JETFREIGHT,15.04,16.61
SFL,50.45,71.8
HISARMETAL,18.35,18.35
LIBAS,8.53,8.53
PROLIFE,10.52,10.52
CAPTRUST,93.44,93.44
MAHESHWARI,16.04,16.04
BSE,68.38,68.38
MCL,29.47,29.47
STEELCITY,10.85,10.85
JITFINFRA,30.12,36.45
GLOBAL,11.57,11.57
SANGINITA,59.07,59.07
AKASH,356.7,356.7
AIRAN,39.24,39.24
ARIHANTSUP,21.02,21.02
CLEDUCATE,26.48,28.45
EIFFL,188.65,188.65
DEVIT,24.03,24.03
SIKKO,35.49,35.49
INFOBEAN,37.47,37.47
BHAGYANGR,33.24,33.24
JALAN,,28.97
VSCL,1247.1,1247.1
CDSL,55.1,55.1
TRANSWIND,23.22,23.22
DYNPRO,98.94,98.94
GANGESSECU,48.43,48.43
TOTAL,854.66,854.66
SIS,43.64,43.64
VAISHALI,243.07,243.07
GEEKAYWIRE,12.9,12.9
SERVOTECH,231.71,231.71
PASHUPATI,181.86,181.86
CHOLAHLDNG,6.72,6.72
WORTH,12.71,12.71
RMDRIP,89.34,89.34
DPWIRES,25.55,25.55
AARVI,19.36,19.36
TIRUPATI,51.76,51.76
AIROLAM,26.2,26.2
GOLDSTAR,59.54,59.54
JASH,42.3,42.3
BETA,35.13,35.13
MILTON,22.58,22.58
IEX,46.75,46.75
DPABHUSHAN,38.25,38.25
KHADIM,127.08,127.08
VERTOZ,139.16,139.16
PULZ,14.76,14.76
ZODIAC,108.47,108.47
DNAMEDIA,.73,
SHRADHA,12.64,12.64
INNOVANA,25.68,25.68
TOUCHWOOD,50.57,50.58
ONEPOINT,60.97,60.97
AJOONI,52.2,52.2
MOKSH,14.61,14.61
SILLYMONKS,85.01,85.01
NEWGEN,54.07,54.07
GALAXYSURF,32.45,32.45
SOUTHWEST,31.5,33.09
ARVEE,236.54,236.54
ASTERDM,57.64,
HGINFRA,18.62,19.01
HINDCON,51.59,51.59
SARVESHWAR,51.83,51.83
UNIINFO,77.44,77.44
MACPOWER,58.55,58.55
BANDHANBNK,12.06,12.06
URAVI,268.41,268.41
MITTAL,21.08,39.32
GIRIRAJ,85.07,85.07
ISEC,13.03,13.03
MIDHANI,98.52,98.52
CONTI,407,406.26
AVG,19.8,32.87
MMP,33.03,33.03
CHEMFAB,67.37,67.37
BSHSL,89.81,89.81
AAKASH,20.82,20.82
GODHA,123.09,123.09
SOFTTECH,134.05,134.05
E2E,108.19,108.19
SIRCA,36.54,36.54
SVLL,77.25,77.25
SONAMLTD,35,35
ADANIGREEN,252.13,208.83
PRITI,20.62,20.62
ACCURACY,24.9,24.9
RITES,34.89,34.89
GANGAFORGE,153.51,156.43
REPL,21.22,21.22
HBSL,3.1,3.1
AVROIND,31.24,31.24
TEMBO,14.95,15.22
CREDITACC,12.83,12.83
AARON,43.68,43.68
SUMIT,39.35,39.35
LAGNAM,16.5,16.5
RPPL,28.2,28.2
AKG,57.33,57.33
IRCON,27.82,27.82
AHLADA,10.04,10.04
RAJMET,22.57,22.57
AAVAS,26.59,26.59
GRSE,60.78,60.78
KRITIKA,45.6,45.6
PARIN,139.4,139.4
VINNY,63.4,63.4
MARINE,129.76,130.33
ATGL,138.62,138.62
SHUBHLAXMI,22.28,22.28
SHRIRAMPPS,4.79,4.79
TREJHARA,19.71,160.78
AWHCL,21.43,21.43
RPSGVENT,23.97,23.97
MSTCLTD,26.93,26.93
MINDPOOL,180.09,180.09
ARVINDFASN,50.7,48.9
PAR,19.67,19.67
KHFM,118.53,118.53
POLYCAB,53.54,53.54
KPITTECH,71.61,71.61
VIKASLIFE,,97.65
CONFIPET,31.07,31.07
PPL,13.04,13.04
INDIAMART,39.89,39.89
WEL,182.18,182.18
AFFLE,67.31,67.31
SPANDANA,9.81,9.81
HNDFDS,65.21,65.21
UJJIVANSFB,6.42,6.42
IRCTC,66.13,63.68
SECL,1608.57,1608.57
SAFARI,68.14,68.14
360ONE,42.6,39.71
HPIL,115.01,115.01
VISHWARAJ,23.25,23.25
FLUOROCHEM,107.03,107.03
KUANTUM,8.19,8.19
CHEMBOND,18.7,18.7
MGEL,18.94,18.94
SBICARD,27.32,27.32
HOMEFIRST,27.78,27.78
CSBBANK,10.26,10.26
EASEMYTRIP,63.05,39.25
ROSSARI,35.9,35.9
PRINCEPIPE,34.67,37.57
ESAFSFB,5.37,5.37
ARTEMISMED,59.18,59.18
SUMICHEM,60.46,60.46
LGHL,75.52,79.63
ASALCBR,25.63,25.63
UNIVPHOTO,13.77,13.77
BAFNAPH,27.43,27.43
SUVENPHAR,106.59,106.59
STOVEKRAFT,68.48,68.48
RAJRATAN,40.14,40.14
HAPPSTMNDS,47.66,49.72
GLAND,44.93,44.93
BOROLTD,63.91,63.91
MAXHEALTH,80.08,80.08
AAATECH,44.84,44.84
KALYANKJIL,91.27,91.27
BTML,42.9,42.89
SHAREINDIA,12.91,12.89
SIGACHI,32.98,32.98
ADL,1906.24,1906.24
NIRAJ,19.3,13.04
CAMS,53.1,53.1
SURYODAY,8.49,8.49
UTIAMC,15.46,15.46
BECTORFOOD,59.06,59.06
ORCHPHARMA,63.85,63.85
INDIGOPNTS,47.37,47.37
LXCHEM,64.29,64.29
MTARTECH,97.75,97.75
FAIRCHEMOR,36.12,36.12
ANURAS,66.81,66.81
ISGEC,40.14,40.14
STYLAMIND,24.81,24.65
CLSEL,11.65,11.65
CARYSIL,36.12,36.12
SHAILY,67.67,67.67
MODISONLTD,29.91,29.51
FIBERWEB,16.47,16.47
BCLIND,17.8,17.8
BHAGCHEM,204.71,204.71
SBCL,42.17,42.17
SMCGLOBAL,7.25,7.25
QMSMEDI,21.72,21.72
NPST,541.62,541.62
ARIHANTCAP,10.29,10.29
NAZARA,80.41,79.68
IPL,37.59,37.59
GENCON,22.16,22.16
LODHA,69.97,66.51
HLEGLAS,73.22,67.87
VMARCIND,28.19,28.19
SONACOMS,70.65,70.08
UTKARSHBNK,10.08,10.08
PARAS,119.42,119.42
CRAFTSMAN,40.62,40.62
DODLA,36.78,36.78
JUBLINGREA,60.85,60.85
ROLEXRINGS,35.33,32.06
WALPAR,93.96,93.96
SHYAMMETL,18.92,18.92
KIMS,51.6,51.59
TATVA,86.19,86.19
CLEAN,67.46,67.46
AILIMITED,74.8,74.8
GLS,27.01,27.01
ABSLAMC,24.07,24.07
DEEPINDS,15.34,15.4
ZOMATO,377.1,377.1
PIXTRANS,21.99,21.99
WINDLAS,27.19,27.19
CARTRADE,48.74,48.74
KRSNAA,35.73,35.73
DEVYANI,1407.24,248.98
APTUS,23.76,23.76
SUPRIYA,30.88,30.88
ANMOL,11.25,11.25
BMETRICS,24.86,24.86
VIJAYA,68.76,67.94
AMIORG,122.55,53.93
IWEL,899.75,442.66
VINEETLAB,57.52,57.52
SANSERA,39.35,39.35
BAJAJHCARE,,36.35
PRITIKAUTO,27.26,27.26
AAREYDRUGS,33.16,33.16
GRINFRA,13,16.18
INTLCONV,7.86,7.86
DUGLOBAL,645.58,645.58
REXPIPES,17.03,17.02
STEELCAS,19.29,19.29
HPAL,40.95,41.26
UGROCAP,18,18
KPIGREEN,64.71,64.24
SGIL,44.27,44.27
ANANDRATHI,60.11,60.11
FINOPB,30.85,30.85
NYKAA,1038.55,1038.55
AWL,86.42,80.1
SAPPHIRE,279.16,279.16
EPIGRAL,30.76,30.76
NUVOCO,88.07,88.07
TRACXN,137.01,137.01
FUSION,8.78,8.78
TARSONS,60.74,60.74
MEDPLUS,124.94,124.94
RATEGAIN,52.14,52.14
LATENTVIEW,59.2,59.2
METROBRAND,83.88,83.88
PASUPTAC,15.85,15.85
PARADEEP,31.06,31.06
MAPMYINDIA,84.66,84.66
TMB,6.49,6.49
DESTINY,22.51,22.51
MANYAVAR,70.29,70.29
GVPTECH,71.7,71.7
DMCC,62.98,62.98
KOTYARK,42.43,42.43
EMIL,44.85,44.85
PRECISION,17.24,17.24
UMAEXPORTS,17.92,17.59
DATAPATTNS,88.94,88.94
COOLCAPS,98.38,98.33
AHL,31.07,31.07
MALLCOM,23.29,23.29
NIDAN,,22.22
SMLT,23.8,23.8
RADIANTCMS,20.77,20.77
HARIOMPIPE,36.44,36.44
DCMSRIND,14.6,14.6
RAJRILTD,4692.58,4692.58
DYCL,33.76,33.76
FIVESTAR,22.55,22.55
VIRINCHI,32.17,32.17
SBC,72.94,72.94
ELIN,66.37,66.37
SHIGAN,39.25,39.25
MADHAVBAUG,66.56,66.56
MHLXMIRU,18.31,18.31
GATEWAY,20.39,20.39
ZIMLAB,29.74,29.74
JTLIND,33.95,33.95
RAINBOW,56.4,56.4
AETHER,144.86,75.84
ROTO,49.8,49.8
SPRL,29.52,29.52
INDOBORAX,14.26,14.26
RACE,674.6,674.6
ETHOSLTD,136.58,136.58
SONUINFRA,16,16
MSUMI,46.54,46.54
LEMERITE,260.69,260.69
HARSHA,38.98,38.98
OBCL,30.72,30.72
KCK,144.75,144.75
LICI,15.55,15.55
INDOAMIN,22.33,22.33
KRISHNADEF,95.21,95.21
SWARAJ,33.42,33.42
AMEYA,28.76,28.76
INOXGREEN,205.22,205.22
BIKAJI,75.95,75.95
RITCO,22.61,22.61
SKP,63.22,63.22
HARDWYN,95.4,95.4
HMAAGRO,25.82,25.82
MWL,27.67,27.67
MEDICO,36.07,36.07
CMRSL,15.1,12.37
YATHARTH,33.16,33.16
DCXINDIA,56.1,56.1
AKSHAR,18.74,18.74
NGLFINE,35.02,35.02
SABAR,14.5,14.5
SWASTIK,143.78,143.78
BALKRISIND,32.99,32.99
RAJSREESUG,21.48,21.48
ONGC,8.99,8.76
BERGEPAINT,55.31,55.51
BSL,19.36,19.36
APCOTEXIND,38.47,38.47
RANASUG,13.18,13.18
KARURVYSYA,10.15,10.15
ARENTERP,26.03,26.03
ADVANIHOTR,27.96,27.96
SUBROS,37.51,37.51
SPMLINFRA,118.17,139.76
WIPRO,22.72,22.72
UNIVCABLES,78.16,78.16
SOMANYCERA,29.16,30.22
M&M,30.88,30.88
KABRAEXTRU,47.5,47.5
3PLAND,40.89,40.89
EIHAHOTELS,36.74,36.74
SAIL,21.57,14.55
ABB,99.34,99.34
GRAPHITE,9.66,36.42
BRITANNIA,62.31,61.74
DHAMPURSUG,14.61,14.61
CIPLA,29.5,28.5
HDFCBANK,17.49,17.39
GMBREW,11.3,11.3
GIPCL,15.21,15.21
INDIANHUME,25.41,25.41
IOC,7.63,7.63
KAMATHOTEL,12.71,67.73
BANCOINDIA,17.45,17.45
MANINDS,25.63,25.63
APOLLOTYRE,18.95,17.98
SHANTIGEAR,52.88,52.88
ONWARDTEC,30.68,30.68
NILKAMAL,27.1,27.1
ICIL,21.32,21.32
ELGIEQUIP,60.26,60.26
AUROPHARMA,24.97,24.51
EIHOTEL,37.13,36.63
LICHSGFIN,7.44,7.44
BEPL,19.06,19.06
MOREPENLAB,27.09,27.09
VENUSREM,18.43,18.43
WANBURY,11.53,22.54
IZMO,22.04,22.04
TIIL,26.76,26.1
PFC,7.43,7.43
INDIANB,8.4,8.4
AMDIND,110.78,110.78
NAHARPOLY,2248.67,2248.67
ICRA,38.15,38.15
FORTIS,57.03,57.99
HILTON,31.46,31.46
NAGREEKEXP,19.36,19.36
TARMAT,,137.53
ALPA,11.45,11.49
INDOWIND,48.59,42.45
MAGNUM,41.03,143.7
DELTACORP,17.05,21.32
BVCL,19.99,19.99
MANAPPURAM,7.76,7.76
BAJAJCON,25.15,25.15
KILITCH,49.84,49.84
SASTASUNDR,8.47,8.54
WABAG,31.62,31.45
PRESTIGE,44.13,44.13
GRAVITA,48.5,48.5
MOIL,24.01,24.01
FMNL,.56,
STEL,66.76,66.76
VADILALIND,19.14,19.14
VSTTILLERS,30.98,30.98
MAITHANALL,8.35,8.35
DRREDDY,20.89,20.89
MAHSEAMLES,8.96,8.93
VINDHYATEL,28.68,28.68
BEML,55.81,55.81
VTL,20.6,20.6
FEDERALBNK,12.16,12.16
SRF,60.82,60.82
WEIZMANIND,23.25,23.25
SUNPHARMA,39.74,39.16
IVP,13.27,13.27
EICHERMOT,35.94,35.94
ZENSARTECH,25.44,25.44
JYOTISTRUC,71.42,71.42
JAYNECOIND,21.24,19.49
RCF,61.74,68.07
WSI,20.62,20.38
SUNFLAG,27.43,27.43
BHARATRAS,46.49,46.49
MURUDCERA,56.71,56.71
SANOFI,30.97,29.11
KAJARIACER,53.68,53.65
PIDILITIND,83.82,81.61
GSFC,16.72,16.77
KELLTONTEC,20.84,20.84
GOKULAGRO,18.37,18.37
PDMJEPAPER,8.81,8.81
THYROCARE,60.38,60.26
ARMANFIN,10.57,10.57
ASPINWALL,17.42,17.42
SALONA,24.79,24.79
CONTROLPR,24.82,24.84
MAHASTEEL,40.79,50.14
DAMODARIND,47.59,47.59
MOLDTECH,23.12,23.12
POKARNA,23.05,23.05
QUESS,29.76,28.92
GROBTEA,43.54,43.54
MINDTECK,36.14,34.24
DBL,24.13,54.34
SPAL,23.35,23.35
RBLBANK,10.06,10.06
CUPID,32.44,32.44
LTTS,39.03,39.03
ICICIPRULI,262.6,262.6
MARATHON,21.99,21.99
MASKINVEST,882.11,882.11
MAZDA,18.69,18.69
VBL,78.41,78.41
KINGFA,27.16,27.16
NBIFIN,74.65,74.65
TCIEXP,32.89,32.89
LAURUSLABS,148.91,148.91
ITDC,88.67,88.58
SPCENET,132.91,132.91
BHANDARI,25.43,25.43
PRICOLLTD,40.26,40.26
DMART,121.02,121.02
INTENTECH,18.94,18.94
URJA,365.96,365.96
SHANKARA,18.26,18.26
WIPL,62.93,62.93
STARCEMENT,37.12,37.12
TEJASNET,123.71,123.71
AUBANK,27.56,26.55
SALASAR,55.82,55.82
THEINVEST,35.74,35.74
OPTIEMUS,81.48,81.48
SMSLIFE,22.93,22.93
EIDPARRY,8.37,8.37
BIRLACORPN,24.1,24.49
ASHAPURMIN,16.53,29.68
TNPL,7.71,7.71
NATCOPHARM,16.14,16.14
GARFIBRES,34.82,34.82
SKFINDIA,46.35,46.35
SANGAMIND,46.47,40.34
CREST,19.15,19.15
TVSSRICHAK,33.78,31.84
GUJAPOLLO,27.39,27.39
JCHAC,3601.29,182.72
KOTHARIPET,15.27,15.2
INDNIPPON,25.5,25.5
ICICIBANK,17.64,17.64
NATHBIOGEN,9.85,10.57
GOCLCORP,29.01,26.62
CIGNITITEC,28.13,27.55
GRPLTD,83.89,77.69
GANECOS,67.2,67.2
MANAKALUCO,40.17,40.17
INOXWIND,472.59,382.31
UFO,74.58,61.94
SKIPPER,44.7,44.7
SYNGENE,67.48,69.88
PKTEA,21.56,21.56
SHARDAMOTR,24.35,24.35
COFFEEDAY,,4.29
UMANGDAIRY,66.82,66.82
PILANIINVS,34.54,34.54
PRECAM,36.63,52.27
BODALCHEM,149.86,149.86
FILATEX,20.36,20.36
TDPOWERSYS,53.37,53.37
VASWANI,16.12,16.12
PGEL,60.07,60.07
PAISALO,30.9,30.96
TRITURBINE,86.65,86.65
INDOTHAI,15.82,15.82
DSSL,31.81,31.81
POLYMED,69.08,69.08
VIKASECO,43.66,43.66
KANANIIND,106.97,106.97
MINDACORP,50.88,50.88
DBSTOCKBRO,19.78,19.78
SCHNEIDER,102.94,101.12
NDL,15,15
TBZ,18.54,18.54
VSSL,22,22
SPECIALITY,26.69,26.69
MAYURUNIQ,22.02,22.02
DUCON,26.31,26.31
ZUARI,5.84,5.84
CARERATING,27.49,27.49
REPCOHOME,7.24,7.24
JUSTDIAL,25.29,25.29
ATULAUTO,102.1,102.1
ORIENTCEM,40.26,40.26
ORBTEXP,16.86,16.86
SREEL,25.97,25.97
CASTROLIND,27.98,27.98
WONDERLA,32.52,32.52
CAPLIPOINT,24.79,24.8
GULFOILLUB,20.26,20.26
SUPERHOUSE,20.53,20.53
INTELLECT,43.23,42.85
FCL,31.36,31.36
GENUSPAPER,88.86,88.86
MOLDTKPAC,39.92,39.92
MENONBE,9.92,9.92
MANAKSTEEL,18.32,18.7
LFIC,6.67,6.67
AVANTIFEED,22.78,22.78
TPLPLASTEH,39.33,39.33
PNCINFRA,9.53,9.53
ALANKIT,27.65,27.65
ORICONENT,29.53,24.82
AYMSYNTEX,42.56,56.28
MUTHOOTCAP,4.22,
ARVSMART,64.21,64.21
INDIGO,20.9,20.9
SHK,255.27,16.08
TTKHLTCARE,28.46,35.29
SALZERELEC,34.32,34.32
LALPATHLAB,70.34,70.34
OCCL,8.57,8.57
TEAMLEASE,49.61,51.2
VIDHIING,59.43,59.43
HITECH,45.26,45.26
BHAGERIA,33.3,33.3
KDDL,31.73,31.79
HCG,96.8,102.5
INFIBEAM,43.75,43.75
CROMPTON,59.45,59.45
SHRIPISTON,18.42,18.42
ALBERTDAVD,9.54,9.54
KRISHANA,35.47,35.47
NITIRAJ,23.69,23.69
RADIOCITY,60.94,60.94
TASTYBITE,154.26,154.26
LAXMICOT,,102.16
NRAIL,7.97,7.97
CREATIVE,18.73,18.73
FOCUS,14.99,14.99
DOLLAR,29.58,29.38
PSPPROJECT,22.79,22.79
GTPL,19.34,19.34
ACEINTEG,54.56,54.56
AVADHSUGAR,11.51,11.51
WEWIN,29.19,29.19
COCHINSHIP,67.5,67.5
DIXON,165.72,165.72
ICICIGI,57.34,57.34
DIAMONDYD,38.31,38.31
MASFIN,18.66,18.66
NAM-INDIA,33.89,33.89
SECURCRED,5.49,5.49
5PAISA,24.74,24.74
SILVERTUC,54.32,54.32
ICEMAKE,44.69,44.69
BCONCEPTS,66.44,66.44
SINTERCOM,288.88,288.88
KSHITIJPOL,37.84,
SILGO,19.55,19.55
BBTCL,28.65,28.65
IRISDOREME,45.57,45.57
UNIPARTS,19.1,19.1
NILASPACES,23.04,23.04
ANUP,34.54,34.54
RVNL,87.52,87.52
METROPOLIS,74.88,74.88
NEOGEN,120.27,120.27
EMAMIPAP,8.23,8.23
DGCONTENT,35.78,35.78
OAL,64.05,64.05
SATIA,6.47,6.47
CHEMCON,50.39,50.39
WESTLIFE,283.83,283.83
MAZDOCK,53.89,53.89
DCI,47.28,47.28
IIFLSEC,10.11,10.11
GREENPANEL,35.17,35.17
APOLLOPIPE,54.43,54.43
ROUTE,25.29,26.26
SIGMA,20.27,20.27
EQUITASBNK,13.48,13.48
HINDWAREAP,79.88,79.88
LIKHITHA,22.5,22.5
PATANJALI,68.88,68.88
ATALREAL,27.06,27.06
MAHEPC,,2143.21
POWERINDIA,280.62,280.62
KSOLVES,34.49,34.49
AARTISURF,28.93,28.93
NDRAUTO,36.87,36.87
PAVNAIND,43.57,43.57
UNIDT,47.88,47.88
ANGELONE,15.75,15.75
ROML,47.01,47.01
RAILTEL,59.19,58.42
NURECA,460.88,460.88
HERANBA,31.32,31.32
STARHEALTH,38.72,38.72
YUKEN,72.14,72.14
SJS,31.78,31.78
POLICYBZR,488.81,652.9
MONARCH,15.91,15.9
PRUDENT,64.72,64.72
GOCOLORS,70.05,70.05
CMSINFO,25.61,25.61
COASTCORP,88.16,88.16
TEGA,56.19,56.19
MANORG,69.43,69.43
MICEL,29.46,32.88
FOODSIN,27.17,27.17
ABMINTLLTD,99.93,99.93
KRITI,40.6,40.6
GANESHBE,18.8,18.8
MEDICAMEQ,77.8,77.8
SHIVALIK,57.49,57.49
MEDANTA,60.41,60.41
ASIANENE,48.71,45.93
NRL,53.62,53.62
CHOICEIN,55.5,55.5
GRWRHITECH,28.93,28.93
EMUDHRA,78.38,78.38
STARTECK,16.49,16.49
ELDEHSG,26.03,26.03
SEJALLTD,90.12,90.12
RELCHEMQ,54.34,54.34
SYRMA,61.36,60.87
CAMPUS,104.59,104.59
VENUSPIPES,42.92,42.92
MEGASTAR,73.02,73.02
LANDMARK,46.47,45.87
DREAMFOLKS,32.83,32.83
DHARMAJ,29.61,29.61
GMRP&UI,169.15,
TVSSCS,9000.01,227.37
ACI,32.39,32.39
SADHNANIQ,375.97,375.97
CHEVIOT,10.39,10.39
KFINTECH,63.88,63.88
KAYNES,143.43,143.43
VENKEYS,23.67,23.67
GHCL,11.44,11.44
BPL,42.43,42.43
PGHH,74.05,74.05
VESUVIUS,39.88,39.88
BOMDYEING,1.43,
NAVNETEDUL,4.46,19.21
GLAXO,74.8,66.21
CHOLAFIN,30.32,30.32
INDHOTEL,70.96,70.96
LYKALABS,795.34,401.73
GILLETTE,64.6,64.6
FOSECOIND,47.29,47.51
GABRIEL,39.55,39.55
SCHAEFFLER,69.13,68.87
AMJLAND,16.6,16.6
KOPRAN,22.65,22.65
GREAVESCOT,,98.04
GODFRYPHLP,33.58,31.7
TATAINVEST,103.2,103.2
SHREECEM,41.54,41.54
INGERRAND,55.84,55.84
HINDZINC,30.11,30.11
HINDUNILVR,62.28,62.25
FINPIPE,21.22,35.22
DCW,174.18,161.8
CESC,15.88,19.29
BAJFINANCE,26.82,26.82
CORALFINAC,9.36,9.36
AUTOAXLES,17.51,17.51
DALMIASUG,12.11,12.11
KHAITANLTD,14.9,14.9
SWARAJENG,25.65,25.65
ANDHRSUGAR,34.35,32.53
STARPAPER,5.67,5.54
AUSOMENT,12.97,12.97
JAYAGROGN,16.38,16.38
MARICO,55.53,55.53
SAMBHAAV,32.44,36.79
SUNDRMBRAK,40.21,40.21
SOMATEX,5.12,
STERTOOLS,26.57,26.7
WENDT,74.64,74.64
DENORA,38.09,38.09
MIRZAINT,58.7,58.7
DYNAMATECH,50.31,91.7
GANESHHOUC,17.3,17.3
ALKYLAMINE,69.86,69.86
RUCHINFRA,27.87,88.38
RAMCOIND,25.32,25.32
INDRAMEDCO,20.98,20.98
MADRASFERT,309.63,30.81
GAIL,15.68,15.68
CONCOR,46.63,46.63
KCPSUGIND,6.04,6.57
UCOBANK,30.43,30.43
JAIBALAJI,17.46,17.46
BIOCON,19.63,19.83
DATAMATICS,18.08,17.84
ULTRACEMCO,46.57,46.39
INDSWFTLTD,9.12,9.12
KOTARISUG,41.25,41.25
PATELENG,15.13,19.78
JPPOWER,10.23,7.38
IIFL,9.35,9.35
SHOPERSTOP,210.78,181.43
GRANULES,33.32,33.32
GEOJITFSL,14.49,14.49
SPLIL,16.13,16.12
RML,75.15,14.71
NAUKRI,110.8,104.37
MANALIPETC,54.68,50.04
SAREGAMA,49.97,49.97
ENGINERSIN,40.74,40.74
JAICORPLTD,114.24,114.24
GMDCLTD,19.78,19.78
INDUSINDBK,11.66,11.66
ASAHIINDIA,50.96,50.96
J&KBANK,6.5,6.5
CUB,11.38,11.38
SOUTHBANK,5.53,5.53
ASTRAZEN,172,90.29
AXISBANK,13.39,13.39
CYIENT,27.18,25.63
KOKUYOCMLN,41.28,41.28
DHANBANK,47.03,47.03
SANGHVIMOV,19.9,19.9
NATIONALUM,13.5,15.66
JINDALSTEL,16.59,16.59
NIPPOBATRY,2.87,2.87
HCLTECH,26.29,26.29
ACCELYA,28,28.07
IOB,40.6,40.6
BIL,45.48,45.48
KTKBANK,6.11,6.11
AJANTPHARM,46.45,46.45
CALSOFT,46.78,46.78
TVSMOTOR,66.87,66.87
PNC,31.49,31.49
NLCINDIA,17.77,17.77
CHENNPETRO,5.33,5.33
KRBL,13.51,13.51
USHAMART,24.31,24.31
BALAJITELE,108.62,108.62
KHANDSE,96.68,96.68
GODREJCP,,72.38
LUPIN,41.81,41.81
BHARTIARTL,95.25,79.05
PONNIERODE,10.72,10.72
PNB,11.62,11.62
FIDEL,25.42,25.42
VIVIANA,77.04,77.04
KANDARP,34.56,34.56
CLOUD,3.45,3.45
ANNAPURNA,52.36,52.36
AMIABLE,10.75,10.75
DOLLEX,9.26,9.26
FROG,33.63,33.63
PRITIKA,71.15,71.15
CMNL,13.83,13.63
SAHANA,81.97,81.97
HOMESFY,65.9,55.21
LRRPL,120.15,120.15
MCON,56.72,56.72
AGUL,17.71,17.71
MASTER,55.32,55.32
SYSTANGO,21.26,21.26
AUROIMPEX,14.39,14.39
SHRITECH,12.72,12.72
URBAN,32.14,32.14
KRISHCA,30.84,30.84
REMUS,44.46,44.46
PENTAGON,20.01,20.01
PROV,80.24,80.24
EFACTOR,17.04,17.04
DENTALKART,57.78,57.78
SSFL,80.75,80.75
SAHAJ,26.5,26.5
GLOBALPET,43.01,43.01
PRAMARA,39.43,39.43
ZEAL,21,21
UNIHEALTH,18.6,18.6
ONDOOR,47.09,46.66
PLADAINFO,9.19,9.19
SCML,22.56,22.56
MAL,8.96,8.96
BASILIC,48.64,48.64
MADHUSUDAN,25.67,25.67
GOYALSALT,33.89,33.89
SHANTHALA,138.49,138.49
KONTOR,96.45,96.45
INSPIRE,17.62,17.62
DIGIKORE,85.63,85.63
VINYAS,204.42,204.42
EMKAYTOOLS,14.1,14.1
JETKNIT,92.83,92.83
GICL,67.23,67.23
ACCORD,48.81,48.81
MANAV,13.39,13.39
CADSYS,9.63,9.82
CMMIPL,16.3,16.3
OMFURN,20.83,20.83
AISL,25.84,25.84
FELIX,78.86,78.86
SOLEX,164.47,164.47
MHHL,9.73,9.73
MDL,56.68,52.97
MAHICKRA,80.9,80.9
SPECTRUM,141.13,141.13
SURANI,564.74,564.74
ABINFRA,87.36,88.62
ASCOM,34.06,33.95
PARTYCRUS,20.8,20.8
SIDDHIKA,15.52,15.52
MAKS,131.07,66.6
BEWLTD,34.47,34.47
ABCOTS,52.71,52.71
DKEGL,11.73,11.73
DYNAMIC,77.82,77.82
FOCE,44.49,44.49
JSLL,45.11,45.11
EUROBOND,59.06,59.06
TIMESCAN,12.48,12.48
GSTL,72.18,72.18
KNAGRI,29.7,29.7
KRISHIVAL,107.02,107.02
PROPEQUITY,24.25,24.25
VEEKAYEM,28.89,28.89
RILINFRA,28.31,28.31
ARISTO,17.57,17.57
JFLLIFE,18.08,18.08
OFSS,39.85,39.85
CANBK,5.92,5.92
OMAXAUTO,18.72,
BAGFILMS,19.63,19.63
JSL,21.97,22.65
IGL,23.6,23.6
UNIENTER,28.84,28.84
SIL,151.42,151.42
PTC,11.42,11.17
MAHABANK,9.53,9.53
RKFORGE,48.69,48.63
CCL,33.79,33.79
LT,30.73,30.86
APARINDS,41.2,41.2
NIITLTD,33.74,33.74
GULFPETRO,11.83,11.83
GUFICBIO,41.5,41.5
WELENT,21.22,21.22
JBMA,115.67,115.67
XCHANGING,39.75,39.75
JINDALPHOT,54.33,54.33
SAKSOFT,30.91,30.91
ALLSEC,18.75,22.63
WELCORP,19.56,19.56
SURYALAXMI,60.94,32.67
63MOONS,9.41,9.41
JSWHL,61.11,61.11
VHL,334.68,39.4
MSPL,88.49,72.31
IMPAL,20.25,20.25
SUZLON,127.83,119.28
TRIVENI,25.18,25.18
NAHARINDUS,68.81,56.92
EKC,17.07,16.76
ROHLTD,19.95,19.95
ENIL,31.72,31.72
JAGRAN,12.01,12.01
JKCEMENT,37.19,37.61
M&MFIN,17.77,17.77
BLKASHYAP,47.94,47.94
KEI,64.22,64.2
SOLARINDS,93.85,93.85
MALUPAPER,82.65,82.65
KKCL,26.06,26.06
SUNTV,17.17,17.17
RSYSTEMS,38.6,38.6
BALPHARMA,23.34,23.34
SWELECTES,28.12,65.98
RATNAMANI,40.37,40.37
JKLAKSHMI,20.32,20.6
ALLCARGO,182.09,110.26
EMAMILTD,47.97,47.66
VOLTAMP,56.71,56.71
SELAN,29.44,29.44
ANANTRAJ,56.74,56.74
HOVS,30.44,30.44
TALBROAUTO,21.93,31.21
GEECEE,17.81,17.81
JMFINANCIL,236.27,8.87
FIEMIND,19.36,19.36
RUCHIRA,9.68,9.68
SOBHA,420.91,420.98
NFL,101.96,101.96
PARACABLES,25.38,25.38
AVTNPL,25.5,25.5
LUMAXTECH,20.58,20.58
AUTOIND,26.14,26.79
GANDHITUBE,18.72,18.72
TTL,52.89,52.89
SMSPHARMA,41.86,41.86
LAOPALA,27.55,27.55
JKTYRE,12.05,11.73
THEMISMED,70.04,70.04
BALAMINES,32.74,32.74
BFUTILITIE,12.34,12.34
WEBELSOLAR,,325.07
INSECTICID,21.21,21.21
TIMETECHNO,23.18,23.18
V2RETAIL,86.85,86.85
ADSL,23.86,23.86
CENTRALBK,16.71,16.71
KPRMILL,36.94,36.94
PURVA,137.42,137.42
NAGREEKCAP,.96,.96
KSCL,18.17,18.17
MAANALU,25.3,25.3
BAJAJELEC,89.19,89.19
ADANIPORTS,34.62,33.01
EDELWEISS,13.5,13.5
COLPAL,66.5,66.5
KALYANIFRG,46.69,46.69
ECLERX,22.9,22.84
BRIGADE,56.36,56.36
MANAKSIA,8.35,6.33
PATINTLOG,24.98,24.98
ARIES,20.05,20.05
CEATLTD,17.16,16.11
CORDSCABLE,23.83,23.83
KNRCON,13.3,13.3
IRB,41.03,41.03
GSS,31.34,31.34
NAHARCAP,14.07,14.07
VGUARD,77.33,77.33
NESCO,17.79,17.79
DPSCLTD,112.76,112.76
BAJAJFINSV,15.32,15.32
GOKUL,250.26,19.64
RPGLIFE,36.64,36.64
RBL,16.4,16.06
ARCHIDPLY,118.19,118.19
VINYLINDIA,29.46,29.46
JOCIL,74.88,74.88
TATAMTRDVR,1.09,1.09
MAWANASUG,8.67,8.67
MHRIL,70.37,70.37
GKWLIMITED,188.72,188.72
EXCEL,57.62,57.62
GLOBUSSPR,35.02,35.02
AMRUTANJAN,51.28,51.28
DEN,11.4,11.4
SARDAEN,19.98,19.9
DLINKINDIA,19.42,19.42
DBCORP,12.85,12.85
HINDCOPPER,83.63,83.63
TRF,14.61,14.61
MBLINFRA,3.35,
JUBLFOOD,112.29,193.88
EMMBI,18.07,18.07
TEXMOPIPES,72.29,16.7
LGBBROSLTD,14.42,15.09
ISFT,18.73,18.73
KSL,19.6,19.6
KIRLOSIND,14.55,13.12
TI,30.88,30.29
HMVL,189.04,189.04
AHLEAST,7.89,10.69
UGARSUGAR,47.68,47.68
GPPL,30.85,28.69
ORISSAMINE,1499.37,1499.37
CAREERP,14.71,14.71
RAMKY,16.8,16.8
CANTABIL,36.78,37.51
OBEROIRLTY,29.11,29.11
COALINDIA,9.2,9.2
IOLCP,19.25,19.25
RPPINFRA,12.03,12.03
RKDL,,106.17
PSB,63.23,63.23
SUMMITSEC,29.5,25.92
JUBLINDS,69.12,35.07
TEXRAIL,106.39,106.39
DHUNINV,11.39,11.39
LOVABLE,62.12,62.12
SYMPHONY,54.2,54.2
ASHIANA,51.71,51.71
RUSHIL,22.17,22.17
INVENTURE,17.29,15.04
PENINLAND,26.1,27.22
WHEELS,29.44,29.44
PREMIERPOL,20.3,20.3
SESHAPAPER,9.32,9.32
FACT,2420.41,294.85
EXIDEIND,47.62,47.62
ELECON,38.57,38.57
LAXMIMACH,53.82,53.82
NELCO,92.98,92.98
MAHSCOOTER,50.48,52.13
LUMAXIND,45.2,45.2
KECL,96.89,96.89
KCP,10.03,9.96
JAYBARMARU,36.3,36.3
INFY,27.98,27.98
IFBIND,72.08,72.08
IGPL,47.64,47.64
GNFC,19.94,19.94
BPCL,7.72,7.48
BASF,45.18,45.87
ARVIND,32.2,32.3
TATAMOTORS,10.43,10.36
SCI,16.43,16.43
LINDEINDIA,144.26,144.26
ESCORTS,39.53,39.53
ASHOKLEY,27.93,27.37
TITAN,86.96,86.96
SUNDARMFIN,28.23,27.07
VEDL,17.72,19.9
SBIN,10.3,9.57
NOCIL,37.94,37.94
BATAINDIA,54.69,72.32
CHAMBLFERT,15.39,15.39
HINDOILEXP,15.85,18.73
BALMLAWRIE,22.47,22.47
MOTOGENFIN,95.19,95.19
ADORWELD,26.46,26.46
TORNTPHARM,65.61,68.5
ATFL,342.23,703.84
SUPREMEIND,64.43,64.43
BALRAMCHIN,20.5,20.5
HONAUT,84.87,84.87
PRECOT,37.61,59.82
TATAELXSI,53.71,53.71
SHREYANIND,5.23,5.23
SANDESH,5.69,5.69
ASHIMASYN,6.95,6.95
APEX,56.09,56.09
CAPACITE,23.79,23.79
TCPLPACK,24.51,24.51
TIINDIA,62.92,63.51
NIACL,35.63,35.63
IFGLEXPOR,28.29,28.29
HDFCLIFE,90.18,90.18
AMBER,78.32,78.32
GMMPFAUDLR,31.61,31.61
BDL,84.69,84.69
SUNDARMHLD,27.87,27.87
HAL,41.4,41.4
SANDHAR,32.85,33.95
LEMONTREE,54.85,54.85
ORIENTELEC,80.78,102.34
INDOSTAR,28.86,28.86
FINEORG,37.78,37.74
VARROC,16.53,16.53
HDFCAMC,42.76,42.76
SIGIND,15.17,15.17
TECHNOE,63.92,63.92
CHALET,67.33,67.33
PAKKA,31.25,31.25
SCHAND,16.29,16.29
ERIS,41.57,41.57
STEELXIND,77.04,77.04
MAGADSUGAR,9.44,9.44
ABCAPITAL,16.73,16.73
MATRIMONY,27.22,27.22
SBILIFE,82.92,82.92
GODREJAGRO,47.08,47.08
GICRE,9.58,9.58
SHALBY,36.17,36.17
APOLLO,88.13,88.13
DALBHARAT,38.06,34.03
