SERIES,SYMBOL,SECURITY,RECORD_DT,BC_STRT_DT,BC_END_DT,EX_DT,ND_STRT_DT,ND_END_DT,PURPOSE
BE,MMFL,MM Forgings Ltd.,14/06/2024, , ,14/06/2024, , ,INTDIV - RS 8 PER SH     
BE,RAYMOND,RAYMOND-depo, ,14/06/2024,27/06/2024,13/06/2024, , ,AGM/DIV - RS 10 PER SH   
BE,TATAMTRDVR,Tata Motors DVR 'A' Ord,11/06/2024, , ,11/06/2024, , ,DIV/SPDIV RS 3.10 & 3.10 
BE,TATAMOTORS,Tata Motors Limited,11/06/2024, , ,11/06/2024, , ,DIV/SPDIV - RS 3 & RS 3  
BE,ASIANPAINT,Asian Paints Limited,11/06/2024, , ,11/06/2024, , ,DIV - RS 28.15 PER SH    
BE,SANOFI,Aventis Pharma Limited,13/06/2024, , ,13/06/2024, , ,DEMERGER                 
BE,MOTILALOFS,Motilal Oswal Financial S,10/06/2024, , ,10/06/2024, , ,BONUS 3:1                
BE,FOSECOIND,Foseco India Ltd, ,05/06/2024,11/06/2024,04/06/2024, , ,DIV - RS 25 PER SH       
BE,LTTS,L&T Technology Ser. Ltd.,14/06/2024, , ,14/06/2024, , ,DIV - RS 33 PER SH       
BE,BIKAJI,Bikaji Foods Intern Ltd,14/06/2024, , ,14/06/2024, , ,DIV - RE 1 PER SH        
BE,TATACHEM,TATA CHEMICALS LTD,12/06/2024, , ,12/06/2024, , ,DIV - RS 15 PER SH       
BE,JINDALSAW,Jindal Saw Limited, ,12/06/2024,18/06/2024,11/06/2024, , ,AGM/DIV - RS 4 PER SH    
BE,JMFINANCIL,JM Financial Limited, ,10/06/2024,14/06/2024,07/06/2024, , ,DIV - RS 2 PER SH        
BE,HSCL,Himadri Speciality Chem L, ,08/06/2024,20/06/2024,07/06/2024, , ,AGM/DIV-RE 0.50 PER SH   
BE,INDIANB,Indian Bank, ,08/06/2024,15/06/2024,07/06/2024, , ,ANNUAL GENERAL MEETING   
BE,SHANKARA,Shankara Bldg Product Ltd, ,14/06/2024,21/06/2024,13/06/2024, , ,AGM/DIV - RS 3 PER SH    
BE,TATATECH,Tata Technologies Limited,13/06/2024, , ,13/06/2024, , ,DIV/SPDIV RS 8.40 & 1.65 
BE,NELCO,Nelco Ltd., ,11/06/2024,17/06/2024,10/06/2024, , ,DIV - RS 2.20 PER SH     
BE,SMCGLOBAL,SMC Global Securities Ltd, ,08/06/2024,12/06/2024,07/06/2024, , ,ANNUAL GENERAL MEETING   
BE,MITTAL,Mittal Life Style Limited, ,09/06/2024,15/06/2024,07/06/2024, , ,ANNUAL GENERAL MEETING   
BE,LALPATHLAB,Dr. Lal Path Labs Ltd.,10/06/2024, , ,10/06/2024, , ,DIV - RS 6 PER SH        
BE,KSB,KSB Pumps Ltd-Depo, ,14/06/2024,26/06/2024,13/06/2024, , ,AGM/DIV - RS 17.5 PER SH 
BE,CIEINDIA,Mahindra CIE Automative L, ,14/06/2024,20/06/2024,13/06/2024, , ,AGM/DIV - RS 5 PER SH    
BE,KRITI,Kriti Industries Ind Ltd, ,12/06/2024,18/06/2024,11/06/2024, , ,AGM/DIV-RE 0.20 PER SH   
BE,KRITINUT,Kriti Nutrients Limited, ,12/06/2024,18/06/2024,11/06/2024, , ,AGM/DIV-RE 0.30 PER SH   
BE,ICICIPRULI,ICICI Pru Life Ins Co Ltd, ,14/06/2024,28/06/2024,13/06/2024, , ,DIV - RE 0.60 PER SH     
E1,GRASIMPP,Grasim Industries Limited,14/06/2024, , ,14/06/2024, , ,FIRSTCAL RS 453 PER SH   
EQ,MMFL,MM Forgings Ltd.,14/06/2024, , ,14/06/2024, , ,INTDIV - RS 8 PER SH     
EQ,TATAMOTORS,Tata Motors Limited,11/06/2024, , ,11/06/2024, , ,DIV/SPDIV - RS 3 & RS 3  
EQ,INDIANB,Indian Bank, ,08/06/2024,15/06/2024,07/06/2024, , ,ANNUAL GENERAL MEETING   
EQ,FOSECOIND,Foseco India Ltd, ,05/06/2024,11/06/2024,04/06/2024, , ,DIV - RS 25 PER SH       
EQ,SHANKARA,Shankara Bldg Product Ltd, ,14/06/2024,21/06/2024,13/06/2024, , ,AGM/DIV - RS 3 PER SH    
EQ,ICICIPRULI,ICICI Pru Life Ins Co Ltd, ,14/06/2024,28/06/2024,13/06/2024, , ,DIV - RE 0.60 PER SH     
EQ,TATATECH,Tata Technologies Limited,13/06/2024, , ,13/06/2024, , ,DIV/SPDIV RS 8.40 & 1.65 
EQ,LTTS,L&T Technology Ser. Ltd.,14/06/2024, , ,14/06/2024, , ,DIV - RS 33 PER SH       
EQ,NELCO,Nelco Ltd., ,11/06/2024,17/06/2024,10/06/2024, , ,DIV - RS 2.20 PER SH     
EQ,ASIANPAINT,Asian Paints Limited,11/06/2024, , ,11/06/2024, , ,DIV - RS 28.15 PER SH    
EQ,SMCGLOBAL,SMC Global Securities Ltd, ,08/06/2024,12/06/2024,07/06/2024, , ,ANNUAL GENERAL MEETING   
EQ,BIKAJI,Bikaji Foods Intern Ltd,14/06/2024, , ,14/06/2024, , ,DIV - RE 1 PER SH        
EQ,MITTAL,Mittal Life Style Limited, ,09/06/2024,15/06/2024,07/06/2024, , ,ANNUAL GENERAL MEETING   
EQ,TATAMTRDVR,Tata Motors DVR 'A' Ord,11/06/2024, , ,11/06/2024, , ,DIV/SPDIV RS 3.10 & 3.10 
EQ,LALPATHLAB,Dr. Lal Path Labs Ltd.,10/06/2024, , ,10/06/2024, , ,DIV - RS 6 PER SH        
EQ,TATACHEM,Tata Chemicals Ltd.,12/06/2024, , ,12/06/2024, , ,DIV - RS 15 PER SH       
EQ,KSB,KSB Pumps Ltd., ,14/06/2024,26/06/2024,13/06/2024, , ,AGM/DIV - RS 17.5 PER SH 
EQ,SANOFI,Aventis Pharma Limited,13/06/2024, , ,13/06/2024, , ,DEMERGER                 
EQ,CIEINDIA,Mahindra CIE Automative L, ,14/06/2024,20/06/2024,13/06/2024, , ,AGM/DIV - RS 5 PER SH    
EQ,JINDALSAW,Jindal Saw Limited, ,12/06/2024,18/06/2024,11/06/2024, , ,AGM/DIV - RS 4 PER SH    
EQ,KRITI,Kriti Industries Ind Ltd, ,12/06/2024,18/06/2024,11/06/2024, , ,AGM/DIV-RE 0.20 PER SH   
EQ,RAYMOND,Raymond Ltd., ,14/06/2024,27/06/2024,13/06/2024, , ,AGM/DIV - RS 10 PER SH   
EQ,KRITINUT,Kriti Nutrients Limited, ,12/06/2024,18/06/2024,11/06/2024, , ,AGM/DIV-RE 0.30 PER SH   
EQ,JMFINANCIL,JM Financial Limited, ,10/06/2024,14/06/2024,07/06/2024, , ,DIV - RS 2 PER SH        
EQ,MOTILALOFS,Motilal Oswal Financial S,10/06/2024, , ,10/06/2024, , ,BONUS 3:1                
EQ,HSCL,Himadri Speciality Chem L, ,08/06/2024,20/06/2024,07/06/2024, , ,AGM/DIV-RE 0.50 PER SH   
GS,724GR2033,GOI LOAN   7.24% 2033,10/06/2024, , ,10/06/2024, , ,INTEREST PAYMENT         
GS,883GS2041,GOI LOAN 8.83% 2041,11/06/2024, , ,11/06/2024, , ,INTEREST PAYMENT         
GS,GS120624C,GOI STRIPS C 120624,10/06/2024, , , , , ,REDEMPTION               
GS,GS150624C,GOI STRIPS C 150624,13/06/2024, , , , , ,REDEMPTION               
GS,GS170624C,GOI STRIPS C 170624,13/06/2024, , , , , ,REDEMPTION               
GS,GS230624C,GOI STRIPS C 230624,19/06/2024, , , , , ,REDEMPTION               
GS,GS300624C,GOI STRIPS C 300624,27/06/2024, , , , , ,REDEMPTION               
GS,735GS2024,GOI LOAN 7.35% 2024,19/06/2024, , , , , ,REDEMPTION               
GS,669GS2024,GOI LOAN  6.69% 2024,25/06/2024, , , , , ,REDEMPTION               
M3,IBULHSG,Sec Re NCD 9.25% Sr II,12/06/2024, , ,12/06/2024, , ,INTEREST PAYMENT         
MD,IBULHSG,Sec Re NCD 9.25% Sr VIII,12/06/2024, , ,12/06/2024, , ,INTEREST PAYMENT         
MG,IBULHSG,Sec Re NCD 9.71% Sr VIII,12/06/2024, , ,12/06/2024, , ,INTEREST PAYMENT         
MM,IBULHSG,Sec Re NCD 10.25% Sr XII,12/06/2024, , ,12/06/2024, , ,INTEREST PAYMENT         
MQ,IBULHSG,Sec Re NCD 9.25% Sr II,11/06/2024, , ,11/06/2024, , ,INTEREST PAYMENT         
MU,IBULHSG,Sec Re NCD 9.02% Sr V,11/06/2024, , ,11/06/2024, , ,INTEREST PAYMENT         
MV,IBULHSG,Sec Re NCD 9.48% Sr V,11/06/2024, , ,11/06/2024, , ,INTEREST PAYMENT         
MZ,IBULHSG,Sec Re NCD 9.25% Sr VIII,11/06/2024, , ,11/06/2024, , ,INTEREST PAYMENT         
N3,IBULHSG,Sec Re NCD 9.80% Sr XII,11/06/2024, , ,11/06/2024, , ,INTEREST PAYMENT         
N4,IBULHSG,Sec Re NCD 10.25% Sr XII,11/06/2024, , ,11/06/2024, , ,INTEREST PAYMENT         
N5,IBULHSG,Sec Re NCD 9.25% Sr II,11/06/2024, , ,11/06/2024, , ,INTEREST PAYMENT         
N6,UGROCAP,Sec Red NCD 10.35% Sr. II,11/06/2024, , ,11/06/2024, , ,INTEREST PAYMENT         
N7,UGROCAP,Sec Red NCD 10.50% Sr.III,11/06/2024, , ,11/06/2024, , ,INTEREST PAYMENT         
N8,IBULHSG,Sec Re NCD 9.02% Sr V,11/06/2024, , ,11/06/2024, , ,INTEREST PAYMENT         
N8,UGROCAP,Sec Re NCD 10.25% Sr I,12/06/2024, , ,12/06/2024, , ,INTEREST PAYMENT         
N9,IBULHSG,Sec Re NCD 9.48% Sr V,11/06/2024, , ,11/06/2024, , ,INTEREST PAYMENT         
NA,IBUCCREDIT,SeReNCD8.75%SrVICI&II,10/06/2024, , ,10/06/2024, , ,INTEREST PAYMENT         
NB,IBUCCREDIT,SeReNCD8.84%SrVICIII&IV,10/06/2024, , ,10/06/2024, , ,INTEREST PAYMENT         
NC,IBULHSG,Sec Re NCD 9.57% Sr X,11/06/2024, , ,11/06/2024, , ,INTEREST PAYMENT         
ND,IBULHSG,Sec Re NCD 10.03% Sr X,11/06/2024, , ,11/06/2024, , ,INTEREST PAYMENT         
NP,IBULHSGFIN,Sec Re NCD 8.20% Sr.VI,10/06/2024, , ,10/06/2024, , ,INTEREST PAYMENT         
NQ,IBULHSGFIN,Sec Re NCD 8.66% Sr.VI,10/06/2024, , ,10/06/2024, , ,INTEREST PAYMENT         
NR,IBUCCREDIT,Sec Re NCD 9.57% Sr.II,10/06/2024, , ,10/06/2024, , ,INTEREST PAYMENT         
NT,IBULHSGFIN,Sec Re NCD 8.89% Sr.VIII,10/06/2024, , ,10/06/2024, , ,INTEREST PAYMENT         
NU,IBUCCREDIT,Sec Re NCD 9.80% Sr.V,10/06/2024, , ,10/06/2024, , ,INTEREST PAYMENT         
NV,IBULHSGFIN,UnSe Re NCD 8.89% Sr.X,10/06/2024, , ,10/06/2024, , ,INTEREST PAYMENT         
NV,IIFL,IIFL Finance Limited,12/06/2024, , ,12/06/2024, , ,INTEREST PAYMENT         
NW,IBULHSGFIN,UnSe Re NCD 9.35% Sr.X,10/06/2024, , ,10/06/2024, , ,INTEREST PAYMENT         
NX,DHANILOANS,Sec Re NCD 10.49% Sr.VII,10/06/2024, , ,10/06/2024, , ,INTEREST PAYMENT         
NX,IIFL,IIFL Finance Limited,12/06/2024, , ,12/06/2024, , ,INTEREST PAYMENT         
NY,IBUCCREDIT,Sec Re NCD 9.57% Sr.VIII,10/06/2024, , ,10/06/2024, , ,INTEREST PAYMENT         
NZ,IBUCCREDIT,Sec Re NCD 10.03% Sr.VIII,10/06/2024, , ,10/06/2024, , ,INTEREST PAYMENT         
SM,REXPIPES,Rex Pipes And Cables Ltd, ,11/06/2024,17/06/2024,10/06/2024, , ,ANNUAL GENERAL MEETING   
SQ,REXPIPES,Rex Pipes And Cables Ltd, ,11/06/2024,17/06/2024,10/06/2024, , ,ANNUAL GENERAL MEETING   
ST,REXPIPES,Rex Pipes And Cables Ltd, ,11/06/2024,17/06/2024,10/06/2024, , ,ANNUAL GENERAL MEETING   
U3,IBULHSG,Sec Re NCD 9.80% Sr XII,11/06/2024, , ,11/06/2024, , ,INTEREST PAYMENT         
U5,IBULHSG,Sec Re NCD 9.25% Sr II,11/06/2024, , ,11/06/2024, , ,INTEREST PAYMENT         
U6,UGROCAP,Sec Red NCD 10.35% Sr. II,11/06/2024, , ,11/06/2024, , ,INTEREST PAYMENT         
U7,UGROCAP,Sec Red NCD 10.50% Sr.III,11/06/2024, , ,11/06/2024, , ,INTEREST PAYMENT         
U8,IBULHSG,Sec Re NCD 9.02% Sr V,11/06/2024, , ,11/06/2024, , ,INTEREST PAYMENT         
U8,UGROCAP,Sec Re NCD 10.25% Sr I,12/06/2024, , ,12/06/2024, , ,INTEREST PAYMENT         
U9,IBULHSG,Sec Re NCD 9.48% Sr V,11/06/2024, , ,11/06/2024, , ,INTEREST PAYMENT         
UA,IBUCCREDIT,SeReNCD8.75%SrVICI&II,10/06/2024, , ,10/06/2024, , ,INTEREST PAYMENT         
UB,IBUCCREDIT,SeReNCD8.84%SrVICIII&IV,10/06/2024, , ,10/06/2024, , ,INTEREST PAYMENT         
UC,IBULHSG,Sec Re NCD 9.57% Sr X,11/06/2024, , ,11/06/2024, , ,INTEREST PAYMENT         
UD,IBULHSG,Sec Re NCD 10.03% Sr X,11/06/2024, , ,11/06/2024, , ,INTEREST PAYMENT         
UP,IBULHSGFIN,Sec Re NCD 8.20% Sr.VI,10/06/2024, , ,10/06/2024, , ,INTEREST PAYMENT         
UQ,IBULHSGFIN,Sec Re NCD 8.66% Sr.VI,10/06/2024, , ,10/06/2024, , ,INTEREST PAYMENT         
UR,IBUCCREDIT,Sec Re NCD 9.57% Sr.II,10/06/2024, , ,10/06/2024, , ,INTEREST PAYMENT         
UT,IBULHSGFIN,Sec Re NCD 8.89% Sr.VIII,10/06/2024, , ,10/06/2024, , ,INTEREST PAYMENT         
UU,IBUCCREDIT,Sec Re NCD 9.80% Sr.V,10/06/2024, , ,10/06/2024, , ,INTEREST PAYMENT         
UV,IBULHSGFIN,UnSe Re NCD 8.89% Sr.X,10/06/2024, , ,10/06/2024, , ,INTEREST PAYMENT         
UV,IIFL,IIFL Finance Limited,12/06/2024, , ,12/06/2024, , ,INTEREST PAYMENT         
UW,IBULHSGFIN,UnSe Re NCD 9.35% Sr.X,10/06/2024, , ,10/06/2024, , ,INTEREST PAYMENT         
UX,DHANILOANS,Sec Re NCD 10.49% Sr.VII,10/06/2024, , ,10/06/2024, , ,INTEREST PAYMENT         
UX,IIFL,IIFL Finance Limited,12/06/2024, , ,12/06/2024, , ,INTEREST PAYMENT         
UY,IBUCCREDIT,Sec Re NCD 9.57% Sr.VIII,10/06/2024, , ,10/06/2024, , ,INTEREST PAYMENT         
UZ,IBUCCREDIT,Sec Re NCD 10.03% Sr.VIII,10/06/2024, , ,10/06/2024, , ,INTEREST PAYMENT         
Y3,IBULHSG,Sec Re NCD 9.25% Sr II,12/06/2024, , ,12/06/2024, , ,INTEREST PAYMENT         
YD,IBULHSG,Sec Re NCD 9.25% Sr VIII,12/06/2024, , ,12/06/2024, , ,INTEREST PAYMENT         
YG,IBULHSG,Sec Re NCD 9.71% Sr VIII,12/06/2024, , ,12/06/2024, , ,INTEREST PAYMENT         
YM,IBULHSG,Sec Re NCD 10.25% Sr XII,12/06/2024, , ,12/06/2024, , ,INTEREST PAYMENT         
YQ,IBULHSG,Sec Re NCD 9.25% Sr II,11/06/2024, , ,11/06/2024, , ,INTEREST PAYMENT         
YU,IBULHSG,Sec Re NCD 9.02% Sr V,11/06/2024, , ,11/06/2024, , ,INTEREST PAYMENT         
YV,IBULHSG,Sec Re NCD 9.48% Sr V,11/06/2024, , ,11/06/2024, , ,INTEREST PAYMENT         
YZ,IBULHSG,Sec Re NCD 9.25% Sr VIII,11/06/2024, , ,11/06/2024, , ,INTEREST PAYMENT         

