SYMBOL,SERIES,SECURITY,HIGH/LOW,INDEX FLAG
21STCENMGM,BE,21ST CENTURY MGMT SERVICE,H
747PN43,SG,SDL PN 7.47% 2043,H
A2ZINFRA,BE,A2Z INFRA ENGINEERING LTD,H
AAATECH,BE,AAA TECHNOLOGIES LIMITED,H
AARTECH,BE,AARTECH SOLONICS LIMITED,H
ABAN,BE,ABAN OFFSHORE LTD.,H
ACCORD,SM,ACCORD SYNERGY LIMITED,H
ACL,EQ,ANDHRA CEMENTS LIMITED,H
AGARIND,EQ,AGARWAL INDS CORP LTD.,H
AGNI,SM,AGNI GREEN POWER LTD,H
AHLADA,BE,AHLADA ENGINEERS LIMITED,H
AILIMITED,ST,ABHISHEK INTEGRATIONS LTD,H
AIMTRON,ST,AIMTRON ELECTRONICS LTD,H
ALMONDZ,EQ,ALMONDZ GLOBAL SEC LTD,H
ALPEXSOLAR,SM,ALPEX SOLAR LIMITED,H
ANKITMETAL,BE,ANKIT MET & POW LTD,H
ANSALAPI,BZ,ANSAL PROP & INFRA LTD,H
APS,SM,AUSTRALIAN PREM SOLAR I L,H
ARENTERP,EQ,RAJDARSHAN INDUSTRIES LTD,H
ASHIMASYN,EQ,ASHIMA LTD,H
ASIANENE,EQ,ASIAN ENERGY SERVICES LTD,H
ATAM,BE,ATAM VALVES LIMITED,H
ATMASTCO,SM,ATMASTCO LIMITED,H
AURIONPRO,EQ,AURIONPRO SOLN LTD,H
AVPINFRA,SM,AVP INFRACON LIMITED,H
AZAD,EQ,AZAD ENGINEERING LIMITED,H
BAHETI,SM,BAHETI RECYCLING IND LTD,H
BCG,BZ,BRIGHTCOM GROUP LIMITED,H
BIL,BE,BHARTIYA INETRNATIONAL LT,H
BLUECHIP,BE,BLUE CHIP INDIA LIMITED,H
BLUECOAST,BE,BLUE COAST HOTELS LIMITED,H
BMETRICS,SM,BOMBAY METRICS S C LTD,H
BROOKS,BE,BROOKS LAB LIMITED,H
CGRAPHICS,SM,CREATIVE GRAPHICS S IND L,H
CLOUD,SM,VARANIUM CLOUD LIMITED,H
COMPINFO,BZ,COMPUAGE INFOCOM LTD,H
CRAYONS,SM,CRAYONS ADVERTISING LTD,H
CREATIVEYE,BE,CREATIVE EYE LIMITED,H
CTE,BE,CAMBRIDGE TECH ENTER LTD,H
CUBEXTUB,BE,CUBEXTUBINGS-ROLLSETT,H
DCMFINSERV,BE,DCM FINANCIAL SERVICES LT,H
DGCONTENT,BE,DIGICONTENT LIMITED,H
DOLPHIN,BE,DOLPHIN OFF ENT (IND) L,H
DREDGECORP,EQ,DREDGING CORP OF INDIA,H
E2E,BE,E2E NETWORKS LIMITED,H
ELECTHERM,BE,ELECTROTHERM (I) LTD.,H
ELGIRUBCO,BE,ELGI RUBBER CO. LTD,H
EMKAY,EQ,EMKAY GLOBAL FIN SERV LTD,H
ESCONET,SM,ESCONET TECHNOLOGIES LTD,H
ESSARSHPNG,EQ,ESSAR SHIPPING LTD,H
ESSENTIA,BE,INTEGRA ESSENTIA LIMITED,H
FLEXITUFF,BE,FLEXITUFF VENTURES INT L,H
FLFL,BZ,FUT LIFESTYLE FASH LTD,H
FRETAIL,BZ,FUTURE RETAIL LIMITED,H
GANGOTRI,BZ,GANGOTRI TEXTILES LTD.,H
GET&D,BE,GE T&D INDIA LIMITED,H
GFSTEELS,BE,GRAND FOUNDRY LTD,H
GICL,SM,GLOBE INTL CARRIERS LTD,H
GINNIFILA,EQ,GINNI FILAMENTS LTD,H
GLOBAL,BE,GLOBAL EDUCATION LIMITED,H
GLOBALVECT,BE,GLOBAL VEC HELICORP LTD,H
GOENKA,BZ,GOENKA DIAMOND&JEWELS LTD,H
GTLINFRA,EQ,GTL INFRA.LTD,H
GUFICBIO,EQ,GUFIC BIOSCIENCES LTD.,H
GVPTECH,BE,GVP INFOTECH LIMITED,H
HDIL,BZ,HOUSING DEV & INFRA LTD,H
HECPROJECT,EQ,HEC INFRA PROJECTS LTD,H
HERITGFOOD,EQ,HERITAGE FOODS LTD,H
HINDCON,BE,HINDCON CHEMICALS LIMITED,H
HINDMOTORS,EQ,HINDUSTAN MOTORS LIMITED,H
HITECHGEAR,BE,THE HI-TECH GEARS LIMITED,H
HMAAGRO,EQ,HMA AGRO INDUSTRIES LTD,H
HSCL,EQ,HIMADRI SPECIALITY CHEM L,H
HUBTOWN,EQ,HUBTOWN LIMITED,H
HYBRIDFIN,EQ,HYBRID FINANCIAL SERVICE,H
IL&FSENGG,BZ,IL&FS ENG AND CONS CO LTD,H
INFOMEDIA,EQ,INFOMEDIA PRESS LIMITED,H
INTENTECH,EQ,INTENSE TECHNOLOGIES LTD,H
JITFINFRA,EQ,JITF INFRALOGISTICS LTD,H
JUBLINDS,EQ,JUBILANT INDUSTRIES LTD,H
JYOTICNC,EQ,JYOTI CNC AUTOMATION LTD,H
KANANIIND,EQ,KANANI INDUSTRIES LTD,H
KARMAENG,EQ,KARMA ENERGY LIMITED,H
KAVVERITEL,BE,KAVVERI TEL. LTD.,H
KCK,ST,KCK INDUSTRIES LTD,H
KHAITANLTD,EQ,KHAITAN (INDIA)LTD.,H
KODYTECH,SM,KODY TECHNOLAB LIMITED,H
KONTOR,SM,KONTOR SPACE LIMITED,H
LAKPRE,BZ,LAKSHMI PRE SCRE LTD,H
LIBERTSHOE,EQ,LIBERTY SHOES LTD,H
LIKHITHA,EQ,LIKHITHA INFRASTRUC LTD,H
LLOYDS,SM,LLOYDS LUXURIES LIMITED,H
LRRPL,SM,LEAD REC AND RUB PROD LTD,H
MADHUCON,BE,MADHUCON PROJECTS LTD.,H
MAGNUM,EQ,MAGNUM VENTURES LTD.,H
MANAKCOAT,BE,MAN COAT METAL & IND LTD,H
MANORAMA,BE,MANORAMA INDUSTRIES LTD,H
MASKINVEST,EQ,MASK INVESTMENTS LIMITED,H
MAXIND,EQ,MAX INDIA LIMITED,H
MCON,SM,MCON RASAYAN INDIA LTD,H
MEDICO,BE,MEDICO REMEDIES LIMITED,H
MORARJEE,BE,MORARJEE TEXTILES LIMITED,H
MTEDUCARE,BE,MT EDUCARE LTD,H
MUFIN,EQ,MUFIN GREEN FINANCE LTD,H
NAGAFERT,EQ,NAGARJUN FERT AND CHE LTD,H
NILAINFRA,EQ,NILA INFRASTRUCTURES LTD,H
NKIND,EQ,NK INDUSTRIES LTD,H
NOIDATOLL,EQ,NOIDA TOLL BRIDGE CO LTD,H
NORBTEAEXP,EQ,NORBEN TEA & EXPORTS LTD,H
OILCOUNTUB,BE,OIL COUNTRY TUBULAR LTD.,H
OMAXAUTO,BE,OMAX AUTOS LTD,H
OMKARCHEM,BZ,OMKAR SPL CHEM LTD,H
ONELIFECAP,BE,ONELIFE CAP ADVISORS LTD,H
ORIANA,SM,ORIANA POWER LIMITED,H
ORTEL,BZ,ORTEL COMMUNICATIONS LTD,H
OWAIS,SM,OWAIS METAL & MINERAL,H
PALREDTEC,BE,PALRED TECHNOLOGIES LTD,H
PARASPETRO,BE,PARAS PETROFILS LTD.,H
PASHUPATI,SM,PASHUPATI COTSPIN LIMITED,H
PERFECT,SM,PERFECT INFRAENGINEER LTD,H
PIGL,BE,POWER INSTRUMENT (G) LTD,H
PRAXIS,BE,PRAXIS HOME RETAIL LTD,H
PULZ,SM,PULZ ELECTRONICS LIMITED,H
PURVA,BE,PURAVANKARA LIMITED,H
PVP,EQ,PVP VENTURES LIMITED,H
QUINTEGRA,BE,QUINTEGRA SOLUTIONS LTD.,H
RAJRILTD,BE,RAJ RAYON INDUSTRIES LTD,H
RAJVIR,BZ,RAJVIR INDUSTRIES LIMITED,H
RCOM,BE,RELIANCE COMMUNICATIONS L,H
REFRACTORY,SM,REFRACTORY SHAPES LIMITED,H
RHFL,BE,RELIANCE HOME FINANCE LTD,H
RKDL,EQ,RAVI KUMAR DIST. LTD.,H
RMDRIP,SM,R M DRIP & SPRINK SYS LTD,H
RVHL,EQ,RAVINDER HEIGHTS LIMITED,H
S&SPOWER,BE,S&S POWER SWITCHGEARS,H
SADBHIN,EQ,SADBHAV INFRA PROJ LTD.,H
SAHANA,SM,SAHANA SYSTEM LIMITED,H
SAMBHAAV,EQ,SAMBHAAV MEDIA LTD,H
SAMPANN,EQ,SAMPANN UTPADAN INDIA LTD,H
SANCO,BZ,SANCO INDUSTRIES LIMITED,H
SARTELE,SM,SAR TELEVENTURE LIMITED,H
SCHNEIDER,EQ,SCHNEIDER ELECTRIC INFRA,H
SECMARK,BE,SECMARK CONSULTANCY LTD,H
SECURCRED,EQ,SECUR CREDENTIALS LIMITED,H
SEL,SM,SUNGARNER ENERGIES LTD,H
SETUINFRA,BZ,SETUBANDHAN INFRA LTD,H
SEYAIND,BE,SEYA INDUSTRIES LIMITED,H
SHAHALLOYS,EQ,SHAH ALLOYS LIMITED,H
SIMPLEXINF,BE,SIMPLEX INFRASTRUCTURES L,H
SINDHUTRAD,EQ,SINDHU TRADE LINKS LTD,H
SKIL,BE,SKIL INFRASTRUCTURE LTD.,H
SPMLINFRA,EQ,SPML INFRA LIMITED,H
SPTL,BZ,SINTEX PLASTICS TECH LTD,H
STARTECK,BE,STARTECK FINANCE LIMITED,H
SUULD,EQ,SUUMAYA INDUSTRIES LTD,H
SWANENERGY,EQ,SWAN ENERGY LIMITED,H
SWSOLAR,EQ,STRLNG & WIL REN ENE LTD,H
TAC,SM,TAC INFOSEC LIMITED,H
TARAPUR,BE,TARAPUR TRANSFORMERS LTD,H
TBI,ST,TBI CORN LIMITED,H
TCIFINANCE,EQ,TCI FINANCE LTD,H
TCLCONS,EQ,TANTIA CONSTRUCTIONS LTD,H
TECHLABS,SM,TRIDENT TECHLABS LIMITED,H
TECILCHEM,EQ,TECIL CHEMICALS,H
TGL,SM,TEERTH GOPICON LIMITED,H
THOMASCOTT,BE,THOMAS SCOTT (INDIA) LTD,H
TNTELE,BE,TAMILNADU TELECOMMUNICATI,H
TPHQ,EQ,TEAMO PRODUCTIONS HQ LTD,H
TRF,BE,TRF LIMITED,H
UEL,BE,UJAAS ENERGY LIMITED,H
UNIINFO,EQ,UNIINFO TELECOM SERVI LTD,H
UNITECH,BZ,UNITECH LIMITED,H
UNIVAFOODS,BE,UNIVA FOODS LIMITED,H
UNIVASTU,BE,UNIVASTU INDIA LIMITED,H
V2RETAIL,BE,V2 RETAIL LIMITED,H
VARDMNPOLY,EQ,VARDHMAN POLYTEX LTD.,H
VHLTD,BE,VICEROY HOTELS LIMITED,H
VILAS,ST,VILAS TRANSCORE LIMITED,H
VINYAS,SM,VINYAS INNOVATIVE TECH L,H
VIVIANA,SM,VIVIANA POWER TECH LTD,H
VMARCIND,SM,V MARC INDIA LIMITED,H
WEBELSOLAR,BE,WEBSOL ENERGY SYSTEM LTD,H
WELINV,EQ,WELSPUN INV & COMM LTD,H
WEWIN,BE,WE WIN LIMITED,H
WINSOME,BE,WINSOME YARNS LIMITED,H
YUDIZ,SM,YUDIZ SOLUTIONS LIMITED,H
ZENITHEXPO,EQ,ZENITH EXPORTS LTD,H
ZTECH,ST,Z-TECH (INDIA) LIMITED,H
AGARWALFT,ST,AGARWAL FLOAT GLASS I LTD,L
AILIMITED,ST,ABHISHEK INTEGRATIONS LTD,L
ANKITMETAL,BE,ANKIT MET & POW LTD,L
ARSSINFRA,BE,ARSS INFRA PROJ. LTD,L
ASHOKAMET,EQ,ASHOKA METCAST LIMITED,L
ASMS,EQ,BARTRONICS INDIA LIMITED,L
BAFNAPH,BE,BAFNA PHARMACEUTICALS LTD,L
BGLOBAL,BZ,BHARATIYA GLOBAL INFO LTD,L
BKMINDST,BZ,BKM INDUSTRIES LIMITED,L
BLUECOAST,BE,BLUE COAST HOTELS LIMITED,L
BOHRAIND,BE,BOHRA INDUSTRIES LIMITED,L
BOROSCI,BE,BOROSIL SCIENTIFIC LTD,L
BTML,BE,BODHI TREE MULTIMEDIA LTD,L
CADSYS,ST,CADSYS (INDIA) LIMITED,L
CINEVISTA,BE,CINEVISTA LIMITED,L
CMMIPL,ST,CMM INFRAPROJECTS LIMITED,L
COMPINFO,BZ,COMPUAGE INFOCOM LTD,L
CPS,ST,C P S SHAPERS LIMITED,L
CREATIVEYE,BE,CREATIVE EYE LIMITED,L
DGCONTENT,BE,DIGICONTENT LIMITED,L
DHTL,SM,DOCMODE HEALTH TECH LTD,L
DIACABS,BE,DIAMOND POWER INFRA LTD,L
DNAMEDIA,EQ,DILIGENT MEDIA CORP LTD.,L
EDUCOMP,BZ,EDUCOMP SOLUTIONS LTD,L
EXCEL,BE,EXCEL REALTY N INFRA LTD,L
FCONSUMER,BE,FUTURE CONSUMER LIMITED,L
FEL,BZ,FUTURE ENTERPRISES LTD,L
FELDVR,BE,FUTURE ENTERPRISES LTD,L
GATECHDVR,BE,GACM TECHNOLOGIES LIMITED,L
GAYAHWS,BE,GAYATRI HIGHWAYS LIMITED,L
GAYAPROJ,BZ,GAYATRI PROJECTS LTD,L
GIRIRAJ,ST,GIRIRAJ CIVIL DEVP LTD,L
GODHA,EQ,GODHA CABCON INSULAT LTD,L
GVPTECH,BE,GVP INFOTECH LIMITED,L
INDSWFTLTD,BE,IND-SWIFT LIMITED,L
INSPIRE,SM,INSPIRE FILMS LIMITED,L
INSPIRISYS,BE,INSPIRISYS SOLUTIONS LTD,L
JPASSOCIAT,BE,JAIPRAKASH ASSOCIATES LTD,L
KRONOX,BE,KRONOX LAB SCIENCES LTD,L
MPTODAY,SM,M P TODAY MEDIA LIMITED,L
NTL,BE,NEUEON TOWERS LIMITED,L
OSIAHYPER,BE,OSIA HYPER RETAIL LIMITED,L
PARIN,SM,PARIN FURNITURE LIMITED,L
PRATHAM,SM,PRATHAM EPC PROJECTS LTD,L
QUINTEGRA,BE,QUINTEGRA SOLUTIONS LTD.,L
RADAAN,BE,RADAAN MEDIAWORKS (I) LTD,L
ROLTA,BZ,ROLTA INDIA LTD,L
RTNPOWER,BE,RATTANINDIA POWER LIMITED,L
SANCO,BZ,SANCO INDUSTRIES LIMITED,L
SANGINITA,EQ,SANGINITA CHEMICALS LTD,L
SANWARIA,BZ,SANWARIA CONSUMER LIMITED,L
SEMAC,BE,SEMAC CONSULTANTS LIMITED,L
SHUBHLAXMI,SM,SHUBHLAXMI JEWEL ART LTD,L
SHYAMTEL,BE,SHYAM TELECOM LIMITED,L
SITINET,BE,SITI NETWORKS LIMITED,L
SONUINFRA,SM,SONU INFRATECH LIMITED,L
SRPL,BE,SHREE RAM PROTEINS LTD.,L
SSFL,SM,SRIVARI SPICES N FOODS L,L
SUMEETINDS,BE,SUMEET IND LIMITED,L
SUZLON,EQ,SUZLON ENERGY LIMITED,L
TARAPUR,BE,TARAPUR TRANSFORMERS LTD,L
TIJARIA,BE,TIJARIA POLYPIPES LTD,L
VCL,BE,VAXTEX COTFAB LIMITED,L
VERTEXPLUS,ST,VERTEXPLUS TECHNOLOGIES L,L
VISASTEEL,BE,VISA STEEL LIMITED,L
VISESHINFO,BZ,VISESH INFOTECNICS LTD,L
WALPAR,SM,WALPAR NUTRITIONS LIMITED,L
