GAIN_LOSS,SECURITY,CLOSE_PRIC,PREV_CL_PR,PERCENT_CG
 ,Nifty 50 Sec., , , 
 , , , , 
G,ULTRATECH CEMENT LIMITED,     10826.25,     10463.15,3.47
G,GRASIM INDUSTRIES LTD,      2446.80,      2379.85,2.81
G,HERO MOTOCORP LIMITED,      5722.20,      5581.85,2.51
G,CIPLA LTD,      1534.25,      1497.25,2.47
G,POWER GRID CORP. LTD.,       315.80,       309.35,2.09
G,NESTLE INDIA LIMITED,      2548.20,      2502.45,1.83
G,NTPC LTD,       364.90,       360.60,1.19
G,AXIS BANK LIMITED,      1200.00,      1186.80,1.11
G,HDFC LIFE INS CO LTD,       569.20,       562.95,1.11
G,SHRIRAM FINANCE LIMITED,      2519.10,      2497.95,.85
G,TATA STEEL LIMITED,       180.29,       178.90,.78
G,DR. REDDY S LABORATORIES,      6106.15,      6061.30,.74
G,APOLLO HOSPITALS ENTER. L,      6056.70,      6014.55,.7
G,TATA MOTORS LIMITED,       975.15,       970.50,.48
G,BHARAT PETROLEUM CORP  LT,       602.60,       599.80,.47
G,BRITANNIA INDUSTRIES LTD,      5488.40,      5463.55,.45
G,SBI LIFE INSURANCE CO LTD,      1432.30,      1425.85,.45
G,EICHER MOTORS LTD,      4782.75,      4762.00,.44
G,SUN PHARMACEUTICAL IND L,      1513.10,      1506.85,.41
G,JSW STEEL LIMITED,       915.90,       912.15,.41
G,ADANI PORT & SEZ LTD,      1384.05,      1378.85,.38
G,ASIAN PAINTS LIMITED,      2937.55,      2927.70,.34
G,LARSEN & TOUBRO LTD.,      3543.75,      3532.50,.32
G,DIVI S LABORATORIES LTD,      4536.25,      4524.05,.27
G,STATE BANK OF INDIA,       831.80,       829.95,.22
G,ICICI BANK LTD.,      1123.80,      1121.70,.19
G,RELIANCE INDUSTRIES LTD,      2942.80,      2939.90,.1
G,BAJAJ AUTO LIMITED,      9733.05,      9725.55,.08
G,BHARTI AIRTEL LIMITED,      1426.05,      1425.25,.06
G,ADANI ENTERPRISES LIMITED,      3220.10,      3219.55,.02
 , , , , 
L,TECH MAHINDRA LIMITED,      1340.35,      1377.60,-2.7
L,INFOSYS LIMITED,      1499.75,      1533.60,-2.21
L,WIPRO LTD,       475.25,       484.55,-1.92
L,MAHINDRA & MAHINDRA LTD,      2807.55,      2857.45,-1.75
L,LTIMINDTREE LIMITED,      4903.45,      4977.20,-1.48
L,BAJAJ FINANCE LIMITED,      7088.85,      7191.40,-1.43
L,TATA CONSULTANCY SERV LT,      3858.70,      3893.95,-0.91
L,HCL TECHNOLOGIES LTD,      1418.75,      1431.50,-0.89
L,HDFC BANK LTD,      1561.30,      1573.35,-0.77
L,MARUTI SUZUKI INDIA LTD.,     12717.55,     12810.90,-0.73
L,TITAN COMPANY LIMITED,      3422.20,      3444.05,-0.63
L,HINDALCO  INDUSTRIES  LTD,       676.40,       680.35,-0.58
L,ITC LTD,       436.90,       439.15,-0.51
L,HINDUSTAN UNILEVER LTD.,      2565.35,      2577.80,-0.48
L,OIL AND NATURAL GAS CORP.,       259.15,       260.40,-0.48
L,KOTAK MAHINDRA BANK LTD,      1745.65,      1753.70,-0.46
L,INDUSIND BANK LIMITED,      1485.85,      1492.10,-0.42
L,COAL INDIA LTD,       477.70,       479.15,-0.3
L,TATA CONSUMER PRODUCT LTD,      1133.05,      1135.65,-0.23
L,BAJAJ FINSERV LTD.,      1565.80,      1567.70,-0.12
 , , , , 
 ,Nifty Next 50 Sec., , , 
 , , , , 
G,SAMVRDHNA MTHRSN INTL LTD,       164.58,       156.70,5.03
G,SHREE CEMENT LIMITED,     27239.70,     26077.50,4.46
G,INTERGLOBE AVIATION LTD,      4566.60,      4373.20,4.42
G,AMBUJA CEMENTS LTD,       640.35,       621.30,3.07
G,REC LIMITED,       511.20,       496.80,2.9
G,ZYDUS LIFESCIENCES LTD,      1086.05,      1055.80,2.87
G,BANK OF BARODA,       276.40,       270.80,2.07
G,BERGER PAINTS (I) LTD,       491.95,       482.55,1.95
G,SRF LTD,      2354.65,      2312.30,1.83
G,VARUN BEVERAGES LIMITED,      1546.05,      1518.60,1.81
G,CANARA BANK,       121.03,       118.90,1.79
G,ICICI PRU LIFE INS CO LTD,       581.00,       571.40,1.68
G,CHOLAMANDALAM IN & FIN CO,      1359.95,      1337.85,1.65
G,PIDILITE INDUSTRIES LTD,      3174.05,      3123.70,1.61
G,ICICI LOMBARD GIC LIMITED,      1680.10,      1655.15,1.51
G,HINDUSTAN AERONAUTICS LTD,      4812.70,      4745.15,1.42
G,TVS MOTOR COMPANY  LTD,      2436.85,      2407.65,1.21
G,DABUR INDIA LTD,       619.85,       613.10,1.1
G,TATA POWER CO LTD,       448.00,       443.55,1
G,ADANI GREEN ENERGY LTD,      1880.35,      1864.25,0.86
G,TORRENT PHARMACEUTICALS L,      2863.95,      2844.95,0.67
G,ADANI ENERGY SOLUTION LTD,      1026.80,      1020.05,0.66
G,AVENUE SUPERMARTS LIMITED,      4778.40,      4747.25,0.66
G,INDIAN OIL CORP LTD,       165.21,       164.20,0.62
G,BOSCH LIMITED,     30764.75,     30596.60,0.55
G,BAJAJ HOLDINGS & INVS LTD,      8423.40,      8377.60,0.55
G,DLF LIMITED,       847.60,       843.45,0.49
G,POWER FIN CORP LTD.,       485.80,       483.55,0.47
G,ADANI POWER LTD,       769.70,       767.05,0.35
G,LIFE INSURA CORP OF INDIA,       997.40,       994.20,0.32
 , , , , 
L,VEDANTA LIMITED,       444.10,       460.65,-3.59
L,GAIL (INDIA) LTD,       208.18,       212.70,-2.13
L,JINDAL STEEL & POWER LTD,      1012.15,      1026.95,-1.44
L,ZOMATO LIMITED,       182.16,       184.00,-1
L,JIO FIN SERVICES LTD,       350.35,       353.15,-0.79
L,ADANI TOTAL GAS LIMITED,       970.80,       978.10,-0.75
L,COLGATE PALMOLIVE LTD.,      2944.20,      2963.50,-0.65
L,INDIAN RAILWAY FIN CORP L,       173.01,       173.60,-0.34
L,GODREJ CONSUMER PRODUCTS,      1423.05,      1427.90,-0.34
L,SIEMENS LTD,      6856.55,      6875.10,-0.27
L,MARICO LIMITED,       651.65,       653.00,-0.21
L,ABB INDIA LIMITED,      8061.95,      8073.25,-0.14
L,INFO EDGE (I) LTD,      6226.95,      6229.80,-0.05
 , , , , 
 ,OTHER SECURITIES, , , 
 , , , , 
G,ZENITH EXPORTS LTD,       254.04,       211.70,20
G,VINYAS INNOVATIVE TECH L,      1124.70,       937.25,20
G,INTENSE TECHNOLOGIES LTD,       148.86,       124.05,20
G,ESSAR SHIPPING LTD,        37.50,        31.25,20
G,UNIINFO TELECOM SERVI LTD,        39.30,        32.75,20
G,SEC RE NCD 9.80% SR.V,       912.99,       761.00,19.97
G,LIKHITHA INFRASTRUC LTD,       426.25,       355.80,19.8
G,AVP INFRACON LIMITED,       123.60,       103.60,19.31
G,GUFIC BIOSCIENCES LTD.,       375.35,       315.00,19.16
G,AGARWAL INDS CORP LTD.,      1085.30,       914.90,18.62
G,EMKAY GLOBAL FIN SERV LTD,       187.55,       159.75,17.4
G,MASTER COMPONENTS LIMITED,       238.50,       205.00,16.34
G,PREMIER EXPLOSIVES LTD,      2994.45,      2583.80,15.89
G,NAVKAR CORPORATION LTD.,       106.87,        93.05,14.85
G,FACT LTD,       802.70,       700.05,14.66
G,VASA DENTICITY LIMITED,       612.90,       536.60,14.22
G,EIH ASSOCIATED HOTELS LTD,       819.65,       721.85,13.55
G,NOVA AGRITECH LIMITED,        62.76,        55.40,13.29
G,PANACHE DIGILIFE LIMITED,        95.45,        84.35,13.16
G,SAGAR CEMENTS LIMITED,       269.59,       238.60,12.99
G,JAIN DVR EQUITY SHARES,        38.35,        33.95,12.96
G,SAHYADRI INDUSTRIES LTD,       422.45,       374.30,12.86
G,NATIONAL FERT. LTD,       115.43,       103.35,11.69
G,EPACK DURABLE LIMITED,       196.70,       176.50,11.44
G,SEPC LIMITED,        22.48,        20.20,11.29
G,DHANUKA AGRITECH LTD,      1521.70,      1368.50,11.19
G,RALLIS INDIA LTD,       313.25,       281.90,11.12
G,TITAGARH RAIL SYSTEMS LTD,      1342.30,      1208.65,11.06
G,QUEST LABORATORIES LTD,       130.85,       117.85,11.03
G,DATAMATICS GLOBAL SER LTD,       610.45,       549.95,11
 , , , , 
L,NHB 8.90 NCD TR II SR 3 B,      7000.00,      8710.00,-19.63
L,HRH NEXT SERVICES LIMITED,        33.20,        37.10,-10.51
L,SANGINITA CHEMICALS LTD,        18.45,        20.50,-10
L,IRB INFRA DEV LTD.,        70.16,        76.85,-8.71
L,POONAWALLA FINCORP LTD,       426.35,       465.50,-8.41
L,KANANI INDUSTRIES LTD,         3.26,         3.55,-8.17
L,WINSOL ENGINEERS LIMITED,       344.90,       375.45,-8.14
L,GRILL SPLENDOUR SER LTD,        65.00,        70.50,-7.8
L,DYNEMIC PRODUCTS LIMITED,       260.55,       279.60,-6.81
L,KANDARP DG SMART BPO LTD,        28.15,        30.15,-6.63
L,INDIA PESTICIDES LIMITED,       239.14,       255.20,-6.29
L,RBM INFRACON LIMITED,       455.30,       485.30,-6.18
L,VERITAAS ADVERTISING LTD,       130.00,       137.95,-5.76
L,TAX FREE 7.39% SR. IIA,      1085.00,      1150.00,-5.65
L,SBC EXPORTS LIMITED,        28.94,        30.65,-5.58
L,NAMAN IN-STORE (INDIA) L,        87.85,        92.80,-5.33
L,THE BYKE HOSPITALITY LTD,        72.36,        76.25,-5.1
L,BRAND CONCEPTS LIMITED,       680.10,       716.05,-5.02
L,SUZLON ENERGY LIMITED,        47.40,        49.90,-5.01
L,GIRIRAJ CIVIL DEVP LTD,       476.90,       502.00,-5
L,C P S SHAPERS LIMITED,       266.00,       280.00,-5
L,ASHOKA METCAST LIMITED,        21.47,        22.60,-5
L,PRATHAM EPC PROJECTS LTD,       315.70,       332.30,-5
L,KAUSHALYA INFRA DEV LTD.,       710.50,       747.85,-4.99
L,AGARWAL FLOAT GLASS I LTD,        52.35,        55.10,-4.99
L,DOCMODE HEALTH TECH LTD,       174.20,       183.35,-4.99
L,CADSYS (INDIA) LIMITED,       256.10,       269.55,-4.99
L,SRIVARI SPICES N FOODS L,       288.50,       303.65,-4.99
L,SHUBHLAXMI JEWEL ART LTD,        38.50,        40.50,-4.94
L,M P TODAY MEDIA LIMITED,        37.75,        39.70,-4.91
