SECURITY,NEW,PREVIOUS,NEW_STATUS
ALLSEC TECHNOLOGIES LTD,1149,1115,H
COROMANDEL INTERNTL. LTD,1450.1,1410,H
GRAVITA INDIA LIMITED,1166.95,1166,H
HERO MOTOCORP LIMITED,5785,5775.2,H
PASHUPATI COTSPIN LIMITED,298.9,290.75,H
PITTI ENGINEERING LIMITED,978,970,H
A2Z INFRA ENGINEERING LTD,20.89,20.5,H
V2 RETAIL LIMITED,586.95,562,H
SMC GLOBAL SECURITIES LTD,183,180.15,H
GRAND FOUNDRY LTD,9.5,9.05,H
MAN COAT METAL & IND LTD,69.4,67,H
MIRAEAMC - MAESGETF,39.35,39.17,H
VINYAS INNOVATIVE TECH L,1124.7,964,H
SEC RE NCD 9.80% SR.V,912.99,770,H
TBO TEK LIMITED,1596.85,1574.2,H
KOTAKMAMC - KOTAKLIQ,1000.19,1000.01,H
GOI TBILL 182D-03/10/24,97.83,97.7,H
SEC RE NCD 8.25% SR 1,1100,1056.8,H
VILAS TRANSCORE LIMITED,252.95,240.95,H
SEC RE NCD 9.65% SR I,1050,1044.23,H
MAHINDRA & MAHINDRA LTD,2886,2867.6,H
GUFIC BIOSCIENCES LTD.,378,364.9,H
THE GE SHPG.LTD,1209.8,1197.6,H
DHANUKA AGRITECH LTD,1544.05,1428.95,H
GANESHA ECOSPHERE LIMITED,1244.3,1211.95,H
2.50%GOLDBONDS2028SR-VI,7485.43,7450,H
GARWARE TECH FIBRES LTD,4265,4100,H
EDELAMC - EBBETF0425,1249,1248.35,H
NETWEB TECH INDIA LTD,2611.45,2507.05,H
HARSHA ENGINEERS INT LTD,552.4,533.4,H
ROBUST HOTELS LIMITED,197.48,189,H
UNIVA FOODS LIMITED,7.61,7.25,H
MIRAEAMC - MAMFGETF,147.25,145.55,H
SDL PN 7.47% 2043,95.55,95,H
LE MERITE EXPORTS LIMITED,103.4,99.75,H
LT FOODS LIMITED,260.79,247.9,H
TECIL CHEMICALS,27.06,24.6,H
SUPREME POWER EQUIPMENT L,278,254.75,H
Z-TECH (INDIA) LIMITED,121.5,115.75,H
QUEST LABORATORIES LTD,134,121,H
MANDEEP AUTO INDUSTRIES L,53.2,52.9,H
SEC RE NCD 9.65% SR I,955,920.15,H
EID PARRY INDIA LTD,733.3,725,H
GANESH HOUSING CORP LTD,1039,978,H
SOBHA LIMITED,2176.45,2133,H
AURIONPRO SOLN LTD,2311.65,2300.95,H
NCC LIMITED,336.7,333.35,H
BRIGADE ENTER. LTD,1440,1432.6,H
D-LINK INDIA LTD,464.4,455.9,H
GOKUL AGRO RESOURCES LTD,170.6,165.75,H
PREMIER EXPLOSIVES LTD,3045.45,2780,H
BIRLASLAMC - HEALTHY,13.02,12.8,H
SJS ENTERPRISES LIMITED,797.95,796.85,H
AXISAMC - AXISCETF,114.71,113.44,H
SHAKTI PUMPS (I) LTD,2587,2550,H
AVP INFRACON LIMITED,124.3,113,H
SEC RE NCD 8.50% SR.III,1073,1072.5,H
SEC RE NCD 9.25% SR.VII,1005.25,1000.25,H
KEI INDUSTRIES LTD.,4618.4,4350,H
TVS MOTOR COMPANY  LTD,2444.95,2429.65,H
PRESTIGE ESTATE LTD,1870,1822,H
BAJAJ AUTO LIMITED,9924,9740.1,H
GRP LIMITED,10799,10740,H
PARIN FURNITURE LIMITED,219,213,H
PTC INDUSTRIES LIMITED,11350,11300,H
MASTER COMPONENTS LIMITED,239,235,H
UJAAS ENERGY LIMITED,215.51,205.25,H
GOI TBILL 91D-15/08/24,98.77,98.43,H
GOI TBILL 364D-18/04/25,94.3,93.8,H
PREMIER ROADLINES LIMITED,113.55,106.95,H
HOAC FOODS INDIA LIMITED,205,175.7,H
RULKA ELECTRICALS LIMITED,373.4,373,H
ESCORTS KUBOTA LIMITED,4104,4050,H
TRENT LTD,5047.35,5010.4,H
ULTRATECH CEMENT LIMITED,10907.95,10526,H
ZENITH EXPORTS LTD,254.04,211.7,H
BHARTI AIRTEL LIMITED,1436.65,1430.65,H
PENNAR INDUSTRIES LTD,177.69,172,H
SANOFI INDIA LIMITED,10524.95,9630,H
ADITYA BIRLA MONEY LTD,166.9,164.9,H
SBIAMC - SBIETFCON,115.21,113.4,H
CMS INFO SYSTEMS LIMITED,478.7,474,H
HDFCAMC - HDFCQUAL,57.12,56.9,H
SAHANA SYSTEM LIMITED,1515.05,1442.95,H
SHEKHAWATI POLY-YARN LTD.,3.97,3.9,H
AMARA RAJA ENERGY MOB LTD,1538.6,1448.7,H
GOI TBILL 364D-12/12/24,96.54,96.2,H
JYOTI CNC AUTOMATION LTD,1169.45,1063.15,H
TEERTH GOPICON LIMITED,340.4,324.2,H
LATENT VIEW ANALYTICS LTD,521,518,H
NITIRAJ ENGINEERS LTD,250.81,246,H
VADIVARHE SPCLTY CHEM LTD,46,45.5,H
SEC RE NCD 9.65% SR I,1060,1047.76,H
BALKRISHNA IND. LTD,3267.75,3226.85,H
TEXMACO INFRA & HOLDG LTD,136,134.8,H
ERIS LIFESCIENCES LIMITED,1053.9,1008,H
HPL ELECTRIC & POWER LTD,462,461.8,H
TEJAS NETWORKS LIMITED,1308.3,1305.3,H
TRF LIMITED,594.45,580.15,H
2.5%GOLDBONDS2029SR-VII,7599.99,7450,H
2.50%GOLDBONDS2029SR-V,7500,7499,H
ROLLATAINERS LIMITED,4.18,4.1,H
SHREE TIRUPATI BALAJEE,552,550,H
LCC INFOTECH LTD,3.06,3,H
AZAD ENGINEERING LIMITED,1615.95,1570.35,H
E2E NETWORKS LIMITED,1748.4,1665.3,H
GOI TBILL 364D-18/07/24,99.26,98.56,H
KODY TECHNOLAB LIMITED,2393.5,2279.55,H
BHARTI HEXACOM LIMITED,1119,1089.95,H
VICEROY HOTELS LIMITED,99.33,94.6,H
GOI TBILL 182D-07/11/24,97.12,97,H
GOI TBILL 91D-25/07/24,99.05,98.82,H
DSPAMC - LIQUIDADD,1014.68,1013.89,H
DIAMOND POWER INFRA LTD,909,57.95,H
GOI TBILL 364D-29/05/25,94,93.55,H
8.91%S-R-NCD SERIES 3B,1320,1319,H
JITF INFRALOGISTICS LTD,818.1,598.95,H
AIMTRON ELECTRONICS LTD,278.95,265.7,H
8.73%S-R-NCD SERIES 2B,1212,1211.21,H
SEC RE NCD SR. IV,1150,1149.36,H
FINOLEX CABLES LTD,1586.7,1541.85,H
SUPREME INDUSTRIES LTD,6005,5850,H
PRECOT LIMITED,415,410,H
TECHNOCRAFT IND LTD,2830,2800,H
PG ELECTROPLAST LTD,2970,2880,H
TIJARIA POLYPIPES LTD,23.35,21.45,H
SAMVRDHNA MTHRSN INTL LTD,165.49,159.7,H
MOTILAL OSWAL M50 ETF,277,265,H
NAVA LIMITED,609.8,595.15,H
NIP IND ETF ETF NV20,146.97,146.6,H
STYRENIX PERFORMANCE LTD,2011,1972,H
GOI TBILL 364D-16/01/25,95.91,95.79,H
JANA SMALL FIN BANK LTD,740,698.75,H
SEC RED NCD 9.22% SR.II,1009.5,1001,H
SERENCD 8.65% SR.VI OP12,1045,1043,H
SERENCD8.50%SR.IICIII&IV,1064.55,1064.5,H
KIRLOSKAR PNEUMATIC COM L,1284,1270,H
GOI TBILL 364D-31/10/24,97.29,96.73,H
AADHAR HOUSING FINANCE L,398,371.3,H
REFRACTORY SHAPES LIMITED,173.6,157.85,H
SEC RE NCD 9.39% SR.VIII,919.8,919,H
GOI TBILL 182D-22/11/24,96.91,96.51,H
ABS MARINE SERVICES LTD,248,239.9,H
TBI CORN LIMITED,218.25,207.9,H
RAYMOND LTD,2685,2498.65,H
UNIVERSAL CABLES LTD,759.35,743.7,H
UNITED BREWERIES LTD,2152.95,2106,H
INTERGLOBE AVIATION LTD,4609.8,4529,H
MAX INDIA LIMITED,286.5,283.4,H
IIFL SECURITIES LIMITED,224.49,218.55,H
ASSO ALCOHOLS & BREW LTD,677,653.65,H
TEGA INDUSTRIES LIMITED,1709.35,1653.5,H
NIPPONAMC - NETFAUTO,261.4,254,H
BIKAJI FOODS INTERN LTD,711.95,701.9,H
TV VISION LIMITED,7.15,7.1,H
GOI LOAN  7.25% 2063,105.15,104.99,H
KOTAKMAMC - KTKNV20ETF,148.65,145.14,H
8.91% TAX FREE NCD,1300,1298.85,H
SRI ADHIKARI BRO TELE N L,187.47,183.8,H
GOI TBILL 364D-20/03/25,94.8,94.33,H
GOI LOAN  7.34% 2064,103.6,103.5,H
GOI TBILL 91D-23/08/24,98.4,98.38,H
DJ MEDIAPRINT & LOG LTD,358,352,H
GOI TBILL 182D-28/11/24,96.8,96.69,H
GOI TBILL 364D-23/05/25,93.69,93.57,H
UNITED SPIRITS LIMITED,1327,1320,H
SEC RE NCD 9.48% SR V,1000,950.2,H
RAJSHREE POLYPACK LTD,77.2,90.85,L
ATAL REALTECH LIMITED,6.9,7,L
MODERN THREADS INDIA LTD,49.8,50.7,L
CADSYS (INDIA) LIMITED,256.1,269.55,L
TAX FREE 7.39% SR. IIA,1085,1095,L
DOCMODE HEALTH TECH LTD,174.2,178.25,L
BOROSIL SCIENTIFIC LTD,148.9,156.7,L
SEC RE NCD 9% SR.IV,992.7,996.55,L
FUTURE SUPP CHAIN SOL LTD,3.83,4,L
BOHRA INDUSTRIES LIMITED,16.91,17.45,L
IRIS BUSINESS SERV LTD,210.35,214.65,L
SECUREKLOUD TECH LIMITED,35.96,36.7,L
KOTAK GOLD ETF,60.01,60.5,L
G-TEC JAINX EDUCATION LTD,69.2,70.55,L
DHRUV CONSULTANCY SER LTD,94.95,95.15,L
AURUM RS. 3.12 PPD UP,105,105.85,L
AEGIS LOGISTICS LIMITED,745.25,766.45,L
SEC RE NCD SR.V,1093.95,1100,L
SEC RE NCD 0% SR.IV,1030.2,1052,L
BOND 7.04% PA TAX FREE S2,1047,1089,L
COMPUAGE INFOCOM LTD,2.99,3.15,L
SEC RE NCD 11% SR V,1000.2,1026,L
BANKA BIOLOO LIMITED,81.78,83.45,L
BFAM - LIQUIDBETF,997.85,999.99,L
VIJI FINANCE LIMITED,2.45,2.5,L
MOKSH ORNAMENTS LIMITED,13.5,13.75,L
BODHI TREE MULTIMEDIA LTD,15.05,122,L
7.60% TAX FREE NCD,1185.01,1201.3,L
SEC RE NCD 0% SR.II,1010.2,1010.55,L

