SYMBOL,SYMBOL P/E,ADJUSTED P/E
EDELWEISS,12.35,12.35
RGL,13.76,13.76
COLPAL,60.89,60.25
ECLERX,22.21,22.16
BRIGADE,80.07,80.07
MANAKSIA,8.33,6.31
DVL,27.66,27.66
ARIES,16.68,16.68
CEATLTD,16.17,15.04
CORDSCABLE,31.29,31.29
ONMOBILE,49,49
SEPC,124.99,124.99
GSS,33.1,33.1
VGUARD,65.96,65.96
NESCO,17.17,17.17
TITAGARH,56.36,56.03
BAJAJFINSV,16.06,16.06
DIGISPICE,13.51,31.05
RBL,18.32,17.91
LOTUSEYE,40.28,40.66
UBL,133.28,133.28
ZFCVINDIA,79.14,79.14
JOCIL,94.79,94.79
ALKALI,103.38,86.11
TPHQ,19.4,19.4
HINDNATGLS,.95,.59
VINATIORGA,51.05,51.05
EXPLEOSOL,21.19,21.19
SUNTECK,105.05,105.05
JSWENERGY,64.05,64.05
HINDCOPPER,111.28,111.28
NESTLEIND,96.59,96.95
THANGAMAYL,29.6,29.6
UMESLTD,90.27,90.27
TI,37.45,36.67
BAJAJCON,23.35,23.35
ADFFOODS,33.17,33.17
KILITCH,38.57,38.57
CANTABIL,28.35,28.9
BEDMUTHA,37.72,37.72
SHAH,39.81,39.81
COALINDIA,9.21,9.21
JINDWORLD,88.92,88.92
MOIL,34.09,34.09
RKDL,,248.22
SUMMITSEC,19.69,19.69
HINDMOTORS,28.44,28.44
VADILALIND,21.85,21.85
RELAXO,101.86,101.86
ASHIANA,45.69,45.69
INVENTURE,18.25,15.12
LTF,18.1,18.1
BROOKS,132.64,132.64
PGEL,53.44,53.44
PAISALO,32.67,32.73
TRITURBINE,65.47,65.47
DSSL,28,28
JISLDVREQS,.73,.73
VIKASECO,98.17,98.17
KANANIIND,113.83,113.83
THOMASCOTT,24.29,24.29
IRFC,35.29,35.29
RHIM,,53.66
SCHNEIDER,103.55,101.58
TBZ,12.93,12.93
SPECIALITY,28.62,28.62
RTNINDIA,24.86,22.27
PROZONER,191.65,191.65
MAYURUNIQ,20.44,20.44
TVSHLTD,12.71,12.69
ZUARI,4.99,4.99
INDUSTOWER,15.5,15.5
IBULHSGFIN,6.47,6.47
MITCON,26.92,26.92
NATHBIOGEN,8.73,9.37
BUTTERFLY,174.94,142.98
GOCLCORP,40.4,42.23
SHARDACROP,116.19,116.19
CIGNITITEC,22.25,22.25
FCL,32.68,32.68
GULPOLY,66.47,66.47
GENUSPAPER,150.74,150.74
VISHNU,22.93,22.93
LINC,25.3,25.3
JMA,8.69,8.69
MANAKCOAT,43.69,43.69
LFIC,5.97,5.97
PRIVISCL,48.63,48.63
UFO,38.77,35.1
SKIPPER,44.47,44.47
SYNGENE,54.87,53.92
POWERMECH,31.59,31.59
SHREEPUSHK,14.98,14.98
IDFCFIRSTB,18.69,18.69
BALAXI,,16.18
NH,32.7,32.7
QUICKHEAL,100.72,100.72
NECCLTD,28.63,28.63
GOKULAGRO,17.48,17.48
HCG,124.23,133.53
WEALTH,21.09,21.09
SAGARDEEP,62.95,62.95
UNITEDPOLY,29.94,29.94
ALBERTDAVD,8.98,8.98
CONTROLPR,24.32,24.35
AJMERA,23.82,23.82
INDHOTEL,69.31,69.31
GILLETTE,63.23,63.23
GOLDENTOBC,10.83,12.28
ESABINDIA,53.27,53.27
GABRIEL,30.8,30.8
AARTIIND,55.23,55.23
PRAKASH,8.58,8.58
KSB,79.06,79.06
HEG,36.59,36.59
TIMKEN,79.47,79.47
SUDARSCHEM,15.34,48.92
IPCALAB,56.08,61.14
HINDALCO,15.06,15.08
AMBUJACEM,32.46,34
CGPOWER,116.34,119.19
BEL,52.5,52.5
GREENPLY,46.92,54.19
DALMIASUG,11.42,11.42
MRF,25.94,25.94
STARPAPER,5.43,5.31
JAYAGROGN,13.92,13.92
BIOFILCHEM,140.8,140.8
SANGAMIND,46.24,40.38
CREST,17.97,17.97
TVSSRICHAK,29.64,28.25
DYNAMATECH,42.98,82.31
ALKYLAMINE,67.57,67.57
HERITGFOOD,55.89,55.89
GAIL,16.27,16.85
TAJGVK,27.86,27.86
KRBL,10.81,10.81
AXISCADES,60.09,60.09
KHANDSE,260.95,260.95
LUPIN,38.38,38.38
BHARTIARTL,138.51,88.51
SURANAT&P,29.81,29.81
GENESYS,91.43,91.43
JSL,24.3,25.03
DREDGECORP,68.03,66.6
MUKANDLTD,21.62,21.62
POONAWALLA,21.83,31.96
DATAMATICS,16.46,16.46
APARINDS,39.21,39.21
COFORGE,43.35,43.82
GULFPETRO,11.39,11.39
KOTARISUG,16.5,16.5
PATELENG,16.8,22.23
JPPOWER,12.14,8.4
IIFL,9.97,9.97
CYBERMEDIA,10.87,8.28
MGL,10.69,10.69
COMPINFO,.81,.81
QUESS,31.01,28.42
SOMICONVEY,34.72,34.72
LLOYDSENGG,92.58,92.58
LTIM,32.15,32.15
DBL,31.79,347.62
NDGL,10.06,10.06
BIGBLOC,51.38,51.38
MBAPL,81.09,81.09
CUPID,35.37,35.37
MARATHON,17.43,17.43
MASKINVEST,1036.78,1036.78
SAKAR,60.27,60.27
PANSARI,29.77,29.77
ARTNIRMAN,130.93,130.93
MAZDA,17.3,17.3
VBL,89.22,89.22
JETFREIGHT,308.43,
TCIEXP,31.42,31.42
ITDC,80.56,80.48
LIBAS,9.12,9.12
MAHESHWARI,13.69,13.69
BHANDARI,19.51,19.51
MCL,83.16,83.16
PRICOLLTD,38.01,38.01
STEELCITY,12.05,12.05
KRISHANA,39.85,39.85
GLOBAL,12.71,12.71
SANGINITA,68.98,68.98
AKASH,316.62,316.62
RADIOCITY,81.07,81.07
AIRAN,26.01,26.01
LAXMICOT,,97.79
EIFFL,151.57,151.57
NRAIL,5.9,5.9
CREATIVE,20.67,20.67
FOCUS,27.46,27.46
SIKKO,38.83,38.83
PANACHE,,26.03
INFOBEAN,49.27,49.27
BHAGYANGR,7.69,7.69
TEJASNET,348.46,348.46
ACEINTEG,57.52,57.52
STEELXIND,136.31,136.31
AVADHSUGAR,8.57,8.57
TOTAL,113.31,113.31
OPTIEMUS,42.42,42.42
WEWIN,31.07,31.07
VAISHALI,210.69,210.69
SERVOTECH,157.59,157.59
APEX,50.05,50.05
CAPACITE,21.79,21.79
WORTH,10.56,10.56
AARVI,17.5,17.5
AIROLAM,27.83,27.83
RKEC,10.63,10.63
GATECHDVR,16.17,16.17
TIRUPATIFL,26.38,26.38
DPABHUSHAN,45.68,45.68
NAM-INDIA,34.66,34.66
KHADIM,92.53,92.53
VERTOZ,158.17,158.17
ICEMAKE,44.43,44.43
ONEPOINT,51.12,51.12
BCONCEPTS,72.74,72.74
SINTERCOM,313.68,313.68
HINDCON,39.84,39.84
UNIINFO,64.6,64.6
MACPOWER,58.3,58.3
SUNDARMHLD,31.18,31.18
URAVI,294.12,294.12
SANDHAR,29.64,30.38
KAPSTON,27.77,27.77
LEMONTREE,62.22,62.22
MMP,29,29
PIGL,14.89,14.89
BSHSL,93.69,93.69
GODHA,111.3,111.3
SOFTTECH,111.95,111.95
E2E,110.32,110.32
SIRCA,34.43,34.43
PRITI,19.34,19.34
ACCURACY,270.91,270.91
RITES,31.79,31.79
GANGAFORGE,194.19,198.42
REPL,22.65,22.65
HBSL,1.82,1.82
AVROIND,29.66,29.66
TEMBO,20.78,21.25
CREDITACC,16.54,16.54
AARON,43.28,43.28
SUMIT,21.4,21.4
LAGNAM,16.47,16.47
RPPL,31.74,31.74
AKG,50.29,50.29
IRCON,26.72,26.72
AHLADA,11.82,11.82
RAJMET,19.23,19.23
AAVAS,27.01,27.01
KSHITIJPOL,18.52,
GRSE,43.4,43.4
KRITIKA,51.59,51.59
SILGO,20.13,20.13
VINNY,29.53,29.53
BBTCL,29.94,29.94
MARINE,55.89,56.17
IRISDOREME,50.5,50.5
ATGL,165.6,165.6
UNIPARTS,18.41,18.41
SHRIRAMPPS,5.11,5.11
TREJHARA,13.6,48.94
AWHCL,12.45,12.45
RPSGVENT,10.89,10.89
MSTCLTD,28.2,28.2
OSIAHYPER,16.43,16.43
ANUP,33.92,33.92
ARVINDFASN,60.74,58.22
PAR,19.49,19.49
RVNL,53.14,53.14
POLYCAB,57.07,57.07
METROPOLIS,79.85,79.85
KPITTECH,69.77,69.77
NEOGEN,112.59,112.59
VIKASLIFE,61.23,35.41
EMAMIPAP,7.91,7.91
CONFIPET,23.79,23.79
PPL,11.36,11.36
DGCONTENT,23.5,23.5
INDIAMART,40.74,40.57
WEL,127.84,127.84
CHEMCON,46.12,46.12
WESTLIFE,184,184
HNDFDS,63.28,63.28
MAZDOCK,35.16,35.16
IRCTC,70.4,67.79
DCI,25.55,25.55
IIFLSEC,13.12,13.12
HPIL,108.59,108.59
FLUOROCHEM,75.07,75.07
GREENPANEL,25.52,25.52
CHEMBOND,15.49,15.49
MGEL,17.65,17.65
SBICARD,28.26,28.26
HOMEFIRST,24.77,24.77
CSBBANK,10.56,10.56
EASEMYTRIP,71.5,43.25
ROSSARI,29.2,29.2
PRINCEPIPE,39.39,42.79
LIKHITHA,21.52,21.52
PATANJALI,66.29,66.29
SUMICHEM,65.18,65.18
ASALCBR,22.95,22.95
UNIVPHOTO,11.95,11.95
BAFNAPH,27.51,27.51
SUVENPHAR,54.96,54.96
STOVEKRAFT,47.41,47.41
RAJRATAN,38.68,38.68
HAPPSTMNDS,51.59,53.74
GLAND,39.61,39.61
BOROLTD,51.54,51.54
MAXHEALTH,76.01,76.01
AAATECH,41.81,41.81
KALYANKJIL,70.45,70.45
BTML,55.28,55.27
SHAREINDIA,14.24,14.22
SIGACHI,36.79,36.79
ADL,1671.83,1671.83
NIRAJ,17.88,12.08
CAMS,47.77,47.77
SURYODAY,9.88,9.88
UTIAMC,15.24,15.24
BECTORFOOD,61.71,61.71
ORCHPHARMA,57.56,57.56
INDIGOPNTS,43.7,43.7
LXCHEM,55.2,55.2
MTARTECH,93.52,93.52
ANURAS,50.48,50.48
KANPRPLA,283.39,283.39
STYLAMIND,21,20.87
CLSEL,9.34,9.34
SHAILY,51.37,51.37
MODISONLTD,19.17,24.09
BCLIND,14.75,14.69
SBCL,38.12,38.12
SMCGLOBAL,9.82,9.82
ARIHANTCAP,10.09,10.09
NAZARA,69.35,68.72
GENCON,17.37,17.37
HLEGLAS,68,63.48
SONACOMS,75.26,74.31
DRCSYSTEMS,23.68,23.68
PARAS,117.21,117.21
DODLA,34.79,34.79
EXXARO,190.3,190.3
ROLEXRINGS,37.77,34.24
KIMS,45.26,45.26
CLEAN,57.48,57.48
ABSLAMC,21.27,21.27
ZOMATO,462.73,462.73
WINDLAS,23.73,23.73
CARTRADE,54.03,54.03
APTUS,25.95,25.95
SUPRIYA,24.4,24.4
VIJAYA,69.49,68.63
VINEETLAB,54.62,54.62
SANSERA,30.44,30.44
PRITIKAUTO,25.35,25.35
AAREYDRUGS,24.52,24.52
INTLCONV,8.1,8.1
HPAL,43.06,43.41
UGROCAP,21.78,21.78
YUKEN,91.68,91.68
SGIL,39.9,39.9
SJS,28.48,28.48
POLICYBZR,877.67,877.67
NYKAA,1109.8,1109.8
AWL,262.75,210.06
MONARCH,14.38,14.38
SAPPHIRE,181.76,181.76
PRUDENT,50.99,50.99
EPIGRAL,28.4,28.4
NUVOCO,81.18,81.18
GOCOLORS,67.99,67.99
TRACXN,138.64,138.64
CMSINFO,21.8,21.8
FUSION,9.2,9.2
COASTCORP,66.87,66.87
TARSONS,52.6,52.6
MEDPLUS,164.83,164.83
TEGA,56.13,56.13
RATEGAIN,59.24,59.24
MANORG,69.74,69.74
LATENTVIEW,66.77,66.77
METROBRAND,76.2,76.2
MICEL,17.51,19.57
PASUPTAC,25.14,25.14
FOODSIN,23.33,23.31
PARADEEP,56.12,56.12
MAPMYINDIA,79.24,79.24
TMB,6.98,6.98
KRITI,28.8,28.8
MANYAVAR,65.36,65.36
GANESHBE,17.7,17.68
GVPTECH,87.73,87.73
DMCC,67.99,67.99
MEDICAMEQ,65.62,65.62
EMIL,44.77,44.77
SHIVALIK,50.6,50.6
UMAEXPORTS,29.18,28.34
DATAPATTNS,81.14,81.14
MEDANTA,68.94,68.94
AHL,21.65,21.65
MALLCOM,17.56,17.56
ASIANENE,44.87,41.86
SMLT,19.76,19.76
NRL,75.24,75.24
RADIANTCMS,18.72,18.72
CHOICEIN,55.02,55.02
HARIOMPIPE,29.11,29.11
GRWRHITECH,23.66,23.66
DCMSRIND,15.92,15.92
RAJRILTD,281.95,281.95
EMUDHRA,84.71,84.71
DYCL,33.51,33.51
FIVESTAR,27.68,27.68
STARTECK,13.71,13.71
VIRINCHI,25.61,25.61
SBC,75.17,75.17
ELDEHSG,28.35,28.35
ELIN,56.8,56.8
SEJALLTD,102.24,102.24
MHLXMIRU,21.35,21.35
RELCHEMQ,49.71,49.71
GATEWAY,19.39,19.39
SYRMA,66.39,65.9
JTLIND,34.19,34.19
RAINBOW,60.84,60.84
VENUSPIPES,50.55,50.55
ROTO,34.5,34.5
INDOBORAX,13.23,13.23
LANDMARK,52.02,50.37
AVONMORE,24.21,24.21
DREAMFOLKS,36.62,36.62
DHARMAJ,19.59,19.59
OBCL,29.26,29.26
GMRP&UI,97.99,
ACI,23.71,23.71
BIKAJI,65.73,65.73
SADHNANIQ,376.66,376.66
CHEVIOT,13.13,13.13
HMAAGRO,26.21,26.21
KFINTECH,49.23,49.23
DCXINDIA,42.39,42.39
AKSHAR,23.01,23.01
NGLFINE,34.39,34.39
AXITA,25.91,25.91
TRU,57.74,57.74
TIPSFILMS,220.79,220.79
RAMRAT,29.52,29.52
CSLFINANCE,15.26,15.26
GENSOL,67.69,67.57
DBOL,17.94,17.94
SPORTKING,14.33,14.33
GRMOVER,14.37,14.37
SYNCOMF,44.56,44.53
SULA,47.27,47.27
BAIDFIN,18.39,18.39
KAMOPAINTS,78.84,78.84
SCPL,25.97,25.97
MANKIND,44.24,44.24
SATINDLTD,3.82,3.82
USK,10.53,10.53
MANOMAY,25.47,25.47
FAZE3Q,20.75,20.75
LLOYDSME,28.72,28.72
AARTIPHARM,25.17,25.17
SAHYADRI,15.54,15.54
SBGLP,76.99,76.99
HYBRIDFIN,16.54,16.06
SAH,261.14,261.14
AKI,146.07,146.07
IDEAFORGE,65.83,65.83
AARTECH,151.31,151.31
POCL,26.71,26.71
ASHOKAMET,11.78,11.78
PTCIL,374.05,374.05
GHCLTEXTIL,30.34,30.34
KIRLPNU,60.52,57.88
NIITMTS,28.05,27.55
TREL,4.08,38.46
ADANIPOWER,14.2,14.2
AMRUTANJAN,46.62,46.62
GODREJPROP,111.07,111.07
TRF,15.74,15.74
VASCONEQ,27.5,27.5
LGBBROSLTD,14.29,14.57
MANAPPURAM,6.89,6.89
BLISSGVS,13.5,6.36
UGARSUGAR,40.22,40.22
WELINV,97.16,97.16
CAREERP,12.25,12.25
RAMKY,11.15,11.15
WABAG,26.83,26.07
JWL,73.14,73.14
PRESTIGE,43.65,43.65
RESPONIND,52.59,52.59
GRAVITA,32.13,32.13
PENIND,23.23,23.23
KIRLOSENG,41.06,40.13
STEL,60.23,60.23
JUBLINDS,65.32,30.46
MUTHOOTFIN,15.93,15.93
OMINFRAL,24.03,24.03
DELPHIFX,13.32,13.32
DHANUKA,26.09,26.09
ELGIRUBCO,32.47,91.93
ORIENTCEM,26.21,26.21
ESSENTIA,23.65,23.73
ORBTEXP,15.36,15.36
CASTROLIND,21.97,21.97
HATSUN,87.12,87.12
SUPERHOUSE,19.59,19.59
PDSL,28.98,29.58
LAMBODHARA,33.53,33.53
GANECOS,73.27,73.27
IMAGICAA,7.7,130.96
VRLLOG,55.91,56.17
BCG,1.35,1.35
PNCINFRA,14.88,14.88
ADANIENSOL,95.17,85.44
RAMASTEEL,58.01,58.01
ARVSMART,60.3,60.3
LUXIND,34.64,34.64
LINCOLN,12.92,12.92
PRECAM,46.24,71.68
BHAGERIA,37.9,37.9
KDDL,23.36,23.41
HECPROJECT,18.37,18.37
THYROCARE,47.24,47.13
ARMANFIN,13.53,13.53
SALONA,24.33,24.33
INCREDIBLE,32.91,32.91
ARIHANTSUP,19.86,19.86
SHANKARA,20.66,20.66
WIPL,40.83,40.83
DEVIT,27.17,27.17
SCHAND,16.03,16.03
GLOBE,15.4,15.4
AUBANK,32.39,31.12
MAGADSUGAR,8.19,8.19
SMSLIFE,36.14,36.14
GEEKAYWIRE,12.23,12.23
ABCAPITAL,19.24,19.24
CHOLAHLDNG,5.86,5.86
DPWIRES,28.31,28.31
DIAMONDYD,38.68,38.12
JASH,42.13,42.13
GODREJAGRO,35.08,35.08
IEX,42.89,42.89
TIINDIA,64.16,64.17
SECURCRED,11.79,11.79
5PAISA,30.26,30.26
SILVERTUC,61.32,61.32
SHRADHA,9.07,9.07
TOUCHWOOD,47.51,47.52
AJOONI,45.4,45.4
SILLYMONKS,151.03,151.03
AMBER,88.94,88.94
SOUTHWEST,39.3,41.72
ARVEE,250.62,250.62
HGINFRA,18.53,18.94
SARVESHWAR,49.86,49.86
BDL,85.61,85.61
HAL,41.79,41.79
MITTAL,27.82,86.04
ISEC,13.7,13.7
AVG,21.32,35.39
CHEMFAB,31.07,31.07
AAKASH,18.69,18.69
ORIENTELEC,67.51,83.93
SVLL,80.45,80.45
SONAMLTD,28.45,28.45
OAL,130.76,130.76
SATIA,5.32,5.32
AFFLE,56.66,56.66
SPANDANA,11.1,11.1
UJJIVANSFB,7.48,7.48
SAFARI,55.52,55.52
360ONE,35.93,35.93
VISHWARAJ,22.34,22.34
KUANTUM,7.19,7.19
APOLLOPIPE,63.52,63.52
ROUTE,24.14,25.04
SIGMA,21.25,21.25
EQUITASBNK,13.82,13.82
HINDWAREAP,74.52,74.52
ARTEMISMED,48.82,48.82
ATALREAL,24.51,24.51
MAHEPC,225.56,175.21
POWERINDIA,271.42,271.42
KSOLVES,37.89,37.89
AARTISURF,26.24,26.24
NDRAUTO,30.65,30.65
PAVNAIND,56.63,56.63
UNIDT,46.41,46.41
ANGELONE,20.72,20.72
ROML,47.17,47.17
RAILTEL,49.36,51.3
HERANBA,34.7,34.7
FAIRCHEMOR,40.44,40.44
ISGEC,33.14,33.14
PAKKA,21.59,21.59
CARYSIL,37.44,37.44
FIBERWEB,15.94,15.94
BHAGCHEM,136,136
IPL,48.97,48.97
LODHA,90.98,85.68
UTKARSHBNK,11.52,11.52
CRAFTSMAN,27.45,27.45
JUBLINGREA,43.66,43.66
SHYAMMETL,16.42,16.42
TATVA,79.15,79.15
GLS,22.58,22.58
DEEPINDS,14.66,14.82
PIXTRANS,21.36,21.36
KRSNAA,33.51,33.51
DEVYANI,,547.72
ANMOL,9.57,9.57
AMIORG,104.2,47.05
BAJAJHCARE,,27.21
GRINFRA,11.23,13.99
STEELCAS,17.08,17.08
KPIGREEN,68.18,68.09
ANANDRATHI,72.36,72.36
FINOPB,26.49,26.49
ZIMLAB,28.93,28.93
CAMPUS,98.43,98.43
AETHER,130.41,69.3
MEGASTAR,44.73,44.73
RACE,343.09,343.09
ETHOSLTD,109.79,109.79
MSUMI,47.03,47.03
HARSHA,41.93,41.93
INDOAMIN,19.81,19.81
INOXGREEN,136.35,136.35
RITCO,18.95,18.95
HARDWYN,98.5,98.5
MEDICO,38.03,38.03
YATHARTH,31.08,31.08
KAYNES,116.2,116.2
SENCO,39.48,39.48
RADHIKAJWE,14.31,14.31
SPLPETRO,38.25,38.25
RUSTOMJEE,108.24,108.24
GSLSU,45.28,45.28
MANORAMA,92.74,92.74
DJML,73.29,73.29
KRITINUT,11.51,11.51
AVALON,115.37,115.37
SUKHJITS,13.77,13.77
SKYGOLD,41.43,41.43
DIVGIITTS,55.73,55.73
IKIO,34.87,34.87
RHL,66.43,66.43
NINSYS,58.22,58.22
ASMS,417.45,272.21
CYIENTDLM,85.95,85.95
ATAM,41.2,41.2
LAL,48.65,48.65
REDTAPE,83.28,83.28
NETWEB,185.25,185.25
ATL,39.85,39.85
SINDHUTRAD,49.9,49.89
PFIZER,40.88,41.38
DRREDDY,18.18,18.18
DEEPAKFERT,15.98,15.98
MAHSEAMLES,9.01,8.98
COROMANDEL,24.59,24.59
VINDHYATEL,23.56,23.56
ASIANPAINT,51.77,51.77
PGHL,38.58,38.58
BEML,58.75,58.75
TATACHEM,70.62,21.45
VTL,23.08,23.08
EPL,28.07,26.53
VIPIND,126.51,200.38
BIRLACABLE,32.53,32.53
HONAUT,92.25,92.25
PRECOT,28.36,45.11
SHREYANIND,3.64,3.64
HCC,12.96,
IVP,13.69,13.69
EICHERMOT,36.72,36.72
ZENSARTECH,22.94,22.94
ANIKINDS,447.52,447.52
BLUEDART,58.23,58.23
HSCL,41.06,41.06
ARENTERP,17.97,17.97
SUBROS,40.63,40.63
WIPRO,22.75,22.75
TATACOMM,54.41,59.94
SANOFI,40.15,38.86
KAJARIACER,45.65,45.63
PRSMJOHNSN,55.58,
EIHAHOTELS,27.14,27.14
STYRENIX,19.72,19.72
IDBI,15.96,15.96
ELECTCAST,13.2,13.2
THERMAX,96.69,106.88
RIIL,178.63,178.63
RAYMOND,25.32,24.11
SHREDIGCEM,17.87,17.87
SESHAPAPER,8.17,8.17
SUNDRMFAST,50.13,50.13
CRISIL,45.73,45.73
PEL,,31.31
MASTEK,27.69,27.47
TRENT,130.35,211.52
CUMMINSIND,67.76,67.7
JBCHEPHARM,50.54,50.54
INDIAGLYCO,17.23,17.23
IONEXCHANG,37.92,37.92
HIMATSEIDE,11.18,11.18
GFLLIMITED,288.48,288.48
BHARATFORG,81.46,80.84
ATUL,54.76,54.76
TATAMOTORS,10.37,10.13
MRPL,10.05,10.03
ESCORTS,42.67,42.67
BAJAJHLDNG,66.14,66.14
ZUARIIND,1.32,
VOLTAS,124.19,124.19
TATASTEEL,,67.61
VEDL,22.73,34.06
RELIANCE,25.3,25.3
BATAINDIA,71.77,65.6
CARBORUNIV,71.38,71.38
DICIND,,98.66
MOTOGENFIN,109.77,109.77
RAMCOCEM,49.94,49.94
CENTURYTEX,106.5,40.23
TORNTPHARM,58.14,60.83
FEDERALBNK,10.26,10.26
SRF,51.32,51.32
AEGISLOG,40.62,40.62
WEIZMANIND,19.13,19.13
BBOX,30.74,24.58
JTEKTINDIA,40.88,43.14
ARE&M,28.4,28.4
ADANIENT,108.59,101.23
GET&D,167.47,167.47
BANARISUG,19.17,19.17
KPIL,39.81,39.81
BSL,16.28,16.28
JAYNECOIND,22.47,20.62
RCF,37.41,44.52
WSI,14.27,14.11
SUNFLAG,26.3,26.3
SIEMENS,104.81,104.81
VSTIND,21.6,21.6
JUBLPHARMA,112.42,77.24
SOMANYCERA,29.94,29.86
HLVLTD,70.91,70.91
LIBERTSHOE,52.77,40.15
KABRAEXTRU,45.13,45.13
MANGLMCEM,39.63,39.63
POLYPLEX,29.39,29.39
PCBL,18.12,18.12
HONDAPOWER,28.3,29.51
RUBYMILLS,15.21,15.21
BRITANNIA,61.57,61.51
DCMSHRIRAM,34.48,34.48
COSMOFIRST,25.11,25.11
HDFCBANK,18.39,18.28
GMBREW,9.52,9.52
ITC,26.46,26.45
IOC,5.57,5.57
OSWALGREEN,135.02,135.02
HUHTAMAKI,6.17,24.11
RICOAUTO,43.69,41.76
MANINDS,22.05,22.05
SIYSIL,10.96,10.96
ONWARDTEC,26.87,26.87
NCC,27.7,26.95
ELGIEQUIP,61.95,61.95
BBTC,5.78,5.59
BEPL,18.69,18.69
BANARBEADS,21.89,21.89
WSTCSTPAPR,4.99,4.99
S&SPOWER,31.89,31.89
PRUDMOULI,12.32,11.46
PRAJIND,38.29,38.29
EVERESTIND,95.67,141.24
TFCILTD,17.62,17.62
AGI,17.8,17.8
TATACONSUM,83.17,71.75
ZEEL,75.45,266.67
KOTAKBANK,19.39,19.39
JAYSREETEA,23.05,
FOSECOIND,29.99,34.47
ANDHRAPAP,5.94,5.94
SCHAEFFLER,72.19,71.92
AMJLAND,14.61,14.61
GODFRYPHLP,27.62,27.62
SHREECEM,39.27,39.27
AKZOINDIA,28.37,28.37
HINDUNILVR,58.88,58.91
FINPIPE,49.92,49.92
DCM,24.37,24.37
HEUBACHIND,21.53,21.53
PVP,9.7,
NAVA,6.81,7.43
CORALFINAC,8.86,8.86
PEARLPOLY,89.44,89.44
SWARAJENG,22.2,22.2
TNPETRO,15.06,12.07
SKFINDIA,55.33,55.33
MARICO,56.27,56.27
SUNDRMBRAK,28.71,28.71
MOTHERSON,38.17,37.03
STERTOOLS,23.94,24.06
WENDT,78.46,78.46
SHRIRAMFIN,12.7,12.7
MIRZAINT,49.54,49.54
GUJAPOLLO,24.48,24.48
GUJRAFFIA,44.47,44.47
KOTHARIPET,12.22,12.17
INDNIPPON,25.77,25.77
BANKINDIA,8.63,8.63
KCPSUGIND,6.81,7.65
FDC,23.64,23.64
ADROITINFO,13.24,13.24
INDUSINDBK,12.94,12.94
TRIGYN,18.66,18.66
KOTHARIPRO,18.83,18.83
ITDCEM,29.06,29.06
SONATSOFTW,53.27,4.57
CYBERTECH,21.08,21.08
DHANBANK,18.07,18.07
STCINDIA,15.92,17.11
RSSOFTWARE,26.23,26.23
IVC,30.24,30.24
ALEMBICLTD,27.9,27.9
BSOFT,30.02,30.02
STAR,298.64,34.84
ZYDUSLIFE,27.73,27.67
RAJESHEXPO,24.6,24.6
NRBBEARING,12.62,34.31
BLBLIMITED,37.27,37.27
BLUESTARCO,77.8,77.8
TVSMOTOR,62.78,62.78
NLCINDIA,16.42,16.42
USHAMART,26.88,26.88
MRO-TEK,45.87,45.87
TRIDENT,53.95,53.97
ACLGATI,200.91,
SMARTLINK,38.15,38.15
JISLJALEQS,49.74,49.74
UNITDSPR,67.54,67.05
ASAL,68.87,68.87
PNB,16.54,16.54
OFSS,32.84,32.84
CANBK,6.76,6.76
DIVISLAB,75.06,75.06
BAGFILMS,21.1,21.1
WELSPUNLIV,19.83,19.83
IGL,19.9,19.9
UNIENTER,28.77,28.77
PTC,11.59,11.34
MAHABANK,11.64,11.64
EXCELINDUS,76.73,76.73
ULTRACEMCO,43.26,42.93
TEXINFRA,397.3,397.3
WELENT,18.17,18.17
DWARKESH,15.8,15.8
SUPRAJIT,39.45,39.45
CONSOFINVT,14.01,14.01
EVEREADY,58.3,58.3
SSWL,5.05,14.54
PRIMESECU,36.05,36.05
GENUSPOWER,91.52,91.52
NECLIFE,141.21,141.21
IMPAL,16.76,16.76
AURIONPRO,42.52,42.52
AIAENG,30.96,30.98
ORIENTCER,29.94,35.31
VIMTALABS,26.32,26.32
NITINSPIN,14.32,14.32
ENIL,28.31,29.24
GVKPIL,7.27,7.27
KEC,56.96,56.96
BLKASHYAP,35.6,35.6
SOLARINDS,96.29,96.29
SUNTV,14.82,14.82
EMKAY,12.89,12.89
BALPHARMA,24.38,24.38
RATNAMANI,38.46,38.46
EMAMILTD,43.31,43.02
TECHM,56.36,56.43
ANANTRAJ,50.51,50.51
GEECEE,18.65,18.65
JMFINANCIL,277.27,7.61
INSPIRISYS,38.71,38.71
TORNTPOWER,37.97,37.97
VENUSREM,15.15,15.15
NFL,78.32,78.32
PARACABLES,27.26,27.26
SARLAPOLY,22.06,22.06
GANDHITUBE,17.92,17.92
IZMO,17.28,17.28
PGIL,16.67,16.62
THEMISMED,77.82,77.82
NDLVENTURE,191.49,191.49
ALPHAGEO,216.35,31.79
HILTON,38.78,38.78
NAVINFLUOR,61,73.62
HGS,28.94,28.94
DLF,128.05,128.05
MEGASOFT,66.62,66.62
ALPA,10.41,10.44
KPRMILL,35.58,35.58
CIEINDIA,25.98,25.98
INDOWIND,33,28.84
CENTUM,,357.61
MANGCHEFER,8.65,8.65
DELTACORP,12.89,15.33
BVCL,16.43,16.43
KIRLOSBROS,42.03,42.62
KSL,19.58,19.58
KIRLOSIND,16.87,15.22
IMFA,10.67,10.67
AHLEAST,7.79,10.18
GPPL,27.78,25.38
DEEPAKNTR,38.39,41.49
SASTASUNDR,10.43,10.43
GREENPOWER,50.57,58.99
ASHOKA,10.16,11.73
OBEROIRLTY,35.82,35.82
CGCL,47.64,47.64
IOLCP,16.02,16.02
RPPINFRA,7.67,7.67
JAMNAAUTO,23.96,23.96
A2ZINFRA,13.05,
PSB,68.7,68.7
KICL,39.01,62.91
TEXRAIL,76.57,76.57
DHUNINV,10.65,10.65
PFS,15.86,15.86
SYMPHONY,53.62,53.19
VSTTILLERS,26.58,26.58
KARMAENG,610.53,610.53
MAITHANALL,9.69,9.69
BODALCHEM,140.68,140.68
ASAHISONG,28.88,
FILATEX,21.6,21.6
TDPOWERSYS,44.09,44.09
APLLTD,29.19,29.19
PANAMAPET,11.83,11.83
SHAKTIPUMP,35.65,35.65
INDOTHAI,20.28,20.28
POLYMED,68.18,68.33
RUPA,28.48,27.4
APLAPOLLO,61.57,61.57
MINDACORP,48.2,48.2
DBSTOCKBRO,17.72,17.72
COMPUSOFT,39.83,39.83
NDL,14.44,14.44
NBCC,62.61,47.42
HEXATRADEX,8.97,8.97
VSSL,27.2,27.2
SWANENERGY,31.49,31.49
KITEX,24.2,24.2
ROSSELLIND,130.95,129.87
VETO,12.9,12.9
CARERATING,30.17,30.17
REPCOHOME,7.85,7.85
JUSTDIAL,22.58,22.58
JPOLYINVST,24.81,24.81
AGRITECH,11.52,11.52
SDBL,28.37,28.37
AGARIND,12.53,12.53
CAPLIPOINT,22.48,22.48
SNOWMAN,90.2,90.2
INTELLECT,41.01,40.81
GOODLUCK,20.94,20.94
GRPLTD,62.28,57.23
GREENLAM,54.59,54.59
HESTERBIO,95.65,95.65
MANAKALUCO,34.99,34.99
ZENTEC,62.78,63.71
AVANTIFEED,21.3,21.3
TPLPLASTEH,33.62,33.62
ARROWGREEN,31.17,31.17
ALANKIT,26.58,26.58
SHYAMCENT,522.69,522.69
AYMSYNTEX,231.72,53.93
PKTEA,17.97,17.97
SATIN,6.03,6.03
SHARDAMOTR,16.13,16.13
GUJGASLTD,35.51,36.94
COFFEEDAY,,6.63
SHK,22.16,22.16
TTKHLTCARE,32.62,32.62
SALZERELEC,28.75,28.75
PILANIINVS,28.17,28.17
LALPATHLAB,64.48,64.48
OCCL,13.15,13.15
TEAMLEASE,43.29,44.59
VIDHIING,64.4,64.4
KELLTONTEC,14.91,14.91
PDMJEPAPER,9.28,9.28
INFIBEAM,54.41,54.41
CROMPTON,57.85,57.85
SHRIPISTON,19.77,19.77
BLS,40.23,40.23
PREMEXPLN,97.76,97.76
MAHASTEEL,34.47,42.37
GSFC,15.05,15.05
EIDPARRY,7.61,7.61
BIRLACORPN,27.03,27.45
ASHAPURMIN,14.03,21.68
AUTOAXLES,18.19,18.19
KHAITANLTD,25.93,25.93
ANDHRSUGAR,26.86,25.71
AUSOMENT,15.43,15.43
SILINV,17.76,17.76
ZENITHEXPO,380.8,380.8
VISAKAIND,1061.08,1061.08
HITECHGEAR,16.12,44.9
PUNJABCHEM,24.79,24.79
MMFL,21.24,21.4
SKIL,.14,6.84
RUCHINFRA,19.75,44.19
HUDCO,23.51,23.51
CHENNPETRO,5.24,5.24
GAEL,20.25,20.25
TIPSINDLTD,44.69,44.69
MARKSANS,22.49,22.49
GODREJCP,,77.91
TCI,25.42,25.22
PONNIERODE,8.03,8.03
UNIONBANK,8.15,8.15
GODREJIND,42.3,42.3
UCOBANK,41.17,41.17
JAIBALAJI,17.34,17.34
UPL,,19.81
VAIBHAVGBL,41.42,39.64
NIITLTD,34.85,34.64
ASTRAMICRO,70.18,70.18
INDOCO,30.51,32.52
JSWSTEEL,24.39,25.73
GOKEX,45.03,45.03
SHOPERSTOP,106.49,98.25
DAMODARIND,19.74,19.74
MOLDTECH,26.22,26.22
POKARNA,23.06,23.06
GPTINFRA,25.97,25.97
JKPAPER,6.07,6.07
GRANULES,28.63,28.63
VHL,257.25,30.29
YESBANK,56.43,56.43
SPLIL,14.61,14.6
RML,450.8,12.44
FCSSOFT,,74.66
ALICON,13.89,13.89
FIEMIND,20.65,20.65
GLOBALVECT,222.79,222.79
LTFOODS,15.48,15.48
SOBHA,402.84,402.9
JINDRILL,16.04,16.04
PLASTIBLEN,19.09,19.09
WANBURY,8.61,15.85
UNOMINDA,74.83,76.72
CTE,28.84,28.84
REDINGTON,13.18,13.18
INDIANB,8.86,8.86
JKTYRE,13.14,12.83
NCLIND,10.86,10.86
PHOENIXLTD,43.47,43.47
ZENITHSTL,15.44,15.44
TIMETECHNO,20.18,20.18
ISMTLTD,22.27,20.78
MAGNUM,13.23,18.28
RELIGARE,20.97,44.08
MINDTECK,26.58,26.58
ADVENZYMES,29.64,27.6
SPAL,16.1,16.1
RBLBANK,12.09,12.09
LTTS,38.86,38.86
GNA,16.98,16.98
HPL,66.37,66.37
ENDURANCE,50.03,50.03
PNBHOUSING,12.86,12.86
KINGFA,19.17,19.17
PODDARMENT,14.25,14.25
NBIFIN,56.08,56.08
SFL,45.86,56.66
LAURUSLABS,140.26,140.26
TERASOFT,27.33,24
HISARMETAL,15.75,15.75
SPCENET,139.32,139.32
CAPTRUST,86.79,86.79
BSE,51.88,106.44
JITFINFRA,22.17,26.83
DMART,121.83,121.83
TASTYBITE,65.64,65.64
URJA,390.86,390.86
STARCEMENT,30.61,30.61
ERIS,34.07,34.07
GTPL,17.38,17.38
SALASAR,59.94,59.94
GANGESSECU,41.82,41.82
COCHINSHIP,64.23,64.23
DIXON,163.83,163.83
MATRIMONY,28.31,28.31
TCPLPACK,18.81,18.81
MASFIN,18.98,18.98
IFGLEXPOR,25.8,25.8
DNAMEDIA,.4,
SHALBY,35.16,35.16
APOLLO,102.8,102.8
NEWGEN,52.93,52.93
GALAXYSURF,30.23,30.23
ASTERDM,63.94,
GMMPFAUDLR,31.13,31.13
BANDHANBNK,20.99,20.99
MIDHANI,85.25,85.25
INDOSTAR,25.38,25.38
ADANIGREEN,304.12,243.87
FINEORG,33.19,33.15
VARROC,17.52,17.52
HDFCAMC,42.01,42.01
SIGIND,17.87,17.87
TECHNOE,48.86,48.86
DALBHARAT,39.75,39.75
CHALET,64.4,64.4
GKWLIMITED,100.82,100.82
OIL,10.23,10.27
DEN,11.04,11.04
SHILPAMED,143.56,159.41
DLINKINDIA,16.94,16.94
BEARDSELL,18.45,18.45
UNITEDTEA,10.77,10.77
DBREALTY,8.03,8.54
MANINFRA,25.45,25.45
ISFT,20.08,20.08
SJVN,57.76,62.13
HMVL,75.24,75.24
IITL,5.14,7.2
HFCL,41.77,41.77
LOVABLE,31.14,31.14
PIIND,33.07,33.07
RUSHIL,19.42,19.42
ATULAUTO,212.53,212.53
PILITA,61.55,61.55
SREEL,23.77,23.77
WONDERLA,31.53,31.53
GULFOILLUB,15.4,15.4
MONTECARLO,19.83,19.83
APOLSINHOT,36.79,36.79
MOLDTKPAC,38.44,38.44
MENONBE,9.36,9.36
BYKE,63.33,63.33
NILAINFRA,36.21,36.21
ORICONENT,28.25,23.75
MUTHOOTCAP,3.89,92.43
NAVKARCORP,250.16,250.16
INDIGO,20.65,20.65
UMANGDAIRY,146.98,146.98
ALKEM,32.71,31.07
HITECH,43.22,43.22
BHARATWIRE,19.03,19.03
PARAGMILK,24.08,24.08
ASPINWALL,19.81,19.81
INTENTECH,18.62,18.62
CLEDUCATE,24.85,26.55
DOLLAR,34.15,33.93
PSPPROJECT,21.32,21.32
CDSL,51.72,51.72
DYNPRO,93.08,93.08
THEINVEST,50.44,50.44
SIS,37.49,37.49
SUNPHARMA,37.47,35.92
APOLLOHOSP,94.31,94.43
NEULANDLAB,26.9,26.9
BERGEPAINT,49.61,49.78
IGARASHI,158.95,158.95
MUNJALSHOW,20.35,19.14
RANASUG,12,12
UFLEX,,10.63
ADVANIHOTR,25.91,25.91
UNIVCABLES,68.63,68.63
MURUDCERA,53.73,53.73
PIDILITIND,90.71,88.19
SAIL,24.01,19
CANFINHOME,13.73,13.73
DABUR,59.97,59.97
PENINLAND,14.92,21.05
WHEELS,33.49,33.49
PREMIERPOL,20.22,20.22
SMLISUZU,28.45,28.45
ADANIPORTS,36.03,34.66
KAUSHALYA,2.33,2.33
JYOTHYLAB,44.66,44.66
KALYANIFRG,34.42,34.42
HITECHCORP,16.38,16.38
TRIL,228.01,228.01
PATINTLOG,24.26,24.26
AMBIKCO,14.42,14.42
BIRLAMONEY,16.61,16.61
JKIL,18.34,18.34
KNRCON,14.31,14.31
HERCULES,41.99,41.99
IRB,50.41,50.41
NMDC,13.6,13.1
NAHARCAP,11.9,11.9
RECLTD,9.25,9.25
DPSCLTD,99.81,99.81
BAJAJ-AUTO,36.49,36.49
RPGLIFE,27.87,27.87
ALMONDZ,12.02,31.56
RANEENGINE,24.94,18.64
ARCHIDPLY,30.28,30.28
VINYLINDIA,30.41,30.41
20MICRONS,11.07,10.85
TATAMTRDVR,1.06,1.04
COUNCODOS,28.86,28.86
MAWANASUG,10.64,10.64
MHRIL,69.72,69.72
EXCEL,91.84,91.84
NHPC,25.76,25.76
GLOBUSSPR,22.19,22.19
RTNPOWER,1.09,
ZYDUSWELL,44.86,42.59
SARDAEN,15.29,15.23
REFEX,18.89,18.87
AHLUCONT,20.92,33.6
DBCORP,12.42,12.42
MMTC,154.28,218.86
WHIRLPOOL,91.69,86.38
JUBLFOOD,88.9,151.69
EMMBI,17.96,17.96
HATHWAY,58.23,58.21
TEXMOPIPES,48.27,15.88
PERSISTENT,54.24,54.24
JYOTISTRUC,73.12,73.12
APCOTEXIND,39.33,39.33
SOTL,17.37,17.37
KARURVYSYA,10.03,10.03
DECCANCE,23.35,17.62
TATAPOWER,45.68,49.37
THOMASCOOK,37.63,37.63
BHARATRAS,53.1,53.1
TOKYOPLAST,105.77,105.77
IFCI,62.71,63.22
M&M,31.87,31.87
HEIDELBERG,28.88,28.88
3PLAND,30.17,30.17
OSWALAGRO,342.94,339.55
JINDALSAW,11.15,11.15
ABB,116.97,116.97
GRAPHITE,13.75,602.99
BBL,38.67,38.67
DHAMPURSUG,10.83,10.83
CIPLA,29.09,28.07
HEROMOTOCO,28.89,28
HARRMALAYA,,1128.16
GIPCL,15.89,15.89
INDIANHUME,22.85,22.85
HINDCOMPOS,17.8,17.8
KAMATHOTEL,13.16,44.23
BANCOINDIA,16.07,16.07
APOLLOTYRE,17.89,17.26
SHANTIGEAR,50.13,50.13
PRECWIRE,31.22,31.22
NILKAMAL,24.88,24.88
ICIL,20.8,20.8
SEAMECLTD,22.95,22.95
AUROPHARMA,23.27,22.51
EIHOTEL,42.61,42.15
LICHSGFIN,7.65,7.65
GICHSGFIN,7.66,7.66
MOREPENLAB,25.42,25.42
21STCENMGM,1.65,1.65
VENKEYS,31.97,31.97
GHCL,5.97,7.83
HIL,53.97,1009.74
BPL,34.66,34.66
PGHH,73.36,73.36
VESUVIUS,45.32,45.32
BOMDYEING,1.17,
NAVNETEDUL,16.93,18.45
GLAXO,72,64.28
CHOLAFIN,32.95,32.95
FMGOETZE,16.39,16.39
ORIENTHOT,50.01,50.01
KANSAINER,19.11,33.69
3MINDIA,65.17,65.17
RALLIS,37.04,37.22
MFSL,82.36,82.36
KOPRAN,22.55,22.55
GREAVESCOT,,231.59
SURYAROSNI,18.9,18.9
TATAINVEST,101.76,101.76
SAKHTISUG,3.42,
INGERRAND,65.22,65.22
HINDZINC,37.47,37.47
GRASIM,15.93,15.31
FINCABLES,36.58,42.9
DCW,99.05,93.39
CESC,13.47,16.41
BAJFINANCE,30.82,30.82
TNPL,8.4,8.4
REMSONSIND,45.29,44.41
NATCOPHARM,13.97,13.97
GARFIBRES,38.74,38.74
TTKPRESTIG,44.61,44.61
EIMCOELECO,29.82,29.82
CUBEXTUB,32.12,32.12
SAMBHAAV,62.22,82.35
KEYFINSERV,5.54,5.54
SOMATEX,5.29,
AARTIDRUGS,27.42,27.42
INDIANCARD,19.17,
DENORA,42.82,42.82
ELECTHERM,2.82,2.82
GANESHHOUC,17.16,17.16
JAGSNPHARM,39.44,39.44
MPHASIS,30.05,30.05
RAMCOIND,29.24,29.24
INDRAMEDCO,17.88,17.88
BANKBARODA,7.61,7.61
MADRASFERT,268.16,26.68
SKMEGGPROD,7.71,7.71
CONCOR,52.16,52.16
ICICIBANK,17.53,17.53
INDSWFTLAB,2.2,9.47
SAREGAMA,53.98,53.98
ENGINERSIN,36.27,36.27
JAICORPLTD,101.01,101.01
GMDCLTD,19.64,19.64
MAHAPEXLTD,.51,33.4
ASAHIINDIA,46.16,46.16
J&KBANK,7.54,7.54
CUB,10.73,10.73
SOUTHBANK,6.75,6.75
ASTRAZEN,96.83,104.36
AXISBANK,13.88,13.88
CYIENT,30.37,28.4
KOKUYOCMLN,32.78,32.78
GOACARBON,8.3,8.3
SANGHVIMOV,25.86,25.86
NATIONALUM,16.52,19.55
JINDALSTEL,17.63,17.63
NIPPOBATRY,29.16,29.16
HCLTECH,24.73,24.73
ACCELYA,26.42,26.48
IOB,47.72,47.72
BIL,41.54,41.54
KTKBANK,6.31,6.31
AJANTPHARM,37.35,37.35
CALSOFT,46.23,46.23
PNBGILTS,27.7,30.08
PNC,36.51,36.51
REPRO,79.89,79.89
HAVELLS,91.5,91.5
BALAJITELE,35.91,35.91
HIKAL,51.67,51.67
MPSLTD,28.63,28.63
OLECTRA,181.62,197.91
APTECHT,44.07,37.88
TIMESGTY,55.65,55.65
NUCLEUS,17.37,17.37
OMAXAUTO,25.01,
RADICO,89.84,89.84
MARUTI,30.53,30.53
VARDHACRLC,24.94,24.94
NSIL,32.01,32.01
TVSELECT,2140.99,2140.99
TVTODAY,23.43,22.13
PETRONET,12.55,12.74
BIOCON,29.19,29.09
XPROINDIA,50.63,48.61
RKFORGE,37.67,37.65
CCL,32.19,32.19
LT,31.19,31.33
CENTEXT,21.15,21.49
TCS,30.56,30.09
GUFICBIO,36.67,36.67
INDSWFTLTD,7.9,7.9
NTPC,17.75,17.75
JBMA,130.38,130.38
XCHANGING,94.45,94.45
JINDALPHOT,46.75,46.75
SAKSOFT,28.59,28.59
ALLSEC,26.17,26.17
WELCORP,16.02,16.02
SURYALAXMI,35.63,20.9
63MOONS,7.4,7.4
JSWHL,62.64,62.64
GEOJITFSL,16.5,16.5
MSPL,65.69,53.67
IDFC,568.57,568.57
GOLDIAM,19.61,19.61
SASKEN,27.46,27.46
SUZLON,102.8,95.08
TRIVENI,18.52,18.52
NAHARINDUS,55.74,46.11
EKC,14.58,14.3
CELEBRITY,55.61,56.87
ROHLTD,20.67,20.67
GSPL,7.31,7.46
JAGRAN,11.89,11.89
SAKUMA,23.84,23.84
JKCEMENT,40.67,40.56
INDOTECH,36.34,36.34
M&MFIN,18.49,18.49
CENTURYPLY,47.06,47.06
KEI,65.58,65.56
VAKRANGEE,580.59,631.6
GALLANTT,29.85,29.85
UTTAMSUGAR,9.41,9.41
KKCL,27.54,27.54
GPIL,14.37,14.58
RSYSTEMS,41.93,41.93
LOKESHMACH,53.37,53.37
SWELECTES,29.9,63.14
KAMDHENU,28.2,28.2
PIONEEREMB,38.08,38.08
JKLAKSHMI,19.17,19.42
ALLCARGO,43.88,57.71
MUNJALAU,22.02,15.27
GRINDWELL,75.23,75.18
VOLTAMP,51.21,51.21
SELAN,30.04,30.04
ACE,53.06,53.06
HOVS,30.01,30.01
TALBROAUTO,19.86,28.73
DCBBANK,7.71,7.71
NAUKRI,111.1,103.53
GESHIP,6.32,6.32
MANALIPETC,73.46,64.67
DONEAR,15.96,15.96
RUCHIRA,7.57,7.57
HIRECT,91.76,65.56
TANLA,22.33,22.33
AVTNPL,23.99,23.99
TIDEWATER,23.95,23.95
PTL,23.35,23.35
AUTOIND,29.48,29.56
ORIENTBELL,6294.45,6294.45
TTL,48.09,48.09
FSL,26.67,26.67
SMSPHARMA,34.46,34.46
LAOPALA,27.08,27.08
ASTRAL,106.27,106.27
BALAMINES,30.04,30.04
ICRA,34.81,34.81
AROGRANITE,37.6,37.6
BFUTILITIE,13.95,13.95
FORTIS,55.32,56.41
KMSUGAR,12.67,12.67
NAGREEKEXP,15.81,15.81
V2RETAIL,69.77,69.77
CENTRALBK,21.84,21.84
PURVA,199.05,199.05
NAGREEKCAP,.9,.9
KSCL,16.31,16.31
MAANALU,23,23
BAJAJELEC,82.45,82.45
CERA,38.84,38.65
HBLPOWER,49.96,46.47
LUMAXTECH,20.66,20.66
PITTIENG,33.7,33.7
TIIL,22.48,21.93
PFC,7.89,7.89
PAGEIND,75.15,75.15
BANSWRAS,14.71,14.71
SRHHYPOLTD,11.4,10.34
INSECTICID,16.35,16.35
NELCAST,22.13,30.41
ADSL,17.62,17.62
MOTILALOFS,59.17,59.17
POWERGRID,18.45,18.45
FACT,309.9,115.63
EXIDEIND,50.78,50.78
ELECON,35.46,35.46
LAXMIMACH,45.28,45.28
ORIENTPPR,160.37,160.37
NELCO,71.86,71.86
MAHSCOOTER,44.44,44.44
LUMAXIND,47.54,47.54
KECL,86.41,86.41
KCP,11.63,11.6
JAYBARMARU,37.62,37.62
INFY,24.26,24.26
IFBIND,79.18,79.18
IGPL,39.26,39.26
GNFC,19.58,19.58
BPCL,5.04,4.92
BASF,33.25,33.25
ARVIND,27.44,27.58
ACC,20.2,22.75
SCI,18.78,18.78
LINDEINDIA,170.29,170.29
HINDPETRO,5.23,5.23
ASHOKLEY,25.36,24.87
TITAN,87.5,87.5
SUNDARMFIN,35.52,33.97
SPIC,17.39,11.82
SBIN,10.87,10.09
NOCIL,32.24,32.24
BOSCHLTD,36.24,49.02
CHAMBLFERT,13.67,13.67
HINDOILEXP,10.7,12.4
BALMLAWRIE,22.09,22.09
ADORWELD,27.04,27.04
CENTENKA,28.38,28.38
ATFL,158.8,226.72
VLSFINANCE,2.78,2.78
SUPREMEIND,75.84,75.84
BALRAMCHIN,15.89,15.89
RANEHOLDIN,18.85,8.82
TATAELXSI,55.97,55.97
SANDESH,5.14,5.15
ASHIMASYN,6.84,6.84
BALKRISIND,42.07,42.07
INDBANK,26.03,26.03
RAJSREESUG,15.08,15.08
ONGC,6.09,5.95
TAINWALCHM,32.91,32.91
JINDALPOLY,31.12,31.01
