SYMBOL,SERIES,SECURITY,HIGH/LOW,INDEX FLAG
ABCOTS,SM,A B COTSPIN INDIA LIMITED,H
ABMINTLLTD,EQ,ABM INTERNATIONAL LTD,H
ADROITINFO,EQ,ADROIT INFOTECH LIMITED,H
AILIMITED,SM,ABHISHEK INTEGRATIONS LTD,H
AISL,ST,ANI INTEGRATED SERV LTD.,H
AJOONI,EQ,AJOONI BIOTECH LIMITED,H
ALLSEC,EQ,ALLSEC TECHNOLOGIES LTD,H
ALPEXSOLAR,SM,ALPEX SOLAR LIMITED,H
ALPSINDUS,BE,ALPS INDUSTRIES LTD.,H
ANTGRAPHIC,BE,ANTARCTICA LTD,H
APS,SM,AUSTRALIAN PREM SOLAR I L,H
ARHAM,ST,ARHAM TECHNOLOGIES LTD,H
AURIONPRO,BE,AURIONPRO SOLN LTD,H
CGRAPHICS,SM,CREATIVE GRAPHICS S IND L,H
CINEVISTA,BE,CINEVISTA LIMITED,H
CMMIPL,ST,CMM INFRAPROJECTS LIMITED,H
CROWN,BE,CROWN LIFTERS LIMITED,H
DGCONTENT,EQ,DIGICONTENT LIMITED,H
DOLPHIN,BE,DOLPHIN OFF ENT (IND) L,H
DRONE,SM,DRONE DESTINATION LIMITED,H
DUGLOBAL,SM,DUDIGITAL GLOBAL LIMITED,H
FCONSUMER,EQ,FUTURE CONSUMER LIMITED,H
FELDVR,BE,FUTURE ENTERPRISES LTD,H
FLFL,BZ,FUT LIFESTYLE FASH LTD,H
GAYAHWS,BE,GAYATRI HIGHWAYS LIMITED,H
GAYAPROJ,BZ,GAYATRI PROJECTS LTD,H
GICL,SM,GLOBE INTL CARRIERS LTD,H
GLOBAL,BE,GLOBAL EDUCATION LIMITED,H
GODHA,EQ,GODHA CABCON INSULAT LTD,H
GOENKA,BZ,GOENKA DIAMOND&JEWELS LTD,H
GRCL,SM,GAYATRI RUBB AND CHEM LTD,H
GRETEX,ST,GRETEX INDUSTRIES LTD.,H
GUJAPOLLO,EQ,GUJ. APOLLO IND. LTD.,H
GVPTECH,EQ,GVP INFOTECH LIMITED,H
HDIL,BZ,HOUSING DEV & INFRA LTD,H
HINDMOTORS,EQ,HINDUSTAN MOTORS LIMITED,H
HYBRIDFIN,EQ,HYBRID FINANCIAL SERVICE,H
INDOWIND,EQ,INDOWIND ENERGY LTD,H
IRIS,EQ,IRIS BUSINESS SERV LTD,H
KAVVERITEL,EQ,KAVVERI TEL. LTD.,H
KBCGLOBAL,EQ,KBC GLOBAL LIMITED,H
KCEIL,SM,KAY CEE ENERGY & INFRA L,H
KEEPLEARN,EQ,DSJ KEEP LEARNING LTD,H
KODYTECH,SM,KODY TECHNOLAB LIMITED,H
KPIGREEN,EQ,KPI GREEN ENERGY LIMITED,H
LAL,BE,LORENZINI APPARELS LTD,H
LGHL,BE,LAXMI GOLDORNA HOUSE LTD,H
MAITREYA,SM,MAITREYA MEDICARE LIMITED,H
MAKS,SM,MAKS ENERGY SOL INDIA LTD,H
MANAKCOAT,EQ,MAN COAT METAL & IND LTD,H
MEGAFLEX,SM,MEGA FLEX PLASTICS LTD,H
MHLXMIRU,EQ,MAHALAXMI RUBTECH LIMITED,H
MICEL,EQ,MIC ELECTRONICS LTD,H
MODTHREAD,BE,MODERN THREADS INDIA LTD,H
MOTISONS,EQ,MOTISONS JEWELLERS LTD,H
NIDAN,SM,NIDAN LABS AND HEALTH LTD,H
NILASPACES,BE,NILA SPACES LIMITED,H
NITIRAJ,EQ,NITIRAJ ENGINEERS LTD,H
OMKARCHEM,BZ,OMKAR SPL CHEM LTD,H
ORIANA,SM,ORIANA POWER LIMITED,H
ORIENTLTD,EQ,ORIENT PRESS LIMITED,H
OWAIS,SM,OWAIS METAL & MINERAL,H
PASHUPATI,SM,PASHUPATI COTSPIN LIMITED,H
PERFECT,SM,PERFECT INFRAENGINEER LTD,H
PRAMARA,SM,PRAMARA PROMOTIONS LTD,H
PRATHAM,SM,PRATHAM EPC PROJECTS LTD,H
PRITIKA,SM,PRITIKA ENG COMPO LTD,H
PRITIKAUTO,BE,PRITIKA AUTO INDUS LTD,H
PROLIFE,SM,PROLIFE INDUSTRIES LTD,H
RADAAN,BE,RADAAN MEDIAWORKS (I) LTD,H
RAJTV,BE,RAJ TV NETWORK LTD,H
RBMINFRA,SM,RBM INFRACON LIMITED,H
RBS,ST,RAMDEVBABA SOLVENT LTD,H
ROML,BE,RAJ OIL MILLS LIMITED,H
RTNPOWER,BE,RATTANINDIA POWER LIMITED,H
SABAR,SM,SABAR FLEX INDIA LIMITED,H
SABEVENTS,BE,SAB EVENTS & GOVERNANCE,H
SAGARDEEP,EQ,SAGARDEEP ALLOYS LIMITED,H
SAMPANN,BE,SAMPANN UTPADAN INDIA LTD,H
SEL,SM,SUNGARNER ENERGIES LTD,H
SELAN,EQ,SELAN EXPLO. TECH LTD,H
SHRENIK,EQ,SHRENIK LIMITED,H
SIDDHIKA,SM,SIDDHIKA COATINGS LIMITED,H
SKYGOLD,BE,SKY GOLD LIMITED,H
SPMLINFRA,EQ,SPML INFRA LIMITED,H
SSFL,SM,SRIVARI SPICES N FOODS L,H
SUMEETINDS,BE,SUMEET IND LIMITED,H
SUPREMEENG,BE,SUPREME ENGINEERING LTD,H
SWARAJ,SM,SWARAJ SUITING LIMITED,H
TAC,SM,TAC INFOSEC LIMITED,H
TARACHAND,BE,TARA CHAND INFRA SOLN LTD,H
TECHLABS,SM,TRIDENT TECHLABS LIMITED,H
TFL,EQ,TRANSWARRANTY FIN. LTD.,H
TRANSWIND,SM,TRANSWIND INFRA LIMITED,H
TRUST,SM,TRUST FINTECH LIMITED,H
TV18BRDCST,EQ,TV18 BROADCAST LIMITED,H
URBAN,SM,URBAN ENVIRO WASTE MGMT L,H
VIJIFIN,BE,VIJI FINANCE LIMITED,H
VIVIANA,SM,VIVIANA POWER TECH LTD,H
VIVO,SM,VIVO COLLAB SOLUTIONS LTD,H
WINSOME,BE,WINSOME YARNS LIMITED,H
WOMANCART,SM,WOMANCART LIMITED,H
3PLAND,EQ,3P LAND HOLDINGS LIMITED,L
AAATECH,BE,AAA TECHNOLOGIES LIMITED,L
AAKASH,EQ,AAKASH EXPLORATION SER L,L
AAREYDRUGS,BE,AAREY DRUGS & PHARM LTD,L
ACCURACY,BE,ACCURACY SHIPPING LIMITED,L
AGSTRA,EQ,AGS TRANSACT TECH LTD,L
ALANKIT,BE,ALANKIT LIMITED,L
ALPSINDUS,BE,ALPS INDUSTRIES LTD.,L
ANTGRAPHIC,BE,ANTARCTICA LTD,L
APOLLO,BE,APOLLO MICRO SYSTEMS LTD,L
ARCHIDPLY,BE,ARCHIDPLY IND. LTD,L
ASIANENE,EQ,ASIAN ENERGY SERVICES LTD,L
ASMS,BE,BARTRONICS INDIA LIMITED,L
ATALREAL,BE,ATAL REALTECH LIMITED,L
ATLANTAA,BE,ATLANTAA LIMITED,L
ATMASTCO,SM,ATMASTCO LIMITED,L
BAFNAPH,BE,BAFNA PHARMACEUTICALS LTD,L
BAJEL,EQ,BAJEL PROJECTS LIMITED,L
BALKRISHNA,BE,BALKRISHNA PAPER MILLS L,L
BCG,BZ,BRIGHTCOM GROUP LIMITED,L
BEDMUTHA,EQ,BEDMUTHA INDUST LTD,L
BHARATWIRE,EQ,BHARAT WIRE ROPES LTD.,L
BIRDYS,ST,GRILL SPLENDOUR SER LTD,L
BVCL,BE,BARAK VALLEY CEM. LTD.,L
CMMIPL,ST,CMM INFRAPROJECTS LIMITED,L
CMNL,SM,CHAMAN METALLICS LIMITED,L
CMRSL,SM,CYBER MEDIA RES & SER LTD,L
CREATIVEYE,EQ,CREATIVE EYE LIMITED,L
CYBERMEDIA,BE,CYBER MEDIA (INDIA) LTD.,L
DBSTOCKBRO,EQ,DB (INT) STOCK BROKERS,L
DCMFINSERV,BE,DCM FINANCIAL SERVICES LT,L
DNAMEDIA,BE,DILIGENT MEDIA CORP LTD.,L
E2E,BE,E2E NETWORKS LIMITED,L
ENERGYDEV,EQ,ENERGY DEVE. CO.LTD,L
EQUIPPP,BE,EQUIPPP SOC IMP TECH LTD,L
ESCONET,SM,ESCONET TECHNOLOGIES LTD,L
EXCEL,EQ,EXCEL REALTY N INFRA LTD,L
FEL,BZ,FUTURE ENTERPRISES LTD,L
FELIX,SM,FELIX INDUSTRIES LTD.,L
FLFL,BZ,FUT LIFESTYLE FASH LTD,L
FSC,BZ,FUTURE SUPP CHAIN SOL LTD,L
GALLANTT,BE,GALLANTT ISPAT LIMITED,L
GANESHHOUC,EQ,GANESH HOUSING CORP LTD,L
GAYAHWS,BE,GAYATRI HIGHWAYS LIMITED,L
GENUSPOWER,EQ,GENUS POWER INFRASTRU LTD,L
GLOBE,EQ,GLOBE TEXTILES (I) LTD.,L
GMRP&UI,EQ,GMR POW AND URBAN INFRA L,L
GODHA,EQ,GODHA CABCON INSULAT LTD,L
GPTINFRA,BE,GPT INFRAPROJECTS LTD,L
GSTL,SM,GLOBESECURE TECHNO LTD,L
GTLINFRA,EQ,GTL INFRA.LTD,L
HAVISHA,EQ,SRI HAVISHA HOSP & INFR L,L
HDIL,BZ,HOUSING DEV & INFRA LTD,L
HEADSUP,BE,HEADS UP VENTURES LIMITED,L
HIRECT,EQ,HIND RECTIFIER LIMITED,L
HITECHGEAR,BE,THE HI-TECH GEARS LIMITED,L
HOMESFY,ST,HOMESFY REALTY LIMITED,L
IL&FSENGG,BZ,IL&FS ENG AND CONS CO LTD,L
IL&FSTRANS,BZ,IL&FS TRANS NET LTD,L
INCREDIBLE,EQ,INCREDIBLE INDUSTRIES LTD,L
INDOTECH,BE,INDO TECH TRANSFORM LTD.,L
INOXGREEN,EQ,INOX GREEN ENERGY SER LTD,L
INSPIRE,SM,INSPIRE FILMS LIMITED,L
ISHAN,SM,ISHAN INTERNATIONAL LTD,L
IWEL,BE,INOX WIND ENERGY LIMITED,L
JPPOWER,BE,JAIPRAKASH POWER VEN. LTD,L
JUBLINDS,EQ,JUBILANT INDUSTRIES LTD,L
JYOTISTRUC,BE,JYOTI STRUCTURES,L
KAMATHOTEL,EQ,KAMAT HOTELS (I) LTD,L
KBCGLOBAL,EQ,KBC GLOBAL LIMITED,L
KDL,SM,KORE DIGITAL LIMITED,L
KERNEX,EQ,KERNEX MICROSYS(I) LTD,L
KONSTELEC,SM,KONSTELEC ENGINEERS LTD,L
KRIDHANINF,BE,KRIDHAN INFRA LIMITED,L
LANCORHOL,EQ,LANCOR HOLDINGS LIMITED,L
LLOYDS,SM,LLOYDS LUXURIES LIMITED,L
MACPOWER,BE,MACPOWER CNC MACHINES LTD,L
MAKS,SM,MAKS ENERGY SOL INDIA LTD,L
MANORAMA,BE,MANORAMA INDUSTRIES LTD,L
MANORG,BE,MANGALAM ORGANICS LIMITED,L
MBECL,EQ,MCNALLY BH. ENG. CO.LTD,L
MEGASOFT,EQ,MEGASOFT LTD,L
MEP,BE,MEP INFRA. DEVELOPERS LTD,L
METALFORGE,BZ,METALYST FORGINGS LIMITED,L
MSPL,EQ,MSP STEEL & POWER LTD.,L
NIRAJ,EQ,NIRAJ CEMENT STRUC LTD,L
NORBTEAEXP,EQ,NORBEN TEA & EXPORTS LTD,L
ONDOOR,SM,ON DOOR CONCEPTS LIMITED,L
ONELIFECAP,BE,ONELIFE CAP ADVISORS LTD,L
PARSVNATH,EQ,PARSVNATH DEVELOPER LTD,L
PAYTM,EQ,ONE 97 COMMUNICATIONS LTD,L
PFS,EQ,PTC INDIA FIN SERV LTD,L
RADAAN,BE,RADAAN MEDIAWORKS (I) LTD,L
RAJRILTD,BE,RAJ RAYON INDUSTRIES LTD,L
RCOM,BE,RELIANCE COMMUNICATIONS L,L
REMSONSIND,EQ,REMSONS INDUSTRIES LTD,L
SADBHAV,BE,SADBHAV ENGINEERING LTD,L
SADBHIN,EQ,SADBHAV INFRA PROJ LTD.,L
SAKUMA-RE,BE,SAKUMA EXPORTS LIMITED,L
SALSTEEL,BE,S.A.L. STEEL LTD.,L
SARVESHWAR,BE,SARVESHWAR FOODS LIMITED,L
SCHNEIDER,BE,SCHNEIDER ELECTRIC INFRA,L
SECMARK,BE,SECMARK CONSULTANCY LTD,L
SEJALLTD,BE,SEJAL GLASS LIMITED,L
SEL,SM,SUNGARNER ENERGIES LTD,L
SEMAC,BE,SEMAC CONSULTANTS LIMITED,L
SETCO,BE,SETCO AUTOMOTIVE LTD,L
SHAH,EQ,SHAH METACORP LIMITED,L
SHUBHLAXMI,SM,SHUBHLAXMI JEWEL ART LTD,L
SMLT,BE,SARTHAK METALS LIMITED,L
SOMICONVEY,BE,SOMI CONVEYOR BELT. LTD.,L
SRPL,BE,SHREE RAM PROTEINS LTD.,L
SUPREMEENG,BE,SUPREME ENGINEERING LTD,L
SURANASOL,BE,SURANA SOLAR LIMITED,L
SUVEN,EQ,SUVEN LIFE SCIENCES LTD,L
SWELECTES,EQ,SWELECT ENERGY SYS LTD,L
TAKE,EQ,TAKE SOLUTIONS LTD,L
TARC,EQ,TARC LIMITED,L
TGL,SM,TEERTH GOPICON LIMITED,L
THEINVEST,EQ,THE INVEST TRUST OF IND L,L
TIMESCAN,SM,TIMESCAN LOGISTICS IND L,L
TIPSFILMS,EQ,TIPS FILMS LIMITED,L
TREEHOUSE,BE,TREE HOUSE EDU LTD,L
TRIL,EQ,TRANS & RECTI. LTD,L
UNITECH,BZ,UNITECH LIMITED,L
UNIVASTU,BE,UNIVASTU INDIA LIMITED,L
URAVI,BE,URAVI T AND WEDG LAMP LTD,L
V2RETAIL,BE,V2 RETAIL LIMITED,L
VEEKAYEM,SM,VEEKAYEM FASH & APP LTD,L
VERTEXPLUS,ST,VERTEXPLUS TECHNOLOGIES L,L
VERTOZ,BE,VERTOZ ADVERTISING LTD,L
VIJIFIN,BE,VIJI FINANCE LIMITED,L
VINNY,EQ,VINNY OVERSEAS LIMITED,L
VIVIANA,SM,VIVIANA POWER TECH LTD,L
VLEGOV,BE,VL E GOV AND IT SOL LTD,L
VMARCIND,SM,V MARC INDIA LIMITED,L
WALCHANNAG,BE,WALCHANDNAGAR INDUSTRIES,L
WALPAR,SM,WALPAR NUTRITIONS LIMITED,L
WEBELSOLAR,BE,WEBSOL ENERGY SYSTEM LTD,L
WEL,BE,WONDER ELECTRICALS LTD,L
WEWIN,BE,WE WIN LIMITED,L
WINSOME,BE,WINSOME YARNS LIMITED,L
WOMANCART,SM,WOMANCART LIMITED,L
ZENITHSTL,EQ,ZENITH STEEL PIP IND LTD,L
ZENTEC,EQ,ZEN TECHNOLOGIES LIMITED,L
