GAIN_LOSS,SECURITY,CLOSE_PRIC,PREV_CL_PR,PERCENT_CG
 ,Nifty 50 Sec., , , 
 , , , , 
G,HINDUSTAN UNILEVER LTD.,      2379.40,      2256.20,5.46
G,TECH MAHINDRA LIMITED,      1292.45,      1262.25,2.39
G,BRITANNIA INDUSTRIES LTD,      5173.85,      5061.60,2.22
G,NESTLE INDIA LIMITED,      2508.65,      2457.40,2.09
G,TATA CONSULTANCY SERV LT,      3978.95,      3921.05,1.48
G,ITC LTD,       440.35,       434.75,1.29
G,KOTAK MAHINDRA BANK LTD,      1643.90,      1624.30,1.21
G,WIPRO LTD,       463.90,       458.65,1.14
G,INFOSYS LIMITED,      1440.95,      1425.90,1.06
G,SBI LIFE INSURANCE CO LTD,      1450.15,      1440.60,.66
G,EICHER MOTORS LTD,      4622.40,      4599.00,.51
G,BAJAJ FINSERV LTD.,      1615.15,      1611.35,.24
G,BHARTI AIRTEL LIMITED,      1286.15,      1283.40,.21
G,BAJAJ FINANCE LIMITED,      6872.55,      6859.85,.19
G,TATA CONSUMER PRODUCT LTD,      1099.40,      1098.15,.11
 , , , , 
L,BAJAJ AUTO LIMITED,      8677.90,      9052.55,-4.14
L,POWER GRID CORP. LTD.,       295.25,       306.85,-3.78
L,OIL AND NATURAL GAS CORP.,       273.60,       282.15,-3.03
L,INDUSIND BANK LIMITED,      1452.55,      1497.50,-3
L,HINDALCO  INDUSTRIES  LTD,       620.20,       638.80,-2.91
L,TATA MOTORS LIMITED,       988.55,      1016.20,-2.72
L,JSW STEEL LIMITED,       857.35,       880.65,-2.65
L,APOLLO HOSPITALS ENTER. L,      5900.25,      6056.70,-2.58
L,CIPLA LTD,      1387.20,      1423.40,-2.54
L,SHRIRAM FINANCE LIMITED,      2485.80,      2547.55,-2.42
L,NTPC LTD,       349.15,       356.80,-2.14
L,HCL TECHNOLOGIES LTD,      1330.95,      1358.80,-2.05
L,TATA STEEL LIMITED,       164.25,       167.60,-2
L,MAHINDRA & MAHINDRA LTD,      2191.50,      2224.95,-1.5
L,AXIS BANK LIMITED,      1127.70,      1143.65,-1.39
L,ADANI ENTERPRISES LIMITED,      2835.95,      2874.65,-1.35
L,GRASIM INDUSTRIES LTD,      2421.00,      2453.30,-1.32
L,DIVI S LABORATORIES LTD,      3911.40,      3963.00,-1.3
L,RELIANCE INDUSTRIES LTD,      2802.95,      2839.05,-1.27
L,ICICI BANK LTD.,      1131.90,      1146.30,-1.26
L,HDFC BANK LTD,      1506.15,      1522.65,-1.08
L,LARSEN & TOUBRO LTD.,      3427.75,      3463.30,-1.03
L,COAL INDIA LTD,       456.00,       460.60,-1
L,BHARAT PETROLEUM CORP  LT,       604.30,       610.25,-0.98
L,ULTRATECH CEMENT LIMITED,      9682.40,      9776.90,-0.97
L,SUN PHARMACEUTICAL IND L,      1515.35,      1529.15,-0.9
L,HERO MOTOCORP LIMITED,      4476.75,      4509.75,-0.73
L,STATE BANK OF INDIA,       801.90,       807.80,-0.73
L,ASIAN PAINTS LIMITED,      2913.00,      2932.15,-0.65
L,MARUTI SUZUKI INDIA LTD.,     12364.05,     12439.30,-0.6
 , , , , 
 ,Nifty Next 50 Sec., , , 
 , , , , 
G,MARICO LIMITED,       583.50,       530.30,10.03
G,GODREJ CONSUMER PRODUCTS,      1322.35,      1250.15,5.78
G,DABUR INDIA LTD,       558.45,       530.80,5.21
G,AVENUE SUPERMARTS LIMITED,      4660.45,      4600.60,1.3
G,BAJAJ HOLDINGS & INVS LTD,      8279.55,      8186.20,1.14
G,ICICI PRU LIFE INS CO LTD,       577.80,       574.30,0.61
G,BERGER PAINTS (I) LTD,       512.90,       511.35,0.3
G,ICICI LOMBARD GIC LIMITED,      1685.05,      1681.35,0.22
G,COLGATE PALMOLIVE LTD.,      2862.60,      2858.25,0.15
 , , , , 
L,SRF LTD,      2416.85,      2587.60,-6.6
L,VARUN BEVERAGES LIMITED,      1442.80,      1507.15,-4.27
L,ZYDUS LIFESCIENCES LTD,       980.85,      1020.75,-3.91
L,JIO FIN SERVICES LTD,       356.25,       370.25,-3.78
L,PUNJAB NATIONAL BANK,       122.30,       127.10,-3.78
L,INDIAN OIL CORP LTD,       160.00,       166.25,-3.76
L,INDIAN RAILWAY FIN CORP L,       149.80,       155.65,-3.76
L,TVS MOTOR COMPANY  LTD,      1979.60,      2056.85,-3.76
L,POWER FIN CORP LTD.,       421.55,       437.80,-3.71
L,TORRENT PHARMACEUTICALS L,      2619.35,      2717.20,-3.6
L,VEDANTA LIMITED,       396.00,       410.50,-3.53
L,DLF LIMITED,       855.90,       887.10,-3.52
L,ADANI ENERGY SOLUTION LTD,      1021.55,      1058.50,-3.49
L,INDIAN RAIL TOUR CORP LTD,       993.50,      1022.20,-2.81
L,HINDUSTAN AERONAUTICS LTD,      3715.00,      3816.40,-2.66
L,GAIL (INDIA) LTD,       192.75,       197.80,-2.55
L,CANARA BANK,       576.75,       591.80,-2.54
L,BANK OF BARODA,       259.05,       265.70,-2.5
L,UNITED SPIRITS LIMITED,      1202.45,      1231.70,-2.37
L,ADANI GREEN ENERGY LTD,      1726.00,      1766.65,-2.3
L,AMBUJA CEMENTS LTD,       593.95,       607.45,-2.22
L,TATA POWER CO LTD,       436.40,       446.30,-2.22
L,ZOMATO LIMITED,       191.45,       195.70,-2.17
L,BHARAT ELECTRONICS LTD,       227.40,       231.85,-1.92
L,SAMVRDHNA MTHRSN INTL LTD,       125.40,       127.85,-1.92
L,REC LIMITED,       507.05,       516.60,-1.85
L,INFO EDGE (I) LTD,      5885.30,      5986.15,-1.68
L,ADANI TOTAL GAS LIMITED,       903.10,       917.15,-1.53
L,CHOLAMANDALAM IN & FIN CO,      1306.35,      1326.00,-1.48
L,ADANI POWER LTD,       580.55,       589.05,-1.44
 , , , , 
 ,OTHER SECURITIES, , , 
 , , , , 
G,CREATIVE GRAPHICS S IND L,       270.05,       225.05,20
G,BOND 8.76%PA TF TR-I S 3A,      6325.00,      5271.10,19.99
G,PASHUPATI COTSPIN LIMITED,       128.50,       107.10,19.98
G,NIDAN LABS AND HEALTH LTD,        39.15,        32.65,19.91
G,TRANSWARRANTY FIN. LTD.,        15.25,        12.75,19.61
G,SEC RE NCD 9.80% SR.II,      1000.00,       849.00,17.79
G,SELAN EXPLO. TECH LTD,       708.10,       605.50,16.94
G,INFOBEANS TECHNO. LTD.,       436.80,       381.90,14.38
G,ALLSEC TECHNOLOGIES LTD,       957.70,       842.80,13.63
G,JYOTHY LABS LIMITED,       456.55,       414.35,10.18
G,IRIS BUSINESS SERV LTD,       159.50,       145.00,10
G,TRUST FINTECH LIMITED,       259.10,       235.55,10
G,NAVNEET EDUCATION LTD,       157.65,       145.25,8.54
G,ARVIND LIMITED,       360.00,       333.00,8.11
G,KOKUYO CAMLIN LIMITED,       165.35,       153.30,7.86
G,MADHUSUDAN MASALA LIMITED,       171.30,       159.20,7.6
G,SAHAJ FASHIONS LIMITED,        23.60,        22.00,7.27
G,DEEP INDUSTRIES LIMITED,       304.55,       284.50,7.05
G,PLADA INFOTECH SERVICES L,        32.85,        30.75,6.83
G,GOA CARBON LIMITED,       907.55,       851.50,6.58
G,KHADIM INDIA LIMITED,       362.50,       341.05,6.29
G,SMS PHARMACEUTICALS LTD.,       208.75,       196.60,6.18
G,SEC RE NCD 10.30% SR.VII,       955.00,       900.00,6.11
G,FONEBOX RETAIL LIMITED,       180.10,       169.80,6.07
G,KOTHARI SUG & CHEM LTD.,        61.40,        57.90,6.04
G,ARABIAN PETROLEUM LIMITED,        97.90,        92.55,5.78
G,SAURASHTRA CEMENT LIMITED,       120.90,       114.30,5.77
G,CENTURY ENKA LTD,       550.10,       520.10,5.77
G,SEC RE NCD 8.10% SR VI,      1054.93,      1000.00,5.49
G,JAINAM FER ALLOYS (I) LTD,       157.95,       150.10,5.23
 , , , , 
L,SHUBHLAXMI JEWEL ART LTD,        55.20,        68.95,-19.94
L,GRP LIMITED,      6681.25,      7897.65,-15.4
L,MARINETRANS INDIA LIMITED,        30.00,        33.80,-11.24
L,SEC RE NCD 7.69% SR.IV,       890.00,       991.00,-10.19
L,INSPIRE FILMS LIMITED,        41.65,        46.25,-9.95
L,KOTAK PSU BANK,       705.58,       781.97,-9.77
L,GANGES SECURITIES LIMITED,       159.05,       175.40,-9.32
L,KONSTELEC ENGINEERS LTD,       253.50,       279.10,-9.17
L,EXCEL REALTY N INFRA LTD,          .50,          .55,-9.09
L,ASPIRE & INNOVATIVE ADV L,        74.75,        81.65,-8.45
L,SEC RE NCD 10.25% SR XII,       900.30,       979.00,-8.04
L,RAINBOW CHILDRENS MED LTD,      1449.95,      1571.30,-7.72
L,DOCMODE HEALTH TECH LTD,       217.00,       235.00,-7.66
L,CAPITAL TRUST LIMITED,       118.00,       127.75,-7.63
L,RADIOWALLA NETWORK LTD,       116.05,       125.50,-7.53
L,IFCI LTD,        49.00,        52.95,-7.46
L,REMUS PHARMACEUTICALS L,      7267.30,      7849.00,-7.41
L,INTEGRATED PERSO SER LTD,       155.50,       167.70,-7.27
L,ICICIPRAMC - ICICIQTY30,       189.68,       204.53,-7.26
L,MAHICKRA CHEMICAL LIMITED,       117.00,       126.05,-7.18
L,ESSAR SHIPPING LTD,        28.40,        30.50,-6.89
L,TAJ GVK HOTELS & RESORTS,       378.35,       406.20,-6.86
L,PRESSTONIC ENGINEERING L,       158.60,       170.10,-6.76
L,ARISTO BIO T AND LIFESC L,        74.75,        80.00,-6.56
L,CHAVDA INFRA LIMITED,       138.90,       148.55,-6.5
L,JUSTDIAL LTD.,      1025.75,      1096.35,-6.44
L,FUSION MICRO FINANCE LTD,       487.90,       520.60,-6.28
L,MRPL,       214.70,       229.05,-6.27
L,SOBHA LIMITED,      1820.85,      1941.30,-6.2
L,SURYA ROSHNI LTD,       610.20,       650.50,-6.2
