SECURITY,NEW,PREVIOUS,NEW_STATUS
INGERSOLL-RAND INDIA LTD,4111,4076.8,H
BHARTIYA INETRNATIONAL LT,443.2,440,H
ALLSEC TECHNOLOGIES LTD,1011.35,895,H
MAN COAT METAL & IND LTD,55.2,52.6,H
21ST CENTURY MGMT SERVICE,54.5,53.65,H
SURAJ ESTATE DEVELOPERS L,443.9,438,H
DOLPHIN OFF ENT (IND) L,554.9,528.5,H
URAVI T AND WEDG LAMP LTD,512.6,506.9,H
GOI TBILL 364D-24/04/25,93.5,93.42,H
SEC RE NCD 10% SR. V,1019.1,1010.1,H
SEC RE NCD 10.30% SR.VII,955,900,H
SEC RE NCD 9% SR.VI,923.8,922.8,H
COLGATE PALMOLIVE LTD.,2960.9,2873.7,H
CG POWER AND IND SOL LTD,585,565.5,H
WELSPUN ENTERPRISES LTD.,386.7,383.65,H
WEALTH FRST PORT. MG. LTD,899,888,H
VIVIANA POWER TECH LTD,579.8,552.2,H
MADHUSUDAN MASALA LIMITED,173.7,159.2,H
NETWEB TECH INDIA LTD,2001.6,1945.25,H
GOI TBILL 91D-06/06/24,99.24,99.13,H
GRETEX INDUSTRIES LTD.,86.55,82.45,H
DSJ KEEP LEARNING LTD,5.05,4.9,H
SERENCD 8.60% SR.IV OP8,1030.01,1028.01,H
8.20 NCD05MAR27 FV 1000,1093.5,1093,H
BRIGADE ENTER. LTD,1153.9,1126,H
BIGBLOC CONSTRUCTION LTD,284.4,270,H
TARAPUR TRANSFORMERS LTD,11.75,11.55,H
SHAKTI PUMPS (I) LTD,2389.85,2293.6,H
NITCO LIMITED,75.15,73.7,H
GOI TBILL 182D-25/07/24,98.05,98,H
GAYATRI RUBB AND CHEM LTD,320.5,305.25,H
GOI TBILL 182D-19/09/24,97.35,97.22,H
GPT INFRAPROJECTS LTD,224,196.6,H
SEC RE NCD 9.25% SR.II,976,975,H
SEC RED NCD 9.0% SR. VI,982,980,H
9.90 % SRNCD SR VI,1032,1031.85,H
ABB INDIA LIMITED,7040,7028,H
GRP LIMITED,8357.1,7897.65,H
D. P. ABHUSHAN LIMITED,1249.95,1234,H
TECHINDIA NIRMAN LIMITED,40.75,39.05,H
TRIDENT TECHLABS LIMITED,351.1,334.4,H
ZODIAC ENERGY LIMITED,574.35,563.8,H
KONSTELEC ENGINEERS LTD,288.7,279.1,H
ICICI PRUD MIDCAP SEL ETF,162.15,162.1,H
ALPEX SOLAR LIMITED,683.4,650.9,H
SKY GOLD LIMITED,1397.95,1331.4,H
SEC RE NCD 9.71% SR VIII,979.59,969.99,H
SERENCD 8.29% SR.V OP10,1004,1002.99,H
SEC RE NCD 10.50% SR.VII,947,937.7,H
SEC RE NCD 9% SR.V,1043.45,1039.45,H
NILA SPACES LIMITED,10.6,10.1,H
CENTRAL DEPO SER (I) LTD,2239,2199.9,H
DIGICONTENT LIMITED,27.3,26,H
DYNAMIC SRVCS & SEC LTD,317,302.55,H
NITIRAJ ENGINEERS LTD,227.7,216.9,H
OWAIS METAL & MINERAL,1044.4,994.7,H
SUNGARNER ENERGIES LTD,457.8,440.75,H
PRATHAM EPC PROJECTS LTD,304.5,290,H
GOI TBILL 91D-16/05/24,99.8,99.76,H
GOI TBILL 91D-30/05/24,99.5,99.49,H
CREATIVE GRAPHICS S IND L,270.05,251.8,H
UNSE RE NCD 10% SR.I,942,936,H
SEC RE NCD 8.43% SR.VI,927.95,925,H
HINDUSTAN MOTORS LIMITED,44.1,42,H
MINDTECK (INDIA) LIMITED,351.95,340.3,H
NIPPON INDIA- NIMFXX,124.5,123.92,H
TRF LIMITED,649.6,636.9,H
DIAMOND POWER INFRA LTD,855.1,838.35,H
ORIANA POWER LIMITED,2036.85,1939.9,H
GOI TBILL 364D-18/07/24,98.56,98.55,H
PRAJAY ENG. SYN. LTD.,29.9,29.35,H
ROLLATAINERS LIMITED,2.95,2.9,H
GOI TBILL 182D-27/06/24,98.9,98.75,H
TARA CHAND INFRA SOLN LTD,388.9,370.4,H
DSPAMC - LIQUIDADD,1008.23,1008.07,H
GOI TBILL 91D-25/07/24,98.5,98.45,H
UNSE RE NCD 9.6% SR.II,940,935,H
ALUWIND ARCHITECTURAL LTD,59,58.7,H
SEC RED NCD 10% SR. VI,1050,1045,H
SUPREME INDUSTRIES LTD,5538,5299.95,H
GODREJ PROPERTIES LTD,2912.45,2850,H
POLYCAB INDIA LIMITED,5948.85,5939.8,H
DOLAT ALGOTECH LIMITED,137.7,136.6,H
TIJARIA POLYPIPES LTD,23.1,22.65,H
ZYDUS LIFESCIENCES LTD,1033,1031.7,H
ESCONET TECHNOLOGIES LTD,238,237.7,H
SP REFRACTORIES LIMITED,217.7,207.95,H
TAC INFOSEC LIMITED,723.85,689.4,H
UNSEC RED NCD 10.0% SR. V,996.81,955.1,H
SEC RE NCD 9.39% SR.VIII,918.8,911,H
SEC RED NCD 9.57% SR. V,990,980.1,H
SDL GJ 7.55% 2031,101,100,H
TAX FREE 7.69% SR. IIB,1170,1166,H
SEC RE NCD 8.10% SR VI,1055,1034,H
SEC RE NCD 8.42% SR.V,939,935,H
SEC RE NCD 8.65% SR.V,905,900,H
SEC RE NCD 8.65% SR.V,925,919,H
SEC RE NCD 8.94% SR.II,983,982.97,H
SEC RE NCD 9.00% SR I,1032,1030,H
SELAN EXPLO. TECH LTD,726.6,683.7,H
KHFM HOS FAC MANA SER LTD,78,76.95,H
STEEL CITY SECURITIES LTD,109.7,105.8,H
GOI TBILL 364D-02/01/25,96.05,96,H
HDFCAMC - HDFCBSE500,35.23,35.21,H
VIPUL LIMITED,36.5,35.8,H
CROWN LIFTERS LIMITED,237.35,226.05,H
GOI LOAN  7.34% 2064,101.5,101.32,H
UNSEC RE NCD 9.60% SR.II,954,943,H
SEC RED NCD 8.88% SR. V,929.8,929,H
SRI ADHIKARI BRO TELE N L,117.1,114.85,H
SEC RE NCD 10.25% SR I,1050,999,H
NET AVENUE TECHNOLOGIES L,18.75,19,L
NOVA AGRITECH LIMITED,49.6,50.25,L
MANAKSIA STEELS LTD,55.2,56,L
ATAL REALTECH LIMITED,8.4,8.8,L
L&T FINANCE LIMITED,160.05,161.1,L
BRIGHTCOM GROUP LIMITED,13.1,13.5,L
URAVI T AND WEDG LAMP LTD,464.35,481.55,L
RADIOWALLA NETWORK LTD,116.05,118.05,L
SEC RE NCD 0% SR.II,1079,1081,L
SEC RE NCD 10% SR. V,1010,1010.1,L
SEC RE NCD 8.25% SR 1,1044.01,1048.6,L
K2 INFRAGEN LIMITED,138.05,144.1,L
GACM TECHNOLOGIES LIMITED,2.95,3,L
RACHANA INFRA LTD,32.5,34.9,L
OSIA HYPER RETAIL LIMITED,25.15,25.65,L
SHEETAL UNIVERSAL LIMITED,60.85,63.1,L
IIFL FINANCE LIMITED,75.55,81.15,L
YASH OPTICS & LENS LTD,88.35,89,L
BOND 9.01%PA TF TR-I S 3B,6682,6720,L
SERENCD 8.60% SR.IV OP8,1026,1028,L
AUTHUM INVEST & INFRA LTD,769.15,775.05,L
TAX FREE  7.53% SR. 103 A,1146.51,1153,L
TAX FREE7.60% SR.IIB,1125,1126,L
TFB 7.62% 2035 SR. 3B,1244.99,1245,L
8.20 NCD05MAR27 FV 1000,1087.3,1092.75,L
9.40 % SRNCD TR II SR III,1015,1017,L
MANAK ALUMINIUM CO. LTD.,24.6,25.1,L
MARSHALL MACHINES LTD,22.3,22.7,L
INDIABULL RE.0.67 PPD UP,63.55,66.45,L
FUTURE SUPP CHAIN SOL LTD,5.45,5.7,L
SRM CONTRACTORS LIMITED,185.25,190,L
POPULAR VEHICLES N SER L,223,227.5,L
SIGNPOST INDIA LIMITED,267.7,277,L
NARMADA AGROBASE LIMITED,19.55,19.95,L
KANANI INDUSTRIES LTD,3.5,3.55,L
GRILL SPLENDOUR SER LTD,88.7,93.35,L
UNSEC RE NCD 10% SR.I,971,985,L
LAGNAM SPINTEX LIMITED,152.55,155.65,L
SEC RED NCD 9.0% SR. VI,976,976.8,L
TAX FREE  7.64% SR. 108A,1158.3,1175,L
SEC RE NCD 10.65% SR.IV,999.5,999.9,L
SEC RE NCD 7.90% STRPP A,301.48,302.5,L
SEC RE NCD 8.40% SR.V,999,999.95,L
MCNALLY BH. ENG. CO.LTD,3.35,3.5,L
MANGALAM ORGANICS LIMITED,346.05,363,L
ISHAN INTERNATIONAL LTD,2.4,2.5,L
SURANA TELECOM AND POW LT,14.7,14.9,L
FUTURE MKT NETWORKS LTD,5.85,5.95,L
SIGNORIA CREATION LIMITED,131.85,140.5,L
ASPIRE & INNOVATIVE ADV L,72.5,73.55,L
BOND 8.71% TAX FREE S2B,1152.24,1156,L
SEC RE NCD 9.57% SR 3,992,995,L
SERENCD 8.29% SR.V OP10,999,1000,L
SEC RE NCD 10.50% SR.VII,934,934.4,L
DCG CABLES & WIRES LTD,92.4,94.15,L
AARTECH SOLONICS LIMITED,248,253.05,L
SAKUMA EXPORTS LIMITED,0.9,1.35,L
M.V.K. AGRO FOOD PROD LTD,46,47,L
ROBUST HOTELS LIMITED,161.1,162,L
BHAGIRADHA CHEM & INDS L,168.2,181,L
SHANTI OVERSEAS INDIA LTD,14.75,15.05,L
LANCOR HOLDINGS LIMITED,44.75,46.65,L
LATENT VIEW ANALYTICS LTD,467.05,480,L
FILATEX FASHIONS LIMITED,12.4,12.6,L
BHARAT ROAD NETWORK LTD,53.55,54.5,L
CORAL INDIA FIN & HOUS LT,41.2,41.5,L
UNSE RE NCD 10% SR.I,932,935,L
SEC RE NCD 7.90% STRPP C,406,408,L
SEC RE NCD 8.43% SR.VI,918.9,920,L
SEC RE NCD 8.5% SR.I,977.45,1000,L
MCLEOD RUSSEL INDIA LTD.,24.6,24.8,L
ANMOL INDIA LIMITED,38.2,38.75,L
INVENTURE GRO & SEC LTD,2.1,2.15,L
UNSE RE NCD 9.6% SR.II,930.01,930.95,L
UNSEC RED NCD 5.50%,30.2,30.21,L
SEC RE NCD 9.75% SR. I,986,995,L
HARDWYN INDIA LIMITED,28,28.5,L
MEDICO REMEDIES LIMITED,43.1,44.35,L
LORENZINI APPARELS LTD,22.55,23,L
BANKA BIOLOO LIMITED,93.2,95.1,L
SEC RE NCD SR 2,1011.1,1060,L
SERENCD 8.65% SR.VI OP12,1029,1034,L
SEC RE NCD 10.03% SR 5,990,999.95,L
SEC RE NCD 7.90% STRPP B,298.45,304.9,L
SEC RE NCD 8.35% SR.I,1002.2,1030,L
SEC RE NCD 8.42% SR.V,930,932,L
SEC RE NCD 8.94% SR.II,982.91,982.97,L
SEC RE NCD 9.00% SR I,1029.25,1030,L
IVP LIMITED,162.7,165.5,L
CUPID LIMITED,96,99.4,L
HEADS UP VENTURES LIMITED,13.2,13.65,L
TAX FREE  7.32% SR. 102 A,1060.25,1067.05,L
SEC RE NCD 7.69% SR.IV,886.8,991,L
SEC RE NCD 8.25% SR.I,982,995.66,L
ANI INTEGRATED SERV LTD.,117.6,118.65,L

