SYMBOL,SYMBOL P/E,ADJUSTED P/E
COSMOFIRST,20.69,20.69
CIPLA,30.7,28.73
HDFCBANK,17.79,17.68
GIPCL,14.08,14.08
INDIANHUME,27.48,27.48
WALCHANNAG,63.01,
OSWALGREEN,104.8,104.8
HUHTAMAKI,5.7,22.28
KAMATHOTEL,2.24,13.4
APOLLOTYRE,17.08,16.94
PRECWIRE,37.79,37.79
NILKAMAL,22.55,22.55
SEAMECLTD,42.11,42.11
AUROPHARMA,24.54,24.18
GICHSGFIN,7.73,7.73
BANARBEADS,24.1,24.1
WSTCSTPAPR,4.47,4.42
PRAJIND,35.68,35.68
KEEPLEARN,157.39,157.39
TFCILTD,16.24,16.24
GUJALKALI,6470.61,6470.61
AGI,18.98,18.98
TATACONSUM,80.43,69.38
ZEEL,115.1,50.35
FMGOETZE,16.32,16.32
ORIENTHOT,51.97,51.97
ESABINDIA,50.93,50.93
ANDHRAPAP,4.54,4.44
AARTIIND,62.73,62.73
KSB,78.05,78.05
HEG,32.74,32.74
TIMKEN,72.21,72.21
SAKHTISUG,1.74,
HINDZINC,25.28,25.28
GRASIM,17.05,17.05
FINCABLES,26.09,30.97
HEUBACHIND,20.51,20.51
CESC,13.37,16.22
NAVA,5.54,6.01
GREENPLY,44.23,48.75
REMSONSIND,63.66,62.03
NATCOPHARM,14.24,14.24
GARFIBRES,32.81,32.81
TTKPRESTIG,43.44,43.44
SKFINDIA,46.06,46.06
MARICO,45.69,45.69
BIOFILCHEM,165.54,165.54
SANGAMIND,33.95,26.04
MOTHERSON,40.52,38.95
AARTIDRUGS,26.31,26.31
WENDT,67.21,67.21
SHRIRAMFIN,12.95,12.95
PUNJABCHEM,24.86,24.86
GUJAPOLLO,17.86,17.86
JAGSNPHARM,37.04,37.04
HERITGFOOD,35.17,35.17
GAIL,18.97,19.83
CONCOR,52.2,52.2
INDSWFTLAB,14.82,15.16
JAICORPLTD,,114.5
MAHAPEXLTD,55.47,88.06
ASAHIINDIA,50.85,50.85
KOTHARIPRO,223.48,223.48
SOUTHBANK,6.86,6.86
ITDCEM,31,31
CYIENT,27.91,26.09
CYBERTECH,22.23,22.23
GOACARBON,9.57,9.57
STCINDIA,19.02,20.75
IVC,34.38,34.38
ALEMBICLTD,30.72,25.63
BSOFT,27.39,27.39
ZYDUSLIFE,34.77,31.33
RAJESHEXPO,12.13,12.13
IOB,48.74,48.74
BLBLIMITED,14.24,15.92
BLUESTARCO,71.89,71.89
PNBGILTS,27.78,30.17
NLCINDIA,12.22,12.18
USHAMART,26.98,26.98
TIPSINDLTD,43.23,43.23
TRIDENT,47.26,47.27
GODREJCP,,68.21
LUPIN,42.3,42.3
BHARTIARTL,88.41,72.97
PONNIERODE,7.93,7.93
GENESYS,248.12,248.12
MARUTI,29.64,29.64
UCOBANK,39.26,39.26
WELSPUNLIV,21.64,21.64
TVSELECT,502.33,502.33
UNIENTER,27.13,27.13
PETRONET,13.14,13.42
MAHABANK,11.66,11.66
EXCELINDUS,100.85,100.85
NIITLTD,74.48,68.54
COFORGE,32.65,33.01
GUFICBIO,38.93,38.93
WELENT,12.22,13.9
JINDALPHOT,103.44,103.44
GOKEX,44.96,44.96
SHOPERSTOP,102.43,94.5
SURYALAXMI,37.59,19.07
63MOONS,9.81,17.97
YESBANK,53.95,53.95
SPLIL,15.81,14.94
NATIONALUM,21.47,21.47
JINDALSTEL,17.44,17.13
NIPPOBATRY,112.31,112.31
HCLTECH,23.47,23.47
ACCELYA,25.31,25.38
STAR,,39.59
GLENMARK,,41.54
NRBBEARING,12.34,28.8
BIL,44.35,44.35
KTKBANK,6.12,6.12
AJANTPHARM,37.25,37.25
CALSOFT,933.87,933.87
TVSMOTOR,56.12,56.12
REPRO,86.35,86.35
HAVELLS,82.61,82.61
AXISCADES,66.48,66.48
MRO-TEK,30.48,30.48
MARKSANS,23.23,23.23
TCI,25.1,24.82
OLECTRA,174.05,189.67
APTECHT,46.62,40.06
UNIONBANK,8.54,8.54
NUCLEUS,17.37,17.37
DIVISLAB,76.07,76.07
NSIL,31.03,31.03
IGL,19.14,19.14
TVTODAY,27.17,25.12
PTC,11.78,11.78
BIOCON,22.4,22.37
XPROINDIA,63.46,63.46
RKFORGE,37.15,37.14
CCL,28.89,28.89
LT,31.71,31.71
TCS,30.77,30.3
GULFPETRO,13.43,13.43
KOTARISUG,10.09,10.17
DWARKESH,16.04,16.04
SUPRAJIT,39.85,39.85
PATELENG,20.02,23.45
JSWSTEEL,18.77,19.58
JPPOWER,12.84,8.88
ALLSEC,23.19,23.19
IIFL,8.07,8.07
WELCORP,17.06,17.06
CYBERMEDIA,13.76,12.27
JKPAPER,5.64,5.64
GRANULES,25.91,25.91
VHL,33.14,33.14
GENUSPOWER,150.86,150.86
NECLIFE,97.71,97.71
RML,116.97,12.44
SASKEN,28.25,28.25
IMPAL,15.41,15.41
SUZLON,76.43,110.12
TRIVENI,17.95,17.95
NAHARINDUS,158.32,83.7
VIMTALABS,27.23,27.23
CELEBRITY,32.65,33.05
NITINSPIN,15.87,15.87
ROHLTD,23.81,23.81
GSPL,7.97,7.97
GVKPIL,5.72,5.72
SAKUMA,36.79,36.79
KEC,72.35,72.35
JKCEMENT,44.93,44.17
INDOTECH,40.97,40.97
BLKASHYAP,,30.48
CENTURYPLY,39.83,39.83
VAKRANGEE,949.95,1235.24
GALLANTT,33.13,33.13
UTTAMSUGAR,10.15,10.15
SUNTV,13.69,13.69
RSYSTEMS,38.07,38.07
LOKESHMACH,66.05,66.05
SWELECTES,58.5,58.5
KAMDHENU,27.94,27.94
PIONEEREMB,63.64,63.64
JKLAKSHMI,21.29,21.6
FCSSOFT,,201.9
AURIONPRO,51.48,51.48
AIAENG,31.05,31.05
ORIENTCER,27.98,32.54
EKC,13.21,13.1
ENIL,31.42,32.46
JAGRAN,11.93,11.93
M&MFIN,17.02,17.02
KEI,59.01,58.99
SOLARINDS,95.62,95.62
KKCL,28.33,28.33
GPIL,14.07,14.1
EMKAY,27.42,27.42
BALPHARMA,44.78,44.78
RATNAMANI,34.68,34.68
ALLCARGO,32.01,38.11
EMAMILTD,30.52,30.31
TECHM,51.61,51.68
ATLANTAA,.92,
SELAN,35.62,35.62
HOVS,29.21,29.21
JMFINANCIL,10.82,10.82
NAUKRI,391.93,287.65
TORNTPOWER,35.82,35.82
LTFOODS,14.79,14.79
HIRECT,244.79,58.39
TANLA,21.91,21.91
PTL,28.3,28.3
GANDHITUBE,20.69,20.69
UNOMINDA,63.21,63.21
HUBTOWN,72.11,72.11
ORIENTBELL,352.2,352.2
PFC,7.68,7.68
RAJTV,390.87,390.87
ASTRAL,100.33,100.09
ICRA,33.93,33.93
AROGRANITE,38.56,38.56
SRHHYPOLTD,7.15,6.93
INSECTICID,26.06,26.06
KMSUGAR,17.16,17.16
HGS,58.9,58.9
CIEINDIA,22.75,22.75
MOTILALOFS,14.62,14.62
MAGNUM,12.54,12.54
BVCL,13.87,13.87
EDELWEISS,14.34,14.34
RGL,14.37,14.37
JYOTHYLAB,43.42,43.42
HITECHCORP,15.68,17.99
BRIGADE,101.29,102.79
MANAKSIA,7.18,6.55
DVL,28.35,28.35
KAVVERITEL,1.12,1.09
BIRLAMONEY,14.04,14.04
CORDSCABLE,27.24,27.24
NAHARCAP,13.32,13.32
VGUARD,64.23,64.23
DPSCLTD,101.35,101.35
TITAGARH,67.06,67.06
BAJAJ-AUTO,33.97,33.97
DIGISPICE,100.49,30.55
RPGLIFE,27.34,27.34
RANEENGINE,43.37,37.78
ARCHIDPLY,26.68,26.68
VINYLINDIA,31.76,31.76
ZFCVINDIA,62.54,62.54
JOCIL,52.65,52.65
ALKALI,74.01,69.78
VINATIORGA,46.69,46.69
NHPC,24.65,24.65
AMRUTANJAN,49.45,49.45
DEN,11.14,11.14
SARDAEN,17.2,17.16
AHLUCONT,29.78,29.72
HINDCOPPER,120.48,120.48
NESTLEIND,94.85,95.21
VASCONEQ,19.51,19.51
DBREALTY,9.02,9.62
LGBBROSLTD,15.26,15.55
KIRLOSBROS,37.05,37.68
SJVN,60.3,58.26
UMESLTD,61.17,61.17
BLISSGVS,14.5,6.83
IITL,10.73,22.19
WELINV,51.11,51.11
DEEPAKNTR,44.22,44.22
ASHOKA,14.02,12.5
OBEROIRLTY,35.09,35.09
IOLCP,13.23,13.23
STEL,45.49,45.49
HINDMOTORS,91.67,91.67
VADILALIND,22.98,22.98
VSTTILLERS,22.16,22.16
DHANUKA,25.84,25.84
LTF,17.5,17.5
WINDMACHIN,61.37,61.37
ASAHISONG,147.44,
APLLTD,33.59,33.59
PANAMAPET,10.91,10.91
SHAKTIPUMP,32.43,32.43
ESSARSHPNG,1.93,53.06
RUPA,32.68,32.68
APLAPOLLO,56.62,56.62
IRFC,33.69,33.69
RHIM,,89.76
SCHNEIDER,93.49,91.76
NBCC,62.21,52.72
TBZ,14.57,14.57
SWANENERGY,30.22,27.73
RTNINDIA,26.98,23.81
PROZONER,23.11,23.11
KITEX,34.38,34.38
TVSHLTD,11.03,11.1
VETO,13.86,13.86
INDUSTOWER,15.68,15.68
MITCON,48.15,48.15
AGRITECH,14.84,14.84
AGARIND,12.69,12.69
GULFOILLUB,16.64,16.64
INTELLECT,43.24,43.03
CCHHL,14.75,14.75
GREENLAM,51.45,51.45
LINC,26.43,26.43
MENONBE,9.4,9.4
ZENTEC,67.1,68.09
IMAGICAA,11.73,12.39
BCG,1.96,1.96
UFO,114.12,88.82
PNCINFRA,16.79,16.79
SYNGENE,53.09,52.17
POWERMECH,31.76,31.76
SHREEPUSHK,15.15,15.15
IDFCFIRSTB,19.24,19.24
BALAXI,,18.11
LINCOLN,13.56,13.56
NH,33.5,33.5
HITECH,40.33,40.33
NECCLTD,39.15,39.15
GOKULAGRO,16.47,16.47
HECPROJECT,17.04,17.04
BHARATWIRE,19.79,19.79
THYROCARE,51.49,51.49
UNITEDPOLY,28.74,28.74
ARMANFIN,13.29,13.29
CONTROLPR,24.87,24.89
INCREDIBLE,31.6,31.6
MOLDTECH,21.95,21.95
QUESS,43.82,39.92
SOMICONVEY,37.95,37.95
LLOYDSENGG,90.07,90.07
LTIM,30.39,30.39
DBL,53.6,39.12
NDGL,12.42,12.42
BIGBLOC,67.86,67.86
MBAPL,42.43,42.43
GNA,15.51,15.51
CROWN,42.56,44.55
MASKINVEST,154.44,154.44
SAKAR,59.56,59.54
PANSARI,40.52,40.52
VBL,93.16,93.16
PODDARMENT,13.14,13.14
KIOCL,670.55,670.55
TCIEXP,28.95,28.95
ITDC,81.07,81.07
LIBAS,19,19
SPCENET,163.95,163.95
MAHESHWARI,14.4,14.4
BHANDARI,19.47,19.47
STEELCITY,16.81,16.81
KRISHANA,32.49,32.49
NITIRAJ,47.95,49.97
DMART,118.07,118.07
AIRAN,28.89,28.89
URJA,451.03,451.03
EIFFL,130.01,130.01
SHANKARA,21.26,21.26
CREATIVE,32.4,32.4
FOCUS,31.99,31.99
SIKKO,44.34,44.34
PANACHE,186.78,186.78
INFOBEAN,51.64,51.64
PSPPROJECT,16.81,16.81
TEJASNET,290.44,290.44
ACEINTEG,309.71,309.71
STEELXIND,149.79,149.79
UNIVASTU,35.54,35.54
MAGADSUGAR,8.97,8.97
TOTAL,158.02,158.02
OPTIEMUS,43.77,43.77
VAISHALI,30.34,30.34
GEEKAYWIRE,12.92,12.92
SERVOTECH,129.29,129.29
APEX,64.57,64.57
CHOLAHLDNG,5.84,5.84
DPWIRES,24.5,24.5
DIAMONDYD,33.98,33.56
AIROLAM,27.28,27.28
JASH,41.51,41.51
IEX,41.57,41.57
NAM-INDIA,33.37,33.37
SECURCRED,14.77,14.77
IFGLEXPOR,24.14,24.14
SILVERTUC,68.87,68.87
DNAMEDIA,.48,
SHRADHA,11.57,11.57
ONEPOINT,57.66,57.66
BCONCEPTS,65.4,65.6
AMBER,92.07,92.07
SOUTHWEST,37.8,37.8
SARVESHWAR,58.51,58.51
BDL,73.27,73.27
HAL,41.55,41.55
ISEC,14.33,14.33
KAPSTON,26.58,26.58
MMP,30.02,30.02
CHEMFAB,23.12,23.12
AAKASH,28.72,28.72
SOFTTECH,202.11,202.11
E2E,81.15,81.15
SIRCA,35.24,35.24
SVLL,77.86,77.86
SONAMLTD,39.42,39.42
PRITI,21.66,21.66
GAYAHWS,.18,
RITES,32.81,32.81
REPL,25.94,25.94
HBSL,2.35,2.35
AVROIND,32.18,32.18
HDFCAMC,42.72,42.72
TEMBO,22.3,22.3
AARON,48.35,48.35
SUMIT,32.35,32.35
RPPL,31.11,31.11
AKG,29.89,29.89
IRCON,26.7,26.7
AHLADA,15.46,15.46
AAVAS,25.23,25.23
GRSE,36.33,36.33
SILGO,22.22,22.22
VINNY,12.37,12.37
BBTCL,28.58,28.58
MARINE,74.05,74.05
IRISDOREME,58.72,58.72
ATGL,155.28,155.28
UNIPARTS,17.2,17.2
SHRIRAMPPS,5.85,5.85
NILASPACES,46.65,46.65
AWHCL,16.87,16.87
RPSGVENT,13.52,13.52
MSTCLTD,25.47,25.47
ANUP,39.69,39.69
ARVINDFASN,66.79,63.71
PAR,23.2,23.2
RVNL,41.88,41.88
POLYCAB,52.66,52.66
METROPOLIS,74.08,74.08
KPITTECH,69.27,69.27
NEOGEN,112.63,112.63
EMAMIPAP,14.54,14.54
CONFIPET,24.22,24.22
PPL,10.63,10.63
DGCONTENT,26.22,26.22
INDIAMART,44.59,44.41
OAL,6791.01,6791.01
SATIA,5.27,5.27
WEL,174.06,174.06
CHEMCON,34.56,34.56
WESTLIFE,193.56,193.56
HNDFDS,82.13,82.13
MAZDOCK,30.77,30.77
IRCTC,73.96,71.96
DCI,29.43,29.43
360ONE,34.27,34.27
HPIL,56.77,56.77
FLUOROCHEM,91.88,91.88
GREENPANEL,25.57,25.57
APOLLOPIPE,53.06,53.06
MGEL,15.73,15.73
ROUTE,24.79,25.71
HOMEFIRST,27.78,27.78
CSBBANK,10.75,10.75
EQUITASBNK,13.62,13.62
ROSSARI,30.89,30.89
PRINCEPIPE,31.07,33.23
LIKHITHA,21.83,21.83
PATANJALI,62.95,62.95
SUMICHEM,59.92,59.92
ASALCBR,18.84,18.84
UNIVPHOTO,12.49,12.49
BAFNAPH,23.03,23.03
SUVENPHAR,45.88,45.88
STOVEKRAFT,58.91,58.91
RAJRATAN,43.15,43.15
HAPPSTMNDS,52.42,52.59
GLAND,42.59,40.46
BOROLTD,45.32,45.32
MAXHEALTH,76.44,76.44
AAATECH,41.08,41.08
KALYANKJIL,77.96,74.86
BTML,36.52,36.52
UNIDT,54.8,54.8
SIGACHI,43.27,43.27
ADL,,1834.83
NIRAJ,35.07,15.48
CAMS,49.96,49.96
SURYODAY,11.12,11.12
UTIAMC,14.65,14.65
BECTORFOOD,54.3,54.3
ORCHPHARMA,40.75,58.97
INDIGOPNTS,46.04,46.04
LXCHEM,65.82,65.82
FAIRCHEMOR,45.23,45.23
KANPRPLA,46.69,46.69
ISGEC,27.38,27.38
PAKKA,30.79,30.79
CLSEL,8.84,8.84
SHAILY,58.51,58.51
BCLIND,15.76,15.69
SBCL,41.73,41.73
SMCGLOBAL,11.36,11.36
ARIHANTCAP,13.99,13.99
NAZARA,58.21,58.21
GENCON,15.49,15.49
HLEGLAS,60.63,57.22
SONACOMS,68.71,67.85
DRCSYSTEMS,27.38,27.38
PARAS,85.81,85.81
DODLA,39.94,39.94
EXXARO,203.3,137.52
ROLEXRINGS,26.5,26.5
KIMS,45.31,45.31
CLEAN,54.48,54.48
ABSLAMC,19.7,19.7
WINDLAS,20.86,20.86
CARTRADE,52.84,52.84
APTUS,26.34,26.34
SUPRIYA,26.75,26.75
VIJAYA,60.82,60.02
BAJAJHCARE,41.11,41.11
AAREYDRUGS,35.77,38.19
GRINFRA,11.42,11.42
STEELCAS,17.61,17.61
HPAL,50.1,50.48
UGROCAP,20.97,20.97
KPIGREEN,73.22,73.12
YUKEN,146.36,148.35
SGIL,44.65,44.65
ANANDRATHI,75.01,75.01
SJS,25.55,25.55
FINOPB,27.69,27.69
NYKAA,1259.98,1259.98
AWL,257.27,205.68
MONARCH,19.48,19.48
SAPPHIRE,47.95,47.95
PRUDENT,49.55,49.55
EPIGRAL,27.39,27.39
NUVOCO,80.3,80.3
GOCOLORS,65.25,65.25
TRACXN,33.44,33.44
CMSINFO,19.82,19.82
FUSION,10.8,10.8
COASTCORP,219.56,219.56
TARSONS,42.53,42.53
MEDPLUS,183.25,183.25
TEGA,56.71,56.71
RATEGAIN,60.08,60.08
MANORG,129.43,129.43
LATENTVIEW,67.1,67.1
METROBRAND,88.64,88.64
MICEL,69.95,122.98
PASUPTAC,31.18,31.18
FOODSIN,18.54,18.47
PARADEEP,62.53,62.53
MAPMYINDIA,82.93,82.93
ABMINTLLTD,263.24,263.24
TMB,7.17,7.17
KRITI,27.53,27.53
MANYAVAR,54.3,54.3
GANESHBE,18.82,18.73
GVPTECH,156.99,156.99
DMCC,66.71,66.71
MEDICAMEQ,61.39,61.39
EMIL,48.6,48.6
SHIVALIK,50.79,50.79
DATAPATTNS,95.15,95.15
MEDANTA,83.23,83.23
AHL,23.55,23.55
MALLCOM,19.15,19.15
IRIS,49.71,49.71
ASIANENE,52.7,49.17
SMLT,19.15,19.15
NRL,51.39,51.39
RADIANTCMS,17.71,17.71
CHOICEIN,55.94,55.94
HARIOMPIPE,28.51,28.51
GRWRHITECH,20.47,20.47
DCMSRIND,16.21,16.21
RAJRILTD,377.14,377.14
EMUDHRA,79.49,79.49
DYCL,27.45,27.45
FIVESTAR,27.33,27.33
VIRINCHI,25.72,25.72
SBC,68.63,68.63
DHRUV,29.16,29.16
ELDEHSG,28.39,28.39
ELIN,67.85,67.85
SEJALLTD,103.53,103.53
MHLXMIRU,28.24,28.24
RELCHEMQ,29.98,29.98
GATEWAY,19.74,19.74
SYRMA,70.34,69.8
ZIMLAB,34.43,34.43
JTLIND,49.88,49.88
CAMPUS,93.51,93.51
RAINBOW,72.14,72.14
VENUSPIPES,56.11,56.11
AETHER,90.05,86.21
ROTO,34.43,34.43
MEGASTAR,33.76,33.76
INDOBORAX,13.84,13.84
LANDMARK,46.57,44.49
RACE,208.42,208.42
AVONMORE,26.46,26.46
ETHOSLTD,81.1,81.1
DREAMFOLKS,36.07,36.07
MSUMI,51.85,51.85
DHARMAJ,17.9,17.9
HARSHA,35.27,35.27
OBCL,159.83,159.83
INDOAMIN,18.42,18.42
INOXGREEN,137.22,137.22
ACI,19.59,19.59
BIKAJI,70.98,70.98
RITCO,21.28,21.28
SADHNANIQ,319.27,319.27
HARDWYN,147.56,147.56
CHEVIOT,11.66,11.66
HMAAGRO,26.56,26.56
MEDICO,53.55,53.55
KFINTECH,53.71,53.71
YATHARTH,50.96,50.96
DCXINDIA,43.24,43.24
KAYNES,96.48,96.48
NGLFINE,38.52,38.52
AXITA,29.44,29.44
SENCO,46.26,46.26
TRU,146.04,146.04
RADHIKAJWE,17.03,17.03
TIPSFILMS,256.26,256.26
SPLPETRO,37.31,37.31
RAMRAT,32.45,32.45
CSLFINANCE,17.27,17.27
RUSTOMJEE,158.24,158.24
GENSOL,100.96,100.96
DBOL,18.51,18.51
GSLSU,61.13,61.13
SPORTKING,14.97,14.97
MANORAMA,97.93,97.93
GRMOVER,16.84,16.84
SYNCOMF,70.86,70.78
DJML,80.79,80.79
SULA,48.85,48.85
KRITINUT,11.46,11.46
AVALON,77.05,77.05
BAIDFIN,17.53,17.53
KAMOPAINTS,156.33,156.33
SCPL,24.17,24.17
SUKHJITS,13.69,13.69
MANKIND,52.55,52.55
SKYGOLD,53.49,53.49
SATINDLTD,3.92,3.92
DIVGIITTS,57.32,57.32
IKIO,35.17,35.17
MANOMAY,24.23,24.23
FAZE3Q,19.84,19.84
LLOYDSME,28.21,28.21
AARTIPHARM,23.85,23.85
SAHYADRI,15.62,15.62
NINSYS,71.43,71.43
SBGLP,107.98,107.98
ASMS,1.69,
HYBRIDFIN,22.43,22.43
SAH,273.83,273.83
CYIENTDLM,86.52,86.52
AKI,161.28,161.28
ATAM,39.05,39.05
IDEAFORGE,85.38,85.38
LAL,45.72,45.72
POCL,12.81,22.24
REDTAPE,112.2,112.2
PTCIL,389.53,389.53
NETWEB,143.48,143.48
GHCLTEXTIL,53.22,53.22
KIRLPNU,51.21,48.98
ATL,57.28,57.28
NIITMTS,39.72,38.78
SINDHUTRAD,20.08,20.08
TREL,14.71,65.89
DABUR,51.91,51.91
HEROMOTOCO,24.43,23.65
HARRMALAYA,125.03,125.03
GMBREW,9.34,9.34
ITC,26.14,26.21
HINDCOMPOS,17.26,17.26
IOC,5.64,5.64
RICOAUTO,36.87,35.57
IFBAGRO,86.92,86.92
BANCOINDIA,17.15,17.15
MANINDS,23.35,23.35
SIYSIL,10.26,10.26
SHANTIGEAR,56.41,56.41
ONWARDTEC,29.13,29.13
NCC,22.69,22.37
ICIL,22.62,22.62
ELGIEQUIP,52.56,65.65
BBTC,,4.97
EIHOTEL,61.27,53.82
LICHSGFIN,7.16,7.16
BEPL,19.27,19.27
MOREPENLAB,32.23,32.23
VENKEYS,35.97,35.97
GHCL,5.17,6.5
HIL,48.92,193.69
EVERESTIND,76.04,98.45
BPL,33.49,33.49
PGHH,69.25,69.25
VESUVIUS,37.86,37.86
BOMDYEING,1.38,
NAVNETEDUL,18.91,26.3
GLAXO,66.7,59.36
CHOLAFIN,32.66,32.66
INDHOTEL,67.68,67.68
KOTAKBANK,17.96,17.96
JAYSREETEA,26.07,
FOSECOIND,29.06,33.41
GABRIEL,32.99,32.99
RALLIS,35.9,36.07
PRAKASH,9.38,9.38
GREAVESCOT,,43.85
SURYAROSNI,18.59,18.59
SHREECEM,41.03,41.03
INGERRAND,55.98,55.98
AKZOINDIA,27.16,27.16
HINDUNILVR,51.54,51.56
AMBUJACEM,25.58,26.8
DCW,44.88,43.76
BAJFINANCE,29.4,29.4
TNPL,7.1,7.1
SWARAJENG,21.13,21.13
TNPETRO,15.53,12.31
AUSOMENT,31.33,31.33
ZENITHEXPO,46.98,46.98
VISAKAIND,224.57,224.57
CREST,18.61,18.61
INDIANCARD,24.73,
DENORA,43.17,43.17
MIRZAINT,47.9,47.9
GANESHHOUC,17.06,17.06
MPHASIS,27.95,27.95
RUCHINFRA,25.73,66.59
RAMCOIND,20.03,20.49
INDRAMEDCO,20.61,20.61
MADRASFERT,,69.52
SKMEGGPROD,7.18,7.18
KCPSUGIND,9.32,9.12
HUDCO,20.82,20.82
SAREGAMA,44.15,44.15
FDC,25.23,25.23
ENGINERSIN,30.7,30.7
GMDCLTD,15.85,15.85
INDUSINDBK,12.98,12.98
TRIGYN,103.23,103.23
J&KBANK,8.39,8.39
CUB,12.09,12.09
ARCHIES,35.11,35.11
ASTRAZEN,97.25,88.32
AXISBANK,13.36,13.36
SONATSOFTW,59.36,5.14
KOKUYOCMLN,36.46,36.46
DHANBANK,11.74,11.74
SANGHVIMOV,33.67,33.67
THERMAX,90.51,100.59
RIIL,189.65,189.65
RAYMOND,22.46,21.39
SHREDIGCEM,18.73,18.73
SMLISUZU,35.38,35.38
SUNDRMFAST,46.6,46.6
LAXMIMACH,44.37,44.37
PEL,,22.69
MAHSCOOTER,44.28,44.28
TRENT,118.39,192.11
KCP,8.76,8.74
JBCHEPHARM,55.94,55.94
IONEXCHANG,39.53,39.53
IFBIND,117.47,117.47
HIMATSEIDE,12.06,12.06
GFLLIMITED,.39,
BHARATFORG,72.07,70.36
ATUL,57.74,57.74
TATAMOTORS,17.56,16.85
LINDEINDIA,222.28,222.28
ESCORTS,38.34,38.34
BAJAJHLDNG,64.63,64.63
ZUARIIND,1.46,
TATASTEEL,,50.93
SPIC,11.64,11.64
RELIANCE,24.43,24.43
NOCIL,35.95,35.95
DEEPAKFERT,14.76,14.76
HINDOILEXP,10,10
PGHL,36.45,36.45
TATACHEM,72.38,21.98
EPL,22.37,22.37
VLSFINANCE,3.78,3.78
SRF,83.45,83.45
BBOX,31.06,20.98
HONAUT,84.1,84.1
SHREYANIND,3.48,3.48
ADANIENT,96.96,90.38
INDBANK,26.86,26.86
RAJSREESUG,10.01,10.01
BANARISUG,17.65,17.65
KPIL,41.69,46.23
JYOTISTRUC,111.15,111.15
JAYNECOIND,24.09,22.11
SOTL,18.71,18.71
KARURVYSYA,10.56,10.56
WSI,25.53,27.42
SUNFLAG,27.04,27.04
VSTIND,19.89,19.89
UNIVCABLES,75.9,75.9
IFCI,54.92,55.36
HLVLTD,73.7,85.78
HEIDELBERG,29.04,29.04
PCBL,20.6,20.6
EIHAHOTELS,33.83,33.83
SAIL,26.56,23.93
STYRENIX,15.87,15.87
IDBI,16.57,16.57
ELECTCAST,18.03,18.03
SUPERHOUSE,15.27,15.27
PDSL,27.1,27.1
MONTECARLO,14.32,14.32
APOLSINHOT,40.2,40.2
GRPLTD,76.76,76.76
MOLDTKPAC,37.84,37.84
GANECOS,77.75,77.75
HESTERBIO,88.49,88.49
MANAKCOAT,28.07,39.79
AVANTIFEED,19.13,18.93
PRIVISCL,49.25,49.25
TPLPLASTEH,40.7,40.7
SKIPPER,44.56,44.56
SHYAMCENT,41.25,41.25
ADANIENSOL,98.76,88.66
RAMASTEEL,55.51,55.51
MUTHOOTCAP,3.75,26.41
ARVSMART,59.93,59.93
SADBHIN,,1.1
LUXIND,43.97,43.97
KRIDHANINF,,155.55
OCCL,15.3,15.3
VIDHIING,65.9,65.9
WEALTH,30.31,30.31
ALBERTDAVD,9.74,9.74
GLOBAL,14.01,14.01
TASTYBITE,63.01,63.01
NRAIL,6.05,6.05
WIPL,31.89,31.89
DEVIT,28.56,28.56
SCHAND,33.81,33.81
GLOBE,21.03,21.03
ERIS,31.28,31.28
DYNPRO,96.02,96.02
WEWIN,36.03,36.03
COCHINSHIP,60.07,67.86
WORTH,12.83,12.83
AARVI,18.27,18.27
RKEC,14.97,14.97
TIRUPATIFL,26,26
TCPLPACK,20.64,20.64
DPABHUSHAN,53.59,53.59
KHADIM,64.22,64.22
VERTOZ,84.54,84.54
ICEMAKE,37.31,37.31
TOUCHWOOD,59.69,59.71
AJOONI,64.28,64.28
APOLLO,117.62,112.58
SINTERCOM,371.57,371.57
ARVEE,307.94,307.94
MACPOWER,79.64,79.64
SUNDARMHLD,139.13,139.13
URAVI,347.62,347.62
AVG,19.63,19.63
BSHSL,108.18,108.18
ORIENTELEC,55.77,67.13
BORORENEW,509.44,
AFFLE,56.08,56.08
SPANDANA,11.98,11.98
UJJIVANSFB,8.39,8.39
SAFARI,57.41,57.41
IIFLSEC,10.25,10.25
KUANTUM,6.65,6.65
CHEMBOND,16.1,16.1
SBICARD,28.36,28.36
SIGMA,20.18,20.18
EASEMYTRIP,54.55,54.55
HINDWAREAP,42.46,42.46
ARTEMISMED,55.67,55.67
ATALREAL,71.48,71.48
MAHEPC,234.26,181.96
POWERINDIA,387.8,387.8
KSOLVES,40.48,40.48
AARTISURF,26.75,26.75
NDRAUTO,33.18,33.18
PAVNAIND,36.93,36.93
SHAREINDIA,16.12,16.1
ANGELONE,21.03,21.03
VALIANTORG,24.23,27.05
ROML,19.38,17.6
RAILTEL,48.85,50.77
NURECA,347.76,347.76
HERANBA,27.71,27.71
MTARTECH,68.93,68.93
ANURAS,45.68,45.68
STYLAMIND,22.54,22.54
CARYSIL,45.91,45.91
MODISONLTD,19.17,23.53
BHAGCHEM,92.88,92.88
IPL,28.84,28.84
LODHA,74.04,69.73
UTKARSHBNK,12.04,12.04
CRAFTSMAN,27.18,27.18
JUBLINGREA,41.36,41.37
SHYAMMETL,14.94,14.94
TATVA,93.62,93.62
GLS,21.62,21.62
DEEPINDS,11.33,15.34
PIXTRANS,22.83,22.83
KRSNAA,33.71,33.71
DEVYANI,198.01,207.84
ANMOL,10.47,10.47
AMIORG,99.31,45.81
SANSERA,30.43,30.43
PRITIKAUTO,28.59,28.59
INTLCONV,8.79,8.79
DRREDDY,20.15,20.15
CHAMBLFERT,13.32,13.32
MAHSEAMLES,10.41,10.38
BALMLAWRIE,28.38,28.38
VINDHYATEL,20,20
ASIANPAINT,51.99,51.82
CENTURYTEX,107.96,46.78
CENTENKA,28.31,28.31
TORNTPHARM,61.55,64.73
FEDERALBNK,10.16,10.16
VIPIND,106.06,62.53
BIRLACABLE,23.78,23.78
AEGISCHEM,35.73,35.73
UNICHEMLAB,272.66,
JTEKTINDIA,43.76,46.4
SUNPHARMA,40.77,38.72
ARE&M,25.27,24.28
NEULANDLAB,30.22,30.22
BERGEPAINT,51.76,51.94
IGARASHI,133.52,133.52
HSCL,42.83,42.83
ARENTERP,21.36,21.36
THOMASCOOK,46.61,46.61
WIPRO,21.53,21.53
SOMANYCERA,28.96,28.11
LIBERTSHOE,87.7,82.96
MODTHREAD,7.38,7.38
MANGLMCEM,41.96,41.96
OSWALAGRO,7064.58,7064.58
HONDAPOWER,29.39,27.88
HISARMETAL,17.51,17.51
BSE,55.28,113.95
PRICOLLTD,41.14,41.14
JITFINFRA,53.48,53.48
INTENTECH,16.89,16.89
ARIHANTSUP,29.49,29.49
CLEDUCATE,27.08,21.56
STARCEMENT,31.68,31.68
CDSL,53.32,53.32
GTPL,17.58,17.58
AVADHSUGAR,7.65,7.65
GANGESSECU,36.92,36.92
SIS,38.43,38.43
SMSLIFE,102.47,
DIXON,144.14,144.14
CAPACITE,29,29
GODREJAGRO,40.98,40.98
MASFIN,19.13,19.13
TIINDIA,63.24,62.52
5PAISA,29.16,29.16
NEWGEN,55.23,55.23
GALAXYSURF,28.31,28.31
ASTERDM,41.06,
HGINFRA,14.61,14.95
BANDHANBNK,13.31,13.31
SANDHAR,29.99,30.69
MIDHANI,70.74,70.74
LEMONTREE,79.99,79.99
INDOSTAR,26.71,26.71
ADANIGREEN,288.2,231.11
FINEORG,29.1,29.1
VARROC,16.09,16.09
CREDITACC,16.99,16.99
SIGIND,13.61,13.61
TECHNOE,55.54,55.54
DALBHARAT,39.41,39.41
CHALET,81,75.04
PENINLAND,10.99,18.36
WHEELS,39.02,39.02
ZODIACLOTH,28.09,
PREMIERPOL,22.71,22.71
SESHAPAPER,8.08,8.08
FACT,119.98,102.62
EXIDEIND,44.37,44.37
RUBYMILLS,16.84,16.84
GRAPHITE,15.5,417.41
BBL,33.94,33.94
DHAMPURSUG,10.94,10.94
ELECON,34.05,34.05
CRISIL,48.29,48.29
ORIENTPPR,18.68,18.68
NELCO,73.59,73.59
MASTEK,25.5,25.3
LUMAXIND,51.89,47.98
KECL,47.85,47.85
CUMMINSIND,72.66,72.59
JAYBARMARU,36.4,36.4
INFY,22.55,22.55
INDIAGLYCO,15.74,15.74
IGPL,23.81,23.81
GNFC,14.41,14.41
BPCL,4.97,4.67
BASF,38.18,39.09
ARVIND,24.7,24.83
ACC,20.12,22.66
SCI,14.77,14.77
MRPL,11.21,11.18
HINDPETRO,5.04,5.04
ASHOKLEY,23.16,23.39
VOLTAS,117.03,117.03
TITAN,83.33,83.33
SUNDARMFIN,36.45,36.45
VEDL,20.25,30.35
SBIN,11.13,10.3
PFIZER,38.91,38.52
BOSCHLTD,38.11,52.87
BATAINDIA,64.7,59.17
CARBORUNIV,66.73,66.73
DICIND,,368.69
COROMANDEL,21.59,21.59
RAMCOCEM,43.78,43.78
BEML,79.03,79.03
ADORWELD,28.85,28.85
VTL,22.74,22.74
ATFL,168.88,241.1
SUPREMEIND,69.57,69.57
BALRAMCHIN,13.84,13.84
WEIZMANIND,23.69,23.69
RANEHOLDIN,19.87,9.77
TATAELXSI,55.71,55.71
SANDESH,7.33,7.34
HCC,12.93,45.46
APOLLOHOSP,107.61,107.77
BALKRISIND,38.3,38.3
GET&D,234.35,45.75
ONGC,7,6.26
GILLETTE,55.66,55.66
KANSAINER,19.78,34.87
3MINDIA,61.03,61.03
SCHAEFFLER,66.91,66.66
AMJLAND,19.76,19.76
MFSL,68.86,68.86
KOPRAN,29.22,29.22
GODFRYPHLP,25.2,25.2
TATAINVEST,108.64,108.64
SUDARSCHEM,15.78,60.45
IPCALAB,55.82,61.08
HINDALCO,15.29,15.32
GSFC,12.53,12.53
FINPIPE,38.98,38.98
EIDPARRY,6.58,6.58
CGPOWER,95.78,98.13
BEL,48.09,48.09
DALMIASUG,10.34,10.34
MRF,25.77,25.77
STARPAPER,5.62,5.32
JAYAGROGN,14.33,14.33
KEYFINSERV,12.1,12.1
HITECHGEAR,18.08,51.36
SAGCEM,79.25,137.13
MMFL,21.23,21.34
GUJRAFFIA,37.76,37.76
BANKBARODA,7.43,7.43
BANKINDIA,10.6,10.6
TAJGVK,40.43,40.43
KRBL,11.04,11.04
BALAJITELE,25.95,25.95
STLTECH,69.43,69.43
SMARTLINK,1079.79,1079.79
MCDOWELL-N,70.52,70.36
ASAL,65.27,65.27
OFSS,30.71,30.71
GODREJIND,47.68,47.68
VARDHACRLC,26.36,26.36
JAIBALAJI,18.25,18.25
UPL,,19.81
VAIBHAVGBL,50.69,49.65
POONAWALLA,22.43,32.83
ULTRACEMCO,40.43,40.12
NTPC,19.23,19.23
INDOCO,30.69,28.6
CONSOFINVT,2.41,2.41
SAKSOFT,29.16,29.16
SSWL,16.91,16.91
PRIMESECU,31.73,31.73
GEOJITFSL,17.26,17.26
GOLDIAM,20.38,20.38
FIEMIND,19.39,19.39
GESHIP,5.9,5.9
MANALIPETC,74.48,74.48
DONEAR,19.57,19.57
SOBHA,203.04,203.04
JINDRILL,22.48,22.48
PLASTIBLEN,20.14,20.14
HBLPOWER,63.44,62.62
TIDEWATER,25,25
SARLAPOLY,30.65,30.65
AUTOIND,170.94,53.23
PITTIENG,36.15,36.15
IZMO,17.58,17.58
PGIL,14.58,16.1
TFL,77.86,77.86
LAOPALA,27.15,27.15
BANSWRAS,10,10
NDLVENTURE,205.55,205.55
FORTIS,60.74,62.78
HILTON,27.7,27.7
NAGREEKEXP,10.27,10.27
ALPA,10.99,11.02
KPRMILL,35.63,35.63
MANGCHEFER,6.11,6.11
MAWANASUG,8.77,8.65
EXPLEOSOL,19.44,19.44
REFEX,15.5,15.51
DBCORP,14.11,14.11
WHIRLPOOL,86.74,86.74
THANGAMAYL,27.24,27.24
MANINFRA,24.13,24.13
TI,26.75,33.04
BAJAJCON,22.84,22.84
ADFFOODS,36.83,36.83
CAREERP,27.25,27.26
WABAG,101.92,21.3
JWL,61.83,61.83
RESPONIND,57.03,57.03
PENIND,19.15,19.15
KIRLOSENG,39.77,37.54
SUMMITSEC,24.79,24.79
HFCL,41.95,41.95
PIIND,34.43,34.43
OMINFRAL,24.84,24.84
DELPHIFX,14.79,14.79
NATHBIOGEN,9.35,9.86
WONDERLA,32.6,32.6
SNOWMAN,70.22,70.22
TAINWALCHM,52.4,52.4
BSL,14.86,13.12
BLUEDART,57.53,57.53
APCOTEXIND,36.93,36.93
RCF,26.76,41.08
DECCANCE,20.23,20.23
TATAPOWER,45.52,48.73
ADVANIHOTR,29.09,29.09
SUBROS,46.2,46.2
SIEMENS,108.48,108.48
BHARATRAS,67.07,67.03
TOKYOPLAST,83.63,58.73
MURUDCERA,45.7,45.7
M&M,24.75,24.8
KABRAEXTRU,45.08,45.08
PRSMJOHNSN,43.48,
POLYPLEX,37.21,37.21
3PLAND,32.7,32.7
JINDALSAW,13.38,13.38
ABB,117.83,117.83
CANFINHOME,13.47,13.47
BRITANNIA,57.04,56.98
DCMSHRIRAM,35.41,35.41
NAVKARCORP,284.43,284.43
INDIGO,21.44,21.44
ALKEM,39.1,35.52
QUICKHEAL,105.49,105.49
KELLTONTEC,,18.93
HCG,223.77,223.77
SAGARDEEP,120.93,120.93
SHRIPISTON,20.89,20.89
RADIOCITY,195.46,195.46
DOLLAR,53.1,52.59
BHAGYANGR,7.31,7.31
AUBANK,30.68,29.48
SALASAR,62.28,61.69
THEINVEST,37.39,37.39
ABCAPITAL,23.06,23.06
MATRIMONY,25.54,25.54
SHALBY,35.06,35.06
GMMPFAUDLR,32.39,32.39
EICHERMOT,37.62,37.62
ZENSARTECH,21.45,21.45
ANIKINDS,43.64,43.64
MUNJALSHOW,14.05,16.45
RANASUG,6.59,6.59
UFLEX,,16.65
SPMLINFRA,40.45,40.45
TATACOMM,51.76,57.02
SANOFI,32.62,33.32
KAJARIACER,42.5,42.16
PIDILITIND,86.7,86.7
BIRLACORPN,28.28,28.71
ASHAPURMIN,14.84,17.91
AUTOAXLES,17.25,17.25
KHAITANLTD,101.15,101.15
ANDHRSUGAR,18.96,18.51
EIMCOELECO,31.97,31.97
SILINV,13.64,13.64
SUNDRMBRAK,26.19,26.19
STERTOOLS,27.49,26.53
TVSSRICHAK,30.28,29.96
DYNAMATECH,65.2,81.87
ALKYLAMINE,64.94,64.94
KOTHARIPET,12.5,12.5
INDNIPPON,28.53,28.53
ICICIBANK,17.9,17.9
CHENNPETRO,5.34,5.34
GAEL,22.63,22.63
HIKAL,50.75,50.75
MPSLTD,23.09,23.09
PNB,20.08,20.08
CANBK,7.55,7.55
RADICO,99.14,99.14
JSL,20.44,21.01
DREDGECORP,47.09,46.31
MUKANDLTD,12.44,12.44
DATAMATICS,17.12,17.12
APARINDS,37.09,37.09
TEXINFRA,405.66,405.66
ASTRAMICRO,85.84,85.84
JBMA,123.64,123.64
XCHANGING,105.81,105.81
EVEREADY,59.46,59.46
JSWHL,61.73,61.73
MSPL,47,41.32
TALBROAUTO,30,30
FSL,26.75,26.75
INDIANB,8.81,8.81
AMDIND,20.53,20.53
THEMISMED,71.08,71.08
DISHTV,,15.28
WEBELSOLAR,,90.62
NAVINFLUOR,50.67,58.77
V2RETAIL,99.63,99.63
MEGASOFT,49.69,49.69
CENTRALBK,21.42,21.42
PURVA,171.1,171.1
KSCL,15.2,15.2
DELTACORP,14.64,14.64
MHRIL,70.13,70.13
GLOBUSSPR,17.09,17.09
DLINKINDIA,12.93,12.93
MMTC,218.78,403.28
JUBLFOOD,129.03,129.03
HATHWAY,60.33,60.32
PERSISTENT,47.84,47.84
KSL,14.36,14.36
KIRLOSIND,13.9,13.08
IMFA,10.46,10.32
RAMKY,2.74,81.03
PRESTIGE,32.81,33.01
GRAVITA,26.48,26.48
MOIL,30.32,30.32
JUBLINDS,102.56,27.08
DHUNINV,13.38,13.38
MUTHOOTFIN,15.65,15.65
ORBTEXP,15.08,15.08
SDBL,27.29,27.29
CAPLIPOINT,22.53,22.53
MUNJALAU,200.66,19.38
GRINDWELL,63.29,63.25
VOLTAMP,46.32,46.32
ACE,61.56,61.56
ANANTRAJ,47.42,47.42
ALICON,11.62,11.62
GEECEE,81.07,81.07
DCBBANK,7.96,7.96
RUCHIRA,6.59,6.59
VENUSREM,14.42,14.42
PARACABLES,29.34,29.34
AVTNPL,25.82,25.82
LUMAXTECH,22.96,21.75
WANBURY,19.9,19.41
TIIL,18.88,18.88
REDINGTON,13.2,13.2
SMSPHARMA,40.38,40.38
PAGEIND,71.21,71.21
JKTYRE,14.24,14.33
NCLIND,12.03,12.03
BALAMINES,32.05,32.05
PHOENIXLTD,45.11,46.65
BFUTILITIE,11.43,11.43
TGBHOTELS,28.92,28.92
TIMETECHNO,22.32,22.32
NELCAST,25.7,35.01
DLF,170.86,170.86
ADSL,18.8,18.8
ISMTLTD,18.97,17.77
NAGREEKCAP,.51,.51
CENTUM,88.87,88.87
POWERGRID,17.99,17.99
MAANALU,19.4,19.4
BAJAJELEC,69.24,69.24
CERA,39.21,38.37
RELIGARE,1.94,16.61
ADANIPORTS,33.71,32.43
KOLTEPATIL,46.4,46.4
COLPAL,61.7,60.95
KALYANIFRG,34.6,34.6
ECLERX,22.61,22.55
TRIL,183.87,183.87
PATINTLOG,26.31,26.31
ARIES,22.26,22.26
AMBIKCO,13.73,13.73
CEATLTD,16.43,15.28
JKIL,16.45,16.45
KNRCON,13.22,13.22
HERCULES,14.32,52.17
ONMOBILE,59.09,49.01
IRB,53.52,53.52
NMDC,12.27,13.96
RECLTD,9.62,9.62
NESCO,17.14,17.14
BAJAJFINSV,16.49,16.49
GOKUL,69.77,15.54
RBL,20.01,19.56
LOTUSEYE,36.21,36.24
UBL,154.72,154.72
20MICRONS,11.89,11.63
TATAMTRDVR,1.81,1.73
COUNCODOS,27.51,27.51
AJMERA,33.06,33.06
GKWLIMITED,78.37,78.37
ADANIPOWER,10.91,10.91
OIL,10.21,10.24
ZYDUSWELL,39.83,36.83
SHILPAMED,973.64,973.64
JSWENERGY,65.11,65.11
GODREJPROP,109.88,109.88
BEARDSELL,15.67,15.67
UNITEDTEA,10.72,10.72
EMMBI,25.36,25.36
ISFT,21.75,21.75
MANAPPURAM,7.99,7.99
HMVL,73.74,73.74
AHLEAST,14.12,23.94
UGARSUGAR,12.51,12.51
GPPL,28.38,28.02
KILITCH,43.38,43.38
SASTASUNDR,27.1,26.84
GREENPOWER,44.12,65.47
CANTABIL,27.82,27.82
BEDMUTHA,35.9,35.9
CGCL,51.87,51.87
COALINDIA,8.85,8.85
JINDWORLD,92.3,92.3
JAMNAAUTO,26.36,26.36
PSB,44.28,44.28
KICL,38.75,62.48
TEXRAIL,98.81,98.81
LOVABLE,45.55,45.55
PFS,14.86,14.86
SYMPHONY,44.4,44.05
RELAXO,101.92,101.92
ASHIANA,49.79,49.79
MAITHANALL,12.04,12.04
RUSHIL,18.64,18.64
BODALCHEM,132.15,132.15
FILATEX,23.75,23.75
TDPOWERSYS,38.49,38.8
TECHIN,23.86,23.86
PGEL,52.44,52.44
PAISALO,31.96,32.02
TRITURBINE,72.68,72.68
INDOTHAI,63.68,63.68
DSSL,29.84,29.84
POLYMED,63.68,63.82
VIKASECO,84.35,84.35
MINDACORP,34.87,34.87
DBSTOCKBRO,24.72,24.72
COMPUSOFT,32.12,32.12
NDL,26.21,26.21
HEXATRADEX,9.41,9.41
VSSL,24.42,24.42
SPECIALITY,11.11,12.51
MAYURUNIQ,20.13,20.13
ROSSELLIND,129.41,128.54
ZUARI,,5.14
CARERATING,36.21,36.21
REPCOHOME,8.72,8.72
JUSTDIAL,25.69,25.69
ATULAUTO,292.82,292.82
ORIENTCEM,26.06,26.06
IBULHSGFIN,7.05,7.05
JPOLYINVST,3.08,3.03
SREEL,24.01,24.01
CASTROLIND,22.53,22.53
BUTTERFLY,51.93,51.93
HATSUN,88.88,88.88
GOCLCORP,35.29,37.08
SHARDACROP,37.05,37.05
CIGNITITEC,21.92,21.92
GOODLUCK,22.71,22.71
FCL,34.6,34.6
GULPOLY,51.82,51.82
LAMBODHARA,43.64,43.64
GENUSPAPER,199.09,199.09
VISHNU,18.66,18.66
JMA,8.75,8.75
LFIC,6.53,6.53
BYKE,57.94,57.94
VRLLOG,37.97,38.09
ARROWGREEN,25.32,25.32
ALANKIT,23.11,23.11
ORICONENT,31.22,25.41
AYMSYNTEX,,399.83
PKTEA,362.77,362.77
SATIN,6.27,6.27
SHARDAMOTR,16.57,16.57
GUJGASLTD,33.07,34.4
COFFEEDAY,50.76,8.68
SHK,28.62,23.48
TTKHLTCARE,32.16,32.16
SALZERELEC,31.09,31.09
PILANIINVS,29.75,29.75
LALPATHLAB,58.58,58.58
PRECAM,39.83,56.71
TEAMLEASE,48.37,48.95
BHAGERIA,41.63,41.63
KDDL,26.04,26.1
PDMJEPAPER,11.52,11.52
INFIBEAM,62.13,62.13
CROMPTON,47.29,47.29
PARAGMILK,23.71,23.71
BLS,43.86,47.02
ASPINWALL,32.57,32.57
SALONA,19.33,19.33
PREMEXPLN,104.53,104.53
MAHASTEEL,41.89,52.42
DAMODARIND,39.82,39.82
MGL,10.79,10.79
POKARNA,17.5,17.5
VIJIFIN,206.66,206.66
GPTINFRA,24.42,24.42
MINDTECK,32.88,32.88
ADVENZYMES,32.03,31.37
SPAL,17.55,17.55
RBLBANK,12.22,12.22
CUPID,37.03,37.03
LTTS,36.42,36.42
MARATHON,18.69,18.69
HPL,63.9,63.9
ENDURANCE,45.67,45.67
MAZDA,17.91,17.91
PNBHOUSING,13.32,13.32
KINGFA,19.89,19.89
NBIFIN,63.05,63.05
SFL,50.64,53.01
LAURUSLABS,140.73,140.73
