SYMBOL,SERIES,SECURITY,HIGH/LOW,INDEX FLAG
676GS2061,GS,GOI LOAN  6.76% 2061,H
AAATECH,EQ,AAA TECHNOLOGIES LIMITED,H
ABCOTS,SM,A B COTSPIN INDIA LIMITED,H
ACSAL,SM,ARVIND AND COMPANY,H
AISL,SM,ANI INTEGRATED SERV LTD.,H
AKI,EQ,AKI INDIA LIMITED,H
ALPEXSOLAR,ST,ALPEX SOLAR LIMITED,H
ANSALAPI,BZ,ANSAL PROP & INFRA LTD,H
ARCHIDPLY,BE,ARCHIDPLY IND. LTD,H
ASMS,EQ,BARTRONICS INDIA LIMITED,H
ATALREAL,BE,ATAL REALTECH LIMITED,H
AUSL,ST,ADITYA ULTRA STEEL LTD,H
BASILIC,ST,BASILIC FLY STUDIO LTD,H
BLUECHIP,BE,BLUE CHIP INDIA LIMITED,H
BOSS,ST,BOSS PACKAGING SOLU LTD,H
CCCL,BE,CONS. CONST. CONSORT LTD,H
CCHHL,BE,COUNTRY CLUB HOSP HOL LTD,H
CELLECOR,SM,CELLECOR GADGETS LIMITED,H
CMNL,SM,CHAMAN METALLICS LIMITED,H
CONTI,ST,CONTINENTAL SEED CHEM LTD,H
CPS,SM,C P S SHAPERS LIMITED,H
DESTINY,ST,DESTINY LOGISTICS & I LTD,H
DIGIDRIVE,BE,DIGIDRIVE DISTRIBUTORS L,H
DREDGECORP,BE,DREDGING CORP OF INDIA,H
EFFWA,SM,EFFWA INFRA & RESEARCH L,H
ESCONET,ST,ESCONET TECHNOLOGIES LTD,H
EXCELLENT,ST,EXCELLENT WIRES N PACK L,H
FEL,BZ,FUTURE ENTERPRISES LTD,H
GANGAFORGE,EQ,GANGA FORGING LIMITED,H
GAYAHWS,BE,GAYATRI HIGHWAYS LIMITED,H
GKWLIMITED,EQ,GKW LIMITED,H
GLOBALE,BE,GLOBALE TESSILE LIMITED,H
GOENKA,BZ,GOENKA DIAMOND&JEWELS LTD,H
GVKPIL,BE,GVK POW. & INFRA LTD.,H
GVPTECH,EQ,GVP INFOTECH LIMITED,H
HEXATRADEX,BE,HEXA TRADEX LIMITED,H
HINDNATGLS,BE,HIND NATL GLASS & IND LTD,H
HITECHCORP,EQ,HITECH CORPORATION LTD,H
HRHNEXT,ST,HRH NEXT SERVICES LIMITED,H
IEL,BE,INDIABULLS ENT LTD,H
INNOMET,ST,INNOMET ADVANCED MATERI L,H
ISHAN,ST,ISHAN INTERNATIONAL LTD,H
JALAN,ST,JALAN TRANSOLU. INDIA LTD,H
KRIDHANINF,EQ,KRIDHAN INFRA LIMITED,H
KSHITIJPOL,BE,KSHITIJ POLYLINE LIMITED,H
MANAKCOAT,BE,MAN COAT METAL & IND LTD,H
MASKINVEST,BE,MASK INVESTMENTS LIMITED,H
MEGAFLEX,SM,MEGA FLEX PLASTICS LTD,H
MICEL,BE,MIC ELECTRONICS LTD,H
MMP,BE,MMP INDUSTRIES LIMITED,H
MSPL,EQ,MSP STEEL & POWER LTD.,H
MYMUDRA,ST,MY MUDRA FINCORP LIMITED,H
NDL,BE,NANDAN DENIM LIMITED,H
NORBTEAEXP,BE,NORBEN TEA &EXPORTS LTD,H
OMKARCHEM,BZ,OMKAR SPL CHEM LTD,H
OSWALAGRO,BE,OSWAL AGRO MILLS LTD,H
PATTECH,SM,PATTECH FITWELL TUB COM L,H
PRATHAM,SM,PRATHAM EPC PROJECTS LTD,H
PRITIKAUTO,EQ,PRITIKA AUTO INDUS LTD,H
PRUDMOULI,BE,PRUDENTIAL SUGAR CORPORAT,H
QUADPRO,SM,QUADPRO ITES LIMITED,H
RADAAN,EQ,RADAAN MEDIAWORKS (I) LTD,H
RELTD,EQ,RAVINDRA ENERGY LIMITED,H
RETAIL,BE,JHS SVENDGAARD RETAIL V L,H
REVATHIEQU,BE,REVATHI EQUIPMENT INDIA L,H
RHFL,EQ,RELIANCE HOME FINANCE LTD,H
RPOWER,EQ,RELIANCE POWER LTD.,H
SANWARIA,BZ,SANWARIA CONSUMER LIMITED,H
SATECH,SM,S A TECH SOFTWARE INDIA L,H
SEJALLTD,BE,SEJAL GLASS LIMITED,H
SELMC,BE,SEL MANUFACTURING CO LTD,H
SETUINFRA,BZ,SETUBANDHAN INFRA LTD,H
SHRADHA,BE,SHRADHA INFRAPROJECTS LTD,H
SHUBHSHREE,ST,SHUBHSHREE BIOFUELS ENE L,H
SIMPLEXINF,BE,SIMPLEX INFRASTRUCTURES L,H
SONUINFRA,ST,SONU INFRATECH LIMITED,H
SPORTKING,EQ,SPORTKING INDIA LIMITED,H
SRM,BE,SRM CONTRACTORS LIMITED,H
SSEGL,SM,SATHLOKHAR SYN E&C GLOB L,H
SUMEETINDS,BE,SUMEET IND LIMITED,H
SURANASOL,EQ,SURANA SOLAR LIMITED,H
SURANAT&P,BE,SURANA TELECOM AND POW LT,H
SYLVANPLY,SM,SYLVAN PLYBOARD (INDIA) L,H
TARMAT,BE,TARMAT LIMITED,H
TBI,ST,TBI CORN LIMITED,H
TCIFINANCE,BE,TCIFINANCELTD-ROLL SETT,H
TCLCONS,BE,TANTIA CONSTRUCTIONS LTD,H
TGL,ST,TEERTH GOPICON LIMITED,H
TIJARIA,BE,TIJARIA POLYPIPES LTD,H
UMESLTD,BE,USHA MARTIN EDU & SOL LTD,H
UNITECH,BZ,UNITECH LIMITED,H
VCL,BE,VAXTEX COTFAB LIMITED,H
VHLTD,BE,VICEROY HOTELS LIMITED,H
VSCL,SM,VADIVARHE SPCLTY CHEM LTD,H
WANBURY,BE,WANBURY LIMITED,H
WINSOME,BE,WINSOME YARNS LIMITED,H
WOCKPHARMA,BE,WOCKHARDT LIMITED-DEPO,H
WOMANCART,ST,WOMANCART LIMITED,H
ADL,BE,ARCHIDPLY DECOR LIMITED,L
AIMTRON,ST,AIMTRON ELECTRONICS LTD,L
AIRAN,BE,AIRAN LIMITED,L
AJOONI,BE,AJOONI BIOTECH LIMITED,L
AKSHAR,BE,AKSHAR SPINTEX LIMITED,L
ALMONDZ,BE,ALMONDZ GLOBAL SEC LTD,L
ALPEXSOLAR,ST,ALPEX SOLAR LIMITED,L
APS,ST,AUSTRALIAN PREM SOLAR I L,L
ASAHISONG,BE,ASAHI SONGWON COLOR LTD,L
ASMS,EQ,BARTRONICS INDIA LIMITED,L
AURIONPRO,EQ,AURIONPRO SOLN LTD,L
AUSL,ST,ADITYA ULTRA STEEL LTD,L
AVROIND,BE,AVRO INDIA LIMITED,L
BAIDFIN,BE,BAID FINSERV LIMITED,L
BAJAJHFL,EQ,BAJAJ HOUSING FINANCE LTD,L
BALAJEE,BE,SHREE TIRUPATI BALAJEE L,L
BALPHARMA,BE,BAL PHARMA LTD.,L
BINANIIND,BE,BINANI INDUSTRIES LTD,L
BIRDYS,ST,GRILL SPLENDOUR SER LTD,L
BMETRICS,SM,BOMBAY METRICS S C LTD,L
CADSYS,SM,CADSYS (INDIA) LIMITED,L
CALSOFT,BE,CALIFORNIA SOFTWARE CO LT,L
CELLECOR,SM,CELLECOR GADGETS LIMITED,L
CGRAPHICS,SM,CREATIVE GRAPHICS S IND L,L
CINEVISTA,BE,CINEVISTA LIMITED,L
CLEDUCATE,BE,CL EDUCATE LIMITED,L
CMMIPL,ST,CMM INFRAPROJECTS LIMITED,L
CORALFINAC,BE,CORAL INDIA FIN & HOUS LT,L
COUNCODOS,BE,COUNTRY CONDO S LIMITED,L
CREATIVEYE,BE,CREATIVE EYE LIMITED,L
CROWN,BE,CROWN LIFTERS LIMITED,L
DCG,ST,DCG CABLES & WIRES LTD,L
DEEPENR,BE,DEEP ENE RESOURCES LTD,L
DHTL,ST,DOCMODE HEALTH TECH LTD,L
DIACABS,BE,DIAMOND POWER INFRA LTD,L
DRL,SM,DHANUKA REALTY LIMITED,L
DRONE,ST,DRONE DESTINATION LIMITED,L
DUCON,BE,DUCON INFRATECHNOLOGIES L,L
ENFUSE,ST,ENFUSE SOLUTIONS LIMITED,L
EXCELLENT,ST,EXCELLENT WIRES N PACK L,L
FEL,BZ,FUTURE ENTERPRISES LTD,L
FELDVR,BE,FUTURE ENTERPRISES LTD,L
FLEXITUFF,BE,FLEXITUFF VENTURES INT L,L
FLFL,BZ,FUT LIFESTYLE FASH LTD,L
GAJANAND,ST,GAJANAND INTERNATIONAL L,L
GANGAFORGE,EQ,GANGA FORGING LIMITED,L
GATECH,EQ,GACM TECHNOLOGIES LIMITED,L
GATECHDVR,BE,GACM TECHNOLOGIES LIMITED,L
GAYAHWS,BE,GAYATRI HIGHWAYS LIMITED,L
GEEKAYWIRE,BE,GEEKAY WIRES LIMITED,L
GENUSPOWER,EQ,GENUS POWER INFRASTRU LTD,L
GEOJITFSL,EQ,GEOJIT FINANCIAL SER L,L
GET&D,BE,GE T&D INDIA LIMITED,L
GLOBALVECT,BE,GLOBAL VEC HELICORP LTD,L
GLOBE,BE,GLOBE TEXTILES (I) LTD.,L
GPTINFRA,BE,GPT INFRAPROJECTS LTD,L
GRAPHISAD,SM,GRAPHISADS LIMITED,L
GRPLTD,BE,GRP LIMITED,L
GSMFOILS,ST,GSM FOILS LIMITED,L
GTECJAINX,BE,G-TEC JAINX EDUCATION LTD,L
GTLINFRA,EQ,GTL INFRA.LTD,L
GVPTECH,EQ,GVP INFOTECH LIMITED,L
HEXATRADEX,BE,HEXA TRADEX LIMITED,L
HOVS,BE,HOV SERVICES LTD,L
HRHNEXT,ST,HRH NEXT SERVICES LIMITED,L
HUBTOWN,BE,HUBTOWN LIMITED,L
IEL,BE,INDIABULLS ENT LTD,L
INFOMEDIA,BE,INFOMEDIA PRESS LIMITED,L
INSPIRISYS,BE,INSPIRISYS SOLUTIONS LTD,L
ISFT,BE,INTRASOFT TECH. LTD,L
IWEL,BE,INOX WIND ENERGY LIMITED,L
JAIBALAJI,EQ,JAI BALAJI INDUSTRIES LTD,L
JFLLIFE,ST,JFL LIFE SCIENCES LIMITED,L
JHS,BE,JHS SVEND. LAB. LTD,L
JIWANRAM,SM,JIWANRAM SHEODUTTRA IND L,L
JYOTISTRUC,EQ,JYOTI STRUCTURES LTD,L
K2INFRA,ST,K2 INFRAGEN LIMITED,L
KAPSTON,BE,KAPSTON SERVICES LIMITED,L
KAYA,BE,KAYA LIMITED,L
KCEIL,ST,KAY CEE ENERGY & INFRA L,L
KCPSUGIND,BE,KCPSUGARINDUS,L
KDL,ST,KORE DIGITAL LIMITED,L
KITEX,EQ,KITEX GARMENTS LTD,L
KKVAPOW,SM,KKV AGRO POWERS LTD.,L
KODYTECH,SM,KODY TECHNOLAB LIMITED,L
KRISHCA,ST,KRISHCA STRAPPING SLTN L,L
KRITI,EQ,KRITI INDUSTRIES IND LTD,L
KRITIKA,EQ,KRITIKA WIRES LIMITED,L
LAL,BE,LORENZINI APPARELS LTD,L
LASA,BE,LASA SUPERGENERICS LTD,L
LPDC,BE,LANDMARK PR.DEV.CO.LTD,L
LRRPL,ST,LEAD REC AND RUB PROD LTD,L
MANAKSTEEL,EQ,MANAKSIA STEELS LTD,L
MARINE,BE,MARINE ELECTRICAL (I) LTD,L
MBECL,BE,MCNALLY BH. ENG. CO.LTD,L
MEGATHERM,ST,MEGATHERM INDUCTION LTD,L
MGEL,BE,MANGALAM GLOBAL ENT LTD,L
MICEL,BE,MIC ELECTRONICS LTD,L
MIRCELECTR,BE,MIRCELECTR-DEPO,L
MODTHREAD,BE,MODERN THREADS INDIA LTD,L
MOKSH,BE,MOKSH ORNAMENTS LIMITED,L
MONOPHARMA,SM,MONO PHARMACARE LIMITED,L
MOTOGENFIN,EQ,MOTOR & GENERAL FINANCE L,L
MRO-TEK,BE,MRO-TEK REALTY LIMITED,L
NAGREEKEXP,BE,NAGREEKA EXPORTS LTD.,L
NAMOEWASTE,ST,NAMO EWASTE MANAGEMENT L,L
NIRMAN,ST,NIRMAN AGRI GENTICS LTD,L
NPST,SM,NETWORK PEOPLE SRV TECH L,L
OMAXAUTO,EQ,OMAX AUTOS LTD,L
ONELIFECAP,BE,ONELIFE CAP ADVISORS LTD,L
ORIENT-RE,BE,ORIENTAL TRIMEX LIMITED,L
PANACEABIO,EQ,PANACEA BIOTEC LTD,L
PASUPTAC,BE,PASUPATI ACRYLON LIMITED,L
PCJEWELLER,EQ,PC JEWELLER LTD,L
PFOCUS,BE,PRIME FOCUS LIMITED,L
PLASTIBLEN,BE,PLASTIBLENDS INDIA LTD,L
PNGJL,EQ,P N GADGIL JEWELLERS LTD,L
PROLIFE,SM,PROLIFE INDUSTRIES LTD,L
QVCEL,SM,QVC EXPORTS LIMITED,L
RADHIKAJWE,EQ,RADHIKA JEWELTECH LIMITED,L
RAJRILTD,BE,RAJ RAYON INDUSTRIES LTD,L
REFRACTORY,ST,REFRACTORY SHAPES LIMITED,L
RICHA,SM,RICHA INFO SYSTEMS LTD,L
RILINFRA,ST,RACHANA INFRA LTD,L
RKEC,BE,RKEC PROJECTS LIMITED,L
SADBHAV,EQ,SADBHAV ENGINEERING LTD,L
SAGARDEEP,BE,SAGARDEEP ALLOYS LIMITED,L
SAIFL,SM,SAMEERA AGRO AND INFRA L,L
SAKUMA,BE,SAKUMA EXPORTS LIMITED,L
SANCO,BZ,SANCO INDUSTRIES LIMITED,L
SANWARIA,BZ,SANWARIA CONSUMER LIMITED,L
SARLAPOLY,BE,SARLA PERF. FIBERS LTD,L
SARTELE,SM,SAR TELEVENTURE LIMITED,L
SECL,SM,SALASAR EXTERIOR CONT LTD,L
SETUINFRA,BZ,SETUBANDHAN INFRA LTD,L
SHAKTIPUMP,BE,SHAKTI PUMPS (I) LTD,L
SHIGAN,SM,SHIGAN QUANTUM TECH LTD,L
SHUBHSHREE,ST,SHUBHSHREE BIOFUELS ENE L,L
SHYAMTEL,BE,SHYAM TELECOM LIMITED,L
SILGO,EQ,SILGO RETAIL LIMITED,L
SILKFLEX,SM,SILKFLEX POLYMERS INDIA L,L
SITINET,BE,SITI NETWORKS LIMITED,L
SJLOGISTIC,SM,S J LOGISTICS (INDIA) LTD,L
SOLARAPP,X1,SOLAR ACT RS.3.50 PPD UP,L
SOMICONVEY,BE,SOMI CONVEYOR BELT. LTD.,L
SPMLINFRA,BE,SPML INFRA LIMITED,L
SPPPOLY,ST,SPP POLYMER LIMITED,L
SPRL,ST,SP REFRACTORIES LIMITED,L
SSEGL,SM,SATHLOKHAR SYN E&C GLOB L,L
SUPERSPIN,EQ,SUPER SPINNING MILLS LTD,L
SUPREMEPWR,ST,SUPREME POWER EQUIPMENT L,L
SURANAT&P,BE,SURANA TELECOM AND POW LT,L
SWSOLAR,EQ,STRLNG & WIL REN ENE LTD,L
TAC,SM,TAC INFOSEC LIMITED,L
TAPIFRUIT,SM,TAPI FRUIT PROCESSING LTD,L
TARC,BE,TARC LIMITED,L
TBZ,EQ,TRIB BHIMJI ZAVERI LTD,L
TECHLABS,ST,TRIDENT TECHLABS LIMITED,L
TEMBO,BE,TEMBO GLOBAL IND LTD,L
THEINVEST,BE,THE INVEST TRUST OF IND L,L
TNTELE,BE,TAMILNADU TELECOMMUNICATI,L
TOLINS,BE,TOLINS TYRES LIMITED,L
TRANSWIND,ST,TRANSWIND INFRA LIMITED,L
TREEHOUSE,EQ,TREE HOUSE EDU LTD,L
TREJHARA,EQ,TREJHARA SOLUTIONS LTD,L
TRUST,ST,TRUST FINTECH LIMITED,L
URAVI,BE,URAVI T AND WEDG LAMP LTD,L
VCL,BE,VAXTEX COTFAB LIMITED,L
VERANDA,BE,VERANDA LEARNING SOL LTD,L
VERITAAS,SM,VERITAAS ADVERTISING LTD,L
VERTOZ,EQ,VERTOZ LIMITED,L
VETO,BE,VETO SWITCHGEAR CABLE LTD,L
VIESL,ST,VISION INFRA EQUIP SOL L,L
VILAS,ST,VILAS TRANSCORE LIMITED,L
VINYAS,ST,VINYAS INNOVATIVE TECH L,L
VIPCLOTHNG,BE,VIP CLOTHING LIMITED,L
VLEGOV,EQ,VL E GOV AND IT SOL LTD,L
WEBELSOLAR,BE,WEBSOL ENERGY SYSTEM LTD,L
WINSOME,BE,WINSOME YARNS LIMITED,L
YUKEN,EQ,YUKEN INDIA LIMITED,L
ZEELEARN,BE,ZEE LEARN LIMITED,L
ZENITHSTL,BE,ZENITH STEEL PIP IND LTD,L
