GAIN_LOSS,SECURITY,CLOSE_PRIC,PREV_CL_PR,PERCENT_CG
 ,Nifty 50 Sec., , , 
 , , , , 
G,NTPC LTD,       423.95,       414.15,2.37
G,KOTAK MAHINDRA BANK LTD,      1871.95,      1839.70,1.75
G,TITAN COMPANY LIMITED,      3780.95,      3725.35,1.49
G,NESTLE INDIA LIMITED,      2634.20,      2597.15,1.43
G,HINDUSTAN UNILEVER LTD.,      2911.75,      2875.85,1.25
G,MARUTI SUZUKI INDIA LTD.,     12351.50,     12204.10,1.21
G,TATA CONSUMER PRODUCT LTD,      1215.25,      1200.85,1.2
G,BAJAJ AUTO LIMITED,     11868.00,     11764.65,.88
G,HDFC BANK LTD,      1708.50,      1694.80,.81
G,HERO MOTOCORP LIMITED,      6006.05,      5964.75,.69
G,BHARTI AIRTEL LIMITED,      1664.85,      1654.90,.6
G,GRASIM INDUSTRIES LTD,      2738.95,      2722.70,.6
G,ASIAN PAINTS LIMITED,      3293.85,      3274.65,.59
G,SUN PHARMACEUTICAL IND L,      1846.05,      1836.00,.55
G,TATA MOTORS LIMITED,       967.00,       962.05,.51
G,RELIANCE INDUSTRIES LTD,      2939.35,      2926.90,.43
G,HDFC LIFE INS CO LTD,       701.50,       698.80,.39
G,INDUSIND BANK LIMITED,      1484.75,      1480.25,.3
G,EICHER MOTORS LTD,      4864.90,      4850.35,.3
G,ICICI BANK LTD.,      1292.00,      1288.35,.28
G,BRITANNIA INDUSTRIES LTD,      6134.50,      6123.25,.18
G,AXIS BANK LIMITED,      1242.70,      1240.45,.18
G,POWER GRID CORP. LTD.,       334.90,       334.30,.18
G,ITC LTD,       508.25,       507.35,.18
G,LTIMINDTREE LIMITED,      6377.15,      6366.30,.17
G,BAJAJ FINSERV LTD.,      1890.40,      1888.20,.12
G,INFOSYS LIMITED,      1894.20,      1892.15,.11
 , , , , 
L,BHARAT PETROLEUM CORP  LT,       324.45,       336.10,-3.47
L,COAL INDIA LTD,       477.95,       487.10,-1.88
L,OIL AND NATURAL GAS CORP.,       285.25,       290.40,-1.77
L,ADANI PORT & SEZ LTD,      1408.20,      1428.80,-1.44
L,SHRIRAM FINANCE LIMITED,      3525.35,      3574.70,-1.38
L,LARSEN & TOUBRO LTD.,      3683.70,      3730.45,-1.25
L,TATA CONSULTANCY SERV LT,      4296.15,      4346.15,-1.15
L,HCL TECHNOLOGIES LTD,      1736.50,      1756.50,-1.14
L,DR. REDDY S LABORATORIES,      6502.55,      6567.80,-0.99
L,WIPRO LTD,       533.35,       538.15,-0.89
L,JSW STEEL LIMITED,       948.40,       956.70,-0.87
L,CIPLA LTD,      1637.70,      1651.60,-0.84
L,DIVI S LABORATORIES LTD,      5429.20,      5469.15,-0.73
L,TATA STEEL LIMITED,       149.54,       150.60,-0.7
L,TECH MAHINDRA LIMITED,      1595.35,      1605.40,-0.63
L,BAJAJ FINANCE LIMITED,      7590.35,      7631.10,-0.53
L,ADANI ENTERPRISES LIMITED,      2943.15,      2956.30,-0.44
L,MAHINDRA & MAHINDRA LTD,      2797.50,      2808.20,-0.38
L,STATE BANK OF INDIA,       789.95,       792.75,-0.35
L,HINDALCO  INDUSTRIES  LTD,       684.20,       685.25,-0.15
L,SBI LIFE INSURANCE CO LTD,      1840.95,      1842.45,-0.08
L,APOLLO HOSPITALS ENTER. L,      7030.25,      7035.90,-0.08
L,ULTRATECH CEMENT LIMITED,     11627.50,     11630.90,-0.03
 , , , , 
 ,Nifty Next 50 Sec., , , 
 , , , , 
G,ICICI LOMBARD GIC LIMITED,      2200.00,      2140.45,2.78
G,INFO EDGE (I) LTD,      7902.10,      7741.55,2.07
G,SBI CARDS & PAY SER LTD,       795.15,       779.85,1.96
G,PIDILITE INDUSTRIES LTD,      3244.00,      3192.30,1.62
G,DABUR INDIA LTD,       664.70,       654.40,1.57
G,AVENUE SUPERMARTS LIMITED,      5342.50,      5265.20,1.47
G,ZOMATO LIMITED,       278.85,       275.85,1.09
G,GODREJ CONSUMER PRODUCTS,      1444.85,      1432.15,0.89
G,VARUN BEVERAGES LIMITED,       652.15,       646.70,0.84
G,ADANI GREEN ENERGY LTD,      1962.95,      1950.80,0.62
G,ICICI PRU LIFE INS CO LTD,       755.10,       750.65,0.59
G,SRF LTD,      2402.00,      2388.35,0.57
G,HAVELLS INDIA LIMITED,      1998.60,      1987.80,0.54
G,SAMVRDHNA MTHRSN INTL LTD,       205.10,       204.16,0.46
G,CHOLAMANDALAM IN & FIN CO,      1596.30,      1590.15,0.39
G,VEDANTA LIMITED,       449.75,       448.30,0.32
G,MARICO LIMITED,       697.00,       695.30,0.24
G,BOSCH LIMITED,     34436.85,     34363.90,0.21
G,BERGER PAINTS (I) LTD,       620.50,       620.20,0.05
 , , , , 
L,HINDUSTAN AERONAUTICS LTD,      4231.80,      4437.65,-4.64
L,ABB INDIA LIMITED,      7502.70,      7785.25,-3.63
L,BHARAT ELECTRONICS LTD,       272.70,       282.85,-3.59
L,GAIL (INDIA) LTD,       210.92,       217.94,-3.22
L,REC LIMITED,       529.70,       546.05,-2.99
L,INDIAN RAIL TOUR CORP LTD,       883.65,       905.55,-2.42
L,ZYDUS LIFESCIENCES LTD,      1054.45,      1079.95,-2.36
L,POWER FIN CORP LTD.,       480.70,       492.05,-2.31
L,ADANI TOTAL GAS LIMITED,       776.20,       793.45,-2.17
L,JINDAL STEEL & POWER LTD,      1002.80,      1024.85,-2.15
L,INDIAN RAILWAY FIN CORP L,       155.25,       158.56,-2.09
L,INDIAN OIL CORP LTD,       165.04,       168.45,-2.02
L,AMBUJA CEMENTS LTD,       608.40,       620.10,-1.89
L,LIFE INSURA CORP OF INDIA,      1000.55,      1018.60,-1.77
L,PUNJAB NATIONAL BANK,       107.25,       108.75,-1.38
L,DLF LIMITED,       849.30,       860.70,-1.32
L,INTERGLOBE AVIATION LTD,      4873.55,      4924.65,-1.04
L,COLGATE PALMOLIVE LTD.,      3600.15,      3634.80,-0.95
L,BANK OF BARODA,       235.85,       237.90,-0.86
L,CANARA BANK,       104.71,       105.45,-0.7
L,SHREE CEMENT LIMITED,     24931.70,     25076.65,-0.58
L,TVS MOTOR COMPANY  LTD,      2770.60,      2784.75,-0.51
L,ADANI POWER LTD,       649.60,       651.70,-0.32
L,BAJAJ HOLDINGS & INVS LTD,     10766.90,     10793.00,-0.24
L,TORRENT PHARMACEUTICALS L,      3351.90,      3359.60,-0.23
L,TATA POWER CO LTD,       439.60,       440.60,-0.23
L,SIEMENS LTD,      6725.65,      6740.30,-0.22
L,TRENT LTD,      7326.15,      7336.00,-0.13
L,ADANI ENERGY SOLUTION LTD,       979.00,       979.90,-0.09
L,JIO FIN SERVICES LTD,       346.65,       346.90,-0.07
 , , , , 
 ,OTHER SECURITIES, , , 
 , , , , 
G,HITECH CORPORATION LTD,       264.62,       220.52,20
G,INFINIUM PHARMACHEM LTD,       272.60,       233.60,16.7
G,NEOGEN CHEMICALS LIMITED,      2183.15,      1890.95,15.45
G,V R INFRASPACE LIMITED,       354.00,       312.00,13.46
G,ROSSELL INDIA LIMITED,       621.65,       554.80,12.05
G,IBL FINANCE LIMITED,        84.20,        75.35,11.75
G,AGI INFRA LIMITED,      1108.15,       992.00,11.71
G,PEARL POLYMERS LTD,        45.18,        40.93,10.38
G,SPENCER S RETAIL LIMITED,       107.18,        97.13,10.35
G,KPR MILL LTD.,       934.95,       859.10,8.83
G,EMS LIMITED,       817.25,       754.70,8.29
G,RAINBOW CHILDRENS MED LTD,      1386.25,      1292.10,7.29
G,GKW LIMITED,      2945.30,      2745.50,7.28
G,SYLVAN PLYBOARD (INDIA) L,        99.50,        92.80,7.22
G,GARWARE TECH FIBRES LTD,      3983.40,      3728.20,6.85
G,SINTERCOM INDIA LIMITED,       138.92,       130.13,6.75
G,ALANKIT LIMITED,        26.08,        24.48,6.54
G,MANGLAM INFRA & ENG LTD,        68.55,        64.45,6.36
G,GOPAL SNACKS LIMITED,       372.80,       351.00,6.21
G,DE NEERS TOOLS LIMITED,       204.40,       193.00,5.91
G,BEW ENGINEERING LIMITED,      1431.25,      1355.00,5.63
G,NEWGEN SOFTWARE TECH LTD,      1277.35,      1209.85,5.58
G,INDOSTAR CAPITAL FIN LTD,       301.65,       286.00,5.47
G,BTRFLY GANDHI APPL LTD,      1158.30,      1100.85,5.22
G,BHANDARI HOSIERY EXP LTD,         7.27,         6.91,5.21
G,GOKALDAS EXPORTS LTD.,       989.15,       940.25,5.2
G,ASAHI INDIA GLASS LIMITED,       708.45,       673.60,5.17
G,HOLMARC OPTO MECHATRO L,       123.00,       117.00,5.13
G,SARASWATI SAREE DEPOT LTD,       171.16,       163.00,5.01
G,ESCONET TECHNOLOGIES LTD,       466.50,       444.30,5
 , , , , 
L,VODAFONE IDEA LIMITED,        10.38,        12.90,-19.53
L,8.67% SEC RED BOND S3A,      1183.50,      1410.00,-16.06
L,8.66%S-R-NCD SERIES 3A,      1212.10,      1420.00,-14.64
L,DANGEE DUMS LIMITED,         7.67,         8.58,-10.61
L,ECOS (INDIA) MOB & HOSP L,       500.75,       558.75,-10.38
L,SILGO RETAIL LIMITED,        45.39,        50.44,-10.01
L,DHANUKA REALTY LIMITED,        13.05,        14.50,-10
L,SEC RE NCD SR.III,      1086.30,      1200.00,-9.48
L,P N GADGIL JEWELLERS LTD,       699.05,       771.30,-9.37
L,JIWANRAM SHEODUTTRA IND L,        19.05,        21.00,-9.29
L,PTC INDIA LIMITED,       214.65,       236.40,-9.2
L,VDEAL SYSTEM LIMITED,       130.90,       144.00,-9.1
L,INDUS TOWERS LIMITED,       389.80,       428.25,-8.98
L,RAJSHREE POLYPACK LTD,        40.85,        44.84,-8.9
L,FORCAS STUDIO LIMITED,        98.10,       107.25,-8.53
L,DOLLEX AGROTECH LIMITED,        40.00,        43.70,-8.47
L,EURO (I) FRESH FOODS LTD,       195.05,       213.07,-8.46
L,NHB 8.90 NCD TR II SR 3 B,      6000.00,      6550.00,-8.4
L,9.40 % SRNCD TR II SR III,      1046.00,      1140.60,-8.29
L,CHAMBAL FERTILIZERS LTD,       478.85,       521.25,-8.13
L,COMPUCOM SOFTWARE LTD,        33.11,        35.98,-7.98
L,KOHINOOR FOODS LIMITED,        44.00,        47.75,-7.85
L,MANUGRAPH INDIA LIMITED,        24.50,        26.58,-7.83
L,BAJAJ HOUSING FINANCE LTD,       160.12,       173.66,-7.8
L,TREE HOUSE EDU LTD,        19.35,        20.98,-7.77
L,V.L.INFRAPROJECTS LIMITED,        67.30,        72.90,-7.68
L,NAVA LIMITED,      1216.50,      1316.20,-7.57
L,ACE INTEGRATED SOLU. LTD.,        35.80,        38.71,-7.52
L,RENAISSANCE GLOBAL LTD,       122.91,       132.86,-7.49
L,NETWORK18 MEDIA & INV LTD,        83.74,        90.40,-7.37
