SECURITY,NEW,PREVIOUS,NEW_STATUS
GILLETTE INDIA LTD,9560,9495,H
INFO EDGE (I) LTD,8151,7964.75,H
ANI INTEGRATED SERV LTD.,204.6,197.9,H
CONS. CONST. CONSORT LTD,22.49,18.1,H
MIC ELECTRONICS LTD,114.79,109.33,H
GALLANTT ISPAT LIMITED,399,397.85,H
AVONMORE CAP&MGT SERV LTD,17.25,15.88,H
DESTINY LOGISTICS & I LTD,93.55,89.1,H
GOI TBILL 91D-28/11/24,98.75,98.59,H
RAVINDRA ENERGY LIMITED,132.68,126.37,H
GOI TBILL 91D-15/11/24,98.98,98.9,H
PRUDENTIAL SUGAR CORPORAT,45.07,42.93,H
RADICO KHAITAN LTD,2332.7,2288.7,H
QUANTUM NIFTY 50 ETF,2807.13,2804.91,H
GENUS P&B LIMITED,30.3,29.8,H
CREST VENTURES LIMITED,580,558,H
AIRTEL RS. 1.25 PPD UP,1303,1262.25,H
HDFCAMC - HDFCSML250,189.95,187.95,H
SIMPLEX INFRASTRUCTURES L,229.03,160.98,H
EMKAY GLOBAL FIN SERV LTD,205,202.03,H
GOI TBILL 364D-27/09/24,99.8,99.7,H
TAX FREE  7.53% SR. 103 A,1165,1164.94,H
GRETEX INDUSTRIES LTD.,176,168,H
IREDA 8.80NCDTR I SR II B,1195.85,1193.93,H
REVATHI EQUIPMENT INDIA L,3639,3510,H
SEC RE NCD 7.60% SR.II,1001,1000,H
MARATHON NXTGEN REALT LTD,689.95,688.9,H
NEWGEN SOFTWARE TECH LTD,1288.35,1250,H
MIRAEAMC - MAFSETF,25.16,25,H
MIRAEAMC - MAN50ETF,272.65,271.51,H
TAX FREE  7.64% SR. 108A,1180,1178,H
GOI TBILL 364D-10/10/24,98.5,98.26,H
SEC RE NCD SR III,1070,1060.82,H
MAHARASHTRA SCOOTERS LTD,12400,11949.95,H
NTPC LTD,431.85,426.3,H
ICICI SECURITIES LIMITED,922.45,896.05,H
MAX FINANCIAL SERV LTD,1161.9,1160,H
SANSERA ENGINEERING LTD,1610.2,1607.3,H
MOTILALAMC - G5,59.99,59.36,H
SPML INFRA LIMITED,282.7,276.71,H
INOX WIND ENERGY LIMITED,13700,13200,H
GOI TBILL 364D-27/02/25,96.84,96.34,H
TECHINDIA NIRMAN LIMITED,47.09,46.17,H
ATLANTAA LIMITED,61.94,60.73,H
SHRIRAM - LIQUIDSHRI,1013.23,1013.05,H
AYM SYNTEX LIMITED,193.21,189.43,H
TAX FREE  7.35% SR. 108,1052.6,1051.72,H
INNOMET ADVANCED MATERI L,209.45,199.5,H
BHARTI AIRTEL LIMITED,1711.7,1670.95,H
HFCL LIMITED,162.89,162,H
PB FINTECH LIMITED,1900,1885,H
EURO (I) FRESH FOODS LTD,251,213.07,H
KCK INDUSTRIES LTD,281,272.95,H
AMI ORGANICS LIMITED,1595.4,1595,H
SEC RE NCD 9.10% SR III,1026.86,1024.6,H
SERENCD 8.60% SR.IV OP8,1065,1064.5,H
7.51 NCD 16FEB28 TR1 SR2,1108,1107,H
HRH NEXT SERVICES LIMITED,116.95,57.55,H
SHUBHSHREE BIOFUELS ENE L,226,218.75,H
GOI TBILL 182D-06/02/25,97.24,97.2,H
SANOFI CONS HEALTHC IND L,5363.35,5199,H
EDELAMC - EBANKNIFTY,53.76,53.56,H
KOKUYO CAMLIN LIMITED,223.21,217.8,H
NEOGEN CHEMICALS LIMITED,2225.5,1930,H
MAX HEALTHCARE INS LTD,999,979.9,H
LTIMINDTREE LIMITED,6574.95,6514.45,H
REGENCYCERAMICS-LTD,77.96,76.44,H
9.01% TAX FREETRII SR3B,1334,1329,H
VICEROY HOTELS LIMITED,140.37,139.72,H
GOI TBILL 182D-07/11/24,99.11,98.81,H
NORBEN TEA &EXPORTS LTD,26.36,25.11,H
MRO-TEK REALTY LIMITED,126.8,126.4,H
SINTERCOM INDIA LIMITED,143.3,143.29,H
TATAAML - NPBET,275.96,274.91,H
SHRIRAM FINANCE LIMITED,3623.65,3589.95,H
SENCO GOLD LIMITED,1348.95,1329,H
ESCONET TECHNOLOGIES LTD,466.5,444.3,H
AGI INFRA LIMITED,1189.7,1048.8,H
MEDICO REMEDIES LIMITED,48.35,47.43,H
V R INFRASPACE LIMITED,354.9,349,H
BFAM - NIFTYBETF,258.22,257.32,H
GOI TBILL 91D-26/09/24,99.85,99.8,H
GOI TBILL 182D-05/12/24,98.6,98.35,H
GOI TBILL 364D-03/10/24,99.55,99.25,H
OSWAL AGRO MILLS LTD,83.3,79.34,H
BIKAJI FOODS INTERN LTD,942.9,933.4,H
AAA TECHNOLOGIES LIMITED,160.85,147,H
AXISAMC - AXISBNKETF,544.47,544.2,H
GOI LOAN  7.25% 2063,106.5,106.25,H
GOI TBILL 364D-07/11/24,99.11,98.44,H
IBL FINANCE LIMITED,86,78.95,H
ANSAL PROP & INFRA LTD,14.15,13.48,H
ARVIND AND COMPANY,119.85,114.15,H
UNITED SPIRITS LIMITED,1570,1561.95,H
GOI TBILL 91D-07/11/24,99.12,99,H
SRI ADHIKARI BRO TELE N L,747.8,733.15,H
GOLDKART JEWELS LIMITED,179.75,175.6,H
BOND8.88% PA TF TR II S2B,1209.99,1199.8,H
GOI TBILL 364D-04/09/25,94.8,94.54,H
DSPAMC - TOP10ADD,99.98,99.97,H
GOI TBILL 364D-23/05/25,95.39,95,H
ANDHRA PAPER LIMITED,102.55,104.6,L
RAJSHREE POLYPACK LTD,38.28,43.56,L
URAVI T AND WEDG LAMP LTD,449.8,462,L
VERTOZ LIMITED,29.97,31.31,L
VETO SWITCHGEAR CABLE LTD,150.34,157.5,L
VDEAL SYSTEM LIMITED,129,136,L
MANGLAM INFRA & ENG LTD,63.05,64.1,L
MAHALAXMI FABRIC MILLS LT,54.25,56.05,L
ASHAPURA LOGISTICS LTD,129,130.95,L
SMS LIFESCIENCES (I) LTD,1488.65,1519,L
FORCAS STUDIO LIMITED,98,105.5,L
SURAJ LIMITED,389.05,406.9,L
FUTURE SUPP CHAIN SOL LTD,2.35,2.36,L
SAKUMA EXPORTS LIMITED,5.24,5.46,L
PODDAR HOUSE & DVPT LTD,73.23,73.6,L
SAHAJ FASHIONS LIMITED,17.7,18,L
MANDEEP AUTO INDUSTRIES L,48.1,48.75,L
DUCON INFRATECH LTD,0.81,1.19,L
GANESH GREEN BHARAT LTD,399,409.95,L
VELS FILM INTERNATIONAL L,47.9,48.15,L
CAPITAL SMALL FIN BANK L,288.6,289.55,L
NANDAN DENIM LIMITED,6.51,18.5,L
NAMO EWASTE MANAGEMENT L,136.05,142.35,L
KROSS LIMITED,215.06,231.96,L
MANGALAM ORGANICS LIMITED,599.65,611.85,L
P N GADGIL JEWELLERS LTD,694.2,764.55,L
EQUINOX INDIA DEV LTD,118.1,120.5,L
GE POWER INDIA LIMITED,388,390,L
JNK INDIA LIMITED,662.5,680,L
EXICOM TELE SYSTEMS LTD,313.65,327,L
JAY BEE LAMINATIONS LTD,261.15,266.1,L
FILATEX FASHIONS LIMITED,1.05,1.08,L
GAJANAND INTERNATIONAL L,34.2,36,L
SEC RE NCD 9.25% SR I,990,996,L
PLASTIBLENDS INDIA LTD,307.05,311.25,L
PASUPATI ACRYLON LIMITED,55.76,58.7,L
MOTILALAMC - MODEFENCE,69.51,72.44,L
FIBERWEB INDIA LIMITED,45,45.3,L
RISHABH INSTRUMENTS LTD,355.55,363.95,L
GP ECO SOLUTIONS INDIA L,268,280,L
XTGLOBAL INFOTECH LIMITED,43.2,44.51,L
BRACE PORT LOGISTICS LTD,98,103,L
SPP POLYMER LIMITED,54,56.85,L
SRI HAVISHA HOSP & INFR L,2.16,2.2,L
SARLA PERF. FIBERS LTD,85.24,86.51,L
M K PROTEINS LIMITED,8.99,9.36,L
V.L.INFRAPROJECTS LIMITED,65.35,71.8,L
MY MUDRA FINCORP LIMITED,100.25,104.85,L
GOI TBILL 364D-07/08/25,93.97,94,L
SPORTKING INDIA LIMITED,112,115.05,L
AESTHETIK ENGINEERS LTD,66.05,72.1,L
POWERGRID INFRA. INVITS,90.43,90.5,L
JUNIPER HOTELS LIMITED,364.1,365,L
DEE DEVELOPMENT ENG LTD,303,310,L
DJ MEDIAPRINT & LOG LTD,120.85,123.32,L
BODHI TREE MULTIMEDIA LTD,11.9,11.98,L
KPI GREEN ENERGY LIMITED,785,794.5,L
BANNARI AM SPIN MILL LTD.,60.83,70.2,L
8.67% SEC RED BOND S3A,1183.5,1410,L
ADITYA ULTRA STEEL LTD,56.95,59.95,L
SECUR CREDENTIALS LIMITED,5.68,5.8,L
TOLINS TYRES LIMITED,205.64,216.05,L
ORIENT TECHNOLOGIES LTD,296.25,298.1,L
7.35% TAX FREE TRI SRIIA,1120,1160,L
PARAMATRIX TECHNOLOGIES L,104,106,L

