SYMBOL,SYMBOL P/E,ADJUSTED P/E
SAREGAMA,51.95,51.95
ENGINERSIN,38.84,38.84
JAICORPLTD,99.12,99.12
MAHAPEXLTD,.56,38.67
ASAHIINDIA,55.69,55.69
KOTHARIPRO,36.58,36.58
SOUTHBANK,5.61,5.61
ITDCEM,26.94,26.94
CYIENT,33.53,31.63
GOACARBON,9.9,9.9
SANGHVIMOV,18.33,18.33
RSSOFTWARE,32.1,32.1
NATIONALUM,14.71,17.07
ALEMBICLTD,36.76,36.76
BSOFT,27.39,27.39
ACCELYA,28.6,28.67
STAR,149.96,43.6
ZYDUSLIFE,25.99,25.99
RAJESHEXPO,225.35,225.35
IOB,39.6,39.6
BLUESTARCO,77.42,77.42
PNBGILTS,34.81,38.04
TAJGVK,26.54,26.54
HAVELLS,89.58,89.58
MRO-TEK,38.47,38.47
TRIDENT,55.42,55.43
ACLGATI,232.84,
SMARTLINK,32.63,32.63
JISLJALEQS,70.29,70.29
UNITDSPR,78.93,79.13
MPSLTD,30.84,30.84
PONNIERODE,9.85,9.85
TIMESGTY,61.38,61.38
GENESYS,95.6,95.6
RADAAN,14.38,14.38
MARUTI,26.58,26.58
JSL,23.73,24.47
JAIBALAJI,22.52,22.52
UNIENTER,33.5,33.5
MUKANDLTD,24.84,24.84
MAHABANK,9.36,9.36
POONAWALLA,17.67,25.25
CENTEXT,25.86,26.25
TCS,33.4,32.89
COFORGE,57.25,57.91
ASTRAMICRO,71.03,71.03
DWARKESH,40.46,40.46
SUPRAJIT,42.84,42.84
CONSOFINVT,11.9,11.9
EVEREADY,71.27,71.27
MANGALAM,31.94,31.94
SSWL,4.94,14.49
PRIMESECU,40.3,45.47
GENUSPOWER,100.33,100.33
NECLIFE,170.19,170.19
IDFC,728.36,728.36
NAHARINDUS,40.74,36.29
ORIENTCER,37.64,41.59
VIMTALABS,30.94,30.94
ROHLTD,22.39,22.39
GSPL,9.95,10.14
M&MFIN,20.07,20.07
KEI,66.62,66.6
VAKRANGEE,404.8,429.59
RSYSTEMS,42.43,42.43
BALPHARMA,27.53,27.53
KAMDHENU,31.58,31.58
PIONEEREMB,61.12,61.12
MUNJALAU,32.64,19.48
TECHM,61.45,61.53
GRINDWELL,69.03,68.98
ACE,46.56,46.56
BINANIIND,42.65,
ALICON,32.53,32.53
FIEMIND,24.92,24.92
NAUKRI,120.84,113.83
VENUSREM,16.27,16.27
NFL,39.32,39.32
PARACABLES,30.25,30.25
SARLAPOLY,17.37,17.37
GANDHITUBE,18.2,18.2
FSL,40.16,40.16
INDIANB,7.71,7.71
LAOPALA,34.15,34.15
BALAMINES,36.16,36.16
AROGRANITE,57.26,57.26
NDLVENTURE,288.27,288.27
ZENITHSTL,23.12,23.12
ALPHAGEO,33.5,19.36
NAGREEKEXP,21.41,21.41
DLF,125.5,125.5
CIEINDIA,26.99,26.99
MOTILALOFS,16.52,16.52
KSCL,17.4,17.4
MANGCHEFER,10.06,10.06
RELIGARE,33.15,93.76
EDELWEISS,22.85,22.85
RGL,17.08,17.08
KAUSHALYA,2.63,2.63
HITECHCORP,20.8,21.5
TARIL,113.65,113.65
MANAKSIA,9,6.83
AMBIKCO,16.03,16.03
BIRLAMONEY,14.16,14.16
CORDSCABLE,23.38,23.38
HERCULES,46.6,46.6
SEPC,196.51,196.51
IRB,39.58,39.58
GSS,29.31,29.31
RECLTD,9.82,9.82
NESCO,18.89,18.89
TITAGARH,57.49,57.16
DIGISPICE,14.36,38.45
GOKUL,316.72,24.86
ALMONDZ,21.69,55.78
ARCHIDPLY,116.23,116.23
VINYLINDIA,33.23,33.23
ZFCVINDIA,76,76
JOCIL,78.06,78.06
COUNCODOS,35.94,35.94
TPHQ,24.86,24.86
AJMERA,20.84,20.84
EXCEL,54.71,54.71
AMRUTANJAN,54.66,54.66
DLINKINDIA,25.42,25.42
DBCORP,12.64,12.64
TRF,14.95,14.95
EMMBI,25.2,25.2
LGBBROSLTD,15.27,15.98
ISFT,24.61,24.61
UMESLTD,113.97,113.97
HMVL,184.96,184.96
PRAKASHSTL,4.3,72.89
DEEPAKNTR,45.59,49.03
RAMKY,16.51,16.51
ASHOKA,10.3,11.66
JWL,62.59,62.59
COALINDIA,8.59,8.59
JINDWORLD,87.7,87.7
MOIL,21.83,21.83
SUMMITSEC,40.51,35.59
VADILALIND,23.69,23.69
RELAXO,107.85,107.85
KARMAENG,117.2,153.95
RUSHIL,22.58,22.58
LTF,17.85,17.85
THERMAX,89.7,104.5
RIIL,166.84,166.84
RAYMOND,19.06,18.33
SHREDIGCEM,17.36,17.36
SESHAPAPER,9.86,9.86
SUNDRMFAST,53.61,53.61
CRISIL,52.71,52.71
PEL,,141.96
MASTEK,26.79,26.58
LUMAXIND,45.9,45.9
CUMMINSIND,65.93,65.88
JBCHEPHARM,49.12,49.12
INDIAGLYCO,23.5,23.5
IONEXCHANG,46.31,46.31
HIMATSEIDE,15.27,15.27
GFLLIMITED,324.7,324.7
BPCL,8.06,7.81
ATUL,70.01,70.01
ACC,20.95,23.73
MRPL,12.66,12.63
HINDPETRO,10.34,10.34
BAJAJHLDNG,84.11,84.11
ZUARIIND,1.62,
VOLTAS,105.85,105.85
TATASTEEL,,52.1
SPIC,18.65,13.01
SBIN,10.24,9.52
DRREDDY,19.75,19.75
CHAMBLFERT,16.37,16.37
PGHL,42.29,40.5
BEML,54.53,54.53
TATACHEM,,32.14
EPL,36.34,34.45
VLSFINANCE,4.25,4.25
BIRLACABLE,74.27,74.27
AEGISLOG,38.81,38.81
UNICHEMLAB,,2538.59
JTEKTINDIA,41.2,41.2
HCC,16.98,
APOLLOHOSP,96.03,96.14
RAJSREESUG,21.6,21.6
TAINWALCHM,39.94,39.94
BSL,20.28,20.28
JAYNECOIND,32.34,28.85
RCF,61.98,68.33
UFLEX,,13.13
THOMASCOOK,37.21,37.21
SIEMENS,97.64,97.64
VSTIND,27.4,27.4
TOKYOPLAST,87.31,87.31
IFCI,66.44,67.03
HLVLTD,54.49,54.49
MODTHREAD,12.15,12.15
PIDILITIND,87.82,85.5
HONDAPOWER,41.78,43.58
RUBYMILLS,21.36,21.36
BBL,41.57,41.57
DCMSHRIRAM,34.63,34.63
COSMOFIRST,25.56,25.56
HEROMOTOCO,28.72,28.72
GMBREW,13.69,13.69
ITC,30.63,30.62
HINDCOMPOS,25.81,25.81
OSWALGREEN,764.72,764.72
HUHTAMAKI,6.78,29.46
RICOAUTO,40.29,39.25
MANINDS,21.94,21.94
SIYSIL,11.98,11.98
PRECWIRE,45.28,45.28
NCC,25.3,24.64
SEAMECLTD,24.05,25.49
BBTC,9.49,9.15
GICHSGFIN,8.45,8.45
BANARBEADS,23.26,23.26
WSTCSTPAPR,6.41,6.41
PRUDMOULI,23.32,21.6
PRAJIND,43.8,47.18
TFCILTD,17.03,17.03
GTL,.97,4.67
AGI,22.51,22.51
TATACONSUM,94.55,80.69
ZEEL,39.3,30
INDHOTEL,79.16,79.16
ORIENTHOT,70.17,70.17
3MINDIA,65.18,65.18
SCHAEFFLER,66.36,66.12
MFSL,87.98,87.98
KSB,74.86,74.86
GODFRYPHLP,57.96,54.72
INGERRAND,56.96,56.96
HINDZINC,25.18,25.18
GRASIM,18.88,18.16
DCW,241.79,224.6
HEUBACHIND,41.88,41.88
BAJFINANCE,31.66,31.66
NAVA,14.05,15.23
TNPL,14.81,14.81
NATCOPHARM,16.89,16.89
MRF,27.59,27.59
STARPAPER,6.1,5.94
JAYAGROGN,15.78,15.78
SILINV,20.16,20.16
SUNDRMBRAK,52.52,52.52
MOTHERSON,43.97,42.81
STERTOOLS,31.91,32.14
WENDT,74.77,74.77
SHRIRAMFIN,17.54,17.54
DYNAMATECH,56.12,102.29
ALKYLAMINE,81.78,81.78
INDRAMEDCO,29.87,29.87
MADRASFERT,21.72,13.36
ICICIBANK,19.46,19.46
AXITA,31.78,31.78
PLAZACABLE,112.06,112.06
SENCO,47.87,47.87
TRU,44.12,44.12
RADHIKAJWE,30.25,30.25
SPLPETRO,41.69,41.69
RAMRAT,45.41,45.41
VIVIANA,80.12,80.12
CSLFINANCE,15.1,15.1
AGNI,221.2,221.2
GOYALALUM,65.38,65.38
RUSTOMJEE,139.79,139.79
GENSOL,57.04,56.95
DBOL,25.98,25.98
KANDARP,36.34,36.34
GSLSU,56.18,56.18
SPORTKING,17.69,17.69
MANORAMA,114.23,114.23
ISHAN,,261.18
ARABIAN,33.79,33.79
GRMOVER,27.42,27.42
SYNCOMF,76.32,76.27
BAHETI,54.86,54.86
SULA,43.44,43.44
SIGNATURE,382.27,382.27
KRITINUT,16.12,16.12
MEGAFLEX,61.87,61.87
KALAMANDIR,32.65,32.65
AVALON,208.17,208.17
RITEZONE,15.75,15.75
CONCORDBIO,72.57,72.57
GRCL,160.01,160.01
BAIDFIN,18.78,18.78
PHANTOMFX,20.72,20.72
AMIABLE,10.24,10.24
IPSL,30.15,30.15
KAMOPAINTS,128.47,128.47
BLUEJET,57.91,55.47
MVGJL,17.14,17.14
JIWANRAM,29.75,29.75
SCPL,20.17,20.17
SUKHJITS,16.48,16.48
FROG,31.51,31.51
MANKIND,48.57,48.57
SKYGOLD,66.88,66.88
ARIHANTACA,70.4,70.4
SATINDLTD,6.41,6.41
DIVGIITTS,51.55,51.55
ANLON,56.79,56.79
VERTEXPLUS,117.67,117.67
CMNL,24.53,24.19
DIACABS,256.64,253.13
IKIO,39.24,39.24
MANOMAY,27.41,27.41
FAZE3Q,26.96,26.96
LLOYDSME,30.55,30.55
AARTIPHARM,26.47,26.47
RHL,57.08,57.08
SAHYADRI,16.58,16.58
SAHANA,82.47,82.47
NINSYS,61.52,61.52
DUCOL,39.98,39.98
SBFC,34.81,34.81
SBGLP,81.44,81.44
ASMS,377.16,363.27
HYBRIDFIN,13.29,13.04
VIAZ,27.96,27.96
ZAGGLE,93.59,93.59
AGARWALFT,338.17,338.17
HONASA,121.13,121.13
RISHABH,40.39,40.39
IRMENERGY,23.2,23.2
SAH,361.02,361.02
DENEERS,19.19,19.19
CYIENTDLM,82.94,82.94
AGUL,18.34,18.34
AKI,115.96,115.96
MASTER,46.34,46.34
YCCL,37.29,37.29
PATTECH,57.32,57.32
SECMARK,199.09,199.09
AUROIMPEX,16.14,16.14
SPECTSTM,24.36,24.36
ATAM,29.86,29.86
IDEAFORGE,111.01,111.01
SHRITECH,13.46,13.46
LAL,60.83,60.83
URBAN,26.27,26.27
INFINIUM,62.26,62.26
AARTECH,128.69,128.69
ESFL,78.02,78.02
AATMAJ,69.28,69.28
DOLPHIN,190.45,199.12
REDTAPE,63.57,63.57
CELLPOINT,38.24,38.24
SEL,168.88,168.88
GREENCHEF,37.57,37.57
NETWEB,175.06,175.06
PYRAMID,23.33,23.33
MAGSON,26.19,26.19
EMSLIMITED,25.04,25.04
GHCLTEXTIL,31.41,31.41
MONOPHARMA,25.15,25.15
UDS,31.58,31.58
SYNOPTICS,17.51,17.51
ATL,27.66,27.66
RRKABEL,65.52,65.59
COMMITTED,15.23,15.23
SANGANI,20.91,20.91
JLHL,53.65,53.98
NUVAMA,33.1,33.1
DRONE,82.81,82.81
SERVICE,31.04,31.04
KEL,54.07,54.07
NIITMTS,32.22,31.44
VINSYS,23.67,23.67
ACSAL,26.31,26.31
SAROJA,27.17,27.17
SINDHUTRAD,32.57,32.56
ORIANA,72.72,72.72
CHAVDA,25.62,25.62
TRANSTEEL,12.15,11.99
SANDUMA,23.08,23.08
OLIL,43.47,43.47
KODYTECH,581.32,581.32
SCML,23.39,23.39
MUFIN,111.82,108.57
MAL,9.16,9.16
HIGREEN,57.35,57.35
CELLECOR,78.75,78.75
SRGHFL,22.16,22.16
MADHUSUDAN,24.83,24.83
GOYALSALT,36.42,36.42
SHANTHALA,130.18,130.18
DIAMINESQ,75.08,75.08
VISHNUINFR,30.62,30.62
MICROPRO,20.33,20.33
INSPIRE,17.6,17.6
CELLO,53.48,53.48
MAITREYA,49.82,49.82
SARTELE,84.46,84.46
VINYAS,186.54,186.54
KRBL,14.59,14.59
TIPSINDLTD,60.46,60.46
HIKAL,69.22,69.22
JSWENERGY,67.28,67.28
HINDCOPPER,85.59,85.59
NESTLEIND,77.18,77.4
UNITEDTEA,14.19,14.19
THANGAMAYL,50.64,50.64
HATHWAY,56.82,56.12
MANINFRA,25.54,25.54
KIRLOSBROS,37.48,37.59
MANAPPURAM,7.89,7.89
IMFA,9.58,9.58
BAJAJCON,24.18,24.18
GPPL,28.57,26.58
KILITCH,56.05,56.05
BEDMUTHA,25.45,25.45
RESPONIND,43.2,43.2
RPPINFRA,12.22,12.22
KIRLOSENG,39.49,39.1
DHUNINV,17.97,17.97
SYMPHONY,48.25,48.25
OMINFRAL,36.02,36.02
DHANUKA,27.76,27.76
DEEPAKFERT,23.68,23.68
MAHSEAMLES,9.98,9.94
MOTOGENFIN,108.39,108.39
ADORWELD,26.88,26.88
FEDERALBNK,11.18,11.18
VIPIND,11955.51,11955.51
WEIZMANIND,24.54,24.54
BBOX,55.9,43.61
SUNPHARMA,41.93,41.31
ARE&M,26.53,26.53
ONGC,7.78,7.57
BERGEPAINT,64.14,64.36
KPIL,45.98,45.98
HSCL,73.01,73.01
WSI,19.93,19.13
SUNFLAG,26.76,26.76
BHARATRAS,49.78,49.78
JUBLPHARMA,32.82,74.78
MURUDCERA,60.24,60.24
LIBERTSHOE,67.98,53.13
PCBL,40.21,40.21
EIHAHOTELS,31.17,31.17
STYRENIX,20.78,20.78
IDBI,15.4,15.4
DHAMPURSUG,15.42,15.42
LYKALABS,989.48,499.79
GILLETTE,71.28,71.28
GOLDENTOBC,10.94,12.41
ESABINDIA,56.35,56.35
ANDHRAPAP,8.57,8.57
AARTIIND,42.09,42.09
PRAKASH,9.32,9.32
KOPRAN,27.47,27.47
GREAVESCOT,,108.47
SURYAROSNI,19.93,19.93
SUDARSCHEM,60.77,60.77
IPCALAB,65.31,70.83
AKZOINDIA,39.5,39.5
HINDUNILVR,65.33,65.3
AMBUJACEM,34.94,36.74
EIDPARRY,9.26,9.26
CGPOWER,124.12,126.93
BIRLACORPN,25.76,26.18
ASHAPURMIN,15.65,28.1
AUTOAXLES,17.83,17.83
TTKPRESTIG,56.5,56.5
MARICO,58.46,58.46
KEYFINSERV,6.63,6.63
SANGAMIND,49.02,42.55
CREST,14.69,14.69
TVSSRICHAK,36.07,34
GUJAPOLLO,35.28,35.28
JCHAC,3982.81,202.08
KOTHARIPET,19.75,19.66
GAIL,15.05,15.05
CONCOR,45.21,45.21
POCL,67.68,67.68
ASHOKAMET,8.68,8.68
PTCIL,595.32,595.32
AEROFLEX,56.95,56.79
VPRPL,24.26,24.26
KIRLPNU,58.84,56.43
JSWINFRA,62.67,62.67
YASHO,55.39,55.39
JIOFIN,189.7,189.7
TREL,4.47,36.29
AMNPLST,56.51,56.51
MITCON,20.69,20.69
JPOLYINVST,26.58,26.58
HATSUN,85.86,85.86
SHARDACROP,34.22,34.22
MONTECARLO,28.63,28.63
GULPOLY,68.04,68.04
MOLDTKPAC,40.27,40.27
MENONBE,10.49,10.49
MANAKCOAT,31.87,31.87
AVANTIFEED,22.42,22.42
PRIVISCL,46.61,46.61
PNCINFRA,8.81,8.81
ADANIENSOL,,73.24
RAMASTEEL,82.11,82.11
POWERMECH,38.86,38.79
IDFCFIRSTB,19.08,19.08
LUXIND,45.84,45.84
LALPATHLAB,69.98,69.98
TEAMLEASE,49.7,51.29
MARKSANS,38.21,38.21
LUPIN,44.36,44.36
TCI,30.09,29.86
BHARTIARTL,108,89.62
PNB,11.05,11.05
SURANAT&P,38.39,38.39
UNIONBANK,6.67,6.67
CANBK,5.85,5.85
GODREJIND,37.42,37.42
RADICO,112.22,112.22
VARDHACRLC,22.73,22.73
BAGFILMS,23.96,23.96
WELSPUNLIV,24.64,24.64
IGL,23.38,23.38
TVTODAY,14.63,14.16
PETRONET,12.85,12.95
XPROINDIA,53.31,51.31
EXCELINDUS,46.17,46.17
AMBICAAGAR,14.54,14.54
TEXINFRA,434,434
NTPC,19.84,19.84
INDOCO,45.7,49.69
JSWSTEEL,30.94,33.01
GOKEX,53.46,53.46
SHOPERSTOP,234.2,201.58
JKPAPER,8.04,8.04
VHL,336.51,39.81
SPLIL,16.08,16.07
SASKEN,31.61,31.61
INSPIRISYS,33.61,33.61
LTFOODS,25.57,25.57
SOBHA,463.92,464.01
HBLPOWER,58.98,55.24
LUMAXTECH,21.87,21.87
WANBURY,15.86,31.01
UNOMINDA,77.51,79.39
REDINGTON,12.42,12.42
SMSPHARMA,52.97,52.97
AMDIND,113.41,113.41
NAHARPOLY,1767.78,1767.78
ICRA,46.98,46.98
BFUTILITIE,15.16,15.16
HILTON,33.04,33.04
TIMETECHNO,28.18,28.18
TARMAT,,160.11
PURVA,131.97,131.97
CENTUM,,4244.6
DELTACORP,17.92,22.42
BVCL,18.18,18.18
VINATIORGA,58.5,58.5
EXPLEOSOL,21.56,21.56
DEN,12.2,12.2
ASAHISONG,22.65,178.72
APLLTD,37.08,37.08
PANAMAPET,12.16,12.16
PAISALO,30.31,30.37
SHAKTIPUMP,36.12,36.12
DSSL,31.83,31.83
RUPA,32,30.88
APLAPOLLO,54.5,54.5
IRFC,32.13,32.13
COMPUSOFT,67.75,67.75
RHIM,,42.6
NBCC,71.02,54.68
HEXATRADEX,64.8,64.8
SWANENERGY,26.06,26.06
RTNINDIA,10.28,9.84
THEJO,52.17,52.17
MAYURUNIQ,21.24,21.24
DUCON,33.68,33.68
TVSHLTD,14.21,14.2
CARERATING,28.88,28.88
INDUSTOWER,17.08,17.08
ATULAUTO,106.82,106.82
ORIENTCEM,33.96,33.96
SAMMAANCAP,9.32,9.32
ESSENTIA,25.39,25.4
SREEL,26.66,26.66
CASTROLIND,28.18,28.18
WONDERLA,35.27,35.27
GULFOILLUB,21.51,21.51
SUPERHOUSE,16.34,26.25
PDSL,35.93,36.64
INTELLECT,45.25,44.85
GREENLAM,54.91,54.91
LINC,30.3,30.3
HESTERBIO,114.63,114.63
MANAKSTEEL,22.67,23.15
IMAGICAA,248.62,58.46
LFIC,5.98,5.98
VRLLOG,76.35,76.82
NILAINFRA,34.44,34.44
SKIPPER,47.37,47.37
SYNGENE,73,75.6
PKTEA,21.92,21.92
ARVSMART,69.72,69.72
GUJGASLTD,33.79,35.02
COFFEEDAY,,5.5
BALAXI,13.54,16.35
LINCOLN,15.07,15.07
OCCL,7.88,7.88
VIDHIING,60.8,60.8
KELLTONTEC,19.96,19.96
WEALTH,28.12,28.12
INFIBEAM,38.97,38.97
CROMPTON,61.19,61.19
UNITEDPOLY,36.91,36.91
ALBERTDAVD,11.93,11.93
PREMEXPLN,106.77,106.77
INCREDIBLE,35.7,35.7
MOLDTECH,24.9,24.9
QUESS,36.32,35.29
LLOYDSENGG,101.96,101.96
LTIM,41.28,41.28
GATECH,71.05,71.05
DBL,23.85,53.73
BIGBLOC,65.64,65.64
MBAPL,65.73,65.73
CUPID,27.25,27.25
CROWN,16.58,78.56
ICICIPRULI,272.37,272.37
JAIPURKURT,27.71,27.71
MASKINVEST,1129.71,1129.71
SAKAR,65.61,65.61
AURDIS,15.17,15.17
PANSARI,41.14,41.14
DRL,11.01,11.01
ARTNIRMAN,116.29,116.29
VBL,85.11,85.11
PODDARMENT,15.44,15.44
JETFREIGHT,19.31,21.33
TCIEXP,35.49,35.49
TERASOFT,17.17,16.5
LIBAS,5.7,5.7
PROLIFE,10.74,10.74
CAPTRUST,103.87,103.87
MAHESHWARI,14.08,14.08
MCL,29.8,29.8
PRICOLLTD,38.67,38.67
STEELCITY,11,11
KRISHANA,33.28,33.28
GLOBAL,13.57,13.57
SANGINITA,58.5,58.5
AKASH,36.55,36.55
DMART,129.26,129.26
AIRAN,15.25,15.25
URJA,416.93,416.93
EIFFL,235.9,235.9
SHANKARA,17.29,17.29
SIKKO,34.29,34.29
MKPL,31.36,31.36
INFOBEAN,39.24,39.24
JALAN,,40.11
STARCEMENT,38.6,38.6
GLOBE,22.99,26.27
ACEINTEG,62.67,62.67
DYNPRO,106.07,106.07
THEINVEST,37.42,37.42
SERVOTECH,325.07,325.07
MANAV,13.68,13.68
CHOLAHLDNG,8.72,8.72
WORTH,15.65,15.65
RMDRIP,106.88,106.88
DPWIRES,19.91,19.91
AARVI,19.75,19.75
TIRUPATI,50.55,50.55
AIROLAM,28.05,28.05
RKEC,13.25,13.25
GOLDSTAR,69.51,69.51
JASH,38.72,38.72
OMFURN,21.58,21.58
MILTON,21.41,21.41
MASFIN,19.96,19.96
DPABHUSHAN,53.57,53.57
NAM-INDIA,35.2,35.2
NIACL,34.87,34.87
VERTOZ,133.13,133.13
PULZ,24.19,24.19
SILVERTUC,53.09,53.09
ICEMAKE,42.24,42.24
INNOVANA,23.18,23.18
ONEPOINT,39.17,39.17
AJOONI,68.05,68.05
MOKSH,16.66,16.66
SILLYMONKS,90.02,90.02
AMBER,85.74,85.74
SOLEX,158.45,158.45
GALAXYSURF,37.68,37.68
SOUTHWEST,39.87,41.87
ARVEE,153.04,153.04
ASTERDM,62.22,
BANKA,65.25,65.28
HGINFRA,18.6,18.99
HINDCON,51.86,51.86
SARVESHWAR,54.71,54.71
MACPOWER,49.07,49.07
BANDHANBNK,13.35,13.35
URAVI,265.71,265.71
MITTAL,20.77,38.74
GIRIRAJ,88.89,88.89
ISEC,14.41,14.41
KAPSTON,33.21,33.21
MIDHANI,94.22,94.22
CONTI,92.23,
AVG,17.2,26.97
VERA,24.73,24.73
MMP,33.75,33.75
NARMADA,37.59,37.59
CHEMFAB,76.61,76.61
BSHSL,85.72,85.72
AAKASH,19.93,19.93
GODHA,53.87,53.87
SOFTTECH,142.22,142.22
E2E,159.35,159.35
SIRCA,39.55,39.55
SVLL,99.33,99.33
LATTEYS,134.79,134.79
SONAMLTD,36.65,36.65
ADANIGREEN,269.41,223.15
PRITI,20.72,20.72
GAYAHWS,,89.74
RITES,35.49,35.49
GANGAFORGE,183.82,187.32
REPL,26.34,26.34
HBSL,2.99,2.99
AVROIND,45.97,45.97
TEMBO,26.98,27.46
AARON,42.35,42.35
SIGIND,16.63,16.63
LAGNAM,15.02,15.02
RPPL,30.24,30.24
AKG,56.56,56.56
IRCON,23.54,23.54
AHLADA,10.51,10.51
SPECTRUM,131.8,131.8
GRSE,53.48,53.48
KRITIKA,52.52,52.52
VINNY,52.83,52.83
MARINE,108.85,109.33
IRISDOREME,51.21,51.21
UWCSL,47.62,47.62
TECHNOE,61.83,61.83
SHUBHLAXMI,21.41,21.41
SHRIRAMPPS,5.73,5.73
AWHCL,20.45,20.45
SURANI,703.71,703.71
MSTCLTD,22.55,22.55
ARVINDFASN,64.52,62.23
PAR,20.18,20.18
POLYCAB,55.66,55.66
KPITTECH,70.73,70.73
VIKASLIFE,,89.58
CONFIPET,36.36,36.36
DGCONTENT,40.59,40.59
ABINFRA,93.84,95.19
OAL,65.64,65.64
WEL,163.63,163.63
CHEMCON,55.7,55.7
WESTLIFE,302.76,302.76
HNDFDS,74.13,74.13
MAZDOCK,38.51,38.51
IRCTC,61.05,60.9
360ONE,45.54,42.45
IIFLSEC,16.46,16.46
GOLDKART,302.59,302.59
FLUOROCHEM,139.15,139.15
KUANTUM,8.03,8.03
CHEMBOND,18.8,18.8
MGEL,19.04,19.04
SBICARD,30.79,30.79
HOMEFIRST,33.77,33.77
CSBBANK,10.14,10.14
EASEMYTRIP,65.15,40.56
ROSSARI,36.96,36.96
PRINCEPIPE,33.42,36.21
ESAFSFB,5.26,5.26
ARTEMISMED,71.3,71.3
SUMICHEM,69.01,69.01
LGHL,66.02,70.18
ASALCBR,31.84,31.84
UNIVPHOTO,14.14,14.14
BAFNAPH,681.56,301.26
SUVENPHAR,121.2,121.2
STOVEKRAFT,89.05,89.05
RAJRATAN,39.27,39.27
HAPPSTMNDS,50.09,52.25
GLAND,42.01,42.01
BOROLTD,64.85,64.85
MAXHEALTH,88.81,88.81
AAATECH,55.11,55.11
KALYANKJIL,114.1,114.1
SHAREINDIA,14.1,14.08
UNIDT,40.72,40.72
ANGELONE,19.69,19.69
NIRAJ,26.89,18.06
SURYODAY,8.18,8.18
UTIAMC,19.67,19.67
BECTORFOOD,84.88,84.88
ORCHPHARMA,63.54,63.54
INDIGOPNTS,48.76,48.76
LXCHEM,70.3,70.3
MTARTECH,133.99,133.99
ANURAS,65.37,65.37
ISGEC,38.11,38.11
STYLAMIND,27.06,26.89
CLSEL,10.89,10.89
CARYSIL,38.28,38.28
SHAILY,72.28,72.28
MODISONLTD,42.05,41.49
FIBERWEB,14.69,14.69
BCLIND,19.5,19.5
BHAGCHEM,211.22,211.22
SBCL,44.62,44.62
SMCGLOBAL,8.02,8.02
QMSMEDI,27.21,27.21
NPST,521.3,521.3
ARIHANTCAP,15.06,15.06
NAZARA,89.61,88.83
IPL,38.04,38.04
GENCON,19.9,19.9
LODHA,68.84,65.44
HLEGLAS,71.87,66.61
VMARCIND,33.73,33.73
SONACOMS,81.43,80.77
UTKARSHBNK,9.76,9.76
DRCSYSTEMS,24.06,24.06
PARAS,112.76,112.76
CRAFTSMAN,48.44,48.44
DODLA,37.01,37.01
JUBLINGREA,71.05,71.05
ROLEXRINGS,39.1,35.48
WALPAR,35.27,35.27
SHYAMMETL,22.52,22.52
KIMS,63.25,63.25
TATVA,88.19,88.19
CLEAN,66.09,66.09
AILIMITED,74.37,74.37
GLS,34.86,34.86
ABSLAMC,26.23,26.23
DEEPINDS,20.12,20.2
ZOMATO,404.81,404.81
PIXTRANS,22.77,22.77
WINDLAS,30.59,30.59
CARTRADE,57.41,57.41
KRSNAA,44.63,44.63
EQUIPPP,2680.48,2680.48
DEVYANI,1656.25,293.04
APTUS,26.37,26.37
SUPRIYA,37.21,37.21
BMETRICS,28.32,28.32
ABCOTS,69.02,69.02
VIJAYA,74.3,73.42
AMIORG,157.57,69.34
IWEL,1190.43,585.67
VINEETLAB,370.96,370.96
SANSERA,44.57,44.57
BAJAJHCARE,,34.11
PRITIKAUTO,29.28,29.28
AAREYDRUGS,36.92,36.92
GRINFRA,13.81,17.19
INTLCONV,7.29,7.29
REXPIPES,17.84,17.84
STEELCAS,22.84,22.84
HPAL,41.03,41.35
UGROCAP,19.61,19.61
KPIGREEN,54.83,54.44
YUKEN,71.31,71.31
ANANDRATHI,65.88,65.88
FINOPB,35.76,35.76
NYKAA,1107.74,1107.74
AWL,84.78,78.57
SAPPHIRE,306.48,306.48
QUADPRO,44.44,44.44
PRUDENT,61.99,61.99
NUVOCO,97.32,97.32
GOCOLORS,82.6,82.6
TRACXN,137.34,137.34
FUSION,8.91,8.91
COASTCORP,83.53,83.53
MEDPLUS,129.83,129.83
RATEGAIN,53.74,53.74
METROBRAND,81.39,81.39
MICEL,41.78,46.62
FOODSIN,33.62,33.62
PARADEEP,31.32,31.32
TMB,7.1,7.1
DYNAMIC,79.99,79.99
MANYAVAR,80.24,80.24
GVPTECH,80.34,80.34
DMCC,72.11,72.11
KOTYARK,43.67,43.67
EMIL,41.13,41.13
PRECISION,21.51,21.51
UMAEXPORTS,28.97,28.44
DATAPATTNS,78.79,78.79
JSLL,50.53,50.53
AHL,20.85,20.85
MALLCOM,27.97,27.97
NIDAN,,22.32
SMLT,22.32,22.32
RADIANTCMS,21.22,21.22
HARIOMPIPE,38.88,38.88
DCMSRIND,14.68,14.68
RAJRILTD,5142.03,5142.03
DYCL,33.07,33.07
FIVESTAR,24.88,24.88
VIRINCHI,35.5,35.5
SBC,83.69,83.69
RICHA,30.46,30.46
ELIN,76.96,76.96
SHIGAN,44.68,44.68
MADHAVBAUG,77.41,77.41
MHLXMIRU,14.63,14.63
GATEWAY,20.35,20.35
ZIMLAB,30.63,30.63
JTLIND,36.48,36.48
RAINBOW,60.6,60.6
VENUSPIPES,46.83,46.83
ROTO,48.04,48.04
GSTL,69.66,69.66
INDOBORAX,18.67,18.67
LANDMARK,47.27,46.66
ETHOSLTD,132.5,132.5
MSUMI,46.59,46.59
LEMERITE,277.08,277.08
HARSHA,38.31,38.31
KRISHIVAL,75.4,75.4
GMRP&UI,6.24,
INDOAMIN,32.2,32.2
KRISHNADEF,105.25,105.25
TVSSCS,9835.26,248.47
SWARAJ,28.03,28.03
AMEYA,26.84,26.84
ACI,32.13,32.13
BIKAJI,82.16,82.16
SADHNANIQ,464.16,464.16
SKP,62.11,62.11
CHEVIOT,10.56,10.56
HMAAGRO,43.77,43.77
MWL,31.11,31.11
CMRSL,11.45,9.38
YATHARTH,36.89,36.89
DCXINDIA,54.57,54.57
AKSHAR,41.77,41.77
NGLFINE,31.17,31.17
SABAR,13.39,13.39
SWASTIK,146.5,146.5
FIDEL,29.27,29.27
UBL,120.86,120.86
20MICRONS,17.45,17.12
MAWANASUG,9.39,9.39
HINDNATGLS,1.95,1.07
GKWLIMITED,137.92,137.92
ADANIPOWER,15.73,15.73
GLOBUSSPR,52.66,52.66
OIL,13.61,13.67
RTNPOWER,.86,
ZYDUSWELL,44.8,44.8
SARDAEN,28.21,28.11
REFEX,54.92,54.94
AHLUCONT,22.55,37.43
GODREJPROP,66.02,66.02
BEARDSELL,21.9,21.9
MMTC,142.67,107.8
WHIRLPOOL,88.5,84.52
JUBLFOOD,117.77,203.34
VASCONEQ,30.61,30.61
DBREALTY,7.5,7.98
TEXMOPIPES,79.1,18.27
PERSISTENT,68.4,68.4
KSL,20.69,20.69
SJVN,51.09,54.59
KIRLOSIND,16,14.31
TI,38.37,37.64
BLISSGVS,15.03,7.42
AHLEAST,8.65,11.71
UGARSUGAR,51.29,51.29
ADFFOODS,41.9,41.9
WELINV,126.88,126.88
ORISSAMINE,1932.17,1932.17
CAREERP,14.72,14.72
GREENPOWER,70.06,109.58
WABAG,33.97,33.79
OBEROIRLTY,30.16,30.16
CGCL,44.74,44.74
IOLCP,24.87,24.87
PENIND,22.18,22.18
JAMNAAUTO,24.05,24.05
ZEELEARN,1.95,7.7
PSB,60.72,60.72
KICL,40.33,53.47
JUBLINDS,74.53,37.82
HINDMOTORS,17.03,17.03
HFCL,60.96,60.96
MEGASOFT,98.81,98.81
INDOWIND,43.78,43.78
CCCL,1.23,
CERA,45.93,45.69
MHRIL,67.66,67.66
NHPC,23.49,23.49
SUNTECK,84.17,84.17
SHILPAMED,171.35,184.43
BODALCHEM,333.9,333.9
FILATEX,22.88,22.88
TDPOWERSYS,50.13,50.13
VASWANI,17.37,17.37
PGEL,88.92,88.92
ONELIFECAP,16.09,16.09
TRITURBINE,81.76,81.76
JISLDVREQS,1.11,1.11
POLYMED,94.81,94.81
VIKASECO,40.73,40.73
KANANIIND,101.99,101.99
MINDACORP,53.45,53.45
DBSTOCKBRO,18.17,18.17
SCHNEIDER,98.76,97.01
NDL,183.89,183.89
TBZ,32.32,32.32
VSSL,23.62,23.62
SPECIALITY,26.99,26.99
KITEX,43.25,43.25
ROSSELLIND,150.79,149.43
ZUARI,5.84,5.84
VETO,16.77,16.77
REPCOHOME,8.22,8.22
JUSTDIAL,24.2,24.2
ORBTEXP,17.36,17.36
NATHBIOGEN,9.84,10.56
SDBL,24.23,24.23
AGARIND,14.62,14.62
CAPLIPOINT,31,31
SNOWMAN,122.69,122.69
HITECH,64.96,64.96
NECCLTD,30.23,30.23
SEQUENT,314.19,
KDDL,28.89,28.95
HECPROJECT,19.25,19.25
BHARATWIRE,20.29,20.29
THYROCARE,59.25,59.13
PARAGMILK,22.05,22.05
ARMANFIN,11.34,11.34
ASPINWALL,18.04,18.04
NITIRAJ,26.09,26.09
RADIOCITY,64.4,64.4
TASTYBITE,204.19,204.19
NRAIL,7.71,7.71
CREATIVE,24.68,24.68
DEVIT,25.46,25.46
DOLLAR,31.9,31.69
SCHAND,17.13,17.13
PSPPROJECT,22.45,22.45
CDSL,65.56,65.56
SALASAR,71.4,71.4
GANGESSECU,33.36,33.36
TOTAL,756.89,756.89
VAISHALI,252.69,252.69
GEEKAYWIRE,15.31,15.31
APEX,53.08,53.08
MATRIMONY,35.1,35.1
SBILIFE,90.82,90.82
GATECHDVR,11.68,11.68
GODREJAGRO,46.87,46.87
GICRE,9.75,9.75
KHADIM,125.22,125.22
ZODIAC,74.97,74.97
SHRADHA,12.03,12.03
TOUCHWOOD,55.19,55.2
BCONCEPTS,79.68,79.68
SINTERCOM,295.41,295.41
RAJMET,33.05,33.05
KSHITIJPOL,19.93,51.41
SILGO,28.42,28.42
BBTCL,31.72,31.72
ATGL,129.19,129.19
UNIPARTS,19.49,19.49
TREJHARA,30.13,245.8
RPSGVENT,33.47,33.47
ANUP,40.57,40.57
RVNL,81.24,81.24
METROPOLIS,79.53,79.53
NEOGEN,134.1,134.1
EMAMIPAP,8.02,8.02
PPL,15.04,15.04
INDIAMART,44.17,44.17
SATIA,6.43,6.43
AFFLE,68.68,68.68
SPANDANA,9.88,9.88
UJJIVANSFB,6.55,6.55
SAFARI,72.86,72.86
HPIL,141.06,141.06
VISHWARAJ,70.88,70.88
GREENPANEL,40.04,40.04
APOLLOPIPE,59.83,59.83
ROUTE,27.25,28.3
SIGMA,21.95,21.95
EQUITASBNK,14.9,14.9
HINDWAREAP,72.33,72.33
LIKHITHA,23.66,23.66
PATANJALI,69.66,69.66
ATALREAL,40.44,40.44
MAHEPC,,2157.51
POWERINDIA,318.92,318.92
KSOLVES,34.27,34.27
AARTISURF,40.89,40.89
NDRAUTO,60.75,60.75
PAVNAIND,50.96,50.96
SIGACHI,30.82,30.82
ADL,268.02,268.02
CAMS,58.28,58.28
ROML,129.58,129.58
RAILTEL,58.12,57.37
NURECA,669.75,669.75
HERANBA,35.95,35.95
FAIRCHEMOR,34.43,34.43
STARHEALTH,40.37,40.37
SGIL,55.54,55.54
SJS,33.25,33.25
POLICYBZR,595.38,795.24
MONARCH,19.61,19.6
EPIGRAL,34.13,34.13
CMSINFO,26.58,26.58
TARSONS,69.66,69.66
TEGA,60.24,60.24
LATENTVIEW,60.29,60.29
PASUPTAC,22.52,22.52
MAPMYINDIA,80.69,80.69
KRITI,46,46
GANESHBE,17.66,17.66
MEDICAMEQ,92.8,92.8
SHIVALIK,54.03,54.03
MEDANTA,62.07,62.07
ASIANENE,53.7,50.63
NRL,70.85,70.85
CHOICEIN,65.37,65.37
GRWRHITECH,30.26,30.26
EMUDHRA,91.59,91.59
STARTECK,16.63,16.63
ELDEHSG,26.66,26.66
SEJALLTD,95.51,95.51
RELCHEMQ,108.96,108.96
SYRMA,67.86,67.32
CAMPUS,123.73,123.73
AETHER,156.32,81.84
MEGASTAR,66.32,66.32
RACE,667.87,667.87
DREAMFOLKS,36.64,36.64
DHARMAJ,28.3,28.3
OBCL,45.44,45.44
LICI,15.4,15.4
INOXGREEN,264.28,264.28
RITCO,26.84,26.84
HARDWYN,152.65,152.65
KFINTECH,65.8,65.8
KAYNES,167.31,167.31
GOODLUCK,29.21,29.21
FCL,34.62,34.62
APOLSINHOT,49.03,49.03
GRPLTD,71.25,65.98
GENUSPAPER,101.14,101.14
GANECOS,80.03,80.03
MANAKALUCO,44.33,44.33
ZENTEC,94.18,95.29
BYKE,50.06,50.06
VIPULLTD,2,1.98
UFO,81.22,67.46
ARROWGREEN,32.64,32.64
ALANKIT,26.92,26.92
BALKRISHNA,,17.83
SATIN,5.07,5.07
SHARDAMOTR,22.29,22.29
INDIGO,24.35,24.35
TTKHLTCARE,30.66,38.02
SALZERELEC,32.83,32.83
KRIDHANINF,,66.86
ALKEM,35.11,33.57
PRECAM,49.99,71.33
QUICKHEAL,90.49,90.49
BHAGERIA,47.49,47.49
GOKULAGRO,24.42,24.42
PDMJEPAPER,9.7,9.7
HCG,111.93,118.52
SAGARDEEP,55.52,55.52
SHRIPISTON,22.44,22.44
BLS,44.46,44.46
NAGAFERT,.35,.35
SALONA,24.35,24.35
CONTROLPR,25.6,25.63
DAMODARIND,44.75,44.75
MGL,15.54,15.54
POKARNA,31.75,31.75
GPTINFRA,33.18,33.18
GROBTEA,42.12,42.12
SOMICONVEY,42.96,42.96
ADVENZYMES,41.78,39.01
SPAL,25.76,25.76
NDGL,13.77,13.77
RBLBANK,9.94,9.94
LTTS,44.33,44.33
GNA,19.5,19.5
MARATHON,25.2,25.2
HPL,67.81,67.81
ENDURANCE,47.88,47.88
MAZDA,19.19,19.19
PNBHOUSING,17.53,17.53
KINGFA,32.46,32.46
NBIFIN,153.38,153.38
SFL,50.97,72.53
LAURUSLABS,172.15,172.15
ITDC,89.27,89.17
HISARMETAL,18.8,18.8
SPCENET,132.69,132.69
BHANDARI,25.43,25.43
BSE,102.78,102.78
JITFINFRA,19.19,22.1
INTENTECH,18.32,18.32
ARIHANTSUP,26.33,26.33
CLEDUCATE,40.14,43.11
WIPL,54.16,54.16
BHAGYANGR,36.1,36.1
ERIS,48.4,48.4
GTPL,20.89,20.89
STEELXIND,78.23,78.23
MAGADSUGAR,10.73,10.73
LOVABLE,66.04,66.04
PFS,19.83,19.83
PIIND,40.6,40.6
VSTTILLERS,34.37,34.37
ASHIANA,50.28,50.28
MAITHANALL,4.43,4.43
PENINLAND,26.77,27.93
WHEELS,28.51,28.51
PREMIERPOL,23.47,23.47
SMLISUZU,22.83,22.83
FACT,2551.01,310.76
EXIDEIND,45.61,45.61
ELECON,40.67,40.67
LAXMIMACH,59.14,59.14
NELCO,114.41,114.41
MAHSCOOTER,65.49,67.63
TRENT,168.31,253.22
KECL,90.45,90.45
KCP,11.45,11.36
JAYBARMARU,34.82,34.82
INFY,29.45,29.45
IFBIND,70.89,70.89
IGPL,49.44,49.44
GNFC,18.69,18.69
BHARATFORG,84.56,76.25
BASF,44.32,45
ARVIND,31.95,32.06
TATAMOTORS,10.55,10.48
SCI,15.33,15.33
LINDEINDIA,160.33,160.33
ESCORTS,40.53,40.53
ASHOKLEY,26.18,25.65
TITAN,95.74,95.74
SUNDARMFIN,36.22,34.73
VEDL,18.81,21.12
RELIANCE,25.42,25.42
NOCIL,37.36,37.36
BATAINDIA,55.82,73.82
CARBORUNIV,66.64,66.64
HINDOILEXP,15.75,18.6
COROMANDEL,34.1,34.1
VINDHYATEL,28.11,28.11
ASIANPAINT,62.44,62.44
CENTENKA,27.97,27.97
VTL,20.44,20.44
ATFL,333.64,686.17
SUPREMEIND,67.75,67.75
BALRAMCHIN,22.98,22.98
KORE,172.41,168.66
ALLETEC,72.29,72.29
CLOUD,3.4,3.4
ANNAPURNA,70.83,70.83
QUICKTOUCH,14.47,14.47
DOLLEX,11.07,11.07
ARHAM,50.29,50.29
PRITIKA,103.12,103.12
SRIVASAVI,26.76,26.76
RBMINFRA,85.78,85.78
HOMESFY,62.81,52.62
LRRPL,233.35,233.35
MCON,52.18,52.18
QFIL,22.86,22.86
NIRMAN,46.71,46.71
SYSTANGO,22.45,22.45
MOS,62.87,62.87
CRAYONS,17.39,17.39
INFOLLION,32.8,32.8
KRISHCA,36.6,36.6
REMUS,49.8,49.8
PENTAGON,19.08,19.08
PROV,76.96,76.96
EFACTOR,19.8,19.8
DENTALKART,60.68,60.68
SSFL,87.56,87.56
SAHAJ,26.43,26.43
GLOBALPET,49.8,49.8
PRAMARA,44.47,44.47
ZEAL,21.78,21.78
UNIHEALTH,22.69,22.69
ONDOOR,39.05,38.7
PLADAINFO,9.53,9.53
KARNIKA,33.27,33.27
SAAKSHI,76.57,76.57
BASILIC,39.86,39.86
CPS,84.8,84.8
NEWJAISA,55.12,55.12
HOLMARC,34.25,34.25
MARCO,41.84,41.84
KONTOR,102.95,102.95
CANARYS,45.61,45.61
DIGIKORE,78.15,78.15
PARAGON,22.7,22.7
EMKAYTOOLS,14.1,14.1
GRETEX,26.29,26.09
VSCL,1275.16,1275.16
MPTODAY,6.72,6.74
CADSYS,7.32,7.47
BETA,46.38,46.38
AISL,35.67,35.67
FELIX,64.35,64.35
MHHL,10.72,10.72
MDL,52.94,49.48
MAHICKRA,83.16,83.16
PARIN,156.42,156.42
DRSDILIP,49.24,49.24
KHFM,156.55,156.55
SECL,1226.09,1226.09
ASCOM,29.21,29.12
PARTYCRUS,20.02,20.02
SIDDHIKA,15.42,15.42
MAKS,124.31,63.16
BEWLTD,32.66,32.66
DUGLOBAL,678.32,678.32
DKEGL,10.85,10.85
DESTINY,64.58,64.58
FOCE,50.03,50.03
COOLCAPS,120.41,120.35
EUROBOND,60.15,60.15
TIMESCAN,13.63,13.63
SPRL,23.41,23.41
KNAGRI,37.87,37.87
KCK,214.83,214.83
PROPEQUITY,25.6,25.6
VEEKAYEM,30.15,30.15
RILINFRA,31.33,31.33
ARISTO,20.25,20.25
JFLLIFE,20.84,20.84
HONAUT,82.13,82.13
PRECOT,17.62,22.39
TATAELXSI,60.42,60.42
SHREYANIND,5.17,5.17
SANDESH,6.87,6.87
USASEEDS,24.07,24.07
ADANIENT,78.13,73.91
IVP,14.92,14.92
INDBANK,22.99,22.99
EICHERMOT,36.3,36.3
NEULANDLAB,48.52,50.91
ZENSARTECH,25.32,25.32
BANARISUG,28.62,28.62
JINDALPOLY,24.8,109.73
JYOTISTRUC,77.55,77.55
BLUEDART,69.4,69.4
MUNJALSHOW,22.39,21.02
SOTL,21.47,21.47
RANASUG,23.34,23.34
DECCANCE,33.66,22.95
ARENTERP,15.01,15.01
ADVANIHOTR,28.66,28.66
SUBROS,42.27,42.27
SPMLINFRA,164.76,194.87
WIPRO,24.93,24.93
UNIVCABLES,76.91,76.91
SOMANYCERA,29.63,30.71
M&M,31.9,31.9
KAJARIACER,56.15,56.12
HEIDELBERG,33.16,33.16
MANGLMCEM,40.37,40.37
POLYPLEX,19.48,19.48
3PLAND,37.99,37.99
OSWALAGRO,335.92,334.07
JINDALSAW,13,13
ABB,102.51,102.51
GRAPHITE,10.69,40.28
CANFINHOME,15.23,15.23
ELECTCAST,15.17,15.17
CIPLA,30.77,29.73
HDFCBANK,18.51,18.4
GIPCL,16.14,16.14
INDIANHUME,26.93,26.93
IOC,7.83,7.83
KAMATHOTEL,12.38,65.95
BANCOINDIA,17.5,17.5
APOLLOTYRE,19.95,18.92
SHANTIGEAR,53.59,53.59
ONWARDTEC,31.66,31.66
NILKAMAL,28.3,28.3
ICIL,23.75,23.75
ELGIEQUIP,72.07,72.07
AUROPHARMA,25.3,24.84
EIHOTEL,37.41,36.91
LICHSGFIN,7.82,7.82
BEPL,21.37,21.37
MOREPENLAB,40.24,40.24
VENKEYS,23.72,23.72
GHCL,12.39,12.39
EVERESTIND,109.21,129.88
BPL,21.76,21.76
PGHH,79.58,79.58
VESUVIUS,42.46,42.46
BOMDYEING,1.39,
NAVNETEDUL,4.16,17.92
GLAXO,73.88,65.39
CHOLAFIN,36.67,36.67
FMGOETZE,18.32,18.32
KOTAKBANK,17.2,19.88
KANSAINER,37.11,37.11
FOSECOIND,44,44.21
GABRIEL,38.04,38.04
RALLIS,47.75,48.01
AMJLAND,16.9,16.9
HEG,65.4,65.4
TATAINVEST,116.57,116.57
TIMKEN,70.99,70.99
SHREECEM,43.03,43.03
SAKHTISUG,4.82,
HINDALCO,14.29,14.01
GSFC,16.95,17.01
FINPIPE,22.61,37.52
FINCABLES,29.21,42.6
DCM,30.38,30.38
CESC,17.38,21.11
GREENPLY,42.18,46.36
PEARLPOLY,45.45,45.45
REMSONSIND,50.6,52.15
SWARAJENG,28.23,28.23
ANDHRSUGAR,34.78,32.93
TNPETRO,17.2,15.36
EIMCOELECO,33.83,33.83
CUBEXTUB,32.61,32.61
SAMBHAAV,37.7,42.75
ZENITHEXPO,2894.55,2894.55
SOMATEX,5.52,
AARTIDRUGS,30.78,30.78
INDIANCARD,2.31,
DENORA,38.47,38.47
MIRZAINT,61.22,61.22
GANESHHOUC,16.34,16.34
JAGSNPHARM,52.86,46.96
MPHASIS,36.36,36.36
RUCHINFRA,29.94,94.93
RAMCOIND,27.42,27.42
HERITGFOOD,35.45,35.18
INDNIPPON,26.01,26.01
BANKINDIA,7.62,7.62
KCPSUGIND,6.99,7.61
CHENNPETRO,5.22,5.22
GAEL,16.97,16.97
AXISCADES,51.19,51.19
SASTASUNDR,8.33,8.4
CANTABIL,33.09,33.75
PRESTIGE,49.99,49.99
GRAVITA,68.46,68.46
TEXRAIL,74.52,74.52
MUTHOOTFIN,17.53,17.53
INVENTURE,14.08,12.25
PFIZER,43.83,44.31
BOSCHLTD,39.8,53.42
BALMLAWRIE,24.09,24.09
RAMCOCEM,56.82,56.82
CENTURYTEX,116.56,116.56
TORNTPHARM,65.54,68.42
SRF,57.62,57.62
RANEHOLDIN,28.57,14.74
BALKRISIND,36.01,36.01
GET&D,150.71,150.71
TIL,8.76,
IGARASHI,129.96,129.96
APCOTEXIND,39.56,39.56
KARURVYSYA,9.98,9.98
TATAPOWER,43.84,44.19
SIMPLEXINF,18.2,18.2
TATACOMM,62.74,74.81
SANOFI,33.29,31.29
KABRAEXTRU,57.77,57.77
PRSMJOHNSN,95.78,
SAIL,21.82,14.72
BRITANNIA,67.33,66.71
DABUR,62.71,62.71
BEL,49.28,49.28
CORALFINAC,10.89,10.89
DALMIASUG,14.39,14.39
GARFIBRES,34.92,34.92
SKFINDIA,47.83,47.83
BIOFILCHEM,214.85,214.85
HITECHGEAR,13.67,35.44
PUNJABCHEM,32.82,32.82
MMFL,20.94,21.1
GUJRAFFIA,39.21,39.21
BANKBARODA,6.58,6.58
SKMEGGPROD,11.2,11.2
HUDCO,21.63,21.63
PILITA,71.32,71.32
AGRITECH,14.59,14.59
GOCLCORP,29.32,26.9
CIGNITITEC,28.88,28.28
LAMBODHARA,40.81,40.81
VISHNU,25.09,25.09
JMA,9.22,9.22
INOXWIND,544.58,440.55
TPLPLASTEH,42.91,42.91
ORICONENT,87.11,56.45
MUTHOOTCAP,5.06,
SHREEPUSHK,19.13,19.13
SHK,366.21,23.07
PILANIINVS,39.07,39.07
NH,32.26,32.26
SIL,147.07,147.07
BIOCON,21.18,21.39
DATAMATICS,20.11,19.83
ULTRACEMCO,48.05,47.87
INDSWFTLTD,3.26,3.26
KOTARISUG,41.36,41.36
PATELENG,16.79,21.94
JINDALPHOT,56.62,56.62
IIFL,12.2,12.2
CYBERMEDIA,15.21,19.74
GRANULES,26.96,26.96
YESBANK,50.25,50.25
RML,92.84,18.18
DCBBANK,7.02,7.02
TORNTPOWER,39.36,39.36
HIRECT,80.35,62.53
PLASTIBLEN,22.27,22.27
PITTIENG,47.64,47.64
TIIL,27.09,26.41
PFC,7.58,7.58
PAGEIND,83.36,83.36
ASTRAL,93.32,93.32
NCLIND,12.96,12.96
PHOENIXLTD,45.62,45.61
SRHHYPOLTD,13.27,11.96
KMSUGAR,15.99,15.99
NELCAST,21.36,30.46
INDSWFTLAB,2.8,14.77
FDC,30.17,30.17
ADROITINFO,14.76,14.76
GMDCLTD,20.27,20.27
INDUSINDBK,12.78,12.78
TRIGYN,22.46,22.46
J&KBANK,6.23,6.23
CUB,11.83,11.83
ASTRAZEN,175.14,91.94
AXISBANK,14.33,14.33
SONATSOFTW,62.27,5.11
CYBERTECH,27.29,27.29
KOKUYOCMLN,50.59,50.59
DHANBANK,44.44,44.44
STCINDIA,14.68,15.53
IVC,70.2,70.2
JINDALSTEL,18.7,18.7
NIPPOBATRY,2.95,2.95
HCLTECH,29,29
NRBBEARING,12.28,33.33
BIL,56.18,56.18
KTKBANK,6.56,6.56
AJANTPHARM,45.66,45.66
CALSOFT,62.84,62.84
TVSMOTOR,70.65,70.65
PNC,31.66,31.66
NLCINDIA,18.47,18.47
REPRO,97.87,97.87
USHAMART,25.59,25.59
BALAJITELE,101.92,101.92
KHANDSE,95.29,95.29
GODREJCP,,74.66
ASAL,61.69,61.69
OLECTRA,173.63,189.03
APTECHT,50.29,45.47
OFSS,41.82,41.82
NUCLEUS,20.63,20.63
OMAXAUTO,17.25,
DIVISLAB,86.73,86.73
UCOBANK,29.35,29.35
NSIL,34.97,34.97
PTC,12.91,12.63
VAIBHAVGBL,41.18,39.38
RKFORGE,53.72,53.66
CCL,38.29,38.29
LT,32.27,32.42
APARINDS,48.3,48.3
NIITLTD,53.9,53.9
GULFPETRO,15.38,15.38
GUFICBIO,46.34,46.34
WELENT,21.43,21.43
JBMA,119.69,119.69
XCHANGING,40.03,40.03
JPPOWER,10,7.21
SAKSOFT,49.01,49.01
ALLSEC,20.94,25.27
WELCORP,19.83,19.83
SURYALAXMI,55.64,29.83
63MOONS,11.49,11.49
JSWHL,72.79,72.79
GEOJITFSL,23.35,23.35
MSPL,91.46,91.5
GOLDIAM,39.02,39.02
FCSSOFT,,62.65
IMPAL,21.95,21.95
SUZLON,127.93,119.37
AURIONPRO,62.5,62.5
TRIVENI,29.31,29.31
AIAENG,36.21,36.23
EKC,22.15,21.74
NITINSPIN,15.49,15.49
ENIL,31.77,31.77
JAGRAN,12.62,12.62
SAKUMA,21.17,21.17
KEC,66.69,66.69
JKCEMENT,41.29,41.76
INDOTECH,41.87,41.87
BLKASHYAP,36.63,39.38
CENTURYPLY,72.03,70.41
SOLARINDS,100.17,100.17
GALLANTT,29.56,29.56
UTTAMSUGAR,12.01,12.01
KKCL,27.57,27.57
SUNTV,17.28,17.28
GPIL,12.59,12.58
LOKESHMACH,51.11,51.11
SWELECTES,35.66,83.69
RATNAMANI,43.72,43.72
JKLAKSHMI,19.3,19.56
ALLCARGO,202.51,122.63
EMAMILTD,43.73,43.44
VOLTAMP,57.54,57.54
SELAN,28.25,28.25
ANANTRAJ,74.21,74.21
HOVS,35.55,35.55
TALBROAUTO,21.39,30.44
GEECEE,19.28,19.28
JMFINANCIL,315.47,11.84
GESHIP,6.19,6.19
MANALIPETC,53.1,48.59
DONEAR,17.29,17.29
RUCHIRA,9.55,9.55
JINDRILL,15.56,15.56
TANLA,22.77,22.77
AVTNPL,27.33,27.33
TIDEWATER,30.62,30.62
PTL,22.14,22.14
AUTOIND,27.37,28.04
PGIL,22.67,23.21
TTL,23.73,65.98
TFL,127.67,127.67
JKTYRE,12.91,12.58
THEMISMED,77.2,77.2
BANSWRAS,20.09,20.09
FORTIS,65.4,66.5
WEBELSOLAR,,385.12
INSECTICID,22.09,22.09
NAVINFLUOR,61.22,74.49
HGS,72.45,72.45
V2RETAIL,105.05,105.05
ADSL,34.39,34.39
ALPA,12.77,12.79
CENTRALBK,16.96,16.96
KPRMILL,36.44,36.44
MAGNUM,38.26,133.99
POWERGRID,19.82,19.82
MAANALU,28.56,28.56
BAJAJELEC,89.26,89.26
ADANIPORTS,33.35,31.8
COLPAL,69.92,69.92
JYOTHYLAB,52.99,52.99
KALYANIFRG,47.33,47.33
ECLERX,24.9,24.84
BRIGADE,72.34,72.34
DVL,30.37,30.37
PATINTLOG,29.53,29.53
ARIES,17.96,17.96
CEATLTD,19.28,18.1
JKIL,16.98,16.98
KNRCON,11.8,11.8
NMDC,10.58,10.22
NAHARCAP,14.57,14.57
VGUARD,68.93,68.93
DPSCLTD,104.12,104.12
BAJAJFINSV,18.74,18.74
BAJAJ-AUTO,42.46,42.46
RPGLIFE,38.96,38.96
RBL,21.28,20.85
RANEENGINE,31.74,25.79
LOTUSEYE,71.83,72.61
SIS,43.66,43.66
COCHINSHIP,52.85,52.85
ABCAPITAL,18.31,18.31
ICICIGI,96.52,96.52
TCPLPACK,27.57,27.57
TIINDIA,63.7,64.29
IFGLEXPOR,28.4,28.4
5PAISA,28.21,28.21
SHALBY,39.35,39.35
NEWGEN,63.1,63.1
GMMPFAUDLR,42.42,42.42
BDL,73.96,73.96
SUNDARMHLD,39.06,39.06
HAL,36.13,36.13
SANDHAR,30.43,31.45
LEMONTREE,59.08,59.08
ORIENTELEC,76.08,96.38
INDOSTAR,38.22,38.22
FINEORG,38.76,38.72
VARROC,17.56,17.56
HDFCAMC,45.76,45.76
CREDITACC,13.23,13.23
AAVAS,28.4,28.4
DALBHARAT,40.24,35.97
PAKKA,34.62,34.62
TEJASNET,126.51,126.51
AUBANK,32.62,31.43
AVADHSUGAR,12.51,12.51
OPTIEMUS,96.42,96.42
DIXON,194.41,194.41
CAPACITE,21.7,21.7
DIAMONDYD,40.03,40.03
IEX,56.72,56.72
HDFCLIFE,92.05,92.05
APOLLO,88.96,88.96
CHALET,74.89,74.89
