GAIN_LOSS,SECURITY,CLOSE_PRIC,PREV_CL_PR,PERCENT_CG
 ,Nifty 50 Sec., , , 
 , , , , 
G,SBI LIFE INSURANCE CO LTD,      1761.30,      1671.55,5.37
G,HDFC LIFE INS CO LTD,       710.60,       685.70,3.63
G,BAJAJ FINSERV LTD.,      1602.10,      1551.10,3.29
G,SHRIRAM FINANCE LIMITED,      3159.85,      3075.60,2.74
G,INDUSIND BANK LIMITED,      1381.30,      1347.60,2.5
G,HINDALCO  INDUSTRIES  LTD,       672.90,       658.85,2.13
G,TECH MAHINDRA LIMITED,      1628.60,      1594.65,2.13
G,BHARAT PETROLEUM CORP  LT,       349.40,       343.80,1.63
G,BAJAJ FINANCE LIMITED,      6722.20,      6616.35,1.6
G,GRASIM INDUSTRIES LTD,      2636.70,      2598.40,1.47
G,EICHER MOTORS LTD,      4883.25,      4813.30,1.45
G,KOTAK MAHINDRA BANK LTD,      1805.65,      1781.35,1.36
G,AXIS BANK LIMITED,      1168.00,      1153.25,1.28
G,DIVI S LABORATORIES LTD,      4723.15,      4669.90,1.14
G,HERO MOTOCORP LIMITED,      5244.40,      5188.90,1.07
G,SUN PHARMACEUTICAL IND L,      1766.35,      1747.80,1.06
G,WIPRO LTD,       524.65,       519.75,.94
G,ASIAN PAINTS LIMITED,      3103.20,      3076.30,.87
G,STATE BANK OF INDIA,       820.30,       813.70,.81
G,NTPC LTD,       406.25,       403.10,.78
G,DR. REDDY S LABORATORIES,      6965.35,      6911.35,.78
G,TATA CONSULTANCY SERV LT,      4523.30,      4490.00,.74
G,NESTLE INDIA LIMITED,      2518.50,      2503.15,.61
G,BRITANNIA INDUSTRIES LTD,      5765.80,      5732.50,.58
G,LTIMINDTREE LIMITED,      5707.80,      5676.10,.56
G,MARUTI SUZUKI INDIA LTD.,     12214.95,     12149.80,.54
G,RELIANCE INDUSTRIES LTD,      2991.90,      2976.80,.51
G,COAL INDIA LTD,       524.60,       522.00,.5
G,LARSEN & TOUBRO LTD.,      3572.70,      3555.05,.5
G,HCL TECHNOLOGIES LTD,      1686.75,      1678.50,.49
 , , , , 
L,OIL AND NATURAL GAS CORP.,       330.10,       335.30,-1.55
L,BHARTI AIRTEL LIMITED,      1449.15,      1469.65,-1.39
L,ADANI ENTERPRISES LIMITED,      3070.65,      3102.55,-1.03
L,CIPLA LTD,      1562.85,      1575.50,-0.8
L,APOLLO HOSPITALS ENTER. L,      6672.90,      6724.90,-0.77
L,ITC LTD,       498.80,       501.45,-0.53
L,TATA CONSUMER PRODUCT LTD,      1171.20,      1177.40,-0.53
L,ADANI PORT & SEZ LTD,      1492.55,      1496.45,-0.26
L,TATA MOTORS LIMITED,      1086.90,      1087.70,-0.07
L,JSW STEEL LIMITED,       917.15,       917.75,-0.07
L,TATA STEEL LIMITED,       153.93,       153.96,-0.02
 , , , , 
 ,Nifty Next 50 Sec., , , 
 , , , , 
G,POWER FIN CORP LTD.,       521.20,       504.95,3.22
G,ICICI PRU LIFE INS CO LTD,       742.50,       720.05,3.12
G,BANK OF BARODA,       254.35,       247.35,2.83
G,CHOLAMANDALAM IN & FIN CO,      1387.85,      1349.70,2.83
G,REC LIMITED,       599.90,       584.30,2.67
G,ICICI LOMBARD GIC LIMITED,      2064.05,      2014.05,2.48
G,PUNJAB NATIONAL BANK,       117.35,       115.21,1.86
G,SAMVRDHNA MTHRSN INTL LTD,       189.51,       186.13,1.82
G,BAJAJ HOLDINGS & INVS LTD,      9776.50,      9607.65,1.76
G,INTERGLOBE AVIATION LTD,      4302.05,      4231.95,1.66
G,TRENT LTD,      6793.90,      6689.90,1.55
G,SBI CARDS & PAY SER LTD,       710.70,       699.90,1.54
G,AVENUE SUPERMARTS LIMITED,      5079.20,      5002.70,1.53
G,BOSCH LIMITED,     32054.50,     31605.75,1.42
G,ADANI GREEN ENERGY LTD,      1924.60,      1898.00,1.4
G,CANARA BANK,       111.36,       109.90,1.33
G,INDIAN OIL CORP LTD,       172.23,       170.08,1.26
G,DLF LIMITED,       867.35,       857.20,1.18
G,TVS MOTOR COMPANY  LTD,      2636.20,      2607.60,1.1
G,BERGER PAINTS (I) LTD,       568.00,       562.75,0.93
G,VEDANTA LIMITED,       446.65,       442.75,0.88
G,TATA POWER CO LTD,       422.30,       418.80,0.84
G,JIO FIN SERVICES LTD,       334.15,       331.45,0.81
G,ADANI ENERGY SOLUTION LTD,      1099.90,      1092.55,0.67
G,ZYDUS LIFESCIENCES LTD,      1192.65,      1184.95,0.65
G,HAVELLS INDIA LIMITED,      1889.70,      1881.85,0.42
G,TORRENT PHARMACEUTICALS L,      3362.50,      3349.35,0.39
G,ZOMATO LIMITED,       263.12,       262.17,0.36
G,BHARAT ELECTRONICS LTD,       303.15,       302.15,0.33
G,PIDILITE INDUSTRIES LTD,      3066.45,      3056.60,0.32
 , , , , 
L,HINDUSTAN AERONAUTICS LTD,      4736.05,      4792.25,-1.17
L,AMBUJA CEMENTS LTD,       626.45,       633.70,-1.14
L,VARUN BEVERAGES LIMITED,      1491.60,      1508.40,-1.11
L,GAIL (INDIA) LTD,       236.72,       238.93,-0.92
L,INDIAN RAIL TOUR CORP LTD,       931.00,       937.70,-0.71
L,GODREJ CONSUMER PRODUCTS,      1394.00,      1403.65,-0.69
L,SHREE CEMENT LIMITED,     24730.55,     24848.95,-0.48
L,JINDAL STEEL & POWER LTD,       949.65,       953.75,-0.43
L,LIFE INSURA CORP OF INDIA,      1067.95,      1072.35,-0.41
L,ABB INDIA LIMITED,      7800.75,      7822.60,-0.28
L,SIEMENS LTD,      7084.05,      7102.25,-0.26
L,ADANI POWER LTD,       695.45,       697.00,-0.22
L,INDIAN RAILWAY FIN CORP L,       179.91,       180.17,-0.14
L,SRF LTD,      2473.50,      2476.15,-0.11
L,MARICO LIMITED,       668.90,       669.15,-0.04
 , , , , 
 ,OTHER SECURITIES, , , 
 , , , , 
G,KINGFA SCI & TEC IND LTD.,      3572.70,      2977.25,20
G,NUCLEUS SOFTWARE EXPORTS,      1410.05,      1175.05,20
G,UMA EXPORTS LIMITED,       106.51,        88.76,20
G,SHAH ALLOYS LIMITED,        74.65,        62.21,20
G,MURUDESHWAR CERAMICS LTD,        68.91,        57.43,19.99
G,J.G.CHEMICALS LIMITED,       397.10,       330.95,19.99
G,DRS DILIP ROADLINES LTD.,       111.00,        93.00,19.35
G,SEC RE NCD 9.55% SR.VII,       974.00,       820.00,18.78
G,ANGEL ONE LIMITED,      2696.90,      2341.20,15.19
G,COMPUCOM SOFTWARE LTD,        33.48,        29.21,14.62
G,SONAM LIMITED,        55.46,        48.99,13.21
G,SEC RE NCD 9.60% SR. III,       990.00,       875.51,13.08
G,CAPITAL TRUST LIMITED,       156.38,       138.71,12.74
G,I G PETROCHEMICALS LTD,       692.45,       614.35,12.71
G,VAIBHAV GLOBAL LIMITED,       340.85,       303.10,12.45
G,IIFL SECURITIES LIMITED,       248.95,       221.77,12.26
G,HINDUJA GLOBAL SOLS. LTD.,       809.90,       725.10,11.69
G,OPTIEMUS INFRACOM LTD,       564.95,       505.85,11.68
G,GODFREY PHILLIPS INDIA LT,      5845.55,      5238.60,11.59
G,SELAN EXPLO. TECH LTD,      1022.95,       917.90,11.44
G,SYNERGY GREEN IND. LTD,       400.20,       359.30,11.38
G,ADDICTIVE LEARNING TECH L,       320.25,       287.95,11.22
G,ARO GRANITE IND. LTD.,        62.09,        56.32,10.25
G,EVEREST KANTO CYLINDERLTD,       190.68,       173.00,10.22
G,TAC INFOSEC LIMITED,       691.40,       628.55,10
G,HOV SERVICES LTD,        83.61,        76.01,10
G,D K ENTERPRISES GLOBAL L,        82.00,        74.55,9.99
G,TARA CHAND INFRA SOLN LTD,       485.45,       441.35,9.99
G,MIRC ELECTRONICS LTD,        26.42,        24.02,9.99
G,INDO THAI SEC LTD,       287.90,       261.75,9.99
 , , , , 
L,GRAVITA INDIA LIMITED,      2137.15,      2375.75,-10.04
L,SEC RE NCD 10.15% SR VII,       899.80,      1000.00,-10.02
L,NAMAN IN-STORE (INDIA) L,       210.75,       234.15,-9.99
L,SEC RE NCD 9.48% SR V,       960.10,      1060.00,-9.42
L,MAZAGON DOCK SHIPBUIL LTD,      4299.55,      4724.75,-9
L,MAHICKRA CHEMICAL LIMITED,       104.05,       114.20,-8.89
L,PEARL POLYMERS LTD,        37.23,        40.30,-7.62
L,GARDEN REACH SHIP&ENG LTD,      1776.05,      1921.65,-7.58
L,STL GLOBAL LIMITED,        19.77,        21.38,-7.53
L,DIGIDRIVE DISTRIBUTORS L,        48.56,        52.48,-7.47
L,SEC RE NCD 8.70% SR.III,       915.77,       989.44,-7.45
L,KITEX GARMENTS LTD,       344.31,       369.84,-6.9
L,MAXPOSURE LIMITED,       114.15,       122.60,-6.89
L,MEDICAMEN ORGANICS LTD,        67.15,        72.00,-6.74
L,SAHAJ SOLAR LIMITED,       672.25,       718.20,-6.4
L,GRM OVERSEAS LIMITED,       257.24,       274.27,-6.21
L,MADHAV MARBLE & GRANITE,        57.13,        60.77,-5.99
L,SAKUMA EXPORTS LIMITED,         8.36,         8.89,-5.96
L,BRAINBEES SOLUTIONS LTD,       632.10,       671.65,-5.89
L,OLA ELECTRIC MOBILITY LTD,       137.79,       146.38,-5.87
L,MASON INFRATECH LIMITED,       139.10,       147.40,-5.63
L,TROM INDUSTRIES LIMITED,       275.80,       292.10,-5.58
L,AMINES & PLASTICIZERS LTD,       326.00,       344.90,-5.48
L,MALU PAPER MILLS LIMITED,        45.81,        48.44,-5.43
L,SIGNPOST INDIA LIMITED,       249.32,       263.54,-5.4
L,SEC RE NCD 8.5% SR.III,       921.20,       970.75,-5.1
L,SMVD POLY PACK LIMITED,        13.15,        13.85,-5.05
L,EMAMI REALTY LIMITED,       102.10,       107.50,-5.02
L,MINDPOOL TECHNOLOGIES LTD,        74.90,        78.85,-5.01
L,LEAD REC AND RUB PROD LTD,        52.15,        54.90,-5.01
