SECURITY,NEW,PREVIOUS,NEW_STATUS
V2 RETAIL LIMITED,1049.15,1032,H
VIJAYA DIAGNOSTIC CEN LTD,904.8,880,H
UMA EXPORTS LIMITED,106.51,100.03,H
21ST CENTURY MGMT SERVICE,103.05,101.03,H
KAUSHALYA LOGISTICS LTD,129.95,128.95,H
ICICI LOMBARD GIC LIMITED,2086,2050,H
ELECTROTHERM (I) LTD.,964.15,945.25,H
ABHISHEK INTEGRATIONS LTD,109.8,109.4,H
NIP IND ETF IT,44.65,44.25,H
DEEP INDUSTRIES LIMITED,354,347.9,H
PCBL LIMITED,435,424.4,H
RBM INFRACON LIMITED,745.35,709.9,H
UNICOMMERCE ESOLUTIONS L,263.99,255.99,H
SATHLOKHAR SYN E&C GLOB L,344.95,328.55,H
AKUMS DRUGS AND PHARMA L,1175.9,1119.95,H
RAJPUTANA INDUSTRIES LTD,108.9,103.75,H
MITCON CON RS.2.50 PPD UP,81,80,H
NAHAR POLY FILMS LIMITED,361.9,346.8,H
AESTHETIK ENGINEERS LTD,127.5,121.45,H
VOLTAS LTD,1671.95,1611.7,H
RANE (MADRAS) LIMITED,1116,1090,H
COLGATE PALMOLIVE LTD.,3577.65,3570,H
STEL HOLDINGS LIMITED,498,492,H
GANESHA ECOSPHERE LIMITED,1879.95,1845,H
WEALTH FRST PORT. MG. LTD,1366,1357.4,H
9.40 % SRNCD TR II SR III,1042,1041.4,H
AUTHUM INVEST & INFRA LTD,1528.55,1469.9,H
NAMAN IN-STORE (INDIA) L,245,234.15,H
GSM FOILS LIMITED,68.9,65.65,H
HDFC AMC LIMITED,4316.95,4296.4,H
HIMADRI SPECIALITY CHEM L,495,494.05,H
MMP INDUSTRIES LIMITED,423,388.95,H
POWER INSTRUMENT (G) LTD,145.62,142.77,H
MOTILALAMC - MOHEALTH,43.49,42.31,H
GOI TBILL 182D-05/09/24,99.66,99.61,H
GOI TBILL 182D-12/09/24,99.62,99.6,H
HINDUSTAN MOTORS LIMITED,32.58,32.44,H
SRM CONTRACTORS LIMITED,299.85,287.6,H
KHAITAN (INDIA)LTD.,115.73,93.8,H
INDRAPRASTHA MEDICAL CORP,360,348,H
BOMBAY BURMAH TRADING COR,2548,2506,H
TATA CONSULTANCY SERV LT,4565,4494.25,H
ANNAPURNA SWADISHT LTD,448,427,H
THE INVEST TRUST OF IND L,194.73,190,H
J.G.CHEMICALS LIMITED,397.1,349.9,H
IMAGICAAWORLD ENT LTD,103.25,102.95,H
SUNDARAM FINANCE HOLD LTD,314,308.4,H
TATAAML - TNIDETF,95.8,95,H
OPTIEMUS INFRACOM LTD,570,543.7,H
SBIAMC - SBIETFIT,445,441.3,H
MONARCH NETWORTH CAP LTD,781.4,774.9,H
OLA ELECTRIC MOBILITY LTD,157.4,146.38,H
TREJHARA SOLUTIONS LTD,215.16,204.92,H
GOKUL AGRO RESOURCES LTD,247.25,229.5,H
TARAPUR TRANSFORMERS LTD,15.68,15.3,H
SEC RE NCD 7.90% STRPP A,309.63,309,H
SURAJ ESTATE DEVELOPERS L,847,819.8,H
SEC RE NCD 9.45% SR. I,1010,1005,H
CONTINENTAL SEED CHEM LTD,60.9,58,H
ESPRIT STONES LIMITED,140,132.8,H
SEC RE NCD SR III,1060.82,1057.65,H
AMINES & PLASTICIZERS LTD,359.95,357.7,H
AURUM PROPTECH LIMITED,249.9,239.88,H
GE T&D INDIA LIMITED,1889.9,1827.15,H
SHRIRAM - LIQUIDSHRI,1008.26,1008.1,H
SKY GOLD LIMITED,2645.6,2587.55,H
BALU FORGE INDUSTRIES LTD,604.95,599,H
NUVAMA WEALTH MANAGE LTD,6898.85,6719,H
P. E. ANALYTICS LIMITED,325,324,H
ADIT BIRL SUN LIF AMC LTD,755,732.4,H
TAXFREE SEC NCD TR1 S2,1109,1105.49,H
SPML INFRA LIMITED,226.23,217,H
GOI TBILL 364D-26/06/25,94.34,94.33,H
SUPREME ENGINEERING LTD,2.4,2.36,H
S A TECH SOFTWARE INDIA L,158,148.4,H
TRENT LTD,6819.7,6750,H
V MARC INDIA LIMITED,403.75,384.55,H
S&S POWER SWITCHGEARS,393.5,385.95,H
GOI LOAN  7.1% 2034,104.55,104.4,H
SERENCD8.84%SRVICIII&IV,974.8,974,H
JUBILANT PHARMOVA LTD,925.5,925,H
KCK INDUSTRIES LTD,243.95,233.85,H
KRISHNA INST OF MED SCI L,2439.95,2395.9,H
CHEMFAB ALKALIS LIMITED,977.6,968.7,H
CMS INFO SYSTEMS LIMITED,601.9,594.6,H
SUNGARNER ENERGIES LTD,765.15,728.75,H
MAX ESTATES LIMITED,634.5,619,H
PB FINTECH LIMITED,1763.2,1709.95,H
TECHNO ELEC & ENG CO. LTD,1796.7,1777,H
GOI LOAN  7.46% 2073,109,108,H
AURUM RS. 3.12 PPD UP,204,198.7,H
ELGI RUBBER CO. LTD,99.08,97.14,H
SEC RE NCD 0% SR.VI,1225.8,1210.66,H
JITF INFRALOGISTICS LTD,1197,1149.95,H
KAYNES TECHNOLOGY IND LTD,5380,5330,H
ZERODHAAMC - LIQUIDCASE,106.95,106.75,H
ICICI PRU LIFE INS CO LTD,748.3,746.65,H
KINGFA SCI & TEC IND LTD.,3572.7,3075,H
LCC INFOTECH LTD,7.52,7.38,H
E2E NETWORKS LIMITED,2272.05,2163.9,H
NIP IND ETF CONSUMPTION,134.35,132.5,H
TARA CHAND INFRA SOLN LTD,485.45,479,H
UTSSAV CZ GOLD JEWELS LTD,162.5,162.4,H
TUNWAL E-MOTORS LIMITED,57.1,56,H
GLENMARK PHARMACEUTICALS,1642.55,1639.7,H
VLS FINANCE LTD,374.9,368.1,H
MANGALAM CEMENT LTD,1018,983.65,H
KERNEX MICROSYS(I) LTD,916.3,874.1,H
WELSPUN CORP LIMITED,735,732.55,H
ARCHIDPLY IND. LTD,153,150.95,H
V R INFRASPACE LIMITED,265,260,H
SHRIRAM FINANCE LIMITED,3177,3085,H
IZMO LIMITED,435.1,429.8,H
PICTUREPOST STUDIOS LTD,42.1,40.1,H
PVP VENTURES LIMITED,28.97,27.95,H
AWFIS SPACE SOLUTIONS LTD,856,760,H
KORE DIGITAL LIMITED,2084.45,1985.2,H
MAITREYA MEDICARE LIMITED,228.65,217.8,H
GOI TBILL 364D-31/07/25,93.86,93.72,H
GODFREY PHILLIPS INDIA LT,5990,5442.6,H
DCW LTD,82.7,80.99,H
SELAN EXPLO. TECH LTD,1078.25,1045,H
MULTI COMMODITY EXCHANGE,4914.8,4784.4,H
R.P.P INFRA PROJECTS LTD.,212,210,H
GMR POW AND URBAN INFRA L,115.15,109.67,H
AIRAN LIMITED,44.54,42.42,H
TRUST FINTECH LIMITED,243.45,233,H
INOX WIND ENERGY LIMITED,11950.05,11631.5,H
IIFL SECURITIES LIMITED,261.59,239.9,H
WEBSOL ENERGY SYSTEM LTD,921.15,887,H
GOI TBILL 364D-05/12/24,98,97.98,H
GOI LOAN  7.34% 2064,107,106.25,H
GOI TBILL 364D-07/11/24,98.34,98.01,H
GOI TBILL 91D-12/09/24,99.54,99.43,H
SRI ADHIKARI BRO TELE N L,484.2,474.75,H
SANSTAR LIMITED,134.1,128.79,H
TPL PLASTECH LIMITED,120.35,114.62,H
SHEKHAWATI INDUSTRIES LTD,8.39,8.23,H
ABM INTERNATIONAL LTD,69.25,51.95,H
SEC RE NCD 8.5% SR.III,921.2,935,L
AVONMORE CAP&MGT SERV LTD,13,13.27,L
BOND 8.46% TAX FREE S2A,1144,1148,L
BRAINBEES SOLUTIONS LTD,628.3,633.3,L
SEC RE NCD 8.94% SR.VI,830.2,933.1,L
TROM INDUSTRIES LIMITED,267.35,277,L
SEC RE NCD 9.15% SR.VIII,935,938.95,L
YUDIZ SOLUTIONS LIMITED,54.2,54.7,L
GACM TECHNOLOGIES LIMITED,1.91,1.92,L
ONECLICK LOGISTICS IND L,82.15,84,L
SUMEET IND LIMITED,3.95,4.04,L
TAINWALA CHEMICAL AND PLA,203.05,204.5,L
SEC RE NCD SR III,1038.62,1051.38,L
SEC RE NCD 8.70% SR.III,915.77,976.35,L
SEC RE NCD 9.15% SR.VIII,901,974.22,L
G-TEC JAINX EDUCATION LTD,59.09,61.8,L
PALRED TECHNOLOGIES LTD,88.44,88.98,L
AARTECH SOLONICS LIMITED,66.01,66.1,L
UNS RED NCD 9.15% SR.IX,950,986.91,L
SDL KA 7.6% 2038,99.99,100,L
7.34 NCD 19FEB28 TR1 SR2,1090,1098.1,L
SEC RE NCD 9.55% SR.VII,815.4,820,L
SEC RE NCD 9.57% SR III,1001,1002,L
V.L.INFRAPROJECTS LIMITED,100,102.35,L
ADROITINFO RS. 5 PPD UP,4.7,4.73,L
SEC RE NCD 10.25% SR XII,970,975,L
RELIABLE DATA SERVICE LTD,90.46,92.31,L
SDL GJ 7.55% 2031,97,98.5,L
SEC RED NCD 10.50% SR.III,970,975.01,L

