SYMBOL,SYMBOL P/E,ADJUSTED P/E
FDC,25.14,25.14
ADROITINFO,13.12,13.12
INDUSINDBK,11.63,11.63
TRIGYN,23.25,23.25
KOTHARIPRO,40.8,40.8
ITDCEM,31.45,31.45
SONATSOFTW,59.92,4.91
KOKUYOCMLN,42.97,42.97
DHANBANK,47.13,47.13
STCINDIA,16,16.92
IVC,85.52,85.52
ALEMBICLTD,38.73,38.73
ICDSLTD,26.97,26.97
HCLTECH,27.71,27.71
ZYDUSLIFE,28.51,28.51
RAJESHEXPO,227.79,227.79
IOB,41.64,41.64
AJANTPHARM,42.91,42.91
CALSOFT,50.65,50.65
PNBGILTS,33.18,36.26
NLCINDIA,17.92,17.92
USHAMART,23.53,23.53
MRO-TEK,28.83,28.83
TRIDENT,56.98,57
JISLJALEQS,69.87,69.87
OLECTRA,165.57,180.25
APTECHT,48.87,44.19
OFSS,40.64,40.64
OMAXAUTO,19.36,
RADICO,84.53,84.53
NSIL,33.21,33.21
WELSPUNLIV,25.52,25.52
IGL,23.93,23.93
SIL,142.93,142.93
PTC,11.41,11.16
XPROINDIA,56.76,54.63
CENTEXT,28.07,28.49
COFORGE,50.57,51.15
GULFPETRO,11.99,11.99
ASTRAMICRO,69.23,69.23
JBMA,117.8,117.8
DWARKESH,40.52,40.52
XCHANGING,40.67,40.67
CONSOFINVT,11.77,11.77
EVEREADY,73.74,73.74
MANGALAM,26.87,26.87
SSWL,5.17,15.17
PRIMESECU,32.98,37.21
GENUSPOWER,97.79,97.79
NECLIFE,117.87,117.87
IMPAL,21.6,21.6
AURIONPRO,64.91,64.91
AIAENG,38.65,38.67
ORIENTCER,36.33,40.14
VIMTALABS,26.74,26.74
NITINSPIN,16.84,16.84
ENIL,32.99,32.99
KEC,54.13,54.13
INDOTECH,40.06,40.06
BLKASHYAP,40.08,43.09
CENTURYPLY,58.81,57.49
VAKRANGEE,367.07,389.54
GALLANTT,27.38,27.38
UTTAMSUGAR,11.73,11.73
GPIL,13.52,13.52
LOKESHMACH,47.15,47.15
KAMDHENU,25.17,25.17
PIONEEREMB,48.07,48.07
MUNJALAU,26.69,15.93
GRINDWELL,71.27,71.22
ACE,45.27,45.27
BINANIIND,29.85,
ALICON,29.88,29.88
FIEMIND,20.83,20.83
INSPIRISYS,39.59,39.59
NAUKRI,115.41,108.71
MANALIPETC,57.03,52.18
DONEAR,18.83,18.83
HIRECT,83.29,64.82
TANLA,22.47,22.47
PTL,22.53,22.53
PITTIENG,49,49
TTL,23.17,64.43
THEMISMED,79.48,79.48
BANSWRAS,19.65,19.65
NDLVENTURE,259.02,259.02
SRHHYPOLTD,13.19,11.89
NAVINFLUOR,62.51,76.06
HGS,58.66,58.66
DLF,124.99,124.99
MEGASOFT,102.23,102.23
KPRMILL,36.47,36.47
INDOWIND,49.67,49.67
CENTUM,,3722.19
MANGCHEFER,10.21,10.21
DELTACORP,17.29,21.63
BVCL,20.25,20.25
RGL,12.91,12.91
JYOTHYLAB,54.47,54.47
HITECHCORP,21.99,22.73
TRIL,129.84,129.84
DVL,27.91,27.91
PATINTLOG,25.63,25.63
AMBIKCO,14.96,14.96
BIRLAMONEY,15.03,15.03
JKIL,19.24,19.24
KNRCON,12.29,12.29
SEPC,114.32,114.32
NMDC,10.97,10.59
RECLTD,10.51,10.51
TITAGARH,66.58,66.21
BAJAJ-AUTO,35.25,35.25
DIGISPICE,15.49,41.48
ALMONDZ,20.38,52.42
RANEENGINE,26.43,21.47
LOTUSEYE,72.92,73.71
VINYLINDIA,32.7,32.7
ZFCVINDIA,74.55,74.55
TATAMTRDVR,1.13,1.13
TPHQ,25.03,25.03
GKWLIMITED,189.09,189.09
ADANIPOWER,16.82,16.82
EXPLEOSOL,21.66,21.66
SUNTECK,86.5,86.5
JSWENERGY,59.91,59.91
MMTC,161.48,122
NESTLEIND,74.39,74.6
MBLINFRA,3.36,
THANGAMAYL,40.72,40.72
MANINFRA,25.95,25.95
ISFT,19.83,19.83
BLISSGVS,13.69,6.76
BAJAJCON,26.04,26.04
ADFFOODS,34.03,34.03
CAREERP,15,15
RAMKY,16.99,16.99
JWL,62.54,62.54
OBEROIRLTY,29.47,29.47
SHAH,9.53,164.66
COALINDIA,9.2,9.2
RPPINFRA,12.1,12.1
MOIL,23.11,23.11
RKDL,,98.57
KICL,36.34,48.18
HINDMOTORS,18.77,18.77
DHUNINV,11.35,11.35
SYMPHONY,55.59,55.59
OMINFRAL,40.35,40.35
VSTTILLERS,29.16,29.16
DELPHIFX,16.39,16.39
RUSHIL,23.55,23.55
THERMAX,74.12,86.35
RAYMOND,19.18,18.45
SHREDIGCEM,17.84,17.84
SMLISUZU,23.26,23.26
SUNDRMFAST,52.81,52.81
CRISIL,51.76,51.76
PEL,,129.08
MASTEK,27.76,27.54
TRENT,153.49,230.91
CUMMINSIND,65.77,65.72
JBCHEPHARM,51.39,51.39
INDIAGLYCO,24.61,24.61
IONEXCHANG,49.72,49.72
HIMATSEIDE,13.98,13.98
GFLLIMITED,184.39,184.39
BHARATFORG,85.21,76.83
ATUL,71.31,71.31
ACC,19.85,22.48
MRPL,14.07,14.03
HINDPETRO,9.83,9.83
BAJAJHLDNG,74.87,74.87
ZUARIIND,1.45,
VOLTAS,90.07,90.07
TATASTEEL,,53.26
SPIC,19.5,13.6
RELIANCE,25.85,25.85
BOSCHLTD,36.6,49.13
CARBORUNIV,69.5,69.5
DICIND,,51.01
RAMCOCEM,54.94,54.94
CENTURYTEX,91.56,91.56
TATACHEM,,33.25
EPL,36.49,34.59
VLSFINANCE,3.86,3.86
BIRLACABLE,74.28,74.28
AEGISLOG,39.27,39.27
UNICHEMLAB,,2162.31
JTEKTINDIA,42.65,42.65
HCC,18.35,
ARE&M,29.67,29.67
ADANIENT,81.99,77.57
GET&D,160.4,160.4
BANARISUG,26.66,26.66
KPIL,41.09,41.09
IGARASHI,124.58,124.58
JAYNECOIND,29.62,26.42
SOTL,21.62,21.62
UFLEX,,13.52
THOMASCOOK,34.83,34.83
SIEMENS,102.89,102.89
VSTIND,24,24
TOKYOPLAST,81.87,81.87
IFCI,66.73,67.32
KABRAEXTRU,48.32,48.32
MODTHREAD,11,11
PRSMJOHNSN,73.4,
PIDILITIND,84.08,81.86
PCBL,31.49,31.49
JINDALSAW,11.76,11.76
GRAPHITE,9.7,36.57
BBL,43.16,43.16
DCMSHRIRAM,36.3,36.3
COSMOFIRST,30.69,30.69
HEROMOTOCO,24.98,24.98
ITC,30.27,30.26
HINDCOMPOS,27.49,27.49
OSWALGREEN,566.16,566.16
HUHTAMAKI,7.82,34
RICOAUTO,42.3,41.21
SIYSIL,11.96,11.96
PRECWIRE,34.94,34.94
NCC,26.55,25.86
SEAMECLTD,26.26,27.83
BBTC,8.38,8.09
GICHSGFIN,8.06,8.06
BANARBEADS,22.63,22.63
WSTCSTPAPR,6.33,6.33
PRUDMOULI,11.41,10.57
PRAJIND,44.76,48.22
TFCILTD,18.66,18.66
GTL,1.02,4.88
AGI,22.71,22.71
TATACONSUM,92.71,79.12
ZEEL,40.45,30.88
KOTAKBANK,16.65,19.25
FOSECOIND,48.85,49.08
ANDHRAPAP,8.49,8.49
GABRIEL,37.46,37.46
RALLIS,49.78,50.04
KSB,76.93,76.93
GREAVESCOT,,99.95
SURYAROSNI,20.43,20.43
SUDARSCHEM,57.08,57.08
AKZOINDIA,34.21,34.21
HINDUNILVR,62.3,62.28
AMBUJACEM,35.71,37.55
DCM,34.89,34.89
HEUBACHIND,36.78,36.78
PVP,10.76,
NAVA,10.05,10.89
AUTOAXLES,17.86,17.86
SWARAJENG,26.12,26.12
ANDHRSUGAR,34.5,32.67
JAYAGROGN,16.06,16.06
SILINV,20.17,20.17
BIOFILCHEM,165.23,165.23
SANGAMIND,48.42,42.03
HITECHGEAR,14.64,37.97
TVSSRICHAK,35.84,33.78
GUJAPOLLO,25.76,25.76
JCHAC,3555.35,180.39
KOTHARIPET,15.77,15.7
GAIL,16.5,16.5
CONTROLPR,24.77,24.79
INCREDIBLE,36.41,36.41
MGL,15.19,15.19
QUESS,30.55,29.69
LLOYDSENGG,105.14,105.14
LTIM,36.81,36.81
GATECH,82.37,82.37
ADVENZYMES,36.74,34.3
NDGL,11.74,11.74
BIGBLOC,64.27,64.27
MBAPL,64.49,64.49
GNA,18.54,18.54
MARATHON,21.9,21.9
JAIPURKURT,22.5,22.5
GRETEX,7.13,7.08
SAKAR,61.41,61.41
AURDIS,11.82,11.82
PANSARI,41.86,41.86
ARTNIRMAN,126.81,126.81
ENDURANCE,48.61,48.61
GICL,68.89,68.89
PNBHOUSING,13.4,13.4
PODDARMENT,14.59,14.59
JETFREIGHT,15.34,16.95
SFL,50.82,72.32
HISARMETAL,17.79,17.79
LIBAS,5.06,5.06
PROLIFE,9.61,9.61
CAPTRUST,94.67,94.67
MAHESHWARI,15.3,15.3
BSE,70.6,70.6
MCL,32.64,32.64
JITFINFRA,24.62,28.35
KRISHANA,34.2,34.2
NITIRAJ,26.42,26.42
SANGINITA,57.97,57.97
TASTYBITE,179.46,179.46
AIRAN,16.14,16.14
EIFFL,189.61,189.61
NRAIL,8.17,8.17
CREATIVE,18.49,18.49
FOCUS,16.2,16.2
SIKKO,35.08,35.08
INFOBEAN,37.53,37.53
JALAN,,28.97
STARCEMENT,37.68,37.68
CDSL,62.68,62.68
ACCORD,48.81,48.81
TRANSWIND,24.33,24.33
DYNPRO,98.03,98.03
THEINVEST,36.53,36.53
TOTAL,847.67,847.67
WEWIN,30.68,30.68
SMSLIFE,22.99,22.99
SERVOTECH,240.92,240.92
MANAV,13.39,13.39
CHOLAHLDNG,7.07,7.07
ICICIGI,59.32,59.32
WORTH,12.94,12.94
CADSYS,8.26,8.42
DPWIRES,19.46,19.46
AARVI,19.31,19.31
AIROLAM,26.59,26.59
JASH,41.64,41.64
CMMIPL,16.67,16.67
BETA,36.71,36.71
MILTON,20.95,20.95
DPABHUSHAN,41.12,41.12
TIINDIA,63.07,63.67
NIACL,37.6,37.6
HDFCLIFE,90.29,90.29
PULZ,15.11,15.11
SILVERTUC,54.26,54.26
ZODIAC,90.63,90.63
SHRADHA,11.45,11.45
INNOVANA,26.23,26.23
TOUCHWOOD,54.86,54.87
ONEPOINT,36.55,36.55
AJOONI,52.66,52.66
BCONCEPTS,71.78,71.78
SOUTHWEST,32.46,34.1
ARVEE,159.4,159.4
BANKA,66.61,66.64
GMMPFAUDLR,38.04,38.04
HINDCON,53.88,53.88
SARVESHWAR,49.74,49.74
MACPOWER,55.49,55.49
BDL,84.37,84.37
BANDHANBNK,12.03,12.03
URAVI,287.15,287.15
MITTAL,21.92,40.89
GIRIRAJ,82.69,82.69
ISEC,13.2,13.2
MIDHANI,104.61,104.61
CONTI,469.77,468.92
AVG,18.31,28.72
MMP,34.83,34.83
NARMADA,15.42,15.42
BSHSL,86.09,86.09
MAHICKRA,86.34,86.34
AAKASH,20.57,20.57
GODHA,58.94,58.94
SOFTTECH,135.72,135.72
ORIENTELEC,81.61,103.4
E2E,125.23,125.23
SIRCA,36.58,36.58
SVLL,78.67,78.67
SONAMLTD,33.04,33.04
ADANIGREEN,262.12,217.11
PRITI,20.05,20.05
ACCURACY,25.15,25.15
RITES,34.83,34.83
GANGAFORGE,156.52,159.49
REPL,21.94,21.94
AVROIND,32.09,32.09
TEMBO,15.75,16.03
AARON,43.11,43.11
SIGIND,16.61,16.61
SUMIT,42.33,42.33
LAGNAM,15.93,15.93
RPPL,29.23,29.23
AKG,59.96,59.96
IRCON,27.98,27.98
AHLADA,9.76,9.76
SPECTRUM,143.07,143.07
GRSE,59.85,59.85
KRITIKA,45.83,45.83
VINNY,69.37,69.37
MARINE,122.06,122.6
UWCSL,47.62,47.62
ATGL,139.43,139.43
TECHNOE,67.85,67.85
SHRIRAMPPS,4.61,4.61
TREJHARA,21.18,172.81
SURANI,611.32,611.32
MSTCLTD,25.74,25.74
ARVINDFASN,52.24,50.39
PAR,20.11,20.11
KHFM,119.38,119.38
POLYCAB,55.24,55.24
KPITTECH,75.12,75.12
VIKASLIFE,,96.66
CONFIPET,32.49,32.49
PPL,13.92,13.92
INDIAMART,42.15,42.15
ABINFRA,86.57,87.82
WEL,177.65,177.65
AFFLE,69.56,69.56
SPANDANA,9.94,9.94
HNDFDS,67.73,67.73
UJJIVANSFB,6.34,6.34
IRCTC,63.22,63.06
360ONE,46.18,43.04
IIFLSEC,11.02,11.02
FLUOROCHEM,108.55,108.55
GREENPANEL,36.27,36.27
CHEMBOND,19.4,19.4
MGEL,18.88,18.88
SBICARD,27.63,27.63
HOMEFIRST,27.97,27.97
CSBBANK,10.2,10.2
EASEMYTRIP,61.8,38.47
ROSSARI,37.58,37.58
PRINCEPIPE,35.37,38.33
ESAFSFB,5.42,5.42
ARTEMISMED,61.45,61.45
SUMICHEM,60.86,60.86
LGHL,61.16,65.03
ASALCBR,25.85,25.85
UNIVPHOTO,14.15,14.15
BAFNAPH,710.64,314.12
SUVENPHAR,102.26,102.26
STOVEKRAFT,73.65,73.65
RAJRATAN,39.69,39.69
HAPPSTMNDS,48.84,50.94
GLAND,44.74,44.74
BOROLTD,65.81,65.81
MAXHEALTH,80.66,80.66
AAATECH,44.81,44.81
KALYANKJIL,89.86,89.86
BTML,132.42,132.35
SHAREINDIA,13.01,12.99
SIGACHI,33.97,33.97
ADL,201.49,201.49
NIRAJ,17.44,11.71
CAMS,58.55,58.55
SURYODAY,8.62,8.62
UTIAMC,16.02,16.02
RAILTEL,59.5,58.73
BECTORFOOD,61.61,61.61
ORCHPHARMA,63.68,63.68
INDIGOPNTS,47.85,47.85
LXCHEM,64.5,64.5
MTARTECH,132.75,132.75
CHENNPETRO,5.87,5.87
DHAMPURSUG,14.91,14.91
DABUR,59.54,59.54
FMGOETZE,18.33,18.33
ORIENTHOT,55.59,55.59
KANSAINER,35.8,35.8
3MINDIA,65.28,65.28
SCHAEFFLER,68.42,68.16
AMJLAND,17.71,17.71
MFSL,76.48,76.48
KOPRAN,24.86,24.86
GODFRYPHLP,40.06,37.81
TATAINVEST,105.85,105.85
TIMKEN,68.47,68.47
SHREECEM,42.64,42.64
INGERRAND,55.35,55.35
GSFC,16.93,16.99
EIDPARRY,8.81,8.81
BIRLACORPN,25.4,25.81
ASHAPURMIN,16.33,29.31
TNPL,15.65,15.65
NATCOPHARM,15.95,15.95
GARFIBRES,34.93,34.93
SKFINDIA,45.45,45.45
CUBEXTUB,38.76,38.76
MOTHERSON,40.09,39.03
AARTIDRUGS,30.86,30.86
DENORA,38.28,38.28
SHRIRAMFIN,15.09,15.09
GANESHHOUC,18.43,18.43
GUJRAFFIA,41.46,41.46
CONCOR,47.19,47.19
INDSWFTLAB,2.64,13.95
STEELCITY,10.56,10.56
GLOBAL,12.52,12.52
AKASH,39.09,39.09
INTENTECH,18.77,18.77
CLEDUCATE,27.51,29.55
DEVIT,24.96,24.96
PANACHE,,41.98
SCHAND,16.8,16.8
ERIS,41.33,41.33
ACEINTEG,50.9,50.9
STEELXIND,78.47,78.47
OPTIEMUS,75.58,75.58
VAISHALI,210.45,210.45
GEEKAYWIRE,12.85,12.85
APEX,58.42,58.42
CAPACITE,19.71,19.71
DIAMONDYD,41.64,41.64
MASFIN,18.76,18.76
NAM-INDIA,37.62,37.62
SECURCRED,5.21,5.21
5PAISA,25.94,25.94
VERTOZ,142.83,142.83
ICEMAKE,47.07,47.07
MOKSH,17,17
FAIRCHEMOR,37.35,37.35
ANURAS,69.19,69.19
ISGEC,40.96,40.96
STYLAMIND,25.45,25.29
CLSEL,11.49,11.49
CARYSIL,37.81,37.81
SHAILY,72.79,72.79
MODISONLTD,30.06,29.65
FIBERWEB,15.82,15.82
BCLIND,17.57,17.57
BHAGCHEM,217.59,217.59
SBCL,44.96,44.96
SMCGLOBAL,7.31,7.31
QMSMEDI,21.41,21.41
NPST,571.68,571.68
ARIHANTCAP,10.5,10.5
SIDDHIKA,15.35,15.35
NAZARA,77.22,76.55
IPL,37.51,37.51
GENCON,21.52,21.52
LODHA,68.81,65.41
HLEGLAS,73.5,68.13
SONACOMS,73.96,73.36
UTKARSHBNK,10.06,10.06
PARAS,129.13,129.13
CRAFTSMAN,41.07,41.07
DODLA,37.75,37.75
JUBLINGREA,58.99,58.99
ROLEXRINGS,34.89,31.66
WALPAR,46.19,46.19
SHYAMMETL,18.12,18.12
KIMS,55.13,55.13
MAKS,122.83,62.41
TATVA,87.8,87.8
CLEAN,65.79,65.79
GLS,27.26,27.26
ABSLAMC,24.76,24.76
DEEPINDS,16.14,16.2
ZOMATO,384.57,384.57
BEWLTD,36.03,36.03
PIXTRANS,21.97,21.97
WINDLAS,28.39,28.39
CARTRADE,51.61,51.61
KRSNAA,36.9,36.9
EQUIPPP,2758.24,2758.24
DEVYANI,1424.7,252.07
APTUS,23.72,23.72
SUPRIYA,31.79,31.79
ANMOL,11.63,11.63
VIJAYA,68.32,67.51
AMIORG,126.94,55.86
IWEL,1045.98,514.6
VINEETLAB,389.16,389.16
SANSERA,41.95,41.95
BAJAJHCARE,,36.4
PRITIKAUTO,29.54,29.54
AAREYDRUGS,32.91,32.91
GRINFRA,13.16,16.38
INTLCONV,6.65,6.65
DUGLOBAL,666.63,666.63
REXPIPES,16.63,16.62
STEELCAS,19.15,19.15
HPAL,40.94,41.26
UGROCAP,18.28,18.28
KPIGREEN,67.85,67.36
SGIL,42.22,42.22
SJS,33.48,33.48
FINOPB,32.11,32.11
NYKAA,1068.33,1068.33
AWL,86.28,79.96
SAPPHIRE,281.63,281.63
QUADPRO,45.19,45.19
PRUDENT,63.68,63.68
NUVOCO,87.7,87.7
GOCOLORS,72.79,72.79
TRACXN,136.21,136.21
FUSION,8.23,8.23
COASTCORP,83.1,83.1
MEDPLUS,124.6,124.6
RATEGAIN,51.08,51.08
LATENTVIEW,61.87,61.87
METROBRAND,87.3,87.3
PASUPTAC,18.67,18.67
FOODSIN,28.57,28.57
MAPMYINDIA,87.23,87.23
TMB,6.67,6.67
KRITI,42.18,42.18
DYNAMIC,77.05,77.05
GANESHBE,18.43,18.43
GVPTECH,74.89,74.89
KOTYARK,42.14,42.14
MEDICAMEQ,78.23,78.23
SHIVALIK,53.96,53.96
PRECISION,17.43,17.43
UMAEXPORTS,18.65,18.31
COOLCAPS,97.64,97.59
MEDANTA,61.6,61.6
MALLCOM,23.35,23.35
NIDAN,,21.95
ASIANENE,42.82,40.37
SMLT,22.65,22.65
RADIANTCMS,21.86,21.86
CHOICEIN,57.55,57.55
HARIOMPIPE,37.51,37.51
DCMSRIND,15.06,15.06
RAJRILTD,4578.18,4578.18
EMUDHRA,84.3,84.3
FIVESTAR,22.96,22.96
VIRINCHI,31.27,31.27
SBC,71.75,71.75
ELDEHSG,26.76,26.76
RICHA,29.53,29.53
TIMESCAN,12.43,12.43
MADHAVBAUG,63.92,63.92
SEJALLTD,87.17,87.17
RELCHEMQ,110.43,110.43
SYRMA,64.67,64.15
ZIMLAB,29.59,29.59
CAMPUS,103.95,103.95
VENUSPIPES,44.48,44.48
AETHER,145.51,76.18
MEGASTAR,74.08,74.08
GSTL,69.5,69.5
LANDMARK,43.29,42.73
RACE,657.54,657.54
DREAMFOLKS,31.67,31.67
KNAGRI,29.97,29.97
LEMERITE,269.09,269.09
DHARMAJ,29.7,29.7
OBCL,47.39,47.39
KCK,167.2,167.2
LICI,16.22,16.22
INDOAMIN,24.14,24.14
PROPEQUITY,26.02,26.02
SWARAJ,30.64,30.64
INOXGREEN,214.05,214.05
ACI,34.98,34.98
RITCO,23.02,23.02
VEEKAYEM,28.75,28.75
RILINFRA,27.64,27.64
HARDWYN,94.21,94.21
CHEVIOT,11.16,11.16
MEDICO,36.87,36.87
CMRSL,13.86,11.35
KFINTECH,64.16,64.16
DCXINDIA,54.45,54.45
AKSHAR,19.49,19.49
ARISTO,17.16,17.16
KAYNES,159.72,159.72
JFLLIFE,17.82,17.82
AXITA,34.3,34.3
PLAZACABLE,112.37,112.37
SENCO,42.49,42.49
USASEEDS,25.28,25.28
TRU,51.35,51.35
RADHIKAJWE,21.98,21.98
SPLPETRO,42.15,42.15
RAMRAT,34.96,34.96
VIVIANA,77.9,77.9
CSLFINANCE,15.32,15.32
KORE,184.41,180.39
GOYALALUM,61.82,61.82
RUSTOMJEE,152.46,152.46
GENSOL,59.76,59.67
DBOL,26.01,26.01
GSLSU,46.95,46.95
SPORTKING,19.62,19.62
ALLETEC,70.59,70.59
MANORAMA,116.28,116.28
ISHAN,,236.3
GRMOVER,26.84,26.84
SYNCOMF,53.47,53.44
CLOUD,3.35,3.35
DJML,55.13,55.13
SULA,43.36,43.36
SIGNATURE,399.03,399.03
ANNAPURNA,54.92,54.92
KRITINUT,16.49,16.49
MEGAFLEX,46.4,46.4
KALAMANDIR,30.03,30.03
AVALON,170.26,170.26
CONCORDBIO,54.62,54.62
GRCL,140.99,140.99
BAIDFIN,17.13,17.13
QUICKTOUCH,14.57,14.57
IPSL,22.85,22.85
KAMOPAINTS,91.56,91.56
DOLLEX,9.53,9.53
BLUEJET,51.65,49.47
MVGJL,13.71,13.71
SCPL,22.4,22.4
SUKHJITS,14.23,14.23
ARHAM,49.34,49.34
MANKIND,47.02,47.02
SKYGOLD,65.35,65.35
ARIHANTACA,66.92,66.92
SATINDLTD,5.39,5.39
DIVGIITTS,56.19,56.19
PRITIKA,67.47,67.47
USK,12.64,12.64
CMNL,14.74,14.54
SRIVASAVI,28.01,28.01
IKIO,37.85,37.85
MANOMAY,34.92,34.92
FAZE3Q,28.63,28.63
LLOYDSME,28.1,28.1
AARTIPHARM,23.99,23.99
RHL,54.83,54.83
SAHYADRI,16.32,16.32
SAHANA,83.14,83.14
NINSYS,49.4,49.4
DUCOL,40.53,40.53
SBFC,33.68,33.68
SBGLP,92.33,92.33
ASMS,275.12,264.99
HYBRIDFIN,12.03,11.8
VIAZ,27.88,27.88
ZAGGLE,75.65,75.65
AGARWALFT,385.62,385.62
HONASA,121.04,121.04
RISHABH,40.31,40.31
IRMENERGY,20.53,20.53
SAH,337.29,337.29
DENEERS,18.18,18.18
CYIENTDLM,93.68,93.68
AGUL,17.71,17.71
AKI,128.51,128.51
MASTER,55.32,55.32
YCCL,35.89,35.89
RATNAVEER,23.84,23.84
PATTECH,53.64,53.64
SECMARK,205.16,205.16
AUROIMPEX,14.57,14.57
SOTAC,47.37,46.25
ATAM,36.13,36.13
CRAYONS,17.73,17.73
INFOLLION,31.1,31.1
LAL,39.57,39.57
URBAN,31.05,31.05
POCL,53.43,53.43
KRISHCA,31.14,31.14
AATMAJ,69.02,69.02
DOLPHIN,203.43,212.68
REMUS,51.47,51.47
ASHOKAMET,8.42,8.42
PENTAGON,19.78,19.78
SEL,158.13,158.13
PROV,81.49,81.49
PTCIL,548.06,548.06
NETWEB,158.5,158.5
AEROFLEX,47.97,47.83
EFACTOR,17.34,17.34
GHCLTEXTIL,31.2,31.2
VPRPL,24.49,24.49
DENTALKART,58.12,58.12
SYNOPTICS,14.26,14.26
KIRLPNU,60.69,58.21
RRKABEL,64.26,64.33
COMMITTED,14.86,14.86
JSWINFRA,58.04,58.04
SANGANI,21.63,21.63
NUVAMA,32.15,32.15
DRONE,93.55,93.55
SERVICE,27.62,27.62
KEL,47.9,47.9
NIITMTS,28.89,28.19
ZEAL,21.26,21.26
SAROJA,21.74,21.74
SINDHUTRAD,28.13,28.12
UNIHEALTH,18.09,18.09
CHAVDA,20.9,20.9
TRANSTEEL,12.38,12.22
SANDUMA,24.15,24.15
PLADAINFO,9.37,9.37
KODYTECH,562.81,562.81
SCML,21.35,21.35
MUFIN,117.39,113.98
MAL,8.94,8.94
HIGREEN,44.32,44.32
CELLECOR,44.43,44.43
SRGHFL,21.87,21.87
MADHUSUDAN,25.56,25.56
GOYALSALT,34.08,34.08
WOMANCART,43.07,43.07
HOLMARC,32.42,32.42
TREL,4.7,38.1
MARCO,35.29,35.29
KONTOR,97.9,97.9
MICROPRO,19.25,19.25
CELLO,53.67,53.67
CANARYS,51.14,51.14
MAITREYA,28.79,28.79
SARTELE,59.59,59.59
PARAGON,19.82,19.82
AXISCADES,51.17,51.17
HIKAL,58.78,58.78
ACLGATI,203.69,
UNITDSPR,72.01,72.19
MPSLTD,34.36,34.36
ASAL,65.07,65.07
PONNIERODE,11.14,11.14
SURANAT&P,36.42,36.42
UNIONBANK,6.52,6.52
CANBK,6.1,6.1
GODREJIND,28.51,28.51
UCOBANK,31.35,31.35
JSL,22.89,23.6
JAIBALAJI,17.67,17.67
MUKANDLTD,22.63,22.63
POONAWALLA,16.54,23.64
DATAMATICS,17.75,17.51
AMBICAAGAR,15.2,15.2
ULTRACEMCO,46.75,46.57
INDSWFTLTD,3.2,3.2
KOTARISUG,41.2,41.2
PATELENG,15.91,20.79
JINDALPHOT,58.96,58.96
IIFL,10.47,10.47
CYBERMEDIA,16.34,21.21
GRANULES,32.69,32.69
SPLIL,16.44,16.43
SASKEN,33.21,33.21
JMFINANCIL,232.24,8.71
LTFOODS,20.65,20.65
JINDRILL,16.16,16.16
HBLPOWER,62.49,58.53
LUMAXTECH,20.25,20.25
GANDHITUBE,18.73,18.73
UNOMINDA,88.29,90.43
TIIL,31.34,30.56
PFC,7.78,7.78
PAGEIND,79.49,79.49
NAHARPOLY,2416.98,2416.98
ICRA,38.28,38.28
FORTIS,57.7,58.68
HILTON,31.07,31.07
NAGREEKEXP,22.39,22.39
TARMAT,,161.73
ALPA,11.49,11.51
CIEINDIA,24.84,24.84
MOTILALOFS,13.45,13.45
POWERGRID,20.18,20.18
BAJAJELEC,86.72,86.72
VINATIORGA,59.83,59.83
OIL,15.77,15.85
DEN,11.28,11.28
DLINKINDIA,21.91,21.91
DBCORP,13.26,13.26
BEARDSELL,18.71,18.71
TRF,14.52,14.52
UNITEDTEA,14.41,14.41
VASCONEQ,32.04,32.04
EMMBI,19.33,19.33
PERSISTENT,64.37,64.37
KIRLOSBROS,44.76,44.9
SJVN,55.88,59.71
MANAPPURAM,7.59,7.59
IMFA,9.77,9.77
IITL,7.17,9.78
GPPL,30.24,28.13
KILITCH,50.37,50.37
BEDMUTHA,26.48,26.48
CGCL,43.31,43.31
JAMNAAUTO,24.71,24.71
FMNL,.65,
STEL,68.58,68.58
VADILALIND,19.01,19.01
MAITHANALL,4.28,4.28
LTF,16.64,16.64
DRREDDY,20.78,20.78
MAHSEAMLES,9.44,9.41
VINDHYATEL,30.57,30.57
PGHL,40.91,40.91
BEML,55.85,55.85
VTL,20.46,20.46
VIPIND,10838.11,10838.11
BBOX,59.17,46.16
RANEHOLDIN,24.23,12.5
APOLLOHOSP,91.78,91.89
INDBANK,23.51,23.51
NEULANDLAB,44.01,46.18
JINDALPOLY,27.43,121.36
BLUEDART,64.23,64.23
HSCL,53.86,53.86
ARENTERP,16.1,16.1
SUNFLAG,27.54,27.54
WIPRO,24.08,24.08
JUBLPHARMA,24.81,56.51
MURUDCERA,58.72,58.72
HLVLTD,59.31,59.31
3PLAND,40.13,40.13
SAIL,22.1,14.91
STYRENIX,21.95,21.95
BRITANNIA,63.04,62.46
ASAHISONG,23.96,189.11
BROOKS,155,155
APLLTD,33.39,33.39
PANAMAPET,12.15,12.15
ONELIFECAP,13.85,13.85
SHAKTIPUMP,37.84,37.84
JISLDVREQS,1.07,1.07
RUPA,33.31,32.15
APLAPOLLO,51.45,51.45
IRFC,36.51,36.51
COMPUSOFT,55,55
RHIM,,46.09
NDL,13.48,13.48
HEXATRADEX,50.96,50.96
SWANENERGY,30.12,30.12
RTNINDIA,10.3,9.85
THEJO,54.32,54.32
ROSSELLIND,157.23,155.82
TVSHLTD,13.62,13.62
VETO,17.28,17.28
INDUSTOWER,17.06,17.06
JUSTDIAL,26.12,26.12
ATULAUTO,105.96,105.96
ESSENTIA,29.2,29.21
SREEL,27.27,27.27
SDBL,22.78,22.78
AGARIND,15.36,15.36
GOCLCORP,30.11,27.62
INTELLECT,45.39,45
FCL,32.87,32.87
GENUSPAPER,88.54,88.54
VISHNU,28.03,28.03
JMA,9.32,9.32
MANAKSTEEL,17.98,18.36
IMAGICAA,306.68,72.11
LFIC,5.61,5.61
VRLLOG,68.2,68.62
PRIVISCL,47.01,47.01
NILAINFRA,33.13,33.13
BALKRISHNA,,16.18
ADANIENSOL,,81.66
POWERMECH,36.9,36.84
SHREEPUSHK,18.54,18.54
IDFCFIRSTB,18.87,18.87
PERFECT,56.57,56.57
LUXIND,45.97,45.97
LINCOLN,13.82,13.82
NH,30.07,30.07
QUICKHEAL,78.09,78.09
NECCLTD,34,34
WEALTH,29.48,29.48
BHARATWIRE,20.48,20.48
SAGARDEEP,55.33,55.33
PARAGMILK,24.05,24.05
UNITEDPOLY,29.11,29.11
SILLYMONKS,83.13,83.13
AMBER,80.54,80.54
SINTERCOM,295.21,295.21
RAJMET,36.4,36.4
KSHITIJPOL,20.15,51.98
SILGO,20.1,20.1
BBTCL,32.81,32.81
IRISDOREME,45.56,45.56
UNIPARTS,19.78,19.78
AWHCL,21.52,21.52
RPSGVENT,28.1,28.1
CHALET,67.67,67.67
ANUP,35.42,35.42
RVNL,88.14,88.14
METROPOLIS,78.95,78.95
NEOGEN,113.26,113.26
EMAMIPAP,8.32,8.32
DGCONTENT,37.48,37.48
OAL,71.32,71.32
SATIA,6.72,6.72
CHEMCON,52.42,52.42
WESTLIFE,287.38,287.38
MAZDOCK,43.55,43.55
SAFARI,67.49,67.49
HPIL,143.42,143.42
VISHWARAJ,61.42,61.42
KUANTUM,8.39,8.39
APOLLOPIPE,53.03,53.03
ROUTE,25.44,26.42
SIGMA,24.28,24.28
EQUITASBNK,14.58,14.58
HINDWAREAP,81.57,81.57
LIKHITHA,25.35,25.35
PATANJALI,69.35,69.35
ATALREAL,27.69,27.69
MAHEPC,,2138.44
POWERINDIA,304.59,304.59
KSOLVES,34.12,34.12
AARTISURF,29.27,29.27
NDRAUTO,38.68,38.68
PAVNAIND,51.21,51.21
UNIDT,39.15,39.15
ANGELONE,17.62,17.62
ROML,121.02,121.02
NURECA,481.92,481.92
HERANBA,33.26,33.26
STARHEALTH,39.2,39.2
YUKEN,72.38,72.38
ANANDRATHI,60.7,60.7
POLICYBZR,544.8,727.69
MONARCH,17.77,17.76
EPIGRAL,31.28,31.28
CMSINFO,26.13,26.13
TARSONS,67.18,67.18
TEGA,54.64,54.64
MANORG,74.94,74.94
MICEL,29.8,33.26
PARADEEP,31.1,31.1
MANYAVAR,72.06,72.06
DMCC,70.57,70.57
EMIL,45.29,45.29
DATAPATTNS,85.11,85.11
AHL,30.97,30.97
NRL,54.86,54.86
GRWRHITECH,30.92,30.92
DYCL,34.05,34.05
STARTECK,16.82,16.82
DHRUV,35.2,35.2
ELIN,66.18,66.18
MHLXMIRU,15.13,15.13
GATEWAY,21.25,21.25
JTLIND,34.24,34.24
RAINBOW,56.42,56.42
ROTO,48.1,48.1
INDOBORAX,15.12,15.12
ETHOSLTD,129.97,129.97
MSUMI,47.82,47.82
HARSHA,39.77,39.77
GMRP&UI,4.89,
TVSSCS,9266.62,234.1
BIKAJI,78.02,78.02
SADHNANIQ,372.03,372.03
HMAAGRO,44.59,44.59
YATHARTH,32.84,32.84
NGLFINE,35.48,35.48
IDEAFORGE,110.94,110.94
AARTECH,109.62,109.62
LAOPALA,28.01,28.01
JKTYRE,12.21,11.89
BALAMINES,33.18,33.18
AROGRANITE,54.47,54.47
BFUTILITIE,15.58,15.58
WEBELSOLAR,,334.49
INSECTICID,22.05,22.05
TIMETECHNO,26.25,26.25
V2RETAIL,91.41,91.41
ADSL,25.67,25.67
CENTRALBK,17.24,17.24
PURVA,141.61,141.61
NAGREEKCAP,1.04,1.04
MAGNUM,39.15,137.1
CERA,54.9,54.62
ADANIPORTS,34.93,33.3
EDELWEISS,16.14,16.14
COLPAL,68.23,68.23
KALYANIFRG,48.91,48.91
ECLERX,24.87,24.8
BRIGADE,57.67,57.67
MANAKSIA,8.06,6.11
ARIES,17,17
CEATLTD,17.75,16.66
CORDSCABLE,23.51,23.51
HERCULES,51.29,51.29
IRB,42.23,42.23
GSS,29.77,29.77
NAHARCAP,14.15,14.15
VGUARD,71.96,71.96
NESCO,18.26,18.26
DPSCLTD,110.83,110.83
BAJAJFINSV,15.39,15.39
GOKUL,257.07,20.18
RPGLIFE,38.05,38.05
RBL,17.61,17.24
JETKNIT,92.83,92.83
DRL,16.4,16.4
VSCL,1278.28,1278.28
PASHUPATI,181.86,181.86
RMDRIP,87.26,87.26
GOLDSTAR,60.39,60.39
OMFURN,19.29,19.29
AISL,27.98,27.98
FELIX,73.8,73.8
SOLEX,160.87,160.87
MHHL,10.6,10.6
MDL,57.71,53.94
VERA,24.73,24.73
PARIN,139.4,139.4
SHUBHLAXMI,22.89,22.89
MINDPOOL,171.08,171.08
PARTYCRUS,21.35,21.35
VMARCIND,32.63,32.63
AILIMITED,85.64,85.64
BMETRICS,25.91,25.91
DKEGL,12.06,12.06
DESTINY,22.54,22.54
FOCE,46.03,46.03
JSLL,50.88,50.88
EUROBOND,58.54,58.54
SHIGAN,39.22,39.22
SPRL,29.12,29.12
SONUINFRA,16.47,16.47
KRISHIVAL,52.4,52.4
KRISHNADEF,86.42,86.42
AMEYA,29.69,29.69
SKP,61.79,61.79
MWL,27.4,27.4
SABAR,15.07,15.07
SWASTIK,139.71,139.71
FIDEL,25.64,25.64
AGNI,238.22,238.22
KANDARP,35.67,35.67
ARABIAN,26.7,26.7
BAHETI,43.23,43.23
RITEZONE,17.47,17.47
PHANTOMFX,21.32,21.32
AMIABLE,10.75,10.75
JIWANRAM,20.4,20.4
FROG,34.03,34.03
ANLON,64.22,64.22
VERTEXPLUS,123.1,123.1
RBMINFRA,64.65,64.65
HOMESFY,65.5,54.87
LRRPL,108.93,108.93
MCON,54.85,54.85
QFIL,20.72,20.72
NIRMAN,53.19,53.19
SYSTANGO,21.18,21.18
MOS,39.39,39.39
SPECTSTM,22.01,22.01
SHRITECH,14.21,14.21
INFINIUM,52.2,52.2
ESFL,31.14,31.14
CELLPOINT,35.09,35.09
GREENCHEF,38.61,38.61
MAGSON,26.12,26.12
MONOPHARMA,26.95,26.95
SSFL,76.87,76.87
SAHAJ,26.64,26.64
GLOBALPET,48.95,48.95
VINSYS,23.1,23.1
ACSAL,15.05,15.05
ORIANA,78.84,78.84
ONDOOR,47.81,47.38
OLIL,47.32,47.32
KARNIKA,32.16,32.16
SAAKSHI,77.49,77.49
BASILIC,47.8,47.8
CPS,78.77,78.77
NEWJAISA,67.22,67.22
SHANTHALA,138.49,138.49
VISHNUINFR,29.16,29.16
INSPIRE,18.26,18.26
DIGIKORE,90.83,90.83
VINYAS,200.97,200.97
EMKAYTOOLS,13.98,13.98
ARCHIDPLY,123.94,123.94
UBL,117.28,117.28
20MICRONS,19.76,19.38
JOCIL,77.99,77.99
REDTAPE,57.3,57.3
PYRAMID,22.05,22.05
EMSLIMITED,28.5,28.5
UDS,27.21,27.21
ATL,28.11,28.11
JLHL,52.85,53.17
YASHO,52.12,52.12
JIOFIN,181.25,181.25
DIAMINESQ,74.47,74.47
AMNPLST,60.28,60.28
SAMMAANCAP,6.42,6.42
PILITA,57.23,57.23
MITCON,23.26,23.26
JPOLYINVST,27,27
AGRITECH,13.73,13.73
CASTROLIND,28.33,28.33
HATSUN,91.72,91.72
GULFOILLUB,20.22,20.22
SUPERHOUSE,16.11,25.89
PDSL,36.21,36.92
MONTECARLO,22.92,22.92
APOLSINHOT,43.19,43.19
GRPLTD,97.11,89.93
GREENLAM,58.2,58.2
LINC,25.16,25.16
HESTERBIO,118.14,118.14
MANAKALUCO,39.28,39.28
ZENTEC,88.83,89.88
INOXWIND,467.33,378.06
UFO,76.79,63.78
SKIPPER,48.11,48.11
SYNGENE,67.45,69.86
PKTEA,22.17,22.17
SHARDAMOTR,23.92,23.92
INDIGO,20.93,20.93
UMANGDAIRY,64.22,64.22
ALKEM,33.1,31.64
HITECH,50.67,50.67
SEQUENT,278.22,
HCG,96.61,102.3
CROMPTON,61.83,61.83
ALBERTDAVD,9.83,9.83
COUNCODOS,33.2,33.2
MAWANASUG,9.29,9.29
AJMERA,22.16,22.16
MHRIL,65.93,65.93
EXCEL,56.89,56.89
GLOBUSSPR,34.68,34.68
RTNPOWER,.87,
ZYDUSWELL,46.19,46.19
SARDAEN,22.46,22.37
REFEX,32.78,32.79
AHLUCONT,25.42,42.2
GODREJPROP,66.96,66.96
HINDCOPPER,86.49,86.49
WHIRLPOOL,91.01,86.91
JUBLFOOD,110.38,190.58
DBREALTY,8.06,8.57
HATHWAY,56.57,55.88
TEXMOPIPES,75.68,17.48
SAREGAMA,53.21,53.21
ENGINERSIN,40.98,40.98
JAICORPLTD,106.85,106.85
GMDCLTD,19.99,19.99
MAHAPEXLTD,.68,46.65
ASAHIINDIA,53.28,53.28
J&KBANK,6.57,6.57
CUB,11.68,11.68
SOUTHBANK,5.77,5.77
ASTRAZEN,172.79,90.71
AXISBANK,13.32,13.32
CYIENT,29.65,27.96
CYBERTECH,23.64,23.64
GOACARBON,8.63,8.63
SANGHVIMOV,19.19,19.19
RSSOFTWARE,38.86,38.86
NATIONALUM,13.61,15.8
JINDALSTEL,17.41,17.41
NIPPOBATRY,2.82,2.82
BSOFT,27.08,27.08
ACCELYA,27.43,27.5
STAR,140.07,40.73
NRBBEARING,12.25,33.23
BIL,44.06,44.06
KTKBANK,6.19,6.19
BLBLIMITED,11.29,11.29
BLUESTARCO,71.34,71.34
TVSMOTOR,66.15,66.15
PNC,31.36,31.36
TAJGVK,26.15,26.15
REPRO,89.48,89.48
HAVELLS,84.8,84.8
BALAJITELE,108.07,108.07
KHANDSE,97.25,97.25
MARKSANS,29.91,29.91
SMARTLINK,32.91,32.91
GODREJCP,,73.17
LUPIN,41.24,41.24
TCI,28.48,28.27
BHARTIARTL,95.9,79.59
PNB,11.71,11.71
TIMESGTY,63.11,63.11
NUCLEUS,18.7,18.7
GENESYS,85.66,85.66
DIVISLAB,74.06,74.06
MARUTI,26.47,26.47
VARDHACRLC,23.24,23.24
BAGFILMS,19.28,19.28
TVTODAY,16.14,15.62
UNIENTER,28.5,28.5
PETRONET,14.51,14.63
BIOCON,20.08,20.29
MAHABANK,9.91,9.91
RKFORGE,49.84,49.78
CCL,36.18,36.18
LT,30.76,30.89
APARINDS,40.37,40.37
NIITLTD,33.63,33.63
TCS,34.5,33.98
GUFICBIO,39.97,39.97
WELENT,20.94,20.94
SUPRAJIT,46.86,46.86
JPPOWER,10.45,7.54
SAKSOFT,30.99,30.99
ALLSEC,20.74,25.03
WELCORP,20.88,20.88
SURYALAXMI,57.31,30.72
63MOONS,9.4,9.4
JSWHL,63.06,63.06
GEOJITFSL,15.04,15.04
MSPL,59.54,59.57
IDFC,715,715
GOLDIAM,26.25,26.25
FCSSOFT,,63.52
SUZLON,127.7,119.16
TRIVENI,28.42,28.42
NAHARINDUS,40.87,36.41
EKC,18.71,18.37
ROHLTD,20.49,20.49
GSPL,7.94,8.09
JAGRAN,12.21,12.21
SAKUMA,34.09,34.09
JKCEMENT,38.44,38.88
M&MFIN,18.16,18.16
KEI,64.64,64.62
SOLARINDS,96.87,96.87
KKCL,26.22,26.22
SUNTV,17.05,17.05
RSYSTEMS,39.04,39.04
BALPHARMA,23.84,23.84
SWELECTES,28.52,66.93
RATNAMANI,41.16,41.16
JKLAKSHMI,19.5,19.77
ALLCARGO,185,112.03
EMAMILTD,47.21,46.9
TECHM,61.04,61.12
VOLTAMP,60.59,60.59
SELAN,30.4,30.4
ANANTRAJ,67.89,67.89
HOVS,32.61,32.61
TALBROAUTO,22.09,31.44
GESHIP,6.95,6.95
TORNTPOWER,34.07,34.07
RUCHIRA,9.82,9.82
VENUSREM,15.92,15.92
NFL,39.06,39.06
PARACABLES,25.47,25.47
AVTNPL,25.79,25.79
TIDEWATER,31.56,31.56
SARLAPOLY,17.99,17.99
AUTOIND,26.25,26.89
IZMO,21.66,21.66
PGIL,24.63,25.22
FSL,44.87,44.87
SMSPHARMA,44.97,44.97
HEG,57.77,57.77
GLFL,231.8,231.8
SAKHTISUG,4.77,
IPCALAB,61.09,66.26
HINDZINC,25.73,25.73
GRASIM,18.02,17.33
FINCABLES,30.12,43.93
DCW,189.15,175.71
CESC,15.7,19.07
BAJFINANCE,27.45,27.45
CORALFINAC,10.26,10.26
GREENPLY,41.46,45.58
REMSONSIND,45.62,47.02
DALMIASUG,12.78,12.78
KHAITANLTD,17.24,17.24
MRF,27.73,27.73
TNPETRO,16.99,15.17
STARPAPER,6.3,6.14
EIMCOELECO,34.46,34.46
MARICO,56.25,56.25
KEYFINSERV,7.35,7.35
ZENITHEXPO,2868.11,2868.11
SOMATEX,5.23,
STERTOOLS,30.67,30.89
CREST,12.48,12.48
WENDT,75.57,75.57
PUNJABCHEM,32.71,32.71
DYNAMATECH,54.23,98.85
MMFL,21.25,21.41
JAGSNPHARM,48.84,43.39
MPHASIS,36.02,36.02
RUCHINFRA,28.31,89.76
HERITGFOOD,33.74,33.49
BANKBARODA,6.84,6.84
MADRASFERT,22.31,13.73
SKMEGGPROD,10.43,10.43
BANKINDIA,8.07,8.07
KCPSUGIND,6.32,6.87
HUDCO,26.04,26.04
SALONA,24.6,24.6
PREMEXPLN,117.73,117.73
MAHASTEEL,45.39,56.19
DAMODARIND,45.01,45.01
MOLDTECH,23.19,23.19
POKARNA,26.54,26.54
GPTINFRA,36.26,36.26
GROBTEA,41.27,41.27
MINDTECK,35.56,33.69
DBL,22.9,51.57
SPAL,24.17,24.17
RBLBANK,9.8,9.8
CUPID,30.4,30.4
LTTS,42.75,42.75
ICICIPRULI,261.09,261.09
HPL,74.72,74.72
MASKINVEST,796,796
MAZDA,18.9,18.9
VBL,79.4,79.4
KINGFA,28.49,28.49
NBIFIN,149.34,149.34
TCIEXP,33.1,33.1
LAURUSLABS,154.86,154.86
ITDC,101.51,101.4
SPCENET,132.25,132.25
BHANDARI,25.65,25.65
PRICOLLTD,40.91,40.91
KALYANI,6,6
RADIOCITY,62.16,62.16
URJA,400.13,400.13
DOLLAR,30.28,30.08
BHAGYANGR,33.53,33.53
TEJASNET,125.58,125.58
AUBANK,27.71,26.7
SALASAR,60.31,60.31
AVADHSUGAR,11.88,11.88
GANGESSECU,32.64,32.64
COCHINSHIP,66.01,66.01
ABCAPITAL,17.17,17.17
TCPLPACK,26,26
IEX,48.82,48.82
IFGLEXPOR,28.86,28.86
KHADIM,128.52,128.52
APOLLO,87.36,87.36
NEWGEN,55.93,55.93
GALAXYSURF,32.82,32.82
ASTERDM,58.51,
HGINFRA,18.74,19.14
SUNDARMHLD,30.67,30.67
HAL,39.01,39.01
SANDHAR,31.69,32.76
LEMONTREE,54.94,54.94
CHEMFAB,75.05,75.05
INDOSTAR,31.3,31.3
FINEORG,37.45,37.42
VARROC,16.76,16.76
HBSL,2.95,2.95
HDFCAMC,43.32,43.32
CREDITACC,13.08,13.08
AAVAS,25.94,25.94
DALBHARAT,38.8,34.69
HINDALCO,13.74,13.47
FINPIPE,22.12,36.71
CGPOWER,118.65,121.34
BEL,52.64,52.64
PEARLPOLY,44.75,44.75
TTKPRESTIG,60.28,60.28
SAMBHAAV,32.13,36.43
SUNDRMBRAK,43.52,43.52
INDIANCARD,2.31,
MIRZAINT,59.18,59.18
ALKYLAMINE,69.32,69.32
RAMCOIND,25.77,25.77
INDRAMEDCO,22.09,22.09
INDNIPPON,25.44,25.44
ICICIBANK,17.75,17.75
DMART,122.82,122.82
ARIHANTSUP,22.11,22.11
SHANKARA,17.66,17.66
WIPL,61.07,61.07
PSPPROJECT,22.37,22.37
GTPL,19.86,19.86
MAGADSUGAR,9.63,9.63
SIS,43.55,43.55
DIXON,176.7,176.7
MATRIMONY,32.82,32.82
SBILIFE,82.38,82.38
GODREJAGRO,47.57,47.57
GICRE,9.86,9.86
SHALBY,37.05,37.05
PAKKA,33.02,33.02
KRBL,13.85,13.85
GAEL,17.12,17.12
TIPSINDLTD,68.72,68.72
VAIBHAVGBL,40.39,38.62
EXCELINDUS,42.92,42.92
TEXINFRA,426.77,426.77
NTPC,19.31,19.31
INDOCO,40.79,44.35
JSWSTEEL,29.68,31.67
GOKEX,51.51,51.51
SHOPERSTOP,212.35,182.77
JKPAPER,8.68,8.68
VHL,339.93,40.21
YESBANK,52.68,52.68
RML,83.89,16.42
GEECEE,18.89,18.89
DCBBANK,7.04,7.04
SOBHA,425.65,425.72
PLASTIBLEN,20.25,20.25
WANBURY,12.26,23.97
CTE,268.69,268.69
REDINGTON,13.27,13.27
INDIANB,8.4,8.4
AMDIND,123.78,123.78
ASTRAL,92.65,92.65
NCLIND,13.26,13.26
PHOENIXLTD,46.21,46.2
ALPHAGEO,33.5,19.36
KMSUGAR,15.44,15.44
NELCAST,22.88,32.62
KSCL,17.23,17.23
MAANALU,25.09,25.09
RELIGARE,28.01,79.23
NHPC,23.94,23.94
AMRUTANJAN,51.16,51.16
SHILPAMED,130.86,140.86
DEEPAKNTR,45.4,48.83
CANTABIL,35.6,36.3
PRESTIGE,45.71,45.71
IOLCP,19.87,19.87
JINDWORLD,89.7,89.7
KIRLOSENG,39.42,39.04
TEXRAIL,86.37,86.37
PFS,21.18,21.18
RELAXO,105.59,105.59
KARMAENG,125.04,164.26
PFIZER,44.04,44.53
DEEPAKFERT,22.2,22.2
COROMANDEL,34.31,34.31
ASIANPAINT,58.66,58.66
CENTENKA,28.53,28.53
FEDERALBNK,12.19,12.19
SRF,59.74,59.74
WEIZMANIND,25.44,25.44
SUNPHARMA,39.91,39.33
BALKRISIND,33.24,33.24
RAJSREESUG,21.85,21.85
ZENSARTECH,26.6,26.6
JYOTISTRUC,73.63,73.63
MUNJALSHOW,21.88,20.54
RANASUG,25.04,25.04
WSI,20.15,19.34
TATAPOWER,41.67,42
SIMPLEXINF,11.25,11.25
TATACOMM,58.85,70.17
LIBERTSHOE,69.01,53.93
HEIDELBERG,32.32,32.32
POLYPLEX,21.14,21.14
EIHAHOTELS,32.52,32.52
IDBI,16.62,16.62
BODALCHEM,319.39,319.39
FILATEX,20.4,20.4
TDPOWERSYS,53.25,53.25
VASWANI,16.96,16.96
PGEL,72.11,72.11
PAISALO,32,32.06
TRITURBINE,86.96,86.96
INDOTHAI,15.22,15.22
DSSL,34.87,34.87
POLYMED,76.32,76.32
VIKASECO,43.1,43.1
KANANIIND,108.74,108.74
MINDACORP,51.56,51.56
DBSTOCKBRO,18.16,18.16
SCHNEIDER,103.85,102.02
NBCC,74.87,57.64
TBZ,20.18,20.18
VSSL,21.05,21.05
SPECIALITY,26.91,26.91
KITEX,32.92,32.92
MAYURUNIQ,22.6,22.6
DUCON,22.59,22.59
ZUARI,5.86,5.86
CARERATING,27.69,27.69
REPCOHOME,7.32,7.32
ORIENTCEM,39.49,39.49
ORBTEXP,16.92,16.92
NATHBIOGEN,10.37,11.13
WONDERLA,33.66,33.66
CAPLIPOINT,29.11,29.12
SNOWMAN,112.96,112.96
SHARDACROP,35.43,35.43
CIGNITITEC,28.29,27.7
LGBBROSLTD,14.49,15.16
TARAPUR,2.15,2.15
KSL,19.04,19.04
KIRLOSIND,17.55,15.7
TI,29.02,28.47
HMVL,189.41,189.41
AHLEAST,7.89,10.68
UGARSUGAR,49.54,49.54
WELINV,115.52,115.52
ORISSAMINE,1648.29,1648.29
SASTASUNDR,8.42,8.49
GREENPOWER,70.19,109.79
WABAG,34.08,33.89
ASHOKA,10.05,11.37
RESPONIND,43.15,43.15
GRAVITA,63.64,63.64
PENIND,23.6,23.6
A2ZINFRA,12.23,
PSB,66.36,66.36
SUMMITSEC,29.99,26.34
JUBLINDS,73.23,37.16
HFCL,53.34,53.34
LOVABLE,69.46,69.46
MUTHOOTFIN,16,16
PIIND,37.71,37.71
ASHIANA,52.8,52.8
DHANUKA,32.07,32.07
INVENTURE,17.29,15.04
PENINLAND,25.86,26.97
WHEELS,30.86,30.86
RIIL,174.11,174.11
PREMIERPOL,20.51,20.51
SESHAPAPER,9.49,9.49
FACT,2333.64,284.28
EXIDEIND,48.05,48.05
ELECON,39.03,39.03
LAXMIMACH,55.22,55.22
NELCO,97.18,97.18
MAHSCOOTER,50.26,51.91
LUMAXIND,46.26,46.26
KECL,100.86,100.86
KCP,10.26,10.18
JAYBARMARU,37.21,37.21
INFY,29.02,29.02
IFBIND,72.13,72.13
IGPL,48.64,48.64
GNFC,18.55,18.55
BPCL,8.25,7.99
BASF,41.27,41.9
ARVIND,32.51,32.61
TATAMOTORS,10.77,10.7
SCI,16.97,16.97
LINDEINDIA,144.23,144.23
ESCORTS,39.79,39.79
ASHOKLEY,28.57,28
TITAN,89.05,89.05
SUNDARMFIN,29.99,28.76
VEDL,18.57,20.86
SBIN,10.51,9.77
NOCIL,37.85,37.85
BATAINDIA,55.56,73.46
CHAMBLFERT,15.61,15.61
HINDOILEXP,16.51,19.5
BALMLAWRIE,22.69,22.69
MOTOGENFIN,93.38,93.38
ADORWELD,26.5,26.5
TORNTPHARM,65.34,68.21
ATFL,349.32,718.42
SUPREMEIND,66.61,66.61
BALRAMCHIN,21.33,21.33
HONAUT,86.1,86.1
PRECOT,20.28,25.76
TATAELXSI,54.79,54.79
SHREYANIND,5.22,5.22
SANDESH,6.06,6.06
ASHIMASYN,7.27,7.27
IVP,13.53,13.53
EICHERMOT,36.02,36.02
ONGC,8.98,8.74
BERGEPAINT,58.2,58.4
BSL,19.74,19.74
APCOTEXIND,38.96,38.96
RCF,61.54,67.85
KARURVYSYA,10.47,10.47
DECCANCE,35.27,24.04
ADVANIHOTR,30.05,30.05
SUBROS,41.22,41.22
SPMLINFRA,128.38,151.84
BHARATRAS,47.98,47.98
UNIVCABLES,75.2,75.2
SOMANYCERA,30.42,31.52
SANOFI,31.36,29.48
M&M,31.41,31.41
KAJARIACER,52.29,52.26
MANGLMCEM,41.7,41.7
OSWALAGRO,261.91,260.47
HONDAPOWER,40.31,42.04
RUBYMILLS,17.6,17.6
ABB,103,103
CANFINHOME,14.65,14.65
ELECTCAST,14.16,14.16
CIPLA,29.35,28.36
HDFCBANK,17.8,17.69
GMBREW,11.74,11.74
GIPCL,15.75,15.75
INDIANHUME,26.75,26.75
IOC,7.91,7.91
KAMATHOTEL,12.18,64.86
BANCOINDIA,17.37,17.37
MANINDS,25.7,25.7
APOLLOTYRE,18.86,17.89
SHANTIGEAR,52.21,52.21
ONWARDTEC,30.42,30.42
NILKAMAL,27.49,27.49
ICIL,22.49,22.49
ELGIEQUIP,62.35,62.35
AUROPHARMA,25.19,24.73
EIHOTEL,36.7,36.21
LICHSGFIN,7.75,7.75
BEPL,21.17,21.17
MOREPENLAB,32.49,32.49
VENKEYS,23.95,23.95
GHCL,11.55,11.55
EVERESTIND,108.84,129.45
BPL,43.96,43.96
PGHH,73.91,73.91
VESUVIUS,41.73,41.73
BOMDYEING,1.43,
NAVNETEDUL,4.36,18.75
GLAXO,77.59,68.68
CHOLAFIN,31.13,31.13
INDHOTEL,71.24,71.24
LYKALABS,789.84,398.95
GILLETTE,66.7,66.7
GOLDENTOBC,10.82,12.27
ESABINDIA,58.4,58.4
AARTIIND,46.31,46.31
PRAKASH,10.29,10.29
GOODLUCK,21.2,21.2
GULPOLY,50.09,50.09
LAMBODHARA,39.57,39.57
MOLDTKPAC,39.9,39.9
GANECOS,77.76,77.76
MENONBE,9.8,9.8
MANAKCOAT,32.55,32.55
AVANTIFEED,22.94,22.94
TPLPLASTEH,43.24,43.24
PNCINFRA,9.21,9.21
ALANKIT,28.46,28.46
ORICONENT,90.3,58.52
AYMSYNTEX,41.67,55.1
MUTHOOTCAP,4.29,
SATIN,5.01,5.01
COFFEEDAY,,6.36
SHK,313.47,19.75
TTKHLTCARE,28.63,35.5
SALZERELEC,33.43,33.43
LALPATHLAB,71.51,71.51
OCCL,8.27,8.27
TEAMLEASE,49,50.57
VIDHIING,60.41,60.41
KELLTONTEC,23.02,23.02
GOKULAGRO,19.77,19.77
PDMJEPAPER,9.76,9.76
THYROCARE,61.68,61.55
ARMANFIN,10.37,10.37
BLS,42.96,42.96
VIPULLTD,1.8,1.78
ARROWGREEN,31.3,31.3
RAMASTEEL,57.56,57.56
ARVSMART,64.32,64.32
GUJGASLTD,32.38,33.56
BALAXI,13.22,15.96
PILANIINVS,35.33,35.33
PRECAM,36.59,52.22
BHAGERIA,32.65,32.65
KDDL,30.27,30.34
INFIBEAM,43.61,43.61
SHRIPISTON,19.44,19.44
ASPINWALL,18.16,18.16
