SERIES,SYMBOL,SECURITY,RECORD_DT,BC_STRT_DT,BC_END_DT,EX_DT,ND_STRT_DT,ND_END_DT,PURPOSE
BE,RIIL,Reliance Indl Infra Ltd,05/06/2024, , ,05/06/2024, , ,DIV - RS 3.50 PER SH     
BE,ITC,ITC LTD,04/06/2024, , ,04/06/2024, , ,DIV - RS 7.50 PER SH     
BE,MANAPPURAM,Manappuram Finance Ltd,05/06/2024, , ,05/06/2024, , ,INTDIV - RE 1 PER SH     
BE,SHARDAMOTR,Sharda Motor Inds Ltd,05/06/2024, , ,05/06/2024, , ,BUY BACK                 
BE,CIEINDIA,Mahindra CIE Automative L, ,14/06/2024,20/06/2024,13/06/2024, , ,AGM/DIV - RS 5 PER SH    
BE,KSB,KSB Pumps Ltd-Depo, ,14/06/2024,26/06/2024,13/06/2024, , ,AGM/DIV - RS 17.5 PER SH 
BE,IEX,Indian Energy Exc Ltd,31/05/2024, , ,31/05/2024, , ,DIV - RS 1.50 PER SH     
BE,PENINLAND,Peninsula Land Limited, ,30/05/2024,03/06/2024,29/05/2024, , ,EGM                      
BE,ANANDRATHI,Anand Rathi Wealth Ltd,03/06/2024, , ,03/06/2024, , ,DIV - RS 9 PER SH        
BE,INDIAMART,IndiaMART InterMESH Ltd,07/06/2024, , ,07/06/2024, , ,DIV - RS 20 PER SH       
BE,JSWENERGY,JSW Energy Limited, ,01/06/2024,07/06/2024,31/05/2024, , ,DIV - RS 2 PER SH        
BE,HAVELLS,Havells India Limited, ,03/06/2024,07/06/2024,31/05/2024, , ,AGM/DIV - RS 6 PER SH    
BE,PAGEIND,Page Industries Limited,31/05/2024, , ,31/05/2024, , ,INTDIV - RS 120 PER SH   
BE,PONNIERODE,Ponni Sugars (Erode) Ltd., ,24/05/2024,05/06/2024,22/05/2024, , ,AGM/DIV - RS 7 PER SH    
BE,INFY,Infosys Limited,31/05/2024, , ,31/05/2024, , ,AGM/SPDV/DIV- RS 8 & 20  
BE,RALLIS,Rallis India Ltd.,03/06/2024, , ,03/06/2024, , ,DIV - RS 2.50 PER SH     
BE,CAPLIPOINT,Caplin Point Lab Ltd.,31/05/2024, , ,31/05/2024, , ,INTDIV - RS 2.50 PER SH  
BE,ALICON,Alicon Castalloy Limited,31/05/2024, , ,31/05/2024, , ,INTDIV - RS 3 PER SH     
BE,FOSECOIND,Foseco India Ltd, ,05/06/2024,11/06/2024,04/06/2024, , ,DIV - RS 25 PER SH       
BE,SESHAPAPER,Seshasaye Pap & Boards , ,23/05/2024,01/06/2024,22/05/2024, , ,AGM/DIV - RS 5 PER SH    
BE,ANANDRATHI,Anand Rathi Wealth Ltd,03/06/2024, , ,03/06/2024, , ,BUYBACK                  
BE,SUNDARMHLD,Sundaram Finance Hold Ltd,31/05/2024, , ,31/05/2024, , ,INTDIV - RS 3.65 PER SH  
BE,ADVANIHOTR,Advani Hot.& Res.(I) Ltd,01/06/2024, , ,31/05/2024, , ,INTDIV - RE 0.80 PER SH  
BE,MUTHOOTFIN,Muthoot Finance Limited,01/06/2024, , ,31/05/2024, , ,INTDIV - RS 24 PER SH    
BE,DBCORP,D.B.Corp Ltd,03/06/2024, , ,03/06/2024, , ,INTDIV - RS 8 PER SH     
BE,SUNDRMFAST,Sundram Fasteners Ltd,03/06/2024, , ,03/06/2024, , ,INTDIV - RS 4.17 PER SH  
BE,GLAXO,GlaxoSmithKline Pharmaceu,31/05/2024, , ,31/05/2024, , ,DIV - RS 32 PER SH       
EQ,GLAXO,GlaxoSmithKline Pharmaceu,31/05/2024, , ,31/05/2024, , ,DIV - RS 32 PER SH       
EQ,RIIL,Reliance Indl Infra Ltd,05/06/2024, , ,05/06/2024, , ,DIV - RS 3.50 PER SH     
EQ,MANAPPURAM,Manappuram Finance Ltd,05/06/2024, , ,05/06/2024, , ,INTDIV - RE 1 PER SH     
EQ,SHARDAMOTR,Sharda Motor Inds Ltd,05/06/2024, , ,05/06/2024, , ,BUY BACK                 
EQ,CIEINDIA,Mahindra CIE Automative L, ,14/06/2024,20/06/2024,13/06/2024, , ,AGM/DIV - RS 5 PER SH    
EQ,KSB,KSB Pumps Ltd., ,14/06/2024,26/06/2024,13/06/2024, , ,AGM/DIV - RS 17.5 PER SH 
EQ,IEX,Indian Energy Exc Ltd,31/05/2024, , ,31/05/2024, , ,DIV - RS 1.50 PER SH     
EQ,PENINLAND,Peninsula Land Limited, ,30/05/2024,03/06/2024,29/05/2024, , ,EGM                      
EQ,ANANDRATHI,Anand Rathi Wealth Ltd,03/06/2024, , ,03/06/2024, , ,DIV - RS 9 PER SH        
EQ,INDIAMART,IndiaMART InterMESH Ltd,07/06/2024, , ,07/06/2024, , ,DIV - RS 20 PER SH       
EQ,JSWENERGY,JSW Energy Limited, ,01/06/2024,07/06/2024,31/05/2024, , ,DIV - RS 2 PER SH        
EQ,HAVELLS,Havells India Limited, ,03/06/2024,07/06/2024,31/05/2024, , ,AGM/DIV - RS 6 PER SH    
EQ,PAGEIND,Page Industries Limited,31/05/2024, , ,31/05/2024, , ,INTDIV - RS 120 PER SH   
EQ,PONNIERODE,Ponni Sugars (Erode) Limi, ,24/05/2024,05/06/2024,22/05/2024, , ,AGM/DIV - RS 7 PER SH    
EQ,INFY,Infosys Limited,31/05/2024, , ,31/05/2024, , ,AGM/SPDV/DIV- RS 8 & 20  
EQ,RALLIS,Rallis India Ltd.,03/06/2024, , ,03/06/2024, , ,DIV - RS 2.50 PER SH     
EQ,CAPLIPOINT,Caplin Point Lab Ltd.,31/05/2024, , ,31/05/2024, , ,INTDIV - RS 2.50 PER SH  
EQ,ALICON,Alicon Castalloy Limited,31/05/2024, , ,31/05/2024, , ,INTDIV - RS 3 PER SH     
EQ,FOSECOIND,Foseco India Ltd, ,05/06/2024,11/06/2024,04/06/2024, , ,DIV - RS 25 PER SH       
EQ,SESHAPAPER,Seshasaye Pap & Boards , ,23/05/2024,01/06/2024,22/05/2024, , ,AGM/DIV - RS 5 PER SH    
EQ,ANANDRATHI,Anand Rathi Wealth Ltd,03/06/2024, , ,03/06/2024, , ,BUYBACK                  
EQ,SUNDARMHLD,Sundaram Finance Hold Ltd,31/05/2024, , ,31/05/2024, , ,INTDIV - RS 3.65 PER SH  
EQ,ADVANIHOTR,Advani Hotels & Resorts (,01/06/2024, , ,31/05/2024, , ,INTDIV - RE 0.80 PER SH  
EQ,MUTHOOTFIN,Muthoot Finance Limited,01/06/2024, , ,31/05/2024, , ,INTDIV - RS 24 PER SH    
EQ,DBCORP,D.B.Corp Ltd,03/06/2024, , ,03/06/2024, , ,INTDIV - RS 8 PER SH     
EQ,SUNDRMFAST,Sundram Fasteners Ltd,03/06/2024, , ,03/06/2024, , ,INTDIV - RS 4.17 PER SH  
EQ,ITC,ITC Ltd.,04/06/2024, , ,04/06/2024, , ,DIV - RS 7.50 PER SH     
GS,817GS2044,GOI LOAN 8.17% 2044,31/05/2024, , ,31/05/2024, , ,INTEREST PAYMENT         
GS,GS070624C,GOI STRIPS C 070624,05/06/2024, , , , , ,REDEMPTION               
GS,897GS2030,GOI LOAN 8.97% 2030,04/06/2024, , ,04/06/2024, , ,INTEREST PAYMENT         
GS,613GS2028,GOI LOAN 6.13% 2028,03/06/2024, , ,03/06/2024, , ,INTEREST PAYMENT         
GS,657GS2033,GOI LOAN 6.57% 2033,04/06/2024, , ,04/06/2024, , ,INTEREST PAYMENT         
GS,GS120624C,GOI STRIPS C 120624,10/06/2024, , , , , ,REDEMPTION               
GS,GS150624C,GOI STRIPS C 150624,13/06/2024, , , , , ,REDEMPTION               
GS,GS170624C,GOI STRIPS C 170624,13/06/2024, , , , , ,REDEMPTION               
GS,GS230624C,GOI STRIPS C 230624,19/06/2024, , , , , ,REDEMPTION               
GS,86GS2028,GOI LOAN 8.6% 2028,01/06/2024, , ,31/05/2024, , ,INTEREST PAYMENT         
GS,735GS2024,GOI LOAN 7.35% 2024,19/06/2024, , , , , ,REDEMPTION               
GS,GS300624C,GOI STRIPS C 300624,27/06/2024, , , , , ,REDEMPTION               
GS,669GS2024,GOI LOAN  6.69% 2024,25/06/2024, , , , , ,REDEMPTION               
IV,BHINVIT,Bharat Highways INVIT,31/05/2024, , ,31/05/2024, , ,DIV/DISTRIB - RS 3       
IV,ANZEN,Anzen Ind Ene Yld Plu Tru,01/06/2024, , ,31/05/2024, , ,DISTRIBUTION - RS 2.45   
N1,CREDITACC,Sec Re NCD 9.45% Sr. I,31/05/2024, , ,31/05/2024, , ,INTEREST PAYMENT         
N3,CREDITACC,Sec Re NCD 9.60% Sr. III,31/05/2024, , ,31/05/2024, , ,INTEREST PAYMENT         
N5,NAVIFIN,Sec Re NCD 10.25% Sr.II,03/06/2024, , ,03/06/2024, , ,INTEREST PAYMENT         
N5,CREDITACC,Sec Re NCD 10% Sr. V,31/05/2024, , ,31/05/2024, , ,INTEREST PAYMENT         
N7,NAVIFIN,Sec Re NCD 10.50% Sr.IV,03/06/2024, , ,03/06/2024, , ,INTEREST PAYMENT         
NF,DHANILOANS,Dhani Loans & Serv Ltd,05/06/2024, , , , , ,INTPAYMENT/REDEMPTION    
NG,DHANILOANS,Dhani Loans & Serv Ltd,05/06/2024, , , , , ,INTPAYMENT/REDEMPTI      
NH,DHANILOANS,Dhani Loans & Serv Ltd,05/06/2024, , , , , ,INTPAYMENT/REDEMPTION    
NK,MUTHOOTFIN,MFL 8.90% 2027,03/06/2024, , ,03/06/2024, , ,INTEREST PAYMENT         
SG,547RJ24,SDL RJ 5.47% 2024,31/05/2024, , , , , ,REDEMPTION               
SG,544KL24,SDL KL 5.44% 2024,31/05/2024, , , , , ,REDEMPTION               
SG,545AP24,SDL AP 5.45% 2024,31/05/2024, , , , , ,REDEMPTION               
SG,544AP24,SDL AP 5.44% 2024,06/06/2024, , , , , ,REDEMPTION               
SG,546TN24,SDL TN 5.46% 2024,31/05/2024, , , , , ,REDEMPTION               
U1,CREDITACC,Sec Re NCD 9.45% Sr. I,31/05/2024, , ,31/05/2024, , ,INTEREST PAYMENT         
U3,CREDITACC,Sec Re NCD 9.60% Sr. III,31/05/2024, , ,31/05/2024, , ,INTEREST PAYMENT         
U5,NAVIFIN,Sec Re NCD 10.25% Sr.II,03/06/2024, , ,03/06/2024, , ,INTEREST PAYMENT         
U5,CREDITACC,Sec Re NCD 10% Sr. V,31/05/2024, , ,31/05/2024, , ,INTEREST PAYMENT         
U7,NAVIFIN,Sec Re NCD 10.50% Sr.IV,03/06/2024, , ,03/06/2024, , ,INTEREST PAYMENT         
UF,DHANILOANS,Dhani Loans & Serv Ltd,05/06/2024, , , , , ,INTPAYMENT/REDEMPTION    
UG,DHANILOANS,Dhani Loans & Serv Ltd,05/06/2024, , , , , ,INTPAYMENT/REDEMPTI      
UH,DHANILOANS,Dhani Loans & Serv Ltd,05/06/2024, , , , , ,INTPAYMENT/REDEMPTION    
UK,MUTHOOTFIN,MFL 8.90% 2027,03/06/2024, , ,03/06/2024, , ,INTEREST PAYMENT         

