GAIN_LOSS,SECURITY,CLOSE_PRIC,PREV_CL_PR,PERCENT_CG
 ,Nifty 50 Sec., , , 
 , , , , 
G,ADANI ENTERPRISES LIMITED,      3411.35,      3194.25,6.8
G,ADANI PORT & SEZ LTD,      1437.40,      1383.50,3.9
G,SHRIRAM FINANCE LIMITED,      2354.05,      2302.70,2.23
G,COAL INDIA LTD,       491.20,       482.15,1.88
G,TATA STEEL LIMITED,       167.20,       164.15,1.86
G,BAJAJ AUTO LIMITED,      9084.75,      8968.50,1.3
G,APOLLO HOSPITALS ENTER. L,      5839.20,      5766.45,1.26
G,BAJAJ FINANCE LIMITED,      6697.70,      6616.45,1.23
G,HDFC BANK LTD,      1531.55,      1514.85,1.1
G,POWER GRID CORP. LTD.,       310.00,       306.70,1.08
G,INDUSIND BANK LIMITED,      1461.85,      1446.80,1.04
G,LARSEN & TOUBRO LTD.,      3669.30,      3634.70,.95
G,ICICI BANK LTD.,      1121.05,      1113.70,.66
G,ITC LTD,       426.45,       423.85,.61
G,STATE BANK OF INDIA,       830.35,       825.85,.54
G,MAHINDRA & MAHINDRA LTD,      2506.25,      2493.50,.51
G,ULTRATECH CEMENT LIMITED,      9915.50,      9868.85,.47
G,SBI LIFE INSURANCE CO LTD,      1386.40,      1380.05,.46
G,RELIANCE INDUSTRIES LTD,      2860.80,      2849.70,.39
G,BHARAT PETROLEUM CORP  LT,       627.80,       625.75,.33
G,BAJAJ FINSERV LTD.,      1528.60,      1524.10,.3
G,WIPRO LTD,       438.20,       436.95,.29
G,SUN PHARMACEUTICAL IND L,      1459.80,      1459.10,.05
 , , , , 
L,DIVI S LABORATORIES LTD,      4307.20,      4412.80,-2.39
L,NESTLE INDIA LIMITED,      2354.90,      2404.80,-2.08
L,TATA CONSULTANCY SERV LT,      3670.95,      3736.10,-1.74
L,MARUTI SUZUKI INDIA LTD.,     12399.30,     12598.00,-1.58
L,LTIMINDTREE LIMITED,      4701.90,      4773.15,-1.49
L,INFOSYS LIMITED,      1406.90,      1427.45,-1.44
L,DR. REDDY S LABORATORIES,      5791.85,      5873.75,-1.39
L,CIPLA LTD,      1447.20,      1466.60,-1.32
L,GRASIM INDUSTRIES LTD,      2316.25,      2345.20,-1.23
L,TECH MAHINDRA LIMITED,      1228.45,      1240.85,-1
L,HINDUSTAN UNILEVER LTD.,      2329.05,      2351.40,-0.95
L,TITAN COMPANY LIMITED,      3241.90,      3271.85,-0.92
L,OIL AND NATURAL GAS CORP.,       264.35,       266.70,-0.88
L,HINDALCO  INDUSTRIES  LTD,       689.35,       695.15,-0.83
L,TATA CONSUMER PRODUCT LTD,      1060.25,      1067.20,-0.65
L,HCL TECHNOLOGIES LTD,      1324.10,      1331.85,-0.58
L,KOTAK MAHINDRA BANK LTD,      1680.40,      1690.10,-0.57
L,AXIS BANK LIMITED,      1162.15,      1167.95,-0.5
L,BRITANNIA INDUSTRIES LTD,      5179.80,      5198.55,-0.36
L,JSW STEEL LIMITED,       880.55,       883.70,-0.36
L,BHARTI AIRTEL LIMITED,      1372.75,      1377.15,-0.32
L,HERO MOTOCORP LIMITED,      5119.60,      5136.00,-0.32
L,EICHER MOTORS LTD,      4733.45,      4742.95,-0.2
L,NTPC LTD,       359.00,       359.70,-0.19
L,HDFC LIFE INS CO LTD,       549.85,       550.75,-0.16
L,TATA MOTORS LIMITED,       923.00,       923.95,-0.1
L,ASIAN PAINTS LIMITED,      2881.20,      2883.70,-0.09
 , , , , 
 ,Nifty Next 50 Sec., , , 
 , , , , 
G,ADANI TOTAL GAS LIMITED,      1039.30,       955.20,8.8
G,ADANI POWER LTD,       755.80,       698.40,8.22
G,TATA POWER CO LTD,       436.75,       425.35,2.68
G,CANARA BANK,       118.00,       115.05,2.56
G,HAVELLS INDIA LIMITED,      1907.30,      1860.60,2.51
G,GAIL (INDIA) LTD,       204.30,       199.40,2.46
G,AMBUJA CEMENTS LTD,       634.05,       619.15,2.41
G,CHOLAMANDALAM IN & FIN CO,      1241.10,      1212.85,2.33
G,ADANI ENERGY SOLUTION LTD,      1122.80,      1099.55,2.11
G,VEDANTA LIMITED,       450.00,       440.80,2.09
G,LIFE INSURA CORP OF INDIA,      1012.70,       993.30,1.95
G,BHARAT ELECTRONICS LTD,       295.95,       290.65,1.82
G,ADANI GREEN ENERGY LTD,      1908.35,      1874.90,1.78
G,DLF LIMITED,       815.65,       802.05,1.7
G,PUNJAB NATIONAL BANK,       129.45,       127.45,1.57
G,TORRENT PHARMACEUTICALS L,      2696.05,      2658.05,1.43
G,BANK OF BARODA,       264.90,       262.85,0.78
G,INDIAN RAILWAY FIN CORP L,       177.80,       176.60,0.68
G,INTERGLOBE AVIATION LTD,      4189.05,      4162.20,0.65
G,ABB INDIA LIMITED,      8317.95,      8264.65,0.64
G,COLGATE PALMOLIVE LTD.,      2657.35,      2645.35,0.45
G,INDIAN OIL CORP LTD,       162.40,       161.95,0.28
 , , , , 
L,BERGER PAINTS (I) LTD,       460.00,       477.55,-3.68
L,AVENUE SUPERMARTS LIMITED,      4302.15,      4444.95,-3.21
L,ZYDUS LIFESCIENCES LTD,      1000.15,      1023.95,-2.32
L,TVS MOTOR COMPANY  LTD,      2179.25,      2230.85,-2.31
L,TRENT LTD,      4559.15,      4651.35,-1.98
L,REC LIMITED,       537.75,       547.75,-1.83
L,POWER FIN CORP LTD.,       492.45,       500.45,-1.6
L,SHREE CEMENT LIMITED,     24680.60,     25062.35,-1.52
L,DABUR INDIA LTD,       545.10,       551.15,-1.1
L,UNITED SPIRITS LIMITED,      1159.40,      1171.35,-1.02
L,INFO EDGE (I) LTD,      5697.10,      5755.45,-1.01
L,JIO FIN SERVICES LTD,       344.35,       347.75,-0.98
L,PIDILITE INDUSTRIES LTD,      2969.50,      2998.80,-0.98
L,VARUN BEVERAGES LIMITED,      1426.80,      1438.80,-0.83
L,ZOMATO LIMITED,       179.15,       180.60,-0.8
L,BOSCH LIMITED,     30393.75,     30610.35,-0.71
L,ICICI PRU LIFE INS CO LTD,       545.45,       548.95,-0.64
L,SRF LTD,      2211.35,      2223.10,-0.53
L,INDIAN RAIL TOUR CORP LTD,      1020.35,      1025.35,-0.49
L,BAJAJ HOLDINGS & INVS LTD,      7953.40,      7986.25,-0.41
L,ICICI LOMBARD GIC LIMITED,      1580.75,      1586.15,-0.34
L,SAMVRDHNA MTHRSN INTL LTD,       151.25,       151.70,-0.3
L,JINDAL STEEL & POWER LTD,      1028.15,      1031.20,-0.3
L,MARICO LIMITED,       595.55,       597.25,-0.28
L,GODREJ CONSUMER PRODUCTS,      1270.35,      1273.95,-0.28
L,SBI CARDS & PAY SER LTD,       692.10,       694.05,-0.28
L,SIEMENS LTD,      6967.95,      6984.65,-0.24
L,HINDUSTAN AERONAUTICS LTD,      4973.85,      4976.25,-0.05
 , , , , 
 ,OTHER SECURITIES, , , 
 , , , , 
G,AARTI SURFACTANTS LIMITED,       222.00,       185.20,19.87
G,TECHNO ELEC & ENG CO. LTD,      1418.35,      1208.90,17.33
G,TFB 7.37% 2035 SR. 3A,      1380.00,      1184.00,16.55
G,BHARAT RASAYAN LTD,     10703.70,      9204.90,16.28
G,AMEYA PRECISION ENG LTD,        83.70,        72.00,16.25
G,JKUMAR INFR.LTD.,       755.75,       663.45,13.91
G,JINDAL STAINLESS LIMITED,       793.50,       707.65,12.13
G,VENUS REMEDIES LIMITED,       322.90,       289.50,11.54
G,MAHA RASHTRA APEX COPR. L,       163.70,       147.70,10.83
G,ASHOKA METCAST LIMITED,        24.35,        22.15,9.93
G,COUNTRY CLUB HOSP HOL LTD,        16.30,        14.85,9.76
G,AYM SYNTEX LIMITED,        90.95,        83.05,9.51
G,ZF COM VE CTR SYS IND LTD,     17410.90,     15912.05,9.42
G,BIKAJI FOODS INTERN LTD,       593.85,       543.30,9.3
G,ISGEC HEAVY ENG LTD,      1074.85,       986.60,8.94
G,SAKUMA EXPORTS LIMITED,        34.90,        32.05,8.89
G,MICROPRO SOFTWARE SOL L,        49.10,        45.10,8.87
G,PB FINTECH LIMITED,      1294.40,      1190.00,8.77
G,NLC INDIA LIMITED,       236.50,       218.20,8.39
G,RITE ZONE CHEMCON IND LTD,        47.65,        44.00,8.3
G,SULA VINEYARDS LIMITED,       522.10,       482.15,8.29
G,KIRLOSKAR PNEUMATIC COM L,      1225.35,      1132.60,8.19
G,VALOR ESTATE LIMITED,       203.45,       188.10,8.16
G,VESUVIUS INDIA LTD,      5484.35,      5076.85,8.03
G,LLOYDS ENGG WORK LIMITED,        64.95,        60.15,7.98
G,NDTV LTD,       247.90,       229.95,7.81
G,INDRAPRASTHA MEDICAL CORP,       246.40,       228.75,7.72
G,SKIPPER RE.0.25 PPD UP,       155.00,       143.90,7.71
G,TECHNOCRAFT IND LTD,      2468.95,      2296.45,7.51
G,PTC INDUSTRIES LIMITED,      8379.60,      7800.70,7.42
 , , , , 
L,KUNDAN EDIFICE LIMITED,       140.65,       168.00,-16.28
L,ANNAPURNA SWADISHT LTD,       286.80,       337.15,-14.93
L,DISHMAN CARBO AMCIS LTD,       160.70,       187.60,-14.34
L,ROX HI TECH LIMITED,       125.20,       142.00,-11.83
L,AURO IMPEX & CHEMICALS L,        71.95,        79.90,-9.95
L,YUDIZ SOLUTIONS LIMITED,        59.30,        65.85,-9.95
L,SEC RE NCD 9.48% SR.V,       900.00,       999.38,-9.94
L,PLADA INFOTECH SERVICES L,        29.50,        32.75,-9.92
L,SADHANA NITROCHEM LIMITED,        56.35,        62.40,-9.7
L,BALAXI PHARMA LTD,       119.00,       131.25,-9.33
L,WELSPUN CORP LIMITED,       548.95,       601.55,-8.74
L,KRISHNA DEF AND ALD IND L,       676.85,       739.60,-8.48
L,THAAI CASTING LIMITED,       168.90,       184.10,-8.26
L,IPCA LABORATORIES LTD,      1152.15,      1249.40,-7.78
L,ROYAL ORCHID HOTELS LTD,       332.55,       359.10,-7.39
L,PURV FLEXIPACK LIMITED,       190.00,       205.00,-7.32
L,SIGNPOST INDIA LIMITED,       268.35,       288.80,-7.08
L,GANESH BENZOPLAST LIMITED,       142.80,       153.55,-7
L,PULZ ELECTRONICS LIMITED,       107.00,       114.65,-6.67
L,WINSOL ENGINEERS LIMITED,       386.90,       414.45,-6.65
L,SEC RE NCD 7.80% SR V,       999.30,      1070.00,-6.61
L,ELECTRO FORCE (INDIA) LTD,        83.40,        89.20,-6.5
L,IND TERRAIN FASHIONS LTD,        63.50,        67.85,-6.41
L,INSPIRE FILMS LIMITED,        36.50,        38.85,-6.05
L,VISHWAS AGRI SEEDS LTD,        75.85,        80.70,-6.01
L,HINDWARE HME INOVATON LTD,       356.50,       378.55,-5.82
L,NEWJAISA TECHNOLOGIES LTD,        85.25,        90.50,-5.8
L,FDC LIMITED,       432.50,       458.95,-5.76
L,HMA AGRO INDUSTRIES LTD,        51.80,        54.95,-5.73
L,IZMO LIMITED,       291.10,       308.65,-5.69
