SYMBOL,SYMBOL P/E,ADJUSTED P/E
DIVISLAB,73.22,73.22
UCOBANK,40.45,40.45
NSIL,31.69,31.69
JAIBALAJI,17.29,17.29
DREDGECORP,73.53,71.99
UPL,,18.57
PETRONET,12.25,12.43
BIOCON,27,26.91
POONAWALLA,21.04,30.8
APARINDS,38.09,38.08
ULTRACEMCO,40.81,40.49
TEXINFRA,378.81,378.81
ASTRAMICRO,74.23,74.23
KOTARISUG,15.19,15.19
INDOCO,29.51,31.45
ALLSEC,25.07,25.07
SSWL,5.07,14.59
PRIMESECU,35.59,35.59
GENUSPOWER,90.74,90.74
SASKEN,28.5,28.5
FIEMIND,18.95,18.95
LTFOODS,12.75,12.75
SOBHA,360.61,360.67
PLASTIBLEN,18.9,18.9
AUTOIND,29.06,29.14
REDINGTON,12.45,12.45
PAGEIND,74.4,74.4
BANSWRAS,14.42,14.42
SRHHYPOLTD,10.77,9.77
KMSUGAR,12.1,12.1
NELCAST,21.17,29.09
ADSL,17.74,17.74
MOTILALOFS,13.86,13.86
POWERGRID,18.29,18.29
BAJAJELEC,78.67,78.67
GKWLIMITED,103.16,103.16
GLOBUSSPR,15.96,15.96
ZYDUSWELL,41.3,39.21
DBCORP,12.3,12.3
WHIRLPOOL,83.04,78.23
EMMBI,17.84,17.84
TEXMOPIPES,47.63,15.68
IMFA,10.05,10.05
BAJAJCON,21.29,21.29
GPPL,28.18,25.74
KILITCH,40.87,40.87
SASTASUNDR,28.02,27.76
CANTABIL,28.79,29.35
BEDMUTHA,39.54,39.54
PRESTIGE,38.12,38.12
RESPONIND,51.22,51.22
IOLCP,15.67,15.67
PENIND,19.25,19.25
MOIL,33.59,33.59
KIRLOSENG,39.95,39.04
HINDMOTORS,29.39,29.39
PFS,13.63,13.63
RELAXO,99.38,99.38
KARMAENG,674.6,674.6
MITCON,27.7,27.7
SREEL,24.12,24.12
SDBL,28.43,28.43
CAPLIPOINT,21.26,21.26
FCL,32.45,32.45
LAMBODHARA,32.12,32.12
VISHNU,20.67,20.67
LINC,24.41,24.41
PRIVISCL,46.2,46.2
TPLPLASTEH,33.56,33.56
ALANKIT,26.95,26.95
AYMSYNTEX,,374.68
POWERMECH,29.56,29.56
IDFCFIRSTB,18.65,18.65
LUXIND,42.62,42.62
LINCOLN,12.09,12.09
PRECAM,43.25,67.05
BHAGERIA,37.18,37.18
KDDL,22.38,22.43
HECPROJECT,18.34,18.34
THYROCARE,47.69,47.58
ARMANFIN,12.17,12.17
SALONA,24.39,24.39
CLEDUCATE,24.66,26.34
SIKKO,49.54,49.54
PANACHE,,26.12
PSPPROJECT,20.6,20.6
GLOBE,15.66,15.66
AUBANK,30.91,29.69
OPTIEMUS,43.89,43.89
ABCAPITAL,18.36,18.36
MATRIMONY,24.44,24.44
WORTH,10.78,10.78
DIAMONDYD,37.11,36.58
GATECHDVR,16.17,16.17
TIRUPATIFL,25.6,25.6
MASFIN,18.27,18.27
DPABHUSHAN,45.22,45.22
5PAISA,29.42,29.42
ICEMAKE,43.19,43.19
SHRADHA,12.75,12.75
TOUCHWOOD,51.19,51.21
AJOONI,49.46,49.46
SILLYMONKS,151.43,151.43
AMBER,83.4,83.4
SOUTHWEST,37.1,39.38
ASTERDM,63.27,
HGINFRA,18.27,18.67
MACPOWER,57.87,57.87
BANDHANBNK,19.9,19.9
MITTAL,24.42,75.55
ISEC,13.61,13.61
AVG,21.33,35.41
BSHSL,94.73,94.73
GODHA,124.4,124.4
ORIENTELEC,63.18,78.56
WEL,131.26,131.26
CHEMCON,45.32,45.32
HNDFDS,60.42,60.42
MAZDOCK,36.74,36.74
DCI,25.53,25.53
IIFLSEC,11.73,11.73
FLUOROCHEM,76.99,76.99
KUANTUM,7.14,7.14
CHEMBOND,15.41,15.41
SBICARD,27.41,27.41
SIGMA,20.87,20.87
EASEMYTRIP,72.45,43.82
PRINCEPIPE,36.97,40.16
PATANJALI,67.8,67.8
ASALCBR,19.38,19.38
UNIVPHOTO,12.45,12.45
SUVENPHAR,43.38,43.38
KSOLVES,37.17,37.17
HAPPSTMNDS,48.46,50.49
BOROLTD,50.99,50.99
PAVNAIND,39.65,39.65
UNIDT,46.12,46.12
ANGELONE,19.8,19.8
ROML,49.45,49.45
RAILTEL,53.03,55.12
HERANBA,34.55,34.55
FAIRCHEMOR,39.59,39.59
ISGEC,28.48,28.48
PAKKA,22.46,22.46
SHAILY,49.59,49.59
FIBERWEB,16.1,16.1
SBCL,34.97,34.97
IPL,42,42
LODHA,83.73,78.86
UTKARSHBNK,11.36,11.36
CRAFTSMAN,26.35,26.35
JUBLINGREA,43.43,43.43
GLS,21.4,21.4
DEEPINDS,14.44,14.59
PIXTRANS,20.55,20.55
CARTRADE,58.71,58.71
DEVYANI,,483.1
ANMOL,9.86,9.86
AMIORG,105.86,47.8
BAJAJHCARE,,26.81
GRINFRA,11.38,14.18
STEELCAS,16.89,16.89
KPIGREEN,65.72,65.63
SEJALLTD,101.49,101.49
RELCHEMQ,49.17,49.17
SYRMA,67.86,67.35
CAMPUS,96.37,96.37
VENUSPIPES,50.21,50.21
MEGASTAR,44.56,44.56
LANDMARK,48.99,47.44
ETHOSLTD,102.64,102.64
MSUMI,46.2,46.2
HARSHA,39.9,39.9
THERMAX,100.37,110.94
ZODIACLOTH,27.4,
RAYMOND,22.27,21.21
SHREDIGCEM,17.59,17.59
SMLISUZU,28.35,28.35
SUNDRMFAST,46.25,46.25
CRISIL,46.6,46.6
PEL,,30.51
MASTEK,23.89,23.7
TRENT,122.13,198.17
CUMMINSIND,67.58,67.52
JBCHEPHARM,49.09,49.09
IONEXCHANG,38.5,38.5
IFBIND,65.85,65.85
HIMATSEIDE,11.11,11.11
GFLLIMITED,275.96,275.96
BHARATFORG,79.98,79.37
ATUL,53.19,53.19
TATAMOTORS,9.87,9.65
MRPL,10.14,10.12
ESCORTS,41.18,41.18
BAJAJHLDNG,63.05,63.05
ZUARIIND,1.23,
VOLTAS,115.55,115.55
TATASTEEL,,62.03
VEDL,21.75,32.59
RELIANCE,24.52,24.52
BATAINDIA,67.18,61.41
CARBORUNIV,69.99,69.99
DICIND,,98.77
MOTOGENFIN,106.4,106.4
RAMCOCEM,44.76,44.76
CENTURYTEX,103.89,39.24
TORNTPHARM,54.32,56.84
FEDERALBNK,9.97,9.97
SRF,49.34,49.34
BBOX,35.61,24.06
HONAUT,91.89,91.89
PRECOT,27.15,43.18
ARE&M,24.12,24.12
BALKRISIND,40.61,40.61
RAJSREESUG,14.05,14.05
ONGC,6.23,6.09
TAINWALCHM,33.01,33.01
KPIL,37.62,37.62
APCOTEXIND,38.81,38.81
KARURVYSYA,9.84,9.84
WSI,14.75,14.58
THOMASCOOK,35.97,35.97
SIEMENS,106.48,106.48
VSTIND,20.47,20.47
JUBLPHARMA,105.67,72.6
SOMANYCERA,29.6,29.53
HLVLTD,69.67,69.67
M&M,27.81,27.81
KABRAEXTRU,43.98,43.98
3PLAND,29.67,29.67
HONDAPOWER,28.71,29.94
RUBYMILLS,15.56,15.56
BBL,36.61,36.61
DCMSHRIRAM,34.43,34.43
COSMOFIRST,23.19,23.19
HDFCBANK,17.71,17.6
GMBREW,9.4,9.4
INDIANHUME,21.18,21.18
IOC,5.5,5.5
OSWALGREEN,125.95,125.95
HUHTAMAKI,5.94,23.19
KAMATHOTEL,13.5,45.37
BANCOINDIA,15.69,15.69
MANINDS,21.21,21.21
SHANTIGEAR,48.56,48.56
ONWARDTEC,25.61,25.61
ICIL,20.23,20.23
ELGIEQUIP,61.28,61.28
BBTC,5.36,5.19
LICHSGFIN,7.3,7.3
BEPL,18.06,18.06
MOREPENLAB,24.6,24.6
VENKEYS,31.81,31.81
S&SPOWER,34.86,34.86
PRUDMOULI,12.22,12.22
HIL,52.4,980.4
KEEPLEARN,164.42,164.42
PGHH,68.83,68.83
TFCILTD,15.54,15.54
AGI,17,17
TATACONSUM,78.16,67.42
ZEEL,73.44,259.59
KOTAKBANK,18.69,18.69
JAYSREETEA,22.24,
KANSAINER,18.52,32.65
3MINDIA,65.65,65.65
RALLIS,33.62,33.78
MFSL,81.47,81.47
GREAVESCOT,,225.52
SURYAROSNI,19.19,19.19
SHREECEM,37.74,37.74
INGERRAND,60.99,60.99
HINDUNILVR,53.71,53.74
FINPIPE,44.31,44.31
DCW,94.99,89.57
HEUBACHIND,21.61,21.61
PVP,10.19,
NAVA,5.75,6.28
AUTOAXLES,17.59,17.59
SWARAJENG,21.76,21.76
ANDHRSUGAR,18.09,17.66
AUSOMENT,15.31,15.31
JAYAGROGN,13.55,13.55
MARICO,51.47,51.47
MOTHERSON,36.95,35.85
SOMATEX,5.27,
STERTOOLS,22.89,23
WENDT,70.71,70.71
SHRIRAMFIN,11.71,11.71
MIRZAINT,49.71,49.71
GANESHHOUC,13.96,13.96
ALKYLAMINE,65.68,65.68
GUJRAFFIA,42.76,42.76
HERITGFOOD,34.41,34.41
GAIL,15.25,15.8
BANKINDIA,9.13,9.13
ICICIBANK,17.4,17.4
FDC,24.49,24.49
INDUSINDBK,12.55,12.55
TRIGYN,18.21,18.21
KOTHARIPRO,19.06,19.06
ITDCEM,26.21,26.21
SONATSOFTW,47.09,4.04
CYBERTECH,19.75,19.75
DHANBANK,18.03,18.03
STCINDIA,16.42,17.65
RSSOFTWARE,27.99,27.99
IVC,29.2,29.2
ALEMBICLTD,27.28,27.28
BSOFT,27.03,27.03
ZYDUSLIFE,26.89,26.84
RAJESHEXPO,12.06,12.06
IOB,47.9,47.9
BLBLIMITED,36.05,36.05
BLUESTARCO,74.55,74.55
PNBGILTS,26.37,28.65
TAJGVK,28.79,28.79
GAEL,18.88,18.88
MRO-TEK,46.15,46.15
KHANDSE,240.78,240.78
ACLGATI,212.72,
JISLJALEQS,44.82,44.82
OLECTRA,182.6,198.99
APTECHT,44.82,38.52
OFSS,29,29
JSL,21.63,22.28
WELSPUNLIV,20.03,20.03
IGL,19.46,19.46
PTC,11.15,11.15
MAHABANK,11.74,11.74
DATAMATICS,16.08,16.08
EXCELINDUS,72.42,72.42
NIITLTD,34.04,33.83
COFORGE,39.88,40.32
GULFPETRO,11.39,11.39
WELENT,18.04,18.04
JBMA,131.34,131.34
XCHANGING,93.76,93.76
CONSOFINVT,14.59,14.59
SAKSOFT,27.06,27.06
SHOPERSTOP,104.21,96.14
63MOONS,7.22,7.22
VHL,259.13,30.51
YESBANK,52.73,52.73
IDFC,562.88,562.88
IMPAL,16.98,16.98
AURIONPRO,40.33,40.33
AIAENG,30.62,30.63
ORIENTCER,27.93,32.94
VIMTALABS,25.76,25.76
NITINSPIN,13.74,13.74
GSPL,7.48,7.63
GVKPIL,6.99,6.99
SAKUMA,41.74,41.74
KEC,56.09,56.09
INDOTECH,40.49,40.49
CENTURYPLY,44.55,44.55
VAKRANGEE,546.5,594.52
RSYSTEMS,38.99,38.99
LOKESHMACH,55.44,55.44
KAMDHENU,27.76,27.76
PIONEEREMB,36.64,36.64
MUNJALAU,20.92,14.51
TECHM,50.76,50.83
GRINDWELL,72.21,72.16
ATLANTAA,.54,3.87
ACE,51.82,51.82
ALICON,13.14,13.14
DCBBANK,7.41,7.41
NAUKRI,102.64,95.65
TORNTPOWER,36.51,36.51
VENUSREM,13.59,13.59
NFL,78.35,78.35
HBLPOWER,52.97,49.28
PTL,23.12,23.12
GANDHITUBE,18.12,18.12
UNOMINDA,66.86,68.54
ORIENTBELL,6246.62,6246.62
TTL,48.65,48.65
ASTRAL,103.45,103.45
BALAMINES,29.46,29.46
AROGRANITE,36.5,36.5
NDLVENTURE,195.55,195.55
FORTIS,54.3,55.36
V2RETAIL,112.09,112.09
CENTRALBK,21.37,21.37
CIEINDIA,25.4,25.4
PURVA,187.35,187.35
NAGREEKCAP,.53,.54
MANGCHEFER,8.23,8.23
BVCL,12.4,12.4
RGL,12.74,12.74
COLPAL,54.36,53.78
KALYANIFRG,34.2,34.2
TRIL,202.14,202.14
MANAKSIA,8.51,6.45
KAVVERITEL,.94,.91
BIRLAMONEY,13.24,13.24
CORDSCABLE,26.09,26.09
SEPC,110.45,110.45
NAHARCAP,12.06,12.06
VGUARD,63.47,63.47
DPSCLTD,99.81,99.81
TITAGARH,63.32,62.96
BAJAJFINSV,15.6,15.6
DIGISPICE,12.62,28.98
RPGLIFE,27.06,27.06
RANEENGINE,22.1,16.52
ARCHIDPLY,28.56,28.56
VINYLINDIA,29.31,29.31
ZFCVINDIA,74.26,74.26
JOCIL,99.19,99.19
ALKALI,99.59,82.96
TPHQ,19.4,19.4
MAWANASUG,10.24,10.24
MHRIL,70.4,70.4
EXCEL,81.64,81.64
OIL,10.46,10.5
EXPLEOSOL,20.72,20.72
AMRUTANJAN,44.37,44.37
REFEX,16.75,16.73
JSWENERGY,62.31,62.31
HINDCOPPER,115.89,115.89
NESTLEIND,92.82,93.17
UNITEDTEA,10.6,10.6
THANGAMAYL,27.61,27.61
LGBBROSLTD,14.2,14.47
ISFT,20.6,20.6
KIRLOSIND,16.87,15.21
TI,31.16,30.51
IITL,9.31,19.26
DEEPAKNTR,36.74,39.71
RAMKY,11.14,11.14
ASHOKA,8.82,10.18
JWL,70.39,70.39
SHAH,42.76,42.76
CGCL,46.72,46.72
JINDWORLD,88.06,88.06
A2ZINFRA,11.44,
SUMMITSEC,20.21,20.21
HFCL,43.48,43.48
MUTHOOTFIN,15.65,15.65
PIIND,32.3,32.3
OMINFRAL,22.16,22.16
DELPHIFX,14.6,14.6
ASHIANA,42.25,42.25
LTF,16.46,16.46
BODALCHEM,138.74,138.74
FILATEX,21.36,21.36
SHAKTIPUMP,34.95,34.95
JISLDVREQS,.66,.66
RUPA,27.82,26.77
APLAPOLLO,58.1,58.1
IRFC,35.9,35.9
COMPUSOFT,39.27,39.27
RHIM,,58.56
NDL,13.32,13.32
HEXATRADEX,8.75,8.75
SWANENERGY,32.01,29.37
RTNINDIA,24.13,21.61
PROZONER,192.6,192.6
KITEX,24.13,24.13
ROSSELLIND,132.84,131.75
TVSHLTD,11.66,11.64
VETO,12.97,12.97
INDUSTOWER,15.35,15.35
NATHBIOGEN,8.39,9.01
CASTROLIND,21.15,21.15
WONDERLA,30.41,30.41
GULFOILLUB,15.01,15.01
SUPERHOUSE,21.61,21.61
PDSL,27.95,28.53
MONTECARLO,20.6,20.6
GULPOLY,63.82,63.82
GREENLAM,55.16,55.16
MENONBE,9.06,9.06
MANAKALUCO,35.24,35.24
ZENTEC,60.18,61.06
IMAGICAA,7.83,133.09
NILAINFRA,36.56,36.56
SKIPPER,39.93,39.93
SHYAMCENT,509.55,509.55
ADANIENSOL,102.59,92.1
MUTHOOTCAP,3.66,86.78
SHARDAMOTR,15.94,15.94
INDIGO,19.66,19.66
PILANIINVS,27.58,27.58
ALKEM,32.65,31.01
TEAMLEASE,43.66,44.98
NECCLTD,37.93,37.93
GOKULAGRO,16.43,16.43
PDMJEPAPER,8.65,8.65
WEALTH,19.96,19.96
SAGARDEEP,60.38,60.38
UNITEDPOLY,30.88,30.88
ALBERTDAVD,8.39,8.39
CONTROLPR,25.71,25.74
INCREDIBLE,33.26,33.26
DAMODARIND,20.39,20.39
POKARNA,19.32,19.32
LLOYDSENGG,86.2,86.2
LTIM,30.83,30.83
MINDTECK,25.28,25.28
SPAL,16.27,16.27
MBAPL,81.09,81.09
CUPID,34.81,34.81
MARATHON,14.99,14.99
SAKAR,61.07,61.07
PANSARI,28.59,28.59
ARTNIRMAN,116.66,116.66
ENDURANCE,45.3,45.3
PNBHOUSING,12.84,12.84
PODDARMENT,14.32,14.32
TCIEXP,29.49,29.49
TERASOFT,21.53,18.9
LIBAS,17.91,17.91
CAPTRUST,89,89
MAHESHWARI,13.61,13.61
MCL,83.6,83.6
PRICOLLTD,37.51,37.51
STEELCITY,12.36,12.36
KRISHANA,37.27,37.27
GLOBAL,12.83,12.83
SANGINITA,70.66,70.66
RADIOCITY,81.32,81.32
TASTYBITE,64.04,64.04
AIRAN,26.74,26.74
URJA,389.01,389.01
LAXMICOT,,97.48
EIFFL,151.52,151.52
CREATIVE,21.15,21.15
FOCUS,27.01,27.01
DEVIT,26.81,26.81
DOLLAR,34.68,34.45
INFOBEAN,43.43,43.43
TEJASNET,307.07,307.07
GTPL,16.51,16.51
ACEINTEG,56.02,56.02
AVADHSUGAR,8.07,8.07
GANGESSECU,41.84,41.84
TOTAL,117.85,117.85
WEWIN,32.04,32.04
SMSLIFE,37,37
VAISHALI,26.56,26.56
GEEKAYWIRE,11.71,11.71
SERVOTECH,150.64,150.64
DIXON,152.72,152.72
CHOLAHLDNG,5.37,5.37
DPWIRES,23.24,23.24
AARVI,17.8,17.8
AIROLAM,26.57,26.57
RKEC,10.32,10.32
JASH,41.27,41.27
GODREJAGRO,32.94,32.94
IEX,40.48,40.48
NAM-INDIA,34.28,34.28
KHADIM,90.99,90.99
VERTOZ,170.07,170.07
SILVERTUC,61.6,61.6
SHALBY,34.39,34.39
ONEPOINT,51.63,51.63
BCONCEPTS,61.62,61.62
NEWGEN,47.48,47.48
GALAXYSURF,29.35,29.35
SINTERCOM,301.88,301.88
ARVEE,248.85,248.85
SARVESHWAR,49.86,49.86
UNIINFO,59.47,59.47
BDL,92.58,92.58
HAL,43.82,43.82
URAVI,286.05,286.05
KAPSTON,27.3,27.3
LEMONTREE,60.31,60.31
MMP,28.14,28.14
AAKASH,18.77,18.77
SOFTTECH,120.01,120.01
E2E,82.34,82.34
INDOSTAR,23.42,23.42
SIRCA,33.62,33.62
SVLL,80.33,80.33
SONAMLTD,28.34,28.34
PRITI,20.42,20.42
ACCURACY,273.94,273.94
RITES,34.22,34.22
GANGAFORGE,188.09,192.18
REPL,22.37,22.37
HBSL,1.83,1.83
AVROIND,30.76,30.76
HDFCAMC,41.2,41.2
TEMBO,20.97,21.44
AARON,44.5,44.5
SUMIT,21.59,21.59
RPPL,29.94,29.94
AKG,45.56,45.56
IRCON,28.8,28.8
AHLADA,13.12,13.12
RAJMET,19.68,19.68
AAVAS,25.24,25.24
KSHITIJPOL,18.21,
GRSE,45.25,45.25
KRITIKA,55.43,55.43
SILGO,20.27,20.27
VINNY,22.98,22.98
BBTCL,27.77,27.77
MARINE,53.68,53.95
IRISDOREME,50.6,50.6
ATGL,161.72,161.72
UNIPARTS,18.09,18.09
SHRIRAMPPS,5.12,5.12
TREJHARA,13.9,50.02
AWHCL,12.65,12.65
RPSGVENT,10.82,10.82
MSTCLTD,29.19,29.19
OSIAHYPER,20.83,20.72
ANUP,32.8,32.8
ARVINDFASN,57.23,54.86
PAR,19.1,19.1
RVNL,54.31,54.31
POLYCAB,55.97,55.97
METROPOLIS,76.58,76.58
KPITTECH,67.24,67.24
NEOGEN,111.44,111.44
VIKASLIFE,59.43,34.37
EMAMIPAP,7.97,7.97
CONFIPET,22.85,22.85
PPL,10.28,10.28
INDIAMART,39.14,38.98
OAL,129.25,129.25
SATIA,5.28,5.28
AFFLE,54.55,54.55
SPANDANA,10.88,10.88
WESTLIFE,189.81,189.81
UJJIVANSFB,7.39,7.39
IRCTC,73.83,71.09
SAFARI,54.81,54.81
360ONE,35.11,35.11
HPIL,101.14,101.14
VISHWARAJ,21.69,21.69
GREENPANEL,25.1,25.1
APOLLOPIPE,63.87,63.87
MGEL,17.16,17.16
ROUTE,22.62,23.47
HOMEFIRST,23.58,23.58
CSBBANK,10.13,10.13
EQUITASBNK,13.38,13.38
ROSSARI,29.31,29.31
HINDWAREAP,74.47,74.47
LIKHITHA,20.63,20.63
ARTEMISMED,49.38,49.38
SUMICHEM,64.35,64.35
ATALREAL,28.13,28.13
MAHEPC,217.28,168.77
POWERINDIA,275.7,275.7
STOVEKRAFT,46.75,46.75
RAJRATAN,38.48,38.48
AARTISURF,25.93,25.93
GLAND,39.45,39.45
NDRAUTO,32.24,32.24
MAXHEALTH,71.74,71.74
AAATECH,41.25,41.25
KALYANKJIL,66.48,66.48
BTML,33.82,33.82
SHAREINDIA,14,13.98
SIGACHI,36.59,36.59
ADL,1645.38,1645.38
NIRAJ,19.29,13.03
CAMS,48.51,48.51
SURYODAY,9.09,9.09
UTIAMC,14.35,14.35
BECTORFOOD,53.62,53.62
ORCHPHARMA,54,54
INDIGOPNTS,43.44,43.44
LXCHEM,54.67,54.67
MTARTECH,99.1,99.1
ANURAS,50.06,50.06
KANPRPLA,262.64,262.64
STYLAMIND,20.51,20.38
CLSEL,9.25,9.25
CARYSIL,36.52,36.52
MODISONLTD,19.41,24.4
BCLIND,14.51,14.45
BHAGCHEM,107.65,107.65
SMCGLOBAL,8.65,8.65
ARIHANTCAP,10.2,10.2
NAZARA,60.32,59.78
GENCON,14.66,14.66
HLEGLAS,67.33,62.85
SONACOMS,72.27,71.36
DRCSYSTEMS,24.77,24.77
PARAS,119.71,119.71
DODLA,30.99,30.99
EXXARO,188.01,188.01
ROLEXRINGS,37.26,33.78
SHYAMMETL,16.28,16.28
KIMS,43.4,43.4
TATVA,83.44,83.44
CLEAN,58.03,58.03
ABSLAMC,19.58,19.58
ZOMATO,454.17,454.17
WINDLAS,22.53,22.53
KRSNAA,32.95,32.95
APTUS,24.49,24.49
SUPRIYA,23.54,23.54
VIJAYA,69.44,68.58
VINEETLAB,50.49,50.49
SANSERA,29.44,29.44
PRITIKAUTO,25.69,25.69
AAREYDRUGS,26.07,26.07
INTLCONV,8.06,8.06
HPAL,43.73,44.09
UGROCAP,21.76,21.76
YUKEN,84.48,84.48
SGIL,40.46,40.46
ANANDRATHI,76.8,76.8
SJS,25.46,25.46
FINOPB,25.84,25.84
POLICYBZR,808.31,808.31
NYKAA,1054.93,1054.93
AWL,262.37,209.75
MONARCH,14.39,14.39
SAPPHIRE,174.7,174.7
PRUDENT,48.58,48.58
EPIGRAL,25.81,25.81
NUVOCO,75.35,75.35
GOCOLORS,63.86,63.86
TRACXN,131.53,131.53
CMSINFO,19.85,19.85
FUSION,9.11,9.11
COASTCORP,65.09,65.09
TARSONS,53.34,53.34
MEDPLUS,163.9,163.9
TEGA,53.37,53.37
RATEGAIN,56.12,56.12
MANORG,71.06,71.06
LATENTVIEW,60.73,60.73
METROBRAND,76.81,76.81
MICEL,17.41,19.45
PASUPTAC,24.19,24.19
FOODSIN,22.67,22.64
PARADEEP,57.43,57.43
MAPMYINDIA,76.32,76.32
TMB,6.75,6.75
KRITI,25.07,25.07
MANYAVAR,58.78,58.78
GANESHBE,17.86,17.77
GVPTECH,77.08,77.08
DMCC,64.87,64.87
MEDICAMEQ,64.64,64.64
EMIL,42.47,42.47
SHIVALIK,51.41,51.41
DATAPATTNS,87.61,87.61
MEDANTA,65.12,65.12
AHL,23.15,23.15
MALLCOM,17.54,17.54
IRIS,54.13,54.13
ASIANENE,44.96,41.95
SMLT,20.69,20.69
NRL,50.55,50.55
RADIANTCMS,18.73,18.73
CHOICEIN,52.32,52.32
HARIOMPIPE,27.49,27.49
GRWRHITECH,20.55,20.55
DCMSRIND,15.84,15.84
RAJRILTD,287.46,287.46
EMUDHRA,80.72,80.72
DYCL,32.41,32.41
FIVESTAR,24.87,24.87
VIRINCHI,25.16,25.16
SBC,77.01,77.01
ELDEHSG,27.67,27.67
ELIN,65.02,65.02
MHLXMIRU,21.22,21.22
GATEWAY,19.26,19.26
ZIMLAB,29.24,29.24
JTLIND,32.41,32.41
RAINBOW,57.24,57.24
AETHER,128.98,68.54
ROTO,35.19,35.19
INDOBORAX,13.1,13.1
RACE,319.76,319.76
AVONMORE,23.37,23.37
DREAMFOLKS,36.82,36.82
DHARMAJ,17.45,17.45
OBCL,158.27,158.27
GMRP&UI,91.14,
INOXGREEN,136.96,136.96
BIKAJI,51.63,51.63
RITCO,18.86,18.86
HARDWYN,146.55,146.55
HMAAGRO,25.18,25.18
MEDICO,36.83,36.83
YATHARTH,30.03,30.03
DCXINDIA,46.03,46.03
KAYNES,115.07,115.07
AXITA,27.45,27.45
SENCO,37.25,37.25
RADHIKAJWE,16.55,16.55
SPLPETRO,35.46,35.46
RAMRAT,29.46,29.46
RUSTOMJEE,103.07,103.07
GENSOL,66.49,66.37
GSLSU,44.99,44.99
MANORAMA,91.41,91.41
GRMOVER,13.97,13.97
DJML,72.65,72.65
KRITINUT,11.69,11.69
AVALON,112.88,112.88
KAMOPAINTS,75.78,75.78
SUKHJITS,13.69,13.69
SKYGOLD,40.16,40.16
DIVGIITTS,54.39,54.39
USK,10.28,10.28
MANOMAY,25.17,25.17
AARTIPHARM,23.37,23.37
RHL,63.95,63.95
NINSYS,61.07,61.07
SBGLP,76.03,76.03
HYBRIDFIN,19.12,18.57
CYIENTDLM,84.06,84.06
ATAM,40.97,40.97
LAL,48.15,48.15
POCL,26.05,26.05
ASHOKAMET,11.55,11.55
PTCIL,266.84,266.84
NETWEB,165.92,165.92
KIRLPNU,55.04,52.65
NIITMTS,26.87,26.39
SINDHUTRAD,53.49,53.48
TREL,4.37,41.24
DRREDDY,17.61,17.61
MAHSEAMLES,9.45,9.42
VINDHYATEL,22.99,22.99
PGHL,37.03,37.03
BEML,63.21,63.21
VTL,21.74,21.74
EPL,27.71,26.2
BIRLACABLE,31.88,31.88
TATAELXSI,56.56,56.56
SANDESH,5.31,5.31
ADANIENT,107.74,100.43
EICHERMOT,36.58,36.58
NEULANDLAB,26.49,26.49
ZENSARTECH,21.3,21.3
BERGEPAINT,49.09,49.26
ANIKINDS,456.63,456.63
IGARASHI,153.64,153.64
BLUEDART,57.77,57.77
MUNJALSHOW,20.08,18.89
HSCL,39.66,39.66
RANASUG,11.42,11.42
ARENTERP,17.67,17.67
UFLEX,,10.38
ADVANIHOTR,25.98,25.98
SUBROS,40.27,40.27
WIPRO,20.52,20.52
TOKYOPLAST,97.15,97.15
SANOFI,35.47,34.33
KAJARIACER,45.86,45.84
PRSMJOHNSN,52.06,
PCBL,18.31,18.31
SAIL,24.79,19.63
STYRENIX,17.92,17.92
BRITANNIA,58.58,58.52
DABUR,53.91,53.91
ORIENTHOT,47.71,47.71
FOSECOIND,30.38,34.93
ANDHRAPAP,5.92,5.92
AMJLAND,14.8,14.8
GODFRYPHLP,27.65,27.65
SUDARSCHEM,15.35,48.96
HINDALCO,15.39,15.41
AMBUJACEM,32.34,33.88
CGPOWER,113.51,116.29
BEL,53.88,53.88
PEARLPOLY,88.28,88.28
TTKPRESTIG,42.96,42.96
BIOFILCHEM,153.74,153.74
VISAKAIND,995.74,995.74
HITECHGEAR,16.38,45.6
PUNJABCHEM,25.36,25.36
MMFL,21.46,21.62
RUCHINFRA,19.42,43.47
BANKBARODA,7.38,7.38
CONCOR,52.72,52.72
REPRO,84.97,84.97
HAVELLS,91.76,91.76
TIPSINDLTD,42.85,42.85
MARKSANS,21.09,21.09
GODREJCP,,69.51
MPSLTD,23.93,23.93
PNB,16.85,16.85
UNIONBANK,8.5,8.5
INDOAMIN,19.2,19.2
ACI,23.7,23.7
SADHNANIQ,378.78,378.78
CHEVIOT,12.95,12.95
KFINTECH,46.72,46.72
AKSHAR,22.57,22.57
NGLFINE,34.13,34.13
TRU,67.55,67.55
TIPSFILMS,206.11,206.11
CSLFINANCE,15.36,15.36
DBOL,17.05,17.05
SPORTKING,14.15,14.15
SYNCOMF,46.05,46.01
SULA,43.62,43.62
BAIDFIN,19,19
SCPL,25.23,25.23
MANKIND,43.55,43.55
SATINDLTD,3.62,3.62
IKIO,34.75,34.75
FAZE3Q,20.48,20.48
LLOYDSME,27.86,27.86
SAHYADRI,14.9,14.9
ASMS,452.7,295.2
SAH,255.14,255.14
AKI,145.13,145.13
IDEAFORGE,64.62,64.62
REDTAPE,76.78,76.78
GHCLTEXTIL,29.92,29.92
ATL,42.93,42.93
RICOAUTO,41.83,39.98
APOLLOTYRE,17.18,16.57
SIYSIL,10.86,10.86
PRECWIRE,30.53,30.53
NILKAMAL,24.01,24.01
NCC,24.4,23.73
SEAMECLTD,21.54,21.54
AUROPHARMA,22.08,21.36
EIHOTEL,40.4,39.96
GICHSGFIN,7.3,7.3
BANARBEADS,21.1,21.1
WSTCSTPAPR,5.03,5.03
GHCL,6.09,7.99
PRAJIND,32.49,32.49
EVERESTIND,95.01,140.27
BPL,32.96,32.96
VESUVIUS,43.23,43.23
BOMDYEING,1.16,
NAVNETEDUL,16.92,18.43
GLAXO,74.49,66.51
CHOLAFIN,29.87,29.87
INDHOTEL,66.01,66.01
ESABINDIA,51.09,51.09
GABRIEL,29.17,29.17
SCHAEFFLER,75.6,75.31
PRAKASH,8.26,8.26
KOPRAN,21.29,21.29
SOUTHBANK,6.49,6.49
ASTRAZEN,98.46,106.12
AXISBANK,13.65,13.65
CYIENT,27.34,25.56
KOKUYOCMLN,32.88,32.88
GOACARBON,8.54,8.54
SANGHVIMOV,24.56,24.56
NATIONALUM,16.9,20
JINDALSTEL,17.7,17.7
NIPPOBATRY,30.34,30.34
HCLTECH,23.01,23.01
ACCELYA,25.35,25.42
STAR,282.65,32.97
NRBBEARING,12.68,34.49
BIL,42.64,42.64
KTKBANK,5.77,5.77
AJANTPHARM,37.21,37.21
CALSOFT,38.3,38.3
TVSMOTOR,58.17,58.17
PNC,35.1,35.1
NLCINDIA,16.2,16.2
CHENNPETRO,5.05,5.05
KRBL,10.34,10.34
USHAMART,26.43,26.43
BALAJITELE,23.25,23.25
TRIDENT,53.66,53.67
SMARTLINK,38.89,38.89
LUPIN,37.2,37.2
TCI,23.94,23.75
BHARTIARTL,133.59,85.37
PONNIERODE,7.75,7.75
TIMESGTY,53.24,53.24
NUCLEUS,16.29,16.29
CANBK,6.54,6.54
GODREJIND,41.64,41.64
RADICO,82.62,82.62
MARUTI,30.02,30.02
VARDHACRLC,24.92,24.92
BAGFILMS,20.61,20.61
TVSELECT,2117.85,2117.85
TVTODAY,22.61,21.36
UNIENTER,27.14,27.14
MUKANDLTD,21.59,21.59
VAIBHAVGBL,44.41,42.5
XPROINDIA,49.46,47.49
RKFORGE,35.47,35.46
CCL,31.09,31.09
LT,32.09,32.24
CENTEXT,20.19,20.51
TCS,29.32,28.87
GUFICBIO,36.44,36.44
NTPC,17.71,17.71
DWARKESH,15.1,15.1
PATELENG,16.74,22.15
JSWSTEEL,23.63,24.92
JPPOWER,12.84,8.88
EVEREADY,57.71,57.71
IIFL,8.6,8.6
WELCORP,18.01,18.01
CYBERMEDIA,10.59,8.07
JKPAPER,5.68,5.68
GRANULES,25.4,25.4
GEOJITFSL,16.56,16.56
MSPL,65.15,53.23
SPLIL,14.3,14.29
GOLDIAM,18.96,18.96
FCSSOFT,,71.82
SUZLON,93.53,86.51
TRIVENI,18.24,18.24
NAHARINDUS,147.16,77.8
EKC,14.45,14.17
CELEBRITY,56.55,57.84
ROHLTD,20.79,20.79
ENIL,28.84,29.79
JAGRAN,11.99,11.99
JKCEMENT,37.91,37.81
M&MFIN,17.23,17.23
BLKASHYAP,,30.64
KEI,63.65,63.64
SOLARINDS,95.03,95.03
GALLANTT,28.2,28.2
UTTAMSUGAR,9.03,9.03
TIMKEN,76.68,76.68
SAKHTISUG,3.16,
AKZOINDIA,27.15,27.15
HINDZINC,36.3,36.3
GRASIM,15.7,15.08
FINCABLES,36.3,42.57
DCM,24.46,24.46
CESC,13.09,15.94
BAJFINANCE,28.36,28.36
CORALFINAC,9.33,9.33
GREENPLY,42.03,48.54
REMSONSIND,46.61,45.71
DALMIASUG,10.83,10.83
KHAITANLTD,24.23,24.23
MRF,25.57,25.57
TNPETRO,14.91,11.95
STARPAPER,5.47,5.34
EIMCOELECO,28.81,28.81
SAMBHAAV,64.16,84.93
KEYFINSERV,11.38,11.38
SUNDRMBRAK,28.64,28.64
AARTIDRUGS,26.03,26.03
INDIANCARD,19.34,
DENORA,42.43,42.43
GUJAPOLLO,25.77,25.77
JAGSNPHARM,39.11,39.11
MPHASIS,28.12,28.12
RAMCOIND,27.68,27.68
INDRAMEDCO,16.92,16.92
MADRASFERT,264.69,26.33
SKMEGGPROD,7.56,7.56
HUDCO,24.77,24.77
INDSWFTLAB,2.02,8.69
SAREGAMA,49.5,49.5
ENGINERSIN,39.29,39.29
ADROITINFO,13.27,13.27
JAICORPLTD,94.42,94.42
GMDCLTD,19.89,19.89
MAHAPEXLTD,63.58,100.94
ASAHIINDIA,45.35,45.35
J&KBANK,7.84,7.84
CUB,10.39,10.39
SUPRAJIT,36.24,36.24
JINDALPHOT,43.56,43.56
GOKEX,44.62,44.62
SURYALAXMI,36.49,21.4
JSWHL,60.91,60.91
NECLIFE,141.89,141.89
RML,432.05,11.92
JINDRILL,17.03,17.03
TANLA,22.81,22.81
SARLAPOLY,21.4,21.4
TIIL,18.85,18.39
PFC,8.16,8.16
INDIANB,9.59,9.59
JKTYRE,12.91,12.61
THEMISMED,76.91,76.91
PHOENIXLTD,41.34,41.34
TIMETECHNO,19.08,19.08
ISMTLTD,20.05,18.71
MAGNUM,13.99,19.33
MAANALU,22.62,22.62
RELIGARE,19.48,40.94
ADANIPOWER,12.93,12.93
RTNPOWER,1.1,
SHILPAMED,125.03,138.83
DLINKINDIA,16.04,16.04
BEARDSELL,18.5,18.5
JUBLFOOD,86.27,147.2
HATHWAY,57.8,57.78
KIRLOSBROS,37.74,38.26
MANAPPURAM,6.47,6.47
STEL,55.5,55.5
VADILALIND,21.04,21.04
MAITHANALL,9.73,9.73
PILITA,64.35,64.35
AGRITECH,11.66,11.66
AGARIND,12.11,12.11
SNOWMAN,67.87,67.87
INTELLECT,38.32,38.13
GENUSPAPER,155.93,155.93
JMA,8.81,8.81
MANAKCOAT,41.04,41.04
AVANTIFEED,17.52,17.52
PNCINFRA,14.49,14.49
SATIN,5.59,5.59
SHREEPUSHK,14.94,14.94
SHK,21.21,21.21
UMANGDAIRY,146.41,146.41
NH,30.22,30.22
QUICKHEAL,97.98,97.98
BHARATWIRE,19.53,19.53
PARAGMILK,22.03,22.03
ASPINWALL,19.25,19.25
ARIHANTSUP,19.01,19.01
SHANKARA,20.81,20.81
WIPL,42.63,42.63
SCHAND,15.99,15.99
CDSL,51.41,51.41
DYNPRO,88.88,88.88
THEINVEST,50.51,50.51
COCHINSHIP,65.72,65.72
PENINLAND,14.21,20.05
WHEELS,32.36,32.36
RIIL,174.26,174.26
PREMIERPOL,19.37,19.37
SESHAPAPER,7.73,7.73
FACT,302.42,112.84
EXIDEIND,47.97,47.97
ELECON,35.18,35.18
LAXMIMACH,44.65,44.65
ORIENTPPR,161.39,161.39
NELCO,71.07,71.07
MAHSCOOTER,43.88,43.88
LUMAXIND,44.75,44.75
KECL,85.64,85.64
KCP,8.13,8.12
JAYBARMARU,35.46,35.46
INFY,22.58,22.58
INDIAGLYCO,14.96,14.96
IGPL,38.91,38.91
GNFC,19.41,19.41
BPCL,5.26,5.13
BASF,32.96,32.96
ARVIND,26.81,26.95
ACC,20.18,22.73
SCI,18.42,18.42
LINDEINDIA,182.93,182.93
HINDPETRO,5.34,5.34
ASHOKLEY,24.08,23.61
TITAN,83.12,83.12
SUNDARMFIN,32.1,30.69
SPIC,16.77,11.4
SBIN,10.82,10.04
NOCIL,32.48,32.48
BOSCHLTD,36.25,49.04
CHAMBLFERT,13.36,13.36
HINDOILEXP,11.09,12.85
BALMLAWRIE,23.02,23.02
ADORWELD,27.19,27.19
CENTENKA,29.48,29.48
ATFL,157.74,225.21
VLSFINANCE,2.76,2.76
SUPREMEIND,72.61,72.61
BALRAMCHIN,14.99,14.99
WEIZMANIND,19.16,19.16
RANEHOLDIN,18.79,8.79
SUNPHARMA,36.28,34.78
SHREYANIND,3.53,3.53
HCC,12.4,
APOLLOHOSP,102.45,102.61
IVP,13.63,13.63
INDBANK,26.2,26.2
GET&D,164.46,164.46
BANARISUG,19.79,19.79
JYOTISTRUC,78.41,78.41
BSL,16.36,16.36
JAYNECOIND,21.34,19.58
SOTL,17.14,17.14
RCF,38,45.22
DECCANCE,21.36,16.12
TATAPOWER,43.81,47.34
SUNFLAG,26.58,26.58
SPMLINFRA,42.19,42.19
BHARATRAS,65.6,65.56
TATACOMM,52.9,58.28
IFCI,62.82,63.33
LIBERTSHOE,48.37,36.81
HEIDELBERG,27.17,27.17
MANGLMCEM,38.99,38.99
POLYPLEX,29.57,29.57
PIDILITIND,87.08,84.66
OSWALAGRO,328.01,324.77
JINDALSAW,10.99,10.99
ABB,119.74,119.74
GRAPHITE,13.8,605.49
CANFINHOME,12.78,12.78
ELECTCAST,12.63,12.63
CIPLA,28.5,27.5
HEROMOTOCO,26.59,25.77
HARRMALAYA,,1141.52
GIPCL,13.44,13.44
ITC,25.53,25.53
HINDCOMPOS,18.57,18.57
MOLDTKPAC,38.26,38.26
GANECOS,70.91,70.91
HESTERBIO,91.67,91.67
LFIC,6.37,6.37
BYKE,58.6,58.6
VRLLOG,54.73,54.99
BCG,1.65,1.65
UFO,36.12,32.71
ARROWGREEN,29.86,29.86
ORICONENT,29.62,24.11
SYNGENE,53.35,52.43
RAMASTEEL,51.39,51.39
PKTEA,17.99,17.99
ARVSMART,56.49,56.49
NAVKARCORP,267.23,267.23
GUJGASLTD,32.58,33.88
COFFEEDAY,,6.64
BALAXI,,18.68
TTKHLTCARE,33.03,33.03
SALZERELEC,25.97,25.97
LALPATHLAB,60.54,60.54
OCCL,13.27,13.27
HITECH,41.45,41.45
VIDHIING,63.81,63.81
KELLTONTEC,,17.77
HCG,121.83,130.96
INFIBEAM,53.45,53.45
CROMPTON,56.97,56.97
SHRIPISTON,18.91,18.91
BLS,39.51,39.51
PREMEXPLN,94.33,94.33
MAHASTEEL,35.03,43.07
MGL,9.91,9.91
MOLDTECH,24.02,24.02
GPTINFRA,24.09,24.09
QUESS,30.23,27.71
SOMICONVEY,35.05,35.05
ADVENZYMES,29.61,27.57
DBL,29.44,321.89
NDGL,9.86,9.86
RBLBANK,11.66,11.66
BIGBLOC,52.19,52.19
LTTS,36.84,36.84
GNA,16.66,16.66
HPL,57.13,57.13
MAZDA,16.98,16.98
VBL,84.53,84.53
KINGFA,18.97,18.97
NBIFIN,53.88,53.88
SFL,44.62,55.13
LAURUSLABS,137.09,137.09
ITDC,79.17,79.09
HISARMETAL,16.28,16.28
SPCENET,137.52,137.52
BHANDARI,19.26,19.26
BSE,49.42,101.4
JITFINFRA,26.79,32.42
DMART,114.07,114.07
INTENTECH,15.92,15.92
NRAIL,5.6,5.6
BHAGYANGR,7.22,7.22
STARCEMENT,29.82,29.82
ERIS,31.28,31.28
STEELXIND,132.16,132.16
SALASAR,64.15,63.54
MAGADSUGAR,7.56,7.56
SIS,36.35,36.35
APEX,44.36,44.36
CAPACITE,21.72,21.72
TCPLPACK,19.05,19.05
TIINDIA,60.4,60.41
IFGLEXPOR,26.84,26.84
DNAMEDIA,.36,
APOLLO,102.37,102.37
GMMPFAUDLR,30.51,30.51
SUNDARMHLD,32.07,32.07
SANDHAR,28.08,28.78
MIDHANI,87.38,87.38
CHEMFAB,28.76,28.76
ADANIGREEN,305.86,245.27
FINEORG,33.33,33.3
VARROC,16.5,16.5
CREDITACC,14.52,14.52
SIGIND,15.82,15.82
TECHNOE,48,48
DALBHARAT,38.81,38.81
CHALET,59.58,59.58
PFIZER,37.98,38.44
DEEPAKFERT,15.42,15.42
COROMANDEL,22.96,22.96
ASIANPAINT,50.99,50.99
TATACHEM,69.78,21.19
VIPIND,129.03,204.38
AEGISCHEM,36.6,36.6
JTEKTINDIA,42.71,45.28
ASHIMASYN,6.4,6.4
UNIVCABLES,58.3,58.3
MURUDCERA,50.72,50.72
EIHAHOTELS,27.09,27.09
IDBI,15.64,15.64
DHAMPURSUG,10.51,10.51
FMGOETZE,16.06,16.06
GILLETTE,60.1,60.1
AARTIIND,53.19,53.19
KSB,76.66,76.66
HEG,37.48,37.48
TATAINVEST,101.7,101.7
IPCALAB,59.9,65.3
GSFC,15.33,15.33
EIDPARRY,7.3,7.3
BIRLACORPN,26.24,26.63
ASHAPURMIN,13.88,21.45
TNPL,8.18,8.18
NATCOPHARM,13.16,13.16
GARFIBRES,33.81,33.81
SKFINDIA,53.67,53.67
SILINV,17.72,17.72
ZENITHEXPO,312.44,312.44
SANGAMIND,43.48,37.98
CREST,16.83,16.83
TVSSRICHAK,28.97,27.62
DYNAMATECH,43.17,82.67
KOTHARIPET,11.73,11.68
INDNIPPON,24.9,24.9
KCPSUGIND,6.06,6.8
AXISCADES,61.16,61.16
HIKAL,50.44,50.44
MCDOWELL-N,60.5,60.06
ASAL,68.21,68.21
SURANAT&P,27.66,27.66
GENESYS,232.32,232.32
KKCL,27.27,27.27
SUNTV,13.79,13.79
GPIL,13.41,13.6
EMKAY,12.8,12.8
BALPHARMA,25.75,25.75
SWELECTES,30.6,64.63
RATNAMANI,36.19,36.19
JKLAKSHMI,18.92,19.17
ALLCARGO,45.05,59.25
EMAMILTD,36.69,36.45
VOLTAMP,52.94,52.94
SELAN,26.6,26.6
ANANTRAJ,47.88,47.88
HOVS,29.2,29.2
TALBROAUTO,18.95,27.41
GEECEE,18.81,18.81
JMFINANCIL,277.27,7.61
GESHIP,5.62,5.62
MANALIPETC,71.94,63.33
DONEAR,15.78,15.78
RUCHIRA,7.52,7.52
HIRECT,96.55,68.99
PARACABLES,27.47,27.47
AVTNPL,23.92,23.92
TIDEWATER,23.88,23.88
LUMAXTECH,19.79,19.79
WANBURY,8.69,16
PITTIENG,31.65,31.65
IZMO,17.21,17.21
PGIL,15.86,15.81
FSL,25.48,25.48
SMSPHARMA,34.21,34.21
LAOPALA,26.36,26.36
NCLIND,9.62,9.62
ICRA,33.77,33.77
BFUTILITIE,15.21,15.21
ALPHAGEO,203.57,29.92
HILTON,37.57,37.57
INSECTICID,15.4,15.4
NAVINFLUOR,59.21,71.45
NAGREEKEXP,9.91,9.91
HGS,54.56,54.56
DLF,121.77,121.77
MEGASOFT,64.48,64.48
ALPA,10.29,10.32
KPRMILL,33.21,33.21
INDOWIND,31.16,27.22
KSCL,14.57,14.57
CENTUM,,378.45
DELTACORP,12.54,14.91
CERA,37.95,37.76
ADANIPORTS,36.16,34.78
EDELWEISS,12.2,12.2
JYOTHYLAB,41.22,41.22
HITECHCORP,16.72,16.72
ECLERX,21.22,21.17
BRIGADE,71.19,71.19
DVL,25.46,25.46
PATINTLOG,24.14,24.14
ARIES,16.35,16.35
AMBIKCO,13.42,13.42
CEATLTD,15.48,14.4
JKIL,15.28,15.28
KNRCON,11.6,11.6
HERCULES,40.55,40.55
ONMOBILE,48.24,48.24
IRB,42.77,42.77
NMDC,13.12,12.65
RECLTD,10.2,10.2
NESCO,16.61,16.61
BAJAJ-AUTO,33.65,33.65
ALMONDZ,12.1,29.95
RBL,16.66,16.28
LOTUSEYE,42.31,42.71
UBL,118.47,118.47
20MICRONS,11.14,10.91
TATAMTRDVR,1.01,.99
COUNCODOS,27.65,27.65
AJMERA,23.13,23.13
VINATIORGA,52.53,52.53
NHPC,25.23,25.23
SUNTECK,98.29,98.29
DEN,10.96,10.96
SARDAEN,15.25,15.19
AHLUCONT,21.66,34.8
GODREJPROP,105.2,105.2
MMTC,154.5,219.18
VASCONEQ,26.57,26.57
DBREALTY,7.64,8.13
MANINFRA,24.84,24.84
PERSISTENT,49.55,49.55
KSL,19.04,19.04
SJVN,57.91,62.29
UMESLTD,87.64,87.64
HMVL,74.77,74.77
BLISSGVS,13.22,6.23
AHLEAST,7.8,10.2
UGARSUGAR,37.43,37.43
ADFFOODS,31.95,31.95
WELINV,97.73,97.73
CAREERP,11.96,11.96
GREENPOWER,50.06,58.4
WABAG,23.39,22.73
OBEROIRLTY,34.33,34.33
COALINDIA,9.27,9.27
GRAVITA,30.72,30.72
JAMNAAUTO,23.47,23.47
ZEELEARN,1.43,5.36
RKDL,,232.61
PSB,68.58,68.58
KICL,40.39,65.14
JUBLINDS,62.91,29.34
TEXRAIL,83.02,83.02
DHUNINV,10.61,10.61
LOVABLE,30.64,30.64
SYMPHONY,50.23,49.83
VSTTILLERS,23.49,23.49
DHANUKA,23.91,23.91
RUSHIL,20.65,20.65
INVENTURE,18.25,15.12
ASAHISONG,28.27,
BROOKS,133.16,133.16
TDPOWERSYS,43.26,43.26
APLLTD,30.03,30.03
PGEL,48.18,48.18
PANAMAPET,11.29,11.29
PAISALO,31.39,31.45
TRITURBINE,70.12,70.12
INDOTHAI,20.05,20.05
DSSL,30.06,30.06
POLYMED,66.54,66.69
VIKASECO,76.04,76.04
KANANIIND,115.43,115.43
MINDACORP,44.57,44.57
DBSTOCKBRO,18.24,18.24
SCHNEIDER,98.6,96.72
NBCC,59.68,45.2
TBZ,12.8,12.8
VSSL,26.95,26.95
SPECIALITY,28.03,28.03
MAYURUNIQ,19.1,19.1
ZUARI,4.81,4.81
CARERATING,29.77,29.77
REPCOHOME,7.45,7.45
JUSTDIAL,21.88,21.88
ATULAUTO,199.68,199.68
ORIENTCEM,24.77,24.77
IBULHSGFIN,6.35,6.35
ORBTEXP,14.9,14.9
JPOLYINVST,23.92,23.92
BUTTERFLY,184.97,151.18
HATSUN,83.37,83.37
GOCLCORP,38.15,39.88
SHARDACROP,113.16,113.16
CIGNITITEC,21.78,21.78
GOODLUCK,20.5,20.5
APOLSINHOT,37.72,37.72
GRPLTD,51.89,47.68
