SERIES,SYMBOL,SECURITY,RECORD_DT,BC_STRT_DT,BC_END_DT,EX_DT,ND_STRT_DT,ND_END_DT,PURPOSE
BE,KSB,KSB Pumps Ltd-Depo, ,14/06/2024,26/06/2024,13/06/2024, , ,AGM/DIV - RS 17.5 PER SH 
BE,TRIDENT,Trident Limited,28/05/2024, , ,28/05/2024, , ,INTDIV - RE 0.36 PER SH  
BE,ANANDRATHI,Anand Rathi Wealth Ltd,03/06/2024, , ,03/06/2024, , ,BUYBACK                  
BE,PONNIERODE,Ponni Sugars (Erode) Ltd., ,24/05/2024,05/06/2024,22/05/2024, , ,AGM/DIV - RS 7 PER SH    
BE,CIEINDIA,Mahindra CIE Automative L, ,14/06/2024,20/06/2024,13/06/2024, , ,AGM/DIV - RS 5 PER SH    
BE,PAGEIND,Page Industries Limited,31/05/2024, , ,31/05/2024, , ,INTDIV - RS 120 PER SH   
BE,SUNDARMHLD,Sundaram Finance Hold Ltd,31/05/2024, , ,31/05/2024, , ,INTDIV - RS 3.65 PER SH  
BE,BALAXI,BALAXI PHARMA Ltd,30/05/2024, , ,30/05/2024, , ,FVSPLT FRM RS 10 TO RS 2 
BE,CRAFTSMAN,Craftsman Automation Ltd, ,21/05/2024,27/05/2024,17/05/2024, , ,AGM/DIV - RS 11.25 PER SH
BE,CMSINFO,CMS Info Systems Limited,28/05/2024, , ,28/05/2024, , ,DIV - RS 3.25 PER SH     
BE,AJANTPHARM,Ajanta Pharma Ltd,30/05/2024, , ,30/05/2024, , ,BUY BACK                 
BE,SESHAPAPER,Seshasaye Pap & Boards , ,23/05/2024,01/06/2024,22/05/2024, , ,AGM/DIV - RS 5 PER SH    
BE,ANANDRATHI,Anand Rathi Wealth Ltd,03/06/2024, , ,03/06/2024, , ,DIV - RS 9 PER SH        
BE,MUTHOOTFIN,Muthoot Finance Limited,01/06/2024, , ,31/05/2024, , ,INTDIV - RS 24 PER SH    
BE,PENINLAND,Peninsula Land Limited, ,30/05/2024,03/06/2024,29/05/2024, , ,EGM                      
BE,ADVANIHOTR,Advani Hot.& Res.(I) Ltd,01/06/2024, , ,31/05/2024, , ,INTDIV - RE 0.80 PER SH  
BE,IEX,Indian Energy Exc Ltd,31/05/2024, , ,31/05/2024, , ,DIV - RS 1.50 PER SH     
BE,NGIL,Nakoda Group of Ind. Ltd,30/05/2024, , ,30/05/2024, , ,RIGHTS 4:10@PRM RS 15/-  
BE,LTFOODS,LT Foods Limited,30/05/2024, , ,30/05/2024, , ,INTDIV - RS 0.50 PER SH  
BE,GLAXO,GlaxoSmithKline Pharmaceu,31/05/2024, , ,31/05/2024, , ,DIV - RS 32 PER SH       
BE,GPTINFRA,GPT Infraprojects Ltd,30/05/2024, , ,30/05/2024, , ,INTDIV - RE 1 PER SH     
BE,INFY,Infosys Limited,31/05/2024, , ,31/05/2024, , ,AGM/SPDV/DIV- RS 8 & 20  
EQ,BALAXI,BALAXI PHARMA Ltd,30/05/2024, , ,30/05/2024, , ,FVSPLT FRM RS 10 TO RS 2 
EQ,INFY,Infosys Limited,31/05/2024, , ,31/05/2024, , ,AGM/SPDV/DIV- RS 8 & 20  
EQ,PONNIERODE,Ponni Sugars (Erode) Limi, ,24/05/2024,05/06/2024,22/05/2024, , ,AGM/DIV - RS 7 PER SH    
EQ,PAGEIND,Page Industries Limited,31/05/2024, , ,31/05/2024, , ,INTDIV - RS 120 PER SH   
EQ,CRAFTSMAN,Craftsman Automation Ltd, ,21/05/2024,27/05/2024,17/05/2024, , ,AGM/DIV - RS 11.25 PER SH
EQ,ANANDRATHI,Anand Rathi Wealth Ltd,03/06/2024, , ,03/06/2024, , ,DIV - RS 9 PER SH        
EQ,PENINLAND,Peninsula Land Limited, ,30/05/2024,03/06/2024,29/05/2024, , ,EGM                      
EQ,GPTINFRA,GPT Infraprojects Ltd,30/05/2024, , ,30/05/2024, , ,INTDIV - RE 1 PER SH     
EQ,LTFOODS,LT Foods Limited,30/05/2024, , ,30/05/2024, , ,INTDIV - RS 0.50 PER SH  
EQ,IEX,Indian Energy Exc Ltd,31/05/2024, , ,31/05/2024, , ,DIV - RS 1.50 PER SH     
EQ,KSB,KSB Pumps Ltd., ,14/06/2024,26/06/2024,13/06/2024, , ,AGM/DIV - RS 17.5 PER SH 
EQ,CIEINDIA,Mahindra CIE Automative L, ,14/06/2024,20/06/2024,13/06/2024, , ,AGM/DIV - RS 5 PER SH    
EQ,CMSINFO,CMS Info Systems Limited,28/05/2024, , ,28/05/2024, , ,DIV - RS 3.25 PER SH     
EQ,NGIL,Nakoda Group of Ind. Ltd,30/05/2024, , ,30/05/2024, , ,RIGHTS 4:10@PRM RS 15/-  
EQ,TRIDENT,Trident Limited,28/05/2024, , ,28/05/2024, , ,INTDIV - RE 0.36 PER SH  
EQ,GLAXO,GlaxoSmithKline Pharmaceu,31/05/2024, , ,31/05/2024, , ,DIV - RS 32 PER SH       
EQ,MUTHOOTFIN,Muthoot Finance Limited,01/06/2024, , ,31/05/2024, , ,INTDIV - RS 24 PER SH    
EQ,ADVANIHOTR,Advani Hotels & Resorts (,01/06/2024, , ,31/05/2024, , ,INTDIV - RE 0.80 PER SH  
EQ,SUNDARMHLD,Sundaram Finance Hold Ltd,31/05/2024, , ,31/05/2024, , ,INTDIV - RS 3.65 PER SH  
EQ,ANANDRATHI,Anand Rathi Wealth Ltd,03/06/2024, , ,03/06/2024, , ,BUYBACK                  
EQ,SESHAPAPER,Seshasaye Pap & Boards , ,23/05/2024,01/06/2024,22/05/2024, , ,AGM/DIV - RS 5 PER SH    
EQ,AJANTPHARM,Ajanta Pharma Ltd,30/05/2024, , ,30/05/2024, , ,BUY BACK                 
GS,86GS2028,GOI LOAN 8.6% 2028,01/06/2024, , ,31/05/2024, , ,INTEREST PAYMENT         
GS,817GS2044,GOI LOAN 8.17% 2044,31/05/2024, , ,31/05/2024, , ,INTEREST PAYMENT         
GS,662GS2051,GOI LOAN 6.62% 2051,27/05/2024, , ,27/05/2024, , ,INTEREST PAYMENT         
IV,SEITINVIT,Sustainable Energy Infra,28/05/2024, , ,28/05/2024, , ,DISTRIBUTION - RS 1.0384 
IV,INDIGRID,India Grid Trust,30/05/2024, , ,30/05/2024, , ,DIV/DSTRIB RS 3.55 PR UT 
IV,PGINVIT,POWERGRID Infra. INVITs,28/05/2024, , ,28/05/2024, , ,DIV/DISTRIBTN RS 3 PR UT 
IV,NDRINVIT,NDR INVIT Trust,28/05/2024, , ,28/05/2024, , ,DISTRBTN - RE 1 PER UNIT 
N1,CREDITACC,Sec Re NCD 9.45% Sr. I,31/05/2024, , ,31/05/2024, , ,INTEREST PAYMENT         
N3,TATACAPHSG,Sec Red NCD 7.92% Sr.II,29/05/2024, , ,29/05/2024, , ,INTEREST PAYMENT         
N3,CREDITACC,Sec Re NCD 9.60% Sr. III,31/05/2024, , ,31/05/2024, , ,INTEREST PAYMENT         
N4,TATACAPHSG,Sec Red NCD 8.01% Sr.II,29/05/2024, , ,29/05/2024, , ,INTEREST PAYMENT         
N5,NIDO,Sec Red NCD 9.57% Sr. V,27/05/2024, , ,27/05/2024, , ,INTEREST PAYMENT         
N5,CREDITACC,Sec Re NCD 10% Sr. V,31/05/2024, , ,31/05/2024, , ,INTEREST PAYMENT         
N7,TATACAPHSG,Sec Red NCD 8.01% Sr.IV,29/05/2024, , ,29/05/2024, , ,INTEREST PAYMENT         
N8,TATACAPHSG,Sec Red NCD 8.10% Sr.IV,29/05/2024, , ,29/05/2024, , ,INTEREST PAYMENT         
N9,NAVIFIN,Sec Re NCD 10.00% Sr. I,29/05/2024, , ,29/05/2024, , ,INTEREST PAYMENT         
NA,NAVIFIN,Sec Re NCD 10.40% Sr.II,29/05/2024, , ,29/05/2024, , ,INTEREST PAYMENT         
NC,NAVIFIN,Sec Re NCD 10.65% Sr.IV,29/05/2024, , ,29/05/2024, , ,INTEREST PAYMENT         
NG,IBULHSG,Sec Re NCD 8.88% Sr II,27/05/2024, , ,27/05/2024, , ,INTEREST PAYMENT         
NH,IBULHSG,Sec Re NCD 9.25% Sr II,27/05/2024, , ,27/05/2024, , ,INTEREST PAYMENT         
NM,IBULHSG,Sec Re NCD 9.02% Sr V,27/05/2024, , ,27/05/2024, , ,INTEREST PAYMENT         
NN,IBULHSG,Sec Re NCD 9.48% Sr V,27/05/2024, , ,27/05/2024, , ,INTEREST PAYMENT         
NS,IBULHSG,Sec Re NCD 9.25% Sr VIII,27/05/2024, , ,27/05/2024, , ,INTEREST PAYMENT         
NT,IBULHSG,Sec Re NCD 9.71% Sr VIII,27/05/2024, , ,27/05/2024, , ,INTEREST PAYMENT         
NV,IBULHSG,Sec Re NCD 10.03% Sr X,27/05/2024, , ,27/05/2024, , ,INTEREST PAYMENT         
NY,IBULHSG,Sec Re NCD 9.8% Sr XII,27/05/2024, , ,27/05/2024, , ,INTEREST PAYMENT         
NZ,IBULHSG,Sec Re NCD 10.25% Sr XII,27/05/2024, , ,27/05/2024, , ,INTEREST PAYMENT         
U1,CREDITACC,Sec Re NCD 9.45% Sr. I,31/05/2024, , ,31/05/2024, , ,INTEREST PAYMENT         
U3,CREDITACC,Sec Re NCD 9.60% Sr. III,31/05/2024, , ,31/05/2024, , ,INTEREST PAYMENT         
U3,TATACAPHSG,Sec Red NCD 7.92% Sr.II,29/05/2024, , ,29/05/2024, , ,INTEREST PAYMENT         
U4,TATACAPHSG,Sec Red NCD 8.01% Sr.II,29/05/2024, , ,29/05/2024, , ,INTEREST PAYMENT         
U5,CREDITACC,Sec Re NCD 10% Sr. V,31/05/2024, , ,31/05/2024, , ,INTEREST PAYMENT         
U5,NIDO,Sec Red NCD 9.57% Sr. V,27/05/2024, , ,27/05/2024, , ,INTEREST PAYMENT         
U7,TATACAPHSG,Sec Red NCD 8.01% Sr.IV,29/05/2024, , ,29/05/2024, , ,INTEREST PAYMENT         
U8,TATACAPHSG,Sec Red NCD 8.10% Sr.IV,29/05/2024, , ,29/05/2024, , ,INTEREST PAYMENT         
U9,NAVIFIN,Sec Re NCD 10.00% Sr. I,29/05/2024, , ,29/05/2024, , ,INTEREST PAYMENT         
UA,NAVIFIN,Sec Re NCD 10.40% Sr.II,29/05/2024, , ,29/05/2024, , ,INTEREST PAYMENT         
UC,NAVIFIN,Sec Re NCD 10.65% Sr.IV,29/05/2024, , ,29/05/2024, , ,INTEREST PAYMENT         
UG,IBULHSG,Sec Re NCD 8.88% Sr II,27/05/2024, , ,27/05/2024, , ,INTEREST PAYMENT         
UH,IBULHSG,Sec Re NCD 9.25% Sr II,27/05/2024, , ,27/05/2024, , ,INTEREST PAYMENT         
UM,IBULHSG,Sec Re NCD 9.02% Sr V,27/05/2024, , ,27/05/2024, , ,INTEREST PAYMENT         
UN,IBULHSG,Sec Re NCD 9.48% Sr V,27/05/2024, , ,27/05/2024, , ,INTEREST PAYMENT         
US,IBULHSG,Sec Re NCD 9.25% Sr VIII,27/05/2024, , ,27/05/2024, , ,INTEREST PAYMENT         
UT,IBULHSG,Sec Re NCD 9.71% Sr VIII,27/05/2024, , ,27/05/2024, , ,INTEREST PAYMENT         
UV,IBULHSG,Sec Re NCD 10.03% Sr X,27/05/2024, , ,27/05/2024, , ,INTEREST PAYMENT         
UY,IBULHSG,Sec Re NCD 9.8% Sr XII,27/05/2024, , ,27/05/2024, , ,INTEREST PAYMENT         
UZ,IBULHSG,Sec Re NCD 10.25% Sr XII,27/05/2024, , ,27/05/2024, , ,INTEREST PAYMENT         

