GAIN_LOSS,SECURITY,CLOSE_PRIC,PREV_CL_PR,PERCENT_CG
 ,Nifty 50 Sec., , , 
 , , , , 
G,DIVI S LABORATORIES LTD,      4255.25,      4122.40,3.22
G,INDUSIND BANK LIMITED,      1465.10,      1441.80,1.62
G,AXIS BANK LIMITED,      1187.00,      1174.00,1.11
G,ADANI PORT & SEZ LTD,      1431.65,      1416.10,1.1
G,LTIMINDTREE LIMITED,      4892.05,      4839.75,1.08
G,BAJAJ FINANCE LIMITED,      6895.50,      6836.90,.86
G,LARSEN & TOUBRO LTD.,      3652.00,      3625.90,.72
G,HDFC BANK LTD,      1527.70,      1517.20,.69
G,HINDALCO  INDUSTRIES  LTD,       677.85,       673.25,.68
G,HINDUSTAN UNILEVER LTD.,      2384.50,      2369.05,.65
G,STATE BANK OF INDIA,       833.70,       828.60,.62
G,HCL TECHNOLOGIES LTD,      1353.30,      1345.20,.6
G,TECH MAHINDRA LIMITED,      1329.70,      1321.75,.6
G,BAJAJ AUTO LIMITED,      8998.70,      8948.20,.56
G,KOTAK MAHINDRA BANK LTD,      1711.00,      1703.45,.44
G,INFOSYS LIMITED,      1471.35,      1465.10,.43
G,APOLLO HOSPITALS ENTER. L,      5939.30,      5914.35,.42
G,TATA STEEL LIMITED,       175.50,       174.85,.37
G,BHARAT PETROLEUM CORP  LT,       656.05,       654.10,.3
G,DR. REDDY S LABORATORIES,      5872.70,      5865.75,.12
 , , , , 
L,ADANI ENTERPRISES LIMITED,      3289.05,      3384.95,-2.83
L,WIPRO LTD,       452.45,       463.65,-2.42
L,GRASIM INDUSTRIES LTD,      2390.65,      2441.00,-2.06
L,OIL AND NATURAL GAS CORP.,       277.65,       283.25,-1.98
L,SBI LIFE INSURANCE CO LTD,      1410.20,      1436.25,-1.81
L,EICHER MOTORS LTD,      4793.30,      4880.95,-1.8
L,NTPC LTD,       369.65,       374.95,-1.41
L,SUN PHARMACEUTICAL IND L,      1466.05,      1486.70,-1.39
L,COAL INDIA LTD,       494.45,       501.00,-1.31
L,MAHINDRA & MAHINDRA LTD,      2549.10,      2579.75,-1.19
L,ITC LTD,       431.50,       436.20,-1.08
L,RELIANCE INDUSTRIES LTD,      2932.50,      2960.50,-0.95
L,TATA CONSUMER PRODUCT LTD,      1087.90,      1098.25,-0.94
L,JSW STEEL LIMITED,       901.95,       908.65,-0.74
L,SHRIRAM FINANCE LIMITED,      2380.00,      2397.50,-0.73
L,MARUTI SUZUKI INDIA LTD.,     12906.10,     13000.45,-0.73
L,HERO MOTOCORP LIMITED,      5083.90,      5118.30,-0.67
L,BRITANNIA INDUSTRIES LTD,      5212.25,      5240.70,-0.54
L,CIPLA LTD,      1478.65,      1486.45,-0.52
L,BAJAJ FINSERV LTD.,      1595.80,      1601.70,-0.37
L,NESTLE INDIA LIMITED,      2459.90,      2467.75,-0.32
L,BHARTI AIRTEL LIMITED,      1384.35,      1388.50,-0.3
L,POWER GRID CORP. LTD.,       317.95,       318.80,-0.27
L,TITAN COMPANY LIMITED,      3403.40,      3412.40,-0.26
L,TATA MOTORS LIMITED,       958.50,       960.55,-0.21
L,ICICI BANK LTD.,      1129.80,      1131.95,-0.19
L,HDFC LIFE INS CO LTD,       564.25,       565.10,-0.15
L,ASIAN PAINTS LIMITED,      2872.30,      2874.75,-0.09
L,TATA CONSULTANCY SERV LT,      3847.05,      3849.50,-0.06
L,ULTRATECH CEMENT LIMITED,     10225.50,     10231.10,-0.05
 , , , , 
 ,Nifty Next 50 Sec., , , 
 , , , , 
G,REC LIMITED,       579.00,       554.05,4.5
G,POWER FIN CORP LTD.,       513.20,       491.65,4.38
G,SAMVRDHNA MTHRSN INTL LTD,       143.70,       140.15,2.53
G,PUNJAB NATIONAL BANK,       129.55,       126.45,2.45
G,BOSCH LIMITED,     31566.45,     30840.15,2.36
G,DABUR INDIA LTD,       567.40,       558.10,1.67
G,TORRENT PHARMACEUTICALS L,      2655.25,      2612.55,1.63
G,PIDILITE INDUSTRIES LTD,      3019.90,      2972.05,1.61
G,GODREJ CONSUMER PRODUCTS,      1328.95,      1310.35,1.42
G,SRF LTD,      2309.90,      2289.10,0.91
G,CHOLAMANDALAM IN & FIN CO,      1270.00,      1260.95,0.72
G,LIFE INSURA CORP OF INDIA,      1036.05,      1029.75,0.61
G,BANK OF BARODA,       270.55,       268.95,0.59
G,TVS MOTOR COMPANY  LTD,      2249.55,      2238.50,0.49
G,ZOMATO LIMITED,       183.65,       182.90,0.41
G,INDIAN RAILWAY FIN CORP L,       184.55,       184.00,0.3
G,DLF LIMITED,       842.50,       840.15,0.28
G,ADANI GREEN ENERGY LTD,      1929.50,      1926.65,0.15
G,INDIAN OIL CORP LTD,       168.90,       168.80,0.06
 , , , , 
L,AVENUE SUPERMARTS LIMITED,      4537.35,      4684.50,-3.14
L,ICICI LOMBARD GIC LIMITED,      1623.55,      1659.90,-2.19
L,UNITED SPIRITS LIMITED,      1157.70,      1178.35,-1.75
L,ZYDUS LIFESCIENCES LTD,      1058.50,      1076.00,-1.63
L,JIO FIN SERVICES LTD,       360.05,       365.40,-1.46
L,INFO EDGE (I) LTD,      6257.85,      6336.15,-1.24
L,ICICI PRU LIFE INS CO LTD,       572.90,       579.50,-1.14
L,GAIL (INDIA) LTD,       202.45,       204.45,-0.98
L,SBI CARDS & PAY SER LTD,       702.80,       709.55,-0.95
L,SIEMENS LTD,      7215.15,      7283.30,-0.94
L,JINDAL STEEL & POWER LTD,      1059.30,      1069.20,-0.93
L,BHARAT ELECTRONICS LTD,       294.45,       297.20,-0.93
L,ADANI TOTAL GAS LIMITED,       972.60,       979.75,-0.73
L,TRENT LTD,      4682.00,      4715.40,-0.71
L,INDIAN RAIL TOUR CORP LTD,      1101.25,      1109.05,-0.7
L,COLGATE PALMOLIVE LTD.,      2667.40,      2683.80,-0.61
L,BAJAJ HOLDINGS & INVS LTD,      7988.30,      8031.95,-0.54
L,HINDUSTAN AERONAUTICS LTD,      5142.35,      5166.65,-0.47
L,AMBUJA CEMENTS LTD,       632.50,       635.30,-0.44
L,ADANI POWER LTD,       704.85,       707.00,-0.3
L,ABB INDIA LIMITED,      8398.35,      8422.20,-0.28
L,BERGER PAINTS (I) LTD,       486.35,       487.70,-0.28
L,TATA POWER CO LTD,       446.05,       447.20,-0.26
L,MARICO LIMITED,       602.55,       604.00,-0.24
L,VEDANTA LIMITED,       459.70,       460.80,-0.24
L,ADANI ENERGY SOLUTION LTD,      1104.35,      1106.70,-0.21
L,CANARA BANK,       117.00,       117.20,-0.17
L,SHREE CEMENT LIMITED,     25415.20,     25456.45,-0.16
L,HAVELLS INDIA LIMITED,      1887.30,      1889.85,-0.13
L,VARUN BEVERAGES LIMITED,      1496.55,      1498.30,-0.12
 , , , , 
 ,OTHER SECURITIES, , , 
 , , , , 
G,AHLADA ENGINEERS LIMITED,       151.80,       126.50,20
G,TERA SOFTWARE LIMITED,        61.80,        51.50,20
G,ZF COM VE CTR SYS IND LTD,     16261.50,     13551.25,20
G,KRISHNA DEF AND ALD IND L,       546.50,       455.45,19.99
G,TRIDHYA TECH LIMITED,        35.70,        29.80,19.8
G,ASHIMA LTD,        28.55,        23.90,19.46
G,VINEET LABORATORIES LTD,        61.40,        53.35,15.09
G,PIL ITALICA LIFESTYLE LTD,        13.40,        11.75,14.04
G,VERANDA LEARNING SOL LTD,       175.75,       154.60,13.68
G,FINOLEX CABLES LTD,      1455.95,      1282.60,13.52
G,JOHNSON CONTROLS HITACHI,      1684.90,      1486.85,13.32
G,FIBERWEB INDIA LIMITED,        41.75,        37.40,11.63
G,AKG EXIM LIMITED,        23.60,        21.15,11.58
G,MM FORGINGS LTD,      1253.20,      1127.35,11.16
G,INDIAN OVERSEAS BANK,        74.50,        67.20,10.86
G,BALAXI PHARMA LTD,       709.40,       641.20,10.64
G,SUPREME POWER EQUIPMENT L,       192.55,       175.05,10
G,SONU INFRATECH LIMITED,        60.60,        55.10,9.98
G,ASTRA MICROWAVE LTD,       877.45,       800.00,9.68
G,BAWEJA STUDIOS LIMITED,        98.10,        89.50,9.61
G,AUTOMOTIVE STAMPINGS & AS,       896.55,       818.05,9.6
G,VINYAS INNOVATIVE TECH L,       831.10,       758.95,9.51
G,NAZARA TECHNOLOGIES LTD,       672.55,       614.35,9.47
G,SHAH METACORP LIMITED,         4.15,         3.80,9.21
G,ORIENTAL TRIMEX LTD,         9.75,         8.95,8.94
G,SEC RED NCD 9.7% SR.VII,      1171.00,      1075.00,8.93
G,INVENTURE GRO & SEC LTD,         2.45,         2.25,8.89
G,VISHNU PRAKASH R PUNGLI L,       174.55,       160.35,8.86
G,AARTI SURFACTANTS LIMITED,       217.00,       199.50,8.77
G,UDAYSHIVAKUMAR INFRA LTD,        57.95,        53.35,8.62
 , , , , 
L,AATMAJ HEALTHCARE LIMITED,        32.00,        39.95,-19.9
L,TECHNO ELEC & ENG CO. LTD,      1050.35,      1177.35,-10.79
L,TAX FREE 7.39% SR. IIA,      1097.80,      1225.00,-10.38
L,COMPUCOM SOFTWARE LTD,        29.85,        33.05,-9.68
L,AURANGABAD DISTILLERY LTD,       275.70,       304.00,-9.31
L,DIAMINES & CHEMICALS LTD,       499.90,       551.15,-9.3
L,VADILAL INDUSTRIES LTD,      4511.95,      4954.30,-8.93
L,SARDA ENERGY & MIN LTD,       241.25,       264.10,-8.65
L,UNIHEALTH CONSULTANCY LTD,       125.90,       137.65,-8.54
L,TRUST FINTECH LIMITED,       268.65,       293.65,-8.51
L,NUCLEUS SOFTWARE EXPORTS,      1252.05,      1365.00,-8.27
L,ORIENTAL CARBN & CHEM LTD,       689.85,       750.95,-8.14
L,EVEREST KANTO CYLINDERLTD,       128.70,       140.00,-8.07
L,KHADIM INDIA LIMITED,       320.85,       348.15,-7.84
L,SPECTRUM TALENT MGMT LTD,        87.20,        94.45,-7.68
L,FILATEX FASHIONS LIMITED,        12.90,        13.95,-7.53
L,NET AVENUE TECHNOLOGIES L,        18.25,        19.70,-7.36
L,LANDMARK CARS LIMITED,       670.55,       722.10,-7.14
L,CHEMFAB ALKALIS LIMITED,       546.25,       587.85,-7.08
L,KOLTE PATIL DEV. LTD.,       479.60,       514.85,-6.85
L,DIGIKORE STUDIOS LIMITED,       390.55,       419.20,-6.83
L,MAGSON RETAIL AND DIST L,        98.00,       105.05,-6.71
L,IKIO LIGHTING LIMITED,       270.80,       290.25,-6.7
L,ARISTO BIO T AND LIFESC L,        74.00,        79.25,-6.62
L,GRILL SPLENDOUR SER LTD,        75.65,        81.00,-6.6
L,INDO COUNT INDUSTRIES LTD,       364.35,       390.00,-6.58
L,TAJ GVK HOTELS & RESORTS,       362.00,       387.10,-6.48
L,ASHOKA METCAST LIMITED,        18.15,        19.40,-6.44
L,ARROW GREENTECH LIMITED,       535.10,       571.80,-6.42
L,BEARDSELL LIMITED,        39.60,        42.30,-6.38
