SYMBOL,SYMBOL P/E,ADJUSTED P/E
MMTC,223.47,411.92
WHIRLPOOL,86.44,81.44
JUBLFOOD,80.03,136.55
EMMBI,18.98,18.98
HATHWAY,60.19,60.18
MANINFRA,26.24,26.24
PERSISTENT,50.09,50.09
KSL,20.46,20.46
UMESLTD,58.9,58.9
IMFA,10.59,10.59
BAJAJCON,21.96,21.96
ADFFOODS,32.99,32.99
KILITCH,42.34,42.34
SASTASUNDR,26.49,26.24
GREENPOWER,53.76,62.72
BEDMUTHA,47.36,47.36
RESPONIND,60.55,60.55
PENIND,20.12,20.12
A2ZINFRA,10.4,
JUBLINDS,96.14,25.38
LOVABLE,43.1,43.1
PIIND,32.97,32.97
OMINFRAL,24.58,24.58
DELPHIFX,13.81,13.81
RUSHIL,19.36,19.36
IBULHSGFIN,6.68,6.68
MITCON,28.29,28.29
SREEL,23.44,23.44
WONDERLA,30.61,30.61
SNOWMAN,70.76,70.76
PDSL,28.72,29.32
GOODLUCK,23.08,23.08
APOLSINHOT,38.92,38.92
GREENLAM,52.42,52.42
HESTERBIO,91.59,91.59
IMAGICAA,11.96,12.64
LFIC,7.5,7.5
PRIVISCL,45.23,45.23
TPLPLASTEH,35.74,35.74
ORICONENT,30.48,24.81
ADANIENSOL,103.25,92.69
PKTEA,18.31,18.31
SHARDAMOTR,15.82,15.82
IDFCFIRSTB,18.67,18.67
TTKHLTCARE,33.21,33.21
LALPATHLAB,60.51,60.51
TEAMLEASE,44.86,46.21
KELLTONTEC,,18.27
HCG,217.4,217.4
WEALTH,20.15,20.15
SAGARDEEP,115.8,115.8
ALBERTDAVD,8.79,8.79
DMART,120.22,120.22
ARIHANTSUP,19.84,19.84
SHANKARA,20.38,20.38
WIPL,34.56,34.56
DEVIT,27.96,27.96
PANACHE,193.47,193.47
SCHAND,16.62,16.62
BHAGYANGR,7.67,7.67
GLOBE,15.4,15.4
ERIS,30.08,30.08
AUBANK,30.04,28.86
DYNPRO,92.33,92.33
SALASAR,65.71,65.08
THEINVEST,51.37,51.37
WEWIN,31.42,31.42
SMSLIFE,102.67,
ABCAPITAL,18.96,18.96
CHOLAHLDNG,5.47,5.47
DPWIRES,24.75,24.75
DIAMONDYD,38.4,37.84
GATECHDVR,15.65,15.65
GODREJAGRO,34.27,34.27
IEX,41.39,41.39
TIINDIA,62.44,62.45
SECURCRED,13.62,13.62
KHADIM,100.56,100.56
SILVERTUC,72.73,72.73
AMBER,88.54,88.54
SINTERCOM,313.2,313.2
ARVEE,277.26,277.26
UNIINFO,14.05,14.05
SUNDARMHLD,31.93,31.93
URAVI,289.58,289.58
ISEC,13.86,13.86
MMP,29.61,29.61
BSHSL,96.41,96.41
GODHA,111.3,111.3
E2E,67.74,67.74
BORORENEW,498.79,
SVLL,78.47,78.47
CONFIPET,23.84,23.84
INDIAMART,41.01,40.85
WEL,135.97,135.97
SPANDANA,11.04,11.04
HNDFDS,60.82,60.82
IRCTC,80.24,78.07
360ONE,36.82,36.82
HPIL,55.79,55.79
FLUOROCHEM,81.55,81.55
MGEL,17.65,17.65
SBICARD,28.02,28.02
CSBBANK,10.03,10.03
EASEMYTRIP,75.53,45.68
PRINCEPIPE,38.2,41.49
PATANJALI,67.69,67.69
ASALCBR,20.46,20.46
SUVENPHAR,43.39,43.39
STOVEKRAFT,48.09,48.09
HAPPSTMNDS,49.61,51.68
BOROLTD,55.82,55.82
PAVNAIND,39.26,39.26
KALYANKJIL,69.43,69.43
SHAREINDIA,14.42,14.4
ANGELONE,20.78,20.78
ROML,17.67,16.04
HERANBA,27.36,27.36
RVHL,66.94,66.94
FAIRCHEMOR,41.97,41.97
ISGEC,31.67,31.67
PAKKA,30.49,30.49
SHAILY,53.64,53.64
FIBERWEB,14.81,14.81
SBCL,37.09,37.09
IPL,31.22,31.22
LODHA,84.79,79.85
UTKARSHBNK,11.66,11.66
CRAFTSMAN,27.81,27.81
EXXARO,218.9,148.07
GLS,21.86,21.86
PFIZER,37.37,37.82
BOSCHLTD,36.53,49.41
DEEPAKFERT,14.27,14.27
MAHSEAMLES,10.59,10.56
COROMANDEL,22.14,22.14
VINDHYATEL,23.74,23.74
ASIANPAINT,50.83,50.83
PGHL,37.21,37.21
BEML,67.49,67.49
CENTENKA,28.22,28.22
VTL,21.48,21.48
FEDERALBNK,10.16,10.16
VIPIND,134.36,212.83
BIRLACABLE,32.78,32.78
HONAUT,91.63,91.63
PRECOT,26.76,42.57
SHREYANIND,3.72,3.72
APOLLOHOSP,105.08,105.24
NEULANDLAB,27.08,27.08
BERGEPAINT,50.14,50.31
IGARASHI,164.94,164.94
HSCL,42.05,42.05
ARENTERP,19.76,19.76
ADVANIHOTR,28.02,28.02
UNIVCABLES,57,57
MURUDCERA,45.33,45.33
PIDILITIND,86.31,83.91
SAIL,26.64,21.09
STYRENIX,19.03,19.03
CANFINHOME,13.1,13.1
DABUR,54.58,54.58
JAYSREETEA,23,
ESABINDIA,54.61,54.61
AARTIIND,54.06,54.06
KSB,78.61,78.61
GODFRYPHLP,29.59,29.59
SUDARSCHEM,15.62,49.8
HINDALCO,14.9,14.92
AMBUJACEM,33.19,34.77
CGPOWER,113.48,116.26
BEL,55.1,55.1
TTKPRESTIG,43.06,43.06
BIOFILCHEM,160.67,160.67
VISAKAIND,1050.03,1050.03
HITECHGEAR,18.13,51.5
PUNJABCHEM,23.64,23.64
THERMAX,95.17,105.19
RIIL,183.84,183.84
RAYMOND,22.81,21.72
SHREDIGCEM,17.76,17.76
SESHAPAPER,8.05,8.05
SUNDRMFAST,46.36,46.36
CRISIL,48.53,48.53
PEL,,31.25
MASTEK,24.53,24.34
TRENT,123.81,200.9
CUMMINSIND,79.14,79.06
JBCHEPHARM,46.83,46.83
INDIAGLYCO,15.62,15.62
IONEXCHANG,38.33,38.33
HIMATSEIDE,11.27,11.27
GFLLIMITED,.35,
BHARATFORG,80.96,80.35
ATUL,55.06,55.06
TATAMOTORS,10.26,10.03
MRPL,10.7,10.68
ESCORTS,40.8,40.8
BAJAJHLDNG,63.41,63.41
ZUARIIND,1.45,
VOLTAS,117.35,117.35
TATASTEEL,,53.14
SPIC,17.59,11.96
RELIANCE,25.47,25.47
DRREDDY,17.59,17.59
CARBORUNIV,72.72,72.72
DICIND,,100.56
RAMCOCEM,46.72,46.72
CENTURYTEX,111.76,42.22
TORNTPHARM,53.39,55.86
EPL,22.03,22.03
VLSFINANCE,4.03,4.03
BALRAMCHIN,15.42,15.42
WEIZMANIND,23.1,23.1
BBOX,35.12,23.73
RANEHOLDIN,19.81,9.27
ARE&M,27.26,26.18
ADANIENT,114.17,106.43
GET&D,174.3,174.3
BANARISUG,20.02,20.02
KPIL,38.65,38.65
JYOTISTRUC,108.85,108.85
JAYNECOIND,22.01,20.2
SOTL,17.52,17.52
WSI,15.94,15.76
SUNFLAG,28.83,28.83
SIEMENS,129.36,129.36
VSTIND,20.43,20.43
SOMANYCERA,29.68,29.61
HLVLTD,77.01,77.01
LIBERTSHOE,89.21,84.38
KABRAEXTRU,43.71,43.71
MANGLMCEM,41.62,41.62
POLYPLEX,30.93,30.93
PCBL,19.35,19.35
HONDAPOWER,28.06,29.26
RUBYMILLS,15.67,15.67
BRITANNIA,59.06,59
DCMSHRIRAM,34.37,34.37
COSMOFIRST,24.2,24.2
HDFCBANK,17.73,17.62
GMBREW,10.15,10.15
ITC,26.28,26.27
IOC,5.73,5.73
OSWALGREEN,137.43,137.43
HUHTAMAKI,5.86,22.89
RICOAUTO,42.61,40.73
IFBAGRO,85,85
MANINDS,22.09,22.09
SIYSIL,11.02,11.02
ONWARDTEC,26.56,26.56
NCC,24.08,23.42
ELGIEQUIP,51.21,63.96
BBTC,5.57,5.38
BEPL,18.75,18.75
BANARBEADS,23.35,23.35
S&SPOWER,40.4,39.49
PRUDMOULI,12.61,12.61
PRAJIND,34.25,34.25
EVERESTIND,105.93,156.38
KEEPLEARN,193.27,193.27
TFCILTD,16.51,16.51
AGI,17.68,17.68
TATACONSUM,80.43,69.39
ZEEL,73.23,258.82
FMGOETZE,17.74,17.74
ORIENTHOT,50.31,50.31
KANSAINER,18.79,33.11
3MINDIA,63.29,63.29
ANDHRAPAP,6.08,6.08
RALLIS,35.15,35.32
KOPRAN,22.31,22.31
SHREECEM,38.33,38.33
INGERRAND,65.68,65.68
HINDZINC,40.44,40.44
FINPIPE,45.75,45.75
DCW,98.95,93.3
HEUBACHIND,20.29,20.29
BAJFINANCE,29.3,29.3
NAVA,5.86,6.4
AUTOAXLES,17.32,17.32
DALMIASUG,11.22,11.22
KHAITANLTD,106.25,106.25
ANDHRSUGAR,18.55,18.11
STARPAPER,5.76,5.63
AUSOMENT,18.69,18.69
MARICO,52.05,52.05
MOTHERSON,44.42,42.7
SOMATEX,5.39,
STERTOOLS,24.44,24.56
WENDT,69.09,69.09
SHRIRAMFIN,12.19,12.19
MIRZAINT,47.64,47.64
GANESHHOUC,14.24,14.24
ALKYLAMINE,67.31,67.31
GUJRAFFIA,44.16,44.16
KOTHARIPET,12.3,12.25
BANKBARODA,7.55,7.55
INDNIPPON,28.87,28.87
BANKINDIA,9.26,9.26
HUDCO,24.47,24.47
SAREGAMA,46.68,46.68
ENGINERSIN,35.38,35.38
GMDCLTD,15.14,15.14
INDUSINDBK,12.5,12.5
TRIGYN,98.3,98.3
CUB,10.56,10.56
ARCHIES,31.85,31.85
AXISBANK,13.72,13.72
SONATSOFTW,47.09,4.04
KOKUYOCMLN,33.31,33.31
DHANBANK,18.71,18.71
IVC,30.11,30.11
NIPPOBATRY,113.92,113.92
HCLTECH,23.24,23.24
ZYDUSLIFE,28.26,28.2
NRBBEARING,13.91,32.46
KTKBANK,6.03,6.03
BLBLIMITED,39.4,39.4
TVSMOTOR,58.37,58.37
PNC,37.68,37.68
CHENNPETRO,5.36,5.36
GAEL,19.96,19.96
BALAJITELE,24.26,24.26
HIKAL,52.22,52.22
ACLGATI,222.83,
ASAL,64.34,64.34
PNB,16.72,16.72
UNIONBANK,8.71,8.71
GENESYS,238.77,238.77
DIVISLAB,68.4,68.4
BAGFILMS,14.71,14.71
TVSELECT,2170.69,2170.69
UNIENTER,26.41,26.41
PTC,12.08,12.08
MAHABANK,11.9,11.9
POONAWALLA,21.49,31.46
LT,32.02,32.16
ULTRACEMCO,42.3,41.98
GULFPETRO,13.24,13.24
NTPC,18.46,18.46
XCHANGING,96.85,96.85
JINDALPHOT,111.67,111.67
GOKEX,45.73,45.73
SHOPERSTOP,109.35,100.89
63MOONS,8.64,8.64
VHL,32.12,32.12
YESBANK,53.78,53.78
FCSSOFT,,73.71
AURIONPRO,42.56,42.56
AIAENG,31.02,31.03
ORIENTCER,29.32,34.57
EKC,16.1,15.78
ENIL,29.51,30.48
JAGRAN,11.53,11.53
BLKASHYAP,,31.27
KEI,66.56,66.54
SOLARINDS,103.66,103.66
SUNTV,13.69,13.69
EMKAY,12.26,12.26
BALPHARMA,44.67,44.67
KAMDHENU,28.14,28.14
EMAMILTD,32.96,32.74
TECHM,54.05,54.12
ATLANTAA,.45,3.19
ANANTRAJ,49.17,49.17
GEECEE,18.67,18.67
JMFINANCIL,271.19,7.45
INSPIRISYS,42.89,42.89
NAUKRI,112.99,105.3
TORNTPOWER,35.5,35.5
LTFOODS,12.99,12.99
HIRECT,270.57,64.54
HBLPOWER,61.43,60.64
TIDEWATER,24.56,24.56
PTL,23.88,23.88
UNOMINDA,65.67,67.32
ORIENTBELL,6619.22,6619.22
PFC,8.02,8.02
INDIANB,9.47,9.47
THEMISMED,79.41,79.41
DISHTV,,15.23
NDLVENTURE,194.82,194.82
WEBELSOLAR,,81.52
HGS,55.5,55.5
ISMTLTD,20.14,18.8
CIEINDIA,26.04,26.04
NAGREEKCAP,.52,.52
POWERGRID,19.02,19.02
MAANALU,18.88,18.88
BAJAJELEC,79.96,79.96
EDELWEISS,14.58,14.58
RGL,13.67,13.67
COLPAL,55.15,54.57
ECLERX,21.5,21.45
BRIGADE,115.4,117.12
MANAKSIA,6.95,6.34
DVL,27.58,27.58
ARIES,20.98,20.98
KAVVERITEL,.99,.97
CORDSCABLE,26.64,26.64
HERCULES,14.25,51.89
IRB,47.59,47.59
RECLTD,10.31,10.31
NESCO,16.87,16.87
TITAGARH,57.22,56.88
DIGISPICE,13.61,31.26
ALMONDZ,12.82,35.01
ARCHIDPLY,29.45,29.45
VINYLINDIA,30.08,30.08
ZFCVINDIA,63.24,63.24
JOCIL,99.42,99.42
ALKALI,107.44,89.49
TPHQ,21.16,21.16
MAWANASUG,10.06,10.06
GKWLIMITED,104.83,104.83
ADANIPOWER,13.09,13.09
OIL,11,11.05
RTNPOWER,.91,
ZYDUSWELL,40.87,38.81
REFEX,17.02,17.01
AHLUCONT,34.63,34.56
GODREJPROP,105.79,105.79
NESTLEIND,95.25,95.61
DBREALTY,8.66,9.23
LGBBROSLTD,14.6,14.88
ISFT,21.45,21.45
MANAPPURAM,6.95,6.95
HMVL,78.4,78.4
DEEPAKNTR,39.79,43
RAMKY,2.58,76.07
ASHOKA,8.91,10.29
JWL,64.88,64.88
SHAH,37.36,37.36
CGCL,49.15,49.15
JINDWORLD,92.64,92.64
KIRLOSENG,42.51,41.54
STEL,50.85,50.85
PFS,14.79,14.79
SYMPHONY,47.2,46.82
ASHIANA,46.87,46.87
LTF,16.95,16.95
ASAHISONG,143.17,
BROOKS,154.45,154.45
PANAMAPET,11.36,11.36
PAISALO,31.94,32
SHAKTIPUMP,38.13,38.13
INDOTHAI,20.72,20.72
JISLDVREQS,.72,.72
POLYMED,67.19,67.34
VIKASECO,78.07,78.07
MINDACORP,44.39,44.39
IRFC,37.41,37.41
COMPUSOFT,45.86,45.86
RHIM,,98.09
NDL,26.35,26.35
HEXATRADEX,8.84,8.84
VSSL,29,29
RTNINDIA,30.38,26.81
PROZONER,22.15,22.15
ROSSELLIND,142.39,141.44
TVSHLTD,11.79,11.77
VETO,13.38,13.38
INDUSTOWER,15.48,15.48
REPCOHOME,7.97,7.97
JUSTDIAL,22.18,22.18
ORIENTCEM,24.94,24.94
ORBTEXP,14.03,14.03
NATHBIOGEN,8.63,9.27
AGARIND,13.91,13.91
GULFOILLUB,16.15,16.15
INTELLECT,38.59,38.4
CCHHL,15.43,15.43
MOLDTKPAC,37.27,37.27
LINC,25.19,25.19
MENONBE,9.26,9.26
BYKE,59.63,59.63
VRLLOG,57.09,57.36
BCG,1.36,1.36
NILAINFRA,40.18,40.18
ALANKIT,26.28,26.28
SHYAMCENT,531.45,531.45
AYMSYNTEX,,383.02
MUTHOOTCAP,3.73,88.55
NAVKARCORP,270.45,270.45
INDIGO,20.1,20.1
SALZERELEC,28.87,28.87
ALKEM,41.39,37.61
QUICKHEAL,100.88,100.88
BHAGERIA,42.29,42.29
GOKULAGRO,15.31,15.31
PDMJEPAPER,12.13,12.13
HECPROJECT,18.26,18.26
THYROCARE,48.26,48.16
PARAGMILK,23.42,23.42
UNITEDPOLY,33.64,33.64
CONTROLPR,24.51,24.53
INCREDIBLE,30.55,30.55
DAMODARIND,21.01,21.01
POKARNA,19.63,19.63
LLOYDSENGG,89.93,89.93
LTIM,31.26,31.26
MINDTECK,26.87,26.87
DBL,31.01,339.11
MBAPL,85.19,85.19
CUPID,37.83,37.83
MARATHON,18.19,18.19
SAKAR,63.9,63.9
PANSARI,36.21,36.21
ARTNIRMAN,102.18,102.18
ENDURANCE,45.39,45.39
PNBHOUSING,13.72,13.72
KINGFA,19.09,19.09
TCIEXP,29.57,29.57
TERASOFT,12.34,11.3
LIBAS,18.4,18.4
MAHESHWARI,13.85,13.85
BHANDARI,19.85,19.85
MCL,88.57,88.57
PRICOLLTD,39.22,39.22
STEELCITY,12.85,12.85
KRISHANA,36.1,36.1
GLOBAL,13.37,13.37
SANGINITA,47.53,47.53
RADIOCITY,83.59,83.59
AIRAN,28.26,28.26
LAXMICOT,,101.09
EIFFL,122.96,122.96
CREATIVE,21.82,21.82
FOCUS,27.17,27.17
SIKKO,48.98,48.98
INFOBEAN,43.55,43.55
PSPPROJECT,21.49,21.49
TEJASNET,313.29,313.29
GTPL,17.3,17.3
ACEINTEG,307.39,307.39
MAGADSUGAR,7.89,7.89
TOTAL,155.05,155.05
OPTIEMUS,43.11,43.11
VAISHALI,27.83,27.83
GEEKAYWIRE,12.69,12.69
SERVOTECH,151.81,151.81
APEX,46.2,46.2
CAPACITE,29.82,29.82
WORTH,12.86,12.86
AARVI,18.27,18.27
AIROLAM,26.08,26.08
RKEC,11.16,11.16
JASH,44.98,44.98
TIRUPATIFL,27.32,27.32
DPABHUSHAN,46.58,46.58
NAM-INDIA,34.86,34.86
5PAISA,30.65,30.65
VERTOZ,171.12,171.12
ICEMAKE,40.35,40.35
SHRADHA,11.84,11.84
TOUCHWOOD,53.09,53.11
ONEPOINT,54.1,54.1
AJOONI,49.46,49.46
BCONCEPTS,64.51,64.72
APOLLO,106.55,106.55
GALAXYSURF,29.32,29.32
SOUTHWEST,35.74,35.74
ASTERDM,43.66,
SARVESHWAR,50.7,50.7
MACPOWER,76.64,76.64
BANDHANBNK,19.9,19.9
MITTAL,26.46,81.84
KAPSTON,26.79,26.79
AVG,20.59,20.59
AAKASH,20.81,20.81
SOFTTECH,127.36,127.36
ORIENTELEC,65.03,80.85
SIRCA,34.86,34.86
SONAMLTD,27.94,27.94
PRITI,20.96,20.96
VARROC,17.2,17.2
GANGAFORGE,57.42,69.69
REPL,23.03,23.03
AVROIND,31.85,31.85
HDFCAMC,41.94,41.94
TEMBO,23.67,23.67
AARON,44.8,44.8
SIGIND,15.67,15.67
SUMIT,31.15,31.15
RPPL,29.35,29.35
AKG,45.45,45.45
IRCON,28.96,28.96
AHLADA,11.98,11.98
RAJMET,20.05,20.05
KSHITIJPOL,67.59,
GRSE,46.8,46.8
KRITIKA,64.73,64.73
SILGO,21.43,21.43
VINNY,22.98,22.98
BBTCL,28.24,28.24
MARINE,77.86,77.86
IRISDOREME,53.6,53.6
ATGL,165.88,165.88
TECHNOE,63.8,63.8
UNIPARTS,17.14,17.14
SHRIRAMPPS,5.66,5.66
AWHCL,13.42,13.42
RPSGVENT,11.2,11.2
MSTCLTD,28.02,28.02
OSIAHYPER,22.57,22.45
ANUP,33.86,33.86
ARVINDFASN,60.48,57.97
PAR,19.83,19.83
RVNL,52.57,52.57
POLYCAB,55.72,55.72
METROPOLIS,78.59,78.59
KPITTECH,71,71
NEOGEN,107.86,107.86
EMAMIPAP,14.24,14.24
PPL,10.84,10.84
DGCONTENT,25.97,25.97
OAL,6333.13,6333.13
SATIA,5.26,5.26
AFFLE,57.91,57.91
CHEMCON,46.79,46.79
WESTLIFE,194.3,194.3
UJJIVANSFB,7.99,7.99
MAZDOCK,43.33,43.33
SAFARI,55.96,55.96
DCI,28.29,28.29
IIFLSEC,11.78,11.78
VISHWARAJ,22.77,22.77
GREENPANEL,26.35,26.35
KUANTUM,6.48,6.48
APOLLOPIPE,64.69,64.69
CHEMBOND,16.35,16.35
ROUTE,23.21,24.07
HOMEFIRST,23.29,23.29
SIGMA,20,20
EQUITASBNK,13.58,13.58
ROSSARI,29.4,29.4
HINDWAREAP,47.97,47.97
LIKHITHA,21.93,21.93
ARTEMISMED,48.89,48.89
SUMICHEM,66.2,66.2
ATALREAL,27.61,27.61
MAHEPC,224.14,174.1
UNIVPHOTO,12.04,12.04
BAFNAPH,19.88,19.88
POWERINDIA,286.05,286.05
KSOLVES,38.07,38.07
RAJRATAN,41.06,41.06
AARTISURF,26.34,26.34
GLAND,40.21,40.21
NDRAUTO,32.77,32.77
MAXHEALTH,72.54,72.54
AAATECH,38.65,38.65
BTML,36.74,36.74
UNIDT,50.32,50.32
SIGACHI,48.39,48.39
ADL,,1719.38
NIRAJ,18.13,12.25
CAMS,47.83,47.83
SURYODAY,9.68,9.68
UTIAMC,14.7,14.7
RAILTEL,55.85,58.05
BECTORFOOD,53.68,53.68
ORCHPHARMA,55.12,55.12
INDIGOPNTS,43.4,43.4
LXCHEM,57.67,57.67
MTARTECH,80.29,80.29
ANURAS,50.02,50.02
KANPRPLA,46.13,46.13
STYLAMIND,23.26,23.26
CLSEL,9,9
CARYSIL,39.39,39.39
MODISONLTD,18.88,23.18
BCLIND,15.39,15.32
BHAGCHEM,105.73,105.73
SMCGLOBAL,9.09,9.09
ARIHANTCAP,10.8,10.8
NAZARA,52.57,52.09
GENCON,15.75,15.75
HLEGLAS,57.96,54.7
SONACOMS,71.4,70.51
DRCSYSTEMS,24.82,24.82
PARAS,111.36,111.36
DODLA,31.54,31.54
JUBLINGREA,44.3,44.3
ROLEXRINGS,38.22,34.65
SHYAMMETL,16.84,16.84
KIMS,44.64,44.64
TATVA,84.56,84.56
CLEAN,59.74,59.74
ABSLAMC,19.43,19.43
ZOMATO,459.96,459.96
PIXTRANS,22.7,22.7
WINDLAS,22.1,22.1
KRSNAA,33.63,33.63
APTUS,25.25,25.25
SUPRIYA,24.48,24.48
VIJAYA,66.46,65.63
VINEETLAB,18.55,18.55
SANSERA,29.42,29.42
PRITIKAUTO,26.46,26.46
AAREYDRUGS,32.6,34.81
INTLCONV,8.39,8.39
HPAL,44.62,44.99
UGROCAP,21.87,21.87
YUKEN,84.45,84.45
SGIL,40.54,40.54
ANANDRATHI,75.38,75.38
SJS,25.77,25.77
FINOPB,27.04,27.04
POLICYBZR,866.49,866.49
NYKAA,1098.04,1098.04
AWL,262.79,210.09
MONARCH,15.99,15.99
SAPPHIRE,170.66,170.66
PRUDENT,49.11,49.11
EPIGRAL,27.05,27.05
NUVOCO,77.38,77.38
GOCOLORS,65,65
TRACXN,136.96,136.96
CMSINFO,20.17,20.17
FUSION,9.2,9.2
COASTCORP,215.9,215.9
TARSONS,40.96,40.96
MEDPLUS,190.48,190.48
TEGA,52.82,52.82
RATEGAIN,58.07,58.07
MANORG,126.57,126.57
LATENTVIEW,63.44,63.44
METROBRAND,75.25,75.25
MICEL,19.24,21.49
PASUPTAC,24.67,24.67
FOODSIN,23.16,23.13
PARADEEP,56.24,56.24
MAPMYINDIA,78.47,78.47
ABMINTLLTD,274.03,274.03
TMB,7.01,7.01
KRITI,26.16,26.16
MANYAVAR,60,60
GANESHBE,17.74,17.66
GVPTECH,159.79,159.79
DMCC,63.79,63.79
MEDICAMEQ,58.96,58.96
EMIL,46.9,46.9
SHIVALIK,43.87,43.87
DATAPATTNS,93.66,93.66
MEDANTA,66.53,66.53
AHL,23.42,23.42
MALLCOM,18.27,18.27
IRIS,48.15,48.15
ASIANENE,47.72,44.53
SMLT,21.07,21.07
NRL,50.32,50.32
RADIANTCMS,19.56,19.56
CHOICEIN,52.48,52.48
HARIOMPIPE,29.08,29.08
GRWRHITECH,20.3,20.3
DCMSRIND,18.34,18.34
RAJRILTD,365.4,365.4
EMUDHRA,85.45,85.45
DYCL,32.84,32.84
FIVESTAR,24.63,24.63
VIRINCHI,26.45,26.45
SBC,70.76,70.76
ELDEHSG,28.96,28.96
ELIN,65.6,65.6
SEJALLTD,101.18,101.18
MHLXMIRU,22.7,22.7
RELCHEMQ,50.76,50.76
GATEWAY,19.81,19.81
ZIMLAB,30.47,30.47
JTLIND,33.93,33.93
RAINBOW,57.89,57.89
AETHER,131.65,69.96
ROTO,37.25,37.25
INDOBORAX,14.1,14.1
RACE,230.56,230.56
AVONMORE,27.94,27.94
DREAMFOLKS,36.93,36.93
DHARMAJ,16.98,16.98
OBCL,155.85,155.85
GMRP&UI,93.49,
ACI,24.13,24.13
BIKAJI,52.87,52.87
SADHNANIQ,413.38,413.38
CHEVIOT,12.67,12.67
HMAAGRO,24.72,24.72
KFINTECH,51.36,51.36
DCXINDIA,48.61,48.61
AKSHAR,23.01,23.01
NGLFINE,33.7,33.7
SENCO,37.51,37.51
TRU,137.07,137.07
TIPSFILMS,204.92,204.92
SPLPETRO,37.48,37.48
CSLFINANCE,14.83,14.83
GENSOL,109.81,109.81
DBOL,17.26,17.26
SPORTKING,14.17,14.17
GRMOVER,16.93,16.93
SYNCOMF,47.9,47.87
SULA,45.23,45.23
BAIDFIN,18.03,18.03
KAMOPAINTS,77.12,77.12
SUKHJITS,13.78,13.78
MANKIND,42.9,42.9
DIVGIITTS,62.88,62.88
USK,14.11,14.11
MANOMAY,25.57,25.57
LLOYDSME,28.56,28.56
RHL,61.96,61.96
SAHYADRI,14.98,14.98
SBGLP,78.37,78.37
HYBRIDFIN,19.27,18.71
SAH,262.95,262.95
AKI,195.72,195.72
ATAM,42.28,42.28
LAL,48.85,48.85
REDTAPE,111.49,111.49
ASHOKAMET,39.59,39.59
PTCIL,427.2,427.2
GHCLTEXTIL,31.23,31.23
KIRLPNU,56.95,54.47
NIITMTS,28.4,27.9
TREL,4.58,43.17
MMFL,21.13,21.23
SKIL,.1,41.48
INDRAMEDCO,18.04,18.04
CONCOR,54.54,54.54
TAJGVK,32.62,32.62
AXISCADES,64.24,64.24
KHANDSE,254.38,254.38
LUPIN,38.02,38.02
BHARTIARTL,134.7,86.07
PONNIERODE,7.86,7.86
SURANAT&P,27.58,27.58
OFSS,29.47,29.47
CANBK,6.67,6.67
GODREJIND,42.77,42.77
RADICO,86,86
VARDHACRLC,25.19,25.19
JSL,21.56,22.21
WELSPUNLIV,20.73,20.73
IGL,19.64,19.64
TVTODAY,23.46,22.16
PETRONET,12.73,12.92
BIOCON,27.75,27.66
XPROINDIA,61.54,61.54
DATAMATICS,17.05,17.05
APARINDS,39.05,39.05
COFORGE,37.77,38.18
GUFICBIO,39.29,39.29
JBMA,126.62,126.62
PATELENG,17.51,23.17
JPPOWER,13.71,9.49
IIFL,8.34,8.34
CYBERMEDIA,12.75,11.37
GEOJITFSL,17.22,17.22
SPLIL,15.67,14.82
RML,445.57,12.3
IMPAL,16.92,16.92
DCBBANK,7.55,7.55
GESHIP,5.53,5.53
DONEAR,19.84,19.84
JINDRILL,18.05,18.05
TANLA,22,22
LUMAXTECH,23.58,22.35
PITTIENG,31.23,31.23
SMSPHARMA,42.17,42.17
ICRA,35.23,35.23
BFUTILITIE,12.93,12.93
TGBHOTELS,29.89,29.89
TIMETECHNO,19.4,19.4
TARMAT,118.15,118.15
ALPA,10.45,10.47
KPRMILL,33.99,33.99
MANGCHEFER,8.27,8.27
CERA,38.4,38.21
EXCEL,61.23,61.23
EXPLEOSOL,21.32,21.32
AMRUTANJAN,45.42,45.42
SHILPAMED,133.25,147.97
DLINKINDIA,15.67,15.67
WABAG,23.33,22.68
PRESTIGE,34.09,34.3
GRAVITA,30.67,30.67
MOIL,34.74,34.74
PSB,70.12,70.12
SUMMITSEC,20.66,20.66
HFCL,44.21,44.21
MUTHOOTFIN,15.84,15.84
DHANUKA,24.63,24.63
PILITA,59.77,59.77
AGRITECH,11.81,11.81
SDBL,31.66,31.66
CAPLIPOINT,21.46,21.46
SUPERHOUSE,15.34,15.34
GRPLTD,53.49,49.15
GANECOS,71.52,71.52
MANAKALUCO,33.25,33.25
AVANTIFEED,18.03,18.03
PNCINFRA,15.78,15.78
SATIN,5.73,5.73
SHREEPUSHK,15.39,15.39
SHK,30.26,24.82
PILANIINVS,29.52,29.52
OCCL,15.13,15.13
VIDHIING,66.61,66.61
SHRIPISTON,19.54,19.54
INTENTECH,16.73,16.73
CLEDUCATE,25.19,26.91
DNAMEDIA,.48,
GMMPFAUDLR,31.25,31.25
SANDHAR,30.76,31.52
MIDHANI,80.95,80.95
SUNPHARMA,36.97,35.44
HCC,13.7,
IVP,14.75,14.75
EICHERMOT,37.61,37.61
ZENSARTECH,21.25,21.25
ANIKINDS,40.66,40.66
BLUEDART,58.21,58.21
MUNJALSHOW,15.39,18.02
RANASUG,6.4,6.4
UFLEX,,16.52
SUBROS,41.53,41.53
WIPRO,21.77,21.77
TATACOMM,55.18,60.79
SANOFI,37.11,35.92
KAJARIACER,46.85,46.83
PRSMJOHNSN,51,
EIHAHOTELS,27.36,27.36
IDBI,16.28,16.28
HITECHCORP,17.86,17.86
TRIL,187.57,187.57
PATINTLOG,25.71,25.71
AMBIKCO,14.49,14.49
CEATLTD,15.62,14.53
BIRLAMONEY,13.73,13.73
JKIL,16.66,16.66
KNRCON,13.97,13.97
ONMOBILE,50.95,50.95
NMDC,12.2,13.88
NAHARCAP,12.9,12.9
VGUARD,62.12,62.12
DPSCLTD,99.92,99.92
BAJAJFINSV,16.39,16.39
BAJAJ-AUTO,33.57,33.57
RPGLIFE,27.94,27.94
RBL,17.85,17.45
RANEENGINE,23.6,17.64
LOTUSEYE,35.51,35.53
UBL,120.64,120.64
20MICRONS,10.92,10.7
TATAMTRDVR,1.06,1.03
COUNCODOS,26.43,26.43
HINDNATGLS,.73,.73
AJMERA,24.01,24.01
VINATIORGA,53.87,53.87
GLOBUSSPR,17.07,17.07
SARDAEN,18.3,18.22
JSWENERGY,61.46,61.46
HINDCOPPER,121.51,121.51
BEARDSELL,15.86,15.86
UNITEDTEA,10.86,10.86
VASCONEQ,26.99,26.99
THANGAMAYL,28.06,28.06
KIRLOSBROS,38.29,38.82
DEEPINDS,14.74,14.89
CARTRADE,59,59
DEVYANI,,483.26
ANMOL,10.12,10.12
AMIORG,102.1,46.1
BAJAJHCARE,,27.89
GRINFRA,13.45,13.45
STEELCAS,17.32,17.32
KPIGREEN,69.48,69.38
SYRMA,68.38,67.87
CAMPUS,98.07,98.07
VENUSPIPES,50.26,50.26
MEGASTAR,44.08,44.08
LANDMARK,52.15,50.5
ETHOSLTD,100.53,100.53
MSUMI,47.13,47.13
HARSHA,39.31,39.31
INDOAMIN,20.56,20.56
INOXGREEN,140.81,140.81
RITCO,19.15,19.15
HARDWYN,146.3,146.3
MEDICO,37.23,37.23
YATHARTH,31.88,31.88
KAYNES,115.35,115.35
AXITA,28.03,28.03
RADHIKAJWE,16.56,16.56
RAMRAT,30.09,30.09
RUSTOMJEE,98.67,98.67
GSLSU,62.25,62.25
MANORAMA,84.32,84.32
DJML,71.86,71.86
KRITINUT,11.56,11.56
AVALON,113.4,113.4
SCPL,26.72,26.72
SKYGOLD,48.33,48.33
SATINDLTD,3.85,3.85
IKIO,37.03,37.03
FAZE3Q,21.11,21.11
AARTIPHARM,24.95,24.95
NINSYS,74.03,74.03
ASMS,1.54,
CYIENTDLM,85.67,85.67
IDEAFORGE,66.94,66.94
POCL,14.9,25.86
NETWEB,158.08,158.08
ATL,45.23,45.23
SINDHUTRAD,20.17,20.17
SJVN,65.94,63.72
DIXON,152.53,152.53
MATRIMONY,24.3,24.3
TCPLPACK,19.86,19.86
MASFIN,18.82,18.82
IFGLEXPOR,27.41,27.41
SHALBY,36.87,36.87
NEWGEN,49.45,49.45
HGINFRA,18.52,18.92
BDL,117.12,117.12
HAL,45.5,45.5
LEMONTREE,73.96,73.96
CHEMFAB,31.77,31.77
INDOSTAR,24.37,24.37
ADANIGREEN,314.3,252.04
GAYAHWS,.19,
FINEORG,32.55,32.52
RITES,35.72,35.72
HBSL,2.06,2.06
CREDITACC,15.37,15.37
AAVAS,26.12,26.12
TREJHARA,15.69,56.46
DALBHARAT,39.36,39.36
CHALET,60.44,60.44
GUJAPOLLO,17.42,17.42
RAMCOIND,21.39,21.88
MADRASFERT,,72.95
SKMEGGPROD,7.93,7.93
ICICIBANK,17.68,17.68
REPRO,91.92,91.92
HAVELLS,93.2,93.2
TIPSINDLTD,43.25,43.25
TRIDENT,55.11,55.13
GODREJCP,,71.49
TCI,25.16,24.97
NIITLTD,36.36,36.14
WELENT,16.86,16.86
INDOCO,29.55,31.5
JSWSTEEL,24.3,25.63
SAKSOFT,29,29
WELCORP,17.7,17.7
JKPAPER,5.65,5.65
GRANULES,25.64,25.64
MSPL,49.74,43.72
IDFC,566.1,566.1
SASKEN,29.75,29.75
ALICON,13.98,13.98
MANALIPETC,70.24,61.84
SOBHA,375.92,375.98
PLASTIBLEN,19.3,19.3
AUTOIND,29.74,29.82
IZMO,17.12,17.12
PGIL,16.57,16.52
FSL,26.44,26.44
ASTRAL,105.79,105.79
NCLIND,10.05,10.05
PHOENIXLTD,43.24,43.24
SRHHYPOLTD,6.93,6.72
KMSUGAR,12.28,12.28
NELCAST,22.15,30.43
MEGASOFT,68.71,68.71
CENTRALBK,22.17,22.17
PURVA,204.57,204.57
KSCL,14.7,14.7
DELTACORP,12.86,15.3
BVCL,12.19,12.19
MHRIL,69.81,69.81
NHPC,25.58,25.58
DEN,11.84,11.84
DBCORP,12.25,12.25
KIRLOSIND,16.46,15.49
TI,32.22,31.55
BLISSGVS,13.69,6.45
AHLEAST,13.67,23.17
IITL,9.94,20.56
UGARSUGAR,12.14,12.14
GPPL,29.76,27.19
WELINV,97.89,97.89
CAREERP,28.87,28.87
CANTABIL,29.15,29.72
OBEROIRLTY,34.14,34.14
COALINDIA,9.63,9.63
IOLCP,16.23,16.23
JAMNAAUTO,25.3,25.3
KICL,40.32,65.01
HINDMOTORS,30.54,30.54
TEXRAIL,79.04,79.04
DHUNINV,13.58,13.58
VADILALIND,24.4,24.4
RELAXO,102.12,102.12
VSTTILLERS,23.92,23.92
KARMAENG,13.78,24.89
MAITHANALL,11.84,11.84
INVENTURE,20.59,18.07
WINDMACHIN,59.9,59.9
BODALCHEM,148.66,148.66
FILATEX,22.1,22.1
TDPOWERSYS,44.93,44.93
APLLTD,30.27,30.27
PGEL,49.42,49.42
TRITURBINE,69.46,69.46
ESSARSHPNG,1.97,54.28
DSSL,30.25,30.25
RUPA,29.61,28.49
APLAPOLLO,64.2,64.2
KANANIIND,125.63,125.63
DBSTOCKBRO,22.03,22.03
SCHNEIDER,121.05,118.74
NBCC,67.87,57.51
TBZ,13.78,13.78
SWANENERGY,33.36,30.61
SPECIALITY,29.74,29.74
KITEX,25.07,25.07
MAYURUNIQ,19.26,19.26
ZUARI,4.97,4.97
CARERATING,31.22,31.22
ATULAUTO,211.57,211.57
JPOLYINVST,3.24,3.19
CASTROLIND,21.75,21.75
BUTTERFLY,187.9,153.57
HATSUN,83.51,83.51
GOCLCORP,39.94,41.75
SHARDACROP,115.19,115.19
CIGNITITEC,21.71,21.71
MONTECARLO,14.47,14.47
FCL,35.94,35.94
GULPOLY,66.12,66.12
LAMBODHARA,42.69,42.69
GENUSPAPER,162.24,162.24
VISHNU,20.11,20.11
JMA,8.68,8.68
MANAKCOAT,38.7,38.7
ZENTEC,63.28,64.22
UFO,38.44,34.81
ARROWGREEN,29.46,29.46
SKIPPER,43.28,43.28
SYNGENE,53.2,52.28
RAMASTEEL,53.99,53.99
ARVSMART,58.7,58.7
POWERMECH,31.06,31.06
GUJGASLTD,33.57,34.92
COFFEEDAY,,7.38
BALAXI,,19.15
LUXIND,45.09,45.09
UMANGDAIRY,157.19,157.19
LINCOLN,12.18,12.18
NH,32.42,32.42
PRECAM,44.72,69.33
HITECH,44.62,44.62
NECCLTD,38.7,38.7
KDDL,22.97,23.02
BHARATWIRE,20.22,20.22
INFIBEAM,55.74,55.74
CROMPTON,57.17,57.17
ARMANFIN,13.65,13.65
BLS,40.49,40.49
ASPINWALL,32.14,32.14
SALONA,18.69,18.69
PREMEXPLN,113.56,113.56
MAHASTEEL,42.23,52.83
MGL,9.99,9.99
MOLDTECH,26.44,26.44
COMPINFO,1.06,1.06
GPTINFRA,25.57,25.57
QUESS,32.47,29.76
SOMICONVEY,35.47,35.47
ADVENZYMES,30.51,28.42
SPAL,16.72,16.72
NDGL,12.56,12.56
RBLBANK,12.25,12.25
BIGBLOC,56.41,56.41
LTTS,37.16,37.16
GNA,17.57,17.57
HPL,62.24,62.24
MASKINVEST,1036.78,1036.78
MAZDA,16.93,16.93
VBL,88.02,88.02
PODDARMENT,15.19,15.19
NBIFIN,57.4,57.4
KIOCL,663.57,663.57
SFL,45.5,56.22
LAURUSLABS,140.53,140.53
ITDC,81.69,81.61
HISARMETAL,16.84,16.84
SPCENET,153.88,153.88
BSE,52.81,108.36
JITFINFRA,52.6,52.6
TASTYBITE,65.78,65.78
URJA,404.72,404.72
NRAIL,5.85,5.85
DOLLAR,35.35,35.12
STARCEMENT,30.26,30.26
CDSL,53.3,53.3
STEELXIND,133.72,133.72
AVADHSUGAR,8.36,8.36
GANGESSECU,46.32,46.32
SIS,36.32,36.32
COCHINSHIP,64.22,64.22
ELECTCAST,13.39,13.39
KOTAKBANK,18.84,18.84
GOLDENTOBC,9.68,10.98
GABRIEL,31.27,31.27
PRAKASH,8.65,8.65
HEG,37.97,37.97
TATAINVEST,104.34,104.34
IPCALAB,54.21,59.32
GSFC,16.11,16.11
EIDPARRY,6.75,6.75
BIRLACORPN,26.41,26.81
ASHAPURMIN,16.17,19.51
TNPL,8.84,8.84
NATCOPHARM,14.3,14.3
GARFIBRES,32.44,32.44
SKFINDIA,56.17,56.17
SILINV,18.28,18.28
ZENITHEXPO,47.76,47.76
SANGAMIND,45.48,39.72
CREST,18.2,18.2
TVSSRICHAK,29.82,28.43
PENINLAND,12.54,20.95
WHEELS,35.25,35.25
ZODIACLOTH,27.97,
PREMIERPOL,19.95,19.95
SMLISUZU,30.42,30.42
FACT,317.43,118.44
EXIDEIND,45.74,45.74
ELECON,36.82,36.82
LAXMIMACH,44.03,44.03
ORIENTPPR,17.76,17.76
NELCO,72.78,72.78
MAHSCOOTER,43.46,43.46
LUMAXIND,50.48,50.48
KECL,85.94,85.94
KCP,8.53,8.51
JAYBARMARU,37.51,37.51
INFY,23.17,23.17
IFBIND,118.75,118.75
IGPL,38.57,38.57
GNFC,13.94,13.94
BPCL,5.5,5.37
BASF,34.04,34.04
ARVIND,26.7,26.84
ACC,21.09,23.75
SCI,20.01,20.01
LINDEINDIA,241.32,241.32
HINDPETRO,5.43,5.43
ASHOKLEY,23.09,22.64
TITAN,86.69,86.69
SUNDARMFIN,34.6,33.09
VEDL,22.74,34.07
SBIN,10.85,10.08
NOCIL,35.86,35.86
BATAINDIA,65.43,59.84
CHAMBLFERT,13.61,13.61
HINDOILEXP,9.58,9.58
BALMLAWRIE,26.69,26.69
ADORWELD,29.9,29.9
TATACHEM,72.5,22.02
ATFL,165.9,236.86
SUPREMEIND,72.2,72.2
SRF,50.8,50.8
AEGISCHEM,37.09,37.09
JTEKTINDIA,42.05,44.58
TATAELXSI,57.97,57.97
SANDESH,7.46,7.47
ASHIMASYN,4.75,4.75
BALKRISIND,39.99,39.99
INDBANK,26.42,26.42
RAJSREESUG,15.31,15.31
ONGC,6.62,6.47
TAINWALCHM,36.42,36.42
BSL,16.87,16.87
APCOTEXIND,38.67,38.67
RCF,38.09,45.33
KARURVYSYA,9.86,9.86
DECCANCE,19.6,19.6
TATAPOWER,46.06,49.78
THOMASCOOK,36.5,36.5
SPMLINFRA,41.81,41.81
BHARATRAS,66.08,66.04
TOKYOPLAST,73.55,51.65
IFCI,65.27,65.8
M&M,28.78,28.78
HEIDELBERG,29.35,29.35
3PLAND,30.37,30.37
OSWALAGRO,341.4,338.04
JINDALSAW,10.9,10.9
ABB,122.02,122.02
GRAPHITE,14.27,626.17
BBL,38.74,38.74
DHAMPURSUG,10.87,10.87
CIPLA,28.88,27.87
HEROMOTOCO,26.49,25.68
HARRMALAYA,,1230.69
GIPCL,14.23,14.23
INDIANHUME,22.27,22.27
HINDCOMPOS,18.46,18.46
WALCHANNAG,67.5,
KAMATHOTEL,14.69,49.36
BANCOINDIA,18.02,18.02
APOLLOTYRE,17.77,17.14
SHANTIGEAR,52.36,52.36
PRECWIRE,32.19,32.19
NILKAMAL,24.46,24.46
ICIL,22.67,22.67
SEAMECLTD,44.97,44.97
AUROPHARMA,22.71,21.98
EIHOTEL,59.95,52.66
LICHSGFIN,7.5,7.5
GICHSGFIN,7.87,7.87
MOREPENLAB,25.87,25.87
WSTCSTPAPR,4.27,4.23
VENKEYS,32.71,32.71
GHCL,6.25,8.19
HIL,51.99,972.75
BPL,36.19,36.19
PGHH,68.91,68.91
VESUVIUS,45.16,45.16
BOMDYEING,1.26,
NAVNETEDUL,17.67,19.25
GUJALKALI,6600.58,6600.58
GLAXO,69.8,62.32
CHOLAFIN,31.06,31.06
INDHOTEL,67.51,67.51
GILLETTE,57.96,57.96
FOSECOIND,32.41,37.26
SCHAEFFLER,80.24,79.94
AMJLAND,20.59,20.59
MFSL,84.71,84.71
GREAVESCOT,,234.85
SURYAROSNI,18.85,18.85
TIMKEN,79.42,79.42
SAKHTISUG,1.65,
AKZOINDIA,27.46,27.46
HINDUNILVR,54.12,54.14
GRASIM,16.34,15.7
FINCABLES,31.83,37.33
CESC,13.28,16.18
CORALFINAC,9.23,9.23
GREENPLY,42.3,48.85
REMSONSIND,60.4,58.84
SWARAJENG,21.96,21.96
MRF,26.7,26.7
TNPETRO,15.67,12.56
EIMCOELECO,30.68,30.68
JAYAGROGN,13.08,13.08
SAMBHAAV,68.05,90.07
KEYFINSERV,12.22,12.22
SUNDRMBRAK,30.22,30.22
AARTIDRUGS,26.38,26.38
INDIANCARD,23.61,
DENORA,43.94,43.94
DYNAMATECH,64.06,80.42
JAGSNPHARM,40.27,40.27
MPHASIS,29.07,29.07
RUCHINFRA,20.55,45.98
HERITGFOOD,38.28,38.28
GAIL,15.64,16.2
KCPSUGIND,8.85,8.66
INDSWFTLAB,2.03,8.75
FDC,26.43,26.43
ADROITINFO,13.83,13.83
JAICORPLTD,,114
MAHAPEXLTD,62.72,99.57
ASAHIINDIA,46.33,46.33
J&KBANK,8.1,8.1
KOTHARIPRO,225.64,225.64
SOUTHBANK,6.76,6.76
ASTRAZEN,108.12,98.19
ITDCEM,32.04,32.04
CYIENT,27.62,25.82
CYBERTECH,20.69,20.69
GOACARBON,9.31,9.31
SANGHVIMOV,26.37,26.37
STCINDIA,19.57,21.35
RSSOFTWARE,28.24,28.24
NATIONALUM,22.65,22.65
JINDALSTEL,18.35,18.35
ALEMBICLTD,28.58,28.58
BSOFT,27.36,27.36
ACCELYA,25.73,25.79
STAR,290.05,33.84
RAJESHEXPO,12.19,12.19
IOB,47.65,47.65
BIL,47.03,47.03
AJANTPHARM,37.38,37.38
BLUESTARCO,73.79,73.79
CALSOFT,925.08,925.08
PNBGILTS,27.06,29.39
NLCINDIA,17.31,17.31
KRBL,10.76,10.76
USHAMART,26.31,26.31
MRO-TEK,49.81,49.81
MARKSANS,23.86,23.86
SMARTLINK,42.09,42.09
JISLJALEQS,46.26,46.26
MCDOWELL-N,60.86,60.42
MPSLTD,22.32,22.32
OLECTRA,185.37,202
APTECHT,44.76,38.47
TIMESGTY,51.96,51.96
NUCLEUS,19.07,19.07
MARUTI,30.98,30.98
UCOBANK,41.17,41.17
NSIL,30.42,30.42
JAIBALAJI,18.3,18.3
DREDGECORP,64.3,63.23
UPL,,18.93
MUKANDLTD,22.29,22.29
VAIBHAVGBL,48.56,46.47
RKFORGE,37.12,37.11
CCL,30.55,30.55
EXCELINDUS,75.14,75.14
CENTEXT,22.95,21.84
TCS,30.21,29.75
TEXINFRA,384.11,384.11
ASTRAMICRO,69.66,69.66
KOTARISUG,15.8,15.8
DWARKESH,15.76,15.76
SUPRAJIT,38.54,38.54
CONSOFINVT,2.16,2.16
EVEREADY,58.57,58.57
ALLSEC,23.84,23.84
SSWL,5.28,15.21
SURYALAXMI,37.01,21.71
PRIMESECU,36.48,36.48
JSWHL,64.02,64.02
GENUSPOWER,163.8,163.8
NECLIFE,149.74,149.74
GOLDIAM,20.49,20.49
SUZLON,94.66,87.56
TRIVENI,19.1,19.1
NAHARINDUS,152.14,80.44
VIMTALABS,26.83,26.83
CELEBRITY,32.74,33.13
NITINSPIN,14.44,14.44
ROHLTD,22.35,22.35
GSPL,7.66,7.81
GVKPIL,6.03,6.03
SAKUMA,36.47,36.47
KEC,57.85,57.85
JKCEMENT,38.76,38.65
INDOTECH,36.36,36.36
M&MFIN,17.77,17.77
CENTURYPLY,44.58,44.58
VAKRANGEE,579.37,630.28
GALLANTT,28.97,28.97
UTTAMSUGAR,9.41,9.41
KKCL,28.33,28.33
GPIL,13.66,13.86
RSYSTEMS,41.29,41.29
LOKESHMACH,54.73,54.73
SWELECTES,30.95,65.35
RATNAMANI,37.09,37.09
PIONEEREMB,63.04,63.04
JKLAKSHMI,19.42,19.67
ALLCARGO,46.95,61.75
MUNJALAU,21.51,14.92
GRINDWELL,68.39,68.35
VOLTAMP,56.3,56.3
SELAN,29.41,29.41
ACE,52.67,52.67
HOVS,32.85,32.85
TALBROAUTO,19.52,28.24
FIEMIND,19.48,19.48
RUCHIRA,6.35,6.35
VENUSREM,13.62,13.62
PARACABLES,28.75,28.75
AVTNPL,24.2,24.2
SARLAPOLY,21.22,21.22
WANBURY,8.63,15.89
GANDHITUBE,19.93,19.93
TIIL,20.35,20.35
REDINGTON,13.02,13.02
TTL,50.69,50.69
PAGEIND,69.67,69.67
LAOPALA,26.73,26.73
JKTYRE,13.36,13.05
BALAMINES,30.56,30.56
BANSWRAS,15.43,15.43
AROGRANITE,39.09,39.09
FORTIS,54.87,55.95
ALPHAGEO,222.4,32.68
HILTON,30.36,30.36
INSECTICID,25.41,25.41
NAVINFLUOR,61.47,74.19
NAGREEKEXP,9.98,9.98
V2RETAIL,104.19,104.19
DLF,127.55,127.55
ADSL,18.24,18.24
MOTILALOFS,13.73,13.73
MAGNUM,11.3,11.3
CENTUM,,372.75
RELIGARE,20.29,42.64
ADANIPORTS,37.01,35.6
JYOTHYLAB,41.46,41.46
KALYANIFRG,34.53,34.53
