SYMBOL,SERIES,SECURITY,HIGH/LOW,INDEX FLAG
AAATECH,BE,AAA TECHNOLOGIES LIMITED,H
AILIMITED,ST,ABHISHEK INTEGRATIONS LTD,H
ALPSINDUS,BE,ALPS INDUSTRIES LTD.,H
APOLLO,EQ,APOLLO MICRO SYSTEMS LTD,H
ARCHIDPLY,BE,ARCHIDPLY IND. LTD,H
ARSSINFRA,BE,ARSS INFRA PROJ. LTD,H
ASMS,EQ,BARTRONICS INDIA LIMITED,H
ASTRON,BE,ASTRON PAPER BORD MIL LTD,H
AURUMPP1,E1,AURUM RS. 3.12 PPD UP,H
AZAD,EQ,AZAD ENGINEERING LIMITED,H
BANG,EQ,BANG OVERSEAS LTD.,H
BANKA,BE,BANKA BIOLOO LIMITED,H
BEDMUTHA,EQ,BEDMUTHA INDUST LTD,H
BGRENERGY,BE,BGR ENERGY SYSTEMS LTD,H
BIL,BE,BHARTIYA INETRNATIONAL LT,H
BINANIIND,EQ,BINANI INDUSTRIES LTD,H
BLAL,EQ,BEML LAND ASSETS LIMITED,H
BLUEPEBBLE,SM,BLUE PEBBLE LIMITED,H
BMETRICS,SM,BOMBAY METRICS S C LTD,H
BOHRAIND,BE,BOHRA INDUSTRIES LIMITED,H
BRIGHT,SM,BRIGHT SOLAR LIMITED,H
BRNL,BE,BHARAT ROAD NETWORK LTD,H
CADSYS,ST,CADSYS (INDIA) LIMITED,H
CGRAPHICS,SM,CREATIVE GRAPHICS S IND L,H
CMMIPL,ST,CMM INFRAPROJECTS LIMITED,H
CORDSCABLE,EQ,CORDS CABLE INDUS LTD.,H
CRAYONS,SM,CRAYONS ADVERTISING LTD,H
CREATIVEYE,BE,CREATIVE EYE LIMITED,H
DCMFINSERV,BE,DCM FINANCIAL SERVICES LT,H
DHRUV,BE,DHRUV CONSULTANCY SER LTD,H
DIGJAMLMTD,BE,DIGJAM LTD,H
DJML,BE,DJ MEDIAPRINT & LOG LTD,H
DNAMEDIA,BE,DILIGENT MEDIA CORP LTD.,H
DOLPHIN,BE,DOLPHIN OFF ENT (IND) L,H
DREDGECORP,EQ,DREDGING CORP OF INDIA,H
DUCON,BE,DUCON INFRATECHNOLOGIES L,H
EXCEL,EQ,EXCEL REALTY N INFRA LTD,H
FCONSUMER,BE,FUTURE CONSUMER LIMITED,H
FCSSOFT,EQ,FCS SOFTWARE SOLN. LTD.,H
FEL,BZ,FUTURE ENTERPRISES LTD,H
FSC,BZ,FUTURE SUPP CHAIN SOL LTD,H
GATECH,BE,GACM TECHNOLOGIES LIMITED,H
GAYAHWS,BE,GAYATRI HIGHWAYS LIMITED,H
GAYAPROJ,BZ,GAYATRI PROJECTS LTD,H
GET&D,BE,GE T&D INDIA LIMITED,H
GIRIRAJ,ST,GIRIRAJ CIVIL DEVP LTD,H
GLFL,BE,GUJARAT LEASE FINANCING L,H
GLOBE,EQ,GLOBE TEXTILES (I) LTD.,H
GMRP&UI,EQ,GMR POW AND URBAN INFRA L,H
GPTINFRA,BE,GPT INFRAPROJECTS LTD,H
GRCL,SM,GAYATRI RUBB AND CHEM LTD,H
GREENPOWER,BE,ORIENT GREEN POWER CO LTD,H
GTECJAINX,BE,G-TEC JAINX EDUCATION LTD,H
GTL,BE,GTL LTD,H
GTLINFRA,EQ,GTL INFRA.LTD,H
GVKPIL,EQ,GVK POW. & INFRA LTD.,H
HAVISHA,EQ,SRI HAVISHA HOSP & INFR L,H
HCL-INSYS,BE,HCL INFOSYSTEMS-DEPO SETT,H
HINDMOTORS,EQ,HINDUSTAN MOTORS LIMITED,H
HOMESFY,ST,HOMESFY REALTY LIMITED,H
HOVS,BE,HOV SERVICES LTD,H
HYBRIDFIN,EQ,HYBRID FINANCIAL SERVICE,H
ICDSLTD,BE,ICDSLTD,H
IFCI,EQ,IFCI LTD,H
INDIANHUME,EQ,INDIAN HUME PIPE CO. LTD.,H
INDOWIND,EQ,INDOWIND ENERGY LTD,H
INOXGREEN,EQ,INOX GREEN ENERGY SER LTD,H
ISHAN,SM,ISHAN INTERNATIONAL LTD,H
ISMTLTD,EQ,ISMT LIMITED,H
JAIPURKURT,BE,NANDANI CREATION LIMITED,H
JALAN,SM,JALAN TRANSOLU. INDIA LTD,H
JPPOWER,BE,JAIPRAKASH POWER VEN. LTD,H
KAVVERITEL,EQ,KAVVERI TEL. LTD.,H
KAYNES,EQ,KAYNES TECHNOLOGY IND LTD,H
KCEIL,SM,KAY CEE ENERGY & INFRA L,H
KCK,SM,KCK INDUSTRIES LTD,H
KDL,SM,KORE DIGITAL LIMITED,H
KECL,EQ,KIRLOSKAR ELECTRIC CO LTD,H
KIRIINDUS,EQ,KIRI INDUSTRIES LIMITED,H
KODYTECH,SM,KODY TECHNOLAB LIMITED,H
KRIDHANINF,BE,KRIDHAN INFRA LIMITED,H
KRISHIVAL,SM,KRISHIVAL FOODS LIMITED,H
LATTEYS,BE,LATTEYS INDUSTRIES LTD,H
LCCINFOTEC,BE,LCC INFOTECH LTD,H
MADHAV,BE,MADHAV MARBLE & GRANITE,H
MALUPAPER,BE,MALU PAPER MILLS LIMITED,H
MANAKCOAT,BE,MAN COAT METAL & IND LTD,H
MARINE,EQ,MARINE ELECTRICAL (I) LTD,H
MBECL,EQ,MCNALLY BH. ENG. CO.LTD,H
MEGAFLEX,SM,MEGA FLEX PLASTICS LTD,H
MEGASOFT,EQ,MEGASOFT LTD,H
MITTAL,BE,MITTAL LIFE STYLE LIMITED,H
MKPL,BE,M K PROTEINS LIMITED,H
MOIL,EQ,MOIL LIMITED,H
MOKSH,BE,MOKSH ORNAMENTS LIMITED,H
NAGREEKCAP,EQ,NAGREEKA CAP & INFR.LTD,H
NARMADA,BE,NARMADA AGROBASE LIMITED,H
NEXTMEDIA,EQ,NEXT MEDIAWORKS LIMITED,H
NKIND,EQ,NK INDUSTRIES LTD,H
OMKARCHEM,BZ,OMKAR SPL CHEM LTD,H
ONDOOR,SM,ON DOOR CONCEPTS LIMITED,H
OWAIS,SM,OWAIS METAL & MINERAL,H
PAISALO,EQ,PAISALO DIGITAL LIMITED,H
PARIN,SM,PARIN FURNITURE LIMITED,H
PRAKASHSTL,BE,PRAKASH STEELAGE LTD,H
PRAMARA,SM,PRAMARA PROMOTIONS LTD,H
PRATHAM,SM,PRATHAM EPC PROJECTS LTD,H
PRAXIS,BE,PRAXIS HOME RETAIL LTD,H
PRLIND,ST,PREMIER ROADLINES LIMITED,H
PVP,EQ,PVP VENTURES LIMITED,H
QUADPRO,SM,QUADPRO ITES LIMITED,H
RADAAN,EQ,RADAAN MEDIAWORKS (I) LTD,H
RBZJEWEL,EQ,RBZ JEWELLERS LIMITED,H
RCOM,BE,RELIANCE COMMUNICATIONS L,H
REFRACTORY,ST,REFRACTORY SHAPES LIMITED,H
REXPIPES,SM,REX PIPES AND CABLES LTD,H
ROML,BE,RAJ OIL MILLS LIMITED,H
RTNPOWER,EQ,RATTANINDIA POWER LIMITED,H
SADBHAV,BE,SADBHAV ENGINEERING LTD,H
SANDUMA,EQ,SANDUR MANG & IRON ORES L,H
SARTELE,SM,SAR TELEVENTURE LIMITED,H
SARVESHWAR,BE,SARVESHWAR FOODS LIMITED,H
SCHNEIDER,BE,SCHNEIDER ELECTRIC INFRA,H
SCML,SM,SHARP CHUCKS N MACHINES L,H
SECL,SM,SALASAR EXTERIOR CONT LTD,H
SEL,SM,SUNGARNER ENERGIES LTD,H
SEYAIND,BE,SEYA INDUSTRIES LIMITED,H
SHAKTIPUMP,EQ,SHAKTI PUMPS (I) LTD,H
SHRENIK,EQ,SHRENIK LIMITED,H
SHUBHLAXMI,SM,SHUBHLAXMI JEWEL ART LTD,H
SIDDHIKA,SM,SIDDHIKA COATINGS LIMITED,H
SIL,EQ,STANDARD INDUSTRIES LTD.,H
SMVD,ST,SMVD POLY PACK LIMITED,H
SOLEX,SM,SOLEX ENERGY LIMITED,H
SOMICONVEY,BE,SOMI CONVEYOR BELT. LTD.,H
SPECTRUM,SM,SPECTRUM ELECTRIC IND LTD,H
SUPREMEENG,BE,SUPREME ENGINEERING LTD,H
SUPREMEINF,BZ,SUPREME INFRA. LTD,H
TAC,SM,TAC INFOSEC LIMITED,H
TARC,EQ,TARC LIMITED,H
TCLCONS,EQ,TANTIA CONSTRUCTIONS LTD,H
TECHLABS,SM,TRIDENT TECHLABS LIMITED,H
TFL,BE,TRANSWARRANTY FIN. LTD.,H
TIL,BZ,TIL LTD,H
TIMESCAN,SM,TIMESCAN LOGISTICS IND L,H
TIRUPATI,SM,SHREE TIRUPATI BALAJEE,H
TVVISION,BE,TV VISION LIMITED,H
URAVI,BE,URAVI T AND WEDG LAMP LTD,H
URBAN,SM,URBAN ENVIRO WASTE MGMT L,H
URJA,EQ,URJA GLOBAL LIMITED,H
VARDMNPOLY,EQ,VARDHMAN POLYTEX LTD.,H
VASWANI,BE,VASWANI IND LTD,H
VISAKAIND,EQ,VISAKA INDUSTRIES LIMITED,H
VIVIANA,SM,VIVIANA POWER TECH LTD,H
VIVIDHA,BE,VISAGAR POLYTEX LTD,H
WALCHANNAG,EQ,WALCHANDNAGAR INDUSTRIES,H
WANBURY,EQ,WANBURY LIMITED,H
WEL,BE,WONDER ELECTRICALS LTD,H
WELINV,EQ,WELSPUN INV & COMM LTD,H
WINSOL,ST,WINSOL ENGINEERS LIMITED,H
WINSOME,BE,WINSOME YARNS LIMITED,H
WIPL,EQ,THE WESTERN INDIA PLY LTD,H
WOMANCART,SM,WOMANCART LIMITED,H
ABINFRA,SM,A B INFRABUILD LIMITED,L
ADROITINFO,EQ,ADROIT INFOTECH LIMITED,L
AGNI,SM,AGNI GREEN POWER LTD,L
AGUL,SM,A G UNIVERSAL LIMITED,L
AKSHAR,BE,AKSHAR SPINTEX LIMITED,L
ALPEXSOLAR,SM,ALPEX SOLAR LIMITED,L
ANKITMETAL,BE,ANKIT MET & POW LTD,L
ANTGRAPHIC,BE,ANTARCTICA LTD,L
ARHAM,ST,ARHAM TECHNOLOGIES LTD,L
ARTNIRMAN,BE,ART NIRMAN LIMITED,L
AURIONPRO,BE,AURIONPRO SOLN LTD,L
BANG,EQ,BANG OVERSEAS LTD.,L
BCG,BZ,BRIGHTCOM GROUP LIMITED,L
CLOUD,SM,VARANIUM CLOUD LIMITED,L
COUNCODOS,EQ,COUNTRY CONDO S LIMITED,L
EDUCOMP,BZ,EDUCOMP SOLUTIONS LTD,L
EMMIL,ST,ENERGY MISSION MACH IND L,L
EQUIPPP,BE,EQUIPPP SOC IMP TECH LTD,L
FCONSUMER,BE,FUTURE CONSUMER LIMITED,L
FELDVR,BE,FUTURE ENTERPRISES LTD,L
FLFL,BZ,FUT LIFESTYLE FASH LTD,L
GATECH,BE,GACM TECHNOLOGIES LIMITED,L
GAYAHWS,BE,GAYATRI HIGHWAYS LIMITED,L
GODHA,EQ,GODHA CABCON INSULAT LTD,L
GOENKA,BZ,GOENKA DIAMOND&JEWELS LTD,L
GOYALALUM,BE,GOYAL ALUMINIUMS LIMITED,L
GTLINFRA,EQ,GTL INFRA.LTD,L
IL&FSENGG,BZ,IL&FS ENG AND CONS CO LTD,L
IMPEXFERRO,BE,IMPEX FERRO TECH LIMITED,L
INCREDIBLE,EQ,INCREDIBLE INDUSTRIES LTD,L
INFOMEDIA,BE,INFOMEDIA PRESS LIMITED,L
KANANIIND,BE,KANANI INDUSTRIES LTD,L
KBCGLOBAL,EQ,KBC GLOBAL LIMITED,L
KEEPLEARN,BE,DSJ KEEP LEARNING LTD,L
LRRPL,SM,LEAD REC AND RUB PROD LTD,L
MACPOWER,BE,MACPOWER CNC MACHINES LTD,L
MANAKALUCO,BE,MANAK ALUMINIUM CO. LTD.,L
MANAKSTEEL,BE,MANAKSIA STEELS LTD,L
MANINDS,EQ,MAN INDUSTRIES (I) LTD.,L
MASKINVEST,BE,MASK INVESTMENTS LIMITED,L
MELSTAR,BZ,MELSTAR INFORMATION TECH,L
METALFORGE,BZ,METALYST FORGINGS LIMITED,L
MKPL,BE,M K PROTEINS LIMITED,L
MONOPHARMA,SM,MONO PHARMACARE LIMITED,L
MRO-TEK,EQ,MRO-TEK REALTY LIMITED,L
NETWEB,EQ,NETWEB TECH INDIA LTD,L
ORIENTCER,EQ,ORIENT CERATECH LIMITED,L
PRAXIS,BE,PRAXIS HOME RETAIL LTD,L
PRUDMOULI,BE,PRUDENTIAL SUGAR CORPORAT,L
RAJRILTD,BE,RAJ RAYON INDUSTRIES LTD,L
RCOM,BE,RELIANCE COMMUNICATIONS L,L
SAMPANN,BE,SAMPANN UTPADAN INDIA LTD,L
SANG-RE,BE,SANGINITA CHEMICALS LTD,L
SANGINITA,BE,SANGINITA CHEMICALS LTD,L
SECL,SM,SALASAR EXTERIOR CONT LTD,L
SEMAC,EQ,SEMAC CONSULTANTS LIMITED,L
SHAHALLOYS,EQ,SHAH ALLOYS LIMITED,L
SHANTI,BE,SHANTI OVERSEAS INDIA LTD,L
SHEETAL,ST,SHEETAL UNIVERSAL LIMITED,L
SILKFLEX,ST,SILKFLEX POLYMERS INDIA L,L
SLONE,ST,SLONE INFOSYSTEMS LIMITED,L
SMARTLINK,BE,SMARTLINK HOLDINGS LTD,L
SMVD,ST,SMVD POLY PACK LIMITED,L
SOMATEX,BE,SOMA TEXTILEI NDUSTRIES L,L
SPRL,ST,SP REFRACTORIES LIMITED,L
SRPL,BE,SHREE RAM PROTEINS LTD.,L
SUULD,EQ,SUUMAYA INDUSTRIES LTD,L
SWARAJ,SM,SWARAJ SUITING LIMITED,L
TAC,SM,TAC INFOSEC LIMITED,L
TAPIFRUIT,SM,TAPI FRUIT PROCESSING LTD,L
TARMAT,BE,TARMAT LIMITED,L
TRANSWIND,SM,TRANSWIND INFRA LIMITED,L
UNIINFO,BE,UNIINFO TELECOM SERVI LTD,L
VMARCIND,SM,V MARC INDIA LIMITED,L
WOMANCART,SM,WOMANCART LIMITED,L
