SYMBOL,SYMBOL P/E,ADJUSTED P/E
EDELWEISS,14,14
RGL,13.96,13.96
HITECHCORP,17.17,17.17
BRIGADE,100.55,102.04
DVL,28.27,28.27
KAVVERITEL,1.11,1.08
BIRLAMONEY,14,14
JKIL,15.73,15.73
ONMOBILE,51.29,51.29
NAHARCAP,13.12,13.12
VGUARD,63.11,63.11
DPSCLTD,98.21,98.21
TITAGARH,56.53,56.2
BAJAJFINSV,16.34,16.34
DIGISPICE,94.47,28.72
RPGLIFE,28.12,28.12
RBL,17.91,17.51
UBL,122.26,122.26
ZFCVINDIA,62.4,62.4
JOCIL,52.8,52.8
ALKALI,78.48,73.99
AJMERA,26.62,26.62
EXCEL,51.02,51.02
EXPLEOSOL,20,20
SARDAEN,16.92,16.88
JSWENERGY,60.79,60.79
MMTC,217.27,400.49
NESTLEIND,95.28,95.63
EMMBI,19.35,19.35
MANAPPURAM,7.68,7.68
TI,26.97,33.31
BAJAJCON,21.68,21.68
ADFFOODS,34.59,34.59
DEEPAKNTR,42.23,42.23
CANTABIL,27.06,27.59
OBEROIRLTY,32.44,32.44
CGCL,49.99,49.99
JINDWORLD,94.16,94.16
JUBLINDS,99.96,26.39
HFCL,41.13,41.13
LOVABLE,42.46,42.46
SYMPHONY,46.63,46.25
VSTTILLERS,24.12,24.12
RUSHIL,19.64,19.64
LTF,17.06,17.06
BROOKS,480.57,480.57
PGEL,52.41,52.41
TRITURBINE,71.42,71.42
DSSL,30.49,30.49
RUPA,31.66,31.66
KANANIIND,127.35,127.35
IRFC,34.12,34.12
RHIM,,94.22
SCHNEIDER,93.53,91.8
NBCC,63.44,53.77
TBZ,13.91,13.91
SWANENERGY,30.82,28.28
RTNINDIA,27.44,24.22
PROZONER,22.47,22.47
MAYURUNIQ,20.41,20.41
DUCON,43.87,43.87
TVSHLTD,11.15,11.13
CARERATING,31.72,31.72
INDUSTOWER,15.22,15.22
ATULAUTO,287.3,287.3
IBULHSGFIN,6.92,6.92
PILITA,58.5,58.5
SREEL,23.48,23.48
BUTTERFLY,185.87,151.91
HATSUN,85.05,85.05
SHARDACROP,118.58,118.58
CIGNITITEC,21.44,21.44
PDSL,28.37,28.96
APOLSINHOT,39.1,39.1
MOLDTKPAC,37.13,37.13
GANECOS,81.51,81.51
MANAKCOAT,37.51,37.51
PRIVISCL,46.17,46.17
UFO,110.45,85.96
ARROWGREEN,24.94,24.94
RAMASTEEL,55.51,55.51
ARVSMART,61.09,61.09
NAVKARCORP,271.93,271.93
COFFEEDAY,50.13,8.57
BALAXI,,20.01
KRIDHANINF,,155.55
OCCL,14.97,14.97
VIDHIING,67.17,67.17
KELLTONTEC,,18.89
WEALTH,22.49,22.49
INFIBEAM,57.58,57.58
SAGARDEEP,112.72,112.72
SHRIPISTON,19.77,19.77
UNITEDPOLY,27.34,27.34
BLS,40.11,40.11
CONTROLPR,26.41,26.43
INCREDIBLE,32.78,32.78
DAMODARIND,37.71,37.71
MOLDTECH,22.05,22.05
LLOYDSENGG,88.57,88.57
LTIM,30.82,30.82
GATECH,48.74,48.74
MINDTECK,31.69,31.69
SPAL,17.96,17.96
MBAPL,80.08,80.08
CUPID,35.89,35.89
MARATHON,18.22,18.22
JAIPURKURT,107.37,107.37
MASKINVEST,1339.03,1339.03
SAKAR,60.16,60.14
PANSARI,36.36,36.36
ARTNIRMAN,99.64,99.64
MAZDA,17.23,17.23
KINGFA,19.21,19.21
NBIFIN,57.06,57.06
SFL,51.78,54.2
LAURUSLABS,141.86,141.86
HISARMETAL,17.25,17.25
LIBAS,19.19,19.19
MAHESHWARI,14.26,14.26
BSE,54.52,111.86
MCL,88.24,88.24
STEELCITY,13.87,13.87
JITFINFRA,51.23,51.23
KRISHANA,33.11,33.11
GLOBAL,14.07,14.07
NITIRAJ,46.86,48.84
SANGINITA,50.72,50.72
AIRAN,29.11,29.11
ARIHANTSUP,20.52,20.52
CLEDUCATE,24.26,25.92
EIFFL,126.79,126.79
FOCUS,29.88,29.88
SIKKO,44.31,44.31
DOLLAR,53.84,53.32
INFOBEAN,45.17,45.17
STARCEMENT,29.36,29.36
GLOBE,18.15,18.15
AUBANK,30.08,28.91
SALASAR,63.37,62.77
GANGESSECU,44.61,44.61
TOTAL,157.71,157.71
WEWIN,31.8,31.8
COCHINSHIP,62.77,70.91
VAISHALI,29.76,29.76
SERVOTECH,155.95,155.95
CHOLAHLDNG,5.46,5.46
WORTH,12.68,12.68
AARVI,18.47,18.47
DIAMONDYD,33,32.59
RKEC,14.68,14.68
TIRUPATIFL,26.11,26.11
DPABHUSHAN,59.31,59.31
TIINDIA,61.46,61.47
SECURCRED,13.45,13.45
KHADIM,67.18,67.18
VERTOZ,78.2,78.2
SILVERTUC,68.96,68.96
ONEPOINT,52.14,52.14
AJOONI,63.3,63.3
MOKSH,14.16,14.16
NEWGEN,54.87,54.87
SOUTHWEST,37.09,37.09
GMMPFAUDLR,32.83,32.83
SARVESHWAR,64.86,64.86
UNIINFO,14.72,14.72
HAL,40.54,40.54
URAVI,379.66,379.66
KAPSTON,28.39,28.39
MIDHANI,75.27,75.27
MMP,30.11,30.11
NARMADA,28.04,28.04
BSHSL,99.24,99.24
ORIENTELEC,60.86,75.67
E2E,71.28,71.28
BORORENEW,504.52,
SIRCA,34.95,34.95
SVLL,79.02,79.02
SONAMLTD,38.92,38.92
PRITI,21.57,21.57
FINEORG,32.62,32.59
VARROC,17.25,17.25
GANGAFORGE,57.42,69.69
REPL,25.85,25.85
AVROIND,32.31,32.31
HDFCAMC,42.36,42.36
TEMBO,24.29,24.29
AARON,48.39,48.39
SIGIND,14.91,14.91
SUMIT,31.41,31.41
RPPL,29.71,29.71
AKG,27.77,27.77
AHLADA,15.9,15.9
RAJMET,20.86,20.86
AAVAS,25.64,25.64
KSHITIJPOL,70.9,
GRSE,37.71,37.71
SILGO,20.33,20.33
VINNY,24.08,24.08
BBTCL,27.65,27.65
MARINE,71.11,71.11
IRISDOREME,55.11,55.11
ATGL,153.53,153.53
UNIPARTS,16.76,16.76
SHRIRAMPPS,5.68,5.68
AWHCL,16.7,16.7
RPSGVENT,13.47,13.47
MSTCLTD,26.81,26.81
ANUP,34.77,34.77
ARVINDFASN,67.25,64.15
PAR,22.36,22.36
RVNL,42.48,42.48
POLYCAB,53.93,53.93
METROPOLIS,76.29,76.29
KPITTECH,69.99,69.99
NEOGEN,108.92,108.92
EMAMIPAP,14.56,14.56
CONFIPET,23.16,23.16
PPL,10.59,10.59
INDIAMART,42,41.83
OAL,6535.69,6535.69
SATIA,5.27,5.27
AFFLE,56.36,56.36
SPANDANA,11.32,11.32
HNDFDS,81.38,81.38
UJJIVANSFB,7.98,7.98
IRCTC,75.28,73.25
SAFARI,56.25,56.25
360ONE,34.17,34.17
HPIL,54.66,54.66
FLUOROCHEM,81.27,81.27
GREENPANEL,25.28,25.28
APOLLOPIPE,50.46,50.46
MGEL,16.12,16.12
SBICARD,28.19,28.19
HOMEFIRST,24.01,24.01
CSBBANK,10.45,10.45
EQUITASBNK,13.36,13.36
ROSSARI,29.69,29.69
PRINCEPIPE,39.98,43.42
LIKHITHA,22.62,22.62
PATANJALI,65.96,65.96
SUMICHEM,59.13,59.13
ASALCBR,21.11,21.11
UNIVPHOTO,12.05,12.05
SUVENPHAR,44.27,44.27
STOVEKRAFT,61.03,61.03
KSOLVES,38.63,38.63
HAPPSTMNDS,49.97,52.06
GLAND,44.5,42.28
BOROLTD,46.17,46.17
MAXHEALTH,78.07,78.07
PAVNAIND,36.71,36.71
KALYANKJIL,71.02,71.02
BTML,38.79,38.79
SHAREINDIA,15.14,15.11
SIGACHI,43.6,43.6
ADL,,1739.82
NIRAJ,34.06,15.04
CAMS,46,46
SURYODAY,9.72,9.72
UTIAMC,14.49,14.49
BECTORFOOD,55.9,55.9
ORCHPHARMA,43.18,62.48
INDIGOPNTS,45.13,45.13
LXCHEM,66.42,66.42
MTARTECH,69.16,69.16
ANURAS,43.14,43.14
KANPRPLA,47.56,47.56
STYLAMIND,23.44,23.44
CLSEL,8.93,8.93
SHAILY,63.18,63.18
MODISONLTD,18.95,23.27
BCLIND,15.43,15.37
BHAGCHEM,88.82,88.82
SMCGLOBAL,9.21,9.21
ARIHANTCAP,14.75,14.76
NAZARA,56.09,56.09
GENCON,15.61,15.61
HLEGLAS,58.68,55.38
SONACOMS,68.53,67.67
DRCSYSTEMS,28.04,28.04
PARAS,87.05,87.05
DODLA,41.17,41.17
EXXARO,197.06,133.3
ROLEXRINGS,30.97,30.97
SHYAMMETL,15.45,15.45
KIMS,42.48,42.48
TATVA,84.25,84.25
CLEAN,58.79,58.79
ABSLAMC,19.85,19.85
ZOMATO,490.89,490.89
WINDLAS,21.5,21.5
KRSNAA,33.98,33.98
APTUS,25.51,25.51
SUPRIYA,25.24,25.24
VIJAYA,67.25,66.42
VINEETLAB,18.61,18.61
SANSERA,32.17,32.17
PRITIKAUTO,28.59,28.59
AAREYDRUGS,33.41,35.68
INTLCONV,8.67,8.67
HPAL,45.2,45.57
UGROCAP,21.09,21.09
YUKEN,145.24,147.21
SGIL,43.62,43.62
ANANDRATHI,73.19,73.19
SJS,25.86,25.86
FINOPB,27.82,27.82
POLICYBZR,909.01,909.01
NYKAA,1287.67,1287.67
AWL,255.1,203.94
MONARCH,19.82,19.81
SAPPHIRE,170.07,170.07
PRUDENT,48.22,48.22
EPIGRAL,27.31,27.31
NUVOCO,76.95,76.95
GOCOLORS,65.93,65.93
TRACXN,32.35,32.35
CMSINFO,19.89,19.89
FUSION,9.53,9.53
COASTCORP,218.52,218.52
TARSONS,42.46,42.46
MEDPLUS,191.2,191.2
TEGA,57.14,57.14
RATEGAIN,65.97,65.97
MANORG,135.81,135.81
LATENTVIEW,60.6,60.6
METROBRAND,92.85,92.85
MICEL,72.06,126.7
PASUPTAC,30.48,30.48
FOODSIN,18.78,18.71
PARADEEP,57.67,57.67
MAPMYINDIA,79.59,79.59
ABMINTLLTD,274.66,274.66
TMB,6.87,6.87
KRITI,26.07,26.07
MANYAVAR,62.65,62.65
GANESHBE,17.65,17.56
GVPTECH,152.08,152.08
DMCC,63.73,63.73
MEDICAMEQ,59.12,59.12
EMIL,46.37,46.37
SHIVALIK,46.19,46.19
DATAPATTNS,100.07,100.07
MEDANTA,82.91,82.91
AHL,24.6,24.6
MALLCOM,18.41,18.41
IRIS,62.34,62.34
ASIANENE,49.17,45.88
SMLT,18.22,18.22
NRL,49.45,49.45
RADIANTCMS,17.82,17.82
CHOICEIN,51.22,51.22
HARIOMPIPE,31.09,31.09
GRWRHITECH,20.53,20.53
DCMSRIND,16.34,16.34
RAJRILTD,371.27,371.27
EMUDHRA,86.09,86.09
DYCL,33.75,33.75
FIVESTAR,25.95,25.95
VIRINCHI,27.99,27.99
SBC,70.27,70.27
DHRUV,31.86,31.86
ELDEHSG,29.08,29.08
ELIN,66.2,66.2
SEJALLTD,103.01,103.01
MHLXMIRU,24.57,24.57
RELCHEMQ,27.45,27.45
GATEWAY,20.07,20.07
SYRMA,56.9,56.47
ZIMLAB,32.05,32.05
JTLIND,33.7,33.7
CAMPUS,96.79,96.79
RAINBOW,61.89,61.89
VENUSPIPES,50.53,50.53
AETHER,91.6,87.7
ROTO,37.97,37.97
MEGASTAR,32.37,32.37
INDOBORAX,13.84,13.84
LANDMARK,43,41.09
RACE,207.42,207.42
AVONMORE,29.19,29.19
ETHOSLTD,102.36,102.36
DREAMFOLKS,35.03,35.03
MSUMI,48.14,48.14
DHARMAJ,17.51,17.51
HARSHA,35.78,35.78
OBCL,152.16,152.16
INDOAMIN,18.07,18.07
INOXGREEN,130,130
ACI,24.21,24.21
BIKAJI,73.68,73.68
RITCO,21.65,21.65
SADHNANIQ,314.4,314.4
HARDWYN,152.36,152.36
CHEVIOT,11.29,11.29
HMAAGRO,24.75,24.75
MEDICO,40.49,40.49
KFINTECH,50.94,50.94
YATHARTH,49.59,49.59
DCXINDIA,42.62,42.62
AKSHAR,12.88,12.88
KAYNES,89.47,89.47
NGLFINE,37.5,37.5
AXITA,28.54,28.54
SENCO,45.11,45.11
TRU,136.96,136.96
RADHIKAJWE,16.82,16.82
TIPSFILMS,220.3,220.3
SPLPETRO,37.29,37.29
RAMRAT,31.05,31.05
CSLFINANCE,14.92,14.92
GOYALALUM,68.52,68.52
RUSTOMJEE,98.91,98.91
GENSOL,97.52,97.52
DBOL,17.08,17.08
GSLSU,60.69,60.69
SPORTKING,14.51,14.51
MANORAMA,82.69,82.69
GRMOVER,16.32,16.32
SYNCOMF,71.12,71.05
DJML,88.31,88.31
SULA,44.91,44.91
KRITINUT,11.13,11.13
AVALON,74.27,74.27
BAIDFIN,18.03,18.03
KAMOPAINTS,76.05,76.05
SCPL,23.62,23.62
SUKHJITS,13.68,13.68
MANKIND,43.51,43.51
SKYGOLD,50.73,50.73
SATINDLTD,3.83,3.83
DIVGIITTS,57.43,57.43
USK,13.5,13.5
IKIO,34.55,34.55
MANOMAY,25.18,25.18
FAZE3Q,20.6,20.6
LLOYDSME,27.76,27.76
AARTIPHARM,25.39,25.39
SAHYADRI,14.65,14.65
NINSYS,75.78,75.78
SBGLP,119.21,119.21
ASMS,1.62,
HYBRIDFIN,14.49,14.07
SAH,266.44,266.44
CYIENTDLM,86.04,86.04
AKI,173.88,173.88
ATAM,40.89,40.89
IDEAFORGE,65.27,65.27
LAL,49.4,49.4
POCL,14.62,25.37
REDTAPE,113.59,113.59
ASHOKAMET,42.85,42.85
PTCIL,389.16,389.16
NETWEB,171.29,171.29
GHCLTEXTIL,32.32,32.32
KIRLPNU,59.81,57.2
ATL,54.88,54.88
NIITMTS,40.13,39.18
SINDHUTRAD,20.31,20.31
TREL,13.89,62.22
MAWANASUG,8.52,8.41
GKWLIMITED,76.67,76.67
ADANIPOWER,11.86,11.86
OIL,10.28,10.31
ZYDUSWELL,41.16,39.08
SHILPAMED,975.22,975.22
DLINKINDIA,16.63,16.63
DBCORP,14.15,14.15
BEARDSELL,16.66,16.66
WHIRLPOOL,91.88,91.88
JUBLFOOD,128.66,128.66
THANGAMAYL,27.05,27.05
HATHWAY,58.23,58.21
MANINFRA,26.11,26.11
PERSISTENT,49.71,49.71
KSL,19.38,19.38
UMESLTD,57.77,57.77
IITL,9.24,19.1
WELINV,94.25,94.25
CAREERP,29.16,29.16
ASHOKA,14.23,12.68
JWL,63.39,63.39
GRAVITA,26.77,26.77
A2ZINFRA,9.71,
SUMMITSEC,24.98,24.98
TEXRAIL,78.54,78.54
MUTHOOTFIN,15.86,15.86
OMINFRAL,24.06,24.06
DELPHIFX,13.74,13.74
MAITHANALL,12.09,12.09
ORIENTCEM,24.81,24.81
MITCON,51.58,51.58
JPOLYINVST,2.96,2.91
SDBL,26.98,26.98
CAPLIPOINT,23.47,23.47
GOODLUCK,22.75,22.75
CCHHL,15.09,15.09
VISHNU,17.79,17.79
LINC,25.02,25.02
MANAKSTEEL,13.76,14.4
IMAGICAA,11.79,12.46
VRLLOG,37.4,37.52
TPLPLASTEH,39.99,39.99
ORICONENT,31.3,25.48
ADANIENSOL,96.19,86.35
SATIN,6.09,6.09
SHREEPUSHK,16.73,16.73
SHK,29.35,24.07
SALZERELEC,31.33,31.33
ALKEM,40.38,36.69
HITECH,41.79,41.79
HECPROJECT,18.43,18.43
BHARATWIRE,18.94,18.94
PARAGMILK,24.72,24.72
ASPINWALL,31.95,31.95
SALONA,18.66,18.66
RADIOCITY,191,191
TASTYBITE,60.23,60.23
NRAIL,5.93,5.93
CREATIVE,32.01,32.01
DEVIT,27.78,27.78
MKPL,90.67,90.67
PANACHE,185.28,185.28
PSPPROJECT,17.28,17.28
TEJASNET,326.08,326.08
GTPL,17.48,17.48
ACEINTEG,312.49,312.49
STEELXIND,138.9,138.9
UNIVASTU,38.32,38.32
MAGADSUGAR,8.3,8.3
GTECJAINX,74.12,74.12
SIS,35.93,35.93
SMSLIFE,99.77,
GEEKAYWIRE,12.89,12.89
APEX,62.27,62.27
DIXON,135.49,135.49
CAPACITE,28.59,28.59
DPWIRES,25.28,25.28
AIROLAM,26.4,26.4
JASH,43.29,43.29
IEX,38.83,38.83
NAM-INDIA,33.03,33.03
5PAISA,29.8,29.8
ICEMAKE,43.55,43.55
SHRADHA,11.7,11.7
TOUCHWOOD,61.37,61.39
BCONCEPTS,65.28,65.49
APOLLO,114.45,109.54
SINTERCOM,313.44,313.44
ARVEE,285.81,285.81
HGINFRA,16.67,17.03
MACPOWER,79.59,79.59
MITTAL,23.07,71.35
ISEC,13.97,13.97
AVG,20.48,20.48
CHEMFAB,23.84,23.84
AAKASH,27.91,27.91
SOFTTECH,199.2,199.2
LATTEYS,48.55,48.55
WEL,123.42,123.42
CHEMCON,34.91,34.91
WESTLIFE,188.8,188.8
MAZDOCK,33.28,33.28
DCI,29.45,29.45
IIFLSEC,9.86,9.86
VISHWARAJ,22.92,22.92
KUANTUM,6.24,6.24
CHEMBOND,16.41,16.41
ROUTE,23.18,24.05
SIGMA,19.85,19.85
EASEMYTRIP,52.24,52.24
HINDWAREAP,47.84,47.84
ARTEMISMED,52.24,52.24
ATALREAL,68.63,68.63
MAHEPC,234.26,181.96
POWERINDIA,471.92,471.92
RAJRATAN,41.48,41.48
AARTISURF,27.63,27.63
NDRAUTO,32.86,32.86
AAATECH,39.71,39.71
UNIDT,52.28,52.28
ANGELONE,21.76,21.76
VALIANTORG,24,26.78
ROML,16.92,15.37
RAILTEL,52.36,54.43
HERANBA,27.63,27.63
RVHL,57.8,57.8
FAIRCHEMOR,44.62,44.62
ISGEC,27.88,27.88
PAKKA,29.7,29.7
CARYSIL,45.66,45.66
SBCL,39.28,39.28
IPL,32,32
LODHA,75.79,71.37
UTKARSHBNK,11.55,11.55
CRAFTSMAN,27.66,27.66
JUBLINGREA,46.91,46.91
GLS,21.54,21.54
DEEPINDS,14.96,15.12
PIXTRANS,23.35,23.35
CARTRADE,61.5,61.5
DEVYANI,,481.51
ANMOL,10.06,10.06
AMIORG,105.03,47.42
BAJAJHCARE,40.06,40.06
GRINFRA,12.77,12.77
STEELCAS,17.6,17.6
KPIGREEN,72.49,72.39
NOCIL,35.79,35.79
DRREDDY,17.54,17.54
CHAMBLFERT,13.54,13.54
HINDOILEXP,9.83,9.83
BALMLAWRIE,31.53,31.53
VINDHYATEL,20.48,20.48
ASIANPAINT,49.76,49.76
PGHL,36.99,36.99
ADORWELD,29.75,29.75
TATACHEM,72.41,21.99
ATFL,167.13,238.61
EPL,21.85,21.85
VIPIND,133.37,211.25
BIRLACABLE,32.4,32.4
WEIZMANIND,22.71,22.71
UNICHEMLAB,262.75,
JTEKTINDIA,42.03,44.56
SUNPHARMA,40.96,38.9
HCC,13.41,47.14
ADANIENT,102.59,95.63
EICHERMOT,36.08,36.08
ZENSARTECH,21.82,21.82
BLUEDART,56.56,56.56
HSCL,41.81,41.81
ARENTERP,20.38,20.38
THOMASCOOK,36.67,36.67
BHARATRAS,68.37,68.33
TOKYOPLAST,75.18,52.8
M&M,26.46,26.46
KABRAEXTRU,41.41,41.41
POLYPLEX,35.46,35.46
PCBL,20.51,20.51
SAIL,26.68,24.04
ELECTCAST,13.67,13.67
JAYSREETEA,25.94,
3MINDIA,61.88,61.88
RALLIS,36.27,36.44
KOPRAN,23.26,23.26
SURYAROSNI,19.01,19.01
SAKHTISUG,1.64,
HINDZINC,31.76,31.76
FINPIPE,42.11,42.11
CGPOWER,110.41,113.12
BEL,49.35,49.35
ASHAPURMIN,15.85,19.13
TNPL,6.68,6.68
REMSONSIND,62.88,61.26
KHAITANLTD,100.83,100.83
ANDHRSUGAR,18.42,17.99
STARPAPER,5.4,5.11
AUSOMENT,33.06,33.06
SILINV,18.2,18.2
BIOFILCHEM,167.12,167.12
ZENITHEXPO,46.73,46.73
SANGAMIND,46.84,40.91
VISAKAIND,991.72,991.72
CREST,17.68,17.68
HITECHGEAR,18.78,53.34
PUNJABCHEM,23.53,23.53
MMFL,21.12,21.23
RUCHINFRA,25.2,65.21
BANKBARODA,7.38,7.38
CONCOR,52.41,52.41
TVSMOTOR,55.48,55.48
REPRO,90.89,90.89
GAEL,21.72,21.72
TIPSINDLTD,44.35,44.35
MARKSANS,23.35,23.35
GODREJCP,,71.08
TCI,25.41,25.22
PNB,16.55,16.55
NUCLEUS,17.3,17.3
DIVISLAB,75.46,75.46
NSIL,30.12,30.12
DREDGECORP,48.89,48.07
PETRONET,13.44,13.73
POONAWALLA,21.95,32.13
APARINDS,39.15,39.15
COFORGE,34.63,35.01
GUFICBIO,39.9,39.9
JBMA,118.46,118.46
XCHANGING,109.82,109.82
JPPOWER,12.71,8.79
GRANULES,23.92,23.92
MSPL,46.18,40.6
GOLDIAM,19.49,19.49
ALICON,11.28,11.28
FIEMIND,19.68,19.68
LTFOODS,15.22,15.22
SOBHA,179.77,179.77
AUTOIND,167.44,52.14
IZMO,16.94,16.94
THERMAX,91.49,101.13
RIIL,182.82,182.82
RAYMOND,22.05,21
SHREDIGCEM,17.93,17.93
SMLISUZU,35.89,35.89
SUNDRMFAST,48.02,48.02
LAXMIMACH,44.41,44.41
PEL,,31.42
MAHSCOOTER,43.79,43.79
TRENT,120.69,195.84
KCP,8.45,8.42
JBCHEPHARM,55.32,55.32
IONEXCHANG,38.04,38.04
IFBIND,114.55,114.55
HIMATSEIDE,11.65,11.65
GFLLIMITED,.36,
BHARATFORG,76.31,75.73
ARVIND,27.27,27.41
TATAMOTORS,10.01,9.78
LINDEINDIA,238.06,238.06
ESCORTS,40.11,40.11
ASHOKLEY,23.83,24.07
ZUARIIND,1.47,
TATASTEEL,,50.42
VEDL,21.37,32.02
RELIANCE,24.53,24.53
BATAINDIA,64.85,59.31
CARBORUNIV,72.45,72.45
DICIND,,98.65
RAMCOCEM,43.87,43.87
CENTURYTEX,104.65,39.53
TORNTPHARM,61.16,64.32
VLSFINANCE,3.73,3.73
SRF,50.39,50.39
BBOX,33.72,22.78
HONAUT,98.28,98.28
ARE&M,25.53,24.52
BALKRISIND,40.26,40.26
ONGC,6.89,6.16
TIL,21.64,
ANIKINDS,42.5,42.5
KPIL,37.75,37.75
BSL,14.75,13.03
APCOTEXIND,39.02,39.02
RCF,26.41,40.55
DECCANCE,19.29,19.29
ADVANIHOTR,28.3,28.3
SUBROS,47.62,47.62
SIEMENS,125.11,125.11
UNIVCABLES,80.5,80.5
SOMANYCERA,29.7,29.62
HLVLTD,72.62,84.52
LIBERTSHOE,95.52,90.35
KAJARIACER,45.6,45.58
MANGLMCEM,40.01,40.01
3PLAND,30.67,30.67
JINDALSAW,10.85,10.85
STYRENIX,18.87,18.87
ABB,120.33,120.33
BRITANNIA,57.9,57.84
DHAMPURSUG,10.66,10.66
COSMOFIRST,24.91,24.91
HEROMOTOCO,26.61,25.79
GMBREW,9.08,9.08
ITC,25.94,26.01
IOC,5.53,5.53
OSWALGREEN,99.77,99.77
HUHTAMAKI,5.7,22.28
RICOAUTO,37.5,36.18
IFBAGRO,86.82,86.82
MANINDS,22.99,22.99
SIYSIL,11.22,11.22
PRECWIRE,38.39,38.39
NCC,23.36,22.73
SEAMECLTD,41.68,41.68
BBTC,5.62,5.43
GICHSGFIN,7.52,7.52
BANARBEADS,24.29,24.29
WSTCSTPAPR,4.23,4.18
VENKEYS,31.83,31.83
PRUDMOULI,12.87,12.87
HIL,52.54,983
KEEPLEARN,222.12,222.12
TFCILTD,15.89,15.89
GTL,.87,4.85
AGI,18.04,18.04
TATACONSUM,80.54,69.48
ZEEL,112.27,49.12
FMGOETZE,16.68,16.68
ORIENTHOT,51.2,51.2
ESABINDIA,57.17,57.17
ANDHRAPAP,5.92,5.92
AARTIIND,54.69,54.69
KSB,82.71,82.71
HEG,32.16,32.16
TATAINVEST,112.64,112.64
SHREECEM,38.68,38.68
HINDALCO,15.64,15.67
GSFC,12.15,12.14
FINCABLES,26.28,31.2
HEUBACHIND,20.52,20.52
CESC,12.67,15.36
BAJFINANCE,28.92,28.92
NAVA,5.74,6.23
CORALFINAC,9.21,9.21
AUTOAXLES,17.34,17.34
DALMIASUG,11.24,11.24
NATCOPHARM,14,14
GARFIBRES,32.85,32.85
TTKPRESTIG,42.89,42.89
SKFINDIA,50.71,50.71
JAYAGROGN,14.04,14.04
MARICO,50.95,50.95
KEYFINSERV,12.23,12.23
MOTHERSON,40.33,38.77
AARTIDRUGS,25.99,25.99
INDIANCARD,23.62,
SHRIRAMFIN,11.89,11.89
GANESHHOUC,15.66,15.66
MPHASIS,28.82,28.82
HERITGFOOD,38.15,38.15
GAIL,14.95,15.48
BANKINDIA,8.68,8.68
HUDCO,22.87,22.87
ENGINERSIN,33.41,33.41
JAICORPLTD,,111.46
GMDCLTD,15.12,15.12
ASAHIINDIA,46.49,46.49
J&KBANK,8.05,8.05
SOUTHBANK,6.76,6.76
ASTRAZEN,101.43,92.12
CYIENT,27.84,26.03
GOACARBON,9.18,9.18
SANGHVIMOV,29.48,29.48
NATIONALUM,22.28,22.28
ALEMBICLTD,27.43,27.43
ICDSLTD,51.39,51.39
BSOFT,27.24,27.24
STAR,,39.11
ZYDUSLIFE,34.37,30.97
RAJESHEXPO,12.11,12.11
SHREERAMA,37.03,37.03
LCCINFOTEC,,70.52
NRBBEARING,12.88,30.05
BLBLIMITED,14.49,16.2
BLUESTARCO,78,78
CHENNPETRO,4.94,4.94
HAVELLS,87.67,87.67
BALAJITELE,23.92,23.92
ACLGATI,235.6,
ASAL,67.61,67.61
PONNIERODE,7.84,7.84
OFSS,30.83,30.83
BAGFILMS,13.84,13.84
WELSPUNLIV,21.14,21.14
TVSELECT,2224.57,2224.57
UNIENTER,27.28,27.28
PTC,11.69,11.69
MAHABANK,11.17,11.17
RKFORGE,37.6,37.58
EXCELINDUS,100.49,100.49
CENTEXT,22.01,20.94
TEXINFRA,320.26,320.26
INDOCO,30.58,32.59
JINDALPHOT,102.38,102.38
ALLSEC,24.03,24.03
SHOPERSTOP,104.15,96.09
SURYALAXMI,37.3,18.93
63MOONS,9.81,17.98
VHL,32.18,32.18
NECLIFE,153.56,153.56
IDFC,561.9,561.9
SUZLON,80.17,115.51
TRIVENI,18.04,18.04
ORIENTCER,30.3,35.24
EKC,12.88,12.77
ENIL,30.02,31.01
JAGRAN,11.35,11.35
M&MFIN,17.46,17.46
KEI,66.01,65.99
SOLARINDS,87.92,87.92
SUNTV,14.04,14.04
EMKAY,28.08,28.08
BALPHARMA,45.01,45.01
RATNAMANI,35.32,35.32
EMAMILTD,31.6,31.39
TECHM,53.48,53.55
ATLANTAA,.91,
SELAN,30.01,30.01
ANANTRAJ,48.61,48.61
GEECEE,77.82,77.82
JMFINANCIL,10.67,10.67
DCBBANK,7.56,7.56
TORNTPOWER,33.29,33.29
VENUSREM,14.22,14.22
PLASTIBLEN,19.81,19.81
PARACABLES,31.37,31.37
PTL,23.96,23.96
GANDHITUBE,20.93,20.93
UNOMINDA,62.82,62.82
ORIENTBELL,6592.26,6592.26
LAOPALA,27.02,27.02
ASTRAL,108.11,107.85
ICRA,34.02,34.02
AROGRANITE,36.75,36.75
NDLVENTURE,197.01,197.01
FORTIS,59.09,61.07
HILTON,29.38,29.38
V2RETAIL,101.14,101.14
ADSL,18.92,18.92
CIEINDIA,23.07,23.07
MOTILALOFS,14.25,14.25
MAGNUM,12.61,12.61
MAANALU,19.29,19.29
BAJAJELEC,78.47,78.47
PRAKASH,9.18,9.18
GREAVESCOT,,237.93
TIMKEN,80.59,80.59
INGERRAND,66.3,66.3
GRASIM,16.48,16.48
DCW,98.1,92.5
BIRLACORPN,26.22,26.62
TVSSRICHAK,28.72,27.38
GUJAPOLLO,17.92,17.92
KOTHARIPET,11.76,11.71
INDNIPPON,28.26,28.26
KCPSUGIND,8.78,8.58
TAJGVK,35.85,35.85
AXISCADES,62.59,62.59
HIKAL,52.33,52.33
LUPIN,39.16,39.16
BHARTIARTL,130.49,83.38
GENESYS,245.88,245.88
MARUTI,29.78,29.78
UCOBANK,37.99,37.99
JAIBALAJI,18.82,18.82
UPL,,18.72
BIOCON,26.56,26.47
NIITLTD,73.65,67.77
WELENT,12.93,14.71
JSWSTEEL,18.89,19.71
SAKSOFT,29.46,29.46
WELCORP,17.62,17.62
PRIMESECU,32.77,32.77
GEOJITFSL,18.03,18.03
SASKEN,29.76,29.76
JINDRILL,21.69,21.69
HBLPOWER,62.32,61.52
SARLAPOLY,23.06,23.06
PITTIENG,30.48,30.48
PENINLAND,13.06,21.81
WHEELS,39.04,39.04
ZODIACLOTH,28.65,
PREMIERPOL,21.56,21.56
SESHAPAPER,7.87,7.87
FACT,299.19,111.63
EXIDEIND,45.59,45.59
ELECON,36.78,36.78
CRISIL,49.17,49.17
ORIENTPPR,18.39,18.39
ADANIPORTS,35.15,33.81
KOLTEPATIL,45.16,45.16
COLPAL,55.2,54.62
JYOTHYLAB,44.39,44.39
KALYANIFRG,34.5,34.5
ECLERX,22.9,22.84
TRIL,190.21,190.21
MANAKSIA,6.95,6.34
PATINTLOG,24.2,24.2
ARIES,20.75,20.75
AMBIKCO,13.63,13.63
CEATLTD,14.98,13.93
CORDSCABLE,28.49,28.49
KNRCON,13.09,13.09
HERCULES,13.97,50.88
IRB,43.16,43.16
NMDC,12.07,13.73
RECLTD,10.07,10.07
NESCO,18.18,18.18
BAJAJ-AUTO,33.29,33.29
GOKUL,68.92,15.35
ALMONDZ,13.22,36.08
RANEENGINE,23.07,17.25
ARCHIDPLY,25.13,25.13
LOTUSEYE,35.92,35.94
VINYLINDIA,30.7,30.7
20MICRONS,12.83,12.55
TATAMTRDVR,1.03,1
COUNCODOS,28.6,28.6
MHRIL,69.45,69.45
VINATIORGA,45.41,45.41
NHPC,23.79,23.79
GLOBUSSPR,16.25,16.25
AMRUTANJAN,49.26,49.26
DEN,11.42,11.42
REFEX,14.97,14.98
AHLUCONT,32.32,32.25
GODREJPROP,110.55,110.55
HINDCOPPER,120.52,120.52
UNITEDTEA,10.97,10.97
VASCONEQ,19.02,19.02
DBREALTY,8.85,9.44
LGBBROSLTD,14.67,14.95
ISFT,20.29,20.29
KIRLOSBROS,43.56,44.16
SJVN,60,57.98
KIRLOSIND,16,15.06
IMFA,10.18,10.04
BLISSGVS,13.99,6.59
AHLEAST,13.97,23.68
UGARSUGAR,12.35,12.35
GPPL,28.53,28.17
KILITCH,43.13,43.13
SASTASUNDR,25.62,25.38
GREENPOWER,43.68,64.82
WABAG,109.22,22.83
BEDMUTHA,39.83,39.83
PRESTIGE,32.12,32.31
COALINDIA,9,9
IOLCP,16.28,16.28
PENIND,19.45,19.45
MOIL,30.34,30.34
KIRLOSENG,39.83,38.92
KICL,39.31,63.39
STEL,46.61,46.61
HINDMOTORS,80.43,80.43
PFS,15.05,15.05
VADILALIND,24.25,24.25
RELAXO,103.19,103.19
ASHIANA,49.47,49.47
DHANUKA,24.91,24.91
INVENTURE,21.05,18.47
WINDMACHIN,66.64,66.64
BODALCHEM,126.68,126.68
ASAHISONG,138.64,
FILATEX,22.8,22.8
TDPOWERSYS,40.91,41.25
APLLTD,30.91,30.91
VASWANI,14.68,14.68
PANAMAPET,10.75,10.75
PAISALO,34.65,34.71
SHAKTIPUMP,34.38,34.38
INDOTHAI,20.81,20.81
ESSARSHPNG,1.78,48.98
POLYMED,64.4,64.55
PGIL,15.66,17.29
FSL,26.98,26.98
TFL,105.96,105.96
INDIANB,8.95,8.95
PAGEIND,73.69,73.69
JKTYRE,13.81,13.9
THEMISMED,76.2,76.2
BANSWRAS,15.25,15.25
PHOENIXLTD,43.35,44.82
SRHHYPOLTD,7.06,6.84
TGBHOTELS,32.59,32.59
KMSUGAR,16.37,16.37
TIMETECHNO,22.69,22.69
NELCAST,23.16,31.82
MEGASOFT,65.45,65.45
CENTRALBK,20.49,20.49
PURVA,178.77,178.77
KSCL,15.41,15.41
BVCL,12.48,12.48
VIKASECO,86.54,86.54
APLAPOLLO,61.76,61.76
MINDACORP,35.98,35.98
DBSTOCKBRO,23.73,23.73
COMPUSOFT,31.83,31.83
NDL,27.32,27.32
HEXATRADEX,9.33,9.33
VSSL,28.08,28.08
SPECIALITY,29.12,29.12
KITEX,35.62,35.62
ROSSELLIND,135.29,134.39
ZUARI,,4.64
VETO,13.43,13.43
REPCOHOME,7.97,7.97
JUSTDIAL,23.07,23.07
ORBTEXP,13.99,13.99
NATHBIOGEN,8.68,9.32
CASTROLIND,21.44,21.44
AGARIND,13.6,13.6
GOCLCORP,35.68,37.49
GULFOILLUB,16.09,16.09
SUPERHOUSE,15.06,15.06
MONTECARLO,14.12,14.12
FCL,34.38,34.38
GULPOLY,49.33,49.33
LAMBODHARA,43.58,43.58
GRPLTD,77.01,77.01
GREENLAM,53.51,53.51
MENONBE,9.73,9.73
HESTERBIO,91.44,91.44
MANAKALUCO,23.62,32.73
ZENTEC,61.48,62.39
LFIC,6.93,6.93
AVANTIFEED,19.07,18.87
NILAINFRA,41.22,41.22
SKIPPER,45.57,45.57
ALANKIT,23.56,23.56
SHYAMCENT,40.27,40.27
SYNGENE,54.13,53.19
AYMSYNTEX,,411.67
MUTHOOTCAP,3.56,25.11
SHARDAMOTR,16.47,16.47
GUJGASLTD,33.23,34.56
SADBHIN,,1.07
INDIGO,23.01,23.01
TTKHLTCARE,32.82,32.82
PILANIINVS,29.4,29.4
LALPATHLAB,58.11,58.11
NH,33.39,33.39
TEAMLEASE,51.69,52.32
QUICKHEAL,103.09,103.09
NECCLTD,38.09,38.09
GOKULAGRO,16.36,16.36
PDMJEPAPER,11.37,11.37
HCG,213.53,213.53
CROMPTON,49.36,49.36
ALBERTDAVD,8.86,8.86
PREMEXPLN,107.04,107.04
MAHASTEEL,42.74,53.48
MGL,10.14,10.14
POKARNA,18.9,18.9
GPTINFRA,26.04,26.04
QUESS,33.62,30.81
SOMICONVEY,31.09,31.09
ADVENZYMES,31.13,28.99
DBL,32.44,354.73
NDGL,12.31,12.31
RBLBANK,12.1,12.1
BIGBLOC,55.28,55.28
LTTS,36.5,36.5
GNA,14.75,14.75
HPL,60.11,60.11
ENDURANCE,46.96,46.96
PNBHOUSING,12.81,12.81
VBL,87.73,87.73
PODDARMENT,13.96,13.96
KIOCL,612.04,612.04
TCIEXP,29.56,29.56
TERASOFT,12.33,11.29
ITDC,78.64,78.56
SPCENET,148.7,148.7
BHANDARI,19.85,19.85
PRICOLLTD,39.15,39.15
DMART,119.88,119.88
INTENTECH,17.97,17.97
URJA,453.16,453.16
SHANKARA,20.72,20.72
WIPL,31.5,31.5
SCHAND,32.81,32.81
BHAGYANGR,7.31,7.31
ERIS,31.62,31.62
CDSL,52.03,52.03
DYNPRO,92.34,92.34
AVADHSUGAR,8.82,8.82
THEINVEST,52.54,52.54
OPTIEMUS,43.94,43.94
ABCAPITAL,18.39,18.39
MATRIMONY,24.88,24.88
GODREJAGRO,34.77,34.77
MASFIN,19,19
DNAMEDIA,.44,
SHALBY,35.77,35.77
AMBER,86.29,86.29
GALAXYSURF,28.57,28.57
ASTERDM,41.77,
BDL,79.57,79.57
SUNDARMHLD,154.03,154.03
SANDHAR,30.6,31.31
LEMONTREE,72.23,72.23
ADANIGREEN,300.88,241.28
GAYAHWS,.19,
RITES,32.18,32.18
HBSL,2.36,2.36
CREDITACC,15.65,15.65
IRCON,28.39,28.39
TECHNOE,60.46,60.46
DALBHARAT,39.3,39.3
CHALET,61.88,61.88
HMVL,81.14,81.14
PRAKASHSTL,6.72,6.72
RAMKY,2.54,74.93
RESPONIND,56.14,56.14
JAMNAAUTO,26.35,26.35
PSB,65.11,65.11
DHUNINV,13.04,13.04
PIIND,34.58,34.58
AGRITECH,14.44,14.44
WONDERLA,32.81,32.81
SNOWMAN,70.28,70.28
INTELLECT,37.82,37.63
GENUSPAPER,203.65,203.65
JMA,8.61,8.61
BYKE,53.04,53.04
BCG,1.66,1.66
PNCINFRA,16.9,16.9
PKTEA,18.07,18.07
POWERMECH,31.86,31.86
IDFCFIRSTB,18.52,18.52
LUXIND,45.23,45.23
LINCOLN,12.3,12.3
PRECAM,39.63,56.43
BHAGERIA,44.61,44.61
KDDL,23.91,23.96
THYROCARE,50.03,49.92
ARMANFIN,13.51,13.51
TCPLPACK,20.26,20.26
IFGLEXPOR,25.39,25.39
BANDHANBNK,12.79,12.79
INDOSTAR,25.37,25.37
SHREYANIND,3.8,3.8
NEULANDLAB,26.64,26.64
TAINWALCHM,60.72,60.72
JYOTISTRUC,108.44,108.44
MUNJALSHOW,15.25,17.86
RANASUG,6.35,6.35
UFLEX,,16.21
SPMLINFRA,40.32,40.32
VSTIND,20.05,20.05
IFCI,60.86,61.36
EIHAHOTELS,33.37,33.37
CANFINHOME,13.48,13.48
DABUR,53.01,53.01
KOTAKBANK,18.49,18.49
KANSAINER,18.73,33.02
GABRIEL,32.52,32.52
AMDIND,21.19,21.19
NCLIND,9.85,9.85
BALAMINES,30.4,30.4
DISHTV,,14.52
BFUTILITIE,12.46,12.46
WEBELSOLAR,,85.52
INSECTICID,26.26,26.26
NAVINFLUOR,60.81,73.38
NAGREEKEXP,9.91,9.91
HGS,55.63,55.63
DLF,127.76,127.76
ISMTLTD,18.42,17.19
NAGREEKCAP,.5,.5
CENTUM,83.01,83.01
POWERGRID,18.32,18.32
MANGCHEFER,6.03,6.03
DELTACORP,13.29,15.82
CERA,37.96,37.77
RELIGARE,1.96,16.85
TARMAT,119.02,119.02
ALPA,10.44,10.47
KPRMILL,35.52,35.52
NELCO,71.89,71.89
MASTEK,24.57,24.38
LUMAXIND,53.2,49.2
KECL,67.16,67.16
CUMMINSIND,79.45,79.37
JAYBARMARU,38.05,38.05
INFY,22.99,22.99
INDIAGLYCO,15.37,15.37
IGPL,21.8,21.8
GNFC,14.11,14.11
BPCL,5.2,5.08
BASF,35.52,35.52
ATUL,55.4,55.4
ACC,20.09,22.63
SCI,16.02,16.02
MRPL,10.21,10.19
HINDPETRO,4.98,4.98
BAJAJHLDNG,65.82,65.82
VOLTAS,112.99,112.99
TITAN,84.7,84.7
SUNDARMFIN,35.61,35.61
SPIC,18.52,12.62
SBIN,10.63,9.87
PFIZER,39.5,39.11
BOSCHLTD,39.38,54.65
DEEPAKFERT,14.21,14.21
MAHSEAMLES,9.49,9.46
COROMANDEL,22.05,22.05
BEML,54.68,54.68
CENTENKA,32.72,32.72
VTL,22.2,22.2
FEDERALBNK,10.19,10.19
SUPREMEIND,73.07,73.07
BALRAMCHIN,13.59,13.59
AEGISCHEM,35.28,35.28
RANEHOLDIN,19.75,9.24
TATAELXSI,57.38,57.38
SANDESH,7.16,7.17
APOLLOHOSP,105.39,105.55
IVP,10.67,10.67
INDBANK,26.25,26.25
RAJSREESUG,9.55,9.55
GET&D,253.53,49.5
BERGEPAINT,50.37,50.55
BANARISUG,17.5,17.5
IGARASHI,135.03,135.03
JAYNECOIND,22.59,20.73
SOTL,17.39,17.39
KARURVYSYA,9.88,9.88
WSI,26.22,28.16
TATAPOWER,44.69,48.3
SUNFLAG,26.36,26.36
WIPRO,21.8,21.8
TATACOMM,54.19,59.69
MURUDCERA,43.97,43.97
SANOFI,35.97,34.82
HEIDELBERG,28.6,28.6
PRSMJOHNSN,50.97,
PIDILITIND,87.64,85.21
OSWALAGRO,6796.11,6796.11
HONDAPOWER,34.98,33.19
RUBYMILLS,16.95,16.95
IDBI,15.56,15.56
GRAPHITE,14.22,623.99
BBL,37.68,37.68
DCMSHRIRAM,34.46,34.46
CIPLA,27.61,26.64
HDFCBANK,17.07,16.96
HARRMALAYA,132.15,132.15
GIPCL,14.57,14.57
INDIANHUME,18.59,18.59
HINDCOMPOS,17.2,17.2
WALCHANNAG,63.42,
KAMATHOTEL,16.33,54.9
BANCOINDIA,16.67,16.67
APOLLOTYRE,18.01,17.37
SHANTIGEAR,52.71,52.71
ONWARDTEC,29.65,29.65
NILKAMAL,24.91,24.91
ICIL,21.32,21.32
ELGIEQUIP,49.39,61.68
AUROPHARMA,24.47,24.11
EIHOTEL,61.18,53.74
LICHSGFIN,7.55,7.55
BEPL,19.13,19.13
MOREPENLAB,31.8,31.8
GHCL,6.03,7.91
PRAJIND,33.92,33.92
EVERESTIND,73.17,94.73
BPL,34.5,34.5
PGHH,68.24,68.24
VESUVIUS,44.15,44.15
BOMDYEING,1.26,
NAVNETEDUL,20.55,28.59
GUJALKALI,6674.85,6674.85
GLAXO,64.78,57.65
CHOLAFIN,31.08,31.08
INDHOTEL,67.38,67.38
GILLETTE,57.35,57.35
FOSECOIND,30.31,34.84
SCHAEFFLER,73.16,72.89
AMJLAND,19.42,19.42
MFSL,87.97,87.97
GODFRYPHLP,27.62,27.62
GLFL,264.07,264.07
SUDARSCHEM,15.03,57.61
IPCALAB,53.78,58.85
AKZOINDIA,27.32,27.32
HINDUNILVR,53.52,53.55
AMBUJACEM,25.92,27.15
EIDPARRY,6.77,6.77
GREENPLY,42.74,47.11
SWARAJENG,21.67,21.67
MRF,26.28,26.28
TNPETRO,15.61,12.51
EIMCOELECO,29.61,29.61
SAMBHAAV,69.35,91.79
SUNDRMBRAK,26.27,26.27
STERTOOLS,23.7,23.82
WENDT,67.69,67.69
DENORA,44.39,44.39
MIRZAINT,47.33,47.33
DYNAMATECH,70.66,88.72
JAGSNPHARM,36.56,36.56
ALKYLAMINE,68.69,68.69
GUJRAFFIA,36.29,36.29
RAMCOIND,19.87,20.33
INDRAMEDCO,20.09,20.09
MADRASFERT,,66.9
SKMEGGPROD,7.07,7.07
ICICIBANK,17.66,17.66
INDSWFTLAB,2.15,9.23
SAREGAMA,43.8,43.8
FDC,26.59,26.59
ADROITINFO,14.56,14.56
MAHAPEXLTD,55.06,87.41
INDUSINDBK,12.21,12.21
TRIGYN,98.47,98.47
KOTHARIPRO,219.6,219.6
CUB,11.64,11.64
ARCHIES,33.22,33.22
ITDCEM,31.7,31.7
AXISBANK,13.32,13.32
SONATSOFTW,48.35,4.14
CYBERTECH,20.43,20.43
KOKUYOCMLN,35.84,35.84
DHANBANK,11.51,11.51
STCINDIA,19.15,20.9
IVC,32.77,32.77
JINDALSTEL,17.25,17.25
NIPPOBATRY,115.53,115.53
HCLTECH,23.29,23.29
ACCELYA,26.63,26.7
GLENMARK,,40.13
IOB,43.68,43.68
BIL,42.3,42.3
KTKBANK,5.94,5.94
AJANTPHARM,36.95,36.95
CALSOFT,901.66,901.66
PNBGILTS,26.76,29.07
NLCINDIA,16.9,16.9
KRBL,10.67,10.67
USHAMART,24.71,24.71
MRO-TEK,43.17,43.17
TRIDENT,46.35,46.36
SMARTLINK,43.61,43.61
MCDOWELL-N,67.39,67.24
MPSLTD,23.02,23.02
OLECTRA,175.98,191.78
APTECHT,43.94,37.76
UNIONBANK,7.83,7.83
CANBK,6.47,6.47
GODREJIND,42.93,42.93
RADICO,90.14,90.14
VARDHACRLC,25.83,25.83
JSL,20.9,21.53
IGL,18.77,18.77
TVTODAY,27.07,25.03
MUKANDLTD,22.7,22.7
VAIBHAVGBL,47.89,46.91
XPROINDIA,61.57,61.57
DATAMATICS,16.79,16.79
CCL,30.24,30.24
LT,30.56,30.69
ULTRACEMCO,40.15,39.84
TCS,30.62,30.14
GULFPETRO,13.15,13.15
ASTRAMICRO,97.61,97.61
NTPC,19.48,19.48
KOTARISUG,10.19,10.27
DWARKESH,15.04,15.04
SUPRAJIT,38.2,38.2
PATELENG,19.51,22.86
CONSOFINVT,2.22,2.22
EVEREADY,57.27,57.27
GOKEX,44.64,44.64
IIFL,8.34,8.34
SSWL,16.1,16.1
CYBERMEDIA,12.54,11.19
JKPAPER,5.21,5.21
JSWHL,59.24,59.24
GENUSPOWER,157.34,157.34
YESBANK,52.96,52.96
SPLIL,16.06,15.18
RML,443.52,12.24
FCSSOFT,,199.31
IMPAL,16.72,16.72
AURIONPRO,49.42,49.42
AIAENG,31.08,31.09
NAHARINDUS,154.79,81.83
VIMTALABS,26.86,26.86
CELEBRITY,33.41,33.81
NITINSPIN,14.84,14.84
ROHLTD,22.52,22.52
GSPL,7.52,7.67
GVKPIL,5.72,5.72
SAKUMA,35.17,35.17
KEC,57.8,57.8
JKCEMENT,37.38,37.28
INDOTECH,36.52,36.52
BLKASHYAP,,29.42
CENTURYPLY,41.24,41.24
VAKRANGEE,613.45,667.35
GALLANTT,30.45,30.45
UTTAMSUGAR,9.34,9.34
KKCL,27.52,27.52
GPIL,14.06,14.09
RSYSTEMS,39.15,39.15
LOKESHMACH,65.93,65.93
SWELECTES,59.72,59.72
KAMDHENU,27.77,27.77
PIONEEREMB,63.19,63.19
JKLAKSHMI,20.76,21.06
ALLCARGO,31.8,37.87
MUNJALAU,201.27,19.44
GRINDWELL,67.95,67.9
VOLTAMP,51.33,51.33
ACE,59.76,59.76
HOVS,29.95,29.95
TALBROAUTO,30.2,30.2
JHS,,29.03
NAUKRI,104.62,97.5
GESHIP,5.79,5.79
MANALIPETC,69.93,61.56
DONEAR,19.08,19.08
RUCHIRA,6.39,6.39
HIRECT,244.3,58.27
TANLA,21.85,21.85
AVTNPL,25.05,25.05
TIDEWATER,26.05,26.05
LUMAXTECH,23.31,22.09
WANBURY,21.05,20.52
HUBTOWN,82.97,82.97
TIIL,19.59,19.59
REDINGTON,13.47,13.47
PFC,7.98,7.98
SMSPHARMA,42.2,42.2
