SYMBOL,SERIES,SECURITY,HIGH/LOW,INDEX FLAG
63MOONS,EQ,63 MOONS TECHNOLOGIES LTD,H
AAATECH,EQ,AAA TECHNOLOGIES LIMITED,H
ABCOTS,SM,A B COTSPIN INDIA LIMITED,H
ACSAL,SM,ARVIND AND COMPANY,H
AGRITECH,EQ,AGRI-TECH (INDIA) LIMITED,H
AKI,EQ,AKI INDIA LIMITED,H
AKSH-RE,BE,AKSHAR SPINTEX LIMITED,H
ALPEXSOLAR,ST,ALPEX SOLAR LIMITED,H
ANSALAPI,BZ,ANSAL PROP & INFRA LTD,H
ASIANENE,EQ,ASIAN ENERGY SERVICES LTD,H
ASMS,EQ,BARTRONICS INDIA LIMITED,H
ATMASTCO,ST,ATMASTCO LIMITED,H
BIL,EQ,BHARTIYA INTERNATIONAL,H
BLUECHIP,BE,BLUE CHIP INDIA LIMITED,H
BLUECOAST,BE,BLUE COAST HOTELS LIMITED,H
CCCL,EQ,CONS. CONST. CONSORT LTD,H
CELLECOR,SM,CELLECOR GADGETS LIMITED,H
CLEDUCATE,BE,CL EDUCATE LIMITED,H
CMMIPL,ST,CMM INFRAPROJECTS LIMITED,H
CPS,SM,C P S SHAPERS LIMITED,H
DESTINY,ST,DESTINY LOGISTICS & I LTD,H
DHTL,ST,DOCMODE HEALTH TECH LTD,H
DIGIDRIVE,BE,DIGIDRIVE DISTRIBUTORS L,H
EIFFL,EQ,EURO (I) FRESH FOODS LTD,H
EMAMIREAL,BE,EMAMI REALTY LIMITED,H
ENFUSE,ST,ENFUSE SOLUTIONS LIMITED,H
ESCONET,ST,ESCONET TECHNOLOGIES LTD,H
EUROTEXIND,EQ,EUROTEX INDUSTRIES LTD,H
FEL,BZ,FUTURE ENTERPRISES LTD,H
GATECH,EQ,GACM TECHNOLOGIES LIMITED,H
GAYAHWS,BE,GAYATRI HIGHWAYS LIMITED,H
GOENKA,BZ,GOENKA DIAMOND&JEWELS LTD,H
GRAPHISAD,SM,GRAPHISADS LIMITED,H
GRETEX,ST,GRETEX INDUSTRIES LTD.,H
GSMFOILS,ST,GSM FOILS LIMITED,H
GVKPIL,BE,GVK POW. & INFRA LTD.,H
HARDWYN,EQ,HARDWYN INDIA LIMITED,H
HEXATRADEX,BE,HEXA TRADEX LIMITED,H
HINDNATGLS,BE,HIND NATL GLASS & IND LTD,H
HRHNEXT,SM,HRH NEXT SERVICES LIMITED,H
HUBTOWN,BE,HUBTOWN LIMITED,H
INDSWFTLTD,EQ,IND-SWIFT LIMITED,H
INNOMET,ST,INNOMET ADVANCED MATERI L,H
ISHAN,ST,ISHAN INTERNATIONAL LTD,H
JHS,BE,JHS SVEND. LAB. LTD,H
JYOTISTRUC,EQ,JYOTI STRUCTURES LTD,H
KERNEX,EQ,KERNEX MICROSYS(I) LTD,H
KNAGRI,ST,KN AGRI RESOURCES LIMITED,H
KRIDHANINF,EQ,KRIDHAN INFRA LIMITED,H
KRITIKA,EQ,KRITIKA WIRES LIMITED,H
KSHITIJPOL,BE,KSHITIJ POLYLINE LIMITED,H
LAL,EQ,LORENZINI APPARELS LTD,H
LATTEYS,EQ,LATTEYS INDUSTRIES LTD,H
LIBERTSHOE,BE,LIBERTYSHOESLTD,H
LRRPL,ST,LEAD REC AND RUB PROD LTD,H
MADHUCON,BE,MADHUCON PROJECTS LTD.,H
MANAKSTEEL,EQ,MANAKSIA STEELS LTD,H
MARINE,BE,MARINE ELECTRICAL (I) LTD,H
MASKINVEST,BE,MASK INVESTMENTS LIMITED,H
MASTER,ST,MASTER COMPONENTS LIMITED,H
MEGAFLEX,SM,MEGA FLEX PLASTICS LTD,H
MICEL,BE,MIC ELECTRONICS LTD,H
MOTOGENFIN,EQ,MOTOR & GENERAL FINANCE L,H
MRO-TEK,BE,MRO-TEK REALTY LIMITED,H
MSPL,EQ,MSP STEEL & POWER LTD.,H
NITIRAJ,EQ,NITIRAJ ENGINEERS LTD,H
NORBTEAEXP,BE,NORBEN TEA &EXPORTS LTD,H
OMKARCHEM,BZ,OMKAR SPL CHEM LTD,H
ONELIFECAP,BE,ONELIFE CAP ADVISORS LTD,H
OSWALAGRO,BE,OSWAL AGRO MILLS LTD,H
PANACEABIO,EQ,PANACEA BIOTEC LTD,H
PATTECH,SM,PATTECH FITWELL TUB COM L,H
POCL,EQ,PONDY OXIDES & CHEM LTD,H
PRUDMOULI,BE,PRUDENTIAL SUGAR CORPORAT,H
QVCEL,SM,QVC EXPORTS LIMITED,H
RADAAN,EQ,RADAAN MEDIAWORKS (I) LTD,H
RAJRILTD,BE,RAJ RAYON INDUSTRIES LTD,H
RATNAVEER,BE,RATNAVEER PRECISION ENG L,H
RBMINFRA,SM,RBM INFRACON LIMITED,H
RELINFRA,EQ,RELIANCE INFRASTRUCTU LTD,H
RELTD,EQ,RAVINDRA ENERGY LIMITED,H
REVATHIEQU,BE,REVATHI EQUIPMENT INDIA L,H
RHFL,EQ,RELIANCE HOME FINANCE LTD,H
RICHA,SM,RICHA INFO SYSTEMS LTD,H
RPOWER,EQ,RELIANCE POWER LTD.,H
SANWARIA,BZ,SANWARIA CONSUMER LIMITED,H
SEJALLTD,BE,SEJAL GLASS LIMITED,H
SEL,SM,SUNGARNER ENERGIES LTD,H
SETUINFRA,BZ,SETUBANDHAN INFRA LTD,H
SHRADHA,BE,SHRADHA INFRAPROJECTS LTD,H
SHUBHLAXMI,SM,SHUBHLAXMI JEWEL ART LTD,H
SHUBHSHREE,ST,SHUBHSHREE BIOFUELS ENE L,H
SIMBHALS,BE,SIMBHAOLI SUGARS LTD.,H
SIMPLEXINF,EQ,SIMPLEX INFRASTRUCTURES L,H
SOMICONVEY,BE,SOMI CONVEYOR BELT. LTD.,H
SONUINFRA,ST,SONU INFRATECH LIMITED,H
SPMLINFRA,BE,SPML INFRA LIMITED,H
SSEGL,SM,SATHLOKHAR SYN E&C GLOB L,H
STARTECK,BE,STARTECK FINANCE LIMITED,H
SUMEETINDS,BE,SUMEET IND LIMITED,H
SUPERSPIN,EQ,SUPER SPINNING MILLS LTD,H
SURANAT&P,BE,SURANA TELECOM AND POW LT,H
TARMAT,BE,TARMAT LIMITED,H
TBI,ST,TBI CORN LIMITED,H
TCIFINANCE,BE,TCIFINANCELTD-ROLL SETT,H
TCLCONS,BE,TANTIA CONSTRUCTIONS LTD,H
TFL,BE,TRANSWARRANTY FIN. LTD.,H
TIRUPATI,SM,SHREE TIRUPATI BALAJEE,H
TOUCHWOOD,BE,TOUCHWOOD ENTERTAIN LTD.,H
UNITECH,BZ,UNITECH LIMITED,H
VARDMNPOLY,BE,VARDHMAN POLYTEX LTD.,H
VEEKAYEM,SM,VEEKAYEM FASH & APP LTD,H
VHLTD,BE,VICEROY HOTELS LIMITED,H
VIESL,ST,VISION INFRA EQUIP SOL L,H
VIVIANA,ST,VIVIANA POWER TECH LTD,H
ZENITHSTL,BE,ZENITH STEEL PIP IND LTD,H
725AP37,SG,SDL AP 7.25% 2037,L
ABAN,EQ,ABAN OFFSHORE LTD.,L
ACSAL,SM,ARVIND AND COMPANY,L
ADL,BE,ARCHIDPLY DECOR LIMITED,L
AGARWALFT,ST,AGARWAL FLOAT GLASS I LTD,L
AGUL,SM,A G UNIVERSAL LIMITED,L
ALMONDZ,BE,ALMONDZ GLOBAL SEC LTD,L
ALPEXSOLAR,ST,ALPEX SOLAR LIMITED,L
ATALREAL,BE,ATAL REALTECH LIMITED,L
AUSL,ST,ADITYA ULTRA STEEL LTD,L
AVROIND,BE,AVRO INDIA LIMITED,L
BALAJEE,BE,SHREE TIRUPATI BALAJEE L,L
BASILIC,ST,BASILIC FLY STUDIO LTD,L
BINANIIND,EQ,BINANI INDUSTRIES LTD,L
BOSS,ST,BOSS PACKAGING SOLU LTD,L
CADSYS,SM,CADSYS (INDIA) LIMITED,L
CALSOFT,BE,CALIFORNIA SOFTWARE CO LT,L
CANARYS,ST,CANARYS AUTOMATIONS LTD,L
CMMIPL,ST,CMM INFRAPROJECTS LIMITED,L
CREATIVEYE,BE,CREATIVE EYE LIMITED,L
CROWN,BE,CROWN LIFTERS LIMITED,L
DCG,ST,DCG CABLES & WIRES LTD,L
DCM,BE,DCM LIMITED,L
EMMIL,SM,ENERGY MISSION MACH IND L,L
ENERGYDEV,BE,ENERGY DEVE. CO.LTD,L
ESFL,SM,ESSEN SPECIALITY FILMS L,L
EXCEL,EQ,EXCEL REALTY N INFRA LTD,L
GAJANAND,ST,GAJANAND INTERNATIONAL L,L
GATECH,EQ,GACM TECHNOLOGIES LIMITED,L
GATECHDVR,BE,GACM TECHNOLOGIES LIMITED,L
GKWLIMITED,EQ,GKW LIMITED,L
GLOBALE,BE,GLOBALE TESSILE LIMITED,L
GLOBALVECT,BE,GLOBAL VEC HELICORP LTD,L
GVPTECH,EQ,GVP INFOTECH LIMITED,L
HINDMOTORS,BE,HINDUSTAN MOTORS LIMITED,L
HIRECT,EQ,HIND RECTIFIER LIMITED,L
INFOMEDIA,BE,INFOMEDIA PRESS LIMITED,L
INSPIRISYS,BE,INSPIRISYS SOLUTIONS LTD,L
JETFREIGHT,BE,JET FREIGHT LOGISTICS LTD,L
JFLLIFE,ST,JFL LIFE SCIENCES LIMITED,L
K2INFRA,ST,K2 INFRAGEN LIMITED,L
KALYANIFRG,BE,KALYANI FORGE LIMITED,L
KDL,ST,KORE DIGITAL LIMITED,L
KITEX,EQ,KITEX GARMENTS LTD,L
KODYTECH,SM,KODY TECHNOLAB LIMITED,L
LASA,BE,LASA SUPERGENERICS LTD,L
LPDC,BE,LANDMARK PR.DEV.CO.LTD,L
MAITREYA,ST,MAITREYA MEDICARE LIMITED,L
MANAKSTEEL,EQ,MANAKSIA STEELS LTD,L
MARINE,BE,MARINE ELECTRICAL (I) LTD,L
MBECL,BE,MCNALLY BH. ENG. CO.LTD,L
MKPL,BE,M K PROTEINS LIMITED,L
MPTODAY,SM,M P TODAY MEDIA LIMITED,L
MYMUDRA,ST,MY MUDRA FINCORP LIMITED,L
NAMOEWASTE,ST,NAMO EWASTE MANAGEMENT L,L
NARMADA,BE,NARMADA AGROBASE LIMITED,L
NIRMAN,ST,NIRMAN AGRI GENTICS LTD,L
NPST,SM,NETWORK PEOPLE SRV TECH L,L
PASUPTAC,BE,PASUPATI ACRYLON LIMITED,L
PATTECH,SM,PATTECH FITWELL TUB COM L,L
PULZ,SM,PULZ ELECTRONICS LIMITED,L
QVCEL,SM,QVC EXPORTS LIMITED,L
SANCO,BZ,SANCO INDUSTRIES LIMITED,L
SANWARIA,BZ,SANWARIA CONSUMER LIMITED,L
SATECH,SM,S A TECH SOFTWARE INDIA L,L
SECL,SM,SALASAR EXTERIOR CONT LTD,L
SEL,SM,SUNGARNER ENERGIES LTD,L
SETUINFRA,BZ,SETUBANDHAN INFRA LTD,L
SHIGAN,SM,SHIGAN QUANTUM TECH LTD,L
SILKFLEX,SM,SILKFLEX POLYMERS INDIA L,L
SITINET,BE,SITI NETWORKS LIMITED,L
SPECTRUM,SM,SPECTRUM ELECTRIC IND LTD,L
SPPPOLY,ST,SPP POLYMER LIMITED,L
SPRL,ST,SP REFRACTORIES LIMITED,L
SRPL,EQ,SHREE RAM PROTEINS LTD.,L
SUNDRMBRAK,BE,SUNDARAMBRAKE LININGS LTD,L
SURAJLTD,BE,SURAJ LIMITED,L
SWARAJ,SM,SWARAJ SUITING LIMITED,L
TAC,SM,TAC INFOSEC LIMITED,L
TAPIFRUIT,SM,TAPI FRUIT PROCESSING LTD,L
TBI,ST,TBI CORN LIMITED,L
TBZ,EQ,TRIB BHIMJI ZAVERI LTD,L
TEMBO,BE,TEMBO GLOBAL IND LTD,L
TGL,ST,TEERTH GOPICON LIMITED,L
TOLINS,BE,TOLINS TYRES LIMITED,L
TRANSWIND,ST,TRANSWIND INFRA LIMITED,L
TRUST,ST,TRUST FINTECH LIMITED,L
VASA,ST,VASA RETAIL & OVERSEA LTD,L
VIESL,ST,VISION INFRA EQUIP SOL L,L
VSCL,SM,VADIVARHE SPCLTY CHEM LTD,L
WEALTH,BE,WEALTH FRST PORT. MG. LTD,L
WINSOME,BE,WINSOME YARNS LIMITED,L
WOMANCART,ST,WOMANCART LIMITED,L
ZEELEARN,BE,ZEE LEARN LIMITED,L
