SECURITY,NEW,PREVIOUS,NEW_STATUS
TORRENT POWER LTD,1969.9,1908,H
HERO MOTOCORP LIMITED,6145.95,5984.95,H
INDO BORAX & CHEMICAL LTD,262.65,248.7,H
SBIAMC - SBIETFPB,274.45,270,H
BSE LIMITED,3945,3557,H
NIP IND ETF IT,46.89,46.85,H
SEC RED NCD 8.01% SR.II,1096.96,1012,H
PCBL LIMITED,541.95,524.9,H
DSPAMC - DSPN50ETF,267.7,265,H
ELECTROTHERM (I) LTD.,1026.5,1018,H
ANI INTEGRATED SERV LTD.,197.9,191.5,H
MIC ELECTRONICS LTD,109.33,104.13,H
RAVINDRA ENERGY LIMITED,126.37,120.36,H
DESTINY LOGISTICS & I LTD,89.1,84.9,H
SEC RE NCD 9.55% SR.IV,940,938,H
SEC RE NCD SR II,1062.69,1059.31,H
PRUDENTIAL SUGAR CORPORAT,42.93,40.89,H
RADICO KHAITAN LTD,2288.7,2189,H
CREST VENTURES LIMITED,558,525,H
GENUS P&B LIMITED,29.8,29.68,H
VL E GOV AND IT SOL LTD,145.4,140.04,H
JIWANRAM SHEODUTTRA IND L,22.95,22.9,H
SEC RE NCD 8.20% SR.V,1029.99,1026.95,H
NDR AUTO COMPONENTS LTD,1945,1924,H
HIMADRI SPECIALITY CHEM L,688.7,651.75,H
AIRTEL RS. 1.25 PPD UP,1262.25,1257.3,H
MIRAEAMC - MAM150ETF,23.2,22.85,H
DSPAMC - DSPITETF,46.32,45.7,H
EDELAMC - EBBETF0431,1295,1281.4,H
LLOYDS METALS N ENERGY L,834,824.9,H
EMCURE PHARMACEUTICALS L,1580,1520,H
TAX FREE  7.53% SR. 103 A,1164.94,1164,H
TIRUPATI FORGE LIMITED,37.47,36.74,H
RBZ JEWELLERS LIMITED,172.99,169.66,H
GRETEX INDUSTRIES LTD.,168,160.35,H
EMKAY GLOBAL FIN SERV LTD,202.03,198.07,H
INDIAN PHOSPHATE LIMITED,124.1,124,H
UTI ASSET MNGMT CO LTD,1341,1319,H
SBIAMC - SBIETFIT,473.25,471.15,H
CHOLAMANDALAM FIN HOL LTD,2017,1979.95,H
MOTISONS JEWELLERS LTD,287.9,273.9,H
WORTH PERIPHERALS LIMITED,166.69,157.99,H
9.90 % SRNCD SR VI,1071,1070.9,H
MIRAEAMC - MAFSETF,25,24.95,H
UMA EXPORTS LIMITED,146.5,143.39,H
EPACK DURABLE LIMITED,393.75,393.15,H
TARAPUR TRANSFORMERS LTD,23.63,23.17,H
MODISON LIMITED,232.8,217.95,H
TREJHARA SOLUTIONS LTD,303.99,296.65,H
TATAAML - TNIDETF,101.27,100.98,H
TAX FREE  7.64% SR. 108A,1178,1175.1,H
SEC RED NCD 9.70% SR. V,1096,1095,H
SEC RE NCD SR III,1027.56,1024.84,H
SEC RE NCD 9.71% SR.VIII,941,931,H
SEC RE NCD 9.32% SR III,1002.25,1002,H
SEC RE NCD SR III,1044.38,1020,H
MAHARASHTRA SCOOTERS LTD,11949.95,11450,H
NIP IND ETF JUNIOR BEES,830,829.7,H
ICRA LIMITED,7435,6926.25,H
JAI BALAJI INDUSTRIES LTD,1176,1140.55,H
BAJAJ AUTO LIMITED,12054,11972.85,H
SPML INFRA LIMITED,276.71,275.4,H
VISAMAN GLOBAL SALES LTD,43.6,43.5,H
INOX WIND ENERGY LIMITED,13200,13108.05,H
SEC RE NCD 8.89% SR.VIII,1040,999,H
PARIN FURNITURE LIMITED,338,330.5,H
SHRIRAM - LIQUIDSHRI,1013.05,1012.88,H
TECHINDIA NIRMAN LIMITED,46.17,45.27,H
ATLANTAA LIMITED,60.73,59.54,H
AYM SYNTEX LIMITED,189.43,185.72,H
TAX FREE  7.35% SR. 108,1051.72,1050.2,H
BHARTI AIRTEL LIMITED,1670.95,1666.05,H
HFCL LIMITED,162,160.66,H
KCK INDUSTRIES LTD,272.95,261.8,H
CONCORD BIOTECH LIMITED,2332.2,2138.75,H
LICNAMC - LICNMID100,60.89,60.58,H
GOI LOAN  7.02% 2027,103,102.95,H
HDFCAMC - HDFCQUAL,65.47,65.21,H
HRH NEXT SERVICES LIMITED,111.4,106.1,H
GOI LOAN  7.1% 2034,105.85,105.6,H
PB FINTECH LIMITED,1885,1871.4,H
EURO (I) FRESH FOODS LTD,213.07,194,H
GOI TBILL 364D-12/12/24,98.31,98.08,H
AMI ORGANICS LIMITED,1595,1557.9,H
SEC RE NCD SR III,1060,1049.12,H
SHUBHSHREE BIOFUELS ENE L,218.75,208.35,H
SEC RE NCD 9.9% SR IV,1052.64,1052.34,H
INDO THAI SEC LTD,686,679.95,H
INTERIORS & MORE LIMITED,350,335,H
KAYNES TECHNOLOGY IND LTD,5742,5613.95,H
ZERODHAAMC - LIQUIDCASE,107.5,107.4,H
LEAD REC AND RUB PROD LTD,121.65,118.1,H
REGENCYCERAMICS-LTD,76.44,74.95,H
SEC RED NCD SR.X,1940,1870,H
GRAPHISADS LIMITED,78.75,78.4,H
AARVEE DEN. & EXP. LTD,51.49,50.49,H
BAJAJ HOUSING FINANCE LTD,188.5,181.5,H
NORBEN TEA &EXPORTS LTD,25.11,23.92,H
MRO-TEK REALTY LIMITED,126.4,120.51,H
KN AGRI RESOURCES LIMITED,286.85,274.7,H
KRISHCA STRAPPING SLTN L,430,429.8,H
KRISHIVAL FOODS LIMITED,332.95,321.65,H
KRITI INDUSTRIES IND LTD,270,262.68,H
NAVA LIMITED,1347.8,1313,H
SHRIRAM FINANCE LIMITED,3589.95,3466.75,H
ESCONET TECHNOLOGIES LTD,444.3,423.15,H
BFAM - NIFTYBETF,257.32,257.14,H
IZMO LIMITED,467,312,H
MAITREYA MEDICARE LIMITED,398,379.75,H
MEDICO REMEDIES LIMITED,47.43,46.5,H
VARDHMAN POLYTEX LIMITED,6.5,6.19,H
OSWAL AGRO MILLS LTD,79.34,75.57,H
DCW LTD,105.39,103.65,H
MULTI COMMODITY EXCHANGE,5966.55,5718.65,H
UNITED SPIRITS LIMITED,1561.95,1559.25,H
KOTAKMAMC - KOTAKALPHA,59.9,59.65,H
IBL FINANCE LIMITED,78.95,73.85,H
GOLDKART JEWELS LIMITED,175.6,174,H
SRI ADHIKARI BRO TELE N L,733.15,718.8,H
ASSO ALCOHOLS & BREW LTD,1037.4,1022,H
BIKAJI FOODS INTERN LTD,933.4,901.75,H
RATNAVEER PRECISION ENG L,225.27,214.55,H
AXISAMC - AXSENSEX,88.56,87.64,H
PATTECH FITWELL TUB COM L,116.55,111,H
ARVIND AND COMPANY,114.15,108.75,H
ANSAL PROP & INFRA LTD,13.48,13.29,H
SEC RE NCD 9.65% SR I,1045,1030.99,H
MINDTECK (INDIA) LIMITED,424,144.15,H
KREBS BIOCHEMICALS & IND,92.44,77.1,H
TAX FREE 7.29% SR. IB,1020,1030,L
RAJSHREE POLYPACK LTD,43.56,43.66,L
URAVI T AND WEDG LAMP LTD,462,464.35,L
VETO SWITCHGEAR CABLE LTD,157.5,161.55,L
SANGANI HOSPITALS LIMITED,35.2,36,L
UNS RED NCD 8.79% SR.VIII,920,945,L
GACM TECHNOLOGIES LIMITED,1.15,1.22,L
VITAL CHEMTECH LIMITED,76.1,76.3,L
ASHAPURA LOGISTICS LTD,130.95,132.1,L
MAHALAXMI FABRIC MILLS LT,56.05,58,L
MANGLAM INFRA & ENG LTD,64.1,65,L
FORCAS STUDIO LIMITED,105.5,107.05,L
SEC RE NCD 10.15% SR VII,945,950,L
SMS LIFESCIENCES (I) LTD,1519,1550,L
VISION INFRA EQUIP SOL L,184.6,194.3,L
SURAJ LIMITED,406.9,421,L
SEC RE NCD SR VI,950,1010,L
SAKUMA EXPORTS LIMITED,5.46,5.62,L
FUTURE SUPP CHAIN SOL LTD,2.36,2.41,L
PODDAR HOUSE & DVPT LTD,73.6,73.64,L
DUCON INFRATECH LTD,1.19,1.22,L
MANDEEP AUTO INDUSTRIES L,48.75,49.05,L
SHIVALIC POWER CONTROL L,215,220,L
FOCUS LIGHTG & FIXTRS LTD,105.18,107.33,L
RNFI SERVICES LIMITED,136,137.45,L
TRANS & RECTI. LTD,601.5,627.15,L
SEC RE NCD SR III,1000,1020,L
FALCON TECHNOPROJ IND LTD,52.3,53.5,L
NAMO EWASTE MANAGEMENT L,142.35,145.4,L
MANGALAM ORGANICS LIMITED,611.85,624.3,L
P N GADGIL JEWELLERS LTD,764.55,781.5,L
KRISHNA INST OF MED SCI L,539.15,543,L
OMAXE LIMITED,110,113,L
EXICOM TELE SYSTEMS LTD,327,329.25,L
FILATEX FASHIONS LIMITED,1.08,1.11,L
GALA PRECISION ENG LTD,682,685.7,L
RUBFILA INTERNATIONAL LTD,82.34,82.8,L
SEC RE NCD SR III,1008.2,1032,L
INFIBEAM AVENUES LIMITED,26.8,27.05,L
SEC RE NCD 9.80% SR.VII,828.75,841,L
GAJANAND INTERNATIONAL L,36,37.9,L
PASUPATI ACRYLON LIMITED,58.7,61.6,L
JAY BEE LAMINATIONS LTD,266.1,286,L
QVC EXPORTS LIMITED,64.8,68.2,L
MOTILALAMC - MODEFENCE,72.44,72.87,L
SEC RE NCD 9.65% SR I,1020,1043,L
SEC RE NCD 9.48% SR V,725.1,730.2,L
SHREE TIRUPATI BALAJEE L,85.05,89.53,L
BRACE PORT LOGISTICS LTD,103,107.25,L
XTGLOBAL INFOTECH LIMITED,44.51,45.2,L
SPP POLYMER LIMITED,56.85,59.85,L
M K PROTEINS LIMITED,9.36,9.45,L
TBI CORN LIMITED,188.65,198,L
V.L.INFRAPROJECTS LIMITED,71.8,75.1,L
MY MUDRA FINCORP LIMITED,104.85,110.35,L
SEC RED NCD 9.0% SR. VI,940,941,L
SEC RE NCD 10.25% SR XII,920,970,L
BOSS PACKAGING SOLU LTD,57.6,60.6,L
SEC RE NCD 9.90% SR.IV,711.95,730.2,L
POWERGRID INFRA. INVITS,90.5,90.69,L
GLOBALE TESSILE LIMITED,34.91,35.42,L
AESTHETIK ENGINEERS LTD,72.1,72.4,L
SPORTKING INDIA LIMITED,115.05,122.75,L
DJ MEDIAPRINT & LOG LTD,123.32,125.84,L
BOND 8.30% PA TAX FREE S2,1059.89,1063.8,L
ADITYA ULTRA STEEL LTD,59.95,63.1,L
SECUR CREDENTIALS LIMITED,5.8,5.92,L
TOLINS TYRES LIMITED,216.05,227.43,L
MAHAMAYA STEEL INDS LTD,193.06,196.4,L

