SYMBOL,SYMBOL P/E,ADJUSTED P/E
AXITA,31.46,31.46
PLAZACABLE,113.23,113.23
SENCO,48.65,48.65
TRU,45.38,45.38
RADHIKAJWE,30.97,30.97
SPLPETRO,41.33,41.33
RAMRAT,46.47,46.47
VIVIANA,76.31,76.31
CSLFINANCE,15.05,15.05
KORE,164.93,161.34
GOYALALUM,63.73,63.73
RUSTOMJEE,140.23,140.23
GENSOL,58.32,58.23
DBOL,25.64,25.64
GSLSU,56.71,56.71
SPORTKING,18.68,18.68
ALLETEC,72.25,72.25
MANORAMA,114.46,114.46
ISHAN,,248.74
GRMOVER,27.23,27.23
SYNCOMF,78.56,78.51
CLOUD,3.4,3.4
SULA,43.44,43.44
SIGNATURE,383.19,383.19
ANNAPURNA,69.78,69.78
KRITINUT,16.6,16.6
MEGAFLEX,58.93,58.93
KALAMANDIR,33.07,33.07
AVALON,209.43,209.43
CONCORDBIO,69.06,69.06
GRCL,153.76,153.76
BAIDFIN,18.84,18.84
QUICKTOUCH,14.69,14.69
AMIABLE,10.17,10.17
KAMOPAINTS,126.51,126.51
DOLLEX,11.19,11.19
BLUEJET,58.1,55.65
MVGJL,17.58,17.58
SCPL,20.38,20.38
SUKHJITS,16.67,16.67
ARHAM,48.82,48.82
MANKIND,49.78,49.78
SKYGOLD,67.08,67.08
ARIHANTACA,71.19,71.19
SATINDLTD,6.58,6.58
DIVGIITTS,52.28,52.28
PRITIKA,103.09,103.09
CMNL,24.43,24.09
SRIVASAVI,26.89,26.89
DIACABS,268.08,264.41
IKIO,40.15,40.15
MANOMAY,27.8,27.8
FAZE3Q,27.17,27.17
RBMINFRA,81.75,81.75
LLOYDSME,30.71,30.71
AARTIPHARM,26.71,26.71
RHL,55.71,55.71
SAHYADRI,17.16,17.16
NINSYS,64.12,64.12
DUCOL,41.36,41.36
SBFC,34.74,34.74
SBGLP,80.69,80.69
ASMS,359.23,346
HYBRIDFIN,13.2,12.96
VIAZ,28.71,28.71
ZAGGLE,97.86,97.86
AGARWALFT,353.8,353.8
HONASA,123.59,123.59
RISHABH,40.54,40.54
IRMENERGY,22.33,22.33
SAH,358.14,358.14
DENEERS,19.36,19.36
CYIENTDLM,84.13,84.13
AGUL,19.28,19.28
AKI,110.47,110.47
MASTER,47.84,47.84
YCCL,37.13,37.13
RATNAVEER,29.44,29.44
PATTECH,59.72,59.72
MOS,61.73,61.73
SECMARK,193.78,193.78
SPECTSTM,25.15,25.15
ATAM,30.12,30.12
IDEAFORGE,112.21,112.21
SHRITECH,13.86,13.86
INFOLLION,31.78,31.78
LAL,55.44,55.44
INFINIUM,55.82,55.82
AARTECH,131.8,131.8
POCL,64.46,64.46
ESFL,80.38,80.38
DOLPHIN,189.62,198.25
REMUS,50.77,50.77
REDTAPE,62.29,62.29
ASHOKAMET,8.73,8.73
CELLPOINT,38.13,38.13
PROV,76.89,76.89
PTCIL,598.34,598.34
NETWEB,181.1,181.1
PYRAMID,23.06,23.06
AEROFLEX,57.57,57.41
EMSLIMITED,25.61,25.61
EFACTOR,20.96,20.96
GHCLTEXTIL,31.73,31.73
MONOPHARMA,25.87,25.87
VPRPL,24.17,24.17
UDS,32.93,32.93
SYNOPTICS,17.28,17.28
SSFL,89.38,89.38
KIRLPNU,60.76,58.27
ATL,27.84,27.84
RRKABEL,65.59,65.66
JSWINFRA,62.15,62.15
SANGANI,21.93,21.93
JLHL,53.76,54.09
SAHAJ,26.01,26.01
NUVAMA,32.98,32.98
GLOBALPET,49.12,49.12
YASHO,56.04,56.04
KEL,56.11,56.11
PRAMARA,45.82,45.82
NIITMTS,32.73,31.94
ZEAL,21.41,21.41
SAROJA,27.92,27.92
SINDHUTRAD,32.88,32.88
UNIHEALTH,22.24,22.24
CHAVDA,25.31,25.31
TRANSTEEL,12.35,12.19
SANDUMA,23.33,23.33
PLADAINFO,9.05,9.05
KODYTECH,606.34,606.34
SCML,24.16,24.16
MUFIN,114.22,110.91
MAL,9.15,9.15
HIGREEN,59.69,59.69
CELLECOR,75.04,75.04
SRGHFL,22.19,22.19
JIOFIN,192.3,192.3
MADHUSUDAN,25.47,25.47
GOYALSALT,37.79,37.79
SHANTHALA,139.4,139.4
DIAMINESQ,73.7,73.7
VISHNUINFR,32.12,32.12
KONTOR,106.74,106.74
INSPIRE,17.6,17.6
MAITREYA,50.19,50.19
DIGIKORE,76.94,76.94
AMNPLST,57.02,57.02
VINYAS,192.62,192.62
TREL,4.49,36.45
CELLO,53.93,53.93
PFIZER,44.53,45.02
BOSCHLTD,40.21,53.97
DEEPAKFERT,22.27,22.27
MAHSEAMLES,10.17,10.14
BALMLAWRIE,24.32,24.32
MOTOGENFIN,103.24,103.24
RAMCOCEM,57.5,57.5
PGHL,42.32,40.53
ADORWELD,27.37,27.37
TATACHEM,,32.56
ATFL,311.24,640.1
EPL,36.79,34.87
SUPREMEIND,68.26,68.26
BALRAMCHIN,22.85,22.85
WEIZMANIND,24.99,24.99
BBOX,57.22,44.64
JTEKTINDIA,42.03,42.03
TATAELXSI,60.96,60.96
SHREYANIND,5.26,5.26
HCC,16.9,
IVP,15.38,15.38
NEULANDLAB,49.08,51.49
BERGEPAINT,64.38,64.61
KPIL,46.66,46.66
HSCL,70.69,70.69
ARENTERP,15.18,15.18
THOMASCOOK,37.57,37.57
BHARATRAS,51.63,51.63
JUBLPHARMA,33.4,76.08
SOMANYCERA,29.69,30.77
HLVLTD,55.98,55.98
KABRAEXTRU,58.85,58.85
MODTHREAD,12.05,12.05
PIDILITIND,89.93,87.56
JINDALSAW,12.95,12.95
STYRENIX,20.97,20.97
CANFINHOME,15.3,15.3
DABUR,63.26,63.26
ESABINDIA,56.46,56.46
AARTIIND,42.27,42.27
KOPRAN,28.01,28.01
SURYAROSNI,20.15,20.15
IPCALAB,65.77,71.33
HINDUNILVR,65.28,65.25
DCW,221.48,205.74
BIRLACORPN,25.92,26.34
ASHAPURMIN,15.54,27.89
AUTOAXLES,17.97,17.97
SWARAJENG,28.35,28.35
TTKPRESTIG,56.98,56.98
SILINV,20.33,20.33
BIOFILCHEM,207.52,207.52
HITECHGEAR,13.88,35.99
PUNJABCHEM,33.31,33.31
MMFL,21.15,21.31
JCHAC,4088.76,207.46
GUJRAFFIA,39.22,39.22
KOTHARIPET,19.43,19.35
BANKBARODA,6.63,6.63
GAIL,15.17,15.17
SKMEGGPROD,11.38,11.38
CONCOR,46.07,46.07
KCPSUGIND,7.07,7.69
CHENNPETRO,5.22,5.22
KRBL,14.71,14.71
GAEL,17.48,17.48
AXISCADES,52.12,52.12
TIPSINDLTD,60.72,60.72
HIKAL,72.37,72.37
ACLGATI,232.44,
UNITDSPR,79.86,80.06
ASAL,61.71,61.71
SURANAT&P,36.57,36.57
GENESYS,97.37,97.37
RADICO,108.24,108.24
JSL,23.94,24.68
WELSPUNLIV,24.86,24.86
TVTODAY,14.8,14.32
PETRONET,12.92,13.02
XPROINDIA,54.22,52.18
EXCELINDUS,45.04,45.04
AMBICAAGAR,15.13,15.13
TEXINFRA,427.31,427.31
WELENT,21.99,21.99
INDOCO,46.32,50.36
ALLSEC,21.36,25.79
CYBERMEDIA,15.37,19.95
63MOONS,11.01,11.01
GENUSPOWER,99.33,99.33
RML,95.54,18.71
DCBBANK,7.1,7.1
LTFOODS,26.79,26.79
SOBHA,458.47,458.55
PLASTIBLEN,22.55,22.55
WANBURY,16.04,31.36
REDINGTON,12.57,12.57
SMSPHARMA,53.74,53.74
ASTRAL,93.94,93.94
NCLIND,13.21,13.21
PHOENIXLTD,46.24,46.23
ALPHAGEO,32.21,18.61
KMSUGAR,16.18,16.18
NELCAST,20.66,29.46
MEGASOFT,95.71,95.71
CIEINDIA,26.48,26.48
INDOWIND,43.76,43.76
CENTUM,,4231.42
CCCL,1.12,
DELTACORP,17.9,22.4
CERA,46.97,46.73
BVCL,18.19,18.19
MHRIL,68.41,68.41
VINATIORGA,58.53,58.53
NHPC,23.77,23.77
EXPLEOSOL,21.75,21.75
AMRUTANJAN,52.92,52.92
DEN,12.42,12.42
SARDAEN,27.12,27.02
JSWENERGY,67.08,67.08
HINDCOPPER,85.09,85.09
NESTLEIND,75.68,75.9
UNITEDTEA,14.64,14.64
HATHWAY,57.41,56.7
MANINFRA,25.79,25.79
KIRLOSBROS,37.23,37.34
UMESLTD,118.59,118.59
BLISSGVS,15.44,7.62
GPPL,29.32,27.27
DEEPAKNTR,45.86,49.32
CANTABIL,33.97,34.64
OBEROIRLTY,30.26,30.26
GRAVITA,71.38,71.38
KIRLOSENG,39.76,39.38
DHUNINV,18.82,18.82
SYMPHONY,47.61,47.61
RUSHIL,22.83,22.83
LTF,17.73,17.73
MITCON,20.91,20.91
JPOLYINVST,26.91,26.91
HATSUN,85.75,85.75
SHARDACROP,34.76,34.76
MONTECARLO,29.3,29.3
GULPOLY,69.58,69.58
MOLDTKPAC,41.13,41.13
MENONBE,9.31,9.31
INOXWIND,535.8,433.44
PRIVISCL,47.91,47.91
TPLPLASTEH,43.47,43.47
ORICONENT,87.22,56.52
ADANIENSOL,,73.92
MUTHOOTCAP,5.11,
SHREEPUSHK,19.38,19.38
SHK,366.7,23.1
SALZERELEC,32.83,32.83
ALKEM,35.84,34.26
HITECH,63.39,63.39
SEQUENT,314.15,
HCG,112.81,119.46
THERMAX,89.87,104.69
RIIL,169.18,169.18
RAYMOND,18.95,18.23
SHREDIGCEM,17.83,17.83
SMLISUZU,23.02,23.02
SUNDRMFAST,53.61,53.61
CRISIL,53.31,53.31
PEL,,143.16
MASTEK,27.33,27.12
TRENT,169.86,255.54
CUMMINSIND,67.37,67.31
JBCHEPHARM,49.61,49.61
INDIAGLYCO,23.54,23.54
IONEXCHANG,47.04,47.04
HIMATSEIDE,15.09,15.09
GFLLIMITED,336.05,336.05
BPCL,8.12,7.87
ATUL,71.45,71.45
ACC,21.2,24.01
MRPL,12.43,12.4
HINDPETRO,10.37,10.37
BAJAJHLDNG,80.81,80.81
ZUARIIND,1.61,
VOLTAS,106.67,106.67
TATASTEEL,,52.87
SPIC,18.76,13.09
SBIN,10.11,9.4
DRREDDY,19.94,19.94
CHAMBLFERT,16.31,16.31
CENTURYTEX,119.67,119.67
CENTENKA,28.81,28.81
FEDERALBNK,11.09,11.09
VIPIND,11965.14,11965.14
AEGISLOG,39.59,39.59
UNICHEMLAB,,2560.74
PRECOT,18.35,23.31
ARE&M,26.69,26.69
BALKRISIND,36.49,36.49
ONGC,7.89,7.68
TIL,8.96,
JINDALPOLY,25.08,110.97
JYOTISTRUC,73.86,73.86
JAYNECOIND,32.07,28.61
SOTL,21.81,21.81
WSI,20.21,19.4
SUNFLAG,26.85,26.85
SIMPLEXINF,17.33,17.33
VSTIND,27.72,27.72
UNIVCABLES,78.02,78.02
IFCI,66.85,67.44
M&M,31.67,31.67
KAJARIACER,56.28,56.25
PCBL,37.82,37.82
3PLAND,39.26,39.26
SAIL,22.21,14.98
GRAPHITE,9.78,36.85
BBL,41.74,41.74
DCMSHRIRAM,34.34,34.34
COSMOFIRST,25.91,25.91
HEROMOTOCO,28.7,28.7
GMBREW,14.47,14.47
ITC,30.66,30.64
HINDCOMPOS,26.1,26.1
OSWALGREEN,781.86,781.86
HUHTAMAKI,7.12,30.96
RICOAUTO,40.48,39.44
MANINDS,22.35,22.35
SIYSIL,12.29,12.29
PRECWIRE,45.02,45.02
NCC,25.54,24.88
SEAMECLTD,24.1,25.54
AUROPHARMA,25.52,25.05
GICHSGFIN,8.59,8.59
BANARBEADS,23.46,23.46
WSTCSTPAPR,6.43,6.43
PRUDMOULI,22.21,20.57
PRAJIND,44.69,48.14
TFCILTD,17.77,17.77
GTL,.99,4.77
AGI,22.53,22.53
TATACONSUM,96.08,82
ZEEL,39.83,30.4
FMGOETZE,18.07,18.07
ORIENTHOT,68.39,68.39
3MINDIA,65.83,65.83
ANDHRAPAP,8.59,8.59
RALLIS,46.97,47.22
KSB,76.3,76.3
SHREECEM,43.65,43.65
HINDALCO,14.25,13.97
GSFC,16.84,16.9
FINCABLES,29.5,43.03
DCM,31.83,31.83
HEUBACHIND,40.93,40.93
NAVA,13.41,14.54
TNPL,14.87,14.87
MRF,27.79,27.79
TNPETRO,17.44,15.57
JAYAGROGN,15.75,15.75
MARICO,58.18,58.18
KEYFINSERV,6.66,6.66
MOTHERSON,42,40.89
SOMATEX,5.43,
INDIANCARD,2.29,
DENORA,39.35,39.35
SHRIRAMFIN,16.81,16.81
GANESHHOUC,16.28,16.28
MPHASIS,38.45,38.45
RUCHINFRA,30.32,96.12
HERITGFOOD,35.43,35.16
INDNIPPON,26.62,26.62
HUDCO,22.01,22.01
SAREGAMA,52.26,52.26
ENGINERSIN,39.71,39.71
JAICORPLTD,101.25,101.25
MAHAPEXLTD,.56,38.5
ASAHIINDIA,55.05,55.05
KOTHARIPRO,36.39,36.39
SOUTHBANK,5.64,5.64
ITDCEM,27.08,27.08
CYIENT,34.75,32.77
CYBERTECH,27.62,27.62
GOACARBON,9.69,9.69
STCINDIA,15.02,15.89
RSSOFTWARE,32.93,32.93
NATIONALUM,14.84,17.22
ALEMBICLTD,37.45,37.45
BSOFT,28.15,28.15
STAR,152.43,44.32
ZYDUSLIFE,26.73,26.73
RAJESHEXPO,227.56,227.56
NRBBEARING,12.31,33.41
BLUESTARCO,77.91,77.91
PNBGILTS,35.01,38.25
NLCINDIA,18.66,18.66
USHAMART,26.25,26.25
MRO-TEK,37.23,37.23
TRIDENT,55.91,55.92
JISLJALEQS,71.56,71.56
BHARTIARTL,108.44,89.99
APTECHT,50.82,45.95
OFSS,45.61,45.61
OMAXAUTO,17.54,
NSIL,35.77,35.77
UNIENTER,34.16,34.16
PTC,13.1,12.82
MAHABANK,9.48,9.48
POONAWALLA,17.84,25.5
DATAMATICS,20.7,20.41
LT,31.97,32.11
NIITLTD,55.33,55.33
COFORGE,58.4,59.07
GULFPETRO,15.91,15.91
NTPC,19.94,19.94
JBMA,120.47,120.47
XCHANGING,40.26,40.26
JPPOWER,10.08,7.27
SAKSOFT,40.23,40.23
WELCORP,19.94,19.94
PRIMESECU,39.39,44.43
JSWHL,72.93,72.93
MSPL,87.11,87.15
GOLDIAM,41.26,41.26
NAHARINDUS,41.42,36.9
ORIENTCER,39.3,43.43
VIMTALABS,32.73,32.73
ROHLTD,22.22,22.22
GSPL,10.07,10.26
M&MFIN,20.07,20.07
KEI,65.49,65.48
VAKRANGEE,363.94,386.22
RSYSTEMS,43.29,43.29
BALPHARMA,28.06,28.06
KAMDHENU,31.26,31.26
PIONEEREMB,59.17,59.17
MUNJALAU,33.16,19.79
TECHM,63.22,63.3
ANANTRAJ,72.62,72.62
BINANIIND,41.37,
ALICON,33.54,33.54
FIEMIND,24.86,24.86
INSPIRISYS,33.41,33.41
GESHIP,6.29,6.29
RUCHIRA,9.86,9.86
NFL,37.34,37.34
AVTNPL,27.13,27.13
TIDEWATER,30.87,30.87
AUTOIND,27.53,28.2
UNOMINDA,79.15,81.08
TTL,24.52,68.18
TFL,121.6,121.6
THEMISMED,82.06,82.06
BANSWRAS,20.32,20.32
NDLVENTURE,297.97,297.97
ZENITHSTL,22.03,22.03
SRHHYPOLTD,13.51,12.17
INSECTICID,22.29,22.29
NAVINFLUOR,62.1,75.56
HGS,71.08,71.08
ALPA,13.19,13.21
KPRMILL,36.51,36.51
MOTILALOFS,16.44,16.44
KSCL,17.52,17.52
RGL,18.42,18.42
COLPAL,70.2,70.2
ECLERX,24.98,24.91
TARIL,118.49,118.49
DVL,31.57,31.57
PATINTLOG,27.58,27.58
AMBIKCO,16.32,16.32
CEATLTD,19.45,18.26
JKIL,16.77,16.77
KNRCON,12.07,12.07
SEPC,195.85,195.85
NAHARCAP,14.7,14.7
VGUARD,69.64,69.64
DPSCLTD,104.52,104.52
TITAGARH,58.79,58.45
BAJAJFINSV,18.35,18.35
DIGISPICE,14.69,39.34
RPGLIFE,39.87,39.87
RBL,21.63,21.18
UBL,123.04,123.04
ZFCVINDIA,76.49,76.49
20MICRONS,17.69,17.35
TPHQ,25.73,25.73
MAWANASUG,9.26,9.26
GKWLIMITED,149.82,149.82
OIL,14.08,14.14
RTNPOWER,.87,
ZYDUSWELL,45.39,45.39
REFEX,57.07,57.09
DLINKINDIA,26.13,26.13
DBCORP,12.94,12.94
MMTC,145.6,110.01
VASCONEQ,30.97,30.97
ISFT,24.08,24.08
SJVN,51.35,54.88
KIRLOSIND,16.11,14.41
AHLEAST,8.63,11.68
UGARSUGAR,51.16,51.16
WELINV,126.25,126.25
ORISSAMINE,1939.5,1939.5
GREENPOWER,71.43,111.73
WABAG,33.77,33.59
JWL,62.37,62.37
CGCL,45.25,45.25
IOLCP,24.38,24.38
JAMNAAUTO,24.56,24.56
ZEELEARN,2.06,8.11
PSB,60.6,60.6
KICL,41.57,55.11
JUBLINDS,76.56,38.84
HFCL,59.58,59.58
LOVABLE,67.72,67.72
PIIND,40.93,40.93
OMINFRAL,37,37
MAITHANALL,4.37,4.37
ASAHISONG,23.28,183.75
VASWANI,17.07,17.07
ONELIFECAP,15.33,15.33
SHAKTIPUMP,36.85,36.85
JISLDVREQS,1.13,1.13
RUPA,32.6,31.46
APLAPOLLO,54.95,54.95
IRFC,32.55,32.55
COMPUSOFT,65.37,65.37
RHIM,,42.72
NBCC,72.23,55.61
TBZ,34.02,34.02
SWANENERGY,26.5,26.5
RTNINDIA,10.43,9.98
THEJO,51.79,51.79
MAYURUNIQ,21.55,21.55
DUCON,35.22,35.22
TVSHLTD,14.56,14.55
CARERATING,28.19,28.19
INDUSTOWER,17.54,17.54
ORIENTCEM,34.04,34.04
SAMMAANCAP,9.47,9.47
ESSENTIA,25.65,25.66
ORBTEXP,17.43,17.43
CASTROLIND,28.47,28.47
CAPLIPOINT,31.67,31.67
SNOWMAN,127.23,127.23
PDSL,37,37.74
INTELLECT,45.53,45.13
FCL,36.45,36.45
APOLSINHOT,49.43,49.43
GENUSPAPER,94.98,94.98
GANECOS,80.8,80.8
LINC,28.67,28.67
MANAKALUCO,43.76,43.76
IMAGICAA,266.96,62.77
BYKE,51.2,51.2
VRLLOG,77.89,78.37
ARROWGREEN,33.4,33.4
ALANKIT,27.34,27.34
BALKRISHNA,,18.45
SATIN,5.1,5.1
SHARDAMOTR,22.46,22.46
INDIGO,24.4,24.4
TTKHLTCARE,30.75,38.13
PILANIINVS,38.93,38.93
NH,32.51,32.51
TEAMLEASE,49.83,51.42
NECCLTD,30.93,30.93
GOKULAGRO,25.76,25.76
PDMJEPAPER,9.85,9.85
HECPROJECT,19.48,19.48
WEALTH,28.72,28.72
CROMPTON,61.72,61.72
SAGARDEEP,54.98,54.98
ALBERTDAVD,11.95,11.95
NAGAFERT,.34,.34
CONTROLPR,24.86,24.89
INCREDIBLE,34.4,34.4
DAMODARIND,45.21,45.21
POKARNA,31.92,31.92
GROBTEA,42.55,42.55
LLOYDSENGG,106.02,106.02
LTIM,41.86,41.86
GATECH,67.79,67.79
DBL,24.08,54.24
MBAPL,64.83,64.83
LTTS,45.83,45.83
CROWN,17.46,82.7
ICICIPRULI,272.14,272.14
JAIPURKURT,28.87,28.87
MASKINVEST,1075.95,1075.95
SAKAR,63.29,63.29
AURDIS,15.28,15.28
PANSARI,41.99,41.99
ARTNIRMAN,116.47,116.47
GICL,76.05,76.05
VBL,85.49,85.49
JETFREIGHT,19.9,21.98
TCIEXP,35.12,35.12
TERASOFT,17.68,16.99
LIBAS,5.78,5.78
PROLIFE,11.22,11.22
CAPTRUST,105.28,105.28
MAHESHWARI,13.64,13.64
MCL,30.37,30.37
PRICOLLTD,38.91,38.91
STEELCITY,11.11,11.11
KRISHANA,32.36,32.36
GLOBAL,13.23,13.23
SANGINITA,58.85,58.85
AKASH,36.6,36.6
DMART,128.15,128.15
AIRAN,15.36,15.36
ARIHANTSUP,26.74,26.74
NRAIL,7.79,7.79
CREATIVE,25.09,25.09
DEVIT,25.63,25.63
MKPL,33.04,33.04
BHAGYANGR,36.99,36.99
VSCL,1341.67,1341.67
GLOBE,23.16,26.47
TEJASNET,129.1,129.1
TRANSWIND,31.93,31.93
DYNPRO,108.9,108.9
THEINVEST,37.16,37.16
SERVOTECH,325.57,325.57
PASHUPATI,202.92,202.92
CHOLAHLDNG,8.82,8.82
WORTH,15.12,15.12
RMDRIP,107.16,107.16
DPWIRES,20.39,20.39
AARVI,20.22,20.22
TIRUPATI,49.33,49.33
AIROLAM,28.28,28.28
RKEC,13.48,13.48
GOLDSTAR,68.65,68.65
JASH,37.98,37.98
OMFURN,21.58,21.58
MASFIN,20.04,20.04
DPABHUSHAN,51.95,51.95
NAM-INDIA,34.65,34.65
NIACL,35.84,35.84
VERTOZ,139.46,139.46
PULZ,25.28,25.28
SILVERTUC,53.19,53.19
ICEMAKE,43.42,43.42
SHRADHA,11.46,11.46
INNOVANA,24.09,24.09
TOUCHWOOD,54.26,54.27
AJOONI,70.44,70.44
MOKSH,16.92,16.92
SILLYMONKS,93.27,93.27
SOLEX,160.42,160.42
SINTERCOM,295.26,295.26
MHHL,10.32,10.32
SOUTHWEST,40.24,42.27
ARVEE,152.77,152.77
ASTERDM,61.18,
BANKA,66.11,66.14
HGINFRA,18.82,19.22
HINDCON,52.25,52.25
SARVESHWAR,56.62,56.62
MACPOWER,49.6,49.6
BANDHANBNK,13.01,13.01
URAVI,271.72,271.72
MITTAL,21.08,39.32
GIRIRAJ,88.89,88.89
ISEC,14.2,14.2
KAPSTON,33.51,33.51
MIDHANI,95.45,95.45
CONTI,96.44,
AVG,17.65,27.68
MMP,33.56,33.56
NARMADA,38.16,38.16
CHEMFAB,76.8,76.8
BSHSL,87.17,87.17
MAHICKRA,83.16,83.16
AAKASH,19.65,19.65
GODHA,55.14,55.14
SOFTTECH,141.3,141.3
E2E,159.38,159.38
SIRCA,39.63,39.63
SVLL,102.13,102.13
LATTEYS,128.4,128.4
SONAMLTD,35.63,35.63
ADANIGREEN,269.91,223.56
PRITI,21.11,21.11
GAYAHWS,,85.66
RITES,37.09,37.09
GANGAFORGE,185.33,188.85
REPL,26.86,26.86
HBSL,3.03,3.03
AVROIND,45.3,45.3
TEMBO,27.65,28.14
AARON,43.54,43.54
SIGIND,16.27,16.27
LAGNAM,14.98,14.98
RPPL,31.87,31.87
AKG,53.87,53.87
IRCON,24.04,24.04
RAJMET,33.11,33.11
GRSE,53.78,53.78
KRITIKA,50.06,50.06
PARIN,158.48,158.48
VINNY,53.08,53.08
MARINE,103.67,104.13
ATGL,130.18,130.18
TECHNOE,62.44,62.44
SHUBHLAXMI,20.62,20.62
SHRIRAMPPS,5.8,5.8
TREJHARA,30.21,246.48
SURANI,728.14,728.14
MSTCLTD,22.71,22.71
ARVINDFASN,65.88,63.55
PAR,20.45,20.45
KHFM,159.86,159.86
POLYCAB,55.86,55.86
KPITTECH,71.3,71.3
VIKASLIFE,,90.95
CONFIPET,35.76,35.76
DGCONTENT,41.81,41.81
OAL,65.8,65.8
WEL,167.04,167.04
CHEMCON,56.92,56.92
WESTLIFE,303.77,303.77
HNDFDS,73.89,73.89
MAZDOCK,38.65,38.65
IRCTC,62.91,62.75
SECL,1286.85,1286.85
360ONE,45.72,42.62
HPIL,138.58,138.58
FLUOROCHEM,141.55,141.55
GREENPANEL,40.96,40.96
CHEMBOND,18.93,18.93
MGEL,18.76,18.76
SBICARD,31.29,31.29
HOMEFIRST,32.26,32.26
CSBBANK,10.23,10.23
EASEMYTRIP,66.1,41.15
ROSSARI,37.61,37.61
PRINCEPIPE,33.93,36.77
ESAFSFB,5.25,5.25
ARTEMISMED,71.74,71.74
SUMICHEM,70.44,70.44
LGHL,66.67,70.88
ASALCBR,31.55,31.55
UNIVPHOTO,14.37,14.37
BAFNAPH,672.73,297.36
SUVENPHAR,122.57,122.57
STOVEKRAFT,89.66,89.66
RAJRATAN,39.7,39.7
HAPPSTMNDS,50.73,52.92
GLAND,42.11,42.11
BOROLTD,66.17,66.17
MAXHEALTH,88.97,88.97
AAATECH,50.12,50.12
KALYANKJIL,116.63,116.63
SHAREINDIA,14.2,14.18
UNIDT,40.99,40.99
ANGELONE,19.25,19.25
NIRAJ,27.42,18.42
SURYODAY,8.34,8.34
UTIAMC,19.55,19.55
BECTORFOOD,84.08,84.08
ORCHPHARMA,65.09,65.09
INDIGOPNTS,49.62,49.62
LXCHEM,71.56,71.56
MTARTECH,134.91,134.91
ANURAS,65.83,65.83
ISGEC,38.22,38.22
STYLAMIND,27.64,27.46
CLSEL,10.69,10.69
CARYSIL,39.67,39.67
SHAILY,73.62,73.62
MODISONLTD,40.4,39.86
FIBERWEB,14.97,14.97
BCLIND,18.39,18.39
BHAGCHEM,214.88,214.88
SBCL,44.66,44.66
SMCGLOBAL,8.1,8.1
QMSMEDI,26.8,26.8
NPST,548.73,548.73
ARIHANTCAP,15.66,15.66
NAZARA,88.04,87.27
IPL,38.29,38.29
GENCON,20.29,20.29
LODHA,68.57,65.18
HLEGLAS,71.98,66.72
VMARCIND,34.87,34.87
SONACOMS,84.59,83.91
UTKARSHBNK,9.93,9.93
DRCSYSTEMS,24.56,24.56
PARAS,115.81,115.81
CRAFTSMAN,48.47,48.47
DODLA,37.55,37.55
JUBLINGREA,70.49,70.49
ROLEXRINGS,39.26,35.62
SHYAMMETL,22.56,22.56
KIMS,65.23,65.23
TATVA,89.27,89.27
CLEAN,66.82,66.82
AILIMITED,74.37,74.37
GLS,35.93,35.93
ABSLAMC,26.12,26.12
DEEPINDS,20.64,20.72
ZOMATO,397.33,397.33
BEWLTD,33.71,33.71
PIXTRANS,23.54,23.54
WINDLAS,31.4,31.4
CARTRADE,56.45,56.45
KRSNAA,44.23,44.23
EQUIPPP,2686.37,2686.37
DEVYANI,1594.39,282.09
APTUS,25.99,25.99
SUPRIYA,37.67,37.67
ABCOTS,65.74,65.74
VIJAYA,74.88,73.99
AMIORG,151.91,66.85
IWEL,1156.8,569.12
VINEETLAB,377.51,377.51
SANSERA,44.41,44.41
BAJAJHCARE,,35.53
PRITIKAUTO,30.28,30.28
AAREYDRUGS,37.31,37.31
GRINFRA,13.6,16.93
INTLCONV,7.4,7.4
REXPIPES,17.52,17.52
STEELCAS,23.24,23.24
HPAL,41.5,41.82
UGROCAP,19.68,19.68
KPIGREEN,55.17,54.78
YUKEN,72.96,72.96
ANANDRATHI,66.63,66.63
FINOPB,34.68,34.68
NYKAA,1105.17,1105.17
AWL,85.82,79.54
SAPPHIRE,301.85,301.85
DKEGL,11.43,11.43
PRUDENT,61.62,61.62
NUVOCO,96.12,96.12
GOCOLORS,81.48,81.48
TRACXN,139.36,139.36
FUSION,8.9,8.9
COASTCORP,84.47,84.47
MEDPLUS,131.95,131.95
RATEGAIN,53.46,53.46
LATENTVIEW,61.55,61.55
MICEL,39.79,44.4
FOODSIN,34.59,34.59
PARADEEP,31.48,31.48
TMB,7.13,7.13
DYNAMIC,79.31,79.31
DESTINY,61.54,61.54
MANYAVAR,81.2,81.2
GVPTECH,79.93,79.93
DMCC,72.34,72.34
FOCE,50.34,50.34
EMIL,42.23,42.23
UMAEXPORTS,29.7,29.16
DATAPATTNS,80.04,80.04
JSLL,48.46,48.46
COOLCAPS,134.2,134.13
AHL,21.61,21.61
MALLCOM,27.56,27.56
SMLT,22.55,22.55
RADIANTCMS,21.53,21.53
EUROBOND,59.23,59.23
HARIOMPIPE,38.26,38.26
DCMSRIND,14.12,14.12
RAJRILTD,5170.63,5170.63
DYCL,33.33,33.33
FIVESTAR,24.63,24.63
VIRINCHI,33.64,33.64
SBC,84.78,84.78
ELIN,80.39,80.39
SHIGAN,47.02,47.02
MADHAVBAUG,79.24,79.24
MHLXMIRU,14.89,14.89
GATEWAY,20.41,20.41
ZIMLAB,30.81,30.81
JTLIND,36.67,36.67
RAINBOW,61.62,61.62
VENUSPIPES,47.89,47.89
ROTO,46.84,46.84
GSTL,69.82,69.82
INDOBORAX,18.1,18.1
LANDMARK,45.76,45.17
AVONMORE,29.55,29.55
DREAMFOLKS,36.95,36.95
KNAGRI,36.72,36.72
DHARMAJ,27.76,27.76
KRISHIVAL,73.68,73.68
OBCL,45.42,45.42
KCK,208.58,208.58
LICI,15.44,15.44
INDOAMIN,32.5,32.5
PROPEQUITY,25.79,25.79
AMEYA,27.45,27.45
INOXGREEN,250.11,250.11
ACI,31.96,31.96
RITCO,26.61,26.61
SADHNANIQ,488.51,488.51
VEEKAYEM,28.72,28.72
RILINFRA,30.27,30.27
CHEVIOT,10.67,10.67
CMRSL,11.6,9.5
KFINTECH,64.08,64.08
YATHARTH,37.32,37.32
AKSHAR,41.52,41.52
NGLFINE,31.22,31.22
SABAR,13.01,13.01
JFLLIFE,21.94,21.94
FIDEL,29.93,29.93
GUJGASLTD,34.2,35.44
COFFEEDAY,,5.57
BALAXI,13.84,16.71
UMANGDAIRY,66.74,66.74
KRIDHANINF,,63.77
LALPATHLAB,71,71
OCCL,8.07,8.07
QUICKHEAL,89.85,89.85
VIDHIING,61.46,61.46
KELLTONTEC,20.46,20.46
INFIBEAM,38.56,38.56
SHRIPISTON,22.52,22.52
ARMANFIN,11.4,11.4
ASPINWALL,18.24,18.24
SALONA,24.67,24.67
PREMEXPLN,107.83,107.83
MGL,15.76,15.76
MOLDTECH,25.3,25.3
GPTINFRA,33.93,33.93
QUESS,35.24,34.25
SOMICONVEY,42.58,42.58
ADVENZYMES,42.39,39.58
SPAL,26.25,26.25
NDGL,13.85,13.85
RBLBANK,10.17,10.17
BIGBLOC,66.66,66.66
CUPID,27.31,27.31
GNA,19.58,19.58
MARATHON,25.69,25.69
HPL,68.85,68.85
ENDURANCE,46.98,46.98
MAZDA,19.4,19.4
PNBHOUSING,17.12,17.12
KINGFA,33.22,33.22
PODDARMENT,14.85,14.85
NBIFIN,153.78,153.78
SFL,50.95,72.5
LAURUSLABS,177.81,177.81
ITDC,90.76,90.66
HISARMETAL,18.71,18.71
SPCENET,131.81,131.81
BHANDARI,25.65,25.65
BSE,87.94,87.94
JITFINFRA,19.6,22.57
INTENTECH,18.77,18.77
URJA,418.32,418.32
CLEDUCATE,40.09,43.06
DOLLAR,31.49,31.28
USASEEDS,24.26,24.26
AGNI,224.5,224.5
KANDARP,36.34,36.34
ARABIAN,33.58,33.58
BAHETI,53.78,53.78
RITEZONE,15.62,15.62
PHANTOMFX,21.52,21.52
IPSL,32.15,32.15
JIWANRAM,27.48,27.48
FROG,31.45,31.45
ANLON,57.9,57.9
VERTEXPLUS,117.67,117.67
SAHANA,81.19,81.19
HOMESFY,60.67,50.83
LRRPL,229.97,229.97
MCON,52.46,52.46
QFIL,23.48,23.48
NIRMAN,49.07,49.07
SYSTANGO,22.93,22.93
AUROIMPEX,15.86,15.86
CRAYONS,17.19,17.19
URBAN,26.43,26.43
KRISHCA,37.74,37.74
AATMAJ,70.05,70.05
PENTAGON,19.95,19.95
SEL,164.29,164.29
GREENCHEF,38.25,38.25
MAGSON,26.19,26.19
DENTALKART,60.16,60.16
COMMITTED,14.9,14.9
DRONE,86.12,86.12
SERVICE,31.4,31.4
VINSYS,22.69,22.69
ACSAL,25.07,25.07
ORIANA,73.21,73.21
ONDOOR,41.02,40.65
OLIL,45.45,45.45
KARNIKA,32.55,32.55
SAAKSHI,78.17,78.17
BASILIC,41.95,41.95
CPS,80.76,80.76
NEWJAISA,55.17,55.17
HOLMARC,37.74,37.74
MARCO,41.6,41.6
MICROPRO,20.77,20.77
CANARYS,46.24,46.24
SARTELE,83,83
PARAGON,23.22,23.22
EMKAYTOOLS,14.1,14.1
GRETEX,25.04,24.85
DRL,11.81,11.81
JALAN,,40.55
ACCORD,57.12,57.12
MPTODAY,7.07,7.09
CADSYS,7.7,7.86
BETA,47.91,47.91
AISL,34.77,34.77
FELIX,65.29,65.29
MDL,53.5,50
SPECTRUM,136.47,136.47
DRSDILIP,54.26,54.26
ABINFRA,95.81,97.19
ASCOM,29.21,29.12
PARTYCRUS,20.05,20.05
SIDDHIKA,15.98,15.98
MAKS,130.33,66.22
BMETRICS,27.41,27.41
DUGLOBAL,678.32,678.32
QUADPRO,45.19,45.19
KOTYARK,43.36,43.36
PRECISION,22.42,22.42
NIDAN,,22.55
RICHA,29.01,29.01
SPRL,23.41,23.41
SONUINFRA,15.01,15.01
LEMERITE,278.5,278.5
KRISHNADEF,104.6,104.6
SWARAJ,26.89,26.89
SKP,62,62
MWL,30.2,30.2
ARISTO,20.25,20.25
SWASTIK,148.76,148.76
SCHAND,17.16,17.16
PSPPROJECT,22.68,22.68
CDSL,63.48,63.48
AUBANK,32.41,31.22
STEELXIND,79.49,79.49
MAGADSUGAR,10.92,10.92
THYROCARE,59.6,59.48
PARAGMILK,22.41,22.41
UNITEDPOLY,32.66,32.66
BLS,44.77,44.77
NITIRAJ,25.07,25.07
RADIOCITY,62.65,62.65
TASTYBITE,205.33,205.33
EIFFL,196.58,196.58
SHANKARA,17.41,17.41
WIPL,53.81,53.81
SIKKO,34.8,34.8
INFOBEAN,40.03,40.03
STARCEMENT,38.17,38.17
ERIS,48.29,48.29
GTPL,21.12,21.12
ACEINTEG,61.73,61.73
SALASAR,71.46,71.46
AVADHSUGAR,12.56,12.56
GANGESSECU,33.87,33.87
TOTAL,773.98,773.98
OPTIEMUS,94.67,94.67
VAISHALI,256.41,256.41
GEEKAYWIRE,15.44,15.44
DIXON,194.83,194.83
CAPACITE,21.23,21.23
DIAMONDYD,39.79,39.79
GATECHDVR,11.49,11.49
IEX,55.19,55.19
HDFCLIFE,92.06,92.06
ZODIAC,74.8,74.8
ONEPOINT,38.03,38.03
BCONCEPTS,77.62,77.62
AHLADA,10.67,10.67
KSHITIJPOL,19.36,49.93
SILGO,25.78,25.78
BBTCL,31.5,31.5
IRISDOREME,52.28,52.28
UNIPARTS,19.8,19.8
AWHCL,21.16,21.16
RPSGVENT,34.41,34.41
CHALET,76.82,76.82
RVNL,81.54,81.54
METROPOLIS,81.27,81.27
NEOGEN,127.29,127.29
EMAMIPAP,8.15,8.15
PPL,15.03,15.03
INDIAMART,44.99,44.99
SATIA,6.54,6.54
AFFLE,69.3,69.3
SPANDANA,9.92,9.92
UJJIVANSFB,6.59,6.59
SAFARI,73.67,73.67
IIFLSEC,16.37,16.37
VISHWARAJ,71.72,71.72
KUANTUM,7.98,7.98
APOLLOPIPE,60.17,60.17
ROUTE,27.85,28.92
SIGMA,22.36,22.36
EQUITASBNK,15.17,15.17
HINDWAREAP,72.08,72.08
LIKHITHA,23.8,23.8
PATANJALI,71.28,71.28
ATALREAL,42.59,42.59
MAHEPC,,2246.07
POWERINDIA,324.16,324.16
KSOLVES,34.7,34.7
AARTISURF,41.62,41.62
NDRAUTO,64.56,64.56
PAVNAIND,52.53,52.53
SIGACHI,30.98,30.98
ADL,282.14,282.14
CAMS,58.16,58.16
ROML,126.37,126.37
RAILTEL,59.25,58.48
NURECA,619.84,619.84
HERANBA,34.22,34.22
FAIRCHEMOR,34.01,34.01
STARHEALTH,40.67,40.67
SGIL,57.01,57.01
SJS,32.84,32.84
POLICYBZR,609.42,814
MONARCH,20.14,20.13
EPIGRAL,33.24,33.24
CMSINFO,25.95,25.95
TARSONS,68.18,68.18
TEGA,60.74,60.74
METROBRAND,83.08,83.08
PASUPTAC,23.71,23.71
MAPMYINDIA,81.16,81.16
KRITI,46.25,46.25
GANESHBE,17.79,17.79
MEDICAMEQ,95.47,95.47
SHIVALIK,55.32,55.32
MEDANTA,62.66,62.66
ASIANENE,51.14,48.22
NRL,73.03,73.03
CHOICEIN,65.27,65.27
GRWRHITECH,29.74,29.74
EMUDHRA,93.16,93.16
STARTECK,16.5,16.5
ELDEHSG,26.77,26.77
SEJALLTD,90.96,90.96
RELCHEMQ,109.78,109.78
SYRMA,67.23,66.69
CAMPUS,121.33,121.33
AETHER,158.63,83.05
MEGASTAR,68.49,68.49
RACE,672.52,672.52
ETHOSLTD,132.61,132.61
MSUMI,46.4,46.4
HARSHA,38.83,38.83
GMRP&UI,6.26,
TVSSCS,9928.21,250.81
BIKAJI,77.43,77.43
HARDWYN,127.28,127.28
HMAAGRO,44.57,44.57
DCXINDIA,55.88,55.88
KAYNES,169.83,169.83
APOLLOHOSP,95.65,95.76
INDBANK,23.39,23.39
EICHERMOT,36.3,36.3
ZENSARTECH,26.15,26.15
IGARASHI,132.45,132.45
MUNJALSHOW,22.6,21.21
RANASUG,23.44,23.44
UFLEX,,13.17
SPMLINFRA,157.03,185.72
TATACOMM,63.84,76.12
LIBERTSHOE,64.75,50.6
MANGLMCEM,40.76,40.76
OSWALAGRO,319.95,318.2
IDBI,15.68,15.68
ELECTCAST,14.98,14.98
LYKALABS,1024.36,517.41
GOLDENTOBC,10.82,12.28
GABRIEL,38.77,38.77
PRAKASH,9.57,9.57
GREAVESCOT,,110.86
SUDARSCHEM,60.8,60.8
AKZOINDIA,38.98,38.98
AMBUJACEM,35.11,36.92
CGPOWER,122.09,124.85
BEL,49.53,49.53
CORALFINAC,10.98,10.98
DALMIASUG,14.63,14.63
GARFIBRES,35.82,35.82
SKFINDIA,48.19,48.19
ZENITHEXPO,2950.13,2950.13
SANGAMIND,50.33,43.69
CREST,12.95,12.95
TVSSRICHAK,36.32,34.24
GUJAPOLLO,36.25,36.25
MPSLTD,31.26,31.26
PONNIERODE,9.97,9.97
UNIONBANK,6.73,6.73
GODREJIND,38.2,38.2
VARDHACRLC,22.98,22.98
IGL,23.93,23.93
SIL,143.28,143.28
BIOCON,21.89,22.11
ULTRACEMCO,48.11,47.93
GUFICBIO,46.56,46.56
KOTARISUG,41.56,41.56
SUPRAJIT,43.07,43.07
JINDALPHOT,57.01,57.01
GOKEX,54.75,54.75
SHOPERSTOP,238.84,205.58
JKPAPER,8.19,8.19
VHL,342.04,40.46
NECLIFE,174.71,174.71
SASKEN,31.9,31.9
TORNTPOWER,36.25,36.25
HIRECT,84.39,65.67
HBLPOWER,59.85,56.05
SARLAPOLY,17.65,17.65
PITTIENG,46.82,46.82
TIIL,27.54,26.86
PFC,7.43,7.43
PAGEIND,84,84
AMDIND,112.92,112.92
ICRA,44.56,44.56
BFUTILITIE,15.51,15.51
NAGREEKEXP,21.47,21.47
TARMAT,,152.5
THANGAMAYL,50.65,50.65
HMVL,190.74,190.74
BAJAJCON,24.5,24.5
KILITCH,57.03,57.03
BEDMUTHA,25.5,25.5
RESPONIND,43.7,43.7
RPPINFRA,12.31,12.31
TEXRAIL,75.96,75.96
PFS,20.3,20.3
RELAXO,108.69,108.69
ASHIANA,51.21,51.21
PILITA,73.08,73.08
AGRITECH,13.26,13.26
GOCLCORP,29.97,27.49
CIGNITITEC,28.87,28.27
LAMBODHARA,39.29,39.29
VISHNU,25.26,25.26
JMA,9.19,9.19
MANAKCOAT,32.11,32.11
AVANTIFEED,22.27,22.27
PNCINFRA,8.97,8.97
RAMASTEEL,80.41,80.41
POWERMECH,39.79,39.72
IDFCFIRSTB,19.21,19.21
LUXIND,47.42,47.42
LINCOLN,15.82,15.82
PRECAM,51.59,73.62
BHAGERIA,50.87,50.87
KDDL,29.3,29.36
BHARATWIRE,21.03,21.03
PENINLAND,26.3,27.43
WHEELS,29.15,29.15
PREMIERPOL,23.51,23.51
SESHAPAPER,9.94,9.94
FACT,2461.22,299.82
EXIDEIND,46.64,46.64
ELECON,40.39,40.39
LAXMIMACH,59.7,59.7
NELCO,119.33,119.33
MAHSCOOTER,61.52,63.54
LUMAXIND,45.98,45.98
KECL,92.03,92.03
KCP,11.53,11.45
JAYBARMARU,34.95,34.95
INFY,30.39,30.39
IFBIND,70.98,70.98
IGPL,50.04,50.04
GNFC,18.62,18.62
BHARATFORG,85.66,77.23
BASF,46.23,46.93
ARVIND,32.71,32.82
TATAMOTORS,10.69,10.62
SCI,15.2,15.2
LINDEINDIA,156.74,156.74
ESCORTS,41.48,41.48
ASHOKLEY,26.72,26.18
TITAN,96.82,96.82
SUNDARMFIN,36.49,34.99
VEDL,18.87,21.19
RELIANCE,25.57,25.57
NOCIL,37.69,37.69
BATAINDIA,56.1,74.18
CARBORUNIV,67.7,67.7
HINDOILEXP,15.33,18.11
COROMANDEL,33.8,33.8
VINDHYATEL,29.03,29.03
ASIANPAINT,63.17,63.17
BEML,56.54,56.54
TORNTPHARM,67.36,70.33
VTL,20.65,20.65
VLSFINANCE,4.23,4.23
SRF,58.65,58.65
BIRLACABLE,74.78,74.78
HONAUT,82.65,82.65
RANEHOLDIN,28.99,14.95
SUNPHARMA,42.61,41.99
SANDESH,6.58,6.57
ADANIENT,78.63,74.39
RAJSREESUG,21.49,21.49
GET&D,150.88,150.88
TAINWALCHM,40.59,40.59
BANARISUG,28.23,28.23
BSL,21.05,21.05
BLUEDART,74.9,74.9
APCOTEXIND,39.64,39.64
RCF,60.31,66.49
KARURVYSYA,10.14,10.14
DECCANCE,34.09,23.24
TATAPOWER,44.29,44.64
ADVANIHOTR,28.95,28.95
SUBROS,42.55,42.55
SIEMENS,97.98,97.98
WIPRO,25.57,25.57
TOKYOPLAST,89.67,89.67
MURUDCERA,62.6,62.6
SANOFI,33.49,31.48
HEIDELBERG,34.65,34.65
PRSMJOHNSN,99.21,
POLYPLEX,19.65,19.65
EIHAHOTELS,31.58,31.58
HONDAPOWER,41.71,43.5
RUBYMILLS,22.05,22.05
ABB,103.67,103.67
BRITANNIA,67.2,66.58
DHAMPURSUG,15.46,15.46
CIPLA,31.14,30.09
HDFCBANK,18.22,18.12
GIPCL,16.31,16.31
INDIANHUME,27.92,27.92
IOC,7.93,7.93
KAMATHOTEL,12.62,67.25
BANCOINDIA,18.02,18.02
APOLLOTYRE,20.23,19.19
SHANTIGEAR,54.21,54.21
ONWARDTEC,32.08,32.08
NILKAMAL,28.41,28.41
ICIL,23.8,23.8
ELGIEQUIP,72.67,72.67
BBTC,9.67,9.33
EIHOTEL,37.02,36.52
LICHSGFIN,7.82,7.82
BEPL,21.8,21.8
MOREPENLAB,41.25,41.25
VENKEYS,23.89,23.89
GHCL,12.53,12.53
EVERESTIND,110.88,131.88
BPL,22.1,22.1
PGHH,79.98,79.98
VESUVIUS,42.87,42.87
BOMDYEING,1.42,
NAVNETEDUL,4.21,18.12
GLAXO,74.08,65.57
CHOLAFIN,36.3,36.3
INDHOTEL,80.43,80.43
KOTAKBANK,17.26,19.95
GILLETTE,70.42,70.42
KANSAINER,37.47,37.47
FOSECOIND,44.94,45.15
SCHAEFFLER,66.33,66.09
AMJLAND,17.19,17.19
MFSL,88.72,88.72
HEG,60.2,60.2
GODFRYPHLP,59.16,55.85
TATAINVEST,118.6,118.6
TIMKEN,70.99,70.99
SAKHTISUG,4.87,
INGERRAND,57.64,57.64
HINDZINC,25.48,25.48
GRASIM,19.1,18.37
FINPIPE,22.82,37.87
EIDPARRY,9.38,9.38
CESC,17.39,21.12
BAJFINANCE,30.56,30.56
GREENPLY,43.54,47.86
PEARLPOLY,46.34,46.34
REMSONSIND,50.38,51.92
NATCOPHARM,17.09,17.09
ANDHRSUGAR,35.15,33.28
STARPAPER,6.37,6.21
EIMCOELECO,34,34
CUBEXTUB,33.24,33.24
SAMBHAAV,37.7,42.75
SUNDRMBRAK,54,54
AARTIDRUGS,31.05,31.05
STERTOOLS,32.85,33.08
WENDT,75.67,75.67
MIRZAINT,58.86,58.86
DYNAMATECH,56.29,102.6
JAGSNPHARM,53.41,47.45
ALKYLAMINE,76.62,76.62
RAMCOIND,27.52,27.52
INDRAMEDCO,30.14,30.14
MADRASFERT,21.08,12.97
BANKINDIA,7.72,7.72
ICICIBANK,19.15,19.15
INDSWFTLAB,2.85,15.04
FDC,29.12,29.12
ADROITINFO,14.94,14.94
GMDCLTD,20.51,20.51
INDUSINDBK,12.66,12.66
TRIGYN,23.1,23.1
J&KBANK,6.14,6.14
CUB,11.99,11.99
ASTRAZEN,173.62,91.15
AXISBANK,14.23,14.23
SONATSOFTW,63.54,5.21
KOKUYOCMLN,50.58,50.58
DHANBANK,44.82,44.82
SANGHVIMOV,18.55,18.55
IVC,70.38,70.38
JINDALSTEL,19.21,19.21
NIPPOBATRY,2.96,2.96
HCLTECH,29.94,29.94
ACCELYA,28.28,28.35
IOB,39.15,39.15
BIL,55.27,55.27
KTKBANK,6.6,6.6
AJANTPHARM,46.07,46.07
CALSOFT,64.62,64.62
TVSMOTOR,71.51,71.51
PNC,32.08,32.08
TAJGVK,26.74,26.74
REPRO,97.21,97.21
HAVELLS,90.42,90.42
BALAJITELE,103.16,103.16
KHANDSE,97.69,97.69
MARKSANS,40.27,40.27
SMARTLINK,33.56,33.56
GODREJCP,,76.08
LUPIN,45.27,45.27
TCI,30.19,29.97
OLECTRA,170.63,185.76
PNB,10.98,10.98
TIMESGTY,59.82,59.82
NUCLEUS,20.67,20.67
CANBK,5.85,5.85
RADAAN,13.71,13.71
DIVISLAB,86.46,86.46
MARUTI,26.67,26.67
UCOBANK,29.53,29.53
BAGFILMS,23.96,23.96
JAIBALAJI,22.43,22.43
MUKANDLTD,24.31,24.31
VAIBHAVGBL,41.24,39.44
RKFORGE,52.03,51.96
CCL,37.41,37.41
APARINDS,48.98,48.98
CENTEXT,26.33,26.73
TCS,34.62,34.1
INDSWFTLTD,3.17,3.17
ASTRAMICRO,71.59,71.59
DWARKESH,40.26,40.26
PATELENG,17.27,22.57
JSWSTEEL,31.18,33.27
CONSOFINVT,12.1,12.1
EVEREADY,73.53,73.53
IIFL,11.89,11.89
MANGALAM,32.55,32.55
SSWL,5.05,14.82
SURYALAXMI,56.75,30.43
GRANULES,26.8,26.8
GEOJITFSL,22.32,22.32
YESBANK,50.43,50.43
SPLIL,16.09,16.08
IDFC,730.54,730.54
FCSSOFT,,63.17
IMPAL,22.23,22.23
SUZLON,129.79,121.12
AURIONPRO,63.89,63.89
TRIVENI,30.63,30.63
AIAENG,36.38,36.4
EKC,22.54,22.12
NITINSPIN,15.84,15.84
ENIL,32.37,32.37
JAGRAN,12.64,12.64
SAKUMA,21.82,21.82
KEC,64.57,64.57
JKCEMENT,42.6,43.08
INDOTECH,42.79,42.79
BLKASHYAP,37.35,40.16
CENTURYPLY,72.21,70.59
SOLARINDS,100.65,100.65
GALLANTT,29.26,29.26
UTTAMSUGAR,12.06,12.06
KKCL,27.89,27.89
SUNTV,17.24,17.24
GPIL,12.81,12.81
LOKESHMACH,52.98,52.98
SWELECTES,35.61,83.57
RATNAMANI,44.43,44.43
JKLAKSHMI,19.45,19.71
ALLCARGO,201.22,121.85
EMAMILTD,43.85,43.56
GRINDWELL,69.9,69.85
VOLTAMP,57.84,57.84
SELAN,29.16,29.16
ACE,47.18,47.18
HOVS,35.72,35.72
TALBROAUTO,21.3,30.31
GEECEE,19.27,19.27
JMFINANCIL,330.94,12.42
NAUKRI,121.84,114.77
MANALIPETC,52.37,47.92
DONEAR,17.45,17.45
VENUSREM,16.44,16.44
JINDRILL,15.78,15.78
PARACABLES,29.93,29.93
TANLA,23.02,23.02
LUMAXTECH,21.32,21.32
PTL,22.25,22.25
GANDHITUBE,18.21,18.21
PGIL,23.83,24.4
FSL,41.16,41.16
INDIANB,7.94,7.94
LAOPALA,34.68,34.68
JKTYRE,13.05,12.71
NAHARPOLY,1754.19,1754.19
BALAMINES,35.48,35.48
AROGRANITE,58.29,58.29
FORTIS,66.6,67.72
WEBELSOLAR,,399.89
HILTON,33.16,33.16
TIMETECHNO,29.69,29.69
V2RETAIL,104.99,104.99
DLF,125.52,125.52
ADSL,34.88,34.88
CENTRALBK,17.17,17.17
PURVA,133.86,133.86
MAGNUM,38.73,135.66
POWERGRID,19.98,19.98
MANGCHEFER,10.2,10.2
MAANALU,28.86,28.86
BAJAJELEC,89.61,89.61
RELIGARE,33.09,93.61
ADANIPORTS,33.3,31.75
EDELWEISS,23.22,23.22
KAUSHALYA,2.69,2.69
JYOTHYLAB,53.09,53.09
KALYANIFRG,49.68,49.68
HITECHCORP,21,21.71
BRIGADE,71.96,71.96
MANAKSIA,9.12,6.92
ARIES,17.72,17.72
BIRLAMONEY,14.02,14.02
CORDSCABLE,23.87,23.87
HERCULES,49.09,49.09
IRB,39.43,39.43
NMDC,10.71,10.34
GSS,29.65,29.65
RECLTD,9.8,9.8
NESCO,18.93,18.93
BAJAJ-AUTO,43.13,43.13
GOKUL,329.18,25.84
ALMONDZ,21.83,56.15
RANEENGINE,31.6,25.67
ARCHIDPLY,119.66,119.66
LOTUSEYE,72.28,73.07
VINYLINDIA,33.74,33.74
JOCIL,78.22,78.22
COUNCODOS,36.09,36.09
HINDNATGLS,1.86,1.02
AJMERA,20.83,20.83
EXCEL,56.89,56.89
ADANIPOWER,16.08,16.08
GLOBUSSPR,51.76,51.76
SUNTECK,83.81,83.81
SHILPAMED,167.3,180.08
AHLUCONT,22.84,37.91
GODREJPROP,65.36,65.36
BEARDSELL,19.04,19.04
TRF,15.23,15.23
WHIRLPOOL,88.16,84.19
JUBLFOOD,117.74,203.28
EMMBI,26.03,26.03
DBREALTY,7.64,8.13
TEXMOPIPES,81.21,18.76
LGBBROSLTD,15.45,16.17
PERSISTENT,70.73,70.73
KSL,20.85,20.85
MANAPPURAM,7.91,7.91
TI,39.07,38.33
IMFA,9.54,9.54
PRAKASHSTL,4.4,74.66
ADFFOODS,43.12,43.12
SASTASUNDR,8.41,8.48
CAREERP,14.93,14.93
RAMKY,16.8,16.8
ASHOKA,10.58,11.98
PRESTIGE,51.14,51.14
COALINDIA,8.61,8.61
JINDWORLD,87.49,87.49
PENIND,22.22,22.22
MOIL,22.14,22.14
SUMMITSEC,41.33,36.31
HINDMOTORS,17.36,17.36
MUTHOOTFIN,17.59,17.59
VADILALIND,23.5,23.5
VSTTILLERS,34.9,34.9
KARMAENG,117.81,154.76
DHANUKA,28.27,28.27
INVENTURE,14.38,12.5
BODALCHEM,340.97,340.97
FILATEX,22.7,22.7
TDPOWERSYS,50.58,50.58
APLLTD,37.42,37.42
PGEL,86.4,86.4
PANAMAPET,12.04,12.04
PAISALO,30.69,30.75
TRITURBINE,81.07,81.07
DSSL,31.77,31.77
POLYMED,91.91,91.91
VIKASECO,41.18,41.18
KANANIIND,102.35,102.35
MINDACORP,55.09,55.09
DBSTOCKBRO,18.24,18.24
SCHNEIDER,100.02,98.25
NDL,18.28,18.28
HEXATRADEX,61.72,61.72
VSSL,23.6,23.6
SPECIALITY,27.29,27.29
KITEX,45.34,45.34
ROSSELLIND,154.86,153.47
ZUARI,5.84,5.84
VETO,17.32,17.32
REPCOHOME,8.48,8.48
JUSTDIAL,23.77,23.77
ATULAUTO,106.88,106.88
SREEL,26.84,26.84
NATHBIOGEN,9.97,10.7
SDBL,25.35,25.35
WONDERLA,35.44,35.44
AGARIND,14.49,14.49
GULFOILLUB,21.55,21.55
SUPERHOUSE,16.35,26.26
GOODLUCK,30.51,30.51
GRPLTD,71.54,66.25
GREENLAM,56.15,56.15
HESTERBIO,116.96,116.96
MANAKSTEEL,22.65,23.13
ZENTEC,95.32,96.45
LFIC,5.58,5.58
VIPULLTD,2.02,2
UFO,82.02,68.12
NILAINFRA,34.98,34.98
SKIPPER,48.25,48.25
SYNGENE,74.46,77.11
PKTEA,22.28,22.28
ARVSMART,70.58,70.58
SIS,43.95,43.95
COCHINSHIP,53.98,53.98
ABCAPITAL,18.15,18.15
ICICIGI,94.83,94.83
TCPLPACK,27.53,27.53
GICRE,9.72,9.72
IFGLEXPOR,29.34,29.34
5PAISA,28.53,28.53
NEWGEN,64.04,64.04
AMBER,86.69,86.69
GALAXYSURF,38.66,38.66
GMMPFAUDLR,42.01,42.01
BDL,75.69,75.69
SUNDARMHLD,38.45,38.45
HAL,36.3,36.3
SANDHAR,30.73,31.77
LEMONTREE,59.66,59.66
ORIENTELEC,76.76,97.25
INDOSTAR,37.96,37.96
FINEORG,37.27,37.23
VARROC,16.86,16.86
HDFCAMC,45.65,45.65
CREDITACC,13.36,13.36
AAVAS,28.53,28.53
DALBHARAT,39.97,35.73
PAKKA,35.93,35.93
APEX,54.26,54.26
MATRIMONY,35.3,35.3
SBILIFE,89.67,89.67
GODREJAGRO,47.51,47.51
TIINDIA,65.48,66.09
KHADIM,126.56,126.56
SHALBY,39.94,39.94
APOLLO,86.39,86.39
ANUP,41.35,41.35
