GAIN_LOSS,SECURITY,CLOSE_PRIC,PREV_CL_PR,PERCENT_CG
 ,Nifty 50 Sec., , , 
 , , , , 
G,OIL AND NATURAL GAS CORP.,       304.75,       298.15,2.21
G,BHARAT PETROLEUM CORP  LT,       306.60,       300.35,2.08
G,COAL INDIA LTD,       500.05,       490.75,1.9
G,ITC LTD,       458.65,       451.45,1.59
G,TATA MOTORS LIMITED,      1020.80,      1005.50,1.52
G,STATE BANK OF INDIA,       856.70,       849.00,.91
G,ASIAN PAINTS LIMITED,      3022.05,      2996.45,.85
G,KOTAK MAHINDRA BANK LTD,      1844.50,      1829.85,.8
G,TITAN COMPANY LIMITED,      3248.60,      3225.00,.73
G,LTIMINDTREE LIMITED,      5407.60,      5376.25,.58
G,TATA STEEL LIMITED,       168.92,       167.98,.56
G,HINDALCO  INDUSTRIES  LTD,       696.30,       693.30,.43
G,AXIS BANK LIMITED,      1296.75,      1291.65,.39
G,TATA CONSULTANCY SERV LT,      3923.70,      3909.15,.37
G,BAJAJ FINSERV LTD.,      1587.85,      1582.55,.33
G,HERO MOTOCORP LIMITED,      5526.25,      5508.75,.32
G,INFOSYS LIMITED,      1652.70,      1648.25,.27
G,INDUSIND BANK LIMITED,      1429.75,      1425.95,.27
G,HDFC LIFE INS CO LTD,       634.25,       632.75,.24
G,APOLLO HOSPITALS ENTER. L,      6389.05,      6375.70,.21
G,HCL TECHNOLOGIES LTD,      1511.90,      1509.95,.13
G,BRITANNIA INDUSTRIES LTD,      5761.30,      5755.55,.1
G,DR. REDDY S LABORATORIES,      6594.75,      6592.55,.03
G,SBI LIFE INSURANCE CO LTD,      1558.80,      1558.80,0
 , , , , 
L,TATA CONSUMER PRODUCT LTD,      1131.40,      1150.80,-1.69
L,BAJAJ FINANCE LIMITED,      6950.30,      7054.95,-1.48
L,MAHINDRA & MAHINDRA LTD,      2698.05,      2732.00,-1.24
L,DIVI S LABORATORIES LTD,      4582.50,      4636.95,-1.17
L,NTPC LTD,       377.10,       381.40,-1.13
L,SUN PHARMACEUTICAL IND L,      1581.75,      1598.55,-1.05
L,POWER GRID CORP. LTD.,       342.80,       346.05,-0.94
L,NESTLE INDIA LIMITED,      2593.20,      2616.45,-0.89
L,SHRIRAM FINANCE LIMITED,      2739.00,      2762.10,-0.84
L,LARSEN & TOUBRO LTD.,      3621.10,      3650.05,-0.79
L,BAJAJ AUTO LIMITED,      9466.80,      9542.45,-0.79
L,ULTRATECH CEMENT LIMITED,     11554.95,     11634.25,-0.68
L,ADANI ENTERPRISES LIMITED,      3078.30,      3096.00,-0.57
L,BHARTI AIRTEL LIMITED,      1437.95,      1445.05,-0.49
L,CIPLA LTD,      1506.00,      1513.20,-0.48
L,MARUTI SUZUKI INDIA LTD.,     12715.20,     12772.80,-0.45
L,EICHER MOTORS LTD,      4828.65,      4849.15,-0.42
L,ICICI BANK LTD.,      1238.45,      1243.20,-0.38
L,WIPRO LTD,       534.10,       535.55,-0.27
L,ADANI PORT & SEZ LTD,      1483.85,      1487.80,-0.27
L,HDFC BANK LTD,      1621.90,      1626.10,-0.26
L,RELIANCE INDUSTRIES LTD,      3161.30,      3168.45,-0.23
L,TECH MAHINDRA LIMITED,      1460.60,      1463.35,-0.19
L,HINDUSTAN UNILEVER LTD.,      2608.85,      2610.45,-0.06
L,JSW STEEL LIMITED,       925.00,       925.40,-0.04
L,GRASIM INDUSTRIES LTD,      2801.60,      2802.15,-0.02
 , , , , 
 ,Nifty Next 50 Sec., , , 
 , , , , 
G,ZOMATO LIMITED,       217.14,       211.37,2.73
G,REC LIMITED,       645.80,       629.85,2.53
G,AMBUJA CEMENTS LTD,       679.15,       665.00,2.13
G,POWER FIN CORP LTD.,       570.60,       560.80,1.75
G,INDIAN OIL CORP LTD,       174.44,       171.90,1.48
G,TVS MOTOR COMPANY  LTD,      2475.70,      2440.25,1.45
G,AVENUE SUPERMARTS LIMITED,      4898.90,      4834.45,1.33
G,TRENT LTD,      5635.25,      5568.00,1.21
G,HINDUSTAN AERONAUTICS LTD,      5547.60,      5486.15,1.12
G,INDIAN RAILWAY FIN CORP L,       205.98,       203.71,1.11
G,INTERGLOBE AVIATION LTD,      4320.40,      4281.25,0.91
G,LIFE INSURA CORP OF INDIA,      1057.35,      1049.50,0.75
G,INDIAN RAIL TOUR CORP LTD,      1029.40,      1021.85,0.74
G,TATA POWER CO LTD,       440.40,       437.35,0.7
G,JINDAL STEEL & POWER LTD,      1014.55,      1007.85,0.66
G,BOSCH LIMITED,     35611.25,     35389.95,0.63
G,BHARAT ELECTRONICS LTD,       335.50,       333.85,0.49
G,ADANI TOTAL GAS LIMITED,       894.60,       890.65,0.44
G,TORRENT PHARMACEUTICALS L,      2958.40,      2951.75,0.23
G,PUNJAB NATIONAL BANK,       119.40,       119.22,0.15
G,GAIL (INDIA) LTD,       229.40,       229.23,0.07
G,BAJAJ HOLDINGS & INVS LTD,      9773.90,      9767.80,0.06
G,BANK OF BARODA,       256.70,       256.55,0.06
G,JIO FIN SERVICES LTD,       348.05,       347.95,0.03
 , , , , 
L,INFO EDGE (I) LTD,      6613.90,      6781.70,-2.47
L,VEDANTA LIMITED,       447.70,       456.70,-1.97
L,ZYDUS LIFESCIENCES LTD,      1163.35,      1180.15,-1.42
L,CHOLAMANDALAM IN & FIN CO,      1404.80,      1421.05,-1.14
L,ICICI PRU LIFE INS CO LTD,       653.35,       660.75,-1.12
L,COLGATE PALMOLIVE LTD.,      3006.85,      3040.50,-1.11
L,ABB INDIA LIMITED,      8457.95,      8542.85,-0.99
L,SAMVRDHNA MTHRSN INTL LTD,       198.51,       200.50,-0.99
L,ADANI POWER LTD,       720.70,       727.55,-0.94
L,SIEMENS LTD,      7776.00,      7846.65,-0.9
L,DLF LIMITED,       831.95,       836.70,-0.57
L,BERGER PAINTS (I) LTD,       523.40,       526.30,-0.55
L,SBI CARDS & PAY SER LTD,       741.20,       745.30,-0.55
L,CANARA BANK,       114.15,       114.76,-0.53
L,ADANI GREEN ENERGY LTD,      1747.05,      1755.65,-0.49
L,HAVELLS INDIA LIMITED,      1920.00,      1929.45,-0.49
L,SHREE CEMENT LIMITED,     27772.60,     27905.45,-0.48
L,VARUN BEVERAGES LIMITED,      1592.45,      1599.35,-0.43
L,DABUR INDIA LTD,       629.35,       631.70,-0.37
L,SRF LTD,      2392.00,      2399.95,-0.33
L,GODREJ CONSUMER PRODUCTS,      1440.90,      1444.10,-0.22
L,ADANI ENERGY SOLUTION LTD,      1001.20,      1003.25,-0.2
L,MARICO LIMITED,       644.80,       646.10,-0.2
L,ICICI LOMBARD GIC LIMITED,      1874.20,      1877.75,-0.19
L,PIDILITE INDUSTRIES LTD,      3161.45,      3161.65,-0.01
 , , , , 
 ,OTHER SECURITIES, , , 
 , , , , 
G,TFB 7.37% 2035 SR. 3A,      1272.00,      1060.00,20
G,MALLCOM (INDIA) LIMITED,      1535.45,      1279.55,20
G,SHREYAS SHIPPING & LOGIST,       402.05,       335.05,20
G,JHS SVENDGAARD RETAIL V L,        53.83,        44.86,20
G,HPL ELECTRIC & POWER LTD,       562.40,       468.70,19.99
G,KCP SUGAR IND CORP LTD.,        54.50,        45.42,19.99
G,WINNY IMMIGRA & EDU SER L,       342.45,       285.40,19.99
G,SHIPPING CORP OF INDIA LT,       330.15,       275.15,19.99
G,HRH NEXT SERVICES LIMITED,        50.25,        42.05,19.5
G,ARVIND AND COMPANY,        60.65,        52.00,16.63
G,KANDARP DG SMART BPO LTD,        38.20,        32.90,16.11
G,ARTEMIS MED SERVICE LTD,       218.30,       188.06,16.08
G,SHIPPING CORP OF ILA LTD,        98.69,        85.86,14.94
G,INDIAN RENEWABLE ENERGY,       283.69,       247.28,14.72
G,MAZDA LIMITED,      1611.20,      1420.25,13.44
G,REFEX INDUSTRIES LIMITED,       242.95,       214.45,13.29
G,SADHAV SHIPPING LIMITED,       249.30,       220.25,13.19
G,MANGALAM GLOBAL ENT LTD,        30.64,        27.26,12.4
G,PATEL INT. LOG. LTD,        25.44,        22.70,12.07
G,IZMO LIMITED,       533.40,       476.50,11.94
G,PRECOT LIMITED,       534.85,       478.45,11.79
G,SRM CONTRACTORS LIMITED,       204.28,       182.81,11.74
G,NANDAN DENIM LIMITED,        50.57,        45.35,11.51
G,VALIANT LABORATORIES LTD,       152.30,       136.97,11.19
G,SEQUENT SCIENTIFIC LTD.,       139.66,       125.66,11.14
G,ENGINEERS INDIA LTD,       290.25,       262.25,10.68
G,M.V.K. AGRO FOOD PROD LTD,        54.50,        49.25,10.66
G,SEC RE NCD 9.48% SR V,      1095.00,       990.15,10.59
G,DOLLEX AGROTECH LIMITED,        44.05,        39.95,10.26
G,PONNIE SUGARS (ERODE) LTD,       569.00,       516.90,10.08
 , , , , 
L,BIRLASLAMC - ABGSEC,       100.42,       111.78,-10.16
L,MITTAL LIFE STYLE LIMITED,         1.96,         2.14,-8.41
L,SEC RE NCD 9.25% SR VIII,       929.65,      1000.00,-7.04
L,UPSURGE SEEDS OF AGRI LTD,       286.45,       307.00,-6.69
L,SHOPPERS STOP LIMITED,       837.20,       895.95,-6.56
L,TUBE INVEST OF INDIA LTD,      4248.70,      4528.65,-6.18
L,NDR AUTO COMPONENTS LTD,      1041.20,      1106.75,-5.92
L,GODHA CABCON INSULAT LTD,          .98,         1.04,-5.77
L,QMS MEDICAL ALLIED S LTD,       121.60,       128.85,-5.63
L,ANNAPURNA SWADISHT LTD,       302.60,       320.55,-5.6
L,UNSEC RED NCD 10.5% SR.VI,       953.50,      1009.00,-5.5
L,2.50%GOLDBONDS2028SR-IX,      7565.00,      8000.00,-5.44
L,JALAN TRANSOLU. INDIA LTD,         3.70,         3.90,-5.13
L,SEC RE NCD SR.V,      1110.00,      1170.00,-5.13
L,GTL INFRA.LTD,         3.35,         3.53,-5.1
L,INTRASOFT TECH. LTD,       133.13,       140.26,-5.08
L,SERENCD8.84%SRVICIII&IV,       901.00,       949.00,-5.06
L,SEC RE NCD 10.25% SR XII,       902.10,       950.00,-5.04
L,NACL INDUSTRIES LIMITED,        65.58,        69.06,-5.04
L,USHA MARTIN EDU & SOL LTD,         7.73,         8.14,-5.04
L,RACHANA INFRA LTD,        76.85,        80.90,-5.01
L,KN AGRI RESOURCES LIMITED,       240.20,       252.85,-5
L,MANAK ALUMINIUM CO. LTD.,        33.80,        35.58,-5
L,CYBER MEDIA RES & SER LTD,       170.00,       178.95,-5
L,VASA RETAIL & OVERSEA LTD,         6.65,         7.00,-5
L,VIVIANA POWER TECH LTD,       893.60,       940.60,-5
L,DIVINE POWER ENERGY LTD,       117.65,       123.80,-4.97
L,MCLEOD RUSSEL INDIA LTD.,        31.97,        33.64,-4.96
L,VARANIUM CLOUD LIMITED,        30.75,        32.35,-4.95
L,D K ENTERPRISES GLOBAL L,        75.10,        79.00,-4.94
