SECURITY,NEW,PREVIOUS,NEW_STATUS
POWER FIN CORP LTD.,573.8,567.6,H
ICICI LOMBARD GIC LIMITED,1886.2,1884.55,H
2.50%GOLDBONDS2029SR-IV,7749,7735,H
ABHISHEK INTEGRATIONS LTD,93.35,92.9,H
SDL MH 7.7% 2033,99.9,99.87,H
ICICIPRAMC-ICICIFIN,25.54,25.42,H
HEC INFRA PROJECTS LTD,125.64,125.09,H
21ST CENTURY MGMT SERVICE,79.51,77.96,H
TBO TEK LIMITED,1938.45,1933,H
GOI TBILL 182D-29/08/24,99.05,99,H
STANLEY LIFESTYLES LTD,603,553.3,H
SEC RE NCD SR IV,1002.4,1001.9,H
GOI TBILL 364D-25/07/24,99.71,99.6,H
GOI TBILL 364D-24/04/25,94.73,94.55,H
THE GE SHPG.LTD,1543.7,1449.95,H
REC LIMITED,648,637.2,H
GANESHA ECOSPHERE LIMITED,1530.7,1495.9,H
GKW LIMITED,3700,3578.45,H
CPSE ETF,101.54,100.79,H
KALPATARU PROJECT INT LTD,1410,1384.95,H
SHREE KARNI FABCOM LTD,835,824.5,H
MOTILALAMC - MOHEALTH,39.37,39.19,H
INSPIRISYS SOLUTIONS LTD,135,132.1,H
BURNPUR CEMENT LTD.,10.92,8.5,H
2.50%GOLDBONDS2031SR-I,7799.99,7750,H
PLATINUM INDUSTRIES LTD,243.95,243.9,H
DC INFOTECH AND COMUN LTD,345.14,328.71,H
SEC RE NCD 9.65% SR I,975,970,H
9.40 % SRNCD TR II SR III,1033.99,1032,H
ORIENTAL CARBN & CHEM LTD,239.75,229.8,H
JHS SVENDGAARD RETAIL V L,53.83,44.86,H
SYLVAN PLYBOARD (INDIA) L,89.65,85.4,H
RELIABLE DATA SERVICE LTD,56.3,53.65,H
RAYMOND - DEP SETT,2001.3,135,H
HARRISON MALAYALAM LTD,258.43,256.24,H
THE PHOENIX MILLS LTD,4094,4076,H
BANNARI AMMAN SUGARS LTD,3489.9,3399,H
D-LINK INDIA LTD,683.95,675,H
SBI LIFE INSURANCE CO LTD,1569.65,1569.4,H
HMT LTD -,83.74,80.06,H
BIGBLOC CONSTRUCTION LTD,286.92,284.4,H
2.50%GOLDBONDS2028SR-VII,7680,7650,H
2.50%GOLDBONDS2029SR-X,7680,7670,H
AXISAMC - AXISHCETF,134.28,133.2,H
SOLAR INDUSTRIES (I) LTD,13298,12666,H
KEYNOTE FIN SERV LTD.,204.91,201.4,H
LAGNAM SPINTEX LIMITED,161.99,159.81,H
MARSHALL MACHINES LTD,36.73,36.01,H
GOI TBILL 182D-25/07/24,99.51,99.46,H
GOI LOAN  7.02% 2031,100.85,100.75,H
ISGEC HEAVY ENG LTD,1460.15,1425,H
2.50% GOLDBONDS2024 TR-VI,7565,7502.99,H
SUVEN PHARMACEUTICALS LTD,889.7,839.95,H
YUKEN INDIA LIMITED,1569.9,1540.55,H
INDIAN RENEWABLE ENERGY,289.33,254,H
MALLCOM (INDIA) LIMITED,1535.45,1387.5,H
BALU FORGE INDUSTRIES LTD,420.35,399.7,H
2.50%GOLDBONDS2031SR-II,7915,7789,H
ABANS HOLDINGS LIMITED,543.15,542.9,H
SKY GOLD LIMITED,2237.7,2131.15,H
NIP IND ETF LONGTERM GILT,26.8,26.6,H
GOI TBILL 364D-06/02/25,96.25,95.85,H
SEC RE NCD 9.9% SR IV,1028.99,935,H
SHRIRAM - LIQUIDSHRI,1001.51,1001.33,H
DR. REDDY S LABORATORIES,6621.95,6604.45,H
SHANTHI GEARS LTD,692,674.4,H
SEAMEC LIMITED,1590,1543,H
GENERIC ENG CONS PROJ LTD,70.97,69.9,H
2.50% GOLDBONDS2025SR-III,7600,7542,H
CMS INFO SYSTEMS LIMITED,532,524,H
ICICIPRAMC - ICICINXT50,79.05,78.6,H
LICNAMC - LICNMID100,58.73,58.55,H
DYNAMIC SRVCS & SEC LTD,320.3,317.95,H
SHEKHAWATI POLY-YARN LTD.,5.11,5.01,H
MIRAEAMC - MANXT50,753.01,752.19,H
2.50%GOLDBONDS2031SR-III,7799,7769.98,H
NITIRAJ ENGINEERS LTD,295.8,290,H
SOLAR ACT RS.3.50 PPD UP,361.95,344.95,H
SEC RE NCD 9.30% SR.IV,1030.52,1005.35,H
DHRUV CONSULTANCY SER LTD,132.75,130.15,H
GOI TBILL 364D-12/12/24,96.9,96.85,H
KAVVERI TEL. LTD.,25.71,25.21,H
SEC RE NCD 9.35% SR VI,1012,1010,H
GOI TBILL 91D-19/09/24,99,98.72,H
RKEC PROJECTS LIMITED,133.3,132,H
NEPHRO CARE INDIA LIMITED,218.1,207.75,H
POWER GRID CORP. LTD.,348.75,348.7,H
POWER MECH PROJECTS LTD.,5650,5550,H
HPL ELECTRIC & POWER LTD,562.4,511.9,H
2.50%GOLDBONDS2028SR-I,7899,7875,H
LCC INFOTECH LTD,4.6,4.51,H
SHREE TIRUPATI BALAJEE,817.7,798,H
RASHI PERIPHERALS LIMITED,460,449,H
WELSPUN LIVING LIMITED,175,171.25,H
ONECLICK LOGISTICS IND L,130.75,119.85,H
SEC RE NCD SR.V,1261.75,1261.7,H
GOI TBILL 91D-25/07/24,99.75,99.72,H
SEC RED NCD 8.30% SR.III,1042.9,1038.2,H
GOI TBILL 364D-15/05/25,94.36,94.19,H
SMARTLINK HOLDINGS LTD,327.15,327.05,H
GLENMARK PHARMACEUTICALS,1397,1385,H
WELSPUN CORP LIMITED,670.95,661.8,H
KAUSHALYA INFRA DEV LTD.,1164.45,1109,H
2.50% GOLDBONDS2025SR-V,7520,7510,H
2.50%GOLDBONDS2029SR-IX,7676.99,7648.89,H
ZOMATO LIMITED,218.95,214,H
ZYDUS LIFESCIENCES LTD,1203,1190,H
KONTOR SPACE LIMITED,130.35,126.8,H
AWFIS SPACE SOLUTIONS LTD,634.8,613.45,H
KARNIKA INDUSTRIES LTD,334,331.2,H
NIPPONAMC - NETFPHARMA,21.27,21.12,H
GOI TBILL 364D-30/01/25,96.22,96.1,H
PANACHE DIGILIFE LIMITED,150.19,144.43,H
SEC RE NCD 9.35% SR IV,1093,1070,H
SEC RE NCD 0% SR.VII,994,965,H
TEAMO PRODUCTIONS HQ LTD,1.78,1.74,H
GOI TBILL 182D-24/10/24,97.87,97.82,H
RAIL VIKAS NIGAM LIMITED,643.8,619,H
IZMO LIMITED,558.95,494.7,H
AMJ LAND HOLDINGS LIMITED,54.9,52.98,H
2.50%GOLDBONDS2025SR-VIII,7650,7600,H
TRANSWARRANTY FIN. LTD.,26.7,26.51,H
FAZE THREE LIMITED,545,540,H
SHIPPING CORP OF ILA LTD,102.47,92,H
KANDARP DG SMART BPO LTD,39.4,33.95,H
AGARWAL FLOAT GLASS I LTD,82,81,H
SRI ADHIKARI BRO TELE N L,289.66,283.99,H
SEC RE NCD 8.25% SR.I,1016.7,1016.2,H
SEC RE NCD 9.48% SR V,1095,1000,H
GOLDKART JEWELS LIMITED,113.8,108.4,H
DIGIDRIVE DISTRIBUTORS L,34.9,34.95,L
GOI TBILL 182D-26/12/24,96.66,96.69,L
ZENITH EXPORTS LTD,348.5,355.6,L
ONELIFE CAP ADVISORS LTD,16.35,16.66,L
MEP INFRA. DEVELOPERS LTD,6.86,6.96,L
SEC RE NCD 9.71% SR VIII,920.1,950.4,L
SHRADHA INFRAPROJECTS LTD,153.12,156.25,L
NANDANI CREATION LIMITED,44.08,44.98,L
SDL AP 7.74% 2038,99,100.1,L
JAIPRAKASH ASSOCIATES LTD,7.31,7.34,L
DIENSTEN TECH LIMITED,201.75,209.4,L
PRAXIS HOME RETAIL LTD,13,13.27,L
ATAM VALVES LIMITED,183,186,L
AKSHAR SPINTEX LIMITED,2.53,2.56,L
SEC RE NCD 10.25% SR XII,902.1,930,L
RKEC PROJECTS LIMITED,123,125.13,L
BIRLASLAMC - ABGSEC,100,100.33,L
SEC RED NCD 8.30% SR.III,1012,1016,L
GP ECO SOLUTIONS INDIA L,360,362.15,L
MAHINDRA EPC IRRIG LTD,152.15,153,L
SECUR CREDENTIALS LIMITED,9.8,10.32,L
BODHI TREE MULTIMEDIA LTD,13.26,13.54,L

