SYMBOL,SYMBOL P/E,ADJUSTED P/E
RAMCOCEM,48.14,48.14
CENTURYTEX,109.82,41.48
CENTENKA,27.11,27.11
TORNTPHARM,60.33,63.12
FEDERALBNK,11.76,11.76
VIPIND,122.47,193.98
BIRLACABLE,33.75,33.75
AEGISLOG,47.48,47.48
HONAUT,100.45,100.45
PRECOT,34.21,54.42
SUNPHARMA,39.75,38.1
SHREYANIND,4.98,4.98
HCC,17.51,
APOLLOHOSP,99.97,100.1
IVP,18.46,18.46
NEULANDLAB,33.86,33.86
BERGEPAINT,54.1,54.29
KPIL,42.36,42.36
HSCL,52.02,52.02
ARENTERP,19.6,19.6
ADVANIHOTR,26.12,26.12
JUBLPHARMA,107.78,74.05
TATACOMM,55.67,61.32
HLVLTD,65.15,65.15
LIBERTSHOE,62.75,47.75
HEIDELBERG,31.27,31.27
PCBL,20.18,20.18
JINDALSAW,11.23,11.23
STYRENIX,23.71,23.71
BRITANNIA,64.86,64.8
GOLDENTOBC,10.97,12.44
GABRIEL,39.64,39.64
PRAKASH,9.91,9.91
SHREECEM,42.02,42.02
HINDALCO,15.35,15.37
FINPIPE,45.19,45.19
CGPOWER,130.15,133.34
BEL,61.89,61.89
PEARLPOLY,80.69,80.69
TTKPRESTIG,54.04,54.04
EIMCOELECO,36.38,36.38
SUNDRMBRAK,29.44,29.44
AARTIDRUGS,28.56,28.56
WENDT,79.49,79.49
PUNJABCHEM,31.24,31.24
MMFL,23.22,23.39
GUJRAFFIA,47.15,47.15
BANKBARODA,7.21,7.21
BANKINDIA,8.73,8.73
ICICIBANK,19.44,19.44
INDSWFTLAB,2.55,10.98
REPRO,75.09,75.09
HAVELLS,95.19,95.19
AXISCADES,71.7,71.7
TIPSINDLTD,49.49,49.49
HIKAL,61.38,61.38
MARKSANS,27.07,27.07
UNITDSPR,66.17,65.69
MPSLTD,29.57,29.57
OLECTRA,192.02,209.25
PNB,15.76,15.76
TIMESGTY,65.58,65.58
UNIONBANK,7.7,7.7
DIVISLAB,76.94,76.94
UCOBANK,39.56,39.56
JAIBALAJI,17.32,17.32
UPL,,20.54
BIOCON,31.08,30.97
POONAWALLA,19.05,27.89
NIITLTD,38.56,38.32
COFORGE,45.25,45.74
ASTRAMICRO,79.26,79.26
INDOCO,31.44,33.51
JSWSTEEL,24.75,26.1
SAKSOFT,31.95,31.95
SHOPERSTOP,127.53,117.67
PRIMESECU,45.94,45.94
GEOJITFSL,16.8,16.8
IDFC,577.95,577.95
FCSSOFT,,75.03
INSPIRISYS,53.2,53.2
NAUKRI,120.94,112.71
VENUSREM,17.85,17.85
WANBURY,9.74,17.93
IZMO,25.88,25.88
REDINGTON,13.21,13.21
INDIANB,9,9
ICRA,36.58,36.58
BFUTILITIE,13.6,13.6
NAGREEKEXP,18.78,18.78
TARMAT,,118.5
ISMTLTD,22.42,20.93
MAGNUM,15.08,20.84
MAANALU,23.36,23.36
RELIGARE,22.65,47.61
MHRIL,78.41,78.41
ADANIPOWER,13.47,13.47
OIL,12.79,12.85
AMRUTANJAN,49.44,49.44
ZYDUSWELL,51.41,48.81
SHILPAMED,173.19,192.31
DLINKINDIA,24.4,24.4
DBCORP,16.11,16.11
BEARDSELL,18.14,18.14
WHIRLPOOL,114.52,107.89
JUBLFOOD,99.47,169.73
EMMBI,19.74,19.74
HATHWAY,64.95,64.93
MANINFRA,26.59,26.59
KSL,23.38,23.38
HMVL,76.35,76.35
IITL,6.91,9.68
WELINV,107.49,107.49
CAREERP,12.58,12.58
WABAG,32.11,31.21
PRESTIGE,44.29,44.29
GRAVITA,39.04,39.04
MOIL,36.26,36.26
STEL,60.25,60.25
HFCL,52.68,52.68
MUTHOOTFIN,16.39,16.39
OMINFRAL,35.18,35.18
MAITHANALL,10.24,10.24
ORIENTCEM,36.17,36.17
MITCON,37.69,37.69
JPOLYINVST,28.57,28.57
CASTROLIND,28.35,28.35
CAPLIPOINT,25.3,25.3
SUPERHOUSE,21.1,21.1
PDSL,34.45,35.16
GRPLTD,80.76,74.21
LINC,26.17,26.17
HESTERBIO,137.34,137.34
PRIVISCL,63.59,63.59
NILAINFRA,42.59,42.59
ORICONENT,30.04,25.25
SATIN,5.34,5.34
SHREEPUSHK,21.53,21.53
SHK,21.76,21.76
SALZERELEC,33.52,33.52
NH,31.71,31.71
HITECH,47.31,47.31
HECPROJECT,24.86,24.86
CROMPTON,61.6,61.6
ALBERTDAVD,9.8,9.8
CONTROLPR,23.87,23.9
AIRAN,31.08,31.08
ARIHANTSUP,21.21,21.21
CLEDUCATE,29.83,31.86
SHANKARA,20.66,20.66
WIPL,39.22,39.22
DEVIT,28.67,28.67
DOLLAR,31.75,31.54
INFOBEAN,48.08,48.08
BHAGYANGR,8.2,8.2
GLOBE,21.62,21.62
ERIS,35.51,35.51
GTPL,17.38,17.38
STEELXIND,142.12,142.12
AVADHSUGAR,9.92,9.92
GANGESSECU,50.19,50.19
TOTAL,141.67,141.67
OPTIEMUS,65.18,65.18
SMSLIFE,40.4,40.4
ABCAPITAL,19.06,19.06
MATRIMONY,27.87,27.87
WORTH,12.28,12.28
GATECHDVR,15.96,15.96
TIRUPATIFL,44.14,44.14
MASFIN,20.96,20.96
DPABHUSHAN,48.44,48.44
KHADIM,103.22,103.22
VERTOZ,106.8,106.8
TOUCHWOOD,49,49.01
AJOONI,57.62,57.62
BCONCEPTS,62.02,62.02
NEWGEN,54.38,54.38
SINTERCOM,326.5,326.5
GMMPFAUDLR,34.45,34.45
SARVESHWAR,55.04,55.04
BANDHANBNK,20.55,20.55
MITTAL,29.04,89.82
AVG,19.01,31.55
BSHSL,99.25,99.25
GODHA,136.18,136.18
E2E,105.88,105.88
SVLL,79.62,79.62
WEL,157.13,157.13
CHEMCON,49.6,49.6
HNDFDS,67.79,67.79
MAZDOCK,59.74,59.74
DCI,36.78,36.78
IIFLSEC,11.37,11.37
VISHWARAJ,24.31,24.31
GREENPANEL,27.51,27.51
APOLLOPIPE,60.79,60.79
ROUTE,28.62,29.69
SIGMA,22.37,22.37
EQUITASBNK,13.19,13.19
HINDWAREAP,88.6,88.6
LIKHITHA,27.86,27.86
PATANJALI,77.77,77.77
ASALCBR,24.22,24.22
BAFNAPH,28.88,28.88
STOVEKRAFT,59.99,59.99
RAJRATAN,43.43,43.43
GLAND,42.29,42.29
NDRAUTO,41.88,41.88
AAATECH,45.11,45.11
SIGACHI,35.94,35.94
NIRAJ,20.41,13.78
CAMS,57.12,57.12
ROML,44.09,44.09
HERANBA,43.23,43.23
FAIRCHEMOR,44.26,44.26
ISGEC,40.44,40.44
PAKKA,22.26,22.26
SHAILY,68.74,68.74
FIBERWEB,16.84,16.84
SBCL,43.58,43.58
IPL,40.71,40.71
LODHA,96.83,91.2
UTKARSHBNK,11.11,11.11
WHEELS,41.82,41.82
RIIL,198.98,198.98
SHREDIGCEM,18.96,18.96
SMLISUZU,27.58,27.58
FACT,463.56,172.96
LAXMIMACH,45.26,45.26
PEL,,34.78
MAHSCOOTER,53.3,53.3
KECL,96.87,96.87
KCP,11.93,11.9
JBCHEPHARM,48.47,48.47
IONEXCHANG,50.05,50.05
IFBIND,86.42,86.42
GNFC,20.82,20.82
GFLLIMITED,302.88,302.88
BHARATFORG,85.41,84.75
ARVIND,28.67,28.82
TATAMOTORS,10.74,10.5
LINDEINDIA,173.65,173.65
ESCORTS,43.35,43.35
ASHOKLEY,24.76,24.28
ZUARIIND,1.73,
SUNDARMFIN,35.62,34.07
VEDL,22.53,33.77
RELIANCE,27.26,27.26
DRREDDY,19.77,19.77
CHAMBLFERT,16.78,16.78
COROMANDEL,28.47,28.47
VINDHYATEL,26.27,26.27
ASIANPAINT,52.98,52.98
PGHL,40.15,40.15
ADORWELD,31.22,31.22
VTL,25.88,25.88
EPL,35.97,34.01
SUPREMEIND,78.07,78.07
BALRAMCHIN,17.32,17.32
BBOX,49.1,39.25
RANEHOLDIN,26.41,12.35
ARE&M,34.15,34.15
BALKRISIND,41.75,41.75
ONGC,6.97,6.81
JINDALPOLY,47.41,47.24
JYOTISTRUC,73.94,73.94
JAYNECOIND,21.82,20.02
SOTL,21.49,21.49
UFLEX,,14.18
SUNFLAG,33.63,33.63
SIEMENS,119.62,119.62
VSTIND,20.89,20.89
TOKYOPLAST,109.74,109.74
IFCI,67.07,67.61
KABRAEXTRU,44.22,44.22
MODTHREAD,9.31,9.31
MANGLMCEM,40.54,40.54
PIDILITIND,91.81,89.26
EIHAHOTELS,34.75,34.75
RUBYMILLS,17.59,17.59
CANFINHOME,15.67,15.67
DCMSHRIRAM,34.29,34.29
COSMOFIRST,36.1,36.1
HEROMOTOCO,28.52,27.64
HARRMALAYA,,1492.26
ITC,27.21,27.2
HINDCOMPOS,26.95,26.95
OSWALGREEN,143.92,143.92
HUHTAMAKI,7.29,28.47
RICOAUTO,44.81,42.83
MANINDS,29.54,29.54
SIYSIL,12.79,12.79
PRECWIRE,38.51,38.51
NCC,28.17,27.4
SEAMECLTD,30.37,30.37
BBTC,8.18,7.91
GICHSGFIN,9.28,9.28
BANARBEADS,25.46,25.46
WSTCSTPAPR,5.69,5.69
PRUDMOULI,11.35,10.55
PRAJIND,47.37,47.37
TFCILTD,20.05,20.05
AGI,22,22
TATACONSUM,84.28,72.71
ZEEL,70.71,249.93
FMGOETZE,17.92,17.92
ORIENTHOT,49.96,49.96
3MINDIA,75.97,75.97
ANDHRAPAP,6.79,6.79
RALLIS,43.03,43.23
KOPRAN,24.88,24.88
GODFRYPHLP,28.74,28.74
TATAINVEST,101.8,101.8
SUDARSCHEM,16.99,54.17
AKZOINDIA,31.18,31.18
HINDUNILVR,59.63,59.66
AMBUJACEM,34.74,36.39
DCM,30.79,30.79
HEUBACHIND,25.94,25.94
PVP,10.22,
NAVA,8.5,9.28
AUTOAXLES,18.91,18.91
SWARAJENG,25.71,25.71
ANDHRSUGAR,30.38,29.08
AUSOMENT,15.31,15.31
JAYAGROGN,17.83,17.83
SAMBHAAV,67.53,89.39
SANGAMIND,47.58,41.56
MOTHERSON,48.84,47.38
INDIANCARD,20.79,
DENORA,50.61,50.61
SHRIRAMFIN,14.05,14.05
MIRZAINT,51.28,51.28
GANESHHOUC,18.36,18.36
MPHASIS,31.01,31.01
HERITGFOOD,46.87,46.87
INDNIPPON,29.93,29.93
KCPSUGIND,5.75,6.25
FDC,26.57,26.57
ADROITINFO,14.62,14.62
INDUSINDBK,12.37,12.37
TRIGYN,21.4,21.4
KOTHARIPRO,27.16,27.16
ITDCEM,32.14,32.14
SONATSOFTW,55.91,4.79
CYBERTECH,23.25,23.25
DHANBANK,18.39,18.39
STCINDIA,20.32,21.84
RSSOFTWARE,31.46,31.46
IVC,33.27,33.27
ALEMBICLTD,38.3,38.3
BSOFT,30.63,30.63
STAR,316.87,36.97
ZYDUSLIFE,30.99,30.93
RAJESHEXPO,27.75,27.75
SHREERAMA,42.81,42.81
NRBBEARING,13.6,36.99
BLBLIMITED,38.93,38.93
BLUESTARCO,85.02,85.02
PNBGILTS,33.13,35.98
TAJGVK,27.7,27.7
GAEL,17.94,17.94
MRO-TEK,44.57,44.57
KHANDSE,245.96,245.96
ACLGATI,233.62,
JISLJALEQS,56.91,56.91
ASAL,78.73,78.73
APTECHT,42.73,36.72
NUCLEUS,19.67,19.67
RADICO,87.12,87.12
JSL,24.28,25.01
WELSPUNLIV,23.91,23.91
IGL,22.48,22.48
PTC,11.96,11.7
XPROINDIA,50.76,48.74
EXCELINDUS,83.72,83.72
ULTRACEMCO,48.11,47.74
GULFPETRO,12.97,12.97
WELENT,20.23,20.23
JBMA,143.68,143.68
XCHANGING,99.96,99.96
JINDALPHOT,57.78,57.78
GOKEX,49.72,49.72
WELCORP,19.49,19.49
CYBERMEDIA,10.71,8.16
JKPAPER,8.3,8.3
JSWHL,66.41,66.41
YESBANK,60.86,60.86
AURIONPRO,64.68,64.68
AIAENG,35.62,35.63
ORIENTCER,32.96,38.86
EKC,16.71,16.38
ENIL,31.91,32.97
JAGRAN,12.17,12.17
BLKASHYAP,42.17,42.17
SOLARINDS,128.06,128.06
SUNTV,16.06,16.06
EMKAY,13.12,13.12
BALPHARMA,25.97,25.97
KAMDHENU,28.02,28.02
EMAMILTD,46.16,45.85
TECHM,59.9,59.98
ANANTRAJ,65.25,65.25
ALICON,16,16
DCBBANK,7.72,7.72
GESHIP,7.44,7.44
MANALIPETC,89.04,78.39
LTFOODS,17.37,17.37
JINDRILL,16.3,16.3
PLASTIBLEN,22.04,22.04
HBLPOWER,60.85,56.61
PTL,26.28,26.28
GANDHITUBE,18.88,18.88
UNOMINDA,82.36,84.43
ORIENTBELL,6889.37,6889.37
FSL,32.47,32.47
SMSPHARMA,42.43,42.43
RAJTV,650.04,650.04
BALAMINES,32.41,32.41
AROGRANITE,42.98,42.98
NDLVENTURE,200.93,200.93
ZENITHSTL,24.16,24.16
ALPHAGEO,273.87,40.25
HILTON,25.94,25.94
NAVINFLUOR,67.33,81.25
HGS,32.05,32.05
DLF,127.03,127.03
MEGASOFT,65.83,65.83
ALPA,11.19,11.22
CIEINDIA,28.26,28.26
INDOWIND,43.66,38.15
CENTUM,,370.22
MANGCHEFER,10.08,10.08
DELTACORP,19.9,24.89
BVCL,18.85,18.85
EDELWEISS,12.03,12.03
RGL,13.24,13.24
COLPAL,62.48,61.82
ECLERX,24.33,24.27
BRIGADE,77.71,77.71
MANAKSIA,8.2,6.21
AMBIKCO,15.19,15.19
BIRLAMONEY,16.97,16.97
CORDSCABLE,29.16,29.16
HERCULES,52.45,52.45
SEPC,119.62,119.62
IRB,44.61,44.61
GSS,33.92,33.92
RECLTD,11.72,11.72
NESCO,17.68,17.68
TITAGARH,80.83,80.36
DIGISPICE,19.7,45.26
GOKUL,212.8,17.43
ALMONDZ,15.93,41.84
VINYLINDIA,34.95,34.95
ZFCVINDIA,74.44,74.44
JOCIL,100.23,100.23
ALKALI,121.69,101.37
TPHQ,29.98,29.98
MAWANASUG,12.38,12.38
GKWLIMITED,154.09,154.09
GLOBUSSPR,25.68,25.68
EXPLEOSOL,21.71,21.71
RTNPOWER,1.01,
REFEX,26.68,26.65
JSWENERGY,74.12,74.12
HINDCOPPER,109.2,109.2
NESTLEIND,100.99,101.37
UNITEDTEA,13.1,13.1
THANGAMAYL,39.94,39.94
TEXMOPIPES,46.79,15.4
PERSISTENT,64.22,64.22
KIRLOSBROS,54.77,55.53
KIRLOSIND,16.6,14.97
TI,32.89,32.21
AHLEAST,7.69,10.05
UGARSUGAR,43.19,43.19
DEEPAKNTR,45.84,49.54
GREENPOWER,55.42,64.65
ASHOKA,11.41,13.18
JWL,84.97,84.97
SHAH,42.4,42.4
CGCL,49.96,49.96
JINDWORLD,88.15,88.15
JAMNAAUTO,24.73,24.73
SUMMITSEC,26.49,26.49
JUBLINDS,77.12,35.96
PFS,20.27,20.27
RELAXO,103.04,103.04
DHANUKA,32.85,32.85
LTF,19.39,19.39
FILATEX,23.27,23.27
VASWANI,12.34,12.34
TRITURBINE,73.98,73.98
JISLDVREQS,.91,.91
RUPA,31.95,30.74
KANANIIND,98.12,98.12
IRFC,41.42,41.42
RHIM,,48.07
SCHNEIDER,119.32,117.04
NBCC,81.48,61.71
TBZ,16.73,16.73
SWANENERGY,38.61,38.61
RTNINDIA,25.81,23.12
PROZONER,186.34,186.34
THEJO,56.82,56.82
MAYURUNIQ,22.89,22.89
TVSHLTD,14.8,14.77
CARERATING,31.29,31.29
INDUSTOWER,17.1,17.1
ORBTEXP,15.15,15.15
NATHBIOGEN,11.33,12.16
HATSUN,92.61,92.61
GULFOILLUB,19.17,19.17
CIGNITITEC,22.38,22.38
MONTECARLO,23.1,23.1
GULPOLY,71.43,71.43
LAMBODHARA,36.36,36.36
MOLDTKPAC,39.35,39.35
MENONBE,10.58,10.58
MANAKALUCO,45.85,45.85
ZENTEC,86.22,87.49
IMAGICAA,7.74,131.55
VIPULLTD,2.46,2.43
TPLPLASTEH,36.11,36.11
ALANKIT,29.3,29.3
ADANIENSOL,93.6,84.03
RAMASTEEL,55.13,55.13
ARVSMART,61.04,61.04
GUJGASLTD,39.36,40.94
COFFEEDAY,,6.53
LUXIND,42.13,42.13
PILANIINVS,36.23,36.23
LALPATHLAB,67.94,67.94
OCCL,4.6,4.6
VIDHIING,59.48,59.48
KELLTONTEC,20.91,20.91
PDMJEPAPER,11.87,11.87
WEALTH,20.48,20.48
INFIBEAM,53.02,53.02
SAGARDEEP,72.2,72.2
PARAGMILK,23.49,23.49
UNITEDPOLY,30.02,30.02
ASPINWALL,20.55,20.55
PREMEXPLN,138.51,138.51
INCREDIBLE,32.93,32.93
DAMODARIND,21.28,21.28
POKARNA,24.81,24.81
LLOYDSENGG,121.9,121.9
LTIM,34.73,34.73
GATECH,42.09,42.09
MINDTECK,29.7,29.7
SPAL,22.28,22.28
MBAPL,80,80
CUPID,32.02,32.02
CROWN,55.26,55.26
MARATHON,22.51,22.51
SAKAR,63.46,63.46
PANSARI,34.78,34.78
ARTNIRMAN,147.93,147.93
ENDURANCE,54.88,54.88
PNBHOUSING,13.9,13.9
PODDARMENT,15.64,15.64
JETFREIGHT,320.95,
SFL,50.82,62.79
TERASOFT,28.32,24.86
HISARMETAL,17.61,17.61
LIBAS,8.83,8.83
CAPTRUST,92.55,92.55
MAHESHWARI,14.79,14.79
MCL,83.51,83.51
PRICOLLTD,43.33,43.33
STEELCITY,12.22,12.22
KRISHANA,42.56,42.56
SANGINITA,60.26,60.26
AKASH,323.14,323.14
RADIOCITY,78.59,78.59
TASTYBITE,63.62,63.62
URJA,382.54,382.54
LAXMICOT,,96.85
EIFFL,158.04,158.04
CREATIVE,22.02,22.02
FOCUS,24.03,24.03
SIKKO,38.5,38.5
MKPL,37.63,37.63
PANACHE,,44.14
PSPPROJECT,22.27,22.27
TEJASNET,373.32,373.32
ACEINTEG,55.73,55.73
DYNPRO,119.14,119.14
THEINVEST,65.43,65.43
COCHINSHIP,91.58,91.58
VAISHALI,233.13,233.13
GEEKAYWIRE,12.83,12.83
SERVOTECH,178.9,178.9
DIXON,203.65,203.65
CHOLAHLDNG,7.17,7.17
DPWIRES,27.35,27.35
AARVI,17.6,17.6
AIROLAM,26.31,26.31
RKEC,15.36,15.36
JASH,39.87,39.87
GODREJAGRO,50.04,50.04
IEX,46.21,46.21
NAM-INDIA,38.09,38.09
SECURCRED,8.81,8.81
5PAISA,28.45,28.45
SILVERTUC,57.63,57.63
ICEMAKE,49.95,49.95
ONEPOINT,63.93,63.93
MOKSH,12.86,12.86
SILLYMONKS,152.14,152.14
APOLLO,103.95,103.95
GALAXYSURF,34.2,34.2
SOUTHWEST,45.03,47.8
ARVEE,244.92,244.92
HGINFRA,20.58,21.02
HINDCON,40.91,40.91
UNIINFO,74.27,74.27
MACPOWER,53.67,53.67
URAVI,286.59,286.59
SANDHAR,31.36,32.13
KAPSTON,30.18,30.18
LEMONTREE,64.19,64.19
MMP,31.2,31.2
AAKASH,22.23,22.23
SOFTTECH,136.15,136.15
INDOSTAR,26.11,26.11
SIRCA,37.58,37.58
LATTEYS,56.76,56.76
SONAMLTD,27.28,27.28
PRITI,19.47,19.47
ACCURACY,377.76,377.76
RITES,35.64,35.64
GANGAFORGE,192.89,197.09
REPL,22.65,22.65
HBSL,2.46,2.46
AVROIND,28.22,28.22
TEMBO,20.71,21.17
CREDITACC,13.83,13.83
AARON,43.74,43.74
LAGNAM,19.11,19.11
RPPL,31.17,31.17
AKG,45.5,45.5
IRCON,34,34
AHLADA,11.18,11.18
RAJMET,23.42,23.42
AAVAS,29.05,29.05
KSHITIJPOL,42.95,
GRSE,79.23,79.23
KRITIKA,51.54,51.54
SILGO,21.05,21.05
VINNY,27.63,27.63
BBTCL,29.77,29.77
MARINE,111.8,112.36
IRISDOREME,43.14,43.14
ATGL,150.79,150.79
UNIPARTS,18.38,18.38
SHRIRAMPPS,4.86,4.86
AWHCL,16.58,16.58
RPSGVENT,12.18,12.18
MSTCLTD,28.53,28.53
OSIAHYPER,15.19,15.19
ANUP,34.14,34.14
ARVINDFASN,66.41,63.65
PAR,19.97,19.97
RVNL,86.54,86.54
POLYCAB,53.04,53.04
METROPOLIS,81.9,81.9
KPITTECH,77.85,77.85
NEOGEN,121.7,121.7
VIKASLIFE,62.91,36.39
EMAMIPAP,10.11,10.11
CONFIPET,24.71,24.71
PPL,13.35,13.35
DGCONTENT,34.85,34.85
INDIAMART,43.9,43.72
OAL,160.44,160.44
SATIA,6.44,6.44
AFFLE,65.67,65.67
SPANDANA,10.49,10.49
WESTLIFE,192.48,192.48
UJJIVANSFB,6.77,6.77
IRCTC,73.58,70.85
SAFARI,59.03,59.03
360ONE,45.49,45.49
HPIL,126.54,126.54
FLUOROCHEM,81.33,81.33
KUANTUM,8.29,8.29
CHEMBOND,19.24,19.24
MGEL,22.23,22.23
SBICARD,29.44,29.44
HOMEFIRST,30.68,30.68
CSBBANK,11.28,11.28
EASEMYTRIP,70.1,42.4
ROSSARI,34.53,34.53
PRINCEPIPE,40.99,44.52
ESAFSFB,6.28,6.28
ARTEMISMED,52.39,52.39
SUMICHEM,67.13,67.13
LGHL,91.14,96.1
MAHEPC,257.43,199.96
UNIVPHOTO,13.43,13.43
SUVENPHAR,69.43,69.43
POWERINDIA,332.72,332.72
KSOLVES,39.34,39.34
HAPPSTMNDS,49.9,51.98
AARTISURF,28.5,28.5
BOROLTD,59.68,59.68
MAXHEALTH,83.4,83.4
PAVNAIND,49.42,49.42
KALYANKJIL,87.09,87.09
SHAREINDIA,14.45,14.43
UNIDT,47.1,47.1
ANGELONE,17.77,17.77
ADL,1811.19,1811.19
SURYODAY,9.03,9.03
UTIAMC,16.49,16.49
RAILTEL,68.07,70.75
BECTORFOOD,58.37,58.37
ORCHPHARMA,61.59,61.59
INDIGOPNTS,49.22,49.22
LXCHEM,61.26,61.26
MTARTECH,107.14,107.14
ANURAS,48.95,48.95
KANPRPLA,290.06,290.06
STYLAMIND,27.1,26.93
CLSEL,9.86,9.86
CARYSIL,38.93,38.93
MODISONLTD,20.89,26.25
BCLIND,14.75,14.69
BHAGCHEM,172.19,172.19
SMCGLOBAL,8.54,8.54
ARIHANTCAP,10.52,10.52
NAZARA,77.35,76.65
GENCON,29.86,29.86
HLEGLAS,75.21,70.2
SONACOMS,78.15,77.17
DRCSYSTEMS,32.6,32.6
PARAS,186.68,186.68
DODLA,39.12,39.12
EXXARO,180.66,180.66
ROLEXRINGS,38.8,35.18
SHYAMMETL,17.84,17.84
KIMS,51.63,51.62
TATVA,89.36,89.36
CLEAN,63.53,63.53
ABSLAMC,24.2,24.2
ZOMATO,531.56,531.56
WINDLAS,25.67,25.67
KRSNAA,38.13,38.13
APTUS,26.42,26.42
SUPRIYA,27.19,27.19
VIJAYA,69.27,68.41
VINEETLAB,57.4,57.4
SANSERA,39.17,39.17
PRITIKAUTO,26.27,26.27
AAREYDRUGS,26.33,26.33
INTLCONV,8.19,8.19
HPAL,44.32,44.68
UGROCAP,20.74,20.74
YUKEN,107.4,107.4
SGIL,46.76,46.76
ANANDRATHI,76.32,76.32
SJS,28.79,28.79
FINOPB,30.05,30.05
POLICYBZR,975.28,975.28
NYKAA,1145.13,1145.13
AWL,255.14,203.97
MONARCH,14.67,14.67
SAPPHIRE,190.89,190.89
PRUDENT,59.6,59.6
EPIGRAL,31.84,31.84
NUVOCO,85.78,85.78
GOCOLORS,66.54,66.54
TRACXN,148.32,148.32
CMSINFO,24.32,24.32
FUSION,8.8,8.8
COASTCORP,74.45,74.45
TARSONS,62.1,62.1
MEDPLUS,156.87,156.87
TEGA,63.93,63.93
RATEGAIN,64.86,64.86
MANORG,77.83,77.83
LATENTVIEW,67.48,67.48
METROBRAND,85.63,85.63
MICEL,33.91,37.88
PASUPTAC,27.45,27.45
FOODSIN,23.95,23.92
PARADEEP,71.91,71.91
MAPMYINDIA,95.48,95.48
TMB,7.06,7.06
KRITI,44.12,44.12
MANYAVAR,61.58,61.58
GANESHBE,17.87,17.85
GVPTECH,72.99,72.99
DMCC,66.78,66.78
MEDICAMEQ,62.14,62.14
EMIL,48.58,48.58
SHIVALIK,58.62,58.62
UMAEXPORTS,28.26,27.46
DATAPATTNS,98.75,98.75
MEDANTA,70.34,70.34
AHL,29.61,29.61
MALLCOM,21.99,21.99
IRIS,50.55,50.55
ASIANENE,53.86,50.25
SMLT,18.25,18.25
NRL,77.97,77.97
RADIANTCMS,20.03,20.03
CHOICEIN,59.47,59.47
HARIOMPIPE,29.7,29.7
GRWRHITECH,26.73,26.73
DCMSRIND,16.48,16.48
RAJRILTD,283.88,283.88
EMUDHRA,96.96,96.96
DYCL,33.82,33.82
FIVESTAR,28.98,28.98
STARTECK,17.41,17.41
VIRINCHI,24.52,24.52
ELDEHSG,29.86,29.86
SEJALLTD,110.89,110.89
RELCHEMQ,58.77,58.77
SYRMA,70.17,69.65
ZIMLAB,29.83,29.83
CAMPUS,99.74,99.74
VENUSPIPES,48.14,48.14
AETHER,144.55,76.82
MEGASTAR,49.66,49.66
LANDMARK,48.77,47.22
RACE,386.8,386.8
ETHOSLTD,124.85,124.85
MSUMI,50.16,50.16
HARSHA,45.61,45.61
OBCL,30.74,30.74
INDOAMIN,21.39,21.39
ACI,27.77,27.77
RITCO,23.56,23.56
SADHNANIQ,472.39,472.39
CHEVIOT,12.07,12.07
HMAAGRO,26.35,26.35
KFINTECH,52.42,52.42
DCXINDIA,62.58,62.58
KAYNES,142.45,142.45
AXITA,27.22,27.22
PLAZACABLE,102.37,102.37
TRU,52.26,52.26
TIPSFILMS,215.09,215.09
SPLPETRO,47.83,47.83
CSLFINANCE,16.55,16.55
RUSTOMJEE,109.79,109.79
GENSOL,70.39,70.27
GSLSU,47.67,47.67
MANORAMA,95.63,95.63
GRMOVER,20.86,20.86
SULA,45.39,45.39
KRITINUT,13.06,13.06
KALAMANDIR,26.39,26.39
AVALON,126.16,126.16
BAIDFIN,17.25,17.25
BLUEJET,61.75,58.37
SCPL,29.65,29.65
SUKHJITS,14.32,14.32
SKYGOLD,69.69,69.69
DIVGIITTS,54.47,54.47
IKIO,38.44,38.44
MANOMAY,25.47,25.47
AARTIPHARM,25.77,25.77
RHL,64.39,64.39
NINSYS,56.39,56.39
SBGLP,76.36,76.36
ASMS,456.23,297.49
ZAGGLE,81.66,81.66
HONASA,177.68,177.68
IRMENERGY,29.37,29.37
CYIENTDLM,97.23,97.23
RATNAVEER,25.25,25.25
ATAM,37.74,37.74
IDEAFORGE,75.94,75.94
POCL,36.29,36.29
REDTAPE,75.1,75.1
PTCIL,504.63,504.63
PYRAMID,22.55,22.55
EMSLIMITED,27.99,27.99
GHCLTEXTIL,34.27,34.27
UDS,30.74,30.74
KIRLPNU,66.58,63.68
RRKABEL,92.02,92.15
JLHL,50.6,50.62
NUVAMA,34.25,34.25
NIITMTS,28.66,28.15
SINDHUTRAD,45.43,45.42
SANDUMA,45.75,45.75
MUFIN,144.96,139.35
JIOFIN,242.64,242.64
DIAMINESQ,70.15,70.15
AMNPLST,68.25,68.25
BATAINDIA,75.43,68.95
DICIND,,108.35
BLUEDART,66.15,66.15
APCOTEXIND,43.02,43.02
RCF,53.24,63.36
KARURVYSYA,9.62,9.62
DECCANCE,24.54,18.52
TATAPOWER,45.04,48.68
THOMASCOOK,43.58,43.58
BHARATRAS,56.04,56.04
UNIVCABLES,74.32,74.32
SOMANYCERA,32.71,32.63
SANOFI,26.89,26.03
M&M,30.47,30.47
PRSMJOHNSN,58.53,
POLYPLEX,37.65,37.65
3PLAND,36.63,36.63
HONDAPOWER,45.31,47.24
SAIL,23.71,18.77
ABB,123.77,123.77
GRAPHITE,13.53,593.48
BBL,44.48,44.48
ELECTCAST,14.94,14.94
DABUR,61.79,61.79
CIPLA,29.41,28.37
HDFCBANK,19.02,18.9
GMBREW,12.58,12.58
GIPCL,18.29,18.29
INDIANHUME,28.28,28.28
IOC,5.83,5.83
KAMATHOTEL,12.55,42.19
BANCOINDIA,17.47,17.47
APOLLOTYRE,19.47,18.78
SHANTIGEAR,60.47,60.47
ONWARDTEC,27.71,27.71
NILKAMAL,25.44,25.44
ICIL,23.57,23.57
ELGIEQUIP,73.81,73.81
AUROPHARMA,24.59,23.79
EIHOTEL,41.08,40.64
LICHSGFIN,9.01,9.01
BEPL,28.63,28.63
MOREPENLAB,29.88,29.88
VENKEYS,34.39,34.39
GHCL,6.57,8.62
HIL,60.81,1137.79
EVERESTIND,101.93,150.48
BPL,45.27,45.27
PGHH,73.09,73.09
VESUVIUS,45.04,45.04
BOMDYEING,1.55,
NAVNETEDUL,17.54,19.11
GLAXO,72.28,64.53
CHOLAFIN,35.01,35.01
INDHOTEL,72.24,72.24
KOTAKBANK,20.24,20.24
GILLETTE,62.17,62.17
KANSAINER,19.41,34.22
FOSECOIND,36.85,42.36
SCHAEFFLER,72.29,72.02
AMJLAND,17.83,17.83
MFSL,91.23,91.23
GREAVESCOT,,311.01
SURYAROSNI,20.71,20.71
SAKHTISUG,3.85,
IPCALAB,58.79,64.09
HINDZINC,35.9,35.9
GRASIM,18.76,18.02
FINCABLES,39.55,46.38
DCW,103.19,97.3
CESC,17.04,20.76
BAJFINANCE,30.23,30.23
CORALFINAC,11.02,11.02
GREENPLY,52.03,60.09
REMSONSIND,52.86,51.83
DALMIASUG,12.34,12.34
KHAITANLTD,28.04,28.04
MRF,26.67,26.67
TNPETRO,17.36,13.91
STARPAPER,6.48,6.33
SILINV,22.2,22.2
KEYFINSERV,6.41,6.41
VISAKAIND,1118.39,1118.39
STERTOOLS,26.6,26.73
HITECHGEAR,16.19,45.09
DYNAMATECH,39.13,74.93
JAGSNPHARM,39.86,39.86
ALKYLAMINE,70.63,70.63
RUCHINFRA,22.36,50.04
RAMCOIND,29.99,29.99
INDRAMEDCO,18.02,18.02
MADRASFERT,355.64,35.38
SKMEGGPROD,7.82,7.82
CONCOR,51.63,51.63
HUDCO,31.15,31.15
SAREGAMA,50.98,50.98
ENGINERSIN,40.92,40.92
JAICORPLTD,129.18,129.18
GMDCLTD,21.9,21.9
MAHAPEXLTD,.56,36.65
ASAHIINDIA,50.94,50.94
J&KBANK,6.66,6.66
CUB,12.03,12.03
SOUTHBANK,6.43,6.43
ASTRAZEN,104.54,112.67
AXISBANK,15.11,15.11
CYIENT,28.28,26.44
KOKUYOCMLN,35.57,35.57
GOACARBON,8.15,8.15
SANGHVIMOV,25.43,25.43
NATIONALUM,17.78,21.05
JINDALSTEL,17.3,17.3
NIPPOBATRY,29.73,29.73
HCLTECH,26.08,26.08
ACCELYA,27.79,27.86
IOB,45.85,45.85
BIL,48.22,48.22
KTKBANK,6.3,6.3
AJANTPHARM,34.51,34.51
CALSOFT,41.9,41.9
TVSMOTOR,63.63,63.63
PNC,39.95,39.95
NLCINDIA,20.54,20.54
CHENNPETRO,5.54,5.54
KRBL,12.33,12.33
USHAMART,28.8,28.8
BALAJITELE,35.2,35.2
TRIDENT,55.01,55.03
GODREJCP,,78.79
LUPIN,43.03,43.03
EICHERMOT,37.39,37.39
ZENSARTECH,25.04,25.04
IGARASHI,164.34,164.34
MUNJALSHOW,20.93,19.69
RANASUG,13.74,13.74
WSI,17.48,17.28
SUBROS,46.36,46.36
WIPRO,25.16,25.16
MURUDCERA,59.74,59.74
KAJARIACER,52.53,52.5
OSWALAGRO,340.72,337.35
IDBI,16.02,16.02
DHAMPURSUG,10.92,10.92
JAYSREETEA,27.71,
ESABINDIA,57.61,57.61
AARTIIND,60.98,60.98
KSB,83.51,83.51
HEG,36.25,36.25
TIMKEN,80.63,80.63
INGERRAND,62.92,62.92
GSFC,18.04,18.04
EIDPARRY,8.29,8.29
BIRLACORPN,28.94,29.38
ASHAPURMIN,16.08,24.85
TNPL,9,9
NATCOPHARM,15.28,15.28
GARFIBRES,36.97,36.97
SKFINDIA,53.69,53.69
MARICO,55.69,55.69
BIOFILCHEM,149.84,149.84
SOMATEX,5.43,
CREST,18.96,18.96
TVSSRICHAK,32.68,31.16
GUJAPOLLO,26.19,26.19
KOTHARIPET,14.21,14.15
GAIL,17.53,18.16
GENESYS,114.98,114.98
NSIL,41.1,41.1
DREDGECORP,102.36,100.22
PETRONET,13.87,14.08
DATAMATICS,19.29,19.29
APARINDS,42.25,42.25
GUFICBIO,42.46,42.46
KOTARISUG,16.25,16.25
PATELENG,17.22,22.78
JPPOWER,12.72,8.79
IIFL,10.38,10.38
GRANULES,30.99,30.99
MSPL,74.69,61.03
SPLIL,15.45,15.44
RML,475.27,13.12
JMFINANCIL,321.31,8.82
TORNTPOWER,39.17,39.17
RUCHIRA,8.61,8.61
NFL,111.13,111.13
TANLA,22.93,22.93
SARLAPOLY,26.33,26.33
PITTIENG,41.13,41.13
CTE,44.28,44.28
TIIL,23.54,22.97
PFC,9.15,9.15
PAGEIND,77.37,77.37
ASTRAL,115.66,115.66
NCLIND,11.76,11.76
PHOENIXLTD,53.87,53.87
SRHHYPOLTD,13.72,12.45
KMSUGAR,14.37,14.37
NELCAST,23.97,32.94
ADSL,25.8,25.8
MOTILALOFS,13.03,13.03
POWERGRID,20.64,20.64
UMESLTD,142.68,142.68
BLISSGVS,14.18,6.68
PRAKASHSTL,2.71,6.8
RAMKY,13,13
BEDMUTHA,33.99,33.99
RESPONIND,49.21,49.21
PENIND,23.32,23.32
RKDL,,322.01
KICL,41.24,54.94
HINDMOTORS,26.98,26.98
LOVABLE,34.54,34.54
PIIND,34.92,34.92
KARMAENG,723.82,723.82
INVENTURE,23.51,19.48
AGRITECH,12.19,12.19
WONDERLA,32.36,32.36
SNOWMAN,98,98
GOODLUCK,22.82,22.82
GREENLAM,53.44,53.44
MANAKSTEEL,13.09,13.17
AVANTIFEED,21.24,21.24
PNCINFRA,14.77,14.77
SYNGENE,58.77,57.75
PKTEA,24.55,24.55
SHARDAMOTR,28.37,28.37
IDFCFIRSTB,18.82,18.82
TTKHLTCARE,32.21,32.21
LINCOLN,14.2,14.2
PRECAM,43.75,67.82
BHAGERIA,39.62,39.62
KDDL,30.2,30.27
BHARATWIRE,17.87,17.87
SHRIPISTON,18.81,18.81
DIAMONDYD,40.46,39.87
DNAMEDIA,.46,
BDL,97.63,97.63
ISEC,14.89,14.89
MIDHANI,105.2,105.2
PENINLAND,16.72,23.59
THERMAX,98.56,108.94
PREMIERPOL,22.95,22.95
SESHAPAPER,8.53,8.53
SUNDRMFAST,55.7,55.7
EXIDEIND,54.67,54.67
ELECON,40.64,40.64
CRISIL,48.4,48.4
ORIENTPPR,186.61,186.61
NELCO,88.64,88.64
MASTEK,27.78,27.56
LUMAXIND,51.71,51.71
TRENT,146.2,237.23
CUMMINSIND,75.77,75.7
JAYBARMARU,38.87,38.87
INFY,26.07,26.07
INDIAGLYCO,18.15,18.15
IGPL,47.02,47.02
HIMATSEIDE,11.93,11.93
BPCL,5.05,4.93
BASF,42.9,42.9
ATUL,63.76,63.76
ACC,21.44,24.15
SCI,20.97,20.97
MRPL,11.24,11.22
HINDPETRO,5.02,5.02
BAJAJHLDNG,77.12,77.12
VOLTAS,127.06,127.06
TITAN,81.93,81.93
TATASTEEL,,63.48
SPIC,20.14,13.69
SBIN,11.12,10.32
PFIZER,41.64,42.15
NOCIL,36.18,36.18
DEEPAKFERT,21,21
MAHSEAMLES,8.95,8.93
HINDOILEXP,12.32,14.28
BALMLAWRIE,24.98,24.98
MOTOGENFIN,122.81,122.81
BEML,71.98,71.98
TATACHEM,71.12,21.6
ATFL,191.03,272.74
VLSFINANCE,3.36,3.36
SRF,53.26,53.26
WEIZMANIND,19.96,19.96
CRAFTSMAN,37.54,37.54
JUBLINGREA,50.54,50.54
GLS,22.79,22.79
DEEPINDS,15.69,15.86
PIXTRANS,22.29,22.29
CARTRADE,54.26,54.26
DEVYANI,,520.95
ANMOL,9.33,9.33
AMIORG,129.6,58.52
BAJAJHCARE,,36.01
GRINFRA,12.78,15.93
STEELCAS,17.85,17.85
KPIGREEN,69.36,69.26
SBC,65.34,65.34
ELIN,73.27,73.27
MHLXMIRU,20.22,20.22
GATEWAY,21.02,21.02
JTLIND,34.1,34.1
RAINBOW,58.94,58.94
ROTO,52.03,52.03
INDOBORAX,15.77,15.77
AVONMORE,26.17,26.17
DREAMFOLKS,36.87,36.87
DHARMAJ,25.88,25.88
GMRP&UI,129.5,
INOXGREEN,168.47,168.47
BIKAJI,66.18,66.18
HARDWYN,104.23,104.23
MEDICO,39.22,39.22
YATHARTH,32.11,32.11
AKSHAR,22.31,22.31
NGLFINE,35.96,35.96
SENCO,42.37,42.37
RADHIKAJWE,14.24,14.24
RAMRAT,36.2,36.2
GOYALALUM,57.55,57.55
DBOL,20.26,20.26
SPORTKING,16.69,16.69
SYNCOMF,48.9,48.87
SIGNATURE,524.55,524.55
CONCORDBIO,58.45,58.45
KAMOPAINTS,85.56,85.56
MVGJL,17.67,17.67
MANKIND,44.72,44.72
SATINDLTD,3.66,3.66
USK,13.79,13.79
FAZE3Q,25.11,25.11
LLOYDSME,30.67,30.67
SAHYADRI,17.1,17.1
SBFC,37.31,37.31
HYBRIDFIN,17.15,16.65
RISHABH,41.43,41.43
SAH,239.92,239.92
AKI,148.01,148.01
SECMARK,303.82,303.82
LAL,50.13,50.13
DOLPHIN,466.46,520.56
ASHOKAMET,10.53,10.53
NETWEB,190.9,190.9
AEROFLEX,46.64,46.64
VPRPL,20.06,20.06
ATL,39.31,39.31
JSWINFRA,86.21,86.21
YASHO,49.53,49.53
SRGHFL,29.91,29.91
TREL,4.77,44.93
CELLO,77.32,77.32
JTEKTINDIA,49.74,52.49
TATAELXSI,55.96,55.96
SANDESH,6.37,6.37
ASHIMASYN,8.73,8.73
ADANIENT,104.43,97.34
INDBANK,27.58,27.58
RAJSREESUG,19.04,19.04
GET&D,209.42,209.42
TAINWALCHM,37.01,37.01
BANARISUG,26.07,26.07
ANIKINDS,510.41,510.41
BSL,18.08,18.08
TEXRAIL,114.08,114.08
DHUNINV,12.12,12.12
VADILALIND,21.08,21.08
SYMPHONY,53.01,52.58
VSTTILLERS,29.17,29.17
ASHIANA,48.62,48.62
RUSHIL,21.94,21.94
BODALCHEM,154.86,154.86
ASAHISONG,33.85,
BROOKS,148.49,148.49
TDPOWERSYS,52.81,52.81
APLLTD,31.39,31.39
PGEL,75.6,75.6
PANAMAPET,12.61,12.61
PAISALO,36.67,36.74
SHAKTIPUMP,60.49,60.49
INDOTHAI,18.36,18.36
DSSL,30.68,30.68
POLYMED,79.99,80.17
VIKASECO,98.94,98.94
APLAPOLLO,59.32,59.32
MINDACORP,52.61,52.61
DBSTOCKBRO,17.94,17.94
COMPUSOFT,38.84,38.84
NDL,14.54,14.54
HEXATRADEX,11.19,11.19
VSSL,27.06,27.06
SPECIALITY,28.31,28.31
KITEX,25.56,25.56
ROSSELLIND,178.41,176.95
ZUARI,6.33,6.33
VETO,15.07,15.07
REPCOHOME,8.66,8.66
JUSTDIAL,22.96,22.96
ATULAUTO,295.2,295.2
IBULHSGFIN,6.83,6.83
PILITA,57.94,57.94
SREEL,25.61,25.61
SDBL,25.69,25.69
BUTTERFLY,205.15,167.67
AGARIND,15.87,15.87
GOCLCORP,46.64,48.75
SHARDACROP,143.02,143.02
INTELLECT,45.78,45.56
FCL,34.14,34.14
APOLSINHOT,35.37,35.37
GENUSPAPER,160.91,160.91
VISHNU,28.4,28.4
GANECOS,92.71,92.71
JMA,9.19,9.19
LFIC,6.07,6.07
BYKE,66.61,66.61
VRLLOG,58.01,58.28
UFO,42.43,38.42
ARROWGREEN,29.48,29.48
SKIPPER,49.49,49.49
SHYAMCENT,498.46,498.46
AYMSYNTEX,295.29,68.73
MUTHOOTCAP,4.07,96.61
POWERMECH,32.92,32.92
NAVKARCORP,324.17,324.17
INDIGO,20.22,20.22
BALAXI,,16.09
UMANGDAIRY,189.25,189.25
KRIDHANINF,,68.03
ALKEM,34.49,32.76
TEAMLEASE,44.35,45.69
QUICKHEAL,113.17,113.17
NECCLTD,32.8,32.8
GOKULAGRO,18.28,18.28
HCG,124.97,134.33
THYROCARE,48.99,48.89
ARMANFIN,12.57,12.57
BLS,47.73,47.73
SALONA,26.7,26.7
MAHASTEEL,34.48,42.39
MGL,13.28,13.28
MOLDTECH,27.73,27.73
GPTINFRA,37.37,37.37
QUESS,33.37,30.58
SOMICONVEY,45.28,45.28
ADVENZYMES,31.39,29.23
DBL,38.92,425.55
NDGL,14.04,14.04
RBLBANK,11.73,11.73
BIGBLOC,60.31,60.31
LTTS,40.83,40.83
GNA,18.41,18.41
HPL,69.08,69.08
MAZDA,18.05,18.05
VBL,93.96,93.96
KINGFA,23.7,23.7
NBIFIN,67.19,67.19
TCIEXP,34.8,34.8
LAURUSLABS,151.55,151.55
ITDC,98.91,98.81
SPCENET,160.81,160.81
BHANDARI,18.99,18.99
BSE,43.61,89.47
JITFINFRA,23.21,28.09
DMART,124.07,124.07
INTENTECH,22.3,22.3
NRAIL,6.62,6.62
SCHAND,16.54,16.54
STARCEMENT,29.29,29.29
CDSL,57.07,57.07
AUBANK,30.5,29.31
SALASAR,58.93,58.93
MAGADSUGAR,9.57,9.57
SIS,37.82,37.82
APEX,49.2,49.2
CAPACITE,20.76,20.76
TCPLPACK,23.16,23.16
TIINDIA,73.93,73.94
IFGLEXPOR,29,29
SHALBY,39.8,39.8
AMBER,108.53,108.53
ASTERDM,60.71,
SUNDARMHLD,31.21,31.21
HAL,48.31,48.31
CHEMFAB,33.58,33.58
ORIENTELEC,73.66,91.58
ADANIGREEN,286.41,229.67
FINEORG,39.46,39.42
VARROC,19.95,19.95
HDFCAMC,45.73,45.73
SIGIND,16.16,16.16
TECHNOE,59.45,59.45
DALBHARAT,40.96,40.96
CHALET,65.97,65.97
BOSCHLTD,41.92,56.7
CARBORUNIV,73.68,73.68
TCI,26.4,26.2
BHARTIARTL,140.64,89.87
PONNIERODE,9.48,9.48
SURANAT&P,38.23,38.23
OFSS,40.05,40.05
CANBK,6.53,6.53
GODREJIND,47.55,47.55
MARUTI,30.44,30.44
VARDHACRLC,27.42,27.42
BAGFILMS,21.93,21.93
TVSELECT,2450.79,2450.79
TVTODAY,25.95,24.51
UNIENTER,30.03,30.03
MUKANDLTD,22.94,22.94
VAIBHAVGBL,41.83,40.03
MAHABANK,11.13,11.13
RKFORGE,47.96,47.94
CCL,31.81,31.81
LT,32.23,32.38
CENTEXT,26.68,27.11
TCS,30.68,30.21
TEXINFRA,447.42,447.42
INDSWFTLTD,7.42,7.42
NTPC,18.78,18.78
DWARKESH,16.52,16.52
SUPRAJIT,44.65,44.65
CONSOFINVT,13.65,13.65
EVEREADY,67.42,67.42
ALLSEC,26.87,26.87
SSWL,5.33,15.35
SURYALAXMI,44.63,26.18
63MOONS,7.47,7.47
VHL,372.13,43.81
GENUSPOWER,108.45,108.45
NECLIFE,134.12,134.12
GOLDIAM,20.66,20.66
SASKEN,33.51,33.51
IMPAL,19.11,19.11
SUZLON,113.25,104.75
TRIVENI,22.18,22.18
NAHARINDUS,62.1,51.37
VIMTALABS,27.62,27.62
CELEBRITY,58.5,59.83
NITINSPIN,15.06,15.06
ROHLTD,21,21
GSPL,8.23,8.39
GVKPIL,7.41,7.41
SAKUMA,23.63,23.63
KEC,64.71,64.71
JKCEMENT,42.64,42.52
INDOTECH,37.59,37.59
M&MFIN,19.58,19.58
CENTURYPLY,48.99,48.99
KEI,70.29,70.27
VAKRANGEE,526.79,573.07
GALLANTT,36.86,36.86
MALUPAPER,75.01,75.01
UTTAMSUGAR,9.73,9.73
KKCL,27.68,27.68
GPIL,16.93,17.17
RSYSTEMS,44.54,44.54
LOKESHMACH,57.57,57.57
SWELECTES,30.24,63.86
RATNAMANI,41.21,41.21
PIONEEREMB,41.23,41.23
JKLAKSHMI,21.37,21.65
ALLCARGO,42.28,55.61
MUNJALAU,22.94,15.91
GRINDWELL,80.28,80.22
VOLTAMP,58.18,58.18
SELAN,33.44,33.44
ACE,51.58,51.58
HOVS,32.68,32.68
TALBROAUTO,24.56,35.54
GEECEE,21.27,21.27
FIEMIND,21.95,21.95
DONEAR,18.75,18.75
SOBHA,391.74,391.8
HIRECT,97.98,70.01
PARACABLES,27.6,27.6
AVTNPL,26.14,26.14
TIDEWATER,30.52,30.52
LUMAXTECH,23.25,23.25
AUTOIND,32.45,32.54
PGIL,18.74,18.68
TTL,57.04,57.04
LAOPALA,29,29
JKTYRE,14.68,14.33
THEMISMED,86.68,86.68
BANSWRAS,16.91,16.91
FORTIS,55.83,56.93
INSECTICID,20.75,20.75
TIMETECHNO,23.49,23.49
V2RETAIL,88.25,88.25
CENTRALBK,21.52,21.52
KPRMILL,37.07,37.07
PURVA,226.68,226.68
NAGREEKCAP,1.11,1.11
KSCL,17.16,17.16
BAJAJELEC,91.48,91.48
CERA,48.45,48.21
ADANIPORTS,38.88,37.4
KAUSHALYA,3.46,3.46
JYOTHYLAB,49,49
KALYANIFRG,48.06,48.06
HITECHCORP,18.38,18.38
TRIL,240.54,240.54
DVL,28.21,28.21
PATINTLOG,26.47,26.47
ARIES,20.44,20.44
CEATLTD,17.51,16.28
JKIL,19.58,19.58
KNRCON,14.22,14.22
ONMOBILE,48.1,48.1
NMDC,12.88,12.42
NAHARCAP,13.52,13.52
VGUARD,79.79,79.79
DPSCLTD,107.7,107.7
BAJAJFINSV,16.21,16.21
BAJAJ-AUTO,35.8,35.8
RPGLIFE,29.4,29.4
RBL,19.6,19.16
RANEENGINE,26.4,19.73
LOTUSEYE,40.82,41.21
UBL,134.53,134.53
20MICRONS,13.86,13.58
TATAMTRDVR,1.12,1.09
COUNCODOS,30.97,30.97
AJMERA,25.69,25.69
VINATIORGA,56.9,56.9
NHPC,27.17,27.17
SUNTECK,118.08,118.08
DEN,12.04,12.04
SARDAEN,18.91,18.83
AHLUCONT,25.38,40.77
GODREJPROP,128.1,128.1
MMTC,181.86,257.99
VASCONEQ,30.69,30.69
DBREALTY,8.36,8.9
LGBBROSLTD,16.51,16.82
ISFT,23.35,23.35
SJVN,61.89,66.57
MANAPPURAM,8.19,8.19
IMFA,10.56,10.56
BAJAJCON,25.16,25.16
GPPL,31.89,29.14
ADFFOODS,34.07,34.07
KILITCH,41.1,41.1
SASTASUNDR,12.23,12.23
CANTABIL,35.36,36.05
OBEROIRLTY,32.68,32.68
COALINDIA,9.43,9.43
IOLCP,18.37,18.37
RPPINFRA,11.45,11.45
KIRLOSENG,45.11,44.08
PSB,68.11,68.11
