GAIN_LOSS,SECURITY,CLOSE_PRIC,PREV_CL_PR,PERCENT_CG
 ,Nifty 50 Sec., , , 
 , , , , 
G,HINDALCO  INDUSTRIES  LTD,       693.60,       660.35,5.04
G,COAL INDIA LTD,       490.65,       469.70,4.46
G,TATA STEEL LIMITED,       174.35,       167.90,3.84
G,JSW STEEL LIMITED,       923.45,       890.80,3.67
G,ADANI PORT & SEZ LTD,      1385.50,      1340.20,3.38
G,POWER GRID CORP. LTD.,       325.65,       316.90,2.76
G,CIPLA LTD,      1442.30,      1404.05,2.72
G,BHARAT PETROLEUM CORP  LT,       644.00,       629.00,2.38
G,DIVI S LABORATORIES LTD,      4016.55,      3929.00,2.23
G,ADANI ENTERPRISES LIMITED,      3117.50,      3059.75,1.89
G,BRITANNIA INDUSTRIES LTD,      5178.10,      5096.05,1.61
G,NTPC LTD,       372.00,       366.30,1.56
G,TECH MAHINDRA LIMITED,      1323.90,      1305.65,1.4
G,ASIAN PAINTS LIMITED,      2851.80,      2816.35,1.26
G,STATE BANK OF INDIA,       830.65,       821.00,1.18
G,MAHINDRA & MAHINDRA LTD,      2522.65,      2503.70,.76
G,SUN PHARMACEUTICAL IND L,      1540.95,      1531.90,.59
G,GRASIM INDUSTRIES LTD,      2446.65,      2434.35,.51
G,TITAN COMPANY LIMITED,      3377.00,      3362.55,.43
G,OIL AND NATURAL GAS CORP.,       280.10,       279.00,.39
G,HCL TECHNOLOGIES LTD,      1341.90,      1338.90,.22
G,SHRIRAM FINANCE LIMITED,      2373.25,      2370.45,.12
G,RELIANCE INDUSTRIES LTD,      2872.25,      2869.65,.09
G,BAJAJ AUTO LIMITED,      8820.70,      8813.85,.08
G,KOTAK MAHINDRA BANK LTD,      1698.25,      1696.95,.08
G,BAJAJ FINANCE LIMITED,      6742.85,      6738.00,.07
 , , , , 
L,NESTLE INDIA LIMITED,      2460.80,      2504.40,-1.74
L,HERO MOTOCORP LIMITED,      5053.85,      5109.85,-1.1
L,MARUTI SUZUKI INDIA LTD.,     12473.30,     12600.15,-1.01
L,ICICI BANK LTD.,      1120.95,      1130.75,-0.87
L,TATA CONSULTANCY SERV LT,      3820.20,      3851.45,-0.81
L,ULTRATECH CEMENT LIMITED,      9789.40,      9865.60,-0.77
L,INDUSIND BANK LIMITED,      1406.50,      1417.30,-0.76
L,SBI LIFE INSURANCE CO LTD,      1429.65,      1439.85,-0.71
L,HINDUSTAN UNILEVER LTD.,      2310.70,      2327.15,-0.71
L,LARSEN & TOUBRO LTD.,      3440.95,      3464.20,-0.67
L,HDFC LIFE INS CO LTD,       565.60,       569.40,-0.67
L,INFOSYS LIMITED,      1434.15,      1443.65,-0.66
L,DR. REDDY S LABORATORIES,      5779.80,      5811.60,-0.55
L,AXIS BANK LIMITED,      1137.65,      1143.75,-0.53
L,HDFC BANK LTD,      1458.80,      1466.05,-0.49
L,LTIMINDTREE LIMITED,      4730.75,      4751.10,-0.43
L,ITC LTD,       434.80,       436.65,-0.42
L,WIPRO LTD,       460.90,       462.55,-0.36
L,BAJAJ FINSERV LTD.,      1582.55,      1587.50,-0.31
L,TATA MOTORS LIMITED,       951.30,       953.95,-0.28
L,BHARTI AIRTEL LIMITED,      1344.30,      1347.75,-0.26
L,EICHER MOTORS LTD,      4672.95,      4684.40,-0.24
L,TATA CONSUMER PRODUCT LTD,      1093.95,      1095.20,-0.11
L,APOLLO HOSPITALS ENTER. L,      5948.25,      5953.95,-0.1
 , , , , 
 ,Nifty Next 50 Sec., , , 
 , , , , 
G,VEDANTA LIMITED,       491.70,       458.60,7.22
G,ADANI POWER LTD,       680.05,       634.70,7.15
G,BHARAT ELECTRONICS LTD,       274.15,       258.80,5.93
G,JINDAL STEEL & POWER LTD,      1068.95,      1016.65,5.14
G,LIFE INSURA CORP OF INDIA,      1023.70,       974.40,5.06
G,INDIAN RAILWAY FIN CORP L,       179.45,       173.25,3.58
G,INFO EDGE (I) LTD,      6405.15,      6200.30,3.3
G,HAVELLS INDIA LIMITED,      1866.85,      1822.80,2.42
G,AMBUJA CEMENTS LTD,       631.70,       619.00,2.05
G,ADANI TOTAL GAS LIMITED,       930.05,       912.80,1.89
G,ADANI ENERGY SOLUTION LTD,      1061.40,      1044.60,1.61
G,ABB INDIA LIMITED,      8549.30,      8416.65,1.58
G,ADANI GREEN ENERGY LTD,      1859.35,      1831.95,1.5
G,CANARA BANK,       116.20,       114.50,1.48
G,SAMVRDHNA MTHRSN INTL LTD,       131.60,       129.95,1.27
G,INDIAN OIL CORP LTD,       166.90,       164.90,1.21
G,INDIAN RAIL TOUR CORP LTD,      1115.55,      1102.60,1.17
G,BANK OF BARODA,       265.50,       262.50,1.14
G,SIEMENS LTD,      7284.25,      7202.15,1.14
G,HINDUSTAN AERONAUTICS LTD,      4782.25,      4730.50,1.09
G,CHOLAMANDALAM IN & FIN CO,      1292.45,      1281.85,0.83
G,AVENUE SUPERMARTS LIMITED,      4705.90,      4670.65,0.75
G,COLGATE PALMOLIVE LTD.,      2711.50,      2691.70,0.74
G,POWER FIN CORP LTD.,       469.10,       465.95,0.68
G,TRENT LTD,      4667.30,      4643.00,0.52
G,SRF LTD,      2285.40,      2275.05,0.45
G,REC LIMITED,       546.95,       544.85,0.39
G,BOSCH LIMITED,     30883.05,     30779.30,0.34
G,VARUN BEVERAGES LIMITED,      1511.50,      1507.25,0.28
G,PUNJAB NATIONAL BANK,       126.40,       126.10,0.24
 , , , , 
L,ZOMATO LIMITED,       189.10,       194.40,-2.73
L,GAIL (INDIA) LTD,       204.20,       208.75,-2.18
L,SHREE CEMENT LIMITED,     25833.45,     26288.70,-1.73
L,TVS MOTOR COMPANY  LTD,      2155.90,      2191.50,-1.62
L,ICICI PRU LIFE INS CO LTD,       580.20,       589.70,-1.61
L,BAJAJ HOLDINGS & INVS LTD,      8146.90,      8278.55,-1.59
L,ICICI LOMBARD GIC LIMITED,      1647.85,      1674.25,-1.58
L,ZYDUS LIFESCIENCES LTD,      1088.35,      1103.95,-1.41
L,GODREJ CONSUMER PRODUCTS,      1282.90,      1299.40,-1.27
L,JIO FIN SERVICES LTD,       357.75,       362.20,-1.23
L,INTERGLOBE AVIATION LTD,      4315.50,      4366.65,-1.17
L,TORRENT PHARMACEUTICALS L,      2681.70,      2707.00,-0.93
L,UNITED SPIRITS LIMITED,      1171.00,      1181.05,-0.85
L,MARICO LIMITED,       590.15,       594.55,-0.74
L,SBI CARDS & PAY SER LTD,       709.85,       714.75,-0.69
L,BERGER PAINTS (I) LTD,       491.95,       494.20,-0.46
L,DABUR INDIA LTD,       539.35,       540.00,-0.12
 , , , , 
 ,OTHER SECURITIES, , , 
 , , , , 
G,IREDA 8.55NCDTR I SR IIIA,      1245.72,      1038.10,20
G,BHARAT BIJLEE LTD,      4661.80,      3884.85,20
G,GRP LIMITED,      9191.80,      7667.65,19.88
G,WHEELS INDIA LTD,       705.75,       589.40,19.74
G,HINDUSTAN ZINC LIMITED,       741.30,       619.70,19.62
G,ENSER COMMUNICATIONS LTD,       110.70,        93.25,18.71
G,AMEYA PRECISION ENG LTD,        61.75,        52.50,17.62
G,ROLEX RINGS LIMITED,      2571.90,      2253.55,14.13
G,RAIL VIKAS NIGAM LIMITED,       341.75,       299.70,14.03
G,POKARNA LIMITED,       582.50,       515.15,13.07
G,FROG CELLSAT LIMITED,       297.20,       263.70,12.7
G,SUNDARAM BRAK LININGS LTD,       880.40,       781.55,12.65
G,LOYAL TEXTILE MILLS LTD,       657.45,       589.95,11.44
G,CHEVIOT COMPANY LIMITED,      1472.45,      1322.30,11.36
G,ELGI RUBBER CO. LTD,        69.75,        62.70,11.24
G,PODDAR PIGMENTS LIMITED,       414.60,       373.10,11.12
G,MAHA RASHTRA APEX COPR. L,       141.05,       127.00,11.06
G,COCHIN SHIPYARD LIMITED,      1641.00,      1484.15,10.57
G,HSG & URBAN DEV CORPN LTD,       270.00,       244.60,10.38
G,IIFL SECURITIES LIMITED,       181.65,       164.75,10.26
G,MCON RASAYAN INDIA LTD,       116.60,       106.00,10
G,SPECTRUM ELECTRIC IND LTD,      1701.25,      1546.60,10
G,SJVN LTD,       148.15,       134.70,9.99
G,SAR TELEVENTURE LIMITED,       294.70,       267.95,9.98
G,WINDLAS BIOTECH LIMITED,       607.95,       553.10,9.92
G,EXXARO TILES LIMITED,       109.05,        99.40,9.71
G,SILGO RETAIL LIMITED,        37.70,        34.40,9.59
G,PTC INDUSTRIES LIMITED,      8153.40,      7449.90,9.44
G,BALKRISHNA IND. LTD,      3052.70,      2797.75,9.11
G,SJS ENTERPRISES LIMITED,       692.45,       637.85,8.56
 , , , , 
L,KOTYARK INDUSTRIES LTD,      1041.75,      1273.90,-18.22
L,PARAG MILK FOODS LTD.,       185.20,       214.60,-13.7
L,IFGL REFRACTORIES LIMITED,       632.00,       730.75,-13.51
L,INTENSE TECHNOLOGIES LTD,       110.15,       125.25,-12.06
L,HONDA I POWER PRODUCT LTD,      2539.80,      2871.30,-11.55
L,AXISCADES TECH LTD,       539.85,       609.90,-11.49
L,HI GREEN CARBON LIMITED,       179.15,       201.75,-11.2
L,WINDSOR MACHINES LIMITED,        83.20,        93.30,-10.83
L,DELHIVERY LIMITED,       389.75,       434.85,-10.37
L,SEMAC CONSULTANTS LIMITED,      1073.65,      1192.90,-10
L,KIRLOSKAR ELECTRIC CO LTD,       205.50,       228.30,-9.99
L,ONWARD TECHNOLOGIES LTD,       393.65,       436.15,-9.74
L,TRACXN TECHNOLOGIES LTD,        85.70,        94.45,-9.26
L,EXCEL REALTY N INFRA LTD,          .50,          .55,-9.09
L,KIRI INDUSTRIES LIMITED,       327.25,       357.65,-8.5
L,W.S.INDUSTRIES (I) LTD.,       158.15,       172.35,-8.24
L,SEC RED NCD 9.7% SR.VII,      1075.00,      1171.00,-8.2
L,ACCENT MICROCELL LIMITED,       301.85,       328.00,-7.97
L,DIGIKORE STUDIOS LIMITED,       454.00,       492.50,-7.82
L,MINDTECK (INDIA) LIMITED,       291.05,       314.75,-7.53
L,VASCON ENGINEERS LTD,        64.95,        70.15,-7.41
L,PARTY CRUISERS LIMITED,       128.70,       138.75,-7.24
L,DOLAT ALGOTECH LIMITED,       150.70,       162.40,-7.2
L,JAIN IRRIGATION SYSTEMS,        64.55,        69.55,-7.19
L,TRIVENI TURBINE LIMITED,       593.05,       638.80,-7.16
L,UPDATER SERVICES LIMITED,       306.15,       329.60,-7.11
L,SOMANY CERAMICS LIMITED,       718.70,       772.90,-7.01
L,SANGHVI MOVERS LTD,      1132.35,      1217.35,-6.98
L,CARYSIL LIMITED,       872.85,       937.25,-6.87
L,WEALTH FRST PORT. MG. LTD,       811.55,       870.95,-6.82
