SYMBOL,SYMBOL P/E,ADJUSTED P/E
YUKEN,149.13,151.15
SGIL,43.26,43.26
ANANDRATHI,73.08,73.08
SJS,26.91,26.91
FINOPB,26.87,26.87
POLICYBZR,924.5,924.5
NYKAA,1320.51,1320.51
AWL,257.12,205.55
MONARCH,19.72,19.71
SAPPHIRE,169.75,169.75
PRUDENT,48.47,48.47
EPIGRAL,27.18,27.18
NUVOCO,78.57,78.57
GOCOLORS,67.11,67.11
TRACXN,33.18,33.18
CMSINFO,19.89,19.89
FUSION,9.61,9.61
COASTCORP,221.1,221.1
TARSONS,42.66,42.66
MEDPLUS,189.1,189.1
TEGA,58.19,58.19
RATEGAIN,67.19,67.19
MANORG,134.53,134.53
LATENTVIEW,63.42,63.42
METROBRAND,94.54,94.54
MICEL,72.65,127.72
PASUPTAC,26.15,26.15
FOODSIN,23.85,23.82
PARADEEP,57.55,57.55
MAPMYINDIA,81.04,81.04
ABMINTLLTD,264.93,264.93
TMB,6.92,6.92
KRITI,26.33,26.33
MANYAVAR,60.21,60.21
GANESHBE,18.05,17.96
GVPTECH,156.99,156.99
DMCC,64.07,64.07
MEDICAMEQ,60.74,60.74
EMIL,48.19,48.19
SHIVALIK,45.89,45.89
DATAPATTNS,102.33,102.33
MEDANTA,78.86,78.86
AHL,25.01,25.01
MALLCOM,18.6,18.6
IRIS,39.63,39.63
ASIANENE,48.08,44.86
SMLT,19.04,19.04
NRL,54,54
RADIANTCMS,17.73,17.73
CHOICEIN,51.96,51.96
HARIOMPIPE,30.78,30.78
GRWRHITECH,20.33,20.33
DCMSRIND,17.69,17.69
RAJRILTD,369.59,369.59
EMUDHRA,89.2,89.2
DYCL,33.38,33.38
FIVESTAR,25.91,25.91
VIRINCHI,27.81,27.81
SBC,68.92,68.92
ELDEHSG,31.2,31.2
ELIN,69.24,69.24
SEJALLTD,100.32,100.32
MHLXMIRU,24.56,24.56
RELCHEMQ,27.55,27.55
GATEWAY,20.21,20.21
SYRMA,58.94,58.5
ZIMLAB,32.1,32.1
JTLIND,33.89,33.89
CAMPUS,98.3,98.3
RAINBOW,64.82,64.82
VENUSPIPES,50.51,50.51
AETHER,90.73,86.87
ROTO,37.94,37.94
MEGASTAR,32.63,32.63
INDOBORAX,14.01,14.01
LANDMARK,44.4,42.43
RACE,214.45,214.45
AVONMORE,30.63,30.63
ETHOSLTD,105.85,105.85
DREAMFOLKS,36.14,36.14
MSUMI,47.93,47.93
DHARMAJ,17.25,17.25
HARSHA,36.48,36.48
OBCL,154,154
GMRP&UI,99.51,
INDOAMIN,18.39,18.39
INOXGREEN,143.27,143.27
ACI,24.01,24.01
BIKAJI,73.57,73.57
RITCO,21.81,21.81
SADHNANIQ,410.95,410.95
HARDWYN,147.81,147.81
CHEVIOT,11.67,11.67
HMAAGRO,24.86,24.86
MEDICO,38.98,38.98
KFINTECH,52.16,52.16
YATHARTH,50.56,50.56
DCXINDIA,48.47,48.47
AKSHAR,22.14,22.14
KAYNES,112.72,112.72
NGLFINE,37.69,37.69
AXITA,28.42,28.42
SENCO,45.64,45.64
TRU,140.61,140.61
RADHIKAJWE,17.15,17.15
TIPSFILMS,225.7,225.7
SPLPETRO,37.71,37.71
RAMRAT,30.84,30.84
CSLFINANCE,14.87,14.87
GOYALALUM,69.19,69.19
RUSTOMJEE,99.27,99.27
GENSOL,102.14,102.14
DBOL,17.56,17.56
GSLSU,61.18,61.18
SPORTKING,14.46,14.46
MANORAMA,84.7,84.7
GRMOVER,17.26,17.26
SYNCOMF,50.5,50.47
DJML,67.27,67.27
SULA,45.94,45.94
KRITINUT,11.27,11.27
AVALON,114.92,114.92
BAIDFIN,18.41,18.41
KAMOPAINTS,77.62,77.62
SCPL,23.14,23.14
SUKHJITS,14,14
MANKIND,43.91,43.91
SKYGOLD,50.46,50.46
SATINDLTD,3.88,3.88
DIVGIITTS,57.22,57.22
USK,13.41,13.41
IKIO,34.69,34.69
MANOMAY,26.37,26.37
FAZE3Q,19.28,19.28
LLOYDSME,28.66,28.66
AARTIPHARM,25.7,25.7
SAHYADRI,15.25,15.25
NINSYS,74.12,74.12
SBGLP,119.69,119.69
ASMS,1.63,
HYBRIDFIN,15.93,15.47
SAH,270.9,270.9
CYIENTDLM,89.39,89.39
AKI,175.98,175.98
ATAM,42.11,42.11
IDEAFORGE,66.83,66.83
LAL,49.21,49.21
POCL,14.7,25.51
REDTAPE,113.76,113.76
ASHOKAMET,42.65,42.65
PTCIL,391.23,391.23
NETWEB,160.65,160.65
GHCLTEXTIL,32.34,32.34
KIRLPNU,59.02,56.45
ATL,44.57,44.57
NIITMTS,39.76,38.82
SINDHUTRAD,20.62,20.62
TREL,14.38,64.43
PFIZER,37.12,37.57
BOSCHLTD,39.05,54.19
DEEPAKFERT,14.18,14.18
MAHSEAMLES,9.94,9.91
COROMANDEL,22.08,22.08
VINDHYATEL,25.3,25.3
ASIANPAINT,49.8,49.8
PGHL,37.46,37.46
BEML,61.63,61.63
TATACHEM,72.18,21.92
ATFL,167.12,238.6
EPL,22.68,22.68
VIPIND,139.36,220.74
BIRLACABLE,32.58,32.58
HONAUT,94.44,94.44
SUNPHARMA,40.85,38.79
HCC,13.91,48.88
IVP,10.77,10.77
EICHERMOT,36.1,36.1
ZENSARTECH,21.24,21.24
BLUEDART,56.43,56.43
HSCL,42.44,42.44
ARENTERP,19.94,19.94
ADVANIHOTR,28.87,28.87
MURUDCERA,45.2,45.2
LIBERTSHOE,93.48,88.42
PIDILITIND,87.54,85.1
JINDALSAW,11.1,11.1
STYRENIX,18.25,18.25
CANFINHOME,13.45,13.45
DABUR,52.81,52.81
ORIENTHOT,52.02,52.02
FOSECOIND,30.03,34.52
ANDHRAPAP,6.05,6.05
AMJLAND,21.45,21.45
KSB,82.99,82.99
GODFRYPHLP,31.94,31.94
TIMKEN,79.74,79.74
INGERRAND,68.89,68.89
GSFC,12.57,12.56
CGPOWER,116.31,119.15
BEL,47.98,47.98
STARPAPER,5.52,5.22
MOTHERSON,41.19,39.59
STERTOOLS,23.69,23.81
DENORA,46.59,46.59
DYNAMATECH,70.39,88.38
MMFL,21.02,21.13
ALKYLAMINE,70.02,70.02
SKIL,.1,40.37
RUCHINFRA,24.66,63.83
HERITGFOOD,38.78,38.78
MADRASFERT,,68.29
INDNIPPON,28.45,28.45
BANKINDIA,8.87,8.87
ICICIBANK,17.66,17.66
PNBGILTS,26.93,29.25
NLCINDIA,17.81,17.81
CHENNPETRO,4.94,4.94
KRBL,10.89,10.89
USHAMART,26.49,26.49
BALAJITELE,24.74,24.74
TRIDENT,58.97,58.99
LUPIN,39.09,39.09
PONNIERODE,8.29,8.29
OFSS,30.43,30.43
RADICO,90,90
JSL,21.53,22.17
WELSPUNLIV,21.06,21.06
TVTODAY,23.02,21.74
PETRONET,13.5,13.79
XPROINDIA,61.33,61.33
NIITLTD,75.16,69.17
COFORGE,34.99,35.37
WELENT,13.09,14.89
JSWSTEEL,23.82,25.12
SAKSOFT,30.27,30.27
WELCORP,18.41,18.41
PRIMESECU,35.09,35.09
GEOJITFSL,18.01,18.01
IDFC,564.86,564.86
FCSSOFT,,204.49
HOVS,32.5,32.5
DCBBANK,7.7,7.7
GESHIP,5.84,5.84
DONEAR,19.41,19.41
HIRECT,252.86,60.31
TANLA,22.02,22.02
SARLAPOLY,23.99,23.99
PITTIENG,31.04,31.04
FSL,26.63,26.63
ICRA,35.54,35.54
SRHHYPOLTD,7.12,6.9
KMSUGAR,16.72,16.72
TIMETECHNO,22.66,22.66
SHREEPUSHK,16.37,16.37
IDFCFIRSTB,18.61,18.61
SHK,29.73,24.39
LUXIND,48.2,48.2
SALZERELEC,31.81,31.81
LALPATHLAB,58.42,58.42
NH,34.21,34.21
PRECAM,39.38,56.06
HITECH,43.04,43.04
NECCLTD,39.23,39.23
KDDL,24.03,24.08
HECPROJECT,18.96,18.96
BHARATWIRE,19.11,19.11
THYROCARE,49.48,49.37
PARAGMILK,28.28,28.28
ASPINWALL,33.84,33.84
NITIRAJ,50.81,52.96
TASTYBITE,66.15,66.15
AIRAN,28.72,28.72
CLEDUCATE,24.77,26.46
DEVIT,28.26,28.26
DOLLAR,57.33,56.78
INFOBEAN,45.44,45.44
GLOBE,18.73,18.73
ERIS,32.22,32.22
ACEINTEG,315.74,315.74
AVADHSUGAR,8.98,8.98
SIS,37.01,37.01
GEEKAYWIRE,13.04,13.04
APEX,61.97,61.97
DPWIRES,25.7,25.7
AIROLAM,26.47,26.47
GATECHDVR,17.84,17.84
GODREJAGRO,34.76,34.76
TIINDIA,62.02,62.04
SECURCRED,13.19,13.19
SILVERTUC,72.73,72.73
SHRADHA,12.26,12.26
TOUCHWOOD,62.44,62.46
MOKSH,15.1,15.1
GALAXYSURF,29.01,29.01
SOUTHWEST,37.04,37.04
HGINFRA,16.74,17.1
UNIINFO,14.45,14.45
URAVI,415.58,415.58
SANDHAR,31.44,32.17
KAPSTON,27.64,27.64
MMP,30.77,30.77
BSHSL,100.61,100.61
SOFTTECH,198.57,198.57
E2E,70.91,70.91
SIRCA,33.98,33.98
LATTEYS,53.36,53.36
DGCONTENT,25.97,25.97
WEL,136.07,136.07
CHEMCON,49.61,49.61
WESTLIFE,188.52,188.52
MAZDOCK,39.2,39.2
DCI,29.66,29.66
IIFLSEC,9.88,9.88
FLUOROCHEM,81.81,81.81
KUANTUM,6.3,6.3
CHEMBOND,16.6,16.6
SBICARD,28.23,28.23
SIGMA,19.82,19.82
EASEMYTRIP,53.78,53.78
HINDWAREAP,49.18,49.18
ARTEMISMED,53.46,53.46
ATALREAL,71.07,71.07
MAHEPC,229.58,178.32
NELCAST,23.33,32.06
TARMAT,117.78,117.78
MEGASOFT,71.14,71.14
ALPA,10.5,10.53
CENTRALBK,20.94,20.94
KPRMILL,35.33,35.33
PURVA,187.52,187.52
CENTUM,85.71,85.71
BVCL,12.8,12.8
HINDNATGLS,.74,.74
GKWLIMITED,77.76,77.76
ADANIPOWER,11.75,11.75
SHILPAMED,935.76,935.76
DLINKINDIA,15.98,15.98
BEARDSELL,16.68,16.68
JUBLFOOD,128.14,128.14
HATHWAY,59.77,59.75
PERSISTENT,49.69,49.69
KSL,20.03,20.03
UMESLTD,58.34,58.34
BAJAJCON,22.2,22.2
WELINV,98.7,98.7
ASHOKA,14.85,13.23
CGCL,50.15,50.15
JINDWORLD,95.88,95.88
A2ZINFRA,9.67,
JUBLINDS,99.28,26.21
DHUNINV,13.48,13.48
PIIND,34.3,34.3
OMINFRAL,24.1,24.1
DELPHIFX,14.01,14.01
ATULAUTO,220.38,220.38
ORBTEXP,14.26,14.26
SDBL,27.41,27.41
CAPLIPOINT,21.65,21.65
GOODLUCK,24.09,24.09
CCHHL,15.33,15.33
VISHNU,18.7,18.7
LINC,26.26,26.26
MANAKALUCO,32.15,32.15
AVANTIFEED,19.21,19.01
PRIVISCL,47.5,47.5
ARROWGREEN,24.37,24.37
MUTHOOTCAP,3.6,25.33
THERMAX,92.21,101.92
RIIL,182.25,182.25
RAYMOND,22.9,21.81
SHREDIGCEM,18.04,18.04
SMLISUZU,37.32,37.32
SUNDRMFAST,48.17,48.17
CRISIL,49.87,49.87
PEL,,31.61
MASTEK,25.04,24.85
TRENT,121.91,197.82
CUMMINSIND,82.52,82.45
JBCHEPHARM,51.76,51.76
INDIAGLYCO,15.72,15.72
IONEXCHANG,38.04,38.04
HIMATSEIDE,11.97,11.97
GFLLIMITED,.36,
BHARATFORG,76.67,76.09
ATUL,55.94,55.94
TATAMOTORS,10.19,9.96
MRPL,10.46,10.44
ESCORTS,41.98,41.98
BAJAJHLDNG,65.36,65.36
ZUARIIND,1.48,
VOLTAS,110.95,110.95
TATASTEEL,,51.02
VEDL,22.63,33.91
RELIANCE,24.69,24.69
BATAINDIA,66.77,61.07
CARBORUNIV,77.27,77.27
BALMLAWRIE,32.88,32.88
RAMCOCEM,44.54,44.54
ADORWELD,29.41,29.41
TORNTPHARM,61.32,64.48
VLSFINANCE,3.88,3.88
SRF,50.49,50.49
WEIZMANIND,22.46,22.46
BBOX,34.6,23.38
JTEKTINDIA,42.63,45.2
TATAELXSI,57.5,57.5
SANDESH,7.15,7.15
ARE&M,26.09,25.06
ADANIENT,103.2,96.2
INDBANK,26.83,26.83
GET&D,279.51,54.57
BERGEPAINT,50.8,50.98
KPIL,37.75,37.75
IGARASHI,137.38,137.38
JAYNECOIND,22.5,20.64
SOTL,17.78,17.78
UFLEX,,16.68
THOMASCOOK,36.61,36.61
SIEMENS,127.92,127.92
VSTIND,20.76,20.76
TOKYOPLAST,74.31,52.19
IFCI,69.25,69.81
HLVLTD,73.84,85.94
HEIDELBERG,28.72,28.72
MANGLMCEM,39.99,39.99
PCBL,21.06,21.06
3PLAND,29.87,29.87
HONDAPOWER,35.42,33.61
IDBI,16.06,16.06
BBL,33.41,33.41
DCMSHRIRAM,34.98,34.98
COSMOFIRST,25.5,25.5
HDFCBANK,17.13,17.03
GMBREW,9.53,9.53
ITC,26.26,26.32
IOC,5.6,5.6
OSWALGREEN,134.81,134.81
HUHTAMAKI,5.73,22.39
RICOAUTO,37.44,36.12
BANCOINDIA,16.83,16.83
MANINDS,22.57,22.57
SIYSIL,11.31,11.31
ONWARDTEC,28.98,28.98
NCC,23.72,23.07
ELGIEQUIP,50.34,62.87
BBTC,5.63,5.44
BEPL,19.28,19.28
BANARBEADS,23.64,23.64
PRUDMOULI,12.35,12.35
PRAJIND,34.44,34.44
KEEPLEARN,219.23,219.23
TFCILTD,16.42,16.42
GTL,.95,5.33
GUJALKALI,6708.69,6708.69
AGI,17.62,17.62
TATACONSUM,80.21,69.19
ZEEL,68.01,240.39
FMGOETZE,17.38,17.38
JAYSREETEA,26,
KANSAINER,19.1,33.67
3MINDIA,64.13,64.13
AARTIIND,55.01,55.01
MFSL,90.09,90.09
GREAVESCOT,,243.46
SURYAROSNI,19.28,19.28
SUDARSCHEM,14.95,47.68
IPCALAB,54.71,59.87
HINDUNILVR,53.16,53.18
AMBUJACEM,32.34,33.88
HEUBACHIND,20.41,20.41
NAVA,5.93,6.48
AUTOAXLES,17.34,17.34
KHAITANLTD,105.63,105.63
GARFIBRES,32.33,32.33
SKFINDIA,55.27,55.27
JAYAGROGN,14.03,14.03
MARICO,51.23,51.23
BIOFILCHEM,168.82,168.82
SANGAMIND,46,40.17
VISAKAIND,1092.25,1092.25
HITECHGEAR,19.23,54.62
TVSSRICHAK,29.42,28.05
SHRIRAMFIN,12.05,12.05
GANESHHOUC,15.32,15.32
MPHASIS,28.23,28.23
INDRAMEDCO,19.43,19.43
BANKBARODA,7.37,7.37
SKMEGGPROD,7.09,7.09
CONCOR,54.44,54.44
HUDCO,23.82,23.82
SAREGAMA,44.41,44.41
ENGINERSIN,35.52,35.52
GMDCLTD,16.1,16.1
INDUSINDBK,12.29,12.29
J&KBANK,8.06,8.06
CUB,11.58,11.58
ASTRAZEN,103.62,94.11
AXISBANK,13.37,13.37
KOKUYOCMLN,35.87,35.87
DHANBANK,11.56,11.56
JINDALSTEL,17.45,17.45
NIPPOBATRY,117.95,117.95
ICDSLTD,53.21,53.21
ACCELYA,26.35,26.42
STAR,,39.07
ZYDUSLIFE,28.99,28.94
GLENMARK,,41.61
SHREERAMA,38.91,38.91
NRBBEARING,12.86,30.02
KTKBANK,6.08,6.08
BLBLIMITED,14.71,16.45
CALSOFT,919.23,919.23
TAJGVK,37.13,37.13
GAEL,20.76,20.76
MRO-TEK,54.26,54.26
KHANDSE,247.8,247.8
MARKSANS,23.63,23.63
ACLGATI,231.45,
SMARTLINK,41.55,41.55
MCDOWELL-N,67.62,67.47
ASAL,67.87,67.87
PNB,16.67,16.67
TIMESGTY,53.69,53.69
GENESYS,262.12,262.12
DIVISLAB,75.42,75.42
MARUTI,30.02,30.02
BAGFILMS,14,14
JAIBALAJI,18.92,18.92
UNIENTER,27.12,27.12
MUKANDLTD,22.94,22.94
MAHABANK,11.25,11.25
POONAWALLA,21.82,31.94
DATAMATICS,17.91,17.91
LT,30.59,30.73
ULTRACEMCO,40.79,40.48
GULFPETRO,13.35,13.35
NTPC,19.74,19.74
KOTARISUG,16.46,16.46
INDOCO,30.57,32.58
JINDALPHOT,105.77,105.77
GOKEX,44.77,44.77
SHOPERSTOP,106.91,98.64
SURYALAXMI,36.94,18.75
63MOONS,9.76,17.88
VHL,31.95,31.95
YESBANK,54.6,54.6
SUZLON,79.61,114.71
TRIVENI,18.85,18.85
ORIENTCER,30.76,36.28
EKC,13.35,13.23
ROHLTD,23.54,23.54
JAGRAN,11.26,11.26
M&MFIN,17.32,17.32
KEI,65.68,65.66
SOLARINDS,92.99,92.99
MALUPAPER,81.83,81.83
RSYSTEMS,43.1,43.1
LOKESHMACH,65.81,65.81
KAMDHENU,27.82,27.82
PIONEEREMB,64.23,64.23
MUNJALAU,200.66,19.38
TECHM,53.38,53.46
GRINDWELL,68.09,68.05
ATLANTAA,.93,
ANANTRAJ,49.86,49.86
TALBROAUTO,31.16,31.16
INSPIRISYS,45.13,45.13
TORNTPOWER,34.42,34.42
LTFOODS,14.15,14.15
VENUSREM,14.04,14.04
HBLPOWER,64.38,63.55
PTL,24.19,24.19
GANDHITUBE,20.76,20.76
UNOMINDA,64.56,64.56
HUBTOWN,83.57,83.57
ORIENTBELL,6681.82,6681.82
JKTYRE,14.02,14.11
BANSWRAS,15.4,15.4
AROGRANITE,37.39,37.39
NDLVENTURE,205.24,205.24
FORTIS,59.6,61.6
HILTON,30.59,30.59
V2RETAIL,103.49,103.49
ADSL,19.2,19.2
CIEINDIA,23.25,23.25
MOTILALOFS,14.66,14.66
MAGNUM,12.52,12.52
MAANALU,19.32,19.32
CERA,38.77,38.58
EDELWEISS,15.46,15.46
RGL,14.16,14.16
HITECHCORP,18.06,18.06
BRIGADE,109.07,110.69
DVL,29.59,29.59
AMBIKCO,13.59,13.59
BIRLAMONEY,14.06,14.06
JKIL,15.82,15.82
KNRCON,13.31,13.31
ONMOBILE,53.17,53.17
NAHARCAP,13.17,13.17
VGUARD,62.01,62.01
DPSCLTD,101.35,101.35
TITAGARH,59.45,59.11
BAJAJFINSV,16.25,16.25
DIGISPICE,13.78,31.65
GOKUL,73.85,16.45
RBL,18.07,17.66
LOTUSEYE,35.83,35.85
UBL,123.73,123.73
ZFCVINDIA,64.3,64.3
JOCIL,53.89,53.89
ALKALI,78.9,74.39
AJMERA,26.31,26.31
VINATIORGA,49.6,49.6
EXPLEOSOL,19.73,19.73
JSWENERGY,61.16,61.16
MMTC,228.3,420.84
NESTLEIND,96.67,97.03
THANGAMAYL,27.89,27.89
SJVN,61.32,59.25
KIRLOSIND,16.8,15.81
TI,28.24,34.88
IITL,9.42,19.49
PRAKASHSTL,7.37,7.37
KILITCH,43.05,43.05
SASTASUNDR,26.19,25.94
CANTABIL,28.68,29.24
BEDMUTHA,42.53,42.53
JWL,63.76,63.76
RESPONIND,58.69,58.69
PENIND,19.63,19.63
MOIL,38.23,38.23
KIRLOSENG,42.71,41.73
KICL,40.09,64.65
TEXRAIL,80.78,80.78
PFS,15.07,15.07
SYMPHONY,46.39,46.02
ASHIANA,50.03,50.03
LTF,17.21,17.21
BROOKS,155.31,155.31
PGEL,54.1,54.1
TRITURBINE,75.4,75.4
DSSL,30.21,30.21
JISLDVREQS,.75,.75
RUPA,33.06,33.06
KANANIIND,127.35,127.35
IRFC,35.22,35.22
RHIM,,95.66
SCHNEIDER,102.98,101.07
NBCC,66.96,56.74
TBZ,14.21,14.21
SWANENERGY,31.74,29.13
RTNINDIA,28,24.71
PROZONER,22.54,22.54
MAYURUNIQ,20.53,20.53
DUCON,45.53,45.53
TVSHLTD,11.11,11.09
VETO,13.49,13.49
INDUSTOWER,15.4,15.4
IBULHSGFIN,6.93,6.93
MITCON,52.73,52.73
AGRITECH,14.47,14.47
CASTROLIND,21.98,21.98
AGARIND,13.69,13.69
GULFOILLUB,16.06,16.06
SUPERHOUSE,15.16,15.16
PDSL,27.74,28.31
MONTECARLO,14.4,14.4
GULPOLY,48.67,48.67
LAMBODHARA,43.78,43.78
GREENLAM,52.04,52.04
MENONBE,9.75,9.75
MANAKSTEEL,13.69,14.33
IMAGICAA,11.59,12.25
BYKE,54.02,54.02
BCG,1.5,1.5
PNCINFRA,17.83,17.83
ORICONENT,31.88,25.95
ADANIENSOL,97.46,87.49
SYNGENE,54.44,53.5
PKTEA,18.98,18.98
ARVSMART,60.44,60.44
GUJGASLTD,33.41,34.74
COFFEEDAY,51.7,8.84
BALAXI,,19.55
LINCOLN,12.37,12.37
OCCL,15.02,15.02
VIDHIING,68.03,68.03
KELLTONTEC,,18.74
PDMJEPAPER,12.84,12.84
WEALTH,21.74,21.74
INFIBEAM,57.76,57.76
SAGARDEEP,113.33,113.33
SHRIPISTON,20.76,20.76
UNITEDPOLY,27.72,27.72
BLS,40.25,40.25
CONTROLPR,26.38,26.4
INCREDIBLE,32.33,32.33
DAMODARIND,37.1,37.1
POKARNA,18.09,18.09
QUESS,33.59,30.78
LLOYDSENGG,90.36,90.36
LTIM,30.69,30.69
GATECH,52.49,52.49
MINDTECK,29.22,29.22
DBL,32.32,353.42
MBAPL,79.76,79.76
CUPID,35.72,35.72
MARATHON,18.2,18.2
MASKINVEST,1208.98,1208.98
SAKAR,61.38,61.36
PANSARI,37,37
ARTNIRMAN,99.26,99.26
MAZDA,17.77,17.77
KINGFA,18.89,18.89
KIOCL,668.8,668.8
TCIEXP,31.38,31.38
ITDC,81.4,81.32
LIBAS,18.95,18.95
MAHESHWARI,14.04,14.04
BHANDARI,20.1,20.1
MCL,90.9,90.9
PRICOLLTD,39.48,39.48
STEELCITY,13.25,13.25
KRISHANA,32.52,32.52
GLOBAL,15.98,15.98
SANGINITA,48.46,48.46
RADIOCITY,193.23,193.23
INTENTECH,18.8,18.8
LAXMICOT,,106.58
EIFFL,125.61,125.61
NRAIL,6.1,6.1
CREATIVE,22.85,22.85
FOCUS,30.51,30.51
SIKKO,43.59,43.59
MKPL,99.73,99.73
PANACHE,190.12,190.12
STARCEMENT,30.64,30.64
CDSL,52.52,52.52
DYNPRO,91.5,91.5
UNIVASTU,38.62,38.62
GANGESSECU,44.41,44.41
TOTAL,160.14,160.14
WEWIN,31.31,31.31
VAISHALI,29.07,29.07
SERVOTECH,155.39,155.39
ABCAPITAL,18.54,18.54
CHOLAHLDNG,5.49,5.49
WORTH,12.45,12.45
AARVI,18.43,18.43
DIAMONDYD,32.98,32.57
RKEC,14.65,14.65
JASH,45.99,45.99
TIRUPATIFL,25.89,25.89
DPABHUSHAN,62.19,62.19
NAM-INDIA,33.79,33.79
KHADIM,69.31,69.31
VERTOZ,79.54,79.54
ICEMAKE,42.78,42.78
ONEPOINT,54.48,54.48
AJOONI,63.79,63.79
BCONCEPTS,69.84,70.06
APOLLO,125.57,120.19
SINTERCOM,313.68,313.68
ARVEE,275.54,275.54
SARVESHWAR,53.52,53.52
MACPOWER,79.39,79.39
BDL,93.83,93.83
HAL,41.66,41.66
MITTAL,23.75,73.45
MIDHANI,80.43,80.43
AVG,20.81,20.81
NARMADA,30.83,30.83
AAKASH,28.45,28.45
GODHA,85.11,85.11
ORIENTELEC,64.74,80.5
BORORENEW,505.92,
SONAMLTD,30.16,30.16
PRITI,21.78,21.78
VARROC,17.93,17.93
GANGAFORGE,58.46,70.95
REPL,25.3,25.3
AVROIND,31.95,31.95
HDFCAMC,41.61,41.61
TEMBO,24.28,24.28
AARON,51.7,51.7
SIGIND,14.98,14.98
SUMIT,31.64,31.64
RPPL,30.17,30.17
AKG,28.65,28.65
IRCON,29.71,29.71
AHLADA,15.91,15.91
RAJMET,21.14,21.14
KSHITIJPOL,70.9,
GRSE,43,43
SILGO,20.94,20.94
VINNY,24.63,24.63
BBTCL,28.71,28.71
MARINE,77.98,77.98
IRISDOREME,55.41,55.41
ATGL,154.54,154.54
TECHNOE,60.58,60.58
UNIPARTS,16.84,16.84
SHRIRAMPPS,5.77,5.77
AWHCL,16.76,16.76
RPSGVENT,13.67,13.67
MSTCLTD,28.39,28.39
OSIAHYPER,23.91,23.77
ANUP,35.73,35.73
ARVINDFASN,68.13,64.98
PAR,22.15,22.15
RVNL,42.52,42.52
POLYCAB,54.15,54.15
METROPOLIS,75.18,75.18
KPITTECH,69.1,69.1
NEOGEN,108.44,108.44
EMAMIPAP,14.8,14.8
CONFIPET,23.55,23.55
PPL,10.64,10.64
INDIAMART,42.17,42
OAL,6660.05,6660.05
SATIA,5.31,5.31
AFFLE,63.56,63.56
SPANDANA,11.54,11.54
HNDFDS,81.51,81.51
UJJIVANSFB,8.05,8.05
IRCTC,79.78,77.62
SAFARI,58.6,58.6
360ONE,35.17,35.17
HPIL,54.47,54.47
VISHWARAJ,22.99,22.99
GREENPANEL,25.83,25.83
APOLLOPIPE,61.08,61.08
MGEL,16.23,16.23
ROUTE,23.52,24.4
HOMEFIRST,24.4,24.4
CSBBANK,10.59,10.59
EQUITASBNK,13.33,13.33
ROSSARI,29.43,29.43
PRINCEPIPE,39.56,42.97
LIKHITHA,22.07,22.07
PATANJALI,67.53,67.53
SUMICHEM,61.01,61.01
ASALCBR,21.27,21.27
UNIVPHOTO,12.36,12.36
BAFNAPH,20.92,20.92
SUVENPHAR,44.32,44.32
STOVEKRAFT,64.39,64.39
RAJRATAN,41.91,41.91
HAPPSTMNDS,50.17,52.26
GLAND,44.49,42.27
BOROLTD,46.79,46.79
MAXHEALTH,77.83,77.83
AAATECH,42.44,42.44
KALYANKJIL,71.38,71.38
BTML,37.82,37.82
SHAREINDIA,15.2,15.18
SIGACHI,45.96,45.96
ADL,,1723.47
NIRAJ,34.66,15.3
CAMS,46.44,46.44
SURYODAY,9.77,9.77
UTIAMC,14.6,14.6
BECTORFOOD,56.84,56.84
ORCHPHARMA,42.96,62.17
INDIGOPNTS,45.44,45.44
LXCHEM,71.1,71.1
MTARTECH,76.32,76.32
ANURAS,51.43,51.43
KANPRPLA,47.67,47.67
STYLAMIND,23.09,23.09
CLSEL,8.98,8.98
SHAILY,64.58,64.58
MODISONLTD,19.3,23.7
BCLIND,15.54,15.48
BHAGCHEM,90.71,90.71
SMCGLOBAL,9.28,9.27
ARIHANTCAP,14.98,14.98
NAZARA,56.7,56.7
GENCON,15.65,15.65
HLEGLAS,59.41,56.07
SONACOMS,69.44,68.57
DRCSYSTEMS,28.11,28.11
PARAS,93.36,93.36
DODLA,36.06,36.06
JUBLINGREA,46.14,46.14
ROLEXRINGS,31.46,31.46
SHYAMMETL,16.92,16.92
KIMS,46.46,46.46
TATVA,86.09,86.09
GLS,21.4,21.4
ABSLAMC,19.61,19.61
ZOMATO,488.88,488.88
PIXTRANS,23.83,23.83
WINDLAS,19.77,19.77
KRSNAA,34.04,34.04
APTUS,25.77,25.77
SUPRIYA,25.51,25.51
VIJAYA,69.23,68.37
VINEETLAB,18.61,18.61
SANSERA,30.39,30.39
PRITIKAUTO,28.35,28.35
AAREYDRUGS,33.32,35.57
INTLCONV,8.63,8.63
HPAL,45.72,46.09
UGROCAP,21.93,21.93
TTKPRESTIG,44.06,44.06
EIMCOELECO,29.87,29.87
SAMBHAAV,68.7,90.93
KEYFINSERV,12.22,12.22
ZENITHEXPO,48.73,48.73
AARTIDRUGS,26.14,26.14
CREST,18.32,18.32
WENDT,67.79,67.79
PUNJABCHEM,23.53,23.53
MIRZAINT,47.8,47.8
GUJAPOLLO,18.11,18.11
JAGSNPHARM,38.93,38.93
GUJRAFFIA,44.21,44.21
RAMCOIND,19.67,20.13
KOTHARIPET,13.06,13
GAIL,15.96,16.54
KCPSUGIND,9.03,8.82
INDSWFTLAB,2.12,9.11
FDC,27.22,27.22
ADROITINFO,14.18,14.18
JAICORPLTD,,111.09
MAHAPEXLTD,54.67,86.79
ASAHIINDIA,46.41,46.41
TRIGYN,99.39,99.39
KOTHARIPRO,226.76,226.76
SOUTHBANK,6.83,6.83
ARCHIES,32.92,32.92
ITDCEM,31.41,31.41
CYIENT,28.06,26.23
SONATSOFTW,48.74,4.18
CYBERTECH,21.31,21.31
GOACARBON,9.21,9.21
SANGHVIMOV,28.03,28.03
STCINDIA,19.45,21.22
RSSOFTWARE,34.6,34.6
NATIONALUM,23.44,23.44
IVC,33.94,33.94
ALEMBICLTD,28.11,28.11
BSOFT,27.18,27.18
HCLTECH,23.13,23.13
RAJESHEXPO,12.21,12.21
LCCINFOTEC,,77.23
NAUKRI,110.57,103.04
MANALIPETC,69.79,61.44
RUCHIRA,6.47,6.47
JINDRILL,22.11,22.11
PARACABLES,31.54,31.54
AVTNPL,24.8,24.8
TIDEWATER,25.49,25.49
LUMAXTECH,23.33,22.1
AUTOIND,168.56,52.49
TIIL,19.96,19.96
REDINGTON,13.31,13.31
PFC,8.18,8.18
INDIANB,8.95,8.95
PAGEIND,73.97,73.97
AMDIND,20.88,20.88
THEMISMED,78.42,78.42
BALAMINES,31.76,31.76
DISHTV,,14.74
BFUTILITIE,12.59,12.59
WEBELSOLAR,,84.85
INSECTICID,26.37,26.37
NAVINFLUOR,62.84,75.83
NAGREEKEXP,9.96,9.96
HGS,55.88,55.88
DLF,129.26,129.26
ISMTLTD,21.54,20.1
NAGREEKCAP,.52,.52
KSCL,15.35,15.35
POWERGRID,18.58,18.58
MANGCHEFER,6.11,6.11
DELTACORP,13.41,15.96
BAJAJELEC,80.85,80.85
RELIGARE,1.95,16.74
ADANIPORTS,35.02,33.69
KOLTEPATIL,46.12,46.12
COLPAL,55.31,54.73
JYOTHYLAB,44.52,44.52
KALYANIFRG,35.52,35.52
ECLERX,22.67,22.61
TRIL,188.01,188.01
MANAKSIA,7.24,6.61
PATINTLOG,24.72,24.72
ARIES,20.91,20.91
KAVVERITEL,1.13,1.1
CEATLTD,16.06,14.94
CORDSCABLE,32.91,32.91
HERCULES,14.26,51.94
IRB,45.19,45.19
NMDC,12.76,14.51
RECLTD,10.14,10.14
NESCO,18.24,18.24
BAJAJ-AUTO,33.07,33.07
RPGLIFE,28.37,28.37
ALMONDZ,13.5,36.85
RANEENGINE,23.55,17.6
ARCHIDPLY,26,26
VINYLINDIA,30.94,30.94
20MICRONS,11.84,11.6
TATAMTRDVR,1.05,1.02
COUNCODOS,27.08,27.08
MAWANASUG,8.76,8.64
MHRIL,70.82,70.82
EXCEL,56.12,56.12
NHPC,24.44,24.44
GLOBUSSPR,16.73,16.73
AMRUTANJAN,48.65,48.65
DEN,11.39,11.39
SARDAEN,17.35,17.3
REFEX,15.15,15.16
AHLUCONT,32.6,32.53
DBCORP,14.44,14.44
HINDCOPPER,123.85,123.85
UNITEDTEA,10.96,10.96
VASCONEQ,19.09,19.09
DBREALTY,8.81,9.39
LGBBROSLTD,14.8,15.08
ISFT,21.1,21.1
KIRLOSBROS,43.16,43.76
MANAPPURAM,7.54,7.54
POWERINDIA,477.79,477.79
KSOLVES,38.35,38.35
AARTISURF,27.4,27.4
NDRAUTO,33.52,33.52
PAVNAIND,38.26,38.26
UNIDT,51.94,51.94
ANGELONE,22.04,22.04
VALIANTORG,24.09,26.89
ROML,17.98,16.33
RAILTEL,53.7,55.82
HERANBA,27.93,27.93
RVHL,60.3,60.3
FAIRCHEMOR,44.83,44.83
ISGEC,29.81,29.81
PAKKA,29.9,29.9
CARYSIL,43.06,43.06
SBCL,38.79,38.79
IPL,32.13,32.13
LODHA,76.64,72.18
UTKARSHBNK,11.86,11.86
CRAFTSMAN,27.92,27.92
EXXARO,206.73,139.84
CLEAN,58.28,58.28
DEEPINDS,15.02,15.17
CARTRADE,59.2,59.2
DEVYANI,,485.01
ANMOL,10.5,10.5
AMIORG,106.42,48.05
BAJAJHCARE,39.56,39.56
GRINFRA,12.82,12.82
STEELCAS,17.81,17.81
KPIGREEN,71.85,71.75
HMVL,81.34,81.34
BLISSGVS,14.17,6.68
AHLEAST,13.77,23.34
UGARSUGAR,12.3,12.3
ADFFOODS,34.9,34.9
CAREERP,29.05,29.06
GREENPOWER,46.86,69.54
WABAG,107.4,22.45
PRESTIGE,33.71,33.91
IOLCP,16.43,16.43
GRAVITA,27.59,27.59
JAMNAAUTO,26.51,26.51
STEL,47.98,47.98
HINDMOTORS,88.51,88.51
LOVABLE,45.1,45.1
VADILALIND,24.07,24.07
RELAXO,103.05,103.05
VSTTILLERS,24.36,24.36
DHANUKA,25.08,25.08
RUSHIL,20,20
INVENTURE,21.5,18.87
WINDMACHIN,66.97,66.97
BODALCHEM,128.15,128.15
ASAHISONG,140.03,
FILATEX,22.7,22.7
TDPOWERSYS,41.11,41.45
APLLTD,30.84,30.84
VASWANI,16.01,16.01
PANAMAPET,11.13,11.13
PAISALO,35.55,35.62
SHAKTIPUMP,37.91,37.91
INDOTHAI,21.02,21.02
ESSARSHPNG,1.8,49.59
POLYMED,62.08,62.22
VIKASECO,86.54,86.54
APLAPOLLO,63.21,63.21
MINDACORP,36.83,36.83
DBSTOCKBRO,23.37,23.37
COMPUSOFT,33.24,33.24
NDL,27.01,27.01
HEXATRADEX,9.45,9.45
VSSL,28,28
SPECIALITY,30.24,30.24
KITEX,36.39,36.39
ROSSELLIND,138.75,137.82
ZUARI,,4.89
CARERATING,32.21,32.21
REPCOHOME,8.09,8.09
JUSTDIAL,23.41,23.41
JPOLYINVST,3.05,3
NATHBIOGEN,8.94,9.6
BUTTERFLY,191.87,156.81
HATSUN,85.04,85.04
GOCLCORP,36.45,38.3
SHARDACROP,117.22,117.22
CIGNITITEC,21.65,21.65
FCL,34.19,34.19
APOLSINHOT,39.04,39.04
GRPLTD,45.16,41.5
MOLDTKPAC,36.81,36.81
GANECOS,83.84,83.84
HESTERBIO,90.49,90.49
MANAKCOAT,38.76,38.76
VRLLOG,58.27,58.54
UFO,112.12,87.26
NILAINFRA,40.35,40.35
SKIPPER,45.23,45.23
SHYAMCENT,39.84,39.84
RAMASTEEL,56.59,56.59
SATIN,6.1,6.1
SHARDAMOTR,16.48,16.48
NAVKARCORP,272.34,272.34
SADBHIN,,1.08
INDIGO,23.42,23.42
TTKHLTCARE,32.95,32.95
PILANIINVS,29.53,29.53
ALKEM,41.29,37.52
TEAMLEASE,52.12,52.75
QUICKHEAL,103.68,103.68
BHAGERIA,43.3,43.3
GOKULAGRO,16.05,16.05
HCG,216.38,216.38
CROMPTON,58.51,58.51
ALBERTDAVD,8.96,8.96
PREMEXPLN,110.61,110.61
MAHASTEEL,41.58,52.03
MGL,10.21,10.21
MOLDTECH,23.45,23.45
COMPINFO,1.11,1.11
GPTINFRA,26.2,26.2
SOMICONVEY,34.25,34.25
ADVENZYMES,30.66,28.55
SPAL,18.2,18.2
NDGL,12.6,12.6
RBLBANK,12.12,12.12
BIGBLOC,56.91,56.91
LTTS,36.14,36.14
GNA,14.88,14.88
HPL,60.95,60.95
ENDURANCE,45.23,45.23
PNBHOUSING,12.87,12.87
VBL,88.55,88.55
PODDARMENT,13.74,13.74
NBIFIN,58.49,58.49
SFL,52.15,54.59
LAURUSLABS,142.47,142.47
TERASOFT,12.3,11.27
HISARMETAL,17.51,17.51
SPCENET,150.06,150.06
BSE,54.05,110.91
KALYANI,4.24,4.24
JITFINFRA,51.44,51.44
DMART,119.87,119.87
ARIHANTSUP,20.55,20.55
SCHAND,33.48,33.48
PSPPROJECT,17.39,17.39
TEJASNET,326.3,326.3
AUBANK,30.21,29.03
SALASAR,63.68,63.07
THEINVEST,53.37,53.37
OPTIEMUS,45.61,45.61
COCHINSHIP,69.24,78.21
MATRIMONY,24.84,24.84
TCPLPACK,20.07,20.07
MASFIN,19.11,19.11
IFGLEXPOR,32.25,32.25
DNAMEDIA,.48,
SHALBY,36.79,36.79
NEWGEN,55.02,55.02
GMMPFAUDLR,32.72,32.72
BANDHANBNK,19.54,19.54
ISEC,13.92,13.92
CHEMFAB,24.18,24.18
INDOSTAR,26.66,26.66
ADANIGREEN,298.85,239.65
GAYAHWS,.19,
FINEORG,32.37,32.34
RITES,34.82,34.82
HBSL,1.75,1.75
CREDITACC,15.7,15.7
AAVAS,25.5,25.5
DALBHARAT,39.95,39.95
CHALET,62.6,62.6
IOB,45.88,45.88
BIL,44.92,44.92
AJANTPHARM,36.95,36.95
BLUESTARCO,79.16,79.16
TVSMOTOR,57.14,57.14
REPRO,91.07,91.07
HAVELLS,89.89,89.89
AXISCADES,63.23,63.23
TIPSINDLTD,44.59,44.59
HIKAL,52.9,52.9
JISLJALEQS,51.44,51.44
TCI,25.67,25.47
MPSLTD,23.41,23.41
OLECTRA,178.91,194.97
SURANAT&P,27.1,27.1
UNIONBANK,7.87,7.87
NUCLEUS,17.33,17.33
UCOBANK,38.79,38.79
NSIL,30.08,30.08
TVSELECT,2232.17,2232.17
DREDGECORP,52.9,52.02
UPL,,18.77
PTC,11.82,11.82
VAIBHAVGBL,49.74,48.72
RKFORGE,39.15,39.14
CCL,30.35,30.35
EXCELINDUS,101.95,101.95
CENTEXT,22.89,21.79
TCS,30.23,29.76
TEXINFRA,345.99,345.99
ASTRAMICRO,98.57,98.57
DWARKESH,15.87,15.87
SUPRAJIT,38.36,38.36
PATELENG,16.41,21.71
CONSOFINVT,2.2,2.2
EVEREADY,57.94,57.94
ALLSEC,25.09,25.09
IIFL,8.51,8.51
SSWL,16.46,16.46
CYBERMEDIA,12.29,10.96
JKPAPER,5.67,5.67
GRANULES,24.32,24.32
GENUSPOWER,162.13,162.13
NECLIFE,155.58,155.58
GOLDIAM,20.45,20.45
SASKEN,29.9,29.9
IMPAL,17.27,17.27
AURIONPRO,46.33,46.33
AIAENG,31.57,31.58
NAHARINDUS,153.65,81.24
VIMTALABS,27.09,27.09
CELEBRITY,34,34.41
NITINSPIN,14.91,14.91
ENIL,30.57,31.58
GSPL,7.7,7.86
GVKPIL,6.14,6.14
SAKUMA,35.56,35.56
KEC,58.71,58.71
JKCEMENT,37.91,37.8
INDOTECH,37.6,37.6
BLKASHYAP,,29.81
CENTURYPLY,41.63,41.63
VAKRANGEE,608.58,662.05
GALLANTT,31.11,31.11
GANGOTRI,6,6
UTTAMSUGAR,9.69,9.69
KKCL,27.68,27.68
SUNTV,14.14,14.14
GPIL,14.33,14.37
EMKAY,13.28,13.28
BALPHARMA,45.95,45.95
SWELECTES,59.46,59.46
RATNAMANI,37.02,37.02
JKLAKSHMI,20.79,21.09
ALLCARGO,32.89,39.17
EMAMILTD,31.26,31.05
VOLTAMP,54.23,54.23
SELAN,30.14,30.14
GEECEE,79.01,79.01
JMFINANCIL,10.66,10.66
FIEMIND,19.98,19.98
SHREYANIND,3.8,3.8
APOLLOHOSP,105.79,105.95
NEULANDLAB,26.62,26.62
TAINWALCHM,65.24,65.24
JYOTISTRUC,108.44,108.44
MUNJALSHOW,15.09,17.67
RANASUG,6.47,6.47
WSI,29,31.14
SUNFLAG,27.06,27.06
WIPRO,21.72,21.72
TATACOMM,54.25,59.77
SANOFI,37.2,36
KAJARIACER,46.82,46.79
PRSMJOHNSN,49.98,
OSWALAGRO,6964.87,6964.87
ELECTCAST,14.32,14.32
KOTAKBANK,18.77,18.77
SCHAEFFLER,76.16,75.88
HEG,33.73,33.73
TATAINVEST,112.9,112.9
SHREECEM,39.58,39.58
HINDALCO,15.81,15.83
FINPIPE,42.33,42.33
EIDPARRY,6.82,6.82
BIRLACORPN,27.23,27.65
ASHAPURMIN,15.78,19.04
TNPL,6.74,6.74
NATCOPHARM,14.01,14.01
ANDHRSUGAR,18.99,18.55
AUSOMENT,35.16,35.16
SILINV,18.87,18.87
SUNDRMBRAK,26.34,26.34
INDIANCARD,24.34,
GODREJCP,,70.9
BHARTIARTL,130.74,83.54
APTECHT,44.65,38.37
CANBK,6.51,6.51
GODREJIND,40.85,40.85
VARDHACRLC,26.02,26.02
IGL,18.92,18.92
BIOCON,26.46,26.37
APARINDS,39.18,39.18
GUFICBIO,40.88,40.88
JBMA,118.03,118.03
XCHANGING,111.36,111.36
JPPOWER,13.35,9.23
JSWHL,61.81,61.81
MSPL,48.28,42.44
SPLIL,15.98,15.11
RML,451.23,12.45
ACE,63.6,63.6
ALICON,12.4,12.4
SOBHA,353.62,353.68
PLASTIBLEN,20.07,20.07
WANBURY,9.68,17.81
IZMO,17.48,17.48
PGIL,15.97,15.92
SMSPHARMA,42.62,42.62
LAOPALA,27.1,27.1
ASTRAL,107.99,107.99
NCLIND,10.03,10.03
PHOENIXLTD,42.11,42.11
TGBHOTELS,32.88,32.88
ARMANFIN,13.68,13.68
SALONA,19.2,19.2
URJA,464.86,464.86
SHANKARA,19.89,19.89
WIPL,34.26,34.26
BHAGYANGR,7.44,7.44
GTPL,17.42,17.42
STEELXIND,138.38,138.38
MAGADSUGAR,8.42,8.42
SMSLIFE,101.77,
DIXON,146.8,146.8
CAPACITE,29.27,29.27
IEX,41.54,41.54
5PAISA,31.18,31.18
AMBER,94.16,94.16
ASTERDM,41.51,
SUNDARMHLD,151.81,151.81
LEMONTREE,74.72,74.72
OIL,10.42,10.45
ZYDUSWELL,42.39,40.24
GODREJPROP,110.4,110.4
WHIRLPOOL,89.35,84.18
EMMBI,19.98,19.98
MANINFRA,25.81,25.81
IMFA,10.72,10.57
GPPL,29.25,28.88
DEEPAKNTR,42.51,45.94
RAMKY,2.57,75.79
OBEROIRLTY,32.96,32.96
COALINDIA,9.03,9.03
PSB,69.32,69.32
SUMMITSEC,21.79,21.79
HFCL,43.27,43.27
MUTHOOTFIN,15.92,15.92
MAITHANALL,12.59,12.59
ORIENTCEM,25.16,25.16
PILITA,60.54,60.54
SREEL,23.85,23.85
WONDERLA,31.84,31.84
SNOWMAN,72.3,72.3
INTELLECT,38.82,38.63
GENUSPAPER,210.03,210.03
JMA,8.8,8.8
ZENTEC,62.52,63.44
LFIC,7.12,7.12
TPLPLASTEH,39.75,39.75
ALANKIT,24.14,24.14
AYMSYNTEX,,413.02
POWERMECH,32.08,32.08
PENINLAND,12.84,21.46
WHEELS,39.77,39.77
ZODIACLOTH,28.65,
PREMIERPOL,20.98,20.98
SESHAPAPER,8.14,8.14
FACT,308.24,115.01
EXIDEIND,45.89,45.89
ELECON,36.78,36.78
LAXMIMACH,45.53,45.53
ORIENTPPR,18.66,18.66
NELCO,73.55,73.55
MAHSCOOTER,43.39,43.39
LUMAXIND,54.17,50.09
KECL,77.56,77.56
KCP,7.89,7.88
JAYBARMARU,39.22,39.22
INFY,22.83,22.83
IFBIND,116.47,116.47
IGPL,21.97,21.97
GNFC,14.19,14.19
BPCL,5.29,5.16
BASF,35.6,35.6
ARVIND,28.09,28.24
ACC,20.41,22.99
SCI,17.6,17.6
LINDEINDIA,251.12,251.12
HINDPETRO,5.04,5.04
ASHOKLEY,24.28,24.53
TITAN,85.43,85.43
SUNDARMFIN,36.27,36.27
SPIC,18.27,12.42
SBIN,10.75,9.98
NOCIL,36.49,36.49
DRREDDY,17.43,17.43
CHAMBLFERT,13.43,13.43
HINDOILEXP,10.03,10.03
DICIND,,103.39
CENTURYTEX,109.39,41.32
CENTENKA,28.83,28.83
VTL,22.58,22.58
FEDERALBNK,10.18,10.18
SUPREMEIND,73.82,73.82
BALRAMCHIN,15.13,15.13
AEGISCHEM,37.27,37.27
UNICHEMLAB,271.18,
RANEHOLDIN,19.92,9.32
BALKRISIND,36.76,36.76
RAJSREESUG,9.88,9.88
ONGC,6.92,6.19
TIL,23.85,
BANARISUG,17.55,17.55
ANIKINDS,42.5,42.5
BSL,16.64,16.64
APCOTEXIND,39.08,39.08
RCF,35.66,42.43
KARURVYSYA,9.91,9.91
DECCANCE,19.49,19.49
TATAPOWER,45.47,49.14
SUBROS,47.36,47.36
SPMLINFRA,42.97,42.97
BHARATRAS,69.79,69.75
UNIVCABLES,57.68,57.68
SOMANYCERA,31.89,31.81
M&M,27.93,27.93
KABRAEXTRU,42.45,42.45
POLYPLEX,32.59,32.59
EIHAHOTELS,33.37,33.37
SAIL,27.58,24.85
RUBYMILLS,18.16,18.16
ABB,121.94,121.94
GRAPHITE,15,657.86
BRITANNIA,57.43,57.37
DHAMPURSUG,11.05,11.05
CIPLA,27.28,26.32
HEROMOTOCO,26.45,25.64
HARRMALAYA,130.51,130.51
GIPCL,14.51,14.51
INDIANHUME,22.92,22.92
HINDCOMPOS,17.14,17.14
WALCHANNAG,66.36,
KAMATHOTEL,17.04,57.28
IFBAGRO,86.29,86.29
APOLLOTYRE,18.17,17.52
SHANTIGEAR,52.99,52.99
PRECWIRE,34.69,34.69
NILKAMAL,24.96,24.96
ICIL,22.52,22.52
SEAMECLTD,42.93,42.93
AUROPHARMA,25.36,25
EIHOTEL,61.12,53.68
LICHSGFIN,7.45,7.45
GICHSGFIN,7.68,7.68
MOREPENLAB,32.17,32.17
WSTCSTPAPR,4.41,4.36
VENKEYS,32.11,32.11
GHCL,6.05,7.93
HIL,52.53,982.83
EVERESTIND,72.82,94.28
BPL,34.53,34.53
PGHH,68.54,68.54
VESUVIUS,44.3,44.3
BOMDYEING,1.31,
NAVNETEDUL,20.56,28.6
GLAXO,67.75,60.49
CHOLAFIN,31.57,31.57
INDHOTEL,67.59,67.59
GILLETTE,57.36,57.36
GOLDENTOBC,9.9,11.23
ESABINDIA,56.77,56.77
GABRIEL,33.03,33.03
RALLIS,36.33,36.5
PRAKASH,8.89,8.89
KOPRAN,23.58,23.58
GLFL,289.07,289.07
SAKHTISUG,1.67,
AKZOINDIA,27.93,27.93
HINDZINC,33.75,33.75
GRASIM,16.91,16.91
FINCABLES,26.65,31.64
DCW,98.39,92.77
CESC,13.22,16.03
BAJFINANCE,28.88,28.88
CORALFINAC,8.83,8.83
GREENPLY,44.85,49.43
REMSONSIND,63.67,62.03
DALMIASUG,11.43,11.43
SWARAJENG,22.12,22.12
MRF,26.3,26.3
TNPETRO,15.65,12.54
