GAIN_LOSS,SECURITY,CLOSE_PRIC,PREV_CL_PR,PERCENT_CG
 ,Nifty 50 Sec., , , 
 , , , , 
G,SHRIRAM FINANCE LIMITED,      2556.45,      2465.95,3.67
G,NTPC LTD,       351.25,       344.80,1.87
G,DIVI S LABORATORIES LTD,      3684.90,      3622.50,1.72
G,TATA CONSULTANCY SERV LT,      3947.30,      3883.80,1.63
G,AXIS BANK LIMITED,      1063.25,      1047.20,1.53
G,TECH MAHINDRA LIMITED,      1255.15,      1236.80,1.48
G,BHARTI AIRTEL LIMITED,      1225.70,      1208.25,1.44
G,BAJAJ FINANCE LIMITED,      7309.25,      7207.40,1.41
G,OIL AND NATURAL GAS CORP.,       275.35,       272.50,1.05
G,HINDALCO  INDUSTRIES  LTD,       576.60,       571.20,.95
G,MAHINDRA & MAHINDRA LTD,      1989.30,      1971.95,.88
G,STATE BANK OF INDIA,       771.05,       766.40,.61
G,COAL INDIA LTD,       445.50,       443.20,.52
G,HCL TECHNOLOGIES LTD,      1535.85,      1528.30,.49
G,TATA MOTORS LIMITED,      1009.15,      1004.65,.45
G,WIPRO LTD,       483.20,       481.20,.42
G,EICHER MOTORS LTD,      3934.20,      3922.20,.31
G,POWER GRID CORP. LTD.,       280.10,       279.55,.2
G,HDFC BANK LTD,      1482.30,      1480.15,.15
 , , , , 
L,NESTLE INDIA LIMITED,      2553.95,      2623.30,-2.64
L,BAJAJ AUTO LIMITED,      9080.45,      9276.10,-2.11
L,DR. REDDY S LABORATORIES,      6124.40,      6237.55,-1.81
L,KOTAK MAHINDRA BANK LTD,      1731.15,      1757.40,-1.49
L,BRITANNIA INDUSTRIES LTD,      4834.60,      4899.95,-1.33
L,HDFC LIFE INS CO LTD,       624.10,       631.90,-1.23
L,CIPLA LTD,      1471.50,      1489.40,-1.2
L,JSW STEEL LIMITED,       869.00,       879.25,-1.17
L,TITAN COMPANY LIMITED,      3712.50,      3755.95,-1.16
L,ADANI ENTERPRISES LIMITED,      3233.45,      3268.75,-1.08
L,INDUSIND BANK LIMITED,      1542.65,      1559.40,-1.07
L,RELIANCE INDUSTRIES LTD,      2943.20,      2973.90,-1.03
L,TATA CONSUMER PRODUCT LTD,      1119.50,      1131.15,-1.03
L,MARUTI SUZUKI INDIA LTD.,     12427.85,     12552.45,-0.99
L,BAJAJ FINSERV LTD.,      1640.35,      1656.55,-0.98
L,HINDUSTAN UNILEVER LTD.,      2265.20,      2286.70,-0.94
L,BHARAT PETROLEUM CORP  LT,       610.95,       615.80,-0.79
L,APOLLO HOSPITALS ENTER. L,      6375.05,      6419.75,-0.7
L,SBI LIFE INSURANCE CO LTD,      1460.80,      1470.60,-0.67
L,LARSEN & TOUBRO LTD.,      3782.45,      3807.40,-0.66
L,LTIMINDTREE LIMITED,      4869.30,      4900.75,-0.64
L,TATA STEEL LIMITED,       163.65,       164.65,-0.61
L,ADANI PORT & SEZ LTD,      1397.20,      1404.15,-0.49
L,ICICI BANK LTD.,      1077.20,      1081.20,-0.37
L,ULTRATECH CEMENT LIMITED,     10001.90,     10038.15,-0.36
L,ASIAN PAINTS LIMITED,      2869.35,      2874.20,-0.17
L,ITC LTD,       425.20,       425.85,-0.15
L,INFOSYS LIMITED,      1480.65,      1482.85,-0.15
L,SUN PHARMACEUTICAL IND L,      1619.85,      1622.25,-0.15
L,HERO MOTOCORP LIMITED,      4557.20,      4560.80,-0.08
 , , , , 
 ,Nifty Next 50 Sec., , , 
 , , , , 
G,PUNJAB NATIONAL BANK,       135.15,       126.70,6.67
G,ADANI POWER LTD,       617.85,       588.45,5
G,VARUN BEVERAGES LIMITED,      1475.90,      1409.45,4.71
G,GAIL (INDIA) LTD,       189.10,       183.30,3.16
G,POWER FIN CORP LTD.,       417.25,       407.55,2.38
G,REC LIMITED,       474.05,       463.80,2.21
G,CANARA BANK,       606.95,       594.70,2.06
G,HINDUSTAN AERONAUTICS LTD,      3589.30,      3543.00,1.31
G,SIEMENS LTD,      5645.30,      5576.85,1.23
G,ABB INDIA LIMITED,      6504.05,      6429.85,1.15
G,AVENUE SUPERMARTS LIMITED,      4460.90,      4411.85,1.11
G,BANK OF BARODA,       274.25,       271.30,1.09
G,INDIAN RAIL TOUR CORP LTD,      1014.65,      1003.80,1.08
G,TATA POWER CO LTD,       412.25,       408.80,0.84
G,TRENT LTD,      3922.85,      3891.90,0.8
G,COLGATE PALMOLIVE LTD.,      2800.25,      2782.60,0.63
G,JINDAL STEEL & POWER LTD,       902.40,       896.90,0.61
G,HAVELLS INDIA LIMITED,      1550.55,      1544.15,0.41
G,SBI CARDS & PAY SER LTD,       695.20,       692.35,0.41
G,BHARAT ELECTRONICS LTD,       221.50,       221.00,0.23
G,ICICI LOMBARD GIC LIMITED,      1692.70,      1688.90,0.22
G,PIDILITE INDUSTRIES LTD,      3002.90,      2999.75,0.11
G,SRF LTD,      2623.00,      2621.80,0.05
G,AMBUJA CEMENTS LTD,       634.95,       634.70,0.04
G,JIO FIN SERVICES LTD,       357.10,       357.10,0
 , , , , 
L,DLF LIMITED,       904.55,       934.85,-3.24
L,TORRENT PHARMACEUTICALS L,      2588.65,      2668.55,-2.99
L,ZOMATO LIMITED,       178.30,       183.10,-2.62
L,INTERGLOBE AVIATION LTD,      3490.85,      3567.80,-2.16
L,TVS MOTOR COMPANY  LTD,      2104.40,      2150.55,-2.15
L,UNITED SPIRITS LIMITED,      1130.30,      1152.90,-1.96
L,BERGER PAINTS (I) LTD,       561.05,       571.70,-1.86
L,GODREJ CONSUMER PRODUCTS,      1189.40,      1209.15,-1.63
L,VEDANTA LIMITED,       298.80,       301.30,-0.83
L,INFO EDGE (I) LTD,      5614.00,      5656.00,-0.74
L,BAJAJ HOLDINGS & INVS LTD,      8358.15,      8420.50,-0.74
L,ADANI GREEN ENERGY LTD,      1878.95,      1892.65,-0.72
L,SHREE CEMENT LIMITED,     26354.30,     26532.90,-0.67
L,MARICO LIMITED,       496.05,       499.00,-0.59
L,INDIAN RAILWAY FIN CORP L,       145.30,       146.10,-0.55
L,ZYDUS LIFESCIENCES LTD,       987.70,       992.95,-0.53
L,SAMVRDHNA MTHRSN INTL LTD,       120.40,       120.95,-0.45
L,ICICI PRU LIFE INS CO LTD,       620.75,       623.30,-0.41
L,ADANI ENERGY SOLUTION LTD,      1094.75,      1098.35,-0.33
L,BOSCH LIMITED,     30815.65,     30915.85,-0.32
L,INDIAN OIL CORP LTD,       173.70,       174.20,-0.29
L,CHOLAMANDALAM IN & FIN CO,      1194.75,      1197.25,-0.21
L,DABUR INDIA LTD,       531.00,       531.60,-0.11
L,LIFE INSURA CORP OF INDIA,       997.75,       998.40,-0.07
L,ADANI TOTAL GAS LIMITED,       975.90,       976.25,-0.04
 , , , , 
 ,OTHER SECURITIES, , , 
 , , , , 
G,JAY JALARAM TECHNO LTD,       402.00,       335.00,20
G,BHARTIYA INTERNATIONAL,       395.50,       329.60,19.99
G,KALAHRIDHAAN TRENDZ LTD,        48.70,        40.60,19.95
G,AGRO PHOS INDIA LIMITED,        49.65,        41.40,19.93
G,INDO AMINES LIMITED,       144.85,       121.05,19.66
G,HOMESFY REALTY LIMITED,       534.55,       450.00,18.79
G,J.G.CHEMICALS LIMITED,       228.85,       193.50,18.27
G,TRIDHYA TECH LIMITED,        31.90,        27.15,17.5
G,CAPRI GLOBAL CAPITAL LTD,       238.35,       204.40,16.61
G,BOMBAY METRICS S C LTD,        99.90,        85.85,16.37
G,VIBHOR STEEL TUBES LTD,       323.55,       279.85,15.62
G,DHANI LOANS & SERV LTD,      1549.00,      1346.00,15.08
G,RELIANCE CHEMOTEX IND LTD,       230.80,       200.95,14.85
G,GOA CARBON LIMITED,       952.75,       831.35,14.6
G,MANALI PETROCHEMICALS LT,        70.80,        62.30,13.64
G,ADVANI HOT.& RES.(I) LTD,        87.50,        77.20,13.34
G,INDIAN METALS & FERRO,       732.05,       649.10,12.78
G,KRISHNA DEF AND ALD IND L,       427.95,       380.15,12.57
G,MAZAGON DOCK SHIPBUIL LTD,      2236.70,      1995.55,12.08
G,BTRFLY GANDHI APPL LTD,       888.30,       792.65,12.07
G,TAX FREE7.35% SR.IIA,      1200.00,      1071.00,12.04
G,MODISON LIMITED,       137.90,       123.15,11.98
G,INDIFRA LIMITED,        37.55,        33.55,11.92
G,ONMOBILE GLOBAL LTD.,        76.75,        68.75,11.64
G,KONTOR SPACE LIMITED,        77.55,        69.50,11.58
G,D P WIRES LIMITED,       521.00,       467.45,11.46
G,DJ MEDIAPRINT & LOG LTD,       195.35,       175.70,11.18
G,INDO TECH TRANSFORM LTD.,      1109.25,       998.75,11.06
G,SOTAC PHARMACEUTICALS LTD,       134.00,       121.00,10.74
G,THE UGAR SUGAR WORKS LTD,        80.90,        73.10,10.67
 , , , , 
L,AARTI SURFACTANTS LIMITED,       162.00,       188.60,-14.1
L,MADHUSUDAN MASALA LIMITED,       101.05,       111.45,-9.33
L,FIDEL SOFTECH LIMITED,       107.65,       117.90,-8.69
L,SRIVASAVI ADHESIVE TAPE L,       107.55,       116.00,-7.28
L,SEC RED NCD 9.70% SR. V,      1070.01,      1153.95,-7.27
L,SERENCD9.20%SRVIICIII&IV,       900.45,       965.00,-6.69
L,MIRAEAMC - MAGS813ETF,        26.27,        28.13,-6.61
L,SEC RE NCD SR III,       931.11,       989.75,-5.92
L,SERENCD8.84%SRVICIII&IV,       867.00,       919.99,-5.76
L,MILTON INDUSTRIES LIMITED,        37.00,        38.95,-5.01
L,FLEXITUFF VENTURES INT L,        41.75,        43.95,-5.01
L,GOI LOAN 8.13% 2045,       110.67,       116.50,-5
L,VERTEXPLUS TECHNOLOGIES L,       131.10,       138.00,-5
L,KORE DIGITAL LIMITED,       919.70,       968.10,-5
L,A B COTSPIN INDIA LIMITED,       220.60,       232.20,-5
L,NAMAN IN-STORE (INDIA) L,       112.85,       118.75,-4.97
L,GIRIRAJ CIVIL DEVP LTD,       464.00,       488.15,-4.95
L,GLOBE INTL CARRIERS LTD,        49.05,        51.60,-4.94
L,SEC RED NCD 9.57% SR. V,       943.00,       990.00,-4.75
L,AURANGABAD DISTILLERY LTD,       256.50,       268.90,-4.61
L,S J LOGISTICS (INDIA) LTD,       289.20,       303.00,-4.55
L,A G UNIVERSAL LIMITED,        54.50,        57.05,-4.47
L,RELIABLE DATA SERVICE LTD,        62.00,        64.90,-4.47
L,MACROTECH DEVELOPERS LTD,      1115.45,      1167.20,-4.43
L,SADBHAV ENGINEERING LTD,        32.70,        34.20,-4.39
L,DELAPLEX LIMITED,       230.00,       239.95,-4.15
L,SABAR FLEX INDIA LIMITED,        19.95,        20.80,-4.09
L,SEC RED NCD 9.7% SR.VII,      1015.00,      1058.00,-4.06
L,GANESH BENZOPLAST LIMITED,       182.10,       189.75,-4.03
L,GEEKAY WIRES LIMITED,        97.55,       101.55,-3.94
