SECURITY,NEW,PREVIOUS,NEW_STATUS
ADANI POWER LTD,617.85,589.45,H
JSW ENERGY LIMITED,583.9,543,H
2.50%GOLDBONDS 2025TR-VII,6938.99,6840,H
SGB2.50%MAY2025SR-I 17-18,6900,6846.99,H
V2 RETAIL LIMITED,488.7,465.45,H
2.5%GOLDBONDS2028SR-III,6765,6698.65,H
2.50%GOLDBONDS2029SR-IV,6770,6700,H
2.50%GOLDBONDS2029SR-XI,6898.99,6749,H
2.50%GOLDBONDS 2025SR-IX,6850,6789,H
VENUS PIPES & TUBES LTD,1997.7,1929.7,H
RELIANCE POWER LTD.,31.8,30.3,H
2.50%GOLDBONDS2030SR-III,6840,6679,H
MIRAEAMC - MAGOLDETF,70.88,69.4,H
GOI TBILL 182D-13/06/24,98.68,98.22,H
ICICIPRAMC-ICICIFIN,23.7,23.55,H
MAHINDRA & MAHINDRA LTD,2003.3,1982.3,H
THERMAX LTD,4499,4395,H
LOKESH MACHINES LTD,429.7,421.55,H
COLGATE PALMOLIVE LTD.,2814.9,2806.7,H
2.75% GOLDBONDS2024TR-IV,7345,6885,H
2.75% GOLDBONDS2024TR-V,6993,6838,H
ARVIND SMARTSPACES LTD,750.75,750,H
WEALTH FRST PORT. MG. LTD,720,666,H
2.5%GOLDBONDS2028SR-VIII,6900,6762.61,H
2.50%GOLDBONDS2026SR-I,6938.99,6800,H
2.50%GOLDBONDS2027SR-VII,6800,6759,H
2.50%GOLDBONDS2028SR-VI,6755,6690,H
2.50%GOLDBONDS2029SR-XII,6735.01,6700,H
SIMPLEX INFRASTRUCTURES L,118.65,113,H
BIRLASLAMC - SILVER,79.2,78.99,H
2.50%GOLDBONDS2031SR-I,6765,6689,H
2.50%GOLDBONDS2031SR-IV,6769.89,6700,H
DJ MEDIAPRINT & LOG LTD,210.6,209,H
SERENCD 8.60% SR.IV OP8,1029,1025,H
SEC RE NCD SR.III,1060,1054.5,H
MIRAEAMC - MAMFGETF,130.25,127.65,H
GOI TBILL 182D-12/09/24,97.5,97,H
KOTAK NIFTY ETF,245.95,243.62,H
KOTAK PSU BANK,729.99,720,H
SDL GJ 7.58% 2032,100,97,H
PLATINUM INDUSTRIES LTD,213.9,212,H
INDRAPRASTHA MEDICAL CORP,198.15,188.85,H
BHARAT BIJLEE LTD,6649,6525,H
CUMMINS INDIA LTD,3062.75,3054.15,H
TATA COMMUNICATIONS LTD,2084.65,2083,H
KAPSTON SERVICES LIMITED,272,270,H
2.5%GOLDBONDS2029SR-II,6752,6689,H
2.5%GOLDBONDS2029SR-III,6750,6699.99,H
2.50%GOLDBONDS2027SR-V,6999,6785,H
2.50%GOLDBONDS2028SR-IV,6765,6699.99,H
2.50%GOLDBONDS2028SR-VII,6788.9,6713.99,H
2.50%GOLDBONDS2029SR-X,6770,6680,H
2.50% GOLDBONDS2025SR-VI,6750,6700,H
2.50%GOLDBONDS2025 SR-XII,6801,6799,H
2.50%GOLDBONDS2030SR-II,6810,6705,H
THEJO ENGINEERING LIMITED,2938,2828,H
J.G.CHEMICALS LIMITED,231.25,213.75,H
SEC RE NCD 10.25% SR.IV,1060,1050.3,H
ASIAN HOTELS (NORTH) LTD,139.95,137.25,H
PRECOT LIMITED,326.4,321,H
NIP IND ETF JUNIOR BEES,682.6,675.45,H
GULF OIL LUB. IND. LTD.,1102.65,1100,H
WONDERLA HOLIDAYS LTD.,1073.65,1040.65,H
2.50% GOLDBONDS2024 TR-VI,6930,6825,H
MIRAEAMC - MAFANG,91.36,88.98,H
2.5%GOLDBONDS2029SR-I,6749.99,6719.9,H
2.50%GOLDBONDS2028SR-II,6754,6697,H
2.50%GOLDBONDS2028SR-V,6900,6765,H
SUPREME INFRA. LTD,76.9,74.4,H
DHANI LOANS & SERV LTD,1549,1530,H
WONDER ELECTRICALS LTD,786.35,748.95,H
HDFC GOLD ETF,61.37,60.3,H
GOI LOAN  7.18% 2033,104.45,104.35,H
EPIGRAL LIMITED,1380,1349.95,H
NUVAMA WEALTH MANAGE LTD,4995,4979.8,H
SOMI CONVEYOR BELT. LTD.,139.5,138.45,H
SERENCD8.65%SR.IIICIII&IV,1068,1067,H
SRIVARI SPICES N FOODS L,325.7,310.9,H
GOI TBILL 182D-23/05/24,98.8,98.76,H
ICICI PRUD MIDCAP SEL ETF,156.65,155.7,H
GOI TBILL 182D-01/08/24,97.55,97.5,H
GOI TBILL 182D-11/07/24,97.8,97.35,H
SCHNEIDER ELECTRIC INFRA,857.85,817,H
VEDANTA LIMITED,305,299,H
CARBORUNDUM UNIVERSAL LTD,1359.6,1342.45,H
2.5%GOLDBONDS2029SR-VI,6776,6685,H
2.50% GOLDBONDS2025SR-III,6900,6890,H
2.50%GOLDBONDS2028SR-X,6768.98,6718.78,H
TRANS & RECTI. LTD,446.95,436.15,H
KALAHRIDHAAN TRENDZ LTD,48.7,47.8,H
MIRAEAMC - MANXT50,633.76,631.68,H
ICICIPRAMC - ICICIM150,188,187.98,H
ICICIPRAMC - ICICINXT50,66.55,65.9,H
BHARAT ROAD NETWORK LTD,64.5,62.9,H
2.50%GOLDBONDS2031SR-III,6770,6750,H
GOI TBILL 91D-30/05/24,98.9,98.7,H
OWAIS METAL & MINERAL,528.8,519,H
MOTILALAMC - MOSMALL250,15.54,15.1,H
ZEN TECHNOLOGIES LIMITED,1042.45,999.65,H
SBI-ETF NIFTY NEXT 50,660,656.7,H
SGB2.50%JUL2025SR-II17-18,6881,6849,H
FORCE MOTORS LIMITED,7735,7689,H
2.5%GOLDBONDS2029SR-VII,6795,6679,H
2.50%GOLDBONDS2028SR-I,6799,6735,H
2.50%GOLDBONDS2029SR-VIII,6799,6700,H
2.50% GOLDBONDS2025SR-IV,6885,6884.99,H
NIP IND ETF MIDCAP 150,192.95,192.2,H
NILA SPACES LIMITED,7.35,6.7,H
DIAMOND POWER INFRA LTD,564.85,553.8,H
LIC MF - LIC GOLD ETF,6409.95,6336.6,H
ICICI PRUD NIFTY 100 ETF,262.15,259.7,H
ICICIPRAMC - ICICICOMMO,87,86.5,H
ICICIPRAMC - ICICISILVE,79.95,78,H
MOTILALAMC - MOREALTY,97,96,H
THE HI-TECH GEARS LIMITED,897,842.5,H
LINDE INDIA LIMITED,7289,7014.2,H
TATAAML - NETF,274.99,250,H
2.50%GOLDBONDS2027SR-I,6900,6768,H
2.50%GOLDBONDS2027SR-III,6990,6950,H
2.50%GOLDBONDS2027SR-IV,6880,6775,H
2.50%GOLDBONDS2029SR-IX,6749.97,6679.88,H
CAREER POINT LIMITED,315,305.8,H
2.50%GOLDBONDS2030SR-X,6749.99,6700,H
SHRIRAM FINANCE LIMITED,2566.8,2535,H
HDFCAMC - HDFCNIFTY,253.45,252.1,H
MIRAEAMC - MASILVER,77.5,77.49,H
MACPOWER CNC MACHINES LTD,1174.35,1151.35,H
KRYSTAL INTEGRATED SER L,838,832,H
2.50%GOLDBONDS2032SR-IV,6740,6690,H
NMDC LTD.,219,203.5,H
AMBUJA CEMENTS LTD,640.3,637.1,H
CIGNITI TECHNOLOGIES LTD,1325,1295,H
MIRAEAMC - MASPTOP50,43.89,40.75,H
2.50%GOLDBONDS2028SR-IX,6948,6725,H
NIPPONAMC - NETFSILVER,76.94,76.27,H
2.50%GOLDBONDS2030SR-IX,6770,6700,H
2.50%GOLDBONDS2030SR-I,6799,6679,H
GOI LOAN 7.38% 2027,108.28,107.64,H
SEC RE NCD SR.V,1136.77,1125,H
ICICIPRAMC - ICICIINFRA,88,87,H
GOI TBILL 91D-20/06/24,98.4,98.25,H
GOI TBILL 91D-25/04/24,99.6,99.5,H
DSPAMC - DSPSILVETF,77,75.11,H
KOTAKMAMC - KOTAKALPHA,47.49,47.25,H
KOTAKMAMC - KOTAKMID50,141.86,140.85,H
KOTAKMAMC - KTKNV20ETF,141.5,141.45,H
SDL PN 7.77% 2036,100.1,100.05,H
SRI ADHIKARI BRO TELE N L,45.45,43.3,H
DSPAMC - DSPITETF,35.01,35.06,L
GOI TBILL 91D-27/06/24,97.8,98.2,L
ISHAN INTERNATIONAL LTD,1.75,1.8,L
SIGNPOST INDIA LIMITED,351.1,351.85,L
GOPAL SNACKS LIMITED,341.05,341.8,L
ACCURACY SHIPPING LIMITED,9.35,9.5,L
NAMAN IN-STORE (INDIA) L,112.85,118.75,L
HDFCAMC - HDFCNIFIT,35.31,35.35,L
VISHWAS AGRI SEEDS LTD,77,80.15,L
KOTAKMAMC - KOTAKIT,36.62,36.7,L
DHRUV CONSULTANCY SER LTD,111.7,113.95,L
SDL TN 6.63% 2035,90,90.25,L
VIJI FINANCE LIMITED,3.15,3.2,L
MEDICO REMEDIES LIMITED,46.7,47,L
KARMA ENERGY LIMITED,64.95,66.25,L
INTEGRA ESSENTIA LIMITED,3.4,3.45,L

