SYMBOL,SERIES,SECURITY,HIGH/LOW,INDEX FLAG
21STCENMGM,BE,21ST CENTURY MGMT SERVICE,H
A2ZINFRA,BE,A2Z INFRA ENGINEERING LTD,H
AAKASH,EQ,AAKASH EXPLORATION SER L,H
AARTECH,BE,AARTECH SOLONICS LIMITED,H
ACCURACY,EQ,ACCURACY SHIPPING LIMITED,H
AGNI,SM,AGNI GREEN POWER LTD,H
AILIMITED,ST,ABHISHEK INTEGRATIONS LTD,H
AIMTRON,ST,AIMTRON ELECTRONICS LTD,H
AJOONI,EQ,AJOONI BIOTECH LIMITED,H
AKI,EQ,AKI INDIA LIMITED,H
ALPEXSOLAR,SM,ALPEX SOLAR LIMITED,H
AMEYA,SM,AMEYA PRECISION ENG LTD,H
ANKITMETAL,BE,ANKIT MET & POW LTD,H
ANSALAPI,BZ,ANSAL PROP & INFRA LTD,H
APS,SM,AUSTRALIAN PREM SOLAR I L,H
ASMS,EQ,BARTRONICS INDIA LIMITED,H
ATALREAL,BE,ATAL REALTECH LIMITED,H
ATMASTCO,SM,ATMASTCO LIMITED,H
AURIONPRO,EQ,AURIONPRO SOLN LTD,H
AVSL,ST,AVSL INDUSTRIES LIMITED,H
BALAXI,EQ,BALAXI PHARMA LTD,H
BEACON,ST,BEACON TRUSTEESHIP LTD,H
BHANDARI,EQ,BHANDARI HOSIERY EXP LTD,H
BLUECHIP,BE,BLUE CHIP INDIA LIMITED,H
CADSYS,ST,CADSYS (INDIA) LIMITED,H
CENTEXT,EQ,CENTURY EXTRUSIONS LTD,H
CGRAPHICS,SM,CREATIVE GRAPHICS S IND L,H
CHEMBOND,EQ,CHEMBOND CHEMICALS LTD,H
CHEMFAB,EQ,CHEMFAB ALKALIS LIMITED,H
CLOUD,SM,VARANIUM CLOUD LIMITED,H
COMPINFO,BZ,COMPUAGE INFOCOM LTD,H
CONTI,SM,CONTINENTAL SEED CHEM LTD,H
CREATIVEYE,BE,CREATIVE EYE LIMITED,H
CUBEXTUB,BE,CUBEXTUBINGS-ROLLSETT,H
DBSTOCKBRO,EQ,DB (INT) STOCK BROKERS,H
DCI,BE,DC INFOTECH AND COMUN LTD,H
DCMFINSERV,BE,DCM FINANCIAL SERVICES LT,H
DGCONTENT,BE,DIGICONTENT LIMITED,H
DIACABS,BE,DIAMOND POWER INFRA LTD,H
DIGISPICE,EQ,DIGISPICE TECHNOLOGIES LT,H
DOLPHIN,BE,DOLPHIN OFF ENT (IND) L,H
DPSCLTD,EQ,DPSC LIMITED,H
DREDGECORP,EQ,DREDGING CORP OF INDIA,H
DRONE,SM,DRONE DESTINATION LIMITED,H
DYNAMIC,SM,DYNAMIC SRVCS & SEC LTD,H
E2E,BE,E2E NETWORKS LIMITED,H
EIMCOELECO,BE,EIMCO ELECON (INDIA) LTD,H
ELECTHERM,BE,ELECTROTHERM (I) LTD.,H
ENERGYDEV,EQ,ENERGY DEVE. CO.LTD,H
ESCONET,SM,ESCONET TECHNOLOGIES LTD,H
ESSEN-RE2,BE,INTEGRA ESSENTIA LIMITED,H
ESSENTIA,BE,INTEGRA ESSENTIA LIMITED,H
FEL,BZ,FUTURE ENTERPRISES LTD,H
FELDVR,BE,FUTURE ENTERPRISES LTD,H
FLFL,BZ,FUT LIFESTYLE FASH LTD,H
FRETAIL,BZ,FUTURE RETAIL LIMITED,H
FROG,SM,FROG CELLSAT LIMITED,H
GALLANTT,BE,GALLANTT ISPAT LIMITED,H
GAYAHWS,BE,GAYATRI HIGHWAYS LIMITED,H
GENSOL,EQ,GENSOL ENGINEERING LTD,H
GENUSPOWER,EQ,GENUS POWER INFRASTRU LTD,H
GET&D,BE,GE T&D INDIA LIMITED,H
GKWLIMITED,BE,GKW LIMITED,H
GLOBALVECT,BE,GLOBAL VEC HELICORP LTD,H
GMRP&UI,EQ,GMR POW AND URBAN INFRA L,H
GODHA,EQ,GODHA CABCON INSULAT LTD,H
GOENKA,BZ,GOENKA DIAMOND&JEWELS LTD,H
GREENPOWER,EQ,ORIENT GREEN POWER CO LTD,H
GTLINFRA,EQ,GTL INFRA.LTD,H
GUJRAFFIA,EQ,GUJARAT RAFFIA INDUST LTD,H
GVKPIL,BE,GVK POW. & INFRA LTD.,H
GVPTECH,BE,GVP INFOTECH LIMITED,H
HDIL,BZ,HOUSING DEV & INFRA LTD,H
HECPROJECT,EQ,HEC INFRA PROJECTS LTD,H
HINDNATGLS,BE,HIND NATL GLASS & IND LTD,H
HYBRIDFIN,EQ,HYBRID FINANCIAL SERVICE,H
ICEMAKE,EQ,ICE MAKE REFRIGERAT LTD,H
IL&FSTRANS,BZ,IL&FS TRANS NET LTD,H
INCREDIBLE,EQ,INCREDIBLE INDUSTRIES LTD,H
INDOWIND,EQ,INDOWIND ENERGY LTD,H
INFOMEDIA,EQ,INFOMEDIA PRESS LIMITED,H
JITFINFRA,EQ,JITF INFRALOGISTICS LTD,H
JPASSOCIAT,BE,JAIPRAKASH ASSOCIATES LTD,H
JPPOWER,EQ,JAIPRAKASH POWER VEN. LTD,H
JUBLINDS,EQ,JUBILANT INDUSTRIES LTD,H
JYOTISTRUC,EQ,JYOTI STRUCTURES LTD,H
KAVVERITEL,BE,KAVVERI TEL. LTD.,H
KAYA,EQ,KAYA LIMITED,H
KCEIL,SM,KAY CEE ENERGY & INFRA L,H
KCK,ST,KCK INDUSTRIES LTD,H
KERNEX,EQ,KERNEX MICROSYS(I) LTD,H
KEYFINSERV,BE,KEYNOTE FIN SERV LTD.,H
KODYTECH,SM,KODY TECHNOLAB LIMITED,H
KONTOR,SM,KONTOR SPACE LIMITED,H
KRITI,EQ,KRITI INDUSTRIES IND LTD,H
LAGNAM,BE,LAGNAM SPINTEX LIMITED,H
LLOYDS,SM,LLOYDS LUXURIES LIMITED,H
MADHUCON,BE,MADHUCON PROJECTS LTD.,H
MANAKALUCO,EQ,MANAK ALUMINIUM CO. LTD.,H
MARINE,EQ,MARINE ELECTRICAL (I) LTD,H
MBECL,BE,MCNALLY BH. ENG. CO.LTD,H
MBLINFRA,EQ,MBL INFRASTRUCTURE LTD,H
MEP,BE,MEP INFRA. DEVELOPERS LTD,H
MICEL,EQ,MIC ELECTRONICS LTD,H
MILTON,SM,MILTON INDUSTRIES LIMITED,H
MORARJEE,BE,MORARJEE TEXTILES LIMITED,H
MOTOGENFIN,EQ,MOTOR & GENERAL FINANCE L,H
MSPL,EQ,MSP STEEL & POWER LTD.,H
NILAINFRA,EQ,NILA INFRASTRUCTURES LTD,H
NOIDATOLL,EQ,NOIDA TOLL BRIDGE CO LTD,H
NTL,BE,NEUEON TOWERS LIMITED,H
OILCOUNTUB,BE,OIL COUNTRY TUBULAR LTD.,H
OMINFRAL,EQ,OM INFRA LIMITED,H
ORTEL,BZ,ORTEL COMMUNICATIONS LTD,H
PALREDTEC,BE,PALRED TECHNOLOGIES LTD,H
PANACHE,EQ,PANACHE DIGILIFE LIMITED,H
PARASPETRO,BE,PARAS PETROFILS LTD.,H
PASHUPATI,SM,PASHUPATI COTSPIN LIMITED,H
PERFECT,SM,PERFECT INFRAENGINEER LTD,H
PIGL,BE,POWER INSTRUMENT (G) LTD,H
PRATHAM,SM,PRATHAM EPC PROJECTS LTD,H
PREMIER,BE,PREMIER LIMITED,H
PVP,EQ,PVP VENTURES LIMITED,H
RADAAN,BE,RADAAN MEDIAWORKS (I) LTD,H
RAJRILTD,BE,RAJ RAYON INDUSTRIES LTD,H
RBMINFRA,SM,RBM INFRACON LIMITED,H
RCOM,BE,RELIANCE COMMUNICATIONS L,H
REFRACTORY,SM,REFRACTORY SHAPES LIMITED,H
REMSONSIND,EQ,REMSONS INDUSTRIES LTD,H
RHFL,BE,RELIANCE HOME FINANCE LTD,H
ROLTA,BZ,ROLTA INDIA LTD,H
ROML,BE,RAJ OIL MILLS LIMITED,H
RPOWER,EQ,RELIANCE POWER LTD.,H
RPPINFRA,BE,R.P.P INFRA PROJECTS LTD.,H
RTNPOWER,BE,RATTANINDIA POWER LIMITED,H
S&SPOWER,BE,S&S POWER SWITCHGEARS,H
SAHANA,SM,SAHANA SYSTEM LIMITED,H
SAMPANN,EQ,SAMPANN UTPADAN INDIA LTD,H
SANGINITA,EQ,SANGINITA CHEMICALS LTD,H
SCHNEIDER,EQ,SCHNEIDER ELECTRIC INFRA,H
SETUINFRA,BZ,SETUBANDHAN INFRA LTD,H
SEYAIND,BE,SEYA INDUSTRIES LIMITED,H
SHREEKARNI,SM,SHREE KARNI FABCOM LTD,H
SHYAMTEL,BE,SHYAM TELECOM LIMITED,H
SICALLOG,BE,SICAL LOGISTICS LIMITED,H
SIDDHIKA,SM,SIDDHIKA COATINGS LIMITED,H
SITINET,BE,SITI NETWORKS LIMITED,H
SJLOGISTIC,SM,S J LOGISTICS (INDIA) LTD,H
SOFTTECH,EQ,SOFTTECH ENGINEERS LTD,H
SOMATEX,BE,SOMA TEXTILEI NDUSTRIES L,H
SPMLINFRA,EQ,SPML INFRA LIMITED,H
SPTL,BZ,SINTEX PLASTICS TECH LTD,H
SUPERSPIN,EQ,SUPER SPINNING MILLS LTD,H
TAC,SM,TAC INFOSEC LIMITED,H
TARACHAND,BE,TARA CHAND INFRA SOLN LTD,H
TARAPUR,BE,TARAPUR TRANSFORMERS LTD,H
TBI,ST,TBI CORN LIMITED,H
TCIFINANCE,EQ,TCI FINANCE LTD,H
TCL,SM,THAAI CASTING LIMITED,H
TCLCONS,EQ,TANTIA CONSTRUCTIONS LTD,H
TECHLABS,SM,TRIDENT TECHLABS LIMITED,H
TECHNOE,BE,TECHNO ELEC & ENG CO. LTD,H
TECILCHEM,EQ,TECIL CHEMICALS,H
TGL,SM,TEERTH GOPICON LIMITED,H
TIJARIA,BE,TIJARIA POLYPIPES LTD,H
TNTELE,BE,TAMILNADU TELECOMMUNICATI,H
TRANSWIND,SM,TRANSWIND INFRA LIMITED,H
TRIL,BE,TRANS & RECTI. LTD,H
TRUST,SM,TRUST FINTECH LIMITED,H
UNITECH,BZ,UNITECH LIMITED,H
URBAN,SM,URBAN ENVIRO WASTE MGMT L,H
URJA,EQ,URJA GLOBAL LIMITED,H
USK,EQ,UDAYSHIVAKUMAR INFRA LTD,H
VARDMNPOLY,EQ,VARDHMAN POLYTEX LTD.,H
VCL,BE,VAXTEX COTFAB LIMITED,H
VERANDA,EQ,VERANDA LEARNING SOL LTD,H
VILAS,ST,VILAS TRANSCORE LIMITED,H
VISHNUINFR,SM,VISHNUSURYA PROJ N INFR L,H
VIVIANA,SM,VIVIANA POWER TECH LTD,H
VSTL,BE,VIBHOR STEEL TUBES LTD,H
WEBELSOLAR,BE,WEBSOL ENERGY SYSTEM LTD,H
WINSOME,BE,WINSOME YARNS LIMITED,H
YUDIZ,SM,YUDIZ SOLUTIONS LIMITED,H
ZENITHEXPO,EQ,ZENITH EXPORTS LTD,H
ZTECH,ST,Z-TECH (INDIA) LIMITED,H
ACL,EQ,ANDHRA CEMENTS LIMITED,L
AGARWALFT,ST,AGARWAL FLOAT GLASS I LTD,L
ANSALAPI,BZ,ANSAL PROP & INFRA LTD,L
ASCOM,ST,ASCOM LEASIN & INVEST LTD,L
ASMS,EQ,BARTRONICS INDIA LIMITED,L
BCG,BZ,BRIGHTCOM GROUP LIMITED,L
BOROSCI,BE,BOROSIL SCIENTIFIC LTD,L
BTML,BE,BODHI TREE MULTIMEDIA LTD,L
CADSYS,ST,CADSYS (INDIA) LIMITED,L
CMMIPL,ST,CMM INFRAPROJECTS LIMITED,L
CPS,ST,C P S SHAPERS LIMITED,L
DHTL,SM,DOCMODE HEALTH TECH LTD,L
GIRIRAJ,ST,GIRIRAJ CIVIL DEVP LTD,L
GODHA,EQ,GODHA CABCON INSULAT LTD,L
GRCL,SM,GAYATRI RUBB AND CHEM LTD,L
HEADSUP,BE,HEADS UP VENTURES LIMITED,L
HERITGFOOD,EQ,HERITAGE FOODS LTD,L
IMPEXFERRO,BE,IMPEX FERRO TECH LIMITED,L
ISHAN,SM,ISHAN INTERNATIONAL LTD,L
KRONOX,BE,KRONOX LAB SCIENCES LTD,L
LLOYDS,SM,LLOYDS LUXURIES LIMITED,L
LYPSAGEMS,EQ,LYPSA GEMS & JEWEL LTD,L
MAKS,SM,MAKS ENERGY SOL INDIA LTD,L
NTL,BE,NEUEON TOWERS LIMITED,L
ONELIFECAP,BE,ONELIFE CAP ADVISORS LTD,L
OSIAHYPER,BE,OSIA HYPER RETAIL LIMITED,L
ROLTA,BZ,ROLTA INDIA LTD,L
SANCO,BZ,SANCO INDUSTRIES LIMITED,L
SEMAC,BE,SEMAC CONSULTANTS LIMITED,L
SHANTI,BE,SHANTI OVERSEAS INDIA LTD,L
SHUBHLAXMI,SM,SHUBHLAXMI JEWEL ART LTD,L
SITINET,BE,SITI NETWORKS LIMITED,L
SPRL,ST,SP REFRACTORIES LIMITED,L
SUULD,EQ,SUUMAYA INDUSTRIES LTD,L
TIJARIA,BE,TIJARIA POLYPIPES LTD,L
VEEKAYEM,SM,VEEKAYEM FASH & APP LTD,L
VISASTEEL,BE,VISA STEEL LIMITED,L
WALPAR,SM,WALPAR NUTRITIONS LIMITED,L
