SECURITY,NEW,PREVIOUS,NEW_STATUS
ELECTROTHERM (I) LTD.,812.15,779.4,H
ALLSEC TECHNOLOGIES LTD,1154.05,1149,H
SUPRAJIT ENGINEERING LTD,512,500,H
COROMANDEL INTERNTL. LTD,1490,1483.1,H
GRAVITA INDIA LIMITED,1350,1166.95,H
HERO MOTOCORP LIMITED,5859,5846.4,H
PITTI ENGINEERING LIMITED,991,978,H
A2Z INFRA ENGINEERING LTD,23.02,21.93,H
PASHUPATI COTSPIN LIMITED,319.5,304.3,H
NIPPON L I A M LTD,657,636.2,H
VENUS PIPES & TUBES LTD,2254.45,2227.95,H
DRONE DESTINATION LIMITED,330.95,315.2,H
MIRAEAMC - MAESGETF,39.41,39.35,H
VINYAS INNOVATIVE TECH L,1230,1210,H
MAN COAT METAL & IND LTD,71.4,32.95,H
V2 RETAIL LIMITED,640,616.25,H
SEC RE NCD 9.30% SR VII,1032,1024,H
GOI TBILL 91D-02/08/24,99.05,98.9,H
GUJARAT RAFFIA INDUST LTD,48.75,45.88,H
GOI TBILL 364D-02/05/25,93.98,93.97,H
VILAS TRANSCORE LIMITED,278.8,265.55,H
GO DIGIT GENERAL INS LTD,372,363.9,H
SEC RE NCD 9.25% SR.VII,999.99,975.75,H
INTEGRA ESSENTIA LIMITED,0.61,0.44,H
BASF INDIA LTD,4923,4847.7,H
GUFIC BIOSCIENCES LTD.,386.95,382.55,H
DHANUKA AGRITECH LTD,1669.9,1640,H
GANESHA ECOSPHERE LIMITED,1275.6,1267,H
SANDHAR TECHNOLOGIES LTD,595,590,H
PRUDENT CORP ADV SER LTD,1849.95,1824.2,H
MIRAEAMC - MAMFGETF,147.45,147.25,H
LE MERITE EXPORTS LIMITED,115.25,114,H
JUPITER WAGONS LIMITED,708.8,683.45,H
GOI TBILL 364D-21/11/24,96.7,96.65,H
HDFCAMC - HDFCSML250,166.7,165.49,H
HEC INFRA PROJECTS LTD,117.66,107,H
SHREE KARNI FABCOM LTD,617,514.2,H
QUEST LABORATORIES LTD,147,136,H
SLONE INFOSYSTEMS LIMITED,106,104.3,H
SEC RED NCD 9.40% SR. V,1110,1102,H
Z-TECH (INDIA) LIMITED,133.9,127.55,H
TECIL CHEMICALS,30.64,29.76,H
GOI TBILL 91D-29/08/24,98.5,98.14,H
AURIONPRO SOLN LTD,2548.55,2427.2,H
THE PHOENIX MILLS LTD,3479,3433.7,H
D-LINK INDIA LTD,491.5,487.4,H
EIH ASSOCIATED HOTELS LTD,864,839.6,H
KIRLOSKAR BROTHERS LTD,2069,1924.9,H
PREMIER EXPLOSIVES LTD,3345.45,3099,H
2.50%GOLDBONDS2028SR-IV,8000,7550,H
TUBE INVEST OF INDIA LTD,4264.55,4162.5,H
SJS ENTERPRISES LIMITED,810,799.85,H
RACE ECO CHAIN LIMITED,417,408.65,H
GOI TBILL 182D-25/07/24,99.05,98.8,H
SHAKTI PUMPS (I) LTD,2697,2628.15,H
ICE MAKE REFRIGERAT LTD,861.45,779.95,H
SEC RE NCD 8% SR I,1046.5,1035,H
SEC RED NCD 10.6% SR. VII,1205,1204,H
SWARAJ ENGINES LTD,2755,2664,H
KEI INDUSTRIES LTD.,4683.25,4676.95,H
BAJAJ AUTO LIMITED,9944,9924,H
SANSERA ENGINEERING LTD,1242,1195,H
2.50%GOLDBONDS2027SR-VI,7478.9,7474.74,H
EDELAMC - EBBETF0430,1412,1410.4,H
PTC INDUSTRIES LIMITED,12350,11800,H
MIRAEAMC - MANV30F,191.26,191,H
GE T&D INDIA LIMITED,1497.9,1484,H
TRIDENT TECHLABS LIMITED,579.25,551.7,H
GOI TBILL 364D-23/01/25,95.82,95.5,H
MASTER COMPONENTS LIMITED,280,279,H
SAURASHTRA CEMENT LIMITED,136.9,130.6,H
GOI TBILL 364D-06/02/25,95.61,95.32,H
PREMIER ROADLINES LIMITED,125,124,H
SE RE NCD 9.35% SR.V OP2,1078,1070,H
SEC RE NCD SR.II,1095,1081,H
SEC RE NCD 10.50% SR.VII,999.99,975,H
GOI TBILL 91D-15/08/24,99.85,98.77,H
ATLANTAA LIMITED,38.88,38.5,H
RULKA ELECTRICALS LIMITED,482.8,435.5,H
AUTOMOTIVE STAMPINGS & AS,1008.9,970.9,H
BHARTI AIRTEL LIMITED,1447.85,1436.65,H
TRENT LTD,5089.35,5047.35,H
ULTRATECH CEMENT LIMITED,11099.95,10989,H
ZENITH EXPORTS LTD,307.38,279.44,H
CMS INFO SYSTEMS LIMITED,494.8,487,H
SBIAMC - SBIETFQLTY,220,218,H
HDFCAMC - HDFCQUAL,58.55,57.42,H
FOCE INDIA LIMITED,1002,995,H
SAHANA SYSTEM LIMITED,1670.3,1590.8,H
DYNAMIC CABLES LIMITED,680,630,H
EXCEL REALTY N INFRA LTD,0.82,0.6,H
TRANS & RECTI. LTD,808.95,771.75,H
CIE AUTOMOTIVE INDIA LTD,586.9,579.75,H
SHEKHAWATI POLY-YARN LTD.,4.12,4.04,H
MAX ESTATES LIMITED,419,417,H
LICNAMC - LICNMID100,54.3,53,H
ELGI RUBBER CO. LTD,83.9,83,H
MOTILALAMC - MOSMALL250,16.64,16.6,H
SEC RE NCD 10.25% SR XII,1010,1000,H
SERENCD 8.60% SR.IV OP8,1050,1039.9,H
SEC RED NCD SR.IX,1555,1550,H
TECHNO ELEC & ENG CO. LTD,1396.15,1340.25,H
TEERTH GOPICON LIMITED,375.25,357.4,H
GOI LOAN  7.04% 2029,100.3,100.25,H
GOI LOAN  7.02% 2027,100.5,100.3,H
ELECON ENG. CO. LTD,1355.5,1325,H
EXIDE INDUSTRIES LTD,546,540.65,H
TEXMACO INFRA & HOLDG LTD,138.85,136,H
ALICON CASTALLOY LIMITED,1241.95,1160.4,H
ESSAR SHIPPING LTD,47.92,45,H
LCC INFOTECH LTD,3.18,3.12,H
SOMI CONVEYOR BELT. LTD.,149.25,148.75,H
SHREE TIRUPATI BALAJEE,563,557,H
ORIANA POWER LIMITED,2748.95,2652.8,H
PANACHE DIGILIFE LIMITED,137.44,114.54,H
BAHETI RECYCLING IND LTD,322,313.95,H
ROLLATAINERS LIMITED,4.34,4.26,H
ELECTRONICS MART IND LTD,250,244.55,H
KODY TECHNOLAB LIMITED,2638.8,2513.15,H
TRF LIMITED,651,624.15,H
MEDI ASSIST HEALTH SER L,583.9,571,H
AZAD ENGINEERING LIMITED,1755.5,1696.7,H
WISE TRAVEL INDIA LIMITED,296,272.25,H
GOI TBILL 364D-18/07/24,99.27,99.26,H
OM INFRA LIMITED,160.32,157,H
E2E NETWORKS LIMITED,1927.55,1835.8,H
DSPAMC - DSPQ50ETF,249.7,243.71,H
INDIAN EMULSIFIERS LTD,383,376,H
MOTILALAMC - MOREALTY,111.7,110.8,H
JITF INFRALOGISTICS LTD,853.75,841.9,H
GOI TBILL 91D-25/07/24,99.19,99.05,H
TAX FREE7.39% SR.IB,1043,1041,H
AIMTRON ELECTRONICS LTD,307.45,292.85,H
FINOLEX CABLES LTD,1595,1586.7,H
SUPREME INDUSTRIES LTD,6460,6254.65,H
PG ELECTROPLAST LTD,2995,2970,H
2.50%GOLDBONDS2030SR-X,7733.25,7489.99,H
STYRENIX PERFORMANCE LTD,2092,2049,H
KIRLOSKAR PNEUMATIC COM L,1328.05,1284,H
AUSTRALIAN PREM SOLAR I L,465.45,443.3,H
PATTECH FITWELL TUB COM L,101,97,H
REFRACTORY SHAPES LIMITED,200.45,190.95,H
SILKFLEX POLYMERS INDIA L,55.9,55,H
AWFIS SPACE SOLUTIONS LTD,485.9,468.8,H
TBI CORN LIMITED,240.6,229.15,H
UNIVERSAL CABLES LTD,794.8,759.35,H
UNITED BREWERIES LTD,2182.45,2173.5,H
ASHIANA HOUSING LTD,424.4,421,H
MPS LIMITED,2090,2088,H
ASSO ALCOHOLS & BREW LTD,732.8,677,H
WINDLAS BIOTECH LIMITED,736.6,677.7,H
GMR POW AND URBAN INFRA L,78.54,74.8,H
GOI TBILL 182D-18/07/24,99.15,98.98,H
GOI TBILL 364D-05/12/24,96.5,96.2,H
GOI TBILL 182D-08/08/24,98.79,98.63,H
KOTAKMAMC - KOTAKMID50,154.5,153.38,H
SRI ADHIKARI BRO TELE N L,195.03,191.21,H
SEC RE NCD 9.57% SR.II,990,980,H
DJ MEDIAPRINT & LOG LTD,363.6,359.85,H
GOI TBILL 91D-23/08/24,98.5,98.4,H
GOI TBILL 364D-20/03/25,94.92,94.9,H
CADSYS (INDIA) LIMITED,231.15,243.3,L
SEC RE NCD 9% SR.VI,950,963.2,L
SEC RE NCD SR II,1021.53,1040.25,L
SEC RE NCD 0% SR.IV,1000,1017.45,L
KRONOX LAB SCIENCES LTD,143.78,151.35,L
DOCMODE HEALTH TECH LTD,157.25,165.5,L
OSIA HYPER RETAIL LIMITED,22.51,22.7,L
SEC RE NCD 9% SR.IV,972.55,992.7,L
IRIS BUSINESS SERV LTD,208.01,210.35,L
SEC RE NCD 9.15% SR.VIII,905,950,L
KBC GLOBAL LIMITED,1.57,1.6,L
SANGINITA CHEMICALS LTD,14.95,16.5,L
G-TEC JAINX EDUCATION LTD,66.45,67.81,L
8.76% TAX FREETRI SR2B,1080,1150,L
VIJI FINANCE LIMITED,2.35,2.4,L
7.60% TAX FREE NCD,1183.01,1185.01,L
UNITED SPIRITS LIMITED,1284.35,1294.65,L

