SERIES,SYMBOL,SECURITY,RECORD_DT,BC_STRT_DT,BC_END_DT,EX_DT,ND_STRT_DT,ND_END_DT,PURPOSE
BE,ZYDUSLIFE,Zydus Lifesciences Ltd,26/07/2024, , ,26/07/2024, , ,DIV - RS 3 PER SH        
BE,SAH,Sah Polymers Limited, ,06/07/2024,12/07/2024,05/07/2024, , ,ANNUAL GENERAL MEETING   
BE,ESCORTS,ESCORTS INDIA LTD, ,06/07/2024,18/07/2024,05/07/2024, , ,AGM/DIV - RS 18 PER SH   
BE,VEDL,Vedanta Limited, ,05/07/2024,09/07/2024,04/07/2024, , ,ANNUAL GENERAL MEETING   
BE,CAMS,Computer Age Mngt Ser Ltd,08/07/2024, , ,08/07/2024, , ,DIV - RS 16.50 PER SH    
BE,JSWSTEEL,JSW Steel Limited, ,10/07/2024,12/07/2024,09/07/2024, , ,AGM/DIV - RS 7.30 PER SH 
BE,JKCEMENT,JK Cement Limited, ,10/07/2024,19/07/2024,09/07/2024, , ,AGM/DIV/SPDV RS15/5      
BE,SAFARI,Safari Ind (India) Ltd, ,13/07/2024,26/07/2024,12/07/2024, , ,ANNUAL GENERAL MEETING   
BE,RAYMOND,RAYMOND-depo,11/07/2024, , ,11/07/2024, , ,DEMERGER                 
BE,ANANTRAJ,Anant Raj Industries Limi, ,14/07/2024,20/07/2024,12/07/2024, , ,AGM/DIV-RS 0.73 PER SH   
BE,BLUEDART,Blue Dart Express Ltd, ,13/07/2024,19/07/2024,12/07/2024, , ,AGM/DIV - RS 25 PER SH   
BE,MAHEPC,Mahindra EPC Irrig Ltd, ,15/07/2024,19/07/2024,12/07/2024, , ,ANNUAL GENERAL MEETING   
BE,PRITIKAUTO,Pritika Auto Indus Ltd, ,15/07/2024,17/07/2024,12/07/2024, , ,ANNUAL GENERAL MEETING   
BE,SATINDLTD,Sat Industries Limited, ,13/07/2024,19/07/2024,12/07/2024, , ,ANNUAL GENERAL MEETING   
BE,RITCO,Ritco Logistics Limited, ,14/07/2024,20/07/2024,12/07/2024, , ,EGM                      
BE,DEEPINDS,Deep Industries Limited, ,10/07/2024,16/07/2024,09/07/2024, , ,ANNUAL GENERAL MEETING   
BE,SAFARI,Safari Ind (India) Ltd,12/07/2024, , ,12/07/2024, , ,DIV - RS 1.50 PER SH     
BE,20MICRONS,20 Microns Limited, ,13/07/2024,19/07/2024,12/07/2024, , ,ANNUAL GENERAL MEETING   
BE,20MICRONS,20 Microns Limited,12/07/2024, , ,12/07/2024, , ,DIV - RS 1.25 PER SH     
BE,SHRADHA,Shradha Infraprojects Ltd, ,13/07/2024,27/07/2024,12/07/2024, , ,ANNUAL GENERAL MEETING   
BE,JAYAGROGN,Jayant Agro Organics Ltd.,12/07/2024, , ,12/07/2024, , ,DIV/SPDV - RS 5 & RS 2.5 
BE,JAYAGROGN,Jayant Agro Organics Ltd., ,13/07/2024,18/07/2024,12/07/2024, , ,ANNUAL GENERAL MEETING   
BE,NEULANDLAB,Neuland Laboratories Ltd, ,13/07/2024,15/07/2024,12/07/2024, , ,AGM/DIV - RS 14 PER SH   
BE,DLINKINDIA,D-Link India Ltd, ,13/07/2024,19/07/2024,12/07/2024, , ,AGM/DIV/SPDV-RS 8 & RS 5 
BE,KABRAEXTRU,Kabra Extrus Technik Ltd, ,13/07/2024,19/07/2024,12/07/2024, , ,AGM/DIV-RS 3.50 PER SH   
BE,DEEPINDS,Deep Industries Limited,09/07/2024, , ,09/07/2024, , ,DIV - RS 2.44 PER SH     
BE,BAIDFIN,Baid Finserv Limited,09/07/2024, , ,09/07/2024, , ,DIV - RE 0.10 PER SH     
BE,BAIDFIN,Baid Finserv Limited, ,10/07/2024,16/07/2024,09/07/2024, , ,ANNUAL GENERAL MEETING   
BE,PERSISTENT,Persistent Systems Ltd, ,10/07/2024,16/07/2024,09/07/2024, , ,AGM/DIV - RS 10 PER SH   
BE,MPHASIS,MphasiS Limited, ,11/07/2024,25/07/2024,10/07/2024, , ,AGM/DIV - RS 55 PER SH   
BE,LAGNAM,Lagnam Spintex Limited,09/07/2024, , ,09/07/2024, , ,DIV - RE 0.50 PER SH     
BE,NURECA,Nureca Limited, ,12/07/2024,17/07/2024,11/07/2024, , ,ANNUAL GENERAL MEETING   
BE,SINCLAIR,Sinclairs Hotels Limited,11/07/2024, , ,11/07/2024, , ,DIV - RE 1 PER SH        
BE,ELECON,Elecon Engg Co. Ltd.,19/07/2024, , ,19/07/2024, , ,FVSPLT FRM RS 2 TO RE 1  
BE,CENTRALBK,Central Bank of India, ,10/07/2024,16/07/2024,09/07/2024, , ,ANNUAL GENERAL MEETING   
BE,VOLTAS,VOLTAS LTD, ,26/06/2024,10/07/2024,25/06/2024, , ,AGM/DIV-RS 5.50 PER SH   
BE,TATAELXSI,Tata Elxsi Limited, ,26/06/2024,10/07/2024,25/06/2024, , ,AGM/DIV - RS 70 PER SH   
BE,PGEL,PG Electroplast Ltd,10/07/2024, , ,10/07/2024, , ,FVSPLT FRM RS 10 TO RE 1 
BE,UJJIVANSFB,Ujjivan Small Financ Bank,12/07/2024, , ,12/07/2024, , ,DIV - RS 1.50 PER SH     
BE,ATUL,Atul Ltd., ,13/07/2024,19/07/2024,12/07/2024, , ,AGM/DIV - RS 20 PER SH   
BE,VIMTALABS,Vimta Labs Limited, ,12/07/2024,18/07/2024,11/07/2024, , ,AGM/DIV - RS 2 PER SH    
BE,WHEELS,Wheels India Ltd, ,11/07/2024,17/07/2024,10/07/2024, , ,AGM/DIV-RS 7.39 PER SH   
BE,CENTURYTEX,CENTURY TEXTILES LTD, ,12/07/2024,23/07/2024,11/07/2024, , ,AGM/DIV - RS 5 PER SH    
BE,INGERRAND,INGERSOLL-RAND INDIA LTD, ,10/07/2024,12/07/2024,09/07/2024, , ,AGM/DIV - RS 20 PER SH   
BE,GRINDWELL,Grindwell Norton Limited, ,10/07/2024,18/07/2024,09/07/2024, , ,AGM/DIV - RS 17 PER SH   
BE,SHOPERSTOP,Shoppers Stop Limited, ,11/07/2024,18/07/2024,10/07/2024, , ,ANNUAL GENERAL MEETING   
BE,LAGNAM,Lagnam Spintex Limited, ,10/07/2024,16/07/2024,09/07/2024, , ,ANNUAL GENERAL MEETING   
BE,NUCLEUS,Nucleus Software Exports, ,09/07/2024,15/07/2024,08/07/2024, , ,ANNUAL GENERAL MEETING   
BE,ORIENTHOT,Oriental Hotels Ltd,11/07/2024, , ,11/07/2024, , ,DIV - RE 0.50 PER SH     
BE,NESTLEIND,Nestle India Limited,16/07/2024, , ,16/07/2024, , ,DIV - RS 8.50 PER SH     
BE,DJML,DJ Mediaprint & Log Ltd, ,08/07/2024,13/07/2024,05/07/2024, , ,AGM/DIV-RE 0.20 PER SH   
BE,NILKAMAL,Nilkamal Limited, ,13/07/2024,19/07/2024,12/07/2024, , ,AGM/DIV - RS 20 PER SH   
BE,SHRADHA,Shradha Infraprojects Ltd,12/07/2024, , ,12/07/2024, , ,DIV - RE 1 PER SH        
BE,DCMSHRIRAM,DCM Shriram Limited,09/07/2024, , ,09/07/2024, , ,DIV - RS 2.60 PER SH     
BE,SOLARINDS,Solar Industries (I) Ltd, ,05/07/2024,18/07/2024,04/07/2024, , ,AGM/DIV - RS 8.50 PER SH 
BE,BALAMINES,Balaji Amines Limited, ,05/07/2024,11/07/2024,04/07/2024, , ,AGM/DIV - RS 11 PER SH   
BE,KESORAMIND,KESORAM INDUSTRIES LTD, ,03/07/2024,09/07/2024,02/07/2024, , ,ANNUAL GENERAL MEETING   
BE,POLYCAB,Polycab India Limited, ,10/07/2024,16/07/2024,09/07/2024, , ,AGM/DIV - RS 30 PER SH   
BE,ONWARDTEC,Onward Technologies Ltd, ,13/07/2024,19/07/2024,12/07/2024, , ,AGM/DIV - RS 5 PER SH    
BE,LAURUSLABS,Laurus Labs Limited, ,05/07/2024,11/07/2024,04/07/2024, , ,ANNUAL GENERAL MEETING   
BE,JYOTHYLAB,Jyothy Labs Limited, ,04/07/2024,11/07/2024,03/07/2024, , ,AGM/DIV-RS 3.50 PER SH   
BE,TIDEWATER,Tide Water Oil Co. (India, ,05/07/2024,11/07/2024,04/07/2024, , ,DIV - RS 20 PER SH       
BE,RSSOFTWARE,R. S. Software (I) Ltd., ,04/07/2024,10/07/2024,03/07/2024, , ,ANNUAL GENERAL MEETING   
BE,ASAL,Automotive Stampings and, ,03/07/2024,09/07/2024,02/07/2024, , ,ANNUAL GENERAL MEETING   
BE,KPIGREEN,KPI Global Infra Ltd,18/07/2024, , ,18/07/2024, , ,FVSPLT FRM RS10 TO RS 5  
BE,SUNDARMHLD,Sundaram Finance Hold Ltd, ,06/07/2024,18/07/2024,05/07/2024, , ,AGM/DIV-RS 2.05 PER SH   
BE,WELENT,Welspun Enterprises Ltd, ,06/07/2024,08/07/2024,05/07/2024, , ,AGM/DIV - RS 3 PER SH    
BE,CROMPTON,Crompt Grea Con Elec Ltd,10/07/2024, , ,10/07/2024, , ,DIV - RS 3 PER SH        
BE,CROMPTON,Crompt Grea Con Elec Ltd, ,11/07/2024,26/07/2024,10/07/2024, , ,ANNUAL GENERAL MEETING   
BE,ROUTE,ROUTE MOBILE LIMITED,11/07/2024, , ,11/07/2024, , ,DIV - RS 2 PER SH        
BE,TITAN,Titan Company Limited, ,28/06/2024,12/07/2024,27/06/2024, , ,AGM/DIV - RS 11 PER SH   
BE,M&M,MAHINDRA & MAHINDRA LTD, ,06/07/2024,31/07/2024,05/07/2024, , ,AGM/DIV-RS 21.1 PER SH   
BZ,KESORAMIND,Kesoram Industries Ltd., ,03/07/2024,09/07/2024,02/07/2024, , ,ANNUAL GENERAL MEETING   
EQ,ASAL,Automotive Stampings and, ,03/07/2024,09/07/2024,02/07/2024, , ,ANNUAL GENERAL MEETING   
EQ,SUNDARMHLD,Sundaram Finance Hold Ltd, ,06/07/2024,18/07/2024,05/07/2024, , ,AGM/DIV-RS 2.05 PER SH   
EQ,WELENT,Welspun Enterprises Ltd, ,06/07/2024,08/07/2024,05/07/2024, , ,AGM/DIV - RS 3 PER SH    
EQ,CROMPTON,Crompt Grea Con Elec Ltd,10/07/2024, , ,10/07/2024, , ,DIV - RS 3 PER SH        
EQ,CROMPTON,Crompt Grea Con Elec Ltd, ,11/07/2024,26/07/2024,10/07/2024, , ,ANNUAL GENERAL MEETING   
EQ,ROUTE,ROUTE MOBILE LIMITED,11/07/2024, , ,11/07/2024, , ,DIV - RS 2 PER SH        
EQ,TITAN,Titan Company Limited, ,28/06/2024,12/07/2024,27/06/2024, , ,AGM/DIV - RS 11 PER SH   
EQ,M&M,Mah & Mah Ltd., ,06/07/2024,31/07/2024,05/07/2024, , ,AGM/DIV-RS 21.1 PER SH   
EQ,ZYDUSLIFE,Zydus Lifesciences Ltd,26/07/2024, , ,26/07/2024, , ,DIV - RS 3 PER SH        
EQ,SAH,Sah Polymers Limited, ,06/07/2024,12/07/2024,05/07/2024, , ,ANNUAL GENERAL MEETING   
EQ,ESCORTS,Escorts India Ltd., ,06/07/2024,18/07/2024,05/07/2024, , ,AGM/DIV - RS 18 PER SH   
EQ,VEDL,Vedanta Limited, ,05/07/2024,09/07/2024,04/07/2024, , ,ANNUAL GENERAL MEETING   
EQ,CAMS,Computer Age Mngt Ser Ltd,08/07/2024, , ,08/07/2024, , ,DIV - RS 16.50 PER SH    
EQ,JSWSTEEL,JSW Steel Limited, ,10/07/2024,12/07/2024,09/07/2024, , ,AGM/DIV - RS 7.30 PER SH 
EQ,RAYMOND,Raymond Ltd.,11/07/2024, , ,11/07/2024, , ,DEMERGER                 
EQ,JKCEMENT,JK Cement Limited, ,10/07/2024,19/07/2024,09/07/2024, , ,AGM/DIV/SPDV RS15/5      
EQ,SAFARI,Safari Ind (India) Ltd, ,13/07/2024,26/07/2024,12/07/2024, , ,ANNUAL GENERAL MEETING   
EQ,MAHEPC,Mahindra EPC Irrig Ltd, ,15/07/2024,19/07/2024,12/07/2024, , ,ANNUAL GENERAL MEETING   
EQ,ANANTRAJ,Anant Raj Industries Limi, ,14/07/2024,20/07/2024,12/07/2024, , ,AGM/DIV-RS 0.73 PER SH   
EQ,BLUEDART,Blue Dart Express Ltd, ,13/07/2024,19/07/2024,12/07/2024, , ,AGM/DIV - RS 25 PER SH   
EQ,PRITIKAUTO,Pritika Auto Indus Ltd, ,15/07/2024,17/07/2024,12/07/2024, , ,ANNUAL GENERAL MEETING   
EQ,SATINDLTD,Sat Industries Limited, ,13/07/2024,19/07/2024,12/07/2024, , ,ANNUAL GENERAL MEETING   
EQ,RITCO,Ritco Logistics Limited, ,14/07/2024,20/07/2024,12/07/2024, , ,EGM                      
EQ,DEEPINDS,Deep Industries Limited, ,10/07/2024,16/07/2024,09/07/2024, , ,ANNUAL GENERAL MEETING   
EQ,SAFARI,Safari Ind (India) Ltd,12/07/2024, , ,12/07/2024, , ,DIV - RS 1.50 PER SH     
EQ,20MICRONS,20 Microns Limited, ,13/07/2024,19/07/2024,12/07/2024, , ,ANNUAL GENERAL MEETING   
EQ,20MICRONS,20 Microns Limited,12/07/2024, , ,12/07/2024, , ,DIV - RS 1.25 PER SH     
EQ,SHRADHA,Shradha Infraprojects Ltd, ,13/07/2024,27/07/2024,12/07/2024, , ,ANNUAL GENERAL MEETING   
EQ,JAYAGROGN,Jayant Agro Organics Ltd.,12/07/2024, , ,12/07/2024, , ,DIV/SPDV - RS 5 & RS 2.5 
EQ,JAYAGROGN,Jayant Agro Organics Ltd., ,13/07/2024,18/07/2024,12/07/2024, , ,ANNUAL GENERAL MEETING   
EQ,NEULANDLAB,Neuland Laboratories Ltd, ,13/07/2024,15/07/2024,12/07/2024, , ,AGM/DIV - RS 14 PER SH   
EQ,DLINKINDIA,D-Link India Ltd, ,13/07/2024,19/07/2024,12/07/2024, , ,AGM/DIV/SPDV-RS 8 & RS 5 
EQ,KABRAEXTRU,Kabra Extrus Technik Ltd, ,13/07/2024,19/07/2024,12/07/2024, , ,AGM/DIV-RS 3.50 PER SH   
EQ,BAIDFIN,Baid Finserv Limited,09/07/2024, , ,09/07/2024, , ,DIV - RE 0.10 PER SH     
EQ,DEEPINDS,Deep Industries Limited,09/07/2024, , ,09/07/2024, , ,DIV - RS 2.44 PER SH     
EQ,BAIDFIN,Baid Finserv Limited, ,10/07/2024,16/07/2024,09/07/2024, , ,ANNUAL GENERAL MEETING   
EQ,PERSISTENT,Persistent Systems Ltd, ,10/07/2024,16/07/2024,09/07/2024, , ,AGM/DIV - RS 10 PER SH   
EQ,MPHASIS,MphasiS Limited, ,11/07/2024,25/07/2024,10/07/2024, , ,AGM/DIV - RS 55 PER SH   
EQ,LAGNAM,Lagnam Spintex Limited,09/07/2024, , ,09/07/2024, , ,DIV - RE 0.50 PER SH     
EQ,NURECA,Nureca Limited, ,12/07/2024,17/07/2024,11/07/2024, , ,ANNUAL GENERAL MEETING   
EQ,SINCLAIR,Sinclairs Hotels Limited,11/07/2024, , ,11/07/2024, , ,DIV - RE 1 PER SH        
EQ,ELECON,Elecon Engg Co. Ltd.,19/07/2024, , ,19/07/2024, , ,FVSPLT FRM RS 2 TO RE 1  
EQ,CENTRALBK,Central Bank of India, ,10/07/2024,16/07/2024,09/07/2024, , ,ANNUAL GENERAL MEETING   
EQ,SHOPERSTOP,Shoppers Stop Limited, ,11/07/2024,18/07/2024,10/07/2024, , ,ANNUAL GENERAL MEETING   
EQ,VOLTAS,Voltas Ltd., ,26/06/2024,10/07/2024,25/06/2024, , ,AGM/DIV-RS 5.50 PER SH   
EQ,TATAELXSI,Tata Elxsi Limited, ,26/06/2024,10/07/2024,25/06/2024, , ,AGM/DIV - RS 70 PER SH   
EQ,PGEL,PG Electroplast Ltd,10/07/2024, , ,10/07/2024, , ,FVSPLT FRM RS 10 TO RE 1 
EQ,UJJIVANSFB,Ujjivan Small Financ Bank,12/07/2024, , ,12/07/2024, , ,DIV - RS 1.50 PER SH     
EQ,ATUL,Atul Ltd., ,13/07/2024,19/07/2024,12/07/2024, , ,AGM/DIV - RS 20 PER SH   
EQ,VIMTALABS,Vimta Labs Limited, ,12/07/2024,18/07/2024,11/07/2024, , ,AGM/DIV - RS 2 PER SH    
EQ,WHEELS,Wheels India Ltd, ,11/07/2024,17/07/2024,10/07/2024, , ,AGM/DIV-RS 7.39 PER SH   
EQ,CENTURYTEX,Century Textiles Ltd., ,12/07/2024,23/07/2024,11/07/2024, , ,AGM/DIV - RS 5 PER SH    
EQ,INGERRAND,Ingersoll Rand Ltd., ,10/07/2024,12/07/2024,09/07/2024, , ,AGM/DIV - RS 20 PER SH   
EQ,GRINDWELL,Grindwell Norton Limited, ,10/07/2024,18/07/2024,09/07/2024, , ,AGM/DIV - RS 17 PER SH   
EQ,LAGNAM,Lagnam Spintex Limited, ,10/07/2024,16/07/2024,09/07/2024, , ,ANNUAL GENERAL MEETING   
EQ,NUCLEUS,Nucleus Software Exports, ,09/07/2024,15/07/2024,08/07/2024, , ,ANNUAL GENERAL MEETING   
EQ,ORIENTHOT,Oriental Hotels Ltd,11/07/2024, , ,11/07/2024, , ,DIV - RE 0.50 PER SH     
EQ,NESTLEIND,Nestle India Limited,16/07/2024, , ,16/07/2024, , ,DIV - RS 8.50 PER SH     
EQ,DJML,DJ Mediaprint & Log Ltd, ,08/07/2024,13/07/2024,05/07/2024, , ,AGM/DIV-RE 0.20 PER SH   
EQ,NILKAMAL,Nilkamal Limited, ,13/07/2024,19/07/2024,12/07/2024, , ,AGM/DIV - RS 20 PER SH   
EQ,SHRADHA,Shradha Infraprojects Ltd,12/07/2024, , ,12/07/2024, , ,DIV - RE 1 PER SH        
EQ,ONWARDTEC,Onward Technologies Ltd, ,13/07/2024,19/07/2024,12/07/2024, , ,AGM/DIV - RS 5 PER SH    
EQ,DCMSHRIRAM,DCM Shriram Limited,09/07/2024, , ,09/07/2024, , ,DIV - RS 2.60 PER SH     
EQ,KPIGREEN,KPI Global Infra Ltd,18/07/2024, , ,18/07/2024, , ,FVSPLT FRM RS10 TO RS 5  
EQ,SOLARINDS,Solar Industries (I) Ltd, ,05/07/2024,18/07/2024,04/07/2024, , ,AGM/DIV - RS 8.50 PER SH 
EQ,BALAMINES,Balaji Amines Limited, ,05/07/2024,11/07/2024,04/07/2024, , ,AGM/DIV - RS 11 PER SH   
EQ,KESORAMIND,Kesoram Industries Ltd., ,03/07/2024,09/07/2024,02/07/2024, , ,ANNUAL GENERAL MEETING   
EQ,POLYCAB,Polycab India Limited, ,10/07/2024,16/07/2024,09/07/2024, , ,AGM/DIV - RS 30 PER SH   
EQ,LAURUSLABS,Laurus Labs Limited, ,05/07/2024,11/07/2024,04/07/2024, , ,ANNUAL GENERAL MEETING   
EQ,JYOTHYLAB,Jyothy Labs Limited, ,04/07/2024,11/07/2024,03/07/2024, , ,AGM/DIV-RS 3.50 PER SH   
EQ,TIDEWATER,Tide Water Oil Co. (India, ,05/07/2024,11/07/2024,04/07/2024, , ,DIV - RS 20 PER SH       
EQ,RSSOFTWARE,R. S. Software (I) Ltd., ,04/07/2024,10/07/2024,03/07/2024, , ,ANNUAL GENERAL MEETING   
GS,84GS2024,GOI LOAN 8.40% 2024,24/07/2024, , , , , ,REDEMPTION               
IV,INDINFR,IndInfravit Trust,09/07/2024, , ,09/07/2024, , ,DISTRIBUTION RS 1.92     
MQ,IBULHSG,Sec Re NCD 9.25% Sr II,11/07/2024, , ,11/07/2024, , ,INTEREST PAYMENT         
MU,IBULHSG,Sec Re NCD 9.02% Sr V,11/07/2024, , ,11/07/2024, , ,INTEREST PAYMENT         
MV,IBULHSG,Sec Re NCD 9.48% Sr V,11/07/2024, , ,11/07/2024, , ,INTEREST PAYMENT         
MZ,IBULHSG,Sec Re NCD 9.25% Sr VIII,11/07/2024, , ,11/07/2024, , ,INTEREST PAYMENT         
N1,CCSP,Clix Cap Ser 10.10% 2025,11/07/2024, , ,11/07/2024, , ,INTEREST PAYMENT         
N3,IBULHSG,Sec Re NCD 9.80% Sr XII,11/07/2024, , ,11/07/2024, , ,INTEREST PAYMENT         
N4,IBULHSG,Sec Re NCD 10.25% Sr XII,11/07/2024, , ,11/07/2024, , ,INTEREST PAYMENT         
N5,IBULHSG,Sec Re NCD 9.25% Sr II,11/07/2024, , ,11/07/2024, , ,INTEREST PAYMENT         
N5,PCHFL,Sec Re NCD 8.25% Sr.III,08/07/2024, , , , , ,INT PAYMENT/REDEMPTION   
N6,PCHFL,Sec Re NCD 8.50% Sr.III,08/07/2024, , , , , ,INT PAYMENT/REDEMPTION   
N7,PCHFL,Sec Re NCD 8.50% Sr.IV,08/07/2024, , ,08/07/2024, , ,INTEREST PAYMENT         
N7,UGROCAP,Sec Red NCD 10.50% Sr.III,11/07/2024, , ,11/07/2024, , ,INTEREST PAYMENT         
N8,IBULHSG,Sec Re NCD 9.02% Sr V,11/07/2024, , ,11/07/2024, , ,INTEREST PAYMENT         
N8,PCHFL,Sec Re NCD 8.75% Sr.IV,08/07/2024, , ,08/07/2024, , ,INTEREST PAYMENT         
N9,IBULHSG,Sec Re NCD 9.48% Sr V,11/07/2024, , ,11/07/2024, , ,INTEREST PAYMENT         
N9,PCHFL,Sec Re NCD 8.75% Sr.V,08/07/2024, , ,08/07/2024, , ,INTEREST PAYMENT         
NA,PCHFL,Sec Re NCD 9% Sr.V,08/07/2024, , ,08/07/2024, , ,INTEREST PAYMENT         
NA,IBUCCREDIT,SeReNCD8.75%SrVICI&II,10/07/2024, , ,10/07/2024, , ,INTEREST PAYMENT         
NB,IBUCCREDIT,SeReNCD8.84%SrVICIII&IV,10/07/2024, , ,10/07/2024, , ,INTEREST PAYMENT         
NC,IBULHSG,Sec Re NCD 9.57% Sr X,11/07/2024, , ,11/07/2024, , ,INTEREST PAYMENT         
ND,IBULHSG,Sec Re NCD 10.03% Sr X,11/07/2024, , ,11/07/2024, , ,INTEREST PAYMENT         
NP,IBULHSGFIN,Sec Re NCD 8.20% Sr.VI,09/07/2024, , ,09/07/2024, , ,INTEREST PAYMENT         
NQ,IBULHSGFIN,Sec Re NCD 8.66% Sr.VI,09/07/2024, , ,09/07/2024, , ,INTEREST PAYMENT         
NR,IBUCCREDIT,Sec Re NCD 9.57% Sr.II,10/07/2024, , ,10/07/2024, , ,INTEREST PAYMENT         
NT,IBULHSGFIN,Sec Re NCD 8.89% Sr.VIII,09/07/2024, , ,09/07/2024, , ,INTEREST PAYMENT         
NU,IBUCCREDIT,Sec Re NCD 9.80% Sr.V,10/07/2024, , ,10/07/2024, , ,INTEREST PAYMENT         
NV,IBULHSGFIN,UnSe Re NCD 8.89% Sr.X,09/07/2024, , ,09/07/2024, , ,INTEREST PAYMENT         
NW,IBULHSGFIN,UnSe Re NCD 9.35% Sr.X,09/07/2024, , ,09/07/2024, , ,INTEREST PAYMENT         
NX,DHANILOANS,Sec Re NCD 10.49% Sr.VII,10/07/2024, , ,10/07/2024, , ,INTEREST PAYMENT         
NY,IBUCCREDIT,Sec Re NCD 9.57% Sr.VIII,10/07/2024, , ,10/07/2024, , ,INTEREST PAYMENT         
NZ,IBUCCREDIT,Sec Re NCD 10.03% Sr.VIII,10/07/2024, , ,10/07/2024, , ,INTEREST PAYMENT         
SG,505RJ24,SDL RJ 5.05% 2024,25/07/2024, , , , , ,REDEMPTION               
SG,503KL24,SDL KL 5.03% 2024,19/07/2024, , , , , ,REDEMPTION               
SM,SARTELE,Sar Televenture Limited,09/07/2024, , ,09/07/2024, , ,RIGHTS 1:1 @ PRM RS 198  
SM,SIDDHIKA,Siddhika Coatings Limited, ,06/07/2024,12/07/2024,05/07/2024, , ,ANNUAL GENERAL MEETING   
SQ,SIDDHIKA,Siddhika Coatings Limited, ,06/07/2024,12/07/2024,05/07/2024, , ,ANNUAL GENERAL MEETING   
SQ,SARTELE,Sar Televenture Limited,09/07/2024, , ,09/07/2024, , ,RIGHTS 1:1 @ PRM RS 198  
ST,SIDDHIKA,Siddhika Coatings Limited, ,06/07/2024,12/07/2024,05/07/2024, , ,ANNUAL GENERAL MEETING   
ST,SARTELE,Sar Televenture Limited,09/07/2024, , ,09/07/2024, , ,RIGHTS 1:1 @ PRM RS 198  
U1,CCSP,Clix Cap Ser 10.10% 2025,11/07/2024, , ,11/07/2024, , ,INTEREST PAYMENT         
U3,IBULHSG,Sec Re NCD 9.80% Sr XII,11/07/2024, , ,11/07/2024, , ,INTEREST PAYMENT         
U5,IBULHSG,Sec Re NCD 9.25% Sr II,11/07/2024, , ,11/07/2024, , ,INTEREST PAYMENT         
U5,PCHFL,Sec Re NCD 8.25% Sr.III,08/07/2024, , , , , ,INT PAYMENT/REDEMPTION   
U6,PCHFL,Sec Re NCD 8.50% Sr.III,08/07/2024, , , , , ,INT PAYMENT/REDEMPTION   
U7,UGROCAP,Sec Red NCD 10.50% Sr.III,11/07/2024, , ,11/07/2024, , ,INTEREST PAYMENT         
U7,PCHFL,Sec Re NCD 8.50% Sr.IV,08/07/2024, , ,08/07/2024, , ,INTEREST PAYMENT         
U8,PCHFL,Sec Re NCD 8.75% Sr.IV,08/07/2024, , ,08/07/2024, , ,INTEREST PAYMENT         
U8,IBULHSG,Sec Re NCD 9.02% Sr V,11/07/2024, , ,11/07/2024, , ,INTEREST PAYMENT         
U9,IBULHSG,Sec Re NCD 9.48% Sr V,11/07/2024, , ,11/07/2024, , ,INTEREST PAYMENT         
U9,PCHFL,Sec Re NCD 8.75% Sr.V,08/07/2024, , ,08/07/2024, , ,INTEREST PAYMENT         
UA,IBUCCREDIT,SeReNCD8.75%SrVICI&II,10/07/2024, , ,10/07/2024, , ,INTEREST PAYMENT         
UA,PCHFL,Sec Re NCD 9% Sr.V,08/07/2024, , ,08/07/2024, , ,INTEREST PAYMENT         
UB,IBUCCREDIT,SeReNCD8.84%SrVICIII&IV,10/07/2024, , ,10/07/2024, , ,INTEREST PAYMENT         
UC,IBULHSG,Sec Re NCD 9.57% Sr X,11/07/2024, , ,11/07/2024, , ,INTEREST PAYMENT         
UD,IBULHSG,Sec Re NCD 10.03% Sr X,11/07/2024, , ,11/07/2024, , ,INTEREST PAYMENT         
UP,IBULHSGFIN,Sec Re NCD 8.20% Sr.VI,09/07/2024, , ,09/07/2024, , ,INTEREST PAYMENT         
UQ,IBULHSGFIN,Sec Re NCD 8.66% Sr.VI,09/07/2024, , ,09/07/2024, , ,INTEREST PAYMENT         
UR,IBUCCREDIT,Sec Re NCD 9.57% Sr.II,10/07/2024, , ,10/07/2024, , ,INTEREST PAYMENT         
UT,IBULHSGFIN,Sec Re NCD 8.89% Sr.VIII,09/07/2024, , ,09/07/2024, , ,INTEREST PAYMENT         
UU,IBUCCREDIT,Sec Re NCD 9.80% Sr.V,10/07/2024, , ,10/07/2024, , ,INTEREST PAYMENT         
UV,IBULHSGFIN,UnSe Re NCD 8.89% Sr.X,09/07/2024, , ,09/07/2024, , ,INTEREST PAYMENT         
UW,IBULHSGFIN,UnSe Re NCD 9.35% Sr.X,09/07/2024, , ,09/07/2024, , ,INTEREST PAYMENT         
UX,DHANILOANS,Sec Re NCD 10.49% Sr.VII,10/07/2024, , ,10/07/2024, , ,INTEREST PAYMENT         
UY,IBUCCREDIT,Sec Re NCD 9.57% Sr.VIII,10/07/2024, , ,10/07/2024, , ,INTEREST PAYMENT         
UZ,IBUCCREDIT,Sec Re NCD 10.03% Sr.VIII,10/07/2024, , ,10/07/2024, , ,INTEREST PAYMENT         
YQ,IBULHSG,Sec Re NCD 9.25% Sr II,11/07/2024, , ,11/07/2024, , ,INTEREST PAYMENT         
YU,IBULHSG,Sec Re NCD 9.02% Sr V,11/07/2024, , ,11/07/2024, , ,INTEREST PAYMENT         
YV,IBULHSG,Sec Re NCD 9.48% Sr V,11/07/2024, , ,11/07/2024, , ,INTEREST PAYMENT         
YZ,IBULHSG,Sec Re NCD 9.25% Sr VIII,11/07/2024, , ,11/07/2024, , ,INTEREST PAYMENT         

