GAIN_LOSS,SECURITY,CLOSE_PRIC,PREV_CL_PR,PERCENT_CG
 ,Nifty 50 Sec., , , 
 , , , , 
G,OIL AND NATURAL GAS CORP.,       299.15,       288.20,3.8
G,ITC LTD,       443.60,       433.65,2.29
G,HDFC LIFE INS CO LTD,       620.90,       607.35,2.23
G,HINDUSTAN UNILEVER LTD.,      2587.15,      2547.00,1.58
G,TATA CONSUMER PRODUCT LTD,      1150.80,      1137.40,1.18
G,WIPRO LTD,       541.20,       535.10,1.14
G,NESTLE INDIA LIMITED,      2603.40,      2574.15,1.14
G,HCL TECHNOLOGIES LTD,      1533.40,      1519.40,.92
G,TATA MOTORS LIMITED,      1002.60,       993.65,.9
G,INFOSYS LIMITED,      1661.65,      1647.45,.86
G,RELIANCE INDUSTRIES LTD,      3201.80,      3177.25,.77
G,TECH MAHINDRA LIMITED,      1467.60,      1461.35,.43
G,BRITANNIA INDUSTRIES LTD,      5568.55,      5546.80,.39
G,BHARTI AIRTEL LIMITED,      1435.15,      1429.70,.38
G,COAL INDIA LTD,       493.30,       491.50,.37
G,EICHER MOTORS LTD,      4754.45,      4737.30,.36
G,INDUSIND BANK LIMITED,      1438.05,      1434.25,.26
G,DR. REDDY S LABORATORIES,      6534.15,      6520.00,.22
G,ICICI BANK LTD.,      1235.05,      1233.40,.13
G,LARSEN & TOUBRO LTD.,      3632.00,      3627.15,.13
G,AXIS BANK LIMITED,      1287.85,      1287.05,.06
G,KOTAK MAHINDRA BANK LTD,      1853.20,      1852.70,.03
G,POWER GRID CORP. LTD.,       339.40,       339.40,0
 , , , , 
L,DIVI S LABORATORIES LTD,      4464.20,      4629.70,-3.57
L,TITAN COMPANY LIMITED,      3156.20,      3269.35,-3.46
L,BHARAT PETROLEUM CORP  LT,       299.50,       306.65,-2.33
L,SHRIRAM FINANCE LIMITED,      2808.10,      2865.85,-2.02
L,ADANI PORT & SEZ LTD,      1475.30,      1500.45,-1.68
L,JSW STEEL LIMITED,       939.20,       954.05,-1.56
L,CIPLA LTD,      1487.05,      1509.90,-1.51
L,TATA STEEL LIMITED,       172.28,       174.71,-1.39
L,ASIAN PAINTS LIMITED,      2898.15,      2935.90,-1.29
L,BAJAJ AUTO LIMITED,      9529.40,      9635.80,-1.1
L,ADANI ENTERPRISES LIMITED,      3113.60,      3147.90,-1.09
L,MAHINDRA & MAHINDRA LTD,      2851.35,      2880.60,-1.02
L,HERO MOTOCORP LIMITED,      5501.90,      5558.05,-1.01
L,SBI LIFE INSURANCE CO LTD,      1514.95,      1529.40,-0.94
L,ULTRATECH CEMENT LIMITED,     11582.90,     11690.15,-0.92
L,HDFC BANK LTD,      1635.35,      1648.10,-0.77
L,SUN PHARMACEUTICAL IND L,      1556.40,      1568.40,-0.77
L,MARUTI SUZUKI INDIA LTD.,     12023.60,     12104.05,-0.66
L,NTPC LTD,       377.45,       379.80,-0.62
L,BAJAJ FINSERV LTD.,      1570.10,      1579.60,-0.6
L,LTIMINDTREE LIMITED,      5389.70,      5421.70,-0.59
L,BAJAJ FINANCE LIMITED,      7098.25,      7138.00,-0.56
L,TATA CONSULTANCY SERV LT,      3993.20,      4011.80,-0.46
L,STATE BANK OF INDIA,       856.25,       859.75,-0.41
L,HINDALCO  INDUSTRIES  LTD,       697.20,       699.15,-0.28
L,GRASIM INDUSTRIES LTD,      2742.15,      2748.00,-0.21
L,APOLLO HOSPITALS ENTER. L,      6317.45,      6328.55,-0.18
 , , , , 
 ,Nifty Next 50 Sec., , , 
 , , , , 
G,INDIAN RAILWAY FIN CORP L,       202.02,       188.23,7.33
G,REC LIMITED,       607.60,       580.45,4.68
G,MARICO LIMITED,       641.30,       615.35,4.22
G,GODREJ CONSUMER PRODUCTS,      1426.00,      1373.80,3.8
G,GAIL (INDIA) LTD,       230.49,       222.96,3.38
G,BHARAT ELECTRONICS LTD,       334.60,       324.05,3.26
G,POWER FIN CORP LTD.,       549.75,       534.25,2.9
G,DABUR INDIA LTD,       623.45,       606.45,2.8
G,BAJAJ HOLDINGS & INVS LTD,      9905.15,      9667.60,2.46
G,SBI CARDS & PAY SER LTD,       735.65,       721.95,1.9
G,INDIAN RAIL TOUR CORP LTD,      1045.60,      1026.20,1.89
G,HINDUSTAN AERONAUTICS LTD,      5621.95,      5552.00,1.26
G,COLGATE PALMOLIVE LTD.,      2946.40,      2910.50,1.23
G,INFO EDGE (I) LTD,      6857.45,      6809.50,0.7
G,DLF LIMITED,       835.70,       832.80,0.35
G,ZOMATO LIMITED,       207.93,       207.57,0.17
G,ADANI GREEN ENERGY LTD,      1756.45,      1754.30,0.12
 , , , , 
L,BANK OF BARODA,       262.35,       273.80,-4.18
L,CANARA BANK,       114.89,       117.76,-2.44
L,JINDAL STEEL & POWER LTD,      1025.95,      1050.50,-2.34
L,INTERGLOBE AVIATION LTD,      4237.95,      4322.90,-1.97
L,BOSCH LIMITED,     34412.30,     35074.00,-1.89
L,SIEMENS LTD,      7741.35,      7885.55,-1.83
L,SAMVRDHNA MTHRSN INTL LTD,       201.44,       205.00,-1.74
L,VEDANTA LIMITED,       465.65,       473.85,-1.73
L,ADANI POWER LTD,       698.05,       708.90,-1.53
L,TATA POWER CO LTD,       433.45,       439.95,-1.48
L,ADANI ENERGY SOLUTION LTD,       998.40,      1012.65,-1.41
L,ICICI LOMBARD GIC LIMITED,      1838.95,      1865.05,-1.4
L,ABB INDIA LIMITED,      8559.55,      8679.40,-1.38
L,CHOLAMANDALAM IN & FIN CO,      1412.15,      1431.60,-1.36
L,SRF LTD,      2368.30,      2400.75,-1.35
L,TVS MOTOR COMPANY  LTD,      2398.25,      2430.15,-1.31
L,JIO FIN SERVICES LTD,       348.30,       352.75,-1.26
L,SHREE CEMENT LIMITED,     27193.25,     27528.70,-1.22
L,PUNJAB NATIONAL BANK,       121.36,       122.80,-1.17
L,VARUN BEVERAGES LIMITED,      1597.30,      1614.15,-1.04
L,ICICI PRU LIFE INS CO LTD,       636.35,       643.00,-1.03
L,PIDILITE INDUSTRIES LTD,      3069.00,      3099.75,-0.99
L,BERGER PAINTS (I) LTD,       509.50,       514.40,-0.95
L,ADANI TOTAL GAS LIMITED,       883.65,       891.05,-0.83
L,INDIAN OIL CORP LTD,       170.07,       171.28,-0.71
L,TRENT LTD,      5594.25,      5619.90,-0.46
L,ZYDUS LIFESCIENCES LTD,      1157.80,      1162.45,-0.4
L,HAVELLS INDIA LIMITED,      1886.20,      1893.65,-0.39
L,AMBUJA CEMENTS LTD,       683.55,       686.00,-0.36
L,TORRENT PHARMACEUTICALS L,      2882.75,      2891.10,-0.29
 , , , , 
 ,OTHER SECURITIES, , , 
 , , , , 
G,IVP LTD,       234.34,       195.29,20
G,KREBS BIOCHEMICALS & IND,        87.50,        72.92,19.99
G,SHREYANS INDUSTRIES LTD,       331.30,       276.10,19.99
G,ALPHAGEO (INDIA) LIMITED,       477.15,       397.65,19.99
G,CORAL INDIA FIN & HOUS LT,        62.32,        51.94,19.98
G,GENERIC ENG CONS PROJ LTD,        61.41,        51.41,19.45
G,INTEGRATED PERSO SER LTD,       173.00,       145.00,19.31
G,KRITI NUTRIENTS LIMITED,       128.32,       108.96,17.77
G,HRH NEXT SERVICES LIMITED,        42.65,        36.25,17.66
G,RAIL VIKAS NIGAM LIMITED,       565.90,       491.05,15.24
G,KAUSHALYA LOGISTICS LTD,       105.20,        93.10,13
G,EVEREADY INDS. IND.  LTD.,       403.65,       360.20,12.06
G,RASHTRIYA CHEMICALS & FER,       228.39,       203.94,11.99
G,PRESSTONIC ENGINEERING L,       136.80,       122.20,11.95
G,NAMAN IN-STORE (INDIA) L,       137.50,       123.60,11.25
G,SURAJ ESTATE DEVELOPERS L,       683.30,       615.85,10.95
G,STANLEY LIFESTYLES LTD,       538.50,       487.15,10.54
G,PREMIER POLYFILM LTD,       234.08,       212.07,10.38
G,SOTAC PHARMACEUTICALS LTD,       175.00,       158.60,10.34
G,B.L.KASHYAP & SON LTD,       102.67,        93.11,10.27
G,CL EDUCATE LIMITED,        96.17,        87.27,10.2
G,LEXUS GRANITO (INDIA) LTD,        48.93,        44.42,10.15
G,KAYA LIMITED,       604.25,       549.35,9.99
G,SERVOTECH POWER SYS LTD.,        97.43,        88.58,9.99
G,PC JEWELLER LTD,        56.16,        51.06,9.99
G,KAUSHALYA INFRA DEV LTD.,       960.20,       873.05,9.98
G,MCLEOD RUSSEL INDIA LTD.,        29.31,        26.65,9.98
G,LANDMARK PR.DEV.CO.LTD,        15.24,        13.86,9.96
G,RAJNANDINI METAL LIMITED,        12.84,        11.68,9.93
G,NATIONAL FERT. LTD,       148.21,       134.91,9.86
 , , , , 
L,SAHAJ FASHIONS LIMITED,        20.10,        22.85,-12.04
L,SUPREME POWER EQUIPMENT L,       332.15,       374.85,-11.39
L,SUNDARAM MULTI PAP LTD,         3.41,         3.83,-10.97
L,PATEL ENGINEERING LTD.,        62.09,        69.00,-10.01
L,MOXSH OVERSEAS EDUCON LTD,       176.40,       196.00,-10
L,JFL LIFE SCIENCES LIMITED,        53.20,        58.55,-9.14
L,UNSEC RED NCD SR. VI,      1455.00,      1600.00,-9.06
L,PLADA INFOTECH SERVICES L,        30.75,        33.30,-7.66
L,SEC RED NCD 9.7% SR.VII,      1024.00,      1105.00,-7.33
L,AKANKSHA POWER N INFRA L,       162.50,       175.35,-7.33
L,SEC RE NCD 9% SR.V,       989.00,      1067.00,-7.31
L,INDIFRA LIMITED,        34.65,        37.30,-7.1
L,CANARYS AUTOMATIONS LTD,        60.90,        65.35,-6.81
L,IIFL SECURITIES LIMITED,       191.26,       205.00,-6.7
L,WINSOL ENGINEERS LIMITED,       425.20,       455.60,-6.67
L,N.B.I. IND. FIN. CO. LTD,      2231.25,      2383.40,-6.38
L,SHREE OSFM E-MOBILITY LTD,       158.65,       169.40,-6.35
L,ELECON ENG. CO. LTD,      1290.40,      1376.70,-6.27
L,EXICOM TELE SYSTEMS LTD,       456.30,       486.20,-6.15
L,GP ECO SOLUTIONS INDIA L,       389.15,       414.35,-6.08
L,MAXPOSURE LIMITED,       105.10,       111.80,-5.99
L,VINSYS IT SERVICES IND LT,       357.10,       379.80,-5.98
L,IFB AGRO INDUSTRIES LTD,       572.15,       607.80,-5.87
L,ITD CEMENTATION INDIA LTD,       454.20,       482.30,-5.83
L,RULKA ELECTRICALS LIMITED,       554.15,       588.10,-5.77
L,JNK INDIA LIMITED,       832.45,       882.65,-5.69
L,PAVNA INDUSTRIES LIMITED,       460.70,       488.15,-5.62
L,PARAS DEF AND SPCE TECH L,      1458.40,      1545.05,-5.61
L,E FACTOR EXPERIENCES LTD,       228.60,       242.00,-5.54
L,LYPSA GEMS & JEWEL LTD,         6.05,         6.40,-5.47
