SECURITY,NEW,PREVIOUS,NEW_STATUS
POWER FIN CORP LTD.,559.75,559,H
POLY MEDICURE LIMITED,2150,2111,H
SGB2.50%MAY2025SR-I 17-18,7549.99,7524.9,H
2.50%GOLDBONDS2029SR-IV,7648,7600,H
2.50%GOLDBONDS2029SR-XI,7798,7640,H
COUNTRY CLUB HOSP HOL LTD,30.61,21.15,H
2.5%GOLDBONDS2028SR-III,7641.38,7529.85,H
WOMANCART LIMITED,249.75,237.95,H
LLOYDS ENGG WORK LIMITED,78.9,78.3,H
DRONE DESTINATION LIMITED,462,452.25,H
ABHISHEK INTEGRATIONS LTD,88.5,84.3,H
PITTI ENGINEERING LIMITED,1190,1182,H
VINYAS INNOVATIVE TECH L,1442.5,1377.3,H
ZUARI INDUSTRIES LIMITED,423.4,415,H
NOVA AGRITECH LIMITED,73.41,73,H
ICICIPRAMC - ICICICONSU,118,117.12,H
ICICIPRAMC-ICICIFIN,25.42,25.37,H
GOI TBILL 364D-17/10/24,97.74,97.35,H
MIRAEAMC - SMALLCAP,54.48,54,H
GOI TBILL 364D-27/03/25,95,93.9,H
SURAJ ESTATE DEVELOPERS L,692,629.8,H
21ST CENTURY MGMT SERVICE,74.95,73.49,H
ARISTO BIO T AND LIFESC L,111,104.5,H
WINNY IMMIGRA & EDU SER L,271.05,258.15,H
STANLEY LIFESTYLES LTD,543.9,518.7,H
SKIL INFRASTRUCTURE LTD.,6.31,6.25,H
THERMAX LTD,5839.95,5789,H
BASF INDIA LTD,5885,5465,H
THE GE SHPG.LTD,1449.95,1294,H
DHANUKA AGRITECH LTD,1803.95,1800,H
QUANTUM NIFTY 50 ETF,2671.64,2643.85,H
REC LIMITED,615.55,607.8,H
TEXMACO RAIL & ENG. LTD.,295.5,275.9,H
GKW LIMITED,3245.8,3091.25,H
CPSE ETF,99.9,99.7,H
2.75% GOLDBONDS2024TR-V,7500,7475,H
CG POWER AND IND SOL LTD,783.75,782.35,H
2.50%GOLDBONDS2027SR-VII,7749,7599,H
2.50%GOLDBONDS2028SR-VI,7650,7639,H
2.50%GOLDBONDS2029SR-XII,7720,7529.99,H
HB STOCKHOLDINGS LIMITED,137,129,H
MOTILALAMC - MOHEALTH,39.19,38.97,H
SIMPLEX INFRASTRUCTURES L,160.98,159.45,H
MIRAEAMC - MAM150ETF,22,21.65,H
MIRAEAMC - MAMFGETF,154.25,152.1,H
LE MERITE EXPORTS LIMITED,151.5,147.7,H
DOMS INDUSTRIES LIMITED,2365,2295.1,H
HARSHA ENGINEERS INT LTD,613.85,609.9,H
9.40 % SRNCD TR II SR III,1032,1031.8,H
UNIVA FOODS LIMITED,7.99,7.61,H
ASK AUTOMOTIVE LIMITED,406.5,400.1,H
DC INFOTECH AND COMUN LTD,298.16,283.97,H
ON DOOR CONCEPTS LIMITED,539.75,514.25,H
HDFCAMC - HDFCSML250,183,179.45,H
GOI TBILL 182D-12/09/24,98.65,98.57,H
TAX FREE7.60% SR.IIB,1135.5,1135,H
PLATINUM INDUSTRIES LTD,237,233.1,H
AHIMSA INDUSTRIES LTD.,20.75,19.8,H
MANDEEP AUTO INDUSTRIES L,74.4,72.9,H
SERENCD 8.70% SR.VII OPII,1045,1028,H
CANARYS AUTOMATIONS LTD,68.7,66.8,H
SYLVAN PLYBOARD (INDIA) L,77.5,73.85,H
GANESH HOUSING CORP LTD,1110,1070,H
KIRLOSKAR BROTHERS LTD,2684,2637.95,H
AXISAMC - AXISHCETF,131.99,131.2,H
2.50%GOLDBONDS2027SR-V,7600,7599,H
2.50%GOLDBONDS2028SR-VII,7650,7599,H
2.50%GOLDBONDS2029SR-X,7605,7588.99,H
2.5%GOLDBONDS2029SR-II,7700,7600,H
BIRLASLAMC - HEALTHY,13.3,13.25,H
2.50%GOLDBONDS2025 SR-XII,7502,7488,H
SONU INFRATECH LIMITED,86.5,82.4,H
SHAKTI PUMPS (I) LTD,4690,4577.15,H
MARSHALL MACHINES LTD,34.62,33.95,H
9.90 % SRNCD SR VI,1064.57,1056,H
SEC RE NCD 7.90% STRPP A,307.98,307,H
NIP IND ETF DIV OPP,82.98,82.25,H
SEC RED NCD 8.40% SR.V,1051.9,1040,H
SDL HR 7.57% 2030,98.7,97.5,H
FIRSTSOURCE SOLU. LTD.,254.65,249.09,H
2.50% GOLDBONDS2024 TR-VI,7499.99,7480,H
COCHIN SHIPYARD LIMITED,2979.45,2924,H
SANSERA ENGINEERING LTD,1430.9,1405.05,H
2.50%GOLDBONDS2028SR-II,7600,7589.99,H
2.5%GOLDBONDS2029SR-I,7688,7630,H
MALLCOM (INDIA) LIMITED,1387.5,1380,H
MIRAEAMC - MAFANG,99.9,99.79,H
SKY GOLD LIMITED,1935,1842.9,H
MIRAEAMC - ALPHAETF,28.95,28.65,H
BASILIC FLY STUDIO LTD,636.95,621.6,H
RAILTEL CORP OF IND LTD,559.4,534.4,H
UJAAS ENERGY LIMITED,275.02,261.93,H
BALU FORGE INDUSTRIES LTD,396,379.9,H
JFL LIFE SCIENCES LIMITED,63.85,58.55,H
KN AGRI RESOURCES LIMITED,296.8,293.6,H
NIRMAN AGRI GENTICS LTD,418.15,398.25,H
INDIAN RAILWAY FIN CORP L,206,200,H
ISGEC HEAVY ENG LTD,1386.6,1377.8,H
INDIAN RENEWABLE ENERGY,248.85,232,H
OM INFRA LIMITED,180,179.8,H
SUPREME INFRA. LTD,117.02,111.45,H
BOND 8.71% TAX FREE S2B,1168.05,1166.99,H
SEC RE NCD SR VI,1027,1018.03,H
SUMIT WOODS LIMITED,85.37,65.7,H
DR. REDDY S LABORATORIES,6575,6547.15,H
RASHTRIYA CHEMICALS & FER,233,227.7,H
SHANTHI GEARS LTD,674.4,649,H
DREDGING CORP OF INDIA,1457.95,1406.3,H
SEAMEC LIMITED,1543,1424.9,H
TRENT LTD,5665,5644.45,H
SHREYANS INDUSTRIES LTD,331.3,312,H
HFCL LIMITED,135.4,131.5,H
ANTONY WASTE HDG CELL LTD,613.5,612,H
2.50%GOLDBONDS2028SR-X,7596,7552.99,H
TARC LIMITED,235.7,234,H
SBIAMC - SBIETFQLTY,232.8,226.85,H
SHEKHAWATI POLY-YARN LTD.,4.83,4.74,H
MIRAEAMC - MANXT50,749.57,746,H
S J LOGISTICS (INDIA) LTD,510.8,504.65,H
LICNAMC - LICNMID100,58.55,57.6,H
2.50%GOLDBONDS2031SR-III,7750,7721.99,H
AEGIS LOGISTICS LIMITED,937.5,925,H
PRAKASH PIPES LIMITED,534.9,524.9,H
R M DRIP & SPRINK SYS LTD,160,158.75,H
GOI TBILL 364D-08/08/24,99.25,99,H
KAVVERI TEL. LTD.,24.24,23.77,H
CIE AUTOMOTIVE INDIA LTD,618.95,614,H
ICICIPRAMC - ICICINXT50,78.6,77.45,H
NITIRAJ ENGINEERS LTD,284.15,278.6,H
Z-TECH (INDIA) LIMITED,300.15,285.9,H
MOTILALAMC - MOSMALL250,17.95,17.88,H
SEC RED NCD SR.IX,1564,1563,H
SEC RE NCD 9.9% SR IV,923.25,900.3,H
SOLAR ACT RS.3.50 PPD UP,312.95,303.8,H
SEC RE NCD 0% SR.V,1144,1134,H
SEC RE NCD 9.30% SR.IV,1005.35,1005,H
SEC RE NCD 9.35% SR VI,1010,1001.01,H
NEPHRO CARE INDIA LIMITED,188.5,179.55,H
ELECON ENG. CO. LTD,1409,1400,H
HBL POWER SYSTEMS LTD.,621,612,H
MAN INDUSTRIES (I) LTD.,513.7,486.3,H
SUNFLAG IRON AND STEEL CO,274.79,268,H
NIP IND ETF SHARIAH BEES,543.15,535.96,H
SBI-ETF NIFTY NEXT 50,782.3,780,H
TEXMACO INFRA & HOLDG LTD,150.95,149.45,H
HPL ELECTRIC & POWER LTD,511.9,496.25,H
SGB2.50%JUL2025SR-II17-18,7564,7499.75,H
2.50%GOLDBONDS2028SR-VIII,7593.99,7576,H
2.5%GOLDBONDS2029SR-VII,7648.1,7599.99,H
2.50% GOLDBONDS2025SR-IV,7550,7539,H
LCC INFOTECH LTD,4.35,4.27,H
GOI TBILL 182D-07/11/24,97.53,97.5,H
SMARTLINK HOLDINGS LTD,336,324.3,H
SOTAC PHARMACEUTICALS LTD,179,172.8,H
KAYNES TECHNOLOGY IND LTD,4574.15,4443.95,H
KODY TECHNOLAB LIMITED,4110.4,3914.7,H
NIP IND ETF MIDCAP 150,221.47,219.9,H
RKEC PROJECTS LIMITED,143,132.97,H
ROLLATAINERS LIMITED,4.91,4.82,H
DSPAMC - DSPQ50ETF,262,260.56,H
KRITI NUTRIENTS LIMITED,130.75,128.9,H
VICEROY HOTELS LIMITED,120.71,114.97,H
INOX INDIA LIMITED,1506.9,1473,H
SEC RE NCD 9.85% SR.VIII,985,959.99,H
MASON INFRATECH LIMITED,117.8,112.2,H
GLENMARK PHARMACEUTICALS,1366.95,1356.5,H
FOSECO INDIA LTD,4390.5,4390,H
APAR INDUSTRIES LTD.,8962.85,8892,H
TRIGYN TECHNOLOGIES LTD,145,144.4,H
2.50%GOLDBONDS2029SR-IX,7607.9,7593,H
ZYDUS LIFESCIENCES LTD,1184.15,1172.5,H
SIGNATUREGLOBAL INDIA LTD,1559.8,1508,H
V R INFRASPACE LIMITED,195,180,H
STYRENIX PERFORMANCE LTD,2429.95,2414.9,H
TEAMO PRODUCTIONS HQ LTD,1.59,1.58,H
NIP IND ETF ETF NV20,154.4,153.63,H
NIPPONAMC - NETFPHARMA,21.09,20.9,H
DSPAMC - DSPNEWETF,323.6,315.97,H
ESCONET TECHNOLOGIES LTD,377.8,362.85,H
IL&FS TRANS NET LTD,8.21,7.82,H
HINDUSTAN AERONAUTICS LTD,5662.45,5624.95,H
PANACHE DIGILIFE LIMITED,137.56,131.01,H
GOI TBILL 182D-24/10/24,97.81,97.75,H
REFRACTORY SHAPES LIMITED,258.55,253.55,H
SEC RE NCD 9.39% SR.VIII,965,930.5,H
PETRO CARBON AND CHEMI L,382.8,364.6,H
AWFIS SPACE SOLUTIONS LTD,592,578.95,H
SEC RE NCD 9.90% SR IV,1184,1119,H
SDL GJ 7.18% 2028,97.9,97.5,H
ALLIED BLEND N DISTILS L,347.35,346.9,H
SDL TS 7.59% 2037,100.5,100,H
RAYMOND LTD,3496,3484,H
SELAN EXPLO. TECH LTD,805,792.45,H
HSG & URBAN DEV CORPN LTD,349.7,339.45,H
INDIA TOUR. DEV. CO. LTD.,930.8,919.95,H
STYLAM INDUSTRIES LIMITED,2090,2025,H
MOTILAL OS MIDCAP100 ETF,61.95,61.17,H
2.50%GOLDBONDS2025SR-VIII,7525,7499,H
SETCO AUTOMOTIVE LTD,15.5,12.5,H
SHIPPING CORP OF ILA LTD,92,90,H
GOI TBILL 91D-23/08/24,99.32,99.3,H
HDFCAMC - HDFCBSE500,37.97,37.15,H
AGARWAL FLOAT GLASS I LTD,78,76.9,H
SRI ADHIKARI BRO TELE N L,272.98,267.63,H
RAIL VIKAS NIGAM LIMITED,578.95,498.5,H
DELAPLEX LIMITED,333,327.6,H
DELPHI WORLD MONEY LTD,236,231.63,H
NIPPONAMC - NETFSILVER,100,93.08,H
FONEBOX RETAIL LIMITED,205,203,H
INOX WIND ENERGY LIMITED,8174,7930.25,H
KOTAKMAMC - KOTAKALPHA,57.15,56.45,H
KOTAKMAMC - KOTAKMID50,165.48,163.49,H
KOTAKMAMC - KTKNV20ETF,153.64,153.28,H
BOND 8.30% PA TAX FREE S2,1144.9,1140,H
SEC RE NCD SR II,1006.65,1000,H
AIMTRON ELECTRONICS LTD,729.95,696.4,H
VERTOZ ADVERTISING LTD,37.1,67.15,L
BRIGHTCOM GROUP LIMITED,8.46,8.65,L
CADSYS (INDIA) LIMITED,193.6,194.05,L
SEC RE NCD 8.20% SR.III,914.9,916.3,L
SEC RE NCD 8.75% SR.IV,999.95,1044.15,L
ONELIFE CAP ADVISORS LTD,16.68,16.75,L
ZENITH EXPORTS LTD,370.25,377.8,L
MEP INFRA. DEVELOPERS LTD,7.26,7.39,L
SEC RED NCD 10.35% SR. II,994.31,999,L
YASONS CHEMEX CARE LTD,24.2,24.5,L
SEC RE NCD 9% SR.V,975,1020.1,L
ANMOL INDIA LIMITED,33.96,34.2,L
DIENSTEN TECH LIMITED,232,240,L
MEDICAMEN ORGANICS LTD,125.2,125.25,L
AKSHAR SPINTEX LIMITED,2.57,3.85,L
SEC RED NCD 9.7% SR.VII,1024,1025,L
SEC RE NCD 8.43% SR.VI,880,881,L
SEC RE NCD 9.10% SR I,950,963,L
PRAXIS HOME RETAIL LTD,13.83,14.12,L
FILATEX FASHIONS LIMITED,7.44,7.45,L
GOI TBILL 91D-19/09/24,98.35,98.72,L
DIVINE POWER ENERGY LTD,124.15,130.65,L
SEC RE NCD 10.25% SR.II,955.1,975,L
SEPC LIMITED,3.42,3.9,L
CMI LIMITED,4.5,4.53,L
BRIGHT SOLAR LIMITED,6.85,7.1,L
BOHRA INDUSTRIES LIMITED,15.05,15.85,L
SEC RE NCD 10.75% SR XI,982,1000,L
SEC RED NCD 10.27% SR. VI,935.5,1020,L
LORDS CHLORO ALKALI LTD,127,127.25,L
BODHI TREE MULTIMEDIA LTD,14.11,14.4,L

