SYMBOL,SYMBOL P/E,ADJUSTED P/E
AURIONPRO,62.19,62.19
AIAENG,35.38,35.4
ORIENTCER,35.12,41.41
VIMTALABS,28.21,28.21
NITINSPIN,15.55,15.55
ENIL,32.32,33.39
GVKPIL,7.56,7.56
KEC,66.77,66.77
BLKASHYAP,39.96,39.96
SOLARINDS,125.97,125.97
SUNTV,16.14,16.14
EMKAY,13.61,13.61
BALPHARMA,26.1,26.1
KAMDHENU,29.94,29.94
EMAMILTD,43.43,43.14
TECHM,59.82,59.9
ANANTRAJ,66.5,66.5
TALBROAUTO,22.4,32.41
INSPIRISYS,48.52,48.52
NAUKRI,121.43,113.17
MANALIPETC,85.01,74.84
DONEAR,19.54,19.54
VENUSREM,17.96,17.96
PARACABLES,29.36,29.36
SARLAPOLY,26.59,26.59
GANDHITUBE,19.32,19.32
IZMO,22.42,22.42
TTL,55.01,55.01
RAJTV,620.8,620.8
THEMISMED,79.21,79.21
BANSWRAS,17.46,17.46
NDLVENTURE,204.34,204.34
ZENITHSTL,28.22,28.22
ALPHAGEO,242.03,35.57
INSECTICID,20.3,20.3
NAVINFLUOR,67.17,81.06
HGS,31.3,31.3
DLF,126.44,126.44
ISMTLTD,23.94,22.34
CIEINDIA,28.74,28.74
NAGREEKCAP,1.03,1.03
CENTUM,,368.89
MANGCHEFER,9.7,9.7
BVCL,19.13,19.13
EDELWEISS,11.61,11.61
RGL,13.68,13.68
KAUSHALYA,2.72,2.72
HITECHCORP,18.51,18.51
BRIGADE,77.48,77.48
DVL,28.81,28.81
BIRLAMONEY,17.81,17.81
CORDSCABLE,30.05,30.05
HERCULES,52.32,52.32
SEPC,127.58,127.58
IRB,44.32,44.32
GSS,34.98,34.98
RECLTD,10.81,10.81
NESCO,18.18,18.18
TITAGARH,85.28,84.78
DIGISPICE,20.76,47.7
GOKUL,214.49,17.57
ALMONDZ,14.83,38.94
VINYLINDIA,35.87,35.87
ZFCVINDIA,73.4,73.4
JOCIL,105.46,105.46
ALKALI,131.36,109.42
TPHQ,26.81,26.81
HINDNATGLS,1.42,.87
VINATIORGA,57.87,57.87
EXPLEOSOL,22.02,22.02
SUNTECK,111.6,111.6
JSWENERGY,75.37,75.37
MMTC,187.4,265.85
NESTLEIND,99.36,99.73
UNITEDTEA,12.52,12.52
THANGAMAYL,39.35,39.35
SJVN,61.58,66.23
KIRLOSIND,16.76,15.11
TI,34.45,33.73
AHLEAST,7.77,10.15
UGARSUGAR,44.14,44.14
DEEPAKNTR,45.21,48.86
GREENPOWER,54.53,63.61
ASHOKA,11.34,13.09
OBEROIRLTY,33.84,33.84
SHAH,40.92,40.92
IOLCP,18.79,18.79
RPPINFRA,9.44,9.44
RKDL,,320.14
STEL,62.83,62.83
HFCL,55.87,55.87
MUTHOOTFIN,16.27,16.27
OMINFRAL,35.09,35.09
VSTTILLERS,29.59,29.59
ASHIANA,49.39,49.39
WHEELS,42.38,42.38
RIIL,205.5,205.5
SHREDIGCEM,19.08,19.08
SMLISUZU,27.97,27.97
FACT,450.32,168.02
LAXMIMACH,47.07,47.07
PEL,,35.8
MAHSCOOTER,53.42,53.42
TRENT,147.56,239.44
KCP,11.82,11.79
JBCHEPHARM,48.94,48.94
IONEXCHANG,49.46,49.46
IFBIND,93.53,93.53
HIMATSEIDE,12.39,12.39
GFLLIMITED,311.44,311.44
BHARATFORG,86.05,85.39
ARVIND,29,29.15
TATAMOTORS,10.62,10.37
LINDEINDIA,180.26,180.26
ESCORTS,44.2,44.2
ASHOKLEY,25.15,24.67
ZUARIIND,1.69,
SUNDARMFIN,35.91,34.34
VEDL,23.38,35.03
RELIANCE,27.34,27.34
BATAINDIA,73.82,67.47
CARBORUNIV,74.39,74.39
COROMANDEL,28.14,28.14
VINDHYATEL,26.62,26.62
RAMCOCEM,48.52,48.52
ADORWELD,30.78,30.78
TORNTPHARM,59.09,61.82
VLSFINANCE,3.21,3.21
SRF,53.28,53.28
BBOX,48,38.38
JTEKTINDIA,52.21,55.1
TATAELXSI,55.45,55.45
SANDESH,6.64,6.64
ARE&M,34.35,34.35
ADANIENT,106.18,98.98
INDBANK,27.43,27.43
GET&D,214.92,214.92
BANARISUG,26.23,26.23
KPIL,38.66,38.66
JYOTISTRUC,79.02,79.02
JAYNECOIND,21.87,20.07
SOTL,22.1,22.1
UFLEX,,14.33
THOMASCOOK,44.66,44.66
SIEMENS,120.21,120.21
VSTIND,21,21
TOKYOPLAST,116.07,116.07
IFCI,66.32,66.86
HLVLTD,68.03,68.03
HEIDELBERG,31.49,31.49
PIDILITIND,90.01,87.51
OSWALAGRO,348.91,345.46
RUBYMILLS,18.38,18.38
ABB,125.75,125.75
CANFINHOME,15.73,15.73
DCMSHRIRAM,35.45,35.45
COSMOFIRST,38.33,38.33
HEROMOTOCO,28.77,27.88
HARRMALAYA,,1463.34
ITC,26.13,26.13
HINDCOMPOS,23.31,23.31
OSWALGREEN,147.15,147.15
HUHTAMAKI,7.35,28.73
RICOAUTO,46.25,44.21
MANINDS,28.6,28.6
SIYSIL,12.87,12.87
PRECWIRE,40.51,40.51
NCC,28.68,27.89
SEAMECLTD,28.95,28.95
BBTC,7.44,7.2
GICHSGFIN,9.35,9.35
BANARBEADS,24.87,24.87
WSTCSTPAPR,6.01,6.01
PRUDMOULI,11.47,10.66
PRAJIND,47.55,47.55
EVERESTIND,106.61,157.38
TFCILTD,21.73,21.73
AGI,23.8,23.8
TATACONSUM,83.3,71.86
ZEEL,72.96,257.88
FMGOETZE,18,18
ORIENTHOT,50.52,50.52
3MINDIA,74.86,74.86
ANDHRAPAP,7.14,7.14
RALLIS,44.56,44.78
MFSL,87.57,87.57
GREAVESCOT,,284.35
TATAINVEST,103.61,103.61
SUDARSCHEM,17.83,56.85
AKZOINDIA,31.43,31.43
HINDUNILVR,58.18,58.21
AMBUJACEM,35.84,37.54
DCM,29.7,29.7
HEUBACHIND,26.81,26.81
PVP,10.23,
NAVA,8.23,8.98
PEARLPOLY,81.85,81.85
SWARAJENG,26.04,26.04
GARFIBRES,38.04,38.04
SKFINDIA,57.25,57.25
JAYAGROGN,17.71,17.71
SAMBHAAV,64.16,84.93
BIOFILCHEM,160.12,160.12
SANGAMIND,49.69,43.39
MOTHERSON,49.93,48.44
CREST,19.76,19.76
WENDT,77.23,77.23
SHRIRAMFIN,14.58,14.58
MIRZAINT,52.85,52.85
GANESHHOUC,18.84,18.84
ALKYLAMINE,73.09,73.09
GUJRAFFIA,46.97,46.97
KOTHARIPET,14.8,14.73
BANKBARODA,7.69,7.69
GAIL,17.05,17.66
CONCOR,52.32,52.32
HUDCO,31.06,31.06
FDC,27.5,27.5
ADROITINFO,14.16,14.16
INDUSINDBK,12.44,12.44
TRIGYN,22,22
CUB,12.4,12.4
AXISBANK,15.05,15.05
SONATSOFTW,57.84,4.96
CYBERTECH,24.18,24.18
DHANBANK,18.68,18.68
STCINDIA,21.15,22.73
IVC,32.27,32.27
ALEMBICLTD,33.24,33.24
ICDSLTD,26.91,26.91
BSOFT,31.63,31.63
STAR,316.43,36.92
ZYDUSLIFE,30.53,30.47
RAJESHEXPO,25.26,25.26
SHREERAMA,37.11,37.11
NRBBEARING,13.83,37.61
AJANTPHARM,34.68,34.68
CALSOFT,43.09,43.09
PNBGILTS,34.14,37.08
CHENNPETRO,5.21,5.21
KRBL,12.18,12.18
BALAJITELE,38.01,38.01
MARKSANS,27.05,27.05
ACLGATI,245.07,
UNITDSPR,64.78,64.31
OLECTRA,189.42,206.42
APTECHT,43.81,37.65
NUCLEUS,19.82,19.82
NSIL,42.27,42.27
TVSELECT,2574.09,2574.09
UPL,,21.02
PTC,12.06,11.8
MAHABANK,11.13,11.13
POONAWALLA,20.12,29.45
CCL,31.44,31.44
LT,32.03,32.17
TCS,31.49,31
GUFICBIO,42.43,42.43
WELENT,19.26,19.26
JBMA,138.41,138.41
JPPOWER,12.45,8.61
SAKSOFT,31.39,31.39
WELCORP,18.49,18.49
SURYALAXMI,45.23,26.53
63MOONS,7.84,7.84
GEOJITFSL,16.41,16.41
MSPL,77.64,63.44
IDFC,599.19,599.19
GOLDIAM,20.79,20.79
FCSSOFT,,79
INDNIPPON,30.69,30.69
BANKINDIA,8.59,8.59
ICICIBANK,19.28,19.28
INDSWFTLAB,2.56,11.02
PNC,39.51,39.51
NLCINDIA,19.41,19.41
HAVELLS,93.42,93.42
AXISCADES,76.83,76.83
TIPSINDLTD,45.94,45.94
KHANDSE,249.73,249.73
TRIDENT,55.61,55.63
GODREJCP,,74.95
LUPIN,41.7,41.7
BHARTIARTL,139.15,88.91
SURANAT&P,44.62,44.62
CANBK,6.7,6.7
RADICO,89.74,89.74
BAGFILMS,22.51,22.51
WELSPUNLIV,21.88,21.88
BIOCON,32.16,32.05
APARINDS,43.11,43.11
NIITLTD,39.7,39.46
COFORGE,46.85,47.36
KOTARISUG,16.49,16.49
PATELENG,19.32,25.56
JINDALPHOT,59.54,59.54
IIFL,11.24,11.24
CYBERMEDIA,11.24,8.56
GRANULES,31.45,31.45
YESBANK,64.95,64.95
RML,485.1,13.39
JUSTDIAL,23.96,23.96
IBULHSGFIN,6.96,6.96
MITCON,35.93,35.93
SREEL,25.91,25.91
CASTROLIND,28.62,28.62
HATSUN,91.97,91.97
SUPERHOUSE,20.32,20.32
PDSL,35.35,36.08
LAMBODHARA,35.89,35.89
GANECOS,88.6,88.6
IMAGICAA,7.62,129.47
VIPULLTD,2.58,2.55
BCG,1.27,1.27
SKIPPER,52.94,52.94
ADANIENSOL,94.48,84.82
SATIN,5.58,5.58
GUJGASLTD,38.87,40.43
BALAXI,,16.85
PILANIINVS,38.05,38.05
LALPATHLAB,66.48,66.48
OCCL,4.35,4.35
TEAMLEASE,44.76,46.1
VIDHIING,60.2,60.2
KELLTONTEC,17.62,17.62
HCG,128.78,138.43
WEALTH,20.08,20.08
THYROCARE,49.54,49.43
PARAGMILK,23.85,23.85
UNITEDPOLY,31.4,31.4
BLS,47.97,47.97
SALONA,27.17,27.17
CONTROLPR,24.64,24.67
RADIOCITY,81.97,81.97
INTENTECH,23.51,23.51
CLEDUCATE,27.84,29.74
DEVIT,29.86,29.86
MKPL,40.14,40.14
INFOBEAN,51.03,51.03
STARCEMENT,29.41,29.41
GTPL,17.75,17.75
AVADHSUGAR,10.1,10.1
OPTIEMUS,61.39,61.39
ABCAPITAL,19.59,19.59
CHOLAHLDNG,7.13,7.13
DPWIRES,28.18,28.18
AIROLAM,25.88,25.88
GATECHDVR,15.75,15.75
IEX,48.36,48.36
SECURCRED,9.72,9.72
5PAISA,28.72,28.72
SILVERTUC,57.34,57.34
ONEPOINT,70.77,70.77
AJOONI,53.8,53.8
BCONCEPTS,60.73,60.73
NEWGEN,53.25,53.25
SINTERCOM,325.52,325.52
HINDCON,41.7,41.7
UNIINFO,76.53,76.53
BDL,103.61,103.61
MITTAL,29.17,90.24
AVG,20.68,34.33
AAKASH,25.44,25.44
ORIENTELEC,76.71,95.37
SVLL,82.17,82.17
AFFLE,63.18,63.18
WESTLIFE,191.96,191.96
MAZDOCK,63.4,63.4
SAFARI,60.08,60.08
IIFLSEC,12.3,12.3
GREENPANEL,28.46,28.46
APOLLOPIPE,60.94,60.94
ROUTE,28.5,29.57
HOMEFIRST,30.7,30.7
EQUITASBNK,13.1,13.1
HINDWAREAP,92.18,92.18
LIKHITHA,27.48,27.48
PATANJALI,77.98,77.98
ASALCBR,24.55,24.55
BAFNAPH,28.4,28.4
STOVEKRAFT,62.06,62.06
RAJRATAN,41.81,41.81
GLAND,39.24,39.24
NDRAUTO,34.41,34.41
AAATECH,41.2,41.2
SIGACHI,35.25,35.25
BODALCHEM,152.35,152.35
FILATEX,22.49,22.49
VASWANI,11.6,11.6
TRITURBINE,74.95,74.95
JISLDVREQS,.9,.9
RUPA,32.36,31.13
APLAPOLLO,59.47,59.47
IRFC,38.27,38.27
COMPUSOFT,38.58,38.58
RHIM,,49.88
NBCC,81.95,62.07
HEXATRADEX,10.48,10.48
SWANENERGY,35.29,35.29
RTNINDIA,26.65,23.87
PROZONER,188.56,188.56
THEJO,62.85,62.85
KITEX,26.33,26.33
ROSSELLIND,170.8,169.4
TVSHLTD,14.95,14.92
VETO,14.65,14.65
INDUSTOWER,17.66,17.66
JPOLYINVST,29.35,29.35
BUTTERFLY,208.32,170.26
CAPLIPOINT,23.99,24
SHARDACROP,139.93,139.93
CIGNITITEC,22.56,22.56
FCL,35.45,35.45
GULPOLY,73.38,73.38
GRPLTD,84.56,77.7
VISHNU,30,30
LINC,26.91,26.91
JMA,9.6,9.6
VRLLOG,56.83,57.1
PRIVISCL,63.41,63.41
UFO,42.25,38.26
PNCINFRA,13.58,13.58
SYNGENE,57.77,56.77
RAMASTEEL,56.2,56.2
ARVSMART,63.49,63.49
SHREEPUSHK,20.63,20.63
IDFCFIRSTB,19.54,19.54
LUXIND,36.21,36.21
SALZERELEC,34.72,34.72
LINCOLN,14.05,14.05
PRECAM,45.77,70.96
HITECH,45.16,45.16
KDDL,30.28,30.35
HECPROJECT,23.89,23.89
INFIBEAM,52.27,52.27
SAGARDEEP,60.71,60.71
SHRIPISTON,19.89,19.89
ALBERTDAVD,10.33,10.33
INCREDIBLE,35.23,35.23
DAMODARIND,21.19,21.19
POKARNA,26.02,26.02
LLOYDSENGG,107.54,107.54
LTIM,35.02,35.02
GATECH,43.49,43.49
MINDTECK,30.58,30.58
DBL,39.33,430.05
MBAPL,81.21,81.21
CUPID,33.27,33.27
CROWN,59.65,59.65
MARATHON,24.29,24.29
MASKINVEST,1564.98,1564.98
SAKAR,59.19,59.19
PANSARI,35.24,35.24
ARTNIRMAN,140.75,140.75
MAZDA,18.05,18.05
KINGFA,25.13,25.13
JETFREIGHT,325.59,
TCIEXP,35.98,35.98
ITDC,105.53,105.43
LIBAS,8.95,8.95
MAHESHWARI,13.94,13.94
BHANDARI,19.81,19.81
MCL,81.7,81.7
PRICOLLTD,43.05,43.05
STEELCITY,12.03,12.03
KRISHANA,44.88,44.88
SANGINITA,61.17,61.17
AKASH,342.68,342.68
DMART,124.55,124.55
AIRAN,30.23,30.23
URJA,389.01,389.01
LAXMICOT,,98.8
EIFFL,155.97,155.97
CREATIVE,23.57,23.57
FOCUS,24.95,24.95
SIKKO,39.48,39.48
PANACHE,,40.43
SCHAND,16.53,16.53
PSPPROJECT,21.86,21.86
GLOBE,20.83,20.83
AUBANK,32.56,31.28
ACEINTEG,56.65,56.65
SALASAR,60.43,60.43
THEINVEST,67.65,67.65
TOTAL,144.77,144.77
SIS,39.38,39.38
VAISHALI,240.94,240.94
GEEKAYWIRE,12.36,12.36
SERVOTECH,167.3,167.3
MATRIMONY,28.64,28.64
WORTH,11.91,11.91
AARVI,17.95,17.95
RKEC,15.9,15.9
JASH,39,39
TIRUPATIFL,39.87,39.87
TCPLPACK,22.72,22.72
DPABHUSHAN,49.62,49.62
NAM-INDIA,37.59,37.59
VERTOZ,93.9,93.9
ICEMAKE,52.02,52.02
DNAMEDIA,.46,
TOUCHWOOD,48.27,48.29
MOKSH,13.16,13.16
SILLYMONKS,137.87,137.87
AMBER,107.01,107.01
SOUTHWEST,46.3,49.15
ARVEE,244.26,244.26
ASTERDM,60.37,
HGINFRA,20.93,21.39
SARVESHWAR,56.5,56.5
MACPOWER,56.93,56.93
URAVI,283.91,283.91
SANDHAR,31.38,32.16
KAPSTON,30.58,30.58
LEMONTREE,64.84,64.84
MMP,29.04,29.04
NARMADA,33.27,33.27
BSHSL,100.68,100.68
GODHA,145.35,145.35
SOFTTECH,139.45,139.45
E2E,112,112
SIRCA,36.73,36.73
LATTEYS,59.57,59.57
SONAMLTD,28.17,28.17
ADANIGREEN,286.19,229.49
PRITI,19.78,19.78
ACCURACY,384.72,384.72
RITES,37.26,37.26
GANGAFORGE,193.14,197.34
REPL,22.85,22.85
AVROIND,29.04,29.04
TEMBO,21.22,21.69
CREDITACC,14.66,14.66
AARON,44.02,44.02
LAGNAM,18.05,18.05
RPPL,30.46,30.46
AKG,45.65,45.65
IRCON,32.77,32.77
AHLADA,11.65,11.65
RAJMET,21.19,21.19
AAVAS,28.69,28.69
KSHITIJPOL,44.99,
KRITIKA,53,53
SILGO,21.69,21.69
VINNY,28.94,28.94
BBTCL,30.15,30.15
MARINE,96.58,97.06
IRISDOREME,43.52,43.52
ATGL,150.86,150.86
TECHNOE,58.59,58.59
UNIPARTS,18.77,18.77
SHRIRAMPPS,5.06,5.06
AWHCL,16.55,16.55
RPSGVENT,12.52,12.52
MSTCLTD,29.69,29.69
OSIAHYPER,14.89,14.89
ANUP,34.71,34.71
ARVINDFASN,69.02,66.15
PAR,20.38,20.38
RVNL,69.67,69.67
POLYCAB,55.33,55.33
METROPOLIS,81.27,81.27
KPITTECH,77.52,77.52
NEOGEN,122.71,122.71
VIKASLIFE,65.43,37.84
EMAMIPAP,10.24,10.24
CONFIPET,25.2,25.2
PPL,13.2,13.2
DGCONTENT,38.07,38.07
INDIAMART,43.23,43.06
OAL,162.14,162.14
SATIA,6.55,6.55
WEL,135.75,135.75
CHEMCON,50.22,50.22
SPANDANA,10.61,10.61
HNDFDS,68.16,68.16
UJJIVANSFB,6.76,6.76
IRCTC,73.89,71.15
DCI,31.77,31.77
360ONE,43.53,43.53
HPIL,136.6,136.6
VISHWARAJ,24.91,24.91
FLUOROCHEM,82.47,82.47
KUANTUM,8.18,8.18
CHEMBOND,20.19,20.19
MGEL,22.04,22.04
SBICARD,28.52,28.52
SIGMA,22.64,22.64
CSBBANK,11.56,11.56
EASEMYTRIP,71.57,43.29
ROSSARI,34.7,34.7
PRINCEPIPE,42,45.61
ESAFSFB,6.4,6.4
ARTEMISMED,51.08,51.08
SUMICHEM,66.09,66.09
LGHL,94.11,99.24
MAHEPC,267.33,207.65
UNIVPHOTO,13.68,13.68
SUVENPHAR,68.97,68.97
POWERINDIA,362.79,362.79
KSOLVES,40.09,40.09
HAPPSTMNDS,50.68,52.79
AARTISURF,27.74,27.74
BOROLTD,63.24,63.24
MAXHEALTH,83.97,83.97
PAVNAIND,49.61,49.61
KALYANKJIL,85.61,85.61
SHAREINDIA,14.42,14.4
UNIDT,48.06,48.06
ANGELONE,18.92,18.92
ADL,1779.24,1779.24
SURYODAY,9.42,9.42
UTIAMC,16.6,16.6
RAILTEL,67.75,70.42
BECTORFOOD,60.12,60.12
ORCHPHARMA,61.38,61.38
INDIGOPNTS,44.79,44.79
LXCHEM,61.57,61.57
MTARTECH,109.69,109.69
ANURAS,50.04,50.04
KANPRPLA,294.11,294.11
STYLAMIND,25.88,25.71
PAKKA,22.98,22.98
CARYSIL,40.77,40.77
MODISONLTD,20.99,26.38
FIBERWEB,17.45,17.45
BHAGCHEM,174.89,174.89
SMCGLOBAL,8.5,8.5
NAZARA,78.6,77.89
IPL,42.57,42.57
LODHA,97.39,91.72
SONACOMS,74.4,73.47
UTKARSHBNK,11.31,11.31
PARAS,200.26,200.26
CRAFTSMAN,40.28,40.28
EXXARO,183.07,183.07
ROLEXRINGS,39.79,36.07
KIMS,50.8,50.8
CLEAN,65.76,65.76
ABSLAMC,24.35,24.35
DEEPINDS,14.8,14.96
WINDLAS,25.68,25.68
CARTRADE,55.54,55.54
APTUS,27.73,27.73
SUPRIYA,27.81,27.81
VIJAYA,67.58,66.74
VINEETLAB,58.36,58.36
SANSERA,40.07,40.07
PRITIKAUTO,27.17,27.17
AAREYDRUGS,26.56,26.56
INTLCONV,8.54,8.54
HPAL,44.43,44.79
UGROCAP,21.46,21.46
YUKEN,87.62,87.62
SGIL,51.04,51.04
ANANDRATHI,74.28,74.28
SJS,30.62,30.62
FINOPB,30,30
POLICYBZR,947.03,947.03
NYKAA,1157.67,1157.67
AWL,253.54,202.69
MONARCH,14.38,14.38
SAPPHIRE,194.18,194.18
PRUDENT,58.07,58.07
EPIGRAL,32.5,32.5
NUVOCO,90.39,90.39
GOCOLORS,67.42,67.42
TRACXN,155.09,155.09
CMSINFO,24.4,24.4
FUSION,9,9
COASTCORP,74.95,74.95
TARSONS,61.59,61.59
MEDPLUS,156.79,156.79
TEGA,61.49,61.49
RATEGAIN,64.65,64.65
MANORG,82.2,82.2
LATENTVIEW,67.39,67.39
METROBRAND,80.26,80.26
MICEL,33.21,37.11
PASUPTAC,27.19,27.19
FOODSIN,24.92,24.9
PARADEEP,69.08,69.08
MAPMYINDIA,97.9,97.9
TMB,7.13,7.13
KRITI,43.78,43.78
MANYAVAR,64.19,64.19
GANESHBE,17.78,17.76
GVPTECH,75.74,75.74
DMCC,67.67,67.67
MEDICAMEQ,67.32,67.32
EMIL,47.08,47.08
SHIVALIK,62.79,62.79
UMAEXPORTS,29,28.18
DATAPATTNS,104.47,104.47
MEDANTA,71.15,71.15
AHL,27.79,27.79
MALLCOM,23.37,23.37
IRIS,50.83,50.83
ASIANENE,51.89,48.41
SMLT,18.83,18.83
NRL,76.26,76.26
RADIANTCMS,19.2,19.2
CHOICEIN,59.63,59.63
HARIOMPIPE,29.82,29.82
GRWRHITECH,29.04,29.04
DCMSRIND,16.05,16.05
RAJRILTD,289.11,289.11
EMUDHRA,96.09,96.09
DYCL,35.29,35.29
FIVESTAR,27.96,27.96
STARTECK,18.24,18.24
VIRINCHI,25.08,25.08
DHRUV,36.88,36.88
ELIN,72.84,72.84
SEJALLTD,113.45,113.45
GATEWAY,20.96,20.96
SYRMA,71.71,71.18
JTLIND,34.45,34.45
RAINBOW,60.37,60.37
VENUSPIPES,49.34,49.34
ROTO,54.92,54.92
INDOBORAX,16.74,16.74
LANDMARK,49.72,48.14
AVONMORE,27.42,27.42
DREAMFOLKS,37.06,37.06
DHARMAJ,26.14,26.14
OBCL,31.32,31.32
GMRP&UI,124.55,
INOXGREEN,172.37,172.37
ACI,28.84,28.84
RITCO,23.54,23.54
SADHNANIQ,409.5,409.5
CHEVIOT,12.13,12.13
MEDICO,39.53,39.53
KFINTECH,51.79,51.79
DCXINDIA,64.25,64.25
KAYNES,147.72,147.72
AXITA,27.57,27.57
PLAZACABLE,105.13,105.13
TRU,53.52,53.52
TIPSFILMS,213.74,213.74
SPLPETRO,46.06,46.06
CSLFINANCE,16.82,16.82
RUSTOMJEE,102.6,102.6
GENSOL,71.67,71.55
GSLSU,45.72,45.72
MANORAMA,99.46,99.46
GRMOVER,19.24,19.24
SULA,45.04,45.04
KRITINUT,12.05,12.05
KALAMANDIR,27,27
AVALON,126.68,126.68
BAIDFIN,15.81,15.81
BLUEJET,62.2,58.8
SCPL,28.92,28.92
SUKHJITS,15.01,15.01
SKYGOLD,60.26,60.26
DIVGIITTS,57.43,57.43
USK,14.21,14.21
MANOMAY,25.77,25.77
AARTIPHARM,26.02,26.02
RHL,65.55,65.55
NINSYS,57.26,57.26
SBFC,37.8,37.8
ASMS,484.86,316.17
ZAGGLE,82.19,82.19
HONASA,182.25,182.25
IRMENERGY,30.02,30.02
CYIENTDLM,101.83,101.83
AKI,154.39,154.39
SECMARK,293.37,293.37
IDEAFORGE,79.47,79.47
POCL,37.42,37.42
REDTAPE,78.87,78.87
ASHOKAMET,10.65,10.65
PTCIL,505.89,505.89
PYRAMID,23.23,23.23
EMSLIMITED,29.18,29.18
GHCLTEXTIL,36.33,36.33
UDS,31.04,31.04
KIRLPNU,62.36,59.64
RRKABEL,91.16,91.29
JLHL,49.03,49.05
NUVAMA,33.64,33.64
NIITMTS,29.81,29.28
SINDHUTRAD,45.13,45.11
SANDUMA,45.29,45.29
MUFIN,150.56,144.73
JIOFIN,245.98,245.98
DIAMINESQ,72.47,72.47
AMNPLST,72.99,72.99
GEECEE,21.92,21.92
DCBBANK,8,8
LTFOODS,16.42,16.42
SOBHA,390.32,390.38
JINDRILL,16.04,16.04
PLASTIBLEN,22.53,22.53
HBLPOWER,60.12,55.93
LUMAXTECH,23.59,23.59
WANBURY,9.39,17.28
PITTIENG,41.66,41.66
UNOMINDA,90.41,92.68
CTE,44.29,44.29
TIIL,25.31,24.69
REDINGTON,13.6,13.6
PFC,8.72,8.72
INDIANB,8.93,8.93
PAGEIND,77.23,77.23
ASTRAL,118.45,118.45
NCLIND,12.35,12.35
PHOENIXLTD,50.59,50.59
SRHHYPOLTD,12.47,11.31
KMSUGAR,13.92,13.92
NELCAST,24.12,33.15
ALPA,11.42,11.46
KPRMILL,37.66,37.66
INDOWIND,44.43,38.82
POWERGRID,20.24,20.24
DELTACORP,14.78,17.59
MAWANASUG,12.73,12.73
ADANIPOWER,13.13,13.13
AMRUTANJAN,50.69,50.69
SHILPAMED,175.76,195.16
DLINKINDIA,20.48,20.48
BEARDSELL,18.42,18.42
JUBLFOOD,97.83,166.92
MANINFRA,25.48,25.48
HMVL,80.76,80.76
IITL,6.58,9.23
WELINV,104.4,104.4
CAREERP,12.4,12.4
WABAG,32.67,31.75
JWL,90.18,90.18
RESPONIND,50.81,50.81
PENIND,23.1,23.1
KIRLOSENG,46.06,45.01
KICL,42.15,56.16
TEXRAIL,113.53,113.53
PFS,19.81,19.81
RELAXO,103.02,103.02
DHANUKA,34.13,34.13
LTF,20.41,20.41
PFIZER,38.39,38.86
HINDOILEXP,12.63,14.64
MOTOGENFIN,138.8,138.8
ASIANPAINT,51.91,51.91
PGHL,40.14,40.14
BEML,74.78,74.78
TATACHEM,73.67,22.37
ATFL,188.56,269.21
EPL,35.26,33.34
VIPIND,125.96,199.51
BIRLACABLE,33.93,33.93
AEGISLOG,48.14,48.14
HONAUT,101.53,101.53
PRECOT,37.9,60.28
SUNPHARMA,39,37.38
SHREYANIND,4.37,4.37
HCC,16.3,
APOLLOHOSP,99.23,99.36
IVP,16.42,16.42
EICHERMOT,36.53,36.53
ZENSARTECH,25.12,25.12
ANIKINDS,474.68,474.68
HSCL,48.46,48.46
ARENTERP,20.42,20.42
ADVANIHOTR,26.4,26.4
JUBLPHARMA,111.56,76.65
MURUDCERA,59.93,59.93
LIBERTSHOE,65.18,49.6
MODTHREAD,9.7,9.7
MANGLMCEM,42.25,42.25
PCBL,20.12,20.12
EIHAHOTELS,35.26,35.26
STYRENIX,24.01,24.01
GRAPHITE,13.86,607.88
DHAMPURSUG,10.87,10.87
JAYSREETEA,26.52,
ESABINDIA,57.61,57.61
AARTIIND,62.83,62.83
KSB,84.84,84.84
INGERRAND,64.77,64.77
GSFC,17.47,17.47
EIDPARRY,8.19,8.19
BIRLACORPN,29.17,29.61
ASHAPURMIN,16.85,26.04
TNPL,9.41,9.41
KHAITANLTD,27.94,27.94
ANDHRSUGAR,28.75,27.52
AUSOMENT,15.21,15.21
SILINV,22.95,22.95
SUNDRMBRAK,30.39,30.39
HITECHGEAR,16.54,46.05
MMFL,22.76,22.93
HERITGFOOD,45.63,45.63
PNBHOUSING,13.65,13.65
VBL,94.83,94.83
PODDARMENT,16.12,16.12
NBIFIN,74.44,74.44
SFL,51.97,64.21
LAURUSLABS,152.94,152.94
TERASOFT,28.12,24.69
HISARMETAL,16.57,16.57
SPCENET,170.78,170.78
CAPTRUST,89.48,89.48
BSE,46.53,95.47
JITFINFRA,23.56,28.51
TASTYBITE,64.12,64.12
ARIHANTSUP,21.63,21.63
SHANKARA,21.08,21.08
DOLLAR,33.47,33.26
BHAGYANGR,8.37,8.37
TEJASNET,390.51,390.51
CDSL,57.71,57.71
DYNPRO,122.67,122.67
MAGADSUGAR,9.19,9.19
COCHINSHIP,95.29,95.29
APEX,49.9,49.9
CAPACITE,21.43,21.43
DIAMONDYD,40.8,40.21
MASFIN,21.14,21.14
IFGLEXPOR,28.9,28.9
KHADIM,104.91,104.91
APOLLO,104.73,104.73
GALAXYSURF,35.7,35.7
GMMPFAUDLR,34.45,34.45
SUNDARMHLD,31.17,31.17
BANDHANBNK,21.82,21.82
MIDHANI,101.8,101.8
INDOSTAR,26.66,26.66
FINEORG,39.52,39.48
VARROC,20.2,20.2
HBSL,2.39,2.39
HDFCAMC,46.56,46.56
SIGIND,16.52,16.52
GRSE,86.91,86.91
DALBHARAT,40.81,40.81
CHALET,66.62,66.62
JMFINANCIL,341.18,9.37
ICRA,37.67,37.67
BFUTILITIE,13.5,13.5
HILTON,27.72,27.72
TIMETECHNO,23.52,23.52
TARMAT,,110.25
MEGASOFT,71.73,71.73
CENTRALBK,20.95,20.95
PURVA,254.62,254.62
KSCL,16.71,16.71
MAANALU,23.15,23.15
CERA,49.34,49.09
MHRIL,77.98,77.98
OIL,12.21,12.26
ZYDUSWELL,50.5,47.95
DBCORP,15.27,15.27
WHIRLPOOL,114.39,107.77
EMMBI,19.79,19.79
HATHWAY,64.16,64.14
PERSISTENT,67.22,67.22
KSL,23.17,23.17
UMESLTD,135.67,135.67
BLISSGVS,14.6,6.88
PRAKASHSTL,2.85,7.15
RAMKY,13.33,13.33
PRESTIGE,44.99,44.99
GRAVITA,40.48,40.48
JAMNAAUTO,24.84,24.84
VADILALIND,21.68,21.68
RUSHIL,21.17,21.17
DRREDDY,19.55,19.55
CHAMBLFERT,17.35,17.35
BALMLAWRIE,24.77,24.77
NEULANDLAB,33.25,33.25
BERGEPAINT,52.88,53.07
IGARASHI,167.8,167.8
MUNJALSHOW,20.7,19.47
RANASUG,13.71,13.71
WSI,18.11,17.9
SUBROS,47.02,47.02
WIPRO,25.13,25.13
TATACOMM,56.67,62.43
SANOFI,27.59,26.7
KAJARIACER,54.29,54.26
POLYPLEX,39.25,39.25
SAIL,24.46,19.36
BBL,46.78,46.78
GOLDENTOBC,11.34,12.86
GABRIEL,39.99,39.99
PRAKASH,10.51,10.51
HEG,38,38
GLFL,290.95,290.95
SHREECEM,41.45,41.45
HINDZINC,37.75,37.75
FINPIPE,46.05,46.05
CGPOWER,135.44,138.75
BEL,60.07,60.07
REMSONSIND,54.35,53.3
STARPAPER,6.45,6.31
SOMATEX,5.37,
STERTOOLS,26.28,26.41
TVSSRICHAK,32.09,30.6
DYNAMATECH,40.44,77.44
SKIL,.15,7.61
RAMCOIND,30.82,30.82
SUZLON,114.49,105.9
TRIVENI,21.9,21.9
NAHARINDUS,64.89,53.69
EKC,16.76,16.43
CELEBRITY,59.82,61.18
ROHLTD,20.89,20.89
GSPL,8.07,8.23
JAGRAN,12.18,12.18
SAKUMA,24.97,24.97
JKCEMENT,40.97,40.86
INDOTECH,40.34,40.34
M&MFIN,19.68,19.68
CENTURYPLY,50.72,50.72
KEI,72.89,72.87
VAKRANGEE,549.67,597.97
GALLANTT,37.14,37.14
MALUPAPER,75.16,75.16
UTTAMSUGAR,10.07,10.07
KKCL,27.76,27.76
GPIL,16.33,16.57
RSYSTEMS,46.91,46.91
LOKESHMACH,57.38,57.38
SWELECTES,31.7,66.94
RATNAMANI,40.4,40.4
PIONEEREMB,40.09,40.09
JKLAKSHMI,20.99,21.26
ALLCARGO,42.99,56.54
MUNJALAU,23.9,16.58
GRINDWELL,82.28,82.22
VOLTAMP,62.2,62.2
SELAN,34.83,34.83
ACE,54.15,54.15
HOVS,32.65,32.65
ALICON,16.75,16.75
FIEMIND,21.29,21.29
GESHIP,6.92,6.92
TORNTPOWER,38.26,38.26
RUCHIRA,8.71,8.71
HIRECT,97.41,69.6
NFL,102.23,102.23
TANLA,23.34,23.34
AVTNPL,24.63,24.63
TIDEWATER,31.07,31.07
PTL,26.48,26.48
AUTOIND,33.75,33.85
ORIENTBELL,7329.47,7329.47
PGIL,19.35,19.29
FSL,31.92,31.92
SMSPHARMA,44.74,44.74
LAOPALA,29.67,29.67
JKTYRE,14.68,14.33
BALAMINES,33.17,33.17
AROGRANITE,42.88,42.88
FORTIS,54.82,55.9
NAGREEKEXP,19.5,19.5
V2RETAIL,96.04,96.04
ADSL,26.82,26.82
MOTILALOFS,13.45,13.45
MAGNUM,14.52,20.06
BAJAJELEC,93.42,93.42
RELIGARE,23.1,48.54
ADANIPORTS,39.21,37.72
COLPAL,59.8,59.17
JYOTHYLAB,46.88,46.88
KALYANIFRG,49.25,49.25
ECLERX,23.97,23.9
TRIL,251.54,251.54
MANAKSIA,8.14,6.17
PATINTLOG,26.76,26.76
ARIES,19.42,19.42
AMBIKCO,15.26,15.26
CEATLTD,17.73,16.49
JKIL,20.8,20.8
NIRAJ,21.8,14.72
CAMS,52.77,52.77
ROML,45.25,45.25
HERANBA,44.42,44.42
FAIRCHEMOR,46.26,46.26
ISGEC,39.15,39.15
CLSEL,9.34,9.34
SHAILY,71.1,71.1
BCLIND,14.94,14.88
SBCL,42.57,42.57
ARIHANTCAP,10.92,10.92
GENCON,22.52,22.52
HLEGLAS,78.77,73.52
DRCSYSTEMS,31.48,31.48
DODLA,40.42,40.42
JUBLINGREA,46.72,46.72
SHYAMMETL,18.92,18.92
TATVA,90.21,90.21
GLS,23.64,23.64
ZOMATO,522,522
PIXTRANS,23.36,23.36
KRSNAA,38.49,38.49
DEVYANI,,526.2
ANMOL,9.59,9.59
AMIORG,135.34,61.11
BAJAJHCARE,,32.66
GRINFRA,13.07,16.29
STEELCAS,18.86,18.86
KPIGREEN,66.49,66.39
SBC,67.72,67.72
ELDEHSG,29.56,29.56
MHLXMIRU,20.84,20.84
RELCHEMQ,57.99,57.99
ZIMLAB,31.45,31.45
CAMPUS,100.36,100.36
AETHER,147.4,78.33
MEGASTAR,46.07,46.07
RACE,393.8,393.8
ETHOSLTD,120.27,120.27
MSUMI,50.83,50.83
HARSHA,46.67,46.67
INDOAMIN,22.74,22.74
BIKAJI,67.16,67.16
HARDWYN,106.41,106.41
HMAAGRO,26.72,26.72
YATHARTH,32.98,32.98
AKSHAR,22.31,22.31
NGLFINE,36.86,36.86
SENCO,46.46,46.46
RADHIKAJWE,14.69,14.69
RAMRAT,35.64,35.64
GOYALALUM,59.09,59.09
DBOL,20.24,20.24
SPORTKING,15.68,15.68
SYNCOMF,47.68,47.65
SIGNATURE,519.69,519.69
CONCORDBIO,57.8,57.8
KAMOPAINTS,91.71,91.71
MVGJL,17.88,17.88
MANKIND,44.46,44.46
SATINDLTD,3.77,3.77
IKIO,39.26,39.26
FAZE3Q,23.6,23.6
LLOYDSME,31.03,31.03
SAHYADRI,17.86,17.86
SBGLP,80.26,80.26
HYBRIDFIN,18.3,17.77
RISHABH,42.92,42.92
SAH,260,260
RATNAVEER,26.97,26.97
ATAM,38.23,38.23
LAL,47.78,47.78
DOLPHIN,500.61,558.67
NETWEB,196.17,196.17
AEROFLEX,49.32,49.32
VPRPL,20.91,20.91
ATL,40.16,40.16
JSWINFRA,89.32,89.32
YASHO,51.22,51.22
SRGHFL,31.05,31.05
TREL,5,47.11
CELLO,75.14,75.14
KNRCON,13.61,13.61
ONMOBILE,50.66,50.66
NMDC,13.27,12.79
NAHARCAP,13.94,13.94
VGUARD,80.44,80.44
DPSCLTD,103.34,103.34
BAJAJFINSV,16.18,16.18
BAJAJ-AUTO,36.15,36.15
RPGLIFE,30.71,30.71
RBL,19.33,18.9
RANEENGINE,26.77,20.01
LOTUSEYE,41.7,42.1
UBL,133.38,133.38
20MICRONS,14.16,13.87
TATAMTRDVR,1.11,1.08
COUNCODOS,33.76,33.76
AJMERA,24.74,24.74
GKWLIMITED,133.15,133.15
NHPC,25.92,25.92
GLOBUSSPR,24.52,24.52
RTNPOWER,1.02,
DEN,12.24,12.24
SARDAEN,17.04,16.97
REFEX,26.29,26.26
AHLUCONT,26.2,42.08
GODREJPROP,126.86,126.86
HINDCOPPER,108.17,108.17
VASCONEQ,31.15,31.15
DBREALTY,8.92,9.49
TEXMOPIPES,48.43,15.94
LGBBROSLTD,17.06,17.39
ISFT,22.57,22.57
KIRLOSBROS,60.87,61.71
MANAPPURAM,8.09,8.09
IMFA,10.67,10.67
BAJAJCON,24.23,24.23
GPPL,32.59,29.78
ADFFOODS,34.68,34.68
KILITCH,41.02,41.02
SASTASUNDR,12.89,12.89
CANTABIL,34.53,35.21
BEDMUTHA,37.42,37.42
CGCL,46.93,46.93
COALINDIA,9.45,9.45
JINDWORLD,91.88,91.88
MOIL,37.62,37.62
PSB,67.27,67.27
SUMMITSEC,27.84,27.84
JUBLINDS,82.35,38.4
HINDMOTORS,27.04,27.04
DHUNINV,12.53,12.53
LOVABLE,34.62,34.62
SYMPHONY,53.67,53.24
PIIND,34.4,34.4
KARMAENG,657.42,657.42
MAITHANALL,10.54,10.54
INVENTURE,24.56,20.35
PENINLAND,17.2,24.27
THERMAX,104.19,115.16
PREMIERPOL,21.57,21.57
RAYMOND,33.09,31.51
SESHAPAPER,8.75,8.75
SUNDRMFAST,56.27,56.27
EXIDEIND,54.72,54.72
ELECON,44.24,44.24
CRISIL,48,48
ORIENTPPR,199.05,199.05
NELCO,89.04,89.04
MASTEK,28.16,27.95
LUMAXIND,51.73,51.73
KECL,100.25,100.25
CUMMINSIND,77.67,77.6
JAYBARMARU,38.05,38.05
INFY,26.06,26.06
INDIAGLYCO,18.4,18.4
IGPL,48.92,48.92
GNFC,21.64,21.64
BPCL,5.16,5.03
BASF,41.34,41.34
ATUL,63.26,63.26
ACC,21.57,24.3
SCI,20.49,20.49
MRPL,10.66,10.64
HINDPETRO,4.98,4.98
BAJAJHLDNG,76.33,76.33
VOLTAS,124.3,124.3
TITAN,83.06,83.06
TATASTEEL,,66.03
SPIC,20.16,13.71
SBIN,11.26,10.45
NOCIL,38.39,38.39
BOSCHLTD,41.54,56.2
DEEPAKFERT,20.92,20.92
MAHSEAMLES,9.07,9.04
DICIND,,109.54
CENTURYTEX,114.52,43.26
CENTENKA,29.11,29.11
VTL,26.09,26.09
FEDERALBNK,11.61,11.61
SUPREMEIND,79.68,79.68
BALRAMCHIN,16.93,16.93
WEIZMANIND,20.42,20.42
RANEHOLDIN,27.34,12.79
ASHIMASYN,9.33,9.33
BALKRISIND,41.74,41.74
RAJSREESUG,18.1,18.1
ONGC,6.74,6.58
TAINWALCHM,36.56,36.56
JINDALPOLY,49.73,49.55
BSL,18.31,18.31
BLUEDART,64.85,64.85
APCOTEXIND,43.1,43.1
RCF,49.4,58.79
KARURVYSYA,10.17,10.17
DECCANCE,25.35,19.13
TATAPOWER,45.31,48.97
SUNFLAG,33.18,33.18
BHARATRAS,58.07,58.07
UNIVCABLES,72.52,72.52
SOMANYCERA,33.27,33.18
M&M,32.13,32.13
KABRAEXTRU,44.89,44.89
PRSMJOHNSN,56.92,
3PLAND,37.44,37.44
HONDAPOWER,45.75,47.7
JINDALSAW,11.09,11.09
IDBI,15.82,15.82
BRITANNIA,62.51,62.45
ELECTCAST,15.19,15.19
DABUR,59.32,59.32
CIPLA,29.34,28.31
HDFCBANK,19.27,19.16
GMBREW,13.63,13.63
GIPCL,19.28,19.28
INDIANHUME,28.12,28.12
IOC,5.81,5.81
KAMATHOTEL,13.36,44.9
BANCOINDIA,17.77,17.77
APOLLOTYRE,19.34,18.65
SHANTIGEAR,58.41,58.41
ONWARDTEC,27.82,27.82
NILKAMAL,25.86,25.86
ICIL,24.01,24.01
ELGIEQUIP,76.24,76.24
AUROPHARMA,23.97,23.2
EIHOTEL,41.7,41.25
LICHSGFIN,9.2,9.2
BEPL,30.58,30.58
MOREPENLAB,31.17,31.17
VENKEYS,35.22,35.22
GHCL,6.88,9.02
HIL,61.68,1154
BPL,46.98,46.98
PGHH,72.37,72.37
VESUVIUS,44.65,44.65
BOMDYEING,1.47,
NAVNETEDUL,18.02,19.64
GLAXO,72.9,65.09
CHOLAFIN,35.27,35.27
INDHOTEL,72.8,72.8
KOTAKBANK,20.49,20.49
GILLETTE,60.58,60.58
KANSAINER,18.35,32.35
FOSECOIND,37.31,42.88
SCHAEFFLER,79.79,79.49
AMJLAND,18.47,18.47
KOPRAN,23.87,23.87
GODFRYPHLP,31.15,31.15
SURYAROSNI,22.04,22.04
TIMKEN,83.16,83.16
SAKHTISUG,3.74,
IPCALAB,57.18,62.34
HINDALCO,15.47,15.5
GRASIM,18.39,17.67
FINCABLES,41.36,48.51
DCW,105.38,99.36
CESC,15.39,18.75
BAJFINANCE,30.59,30.59
CORALFINAC,10.08,10.08
GREENPLY,54.92,63.43
AUTOAXLES,19.36,19.36
DALMIASUG,11.97,11.97
NATCOPHARM,15.79,15.79
MRF,26.28,26.28
TNPETRO,17.43,13.96
TTKPRESTIG,54.8,54.8
EIMCOELECO,39.89,39.89
MARICO,53.04,53.04
KEYFINSERV,6.25,6.25
VISAKAIND,1169.05,1169.05
AARTIDRUGS,29.71,29.71
INDIANCARD,20.3,
DENORA,52.44,52.44
PUNJABCHEM,31.81,31.81
GUJAPOLLO,25.58,25.58
JAGSNPHARM,39.2,39.2
MPHASIS,31.97,31.97
RUCHINFRA,23.04,51.55
INDRAMEDCO,18.73,18.73
MADRASFERT,320.15,31.85
SKMEGGPROD,8.09,8.09
KCPSUGIND,7.65,8.59
SAREGAMA,53.47,53.47
ENGINERSIN,41.9,41.9
JAICORPLTD,131.09,131.09
GMDCLTD,20.79,20.79
MAHAPEXLTD,.57,37.37
ASAHIINDIA,52.95,52.95
J&KBANK,6.98,6.98
KOTHARIPRO,27.87,27.87
SOUTHBANK,6.62,6.62
ASTRAZEN,106.74,115.05
ITDCEM,32.07,32.07
CYIENT,28.29,26.45
KOKUYOCMLN,35.6,35.6
GOACARBON,8.74,8.74
SANGHVIMOV,25.79,25.79
RSSOFTWARE,41.35,41.35
NATIONALUM,17.74,21
JINDALSTEL,18.03,18.03
NIPPOBATRY,29.73,29.73
HCLTECH,26.25,26.25
ACCELYA,29.18,29.25
IOB,44.66,44.66
BIL,48.57,48.57
KTKBANK,6.45,6.45
BLBLIMITED,39.52,39.52
BLUESTARCO,84.73,84.73
TVSMOTOR,63.37,63.37
TAJGVK,27.81,27.81
REPRO,74.64,74.64
GAEL,18.65,18.65
USHAMART,30.44,30.44
MRO-TEK,47.13,47.13
HIKAL,64.95,64.95
SMARTLINK,45.82,45.82
JISLJALEQS,53.56,53.56
MPSLTD,30.04,30.04
ASAL,81.57,81.57
PNB,16.23,16.23
TIMESGTY,65.93,65.93
UNIONBANK,7.56,7.56
GENESYS,114.59,114.59
DIVISLAB,76.81,76.81
MARUTI,28.84,28.84
UCOBANK,39.43,39.43
JSL,25.31,26.07
JAIBALAJI,18.05,18.05
DREDGECORP,110.35,108.04
UNIENTER,31.14,31.14
MUKANDLTD,23.62,23.62
VAIBHAVGBL,44.16,42.26
RKFORGE,52.11,52.08
DATAMATICS,20.25,20.25
EXCELINDUS,86.94,86.94
CENTEXT,27.72,28.15
ULTRACEMCO,48.34,47.97
TEXINFRA,466.86,466.86
INDSWFTLTD,8.03,8.03
NTPC,18.7,18.7
DWARKESH,16.75,16.75
SUPRAJIT,43.45,43.45
XCHANGING,101.01,101.01
CONSOFINVT,13.58,13.58
EVEREADY,62.98,62.98
ALLSEC,27,27
SSWL,5.64,16.24
PRIMESECU,43.53,43.53
JSWHL,67.79,67.79
GENUSPOWER,104.07,104.07
SPLIL,15.35,15.34
IMPAL,19.22,19.22
TCI,27.11,26.91
PONNIERODE,9.59,9.59
OFSS,40.73,40.73
GODREJIND,46.37,46.37
VARDHACRLC,28.13,28.13
IGL,22.26,22.26
TVTODAY,24.97,23.58
PETRONET,14.06,14.27
XPROINDIA,49.34,47.38
GULFPETRO,13,13
ASTRAMICRO,83.04,83.04
INDOCO,32.97,35.14
JSWSTEEL,25.51,26.91
GOKEX,51.08,51.08
SHOPERSTOP,112.2,103.52
JKPAPER,8.61,8.61
VHL,355.5,41.85
NECLIFE,141.44,141.44
SASKEN,35.14,35.14
PILITA,60.99,60.99
AGRITECH,12.18,12.18
WONDERLA,33.28,33.28
GULFOILLUB,20.61,20.61
MONTECARLO,23.65,23.65
APOLSINHOT,34.45,34.45
MOLDTKPAC,39.58,39.58
MENONBE,10.48,10.48
BYKE,69.87,69.87
NILAINFRA,43.77,43.77
ORICONENT,30.9,25.98
PKTEA,25.48,25.48
SHARDAMOTR,26.04,26.04
COFFEEDAY,,6.74
TTKHLTCARE,32.58,32.58
NRAIL,6.86,6.86
WIPL,41.22,41.22
ERIS,34.68,34.68
STEELXIND,145.95,145.95
GANGESSECU,52.22,52.22
SMSLIFE,41.26,41.26
DIXON,205.19,205.19
GODREJAGRO,49.37,49.37
TIINDIA,69.08,69.09
SHALBY,40.16,40.16
HAL,48.89,48.89
ISEC,14.89,14.89
CHEMFAB,32.93,32.93
ASAHISONG,34.64,
BROOKS,149.33,149.33
TDPOWERSYS,53.92,53.92
APLLTD,31.52,31.52
PGEL,70.25,70.25
PANAMAPET,12.51,12.51
PAISALO,36.83,36.9
SHAKTIPUMP,63.83,63.83
INDOTHAI,18.58,18.58
DSSL,28.56,28.56
POLYMED,77.68,77.85
VIKASECO,102.82,102.82
KANANIIND,99.4,99.4
MINDACORP,52.26,52.26
DBSTOCKBRO,18.18,18.18
SCHNEIDER,128.12,125.68
NDL,14.93,14.93
TBZ,15.9,15.9
VSSL,27.56,27.56
SPECIALITY,28.48,28.48
MAYURUNIQ,23.49,23.49
ZUARI,6.29,6.29
CARERATING,32.52,32.52
REPCOHOME,9.01,9.01
ATULAUTO,306.76,306.76
ORIENTCEM,34.78,34.78
ORBTEXP,15.56,15.56
NATHBIOGEN,11.64,12.5
SDBL,26.54,26.54
AGARIND,16.83,16.83
GOCLCORP,46.79,48.91
SNOWMAN,102.58,102.58
INTELLECT,46.85,46.62
GOODLUCK,23.52,23.52
GENUSPAPER,160.61,160.61
GREENLAM,55.53,55.53
HESTERBIO,136.45,136.45
MANAKALUCO,36,36
MANAKSTEEL,13.72,13.81
ZENTEC,91.46,92.81
LFIC,6.29,6.29
AVANTIFEED,21.13,21.13
TPLPLASTEH,38.55,38.55
ARROWGREEN,30.96,30.96
ALANKIT,31.1,31.1
SHYAMCENT,514.23,514.23
AYMSYNTEX,297.39,69.22
MUTHOOTCAP,4.22,100.26
POWERMECH,30.9,30.9
NAVKARCORP,309.73,309.73
INDIGO,20.42,20.42
SHK,21.69,21.69
UMANGDAIRY,188.69,188.69
KRIDHANINF,,64.21
ALKEM,33.42,31.75
NH,32.34,32.34
QUICKHEAL,117.82,117.82
BHAGERIA,41.63,41.63
NECCLTD,35.15,35.15
GOKULAGRO,19.25,19.25
PDMJEPAPER,12.27,12.27
BHARATWIRE,18.88,18.88
CROMPTON,59.65,59.65
ARMANFIN,12.62,12.62
ASPINWALL,20.35,20.35
PREMEXPLN,143.43,143.43
MAHASTEEL,35.71,43.9
MGL,13.15,13.15
MOLDTECH,27.2,27.2
COMPINFO,.93,.93
GPTINFRA,32.31,32.31
QUESS,33.42,30.62
SOMICONVEY,44.78,44.78
ADVENZYMES,32.6,30.35
SPAL,23.49,23.49
NDGL,14.92,14.92
RBLBANK,12.64,12.64
BIGBLOC,58.53,58.53
LTTS,41.53,41.53
GNA,18.68,18.68
HPL,66.56,66.56
ENDURANCE,56.38,56.38
