1,AARTIPHARM,INE0LRU01027,455.1,20
2,HEALTHIETF,INF109KC1Q72,123.11,20
3,JLHL,INE682M01012,1196.9,20
4,DPSCLTD,INE360C01024,18.5,24.49
5,PONNIERODE,INE838E01017,426,20
6,DEEPAKNTR,INE288B01029,2214.45,20
7,THANGAMAYL,INE085J01014,1319.85,20
8,NAVNETEDUL,INE060A01024,143.4,20
9,TVSSCS,INE395N01027,170.65,20
10,RELINFRA,INE036A01016,295,24.36
11,NFL,INE870D01012,103.65,21.37
12,PROZONER,INE195N01013,33.15,23.98
13,JAYAGROGN,INE785A01026,235.9,20
14,MARUTI,INE585B01010,12567.25,9
15,SWANENERGY,INE665A01038,657.15,23.94
16,ALBERTDAVD,INE155C01010,1167.9,20
17,ASAHISONG,INE228I01012,345.65,20
18,KMSUGAR,INE157H01023,31.7,20
19,ASHIMASYN,INE440A01010,20.1,23.96
20,SIGIND,INE529F01035,71.75,23.22
21,ESG,INF769K01GS9,37.72,20
22,YUKEN,INE384C01016,809.35,20
23,RAJESHEXPO,INE343B01030,308.05,20
24,IGPL,INE204A01010,501.05,20
25,BLUESTARCO,INE472A01039,1348.3,20
26,SGBJAN29IX,IN0020200377,6776.02,10
27,ITI,INE248A01017,270.75,25.62
28,RUSTOMJEE,INE263M01029,652.9,20
29,BECTORFOOD,INE495P01012,1151.05,20
30,SGBMAR25,IN0020160126,6950,10
31,MOVALUE,INF247L01BE5,94.12,20
32,INDIAGLYCO,INE560A01015,856.6,20
33,MIDQ50ADD,INF740KA1QL0,212.52,20
34,TRIGYN,INE948A01012,110,20.71
35,VSTTILLERS,INE764D01017,3293.9,20
36,SGBSEP27,IN0020190115,7050,10
37,SGBNOV25VI,IN0020170083,6850,10
38,RECLTD,INE020B01018,473.9,20
39,AXISCETF,INF846K016C7,103.54,20
40,IDFNIFTYET,INF194KA1U07,241.42,8.83
41,SGBAUG27,IN0020190107,6919,10
42,VERANDA,INE0IQ001011,205.65,22.73
43,JUBLINDS,INE645L01011,1288.65,23.06
44,PASUPTAC,INE818B01023,39.75,22.1
45,CENTRUM,INE660C01027,38.45,24.92
46,UCAL,INE139B01016,158.05,20
47,SGBMAY26,IN0020180033,6859.84,10
48,BLUEJET,INE0KBH01020,398.2,20
49,FLUOROCHEM,INE09N301011,3216.65,20
50,DHUNINV,INE320L01011,1233.05,22.69
51,STARPAPER,INE733A01018,249.65,20
52,GOLDCASE,INF0R8F01042,11.22,20
53,CHEMPLASTS,INE488A01050,471.15,20
54,PAGEIND,INE761H01022,34487.75,20
55,GOKULAGRO,INE314T01025,116.4,20
56,RUSHIL,INE573K01017,320.5,20
57,EICHERMOT,INE066A01021,4014.3,10.3
58,VISHNU,INE270I01022,331.15,20
59,GUJALKALI,INE186A01019,750.8,20
60,NMDC,INE584A01023,216.8,20
61,KIRLOSENG,INE146L01010,904.7,20
62,DHANI,INE274G01010,40.95,23.05
63,PNC,INE392B01011,60.6,25.21
64,MOIL,INE490G01020,314.45,20
65,NIFMID150,INF789F1AYX9,184.86,10.57
66,ANANTRAJ,INE242C01024,325.05,20
67,CREATIVE,INE985W01018,840,20
68,TIINDIA,INE974X01010,3597.3,20
69,SENSEXIETF,INF346A01034,830.71,8.38
70,CHAMBLFERT,INE085A01013,369.3,20
71,PLASTIBLEN,INE083C01022,264.75,20
72,KIRLPNU,INE811A01020,684.5,20
73,INFRAIETF,INF109KC16E5,85.9,20
74,SGBNOV25,IN0020170091,6891,10
75,RUCHIRA,INE803H01014,123.85,20
76,TRU,INE615R01029,72.25,24.03
77,JSWHL,INE824G01012,7233.1,20
78,HSCL,INE019C01026,334.45,100
79,RCF,INE027A01015,144.2,20
80,COMMOIETF,INF109KC19O8,86.34,20
81,NATHBIOGEN,INE448G01010,192.1,20
82,SANDHAR,INE278H01035,515.65,20
83,NCC,INE868B01028,255.1,20.2
84,KECL,INE134B01017,120.75,24.43
85,LORDSCHLO,INE846D01012,126.65,100
86,STOVEKRAFT,INE00IN01015,462.3,20
87,MEDICAMEQ,INE646B01010,431.55,20
88,AXISHCETF,INF846K01Z12,123.09,20
89,VENUSPIPES,INE0JA001018,1969.3,20
90,TITAN,INE280A01028,3782.75,9
91,IFGLEXPOR,INE133Y01011,603.05,21.93
92,BASF,INE373A01013,3574.1,20
93,TV18BRDCST,INE886H01027,48.65,100
94,SIL,INE173A01025,22.65,20
95,DJML,INE0B1K01014,203.75,20
96,NIFTYIETF,INF109K012R6,248.14,6
97,NAHARCAP,INE049I01012,301.9,20
98,HDFCBANK,INE040A01034,1527.6,9
99,HINDALCO,INE038A01020,577.75,13.08
100,LIQUIDBEES,INF732E01037,1000,10
101,JPOLYINVST,INE147P01019,688.7,22.55
102,ATAM,INE09KD01013,188.05,20
103,POWERINDIA,INE07Y701011,6876.85,20
104,TATACONSUM,INE192A01025,1117.95,9
105,SUBEXLTD,INE754A01055,33.35,23.64
106,VHL,INE701A01023,3086.3,20
107,MEDICO,INE630Y01024,48.1,100
108,MOMOMENTUM,INF247L01BK2,63.6,20
109,SGBMAR30X,IN0020210319,6799,10
110,YATRA,INE0JR601024,152,20
111,TATVA,INE0GK401011,1245.2,20
112,TANLA,INE483C01032,927.95,20.39
113,NPBET,INF277K010X4,245,20
114,TORNTPHARM,INE685A01028,2537.55,20
115,ARMANFIN,INE109C01017,2083.05,20
116,INOXGREEN,INE510W01014,139.8,100
117,YESBANK,INE528G01035,24.9,20.31
118,ASAL,INE900C01027,618.5,23.72
119,MAHEPC,INE215D01010,129.6,20
120,COLPAL,INE259A01022,2707,20
121,NRBBEARING,INE349A01021,294.65,20
122,ROSSARI,INE02A801020,724.75,20
123,SGBJUN30,IN0020220045,6799,10
124,SHRIRAMPPS,INE217L01019,127.9,20.15
125,SGBOCT25IV,IN0020170067,6855,10
126,IVP,INE043C01018,187.55,100
127,SHAKTIPUMP,INE908D01010,1477.35,100
128,GANESHHOUC,INE460C01014,796.45,22.76
129,FMCGIETF,INF109KC1R48,557.78,20
130,DMART,INE192R01011,4645.05,20
131,CORDSCABLE,INE792I01017,181.65,100
132,KAYA,INE587G01015,343.4,20
133,SANOFI,INE058A01010,8757.8,20
134,KAMOPAINTS,INE0BTI01029,191,21.78
135,SULA,INE142Q01026,553.15,20
136,BANKETF,INF769K01KR3,481.41,20
137,ABSLLIQUID,INF209KB18T9,1000,10
138,TPLPLASTEH,INE413G01022,70.35,24.97
139,INDUSTOWER,INE121J01017,306.6,20
140,MOLOWVOL,INF247L01BL0,35.17,20
141,AIROLAM,INE801L01010,166.7,22.68
142,RICOAUTO,INE209B01025,150.85,25.13
143,UCOBANK,INE691A01018,56.15,22.24
144,IRIS,INE864K01010,122.1,20.22
145,DOMS,INE321T01012,1684.65,20
146,JUNIORBEES,INF732E01045,661.66,6
147,KFINTECH,INE138Y01010,638.8,20
148,FORTIS,INE061F01013,425.4,20
149,LAMBODHARA,INE112F01022,173.45,26.22
150,SOUTHWEST,INE980Y01015,119.65,20
151,BERGEPAINT,INE463A01038,558.65,20
152,OIL,INE274J01014,621.75,20
153,SCHNEIDER,INE839M01018,811.35,100
154,ITC,INE154A01025,422.75,9
155,LICNETFGSC,INF767K01MV5,25.09,10
156,AARVI,INE754X01016,133.45,21.2
157,ORIENTBELL,INE607D01018,355.1,20
158,EMAMILTD,INE548C01032,447.2,20
159,ZUARIIND,INE217A01012,349.2,22.4
160,SPLIL,INE978G01016,62.3,20.25
161,AHL,INE00ZE01026,314.45,20
162,CONTROLPR,INE663B01015,946.5,20
163,EBBETF0431,INF754K01LE1,1210.7,20
164,IMFA,INE919H01018,731.05,20
165,PRIMESECU,INE032B01021,186.55,20
166,L&TFH,INE498L01015,172.15,20
167,PFS,INE560K01014,42.6,100
168,3MINDIA,INE470A01017,30326.5,20
169,CONFIPET,INE552D01024,100,20.23
170,GUJGASLTD,INE844O01030,546.95,20
171,SETF10GILT,INF200KA1JT1,227.93,10
172,WHIRLPOOL,INE716A01013,1337.65,20
173,SOTL,INE035D01020,481.2,20
174,CONSUMBEES,INF204KA1LD7,111.77,20
175,VIDHIING,INE632C01026,452.3,20
176,BBTCL,INE01EE01011,269.35,20
177,ADVENZYMES,INE837H01020,364,20
178,JITFINFRA,INE863T01013,608.55,100
179,AXSENSEX,INF846K010Q0,74.81,6.9
180,VTL,INE825A01020,456.15,20
181,MAXESTATES,INE03EI01018,306.95,20
182,ICICIB22,INF109KB15Y7,103.35,20
183,JYOTHYLAB,INE668F01031,435.7,20
184,MIRZAINT,INE771A01026,47.55,100
185,INDIANB,INE562A01011,526.5,20
186,MANKIND,INE634S01028,2339.95,20
187,SARDAEN,INE385C01021,221.2,20
188,LAOPALA,INE059D01020,330.25,20
189,GMDCLTD,INE131A01031,389,24.97
190,GHCLTEXTIL,INE0PA801013,82,20
191,SESHAPAPER,INE630A01024,321.3,20
192,ASTRAL,INE006I01046,2062.5,20
193,SONACOMS,INE073K01018,663.15,20
194,HAVELLS,INE176B01034,1538.75,20
195,INTELLECT,INE306R01017,1114.75,20
196,MAITHANALL,INE683C01011,1092.8,20
197,OPTIEMUS,INE350C01017,281.85,21.96
198,SAFARI,INE429E01023,1924.4,20
199,KKCL,INE401H01017,737.5,20
200,SRGHFL,INE559N01010,278.1,20
201,SAHYADRI,INE280H01015,377.8,20
202,BALPHARMA,INE083D01012,102.5,20
203,PFIZER,INE182A01018,4327.55,20
204,SADHNANIQ,INE888C01040,71.85,20
205,MADRASFERT,INE414A01015,91.9,22.42
206,RESPONIND,INE688D01026,304.3,20
207,MCX,INE745G01035,3590.5,20
208,VENUSREM,INE411B01019,348.05,22.31
209,AARON,INE721Z01010,266.8,20
210,DRREDDY,INE089A01023,6142.5,9
211,BHAGCHEM,INE414D01019,1636.05,20
212,DREDGECORP,INE506A01018,737.3,100
213,CARERATING,INE752H01013,1153.5,20
214,TVTODAY,INE038F01029,232.2,20
215,PGEL,INE457L01011,1854.55,20
216,OSWALGREEN,INE143A01010,34.3,22.44
217,ARVIND,INE034A01011,297.85,20
218,APCOTEXIND,INE116A01032,460.2,20
219,BANKBETF,INF0QA701714,48.07,20
220,DCMNVL,INE08KP01019,217.25,20.66
221,DCBBANK,INE503A01015,125.95,20
222,RACE,INE084Q01012,324.95,20
223,RRKABEL,INE777K01022,1557.55,20
224,JSWINFRA,INE880J01026,251.55,20
225,RADIANTCMS,INE855R01021,83.15,20
226,BIOCON,INE376G01013,270.25,20
227,BIRLACORPN,INE340A01012,1513.4,20
228,MAYURUNIQ,INE040D01038,492.45,20
229,CHEMCON,INE03YM01018,258,20
230,VADILALIND,INE694D01016,4413.55,20
231,DCXINDIA,INE0KL801015,318.15,20.07
232,SIRCA,INE792Z01011,349.35,20
233,ANDHRAPAP,INE435A01028,516.25,20
234,ALMONDZ,INE326B01027,116.75,100
235,GRMOVER,INE192H01020,138.8,20.37
236,PIIND,INE603J01030,3815.05,20
237,TATSILV,INF277KA1984,7.9,20
238,INDUSINDBK,INE095A01012,1544.45,11.3
239,STERTOOLS,INE334A01023,352.95,20
240,TATAPOWER,INE245A01021,414.1,20
241,NAHARINDUS,INE289A01011,129.5,20.6
242,FILATEX,INE816B01035,65.5,20
243,BRITANNIA,INE216A01030,4813.6,9
244,MSTCLTD,INE255X01014,935.3,23.83
245,INDRAMEDCO,INE681B01017,207.7,20
246,AXISILVER,INF846K011K1,80.37,20
247,IOLCP,INE485C01011,391.45,20
248,HDFCMOMENT,INF179KC1HV6,31.65,20
249,REFEX,INE056I01025,144.2,22.98
250,SDL26BEES,INF204KC1022,119.6,20
251,MARSHALL,INE00SZ01018,29,100
252,HNDFDS,INE254N01026,513.1,20
253,SGBNOV258,IN0020170109,6850,10
254,SGBOCT27VI,IN0020190388,6850,10
255,ORISSAMINE,INE725E01024,6320,20.9
256,BPCL,INE029A01011,598.5,12.12
257,ROTO,INE535D01029,398.85,20
258,SGBDE30III,IN0020220110,6890.05,10
259,GULPOLY,INE255D01024,179.65,20
260,ABB,INE117A01022,6501.8,20
261,APTUS,INE852O01025,328.4,20
262,SBC,INE04AK01028,23.25,22.68
263,EIMCOELECO,INE158B01016,1786.15,21.51
264,NITINSPIN,INE229H01012,364.25,20
265,GOLDBEES,INF204KB17I5,59.18,20
266,SGBSEP24,IN0020160043,6900,10
267,GEECEE,INE916G01016,273.85,20
268,ALPHAGEO,INE137C01018,371.9,20.85
269,CYBERTECH,INE214A01019,165.1,21.56
270,SOLARA,INE624Z01016,411.5,20
271,MOM50,INF247L01536,229.21,6
272,SHALBY,INE597J01018,266.1,20
273,CEATLTD,INE482A01020,2679.8,20
274,MORARJEE,INE161G01027,20.65,100
275,NSLNISP,INE0NNS01018,61.8,20
276,SGBOCT25V,IN0020170075,6900,10
277,BCG,INE425B01027,16.35,27.65
278,MRF,INE883A01011,135360.95,20
279,APOLLOPIPE,INE126J01016,670.1,20
280,PSUBANKADD,INF740KA1SY9,72.16,20
281,UTIBANKETF,INF789F1AUV1,48.77,20
282,SGBJUN28,IN0020200104,6798.66,10
283,VALIANTORG,INE565V01010,432.8,20
284,SYNGENE,INE398R01022,727.9,20
285,INFOBEAN,INE344S01016,401.05,20
286,INOXINDIA,INE616N01034,1335.95,20
287,ACC,INE012A01025,2616.25,20
288,SIYSIL,INE076B01028,480.7,20
289,GOLDSHARE,INF789F1AUX7,59.25,20
290,TERASOFT,INE482B01010,55,100
291,VINEETLAB,INE505Y01010,57.45,100
292,GRINDWELL,INE536A01023,2037.25,20
293,SHREECEM,INE070A01015,25910.25,20
294,ITIETF,INF109KC16I6,37.48,20
295,PHARMABEES,INF204KC1089,19.44,20
296,SENSEXADD,INF740KA1SZ6,74.41,7.41
297,NEOGEN,INE136S01016,1300.15,20
298,CLEAN,INE227W01023,1335.95,20
299,GRSE,INE382Z01011,887.95,20.96
300,TVSELECT,INE236G01019,308.35,20
301,SUKHJITS,INE450E01011,482.75,20
302,SPECIALITY,INE247M01014,204.15,20
303,JINDALPHOT,INE796G01012,628.65,24.79
304,GANGESSECU,INE335W01016,131.3,20.24
305,ROLEXRINGS,INE645S01016,1894.75,20
306,WENDT,INE274C01019,11665.15,20
307,UNIVPHOTO,INE03V001013,390.4,20
308,FLAIR,INE00Y201027,282.75,20
309,HCLTECH,INE860A01027,1539.65,9.01
310,JUBLPHARMA,INE700A01033,636.9,20
311,TIMKEN,INE325A01013,2950.55,20
312,SGBMAR28X,IN0020190552,6779.64,10
313,SGBSEP31II,IN0020230093,6790.25,10
314,ASPINWALL,INE991I01015,267.2,23.68
315,IIFL,INE530B01024,355.1,22.52
316,AYMSYNTEX,INE193B01039,102.75,20
317,SBFC,INE423Y01016,83.45,20
318,GOKUL,INE020J01029,41.9,100
319,PRITI,INE974Z01015,187.2,20.01
320,SALZERELEC,INE457F01013,846.8,23.14
321,EROSMEDIA,INE416L01017,21.8,25.06
322,ARE&M,INE885A01032,808.25,20
323,NIITLTD,INE161A01038,112.35,21.28
324,ADANIENSOL,INE931S01010,1102,24.21
325,KAYNES,INE918Z01012,2686.05,20
326,RAMKY,INE874I01013,633.45,25.01
327,ADORWELD,INE045A01017,1419.9,20
328,DIL,INE411Y01011,8.4,22.9
329,HEXATRADEX,INE750M01017,153.35,20
330,STARCEMENT,INE460H01021,230.3,20
331,SPARC,INE232I01014,413,100
332,SGBJUL25,IN0020170034,6900,10
333,TI,INE133E01013,219.65,20
334,REPRO,INE461B01014,848.85,20.63
335,EXIDEIND,INE302A01020,319.45,20
336,THERMAX,INE152A01029,4508.35,20
337,INDOCO,INE873D01024,343.85,20
338,DMCC,INE505A01010,309.6,20
339,NEXT50IETF,INF109KC1NS5,64.54,6.31
340,PALREDTEC,INE218G01033,148.25,100
341,VAISHALI,INE972X01014,169.65,20.83
342,DECCANCE,INE583C01021,630.85,20
343,GOKEX,INE887G01027,766.9,20
344,GILLETTE,INE322A01010,6616.8,20
345,DHAMPURSUG,INE041A01016,230.8,20
346,MODISONLTD,INE737D01021,140.35,23.31
347,IVC,INE050B01023,10.25,20.58
348,MOTILALOFS,INE338I01027,1833.2,20
349,ZAGGLE,INE07K301024,296.5,20
350,SGBOCT27,IN0020190370,6819.64,10
351,UDS,INE851I01011,326.15,20
352,SHANTIGEAR,INE631A01022,565.55,20
353,RBL,INE244J01017,762.95,20
354,JSWSTEEL,INE019A01038,862.5,10.11
355,TDPOWERSYS,INE419M01027,305,20
356,BAJAJHLDNG,INE118A01012,8124.6,20
357,RAMANEWS,INE278B01020,19.55,24.77
358,TTML,INE517B01013,82.2,21.16
359,IDEAFORGE,INE349Y01013,724.05,20
360,M&MFIN,INE774D01024,294.1,20
361,JAYSREETEA,INE364A01020,102.55,20
362,EMAMIREAL,INE778K01012,109.85,24.93
363,GSLSU,INE0JSX01015,239.8,20
364,GANESHBE,INE388A01029,182.05,20
365,MOM30IETF,INF109KC17C7,31.95,20
366,ORICONENT,INE730A01022,39.2,24.22
367,MANGALAM,INE584F01014,101.9,20
368,ROHLTD,INE283H01019,416.15,21.12
369,KNRCON,INE634I01029,260.7,20
370,UTINIFTETF,INF789F1AZC0,242.74,6
371,MALLCOM,INE389C01015,1006.5,20
372,BTML,INE0EEJ01015,184.1,50
373,ITDC,INE353K01014,673.55,22.74
374,NAVKARCORP,INE278M01019,101.75,25.8
375,CTE,INE627H01017,89.5,100
376,IFCI,INE039A01010,45.2,27.19
377,HATHWAY,INE982F01036,21.85,20
378,SUTLEJTEX,INE645H01027,59.45,20
379,SHREYAS,INE757B01015,300.4,21.96
380,SMARTLINK,INE178C01020,174.35,20
381,INNOVACAP,INE0DUT01020,468.45,20
382,SASKEN,INE231F01020,1589.35,20
383,RAIN,INE855B01025,172.55,20
384,DISHTV,INE836F01026,19.25,26.25
385,IRFC,INE053F01010,143.75,23.7
386,ALLSEC,INE835G01018,727.3,20
387,STYLAMIND,INE239C01020,1635.3,20
388,WIPRO,INE075A01022,487.4,9.52
389,JTLIND,INE391J01024,204.6,20
390,TATATECH,INE142M01025,1137.35,20
391,ATUL,INE100A01010,5996.55,20
392,GMRINFRA,INE776C01039,84.4,20
393,MONTECARLO,INE950M01013,645.55,20
394,NIACL,INE470Y01017,238.25,23.72
395,DIVISLAB,INE361B01024,3734.2,10.01
396,RSWM,INE611A01016,192.65,20
397,KPIGREEN,INE542W01017,1663.1,23.31
398,MTNL,INE153A01019,36.3,27.27
399,MAKEINDIA,INF769K01IB1,126.28,20
400,ASTERDM,INE914M01019,458.65,20
401,INDIANHUME,INE323C01030,287.9,20.77
402,SENCO,INE602W01019,801.8,20
403,SHARDACROP,INE221J01015,364.05,20
404,CENTURYTEX,INE055A01016,1674.1,20
405,GULFPETRO,INE586G01017,68.45,23.41
406,SGBAPR28I,IN0020200062,6848.7,10
407,FAZE3Q,INE963C01033,403.55,20
408,SWSOLAR,INE00M201021,526.7,20
409,ABSLAMC,INE404A01024,479.25,20
410,RAMASTEEL,INE230R01035,13.35,25.21
411,CORALFINAC,INE558D01021,44.85,100
412,AARTIDRUGS,INE767A01016,487.75,20
413,LAXMICOT,INE801V01019,29.95,24.31
414,ELDEHSG,INE668G01021,779.8,20
415,BANKBEES,INF204KB15I9,489.4,20
416,IDFC,INE043D01016,116,20
417,SWELECTES,INE409B01013,1082,29.33
418,BIRLAMONEY,INE865C01022,114.6,100
419,DIVOPPBEES,INF204KA1MS3,74.09,20
420,ICEMAKE,INE520Y01019,511.1,20.44
421,SGBAUG29V,IN0020210129,6877.36,10
422,VINYLINDIA,INE250B01029,410.85,20.33
423,TCIEXP,INE586V01016,1087.2,20
424,HAPPYFORGE,INE330T01021,923.2,20
425,TRENT,INE849A01020,4003.2,20
426,EBBETF0430,INF754K01KO2,1354.71,20
427,MFSL,INE180A01020,1022.8,20
428,GLS,INE03Q201024,815.35,20
429,DIVGIITTS,INE753U01022,810.45,20
430,USK,INE0N0Y01013,56.6,100
431,FINCABLES,INE235A01022,1012.65,20
432,PVRINOX,INE191H01014,1387.55,20
433,TATACHEM,INE092A01019,1093.65,20
434,UFO,INE527H01019,146.4,20
435,KAJARIACER,INE217B01036,1240.1,20
436,BHAGERIA,INE354C01027,166.2,20
437,SILVERBEES,INF204KC1402,78.03,20
438,APLLTD,INE901L01018,1004.45,20
439,IT,INF174KA1GC5,37.38,20
440,CAPLIPOINT,INE475E01026,1304.2,20
441,SGBNV29VII,IN0020210178,6814,10
442,ARVSMART,INE034S01021,701.35,20.13
443,CANTABIL,INE068L01024,217.35,20
444,POLYCAB,INE455K01017,5224.95,20
445,IMPAL,INE547E01014,1016.95,20
446,HDFCNIF100,INF179KC1HR4,23.6,6.54
447,BSOFT,INE836A01035,779.3,20
448,AJANTPHARM,INE031B01049,2169.6,20
449,PVTBANIETF,INF109KC18U7,23.95,20
450,PYRAMID,INE0MIS01010,167.65,20
451,ALKALI,INE773I01017,116.9,21.24
452,GEPIL,INE878A01011,345.45,23.72
453,MANALIPETC,INE201A01024,71.95,20
454,ACI,INE128X01021,638.25,20
455,MARALOVER,INE882A01013,72,24.37
456,HONAUT,INE671A01010,40886.2,20
457,SIEMENS,INE003A01024,5627.05,20
458,PSUBANK,INF373I01023,722.58,20
459,BANKETFADD,INF740KA1RX3,48.33,20
460,HAL,INE066F01020,3540.95,20
461,MAZDOCK,INE249Z01012,2195.25,20.28
462,SILVERTUC,INE625X01018,670.65,20
463,HINDCOPPER,INE531E01026,313.95,21.44
464,TRIDENT,INE064C01022,40.8,20
465,SGBJUN29II,IN0020210061,6799.03,10
466,DAMODARIND,INE497D01022,48.45,21.72
467,SARLAPOLY,INE453D01025,58.8,20.74
468,AUBANK,INE949L01017,620.95,20
469,TIDEWATER,INE484C01030,1636.45,20
470,AIRAN,INE645W01026,26.8,100
471,MOREPENLAB,INE083A01026,48.4,20.12
472,SDL24BEES,INF204KB18W4,120.3,20
473,SGBAUG24,IN0020160027,6987.5,10
474,KDDL,INE291D01011,2429.15,20
475,IIFLSEC,INE489L01022,135.9,22.18
476,SHYAMCENT,INE979R01011,20.2,100
477,SAH,INE035801013,98,20
478,CREST,INE559D01011,407.75,22.5
479,AAATECH,INE0D0U01013,90.8,100
480,UPL,INE628A01036,492.95,20
481,SGBJUL27,IN0020190081,6808,10
482,MARKSANS,INE750C01026,161.35,20
483,SAREGAMA,INE979A01025,387.2,20
484,LINC,INE802B01019,557.05,20
485,INDOBORAX,INE803D01021,185.9,20
486,AETHER,INE0BWX01014,850.2,20
487,DCAL,INE385W01011,247.9,21.85
488,SHOPERSTOP,INE498B01024,759.35,20
489,BANARISUG,INE459A01010,2619.15,20
490,HCC,INE549A01026,38.35,27.99
491,MAXIND,INE0CG601016,209.9,100
492,POLICYBZR,INE417T01026,1231.2,20
493,SILVRETF,INF769K01KG6,78.97,20
494,CENTURYPLY,INE348B01021,668.15,20
495,HDFCLIFE,INE795G01014,622.4,9.81
496,BAJAJELEC,INE193E01025,978.5,20
497,CLSEL,INE419D01026,228.95,20
498,NELCO,INE045B01015,761.05,20
499,RSYSTEMS,INE411H01032,473.7,20
500,ATULAUTO,INE951D01028,507.5,20.02
501,NETF,INF277K015R5,238.67,7.74
502,ECLERX,INE738I01010,2477.3,20
503,HIKAL,INE475B01022,289.8,20
504,NAUKRI,INE663F01024,5628.2,20
505,APARINDS,INE372A01015,7099.4,20
506,TRITURBINE,INE152M01016,562.65,20
507,SOUTHBANK,INE683A01023,29.5,20
508,ALPHA,INF174KA1IA5,47.63,20
509,HOMEFIRST,INE481N01025,953.25,20
510,PUNJABCHEM,INE277B01014,1008.45,20
511,HARDWYN,INE626Z01029,34.9,21.25
512,KRITI,INE479D01038,141.85,21.5
513,ALOKINDS,INE270A01029,29,100
514,SHARIABEES,INF732E01128,495.68,20
515,LTFOODS,INE818H01020,208.1,20
516,NINSYS,INE395U01014,489.35,20
517,NILKAMAL,INE310A01015,1770.6,20
518,EPACK,INE0G5901015,182.45,20
519,EVERESTIND,INE295A01018,1142.85,20
520,SAKUMA,INE190H01024,27.2,24.87
521,HDFCSENSEX,INF179KC1HX2,81.72,6
522,DENORA,INE244A01016,1679.05,23.46
523,BODALCHEM,INE338D01028,83.45,20
524,PEL,INE140A01024,856.55,20
525,ARROWGREEN,INE570D01018,425.1,24.24
526,GMMPFAUDLR,INE541A01023,1381,20
527,AEROFLEX,INE024001021,147.9,20
528,DBOL,INE0I3401014,133.85,20
529,NIFTYBETF,INF0QA701722,225.55,6
530,SIKKO,INE112X01017,79.3,24.42
531,HDFCBSE500,INF179KC1EZ4,32.77,8.33
532,SUMICHEM,INE258G01013,365.5,20
533,APLAPOLLO,INE702C01027,1549.05,20
534,GOODLUCK,INE127I01024,988,20
535,PATINTLOG,INE529D01014,22.9,28.19
536,MAWANASUG,INE636A01039,94.5,20
537,LIBERTSHOE,INE557B01019,300.9,100
538,KTKBANK,INE614B01018,237.1,20
539,ORIENTCEM,INE876N01018,220.15,20
540,RAYMOND,INE301A01014,1921.1,20
541,POLYPLEX,INE633B01018,889.45,20
542,MUNJALSHOW,INE577A01027,173.05,20
543,KOPRAN,INE082A01010,267.85,21.76
544,FEDFINA,INE007N01010,126.3,20
545,BOMDYEING,INE032A01023,171.5,22.51
546,SENSEXETF,INF769K01KT9,74.49,8.36
547,GIPCL,INE162A01010,184.55,20
548,SGBJUL28IV,IN0020200146,6786.89,10
549,STEELXIND,INE503B01021,14.95,25.34
550,TRIVENI,INE256C01024,333.7,20
551,VAKRANGEE,INE051B01021,23.65,24.01
552,IFBAGRO,INE076C01018,453.5,20
553,PSPPROJECT,INE488V01015,730.6,20
554,JASH,INE039O01011,1739.4,20
555,SGBOCT25,IN0020170059,6900,10
556,MASTEK,INE759A01021,2691.7,20
557,CARTRADE,INE290S01011,723.8,20
558,LODHA,INE670K01029,1138.25,20
559,RADICO,INE944F01028,1682.65,20
560,AVROIND,INE652Z01017,113.15,20.64
561,PERSISTENT,INE262H01021,4029.5,20
562,PANACEABIO,INE922B01023,143.35,20
563,HARRMALAYA,INE544A01019,173.95,20
564,RTNINDIA,INE834M01019,77.4,23.8
565,GALAXYSURF,INE600K01018,2516.2,20
566,VASCONEQ,INE893I01013,71,23.94
567,NURECA,INE0DSF01015,289,20.29
568,ACL,INE666E01020,91.9,20
569,SGBD29VIII,IN0020210228,6834.9,10
570,BALAXI,INE618N01014,577.55,20.14
571,BAIDFIN,INE020D01022,21.9,20.24
572,CHEMFAB,INE783X01023,693,25.13
573,SMALLCAP,INF769K01LC3,45.53,20
574,HBLPOWER,INE292B01021,496.7,23.05
575,HDFCNIFIT,INF179KC1IA8,36.16,20
576,APCL,INE071F01012,182.65,20
577,NATCOPHARM,INE987B01026,993.45,20
578,BANDHANBNK,INE545U01014,197.95,20
579,SGBAUG28V,IN0020200161,6928.48,10
580,MIDCAP,INF174KA1IB3,141.44,6.81
581,JSFB,INE953L01027,467.4,20
582,MGL,INE002S01010,1394.95,20
583,MAHABANK,INE457A01014,65.8,20
584,GODREJIND,INE233A01035,803.35,20
585,SHRIRAMFIN,INE721A01013,2499.3,13.27
586,FEDERALBNK,INE171A01029,152.45,20
587,LLOYDSENGG,INE093R01011,55.4,26.9
588,DOLLAR,INE325C01035,563.2,20
589,WHEELS,INE715A01015,603.55,20
590,BFUTILITIE,INE243D01012,846.55,22.74
591,TRIL,INE763I01026,443.65,100
592,DIAMINESQ,INE591D01014,549.75,20
593,SGBMAY25,IN0020170018,6944.9,10
594,ONWARDTEC,INE229A01017,475.8,20.38
595,SGBMAR24,IN0020150119,6679,10
596,BOROLTD,INE02PY01013,371.6,20
597,HDFCSILVER,INF179KC1DI2,77.84,20
598,ALKYLAMINE,INE150B01039,2159.2,20
599,PETRONET,INE347G01014,275.75,20
600,LAXMIMACH,INE269B01029,17121.75,20
601,ESCORTS,INE042A01014,3020.25,20
602,ITETF,INF769K01KV5,35.83,20
603,ORBTEXP,INE231G01010,159.75,21.18
604,FCL,INE045J01026,392.5,20
605,BORORENEW,INE666D01022,536.9,20
606,SETFNIF50,INF200KA1FS1,235.7,6
607,SGBN28VIII,IN0020200286,6806.66,10
608,GREENPANEL,INE08ZM01014,330.35,20
609,ABSLBANETF,INF209KB17D5,48.38,20
610,NOCIL,INE163A01018,276.25,20
611,CGPOWER,INE067A01029,510.65,20
612,TARC,INE0EK901012,160.35,100
613,SELAN,INE818A01017,480.4,20
614,RUBYMILLS,INE301D01026,210.25,20
615,SPCENET,INE970N01027,31,23.65
616,ACLGATI,INE152B01027,108.5,20
617,DIAMONDYD,INE393P01035,950.9,20
618,TCPLPACK,INE822C01015,2246.05,20
619,PRAKASH,INE603A01013,181.95,21.89
620,GTPL,INE869I01013,177.25,20
621,SMLT,INE017W01010,225.6,100
622,CHOLAFIN,INE121A01024,1196.35,20
623,MONARCH,INE903D01011,607.55,20.27
624,SHARDAMOTR,INE597I01028,1431.3,20
625,ABSLNN50ET,INF209KB16D7,64.4,6.49
626,SETFNN50,INF200KA1598,655.97,6
627,SEQUENT,INE807F01027,131.95,20.83
628,VLEGOV,INE03HW01020,61.5,100
629,M&M,INE101A01026,2002.7,10.53
630,UNOMINDA,INE405E01023,729.3,20
631,UGARSUGAR,INE071E01023,78.9,20
632,JWL,INE209L01016,388.45,22.54
633,NACLIND,INE295D01020,62.8,20
634,AVTNPL,INE488D01021,89.45,20
635,GLOBAL,INE291W01029,258.85,25.11
636,RGL,INE722H01024,118.7,20.47
637,AWL,INE699H01024,354.5,20
638,MMTC,INE123F01029,75.45,25.44
639,AUTOAXLES,INE449A01011,1887,20
640,ELGIEQUIP,INE285A01027,653.35,20
641,TOKYOPLAST,INE932C01012,111.05,20
642,MID150BEES,INF204KB1V68,188.62,6
643,RML,INE050H01012,738.85,20
644,FOODSIN,INE976E01023,143.9,20
645,SANDUMA,INE149K01016,394.55,20
646,SDBL,INE480C01020,301.55,20.84
647,AMNPLST,INE275D01022,180.45,20
648,JCHAC,INE782A01015,1161.4,20
649,PGHH,INE179A01014,16353.35,20
650,SANSERA,INE953O01021,1026.6,20
651,RPGLIFE,INE105J01010,1557.6,20
652,HIL,INE557A01011,2788.4,20
653,CANBK,INE476A01014,607.4,20
654,TVSMOTOR,INE494B01023,2086.7,20
655,PNCINFRA,INE195J01029,429.4,20
656,GAEL,INE036B01030,180.45,20
657,MUNJALAU,INE672B01032,87.05,20
658,UNICHEMLAB,INE351A01035,499.8,20
659,ESTER,INE778B01029,98.55,20
660,SRF,INE647A01010,2591.5,20
661,TIPSINDLTD,INE716B01029,471.85,20
662,GEOJITFSL,INE007B01023,79.15,20
663,HEADSUP,INE759V01019,16.3,26.14
664,CHALET,INE427F01016,848.35,20
665,BANKINDIA,INE084A01016,147.45,20
666,ARIES,INE298I01015,281.4,21.61
667,ZYDUSLIFE,INE010B01027,983.2,20
668,GABRIEL,INE524A01029,365.6,20
669,DCMSRIND,INE843D01027,195.7,20.01
670,ATL,INE0NN701020,60.8,20.41
671,KARURVYSYA,INE036D01028,190.15,20
672,ADANIENT,INE423A01024,3210.8,22.34
673,GODFRYPHLP,INE260B01028,3206.9,20
674,EIFFL,INE546V01010,140,20
675,KOTHARIPRO,INE823A01017,126.9,20.42
676,SATINDLTD,INE065D01027,105.5,20
677,SBCL,INE386D01027,586.25,20
678,SOBHA,INE671H01015,1563.55,21.34
679,DATAMATICS,INE365B01017,621.5,21.77
680,PGHL,INE199A01012,4771.45,20
681,PAYTM,INE982J01020,410.8,26.12
682,CDSL,INE736A01011,1877.55,20
683,SILVERADD,INF740KA1RE3,78.11,20
684,MUTHOOTFIN,INE414G01012,1666.55,20
685,GARFIBRES,INE276A01018,3349.15,20
686,HDFCVALUE,INF179KC1DK8,125.61,20
687,MAHLIFE,INE813A01018,624.8,20
688,JKTYRE,INE573A01042,423.55,20
689,NAHARSPING,INE290A01027,297.25,20
690,UBL,INE686F01025,1781,20
691,WESTLIFE,INE274F01020,809.85,20
692,BFINVEST,INE878K01010,562.1,21.42
693,COFORGE,INE591G01017,5819.45,20
694,IRISDOREME,INE01GN01025,81.25,20
695,HNGSNGBEES,INF204KB19I1,255.81,8.41
696,AAVAS,INE216P01012,1452.15,20
697,ENGINERSIN,INE510A01028,220.5,21.05
698,KELLTONTEC,INE164B01022,104.55,21.24
699,SANGHIIND,INE999B01013,97.4,20.89
700,AFFLE,INE00WC01027,1095.8,20
701,VAIBHAVGBL,INE884A01027,397.1,20
702,WSTCSTPAPR,INE976A01021,631.55,20
703,KPRMILL,INE930H01031,844.85,20
704,VALIANTLAB,INE0JWS01017,153.8,20
705,CONSOFINVT,INE025A01027,251.05,21.36
706,TVSHLTD,INE105A01035,8309.45,20
707,CYIENTDLM,INE055S01018,704.7,20
708,TFCILTD,INE305A01015,171.3,25.45
709,MHRIL,INE998I01010,417.6,20
710,BSHSL,INE032Z01020,247.3,20.26
711,EIHAHOTELS,INE276C01014,791.55,20
712,ONGC,INE213A01029,269,11.58
713,ASHAPURMIN,INE348A01023,351.65,100
714,GODREJCP,INE102D01028,1177.55,20
715,ZODIACLOTH,INE206B01013,121.15,20
716,LGBBROSLTD,INE337A01034,1258.75,20
717,ANGELONE,INE732I01013,3019.9,20.12
718,MOGSEC,INF247L01AK4,54.99,10
719,ZFCVINDIA,INE342J01019,14973.5,20
720,HITECHCORP,INE120D01012,216.05,20
721,HEROMOTOCO,INE158A01026,4522.95,10.12
722,LOWVOL1,INF174KA1IY5,18.64,20
723,IONEXCHANG,INE570A01022,539.05,20
724,DHARMAJ,INE00OQ01016,241.2,20
725,GODREJPROP,INE484J01027,2409.6,20
726,JPASSOCIAT,INE455F01025,20.8,28.84
727,SBIETFCON,INF200KA1X17,103.43,20
728,RBA,INE07T201019,104.75,20
729,EVEREADY,INE128A01029,338.2,20
730,IGL,INE203G01027,437.1,20
731,NIFTY50ADD,INF740KA1CL0,230.54,7.42
732,TREL,INE0O3901029,49.65,20
733,GICRE,INE481Y01014,340.7,22.86
734,KOTHARIPET,INE720A01015,136.35,22.51
735,DPWIRES,INE864X01013,535.3,20
736,APOLLOHOSP,INE437A01024,6440.6,10.01
737,IPL,INE0D6701023,221.35,20.09
738,NAHARPOLY,INE308A01027,202.7,20
739,KEC,INE389H01022,769.75,20
740,SAIL,INE114A01011,145.95,20
741,SPIC,INE147A01011,80.05,20
742,KSOLVES,INE0D6I01015,1152.05,20
743,MASFIN,INE348L01012,299.9,20
744,INDOSTAR,INE896L01010,231.25,20
745,LICHSGFIN,INE115A01026,643.85,20
746,INDIGO,INE646L01027,3484.05,20
747,TATASTEEL,INE081A01020,163.4,11.81
748,NSIL,INE023A01030,3509.7,20
749,SGBMAY29I,IN0020210053,6800.17,10
750,IDBI,INE008A01015,88.65,20
751,WORTH,INE196Y01018,107.15,20
752,REPL,INE364Z01019,189.1,20
753,MOHEALTH,INF247L01BB1,35.73,20
754,SGBJAN26,IN0020170166,6865,10
755,ZENSARTECH,INE520A01027,627.25,20
756,SUPERHOUSE,INE712B01010,214.65,20
757,AXISGOLD,INF846K01W80,59.54,20
758,SMSPHARMA,INE812G01025,197.4,20
759,FIEMIND,INE737H01014,1131.8,20
760,MEDPLUS,INE804L01022,689.25,20
761,CARYSIL,INE482D01024,1012.25,20
762,YATHARTH,INE0JO301016,455.5,20
763,PVTBANKADD,INF740KA1TA7,24.02,20
764,OSWALAGRO,INE142A01012,44.65,25.65
765,PIXTRANS,INE751B01018,1440.45,20
766,ANDHRSUGAR,INE715B01021,107,20
767,SHK,INE500L01026,213.95,20
768,HDFCPSUBK,INF179KC1HW4,72.62,20
769,NUVOCO,INE118D01016,320.75,20
770,CUB,INE491A01021,154,20
771,AGSTRA,INE583L01014,81.8,100
772,MIDSELIETF,INF109KB1XT3,152.92,10.24
773,PEARLPOLY,INE844A01013,34.8,30.46
774,FIVESTAR,INE128S01021,753.45,20
775,SAGCEM,INE229C01021,222.65,20
776,UTKARSHBNK,INE735W01017,52.65,20
777,MENONBE,INE071D01033,127.65,20
778,JINDWORLD,INE247D01039,354.8,20.25
779,RVNL,INE415G01027,263.95,24.19
780,SATIN,INE836B01017,247.85,20
781,DHANBANK,INE680A01011,49.4,100
782,SHIVAMILLS,INE644Y01017,104.45,24.16
783,SUMMITSEC,INE519C01017,1328.85,20
784,BAJAJFINSV,INE918I01026,1655.8,9.61
785,AURUM,INE898S01029,148.9,100
786,NEULANDLAB,INE794A01010,6503.45,21.22
787,BEML,INE258A01016,3305.65,20.65
788,GPPL,INE517F01014,219.5,20
789,SUNDARMFIN,INE660A01013,4249.4,20
790,JINDALPOLY,INE197D01010,551.2,20
791,EBBETF0425,INF754K01LD3,1198.67,20
792,KUANTUM,INE529I01021,162.15,20
793,RBLBANK,INE976G01028,254.65,20
794,HEALTHY,INF209KB10C2,12.39,20
795,FINOPB,INE02NC01014,301.05,20
796,OLECTRA,INE260D01016,1920.35,21.53
797,JAYBARMARU,INE571B01036,123.5,20
798,HONASA,INE0J5401028,412.15,20
799,MINDACORP,INE842C01021,418.9,20
800,LUMAXIND,INE162B01018,2495.05,20
801,VINATIORGA,INE410B01037,1500.15,20
802,RELIANCE,INE002A01018,2925.85,9
803,IMAGICAA,INE172N01012,87.5,25.05
804,ANURAS,INE930P01018,894.8,20
805,THEJO,INE121N01019,2747,20
806,AHLUCONT,INE758C01029,1079.05,20
807,TTL,INE592B01016,109.3,20
808,SIGNATURE,INE903U01023,1298.05,20
809,DEEPAKFERT,INE501A01019,579,20
810,MVGJL,INE0KNT01012,259.4,20
811,HAPPSTMNDS,INE419U01012,821.75,20
812,UNIPARTS,INE244O01017,566.3,20
813,SFL,INE916U01025,947,20
814,WELSPUNLIV,INE192B01031,155.95,20
815,IWEL,INE0FLR01028,5999.75,100
816,OBCL,INE426Z01016,55.1,24.34
817,JOCIL,INE839G01010,190.8,20
818,SUVENPHAR,INE03QK01018,645.6,20
819,KOTAKBANK,INE237A01028,1749.15,9
820,MOLDTECH,INE835B01035,230,24.4
821,INFY,INE009A01021,1486.7,9.55
822,GNA,INE934S01014,417.85,20
823,LIQUID,INF769K01KS1,999.99,10
824,ITETFADD,INF740KA1SX1,35.79,20
825,MOQUALITY,INF247L01BH8,177.65,20
826,RAMCOIND,INE614A01028,222.35,20
827,MAGADSUGAR,INE347W01011,567.5,20
828,RATNAVEER,INE05CZ01011,130.2,20
829,IFBIND,INE559A01017,1524.25,20
830,MANAKALUCO,INE859Q01017,29.85,100
831,SHAREINDIA,INE932X01018,1711.45,20
832,DHANUKA,INE435G01025,1087.15,20
833,SHANKARA,INE274V01019,732.7,20
834,LATENTVIEW,INE0I7C01011,541.9,20
835,VARROC,INE665L01035,554.9,20
836,KANSAINER,INE531A01024,285.1,20
837,SERVOTECH,INE782X01033,94.2,100
838,SBIN,INE062A01020,759.3,9.4
839,ENTERO,INE010601016,1004.1,20
840,DELTACORP,INE124G01033,124,20
841,LINDEINDIA,INE473A01011,7037.35,20
842,INDIANCARD,INE061A01014,262.8,20
843,AXISBNKETF,INF846K01X63,488.54,20
844,CAMLINFINE,INE052I01032,98.95,20
845,PRESTIGE,INE811K01011,1304.4,20
846,DICIND,INE303A01010,434.65,20
847,GRASIM,INE047A01021,2277.85,9
848,NHPC,INE848E01016,94.7,20
849,SHILPAMED,INE790G01031,493.8,20
850,ARIHANTCAP,INE420B01036,58.95,20.26
851,INTLCONV,INE575C01027,87.5,23.01
852,DYNPRO,INE256H01015,310.4,20
853,NGLFINE,INE887E01022,2142.6,20
854,TECHM,INE669C01036,1279.25,10.02
855,SGBDEC2513,IN0020170158,6800,10
856,REDINGTON,INE891D01026,215.9,20
857,TAINWALCHM,INE123C01018,136.55,20.42
858,ALKEM,INE540L01014,4866.1,20
859,TNPL,INE107A01015,266.6,20
860,NTPC,INE733E01010,354.65,10.16
861,JIOFIN,INE758E01017,361.3,20
862,PIDILITIND,INE318A01026,2997.8,20
863,HERITGFOOD,INE978A01027,324.05,20
864,RENUKA,INE087H01022,43.6,20
865,GANECOS,INE845D01014,1021.95,20
866,JINDALSAW,INE324A01024,500.75,22.01
867,NECLIFE,INE023H01027,35.6,22.06
868,LICI,INE0J1Y01017,1006.55,20
869,IBULHSGFIN,INE148I01020,184.15,21.64
870,UNIENTER,INE037A01022,143.65,20
871,PPLPHARMA,INE0DK501011,136.1,20
872,BLAL,INE0N7W01012,274.7,20
873,CENTUM,INE320B01020,1703.3,23.09
874,JBCHEPHARM,INE572A01036,1703.05,20
875,PAKKA,INE551D01018,307.65,25.43
876,ASTEC,INE563J01010,1157.8,20
877,SUNFLAG,INE947A01014,203.5,21.2
878,MITCON,INE828O01033,123.6,100
879,HMVL,INE871K01015,110.2,21.44
880,SAKHTISUG,INE623A01011,37.75,24.91
881,LINCOLN,INE405C01035,610.45,20
882,SGBNOV26,IN0020180314,6830,10
883,SGBSEP28VI,IN0020200195,6801.81,10
884,RELAXO,INE131B01039,842.5,20
885,SGBDEC25,IN0020170125,6969,10
886,JAMNAAUTO,INE039C01032,134,20
887,HINDWAREAP,INE05AN01011,400.55,20
888,RAMRAT,INE207E01023,278,20
889,KABRAEXTRU,INE900B01029,327.5,20
890,MANGLMCEM,INE347A01017,751.8,20
891,CMSINFO,INE925R01014,403.6,20
892,SASTASUNDR,INE019J01013,323.75,20.53
893,INFRABEES,INF732E01268,870.73,20
894,MUTHOOTMF,INE046W01019,230.2,20
895,ARVINDFASN,INE955V01021,454.6,20
896,JAICORPLTD,INE070D01027,309.9,23
897,SBICARD,INE018E01016,694.15,20
898,JINDRILL,INE742C01031,691.1,21.06
899,TEGA,INE011K01018,1347.45,20
900,LOWVOLIETF,INF109KC19U5,19.65,20
901,PHOENIXLTD,INE211B01039,2850.55,20
902,VLSFINANCE,INE709A01018,260.8,20
903,AUROPHARMA,INE406A01037,1123.6,20
904,HINDMOTORS,INE253A01025,19.4,20.04
905,CERA,INE739E01017,7495.4,20
906,BBETF0432,INF754K01OB1,1136.73,20
907,VPRPL,INE0AE001013,169.65,20
908,BFSI,INF769K01HI8,21.7,20
909,GATEWAY,INE079J01017,111.3,20
910,SUPRAJIT,INE399C01030,423.2,20
911,INDNIPPON,INE092B01025,721.8,20
912,ORIENTPPR,INE592A01026,45.2,20
913,HINDUNILVR,INE030A01027,2264.95,9
914,LUPIN,INE326A01037,1587.25,20
915,TIRUMALCHM,INE338A01024,251.75,20
916,HDFCPVTBAN,INF179KC1HZ7,24.1,20
917,MIDCAPIETF,INF109KC1G82,188.19,6.27
918,HERCULES,INE688E01024,559.45,20
919,ITBEES,INF204KB15V2,37.59,20
920,MUFTI,INE220Q01020,203.9,20
921,VRLLOG,INE366I01010,564,20
922,SETFGOLD,INF200KA16D8,60.91,20
923,AURIONPRO,INE132H01018,2398.1,100
924,MIDCAPETF,INF769K01IC9,18.58,6
925,AHLADA,INE00PV01013,116.9,21.58
926,DPABHUSHAN,INE266Y01019,910.45,20
927,SUDARSCHEM,INE659A01023,674.75,20
928,NUCLEUS,INE096B01018,1405.4,21.48
929,BSLSENETFG,INF209KB10E8,72.95,6
930,FOCUS,INE593W01028,167.9,20
931,LAURUSLABS,INE947Q01028,437.4,20
932,SUPREMEIND,INE195A01028,4193.15,20
933,TEMBO,INE869Y01010,271.7,20
934,LTIM,INE214T01019,4935.2,11.3
935,IBREALEST,INE069I01010,135.55,24.95
936,KAMDHENU,INE390H01012,551.15,21.37
937,KSB,INE999A01015,3940.8,20
938,SYMPHONY,INE225D01027,956.75,20
939,ATFL,INE209A01019,715.85,20
940,ARTEMISMED,INE025R01021,187.8,20
941,SGBOCT26,IN0020180249,6850,10
942,HINDOILEXP,INE345A01011,186.4,20.02
943,MON100,INF247L01AP3,148.75,6.36
944,VIPIND,INE054A01027,548.4,20
945,SUPRIYA,INE07RO01027,388.3,20
946,PTC,INE877F01012,200.35,20
947,KHADIM,INE834I01025,335.9,20
948,HDFCAMC,INE127D01025,3699.35,20
949,JUSTDIAL,INE599M01018,904.7,20
950,SURYALAXMI,INE713B01026,73.65,20
951,TATAMTRDVR,IN9155A01020,671.4,20
952,LICMFGOLD,INF397L01554,6399.4,20
953,ACE,INE731H01025,1559.05,23.07
954,PTCIL,INE596F01018,7794.3,20
955,HDFCNIFBAN,INF179KC1HY0,48.67,20
956,THOMASCOOK,INE332A01027,171.65,20
957,SGBJ28VIII,IN0020190537,6789.99,10
958,LIQUIDETF,INF740KA1EU7,1000,10
959,UJJIVANSFB,INE551W01018,54.3,20
960,GOLDIAM,INE025B01025,191.6,20
961,EMAMIPAP,INE830C01026,119.95,20
962,KALYANKJIL,INE303R01014,430.95,20
963,LIBAS,INE908V01012,20.5,23.59
964,SYRMA,INE0DYJ01015,500.2,20
965,SPANDANA,INE572J01011,900.6,20
966,BSE500IETF,INF109KC1V59,34.6,6
967,LICNFNHGP,INF767K01PC8,244.65,6.91
968,BALRAMCHIN,INE119A01028,383.3,20
969,PATELENG,INE244B01030,63.25,23.49
970,SHIVATEX,INE705C01020,157,100
971,TATAELXSI,INE670A01012,8027.5,20
972,MEGASTAR,INE00EM01016,286.15,20
973,SGBMAR31IV,IN0020220169,6794.58,10
974,DBL,INE917M01012,467.95,20.59
975,SGBJAN30IX,IN0020210236,6788.79,10
976,AARTISURF,INE09EO01013,616.7,20
977,XPROINDIA,INE445C01015,1092.95,20
978,SIS,INE285J01028,443.45,20
979,EXCELINDUS,INE369A01029,843.95,20
980,PNBHOUSING,INE572E01012,769.65,20
981,AMJLAND,INE606A01024,38.6,22
982,NDTV,INE155G01029,229.35,21.58
983,MNC,INF174KA1JF2,26.67,20
984,LIKHITHA,INE060901027,257.8,20
985,PSUBNKBEES,INF204KB16I7,80.46,20
986,ADANIPORTS,INE742F01042,1366.85,15.88
987,NIF100BEES,INF204K014N5,242.14,6
988,IRMENERGY,INE07U701015,486.65,20
989,HINDZINC,INE267A01025,337.85,20
990,ORCHPHARMA,INE191A01027,1130.1,20
991,NYKAA,INE388Y01029,164.55,20
992,JISLJALEQS,INE175A01038,59.35,23.16
993,J&KBANK,INE168A01041,137.75,20
994,PENIND,INE932A01024,137.15,22.66
995,SGBSEP29VI,IN0020210145,6819.85,10
996,PSB,INE608A01012,63.05,23.51
997,VIJAYA,INE043W01024,656.05,20
998,BANCOINDIA,INE213C01025,627.2,20
999,BANARBEADS,INE655B01011,97.25,20
1000,METROPOLIS,INE112L01020,1683.35,20
1001,AKZOINDIA,INE133A01011,2463.6,20
1002,BALAJITELE,INE794B01026,85.05,24.14
1003,OMAXE,INE800H01010,98.3,23.73
1004,BSLNIFTY,INF209KB19D1,25.61,6
1005,TTKPRESTIG,INE690A01028,699.6,20
1006,HGINFRA,INE926X01010,1074.4,20
1007,PCBL,INE602A01031,279.25,20
1008,INDBANK,INE841B01017,50.55,27.32
1009,TATACOMM,INE151A01013,2057.55,20
1010,PITTIENG,INE450D01021,819.5,20
1011,SMCGLOBAL,INE103C01036,132.75,20
1012,ATGL,INE399L01023,984.2,24.84
1013,DATAPATTNS,INE0IX101010,2692.9,20
1014,MMFL,INE227C01017,878,20
1015,ORIENTHOT,INE750A01020,132.5,20
1016,KIMS,INE967H01017,2041,20
1017,SUVEN,INE495B01038,107.05,100
1018,NRAIL,INE740D01017,480.2,20
1019,SILVERETF,INF789F1AYK6,79.9,20
1020,VIRINCHI,INE539B01017,35.15,20
1021,RAINBOW,INE961O01016,1369.65,20
1022,AXISBPSETF,INF846K01Z04,11.61,20
1023,TEXRAIL,INE621L01012,171.25,23.92
1024,SUNDRMFAST,INE387A01021,1083.5,20
1025,ASHOKLEY,INE208A01029,173,20
1026,HDFCNIFTY,INF179KC1965,246.49,6
1027,AKSHARCHEM,INE542B01011,281.45,100
1028,AMBER,INE371P01015,3756.15,20
1029,VESUVIUS,INE386A01015,3433.3,20
1030,NIF100IETF,INF109KA1962,254.61,6
1031,GSPL,INE246F01010,364.3,20
1032,SAKAR,INE732S01012,370.45,20.87
1033,LOVABLE,INE597L01014,123.6,20
1034,SGBDC27VII,IN0020190461,6869.39,10
1035,CHEVIOT,INE974B01016,1318.45,20
1036,TATAMOTORS,INE155A01022,1011.6,11.27
1037,NV20IETF,INF109KC11V0,13.61,20
1038,HLEGLAS,INE461D01028,459.8,20
1039,THYROCARE,INE594H01019,617.05,20
1040,SGBNOV25IX,IN0020170117,6825,10
1041,RADHIKAJWE,INE583V01021,70.25,23.94
1042,ASKAUTOLTD,INE491J01022,297.4,20
1043,NIFTYQLITY,INF209KB15K4,19.17,20
1044,HESTERBIO,INE782E01017,1624.55,20
1045,WINDLAS,INE0H5O01029,551.55,20
1046,BATAINDIA,INE176A01028,1371.9,20
1047,BDL,INE171Z01018,1758.8,20
1048,INFIBEAM,INE483S01020,37.7,24.06
1049,ORIENTELEC,INE142Z01019,212.5,20
1050,TNPETRO,INE148A01019,88.75,20
1051,SPENCERS,INE020801028,105.55,22.17
1052,DCM,INE498A01018,77.65,20.98
1053,CSBBANK,INE679A01013,393.95,20
1054,HILTON,INE788H01017,134.65,24.48
1055,MOLDTKPAC,INE893J01029,853.75,20
1056,JKCEMENT,INE823G01014,4354.2,20
1057,UTISXN50,INF789F1AUU3,76.43,9.91
1058,PILANIINVS,INE417C01014,3505.55,20
1059,WABAG,INE956G01038,800.65,20
1060,AVANTIFEED,INE871C01038,532.5,20
1061,JYOTICNC,INE980O01024,755.05,20
1062,COSMOFIRST,INE757A01017,551.15,20
1063,AKSHOPTFBR,INE523B01011,9.7,100
1064,UTISENSETF,INF789FB1X58,798.62,6.1
1065,ASHOKA,INE442H01029,171.6,20
1066,RATNAMANI,INE703B01027,2981.25,20
1067,POLYMED,INE205C01021,1571.95,20
1068,COROMANDEL,INE169A01031,1145.05,20
1069,CIEINDIA,INE536H01010,482.75,20
1070,SGBDEC26,IN0020180389,6820.05,10
1071,GLENMARK,INE935A01035,1006,20
1072,SAMHI,INE08U801020,205,20
1073,LT,INE018A01030,3797.85,9
1074,STARHEALTH,INE575P01011,557.7,20
1075,UTINEXT50,INF789F1AUW9,65.94,7.75
1076,TVSSRICHAK,INE421C01016,3976.95,20
1077,AXISBANK,INE238A01034,1062.95,9
1078,BGRENERGY,INE661I01014,42.2,100
1079,MAHASTEEL,INE451L01014,104.7,100
1080,TRACXN,INE0HMF01019,102.05,20
1081,RAILTEL,INE0DD101019,385.55,25.55
1082,ACCELYA,INE793A01012,1908.45,20
1083,BSLGOLDETF,INF209KB18D3,62.67,20
1084,COASTCORP,INE377E01016,244.25,20
1085,DYCL,INE600Y01019,423.7,20
1086,ADSL,INE102I01027,152.6,23.67
1087,JSWENERGY,INE121E01018,583.05,20
1088,MONIFTY500,INF247L01BU1,20.75,6
1089,BARBEQUE,INE382M01027,548.35,20
1090,VISAKAIND,INE392A01021,117.25,21.57
1091,TNIDETF,INF277KA1364,80.55,20
1092,KRISHANA,INE506W01012,240.55,20
1093,ELECTCAST,INE086A01029,190,20.2
1094,SUNDARMHLD,INE202Z01029,215,20
1095,PARKHOTELS,INE988S01028,202.9,20
1096,SHRADHA,INE715Y01023,68.35,25.22
1097,VETO,INE918N01018,133.95,20
1098,SMLISUZU,INE294B01019,2083.85,22.62
1099,CAPACITE,INE264T01014,290.8,20.68
1100,BSE,INE118H01025,2890.2,20
1101,AJMERA,INE298G01027,802.3,22.99
1102,IPCALAB,INE571A01038,1276.15,20
1103,FDC,INE258B01022,445.2,20
1104,INSECTICID,INE070I01018,536.3,20
1105,TASTYBITE,INE488B01017,12146,20
1106,GREENLAM,INE544R01021,585.8,20
1107,AEGISCHEM,INE208C01025,439.1,20
1108,VARDHACRLC,INE116G01013,57.05,20
1109,CENTRALBK,INE483A01010,65,21.4
1110,KIOCL,INE880L01014,443.8,28.07
1111,DBREALTY,INE879I01012,213.2,25.35
1112,HINDPETRO,INE094A01015,461.55,20
1113,NDL,INE875G01030,38.75,21.65
1114,AVG,INE680Z01018,598.95,20.82
1115,BAJFINANCE,INE296A01024,7283.4,10.25
1116,NLCINDIA,INE589A01014,231.1,22.29
1117,SURYAROSNI,INE335A01020,575.8,20.77
1118,NV20BEES,INF204KB18I3,139.6,20
1119,LTGILTBEES,INF204KB1882,25.45,10
1120,KESORAMIND,INE087A01019,175.8,20
1121,INGERRAND,INE177A01018,3765.9,20
1122,ABBOTINDIA,INE358A01014,26606.4,20
1123,PARADEEP,INE088F01024,73.85,20
1124,ONMOBILE,INE809I01019,84.1,23.25
1125,NIITMTS,INE342G01023,518.9,20
1126,BRNL,INE727S01012,67.7,100
1127,POCL,INE063E01046,690.7,22.82
1128,UNIVCABLES,INE279A01012,483.05,20
1129,HEUBACHIND,INE492A01029,454.65,20
1130,MANAKSTEEL,INE824Q01011,67.95,100
1131,DEN,INE947J01015,52.9,20
1132,SCI,INE109A01011,225.05,20.42
1133,AVALON,INE0LCL01028,520.1,20
1134,ENIL,INE265F01028,281.85,22.43
1135,RUPA,INE895B01021,263.35,20
1136,IOC,INE242A01010,169.65,20
1137,KANPRPLA,INE694E01014,98.95,20
1138,OBEROIRLTY,INE093I01010,1536.8,20
1139,ADFFOODS,INE982B01027,196.1,20
1140,STEL,INE577L01016,310.8,20.3
1141,BALKRISIND,INE787D01026,2342.75,20
1142,AHLEAST,INE926K01017,150.25,20
1143,IEX,INE022Q01020,144.8,20
1144,SPORTKING,INE885H01011,851.3,20
1145,NIFTY1,INF174K014P6,243.09,6
1146,UNIDT,INE961D01019,241.45,20.25
1147,AXISCADES,INE555B01013,633.9,21.73
1148,ENDURANCE,INE913H01037,1888.15,20
1149,JAIPURKURT,INE696V01013,52.8,23.06
1150,MIDHANI,INE099Z01011,413.3,20
1151,PAR,INE04LG01015,240.25,20
1152,DREAMFOLKS,INE0JS101016,516.45,20
1153,ZOTA,INE358U01012,503.8,20
1154,ANUP,INE294Z01018,3428.05,20
1155,PTL,INE034D01049,42.8,20
1156,ELIN,INE050401020,148.15,20
1157,INDHOTEL,INE053A01029,617.95,20
1158,GANDHITUBE,INE524B01027,760.15,20
1159,PDMJEPAPER,INE865T01018,68.05,21.09
1160,HIMATSEIDE,INE049A01027,144,20
1161,AUTOBEES,INF204KC1337,220.48,20
1162,GENESYS,INE727B01026,697.25,24.09
1163,PNB,INE160A01022,135.1,20
1164,ISGEC,INE858B01029,960.8,20
1165,BIOFILCHEM,INE829A01014,67.75,23.64
1166,SEAMECLTD,INE497B01018,1097.75,100
1167,FSL,INE684F01012,203.3,20
1168,HARIOMPIPE,INE00EV01017,516.25,20
1169,ULTRACEMCO,INE481G01011,10005.1,9
1170,KERNEX,INE202H01019,589.85,20
1171,ASTRAZEN,INE203A01020,5080.5,20
1172,TECH,INF209KB11D8,36.73,20
1173,PRINCEPIPE,INE689W01016,612.25,20
1174,BANKBARODA,INE028A01039,269.45,20
1175,PDSL,INE111Q01021,491.55,20
1176,CENTENKA,INE485A01015,441.1,20
1177,ICICIGI,INE765G01017,1638.3,20
1178,GHCL,INE539A01019,496.9,20
1179,QNIFTY,INF082J01028,2411.33,6
1180,SUNPHARMA,INE044A01036,1619.35,9
1181,GUJAPOLLO,INE826C01016,245.9,100
1182,LIQUIDCASE,INF0R8F01034,101.46,10
1183,QGOLDHALF,INF082J01408,58.87,20
1184,RAMCOCEM,INE331A01037,839.85,20
1185,TIIL,INE545H01011,2268.5,23.34
1186,PPL,INE050001010,402.1,21.4
1187,GLAND,INE068V01023,1775.1,20
1188,BEL,INE263A01024,220.3,20
1189,SAKSOFT,INE667G01023,297.5,20
1190,HONDAPOWER,INE634A01018,2314.05,20
1191,BLKASHYAP,INE350H01032,70.85,20
1192,SKIPPER,INE439E01022,323.2,26.2
1193,FUSION,INE139R01012,498.55,20
1194,BCLIND,INE412G01024,63.3,22.99
1195,MAHESHWARI,INE263W01010,70.15,20
1196,RKEC,INE786W01010,103.4,27.58
1197,CONCOR,INE111A01025,913.65,20
1198,SWARAJENG,INE277A01016,2366.3,20
1199,SGBDEC25XI,IN0020170133,6666,10
1200,UGROCAP,INE583D01011,250.5,20
1201,SCPL,INE501Y01019,428.3,20
1202,GAIL,INE129A01019,186.5,20
1203,AVADHSUGAR,INE349W01017,590.25,20
1204,PURVA,INE323I01011,230.85,24.44
1205,SMSLIFE,INE320X01016,669.65,20
1206,REDTAPE,INE0LXT01019,702.25,20
1207,FAIRCHEMOR,INE0DNW01011,1304.85,20
1208,PATANJALI,INE619A01035,1380.8,20
1209,CREDITACC,INE741K01010,1478.15,20
1210,INDOAMIN,INE760F01028,146.35,23.86
1211,DELHIVERY,INE148O01028,459.95,20
1212,ABFRL,INE647O01011,237,20
1213,SYNCOMF,INE312C01025,13.45,100
1214,LICNETFN50,INF767K01OS7,244.96,7.37
1215,KOHINOOR,INE080B01012,43.05,23.98
1216,HPAL,INE0GSL01024,104.05,20
1217,FINPIPE,INE183A01024,254.8,20
1218,SGBJU29III,IN0020210087,6770.02,10
1219,VSSL,INE050M01012,222.85,20
1220,IOB,INE565A01014,65.85,23.76
1221,AMBIKCO,INE540G01014,1575.8,20
1222,TMB,INE668A01016,494.5,20
1223,RPTECH,INE0J1F01024,338.05,20
1224,SCHAEFFLER,INE513A01022,3293.35,20
1225,DEVIT,INE060X01026,119.7,20
1226,VIKASLIFE,INE161L01027,5.3,100
1227,JTEKTINDIA,INE643A01035,178.25,20
1228,BUTTERFLY,INE295F01017,861.4,20
1229,ICICIPRULI,INE726G01019,605.75,20
1230,GRWRHITECH,INE291A01017,1754.55,20.29
1231,ORIENTCER,INE569C01020,53.2,21.7
1232,QUICKHEAL,INE306L01010,496.5,22.56
1233,CHOICEIN,INE102B01014,289,20
1234,HATSUN,INE473B01035,1025.7,20
1235,ISEC,INE763G01038,719.05,20
1236,SUZLON,INE040H01021,42.95,100
1237,THEMISMED,INE083B01024,227.15,20.73
1238,ABCAPITAL,INE674K01013,205.55,20
1239,PRECWIRE,INE372C01037,134.15,21.19
1240,UTIAMC,INE094J01016,895.75,20
1241,ASALCBR,INE073G01016,535.85,20
1242,BHARATRAS,INE838B01013,8841.3,20
1243,TIMETECHNO,INE508G01029,268.4,20
1244,YASHO,INE616Z01012,1820.2,20
1245,SIMBHALS,INE748T01016,29.6,25.47
1246,BAJAJCON,INE933K01021,233.2,20
1247,GLOBUSSPR,INE615I01010,783.3,20
1248,MANINFRA,INE949H01023,211.6,20
1249,DIXON,INE935N01020,7628.25,20
1250,GOCLCORP,INE077F01035,480.3,22.02
1251,MPSLTD,INE943D01017,1626.5,20.18
1252,CONCORDBIO,INE338H01029,1513.65,20
1253,MSUMI,INE0FS801015,70.6,20
1254,CYIENT,INE136B01020,2164.25,20
1255,SBGLP,INE05ST01010,927.85,20
1256,SGBMAY28,IN0020200088,6797.75,10
1257,SHRIPISTON,INE526E01018,2063.15,20
1258,AMRUTANJAN,INE098F01031,652.2,20
1259,NATIONALUM,INE139A01034,175.35,20
1260,KSCL,INE455I01029,671.1,20
1261,MEDIASSIST,INE456Z01021,521.3,20
1262,BHARTIARTL,INE397D01024,1206.85,9
1263,DALBHARAT,INE00R701025,2026.45,20
1264,HDFCNEXT50,INF179KC1HS2,62.64,7.68
1265,BEPL,INE922A01025,100.95,20
1266,DALMIASUG,INE495A01022,379.7,20
1267,SILVER,INF209KB19F6,80.7,20
1268,STAR,INE939A01011,827.75,20
1269,RPOWER,INE614G01033,33.35,100
1270,ZEEMEDIA,INE966H01019,12.2,25.2
1271,NCLIND,INE732C01016,219.6,20
1272,BAJAJHCARE,INE411U01027,317.2,20
1273,LANDMARK,INE559R01029,790.55,20
1274,IVZINGOLD,INF205K01361,6191.85,20
1275,3IINFOLTD,INE748C01038,45.35,21.95
1276,PRAJIND,INE074A01025,547.55,20
1277,KAKATCEM,INE437B01014,216.55,20
1278,MRPL,INE103A01014,234.95,24.42
1279,LIQUID1,INF174KA1LV5,1000,10
1280,RANEHOLDIN,INE384A01010,1124.25,20
1281,DCW,INE500A01029,56.6,20.06
1282,BHARATFORG,INE465A01025,1151.35,20
1283,HARSHA,INE0JUS01029,409.9,20
1284,VEDL,INE205A01025,309.95,20
1285,POKARNA,INE637C01025,472.15,20
1286,MRO-TEK,INE398B01018,76.65,27.72
1287,WONDERLA,INE066O01014,1046.3,20
1288,AMBUJACEM,INE079A01024,624.7,20
1289,SANGAMIND,INE495C01010,466.05,24.84
1290,VOLTAS,INE226A01021,1217.95,20
1291,SBIETFPB,INF200KA1S22,242.61,20
1292,GENUSPAPER,INE949P01018,20.55,24.26
1293,BIGBLOC,INE412U01025,225.05,22.93
1294,HCG,INE075I01017,361.1,20
1295,EDELWEISS,INE532F01054,73.3,20.09
1296,VBL,INE200M01021,1514.55,20
1297,NAM-INDIA,INE298J01013,521.5,20
1298,CANFINHOME,INE477A01020,808.7,20
1299,COCHINSHIP,INE704P01025,1069.3,23.25
1300,SILVERIETF,INF109KC1Y56,80.91,20
1301,TATAINVEST,INE672A01018,7478,100
1302,PARAS,INE045601015,706.3,20
1303,MAPMYINDIA,INE0BV301023,1895.75,20
1304,DLF,INE271C01023,888.2,20
1305,ICRA,INE725G01011,5502.1,20
1306,CARBORUNIV,INE120A01034,1289,20
1307,NESCO,INE317F01035,850.05,20
1308,GOLDETF,INF769K01JP9,69.15,20
1309,NAGAFERT,INE454M01024,10.75,21.14
1310,SBIETFQLTY,INF200KA1WX6,199.9,20
1311,SRHHYPOLTD,INE917H01012,561.6,20.13
1312,SGBJUN27,IN0020190073,6801,10
1313,MAHSEAMLES,INE271B01025,926.85,20
1314,BALAMINES,INE050E01027,2273.7,20
1315,NAVINFLUOR,INE048G01026,3132.95,20
1316,HERANBA,INE694N01015,324.45,20
1317,INDSWFTLAB,INE915B01019,112.05,20.75
1318,SGBJUL29IV,IN0020210111,6802.37,10
1319,PRECOT,INE283A01014,332.9,100
1320,NIRAJ,INE368I01016,44.75,100
1321,RAMCOSYS,INE246B01019,287.95,20
1322,JMFINANCIL,INE780C01023,78.05,20
1323,EGOLD,INF754K01SE6,71,20
1324,ESILVER,INF754K01SF3,80.85,20
1325,AZAD,INE02IJ01035,1304.45,20
1326,STEELCAS,INE124E01020,656.8,20
1327,SIGACHI,INE0D0K01022,69.6,23.53
1328,LIQUIDIETF,INF109KC1KT9,1000,10
1329,ARCHIES,INE731A01020,32.35,100
1330,LALPATHLAB,INE600L01024,2276.7,20
1331,JKPAPER,INE789E01012,350.05,20
1332,EMSLIMITED,INE0OV601013,443.35,20
1333,INDIACEM,INE383A01012,223.95,20
1334,GENUSPOWER,INE955D01029,257.25,21.17
1335,GPIL,INE177H01021,744.55,20
1336,BLUEDART,INE233B01017,6060.3,20
1337,HEALTHADD,INF740KA1UF4,121.19,20
1338,SILINV,INE923A01015,502.55,20
1339,CAREERP,INE521J01018,303.05,100
1340,RELIGARE,INE621H01010,228.9,20
1341,HITECH,INE106T01025,138.75,21.43
1342,APTECHT,INE266F01018,249.65,20.2
1343,MOM100,INF247L01023,53.01,6.14
1344,KOLTEPATIL,INE094I01018,484.05,20
1345,TOTAL,INE336X01012,104.3,20
1346,CHEMBOND,INE995D01025,536.05,20
1347,RALLIS,INE613A01020,273.6,20
1348,EQUAL50ADD,INF740KA1QK2,290.85,20
1349,MBAPL,INE900L01010,243.55,20
1350,EMIL,INE02YR01019,207.75,20
1351,FINEORG,INE686Y01026,4364.15,20
1352,CIPLA,INE059A01026,1459.55,9.54
1353,LXCHEM,INE576O01020,256.2,20
1354,BBNPPGOLD,INF251K01SU9,69.25,20
1355,GREENPLY,INE461C01038,265.25,20
1356,SOMANYCERA,INE355A01028,615.2,20
1357,KINGFA,INE473D01015,1888.65,20
1358,KITEX,INE602G01020,206.85,20
1359,TEJASNET,INE010J01012,774.7,20
1360,MANAPPURAM,INE522D01027,193.6,20
1361,STLTECH,INE089C01029,128.95,20
1362,MAFANG,INF769K01HF4,91.95,20
1363,ZIMLAB,INE518E01015,98.5,20
1364,TCS,INE467B01029,4003.3,9
1365,EIDPARRY,INE126A01031,588.65,20
1366,NRL,INE0JM501013,97.8,23.17
1367,OSWALSEEDS,INE00IK01029,30.65,20
1368,DONEAR,INE668D01028,103.95,20.99
1369,PNBGILTS,INE859A01011,116.65,20.14
1370,LLOYDSME,INE281B01032,629.1,20
1371,KOTAKSILVE,INF174KA1KU9,78.46,20
1372,DWARKESH,INE366A01041,76.4,20
1373,HUDCO,INE031A01017,207.15,24.27
1374,SGBFEB28IX,IN0020190545,6755.48,10
1375,POWERMECH,INE211R01019,5299.65,20
1376,ADANIGREEN,INE364U01010,1890.85,22.68
1377,TEXMOPIPES,INE141K01013,88.15,24.84
1378,NETWEB,INE0NT901020,1649.1,20
1379,SHALPAINTS,INE849C01026,176.2,20
1380,CONSUMIETF,INF109KC1V42,103.55,20
1381,HDFCMID150,INF179KC1HT0,18.46,6
1382,IDFCFIRSTB,INE092T01019,79.45,20
1383,SHAILY,INE151G01028,542.25,20
1384,ROSSELLIND,INE847C01020,413.55,21.92
1385,BAJAJ-AUTO,INE917I01010,9146.15,9.6
1386,WELENT,INE625G01013,329,20
1387,GLOBALVECT,INE792H01019,132.75,100
1388,PRICOLLTD,INE726V01018,403.95,20
1389,JKLAKSHMI,INE786A01032,869.9,20
1390,PRSMJOHNSN,INE010A01011,184.65,20
1391,GANDHAR,INE717W01049,228.55,20
1392,CIGNITITEC,INE675C01017,1338.4,20
1393,GRAVITA,INE024L01027,1097.25,20
1394,BHEL,INE257A01026,251.5,20
1395,RPPL,INE760W01015,89.6,100
1396,HLVLTD,INE102A01024,31.15,26.88
1397,USHAMART,INE228A01035,339,20
1398,BOSCHLTD,INE323A01026,30790.9,20
1399,BIKAJI,INE00E101023,540.8,20
1400,SECURCRED,INE195Y01010,21.05,29.09
1401,DVL,INE477B01010,356.25,21.39
1402,RATEGAIN,INE0CLI01024,707.75,20
1403,HDFCQUAL,INF179KC1DL6,52.25,20
1404,MAHSCOOTER,INE288A01013,7504.4,20
1405,DABUR,INE016A01026,506.05,20
1406,NGIL,INE236Y01012,54.3,25.03
1407,CHENNPETRO,INE178A01016,940.1,22.7
1408,AGARIND,INE204E01012,857.95,20
1409,EQUITASBNK,INE063P01018,98.35,20
1410,HDFCGROWTH,INF179KC1DJ0,111.23,20
1411,TAKE,INE142I01023,23.2,22.6
1412,ISFT,INE566K01011,125.55,22.8
1413,SPAL,INE212I01016,608.05,20
1414,LYKALABS,INE933A01014,116.25,20
1415,KRBL,INE001B01026,316.8,20
1416,MAHKTECH,INF769K01HS7,12.55,20
1417,NIFTYBEES,INF204KB14I2,249.23,6
1418,SATIA,INE170E01023,127.55,20
1419,CPSEETF,INF457M01133,82.9,20
1420,LOWVOL,INF769K01JU9,182.17,20
1421,DOLATALGO,INE966A01022,77.7,22.49
1422,INTENTECH,INE781A01025,126.25,100
1423,KEI,INE878B01027,3586.95,20
1424,FIBERWEB,INE296C01020,36.05,20.03
1425,DODLA,INE021O01019,853.75,20
1426,UMANGDAIRY,INE864B01027,86.55,22.84
1427,ALPA,INE385I01010,94.8,20.07
1428,SGBNOV24,IN0020160076,6974.99,10
1429,VMART,INE665J01013,2186.2,20
1430,MARATHON,INE182D01020,490.4,20
1431,ALICON,INE062D01024,863.3,20
1432,JUBLFOOD,INE797F01020,464.8,20
1433,MCDOWELL-N,INE854D01024,1120.2,20
1434,SBILIFE,INE123W01016,1463.75,9
1435,AXISNIFTY,INF846K01W98,242.43,6
1436,ALPHAETF,INF769K01KU7,23.92,20
1437,SOLARINDS,INE343H01029,8664.95,20
1438,PARAGMILK,INE883N01014,212.4,20.14
1439,ZEEL,INE256A01028,153.05,26.91
1440,GOLDETFADD,INF740KA1SW3,69,20
1441,SONATSOFTW,INE269A01021,749.7,20
1442,MAHLOG,INE766P01016,433.3,20
1443,CCL,INE421D01022,590.4,20
1444,DANGEE,INE688Y01022,9.2,22.42
1445,OFSS,INE881D01027,8794.05,20
1446,BSL,INE594B01012,183.2,20
1447,TBZ,INE760L01018,120.05,20
1448,JBMA,INE927D01044,1790.3,21.49
1449,HEMIPROP,INE0AJG01018,211.9,20.2
1450,GOACARBON,INE426D01013,968.65,21.31
1451,CUMMINSIND,INE298A01020,3029.75,20
1452,GFLLIMITED,INE538A01037,78.3,20
1453,GPTHEALTH,INE486R01017,182.9,20
1454,SGBDE31III,IN0020230168,6811.1,10
1455,NBCC,INE095N01031,126.6,22.72
1456,REPCOHOME,INE612J01015,444.55,20.23
1457,AWHCL,INE01BK01022,505.4,20
1458,CAMS,INE596I01012,3140.35,20
1459,UJJIVAN,INE334L01012,567.95,20
1460,GUFICBIO,INE742B01025,304.2,20
1461,LFIC,INE850E01012,191.7,100
1462,MANGCHEFER,INE558B01017,116.15,20
1463,INDIGOPNTS,INE09VQ01012,1393,20
1464,SGBOC28VII,IN0020200203,6809.16,10
1465,NAZARA,INE418L01021,676.25,20
1466,DSSL,INE417B01040,1039,26.41
1467,HINDCOMPOS,INE310C01029,416.05,20
1468,STEELCITY,INE395H01011,76.7,20
1469,PREMEXPLN,INE863B01011,1596.25,20.16
1470,ZUARI,INE840M01016,201.25,20.87
1471,STYRENIX,INE189B01011,1554.7,20
1472,MAZDA,INE885E01034,1360.85,20
1473,MATRIMONY,INE866R01028,549.4,20
1474,MPHASIS,INE356A01018,2514.4,20
1475,NV20,INF174K01Z71,138.56,20
1476,JUBLINGREA,INE0BY001018,483.55,20
1477,KOTAKGOLD,INF174KA1HJ8,59.43,20
1478,CLEDUCATE,INE201M01029,88,20
1479,SGBAUG30,IN0020220078,6827.82,10
1480,SSWL,INE802C01033,240.95,20
1481,BBTC,INE050A01025,1652.3,20
1482,BLSE,INE0NLT01010,326.65,20
1483,FOSECOIND,INE519A01011,3297.7,20
1484,GSS,INE871H01011,146.65,100
1485,NIFTYETF,INF769K01EG9,238.08,6
1486,GSEC5IETF,INF109KC14A8,55.7,10
1487,MOMENTUM,INF209KB14K7,31.68,20
1488,SPLPETRO,INE663A01033,676.05,20
1489,ZOMATO,INE758T01015,187,20
1490,RADIOCITY,INE919I01024,18.4,20.94
1491,SHREEPUSHK,INE712K01011,184.45,20
1492,BAYERCROP,INE462A01022,5431.2,20
1493,GMBREW,INE075D01018,743.4,20
1494,HFCL,INE548A01028,97.4,20.79
1495,CRISIL,INE007A01025,4844.95,20
1496,JUNIPER,INE696F01016,505.45,20
1497,HUHTAMAKI,INE275B01026,325.85,20
1498,POWERGRID,INE752E01010,277.65,10.62
1499,HPL,INE495S01016,342.6,23.78
1500,PAISALO,INE420C01059,66.8,27.97
1501,GESHIP,INE017A01032,1024.55,20
1502,APOLLOTYRE,INE438A01022,459.85,20
1503,SREEL,INE099F01013,306.3,20
1504,CELLO,INE0LMW01024,810.35,20
1505,ANANDRATHI,INE463V01026,3531.2,20
1506,TARMAT,INE924H01018,108.15,100
1507,SGBDEC2512,IN0020170141,6801,10
1508,RISHABH,INE0N2P01017,459.35,20
1509,PSUBNKIETF,INF109KC10S8,72.78,20
1510,EMUDHRA,INE01QM01018,685.25,20
1511,RITCO,INE01EG01016,233.45,21.2
1512,SUNTV,INE424H01027,618.4,20
1513,ARCHIDPLY,INE877I01016,101.3,22.46
1514,UNIVASTU,INE562X01013,141.4,20.13
1515,DBCORP,INE950I01011,295.85,100
1516,XELPMOC,INE01P501012,128.15,100
1517,ANMOL,INE02AR01019,49.85,20
1518,SGBFEB32IV,IN0020230184,6786.58,10
1519,SIGMA,INE0A0S01010,431.1,20
1520,ITDCEM,INE686A01026,333.7,20
1521,AROGRANITE,INE210C01013,50.25,20.88
1522,KIRIINDUS,INE415I01015,352.95,20
1523,SINTERCOM,INE129Z01016,128.5,20
1524,EXPLEOSOL,INE201K01015,1299.85,20
1525,OAL,INE959C01023,334.95,20
1526,RHIM,INE743M01012,610.15,20
1527,GOCOLORS,INE0BJS01011,1203.4,20
1528,RELCHEMQ,INE750D01016,237.3,20
1529,LOKESHMACH,INE397H01017,448.25,22.15
1530,MANORG,INE370D01013,340,20
1531,ROUTE,INE450U01017,1617.95,20
1532,BAJAJHIND,INE306A01021,33.35,24.86
1533,AGI,INE415A01038,821,21.82
1534,BRIGADE,INE791I01019,957.8,20
1535,BIRLACABLE,INE800A01015,254.95,24.07
1536,GULFOILLUB,INE635Q01029,1068.6,20
1537,NH,INE410P01011,1289.3,20
1538,HMAAGRO,INE0ECP01024,61.75,20
1539,SGBMR29XII,IN0020200427,6779,10
1540,WOCKPHARMA,INE049B01025,584.7,100
1541,SANGHVIMOV,INE989A01024,1348.25,21.49
1542,UNITEDTEA,INE458F01011,348.55,20
1543,GILT5YBEES,INF204KC1030,55.27,10
1544,GOLDIETF,INF109KC1NT3,60.83,20
1545,ASTRAMICRO,INE386C01029,640.75,20
1546,PCJEWELLER,INE785M01013,59.5,25.2
1547,AGROPHOS,INE740V01019,48.4,27.6
1548,AKG,INE00Y801016,21.3,21.31
1549,KIRLOSBROS,INE732A01036,1174.95,20.99
1550,MALUPAPER,INE383H01017,42.2,100
1551,EKC,INE184H01027,155.45,22.95
1552,SHREDIGCEM,INE232A01011,106.3,20
1553,NESTLEIND,INE239A01024,2549.6,9
1554,UNIONBANK,INE692A01016,159.1,20
1555,PRUDENT,INE00F201020,1323.25,20
1556,DLINKINDIA,INE250K01012,300.5,20
1557,MOTHERSON,INE775A01035,119.6,20
1558,ASHIANA,INE365D01021,304.85,20
1559,INDORAMA,INE156A01020,44.15,20
1560,KIRLOSIND,INE250A01039,4305.85,20
1561,JETFREIGHT,INE982V01025,13.5,22.84
1562,SINDHUTRAD,INE325D01025,29.2,26.14
1563,BANSWRAS,INE629D01020,151.45,20
1564,RAMAPHO,INE809A01024,185.2,20
1565,ERIS,INE406M01024,839.7,20
1566,EIHOTEL,INE230A01023,471.45,20
1567,TITAGARH,INE615H01020,956.1,20.75
1568,CHOLAHLDNG,INE149A01033,1149.65,20
1569,DEVYANI,INE872J01023,155.1,20
1570,DTIL,INE341R01014,205.95,20
1571,EPIGRAL,INE071N01016,1379.4,20
1572,PFOCUS,INE367G01038,109.5,25.1
1573,SKFINDIA,INE640A01023,4500.25,20
1574,SGBJUN31I,IN0020230069,6810.49,10
1575,STCINDIA,INE655A01013,143.9,24.73
1576,ISMTLTD,INE732F01019,97.85,20
1577,TATAGOLD,INF277KA1976,6.94,20
1578,METROBRAND,INE317I01021,1079.3,20
1579,HDFCLOWVOL,INF179KC1HU8,18.28,20
1580,TORNTPOWER,INE813H01021,1475.55,20
1581,IRCON,INE962Y01021,230.85,24.7
1582,TCNSBRANDS,INE778U01029,399.65,20
1583,NAVA,INE725A01022,508.05,20
1584,SALONA,INE498E01010,314.3,20
1585,ASIANTILES,INE022I01019,64.1,20
1586,BBOX,INE676A01027,267.35,20.69
1587,POONAWALLA,INE511C01022,493.7,20
1588,LEMONTREE,INE970X01018,142.15,20
1589,TRF,INE391D01019,438.4,100
1590,KOKUYOCMLN,INE760A01029,128.55,20
1591,JINDALSTEL,INE749A01030,903.35,20
1592,ALPL30IETF,INF109KC1N59,269.89,20
1593,360ONE,INE466L01038,721,20
1594,BLS,INE153T01027,348.7,20.81
1595,LAGNAM,INE548Z01017,127.1,100
1596,BLISSGVS,INE416D01022,117.8,20
1597,INDIAMART,INE933S01016,2538.5,20
1598,EMMBI,INE753K01015,102.5,20
1599,KOTARISUG,INE419A01022,58.4,20
1600,VGUARD,INE951I01027,339.1,20
1601,QUESS,INE615P01015,588.55,20
1602,MINDTECK,INE110B01017,212.5,25.54
1603,GRINFRA,INE201P01022,1359.45,20
1604,MUKANDLTD,INE304A01026,169.15,20
1605,QUAL30IETF,INF109KC15T5,189.9,20
1606,UTTAMSUGAR,INE786F01031,353.45,20
1607,MANYAVAR,INE825V01034,942.35,20
1608,BANKNIFTY1,INF174K01F59,490.91,20
1609,INDIASHLTR,INE922K01024,602.05,20
1610,BBL,INE464A01028,6513.35,20
1611,DYNAMATECH,INE221B01012,8102.65,20
1612,CESC,INE486A01021,137.65,20
1613,KICL,INE029L01018,3906.65,20
1614,SHEMAROO,INE363M01019,158.4,26.51
1615,SJS,INE284S01014,618,20
1616,KRSNAA,INE08LI01020,628.5,20
1617,SKMEGGPROD,INE411D01015,262.2,21.61
1618,PANAMAPET,INE305C01029,344.05,20
1619,VENKEYS,INE398A01010,1732.75,20
1620,ADANIPOWER,INE814H01011,642,20.33
1621,ESABINDIA,INE284A01012,5364.1,20
1622,TEXINFRA,INE435C01024,102.95,22.88
1623,HEIDELBERG,INE578A01017,205.45,20
1624,CGCL,INE180C01042,221.3,20.76
1625,FINIETF,INF109KC17L8,23.68,20
1626,LUXIND,INE150G01020,1182.3,20
1627,GSFC,INE026A01025,236.55,20
1628,VIMTALABS,INE579C01029,470.55,20
1629,MANORAMA,INE00VM01036,450.2,20
1630,ALEMBICLTD,INE426A01027,96.85,20
1631,SURAJEST,INE843S01025,318.4,20
1632,BHARATGEAR,INE561C01019,111.4,20
1633,COALINDIA,INE522F01014,448.85,12.2
1634,RAJRATAN,INE451D01029,644.15,20
1635,SUNTECK,INE805D01034,439.4,20
1636,MEDANTA,INE474Q01031,1356.1,20
1637,KALAMANDIR,INE438K01021,203,20
1638,INDTERRAIN,INE611L01021,75.9,21.68
1639,GLAXO,INE159A01016,1934.65,20
1640,VSTIND,INE710A01016,3641.8,20
1641,ASAHIINDIA,INE439A01020,567.6,20
1642,ADVANIHOTR,INE199C01026,85.5,20
1643,EXXARO,INE0GFE01018,97.6,20
1644,PFC,INE134E01011,415,20
1645,SNOWMAN,INE734N01019,76.25,20
1646,HGS,INE170I01016,829.2,20
1647,LASA,INE670X01014,26.7,23.59
1648,ARIHANTSUP,INE643K01018,358.55,22.79
1649,CRAFTSMAN,INE00LO01017,4485.5,20
1650,ABAN,INE421A01028,60.35,100
1651,XCHANGING,INE692G01013,126.2,22.95
1652,CAPTRUST,INE707C01018,127.35,25.62
1653,MANINDS,INE993A01026,400.55,100
1654,MANAKSIA,INE015D01022,111.75,20
1655,LIQUIDSBI,INF200KA13Z8,1000,10
1656,PRECAM,INE484I01029,219.55,22.79
1657,SGBFEB29XI,IN0020200393,6775,10
1658,VERTOZ,INE188Y01015,768.25,100
1659,KCP,INE805C01028,188,20
1660,SGBJAN27,IN0020180462,6824,10
1661,ZYDUSWELL,INE768C01010,1592.2,20
1662,LUMAXTECH,INE872H01027,490.7,20
1663,ICIL,INE483B01026,374.4,20.38
1664,JAGSNPHARM,INE048B01027,312.75,20
1665,HEG,INE545A01016,2073.35,20
1666,ELECON,INE205B01023,983.3,20
1667,SUBROS,INE287B01021,531,20
1668,SHYAMMETL,INE810G01011,617.3,20
1669,INOXWIND,INE066P01011,540.45,23.19
1670,SHIVALIK,INE788J01021,577.1,20
1671,CROMPTON,INE299U01018,280.65,20
1672,AUTOIETF,INF109KC10V2,21.99,20
1673,JPPOWER,INE351F01018,18.45,100
1674,GALLANTT,INE297H01019,203.7,100
1675,EBBETF0433,INF754K01QX0,1117.17,20
1676,SETFNIFBK,INF200KA1580,485.01,20
1677,WELCORP,INE191B01025,583.65,20
1678,HDFCGOLD,INF179KC1981,60.95,20
1679,DEEPINDS,INE0FHS01024,313.1,20
1680,CAMPUS,INE278Y01022,236.85,20
1681,AMIORG,INE00FF01017,1152.5,20
1682,DHRUV,INE506Z01015,109.5,100
1683,TECHNOE,INE285K01026,806.6,20
1684,JSL,INE220G01021,707.25,20
1685,SGBFEB27,IN0020180561,6880,10
1686,PODDARMENT,INE371C01013,346.1,20
1687,JMA,INE412C01023,103.35,100
1688,CSLFINANCE,INE718F01018,450.85,20
1689,ESAFSFB,INE818W01011,62.35,20
1690,MUTHOOTCAP,INE296G01013,306.8,20
1691,GREAVESCOT,INE224A01026,137.7,20
1692,BHARATWIRE,INE316L01019,313.9,100
1693,SCHAND,INE807K01035,245.95,20
1694,MOL,INE0CT101020,85.9,20
1695,EASEMYTRIP,INE07O001026,45.25,20
1696,PPAP,INE095I01015,202.35,20.51
1697,BASML,INE186H01022,44.25,20
1698,MONQ50,INF247L01AU3,61.8,6
1699,VINDHYATEL,INE707A01012,2511.65,20
1700,RPSGVENT,INE425Y01011,697.75,20
1701,MTARTECH,INE864I01014,1953.6,20
1702,KPIL,INE220B01022,1125.6,20
1703,AARTIIND,INE769A01020,691.85,20
1704,JAGRAN,INE199G01027,107.85,20
1705,RANASUG,INE625B01014,22.75,20
1706,NETWORK18,INE870H01013,91.95,100
1707,VOLTAMP,INE540H01012,9885.5,20
1708,IRCTC,INE335Y01020,998.15,20
1709,SALASAR,INE170V01027,23,24.77
1710,BANKIETF,INF109KC15I8,48.49,20
1711,FACT,INE188A01015,698.3,26.08
1712,CAPITALSFB,INE646H01017,366.45,20
1713,NUVAMA,INE531F01015,4950.95,20
1714,KHAICHEM,INE745B01028,72.15,20.94
1715,RKFORGE,INE399G01023,707.9,20
1716,HITECHGEAR,INE127B01011,919.1,25.29
1717,SAPPHIRE,INE806T01012,1495.65,20
1718,MASPTOP50,INF769K01HP3,42.07,6.25
1719,IGARASHI,INE188B01013,456.45,20
1720,TARSONS,INE144Z01023,436.35,20
1721,SGBJAN29X,IN0020200385,6775,10
1722,KSL,INE907A01026,904.4,20.4
1723,TEAMLEASE,INE985S01024,3031.5,20
1724,GNFC,INE113A01013,693.6,20
1725,DELPHIFX,INE726L01019,236.2,21.04
1726,HTMEDIA,INE501G01024,28.1,20.05
1727,VISHWARAJ,INE430N01022,16.7,20
1728,ETHOSLTD,INE04TZ01018,2557.55,20
1729,KANORICHEM,INE138C01024,117.3,20
1730,5PAISA,INE618L01018,568.45,20
1731,TCI,INE688A01022,856.5,20
1732,KPITTECH,INE04I401011,1510.15,20
1733,VIPCLOTHNG,INE450G01024,38.4,20
1734,DCMSHRIRAM,INE499A01024,942.35,20
1735,TTKHLTCARE,INE910C01018,1622.75,20
1736,LTTS,INE010V01017,5829,20
1737,GRAPHITE,INE371A01025,661.6,20
1738,MAXHEALTH,INE027H01010,822.55,20
1739,GODREJAGRO,INE850D01014,547.05,20
1740,JKIL,INE576I01022,631.7,20
1741,IDEA,INE669E01016,13.35,24.49
1742,SJVN,INE002L01015,131.7,25.46
1743,AIAENG,INE212H01026,3976.65,20
1744,UFLEX,INE516A01017,450.05,20
1745,ALLCARGO,INE418H01029,76.8,20
1746,RITES,INE320J01015,692.4,21.26
1747,EPL,INE255A01020,188.75,20
1748,IKIO,INE0LOJ01019,305.35,20
1749,MARICO,INE196A01026,491.5,20
1750,APEX,INE346W01013,213.35,20
1751,SANDESH,INE583B01015,1273.1,20
1752,GRANULES,INE101D01020,444.55,20
1753,ICICIBANK,INE090A01021,1078.85,9
1754,AXISTECETF,INF846K01Y96,373.08,20
1755,SBIETFIT,INF200KA1S14,374.69,20
1756,HDFCSML250,INF179KC1FB2,151.75,6
1757,ZENTEC,INE251B01027,1035.55,20
1758,ASIANPAINT,INE021A01026,2918.3,9
1759,AVONMORE,INE323B01016,98.4,20
1760,RIIL,INE046A01015,1341.1,20
1761,COFFEEDAY,INE335K01011,61.1,26.13
1762,PRIVISCL,INE959A01019,1066.15,20
1763,FMGOETZE,INE529A01010,357.3,20
1764,BALMLAWRIE,INE164A01016,245.2,20
1765,KAMATHOTEL,INE967C01018,296.6,20.12
1766,GICHSGFIN,INE289B01019,218.45,20
1767,SURYODAY,INE428Q01011,185.25,20
1768,CASTROLIND,INE172A01027,209.05,20
1769,HDFCLIQUID,INF179KC1HE2,1000.01,10
1770,IRB,INE821I01022,63.15,22.25
1771,NELCAST,INE189I01024,142.95,20
1772,OCCL,INE321D01016,710.6,20
1773,TAJGVK,INE586B01026,385.9,20