SERIES,SYMBOL,SECURITY,RECORD_DT,BC_STRT_DT,BC_END_DT,EX_DT,ND_STRT_DT,ND_END_DT,PURPOSE
18,IBULHSGFIN,Sec Re NCD 8.70% Sr.VIII,15/07/2024, , ,15/07/2024, , ,INTEREST PAYMENT         
19,IBULHSGFIN,Sec Re NCD 9.15% Sr.VIII,15/07/2024, , ,15/07/2024, , ,INTEREST PAYMENT         
BE,SHOPERSTOP,Shoppers Stop Limited, ,11/07/2024,18/07/2024,10/07/2024, , ,ANNUAL GENERAL MEETING   
BE,LAGNAM,Lagnam Spintex Limited, ,10/07/2024,16/07/2024,09/07/2024, , ,ANNUAL GENERAL MEETING   
BE,BSOFT,BIRLASOFT LIMITED,12/07/2024, , ,12/07/2024, , ,DIV - RS 4 PER SH        
BE,JUBLFOOD,Jubilant Foodworks Limite,12/07/2024, , ,12/07/2024, , ,DIV - RS 1.20 PER SH     
BE,PETRONET,PETRONET LNG LIMITED,12/07/2024, , ,12/07/2024, , ,DIV - RS 3 PER SH        
BE,NESTLEIND,Nestle India Limited,16/07/2024, , ,16/07/2024, , ,INTDIV - RS 2.75 PER SH  
BE,IDBI,IDBI Bank Limited,16/07/2024, , ,16/07/2024, , ,DIV - RS 1.50 PER SH     
BE,IDFC,IDFC Limited,16/07/2024, , ,16/07/2024, , ,INTDIV - RE 1 PER SH     
BE,NESTLEIND,Nestle India Limited,16/07/2024, , ,16/07/2024, , ,DIV - RS 8.50 PER SH     
BE,DRREDDY,DR. REDDY'S LABORATORIES, ,17/07/2024,19/07/2024,16/07/2024, , ,AGM/DIV - RS 40 PER SH   
BE,IRMENERGY,IRM Energy Limited,12/07/2024, , ,12/07/2024, , ,DIV - RS 1.5 PER SH      
BE,M&MFIN,Mahindra & Mahindra Finan, ,17/07/2024,23/07/2024,16/07/2024, , ,AGM/DIV-RS 6.30 PER SH   
BE,NUCLEUS,Nucleus Software Exports, ,09/07/2024,15/07/2024,08/07/2024, , ,ANNUAL GENERAL MEETING   
BE,TANLA,Tanla Platforms Limited,18/07/2024, , ,18/07/2024, , ,DIV - RS 6 PER SH        
BE,NESTLEIND,Nestle India Limited,16/07/2024, , ,16/07/2024, , ,DIV - RS 8.50 PER SH     
BE,DJML,DJ Mediaprint & Log Ltd, ,08/07/2024,13/07/2024,05/07/2024, , ,AGM/DIV-RE 0.20 PER SH   
BE,NILKAMAL,Nilkamal Limited, ,13/07/2024,19/07/2024,12/07/2024, , ,AGM/DIV - RS 20 PER SH   
BE,SHRADHA,Shradha Infraprojects Ltd,12/07/2024, , ,12/07/2024, , ,DIV - RE 1 PER SH        
BE,SOLARINDS,Solar Industries (I) Ltd, ,05/07/2024,18/07/2024,04/07/2024, , ,AGM/DIV - RS 8.50 PER SH 
BE,POLYCAB,Polycab India Limited, ,10/07/2024,16/07/2024,09/07/2024, , ,AGM/DIV - RS 30 PER SH   
BE,KIRLPNU,Kirloskar Pneumatic Com L, ,13/07/2024,20/07/2024,12/07/2024, , ,AGM/DIV - RS 4 PER SH    
BE,ONWARDTEC,Onward Technologies Ltd, ,13/07/2024,19/07/2024,12/07/2024, , ,AGM/DIV - RS 5 PER SH    
BE,MMFL,MM Forgings Ltd.,16/07/2024, , ,16/07/2024, , ,BONUS 1:1                
BE,ADVENZYMES,Advanced Enzyme Tech Ltd,18/07/2024, , ,18/07/2024, , ,DIV - RE 1.1 PER SH      
BE,UTIAMC,UTI Asset Mngmt Co Ltd, ,19/07/2024,25/07/2024,18/07/2024, , ,DIV/SPDV-RS 24 & RS 23   
BE,RBL,Rane Brake Lining Limited,15/07/2024, , ,15/07/2024, , ,AGM/DIV - RS 30 PER SH   
BE,PPLPHARMA,Piramal Pharma Limited,12/07/2024, , ,12/07/2024, , ,DIV - RS 0.11 PER SH     
BE,KPIGREEN,KPI Global Infra Ltd,18/07/2024, , ,18/07/2024, , ,FVSPLT FRM RS10 TO RS 5  
BE,GEPIL,GE Power India Limited, ,17/07/2024,23/07/2024,16/07/2024, , ,ANNUAL GENERAL MEETING   
BE,WIPRO,WIPRO LTD, ,17/07/2024,18/07/2024,16/07/2024, , ,ANNUAL GENERAL MEETING   
BE,SATINDLTD,Sat Industries Limited,12/07/2024, , ,12/07/2024, , ,DIV - RE 0.15 PER SH     
BE,SEJALLTD,Sejal Glass Limited, ,15/07/2024,19/07/2024,12/07/2024, , ,ANNUAL GENERAL MEETING   
BE,LUPIN,Lupin Limited,16/07/2024, , ,16/07/2024, , ,DIV - RS 8 PER SH        
BE,KPRMILL,K.P.R. Mill Limited, ,16/07/2024,22/07/2024,15/07/2024, , ,AGM/DIV-RS 2.50 PER SH   
BE,JITFINFRA,JITF Infralogistics Ltd, ,16/07/2024,22/07/2024,15/07/2024, , ,ANNUAL GENERAL MEETING   
BE,POONAWALLA,Poonawalla Fincorp Ltd, ,17/07/2024,23/07/2024,16/07/2024, , ,ANNUAL GENERAL MEETING   
BE,TIRUMALCHM,Thirumalai Chemicals Ltd, ,18/07/2024,24/07/2024,16/07/2024, , ,AGM/DIV - RE 1 PER SH    
BE,SUNDARMHLD,Sundaram Finance Hold Ltd, ,06/07/2024,18/07/2024,05/07/2024, , ,AGM/DIV-RS 2.05 PER SH   
BE,AXISBANK,Axis Bank Limited,12/07/2024, , ,12/07/2024, , ,DIV - RE 1 PER SH        
BE,PTL,PTL Enterprises Limited,12/07/2024, , ,12/07/2024, , ,DIV - RS 1.75 PER SH     
BE,TTKHLTCARE,TTK Healthcare Limited, ,18/07/2024,24/07/2024,16/07/2024, , ,AGM/DIV - RS 10 PER SH/  
BE,IDBI,IDBI Bank Limited, ,17/07/2024,23/07/2024,16/07/2024, , ,ANNUAL GENERAL MEETING   
BE,SUNPHARMA,Sun Pharma Industries Ltd,12/07/2024, , ,12/07/2024, , ,DIV - RS 5 PER SH        
BE,CDSL,Central Depo Ser (I) Ltd,16/07/2024, , ,16/07/2024, , ,DIV-RS19/SPLDIV-RS3PERSH 
BE,CROMPTON,Crompt Grea Con Elec Ltd, ,11/07/2024,26/07/2024,10/07/2024, , ,ANNUAL GENERAL MEETING   
BE,WENDT,Wendt (India) Ltd., ,15/07/2024,22/07/2024,12/07/2024, , ,AGM/DIV - RS 20 PER SH   
BE,TITAN,Titan Company Limited, ,28/06/2024,12/07/2024,27/06/2024, , ,AGM/DIV - RS 11 PER SH   
BE,M&M,MAHINDRA & MAHINDRA LTD, ,06/07/2024,31/07/2024,05/07/2024, , ,AGM/DIV-RS 21.1 PER SH   
BE,THEMISMED,Themis Medicare Limited, ,15/07/2024,22/07/2024,12/07/2024, , ,AGM/DIV-RS 0.50 PER SH   
BE,IMPAL,Ind Motor Part & Acc Ltd, ,16/07/2024,24/07/2024,15/07/2024, , ,AGM/DIV - RS 18 PER SH   
BE,IOC,INDIAN OIL CORP LTD,12/07/2024, , ,12/07/2024, , ,DIV - RS 7 PER SH        
BE,SIYSIL,Siyaram Silk Mills Ltd, ,16/07/2024,19/07/2024,15/07/2024, , ,AGM/DIV - RS 4 PER SH    
BE,NDRAUTO,NDR Auto Components Ltd, ,16/07/2024,22/07/2024,15/07/2024, , ,AGM/DIV-RS 3.75 PER SH   
BE,ZYDUSLIFE,Zydus Lifesciences Ltd,26/07/2024, , ,26/07/2024, , ,DIV - RS 3 PER SH        
BE,SAH,Sah Polymers Limited, ,06/07/2024,12/07/2024,05/07/2024, , ,ANNUAL GENERAL MEETING   
BE,ESCORTS,ESCORTS INDIA LTD, ,06/07/2024,18/07/2024,05/07/2024, , ,AGM/DIV - RS 18 PER SH   
BE,JSWSTEEL,JSW Steel Limited, ,10/07/2024,12/07/2024,09/07/2024, , ,AGM/DIV - RS 7.30 PER SH 
BE,JKCEMENT,JK Cement Limited, ,10/07/2024,19/07/2024,09/07/2024, , ,AGM/DIV/SPDV RS15/5      
BE,DIVGIITTS,Divgi Torqtransfer Syst L,22/07/2024, , ,22/07/2024, , ,DIV - RS 2.60 PER SH     
BE,DIVGIITTS,Divgi Torqtransfer Syst L, ,23/07/2024,29/07/2024,22/07/2024, , ,ANNUAL GENERAL MEETING   
BE,ARE&M,Amara Raja Batt Ltd-Depo,18/07/2024, , ,18/07/2024, , ,DIV - RS 5.10 PER SH     
BE,ARE&M,Amara Raja Batt Ltd-Depo, ,19/07/2024,25/07/2024,18/07/2024, , ,ANNUAL GENERAL MEETING   
BE,CANFINHOME,Can Fin Homes Ltd,18/07/2024, , ,18/07/2024, , ,DIV - RS 4 PER SH        
BE,SUMICHEM,Sumitomo Chemical Ind Ltd,19/07/2024, , ,19/07/2024, , ,DIV - RE 0.90 PER SH     
BE,CHENNPETRO,Chennai Petroleum Corp Lt,19/07/2024, , ,19/07/2024, , ,DIV - RS 55 PER SH       
BE,SAFARI,Safari Ind (India) Ltd, ,13/07/2024,26/07/2024,12/07/2024, , ,ANNUAL GENERAL MEETING   
BE,APLLTD,Alembic Pharma Ltd,15/07/2024, , ,15/07/2024, , ,DIV - RS 11 PER SH       
BE,AUBANK,AU Small Finance Bank Ltd,12/07/2024, , ,12/07/2024, , ,DIV - RE 1 PER SH        
BE,BLUESTARCO,Blue Star Limited-Depo, ,20/07/2024,06/08/2024,19/07/2024, , ,DIV - RS 7 PER SH        
BE,GRAPHITE,Graphite India Limited,19/07/2024, , ,19/07/2024, , ,DIV - RS 11 PER SH       
BE,KOTAKBANK,Kotak Mahindra Bank Limit,19/07/2024, , ,19/07/2024, , ,DIV - RS 2 PER SH        
BE,BAJAJELEC,Bajaj Electricals Limited, ,20/07/2024,06/08/2024,19/07/2024, , ,AGM/DIV - RS 3 PER SH    
BE,JSWINFRA,JSW Infrastructure Ltd,19/07/2024, , ,19/07/2024, , ,DIV - RE 0.55 PER SH     
BE,ZENSARTECH,Zensar Technologies LDepo,19/07/2024, , ,19/07/2024, , ,DIV - RS 7 PER SH        
BE,ARVIND,Arvind Limited,19/07/2024, , ,19/07/2024, , ,DIV/SPDIV RS 4.75 PER SH 
BE,ANANTRAJ,Anant Raj Industries Limi, ,14/07/2024,20/07/2024,12/07/2024, , ,AGM/DIV - RE 0.73 PER SH 
BE,BLUEDART,Blue Dart Express Ltd, ,13/07/2024,19/07/2024,12/07/2024, , ,AGM/DIV - RS 25 PER SH   
BE,RANEENGINE,Rane Engine Valve Limited,16/07/2024, , ,16/07/2024, , ,AGM/DIV - RS 5 PER SH    
BE,PIXTRANS,Pix Transmissions Limited,16/07/2024, , ,16/07/2024, , ,DIV - RS 7 PER SH        
BE,RSSOFTWARE,R. S. Software (I) Ltd.,16/07/2024, , ,16/07/2024, , ,INTDIV - RE 0.25 PER SH  
BE,MAHEPC,Mahindra EPC Irrig Ltd, ,15/07/2024,19/07/2024,12/07/2024, , ,ANNUAL GENERAL MEETING   
BE,PRITIKAUTO,Pritika Auto Indus Ltd, ,15/07/2024,17/07/2024,12/07/2024, , ,ANNUAL GENERAL MEETING   
BE,SATINDLTD,Sat Industries Limited, ,13/07/2024,19/07/2024,12/07/2024, , ,ANNUAL GENERAL MEETING   
BE,RITCO,Ritco Logistics Limited, ,14/07/2024,20/07/2024,12/07/2024, , ,EGM                      
BE,DEEPINDS,Deep Industries Limited, ,10/07/2024,16/07/2024,09/07/2024, , ,ANNUAL GENERAL MEETING   
BE,SAFARI,Safari Ind (India) Ltd,12/07/2024, , ,12/07/2024, , ,DIV - RS 1.50 PER SH     
BE,20MICRONS,20 Microns Limited, ,13/07/2024,19/07/2024,12/07/2024, , ,ANNUAL GENERAL MEETING   
BE,20MICRONS,20 Microns Limited,12/07/2024, , ,12/07/2024, , ,DIV - RS 1.25 PER SH     
BE,SHRADHA,Shradha Infraprojects Ltd, ,13/07/2024,27/07/2024,12/07/2024, , ,ANNUAL GENERAL MEETING   
BE,JAYAGROGN,Jayant Agro Organics Ltd.,12/07/2024, , ,12/07/2024, , ,DIV/SPDV - RS 5 & RS 2.5 
BE,ZYDUSWELL,Zydus Wellness Limited,19/07/2024, , ,19/07/2024, , ,DIV - RS 5 PER SH        
BE,LICI,Life Insura Corp of India,19/07/2024, , ,19/07/2024, , ,DIV - RS 6 PER SH        
BE,GATECH,Stampede Capital Ltd,16/07/2024, , ,16/07/2024, , ,RIGHTS 1:1 @ PRM RS 0/-  
BE,GATECHDVR,Stampede Capital Limited,16/07/2024, , ,16/07/2024, , ,RIGHTS 1:1 @ PRM RS 0/-  
BE,INDOWIND,Indowind Energy Limited,16/07/2024, , ,16/07/2024, , ,RIGHTS 1:5 @ PRM RS 12.5 
BE,DHANUKA,Dhanuka Agritech Ltd,19/07/2024, , ,19/07/2024, , ,DIV - RS 6 PER SH        
BE,SHANTIGEAR,Shanthi Gears Ltd, ,20/07/2024,29/07/2024,19/07/2024, , ,DIV - RS 2 PER SH        
BE,JAYAGROGN,Jayant Agro Organics Ltd., ,13/07/2024,18/07/2024,12/07/2024, , ,ANNUAL GENERAL MEETING   
BE,NEULANDLAB,Neuland Laboratories Ltd, ,13/07/2024,15/07/2024,12/07/2024, , ,AGM/DIV - RS 14 PER SH   
BE,DLINKINDIA,D-Link India Ltd, ,13/07/2024,19/07/2024,12/07/2024, , ,AGM/DIV/SPDV-RS 8 & RS 5 
BE,KABRAEXTRU,Kabra Extrus Technik Ltd, ,13/07/2024,19/07/2024,12/07/2024, , ,AGM/DIV-RS 3.50 PER SH   
BE,MAHLOG,Mahindra Logistic Limited, ,13/07/2024,22/07/2024,12/07/2024, , ,AGM/DIV-RS 2.50 PER SH   
BE,MAHLIFE,Mahindra Lifespace DevLtd, ,13/07/2024,24/07/2024,12/07/2024, , ,DIV - RS 2.65 PER SH     
BE,SURANASOL,Surana Solar Ltd, ,16/07/2024,22/07/2024,15/07/2024, , ,ANNUAL GENERAL MEETING   
BE,BAIDFIN,Baid Finserv Limited, ,10/07/2024,16/07/2024,09/07/2024, , ,ANNUAL GENERAL MEETING   
BE,PERSISTENT,Persistent Systems Ltd, ,10/07/2024,16/07/2024,09/07/2024, , ,AGM/DIV - RS 10 PER SH   
BE,MPHASIS,MphasiS Limited, ,11/07/2024,25/07/2024,10/07/2024, , ,AGM/DIV - RS 55 PER SH   
BE,NURECA,Nureca Limited, ,12/07/2024,17/07/2024,11/07/2024, , ,ANNUAL GENERAL MEETING   
BE,ELECON,Elecon Engg Co. Ltd.,19/07/2024, , ,19/07/2024, , ,FVSPLT FRM RS 2 TO RE 1  
BE,CENTRALBK,Central Bank of India, ,10/07/2024,16/07/2024,09/07/2024, , ,ANNUAL GENERAL MEETING   
BE,UJJIVANSFB,Ujjivan Small Financ Bank,12/07/2024, , ,12/07/2024, , ,DIV - RS 1.50 PER SH     
BE,ATUL,Atul Ltd., ,13/07/2024,19/07/2024,12/07/2024, , ,AGM/DIV - RS 20 PER SH   
BE,VIMTALABS,Vimta Labs Limited, ,12/07/2024,18/07/2024,11/07/2024, , ,AGM/DIV - RS 2 PER SH    
BE,WHEELS,Wheels India Ltd, ,11/07/2024,17/07/2024,10/07/2024, , ,AGM/DIV-RS 7.39 PER SH   
BE,CENTURYTEX,CENTURY TEXTILES LTD, ,12/07/2024,23/07/2024,11/07/2024, , ,AGM/DIV - RS 5 PER SH    
BE,INGERRAND,INGERSOLL-RAND INDIA LTD, ,10/07/2024,12/07/2024,09/07/2024, , ,AGM/DIV - RS 20 PER SH   
BE,GRINDWELL,Grindwell Norton Limited, ,10/07/2024,18/07/2024,09/07/2024, , ,AGM/DIV - RS 17 PER SH   
EQ,ZYDUSLIFE,Zydus Lifesciences Ltd,26/07/2024, , ,26/07/2024, , ,DIV - RS 3 PER SH        
EQ,SAH,Sah Polymers Limited, ,06/07/2024,12/07/2024,05/07/2024, , ,ANNUAL GENERAL MEETING   
EQ,ESCORTS,Escorts India Ltd., ,06/07/2024,18/07/2024,05/07/2024, , ,AGM/DIV - RS 18 PER SH   
EQ,JSWSTEEL,JSW Steel Limited, ,10/07/2024,12/07/2024,09/07/2024, , ,AGM/DIV - RS 7.30 PER SH 
EQ,JKCEMENT,JK Cement Limited, ,10/07/2024,19/07/2024,09/07/2024, , ,AGM/DIV/SPDV RS15/5      
EQ,DIVGIITTS,Divgi Torqtransfer Syst L,22/07/2024, , ,22/07/2024, , ,DIV - RS 2.60 PER SH     
EQ,DIVGIITTS,Divgi Torqtransfer Syst L, ,23/07/2024,29/07/2024,22/07/2024, , ,ANNUAL GENERAL MEETING   
EQ,ARE&M,Amara Raja Batt Ltd,18/07/2024, , ,18/07/2024, , ,DIV - RS 5.10 PER SH     
EQ,ARE&M,Amara Raja Batt Ltd, ,19/07/2024,25/07/2024,18/07/2024, , ,ANNUAL GENERAL MEETING   
EQ,CANFINHOME,Can Fin Homes Ltd,18/07/2024, , ,18/07/2024, , ,DIV - RS 4 PER SH        
EQ,SUMICHEM,Sumitomo Chemical Ind Ltd,19/07/2024, , ,19/07/2024, , ,DIV - RE 0.90 PER SH     
EQ,CHENNPETRO,Chennai Petroleum Corp,19/07/2024, , ,19/07/2024, , ,DIV - RS 55 PER SH       
EQ,KOTAKBANK,Kotak Mahindra Bank Limit,19/07/2024, , ,19/07/2024, , ,DIV - RS 2 PER SH        
EQ,SAFARI,Safari Ind (India) Ltd, ,13/07/2024,26/07/2024,12/07/2024, , ,ANNUAL GENERAL MEETING   
EQ,MAHEPC,Mahindra EPC Irrig Ltd, ,15/07/2024,19/07/2024,12/07/2024, , ,ANNUAL GENERAL MEETING   
EQ,APLLTD,Alembic Pharma Ltd,15/07/2024, , ,15/07/2024, , ,DIV - RS 11 PER SH       
EQ,AUBANK,AU Small Finance Bank Ltd,12/07/2024, , ,12/07/2024, , ,DIV - RE 1 PER SH        
EQ,BLUESTARCO,Blue Star Ltd., ,20/07/2024,06/08/2024,19/07/2024, , ,DIV - RS 7 PER SH        
EQ,GRAPHITE,Graphite India Limited,19/07/2024, , ,19/07/2024, , ,DIV - RS 11 PER SH       
EQ,ZYDUSWELL,Zydus Wellness Limited,19/07/2024, , ,19/07/2024, , ,DIV - RS 5 PER SH        
EQ,BAJAJELEC,Bajaj Electricals Limited, ,20/07/2024,06/08/2024,19/07/2024, , ,AGM/DIV - RS 3 PER SH    
EQ,JSWINFRA,JSW Infrastructure Ltd,19/07/2024, , ,19/07/2024, , ,DIV - RE 0.55 PER SH     
EQ,ZENSARTECH,Zensar Technologies -Depo,19/07/2024, , ,19/07/2024, , ,DIV - RS 7 PER SH        
EQ,ARVIND,Arvind Limited,19/07/2024, , ,19/07/2024, , ,DIV/SPDIV RS 4.75 PER SH 
EQ,ANANTRAJ,Anant Raj Industries Limi, ,14/07/2024,20/07/2024,12/07/2024, , ,AGM/DIV - RE 0.73 PER SH 
EQ,BLUEDART,Blue Dart Express Ltd, ,13/07/2024,19/07/2024,12/07/2024, , ,AGM/DIV - RS 25 PER SH   
EQ,RANEENGINE,Rane Engine Valve Limited,16/07/2024, , ,16/07/2024, , ,AGM/DIV - RS 5 PER SH    
EQ,PIXTRANS,Pix Transmissions Limited,16/07/2024, , ,16/07/2024, , ,DIV - RS 7 PER SH        
EQ,RSSOFTWARE,R. S. Software (I) Ltd.,16/07/2024, , ,16/07/2024, , ,INTDIV - RE 0.25 PER SH  
EQ,PRITIKAUTO,Pritika Auto Indus Ltd, ,15/07/2024,17/07/2024,12/07/2024, , ,ANNUAL GENERAL MEETING   
EQ,SATINDLTD,Sat Industries Limited, ,13/07/2024,19/07/2024,12/07/2024, , ,ANNUAL GENERAL MEETING   
EQ,RITCO,Ritco Logistics Limited, ,14/07/2024,20/07/2024,12/07/2024, , ,EGM                      
EQ,DEEPINDS,Deep Industries Limited, ,10/07/2024,16/07/2024,09/07/2024, , ,ANNUAL GENERAL MEETING   
EQ,SAFARI,Safari Ind (India) Ltd,12/07/2024, , ,12/07/2024, , ,DIV - RS 1.50 PER SH     
EQ,20MICRONS,20 Microns Limited, ,13/07/2024,19/07/2024,12/07/2024, , ,ANNUAL GENERAL MEETING   
EQ,20MICRONS,20 Microns Limited,12/07/2024, , ,12/07/2024, , ,DIV - RS 1.25 PER SH     
EQ,SHRADHA,Shradha Infraprojects Ltd, ,13/07/2024,27/07/2024,12/07/2024, , ,ANNUAL GENERAL MEETING   
EQ,JAYAGROGN,Jayant Agro Organics Ltd.,12/07/2024, , ,12/07/2024, , ,DIV/SPDV - RS 5 & RS 2.5 
EQ,LICI,Life Insura Corp of India,19/07/2024, , ,19/07/2024, , ,DIV - RS 6 PER SH        
EQ,GATECH,Stampede Capital Ltd,16/07/2024, , ,16/07/2024, , ,RIGHTS 1:1 @ PRM RS 0/-  
EQ,GATECHDVR,Stampede Capital Limited,16/07/2024, , ,16/07/2024, , ,RIGHTS 1:1 @ PRM RS 0/-  
EQ,INDOWIND,Indowind Energy Limited,16/07/2024, , ,16/07/2024, , ,RIGHTS 1:5 @ PRM RS 12.5 
EQ,DHANUKA,Dhanuka Agritech Ltd,19/07/2024, , ,19/07/2024, , ,DIV - RS 6 PER SH        
EQ,SHANTIGEAR,Shanthi Gears Ltd, ,20/07/2024,29/07/2024,19/07/2024, , ,DIV - RS 2 PER SH        
EQ,JAYAGROGN,Jayant Agro Organics Ltd., ,13/07/2024,18/07/2024,12/07/2024, , ,ANNUAL GENERAL MEETING   
EQ,NEULANDLAB,Neuland Laboratories Ltd, ,13/07/2024,15/07/2024,12/07/2024, , ,AGM/DIV - RS 14 PER SH   
EQ,DLINKINDIA,D-Link India Ltd, ,13/07/2024,19/07/2024,12/07/2024, , ,AGM/DIV/SPDV-RS 8 & RS 5 
EQ,KABRAEXTRU,Kabra Extrus Technik Ltd, ,13/07/2024,19/07/2024,12/07/2024, , ,AGM/DIV-RS 3.50 PER SH   
EQ,MAHLOG,Mahindra Logistic Limited, ,13/07/2024,22/07/2024,12/07/2024, , ,AGM/DIV-RS 2.50 PER SH   
EQ,MAHLIFE,Mahindra Lifespace DevLtd, ,13/07/2024,24/07/2024,12/07/2024, , ,DIV - RS 2.65 PER SH     
EQ,SURANASOL,Surana Solar Ltd, ,16/07/2024,22/07/2024,15/07/2024, , ,ANNUAL GENERAL MEETING   
EQ,BAIDFIN,Baid Finserv Limited, ,10/07/2024,16/07/2024,09/07/2024, , ,ANNUAL GENERAL MEETING   
EQ,PERSISTENT,Persistent Systems Ltd, ,10/07/2024,16/07/2024,09/07/2024, , ,AGM/DIV - RS 10 PER SH   
EQ,MPHASIS,MphasiS Limited, ,11/07/2024,25/07/2024,10/07/2024, , ,AGM/DIV - RS 55 PER SH   
EQ,NURECA,Nureca Limited, ,12/07/2024,17/07/2024,11/07/2024, , ,ANNUAL GENERAL MEETING   
EQ,ELECON,Elecon Engg Co. Ltd.,19/07/2024, , ,19/07/2024, , ,FVSPLT FRM RS 2 TO RE 1  
EQ,CENTRALBK,Central Bank of India, ,10/07/2024,16/07/2024,09/07/2024, , ,ANNUAL GENERAL MEETING   
EQ,SHOPERSTOP,Shoppers Stop Limited, ,11/07/2024,18/07/2024,10/07/2024, , ,ANNUAL GENERAL MEETING   
EQ,BSOFT,BIRLASOFT LIMITED,12/07/2024, , ,12/07/2024, , ,DIV - RS 4 PER SH        
EQ,UJJIVANSFB,Ujjivan Small Financ Bank,12/07/2024, , ,12/07/2024, , ,DIV - RS 1.50 PER SH     
EQ,ATUL,Atul Ltd., ,13/07/2024,19/07/2024,12/07/2024, , ,AGM/DIV - RS 20 PER SH   
EQ,VIMTALABS,Vimta Labs Limited, ,12/07/2024,18/07/2024,11/07/2024, , ,AGM/DIV - RS 2 PER SH    
EQ,WHEELS,Wheels India Ltd, ,11/07/2024,17/07/2024,10/07/2024, , ,AGM/DIV-RS 7.39 PER SH   
EQ,CENTURYTEX,Century Textiles Ltd., ,12/07/2024,23/07/2024,11/07/2024, , ,AGM/DIV - RS 5 PER SH    
EQ,INGERRAND,Ingersoll Rand Ltd., ,10/07/2024,12/07/2024,09/07/2024, , ,AGM/DIV - RS 20 PER SH   
EQ,GRINDWELL,Grindwell Norton Limited, ,10/07/2024,18/07/2024,09/07/2024, , ,AGM/DIV - RS 17 PER SH   
EQ,DRREDDY,Dr. Reddys Lab Ltd, ,17/07/2024,19/07/2024,16/07/2024, , ,AGM/DIV - RS 40 PER SH   
EQ,LAGNAM,Lagnam Spintex Limited, ,10/07/2024,16/07/2024,09/07/2024, , ,ANNUAL GENERAL MEETING   
EQ,JUBLFOOD,Jubilant Foodworks Limite,12/07/2024, , ,12/07/2024, , ,DIV - RS 1.20 PER SH     
EQ,PETRONET,Petronet LNG Limited,12/07/2024, , ,12/07/2024, , ,DIV - RS 3 PER SH        
EQ,NESTLEIND,Nestle India Limited,16/07/2024, , ,16/07/2024, , ,INTDIV - RS 2.75 PER SH  
EQ,IDBI,IDBI Bank Limited,16/07/2024, , ,16/07/2024, , ,DIV - RS 1.50 PER SH     
EQ,IDFC,IDFC Limited,16/07/2024, , ,16/07/2024, , ,INTDIV - RE 1 PER SH     
EQ,NESTLEIND,Nestle India Limited,16/07/2024, , ,16/07/2024, , ,DIV - RS 8.50 PER SH     
EQ,IRMENERGY,IRM Energy Limited,12/07/2024, , ,12/07/2024, , ,DIV - RS 1.5 PER SH      
EQ,M&MFIN,Mahindra & Mahindra Finan, ,17/07/2024,23/07/2024,16/07/2024, , ,AGM/DIV-RS 6.30 PER SH   
EQ,NUCLEUS,Nucleus Software Exports, ,09/07/2024,15/07/2024,08/07/2024, , ,ANNUAL GENERAL MEETING   
EQ,TANLA,Tanla Platforms Limited,18/07/2024, , ,18/07/2024, , ,DIV - RS 6 PER SH        
EQ,NESTLEIND,Nestle India Limited,16/07/2024, , ,16/07/2024, , ,DIV - RS 8.50 PER SH     
EQ,DJML,DJ Mediaprint & Log Ltd, ,08/07/2024,13/07/2024,05/07/2024, , ,AGM/DIV-RE 0.20 PER SH   
EQ,NILKAMAL,Nilkamal Limited, ,13/07/2024,19/07/2024,12/07/2024, , ,AGM/DIV - RS 20 PER SH   
EQ,SHRADHA,Shradha Infraprojects Ltd,12/07/2024, , ,12/07/2024, , ,DIV - RE 1 PER SH        
EQ,ONWARDTEC,Onward Technologies Ltd, ,13/07/2024,19/07/2024,12/07/2024, , ,AGM/DIV - RS 5 PER SH    
EQ,KPIGREEN,KPI Global Infra Ltd,18/07/2024, , ,18/07/2024, , ,FVSPLT FRM RS10 TO RS 5  
EQ,SOLARINDS,Solar Industries (I) Ltd, ,05/07/2024,18/07/2024,04/07/2024, , ,AGM/DIV - RS 8.50 PER SH 
EQ,POLYCAB,Polycab India Limited, ,10/07/2024,16/07/2024,09/07/2024, , ,AGM/DIV - RS 30 PER SH   
EQ,KIRLPNU,Kirloskar Pneumatic Com L, ,13/07/2024,20/07/2024,12/07/2024, , ,AGM/DIV - RS 4 PER SH    
EQ,WIPRO,Wipro Ltd, ,17/07/2024,18/07/2024,16/07/2024, , ,ANNUAL GENERAL MEETING   
EQ,MMFL,MM Forgings Ltd.,16/07/2024, , ,16/07/2024, , ,BONUS 1:1                
EQ,ADVENZYMES,Advanced Enzyme Tech Ltd,18/07/2024, , ,18/07/2024, , ,DIV - RE 1.1 PER SH      
EQ,UTIAMC,UTI Asset Mngmt Co Ltd, ,19/07/2024,25/07/2024,18/07/2024, , ,DIV/SPDV-RS 24 & RS 23   
EQ,RBL,Rane Brake Lining Limited,15/07/2024, , ,15/07/2024, , ,AGM/DIV - RS 30 PER SH   
EQ,PPLPHARMA,Piramal Pharma Limited,12/07/2024, , ,12/07/2024, , ,DIV - RS 0.11 PER SH     
EQ,GEPIL,GE Power India Limited, ,17/07/2024,23/07/2024,16/07/2024, , ,ANNUAL GENERAL MEETING   
EQ,SATINDLTD,Sat Industries Limited,12/07/2024, , ,12/07/2024, , ,DIV - RE 0.15 PER SH     
EQ,SEJALLTD,Sejal Glass Limited, ,15/07/2024,19/07/2024,12/07/2024, , ,ANNUAL GENERAL MEETING   
EQ,LUPIN,Lupin Limited,16/07/2024, , ,16/07/2024, , ,DIV - RS 8 PER SH        
EQ,KPRMILL,K.P.R. Mill Limited, ,16/07/2024,22/07/2024,15/07/2024, , ,AGM/DIV-RS 2.50 PER SH   
EQ,JITFINFRA,JITF Infralogistics Ltd, ,16/07/2024,22/07/2024,15/07/2024, , ,ANNUAL GENERAL MEETING   
EQ,POONAWALLA,Poonawalla Fincorp Ltd, ,17/07/2024,23/07/2024,16/07/2024, , ,ANNUAL GENERAL MEETING   
EQ,TIRUMALCHM,Thirumalai Chemicals Ltd, ,18/07/2024,24/07/2024,16/07/2024, , ,AGM/DIV - RE 1 PER SH    
EQ,TTKHLTCARE,TTK Healthcare Limited, ,18/07/2024,24/07/2024,16/07/2024, , ,AGM/DIV - RS 10 PER SH/  
EQ,SUNDARMHLD,Sundaram Finance Hold Ltd, ,06/07/2024,18/07/2024,05/07/2024, , ,AGM/DIV-RS 2.05 PER SH   
EQ,AXISBANK,Axis Bank Limited,12/07/2024, , ,12/07/2024, , ,DIV - RE 1 PER SH        
EQ,PTL,PTL Enterprises Limited,12/07/2024, , ,12/07/2024, , ,DIV - RS 1.75 PER SH     
EQ,IDBI,IDBI Bank Limited, ,17/07/2024,23/07/2024,16/07/2024, , ,ANNUAL GENERAL MEETING   
EQ,SUNPHARMA,Sun Pharma Industries Ltd,12/07/2024, , ,12/07/2024, , ,DIV - RS 5 PER SH        
EQ,CDSL,Central Depo Ser (I) Ltd,16/07/2024, , ,16/07/2024, , ,DIV-RS19/SPLDIV-RS3PERSH 
EQ,CROMPTON,Crompt Grea Con Elec Ltd, ,11/07/2024,26/07/2024,10/07/2024, , ,ANNUAL GENERAL MEETING   
EQ,WENDT,Wendt (India) Ltd., ,15/07/2024,22/07/2024,12/07/2024, , ,AGM/DIV - RS 20 PER SH   
EQ,THEMISMED,Themis Medicare Limited, ,15/07/2024,22/07/2024,12/07/2024, , ,AGM/DIV-RS 0.50 PER SH   
EQ,TITAN,Titan Company Limited, ,28/06/2024,12/07/2024,27/06/2024, , ,AGM/DIV - RS 11 PER SH   
EQ,M&M,Mah & Mah Ltd., ,06/07/2024,31/07/2024,05/07/2024, , ,AGM/DIV-RS 21.1 PER SH   
EQ,IMPAL,India Motor Parts and Acc, ,16/07/2024,24/07/2024,15/07/2024, , ,AGM/DIV - RS 18 PER SH   
EQ,IOC,Indian Oil Corp. Ltd.,12/07/2024, , ,12/07/2024, , ,DIV - RS 7 PER SH        
EQ,SIYSIL,Siyaram Silk Mills Ltd, ,16/07/2024,19/07/2024,15/07/2024, , ,AGM/DIV - RS 4 PER SH    
EQ,NDRAUTO,NDR Auto Components Ltd, ,16/07/2024,22/07/2024,15/07/2024, , ,AGM/DIV-RS 3.75 PER SH   
GS,84GS2024,GOI LOAN 8.40% 2024,24/07/2024, , , , , ,REDEMPTION               
M3,IBULHSG,Sec Re NCD 9.25% Sr II,12/07/2024, , ,12/07/2024, , ,INTEREST PAYMENT         
MD,IBULHSG,Sec Re NCD 9.25% Sr VIII,12/07/2024, , ,12/07/2024, , ,INTEREST PAYMENT         
MG,IBULHSG,Sec Re NCD 9.71% Sr VIII,12/07/2024, , ,12/07/2024, , ,INTEREST PAYMENT         
MM,IBULHSG,Sec Re NCD 10.25% Sr XII,12/07/2024, , ,12/07/2024, , ,INTEREST PAYMENT         
MO,IBULHSGFIN,Sec Re NCD 8.20% Sr.VI,15/07/2024, , ,15/07/2024, , ,INTEREST PAYMENT         
MP,IBULHSGFIN,Sec Re NCD 8.66% Sr.VI,15/07/2024, , ,15/07/2024, , ,INTEREST PAYMENT         
MS,IBULHSGFIN,Sec Re NCD 8.43% Sr.VIII,15/07/2024, , ,15/07/2024, , ,INTEREST PAYMENT         
MT,IBULHSGFIN,Sec Re NCD 8.89% Sr.VIII,15/07/2024, , ,15/07/2024, , ,INTEREST PAYMENT         
MY,IBULHSGFIN,Sec Re NCD 8.33% Sr.III,15/07/2024, , ,15/07/2024, , ,INTEREST PAYMENT         
MZ,IBULHSGFIN,Sec Re NCD 8.70% Sr.III,15/07/2024, , ,15/07/2024, , ,INTEREST PAYMENT         
N5,IIHFL,Unsec Re NCD 9.60% Sr.II,16/07/2024, , ,16/07/2024, , ,INTEREST PAYMENT         
N8,UGROCAP,Sec Re NCD 10.25% Sr I,12/07/2024, , ,12/07/2024, , ,INTEREST PAYMENT         
N9,IIHFL,Sec Re NCD 8.20% Sr.III,16/07/2024, , ,16/07/2024, , ,INTEREST PAYMENT         
NC,IIFL,IIFL Finance Limited,16/07/2024, , ,16/07/2024, , ,INTEREST PAYMENT         
NC,IIHFL,Sec Re NCD 8.43% Sr.VI,16/07/2024, , ,16/07/2024, , ,INTEREST PAYMENT         
NF,IIFL,IIFL Finance Limited,16/07/2024, , ,16/07/2024, , ,INTEREST PAYMENT         
NL,IIFL,IIFL Finance Limited,16/07/2024, , ,16/07/2024, , ,INTEREST PAYMENT         
NS,IIFL,IIFL Finance Limited,16/07/2024, , ,16/07/2024, , ,INTEREST PAYMENT         
NZ,IIFL,IIFL Finance Limited,16/07/2024, , ,16/07/2024, , ,INTEREST PAYMENT         
SG,505RJ24,SDL RJ 5.05% 2024,25/07/2024, , , , , ,REDEMPTION               
SG,503KL24,SDL KL 5.03% 2024,19/07/2024, , , , , ,REDEMPTION               
SM,SIDDHIKA,Siddhika Coatings Limited,19/07/2024, , ,19/07/2024, , ,BONUS 1:1                
SM,SIDDHIKA,Siddhika Coatings Limited, ,06/07/2024,12/07/2024,05/07/2024, , ,ANNUAL GENERAL MEETING   
SM,DKEGL,D K Enterprises Global L,12/07/2024, , ,12/07/2024, , ,DIV - RS 2 PER SH        
SM,GSTL,Globesecure Techno Ltd,12/07/2024, , ,12/07/2024, , ,RIGHTS 3:4 @ PRM RS 30/- 
SQ,SIDDHIKA,Siddhika Coatings Limited,19/07/2024, , ,19/07/2024, , ,BONUS 1:1                
SQ,GSTL,Globesecure Techno Ltd,12/07/2024, , ,12/07/2024, , ,RIGHTS 3:4 @ PRM RS 30/- 
SQ,DKEGL,D K Enterprises Global L,12/07/2024, , ,12/07/2024, , ,DIV - RS 2 PER SH        
SQ,SIDDHIKA,Siddhika Coatings Limited, ,06/07/2024,12/07/2024,05/07/2024, , ,ANNUAL GENERAL MEETING   
ST,SIDDHIKA,Siddhika Coatings Limited, ,06/07/2024,12/07/2024,05/07/2024, , ,ANNUAL GENERAL MEETING   
ST,GSTL,Globesecure Techno Ltd,12/07/2024, , ,12/07/2024, , ,RIGHTS 3:4 @ PRM RS 30/- 
ST,SIDDHIKA,Siddhika Coatings Limited,19/07/2024, , ,19/07/2024, , ,BONUS 1:1                
ST,DKEGL,D K Enterprises Global L,12/07/2024, , ,12/07/2024, , ,DIV - RS 2 PER SH        
U5,IIHFL,Unsec Re NCD 9.60% Sr.II,16/07/2024, , ,16/07/2024, , ,INTEREST PAYMENT         
U8,UGROCAP,Sec Re NCD 10.25% Sr I,12/07/2024, , ,12/07/2024, , ,INTEREST PAYMENT         
U9,IIHFL,Sec Re NCD 8.20% Sr.III,16/07/2024, , ,16/07/2024, , ,INTEREST PAYMENT         
UC,IIFL,IIFL Finance Limited,16/07/2024, , ,16/07/2024, , ,INTEREST PAYMENT         
UC,IIHFL,Sec Re NCD 8.43% Sr.VI,16/07/2024, , ,16/07/2024, , ,INTEREST PAYMENT         
UF,IIFL,IIFL Finance Limited,16/07/2024, , ,16/07/2024, , ,INTEREST PAYMENT         
UL,IIFL,IIFL Finance Limited,16/07/2024, , ,16/07/2024, , ,INTEREST PAYMENT         
US,IIFL,IIFL Finance Limited,16/07/2024, , ,16/07/2024, , ,INTEREST PAYMENT         
UZ,IIFL,IIFL Finance Limited,16/07/2024, , ,16/07/2024, , ,INTEREST PAYMENT         
Y3,IBULHSG,Sec Re NCD 9.25% Sr II,12/07/2024, , ,12/07/2024, , ,INTEREST PAYMENT         
YD,IBULHSG,Sec Re NCD 9.25% Sr VIII,12/07/2024, , ,12/07/2024, , ,INTEREST PAYMENT         
YG,IBULHSG,Sec Re NCD 9.71% Sr VIII,12/07/2024, , ,12/07/2024, , ,INTEREST PAYMENT         
YM,IBULHSG,Sec Re NCD 10.25% Sr XII,12/07/2024, , ,12/07/2024, , ,INTEREST PAYMENT         
YO,IBULHSGFIN,Sec Re NCD 8.20% Sr.VI,15/07/2024, , ,15/07/2024, , ,INTEREST PAYMENT         
YP,IBULHSGFIN,Sec Re NCD 8.66% Sr.VI,15/07/2024, , ,15/07/2024, , ,INTEREST PAYMENT         
YS,IBULHSGFIN,Sec Re NCD 8.43% Sr.VIII,15/07/2024, , ,15/07/2024, , ,INTEREST PAYMENT         
YT,IBULHSGFIN,Sec Re NCD 8.89% Sr.VIII,15/07/2024, , ,15/07/2024, , ,INTEREST PAYMENT         
YY,IBULHSGFIN,Sec Re NCD 8.33% Sr.III,15/07/2024, , ,15/07/2024, , ,INTEREST PAYMENT         
YZ,IBULHSGFIN,Sec Re NCD 8.70% Sr.III,15/07/2024, , ,15/07/2024, , ,INTEREST PAYMENT         
Z4,IBULHSGFIN,Sec Red NCD Sr. II,15/07/2024, , ,15/07/2024, , ,INTEREST PAYMENT         
Z5,IBULHSGFIN,Sec Red NCD 8.75% Sr. III,15/07/2024, , ,15/07/2024, , ,INTEREST PAYMENT         
Z8,IBULHSGFIN,Sec Red NCD 8.65% Sr. V,15/07/2024, , ,15/07/2024, , ,INTEREST PAYMENT         
Z9,IBULHSGFIN,Sec Red NCD 8.85% Sr. VI,15/07/2024, , ,15/07/2024, , ,INTEREST PAYMENT         

