SYMBOL,SERIES,SECURITY,HIGH/LOW,INDEX FLAG
ACCORD,SM,ACCORD SYNERGY LIMITED,H
ACCURACY,BE,ACCURACY SHIPPING LIMITED,H
ACSAL,SM,ARVIND AND COMPANY,H
ALMONDZ,EQ,ALMONDZ GLOBAL SEC LTD,H
AMBEY,ST,AMBEY LABORATORIES LTD,H
AMJLAND,EQ,AMJ LAND HOLDINGS LIMITED,H
ANIKINDS,EQ,ANIK INDUSTRIES LTD,H
ANKITMETAL,BE,ANKIT MET & POW LTD,H
ATAM,BE,ATAM VALVES LIMITED,H
AZAD,EQ,AZAD ENGINEERING LIMITED,H
BAFNAPH,BE,BAFNA PHARMACEUTICALS LTD,H
BAHETI,SM,BAHETI RECYCLING IND LTD,H
BANG,EQ,BANG OVERSEAS LTD.,H
BIL,BE,BHARTIYA INETRNATIONAL LT,H
CENTEXT,EQ,CENTURY EXTRUSIONS LTD,H
CEREBRAINT,BE,CEREBRA INT TECH LTD,H
CMMIPL,ST,CMM INFRAPROJECTS LIMITED,H
CONTI,SM,CONTINENTAL SEED CHEM LTD,H
COUNCODOS,EQ,COUNTRY CONDO S LIMITED,H
CPS,ST,C P S SHAPERS LIMITED,H
CYBERMEDIA,BE,CYBER MEDIA (INDIA) LTD.,H
DCI,BE,DC INFOTECH AND COMUN LTD,H
DGCONTENT,BE,DIGICONTENT LIMITED,H
DPSCLTD,EQ,DPSC LIMITED,H
DRCSYSTEMS,BE,DRC SYSTEMS INDIA LIMITED,H
DYNAMIC,SM,DYNAMIC SRVCS & SEC LTD,H
EFFWA,ST,EFFWA INFRA & RESEARCH L,H
EIMCOELECO,BE,EIMCO ELECON (INDIA) LTD,H
ESSARSHPNG,EQ,ESSAR SHIPPING LTD,H
EUROTEXIND,EQ,EUROTEX INDUSTRIES LTD,H
FEL,BZ,FUTURE ENTERPRISES LTD,H
FLEXITUFF,BE,FLEXITUFF VENTURES INT L,H
FSC,BZ,FUTURE SUPP CHAIN SOL LTD,H
GATECH,BE,GACM TECHNOLOGIES LIMITED,H
GGBL,ST,GANESH GREEN BHARAT LTD,H
GICL,SM,GLOBE INTL CARRIERS LTD,H
GKWLIMITED,BE,GKW LIMITED,H
GMRP&UI,EQ,GMR POW AND URBAN INFRA L,H
GODHA,BE,GODHA CABCON INSULAT LTD,H
GPECO,SM,GP ECO SOLUTIONS INDIA L,H
GPTINFRA,BE,GPT INFRAPROJECTS LTD,H
HECPROJECT,BE,HEC INFRA PROJECTS LTD,H
HMT,BZ,HMT LTD -,H
INDOTECH,BE,INDO TECH TRANSFORM LTD.,H
INDOWIND,EQ,INDOWIND ENERGY LTD,H
IWEL,EQ,INOX WIND ENERGY LIMITED,H
JUBLINDS,EQ,JUBILANT INDUSTRIES LTD,H
KARMAENG,EQ,KARMA ENERGY LIMITED,H
KAUSHALYA,EQ,KAUSHALYA INFRA DEV LTD.,H
KERNEX,EQ,KERNEX MICROSYS(I) LTD,H
KEYFINSERV,BE,KEYNOTE FIN SERV LTD.,H
KNAGRI,SM,KN AGRI RESOURCES LIMITED,H
LAL,EQ,LORENZINI APPARELS LTD,H
MACPOWER,BE,MACPOWER CNC MACHINES LTD,H
MADHAV,BE,MADHAV MARBLE & GRANITE,H
MADHUCON,BE,MADHUCON PROJECTS LTD.,H
MARINE,EQ,MARINE ELECTRICAL (I) LTD,H
MASON,ST,MASON INFRATECH LIMITED,H
MEGASTAR,EQ,MEGASTAR FOODS LIMITED,H
MONQ50,EQ,MOTILALAMC - MONQ50,H
MPTODAY,SM,M P TODAY MEDIA LIMITED,H
NAGREEKCAP,BE,NAGREEKA CAP & INFR.LTD,H
NEPHROCARE,ST,NEPHRO CARE INDIA LIMITED,H
NILAINFRA,EQ,NILA INFRASTRUCTURES LTD,H
NORBTEAEXP,EQ,NORBEN TEA & EXPORTS LTD,H
OCCL,BE,ORIENTAL CARBN & CHEM LTD,H
OMKARCHEM,BZ,OMKAR SPL CHEM LTD,H
OSIAHYPER,BE,OSIA HYPER RETAIL LIMITED,H
PCCL,ST,PETRO CARBON AND CHEMI L,H
PERFECT,SM,PERFECT INFRAENGINEER LTD,H
PODDARHOUS,BZ,PODDAR HOUSE & DVPT LTD,H
PRITIKA,SM,PRITIKA ENG COMPO LTD,H
RAYMOND,BE,RAYMOND - DEP SETT,H
RELIABLE,EQ,RELIABLE DATA SERVICE LTD,H
RICHA,SM,RICHA INFO SYSTEMS LTD,H
SABAR,SM,SABAR FLEX INDIA LIMITED,H
SADBHAV,BE,SADBHAV ENGINEERING LTD,H
SAMBHAAV,EQ,SAMBHAAV MEDIA LTD,H
SECL,SM,SALASAR EXTERIOR CONT LTD,H
SERVOTECH,EQ,SERVOTECH POWER SYS LTD.,H
SEYAIND,BE,SEYA INDUSTRIES LIMITED,H
SHIGAN,SM,SHIGAN QUANTUM TECH LTD,H
SIDDHIKA,SM,SIDDHIKA COATINGS LIMITED,H
SITINET,BE,SITI NETWORKS LIMITED,H
SOFTTECH,EQ,SOFTTECH ENGINEERS LTD,H
SOLEX,SM,SOLEX ENERGY LIMITED,H
SOMICONVEY,BE,SOMI CONVEYOR BELT. LTD.,H
SPCL,ST,SHIVALIC POWER CONTROL L,H
SUPREMEENG,BE,SUPREME ENGINEERING LTD,H
SURANAT&P,BE,SURANA TELECOM AND POW LT,H
SWARAJ,SM,SWARAJ SUITING LIMITED,H
SYLVANPLY,ST,SYLVAN PLYBOARD (INDIA) L,H
SYNCOMF,EQ,SYNCOM FORMU (I) LTD,H
TBI,SM,TBI CORN LIMITED,H
TECHIN,BE,TECHINDIA NIRMAN LIMITED,H
TECILCHEM,BE,TECIL CHEMICALS,H
TIRUPATIFL,BE,TIRUPATI FORGE LIMITED,H
TPHQ,EQ,TEAMO PRODUCTIONS HQ LTD,H
TVVISION,BE,TV VISION LIMITED,H
UMESLTD,BE,USHA MARTIN EDU & SOL LTD,H
URAVI,BE,URAVI T AND WEDG LAMP LTD,H
UWCSL,SM,ULTRA WIRING CONN SYS LTD,H
V2RETAIL,BE,V2 RETAIL LIMITED,H
VERTEXPLUS,ST,VERTEXPLUS TECHNOLOGIES L,H
VINYAS,SM,VINYAS INNOVATIVE TECH L,H
VMARCIND,SM,V MARC INDIA LIMITED,H
WALCHANNAG,EQ,WALCHANDNAGAR INDUSTRIES,H
WANBURY,EQ,WANBURY LIMITED,H
WINSOME,BE,WINSOME YARNS LIMITED,H
YUKEN,EQ,YUKEN INDIA LIMITED,H
ZENITHSTL,BE,ZENITH STEEL PIP IND LTD,H
AAKASH,BE,AAKASH EXPLORATION SER L,L
AGARWALFT,ST,AGARWAL FLOAT GLASS I LTD,L
AILIMITED,ST,ABHISHEK INTEGRATIONS LTD,L
AIMTRON,SM,AIMTRON ELECTRONICS LTD,L
ALPEXSOLAR,SM,ALPEX SOLAR LIMITED,L
AMEYA,SM,AMEYA PRECISION ENG LTD,L
APS,SM,AUSTRALIAN PREM SOLAR I L,L
ARSHIYA,BE,ARSHIYA LIMITED,L
ASHIMASYN,EQ,ASHIMA LTD,L
ASMS,EQ,BARTRONICS INDIA LIMITED,L
ATMASTCO,SM,ATMASTCO LIMITED,L
AURIONPRO,EQ,AURIONPRO SOLN LTD,L
CCHHL,BE,COUNTRY CLUB HOSP HOL LTD,L
CLOUD,SM,VARANIUM CLOUD LIMITED,L
CMMIPL,ST,CMM INFRAPROJECTS LIMITED,L
CMRSL,SM,CYBER MEDIA RES & SER LTD,L
DPEL,ST,DIVINE POWER ENERGY LTD,L
DREDGECORP,EQ,DREDGING CORP OF INDIA,L
DRONE,SM,DRONE DESTINATION LIMITED,L
DTL,ST,DIENSTEN TECH LIMITED,L
E2E,BE,E2E NETWORKS LIMITED,L
ENERGYDEV,EQ,ENERGY DEVE. CO.LTD,L
ESCONET,SM,ESCONET TECHNOLOGIES LTD,L
FEL,BZ,FUTURE ENTERPRISES LTD,L
GENCON,BE,GENERIC ENG CONS PROJ LTD,L
GEPIL,EQ,GE POWER INDIA LIMITED,L
GKWLIMITED,BE,GKW LIMITED,L
GODHA,BE,GODHA CABCON INSULAT LTD,L
GTLINFRA,EQ,GTL INFRA.LTD,L
HEXATRADEX,EQ,HEXA TRADEX LIMITED,L
IITL,EQ,INDUSTRIAL INV TRUST LTD,L
ISHAN,SM,ISHAN INTERNATIONAL LTD,L
IVP,BE,IVP LIMITED,L
JALAN,SM,JALAN TRANSOLU. INDIA LTD,L
JPASSOCIAT,BE,JAIPRAKASH ASSOCIATES LTD,L
KAUSHALYA,EQ,KAUSHALYA INFRA DEV LTD.,L
KAYA,EQ,KAYA LIMITED,L
KRISHCA,SM,KRISHCA STRAPPING SLTN L,L
LPDC,BE,LANDMARK PR.DEV.CO.LTD,L
LYPSAGEMS,EQ,LYPSA GEMS & JEWEL LTD,L
MAITREYA,SM,MAITREYA MEDICARE LIMITED,L
MAKS,SM,MAKS ENERGY SOL INDIA LTD,L
MANAKALUCO,EQ,MANAK ALUMINIUM CO. LTD.,L
MCLEODRUSS,EQ,MCLEOD RUSSEL INDIA LTD.,L
MCON,SM,MCON RASAYAN INDIA LTD,L
MOKSH,BE,MOKSH ORNAMENTS LIMITED,L
MONOPHARMA,SM,MONO PHARMACARE LIMITED,L
NANDANI-RE,BE,NANDANI CREATION LTD,L
NIRMAN,SM,NIRMAN AGRI GENTICS LTD,L
NOIDATOLL,BE,NOIDA TOLL BRIDGE CO LTD,L
OMAXE,EQ,OMAXE LIMITED,L
ORIANA,SM,ORIANA POWER LIMITED,L
PARACABLES,BE,PARAMOUNT COMM LTD,L
PRATHAM,SM,PRATHAM EPC PROJECTS LTD,L
PTCIL,EQ,PTC INDUSTRIES LIMITED,L
QUADPRO,SM,QUADPRO ITES LIMITED,L
RADAAN,BE,RADAAN MEDIAWORKS (I) LTD,L
RAJTV,BE,RAJ TV NETWORK LTD,L
REFRACTORY,SM,REFRACTORY SHAPES LIMITED,L
RILINFRA,SM,RACHANA INFRA LTD,L
RKDL,BE,RAVI KUMAR DIST. LTD.,L
RSSOFTWARE,BE,R. S. SOFTWARE (INDIA) LI,L
SADBHIN,EQ,SADBHAV INFRA PROJ LTD.,L
SAHANA,SM,SAHANA SYSTEM LIMITED,L
SHREEKARNI,SM,SHREE KARNI FABCOM LTD,L
SHREERAMA,BE,SHREE RAMA MULTI TECH LTD,L
SHRENIK,BE,SHRENIK LIMITED,L
SINDHUTRAD,EQ,SINDHU TRADE LINKS LTD,L
SKYGOLD,BE,SKY GOLD LIMITED,L
SOLARA,EQ,SOLARA ACTIVE PHA SCI LTD,L
SOLARAPP,E1,SOLAR ACT RS.3.50 PPD UP,L
SURAJEST,EQ,SURAJ ESTATE DEVELOPERS L,L
TAPIFRUIT,SM,TAPI FRUIT PROCESSING LTD,L
TBI,SM,TBI CORN LIMITED,L
TECHNOE,BE,TECHNO ELEC & ENG CO. LTD,L
TGL,SM,TEERTH GOPICON LIMITED,L
TIMESCAN,SM,TIMESCAN LOGISTICS IND L,L
TIRUPATI,SM,SHREE TIRUPATI BALAJEE,L
URBAN,SM,URBAN ENVIRO WASTE MGMT L,L
VASA,SM,VASA RETAIL & OVERSEA LTD,L
VEEKAYEM,SM,VEEKAYEM FASH & APP LTD,L
VIPULLTD,EQ,VIPUL LIMITED,L
VIVIANA,SM,VIVIANA POWER TECH LTD,L
WALCHANNAG,EQ,WALCHANDNAGAR INDUSTRIES,L
ZENITHSTL,BE,ZENITH STEEL PIP IND LTD,L
ZTECH,SM,Z-TECH (INDIA) LIMITED,L
