GAIN_LOSS,SECURITY,CLOSE_PRIC,PREV_CL_PR,PERCENT_CG
 ,Nifty 50 Sec., , , 
 , , , , 
G,TATA CONSULTANCY SERV LT,      4183.95,      3923.70,6.63
G,WIPRO LTD,       560.15,       534.10,4.88
G,INFOSYS LIMITED,      1711.75,      1652.70,3.57
G,HCL TECHNOLOGIES LTD,      1560.20,      1511.90,3.19
G,LTIMINDTREE LIMITED,      5572.65,      5407.60,3.05
G,TECH MAHINDRA LIMITED,      1505.05,      1460.60,3.04
G,SHRIRAM FINANCE LIMITED,      2794.40,      2739.00,2.02
G,DR. REDDY S LABORATORIES,      6719.45,      6594.75,1.89
G,TATA CONSUMER PRODUCT LTD,      1152.25,      1131.40,1.84
G,AXIS BANK LIMITED,      1317.30,      1296.75,1.58
G,GRASIM INDUSTRIES LTD,      2843.75,      2801.60,1.5
G,RELIANCE INDUSTRIES LTD,      3193.45,      3161.30,1.02
G,JSW STEEL LIMITED,       934.40,       925.00,1.02
G,LARSEN & TOUBRO LTD.,      3649.35,      3621.10,.78
G,BAJAJ FINANCE LIMITED,      7004.30,      6950.30,.78
G,OIL AND NATURAL GAS CORP.,       307.10,       304.75,.77
G,EICHER MOTORS LTD,      4860.70,      4828.65,.66
G,NESTLE INDIA LIMITED,      2609.00,      2593.20,.61
G,BAJAJ FINSERV LTD.,      1597.25,      1587.85,.59
G,HINDUSTAN UNILEVER LTD.,      2622.25,      2608.85,.51
G,BRITANNIA INDUSTRIES LTD,      5787.05,      5761.30,.45
G,ULTRATECH CEMENT LIMITED,     11602.30,     11554.95,.41
G,CIPLA LTD,      1512.05,      1506.00,.4
G,HERO MOTOCORP LIMITED,      5546.90,      5526.25,.37
G,STATE BANK OF INDIA,       859.70,       856.70,.35
G,INDUSIND BANK LIMITED,      1434.55,      1429.75,.34
G,SBI LIFE INSURANCE CO LTD,      1562.85,      1558.80,.26
G,MAHINDRA & MAHINDRA LTD,      2703.95,      2698.05,.22
G,HDFC LIFE INS CO LTD,       635.55,       634.25,.2
G,ADANI PORT & SEZ LTD,      1486.70,      1483.85,.19
 , , , , 
L,MARUTI SUZUKI INDIA LTD.,     12562.50,     12715.20,-1.2
L,DIVI S LABORATORIES LTD,      4539.30,      4582.50,-0.94
L,COAL INDIA LTD,       496.20,       500.05,-0.77
L,ASIAN PAINTS LIMITED,      2999.15,      3022.05,-0.76
L,BHARAT PETROLEUM CORP  LT,       304.55,       306.60,-0.67
L,KOTAK MAHINDRA BANK LTD,      1832.85,      1844.50,-0.63
L,HINDALCO  INDUSTRIES  LTD,       692.05,       696.30,-0.61
L,TITAN COMPANY LIMITED,      3229.85,      3248.60,-0.58
L,APOLLO HOSPITALS ENTER. L,      6353.90,      6389.05,-0.55
L,ICICI BANK LTD.,      1232.90,      1238.45,-0.45
L,ADANI ENTERPRISES LIMITED,      3065.45,      3078.30,-0.42
L,TATA MOTORS LIMITED,      1016.75,      1020.80,-0.4
L,BAJAJ AUTO LIMITED,      9430.75,      9466.80,-0.38
L,BHARTI AIRTEL LIMITED,      1433.25,      1437.95,-0.33
L,SUN PHARMACEUTICAL IND L,      1577.30,      1581.75,-0.28
L,TATA STEEL LIMITED,       168.69,       168.92,-0.14
 , , , , 
 ,Nifty Next 50 Sec., , , 
 , , , , 
G,INDIAN RAILWAY FIN CORP L,       217.43,       205.98,5.56
G,INFO EDGE (I) LTD,      6861.50,      6613.90,3.74
G,ZOMATO LIMITED,       222.47,       217.14,2.45
G,INDIAN RAIL TOUR CORP LTD,      1043.05,      1029.40,1.33
G,BAJAJ HOLDINGS & INVS LTD,      9903.35,      9773.90,1.32
G,ZYDUS LIFESCIENCES LTD,      1175.15,      1163.35,1.01
G,COLGATE PALMOLIVE LTD.,      3034.80,      3006.85,0.93
G,AVENUE SUPERMARTS LIMITED,      4943.65,      4898.90,0.91
G,MARICO LIMITED,       650.10,       644.80,0.82
G,JIO FIN SERVICES LTD,       350.35,       348.05,0.66
G,BERGER PAINTS (I) LTD,       526.00,       523.40,0.5
G,VEDANTA LIMITED,       449.70,       447.70,0.45
G,ADANI ENERGY SOLUTION LTD,      1004.80,      1001.20,0.36
G,TRENT LTD,      5651.25,      5635.25,0.28
G,INTERGLOBE AVIATION LTD,      4331.65,      4320.40,0.26
G,GODREJ CONSUMER PRODUCTS,      1443.90,      1440.90,0.21
G,DABUR INDIA LTD,       630.00,       629.35,0.1
 , , , , 
L,INDIAN OIL CORP LTD,       167.04,       174.44,-4.24
L,ABB INDIA LIMITED,      8209.25,      8457.95,-2.94
L,POWER FIN CORP LTD.,       555.15,       570.60,-2.71
L,BANK OF BARODA,       250.60,       256.70,-2.38
L,SIEMENS LTD,      7613.55,      7776.00,-2.09
L,CHOLAMANDALAM IN & FIN CO,      1380.70,      1404.80,-1.72
L,ADANI POWER LTD,       709.95,       720.70,-1.49
L,TVS MOTOR COMPANY  LTD,      2439.45,      2475.70,-1.46
L,TATA POWER CO LTD,       434.05,       440.40,-1.44
L,PUNJAB NATIONAL BANK,       117.74,       119.40,-1.39
L,BOSCH LIMITED,     35139.05,     35611.25,-1.33
L,REC LIMITED,       637.35,       645.80,-1.31
L,CANARA BANK,       112.72,       114.15,-1.25
L,DLF LIMITED,       821.70,       831.95,-1.23
L,HINDUSTAN AERONAUTICS LTD,      5489.20,      5547.60,-1.05
L,SAMVRDHNA MTHRSN INTL LTD,       196.82,       198.51,-0.85
L,BHARAT ELECTRONICS LTD,       333.10,       335.50,-0.72
L,ADANI GREEN ENERGY LTD,      1735.25,      1747.05,-0.68
L,HAVELLS INDIA LIMITED,      1908.45,      1920.00,-0.6
L,LIFE INSURA CORP OF INDIA,      1051.55,      1057.35,-0.55
L,VARUN BEVERAGES LIMITED,      1584.50,      1592.45,-0.5
L,ICICI LOMBARD GIC LIMITED,      1865.30,      1874.20,-0.47
L,PIDILITE INDUSTRIES LTD,      3147.65,      3161.45,-0.44
L,AMBUJA CEMENTS LTD,       676.50,       679.15,-0.39
L,SHREE CEMENT LIMITED,     27665.50,     27772.60,-0.39
L,SBI CARDS & PAY SER LTD,       738.65,       741.20,-0.34
L,ICICI PRU LIFE INS CO LTD,       651.15,       653.35,-0.34
L,TORRENT PHARMACEUTICALS L,      2948.45,      2958.40,-0.34
L,GAIL (INDIA) LTD,       228.71,       229.40,-0.3
L,ADANI TOTAL GAS LIMITED,       893.20,       894.60,-0.16
 , , , , 
 ,OTHER SECURITIES, , , 
 , , , , 
G,GP ECO SOLUTIONS INDIA L,       440.40,       367.00,20
G,MEGASTAR FOODS LIMITED,       334.05,       278.40,19.99
G,ARVIND AND COMPANY,        72.75,        60.65,19.95
G,AMJ LAND HOLDINGS LIMITED,        57.05,        49.70,14.79
G,RAILTEL CORP OF IND LTD,       596.90,       520.15,14.76
G,LOTUS EYE HOSP & INST L,        67.61,        58.96,14.67
G,SONATA SOFTWARE LTD,       710.50,       624.55,13.76
G,MUKKA PROTEINS LIMITED,        39.29,        34.70,13.23
G,HPL ELECTRIC & POWER LTD,       633.25,       562.40,12.6
G,IFCI LTD,        69.57,        62.09,12.05
G,CANTABIL RETAIL LTD,       290.65,       259.67,11.93
G,OIL INDIA LTD,       614.45,       551.00,11.52
G,PROZONE REALTY LIMITED,        32.70,        29.40,11.22
G,ONWARD TECHNOLOGIES LTD,       455.55,       412.20,10.52
G,ESSAR SHIPPING LTD,        61.95,        56.32,10
G,SERVOTECH POWER SYS LTD.,       107.29,        97.54,10
G,BANG OVERSEAS LTD.,        51.17,        46.52,10
G,DPSC LIMITED,        20.51,        18.65,9.97
G,LORENZINI APPARELS LTD,        27.82,        25.32,9.87
G,MAHANAGAR TELEPHONE NIGAM,        46.19,        42.31,9.17
G,KPIT TECHNOLOGIES LIMITED,      1865.55,      1709.85,9.11
G,SYNCOM FORMU (I) LTD,        14.56,        13.38,8.82
G,NGL FINE CHEM LIMITED,      2603.30,      2393.30,8.77
G,ALL E TECHNOLOGIES LTD,       284.10,       261.20,8.77
G,HOAC FOODS INDIA LIMITED,       169.95,       156.30,8.73
G,MITTAL LIFE STYLE LIMITED,         2.13,         1.96,8.67
G,ACCELYA SOLN INDIA LTD,      1924.05,      1770.50,8.67
G,DHUNSERI VENTURES LIMITED,       384.65,       354.00,8.66
G,INOX WIND LIMITED,       171.75,       158.10,8.63
G,GENUS P&B LIMITED,        25.14,        23.18,8.46
 , , , , 
L,SEC RE NCD 9.90% SR IV,       910.00,      1195.00,-23.85
L,SEC RE NCD 9.48% SR V,       875.33,      1095.00,-20.06
L,SEC RE NCD 9.71% SR VIII,       816.00,      1000.00,-18.4
L,SEC RE NCD 10.15% SR VII,       940.00,      1135.00,-17.18
L,SEC RE NCD 9.60% SR II,       900.00,      1003.00,-10.27
L,GE POWER INDIA LIMITED,       571.45,       634.90,-9.99
L,SEC RE NCD 9.25% SR II,       977.00,      1080.00,-9.54
L,WINNY IMMIGRA & EDU SER L,       309.80,       342.45,-9.53
L,INTEGRATED PERSO SER LTD,       161.20,       178.00,-9.44
L,JALAN TRANSOLU. INDIA LTD,         3.40,         3.70,-8.11
L,SEC RE NCD 9.71% SR VIII,       910.77,       990.00,-8
L,MALLCOM (INDIA) LIMITED,      1421.85,      1535.45,-7.4
L,SIGNORIA CREATION LIMITED,       148.80,       160.00,-7
L,SURAJ ESTATE DEVELOPERS L,       597.00,       639.55,-6.65
L,SEC RE NCD 9.35% SR IV,      1024.00,      1093.00,-6.31
L,PRECOT LIMITED,       501.20,       534.85,-6.29
L,GO DIGIT GENERAL INS LTD,       341.80,       364.45,-6.21
L,ATUL AUTO LIMITED,       735.70,       784.45,-6.21
L,KCP SUGAR IND CORP LTD.,        51.12,        54.50,-6.2
L,R.P.P INFRA PROJECTS LTD,       163.22,       173.96,-6.17
L,EMKAY TAP & CUT. TOOL LTD,       883.70,       940.00,-5.99
L,LOYAL TEXTILE MILLS LTD,       560.00,       594.70,-5.83
L,PRIME FOCUS LIMITED,       134.98,       143.19,-5.73
L,HARRISON MALAYALAM LTD,       231.85,       245.40,-5.52
L,NUPUR RECYCLERS LIMITED,        90.45,        95.71,-5.5
L,PENTAGON RUBBER LIMITED,       123.10,       130.15,-5.42
L,BHARAT BIJLEE LTD,      5206.90,      5502.40,-5.37
L,KANDARP DG SMART BPO LTD,        36.15,        38.20,-5.37
L,MANGALAM GLOBAL ENT LTD,        29.02,        30.64,-5.29
L,PTL ENTERPRISES LTD,        44.21,        46.66,-5.25
