SYMBOL,SYMBOL P/E,ADJUSTED P/E
AURIONPRO,67.23,67.23
AIAENG,35.51,35.52
ORIENTCER,32.82,38.7
EKC,16.99,16.66
NITINSPIN,15.15,15.15
ENIL,32.25,33.32
GVKPIL,7.32,7.32
KEC,64.5,64.5
BLKASHYAP,42.37,42.37
CENTURYPLY,48.69,48.69
GALLANTT,37.57,37.57
KKCL,27.24,27.24
GPIL,16.85,17.1
EMKAY,13.23,13.23
SWELECTES,30.06,63.49
RATNAMANI,41.17,41.17
JKLAKSHMI,21.46,21.74
ALLCARGO,43.53,57.25
VOLTAMP,57.83,57.83
SELAN,34.91,34.91
HOVS,32.18,32.18
GEECEE,21.52,21.52
GESHIP,7.94,7.94
MANALIPETC,91,80.11
LTFOODS,17.75,17.75
JINDRILL,16.4,16.4
PLASTIBLEN,23.58,23.58
HBLPOWER,61.85,57.54
TIDEWATER,31.53,31.53
PTL,26.22,26.22
GANDHITUBE,18.73,18.73
UNOMINDA,82.02,84.08
PGIL,18.78,18.72
FSL,32.52,32.52
RAJTV,617.51,617.51
BANSWRAS,17.33,17.33
AROGRANITE,43.38,43.38
NDLVENTURE,201.95,201.95
ZENITHSTL,22.95,22.95
ALPHAGEO,276.09,40.57
NAVINFLUOR,66.81,80.62
HGS,31.92,31.92
DLF,126.31,126.31
ALPA,11.22,11.25
CIEINDIA,28.44,28.44
INDOWIND,45.83,40.05
KSCL,17.17,17.17
EDELWEISS,11.93,11.93
RGL,13.2,13.2
COLPAL,61.78,61.13
HITECHCORP,18.51,18.51
BRIGADE,74.96,74.96
MANAKSIA,8.14,6.16
AMBIKCO,15.36,15.36
BIRLAMONEY,17.71,17.71
CORDSCABLE,28.82,28.82
HERCULES,54.41,54.41
SEPC,121.47,121.47
IRB,44.7,44.7
GSS,33.87,33.87
RECLTD,12.02,12.02
NESCO,18.27,18.27
TITAGARH,79.8,79.34
DIGISPICE,20.1,46.18
GOKUL,216.73,17.75
ALMONDZ,16.73,43.93
VINYLINDIA,34.55,34.55
ZFCVINDIA,74.33,74.33
JOCIL,100.72,100.72
ALKALI,126.57,105.43
TPHQ,31.39,31.39
MAWANASUG,12.72,12.72
GKWLIMITED,152.39,152.39
GLOBUSSPR,25.69,25.69
EXPLEOSOL,21.72,21.72
RTNPOWER,1,
REFEX,30.23,30.2
JSWENERGY,72.95,72.95
HINDCOPPER,109.15,109.15
NESTLEIND,100.1,100.47
UNITEDTEA,13.53,13.53
THANGAMAYL,39.34,39.34
TEXMOPIPES,46.56,15.32
PERSISTENT,65.06,65.06
KIRLOSBROS,54.74,55.5
KIRLOSIND,16.66,15.03
TI,33.35,32.65
BAJAJCON,24.82,24.82
UGARSUGAR,44.32,44.32
DEEPAKNTR,46.47,50.22
ASHOKA,11.75,13.57
OBEROIRLTY,32.45,32.45
SHAH,45.45,45.45
IOLCP,18.37,18.37
RPPINFRA,11.28,11.28
KIRLOSENG,44.64,43.63
VADILALIND,21.21,21.21
VSTTILLERS,29.36,29.36
RUSHIL,21.52,21.52
LTF,19.26,19.26
WHEELS,41.88,41.88
RIIL,200.45,200.45
SHREDIGCEM,19.14,19.14
SMLISUZU,27.37,27.37
FACT,464.58,173.34
LAXMIMACH,46.04,46.04
PEL,,35.77
MAHSCOOTER,53.69,53.69
TRENT,147.96,240.09
KCP,11.97,11.94
JBCHEPHARM,48.34,48.34
IONEXCHANG,51.57,51.57
IFBIND,87.77,87.77
HIMATSEIDE,12.1,12.1
GFLLIMITED,308.78,308.78
BHARATFORG,84.42,83.78
ARVIND,28.93,29.07
TATAMOTORS,10.91,10.66
LINDEINDIA,175.53,175.53
ESCORTS,42.67,42.67
ASHOKLEY,24.87,24.39
ZUARIIND,1.74,
TATASTEEL,,63.84
VEDL,22.09,33.1
RELIANCE,27.2,27.2
BATAINDIA,75.13,68.67
CARBORUNIV,74.23,74.23
DICIND,,108.12
MOTOGENFIN,123.13,123.13
RAMCOCEM,47.84,47.84
ADORWELD,30.58,30.58
TORNTPHARM,60.46,63.26
VLSFINANCE,3.38,3.38
SRF,53.08,53.08
BBOX,49.49,39.57
JTEKTINDIA,50.75,53.56
TATAELXSI,55.02,55.02
SANDESH,6.45,6.46
ASHIMASYN,8.67,8.67
ARE&M,33.46,33.46
BALKRISIND,41.38,41.38
RAJSREESUG,19.34,19.34
ONGC,7.12,6.96
TAINWALCHM,36.95,36.95
KPIL,43.87,43.87
JYOTISTRUC,77.61,77.61
BLUEDART,67.88,67.88
SOTL,21.43,21.43
KARURVYSYA,9.79,9.79
WSI,17.98,17.77
ADVANIHOTR,26.18,26.18
WIPRO,25.09,25.09
UNIVCABLES,76.75,76.75
IFCI,67.6,68.15
M&M,30.09,30.09
KABRAEXTRU,47.12,47.12
MODTHREAD,9.45,9.45
MANGLMCEM,40.83,40.83
PCBL,21.04,21.04
OSWALAGRO,341.17,337.81
RUBYMILLS,17.99,17.99
STYRENIX,23.73,23.73
IDBI,16.03,16.03
BRITANNIA,64.93,64.86
DABUR,61.56,61.56
COSMOFIRST,35.58,35.58
HDFCBANK,18.97,18.85
GMBREW,12.58,12.58
INDIANHUME,30.14,30.14
IOC,5.92,5.92
OSWALGREEN,139.85,139.85
HUHTAMAKI,7.31,28.56
RICOAUTO,44.38,42.42
BANCOINDIA,18.52,18.52
MANINDS,29.55,29.55
SIYSIL,12.87,12.87
ONWARDTEC,27.44,27.44
NCC,28.43,27.65
ELGIEQUIP,73.16,73.16
BBTC,8.43,8.15
LICHSGFIN,9.14,9.14
BEPL,29.19,29.19
BANARBEADS,25.63,25.63
PRUDMOULI,11.73,10.9
PRAJIND,47.97,47.97
TFCILTD,20.59,20.59
AGI,22.7,22.7
TATACONSUM,82.86,71.48
ZEEL,71.07,251.19
FMGOETZE,18.07,18.07
ORIENTHOT,49.49,49.49
3MINDIA,76.14,76.14
ANDHRAPAP,6.82,6.82
RALLIS,44.3,44.51
MFSL,90.79,90.79
GREAVESCOT,,312.28
TATAINVEST,101.06,101.06
SUDARSCHEM,17.46,55.68
AKZOINDIA,30.93,30.93
HINDUNILVR,59.59,59.62
FINPIPE,45.68,45.68
DCM,31.15,31.15
HEUBACHIND,25.61,25.61
PVP,10.43,
NAVA,8.59,9.38
AUTOAXLES,18.73,18.73
SWARAJENG,25.4,25.4
ANDHRSUGAR,30.9,29.58
AUSOMENT,14.91,14.91
JAYAGROGN,17.83,17.83
MARICO,55.58,55.58
SANGAMIND,49.01,42.8
MOTHERSON,48.35,46.91
CREST,19.44,19.44
DENORA,50.21,50.21
DYNAMATECH,38.96,74.6
MMFL,23.95,24.13
INDRAMEDCO,18.26,18.26
INDNIPPON,31.26,31.26
HUDCO,32.36,32.36
FDC,26.69,26.69
ADROITINFO,14.27,14.27
INDUSINDBK,12.4,12.4
TRIGYN,21.17,21.17
CUB,11.84,11.84
ITDCEM,32.81,32.81
SONATSOFTW,56.77,4.87
CYBERTECH,23.34,23.34
DHANBANK,18.37,18.37
STCINDIA,21.28,22.87
RSSOFTWARE,29.89,29.89
IVC,33.53,33.53
ALEMBICLTD,38.07,38.07
BSOFT,30.81,30.81
ZYDUSLIFE,30.55,30.49
RAJESHEXPO,27.7,27.7
SHREERAMA,42.08,42.08
IOB,45.14,45.14
AJANTPHARM,33.88,33.88
BLUESTARCO,87.39,87.39
PNBGILTS,33.54,36.42
NLCINDIA,21.37,21.37
USHAMART,28.69,28.69
MRO-TEK,43.88,43.88
TRIDENT,55.06,55.07
ACLGATI,236.4,
JISLJALEQS,57.51,57.51
TCI,26.28,26.08
ASAL,79.95,79.95
SURANAT&P,40.14,40.14
UNIONBANK,7.62,7.62
GODREJIND,47.11,47.11
MARUTI,30.3,30.3
VARDHACRLC,27.69,27.69
WELSPUNLIV,25.18,25.18
TVSELECT,2505.7,2505.7
TVTODAY,25.6,24.18
MUKANDLTD,22.75,22.75
MAHABANK,11.08,11.08
RKFORGE,47.32,47.3
CCL,32.45,32.45
CENTEXT,28.02,28.46
TCS,30.15,29.69
GULFPETRO,13.03,13.03
NTPC,18.56,18.56
JINDALPHOT,57.92,57.92
ALLSEC,27.27,27.27
WELCORP,20.06,20.06
SURYALAXMI,45.27,26.55
63MOONS,7.6,7.6
VHL,374.6,44.1
YESBANK,62.98,62.98
IMPAL,19.19,19.19
PARACABLES,27.3,27.3
AVTNPL,25.97,25.97
LUMAXTECH,23.44,23.44
AUTOIND,32.38,32.47
ORIENTBELL,6939.82,6939.82
TTL,55.75,55.75
SMSPHARMA,43.2,43.2
LAOPALA,28.82,28.82
JKTYRE,14.79,14.45
THEMISMED,85.43,85.43
BALAMINES,32.44,32.44
FORTIS,55.85,56.95
INSECTICID,20.95,20.95
NAGREEKEXP,18.79,18.79
V2RETAIL,92.66,92.66
ADSL,26.69,26.69
CENTRALBK,21.3,21.3
KPRMILL,36.28,36.28
PURVA,227.23,227.23
NAGREEKCAP,1.16,1.16
CENTUM,,361.16
MANGCHEFER,10.06,10.06
MAANALU,24.04,24.04
BAJAJELEC,91.26,91.26
RELIGARE,23.92,50.27
ADANIPORTS,38.78,37.3
KAUSHALYA,3.63,3.63
JYOTHYLAB,48.59,48.59
KALYANIFRG,48.63,48.63
ECLERX,24.14,24.08
TRIL,237.65,237.65
DVL,28.03,28.03
PATINTLOG,29.67,29.67
ARIES,20.63,20.63
CEATLTD,17.38,16.16
JKIL,19.91,19.91
KNRCON,14.35,14.35
ONMOBILE,48.36,48.36
NMDC,12.95,12.48
NAHARCAP,13.58,13.58
VGUARD,79.87,79.87
DPSCLTD,108.22,108.22
BAJAJFINSV,16.26,16.26
BAJAJ-AUTO,35.52,35.52
RPGLIFE,29.64,29.64
RBL,19.9,19.45
RANEENGINE,27.4,20.48
LOTUSEYE,42.07,42.47
UBL,133.81,133.81
20MICRONS,13.95,13.66
TATAMTRDVR,1.13,1.11
COUNCODOS,31.64,31.64
AJMERA,25.68,25.68
VINATIORGA,56.52,56.52
NHPC,28.48,28.48
SUNTECK,118.17,118.17
DEN,12.05,12.05
SARDAEN,19.45,19.37
AHLUCONT,26.36,42.35
GODREJPROP,127.34,127.34
BEARDSELL,18.08,18.08
VASCONEQ,31.55,31.55
DBREALTY,8.64,9.2
LGBBROSLTD,16.49,16.81
ISFT,22.16,22.16
SJVN,64.95,69.85
UMESLTD,135.5,135.5
HMVL,76.7,76.7
BLISSGVS,14.95,7.05
AHLEAST,7.78,10.17
GPPL,34.4,31.43
ADFFOODS,35.42,35.42
KILITCH,39.91,39.91
SASTASUNDR,12.05,12.05
GREENPOWER,55.78,65.07
CANTABIL,34.9,35.58
BEDMUTHA,34.22,34.22
CGCL,48.99,48.99
COALINDIA,9.61,9.61
JINDWORLD,89.77,89.77
JAMNAAUTO,24.68,24.68
PSB,67.63,67.63
SUMMITSEC,27.25,27.25
JUBLINDS,74.98,34.97
TEXRAIL,118,118
DHUNINV,12.6,12.6
PFS,20.75,20.75
SYMPHONY,52.54,52.12
RELAXO,103.23,103.23
ASHIANA,51.4,51.4
DHANUKA,32.05,32.05
PENINLAND,16.86,23.79
THERMAX,96.77,106.97
PREMIERPOL,23.53,23.53
RAYMOND,20.5,19.53
SESHAPAPER,8.72,8.72
SUNDRMFAST,55.57,55.57
EXIDEIND,54.28,54.28
ELECON,41.53,41.53
CRISIL,48.18,48.18
ORIENTPPR,192.95,192.95
NELCO,86.52,86.52
MASTEK,28.52,28.3
LUMAXIND,51.94,51.94
KECL,106.55,106.55
CUMMINSIND,75.08,75.02
JAYBARMARU,38.89,38.89
INFY,26.14,26.14
INDIAGLYCO,19.38,19.38
IGPL,47.32,47.32
GNFC,20.78,20.78
BPCL,5.16,5.03
BASF,44,44
ATUL,63.98,63.98
ACC,21.53,24.25
SCI,25.16,25.16
MRPL,11.83,11.81
HINDPETRO,5.24,5.24
BAJAJHLDNG,77.17,77.17
VOLTAS,129.44,129.44
BODALCHEM,155.72,155.72
FILATEX,22.87,22.87
VASWANI,12.62,12.62
PANAMAPET,12.68,12.68
SHAKTIPUMP,60.59,60.59
JISLDVREQS,.91,.91
RUPA,32.31,31.09
APLAPOLLO,58.82,58.82
IRFC,41.88,41.88
COMPUSOFT,38.19,38.19
RHIM,,47.66
NDL,16.21,16.21
HEXATRADEX,37.04,37.04
SWANENERGY,39.12,39.12
RTNINDIA,25.88,23.18
PROZONER,185.96,185.96
THEJO,59.49,59.49
KITEX,25.82,25.82
ROSSELLIND,178.3,176.83
TVSHLTD,14.72,14.7
VETO,15.22,15.22
INDUSTOWER,17.6,17.6
ORBTEXP,15.77,15.77
NATHBIOGEN,11.4,12.24
HATSUN,96.13,96.13
GULFOILLUB,19.68,19.68
CIGNITITEC,22.24,22.24
MONTECARLO,23.39,23.39
LAMBODHARA,35.66,35.66
MOLDTKPAC,39.63,39.63
LINC,26.46,26.46
JMA,9.18,9.18
IMAGICAA,7.59,129.03
LFIC,6.16,6.16
VIPULLTD,2.47,2.44
UFO,41.91,37.95
SKIPPER,50.84,50.84
SYNGENE,58.09,57.08
SATIN,5.39,5.39
SHREEPUSHK,21.41,21.41
IDFCFIRSTB,18.82,18.82
LUXIND,43.8,43.8
KRIDHANINF,,68.18
NH,31.95,31.95
QUICKHEAL,112.32,112.32
NECCLTD,33.23,33.23
GOKULAGRO,18.56,18.56
HECPROJECT,26.08,26.08
BHARATWIRE,17.87,17.87
SAGARDEEP,70.05,70.05
ARMANFIN,12.36,12.36
ASPINWALL,21.98,21.98
PREMEXPLN,136.74,136.74
INCREDIBLE,32.96,32.96
DAMODARIND,21.13,21.13
MOLDTECH,27.53,27.53
LLOYDSENGG,120.01,120.01
LTIM,34.93,34.93
GATECH,44.19,44.19
MINDTECK,32.68,32.68
SPAL,22.79,22.79
MBAPL,80.48,80.48
CUPID,32.59,32.59
CROWN,58.02,58.02
MARATHON,22.69,22.69
SAKAR,62.47,62.47
PANSARI,35.58,35.58
ARTNIRMAN,150.39,150.39
MAZDA,20.47,20.47
KINGFA,23.99,23.99
NBIFIN,68.77,68.77
JETFREIGHT,325.59,
SFL,51.87,64.09
LAURUSLABS,151.14,151.14
HISARMETAL,17.69,17.69
LIBAS,8.67,8.67
CAPTRUST,91.34,91.34
MAHESHWARI,14.96,14.96
BSE,45.12,92.58
MCL,81.5,81.5
STEELCITY,12.01,12.01
JITFINFRA,22.92,27.74
KRISHANA,42.29,42.29
SANGINITA,60.9,60.9
AKASH,323.59,323.59
TASTYBITE,63.01,63.01
AIRAN,30.94,30.94
ARIHANTSUP,21.02,21.02
NRAIL,6.66,6.66
CREATIVE,22.39,22.39
DEVIT,28.66,28.66
MKPL,38.97,38.97
INFOBEAN,48.56,48.56
BHAGYANGR,8.23,8.23
GLOBE,22.71,22.71
TEJASNET,368.38,368.38
STEELXIND,141.18,141.18
AVADHSUGAR,10.41,10.41
THEINVEST,68.7,68.7
TOTAL,139.83,139.83
SIS,39.42,39.42
VAISHALI,234.17,234.17
GEEKAYWIRE,12.95,12.95
SERVOTECH,184.23,184.23
APEX,50.09,50.09
CHOLAHLDNG,7.24,7.24
DPWIRES,27.43,27.43
RKEC,15.19,15.19
GATECHDVR,16.06,16.06
TIRUPATIFL,46.34,46.34
TCPLPACK,22.51,22.51
DPABHUSHAN,48.73,48.73
TIINDIA,69.36,69.37
IFGLEXPOR,29.01,29.01
VERTOZ,105.1,105.1
SILVERTUC,57.62,57.62
TOUCHWOOD,49.73,49.75
AJOONI,55.63,55.63
BCONCEPTS,60.68,60.68
SOUTHWEST,43.09,45.75
HINDCON,40.95,40.95
UNIINFO,72.67,72.67
MACPOWER,56.35,56.35
SUNDARMHLD,31.45,31.45
URAVI,286.67,286.67
SANDHAR,32.31,33.11
KAPSTON,30.89,30.89
MMP,31.31,31.31
CHEMFAB,33.78,33.78
AAKASH,23.26,23.26
GODHA,128.32,128.32
INDOSTAR,26.58,26.58
SIRCA,36.75,36.75
SVLL,81.15,81.15
PRITI,19.44,19.44
ACCURACY,396.53,396.53
RITES,35.27,35.27
GANGAFORGE,193.38,197.59
REPL,22.57,22.57
AVROIND,28.15,28.15
TEMBO,20.66,21.12
CREDITACC,14.05,14.05
AARON,43.76,43.76
LAGNAM,18.71,18.71
RPPL,30.63,30.63
AKG,45.58,45.58
IRCON,34.06,34.06
AHLADA,11.07,11.07
RAJMET,23.11,23.11
AAVAS,28.87,28.87
KSHITIJPOL,40.8,
KRITIKA,51.47,51.47
SILGO,21.01,21.01
VINNY,28.09,28.09
BBTCL,30.31,30.31
MARINE,117.38,117.98
IRISDOREME,42.84,42.84
ATGL,151.46,151.46
TECHNOE,58.15,58.15
UNIPARTS,18.46,18.46
SHRIRAMPPS,4.9,4.9
AWHCL,16.6,16.6
RPSGVENT,12.16,12.16
MSTCLTD,30.26,30.26
OSIAHYPER,15.95,15.95
ANUP,34.2,34.2
ARVINDFASN,67.23,64.44
PAR,20.14,20.14
RVNL,89.39,89.39
POLYCAB,55.21,55.21
METROPOLIS,82.09,82.09
KPITTECH,78.25,78.25
NEOGEN,123.57,123.57
VIKASLIFE,62.55,36.18
EMAMIPAP,10.23,10.23
CONFIPET,25.21,25.21
PPL,13.56,13.56
DGCONTENT,36.59,36.59
INDIAMART,44.23,44.05
OAL,160.89,160.89
SATIA,6.38,6.38
AFFLE,66.52,66.52
SPANDANA,10.37,10.37
WESTLIFE,191.17,191.17
UJJIVANSFB,6.84,6.84
IRCTC,74.12,71.37
SAFARI,59.76,59.76
360ONE,43.71,43.71
HPIL,128.59,128.59
FLUOROCHEM,81.93,81.93
GREENPANEL,27.52,27.52
CHEMBOND,19.19,19.19
MGEL,24.98,24.98
SBICARD,29.28,29.28
HOMEFIRST,30.67,30.67
CSBBANK,11.23,11.23
EASEMYTRIP,70.65,42.73
ROSSARI,34.24,34.24
PRINCEPIPE,41.16,44.71
ESAFSFB,6.38,6.38
ARTEMISMED,60.82,60.82
SUMICHEM,66.89,66.89
LGHL,91.01,95.97
MAHEPC,261.58,203.18
UNIVPHOTO,13.55,13.55
SUVENPHAR,72.4,72.4
POWERINDIA,328.15,328.15
KSOLVES,38.76,38.76
HAPPSTMNDS,49.84,51.92
AARTISURF,28.48,28.48
BOROLTD,59.15,59.15
MAXHEALTH,82.46,82.46
PAVNAIND,49.34,49.34
KALYANKJIL,86.98,86.98
SHAREINDIA,14.31,14.29
UNIDT,49.15,49.15
ANGELONE,17.7,17.7
ADL,1799.82,1799.82
SURYODAY,8.93,8.93
UTIAMC,16.65,16.65
RAILTEL,67.8,70.47
BECTORFOOD,59.34,59.34
ORCHPHARMA,61.85,61.85
INDIGOPNTS,49.82,49.82
LXCHEM,61.98,61.98
MTARTECH,109.95,109.95
ANURAS,48.89,48.89
KANPRPLA,294.35,294.35
STYLAMIND,26.53,26.36
CLSEL,9.82,9.82
CARYSIL,38.1,38.1
MODISONLTD,20.83,26.17
BCLIND,14.74,14.67
BHAGCHEM,180.2,180.2
SMCGLOBAL,8.84,8.84
ARIHANTCAP,10.71,10.71
NAZARA,77.67,76.96
GENCON,29.92,29.92
HLEGLAS,74.75,69.78
SONACOMS,81.54,80.52
DRCSYSTEMS,27.73,27.73
PARAS,194.9,194.9
DODLA,40.42,40.42
EXXARO,179.82,179.82
ROLEXRINGS,38.75,35.13
SHYAMMETL,18.13,18.14
KIMS,51.48,51.48
TATVA,88.75,88.75
CLEAN,65.4,65.4
ABSLAMC,24.73,24.73
ZOMATO,546.07,546.07
WINDLAS,25.62,25.62
KRSNAA,38.12,38.12
APTUS,26.91,26.91
SUPRIYA,26.92,26.92
VIJAYA,68.19,67.34
VINEETLAB,58.35,58.35
SANSERA,39.89,39.89
PRITIKAUTO,26.79,26.79
AAREYDRUGS,27.12,27.12
INTLCONV,8.25,8.25
HPAL,44.94,45.31
UGROCAP,21.2,21.2
YUKEN,102.86,102.86
SGIL,48.4,48.4
ANANDRATHI,70.41,70.41
SJS,29.33,29.33
FINOPB,30.58,30.58
POLICYBZR,1009.78,1009.78
NYKAA,1162.51,1162.51
AWL,254.53,203.48
MONARCH,14.77,14.76
SAPPHIRE,190.74,190.74
PRUDENT,59.6,59.6
EPIGRAL,31.46,31.46
NUVOCO,86.05,86.05
GOCOLORS,69.4,69.4
TRACXN,149.66,149.66
CMSINFO,24.72,24.72
FUSION,8.77,8.77
COASTCORP,74.72,74.72
TARSONS,61.78,61.78
MEDPLUS,156.49,156.49
TEGA,63.06,63.06
RATEGAIN,65.76,65.76
MANORG,77.03,77.03
LATENTVIEW,68.75,68.75
METROBRAND,87.11,87.11
MICEL,32.9,36.76
PASUPTAC,27.52,27.52
FOODSIN,23.69,23.67
PARADEEP,72.24,72.24
MAPMYINDIA,96.45,96.45
TMB,7.07,7.07
KRITI,45.2,45.2
MANYAVAR,61.59,61.59
GANESHBE,18.15,18.13
GVPTECH,71.36,71.36
DMCC,66.3,66.3
MEDICAMEQ,62.87,62.87
EMIL,48.77,48.77
SHIVALIK,57.94,57.94
UMAEXPORTS,27.95,27.15
DATAPATTNS,104.61,104.61
MEDANTA,70.03,70.03
AHL,29.61,29.61
MALLCOM,26.38,26.38
IRIS,53.08,53.08
ASIANENE,52.92,49.37
SMLT,18.17,18.17
NRL,77.26,77.26
RADIANTCMS,20.03,20.03
CHOICEIN,59.37,59.37
HARIOMPIPE,31.15,31.15
GRWRHITECH,26.29,26.29
DCMSRIND,16.57,16.57
RAJRILTD,285.39,285.39
EMUDHRA,96.82,96.82
DYCL,34.1,34.1
FIVESTAR,28.82,28.82
STARTECK,17.56,17.56
VIRINCHI,24.44,24.44
SBC,63.69,63.69
ELDEHSG,29.14,29.14
ELIN,75.31,75.31
SEJALLTD,110,110
MHLXMIRU,20.31,20.31
RELCHEMQ,58.93,58.93
GATEWAY,22.32,22.32
SYRMA,68.97,68.45
ZIMLAB,31.12,31.12
JTLIND,33.62,33.62
CAMPUS,100.29,100.29
RAINBOW,58.12,58.12
VENUSPIPES,50.64,50.64
AETHER,144.54,76.81
ROTO,52.97,52.97
MEGASTAR,49.29,49.29
INDOBORAX,15.61,15.61
LANDMARK,48.29,46.76
RACE,385.14,385.14
AVONMORE,27.26,27.26
ETHOSLTD,126.32,126.32
DREAMFOLKS,36.95,36.95
MSUMI,50.42,50.42
DHARMAJ,25.78,25.78
HARSHA,45.64,45.64
OBCL,30.66,30.66
GMRP&UI,135.97,
INDOAMIN,22.08,22.08
INOXGREEN,171.32,171.32
ACI,27.69,27.69
BIKAJI,66.73,66.73
RITCO,23.94,23.94
SADHNANIQ,510.69,510.69
CHEVIOT,12.1,12.1
MEDICO,39.43,39.43
KFINTECH,52.36,52.36
DCXINDIA,63.83,63.83
KAYNES,143.7,143.7
AXITA,27.11,27.11
PLAZACABLE,102.32,102.32
TRU,51.31,51.31
TIPSFILMS,214.85,214.85
SPLPETRO,47.7,47.7
CSLFINANCE,16.89,16.89
RUSTOMJEE,109.66,109.66
GENSOL,69.92,69.8
GSLSU,48.58,48.58
MANORAMA,96.18,96.18
GRMOVER,20.68,20.68
SULA,45.24,45.24
KRITINUT,13.22,13.22
KALAMANDIR,26.36,26.36
AVALON,126.32,126.32
BAIDFIN,17.2,17.2
BLUEJET,60.84,57.51
SCPL,29.93,29.93
SUKHJITS,14.4,14.4
SKYGOLD,73.17,73.17
DIVGIITTS,53.98,53.98
IKIO,39.05,39.05
MANOMAY,26.32,26.32
AARTIPHARM,25.63,25.63
RHL,63.99,63.99
NINSYS,56.29,56.29
SBGLP,77.53,77.53
ASMS,459.09,299.36
ZAGGLE,83.13,83.13
RISHABH,42.74,42.74
IRMENERGY,29.36,29.36
CYIENTDLM,101.74,101.74
RATNAVEER,25.4,25.4
ATAM,36.34,36.34
IDEAFORGE,79.68,79.68
POCL,38.31,38.31
REDTAPE,77.69,77.69
PTCIL,508.13,508.13
PYRAMID,22.83,22.83
EMSLIMITED,27.38,27.38
GHCLTEXTIL,35.25,35.25
UDS,31.76,31.76
KIRLPNU,67.36,64.43
RRKABEL,90.94,91.07
JLHL,49.35,49.37
NUVAMA,33.65,33.65
NIITMTS,28.9,28.39
SINDHUTRAD,44.76,44.74
SANDUMA,45.86,45.86
MUFIN,146.97,141.28
JIOFIN,242.7,242.7
DIAMINESQ,68.61,68.61
AMNPLST,68.05,68.05
SUZLON,112.9,104.43
TRIVENI,23,23
NAHARINDUS,62.37,51.6
VIMTALABS,27.9,27.9
CELEBRITY,62.05,63.46
ROHLTD,20.41,20.41
GSPL,8.23,8.39
JAGRAN,12.82,12.82
SAKUMA,24.24,24.24
JKCEMENT,42.17,42.05
INDOTECH,39.47,39.47
M&MFIN,19.72,19.72
KEI,70,69.99
VAKRANGEE,534.09,581.02
SOLARINDS,126.92,126.92
MALUPAPER,78,78
UTTAMSUGAR,9.98,9.98
SUNTV,16.7,16.7
RSYSTEMS,44.72,44.72
LOKESHMACH,59.85,59.85
BALPHARMA,25.79,25.79
KAMDHENU,28.67,28.67
PIONEEREMB,41.23,41.23
MUNJALAU,23.41,16.23
EMAMILTD,45.89,45.58
TECHM,59.79,59.87
GRINDWELL,78.6,78.55
ACE,51.66,51.66
ANANTRAJ,65.14,65.14
TALBROAUTO,24.35,35.22
ALICON,16.12,16.12
JMFINANCIL,323.29,8.88
DCBBANK,7.79,7.79
DONEAR,18.95,18.95
SOBHA,389.45,389.51
HIRECT,96.4,68.88
TITAN,82.53,82.53
SUNDARMFIN,34.86,33.34
SPIC,20.35,13.83
SBIN,11.22,10.42
NOCIL,36.73,36.73
BOSCHLTD,42.18,57.06
CHAMBLFERT,16.64,16.64
HINDOILEXP,13.11,15.19
BALMLAWRIE,25.62,25.62
CENTURYTEX,109.86,41.5
CENTENKA,27.45,27.45
VTL,25.44,25.44
FEDERALBNK,12.01,12.01
SUPREMEIND,76.94,76.94
BALRAMCHIN,17.66,17.66
WEIZMANIND,20,20
RANEHOLDIN,27.95,13.07
ADANIENT,103.83,96.79
INDBANK,27.34,27.34
GET&D,213.43,213.43
BANARISUG,27.93,27.93
JINDALPOLY,47.5,47.34
BSL,18.59,18.59
JAYNECOIND,22.1,20.28
APCOTEXIND,42.39,42.39
RCF,53.9,64.14
DECCANCE,24.98,18.85
TATAPOWER,45.36,49.02
SUNFLAG,32.98,32.98
SUBROS,46.67,46.67
SIEMENS,118.54,118.54
VSTIND,21.11,21.11
TOKYOPLAST,111.45,111.45
MURUDCERA,59.41,59.41
SANOFI,26.98,26.12
PRSMJOHNSN,57.85,
PIDILITIND,91.81,89.25
HONDAPOWER,45.82,47.78
JINDALSAW,11.32,11.32
CANFINHOME,15.58,15.58
GICHSGFIN,9.57,9.57
MOREPENLAB,29.99,29.99
WSTCSTPAPR,5.72,5.72
VENKEYS,34.23,34.23
GHCL,6.62,8.69
HIL,60.7,1135.58
EVERESTIND,102.68,151.58
BPL,49.06,49.06
PGHH,73.68,73.68
VESUVIUS,44.13,44.13
BOMDYEING,1.56,
NAVNETEDUL,17.76,19.35
GLAXO,73.21,65.36
CHOLAFIN,34.61,34.61
INDHOTEL,71.4,71.4
KOTAKBANK,20.4,20.4
GILLETTE,62.09,62.09
KANSAINER,19.2,33.85
FOSECOIND,36.98,42.51
SCHAEFFLER,72.01,71.74
AMJLAND,18.45,18.45
KOPRAN,24.43,24.43
GODFRYPHLP,29.49,29.49
SURYAROSNI,20.86,20.86
SAKHTISUG,4.1,
IPCALAB,58.67,63.97
HINDZINC,36.57,36.57
GRASIM,18.75,18.02
FINCABLES,40.17,47.1
EIDPARRY,8.43,8.43
CESC,17.58,21.42
BAJFINANCE,29.79,29.79
CORALFINAC,11.29,11.29
GREENPLY,52.12,60.2
PEARLPOLY,81.87,81.87
DALMIASUG,12.61,12.61
NATCOPHARM,15.3,15.3
MRF,26.61,26.61
TNPETRO,17.93,14.37
STARPAPER,6.51,6.36
EIMCOELECO,38.2,38.2
SAMBHAAV,66.88,88.53
KEYFINSERV,6.73,6.73
FIEMIND,21.55,21.55
INSPIRISYS,54.61,54.61
NAUKRI,117.95,109.92
TORNTPOWER,38.79,38.79
RUCHIRA,8.59,8.59
VENUSREM,18.56,18.56
NFL,112.19,112.19
TANLA,22.92,22.92
SARLAPOLY,26.19,26.19
WANBURY,10.23,18.82
PITTIENG,41.76,41.76
IZMO,28.97,28.97
CTE,46.11,46.11
TIIL,23.74,23.17
PFC,9.31,9.31
PAGEIND,77.17,77.17
ASTRAL,115.11,115.11
NCLIND,11.89,11.89
PHOENIXLTD,53,53
HILTON,26.94,26.94
KMSUGAR,14.96,14.96
NELCAST,23.94,32.89
ISMTLTD,22.46,20.96
MAGNUM,15.04,20.77
DELTACORP,19.85,24.84
BVCL,18.55,18.55
ADANIPOWER,13.35,13.35
AMRUTANJAN,48.86,48.86
SHILPAMED,177.87,197.51
DLINKINDIA,24.88,24.88
MMTC,188.74,267.75
JUBLFOOD,99.75,170.21
HATHWAY,65.06,65.04
IMFA,10.72,10.72
IITL,6.86,9.61
WELINV,104.17,104.17
CAREERP,12.66,12.66
JWL,85.16,85.16
PRESTIGE,43.81,43.81
GRAVITA,38.71,38.71
MOIL,37.34,37.34
STEL,59.38,59.38
HFCL,53.19,53.19
MUTHOOTFIN,16.46,16.46
OMINFRAL,34.87,34.87
KARMAENG,738.95,738.95
INVENTURE,23.51,19.48
DRREDDY,19.78,19.78
COROMANDEL,28.32,28.32
VINDHYATEL,26.59,26.59
ASIANPAINT,53.44,53.44
PGHL,39.78,39.78
BEML,75.51,75.51
TATACHEM,70.81,21.5
ATFL,197.11,281.41
EPL,35.86,33.9
VIPIND,122.45,193.96
BIRLACABLE,33.69,33.69
AEGISLOG,45.98,45.98
HONAUT,100.54,100.54
PRECOT,38.25,60.83
SUNPHARMA,39.33,37.7
SHREYANIND,5.02,5.02
HCC,17.29,
APOLLOHOSP,100.18,100.31
IVP,18.54,18.54
EICHERMOT,37.24,37.24
ZENSARTECH,24.47,24.47
ANIKINDS,561.45,561.45
HSCL,51.48,51.48
UFLEX,,14.24
JUBLPHARMA,107.55,73.89
TATACOMM,56.09,61.8
HLVLTD,65.34,65.34
LIBERTSHOE,66.55,50.64
HEIDELBERG,30.92,30.92
POLYPLEX,37.21,37.21
EIHAHOTELS,34.7,34.7
ABB,122.54,122.54
BBL,47.32,47.32
GOLDENTOBC,10.79,12.24
GABRIEL,39.59,39.59
PRAKASH,9.94,9.94
KSB,82.66,82.66
TIMKEN,78.29,78.29
INGERRAND,63.58,63.58
GSFC,18.13,18.13
DCW,102.8,96.93
BIRLACORPN,29.32,29.76
ASHAPURMIN,15.61,24.14
TNPL,9.07,9.07
KHAITANLTD,28.16,28.16
GARFIBRES,36.68,36.68
SKFINDIA,52.96,52.96
SILINV,22.62,22.62
SUNDRMBRAK,29.43,29.43
AARTIDRUGS,28.92,28.92
WENDT,80.25,80.25
SHRIRAMFIN,13.93,13.93
GUJAPOLLO,27.22,27.22
MPHASIS,31.14,31.14
HERITGFOOD,46.32,46.32
SKMEGGPROD,7.82,7.82
CONCOR,52.37,52.37
KCPSUGIND,6.9,7.5
REPRO,75.76,75.76
HAVELLS,94.72,94.72
AXISCADES,73.11,73.11
TIPSINDLTD,52.9,52.9
HIKAL,62.32,62.32
MARKSANS,27.68,27.68
UNITDSPR,66.35,65.86
MPSLTD,29.94,29.94
OLECTRA,191.18,208.34
APTECHT,43.13,37.07
TIMESGTY,66.5,66.5
NUCLEUS,19.45,19.45
GENESYS,124.39,124.39
UCOBANK,39.3,39.3
JAIBALAJI,17.08,17.08
UPL,,20.47
BIOCON,30.8,30.7
POONAWALLA,19.01,27.82
NIITLTD,39.4,39.16
COFORGE,44.41,44.89
ASTRAMICRO,80.13,80.13
INDOCO,31.49,33.56
JSWSTEEL,24.74,26.09
SAKSOFT,32.79,32.79
SHOPERSTOP,119.17,109.95
JKPAPER,8.16,8.16
GEOJITFSL,17.52,17.52
SPLIL,15.32,15.31
RML,488.63,13.49
ORIENTCEM,36.49,36.49
MITCON,37.72,37.72
JPOLYINVST,28.46,28.46
CASTROLIND,28.13,28.13
SNOWMAN,102.65,102.65
SUPERHOUSE,21.94,21.94
PDSL,34.19,34.9
APOLSINHOT,35.2,35.2
GREENLAM,53.38,53.38
HESTERBIO,135.5,135.5
PRIVISCL,64.57,64.57
NILAINFRA,44.7,44.7
ORICONENT,30.88,25.97
ADANIENSOL,93.41,83.86
PKTEA,24.87,24.87
SHARDAMOTR,27.65,27.65
INDIGO,20.4,20.4
UMANGDAIRY,187.05,187.05
LALPATHLAB,67.89,67.89
TEAMLEASE,42.52,43.8
KELLTONTEC,21.8,21.8
HCG,124.51,133.84
WEALTH,18.41,18.41
THYROCARE,49.72,49.62
PARAGMILK,23.84,23.84
UNITEDPOLY,29.84,29.84
BLS,47.14,47.14
CONTROLPR,24.11,24.14
LAXMICOT,,97.1
EIFFL,169.01,169.01
SHANKARA,20.94,20.94
FOCUS,23.77,23.77
SIKKO,38.59,38.59
DOLLAR,32,31.79
STARCEMENT,29.47,29.47
ERIS,35.53,35.53
GTPL,21.07,21.07
ACEINTEG,54.31,54.31
DYNPRO,123.69,123.69
MAGADSUGAR,9.71,9.71
COCHINSHIP,96.16,96.16
ABCAPITAL,18.79,18.79
MATRIMONY,27.73,27.73
WORTH,12.21,12.21
AARVI,17.59,17.59
AIROLAM,26.33,26.33
JASH,40.31,40.31
IEX,46.45,46.45
NAM-INDIA,38.01,38.01
SECURCRED,8.39,8.39
ICEMAKE,49.67,49.67
SHALBY,41.36,41.36
ONEPOINT,65.61,65.61
MOKSH,12.67,12.67
SILLYMONKS,149.76,149.76
SINTERCOM,325.48,325.48
ARVEE,242.18,242.18
GMMPFAUDLR,34.69,34.69
SARVESHWAR,54.19,54.19
MITTAL,26.6,82.26
ISEC,14.98,14.98
AVG,19.96,33.14
BSHSL,99.28,99.28
SOFTTECH,139.95,139.95
E2E,105.21,105.21
LATTEYS,59.57,59.57
SONAMLTD,27.21,27.21
WEL,161.23,161.23
CHEMCON,50.99,50.99
HNDFDS,67.72,67.72
MAZDOCK,64.05,64.05
DCI,38.62,38.62
IIFLSEC,11.51,11.51
VISHWARAJ,24.81,24.81
KUANTUM,8.29,8.29
APOLLOPIPE,60.94,60.94
ROUTE,28.54,29.61
SIGMA,21.86,21.86
EQUITASBNK,12.98,12.98
HINDWAREAP,91.56,91.56
LIKHITHA,28.4,28.4
PATANJALI,76.99,76.99
ASALCBR,24.89,24.89
BAFNAPH,28.07,28.07
STOVEKRAFT,60.02,60.02
RAJRATAN,42.63,42.63
GLAND,43.75,43.75
NDRAUTO,39.4,39.4
AAATECH,44.03,44.03
SIGACHI,35.18,35.18
NIRAJ,20.05,13.55
CAMS,57.68,57.68
ROML,44.06,44.06
HERANBA,44.01,44.01
FAIRCHEMOR,43.97,43.97
ISGEC,41.85,41.85
PAKKA,22.57,22.57
SHAILY,69.65,69.65
FIBERWEB,16.77,16.77
SBCL,44.44,44.44
IPL,40.79,40.79
LODHA,93.48,88.04
UTKARSHBNK,11.07,11.07
CRAFTSMAN,38.06,38.06
JUBLINGREA,52.17,52.17
GLS,21.91,21.91
DEEPINDS,16.43,16.6
PIXTRANS,23.05,23.05
CARTRADE,54.63,54.63
DEVYANI,,518.25
ANMOL,9.41,9.41
AMIORG,128.58,58.06
BAJAJHCARE,,36.26
GRINFRA,12.85,16.01
STEELCAS,17.89,17.89
KPIGREEN,69.41,69.31
HARDWYN,107.87,107.87
HMAAGRO,26.11,26.11
YATHARTH,32.08,32.08
AKSHAR,22.23,22.23
NGLFINE,35.76,35.76
SENCO,42.04,42.04
RADHIKAJWE,14.18,14.18
RAMRAT,35.97,35.97
GOYALALUM,57.3,57.3
DBOL,20.77,20.77
SPORTKING,16.83,16.83
SYNCOMF,49.68,49.65
SIGNATURE,524.09,524.09
CONCORDBIO,58.02,58.02
KAMOPAINTS,85.61,85.61
MVGJL,17.47,17.47
MANKIND,44.03,44.03
SATINDLTD,3.68,3.68
USK,13.91,13.91
FAZE3Q,27.03,27.03
LLOYDSME,31.34,31.34
SAHYADRI,17.13,17.13
SBFC,37.11,37.11
HYBRIDFIN,17.91,17.39
HONASA,179.1,179.1
SAH,243.6,243.6
AKI,148.95,148.95
SECMARK,301.11,301.11
LAL,51.12,51.12
DOLPHIN,482.52,538.49
ASHOKAMET,10.44,10.44
NETWEB,188.83,188.83
AEROFLEX,46.38,46.38
VPRPL,20.51,20.51
ATL,39.64,39.64
JSWINFRA,86.01,86.01
YASHO,49.52,49.52
SRGHFL,29.92,29.92
TREL,4.99,47.09
CELLO,76.92,76.92
ELECTCAST,14.98,14.98
DCMSHRIRAM,34.94,34.94
CIPLA,29.27,28.24
HEROMOTOCO,28.61,27.73
HARRMALAYA,,1639.14
GIPCL,19.27,19.27
ITC,27.64,27.63
HINDCOMPOS,27.11,27.11
KAMATHOTEL,12.47,41.93
APOLLOTYRE,19.42,18.73
SHANTIGEAR,63.9,63.9
PRECWIRE,38.86,38.86
NILKAMAL,25.35,25.35
ICIL,23.63,23.63
SEAMECLTD,32.79,32.79
AUROPHARMA,24.24,23.45
EIHOTEL,41.51,41.06
MENONBE,10.42,10.42
MANAKALUCO,43.55,43.55
ZENTEC,85.76,87.03
BYKE,66.34,66.34
VRLLOG,58.25,58.53
TPLPLASTEH,39.51,39.51
ARROWGREEN,29.93,29.93
ALANKIT,29.26,29.26
SHYAMCENT,502.84,502.84
AYMSYNTEX,303.06,70.54
MUTHOOTCAP,4.15,98.46
POWERMECH,34.54,34.54
NAVKARCORP,331.16,331.16
COFFEEDAY,,6.6
SHK,22.27,22.27
TTKHLTCARE,32.34,32.34
SALZERELEC,32.9,32.9
LINCOLN,14.16,14.16
ALKEM,34.32,32.6
PRECAM,44.63,69.19
HITECH,47.97,47.97
BHAGERIA,39.63,39.63
KDDL,30.79,30.85
PDMJEPAPER,11.9,11.9
INFIBEAM,52.76,52.76
CROMPTON,61.65,61.65
SHRIPISTON,19,19
ALBERTDAVD,9.8,9.8
SALONA,26.4,26.4
MAHASTEEL,34.51,42.42
MGL,13.18,13.18
POKARNA,25.77,25.77
GPTINFRA,39.24,39.24
QUESS,32.97,30.21
SOMICONVEY,47.54,47.54
ADVENZYMES,31.15,29.01
DBL,38.9,425.31
NDGL,13.42,13.42
RBLBANK,11.81,11.81
BIGBLOC,65.17,65.17
LTTS,40.05,40.05
GNA,20.2,20.2
HPL,82.89,82.89
ENDURANCE,54.02,54.02
PNBHOUSING,13.77,13.77
VBL,93.56,93.56
PODDARMENT,15.58,15.58
TCIEXP,35.8,35.8
TERASOFT,28.49,25.01
ITDC,100.13,100.03
SPCENET,164.97,164.97
BHANDARI,19.06,19.06
PRICOLLTD,43.28,43.28
RADIOCITY,80.91,80.91
DMART,125.72,125.72
INTENTECH,21.9,21.9
URJA,384.21,384.21
CLEDUCATE,29.48,31.49
WIPL,40.09,40.09
SCHAND,16.73,16.73
PSPPROJECT,22.65,22.65
CDSL,60.68,60.68
AUBANK,30.67,29.47
SALASAR,59.79,59.79
GANGESSECU,52.33,52.33
OPTIEMUS,67.08,67.08
SMSLIFE,41.58,41.58
CAPACITE,21.15,21.15
DIAMONDYD,40.83,40.24
MASFIN,21.12,21.12
KHADIM,103.73,103.73
DNAMEDIA,.44,
APOLLO,103.42,103.42
NEWGEN,53.49,53.49
GALAXYSURF,35.02,35.02
ASTERDM,60.22,
HGINFRA,20.52,20.97
HAL,48.85,48.85
MIDHANI,109.03,109.03
LEMONTREE,65.77,65.77
ORIENTELEC,74.81,93.01
ADANIGREEN,285,228.54
FINEORG,39.46,39.42
VARROC,20,20
HBSL,2.47,2.47
HDFCAMC,45.97,45.97
SIGIND,16.13,16.13
GRSE,83.2,83.2
DALBHARAT,40.97,40.97
CHALET,65.56,65.56
REDINGTON,13.21,13.21
INDIANB,9.12,9.12
ICRA,36.7,36.7
BFUTILITIE,13.44,13.44
SRHHYPOLTD,13.43,12.19
TIMETECHNO,23.66,23.66
TARMAT,,116.29
MEGASOFT,67.83,67.83
MOTILALOFS,12.99,12.99
POWERGRID,20.45,20.45
CERA,48.09,47.85
MHRIL,78.55,78.55
OIL,13.74,13.8
ZYDUSWELL,51.86,49.24
DBCORP,16.5,16.5
WHIRLPOOL,113.79,107.2
EMMBI,19.69,19.69
MANINFRA,26.25,26.25
KSL,24.12,24.12
MANAPPURAM,8.2,8.2
PRAKASHSTL,2.7,6.77
RAMKY,13.74,13.74
WABAG,32.63,31.71
RESPONIND,48.56,48.56
PENIND,24.19,24.19
RKDL,,320.03
KICL,41.81,55.7
HINDMOTORS,26.33,26.33
LOVABLE,34.5,34.5
PIIND,35.07,35.07
MAITHANALL,10.21,10.21
PFIZER,41.08,41.58
DEEPAKFERT,20.83,20.83
MAHSEAMLES,8.88,8.85
NEULANDLAB,34.65,34.65
BERGEPAINT,53.81,53.99
IGARASHI,166.14,166.14
MUNJALSHOW,20.77,19.54
RANASUG,14.17,14.17
ARENTERP,19.54,19.54
THOMASCOOK,43.41,43.41
BHARATRAS,55.59,55.59
SOMANYCERA,32.78,32.7
KAJARIACER,51.73,51.7
3PLAND,36.94,36.94
SAIL,23.87,18.89
GRAPHITE,13.65,599
DHAMPURSUG,10.99,10.99
JAYSREETEA,28.55,
ESABINDIA,58.08,58.08
AARTIIND,61.09,61.09
HEG,35.62,35.62
SHREECEM,41.82,41.82
HINDALCO,15.41,15.43
AMBUJACEM,35.48,37.17
CGPOWER,130.7,133.9
BEL,62.2,62.2
REMSONSIND,51.8,50.79
TTKPRESTIG,54.27,54.27
BIOFILCHEM,151.58,151.58
SOMATEX,5.35,
INDIANCARD,20.61,
MIRZAINT,53.18,53.18
JAGSNPHARM,39.32,39.32
RUCHINFRA,22.83,51.09
MADRASFERT,360.8,35.9
DIVISLAB,76.03,76.03
NSIL,41.84,41.84
DREDGECORP,107.48,105.23
PETRONET,14.24,14.45
DATAMATICS,18.82,18.82
APARINDS,41.84,41.84
GUFICBIO,42.25,42.25
KOTARISUG,17.06,17.06
PATELENG,17.33,22.93
JPPOWER,12.53,8.67
IIFL,10.71,10.71
GRANULES,30.78,30.78
MSPL,76.54,62.54
IDFC,579.73,579.73
SASKEN,33.18,33.18
IBULHSGFIN,6.88,6.88
AGRITECH,12.2,12.2
WONDERLA,32.53,32.53
CAPLIPOINT,25,25
GOODLUCK,22.53,22.53
GRPLTD,84.25,77.41
GANECOS,94.78,94.78
MANAKSTEEL,13.09,13.17
AVANTIFEED,21.12,21.12
PNCINFRA,14.8,14.8
RAMASTEEL,54.26,54.26
ARVSMART,62.83,62.83
GUJGASLTD,38.92,40.48
BALAXI,,16.77
PILANIINVS,37.78,37.78
OCCL,4.8,4.8
VIDHIING,59.41,59.41
DIXON,206.95,206.95
GODREJAGRO,50.64,50.64
5PAISA,28.55,28.55
AMBER,108.14,108.14
BDL,99.69,99.69
BANDHANBNK,21.01,21.01
VISAKAIND,1112.35,1112.35
STERTOOLS,26.62,26.75
HITECHGEAR,16.02,44.62
TVSSRICHAK,32.24,30.74
PUNJABCHEM,30.71,30.71
GANESHHOUC,18.53,18.53
ALKYLAMINE,70.42,70.42
GUJRAFFIA,46.39,46.39
RAMCOIND,31.3,31.3
KOTHARIPET,14.9,14.83
BANKBARODA,7.21,7.21
GAIL,17.54,18.17
BANKINDIA,8.7,8.7
ICICIBANK,19.36,19.36
INDSWFTLAB,2.58,11.12
SAREGAMA,50.59,50.59
ENGINERSIN,45.29,45.29
JAICORPLTD,129.51,129.51
GMDCLTD,21.9,21.9
MAHAPEXLTD,.56,36.92
ASAHIINDIA,50.97,50.97
J&KBANK,6.67,6.67
KOTHARIPRO,26.43,26.43
SOUTHBANK,6.51,6.51
ASTRAZEN,106.47,114.75
AXISBANK,15.17,15.17
CYIENT,27.99,26.17
KOKUYOCMLN,35.72,35.72
GOACARBON,8.15,8.15
SANGHVIMOV,25.07,25.07
NATIONALUM,17.73,20.99
JINDALSTEL,17.41,17.41
NIPPOBATRY,29.87,29.87
HCLTECH,26.12,26.12
ACCELYA,27.89,27.96
STAR,315.75,36.84
NRBBEARING,13.53,36.79
BIL,50.63,50.63
KTKBANK,6.34,6.34
BLBLIMITED,38.2,38.2
CALSOFT,43.36,43.36
TVSMOTOR,64.55,64.55
PNC,43.02,43.02
TAJGVK,27.72,27.72
CHENNPETRO,5.78,5.78
KRBL,12.3,12.3
GAEL,18.04,18.04
BALAJITELE,35.88,35.88
KHANDSE,245.52,245.52
GODREJCP,,78.62
LUPIN,42.81,42.81
BHARTIARTL,139.95,89.43
PONNIERODE,10.44,10.44
PNB,15.78,15.78
OFSS,39.66,39.66
CANBK,6.49,6.49
RADICO,87.09,87.09
BAGFILMS,21.78,21.78
JSL,24.08,24.8
IGL,22.62,22.62
UNIENTER,30.64,30.64
PTC,12.4,12.13
VAIBHAVGBL,42.72,40.88
XPROINDIA,50.1,48.11
EXCELINDUS,85.44,85.44
LT,31.98,32.12
ULTRACEMCO,47.78,47.41
TEXINFRA,444.53,444.53
INDSWFTLTD,7.44,7.44
WELENT,20.1,20.1
JBMA,142.45,142.45
DWARKESH,17.28,17.28
SUPRAJIT,44.58,44.58
XCHANGING,100.29,100.29
CONSOFINVT,13.96,13.96
EVEREADY,68.6,68.6
GOKEX,51.63,51.63
SSWL,5.33,15.33
CYBERMEDIA,11.24,8.56
PRIMESECU,46.43,46.43
JSWHL,66.18,66.18
GENUSPOWER,110.49,110.49
NECLIFE,134.52,134.52
GOLDIAM,21.61,21.61
FCSSOFT,,75.22
ASAHISONG,33.97,
BROOKS,147.03,147.03
TDPOWERSYS,53.77,53.77
APLLTD,31.84,31.84
PGEL,75.03,75.03
PAISALO,39.8,39.87
TRITURBINE,74.34,74.34
INDOTHAI,18.01,18.01
DSSL,31.8,31.8
POLYMED,80.47,80.65
VIKASECO,98.94,98.94
KANANIIND,97.15,97.15
MINDACORP,51.99,51.99
DBSTOCKBRO,18.41,18.41
SCHNEIDER,119.07,116.8
NBCC,84.25,63.82
TBZ,18.05,18.05
VSSL,27.22,27.22
SPECIALITY,28.2,28.2
MAYURUNIQ,22.92,22.92
ZUARI,6.43,6.43
CARERATING,32.13,32.13
REPCOHOME,8.87,8.87
JUSTDIAL,23.21,23.21
ATULAUTO,307.91,307.91
PILITA,59.42,59.42
SREEL,25.89,25.89
SDBL,25.82,25.82
BUTTERFLY,208.16,170.13
AGARIND,16.65,16.65
GOCLCORP,49.31,51.54
SHARDACROP,143.38,143.38
INTELLECT,45.96,45.73
FCL,34.24,34.24
GULPOLY,71.76,71.76
GENUSPAPER,172.12,172.12
VISHNU,28.49,28.49
