SYMBOL,SERIES,SECURITY,HIGH/LOW,INDEX FLAG
AARTISURF,P1,AARTI SURFACTANTS LIMITED,H
ABCOTS,SM,A B COTSPIN INDIA LIMITED,H
ACL,EQ,ANDHRA CEMENTS LIMITED,H
ACSAL,SM,ARVIND AND COMPANY,H
AGRITECH,EQ,AGRI-TECH (INDIA) LIMITED,H
AKANKSHA,ST,AKANKSHA POWER N INFRA L,H
AKSHAR,EQ,AKSHAR SPINTEX LIMITED,H
AMEYA,SM,AMEYA PRECISION ENG LTD,H
ANLON,ST,ANLON TECHNOLOGY SOL LTD,H
ANMOL,BE,ANMOL INDIA LIMITED,H
ASCOM,ST,ASCOM LEASIN & INVEST LTD,H
ASIANHOTNR,EQ,ASIAN HOTELS (NORTH) LTD,H
ASMS,EQ,BARTRONICS INDIA LIMITED,H
BAHETI,SM,BAHETI RECYCLING IND LTD,H
CEREBRAINT,EQ,CEREBRA INT TECH LTD,H
CGRAPHICS,SM,CREATIVE GRAPHICS S IND L,H
CHEMFAB,EQ,CHEMFAB ALKALIS LIMITED,H
CMRSL,SM,CYBER MEDIA RES & SER LTD,H
CONTI,SM,CONTINENTAL SEED CHEM LTD,H
CREATIVEYE,BE,CREATIVE EYE LIMITED,H
DIGISPICE,BE,DIGISPICE TECHNOLOGIES LT,H
EFFWA,ST,EFFWA INFRA & RESEARCH L,H
EIMCOELECO,BE,EIMCO ELECON (INDIA) LTD,H
ELECTHERM,BE,ELECTROTHERM (I) LTD.,H
ELGIRUBCO,BE,ELGI RUBBER CO. LTD,H
ENERGYDEV,EQ,ENERGY DEVE. CO.LTD,H
ESCONET,ST,ESCONET TECHNOLOGIES LTD,H
EXCEL,BE,EXCEL REALTY N INFRA LTD,H
FEL,BZ,FUTURE ENTERPRISES LTD,H
FELDVR,BE,FUTURE ENTERPRISES LTD,H
FLEXITUFF,EQ,FLEXITUFF VENTURES INT L,H
GATECH,EQ,GACM TECHNOLOGIES LIMITED,H
GENSOL,EQ,GENSOL ENGINEERING LTD,H
GENUSPOWER,EQ,GENUS POWER INFRASTRU LTD,H
GKWLIMITED,EQ,GKW LIMITED,H
GLOBALVECT,BE,GLOBAL VEC HELICORP LTD,H
GLOBE,BE,GLOBE TEXTILES (I) LTD.,H
GRAVITA,EQ,GRAVITA INDIA LIMITED,H
GTL,BE,GTL LTD,H
GTLINFRA,EQ,GTL INFRA.LTD,H
GUJRAFFIA,EQ,GUJARAT RAFFIA INDUST LTD,H
HERITGFOOD,EQ,HERITAGE FOODS LTD,H
HLVLTD,EQ,HLV LIMITED,H
IFBAGRO,BE,IFB AGRO INDUSTRIES LTD,H
INSPIRISYS,EQ,INSPIRISYS SOLUTIONS LTD,H
JPASSOCIAT,BE,JAIPRAKASH ASSOCIATES LTD,H
KBCGLOBAL,BE,KBC GLOBAL LIMITED,H
KCP,EQ,KCP LTD,H
KERNEX,EQ,KERNEX MICROSYS(I) LTD,H
KODYTECH,SM,KODY TECHNOLAB LIMITED,H
KONSTELEC,SM,KONSTELEC ENGINEERS LTD,H
KONTOR,SM,KONTOR SPACE LIMITED,H
KRIDHANINF,BE,KRIDHAN INFRA LIMITED,H
KSHITIJPOL,BE,KSHITIJ POLYLINE LIMITED,H
LEMERITE,SM,LE MERITE EXPORTS LIMITED,H
LPDC,BE,LANDMARK PR.DEV.CO.LTD,H
MAITREYA,SM,MAITREYA MEDICARE LIMITED,H
MARINE,BE,MARINE ELECTRICAL (I) LTD,H
MBECL,EQ,MCNALLY BH. ENG. CO.LTD,H
MCLEODRUSS,EQ,MCLEOD RUSSEL INDIA LTD.,H
MODTHREAD,BE,MODERN THREADS INDIA LTD,H
MOKSH,EQ,MOKSH ORNAMENTS LIMITED,H
MONQ50,EQ,MOTILALAMC - MONQ50,H
MOXSH,ST,MOXSH OVERSEAS EDUCON LTD,H
MTNL,EQ,MAHANAGAR TELEPHONE NIGAM,H
NAGREEKCAP,BE,NAGREEKA CAP & INFR.LTD,H
NAGREEKEXP,EQ,NAGREEKA EXPORTS LTD.,H
NETWORK18,EQ,NETWORK18 MEDIA & INV LTD,H
NILAINFRA,EQ,NILA INFRASTRUCTURES LTD,H
NKIND,EQ,NK INDUSTRIES LTD,H
NOIDATOLL,BE,NOIDA TOLL BRIDGE CO LTD,H
NPST,SM,NETWORK PEOPLE SRV TECH L,H
ONEPOINT,EQ,ONE POINT ONE SOL LTD,H
OWAIS,SM,OWAIS METAL & MINERAL,H
PALREDTEC,BE,PALRED TECHNOLOGIES LTD,H
PARASPETRO,BE,PARAS PETROFILS LTD.,H
PARIN,SM,PARIN FURNITURE LIMITED,H
PCJEWELLER,EQ,PC JEWELLER LTD,H
PFOCUS,BE,PRIME FOCUS LIMITED,H
PIGL,BE,POWER INSTRUMENT (G) LTD,H
PKTEA,BE,THE P K TEA PROD CO LTD,H
PRAKASHSTL,BE,PRAKASH STEELAGE LTD,H
PRITIKA,SM,PRITIKA ENG COMPO LTD,H
PRIZOR,ST,PRIZOR VIZTECH LIMITED,H
PURVA,BE,PURAVANKARA LIMITED,H
RBZJEWEL,BE,RBZ JEWELLERS LIMITED,H
RELIABLE,EQ,RELIABLE DATA SERVICE LTD,H
REXPIPES,SM,REX PIPES AND CABLES LTD,H
RICHA,SM,RICHA INFO SYSTEMS LTD,H
RILINFRA,ST,RACHANA INFRA LTD,H
S&SPOWER,BE,S&S POWER SWITCHGEARS,H
SAAKSHI,ST,SAAKSHI MEDTEC N PANELS L,H
SAHAJSOLAR,ST,SAHAJ SOLAR LIMITED,H
SAMBHAAV,EQ,SAMBHAAV MEDIA LTD,H
SECMARK,EQ,SECMARK CONSULTANCY LTD,H
SHAKTIPUMP,BE,SHAKTI PUMPS (I) LTD,H
SILKFLEX,SM,SILKFLEX POLYMERS INDIA L,H
SITINET,BE,SITI NETWORKS LIMITED,H
SKYGOLD,BE,SKY GOLD LIMITED,H
SOLARA,BE,SOLARA ACTIVE PHA SCI LTD,H
SOLARAPP,X1,SOLAR ACT RS.3.50 PPD UP,H
SPECTSTM,SM,SPECTRUM TALENT MGMT LTD,H
SUMEETINDS,EQ,SUMEET IND LIMITED,H
SUZLON,EQ,SUZLON ENERGY LIMITED,H
TARACHAND,EQ,TARA CHAND INFRA SOLN LTD,H
TBI,ST,TBI CORN LIMITED,H
TCLCONS,BE,TANTIA CONSTRUCTIONS LTD,H
TGL,ST,TEERTH GOPICON LIMITED,H
TPHQ,BE,TEAMO PRODUCTIONS HQ LTD,H
UNITECH,BZ,UNITECH LIMITED,H
URBAN,SM,URBAN ENVIRO WASTE MGMT L,H
VERA,SM,VERA SYNTHETIC LIMITED,H
VILAS,ST,VILAS TRANSCORE LIMITED,H
VINYAS,ST,VINYAS INNOVATIVE TECH L,H
VISHWAS,SM,VISHWAS AGRI SEEDS LTD,H
VMARCIND,SM,V MARC INDIA LIMITED,H
WALPAR,SM,WALPAR NUTRITIONS LIMITED,H
WOCKPHARMA,BE,WOCKHARDT LIMITED-DEPO,H
XELPMOC,EQ,XELPMOC DESIGN & TECH LTD,H
ZTECH,SM,Z-TECH (INDIA) LIMITED,H
3PLAND,EQ,3P LAND HOLDINGS LIMITED,L
AAATECH,EQ,AAA TECHNOLOGIES LIMITED,L
AADHARHFC,EQ,AADHAR HOUSING FINANCE L,L
AIMTRON,ST,AIMTRON ELECTRONICS LTD,L
AKANKSHA,ST,AKANKSHA POWER N INFRA L,L
ALMONDZ,EQ,ALMONDZ GLOBAL SEC LTD,L
ALPEXSOLAR,ST,ALPEX SOLAR LIMITED,L
ALPHAGEO,BE,ALPHAGEO (INDIA) LIMITED,L
AMBEY,ST,AMBEY LABORATORIES LTD,L
AMJLAND,BE,AMJ LAND HOLDINGS LIMITED,L
ANIKINDS,EQ,ANIK INDUSTRIES LTD,L
ANKITMETAL,BE,ANKIT MET & POW LTD,L
APOLLO,EQ,APOLLO MICRO SYSTEMS LTD,L
APS,ST,AUSTRALIAN PREM SOLAR I L,L
ASHIMASYN,EQ,ASHIMA LTD,L
ASIANENE,EQ,ASIAN ENERGY SERVICES LTD,L
ATAM,EQ,ATAM VALVES LIMITED,L
ATMASTCO,ST,ATMASTCO LIMITED,L
ATULAUTO,BE,ATUL AUTO LIMITED,L
AVPINFRA,SM,AVP INFRACON LIMITED,L
BASILIC,ST,BASILIC FLY STUDIO LTD,L
BBOX,BE,BLACK BOX LIMITED,L
CENTEXT,EQ,CENTURY EXTRUSIONS LTD,L
CLOUD,ST,VARANIUM CLOUD LIMITED,L
CMMIPL,ST,CMM INFRAPROJECTS LIMITED,L
COCHINSHIP,EQ,COCHIN SHIPYARD LIMITED,L
CORDSCABLE,BE,CORDS CABLE INDUS LTD.,L
CROWN,BE,CROWN LIFTERS LIMITED,L
CTE,BE,CAMBRIDGE TECH ENTER LTD,L
DCI,BE,DC INFOTECH AND COMUN LTD,L
DCMFINSERV,EQ,DCM FINANCIAL SERVICES LT,L
DCMNVL,BE,DCM NOUVELLE LIMITED,L
DCXINDIA,BE,DCX SYSTEMS LIMITED,L
DESTINY,SM,DESTINY LOGISTICS & I LTD,L
DGCONTENT,BE,DIGICONTENT LIMITED,L
DHTL,SM,DOCMODE HEALTH TECH LTD,L
DREDGECORP,BE,DREDGING CORP OF INDIA,L
DRONE,ST,DRONE DESTINATION LIMITED,L
DYNAMIC,SM,DYNAMIC SRVCS & SEC LTD,L
E2E,BE,E2E NETWORKS LIMITED,L
ENFUSE,ST,ENFUSE SOLUTIONS LIMITED,L
ESSARSHPNG,BE,ESSAR SHIPPING LTD,L
EUROTEXIND,EQ,EUROTEX INDUSTRIES LTD,L
EXICOM,BE,EXICOM TELE SYSTEMS LTD,L
FEL,BZ,FUTURE ENTERPRISES LTD,L
GENCON,BE,GENERIC ENG CONS PROJ LTD,L
GENUSPOWER,EQ,GENUS POWER INFRASTRU LTD,L
GGBL,ST,GANESH GREEN BHARAT LTD,L
GICL,SM,GLOBE INTL CARRIERS LTD,L
GLOBE,BE,GLOBE TEXTILES (I) LTD.,L
GMRP&UI,EQ,GMR POW AND URBAN INFRA L,L
GPTINFRA,BE,GPT INFRAPROJECTS LTD,L
GRAPHISAD,SM,GRAPHISADS LIMITED,L
GREENPOWER,EQ,ORIENT GREEN POWER CO LTD,L
GRSE,EQ,GARDEN REACH SHIP&ENG LTD,L
GTL,BE,GTL LTD,L
GUJRAFFIA,EQ,GUJARAT RAFFIA INDUST LTD,L
GVKPIL,BE,GVK POW. & INFRA LTD.,L
HERITGFOOD,EQ,HERITAGE FOODS LTD,L
HMT,BZ,HMT LTD -,L
HPL,EQ,HPL ELECTRIC & POWER LTD,L
HSCL,EQ,HIMADRI SPECIALITY CHEM L,L
HUBTOWN,BE,HUBTOWN LIMITED,L
INDOTECH,EQ,INDO TECH TRANSFORM LTD.,L
INVENT-RE,BE,INVENTURE GRO & SEC LTD,L
ISHAN,SM,ISHAN INTERNATIONAL LTD,L
JITFINFRA,EQ,JITF INFRALOGISTICS LTD,L
JNKINDIA,BE,JNK INDIA LIMITED,L
JSLL,SM,JEENA SIKHO LIFECARE LTD,L
JYOTISTRUC,EQ,JYOTI STRUCTURES LTD,L
K2INFRA,ST,K2 INFRAGEN LIMITED,L
KALYANIFRG,BE,KALYANI FORGE LIMITED,L
KARMAENG,EQ,KARMA ENERGY LIMITED,L
KAYA,BE,KAYA LIMITED,L
KCEIL,ST,KAY CEE ENERGY & INFRA L,L
KDL,ST,KORE DIGITAL LIMITED,L
KECL,EQ,KIRLOSKAR ELECTRIC CO LTD,L
KERNEX,EQ,KERNEX MICROSYS(I) LTD,L
KILITCH,EQ,KILITCH DRUGS INDIA LTD,L
KORE,ST,JAY JALARAM TECHNO LTD,L
KPIGREEN,EQ,KPI GREEN ENERGY LIMITED,L
KRISHCA,ST,KRISHCA STRAPPING SLTN L,L
KRISHNADEF,ST,KRISHNA DEF AND ALD IND L,L
LANCORHOL,EQ,LANCOR HOLDINGS LIMITED,L
LATENTVIEW,EQ,LATENT VIEW ANALYTICS LTD,L
LPDC,BE,LANDMARK PR.DEV.CO.LTD,L
MACPOWER,BE,MACPOWER CNC MACHINES LTD,L
MANDEEP,ST,MANDEEP AUTO INDUSTRIES L,L
MANORG,EQ,MANGALAM ORGANICS LIMITED,L
MARINE,BE,MARINE ELECTRICAL (I) LTD,L
MAXIND,EQ,MAX INDIA LIMITED,L
MAZDOCK,EQ,MAZAGON DOCK SHIPBUIL LTD,L
MCON,ST,MCON RASAYAN INDIA LTD,L
MEGAFLEX,SM,MEGA FLEX PLASTICS LTD,L
MICEL,BE,MIC ELECTRONICS LTD,L
MODISONLTD,EQ,MODISON LIMITED,L
MRO-TEK,BE,MRO-TEK REALTY LIMITED,L
NECCLTD,EQ,NORTH EAST CARRY CORP LTD,L
NEPHROCARE,SM,NEPHRO CARE INDIA LIMITED,L
NIRMAN,ST,NIRMAN AGRI GENTICS LTD,L
OCCL,BE,ORIENTAL CARBN & CHEM LTD,L
OLIL,ST,ONECLICK LOGISTICS IND L,L
ONDOOR,SM,ON DOOR CONCEPTS LIMITED,L
ONELIFECAP,BE,ONELIFE CAP ADVISORS LTD,L
ORIANA,SM,ORIANA POWER LIMITED,L
PALREDTEC,BE,PALRED TECHNOLOGIES LTD,L
PARAS,BE,PARAS DEF AND SPCE TECH L,L
PARASPETRO,BE,PARAS PETROFILS LTD.,L
PERFECT,SM,PERFECT INFRAENGINEER LTD,L
PRAXIS,BE,PRAXIS HOME RETAIL LTD,L
PVP,EQ,PVP VENTURES LIMITED,L
RAJTV,BE,RAJ TV NETWORK LTD,L
RAYMOND,BE,RAYMOND - DEP SETT,L
RBMINFRA,SM,RBM INFRACON LIMITED,L
REFRACTORY,ST,REFRACTORY SHAPES LIMITED,L
RKEC,BE,RKEC PROJECTS LIMITED,L
ROLLT,BE,ROLLATAINERS LIMITED,L
RVNL,EQ,RAIL VIKAS NIGAM LIMITED,L
SABAR,SM,SABAR FLEX INDIA LIMITED,L
SAHANA,SM,SAHANA SYSTEM LIMITED,L
SATIPOLY,ST,SATI POLY PLAST LIMITED,L
SECURKLOUD,EQ,SECUREKLOUD TECH LIMITED,L
SERVOTECH,EQ,SERVOTECH POWER SYS LTD.,L
SHRENIK,BE,SHRENIK LIMITED,L
SHUBHLAXMI,SM,SHUBHLAXMI JEWEL ART LTD,L
SHYAMCENT,EQ,SHYAM CENTURY FERROUS LTD,L
SIDDHIKA,SM,SIDDHIKA COATINGS LIMITED,L
SIKKO,BE,SIKKO INDUSTRIES LIMITED,L
SIMBHALS,BE,SIMBHAOLI SUGARS LTD.,L
SJLOGISTIC,SM,S J LOGISTICS (INDIA) LTD,L
SONUINFRA,ST,SONU INFRATECH LIMITED,L
SOTAC,ST,SOTAC PHARMACEUTICALS LTD,L
SPECTRUM,SM,SPECTRUM ELECTRIC IND LTD,L
SUPREMEPWR,ST,SUPREME POWER EQUIPMENT L,L
SURAJEST,BE,SURAJ ESTATE DEVELOPERS L,L
SURANASOL,EQ,SURANA SOLAR LIMITED,L
SWANENERGY,EQ,SWAN ENERGY LIMITED,L
TARACHAND,EQ,TARA CHAND INFRA SOLN LTD,L
TARC,BE,TARC LIMITED,L
TECHLABS,ST,TRIDENT TECHLABS LIMITED,L
TECILCHEM,BE,TECIL CHEMICALS,L
TGL,ST,TEERTH GOPICON LIMITED,L
TIMESCAN,SM,TIMESCAN LOGISTICS IND L,L
TPHQ,BE,TEAMO PRODUCTIONS HQ LTD,L
TRF,BE,TRF LIMITED,L
TRIGYN,BE,TRIGYN TECHNOLOGIES LTD,L
TRIL,BE,TRANS & RECTI. LTD,L
TRUST,ST,TRUST FINTECH LIMITED,L
TUNWAL,ST,TUNWAL E-MOTORS LIMITED,L
UMANGDAIRY,BE,UMANG DAIRIES LIMITED,L
USK,BE,UDAYSHIVAKUMAR INFRA LTD,L
VASA,ST,VASA RETAIL & OVERSEA LTD,L
VELS,SM,VELS FILM INTERNATIONAL L,L
VERTEXPLUS,ST,VERTEXPLUS TECHNOLOGIES L,L
VINYAS,ST,VINYAS INNOVATIVE TECH L,L
VISHNUINFR,SM,VISHNUSURYA PROJ N INFR L,L
VITAL,ST,VITAL CHEMTECH LIMITED,L
VIVIANA,ST,VIVIANA POWER TECH LTD,L
VLEGOV,EQ,VL E GOV AND IT SOL LTD,L
VMARCIND,SM,V MARC INDIA LIMITED,L
WALCHANNAG,EQ,WALCHANDNAGAR INDUSTRIES,L
WANBURY,EQ,WANBURY LIMITED,L
WINSOME,BE,WINSOME YARNS LIMITED,L
WOMANCART,ST,WOMANCART LIMITED,L
YUDIZ,ST,YUDIZ SOLUTIONS LIMITED,L
YUKEN,EQ,YUKEN INDIA LIMITED,L
ZENITHSTL,BE,ZENITH STEEL PIP IND LTD,L
ZENTEC,EQ,ZEN TECHNOLOGIES LIMITED,L
