SECURITY,NEW,PREVIOUS,NEW_STATUS
GRAVITA INDIA LIMITED,1738.8,1635,H
ICICI LOMBARD GIC LIMITED,1925,1916,H
SBIAMC - SBIETFPB,270,269.52,H
2.50%GOLDBONDS2029SR-IV,7949.99,7930,H
2.50%GOLDBONDS 2025 SR-XI,7630,7600,H
2.50%GOLDBONDS 2025SR-IX,7700,7524,H
CROP LIFE SCIENCE LIMITED,53.6,51.95,H
HDFCAMC - HDFCGROWTH,125,123.5,H
ICICIPRAMC - ICICICONSU,118.5,118.2,H
BLUE JET HEALTHCARE LTD,455,447,H
PONDY OXIDES & CHEM LTD,1062,1048.9,H
SEC RED NCD 8.01% SR.II,1009,1008.6,H
NOVA AGRITECH LIMITED,75,74.45,H
UMANG DAIRIES LIMITED,138.9,137.17,H
GUJARAT RAFFIA INDUST LTD,61.76,58.82,H
SEC RE NCD 8.50% SR.III,1063.45,1057.35,H
GOI TBILL 364D-03/07/25,93.85,93.5,H
COLGATE PALMOLIVE LTD.,3205,3171.45,H
DHANUKA AGRITECH LTD,1823.95,1803.95,H
2.50% GOLDBONDS2025SR-VII,7602,7600,H
2.50%GOLDBONDS2029SR-XII,7939,7900.9,H
GLOBAL VEC HELICORP LTD,243.16,234.25,H
MOTILALAMC - MOHEALTH,39.49,39.4,H
LE MERITE EXPORTS LIMITED,182.2,166.5,H
LT FOODS LIMITED,301.25,298,H
POWER INSTRUMENT (G) LTD,86.55,85.61,H
7.69% TAX FREETRII SR2B,1163.1,1162.79,H
DC INFOTECH AND COMUN LTD,393,380.5,H
GRP LIMITED,15790,15450,H
GOI TBILL 364D-27/09/24,98.53,98.5,H
RELIABLE DATA SERVICE LTD,78.65,74.95,H
SHREE KARNI FABCOM LTD,780,772,H
TATA CONSULTANCY SERV LT,4361.7,4358.75,H
NCC LIMITED,349.7,348.45,H
2.50%GOLDBONDS2028SR-VII,7945,7924,H
MIRAEAMC - MAN50ETF,267.46,266.15,H
SRM CONTRACTORS LIMITED,244.4,226.77,H
EPACK DURABLE LIMITED,275.75,269.28,H
EFFWA INFRA & RESEARCH L,219,208.6,H
PRIZOR VIZTECH LIMITED,182.2,173.55,H
MAHARASHTRA SCOOTERS LTD,9500,9490,H
LICNAMC - LICNFNHGP,290,283.7,H
MIRAEAMC - MANV30F,220,204.21,H
SUPREME ENGINEERING LTD,1.73,1.7,H
GOI TBILL 364D-12/06/25,94,93.8,H
SHRIRAM - LIQUIDSHRI,1003.61,1003.4,H
RASHTRIYA CHEMICALS & FER,245,244.9,H
EIMCO ELECON (INDIA) LTD,3189.6,3037.75,H
THANGAMAYIL JEWELLERY LTD,1924,1880,H
PI INDUSTRIES LTD,4058.3,4040,H
CMS INFO SYSTEMS LIMITED,558.95,547.7,H
CHEMFAB ALKALIS LIMITED,793.85,744,H
KCK INDUSTRIES LTD,214,207.95,H
ANTONY WASTE HDG CELL LTD,702,699,H
SHEKHAWATI POLY-YARN LTD.,5.84,5.73,H
KAVVERI TEL. LTD.,29.49,28.92,H
SEC RE NCD SR.V,1130,1120,H
SEC RED NCD 9.6% SR.VI,1089.8,1089,H
SAHAJ SOLAR LIMITED,395.9,377.05,H
OMAXE LIMITED,136,131.14,H
POWER MECH PROJECTS LTD.,6290,6189.95,H
2.5%GOLDBONDS2029SR-VII,7934,7910,H
LCC INFOTECH LTD,5.25,5.15,H
EMS LIMITED,790,713,H
SEC RE NCD SR.V,1266.75,1262.55,H
UNSERENCD8.85%SRIVCIII&IV,1137,1113.9,H
SEC RE NCD 9.20% SR I,1010,999,H
GOI TBILL 364D-10/07/25,93.5,93.4,H
GOI TBILL 182D-07/11/24,97.83,97.8,H
KALYAN JEWELLERS IND LTD,561.65,546,H
INDUS TOWERS LIMITED,439.4,424.7,H
SINTERCOM INDIA LIMITED,143.29,143,H
KONTOR SPACE LIMITED,150.25,143.1,H
ESCONET TECHNOLOGIES LTD,335.65,319.7,H
ALL E TECHNOLOGIES LTD,362,361.4,H
AADHAR HOUSING FINANCE L,486.95,484,H
SILKFLEX POLYMERS INDIA L,77.1,74.9,H
ENSER COMMUNICATIONS LTD,216.75,214.8,H
KORE DIGITAL LIMITED,1744,1671.05,H
GANESH GREEN BHARAT LTD,494,483.65,H
GOI TBILL 182D-01/11/24,97.77,97.73,H
TEERTH GOPICON LIMITED,472.1,449.65,H
NATIONAL FERT. LTD,169.95,165.33,H
ALPHAGEO (INDIA) LIMITED,479.8,461.7,H
BLUE CHIP INDIA LIMITED,5.58,5.48,H
WOMANCART LIMITED,276,266.8,H
USHA MARTIN EDU & SOL LTD,10.05,7.05,H
SRI ADHIKARI BRO TELE N L,332.69,326.17,H
UNITED SPIRITS LIMITED,1335.65,1334.85,H
KOTAKMAMC - KOTAKMID50,165.85,165.48,H
GOLDKART JEWELS LIMITED,126,121.5,H
GOI TBILL 364D-29/08/24,99,98.7,H
SOLARA ACTIVE PHA SCI LTD,603.9,582,H
RAJSHREE POLYPACK LTD,68.41,69.42,L
SEC RED NCD 9.30% SR. II,1014.1,1017,L
DIGIDRIVE DISTRIBUTORS L,31.81,32.32,L
GOYAL ALUMINIUMS LIMITED,8.86,9,L
DOCMODE HEALTH TECH LTD,104.7,110.2,L
SHRADHA INFRAPROJECTS LTD,135.24,137.4,L
GACM TECHNOLOGIES LIMITED,2.34,2.39,L
MEP INFRA. DEVELOPERS LTD,6.26,6.39,L
ONECLICK LOGISTICS IND L,89.45,92.7,L
VITAL CHEMTECH LIMITED,88.5,90.65,L
BANSAL WIRE INDUSTRIES L,325.1,336,L
MIRAEAMC - EVINDIA,31.5,32,L
YUDIZ SOLUTIONS LIMITED,60.25,61.2,L
ZENITH EXPORTS LTD,302.65,308.8,L
EMCURE PHARMACEUTICALS L,1261.05,1305.2,L
AMBEY LABORATORIES LTD,76.85,79.5,L
SALASAR TECHNO ENGG. LTD.,17,17.29,L
IRIS CLOTHINGS LIMITED,60.36,61.67,L
SHIVALIC POWER CONTROL L,290.05,309.2,L
NANDANI CREATION LIMITED,38.23,39.02,L
MARINETRANS INDIA LIMITED,27,27.3,L
UNSEC RE NCD 10% SR.I,922,936,L
GRILL SPLENDOUR SER LTD,72,72.15,L
VRAJ IRON AND STEEL LTD,225.01,233,L
SURAJ ESTATE DEVELOPERS L,542.3,550,L
MEDICAMEN ORGANICS LTD,96,105,L
ZERODHAAMC - MID150CASE,10,10.08,L
DANGEE DUMS LIMITED,7,7.14,L
BAID FINSERV LIMITED,16,16.25,L
HOAC FOODS INDIA LIMITED,137,140.2,L
THE WESTERN INDIA PLY LTD,146,150,L
DIENSTEN TECH LIMITED,184.05,193,L
FALCON TECHNOPROJ IND LTD,69.05,70,L
NEPHRO CARE INDIA LIMITED,225.45,250.5,L
SWASTIK PIPE LIMITED,64.25,66.4,L
SHRENIK LIMITED,0.77,0.82,L
FILATEX FASHIONS LIMITED,6.45,6.86,L
LANCOR HOLDINGS LIMITED,38.31,40.2,L
DAVANGERE SUGAR COMPANY L,7.7,7.97,L
UNSE RE NCD 10% SR.I,913,925.2,L
BIRLASLAMC - ABGSEC,99.66,100,L
EQUINOX INDIA DEV LTD,123.05,127.8,L
SBIAMC - SBISILVER,85.99,88.4,L
SATI POLY PLAST LIMITED,246.4,247,L
GP ECO SOLUTIONS INDIA L,330,335,L
SEC RE NCD 9.65% SR I,910,936.01,L
SMARTLINK HOLDINGS LTD,294,295.85,L
UNSEC RED NCD SR. VI,1381,1392,L
SHREEOSWAL S AND CHE LTD,23.65,24.2,L
MAHINDRA EPC IRRIG LTD,135.7,138.1,L
ALLIED BLEND N DISTILS L,282.05,289.9,L
BLS E-SERVICES LIMITED,216,221.25,L
GOI TBILL 91D-26/09/24,98.47,98.6,L
PETRO CARBON AND CHEMI L,268.05,289,L
KRONOX LAB SCIENCES LTD,144.05,145.26,L
VERTOZ ADVERTISING LTD,33.35,34.35,L
GOI TBILL 91D-03/10/24,98.4,98.5,L
SDL TS 7.74% 2035,98,100,L
SECUR CREDENTIALS LIMITED,8.01,8.17,L
NAKODA RE.2.50 PPD UP,13.51,14.73,L

