SYMBOL,SYMBOL P/E,ADJUSTED P/E
COSMOFIRST,34.55,34.55
HEROMOTOCO,28.28,27.41
HARRMALAYA,,1502.62
ITC,28.13,28.12
HINDCOMPOS,23.86,23.86
OSWALGREEN,137.72,137.72
HUHTAMAKI,7.1,27.74
RICOAUTO,44.48,42.52
SIYSIL,11.8,11.8
PRECWIRE,37.03,37.03
NCC,27.03,26.29
SEAMECLTD,31.48,31.48
BBTC,7.69,7.44
GICHSGFIN,9.05,9.05
BANARBEADS,24.79,24.79
WSTCSTPAPR,5.51,5.51
S&SPOWER,82.26,82.26
PRUDMOULI,11.36,10.56
PRAJIND,45.84,45.84
EVERESTIND,102.34,151.08
KEEPLEARN,168.55,168.55
TFCILTD,18.61,18.61
GTL,.96,5.37
AGI,20.55,20.55
TATACONSUM,88.24,76.12
ZEEL,64.93,229.48
KOTAKBANK,16.43,18.99
GILLETTE,64.45,64.45
KANSAINER,18.63,32.83
ANDHRAPAP,6.73,6.73
SCHAEFFLER,66.98,66.73
AMJLAND,20.68,20.68
TIMKEN,74.35,74.35
SAKHTISUG,3.75,
AKZOINDIA,30.05,30.05
GRASIM,18.82,18.08
FINCABLES,38.24,44.84
HEUBACHIND,28.56,28.56
CESC,15.34,18.69
BAJFINANCE,29.5,29.5
NAVA,9.51,10.39
CORALFINAC,10.58,10.58
AUTOAXLES,18.25,18.25
KHAITANLTD,26.3,26.3
ANDHRSUGAR,28.75,27.52
STARPAPER,6.14,6
AUSOMENT,14.56,14.56
JAYAGROGN,16.84,16.84
SAMBHAAV,65.59,86.81
SANGAMIND,46.89,40.95
STERTOOLS,24.38,24.5
HITECHGEAR,14.92,41.55
ELECTHERM,2.94,2.94
JAGSNPHARM,40.4,40.4
MPHASIS,35.58,35.58
INDRAMEDCO,17.65,17.65
SKMEGGPROD,8.13,8.13
HUDCO,30.6,30.6
FDC,26.05,26.05
ADROITINFO,13.61,13.61
INDUSINDBK,12.35,12.35
TRIGYN,20.65,20.65
CUB,11.5,11.5
ITDCEM,33.23,33.23
SONATSOFTW,60.3,5.17
CYBERTECH,27.37,27.37
DHANBANK,18.11,18.11
STCINDIA,20.44,21.96
RSSOFTWARE,28.23,28.23
IVC,33.68,33.68
ALEMBICLTD,39.14,39.14
BSOFT,31.15,31.15
ZYDUSLIFE,30.32,30.26
RAJESHEXPO,26.19,26.19
IOB,43.59,43.59
BLBLIMITED,36.82,36.82
BLUESTARCO,81.47,81.47
PNBGILTS,32.43,35.22
TAJGVK,27.41,27.41
GAEL,17.8,17.8
MRO-TEK,44.99,44.99
KHANDSE,241.66,241.66
ACLGATI,229.89,
JISLJALEQS,52.5,52.5
ASAL,74.84,74.84
APTECHT,41.47,35.64
NUCLEUS,20.8,20.8
DIVISLAB,75.24,75.24
JSL,22.89,23.57
TVSELECT,2387.24,2387.24
UNIENTER,29.75,29.75
MUKANDLTD,23.54,23.54
MAHABANK,10.55,10.55
POONAWALLA,17.96,25.67
LT,32.24,32.39
ULTRACEMCO,47.58,47.39
GULFPETRO,12.97,12.97
WELENT,19.21,19.21
JBMA,128.04,128.04
XCHANGING,104.62,104.62
JINDALPHOT,57,57
GOKEX,49.13,49.13
SHOPERSTOP,207.41,178.53
63MOONS,7.21,7.21
JSWHL,64.41,64.41
MSPL,71.6,58.5
GOLDIAM,20.02,20.02
FCSSOFT,,72.58
AURIONPRO,57.98,57.98
AIAENG,36.51,36.53
ORIENTCER,31.35,36.97
EKC,17.17,16.83
ENIL,29.76,30.74
JAGRAN,12.84,12.84
BLKASHYAP,43.26,43.26
SOLARINDS,113.03,113.03
SUNTV,16.08,16.08
EMKAY,13.81,13.81
BALPHARMA,23.92,23.92
KAMDHENU,27.7,27.7
EMAMILTD,48,47.68
TECHM,61.22,61.3
ATLANTAA,.62,4.42
ANANTRAJ,65.91,65.91
ALICON,15.31,15.31
DCBBANK,7.82,7.82
INSPIRISYS,56.36,56.36
NAUKRI,123.58,115.16
MANALIPETC,87.75,77.25
DONEAR,19.28,19.28
VENUSREM,17.48,17.48
PARACABLES,25.18,25.18
SARLAPOLY,25.62,25.62
GANDHITUBE,18.52,18.52
IZMO,26.64,26.64
TTL,53.05,53.05
RAJTV,523.51,523.51
THEMISMED,81.81,81.81
BANSWRAS,16.65,16.65
NDLVENTURE,199.28,199.28
FORTIS,58.58,59.73
HILTON,27.08,27.08
V2RETAIL,94.09,94.09
CENTRALBK,18.02,18.02
CIEINDIA,27.65,27.65
PURVA,199.43,199.43
NAGREEKCAP,1,1
BAJAJELEC,84.34,84.34
BVCL,21.3,21.3
INDHOTEL,72.07,72.07
JAYSREETEA,28.05,
GOLDENTOBC,10.95,12.42
ESABINDIA,60.3,60.3
GABRIEL,38.47,38.47
AARTIIND,60.73,60.73
PRAKASH,9.19,9.19
KSB,82.61,82.61
HEG,34.45,34.45
GODFRYPHLP,30.75,30.75
TATAINVEST,98.87,98.87
SHREECEM,42.04,42.04
INGERRAND,59.11,59.11
HINDALCO,14.88,14.9
GSFC,17.76,17.76
DCW,97.58,92
BIRLACORPN,27.68,28.1
ASHAPURMIN,14.11,21.81
TNPL,8.68,8.68
DALMIASUG,11.75,11.75
GARFIBRES,35.95,35.95
MARICO,57.58,57.58
KEYFINSERV,9.16,9.16
MOTHERSON,46.34,44.95
AARTIDRUGS,27.95,27.95
DENORA,50.22,50.22
SHRIRAMFIN,14.38,14.38
GUJAPOLLO,29.04,29.04
RUCHINFRA,25.54,57.16
BANKBARODA,7.11,7.11
CONCOR,51.39,51.39
INDSWFTLAB,2.47,10.64
AXISCADES,68.96,68.96
HIKAL,60.68,60.68
UNITDSPR,67.56,67.07
MPSLTD,29.73,29.73
PNB,15.62,15.62
UNIONBANK,7.39,7.39
RADICO,89.91,89.91
BAGFILMS,20.66,20.66
WELSPUNLIV,25.66,25.66
TVTODAY,24.91,23.52
BIOCON,29.13,29.03
DATAMATICS,19.27,19.27
APARINDS,39.84,39.83
NIITLTD,37.16,36.94
COFORGE,50.71,51.29
ASTRAMICRO,79.06,79.06
INDOCO,30.97,33
JPPOWER,11.94,8.26
SAKSOFT,31.79,31.79
CYBERMEDIA,13.22,10.07
GRANULES,30.96,30.96
YESBANK,55.3,55.3
SPLIL,15.24,15.23
RML,456.26,12.59
SASKEN,31.55,31.55
SUPERHOUSE,20,20
PDSL,33.88,34.59
GOODLUCK,21.76,21.76
APOLSINHOT,32.82,32.82
GRPLTD,89.42,82.17
GREENLAM,59.4,59.4
LINC,25.84,25.84
HESTERBIO,132.31,132.31
MANAKSTEEL,13.08,13.16
IMAGICAA,7.49,127.36
LFIC,5.99,5.99
VIPULLTD,2.15,2.13
UFO,38.52,34.88
NILAINFRA,43.32,43.32
SKIPPER,48.06,48.06
SHYAMCENT,495.83,495.83
ADANIENSOL,94.33,84.68
PKTEA,19.95,19.95
SHARDAMOTR,24.37,24.37
COFFEEDAY,,6.08
UMANGDAIRY,225.78,225.78
LALPATHLAB,70.65,70.65
TEAMLEASE,43.31,44.61
KELLTONTEC,21.14,21.14
PDMJEPAPER,11.67,11.67
THYROCARE,49.46,49.35
ARMANFIN,11.78,11.78
SALONA,25.03,25.03
INTENTECH,23.44,23.44
CLEDUCATE,29.33,31.33
DEVIT,33.37,33.37
SCHAND,15.8,15.8
TEJASNET,134.62,134.62
AUBANK,31.74,30.49
AVADHSUGAR,9.69,9.69
OPTIEMUS,63.98,63.98
VAISHALI,226.01,226.01
GEEKAYWIRE,12.37,12.37
APEX,53.78,53.78
CHOLAHLDNG,7.38,7.38
DPWIRES,26.88,26.88
DIAMONDYD,38.53,37.97
JASH,37.66,37.66
DPABHUSHAN,41.39,41.39
VERTOZ,90.26,90.26
ICEMAKE,46,46
TOUCHWOOD,47.84,47.85
AJOONI,50.13,50.13
SILLYMONKS,147.22,147.22
NEWGEN,53.29,53.29
HINDCON,42.82,42.82
MACPOWER,67.99,67.99
SUNDARMHLD,30.99,30.99
URAVI,313.5,313.5
KAPSTON,30.89,30.89
LEMONTREE,63.5,63.5
PIGL,17.42,17.42
BSHSL,93.09,93.09
GODHA,133.56,133.56
E2E,105.17,105.17
SVLL,84.41,84.41
WEL,164.72,164.72
CHEMCON,49.11,49.11
HNDFDS,73.14,73.14
IRCTC,72.45,69.76
DCI,42.36,42.36
IIFLSEC,11.18,11.18
VISHWARAJ,23.07,23.07
KUANTUM,7.57,7.57
APOLLOPIPE,58.61,58.61
ROUTE,29.13,30.25
SIGMA,21.6,21.6
EQUITASBNK,12.8,12.8
HINDWAREAP,82.29,82.29
LIKHITHA,26.08,26.08
PATANJALI,61.97,61.97
ASALCBR,24.12,24.12
SUVENPHAR,71.85,71.85
STOVEKRAFT,57.25,57.25
HAPPSTMNDS,49.36,51.42
BOROLTD,59.06,59.06
PAVNAIND,50.26,50.26
KALYANKJIL,91.48,91.48
UNIDT,47.7,47.7
ADL,1707.9,1707.9
ROML,43.58,43.58
RAILTEL,68.27,70.96
HERANBA,42.7,42.7
FAIRCHEMOR,44.36,44.36
ISGEC,39.99,39.99
PAKKA,21.54,21.54
SHAILY,69.11,69.11
FIBERWEB,16.76,16.76
SBCL,45.73,45.73
IPL,40.25,40.25
LODHA,91.29,85.98
UTKARSHBNK,10.95,10.95
DODLA,37.65,37.65
JUBLINGREA,50.93,50.93
SHYAMMETL,17.66,17.66
TATVA,82.94,82.94
ABSLAMC,25.26,25.26
ZOMATO,557.43,557.43
PIXTRANS,25.01,25.01
KRSNAA,36.11,36.11
DEVYANI,,561.01
ANMOL,8.93,8.93
AMIORG,123.95,55.97
PRITIKAUTO,24.86,24.86
INTLCONV,7.8,7.8
STEELCAS,17.24,17.24
ELIN,68.63,68.63
MHLXMIRU,19.74,19.74
GATEWAY,21.54,21.54
JTLIND,33.17,33.17
RAINBOW,53.3,53.3
ROTO,53.32,53.32
INDOBORAX,15.6,15.6
AVONMORE,28.02,28.02
DREAMFOLKS,36.27,36.27
DHARMAJ,26.09,26.09
GMRP&UI,160.07,
INOXGREEN,166.75,166.75
BIKAJI,67.19,67.19
HARDWYN,100.72,100.72
MEDICO,37.87,37.87
YATHARTH,32.66,32.66
AKSHAR,18.49,18.49
NGLFINE,37.93,37.93
SENCO,40.4,40.4
RADHIKAJWE,13.69,13.69
RAMRAT,33.54,33.54
GOYALALUM,56.81,56.81
DBOL,19.22,19.22
SPORTKING,17.49,17.49
SYNCOMF,55.92,55.88
SULA,44.3,44.3
KRITINUT,12.58,12.58
BAIDFIN,15.33,15.33
BLUEJET,60.6,57.28
SUKHJITS,15.09,15.09
SKYGOLD,66.79,66.79
DIVGIITTS,52.03,52.03
MANOMAY,32.91,32.91
RHL,61.14,61.14
NINSYS,57.88,57.88
ASMS,462.61,301.66
ZAGGLE,84.18,84.18
RGL,12.91,12.91
COLPAL,64.48,63.8
KALYANIFRG,45.4,45.4
ECLERX,23.32,23.26
DVL,28.93,28.93
PATINTLOG,28.36,28.36
ARIES,20.33,20.33
CEATLTD,17.17,16.12
JKIL,18.93,18.93
KNRCON,13.92,13.92
ONMOBILE,56.95,56.95
SEPC,124.01,124.01
NAHARCAP,13.73,13.73
VGUARD,76.57,76.57
DPSCLTD,121.8,121.8
TITAGARH,75.67,75.23
BAJAJFINSV,16.71,16.71
DIGISPICE,17,39.06
RPGLIFE,33.12,33.12
RBL,16.58,16.24
UBL,129.66,129.66
ZFCVINDIA,72.73,72.73
JOCIL,97.25,97.25
ALKALI,120.15,100.08
TPHQ,24.81,24.81
MHRIL,76.2,76.2
EXCEL,53.25,53.25
GLOBUSSPR,24.96,24.96
EXPLEOSOL,21.49,21.49
RTNPOWER,.93,
REFEX,28.59,28.57
JSWENERGY,63.61,63.61
HINDCOPPER,105.41,105.41
NESTLEIND,99.87,100.24
THANGAMAYL,39.28,39.28
HATHWAY,61.23,60.47
MANINFRA,26.12,26.12
MANAPPURAM,8.29,8.29
HMVL,74.67,74.67
BAJAJCON,24.45,24.45
GPPL,30.76,28.11
KILITCH,43.98,43.98
SASTASUNDR,10.91,10.91
CANTABIL,37.07,37.79
BEDMUTHA,32.53,32.53
SHAH,45.35,45.35
COALINDIA,9.44,9.44
JINDWORLD,100.3,100.3
MOIL,33.59,33.59
SUMMITSEC,28.34,24.9
HFCL,50.34,50.34
MUTHOOTFIN,16.28,16.28
PIIND,36.39,36.39
OMINFRAL,35.18,35.18
KARMAENG,810.54,810.54
ELGIRUBCO,32.41,91.78
LTF,17.52,17.52
BODALCHEM,144.2,144.2
FILATEX,23.7,23.7
TDPOWERSYS,51.29,51.29
VASWANI,14.54,14.54
PANAMAPET,12.84,12.84
ONELIFECAP,35.01,35.01
SHAKTIPUMP,35.17,35.17
JISLDVREQS,.87,.87
RUPA,31.5,30.3
APLAPOLLO,56.28,56.28
IRFC,41.59,41.59
COMPUSOFT,44.66,44.66
RHIM,,46.9
NDL,16.04,16.04
HEXATRADEX,36.44,36.44
SWANENERGY,36.64,36.64
RTNINDIA,24.31,21.78
PROZONER,191.15,191.15
THEJO,56.33,56.33
KITEX,25.97,25.97
ROSSELLIND,170.85,169.44
TVSHLTD,13.52,13.5
VETO,14.64,14.64
INDUSTOWER,18.83,18.83
ATULAUTO,281.03,281.03
PILITA,67.76,67.76
ORBTEXP,15,15
HATSUN,84.07,84.07
GULFOILLUB,19.24,19.24
MONTECARLO,22.19,22.19
LAMBODHARA,35.1,35.1
MOLDTKPAC,38.86,38.86
MENONBE,9.72,9.72
MANAKALUCO,41.98,41.98
BYKE,61.85,61.85
VRLLOG,55.16,55.42
PRIVISCL,62.07,62.07
ARROWGREEN,29.27,29.27
ALANKIT,29.87,29.87
AYMSYNTEX,289.06,67.28
ARVSMART,63.2,63.2
NAVKARCORP,369.87,369.87
IDFCFIRSTB,19.72,19.72
SHK,20.94,20.94
KRIDHANINF,,62.38
ALKEM,34.43,32.71
QUICKHEAL,133.64,133.64
NECCLTD,50.14,50.14
GOKULAGRO,18.2,18.2
HCG,118.59,127.47
WEALTH,19.52,19.52
CROMPTON,63.15,63.15
SAGARDEEP,73.79,73.79
UNITEDPOLY,29.51,29.51
ASPINWALL,20.24,20.24
INCREDIBLE,35.39,35.39
DAMODARIND,20.28,20.28
POKARNA,25.35,25.35
GPTINFRA,32.8,32.8
LLOYDSENGG,114.57,114.57
LTIM,37.08,37.08
GATECH,85.58,85.58
ADVENZYMES,30.97,28.84
NDGL,12.96,12.96
BIGBLOC,62.96,62.96
MBAPL,78.34,78.34
CUPID,31.03,31.03
GNA,18.84,18.84
CROWN,53.06,53.06
SAKAR,61.07,61.07
PANSARI,35.38,35.38
ARTNIRMAN,146.59,146.59
NIRAJISPAT,14.17,14.17
VBL,91.8,91.8
JETFREIGHT,306.34,
TCIEXP,34.54,34.54
TERASOFT,24.91,21.87
LIBAS,9.01,9.01
CAPTRUST,97.53,97.53
MAHESHWARI,13.82,13.82
MCL,80.72,80.72
PRICOLLTD,41.65,41.65
STEELCITY,11.71,11.71
KRISHANA,40.84,40.84
GLOBAL,11.49,11.49
SANGINITA,61.51,61.51
AKASH,315.72,315.72
RADIOCITY,74.85,74.85
TASTYBITE,61.21,61.21
AIRAN,28.52,28.52
LAXMICOT,,91.48
EIFFL,170.53,170.53
NRAIL,6.38,6.38
CREATIVE,21.5,21.5
FOCUS,23.22,23.22
SIKKO,42.32,42.32
MKPL,37,37
INFOBEAN,48.72,48.72
GLOBE,26.05,26.05
ERIS,34.78,34.78
ACEINTEG,55.16,55.16
DYNPRO,117.24,117.24
GANGESSECU,47.49,47.49
TOTAL,134.78,134.78
WEWIN,30.68,30.68
SMSLIFE,41.6,41.6
SERVOTECH,220.47,220.47
DIXON,186.28,186.28
CAPACITE,20.27,20.27
WORTH,11.02,11.02
AARVI,16.82,16.82
AIROLAM,26.52,26.52
RKEC,17.28,17.28
TCPLPACK,22.26,22.26
TIINDIA,67.25,67.26
NAM-INDIA,33.54,33.54
SECURCRED,6.98,6.98
SILVERTUC,58.76,58.76
DNAMEDIA,.42,
ONEPOINT,61.05,61.05
MOKSH,13.91,13.91
BCONCEPTS,59.48,59.48
APOLLO,112.5,112.5
SINTERCOM,305.91,305.91
SOUTHWEST,38.96,41.36
ARVEE,236.08,236.08
GMMPFAUDLR,34.37,34.37
SARVESHWAR,50.87,50.87
UNIINFO,69.26,69.26
BDL,89.36,89.36
HAL,44.01,44.01
MITTAL,29.04,89.82
MIDHANI,101.49,101.49
AVG,20.17,33.48
MMP,27.79,27.79
AAKASH,21.76,21.76
SOFTTECH,136.11,136.11
ORIENTELEC,76.54,95.16
SIRCA,37.06,37.06
SONAMLTD,37.44,37.44
PRITI,19.32,19.32
ACCURACY,370.8,370.8
RITES,35.67,35.67
GANGAFORGE,188.96,193.08
REPL,21.61,21.61
HBSL,2.4,2.4
AVROIND,27.71,27.71
TEMBO,20.01,20.46
CREDITACC,13.51,13.51
AARON,43.73,43.73
LAGNAM,19.1,19.1
RPPL,29.02,29.02
AKG,49.11,49.11
IRCON,33.96,33.96
AHLADA,10.74,10.74
RAJMET,25.53,25.53
AAVAS,28.89,28.89
KSHITIJPOL,46.23,
GRSE,82.35,82.35
KRITIKA,50.62,50.62
SILGO,20.06,20.06
VINNY,26.84,26.84
BBTCL,29.51,29.51
MARINE,128.76,129.41
IRISDOREME,42.11,42.11
ATGL,150.02,150.02
UNIPARTS,18.07,18.07
SHRIRAMPPS,4.65,4.65
AWHCL,19,19
RPSGVENT,11.72,11.72
MSTCLTD,27.98,27.98
ANUP,33.96,33.96
ARVINDFASN,63.17,60.55
PAR,20.32,20.32
RVNL,88.55,88.55
POLYCAB,52.49,52.49
METROPOLIS,81.14,81.14
KPITTECH,83.54,83.54
NEOGEN,116,116
VIKASLIFE,,92.66
EMAMIPAP,9.74,9.74
CONFIPET,25.24,25.24
PPL,12.64,12.64
DGCONTENT,35.73,35.73
INDIAMART,45.75,45.56
OAL,162.05,162.05
SATIA,6,6
AFFLE,64.76,64.76
SPANDANA,10.05,10.05
WESTLIFE,188.46,188.46
UJJIVANSFB,6.72,6.72
MAZDOCK,59.38,59.38
SAFARI,57.65,57.65
360ONE,44.52,44.52
HPIL,117.06,117.06
FLUOROCHEM,82.06,82.06
GREENPANEL,27.09,27.09
CHEMBOND,18.8,18.8
MGEL,22.29,22.29
SBICARD,28.75,28.75
HOMEFIRST,31.98,31.98
CSBBANK,10.96,10.96
EASEMYTRIP,68.54,41.46
ROSSARI,33.31,33.31
PRINCEPIPE,40.83,44.34
ESAFSFB,6.08,6.08
ARTEMISMED,60.25,60.25
SUMICHEM,69.87,69.87
LGHL,79.62,83.96
MAHEPC,,2315.74
UNIVPHOTO,13.11,13.11
BAFNAPH,27.43,27.43
POWERINDIA,291.59,291.59
KSOLVES,36.64,36.64
RAJRATAN,40.17,40.17
AARTISURF,29.68,29.68
GLAND,42.54,42.54
NDRAUTO,37.99,37.99
MAXHEALTH,85.49,85.49
AAATECH,43.6,43.6
SHAREINDIA,13.96,13.93
SIGACHI,33.29,33.29
ANGELONE,15.95,15.95
NIRAJ,19.49,13.16
CAMS,56.83,56.83
SURYODAY,8.74,8.74
UTIAMC,15.56,15.56
BECTORFOOD,59.48,59.48
ORCHPHARMA,74.26,74.26
INDIGOPNTS,47.01,47.01
LXCHEM,58.66,58.66
MTARTECH,103.65,103.65
ANURAS,52.32,52.32
KANPRPLA,283.39,283.39
STYLAMIND,25.3,25.14
CLSEL,9.28,9.28
CARYSIL,36.89,36.89
MODISONLTD,22.2,27.9
BCLIND,18.58,18.5
BHAGCHEM,189.65,189.65
SMCGLOBAL,8.15,8.15
ARIHANTCAP,10.89,10.89
NAZARA,74.73,74.06
GENCON,24.13,24.13
HLEGLAS,68.64,64.07
SONACOMS,80.19,79.19
PARAS,178.74,178.74
CRAFTSMAN,37.39,37.39
EXXARO,177.75,177.75
ROLEXRINGS,37.49,33.99
KIMS,50.38,50.38
CLEAN,63.22,63.22
GLS,22.13,22.13
DEEPINDS,15.33,15.5
WINDLAS,24.64,24.64
CARTRADE,54.56,54.56
APTUS,26.57,26.57
SUPRIYA,25.68,25.68
VIJAYA,65.25,64.44
VINEETLAB,51.43,51.43
SANSERA,38.96,38.96
BAJAJHCARE,,32.35
AAREYDRUGS,29.26,29.26
GRINFRA,12.26,15.28
HPAL,43.26,43.62
UGROCAP,20.16,20.16
KPIGREEN,72.05,71.94
YUKEN,90.94,90.94
SGIL,41.73,41.73
ANANDRATHI,64.78,64.78
SJS,29.61,29.61
FINOPB,28.46,28.46
POLICYBZR,1006.31,1006.31
NYKAA,1145.33,1145.33
AWL,246.68,197.21
MONARCH,12.2,12.2
SAPPHIRE,187.62,187.62
PRUDENT,59.48,59.48
EPIGRAL,31.17,31.17
NUVOCO,82.98,82.98
GOCOLORS,68.22,68.22
TRACXN,144.84,144.84
CMSINFO,25.23,25.23
FUSION,8.57,8.57
COASTCORP,81.81,81.81
TARSONS,59.26,59.26
MEDPLUS,157.05,157.05
TEGA,60.46,60.46
RATEGAIN,63.94,63.94
MANORG,83.77,83.77
LATENTVIEW,69.4,69.4
METROBRAND,86.82,86.82
MICEL,35.13,39.25
PASUPTAC,26.04,26.04
FOODSIN,23.95,23.93
PARADEEP,71.67,71.67
MAPMYINDIA,89.93,89.93
TMB,6.8,6.8
KRITI,44.04,44.04
MANYAVAR,61.81,61.81
GANESHBE,18.84,18.81
GVPTECH,78.43,78.43
DMCC,62.91,62.91
MEDICAMEQ,60.87,60.87
EMIL,44.76,44.76
SHIVALIK,53.77,53.77
UMAEXPORTS,28.86,28.03
DATAPATTNS,98.38,98.38
MEDANTA,67.17,67.17
AHL,29.74,29.74
MALLCOM,23.56,23.56
ASIANENE,52.89,49.35
SMLT,18.09,18.09
NRL,74.32,74.32
RADIANTCMS,19.12,19.12
CHOICEIN,52.35,52.35
HARIOMPIPE,34.99,34.99
GRWRHITECH,26.76,26.76
DCMSRIND,16.09,16.09
RAJRILTD,279.75,279.75
EMUDHRA,95.54,95.54
DYCL,36.75,36.75
FIVESTAR,26.54,26.54
STARTECK,16.9,16.9
VIRINCHI,23.3,23.3
SBC,67.27,67.27
ELDEHSG,27.32,27.32
SEJALLTD,103.83,103.83
RELCHEMQ,52.73,52.73
SYRMA,67.24,66.74
ZIMLAB,31.33,31.33
CAMPUS,98.48,98.48
VENUSPIPES,49.51,49.51
AETHER,143.03,74.88
MEGASTAR,54.98,54.98
LANDMARK,45.65,44.21
RACE,373.7,373.7
ETHOSLTD,120.96,120.96
MSUMI,50.27,50.27
HARSHA,42.32,42.32
OBCL,30.56,30.56
INDOAMIN,23.75,23.75
ACI,27.41,27.41
RITCO,22.78,22.78
SADHNANIQ,478.82,478.82
CHEVIOT,11.95,11.95
HMAAGRO,25.89,25.89
KFINTECH,50.57,50.57
DCXINDIA,57.18,57.18
KAYNES,136.58,136.58
AXITA,26.94,26.94
PLAZACABLE,100.77,100.77
TRU,49.25,49.25
TIPSFILMS,226.23,226.23
SPLPETRO,41.39,41.39
CSLFINANCE,17,17
RUSTOMJEE,109.6,109.6
GENSOL,66.47,66.36
GSLSU,45.46,45.46
MANORAMA,92.69,92.69
GRMOVER,19.92,19.92
DJML,72.74,72.74
SIGNATURE,517.04,517.04
KALAMANDIR,25.14,25.14
AVALON,121.59,121.59
CONCORDBIO,57.09,57.09
KAMOPAINTS,93.02,93.02
MVGJL,17.5,17.5
SCPL,22.6,22.6
MANKIND,43.84,43.84
SATINDLTD,3.62,3.62
USK,13.33,13.33
IKIO,38.46,38.46
FAZE3Q,24.73,24.73
LLOYDSME,29.25,29.25
AARTIPHARM,24.15,24.15
SAHYADRI,16.23,16.23
SBFC,36.26,36.26
SBGLP,72.02,72.02
HYBRIDFIN,17.15,16.65
HONASA,174.94,174.94
RISHABH,40.97,40.97
SAH,213.04,213.04
CYIENTDLM,99.24,99.24
SECMARK,303.27,303.27
IDEAFORGE,77.87,77.87
LAL,48.71,48.71
DOLPHIN,457.3,510.34
ASHOKAMET,10.04,10.04
NETWEB,159.45,159.45
AEROFLEX,46.11,46.11
EMSLIMITED,28.71,28.71
VPRPL,20.69,20.69
KIRLPNU,60.36,57.9
ATL,39.6,39.6
JSWINFRA,58.73,58.73
NUVAMA,33.46,33.46
YASHO,49.42,49.42
SINDHUTRAD,38.89,38.88
SRGHFL,30.43,30.43
JIOFIN,186.45,186.45
TREL,4.73,44.58
DIAMINESQ,63.57,63.57
AMNPLST,65.92,65.92
GLOBALVECT,268.73,268.73
LTFOODS,18.05,18.05
SOBHA,346.51,346.57
JINDRILL,14.92,14.92
PLASTIBLEN,21.24,21.24
HBLPOWER,65.54,60.98
LUMAXTECH,22.56,22.56
WANBURY,11.48,21.13
PITTIENG,43.81,43.81
UNOMINDA,76.03,77.94
CTE,41.39,41.39
TIIL,22.4,21.85
REDINGTON,12.77,12.77
PFC,8.88,8.88
INDIANB,9.44,9.44
PAGEIND,78.78,78.78
ASTRAL,111.26,111.26
ICRA,36.72,36.72
ZENITHSTL,20.55,20.55
SRHHYPOLTD,13.08,11.87
KMSUGAR,13.52,13.52
NELCAST,23.22,31.9
MEGASOFT,64.73,64.73
MOTILALOFS,13.02,13.02
POWERGRID,20.2,20.2
GKWLIMITED,133.23,133.23
OIL,13.85,13.91
DEN,11.5,11.5
DBCORP,13.41,13.41
UNITEDTEA,13.06,13.06
EMMBI,18.45,18.45
TEXMOPIPES,44.7,14.71
ISFT,20.61,20.61
KIRLOSIND,16.06,14.48
BLISSGVS,14.01,6.6
UGARSUGAR,42.43,42.43
GREENPOWER,52.2,60.9
JWL,81.65,81.65
PRESTIGE,43.97,43.97
GRAVITA,38.81,38.81
RKDL,,271.01
TEXRAIL,115.03,115.03
PFS,20.23,20.23
RELAXO,102.09,102.09
ASHIANA,48.44,48.44
JUSTDIAL,25.19,25.19
MITCON,35.64,35.64
AGRITECH,11.9,11.9
WONDERLA,31.64,31.64
SNOWMAN,97.79,97.79
THERMAX,92.1,101.81
RIIL,179.73,179.73
RAYMOND,20.35,19.38
SHREDIGCEM,18.26,18.26
SMLISUZU,25.83,25.83
SUNDRMFAST,55.75,55.75
CRISIL,48.29,48.29
PEL,,35.99
MASTEK,26.39,26.18
TRENT,136.8,221.99
CUMMINSIND,67.86,67.8
JBCHEPHARM,50.89,50.89
INDIAGLYCO,20.63,20.63
IONEXCHANG,47.47,47.47
HIMATSEIDE,11.71,11.71
GFLLIMITED,290.52,290.52
BHARATFORG,83.64,83
ATUL,66.27,66.27
TATAMOTORS,10.72,10.47
MRPL,14.28,14.24
ESCORTS,42.96,42.96
BAJAJHLDNG,78.79,78.79
ZUARIIND,1.61,
VOLTAS,126.91,126.91
TATASTEEL,,60.59
VEDL,23.29,34.9
RELIANCE,26.07,26.07
BATAINDIA,75.38,68.9
CARBORUNIV,74.22,74.22
DICIND,,109.92
MOTOGENFIN,120.73,120.73
RAMCOCEM,46.84,46.84
CENTURYTEX,94.1,94.1
TORNTPHARM,61.92,64.79
VLSFINANCE,3.24,3.24
SRF,52.54,52.54
AEGISLOG,44.19,44.19
BBOX,48.47,38.76
RANEHOLDIN,25.48,11.92
ARE&M,31.03,31.03
IVP,16.23,16.23
INDBANK,23.71,23.71
GET&D,184.41,184.41
BANARISUG,25.99,25.99
ANIKINDS,624.07,624.07
APCOTEXIND,41.97,41.97
KARURVYSYA,9.98,9.98
WSI,17.34,17.15
THOMASCOOK,41.42,41.42
SIEMENS,107.07,107.07
VSTIND,23.59,23.59
JUBLPHARMA,19.83,45.18
TOKYOPLAST,107.1,107.1
HLVLTD,60.41,60.41
M&M,31.29,31.29
PRSMJOHNSN,54.64,
PCBL,21.68,21.68
3PLAND,36.96,36.96
HONDAPOWER,43.82,45.69
IDBI,15.37,15.37
BBL,37.9,37.9
DCMSHRIRAM,34.92,34.92
BIOFILCHEM,146.28,146.28
INDIANCARD,20.18,
MIRZAINT,50.33,50.33
MMFL,22.91,23.07
KOTHARIPET,14.4,14.33
INDNIPPON,30.28,30.28
ICICIBANK,19.41,19.41
REPRO,72.59,72.59
HAVELLS,79.7,79.7
TIPSINDLTD,54.77,54.77
MARKSANS,27.01,27.01
OLECTRA,182.19,198.54
TIMESGTY,66.72,66.72
GENESYS,116.52,116.52
VARDHACRLC,29.01,29.01
IGL,23.21,23.21
PETRONET,14.23,14.44
XPROINDIA,50.11,48.11
GUFICBIO,39.77,39.77
KOTARISUG,16.3,16.3
PATELENG,16.6,21.97
JSWSTEEL,28.73,30.66
IIFL,10,10
WELCORP,19.64,19.64
JKPAPER,8.49,8.49
VHL,350.89,41.31
SATIN,5.43,5.43
GUJGASLTD,38.82,40.37
BALAXI,,14.88
PILANIINVS,36.37,36.37
OCCL,7.61,7.61
VIDHIING,58.41,58.41
BHARATWIRE,17.42,17.42
PARAGMILK,26.94,26.94
BLS,43.28,43.28
CONTROLPR,24.63,24.66
ARIHANTSUP,21.64,21.64
SHANKARA,20.18,20.18
WIPL,39.12,39.12
DOLLAR,32.19,31.98
PSPPROJECT,21.74,21.74
CDSL,56.92,56.92
STEELXIND,134.34,134.34
MAGADSUGAR,9.6,9.6
SIS,37.58,37.58
MASFIN,20.09,20.09
KHADIM,104.16,104.16
GALAXYSURF,32.98,32.98
ASTERDM,58.21,
SANDHAR,31.06,31.83
CIPLA,28.96,27.94
HDFCBANK,17.89,17.79
GMBREW,11.77,11.77
GIPCL,18.25,18.25
INDIANHUME,28.45,28.45
IOC,5.71,5.71
KAMATHOTEL,12.2,40.99
BANCOINDIA,18.06,18.06
MANINDS,28.14,28.14
APOLLOTYRE,19.38,18.69
SHANTIGEAR,58.81,58.81
ONWARDTEC,32.05,32.05
NILKAMAL,25.45,25.45
ICIL,22.28,22.28
ELGIEQUIP,70.33,70.33
AUROPHARMA,24.73,23.93
EIHOTEL,38.9,38.49
LICHSGFIN,9.17,9.17
BEPL,19.24,19.24
MOREPENLAB,29.18,29.18
VENKEYS,32.16,32.16
GHCL,6.52,8.55
HIL,62.51,1169.54
BPL,44.46,44.46
PGHH,71.99,71.99
VESUVIUS,44.64,44.64
BOMDYEING,1.47,
NAVNETEDUL,17.13,18.67
GLAXO,75.26,67.2
CHOLAFIN,34.57,34.57
FMGOETZE,17.43,17.43
ORIENTHOT,55.73,55.73
FOSECOIND,36.01,41.39
3MINDIA,74.14,74.14
RALLIS,49.52,49.78
MFSL,90.2,90.2
KOPRAN,22.38,22.38
GREAVESCOT,,288.33
SURYAROSNI,19.47,19.47
SUDARSCHEM,17.31,55.2
IPCALAB,58.19,63.44
HINDZINC,34.42,34.42
HINDUNILVR,62.48,62.51
FINPIPE,45.24,45.24
EIDPARRY,8.5,8.5
DCM,32.45,32.45
PVP,9.49,
IRMENERGY,28.9,28.9
AKI,143.38,143.38
RATNAVEER,24.88,24.88
ATAM,34.62,34.62
POCL,28.78,28.78
REDTAPE,75.9,75.9
PTCIL,474.73,474.73
PYRAMID,21.97,21.97
GHCLTEXTIL,34.28,34.28
UDS,31.52,31.52
RRKABEL,87.25,87.37
JLHL,47.53,47.55
NIITMTS,29.74,29.22
SANDUMA,43.07,43.07
MUFIN,135.62,130.38
CELLO,76.59,76.59
PFIZER,41.58,42.09
DRREDDY,20.3,20.3
CHAMBLFERT,17.09,17.09
MAHSEAMLES,8.89,8.86
COROMANDEL,28.48,28.48
VINDHYATEL,28.7,28.7
ASIANPAINT,55.95,55.95
PGHL,39.74,39.74
ADORWELD,29.89,29.89
TATACHEM,71.35,21.67
ATFL,355.6,731.34
EPL,34.04,32.18
SUPREMEIND,72.01,72.01
BALRAMCHIN,17.64,17.64
WEIZMANIND,20.67,20.67
JTEKTINDIA,48.37,51.05
SUNPHARMA,39.47,37.83
SHREYANIND,4.48,4.48
ADANIENT,101.22,94.35
EICHERMOT,37.46,37.46
ZENSARTECH,25.51,25.51
KPIL,41.43,41.43
IGARASHI,172.83,172.83
BLUEDART,63.38,63.38
HSCL,44.63,44.63
UFLEX,,13.7
SUBROS,45.4,45.4
WIPRO,23.43,23.43
TATACOMM,56.16,66.96
SANOFI,26.72,25.86
KAJARIACER,51.09,51.07
MODTHREAD,8.48,8.48
PIDILITIND,91.48,88.94
JINDALSAW,11.08,11.08
STYRENIX,22.13,22.13
CANFINHOME,14.68,14.68
DABUR,62.28,62.28
GREENPLY,49.94,57.68
REMSONSIND,50.02,49.05
NATCOPHARM,15.83,15.83
MRF,26.69,26.69
TTKPRESTIG,54.31,54.31
SKFINDIA,50.44,50.44
SILINV,21.12,21.12
SUNDRMBRAK,28.49,28.49
SOMATEX,5.23,
VISAKAIND,1058.47,1058.47
CREST,18.66,18.66
WENDT,70.89,70.89
TVSSRICHAK,30.18,28.77
PUNJABCHEM,30.9,30.9
DYNAMATECH,38.76,74.22
GANESHHOUC,17.99,17.99
ALKYLAMINE,69.36,69.36
GUJRAFFIA,61.19,61.19
RAMCOIND,28.57,28.57
HERITGFOOD,46.33,46.33
MADRASFERT,359.58,35.78
GAIL,17.04,17.65
BANKINDIA,8.7,8.7
KCPSUGIND,6.23,6.78
SAREGAMA,51.73,51.73
ENGINERSIN,41.93,41.93
JAICORPLTD,118.61,118.61
GMDCLTD,20.44,20.44
MAHAPEXLTD,.52,33.97
ASAHIINDIA,49.35,49.35
J&KBANK,6.87,6.87
KOTHARIPRO,24.9,24.9
SOUTHBANK,6.07,6.07
ASTRAZEN,96.7,104.22
AXISBANK,15,15
CYIENT,29.66,27.73
KOKUYOCMLN,35.42,35.42
GOACARBON,7.99,7.99
SANGHVIMOV,24.91,24.91
NATIONALUM,17.01,20.13
JINDALSTEL,16.35,16.35
NIPPOBATRY,28.79,28.79
HCLTECH,26.04,26.04
ACCELYA,28.49,28.56
STAR,321.47,37.5
NRBBEARING,13.04,35.45
BIL,46.85,46.85
KTKBANK,6.48,6.48
AJANTPHARM,35.11,35.11
CALSOFT,40.83,40.83
TVSMOTOR,63.26,63.26
PNC,41.33,41.33
NLCINDIA,19.98,19.98
CHENNPETRO,5.66,5.66
KRBL,11.79,11.79
USHAMART,27.13,27.13
BALAJITELE,34.76,34.76
TRIDENT,54.23,54.24
GODREJCP,,80.21
LUPIN,42.53,42.53
TCI,26.85,26.64
BHARTIARTL,142.62,91.13
PONNIERODE,10.68,10.68
SURANAT&P,43.52,43.52
OFSS,42.21,42.21
CANBK,6.53,6.53
GODREJIND,46.28,46.28
MARUTI,30.12,30.12
UCOBANK,33.84,33.84
NSIL,39.77,39.77
JAIBALAJI,16.35,16.35
DREDGECORP,101.01,98.89
UPL,,20.02
PTC,11.91,11.65
VAIBHAVGBL,40.63,38.89
RKFORGE,47.08,47.06
CCL,31.65,31.65
EXCELINDUS,83.59,83.59
CENTEXT,27.77,28.21
TCS,32.95,32.45
TEXINFRA,413.45,413.45
INDSWFTLTD,7.76,7.76
NTPC,18.39,18.39
DWARKESH,16.56,16.56
SUPRAJIT,43.67,43.67
CONSOFINVT,13.35,13.35
EVEREADY,69.41,69.41
ALLSEC,25.72,25.72
SSWL,5.45,15.7
SURYALAXMI,43.83,25.71
PRIMESECU,45.29,45.29
GEOJITFSL,15.97,15.97
GENUSPOWER,105.23,105.23
NECLIFE,127.79,127.79
IDFC,572.42,572.42
IMPAL,18.65,18.65
SUZLON,87.09,81.26
TRIVENI,22.05,22.05
NAHARINDUS,63.24,52.32
VIMTALABS,28.86,28.86
CELEBRITY,54.57,55.81
NITINSPIN,16.72,16.72
ROHLTD,20.25,20.25
GSPL,8.16,8.32
GVKPIL,5.73,5.73
SAKUMA,23.58,23.58
KEC,64.99,64.99
JKCEMENT,39.86,40.32
INDOTECH,47.82,47.82
M&MFIN,19.15,19.15
CENTURYPLY,46.96,46.96
KEI,64.03,64.01
VAKRANGEE,506.1,550.56
GALLANTT,33.91,33.91
MALUPAPER,80.25,80.25
UTTAMSUGAR,9.39,9.39
KKCL,26.65,26.65
GPIL,15.85,16.08
RSYSTEMS,42.52,42.52
LOKESHMACH,55.06,55.06
SWELECTES,29.63,62.58
RATNAMANI,39.64,39.64
PIONEEREMB,40.36,40.36
JKLAKSHMI,20.34,20.61
ALLCARGO,42.5,55.9
MUNJALAU,22.19,15.39
GRINDWELL,74.36,74.31
VOLTAMP,55.38,55.38
SELAN,33.55,33.55
ACE,51.01,51.01
HOVS,32.07,32.07
TALBROAUTO,23.57,34.1
GEECEE,20.63,20.63
FIEMIND,20.67,20.67
GESHIP,7.46,7.46
TORNTPOWER,38.26,38.26
RUCHIRA,8.28,8.28
HIRECT,96.56,68.99
NFL,121.19,121.19
TANLA,23.48,23.48
AVTNPL,24.46,24.46
TIDEWATER,30.13,30.13
PTL,23.75,23.75
AUTOIND,30.31,30.39
ORIENTBELL,6580.61,6580.61
PGIL,22.11,22.04
FSL,33.12,33.12
SMSPHARMA,44.11,44.11
LAOPALA,27.35,27.35
JKTYRE,14.14,13.81
BALAMINES,31.79,31.79
AROGRANITE,40.69,40.69
BFUTILITIE,12.57,12.57
ALPHAGEO,290.45,42.69
INSECTICID,21.72,21.72
NAVINFLUOR,65.79,79.4
NAGREEKEXP,19.33,19.33
HGS,30.42,30.42
DLF,126.3,126.3
ADSL,26.46,26.46
ALPA,11.01,11.04
KPRMILL,36.01,36.01
INDOWIND,49.97,43.66
KSCL,16.59,16.59
CENTUM,,344.23
MANGCHEFER,9.69,9.69
DELTACORP,18.39,23
CERA,48.43,48.18
AMBUJACEM,35.89,37.6
CGPOWER,121.01,123.98
BEL,57.89,57.89
PEARLPOLY,78.42,78.42
SWARAJENG,25.33,25.33
TNPETRO,18.57,14.88
EIMCOELECO,36.54,36.54
RESPONIND,48.06,48.06
PENIND,23.71,23.71
STEL,59.53,59.53
VADILALIND,20.31,20.31
RUSHIL,21.39,21.39
ORIENTCEM,39.2,39.2
JPOLYINVST,28.22,28.22
CASTROLIND,28.19,28.19
CAPLIPOINT,24.34,24.35
PENINLAND,15.37,21.68
WHEELS,39.58,39.58
PREMIERPOL,22.75,22.75
SESHAPAPER,9.54,9.54
FACT,479.25,178.81
EXIDEIND,52.69,52.69
ELECON,40.68,40.68
LAXMIMACH,44.72,44.72
ORIENTPPR,186.24,186.24
NELCO,82.31,82.31
MAHSCOOTER,53.78,53.78
LUMAXIND,51.33,51.33
KECL,111.77,111.77
KCP,11.34,11.31
JAYBARMARU,37.04,37.04
INFY,28.18,28.18
IFBIND,88.28,88.28
IGPL,47.23,47.23
GNFC,20.72,20.72
BPCL,7.39,7.17
BASF,43.49,43.49
ARVIND,27.76,27.91
ACC,21.3,23.98
SCI,24.29,24.29
LINDEINDIA,162.11,162.11
HINDPETRO,5.19,5.19
ASHOKLEY,25.28,24.79
TITAN,82.68,82.68
SUNDARMFIN,33.75,32.27
SPIC,20.68,14.06
SBIN,11.48,10.66
NOCIL,37.53,37.53
BOSCHLTD,40.43,54.69
DEEPAKFERT,21.43,21.43
HINDOILEXP,13.82,16.02
BALMLAWRIE,23.71,23.71
BEML,69.72,69.72
CENTENKA,26.01,26.01
LIBERTSHOE,60.69,46.19
MANGLMCEM,41.52,41.52
OSWALAGRO,327.47,324.24
ELECTCAST,15.61,15.61
VTL,26,26
FEDERALBNK,12.03,12.03
VIPIND,119.81,189.78
BIRLACABLE,38.89,38.89
HONAUT,95.39,95.39
PRECOT,35.75,56.87
TATAELXSI,55.08,55.08
SANDESH,6.24,6.25
APOLLOHOSP,100.39,100.52
BALKRISIND,41.56,41.56
RAJSREESUG,18.04,18.04
ONGC,7.5,7.32
TAINWALCHM,37.49,37.49
JINDALPOLY,46.77,46.61
JYOTISTRUC,74.5,74.5
BSL,18.32,18.32
JAYNECOIND,21.17,19.42
SOTL,19.82,19.82
RCF,56.93,67.75
DECCANCE,24.77,18.69
TATAPOWER,43.67,47.2
SUNFLAG,31.29,31.29
BHARATRAS,54.42,54.42
SOMANYCERA,30.49,30.41
IFCI,78,78.63
KABRAEXTRU,48.48,48.48
HEIDELBERG,30.47,30.47
POLYPLEX,37.57,37.57
EIHAHOTELS,33.09,33.09
SAIL,22.52,17.83
RUBYMILLS,17.07,17.07
ABB,111.81,111.81
GRAPHITE,12.65,554.98
BRITANNIA,66.35,66.28
DHAMPURSUG,10.76,10.76
HCC,15.86,
ASHIMASYN,8.67,8.67
NEULANDLAB,34.25,34.25
BERGEPAINT,54.16,54.34
MUNJALSHOW,20.2,19
RANASUG,13.67,13.67
ARENTERP,20.26,20.26
ADVANIHOTR,24.84,24.84
UNIVCABLES,79.37,79.37
MURUDCERA,61.68,61.68
ADANIPORTS,38.35,36.89
EDELWEISS,10.82,10.82
KAUSHALYA,3,3
JYOTHYLAB,49.41,49.41
HITECHCORP,18.19,18.19
TRIL,136.2,136.2
BRIGADE,72.31,72.31
MANAKSIA,8.06,6.11
AMBIKCO,15,15
BIRLAMONEY,15.55,15.55
CORDSCABLE,30.93,30.93
HERCULES,54.02,54.02
IRB,44.48,44.48
NMDC,12.3,11.86
GSS,32.98,32.98
RECLTD,11.52,11.52
NESCO,17.4,17.4
BAJAJ-AUTO,33.95,33.95
GOKUL,215.69,17.67
ALMONDZ,114.58,300.92
RANEENGINE,26.32,19.68
ARCHIDPLY,26.73,26.73
LOTUSEYE,49.06,49.53
VINYLINDIA,33.32,33.32
20MICRONS,13.27,13.01
TATAMTRDVR,1.12,1.09
COUNCODOS,29.62,29.62
MAWANASUG,11.78,11.78
AJMERA,24.15,24.15
VINATIORGA,58.74,58.74
NHPC,26.79,26.79
SUNTECK,126.11,126.11
ZYDUSWELL,53.85,51.12
SARDAEN,18.95,18.88
AHLUCONT,24.58,39.47
GODREJPROP,125.33,125.33
MMTC,192.96,273.74
WHIRLPOOL,115.27,108.59
JUBLFOOD,97.61,166.55
DBREALTY,7.82,8.32
PERSISTENT,62.6,62.6
KIRLOSBROS,53.51,54.25
SJVN,62.45,67.17
IMFA,10.15,10.15
AHLEAST,7.05,9.21
PRAKASHSTL,2.8,7.01
WELINV,106.95,106.95
DEEPAKNTR,47.96,51.83
RAMKY,14,14
ASHOKA,11.59,13.38
OBEROIRLTY,29.09,29.09
CGCL,46.91,46.91
IOLCP,17.59,17.59
RPPINFRA,11.05,11.05
JAMNAAUTO,24.08,24.08
KIRLOSENG,40.7,39.77
PSB,72.85,72.85
KICL,38.73,51.6
JUBLINDS,76.1,35.49
HINDMOTORS,25.03,25.03
DHUNINV,11.9,11.9
LOVABLE,36.9,36.9
SYMPHONY,51.71,51.29
VSTTILLERS,29.68,29.68
DHANUKA,31.71,31.71
MAITHANALL,9.73,9.73
INVENTURE,17.35,15.09
ASAHISONG,31.02,
BROOKS,145,145
APLLTD,35.66,35.66
PGEL,70.53,70.53
PAISALO,35.53,35.6
TRITURBINE,71.27,71.27
INDOTHAI,18.05,18.05
DSSL,30.08,30.08
POLYMED,73.4,73.4
VIKASECO,94.81,94.81
KANANIIND,96.51,96.51
MINDACORP,49.89,49.89
DBSTOCKBRO,16.56,16.56
SCHNEIDER,109.11,107.03
NBCC,80.38,60.88
TBZ,16.73,16.73
VSSL,25.79,25.79
SPECIALITY,27.42,27.42
MAYURUNIQ,21.3,21.3
DUCON,25.26,25.26
ZUARI,5.94,5.94
CARERATING,29.17,29.17
REPCOHOME,8.53,8.53
IBULHSGFIN,6.82,6.82
SREEL,24.56,24.56
NATHBIOGEN,10.62,11.4
SDBL,23.76,23.76
BUTTERFLY,207.36,169.48
AGARIND,16.34,16.34
GOCLCORP,45.99,48.07
SHARDACROP,143.6,143.6
CIGNITITEC,22.15,22.15
INTELLECT,44.14,43.92
FCL,32.83,32.83
GULPOLY,67.19,67.19
GENUSPAPER,173.31,173.31
VISHNU,27.23,27.23
GANECOS,91.17,91.17
JMA,8.92,8.92
MANAKCOAT,43.36,43.36
ZENTEC,93.18,94.56
AVANTIFEED,21.34,21.34
TPLPLASTEH,38.84,38.84
PNCINFRA,14.35,14.35
ORICONENT,29.01,24.39
SYNGENE,59.44,58.41
RAMASTEEL,51.87,51.87
MUTHOOTCAP,4.37,103.76
POWERMECH,38.22,38.22
SHREEPUSHK,18.88,18.88
INDIGO,20.49,20.49
LUXIND,45.31,45.31
TTKHLTCARE,32.7,32.7
SALZERELEC,33.18,33.18
LINCOLN,13.35,13.35
NH,32.46,32.46
PRECAM,42.41,65.74
HITECH,49.94,49.94
BHAGERIA,38.16,38.16
KDDL,30.19,30.26
INFIBEAM,50.51,50.51
SHRIPISTON,18.94,18.94
ALBERTDAVD,9.06,9.06
PREMEXPLN,120.26,120.26
MAHASTEEL,34.17,42.01
MGL,13.39,13.39
MOLDTECH,25.93,25.93
QUESS,32.51,29.79
MINDTECK,34.92,34.92
DBL,38.08,416.45
SPAL,23.11,23.11
RBLBANK,11.38,11.38
LTTS,40.46,40.46
MARATHON,23.05,23.05
HPL,83.96,83.96
ENDURANCE,53.14,53.14
MAZDA,17.88,17.88
PNBHOUSING,13.64,13.64
KINGFA,24.66,24.66
PODDARMENT,15.19,15.19
NBIFIN,68.64,68.64
SFL,49.39,61.03
LAURUSLABS,141.51,141.51
ITDC,97.6,97.51
HISARMETAL,16.05,16.05
SPCENET,154.89,154.89
BHANDARI,17.36,17.36
BSE,42.72,87.65
JITFINFRA,22.73,27.5
DMART,123.07,123.07
URJA,380.88,380.88
BHAGYANGR,7.81,7.81
STARCEMENT,29.08,29.08
GTPL,19.97,19.97
SALASAR,56.11,56.11
THEINVEST,62.5,62.5
COCHINSHIP,89.67,89.67
ABCAPITAL,18.06,18.06
MATRIMONY,25.77,25.77
GODREJAGRO,52.03,52.03
IEX,45,45
IFGLEXPOR,27.81,27.81
5PAISA,24.66,24.66
SHALBY,38.96,38.96
AMBER,101.68,101.68
HGINFRA,21.05,21.51
BANDHANBNK,21.14,21.14
ISEC,14.78,14.78
CHEMFAB,39.01,39.01
INDOSTAR,26.03,26.03
ADANIGREEN,279.82,224.38
FINEORG,38.9,38.86
VARROC,18.75,18.75
HDFCAMC,41.85,41.85
SIGIND,14.85,14.85
TECHNOE,66.54,66.54
DALBHARAT,38.85,34.73
CHALET,63.65,63.65
JMFINANCIL,329.89,9.06
NCLIND,10.8,10.8
PHOENIXLTD,50.17,50.17
TIMETECHNO,23.92,23.92
TARMAT,,111.14
ISMTLTD,25.82,24.09
MAGNUM,14.55,20.1
MAANALU,22.3,22.3
RELIGARE,22.42,47.13
ADANIPOWER,12.89,12.89
AMRUTANJAN,47.51,47.51
SHILPAMED,171.44,190.37
DLINKINDIA,22.9,22.9
BEARDSELL,17.19,17.19
TRF,14.19,14.19
VASCONEQ,30.53,30.53
LGBBROSLTD,16.43,16.74
KSL,21.99,21.99
TI,33.04,32.35
IITL,6.09,8.54
ADFFOODS,32.49,32.49
CAREERP,14.14,14.14
WABAG,30.85,29.99
