SYMBOL,SERIES,SECURITY,HIGH/LOW,INDEX FLAG
21STCENMGM,BE,21ST CENTURY MGMT SERVICE,H
A2ZINFRA,BE,A2Z INFRA ENGINEERING LTD,H
ABMINTLLTD,BE,ABM INTERNATIONAL LTD,H
ACCURACY,EQ,ACCURACY SHIPPING LIMITED,H
AGNI,SM,AGNI GREEN POWER LTD,H
AHIMSA,ST,AHIMSA INDUSTRIES LTD.,H
AIMTRON,ST,AIMTRON ELECTRONICS LTD,H
AKI,EQ,AKI INDIA LIMITED,H
ALPEXSOLAR,SM,ALPEX SOLAR LIMITED,H
ALUWIND,SM,ALUWIND ARCHITECTURAL LTD,H
AMEYA,SM,AMEYA PRECISION ENG LTD,H
APOLLO,EQ,APOLLO MICRO SYSTEMS LTD,H
APS,SM,AUSTRALIAN PREM SOLAR I L,H
ARSHIYA,BE,ARSHIYA LIMITED,H
ARVEE,BE,ARVEE LABORATORIES I LTD,H
ASMS,EQ,BARTRONICS INDIA LIMITED,H
AVSL,ST,AVSL INDUSTRIES LIMITED,H
BEACON,SM,BEACON TRUSTEESHIP LTD,H
BLUECHIP,BE,BLUE CHIP INDIA LIMITED,H
BLUEPEBBLE,SM,BLUE PEBBLE LIMITED,H
BOROSCI,BE,BOROSIL SCIENTIFIC LTD,H
CLOUD,SM,VARANIUM CLOUD LIMITED,H
CMMIPL,ST,CMM INFRAPROJECTS LIMITED,H
CMRSL,SM,CYBER MEDIA RES & SER LTD,H
CROWN,BE,CROWN LIFTERS LIMITED,H
DCI,BE,DC INFOTECH AND COMUN LTD,H
DHANBANK,EQ,DHANLAXMI BANK LIMITED,H
DHTL,SM,DOCMODE HEALTH TECH LTD,H
DIGIDRIVE,BE,DIGIDRIVE DISTRIBUTORS L,H
DNAMEDIA,EQ,DILIGENT MEDIA CORP LTD.,H
DREDGECORP,EQ,DREDGING CORP OF INDIA,H
E2E,BE,E2E NETWORKS LIMITED,H
EIMCOELECO,EQ,EIMCO ELECON (INDIA) LTD,H
ENSER,SM,ENSER COMMUNICATIONS LTD,H
ESCONET,SM,ESCONET TECHNOLOGIES LTD,H
ESSARSHPNG,EQ,ESSAR SHIPPING LTD,H
ESSEN-RE2,BE,INTEGRA ESSENTIA LIMITED,H
EUROTEXIND,EQ,EUROTEX INDUSTRIES LTD,H
FACT,EQ,FACT LTD,H
FEL,BZ,FUTURE ENTERPRISES LTD,H
FSC,BZ,FUTURE SUPP CHAIN SOL LTD,H
GAYAHWS,BE,GAYATRI HIGHWAYS LIMITED,H
GENSOL,EQ,GENSOL ENGINEERING LTD,H
GET&D,BE,GE T&D INDIA LIMITED,H
GICL,SM,GLOBE INTL CARRIERS LTD,H
GINNIFILA,EQ,GINNI FILAMENTS LTD,H
GKWLIMITED,BE,GKW LIMITED,H
GLOBALPET,SM,GLOBAL PET INDUSTRIES LTD,H
GLOBE,EQ,GLOBE TEXTILES (I) LTD.,H
GMRP&UI,EQ,GMR POW AND URBAN INFRA L,H
GSMFOILS,SM,GSM FOILS LIMITED,H
GTLINFRA,EQ,GTL INFRA.LTD,H
HEUBACHIND,EQ,HEUBACH COLORANTS IND LTD,H
HINDCON,BE,HINDCON CHEMICALS LIMITED,H
HIRECT,EQ,HIND RECTIFIER LIMITED,H
HPIL,EQ,HINDPRAKASH INDUSTRY LTD,H
HSCL,EQ,HIMADRI SPECIALITY CHEM L,H
IL&FSTRANS,BZ,IL&FS TRANS NET LTD,H
INDOWIND,EQ,INDOWIND ENERGY LTD,H
INFOMEDIA,EQ,INFOMEDIA PRESS LIMITED,H
INOXGREEN,EQ,INOX GREEN ENERGY SER LTD,H
ISHAN,SM,ISHAN INTERNATIONAL LTD,H
JYOTISTRUC,EQ,JYOTI STRUCTURES LTD,H
K2INFRA,SM,K2 INFRAGEN LIMITED,H
KCEIL,SM,KAY CEE ENERGY & INFRA L,H
KDL,SM,KORE DIGITAL LIMITED,H
KERNEX,EQ,KERNEX MICROSYS(I) LTD,H
KODYTECH,SM,KODY TECHNOLAB LIMITED,H
KRISHNADEF,SM,KRISHNA DEF AND ALD IND L,H
LAKPRE,BZ,LAKSHMI PRE SCRE LTD,H
LGBFORGE,EQ,LGB FORGE LIMITED,H
MACPOWER,BE,MACPOWER CNC MACHINES LTD,H
MADRASFERT,EQ,MADRAS FERTILISERS LTD,H
MAKS,SM,MAKS ENERGY SOL INDIA LTD,H
MAPMYINDIA,EQ,C.E. INFO SYSTEMS LIMITED,H
MARCO,SM,MARCO CABLE & CONDUCTOR L,H
MASTER,SM,MASTER COMPONENTS LIMITED,H
MCON,SM,MCON RASAYAN INDIA LTD,H
MICEL,EQ,MIC ELECTRONICS LTD,H
MILTON,SM,MILTON INDUSTRIES LIMITED,H
MOHITIND,EQ,MOHIT INDUSTRIES LTD,H
MPTODAY,SM,M P TODAY MEDIA LIMITED,H
MUFIN,EQ,MUFIN GREEN FINANCE LTD,H
NFL,EQ,NATIONAL FERT. LTD,H
NILAINFRA,EQ,NILA INFRASTRUCTURES LTD,H
NILASPACES,BE,NILA SPACES LIMITED,H
NTL,BE,NEUEON TOWERS LIMITED,H
OMAXE,EQ,OMAXE LIMITED,H
OMINFRAL,EQ,OM INFRA LIMITED,H
ORIANA,SM,ORIANA POWER LIMITED,H
PASHUPATI,SM,PASHUPATI COTSPIN LIMITED,H
PRATHAM,SM,PRATHAM EPC PROJECTS LTD,H
PREMIER,BE,PREMIER LIMITED,H
PRITIKA,SM,PRITIKA ENG COMPO LTD,H
PRITIKAUTO,EQ,PRITIKA AUTO INDUS LTD,H
QUESTLAB,SM,QUEST LABORATORIES LTD,H
RCF,EQ,RASHTRIYA CHEMICALS & FER,H
REFRACTORY,SM,REFRACTORY SHAPES LIMITED,H
RILINFRA,SM,RACHANA INFRA LTD,H
RKDL,EQ,RAVI KUMAR DIST. LTD.,H
ROLTA,BZ,ROLTA INDIA LTD,H
RSSOFTWARE,BE,R. S. SOFTWARE (INDIA) LI,H
SAMPANN,EQ,SAMPANN UTPADAN INDIA LTD,H
SANCO,BZ,SANCO INDUSTRIES LIMITED,H
SHAKTIPUMP,BE,SHAKTI PUMPS (I) LTD,H
SHRADHA,EQ,SHRADHA INFRAPROJECTS LTD,H
SILLYMONKS,EQ,SILLY MONKS ENTERTAIN LTD,H
SITINET,BE,SITI NETWORKS LIMITED,H
SJLOGISTIC,SM,S J LOGISTICS (INDIA) LTD,H
SKYGOLD,BE,SKY GOLD LIMITED,H
SMARTLINK,BE,SMARTLINK HOLDINGS LTD,H
SOMICONVEY,EQ,SOMI CONVEYOR BELT. LTD.,H
SONUINFRA,SM,SONU INFRATECH LIMITED,H
SPECTSTM,SM,SPECTRUM TALENT MGMT LTD,H
SPMLINFRA,EQ,SPML INFRA LIMITED,H
SSFL,SM,SRIVARI SPICES N FOODS L,H
SURANAT&P,EQ,SURANA TELECOM AND POW LT,H
SUZLON,EQ,SUZLON ENERGY LIMITED,H
TBI,ST,TBI CORN LIMITED,H
TCIFINANCE,BE,TCIFINANCELTD-ROLL SETT,H
TCLCONS,EQ,TANTIA CONSTRUCTIONS LTD,H
TECHLABS,SM,TRIDENT TECHLABS LIMITED,H
TECILCHEM,EQ,TECIL CHEMICALS,H
TGL,SM,TEERTH GOPICON LIMITED,H
THOMASCOTT,BE,THOMAS SCOTT (INDIA) LTD,H
TIMESCAN,SM,TIMESCAN LOGISTICS IND L,H
TIRUPATI,SM,SHREE TIRUPATI BALAJEE,H
TPHQ,EQ,TEAMO PRODUCTIONS HQ LTD,H
TREEHOUSE,EQ,TREE HOUSE EDU LTD,H
TREJHARA,BE,TREJHARA SOLUTIONS LTD,H
VCL,BE,VAXTEX COTFAB LIMITED,H
VIKASLIFE,EQ,VIKAS LIFECARE LIMITED,H
VIVIANA,SM,VIVIANA POWER TECH LTD,H
VSCL,ST,VADIVARHE SPCLTY CHEM LTD,H
WEBELSOLAR,BE,WEBSOL ENERGY SYSTEM LTD,H
WINDMACHIN,EQ,WINDSOR MACHINES LIMITED,H
WINSOL,SM,WINSOL ENGINEERS LIMITED,H
WINSOME,BE,WINSOME YARNS LIMITED,H
ZENITHEXPO,BE,ZENITH EXPORTS LTD,H
ZTECH,SM,Z-TECH (INDIA) LIMITED,H
744TS39A,SG,SDL TS 7.44% 2039,L
AILIMITED,ST,ABHISHEK INTEGRATIONS LTD,L
ARSHIYA,BE,ARSHIYA LIMITED,L
ASCOM,ST,ASCOM LEASIN & INVEST LTD,L
BTML,BE,BODHI TREE MULTIMEDIA LTD,L
CADSYS,ST,CADSYS (INDIA) LIMITED,L
DCMFINSERV,BE,DCM FINANCIAL SERVICES LT,L
DESTINY,ST,DESTINY LOGISTICS & I LTD,L
DGCONTENT,BE,DIGICONTENT LIMITED,L
DRONE,SM,DRONE DESTINATION LIMITED,L
DYNAMIC,SM,DYNAMIC SRVCS & SEC LTD,L
FELIX,SM,FELIX INDUSTRIES LTD.,L
FLFL,BZ,FUT LIFESTYLE FASH LTD,L
HYBRIDFIN,EQ,HYBRID FINANCIAL SERVICE,L
INNOVATIVE,SM,INNOVATIVE TYRES & TUBES,L
JITFINFRA,EQ,JITF INFRALOGISTICS LTD,L
KSHITIJPOL,EQ,KSHITIJ POLYLINE LIMITED,L
LGHL,BE,LAXMI GOLDORNA HOUSE LTD,L
MARINE,EQ,MARINE ELECTRICAL (I) LTD,L
NOIDATOLL,BE,NOIDA TOLL BRIDGE CO LTD,L
ONDOOR,SM,ON DOOR CONCEPTS LIMITED,L
OSIAHYPER,BE,OSIA HYPER RETAIL LIMITED,L
PERFECT,SM,PERFECT INFRAENGINEER LTD,L
SADBHIN,EQ,SADBHAV INFRA PROJ LTD.,L
SEMAC,BE,SEMAC CONSULTANTS LIMITED,L
STARTECK,EQ,STARTECK FINANCE LIMITED,L
SUULD,EQ,SUUMAYA INDUSTRIES LTD,L
TAC,SM,TAC INFOSEC LIMITED,L
TECHIN,BE,TECHINDIA NIRMAN LIMITED,L
TIJARIA,BE,TIJARIA POLYPIPES LTD,L
TRUST,SM,TRUST FINTECH LIMITED,L
VARDMNPOLY,EQ,VARDHMAN POLYTEX LTD.,L
VEEKAYEM,SM,VEEKAYEM FASH & APP LTD,L
VELS,SM,VELS FILM INTERNATIONAL L,L
VERITAAS,SM,VERITAAS ADVERTISING LTD,L
WINSOME,BE,WINSOME YARNS LIMITED,L
