GAIN_LOSS,SECURITY,CLOSE_PRIC,PREV_CL_PR,PERCENT_CG
 ,Nifty 50 Sec., , , 
 , , , , 
G,HINDALCO  INDUSTRIES  LTD,       676.50,       662.40,2.13
G,GRASIM INDUSTRIES LTD,      2498.80,      2447.15,2.11
G,BHARAT PETROLEUM CORP  LT,       626.25,       615.80,1.7
G,JSW STEEL LIMITED,       929.65,       914.95,1.61
G,ADANI PORT & SEZ LTD,      1469.40,      1448.40,1.45
G,TATA STEEL LIMITED,       182.28,       180.02,1.26
G,KOTAK MAHINDRA BANK LTD,      1766.25,      1746.70,1.12
G,COAL INDIA LTD,       483.15,       477.95,1.09
G,ICICI BANK LTD.,      1156.80,      1144.45,1.08
G,AXIS BANK LIMITED,      1239.50,      1226.65,1.05
G,RELIANCE INDUSTRIES LTD,      2947.40,      2917.30,1.03
G,HINDUSTAN UNILEVER LTD.,      2482.20,      2457.00,1.03
G,TECH MAHINDRA LIMITED,      1393.10,      1381.15,.87
G,ASIAN PAINTS LIMITED,      2915.50,      2891.70,.82
G,HDFC BANK LTD,      1669.35,      1657.85,.69
G,LTIMINDTREE LIMITED,      5052.45,      5019.85,.65
G,DIVI S LABORATORIES LTD,      4504.05,      4479.70,.54
G,NESTLE INDIA LIMITED,      2539.75,      2526.05,.54
G,SHRIRAM FINANCE LIMITED,      2805.20,      2791.25,.5
G,SBI LIFE INSURANCE CO LTD,      1455.50,      1449.20,.43
G,BRITANNIA INDUSTRIES LTD,      5378.45,      5360.65,.33
G,INFOSYS LIMITED,      1515.40,      1511.35,.27
G,DR. REDDY S LABORATORIES,      5970.80,      5956.20,.25
G,LARSEN & TOUBRO LTD.,      3594.45,      3589.95,.13
G,OIL AND NATURAL GAS CORP.,       271.85,       271.55,.11
G,TATA MOTORS LIMITED,       978.25,       977.35,.09
G,APOLLO HOSPITALS ENTER. L,      6175.85,      6173.55,.04
 , , , , 
L,HERO MOTOCORP LIMITED,      5504.60,      5647.70,-2.53
L,SUN PHARMACEUTICAL IND L,      1471.00,      1504.00,-2.19
L,MAHINDRA & MAHINDRA LTD,      2871.20,      2933.85,-2.14
L,NTPC LTD,       357.65,       362.50,-1.34
L,WIPRO LTD,       490.40,       495.75,-1.08
L,STATE BANK OF INDIA,       843.75,       852.60,-1.04
L,HDFC LIFE INS CO LTD,       590.10,       596.20,-1.02
L,CIPLA LTD,      1544.85,      1559.80,-0.96
L,POWER GRID CORP. LTD.,       324.55,       327.30,-0.84
L,ULTRATECH CEMENT LIMITED,     10903.20,     10995.55,-0.84
L,BHARTI AIRTEL LIMITED,      1381.15,      1392.35,-0.8
L,TITAN COMPANY LIMITED,      3435.95,      3462.35,-0.76
L,MARUTI SUZUKI INDIA LTD.,     12149.50,     12242.10,-0.76
L,BAJAJ FINSERV LTD.,      1586.00,      1594.90,-0.56
L,BAJAJ AUTO LIMITED,      9632.00,      9685.80,-0.56
L,TATA CONSULTANCY SERV LT,      3787.25,      3801.70,-0.38
L,BAJAJ FINANCE LIMITED,      7207.10,      7233.95,-0.37
L,TATA CONSUMER PRODUCT LTD,      1103.25,      1105.60,-0.21
L,HCL TECHNOLOGIES LTD,      1443.45,      1445.85,-0.17
L,ITC LTD,       423.30,       423.65,-0.08
L,EICHER MOTORS LTD,      4876.90,      4880.75,-0.08
L,ADANI ENTERPRISES LIMITED,      3259.45,      3261.90,-0.08
L,INDUSIND BANK LIMITED,      1527.85,      1528.20,-0.02
 , , , , 
 ,Nifty Next 50 Sec., , , 
 , , , , 
G,VEDANTA LIMITED,       469.95,       448.45,4.79
G,SRF LTD,      2499.35,      2416.75,3.42
G,BERGER PAINTS (I) LTD,       510.15,       497.65,2.51
G,JIO FIN SERVICES LTD,       365.55,       358.30,2.02
G,SAMVRDHNA MTHRSN INTL LTD,       185.43,       182.30,1.72
G,DLF LIMITED,       874.50,       859.80,1.71
G,ZYDUS LIFESCIENCES LTD,      1088.65,      1073.55,1.41
G,INDIAN OIL CORP LTD,       168.97,       166.75,1.33
G,GAIL (INDIA) LTD,       218.60,       216.28,1.07
G,MARICO LIMITED,       628.40,       622.45,0.96
G,ADANI GREEN ENERGY LTD,      1806.40,      1789.65,0.94
G,SHREE CEMENT LIMITED,     27698.45,     27443.40,0.93
G,JINDAL STEEL & POWER LTD,      1056.40,      1046.95,0.9
G,ADANI ENERGY SOLUTION LTD,      1016.50,      1007.75,0.87
G,BHARAT ELECTRONICS LTD,       311.90,       309.30,0.84
G,INFO EDGE (I) LTD,      6282.90,      6241.75,0.66
G,ADANI POWER LTD,       743.35,       738.65,0.64
G,ICICI PRU LIFE INS CO LTD,       605.50,       601.85,0.61
G,BAJAJ HOLDINGS & INVS LTD,      8245.70,      8199.70,0.56
G,PIDILITE INDUSTRIES LTD,      3132.45,      3117.20,0.49
G,BANK OF BARODA,       285.20,       283.95,0.44
G,DABUR INDIA LTD,       600.75,       598.55,0.37
G,SBI CARDS & PAY SER LTD,       732.50,       730.00,0.34
G,TATA POWER CO LTD,       443.65,       442.35,0.29
G,PUNJAB NATIONAL BANK,       128.49,       128.29,0.16
G,HAVELLS INDIA LIMITED,      1818.30,      1815.65,0.15
G,INDIAN RAIL TOUR CORP LTD,      1015.60,      1014.65,0.09
G,CANARA BANK,       121.20,       121.16,0.03
G,INTERGLOBE AVIATION LTD,      4229.25,      4228.00,0.03
 , , , , 
L,POWER FIN CORP LTD.,       481.35,       499.25,-3.59
L,GODREJ CONSUMER PRODUCTS,      1361.05,      1391.80,-2.21
L,BOSCH LIMITED,     32254.70,     32892.55,-1.94
L,REC LIMITED,       506.70,       515.60,-1.73
L,AVENUE SUPERMARTS LIMITED,      4861.70,      4933.90,-1.46
L,COLGATE PALMOLIVE LTD.,      2855.60,      2896.30,-1.41
L,AMBUJA CEMENTS LTD,       659.15,       666.80,-1.15
L,TORRENT PHARMACEUTICALS L,      2858.10,      2885.55,-0.95
L,CHOLAMANDALAM IN & FIN CO,      1438.70,      1450.65,-0.82
L,ZOMATO LIMITED,       197.05,       198.49,-0.73
L,ICICI LOMBARD GIC LIMITED,      1748.30,      1759.75,-0.65
L,VARUN BEVERAGES LIMITED,      1613.75,      1623.00,-0.57
L,INDIAN RAILWAY FIN CORP L,       172.30,       173.22,-0.53
L,HINDUSTAN AERONAUTICS LTD,      5288.60,      5311.95,-0.44
L,TVS MOTOR COMPANY  LTD,      2427.95,      2437.75,-0.4
L,LIFE INSURA CORP OF INDIA,      1027.40,      1031.50,-0.4
L,TRENT LTD,      5337.15,      5356.80,-0.37
L,ADANI TOTAL GAS LIMITED,       925.75,       927.40,-0.18
L,SIEMENS LTD,      7524.90,      7538.00,-0.17
L,ABB INDIA LIMITED,      8539.30,      8544.00,-0.06
 , , , , 
 ,OTHER SECURITIES, , , 
 , , , , 
G,K2 INFRAGEN LIMITED,       218.10,       181.75,20
G,LGB FORGE LIMITED,        12.36,        10.30,20
G,C.E. INFO SYSTEMS LIMITED,      2409.65,      2008.05,20
G,RASHTRIYA CHEMICALS & FER,       222.26,       185.22,20
G,FACT LTD,      1090.35,       908.65,20
G,SHRADHA INFRAPROJECTS LTD,       115.65,        96.38,19.99
G,HEUBACH COLORANTS IND LTD,       469.05,       390.90,19.99
G,SPECTRUM TALENT MGMT LTD,       111.50,        92.95,19.96
G,DRS DILIP ROADLINES LTD.,       142.00,       118.40,19.93
G,MARCO CABLE & CONDUCTOR L,        51.75,        43.15,19.93
G,NATIONAL FERT. LTD,       150.91,       125.91,19.86
G,MADRAS FERTILISERS LTD,       128.73,       107.62,19.62
G,CHAMBAL FERTILIZERS LTD,       557.85,       467.65,19.29
G,SOMI CONVEYOR BELT. LTD.,       171.85,       144.63,18.82
G,GLOBAL PET INDUSTRIES LTD,       110.20,        92.95,18.56
G,MOHIT INDUSTRIES LTD,        27.03,        22.96,17.73
G,BASILIC FLY STUDIO LTD,       386.60,       328.85,17.56
G,E FACTOR EXPERIENCES LTD,       221.55,       190.00,16.61
G,PARADEEP PHOSPHATES LTD,        92.37,        79.57,16.09
G,SUPREME POWER EQUIPMENT L,       289.05,       249.50,15.85
G,CHAVDA INFRA LIMITED,       173.60,       151.35,14.7
G,BEST AGROLIFE LIMITED,       701.10,       613.35,14.31
G,SEC RE NCD 10.25% SR XII,      1026.31,       901.20,13.88
G,VILAS TRANSCORE LIMITED,       453.90,       399.10,13.73
G,TRACXN TECHNOLOGIES LTD,        95.93,        84.37,13.7
G,KN AGRI RESOURCES LIMITED,       163.55,       144.00,13.58
G,INDIABULLS REAL EST. LTD,       154.93,       136.92,13.15
G,POKARNA LIMITED,       735.80,       651.95,12.86
G,DEEPAK FERTILIZERS & PETR,       728.15,       645.50,12.8
G,RAMKY INFRA LTD,       594.90,       530.00,12.25
 , , , , 
L,TAX FREE7.14% SR.IA,      1003.30,      1239.90,-19.08
L,FELIX INDUSTRIES LTD.,       378.90,       421.00,-10
L,LE TRAVENUES TECHNOLOGY L,       167.77,       184.86,-9.24
L,STARTECK FINANCE LIMITED,       319.75,       350.78,-8.85
L,SEC RE NCD 9.65% SR I,       980.00,      1060.00,-7.55
L,MARVEL DECOR LIMITED,       106.30,       114.20,-6.92
L,SEC RE NCD 8.40% SR.V,       995.00,      1068.00,-6.84
L,MANGALAM GLOBAL ENT LTD,        20.63,        21.98,-6.14
L,QUEST LABORATORIES LTD,       168.05,       178.95,-6.09
L,TIRUPATI FORGE LIMITED,        25.38,        27.02,-6.07
L,NANDAN DENIM LIMITED,        52.07,        55.35,-5.93
L,PNB HOUSING FIN LTD.,       791.80,       840.00,-5.74
L,REMUS PHARMACEUTICALS L,      1957.25,      2074.75,-5.66
L,AARTI SURFACTANTS LIMITED,       219.85,       232.50,-5.44
L,JFL LIFE SCIENCES LIMITED,        41.15,        43.50,-5.4
L,HOLMARC OPTO MECHATRO L,       109.25,       115.45,-5.37
L,FOCE INDIA LIMITED,       972.50,      1025.00,-5.12
L,SUUMAYA INDUSTRIES LTD,         6.73,         7.09,-5.08
L,REFEX INDUSTRIES LIMITED,       160.05,       168.60,-5.07
L,SADBHAV INFRA PROJ LTD.,         5.87,         6.18,-5.02
L,MARINE ELECTRICAL (I) LTD,       154.06,       162.17,-5
L,SDL TS 7.44% 2039,        95.00,       100.00,-5
L,ABHISHEK INTEGRATIONS LTD,        64.70,        68.10,-4.99
L,SEC RE NCD 9.40% SR. III,       951.00,      1000.85,-4.98
L,ASCOM LEASIN & INVEST LTD,       135.70,       142.80,-4.97
L,C P S SHAPERS LIMITED,       264.20,       278.00,-4.96
L,PROLIFE INDUSTRIES LTD,       209.25,       220.15,-4.95
L,DRONE DESTINATION LIMITED,       350.45,       368.50,-4.9
L,TRUST FINTECH LIMITED,       205.90,       216.45,-4.87
L,INDIAN EMULSIFIERS LTD,       487.80,       512.65,-4.85
