SYMBOL,SERIES,SECURITY,HIGH/LOW,INDEX FLAG
63MOONS,EQ,63 MOONS TECHNOLOGIES LTD,H
AAATECH,EQ,AAA TECHNOLOGIES LIMITED,H
AAKASH,BE,AAKASH EXPLORATION SER L,H
ABAN,BE,ABAN OFFSHORE LTD.,H
ADVANIHOTR,EQ,ADVANI HOT.& RES.(I) LTD,H
AHIMSA,ST,AHIMSA INDUSTRIES LTD.,H
AJOONI,EQ,AJOONI BIOTECH LIMITED,H
AKSHOPTFBR,EQ,AKSH OPTIFIBRE LIMITED,H
ALMONDZ,EQ,ALMONDZ GLOBAL SEC LTD,H
ANIKINDS,BE,ANIK INDUSTRIES LTD,H
ATLANTAA,BE,ATLANTAA LIMITED,H
BALAXI,EQ,BALAXI PHARMA LTD,H
BANG,EQ,BANG OVERSEAS LTD.,H
BAWEJA,SM,BAWEJA STUDIOS LIMITED,H
BBOX,BE,BLACK BOX LIMITED,H
BINANIIND,EQ,BINANI INDUSTRIES LTD,H
CELLECOR,SM,CELLECOR GADGETS LIMITED,H
CENTEXT,EQ,CENTURY EXTRUSIONS LTD,H
CEREBRAINT,EQ,CEREBRA INT TECH LTD,H
CHETANA,ST,CHETANA EDUCATION LIMITED,H
CMMIPL,ST,CMM INFRAPROJECTS LIMITED,H
CONTI,ST,CONTINENTAL SEED CHEM LTD,H
COUNCODOS,EQ,COUNTRY CONDO S LIMITED,H
DCAL,EQ,DISHMAN CARBO AMCIS LTD,H
DCI,BE,DC INFOTECH AND COMUN LTD,H
DEEM,SM,DEEM ROLL TECH LIMITED,H
DIACABS,BE,DIAMOND POWER INFRA LTD,H
DNAMEDIA,EQ,DILIGENT MEDIA CORP LTD.,H
DOLPHIN,BE,DOLPHIN OFF ENT (IND) L,H
DUCON,EQ,DUCON INFRATECHNOLOGIES L,H
DYNAMIC,SM,DYNAMIC SRVCS & SEC LTD,H
EFFWA,SM,EFFWA INFRA & RESEARCH L,H
ELGIRUBCO,BE,ELGI RUBBER CO. LTD,H
ENERGYDEV,EQ,ENERGY DEVE. CO.LTD,H
ENSER,SM,ENSER COMMUNICATIONS LTD,H
ESCONET,ST,ESCONET TECHNOLOGIES LTD,H
EXCEL,BE,EXCEL REALTY N INFRA LTD,H
FEL,BZ,FUTURE ENTERPRISES LTD,H
FELDVR,BE,FUTURE ENTERPRISES LTD,H
FIBERWEB,EQ,FIBERWEB INDIA LIMITED,H
FLEXITUFF,BE,FLEXITUFF VENTURES INT L,H
GATECH,EQ,GACM TECHNOLOGIES LIMITED,H
GAYAPROJ,BZ,GAYATRI PROJECTS LTD,H
GICL,SM,GLOBE INTL CARRIERS LTD,H
GIRIRAJ,SM,GIRIRAJ CIVIL DEVP LTD,H
GLOBAL,BE,GLOBAL EDUCATION LIMITED,H
GOLDKART,ST,GOLDKART JEWELS LIMITED,H
GRETEX,ST,GRETEX INDUSTRIES LTD.,H
GSTL,SM,GLOBESECURE TECHNO LTD,H
GTECJAINX,BE,G-TEC JAINX EDUCATION LTD,H
GTL,BE,GTL LTD,H
GUJRAFFIA,EQ,GUJARAT RAFFIA INDUST LTD,H
HEXATRADEX,EQ,HEXA TRADEX LIMITED,H
HINDCON,BE,HINDCON CHEMICALS LIMITED,H
HINDMOTORS,EQ,HINDUSTAN MOTORS LIMITED,H
HMT,BZ,HMT LTD -,H
HUBTOWN,EQ,HUBTOWN LIMITED,H
HYBRIDFIN,EQ,HYBRID FINANCIAL SERVICE,H
IEL,EQ,INDIABULLS ENT LTD,H
IITL,EQ,INDUSTRIAL INV TRUST LTD,H
INDOTECH,EQ,INDO TECH TRANSFORM LTD.,H
INDSWFTLAB,EQ,IND SWIFT LABORATORIES LT,H
INDSWFTLTD,EQ,IND-SWIFT LIMITED,H
INSPIRISYS,EQ,INSPIRISYS SOLUTIONS LTD,H
ISHAN,SM,ISHAN INTERNATIONAL LTD,H
JFLLIFE,ST,JFL LIFE SCIENCES LIMITED,H
JHS,BE,JHS SVEND. LAB. LTD,H
JPASSOCIAT,BE,JAIPRAKASH ASSOCIATES LTD,H
JYOTISTRUC,EQ,JYOTI STRUCTURES LTD,H
KAPSTON,BE,KAPSTON SERVICES LIMITED,H
KATARIA,ST,KATARIA INDUSTRIES LTD,H
KDL,ST,KORE DIGITAL LIMITED,H
KERNEX,EQ,KERNEX MICROSYS(I) LTD,H
KONSTELEC,SM,KONSTELEC ENGINEERS LTD,H
LOYALTEX,EQ,LOYAL TEXTILE MILLS LTD,H
LPDC,BE,LANDMARK PR.DEV.CO.LTD,H
LRRPL,SM,LEAD REC AND RUB PROD LTD,H
MAITREYA,SM,MAITREYA MEDICARE LIMITED,H
MAKS,ST,MAKS ENERGY SOL INDIA LTD,H
MANORAMA,EQ,MANORAMA INDUSTRIES LTD,H
MANORG,EQ,MANGALAM ORGANICS LIMITED,H
MARINE,BE,MARINE ELECTRICAL (I) LTD,H
MEP,BE,MEP INFRA. DEVELOPERS LTD,H
MICEL,BE,MIC ELECTRONICS LTD,H
MIEL,ST,MANGLAM INFRA & ENG LTD,H
MKPL,BE,M K PROTEINS LIMITED,H
MSPL,EQ,MSP STEEL & POWER LTD.,H
MTEDUCARE,BE,MT EDUCARE LTD,H
MUNJALAU,EQ,MUNJAL AUTO IND. LTD.,H
NEPHROCARE,SM,NEPHRO CARE INDIA LIMITED,H
NKIND,EQ,NK INDUSTRIES LTD,H
OILCOUNTUB,BE,OIL COUNTRY TUBULAR LTD.,H
OMINFRAL,BE,OM INFRA LIMITED,H
PARIN,SM,PARIN FURNITURE LIMITED,H
PARSVNATH,EQ,PARSVNATH DEVELOPER LTD,H
PCJEWELLER,EQ,PC JEWELLER LTD,H
PKTEA,BE,THE P K TEA PROD CO LTD,H
PRAKASHSTL,BE,PRAKASH STEELAGE LTD,H
PRITI,EQ,PRITI INTERNATIONAL LTD,H
PRITIKA,SM,PRITIKA ENG COMPO LTD,H
PROLIFE,SM,PROLIFE INDUSTRIES LTD,H
PRUDMOULI,EQ,PRUDENTIAL SUGAR CORPORAT,H
RAJRILTD,BE,RAJ RAYON INDUSTRIES LTD,H
RELIABLE,BE,RELIABLE DATA SERVICE LTD,H
RKDL,BE,RAVI KUMAR DIST. LTD.,H
ROLLT,BE,ROLLATAINERS LIMITED,H
RPOWER,EQ,RELIANCE POWER LTD.,H
RTNPOWER,BE,RATTANINDIA POWER LIMITED,H
SAHAJSOLAR,ST,SAHAJ SOLAR LIMITED,H
SARTELE,SM,SAR TELEVENTURE LIMITED,H
SEL,SM,SUNGARNER ENERGIES LTD,H
SERVOTECH,EQ,SERVOTECH POWER SYS LTD.,H
SEYAIND,BE,SEYA INDUSTRIES LIMITED,H
SHIVAMAUTO,EQ,SHIVAM AUTO.LTD,H
SHYAMCENT,EQ,SHYAM CENTURY FERROUS LTD,H
SHYAMTEL,BE,SHYAM TELECOM LIMITED,H
SIDDHIKA,SM,SIDDHIKA COATINGS LIMITED,H
SILLYMONKS,EQ,SILLY MONKS ENTERTAIN LTD,H
SITINET,BE,SITI NETWORKS LIMITED,H
SJLOGISTIC,SM,S J LOGISTICS (INDIA) LTD,H
SOLARAPP,X1,SOLAR ACT RS.3.50 PPD UP,H
SUMEETINDS,BE,SUMEET IND LIMITED,H
SUPERSPIN,EQ,SUPER SPINNING MILLS LTD,H
SVPGLOB,EQ,SVP GLOBAL TEXTILES LTD,H
SWANENERGY,EQ,SWAN ENERGY LIMITED,H
SWARAJ,SM,SWARAJ SUITING LIMITED,H
TAINWALCHM,BE,TAINWALA CHEMICAL AND PLA,H
TARAPUR,BE,TARAPUR TRANSFORMERS LTD,H
TARC,BE,TARC LIMITED,H
TCIFINANCE,BE,TCIFINANCELTD-ROLL SETT,H
TFL,BE,TRANSWARRANTY FIN. LTD.,H
TIL,BZ,TIL LTD,H
TNTELE,BE,TAMILNADU TELECOMMUNICATI,H
TPLPLASTEH,EQ,TPL PLASTECH LIMITED,H
UMAEXPORTS,EQ,UMA EXPORTS LIMITED,H
USK,BE,UDAYSHIVAKUMAR INFRA LTD,H
V2RETAIL,BE,V2 RETAIL LIMITED,H
VARDMNPOLY,EQ,VARDHMAN POLYTEX LTD.,H
VELS,SM,VELS FILM INTERNATIONAL L,H
VERITAAS,SM,VERITAAS ADVERTISING LTD,H
VIVO,SM,VIVO COLLAB SOLUTIONS LTD,H
VLINFRA,ST,V.L.INFRAPROJECTS LIMITED,H
VMARCIND,SM,V MARC INDIA LIMITED,H
VSCL,SM,VADIVARHE SPCLTY CHEM LTD,H
WALCHANNAG,EQ,WALCHANDNAGAR INDUSTRIES,H
WALPAR,SM,WALPAR NUTRITIONS LIMITED,H
WANBURY,EQ,WANBURY LIMITED,H
WINSOME,BE,WINSOME YARNS LIMITED,H
WOCKPHARMA,BE,WOCKHARDT LIMITED-DEPO,H
YAARI,EQ,YAARI DIGI INT SER LTD,H
YUDIZ,ST,YUDIZ SOLUTIONS LIMITED,H
ZEELEARN,BE,ZEE LEARN LIMITED,H
ZTECH,SM,Z-TECH (INDIA) LIMITED,H
ACCORD,SM,ACCORD SYNERGY LIMITED,L
ADROITPP1,E1,ADROITINFO RS. 5 PPD UP,L
AIMTRON,ST,AIMTRON ELECTRONICS LTD,L
AJOONI,EQ,AJOONI BIOTECH LIMITED,L
ALPEXSOLAR,ST,ALPEX SOLAR LIMITED,L
ANTGRAPHIC,EQ,ANTARCTICA LTD,L
ARSSINFRA,BE,ARSS INFRA PROJ. LTD,L
ASMS,EQ,BARTRONICS INDIA LIMITED,L
ATMASTCO,ST,ATMASTCO LIMITED,L
BBOX,BE,BLACK BOX LIMITED,L
BPL,BE,BPL LTD,L
CADSYS,SM,CADSYS (INDIA) LIMITED,L
CHETANA,ST,CHETANA EDUCATION LIMITED,L
CMMIPL,ST,CMM INFRAPROJECTS LIMITED,L
CORDSCABLE,BE,CORDS CABLE INDUS LTD.,L
CPS,SM,C P S SHAPERS LIMITED,L
DESTINY,SM,DESTINY LOGISTICS & I LTD,L
DGCONTENT,BE,DIGICONTENT LIMITED,L
DHTL,SM,DOCMODE HEALTH TECH LTD,L
DIACABS,BE,DIAMOND POWER INFRA LTD,L
DRONE,ST,DRONE DESTINATION LIMITED,L
EQUIPPP,BE,EQUIPPP SOC IMP TECH LTD,L
ESSENTIA,BE,INTEGRA ESSENTIA LIMITED,L
FELIX,SM,FELIX INDUSTRIES LTD.,L
FLFL,BZ,FUT LIFESTYLE FASH LTD,L
GACMDVR-RE,BE,GACM TECHNOLOGIES LIMITED,L
GATECH-RE,BE,GACM TECHNOLOGIES LIMITED,L
GODHA,BE,GODHA CABCON INSULAT LTD,L
GVKPIL,BE,GVK POW. & INFRA LTD.,L
IVC,BE,IL&FS INVESTMENT MANAGERS,L
JETKNIT,ST,JET KNITWEARS LTD.,L
K2INFRA,ST,K2 INFRAGEN LIMITED,L
KONTOR,SM,KONTOR SPACE LIMITED,L
MASTER,ST,MASTER COMPONENTS LIMITED,L
MEGAFLEX,SM,MEGA FLEX PLASTICS LTD,L
MOXSH,ST,MOXSH OVERSEAS EDUCON LTD,L
MTNL,EQ,MAHANAGAR TELEPHONE NIGAM,L
NEPHROCARE,SM,NEPHRO CARE INDIA LIMITED,L
NPST,SM,NETWORK PEOPLE SRV TECH L,L
OMAXE,BE,OMAXE LIMITED,L
PANSARI,EQ,PANSARI DEVELOPERS LTD,L
PRAENG,EQ,PRAJAY ENG. SYN. LTD.,L
PRAMARA,SM,PRAMARA PROMOTIONS LTD,L
PRIZOR,ST,PRIZOR VIZTECH LIMITED,L
QUADPRO,SM,QUADPRO ITES LIMITED,L
RAJTV,BE,RAJ TV NETWORK LTD,L
REFRACTORY,ST,REFRACTORY SHAPES LIMITED,L
RILINFRA,ST,RACHANA INFRA LTD,L
RNFI,ST,RNFI SERVICES LIMITED,L
SADBHAV,EQ,SADBHAV ENGINEERING LTD,L
SATIPOLY,ST,SATI POLY PLAST LIMITED,L
SECURCRED,BE,SECUR CREDENTIALS LIMITED,L
SHIGAN,SM,SHIGAN QUANTUM TECH LTD,L
SHRENIK,BE,SHRENIK LIMITED,L
SHUBHLAXMI,SM,SHUBHLAXMI JEWEL ART LTD,L
SJLOGISTIC,SM,S J LOGISTICS (INDIA) LTD,L
SKYGOLD,BE,SKY GOLD LIMITED,L
SONUINFRA,ST,SONU INFRATECH LIMITED,L
SPMLINFRA,EQ,SPML INFRA LIMITED,L
TGL,ST,TEERTH GOPICON LIMITED,L
THOMASCOTT,BE,THOMAS SCOTT (INDIA) LTD,L
TRANSWIND,SM,TRANSWIND INFRA LIMITED,L
UNIINFO,EQ,UNIINFO TELECOM SERVI LTD,L
URBAN,SM,URBAN ENVIRO WASTE MGMT L,L
VERTEXPLUS,ST,VERTEXPLUS TECHNOLOGIES L,L
VIPULLTD,EQ,VIPUL LIMITED,L
WOMANCART,ST,WOMANCART LIMITED,L
ZENITHEXPO,BE,ZENITH EXPORTS LTD,L
ZENITHSTL,BE,ZENITH STEEL PIP IND LTD,L
