SECURITY,NEW,PREVIOUS,NEW_STATUS
TORRENT POWER LTD,1908,1687,H
ORIENT CEMENT LTD.,363.5,363.45,H
MAHANAGAR GAS LTD.,1912.15,1902,H
ICICI LOMBARD GIC LIMITED,2020,2004,H
UMA EXPORTS LIMITED,94.82,92.7,H
ELECTROTHERM (I) LTD.,931.15,845,H
MIRAEAMC - MAESGETF,42.1,42.06,H
V2 RETAIL LIMITED,932.8,899.05,H
21ST CENTURY MGMT SERVICE,82.96,81.34,H
ICICIPRAMC-ICICIFIN,26.2,26.03,H
COUNTRY CLUB HOSP HOL LTD,26.74,17.2,H
BLUE JET HEALTHCARE LTD,480,470,H
SERENCD 8.29% SR.V OP10,1028,1020,H
SAMMAAN CAPITAL LIMITED,178.75,177.25,H
8.72% UNSECURED NCD,1025.01,1025,H
BASF INDIA LTD,6345,6248.85,H
BSL LTD,239.8,238.9,H
WELSPUN ENTERPRISES LTD.,574.95,544.5,H
GANESHA ECOSPHERE LIMITED,1621,1618.4,H
HUBTOWN LIMITED,255.26,243.11,H
SANDHAR TECHNOLOGIES LTD,662.6,657.75,H
HIMADRI SPECIALITY CHEM L,448,442.9,H
WEALTH FRST PORT. MG. LTD,1147.85,981.35,H
PRUDENT CORP ADV SER LTD,2468.3,2404.95,H
KAPSTON SERVICES LIMITED,417.95,407.9,H
GRP LIMITED,16150.15,15991.95,H
DC INFOTECH AND COMUN LTD,419.72,400.98,H
POWER INSTRUMENT (G) LTD,112.63,86.38,H
GOI TBILL 182D-22/08/24,99.41,99.36,H
GLOBAL VEC HELICORP LTD,304.09,234,H
GOI TBILL 364D-27/09/24,98.8,98.75,H
NAMAN IN-STORE (INDIA) L,149.3,146,H
SEC RE NCD 8.20% SR.V,1019.8,1019.32,H
AHIMSA INDUSTRIES LTD.,26.3,25.05,H
9.40 % SRNCD TR II SR III,1036,1035.1,H
V.L.INFRAPROJECTS LIMITED,87.9,83.75,H
SEC RE NCD 9.05% SR.I,1058.2,1040.21,H
SEC RE NCD 9.39% SR.VIII,925,910,H
TAINWALA CHEMICAL AND PLA,234.72,224.33,H
NCC LIMITED,364.5,349.7,H
OPTIEMUS INFRACOM LTD,489,486,H
ARROW GREENTECH LIMITED,793,733,H
GOKUL AGRO RESOURCES LTD,199,191.79,H
INSPIRISYS SOLUTIONS LTD,183.99,175.23,H
SJS ENTERPRISES LIMITED,886.15,865,H
SUMITOMO CHEM INDIA LTD,546.9,540.8,H
NIP IND ETF DIV OPP,89.5,87.95,H
TATAAML - TNIDETF,93.5,93,H
ICICIPRAMC - ICICI500,39.87,39.65,H
CONTINENTAL SEED CHEM LTD,49.5,47.15,H
J.G.CHEMICALS LIMITED,304.15,275.8,H
GOI TBILL 364D-22/08/24,99.57,98.55,H
KATARIA INDUSTRIES LTD,244.3,232.7,H
TVS MOTOR COMPANY  LTD,2557.05,2539.95,H
NIP IND ETF JUNIOR BEES,812.9,811.9,H
NTPC LTD,417.4,412.7,H
PARIN FURNITURE LIMITED,296.85,283.5,H
SUPREME ENGINEERING LTD,1.91,1.88,H
SUVEN PHARMACEUTICALS LTD,1070.7,963.95,H
ISGEC HEAVY ENG LTD,1588.4,1565.3,H
EPIGRAL LIMITED,1817.95,1776.85,H
MIRAEAMC - ALPHAETF,29.39,29.25,H
ATLANTAA LIMITED,51.68,49.22,H
NUVAMA WEALTH MANAGE LTD,6490,6439,H
TARC LIMITED,219.12,213,H
SHRIRAM - LIQUIDSHRI,1004.95,1004.78,H
BALU FORGE INDUSTRIES LTD,534,512.6,H
NEPHRO CARE INDIA LIMITED,378.8,360.8,H
SDL GJ 7.35% 2026,100,99,H
SEC RE NCD 8.66% SR.VI,995.4,985.7,H
TRENT LTD,5919.3,5754.95,H
AIA ENGINEERING LIMITED,4795,4699.95,H
HFCL LIMITED,137.53,135.7,H
PI INDUSTRIES LTD,4467.05,4429.05,H
SKIPPER LIMITED,441,412.9,H
CENTRAL DEPO SER (I) LTD,2594.2,2538.65,H
CHEMFAB ALKALIS LIMITED,940,922,H
PARADEEP PHOSPHATES LTD,98.35,95.74,H
CMS INFO SYSTEMS LIMITED,594.6,593.15,H
V MARC INDIA LIMITED,241.9,230.4,H
PRITIKA ENG COMPO LTD,105.9,100.9,H
S&S POWER SWITCHGEARS,377.85,340.05,H
MIRAEAMC - MANXT50,760.21,758.05,H
HB STOCKHOLDINGS LIMITED,178,170.54,H
S J LOGISTICS (INDIA) LTD,612.25,583.1,H
KFIN TECHNOLOGIES LIMITED,898,843.95,H
ICICIPRAMC - ICICINXT50,79.4,79.35,H
ICICIPRAMC - ICICIPHARM,145,141.42,H
SHEKHAWATI POLY-YARN LTD.,6.54,6.42,H
ELGI RUBBER CO. LTD,94.2,89.72,H
KAVVERI TEL. LTD.,33.18,32.53,H
SEC RE NCD 8.5% SR.I,1020,1018,H
SEC RED NCD 9.31% SR.III,1041,1040,H
GOI TBILL 364D-05/06/25,94,93.95,H
SAHAJ SOLAR LIMITED,530.4,505.15,H
GABRIEL INDIA LTD,521.35,517,H
ZEN TECHNOLOGIES LIMITED,1743,1689.5,H
KOKUYO CAMLIN LIMITED,186,178.4,H
LCC INFOTECH LTD,5.88,5.77,H
SBI-ETF NIFTY NEXT 50,790.15,788.17,H
MINDTECK (INDIA) LIMITED,460,441.9,H
ERIS LIFESCIENCES LIMITED,1135,1134.3,H
ICICI PRU LIFE INS CO LTD,739.6,733.35,H
SWARAJ SUITING LIMITED,347.35,336,H
COMPUTER AGE MNGT SER LTD,4910,4725,H
ICICIPRAMC - ICICICOMMO,96.98,96.35,H
BLACK BOX LIMITED,513.5,496.7,H
DIAMOND POWER INFRA LTD,1498.1,1427.35,H
BIRLASLAMC-ABSLPSE,11.8,11.77,H
EFFWA INFRA & RESEARCH L,337.25,306.6,H
7.43% TAX FREE TRI SR3B,1243,1225,H
UNS RED NCD 9.15% SR.IX,1000,999,H
GLENMARK PHARMACEUTICALS,1474,1454.2,H
APAR INDUSTRIES LTD.,9659.9,9543.3,H
INDIA GLYCOLS LTD,1275,1224,H
MANGALAM CEMENT LTD,982,964.9,H
BAYER CROPSCIENCE LTD,7103.7,7061.25,H
NAVA LIMITED,930,924.3,H
NIPPONAMC - NETFPHARMA,22.25,22.23,H
FIBERWEB INDIA LIMITED,64.26,53.55,H
UTIAMC - NIFMID150,219.8,219,H
SKIPPER RE.0.25 PPD UP,266.95,257.9,H
V R INFRASPACE LIMITED,227.9,205,H
ENSER COMMUNICATIONS LTD,245.95,234.25,H
SEC RE NCD 8.10% SR VI,1070.7,1069.99,H
GOI TBILL 364D-24/07/25,94,93.59,H
RELIABLE DATA SERVICE LTD,102.55,97.7,H
KRISHCA STRAPPING SLTN L,366,361.65,H
KORE DIGITAL LIMITED,1805.75,1744,H
DCW LTD,72.48,72.4,H
MARUTI SUZUKI INDIA LTD.,13375,13300,H
MULTI COMMODITY EXCHANGE,4346.85,4324.9,H
WINDLAS BIOTECH LIMITED,830,809,H
NIPPONAMC - NETFAUTO,272.6,272,H
TEGA INDUSTRIES LIMITED,1965,1917.85,H
INOX WIND ENERGY LIMITED,8775,8545,H
BLUE CHIP INDIA LIMITED,6.26,6.14,H
ICICIPRAMC - ICICIINFRA,97.08,96.83,H
KOTAKMAMC - KOTAKMID50,169.48,168.4,H
MANOMAY TEX INDIA LTD,302.7,291,H
GOLDKART JEWELS LIMITED,149.6,145,H
GOI LOAN  7.34% 2064,105.61,105.5,H
SRI ADHIKARI BRO TELE N L,374.64,367.3,H
GOI TBILL 182D-23/01/25,96.77,96.7,H
GOI TBILL 91D-12/09/24,99.19,99.02,H
8.91% TAX FREE NCD,1319,1305,H
DELPHI WORLD MONEY LTD,245,237.58,H
AMBEY LABORATORIES LTD,71.6,74,L
RAVINDRA ENERGY LIMITED,82.5,85.16,L
VITAL CHEMTECH LIMITED,82,83.65,L
ONECLICK LOGISTICS IND L,84,86.5,L
INDOWIND ENERGY LIMITED,2.92,3.1,L
SDL GA 7.7% 2033,99,100,L
EQUIPPP SOC IMP TECH LTD,23.1,23.45,L
NANDANI CREATION LIMITED,36.3,36.45,L
SHIVALIC POWER CONTROL L,267.05,289,L
MEDICAMEN ORGANICS LTD,76.3,81,L
JET KNITWEARS LTD.,114,120,L
DIENSTEN TECH LIMITED,180,184.05,L
GANESH GREEN BHARAT LTD,481.2,515,L
SEC RE NCD 10.75% SR XI,989.05,990.3,L
SEC RE NCD 9.71% SR VIII,880,900,L
VIBHOR STEEL TUBES LTD,279.3,285,L
SEC RED NCD SR.IX,1451.53,1511.25,L
RKEC PROJECTS LIMITED,121.66,124.15,L
UNS RED NCD 9.15% SR.IX,995,999,L
SDL TN 7.33% 2052,94,95,L
VIJI FINANCE LIMITED,2.23,2.28,L
RNFI SERVICES LIMITED,171.1,180.1,L
SECUR CREDENTIALS LIMITED,7.31,7.7,L
UNSEC RE NCD 9.60% SR.II,921,925,L
GOI TBILL 182D-23/01/25,96.32,96.7,L

