SYMBOL,SYMBOL P/E,ADJUSTED P/E
BODALCHEM,158.59,158.59
FILATEX,25.11,25.11
VASWANI,16.39,16.39
ONELIFECAP,37.65,37.65
TRITURBINE,71.07,71.07
JISLDVREQS,.89,.89
RUPA,36.88,35.48
APLAPOLLO,55.78,55.78
THOMASCOTT,29.01,29.01
IRFC,39.74,39.74
COMPUSOFT,58.86,58.86
RHIM,,48.38
NBCC,80.2,60.75
HEXATRADEX,42.72,42.72
SWANENERGY,38.68,38.68
RTNINDIA,26.03,23.31
PROZONER,212.97,212.97
THEJO,57.31,57.31
KITEX,27.6,27.6
DUCON,27.92,27.92
TVSHLTD,14.75,14.72
VETO,18.44,18.44
INDUSTOWER,19.95,19.95
ESSENTIA,25.32,25.34
MITCON,39.48,39.48
SREEL,26.48,26.48
GOCLCORP,46.64,48.75
SHARDACROP,34,34
INTELLECT,44.78,44.39
FCL,35.26,35.26
GULPOLY,68.51,68.51
GRPLTD,93.1,85.55
GANECOS,99.2,99.2
HESTERBIO,155.49,155.49
MANAKCOAT,42.21,42.21
AVANTIFEED,23.92,23.92
UFO,45.54,41.23
ARROWGREEN,36.96,36.96
RAMASTEEL,54.42,54.42
ARVSMART,71.45,71.45
SHREEPUSHK,20.68,20.68
IDFCFIRSTB,19.93,19.93
SHK,22.13,22.13
PERFECT,57.53,57.53
NH,32.96,32.96
TEAMLEASE,51.82,53.38
NECCLTD,46.04,46.04
GOKULAGRO,19.91,19.91
WEALTH,21.27,21.27
BHARATWIRE,18.69,18.69
SAGARDEEP,72.07,72.07
PARAGMILK,24.46,24.46
UNITEDPOLY,30.49,30.49
BLS,45.15,45.15
CONTROLPR,25.18,25.2
INCREDIBLE,37.04,37.04
MOLDTECH,26.01,26.01
QUESS,31.12,30.24
LLOYDSENGG,131.61,131.61
LTIM,36.78,36.78
GATECH,75.4,75.4
MINDTECK,39.42,39.42
DBL,37.52,410.32
MBAPL,73.97,73.97
CUPID,35.82,35.82
CROWN,60.26,60.26
ICICIPRULI,262.25,262.25
SAKAR,61.77,61.77
AURDIS,11.95,11.95
PANSARI,46.95,46.95
ARTNIRMAN,145.05,145.05
GICL,63.13,63.13
VBL,83.03,83.03
PODDARMENT,15.68,15.68
JETFREIGHT,315.16,
TCIEXP,35.37,35.37
TERASOFT,27.34,24.01
LIBAS,9.29,9.29
CAPTRUST,111.71,111.71
MAHESHWARI,15.35,15.35
MCL,83.02,83.02
PRICOLLTD,43.23,43.23
STEELCITY,12.25,12.25
KRISHANA,38.48,38.48
GLOBAL,12.27,12.27
SANGINITA,61.12,61.12
RADIOCITY,83.69,83.69
AIRAN,29.13,29.13
LAXMICOT,,109.85
EIFFL,169.77,169.77
CREATIVE,21.25,21.25
FOCUS,21.89,21.89
SIKKO,35.93,35.93
MKPL,41.08,41.08
INFOBEAN,40.14,40.14
BHAGYANGR,8.04,8.04
JALAN,,28.08
TEJASNET,132.36,132.36
ACCORD,45.52,45.52
DYNPRO,127.53,127.53
TOTAL,140.5,140.5
WEWIN,29.67,29.67
SMSLIFE,43.63,43.63
SERVOTECH,225.65,225.65
PASHUPATI,162.55,162.55
DIXON,165.6,165.6
CAPACITE,23.08,23.08
MPTODAY,6.4,6.43
SBILIFE,84.82,84.82
CADSYS,11.69,11.92
AARVI,18.66,18.66
GOLDSTAR,66.37,66.37
JASH,48.19,48.19
CMMIPL,16.67,16.67
OMFURN,20.32,20.32
TCPLPACK,25.57,25.57
MILTON,21.1,21.1
DPABHUSHAN,41.29,41.29
NAM-INDIA,33.96,33.96
NIACL,54.01,54.01
SECURCRED,6.58,6.58
HDFCLIFE,91.79,91.79
VERTOZ,91.82,91.82
FELIX,84.6,84.6
ICEMAKE,49.06,49.06
TOUCHWOOD,46.5,46.51
ONEPOINT,65.23,65.23
AJOONI,62.16,62.16
MOKSH,15.4,15.4
SILLYMONKS,184.01,184.01
SOLEX,140.19,140.19
BOSCHLTD,41.36,55.96
DEEPAKFERT,26.75,26.75
MAHSEAMLES,9.94,9.9
COROMANDEL,29.33,29.33
VINDHYATEL,33.22,33.22
ASIANPAINT,57.3,57.3
PGHL,40.29,40.29
BEML,68.94,68.94
CENTENKA,27.96,27.96
VTL,23.22,23.22
FEDERALBNK,12.13,12.13
VIPIND,122.74,194.42
BIRLACABLE,38.36,38.36
HONAUT,95.13,95.13
PRECOT,34.9,55.51
SHREYANIND,4.65,4.65
APOLLOHOSP,104.13,104.27
NEULANDLAB,38.7,38.7
JINDALPOLY,51.05,50.87
BLUEDART,63.51,63.51
SOTL,21.88,21.88
ARENTERP,22.01,22.01
TATAPOWER,45.74,49.43
JUBLPHARMA,20.11,45.81
TATACOMM,59.99,71.53
HLVLTD,60.88,60.88
LIBERTSHOE,79.47,60.47
HEIDELBERG,32.13,32.13
POLYPLEX,42.83,42.83
EIHAHOTELS,35.41,35.41
ABB,113.64,113.64
BRITANNIA,65.84,65.77
DABUR,62.01,62.01
ORIENTHOT,59.64,59.64
3MINDIA,76.46,76.46
AMJLAND,21.15,21.15
KOPRAN,24.81,24.81
TATAINVEST,100.44,100.44
IPCALAB,61.9,67.49
GSFC,17.4,17.4
EIDPARRY,8.89,8.89
BIRLACORPN,28.29,28.72
ASHAPURMIN,14.7,22.72
TNPL,8.64,8.64
NATCOPHARM,17.39,17.39
GARFIBRES,37.05,37.05
SKFINDIA,49.57,49.57
MARICO,58.7,58.7
KEYFINSERV,9.2,9.2
VISAKAIND,1137.08,1137.08
HITECHGEAR,16.06,44.72
PUNJABCHEM,30.92,30.92
SINTERCOM,308.93,308.93
SOUTHWEST,38.12,40.46
ARVEE,236.81,236.81
ASTERDM,61.78,
HGINFRA,19.87,20.3
HINDCON,42.52,42.52
SARVESHWAR,51.71,51.71
UNIINFO,96.77,96.77
MACPOWER,66.29,66.29
MDL,57.71,53.94
BANDHANBNK,13.77,13.77
URAVI,311.75,311.75
MITTAL,22.34,41.67
GIRIRAJ,85.33,85.33
ISEC,12.82,12.82
KAPSTON,32.12,32.12
MIDHANI,102.68,102.68
CONTI,381.89,381.2
AVG,21.53,35.74
MMP,30.11,30.11
CHEMFAB,49.36,49.36
BSHSL,93.4,93.4
MAHICKRA,80.18,80.18
AAKASH,22.25,22.25
GODHA,129.63,129.63
SOFTTECH,134.28,134.28
E2E,99.8,99.8
SIRCA,38.97,38.97
SVLL,85.17,85.17
SONAMLTD,40.83,40.83
ADANIGREEN,253.06,209.6
PRITI,19.03,19.03
ACCURACY,365.65,365.65
RITES,36.88,36.88
GANGAFORGE,175.96,179.79
REPL,22.59,22.59
HBSL,3.23,3.23
AVROIND,28.86,28.86
TEMBO,20.25,20.7
CREDITACC,14.14,14.14
AARON,47.46,47.46
LAGNAM,20.45,20.45
RPPL,24.01,24.01
AKG,50.1,50.1
IRCON,31.43,31.43
AHLADA,10.78,10.78
RAJMET,24.94,24.94
KSHITIJPOL,41.04,
KRITIKA,49.47,49.47
SILGO,22.78,22.78
BBTCL,29.69,29.69
IRISDOREME,42.76,42.76
UWCSL,43.28,43.28
ATGL,145.96,145.96
UNIPARTS,17.96,17.96
SHRIRAMPPS,4.89,4.89
AWHCL,22.62,22.62
SURANI,765.2,765.2
MSTCLTD,31.6,31.6
ARVINDFASN,65.5,62.78
KHFM,124.93,124.93
RVNL,87.18,87.18
POLYCAB,55.77,55.77
KPITTECH,75.22,75.22
NEOGEN,124.12,124.12
VIKASLIFE,,96.77
CONFIPET,27.48,27.48
PPL,14.1,14.1
INDIAMART,46.58,46.58
SATIA,5.92,5.92
WEL,164.92,164.92
CHEMCON,51.03,51.03
WESTLIFE,296.19,296.19
HNDFDS,73.15,73.15
MAZDOCK,59.86,59.86
IRCTC,71.25,68.61
SECL,1576.4,1576.4
DCI,44.73,44.73
IIFLSEC,12.87,12.87
HPIL,121.33,121.33
VISHWARAJ,23.92,23.92
FLUOROCHEM,82.68,82.68
KUANTUM,7.63,7.63
CHEMBOND,20.73,20.73
ROUTE,27.68,28.75
SBICARD,28.39,28.39
SIGMA,21.54,21.54
CSBBANK,10.46,10.46
EASEMYTRIP,71.2,43.06
ROSSARI,33.54,33.54
PRINCEPIPE,40.58,44.08
LIKHITHA,27.37,27.37
ARTEMISMED,73.82,73.82
SUMICHEM,59.49,59.49
LGHL,81.14,85.56
ASALCBR,27.08,27.08
UNIVPHOTO,13.62,13.62
BAFNAPH,27.96,27.96
POWERINDIA,292.9,292.9
STOVEKRAFT,60.75,60.75
RAJRATAN,39.4,39.4
HAPPSTMNDS,50.09,52.18
GLAND,43.91,43.91
NDRAUTO,38.08,38.08
MAXHEALTH,84.36,84.36
AAATECH,44.39,44.39
KALYANKJIL,99,99
SHAREINDIA,13.88,13.86
SIGACHI,38.09,38.09
ANGELONE,16.1,16.1
NIRAJ,21.11,14.26
CAMS,65.84,65.84
SURYODAY,9.36,9.36
UTIAMC,15.59,15.59
BECTORFOOD,59.25,59.25
ORCHPHARMA,73.55,73.55
INDIGOPNTS,47.82,47.82
LXCHEM,61.35,61.35
MTARTECH,105.09,105.09
FAIRCHEMOR,44.97,44.97
ANURAS,51.33,51.33
KANPRPLA,315.12,315.12
ISGEC,44.69,44.69
STYLAMIND,25.79,25.62
CLSEL,9.97,9.97
CARYSIL,38.42,38.42
SHAILY,61.88,61.88
MODISONLTD,24.79,31.15
FIBERWEB,21.21,21.21
BCLIND,19.33,19.25
BHAGCHEM,255.48,255.48
SBCL,46.9,46.9
SMCGLOBAL,7.94,7.94
QMSMEDI,23.28,23.28
ARIHANTCAP,10.98,10.98
SIDDHIKA,16.87,16.87
NAZARA,77.5,76.8
IPL,43.28,43.28
GENCON,24.25,24.25
LODHA,70.94,67.44
HLEGLAS,71.24,66.49
VMARCIND,19.55,19.55
SONACOMS,72.74,72.15
UTKARSHBNK,11.02,11.02
PARAS,169.28,169.28
CRAFTSMAN,41.63,41.63
DODLA,35.87,35.87
EXXARO,181.67,181.67
JUBLINGREA,55.63,55.63
ROLEXRINGS,39.71,36
SHYAMMETL,18.13,18.13
KIMS,51.94,51.94
MAKS,138.57,70.41
TATVA,89.86,89.86
CLEAN,68.94,68.94
GLS,24.37,24.37
ABSLAMC,24.47,24.47
DEEPINDS,16.02,16.19
ZOMATO,571.19,571.19
BEWLTD,36.35,36.35
PIXTRANS,26.01,26.01
WINDLAS,28.65,28.65
CARTRADE,50.35,50.35
KRSNAA,38.68,38.68
DEVYANI,,577.31
APTUS,25.83,25.83
SUPRIYA,27.23,27.23
ANMOL,9.16,9.16
BMETRICS,22.89,22.89
VIJAYA,67.66,66.82
AMIORG,126.91,57.3
VINEETLAB,59.33,59.33
SANSERA,40.88,40.88
BAJAJHCARE,,35.27
PRITIKAUTO,26.14,26.14
AAREYDRUGS,29.76,29.76
INTLCONV,8.69,8.69
DUGLOBAL,698.44,698.44
HPAL,45.94,46.32
UGROCAP,20.41,20.41
KPIGREEN,70.53,70.44
SGIL,44.68,44.68
ANANDRATHI,63.5,63.5
FINOPB,30.58,30.58
NYKAA,1306.91,1306.91
AWL,84.48,78.3
SAPPHIRE,290.24,290.24
QUADPRO,50.47,50.47
EPIGRAL,29.14,29.14
NUVOCO,84.91,84.91
TRACXN,164.67,164.67
FUSION,8.63,8.63
TARSONS,66.01,66.01
MEDPLUS,158.64,158.64
RATEGAIN,67.35,67.35
LATENTVIEW,65.17,65.17
METROBRAND,89.37,89.37
PASUPTAC,27.72,27.72
PARADEEP,77.58,77.58
MAPMYINDIA,95.3,95.3
TMB,6.78,6.78
DYNAMIC,74.7,74.7
MANYAVAR,70.74,70.74
GVPTECH,78.37,78.37
DMCC,63.67,63.67
KOTYARK,46.82,46.82
EMIL,46.83,46.83
SHIVALIK,55.72,55.72
PRECISION,16.96,16.96
DATAPATTNS,97.44,97.44
COOLCAPS,98.57,98.52
MEDANTA,70,70
MALLCOM,23.93,23.93
NIDAN,,22.96
SMLT,18.09,18.09
RADIANTCMS,20.85,20.85
HARIOMPIPE,36.47,36.47
DCMSRIND,16.78,16.78
RAJRILTD,305.2,305.2
DYCL,38.35,38.35
FIVESTAR,26.39,26.39
VIRINCHI,34.43,34.43
SBC,67.87,67.87
RICHA,33.65,33.65
ELIN,69.42,69.42
TIMESCAN,11.7,11.7
MADHAVBAUG,74.03,74.03
MHLXMIRU,20.3,20.3
GATEWAY,22.05,22.05
ZIMLAB,32.55,32.55
JTLIND,34.55,34.55
RAINBOW,55.09,55.09
AETHER,146.8,76.86
ROTO,53.97,53.97
GSTL,77.54,77.54
INDOBORAX,15.61,15.61
RACE,368.22,368.22
AVONMORE,32.31,32.31
DREAMFOLKS,36.55,36.55
KNAGRI,33.74,33.74
DHARMAJ,29.21,29.21
KRISHIVAL,51.96,51.96
OBCL,32.59,32.59
GMRP&UI,158.7,
KCK,117.77,117.77
INDOAMIN,26.75,26.75
PROPEQUITY,25.51,25.51
SWARAJ,27.85,27.85
INOXGREEN,186.94,186.94
ACI,29.38,29.38
RITCO,26.84,26.84
SADHNANIQ,518.82,518.82
VEEKAYEM,30.65,30.65
RILINFRA,32.95,32.95
CHEVIOT,11.89,11.89
HMAAGRO,26.65,26.65
KFINTECH,51.66,51.66
DCXINDIA,56.33,56.33
AKSHAR,23.82,23.82
ARISTO,18.12,18.12
KAYNES,138.03,138.03
NGLFINE,39.15,39.15
JFLLIFE,18.62,18.62
FIDEL,28.96,28.96
AXITA,33.97,33.97
PLAZACABLE,102.44,102.44
SENCO,41.77,41.77
USASEEDS,26.02,26.02
TRU,49.51,49.51
RADHIKAJWE,17.01,17.01
SPLPETRO,41.29,41.29
RAMRAT,34.91,34.91
CSLFINANCE,18,18
AGNI,264.38,264.38
GOYALALUM,57.73,57.73
RUSTOMJEE,109.3,109.3
GENSOL,72.44,72.32
DBOL,27.25,27.25
KANDARP,35.89,35.89
GSLSU,44.83,44.83
SPORTKING,21.4,21.4
MANORAMA,100.88,100.88
ISHAN,,186.55
ARABIAN,26.76,26.76
GRMOVER,20.44,20.44
SYNCOMF,58.11,58.07
DJML,66.87,66.87
BAHETI,43.86,43.86
SULA,44.74,44.74
SIGNATURE,526,526
ANNAPURNA,90.79,90.79
KRITINUT,13.68,13.68
KALAMANDIR,25.8,25.8
AVALON,124.3,124.3
RITEZONE,15.9,15.9
CONCORDBIO,56.49,56.49
GRCL,147.14,147.14
BAIDFIN,15.7,15.7
PHANTOMFX,22.66,22.66
QUICKTOUCH,11.96,11.96
IPSL,24.65,24.65
KAMOPAINTS,91.23,91.23
BLUEJET,66.02,62.41
MVGJL,19.09,19.09
JIWANRAM,20.54,20.54
SCPL,22.06,22.06
SUKHJITS,16.52,16.52
ARHAM,47.31,47.31
MANKIND,42.75,42.75
SKYGOLD,70.52,70.52
ARIHANTACA,58.67,58.67
SATINDLTD,4.34,4.34
DIVGIITTS,51.93,51.93
USK,13.59,13.59
ANLON,69.23,69.23
CMNL,13.19,13.01
DIACABS,267.92,264.26
IKIO,41.34,41.34
MANOMAY,38.95,38.95
FAZE3Q,27.35,27.35
RBMINFRA,40.78,40.78
LLOYDSME,27.68,27.68
AARTIPHARM,25.7,25.7
RHL,81.45,81.45
SAHYADRI,16.81,16.81
NINSYS,57.69,57.69
DUCOL,45.61,45.61
HOMESFY,72.8,60.99
SBFC,32.91,32.91
SBGLP,74.49,74.49
ASMS,491.47,320.48
HYBRIDFIN,10.84,10.64
VIAZ,30.33,30.33
ZAGGLE,70.12,70.12
AGARWALFT,312.48,312.48
HONASA,179.95,179.95
RISHABH,41.24,41.24
IRMENERGY,29.47,29.47
SAH,233.11,233.11
DENEERS,19.39,19.39
CYIENTDLM,98.37,98.37
AGUL,16.34,16.34
NIRMAN,76.73,76.73
AKI,153.26,153.26
YCCL,37.29,37.29
RATNAVEER,26.59,26.59
PATTECH,51.65,51.65
MOS,43.85,43.85
SECMARK,296.92,296.92
SOTAC,45.89,44.81
ATAM,36.8,36.8
CRAYONS,19.08,19.08
SHRITECH,15.62,15.62
LAL,46.35,46.35
URBAN,28.3,28.3
AARTECH,183.79,183.79
KRISHCA,32.29,32.29
ESFL,33.74,33.74
DOLPHIN,506.75,565.52
REMUS,39.87,39.87
REDTAPE,77.23,77.23
PENTAGON,20.73,20.73
CELLPOINT,38.68,38.68
PROV,59.01,59.01
NETWEB,152.27,152.27
PYRAMID,24.47,24.47
EMSLIMITED,36.1,36.1
EFACTOR,19.6,19.6
GHCLTEXTIL,40.21,40.21
UDS,32.08,32.08
DENTALKART,63.49,63.49
SYNOPTICS,15.25,15.25
ATL,40.28,40.28
RRKABEL,70.62,70.69
COMMITTED,14.67,14.67
SANGANI,22.14,22.14
JLHL,49.95,49.97
NUVAMA,31.2,31.2
DRONE,116.9,116.9
SERVICE,24.82,24.82
KEL,49.09,49.09
NIITMTS,30.16,29.63
VINSYS,24.55,24.55
ACSAL,14.94,14.94
SAROJA,19.25,19.25
SINDHUTRAD,41.05,41.04
ORIANA,74.11,74.11
ONDOOR,48.95,48.51
TRANSTEEL,12.7,12.54
SANDUMA,46.88,46.88
KODYTECH,607.84,607.84
KARNIKA,36.41,36.41
SAAKSHI,85.12,85.12
MUFIN,140.17,134.74
HIGREEN,44.38,44.38
CELLECOR,39.06,39.06
JIOFIN,180.1,180.1
CPS,82.17,82.17
NEWJAISA,62.84,62.84
WOMANCART,44.44,44.44
SHANTHALA,161.36,161.36
DIAMINESQ,65.86,65.86
VISHNUINFR,21.57,21.57
MICROPRO,20.06,20.06
INSPIRE,17.3,17.3
MAITREYA,33.39,33.39
AMNPLST,81.55,81.55
SARTELE,57.91,57.91
VINYAS,239.72,239.72
SAMMAANCAP,7.19,7.19
ORBTEXP,15.33,15.33
NATHBIOGEN,10.87,11.67
CASTROLIND,30.32,30.32
WONDERLA,34.98,34.98
CAPLIPOINT,25.61,25.62
SNOWMAN,112.17,112.17
SUPERHOUSE,22.09,22.09
PDSL,35.2,35.9
GOODLUCK,21.83,21.83
LAMBODHARA,39.59,39.59
GENUSPAPER,177.17,177.17
VISHNU,29.66,29.66
LINC,26.39,26.39
JMA,9.21,9.21
MANAKSTEEL,13.66,13.74
IMAGICAA,8.33,141.57
BYKE,69.71,69.71
VIPULLTD,2.11,2.09
PRIVISCL,52.53,52.53
NILAINFRA,46.53,46.53
ORICONENT,33.07,27.81
ADANIENSOL,,78.07
PKTEA,20.41,20.41
SHARDAMOTR,23.59,23.59
COFFEEDAY,,6.46
UMANGDAIRY,219.95,219.95
ALKEM,34.5,32.77
QUICKHEAL,75.68,75.68
HCG,121.9,131.03
SHRIPISTON,19.29,19.29
AKASH,350.55,350.55
DMART,123.42,123.42
ARIHANTSUP,19.62,19.62
SHANKARA,20.32,20.32
WIPL,39.61,39.61
DEVIT,33.24,33.24
SCHAND,15.99,15.99
ERIS,38.58,38.58
ACEINTEG,61.82,61.82
STEELXIND,147.92,147.92
MAGADSUGAR,9.54,9.54
SIS,44.73,44.73
VAISHALI,232.31,232.31
GEEKAYWIRE,13.14,13.14
CHOLAHLDNG,7.34,7.34
WORTH,13.58,13.58
DPWIRES,27,27
AIROLAM,24.12,24.12
IEX,46.97,46.97
5PAISA,25.53,25.53
SILVERTUC,61.8,61.8
BCONCEPTS,61.39,61.39
GALAXYSURF,35.01,35.01
GRSE,78.22,78.22
VINNY,27.63,27.63
MARINE,127.87,128.51
TECHNOE,70.47,70.47
TREJHARA,18.53,151.19
RPSGVENT,13.38,13.38
PAR,20.58,20.58
METROPOLIS,83.75,83.75
EMAMIPAP,9.9,9.9
DGCONTENT,36.13,36.13
OAL,170.81,170.81
AFFLE,69.81,69.81
SPANDANA,10.93,10.93
UJJIVANSFB,6.94,6.94
SAFARI,57.2,57.2
360ONE,49.84,49.84
GREENPANEL,36.06,36.06
APOLLOPIPE,60.18,60.18
MGEL,20.61,20.61
HOMEFIRST,28.94,28.94
EQUITASBNK,14.68,14.68
HINDWAREAP,88.78,88.78
ESAFSFB,5.32,5.32
PATANJALI,65.77,65.77
ATALREAL,27.99,27.99
MAHEPC,,2373.09
SUVENPHAR,80.02,80.02
KSOLVES,35.62,35.62
AARTISURF,30.07,30.07
BOROLTD,61.09,61.09
PAVNAIND,49.44,49.44
UNIDT,50.37,50.37
ADL,1847.64,1847.64
ROML,44.86,44.86
RAILTEL,66.58,69.2
HERANBA,47.32,47.32
GRINFRA,12.66,15.78
STEELCAS,17.15,17.15
STARHEALTH,41.14,41.14
YUKEN,90.81,90.81
SJS,31.03,31.03
POLICYBZR,999.72,999.72
MONARCH,15.5,15.49
PRUDENT,71.26,71.26
GOCOLORS,73.96,73.96
CMSINFO,27.08,27.08
COASTCORP,89.78,89.78
TEGA,65.77,65.77
MANORG,66.09,66.09
MICEL,30.99,34.58
FOODSIN,25.77,25.75
KRITI,50.58,50.58
GANESHBE,20.1,20.08
MEDICAMEQ,58.76,58.76
UMAEXPORTS,28.63,27.81
AHL,31.32,31.32
ASIANENE,54.73,51.06
NRL,57.21,57.21
CHOICEIN,57.12,57.12
GRWRHITECH,28.73,28.73
EMUDHRA,95.38,95.38
STARTECK,17.14,17.14
ELDEHSG,27.54,27.54
SEJALLTD,113.07,113.07
RELCHEMQ,56.81,56.81
SYRMA,70.21,69.69
CAMPUS,108.81,108.81
VENUSPIPES,47.52,47.52
MEGASTAR,54.17,54.17
LANDMARK,45.68,44.24
ETHOSLTD,138.4,138.4
MSUMI,51.75,51.75
HARSHA,44.12,44.12
LICI,18.37,18.37
BIKAJI,64.23,64.23
HARDWYN,102.08,102.08
MEDICO,38.97,38.97
YATHARTH,34.85,34.85
IDEAFORGE,120.04,120.04
POCL,38.41,38.41
ASHOKAMET,10.4,10.4
PTCIL,565.1,565.1
AEROFLEX,48.77,48.77
VPRPL,26.58,26.58
KIRLPNU,62.29,59.74
JSWINFRA,62.42,62.42
YASHO,50.5,50.5
SRGHFL,32.05,32.05
TREL,4.97,46.86
CELLO,77.36,77.36
PFIZER,41.96,42.43
THERMAX,93.6,103.46
RAYMOND,20.85,19.86
SHREDIGCEM,18.67,18.67
SMLISUZU,28.39,28.39
SUNDRMFAST,56.99,56.99
CRISIL,49.34,49.34
PEL,,39.28
MASTEK,28.04,27.82
TRENT,147.58,239.47
CUMMINSIND,71.53,71.47
JBCHEPHARM,54.58,54.58
INDIAGLYCO,22.83,22.83
IONEXCHANG,53.54,53.54
HIMATSEIDE,12.94,12.94
GFLLIMITED,310.31,310.31
BHARATFORG,89.73,89.04
ATUL,71.01,71.01
TATAMOTORS,12.42,12.13
MRPL,14.56,14.52
ESCORTS,44.48,44.48
BAJAJHLDNG,75.4,75.4
ZUARIIND,1.7,
VOLTAS,131.74,131.74
TATASTEEL,,62
SPIC,20.41,13.87
RELIANCE,26.28,26.28
BATAINDIA,78.53,71.78
CARBORUNIV,75.66,75.66
DICIND,,117.03
MOTOGENFIN,119.06,119.06
RAMCOCEM,55.67,55.67
CENTURYTEX,100.92,100.92
TORNTPHARM,60.69,63.36
EPL,34.6,32.71
VLSFINANCE,3.3,3.3
BALRAMCHIN,19.06,19.06
AEGISLOG,44.31,44.31
BBOX,59.71,47.74
TATAELXSI,54.77,54.77
ASHIMASYN,8.6,8.6
ARE&M,33.44,33.44
BALKRISIND,42.84,42.84
RAJSREESUG,19.69,19.69
ONGC,7.76,7.58
BERGEPAINT,56.63,56.83
ANIKINDS,621.42,621.42
KPIL,44.23,44.23
APCOTEXIND,41.61,41.61
KARURVYSYA,10.94,10.94
UFLEX,,14.96
THOMASCOOK,45.44,45.44
SIEMENS,107.04,107.04
VSTIND,24.95,24.95
TOKYOPLAST,113.55,113.55
IFCI,92.46,93.21
M&M,32.59,32.59
KABRAEXTRU,52.91,52.91
MODTHREAD,8.82,8.82
MANGLMCEM,42.73,42.73
PCBL,25.51,25.51
HONDAPOWER,43.79,45.66
RUBYMILLS,18.29,18.29
STYRENIX,22.96,22.96
GRAPHITE,12.63,553.86
BBL,44.39,44.39
DCMSHRIRAM,33.74,33.74
COSMOFIRST,39.6,39.6
HDFCBANK,17.61,17.51
GMBREW,11.92,11.92
ITC,29.54,29.53
IOC,8.51,8.51
OSWALGREEN,148.84,148.84
HUHTAMAKI,6.85,29.79
RICOAUTO,46.31,44.26
MANINDS,28.46,28.46
SIYSIL,12.94,12.94
ONWARDTEC,34.48,34.48
NCC,28.91,28.13
ELGIEQUIP,73.66,73.66
BBTC,8.31,8.04
BEPL,20.98,20.98
BANARBEADS,23.68,23.68
PRUDMOULI,11.54,10.73
PRAJIND,42.2,45.46
EVERESTIND,106.17,156.73
TFCILTD,19.06,19.06
GTL,.99,5.57
AGI,20.75,20.75
TATACONSUM,94.09,80.3
ZEEL,70.09,247.74
KOTAKBANK,16.7,19.3
JAYSREETEA,29.25,
GOLDENTOBC,10.75,12.19
ANDHRAPAP,6.81,6.81
GABRIEL,40.75,40.75
RALLIS,49.3,49.57
KSB,83.33,83.33
GREAVESCOT,,322.16
SURYAROSNI,20.13,20.13
SHREECEM,41.13,41.13
INGERRAND,63.43,63.43
HINDUNILVR,61.14,61.12
FINPIPE,24.15,40.09
DCW,127.94,120.63
HEUBACHIND,37.64,37.64
PVP,10.78,
NAVA,10.34,11.29
AUTOAXLES,18.77,18.77
KHAITANLTD,33.33,33.33
ANDHRSUGAR,30.15,28.86
STARPAPER,6.08,5.94
AUSOMENT,15.33,15.33
SILINV,22.28,22.28
MOTHERSON,47.28,45.87
SOMATEX,5.51,
STERTOOLS,25.94,26.07
WENDT,80.22,80.22
SHRIRAMFIN,14.29,14.29
MIRZAINT,54.2,54.2
GANESHHOUC,18.73,18.73
ALKYLAMINE,71.89,71.89
RUCHINFRA,25.49,57.05
HERITGFOOD,35.51,35.23
GAIL,16.14,16.14
CONCOR,51.86,51.86
KCPSUGIND,6.63,7.21
FDC,27.51,27.51
ADROITINFO,13.85,13.85
MAHAPEXLTD,.52,33.99
TRIGYN,20.94,20.94
KOTHARIPRO,31.21,31.21
ITDCEM,34.87,34.87
SONATSOFTW,68.45,5.87
CYBERTECH,24.55,24.55
GOACARBON,8.54,8.54
STCINDIA,26.44,28.42
RSSOFTWARE,32.24,32.24
IVC,39.47,39.47
ALEMBICLTD,41.36,41.36
BSOFT,31.43,31.43
STAR,116.86,33.98
ZYDUSLIFE,32.02,31.96
RAJESHEXPO,27.78,27.78
NRBBEARING,13.12,35.68
AJANTPHARM,37.01,37.01
CALSOFT,42,42
PNBGILTS,35.95,39.28
NLCINDIA,21.81,21.81
USHAMART,27.86,27.86
MRO-TEK,45.19,45.19
TRIDENT,62.5,62.52
ACLGATI,229.72,
TCI,27.53,27.33
ASAL,78.69,78.69
SURANAT&P,40.39,40.39
UNIONBANK,7.32,7.32
GODREJIND,47.18,47.18
RADICO,90.43,90.43
VARDHACRLC,23.88,23.88
WELSPUNLIV,25.93,25.93
TVSELECT,2643.86,2643.86
TVTODAY,27.52,25.99
MUKANDLTD,26.03,26.03
MAHABANK,10.73,10.73
RKFORGE,45.1,45.04
CCL,32.84,32.84
CENTEXT,28.76,29.21
TCS,33.54,33.04
GULFPETRO,14.03,14.03
NTPC,19.5,19.5
JINDALPHOT,62.12,62.12
ALLSEC,20.65,24.92
WELCORP,19.31,19.31
SURYALAXMI,45.03,26.41
63MOONS,8.12,8.12
VHL,357.43,42.08
YESBANK,55.4,55.4
IMPAL,21.74,21.74
AURIONPRO,58.54,58.54
AIAENG,38.69,38.71
ORIENTCER,32.83,38.72
EKC,19.72,19.34
NITINSPIN,16.83,16.83
ENIL,31.59,32.64
GVKPIL,4.19,4.19
KEC,58.04,58.04
BLKASHYAP,46.77,46.77
CENTURYPLY,49.01,49.01
GALLANTT,33.1,33.1
KKCL,27.29,27.29
GPIL,16.32,16.56
EMKAY,15.03,15.03
SWELECTES,30.8,65.04
RATNAMANI,40.22,40.22
JKLAKSHMI,21.7,21.99
ALLCARGO,43.09,56.67
VOLTAMP,58.88,58.88
ATLANTAA,.74,5.29
SELAN,36.23,36.23
HOVS,33.37,33.37
GEECEE,21.36,21.36
INSPIRISYS,72.09,72.09
GESHIP,7.52,7.52
SOBHA,398.64,398.71
NFL,113.13,113.13
AVTNPL,25.29,25.29
TIDEWATER,35.88,35.88
AUTOIND,32.36,32.44
PGIL,27.85,27.76
FSL,36.08,36.08
INDIANB,9.18,9.18
ICRA,37.22,37.22
AROGRANITE,59.27,59.27
NDLVENTURE,219.3,219.3
FORTIS,59.64,60.81
V2RETAIL,110.89,110.89
CENTRALBK,18.36,18.36
ISMTLTD,24.99,23.21
NAGREEKCAP,1.03,1.03
CENTUM,,371.4
MANGCHEFER,10.95,10.95
BAJAJELEC,85.45,85.45
EDELWEISS,12.26,12.26
RGL,12.91,12.91
COLPAL,64.76,64.76
ECLERX,22.99,22.93
BRIGADE,73.51,73.51
DVL,32.19,32.19
PATINTLOG,30.27,30.27
ARIES,20.68,20.68
CEATLTD,17.85,16.76
KNRCON,15.7,15.7
ONMOBILE,62.44,62.44
SEPC,145.57,145.57
NAHARCAP,14.45,14.45
VGUARD,68.2,68.2
DPSCLTD,124.58,124.58
TITAGARH,78.51,78.05
BAJAJ-AUTO,34.51,34.51
DIGISPICE,19.96,45.85
RPGLIFE,35.53,35.53
RBL,16.21,15.87
UBL,118.89,118.89
ZFCVINDIA,74.57,74.57
TATAMTRDVR,1.3,1.27
TPHQ,26.09,26.09
MHRIL,75.32,75.32
ADANIPOWER,13.5,13.5
EXPLEOSOL,22.28,22.28
RTNPOWER,1.02,
REFEX,31.87,31.83
JSWENERGY,64.1,64.1
HINDCOPPER,104.08,104.08
WHIRLPOOL,92.42,88.27
JUBLFOOD,99.45,169.68
HATHWAY,65.02,64.22
TEXMOPIPES,48.45,15.94
PERSISTENT,62.83,62.83
KIRLOSBROS,54.05,54.8
KIRLOSIND,16.12,14.54
TI,35.25,34.52
IITL,5.92,8.29
PRAKASHSTL,3.2,8.02
KILITCH,41.98,41.98
SASTASUNDR,8.73,8.8
CANTABIL,38.44,39.19
BEDMUTHA,34.76,34.76
JWL,71.99,71.99
SHAH,7.97,137.72
IOLCP,18.79,18.79
PENIND,26.59,26.59
MOIL,27.91,27.91
KIRLOSENG,40.45,39.53
SUMMITSEC,31.47,27.64
PFS,22.8,22.8
RELAXO,108.13,108.13
DHANUKA,32.25,32.25
INVENTURE,17.23,14.98
MEGAFLEX,46.91,46.91
AMIABLE,10.63,10.63
DOLLEX,9.49,9.49
FROG,34.74,34.74
PRITIKA,60.51,60.51
VERTEXPLUS,130.93,130.93
SRIVASAVI,29.8,29.8
SAHANA,90.21,90.21
LRRPL,74.81,74.81
MCON,51.12,51.12
QFIL,23.07,23.07
MASTER,56.68,56.68
SYSTANGO,21.95,21.95
AUROIMPEX,15.66,15.66
SPECTSTM,20.63,20.63
INFOLLION,36.32,36.32
INFINIUM,56.37,56.37
AATMAJ,68.76,68.76
SEL,99.77,99.77
GREENCHEF,37.21,37.21
MAGSON,27.86,27.86
MONOPHARMA,27.41,27.41
SSFL,75.56,75.56
SAHAJ,28.87,28.87
GLOBALPET,46.53,46.53
PRAMARA,44,44
ZEAL,22.55,22.55
UNIHEALTH,17.79,17.79
CHAVDA,20.55,20.55
PLADAINFO,9.95,9.95
SCML,22.37,22.37
MAL,9.11,9.11
BASILIC,52.05,52.05
MADHUSUDAN,28.21,28.21
GOYALSALT,37.42,37.42
HOLMARC,33.08,33.08
MARCO,33.87,33.87
KONTOR,101.92,101.92
CANARYS,54.66,54.66
DIGIKORE,94.33,94.33
PARAGON,19.74,19.74
MANAKALUCO,41.3,41.3
ZENTEC,88.44,89.49
LFIC,6.38,6.38
VRLLOG,57.11,57.38
TPLPLASTEH,47.43,47.43
PNCINFRA,14.43,14.43
ALANKIT,29.88,29.88
SHYAMCENT,492.33,492.33
SYNGENE,64.9,67.21
AYMSYNTEX,316.69,73.71
MUTHOOTCAP,4.56,108.28
POWERMECH,39.15,39.15
NAVKARCORP,403.88,403.88
INDIGO,22.12,22.12
LUXIND,49.92,49.92
TTKHLTCARE,34.87,34.87
SALZERELEC,34.46,34.46
LINCOLN,14.17,14.17
LALPATHLAB,71.23,71.23
OCCL,6.72,6.72
HITECH,50.48,50.48
VIDHIING,60.94,60.94
KELLTONTEC,22.4,22.4
PDMJEPAPER,11.87,11.87
THYROCARE,54.04,53.93
ARMANFIN,11.53,11.53
ASPINWALL,22.19,22.19
NEWGEN,53.45,53.45
AMBER,83.57,83.57
SUNPHARMA,42.31,40.56
HCC,18.5,
IVP,16.93,16.93
EICHERMOT,38.19,38.19
ZENSARTECH,27.54,27.54
TAINWALCHM,39.2,39.2
JYOTISTRUC,85.3,85.3
MUNJALSHOW,21.48,20.19
RANASUG,14.24,14.24
WSI,18.34,18.13
SUBROS,47.23,47.23
WIPRO,24.16,24.16
MURUDCERA,67.45,67.45
KAJARIACER,57.63,57.59
3PLAND,35.17,35.17
SAIL,23.28,18.43
IDBI,17.87,17.87
DHAMPURSUG,10.84,10.84
FMGOETZE,17.98,17.98
KANSAINER,36.93,36.93
SCHAEFFLER,72.45,72.18
MFSL,95.62,95.62
GODFRYPHLP,30.48,30.48
SUDARSCHEM,18.2,58.04
HINDALCO,14.62,14.64
AMBUJACEM,35.23,36.91
CGPOWER,123.49,126.29
BEL,55.42,55.42
PEARLPOLY,80.79,80.79
TTKPRESTIG,59.34,59.34
EIMCOELECO,38.81,38.81
BIOFILCHEM,154.11,154.11
SANGAMIND,50.54,44.14
CREST,21.65,21.65
TVSSRICHAK,31.18,29.72
GUJAPOLLO,28.06,28.06
GMMPFAUDLR,35.67,35.67
BDL,88.44,88.44
SUNDARMHLD,31.35,31.35
HAL,43.62,43.62
SANDHAR,35.24,36.11
LEMONTREE,64.25,64.25
ORIENTELEC,79.95,99.41
INDOSTAR,27.95,27.95
FINEORG,43.44,43.39
VARROC,19.46,19.46
HDFCAMC,42.38,42.38
SIGIND,15.24,15.24
DALBHARAT,40.62,36.32
CHALET,74.3,74.3
PAKKA,24.94,24.94
ORIENTCEM,40.66,40.66
SKIPPER,44.82,44.82
SATIN,5.65,5.65
GUJGASLTD,40.86,42.49
BALAXI,,16.75
PILANIINVS,38.34,38.34
PRECAM,46.84,72.61
BHAGERIA,40.85,40.85
KDDL,32.06,32.13
INFIBEAM,54.29,54.29
CROMPTON,64.87,64.87
ALBERTDAVD,9.94,9.94
INTENTECH,23.69,23.69
CLEDUCATE,29.19,31.18
DOLLAR,31.42,31.21
PSPPROJECT,22.12,22.12
GTPL,20.25,20.25
AVADHSUGAR,10.06,10.06
OPTIEMUS,78.1,78.1
APEX,60.36,60.36
GODREJAGRO,53.65,53.65
GICRE,10.85,10.85
IFGLEXPOR,27.8,27.8
SHALBY,39.88,39.88
APOLLO,118.36,118.36
AAVAS,26.81,26.81
ANUP,34.88,34.88
PENINLAND,16.13,22.77
WHEELS,32.14,32.14
RIIL,187.26,187.26
PREMIERPOL,23.28,23.28
SESHAPAPER,9.9,9.9
FACT,458.31,171
EXIDEIND,51.41,51.41
ELECON,40.77,40.77
LAXMIMACH,45.15,45.15
ORIENTPPR,183.78,183.78
NELCO,91.48,91.48
MAHSCOOTER,51.69,53.38
LUMAXIND,51.7,51.7
KECL,111.86,111.86
KCP,11.86,11.83
JAYBARMARU,41.72,41.72
INFY,29.22,29.22
IFBIND,65.37,65.37
IGPL,49.83,49.83
GNFC,21.6,21.6
BPCL,8.35,8.09
SALONA,25.66,25.66
PREMEXPLN,134.95,134.95
MAHASTEEL,36.57,44.95
DAMODARIND,50.25,50.25
MGL,15.61,15.61
POKARNA,25.7,25.7
GPTINFRA,34.59,34.59
ADVENZYMES,34.23,31.88
SPAL,24.49,24.49
NDGL,13.46,13.46
RBLBANK,11.14,11.14
BIGBLOC,61.55,61.55
LTTS,42.07,42.07
GNA,19.24,19.24
MARATHON,23.18,23.18
HPL,88.92,88.92
ENDURANCE,53.68,53.68
MAZDA,18.2,18.2
PNBHOUSING,12.71,12.71
KINGFA,27.53,27.53
NBIFIN,76.33,76.33
SFL,51.6,63.76
LAURUSLABS,162.7,162.7
ITDC,104.1,103.99
HISARMETAL,16.77,16.77
SPCENET,159.88,159.88
BHANDARI,17.99,17.99
BSE,46.66,95.75
JITFINFRA,25.36,30.69
TASTYBITE,63.16,63.16
URJA,392.72,392.72
NRAIL,6.44,6.44
STARCEMENT,29.28,29.28
CDSL,60.94,60.94
AUBANK,29.33,28.26
SALASAR,58.93,58.93
GANGESSECU,47.46,47.46
THEINVEST,65.94,65.94
COCHINSHIP,89.94,89.94
ABCAPITAL,18.51,18.51
MATRIMONY,28.83,28.83
ICICIGI,57.89,57.89
DIAMONDYD,40.21,39.63
MASFIN,19.53,19.53
TIINDIA,68.3,68.31
KHADIM,123.71,123.71
DNAMEDIA,.5,
ASAHISONG,26.09,205.89
BROOKS,157.47,157.47
TDPOWERSYS,54.28,54.28
APLLTD,37.41,37.41
PGEL,61.5,61.5
PANAMAPET,13.16,13.16
PAISALO,34.36,34.43
SHAKTIPUMP,36.48,36.48
INDOTHAI,17.56,17.56
DSSL,30.9,30.9
POLYMED,70.55,70.55
VIKASECO,98.17,98.17
KANANIIND,101,101
MINDACORP,51.79,51.79
DBSTOCKBRO,18.16,18.16
SCHNEIDER,110.63,108.52
NDL,16,16
TBZ,18.13,18.13
VSSL,23.51,23.51
SPECIALITY,28.91,28.91
MAYURUNIQ,22.76,22.76
ROSSELLIND,181.75,180.25
ZUARI,6.21,6.21
CARERATING,29.52,29.52
REPCOHOME,8.48,8.48
JUSTDIAL,25.6,25.6
ATULAUTO,285.21,285.21
PILITA,62.08,62.08
JPOLYINVST,29.5,29.5
AGRITECH,14.91,14.91
SDBL,25.27,25.27
AGARIND,16.28,16.28
HATSUN,84.5,84.5
GULFOILLUB,19.54,19.54
CIGNITITEC,28.24,27.65
MONTECARLO,23.96,23.96
APOLSINHOT,38.53,38.53
MOLDTKPAC,40.55,40.55
GREENLAM,57.91,57.91
MENONBE,10.64,10.64
MMFL,21.78,21.94
JCHAC,4085.1,207.27
GUJRAFFIA,55.84,55.84
KOTHARIPET,16.03,15.96
BANKBARODA,7.2,7.2
INDNIPPON,30.01,30.01
HUDCO,29.82,29.82
REPRO,80.38,80.38
HAVELLS,81.83,81.83
AXISCADES,73.23,73.23
TIPSINDLTD,56.17,56.17
HIKAL,62.65,62.65
MARKSANS,29.48,29.48
UNITDSPR,72.34,72.52
MPSLTD,30.77,30.77
APTECHT,44.05,37.86
NUCLEUS,21.25,21.25
DIVISLAB,81.5,81.5
UCOBANK,34.37,34.37
JAIBALAJI,17.95,17.95
UPL,,20.73
BIOCON,31.23,31.12
POONAWALLA,16.53,23.61
NIITLTD,42.13,41.87
COFORGE,52.68,53.28
ASTRAMICRO,78.92,78.92
INDOCO,40.26,43.77
JSWSTEEL,29.17,31.13
SAKSOFT,32.19,32.19
JKPAPER,9.18,9.18
MSPL,81.86,66.89
IDFC,557.1,557.1
FCSSOFT,,73.33
DCBBANK,7.36,7.36
LTFOODS,17.81,17.81
RUCHIRA,8.26,8.26
PLASTIBLEN,20.89,20.89
WANBURY,12.09,22.26
UNOMINDA,82.3,84.37
CTE,42.25,42.25
REDINGTON,13.55,13.55
SMSPHARMA,49.46,49.46
RAJTV,470.11,470.11
BANSWRAS,17.13,17.13
ZENITHSTL,23.5,23.5
SRHHYPOLTD,13.99,12.69
KMSUGAR,13.63,13.63
NELCAST,23.72,33.81
MEGASOFT,71.66,71.66
CIEINDIA,28.06,28.06
MOTILALOFS,13.59,13.59
MAGNUM,15.82,21.85
POWERGRID,20.74,20.74
DELTACORP,18.52,23.17
CERA,48.94,48.7
BVCL,21.47,21.47
VINATIORGA,64.46,64.46
NHPC,26.34,26.34
OIL,14.54,14.6
AMRUTANJAN,49.19,49.19
DEN,12.5,12.5
SHILPAMED,186.72,207.34
DLINKINDIA,23.18,23.18
DBCORP,13.5,13.5
BEARDSELL,17.83,17.83
NESTLEIND,73.03,73.24
VASCONEQ,33.99,33.99
SJVN,65.34,70.28
IMFA,10.09,10.09
BAJAJCON,25.25,25.25
WELINV,109.54,109.54
ASHOKA,12.58,14.52
CGCL,46.41,46.41
JINDWORLD,100.42,100.42
ZEELEARN,1.96,7.33
JUBLINDS,76.67,35.75
DHUNINV,13.5,13.5
PIIND,39.81,39.81
OMINFRAL,41.95,41.95
DELPHIFX,17.17,17.17
RUSHIL,21.91,21.91
LTF,18.15,18.15
EMKAYTOOLS,12.62,12.62
KKVAPOW,138.03,138.03
VSCL,1069.39,1069.39
TRANSWIND,25.37,25.37
RMDRIP,78,78
TIRUPATI,53.78,53.78
BETA,34.61,34.61
PULZ,15.03,15.03
INNOVANA,25.09,25.09
MHHL,9.98,9.98
VERA,22.93,22.93
PARIN,138.3,138.3
SHUBHLAXMI,23.22,23.22
ABINFRA,72.03,73.07
GOLDKART,245.55,245.55
PARTYCRUS,21.02,21.02
NPST,6238.5,6238.5
WALPAR,41.02,41.02
AILIMITED,69.28,69.28
ABCOTS,47.98,47.98
DKEGL,11.54,11.54
DESTINY,21.74,21.74
FOCE,31.77,31.77
JSLL,42.95,42.95
EUROBOND,61.84,61.84
SHIGAN,43.02,43.02
SPRL,29.35,29.35
SONUINFRA,20,20
LEMERITE,250.88,250.88
KRISHNADEF,113.02,113.02
AMEYA,34.19,34.19
SKP,63.71,63.71
MWL,27.87,27.87
SABAR,14.88,14.88
SWASTIK,150.12,150.12
VIVIANA,118.6,118.6
KORE,192.95,188.75
ALLETEC,242.94,242.94
CLOUD,3.89,3.89
SAKHTISUG,3.96,
AKZOINDIA,31.53,31.53
HINDZINC,34.93,34.93
GRASIM,18.68,17.95
FINCABLES,39.18,45.94
DCM,35.33,35.33
CESC,15.83,19.28
BAJFINANCE,28.31,28.31
CORALFINAC,10.82,10.82
GREENPLY,53.29,61.54
REMSONSIND,48.8,47.85
DALMIASUG,12.24,12.24
SWARAJENG,27.04,27.04
MRF,28.52,28.52
TNPETRO,18.6,14.91
JAYAGROGN,16.63,16.63
SAMBHAAV,68.05,90.07
ZENITHEXPO,528.83,528.83
SUNDRMBRAK,31.43,31.43
AARTIDRUGS,29.86,29.86
INDIANCARD,20.56,
DENORA,42.8,42.8
DYNAMATECH,40.64,77.83
JAGSNPHARM,45.48,45.48
MPHASIS,35.26,35.26
RAMCOIND,29.31,29.31
INDRAMEDCO,20.07,20.07
MADRASFERT,344.14,34.24
SKMEGGPROD,8.42,8.42
BANKINDIA,8.97,8.97
ICICIBANK,18.25,18.25
INDSWFTLAB,2.66,11.43
SAREGAMA,54.64,54.64
ENGINERSIN,41.39,41.39
JAICORPLTD,125.9,125.9
GMDCLTD,21.83,21.83
INDUSINDBK,12.34,12.34
ASAHIINDIA,51.71,51.71
J&KBANK,6.65,6.65
CUB,12.16,12.16
SOUTHBANK,6.12,6.12
ASTRAZEN,108.23,116.65
AXISBANK,13.51,13.51
CYIENT,28.65,27.02
EXCELINDUS,93.84,93.84
LT,32.74,32.88
ULTRACEMCO,48.78,48.59
TEXINFRA,455.47,455.47
INDSWFTLTD,9.37,9.37
WELENT,21.34,21.34
JBMA,135.51,135.51
DWARKESH,16.87,16.87
SUPRAJIT,43.47,43.47
XCHANGING,110.41,110.41
CONSOFINVT,14.42,14.42
EVEREADY,74.37,74.37
GOKEX,53.03,53.03
SSWL,5.52,16.19
CYBERMEDIA,13.59,10.35
PRIMESECU,34.36,38.76
JSWHL,66.22,66.22
GENUSPOWER,89.31,89.31
NECLIFE,139.64,139.64
GOLDIAM,22.37,22.37
SASKEN,32.46,32.46
SUZLON,107.86,100.65
TRIVENI,23.34,23.34
NAHARINDUS,71.97,59.54
VIMTALABS,30.05,30.05
CELEBRITY,54.86,56.1
ROHLTD,20.82,20.82
GSPL,9.01,9.19
JAGRAN,13.35,13.35
SAKUMA,23.9,23.9
JKCEMENT,40.17,40.63
INDOTECH,45.92,45.92
M&MFIN,18.63,18.63
KEI,63.75,63.73
VAKRANGEE,532.39,579.17
SOLARINDS,112.56,112.56
MALUPAPER,92.96,92.96
UTTAMSUGAR,9.68,9.68
SUNTV,18.09,18.09
RSYSTEMS,43.37,43.37
LOKESHMACH,56.57,56.57
BALPHARMA,25.17,25.17
ADSL,28.19,28.19
ALPA,11.43,11.46
KPRMILL,37.84,37.84
PURVA,224.31,224.31
INDOWIND,50.25,43.91
KSCL,19.15,19.15
MAANALU,22.61,22.61
RELIGARE,24.17,50.79
ADANIPORTS,40.41,38.87
JYOTHYLAB,52.46,52.46
KALYANIFRG,45.15,45.15
HITECHCORP,18.86,18.86
TRIL,141.03,141.03
MANAKSIA,8.31,6.29
AMBIKCO,19.13,19.13
BIRLAMONEY,16.15,16.15
JKIL,19.38,19.38
CORDSCABLE,28.63,28.63
HERCULES,56,56
IRB,43.73,43.73
NMDC,12.78,12.32
GSS,33.49,33.49
RECLTD,11.55,11.55
NESCO,18.33,18.33
BAJAJFINSV,16.3,16.3
GOKUL,243.4,19.1
ALMONDZ,22.44,58.93
RANEENGINE,24.05,19.54
ARCHIDPLY,28.92,28.92
LOTUSEYE,47.76,48.22
VINYLINDIA,34.23,34.23
20MICRONS,16.61,16.29
JOCIL,107.33,107.33
COUNCODOS,35.3,35.3
MAWANASUG,12.33,12.33
AJMERA,25.07,25.07
GKWLIMITED,149.84,149.84
EXCEL,55.44,55.44
GLOBUSSPR,28.43,28.43
SUNTECK,124.41,124.41
ZYDUSWELL,56.83,53.96
SARDAEN,19.25,19.17
AHLUCONT,25.54,41.02
GODREJPROP,122.97,122.97
MMTC,245.02,347.59
TRF,15.36,15.36
UNITEDTEA,13.3,13.3
THANGAMAYL,40.43,40.43
EMMBI,19.13,19.13
LGBBROSLTD,17.01,17.34
ISFT,22.29,22.29
KSL,21.07,21.07
HMVL,207.74,207.74
BLISSGVS,14.33,7.08
AHLEAST,7.07,9.24
UGARSUGAR,45.32,45.32
ADFFOODS,35.49,35.49
CAREERP,16.98,16.98
GREENPOWER,55.91,65.22
WABAG,32.47,31.56
PRESTIGE,45.81,45.81
RESPONIND,47.87,47.87
GRAVITA,44.12,44.12
RPPINFRA,12.75,12.75
RKDL,,346.99
STEL,62.05,62.05
HINDMOTORS,28.69,28.69
TEXRAIL,114.67,114.67
LOVABLE,69.14,69.14
VADILALIND,21.35,21.35
SYMPHONY,56.53,56.07
VSTTILLERS,30.47,30.47
KARMAENG,862.73,862.73
MAITHANALL,9.08,9.08
ELGIRUBCO,38.51,109.03
JISLJALEQS,54.63,54.63
OLECTRA,178.11,194.09
KAMDHENU,28.05,28.05
PIONEEREMB,41.42,41.42
MUNJALAU,24.42,16.94
EMAMILTD,47.77,47.45
TECHM,58.86,58.93
GRINDWELL,77.84,77.79
ACE,52.06,52.06
ANANTRAJ,62.5,62.5
TALBROAUTO,24.16,34.95
ALICON,15.77,15.77
FIEMIND,21.76,21.76
NAUKRI,125.01,116.5
TORNTPOWER,32.61,32.61
MANALIPETC,91.17,80.26
DONEAR,20.67,20.67
VENUSREM,19.25,19.25
HIRECT,104.45,74.63
PARACABLES,28.2,28.2
TANLA,23.48,23.48
SARLAPOLY,21.74,21.74
PTL,26.41,26.41
PITTIENG,47.1,47.1
IZMO,26.99,26.99
ORIENTBELL,7038.97,7038.97
TTL,58.49,58.49
TFL,168.31,168.31
PAGEIND,83.3,83.3
LAOPALA,28.13,28.13
ASTRAL,108,108
THEMISMED,77.13,77.13
BALAMINES,34.35,34.35
BFUTILITIE,13.14,13.14
ALPHAGEO,287.74,42.29
HILTON,28.69,28.69
INSECTICID,23.09,23.09
NAVINFLUOR,69.1,83.39
NAGREEKEXP,20.32,20.32
HGS,28.75,28.75
DLF,128.3,128.3
KOKUYOCMLN,38.87,38.87
DHANBANK,19.65,19.65
SANGHVIMOV,25.86,25.86
NATIONALUM,17.07,20.2
JINDALSTEL,17.82,17.82
NIPPOBATRY,30.51,30.51
HCLTECH,26.91,26.91
ACCELYA,29.07,29.14
IOB,45.42,45.42
BIL,49,49
KTKBANK,6.75,6.75
BLBLIMITED,36.38,36.38
BLUESTARCO,85.64,85.64
TVSMOTOR,65.1,65.1
PNC,41.87,41.87
TAJGVK,27.76,27.76
CHENNPETRO,6.09,6.09
KRBL,12.1,12.1
GAEL,18.62,18.62
BALAJITELE,38.13,38.13
KHANDSE,295.43,295.43
GODREJCP,,78.56
LUPIN,43.88,43.88
BHARTIARTL,143.11,91.44
PONNIERODE,11.86,11.86
PNB,12.76,12.76
OFSS,41.24,41.24
CANBK,6.42,6.42
OMAXAUTO,21.15,
MARUTI,30.68,30.68
BAGFILMS,21.93,21.93
JSL,23.56,24.3
IGL,24.16,24.16
UNIENTER,29.4,29.4
PTC,12.6,12.32
VAIBHAVGBL,43.35,41.49
XPROINDIA,48.09,46.28
BASF,46.93,46.93
ARVIND,30.43,30.53
ACC,21.91,24.82
SCI,21.81,21.81
LINDEINDIA,159.84,159.84
HINDPETRO,10.04,10.04
ASHOKLEY,28.14,27.57
TITAN,88.11,88.11
SUNDARMFIN,33.93,32.44
VEDL,23.21,34.78
SBIN,11.43,10.61
NOCIL,38.53,38.53
DRREDDY,20.46,20.46
CHAMBLFERT,17.32,17.32
HINDOILEXP,15.58,18.06
BALMLAWRIE,24.07,24.07
ADORWELD,30.76,30.76
TATACHEM,74.32,22.57
ATFL,379.23,779.93
SUPREMEIND,67.36,67.36
SRF,61.58,61.58
WEIZMANIND,19.86,19.86
JTEKTINDIA,50.87,53.68
RANEHOLDIN,26.57,12.43
SANDESH,6.73,6.73
ADANIENT,105.53,98.37
INDBANK,26.57,26.57
GET&D,205.14,205.14
TIL,8.85,
BANARISUG,26.39,26.39
IGARASHI,195.91,195.91
BSL,19.95,19.95
JAYNECOIND,21.85,20.05
HSCL,47.5,47.5
RCF,53.27,63.39
DECCANCE,25.68,19.38
ADVANIHOTR,25.87,25.87
SUNFLAG,31.57,31.57
BHARATRAS,57.12,57.13
UNIVCABLES,81.96,81.96
SOMANYCERA,31.87,31.8
SANOFI,30.63,28.79
PRSMJOHNSN,56.88,
PIDILITIND,91.65,89.1
OSWALAGRO,343.62,340.23
JINDALSAW,11.55,11.55
CANFINHOME,14.79,14.79
ELECTCAST,17.42,17.42
CIPLA,28.48,27.52
HEROMOTOCO,28.18,27.31
HARRMALAYA,,1726.98
GIPCL,18.14,18.14
INDIANHUME,35.01,35.01
HINDCOMPOS,25.06,25.06
KAMATHOTEL,13.28,44.65
BANCOINDIA,20.29,20.29
APOLLOTYRE,20.65,19.91
SHANTIGEAR,57.74,57.74
PRECWIRE,39.8,39.8
NILKAMAL,26.73,26.73
ICIL,23.15,23.15
SEAMECLTD,33.06,33.06
AUROPHARMA,25.74,24.9
EIHOTEL,42.73,42.27
LICHSGFIN,8.95,8.95
GICHSGFIN,9.38,9.38
MOREPENLAB,32.12,32.12
WSTCSTPAPR,5.31,5.31
VENKEYS,35.73,35.73
GHCL,6.86,8.99
HIL,63.39,1185.92
BPL,44.69,44.69
PGHH,74.23,74.23
VESUVIUS,41.48,41.48
BOMDYEING,1.61,
NAVNETEDUL,18.65,20.32
GLAXO,77.41,69.11
CHOLAFIN,32.69,32.69
INDHOTEL,75.08,75.08
GILLETTE,65.76,65.76
FOSECOIND,46.35,46.57
ESABINDIA,60.6,60.6
AARTIIND,64.66,64.66
PRAKASH,10.12,10.12
HEG,36.85,36.85
TIMKEN,80.82,80.82
TIMESGTY,65.93,65.93
GENESYS,133.29,133.29
NSIL,42.05,42.05
DREDGECORP,96.73,94.7
PETRONET,14.03,14.14
DATAMATICS,19.66,19.66
APARINDS,44.32,44.32
GUFICBIO,41.88,41.88
KOTARISUG,17.05,17.05
PATELENG,16.91,22.37
JPPOWER,11.23,8.1
IIFL,9.42,9.42
SHOPERSTOP,214.91,184.98
GRANULES,29.01,29.01
GEOJITFSL,16.17,16.17
SPLIL,16.34,16.33
RML,69.77,13.66
JMFINANCIL,359.83,9.88
JINDRILL,16.79,16.79
HBLPOWER,66.1,61.5
LUMAXTECH,23.34,23.34
GANDHITUBE,19.36,19.36
TIIL,30.7,29.95
PFC,9.05,9.05
JKTYRE,14.34,14
NCLIND,11.56,11.56
PHOENIXLTD,49.85,49.85
TIMETECHNO,24.77,24.77
TARMAT,,129.72
DBREALTY,8.74,9.3
MANINFRA,26.48,26.48
MANAPPURAM,8.24,8.24
GPPL,33.76,30.85
DEEPAKNTR,51.77,55.95
RAMKY,15.62,15.62
OBEROIRLTY,30.47,30.47
COALINDIA,9.98,9.98
JAMNAAUTO,27.02,27.02
PSB,72.71,72.71
KICL,40,53.29
HFCL,52.28,52.28
MUTHOOTFIN,16.25,16.25
ASHIANA,48.29,48.29
