SERIES,SYMBOL,SECURITY,RECORD_DT,BC_STRT_DT,BC_END_DT,EX_DT,ND_STRT_DT,ND_END_DT,PURPOSE
BE,CANBK,Canara Bank,15/05/2024, , ,15/05/2024, , ,FVSPLT FRM RS 10 TO RS 2 
BE,BHAGCHEM,Bhagiradha Chem & Inds L,02/05/2024, , ,02/05/2024, , ,FVSPLT FRM RS 10 TO RE 1 
BE,OFSS,Oracle Fin Serv Soft Ltd.,07/05/2024, , ,07/05/2024, , ,INTDIV - RS 240 PER SH   
BE,SANOFI,Aventis Pharma Limited,03/05/2024, , ,03/05/2024, , ,DIV - RS 117 PER SH      
BE,AJOONI,Ajooni Biotech Limited,02/05/2024, , ,02/05/2024, , ,RIGHTS 1:1 @ PRM RS 3/-  
BE,CRISIL,CRISIL Limited,03/05/2024, , ,03/05/2024, , ,INTDIV - RS 7 PER SH     
BE,ABB,ABB India Limited, ,05/05/2024,11/05/2024,03/05/2024, , ,AGM/DIV RS 23.80 PER SH  
BE,ANSALAPI,AnsalProperties-Roll Sett, ,26/04/2024,02/05/2024,25/04/2024, , ,ANNUAL GENERAL MEETING   
EQ,NIF100IETF,ICICI Pru Nifty 100 ETF,10/05/2024, , ,10/05/2024, , ,FVSPLT FRM RS 10 TO RE 1 
EQ,AJOONI,Ajooni Biotech Limited,02/05/2024, , ,02/05/2024, , ,RIGHTS 1:1 @ PRM RS 3/-  
EQ,OFSS,Oracle Fin Serv Soft Ltd.,07/05/2024, , ,07/05/2024, , ,INTDIV - RS 240 PER SH   
EQ,CANBK,Canara Bank,15/05/2024, , ,15/05/2024, , ,FVSPLT FRM RS 10 TO RS 2 
EQ,BHAGCHEM,Bhagiradha Chem & Inds L,02/05/2024, , ,02/05/2024, , ,FVSPLT FRM RS 10 TO RE 1 
EQ,ANSALAPI,Ansal Properties & Ind Lt, ,26/04/2024,02/05/2024,25/04/2024, , ,ANNUAL GENERAL MEETING   
EQ,ABB,ABB India Limited, ,05/05/2024,11/05/2024,03/05/2024, , ,AGM/DIV RS 23.80 PER SH  
EQ,ALPL30IETF,ICICIPRAMC - ICICIALPLV,10/05/2024, , ,10/05/2024, , ,FVSPLT FRM RS 10 TO RE 1 
EQ,CRISIL,CRISIL Limited,03/05/2024, , ,03/05/2024, , ,INTDIV - RS 7 PER SH     
EQ,QUAL30IETF,ICICIPRAMC - ICICIQTY30,10/05/2024, , ,10/05/2024, , ,FVSPLT FRM RS 10 TO RE 1 
EQ,MIDSELIETF,ICICI Pru Midcap Sel ETF,10/05/2024, , ,10/05/2024, , ,FVSPLT FRM RS 10 TO RE 1 
EQ,FMCGIETF,ICICIPRAMC - ICICIFMCG,10/05/2024, , ,10/05/2024, , ,FVSPLT FRM RS 10 TO RE 1 
EQ,SANOFI,Aventis Pharma Limited,03/05/2024, , ,03/05/2024, , ,DIV - RS 117 PER SH      
EQ,MIDCAPIETF,ICICIPRAMC - ICICIM150,10/05/2024, , ,10/05/2024, , ,FVSPLT FRM RS 10 TO RE 1 
GS,GS100524C,GOI STRIPS C 100524,08/05/2024, , , , , ,REDEMPTION               
N5,NAVIFIN,Sec Re NCD 10.25% Sr.II,03/05/2024, , ,03/05/2024, , ,INTEREST PAYMENT         
N7,NAVIFIN,Sec Re NCD 10.50% Sr.IV,03/05/2024, , ,03/05/2024, , ,INTEREST PAYMENT         
NF,DHANILOANS,Dhani Loans & Serv Ltd,04/05/2024, , ,03/05/2024, , ,INTEREST PAYMENT         
SG,582TS24,SDL TS 5.82% 2024,09/05/2024, , , , , ,REDEMPTION               
SG,565KL24,SDL KL 5.65% 2024,09/05/2024, , , , , ,REDEMPTION               
SG,56HR24,SDL HR 5.6% 2024,16/05/2024, , , , , ,REDEMPTION               
SG,538RJ24,SDL RJ 5.38% 2024,22/05/2024, , , , , ,REDEMPTION               
SM,SABAR,Sabar Flex India Limited, ,30/04/2024,06/05/2024,29/04/2024, , ,ANNUAL GENERAL MEETING   
SM,REMUS,Remus Pharmaceuticals L,02/05/2024, , ,02/05/2024, , ,INTDIV - RS 4 PER SH     
SQ,REMUS,Remus Pharmaceuticals L,02/05/2024, , ,02/05/2024, , ,INTDIV - RS 4 PER SH     
SQ,SABAR,Sabar Flex India Limited, ,30/04/2024,06/05/2024,29/04/2024, , ,ANNUAL GENERAL MEETING   
ST,SABAR,Sabar Flex India Limited, ,30/04/2024,06/05/2024,29/04/2024, , ,ANNUAL GENERAL MEETING   
ST,REMUS,Remus Pharmaceuticals L,02/05/2024, , ,02/05/2024, , ,INTDIV - RS 4 PER SH     
U5,NAVIFIN,Sec Re NCD 10.25% Sr.II,03/05/2024, , ,03/05/2024, , ,INTEREST PAYMENT         
U7,NAVIFIN,Sec Re NCD 10.50% Sr.IV,03/05/2024, , ,03/05/2024, , ,INTEREST PAYMENT         
UF,DHANILOANS,Dhani Loans & Serv Ltd,04/05/2024, , ,03/05/2024, , ,INTEREST PAYMENT         

