GAIN_LOSS,SECURITY,CLOSE_PRIC,PREV_CL_PR,PERCENT_CG
 ,Nifty 50 Sec., , , 
 , , , , 
G,ICICI BANK LTD.,      1160.15,      1107.90,4.72
G,STATE BANK OF INDIA,       826.50,       801.30,3.14
G,INDUSIND BANK LIMITED,      1487.25,      1446.40,2.82
G,ULTRATECH CEMENT LIMITED,      9964.45,      9700.90,2.72
G,AXIS BANK LIMITED,      1159.25,      1130.30,2.56
G,KOTAK MAHINDRA BANK LTD,      1640.40,      1608.50,1.98
G,NTPC LTD,       363.00,       356.00,1.97
G,GRASIM INDUSTRIES LTD,      2386.60,      2342.45,1.88
G,BHARAT PETROLEUM CORP  LT,       618.80,       609.45,1.53
G,BAJAJ FINANCE LIMITED,      6826.60,      6731.20,1.42
G,HDFC BANK LTD,      1529.50,      1509.80,1.3
G,TATA CONSULTANCY SERV LT,      3870.20,      3821.35,1.28
G,NESTLE INDIA LIMITED,      2509.80,      2482.75,1.09
G,SUN PHARMACEUTICAL IND L,      1521.60,      1506.55,1
G,TATA STEEL LIMITED,       167.40,       165.80,.97
G,JSW STEEL LIMITED,       895.75,       887.25,.96
G,RELIANCE INDUSTRIES LTD,      2930.05,      2905.10,.86
G,ASIAN PAINTS LIMITED,      2868.20,      2844.15,.85
G,MAHINDRA & MAHINDRA LTD,      2062.05,      2044.90,.84
G,LARSEN & TOUBRO LTD.,      3634.30,      3605.20,.81
G,TECH MAHINDRA LIMITED,      1288.30,      1278.75,.75
G,DR. REDDY S LABORATORIES,      6297.10,      6252.10,.72
G,TITAN COMPANY LIMITED,      3604.85,      3584.80,.56
G,SBI LIFE INSURANCE CO LTD,      1422.35,      1415.25,.5
G,POWER GRID CORP. LTD.,       293.70,       292.25,.5
G,BHARTI AIRTEL LIMITED,      1332.45,      1326.00,.49
G,INFOSYS LIMITED,      1434.75,      1430.25,.31
G,HINDUSTAN UNILEVER LTD.,      2226.10,      2222.65,.16
G,HINDALCO  INDUSTRIES  LTD,       650.05,       649.30,.12
G,TATA MOTORS LIMITED,      1000.60,       999.50,.11
 , , , , 
L,HCL TECHNOLOGIES LTD,      1387.40,      1473.85,-5.87
L,APOLLO HOSPITALS ENTER. L,      5968.35,      6258.60,-4.64
L,BAJAJ AUTO LIMITED,      8760.10,      8974.30,-2.39
L,HDFC LIFE INS CO LTD,       575.10,       587.85,-2.17
L,LTIMINDTREE LIMITED,      4743.95,      4788.05,-0.92
L,HERO MOTOCORP LIMITED,      4457.70,      4491.60,-0.75
L,DIVI S LABORATORIES LTD,      3989.25,      4016.35,-0.67
L,EICHER MOTORS LTD,      4571.85,      4601.00,-0.63
L,COAL INDIA LTD,       453.25,       455.80,-0.56
L,ADANI PORT & SEZ LTD,      1317.25,      1324.60,-0.55
L,ITC LTD,       438.20,       440.00,-0.41
L,TATA CONSUMER PRODUCT LTD,      1098.50,      1102.65,-0.38
L,WIPRO LTD,       462.95,       464.60,-0.36
L,SHRIRAM FINANCE LIMITED,      2492.20,      2498.60,-0.26
L,BAJAJ FINSERV LTD.,      1595.65,      1597.35,-0.11
L,MARUTI SUZUKI INDIA LTD.,     12689.85,     12703.35,-0.11
L,CIPLA LTD,      1408.00,      1409.15,-0.08
L,BRITANNIA INDUSTRIES LTD,      4799.85,      4800.45,-0.01
 , , , , 
 ,Nifty Next 50 Sec., , , 
 , , , , 
G,INDIAN OIL CORP LTD,       176.75,       171.55,3.03
G,ZOMATO LIMITED,       193.60,       188.10,2.92
G,INFO EDGE (I) LTD,      6068.90,      5896.85,2.92
G,TATA POWER CO LTD,       448.00,       436.90,2.54
G,VEDANTA LIMITED,       406.30,       396.55,2.46
G,POWER FIN CORP LTD.,       415.50,       406.15,2.3
G,VARUN BEVERAGES LIMITED,      1486.15,      1459.70,1.81
G,INDIAN RAILWAY FIN CORP L,       160.90,       158.05,1.8
G,BANK OF BARODA,       272.60,       268.05,1.7
G,ZYDUS LIFESCIENCES LTD,       963.10,       947.40,1.66
G,BOSCH LIMITED,     29287.15,     28877.20,1.42
G,REC LIMITED,       463.00,       457.00,1.31
G,PIDILITE INDUSTRIES LTD,      3021.10,      2982.50,1.29
G,GODREJ CONSUMER PRODUCTS,      1218.05,      1202.50,1.29
G,JINDAL STEEL & POWER LTD,       942.10,       931.85,1.1
G,TVS MOTOR COMPANY  LTD,      2036.60,      2016.50,1
G,HINDUSTAN AERONAUTICS LTD,      4017.70,      3984.40,0.84
G,ICICI LOMBARD GIC LIMITED,      1705.65,      1692.65,0.77
G,ADANI POWER LTD,       596.10,       591.60,0.76
G,GAIL (INDIA) LTD,       209.55,       208.05,0.72
G,ABB INDIA LIMITED,      6451.90,      6410.45,0.65
G,PUNJAB NATIONAL BANK,       137.25,       136.45,0.59
G,CANARA BANK,       620.85,       617.60,0.53
G,BAJAJ HOLDINGS & INVS LTD,      8187.35,      8146.65,0.5
G,SIEMENS LTD,      5776.65,      5748.50,0.49
G,HAVELLS INDIA LIMITED,      1644.45,      1640.05,0.27
G,BERGER PAINTS (I) LTD,       504.35,       503.10,0.25
G,TRENT LTD,      4314.10,      4304.85,0.21
G,INDIAN RAIL TOUR CORP LTD,      1045.25,      1044.45,0.08
G,SHREE CEMENT LIMITED,     24145.15,     24140.50,0.02
 , , , , 
L,SBI CARDS & PAY SER LTD,       724.10,       750.45,-3.51
L,DLF LIMITED,       886.10,       908.00,-2.41
L,UNITED SPIRITS LIMITED,      1180.50,      1198.95,-1.54
L,AVENUE SUPERMARTS LIMITED,      4483.80,      4553.15,-1.52
L,BHARAT ELECTRONICS LTD,       235.40,       238.95,-1.49
L,ICICI PRU LIFE INS CO LTD,       559.90,       566.25,-1.12
L,COLGATE PALMOLIVE LTD.,      2823.80,      2855.15,-1.1
L,LIFE INSURA CORP OF INDIA,       980.20,       988.05,-0.79
L,DABUR INDIA LTD,       506.70,       509.00,-0.45
L,MARICO LIMITED,       515.60,       517.85,-0.43
L,AMBUJA CEMENTS LTD,       629.65,       632.35,-0.43
L,JIO FIN SERVICES LTD,       380.50,       381.75,-0.33
L,SAMVRDHNA MTHRSN INTL LTD,       130.80,       131.10,-0.23
L,INTERGLOBE AVIATION LTD,      3927.70,      3935.35,-0.19
L,ADANI ENERGY SOLUTION LTD,      1061.00,      1062.85,-0.17
L,SRF LTD,      2636.25,      2640.80,-0.17
L,TORRENT PHARMACEUTICALS L,      2687.45,      2691.00,-0.13
L,CHOLAMANDALAM IN & FIN CO,      1170.90,      1171.70,-0.07
L,ADANI TOTAL GAS LIMITED,       919.05,       919.15,-0.01
 , , , , 
 ,OTHER SECURITIES, , , 
 , , , , 
G,SHIVALIK RASAYAN LIMITED,       693.95,       578.30,20
G,MEDICAMEN BIOTECH LIMITED,       583.00,       485.85,20
G,SHIVA MILLS LIMITED,       110.75,        92.30,19.99
G,ORISSA BENGAL CARRIER LTD,        61.95,        51.65,19.94
G,ARCHIDPLY IND. LTD,       141.00,       118.40,19.09
G,SHREE OSFM E-MOBILITY LTD,       120.35,       104.00,15.72
G,SUPREME INDUSTRIES LTD,      4955.15,      4338.45,14.21
G,CREATIVE GRAPHICS S IND L,       237.65,       208.75,13.84
G,MAXPOSURE LIMITED,       108.15,        95.35,13.42
G,SARLA PERF. FIBERS LTD,        65.30,        58.20,12.2
G,WISE TRAVEL INDIA LIMITED,       257.80,       230.25,11.97
G,AARTI SURFACTANTS LIMITED,       729.70,       652.95,11.75
G,DIGIKORE STUDIOS LIMITED,       592.10,       533.35,11.02
G,MAGADH SUGAR & ENERGY LTD,       655.45,       592.90,10.55
G,JOHNSON CONTROLS HITACHI,      1260.85,      1141.25,10.48
G,MANGALAM WORLDWIDE LTD,       173.60,       157.35,10.33
G,HARRISON MALAYALAM LTD,       188.65,       171.50,10
G,JAINAM FER ALLOYS (I) LTD,       152.90,       139.00,10
G,ORIANA POWER LIMITED,      1609.00,      1462.75,10
G,LLOYDS ENGG WORK LIMITED,        70.05,        63.70,9.97
G,HINDUSTAN MOTORS LIMITED,        31.50,        28.65,9.95
G,DB (INT) STOCK BROKERS,        55.95,        50.90,9.92
G,COUNTRY CLUB HOSP HOL LTD,        16.75,        15.25,9.84
G,AEGIS LOGISTICS LIMITED,       696.15,       635.65,9.52
G,EMKAY GLOBAL FIN SERV LTD,       178.35,       162.90,9.48
G,SMC GLOBAL SECURITIES LTD,       161.00,       147.25,9.34
G,GOKUL AGRO RESOURCES LTD,       129.10,       118.45,8.99
G,EXICOM TELE SYSTEMS LTD,       303.70,       278.85,8.91
G,SEC RE NCD SR 2,      1046.00,       960.94,8.85
G,TEJAS NETWORKS LIMITED,      1117.45,      1027.95,8.71
 , , , , 
L,BOND 8.88%PA TF TR-I S 2B,      5009.00,      5951.00,-15.83
L,BSE LIMITED,      2771.25,      3210.35,-13.68
L,LEXUS GRANITO (INDIA) LTD,        47.00,        52.90,-11.15
L,EXCEL REALTY N INFRA LTD,          .50,          .55,-9.09
L,D K ENTERPRISES GLOBAL L,        62.05,        68.10,-8.88
L,SEC RED NCD 9.7% SR.VII,      1062.00,      1159.90,-8.44
L,REMUS PHARMACEUTICALS L,      7230.20,      7838.40,-7.76
L,BLUE PEBBLE LIMITED,       277.35,       300.00,-7.55
L,MCON RASAYAN INDIA LTD,       127.95,       137.85,-7.18
L,MANGALAM ALLOYS LIMITED,        42.50,        45.50,-6.59
L,RAJ OIL MILLS LIMITED,        74.90,        79.65,-5.96
L,PASHUPATI COTSPIN LIMITED,       112.45,       119.45,-5.86
L,CRAFTSMAN AUTOMATION LTD,      4423.50,      4684.60,-5.57
L,DELAPLEX LIMITED,       234.15,       247.45,-5.37
L,FUTURE CONSUMER LIMITED,          .90,          .95,-5.26
L,NEXT MEDIAWORKS LIMITED,         7.25,         7.65,-5.23
L,PENTAGON RUBBER LIMITED,       122.30,       129.00,-5.19
L,SIGNPOST INDIA LIMITED,       324.40,       342.15,-5.19
L,ADROITINF RS.2.50 PPD UP,         4.65,         4.90,-5.1
L,SHRI TECHTEX LIMITED,        66.15,        69.65,-5.03
L,WILLIAMSON MAGOR,        34.15,        35.95,-5.01
L,RAYMOND LTD,      2002.30,      2107.75,-5
L,GLOBE INTL CARRIERS LTD,        43.70,        46.00,-5
L,VADIVARHE SPCLTY CHEM LTD,        38.95,        41.00,-5
L,ISHAN INTERNATIONAL LTD,         2.85,         3.00,-5
L,ARHAM TECHNOLOGIES LTD,       291.65,       307.00,-5
L,KPI GREEN ENERGY LIMITED,      1903.55,      2003.70,-5
L,SWELECT ENERGY SYS LTD,      1388.70,      1461.75,-5
L,SUN PHARMA ADV.RES.CO.LTD,       244.50,       257.35,-4.99
L,SRIVARI SPICES N FOODS L,       312.30,       328.70,-4.99
