SECURITY,NEW,PREVIOUS,NEW_STATUS
URAVI T AND WEDG LAMP LTD,445.45,424.9,H
TECHNO ELEC & ENG CO. LTD,1067.55,991.95,H
SMC GLOBAL SECURITIES LTD,165,154.5,H
PITTI ENGINEERING LIMITED,904,875,H
DOLPHIN OFF ENT (IND) L,434.9,414.2,H
ELECTROTHERM (I) LTD.,784.5,769.15,H
SURAJ ESTATE DEVELOPERS L,387.8,383.75,H
LLOYDS ENGG WORK LIMITED,72.65,68.1,H
MIRAEAMC - SMALLCAP,49.8,48,H
GALLANTT ISPAT LIMITED,299,293.8,H
ATMASTCO LIMITED,244.8,234.8,H
L&T FINANCE LIMITED,172.15,169.5,H
GOI TBILL 182D-03/10/24,96.99,96.96,H
GILLANDERS ARBUTHNOT LTD,86.95,86.5,H
CADSYS (INDIA) LIMITED,399.9,393.25,H
SEC RE NCD 10.75% SR XI,960,959,H
GLOSTER LIMITED,940.05,940,H
VOLTAS LTD,1477.35,1461,H
GODREJ INDUSTRIES LTD,918,911.95,H
COLGATE PALMOLIVE LTD.,2873.7,2867.45,H
DHANUKA AGRITECH LTD,1428.95,1424.65,H
CPSE ETF,87.7,86.74,H
SWELECT ENERGY SYS LTD,1492.75,1490.35,H
GKW LIMITED,2624,2555.55,H
VIVIANA POWER TECH LTD,454.5,432.9,H
CG POWER AND IND SOL LTD,565.5,564,H
DC INFOTECH AND COMUN LTD,235,234.05,H
HDFCAMC - HDFCSML250,160,159.56,H
PRUDENT CORP ADV SER LTD,1580,1557,H
MIRAEAMC - MAMFGETF,134.15,133.9,H
MOTILALAMC - MOVALUE,101,100.5,H
KOTAK PSU BANK,754.99,754.65,H
GOI TBILL 91D-06/06/24,99.07,99.06,H
GRETEX INDUSTRIES LTD.,67.95,64.75,H
POWER INSTRUMENT (G) LTD,72.9,71.5,H
SEC RE NCD SR.III,1071.11,1062.8,H
OMAX AUTOS LTD,126.5,124.05,H
DOCMODE HEALTH TECH LTD,288.2,279,H
DOMS INDUSTRIES LIMITED,1880,1868.95,H
GOI TBILL 91D-27/06/24,99.55,98.71,H
PLATINUM INDUSTRIES LTD,231.3,224,H
ADROITINF RS.2.50 PPD UP,5.1,4.9,H
SDL GJ 7.58% 2032,101,100,H
CUMMINS INDIA LTD,3336.25,3270,H
CENTUM ELECTRONICS LTD,2099,2085,H
AXISAMC - AXISCETF,105.72,105.46,H
SEC RE NCD 0% SR.II,1038,1025.55,H
TARAPUR TRANSFORMERS LTD,10.75,10.6,H
PREMIER EXPLOSIVES LTD,2780,2727.7,H
SHREE VASU LOGISTICS LTD,226.35,225,H
2.50%GOLDBONDS 2025 SR-X,7699.95,7350,H
SHAKTI PUMPS (I) LTD,1887,1856.6,H
LAGNAM SPINTEX LIMITED,158.25,153.5,H
GOI TBILL 364D-28/11/24,95.01,95,H
THEJO ENGINEERING LIMITED,3250,3214.95,H
MASK INVESTMENTS LIMITED,88.2,84,H
NIP IND ETF JUNIOR BEES,703.4,697.9,H
REDTAPE LIMITED,742,739.8,H
YUKEN INDIA LIMITED,1409,1343,H
SEC RE NCD 0% SR.VI,1232,1224,H
D. P. ABHUSHAN LIMITED,1234,1189,H
BIRLASLAMC - MOMENTUM,33.05,32.9,H
HOMESFY REALTY LIMITED,937.1,892.5,H
GOI TBILL 182D-23/05/24,99.12,99.1,H
MASTER COMPONENTS LIMITED,164,155,H
INOX WIND ENERGY LIMITED,7997.2,7679.8,H
KOTAKMAMC-KOTAKBKETF,503.85,501.41,H
GE T&D INDIA LIMITED,1144.1,1140,H
AARTECH SOLONICS LIMITED,229.55,223.5,H
KOTAK GOLD ETF,63.65,62.95,H
GOI TBILL 364D-18/04/25,93.5,93.46,H
UJAAS ENERGY LIMITED,37.95,36.15,H
TRENT LTD,4515,4373,H
EIMCO ELECON (INDIA) LTD,2430,1918.95,H
CONCORD BIOTECH LIMITED,1684.5,1677.95,H
ICICIPRAMC - BHARATIWIN,109.6,108.55,H
KCK INDUSTRIES LTD,110,105.75,H
DYNAMIC SRVCS & SEC LTD,251,239.05,H
MODISON LIMITED,147.8,143,H
ICICIPRAMC - ICICIM150,193.68,192.75,H
ICICIPRAMC - ICICINXT50,68.65,68.05,H
SUNGARNER ENERGIES LTD,362.75,345.5,H
GRASIM RE.0.50 PPD UP,1139.85,1130,H
GOI TBILL 91D-16/05/24,99.61,99.51,H
EXICOM TELE SYSTEMS LTD,314,308.65,H
MOTILALAMC - MOSMALL250,16.59,16,H
OWAIS METAL & MINERAL,818.4,779.45,H
CREATIVE GRAPHICS S IND L,244.4,233,H
KIRLOSKAR OIL ENG LTD,1056.95,1028.45,H
ZEN TECHNOLOGIES LIMITED,1067.6,1059.35,H
SBI-ETF NIFTY NEXT 50,681.98,677.95,H
ADITYA BIRLA CAPITAL LTD.,241.65,236.95,H
FORCE MOTORS LIMITED,10277.85,10242.75,H
LOKESH MACHINES LTD,465.5,464.9,H
MARVEL DECOR LIMITED,114.3,113.8,H
GOI TBILL 182D-27/06/24,98.75,98.22,H
ORIANA POWER LIMITED,1609,1462.75,H
PRAJAY ENG. SYN. LTD.,28.8,28.3,H
NIP IND ETF MIDCAP 150,197.99,195.75,H
DIAMOND POWER INFRA LTD,774.9,759.75,H
WONDER ELECTRICALS LTD,1279.9,1251.9,H
TRF LIMITED,588.5,583.4,H
MOTILALAMC - MOREALTY,97.49,97.1,H
SE RE NCD 9.35% SR.V OP2,1060,1051.1,H
WISE TRAVEL INDIA LIMITED,272.25,238.8,H
DSPAMC - LIQUIDADD,1006.9,1006.73,H
VICEROY HOTELS LIMITED,61.15,58.25,H
SUPREME INDUSTRIES LTD,5000,4888,H
HAVELLS INDIA LIMITED,1660.5,1652.7,H
ARCHIDPLY IND. LTD,142.05,130.75,H
DOLAT ALGOTECH LIMITED,122.45,118.7,H
SOFTTECH ENGINEERS LTD,377.6,361.4,H
SOLEX ENERGY LIMITED,1238.7,1234.4,H
TIJARIA POLYPIPES LTD,20.45,19.5,H
GOI TBILL 182D-06/06/24,99.25,99.11,H
KIRLOSKAR PNEUMATIC COM L,1100,1090.3,H
LEMON TREE HOTELS LTD,150.95,147.25,H
KOTAKMAMC - KOTAKCONS,105.56,105,H
MACPOWER CNC MACHINES LTD,1205.25,1064.2,H
SP REFRACTORIES LIMITED,189.5,180.6,H
JANA SMALL FIN BANK LTD,529.8,512.4,H
GOI TBILL 364D-06/03/25,94,93,H
PURAVANKARA LIMITED,429,414.6,H
TEERTH GOPICON LIMITED,193.65,184.45,H
INTERGLOBE AVIATION LTD,4009.95,3972,H
AXISAMC - AXISBNKETF,502,501,H
INOX GREEN ENERGY SER LTD,158,154.8,H
JITF INFRALOGISTICS LTD,739.35,716.15,H
CROWN LIFTERS LIMITED,222.9,109.5,H
HSG & URBAN DEV CORPN LTD,242.7,234.3,H
MAX INDIA LIMITED,259.15,246.85,H
MOTILAL OS MIDCAP100 ETF,55.5,55.05,H
LAXMI GOLDORNA HOUSE LTD,278,271.9,H
KOTAKMAMC - KOTAKALPHA,48.97,48.8,H
DIGIKORE STUDIOS LIMITED,602.85,597.9,H
HLV LIMITED,29.55,28.75,H
LORDS CHLORO ALKALI LTD,138,134.4,H
SEC RE NCD 0% SR.IV,1000,995,H
SRI ADHIKARI BRO TELE N L,108.25,103.1,H
BRIGHTCOM GROUP LIMITED,13.5,14.05,L
GLOSTER LIMITED,891.85,915.05,L
ATAL REALTECH LIMITED,8.85,9.3,L
TIMES GUARANTY LIMITED,87.3,88.2,L
GOI TBILL 364D-27/03/25,90.02,92.44,L
OSIA HYPER RETAIL LIMITED,27.75,28.3,L
RACHANA INFRA LTD,39.9,40,L
GACM TECHNOLOGIES LIMITED,3.15,3.2,L
SEC RE NCD 8% SR I,901,950.63,L
SHEETAL UNIVERSAL LIMITED,63.1,66,L
FUTURE SUPP CHAIN SOL LTD,5.95,6,L
POPULAR VEHICLES N SER L,232,233.05,L
MARSHALL MACHINES LTD,24.5,25,L
GRILL SPLENDOUR SER LTD,111.5,117.05,L
SEC RE NCD 9.25% SR II,940.1,950,L
KANANI INDUSTRIES LTD,3.7,3.75,L
TIL LTD,183,218.55,L
MCNALLY BH. ENG. CO.LTD,3.95,4.05,L
SIGNORIA CREATION LIMITED,151,152.6,L
SURANA TELECOM AND POW LT,15.15,15.45,L
MASTER COMPONENTS LIMITED,130,133.05,L
RAMDEVBABA SOLVENT LTD,107.2,111,L
SHANTI OVERSEAS INDIA LTD,15.25,15.3,L
SEC RE NCD 8.25% SR.I,978,985,L
ROBUST HOTELS LIMITED,163,164,L
SEC RE NCD 9.10% SR I,960,970,L
ATAM VALVES LIMITED,189,190.15,L
SINTEX PLASTICS TECH LTD,1.1,1.15,L
LATENT VIEW ANALYTICS LTD,493,493.9,L
ANMOL INDIA LIMITED,39.6,39.9,L
NIP IND ETF HANGSENG BEES,205,212.62,L
RAVINDER HEIGHTS LIMITED,44,44.8,L
LORENZINI APPARELS LTD,24.25,170,L
BANKA BIOLOO LIMITED,99.5,101.05,L
VISESH INFOTECNICS LTD,0.35,0.4,L

