SYMBOL,SERIES,SECURITY,HIGH/LOW,INDEX FLAG
75AP28,SG,SDL AP 7.5% 2028,H
AAKASH,EQ,AAKASH EXPLORATION SER L,H
AGNI,SM,AGNI GREEN POWER LTD,H
AKI,EQ,AKI INDIA LIMITED,H
AKSHAR,BE,AKSHAR SPINTEX LIMITED,H
AKSHARCHEM,EQ,AKSHARCHEM INDIA LIMITED,H
ALANKIT,EQ,ALANKIT LIMITED,H
ALPEXSOLAR,SM,ALPEX SOLAR LIMITED,H
APS,SM,AUSTRALIAN PREM SOLAR I L,H
ARSSINFRA,BE,ARSS INFRA PROJ. LTD,H
AUSOMENT,EQ,AUSOM ENTERPRISE LIMITED,H
BAGFILMS,BE,B.A.G FILMS AND MEDIA LTD,H
BAHETI,SM,BAHETI RECYCLING IND LTD,H
BAJEL,EQ,BAJEL PROJECTS LIMITED,H
BALKRISHNA,EQ,BALKRISHNA PAPER MILLS L,H
BEDMUTHA,EQ,BEDMUTHA INDUST LTD,H
BINANIIND,EQ,BINANI INDUSTRIES LTD,H
BMETRICS,SM,BOMBAY METRICS S C LTD,H
BROOKS,BE,BROOKS LAB LIMITED,H
CMMIPL,ST,CMM INFRAPROJECTS LIMITED,H
CMRSL,SM,CYBER MEDIA RES & SER LTD,H
CORALFINAC,BE,CORAL INDIA FIN & HOUS LT,H
CRAYONS,SM,CRAYONS ADVERTISING LTD,H
CREATIVEYE,BE,CREATIVE EYE LIMITED,H
CYBERMEDIA,BE,CYBER MEDIA (INDIA) LTD.,H
DBCORP,EQ,D.B.CORP LTD,H
DCMFINSERV,BE,DCM FINANCIAL SERVICES LT,H
DNAMEDIA,EQ,DILIGENT MEDIA CORP LTD.,H
DOLPHIN,BE,DOLPHIN OFF ENT (IND) L,H
DREDGECORP,EQ,DREDGING CORP OF INDIA,H
DRONE,SM,DRONE DESTINATION LIMITED,H
DSSL,EQ,DYNACONS SYS & SOLN LTD,H
EMMIL,ST,ENERGY MISSION MACH IND L,H
ENSER,SM,ENSER COMMUNICATIONS LTD,H
EUROTEXIND,BE,EUROTEX IND & EXPORTS LTD,H
EXCEL,EQ,EXCEL REALTY N INFRA LTD,H
FCONSUMER,BE,FUTURE CONSUMER LIMITED,H
FELDVR,BE,FUTURE ENTERPRISES LTD,H
FMNL,BE,FUTURE MKT NETWORKS LTD,H
GATECHDVR,BE,GACM TECHNOLOGIES LIMITED,H
GAYAHWS,BE,GAYATRI HIGHWAYS LIMITED,H
GAYAPROJ,BZ,GAYATRI PROJECTS LTD,H
GEECEE,EQ,GEECEE VENTURES LIMITED,H
GENSOL,EQ,GENSOL ENGINEERING LTD,H
GEPIL,EQ,GE POWER INDIA LIMITED,H
GET&D,BE,GE T&D INDIA LIMITED,H
GIRIRAJ,ST,GIRIRAJ CIVIL DEVP LTD,H
GODHA,EQ,GODHA CABCON INSULAT LTD,H
GOLDSTAR,SM,GOLDSTAR POWER LIMITED,H
GRETEX,ST,GRETEX INDUSTRIES LTD.,H
GSLSU,EQ,GLOBAL SURFACES LIMITED,H
GTLINFRA,EQ,GTL INFRA.LTD,H
GUJRAFFIA,EQ,GUJARAT RAFFIA INDUST LTD,H
GVPTECH,EQ,GVP INFOTECH LIMITED,H
HBSL,EQ,HB STOCKHOLDINGS LIMITED,H
HIRECT,EQ,HIND RECTIFIER LIMITED,H
HUBTOWN,BE,HUBTOWN LIMITED,H
HYBRIDFIN,EQ,HYBRID FINANCIAL SERVICE,H
IEML,ST,INDIAN EMULSIFIERS LTD,H
IL&FSTRANS,BZ,IL&FS TRANS NET LTD,H
INDOTECH,BE,INDO TECH TRANSFORM LTD.,H
IRIS,BE,IRIS BUSINESS SERV LTD,H
ISHAN,SM,ISHAN INTERNATIONAL LTD,H
IVP,BE,IVP LIMITED,H
KAVVERITEL,EQ,KAVVERI TEL. LTD.,H
KBCGLOBAL,EQ,KBC GLOBAL LIMITED,H
KCK,SM,KCK INDUSTRIES LTD,H
KDL,SM,KORE DIGITAL LIMITED,H
KODYTECH,SM,KODY TECHNOLAB LIMITED,H
KONSTELEC,SM,KONSTELEC ENGINEERS LTD,H
LGHL,BE,LAXMI GOLDORNA HOUSE LTD,H
LRRPL,SM,LEAD REC AND RUB PROD LTD,H
MADHAV,BE,MADHAV MARBLE & GRANITE,H
MANAKALUCO,BE,MANAK ALUMINIUM CO. LTD.,H
MANGALAM,EQ,MANGALAM DRUG & CHEM LTD,H
MASTER,SM,MASTER COMPONENTS LIMITED,H
MBECL,EQ,MCNALLY BH. ENG. CO.LTD,H
MCON,SM,MCON RASAYAN INDIA LTD,H
MELSTAR,BZ,MELSTAR INFORMATION TECH,H
MICEL,EQ,MIC ELECTRONICS LTD,H
MITTAL,BE,MITTAL LIFE STYLE LIMITED,H
MOTISONS,EQ,MOTISONS JEWELLERS LTD,H
NAGREEKCAP,EQ,NAGREEKA CAP & INFR.LTD,H
NETWEB,EQ,NETWEB TECH INDIA LTD,H
NEXTMEDIA,EQ,NEXT MEDIAWORKS LIMITED,H
NKIND,EQ,NK INDUSTRIES LTD,H
NOIDATOLL,BE,NOIDA TOLL BRIDGE CO LTD,H
NPST,SM,NETWORK PEOPLE SRV TECH L,H
OMKARCHEM,BZ,OMKAR SPL CHEM LTD,H
ONDOOR,SM,ON DOOR CONCEPTS LIMITED,H
ONELIFECAP,BE,ONELIFE CAP ADVISORS LTD,H
ORIANA,SM,ORIANA POWER LIMITED,H
OSIAHYPER,BE,OSIA HYPER RETAIL LIMITED,H
OWAIS,SM,OWAIS METAL & MINERAL,H
PARACABLES,BE,PARAMOUNT COMM LTD,H
PASHUPATI,SM,PASHUPATI COTSPIN LIMITED,H
PAYTM,EQ,ONE 97 COMMUNICATIONS LTD,H
PILITA,BE,PIL ITALICA LIFESTYLE LTD,H
PRATHAM,SM,PRATHAM EPC PROJECTS LTD,H
PRAXIS,BE,PRAXIS HOME RETAIL LTD,H
PRUDMOULI,BE,PRUDENTIAL SUGAR CORPORAT,H
RADAAN,EQ,RADAAN MEDIAWORKS (I) LTD,H
RAJRILTD,BE,RAJ RAYON INDUSTRIES LTD,H
RCOM,BE,RELIANCE COMMUNICATIONS L,H
REFRACTORY,ST,REFRACTORY SHAPES LIMITED,H
RICHA,SM,RICHA INFO SYSTEMS LTD,H
RMDRIP,SM,R M DRIP & SPRINK SYS LTD,H
RPOWER,EQ,RELIANCE POWER LTD.,H
RTNPOWER,EQ,RATTANINDIA POWER LIMITED,H
SAGARDEEP,EQ,SAGARDEEP ALLOYS LIMITED,H
SAHANA,SM,SAHANA SYSTEM LIMITED,H
SALASAR,EQ,SALASAR TECHNO ENGG. LTD.,H
SAMPANN,EQ,SAMPANN UTPADAN INDIA LTD,H
SARTELE,SM,SAR TELEVENTURE LIMITED,H
SECL,SM,SALASAR EXTERIOR CONT LTD,H
SECURKLOUD,BE,SECUREKLOUD TECH LIMITED,H
SEL,SM,SUNGARNER ENERGIES LTD,H
SHAKTIPUMP,EQ,SHAKTI PUMPS (I) LTD,H
SHIVATEX,EQ,SHIVA TEXYARN LIMITED,H
SHRENIK,EQ,SHRENIK LIMITED,H
SHYAMCENT,BE,SHYAM CENTURY FERROUS LTD,H
SIDDHIKA,SM,SIDDHIKA COATINGS LIMITED,H
SIKKO,EQ,SIKKO INDUSTRIES LIMITED,H
SLONE,ST,SLONE INFOSYSTEMS LIMITED,H
SMARTLINK,BE,SMARTLINK HOLDINGS LTD,H
SOLEX,SM,SOLEX ENERGY LIMITED,H
SOMATEX,BE,SOMA TEXTILEI NDUSTRIES L,H
SPECTRUM,SM,SPECTRUM ELECTRIC IND LTD,H
SPMLINFRA,EQ,SPML INFRA LIMITED,H
SRPL,BE,SHREE RAM PROTEINS LTD.,H
SUPERSPIN,BE,SUPER SPINNING MILLS LTD,H
SUZLON,BE,SUZLON ENERGY LIMITED,H
TAINWALCHM,EQ,TAINWALA CHEMICAL AND PLA,H
TAKE,EQ,TAKE SOLUTIONS LTD,H
TARACHAND,BE,TARA CHAND INFRA SOLN LTD,H
TFCILTD,EQ,TOURISM FINANCE CORP. OF,H
TIMESGTY,BE,TIMES GUARANTY LIMITED,H
UMESLTD,EQ,USHA MARTIN EDU & SOL LTD,H
VIVIANA,SM,VIVIANA POWER TECH LTD,H
VMARCIND,SM,V MARC INDIA LIMITED,H
WALCHANNAG,EQ,WALCHANDNAGAR INDUSTRIES,H
WALPAR,SM,WALPAR NUTRITIONS LIMITED,H
WEL,BE,WONDER ELECTRICALS LTD,H
WEWIN,BE,WE WIN LIMITED,H
WINSOME,BE,WINSOME YARNS LIMITED,H
WIPL,EQ,THE WESTERN INDIA PLY LTD,H
ZENTEC,EQ,ZEN TECHNOLOGIES LIMITED,H
ABINFRA,SM,A B INFRABUILD LIMITED,L
ABSMARINE,ST,ABS MARINE SERVICES LTD,L
AJOONI-RE1,BE,AJOONI BIOTECH LIMITED,L
ANTGRAPHIC,BE,ANTARCTICA LTD,L
ASHOKAMET,BE,ASHOKA METCAST LIMITED,L
ASMS,EQ,BARTRONICS INDIA LIMITED,L
ATLANTAA,BE,ATLANTAA LIMITED,L
AURIONPRO,BE,AURIONPRO SOLN LTD,L
AZAD,EQ,AZAD ENGINEERING LIMITED,L
BCG,BZ,BRIGHTCOM GROUP LIMITED,L
BCONCEPTS,EQ,BRAND CONCEPTS LIMITED,L
BMETRICS,SM,BOMBAY METRICS S C LTD,L
CADSYS,ST,CADSYS (INDIA) LIMITED,L
CLOUD,SM,VARANIUM CLOUD LIMITED,L
CMMIPL,ST,CMM INFRAPROJECTS LIMITED,L
DESTINY,ST,DESTINY LOGISTICS & I LTD,L
DOLPHIN,BE,DOLPHIN OFF ENT (IND) L,L
DYNAMIC,SM,DYNAMIC SRVCS & SEC LTD,L
FEL,BZ,FUTURE ENTERPRISES LTD,L
FLFL,BZ,FUT LIFESTYLE FASH LTD,L
GAYAHWS,BE,GAYATRI HIGHWAYS LIMITED,L
GLOBAL,BE,GLOBAL EDUCATION LIMITED,L
GLOBE,EQ,GLOBE TEXTILES (I) LTD.,L
GOENKA,BZ,GOENKA DIAMOND&JEWELS LTD,L
GSTL,SM,GLOBESECURE TECHNO LTD,L
HAVISHA,EQ,SRI HAVISHA HOSP & INFR L,L
HDIL,BZ,HOUSING DEV & INFRA LTD,L
HINDMOTORS,EQ,HINDUSTAN MOTORS LIMITED,L
HOMESFY,ST,HOMESFY REALTY LIMITED,L
IMPEXFERRO,BE,IMPEX FERRO TECH LIMITED,L
JALAN,SM,JALAN TRANSOLU. INDIA LTD,L
JUBLINDS,EQ,JUBILANT INDUSTRIES LTD,L
KAMATHOTEL,EQ,KAMAT HOTELS (I) LTD,L
KANANIIND,BE,KANANI INDUSTRIES LTD,L
KBCGLOBAL,EQ,KBC GLOBAL LIMITED,L
KEEPLEARN,BE,DSJ KEEP LEARNING LTD,L
LAL,EQ,LORENZINI APPARELS LTD,L
MACPOWER,BE,MACPOWER CNC MACHINES LTD,L
MANAV,SM,MANAV INFRA PROJECTS LTD,L
MANDEEP,ST,MANDEEP AUTO INDUSTRIES L,L
MASKINVEST,BE,MASK INVESTMENTS LIMITED,L
MDL,SM,MARVEL DECOR LIMITED,L
MEGAFLEX,SM,MEGA FLEX PLASTICS LTD,L
MEGASOFT,EQ,MEGASOFT LTD,L
MILTON,SM,MILTON INDUSTRIES LIMITED,L
MITTAL,BE,MITTAL LIFE STYLE LIMITED,L
MONOPHARMA,SM,MONO PHARMACARE LIMITED,L
MRO-TEK,BE,MRO-TEK REALTY LIMITED,L
NIRAJ,EQ,NIRAJ CEMENT STRUC LTD,L
OMKARCHEM,BZ,OMKAR SPL CHEM LTD,L
ORIANA,SM,ORIANA POWER LIMITED,L
OSIAHYPER,BE,OSIA HYPER RETAIL LIMITED,L
OWAIS,SM,OWAIS METAL & MINERAL,L
PRITIKA,SM,PRITIKA ENG COMPO LTD,L
PRLIND,ST,PREMIER ROADLINES LIMITED,L
PURVA,BE,PURAVANKARA LIMITED,L
RICHA,SM,RICHA INFO SYSTEMS LTD,L
RPPL,BE,RAJSHREE POLYPACK LTD,L
RSSOFTWARE,BE,R. S. SOFTWARE (INDIA) LI,L
RUCHINFRA,EQ,RUCHI INFRASTRUCTURE LTD,L
SADBHAV,BE,SADBHAV ENGINEERING LTD,L
SANGINITA,BE,SANGINITA CHEMICALS LTD,L
SARTELE,SM,SAR TELEVENTURE LIMITED,L
SECMARK,BE,SECMARK CONSULTANCY LTD,L
SEMAC,EQ,SEMAC CONSULTANTS LIMITED,L
SHAKTIPUMP,EQ,SHAKTI PUMPS (I) LTD,L
SHANTI,BE,SHANTI OVERSEAS INDIA LTD,L
SHRENIK,EQ,SHRENIK LIMITED,L
SIMPLEXINF,BE,SIMPLEX INFRASTRUCTURES L,L
SLONE,ST,SLONE INFOSYSTEMS LIMITED,L
SMLT,EQ,SARTHAK METALS LIMITED,L
SSFL,SM,SRIVARI SPICES N FOODS L,L
SUPREMEENG,BE,SUPREME ENGINEERING LTD,L
SURANAT&P,BE,SURANA TELECOM AND POW LT,L
SWARAJ,SM,SWARAJ SUITING LIMITED,L
TAC,SM,TAC INFOSEC LIMITED,L
TCLCONS,EQ,TANTIA CONSTRUCTIONS LTD,L
TECHLABS,SM,TRIDENT TECHLABS LIMITED,L
TECILCHEM,BE,TECIL CHEMICALS,L
TGL,SM,TEERTH GOPICON LIMITED,L
TIPSFILMS,EQ,TIPS FILMS LIMITED,L
URAVI,BE,URAVI T AND WEDG LAMP LTD,L
VARDMNPOLY,EQ,VARDHMAN POLYTEX LTD.,L
VERITAAS,ST,VERITAAS ADVERTISING LTD,L
WINSOL,ST,WINSOL ENGINEERS LIMITED,L
WINSOME,BE,WINSOME YARNS LIMITED,L
WOMANCART,SM,WOMANCART LIMITED,L
