SECURITY,NEW,PREVIOUS,NEW_STATUS
INGERSOLL-RAND INDIA LTD,5000,4988,H
BHARTIYA INETRNATIONAL LT,458.95,454,H
FORTIS HEALTHCARE LTD,479.45,470.5,H
HINDALCO  INDUSTRIES  LTD,698.7,695.4,H
ADANI POWER LTD,715.6,692.35,H
SCHNEIDER ELECTRIC INFRA,929.3,921.1,H
POLY MEDICURE LIMITED,1843.8,1836,H
2.5%GOLDBONDS2028SR-III,7400,7399.47,H
TECHNO ELEC & ENG CO. LTD,1157.7,1151,H
2.50%GOLDBONDS 2025SR-IX,7400,7330,H
ICICIPRAMC - ICICICONSU,110.98,110.75,H
JSW INFRASTRUCTURE LTD,285.45,281,H
DOLPHIN OFF ENT (IND) L,948.7,903.55,H
GUJARAT RAFFIA INDUST LTD,44,43.85,H
GOI TBILL 91D-02/08/24,98.58,98.52,H
SDL AP 7.5% 2028,99.75,95,H
SEC RE NCD 0% SR.II,1085.8,1082,H
SEC RED NCD SR.VIII,1442,1441,H
CPSE ETF,93.77,92.74,H
BIRLASLAMC - SILVER,95.5,95,H
JUPITER WAGONS LIMITED,566.8,542.35,H
MOTILALAMC - MOVALUE,106.05,104.85,H
GARDEN REACH SHIP&ENG LTD,1236,1235,H
VIVIANA POWER TECH LTD,711.3,677.45,H
STAR CEMENT LIMITED,256,246.8,H
SIDDHIKA COATINGS LIMITED,296.55,282.45,H
HB STOCKHOLDINGS LIMITED,108.8,101.1,H
2.50%GOLDBONDS2031SR-IV,7599,7465.37,H
9.40 % SRNCD TR II SR III,1020,1018,H
ICICIPRAMC - ICICIMOM30,35.7,35.25,H
TVS HOLDINGS LIMITED,11295.95,11129,H
GRETEX INDUSTRIES LTD.,127.65,121.6,H
GOI TBILL 91D-06/06/24,99.73,99.7,H
GOI TBILL 91D-27/06/24,99.9,99.55,H
BOND 8.10% PA TAX FREE S2,1127.7,1122.5,H
UNSE RE NCD 0% SR.III,1212.75,1195,H
SEC RE NCD SR.II,1140,1118.2,H
THE PHOENIX MILLS LTD,3316.95,3265,H
GEECEE VENTURES LIMITED,365.85,349,H
SOLAR INDUSTRIES (I) LTD,10055.45,9499,H
NCC LIMITED,294,292.25,H
NIP IND ETF DIV OPP,78.85,78.25,H
BHARAT DYNAMICS LIMITED,2737.9,2688.2,H
2.5%GOLDBONDS2029SR-II,7440,7389,H
2.50%GOLDBONDS2029SR-X,7399,7365,H
NATIONAL HIGHW INFRA TRUS,128,127,H
8.92% TAX FREE NCD,1309,1308,H
9.90 % SRNCD SR VI,1041,1038,H
GAYATRI RUBB AND CHEM LTD,386,369.45,H
NARMADA AGROBASE LIMITED,24.3,23.45,H
IRIS BUSINESS SERV LTD,198.25,188.85,H
SEC RE NCD 0% SR.IV,1220.55,1218,H
SEC RE NCD 8.97% SR V,1015.9,1015,H
SEC RE NCD 8.50% SR.III,1070,1066.15,H
SEC RE NCD 9.25% SR.II,990.87,976,H
SEC RE NCD 9.65% SR I,990,986.78,H
SERENCD 8.98% SR.VI OP2,1048,1047.95,H
VESUVIUS INDIA LTD,5500,5406.3,H
NIP IND ETF JUNIOR BEES,748.25,741.8,H
COCHIN SHIPYARD LIMITED,1709,1696,H
PRESTIGE ESTATE LTD,1645,1634.85,H
PRICOL LIMITED,468.5,464,H
2.5%GOLDBONDS2029SR-I,7450,7380.22,H
2.50%GOLDBONDS2028SR-II,7369.4,7348.99,H
PARIN FURNITURE LIMITED,189.95,184.8,H
STEL HOLDINGS LIMITED,395.45,375,H
DCM SHRIRAM IND LTD,232.95,228.7,H
GRP LIMITED,9800,9201.15,H
AARTI PHARMALABS LIMITED,638.75,624.05,H
SUPREME INFRA. LTD,109.9,96.15,H
ZODIAC ENERGY LIMITED,670.65,657.5,H
BGR ENERGY SYSTEMS LTD,44.4,43.45,H
GE T&D INDIA LIMITED,1430.2,1377,H
TRIDENT TECHLABS LIMITED,547,529.2,H
MASTER COMPONENTS LIMITED,204,170,H
GOI TBILL 182D-11/07/24,98.94,98.93,H
TFB 7.37% 2035 SR. 3A,1476,1232.28,H
THE WESTERN INDIA PLY LTD,182.5,177.8,H
TAXFREE SEC NCD TR1 S2,1105.49,1104.99,H
SEC RE NCD 10.03% SR.VIII,925.8,924.75,H
SUNDARAM FINANCE LTD,4998,4959,H
CMS INFO SYSTEMS LIMITED,450,440,H
COAL INDIA LTD,507.35,493.9,H
2.50%GOLDBONDS2027SR-II,7450,7449,H
ICICIPRAMC - BHARATIWIN,111,110,H
KCK INDUSTRIES LTD,152.25,145,H
SHEKHAWATI POLY-YARN LTD.,3.3,3.25,H
SUNGARNER ENERGIES LTD,499.4,475.65,H
SRNCD TR II SR IV,2300,2234,H
REFRACTORY SHAPES LIMITED,105.35,100.35,H
SAHANA SYSTEM LIMITED,1132.5,1131,H
SEC RE NCD SR.V,1110.5,1110,H
NITIRAJ ENGINEERS LTD,214.15,147.5,H
ENERGY MISSION MACH IND L,389.05,384.3,H
OWAIS METAL & MINERAL,1321.75,1258.85,H
SEC RE NCD 9.65% SR.I,1004.9,980,H
SEC RE NCD 9.30% SR.IV,1004.18,1000,H
SEC RE NCD 9.25% SR II,977,975,H
SEC RE NCD 0% SR.VII,1230,1220,H
SEC RED NCD 9% SR.V,1022.01,1021.01,H
SUNDARAM BRAK LININGS LTD,939,894,H
POWER GRID CORP. LTD.,327.75,327.45,H
NIP IND ETF MIDCAP 150,201.99,200.05,H
2.50%GOLDBONDS2029SR-V,7445,7444,H
H.G.INFRA ENGINEERING LTD,1645.45,1478,H
ALICON CASTALLOY LIMITED,1133.9,1112.9,H
KIRLOSKAR OIL ENG LTD,1379,1365,H
MARVEL DECOR LIMITED,124,122.75,H
LCC INFOTECH LTD,2.45,2.3,H
DIAMOND POWER INFRA LTD,1062.85,1042.05,H
UTIAMC - SILVERETF,94.49,94.04,H
8.73%S-R-NCD SERIES 2B,1211.21,1167.5,H
ICICIPRAMC - ICICICOMMO,92.2,91.28,H
ROLLATAINERS LIMITED,3.5,3.45,H
KODY TECHNOLAB LIMITED,1672.05,1592.45,H
GOI TBILL 182D-15/08/24,98.03,97.99,H
MOTILALAMC - MOREALTY,102.49,102.26,H
DSPAMC - LIQUIDADD,1010.98,1010.63,H
ORIANA POWER LIMITED,2610.05,2528,H
TFB 7.53% 2030 SR. 2B,1121.22,1102.1,H
SEC RE NCD 9.48% SR V,970,900.3,H
GOI TBILL 364D-15/05/25,93.42,93.33,H
TAINWALA CHEMICAL AND PLA,198.9,174.75,H
HAVELLS INDIA LIMITED,1876.4,1874.6,H
OBEROI REALTY LIMITED,1795.55,1771.45,H
LINDE INDIA LIMITED,9935.05,9890,H
SOLEX ENERGY LIMITED,1449.9,1380.9,H
SHAKTI PUMPS (I) LTD,2955.9,2815.15,H
HINDUSTAN AERONAUTICS LTD,4960.6,4870,H
ELGI RUBBER CO. LTD,75.8,75.2,H
TIJARIA POLYPIPES LTD,27.35,26.85,H
AMEYA PRECISION ENG LTD,72,69.6,H
DSPAMC - DSPSENXETF,76.32,76.23,H
EDELAMC - ESILVER,97.97,95.2,H
SP REFRACTORIES LIMITED,249.5,241,H
ENSER COMMUNICATIONS LTD,121.75,111.9,H
KONTOR SPACE LIMITED,122,106.9,H
KOTAKMAMC - KOTAKCONS,107.86,107.33,H
KOTAKMAMC - KOTAKSILVE,93.4,92.6,H
M K PROTEINS LIMITED,13.55,12.25,H
SEC RE NCD 7.90% STRPP B,307.92,306,H
PURAVANKARA LIMITED,462.4,451.5,H
BEML LIMITED,4680,4242,H
VOLTAMP TRANSFORMERS LTD,12500,12155,H
VEDANTA LIMITED,506.75,493.9,H
NIPPONAMC - NETFSILVER,91.8,91.35,H
RAIL VIKAS NIGAM LIMITED,358.95,345.9,H
MOTILAL OS MIDCAP100 ETF,56.45,56,H
INTERGLOBE AVIATION LTD,4407.5,4391.85,H
KHFM HOS FAC MANA SER LTD,93,89,H
IIFL SECURITIES LIMITED,196,188.8,H
HSG & URBAN DEV CORPN LTD,275.5,273.95,H
2.50%GOLDBONDS2025SR-VIII,7499,7350,H
DSPAMC - DSPSILVETF,92.38,92,H
VIPUL LIMITED,42.6,42.4,H
SRI ADHIKARI BRO TELE N L,145.15,142.35,H
TRANSWARRANTY FIN. LTD.,19.8,19.45,H
TV VISION LIMITED,6.15,5.8,H
ICICIPRAMC - ICICIINFRA,89.29,88.99,H
ANI INTEGRATED SERV LTD.,151.25,147.8,H
KOTAKMAMC - KOTAKALPHA,52.15,51.36,H
KOTAKMAMC - KOTAKMID50,148.2,148.19,H
LAXMI GOLDORNA HOUSE LTD,325.1,314.8,H
GOI TBILL 364D-28/06/24,98.82,98.8,H
DHANI LOANS & SERV LTD,1000,999.98,H
SEC RE NCD 11.19% SR.V,1036.27,1011,H
SEC RE NCD SR II,1000,952,H
BRIGHTCOM GROUP LIMITED,9.55,10.05,L
RACHANA INFRA LTD,30,30.15,L
SEMAC CONSULTANTS LIMITED,1020,1073.65,L
SEC RED NCD 9.40% SR. V,1000,1093,L
AJOONI BIOTECH LIMITED,0.55,0.9,L
VERITAAS ADVERTISING LTD,248.2,261.25,L
SONAM LIMITED,39.5,40.2,L
SEC RE NCD SR III,920,984,L
9.00% UNSECURED NCD,1005.9,1070.1,L
SERENCD 8.98% SR.VI OP2,1039.9,1045,L
ABS MARINE SERVICES LTD,265.35,279.3,L
NANDANI CREATION LIMITED,56.05,57.2,L
VARANIUM CLOUD LIMITED,25.15,26.45,L
YASONS CHEMEX CARE LTD,24.55,25.3,L
RAJSHREE POLYPACK LTD,71.3,71.65,L
SINCLAIRS HOTELS LIMITED,114.25,116.2,L
BOND 8.65% PA TF TI-SIIB,1146,1146.01,L
SEC RE NCD SR.V,1020.2,1092,L
TEERTH GOPICON LIMITED,195.35,204.55,L
SEC RE NCD 8.43% SR.VI,901.5,905.1,L
FILATEX FASHIONS LIMITED,11.5,11.6,L
SEC RE NCD 10.49% SR.VII,975,980,L
SERENCD 8.60% SR.IV OP8,1029,1030,L
SERENCD8.84%SRVICIII&IV,851,852,L
VALIANT LABORATORIES LTD,138.9,139,L
BLUE PEBBLE LIMITED,235,250.05,L
SEC RE NCD 10.03% SR 5,951.1,960,L
SEC RE NCD 8.42% SR.V,900,930,L
SEC RE NCD 8.89% SR.VIII,900.3,945.45,L
INDEGENE LIMITED,521.3,527.1,L
RAJ TV NETWORK LTD,134.75,134.9,L
SILKFLEX POLYMERS INDIA L,51,51.65,L
CUPID LIMITED,92,92.4,L
SEC RE NCD 10% SR 4,1020,1025,L

