SERIES,SYMBOL,SECURITY,RECORD_DT,BC_STRT_DT,BC_END_DT,EX_DT,ND_STRT_DT,ND_END_DT,PURPOSE
16,SAMMAANCAP,Sec Re NCD 9.05% Sr.VII,13/09/2024, , ,13/09/2024, , ,INTEREST PAYMENT         
17,SAMMAANCAP,Sec Re NCD 9.55% Sr.VII,13/09/2024, , ,13/09/2024, , ,INTEREST PAYMENT         
18,SAMMAANCAP,Sec Re NCD 8.70% Sr.VIII,13/09/2024, , ,13/09/2024, , ,INTEREST PAYMENT         
19,SAMMAANCAP,Sec Re NCD 9.15% Sr.VIII,13/09/2024, , ,13/09/2024, , ,INTEREST PAYMENT         
BE,SILVERTUC,Silver Touch Techno Ltd, ,06/09/2024,12/09/2024,05/09/2024, , ,ANNUAL GENERAL MEETING   
BE,AMIORG,Ami Organics Limited, ,14/09/2024,20/09/2024,13/09/2024, , ,ANNUAL GENERAL MEETING   
BE,AMIORG,Ami Organics Limited,13/09/2024, , ,13/09/2024, , ,DIV - RS 3 PER SH        
BE,PRUDENT,Prudent Corp Adv Ser Ltd,13/09/2024, , ,13/09/2024, , ,DIV - RS 2 PER SH        
BE,SHAILY,Shaily Eng Plastics Ltd, ,15/09/2024,21/09/2024,13/09/2024, , ,AGM/DIV - RE 1 PER SH    
BE,ZODIAC,Zodiac Energy Limited, ,07/09/2024,13/09/2024,06/09/2024, , ,ANNUAL GENERAL MEETING   
BE,MONARCH,Monarch Networth Cap Ltd,13/09/2024, , ,13/09/2024, , ,BONUS 1:1                
BE,AGI,HSIL LIMITED, ,12/09/2024,18/09/2024,11/09/2024, , ,AGM/DIV - RS 6 PER SH    
BE,HPAL,HP Adhesives Limited,13/09/2024, , ,13/09/2024, , ,DIV - RE 0.30 PER SH     
BE,KANPRPLA,Kanpur Plastipack Limited, ,14/09/2024,20/09/2024,13/09/2024, , ,ANNUAL GENERAL MEETING   
BE,MALLCOM,Mallcom (India) Limited, ,13/09/2024,19/09/2024,12/09/2024, , ,AGM/DIV - RS 3 PER SH    
BE,KIMS,Krishna Inst of Med Sci L,13/09/2024, , ,13/09/2024, , ,FVSPLT FRM RS 10 TO RS 2 
BE,ABMINTLLTD,ABM International Ltd, ,13/09/2024,19/09/2024,12/09/2024, , ,ANNUAL GENERAL MEETING   
BE,HARIOMPIPE,Hariom Pipe Industries L,16/09/2024, , ,13/09/2024, , ,DIV - RE 0.60 PER SH     
BE,RHIM,RHI MAGNESITA INDIA LTD, ,06/09/2024,13/09/2024,05/09/2024, , ,DIV - RS 2.50 PER SH     
BE,OSIAHYPER,Osia Hyper Retail Ltd, ,13/09/2024,19/09/2024,12/09/2024, , ,ANNUAL GENERAL MEETING   
BE,SPORTKING,Sportking India Limited,13/09/2024, , ,13/09/2024, , ,FVSPLT FRM RS10 TO RE1   
BE,SYRMA,Syrma SGS Technology Ltd, ,11/09/2024,17/09/2024,10/09/2024, , ,ANNUAL GENERAL MEETING   
BE,POCL,Pondy Oxides & Chem Ltd, ,12/09/2024,18/09/2024,11/09/2024, , ,AGM/DIV - RS 5 PER SH    
BE,SADHNANIQ,Sadhana Nitrochem Limited,13/09/2024, , ,13/09/2024, , ,RIGHTS 1:3@PRM RS 5.06/- 
BE,LANDMARK,Landmark Cars Limited,13/09/2024, , ,13/09/2024, , ,DIV - RS 1.50 PER SH     
BE,LANDMARK,Landmark Cars Limited, ,14/09/2024,20/09/2024,13/09/2024, , ,ANNUAL GENERAL MEETING   
BE,SENCO,Senco Gold Limited, ,07/09/2024,13/09/2024,06/09/2024, , ,ANNUAL GENERAL MEETING   
BE,NARMADA,Narmada Agrobase Limited,16/09/2024, , ,13/09/2024, , ,RIGHTS 9:5 @ PRM RS 5/-  
BE,LORDSCHLO,Lords Chloro Alkali Ltd, ,17/09/2024,23/09/2024,13/09/2024, , ,ANNUAL GENERAL MEETING   
BE,ASHOKAMET,Ashoka Metcast Limited, ,07/09/2024,12/09/2024,06/09/2024, , ,ANNUAL GENERAL MEETING   
BE,LOYALTEX,Loyal Textile Mills Ltd, ,17/09/2024,23/09/2024,13/09/2024, , ,ANNUAL GENERAL MEETING   
BE,AMNPLST,Amines & Plasticizers Ltd, ,14/09/2024,27/09/2024,13/09/2024, , ,ANNUAL GENERAL MEETING   
BE,AMNPLST,Amines & Plasticizers Ltd,13/09/2024, , ,13/09/2024, , ,DIV - RE 0.5 PER SH      
BE,HEADSUP,The Mandhana Ret Vent Ltd, ,06/09/2024,12/09/2024,05/09/2024, , ,ANNUAL GENERAL MEETING   
BE,JWL,Commercial Eng & Co. Ltd, ,06/09/2024,12/09/2024,05/09/2024, , ,ANNUAL GENERAL MEETING   
BE,CSLFINANCE,CSL Finance Limited, ,15/09/2024,21/09/2024,13/09/2024, , ,AGM/DIV-RS 2.50 PER SH   
BE,BLAL,BEML Land Assets Limited, ,10/09/2024,16/09/2024,09/09/2024, , ,ANNUAL GENERAL MEETING   
BE,AAATECH,AAA Technologies Limited, ,08/09/2024,14/09/2024,06/09/2024, , ,ANNUAL GENERAL MEETING   
BE,SCILAL,Shipping Corp of ILA Ltd, ,07/09/2024,20/09/2024,06/09/2024, , ,ANNUAL GENERAL MEETING   
BE,DOMS,DOMS Industries Limited,16/09/2024, , ,13/09/2024, , ,DIV - RS 2.50 PER SH     
BE,JUNIPER,Juniper Hotels Limited, ,13/09/2024,19/09/2024,12/09/2024, , ,ANNUAL GENERAL MEETING   
BE,FEDFINA,Fedbank Financial Ser L, ,14/09/2024,19/09/2024,13/09/2024, , ,ANNUAL GENERAL MEETING   
BE,NOVAAGRI,Nova Agritech Limited, ,13/09/2024,20/09/2024,12/09/2024, , ,ANNUAL GENERAL MEETING   
BE,NDLVENTURE,NXTDIGITAL LIMITED, ,07/09/2024,13/09/2024,06/09/2024, , ,ANNUAL GENERAL MEETING   
BE,MANAKSTEEL,Manaksia Steels Ltd, ,12/09/2024,18/09/2024,11/09/2024, , ,ANNUAL GENERAL MEETING   
BE,MANAKCOAT,Man Coat Metal & Ind Ltd, ,14/09/2024,20/09/2024,13/09/2024, , ,AGM/DIV - RE 0.05 PER SH 
BE,GULPOLY,Gulshan Polyols Limited,12/09/2024, , ,12/09/2024, , ,DIV - RE 0.30 PER SH     
BE,GULPOLY,Gulshan Polyols Limited, ,13/09/2024,20/09/2024,12/09/2024, , ,ANNUAL GENERAL MEETING   
BE,MONTECARLO,Monte Carlo Fashions Ltd., ,17/09/2024,23/09/2024,13/09/2024, , ,AGM/DIV - RS 20 PER SH   
BE,LAMBODHARA,Lambodhara Textiles Ltd., ,10/09/2024,16/09/2024,09/09/2024, , ,AGM/DIV - RE 0.5 PER SH  
BE,LINCOLN,Lincoln Pharma Ltd, ,14/09/2024,30/09/2024,13/09/2024, , ,DIV - RS 1.80 PER SH     
BE,POWERMECH,Power Mech Projects Ltd.,08/10/2024, , ,08/10/2024, , ,BONUS 1:1                
BE,NAVKARCORP,Navkar Corporation Ltd., ,17/09/2024,23/09/2024,13/09/2024, , ,ANNUAL GENERAL MEETING   
BE,SALONA,Salona Cotspin Ltd., ,17/09/2024,23/09/2024,13/09/2024, , ,AGM/DIV - RE 1 PER SH    
BE,ARROWGREEN,Arrow Greentech Limited, ,13/09/2024,16/09/2024,12/09/2024, , ,AGM/DIV - RS 2 PER SH    
BE,BLS,BLS Intl Servs Ltd, ,06/09/2024,12/09/2024,05/09/2024, , ,AGM/DIV - RE 0.50 PER SH 
BE,SABEVENTS,Sab Events & Governance, ,10/09/2024,16/09/2024,09/09/2024, , ,ANNUAL GENERAL MEETING   
BE,BIGBLOC,Bigbloc Construction Ltd,12/09/2024, , ,12/09/2024, , ,BONUS 1:1                
BE,QUESS,Quess Corp Limited, ,10/09/2024,16/09/2024,09/09/2024, , ,ANNUAL GENERAL MEETING   
BE,CLEDUCATE,CL Educate Limited, ,11/09/2024,17/09/2024,10/09/2024, , ,ANNUAL GENERAL MEETING   
BE,SCHAND,S Chand And Company Ltd,13/09/2024, , ,13/09/2024, , ,AGM/DIV - RS 3 PER SH    
BE,VBL,Varun Beverages Limited,12/09/2024, , ,12/09/2024, , ,FV SPLT FRM RS 5 TO RS 2 
BE,DIAMONDYD,Prataap Snacks Limited,16/09/2024, , ,13/09/2024, , ,AGM/DIV - RS 2 PER SH    
BE,HISARMETAL,Hisar Metal Ind. Limited, ,10/09/2024,20/09/2024,09/09/2024, , ,AGM/DIV - RE 1 PER SH    
BE,ARIHANTSUP,Arihant Superstruct Ltd, ,14/09/2024,19/09/2024,13/09/2024, , ,AGM/DIV - RS 1.20 PER SH 
BE,PODDARMENT,Poddar Pigments Limited, ,17/09/2024,23/09/2024,13/09/2024, , ,ANNUAL GENERAL MEETING   
BE,PODDARMENT,Poddar Pigments Limited,16/09/2024, , ,13/09/2024, , ,DIV - RS 4 PER SH        
BE,HUDCO,Hsg & Urban Dev Corpn Ltd,13/09/2024, , ,13/09/2024, , ,DIV - RS 2.65 PER SH     
BE,IRCON,Ircon International Ltd, ,06/09/2024,12/09/2024,05/09/2024, , ,AGM/DIV - RS 1.30 PER SH 
BE,HITECH,Hi-Tech Pipes Limited,14/09/2024, , ,13/09/2024, , ,DIV - RS 0.025 PER SH    
BE,GRSE,Garden Reach Ship, ,14/09/2024,20/09/2024,13/09/2024, , ,AGM/DIV - RS 1.44 PER SH 
BE,TECHNOE,Techno Elec & Eng Co. Ltd,13/09/2024, , ,13/09/2024, , ,DIV - RS 7 PER SH        
BE,NILASPACES,Nila Spaces Limited, ,10/09/2024,16/09/2024,09/09/2024, , ,ANNUAL GENERAL MEETING   
BE,PITTIENG,Pitti Engineering Limited, ,14/09/2024,20/09/2024,13/09/2024, , ,AGM/DIV - RS 1.50 PER SH 
BE,GARFIBRES,Garware TFL, ,13/09/2024,19/09/2024,12/09/2024, , ,AGM/DIV - RS 3 PER SH    
BE,RITES,RITES Limited, ,06/09/2024,12/09/2024,05/09/2024, , ,ANNUAL GENERAL MEETING   
BE,RITES,RITES Limited,20/09/2024, , ,20/09/2024, , ,BONUS 1:1                
BE,CHEMFAB,Chemfab Alkalis Limited,13/09/2024, , ,13/09/2024, , ,DIV - RS 1.25 PER SH     
BE,CHEMFAB,Chemfab Alkalis Limited, ,14/09/2024,20/09/2024,13/09/2024, , ,ANNUAL GENERAL MEETING   
BE,PAISALO,Paisalo Digital Limited, ,17/09/2024,23/09/2024,13/09/2024, , ,AGM/DIV-RE 0.10 PER SH   
BE,SAKAR,Sakar Healthcare Limited, ,15/09/2024,21/09/2024,13/09/2024, , ,ANNUAL GENERAL MEETING   
BE,GEEKAYWIRE,Geekay Wires Limited, ,06/09/2024,12/09/2024,05/09/2024, , ,ANNUAL GENERAL MEETING   
BE,MAXIND,Max India Limited, ,17/09/2024,23/09/2024,13/09/2024, , ,ANNUAL GENERAL MEETING   
BE,MSTCLTD,MSTC Limited, ,11/09/2024,18/09/2024,10/09/2024, , ,AGM/DIV - RS 5 PER SH    
BE,RGL,Renaissance Global Ltd, ,05/09/2024,12/09/2024,04/09/2024, , ,ANNUAL GENERAL MEETING   
BE,MBAPL,Madhya Bharat Agro P. Ltd,13/09/2024, , ,13/09/2024, , ,DIV-RE 0.50 PER SH       
BE,KRISHANA,Krishana Phoschem Limited,13/09/2024, , ,13/09/2024, , ,DIV - RE 0.50 PER SH     
BE,TATVA,Tatva Chin Pharm Chem Ltd, ,07/09/2024,20/09/2024,06/09/2024, , ,ANNUAL GENERAL MEETING   
BE,DRCSYSTEMS,DRC Systems India Limited, ,10/09/2024,17/09/2024,09/09/2024, , ,ANNUAL GENERAL MEETING   
BE,PARAS,Paras Def and Spce Tech L, ,14/09/2024,20/09/2024,13/09/2024, , ,ANNUAL GENERAL MEETING   
BE,STOVEKRAFT,Stove Kraft Limited,13/09/2024, , ,13/09/2024, , ,AGM/DIV - RS 2.50 PER SH 
BE,AJOONI,Ajooni Biotech Limited, ,11/09/2024,17/09/2024,10/09/2024, , ,ANNUAL GENERAL MEETING   
BE,FOODSIN,Foods & Inns Limited, ,16/09/2024,24/09/2024,13/09/2024, , ,AGM/DIV-RS 0.30 PER SH   
BE,MANORG,Mangalam Organics Limited, ,07/09/2024,14/09/2024,06/09/2024, , ,ANNUAL GENERAL MEETING   
BE,RPPL,Rajshree PolyPack Ltd,18/09/2024, , ,18/09/2024, , ,FVSPLT FRM RS 10 TO RS 5 
BE,KRSNAA,Krsnaa Diagnostics Ltd,13/09/2024, , ,13/09/2024, , ,DIV - RS 2.50 PER SH     
BE,KRSNAA,Krsnaa Diagnostics Ltd, ,14/09/2024,21/09/2024,13/09/2024, , ,ANNUAL GENERAL MEETING   
BE,METROBRAND,Metro Brands Limited, ,13/09/2024,19/09/2024,12/09/2024, , ,ANNUAL GENERAL MEETING   
BE,MEGASTAR,Megastar Foods Limited, ,06/09/2024,12/09/2024,05/09/2024, , ,ANNUAL GENERAL MEETING   
BE,SURYODAY,Suryoday Small Fin Bk Ltd, ,06/09/2024,12/09/2024,05/09/2024, , ,ANNUAL GENERAL MEETING   
BE,ELDEHSG,ELDECO HSG & IND LTD,12/09/2024, , ,12/09/2024, , ,DIV - RS 8 PER SH        
BE,ELDEHSG,ELDECO HSG & IND LTD, ,13/09/2024,19/09/2024,12/09/2024, , ,ANNUAL GENERAL MEETING   
BE,CHOICEIN,Choice International Ltd, ,15/09/2024,21/09/2024,13/09/2024, , ,ANNUAL GENERAL MEETING   
BE,GMRP&UI,GMR Pow and Urban Infra L, ,06/09/2024,16/09/2024,05/09/2024, , ,ANNUAL GENERAL MEETING   
BE,PAR,Par Drugs and Chem Ltd, ,14/09/2024,21/09/2024,13/09/2024, , ,ANNUAL GENERAL MEETING   
BE,HERANBA,Heranba Industries Ltd, ,06/09/2024,12/09/2024,05/09/2024, , ,ANNUAL GENERAL MEETING   
BE,GATEWAY,Gateway Distriparks Ltd, ,08/09/2024,19/09/2024,06/09/2024, , ,ANNUAL GENERAL MEETING   
BE,BANCOINDIA,Banco Products (I) Ltd, ,13/09/2024,20/09/2024,12/09/2024, , ,ANNUAL GENERAL MEETING   
BE,NCLIND,NCL Industries Limited, ,14/09/2024,20/09/2024,13/09/2024, , ,AGM/DIV - RS 2.50 PER SH 
BE,JAIBALAJI,Jai Balaji Industries Ltd, ,07/09/2024,13/09/2024,06/09/2024, , ,ANNUAL GENERAL MEETING   
BE,CORDSCABLE,Cords Cable Industries Li, ,17/09/2024,23/09/2024,13/09/2024, , ,AGM/DIV - RE 1 PER SH    
BE,GMRINFRA,GMR Infrastructure Limite, ,06/09/2024,16/09/2024,05/09/2024, , ,ANNUAL GENERAL MEETING   
BE,PARACABLES,Paramount Communications, ,13/09/2024,19/09/2024,12/09/2024, , ,ANNUAL GENERAL MEETING   
BE,UFLEX,UFLEX Limited, ,31/08/2024,19/09/2024,30/08/2024, , ,AGM/DIV - RE 1 PER SH    
BE,RSWM,RSWM Limited, ,07/09/2024,13/09/2024,06/09/2024, , ,ANNUAL GENERAL MEETING   
BE,HBLPOWER,HBL Power Systems Limited, ,14/09/2024,26/09/2024,13/09/2024, , ,AGM/DIV-RE 0.50 PER SH   
BE,PHOENIXLTD,The Phoenix Mills Limited,21/09/2024, , ,20/09/2024, , ,BONUS 1:1                
BE,AROGRANITE,Aro Granite Industries Li, ,12/09/2024,18/09/2024,11/09/2024, , ,ANNUAL GENERAL MEETING   
BE,SRHHYPOLTD,Sree Rayalaseema Hi-Stren, ,13/09/2024,21/09/2024,12/09/2024, , ,AGM/DIV - RS 3 PER SH    
BE,NAGREEKCAP,Nagreeka Capital & Infras, ,11/09/2024,17/09/2024,10/09/2024, , ,ANNUAL GENERAL MEETING   
BE,BINANIIND,Binani Industries Limited, ,13/09/2024,20/09/2024,12/09/2024, , ,ANNUAL GENERAL MEETING   
BE,VTL,Vardhman Textiles Limited, ,07/09/2024,14/09/2024,06/09/2024, , ,AGM/DIV - RS 4 PER SH    
BE,TVSSRICHAK,TVS Srichakra Limited, ,31/08/2024,12/09/2024,30/08/2024, , ,AGM/DIV-RS 47.34 PER SH  
BE,NAGREEKEXP,Nagreeka Exports Limited, ,12/09/2024,18/09/2024,11/09/2024, , ,ANNUAL GENERAL MEETING   
BE,ADVANIHOTR,Advani Hot.& Res.(I) Ltd, ,13/09/2024,20/09/2024,12/09/2024, , ,ANNUAL GENERAL MEETING   
BE,MANALIPETC,Manali Petrochemicals Lt, ,11/09/2024,18/09/2024,10/09/2024, , ,AGM/DIV - RS 0.75 PER SH 
BE,KECL,Kirloskar Electric Co-Dep, ,10/09/2024,16/09/2024,09/09/2024, , ,ANNUAL GENERAL MEETING   
BE,SHILPAMED,Shilpa Medicare Ltd, ,09/09/2024,17/09/2024,06/09/2024, , ,ANNUAL GENERAL MEETING   
BE,NAHARCAP,Nahar Capital and Financi, ,07/09/2024,12/09/2024,06/09/2024, , ,DIV - RS 1.50 PER SH     
BE,JOCIL,Jocil Limited, ,07/09/2024,14/09/2024,06/09/2024, , ,DIV - RE 1.5 PER SH      
BE,INDBANK,IndbankMerchant-Roll Sett, ,13/09/2024,19/09/2024,12/09/2024, , ,ANNUAL GENERAL MEETING   
BE,DELTAMAGNT,Delta Manufacturing Ltd, ,14/09/2024,20/09/2024,13/09/2024, , ,ANNUAL GENERAL MEETING   
BE,AMRUTANJAN,Amrutajan Health Ltd,16/09/2024, , ,13/09/2024, , ,DIV - RS 2.60 PER SH     
BE,AMRUTANJAN,Amrutajan Health Ltd, ,17/09/2024,23/09/2024,13/09/2024, , ,ANNUAL GENERAL MEETING   
BE,EMMBI,Emmbi Industries Ltd,13/09/2024, , ,13/09/2024, , ,DIV - RE 0.30 PER SH     
BE,ALMONDZ,Almondz Global Securities, ,14/09/2024,20/09/2024,13/09/2024, , ,ANNUAL GENERAL MEETING   
BE,GEECEE,GeeCee Ventures Limited, ,05/09/2024,12/09/2024,04/09/2024, , ,ANNUAL GENERAL MEETING   
BE,SJVN,SJVN Ltd, ,13/09/2024,19/09/2024,12/09/2024, , ,AGM/DIV-RE 0.65 PER SH   
BE,AHLEAST,Asian Hotels (East) Ltd, ,07/09/2024,13/09/2024,06/09/2024, , ,AGM/DIV - RS 2.50 PER SH 
BE,CANTABIL,Cantabil Retail Ltd, ,08/09/2024,14/09/2024,06/09/2024, , ,ANNUAL GENERAL MEETING   
BE,GRAVITA,Gravita India Limited, ,12/09/2024,18/09/2024,11/09/2024, , ,ANNUAL GENERAL MEETING   
BE,RKDL,Ravi Kumar Distilleries, ,17/09/2024,23/09/2024,13/09/2024, , ,ANNUAL GENERAL MEETING   
BE,WELINV,Welspun Inv & Comm Ltd, ,15/09/2024,17/09/2024,13/09/2024, , ,ANNUAL GENERAL MEETING   
BE,SPMLINFRA,SPML Infra Limited, ,14/09/2024,20/09/2024,13/09/2024, , ,ANNUAL GENERAL MEETING   
BE,RESPONIND,Responsive Industries Ltd, ,07/09/2024,13/09/2024,06/09/2024, , ,ANNUAL GENERAL MEETING   
BE,SMLISUZU,SML Isuzu Limited, ,07/09/2024,13/09/2024,06/09/2024, , ,ANNUAL GENERAL MEETING   
BE,INDTERRAIN,Ind Terrain Fashions Ltd, ,10/09/2024,16/09/2024,09/09/2024, , ,ANNUAL GENERAL MEETING   
BE,TRITURBINE,Triveni Turbine Limited, ,07/09/2024,13/09/2024,06/09/2024, , ,ANNUAL GENERAL MEETING   
BE,TREEHOUSE,Tree House Edu Ltd, ,06/09/2024,12/09/2024,05/09/2024, , ,ANNUAL GENERAL MEETING   
BE,VSSL,Vardhman Spc Steel Ltd, ,07/09/2024,14/09/2024,06/09/2024, , ,AGM/DIV - RS 2 PER SH    
BE,RUSHIL,Rushil Decor Limited,13/09/2024, , ,13/09/2024, , ,DIV - RE 0.10 PER SH     
BE,VSTTILLERS,VST Tillers Tractors Ltd, ,13/09/2024,19/09/2024,12/09/2024, , ,AGM/DIV - RS 20 PER SH   
BE,SPECIALITY,Speciality Rest Ltd, ,14/09/2024,20/09/2024,13/09/2024, , ,AGM/DIV - RE 1 PER SH    
BE,BROOKS,Brooks Lab Limited, ,13/09/2024,19/09/2024,12/09/2024, , ,ANNUAL GENERAL MEETING   
BE,VASWANI,Vaswani Ind Ltd, ,14/09/2024,20/09/2024,13/09/2024, , ,ANNUAL GENERAL MEETING   
BE,NDL,Nandan Denim Limited,19/09/2024, , ,19/09/2024, , ,FVSPLT FRM RS 10 TO RE 1 
BE,SNOWMAN,Snowman Logistics Ltd., ,11/09/2024,19/09/2024,10/09/2024, , ,ANNUAL GENERAL MEETING   
BE,SUPERHOUSE,Superhouse Limited, ,16/09/2024,30/09/2024,13/09/2024, , ,ANNUAL GENERAL MEETING   
BE,SUPERHOUSE,Superhouse Limited,13/09/2024, , ,13/09/2024, , ,DIV - RE 0.80 PER SH     
BE,CAPLIPOINT,Caplin Point Lab Ltd.,23/09/2024, , ,23/09/2024, , ,DIV - RS 2.50 PER SH     
BE,CAPLIPOINT,Caplin Point Lab Ltd., ,24/09/2024,30/09/2024,23/09/2024, , ,ANNUAL GENERAL MEETING   
BE,TECHIN,Techindia Nirman Limited,13/09/2024, , ,13/09/2024, , ,ANNUAL GENERAL MEETING   
BE,AGARIND,Agarwal Inds Corp Ltd., ,07/09/2024,13/09/2024,06/09/2024, , ,DIV - RS 3 PER SH        
BE,IGL,Indraprastha Gas Limited, ,17/09/2024,27/09/2024,13/09/2024, , ,AGM/DIV - RS 5 PER SH    
BE,VIPULLTD,Vipul Limited, ,16/09/2024,23/09/2024,13/09/2024, , ,ANNUAL GENERAL MEETING   
BE,BYKE,The Byke Hospitality Ltd, ,15/09/2024,21/09/2024,13/09/2024, , ,ANNUAL GENERAL MEETING   
BE,SKIPPER,Skipper Limited, ,13/09/2024,19/09/2024,12/09/2024, , ,AGM/DIV - RE 0.10 PER SH 
BE,GULFPETRO,GP Petroleums Limited, ,12/09/2024,18/09/2024,11/09/2024, , ,ANNUAL GENERAL MEETING   
BE,MANAKALUCO,Manak Aluminium Co. Ltd., ,14/09/2024,20/09/2024,13/09/2024, , ,ANNUAL GENERAL MEETING   
BE,MANAKALUCO,Manak Aluminium Co. Ltd.,13/09/2024, , ,13/09/2024, , ,DIV - RE 0.07 PER SH     
BE,GENUSPAPER,Genus P&B Limited, ,17/09/2024,23/09/2024,13/09/2024, , ,ANNUAL GENERAL MEETING   
BE,GIPCL,GUJARAT INDUSTRIES POWER, ,14/09/2024,20/09/2024,13/09/2024, , ,DIV - RS 3.95 PER SH     
BE,FINPIPE,FINOLEX INDUSTRIES LTD, ,12/09/2024,18/09/2024,11/09/2024, , ,AGM/DIV - RS 2.50 PER SH 
BE,SCI,SHIPPING CORP OF INDIA LT, ,07/09/2024,18/09/2024,06/09/2024, , ,ANNUAL GENERAL MEETING   
BE,GNFC,GUJARAT NARMADA FERT. CO, ,13/09/2024,20/09/2024,12/09/2024, , ,ANNUAL GENERAL MEETING   
BE,BEML,BEML Limited, ,14/09/2024,20/09/2024,13/09/2024, , ,AGM/DI-RS 15.50 PER SH   
BE,KOTHARIPRO,Kothari Products Ltd., ,07/09/2024,14/09/2024,06/09/2024, , ,ANNUAL GENERAL MEETING   
BE,STERTOOLS,Sterling Tools Ltd., ,07/09/2024,13/09/2024,06/09/2024, , ,ANNUAL GENERAL MEETING   
BE,INDIACEM,The India Cements Limited, ,17/09/2024,23/09/2024,13/09/2024, , ,ANNUAL GENERAL MEETING   
BE,GLENMARK,Glenmark Pharma Ltd, ,17/09/2024,27/09/2024,13/09/2024, , ,DIV - RS 2.50 PER SH     
BE,INDIANCARD,Indian Card Clothing Co., ,10/09/2024,16/09/2024,09/09/2024, , ,ANNUAL GENERAL MEETING   
BE,JINDWORLD,Jindal Worldwide Ltd, ,10/09/2024,16/09/2024,09/09/2024, , ,ANNUAL GENERAL MEETING   
BE,PRECWIRE,Precision Wires India Ltd, ,14/09/2024,20/09/2024,13/09/2024, , ,AGM/DIV-RE 0.45 PER SH   
BE,REMSONSIND,Remsons Industries Ltd, ,14/09/2024,20/09/2024,13/09/2024, , ,AGM/DIV-RE 0.30 PER SH   
BE,EUROTEXIND,Eurotex Ind.& Exports Ltd, ,13/09/2024,20/09/2024,12/09/2024, , ,ANNUAL GENERAL MEETING   
BE,GSFC,GSFC DEP, ,10/09/2024,24/09/2024,09/09/2024, , ,AGM/DIV - RS 4 PER SH    
BE,LUMAXIND,Lumax Industries Ltd, ,10/09/2024,27/09/2024,09/09/2024, , ,ANNUAL GENERAL MEETING   
BE,PNBGILTS,PNB Gilts Limited,13/09/2024, , ,13/09/2024, , ,DIV - RE 1 PER SH        
BE,HCL-INSYS,HCL INFOSYSTEMS DEP, ,13/09/2024,18/09/2024,12/09/2024, , ,ANNUAL GENERAL MEETING   
BE,INDRAMEDCO,IndraprasthaMed-Roll Sett, ,14/09/2024,24/09/2024,13/09/2024, , ,AGM/DIV - RS 4.50 PER SH 
BE,KCPSUGIND,KCP Sug & Ind Corp Ltd., ,17/09/2024,23/09/2024,13/09/2024, , ,AGM/DIV-RE 0.20 PER SH   
BE,HIKAL,Hikal Limited, ,11/09/2024,17/09/2024,10/09/2024, , ,ANNUAL GENERAL MEETING   
BE,SUBROS,Subros Ltd, ,12/09/2024,18/09/2024,11/09/2024, , ,AGM/DIV - RE 1.8 PER SH  
BE,DHAMPURSUG,DHAMPUR SUGAR MILLS LTD, ,06/09/2024,12/09/2024,05/09/2024, , ,ANNUAL GENERAL MEETING   
BE,SPIC,SPIC LTD,12/09/2024, , ,12/09/2024, , ,DIV - RS 1.50 PER SH     
BE,SPIC,SPIC LTD, ,13/09/2024,19/09/2024,12/09/2024, , ,ANNUAL GENERAL MEETING   
BE,NRBBEARING,NRB Bearings Limited, ,14/09/2024,20/09/2024,13/09/2024, , ,ANNUAL GENERAL MEETING   
BE,INDNIPPON,India Nippon Elect Ltd, ,12/09/2024,18/09/2024,11/09/2024, , ,ANNUAL GENERAL MEETING   
BE,CINEVISTA,Cinevista Limited, ,17/09/2024,24/09/2024,13/09/2024, , ,ANNUAL GENERAL MEETING   
BE,JAYBARMARU,Jay Bharat Maruti Ltd, ,06/09/2024,12/09/2024,05/09/2024, , ,AGM/DIV - RE 0.70 PER SH 
BE,MURUDCERA,Murudeshwar Ceram Ltd, ,14/09/2024,21/09/2024,13/09/2024, , ,AGM/DIV-RE 0.50 PER SH   
BE,BANARISUG,Bannari Amman Sugars , ,17/09/2024,23/09/2024,13/09/2024, , ,AGM/DIV-RS12.50 PER SH   
BE,NAHARPOLY,Nahar Poly Films Limited, ,07/09/2024,12/09/2024,06/09/2024, , ,DIV - RE 1 PER SH        
BE,UNIENTER,UNIPHOS ENTERPRISES LTD, ,07/09/2024,20/09/2024,06/09/2024, , ,DIV - RS 5.7PER SH       
BE,PREMIERPOL,Premier Polyfilms Ltd., ,10/09/2024,16/09/2024,09/09/2024, , ,AGM/DIV - RE 0.75 PER SH 
BE,BHARATRAS,Bharat Rasayan Ltd,12/09/2024, , ,12/09/2024, , ,DIV - RS 1.50 PER SH     
BE,BHARATRAS,Bharat Rasayan Ltd, ,13/09/2024,19/09/2024,12/09/2024, , ,ANNUAL GENERAL MEETING   
BE,CCL,CCL PRODUCTS (I) LTD,13/09/2024, , ,13/09/2024, , ,DIV - RS 2 PER SH        
BE,EXCELINDUS,Excel Industries Ltd,12/09/2024, , ,12/09/2024, , ,DIV - RS 5.50 PER SH     
BE,GUJRAFFIA,Gujarat Raffia-Roll Sett, ,10/09/2024,24/09/2024,09/09/2024, , ,ANNUAL GENERAL MEETING   
BE,NOIDATOLL,Noida Toll Bridge Co Ltd, ,11/09/2024,17/09/2024,10/09/2024, , ,ANNUAL GENERAL MEETING   
BE,RUBYMILLS,Ruby Mills Ltd., ,14/09/2024,20/09/2024,13/09/2024, , ,AGM/DIV - RS 1.75 PER SH 
BE,SIMPLEXINF,Simplex Infrastructures L, ,15/09/2024,21/09/2024,13/09/2024, , ,ANNUAL GENERAL MEETING   
BE,HCC,Hindustan Construc Co., ,11/09/2024,17/09/2024,10/09/2024, , ,ANNUAL GENERAL MEETING   
BE,JBMA,JBM Auto Limited, ,06/09/2024,12/09/2024,05/09/2024, , ,AGM/DIV - RS 1.50 PER SH 
BE,FCSSOFT,FCS Software Soln. Ltd., ,12/09/2024,20/09/2024,11/09/2024, , ,ANNUAL GENERAL MEETING   
BE,SUNFLAG,Sunflag Iron And Steel Co, ,14/09/2024,27/09/2024,13/09/2024, , ,ANNUAL GENERAL MEETING   
BE,CELEBRITY,Celebrity Fashions Limite, ,10/09/2024,16/09/2024,09/09/2024, , ,ANNUAL GENERAL MEETING   
BE,JINDALSAW,Jindal Saw Limited, ,17/09/2024,23/09/2024,13/09/2024, , ,EXTRAORDNRY GENRL MEETNG 
BE,NITINSPIN,Nitin Spinners Limited, ,10/09/2024,16/09/2024,09/09/2024, , ,AGM/DIV-RS 2.50 PER SH   
BE,JAGRAN,Jagran Prakashan Limited, ,14/09/2024,24/09/2024,13/09/2024, , ,ANNUAL GENERAL MEETING   
BE,JAGRAN,Jagran Prakashan Limited,13/09/2024, , ,13/09/2024, , ,DIV - RS 5 PER SH        
BE,GOKEX,Gokaldas Exports Ltd., ,13/09/2024,19/09/2024,12/09/2024, , ,ANNUAL GENERAL MEETING   
BE,UTTAMSUGAR,Uttam Sugar Mills Limited, ,12/09/2024,18/09/2024,11/09/2024, , ,AGM/DIV - RS 2.5 PER SH  
BE,VARDHACRLC,Vardhman Acrylics Ltd, ,07/09/2024,14/09/2024,06/09/2024, , ,AGM/DIV - RS 2 PER SH    
BE,VHL,Vardhman Holdings Limited, ,07/09/2024,14/09/2024,06/09/2024, , ,AGM/DIV - RS 5 PER SH    
BE,NECLIFE,Nectar Lifesciences Ltd., ,15/09/2024,21/09/2024,13/09/2024, , ,ANNUAL GENERAL MEETING   
BE,ECLERX,eClerx Services Limited, ,07/09/2024,19/09/2024,06/09/2024, , ,DIV - RE 1 PER SH        
BE,VENUSREM,Venus Remedies Limited, ,17/09/2024,23/09/2024,13/09/2024, , ,ANNUAL GENERAL MEETING   
BE,BURNPUR,Burnpur Cement Limited, ,13/09/2024,19/09/2024,12/09/2024, , ,ANNUAL GENERAL MEETING   
BE,MANAKSIA,Manaksia Limited, ,12/09/2024,18/09/2024,11/09/2024, , ,ANNUAL GENERAL MEETING   
BE,PPAP,PPAP Automotive Limited, ,07/09/2024,12/09/2024,06/09/2024, , ,AGM/DIV-RS 1.25 PER SH   
BE,ARIES,Aries Agro Limited,16/09/2024, , ,13/09/2024, , ,DIV - RE 1 PER SH        
BE,NAHARSPING,Nahar Spinning Mills Ltd., ,07/09/2024,12/09/2024,06/09/2024, , ,DIV - RE 1 PER SH        
BE,KAVVERITEL,Kavveri Telecom Products, ,14/09/2024,20/09/2024,13/09/2024, , ,ANNUAL GENERAL MEETING   
BZ,BINANIIND,Binani Industries Limited, ,13/09/2024,20/09/2024,12/09/2024, , ,ANNUAL GENERAL MEETING   
EQ,DHAMPURSUG,Dhampur Sugar Mills Ltd, ,06/09/2024,12/09/2024,05/09/2024, , ,ANNUAL GENERAL MEETING   
EQ,BEML,BEML Limited, ,14/09/2024,20/09/2024,13/09/2024, , ,AGM/DI-RS 15.50 PER SH   
EQ,INDIACEM,The India Cements Limited, ,17/09/2024,23/09/2024,13/09/2024, , ,ANNUAL GENERAL MEETING   
EQ,MURUDCERA,Murudeshwar Ceram Ltd, ,14/09/2024,21/09/2024,13/09/2024, , ,AGM/DIV-RE 0.50 PER SH   
EQ,PRECWIRE,Precision Wires India Ltd, ,14/09/2024,20/09/2024,13/09/2024, , ,AGM/DIV-RE 0.45 PER SH   
EQ,BHARATRAS,Bharat Rasayan Ltd,12/09/2024, , ,12/09/2024, , ,DIV - RS 1.50 PER SH     
EQ,BHARATRAS,Bharat Rasayan Ltd, ,13/09/2024,19/09/2024,12/09/2024, , ,ANNUAL GENERAL MEETING   
EQ,SUBROS,Subros Ltd, ,12/09/2024,18/09/2024,11/09/2024, , ,AGM/DIV - RE 1.8 PER SH  
EQ,BANARISUG,Bannari Amman Sugars , ,17/09/2024,23/09/2024,13/09/2024, , ,AGM/DIV-RS12.50 PER SH   
EQ,INDNIPPON,India Nippon Elect Ltd, ,12/09/2024,18/09/2024,11/09/2024, , ,ANNUAL GENERAL MEETING   
EQ,INDRAMEDCO,Indraprastha Med Corp, ,14/09/2024,24/09/2024,13/09/2024, , ,AGM/DIV - RS 4.50 PER SH 
EQ,HUDCO,Hsg & Urban Dev Corpn Ltd,13/09/2024, , ,13/09/2024, , ,DIV - RS 2.65 PER SH     
EQ,KCPSUGIND,KCP Sug & Ind Corp Ltd., ,17/09/2024,23/09/2024,13/09/2024, , ,AGM/DIV-RE 0.20 PER SH   
EQ,SPIC,Southern Petro Ind Corp,12/09/2024, , ,12/09/2024, , ,DIV - RS 1.50 PER SH     
EQ,SPIC,Southern Petro Ind Corp, ,13/09/2024,19/09/2024,12/09/2024, , ,ANNUAL GENERAL MEETING   
EQ,SCI,Shipping Corp of India , ,07/09/2024,18/09/2024,06/09/2024, , ,ANNUAL GENERAL MEETING   
EQ,FINPIPE,Finolex Ind Ltd., ,12/09/2024,18/09/2024,11/09/2024, , ,AGM/DIV - RS 2.50 PER SH 
EQ,GSFC,Gujarat State Fert Ltd., ,10/09/2024,24/09/2024,09/09/2024, , ,AGM/DIV - RS 4 PER SH    
EQ,REMSONSIND,Remsons Industries Ltd, ,14/09/2024,20/09/2024,13/09/2024, , ,AGM/DIV-RE 0.30 PER SH   
EQ,INDIANCARD,Indian Card Clothing Co., ,10/09/2024,16/09/2024,09/09/2024, , ,ANNUAL GENERAL MEETING   
EQ,GNFC,Gujarat Narm Fert Co., ,13/09/2024,20/09/2024,12/09/2024, , ,ANNUAL GENERAL MEETING   
EQ,PREMIERPOL,Premier Polyfilm Ltd, ,10/09/2024,16/09/2024,09/09/2024, , ,AGM/DIV - RE 0.75 PER SH 
EQ,STERTOOLS,Sterling Tools Ltd., ,07/09/2024,13/09/2024,06/09/2024, , ,ANNUAL GENERAL MEETING   
EQ,JAYBARMARU,Jay Bharat Maruti Ltd, ,06/09/2024,12/09/2024,05/09/2024, , ,AGM/DIV - RE 0.70 PER SH 
EQ,LUMAXIND,Lumax Industries Ltd, ,10/09/2024,27/09/2024,09/09/2024, , ,ANNUAL GENERAL MEETING   
EQ,GUJRAFFIA,Gujarat Raffia Inds Ltd, ,10/09/2024,24/09/2024,09/09/2024, , ,ANNUAL GENERAL MEETING   
EQ,NRBBEARING,NRB Bearings Limited, ,14/09/2024,20/09/2024,13/09/2024, , ,ANNUAL GENERAL MEETING   
EQ,KOTHARIPRO,Kothari Products Ltd., ,07/09/2024,14/09/2024,06/09/2024, , ,ANNUAL GENERAL MEETING   
EQ,NOIDATOLL,Noida Toll Bridge Company, ,11/09/2024,17/09/2024,10/09/2024, , ,ANNUAL GENERAL MEETING   
EQ,GLENMARK,Glenmark Pharma Ltd, ,17/09/2024,27/09/2024,13/09/2024, , ,DIV - RS 2.50 PER SH     
EQ,JINDWORLD,Jindal Worldwide Ltd, ,10/09/2024,16/09/2024,09/09/2024, , ,ANNUAL GENERAL MEETING   
EQ,EUROTEXIND,Eurotex Ind.& Exports Ltd, ,13/09/2024,20/09/2024,12/09/2024, , ,ANNUAL GENERAL MEETING   
EQ,GIPCL,Gujarat Ind Power Ltd, ,14/09/2024,20/09/2024,13/09/2024, , ,DIV - RS 3.95 PER SH     
EQ,PNBGILTS,PNB Gilts Limited,13/09/2024, , ,13/09/2024, , ,DIV - RE 1 PER SH        
EQ,HCL-INSYS,HCL Infosystems Ltd, ,13/09/2024,18/09/2024,12/09/2024, , ,ANNUAL GENERAL MEETING   
EQ,HIKAL,Hikal Limited, ,11/09/2024,17/09/2024,10/09/2024, , ,ANNUAL GENERAL MEETING   
EQ,CINEVISTA,Cinevista Limited, ,17/09/2024,24/09/2024,13/09/2024, , ,ANNUAL GENERAL MEETING   
EQ,NAHARPOLY,Nahar Poly Films Limited, ,07/09/2024,12/09/2024,06/09/2024, , ,DIV - RE 1 PER SH        
EQ,UNIENTER,Uniphos Enterprises Limit, ,07/09/2024,20/09/2024,06/09/2024, , ,DIV - RS 5.7PER SH       
EQ,RUBYMILLS,The Ruby Mills Ltd, ,14/09/2024,20/09/2024,13/09/2024, , ,AGM/DIV - RS 1.75 PER SH 
EQ,CCL,CCL Products (I) Ltd,13/09/2024, , ,13/09/2024, , ,DIV - RS 2 PER SH        
EQ,EXCELINDUS,Excel Industries Limited,12/09/2024, , ,12/09/2024, , ,DIV - RS 5.50 PER SH     
EQ,VARDHACRLC,Vardhman Acrylics Limited, ,07/09/2024,14/09/2024,06/09/2024, , ,AGM/DIV - RS 2 PER SH    
EQ,IGL,Indraprastha Gas Limited, ,17/09/2024,27/09/2024,13/09/2024, , ,AGM/DIV - RS 5 PER SH    
EQ,HCC,Hindustan Construc Co., ,11/09/2024,17/09/2024,10/09/2024, , ,ANNUAL GENERAL MEETING   
EQ,SIMPLEXINF,Simplex Infrastructures L, ,15/09/2024,21/09/2024,13/09/2024, , ,ANNUAL GENERAL MEETING   
EQ,JBMA,JBM Auto Limited, ,06/09/2024,12/09/2024,05/09/2024, , ,AGM/DIV - RS 1.50 PER SH 
EQ,FCSSOFT,FCS Software Solutions Li, ,12/09/2024,20/09/2024,11/09/2024, , ,ANNUAL GENERAL MEETING   
EQ,SUNFLAG,Sunflag Iron And Steel Co, ,14/09/2024,27/09/2024,13/09/2024, , ,ANNUAL GENERAL MEETING   
EQ,CELEBRITY,Celebrity Fashions Limite, ,10/09/2024,16/09/2024,09/09/2024, , ,ANNUAL GENERAL MEETING   
EQ,JINDALSAW,Jindal Saw Limited, ,17/09/2024,23/09/2024,13/09/2024, , ,EXTRAORDNRY GENRL MEETNG 
EQ,NITINSPIN,Nitin Spinners Limited, ,10/09/2024,16/09/2024,09/09/2024, , ,AGM/DIV-RS 2.50 PER SH   
EQ,JAGRAN,Jagran Prakashan Limited, ,14/09/2024,24/09/2024,13/09/2024, , ,ANNUAL GENERAL MEETING   
EQ,JAGRAN,Jagran Prakashan Limited,13/09/2024, , ,13/09/2024, , ,DIV - RS 5 PER SH        
EQ,GOKEX,Gokaldas Exports Limited, ,13/09/2024,19/09/2024,12/09/2024, , ,ANNUAL GENERAL MEETING   
EQ,UTTAMSUGAR,Uttam Sugar Mills Limited, ,12/09/2024,18/09/2024,11/09/2024, , ,AGM/DIV - RS 2.5 PER SH  
EQ,VHL,Vardhman Holdings Limited, ,07/09/2024,14/09/2024,06/09/2024, , ,AGM/DIV - RS 5 PER SH    
EQ,NECLIFE,Nectar Lifesciences Limit, ,15/09/2024,21/09/2024,13/09/2024, , ,ANNUAL GENERAL MEETING   
EQ,ECLERX,eClerx Services Limited, ,07/09/2024,19/09/2024,06/09/2024, , ,DIV - RE 1 PER SH        
EQ,VENUSREM,Venus Remedies Limited, ,17/09/2024,23/09/2024,13/09/2024, , ,ANNUAL GENERAL MEETING   
EQ,BURNPUR,Burnpur Cement Limited, ,13/09/2024,19/09/2024,12/09/2024, , ,ANNUAL GENERAL MEETING   
EQ,MANAKSIA,Manaksia Limited, ,12/09/2024,18/09/2024,11/09/2024, , ,ANNUAL GENERAL MEETING   
EQ,PPAP,PPAP Automotive Limited, ,07/09/2024,12/09/2024,06/09/2024, , ,AGM/DIV-RS 1.25 PER SH   
EQ,ARIES,Aries Agro Limited,16/09/2024, , ,13/09/2024, , ,DIV - RE 1 PER SH        
EQ,NAHARSPING,Nahar Spinning Mills Ltd., ,07/09/2024,12/09/2024,06/09/2024, , ,DIV - RE 1 PER SH        
EQ,KAVVERITEL,Kavveri Telecom Products, ,14/09/2024,20/09/2024,13/09/2024, , ,ANNUAL GENERAL MEETING   
EQ,BANCOINDIA,Banco Products (I) Ltd, ,13/09/2024,20/09/2024,12/09/2024, , ,ANNUAL GENERAL MEETING   
EQ,NCLIND,NCL Industries Limited, ,14/09/2024,20/09/2024,13/09/2024, , ,AGM/DIV - RS 2.50 PER SH 
EQ,JAIBALAJI,Jai Balaji Industries Ltd, ,07/09/2024,13/09/2024,06/09/2024, , ,ANNUAL GENERAL MEETING   
EQ,CORDSCABLE,Cords Cable Industries Li, ,17/09/2024,23/09/2024,13/09/2024, , ,AGM/DIV - RE 1 PER SH    
EQ,GMRINFRA,GMR Infrastructure Limite, ,06/09/2024,16/09/2024,05/09/2024, , ,ANNUAL GENERAL MEETING   
EQ,PARACABLES,Paramount Communications, ,13/09/2024,19/09/2024,12/09/2024, , ,ANNUAL GENERAL MEETING   
EQ,UFLEX,UFLEX Limited, ,31/08/2024,19/09/2024,30/08/2024, , ,AGM/DIV - RE 1 PER SH    
EQ,RSWM,RSWM Limited, ,07/09/2024,13/09/2024,06/09/2024, , ,ANNUAL GENERAL MEETING   
EQ,HBLPOWER,HBL Power Systems Limited, ,14/09/2024,26/09/2024,13/09/2024, , ,AGM/DIV-RE 0.50 PER SH   
EQ,PHOENIXLTD,The Phoenix Mills Limited,21/09/2024, , ,20/09/2024, , ,BONUS 1:1                
EQ,AROGRANITE,Aro Granite Industries Li, ,12/09/2024,18/09/2024,11/09/2024, , ,ANNUAL GENERAL MEETING   
EQ,SRHHYPOLTD,Sree Rayalaseema Hi-Stren, ,13/09/2024,21/09/2024,12/09/2024, , ,AGM/DIV - RS 3 PER SH    
EQ,NAGREEKCAP,Nagreeka Capital & Infras, ,11/09/2024,17/09/2024,10/09/2024, , ,ANNUAL GENERAL MEETING   
EQ,BINANIIND,Binani Industries Limited, ,13/09/2024,20/09/2024,12/09/2024, , ,ANNUAL GENERAL MEETING   
EQ,VTL,Vardhman Textiles Limited, ,07/09/2024,14/09/2024,06/09/2024, , ,AGM/DIV - RS 4 PER SH    
EQ,TVSSRICHAK,TVS Srichakra Limited, ,31/08/2024,12/09/2024,30/08/2024, , ,AGM/DIV-RS 47.34 PER SH  
EQ,NAGREEKEXP,Nagreeka Exports Limited, ,12/09/2024,18/09/2024,11/09/2024, , ,ANNUAL GENERAL MEETING   
EQ,ADVANIHOTR,Advani Hotels & Resorts (, ,13/09/2024,20/09/2024,12/09/2024, , ,ANNUAL GENERAL MEETING   
EQ,MANALIPETC,Manali Petrochemicals Lt, ,11/09/2024,18/09/2024,10/09/2024, , ,AGM/DIV - RS 0.75 PER SH 
EQ,KECL,Kirloskar Electric Co Ltd, ,10/09/2024,16/09/2024,09/09/2024, , ,ANNUAL GENERAL MEETING   
EQ,SHILPAMED,Shilpa Medicare Ltd, ,09/09/2024,17/09/2024,06/09/2024, , ,ANNUAL GENERAL MEETING   
EQ,NAHARCAP,Nahar Capital and Financi, ,07/09/2024,12/09/2024,06/09/2024, , ,DIV - RS 1.50 PER SH     
EQ,JOCIL,Jocil Limited, ,07/09/2024,14/09/2024,06/09/2024, , ,DIV - RE 1.5 PER SH      
EQ,INDBANK,Indbank Merchant Banking, ,13/09/2024,19/09/2024,12/09/2024, , ,ANNUAL GENERAL MEETING   
EQ,DELTAMAGNT,Delta Manufacturing Ltd, ,14/09/2024,20/09/2024,13/09/2024, , ,ANNUAL GENERAL MEETING   
EQ,AMRUTANJAN,Amrutajan Health Ltd,16/09/2024, , ,13/09/2024, , ,DIV - RS 2.60 PER SH     
EQ,AMRUTANJAN,Amrutajan Health Ltd, ,17/09/2024,23/09/2024,13/09/2024, , ,ANNUAL GENERAL MEETING   
EQ,EMMBI,Emmbi Industries Ltd,13/09/2024, , ,13/09/2024, , ,DIV - RE 0.30 PER SH     
EQ,ALMONDZ,Almondz Global Securities, ,14/09/2024,20/09/2024,13/09/2024, , ,ANNUAL GENERAL MEETING   
EQ,GEECEE,GeeCee Ventures Limited, ,05/09/2024,12/09/2024,04/09/2024, , ,ANNUAL GENERAL MEETING   
EQ,SJVN,SJVN Ltd, ,13/09/2024,19/09/2024,12/09/2024, , ,AGM/DIV-RE 0.65 PER SH   
EQ,AHLEAST,Asian Hotels (East) Ltd, ,07/09/2024,13/09/2024,06/09/2024, , ,AGM/DIV - RS 2.50 PER SH 
EQ,CANTABIL,Cantabil Retail Ltd, ,08/09/2024,14/09/2024,06/09/2024, , ,ANNUAL GENERAL MEETING   
EQ,GRAVITA,Gravita India Limited, ,12/09/2024,18/09/2024,11/09/2024, , ,ANNUAL GENERAL MEETING   
EQ,RKDL,Ravi Kumar Distilleries, ,17/09/2024,23/09/2024,13/09/2024, , ,ANNUAL GENERAL MEETING   
EQ,WELINV,Welspun Inv & Comm Ltd, ,15/09/2024,17/09/2024,13/09/2024, , ,ANNUAL GENERAL MEETING   
EQ,SPMLINFRA,SPML Infra Limited, ,14/09/2024,20/09/2024,13/09/2024, , ,ANNUAL GENERAL MEETING   
EQ,RESPONIND,Responsive Industries Ltd, ,07/09/2024,13/09/2024,06/09/2024, , ,ANNUAL GENERAL MEETING   
EQ,SMLISUZU,SML Isuzu Limited, ,07/09/2024,13/09/2024,06/09/2024, , ,ANNUAL GENERAL MEETING   
EQ,INDTERRAIN,Ind Terrain Fashions Ltd, ,10/09/2024,16/09/2024,09/09/2024, , ,ANNUAL GENERAL MEETING   
EQ,TRITURBINE,Triveni Turbine Limited, ,07/09/2024,13/09/2024,06/09/2024, , ,ANNUAL GENERAL MEETING   
EQ,TREEHOUSE,Tree House Edu Ltd, ,06/09/2024,12/09/2024,05/09/2024, , ,ANNUAL GENERAL MEETING   
EQ,VSSL,Vardhman Spc Steel Ltd, ,07/09/2024,14/09/2024,06/09/2024, , ,AGM/DIV - RS 2 PER SH    
EQ,RUSHIL,Rushil Decor Limited,13/09/2024, , ,13/09/2024, , ,DIV - RE 0.10 PER SH     
EQ,VSTTILLERS,VST Tillers Tractors Ltd, ,13/09/2024,19/09/2024,12/09/2024, , ,AGM/DIV - RS 20 PER SH   
EQ,BROOKS,Brooks Lab Limited, ,13/09/2024,19/09/2024,12/09/2024, , ,ANNUAL GENERAL MEETING   
EQ,VASWANI,Vaswani Ind Ltd, ,14/09/2024,20/09/2024,13/09/2024, , ,ANNUAL GENERAL MEETING   
EQ,SPECIALITY,Speciality Rest Ltd, ,14/09/2024,20/09/2024,13/09/2024, , ,AGM/DIV - RE 1 PER SH    
EQ,NDL,Nandan Denim Limited,19/09/2024, , ,19/09/2024, , ,FVSPLT FRM RS 10 TO RE 1 
EQ,SNOWMAN,Snowman Logistics Ltd., ,11/09/2024,19/09/2024,10/09/2024, , ,ANNUAL GENERAL MEETING   
EQ,SUPERHOUSE,Superhouse Limited, ,16/09/2024,30/09/2024,13/09/2024, , ,ANNUAL GENERAL MEETING   
EQ,SUPERHOUSE,Superhouse Limited,13/09/2024, , ,13/09/2024, , ,DIV - RE 0.80 PER SH     
EQ,CAPLIPOINT,Caplin Point Lab Ltd.,23/09/2024, , ,23/09/2024, , ,DIV - RS 2.50 PER SH     
EQ,CAPLIPOINT,Caplin Point Lab Ltd., ,24/09/2024,30/09/2024,23/09/2024, , ,ANNUAL GENERAL MEETING   
EQ,TECHIN,Techindia Nirman Limited,13/09/2024, , ,13/09/2024, , ,ANNUAL GENERAL MEETING   
EQ,AGARIND,Agarwal Inds Corp Ltd., ,07/09/2024,13/09/2024,06/09/2024, , ,DIV - RS 3 PER SH        
EQ,VIPULLTD,Vipul Limited, ,16/09/2024,23/09/2024,13/09/2024, , ,ANNUAL GENERAL MEETING   
EQ,BYKE,The Byke Hospitality Ltd, ,15/09/2024,21/09/2024,13/09/2024, , ,ANNUAL GENERAL MEETING   
EQ,SKIPPER,Skipper Limited, ,13/09/2024,19/09/2024,12/09/2024, , ,AGM/DIV - RE 0.10 PER SH 
EQ,GULFPETRO,GP Petroleums Limited, ,12/09/2024,18/09/2024,11/09/2024, , ,ANNUAL GENERAL MEETING   
EQ,MANAKALUCO,Manak Aluminium Co. Ltd., ,14/09/2024,20/09/2024,13/09/2024, , ,ANNUAL GENERAL MEETING   
EQ,MANAKALUCO,Manak Aluminium Co. Ltd.,13/09/2024, , ,13/09/2024, , ,DIV - RE 0.07 PER SH     
EQ,GENUSPAPER,Genus P&B Limited, ,17/09/2024,23/09/2024,13/09/2024, , ,ANNUAL GENERAL MEETING   
EQ,MANAKSTEEL,Manaksia Steels Ltd, ,12/09/2024,18/09/2024,11/09/2024, , ,ANNUAL GENERAL MEETING   
EQ,MANAKCOAT,Man Coat Metal & Ind Ltd, ,14/09/2024,20/09/2024,13/09/2024, , ,AGM/DIV - RE 0.05 PER SH 
EQ,GULPOLY,Gulshan Polyols Limited,12/09/2024, , ,12/09/2024, , ,DIV - RE 0.30 PER SH     
EQ,GULPOLY,Gulshan Polyols Limited, ,13/09/2024,20/09/2024,12/09/2024, , ,ANNUAL GENERAL MEETING   
EQ,MONTECARLO,Monte Carlo Fashions Ltd., ,17/09/2024,23/09/2024,13/09/2024, , ,AGM/DIV - RS 20 PER SH   
EQ,LAMBODHARA,Lambodhara Textiles Ltd., ,10/09/2024,16/09/2024,09/09/2024, , ,AGM/DIV - RE 0.5 PER SH  
EQ,LINCOLN,Lincoln Pharma Ltd, ,14/09/2024,30/09/2024,13/09/2024, , ,DIV - RS 1.80 PER SH     
EQ,POWERMECH,Power Mech Projects Ltd.,08/10/2024, , ,08/10/2024, , ,BONUS 1:1                
EQ,NAVKARCORP,Navkar Corporation Ltd., ,17/09/2024,23/09/2024,13/09/2024, , ,ANNUAL GENERAL MEETING   
EQ,SALONA,Salona Cotspin Ltd., ,17/09/2024,23/09/2024,13/09/2024, , ,AGM/DIV - RE 1 PER SH    
EQ,ARROWGREEN,Arrow Greentech Limited, ,13/09/2024,16/09/2024,12/09/2024, , ,AGM/DIV - RS 2 PER SH    
EQ,BLS,BLS Intl Servs Ltd, ,06/09/2024,12/09/2024,05/09/2024, , ,AGM/DIV - RE 0.50 PER SH 
EQ,SABEVENTS,Sab Events & Governance, ,10/09/2024,16/09/2024,09/09/2024, , ,ANNUAL GENERAL MEETING   
EQ,BIGBLOC,Bigbloc Construction Ltd,12/09/2024, , ,12/09/2024, , ,BONUS 1:1                
EQ,QUESS,Quess Corp Limited, ,10/09/2024,16/09/2024,09/09/2024, , ,ANNUAL GENERAL MEETING   
EQ,CLEDUCATE,CL Educate Limited, ,11/09/2024,17/09/2024,10/09/2024, , ,ANNUAL GENERAL MEETING   
EQ,SCHAND,S Chand And Company Ltd,13/09/2024, , ,13/09/2024, , ,AGM/DIV - RS 3 PER SH    
EQ,VBL,Varun Beverages Limited,12/09/2024, , ,12/09/2024, , ,FV SPLT FRM RS 5 TO RS 2 
EQ,DIAMONDYD,Prataap Snacks Limited,16/09/2024, , ,13/09/2024, , ,AGM/DIV - RS 2 PER SH    
EQ,HISARMETAL,Hisar Metal Ind. Limited, ,10/09/2024,20/09/2024,09/09/2024, , ,AGM/DIV - RE 1 PER SH    
EQ,ARIHANTSUP,Arihant Superstruct Ltd, ,14/09/2024,19/09/2024,13/09/2024, , ,AGM/DIV - RS 1.20 PER SH 
EQ,PODDARMENT,Poddar Pigments Limited, ,17/09/2024,23/09/2024,13/09/2024, , ,ANNUAL GENERAL MEETING   
EQ,PODDARMENT,Poddar Pigments Limited,16/09/2024, , ,13/09/2024, , ,DIV - RS 4 PER SH        
EQ,IRCON,Ircon International Ltd, ,06/09/2024,12/09/2024,05/09/2024, , ,AGM/DIV - RS 1.30 PER SH 
EQ,HITECH,Hi-Tech Pipes Limited,14/09/2024, , ,13/09/2024, , ,DIV - RS 0.025 PER SH    
EQ,GRSE,Garden Reach Ship, ,14/09/2024,20/09/2024,13/09/2024, , ,AGM/DIV - RS 1.44 PER SH 
EQ,TECHNOE,Techno Elec & Eng Co. Ltd,13/09/2024, , ,13/09/2024, , ,DIV - RS 7 PER SH        
EQ,NILASPACES,Nila Spaces Limited, ,10/09/2024,16/09/2024,09/09/2024, , ,ANNUAL GENERAL MEETING   
EQ,PITTIENG,Pitti Engineering Limited, ,14/09/2024,20/09/2024,13/09/2024, , ,AGM/DIV - RS 1.50 PER SH 
EQ,GARFIBRES,Garware TFL, ,13/09/2024,19/09/2024,12/09/2024, , ,AGM/DIV - RS 3 PER SH    
EQ,RITES,RITES Limited, ,06/09/2024,12/09/2024,05/09/2024, , ,ANNUAL GENERAL MEETING   
EQ,RITES,RITES Limited,20/09/2024, , ,20/09/2024, , ,BONUS 1:1                
EQ,CHEMFAB,Chemfab Alkalis Limited,13/09/2024, , ,13/09/2024, , ,DIV - RS 1.25 PER SH     
EQ,CHEMFAB,Chemfab Alkalis Limited, ,14/09/2024,20/09/2024,13/09/2024, , ,ANNUAL GENERAL MEETING   
EQ,PAISALO,Paisalo Digital Limited, ,17/09/2024,23/09/2024,13/09/2024, , ,AGM/DIV-RE 0.10 PER SH   
EQ,SAKAR,Sakar Healthcare Limited, ,15/09/2024,21/09/2024,13/09/2024, , ,ANNUAL GENERAL MEETING   
EQ,GEEKAYWIRE,Geekay Wires Limited, ,06/09/2024,12/09/2024,05/09/2024, , ,ANNUAL GENERAL MEETING   
EQ,MAXIND,Max India Limited, ,17/09/2024,23/09/2024,13/09/2024, , ,ANNUAL GENERAL MEETING   
EQ,MSTCLTD,MSTC Limited, ,11/09/2024,18/09/2024,10/09/2024, , ,AGM/DIV - RS 5 PER SH    
EQ,RGL,Renaissance Global Ltd, ,05/09/2024,12/09/2024,04/09/2024, , ,ANNUAL GENERAL MEETING   
EQ,MBAPL,Madhya Bharat Agro P. Ltd,13/09/2024, , ,13/09/2024, , ,DIV-RE 0.50 PER SH       
EQ,KRISHANA,Krishana Phoschem Limited,13/09/2024, , ,13/09/2024, , ,DIV - RE 0.50 PER SH     
EQ,TATVA,Tatva Chin Pharm Chem Ltd, ,07/09/2024,20/09/2024,06/09/2024, , ,ANNUAL GENERAL MEETING   
EQ,DRCSYSTEMS,DRC Systems India Limited, ,10/09/2024,17/09/2024,09/09/2024, , ,ANNUAL GENERAL MEETING   
EQ,PARAS,Paras Def and Spce Tech L, ,14/09/2024,20/09/2024,13/09/2024, , ,ANNUAL GENERAL MEETING   
EQ,STOVEKRAFT,Stove Kraft Limited,13/09/2024, , ,13/09/2024, , ,AGM/DIV - RS 2.50 PER SH 
EQ,AJOONI,Ajooni Biotech Limited, ,11/09/2024,17/09/2024,10/09/2024, , ,ANNUAL GENERAL MEETING   
EQ,FOODSIN,Foods & Inns Limited, ,16/09/2024,24/09/2024,13/09/2024, , ,AGM/DIV-RS 0.30 PER SH   
EQ,MANORG,Mangalam Organics Limited, ,07/09/2024,14/09/2024,06/09/2024, , ,ANNUAL GENERAL MEETING   
EQ,RPPL,Rajshree PolyPack Ltd,18/09/2024, , ,18/09/2024, , ,FVSPLT FRM RS 10 TO RS 5 
EQ,KRSNAA,Krsnaa Diagnostics Ltd,13/09/2024, , ,13/09/2024, , ,DIV - RS 2.50 PER SH     
EQ,KRSNAA,Krsnaa Diagnostics Ltd, ,14/09/2024,21/09/2024,13/09/2024, , ,ANNUAL GENERAL MEETING   
EQ,METROBRAND,Metro Brands Limited, ,13/09/2024,19/09/2024,12/09/2024, , ,ANNUAL GENERAL MEETING   
EQ,SURYODAY,Suryoday Small Fin Bk Ltd, ,06/09/2024,12/09/2024,05/09/2024, , ,ANNUAL GENERAL MEETING   
EQ,ELDEHSG,ELDECO HSG & IND LTD,12/09/2024, , ,12/09/2024, , ,DIV - RS 8 PER SH        
EQ,ELDEHSG,ELDECO HSG & IND LTD, ,13/09/2024,19/09/2024,12/09/2024, , ,ANNUAL GENERAL MEETING   
EQ,CHOICEIN,Choice International Ltd, ,15/09/2024,21/09/2024,13/09/2024, , ,ANNUAL GENERAL MEETING   
EQ,GMRP&UI,GMR Pow and Urban Infra L, ,06/09/2024,16/09/2024,05/09/2024, , ,ANNUAL GENERAL MEETING   
EQ,PAR,Par Drugs and Chem Ltd, ,14/09/2024,21/09/2024,13/09/2024, , ,ANNUAL GENERAL MEETING   
EQ,MEGASTAR,Megastar Foods Limited, ,06/09/2024,12/09/2024,05/09/2024, , ,ANNUAL GENERAL MEETING   
EQ,HERANBA,Heranba Industries Ltd, ,06/09/2024,12/09/2024,05/09/2024, , ,ANNUAL GENERAL MEETING   
EQ,GATEWAY,Gateway Distriparks Ltd, ,08/09/2024,19/09/2024,06/09/2024, , ,ANNUAL GENERAL MEETING   
EQ,SILVERTUC,Silver Touch Techno Ltd, ,06/09/2024,12/09/2024,05/09/2024, , ,ANNUAL GENERAL MEETING   
EQ,AMIORG,Ami Organics Limited, ,14/09/2024,20/09/2024,13/09/2024, , ,ANNUAL GENERAL MEETING   
EQ,AMIORG,Ami Organics Limited,13/09/2024, , ,13/09/2024, , ,DIV - RS 3 PER SH        
EQ,PRUDENT,Prudent Corp Adv Ser Ltd,13/09/2024, , ,13/09/2024, , ,DIV - RS 2 PER SH        
EQ,SHAILY,Shaily Eng Plastics Ltd, ,15/09/2024,21/09/2024,13/09/2024, , ,AGM/DIV - RE 1 PER SH    
EQ,ZODIAC,Zodiac Energy Limited, ,07/09/2024,13/09/2024,06/09/2024, , ,ANNUAL GENERAL MEETING   
EQ,MONARCH,Monarch Networth Cap Ltd,13/09/2024, , ,13/09/2024, , ,BONUS 1:1                
EQ,AGI,HSIL Limited, ,12/09/2024,18/09/2024,11/09/2024, , ,AGM/DIV - RS 6 PER SH    
EQ,HPAL,HP Adhesives Limited,13/09/2024, , ,13/09/2024, , ,DIV - RE 0.30 PER SH     
EQ,KANPRPLA,Kanpur Plastipack Limited, ,14/09/2024,20/09/2024,13/09/2024, , ,ANNUAL GENERAL MEETING   
EQ,MALLCOM,Mallcom (India) Limited, ,13/09/2024,19/09/2024,12/09/2024, , ,AGM/DIV - RS 3 PER SH    
EQ,KIMS,Krishna Inst of Med Sci L,13/09/2024, , ,13/09/2024, , ,FVSPLT FRM RS 10 TO RS 2 
EQ,ABMINTLLTD,ABM International Ltd, ,13/09/2024,19/09/2024,12/09/2024, , ,ANNUAL GENERAL MEETING   
EQ,HARIOMPIPE,Hariom Pipe Industries L,16/09/2024, , ,13/09/2024, , ,DIV - RE 0.60 PER SH     
EQ,RHIM,RHI MAGNESITA INDIA LTD, ,06/09/2024,13/09/2024,05/09/2024, , ,DIV - RS 2.50 PER SH     
EQ,OSIAHYPER,Osia Hyper Retail Ltd, ,13/09/2024,19/09/2024,12/09/2024, , ,ANNUAL GENERAL MEETING   
EQ,SPORTKING,Sportking India Limited,13/09/2024, , ,13/09/2024, , ,FVSPLT FRM RS10 TO RE1   
EQ,SYRMA,Syrma SGS Technology Ltd, ,11/09/2024,17/09/2024,10/09/2024, , ,ANNUAL GENERAL MEETING   
EQ,POCL,Pondy Oxides & Chem Ltd, ,12/09/2024,18/09/2024,11/09/2024, , ,AGM/DIV - RS 5 PER SH    
EQ,SADHNANIQ,Sadhana Nitrochem Limited,13/09/2024, , ,13/09/2024, , ,RIGHTS 1:3@PRM RS 5.06/- 
EQ,LANDMARK,Landmark Cars Limited,13/09/2024, , ,13/09/2024, , ,DIV - RS 1.50 PER SH     
EQ,LANDMARK,Landmark Cars Limited, ,14/09/2024,20/09/2024,13/09/2024, , ,ANNUAL GENERAL MEETING   
EQ,ASHOKAMET,Ashoka Metcast Limited, ,07/09/2024,12/09/2024,06/09/2024, , ,ANNUAL GENERAL MEETING   
EQ,SENCO,Senco Gold Limited, ,07/09/2024,13/09/2024,06/09/2024, , ,ANNUAL GENERAL MEETING   
EQ,NARMADA,Narmada Agrobase Limited,16/09/2024, , ,13/09/2024, , ,RIGHTS 9:5 @ PRM RS 5/-  
EQ,LORDSCHLO,Lords Chloro Alkali Ltd, ,17/09/2024,23/09/2024,13/09/2024, , ,ANNUAL GENERAL MEETING   
EQ,LOYALTEX,Loyal Textile Mills Ltd, ,17/09/2024,23/09/2024,13/09/2024, , ,ANNUAL GENERAL MEETING   
EQ,AMNPLST,Amines & Plasticizers Ltd, ,14/09/2024,27/09/2024,13/09/2024, , ,ANNUAL GENERAL MEETING   
EQ,AMNPLST,Amines & Plasticizers Ltd,13/09/2024, , ,13/09/2024, , ,DIV - RE 0.5 PER SH      
EQ,HEADSUP,The Mandhana Ret Vent Ltd, ,06/09/2024,12/09/2024,05/09/2024, , ,ANNUAL GENERAL MEETING   
EQ,JWL,Commercial Eng & Co. Ltd, ,06/09/2024,12/09/2024,05/09/2024, , ,ANNUAL GENERAL MEETING   
EQ,CSLFINANCE,CSL Finance Limited, ,15/09/2024,21/09/2024,13/09/2024, , ,AGM/DIV-RS 2.50 PER SH   
EQ,BLAL,BEML Land Assets Limited, ,10/09/2024,16/09/2024,09/09/2024, , ,ANNUAL GENERAL MEETING   
EQ,AAATECH,AAA Technologies Limited, ,08/09/2024,14/09/2024,06/09/2024, , ,ANNUAL GENERAL MEETING   
EQ,SCILAL,Shipping Corp of ILA Ltd, ,07/09/2024,20/09/2024,06/09/2024, , ,ANNUAL GENERAL MEETING   
EQ,DOMS,DOMS Industries Limited,16/09/2024, , ,13/09/2024, , ,DIV - RS 2.50 PER SH     
EQ,JUNIPER,Juniper Hotels Limited, ,13/09/2024,19/09/2024,12/09/2024, , ,ANNUAL GENERAL MEETING   
EQ,FEDFINA,Fedbank Financial Ser L, ,14/09/2024,19/09/2024,13/09/2024, , ,ANNUAL GENERAL MEETING   
EQ,NOVAAGRI,Nova Agritech Limited, ,13/09/2024,20/09/2024,12/09/2024, , ,ANNUAL GENERAL MEETING   
EQ,NDLVENTURE,NXTDIGITAL LIMITED, ,07/09/2024,13/09/2024,06/09/2024, , ,ANNUAL GENERAL MEETING   
GB,SGBSEP24,2.75% GOLDBONDS2024Tr-V,26/09/2024, , , , , ,REDEMPTION               
GS,GS200924C,GOI STRIPS C 200924,18/09/2024, , , , , ,REDEMPTION               
M3,IBULHSG,Sec Re NCD 9.25% Sr II,12/09/2024, , ,12/09/2024, , ,INTEREST PAYMENT         
MD,IBULHSG,Sec Re NCD 9.25% Sr VIII,12/09/2024, , ,12/09/2024, , ,INTEREST PAYMENT         
MG,IBULHSG,Sec Re NCD 9.71% Sr VIII,12/09/2024, , ,12/09/2024, , ,INTEREST PAYMENT         
MM,IBULHSG,Sec Re NCD 10.25% Sr XII,12/09/2024, , ,12/09/2024, , ,INTEREST PAYMENT         
MO,SAMMAANCAP,Sec Re NCD 8.20% Sr.VI,13/09/2024, , ,13/09/2024, , ,INTEREST PAYMENT         
MP,SAMMAANCAP,Sec Re NCD 8.66% Sr.VI,13/09/2024, , ,13/09/2024, , ,INTEREST PAYMENT         
MS,SAMMAANCAP,Sec Re NCD 8.43% Sr.VIII,13/09/2024, , ,13/09/2024, , ,INTEREST PAYMENT         
MT,SAMMAANCAP,Sec Re NCD 8.89% Sr.VIII,13/09/2024, , ,13/09/2024, , ,INTEREST PAYMENT         
MU,SAMMAANCAP,Sec Re NCD 8.65% Sr.I,13/09/2024, , , , , ,INT PAYMENT/REDEMPTION   
MV,SAMMAANCAP,Sec Re NCD 9.05% Sr.I,13/09/2024, , , , , ,INT PAYMENT/REDEMPTION   
MW,SAMMAANCAP,Sec Re NCD Sr.II,13/09/2024, , , , , ,INT PAYMENT/REDEMPTION   
MX,SAMMAANCAP,Sec Re NCD Sr.II,13/09/2024, , , , , ,INT PAYMENT/REDEMPTION   
MY,SAMMAANCAP,Sec Re NCD 8.33% Sr.III,13/09/2024, , , , , ,INT PAYMENT/REDEMPTION   
MZ,SAMMAANCAP,Sec Re NCD 8.70% Sr.III,13/09/2024, , , , , ,INT PAYMENT/REDEMPTION   
N1,SDIP,Summit Dig 7.89% 2029,16/09/2024, , ,13/09/2024, , ,INTEREST PAYMENT         
N2,NHAI,BOND 8.30% PA Tax Free S2,16/09/2024, , ,13/09/2024, , ,INTEREST PAYMENT         
N4,770NABAR27,NABARD 7.70% 2027 Sr 25A,13/09/2024, , ,13/09/2024, , ,INTEREST PAYMENT         
N4,IIFLSAMFIN,Sec Re NCD 10.03% Sr 5,16/09/2024, , ,13/09/2024, , ,INTEREST PAYMENT         
N5,IIHFL,Unsec Re NCD 9.60% Sr.II,13/09/2024, , ,13/09/2024, , ,INTEREST PAYMENT         
N8,920IIFLS26,Sec Re NCD 9.20% Sr I,16/09/2024, , ,13/09/2024, , ,INTEREST PAYMENT         
N8,UGROCAP,Sec Re NCD 10.25% Sr I,12/09/2024, , ,12/09/2024, , ,INTEREST PAYMENT         
N9,IIHFL,Sec Re NCD 8.20% Sr.III,13/09/2024, , ,13/09/2024, , ,INTEREST PAYMENT         
NA,957IIFLS27,Sec Re NCD 9.57% Sr III,16/09/2024, , ,13/09/2024, , ,INTEREST PAYMENT         
NB,NHAI,Tax Free 7.04% Sr. IA,16/09/2024, , ,13/09/2024, , ,INTEREST PAYMENT         
NC,NHAI,Tax Free 7.29% Sr. IB,16/09/2024, , ,13/09/2024, , ,INTEREST PAYMENT         
NC,IIHFL,Sec Re NCD 8.43% Sr.VI,13/09/2024, , ,13/09/2024, , ,INTEREST PAYMENT         
NC,1003IIFL29,Sec Re NCD 10.03% Sr V,16/09/2024, , ,13/09/2024, , ,INTEREST PAYMENT         
ND,NHAI,Tax Free 7.39% Sr. IIA,16/09/2024, , ,13/09/2024, , ,INTEREST PAYMENT         
NE,NHAI,Tax Free 7.69% Sr. IIB,16/09/2024, , ,13/09/2024, , ,INTEREST PAYMENT         
NJ,ECLFINANCE,Sec Red NCD 9.43% Sr. VI,16/09/2024, , ,13/09/2024, , ,INTEREST PAYMENT         
NR,ECLFINANCE,ECL Finance Limited,16/09/2024, , ,13/09/2024, , ,INTEREST PAYMENT         
SG,575AP24,SDL AP 5.75% 2024,26/09/2024, , , , , ,REDEMPTION               
SG,579KL24,SDL KL 5.79% 2024,26/09/2024, , , , , ,REDEMPTION               
SG,568MH24,SDL MH 5.68% 2024,20/09/2024, , , , , ,REDEMPTION               
SM,AHIMSA,Ahimsa Industries Ltd.,13/09/2024, , ,13/09/2024, , ,ANNUAL GENERAL MEETING   
SM,INNOVATIVE,Innovative Tyres & Tubes, ,11/09/2024,23/09/2024,10/09/2024, , ,ANNUAL GENERAL MEETING   
SM,OMFURN,Omfurn India Limited, ,14/09/2024,21/09/2024,13/09/2024, , ,ANNUAL GENERAL MEETING   
SM,GICL,Globe Intl Carriers Ltd, ,13/09/2024,19/09/2024,12/09/2024, , ,ANNUAL GENERAL MEETING   
SM,PROLIFE,Prolife Industries Ltd, ,17/09/2024,23/09/2024,13/09/2024, , ,AGM/DIV - RE 0.5 PER SH  
SM,MAHICKRA,Mahickra Chemical Limited, ,14/09/2024,21/09/2024,13/09/2024, , ,ANNUAL GENERAL MEETING   
SM,ABINFRA,A B Infrabuild Limited, ,12/09/2024,17/09/2024,11/09/2024, , ,ANNUAL GENERAL MEETING   
SM,PENTAGON,Pentagon Rubber Limited, ,07/09/2024,13/09/2024,06/09/2024, , ,ANNUAL GENERAL MEETING   
SM,JFLLIFE,JFL Life Sciences Limited,16/09/2024, , ,13/09/2024, , ,DIV - RE 0.25 PER SH     
SM,DUCOL,Ducol Orgs and Colours Lt, ,06/09/2024,13/09/2024,05/09/2024, , ,AGM/DIV - RE 0.50 PER SH 
SM,CLSL,Crop Life Science Limited, ,15/09/2024,21/09/2024,13/09/2024, , ,ANNUAL GENERAL MEETING   
SM,SHANTHALA,Shanthala FMCG Products L, ,12/09/2024,19/09/2024,11/09/2024, , ,ANNUAL GENERAL MEETING   
SM,MICROPRO,Micropro Software Sol L, ,13/09/2024,20/09/2024,12/09/2024, , ,ANNUAL GENERAL MEETING   
SM,VITAL,Vital Chemtech Limited,13/09/2024, , ,13/09/2024, , ,DIV - RE 0.50 PER SH     
SM,ARISTO,Aristo Bio T and Lifesc L,13/09/2024, , ,13/09/2024, , ,DIV - RE 0.40 PER SH     
SM,PRLIND,Premier Roadlines Limited, ,11/09/2024,18/09/2024,10/09/2024, , ,ANNUAL GENERAL MEETING   
SM,GPECO,GP Eco Solutions India L, ,16/09/2024,23/09/2024,13/09/2024, , ,ANNUAL GENERAL MEETING   
SM,INM,Interiors & More Limited, ,15/09/2024,21/09/2024,13/09/2024, , ,ANNUAL GENERAL MEETING   
SM,SHAIVAL,Shaival Reality Limited, ,13/09/2024,20/09/2024,12/09/2024, , ,ANNUAL GENERAL MEETING   
SM,DURLAX,Durlax Top Surface Ltd, ,10/09/2024,15/09/2024,09/09/2024, , ,ANNUAL GENERAL MEETING   
SM,DEEM,Deem Roll Tech Limited, ,13/09/2024,19/09/2024,12/09/2024, , ,ANNUAL GENERAL MEETING   
SM,VMARCIND,V Marc India Limited, ,05/09/2024,12/09/2024,04/09/2024, , ,ANNUAL GENERAL MEETING   
SQ,DURLAX,Durlax Top Surface Ltd, ,10/09/2024,15/09/2024,09/09/2024, , ,ANNUAL GENERAL MEETING   
SQ,DEEM,Deem Roll Tech Limited, ,13/09/2024,19/09/2024,12/09/2024, , ,ANNUAL GENERAL MEETING   
SQ,SHAIVAL,Shaival Reality Limited, ,13/09/2024,20/09/2024,12/09/2024, , ,ANNUAL GENERAL MEETING   
SQ,AHIMSA,Ahimsa Industries Ltd.,13/09/2024, , ,13/09/2024, , ,ANNUAL GENERAL MEETING   
SQ,INNOVATIVE,Innovative Tyres & Tubes, ,11/09/2024,23/09/2024,10/09/2024, , ,ANNUAL GENERAL MEETING   
SQ,OMFURN,Omfurn India Limited, ,14/09/2024,21/09/2024,13/09/2024, , ,ANNUAL GENERAL MEETING   
SQ,GICL,Globe Intl Carriers Ltd, ,13/09/2024,19/09/2024,12/09/2024, , ,ANNUAL GENERAL MEETING   
SQ,PROLIFE,Prolife Industries Ltd, ,17/09/2024,23/09/2024,13/09/2024, , ,AGM/DIV - RE 0.5 PER SH  
SQ,MAHICKRA,Mahickra Chemical Limited, ,14/09/2024,21/09/2024,13/09/2024, , ,ANNUAL GENERAL MEETING   
SQ,ABINFRA,A B Infrabuild Limited, ,12/09/2024,17/09/2024,11/09/2024, , ,ANNUAL GENERAL MEETING   
SQ,VMARCIND,V Marc India Limited, ,05/09/2024,12/09/2024,04/09/2024, , ,ANNUAL GENERAL MEETING   
SQ,PENTAGON,Pentagon Rubber Limited, ,07/09/2024,13/09/2024,06/09/2024, , ,ANNUAL GENERAL MEETING   
SQ,JFLLIFE,JFL Life Sciences Limited,16/09/2024, , ,13/09/2024, , ,DIV - RE 0.25 PER SH     
SQ,DUCOL,Ducol Orgs and Colours Lt, ,06/09/2024,13/09/2024,05/09/2024, , ,AGM/DIV - RE 0.50 PER SH 
SQ,CLSL,Crop Life Science Limited, ,15/09/2024,21/09/2024,13/09/2024, , ,ANNUAL GENERAL MEETING   
SQ,SHANTHALA,Shanthala FMCG Products L, ,12/09/2024,19/09/2024,11/09/2024, , ,ANNUAL GENERAL MEETING   
SQ,MICROPRO,Micropro Software Sol L, ,13/09/2024,20/09/2024,12/09/2024, , ,ANNUAL GENERAL MEETING   
SQ,VITAL,Vital Chemtech Limited,13/09/2024, , ,13/09/2024, , ,DIV - RE 0.50 PER SH     
SQ,ARISTO,Aristo Bio T and Lifesc L,13/09/2024, , ,13/09/2024, , ,DIV - RE 0.40 PER SH     
SQ,PRLIND,Premier Roadlines Limited, ,11/09/2024,18/09/2024,10/09/2024, , ,ANNUAL GENERAL MEETING   
SQ,GPECO,GP Eco Solutions India L, ,16/09/2024,23/09/2024,13/09/2024, , ,ANNUAL GENERAL MEETING   
SQ,INM,Interiors & More Limited, ,15/09/2024,21/09/2024,13/09/2024, , ,ANNUAL GENERAL MEETING   
ST,DURLAX,Durlax Top Surface Ltd, ,10/09/2024,15/09/2024,09/09/2024, , ,ANNUAL GENERAL MEETING   
ST,INM,Interiors & More Limited, ,15/09/2024,21/09/2024,13/09/2024, , ,ANNUAL GENERAL MEETING   
ST,SHAIVAL,Shaival Reality Limited, ,13/09/2024,20/09/2024,12/09/2024, , ,ANNUAL GENERAL MEETING   
ST,AHIMSA,Ahimsa Industries Ltd.,13/09/2024, , ,13/09/2024, , ,ANNUAL GENERAL MEETING   
ST,INNOVATIVE,Innovative Tyres & Tubes, ,11/09/2024,23/09/2024,10/09/2024, , ,ANNUAL GENERAL MEETING   
ST,OMFURN,Omfurn India Limited, ,14/09/2024,21/09/2024,13/09/2024, , ,ANNUAL GENERAL MEETING   
ST,GICL,Globe Intl Carriers Ltd, ,13/09/2024,19/09/2024,12/09/2024, , ,ANNUAL GENERAL MEETING   
ST,PROLIFE,Prolife Industries Ltd, ,17/09/2024,23/09/2024,13/09/2024, , ,AGM/DIV - RE 0.5 PER SH  
ST,MAHICKRA,Mahickra Chemical Limited, ,14/09/2024,21/09/2024,13/09/2024, , ,ANNUAL GENERAL MEETING   
ST,ABINFRA,A B Infrabuild Limited, ,12/09/2024,17/09/2024,11/09/2024, , ,ANNUAL GENERAL MEETING   
ST,VMARCIND,V Marc India Limited, ,05/09/2024,12/09/2024,04/09/2024, , ,ANNUAL GENERAL MEETING   
ST,PENTAGON,Pentagon Rubber Limited, ,07/09/2024,13/09/2024,06/09/2024, , ,ANNUAL GENERAL MEETING   
ST,JFLLIFE,JFL Life Sciences Limited,16/09/2024, , ,13/09/2024, , ,DIV - RE 0.25 PER SH     
ST,DUCOL,Ducol Orgs and Colours Lt, ,06/09/2024,13/09/2024,05/09/2024, , ,AGM/DIV - RE 0.50 PER SH 
ST,CLSL,Crop Life Science Limited, ,15/09/2024,21/09/2024,13/09/2024, , ,ANNUAL GENERAL MEETING   
ST,SHANTHALA,Shanthala FMCG Products L, ,12/09/2024,19/09/2024,11/09/2024, , ,ANNUAL GENERAL MEETING   
ST,MICROPRO,Micropro Software Sol L, ,13/09/2024,20/09/2024,12/09/2024, , ,ANNUAL GENERAL MEETING   
ST,VITAL,Vital Chemtech Limited,13/09/2024, , ,13/09/2024, , ,DIV - RE 0.50 PER SH     
ST,ARISTO,Aristo Bio T and Lifesc L,13/09/2024, , ,13/09/2024, , ,DIV - RE 0.40 PER SH     
ST,PRLIND,Premier Roadlines Limited, ,11/09/2024,18/09/2024,10/09/2024, , ,ANNUAL GENERAL MEETING   
ST,GPECO,GP Eco Solutions India L, ,16/09/2024,23/09/2024,13/09/2024, , ,ANNUAL GENERAL MEETING   
ST,DEEM,Deem Roll Tech Limited, ,13/09/2024,19/09/2024,12/09/2024, , ,ANNUAL GENERAL MEETING   
U1,SDIP,Summit Dig 7.89% 2029,16/09/2024, , ,13/09/2024, , ,INTEREST PAYMENT         
U2,NHAI,BOND 8.30% PA Tax Free S2,16/09/2024, , ,13/09/2024, , ,INTEREST PAYMENT         
U4,770NABAR27,NABARD 7.70% 2027 Sr 25A,13/09/2024, , ,13/09/2024, , ,INTEREST PAYMENT         
U4,IIFLSAMFIN,Sec Re NCD 10.03% Sr 5,16/09/2024, , ,13/09/2024, , ,INTEREST PAYMENT         
U5,IIHFL,Unsec Re NCD 9.60% Sr.II,13/09/2024, , ,13/09/2024, , ,INTEREST PAYMENT         
U8,920IIFLS26,Sec Re NCD 9.20% Sr I,16/09/2024, , ,13/09/2024, , ,INTEREST PAYMENT         
U8,UGROCAP,Sec Re NCD 10.25% Sr I,12/09/2024, , ,12/09/2024, , ,INTEREST PAYMENT         
U9,IIHFL,Sec Re NCD 8.20% Sr.III,13/09/2024, , ,13/09/2024, , ,INTEREST PAYMENT         
UA,957IIFLS27,Sec Re NCD 9.57% Sr III,16/09/2024, , ,13/09/2024, , ,INTEREST PAYMENT         
UB,NHAI,Tax Free 7.04% Sr. IA,16/09/2024, , ,13/09/2024, , ,INTEREST PAYMENT         
UC,NHAI,Tax Free 7.29% Sr. IB,16/09/2024, , ,13/09/2024, , ,INTEREST PAYMENT         
UC,IIHFL,Sec Re NCD 8.43% Sr.VI,13/09/2024, , ,13/09/2024, , ,INTEREST PAYMENT         
UC,1003IIFL29,Sec Re NCD 10.03% Sr V,16/09/2024, , ,13/09/2024, , ,INTEREST PAYMENT         
UD,NHAI,Tax Free 7.39% Sr. IIA,16/09/2024, , ,13/09/2024, , ,INTEREST PAYMENT         
UE,NHAI,Tax Free 7.69% Sr. IIB,16/09/2024, , ,13/09/2024, , ,INTEREST PAYMENT         
UJ,ECLFINANCE,Sec Red NCD 9.43% Sr. VI,16/09/2024, , ,13/09/2024, , ,INTEREST PAYMENT         
UR,ECLFINANCE,ECL Finance Limited,16/09/2024, , ,13/09/2024, , ,INTEREST PAYMENT         
Y3,IBULHSG,Sec Re NCD 9.25% Sr II,12/09/2024, , ,12/09/2024, , ,INTEREST PAYMENT         
YD,IBULHSG,Sec Re NCD 9.25% Sr VIII,12/09/2024, , ,12/09/2024, , ,INTEREST PAYMENT         
YG,IBULHSG,Sec Re NCD 9.71% Sr VIII,12/09/2024, , ,12/09/2024, , ,INTEREST PAYMENT         
YM,IBULHSG,Sec Re NCD 10.25% Sr XII,12/09/2024, , ,12/09/2024, , ,INTEREST PAYMENT         
YO,SAMMAANCAP,Sec Re NCD 8.20% Sr.VI,13/09/2024, , ,13/09/2024, , ,INTEREST PAYMENT         
YP,SAMMAANCAP,Sec Re NCD 8.66% Sr.VI,13/09/2024, , ,13/09/2024, , ,INTEREST PAYMENT         
YS,SAMMAANCAP,Sec Re NCD 8.43% Sr.VIII,13/09/2024, , ,13/09/2024, , ,INTEREST PAYMENT         
YT,SAMMAANCAP,Sec Re NCD 8.89% Sr.VIII,13/09/2024, , ,13/09/2024, , ,INTEREST PAYMENT         
YU,SAMMAANCAP,Sec Re NCD 8.65% Sr.I,13/09/2024, , , , , ,INT PAYMENT/REDEMPTION   
YV,SAMMAANCAP,Sec Re NCD 9.05% Sr.I,13/09/2024, , , , , ,INT PAYMENT/REDEMPTION   
YW,SAMMAANCAP,Sec Re NCD Sr.II,13/09/2024, , , , , ,INT PAYMENT/REDEMPTION   
YX,SAMMAANCAP,Sec Re NCD Sr.II,13/09/2024, , , , , ,INT PAYMENT/REDEMPTION   
YY,SAMMAANCAP,Sec Re NCD 8.33% Sr.III,13/09/2024, , , , , ,INT PAYMENT/REDEMPTION   
YZ,SAMMAANCAP,Sec Re NCD 8.70% Sr.III,13/09/2024, , , , , ,INT PAYMENT/REDEMPTION   
Z1,SAMMAANCAP,Sec Red NCD 8.55% Sr. I,13/09/2024, , ,13/09/2024, , ,INTEREST PAYMENT         
Z2,SAMMAANCAP,Sec Red NCD 8.65% Sr. I,13/09/2024, , ,13/09/2024, , ,INTEREST PAYMENT         
Z4,SAMMAANCAP,Sec Red NCD Sr. II,13/09/2024, , ,13/09/2024, , ,INTEREST PAYMENT         
Z5,SAMMAANCAP,Sec Red NCD 8.75% Sr. III,13/09/2024, , ,13/09/2024, , ,INTEREST PAYMENT         
Z6,SAMMAANCAP,Sec Red NCD 8.90% Sr. III,13/09/2024, , ,13/09/2024, , ,INTEREST PAYMENT         
Z7,SAMMAANCAP,Sec Red NCD Sr. IV,13/09/2024, , ,13/09/2024, , ,INTEREST PAYMENT         
Z8,SAMMAANCAP,Sec Red NCD 8.65% Sr. V,13/09/2024, , ,13/09/2024, , ,INTEREST PAYMENT         
Z9,SAMMAANCAP,Sec Red NCD 8.85% Sr. VI,13/09/2024, , ,13/09/2024, , ,INTEREST PAYMENT         

