SYMBOL,SERIES,SECURITY,HIGH/LOW,INDEX FLAG
1018GS2026,GS,GOI LOAN 10.18% 2026,H
ABCOTS,SM,A B COTSPIN INDIA LIMITED,H
ACCORD,SM,ACCORD SYNERGY LIMITED,H
ACSAL,SM,ARVIND AND COMPANY,H
ADL,EQ,ARCHIDPLY DECOR LIMITED,H
AGUL,SM,A G UNIVERSAL LIMITED,H
AIRAN,BE,AIRAN LIMITED,H
AKSH-RE,BE,AKSHAR SPINTEX LIMITED,H
ALMONDZ,BE,ALMONDZ GLOBAL SEC LTD,H
ANSALAPI,BZ,ANSAL PROP & INFRA LTD,H
ANTGRAPHIC,BE,ANTARCTICA LTD,H
ARCHIDPLY,BE,ARCHIDPLY IND. LTD,H
ARHAM,SM,ARHAM TECHNOLOGIES LTD,H
ASMS,EQ,BARTRONICS INDIA LIMITED,H
BALAJEE,BE,SHREE TIRUPATI BALAJEE L,H
BIL,EQ,BHARTIYA INTERNATIONAL,H
BINANIIND,EQ,BINANI INDUSTRIES LTD,H
BLUECHIP,BE,BLUE CHIP INDIA LIMITED,H
BROOKS,BE,BROOKS LAB LIMITED,H
CALSOFT,EQ,CALIFORNIA SOFTWARE CO LT,H
CANARYS,ST,CANARYS AUTOMATIONS LTD,H
CCCL,EQ,CONS. CONST. CONSORT LTD,H
CELLECOR,SM,CELLECOR GADGETS LIMITED,H
CMNL,SM,CHAMAN METALLICS LIMITED,H
CMRSL,SM,CYBER MEDIA RES & SER LTD,H
DESTINY,ST,DESTINY LOGISTICS & I LTD,H
DGCONTENT,BE,DIGICONTENT LIMITED,H
DRSDILIP,SM,DRS DILIP ROADLINES LTD.,H
DYNPRO,BE,DYNEMIC PRODUCTS LIMITED,H
ESCONET,ST,ESCONET TECHNOLOGIES LTD,H
EUROTEXIND,EQ,EUROTEX INDUSTRIES LTD,H
FEL,BZ,FUTURE ENTERPRISES LTD,H
GAYAHWS,BE,GAYATRI HIGHWAYS LIMITED,H
GEPIL,BE,GE POWER INDIA LIMITED,H
GLOBALVECT,BE,GLOBAL VEC HELICORP LTD,H
GLOBE,BE,GLOBE TEXTILES (I) LTD.,H
GOENKA,BZ,GOENKA DIAMOND&JEWELS LTD,H
GRAPHISAD,SM,GRAPHISADS LIMITED,H
GVKPIL,BE,GVK POW. & INFRA LTD.,H
HMT,BZ,HMT LTD -,H
HRHNEXT,SM,HRH NEXT SERVICES LIMITED,H
IMPEXFERRO,BE,IMPEX FERRO TECH LIMITED,H
INDOTHAI,BE,INDO THAI SEC LTD,H
INFOMEDIA,BE,INFOMEDIA PRESS LIMITED,H
IPHL,ST,INDIAN PHOSPHATE LIMITED,H
IWEL,BE,INOX WIND ENERGY LIMITED,H
IZMO,BE,IZMO LIMITED,H
JFLLIFE,ST,JFL LIFE SCIENCES LIMITED,H
JUBLINDS,EQ,JUBILANT INDUSTRIES LTD,H
JYOTISTRUC,EQ,JYOTI STRUCTURES LTD,H
KAUSHALYA,BE,KAUSHALYA INFRA DEV LTD.,H
KAYA,BE,KAYA LIMITED,H
KDL,ST,KORE DIGITAL LIMITED,H
KEEPLEARN,BE,DSJ KEEP LEARNING LTD,H
KITEX,EQ,KITEX GARMENTS LTD,H
KNAGRI,ST,KN AGRI RESOURCES LIMITED,H
KODYTECH,SM,KODY TECHNOLAB LIMITED,H
KREBSBIO,BE,KREBS BIOCHEMICALS & IND,H
KRISHCA,ST,KRISHCA STRAPPING SLTN L,H
KRISHIVAL,SM,KRISHIVAL FOODS LIMITED,H
KRITIKA,EQ,KRITIKA WIRES LIMITED,H
KSHITIJPOL,BE,KSHITIJ POLYLINE LIMITED,H
LAKPRE,BZ,LAKSHMI PRE SCRE LTD,H
LATTEYS,BE,LATTEYS INDUSTRIES LTD,H
LGHL,BE,LAXMI GOLDORNA HOUSE LTD,H
LRRPL,ST,LEAD REC AND RUB PROD LTD,H
MACPOWER,BE,MACPOWER CNC MACHINES LTD,H
MAITREYA,ST,MAITREYA MEDICARE LIMITED,H
MANAV,SM,MANAV INFRA PROJECTS LTD,H
MASKINVEST,BE,MASK INVESTMENTS LIMITED,H
MEGAFLEX,SM,MEGA FLEX PLASTICS LTD,H
MEGATHERM,ST,MEGATHERM INDUCTION LTD,H
MICEL,BE,MIC ELECTRONICS LTD,H
MODTHREAD,BE,MODERN THREADS INDIA LTD,H
MTNL,EQ,MAHANAGAR TELEPHONE NIGAM,H
NIRMAN,ST,NIRMAN AGRI GENTICS LTD,H
NITIRAJ,EQ,NITIRAJ ENGINEERS LTD,H
NORBTEAEXP,BE,NORBEN TEA &EXPORTS LTD,H
OLIL,ST,ONECLICK LOGISTICS IND L,H
ORIENTLTD,EQ,ORIENT PRESS LIMITED,H
PARASPETRO,BE,PARAS PETROFILS LTD.,H
PCJEWELLER,EQ,PC JEWELLER LTD,H
PRAXIS,BE,PRAXIS HOME RETAIL LTD,H
PREMIERPOL,EQ,PREMIER POLYFILM LTD,H
PRUDMOULI,EQ,PRUDENTIAL SUGAR CORPORAT,H
PULZ,SM,PULZ ELECTRONICS LIMITED,H
QUADPRO,SM,QUADPRO ITES LIMITED,H
RADAAN,EQ,RADAAN MEDIAWORKS (I) LTD,H
RADHIKAJWE,EQ,RADHIKA JEWELTECH LIMITED,H
RATNAVEER,BE,RATNAVEER PRECISION ENG L,H
RBMINFRA,SM,RBM INFRACON LIMITED,H
RELTD,EQ,RAVINDRA ENERGY LIMITED,H
RICHA,SM,RICHA INFO SYSTEMS LTD,H
RSSOFTWARE,BE,R. S. SOFTWARE (INDIA) LI,H
SAAKSHI,ST,SAAKSHI MEDTEC N PANELS L,H
SAIFL,SM,SAMEERA AGRO AND INFRA L,H
SANWARIA,BZ,SANWARIA CONSUMER LIMITED,H
SEL,SM,SUNGARNER ENERGIES LTD,H
SERVOTECH,EQ,SERVOTECH POWER SYS LTD.,H
SETUINFRA,BZ,SETUBANDHAN INFRA LTD,H
SHREEPUSHK,BE,SHRE PUSH CHEM & FERT LTD,H
SILKFLEX,SM,SILKFLEX POLYMERS INDIA L,H
SIMPLEXINF,EQ,SIMPLEX INFRASTRUCTURES L,H
SJLOGISTIC,SM,S J LOGISTICS (INDIA) LTD,H
SRPL,EQ,SHREE RAM PROTEINS LTD.,H
SUPERSPIN,EQ,SUPER SPINNING MILLS LTD,H
SUPREMEINF,BZ,SUPREME INFRA. LTD,H
SUULD,BE,SUUMAYA INDUSTRIES LTD,H
SUZLON,EQ,SUZLON ENERGY LIMITED,H
TAC,SM,TAC INFOSEC LIMITED,H
TAINWALCHM,BE,TAINWALA CHEMICAL AND PLA,H
TECHLABS,ST,TRIDENT TECHLABS LIMITED,H
TEMBO,BE,TEMBO GLOBAL IND LTD,H
TIMESCAN,SM,TIMESCAN LOGISTICS IND L,H
TIRUPATIFL,BE,TIRUPATI FORGE LIMITED,H
UMANGDAIRY,BE,UMANG DAIRIES LIMITED,H
UNIVASTU,EQ,UNIVASTU INDIA LIMITED,H
VDEAL,ST,VDEAL SYSTEM LIMITED,H
VINNY,BE,VINNY OVERSEAS LIMITED,H
VMARCIND,SM,V MARC INDIA LIMITED,H
VSCL,SM,VADIVARHE SPCLTY CHEM LTD,H
WALPAR,SM,WALPAR NUTRITIONS LIMITED,H
WANBURY,BE,WANBURY LIMITED,H
WINSOME,BE,WINSOME YARNS LIMITED,H
ZENITHSTL,BE,ZENITH STEEL PIP IND LTD,H
ZTECH,SM,Z-TECH (INDIA) LIMITED,H
1018GS2026,GS,GOI LOAN 10.18% 2026,L
AERON,ST,AERON COMPOSITE LIMITED,L
AJOONI,BE,AJOONI BIOTECH LIMITED,L
AMBANIORGO,SM,AMBANI ORGOCHEM LIMITED,L
ANTGRAPHIC,BE,ANTARCTICA LTD,L
ARTNIRMAN,BE,ART NIRMAN LIMITED,L
BBOX,BE,BLACK BOX LIMITED,L
BOSS,ST,BOSS PACKAGING SOLU LTD,L
CAPTRUST,BE,CAPITAL TRUST LIMITED,L
CMMIPL,ST,CMM INFRAPROJECTS LIMITED,L
CORALFINAC,BE,CORAL INDIA FIN & HOUS LT,L
CROWN,BE,CROWN LIFTERS LIMITED,L
CUBEXTUB,BE,CUBEXTUBINGS-ROLLSETT,L
DEEPENR,BE,DEEP ENE RESOURCES LTD,L
DHTL,ST,DOCMODE HEALTH TECH LTD,L
DHUNINV,EQ,DHUNSERI INVESTMENTS LTD,L
DUCON,BE,DUCON INFRATECHNOLOGIES L,L
DUCON-RE,BE,DUCON INFRATECH LTD,L
FEL,BZ,FUTURE ENTERPRISES LTD,L
FLEXITUFF,BE,FLEXITUFF VENTURES INT L,L
FSC,BZ,FUTURE SUPP CHAIN SOL LTD,L
GALAPREC,BE,GALA PRECISION ENG LTD,L
GATECH,EQ,GACM TECHNOLOGIES LIMITED,L
GATECHDVR,BE,GACM TECHNOLOGIES LIMITED,L
GLOBALVECT,BE,GLOBAL VEC HELICORP LTD,L
GOENKA,BZ,GOENKA DIAMOND&JEWELS LTD,L
HEXATRADEX,BE,HEXA TRADEX LIMITED,L
HINDNATGLS,BE,HIND NATL GLASS & IND LTD,L
INFIBEAM,BE,INFIBEAM AVENUES LIMITED,L
IPHL,ST,INDIAN PHOSPHATE LIMITED,L
ISHAN,ST,ISHAN INTERNATIONAL LTD,L
JALAN,ST,JALAN TRANSOLU. INDIA LTD,L
JAYBEE,ST,JAY BEE LAMINATIONS LTD,L
JSLL,SM,JEENA SIKHO LIFECARE LTD,L
KCK,SM,KCK INDUSTRIES LTD,L
KONTOR,SM,KONTOR SPACE LIMITED,L
LYPSAGEMS,BE,LYPSA GEMS & JEWEL LTD,L
MADHUCON,BE,MADHUCON PROJECTS LTD.,L
MANOMAY,BE,MANOMAY TEX INDIA LTD,L
MODIRUBBER,BE,MODI RUBBER LTD,L
MOKSH,BE,MOKSH ORNAMENTS LIMITED,L
MYMUDRA,ST,MY MUDRA FINCORP LIMITED,L
NAMOEWASTE,ST,NAMO EWASTE MANAGEMENT L,L
NDL,BE,NANDAN DENIM LIMITED,L
OMKARCHEM,BZ,OMKAR SPL CHEM LTD,L
OSWALSEEDS,BE,SHREEOSWAL S AND CHE LTD,L
PRECOT,BE,PRECOT LIMITED,L
QVCEL,SM,QVC EXPORTS LIMITED,L
RAJRILTD,BE,RAJ RAYON INDUSTRIES LTD,L
REFRACTORY,ST,REFRACTORY SHAPES LIMITED,L
RHFL,EQ,RELIANCE HOME FINANCE LTD,L
SADBHAV,EQ,SADBHAV ENGINEERING LTD,L
SANCO,BZ,SANCO INDUSTRIES LIMITED,L
SARVESHWAR,EQ,SARVESHWAR FOODS LIMITED,L
SETUINFRA,BZ,SETUBANDHAN INFRA LTD,L
SHIGAN,SM,SHIGAN QUANTUM TECH LTD,L
SITINET,BE,SITI NETWORKS LIMITED,L
SOLARAPP,X1,SOLAR ACT RS.3.50 PPD UP,L
SONUINFRA,ST,SONU INFRATECH LIMITED,L
SSEGL,SM,SATHLOKHAR SYN E&C GLOB L,L
SUNDRMBRAK,BE,SUNDARAMBRAKE LININGS LTD,L
SURANASOL,EQ,SURANA SOLAR LIMITED,L
SVLL,BE,SHREE VASU LOGISTICS LTD,L
TGL,ST,TEERTH GOPICON LIMITED,L
TIJARIA,BE,TIJARIA POLYPIPES LTD,L
TIMESCAN,SM,TIMESCAN LOGISTICS IND L,L
VARDM-RE,BE,VARDHMAN POLYTEX LIMITED,L
VARDMNPOLY,BE,VARDHMAN POLYTEX LTD.,L
VDEAL,ST,VDEAL SYSTEM LIMITED,L
VELS,SM,VELS FILM INTERNATIONAL L,L
VERITAAS,SM,VERITAAS ADVERTISING LTD,L
VERTEXPLUS,ST,VERTEXPLUS TECHNOLOGIES L,L
VINNY,BE,VINNY OVERSEAS LIMITED,L
VIVIDHA,EQ,VISAGAR POLYTEX LTD,L
VSCL,SM,VADIVARHE SPCLTY CHEM LTD,L
WOMANCART,ST,WOMANCART LIMITED,L
