GAIN_LOSS,SECURITY,CLOSE_PRIC,PREV_CL_PR,PERCENT_CG
 ,Nifty 50 Sec., , , 
 , , , , 
G,HINDALCO  INDUSTRIES  LTD,       676.20,       647.70,4.4
G,BHARTI AIRTEL LIMITED,      1646.75,      1577.80,4.37
G,NTPC LTD,       404.85,       389.65,3.9
G,SHRIRAM FINANCE LIMITED,      3400.75,      3279.90,3.68
G,MAHINDRA & MAHINDRA LTD,      2740.90,      2654.25,3.26
G,EICHER MOTORS LTD,      4875.00,      4726.65,3.14
G,OIL AND NATURAL GAS CORP.,       294.05,       285.30,3.07
G,WIPRO LTD,       530.05,       514.35,3.05
G,ADANI PORT & SEZ LTD,      1472.60,      1430.60,2.94
G,JSW STEEL LIMITED,       954.80,       927.75,2.92
G,GRASIM INDUSTRIES LTD,      2757.10,      2681.15,2.83
G,BAJAJ AUTO LIMITED,     11723.50,     11420.75,2.65
G,HERO MOTOCORP LIMITED,      5803.15,      5654.45,2.63
G,TECH MAHINDRA LIMITED,      1643.25,      1602.60,2.54
G,STATE BANK OF INDIA,       787.75,       768.60,2.49
G,COAL INDIA LTD,       495.65,       483.95,2.42
G,TATA STEEL LIMITED,       151.74,       148.17,2.41
G,LARSEN & TOUBRO LTD.,      3622.00,      3536.95,2.4
G,APOLLO HOSPITALS ENTER. L,      7061.80,      6900.25,2.34
G,KOTAK MAHINDRA BANK LTD,      1827.45,      1789.25,2.13
G,INFOSYS LIMITED,      1950.45,      1910.15,2.11
G,HDFC LIFE INS CO LTD,       714.55,       700.15,2.06
G,RELIANCE INDUSTRIES LTD,      2959.60,      2903.00,1.95
G,ULTRATECH CEMENT LIMITED,     11710.25,     11487.45,1.94
G,ADANI ENTERPRISES LIMITED,      2991.00,      2937.85,1.81
G,HINDUSTAN UNILEVER LTD.,      2956.40,      2904.15,1.8
G,CIPLA LTD,      1657.25,      1628.35,1.77
G,BRITANNIA INDUSTRIES LTD,      6109.25,      6008.65,1.67
G,HCL TECHNOLOGIES LTD,      1807.60,      1778.75,1.62
G,INDUSIND BANK LIMITED,      1443.35,      1421.20,1.56
 , , , , 
 , , , , 
 ,Nifty Next 50 Sec., , , 
 , , , , 
G,ZOMATO LIMITED,       283.90,       271.75,4.47
G,JINDAL STEEL & POWER LTD,      1004.65,       966.90,3.9
G,ADANI POWER LTD,       651.10,       627.20,3.81
G,VEDANTA LIMITED,       441.70,       425.80,3.73
G,CHOLAMANDALAM IN & FIN CO,      1575.55,      1521.45,3.56
G,SAMVRDHNA MTHRSN INTL LTD,       188.85,       183.84,2.73
G,BOSCH LIMITED,     34113.90,     33209.60,2.72
G,TVS MOTOR COMPANY  LTD,      2822.85,      2759.65,2.29
G,CANARA BANK,       103.99,       101.75,2.2
G,INDIAN OIL CORP LTD,       173.26,       169.74,2.07
G,ABB INDIA LIMITED,      7720.20,      7568.95,2
G,HAVELLS INDIA LIMITED,      1996.40,      1957.60,1.98
G,INTERGLOBE AVIATION LTD,      4994.65,      4900.40,1.92
G,BANK OF BARODA,       237.10,       232.80,1.85
G,REC LIMITED,       572.80,       562.75,1.79
G,LIFE INSURA CORP OF INDIA,      1031.60,      1013.70,1.77
G,JIO FIN SERVICES LTD,       349.80,       344.30,1.6
G,GAIL (INDIA) LTD,       220.64,       217.19,1.59
G,SHREE CEMENT LIMITED,     26019.65,     25614.10,1.58
G,INFO EDGE (I) LTD,      7788.60,      7669.75,1.55
G,DLF LIMITED,       835.90,       824.00,1.44
G,BHARAT ELECTRONICS LTD,       291.70,       288.05,1.27
G,PUNJAB NATIONAL BANK,       108.72,       107.46,1.17
G,ADANI ENERGY SOLUTION LTD,      1008.20,       998.10,1.01
G,POWER FIN CORP LTD.,       506.30,       501.40,0.98
G,TATA POWER CO LTD,       439.90,       435.65,0.98
G,SIEMENS LTD,      6654.40,      6592.70,0.94
G,HINDUSTAN AERONAUTICS LTD,      4641.70,      4598.75,0.93
G,GODREJ CONSUMER PRODUCTS,      1513.45,      1499.95,0.9
G,INDIAN RAIL TOUR CORP LTD,       931.35,       923.25,0.88
 , , , , 
L,AVENUE SUPERMARTS LIMITED,      5238.55,      5299.10,-1.14
L,ICICI LOMBARD GIC LIMITED,      2122.45,      2129.95,-0.35
L,COLGATE PALMOLIVE LTD.,      3642.95,      3653.70,-0.29
L,ADANI GREEN ENERGY LTD,      1811.90,      1814.45,-0.14
 , , , , 
 ,OTHER SECURITIES, , , 
 , , , , 
G,PREMIER POLYFILM LTD,       265.74,       221.45,20
G,ARCHIDPLY DECOR LIMITED,       146.60,       122.17,20
G,HARDWYN INDIA LIMITED,        35.57,        30.20,17.78
G,INDO RAMA SYNTHETICS LTD,        58.61,        51.31,14.23
G,SHIVA TEXYARN LIMITED,       212.53,       187.32,13.46
G,KABRA EXTRUSION TECHNIK L,       448.75,       397.70,12.84
G,PIL ITALICA LIFESTYLE LTD,        15.10,        13.43,12.43
G,UNSEC RED NCD 10.5% SR.VI,      1082.00,       962.80,12.38
G,MOS UTILITY LIMITED,       314.85,       281.00,12.05
G,SAHAJ SOLAR LIMITED,       632.25,       564.70,11.96
G,IOL CHEM AND PHARMA LTD,       516.25,       463.00,11.5
G,SURAJ LIMITED,       432.35,       390.15,10.82
G,KAYNES TECHNOLOGY IND LTD,      5165.85,      4663.00,10.78
G,SYRMA SGS TECHNOLOGY LTD,       463.75,       419.60,10.52
G,SAKSOFT LIMITED,       344.00,       311.75,10.34
G,SILKFLEX POLYMERS INDIA L,       100.65,        91.50,10
G,FOCE INDIA LIMITED,      1650.00,      1500.00,10
G,CHAMAN METALLICS LIMITED,       107.30,        97.55,9.99
G,SERVOTECH POWER SYS LTD.,       157.28,       142.99,9.99
G,THEMIS MEDICARE LTD.,       274.60,       249.90,9.88
G,ADF FOODS LIMITED,       290.15,       264.30,9.78
G,UNICHEM LABORATORIES LTD,       646.20,       589.60,9.6
G,PAR DRUGS AND CHEM LTD,       259.85,       237.30,9.5
G,ZENITH DRUGS LIMITED,       140.20,       128.05,9.49
G,BINANI INDUSTRIES LTD,        17.30,        15.86,9.08
G,OPTIEMUS INFRACOM LTD,       612.55,       563.05,8.79
G,SEC RE NCD 9.90% SR IV,       893.00,       821.00,8.77
G,ACE INTEGRATED SOLU. LTD.,        36.98,        34.08,8.51
G,MAHICKRA CHEMICAL LIMITED,       110.50,       102.05,8.28
G,GPT HEALTHCARE LIMITED,       194.49,       179.64,8.27
 , , , , 
L,GRANULES INDIA LIMITED,       564.90,       676.70,-16.52
L,SEC RED NCD 10.6% SR. VII,      1048.00,      1168.00,-10.27
L,IDEAL TECHNOPLAST IND LTD,       104.50,       116.15,-10.03
L,QVC EXPORTS LIMITED,        78.20,        86.85,-9.96
L,DHUNSERI INVESTMENTS LTD,      2334.30,      2588.40,-9.82
L,DRS DILIP ROADLINES LTD.,       109.80,       120.10,-8.58
L,UNSERENCD9.1%SRIIICIII&IV,      1034.00,      1119.58,-7.64
L,PIONEER EMBROIDERIES LTD,        56.87,        60.91,-6.63
L,INTERARCH BUILDING PROD L,      1201.60,      1284.30,-6.44
L,DELAPLEX LIMITED,       254.10,       270.40,-6.03
L,SANDESH LTD,      1854.40,      1969.20,-5.83
L,PRISM JOHNSON LIMITED,       219.73,       232.61,-5.54
L,SALASAR TECHNO ENGG. LTD.,        20.87,        22.08,-5.48
L,HONASA CONSUMER LIMITED,       493.85,       522.00,-5.39
L,DELTA MANUFACTURING LTD,       103.61,       109.50,-5.38
L,GACM TECHNOLOGIES LIMITED,         1.45,         1.53,-5.23
L,LLOYDS LUXURIES LIMITED,       102.40,       108.00,-5.19
L,SARVESHWAR FOODS LIMITED,        10.55,        11.11,-5.04
L,SURANA SOLAR LIMITED,        43.54,        45.84,-5.02
L,BULKCORP INTERNATIONAL L,       106.35,       111.95,-5
L,KONTOR SPACE LIMITED,       178.55,       187.95,-5
L,VERITAAS ADVERTISING LTD,       156.75,       165.00,-5
L,JEENA SIKHO LIFECARE LTD,      1407.15,      1481.20,-5
L,VERTEXPLUS TECHNOLOGIES L,       140.65,       148.05,-5
L,KCK INDUSTRIES LTD,       234.20,       246.50,-4.99
L,AERON COMPOSITE LIMITED,       152.40,       160.40,-4.99
L,SEC RE NCD 9.48% SR V,       930.20,       979.00,-4.98
L,NAMO EWASTE MANAGEMENT L,       161.10,       169.55,-4.98
L,BOSS PACKAGING SOLU LTD,        70.60,        74.30,-4.98
L,DOCMODE HEALTH TECH LTD,       115.55,       121.60,-4.98
