SECURITY,NEW,PREVIOUS,NEW_STATUS
ELECTROTHERM (I) LTD.,1008.7,987.4,H
INFO EDGE (I) LTD,7807.9,7777,H
AJANTA PHARMA LIMITED,3485,3477.45,H
ICICIPRAMC - ICICICONSU,134.1,127.07,H
NIP IND ETF IT,46.85,46.75,H
ZAGGLE PREPA OCEAN SER L,444.95,420.3,H
VIJAYA DIAGNOSTIC CEN LTD,973,965,H
SUPRIYA LIFESCIENCE LTD,647,636,H
RAVINDRA ENERGY LIMITED,103.99,99.04,H
RBM INFRACON LIMITED,926.6,882.5,H
DESTINY LOGISTICS & I LTD,73.4,69.95,H
ARCHIDPLY DECOR LIMITED,146.6,122.17,H
SDL GJ 7.25% 2026,99.91,99.5,H
VOLTAS LTD,1856.85,1846,H
HINDUSTAN UNILEVER LTD.,2963.4,2950,H
VAISHALI PHARMA LIMITED,211.25,203.6,H
DOMS INDUSTRIES LIMITED,2859,2814.5,H
AIRTEL RS. 1.25 PPD UP,1243.5,1213.8,H
MOTILALAMC - MOHEALTH,45.76,45.37,H
GOI TBILL 364D-27/09/24,99.7,99.5,H
GOI TBILL 364D-21/11/24,98.82,98.15,H
GOI TBILL 182D-26/09/24,99.7,99.3,H
8.30% TAX FREE NCD,1145,1140,H
GOI LOAN  7.09% 2054,101.8,101.78,H
TAINWALA CHEMICAL AND PLA,239.16,234.72,H
INDRAPRASTHA MEDICAL CORP,483.8,480.2,H
FDC LIMITED,658.85,603.8,H
SHOPPERS STOP LIMITED,943.4,935.9,H
D-LINK INDIA LTD,721,701.7,H
ALKEM LABORATORIES LTD.,6428.9,6375,H
GOKUL AGRO RESOURCES LTD,337.7,316.8,H
OPTIEMUS INFRACOM LTD,638,613.8,H
AXISAMC - AXISCETF,127.97,126.69,H
GUJARAT FLUOROCHEM LTD,4358.7,4173.95,H
MONARCH NETWORTH CAP LTD,943.45,921,H
GOI LOAN  7.23% 2039,106.4,106.2,H
GOI TBILL 182D-19/09/24,99.82,99.8,H
MOTISONS JEWELLERS LTD,254,249.95,H
TARAPUR TRANSFORMERS LTD,21.85,21.43,H
IRIS BUSINESS SERV LTD,300,298,H
GAYATRI RUBB AND CHEM LTD,433,425.5,H
SEC RE NCD SR III,1019.4,1017.1,H
SEC RE NCD SR.V,1115.72,1110,H
MAHARASHTRA SCOOTERS LTD,10374,10361,H
ICRA LIMITED,6630,6606,H
BAJAJ AUTO LIMITED,11779.25,11501.3,H
MAX FINANCIAL SERV LTD,1160,1155,H
INOX WIND ENERGY LIMITED,12755.3,12398,H
NUVAMA WEALTH MANAGE LTD,6997.85,6985,H
ESSEN SPECIALITY FILMS L,400,381,H
D. P. ABHUSHAN LIMITED,1715.1,1704,H
SUPREME ENGINEERING LTD,3.26,3.2,H
SHRIRAM - LIQUIDSHRI,1012.06,1011.89,H
AYM SYNTEX LIMITED,175.01,171.58,H
NANDAN DENIM LIMITED,67,66.95,H
SUNLITE RECYCLING IND LTD,178,172,H
NAMO EWASTE MANAGEMENT L,177,169.55,H
EUREKA FORBES LIMITED,549.25,518,H
BHARTI AIRTEL LIMITED,1652.8,1608.4,H
WANBURY LIMITED,247.9,245.15,H
SHYAM METALICS AND ENGY L,854.8,844.5,H
JUBILANT PHARMOVA LTD,1066,1060,H
KAVVERI TEL. LTD.,43.43,42.58,H
KRISHNA INST OF MED SCI L,2866.15,2705,H
YATHARTH HOSP & TRA C S L,572.3,543.95,H
CONCORD BIOTECH LIMITED,2063.05,1948.95,H
ZENITH DRUGS LIMITED,144.85,134.6,H
INDO THAI SEC LTD,652.45,621.4,H
R M DRIP & SPRINK SYS LTD,234,230,H
HRH NEXT SERVICES LIMITED,91.7,87.35,H
PRUDENTIAL SUGAR CORPORAT,35.34,33.66,H
PREMIER POLYFILM LTD,265.74,253.9,H
KINGFA SCI & TEC IND LTD.,3734.45,3635,H
E2E NETWORKS LIMITED,2965,2878,H
BIRLASLAMC - NIFTYQLITY,24.7,24.2,H
COFORGE LIMITED,6929,6912.3,H
CREATIVE NEWTECH LIMITED,994.7,915,H
ZERODHAAMC - LIQUIDCASE,107.35,107.3,H
GOI LOAN  6.99% 2026,104,103.5,H
TAX FREE7.50% SR.104 A,1244.9,1244.7,H
REGENCYCERAMICS-LTD,70.64,69.26,H
8.91%S-R-NCD SERIES 3B,1349.99,1340,H
ANIK INDUSTRIES LTD,95,52.65,H
LEAD REC AND RUB PROD LTD,107.15,102.05,H
NORBEN TEA &EXPORTS LTD,20.68,16.25,H
GLENMARK PHARMACEUTICALS,1754.35,1750.5,H
HAVELLS INDIA LIMITED,2000.95,1985.4,H
APAR INDUSTRIES LTD.,10430.25,10080,H
ORACLE FIN SERV SOFT LTD.,11717,11575,H
TRIDENT TECHLABS LIMITED,872.75,839,H
NAVA LIMITED,1039.5,1019,H
NIRAJ CEMENT STRUC LTD,74.9,74,H
SHRIRAM FINANCE LIMITED,3412.4,3337.9,H
KALYAN JEWELLERS IND LTD,694.7,669.5,H
KORE DIGITAL LIMITED,2856.15,2720.15,H
ESCONET TECHNOLOGIES LTD,365.7,355,H
ZOMATO LIMITED,286,281.5,H
MRS BECTORS FOOD SPE LTD,2009,1848.9,H
INDEGENE LIMITED,723,720.9,H
8.76% TAX FREETRI SR2B,1195,1191,H
APOLLO HOSPITALS ENTER. L,7096.45,7044,H
INTERGLOBE AVIATION LTD,5035,4943.8,H
UNITED SPIRITS LIMITED,1536.95,1531.25,H
INOX GREEN ENERGY SER LTD,216.94,215.79,H
BROOKS LAB LIMITED,157.16,150.12,H
SPORTKING INDIA LIMITED,1595.4,1566,H
GOI LOAN  7.25% 2063,105.7,105.64,H
GOI LOAN  7.34% 2064,108,107.95,H
MOS UTILITY LIMITED,331.7,302,H
RATNAVEER PRECISION ENG L,194.16,188.9,H
DELPHI WORLD MONEY LTD,268.95,263.7,H
SRI ADHIKARI BRO TELE N L,677.45,664.2,H
SANSTAR LIMITED,158.8,154.28,H
SURAJ LIMITED,460,396.3,H
ANDHRA PAPER LIMITED,107.05,109.6,L
MAHALAXMI FABRIC MILLS LT,56.72,59.05,L
TROM INDUSTRIES LIMITED,234,234.5,L
RAYMOND LIFESTYLE LIMITED,2291,2336.85,L
GACM TECHNOLOGIES LIMITED,1.37,1.45,L
SEMAC CONSULTANTS LIMITED,425,440,L
ASHAPURA LOGISTICS LTD,132.1,133.7,L
INDIAN PHOSPHATE LIMITED,124.95,131.5,L
SMS LIFESCIENCES (I) LTD,1646.75,1680.35,L
VDEAL SYSTEM LIMITED,152.35,160.35,L
STEL HOLDINGS LIMITED,541.8,552.85,L
FORCAS STUDIO LIMITED,108.95,109,L
REVATHI EQUIPMENT INDIA L,3020,3087.5,L
SAKUMA EXPORTS LIMITED,5.65,5.71,L
FUTURE SUPP CHAIN SOL LTD,2.5,2.64,L
SHIVALIC POWER CONTROL L,240.4,242,L
PODDAR HOUSE & DVPT LTD,73.64,74.03,L
DOCMODE HEALTH TECH LTD,115.55,116.7,L
AMBANI ORGOCHEM LIMITED,91.75,92.2,L
FOCUS LIGHTG & FIXTRS LTD,114.06,116.39,L
TRANS & RECTI. LTD,655,668,L
FALCON TECHNOPROJ IND LTD,53.7,54.05,L
ANMOL INDIA LIMITED,30.8,31.1,L
POSITRON ENERGY LIMITED,491,496,L
SEC RE NCD 9.71% SR VIII,770.2,800.4,L
UNSERENCD9.1%SRIIICIII&IV,1032,1050,L
NAMO EWASTE MANAGEMENT L,161.1,161.5,L
JNK INDIA LIMITED,690.05,698.4,L
AUSOM ENTERPRISE LIMITED,91.15,92.05,L
FILATEX FASHIONS LIMITED,1.15,1.18,L
GALA PRECISION ENG LTD,685.7,704.7,L
QVC EXPORTS LIMITED,78.2,86.85,L
NANDANI CREATION LIMITED,36.77,37.75,L
BRACE PORT LOGISTICS LTD,107.25,113.1,L
IDEAL TECHNOPLAST IND LTD,102.5,115,L
JEYYAM GLOBAL FOODS LTD,55.75,57.95,L
RELIABLE DATA SERVICE LTD,81.25,83.5,L
BOSS PACKAGING SOLU LTD,70.6,74.3,L
SEC RE NCD 9.25% SR II,960.55,972,L
SECUR CREDENTIALS LIMITED,6.31,6.44,L
GLOBALE TESSILE LIMITED,37.25,46.31,L
DSPAMC - TOP10ADD,96.11,96.62,L
MAHAMAYA STEEL INDS LTD,197.86,201.9,L
ORIENT TECHNOLOGIES LTD,303.1,304.35,L

