SYMBOL,SYMBOL P/E,ADJUSTED P/E
THERMAX,76.8,89.47
RIIL,165.64,165.64
RAYMOND,19.8,19.05
SHREDIGCEM,17.73,17.73
SESHAPAPER,9.66,9.66
SUNDRMFAST,53.59,53.59
CRISIL,52.24,52.24
PEL,,136.93
MASTEK,26.62,26.41
LUMAXIND,46.83,46.83
CUMMINSIND,66.52,66.46
JBCHEPHARM,49.4,49.4
INDIAGLYCO,23.78,23.78
IONEXCHANG,47.52,47.52
HIMATSEIDE,13.24,13.24
GFLLIMITED,194.66,194.66
BPCL,8.16,7.91
ATUL,71.63,71.63
ACC,20.64,23.38
SCI,15.25,15.25
HINDPETRO,10.39,10.39
ZUARIIND,1.56,
VOLTAS,102.45,102.45
TITAN,95.38,95.38
SPIC,20.43,14.25
SBIN,9.93,9.23
NOCIL,38.34,38.34
CHAMBLFERT,15.78,15.78
HINDOILEXP,15.58,18.4
CENTURYTEX,112.18,112.18
CENTENKA,28.65,28.65
VTL,20.82,20.82
VIPIND,11842.75,11842.75
BIRLACABLE,73.64,73.64
AEGISLOG,42.78,42.78
BBOX,57.12,44.56
HONAUT,84.78,84.78
PRECOT,18.85,23.95
ADANIENT,77.64,73.45
INDBANK,22.76,22.76
GET&D,153.45,153.45
BERGEPAINT,63.91,64.14
KPIL,45.22,45.22
APCOTEXIND,40.28,40.28
ARENTERP,15.47,15.47
THOMASCOOK,35.56,35.56
SPMLINFRA,158.51,187.47
VSTIND,26.53,26.53
UNIVCABLES,74.64,74.64
IFCI,65.21,65.79
M&M,30.15,30.15
MODTHREAD,11.85,11.85
MANGLMCEM,43.47,43.47
PCBL,36.57,36.57
OSWALAGRO,288.37,286.79
RUBYMILLS,22.43,22.43
STYRENIX,21.44,21.44
BBL,42.84,42.84
DCMSHRIRAM,34.89,34.89
COSMOFIRST,26.52,26.52
HEROMOTOCO,27.22,27.22
GMBREW,12.99,12.99
ITC,31.05,31.04
HINDCOMPOS,25.89,25.89
OSWALGREEN,632.6,632.6
HUHTAMAKI,6.88,29.92
RICOAUTO,41.11,40.05
MANINDS,22.38,22.38
SIYSIL,11.61,11.61
PRECWIRE,44.72,44.72
NCC,25.17,24.52
SEAMECLTD,25.58,27.11
BBTC,9.41,9.07
GICHSGFIN,7.7,7.7
BANARBEADS,24.35,24.35
WSTCSTPAPR,6.33,6.33
PRUDMOULI,18.28,16.94
PRAJIND,42.62,45.9
KEEPLEARN,173.19,173.19
TFCILTD,18.5,18.5
GTL,1.03,4.95
AGI,24.02,24.02
TATACONSUM,94.83,80.93
ZEEL,40.57,30.97
INDHOTEL,79.55,79.55
KANSAINER,38.33,38.33
ANDHRAPAP,8.82,8.82
SCHAEFFLER,65.48,65.23
AMJLAND,17.06,17.06
GODFRYPHLP,50.58,47.74
SHREECEM,43.95,43.95
INGERRAND,59.39,59.39
HINDUNILVR,65.97,65.95
FINPIPE,23.28,38.65
DCW,222.79,206.96
CESC,17.57,21.34
BAJFINANCE,30.48,30.48
NAVA,10.6,11.49
CORALFINAC,11.86,11.86
AUTOAXLES,18.47,18.47
DALMIASUG,13.71,13.71
NATCOPHARM,17.42,17.42
MRF,27.82,27.82
STARPAPER,6.32,6.16
JAYAGROGN,15.23,15.23
SILINV,20.3,20.3
SUNDRMBRAK,56.95,56.95
MOTHERSON,39.6,38.55
STERTOOLS,31.74,31.96
WENDT,75.91,75.91
SHRIRAMFIN,16.1,16.1
GUJAPOLLO,36,36
JAGSNPHARM,54.31,48.25
INDRAMEDCO,30.37,30.37
MADRASFERT,20.61,12.68
HUDCO,22.09,22.09
SAREGAMA,52.46,52.46
ENGINERSIN,39.05,39.05
JAICORPLTD,98.59,98.59
GMDCLTD,19.95,19.95
ASAHIINDIA,57.14,57.14
J&KBANK,6.18,6.18
SOUTHBANK,5.6,5.6
ASTRAZEN,180.02,94.5
CYIENT,33.87,31.95
KOKUYOCMLN,50.53,50.53
SANGHVIMOV,18.55,18.55
NATIONALUM,13.62,15.8
JINDALSTEL,17.65,17.65
BSOFT,27.3,27.3
ACCELYA,28.28,28.36
STAR,148.2,43.09
ZYDUSLIFE,26.77,26.77
RAJESHEXPO,225.04,225.04
SHREERAMA,35.38,35.38
NRBBEARING,12.63,34.28
BLUESTARCO,73.67,73.67
PNBGILTS,33.53,36.64
TAJGVK,27.64,27.64
GAEL,18.26,18.26
TIPSINDLTD,62.02,62.02
KHANDSE,96.92,96.92
MARKSANS,37.11,37.11
GODREJCP,,78.19
LUPIN,44.05,44.05
BHARTIARTL,102.96,85.44
PNB,10.92,10.92
OFSS,42.2,42.2
CANBK,5.64,5.64
DIVISLAB,86.26,86.26
MARUTI,26.67,26.67
BAGFILMS,22.18,22.18
JAIBALAJI,21.44,21.44
UNIENTER,30.99,30.99
MUKANDLTD,22.72,22.72
MAHABANK,9.28,9.28
POONAWALLA,17.57,25.11
DATAMATICS,19.95,19.67
LT,30.6,30.73
CENTEXT,26.85,27.26
COFORGE,57.09,57.74
GULFPETRO,14.76,14.76
ASTRAMICRO,70.97,70.97
JBMA,117.05,117.05
DWARKESH,39.37,39.37
XCHANGING,40.57,40.57
CONSOFINVT,11.8,11.8
SAKSOFT,34.22,34.22
MANGALAM,30.74,30.74
PRIMESECU,39.13,44.14
GENUSPOWER,98.28,98.28
NECLIFE,193.59,193.59
SUZLON,129.71,121.04
TRIVENI,28.28,28.28
ORIENTCER,38.93,43.01
EKC,19.86,19.5
ROHLTD,22.23,22.23
JAGRAN,14.16,14.16
M&MFIN,19.75,19.75
KEI,64.79,64.77
SOLARINDS,102.63,102.63
SUNTV,16.92,16.92
BALPHARMA,28.01,28.01
KAMDHENU,30.8,30.8
EMAMILTD,47.8,47.49
TECHM,61.35,61.43
ANANTRAJ,69.3,69.3
ALICON,33.81,33.81
FIEMIND,24.2,24.2
INSPIRISYS,33.15,33.15
DONEAR,17.23,17.23
VENUSREM,16.83,16.83
NFL,37.55,37.55
PARACABLES,27.9,27.9
SARLAPOLY,17.96,17.96
PITTIENG,47.08,47.08
REDINGTON,12.5,12.5
PFC,7.72,7.72
AMDIND,111.58,111.58
NAHARPOLY,1902.64,1902.64
BANSWRAS,19.94,19.94
AROGRANITE,55.84,55.84
NDLVENTURE,289.81,289.81
ZENITHSTL,20.07,20.07
SRHHYPOLTD,13.63,12.28
NAVINFLUOR,62.91,76.55
HGS,70.66,70.66
DLF,120.15,120.15
ALPA,13.73,13.75
KPRMILL,35.93,35.93
CIEINDIA,25.93,25.93
POWERGRID,19.76,19.76
MANGCHEFER,10.23,10.23
BVCL,19.07,19.07
RGL,16.14,16.14
COLPAL,70.28,70.28
KALYANIFRG,49.02,49.02
ECLERX,25.71,25.64
TARIL,125.82,125.82
DVL,31.28,31.28
PATINTLOG,25.37,25.37
AMBIKCO,15.57,15.57
BIRLAMONEY,14.39,14.39
JKIL,17.03,17.03
KNRCON,12.21,12.21
SEPC,189.33,189.33
NAHARCAP,14.55,14.55
DPSCLTD,104.63,104.63
TITAGARH,61.16,60.82
BAJAJ-AUTO,41.21,41.21
DIGISPICE,14.05,37.61
RPGLIFE,40.49,40.49
RANEENGINE,31.79,25.83
ARCHIDPLY,111.04,111.04
ZFCVINDIA,77.99,77.99
JOCIL,80.29,80.29
TPHQ,25.9,25.9
HINDNATGLS,1.77,.97
GKWLIMITED,157.28,157.28
ADANIPOWER,15.14,15.14
EXPLEOSOL,21.47,21.47
SUNTECK,82.9,82.9
DLINKINDIA,25.62,25.62
DBCORP,12.79,12.79
TRF,15.06,15.06
JUBLFOOD,115.59,199.57
EMMBI,26.36,26.36
TEXMOPIPES,84.38,19.49
KIRLOSBROS,37.24,37.36
KSL,19.33,19.33
UMESLTD,120.01,120.01
IMFA,8.99,8.99
BAJAJCON,24.88,24.88
GPPL,29.81,27.72
KILITCH,59.29,59.29
SASTASUNDR,8.34,8.4
CANTABIL,32.25,32.88
JWL,61.36,61.36
OBEROIRLTY,29.21,29.21
IOLCP,22.93,22.93
PENIND,21.98,21.98
KIRLOSENG,39.61,39.23
HINDMOTORS,17.36,17.36
LOVABLE,69.34,69.34
VADILALIND,22.31,22.31
OMINFRAL,38.02,38.02
VSTTILLERS,33.42,33.42
MAITHANALL,4.25,4.25
ISGEC,36.95,36.95
STYLAMIND,27.35,27.17
CLSEL,10.21,10.21
CARYSIL,39.28,39.28
SHAILY,70.57,70.57
MODISONLTD,32.15,31.71
FIBERWEB,15.3,15.3
BCLIND,17.39,17.39
BHAGCHEM,221.62,221.62
SBCL,41.53,41.53
SMCGLOBAL,7.3,7.3
QMSMEDI,24.6,24.6
NPST,594.11,594.11
ARIHANTCAP,13.87,13.87
SIDDHIKA,16.57,16.57
NAZARA,79.53,78.84
IPL,38.9,38.9
GENCON,20.66,20.66
LODHA,64,60.83
HLEGLAS,72.51,67.21
SONACOMS,82.32,81.66
UTKARSHBNK,9.98,9.98
DRCSYSTEMS,23.81,23.81
PARAS,118.33,118.33
CRAFTSMAN,45.07,45.07
DODLA,37.62,37.62
JUBLINGREA,67.7,67.7
ROLEXRINGS,38.95,35.34
WALPAR,36.1,36.1
SHYAMMETL,20.93,20.93
KIMS,61.87,61.87
MAKS,135.25,68.72
TATVA,86.45,86.45
CLEAN,66.15,66.15
GLS,35.35,35.35
ABSLAMC,25.71,25.71
DEEPINDS,21.16,21.24
ZOMATO,398.79,398.79
BEWLTD,34.02,34.02
PIXTRANS,21.36,21.36
WINDLAS,32.1,32.1
CARTRADE,53.5,53.5
KRSNAA,40.15,40.15
EQUIPPP,2651.02,2651.02
DEVYANI,1585.67,280.55
APTUS,25.03,25.03
SUPRIYA,36.85,36.85
ABCOTS,54.1,54.1
VIJAYA,75.41,74.51
AMIORG,144.79,63.71
IWEL,1098.75,540.56
VINEETLAB,382.49,382.49
SANSERA,41.2,41.2
BAJAJHCARE,,34.94
PRITIKAUTO,30.69,30.69
AAREYDRUGS,37.16,37.16
GRINFRA,13.42,16.71
INTLCONV,6.45,6.45
DUGLOBAL,617.51,617.51
STEELCAS,22.1,22.1
HPAL,41.41,41.73
UGROCAP,17.38,17.38
STARHEALTH,41.49,41.49
YUKEN,71.44,71.44
SGIL,53.22,53.22
SJS,30.27,30.27
FINOPB,36.1,36.1
NYKAA,1175.44,1175.44
AWL,85.66,79.39
SAPPHIRE,303.03,303.03
DKEGL,12.06,12.06
QUADPRO,42.56,42.56
PRUDENT,62.84,62.84
NUVOCO,92.77,92.77
GOCOLORS,77,77
TRACXN,136.24,136.24
FUSION,8.99,8.99
COASTCORP,82.83,82.83
MEDPLUS,139.46,139.46
RATEGAIN,52.28,52.28
METROBRAND,82.91,82.91
MICEL,32.75,36.54
FOODSIN,33.6,33.6
PARADEEP,30.83,30.83
TMB,6.9,6.9
DESTINY,50.7,50.7
MANYAVAR,80.08,80.08
GVPTECH,70.61,70.61
DMCC,71.65,71.65
KOTYARK,45.81,45.81
EMIL,42.14,42.14
PRECISION,20.1,20.1
UMAEXPORTS,27.33,26.83
DATAPATTNS,80.01,80.01
COOLCAPS,111.6,111.54
AHL,28.17,28.17
MALLCOM,23.98,23.98
NIDAN,,23.16
SMLT,22.64,22.64
RADIANTCMS,20.65,20.65
HARIOMPIPE,40.48,40.48
DCMSRIND,14.53,14.53
RAJRILTD,5432.12,5432.12
DYCL,34.08,34.08
FIVESTAR,24.04,24.04
VIRINCHI,34.56,34.56
SBC,82.58,82.58
ELIN,77.74,77.74
SHIGAN,51.3,51.3
MADHAVBAUG,82.19,82.19
MHLXMIRU,14.76,14.76
GATEWAY,20.21,20.21
ZIMLAB,31.91,31.91
JTLIND,37.21,37.21
RAINBOW,62.36,62.36
AETHER,160.82,84.19
ROTO,47.72,47.72
GSTL,71.23,71.23
INDOBORAX,16.49,16.49
LANDMARK,45.42,44.83
AVONMORE,25.89,25.89
DREAMFOLKS,36.44,36.44
SONUINFRA,14.73,14.73
LEMERITE,276.21,276.21
DHARMAJ,28.78,28.78
OBCL,46.34,46.34
KCK,196.43,196.43
LICI,15.33,15.33
INDOAMIN,30.34,30.34
KRISHNADEF,106.57,106.57
SWARAJ,28.17,28.17
INOXGREEN,246.67,246.67
ACI,32.64,32.64
RITCO,26.6,26.6
VEEKAYEM,27.6,27.6
SKP,62,62
HARDWYN,100.67,100.67
CHEVIOT,10.94,10.94
MWL,28.95,28.95
KFINTECH,61.97,61.97
YATHARTH,35.83,35.83
ARISTO,20.87,20.87
KAYNES,142.45,142.45
NGLFINE,30.85,30.85
SABAR,13.1,13.1
SWASTIK,150.23,150.23
PLAZACABLE,112.68,112.68
SENCO,46.22,46.22
TRU,46.21,46.21
RADHIKAJWE,27.99,27.99
SPLPETRO,40.32,40.32
RAMRAT,43.81,43.81
VIVIANA,79.03,79.03
CSLFINANCE,15.04,15.04
AGNI,219.42,219.42
GOYALALUM,61.42,61.42
RUSTOMJEE,138.8,138.8
GENSOL,59.34,59.25
DBOL,25.4,25.4
KANDARP,38.2,38.2
GSLSU,58.67,58.67
SPORTKING,22.72,22.72
ALLETEC,77.07,77.07
MANORAMA,114.67,114.67
ARABIAN,33.49,33.49
GRMOVER,24.43,24.43
SYNCOMF,81.03,80.98
DJML,73.84,73.84
BAHETI,53.31,53.31
SULA,43.35,43.35
SIGNATURE,377.65,377.65
ANNAPURNA,65.69,65.69
KRITINUT,14.85,14.85
KALAMANDIR,30.29,30.29
AVALON,186.01,186.01
RITEZONE,15.73,15.73
CONCORDBIO,64.57,64.57
GRCL,154.49,154.49
BAIDFIN,18.62,18.62
PHANTOMFX,21.38,21.38
QUICKTOUCH,14.27,14.27
IPSL,28.22,28.22
KAMOPAINTS,119.37,119.37
BLUEJET,54.8,52.49
MVGJL,15.94,15.94
JIWANRAM,19.69,19.69
SCPL,20.32,20.32
SUKHJITS,17.2,17.2
ARHAM,44.81,44.81
MANKIND,49.32,49.32
SKYGOLD,69.02,69.02
ARIHANTACA,71.89,71.89
SATINDLTD,6.73,6.73
DIVGIITTS,54.26,54.26
ANLON,59.59,59.59
CMNL,18.8,18.54
IKIO,38.42,38.42
MANOMAY,25.69,25.69
FAZE3Q,27.63,27.63
RBMINFRA,80.37,80.37
LLOYDSME,27.69,27.69
AARTIPHARM,27.14,27.14
RHL,57.29,57.29
SAHYADRI,15.61,15.61
NINSYS,56.38,56.38
DUCOL,45.96,45.96
HOMESFY,61.91,51.86
SBFC,33.6,33.6
SBGLP,84.22,84.22
ASMS,313.99,302.43
HYBRIDFIN,13.13,12.89
VIAZ,29.17,29.17
ZAGGLE,85.52,85.52
AGARWALFT,348.03,348.03
HONASA,134.49,134.49
RISHABH,39.98,39.98
IRMENERGY,22.87,22.87
SAH,356.83,356.83
DENEERS,18.89,18.89
CYIENTDLM,83.93,83.93
AGUL,17.57,17.57
AKI,113.59,113.59
MASTER,49.22,49.22
YCCL,36.59,36.59
RATNAVEER,25.37,25.37
PATTECH,55.36,55.36
SECMARK,193.26,193.26
AUROIMPEX,15.86,15.86
SOTAC,46.35,45.26
ATAM,30.28,30.28
IDEAFORGE,111.24,111.24
CRAYONS,17.01,17.01
INFOLLION,31.12,31.12
LAL,48.38,48.38
URBAN,28.23,28.23
AARTECH,129.1,129.1
POCL,67.78,67.78
KRISHCA,33.96,33.96
ESFL,81.44,81.44
DOLPHIN,193.16,201.95
REMUS,52.54,52.54
REDTAPE,62.85,62.85
ASHOKAMET,8.71,8.71
PENTAGON,19.99,19.99
SEL,164.51,164.51
PROV,70.53,70.53
PTCIL,596.13,596.13
NETWEB,176.45,176.45
PYRAMID,23.94,23.94
AEROFLEX,59.31,59.14
EMSLIMITED,26.14,26.14
EFACTOR,21.11,21.11
GHCLTEXTIL,31.26,31.26
VPRPL,24.22,24.22
UDS,31.21,31.21
DENTALKART,59.25,59.25
SYNOPTICS,18.35,18.35
KIRLPNU,59.29,56.86
ATL,28.97,28.97
RRKABEL,67.28,67.35
COMMITTED,14.79,14.79
JSWINFRA,61.18,61.18
SANGANI,21.47,21.47
JLHL,52.27,52.59
NUVAMA,33.79,33.79
DRONE,87.96,87.96
YASHO,57.27,57.27
SERVICE,32.02,32.02
KEL,57.94,57.94
NIITMTS,31.47,30.71
VINSYS,22.74,22.74
ACSAL,20.67,20.67
SAROJA,26.55,26.55
SINDHUTRAD,34.9,34.9
ORIANA,73.69,73.69
CHAVDA,26.23,26.23
TRANSTEEL,12.56,12.39
SANDUMA,22.81,22.81
OLIL,41.84,41.84
KODYTECH,581.92,581.92
SCML,25.03,25.03
MUFIN,118.54,115.1
MAL,9.72,9.72
HIGREEN,62.77,62.77
CELLECOR,64.49,64.49
SRGHFL,21.38,21.38
JIOFIN,188.28,188.28
MADHUSUDAN,24.55,24.55
GOYALSALT,37.59,37.59
SHANTHALA,145.43,145.43
TREL,4.71,38.21
DIAMINESQ,75.93,75.93
VISHNUINFR,30.04,30.04
MICROPRO,20.31,20.31
INSPIRE,17.6,17.6
CELLO,54.99,54.99
MAITREYA,41.3,41.3
SARTELE,85.73,85.73
VINYAS,207.43,207.43
PFIZER,46.01,46.52
BOSCHLTD,38.46,51.62
DEEPAKFERT,23.79,23.79
MAHSEAMLES,10,9.97
BALMLAWRIE,23.54,23.54
MOTOGENFIN,94.58,94.58
RAMCOCEM,56.6,56.6
PGHL,44.54,42.66
ADORWELD,27.21,27.21
TATACHEM,,32.54
ATFL,323.87,666.07
EPL,36.8,34.88
SUPREMEIND,67.09,67.09
BALRAMCHIN,22.11,22.11
WEIZMANIND,25.17,25.17
UNICHEMLAB,,2290.71
JTEKTINDIA,41.7,41.7
TATAELXSI,61.03,61.03
HCC,17.32,
ARE&M,26.69,26.69
NEULANDLAB,48.12,50.49
BANARISUG,29.14,29.14
BSL,19.74,19.74
RCF,61.82,68.15
WSI,20.92,20.08
SUNFLAG,25.92,25.92
WIPRO,23.83,23.83
JUBLPHARMA,28.27,64.41
MURUDCERA,63.16,63.16
HLVLTD,55.89,55.89
KAJARIACER,54.45,54.42
3PLAND,40.8,40.8
SAIL,21.37,14.41
IDBI,14.9,14.9
DHAMPURSUG,15.12,15.12
FMGOETZE,17.39,17.39
GILLETTE,70.38,70.38
ESABINDIA,57.53,57.53
AARTIIND,42.79,42.79
KSB,75.45,75.45
SURYAROSNI,19.39,19.39
SAKHTISUG,4.68,
HINDZINC,24.74,24.74
FINCABLES,28.71,41.87
HEUBACHIND,41,41
BIRLACORPN,26.03,26.46
ASHAPURMIN,14.9,26.76
REMSONSIND,46.52,47.95
GARFIBRES,36.99,36.99
SKFINDIA,48.3,48.3
MARICO,57.21,57.21
KEYFINSERV,6.33,6.33
HITECHGEAR,13.83,35.86
PUNJABCHEM,34.17,34.17
GANESHHOUC,16.53,16.53
ALKYLAMINE,78.6,78.6
GUJRAFFIA,39.85,39.85
KOTHARIPET,20.64,20.55
BANKBARODA,6.44,6.44
GAIL,14.99,14.99
SKMEGGPROD,11.68,11.68
ICICIBANK,18.67,18.67
BODALCHEM,327.99,327.99
NLCINDIA,18.32,18.32
CHENNPETRO,5.23,5.23
KRBL,14.12,14.12
USHAMART,26.49,26.49
MRO-TEK,35.05,35.05
TRIDENT,55.94,55.95
ACLGATI,219.61,
SMARTLINK,33.95,33.95
JISLJALEQS,71.38,71.38
UNITDSPR,78.19,78.39
OLECTRA,166.21,180.95
TIMESGTY,62.2,62.2
GENESYS,95.03,95.03
RADICO,100.49,100.49
JSL,23.22,23.94
WELSPUNLIV,24.95,24.95
TVTODAY,15.26,14.77
PETRONET,12.97,13.07
XPROINDIA,55.43,53.35
AMBICAAGAR,15.15,15.15
ULTRACEMCO,47.46,47.28
INDSWFTLTD,3.31,3.31
KOTARISUG,40.71,40.71
PATELENG,16.56,21.64
JINDALPHOT,57.73,57.73
IIFL,10.79,10.79
CYBERMEDIA,15.57,20.2
GRANULES,33.33,33.33
YESBANK,51.33,51.33
RML,91.91,18
GEECEE,19.11,19.11
LTFOODS,24.99,24.99
SOBHA,439.79,439.87
PLASTIBLEN,23.66,23.66
WANBURY,14.78,28.9
UNOMINDA,77.24,79.12
TTL,25.03,69.61
PAGEIND,80.98,80.98
ICRA,42.84,42.84
BFUTILITIE,15.15,15.15
HILTON,34.6,34.6
TIMETECHNO,27.04,27.04
TARMAT,,141.86
PURVA,127.74,127.74
INDOWIND,42.26,42.26
CENTUM,,4191.4
CCCL,.88,
MAANALU,27.44,27.44
BAJAJELEC,90.43,90.43
RELIGARE,33.27,94.1
VINATIORGA,57.22,57.22
NHPC,23.49,23.49
OIL,13.3,13.37
AMRUTANJAN,53.59,53.59
DEN,11.34,11.34
SHILPAMED,166.32,179.02
JSWENERGY,66.48,66.48
NESTLEIND,75.09,75.31
UNITEDTEA,14.27,14.27
HATHWAY,56.44,55.74
MANINFRA,25.67,25.67
KIRLOSIND,16.32,14.6
BLISSGVS,14.83,7.32
PRAKASHSTL,4.21,71.37
ORISSAMINE,1650.68,1650.68
RAMKY,16.57,16.57
PRESTIGE,47.72,47.72
JINDWORLD,89.59,89.59
MOIL,22.31,22.31
KICL,38.12,50.53
TEXRAIL,77.54,77.54
PFS,20.44,20.44
RELAXO,110.39,110.39
ASHIANA,47.89,47.89
LTF,16.77,16.77
KPIGREEN,55.02,54.62
ANANDRATHI,66.1,66.1
POLICYBZR,587.71,785.01
MONARCH,20.28,20.27
EPIGRAL,34.19,34.19
CMSINFO,25.31,25.31
TARSONS,64.51,64.51
TEGA,59.11,59.11
LATENTVIEW,60.47,60.47
PASUPTAC,24.81,24.81
MAPMYINDIA,79.9,79.9
KRITI,37.8,37.8
GANESHBE,18.28,18.28
MEDICAMEQ,88.71,88.71
SHIVALIK,54.96,54.96
MEDANTA,62.22,62.22
ASIANENE,53.41,50.36
NRL,76.13,76.13
CHOICEIN,63.94,63.94
GRWRHITECH,30.24,30.24
EMUDHRA,89.64,89.64
STARTECK,17.26,17.26
ELDEHSG,27.46,27.46
SEJALLTD,88.02,88.02
RELCHEMQ,109.65,109.65
SYRMA,64.04,63.53
CAMPUS,109.92,109.92
VENUSPIPES,48.14,48.14
MEGASTAR,70.93,70.93
RACE,679,679
ETHOSLTD,128.42,128.42
MSUMI,46.42,46.42
HARSHA,37.49,37.49
GMRP&UI,6.21,
TVSSCS,10156.27,256.58
BIKAJI,76.38,76.38
SADHNANIQ,423.3,423.3
HMAAGRO,43.27,43.27
DCXINDIA,52.65,52.65
AKSHAR,41.27,41.27
AXITA,31.72,31.72
ASAHISONG,22.94,181
TDPOWERSYS,49.48,49.48
VASWANI,16.36,16.36
PANAMAPET,12.52,12.52
ONELIFECAP,14.11,14.11
SHAKTIPUMP,37.39,37.39
JISLDVREQS,1.15,1.15
RUPA,32.83,31.68
APLAPOLLO,54.19,54.19
MINDACORP,52.68,52.68
IRFC,33.62,33.62
COMPUSOFT,73.47,73.47
RHIM,,42.53
NBCC,71.23,54.85
HEXATRADEX,59.45,59.45
SWANENERGY,27.09,27.09
RTNINDIA,9.75,9.33
THEJO,51.78,51.78
MAYURUNIQ,20.85,20.85
DUCON,32.55,32.55
TVSHLTD,14.69,14.69
CARERATING,28.35,28.35
INDUSTOWER,17.44,17.44
ATULAUTO,107.22,107.22
ORIENTCEM,34.22,34.22
SAMMAANCAP,9.02,9.02
ESSENTIA,25,25.01
PILITA,63.94,63.94
MITCON,21.38,21.38
NATHBIOGEN,9.86,10.58
SDBL,24.7,24.7
AGARIND,14.73,14.73
SNOWMAN,121.81,121.81
PDSL,36.09,36.81
GOODLUCK,28.32,28.32
APOLSINHOT,50.9,50.9
GRPLTD,74.01,68.54
GREENLAM,54.56,54.56
LINC,25.67,25.67
MANAKSTEEL,17.76,18.13
IMAGICAA,265.33,62.39
LFIC,5.8,5.8
PRIVISCL,46.79,46.79
NILAINFRA,34.73,34.73
ALANKIT,27.6,27.6
BALKRISHNA,,18.47
ADANIENSOL,,74.6
RAMASTEEL,79.49,79.49
SATIN,5.07,5.07
INDIGO,24.23,24.23
SALZERELEC,34.31,34.31
ALKEM,36.19,34.6
QUICKHEAL,89.57,89.57
NECCLTD,28.54,28.54
GOKULAGRO,27.1,27.1
HCG,113.35,120.03
WEALTH,26.88,26.88
SAGARDEEP,55.6,55.6
UNITEDPOLY,27.74,27.74
ALBERTDAVD,12.3,12.3
CONTROLPR,24.58,24.6
INCREDIBLE,35.77,35.77
DAMODARIND,45.74,45.74
POKARNA,30.81,30.81
GPTINFRA,31.66,31.66
SOMICONVEY,43.53,43.53
LLOYDSENGG,99.77,99.77
LTIM,40.85,40.85
GATECH,82.98,82.98
ADVENZYMES,40.09,37.43
NDGL,12.75,12.75
BIGBLOC,131.24,131.24
MBAPL,64.97,64.97
CUPID,27.18,27.18
GNA,19.75,19.75
CROWN,17.82,84.42
HPL,69.22,69.22
JAIPURKURT,25.32,25.32
SAKAR,65.25,65.25
AURDIS,15.67,15.67
PANSARI,43.1,43.1
DRL,12.91,12.91
ARTNIRMAN,117.96,117.96
ENDURANCE,47.78,47.78
GICL,77.96,77.96
PNBHOUSING,18.07,18.07
PODDARMENT,14.64,14.64
JETFREIGHT,19.98,22.07
TCIEXP,35.85,35.85
LIBAS,5.89,5.89
PROLIFE,11.22,11.22
CAPTRUST,115.57,115.57
MAHESHWARI,13.67,13.67
MCL,30.57,30.57
PRICOLLTD,37.85,37.85
STEELCITY,10.91,10.91
KRISHANA,33.34,33.34
GLOBAL,14.27,14.27
NITIRAJ,23.09,23.09
AKASH,36.77,36.77
RADIOCITY,63.3,63.3
AIRAN,14.61,14.61
URJA,419.32,419.32
EIFFL,190.79,190.79
CREATIVE,25.07,25.07
DEVIT,26.26,26.26
MKPL,37.33,37.33
INFOBEAN,37.84,37.84
BHAGYANGR,33.66,33.66
JALAN,,39.66
VSCL,1423.77,1423.77
GLOBE,24.06,27.5
TEJASNET,129.98,129.98
DYNPRO,103.48,103.48
THEINVEST,36.07,36.07
COCHINSHIP,55.25,55.25
SERVOTECH,261.65,261.65
PASHUPATI,191.05,191.05
CHOLAHLDNG,7.98,7.98
CAPACITE,21.71,21.71
WORTH,14.14,14.14
CADSYS,6.62,6.75
DPWIRES,18.97,18.97
AARVI,20.29,20.29
AIROLAM,27.3,27.3
RKEC,13.23,13.23
GOLDSTAR,71.78,71.78
JASH,35.65,35.65
CMMIPL,20.01,20.01
OMFURN,20.25,20.25
TCPLPACK,28.42,28.42
MILTON,22.15,22.15
TIINDIA,62.06,62.64
NIACL,35.48,35.48
VERTOZ,145.62,145.62
PULZ,24.96,24.96
ZODIAC,75.8,75.8
ICEMAKE,43.9,43.9
INNOVANA,24.99,24.99
ONEPOINT,36.91,36.91
AJOONI,74.93,74.93
BCONCEPTS,80.96,80.96
SILLYMONKS,93.54,93.54
SINTERCOM,291.1,291.1
ARVEE,149.89,149.89
BANKA,70.08,70.11
GMMPFAUDLR,41.56,41.56
HINDCON,53.11,53.11
SARVESHWAR,62.16,62.16
MACPOWER,50.42,50.42
BDL,78.48,78.48
BANDHANBNK,12.26,12.26
URAVI,279.91,279.91
MITTAL,21.08,39.32
GIRIRAJ,96.17,96.17
ISEC,13.85,13.85
MIDHANI,94.87,94.87
CONTI,102.52,
AVG,18.19,28.53
VERA,24.73,24.73
MMP,33.11,33.11
NARMADA,16.89,16.89
BSHSL,86.54,86.54
AAKASH,20.01,20.01
GODHA,56.41,56.41
SOFTTECH,130.92,130.92
ORIENTELEC,79.62,100.87
E2E,163.74,163.74
SIRCA,39.01,39.01
SVLL,101.34,101.34
LATTEYS,105.72,105.72
SONAMLTD,34.24,34.24
ADANIGREEN,250.58,207.55
PRITI,20.97,20.97
RITES,35.5,35.5
GANGAFORGE,186.62,190.16
REPL,26.8,26.8
AVROIND,44.73,44.73
HDFCAMC,45.45,45.45
TEMBO,24.27,24.7
AARON,43.74,43.74
SIGIND,16.55,16.55
LAGNAM,14.59,14.59
RPPL,30.34,30.34
AKG,53.21,53.21
AHLADA,10.73,10.73
RAJMET,34.67,34.67
AAVAS,27.74,27.74
GRSE,54.73,54.73
KRITIKA,50.04,50.04
PARIN,151.63,151.63
VINNY,57.7,57.7
MARINE,112.65,113.15
ATGL,131.04,131.04
SHUBHLAXMI,18.85,18.85
SHRIRAMPPS,5.92,5.92
TREJHARA,25.85,210.88
SURANI,706.4,706.4
MSTCLTD,23.51,23.51
ARVINDFASN,64.21,61.94
RVNL,85.56,85.56
POLYCAB,56.86,56.86
KPITTECH,73.28,73.28
VIKASLIFE,,90.17
CONFIPET,33.12,33.12
DGCONTENT,41.77,41.77
ABINFRA,94.68,96.05
OAL,65.73,65.73
SATIA,6.47,6.47
WEL,166.51,166.51
CHEMCON,51.67,51.67
WESTLIFE,283.76,283.76
HNDFDS,67.97,67.97
MAZDOCK,39.76,39.76
IRCTC,62.25,62.09
SECL,1247.53,1247.53
360ONE,45.6,42.5
HPIL,139.97,139.97
FLUOROCHEM,129.64,129.64
KUANTUM,7.84,7.84
CHEMBOND,18.6,18.6
MGEL,19.03,19.03
SBICARD,31.46,31.46
HOMEFIRST,30.44,30.44
CSBBANK,10.45,10.45
EASEMYTRIP,66.42,41.35
ROSSARI,36.33,36.33
PRINCEPIPE,33.93,36.77
ESAFSFB,5.26,5.26
ARTEMISMED,70.83,70.83
SUMICHEM,66.7,66.7
LGHL,63.89,67.92
ASALCBR,30.74,30.74
MAHEPC,,2218.3
BAFNAPH,692.46,306.08
SUVENPHAR,126.01,126.01
STOVEKRAFT,80.94,80.94
KSOLVES,34.21,34.21
HAPPSTMNDS,51.14,53.34
AARTISURF,30.09,30.09
BOROLTD,66.3,66.3
MAXHEALTH,80.88,80.88
PAVNAIND,52.8,52.8
KALYANKJIL,107.46,107.46
SHAREINDIA,13.7,13.68
UNIDT,40.38,40.38
ANGELONE,18.04,18.04
NIRAJ,28,18.81
SURYODAY,8.21,8.21
UTIAMC,19.38,19.38
BECTORFOOD,79.38,79.38
ORCHPHARMA,68.53,68.53
INDIGOPNTS,49.57,49.57
LXCHEM,73.65,73.65
MTARTECH,135.84,135.84
ANURAS,66.33,66.33
AMNPLST,55.2,55.2
JPOLYINVST,26.45,26.45
AGRITECH,13.37,13.37
HATSUN,86.18,86.18
GOCLCORP,31.17,28.59
SHARDACROP,33.89,33.89
CIGNITITEC,28.54,27.95
MONTECARLO,25.5,25.5
GULPOLY,64.72,64.72
LAMBODHARA,40.55,40.55
MOLDTKPAC,40.48,40.48
VISHNU,24.97,24.97
JMA,9.22,9.22
INOXWIND,522.42,422.62
VRLLOG,77.77,78.25
SKIPPER,45.42,45.42
SYNGENE,74.51,77.17
POWERMECH,38.3,38.23
IDFCFIRSTB,18.75,18.75
TTKHLTCARE,31.99,39.67
LALPATHLAB,73.44,73.44
PRECAM,52.14,74.4
BHAGERIA,49.52,49.52
KDDL,30.36,30.42
HECPROJECT,19.57,19.57
THYROCARE,59.27,59.16
ARMANFIN,10.45,10.45
SALONA,23.8,23.8
SANGINITA,56.79,56.79
INTENTECH,18.89,18.89
CLEDUCATE,42.94,46.12
SIKKO,35.35,35.35
STARCEMENT,37.23,37.23
GTPL,20.54,20.54
ACEINTEG,55.18,55.18
AVADHSUGAR,12.73,12.73
TOTAL,775.87,775.87
OPTIEMUS,84.13,84.13
VAISHALI,248.46,248.46
GEEKAYWIRE,15.48,15.48
DIXON,175.93,175.93
ICICIGI,96.03,96.03
DIAMONDYD,39.58,39.58
GATECHDVR,13.66,13.66
TIRUPATIFL,40.99,40.99
DPABHUSHAN,53.7,53.7
NAM-INDIA,35.53,35.53
IFGLEXPOR,29.62,29.62
SILVERTUC,52.73,52.73
SHRADHA,11.61,11.61
TOUCHWOOD,47.66,47.67
MOKSH,17.36,17.36
AMBER,85.01,85.01
SOUTHWEST,40.62,42.67
KSHITIJPOL,18.32,47.24
SILGO,19.93,19.93
BBTCL,31.75,31.75
IRISDOREME,52.74,52.74
UNIPARTS,19.54,19.54
AWHCL,20.13,20.13
RPSGVENT,34.9,34.9
CHALET,76.95,76.95
ANUP,41.72,41.72
PAR,20.05,20.05
METROPOLIS,80.78,80.78
NEOGEN,107.79,107.79
EMAMIPAP,7.84,7.84
PPL,15.23,15.23
INDIAMART,45.85,45.85
AFFLE,68.37,68.37
SPANDANA,9.91,9.91
UJJIVANSFB,6.49,6.49
SAFARI,71.19,71.19
IIFLSEC,14.67,14.67
VISHWARAJ,70.31,70.31
GREENPANEL,40.05,40.05
APOLLOPIPE,59.22,59.22
ROUTE,27.2,28.25
SIGMA,22.02,22.02
EQUITASBNK,14.63,14.63
HINDWAREAP,74.38,74.38
LIKHITHA,24.25,24.25
PATANJALI,73.78,73.78
ATALREAL,38.13,38.13
UNIVPHOTO,14.31,14.31
POWERINDIA,300.14,300.14
RAJRATAN,40.87,40.87
GLAND,43.08,43.08
NDRAUTO,58.02,58.02
AAATECH,49.03,49.03
SIGACHI,30.83,30.83
ADL,251.49,251.49
CAMS,56.28,56.28
ROML,127.94,127.94
RAILTEL,58.31,57.55
NURECA,578.44,578.44
HERANBA,33.95,33.95
FAIRCHEMOR,34.1,34.1
PARTYCRUS,20.2,20.2
VMARCIND,34.37,34.37
AILIMITED,74.37,74.37
BMETRICS,25.92,25.92
REXPIPES,17.13,17.12
DYNAMIC,78.32,78.32
FOCE,46.18,46.18
JSLL,53.21,53.21
EUROBOND,57.23,57.23
TIMESCAN,16.32,16.32
SPRL,19.67,19.67
KNAGRI,30.38,30.38
KRISHIVAL,66.99,66.99
PROPEQUITY,26.4,26.4
AMEYA,26.98,26.98
RILINFRA,30.89,30.89
CMRSL,11.65,9.54
JFLLIFE,19.14,19.14
FIDEL,28.37,28.37
USASEEDS,24.54,24.54
KORE,175.33,171.51
ISHAN,,286.05
CLOUD,3.47,3.47
MEGAFLEX,48.66,48.66
AMIABLE,10.19,10.19
DOLLEX,8.88,8.88
FROG,31.52,31.52
PRITIKA,104.41,104.41
VERTEXPLUS,134,134
SRIVASAVI,28.09,28.09
SAHANA,79.33,79.33
LRRPL,202.49,202.49
MCON,55.12,55.12
QFIL,22.43,22.43
NIRMAN,48.91,48.91
SYSTANGO,21.25,21.25
MOS,57.74,57.74
SPECTSTM,23.56,23.56
SHRITECH,14.35,14.35
INFINIUM,51.38,51.38
AATMAJ,70.43,70.43
CELLPOINT,37.08,37.08
GREENCHEF,38.18,38.18
MAGSON,25.68,25.68
MONOPHARMA,25.94,25.94
SSFL,91.51,91.51
SAHAJ,25.94,25.94
GLOBALPET,49.21,49.21
PRAMARA,46.93,46.93
ZEAL,23.73,23.73
UNIHEALTH,22.59,22.59
ONDOOR,41.96,41.58
PLADAINFO,9.57,9.57
KARNIKA,33.35,33.35
SAAKSHI,75.9,75.9
BASILIC,48.96,48.96
CPS,71.09,71.09
NEWJAISA,63.06,63.06
HOLMARC,34.53,34.53
MARCO,42.24,42.24
KONTOR,120.85,120.85
CANARYS,47.03,47.03
DIGIKORE,84.12,84.12
PARAGON,20.54,20.54
EMKAYTOOLS,14.55,14.55
JETKNIT,92.83,92.83
TRANSWIND,33.58,33.58
RMDRIP,104.99,104.99
TIRUPATI,53.43,53.43
BETA,46.43,46.43
AISL,29.65,29.65
FELIX,65.35,65.35
SOLEX,164.72,164.72
MHHL,9.74,9.74
MDL,52.39,48.96
MAHICKRA,77.15,77.15
SPECTRUM,136.77,136.77
DRSDILIP,60.34,60.34
KHFM,147.29,147.29
PENINLAND,26.64,27.79
WHEELS,29.44,29.44
PREMIERPOL,21.38,21.38
SMLISUZU,22.39,22.39
FACT,2452.02,298.7
EXIDEIND,45.66,45.66
ELECON,39.8,39.8
LAXMIMACH,60.47,60.47
NELCO,124.02,124.02
MAHSCOOTER,56.52,58.37
TRENT,164.02,246.76
KECL,94,94
KCP,11.23,11.15
JAYBARMARU,35.42,35.42
INFY,29.73,29.73
IFBIND,69.52,69.52
IGPL,50.96,50.96
GNFC,18.7,18.7
BHARATFORG,83.81,75.57
BASF,43.3,43.95
ARVIND,31.64,31.74
TATAMOTORS,10.7,10.63
MRPL,12.45,12.42
LINDEINDIA,149.05,149.05
ESCORTS,40.14,40.14
BAJAJHLDNG,80.38,80.38
ASHOKLEY,26.8,26.26
TATASTEEL,,51.26
SUNDARMFIN,33.86,32.47
VEDL,17.86,20.06
RELIANCE,25.21,25.21
DRREDDY,19.89,19.89
BATAINDIA,55.25,73.06
CARBORUNIV,68.23,68.23
COROMANDEL,33.46,33.46
VINDHYATEL,28.22,28.22
ASIANPAINT,64.21,64.21
BEML,56.58,56.58
TORNTPHARM,67.02,69.97
FEDERALBNK,11.02,11.02
VLSFINANCE,4.36,4.36
SRF,59.89,59.89
RANEHOLDIN,31.03,16.01
SUNPHARMA,42.15,41.53
SANDESH,7.24,7.23
APOLLOHOSP,94.18,94.29
PTL,22.12,22.12
AUTOIND,28.01,28.69
IZMO,21.34,21.34
TIIL,29.06,28.33
FSL,42.48,42.48
INDIANB,7.79,7.79
LAOPALA,33.08,33.08
JKTYRE,12.72,12.39
THEMISMED,74.5,74.5
BALAMINES,35.32,35.32
FORTIS,62.54,63.59
WEBELSOLAR,,400.67
INSECTICID,22.78,22.78
NAGREEKEXP,22.38,22.38
V2RETAIL,95.2,95.2
ADSL,34.02,34.02
CENTRALBK,16.82,16.82
MOTILALOFS,16.03,16.03
MAGNUM,40.28,141.07
KSCL,18.62,18.62
DELTACORP,17.57,21.98
CERA,47.84,47.59
ADANIPORTS,33.39,31.84
EDELWEISS,19.89,19.89
KAUSHALYA,2.67,2.67
JYOTHYLAB,56.76,56.76
HITECHCORP,20.8,21.5
BRIGADE,70.15,70.15
MANAKSIA,8.58,6.51
ARIES,17.28,17.28
CEATLTD,18.74,17.59
CORDSCABLE,23.7,23.7
HERCULES,49.65,49.65
IRB,39,39
BALKRISIND,36.34,36.34
RAJSREESUG,21.16,21.16
ONGC,7.64,7.44
TAINWALCHM,39.94,39.94
JINDALPOLY,25.1,111.05
IGARASHI,134.24,134.24
BLUEDART,66.07,66.07
MUNJALSHOW,23.27,21.85
HSCL,61.82,61.82
RANASUG,23.02,23.02
DECCANCE,34.4,23.45
UFLEX,,13.42
TATAPOWER,43.35,43.69
SUBROS,40.88,40.88
SIEMENS,95.5,95.5
BHARATRAS,52.8,52.8
TOKYOPLAST,90.35,90.35
SOMANYCERA,29.56,30.63
SANOFI,33.63,31.61
KABRAEXTRU,49.32,49.32
PRSMJOHNSN,109.35,
PIDILITIND,89.52,87.16
HONDAPOWER,40.67,42.42
JINDALSAW,12.36,12.36
GRAPHITE,9.09,34.25
CANFINHOME,15.03,15.03
ELECTCAST,14.83,14.83
CIPLA,30.33,29.31
HDFCBANK,17.94,17.84
GIPCL,16.32,16.32
INDIANHUME,29.51,29.51
IOC,7.89,7.89
KAMATHOTEL,12.56,66.89
BANCOINDIA,17.68,17.68
APOLLOTYRE,20.45,19.39
SHANTIGEAR,54.77,54.77
ONWARDTEC,31.41,31.41
NILKAMAL,28.41,28.41
ICIL,23.37,23.37
ELGIEQUIP,71.52,71.52
AUROPHARMA,24.78,24.32
EIHOTEL,37.83,37.33
LICHSGFIN,7.84,7.84
BEPL,21.53,21.53
MOREPENLAB,43.94,43.94
VENKEYS,23.99,23.99
GHCL,12.39,12.39
EVERESTIND,111.97,133.17
BPL,22.83,22.83
PGHH,79.37,79.37
VESUVIUS,42.96,42.96
BOMDYEING,1.41,
NAVNETEDUL,4.29,18.45
GLAXO,75.68,66.99
CHOLAFIN,35.09,35.09
KOTAKBANK,16.73,19.33
ORIENTHOT,70.55,70.55
FOSECOIND,45.54,45.76
3MINDIA,64.74,64.74
RALLIS,48.14,48.4
MFSL,88.16,88.16
KOPRAN,27.36,27.36
HEG,57.09,57.09
TATAINVEST,120.25,120.25
SUDARSCHEM,55.21,55.21
IPCALAB,64.83,70.32
HINDALCO,13.51,13.25
GSFC,16.66,16.71
AMBUJACEM,35.11,36.92
EIDPARRY,9.31,9.31
CGPOWER,115.18,117.79
TNPL,14.97,14.97
PEARLPOLY,43.46,43.46
ANDHRSUGAR,34.21,32.39
TNPETRO,17.19,15.34
EIMCOELECO,35.08,35.08
CUBEXTUB,33.88,33.88
SAMBHAAV,35.82,40.62
ZENITHEXPO,2935.02,2935.02
SOMATEX,5.46,
AARTIDRUGS,30.98,30.98
INDIANCARD,2.36,
DENORA,39.95,39.95
MIRZAINT,58.32,58.32
ELECTHERM,3.25,3.25
MMFL,20.12,20.27
JCHAC,3929.74,199.39
MPHASIS,37.11,37.11
RUCHINFRA,31.23,99.03
RAMCOIND,27.05,27.05
HERITGFOOD,35.1,34.83
INDNIPPON,25.98,25.98
BANKINDIA,7.65,7.65
CONCOR,45.67,45.67
KCPSUGIND,7.07,7.69
INDSWFTLAB,2.96,15.65
FDC,29.95,29.95
ADROITINFO,14.46,14.46
MAHAPEXLTD,.54,37.34
INDUSINDBK,12.27,12.27
TRIGYN,23.2,23.2
KOTHARIPRO,36.94,36.94
CUB,11.54,11.54
ITDCEM,26.25,26.25
AXISBANK,13.7,13.7
SONATSOFTW,64.67,5.3
CYBERTECH,29.6,29.6
GOACARBON,9.69,9.69
DHANBANK,44.76,44.76
STCINDIA,14.95,15.82
RSSOFTWARE,32.12,32.12
IVC,72.18,72.18
ALEMBICLTD,39.67,39.67
NIPPOBATRY,2.87,2.87
HCLTECH,29.36,29.36
IOB,38.62,38.62
BIL,51.79,51.79
KTKBANK,6.3,6.3
AJANTPHARM,49.6,49.6
CALSOFT,69.4,69.4
TVSMOTOR,70.01,70.01
PNC,30.64,30.64
REPRO,95.9,95.9
HAVELLS,88.22,88.22
AXISCADES,50.58,50.58
BALAJITELE,102.93,102.93
HIKAL,70.05,70.05
TCI,29.99,29.77
ASAL,63.44,63.44
PONNIERODE,9.85,9.85
SURANAT&P,34.69,34.69
UNIONBANK,6.38,6.38
OMAXAUTO,18.07,
GODREJIND,37.46,37.46
UCOBANK,29.24,29.24
NSIL,33.99,33.99
PTC,11.9,11.64
VAIBHAVGBL,40.89,39.1
RKFORGE,51.07,51.01
CCL,38.36,38.36
APARINDS,48.14,48.14
NIITLTD,54.86,54.86
TCS,34.42,33.9
GUFICBIO,48.78,48.78
WELENT,21.63,21.63
SUPRAJIT,42.98,42.98
JPPOWER,9.99,7.21
EVEREADY,69.38,69.38
ALLSEC,21.62,26.1
WELCORP,19.87,19.87
SSWL,5.07,14.89
SURYALAXMI,57.11,30.62
63MOONS,11.49,11.49
JSWHL,71.44,71.44
GEOJITFSL,22.46,22.46
MSPL,75.15,75.18
IDFC,714.87,714.87
GOLDIAM,38.32,38.32
FCSSOFT,,64.04
IMPAL,22.8,22.8
AURIONPRO,64.31,64.31
AIAENG,36.25,36.27
NAHARINDUS,40.63,36.19
VIMTALABS,34.74,34.74
NITINSPIN,16.02,16.02
ENIL,30.62,30.62
GSPL,10.68,10.88
SAKUMA,22.2,22.2
KEC,62.47,62.47
JKCEMENT,41,41.47
INDOTECH,42.61,42.61
BLKASHYAP,36.27,38.99
CENTURYPLY,65.38,63.91
VAKRANGEE,385.85,409.47
GALLANTT,27.88,27.88
UTTAMSUGAR,11.95,11.95
KKCL,26.47,26.47
GPIL,12.41,12.41
RSYSTEMS,41.21,41.21
LOKESHMACH,52.58,52.58
SWELECTES,34.66,81.32
RATNAMANI,44.92,44.92
PIONEEREMB,65.19,65.19
JKLAKSHMI,19.55,19.81
ALLCARGO,206.6,125.11
MUNJALAU,34.14,20.38
GRINDWELL,71.95,71.9
VOLTAMP,58.68,58.68
SELAN,28.88,28.88
ACE,43.28,43.28
HOVS,38.31,38.31
BINANIIND,31.29,
TALBROAUTO,21.65,30.81
DCBBANK,6.96,6.96
NAUKRI,119.72,112.77
GESHIP,6.41,6.41
MANALIPETC,51.79,47.39
RUCHIRA,10.06,10.06
HIRECT,86.94,67.66
TANLA,22.63,22.63
AVTNPL,26.67,26.67
TIDEWATER,32.04,32.04
FILATEX,22.54,22.54
BROOKS,212.47,212.47
APLLTD,38.9,38.9
PGEL,84.86,84.86
PAISALO,29.91,29.96
TRITURBINE,82.99,82.99
INDOTHAI,36.13,36.13
DSSL,32.23,32.23
POLYMED,96.4,96.4
VIKASECO,41.29,41.29
KANANIIND,102.7,102.7
DBSTOCKBRO,18.34,18.34
SCHNEIDER,104.63,102.78
NDL,18.57,18.57
TBZ,29.75,29.75
VSSL,23.05,23.05
SPECIALITY,27.56,27.56
KITEX,41.69,41.69
ROSSELLIND,157.09,155.68
ZUARI,5.56,5.56
VETO,17.41,17.41
REPCOHOME,8.29,8.29
JUSTDIAL,23.98,23.98
ORBTEXP,17.55,17.55
SREEL,27.18,27.18
CASTROLIND,28.61,28.61
WONDERLA,35.74,35.74
CAPLIPOINT,30.99,30.99
GULFOILLUB,20.3,20.3
SUPERHOUSE,15.75,25.3
INTELLECT,45.48,45.09
FCL,36.58,36.58
GENUSPAPER,88.82,88.82
GANECOS,83.17,83.17
HESTERBIO,115.87,115.87
MANAKALUCO,42.12,42.12
ZENTEC,90.68,91.75
AVANTIFEED,22.02,22.02
VIPULLTD,1.95,1.93
TPLPLASTEH,41.94,41.94
PNCINFRA,8.86,8.86
ORICONENT,82.09,53.2
PKTEA,21.8,21.8
ARVSMART,67.22,67.22
SHARDAMOTR,23.52,23.52
GUJGASLTD,35.33,36.62
COFFEEDAY,,5.66
BALAXI,13.33,16.08
LUXIND,47.59,47.59
UMANGDAIRY,58.85,58.85
KRIDHANINF,,59.26
LINCOLN,16.21,16.21
OCCL,8.13,8.13
TEAMLEASE,49.37,50.95
VIDHIING,61.21,61.21
KELLTONTEC,20.43,20.43
PDMJEPAPER,9.85,9.85
INFIBEAM,41.29,41.29
CROMPTON,62.61,62.61
SHRIPISTON,21.98,21.98
BLS,48.11,48.11
PREMEXPLN,111.9,111.9
MGL,14.93,14.93
MOLDTECH,24.78,24.78
QUESS,34.07,33.11
GROBTEA,44.63,44.63
MINDTECK,35.29,33.43
DBL,24.66,55.54
SPAL,28.34,28.34
RBLBANK,9.86,9.86
LTTS,45.92,45.92
ICICIPRULI,272.46,272.46
MARATHON,23.7,23.7
MASKINVEST,885.48,885.48
MAZDA,19.48,19.48
VBL,206.5,206.5
KINGFA,33.64,33.64
NBIFIN,147.43,147.43
SFL,50.88,72.41
LAURUSLABS,179.74,179.74
ITDC,91.06,90.96
HISARMETAL,18.56,18.56
SPCENET,129.07,129.07
BHANDARI,25.76,25.76
BSE,76.02,76.02
JITFINFRA,20.08,23.12
TASTYBITE,204.31,204.31
NRAIL,7.62,7.62
SCHAND,17.19,17.19
PSPPROJECT,21.8,21.8
CDSL,59.25,59.25
AUBANK,32.53,31.34
STEELXIND,78.41,78.41
MAGADSUGAR,10.55,10.55
SIS,42.34,42.34
ABCAPITAL,17.24,17.24
GODREJAGRO,44.19,44.19
IEX,52.69,52.69
GICRE,9.5,9.5
KHADIM,127.51,127.51
5PAISA,26.38,26.38
SHALBY,39.23,39.23
NEWGEN,55.3,55.3
ASTERDM,60.38,
HGINFRA,17.86,18.24
SUNDARMHLD,38.82,38.82
HAL,37.44,37.44
SANDHAR,31.05,32.1
LEMONTREE,59.37,59.37
CHEMFAB,72.76,72.76
INDOSTAR,35.14,35.14
GAYAHWS,,71.39
FINEORG,37.95,37.91
VARROC,17.28,17.28
HBSL,3.02,3.02
CREDITACC,12.92,12.92
IRCON,24.7,24.7
TECHNOE,63.66,63.66
DALBHARAT,41.65,37.24
MENONBE,9.44,9.44
MANAKCOAT,36.37,36.37
BYKE,51.76,51.76
UFO,83.04,68.96
ARROWGREEN,31.1,31.1
MUTHOOTCAP,4.96,
SHREEPUSHK,18.74,18.74
SHK,364.59,22.97
PILANIINVS,38.95,38.95
NH,33.62,33.62
HITECH,56.44,56.44
SEQUENT,305.46,
BHARATWIRE,21.18,21.18
PARAGMILK,23.1,23.1
ASPINWALL,18.15,18.15
DMART,130.1,130.1
ARIHANTSUP,24.59,24.59
SHANKARA,17.73,17.73
WIPL,55.21,55.21
DOLLAR,31.79,31.58
ERIS,50.32,50.32
SALASAR,71.56,71.56
GANGESSECU,34.04,34.04
APEX,53.42,53.42
MATRIMONY,35.72,35.72
SBILIFE,91.65,91.65
MASFIN,18.85,18.85
HDFCLIFE,92.2,92.2
APOLLO,82.52,82.52
GALAXYSURF,36.04,36.04
NMDC,10.32,9.96
GSS,29.52,29.52
RECLTD,10.12,10.12
VGUARD,69.45,69.45
NESCO,19.35,19.35
BAJAJFINSV,18.19,18.19
GOKUL,312.03,24.49
ALMONDZ,20.23,52.02
RBL,21.43,20.99
LOTUSEYE,73.55,74.34
VINYLINDIA,32.78,32.78
UBL,122.73,122.73
20MICRONS,18.41,18.06
COUNCODOS,38.54,38.54
MAWANASUG,9.15,9.15
AJMERA,20.81,20.81
MHRIL,70.28,70.28
EXCEL,56.89,56.89
GLOBUSSPR,48.54,48.54
RTNPOWER,.87,
ZYDUSWELL,47.1,47.1
SARDAEN,24.53,24.43
REFEX,50.58,50.6
AHLUCONT,22.55,37.44
GODREJPROP,64.83,64.83
BEARDSELL,20.08,20.08
MMTC,144.67,109.3
WHIRLPOOL,91.85,87.72
VASCONEQ,29.3,29.3
DBREALTY,7.77,8.26
LGBBROSLTD,15.35,16.06
ISFT,25.59,25.59
MANAPPURAM,7.56,7.56
HMVL,181.85,181.85
UGARSUGAR,50.13,50.13
ADFFOODS,39.54,39.54
DEEPAKNTR,46.11,49.59
GREENPOWER,66.49,103.99
ASHOKA,10.55,11.94
CGCL,45,45
RESPONIND,41.28,41.28
GRAVITA,59.55,59.55
JAMNAAUTO,24,24
SUMMITSEC,40.32,35.42
JUBLINDS,77.28,39.21
HFCL,57.03,57.03
MUTHOOTFIN,16.94,16.94
PIIND,40.33,40.33
KARMAENG,122.73,161.22
DHANUKA,28.7,28.7
INVENTURE,14.38,12.5
PAKKA,35.79,35.79
SHREYANIND,5.38,5.38
IVP,15.31,15.31
EICHERMOT,35.37,35.37
ZENSARTECH,26.05,26.05
JYOTISTRUC,75.78,75.78
JAYNECOIND,33.8,30.15
SOTL,21.66,21.66
KARURVYSYA,10.32,10.32
ADVANIHOTR,29.77,29.77
SIMPLEXINF,16.56,16.56
TATACOMM,62.35,74.34
LIBERTSHOE,61.61,48.15
HEIDELBERG,33.37,33.37
POLYPLEX,19.69,19.69
EIHAHOTELS,33,33
ABB,99.66,99.66
BRITANNIA,66.07,65.47
DABUR,63.62,63.62
LYKALABS,978.74,494.37
GOLDENTOBC,10.71,12.15
GABRIEL,37.84,37.84
PRAKASH,9.87,9.87
GREAVESCOT,,104.04
TIMKEN,70.36,70.36
AKZOINDIA,39.95,39.95
GRASIM,18.59,17.88
DCM,32,32
BEL,50.19,50.19
GREENPLY,41.3,45.4
SWARAJENG,28.48,28.48
TTKPRESTIG,56.95,56.95
BIOFILCHEM,167.41,167.41
SANGAMIND,51.77,44.94
CREST,12.22,12.22
TVSSRICHAK,36.06,33.99
DYNAMATECH,58.2,106.09
MPSLTD,34.45,34.45
APTECHT,50.57,45.72
NUCLEUS,21.17,21.17
RADAAN,11.37,11.37
VARDHACRLC,22.39,22.39
IGL,23.04,23.04
SIL,138.88,138.88
BIOCON,22.44,22.67
EXCELINDUS,47.72,47.72
TEXINFRA,438.94,438.94
NTPC,18.67,18.67
INDOCO,46.73,50.81
JSWSTEEL,30,32.01
GOKEX,51.12,51.12
SHOPERSTOP,244.62,210.55
JKPAPER,7.8,7.8
VHL,339.28,40.13
SPLIL,16.24,16.23
SASKEN,32.04,32.04
JMFINANCIL,317.39,11.91
TORNTPOWER,34.63,34.63
JINDRILL,15.74,15.74
HBLPOWER,57.3,53.67
LUMAXTECH,19.55,19.55
GANDHITUBE,18.38,18.38
PGIL,23.99,24.56
SMSPHARMA,55.82,55.82
ASTRAL,94.63,94.63
NCLIND,13.31,13.31
PHOENIXLTD,45.54,45.53
ALPHAGEO,32.06,18.53
KMSUGAR,15.29,15.29
NELCAST,21.92,31.25
MEGASOFT,81.25,81.25
HINDCOPPER,82.04,82.04
THANGAMAYL,47.93,47.93
PERSISTENT,69.86,69.86
SJVN,52.19,55.77
TI,39.86,39.1
AHLEAST,8.04,10.89
WELINV,132.49,132.49
CAREERP,15.08,15.08
WABAG,33.32,33.14
BEDMUTHA,24.63,24.63
COALINDIA,8.53,8.53
RPPINFRA,12.79,12.79
PSB,59.46,59.46
DHUNINV,19.82,19.82
SYMPHONY,48.02,48.02
RUSHIL,22.36,22.36
