SECURITY,NEW,PREVIOUS,NEW_STATUS
KOTHARI PETROCHEM LTD,245,238.04,H
INFO EDGE (I) LTD,7725,7700,H
KEC INTL. LIMITED,969,968.8,H
FORTIS HEALTHCARE LTD,563,562.95,H
ICICI LOMBARD GIC LIMITED,2183,2170.95,H
MAGADH SUGAR & ENERGY LTD,989,897.4,H
SYNGENE INTERNATIONAL LTD,879,874.55,H
MIRAEAMC - MAESGETF,43.8,42.61,H
MIRAEAMC - SENSEXETF,83.5,83.2,H
ICICIPRAMC-ICICIFIN,27.25,27.06,H
KAUSHALYA LOGISTICS LTD,154.75,147,H
ENTERO HEALTHCARE SOLU L,1375.9,1355,H
SEC RE NCD 8.20% SR.III,970,950,H
SEC RE NCD 8.66% SR.VI,978.8,972,H
SEC RE NCD 9.70% SR VII,1025,1020,H
GO DIGIT GENERAL INS LTD,390.9,383.4,H
21ST CENTURY MGMT SERVICE,120.71,118.35,H
GOI TBILL 182D-26/12/24,97.74,97.45,H
SEC RE NCD 10.30% SR.VII,1550,1390,H
SEC RE NCD 10.15% SR VII,1010.37,985.04,H
NEULAND LAB LTD.,12710.5,12620,H
GUJARAT STATE PETRO LTD,447,423,H
RADICO KHAITAN LTD,1975.75,1910,H
COLGATE PALMOLIVE LTD.,3694.9,3638,H
MOTILALAMC - MOHEALTH,44.27,43.97,H
AIRTEL RS. 1.25 PPD UP,1207.45,1176.7,H
LT FOODS LIMITED,379.95,379.9,H
POWER INSTRUMENT (G) LTD,170.59,167.25,H
BANSAL WIRE INDUSTRIES L,415.7,410.2,H
SEC RE NCD 9.30% SR.IV,1055.55,1035.47,H
EID PARRY INDIA LTD,875,859.95,H
FDC LIMITED,550,549.5,H
TATA CONSULTANCY SERV LT,4592.25,4565,H
ABBOTT INDIA LIMITED,30521,30151.1,H
BETA DRUGS LIMITED,1775,1678.9,H
BIRLASLAMC - HEALTHY,15.01,14.95,H
ALKEM LABORATORIES LTD.,6199.9,6064.8,H
AXISAMC - AXISHCETF,148.31,147.67,H
FOCUS LIGHTG & FIXTRS LTD,111.27,109.8,H
RAVINDER HEIGHTS LIMITED,70.41,63.9,H
SBI LIFE INSURANCE CO LTD,1869.8,1867.75,H
SBIAMC - SBIETFIT,458.6,457.7,H
SUNDARAM FINANCE HOLD LTD,408.65,367.95,H
ANNAPURNA SWADISHT LTD,489,480,H
MIRAEAMC - MAN50ETF,271.48,268.52,H
ICICI PRUD NIFTY ETF,286.95,285.45,H
TARAPUR TRANSFORMERS LTD,18.32,17.97,H
SHREE VASU LOGISTICS LTD,270.69,266.8,H
SEC RED NCD 9.70% SR. V,1091.79,1090,H
TVS MOTOR COMPANY  LTD,2824,2818,H
BAJAJ AUTO LIMITED,10921.35,10850,H
GULF OIL LUB. IND. LTD.,1469.1,1437.95,H
INDO THAI SEC LTD,438.1,417.45,H
MANKIND PHARMA LIMITED,2506.1,2490,H
MIRAEAMC - ALPHAETF,29.95,29.74,H
SUMIT WOODS LIMITED,132.69,130.09,H
SUPREME ENGINEERING LTD,2.77,2.72,H
TARC LIMITED,229.79,228.95,H
ESSEN SPECIALITY FILMS L,259.85,247.85,H
SHRE PUSH CHEM & FERT LTD,262.2,67.5,H
DYNEMIC PRODUCTS LIMITED,413,401.95,H
SHRIRAM - LIQUIDSHRI,1009.92,1009.74,H
MOXSH OVERSEAS EDUCON LTD,207.15,197.3,H
ATLANTAA LIMITED,50.76,50.65,H
SEC RE NCD 10% SR.IV,980.1,970.2,H
BHARTI AIRTEL LIMITED,1608.4,1571.7,H
SUNDARAM FINANCE LTD,5166,4998,H
TRIVENI ENGG. & INDS. LTD,484,482,H
HFCL LIMITED,152,151.89,H
HEXA TRADEX LIMITED,337.07,321.02,H
KRISHNA INST OF MED SCI L,2596.95,2538.95,H
RAM RATNA WIRES LIMITED,610,575,H
S&S POWER SWITCHGEARS,425.3,417.5,H
NITIRAJ ENGINEERS LTD,259.7,248.3,H
MIRAEAMC - MANXT50,767.55,765.04,H
HRH NEXT SERVICES LIMITED,59.25,54.4,H
ICICIPRAMC - ICICINXT50,80.3,80.25,H
ICICIPRAMC - ICICIPHARM,149,148.4,H
NILA SPACES LIMITED,11.06,10.9,H
GOI LOAN  7.46% 2073,109.35,109.3,H
KAVVERI TEL. LTD.,36.38,35.67,H
PRUDENTIAL SUGAR CORPORAT,31.44,30.12,H
KOTAKMAMC - KOTAKIT,45.75,45.65,H
SEC RE NCD 10.25% SR XII,964.46,963.87,H
ORIENT TECHNOLOGIES LTD,333.39,317.52,H
GABRIEL INDIA LTD,550,547,H
PRAJAY ENG. SYN. LTD.,43.4,39.8,H
NIP IND ETF SHARIAH BEES,597.04,595.95,H
ICICI PRU LIFE INS CO LTD,754.75,754.2,H
GLENMARK LIFE SCIENCE LTD,1095,1063.7,H
KOKUYO CAMLIN LIMITED,211.1,209.9,H
AURANGABAD DISTILLERY LTD,432.75,420.4,H
PATANJALI FOODS LIMITED,1957,1945,H
LCC INFOTECH LTD,8.77,8.6,H
GOI TBILL 364D-15/05/25,96.03,95.1,H
GOI TBILL 364D-10/07/25,95.29,95.19,H
GOI TBILL 364D-29/05/25,94.9,94.58,H
GOI TBILL 364D-08/05/25,95.31,95.01,H
GLENMARK PHARMACEUTICALS,1750,1718,H
VLS FINANCE LTD,388,379.8,H
INDIA GLYCOLS LTD,1399,1370.55,H
MANGALAM CEMENT LTD,1057.1,1043.95,H
PVP VENTURES LIMITED,34.65,33,H
INDUS TOWERS LIMITED,460.35,453.3,H
MODI RUBBER LTD,130.46,120.05,H
NIPPONAMC - NETFPHARMA,23.79,23.62,H
GOI TBILL 364D-19/12/24,97.57,97.4,H
ALPEX SOLAR LIMITED,941.95,910,H
DSPAMC - HEALTHADD,145.96,144.83,H
MAITREYA MEDICARE LIMITED,295.25,281.2,H
SEC RE NCD 8.65% SR.V,950,924,H
SEC RE NCD 9.55% SR.VII,1014.22,1001.89,H
TAX FREE 7.69% SR. IIB,1184.99,1184,H
V R INFRASPACE LIMITED,315,300,H
ALLIED BLEND N DISTILS L,364.3,356.4,H
SLONE INFOSYSTEMS LIMITED,189,181.15,H
GOI TBILL 182D-24/10/24,98.87,98.5,H
GOI TBILL 182D-22/11/24,98.55,98.5,H
GOI TBILL 182D-05/12/24,98,97.86,H
GODFREY PHILLIPS INDIA LT,6570,6548.95,H
APOLLO HOSPITALS ENTER. L,6990,6927.4,H
TORRENT PHARMACEUTICALS L,3574,3451,H
LUPIN LIMITED,2256.7,2228.15,H
GMR POW AND URBAN INFRA L,140.2,139,H
UTIAMC - UTISENSETF,910.01,902.1,H
MULTI COMMODITY EXCHANGE,5234.6,5019,H
KHFM HOS FAC MANA SER LTD,93.45,93,H
TRANSWARRANTY FIN. LTD.,35.2,35.16,H
SRI ADHIKARI BRO TELE N L,567.1,556,H
7.60% TAX FREE NCD,1245.99,1239.85,H
UNITED SPIRITS LIMITED,1484.35,1480.4,H
GOI LOAN  7.34% 2064,107.45,107.35,H
DELPHI WORLD MONEY LTD,251.61,246.68,H
SOLVE PLASTIC PRODUCTS L,82.75,87.1,L
SEC RE NCD 9.25% SR II,909,942.72,L
SEC RE NCD 10.15% SR VII,901.8,960,L
TROM INDUSTRIES LIMITED,264.55,267.35,L
BLB LIMITED,19.23,19.63,L
VINNY OVERSEAS LTD,0.55,0.6,L
MANGLAM INFRA & ENG LTD,66.5,67.5,L
FORCAS STUDIO LIMITED,117.65,123.85,L
MAHALAXMI FABRIC MILLS LT,96.1,101.16,L
QVC EXPORTS LIMITED,138.05,145.3,L
PODDAR HOUSE & DVPT LTD,77.07,81.11,L
DOCMODE HEALTH TECH LTD,119,120.2,L
TRANS & RECTI. LTD,694,705,L
ANMOL INDIA LIMITED,33.8,34.45,L
DIENSTEN TECH LIMITED,155,157.95,L
RAJPUTANA INDUSTRIES LTD,88.35,91.55,L
GE POWER INDIA LIMITED,413.1,420.1,L
SHRENIK LIMITED,0.92,0.94,L
SARASWATI SAREE DEPOT LTD,156.51,163,L
AUSOM ENTERPRISE LIMITED,96,97,L
RISHABH INSTRUMENTS LTD,367.2,367.75,L
KATARIA INDUSTRIES LTD,167.65,168,L
SUNLITE RECYCLING IND LTD,170.8,173.05,L
AARVEE DEN. & EXP. LTD,45.9,46.84,L
V.L.INFRAPROJECTS LIMITED,92.9,95.9,L
BIRLASLAMC - GSEC10ABSL,99.8,100,L
GLOBALE TESSILE LIMITED,63.04,66.36,L
GOI TBILL 364D-15/08/25,93.43,94.63,L

