SYMBOL,SYMBOL P/E,ADJUSTED P/E
RGL,13.98,13.98
JYOTHYLAB,52.87,52.87
HITECHCORP,21.08,21.79
TARIL,133.05,133.05
BRIGADE,60.46,60.46
MANAKSIA,8.41,6.38
DVL,27.31,27.31
ARIES,17.92,17.92
CEATLTD,18.31,17.19
KNRCON,11.99,11.99
SEPC,147.49,147.49
NAHARCAP,16.38,16.38
VGUARD,68.62,68.62
DPSCLTD,106.85,106.85
TITAGARH,63.9,63.54
BAJAJFINSV,17.42,17.42
DIGISPICE,14.66,39.25
RPGLIFE,37.41,37.41
RBL,21.73,21.29
UBL,119.99,119.99
ZFCVINDIA,71.37,71.37
20MICRONS,18.91,18.54
TPHQ,28.16,28.16
MHRIL,67.7,67.7
EXCEL,56.89,56.89
EXPLEOSOL,22.3,22.3
SUNTECK,84.17,84.17
SARDAEN,23.16,23.07
GODREJPROP,65.66,65.66
BEARDSELL,17.12,17.12
NESTLEIND,74.43,74.64
THANGAMAYL,46.23,46.23
HATHWAY,57.25,56.54
MANINFRA,26.43,26.43
KIRLOSBROS,40.3,40.43
KIRLOSIND,17.03,15.23
IITL,7.87,10.74
DEEPAKNTR,45.53,48.97
RAMKY,16.97,16.97
ASHOKA,9.83,11.13
CGCL,45.08,45.08
IOLCP,21.87,21.87
PENIND,23.38,23.38
MOIL,22.55,22.55
STEL,70.9,70.9
HINDMOTORS,18.15,18.15
DHUNINV,11.8,11.8
VADILALIND,19.99,19.99
VSTTILLERS,32.7,32.7
RUSHIL,22.23,22.23
BODALCHEM,333.17,333.17
THERMAX,74.91,87.27
RIIL,175.03,175.03
RAYMOND,20.57,19.78
SHREDIGCEM,18.06,18.06
SMLISUZU,23.42,23.42
SUNDRMFAST,52.31,52.31
CRISIL,50.59,50.59
PEL,,138.55
MASTEK,29.32,29.09
TRENT,164.52,247.51
CUMMINSIND,65.42,65.37
JBCHEPHARM,51.87,51.87
INDIAGLYCO,24.79,24.79
IONEXCHANG,48.13,48.13
HIMATSEIDE,13.93,13.93
GFLLIMITED,184.69,184.69
BPCL,8.55,8.29
ATUL,71.44,71.44
ACC,19.53,22.13
MRPL,13.98,13.94
HINDPETRO,10.55,10.55
BAJAJHLDNG,78.4,78.4
ZUARIIND,1.57,
VOLTAS,100.19,100.19
TATASTEEL,,52.92
SPIC,19.03,13.27
SBIN,10.52,9.78
DRREDDY,20.84,20.84
CHAMBLFERT,15.99,15.99
CENTURYTEX,103.92,103.92
CENTENKA,29.2,29.2
FEDERALBNK,11.78,11.78
EPL,35.87,34
SRF,61.29,61.29
AEGISLOG,37.73,37.73
HONAUT,84.38,84.38
PRECOT,19.82,25.17
SANDESH,6.11,6.11
ADANIENT,79.82,75.51
INDBANK,22.96,22.96
RAJSREESUG,21.79,21.79
ZENSARTECH,26.28,26.28
KPIL,44.35,44.35
IGARASHI,140.16,140.16
SOTL,22.15,22.15
KARURVYSYA,10.54,10.54
WSI,21.39,20.53
ADVANIHOTR,28.83,28.83
SIMPLEXINF,13.65,13.65
WIPRO,24.96,24.96
JUBLPHARMA,25.22,57.45
SOMANYCERA,29.69,30.77
HLVLTD,59.2,59.2
LIBERTSHOE,62.92,49.17
KAJARIACER,51.55,51.52
MODTHREAD,11.2,11.2
MANGLMCEM,45.47,45.47
POLYPLEX,19.72,19.72
EIHAHOTELS,31.11,31.11
SAIL,22.6,15.24
ABB,103.71,103.71
GRAPHITE,9.51,35.86
DHAMPURSUG,15.07,15.07
COSMOFIRST,25.61,25.61
HDFCBANK,17.88,17.78
GMBREW,12.09,12.09
ITC,30.5,30.48
IOC,8.22,8.22
OSWALGREEN,599.32,599.32
HUHTAMAKI,7.21,31.34
RICOAUTO,42.07,40.99
MANINDS,23.86,23.86
SIYSIL,11.74,11.74
PRECWIRE,42.15,42.15
NCC,25.91,25.24
SEAMECLTD,27.9,29.57
BBTC,8.93,8.61
GICHSGFIN,8.19,8.19
BANARBEADS,22.84,22.84
WSTCSTPAPR,6.37,6.37
VENKEYS,23.84,23.84
PRUDMOULI,16.27,15.07
TFCILTD,18.13,18.13
GTL,1.05,5.02
AGI,24.3,24.3
TATACONSUM,94.36,80.53
ZEEL,42.62,32.54
INDHOTEL,75.32,75.32
ORIENTHOT,59.75,59.75
KANSAINER,36.13,36.13
3MINDIA,64.79,64.79
RALLIS,51.94,52.22
MFSL,80.06,80.06
GREAVESCOT,,100.46
SURYAROSNI,19.92,19.92
SUDARSCHEM,58.17,58.17
IPCALAB,61.74,66.96
HINDUNILVR,63.27,63.25
AMBUJACEM,34.51,36.29
DCM,33.34,33.34
HEUBACHIND,40.36,40.36
BAJFINANCE,29.31,29.31
NAVA,10.24,11.1
AUTOAXLES,18.77,18.77
KHAITANLTD,16.12,16.12
ANDHRSUGAR,35.63,33.73
JAYAGROGN,15.79,15.79
MARICO,55.55,55.55
BIOFILCHEM,166.18,166.18
SUNDRMBRAK,52.88,52.88
MOTHERSON,41.93,40.82
STERTOOLS,30.49,30.71
WENDT,71.74,71.74
SHRIRAMFIN,15.71,15.71
GUJAPOLLO,37.1,37.1
ALKYLAMINE,72.81,72.81
INDRAMEDCO,25.8,25.8
MADRASFERT,21.72,13.36
ICICIBANK,18.45,18.45
INDSWFTLAB,2.98,15.73
FDC,27.38,27.38
ADROITINFO,15.66,15.66
INDUSINDBK,12.23,12.23
TRIGYN,24.36,24.36
KOTHARIPRO,38.64,38.64
ITDCEM,30.5,30.5
SONATSOFTW,62.66,5.14
KOKUYOCMLN,49.85,49.85
DHANBANK,45.63,45.63
STCINDIA,16.21,17.14
IVC,76.75,76.75
ALEMBICLTD,39.81,39.81
HCLTECH,28.92,28.92
ZYDUSLIFE,27.24,27.24
RAJESHEXPO,229.15,229.15
IOB,40.92,40.92
AJANTPHARM,46.1,46.1
CALSOFT,56.19,56.19
PNBGILTS,36.21,39.57
NLCINDIA,18.86,18.86
GAEL,18.61,18.61
MRO-TEK,34.89,34.89
TRIDENT,56.78,56.8
ACLGATI,230.24,
JISLJALEQS,72.89,72.89
UNITDSPR,74.37,74.56
MPSLTD,35.58,35.58
PNB,11.74,11.74
TIMESGTY,63.1,63.1
CANBK,6.12,6.12
MARUTI,27.13,27.13
BAGFILMS,22.44,22.44
WELSPUNLIV,27.45,27.45
UNIENTER,30.29,30.29
PETRONET,14.13,14.24
MAHABANK,9.92,9.92
RKFORGE,50.71,50.65
APARINDS,43.26,43.26
TCS,34.67,34.15
COFORGE,52.43,53.02
GUFICBIO,47.56,47.56
DWARKESH,41.03,41.03
SUPRAJIT,41.93,41.93
CONSOFINVT,12.21,12.21
EVEREADY,72.59,72.59
ALLSEC,20.88,25.21
SSWL,5.3,15.56
SURYALAXMI,57.92,31.05
GEOJITFSL,18.46,18.46
NECLIFE,144.23,144.23
IDFC,735.3,735.3
IMPAL,21.25,21.25
SUZLON,121.88,113.73
AIAENG,36.44,36.46
ORIENTCER,37.11,41.01
EKC,20.23,19.86
ENIL,32.89,32.89
JAGRAN,12.81,12.81
M&MFIN,19.2,19.2
KEI,67.33,67.32
VAKRANGEE,364.29,386.59
RSYSTEMS,41.08,41.08
BALPHARMA,31.33,31.33
KAMDHENU,28.91,28.91
PIONEEREMB,51.04,51.04
MUNJALAU,27.8,16.59
TECHM,63.06,63.14
ANANTRAJ,67.1,67.1
BINANIIND,29.51,
ALICON,33.11,33.11
FIEMIND,22.54,22.54
INSPIRISYS,42.26,42.26
LTFOODS,22.52,22.52
VENUSREM,16.29,16.29
PLASTIBLEN,22.19,22.19
TANLA,22.75,22.75
PTL,23.33,23.33
GANDHITUBE,18.65,18.65
IZMO,20.32,20.32
TTL,24.03,66.83
INDIANB,8.57,8.57
NCLIND,13.31,13.31
PHOENIXLTD,48.22,48.21
NDLVENTURE,276.22,276.22
SRHHYPOLTD,14.2,12.79
KMSUGAR,15.54,15.54
HGS,74.24,74.24
DLF,121.3,121.3
MEGASOFT,85.33,85.33
ALPA,12,12.02
CIEINDIA,27.48,27.48
KSCL,17.04,17.04
DELTACORP,18.37,22.98
BVCL,19.9,19.9
BROOKS,170.23,170.23
PGEL,67.97,67.97
TRITURBINE,79.25,79.25
DSSL,33.75,33.75
JISLDVREQS,1.17,1.17
RUPA,33.93,32.75
KANANIIND,103.06,103.06
IRFC,36.47,36.47
RHIM,,44.06
SCHNEIDER,102.16,100.35
NBCC,78.98,60.81
TBZ,22.06,22.06
SWANENERGY,29.84,29.84
RTNINDIA,9.96,9.53
THEJO,52.5,52.5
MAYURUNIQ,21.26,21.26
DUCON,36.25,36.25
TVSHLTD,14.57,14.57
CARERATING,27.84,27.84
INDUSTOWER,18.19,18.19
ORIENTCEM,33.55,33.55
SAMMAANCAP,6.46,6.46
ESSENTIA,27,27.02
PILITA,61.27,61.27
MITCON,21.61,21.61
NATHBIOGEN,10.08,10.81
SDBL,22.1,22.1
AGARIND,15.25,15.25
GULFOILLUB,21,21
PDSL,38.4,39.16
GOODLUCK,26.99,26.99
GRPLTD,74.89,69.35
VISHNU,25.76,25.76
LINC,26.91,26.91
JMA,9.41,9.41
MANAKCOAT,33.2,33.2
IMAGICAA,279.07,65.62
VRLLOG,67.73,68.14
PRIVISCL,47.19,47.19
ARROWGREEN,32.51,32.51
ALANKIT,30.07,30.07
BALKRISHNA,,16.88
AYMSYNTEX,43.95,58.11
EMKAYTOOLS,13.76,13.76
ARVSMART,65.44,65.44
SHK,350.48,22.08
PERFECT,54.86,54.86
TTKHLTCARE,28.49,35.32
NH,32.07,32.07
TEAMLEASE,50.06,51.66
NECCLTD,31.95,31.95
GOKULAGRO,23.61,23.61
HECPROJECT,18.7,18.7
WEALTH,28.38,28.38
INFIBEAM,43.69,43.69
THYROCARE,60.19,60.07
UNITEDPOLY,28.02,28.02
ALBERTDAVD,13.14,13.14
CONTROLPR,23.9,23.92
INCREDIBLE,36.62,36.62
DAMODARIND,45.37,45.37
POKARNA,28.51,28.51
GPTINFRA,34.7,34.7
SOMICONVEY,44.77,44.77
LLOYDSENGG,102.39,102.39
LTIM,39.76,39.76
GATECH,78.64,78.64
ADVENZYMES,34.69,32.39
SPAL,23.86,23.86
RBLBANK,10.66,10.66
MBAPL,66.75,66.75
GNA,19.82,19.82
MARATHON,22.11,22.11
JETKNIT,92.83,92.83
JAIPURKURT,29.7,29.7
GRETEX,22.22,22.05
SAKAR,59.48,59.48
PANSARI,44.32,44.32
ARTNIRMAN,122.41,122.41
ENDURANCE,48.76,48.76
GICL,69.81,69.81
PNBHOUSING,15.43,15.43
PODDARMENT,15.45,15.45
JETFREIGHT,21.9,24.19
TCIEXP,35.49,35.49
LIBAS,5.42,5.42
CAPTRUST,108.56,108.56
MAHESHWARI,14.29,14.29
MCL,32.01,32.01
PRICOLLTD,39.83,39.83
STEELCITY,10.58,10.58
KRISHANA,33.3,33.3
GLOBAL,13.84,13.84
SANGINITA,57.26,57.26
AKASH,37.38,37.38
DMART,122.97,122.97
AIRAN,14.5,14.5
ARIHANTSUP,22.1,22.1
EIFFL,194.71,194.71
SHANKARA,18.1,18.1
DEVIT,26.9,26.9
SIKKO,35.28,35.28
INFOBEAN,42.85,42.85
BHAGYANGR,34.32,34.32
JALAN,,37.88
VSCL,1396.75,1396.75
TEJASNET,135.55,135.55
ACEINTEG,55.37,55.37
STEELXIND,84.8,84.8
MAGADSUGAR,10.96,10.96
TOTAL,820.64,820.64
OPTIEMUS,86.36,86.36
VAISHALI,250.77,250.77
GEEKAYWIRE,15.68,15.68
ABCAPITAL,17.82,17.82
DIXON,182.53,182.53
CAPACITE,20.98,20.98
MPTODAY,6.6,6.63
SBILIFE,90.88,90.88
CADSYS,7.8,7.95
AARVI,19.89,19.89
GATECHDVR,20.35,20.35
GOLDSTAR,71.21,71.21
CMMIPL,18.9,18.9
TIRUPATIFL,37.53,37.53
OMFURN,20.06,20.06
MILTON,20.49,20.49
MASFIN,19.37,19.37
DPABHUSHAN,40.93,40.93
NAM-INDIA,35.6,35.6
SECURCRED,5.05,5.05
VERTOZ,143.76,143.76
PULZ,17.4,17.4
SILVERTUC,53.4,53.4
ICEMAKE,44.88,44.88
INNOVANA,25.11,25.11
TOUCHWOOD,48.1,48.11
MOKSH,15.44,15.44
SILLYMONKS,98.32,98.32
APOLLO,85.34,85.34
SINTERCOM,290.65,290.65
AXITA,35.15,35.15
PLAZACABLE,113.92,113.92
SENCO,41.63,41.63
USASEEDS,25.93,25.93
TRU,47.72,47.72
RADHIKAJWE,25.02,25.02
SPLPETRO,40.87,40.87
RAMRAT,40.7,40.7
VIVIANA,81.78,81.78
CSLFINANCE,13.8,13.8
KORE,176.98,173.13
GOYALALUM,61.88,61.88
RUSTOMJEE,150.08,150.08
GENSOL,62.38,62.28
DBOL,26.44,26.44
KANDARP,34.47,34.47
GSLSU,51.24,51.24
SPORTKING,21.81,21.81
MANORAMA,116.85,116.85
GRMOVER,26.29,26.29
SYNCOMF,65.65,65.61
CLOUD,3.89,3.89
DJML,60.87,60.87
BAHETI,55.08,55.08
SULA,43.11,43.11
SIGNATURE,379.65,379.65
KRITINUT,14.96,14.96
MEGAFLEX,44.71,44.71
KALAMANDIR,30.06,30.06
AVALON,183.46,183.46
RITEZONE,16.97,16.97
CONCORDBIO,56.74,56.74
BAIDFIN,16.9,16.9
QUICKTOUCH,14.51,14.51
AMIABLE,10.75,10.75
KAMOPAINTS,101.54,101.54
DOLLEX,9.19,9.19
BLUEJET,53.51,51.25
MVGJL,14.41,14.41
SCPL,21.26,21.26
SUKHJITS,15.14,15.14
ARHAM,47.61,47.61
MANKIND,49.18,49.18
SKYGOLD,67.53,67.53
ARIHANTACA,72.4,72.4
SATINDLTD,6.04,6.04
DIVGIITTS,53.33,53.33
PRITIKA,83.18,83.18
USK,11.96,11.96
VERTEXPLUS,123.1,123.1
SRIVASAVI,28.44,28.44
IKIO,37.51,37.51
MANOMAY,30.06,30.06
FAZE3Q,28.97,28.97
LLOYDSME,28.78,28.78
AARTIPHARM,28.14,28.14
RHL,55.63,55.63
SAHYADRI,16.13,16.13
SAHANA,81.37,81.37
NINSYS,51.19,51.19
DUCOL,41.56,41.56
SBFC,33.59,33.59
SBGLP,86.66,86.66
ASMS,280.99,270.64
HYBRIDFIN,14.3,14.04
VIAZ,30.46,30.46
ZAGGLE,74.3,74.3
MCON,52.11,52.11
HONASA,131.99,131.99
RISHABH,40.19,40.19
IRMENERGY,20.64,20.64
SAH,341.31,341.31
QFIL,22.43,22.43
CYIENTDLM,89.93,89.93
NIRMAN,55.58,55.58
AKI,124.92,124.92
YCCL,36.59,36.59
SYSTANGO,21.27,21.27
RATNAVEER,23.76,23.76
MOS,43.05,43.05
SECMARK,199.89,199.89
SPECTSTM,21.92,21.92
ATAM,31.03,31.03
IDEAFORGE,111.55,111.55
CRAYONS,17.11,17.11
INFOLLION,31.79,31.79
LAL,37.74,37.74
INFINIUM,52.42,52.42
AARTECH,121.49,121.49
ESFL,50.5,50.5
AATMAJ,68.64,68.64
DOLPHIN,204.12,213.41
ASHOKAMET,8.93,8.93
CELLPOINT,35.75,35.75
SEL,153.12,153.12
GREENCHEF,39.38,39.38
NETWEB,168.49,168.49
MAGSON,26.72,26.72
AEROFLEX,50.25,50.1
EMSLIMITED,28.47,28.47
MONOPHARMA,27.49,27.49
VPRPL,25.96,25.96
SYNOPTICS,16.1,16.1
KIRLPNU,55.86,53.57
ATL,30.56,30.56
COMMITTED,14.92,14.92
JSWINFRA,60.27,60.27
SANGANI,21.42,21.42
JLHL,52.24,52.56
DRONE,94.2,94.2
YASHO,56.61,56.61
SERVICE,32.06,32.06
KEL,55.99,55.99
VINSYS,23.31,23.31
ACSAL,14.18,14.18
SAROJA,21.06,21.06
SINDHUTRAD,29.9,29.9
ORIANA,71.98,71.98
CHAVDA,23.96,23.96
TRANSTEEL,12.31,12.15
OLIL,44.57,44.57
KODYTECH,532.2,532.2
SCML,22.21,22.21
MAL,8.67,8.67
HIGREEN,44.17,44.17
CELLECOR,44.36,44.36
SRGHFL,21.93,21.93
JIOFIN,178.08,178.08
CPS,82.18,82.18
NEWJAISA,67.88,67.88
HOLMARC,32.79,32.79
TREL,4.93,39.95
MARCO,44,44
VISHNUINFR,31.65,31.65
MICROPRO,20.08,20.08
CELLO,53.21,53.21
CANARYS,51.14,51.14
DIGIKORE,87.77,87.77
AMNPLST,55.67,55.67
SARTELE,77.08,77.08
PARAGON,20.87,20.87
SPLIL,15.99,15.98
SASKEN,33.17,33.17
DCBBANK,7.05,7.05
GESHIP,6.52,6.52
MANALIPETC,56.34,51.55
DONEAR,17.87,17.87
SOBHA,423.13,423.21
HIRECT,93.35,72.65
HBLPOWER,60.83,56.97
LUMAXTECH,20.2,20.2
WANBURY,14.57,28.49
PITTIENG,50.25,50.25
UNOMINDA,84.75,86.81
CTE,297.59,297.59
REDINGTON,13.14,13.14
NAHARPOLY,1940.28,1940.28
FORTIS,59.42,60.43
HILTON,31.38,31.38
NAGREEKEXP,24.44,24.44
CENTRALBK,17.56,17.56
PURVA,129.64,129.64
CENTUM,,3896.45
BAJAJELEC,87.77,87.77
ADANIPORTS,34.45,32.85
HATSUN,91.85,91.85
SHARDACROP,34.15,34.15
MONTECARLO,25.51,25.51
GULPOLY,58.91,58.91
MOLDTKPAC,39.72,39.72
MENONBE,9.87,9.87
ZENTEC,97.52,98.68
VIPULLTD,2.05,2.03
NILAINFRA,35.65,35.65
ORICONENT,85.98,55.72
ADANIENSOL,,75.05
PKTEA,21.51,21.51
SHARDAMOTR,24.99,24.99
COFFEEDAY,,5.98
UMANGDAIRY,61.96,61.96
ALKEM,34.59,33.06
BHAGERIA,44.95,44.95
KDDL,29.75,29.81
BHARATWIRE,21.87,21.87
PARAGMILK,23.84,23.84
ASPINWALL,18.11,18.11
NITIRAJ,26.75,26.75
RADIOCITY,65.95,65.95
ADANIPOWER,15.55,15.55
OIL,16.79,16.87
AMRUTANJAN,56.1,56.1
DEN,11.87,11.87
SHILPAMED,142.14,152.99
JSWENERGY,64.53,64.53
HINDCOPPER,87.82,87.82
MMTC,157.31,118.86
WHIRLPOOL,95.09,90.82
VASCONEQ,31.05,31.05
EMMBI,22.05,22.05
LGBBROSLTD,15.05,15.74
ISFT,21.53,21.53
KSL,19.26,19.26
TI,32.33,31.72
BAJAJCON,24.88,24.88
ORISSAMINE,1672.36,1672.36
GREENPOWER,69.33,108.43
JWL,65.42,65.42
PRESTIGE,42.83,42.83
JINDWORLD,91.98,91.98
KIRLOSENG,39.65,39.27
SUMMITSEC,37,32.5
HFCL,56.93,56.93
MUTHOOTFIN,17.16,17.16
OMINFRAL,39.88,39.88
KARMAENG,131.9,173.26
LTF,17.18,17.18
PFIZER,44.78,45.28
DEEPAKFERT,24.24,24.24
BALMLAWRIE,23.23,23.23
RAMCOCEM,55.47,55.47
PGHL,43.01,41.19
TATACHEM,,33.9
SUPREMEIND,67.82,67.82
WEIZMANIND,27.39,27.39
BBOX,57.5,44.86
SUNPHARMA,41.09,40.49
ARE&M,28.99,28.99
ONGC,8.83,8.59
BLUEDART,65.83,65.83
HSCL,57.89,57.89
ARENTERP,15.75,15.75
THOMASCOOK,39.29,39.29
SIEMENS,99.51,99.51
UNIVCABLES,77.41,77.41
IFCI,72.12,72.76
PCBL,36.37,36.37
OSWALAGRO,248.78,247.42
STYRENIX,23.36,23.36
IDBI,16.24,16.24
CANFINHOME,15.33,15.33
ELECTCAST,14.69,14.69
DABUR,61.72,61.72
KOTAKBANK,16.61,19.2
GOLDENTOBC,10.47,11.87
FOSECOIND,46.73,46.95
ANDHRAPAP,9.02,9.02
AARTIIND,47.15,47.15
PRAKASH,11.63,11.63
KSB,77.03,77.03
HEG,57.05,57.05
TIMKEN,69.85,69.85
SHREECEM,42.59,42.59
INGERRAND,57.97,57.97
HINDALCO,14.61,14.33
GSFC,17.39,17.45
DCW,195.06,181.19
BIRLACORPN,25.61,26.02
ASHAPURMIN,16.97,30.47
TNPL,15.62,15.62
NATCOPHARM,16.41,16.41
GARFIBRES,35.32,35.32
SKFINDIA,46.65,46.65
SILINV,21.15,21.15
KEYFINSERV,6.68,6.68
HITECHGEAR,16.18,41.96
PUNJABCHEM,35.28,35.28
MMFL,21.29,21.44
GUJRAFFIA,41.39,41.39
BANKBARODA,6.91,6.91
SKMEGGPROD,12.08,12.08
HUDCO,26.38,26.38
HAVELLS,85.32,85.32
TIPSINDLTD,64.65,64.65
MARKSANS,31.8,31.8
GODREJCP,,76.98
TCI,29.69,29.47
PONNIERODE,10.71,10.71
UNIONBANK,6.69,6.69
GODREJIND,31.55,31.55
UCOBANK,30.73,30.73
JAIBALAJI,17.55,17.55
VAIBHAVGBL,41.92,40.09
POONAWALLA,17.5,25.01
EXCELINDUS,43.5,43.5
AMBICAAGAR,15.37,15.37
TEXINFRA,444.04,444.04
WELENT,21.76,21.76
INDOCO,45.1,49.04
IIFL,10.4,10.4
CYBERMEDIA,16.19,21.01
GRANULES,34.67,34.67
ARVEE,159.1,159.1
BANKA,73.14,73.17
GMMPFAUDLR,40.59,40.59
HINDCON,54.72,54.72
SARVESHWAR,48.9,48.9
MACPOWER,53.14,53.14
BDL,82.34,82.34
MDL,55.88,52.23
BANDHANBNK,12.15,12.15
URAVI,277.24,277.24
MITTAL,21.71,40.5
ISEC,13.56,13.56
MIDHANI,95.21,95.21
AVG,17.75,27.84
MMP,35.29,35.29
NARMADA,16.62,16.62
BSHSL,90.21,90.21
MAHICKRA,83.16,83.16
AAKASH,20.51,20.51
GODHA,58.31,58.31
SOFTTECH,138.56,138.56
ORIENTELEC,82.04,103.94
E2E,141.21,141.21
SIRCA,37.11,37.11
SVLL,82.38,82.38
LATTEYS,110.66,110.66
SONAMLTD,36.43,36.43
ADANIGREEN,252.68,209.29
PRITI,21.27,21.27
RITES,34.19,34.19
GANGAFORGE,193.28,196.96
REPL,24.2,24.2
AVROIND,45.72,45.72
TEMBO,17.13,17.43
CREDITACC,12.72,12.72
AARON,42.78,42.78
LAGNAM,15.31,15.31
RPPL,28.02,28.02
AKG,55.84,55.84
IRCON,27.28,27.28
AHLADA,10.47,10.47
SPECTRUM,141.34,141.34
RAJMET,36.2,36.2
KSHITIJPOL,18.6,47.97
GRSE,54.73,54.73
SILGO,19.64,19.64
BBTCL,32.56,32.56
MARINE,120.98,121.51
ATGL,136.36,136.36
SHUBHLAXMI,18.27,18.27
SHRIRAMPPS,6.07,6.07
AWHCL,19.97,19.97
MSTCLTD,25.36,25.36
MINDPOOL,157.09,157.09
ARVINDFASN,59.41,57.3
PAR,21.68,21.68
KHFM,135.42,135.42
POLYCAB,56.3,56.3
KPITTECH,76.08,76.08
VIKASLIFE,,96.27
CONFIPET,33.64,33.64
PPL,15.36,15.36
INDIAMART,44.63,44.63
WEL,170.22,170.22
AFFLE,72.58,72.58
SPANDANA,10.09,10.09
HNDFDS,67.83,67.83
UJJIVANSFB,6.66,6.66
IRCTC,62.23,62.08
SECL,1336.9,1336.9
360ONE,45.53,42.44
IIFLSEC,13.25,13.25
FLUOROCHEM,103.07,103.07
GREENPANEL,39.87,39.87
CHEMBOND,19.45,19.45
MGEL,18.97,18.97
SBICARD,28.48,28.48
HOMEFIRST,30.44,30.44
CSBBANK,10.22,10.22
EASEMYTRIP,62.67,39.02
ROSSARI,36.49,36.49
PRINCEPIPE,34.76,37.66
ESAFSFB,5.28,5.28
ARTEMISMED,65.04,65.04
SUMICHEM,60.25,60.25
LGHL,69.99,74.41
ASALCBR,27.87,27.87
UNIVPHOTO,14.55,14.55
BAFNAPH,703.63,311.02
SUVENPHAR,112.48,112.48
STOVEKRAFT,77.48,77.48
RAJRATAN,40.35,40.35
HAPPSTMNDS,50.74,52.92
GLAND,42.18,42.18
BOROLTD,67.83,67.83
MAXHEALTH,79.92,79.92
AAATECH,43.36,43.36
KALYANKJIL,99.84,99.84
SHAREINDIA,13.44,13.42
UNIDT,41.36,41.36
ANGELONE,19.35,19.35
ADL,196.4,196.4
SURYODAY,8.46,8.46
ROML,128.24,128.24
RAILTEL,61.57,60.77
BECTORFOOD,65.01,65.01
NURECA,527.4,527.4
HERANBA,34.71,34.71
LXCHEM,70.3,70.3
FAIRCHEMOR,36.33,36.33
ANURAS,66.96,66.96
ISGEC,38.74,38.74
STYLAMIND,25.95,25.78
CLSEL,10.66,10.66
PARTYCRUS,19.85,19.85
CARYSIL,40.38,40.38
SHAILY,75.65,75.65
MODISONLTD,32.36,31.92
FIBERWEB,14.95,14.95
BCLIND,17.13,17.13
BHAGCHEM,222.38,222.38
SBCL,41.18,41.18
SMCGLOBAL,7.28,7.28
NPST,607.13,607.13
ARIHANTCAP,10.53,10.53
NAZARA,77.58,76.91
IPL,40.12,40.12
GENCON,21.43,21.43
LODHA,67.02,63.71
HLEGLAS,72.83,67.51
VMARCIND,35.64,35.64
SONACOMS,73.83,73.23
UTKARSHBNK,10.16,10.16
DRCSYSTEMS,23.19,23.19
PARAS,123.87,123.87
CRAFTSMAN,45.74,45.74
DODLA,37,37
JUBLINGREA,58.93,58.93
ROLEXRINGS,38.53,34.96
WALPAR,48.07,48.07
SHYAMMETL,19.74,19.74
KIMS,57.19,57.19
TATVA,87.16,87.16
CLEAN,62.51,62.51
GLS,27.58,27.58
ABSLAMC,25,25
DEEPINDS,18.32,18.39
ZOMATO,370.15,370.15
BEWLTD,33.94,33.94
PIXTRANS,20.61,20.61
WINDLAS,28.5,28.5
CARTRADE,49.83,49.83
KRSNAA,38.32,38.32
EQUIPPP,2786.52,2786.52
DEVYANI,1476.82,261.29
APTUS,25.08,25.08
SUPRIYA,32.52,32.52
ABCOTS,49.51,49.51
VIJAYA,73.37,72.49
AMIORG,135.55,59.65
IWEL,1058.24,520.63
VINEETLAB,381.23,381.23
SANSERA,42.42,42.42
BAJAJHCARE,,34.67
PRITIKAUTO,31.21,31.21
AAREYDRUGS,39.18,39.18
GRINFRA,12.34,15.36
INTLCONV,6.62,6.62
DUGLOBAL,700.31,700.31
STEELCAS,19.76,19.76
HPAL,41.85,42.18
UGROCAP,17.71,17.71
STARHEALTH,40.38,40.38
YUKEN,73.12,73.12
SGIL,44.84,44.84
SJS,31.45,31.45
FINOPB,37.41,37.41
NYKAA,1162.24,1162.24
AWL,87.2,80.82
SAPPHIRE,289.28,289.28
DKEGL,12.65,12.65
EPIGRAL,31.22,31.22
NUVOCO,90.02,90.02
TRACXN,138.66,138.66
FUSION,8.98,8.98
TARSONS,64.17,64.17
MEDPLUS,130.37,130.37
RATEGAIN,52.71,52.71
LATENTVIEW,61.11,61.11
MICEL,31.68,35.35
PASUPTAC,19.41,19.41
PARADEEP,30.9,30.9
MAPMYINDIA,81.16,81.16
TMB,6.73,6.73
KRITI,40.4,40.4
DESTINY,32.83,32.83
GANESHBE,19.44,19.44
GVPTECH,73.71,73.71
MEDICAMEQ,81.83,81.83
FOCE,46.34,46.34
SHIVALIK,55.71,55.71
PRECISION,16.7,16.7
DATAPATTNS,82.42,82.42
COOLCAPS,113.13,113.07
MEDANTA,62.56,62.56
MALLCOM,22.95,22.95
NIDAN,,22.22
IRIS,45.71,45.71
SMLT,23.86,23.86
RADIANTCMS,21.76,21.76
HARIOMPIPE,43.24,43.24
RAJRILTD,5144.07,5144.07
DYCL,37.24,37.24
FIVESTAR,23.97,23.97
VIRINCHI,33.56,33.56
ELDEHSG,27.99,27.99
RICHA,31.23,31.23
ELIN,73.14,73.14
TIMESCAN,12.29,12.29
MHLXMIRU,15.08,15.08
RELCHEMQ,114.79,114.79
GATEWAY,20.94,20.94
ZIMLAB,30.14,30.14
JTLIND,37.87,37.87
RAINBOW,58.12,58.12
AETHER,141.22,73.94
ROTO,49.75,49.75
SPRL,23.11,23.11
GSTL,80.06,80.06
INDOBORAX,15.27,15.27
RACE,673.4,673.4
ETHOSLTD,125.66,125.66
MSUMI,46.7,46.7
KNAGRI,33.02,33.02
LEMERITE,264.86,264.86
HARSHA,38.74,38.74
GMRP&UI,6.15,
KCK,191.41,191.41
LICI,16.16,16.16
PROPEQUITY,27.13,27.13
TVSSCS,9306.93,235.12
SWARAJ,30.92,30.92
ACI,34.15,34.15
BIKAJI,74.52,74.52
SADHNANIQ,405.84,405.84
VEEKAYEM,28.3,28.3
RILINFRA,30.57,30.57
CHEVIOT,11.39,11.39
HMAAGRO,44.57,44.57
CMRSL,13.55,11.1
YATHARTH,35.94,35.94
DCXINDIA,54.51,54.51
AKSHAR,49.43,49.43
NGLFINE,32.25,32.25
JFLLIFE,17.93,17.93
SWASTIK,158.38,158.38
TASTYBITE,216,216
NRAIL,7.93,7.93
CREATIVE,21.91,21.91
FOCUS,18.21,18.21
DOLLAR,31.34,31.13
PSPPROJECT,22.37,22.37
ERIS,46.51,46.51
GTPL,20.3,20.3
DYNPRO,105.6,105.6
SALASAR,57.37,57.37
THEINVEST,36.62,36.62
COCHINSHIP,59.87,59.87
SERVOTECH,265.35,265.35
CHOLAHLDNG,7.37,7.37
WORTH,13.44,13.44
DPWIRES,19.85,19.85
AIROLAM,27.65,27.65
JASH,38.13,38.13
TCPLPACK,27.71,27.71
IEX,51.16,51.16
NIACL,39.1,39.1
HDFCLIFE,97.04,97.04
ZODIAC,75.86,75.86
SHRADHA,12.01,12.01
ONEPOINT,37.71,37.71
AJOONI,68.43,68.43
BCONCEPTS,76.06,76.06
SOUTHWEST,42.72,44.88
POCL,55.45,55.45
REDTAPE,57.9,57.9
PTCIL,573.56,573.56
PYRAMID,22.31,22.31
GHCLTEXTIL,31.68,31.68
UDS,28.92,28.92
RRKABEL,62.91,62.98
NUVAMA,31.84,31.84
NIITMTS,29.44,28.73
SANDUMA,22.93,22.93
MUFIN,119.38,115.92
DIAMINESQ,74.91,74.91
AAVAS,26.7,26.7
KRITIKA,45.17,45.17
VINNY,58.34,58.34
IRISDOREME,47.6,47.6
UNIPARTS,19.75,19.75
TREJHARA,23.3,190.08
RPSGVENT,38.62,38.62
RVNL,89.11,89.11
METROPOLIS,77.42,77.42
NEOGEN,107.46,107.46
EMAMIPAP,8.47,8.47
DGCONTENT,41.15,41.15
OAL,67.36,67.36
SATIA,6.77,6.77
CHEMCON,52.46,52.46
WESTLIFE,302.93,302.93
MAZDOCK,39.07,39.07
SAFARI,67.47,67.47
HPIL,139.84,139.84
VISHWARAJ,69.47,69.47
KUANTUM,8.11,8.11
APOLLOPIPE,58.76,58.76
ROUTE,26.27,27.28
SIGMA,26.59,26.59
EQUITASBNK,14.47,14.47
HINDWAREAP,78.11,78.11
LIKHITHA,26.1,26.1
PATANJALI,73.93,73.93
ATALREAL,38.65,38.65
MAHEPC,,2292.9
POWERINDIA,290.37,290.37
KSOLVES,34.99,34.99
AARTISURF,29.72,29.72
NDRAUTO,54.64,54.64
PAVNAIND,56.63,56.63
SIGACHI,33.06,33.06
NIRAJ,20.56,13.81
CAMS,55.83,55.83
UTIAMC,16.88,16.88
HCC,18.31,
APOLLOHOSP,93.59,93.7
IVP,14.75,14.75
EICHERMOT,36.79,36.79
NEULANDLAB,47.36,49.69
BANARISUG,26.81,26.81
JINDALPOLY,24.4,107.96
BSL,20.16,20.16
JAYNECOIND,30.1,26.85
APCOTEXIND,41.36,41.36
RCF,64.37,70.97
DECCANCE,34.7,23.65
TATAPOWER,42.87,43.21
SUNFLAG,27.18,27.18
SUBROS,43.21,43.21
BHARATRAS,49.45,49.45
TATACOMM,60.79,72.48
MURUDCERA,61.91,61.91
M&M,31.32,31.32
HEIDELBERG,33.39,33.39
PIDILITIND,84.75,82.51
3PLAND,41.05,41.05
HONDAPOWER,43.44,45.31
RUBYMILLS,21.38,21.38
BRITANNIA,64.12,63.53
BBL,46.25,46.25
DCMSHRIRAM,35.6,35.6
CIPLA,30.15,29.14
HEROMOTOCO,25.88,25.88
GIPCL,17.55,17.55
INDIANHUME,27.7,27.7
HINDCOMPOS,26.19,26.19
KAMATHOTEL,12.22,65.09
BANCOINDIA,17.79,17.79
APOLLOTYRE,19.22,18.23
SHANTIGEAR,54.16,54.16
ONWARDTEC,32.99,32.99
NILKAMAL,27.61,27.61
ICIL,23.85,23.85
ELGIEQUIP,70.26,70.26
AUROPHARMA,25.92,25.45
EIHOTEL,37.53,37.03
LICHSGFIN,7.84,7.84
BEPL,22.26,22.26
MOREPENLAB,35.77,35.77
GHCL,12.76,12.76
PRAJIND,43.38,46.72
EVERESTIND,107.77,128.17
BPL,42.53,42.53
PGHH,79.56,79.56
VESUVIUS,40.77,40.77
BOMDYEING,1.43,
NAVNETEDUL,4.43,19.06
GLAXO,73.23,64.82
CHOLAFIN,33.57,33.57
FMGOETZE,17.29,17.29
LYKALABS,957.51,483.64
GILLETTE,71.05,71.05
ESABINDIA,56.62,56.62
GABRIEL,37.99,37.99
SCHAEFFLER,66.82,66.57
AMJLAND,17.9,17.9
KOPRAN,24.18,24.18
GODFRYPHLP,46.87,44.25
TATAINVEST,123.4,123.4
SAKHTISUG,4.76,
AKZOINDIA,36.61,36.61
HINDZINC,25.77,25.77
GRASIM,18.56,17.85
FINCABLES,29.97,43.71
EIDPARRY,9.29,9.29
CESC,17.92,21.76
PVP,12.7,
CORALFINAC,10.58,10.58
GREENPLY,42.45,46.67
REMSONSIND,43.5,44.83
DALMIASUG,13.44,13.44
SWARAJENG,28.76,28.76
MRF,27.63,27.63
TNPETRO,18.03,16.09
STARPAPER,6.41,6.25
EIMCOELECO,35.04,35.04
CUBEXTUB,35.16,35.16
SAMBHAAV,36.26,41.12
ZENITHEXPO,2923.15,2923.15
SOMATEX,5.28,
AARTIDRUGS,34.24,34.24
INDIANCARD,2.28,
ORCHPHARMA,63.59,63.59
INDIGOPNTS,47.53,47.53
MTARTECH,136.33,136.33
KPIGREEN,58.34,57.93
ANANDRATHI,62.99,62.99
POLICYBZR,569.22,760.3
MONARCH,18.04,18.04
PRUDENT,64.4,64.4
GOCOLORS,73.61,73.61
CMSINFO,24.94,24.94
COASTCORP,85.21,85.21
TEGA,54.75,54.75
MANORG,79.63,79.63
METROBRAND,86.4,86.4
FOODSIN,33.22,33.22
MANYAVAR,78.07,78.07
DMCC,70.04,70.04
EMIL,43,43
UMAEXPORTS,28.75,28.22
AHL,31.47,31.47
ASIANENE,56.78,53.54
NRL,65.28,65.28
CHOICEIN,61.89,61.89
GRWRHITECH,29.06,29.06
DCMSRIND,14.46,14.46
EMUDHRA,85.43,85.43
STARTECK,16.84,16.84
SBC,70.52,70.52
SEJALLTD,88.36,88.36
SYRMA,67.09,66.56
CAMPUS,101.57,101.57
VENUSPIPES,50.36,50.36
MEGASTAR,72.04,72.04
LANDMARK,44.26,43.68
DREAMFOLKS,33.88,33.88
DHARMAJ,30.03,30.03
OBCL,45.87,45.87
INDOAMIN,23.17,23.17
INOXGREEN,218.29,218.29
RITCO,26.44,26.44
HARDWYN,96.37,96.37
KFINTECH,65,65
KAYNES,144.89,144.89
AURDIS,16.37,16.37
PROLIFE,9.57,9.57
PASHUPATI,183.78,183.78
RMDRIP,90.01,90.01
TIRUPATI,53.92,53.92
BETA,43.88,43.88
AISL,27.62,27.62
FELIX,66.52,66.52
SOLEX,158.22,158.22
MHHL,10.06,10.06
AGNI,230.85,230.85
ALLETEC,73.17,73.17
ARABIAN,27.06,27.06
ANNAPURNA,61.22,61.22
GRCL,145.96,145.96
PHANTOMFX,21.44,21.44
IPSL,26.94,26.94
JIWANRAM,20.61,20.61
FROG,32.02,32.02
ANLON,64.94,64.94
CMNL,19.27,19
RBMINFRA,64.93,64.93
HOMESFY,62.81,52.62
LRRPL,139.09,139.09
DENEERS,18.89,18.89
AGUL,17.14,17.14
MASTER,51.83,51.83
PATTECH,51.11,51.11
AUROIMPEX,14.8,14.8
SHRITECH,13.63,13.63
URBAN,27.84,27.84
KRISHCA,34.66,34.66
REMUS,54.61,54.61
PENTAGON,19.46,19.46
PROV,78.01,78.01
EFACTOR,17.3,17.3
DENTALKART,59.06,59.06
SSFL,83.26,83.26
SAHAJ,27.34,27.34
GLOBALPET,55.06,55.06
PRAMARA,49.87,49.87
ZEAL,26.42,26.42
UNIHEALTH,22.37,22.37
ONDOOR,39.59,39.23
PLADAINFO,9.37,9.37
KARNIKA,31.13,31.13
SAAKSHI,78.99,78.99
BASILIC,47.38,47.38
MADHUSUDAN,25.39,25.39
GOYALSALT,32.93,32.93
SHANTHALA,146.8,146.8
KONTOR,117.38,117.38
INSPIRE,17.28,17.28
MAITREYA,37.17,37.17
VINYAS,210.46,210.46
GIRIRAJ,92.26,92.26
UWCSL,47.62,47.62
SURANI,731.93,731.93
ABINFRA,88.15,89.42
QMSMEDI,25.61,25.61
SIDDHIKA,17.19,17.19
MAKS,133.16,67.66
BMETRICS,27.04,27.04
REXPIPES,16.84,16.83
QUADPRO,48.58,48.58
DYNAMIC,78,78
KOTYARK,43.53,43.53
JSLL,50.32,50.32
EUROBOND,59.98,59.98
SHIGAN,41.12,41.12
MADHAVBAUG,79.97,79.97
SONUINFRA,17.17,17.17
KRISHIVAL,52.2,52.2
KRISHNADEF,105.88,105.88
AMEYA,27.68,27.68
SKP,64.12,64.12
MWL,28.04,28.04
ARISTO,19.8,19.8
FIDEL,28.14,28.14
EDELWEISS,19.49,19.49
COLPAL,69.39,69.39
KALYANIFRG,48.96,48.96
ECLERX,26.13,26.07
PATINTLOG,27.28,27.28
AMBIKCO,15.26,15.26
BIRLAMONEY,14.98,14.98
JKIL,18.31,18.31
CORDSCABLE,25.24,25.24
HERCULES,50.13,50.13
IRB,41.81,41.81
NMDC,11.17,10.79
GSS,29.28,29.28
RECLTD,11.27,11.27
NESCO,18.47,18.47
BAJAJ-AUTO,38.99,38.99
GOKUL,315.8,24.79
ALMONDZ,21.27,54.7
RANEENGINE,31.41,25.52
ARCHIDPLY,119.67,119.67
LOTUSEYE,72.71,73.5
VINYLINDIA,32.52,32.52
JOCIL,81.21,81.21
COUNCODOS,35.39,35.39
MAWANASUG,10.08,10.08
AJMERA,21.2,21.2
GKWLIMITED,169.63,169.63
VINATIORGA,58.41,58.41
NHPC,23.65,23.65
GLOBUSSPR,35.6,35.6
RTNPOWER,.9,
ZYDUSWELL,47.17,47.17
REFEX,36.39,36.41
AHLUCONT,24.65,40.92
DLINKINDIA,22,22
DBCORP,12.21,12.21
TRF,16.71,16.71
UNITEDTEA,13.83,13.83
JUBLFOOD,113.46,195.89
DBREALTY,7.8,8.3
TEXMOPIPES,79.54,18.37
PERSISTENT,67.05,67.05
SJVN,52.93,56.57
MANAPPURAM,8.12,8.12
HMVL,194.18,194.18
BLISSGVS,14.81,7.31
AHLEAST,8.11,10.98
UGARSUGAR,50.8,50.8
GPPL,29.42,27.37
WELINV,136.17,136.17
KILITCH,50.94,50.94
CAREERP,15.6,15.6
CANTABIL,34.01,34.69
BEDMUTHA,27.19,27.19
OBEROIRLTY,28.74,28.74
RESPONIND,39.38,39.38
GRAVITA,57.7,57.7
JAMNAAUTO,24.41,24.41
PSB,64.66,64.66
FMNL,.95,
KICL,37.49,49.7
TEXRAIL,83.04,83.04
PFS,22.13,22.13
SYMPHONY,49.28,49.28
RELAXO,106.02,106.02
ASHIANA,49.59,49.59
DHANUKA,31.22,31.22
INVENTURE,18.3,15.91
PENINLAND,28.08,29.29
WHEELS,30.16,30.16
PREMIERPOL,22.54,22.54
SESHAPAPER,9.81,9.81
FACT,2432,296.26
EXIDEIND,47.4,47.4
ELECON,39.67,39.67
LAXMIMACH,54.15,54.15
NELCO,127.58,127.58
MAHSCOOTER,53.84,55.6
LUMAXIND,48.69,48.69
KECL,95.47,95.47
KCP,10.54,10.47
JAYBARMARU,36.29,36.29
INFY,30.09,30.09
IFBIND,73.14,73.14
IGPL,53.15,53.15
GNFC,19.29,19.29
BHARATFORG,84.68,76.35
BASF,44.37,45.05
ARVIND,31.37,31.46
TATAMOTORS,11.11,11.03
SCI,16.57,16.57
LINDEINDIA,139.59,139.59
ESCORTS,40.73,40.73
ASHOKLEY,28.16,27.59
TITAN,90.8,90.8
SUNDARMFIN,34.6,33.18
VEDL,19.44,21.84
RELIANCE,26.42,26.42
NOCIL,37.63,37.63
BATAINDIA,56.54,74.77
CARBORUNIV,67.31,67.31
HINDOILEXP,16.56,19.56
COROMANDEL,34,34
VINDHYATEL,29.71,29.71
ASIANPAINT,59.41,59.41
BEML,55.62,55.62
TORNTPHARM,67,69.95
VTL,20.98,20.98
VIPIND,11511.88,11511.88
BIRLACABLE,76.92,76.92
UNICHEMLAB,,2195.14
JTEKTINDIA,41.68,41.68
TATAELXSI,62.65,62.65
SHREYANIND,5.32,5.32
TAJGVK,27.9,27.9
REPRO,96.6,96.6
CHENNPETRO,5.74,5.74
KRBL,14.05,14.05
USHAMART,24.82,24.82
BALAJITELE,108.27,108.27
KHANDSE,99.56,99.56
SMARTLINK,31.66,31.66
ASAL,64.06,64.06
OLECTRA,161.1,175.39
APTECHT,51.56,46.62
OFSS,40.14,40.14
NUCLEUS,22.19,22.19
OMAXAUTO,19.18,
DIVISLAB,79.49,79.49
RADICO,90.44,90.44
VARDHACRLC,22.99,22.99
JSL,23.3,24.02
IGL,23.72,23.72
TVTODAY,16.39,15.86
SIL,142.32,142.32
PTC,11.52,11.27
BIOCON,20.7,20.91
XPROINDIA,56.05,53.94
CCL,36.85,36.85
LT,31.87,32.01
CENTEXT,27.27,27.68
NIITLTD,48.49,48.49
GULFPETRO,13.61,13.61
ASTRAMICRO,68.5,68.5
NTPC,19.64,19.64
JBMA,116.58,116.58
XCHANGING,42.16,42.16
JSWSTEEL,30.39,32.42
JPPOWER,10.43,7.52
SAKSOFT,32.24,32.24
MANGALAM,30.8,30.8
WELCORP,20.6,20.6
PRIMESECU,38.53,43.47
63MOONS,9.38,9.38
JSWHL,67,67
YESBANK,51.13,51.13
MSPL,67.4,67.43
GOLDIAM,35.99,35.99
FCSSOFT,,65.42
AURIONPRO,69.11,69.11
TRIVENI,26.82,26.82
NAHARINDUS,41.91,37.33
VIMTALABS,34.62,34.62
NITINSPIN,16.27,16.27
ROHLTD,21.78,21.78
GSPL,10.4,10.59
SAKUMA,22.16,22.16
KEC,59.07,59.07
JKCEMENT,39.63,40.08
INDOTECH,42.94,42.94
BLKASHYAP,40.85,43.91
CENTURYPLY,64.05,62.61
SOLARINDS,97.06,97.06
GALLANTT,28.62,28.62
UTTAMSUGAR,12.05,12.05
KKCL,25.99,25.99
SUNTV,16.96,16.96
GPIL,12.62,12.62
LOKESHMACH,46.12,46.12
SWELECTES,27.83,65.3
RATNAMANI,42.86,42.86
JKLAKSHMI,19.46,19.72
ALLCARGO,214.64,129.97
EMAMILTD,47.74,47.43
GRINDWELL,71.46,71.41
VOLTAMP,61.85,61.85
SELAN,32.12,32.12
ACE,43.68,43.68
HOVS,38.76,38.76
TALBROAUTO,21.91,31.18
GEECEE,19.06,19.06
JMFINANCIL,268.14,10.06
NAUKRI,119.93,112.97
TORNTPOWER,33.79,33.79
RUCHIRA,9.94,9.94
JINDRILL,16.2,16.2
NFL,40.38,40.38
PARACABLES,27.78,27.78
AVTNPL,27.55,27.55
LALPATHLAB,72.63,72.63
OCCL,8.59,8.59
HITECH,54.71,54.71
VIDHIING,60.78,60.78
KELLTONTEC,22.39,22.39
PDMJEPAPER,10.14,10.14
SAGARDEEP,55.58,55.58
SHRIPISTON,20.08,20.08
BLS,46.79,46.79
PREMEXPLN,111.39,111.39
MAHASTEEL,65.39,80.94
MGL,14.68,14.68
MOLDTECH,25.39,25.39
QUESS,33.81,32.86
GROBTEA,41.55,41.55
MINDTECK,35.79,33.91
DBL,24.23,54.58
NDGL,12.64,12.64
BIGBLOC,61.04,61.04
CUPID,27.9,27.9
LTTS,47.01,47.01
ICICIPRULI,269.26,269.26
HPL,76.02,76.02
MAZDA,18.95,18.95
VBL,79.44,79.44
KINGFA,30.9,30.9
NBIFIN,149.95,149.95
SFL,51.01,72.58
LAURUSLABS,162.36,162.36
ITDC,95.6,95.5
HISARMETAL,18.13,18.13
SPCENET,134.96,134.96
BHANDARI,26.43,26.43
BSE,74.17,74.17
JITFINFRA,23.47,27.03
INTENTECH,18.5,18.5
URJA,395.79,395.79
CLEDUCATE,32.71,35.13
WIPL,57.61,57.61
SCHAND,17.2,17.2
STARCEMENT,38.94,38.94
CDSL,62.39,62.39
AUBANK,28.84,27.78
AVADHSUGAR,12.34,12.34
GANGESSECU,36.09,36.09
SIS,42.2,42.2
SMSLIFE,25.43,25.43
APEX,54.86,54.86
MATRIMONY,32.91,32.91
ICICIGI,63,63
DIAMONDYD,41.67,41.67
GODREJAGRO,45.26,45.26
GICRE,9.98,9.98
KHADIM,124.92,124.92
5PAISA,26.48,26.48
SHALBY,37.8,37.8
AMBER,87.6,87.6
GALAXYSURF,33.59,33.59
VHL,353.3,41.79
GENUSPOWER,111.63,111.63
RML,97.91,19.17
PFC,8.54,8.54
LAOPALA,29.58,29.58
AMDIND,114.75,114.75
BALAMINES,34.04,34.04
AROGRANITE,59.32,59.32
ALPHAGEO,34.47,19.92
NAVINFLUOR,62.48,76.03
V2RETAIL,106.84,106.84
ADSL,27.62,27.62
KPRMILL,35.42,35.42
INDOWIND,43.72,43.72
MANGCHEFER,10.54,10.54
CERA,53.03,52.76
JPOLYINVST,27.41,27.41
AGRITECH,13.44,13.44
GOCLCORP,32.67,29.97
CIGNITITEC,28.43,27.84
FCL,32.85,32.85
LAMBODHARA,40.47,40.47
GANECOS,78.44,78.44
MANAKALUCO,42.52,42.52
LFIC,5.44,5.44
UFO,80.54,66.89
SKIPPER,46.95,46.95
SATIN,5.17,5.17
GUJGASLTD,33.07,34.27
BALAXI,12.85,15.5
PILANIINVS,40.43,40.43
PRECAM,49.23,70.25
QUICKHEAL,92.04,92.04
SEQUENT,282.35,
HCG,103.87,109.98
CROMPTON,63.38,63.38
ARMANFIN,10.81,10.81
SALONA,24.78,24.78
IMFA,9.65,9.65
ADFFOODS,39.98,39.98
SASTASUNDR,8.53,8.6
WABAG,31.79,31.61
COALINDIA,9.3,9.3
RPPINFRA,12.66,12.66
JUBLINDS,75.77,38.44
LOVABLE,76.71,76.71
PIIND,38.93,38.93
MAITHANALL,4.49,4.49
BOSCHLTD,36.75,49.33
MAHSEAMLES,10.22,10.18
MOTOGENFIN,96.41,96.41
ADORWELD,26.61,26.61
ATFL,336.09,691.21
VLSFINANCE,4.05,4.05
BALRAMCHIN,23.2,23.2
RANEHOLDIN,26.75,13.8
BALKRISIND,33.83,33.83
GET&D,147,147
BERGEPAINT,59.16,59.37
JYOTISTRUC,80.55,80.55
MUNJALSHOW,23.02,21.61
RANASUG,23.08,23.08
UFLEX,,13.45
SPMLINFRA,142.8,168.89
VSTIND,27.11,27.11
TOKYOPLAST,108.2,108.2
SANOFI,31.54,29.64
KABRAEXTRU,52,52
PRSMJOHNSN,77.77,
JINDALSAW,12.24,12.24
FINPIPE,23.49,38.98
CGPOWER,117.03,119.68
BEL,51.61,51.61
PEARLPOLY,43.32,43.32
TTKPRESTIG,59.95,59.95
SANGAMIND,48.16,41.81
CREST,12.43,12.43
TVSSRICHAK,38.28,36.09
DYNAMATECH,56.53,103.05
JCHAC,3513.25,178.26
KOTHARIPET,19.57,19.49
GAIL,16.01,16.01
AXISCADES,61,61
HIKAL,59.81,59.81
TIDEWATER,35.08,35.08
SARLAPOLY,17.63,17.63
AUTOIND,29.56,30.29
TIIL,28.96,28.24
PGIL,25.69,26.3
FSL,41.08,41.08
SMSPHARMA,50.75,50.75
PAGEIND,80.87,80.87
JKTYRE,12.15,11.84
ASTRAL,95.01,95.01
THEMISMED,75.92,75.92
BANSWRAS,19.95,19.95
ICRA,38.26,38.26
BFUTILITIE,15.49,15.49
WEBELSOLAR,,362.7
INSECTICID,24.26,24.26
TIMETECHNO,26.04,26.04
NELCAST,23.15,33
TARMAT,,145.94
MOTILALOFS,15.47,15.47
MAGNUM,41.24,144.44
POWERGRID,19.76,19.76
MAANALU,28.33,28.33
RELIGARE,30.84,87.24
ASAHISONG,23.3,183.86
FILATEX,22.95,22.95
TDPOWERSYS,51.93,51.93
APLLTD,32.74,32.74
VASWANI,17.4,17.4
PANAMAPET,12.49,12.49
PAISALO,31.22,31.28
ONELIFECAP,14.24,14.24
SHAKTIPUMP,37.12,37.12
INDOTHAI,24.26,24.26
POLYMED,87.3,87.3
VIKASECO,42.64,42.64
APLAPOLLO,56.99,56.99
MINDACORP,57.67,57.67
DBSTOCKBRO,17.63,17.63
COMPUSOFT,59.37,59.37
NDL,13.18,13.18
HEXATRADEX,64.25,64.25
VSSL,23.42,23.42
SPECIALITY,28.81,28.81
KITEX,32.33,32.33
ROSSELLIND,155.66,154.27
ZUARI,5.98,5.98
VETO,19.4,19.4
REPCOHOME,7.93,7.93
JUSTDIAL,24.95,24.95
ATULAUTO,102.55,102.55
ORBTEXP,17.64,17.64
SREEL,27.51,27.51
CASTROLIND,29.76,29.76
WONDERLA,34.54,34.54
CAPLIPOINT,28.3,28.3
SNOWMAN,124.79,124.79
SUPERHOUSE,16.08,25.84
INTELLECT,45.56,45.16
APOLSINHOT,46.03,46.03
GENUSPAPER,91.97,91.97
GREENLAM,56.97,56.97
HESTERBIO,113,113
MANAKSTEEL,18.69,19.08
INOXWIND,481.7,389.68
AVANTIFEED,21.62,21.62
TPLPLASTEH,41.93,41.93
PNCINFRA,8.96,8.96
SYNGENE,69.81,72.3
RAMASTEEL,53.87,53.87
MUTHOOTCAP,4.71,
POWERMECH,39.39,39.33
SHREEPUSHK,18.95,18.95
IDFCFIRSTB,19.2,19.2
INDIGO,23.54,23.54
LUXIND,47.73,47.73
SALZERELEC,37.57,37.57
LINCOLN,14.26,14.26
DENORA,39.85,39.85
MIRZAINT,59.55,59.55
GANESHHOUC,17.32,17.32
JAGSNPHARM,52.44,46.59
MPHASIS,37.55,37.55
RUCHINFRA,32.54,103.18
RAMCOIND,27.56,27.56
HERITGFOOD,33.59,33.33
INDNIPPON,26.79,26.79
BANKINDIA,8.05,8.05
CONCOR,46.94,46.94
KCPSUGIND,6.81,7.41
SAREGAMA,52.56,52.56
ENGINERSIN,41.61,41.61
JAICORPLTD,112.1,112.1
GMDCLTD,20.02,20.02
MAHAPEXLTD,.6,41.44
ASAHIINDIA,53.06,53.06
J&KBANK,6.59,6.59
CUB,11.83,11.83
SOUTHBANK,5.77,5.77
ASTRAZEN,173.73,91.2
AXISBANK,13.57,13.57
CYIENT,32.73,30.87
CYBERTECH,28.85,28.85
GOACARBON,9.58,9.58
SANGHVIMOV,19.88,19.88
RSSOFTWARE,36.63,36.63
NATIONALUM,14.52,16.84
JINDALSTEL,17.53,17.53
NIPPOBATRY,2.98,2.98
BSOFT,29.48,29.48
ACCELYA,28.14,28.21
STAR,144.21,41.93
NRBBEARING,12.51,33.96
BIL,48.03,48.03
KTKBANK,6.42,6.42
BLUESTARCO,69.86,69.86
TVSMOTOR,69.8,69.8
PNC,31.34,31.34
LUPIN,43.73,43.73
BHARTIARTL,102.18,84.8
SURANAT&P,33.14,33.14
GENESYS,99.57,99.57
NSIL,34.59,34.59
MUKANDLTD,23.69,23.69
DATAMATICS,21.23,20.94
ULTRACEMCO,46.36,46.18
INDSWFTLTD,3.29,3.29
KOTARISUG,41.64,41.64
PATELENG,15.33,20.04
JINDALPHOT,59.38,59.38
GOKEX,52.57,52.57
SHOPERSTOP,213.53,183.79
JKPAPER,8.25,8.25
ASTERDM,59.44,
HGINFRA,18.08,18.47
SUNDARMHLD,34.38,34.38
HAL,37.46,37.46
SANDHAR,30.84,31.88
LEMONTREE,60.86,60.86
CHEMFAB,73.66,73.66
INDOSTAR,32.97,32.97
FINEORG,38.76,38.72
VARROC,17.05,17.05
HBSL,3.1,3.1
HDFCAMC,45.98,45.98
SIGIND,17.45,17.45
TECHNOE,63.93,63.93
DALBHARAT,40.49,36.19
CHALET,69.93,69.93
PAKKA,32.82,32.82
TIINDIA,63.4,64
IFGLEXPOR,29.99,29.99
NEWGEN,55.52,55.52
ANUP,40.48,40.48
