1,AARTIPHARM,INE0LRU01027,655.35,20
2,DEEPAKNTR,INE288B01029,2869.65,20
3,TVSSCS,INE395N01027,195.34,20
4,NFL,INE870D01012,141.36,23.54
5,MARUTI,INE585B01010,12496.9,9
6,RAJESHEXPO,INE343B01030,295.45,20
7,BLUESTARCO,INE472A01039,1726.8,20
8,SGBJAN29IX,IN0020200377,7575,10
9,ITI,INE248A01017,302,22.85
10,BECTORFOOD,INE495P01012,1566.6,20
11,SGBMAR25,IN0020160126,7503.4,10
12,INDIAGLYCO,INE560A01015,1309.1,20
13,PGEL,INE457L01029,505.2,21.56
14,SGBSEP27,IN0020190115,7550,10
15,SGBNOV25VI,IN0020170083,7449.99,10
16,RECLTD,INE020B01018,617.35,21.19
17,SGBAUG27,IN0020190107,7600.7,10
18,SGBMAY26,IN0020180033,7490,10
19,FLUOROCHEM,INE09N301011,3269.85,20
20,PAGEIND,INE761H01022,41528.35,20
21,EICHERMOT,INE066A01021,4868.85,9.89
22,GUJALKALI,INE186A01019,791.8,20
23,NMDC,INE584A01023,229.65,20
24,KIRLOSENG,INE146L01010,1310.15,20
25,MOIL,INE490G01020,407.2,21.2
26,ANANTRAJ,INE242C01024,607.15,20
27,TIINDIA,INE974X01010,4158.65,20
28,CHAMBLFERT,INE085A01013,515.75,20
29,SGBNOV25,IN0020170091,7400,10
30,RCF,INE027A01015,203.21,22.55
31,NCC,INE868B01028,327.05,20.81
32,STOVEKRAFT,INE00IN01015,817.45,20
33,VENUSPIPES,INE0JA001018,2347.35,20
34,TITAN,INE280A01028,3551.25,9.24
35,BASF,INE373A01013,7019.35,20
36,NIFTYIETF,INF109K012R6,277.4,6
37,HDFCBANK,INE040A01034,1637.75,9
38,HINDALCO,INE038A01020,703.5,12.99
39,LIQUIDBEES,INF732E01037,1000,5
40,POWERINDIA,INE07Y701011,12176.15,20
41,TATACONSUM,INE192A01025,1209.6,9.02
42,SUBEXLTD,INE754A01055,30.45,21.59
43,SGBMAR30X,IN0020210319,7651.86,10
44,TANLA,INE483C01032,977.65,20
45,TORNTPHARM,INE685A01028,3362,20
46,YESBANK,INE528G01035,24.02,20
47,COLPAL,INE259A01022,3540.4,20
48,NRBBEARING,INE349A01021,323.1,20
49,ROSSARI,INE02A801020,921.95,20
50,SGBJUN30,IN0020220045,7768.8,10
51,SHRIRAMPPS,INE217L01019,129.86,20.65
52,SGBOCT25IV,IN0020170067,7398.79,10
53,DMART,INE192R01011,4958.55,20
54,SULA,INE142Q01026,485.6,20
55,ABSLLIQUID,INF209KB18T9,999.99,5
56,INDUSTOWER,INE121J01017,437.95,20
57,RICOAUTO,INE209B01025,124.43,22.66
58,UCOBANK,INE691A01018,51.5,20.25
59,DOMS,INE321T01012,2546.1,20
60,JUNIORBEES,INF732E01045,798.88,6.24
61,KFINTECH,INE138Y01010,1148,20
62,FORTIS,INE061F01013,539.7,20
63,BERGEPAINT,INE463A01038,584.15,20
64,OIL,INE274J01014,718.55,20
65,ITC,INE154A01025,500.6,9
66,EMAMILTD,INE548C01032,834,20
67,EBBETF0431,INF754K01LE1,1249.84,20
68,IMFA,INE919H01018,687.1,20
69,3MINDIA,INE470A01017,35870.4,20
70,CONFIPET,INE552D01024,89.64,20
71,GUJGASLTD,INE844O01030,599.8,20
72,SETF10GILT,INF200KA1JT1,237.19,10
73,WHIRLPOOL,INE716A01013,2018.5,20
74,SOTL,INE035D01020,616.25,20
75,LTF,INE498L01015,171.04,20
76,VTL,INE825A01020,503.7,20
77,ICICIB22,INF109KB15Y7,118.55,20
78,JYOTHYLAB,INE668F01031,555.35,20
79,INDIANB,INE562A01011,548.85,20
80,MANKIND,INE634S01028,2427.1,20
81,GMDCLTD,INE131A01031,370.05,22.19
82,ASTRAL,INE006I01046,1953.15,20
83,SONACOMS,INE073K01018,707.45,20
84,HAVELLS,INE176B01034,1895.2,20
85,INTELLECT,INE306R01017,971.35,20
86,SAFARI,INE429E01023,2365.9,20
87,PFIZER,INE182A01018,5867.2,20
88,MCX,INE745G01035,4855.45,20
89,DRREDDY,INE089A01023,6962.95,9
90,ARVIND,INE034A01011,400.95,20
91,DCBBANK,INE503A01015,123.09,20
92,RRKABEL,INE777K01022,1620.45,20
93,JSWINFRA,INE880J01026,332.5,20
94,BIOCON,INE376G01013,352.75,20
95,BIRLACORPN,INE340A01012,1322.95,20
96,DCXINDIA,INE0KL801015,329.45,100
97,ANDHRAPAP,INE435A01028,574.95,20
98,PIIND,INE603J01030,4458.55,20
99,INDUSINDBK,INE095A01012,1383.2,11.15
100,TATAPOWER,INE245A01021,428.15,20
101,BRITANNIA,INE216A01030,5764.3,9
102,IOLCP,INE485C01011,451.1,20
103,SGBNOV258,IN0020170109,7400,10
104,SGBOCT27VI,IN0020190388,7510.15,10
105,BPCL,INE029A01011,349.05,13.37
106,SGBDE30III,IN0020220110,7939.99,10
107,ABB,INE117A01022,7906.95,20
108,APTUS,INE852O01025,307.25,20
109,GOLDBEES,INF204KB17I5,60.55,20
110,SGBSEP24,IN0020160043,7225,10
111,CEATLTD,INE482A01020,2876,20
112,NSLNISP,INE0NNS01018,54.84,20
113,SGBOCT25V,IN0020170075,7308.21,10
114,MRF,INE883A01011,138807.6,20
115,SGBJUN28,IN0020200104,7529.99,10
116,SYNGENE,INE398R01022,826.3,20
117,INOXINDIA,INE616N01034,1179.2,20
118,ACC,INE012A01025,2348.25,20
119,GRINDWELL,INE536A01023,2416.1,20
120,SHREECEM,INE070A01015,24813.2,20
121,PHARMABEES,INF204KC1089,23.16,20
122,CLEAN,INE227W01023,1527.75,20
123,HCLTECH,INE860A01027,1711.6,9
124,JUBLPHARMA,INE700A01033,938.85,20
125,TIMKEN,INE325A01013,3814.15,20
126,SGBMAR28X,IN0020190552,7518.84,10
127,SGBSEP31II,IN0020230093,7921.16,10
128,SBFC,INE423Y01016,87.04,20
129,ARE&M,INE885A01032,1571.65,20
130,NIITLTD,INE161A01038,175.55,22.84
131,ADANIENSOL,INE931S01010,1046.15,23.24
132,KAYNES,INE918Z01012,4995.5,20
133,STARCEMENT,INE460H01021,221.91,20
134,SGBJUL25,IN0020170034,7499.99,10
135,TI,INE133E01013,261.75,20
136,EXIDEIND,INE302A01020,498.7,20
137,THERMAX,INE152A01029,4439.2,20
138,GOKEX,INE887G01027,960.6,20
139,GILLETTE,INE322A01010,8844.2,20
140,DHAMPURSUG,INE041A01016,206.57,20
141,MOTILALOFS,INE338I01027,755.15,20.09
142,ZAGGLE,INE07K301024,367.8,20
143,SGBOCT27,IN0020190370,7520,10
144,JSWSTEEL,INE019A01038,944,11.05
145,TDPOWERSYS,INE419M01027,443.3,20
146,BAJAJHLDNG,INE118A01012,9934.6,20
147,TTML,INE517B01013,100.57,21.6
148,IDEAFORGE,INE349Y01013,719.3,20
149,M&MFIN,INE774D01024,320.35,20
150,KNRCON,INE634I01029,339.4,20
151,RAIN,INE855B01025,172.89,20
152,IRFC,INE053F01010,180.85,22.19
153,STYLAMIND,INE239C01020,1973.75,20
154,WIPRO,INE075A01022,517.15,10.68
155,JTLIND,INE391J01024,237.37,20
156,TATATECH,INE142M01025,1099.4,20
157,ATUL,INE100A01010,7916.2,20
158,GMRINFRA,INE776C01039,95.5,20
159,NIACL,INE470Y01017,269.05,24.02
160,DIVISLAB,INE361B01024,4902.5,10.28
161,ASTERDM,INE914M01019,410.25,20
162,SENCO,INE602W01019,1078.05,20
163,SHARDACROP,INE221J01015,608.75,20
164,CENTURYTEX,INE055A01016,2511.8,20
165,SGBAPR28I,IN0020200062,7592.99,10
166,ABSLAMC,INE404A01024,734.75,20
167,AARTIDRUGS,INE767A01016,593.95,20
168,BANKBEES,INF204KB15I9,525.92,20
169,IDFC,INE043D01016,112.84,20
170,SGBAUG29V,IN0020210129,7577.81,10
171,TCIEXP,INE586V01016,1132.9,20
172,HAPPYFORGE,INE330T01021,1187.15,20
173,TRENT,INE849A01020,6869.9,20
174,EBBETF0430,INF754K01KO2,1398.01,20
175,MFSL,INE180A01020,1085.45,20
176,BANSALWIRE,INE0B9K01025,383.6,20
177,FINCABLES,INE235A01022,1482.7,20
178,PVRINOX,INE191H01014,1520.5,20
179,TATACHEM,INE092A01019,1086.8,20
180,KAJARIACER,INE217B01036,1354.75,20
181,SILVERBEES,INF204KC1402,83.99,20
182,APLLTD,INE901L01018,1069.15,20
183,CAPLIPOINT,INE475E01026,1957.2,20
184,SGBNV29VII,IN0020210178,7566.35,10
185,POLYCAB,INE455K01017,6769.55,20
186,BSOFT,INE836A01035,646.35,20
187,AJANTPHARM,INE031B01049,2969.95,20
188,ACI,INE128X01021,775.35,20
189,HONAUT,INE671A01010,52344.25,20
190,SIEMENS,INE003A01024,7008.85,20
191,HAL,INE066F01020,4721.45,20
192,MAZDOCK,INE249Z01012,4293.85,26.71
193,HINDCOPPER,INE531E01026,329.75,21.81
194,TRIDENT,INE064C01022,37.57,20
195,SGBJUN29II,IN0020210061,7520.93,10
196,AUBANK,INE949L01017,635.1,20
197,TIDEWATER,INE484C01030,2650.1,20
198,MOREPENLAB,INE083A01026,80.5,21.57
199,SGBAUG24,IN0020160027,7083.15,10
200,UPL,INE628A01036,582.95,20
201,SGBJUL27,IN0020190081,7460,10
202,MARKSANS,INE750C01026,235.36,20.08
203,SAREGAMA,INE979A01025,517.45,20
204,AETHER,INE0BWX01014,891.1,20
205,POLICYBZR,INE417T01026,1777.95,20
206,CENTURYPLY,INE348B01021,800.2,20
207,HDFCLIFE,INE795G01014,739.55,9.83
208,BAJAJELEC,INE193E01025,961.35,20
209,NELCO,INE045B01015,1279.3,20
210,ECLERX,INE738I01010,2809.25,20
211,HIKAL,INE475B01022,327.45,20
212,NAUKRI,INE663F01024,7493.95,20
213,APARINDS,INE372A01015,8979.05,20
214,TRITURBINE,INE152M01016,749.95,20
215,SOUTHBANK,INE683A01023,25.67,20
216,ALPHA,INF174KA1IA5,57.32,20
217,HOMEFIRST,INE481N01025,1099.3,20
218,LTFOODS,INE818H01020,375.1,20
219,PEL,INE140A01024,1082.4,20
220,GMMPFAUDLR,INE541A01023,1357.35,20
221,SUMICHEM,INE258G01013,529.4,20
222,EMCURE,INE168P01015,1388.95,20
223,APLAPOLLO,INE702C01027,1441.9,20
224,GOODLUCK,INE127I01024,1042.65,20
225,KTKBANK,INE614B01018,223.8,20
226,ORIENTCEM,INE876N01018,299.45,20
227,POLYPLEX,INE633B01018,1256.05,20
228,FEDFINA,INE007N01010,120.18,20
229,BOMDYEING,INE032A01023,228.93,21.48
230,GIPCL,INE162A01010,244.06,21.05
231,SGBJUL28IV,IN0020200146,7534.69,10
232,TRIVENI,INE256C01024,450.35,20
233,PSPPROJECT,INE488V01015,693.75,20
234,SGBOCT25,IN0020170059,7500,10
235,MASTEK,INE759A01021,3000.45,20
236,CARTRADE,INE290S01011,880.2,20
237,LODHA,INE670K01029,1237.3,20
238,RADICO,INE944F01028,1807.9,20
239,PERSISTENT,INE262H01021,4909.55,20
240,RTNINDIA,INE834M01019,81.67,22.07
241,GALAXYSURF,INE600K01018,2946.55,20
242,SGBD29VIII,IN0020210228,7560.19,10
243,HBLPOWER,INE292B01021,660.9,22.74
244,NATCOPHARM,INE987B01026,1563.8,20
245,BANDHANBNK,INE545U01014,201.06,20
246,SGBAUG28V,IN0020200161,7629.14,10
247,MGL,INE002S01010,1779.45,20
248,MAHABANK,INE457A01014,63.07,20
249,GODREJIND,INE233A01035,1009.6,20
250,SHRIRAMFIN,INE721A01013,3229.45,14.26
251,FEDERALBNK,INE171A01029,196.92,20
252,WHEELS,INE715A01015,844.9,20
253,BFUTILITIE,INE243D01012,793.8,21.58
254,SGBMAY25,IN0020170018,7392.77,10
255,HDFCSILVER,INF179KC1DI2,84.17,20
256,ALKYLAMINE,INE150B01039,2127.75,20
257,PETRONET,INE347G01014,369.35,20
258,LAXMIMACH,INE269B01029,15217.15,20
259,ESCORTS,INE042A01014,3865.9,20
260,FCL,INE045J01026,375.25,20
261,BORORENEW,INE666D01022,513.3,20
262,SETFNIF50,INF200KA1FS1,263.49,6
263,SGBN28VIII,IN0020200286,7610.21,10
264,GREENPANEL,INE08ZM01014,384.05,20
265,NOCIL,INE163A01018,288.45,20
266,CGPOWER,INE067A01029,729.8,20
267,CHOLAFIN,INE121A01024,1443.8,20
268,SHARDAMOTR,INE597I01028,2704.95,20.34
269,SEQUENT,INE807F01027,167.89,20.87
270,M&M,INE101A01026,2780.8,11.71
271,UNOMINDA,INE405E01023,1115.65,20
272,AWL,INE699H01024,373.95,20
273,AUTOAXLES,INE449A01011,2021.2,20
274,ELGIEQUIP,INE285A01027,721.6,20
275,MID150BEES,INF204KB1V68,224.17,6.2
276,PGHH,INE179A01014,17005.65,20
277,SANSERA,INE953O01021,1506.2,20
278,TVSMOTOR,INE494B01023,2741.1,20
279,PNCINFRA,INE195J01029,458.5,20
280,SDBL,INE480C01038,108.52,20
281,GAEL,INE036B01030,145.91,20
282,SRF,INE647A01010,2555.6,20
283,TIPSINDLTD,INE716B01029,759.05,20
284,CHALET,INE427F01016,813.65,20
285,BANKINDIA,INE084A01016,118.54,20
286,ZYDUSLIFE,INE010B01027,1114.25,20
287,GABRIEL,INE524A01029,538.9,20
288,CANBK,INE476A01022,110.85,20
289,KARURVYSYA,INE036D01028,225.96,20
290,ADANIENT,INE423A01024,3067.1,21.11
291,GODFRYPHLP,INE260B01028,5735,21.99
292,SOBHA,INE671H01015,1713.3,20.18
293,DATAMATICS,INE365B01017,673.2,22.37
294,PGHL,INE199A01012,5266.1,20
295,CDSL,INE736A01011,1534.7,20
296,MUTHOOTFIN,INE414G01012,1986.25,20
297,GARFIBRES,INE276A01018,3938.85,20
298,MAHLIFE,INE813A01018,592.35,20
299,JKTYRE,INE573A01042,409.35,20
300,UBL,INE686F01025,2031.7,20
301,WESTLIFE,INE274F01020,864.65,20
302,COFORGE,INE591G01017,6080.9,20
303,AAVAS,INE216P01012,1690.35,20
304,ENGINERSIN,INE510A01028,215.05,22.02
305,KELLTONTEC,INE164B01022,163.32,22.96
306,AFFLE,INE00WC01027,1652.35,20
307,VAIBHAVGBL,INE884A01027,333.1,20
308,WSTCSTPAPR,INE976A01021,623.05,20
309,KPRMILL,INE930H01031,870.1,20
310,LIQUIDSHRI,INF680P01422,1009.39,5
311,TVSHLTD,INE105A01035,14304.8,20
312,CYIENTDLM,INE055S01018,781.2,20
313,MHRIL,INE998I01010,407,20
314,ONGC,INE213A01029,328.85,14.97
315,GODREJCP,INE102D01028,1456.35,20
316,ANGELONE,INE732I01013,2601.65,21.08
317,HEROMOTOCO,INE158A01026,5356.55,9.86
318,IONEXCHANG,INE570A01022,702.95,20
319,GODREJPROP,INE484J01027,2894.3,20
320,RBA,INE07T201019,112.05,20
321,EVEREADY,INE128A01029,469.25,20
322,IGL,INE203G01027,534.15,20
323,GICRE,INE481Y01014,414.3,20.86
324,APOLLOHOSP,INE437A01024,6781.45,9.36
325,KEC,INE389H01022,864.1,20
326,SAIL,INE114A01011,135.9,20
327,SPIC,INE147A01011,90.33,20
328,MASFIN,INE348L01012,286.05,20
329,LICHSGFIN,INE115A01026,684.1,20
330,INDIGO,INE646L01027,4746.75,20
331,TATASTEEL,INE081A01020,154.7,12.28
332,SGBMAY29I,IN0020210053,7534.89,10
333,IDBI,INE008A01015,95.67,20
334,SGBJAN26,IN0020170166,7550,10
335,ZENSARTECH,INE520A01027,775.8,20
336,FIEMIND,INE737H01014,1591.7,20
337,MEDPLUS,INE804L01022,669.65,20
338,CARYSIL,INE482D01024,916.2,20
339,YATHARTH,INE0JO301016,536.1,20
340,NUVOCO,INE118D01016,340.35,20
341,CUB,INE491A01021,170.01,20
342,FIVESTAR,INE128S01021,733.15,20
343,UTKARSHBNK,INE735W01017,49.65,20
344,RVNL,INE415G01027,576.1,26.54
345,SATIN,INE836B01017,219.98,20
346,BAJAJFINSV,INE918I01026,1719,9.44
347,NEULANDLAB,INE794A01010,12171.9,22.41
348,BEML,INE258A01016,3875.05,23.94
349,GPPL,INE517F01014,231.75,20
350,SUNDARMFIN,INE660A01013,4579.1,20
351,EBBETF0425,INF754K01LD3,1231.78,20
352,RBLBANK,INE976G01028,231.24,20
353,OLECTRA,INE260D01016,1567.85,20
354,HONASA,INE0J5401028,511.4,20
355,MINDACORP,INE842C01021,590,20
356,VINATIORGA,INE410B01037,2010.75,20
357,RELIANCE,INE002A01018,3000.9,9
358,ANURAS,INE930P01018,773.4,20
359,AHLUCONT,INE758C01029,1276.4,20
360,SIGNATURE,INE903U01023,1489.1,20
361,DEEPAKFERT,INE501A01019,1075.2,20
362,HAPPSTMNDS,INE419U01012,806,20
363,UNIPARTS,INE244O01017,494.1,20
364,SFL,INE916U01025,944.4,20
365,WELSPUNLIV,INE192B01031,202.67,20
366,SUVENPHAR,INE03QK01018,1065.75,20
367,KOTAKBANK,INE237A01028,1803.35,9.12
368,INFY,INE009A01021,1900.1,9.19
369,LIQUID,INF769K01KS1,999.99,5
370,SHAREINDIA,INE932X01026,291.6,20
371,VARROC,INE665L01035,582.75,20
372,KANSAINER,INE531A01024,297.95,20
373,SBIN,INE062A01020,815.9,11.43
374,DELTACORP,INE124G01033,135.55,20
375,LINDEINDIA,INE473A01011,7285.95,20
376,PRESTIGE,INE811K01011,1706.3,20
377,GRASIM,INE047A01021,2699.9,9.17
378,NHPC,INE848E01016,95.03,20
379,SHILPAMED,INE790G01031,760.35,20
380,TECHM,INE669C01036,1624.6,10.29
381,SGBDEC2513,IN0020170158,7500,10
382,REDINGTON,INE891D01026,203,20
383,ALKEM,INE540L01014,5891,20
384,TNPL,INE107A01015,234.8,20
385,NTPC,INE733E01010,409.65,12.5
386,JIOFIN,INE758E01017,323.6,20
387,PIDILITIND,INE318A01026,3099.15,20
388,RENUKA,INE087H01022,46.81,20
389,JINDALSAW,INE324A01024,695.25,20.57
390,LICI,INE0J1Y01017,1079.15,20
391,PPLPHARMA,INE0DK501011,184.87,20
392,JBCHEPHARM,INE572A01036,1958.1,20
393,SUNFLAG,INE947A01014,230.1,20.19
394,UNITDSPR,INE854D01024,1428.95,20
395,SGBNOV26,IN0020180314,7420,10
396,SGBSEP28VI,IN0020200195,7567.3,10
397,RELAXO,INE131B01039,801.4,20
398,SGBDEC25,IN0020170125,7550,10
399,JAMNAAUTO,INE039C01032,124.91,20
400,MANGLMCEM,INE347A01017,1004.5,20
401,CMSINFO,INE925R01014,554.9,20
402,MUTHOOTMF,INE046W01019,232.62,20
403,ARVINDFASN,INE955V01021,524.6,20
404,SBICARD,INE018E01016,736.75,20
405,TEGA,INE011K01018,1695.15,20
406,PHOENIXLTD,INE211B01039,3655.75,20
407,AUROPHARMA,INE406A01037,1551.95,20
408,CERA,INE739E01017,9794.65,20
409,VPRPL,INE0AE001013,255.6,20.19
410,GATEWAY,INE079J01017,99.01,20
411,SUPRAJIT,INE399C01030,547.05,20
412,ORIENTPPR,INE592A01026,48.77,20
413,HINDUNILVR,INE030A01027,2766.9,9
414,LUPIN,INE326A01037,2171.55,20
415,TIRUMALCHM,INE338A01024,344.7,20
416,ITBEES,INF204KB15V2,44.53,20
417,VRLLOG,INE366I01010,524.55,20
418,SETFGOLD,INF200KA16D8,62.54,20
419,MIDCAPETF,INF769K01IC9,22.14,6.38
420,SUDARSCHEM,INE659A01023,1000.55,20
421,KSB,INE999A01023,908.4,20
422,LAURUSLABS,INE947Q01028,453.05,20
423,SUPREMEIND,INE195A01028,5372.25,20
424,LTIM,INE214T01019,5751.55,10.54
425,SYMPHONY,INE225D01027,1613,20
426,SGBOCT26,IN0020180249,7405,10
427,HINDOILEXP,INE345A01011,265.45,20.76
428,MON100,INF247L01AP3,160.02,7.08
429,VIPIND,INE054A01027,465.8,20
430,SUPRIYA,INE07RO01027,556.65,20
431,PTC,INE877F01012,212.42,20
432,HDFCAMC,INE127D01025,4507.35,20
433,JUSTDIAL,INE599M01018,1322.65,20
434,TATAMTRDVR,IN9155A01020,749.7,20
435,GOLD1,INF174KA1HJ8,60.87,20
436,ACE,INE731H01025,1306.45,20.98
437,SGBJ28VIII,IN0020190537,7520,10
438,LIQUIDETF,INF740KA1EU7,1000,5
439,UJJIVANSFB,INE551W01018,43.91,20
440,KALYANKJIL,INE303R01014,614.85,20
441,SYRMA,INE0DYJ01015,436.4,20
442,SPANDANA,INE572J01011,623.1,20
443,BALRAMCHIN,INE119A01028,569.55,20
444,PATELENG,INE244B01030,54.87,22.64
445,TATAELXSI,INE670A01012,8971.4,20
446,SGBMAR31IV,IN0020220169,7850,10
447,DBL,INE917M01012,576.75,20.27
448,SGBJAN30IX,IN0020210236,7548.14,10
449,PNBHOUSING,INE572E01012,880.75,20
450,PSUBNKBEES,INF204KB16I7,77.99,20
451,ADANIPORTS,INE742F01042,1478.35,17.71
452,HINDZINC,INE267A01025,532.35,20
453,NYKAA,INE388Y01029,225.55,20
454,JISLJALEQS,INE175A01038,72.99,23.83
455,J&KBANK,INE168A01041,108.36,20
456,SGBSEP29VI,IN0020210145,7546.79,10
457,PSB,INE608A01012,59.97,22.26
458,VIJAYA,INE043W01024,908.05,20
459,METROPOLIS,INE112L01020,2079.5,20
460,TTKPRESTIG,INE690A01028,944.5,20
461,HGINFRA,INE926X01010,1539.95,20
462,PCBL,INE602A01031,479.3,20
463,TATACOMM,INE151A01013,1946.15,20
464,PITTIENG,INE450D01021,1397.1,20
465,ATGL,INE399L01023,856.35,22.35
466,DATAPATTNS,INE0IX101010,2873.1,20.53
467,KIMS,INE967H01017,2521.75,20
468,RAINBOW,INE961O01016,1239.85,20
469,TEXRAIL,INE621L01012,245.4,23.8
470,SUNDRMFAST,INE387A01021,1370.4,20
471,ASHOKLEY,INE208A01029,262.15,20
472,AMBER,INE371P01015,4303.3,20
473,VESUVIUS,INE386A01015,5178.95,20
474,GSPL,INE246F01010,390.95,20
475,SGBDC27VII,IN0020190461,7690,10
476,TATAMOTORS,INE155A01022,1077.25,12.06
477,SGBNOV25IX,IN0020170117,7450,10
478,ASKAUTOLTD,INE491J01022,442.9,20
479,BATAINDIA,INE176A01028,1453.25,20
480,INFIBEAM,INE483S01020,30.83,20.83
481,ORIENTELEC,INE142Z01019,260.25,20
482,CSBBANK,INE679A01013,324.5,20
483,JKCEMENT,INE823G01014,4497.8,20
484,WABAG,INE956G01038,1336.3,20
485,AVANTIFEED,INE871C01038,686.8,20
486,ASHOKA,INE442H01029,234.3,20
487,RATNAMANI,INE703B01027,3606.8,20
488,POLYMED,INE205C01021,2294.4,20
489,COROMANDEL,INE169A01031,1742.6,20
490,CIEINDIA,INE536H01010,582.75,20
491,SGBDEC26,IN0020180389,7410,10
492,GLENMARK,INE935A01035,1707.3,20
493,SAMHI,INE08U801020,207.93,20
494,LT,INE018A01030,3702.7,10.75
495,STARHEALTH,INE575P01011,611.55,20
496,AXISBANK,INE238A01034,1181.25,9.76
497,RAILTEL,INE0DD101019,500,25.41
498,JSWENERGY,INE121E01018,733.1,20
499,ELECTCAST,INE086A01029,223.63,21.07
500,CAPACITE,INE264T01014,396,20.23
501,BSE,INE118H01025,2700.25,20
502,IPCALAB,INE571A01038,1393,20
503,FDC,INE258B01022,538.2,20
504,CENTRALBK,INE483A01010,61.12,20.33
505,HINDPETRO,INE094A01015,404.35,20
506,BAJFINANCE,INE296A01024,6863.6,10.32
507,NLCINDIA,INE589A01014,279.55,22.22
508,SURYAROSNI,INE335A01020,682.9,20
509,LTGILTBEES,INF204KB1882,26.53,10
510,KESORAMIND,INE087A01019,209.74,20
511,INGERRAND,INE177A01018,4222.25,20
512,ABBOTINDIA,INE358A01014,29737.5,20
513,PARADEEP,INE088F01024,87.56,20
514,DEN,INE947J01015,52.83,20
515,AVALON,INE0LCL01028,529.4,20
516,IOC,INE242A01010,173.25,20
517,OBEROIRLTY,INE093I01010,1728.15,20
518,BALKRISIND,INE787D01026,2821.1,20
519,IEX,INE022Q01020,195.56,20
520,EMBDL,INE069I01010,148.9,24.04
521,ENDURANCE,INE913H01037,2509.05,20
522,MIDHANI,INE099Z01011,420.85,20
523,DREAMFOLKS,INE0JS101016,465.8,20
524,INDHOTEL,INE053A01029,665.3,20
525,AUTOBEES,INF204KC1337,264.1,20
526,PNB,INE160A01022,115.96,20
527,ISGEC,INE858B01029,1472.9,20.62
528,FSL,INE684F01012,308.6,20
529,ULTRACEMCO,INE481G01011,11300.35,9.16
530,ASTRAZEN,INE203A01020,6754.65,20
531,PRINCEPIPE,INE689W01016,594.1,20
532,BANKBARODA,INE028A01039,251.2,20
533,ICICIGI,INE765G01017,2153.35,20
534,GHCL,INE539A01019,694.85,20
535,SUNPHARMA,INE044A01036,1789.4,9
536,LIQUIDCASE,INF0R8F01034,103.97,5
537,RAMCOCEM,INE331A01037,821.75,20
538,GLAND,INE068V01023,1873.3,20
539,BEL,INE263A01024,300.9,20
540,SKIPPER,INE439E01022,434.85,25.68
541,FUSION,INE139R01012,307.65,20
542,CONCOR,INE111A01025,984.95,20
543,SGBDEC25XI,IN0020170133,7355.62,10
544,SAMMAANCAP,INE148I01020,167.41,20
545,GAIL,INE129A01019,236.52,20
546,PATANJALI,INE619A01035,1912.05,20
547,CREDITACC,INE741K01010,1211.9,20
548,DELHIVERY,INE148O01028,430.45,20
549,ABFRL,INE647O01011,321.9,20
550,FINPIPE,INE183A01024,290.3,20
551,SGBJU29III,IN0020210087,7534.97,10
552,IOB,INE565A01014,61.37,22.09
553,TMB,INE668A01016,467.85,20
554,SCHAEFFLER,INE513A01022,3936,20
555,ICICIPRULI,INE726G01019,744.15,20
556,CHOICEIN,INE102B01014,430.75,20
557,ISEC,INE763G01038,818.9,20
558,ABCAPITAL,INE674K01013,222.77,20
559,UTIAMC,INE094J01016,1144.75,20
560,TIMETECHNO,INE508G01029,391.25,20.09
561,BAJAJCON,INE933K01021,268.25,20
562,GLOBUSSPR,INE615I01010,892.15,20
563,MANINFRA,INE949H01023,198.76,20
564,BALUFORGE,INE011E01029,786.9,20
565,DIXON,INE935N01020,13227.55,20
566,CONCORDBIO,INE338H01029,1592.55,20
567,MSUMI,INE0FS801015,71.8,20
568,CYIENT,INE136B01020,2001.15,20
569,SGBMAY28,IN0020200088,7515.21,10
570,NATIONALUM,INE139A01034,185.53,20
571,KSCL,INE455I01029,1050.25,20
572,BHARTIARTL,INE397D01024,1522.75,9
573,DALBHARAT,INE00R701025,1821.8,20
574,BEPL,INE922A01025,168.31,20
575,SILVER,INF209KB19F6,86.91,20
576,STAR,INE939A01011,1318.95,20
577,PRAJIND,INE074A01025,744.15,20
578,MRPL,INE103A01014,207.19,22.17
579,LIQUID1,INF174KA1LV5,1005.06,5
580,DCW,INE500A01029,86.49,20.3
581,BHARATFORG,INE465A01025,1607.4,20
582,VEDL,INE205A01025,463.9,20
583,WONDERLA,INE066O01014,844.65,20
584,AMBUJACEM,INE079A01024,624.45,20
585,VOLTAS,INE226A01021,1743.25,20
586,EDELWEISS,INE532F01054,111.04,22.55
587,VBL,INE200M01021,1564.75,20
588,NAM-INDIA,INE298J01013,698,20
589,CANFINHOME,INE477A01020,861.3,20
590,SILVERIETF,INF109KC1Y56,87.04,20
591,PARAS,INE045601015,1278.05,100
592,MAPMYINDIA,INE0BV301023,2071.6,20
593,DLF,INE271C01023,846.35,20
594,CARBORUNIV,INE120A01034,1541.3,20
595,NESCO,INE317F01035,938.35,20
596,SGBJUN27,IN0020190073,7549,10
597,MAHSEAMLES,INE271B01025,691.6,20
598,BALAMINES,INE050E01027,2223.05,20
599,NAVINFLUOR,INE048G01026,3290.45,20
600,SGBJUL29IV,IN0020210111,7515,10
601,JMFINANCIL,INE780C01023,103.93,20
602,LIQUIDIETF,INF109KC1KT9,1000,5
603,LALPATHLAB,INE600L01024,3345.45,20
604,JKPAPER,INE789E01012,473.15,20
605,INDIACEM,INE383A01012,366.35,20
606,GPIL,INE177H01021,944.65,20
607,BLUEDART,INE233B01017,8282.85,20
608,RELIGARE,INE621H01010,259.3,20
609,RALLIS,INE613A01020,355.15,20
610,FINEORG,INE686Y01026,5658.2,20
611,CIPLA,INE059A01026,1598.05,9.38
612,LXCHEM,INE576O01020,301.6,20
613,MANAPPURAM,INE522D01027,217.7,20
614,STLTECH,INE089C01029,139.57,20
615,LIQUIDADD,INF740KA1UM0,1027.35,5
616,TCS,INE467B01029,4497.15,9
617,EIDPARRY,INE126A01031,819.15,20
618,PNBGILTS,INE859A01011,131.23,20
619,LLOYDSME,INE281B01032,776.8,20
620,DWARKESH,INE366A01041,72.79,20
621,SGBFEB28IX,IN0020190545,7579,10
622,POWERMECH,INE211R01019,6732.9,20
623,ADANIGREEN,INE364U01010,1886.8,21.37
624,IDFCFIRSTB,INE092T01019,74.58,20
625,BAJAJ-AUTO,INE917I01010,10501.6,9.25
626,WELENT,INE625G01013,605,20
627,PRICOLLTD,INE726V01018,517,20
628,JKLAKSHMI,INE786A01032,800.85,20
629,GANDHAR,INE717W01049,214.47,20
630,CIGNITITEC,INE675C01017,1367.15,20
631,GRAVITA,INE024L01027,2044.15,24.01
632,BHEL,INE257A01026,297.8,20
633,USHAMART,INE228A01035,343.1,20
634,BOSCHLTD,INE323A01026,32299.95,20
635,BIKAJI,INE00E101023,854.2,20
636,RATEGAIN,INE0CLI01024,749.9,20
637,DABUR,INE016A01026,643.4,20
638,CHENNPETRO,INE178A01016,985,22.92
639,EQUITASBNK,INE063P01018,81.17,20
640,KRBL,INE001B01026,300.35,20
641,NIFTYBEES,INF204KB14I2,278.7,6
642,CPSEETF,INF457M01133,103.26,20
643,KEI,INE878B01027,4546.2,20
644,SGBNOV24,IN0020160076,7289.99,10
645,JUBLFOOD,INE797F01020,661.4,20
646,SBILIFE,INE123W01016,1838.95,9.42
647,SOLARINDS,INE343H01029,10454.55,20
648,PARAGMILK,INE883N01014,195.33,20
649,ZEEL,INE256A01028,150.83,24.39
650,SONATSOFTW,INE269A01021,629.75,20
651,MAHLOG,INE766P01016,504.1,20
652,CCL,INE421D01022,717.25,20
653,OFSS,INE881D01027,10950.1,20
654,JBMA,INE927D01044,1899,20
655,HEMIPROP,INE0AJG01018,199.79,20
656,CUMMINSIND,INE298A01020,3768.6,20
657,SGBDE31III,IN0020230168,7968.02,10
658,AWHCL,INE01BK01022,750.2,20.83
659,CAMS,INE596I01012,4378.05,20
660,INDIGOPNTS,INE09VQ01012,1453.3,20
661,SGBOC28VII,IN0020200203,7529.38,10
662,NAZARA,INE418L01021,946.45,20
663,MPHASIS,INE356A01018,3034,20
664,JUBLINGREA,INE0BY001018,663.25,20
665,SGBAUG30,IN0020220078,7877.59,10
666,BBTC,INE050A01025,2532.7,20.25
667,ZOMATO,INE758T01015,256.05,20
668,BAYERCROP,INE462A01022,6380.7,20
669,HFCL,INE548A01028,148.02,23.04
670,CRISIL,INE007A01025,4522.8,20
671,POWERGRID,INE752E01010,335.35,12.14
672,GESHIP,INE017A01032,1309.1,20
673,APOLLOTYRE,INE438A01022,504.4,20
674,CELLO,INE0LMW01024,905.7,20
675,ANANDRATHI,INE463V01026,3735.65,20
676,SGBDEC2512,IN0020170141,7395,10
677,EMUDHRA,INE01QM01018,793.3,20
678,SUNTV,INE424H01027,813.05,20
679,SGBFEB32IV,IN0020230184,8083.61,10
680,ITDCEM,INE686A01026,556.3,21.94
681,RHIM,INE743M01012,623.05,20
682,ROUTE,INE450U01017,1581.95,20
683,BAJAJHIND,INE306A01021,40.56,23.91
684,AGI,INE415A01038,946.45,20.58
685,BRIGADE,INE791I01019,1188.4,20
686,GULFOILLUB,INE635Q01029,1393.7,20
687,NH,INE410P01011,1267.95,20
688,SGBMR29XII,IN0020200427,7523.99,10
689,GILT5YBEES,INF204KC1030,57.54,10
690,GOLDIETF,INF109KC1NT3,62.42,20
691,ASTRAMICRO,INE386C01029,896.1,20
692,KIRLOSBROS,INE732A01036,1810.65,24.43
693,SHREDIGCEM,INE232A01011,102.89,20
694,NESTLEIND,INE239A01024,2521.45,9
695,UNIONBANK,INE692A01016,124.53,20
696,MOTHERSON,INE775A01035,199.91,20
697,ERIS,INE406M01024,1292.55,20
698,EIHOTEL,INE230A01023,387.85,20
699,TITAGARH,INE615H01020,1494.25,23.29
700,CHOLAHLDNG,INE149A01033,1660.2,20
701,DEVYANI,INE872J01023,177.52,20
702,EPIGRAL,INE071N01016,1976.8,20
703,SKFINDIA,INE640A01023,5234.45,20
704,SGBJUN31I,IN0020230069,7876.73,10
705,METROBRAND,INE317I01021,1308.6,20
706,TORNTPOWER,INE813H01021,1688.85,20
707,IRCON,INE962Y01021,263.35,24.72
708,TCNSBRANDS,INE778U01029,575.75,20
709,NAVA,INE725A01022,969.2,20
710,POONAWALLA,INE511C01022,402.55,20
711,LEMONTREE,INE970X01018,133.42,20
712,JINDALSTEL,INE749A01030,968.8,20
713,360ONE,INE466L01038,1100.25,20
714,BLS,INE153T01027,433.75,20
715,INDIAMART,INE933S01016,2994.25,20
716,VGUARD,INE951I01027,471.65,20
717,QUESS,INE615P01015,801.85,20
718,GRINFRA,INE201P01022,1532.45,20
719,MANYAVAR,INE825V01034,1203.75,20
720,INDIASHLTR,INE922K01024,742.2,20
721,DYNAMATECH,INE221B01012,7527.95,20
722,CESC,INE486A01021,208.41,20
723,SJS,INE284S01014,980.15,20
724,VENKEYS,INE398A01010,2310.4,20
725,HEIDELBERG,INE578A01017,231.53,20
726,LUXIND,INE150G01020,2304.05,20
727,GSFC,INE026A01025,237.69,20
728,ALEMBICLTD,INE426A01027,159.65,20
729,COALINDIA,INE522F01014,531.4,13.62
730,SUNTECK,INE805D01034,604.6,20
731,MEDANTA,INE474Q01031,1073.65,20
732,AEGISLOG,INE208C01025,758.55,21.06
733,GLAXO,INE159A01016,2874.05,20
734,VSTIND,INE710A01016,4745.6,20
735,ASAHIINDIA,INE439A01020,654.95,20
736,PFC,INE134E01011,536.45,20.37
737,SNOWMAN,INE734N01019,83.15,20
738,CRAFTSMAN,INE00LO01017,6241.65,20
739,LIQUIDSBI,INF200KA13Z8,999.99,5
740,SGBFEB29XI,IN0020200393,7538.32,10
741,KCP,INE805C01028,236.16,20.55
742,SGBJAN27,IN0020180462,7600,10
743,ZYDUSWELL,INE768C01010,2263.4,20
744,ICIL,INE483B01026,422.55,20
745,HEG,INE545A01016,2032.7,20
746,SUBROS,INE287B01021,811.25,20
747,SHYAMMETL,INE810G01011,814.1,20
748,CROMPTON,INE299U01018,469.45,20
749,WELCORP,INE191B01025,717.35,20
750,HDFCGOLD,INF179KC1981,62.39,20
751,CAMPUS,INE278Y01022,283.55,20
752,AMIORG,INE00FF01017,1288.9,20
753,JSL,INE220G01021,736.6,20
754,SGBFEB27,IN0020180561,8109.09,10
755,ESAFSFB,INE818W01011,50.89,20
756,GREAVESCOT,INE224A01026,177.46,20
757,MOL,INE0CT101020,105.92,20
758,EASEMYTRIP,INE07O001026,40.32,20
759,ELECON,INE205B01031,617,20
760,MTARTECH,INE864I01014,1799.85,20
761,KPIL,INE220B01022,1332.9,20
762,AARTIIND,INE769A01020,640.2,20
763,VOLTAMP,INE540H01012,14356.75,21.46
764,IRCTC,INE335Y01020,930.4,20
765,NUVAMA,INE531F01015,6673.45,20
766,RKFORGE,INE399G01023,947.85,20
767,SAPPHIRE,INE806T01012,1621.2,20
768,SGBJAN29X,IN0020200385,7517.84,10
769,GNFC,INE113A01013,680.6,20
770,ETHOSLTD,INE04TZ01018,3168.65,20
771,KPITTECH,INE04I401011,1856.85,20
772,DCMSHRIRAM,INE499A01024,1148.9,20
773,LTTS,INE010V01017,5487.4,20
774,GRAPHITE,INE371A01025,528.35,20
775,MAXHEALTH,INE027H01010,854.3,20
776,GODREJAGRO,INE850D01014,789.85,20
777,JKIL,INE576I01022,851.25,20
778,SJVN,INE002L01015,132.71,22.96
779,AIAENG,INE212H01026,4384.95,20
780,UFLEX,INE516A01017,768.1,20
781,ALLCARGO,INE418H01029,70.93,20
782,RITES,INE320J01015,653.7,20.92
783,EPL,INE255A01020,259.82,20
784,IKIO,INE0LOJ01019,294.45,20
785,MARICO,INE196A01026,675.8,20
786,GRANULES,INE101D01020,674.15,20
787,ICICIBANK,INE090A01021,1226.35,9
788,HDFCSML250,INF179KC1FB2,182.79,6
789,ASIANPAINT,INE021A01026,3166.2,9
790,RIIL,INE046A01015,1212.6,20
791,COFFEEDAY,INE335K01011,39.05,100
792,FMGOETZE,INE529A01010,441.85,20
793,BALMLAWRIE,INE164A01016,280.45,20
794,GICHSGFIN,INE289B01019,244.7,20
795,SURYODAY,INE428Q01011,195.73,20
796,CASTROLIND,INE172A01027,274.85,20
797,HDFCLIQUID,INF179KC1HE2,1000.01,5
798,20MICRONS,INE144J01027,330.15,40
799,3IINFOLTD,INE748C01038,35.06,40
800,5PAISA,INE618L01018,528.7,40
801,AADHARHFC,INE883F01010,397.25,40
802,AARON,INE721Z01010,270.55,40
803,AARTISURF,INE09EO01013,656.9,40
804,AARVI,INE754X01016,150.87,40
805,ACCELYA,INE793A01012,1786.6,40
806,ACL,INE666E01020,92.74,40
807,ACLGATI,INE152B01027,107.37,40
808,ADANIPOWER,INE814H01011,654.1,40
809,ADFFOODS,INE982B01027,269.24,40
810,ADORWELD,INE045A01017,1326,40
811,ADSL,INE102I01027,230.62,40
812,ADVANIHOTR,INE199C01026,75.16,40
813,AGARIND,INE204E01012,1295.4,40
814,AGRITECH,INE449G01018,222.07,40
815,AGROPHOS,INE740V01019,45.33,40
816,AGSTRA,INE583L01014,107.25,40
817,AHL,INE00ZE01026,597.7,40
818,AHLADA,INE00PV01013,106.03,100
819,AHLEAST,INE926K01017,134.22,40
820,AIIL,INE206F01022,1738.3,40
821,AIROLAM,INE801L01010,132.52,40
822,AJMERA,INE298G01027,696.15,40
823,AKG,INE00Y801016,22.63,40
824,AKSHARCHEM,INE542B01011,354.3,40
825,AKSHOPTFBR,INE523B01011,9.37,40
826,AKZOINDIA,INE133A01011,3444.75,40
827,ALBERTDAVD,INE155C01010,1558.45,40
828,ALICON,INE062D01024,1455,40
829,ALKALI,INE773I01017,114.08,40
830,ALLSEC,INE835G01018,1088.35,40
831,ALOKINDS,INE270A01029,28.43,40
832,ALPA,INE385I01010,110.99,40
833,ALPHAGEO,INE137C01018,463.5,100
834,AMBIKCO,INE540G01014,1741.35,40
835,AMJLAND,INE606A01024,57.15,100
836,AMNPLST,INE275D01022,326.4,40
837,AMRUTANJAN,INE098F01031,823.3,40
838,ANDHRSUGAR,INE715B01021,112.19,40
839,ANMOL,INE02AR01019,35.88,100
840,ANUP,INE294Z01018,2222.05,40
841,APCL,INE071F01012,191.12,40
842,APCOTEXIND,INE116A01032,463.35,40
843,APEX,INE346W01013,273.8,40
844,APOLLO,INE713T01028,105,40
845,APOLLOPIPE,INE126J01016,594.75,40
846,APOLSINHOT,INE451F01024,1524.85,40
847,APTECHT,INE266F01018,244.04,40
848,ARCHIDPLY,INE877I01016,139.97,100
849,ARIES,INE298I01015,303.55,40
850,ARIHANTCAP,INE420B01036,79.24,40
851,ARIHANTSUP,INE643K01018,311.55,40
852,ARMANFIN,INE109C01017,1730.85,40
853,AROGRANITE,INE210C01013,60.35,40
854,ARROWGREEN,INE570D01018,871.85,40
855,ARTEMISMED,INE025R01021,272.2,40
856,ARVSMART,INE034S01021,729.2,40
857,ASAHISONG,INE228I01012,517.7,100
858,ASAL,INE900C01027,856.3,40
859,ASALCBR,INE073G01016,922.7,40
860,ASHAPURMIN,INE348A01023,358.3,40
861,ASHIANA,INE365D01021,349.05,40
862,ASHIMASYN,INE440A01010,36.86,100
863,ASIANENE,INE276G01015,433.45,40
864,ASIANTILES,INE022I01019,93.22,40
865,ASPINWALL,INE991I01015,298.4,40
866,ASTEC,INE563J01010,1221.25,40
867,ATAM,INE09KD01013,170.35,40
868,ATFL,INE209A01019,831.35,40
869,ATL,INE0NN701020,51.64,40
870,ATULAUTO,INE951D01028,645.9,100
871,AURIONPRO,INE132H01018,1940.8,40
872,AURUM,INE898S01029,224.77,100
873,AUTOIND,INE718H01014,150.98,40
874,AVADHSUGAR,INE349W01017,683.45,40
875,AVG,INE680Z01018,463.5,40
876,AVONMORE,INE323B01024,13.85,100
877,AVROIND,INE652Z01017,161.06,40
878,AVTNPL,INE488D01021,90.48,40
879,AWFIS,INE108V01019,766.7,40
880,AXISCADES,INE555B01013,646.65,40
881,AXITA,INE02EZ01022,24.54,40
882,AYMSYNTEX,INE193B01039,132.8,100
883,AZAD,INE02IJ01035,1624.15,40
884,BAIDFIN,INE020D01022,14.76,100
885,BAJAJHCARE,INE411U01027,405.4,40
886,BALAJITELE,INE794B01026,71.24,100
887,BALAXI,INE618N01022,107.27,40
888,BALPHARMA,INE083D01012,143.09,40
889,BANARBEADS,INE655B01011,98.85,40
890,BANARISUG,INE459A01010,3070.85,40
891,BANCOINDIA,INE213C01025,671.3,40
892,BANSWRAS,INE629D01020,146.69,40
893,BARBEQUE,INE382M01027,652.95,40
894,BASML,INE186H01022,60.01,40
895,BBL,INE464A01036,5339.3,40
896,BBOX,INE676A01027,549.75,100
897,BBTCL,INE01EE01011,235.86,40
898,BCLIND,INE412G01024,56.96,40
899,BDL,INE171Z01026,1312.05,40
900,BFINVEST,INE878K01010,583.75,40
901,BHAGCHEM,INE414D01027,427.5,40
902,BHAGERIA,INE354C01027,204.92,40
903,BHAGYANGR,INE458B01036,104.03,40
904,BHARATGEAR,INE561C01019,108.37,40
905,BHARATRAS,INE838B01013,13097.4,40
906,BHARATWIRE,INE316L01019,283.45,40
907,BHARTIHEXA,INE343G01021,1181.7,40
908,BIGBLOC,INE412U01025,246.3,40
909,BIOFILCHEM,INE829A01014,65,40
910,BIRLACABLE,INE800A01015,278.25,40
911,BIRLAMONEY,INE865C01022,159.34,100
912,BLAL,INE0N7W01012,280.7,40
913,BLISSGVS,INE416D01022,129.4,40
914,BLKASHYAP,INE350H01032,116.74,40
915,BLSE,INE0NLT01010,243.47,40
916,BLUEJET,INE0KBH01020,498.85,40
917,BODALCHEM,INE338D01028,84.15,40
918,BOROLTD,INE02PY01013,442.1,40
919,BPL,INE110A01019,125.5,100
920,BSHSL,INE032Z01020,199.24,40
921,BSL,INE594B01012,233.55,40
922,BTML,INE0EEJ01023,12.59,100
923,BUTTERFLY,INE295F01017,964.05,40
924,CAMLINFINE,INE052I01032,107.15,40
925,CANTABIL,INE068L01024,255.65,40
926,CAPITALSFB,INE646H01017,303.55,40
927,CAPTRUST,INE707C01018,166.59,40
928,CAREERP,INE521J01018,528.25,100
929,CARERATING,INE752H01013,990.3,40
930,CENTENKA,INE485A01015,758.1,40
931,CENTRUM,INE660C01027,37.09,40
932,CENTUM,INE320B01020,1520.75,40
933,CGCL,INE180C01042,213.51,40
934,CHEMBOND,INE995D01025,640.05,40
935,CHEMCON,INE03YM01018,278.6,40
936,CHEMFAB,INE783X01023,902.65,40
937,CHEVIOT,INE974B01016,1456.2,40
938,CLEDUCATE,INE201M01029,90.93,40
939,CLSEL,INE419D01026,241.61,40
940,COASTCORP,INE377E01016,282.85,40
941,COMPUSOFT,INE453B01029,32.62,40
942,CONSOFINVT,INE025A01027,229.99,40
943,CONTROLPR,INE663B01015,791.45,40
944,CORDSCABLE,INE792I01017,227.94,100
945,COSMOFIRST,INE757A01017,814.25,40
946,CREATIVE,INE985W01018,733.5,40
947,CREST,INE559D01011,463.9,40
948,CSLFINANCE,INE718F01018,412.75,40
949,CYBERTECH,INE214A01019,192.65,40
950,DALMIASUG,INE495A01022,421.65,40
951,DAMODARIND,INE497D01022,48.69,40
952,DANGEE,INE688Y01022,7.4,40
953,DAVANGERE,INE179G01029,6.59,40
954,DBCORP,INE950I01011,328.2,40
955,DBOL,INE0I3401014,131.14,40
956,DBREALTY,INE879I01012,201.16,40
957,DCAL,INE385W01011,201.35,40
958,DCM,INE498A01018,103.03,100
959,DCMNVL,INE08KP01019,229.32,100
960,DCMSRIND,INE843D01027,197.78,40
961,DECCANCE,INE583C01021,658.6,40
962,DEEPENR,INE677H01012,204.99,40
963,DEEPINDS,INE0FHS01024,376.65,40
964,DELPHIFX,INE726L01019,241.6,100
965,DELTAMAGNT,INE393A01011,92.17,40
966,DENORA,INE244A01016,1626.4,40
967,DEVIT,INE060X01026,132.54,40
968,DHANBANK,INE680A01011,39.66,40
969,DHANI,INE274G01010,62.44,40
970,DHANUKA,INE435G01025,1820.1,40
971,DHARMAJ,INE00OQ01016,371.35,40
972,DHUNINV,INE320L01011,1613.85,40
973,DIAMINESQ,INE591D01014,565.75,40
974,DIAMONDYD,INE393P01035,881.5,40
975,DICIND,INE303A01010,717.8,100
976,DIL,INE411Y01011,6.12,40
977,DISHTV,INE836F01026,15.47,40
978,DIVGIITTS,INE753U01022,624.95,40
979,DJML,INE0B1K01014,113.1,100
980,DLINKINDIA,INE250K01012,613.95,40
981,DMCC,INE505A01010,277.6,40
982,DODLA,INE021O01019,1203.2,40
983,DOLATALGO,INE966A01022,168.42,40
984,DOLLAR,INE325C01035,517.25,40
985,DONEAR,INE668D01028,125.66,100
986,DPABHUSHAN,INE266Y01019,1364.9,40
987,DPSCLTD,INE360C01024,19.71,40
988,DPWIRES,INE864X01013,417,40
989,DREDGECORP,INE506A01018,926.45,100
990,DSSL,INE417B01040,1593.55,40
991,DTIL,INE341R01014,262.48,40
992,DVL,INE477B01010,455.35,40
993,DYCL,INE600Y01019,594.7,40
994,DYNPRO,INE256H01015,388.8,100
995,EIFFL,INE546V01010,172.51,40
996,EIHAHOTELS,INE276C01014,409.4,40
997,EKC,INE184H01027,188.38,40
998,ELDEHSG,INE668G01021,972.25,40
999,ELIN,INE050401020,242.51,40
1000,EMAMIPAP,INE830C01026,135.6,40
1001,EMIL,INE02YR01019,219.68,40
1002,EMMBI,INE753K01015,123.06,40
1003,EMSLIMITED,INE0OV601013,848.95,40
1004,ENIL,INE265F01028,216.15,40
1005,ENTERO,INE010601016,1301.2,40
1006,EPACK,INE0G5901015,258.55,40
1007,EROSMEDIA,INE416L01017,18.32,40
1008,ESABINDIA,INE284A01012,6199.55,40
1009,ESTER,INE778B01029,147.7,40
1010,EVERESTIND,INE295A01018,1155.05,40
1011,EXCELINDUS,INE369A01029,1506.3,40
1012,EXICOM,INE777F01014,393.35,100
1013,EXPLEOSOL,INE201K01015,1373,40
1014,EXXARO,INE0GFE01018,85.36,40
1015,FAIRCHEMOR,INE0DNW01011,1391.3,40
1016,FAZE3Q,INE963C01033,505.95,40
1017,FIBERWEB,INE296C01020,49.66,100
1018,FILATEX,INE816B01035,64.82,40
1019,FILATFASH,INE185E01013,1.15,40
1020,FINOPB,INE02NC01014,420.15,40
1021,FLAIR,INE00Y201027,308.55,40
1022,FOCUS,INE593W01028,103.97,100
1023,FOODSIN,INE976E01023,136.92,40
1024,FOSECOIND,INE519A01011,4882.2,40
1025,GALLANTT,INE297H01019,370.3,100
1026,GANDHITUBE,INE524B01027,793.85,40
1027,GANECOS,INE845D01014,1918.7,40
1028,GANESHBE,INE388A01029,164.88,40
1029,GANESHHOUC,INE460C01014,878,40
1030,GANGESSECU,INE335W01016,185.95,40
1031,GEECEE,INE916G01016,402.85,40
1032,GENESYS,INE727B01026,727.95,40
1033,GENSOL,INE06H201014,947,40
1034,GENUSPAPER,INE949P01018,27.33,40
1035,GENUSPOWER,INE955D01029,445.8,40
1036,GEOJITFSL,INE007B01023,122.48,40
1037,GEPIL,INE878A01011,444.4,100
1038,GFLLIMITED,INE538A01037,78,40
1039,GHCLTEXTIL,INE0PA801013,110.04,40
1040,GLOBAL,INE291W01029,208.49,40
1041,GLOSTERLTD,INE350Z01018,789.95,40
1042,GNA,INE934S01014,437.2,40
1043,GOACARBON,INE426D01013,834,40
1044,GOCLCORP,INE077F01035,495.9,40
1045,GOCOLORS,INE0BJS01011,1170.55,40
1046,GODIGIT,INE03JT01014,367.3,40
1047,GOKULAGRO,INE314T01025,241.18,40
1048,GOLDIAM,INE025B01025,325.29,40
1049,GOPAL,INE0L9R01028,333.25,40
1050,GPTHEALTH,INE486R01017,184.1,40
1051,GREENLAM,INE544R01021,566.95,40
1052,GREENPLY,INE461C01038,396.45,40
1053,GRMOVER,INE192H01020,269.47,40
1054,GRPLTD,INE137I01015,3684.65,100
1055,GRWRHITECH,INE291A01017,3124.25,40
1056,GSLSU,INE0JSX01015,201.19,40
1057,GSS,INE871H01011,78.99,100
1058,GTPL,INE869I01013,170.41,40
1059,GUFICBIO,INE742B01025,399.1,40
1060,GUJAPOLLO,INE826C01016,385.6,40
1061,GULFPETRO,INE586G01017,79.69,40
1062,GULPOLY,INE255D01024,197.38,40
1063,HARDWYN,INE626Z01029,28.44,40
1064,HARIOMPIPE,INE00EV01017,845.95,40
1065,HARRMALAYA,INE544A01019,238.2,40
1066,HARSHA,INE0JUS01029,539,40
1067,HATHWAY,INE982F01036,21.41,40
1068,HATSUN,INE473B01035,1303.95,40
1069,HCC,INE549A01026,47.74,40
1070,HCG,INE075I01017,393.85,40
1071,HERANBA,INE694N01015,473.75,40
1072,HERCULES,INE688E01024,598.55,40
1073,HERITGFOOD,INE978A01027,557.3,40
1074,HESTERBIO,INE782E01017,2442.65,40
1075,HEUBACHIND,INE492A01029,547.1,40
1076,HEXATRADEX,INE750M01017,291.19,40
1077,HGS,INE170I01016,921.35,40
1078,HIL,INE557A01011,2931.05,40
1079,HILTON,INE788H01017,89.76,40
1080,HIMATSEIDE,INE049A01027,154.81,40
1081,HINDCOMPOS,INE310C01029,604.1,40
1082,HINDWAREAP,INE05AN01011,381.7,40
1083,HIRECT,INE835D01023,977.35,40
1084,HISARMETAL,INE598C01011,186.35,40
1085,HITECH,INE106T01025,190.23,40
1086,HITECHCORP,INE120D01012,229.9,40
1087,HITECHGEAR,INE127B01011,1029,40
1088,HLEGLAS,INE461D01028,417.65,40
1089,HLVLTD,INE102A01024,21.57,40
1090,HMAAGRO,INE0ECP01024,50.92,40
1091,HMVL,INE871K01015,93.61,40
1092,HNDFDS,INE254N01026,570.6,40
1093,HONDAPOWER,INE634A01018,3738.15,40
1094,HPAL,INE0GSL01024,100.37,40
1095,HPL,INE495S01016,652.4,40
1096,HSCL,INE019C01026,530.65,40
1097,HTMEDIA,INE501G01024,25.97,40
1098,HUDCO,INE031A01017,278.65,40
1099,HUHTAMAKI,INE275B01026,417.8,40
1100,ICEMAKE,INE520Y01019,717,40
1101,ICRA,INE725G01011,5970.35,40
1102,IFBAGRO,INE076C01018,598.4,100
1103,IFBIND,INE559A01017,2026.65,40
1104,IFCI,INE039A01010,70.65,40
1105,IFGLEXPOR,INE133Y01011,640.2,40
1106,IGARASHI,INE188B01013,767.95,40
1107,IGPL,INE204A01010,688.05,40
1108,IIFL,INE530B01024,462.85,40
1109,IMAGICAA,INE172N01012,97.26,40
1110,IMPAL,INE547E01014,1306.15,40
1111,INDBANK,INE841B01017,49.51,40
1112,INDGN,INE065X01017,562.35,40
1113,INDIANCARD,INE061A01014,290.8,40
1114,INDIANHUME,INE323C01030,554.8,40
1115,INDNIPPON,INE092B01025,831.6,40
1116,INDOAMIN,INE760F01028,168.36,40
1117,INDOBORAX,INE803D01021,203.95,40
1118,INDOCO,INE873D01024,364.6,40
1119,INDORAMA,INE156A01020,46.87,40
1120,INDOSTAR,INE896L01010,279.95,40
1121,INDRAMEDCO,INE681B01017,399.9,40
1122,INDSWFTLAB,INE915B01019,146.54,100
1123,INDTERRAIN,INE611L01021,63.89,40
1124,INFOBEAN,INE344S01016,451.3,40
1125,INNOVACAP,INE0DUT01020,681.05,40
1126,INOXGREEN,INE510W01014,206.78,40
1127,INOXWIND,INE066P01011,228.07,40
1128,INSECTICID,INE070I01018,926.8,40
1129,INTENTECH,INE781A01025,143.02,100
1130,INTLCONV,INE575C01027,85.74,40
1131,IPL,INE0D6701023,214,40
1132,IRB,INE821I01022,65.78,40
1133,IRISDOREME,INE01GN01025,66.93,40
1134,IRMENERGY,INE07U701015,413.05,40
1135,ISFT,INE566K01011,150.17,40
1136,ISMTLTD,INE732F01019,120.19,100
1137,ITDC,INE353K01014,754,40
1138,IVC,INE050B01023,12.93,100
1139,JAGRAN,INE199G01027,94.36,40
1140,JAGSNPHARM,INE048B01027,413,40
1141,JAICORPLTD,INE070D01027,390.15,40
1142,JASH,INE039O01011,2144.5,40
1143,JAYAGROGN,INE785A01026,317.45,40
1144,JAYBARMARU,INE571B01036,106.79,40
1145,JAYNECOIND,INE854B01010,49.19,40
1146,JAYSREETEA,INE364A01020,136.42,40
1147,JCHAC,INE782A01015,1919.55,40
1148,JETFREIGHT,INE982V01025,21.49,40
1149,JGCHEM,INE0MB501011,393.15,40
1150,JINDALPHOT,INE796G01012,865.95,40
1151,JINDALPOLY,INE197D01010,809.3,40
1152,JINDRILL,INE742C01031,665.55,40
1153,JINDWORLD,INE247D01039,374.95,40
1154,JISLDVREQS,IN9175A01010,41.39,40
1155,JLHL,INE682M01012,1317.95,40
1156,JMA,INE412C01023,114.67,40
1157,JNKINDIA,INE0OAF01028,760.35,100
1158,JOCIL,INE839G01010,224.98,40
1159,JPASSOCIAT,INE455F01025,8.3,100
1160,JPOLYINVST,INE147P01019,859.2,40
1161,JPPOWER,INE351F01018,18.2,40
1162,JSFB,INE953L01027,594.95,40
1163,JSWHL,INE824G01012,7282.15,40
1164,JTEKTINDIA,INE643A01035,172.55,40
1165,JUNIPER,INE696F01016,386,40
1166,JWL,INE209L01016,558.75,40
1167,JYOTICNC,INE980O01024,1278.9,40
1168,KABRAEXTRU,INE900B01029,430.8,40
1169,KAKATCEM,INE437B01014,236.49,40
1170,KALAMANDIR,INE438K01021,171.65,40
1171,KAMATHOTEL,INE967C01018,211.98,40
1172,KAMDHENU,INE390H01012,572.65,40
1173,KAMOPAINTS,INE0BTI01037,41.52,40
1174,KANORICHEM,INE138C01024,122.69,40
1175,KANPRPLA,INE694E01014,122.97,40
1176,KAPSTON,INE542Z01010,214.95,100
1177,KAYA,INE587G01015,517.8,100
1178,KDDL,INE291D01011,3253.85,40
1179,KECL,INE134B01017,206.7,40
1180,KERNEX,INE202H01019,956.4,40
1181,KHADIM,INE834I01025,357.85,40
1182,KHAICHEM,INE745B01028,96.92,40
1183,KICL,INE029L01018,5938,100
1184,KINGFA,INE473D01015,3269.3,40
1185,KIOCL,INE880L01014,417.05,40
1186,KIRIINDUS,INE415I01015,393.35,40
1187,KIRLOSIND,INE250A01039,5781.65,40
1188,KIRLPNU,INE811A01020,1258.8,40
1189,KITEX,INE602G01020,367.16,40
1190,KKCL,INE401H01017,622.7,40
1191,KMSUGAR,INE157H01023,38.79,100
1192,KOHINOOR,INE080B01012,41.39,40
1193,KOKUYOCMLN,INE760A01029,203.85,40
1194,KOLTEPATIL,INE094I01018,453.55,40
1195,KOPRAN,INE082A01010,311.95,40
1196,KOTARISUG,INE419A01022,55.49,40
1197,KOTHARIPET,INE720A01015,224.3,40
1198,KOTHARIPRO,INE823A01017,182.27,100
1199,KRISHANA,INE506W01012,249.4,40
1200,KRITI,INE479D01038,232.15,40
1201,KRITINUT,INE798K01010,148.84,100
1202,KRSNAA,INE08LI01020,726.6,40
1203,KRYSTAL,INE0QN801017,758.15,40
1204,KSL,INE907A01026,803.1,40
1205,KSOLVES,INE0D6I01015,1052.05,40
1206,KUANTUM,INE529I01021,145.31,40
1207,LAMBODHARA,INE112F01022,188.67,40
1208,LANDMARK,INE559R01029,589,40
1209,LAOPALA,INE059D01020,320.75,40
1210,LATENTVIEW,INE0I7C01011,494.6,40
1211,LAXMICOT,INE801V01019,34.64,40
1212,LGBBROSLTD,INE337A01034,1317.95,40
1213,LGBFORGE,INE201J01017,11.92,100
1214,LIBAS,INE908V01012,19.31,40
1215,LIBERTSHOE,INE557B01019,461.25,100
1216,LINC,INE802B01019,607.6,40
1217,LINCOLN,INE405C01035,711.2,40
1218,LLOYDSENGG,INE093R01011,79.46,40
1219,LOKESHMACH,INE397H01017,349.85,40
1220,LORDSCHLO,INE846D01012,150.97,40
1221,LOTUSEYE,INE947I01017,76.25,40
1222,LOVABLE,INE597L01014,188.63,40
1223,LUMAXIND,INE162B01018,2889.95,40
1224,LUMAXTECH,INE872H01027,546.4,40
1225,LYKALABS,INE933A01014,149.31,40
1226,MAANALU,INE215I01027,125.35,40
1227,MADRASFERT,INE414A01015,111.86,40
1228,MAGADSUGAR,INE347W01011,820.75,40
1229,MAHAPEXLTD,INE843B01013,186.44,100
1230,MAHASTEEL,INE451L01014,181.08,40
1231,MAHEPC,INE215D01010,138.1,100
1232,MAHESHWARI,INE263W01010,70.87,40
1233,MAHSCOOTER,INE288A01013,9501.45,40
1234,MAITHANALL,INE683C01011,1112,40
1235,MALLCOM,INE389C01015,1379.15,40
1236,MANAKSIA,INE015D01022,95.14,40
1237,MANALIPETC,INE201A01024,94.75,40
1238,MANGALAM,INE584F01014,137.36,40
1239,MANGCHEFER,INE558B01017,133.51,40
1240,MANINDS,INE993A01026,426.8,40
1241,MANORG,INE370D01013,522,40
1242,MARALOVER,INE882A01013,85.58,40
1243,MARATHON,INE182D01020,576.05,40
1244,MATRIMONY,INE866R01028,736.75,40
1245,MAWANASUG,INE636A01039,116.72,40
1246,MAXESTATES,INE03EI01018,659.85,40
1247,MAXIND,INE0CG601016,258.05,40
1248,MAYURUNIQ,INE040D01038,633.4,40
1249,MAZDA,INE885E01034,1270.6,40
1250,MBAPL,INE900L01010,219.68,40
1251,MEDIASSIST,INE456Z01021,606.9,40
1252,MEDICAMEQ,INE646B01010,417.45,40
1253,MEDICO,INE630Y01024,42.79,100
1254,MEGASTAR,INE00EM01016,301,40
1255,MENONBE,INE071D01033,129.3,40
1256,MGEL,INE0APB01024,25.03,100
1257,MINDTECK,INE110B01017,380.2,100
1258,MIRZAINT,INE771A01026,44.67,40
1259,MMFL,INE227C01017,579.4,40
1260,MMP,INE511Y01018,396.9,40
1261,MMTC,INE123F01029,101.53,40
1262,MODISONLTD,INE737D01021,171.2,40
1263,MOLDTECH,INE835B01035,229.6,40
1264,MOLDTKPAC,INE893J01029,773.7,40
1265,MONARCH,INE903D01011,805.1,40
1266,MONTECARLO,INE950M01013,733.3,40
1267,MPSLTD,INE943D01017,2434.25,40
1268,MRO-TEK,INE398B01018,115.25,40
1269,MSTCLTD,INE255X01014,832.6,40
1270,MTNL,INE153A01019,61.94,40
1271,MUFTI,INE220Q01020,220.49,40
1272,MUKANDLTD,INE304A01026,162.15,40
1273,MUKKA,INE0CG401037,48.32,40
1274,MUNJALAU,INE672B01032,110.66,40
1275,MUNJALSHOW,INE577A01027,165.99,40
1276,MUTHOOTCAP,INE296G01013,333.15,40
1277,MVGJL,INE0KNT01012,266.57,40
1278,NACLIND,INE295D01020,57.91,40
1279,NAGAFERT,INE454M01024,10.63,40
1280,NAHARCAP,INE049I01012,335.75,40
1281,NAHARINDUS,INE289A01011,164.26,40
1282,NAHARPOLY,INE308A01027,308.45,100
1283,NAHARSPING,INE290A01027,323.8,40
1284,NATHBIOGEN,INE448G01010,233.57,100
1285,NAVKARCORP,INE278M01019,149.88,40
1286,NAVNETEDUL,INE060A01024,158.67,40
1287,NBCC,INE095N01031,177.64,40
1288,NCLIND,INE732C01016,229.93,40
1289,NDL,INE875G01030,47.09,40
1290,NDLVENTURE,INE353A01023,108.97,40
1291,NECLIFE,INE023H01027,40.71,40
1292,NELCAST,INE189I01024,151.27,40
1293,NEOGEN,INE136S01016,1527.6,40
1294,NETWEB,INE0NT901020,2618,40
1295,NETWORK18,INE870H01013,97.78,40
1296,NGIL,INE236Y01012,38.49,40
1297,NGLFINE,INE887E01022,2219.15,40
1298,NIITMTS,INE342G01023,485.45,40
1299,NILKAMAL,INE310A01015,1848.55,40
1300,NINSYS,INE395U01014,496.3,40
1301,NIPPOBATRY,INE567A01028,606,40
1302,NITINSPIN,INE229H01012,430.4,40
1303,NOVAAGRI,INE02H701025,78.22,100
1304,NRAIL,INE740D01017,408.8,40
1305,NRL,INE0JM501013,87.07,40
1306,NSIL,INE023A01030,4642.15,40
1307,NUCLEUS,INE096B01018,1375.05,40
1308,NURECA,INE0DSF01015,313.1,40
1309,OAL,INE959C01023,540.25,40
1310,OBCL,INE426Z01016,59.7,40
1311,OCCL,INE321D01016,285.9,100
1312,OMAXE,INE800H01010,127.8,100
1313,ONEPOINT,INE840Y01029,74.19,40
1314,ONMOBILE,INE809I01019,87,40
1315,ONWARDTEC,INE229A01017,451.8,40
1316,OPTIEMUS,INE350C01017,596.05,40
1317,ORBTEXP,INE231G01010,190.25,40
1318,ORCHPHARMA,INE191A01027,1386.75,40
1319,ORICONENT,INE730A01022,39.41,40
1320,ORIENTBELL,INE607D01018,375.7,40
1321,ORIENTCER,INE569C01020,54.88,40
1322,ORIENTHOT,INE750A01020,146.38,40
1323,ORISSAMINE,INE725E01024,8160.6,40
1324,OSWALAGRO,INE142A01012,63.37,40
1325,OSWALGREEN,INE143A01010,49.28,40
1326,PAISALO,INE420C01059,62.87,40
1327,PAKKA,INE551D01018,327.4,40
1328,PALREDTEC,INE218G01033,92.32,100
1329,PANACEABIO,INE922B01023,244.93,40
1330,PANAMAPET,INE305C01029,418.8,40
1331,PAR,INE04LG01015,237.57,40
1332,PARKHOTELS,INE988S01028,177.11,40
1333,PASUPTAC,INE818B01023,50.25,40
1334,PATINTLOG,INE529D01014,26.03,40
1335,PAYTM,INE982J01020,545.15,40
1336,PCJEWELLER,INE785M01013,113.89,40
1337,PDMJEPAPER,INE865T01018,121.43,40
1338,PDSL,INE111Q01021,604.6,40
1339,PEARLPOLY,INE844A01013,36.91,40
1340,PENIND,INE932A01024,186.62,40
1341,PENINLAND,INE138A01028,61.54,40
1342,PFOCUS,INE367G01038,151.94,100
1343,PFS,INE560K01014,59.5,40
1344,PILANIINVS,INE417C01014,5583.75,40
1345,PIXTRANS,INE751B01018,1458.35,40
1346,PLASTIBLEN,INE083C01022,314,40
1347,PLATIND,INE0PT501018,412.35,40
1348,PLAZACABLE,INE0INJ01017,89.19,40
1349,PNC,INE392B01011,68.46,40
1350,POCL,INE063E01046,1864.55,40
1351,PODDARMENT,INE371C01013,439.45,40
1352,POKARNA,INE637C01025,884.35,40
1353,PONNIERODE,INE838E01017,508.1,40
1354,PPAP,INE095I01015,215.27,40
1355,PPL,INE050001010,628,40
1356,PRAKASH,INE603A01013,231.4,40
1357,PRECAM,INE484I01029,264.88,40
1358,PRECWIRE,INE372C01037,189.94,40
1359,PREMEXPLN,INE863B01029,586.85,100
1360,PRIMESECU,INE032B01021,285.55,40
1361,PRITI,INE974Z01015,151.93,40
1362,PRIVISCL,INE959A01019,1535.05,40
1363,PROZONER,INE195N01013,30.66,40
1364,PRSMJOHNSN,INE010A01011,171.55,40
1365,PRUDENT,INE00F201020,2450.15,40
1366,PTCIL,INE596F01018,14729.4,100
1367,PTL,INE034D01049,47.66,40
1368,PUNJABCHEM,INE277B01014,1304.8,40
1369,PURVA,INE323I01011,462.9,100
1370,PVSL,INE772T01024,237.73,40
1371,PYRAMID,INE0MIS01010,182.26,40
1372,QUICKHEAL,INE306L01010,689.05,40
1373,RACE,INE084Q01012,407.85,40
1374,RADHIKAJWE,INE583V01021,109.38,40
1375,RADIANTCMS,INE855R01021,86.89,40
1376,RADIOCITY,INE919I01024,16.62,40
1377,RAJRATAN,INE451D01029,605.6,40
1378,RAJSREESUG,INE562B01019,73.01,40
1379,RAMANEWS,INE278B01020,21.53,40
1380,RAMAPHO,INE809A01024,193.37,40
1381,RAMASTEEL,INE230R01035,10.4,40
1382,RAMCOIND,INE614A01028,247.83,40
1383,RAMCOSYS,INE246B01019,403.95,40
1384,RAMKY,INE874I01013,720.7,40
1385,RAMRAT,INE207E01023,522.25,40
1386,RANASUG,INE625B01014,23.36,40
1387,RANEENGINE,INE222J01013,561.8,100
1388,RANEHOLDIN,INE384A01010,1890.85,40
1389,RATNAVEER,INE05CZ01011,175.85,100
1390,RBL,INE244J01017,1215.15,40
1391,REFEX,INE056I01025,314.65,40
1392,RELINFRA,INE036A01016,207.79,40
1393,REPCOHOME,INE612J01015,502,40
1394,REPL,INE364Z01019,198.56,40
1395,REPRO,INE461B01014,648.85,40
1396,RESPONIND,INE688D01026,267.9,40
1397,RGL,INE722H01024,102.62,40
1398,RISHABH,INE0N2P01017,374.15,40
1399,RITCO,INE01EG01016,328.95,40
1400,RKEC,INE786W01010,116.53,100
1401,RKSWAMY,INE0NQ801033,262.35,40
1402,RML,INE050H01012,1282.85,40
1403,ROHLTD,INE283H01019,361.6,40
1404,ROLEXRINGS,INE645S01016,2437.35,40
1405,ROSSELLIND,INE847C01020,585.65,40
1406,ROTO,INE535D01029,574.25,40
1407,RPGLIFE,INE105J01010,2168.1,40
1408,RPSGVENT,INE425Y01011,1197.5,40
1409,RPTECH,INE0J1F01024,428.4,40
1410,RSWM,INE611A01016,221.45,40
1411,RSYSTEMS,INE411H01032,491.2,40
1412,RUBYMILLS,INE301D01026,301.75,40
1413,RUCHIRA,INE803H01014,144.28,40
1414,RUPA,INE895B01021,339.7,40
1415,RUSHIL,INE573K01017,37.6,40
1416,RUSTOMJEE,INE263M01029,762.7,40
1417,SADHNANIQ,INE888C01040,73.04,40
1418,SAGCEM,INE229C01021,231.35,40
1419,SAH,INE035801013,78.94,40
1420,SAHYADRI,INE280H01015,367.75,40
1421,SAKAR,INE732S01012,316,40
1422,SAKHTISUG,INE623A01011,38.44,40
1423,SAKSOFT,INE667G01023,300.25,40
1424,SAKUMA,INE190H01024,6.42,40
1425,SALASAR,INE170V01027,17.48,40
1426,SALONA,INE498E01010,301.1,40
1427,SALZERELEC,INE457F01013,1089.55,40
1428,SANDESH,INE583B01015,1671.9,40
1429,SANDHAR,INE278H01035,624.4,40
1430,SANDUMA,INE149K01016,500.55,40
1431,SANGAMIND,INE495C01010,420.4,40
1432,SANGHIIND,INE999B01013,90.51,40
1433,SANGHVIMOV,INE989A01024,888.8,40
1434,SANOFI,INE058A01010,6800.35,40
1435,SARDAEN,INE385C01021,349.5,40
1436,SARLAPOLY,INE453D01025,94.11,100
1437,SASKEN,INE231F01020,1621.95,40
1438,SASTASUNDR,INE019J01013,328.25,40
1439,SATIA,INE170E01023,124.07,40
1440,SATINDLTD,INE065D01027,124.26,40
1441,SBC,INE04AK01028,30.59,40
1442,SBCL,INE386D01027,579.8,40
1443,SBGLP,INE05ST01028,126.68,40
1444,SCHAND,INE807K01035,232.24,40
1445,SCHNEIDER,INE839M01018,816.9,40
1446,SCI,INE109A01011,272.85,40
1447,SCPL,INE501Y01019,436.25,40
1448,SEAMECLTD,INE497B01018,1607.55,40
1449,SELAN,INE818A01017,980.25,40
1450,SEPC,INE964H01014,25.33,40
1451,SERVOTECH,INE782X01033,147.65,40
1452,SESHAPAPER,INE630A01024,361.25,40
1453,SGIL,INE00QT01015,399.5,40
1454,SHAILY,INE151G01028,918.9,40
1455,SHALBY,INE597J01018,273.95,40
1456,SHALPAINTS,INE849C01026,137.96,40
1457,SHANKARA,INE274V01019,600.95,40
1458,SHANTIGEAR,INE631A01022,617.25,40
1459,SHEMAROO,INE363M01019,158.59,40
1460,SHIVALIK,INE788J01021,569.6,40
1461,SHIVAMILLS,INE644Y01017,100,40
1462,SHK,INE500L01026,243.48,40
1463,SHOPERSTOP,INE498B01024,785.75,40
1464,SHRADHA,INE715Y01023,136.46,100
1465,SHREEPUSHK,INE712K01011,274.98,40
1466,SHREYAS,INE757B01015,337.5,40
1467,SHRIPISTON,INE526E01018,2109.85,40
1468,SHYAMCENT,INE979R01011,18.34,40
1469,SIGACHI,INE0D0K01022,60.66,40
1470,SIGIND,INE529F01035,74.57,40
1471,SIGMA,INE0A0S01010,410.6,40
1472,SIGNPOST,INE0KGZ01021,237.79,40
1473,SIL,INE173A01025,28.83,100
1474,SILINV,INE923A01015,593.9,40
1475,SILVERTUC,INE625X01018,753.35,40
1476,SIMBHALS,INE748T01016,24.71,100
1477,SINCLAIR,INE985A01022,108.92,40
1478,SINDHUTRAD,INE325D01025,19.87,40
1479,SINTERCOM,INE129Z01016,128.53,40
1480,SIRCA,INE792Z01011,340.25,40
1481,SIS,INE285J01028,414.8,40
1482,SIYSIL,INE076B01028,502.1,40
1483,SKMEGGPROD,INE411D01015,280.75,40
1484,SMARTLINK,INE178C01020,257.15,100
1485,SMCGLOBAL,INE103C01036,149.49,40
1486,SMLISUZU,INE294B01019,2012.85,40
1487,SMLT,INE017W01010,178.23,40
1488,SMSLIFE,INE320X01016,1441.1,100
1489,SMSPHARMA,INE812G01025,339.9,40
1490,SOLARA,INE624Z01016,698.6,100
1491,SOMANYCERA,INE355A01028,740.05,40
1492,SOUTHWEST,INE980Y01015,148.27,40
1493,SPAL,INE212I01016,905.55,40
1494,SPARC,INE232I01014,232.91,40
1495,SPCENET,INE970N01027,26.9,40
1496,SPECIALITY,INE247M01014,191.36,40
1497,SPENCERS,INE020801028,111.34,40
1498,SPLIL,INE978G01016,61.38,40
1499,SPLPETRO,INE663A01033,887.85,40
1500,SPORTKING,INE885H01011,1473.35,40
1501,SREEL,INE099F01013,301.55,40
1502,SRGHFL,INE559N01010,365,40
1503,SRHHYPOLTD,INE917H01012,607.35,40
1504,SRM,INE0R6Z01013,272.25,100
1505,SSWL,INE802C01033,233.38,40
1506,STARPAPER,INE733A01018,241.56,40
1507,STCINDIA,INE655A01013,200.27,40
1508,STEELCAS,INE124E01020,639.2,40
1509,STEELCITY,INE395H01011,92.79,40
1510,STEELXIND,INE503B01021,14.2,40
1511,STEL,INE577L01016,500.1,100
1512,STERTOOLS,INE334A01023,552.6,40
1513,STYRENIX,INE189B01011,2774.25,40
1514,SUKHJITS,INE450E01011,510.1,40
1515,SUMMITSEC,INE519C01017,2261.45,40
1516,SUNCLAY,INE0Q3R01026,1741.8,40
1517,SUNDARMHLD,INE202Z01029,353.5,40
1518,SUNDRMBRAK,INE073D01013,1116.8,40
1519,SUPERHOUSE,INE712B01010,226.63,40
1520,SURAJEST,INE843S01025,773.65,100
1521,SURYALAXMI,INE713B01026,93.02,40
1522,SUTLEJTEX,INE645H01027,73.94,40
1523,SUVEN,INE495B01038,155.07,40
1524,SUZLON,INE040H01021,77.5,40
1525,SWANENERGY,INE665A01038,684.55,40
1526,SWARAJENG,INE277A01016,3376.45,40
1527,SWELECTES,INE409B01013,981.25,40
1528,SWSOLAR,INE00M201021,667.3,40
1529,SYNCOMF,INE312C01025,21.77,40
1530,TAINWALCHM,INE123C01018,202.01,100
1531,TAJGVK,INE586B01026,329.95,40
1532,TAKE,INE142I01023,19.11,40
1533,TALBROAUTO,INE187D01029,351.95,40
1534,TARC,INE0EK901012,222.12,100
1535,TARSONS,INE144Z01023,453.15,40
1536,TASTYBITE,INE488B01017,14252.45,40
1537,TATAINVEST,INE672A01018,7385.45,100
1538,TATVA,INE0GK401011,997.75,40
1539,TBOTEK,INE673O01025,1734.8,40
1540,TBZ,INE760L01018,206.17,40
1541,TCI,INE688A01022,1091.8,40
1542,TCPLPACK,INE822C01015,3307.35,40
1543,TEAMLEASE,INE985S01024,3164.2,40
1544,TECHNOE,INE285K01026,1702.5,100
1545,TEJASNET,INE010J01012,1334.25,40
1546,TEMBO,INE869Y01010,287.85,40
1547,TEXINFRA,INE435C01024,134.34,40
1548,TEXMOPIPES,INE141K01013,79.18,40
1549,THANGAMAYL,INE085J01014,1945.55,40
1550,THEJO,INE121N01019,2694.25,40
1551,THEMISMED,INE083B01024,257.4,40
1552,THOMASCOOK,INE332A01027,233.55,40
1553,THYROCARE,INE594H01019,901.95,40
1554,TIIL,INE545H01011,3560.8,40
1555,TNPETRO,INE148A01019,101.64,40
1556,TOKYOPLAST,INE932C01012,120.07,40
1557,TOTAL,INE336X01012,101,100
1558,TPLPLASTEH,INE413G01022,116.88,100
1559,TRACXN,INE0HMF01019,94.97,40
1560,TREL,INE0O3901029,50.63,40
1561,TRIGYN,INE948A01012,123.05,100
1562,TRU,INE615R01029,47.29,40
1563,TTKHLTCARE,INE910C01018,1619.7,40
1564,TTL,INE592B01016,121.56,40
1565,TV18BRDCST,INE886H01027,48.82,40
1566,TVSELECT,INE236G01019,461.5,40
1567,TVSSRICHAK,INE421C01016,4767.85,40
1568,TVTODAY,INE038F01029,271.45,40
1569,UCAL,INE139B01016,200.73,40
1570,UDS,INE851I01011,351.95,40
1571,UFO,INE527H01019,130.32,40
1572,UGARSUGAR,INE071E01023,82.16,40
1573,UGROCAP,INE583D01011,242,40
1574,UMANGDAIRY,INE864B01027,111.39,100
1575,UNICHEMLAB,INE351A01035,573.35,40
1576,UNIDT,INE961D01019,266.01,40
1577,UNIENTER,INE037A01022,165.1,40
1578,UNITEDPOLY,INE368U01011,90.86,40
1579,UNITEDTEA,INE458F01011,420.3,40
1580,UNIVASTU,INE562X01013,208.55,40
1581,UNIVCABLES,INE279A01012,710.2,40
1582,UNIVPHOTO,INE03V001013,368.85,40
1583,URAVI,INE568Z01015,498.95,100
1584,UTTAMSUGAR,INE786F01031,332.75,40
1585,VADILALIND,INE694D01016,4085.8,40
1586,VAISHALI,INE972X01014,173.46,40
1587,VAKRANGEE,INE051B01021,21.09,40
1588,VALIANTLAB,INE0JWS01017,114.68,40
1589,VALIANTORG,INE565V01010,414.15,40
1590,VARDHACRLC,INE116G01013,61.11,40
1591,VASCONEQ,INE893I01013,70.97,40
1592,VENUSREM,INE411B01019,359.4,40
1593,VERANDA,INE0IQ001011,284.35,100
1594,VERTOZ,INE188Y01023,33.73,40
1595,VETO,INE918N01018,192.95,40
1596,VHL,INE701A01023,4124.1,40
1597,VIDHIING,INE632C01026,458.8,40
1598,VIKASECO,INE806A01020,3.84,40
1599,VIKASLIFE,INE161L01027,4.92,40
1600,VIMTALABS,INE579C01029,558.05,40
1601,VINDHYATEL,INE707A01012,2554.85,40
1602,VINYLINDIA,INE250B01029,427,40
1603,VIPCLOTHNG,INE450G01024,45.55,100
1604,VIRINCHI,INE539B01017,34.81,40
1605,VISAKAIND,INE392A01021,114.56,40
1606,VISHNU,INE270I01022,414.45,40
1607,VISHWARAJ,INE430N01022,16.22,40
1608,VLSFINANCE,INE709A01018,371.65,40
1609,VMART,INE665J01013,3675.45,40
1610,VSSL,INE050M01012,281.6,40
1611,VSTL,INE0QTF01015,255,100
1612,VSTTILLERS,INE764D01017,4034.1,40
1613,WEALTH,INE658T01017,1364.6,100
1614,WEIZMANIND,INE080A01014,140.37,100
1615,WENDT,INE274C01019,14622.85,40
1616,WINDLAS,INE0H5O01029,844.35,40
1617,WINDMACHIN,INE052A01021,207.32,40
1618,WOCKPHARMA,INE049B01025,1062.75,100
1619,WORTH,INE196Y01018,142.65,40
1620,WSI,INE100D01014,156.19,40
1621,XCHANGING,INE692G01013,129.95,40
1622,XPROINDIA,INE445C01015,1222.05,40
1623,YASHO,INE616Z01012,1916.05,40
1624,YATRA,INE0JR601024,137.64,40
1625,YUKEN,INE384C01016,1329.3,40
1626,ZEEMEDIA,INE966H01019,13.9,40
1627,ZENTEC,INE251B01027,1845.05,40
1628,ZFCVINDIA,INE342J01019,15353.85,40
1629,ZIMLAB,INE518E01015,114.17,40
1630,ZODIACLOTH,INE206B01013,130.18,100
1631,ZOTA,INE358U01012,683.35,40
1632,ZUARI,INE840M01016,206.81,40
1633,ZUARIIND,INE217A01012,372.1,40
1634,ABSLBANETF,INF209KB17D5,52.01,40
1635,ABSLNN50ET,INF209KB16D7,77.44,40
1636,ABSLPSE,INF209KB19Z4,11.46,40
1637,ALPHAETF,INF769K01KU7,29.31,40
1638,ALPL30IETF,INF109KC17V7,30.97,40
1639,AUTOIETF,INF109KC10V2,26.42,40
1640,AXISBNKETF,INF846K01X63,522.9,40
1641,AXISCETF,INF846K016C7,122.43,40
1642,AXISGOLD,INF846K01W80,60.87,40
1643,AXISHCETF,INF846K01Z12,144.03,40
1644,AXISILVER,INF846K011K1,86.71,40
1645,AXISNIFTY,INF846K01W98,270.62,40
1646,AXISTECETF,INF846K01Y96,443.36,40
1647,AXSENSEX,INF846K010Q0,82.97,40
1648,BANKBETF,INF0QA701714,51.5,40
1649,BANKETF,INF769K01KR3,517.87,40
1650,BANKETFADD,INF740KA1RX3,52.01,40
1651,BANKIETF,INF109KC15I8,52.06,40
1652,BANKNIFTY1,INF174K01F59,526.12,40
1653,BBETF0432,INF754K01OB1,1175.26,40
1654,BBNPPGOLD,INF251K01SU9,70.95,40
1655,BFSI,INF769K01HI8,24.13,40
1656,BSE500IETF,INF109KC1V59,39.79,40
1657,BSLGOLDETF,INF209KB18D3,64.06,40
1658,BSLNIFTY,INF209KB19D1,28.71,40
1659,BSLSENETFG,INF209KB10E8,80.78,40
1660,COMMOIETF,INF109KC19O8,95.45,40
1661,CONSUMBEES,INF204KA1LD7,132.44,40
1662,CONSUMIETF,INF109KC1V42,122.95,40
1663,DIVOPPBEES,INF204KA1MS3,87.62,40
1664,EBBETF0433,INF754K01QX0,1153.19,40
1665,EGOLD,INF754K01SE6,73.35,40
1666,EQUAL50ADD,INF740KA1QK2,329.96,40
1667,ESG,INF769K01GS9,42.29,40
1668,ESILVER,INF754K01SF3,87.29,40
1669,FINIETF,INF109KC17L8,26.73,40
1670,FMCGIETF,INF109KC19V3,66.15,40
1671,GOLDCASE,INF0R8F01042,11.48,40
1672,GOLDETF,INF769K01JP9,70.91,40
1673,GOLDETFADD,INF740KA1SW3,70.91,40
1674,GOLDSHARE,INF789F1AUX7,61,40
1675,HDFCBSE500,INF179KC1EZ4,37.66,40
1676,HDFCGROWTH,INF179KC1DJ0,128.06,40
1677,HDFCLOWVOL,INF179KC1HU8,20.8,40
1678,HDFCMID150,INF179KC1HT0,21.93,40
1679,HDFCMOMENT,INF179KC1HV6,36.88,40
1680,HDFCNEXT50,INF179KC1HS2,75.61,40
1681,HDFCNIF100,INF179KC1HR4,26.34,40
1682,HDFCNIFBAN,INF179KC1HY0,52.27,40
1683,HDFCNIFIT,INF179KC1IA8,42.79,40
1684,HDFCNIFTY,INF179KC1965,276.27,40
1685,HDFCPSUBK,INF179KC1HW4,70.44,40
1686,HDFCPVTBAN,INF179KC1HZ7,26,40
1687,HDFCQUAL,INF179KC1DL6,61.8,40
1688,HDFCSENSEX,INF179KC1HX2,90.81,40
1689,HDFCVALUE,INF179KC1DK8,146.69,40
1690,HEALTHIETF,INF109KC1Q72,144.61,40
1691,HEALTHY,INF209KB10C2,14.51,40
1692,IDFNIFTYET,INF194KA1U07,270.12,40
1693,INFRABEES,INF732E01268,965.15,40
1694,INFRAIETF,INF109KC16E5,95.64,40
1695,IT,INF174KA1GC5,44.31,40
1696,ITETF,INF769K01KV5,42.44,40
1697,ITETFADD,INF740KA1SX1,42.44,40
1698,ITIETF,INF109KC16I6,44.61,40
1699,IVZINGOLD,INF205K01361,6338.7,40
1700,LICMFGOLD,INF397L01554,6530.7,40
1701,LICNETFN50,INF767K01OS7,273.91,40
1702,LOWVOL,INF769K01JU9,207.77,40
1703,LOWVOL1,INF174KA1IY5,21.13,40
1704,LOWVOLIETF,INF109KC19U5,22.39,40
1705,MAFANG,INF769K01HF4,94.4,40
1706,MAHKTECH,INF769K01HS7,13.87,40
1707,MAKEINDIA,INF769K01IB1,153.08,40
1708,MASPTOP50,INF769K01HP3,43.17,40
1709,MIDCAP,INF174KA1IB3,168.07,40
1710,MIDCAPIETF,INF109KC11W8,22.4,40
1711,MIDQ50ADD,INF740KA1QL0,258.84,40
1712,MIDSELIETF,INF109KC10W0,18.62,40
1713,MIDSMALL,INF769K01LJ8,54.9,40
1714,MNC,INF174KA1JF2,31.76,40
1715,MOHEALTH,INF247L01BB1,42.76,40
1716,MOLOWVOL,INF247L01BL0,39.26,40
1717,MOM100,INF247L01023,63.39,40
1718,MOM30IETF,INF109KC17C7,37.42,40
1719,MOM50,INF247L01536,256.53,40
1720,MOMENTUM,INF209KB14K7,37.08,40
1721,MOMOMENTUM,INF247L01BK2,74.23,40
1722,MONIFTY500,INF247L01BU1,23.73,40
1723,MONQ50,INF247L01AU3,62.64,40
1724,MOQUALITY,INF247L01BH8,216.66,40
1725,MOREALTY,INF247L01CI4,104.09,40
1726,MOSMALL250,INF247L01CH6,18.28,40
1727,MOVALUE,INF247L01BE5,110.55,40
1728,NETF,INF277K015R5,267,40
1729,NEXT50,INF769K01FN2,761.67,40
1730,NEXT50IETF,INF109KC1NS5,77.91,40
1731,NIF100BEES,INF204K014N5,273.3,40
1732,NIF100IETF,INF109KC16V9,28.82,40
1733,NIFMID150,INF789F1AYX9,219.01,40
1734,NIFTY1,INF174K014P6,271.29,40
1735,NIFTY50ADD,INF740KA1CL0,258.24,40
1736,NIFTYBETF,INF0QA701722,252,40
1737,NIFTYETF,INF769K01EG9,266.54,40
1738,NIFTYQLITY,INF209KB15K4,23.15,40
1739,NPBET,INF277K010X4,263.06,40
1740,NV20,INF174K01Z71,161.45,40
1741,NV20BEES,INF204KB18I3,162.99,40
1742,NV20IETF,INF109KC11V0,15.9,40
1743,PSUBANK,INF373I01023,699.34,40
1744,PSUBANKADD,INF740KA1SY9,70.14,40
1745,PSUBNKIETF,INF109KC10S8,70.68,40
1746,PVTBANIETF,INF109KC18U7,25.72,40
1747,PVTBANKADD,INF740KA1TA7,25.86,40
1748,QGOLDHALF,INF082J01408,60.27,40
1749,QNIFTY,INF082J01028,2700.06,40
1750,QUAL30IETF,INF109KC18V5,22.91,40
1751,SBIETFCON,INF200KA1X17,122.66,40
1752,SBIETFIT,INF200KA1S14,445.33,40
1753,SBIETFPB,INF200KA1S22,261.12,40
1754,SBIETFQLTY,INF200KA1WX6,241.32,40
1755,SDL24BEES,INF204KB18W4,123.77,40
1756,SDL26BEES,INF204KC1022,123.75,40
1757,SENSEXADD,INF740KA1SZ6,82.35,40
1758,SENSEXETF,INF769K01KT9,82.61,40
1759,SENSEXIETF,INF346A01034,919.82,40
1760,SETFNIFBK,INF200KA1580,521.45,40
1761,SETFNN50,INF200KA1598,789.45,40
1762,SHARIABEES,INF732E01128,589.46,40
1763,SILVER1,INF174KA1KU9,84.98,40
1764,SILVERADD,INF740KA1RE3,84.1,40
1765,SILVERETF,INF789F1AYK6,84.76,40
1766,SILVRETF,INF769K01KG6,85.39,40
1767,SMALLCAP,INF769K01LC3,53.78,40
1768,TATAGOLD,INF277KA1976,7.1,40
1769,TATSILV,INF277KA1984,8.49,40
1770,TECH,INF209KB11D8,43.46,40
1771,TNIDETF,INF277KA1364,96.9,40
1772,UTIBANKETF,INF789F1AUV1,52.5,40
1773,UTINEXT50,INF789F1AUW9,79.66,40
1774,UTINIFTETF,INF789F1AZC0,271.39,40
1775,UTISENSETF,INF789FB1X58,888.71,40
1776,UTISXN50,INF789F1AUU3,91.45,40
1777,GSEC10IETF,INF109KC18O0,237,40
1778,GSEC5IETF,INF109KC14A8,57.91,40
1779,LICNETFGSC,INF767K01MV5,26.12,40
1780,MOGSEC,INF247L01AK4,57.19,40
1781,ADVENZYMES,INE837H01020,471.3,40
1782,AEROFLEX,INE024001021,177.01,40
1783,CHEMPLASTS,INE488A01050,506.15,40
1784,COCHINSHIP,INE704P01025,2059.75,40
1785,FACT,INE188A01015,984.8,40
1786,GLS,INE03Q201024,1017.85,40
1787,GMBREW,INE075D01018,842.55,40
1788,GRSE,INE382Z01011,1777.75,40
1789,IIFLSEC,INE489L01022,281.36,40
1790,LIKHITHA,INE060901027,430.15,40
1791,NDTV,INE155G01029,204.56,40
1792,RAYMOND,INE301A01014,2006.3,40
1793,REDTAPE,INE0LXT01019,689.2,40
1794,AXISBPSETF,INF846K01Z04,11.97,40
1795,HNGSNGBEES,INF204KB19I1,290.15,40
1796,LIQUIDBETF,INF0QA701854,1000,40
