SYMBOL,SERIES,SECURITY,HIGH/LOW,INDEX FLAG
21STCENMGM,BE,21ST CENTURY MGMT SERVICE,H
789MH32,SG,SDL MH 7.89% 2032,H
AAKASH,EQ,AAKASH EXPLORATION SER L,H
ABMINTLLTD,BE,ABM INTERNATIONAL LTD,H
AFIL,BE,AKME FINTRADE (INDIA) LTD,H
AGNI,SM,AGNI GREEN POWER LTD,H
AILIMITED,ST,ABHISHEK INTEGRATIONS LTD,H
AIMTRON,SM,AIMTRON ELECTRONICS LTD,H
AJOONI,EQ,AJOONI BIOTECH LIMITED,H
AKANKSHA,SM,AKANKSHA POWER N INFRA L,H
ALPEXSOLAR,SM,ALPEX SOLAR LIMITED,H
ALUWIND,SM,ALUWIND ARCHITECTURAL LTD,H
AMEYA,SM,AMEYA PRECISION ENG LTD,H
APS,SM,AUSTRALIAN PREM SOLAR I L,H
ARHAM,ST,ARHAM TECHNOLOGIES LTD,H
ARVEE,BE,ARVEE LABORATORIES I LTD,H
ASIANHOTNR,BE,ASIAN HOTELS (NORTH) LTD,H
ASMS,EQ,BARTRONICS INDIA LIMITED,H
ASTRON,BE,ASTRON PAPER BORD MIL LTD,H
ATMASTCO,SM,ATMASTCO LIMITED,H
AURIONPRO,EQ,AURIONPRO SOLN LTD,H
AVONMORE,BE,AVONMORE CAP&MGT SERV LTD,H
BAFNAPH,BE,BAFNA PHARMACEUTICALS LTD,H
BANKA,BE,BANKA BIOLOO LIMITED,H
BIL,BE,BHARTIYA INETRNATIONAL LT,H
BLUECHIP,BE,BLUE CHIP INDIA LIMITED,H
BRNL,BE,BHARAT ROAD NETWORK LTD,H
BURNPUR,BE,BURNPUR CEMENT LTD.,H
CADSYS,ST,CADSYS (INDIA) LIMITED,H
CALSOFT,BE,CALIFORNIA SOFTWARE CO LT,H
CCHHL,EQ,COUNTRY CLUB HOSP HOL LTD,H
CELLECOR,SM,CELLECOR GADGETS LIMITED,H
CGRAPHICS,SM,CREATIVE GRAPHICS S IND L,H
CLOUD,SM,VARANIUM CLOUD LIMITED,H
CMMIPL,ST,CMM INFRAPROJECTS LIMITED,H
CORDSCABLE,BE,CORDS CABLE INDUS LTD.,H
CREATIVE,EQ,CREATIVE NEWTECH LIMITED,H
DCG,SM,DCG CABLES & WIRES LTD,H
DCI,BE,DC INFOTECH AND COMUN LTD,H
DELAPLEX,SM,DELAPLEX LIMITED,H
DESTINY,ST,DESTINY LOGISTICS & I LTD,H
DGCONTENT,BE,DIGICONTENT LIMITED,H
DHRUV,BE,DHRUV CONSULTANCY SER LTD,H
DIAMINESQ,EQ,DIAMINES & CHEMICALS LTD,H
DIGIKORE,SM,DIGIKORE STUDIOS LIMITED,H
DLINKINDIA,EQ,D-LINK INDIA LTD,H
DNAMEDIA,EQ,DILIGENT MEDIA CORP LTD.,H
DREDGECORP,EQ,DREDGING CORP OF INDIA,H
DRONE,SM,DRONE DESTINATION LIMITED,H
DTL,ST,DIENSTEN TECH LIMITED,H
DYNAMIC,SM,DYNAMIC SRVCS & SEC LTD,H
ENFUSE,SM,ENFUSE SOLUTIONS LIMITED,H
ENSER,SM,ENSER COMMUNICATIONS LTD,H
EQUIPPP,BE,EQUIPPP SOC IMP TECH LTD,H
ESCONET,SM,ESCONET TECHNOLOGIES LTD,H
FEL,BZ,FUTURE ENTERPRISES LTD,H
FELIX,SM,FELIX INDUSTRIES LTD.,H
FLFL,BZ,FUT LIFESTYLE FASH LTD,H
FMNL,EQ,FUTURE MKT NETWORKS LTD,H
FROG,SM,FROG CELLSAT LIMITED,H
GAYAPROJ,BZ,GAYATRI PROJECTS LTD,H
GENUSPOWER,EQ,GENUS POWER INFRASTRU LTD,H
GICL,SM,GLOBE INTL CARRIERS LTD,H
GIRIRAJ,ST,GIRIRAJ CIVIL DEVP LTD,H
GKWLIMITED,BE,GKW LIMITED,H
GLFL,BE,GUJARAT LEASE FINANCING L,H
GMRP&UI,EQ,GMR POW AND URBAN INFRA L,H
GODHA,EQ,GODHA CABCON INSULAT LTD,H
GOENKA,BZ,GOENKA DIAMOND&JEWELS LTD,H
GOLDENTOBC,BZ,GOLDEN TOBACCO LIMITED,H
GPECO,ST,GP ECO SOLUTIONS INDIA L,H
GRCL,SM,GAYATRI RUBB AND CHEM LTD,H
GTECJAINX,BE,G-TEC JAINX EDUCATION LTD,H
GTLINFRA,EQ,GTL INFRA.LTD,H
HAVISHA,EQ,SRI HAVISHA HOSP & INFR L,H
HPIL,EQ,HINDPRAKASH INDUSTRY LTD,H
ICDSLTD,BE,ICDSLTD,H
IITL,EQ,INDUSTRIAL INV TRUST LTD,H
IL&FSENGG,BZ,IL&FS ENG AND CONS CO LTD,H
IL&FSTRANS,BZ,IL&FS TRANS NET LTD,H
INDOTECH,BE,INDO TECH TRANSFORM LTD.,H
INDOWIND,EQ,INDOWIND ENERGY LTD,H
INFOLLION,SM,INFOLLION RESEARCH SER L,H
JAINAM,SM,JAINAM FER ALLOYS (I) LTD,H
JAIPURKURT,BE,NANDANI CREATION LIMITED,H
K2INFRA,SM,K2 INFRAGEN LIMITED,H
KALYANIFRG,BE,KALYANI FORGE LIMITED,H
KARMAENG,EQ,KARMA ENERGY LIMITED,H
KBCGLOBAL,EQ,KBC GLOBAL LIMITED,H
KCEIL,SM,KAY CEE ENERGY & INFRA L,H
KDL,SM,KORE DIGITAL LIMITED,H
KERNEX,EQ,KERNEX MICROSYS(I) LTD,H
KEYFINSERV,BE,KEYNOTE FIN SERV LTD.,H
KINGFA,EQ,KINGFA SCI & TEC IND LTD.,H
KNAGRI,SM,KN AGRI RESOURCES LIMITED,H
KODYTECH,SM,KODY TECHNOLAB LIMITED,H
KONSTELEC,SM,KONSTELEC ENGINEERS LTD,H
KORE,SM,JAY JALARAM TECHNO LTD,H
KRISHCA,SM,KRISHCA STRAPPING SLTN L,H
KRISHIVAL,SM,KRISHIVAL FOODS LIMITED,H
KRITIKA,EQ,KRITIKA WIRES LIMITED,H
KSHITIJPOL,BE,KSHITIJ POLYLINE LIMITED,H
LANCORHOL,EQ,LANCOR HOLDINGS LIMITED,H
LATTEYS,BE,LATTEYS INDUSTRIES LTD,H
LLOYDS,SM,LLOYDS LUXURIES LIMITED,H
LRRPL,SM,LEAD REC AND RUB PROD LTD,H
MADHUCON,BE,MADHUCON PROJECTS LTD.,H
MALUPAPER,BE,MALU PAPER MILLS LIMITED,H
MARINE,EQ,MARINE ELECTRICAL (I) LTD,H
MASKINVEST,EQ,MASK INVESTMENTS LIMITED,H
MASON,ST,MASON INFRATECH LIMITED,H
MAXIND,EQ,MAX INDIA LIMITED,H
MCON,SM,MCON RASAYAN INDIA LTD,H
MICEL,EQ,MIC ELECTRONICS LTD,H
MODTHREAD,BE,MODERN THREADS INDIA LTD,H
MOHITIND,BE,MOHIT INDUSTRIES LTD,H
MOTOGENFIN,EQ,MOTOR & GENERAL FINANCE L,H
MSPL,EQ,MSP STEEL & POWER LTD.,H
MVKAGRO,SM,M.V.K. AGRO FOOD PROD LTD,H
NAGREEKCAP,BE,NAGREEKA CAP & INFR.LTD,H
NARMADA,BE,NARMADA AGROBASE LIMITED,H
NIRMAN,SM,NIRMAN AGRI GENTICS LTD,H
NKIND,EQ,NK INDUSTRIES LTD,H
OMAXE,EQ,OMAXE LIMITED,H
ONDOOR,SM,ON DOOR CONCEPTS LIMITED,H
ONEPOINT,EQ,ONE POINT ONE SOL LTD,H
PARACABLES,BE,PARAMOUNT COMM LTD,H
PCCL,ST,PETRO CARBON AND CHEMI L,H
PHANTOMFX,SM,PHANTOM DIGITAL EFF LTD,H
PRAMARA,SM,PRAMARA PROMOTIONS LTD,H
PRATHAM,SM,PRATHAM EPC PROJECTS LTD,H
PRLIND,SM,PREMIER ROADLINES LIMITED,H
PURVA,BE,PURAVANKARA LIMITED,H
PVP,EQ,PVP VENTURES LIMITED,H
QUESTLAB,SM,QUEST LABORATORIES LTD,H
RADAAN,BE,RADAAN MEDIAWORKS (I) LTD,H
REFRACTORY,SM,REFRACTORY SHAPES LIMITED,H
RELIABLE,SM,RELIABLE DATA SERVICE LTD,H
RILINFRA,SM,RACHANA INFRA LTD,H
RSSOFTWARE,BE,R. S. SOFTWARE (INDIA) LI,H
SAAKSHI,SM,SAAKSHI MEDTEC N PANELS L,H
SADBHAV,BE,SADBHAV ENGINEERING LTD,H
SAHANA,SM,SAHANA SYSTEM LIMITED,H
SALSTEEL,BE,S.A.L. STEEL LTD.,H
SAMPANN,BE,SAMPANN UTPADAN INDIA LTD,H
SARTELE,SM,SAR TELEVENTURE LIMITED,H
SARVESHWAR,EQ,SARVESHWAR FOODS LIMITED,H
SECL,SM,SALASAR EXTERIOR CONT LTD,H
SECURKLOUD,BE,SECUREKLOUD TECH LIMITED,H
SETCO,BE,SETCO AUTOMOTIVE LTD,H
SHAKTIPUMP,BE,SHAKTI PUMPS (I) LTD,H
SHIGAN,SM,SHIGAN QUANTUM TECH LTD,H
SHRADHA,BE,SHRADHA INFRAPROJECTS LTD,H
SHRENIK,EQ,SHRENIK LIMITED,H
SIGNORIA,SM,SIGNORIA CREATION LIMITED,H
SIMPLEXINF,BE,SIMPLEX INFRASTRUCTURES L,H
SINDHUTRAD,EQ,SINDHU TRADE LINKS LTD,H
SITINET,BE,SITI NETWORKS LIMITED,H
SJLOGISTIC,SM,S J LOGISTICS (INDIA) LTD,H
SMARTLINK,BE,SMARTLINK HOLDINGS LTD,H
SMVD,ST,SMVD POLY PACK LIMITED,H
SOLARAPP,E1,SOLAR ACT RS.3.50 PPD UP,H
SONAMAC,SM,SONA MACHINERY LIMITED,H
SONUINFRA,SM,SONU INFRATECH LIMITED,H
SPCL,ST,SHIVALIC POWER CONTROL L,H
SPECTRUM,SM,SPECTRUM ELECTRIC IND LTD,H
SPMLINFRA,EQ,SPML INFRA LIMITED,H
SRGHFL,EQ,SRG HOUSING FINANCE L,H
SRPL,BE,SHREE RAM PROTEINS LTD.,H
STCINDIA,EQ,THE STATE TRADING CORPN,H
SUMEETINDS,BE,SUMEET IND LIMITED,H
SUMIT,BE,SUMIT WOODS LIMITED,H
SUPREMEINF,BZ,SUPREME INFRA. LTD,H
SURANAT&P,EQ,SURANA TELECOM AND POW LT,H
SVPGLOB,EQ,SVP GLOBAL TEXTILES LTD,H
SWSOLAR,EQ,STRLNG & WIL REN ENE LTD,H
TAC,SM,TAC INFOSEC LIMITED,H
TARACHAND,BE,TARA CHAND INFRA SOLN LTD,H
TBI,SM,TBI CORN LIMITED,H
TCL,SM,THAAI CASTING LIMITED,H
TECHLABS,SM,TRIDENT TECHLABS LIMITED,H
TGL,SM,TEERTH GOPICON LIMITED,H
THEINVEST,EQ,THE INVEST TRUST OF IND L,H
TIMESCAN,SM,TIMESCAN LOGISTICS IND L,H
TIRUPATIFL,BE,TIRUPATI FORGE LIMITED,H
TPHQ,EQ,TEAMO PRODUCTIONS HQ LTD,H
TRUST,SM,TRUST FINTECH LIMITED,H
UMESLTD,EQ,USHA MARTIN EDU & SOL LTD,H
USASEEDS,SM,UPSURGE SEEDS OF AGRI LTD,H
V2RETAIL,BE,V2 RETAIL LIMITED,H
VASA,SM,VASA RETAIL & OVERSEA LTD,H
VERTEXPLUS,ST,VERTEXPLUS TECHNOLOGIES L,H
VIPULLTD,EQ,VIPUL LIMITED,H
VISHNUINFR,SM,VISHNUSURYA PROJ N INFR L,H
VITAL,SM,VITAL CHEMTECH LIMITED,H
VIVIANA,SM,VIVIANA POWER TECH LTD,H
VIVIDHA,BE,VISAGAR POLYTEX LTD,H
VMARCIND,SM,V MARC INDIA LIMITED,H
VRAJ,BE,VRAJ IRON AND STEEL LTD,H
WALCHANNAG,EQ,WALCHANDNAGAR INDUSTRIES,H
WALPAR,SM,WALPAR NUTRITIONS LIMITED,H
WANBURY,EQ,WANBURY LIMITED,H
WEBELSOLAR,BE,WEBSOL ENERGY SYSTEM LTD,H
WINDMACHIN,EQ,WINDSOR MACHINES LIMITED,H
WINNY,ST,WINNY IMMIGRA & EDU SER L,H
WINSOME,BE,WINSOME YARNS LIMITED,H
WOMANCART,SM,WOMANCART LIMITED,H
YAARI,BE,YAARI DIGI INT SER LTD,H
YASHOPTICS,SM,YASH OPTICS & LENS LTD,H
ZENITHSTL,EQ,ZENITH STEEL PIP IND LTD,H
ZENTEC,EQ,ZEN TECHNOLOGIES LIMITED,H
ZODIACLOTH,BE,ZODIAC CLOTHING CO LTD,H
ZTECH,SM,Z-TECH (INDIA) LIMITED,H
ABCOTS,SM,A B COTSPIN INDIA LIMITED,L
ACCURACY,BE,ACCURACY SHIPPING LIMITED,L
AFIL,BE,AKME FINTRADE (INDIA) LTD,L
AISL,ST,ANI INTEGRATED SERV LTD.,L
AKIKO,ST,AKIKO GLOBAL SERVICES L,L
AMBANIORG,SM,AMBANI ORGANICS LIMITED,L
ASHIMASYN,EQ,ASHIMA LTD,L
BINANIIND,BE,BINANI INDUSTRIES LTD,L
BTML,BE,BODHI TREE MULTIMEDIA LTD,L
BURNPUR,BE,BURNPUR CEMENT LTD.,L
CONTI,SM,CONTINENTAL SEED CHEM LTD,L
DPEL,ST,DIVINE POWER ENERGY LTD,L
DURLAX,ST,DURLAX TOP SURFACE LTD,L
E2E,BE,E2E NETWORKS LIMITED,L
FALCONTECH,ST,FALCON TECHNOPROJ IND LTD,L
FELDVR,BE,FUTURE ENTERPRISES LTD,L
FSC,BZ,FUTURE SUPP CHAIN SOL LTD,L
GILLANDERS,EQ,GILLANDERS ARBUTHNOT LTD,L
HEXATRADEX,EQ,HEXA TRADEX LIMITED,L
ICDSLTD,BE,ICDSLTD,L
ISHAN,SM,ISHAN INTERNATIONAL LTD,L
JPASSOCIAT,BE,JAIPRAKASH ASSOCIATES LTD,L
KDL,SM,KORE DIGITAL LIMITED,L
KRISHNADEF,SM,KRISHNA DEF AND ALD IND L,L
KSHITI-RE,BE,KSHITIJ POLYLINE LIMITED,L
MAKS,SM,MAKS ENERGY SOL INDIA LTD,L
MBECL,BE,MCNALLY BH. ENG. CO.LTD,L
MCON,SM,MCON RASAYAN INDIA LTD,L
MEDIORG,ST,MEDICAMEN ORGANICS LTD,L
MILTON,SM,MILTON INDUSTRIES LIMITED,L
NAGREEKCAP,BE,NAGREEKA CAP & INFR.LTD,L
NARMADA,BE,NARMADA AGROBASE LIMITED,L
NOIDATOLL,BE,NOIDA TOLL BRIDGE CO LTD,L
PARIN,SM,PARIN FURNITURE LIMITED,L
PERFECT,SM,PERFECT INFRAENGINEER LTD,L
PKTEA,BE,THE P K TEA PROD CO LTD,L
PRUDMOULI,EQ,PRUDENTIAL SUGAR CORPORAT,L
RAJRILTD,BE,RAJ RAYON INDUSTRIES LTD,L
RETAIL,BE,JHS SVENDGAARD RETAIL V L,L
SABEVENTS,BE,SAB EVENTS & GOVERNANCE,L
SADBHAV,BE,SADBHAV ENGINEERING LTD,L
SAMBHAAV,EQ,SAMBHAAV MEDIA LTD,L
SECL,SM,SALASAR EXTERIOR CONT LTD,L
SHEETAL,ST,SHEETAL UNIVERSAL LIMITED,L
SOLARA,EQ,SOLARA ACTIVE PHA SCI LTD,L
SPRL,ST,SP REFRACTORIES LIMITED,L
SWARAJ,SM,SWARAJ SUITING LIMITED,L
TECILCHEM,BE,TECIL CHEMICALS,L
TRIDHYA,SM,TRIDHYA TECH LIMITED,L
USK,BE,UDAYSHIVAKUMAR INFRA LTD,L
VERTOZ,BE,VERTOZ ADVERTISING LTD,L
VIAZ,SM,VIAZ TYRES LIMITED,L
VISAMAN,ST,VISAMAN GLOBAL SALES LTD,L
WINSOME,BE,WINSOME YARNS LIMITED,L
