GAIN_LOSS,SECURITY,CLOSE_PRIC,PREV_CL_PR,PERCENT_CG
 ,Nifty 50 Sec., , , 
 , , , , 
G,TATA CONSUMER PRODUCT LTD,      1146.35,      1105.00,3.74
G,ADANI PORT & SEZ LTD,      1510.65,      1474.85,2.43
G,KOTAK MAHINDRA BANK LTD,      1810.70,      1769.60,2.32
G,HDFC BANK LTD,      1768.65,      1730.60,2.2
G,AXIS BANK LIMITED,      1280.00,      1253.40,2.12
G,INDUSIND BANK LIMITED,      1455.50,      1429.45,1.82
G,STATE BANK OF INDIA,       839.95,       826.15,1.67
G,APOLLO HOSPITALS ENTER. L,      6192.70,      6097.60,1.56
G,EICHER MOTORS LTD,      4692.30,      4625.75,1.44
G,POWER GRID CORP. LTD.,       335.15,       330.80,1.31
G,BAJAJ FINANCE LIMITED,      7258.80,      7165.60,1.3
G,JSW STEEL LIMITED,       950.40,       938.25,1.29
G,COAL INDIA LTD,       484.95,       479.10,1.22
G,ADANI ENTERPRISES LIMITED,      3190.95,      3153.20,1.2
G,HDFC LIFE INS CO LTD,       596.15,       589.80,1.08
G,TATA STEEL LIMITED,       176.37,       174.54,1.05
G,HINDUSTAN UNILEVER LTD.,      2510.35,      2485.15,1.01
G,ICICI BANK LTD.,      1201.60,      1190.60,.92
G,BAJAJ FINSERV LTD.,      1594.15,      1579.75,.91
G,SHRIRAM FINANCE LIMITED,      2850.45,      2824.90,.9
G,BRITANNIA INDUSTRIES LTD,      5449.10,      5401.65,.88
G,DR. REDDY S LABORATORIES,      6425.90,      6370.25,.87
G,BHARAT PETROLEUM CORP  LT,       306.60,       304.40,.72
G,MARUTI SUZUKI INDIA LTD.,     12123.65,     12042.60,.67
G,ITC LTD,       428.30,       425.50,.66
G,SUN PHARMACEUTICAL IND L,      1533.95,      1524.05,.65
G,NTPC LTD,       372.65,       370.40,.61
G,TECH MAHINDRA LIMITED,      1479.80,      1472.15,.52
G,MAHINDRA & MAHINDRA LTD,      2877.95,      2865.15,.45
G,INFOSYS LIMITED,      1627.40,      1621.05,.39
 , , , , 
L,TATA CONSULTANCY SERV LT,      3965.25,      4017.40,-1.3
L,TITAN COMPANY LIMITED,      3360.25,      3399.65,-1.16
L,RELIANCE INDUSTRIES LTD,      3104.85,      3130.35,-0.81
L,TATA MOTORS LIMITED,       975.65,       981.30,-0.58
L,HINDALCO  INDUSTRIES  LTD,       691.65,       694.75,-0.45
L,LARSEN & TOUBRO LTD.,      3614.35,      3626.50,-0.34
L,CIPLA LTD,      1483.75,      1488.65,-0.33
L,DIVI S LABORATORIES LTD,      4559.15,      4571.45,-0.27
L,LTIMINDTREE LIMITED,      5466.40,      5474.00,-0.14
L,OIL AND NATURAL GAS CORP.,       274.70,       274.85,-0.05
L,GRASIM INDUSTRIES LTD,      2742.35,      2742.95,-0.02
L,ASIAN PAINTS LIMITED,      2925.55,      2925.60,0
 , , , , 
 ,Nifty Next 50 Sec., , , 
 , , , , 
G,POWER FIN CORP LTD.,       531.05,       502.65,5.65
G,BAJAJ HOLDINGS & INVS LTD,      9296.75,      8896.45,4.5
G,REC LIMITED,       562.30,       539.20,4.28
G,HAVELLS INDIA LIMITED,      1878.90,      1814.70,3.54
G,BHARAT ELECTRONICS LTD,       314.50,       306.10,2.74
G,INDIAN RAILWAY FIN CORP L,       176.48,       171.97,2.62
G,ICICI LOMBARD GIC LIMITED,      1853.25,      1807.80,2.51
G,CHOLAMANDALAM IN & FIN CO,      1435.30,      1400.25,2.5
G,VARUN BEVERAGES LIMITED,      1613.45,      1577.15,2.3
G,ICICI PRU LIFE INS CO LTD,       634.40,       620.35,2.26
G,HINDUSTAN AERONAUTICS LTD,      5459.30,      5344.05,2.16
G,ZYDUS LIFESCIENCES LTD,      1095.25,      1074.60,1.92
G,VEDANTA LIMITED,       463.90,       457.85,1.32
G,DLF LIMITED,       841.15,       830.40,1.29
G,SAMVRDHNA MTHRSN INTL LTD,       205.58,       202.96,1.29
G,ABB INDIA LIMITED,      8617.85,      8514.20,1.22
G,DABUR INDIA LTD,       609.70,       602.80,1.14
G,BANK OF BARODA,       267.85,       265.00,1.08
G,ADANI ENERGY SOLUTION LTD,      1035.20,      1024.75,1.02
G,INFO EDGE (I) LTD,      6811.60,      6746.60,0.96
G,PIDILITE INDUSTRIES LTD,      3111.95,      3085.15,0.87
G,PUNJAB NATIONAL BANK,       121.64,       120.63,0.84
G,MARICO LIMITED,       607.50,       603.15,0.72
G,INTERGLOBE AVIATION LTD,      4279.00,      4249.10,0.7
G,CANARA BANK,       117.05,       116.25,0.69
G,ADANI POWER LTD,       715.25,       710.60,0.65
G,TORRENT PHARMACEUTICALS L,      2837.50,      2819.65,0.63
G,INDIAN OIL CORP LTD,       169.31,       168.30,0.6
G,SBI CARDS & PAY SER LTD,       715.25,       711.15,0.58
G,BERGER PAINTS (I) LTD,       510.70,       508.15,0.5
 , , , , 
L,SHREE CEMENT LIMITED,     27383.90,     27697.75,-1.13
L,TVS MOTOR COMPANY  LTD,      2314.60,      2338.35,-1.02
L,TRENT LTD,      5494.10,      5535.90,-0.76
L,GAIL (INDIA) LTD,       220.14,       221.67,-0.69
L,SRF LTD,      2381.50,      2393.70,-0.51
L,ZOMATO LIMITED,       208.44,       209.09,-0.31
L,BOSCH LIMITED,     34546.45,     34644.80,-0.28
L,INDIAN RAIL TOUR CORP LTD,      1004.25,      1006.60,-0.23
L,GODREJ CONSUMER PRODUCTS,      1368.00,      1371.15,-0.23
 , , , , 
 ,OTHER SECURITIES, , , 
 , , , , 
G,AKANKSHA POWER N INFRA L,       163.50,       136.25,20
G,UPSURGE SEEDS OF AGRI LTD,       326.70,       272.25,20
G,JAY JALARAM TECHNO LTD,       695.40,       579.50,20
G,KINGFA SCI & TEC IND LTD.,      2604.50,      2170.45,20
G,DIGIKORE STUDIOS LIMITED,       512.25,       426.90,19.99
G,ENFUSE SOLUTIONS LIMITED,       195.40,       162.85,19.99
G,COUNTRY CLUB HOSP HOL LTD,        24.64,        20.54,19.96
G,M.V.K. AGRO FOOD PROD LTD,        52.95,        44.15,19.93
G,YASH OPTICS & LENS LTD,       113.55,        94.70,19.9
G,SIGNORIA CREATION LIMITED,       164.00,       137.00,19.71
G,SRG HOUSING FINANCE L,       393.80,       329.65,19.46
G,PHANTOM DIGITAL EFF LTD,       466.80,       391.45,19.25
G,VITAL CHEMTECH LIMITED,        97.05,        81.55,19.01
G,DELAPLEX LIMITED,       268.55,       226.00,18.83
G,THE STATE TRADING CORPN,       181.20,       153.69,17.9
G,D-LINK INDIA LTD,       559.65,       476.55,17.44
G,NEWJAISA TECHNOLOGIES LTD,       126.20,       108.10,16.74
G,SHIVALIK RASAYAN LIMITED,       756.50,       648.40,16.67
G,G M BREWERIES LTD,       928.00,       796.40,16.52
G,CREATIVE NEWTECH LIMITED,       866.95,       744.65,16.42
G,NAMAN IN-STORE (INDIA) L,       114.80,        98.70,16.31
G,BOMBAY SUPER HYBRID SEEDS,       217.96,       190.46,14.44
G,PARAGON FINE S.C. LTD.,       156.30,       136.95,14.13
G,V R INFRASPACE LIMITED,       179.95,       158.00,13.89
G,CASTROL INDIA LIMITED,       243.17,       214.18,13.54
G,FONEBOX RETAIL LIMITED,       198.40,       174.90,13.44
G,DIAMINES & CHEMICALS LTD,       655.00,       577.85,13.35
G,INFOLLION RESEARCH SER L,       313.15,       276.40,13.3
G,PURV FLEXIPACK LIMITED,       184.65,       163.00,13.28
G,MARCO CABLE & CONDUCTOR L,        56.15,        49.60,13.21
 , , , , 
L,TAX FREE  7.35% SR. 108,      1045.10,      1265.00,-17.38
L,SEC RE NCD 10.75% SR XI,       980.00,      1170.00,-16.24
L,SAKUMA EXPORTS LIMITED,        31.12,        35.09,-11.31
L,SEC RED NCD 9.70% SR. V,      1085.00,      1184.86,-8.43
L,TRIDHYA TECH LIMITED,        30.40,        32.95,-7.74
L,SEC RE NCD 11.02% SR.V,      1000.00,      1081.00,-7.49
L,SHREYANS INDUSTRIES LTD,       275.00,       294.25,-6.54
L,CHOLAMANDALAM FIN HOL LTD,      1467.15,      1561.30,-6.03
L,VERANDA LEARNING SOL LTD,       249.32,       265.27,-6.01
L,SEC RE NCD SR. VI,      1110.00,      1180.00,-5.93
L,GRP LIMITED,     14916.05,     15816.25,-5.69
L,SEC RE NCD SR.VI,      1029.00,      1090.00,-5.6
L,NACL INDUSTRIES LIMITED,        70.34,        74.49,-5.57
L,UNSECURED NCD,      2050.00,      2169.00,-5.49
L,SEC RE NCD 7.80% SR V,      1013.00,      1070.00,-5.33
L,JK PAPER LIMITED,       600.85,       633.75,-5.19
L,LIBERTY SHOES LTD,       407.40,       428.95,-5.02
L,A B COTSPIN INDIA LIMITED,       258.25,       271.85,-5
L,VISAMAN GLOBAL SALES LTD,        42.75,        45.00,-5
L,ASHIMA LTD,        46.93,        49.40,-5
L,SP REFRACTORIES LIMITED,       274.85,       289.30,-4.99
L,DIVINE POWER ENERGY LTD,       144.70,       152.30,-4.99
L,FALCON TECHNOPROJ IND LTD,        76.20,        80.20,-4.99
L,AKIKO GLOBAL SERVICES L,        88.70,        93.35,-4.98
L,HEXA TRADEX LIMITED,       175.27,       184.40,-4.95
L,GILLANDERS ARBUTHNOT LTD,        99.83,       105.00,-4.92
L,KRISHNA DEF AND ALD IND L,       940.40,       988.80,-4.89
L,MEDICAMEN ORGANICS LTD,       138.75,       145.80,-4.84
L,RAJNANDINI METAL LIMITED,        12.02,        12.63,-4.83
L,MAKS ENERGY SOL INDIA LTD,        65.35,        68.60,-4.74
