SECURITY,NEW,PREVIOUS,NEW_STATUS
21ST CENTURY MGMT SERVICE,70.64,69.26,H
KEC INTL. LIMITED,968.8,950,H
JKUMAR INFR.LTD.,936.8,925,H
BAJAJ HOLDINGS & INVS LTD,9349,9348.95,H
SCHNEIDER ELECTRIC INFRA,980,955.05,H
2.5%GOLDBONDS2028SR-III,7450,7445,H
2.50%GOLDBONDS2029SR-IV,7579.99,7519.98,H
PITTI ENGINEERING LIMITED,1108,1049.7,H
V2 RETAIL LIMITED,812.2,787,H
ICICI LOMBARD GIC LIMITED,1863.9,1848,H
FROG CELLSAT LIMITED,400.7,364.3,H
2.50%GOLDBONDS 2025SR-IX,7524,7400,H
NAGA DHUNSERI GROUP LTD,3650,2899,H
SAMPANN UTPADAN INDIA LTD,37.15,35.4,H
GALLANTT ISPAT LIMITED,384,382.55,H
DRONE DESTINATION LIMITED,410.25,390.75,H
WOMANCART LIMITED,219.9,217,H
ICICI PRUD SENSEX ETF,975,949,H
KORE DIGITAL LIMITED,1888.05,1798.15,H
MIRAEAMC - MAESGETF,41,40.86,H
SEC RE NCD 10.30% SR.VII,994,955,H
GOI TBILL 364D-24/04/25,94.55,94.2,H
SURAJ ESTATE DEVELOPERS L,589.95,537.1,H
ATMASTCO LIMITED,363.65,361.1,H
ABHISHEK INTEGRATIONS LTD,76.5,72.9,H
KALYANI INVEST CO LTD,6760.15,6645,H
COUNTRY CLUB HOSP HOL LTD,24.64,21.9,H
GANESHA ECOSPHERE LIMITED,1450,1448,H
2.50%GOLDBONDS2026SR-III,7533,7497,H
2.50%GOLDBONDS2028SR-VI,7615.24,7530,H
2.50%GOLDBONDS2029SR-XII,7520,7499,H
2.50%GOLDBONDS2031SR-I,7683.99,7669.69,H
VIVIANA POWER TECH LTD,995.2,975,H
RELCAPAMC-NETFSDL26,126.1,125.75,H
EDELAMC - EBBETF0425,1257.6,1254.35,H
EDELAMC - EBBETF0431,1263,1249.65,H
GARDEN REACH SHIP&ENG LTD,2478.4,2473.95,H
HDFC AMC LIMITED,4195.95,4186.95,H
CRAFTSMAN AUTOMATION LTD,5840,5791.2,H
HARSHA ENGINEERS INT LTD,609.9,595.8,H
ASK AUTOMOTIVE LIMITED,400.1,391.9,H
GOI TBILL 364D-21/11/24,97.33,97.31,H
DOMS INDUSTRIES LIMITED,2212,2179.9,H
ON DOOR CONCEPTS LIMITED,473.75,472.6,H
MADHUSUDAN MASALA LIMITED,194.65,179,H
K2 INFRAGEN LIMITED,324.35,319.9,H
SUPREME POWER EQUIPMENT L,420,383.95,H
ORIENTAL CARBN & CHEM LTD,225,219.95,H
FDC LIMITED,509.9,489.95,H
NALWA SONS INVESTMENT LTD,4775,4714.4,H
KIRLOSKAR BROTHERS LTD,2420,2379.95,H
NCC LIMITED,347.6,337.6,H
SOLAR INDUSTRIES (I) LTD,12539.25,11190,H
D-LINK INDIA LTD,571.85,505,H
EIH ASSOCIATED HOTELS LTD,992.45,963.95,H
SBI-ETF NIFTY BANK,540.5,539.56,H
2.5%GOLDBONDS2029SR-II,7500,7499,H
2.50%GOLDBONDS2028SR-VII,7500,7450,H
2.50%GOLDBONDS2029SR-X,7588.99,7510,H
TATAAML - TNIDETF,88.78,88.19,H
AXISAMC - AXISHCETF,128.4,127.67,H
AMBER ENTERPRISES (I) LTD,4665,4614.2,H
SJS ENTERPRISES LIMITED,865,842,H
MIC ELECTRONICS LTD,95.19,90.66,H
SHAKTI PUMPS (I) LTD,4242.25,4040.25,H
THEJO ENGINEERING LIMITED,3636,3540,H
ICICI PRUD NIFTY ETF,269.5,267.8,H
ICICIPRAMC - ICICI500,38.47,38.35,H
RATNAVEER PRECISION ENG L,174.36,171.15,H
MIRAEAMC - MAFSETF,24.54,24.29,H
MIRAEAMC - MAN50ETF,258.47,257.39,H
MASK INVESTMENTS LIMITED,97.7,96.7,H
9.90 % SRNCD SR VI,1054,1053,H
SEC RE NCD 8% SR I,1075,1046.5,H
SEC RE NCD 9.40% SR V,1002.3,990.8,H
GRINDWELL NORTON LIMITED,2931.3,2930,H
GULF OIL LUB. IND. LTD.,1328.45,1326.3,H
LICNAMC - LICNFNHGP,277.91,275.81,H
2.5%GOLDBONDS2029SR-I,7531,7490,H
2.50%GOLDBONDS2027SR-VI,7494.84,7478.9,H
PTC INDUSTRIES LIMITED,15299.9,15240,H
HITACHI ENERGY INDIA LTD,14382,13700,H
EDELAMC - EBBETF0430,1431.15,1429.65,H
ZENITH STEEL PIP IND LTD,14.02,13.36,H
NIRMAN AGRI GENTICS LTD,329.15,324.95,H
SANSERA ENGINEERING LTD,1365.45,1342.55,H
COCHIN SHIPYARD LIMITED,2463,2427.9,H
DCX SYSTEMS LIMITED,451.9,442.7,H
LICNAMC - LICNFESGP,884,878,H
SUMIT WOODS LIMITED,86.82,82.69,H
SUVEN PHARMACEUTICALS LTD,839.95,836.4,H
MALLCOM (INDIA) LIMITED,1343.6,1284,H
E FACTOR EXPERIENCES LTD,259,254.9,H
EPIGRAL LIMITED,1584,1532,H
ZODIAC ENERGY LIMITED,800.2,694.95,H
HAPPY FORGINGS LIMITED,1282,1270,H
INDIAN RENEWABLE ENERGY,225.88,214.8,H
GOI TBILL 91D-19/07/24,99.62,99.61,H
OM INFRA LIMITED,179.8,178,H
RULKA ELECTRICALS LIMITED,666.6,606,H
BASILIC FLY STUDIO LTD,594,532.1,H
TRIDENT TECHLABS LIMITED,938.55,920,H
ALPEX SOLAR LIMITED,1084.75,1054.7,H
ASPIRE & INNOVATIVE ADV L,128.5,123.5,H
DCG CABLES & WIRES LTD,165.95,150.9,H
BALU FORGE INDUSTRIES LTD,364,360,H
DR. REDDY S LABORATORIES,6525.8,6505.9,H
EIMCO ELECON (INDIA) LTD,2734,2619.35,H
TRENT LTD,5577.75,5568.55,H
AUTOMOTIVE STAMPINGS & AS,1094.55,1078.95,H
2.50%GOLDBONDS2027SR-V,7496.99,7425,H
TARC LIMITED,225.1,209.98,H
SBIAMC - SBIETFQLTY,226.85,225.46,H
CELLO WORLD LIMITED,970,963.8,H
SHEKHAWATI POLY-YARN LTD.,4.56,4.48,H
KOTAKMAMC - KOTAKIT,39.74,39.7,H
NEXUS SELECT TRUST,150.03,144.87,H
DIAMINES & CHEMICALS LTD,693.4,630,H
MIRAEAMC - MANXT50,736,735.41,H
SEC RE NCD 9.30% SR.I,1025.8,1024,H
2.50%GOLDBONDS2031SR-III,7651.95,7599.99,H
KAVVERI TEL. LTD.,22.86,22.42,H
NITIRAJ ENGINEERS LTD,267.8,262.55,H
BOND 8.37% TAX FREE S3A,12790,10666,H
SEC RED NCD 9% SR.V,1040,1038,H
Z-TECH (INDIA) LIMITED,259.35,247,H
SOLAR ACT RS.3.50 PPD UP,285.15,271.6,H
BANCO PRODUCTS (I) LTD,744.15,733.95,H
SASKEN TECHNOLOGIES LTD,1955.2,1899,H
TEXMACO INFRA & HOLDG LTD,144,143.7,H
UMANG DAIRIES LIMITED,122,120,H
ZEN TECHNOLOGIES LIMITED,1429.8,1317.3,H
SGB2.50%JUL2025SR-II17-18,7474.95,7442.9,H
NIPPON INDIA- NIMFXX,126,125.6,H
SHREE TIRUPATI BALAJEE,759.95,727,H
GLENMARK LIFE SCIENCE LTD,972,906,H
LCC INFOTECH LTD,4.11,4.03,H
KINGFA SCI & TEC IND LTD.,2604.5,2595,H
REGENCYCERAMICS-LTD,58.84,47.8,H
JAY JALARAM TECHNO LTD,695.4,689.95,H
KAYNES TECHNOLOGY IND LTD,4108,4098,H
SWARAJ SUITING LIMITED,316.5,313.75,H
INFOLLION RESEARCH SER L,331.65,291,H
MAZAGON DOCK SHIPBUIL LTD,4728.6,4584,H
GOI TBILL 364D-18/07/24,99.6,99.56,H
GOI TBILL 364D-15/05/25,94.19,94.08,H
MASON INFRATECH LIMITED,101.85,97,H
GLENMARK PHARMACEUTICALS,1292.8,1272.35,H
GODREJ PROPERTIES LTD,3345,3339.95,H
ORACLE FIN SERV SOFT LTD.,10448.7,10420,H
2.50%GOLDBONDS2029SR-IX,7593,7549.99,H
TATAAML - NPBET,274.54,274.4,H
INDUS TOWERS LIMITED,397.45,396.5,H
DHARMAJ CROP GUARD LTD,328.46,301.75,H
GARWARE HI-TECH FILMS LTD,2640,2559.9,H
ZOMATO LIMITED,213.95,209.84,H
NIP IND ETF ETF NV20,153.09,152.3,H
JTEKT INDIA LIMITED,225.7,223.9,H
VERTEXPLUS TECHNOLOGIES L,168,162.65,H
STYRENIX PERFORMANCE LTD,2308.35,2269,H
MCON RASAYAN INDIA LTD,232.75,221.7,H
DSPAMC - DSPNEWETF,313.96,312.72,H
ESCONET TECHNOLOGIES LTD,329.15,313.5,H
KRISHCA STRAPPING SLTN L,408.8,381.2,H
PURAVANKARA LIMITED,569.6,546.2,H
SEC RE NCD 9.39% SR.VIII,930.5,925,H
2.50%GOLDBONDS2032SR-IV,7990,7849.98,H
AUSTRALIAN PREM SOLAR I L,616.45,587.1,H
AKANKSHA POWER N INFRA L,163.5,147.95,H
V R INFRASPACE LIMITED,180,168.55,H
AADHAR HOUSING FINANCE L,445.95,432.45,H
PETRO CARBON AND CHEMI L,330.75,315,H
SHIVALIC POWER CONTROL L,359.95,342.85,H
ALLIED BLEND N DISTILS L,339.3,324.8,H
SUNDRAM FASTENERS LTD,1428.95,1408.4,H
ASHIMA LTD,51.6,49.45,H
IZMO LIMITED,394.9,373,H
AGARWAL INDS CORP LTD.,1298,1235,H
CIGNITI TECHNOLOGIES LTD,1391,1384,H
AXISAMC - AXISBNKETF,543.35,542,H
HSG & URBAN DEV CORPN LTD,304,300,H
ALPS INDUSTRIES LTD.,4.35,3.95,H
SETCO AUTOMOTIVE LTD,14.35,13.95,H
HDFCAMC - HDFCBSE500,36.9,36.6,H
MAX INDIA LIMITED,320.75,317.2,H
GOI TBILL 364D-02/01/25,96.26,96.24,H
SRG HOUSING FINANCE L,395.55,354.45,H
ENFUSE SOLUTIONS LIMITED,195.4,172.8,H
KOTAKMAMC - KTKNV20ETF,150.38,149.99,H
SDL MN 7.77% 2038,100.9,100.05,H
SEC RE NCD 0% SR.II,1050,1040,H
SEC RE NCD 8.75% SR.VI,1038,1019,H
TRANSWARRANTY FIN. LTD.,25.43,24.96,H
FONEBOX RETAIL LIMITED,201,199,H
DELPHI WORLD MONEY LTD,222.64,220.62,H
SRI ADHIKARI BRO TELE N L,257.25,252.21,H
SEC RE NCD 10.75% SR XI,1000,990,H
AIMTRON ELECTRONICS LTD,631.7,601.65,H
AVONMORE CAP&MGT SERV LTD,11.81,12.31,L
VILIN BIO MED LIMITED,15.75,16,L
ICICI PRUD SENSEX ETF,720,763.05,L
SEC RE NCD SR.VI,1029,1048.13,L
FALCON TECHNOPROJ IND LTD,76.2,80.2,L
MEP INFRA. DEVELOPERS LTD,7.59,7.75,L
VISAMAN GLOBAL SALES LTD,42.75,45,L
ZENITH EXPORTS LTD,393.35,401.35,L
FUTURE SUPP CHAIN SOL LTD,3.1,3.17,L
SEC RE NCD 11.02% SR.V,1000,1056.2,L
AKIKO GLOBAL SERVICES L,88.7,93.1,L
SEC RE NCD SR. VI,1000,1160,L
DIVINE POWER ENERGY LTD,144.7,147.25,L
8.73%S-R-NCD SERIES 2B,1115.1,1157.65,L
BAWEJA STUDIOS LIMITED,83,84,L
SEC RE NCD 9.20% SR I,937.81,953,L
SUUMAYA INDUSTRIES LTD,5.7,6.6,L
DURLAX TOP SURFACE LTD,83.15,84.4,L
SEC RE NCD 10.50% SR 6,960.1,965,L
AKME FINTRADE (INDIA) LTD,104.35,109.85,L
GOI TBILL 91D-12/09/24,98.4,98.41,L
SEC RE NCD 8.75% SR.VII,923,927,L

