SERIES,SYMBOL,SECURITY,RECORD_DT,BC_STRT_DT,BC_END_DT,EX_DT,ND_STRT_DT,ND_END_DT,PURPOSE
BE,MMFL,MM Forgings Ltd.,14/06/2024, , ,14/06/2024, , ,INTDIV - RS 8 PER SH     
BE,MOTILALOFS,Motilal Oswal Financial S,10/06/2024, , ,10/06/2024, , ,BONUS 3:1                
BE,FOSECOIND,Foseco India Ltd, ,05/06/2024,11/06/2024,04/06/2024, , ,DIV - RS 25 PER SH       
BE,PONNIERODE,Ponni Sugars (Erode) Ltd., ,24/05/2024,05/06/2024,22/05/2024, , ,AGM/DIV - RS 7 PER SH    
BE,JMFINANCIL,JM Financial Limited, ,10/06/2024,14/06/2024,07/06/2024, , ,DIV - RS 2 PER SH        
BE,HSCL,Himadri Speciality Chem L, ,08/06/2024,20/06/2024,07/06/2024, , ,AGM/DIV-RE 0.50 PER SH   
BE,INDIANB,Indian Bank, ,08/06/2024,15/06/2024,07/06/2024, , ,ANNUAL GENERAL MEETING   
BE,UNOMINDA,Minda Industries Limited,07/06/2024, , ,07/06/2024, , ,DIV - RS 1.35 PER SH     
BE,HAVELLS,Havells India Limited, ,03/06/2024,07/06/2024,31/05/2024, , ,AGM/DIV - RS 6 PER SH    
BE,JSWENERGY,JSW Energy Limited, ,01/06/2024,07/06/2024,31/05/2024, , ,DIV - RS 2 PER SH        
BE,INDIAMART,IndiaMART InterMESH Ltd,07/06/2024, , ,07/06/2024, , ,DIV - RS 20 PER SH       
BE,ICICIGI,ICICI Lombard GIC Limited,07/06/2024, , ,07/06/2024, , ,DIV - RS 6 PER SH        
BE,INDIANB,Indian Bank,07/06/2024, , ,07/06/2024, , ,DIV - RS 12 PER SH       
BE,KSB,KSB Pumps Ltd-Depo, ,14/06/2024,26/06/2024,13/06/2024, , ,AGM/DIV - RS 17.5 PER SH 
BE,CIEINDIA,Mahindra CIE Automative L, ,14/06/2024,20/06/2024,13/06/2024, , ,AGM/DIV - RS 5 PER SH    
BE,HOMEFIRST,Home First Fin Co Ind Ltd,07/06/2024, , ,07/06/2024, , ,DIV - RS 3.40 PER SH     
BE,SMCGLOBAL,SMC Global Securities Ltd,07/06/2024, , ,07/06/2024, , ,DIV - RS 1.2 PER SH      
BE,SHARDAMOTR,Sharda Motor Inds Ltd,05/06/2024, , ,05/06/2024, , ,BUY BACK                 
BE,MANAPPURAM,Manappuram Finance Ltd,05/06/2024, , ,05/06/2024, , ,INTDIV - RE 1 PER SH     
BE,INDHOTEL,INDIAN HOTELS CO LTD,07/06/2024, , ,07/06/2024, , ,DIV - RS 1.75 PER SH     
BE,RIIL,Reliance Indl Infra Ltd,05/06/2024, , ,05/06/2024, , ,DIV - RS 3.50 PER SH     
BE,ITC,ITC LTD,04/06/2024, , ,04/06/2024, , ,DIV - RS 7.50 PER SH     
E1,GRASIMPP,Grasim Industries Limited,14/06/2024, , ,14/06/2024, , ,FIRSTCAL RS 453 PER SH   
EQ,MMFL,MM Forgings Ltd.,14/06/2024, , ,14/06/2024, , ,INTDIV - RS 8 PER SH     
EQ,MOTILALOFS,Motilal Oswal Financial S,10/06/2024, , ,10/06/2024, , ,BONUS 3:1                
EQ,INDIANB,Indian Bank,07/06/2024, , ,07/06/2024, , ,DIV - RS 12 PER SH       
EQ,INDIANB,Indian Bank, ,08/06/2024,15/06/2024,07/06/2024, , ,ANNUAL GENERAL MEETING   
EQ,KSB,KSB Pumps Ltd., ,14/06/2024,26/06/2024,13/06/2024, , ,AGM/DIV - RS 17.5 PER SH 
EQ,PONNIERODE,Ponni Sugars (Erode) Limi, ,24/05/2024,05/06/2024,22/05/2024, , ,AGM/DIV - RS 7 PER SH    
EQ,CIEINDIA,Mahindra CIE Automative L, ,14/06/2024,20/06/2024,13/06/2024, , ,AGM/DIV - RS 5 PER SH    
EQ,UNOMINDA,Minda Industries Limited,07/06/2024, , ,07/06/2024, , ,DIV - RS 1.35 PER SH     
EQ,HOMEFIRST,Home First Fin Co Ind Ltd,07/06/2024, , ,07/06/2024, , ,DIV - RS 3.40 PER SH     
EQ,ITC,ITC Ltd.,04/06/2024, , ,04/06/2024, , ,DIV - RS 7.50 PER SH     
EQ,SMCGLOBAL,SMC Global Securities Ltd,07/06/2024, , ,07/06/2024, , ,DIV - RS 1.2 PER SH      
EQ,HAVELLS,Havells India Limited, ,03/06/2024,07/06/2024,31/05/2024, , ,AGM/DIV - RS 6 PER SH    
EQ,SHARDAMOTR,Sharda Motor Inds Ltd,05/06/2024, , ,05/06/2024, , ,BUY BACK                 
EQ,JMFINANCIL,JM Financial Limited, ,10/06/2024,14/06/2024,07/06/2024, , ,DIV - RS 2 PER SH        
EQ,JSWENERGY,JSW Energy Limited, ,01/06/2024,07/06/2024,31/05/2024, , ,DIV - RS 2 PER SH        
EQ,INDHOTEL,Indian Hotels Co. Ltd.,07/06/2024, , ,07/06/2024, , ,DIV - RS 1.75 PER SH     
EQ,MANAPPURAM,Manappuram Finance Ltd,05/06/2024, , ,05/06/2024, , ,INTDIV - RE 1 PER SH     
EQ,FOSECOIND,Foseco India Ltd, ,05/06/2024,11/06/2024,04/06/2024, , ,DIV - RS 25 PER SH       
EQ,RIIL,Reliance Indl Infra Ltd,05/06/2024, , ,05/06/2024, , ,DIV - RS 3.50 PER SH     
EQ,INDIAMART,IndiaMART InterMESH Ltd,07/06/2024, , ,07/06/2024, , ,DIV - RS 20 PER SH       
EQ,HSCL,Himadri Speciality Chem L, ,08/06/2024,20/06/2024,07/06/2024, , ,AGM/DIV-RE 0.50 PER SH   
EQ,ICICIGI,ICICI Lombard GIC Limited,07/06/2024, , ,07/06/2024, , ,DIV - RS 6 PER SH        
GS,833GS2036,GOI LOAN 8.33% 2036,06/06/2024, , ,06/06/2024, , ,INTEREST PAYMENT         
GS,GS070624C,GOI STRIPS C 070624,05/06/2024, , , , , ,REDEMPTION               
GS,GS120624C,GOI STRIPS C 120624,10/06/2024, , , , , ,REDEMPTION               
GS,GS150624C,GOI STRIPS C 150624,13/06/2024, , , , , ,REDEMPTION               
GS,GS170624C,GOI STRIPS C 170624,13/06/2024, , , , , ,REDEMPTION               
GS,GS230624C,GOI STRIPS C 230624,19/06/2024, , , , , ,REDEMPTION               
GS,GS300624C,GOI STRIPS C 300624,27/06/2024, , , , , ,REDEMPTION               
GS,897GS2030,GOI LOAN 8.97% 2030,04/06/2024, , ,04/06/2024, , ,INTEREST PAYMENT         
GS,735GS2024,GOI LOAN 7.35% 2024,19/06/2024, , , , , ,REDEMPTION               
GS,657GS2033,GOI LOAN 6.57% 2033,04/06/2024, , ,04/06/2024, , ,INTEREST PAYMENT         
GS,669GS2024,GOI LOAN  6.69% 2024,25/06/2024, , , , , ,REDEMPTION               
NF,DHANILOANS,Dhani Loans & Serv Ltd,05/06/2024, , , , , ,INTPAYMENT/REDEMPTION    
NG,DHANILOANS,Dhani Loans & Serv Ltd,05/06/2024, , , , , ,INTPAYMENT/REDEMPTI      
NH,DHANILOANS,Dhani Loans & Serv Ltd,05/06/2024, , , , , ,INTPAYMENT/REDEMPTION    
SG,544AP24,SDL AP 5.44% 2024,06/06/2024, , , , , ,REDEMPTION               
SM,REMUS,Remus Pharmaceuticals L,06/06/2024, , ,06/06/2024, , ,BONUS 3:1                
SM,SERVICE,Service Care Limited,07/06/2024, , ,07/06/2024, , ,INTDIV - RE 0.50 PER SH  
SQ,SERVICE,Service Care Limited,07/06/2024, , ,07/06/2024, , ,INTDIV - RE 0.50 PER SH  
SQ,REMUS,Remus Pharmaceuticals L,06/06/2024, , ,06/06/2024, , ,BONUS 3:1                
ST,REMUS,Remus Pharmaceuticals L,06/06/2024, , ,06/06/2024, , ,BONUS 3:1                
ST,SERVICE,Service Care Limited,07/06/2024, , ,07/06/2024, , ,INTDIV - RE 0.50 PER SH  
UF,DHANILOANS,Dhani Loans & Serv Ltd,05/06/2024, , , , , ,INTPAYMENT/REDEMPTION    
UG,DHANILOANS,Dhani Loans & Serv Ltd,05/06/2024, , , , , ,INTPAYMENT/REDEMPTI      
UH,DHANILOANS,Dhani Loans & Serv Ltd,05/06/2024, , , , , ,INTPAYMENT/REDEMPTION    

