SYMBOL,SERIES,SECURITY,HIGH/LOW,INDEX FLAG
21STCENMGM,BE,21ST CENTURY MGMT SERVICE,H
710GS2029,GS,GOI LOAN 7.10% 2029,H
86GS2028,GS,GOI LOAN 8.6% 2028,H
A2ZINFRA,BE,A2Z INFRA ENGINEERING LTD,H
ABCOTS,SM,A B COTSPIN INDIA LIMITED,H
ANSALAPI,BZ,ANSAL PROP & INFRA LTD,H
APS,SM,AUSTRALIAN PREM SOLAR I L,H
AUSOMENT,BE,AUSOM ENTERPRISE LIMITED,H
BEACON,ST,BEACON TRUSTEESHIP LTD,H
CALSOFT,BE,CALIFORNIA SOFTWARE CO LT,H
CEREBRAINT,BE,CEREBRA INT TECH LTD,H
CREATIVEYE,BE,CREATIVE EYE LIMITED,H
DCI,BE,DC INFOTECH AND COMUN LTD,H
E2E,BE,E2E NETWORKS LIMITED,H
EXCEL,BE,EXCEL REALTY N INFRA LTD,H
FEL,BZ,FUTURE ENTERPRISES LTD,H
FMNL,EQ,FUTURE MKT NETWORKS LTD,H
FRETAIL,BZ,FUTURE RETAIL LIMITED,H
GOENKA,BZ,GOENKA DIAMOND&JEWELS LTD,H
GOLDENTOBC,BZ,GOLDEN TOBACCO LIMITED,H
GSMFOILS,ST,GSM FOILS LIMITED,H
GTLINFRA,EQ,GTL INFRA.LTD,H
GVPTECH,EQ,GVP INFOTECH LIMITED,H
HAVISHA,EQ,SRI HAVISHA HOSP & INFR L,H
HDIL,BZ,HOUSING DEV & INFRA LTD,H
IEL,EQ,INDIABULLS ENT LTD,H
IMPEXFERRO,BE,IMPEX FERRO TECH LIMITED,H
INFOMEDIA,BE,INFOMEDIA PRESS LIMITED,H
JYOTISTRUC,BE,JYOTI STRUCTURES,H
KAVVERITEL,BE,KAVVERI TEL. LTD.,H
KEEPLEARN,BE,DSJ KEEP LEARNING LTD,H
KODYTECH,SM,KODY TECHNOLAB LIMITED,H
MGEL-RE,BE,MANGALAM GLOBAL ENT LTD,H
NOIDATOLL,EQ,NOIDA TOLL BRIDGE CO LTD,H
ORTEL,BZ,ORTEL COMMUNICATIONS LTD,H
PARASPETRO,BE,PARAS PETROFILS LTD.,H
PASHUPATI,SM,PASHUPATI COTSPIN LIMITED,H
PIGL,BE,POWER INSTRUMENT (G) LTD,H
PODDARHOUS,BZ,PODDAR HOUSE & DVPT LTD,H
PREMIER,BE,PREMIER LIMITED,H
RADAAN,BE,RADAAN MEDIAWORKS (I) LTD,H
RCOM,BE,RELIANCE COMMUNICATIONS L,H
RTNPOWER,BE,RATTANINDIA POWER LIMITED,H
S&SPOWER,BE,S&S POWER SWITCHGEARS,H
SADBHIN,EQ,SADBHAV INFRA PROJ LTD.,H
SAHANA,SM,SAHANA SYSTEM LIMITED,H
SANWARIA,BZ,SANWARIA CONSUMER LIMITED,H
SECMARK,BE,SECMARK CONSULTANCY LTD,H
SETUINFRA,BZ,SETUBANDHAN INFRA LTD,H
SHRENIK,EQ,SHRENIK LIMITED,H
SITINET,BE,SITI NETWORKS LIMITED,H
SRPL,BE,SHREE RAM PROTEINS LTD.,H
SUVIDHAA,EQ,SUVIDHAA INFOSERVE LTD,H
SWARAJ,SM,SWARAJ SUITING LIMITED,H
TCIFINANCE,EQ,TCI FINANCE LTD,H
TGL,SM,TEERTH GOPICON LIMITED,H
TRIL,BE,TRANS & RECTI. LTD,H
UEL,BE,UJAAS ENERGY LIMITED,H
VHLTD,BE,VICEROY HOTELS LIMITED,H
VISASTEEL,BE,VISA STEEL LIMITED,H
WINSOME,BE,WINSOME YARNS LIMITED,H
WIPL,EQ,THE WESTERN INDIA PLY LTD,H
ZEELEARN,BE,ZEE LEARN LIMITED,H
63MOONS,EQ,63 MOONS TECHNOLOGIES LTD,L
774MZ33,SG,SDL MZ 7.74% 2033,L
A2ZINFRA,BE,A2Z INFRA ENGINEERING LTD,L
AAATECH,BE,AAA TECHNOLOGIES LIMITED,L
AAKASH,EQ,AAKASH EXPLORATION SER L,L
AAREYDRUGS,BE,AAREY DRUGS & PHARM LTD,L
AARVEEDEN,EQ,AARVEE DEN. & EXP. LTD,L
ABAN,BE,ABAN OFFSHORE LTD.,L
ABCOTS,SM,A B COTSPIN INDIA LIMITED,L
ABSLAMC,EQ,ADIT BIRL SUN LIF AMC LTD,L
ACCURACY,EQ,ACCURACY SHIPPING LIMITED,L
ACL,EQ,ANDHRA CEMENTS LIMITED,L
ADANIENSOL,EQ,ADANI ENERGY SOLUTION LTD,L
ADANIGREEN,EQ,ADANI GREEN ENERGY LTD,L
ADANIPOWER,EQ,ADANI POWER LTD,L
ADROITINFO,EQ,ADROIT INFOTECH LIMITED,L
AGARWALFT,ST,AGARWAL FLOAT GLASS I LTD,L
AGNI,SM,AGNI GREEN POWER LTD,L
AGSTRA,EQ,AGS TRANSACT TECH LTD,L
AHL,EQ,ABANS HOLDINGS LIMITED,L
AHLADA,BE,AHLADA ENGINEERS LIMITED,L
AILIMITED,ST,ABHISHEK INTEGRATIONS LTD,L
AIRAN,EQ,AIRAN LIMITED,L
AIRTELPP,E1,AIRTEL RS. 1.25 PPD UP,L
AISL,ST,ANI INTEGRATED SERV LTD.,L
AKI,EQ,AKI INDIA LIMITED,L
AKSHAR,BE,AKSHAR SPINTEX LIMITED,L
AKSHARCHEM,EQ,AKSHARCHEM INDIA LIMITED,L
AKSHOPTFBR,BE,AKSH OPTIFIBRE  LTD,L
ALANKIT,EQ,ALANKIT LIMITED,L
ALBERTDAVD,EQ,ALBERT DAVID LIMITED,L
ALMONDZ,EQ,ALMONDZ GLOBAL SEC LTD,L
ALOKINDS,EQ,ALOK INDUSTRIES LIMITED,L
ALPEXSOLAR,SM,ALPEX SOLAR LIMITED,L
ALUWIND,SM,ALUWIND ARCHITECTURAL LTD,L
AMEYA,SM,AMEYA PRECISION ENG LTD,L
ANANTRAJ,EQ,ANANT RAJ LIMITED,L
ANKITMETAL,BE,ANKIT MET & POW LTD,L
ANLON,SM,ANLON TECHNOLOGY SOL LTD,L
ANSALAPI,BZ,ANSAL PROP & INFRA LTD,L
ANTGRAPHIC,EQ,ANTARCTICA LTD,L
APOLLO,EQ,APOLLO MICRO SYSTEMS LTD,L
APS,SM,AUSTRALIAN PREM SOLAR I L,L
ARCHIDPLY,BE,ARCHIDPLY IND. LTD,L
ARCHIES,BE,ARCHIES LTD,L
ARENTERP,EQ,RAJDARSHAN INDUSTRIES LTD,L
ARHAM,ST,ARHAM TECHNOLOGIES LTD,L
ARSHIYA,BE,ARSHIYA LIMITED,L
ARVEE,BE,ARVEE LABORATORIES I LTD,L
ASAL,EQ,AUTOMOTIVE STAMPINGS & AS,L
ASHIMASYN,EQ,ASHIMA LTD,L
ASHOKAMET,EQ,ASHOKA METCAST LIMITED,L
ASIANENE,EQ,ASIAN ENERGY SERVICES LTD,L
ASMS,EQ,BARTRONICS INDIA LIMITED,L
ASTRAMICRO,EQ,ASTRA MICROWAVE LTD,L
ATALREAL,BE,ATAL REALTECH LIMITED,L
ATAM,BE,ATAM VALVES LIMITED,L
ATMASTCO,SM,ATMASTCO LIMITED,L
ATUL,EQ,ATUL LTD,L
AURIONPRO,EQ,AURIONPRO SOLN LTD,L
AURUM,EQ,AURUM PROPTECH LIMITED,L
AURUMPP1,E1,AURUM RS. 3.12 PPD UP,L
AUSOMENT,BE,AUSOM ENTERPRISE LIMITED,L
AWL,EQ,ADANI WILMAR LIMITED,L
AZAD,EQ,AZAD ENGINEERING LIMITED,L
BAGFILMS,BE,B.A.G FILMS AND MEDIA LTD,L
BAHETI,SM,BAHETI RECYCLING IND LTD,L
BAJEL,EQ,BAJEL PROJECTS LIMITED,L
BALAJITELE,EQ,BALAJI TELEFILMS LIMITED.,L
BALMLAWRIE,EQ,BALMER LAWRIE & CO LTD,L
BALUFORGE,EQ,BALU FORGE INDUSTRIES LTD,L
BBL,EQ,BHARAT BIJLEE LTD,L
BBOX,EQ,BLACK BOX LIMITED,L
BCG,BZ,BRIGHTCOM GROUP LIMITED,L
BDL,EQ,BHARAT DYNAMICS LIMITED,L
BEARDSELL,EQ,BEARDSELL LIMITED,L
BEDMUTHA,EQ,BEDMUTHA INDUST LTD,L
BEML,EQ,BEML LIMITED,L
BESTAGRO,EQ,BEST AGROLIFE LIMITED,L
BFUTILITIE,EQ,BF UTILITIES LIMITED,L
BHAGYANGR,EQ,BHAGYANAGAR INDIA LIMITED,L
BHANDARI,EQ,BHANDARI HOSIERY EXP LTD,L
BINANIIND,BE,BINANI INDUSTRIES LTD,L
BIRLAMONEY,EQ,ADITYA BIRLA MONEY LTD,L
BLAL,EQ,BEML LAND ASSETS LIMITED,L
BLBLIMITED,BE,BLB LIMITED,L
BLUEJET,EQ,BLUE JET HEALTHCARE LTD,L
BMETRICS,SM,BOMBAY METRICS S C LTD,L
BRIGHT,SM,BRIGHT SOLAR LIMITED,L
BROOKS,BE,BROOKS LAB LIMITED,L
BTML,EQ,BODHI TREE MULTIMEDIA LTD,L
BVCL,EQ,BARAK VALLEY CEM. LTD.,L
BYKE,EQ,THE BYKE HOSPITALITY LTD,L
CADSYS,ST,CADSYS (INDIA) LIMITED,L
CANARYS,SM,CANARYS AUTOMATIONS LTD,L
CANBK,EQ,CANARA BANK,L
CAPACITE,EQ,CAPACITE INFRAPROJECT LTD,L
CAREERP,EQ,CAREER POINT LIMITED,L
CCHHL,EQ,COUNTRY CLUB HOSP HOL LTD,L
CELLECOR,SM,CELLECOR GADGETS LIMITED,L
CENTEXT,EQ,CENTURY EXTRUSIONS LTD,L
CENTRALBK,EQ,CENTRAL BANK OF INDIA,L
CENTURYTEX,EQ,CENTURY TEXTILES LTD,L
CESC,EQ,CESC LTD,L
CGPOWER,EQ,CG POWER AND IND SOL LTD,L
CGRAPHICS,SM,CREATIVE GRAPHICS S IND L,L
CHEMFAB,EQ,CHEMFAB ALKALIS LIMITED,L
CLOUD,SM,VARANIUM CLOUD LIMITED,L
CMMIPL,ST,CMM INFRAPROJECTS LIMITED,L
CMNL,SM,CHAMAN METALLICS LIMITED,L
CMRSL,SM,CYBER MEDIA RES & SER LTD,L
COCHINSHIP,EQ,COCHIN SHIPYARD LIMITED,L
COMPINFO,BZ,COMPUAGE INFOCOM LTD,L
CONFIPET,EQ,CONFIDENCE PETRO IND LTD.,L
CORDSCABLE,EQ,CORDS CABLE INDUS LTD.,L
COUNCODOS,EQ,COUNTRY CONDO S LIMITED,L
CPS,ST,C P S SHAPERS LIMITED,L
CRAYONS,SM,CRAYONS ADVERTISING LTD,L
CREATIVEYE,BE,CREATIVE EYE LIMITED,L
CUBEXTUB,BE,CUBEXTUBINGS-ROLLSETT,L
CUPID,BE,CUPID LIMITED,L
CYBERMEDIA,BE,CYBER MEDIA (INDIA) LTD.,L
DATAPATTNS,EQ,DATA PATTERNS INDIA LTD,L
DAVANGERE,EQ,DAVANGERE SUGAR COMPANY L,L
DBCORP,EQ,D.B.CORP LTD,L
DBL,EQ,DILIP BUILDCON LIMITED,L
DBREALTY,EQ,VALOR ESTATE LIMITED,L
DCMFINSERV,BE,DCM FINANCIAL SERVICES LT,L
DCXINDIA,EQ,DCX SYSTEMS LIMITED,L
DESTINY,ST,DESTINY LOGISTICS & I LTD,L
DEVIT,EQ,DEV INFO TECHNOLOGY LTD,L
DHANBANK,EQ,DHANLAXMI BANK LIMITED,L
DHANI,EQ,DHANI SERVICES LIMITED,L
DIGIDRIVE,BE,DIGIDRIVE DISTRIBUTORS L,L
DJML,BE,DJ MEDIAPRINT & LOG LTD,L
DNAMEDIA,EQ,DILIGENT MEDIA CORP LTD.,L
DOLPHIN,BE,DOLPHIN OFF ENT (IND) L,L
DPSCLTD,EQ,DPSC LIMITED,L
DREDGECORP,EQ,DREDGING CORP OF INDIA,L
DRONE,SM,DRONE DESTINATION LIMITED,L
DSSL,EQ,DYNACONS SYS & SOLN LTD,L
DUGLOBAL,SM,DUDIGITAL GLOBAL LIMITED,L
DVL,EQ,DHUNSERI VENTURES LIMITED,L
DYCL,EQ,DYNAMIC CABLES LIMITED,L
DYNAMATECH,EQ,DYNAMATIC TECHNOLOGIES,L
DYNAMIC,SM,DYNAMIC SRVCS & SEC LTD,L
EIMCOELECO,BE,EIMCO ELECON (INDIA) LTD,L
ELECTHERM,BE,ELECTROTHERM (I) LTD.,L
ELGIRUBCO,BE,ELGI RUBBER CO. LTD,L
EMAMIREAL,EQ,EMAMI REALTY LIMITED,L
EMIL,EQ,ELECTRONICS MART IND LTD,L
EMKAY,EQ,EMKAY GLOBAL FIN SERV LTD,L
EMSLIMITED,EQ,EMS LIMITED,L
ENERGYDEV,EQ,ENERGY DEVE. CO.LTD,L
ENGINERSIN,EQ,ENGINEERS INDIA LTD,L
ENSER,SM,ENSER COMMUNICATIONS LTD,L
EQUIPPP,BE,EQUIPPP SOC IMP TECH LTD,L
ESCONET,SM,ESCONET TECHNOLOGIES LTD,L
ESSARSHPNG,EQ,ESSAR SHIPPING LTD,L
EUROTEXIND,BE,EUROTEX IND & EXPORTS LTD,L
EXCEL,BE,EXCEL REALTY N INFRA LTD,L
EXIDEIND,EQ,EXIDE INDUSTRIES LTD,L
FCSSOFT,EQ,FCS SOFTWARE SOLN. LTD.,L
FELDVR,BE,FUTURE ENTERPRISES LTD,L
FELIX,SM,FELIX INDUSTRIES LTD.,L
FILATFASH,EQ,FILATEX FASHIONS LIMITED,L
FLEXITUFF,BE,FLEXITUFF VENTURES INT L,L
FLFL,BZ,FUT LIFESTYLE FASH LTD,L
FMNL,EQ,FUTURE MKT NETWORKS LTD,L
FORCEMOT,EQ,FORCE MOTORS LIMITED,L
FROG,SM,FROG CELLSAT LIMITED,L
FSC,BZ,FUTURE SUPP CHAIN SOL LTD,L
GALLANTT,BE,GALLANTT ISPAT LIMITED,L
GANESHHOUC,EQ,GANESH HOUSING CORP LTD,L
GANGAFORGE,BE,GANGA FORGING LIMITED,L
GATECHDVR,BE,GACM TECHNOLOGIES LIMITED,L
GAYAHWS,BE,GAYATRI HIGHWAYS LIMITED,L
GENCON,EQ,GENERIC ENG CONS PROJ LTD,L
GENSOL,EQ,GENSOL ENGINEERING LTD,L
GENUSPOWER,EQ,GENUS POWER INFRASTRU LTD,L
GET&D,BE,GE T&D INDIA LIMITED,L
GICL,SM,GLOBE INTL CARRIERS LTD,L
GILLANDERS,EQ,GILLANDERS ARBUTHNOT LTD,L
GINNIFILA,EQ,GINNI FILAMENTS LTD,L
GIPCL,EQ,GUJ IND POW CO. LTD,L
GKWLIMITED,BE,GKW LIMITED,L
GLOBAL,BE,GLOBAL EDUCATION LIMITED,L
GLOBALVECT,BE,GLOBAL VEC HELICORP LTD,L
GLS,EQ,GLENMARK LIFE SCIENCE LTD,L
GMDCLTD,EQ,GUJARAT MINERAL DEV CORP,L
GMRP&UI,EQ,GMR POW AND URBAN INFRA L,L
GODHA,EQ,GODHA CABCON INSULAT LTD,L
GOENKA,BZ,GOENKA DIAMOND&JEWELS LTD,L
GOLDENTOBC,BZ,GOLDEN TOBACCO LIMITED,L
GOLDTECH,EQ,AION-TECH SOLUTIONS LTD,L
GPPL,EQ,GUJARAT PIPAVAV PORT LTD,L
GPTINFRA,BE,GPT INFRAPROJECTS LTD,L
GRAPHISAD,SM,GRAPHISADS LIMITED,L
GRASIMPP,E1,GRASIM RE.0.50 PPD UP,L
GREENPOWER,EQ,ORIENT GREEN POWER CO LTD,L
GRINFRA,EQ,G R INFRAPROJECTS LIMITED,L
GRSE,EQ,GARDEN REACH SHIP&ENG LTD,L
GSLSU,EQ,GLOBAL SURFACES LIMITED,L
GSS,BE,GSS INFOTECH LIMITED,L
GSTL,SM,GLOBESECURE TECHNO LTD,L
GTLINFRA,EQ,GTL INFRA.LTD,L
GUJAPOLLO,EQ,GUJ. APOLLO IND. LTD.,L
GUJRAFFIA,EQ,GUJARAT RAFFIA INDUST LTD,L
GVKPIL,EQ,GVK POW. & INFRA LTD.,L
GVPTECH,EQ,GVP INFOTECH LIMITED,L
HAVISHA,EQ,SRI HAVISHA HOSP & INFR L,L
HBSL,EQ,HB STOCKHOLDINGS LIMITED,L
HCC,EQ,HINDUSTAN CONSTRUCTION CO,L
HCL-INSYS,BE,HCL INFOSYSTEMS-DEPO SETT,L
HDIL,BZ,HOUSING DEV & INFRA LTD,L
HEADSUP,BE,HEADS UP VENTURES LIMITED,L
HECPROJECT,EQ,HEC INFRA PROJECTS LTD,L
HEMIPROP,EQ,HEMISPHERE PROP IND LTD,L
HFCL,EQ,HFCL LIMITED,L
HGINFRA,EQ,H.G.INFRA ENGINEERING LTD,L
HILTON,EQ,HILTON METAL FORGING LTD,L
HINDMOTORS,EQ,HINDUSTAN MOTORS LIMITED,L
HINDNATGLS,BE,HIND NATL GLASS & IND LTD,L
HINDZINC,EQ,HINDUSTAN ZINC LIMITED,L
HIRECT,EQ,HIND RECTIFIER LIMITED,L
HITECHGEAR,BE,THE HI-TECH GEARS LIMITED,L
HLVLTD,BE,HLV LIMITED,L
HMT,BZ,HMT LTD -,L
HOACFOODS,ST,HOAC FOODS INDIA LIMITED,L
HOMESFY,ST,HOMESFY REALTY LIMITED,L
HOVS,BE,HOV SERVICES LTD,L
HPIL,EQ,HINDPRAKASH INDUSTRY LTD,L
HPL,EQ,HPL ELECTRIC & POWER LTD,L
HRHNEXT,SM,HRH NEXT SERVICES LIMITED,L
HSCL,EQ,HIMADRI SPECIALITY CHEM L,L
HUBTOWN,EQ,HUBTOWN LIMITED,L
HUDCO,EQ,HSG & URBAN DEV CORPN LTD,L
HYBRIDFIN,EQ,HYBRID FINANCIAL SERVICE,L
IBULPP,E1,INDIABULL RE.0.67 PPD UP,L
IEL,EQ,INDIABULLS ENT LTD,L
IEML,ST,INDIAN EMULSIFIERS LTD,L
IEX,EQ,INDIAN ENERGY EXC LTD,L
IFCI,EQ,IFCI LTD,L
IIFLSEC,EQ,IIFL SECURITIES LIMITED,L
IITL,EQ,INDUSTRIAL INV TRUST LTD,L
IL&FSENGG,BZ,IL&FS ENG AND CONS CO LTD,L
IL&FSTRANS,BZ,IL&FS TRANS NET LTD,L
INCREDIBLE,EQ,INCREDIBLE INDUSTRIES LTD,L
INDIANB,EQ,INDIAN BANK,L
INDOTECH,BE,INDO TECH TRANSFORM LTD.,L
INDOTHAI,EQ,INDO THAI SEC LTD,L
INDOWIND,EQ,INDOWIND ENERGY LTD,L
INDSWFTLTD,BE,IND-SWIFT LIMITED,L
INFOMEDIA,BE,INFOMEDIA PRESS LIMITED,L
INNOVATIVE,SM,INNOVATIVE TYRES & TUBES,L
INOXGREEN,EQ,INOX GREEN ENERGY SER LTD,L
INOXWIND,EQ,INOX WIND LIMITED,L
INSPIRE,SM,INSPIRE FILMS LIMITED,L
INVENTURE,EQ,INVENTURE GRO & SEC LTD,L
IOB,EQ,INDIAN OVERSEAS BANK,L
IONEXCHANG,EQ,ION EXCHANGE (INDIA) LTD,L
IRB,EQ,IRB INFRA DEV LTD.,L
IRCON,EQ,IRCON INTERNATIONAL LTD,L
IRFC,EQ,INDIAN RAILWAY FIN CORP L,L
ISHAN,SM,ISHAN INTERNATIONAL LTD,L
ITDC,EQ,INDIA TOUR. DEV. CO. LTD.,L
IWEL,BE,INOX WIND ENERGY LIMITED,L
IZMO,EQ,IZMO LIMITED,L
J&KBANK,EQ,J & K BANK LTD.,L
JAIBALAJI,BE,JAI BALAJI INDUSTRIES LTD,L
JAICORPLTD,EQ,JAI CORP LIMITED,L
JAINAM,SM,JAINAM FER ALLOYS (I) LTD,L
JAYNECOIND,EQ,JAYASWAL NECO INDUSTR LTD,L
JCHAC,EQ,JOHNSON CONTROLS HITACHI,L
JETAIRWAYS,BZ,JET AIRWAYS (INDIA) LTD.,L
JISLJALEQS,EQ,JAIN IRRIGATION SYSTEMS,L
JITFINFRA,BE,JITF INFRALOGISTICS LTD,L
JPASSOCIAT,EQ,JAIPRAKASH ASSOCIATES LTD,L
JPPOWER,EQ,JAIPRAKASH POWER VEN. LTD,L
JSFB,EQ,JANA SMALL FIN BANK LTD,L
JSLL,ST,JEENA SIKHO LIFECARE LTD,L
JSWINFRA,EQ,JSW INFRASTRUCTURE LTD,L
JUBLINDS,EQ,JUBILANT INDUSTRIES LTD,L
JUNIPER,EQ,JUNIPER HOTELS LIMITED,L
JWL,EQ,JUPITER WAGONS LIMITED,L
JYOTICNC,EQ,JYOTI CNC AUTOMATION LTD,L
JYOTISTRUC,BE,JYOTI STRUCTURES,L
KALYANIFRG,EQ,KALYANI FORGE LIMITED,L
KAMATHOTEL,EQ,KAMAT HOTELS (I) LTD,L
KAMDHENU,EQ,KAMDHENU LIMITED,L
KANANIIND,EQ,KANANI INDUSTRIES LTD,L
KAPSTON,EQ,KAPSTON SERVICES LIMITED,L
KARMAENG,BE,KARMA ENERGY LIMITED,L
KARNIKA,SM,KARNIKA INDUSTRIES LTD,L
KAUSHALYA,EQ,KAUSHALYA INFRA DEV LTD.,L
KAVVERITEL,BE,KAVVERI TEL. LTD.,L
KAYNES,EQ,KAYNES TECHNOLOGY IND LTD,L
KBCGLOBAL,EQ,KBC GLOBAL LIMITED,L
KCEIL,SM,KAY CEE ENERGY & INFRA L,L
KCK,ST,KCK INDUSTRIES LTD,L
KDL,SM,KORE DIGITAL LIMITED,L
KECL,EQ,KIRLOSKAR ELECTRIC CO LTD,L
KEEPLEARN,BE,DSJ KEEP LEARNING LTD,L
KERNEX,EQ,KERNEX MICROSYS(I) LTD,L
KEYFINSERV,BE,KEYNOTE FIN SERV LTD.,L
KHAITANLTD,EQ,KHAITAN (INDIA)LTD.,L
KHFM,SM,KHFM HOS FAC MANA SER LTD,L
KILITCH,EQ,KILITCH DRUGS INDIA LTD,L
KIRLPNU,EQ,KIRLOSKAR PNEUMATIC COM L,L
KMSUGAR,EQ,K M SUGAR MILLS LTD,L
KODYTECH,SM,KODY TECHNOLAB LIMITED,L
KONSTELEC,SM,KONSTELEC ENGINEERS LTD,L
KONTOR,SM,KONTOR SPACE LIMITED,L
KPIGREEN,EQ,KPI GREEN ENERGY LIMITED,L
KPIL,EQ,KALPATARU PROJECT INT LTD,L
KRISHNADEF,SM,KRISHNA DEF AND ALD IND L,L
KRITI,EQ,KRITI INDUSTRIES IND LTD,L
KRITIKA,BE,KRITIKA WIRES LIMITED,L
KSHITIJPOL,EQ,KSHITIJ POLYLINE LIMITED,L
KSL,EQ,KALYANI STEELS LIMITED,L
LAGNAM,BE,LAGNAM SPINTEX LIMITED,L
LAKPRE,BZ,LAKSHMI PRE SCRE LTD,L
LAL,EQ,LORENZINI APPARELS LTD,L
LANCORHOL,EQ,LANCOR HOLDINGS LIMITED,L
LASA,EQ,LASA SUPERGENERICS LTD,L
LATENTVIEW,BE,LATENT VIEW ANALYTICS LTD,L
LGBFORGE,EQ,LGB FORGE LIMITED,L
LGHL,BE,LAXMI GOLDORNA HOUSE LTD,L
LIBERTSHOE,EQ,LIBERTY SHOES LTD,L
LLOYDS,SM,LLOYDS LUXURIES LIMITED,L
LOKESHMACH,BE,LOKESH MACHINES LTD,L
LORDSCHLO,BE,LORDS CHLORO ALKALI LTD,L
LOTUSEYE,BE,LOTUS EYE HOSP & INST L,L
LPDC,EQ,LANDMARK PR.DEV.CO.LTD,L
MACPOWER,BE,MACPOWER CNC MACHINES LTD,L
MADHUCON,BE,MADHUCON PROJECTS LTD.,L
MAGNUM,EQ,MAGNUM VENTURES LTD.,L
MAITREYA,SM,MAITREYA MEDICARE LIMITED,L
MANAKCOAT,BE,MAN COAT METAL & IND LTD,L
MANINDS,EQ,MAN INDUSTRIES (I) LTD.,L
MANORAMA,BE,MANORAMA INDUSTRIES LTD,L
MANUGRAPH,EQ,MANUGRAPH INDIA LIMITED,L
MARINE,EQ,MARINE ELECTRICAL (I) LTD,L
MAXIND,EQ,MAX INDIA LIMITED,L
MAZDOCK,EQ,MAZAGON DOCK SHIPBUIL LTD,L
MBECL,BE,MCNALLY BH. ENG. CO.LTD,L
MBLINFRA,EQ,MBL INFRASTRUCTURE LTD,L
MCL,EQ,MADHAV COPPER LIMITED,L
MCLEODRUSS,EQ,MCLEOD RUSSEL INDIA LTD.,L
MCON,SM,MCON RASAYAN INDIA LTD,L
MEDICO,BE,MEDICO REMEDIES LIMITED,L
MEGAFLEX,SM,MEGA FLEX PLASTICS LTD,L
MEGASOFT,EQ,MEGASOFT LTD,L
MEP,BE,MEP INFRA. DEVELOPERS LTD,L
MICEL,EQ,MIC ELECTRONICS LTD,L
MINDTECK,EQ,MINDTECK (INDIA) LIMITED,L
MIRCELECTR,EQ,MIRC ELECTRONICS LTD,L
MITCON,EQ,MITCON CON & ENG SER LTD,L
MMTC,EQ,MMTC LIMITED,L
MODIRUBBER,BE,MODI RUBBER LTD,L
MODISONLTD,BE,MODISON LIMITED,L
MOIL,EQ,MOIL LIMITED,L
MONOPHARMA,SM,MONO PHARMACARE LIMITED,L
MORARJEE,BE,MORARJEE TEXTILES LIMITED,L
MOTILALOFS,EQ,MOTILAL OSWAL FIN LTD,L
MOTISONS,EQ,MOTISONS JEWELLERS LTD,L
MOTOGENFIN,EQ,MOTOR & GENERAL FINANCE L,L
MRO-TEK,BE,MRO-TEK REALTY LIMITED,L
MRPL,EQ,MRPL,L
MSPL,EQ,MSP STEEL & POWER LTD.,L
MSTCLTD,EQ,MSTC LIMITED,L
MTEDUCARE,BE,MT EDUCARE LTD,L
MTNL,EQ,MAHANAGAR TELEPHONE NIGAM,L
MUFIN,EQ,MUFIN GREEN FINANCE LTD,L
MUKTAARTS,EQ,MUKTA ARTS LIMITED,L
MUNJALAU,EQ,MUNJAL AUTO IND. LTD.,L
NAGAFERT,EQ,NAGARJUN FERT AND CHE LTD,L
NAGREEKEXP,EQ,NAGREEKA EXPORTS LTD.,L
NATIONALUM,EQ,NATIONAL ALUMINIUM CO LTD,L
NAVKARCORP,EQ,NAVKAR CORPORATION LTD.,L
NBCC,EQ,NBCC (INDIA) LIMITED,L
NCC,EQ,NCC LIMITED,L
NDTV,EQ,NDTV LTD,L
NETWEB,EQ,NETWEB TECH INDIA LTD,L
NETWORK18,EQ,NETWORK18 MEDIA & INV LTD,L
NIBL,EQ,NRB INDUS. BEARINGS LTD.,L
NILAINFRA,EQ,NILA INFRASTRUCTURES LTD,L
NIRAJ,EQ,NIRAJ CEMENT STRUC LTD,L
NIRMAN,SM,NIRMAN AGRI GENTICS LTD,L
NITCO,BE,NITCO LIMITED,L
NOIDATOLL,EQ,NOIDA TOLL BRIDGE CO LTD,L
NPST,SM,NETWORK PEOPLE SRV TECH L,L
NTL,BE,NEUEON TOWERS LIMITED,L
OILCOUNTUB,BE,OIL COUNTRY TUBULAR LTD.,L
OMAXE,EQ,OMAXE LIMITED,L
OMFURN,SM,OMFURN INDIA LIMITED,L
OMKARCHEM,BZ,OMKAR SPL CHEM LTD,L
ONDOOR,SM,ON DOOR CONCEPTS LIMITED,L
ONELIFECAP,BE,ONELIFE CAP ADVISORS LTD,L
ONEPOINT,EQ,ONE POINT ONE SOL LTD,L
ORIANA,SM,ORIANA POWER LIMITED,L
ORIENTCER,EQ,ORIENT CERATECH LIMITED,L
ORIENTLTD,EQ,ORIENT PRESS LIMITED,L
OSIAHYPER,BE,OSIA HYPER RETAIL LIMITED,L
OSWALAGRO,EQ,OSWAL AGRO MILLS LTD,L
OSWALSEEDS,BE,SHREEOSWAL S AND CHE LTD,L
OWAIS,SM,OWAIS METAL & MINERAL,L
PAISALO,EQ,PAISALO DIGITAL LIMITED,L
PALREDTEC,BE,PALRED TECHNOLOGIES LTD,L
PANACHE,EQ,PANACHE DIGILIFE LIMITED,L
PARACABLES,BE,PARAMOUNT COMM LTD,L
PARSVNATH,EQ,PARSVNATH DEVELOPER LTD,L
PATANJALI,EQ,PATANJALI FOODS LIMITED,L
PATTECH,ST,PATTECH FITWELL TUB COM L,L
PAVNAIND,EQ,PAVNA INDUSTRIES LIMITED,L
PAYTM,EQ,ONE 97 COMMUNICATIONS LTD,L
PCJEWELLER,EQ,PC JEWELLER LTD,L
PEARLPOLY,BE,PEARL POLYMERS LTD,L
PENINLAND,EQ,PENINSULA LAND LIMITED,L
PERFECT,SM,PERFECT INFRAENGINEER LTD,L
PIGL,BE,POWER INSTRUMENT (G) LTD,L
PIONEEREMB,EQ,PIONEER EMBROIDERIES LTD,L
PLAZACABLE,EQ,PLAZA WIRES LIMITED,L
POCL,EQ,PONDY OXIDES & CHEM LTD,L
PPL,EQ,PRAKASH PIPES LIMITED,L
PRAENG,BE,PRAJAY ENG. SYN. LTD.,L
PRAMARA,SM,PRAMARA PROMOTIONS LTD,L
PRATHAM,SM,PRATHAM EPC PROJECTS LTD,L
PRAXIS,BE,PRAXIS HOME RETAIL LTD,L
PREMEXPLN,EQ,PREMIER EXPLOSIVES LTD,L
PREMIER,BE,PREMIER LIMITED,L
PRESTIGE,EQ,PRESTIGE ESTATE LTD,L
PRITI,EQ,PRITI INTERNATIONAL LTD,L
PRITIKA,SM,PRITIKA ENG COMPO LTD,L
PRITIKAUTO,EQ,PRITIKA AUTO INDUS LTD,L
PRLIND,SM,PREMIER ROADLINES LIMITED,L
PROLIFE,SM,PROLIFE INDUSTRIES LTD,L
PRUDMOULI,BE,PRUDENTIAL SUGAR CORPORAT,L
PTC,EQ,PTC INDIA LIMITED,L
PURVA,BE,PURAVANKARA LIMITED,L
PURVFLEXI,SM,PURV FLEXIPACK LIMITED,L
PVP,EQ,PVP VENTURES LIMITED,L
QMSMEDI,SM,QMS MEDICAL ALLIED S LTD,L
QUADPRO,SM,QUADPRO ITES LIMITED,L
QUESTLAB,ST,QUEST LABORATORIES LTD,L
RADAAN,BE,RADAAN MEDIAWORKS (I) LTD,L
RAILTEL,EQ,RAILTEL CORP OF IND LTD,L
RAIN,EQ,RAIN INDUSTRIES LIMITED,L
RAJMET,BE,RAJNANDINI METAL LIMITED,L
RAJRILTD,BE,RAJ RAYON INDUSTRIES LTD,L
RAMANEWS,EQ,SHREE RAMA NEWSPRINT LTD,L
RAMCOSYS,BE,RAMCO SYSTEMS LTD,L
RAMKY,EQ,RAMKY INFRA LTD,L
RANEENGINE,EQ,RANE ENG VALVE LTD,L
RBMINFRA,SM,RBM INFRACON LIMITED,L
RBZJEWEL,BE,RBZ JEWELLERS LIMITED,L
RCOM,BE,RELIANCE COMMUNICATIONS L,L
REFEX,EQ,REFEX INDUSTRIES LIMITED,L
REFRACTORY,SM,REFRACTORY SHAPES LIMITED,L
RELINFRA,EQ,RELIANCE INFRASTRUCTU LTD,L
REMSONSIND,EQ,REMSONS INDUSTRIES LTD,L
REXPIPES,SM,REX PIPES AND CABLES LTD,L
RHL,BE,ROBUST HOTELS LIMITED,L
RICHA,SM,RICHA INFO SYSTEMS LTD,L
RKDL,EQ,RAVI KUMAR DIST. LTD.,L
RKEC,EQ,RKEC PROJECTS LIMITED,L
ROCKINGDCE,SM,ROCKINGDEALS CIRCU ECO L,L
ROLTA,BZ,ROLTA INDIA LTD,L
ROML,BE,RAJ OIL MILLS LIMITED,L
RPOWER,EQ,RELIANCE POWER LTD.,L
RPPINFRA,BE,R.P.P INFRA PROJECTS LTD.,L
RPPL,BE,RAJSHREE POLYPACK LTD,L
RRKABEL,EQ,R R KABEL LIMITED,L
RSSOFTWARE,BE,R. S. SOFTWARE (INDIA) LI,L
RTNINDIA,EQ,RATTANINDIA ENT LIMITED,L
RTNPOWER,BE,RATTANINDIA POWER LIMITED,L
RUCHINFRA,EQ,RUCHI INFRASTRUCTURE LTD,L
RULKA,ST,RULKA ELECTRICALS LIMITED,L
RUSTOMJEE,EQ,KEYSTONE REALTORS LIMITED,L
RVHL,EQ,RAVINDER HEIGHTS LIMITED,L
RVNL,EQ,RAIL VIKAS NIGAM LIMITED,L
S&SPOWER,BE,S&S POWER SWITCHGEARS,L
SABAR,SM,SABAR FLEX INDIA LIMITED,L
SADBHAV,BE,SADBHAV ENGINEERING LTD,L
SADBHIN,EQ,SADBHAV INFRA PROJ LTD.,L
SAGARDEEP,EQ,SAGARDEEP ALLOYS LIMITED,L
SAHANA,SM,SAHANA SYSTEM LIMITED,L
SALASAR,EQ,SALASAR TECHNO ENGG. LTD.,L
SALZERELEC,EQ,SALZER ELECTRONICS LTD,L
SAMBHAAV,BE,SAMBHAAV MEDIA LTD,L
SAMPANN,EQ,SAMPANN UTPADAN INDIA LTD,L
SANCO,BZ,SANCO INDUSTRIES LIMITED,L
SANDUMA,EQ,SANDUR MANG & IRON ORES L,L
SANGINITA,EQ,SANGINITA CHEMICALS LTD,L
SARLAPOLY,EQ,SARLA PERF. FIBERS LTD,L
SARTELE,SM,SAR TELEVENTURE LIMITED,L
SARVESHWAR,EQ,SARVESHWAR FOODS LIMITED,L
SBC,EQ,SBC EXPORTS LIMITED,L
SBGLP,EQ,SURATWWALA BUS GROUP LTD,L
SCHNEIDER,EQ,SCHNEIDER ELECTRIC INFRA,L
SCI,EQ,SHIPPING CORP OF INDIA LT,L
SCILAL,EQ,SHIPPING CORP OF ILA LTD,L
SCML,SM,SHARP CHUCKS N MACHINES L,L
SEAMECLTD,EQ,SEAMEC LIMITED,L
SECL,SM,SALASAR EXTERIOR CONT LTD,L
SECMARK,BE,SECMARK CONSULTANCY LTD,L
SEJALLTD,BE,SEJAL GLASS LIMITED,L
SEL,SM,SUNGARNER ENERGIES LTD,L
SEMAC,BE,SEMAC CONSULTANTS LIMITED,L
SEPC,EQ,SEPC LIMITED,L
SERVOTECH,EQ,SERVOTECH POWER SYS LTD.,L
SEYAIND,BE,SEYA INDUSTRIES LIMITED,L
SHAH,EQ,SHAH METACORP LIMITED,L
SHAHALLOYS,EQ,SHAH ALLOYS LIMITED,L
SHAKTIPUMP,EQ,SHAKTI PUMPS (I) LTD,L
SHALPAINTS,EQ,SHALIM PAINTS LTD,L
SHANTI,BE,SHANTI OVERSEAS INDIA LTD,L
SHEETAL,ST,SHEETAL UNIVERSAL LIMITED,L
SHIVAMAUTO,EQ,SHIVAM AUTO.LTD,L
SHIVAMILLS,EQ,SHIVA MILLS LIMITED,L
SHIVATEX,EQ,SHIVA TEXYARN LIMITED,L
SHRENIK,EQ,SHRENIK LIMITED,L
SHRIRAMPPS,EQ,SHRIRAM PROPERTIES LTD,L
SHUBHLAXMI,SM,SHUBHLAXMI JEWEL ART LTD,L
SHYAMCENT,BE,SHYAM CENTURY FERROUS LTD,L
SICALLOG,BE,SICAL LOGISTICS LIMITED,L
SIDDHIKA,SM,SIDDHIKA COATINGS LIMITED,L
SIGNPOST,EQ,SIGNPOST INDIA LIMITED,L
SIKKO,EQ,SIKKO INDUSTRIES LIMITED,L
SILLYMONKS,EQ,SILLY MONKS ENTERTAIN LTD,L
SIMPLEXINF,BE,SIMPLEX INFRASTRUCTURES L,L
SINDHUTRAD,EQ,SINDHU TRADE LINKS LTD,L
SITINET,BE,SITI NETWORKS LIMITED,L
SJLOGISTIC,SM,S J LOGISTICS (INDIA) LTD,L
SJVN,EQ,SJVN LTD,L
SKIPPERPP,E1,SKIPPER RE.0.25 PPD UP,L
SKYGOLD,BE,SKY GOLD LIMITED,L
SMARTLINK,BE,SMARTLINK HOLDINGS LTD,L
SMLISUZU,EQ,SML ISUZU LIMITED,L
SMLT,EQ,SARTHAK METALS LIMITED,L
SOBHA,EQ,SOBHA LIMITED,L
SOFTTECH,EQ,SOFTTECH ENGINEERS LTD,L
SOLARA,EQ,SOLARA ACTIVE PHA SCI LTD,L
SOLARA-RE,BE,SOLARA ACTIVE PHA SCI LTD,L
SOLARINDS,EQ,SOLAR INDUSTRIES (I) LTD,L
SOLEX,SM,SOLEX ENERGY LIMITED,L
SOMICONVEY,EQ,SOMI CONVEYOR BELT. LTD.,L
SPARC,EQ,SUN PHARMA ADV.RES.CO.LTD,L
SPECTRUM,SM,SPECTRUM ELECTRIC IND LTD,L
SPMLINFRA,EQ,SPML INFRA LIMITED,L
SPRL,ST,SP REFRACTORIES LIMITED,L
SPTL,BZ,SINTEX PLASTICS TECH LTD,L
SRPL,BE,SHREE RAM PROTEINS LTD.,L
SSFL,SM,SRIVARI SPICES N FOODS L,L
STAR,EQ,STRIDES PHARMA SCI LTD,L
STARTECK,BE,STARTECK FINANCE LIMITED,L
STEELXIND,EQ,STEEL EXCHANGE INDIA LTD,L
SUMIT,BE,SUMIT WOODS LIMITED,L
SUPREMEPWR,SM,SUPREME POWER EQUIPMENT L,L
SURAJEST,EQ,SURAJ ESTATE DEVELOPERS L,L
SURANASOL,BE,SURANA SOLAR LIMITED,L
SURANAT&P,EQ,SURANA TELECOM AND POW LT,L
SURANI,SM,SURANI STEEL TUBES LTD.,L
SUULD,EQ,SUUMAYA INDUSTRIES LTD,L
SUVEN,EQ,SUVEN LIFE SCIENCES LTD,L
SUVIDHAA,EQ,SUVIDHAA INFOSERVE LTD,L
SUZLON,BE,SUZLON ENERGY LIMITED,L
SVPGLOB,EQ,SVP GLOBAL TEXTILES LTD,L
SWANENERGY,EQ,SWAN ENERGY LIMITED,L
SWARAJ,SM,SWARAJ SUITING LIMITED,L
SWELECTES,EQ,SWELECT ENERGY SYS LTD,L
SWSOLAR,EQ,STRLNG & WIL REN ENE LTD,L
SYNCOMF,EQ,SYNCOM FORMU (I) LTD,L
TAC,SM,TAC INFOSEC LIMITED,L
TAINWALCHM,BE,TAINWALA CHEMICAL AND PLA,L
TAKE,EQ,TAKE SOLUTIONS LTD,L
TAPIFRUIT,SM,TAPI FRUIT PROCESSING LTD,L
TARACHAND,BE,TARA CHAND INFRA SOLN LTD,L
TATAINVEST,EQ,TATA INVESTMENT CORP LTD,L
TCL,SM,THAAI CASTING LIMITED,L
TCLCONS,EQ,TANTIA CONSTRUCTIONS LTD,L
TECHLABS,SM,TRIDENT TECHLABS LIMITED,L
TECHNOE,EQ,TECHNO ELEC & ENG CO. LTD,L
TECILCHEM,EQ,TECIL CHEMICALS,L
TEJASNET,EQ,TEJAS NETWORKS LIMITED,L
TEXRAIL,EQ,TEXMACO RAIL & ENG. LTD.,L
TFCILTD,EQ,TOURISM FINANCE CORP. OF,L
THEINVEST,EQ,THE INVEST TRUST OF IND L,L
THOMASCOOK,EQ,THOMAS COOK (INDIA) LTD,L
THOMASCOTT,BE,THOMAS SCOTT (INDIA) LTD,L
TIMESCAN,SM,TIMESCAN LOGISTICS IND L,L
TIMESGTY,BE,TIMES GUARANTY LIMITED,L
TIPSFILMS,EQ,TIPS FILMS LIMITED,L
TIRUPATIFL,EQ,TIRUPATI FORGE LIMITED,L
TITAGARH,EQ,TITAGARH RAIL SYSTEMS LTD,L
TOUCHWOOD,EQ,TOUCHWOOD ENTERTAIN LTD.,L
TPHQ,BE,TEAMO PRODUCTIONS HQ LTD,L
TPLPLASTEH,EQ,TPL PLASTECH LIMITED,L
TREEHOUSE,EQ,TREE HOUSE EDU LTD,L
TREJHARA,BE,TREJHARA SOLUTIONS LTD,L
TRF,BE,TRF LIMITED,L
TRIL,BE,TRANS & RECTI. LTD,L
TRUST,SM,TRUST FINTECH LIMITED,L
TV18BRDCST,EQ,TV18 BROADCAST LIMITED,L
UMAEXPORTS,BE,UMA EXPORTS LIMITED,L
UNIINFO,BE,UNIINFO TELECOM SERVI LTD,L
UNIONBANK,EQ,UNION BANK OF INDIA,L
UNITECH,BZ,UNITECH LIMITED,L
UNIVASTU,BE,UNIVASTU INDIA LIMITED,L
URBAN,SM,URBAN ENVIRO WASTE MGMT L,L
URJA,EQ,URJA GLOBAL LIMITED,L
USK,EQ,UDAYSHIVAKUMAR INFRA LTD,L
V2RETAIL,BE,V2 RETAIL LIMITED,L
VAIBHAVGBL,EQ,VAIBHAV GLOBAL LIMITED,L
VARDMNPOLY,EQ,VARDHMAN POLYTEX LTD.,L
VCL,BE,VAXTEX COTFAB LIMITED,L
VEDL,EQ,VEDANTA LIMITED,L
VEEKAYEM,SM,VEEKAYEM FASH & APP LTD,L
VELS,SM,VELS FILM INTERNATIONAL L,L
VERITAAS,SM,VERITAAS ADVERTISING LTD,L
VERTEXPLUS,ST,VERTEXPLUS TECHNOLOGIES L,L
VERTOZ,BE,VERTOZ ADVERTISING LTD,L
VIAZ,SM,VIAZ TYRES LIMITED,L
VIKASLIFE,EQ,VIKAS LIFECARE LIMITED,L
VILAS,ST,VILAS TRANSCORE LIMITED,L
VINNY,EQ,VINNY OVERSEAS LIMITED,L
VINYAS,SM,VINYAS INNOVATIVE TECH L,L
VISAKAIND,EQ,VISAKA INDUSTRIES LIMITED,L
VISHNUINFR,SM,VISHNUSURYA PROJ N INFR L,L
VIVIANA,SM,VIVIANA POWER TECH LTD,L
VIVO,SM,VIVO COLLAB SOLUTIONS LTD,L
VLEGOV,BE,VL E GOV AND IT SOL LTD,L
VMARCIND,SM,V MARC INDIA LIMITED,L
VSCL,ST,VADIVARHE SPCLTY CHEM LTD,L
VSTL,BE,VIBHOR STEEL TUBES LTD,L
WALCHANNAG,EQ,WALCHANDNAGAR INDUSTRIES,L
WALPAR,SM,WALPAR NUTRITIONS LIMITED,L
WANBURY,EQ,WANBURY LIMITED,L
WEBELSOLAR,BE,WEBSOL ENERGY SYSTEM LTD,L
WEL,BE,WONDER ELECTRICALS LTD,L
WELCORP,EQ,WELSPUN CORP LIMITED,L
WEWIN,BE,WE WIN LIMITED,L
WINSOME,BE,WINSOME YARNS LIMITED,L
WOCKPHARMA,EQ,WOCKHARDT LIMITED,L
WOMANCART,SM,WOMANCART LIMITED,L
WSI,EQ,W.S.INDUSTRIES (I) LTD.,L
XELPMOC,BE,XELPMOC DESIGN & TECH LTD,L
YAARI,BE,YAARI DIGI INT SER LTD,L
YUDIZ,SM,YUDIZ SOLUTIONS LIMITED,L
YUKEN,EQ,YUKEN INDIA LIMITED,L
ZEELEARN,BE,ZEE LEARN LIMITED,L
ZEEMEDIA,EQ,ZEE MEDIA CORPORATION LTD,L
ZENITHEXPO,EQ,ZENITH EXPORTS LTD,L
ZENITHSTL,EQ,ZENITH STEEL PIP IND LTD,L
ZENTEC,EQ,ZEN TECHNOLOGIES LIMITED,L
