GAIN_LOSS,SECURITY,CLOSE_PRIC,PREV_CL_PR,PERCENT_CG
 ,Nifty 50 Sec., , , 
 , , , , 
G,HINDUSTAN UNILEVER LTD.,      2496.30,      2355.90,5.96
G,NESTLE INDIA LIMITED,      2427.75,      2355.05,3.09
G,BRITANNIA INDUSTRIES LTD,      5325.10,      5167.80,3.04
G,HERO MOTOCORP LIMITED,      5310.70,      5160.60,2.91
G,TATA CONSUMER PRODUCT LTD,      1087.00,      1069.15,1.67
G,CIPLA LTD,      1462.55,      1452.35,.7
G,TATA CONSULTANCY SERV LT,      3715.00,      3702.85,.33
G,DIVI S LABORATORIES LTD,      4324.15,      4321.90,.05
 , , , , 
L,ADANI PORT & SEZ LTD,      1248.95,      1583.95,-21.15
L,ADANI ENTERPRISES LIMITED,      2941.25,      3645.25,-19.31
L,OIL AND NATURAL GAS CORP.,       236.30,       284.10,-16.83
L,NTPC LTD,       331.25,       391.80,-15.45
L,STATE BANK OF INDIA,       775.20,       905.65,-14.4
L,COAL INDIA LTD,       441.90,       512.35,-13.75
L,BHARAT PETROLEUM CORP  LT,       580.20,       666.15,-12.9
L,LARSEN & TOUBRO LTD.,      3403.20,      3897.15,-12.67
L,POWER GRID CORP. LTD.,       295.95,       337.65,-12.35
L,SHRIRAM FINANCE LIMITED,      2260.70,      2509.15,-9.9
L,INDUSIND BANK LIMITED,      1391.50,      1529.70,-9.03
L,TATA STEEL LIMITED,       158.95,       174.25,-8.78
L,JSW STEEL LIMITED,       841.85,       915.30,-8.02
L,ICICI BANK LTD.,      1071.45,      1160.00,-7.63
L,AXIS BANK LIMITED,      1131.25,      1223.90,-7.57
L,RELIANCE INDUSTRIES LTD,      2794.55,      3020.65,-7.49
L,HINDALCO  INDUSTRIES  LTD,       649.05,       695.95,-6.74
L,BHARTI AIRTEL LIMITED,      1299.70,      1391.10,-6.57
L,BAJAJ FINSERV LTD.,      1477.30,      1575.80,-6.25
L,BAJAJ FINANCE LIMITED,      6509.55,      6915.55,-5.87
L,HDFC BANK LTD,      1483.15,      1572.20,-5.66
L,ULTRATECH CEMENT LIMITED,      9918.30,     10470.05,-5.27
L,TATA MOTORS LIMITED,       903.90,       950.45,-4.9
L,GRASIM INDUSTRIES LTD,      2256.40,      2368.80,-4.75
L,KOTAK MAHINDRA BANK LTD,      1637.95,      1718.05,-4.66
L,SBI LIFE INSURANCE CO LTD,      1338.85,      1391.50,-3.78
L,EICHER MOTORS LTD,      4495.40,      4670.85,-3.76
L,ITC LTD,       415.20,       430.35,-3.52
L,HDFC LIFE INS CO LTD,       534.45,       550.10,-2.84
L,MARUTI SUZUKI INDIA LTD.,     12176.05,     12476.15,-2.41
 , , , , 
 ,Nifty Next 50 Sec., , , 
 , , , , 
G,DABUR INDIA LTD,       578.20,       544.80,6.13
G,AVENUE SUPERMARTS LIMITED,      4548.75,      4349.35,4.58
G,COLGATE PALMOLIVE LTD.,      2809.75,      2687.15,4.56
G,MARICO LIMITED,       614.55,       594.10,3.44
G,GODREJ CONSUMER PRODUCTS,      1348.45,      1306.50,3.21
G,PIDILITE INDUSTRIES LTD,      3062.20,      2984.60,2.6
G,UNITED SPIRITS LIMITED,      1204.00,      1181.10,1.94
G,TORRENT PHARMACEUTICALS L,      2694.00,      2677.95,0.6
 , , , , 
L,REC LIMITED,       452.20,       604.50,-25.19
L,POWER FIN CORP LTD.,       426.75,       554.80,-23.08
L,ADANI ENERGY SOLUTION LTD,       977.60,      1221.95,-20
L,BHARAT ELECTRONICS LTD,       255.55,       318.65,-19.8
L,ADANI GREEN ENERGY LTD,      1646.00,      2038.00,-19.23
L,ADANI TOTAL GAS LIMITED,       908.70,      1119.40,-18.82
L,HINDUSTAN AERONAUTICS LTD,      4333.35,      5273.65,-17.83
L,GAIL (INDIA) LTD,       190.30,       230.80,-17.55
L,ADANI POWER LTD,       722.95,       874.50,-17.33
L,AMBUJA CEMENTS LTD,       556.60,       670.80,-17.02
L,BANK OF BARODA,       248.25,       296.95,-16.4
L,PUNJAB NATIONAL BANK,       115.35,       137.00,-15.8
L,CANARA BANK,       109.85,       128.25,-14.35
L,INDIAN RAIL TOUR CORP LTD,       912.05,      1054.25,-13.49
L,LIFE INSURA CORP OF INDIA,       927.85,      1067.65,-13.09
L,INDIAN RAILWAY FIN CORP L,       164.95,       188.95,-12.7
L,TATA POWER CO LTD,       399.60,       456.55,-12.47
L,SIEMENS LTD,      6372.15,      7274.00,-12.4
L,DLF LIMITED,       763.00,       869.15,-12.21
L,ABB INDIA LIMITED,      7666.75,      8728.00,-12.16
L,INDIAN OIL CORP LTD,       154.50,       175.30,-11.87
L,JINDAL STEEL & POWER LTD,       960.15,      1057.45,-9.2
L,VEDANTA LIMITED,       417.85,       457.85,-8.74
L,JIO FIN SERVICES LTD,       332.95,       356.10,-6.5
L,HAVELLS INDIA LIMITED,      1773.00,      1879.30,-5.66
L,INTERGLOBE AVIATION LTD,      4073.20,      4298.05,-5.23
L,SAMVRDHNA MTHRSN INTL LTD,       142.15,       149.45,-4.88
L,CHOLAMANDALAM IN & FIN CO,      1231.40,      1288.65,-4.44
L,ICICI LOMBARD GIC LIMITED,      1536.25,      1600.65,-4.02
L,SBI CARDS & PAY SER LTD,       677.40,       705.20,-3.94
 , , , , 
 ,OTHER SECURITIES, , , 
 , , , , 
G,NAVIAMC - NAVINIFTY,       265.03,       242.01,9.51
G,HERITAGE FOODS LTD,       455.45,       426.60,6.76
G,INDIFRA LIMITED,        36.45,        34.50,5.65
G,PASHUPATI COTSPIN LIMITED,       276.75,       263.60,4.99
G,TEERTH GOPICON LIMITED,       280.10,       266.80,4.99
G,GSM FOILS LIMITED,        37.00,        35.25,4.96
G,TCI FINANCE LTD,         7.95,         7.60,4.61
G,ICICI PRUD NIFTY 100 ETF,        27.90,        26.73,4.38
G,SP REFRACTORIES LIMITED,       358.50,       343.65,4.32
G,BFAM - NIFTYBETF,       243.33,       234.25,3.88
G,ARIHANT ACADEMY LIMITED,       140.00,       135.00,3.7
G,SEC RED NCD 9.30% SR. II,      1069.50,      1035.00,3.33
G,DSPAMC - DSPQ50ETF,       239.43,       232.51,2.98
G,NAGREEKA CAP & INFR.LTD,        21.00,        20.40,2.94
G,SUN TV NETWORK LIMITED,       692.10,       672.60,2.9
G,UNITED BREWERIES LTD,      1925.75,      1876.30,2.64
G,HDFCAMC - HDFCSENSEX,        86.41,        84.37,2.42
G,BANDHANAMC - IDFNIFTYET,       252.31,       246.68,2.28
G,VMART RETAIL LTD,      2198.00,      2149.20,2.27
G,MAX INDIA LIMITED,       263.55,       257.80,2.23
G,ICICIPRAMC - ICICIFMCG,        57.81,        56.58,2.17
G,POLYSIL IRRIGATION SYST L,        35.50,        34.75,2.16
G,MAX HEALTHCARE INS LTD,       780.75,       765.20,2.03
G,AXISAMC - AXISNIFTY,       255.79,       250.79,1.99
G,A B INFRABUILD LIMITED,        51.00,        50.05,1.9
G,LEXUS GRANITO (INDIA) LTD,        40.45,        39.70,1.89
G,2.50%GOLDBONDS 2025TR-VII,      7434.99,      7299.99,1.85
G,2.50%GOLDBONDS2027SR-V,      7425.00,      7299.00,1.73
G,2.50% GOLDBONDS2025SR-III,      7425.00,      7305.00,1.64
G,KCK INDUSTRIES LTD,       165.90,       163.40,1.53
 , , , , 
L,BHEL,       246.55,       311.45,-20.84
L,STEEL AUTHORITY OF INDIA,       133.05,       166.35,-20.02
L,HSG & URBAN DEV CORPN LTD,       229.70,       287.10,-19.99
L,VERITAAS ADVERTISING LTD,       170.30,       212.85,-19.99
L,J & K BANK LTD.,       108.55,       135.60,-19.95
L,BODHI TREE MULTIMEDIA LTD,        11.70,        14.60,-19.86
L,TITAGARH RAIL SYSTEMS LTD,      1197.20,      1492.50,-19.79
L,BEML LIMITED,      3757.05,      4673.55,-19.61
L,VALOR ESTATE LIMITED,       164.30,       203.95,-19.44
L,HFCL LIMITED,        83.45,       103.55,-19.41
L,HINDUSTAN COPPER LTD,       298.60,       370.50,-19.41
L,KAYNES TECHNOLOGY IND LTD,      2836.80,      3517.50,-19.35
L,CONTAINER CORP OF IND LTD,       948.75,      1174.25,-19.2
L,NATIONAL ALUMINIUM CO LTD,       158.55,       196.20,-19.19
L,NDTV LTD,       213.55,       263.40,-18.93
L,JUPITER WAGONS LIMITED,       524.90,       647.20,-18.9
L,BALMER LAWRIE & CO LTD,       227.65,       279.55,-18.57
L,UNION BANK OF INDIA,       139.00,       170.00,-18.24
L,AMIABLE LOGISTICS (I) LTD,        66.20,        80.95,-18.22
L,MSTC LIMITED,       755.80,       922.90,-18.11
L,SURAJ ESTATE DEVELOPERS L,       322.05,       391.55,-17.75
L,MAZAGON DOCK SHIPBUIL LTD,      2679.50,      3257.60,-17.75
L,PTC INDIA LIMITED,       180.45,       219.30,-17.72
L,VODAFONE IDEA LIMITED,        13.20,        16.00,-17.5
L,ENGINEERS INDIA LTD,       222.35,       268.90,-17.31
L,IRCON INTERNATIONAL LTD,       237.30,       286.95,-17.3
L,TEXMACO RAIL & ENG. LTD.,       171.90,       207.65,-17.22
L,SHIPPING CORP OF INDIA LT,       214.90,       259.20,-17.09
L,GUJARAT ALKALIES & CHEM,       655.65,       789.80,-16.99
L,ASTRA MICROWAVE LTD,       723.90,       871.80,-16.96
