SECURITY,NEW,PREVIOUS,NEW_STATUS
HERO MOTOCORP LIMITED,5349,5314,H
PASHUPATI COTSPIN LIMITED,276.75,271.4,H
ICICIPRAMC - ICICICONSU,111.94,110.98,H
ICICIPRAMC - IPRU5008,53.35,51.96,H
DSPAMC - DSPN50ETF,260,259.8,H
GUJARAT RAFFIA INDUST LTD,44.9,44.3,H
GVP INFOTECH LIMITED,15.85,15.1,H
2.5%GOLDBONDS2028SR-III,7445,7400,H
A2Z INFRA ENGINEERING LTD,20.15,19.7,H
GOI TBILL 91D-02/08/24,98.62,98.6,H
THERMAX LTD,5699.95,5699.9,H
QUANTUM NIFTY 50 ETF,2542.5,2509.42,H
MIRAEAMC - MAM150ETF,20.65,20.25,H
SUPREME POWER EQUIPMENT L,213.95,212.7,H
SUZLON ENERGY LIMITED,52.1,50,H
RATTANINDIA POWER LIMITED,21.1,20.1,H
GSM FOILS LIMITED,37,35.25,H
THE PHOENIX MILLS LTD,3423.45,3389.8,H
SBI-ETF NIFTY BANK,530,525,H
BANDHANAMC - IDFNIFTYET,269.9,255,H
ICICI PRUD NIFTY ETF,265,261.3,H
SHREE VASU LOGISTICS LTD,246.5,235.1,H
SEC RE NCD 7.90% STRPP A,305.91,305.5,H
MIRAEAMC - MAN50ETF,254.25,250.98,H
DSPAMC - DSPBANKETF,58.92,52.11,H
DSPAMC - DSPPSBKETF,82.9,82,H
SEC RE NCD 8.50% SR.III,1072.5,1071,H
SEC RE NCD 8.66% SR.VI,998.35,996.35,H
SEC RE NCD 9.05% SR.I,1036.8,1036.35,H
NIP IND ETF JUNIOR BEES,769,754.1,H
ICICIPRAMC - PSUBANKICI,86.7,84,H
NAVIAMC - NAVINIFTY,272,255,H
PTC INDUSTRIES LIMITED,10174.85,10055.5,H
GOI TBILL 182D-11/07/24,99,98.94,H
7.74% TAX FREE NCD,1155.79,1148,H
UJAAS ENERGY LIMITED,177.35,168.95,H
UNSERENCD9.1%SRIIICIII&IV,1091.9,1090,H
ATLANTAA LIMITED,38.5,38,H
SEC RE NCD 10.75% SR II,1008.67,1003,H
BLUE STAR LIMITED,1689.55,1648.85,H
ICICIPRAMC - BHARATIWIN,117,116.37,H
ICICIPRAMC - ICICINXT50,75.65,75.48,H
SAHANA SYSTEM LIMITED,1383.75,1317.9,H
SHEKHAWATI POLY-YARN LTD.,3.75,3.7,H
2.50%GOLDBONDS2027SR-V,7425,7420,H
TRANS & RECTI. LTD,771.75,769.1,H
OWAIS METAL & MINERAL,1324.5,1322.65,H
NITIRAJ ENGINEERS LTD,231.95,227.45,H
TEERTH GOPICON LIMITED,280.1,268.8,H
GOI LOAN 8.6% 2028,113.92,109.2,H
NIP IND ETF MIDCAP 150,213.05,211.97,H
ROLLATAINERS LIMITED,3.95,3.9,H
SEC RE NCD 10.49% SR.VII,1000,988,H
KODY TECHNOLAB LIMITED,2110.35,2009.9,H
DSPAMC - DSPQ50ETF,240.6,239,H
DSPAMC - LIQUIDADD,1013.03,1012.87,H
E2E NETWORKS LIMITED,1438.6,1370.1,H
2.50%GOLDBONDS2029SR-V,7499,7495,H
BAHETI RECYCLING IND LTD,313.95,307.45,H
SRNCD SR VII,2412,2410,H
GOI TBILL 182D-27/06/24,99.5,99.32,H
GOI TBILL 91D-13/06/24,99.85,99.8,H
MANGALAM GLOBAL ENT LTD,1.1,0.8,H
BIRLASLAMC-ABSLPSE,11.6,11.45,H
VICEROY HOTELS LIMITED,81.8,77.95,H
SEC RE NCD SR.III,1119,1088,H
MARICO LIMITED,620,615.9,H
MOTILAL OSWAL M50 ETF,245.5,241.99,H
MOTILALAMC - MONIFTY500,24.5,24.08,H
HDFCAMC - HDFCNIFTY,265,262.9,H
DSPAMC - DSPNEWETF,307,302,H
DSPAMC - DSPPVBKETF,26.35,25.87,H
DSPAMC - DSPSENXETF,80,78.54,H
GOI TBILL 364D-31/10/24,96.73,96.37,H
SP REFRACTORIES LIMITED,359,343.8,H
UTIAMC - NIFMID150,210.77,210,H
DHANI LOANS & SERV LTD,1095,1094,H
GOI TBILL 182D-24/10/24,97.09,97.01,H
REFRACTORY SHAPES LIMITED,157.5,152.35,H
GOI TBILL 182D-22/11/24,96.51,96.49,H
UTIAMC - UTISENSETF,888,865,H
MOTILAL OS MIDCAP100 ETF,58.65,57.99,H
GOI LOAN  7.25% 2063,104.99,104.94,H
HDFCAMC - HDFCBSE500,36,35.49,H
AXISAMC - AXISBNKETF,540,519.65,H
SRI ADHIKARI BRO TELE N L,173.25,169.9,H
DJ MEDIAPRINT & LOG LTD,352,348.85,H
GOI TBILL 182D-18/07/24,98.98,98.26,H
BFAM - BANKBETF,52,51.38,H
GOI TBILL 182D-08/08/24,98.63,98.61,H
TV VISION LIMITED,7.05,6.95,H
GOI TBILL 364D-29/08/24,97.94,97.88,H
SPECTRUM TALENT MGMT LTD,73.55,74.15,L
SADHANA NITROCHEM LIMITED,49.1,54.75,L
BARBEQUE NATION HOSP. LTD,461.05,481.85,L
HP ADHESIVES LIMITED,87.5,90.8,L
ICICIPRAMC - ICICITECH,34.1,34.33,L
NET AVENUE TECHNOLOGIES L,15.5,17.5,L
NOVA AGRITECH LIMITED,45,47.7,L
L&T FINANCE LIMITED,144.6,150.75,L
ALLCARGO GATI LIMITED,90,95.35,L
ARCHIDPLY DECOR LIMITED,76.4,77.1,L
ATAL REALTECH LIMITED,7.5,7.85,L
DIGIDRIVE DISTRIBUTORS L,32.45,33.55,L
CREDO BRANDS MARKETING L,145.2,158.55,L
CADSYS (INDIA) LIMITED,314.3,315,L
RADIOWALLA NETWORK LTD,105,108.05,L
TBO TEK LIMITED,1231.65,1275,L
GLOSTER LIMITED,799.95,801.1,L
GO DIGIT GENERAL INS LTD,278.55,280,L
MIRAEAMC - MIDSMALL,45.5,48.2,L
7.36% TAX FREE NCD,1069,1076.01,L
GLOBESECURE TECHNO LTD,38.95,39.05,L
UNIPARTS INDIA LIMITED,454,479.4,L
RADIANT CASH MGMT SER LTD,71.1,73.05,L
RAMA PHOSPHATES LIMITED,144.55,158.55,L
SYNOPTICS TECHNOLOGIES L,97,97.45,L
VAXTEX COTFAB LIMITED,0.75,0.8,L
GPT HEALTHCARE LIMITED,128.7,139.6,L
ICICIPRAMC - ICICIALPLV,26.58,26.71,L
NAMAN IN-STORE (INDIA) L,80,88,L
7.69% TAX FREETRII SR2B,1141,1146.25,L
8.20 NCD05MAR27 FV 1000,1085,1087.3,L
DSPAMC - DSPITETF,32,32.71,L
SHEETAL UNIVERSAL LIMITED,58.8,59.65,L
K2 INFRAGEN LIMITED,135,135.5,L
TAX FREE  7.53% SR. 103 A,1140,1146.51,L
TAX FREE7.60% SR.IIB,1121.1,1125,L
BOND 8.10% PA TAX FREE S2,1112.01,1115,L
YASH OPTICS & LENS LTD,81.95,88.35,L
SEMAC CONSULTANTS LIMITED,642.95,676.75,L
SHREEOSWAL S AND CHE LTD,23.85,24.35,L
SDL MZ 7.74% 2033,95,100,L
SEC RE NCD SR 6,982,1000,L
TECIL CHEMICALS,21.4,22.5,L
FUTURE SUPP CHAIN SOL LTD,4.2,4.3,L
BCL INDUSTRIES LIMITED,45.85,47.1,L
INDIA PESTICIDES LIMITED,191.5,197.45,L
GOPAL SNACKS LIMITED,301.05,308.2,L
SAI SILKS (KALAMANDIR) L,144,168.4,L
SAHAJ FASHIONS LIMITED,18.2,18.7,L
SRM CONTRACTORS LIMITED,142.85,170.65,L
SIGNPOST INDIA LIMITED,228,258.55,L
INDIABULL RE.0.67 PPD UP,53.4,58.1,L
SONA MACHINERY LIMITED,117.5,123,L
SONAM LIMITED,34,37.8,L
INNOVA CAPTAB LIMITED,421.35,443.25,L
PARKHOTELS,146.5,164.6,L
POPULAR VEHICLES N SER L,199,207.8,L
PRESSTONIC ENGINEERING L,94.1,99.5,L
SHANTHALA FMCG PRODUCTS L,58,60,L
RATNAVEER PRECISION ENG L,107.1,109.55,L
DEEM ROLL TECH LIMITED,86,88,L
NANDANI CREATION LIMITED,47.05,47.85,L
9.00% UNSECURED NCD,996,1003,L
SERENCD 8.98% SR.VI OP2,1020,1039.5,L
SOLARA ACTIVE PHA SCI LTD,21.7,25.6,L
ENERGY MISSION MACH IND L,290,322.4,L
IRIS BUSINESS SERV LTD,228,232.65,L
RAMA STEEL TUBES LIMITED,9.9,11.7,L
DANGEE DUMS LIMITED,7.5,7.65,L
BAID FINSERV LIMITED,18.3,18.5,L
VARANIUM CLOUD LIMITED,16.05,16.9,L
IDEAFORGE TECHNO LTD,618.8,655.2,L
AATMAJ HEALTHCARE LIMITED,25,25.75,L
VELS FILM INTERNATIONAL L,51.3,52.5,L
YASONS CHEMEX CARE LTD,24.5,24.55,L
NEWJAISA TECHNOLOGIES LTD,75,78,L
MUKKA PROTEINS LIMITED,30,33.05,L
MANGALAM ORGANICS LIMITED,330,344,L
SECUREKLOUD TECH LIMITED,38.1,38.85,L
SIGNORIA CREATION LIMITED,120,126.45,L
PLAZA WIRES LIMITED,74.9,78.5,L
SINCLAIRS HOTELS LIMITED,100.55,109.95,L
GANDHAR OIL REFINE IND L,182.45,196.4,L
AARTECH SOLONICS LIMITED,189.25,193.1,L
YUDIZ SOLUTIONS LIMITED,55.1,56.35,L
UTIAMC - NIFITETF,322,326.85,L
COMMITTED CARGO CARE LTD,49.15,52.3,L
CAPITAL SMALL FIN BANK L,311.4,320,L
DCG CABLES & WIRES LTD,78,81.2,L
BALU FORGE INDUSTRIES LTD,222.85,268,L
RAJSHREE POLYPACK LTD,70.45,70.95,L
RAMDEVBABA SOLVENT LTD,80.1,86,L
BOND 8.65% PA TF TI-SIIB,1131,1146,L
SEC RE NCD 10.03% SR.VIII,900.09,903.25,L
SEC RE NCD 10.75% SR II,990,1003,L
SEC RE NCD 9.57% SR 3,949.9,952,L
VIBHOR STEEL TUBES LTD,231.75,241,L
SEC RE NCD 10.50% SR.VII,900,900.1,L
SEC RE NCD SR VI,982,1000,L
PREMIER ROADLINES LIMITED,68.65,83.6,L
HDFCAMC - HDFCNIFIT,32.59,33.01,L
IKIO LIGHTING LIMITED,245.45,261.1,L
C P S SHAPERS LIMITED,260.7,274.4,L
GREENCHEF APPLIANCES LTD,63.5,67.55,L
HMA AGRO INDUSTRIES LTD,48.1,48.5,L
HRH NEXT SERVICES LIMITED,26.8,28.5,L
LANCOR HOLDINGS LIMITED,42.3,42.5,L
LATENT VIEW ANALYTICS LTD,452.55,455,L
M.V.K. AGRO FOOD PROD LTD,36,41,L
SINTEX PLASTICS TECH LTD,0.8,0.85,L
BABA FOOD PROCESSING,48.2,50.55,L
TRUST FINTECH LIMITED,195.55,204,L
DAVANGERE SUGAR COMPANY L,9,9.85,L
CREATIVE GRAPHICS S IND L,159.7,167.15,L
AURUM RS. 3.12 PPD UP,108.15,112.3,L
PURV FLEXIPACK LIMITED,150,178.5,L
KOTAKMAMC - KOTAKIT,34.06,34.24,L
FILATEX FASHIONS LIMITED,8.5,10.45,L
WINSOL ENGINEERS LIMITED,305,352.1,L
GOKUL REFOILS & SOLV LTD,40,40.55,L
SOTAC PHARMACEUTICALS LTD,96.2,97,L
STERLITE TECHNOLOGIES LTD,109.5,110.1,L
ANMOL INDIA LIMITED,30,35.5,L
DELPHI WORLD MONEY LTD,173.2,182.5,L
DHAMPUR BIO ORGANICS LTD,113.25,114.9,L
QMS MEDICAL ALLIED S LTD,90.25,96.1,L
NURECA LIMITED,240,253.5,L
RISHABH INSTRUMENTS LTD,380,402.2,L
PATANJALI FOODS LIMITED,1169.95,1281,L
UNIHEALTH CONSULTANCY LTD,113.7,116.2,L
ELECTRO FORCE (INDIA) LTD,70.75,77.05,L
VALIANT LABORATORIES LTD,129.3,135,L
ESAF SMALL FINANCE BANK L,49,52.95,L
COMPUAGE INFOCOM LTD,3.6,3.75,L
PYRAMID TECHNOPLAST LTD,136,140,L
BAWEJA STUDIOS LIMITED,86.5,86.55,L
RASHI PERIPHERALS LIMITED,282.2,290.8,L
BLUE PEBBLE LIMITED,186,220,L
WELSPUN LIVING LIMITED,126,132.75,L
INDIAN EMULSIFIERS LTD,338.1,352.05,L
BIRLASLAMC-ABSLPSE,9.9,10.26,L
RULKA ELECTRICALS LIMITED,362.05,381.1,L
GOI TBILL 364D-29/05/25,92,93.5,L
TARSONS PRODUCTS LIMITED,389.1,390,L
TATVA CHIN PHARM CHEM LTD,975,1018,L
HARDWYN INDIA LIMITED,26.1,27.65,L
DEBOCK INDUSTRIES LIMITED,6.95,7,L
VERANDA LEARNING SOL LTD,135,151.6,L
MEGHMANI ORGANICS LIMITED,71.4,71.9,L
PVR INOX LIMITED,1204.2,1247.9,L
QUICKTOUCH TECHNOLOGIES L,110,110.6,L
BODHI TREE MULTIMEDIA LTD,11.7,14.25,L
SEC RE NCGB 8.25% STRPP C,241,241.8,L
MEDICO REMEDIES LIMITED,35.25,35.9,L
KRYSTAL INTEGRATED SER L,627.95,681.1,L
ASTRON PAPER BORD MIL LTD,20.2,20.6,L
JNK INDIA LIMITED,550,581.8,L
TAX FREE 7.69% SR. IIB,1162.5,1163.91,L
BANKA BIOLOO LIMITED,88.6,89.4,L
BLS E-SERVICES LIMITED,221.25,243.95,L
YATRA ONLINE LIMITED,120,124.55,L
INDEGENE LIMITED,470.1,501.25,L
SEC RE NCD 10.03% SR 5,951,951.1,L
SEC RED NCD 8.85% SR. VI,957.46,975,L
VIJI FINANCE LIMITED,2.65,2.7,L
AWFIS SPACE SOLUTIONS LTD,371.4,396,L
GOI TBILL 182D-22/11/24,96.29,96.41,L
QUEST LABORATORIES LTD,108.45,113.9,L
SEC RE NCD 9.35% SR IV,1015,1040,L
SILKFLEX POLYMERS INDIA L,50,52,L
BFAM - LIQUIDBETF,999.99,1000,L
AXITA COTTON LIMITED,19.75,20.85,L
HLE GLASCOAT LIMITED,400,404.95,L
SAMEERA AGRO AND INFRA L,76,77.05,L
IRM ENERGY LIMITED,433.2,435.05,L
ICICIPRAMC - ICICIFMCG,55.91,56.15,L
MUFIN GREEN FINANCE LTD,107.75,108.05,L
NDL VENTURES LIMITED,81.35,87.3,L
TATA TECHNOLOGIES LIMITED,982.25,1005,L
7.64% TAX FREETRI SR2B,1127.1,1131.5,L
DELAPLEX LIMITED,184.05,199,L
COMMERCIAL SYN BAGS LTD,58,62,L
CUPID LIMITED,86.95,89.25,L
ANSAL PROP & INFRA LTD,8.5,8.55,L
HEADS UP VENTURES LIMITED,10.95,11.2,L
SEC RED NCD 9.43% SR. VI,935,938,L
GOI TBILL 182D-28/11/24,93,96,L

