SYMBOL,SYMBOL P/E,ADJUSTED P/E
AURIONPRO,43.84,43.84
AIAENG,30.58,30.6
ORIENTCER,27.74,32.71
EKC,14.34,14.06
NITINSPIN,13.63,13.63
ENIL,27.61,28.52
GVKPIL,7.69,7.69
KEC,57.46,57.46
BLKASHYAP,31.89,31.89
SOLARINDS,102.14,102.14
KKCL,27.13,27.13
GPIL,14.45,14.66
EMKAY,12.75,12.75
BALPHARMA,24.29,24.29
RATNAMANI,37.8,37.8
ALLCARGO,46.01,60.52
EMAMILTD,38.03,37.77
TECHM,50.95,51.02
SELAN,26.8,26.8
HOVS,29.06,29.06
GEECEE,18.56,18.56
LTFOODS,13.27,13.27
RUCHIRA,7.57,7.57
NFL,80.1,80.1
AVTNPL,23.5,23.5
TIDEWATER,24.1,24.1
AUTOIND,29.16,29.24
UNOMINDA,68.19,69.9
ORIENTBELL,6333.59,6333.59
PFC,9.05,9.05
INDIANB,10.05,10.05
BALAMINES,29.29,29.29
NDLVENTURE,200.13,200.13
FORTIS,54.55,55.63
HILTON,37.72,37.72
V2RETAIL,63.91,63.91
CENTRALBK,24.36,24.36
CIEINDIA,25.25,25.25
PURVA,201.63,201.63
NAGREEKCAP,.8,.8
MANGCHEFER,8.14,8.14
BVCL,16.16,16.16
EDELWEISS,13.17,13.17
RGL,13.78,13.78
COLPAL,55.22,54.63
ECLERX,20.99,20.94
BRIGADE,78.95,78.95
MANAKSIA,8.41,6.37
DVL,26.08,26.08
ARIES,15.46,15.46
CORDSCABLE,26.81,26.81
HERCULES,41.13,41.13
SEPC,116.64,116.64
IRB,47.75,47.75
GSS,34.9,34.9
RECLTD,11.25,11.25
NESCO,16.8,16.8
TITAGARH,69.59,69.19
DIGISPICE,12.59,28.93
ALMONDZ,12.2,30.22
ARCHIDPLY,28.39,28.39
VINYLINDIA,29.37,29.37
ZFCVINDIA,81.14,81.14
JOCIL,99.29,99.29
ALKALI,99.27,82.69
TPHQ,20.28,20.28
MAWANASUG,10.4,10.4
MHRIL,69.13,69.13
EXCEL,86.74,86.74
OIL,11.13,11.18
EXPLEOSOL,20.63,20.63
AMRUTANJAN,44.05,44.05
REFEX,17.09,17.07
JSWENERGY,67.4,67.4
HINDCOPPER,121.15,121.15
NESTLEIND,90.9,91.24
WHIRLPOOL,85.73,80.77
THANGAMAYL,27.79,27.79
HATHWAY,58.93,58.91
MANAPPURAM,6.68,6.68
TI,32.92,32.23
BAJAJCON,21.18,21.18
KILITCH,40.61,40.61
SASTASUNDR,10.58,10.58
RAMKY,10.67,10.67
BEDMUTHA,40.69,40.69
JWL,79.95,79.95
SHAH,43.26,43.26
COALINDIA,9.85,9.85
PENIND,19.77,19.77
MOIL,36.44,36.44
KIRLOSENG,43.62,42.63
STEL,56.06,56.06
PFS,16.22,16.22
RELAXO,98.03,98.03
ASHIANA,43.13,43.13
INVENTURE,19.3,15.99
THERMAX,104.7,115.73
RIIL,182.92,182.92
RAYMOND,23.19,22.08
SHREDIGCEM,17.66,17.66
SMLISUZU,28.78,28.78
SUNDRMFAST,48.97,48.97
CRISIL,45.47,45.47
PEL,,31.29
MASTEK,23.5,23.31
TRENT,122.41,198.64
CUMMINSIND,69.75,69.69
JBCHEPHARM,50.05,50.05
INDIAGLYCO,15.16,15.16
IONEXCHANG,38.49,38.49
HIMATSEIDE,11.07,11.07
GFLLIMITED,273.62,273.62
BHARATFORG,82.75,82.12
ATUL,53.84,53.84
TATAMOTORS,10.16,9.92
MRPL,10.4,10.38
ESCORTS,41.63,41.63
BAJAJHLDNG,63.28,63.28
ZUARIIND,1.3,
VOLTAS,120.33,120.33
TATASTEEL,,65.85
VEDL,22.59,33.85
RELIANCE,25.99,25.99
BATAINDIA,67,61.24
CARBORUNIV,73.69,73.69
DICIND,,98.59
VINDHYATEL,23.36,23.36
ASIANPAINT,50.68,50.68
CENTURYTEX,106.17,40.1
TORNTPHARM,54.73,57.26
FEDERALBNK,10.22,10.22
SRF,50.28,50.28
BBOX,28.61,22.88
JTEKTINDIA,41,43.27
TATAELXSI,54.61,54.61
SANDESH,5.27,5.28
ASHIMASYN,6,6
ARE&M,24.25,24.25
BALKRISIND,40.07,40.07
RAJSREESUG,14.88,14.88
ONGC,6.64,6.49
TAINWALCHM,33.52,33.52
KPIL,38.5,38.5
JYOTISTRUC,76.79,76.79
BLUEDART,57.03,57.03
SOTL,16.98,16.98
KARURVYSYA,9.97,9.97
WSI,14.99,14.81
THOMASCOOK,36.28,36.28
SIEMENS,110.89,110.89
VSTIND,20.63,20.63
JUBLPHARMA,99.72,68.51
SOMANYCERA,29.79,29.72
HLVLTD,71.33,71.33
M&M,29.38,29.38
KABRAEXTRU,43.53,43.53
PRSMJOHNSN,52.63,
PCBL,18,18
EIHAHOTELS,27.18,27.18
SAIL,26.15,20.7
ABB,126.45,126.45
BRITANNIA,58.24,58.18
DHAMPURSUG,10.65,10.65
COSMOFIRST,24.17,24.17
HDFCBANK,18.38,18.27
GMBREW,9.42,9.42
INDIANHUME,21.92,21.92
IOC,5.95,5.95
OSWALGREEN,137.23,137.23
HUHTAMAKI,5.78,22.57
RICOAUTO,42.09,40.23
BANCOINDIA,15.9,15.9
MANINDS,23.1,23.1
SIYSIL,10.83,10.83
ONWARDTEC,24.84,24.84
NCC,26.72,25.99
ELGIEQUIP,62.19,62.19
BBTC,5.39,5.21
LICHSGFIN,7.87,7.87
BEPL,18.53,18.53
BANARBEADS,21.36,21.36
S&SPOWER,34.77,34.77
PRUDMOULI,11.78,10.95
PRAJIND,35.61,35.61
EVERESTIND,95.34,140.75
KEEPLEARN,147.72,147.72
TFCILTD,16.98,16.98
AGI,17.1,17.1
TATACONSUM,78.3,67.55
ZEEL,75.47,266.76
FMGOETZE,16.54,16.54
JAYSREETEA,22.81,
KANSAINER,18.6,32.78
ANDHRAPAP,5.84,5.84
SCHAEFFLER,78.37,78.08
AMJLAND,14.42,14.42
GODFRYPHLP,26.91,26.91
SHREECEM,38.11,38.11
INGERRAND,62.74,62.74
HINDUNILVR,53.81,53.84
FINPIPE,47.87,47.87
DCM,24.14,24.14
HEUBACHIND,21.38,21.38
PVP,9.22,
NAVA,5.9,6.44
PEARLPOLY,88.15,88.15
KHAITANLTD,25.98,25.98
ANDHRSUGAR,24.81,23.75
STARPAPER,5.53,5.4
AUSOMENT,14.64,14.64
SILINV,17.94,17.94
SUNDRMBRAK,29.03,29.03
MOTHERSON,36.4,35.31
CREST,16.73,16.73
WENDT,73.33,73.33
SHRIRAMFIN,12.76,12.76
MIRZAINT,47.36,47.36
GUJAPOLLO,24.77,24.77
KOTHARIPET,12.01,11.96
BANKBARODA,8.34,8.34
INDNIPPON,26.15,26.15
BANKINDIA,9.67,9.67
ICICIBANK,18.12,18.12
FDC,23.09,23.09
ADROITINFO,13.27,13.27
INDUSINDBK,13.27,13.27
TRIGYN,17.93,17.93
KOTHARIPRO,19.45,19.45
ITDCEM,28.02,28.02
SONATSOFTW,45.79,3.92
CYBERTECH,20.19,20.19
DHANBANK,18.23,18.23
STCINDIA,16.45,17.68
RSSOFTWARE,27.25,27.25
IVC,29.07,29.07
ALEMBICLTD,27.46,27.46
BSOFT,27.15,27.15
STAR,290.24,33.86
ZYDUSLIFE,27.11,27.06
RAJESHEXPO,25.37,25.37
NRBBEARING,12.43,33.79
BLBLIMITED,36.86,36.86
BLUESTARCO,79.49,79.49
PNBGILTS,26.96,29.28
TAJGVK,27.7,27.7
HAVELLS,92.68,92.68
MRO-TEK,45.3,45.3
KHANDSE,249.11,249.11
ACLGATI,211.34,
JISLJALEQS,46.59,46.59
ASAL,70.21,70.21
APTECHT,44.21,38
OFSS,29.55,29.55
DIVISLAB,71.71,71.71
BAGFILMS,20.49,20.49
WELSPUNLIV,19.8,19.8
IGL,19.99,19.99
UNIENTER,27.38,27.38
PTC,11.41,11.41
MAHABANK,12.66,12.66
EXCELINDUS,79.08,79.08
NIITLTD,34.22,34.01
COFORGE,40.04,40.48
GULFPETRO,11.31,11.31
NTPC,19.29,19.29
JINDALPHOT,45.7,45.7
GOKEX,45.38,45.38
SHOPERSTOP,103.32,95.32
SURYALAXMI,36.8,21.59
63MOONS,7.56,7.56
VHL,257.39,30.3
MSPL,66.63,54.44
IMPAL,16.85,16.85
PARACABLES,26.89,26.89
TANLA,22.55,22.55
LUMAXTECH,19.3,19.3
PTL,23.06,23.06
GANDHITUBE,17.12,17.12
TIIL,20.97,20.46
REDINGTON,12.88,12.88
TTL,48.92,48.92
PAGEIND,71.21,71.21
JKTYRE,13.13,12.82
THEMISMED,78.2,78.2
BANSWRAS,14.4,14.4
AROGRANITE,36.5,36.5
ALPHAGEO,207.4,30.48
INSECTICID,15.05,15.05
NAVINFLUOR,60.53,73.05
TIMETECHNO,20.66,20.66
HGS,28.8,28.8
DLF,131.96,131.96
MEGASOFT,62.34,62.34
ALPA,10.14,10.17
KPRMILL,34.12,34.12
INDOWIND,33,28.84
KSCL,14.84,14.84
CENTUM,,387.69
DELTACORP,12.46,14.83
CERA,38.59,38.4
ADANIPORTS,41.39,39.82
JYOTHYLAB,39.17,39.17
KALYANIFRG,32.97,32.97
HITECHCORP,16.14,16.14
TRIL,222.85,222.85
PATINTLOG,24.78,24.78
AMBIKCO,13.77,13.77
CEATLTD,15.76,14.66
BIRLAMONEY,13.74,13.74
JKIL,17.85,17.85
KNRCON,12.44,12.44
ONMOBILE,48.51,48.51
NMDC,14.09,13.58
NAHARCAP,12.25,12.25
VGUARD,63.31,63.31
DPSCLTD,98.93,98.93
BAJAJFINSV,16.13,16.13
BAJAJ-AUTO,35.03,35.03
RPGLIFE,26.91,26.91
RBL,16.73,16.35
RANEENGINE,22.82,17.06
LOTUSEYE,39.31,39.69
UBL,120.75,120.75
20MICRONS,11.11,10.89
TATAMTRDVR,1.04,1.02
COUNCODOS,27.41,27.41
HINDNATGLS,.96,.59
AJMERA,23.01,23.01
VINATIORGA,50.81,50.81
NHPC,28.25,28.25
SUNTECK,97.72,97.72
DEN,11.22,11.22
SARDAEN,15.88,15.82
AHLUCONT,21.8,35.01
GODREJPROP,114.6,114.6
MMTC,161.1,228.54
JUBLFOOD,85.35,145.63
DBREALTY,8.29,8.82
MANINFRA,25.4,25.4
PERSISTENT,48.26,48.26
KSL,19.21,19.21
SJVN,62.01,66.69
KIRLOSIND,17.04,15.37
IMFA,10.34,10.34
AHLEAST,7.84,10.24
UGARSUGAR,37.8,37.8
ADFFOODS,31.85,31.85
CAREERP,12.51,12.51
GREENPOWER,52.61,61.38
WABAG,24.66,23.97
PRESTIGE,43.01,43.01
RESPONIND,51.5,51.5
GRAVITA,30.53,30.53
RPPINFRA,7.28,7.28
ZEELEARN,1.57,5.86
RKDL,,238.86
KICL,40.49,65.3
JUBLINDS,65.65,30.62
HINDMOTORS,28.77,28.77
HFCL,44.38,44.38
LOVABLE,31.09,31.09
VADILALIND,21.29,21.29
SYMPHONY,49.7,49.31
VSTTILLERS,24.5,24.5
KARMAENG,612.85,612.85
MAITHANALL,9.72,9.72
PENINLAND,14.44,20.37
WHEELS,32.9,32.9
PREMIERPOL,19.82,19.82
SESHAPAPER,7.71,7.71
FACT,310.65,115.91
EXIDEIND,48.64,48.64
ELECON,36.97,36.97
LAXMIMACH,46.15,46.15
ORIENTPPR,158.66,158.66
NELCO,71.62,71.62
MAHSCOOTER,44.27,44.27
LUMAXIND,45.69,45.69
KECL,86.34,86.34
KCP,8.53,8.51
JAYBARMARU,35.72,35.72
INFY,22.24,22.24
IFBIND,63.23,63.23
IGPL,38.56,38.56
GNFC,20.08,20.08
BPCL,5.6,5.46
BASF,33.41,33.41
ARVIND,27.17,27.31
ACC,21.68,24.42
SCI,19.75,19.75
LINDEINDIA,178.37,178.37
HINDPETRO,5.82,5.82
ASHOKLEY,25.91,25.41
TITAN,82.85,82.85
SUNDARMFIN,34.66,33.15
LTF,17.16,17.16
ASAHISONG,28.95,
TDPOWERSYS,45.07,45.07
PANAMAPET,11.09,11.09
TRITURBINE,68.84,68.84
JISLDVREQS,.68,.68
RUPA,28.08,27.02
APLAPOLLO,58.99,58.99
THOMASCOTT,24.84,24.84
IRFC,38.41,38.41
COMPUSOFT,39.27,39.27
RHIM,,56.69
NBCC,65.46,49.58
HEXATRADEX,8.96,8.96
SWANENERGY,31.95,31.95
RTNINDIA,24.08,21.57
PROZONER,196.08,196.08
KITEX,23.86,23.86
TVSHLTD,12.31,12.29
VETO,12.66,12.66
INDUSTOWER,16.25,16.25
ORIENTCEM,24.75,24.75
PILITA,63.59,63.59
ORBTEXP,14.35,14.35
HATSUN,84.06,84.06
GULFOILLUB,15.01,15.01
MONTECARLO,20.42,20.42
LAMBODHARA,32.11,32.11
MOLDTKPAC,36.94,36.94
MENONBE,8.95,8.95
BCG,1.49,1.49
NILAINFRA,36.39,36.39
SKIPPER,44.86,44.86
SHYAMCENT,500.79,500.79
SYNGENE,52.56,51.65
MUTHOOTCAP,3.96,94.07
POWERMECH,30.57,30.57
INDIGO,20.3,20.3
SALZERELEC,27.12,27.12
LALPATHLAB,61.62,61.62
TEAMLEASE,42.43,43.7
VIDHIING,64.34,64.34
GOKULAGRO,16.17,16.17
PDMJEPAPER,8.73,8.73
HECPROJECT,18.18,18.18
WEALTH,20.22,20.22
CROMPTON,57.6,57.6
SAGARDEEP,61.72,61.72
UNITEDPOLY,30.39,30.39
ALBERTDAVD,8.71,8.71
INCREDIBLE,34.79,34.79
MOLDTECH,25.3,25.3
COMPINFO,.96,.96
QUESS,29.87,27.38
LLOYDSENGG,93.16,93.16
LTIM,30.03,30.03
MINDTECK,23.67,23.67
DBL,31.01,339.11
BIGBLOC,52.19,52.19
MBAPL,82.76,82.76
CUPID,33.89,33.89
MARATHON,14.54,14.54
SAKAR,61.34,61.34
PANSARI,28.64,28.64
ARTNIRMAN,116.34,116.34
ENDURANCE,46.27,46.27
PNBHOUSING,12.56,12.56
PODDARMENT,14.42,14.42
JETFREIGHT,314.23,
TCIEXP,31.32,31.32
TERASOFT,22.13,19.43
LIBAS,8.95,8.95
CAPTRUST,87.48,87.48
MAHESHWARI,13.59,13.59
MCL,83.38,83.38
PRICOLLTD,38.06,38.06
STEELCITY,12.01,12.01
KRISHANA,40.31,40.31
GLOBAL,12.51,12.51
SANGINITA,71.33,71.33
AKASH,332,332
RADIOCITY,81.07,81.07
TASTYBITE,63.76,63.76
ARIHANTSUP,19.5,19.5
LAXMICOT,,94.5
EIFFL,148.86,148.86
CREATIVE,20.86,20.86
FOCUS,26.3,26.3
SIKKO,37.05,37.05
PANACHE,,24.7
INFOBEAN,43.34,43.34
BHAGYANGR,7.23,7.23
ERIS,31.34,31.34
ACEINTEG,55.18,55.18
STEELXIND,134.24,134.24
TOTAL,117.67,117.67
WEWIN,31.15,31.15
SERVOTECH,156.74,156.74
ABCAPITAL,19.04,19.04
CAPACITE,22.26,22.26
WORTH,10.75,10.75
AARVI,17.62,17.62
RKEC,10.58,10.58
JASH,41.18,41.18
TIRUPATIFL,24.97,24.97
MASFIN,18.58,18.58
DPABHUSHAN,44.87,44.87
NAM-INDIA,35.59,35.59
KHADIM,90.84,90.84
VERTOZ,169.75,169.75
SILVERTUC,61.97,61.97
SHRADHA,8.83,8.83
ONEPOINT,51.02,51.02
BCONCEPTS,66.96,66.96
SILLYMONKS,147.86,147.86
NEWGEN,50.45,50.45
SINTERCOM,309.86,309.86
SOUTHWEST,37.46,39.76
ARVEE,248.26,248.26
HGINFRA,18.64,19.04
SARVESHWAR,50.7,50.7
MACPOWER,61.89,61.89
HAL,46.44,46.44
URAVI,270.32,270.32
KAPSTON,27.96,27.96
MMP,29.07,29.07
PIGL,15.23,15.23
BSHSL,95.01,95.01
GODHA,111.3,111.3
SOFTTECH,116.5,116.5
E2E,90.77,90.77
SIRCA,33.14,33.14
PRITI,19.46,19.46
ACCURACY,269.4,269.4
RITES,35.4,35.4
GANGAFORGE,195.42,199.67
REPL,22.37,22.37
HBSL,1.84,1.84
AVROIND,29.28,29.28
TEMBO,20.84,21.3
CREDITACC,14.54,14.54
AARON,44.32,44.32
SUMIT,21.06,21.06
LAGNAM,16.68,16.68
RPPL,30.71,30.71
AKG,45.02,45.02
IRCON,30.55,30.55
AHLADA,11.88,11.88
RAJMET,19.5,19.5
AAVAS,26.21,26.21
KSHITIJPOL,19.47,
GRSE,45.44,45.44
KRITIKA,51.08,51.08
SILGO,19.77,19.77
VINNY,28.88,28.88
BBTCL,30.27,30.27
MARINE,55.48,55.76
IRISDOREME,50.3,50.3
ATGL,189.52,189.52
UNIPARTS,17.63,17.63
SHRIRAMPPS,5.18,5.18
TREJHARA,13.83,49.77
AWHCL,12.88,12.88
RPSGVENT,10.94,10.94
MSTCLTD,30.76,30.76
OSIAHYPER,16.24,16.24
ANUP,33.51,33.51
ARVINDFASN,57.21,54.84
PAR,18.87,18.87
RVNL,57.4,57.4
POLYCAB,57.76,57.76
METROPOLIS,76.64,76.64
KPITTECH,66.09,66.09
NEOGEN,111.73,111.73
VIKASLIFE,60.03,34.72
EMAMIPAP,7.89,7.89
CONFIPET,24.9,24.9
PPL,10.54,10.54
INDIAMART,39.17,39.01
OAL,129.08,129.08
SATIA,5.29,5.29
AFFLE,54.44,54.44
SPANDANA,11.14,11.14
HNDFDS,60.05,60.05
UJJIVANSFB,7.51,7.51
IRCTC,75.91,73.09
SAFARI,54.15,54.15
360ONE,35.04,35.04
HPIL,105.54,105.54
VISHWARAJ,21.84,21.84
GREENPANEL,25.39,25.39
APOLLOPIPE,66.51,66.51
MGEL,16.88,16.88
ROUTE,23.58,24.46
HOMEFIRST,23.68,23.68
CSBBANK,10.55,10.55
EQUITASBNK,13.61,13.61
ROSSARI,29.2,29.2
HINDWAREAP,71.51,71.51
LIKHITHA,21.02,21.02
ARTEMISMED,48.21,48.21
SUMICHEM,62.67,62.67
ATALREAL,27.27,27.27
MAHEPC,222.55,172.87
POWERINDIA,287.29,287.29
STOVEKRAFT,47.26,47.26
RAJRATAN,37.73,37.73
AARTISURF,26.23,26.23
GLAND,39.45,39.45
NDRAUTO,30.99,30.99
MAXHEALTH,70.32,70.32
AAATECH,41.21,41.21
KALYANKJIL,67.53,67.53
BTML,50.92,50.91
UNIDT,45.85,45.85
SIGACHI,38.08,38.08
ANGELONE,20.63,20.63
NIRAJ,18.38,12.41
CAMS,49.75,49.75
SURYODAY,9.68,9.68
UTIAMC,14.68,14.68
BECTORFOOD,53.52,53.52
ORCHPHARMA,53.52,53.52
INDIGOPNTS,43.26,43.26
LXCHEM,55.17,55.17
MTARTECH,99.56,99.56
ANURAS,50.75,50.75
KANPRPLA,264.24,264.24
STYLAMIND,20.77,20.63
CLSEL,9.1,9.1
CARYSIL,36.1,36.1
MODISONLTD,18.92,23.77
BCLIND,14.59,14.53
BHAGCHEM,111.16,111.16
SMCGLOBAL,9.35,9.34
ARIHANTCAP,9.99,9.99
NAZARA,67.49,66.88
GENCON,17.04,17.04
HLEGLAS,67.18,62.7
SONACOMS,74.59,73.65
DRCSYSTEMS,23.4,23.4
PARAS,120.29,120.29
DODLA,31.09,31.09
EXXARO,190.6,190.6
ROLEXRINGS,37.29,33.81
SHYAMMETL,16.33,16.33
KIMS,43.62,43.62
TATVA,78.8,78.8
CLEAN,56.76,56.76
ABSLAMC,21.22,21.22
ZOMATO,441.22,441.22
WINDLAS,22.57,22.57
KRSNAA,32.32,32.32
APTUS,25.41,25.41
SUPRIYA,24.27,24.27
VIJAYA,69.3,68.44
VINEETLAB,52.15,52.15
SANSERA,29.93,29.93
PRITIKAUTO,24.43,24.43
AAREYDRUGS,25.61,25.61
INTLCONV,8.02,8.02
HPAL,43.44,43.8
UGROCAP,22.49,22.49
YUKEN,83.23,83.23
SGIL,40.55,40.55
ANANDRATHI,75.81,75.81
SJS,26.49,26.49
FINOPB,26.7,26.7
POLICYBZR,872.67,872.67
NYKAA,1067.34,1067.34
AWL,280.46,224.22
MONARCH,14.87,14.87
SAPPHIRE,174.53,174.53
PRUDENT,50.12,50.12
EPIGRAL,25.68,25.68
NUVOCO,79.99,79.99
GOCOLORS,65.4,65.4
TRACXN,132.97,132.97
CMSINFO,21.06,21.06
FUSION,9.29,9.29
COASTCORP,66.58,66.58
TARSONS,51.62,51.62
MEDPLUS,169.14,169.14
TEGA,52.86,52.86
RATEGAIN,56.2,56.2
MANORG,69.36,69.36
LATENTVIEW,61.85,61.85
METROBRAND,75.86,75.86
MICEL,17.26,19.29
PASUPTAC,24.43,24.43
FOODSIN,22.74,22.72
PARADEEP,58.46,58.46
MAPMYINDIA,76.61,76.61
TMB,6.76,6.76
KRITI,25.57,25.57
MANYAVAR,61.07,61.07
GANESHBE,16.67,16.65
GVPTECH,84.65,84.65
DMCC,70.04,70.04
MEDICAMEQ,66.47,66.47
EMIL,44.25,44.25
SHIVALIK,50.46,50.46
UMAEXPORTS,30.29,29.43
DATAPATTNS,91.64,91.64
MEDANTA,65.5,65.5
AHL,22.51,22.51
MALLCOM,17.81,17.81
ASIANENE,44.46,41.48
SMLT,20.32,20.32
NRL,68.01,68.01
RADIANTCMS,18.54,18.54
CHOICEIN,55.69,55.69
HARIOMPIPE,28.82,28.82
GRWRHITECH,20.59,20.59
DCMSRIND,16.53,16.53
RAJRILTD,287.46,287.46
EMUDHRA,83.94,83.94
DYCL,32.98,32.98
FIVESTAR,26.19,26.19
STARTECK,14.01,14.01
VIRINCHI,26.24,26.24
SBC,76.4,76.4
ELDEHSG,27.93,27.93
ELIN,58.15,58.15
SEJALLTD,102.29,102.29
MHLXMIRU,21.08,21.08
RELCHEMQ,50.03,50.03
GATEWAY,19.21,19.21
SYRMA,70.8,70.27
ZIMLAB,29.28,29.28
JTLIND,36.15,36.15
CAMPUS,93.94,93.94
RAINBOW,59.64,59.64
VENUSPIPES,50.38,50.38
AETHER,130.77,69.49
ROTO,33.89,33.89
MEGASTAR,42.63,42.63
INDOBORAX,12.62,12.62
LANDMARK,48.33,46.8
RACE,331.29,331.29
AVONMORE,24.02,24.02
ETHOSLTD,104.72,104.72
DREAMFOLKS,36.51,36.51
MSUMI,46.86,46.86
DHARMAJ,18.12,18.12
HARSHA,40.02,40.02
OBCL,29.15,29.15
GMRP&UI,95.7,
INDOAMIN,19.47,19.47
INOXGREEN,140.91,140.91
ACI,23.84,23.84
BIKAJI,54.64,54.64
RITCO,18.58,18.58
SADHNANIQ,340.84,340.84
HARDWYN,95.6,95.6
CHEVIOT,12.89,12.89
HMAAGRO,25.96,25.96
MEDICO,37.13,37.13
KFINTECH,49.56,49.56
YATHARTH,31.56,31.56
DCXINDIA,46.29,46.29
AKSHAR,23.44,23.44
KAYNES,122.58,122.58
NGLFINE,34.69,34.69
AXITA,26.94,26.94
SENCO,37.22,37.22
TRU,63.55,63.55
RADHIKAJWE,14.53,14.53
TIPSFILMS,206.25,206.25
SPLPETRO,35.83,35.83
RAMRAT,29.03,29.03
CSLFINANCE,14.85,14.85
RUSTOMJEE,106.46,106.46
GENSOL,66.01,65.9
DBOL,17.34,17.34
GSLSU,45.46,45.46
SPORTKING,13.97,13.97
MANORAMA,92.38,92.38
GRMOVER,13.53,13.53
SYNCOMF,44.37,44.34
DJML,72.71,72.71
SULA,45.86,45.86
KRITINUT,11.34,11.34
AVALON,114.99,114.99
BAIDFIN,18.72,18.72
KAMOPAINTS,76.78,76.78
SCPL,25.94,25.94
SUKHJITS,13.51,13.51
MANKIND,44.2,44.2
SKYGOLD,39.57,39.57
SATINDLTD,3.94,3.94
DIVGIITTS,54.64,54.64
USK,10.82,10.82
IKIO,33.57,33.57
MANOMAY,25.55,25.55
FAZE3Q,21.21,21.21
LLOYDSME,28.15,28.15
AARTIPHARM,24.04,24.04
RHL,65.63,65.63
SAHYADRI,15.28,15.28
NINSYS,59.95,59.95
SBGLP,75.65,75.65
ASMS,435.08,283.7
HYBRIDFIN,18.06,17.53
SAH,259.19,259.19
CYIENTDLM,86.17,86.17
AKI,133.56,133.56
ATAM,39.42,39.42
IDEAFORGE,65.62,65.62
LAL,48.55,48.55
POCL,25.49,25.49
REDTAPE,76.49,76.49
ASHOKAMET,12.07,12.07
PTCIL,337.93,337.93
NETWEB,178.54,178.54
GHCLTEXTIL,30.41,30.41
KIRLPNU,60.09,57.47
ATL,40.51,40.51
NIITMTS,26.33,25.86
SINDHUTRAD,48.37,48.36
TREL,4.22,39.75
SUZLON,103,95.27
TRIVENI,18.44,18.44
NAHARINDUS,56.1,46.41
VIMTALABS,25.72,25.72
CELEBRITY,54.67,55.91
ROHLTD,18.94,18.94
GSPL,7.59,7.74
JAGRAN,11.95,11.95
SAKUMA,25.61,25.61
JKCEMENT,39.11,39
INDOTECH,38.02,38.02
M&MFIN,17.9,17.9
CENTURYPLY,45.37,45.37
KEI,65.37,65.35
VAKRANGEE,559.89,609.09
GALLANTT,29.64,29.64
UTTAMSUGAR,8.92,8.92
SUNTV,13.84,13.84
RSYSTEMS,39.12,39.12
LOKESHMACH,56.45,56.45
SWELECTES,31.87,67.3
KAMDHENU,27.38,27.38
PIONEEREMB,36.97,36.97
JKLAKSHMI,18.92,19.17
MUNJALAU,21.25,14.74
GRINDWELL,74.2,74.15
VOLTAMP,55.36,55.36
ACE,52.62,52.62
ANANTRAJ,51.55,51.55
TALBROAUTO,18.9,27.33
ALICON,13.35,13.35
JMFINANCIL,276.75,7.6
FIEMIND,19.71,19.71
DCBBANK,7.69,7.69
NAUKRI,101.92,94.98
TORNTPOWER,38.41,38.41
VENUSREM,14.85,14.85
JINDRILL,15.96,15.96
PLASTIBLEN,19.07,19.07
BHAGERIA,37.63,37.63
KDDL,22.81,22.86
HCG,120.84,129.89
BHARATWIRE,20.08,20.08
THYROCARE,46.58,46.48
PARAGMILK,22.11,22.11
ARMANFIN,12.08,12.08
BLS,40.2,40.2
SALONA,24.34,24.34
CONTROLPR,25.22,25.24
AIRAN,26.06,26.06
URJA,409.34,409.34
CLEDUCATE,23.77,25.39
SHANKARA,20.72,20.72
WIPL,40.67,40.67
DEVIT,26.75,26.75
SCHAND,15.94,15.94
GLOBE,15.66,15.66
CDSL,53.56,53.56
DYNPRO,87.37,87.37
THEINVEST,49.64,49.64
SIS,36.08,36.08
VAISHALI,208.3,208.3
GEEKAYWIRE,12.12,12.12
CHOLAHLDNG,5.41,5.41
DPWIRES,28.5,28.5
AIROLAM,28.21,28.21
GATECHDVR,16.17,16.17
IEX,41.4,41.4
IFGLEXPOR,26.42,26.42
ICEMAKE,40.51,40.51
SHALBY,34.22,34.22
TOUCHWOOD,49.17,49.18
AJOONI,49.05,49.05
AMBER,88.44,88.44
UNIINFO,62.83,62.83
BDL,95.51,95.51
MITTAL,28.5,88.14
ISEC,14.18,14.18
AVG,20.53,34.07
CHEMFAB,30.05,30.05
AAKASH,19.34,19.34
SVLL,86.37,86.37
SONAMLTD,28.89,28.89
WEL,124.57,124.57
CHEMCON,45.5,45.5
WESTLIFE,184.2,184.2
MAZDOCK,36.32,36.32
DCI,26.28,26.28
IIFLSEC,11.92,11.92
FLUOROCHEM,77.78,77.78
KUANTUM,7.22,7.22
CHEMBOND,15.27,15.27
SBICARD,27.85,27.85
SIGMA,20.3,20.3
EASEMYTRIP,72.36,43.77
PRINCEPIPE,37.2,40.4
PATANJALI,69.19,69.19
ASALCBR,19.96,19.96
UNIVPHOTO,12.15,12.15
SUVENPHAR,51.76,51.76
KSOLVES,36.39,36.39
HAPPSTMNDS,48.12,50.13
BOROLTD,50.17,50.17
PAVNAIND,54.91,54.91
SHAREINDIA,14.35,14.33
ADL,1646.36,1646.36
ROML,46.95,46.95
RAILTEL,55.99,58.2
HERANBA,34.19,34.19
FAIRCHEMOR,40.21,40.21
ACCELYA,25.21,25.27
IOB,51.9,51.9
BIL,42.73,42.73
KTKBANK,5.9,5.9
AJANTPHARM,35.89,35.89
CALSOFT,38.67,38.67
TVSMOTOR,58.67,58.67
PNC,36.99,36.99
NLCINDIA,17.92,17.92
CHENNPETRO,5.35,5.35
KRBL,10.41,10.41
USHAMART,26.76,26.76
BALAJITELE,33.84,33.84
TRIDENT,53.73,53.75
SMARTLINK,39.45,39.45
GODREJCP,,71.28
MCDOWELL-N,61.01,60.56
MPSLTD,25.56,25.56
OLECTRA,187.5,204.33
PNB,18.11,18.11
TIMESGTY,55.2,55.2
NUCLEUS,16.8,16.8
CANBK,7.29,7.29
GODREJIND,41.05,41.05
RADICO,84.54,84.54
MARUTI,29.73,29.73
VARDHACRLC,24.8,24.8
JSL,24.56,25.3
TVSELECT,2177.6,2177.6
TVTODAY,23.21,21.93
PETRONET,13.2,13.4
BIOCON,26.9,26.81
XPROINDIA,48.84,46.9
RKFORGE,37.55,37.54
CCL,30.89,30.89
LT,34.41,34.57
CENTEXT,19.97,20.29
TCS,29.06,28.61
INDSWFTLTD,7.99,7.99
ASTRAMICRO,75.91,75.91
KOTARISUG,16.74,16.74
DWARKESH,15.35,15.35
SUPRAJIT,36.78,36.78
ISGEC,32.59,32.59
PAKKA,21.75,21.75
SHAILY,51.6,51.6
FIBERWEB,15.74,15.74
SBCL,35.58,35.58
IPL,40.71,40.71
LODHA,91,85.71
UTKARSHBNK,11.78,11.78
CRAFTSMAN,26.88,26.88
JUBLINGREA,43.57,43.57
GLS,21.85,21.85
DEEPINDS,14.47,14.62
PIXTRANS,21.26,21.26
CARTRADE,55.42,55.42
DEVYANI,,486.92
ANMOL,9.83,9.83
AMIORG,103.54,46.75
BAJAJHCARE,,26.27
GRINFRA,11.96,14.9
STEELCAS,17.06,17.06
KPIGREEN,68.91,68.81
XCHANGING,93.19,93.19
GEOJITFSL,16.37,16.37
SPLIL,14.49,14.48
RML,434.26,11.98
ATULAUTO,212.51,212.51
JPOLYINVST,23.87,23.87
CASTROLIND,21.64,21.64
CAPLIPOINT,21.16,21.17
SUPERHOUSE,20.74,20.74
GRPLTD,53.25,48.93
HESTERBIO,92.43,92.43
LFIC,6.25,6.25
TPLPLASTEH,32.95,32.95
ORICONENT,27.35,23
PKTEA,17.46,17.46
SHARDAMOTR,16.14,16.14
COFFEEDAY,,6.79
TTKHLTCARE,32.93,32.93
ALKEM,31.83,30.23
HITECH,42.01,42.01
GLOBALVECT,209.39,209.39
GESHIP,5.82,5.82
MANALIPETC,71.49,62.94
DONEAR,15.8,15.8
SOBHA,374.06,374.12
HIRECT,90.43,64.61
HBLPOWER,53.16,49.45
SARLAPOLY,21.22,21.22
WANBURY,8.51,15.66
PITTIENG,32.99,32.99
IZMO,15.82,15.82
PGIL,16.62,16.57
SMSPHARMA,33.35,33.35
LAOPALA,27.24,27.24
ICRA,35.36,35.36
BFUTILITIE,14.67,14.67
NAGREEKEXP,15.84,15.84
ISMTLTD,20.86,19.47
MAGNUM,13.62,18.82
MAANALU,22.03,22.03
RELIGARE,20.89,43.91
ADANIPOWER,16.19,16.19
RTNPOWER,1.21,
SHILPAMED,128.62,142.82
DLINKINDIA,15.99,15.99
TRF,16.13,16.13
VASCONEQ,28.88,28.88
LGBBROSLTD,14.28,14.55
KIRLOSBROS,41.51,42.08
UMESLTD,88.52,88.52
BLISSGVS,12.92,6.09
GPPL,29.57,27.02
ASHOKA,9.55,11.03
CGCL,49.5,49.5
JINDWORLD,90.15,90.15
A2ZINFRA,12.59,
DHUNINV,10.37,10.37
PIIND,33.1,33.1
OMINFRAL,23.21,23.21
DELPHIFX,13.64,13.64
RUSHIL,19.89,19.89
DRREDDY,17.34,17.34
HINDOILEXP,11.24,13.03
BALMLAWRIE,23.99,23.99
MOTOGENFIN,107.36,107.36
RAMCOCEM,46.44,46.44
PGHL,36.83,36.83
BEML,69.07,69.07
TATACHEM,70.93,21.54
ATFL,162.13,231.48
EPL,28.05,26.52
VIPIND,127.15,201.4
BIRLACABLE,31.39,31.39
AEGISCHEM,37.54,37.54
HONAUT,93.87,93.87
PRECOT,27.9,44.38
SUNPHARMA,36.13,34.63
SHREYANIND,3.62,3.62
HCC,13.04,
APOLLOHOSP,91.75,91.87
EICHERMOT,36.02,36.02
NEULANDLAB,26.14,26.14
ANIKINDS,440.68,440.68
IGARASHI,153.1,153.1
HSCL,40.91,40.91
ARENTERP,18.43,18.43
ADVANIHOTR,25.32,25.32
UNIVCABLES,60.37,60.37
MURUDCERA,52.55,52.55
PIDILITIND,86.67,84.26
JINDALSAW,11.06,11.06
STYRENIX,18.18,18.18
CANFINHOME,13.34,13.34
DABUR,53.29,53.29
GOLDENTOBC,10.38,11.78
GABRIEL,28.79,28.79
KSB,82.58,82.58
HEG,38.24,38.24
TIMKEN,78.29,78.29
IPCALAB,54.04,58.92
GSFC,15.72,15.72
EIDPARRY,7.34,7.34
BIRLACORPN,27.03,27.44
ASHAPURMIN,15.18,23.47
TNPL,8.33,8.33
DALMIASUG,11.34,11.34
GARFIBRES,32.75,32.75
CUBEXTUB,30.63,30.63
KEYFINSERV,5.64,5.64
VISAKAIND,1010.32,1010.32
HITECHGEAR,16.03,44.64
PUNJABCHEM,25.17,25.17
MMFL,21.1,21.25
ALKYLAMINE,64.96,64.96
RAMCOIND,27.56,27.56
INDRAMEDCO,17.73,17.73
GAIL,17.65,18.28
SKMEGGPROD,7.42,7.42
CONCOR,58.07,58.07
KCPSUGIND,6.2,6.96
REPRO,84.11,84.11
GAEL,18.6,18.6
AXISCADES,62.84,62.84
TIPSINDLTD,40.25,40.25
HIKAL,50.46,50.46
MARKSANS,20.97,20.97
LUPIN,37.31,37.31
BHARTIARTL,135.19,86.39
SURANAT&P,29.73,29.73
GENESYS,94.58,94.58
NSIL,31.96,31.96
DREDGECORP,73.35,71.81
VAIBHAVGBL,42.93,41.08
POONAWALLA,21.15,30.96
ULTRACEMCO,43.29,42.96
GUFICBIO,36.64,36.64
JBMA,134.84,134.84
PATELENG,17.41,23.04
JPPOWER,13.51,9.35
IIFL,8.49,8.49
CYBERMEDIA,10.85,8.26
GRANULES,26.38,26.38
YESBANK,57.41,57.41
IDFC,575.23,575.23
FCSSOFT,,72.77
MITCON,28.24,28.24
AGRITECH,11.76,11.76
WONDERLA,30.6,30.6
SNOWMAN,81.85,81.85
PDSL,28.25,28.84
GOODLUCK,21.4,21.4
GREENLAM,54.59,54.59
LINC,24.94,24.94
MANAKALUCO,34.86,34.86
IMAGICAA,7.91,134.36
VRLLOG,54.35,54.61
PRIVISCL,48.75,48.75
PNCINFRA,15.4,15.4
ADANIENSOL,114.01,102.35
SATIN,5.65,5.65
GUJGASLTD,34.35,35.73
BALAXI,,16.23
PILANIINVS,27.9,27.9
PRECAM,44.24,68.58
CONSOFINVT,14.32,14.32
EVEREADY,58.18,58.18
ALLSEC,24.06,24.06
SSWL,4.92,14.16
PRIMESECU,36.41,36.41
JSWHL,62.37,62.37
GENUSPOWER,91.51,91.51
NECLIFE,145.03,145.03
GOLDIAM,18.38,18.38
SASKEN,28.53,28.53
ELGIRUBCO,29.68,84.03
BODALCHEM,138.25,138.25
FILATEX,21.76,21.76
BROOKS,139.34,139.34
APLLTD,29.23,29.23
PGEL,51.94,51.94
PAISALO,32.89,32.95
SHAKTIPUMP,36.78,36.78
INDOTHAI,20.01,20.01
DSSL,27.71,27.71
POLYMED,67.12,67.27
VIKASECO,76.04,76.04
KANANIIND,115.43,115.43
MINDACORP,46.74,46.74
DBSTOCKBRO,18.72,18.72
SCHNEIDER,100.03,98.12
NDL,13.33,13.33
TBZ,12.69,12.69
VSSL,27.32,27.32
SPECIALITY,27.77,27.77
MAYURUNIQ,19.11,19.11
ROSSELLIND,131.29,130.21
ZUARI,4.91,4.91
CARERATING,29.87,29.87
REPCOHOME,7.61,7.61
JUSTDIAL,22.19,22.19
IBULHSGFIN,6.48,6.48
SREEL,23.87,23.87
NATHBIOGEN,8.54,9.17
SDBL,27.31,27.31
BUTTERFLY,183.29,149.8
AGARIND,12.51,12.51
GOCLCORP,39.56,41.35
SHARDACROP,107.07,107.07
CIGNITITEC,21.76,21.76
INTELLECT,39.01,38.82
FCL,32.3,32.3
GULPOLY,63.38,63.38
APOLSINHOT,37.76,37.76
GENUSPAPER,155.56,155.56
VISHNU,20.79,20.79
GANECOS,74.16,74.16
JMA,8.63,8.63
MANAKCOAT,42.7,42.7
ZENTEC,64.28,65.23
BYKE,60.13,60.13
AVANTIFEED,17.8,17.8
UFO,37.3,33.77
ARROWGREEN,29.23,29.23
ALANKIT,25.72,25.72
AYMSYNTEX,233.85,54.43
RAMASTEEL,58.75,58.75
ARVSMART,56.95,56.95
NAVKARCORP,260.91,260.91
SHREEPUSHK,14.44,14.44
IDFCFIRSTB,18.79,18.79
SHK,20.92,20.92
LUXIND,34.79,34.79
UMANGDAIRY,150.11,150.11
LINCOLN,12.22,12.22
NH,30.61,30.61
OCCL,12.95,12.95
QUICKHEAL,99.54,99.54
NECCLTD,29.17,29.17
KELLTONTEC,14.4,14.4
INFIBEAM,53.45,53.45
SHRIPISTON,19.38,19.38
ASPINWALL,19.19,19.19
PREMEXPLN,99.59,99.59
MAHASTEEL,35.24,43.32
DAMODARIND,20.43,20.43
MGL,10.67,10.67
POKARNA,19.43,19.43
GPTINFRA,25,25
SOMICONVEY,34.66,34.66
ADVENZYMES,29.4,27.38
SPAL,16.06,16.06
NDGL,9.66,9.66
RBLBANK,12.57,12.57
LTTS,36.28,36.28
GNA,16.68,16.68
HPL,60.73,60.73
MAZDA,16.97,16.97
VBL,86.01,86.01
KINGFA,18.88,18.88
NBIFIN,57.08,57.08
SFL,44.94,55.53
LAURUSLABS,136.93,136.93
ITDC,83.06,82.98
HISARMETAL,15.9,15.9
SPCENET,144.72,144.72
BHANDARI,19.39,19.39
BSE,52.38,107.48
JITFINFRA,24.18,29.26
DMART,111.62,111.62
INTENTECH,15.44,15.44
NRAIL,5.61,5.61
STARCEMENT,30.07,30.07
TEJASNET,317.1,317.1
GTPL,16.39,16.39
SALASAR,59.79,59.79
AVADHSUGAR,8.48,8.48
GANGESSECU,42.37,42.37
COCHINSHIP,67.6,67.6
SMSLIFE,37,37
DIXON,162.21,162.21
MATRIMONY,26.44,26.44
DIAMONDYD,37.57,37.02
TCPLPACK,19.01,19.01
DNAMEDIA,.4,
ASTERDM,63.03,
SUNDARMHLD,30.64,30.64
SANDHAR,29.48,30.21
LEMONTREE,61.47,61.47
INDOSTAR,24.3,24.3
ADANIGREEN,332.47,266.6
FINEORG,32.53,32.5
VARROC,16.82,16.82
HDFCAMC,44.95,44.95
SIGIND,16.41,16.41
TECHNOE,59.7,59.7
DALBHARAT,40.8,40.8
CHALET,61.52,61.52
DOLLAR,34.11,33.89
PSPPROJECT,21.56,21.56
AUBANK,31.19,29.97
MAGADSUGAR,7.72,7.72
OPTIEMUS,41.67,41.67
APEX,44.04,44.04
GODREJAGRO,32.83,32.83
TIINDIA,62.6,62.62
5PAISA,29.54,29.54
APOLLO,104.58,104.58
GALAXYSURF,29.09,29.09
GMMPFAUDLR,29.68,29.68
BANDHANBNK,20.83,20.83
MIDHANI,92.48,92.48
ORIENTELEC,64.89,80.67
FSL,25.94,25.94
ASTRAL,105.64,105.64
NCLIND,9.97,9.97
PHOENIXLTD,45.04,45.04
SRHHYPOLTD,10.53,9.55
KMSUGAR,11.91,11.91
NELCAST,21.57,29.64
ADSL,17.3,17.3
MOTILALOFS,14.49,14.49
POWERGRID,20.14,20.14
BAJAJELEC,78.15,78.15
GKWLIMITED,99.56,99.56
GLOBUSSPR,20.96,20.96
ZYDUSWELL,41.12,39.03
DBCORP,12.27,12.27
BEARDSELL,18.42,18.42
UNITEDTEA,10.53,10.53
EMMBI,17.76,17.76
TEXMOPIPES,48.81,16.06
ISFT,20.31,20.31
HMVL,75.51,75.51
IITL,5.17,7.25
WELINV,94.9,94.9
DEEPAKNTR,37.76,40.81
CANTABIL,28.03,28.58
OBEROIRLTY,35.72,35.72
IOLCP,15.74,15.74
JAMNAAUTO,23.85,23.85
PSB,74.1,74.1
SUMMITSEC,19.85,19.85
TEXRAIL,86.24,86.24
MUTHOOTFIN,15.33,15.33
DHANUKA,24.52,24.52
NOCIL,32.2,32.2
CHAMBLFERT,13.65,13.65
IVP,13.65,13.65
ZENSARTECH,20.49,20.49
BERGEPAINT,48.5,48.67
MUNJALSHOW,20.37,19.16
RANASUG,11.56,11.56
UFLEX,,10.75
SUBROS,40.93,40.93
WIPRO,20.85,20.85
TATACOMM,53.28,58.7
SANOFI,36.83,35.65
KAJARIACER,44.7,44.68
OSWALAGRO,340.26,336.9
IDBI,17.1,17.1
ELECTCAST,13.32,13.32
INDHOTEL,68.29,68.29
GILLETTE,60.64,60.64
ESABINDIA,54.98,54.98
AARTIIND,54.42,54.42
PRAKASH,8.53,8.53
SUDARSCHEM,14.88,47.46
HINDALCO,15.4,15.43
AMBUJACEM,35.04,36.71
CGPOWER,120.32,123.27
AUTOAXLES,17.62,17.62
SWARAJENG,21.68,21.68
TTKPRESTIG,41.33,41.33
EIMCOELECO,29.88,29.88
SAMBHAAV,64.81,85.79
SANGAMIND,43.14,37.68
STERTOOLS,24.39,24.52
TVSSRICHAK,28.74,27.4
DYNAMATECH,43.04,82.43
GUJRAFFIA,44.58,44.58
TCI,23.71,23.53
PONNIERODE,7.85,7.85
UNIONBANK,9.47,9.47
UCOBANK,44.68,44.68
JAIBALAJI,17.66,17.66
UPL,,19.38
MUKANDLTD,22,22
DATAMATICS,15.81,15.81
APARINDS,38.96,38.95
TEXINFRA,383.31,383.31
WELENT,18.14,18.14
INDOCO,29,30.91
JSWSTEEL,24.48,25.82
SAKSOFT,26.61,26.61
WELCORP,16.47,16.47
JKPAPER,5.75,5.75
SPIC,17.11,11.63
SBIN,11.86,11.01
PFIZER,39.41,39.89
BOSCHLTD,35.52,48.05
DEEPAKFERT,15.6,15.6
MAHSEAMLES,9.36,9.33
COROMANDEL,23.69,23.69
ADORWELD,26.98,26.98
CENTENKA,29.05,29.05
VTL,22.41,22.41
VLSFINANCE,2.71,2.71
SUPREMEIND,73.45,73.45
BALRAMCHIN,15.52,15.52
WEIZMANIND,19.31,19.31
RANEHOLDIN,18.52,8.66
ADANIENT,122.95,114.61
INDBANK,27.49,27.49
GET&D,179.97,179.97
BANARISUG,19.39,19.39
JINDALPOLY,29.99,29.88
BSL,16.12,16.12
JAYNECOIND,21.92,20.11
APCOTEXIND,38.61,38.61
RCF,39.22,46.67
DECCANCE,22.03,16.63
TATAPOWER,47.02,50.82
SUNFLAG,26.91,26.91
BHARATRAS,52.19,52.19
TOKYOPLAST,97.96,97.96
IFCI,66.31,66.84
LIBERTSHOE,50.78,38.64
HEIDELBERG,27.7,27.7
MANGLMCEM,41.2,41.2
POLYPLEX,29.39,29.39
3PLAND,30.02,30.02
HONDAPOWER,29.11,30.35
RUBYMILLS,15.25,15.25
GRAPHITE,13.98,613.31
BBL,39.25,39.25
DCMSHRIRAM,34.2,34.2
CIPLA,28.22,27.23
HEROMOTOCO,26.71,25.89
HARRMALAYA,,1116.48
GIPCL,15.94,15.94
ITC,25.93,25.92
HINDCOMPOS,18.46,18.46
KAMATHOTEL,13.57,45.61
APOLLOTYRE,17.58,16.96
SHANTIGEAR,50.04,50.04
PRECWIRE,31.51,31.51
NILKAMAL,24.08,24.08
ICIL,20.01,20.01
SEAMECLTD,22.22,22.22
AUROPHARMA,22.57,21.84
EIHOTEL,41.01,40.57
GICHSGFIN,7.73,7.73
MOREPENLAB,24.73,24.73
WSTCSTPAPR,5,5
21STCENMGM,1.64,1.64
VENKEYS,31.5,31.5
GHCL,6.1,8
HIL,52.67,985.41
BPL,33.36,33.36
PGHH,69.76,69.76
VESUVIUS,46.75,46.75
BOMDYEING,1.17,
NAVNETEDUL,16.57,18.05
GLAXO,71.63,63.95
CHOLAFIN,31.74,31.74
KOTAKBANK,19,19
ORIENTHOT,48.35,48.35
FOSECOIND,32,36.78
3MINDIA,65.29,65.29
RALLIS,34.28,34.44
MFSL,82.4,82.4
KOPRAN,21.41,21.41
GREAVESCOT,,223.62
SURYAROSNI,19.84,19.84
TATAINVEST,101.49,101.49
SAKHTISUG,3.25,
AKZOINDIA,27.81,27.81
HINDZINC,37.92,37.92
GRASIM,15.86,15.23
FINCABLES,36.45,42.74
DCW,97.73,92.15
CESC,13.94,16.99
BEL,59.07,59.07
BAJFINANCE,29.64,29.64
CORALFINAC,9.25,9.25
GREENPLY,41.48,47.9
REMSONSIND,46.51,45.6
NATCOPHARM,12.91,12.91
MRF,25.87,25.87
TNPETRO,14.84,11.89
SKFINDIA,54.46,54.46
JAYAGROGN,13.46,13.46
MARICO,51.2,51.2
BIOFILCHEM,142.06,142.06
ZENITHEXPO,315.41,315.41
SOMATEX,5.34,
AARTIDRUGS,26.18,26.18
INDIANCARD,18.81,
DENORA,42.9,42.9
ELECTHERM,2.83,2.83
GANESHHOUC,14.74,14.74
JAGSNPHARM,38.24,38.24
MPHASIS,27.84,27.84
RUCHINFRA,19.5,43.65
HERITGFOOD,36.06,36.06
MADRASFERT,268.45,26.71
HUDCO,27.15,27.15
INDSWFTLAB,2.01,8.66
SAREGAMA,51.12,51.12
ENGINERSIN,41.96,41.96
JAICORPLTD,98.64,98.64
GMDCLTD,21.02,21.02
MAHAPEXLTD,.52,33.96
ASAHIINDIA,45.58,45.58
J&KBANK,8.44,8.44
CUB,10.73,10.73
SOUTHBANK,6.78,6.78
ASTRAZEN,93.91,101.22
AXISBANK,14.31,14.31
CYIENT,27.31,25.53
KOKUYOCMLN,32.57,32.57
GOACARBON,8.41,8.41
SANGHVIMOV,26.83,26.83
NATIONALUM,17.49,20.7
JINDALSTEL,18.15,18.15
NIPPOBATRY,29.86,29.86
HCLTECH,22.71,22.71
