SYMBOL,SERIES,SECURITY,HIGH/LOW,INDEX FLAG
AAREYDRUGS,BE,AAREY DRUGS & PHARM LTD,H
AARTECH,BE,AARTECH SOLONICS LIMITED,H
ABMINTLLTD,EQ,ABM INTERNATIONAL LTD,H
ADROITINFO,EQ,ADROIT INFOTECH LIMITED,H
ADROITPP,E1,ADROITINF RS.2.50 PPD UP,H
AKI,EQ,AKI INDIA LIMITED,H
AKSHOPTFBR,BE,AKSH OPTIFIBRE  LTD,H
ALPSINDUS,EQ,ALPS INDUSTRIES LTD,H
ANTGRAPHIC,BE,ANTARCTICA LTD,H
ARENTERP,EQ,RAJDARSHAN INDUSTRIES LTD,H
ARVEE,BE,ARVEE LABORATORIES I LTD,H
ASMS,EQ,BARTRONICS INDIA LIMITED,H
AZAD,EQ,AZAD ENGINEERING LIMITED,H
BAJEL,EQ,BAJEL PROJECTS LIMITED,H
BANG,EQ,BANG OVERSEAS LTD.,H
BINANIIND,EQ,BINANI INDUSTRIES LTD,H
BIRDYS,ST,GRILL SPLENDOUR SER LTD,H
BKMINDST,BZ,BKM INDUSTRIES LIMITED,H
BLBLIMITED,BE,BLB LIMITED,H
BLUECHIP,BE,BLUE CHIP INDIA LIMITED,H
CADSYS,ST,CADSYS (INDIA) LIMITED,H
CMMIPL,ST,CMM INFRAPROJECTS LIMITED,H
CMNL,SM,CHAMAN METALLICS LIMITED,H
CMRSL,SM,CYBER MEDIA RES & SER LTD,H
CREATIVEYE,EQ,CREATIVE EYE LIMITED,H
DESTINY,SM,DESTINY LOGISTICS & I LTD,H
DGCONTENT,EQ,DIGICONTENT LIMITED,H
DHANBANK,BE,DHANLAXMI BANK LIMITED,H
DOLPHIN,BE,DOLPHIN OFF ENT (IND) L,H
DRONE,SM,DRONE DESTINATION LIMITED,H
DYNAMIC,SM,DYNAMIC SRVCS & SEC LTD,H
EIMCOELECO,BE,EIMCO ELECON (INDIA) LTD,H
EQUIPPP,BE,EQUIPPP SOC IMP TECH LTD,H
ESSENTIA,BE,INTEGRA ESSENTIA LIMITED,H
FCONSUMER,EQ,FUTURE CONSUMER LIMITED,H
FEL,BZ,FUTURE ENTERPRISES LTD,H
FLFL,BZ,FUT LIFESTYLE FASH LTD,H
GAYAHWS,BE,GAYATRI HIGHWAYS LIMITED,H
GENSOL,EQ,GENSOL ENGINEERING LTD,H
GET&D,BE,GE T&D INDIA LIMITED,H
GLOBALVECT,BE,GLOBAL VEC HELICORP LTD,H
GMRP&UI,EQ,GMR POW AND URBAN INFRA L,H
GPTINFRA,EQ,GPT INFRAPROJECTS LTD,H
GSTL,SM,GLOBESECURE TECHNO LTD,H
GTLINFRA,EQ,GTL INFRA.LTD,H
GUJRAFFIA,BE,GUJARAT RAFFIA INDUST LTD,H
GVPTECH,EQ,GVP INFOTECH LIMITED,H
HAVISHA,EQ,SRI HAVISHA HOSP & INFR L,H
HDIL,BZ,HOUSING DEV & INFRA LTD,H
HIRECT,EQ,HIND RECTIFIER LIMITED,H
HITECHGEAR,BE,THE HI-TECH GEARS LIMITED,H
HYBRIDFIN,EQ,HYBRID FINANCIAL SERVICE,H
INCREDIBLE,EQ,INCREDIBLE INDUSTRIES LTD,H
INDSWFTLTD,BE,IND-SWIFT LIMITED,H
INNOVATIVE,SM,INNOVATIVE TYRES & TUBES,H
ISHAN,SM,ISHAN INTERNATIONAL LTD,H
IWEL,BE,INOX WIND ENERGY LIMITED,H
IZMO,EQ,IZMO LIMITED,H
JAIBALAJI,BE,JAI BALAJI INDUSTRIES LTD,H
JALAN,SM,JALAN TRANSOLU. INDIA LTD,H
JAYNECOIND,EQ,JAYASWAL NECO INDUSTR LTD,H
JITFINFRA,BE,JITF INFRALOGISTICS LTD,H
KBCGLOBAL,EQ,KBC GLOBAL LIMITED,H
KDL,SM,KORE DIGITAL LIMITED,H
KEEPLEARN,EQ,DSJ KEEP LEARNING LTD,H
KILITCH,EQ,KILITCH DRUGS INDIA LTD,H
KMSUGAR,EQ,K M SUGAR MILLS LTD,H
KODYTECH,SM,KODY TECHNOLAB LIMITED,H
KPIGREEN,EQ,KPI GREEN ENERGY LIMITED,H
LAGNAM,BE,LAGNAM SPINTEX LIMITED,H
LAKPRE,BZ,LAKSHMI PRE SCRE LTD,H
LLOYDS,SM,LLOYDS LUXURIES LIMITED,H
LPDC,EQ,LANDMARK PR.DEV.CO.LTD,H
MAFANG,EQ,MIRAEAMC - MAFANG,H
MANAKCOAT,EQ,MAN COAT METAL & IND LTD,H
MARINE,EQ,MARINE ELECTRICAL (I) LTD,H
MASKINVEST,EQ,MASK INVESTMENTS LIMITED,H
MCL,EQ,MADHAV COPPER LIMITED,H
MEGAFLEX,SM,MEGA FLEX PLASTICS LTD,H
METALFORGE,BZ,METALYST FORGINGS LIMITED,H
MICEL,EQ,MIC ELECTRONICS LTD,H
MILTON,SM,MILTON INDUSTRIES LIMITED,H
MIRCELECTR,EQ,MIRC ELECTRONICS LTD,H
MITCON,BE,MITCON CON & ENG SER LTD,H
MOHITIND,EQ,MOHIT INDUSTRIES LTD,H
MUFIN,EQ,MUFIN GREEN FINANCE LTD,H
NAGREEKCAP,EQ,NAGREEKA CAP & INFR.LTD,H
NILASPACES,EQ,NILA SPACES LIMITED,H
NPST,SM,NETWORK PEOPLE SRV TECH L,H
OMKARCHEM,BZ,OMKAR SPL CHEM LTD,H
ONELIFECAP,BE,ONELIFE CAP ADVISORS LTD,H
ONEPOINT,EQ,ONE POINT ONE SOL LTD,H
ORIANA,SM,ORIANA POWER LIMITED,H
ORIENTLTD,EQ,ORIENT PRESS LIMITED,H
OWAIS,SM,OWAIS METAL & MINERAL,H
PAISALO,EQ,PAISALO DIGITAL LIMITED,H
PANSARI,EQ,PANSARI DEVELOPERS LTD,H
PRAMARA,SM,PRAMARA PROMOTIONS LTD,H
PREMIER,BE,PREMIER LIMITED,H
PURVA,BE,PURAVANKARA LIMITED,H
PVP,EQ,PVP VENTURES LIMITED,H
QFIL,SM,QUALITY FOILS (INDIA) LTD,H
RAJRILTD,BE,RAJ RAYON INDUSTRIES LTD,H
RAJTV,BE,RAJ TV NETWORK LTD,H
RHFL,BE,RELIANCE HOME FINANCE LTD,H
RKDL,EQ,RAVI KUMAR DIST. LTD.,H
ROLLT,BE,ROLLATAINERS LIMITED,H
ROML,EQ,RAJ OIL MILLS LIMITED,H
RPPINFRA,BE,R.P.P INFRA PROJECTS LTD.,H
SABEVENTS,BE,SAB EVENTS & GOVERNANCE,H
SABTNL,BE,SRI ADHIKARI BRO TELE N L,H
SADBHIN,BE,SADBHAV INFRA PROJ LTD.,H
SAHANA,SM,SAHANA SYSTEM LIMITED,H
SCILAL,EQ,SHIPPING CORP OF ILA LTD,H
SEAMECLTD,EQ,SEAMEC LIMITED,H
SEL,SM,SUNGARNER ENERGIES LTD,H
SETCO,EQ,SETCO AUTOMOTIVE LTD,H
SEYAIND,BE,SEYA INDUSTRIES LIMITED,H
SHAKTIPUMP,BE,SHAKTI PUMPS (I) LTD,H
SHRENIK,EQ,SHRENIK LIMITED,H
SHYAMTEL,BE,SHYAM TELECOM LIMITED,H
SMVD,SM,SMVD POLY PACK LIMITED,H
SOFTTECH,EQ,SOFTTECH ENGINEERS LTD,H
SOLEX,SM,SOLEX ENERGY LIMITED,H
SOMATEX,EQ,SOMA TEXTILES & INDUST LT,H
SUMEETINDS,BE,SUMEET IND LIMITED,H
SUPREMEENG,BE,SUPREME ENGINEERING LTD,H
SUVEN,EQ,SUVEN LIFE SCIENCES LTD,H
SWELECTES,EQ,SWELECT ENERGY SYS LTD,H
TAC,SM,TAC INFOSEC LIMITED,H
TAKE,EQ,TAKE SOLUTIONS LTD,H
TECHLABS,SM,TRIDENT TECHLABS LIMITED,H
TGL,ST,TEERTH GOPICON LIMITED,H
TIJARIA,BE,TIJARIA POLYPIPES LTD,H
TNTELE,BE,TAMILNADU TELECOMMUNICATI,H
UEL,BE,UJAAS ENERGY LIMITED,H
UNITECH,BZ,UNITECH LIMITED,H
VERTEXPLUS,SM,VERTEXPLUS TECHNOLOGIES L,H
VIJIFIN,BE,VIJI FINANCE LIMITED,H
VIVIANA,SM,VIVIANA POWER TECH LTD,H
VMARCIND,SM,V MARC INDIA LIMITED,H
WALPAR,SM,WALPAR NUTRITIONS LIMITED,H
WEL,BE,WONDER ELECTRICALS LTD,H
WINSOME,BE,WINSOME YARNS LIMITED,H
AARTECH,BE,AARTECH SOLONICS LIMITED,L
AGARWALFT,ST,AGARWAL FLOAT GLASS I LTD,L
AGUL,SM,A G UNIVERSAL LIMITED,L
AILIMITED,SM,ABHISHEK INTEGRATIONS LTD,L
AKI,EQ,AKI INDIA LIMITED,L
ALPEXSOLAR,SM,ALPEX SOLAR LIMITED,L
AMBANIORG,SM,AMBANI ORGANICS LIMITED,L
ANKITMETAL,EQ,ANKIT MET & POW LTD,L
ANTGRAPHIC,BE,ANTARCTICA LTD,L
ARENTERP,EQ,RAJDARSHAN INDUSTRIES LTD,L
ARHAM,ST,ARHAM TECHNOLOGIES LTD,L
ARVEE,BE,ARVEE LABORATORIES I LTD,L
ASCOM,ST,ASCOM LEASIN & INVEST LTD,L
ATALREAL,EQ,ATAL REALTECH LIMITED,L
ATLANTAA,BE,ATLANTAA LIMITED,L
AURIONPRO,BE,AURIONPRO SOLN LTD,L
CELLECOR,SM,CELLECOR GADGETS LIMITED,L
CMMIPL,ST,CMM INFRAPROJECTS LIMITED,L
COUNCODOS,EQ,COUNTRY CONDO S LIMITED,L
CYBERMEDIA,BE,CYBER MEDIA (INDIA) LTD.,L
DREDGECORP,EQ,DREDGING CORP OF INDIA,L
E2E,BE,E2E NETWORKS LIMITED,L
EDUCOMP,BZ,EDUCOMP SOLUTIONS LTD,L
EXCEL,EQ,EXCEL REALTY N INFRA LTD,L
FLFL,BZ,FUT LIFESTYLE FASH LTD,L
FSC,BZ,FUTURE SUPP CHAIN SOL LTD,L
GALLANTT,BE,GALLANTT ISPAT LIMITED,L
GAYAHWS,BE,GAYATRI HIGHWAYS LIMITED,L
GLOBAL,BE,GLOBAL EDUCATION LIMITED,L
GLOBE,EQ,GLOBE TEXTILES (I) LTD.,L
GLS,EQ,GLENMARK LIFE SCIENCE LTD,L
GODHA,BE,GODHA CABCON INSULAT LTD,L
GOENKA,BZ,GOENKA DIAMOND&JEWELS LTD,L
GVPTECH,EQ,GVP INFOTECH LIMITED,L
HEADSUP,BE,HEADS UP VENTURES LIMITED,L
HITECHGEAR,BE,THE HI-TECH GEARS LIMITED,L
INCREDIBLE,EQ,INCREDIBLE INDUSTRIES LTD,L
INDOTECH,BE,INDO TECH TRANSFORM LTD.,L
INNOVATIVE,SM,INNOVATIVE TYRES & TUBES,L
JALAN,SM,JALAN TRANSOLU. INDIA LTD,L
KRIDHANINF,BE,KRIDHAN INFRA LIMITED,L
MBECL,EQ,MCNALLY BH. ENG. CO.LTD,L
MICEL,EQ,MIC ELECTRONICS LTD,L
MTEDUCARE,BE,MT EDUCARE LTD,L
PAVNAIND,EQ,PAVNA INDUSTRIES LIMITED,L
PERFECT,SM,PERFECT INFRAENGINEER LTD,L
PIONEEREMB,EQ,PIONEER EMBROIDERIES LTD,L
PRATHAM,SM,PRATHAM EPC PROJECTS LTD,L
RAJRILTD,BE,RAJ RAYON INDUSTRIES LTD,L
RBMINFRA,SM,RBM INFRACON LIMITED,L
RBS,ST,RAMDEVBABA SOLVENT LTD,L
RCOM,BE,RELIANCE COMMUNICATIONS L,L
REFEX,EQ,REFEX INDUSTRIES LIMITED,L
SADBHAV,BE,SADBHAV ENGINEERING LTD,L
SAKUMA-RE,BE,SAKUMA EXPORTS LIMITED,L
SHEETAL,ST,SHEETAL UNIVERSAL LIMITED,L
SPARC,EQ,SUN PHARMA ADV.RES.CO.LTD,L
SRPL,BE,SHREE RAM PROTEINS LTD.,L
TARACHAND,BE,TARA CHAND INFRA SOLN LTD,L
TGL,ST,TEERTH GOPICON LIMITED,L
TRANSWIND,SM,TRANSWIND INFRA LIMITED,L
TRIL,BE,TRANS & RECTI. LTD,L
VIKASLIFE,EQ,VIKAS LIFECARE LIMITED,L
WEBELSOLAR,BE,WEBSOL ENERGY SYSTEM LTD,L
WINSOME,BE,WINSOME YARNS LIMITED,L
