GAIN_LOSS,SECURITY,CLOSE_PRIC,PREV_CL_PR,PERCENT_CG
 ,Nifty 50 Sec., , , 
 , , , , 
G,AXIS BANK LIMITED,      1127.00,      1063.25,6
G,STATE BANK OF INDIA,       812.70,       773.10,5.12
G,DR. REDDY S LABORATORIES,      6218.75,      5950.80,4.5
G,JSW STEEL LIMITED,       905.80,       882.70,2.62
G,NESTLE INDIA LIMITED,      2562.65,      2500.15,2.5
G,HERO MOTOCORP LIMITED,      4498.30,      4393.35,2.39
G,ADANI ENTERPRISES LIMITED,      3115.25,      3043.55,2.36
G,SUN PHARMACEUTICAL IND L,      1520.15,      1485.75,2.32
G,NTPC LTD,       359.20,       351.65,2.15
G,ITC LTD,       437.55,       428.90,2.02
G,COAL INDIA LTD,       452.45,       443.85,1.94
G,MAHINDRA & MAHINDRA LTD,      2096.85,      2058.45,1.87
G,EICHER MOTORS LTD,      4615.20,      4530.70,1.87
G,BHARAT PETROLEUM CORP  LT,       603.40,       593.35,1.69
G,HCL TECHNOLOGIES LTD,      1504.15,      1479.25,1.68
G,HINDALCO  INDUSTRIES  LTD,       646.80,       636.10,1.68
G,APOLLO HOSPITALS ENTER. L,      6384.10,      6283.35,1.6
G,ICICI BANK LTD.,      1113.75,      1096.75,1.55
G,BAJAJ FINSERV LTD.,      1655.55,      1630.35,1.55
G,INDUSIND BANK LIMITED,      1496.10,      1474.65,1.45
G,TATA STEEL LIMITED,       167.70,       165.55,1.3
G,GRASIM INDUSTRIES LTD,      2367.45,      2337.75,1.27
G,SHRIRAM FINANCE LIMITED,      2491.85,      2461.05,1.25
G,POWER GRID CORP. LTD.,       293.30,       290.40,1
G,TATA MOTORS LIMITED,      1001.25,       991.65,.97
G,OIL AND NATURAL GAS CORP.,       281.95,       279.35,.93
G,DIVI S LABORATORIES LTD,      3843.80,      3813.80,.79
G,ADANI PORT & SEZ LTD,      1330.55,      1320.50,.76
G,RELIANCE INDUSTRIES LTD,      2919.95,      2900.35,.68
G,CIPLA LTD,      1406.20,      1398.20,.57
 , , , , 
L,KOTAK MAHINDRA BANK LTD,      1642.45,      1842.80,-10.87
L,LTIMINDTREE LIMITED,      4634.70,      4726.80,-1.95
L,HINDUSTAN UNILEVER LTD.,      2230.85,      2260.25,-1.3
L,TITAN COMPANY LIMITED,      3571.10,      3609.75,-1.07
L,SBI LIFE INSURANCE CO LTD,      1444.45,      1460.05,-1.07
L,BAJAJ FINANCE LIMITED,      7294.90,      7329.15,-0.47
L,TATA CONSUMER PRODUCT LTD,      1106.25,      1110.15,-0.35
L,ASIAN PAINTS LIMITED,      2861.45,      2867.75,-0.22
L,MARUTI SUZUKI INDIA LTD.,     12922.50,     12944.05,-0.17
L,HDFC BANK LTD,      1510.75,      1511.70,-0.06
 , , , , 
 ,Nifty Next 50 Sec., , , 
 , , , , 
G,BANK OF BARODA,       268.65,       259.10,3.69
G,CANARA BANK,       616.85,       596.95,3.33
G,REC LIMITED,       451.25,       439.80,2.6
G,TRENT LTD,      4323.15,      4221.75,2.4
G,PUNJAB NATIONAL BANK,       135.90,       133.00,2.18
G,TVS MOTOR COMPANY  LTD,      2005.75,      1964.30,2.11
G,ZYDUS LIFESCIENCES LTD,       951.25,       933.50,1.9
G,INTERGLOBE AVIATION LTD,      3812.55,      3742.20,1.88
G,COLGATE PALMOLIVE LTD.,      2799.65,      2748.00,1.88
G,ABB INDIA LIMITED,      6431.70,      6343.85,1.38
G,HINDUSTAN AERONAUTICS LTD,      4000.75,      3946.70,1.37
G,POWER FIN CORP LTD.,       407.05,       402.05,1.24
G,SBI CARDS & PAY SER LTD,       758.40,       749.45,1.19
G,SIEMENS LTD,      5729.55,      5668.95,1.07
G,UNITED SPIRITS LIMITED,      1194.85,      1182.90,1.01
G,INDIAN OIL CORP LTD,       170.20,       168.75,0.86
G,INDIAN RAILWAY FIN CORP L,       150.25,       149.00,0.84
G,SRF LTD,      2638.90,      2619.20,0.75
G,TATA POWER CO LTD,       431.45,       428.30,0.74
G,JINDAL STEEL & POWER LTD,       942.25,       936.50,0.61
G,INFO EDGE (I) LTD,      5906.10,      5875.85,0.51
G,BHARAT ELECTRONICS LTD,       237.60,       236.50,0.47
G,ICICI LOMBARD GIC LIMITED,      1706.80,      1700.60,0.36
G,TORRENT PHARMACEUTICALS L,      2694.30,      2686.45,0.29
G,GAIL (INDIA) LTD,       208.00,       207.40,0.29
G,ADANI GREEN ENERGY LTD,      1812.65,      1808.30,0.24
G,INDIAN RAIL TOUR CORP LTD,      1027.80,      1025.35,0.24
G,SAMVRDHNA MTHRSN INTL LTD,       127.20,       126.90,0.24
G,ADANI ENERGY SOLUTION LTD,      1050.15,      1047.85,0.22
G,MARICO LIMITED,       510.15,       509.30,0.17
 , , , , 
L,AVENUE SUPERMARTS LIMITED,      4657.10,      4797.55,-2.93
L,ICICI PRU LIFE INS CO LTD,       564.15,       575.65,-2
L,SHREE CEMENT LIMITED,     23971.60,     24369.15,-1.63
L,CHOLAMANDALAM IN & FIN CO,      1155.35,      1168.80,-1.15
L,PIDILITE INDUSTRIES LTD,      2919.45,      2950.40,-1.05
L,AMBUJA CEMENTS LTD,       638.35,       644.45,-0.95
L,GODREJ CONSUMER PRODUCTS,      1201.80,      1212.80,-0.91
L,ADANI POWER LTD,       592.35,       596.50,-0.7
L,LIFE INSURA CORP OF INDIA,       984.50,       990.75,-0.63
L,VEDANTA LIMITED,       381.05,       383.45,-0.63
L,DABUR INDIA LTD,       506.45,       509.45,-0.59
L,HAVELLS INDIA LIMITED,      1560.60,      1568.10,-0.48
L,BAJAJ HOLDINGS & INVS LTD,      8200.55,      8230.00,-0.36
L,VARUN BEVERAGES LIMITED,      1441.95,      1445.10,-0.22
L,BERGER PAINTS (I) LTD,       505.70,       506.70,-0.2
L,ADANI TOTAL GAS LIMITED,       918.15,       919.50,-0.15
 , , , , 
 ,OTHER SECURITIES, , , 
 , , , , 
G,RAJ OIL MILLS LIMITED,        75.65,        63.05,19.98
G,LEXUS GRANITO (INDIA) LTD,        49.15,        42.45,15.78
G,KIRLOSKAR PNEUMATIC COM L,       908.60,       795.20,14.26
G,HITACHI ENERGY INDIA LTD,      9329.50,      8212.75,13.6
G,GPT INFRAPROJECTS LTD,       211.80,       188.25,12.51
G,NEOGEN CHEMICALS LIMITED,      1557.75,      1387.70,12.25
G,FAZE THREE LIMITED,       429.80,       386.95,11.07
G,PRITISH NANDY COMMUNICATI,        65.00,        58.55,11.02
G,MOIL LIMITED,       430.70,       388.45,10.88
G,GODFREY PHILLIPS INDIA LT,      3449.70,      3131.20,10.17
G,VIMTA LABS LIMITED,       560.35,       509.20,10.05
G,TAC INFOSEC LIMITED,       530.05,       481.90,9.99
G,IZMO LIMITED,       363.90,       330.85,9.99
G,LLOYDS LUXURIES LIMITED,       115.15,       104.70,9.98
G,SHIPPING CORP OF ILA LTD,        72.20,        65.65,9.98
G,VESUVIUS INDIA LTD,      4366.30,      3973.75,9.88
G,K M SUGAR MILLS LTD,        43.05,        39.20,9.82
G,VARDHMAN SPC STEEL LTD,       292.25,       267.35,9.31
G,INDO-NATIONAL LIMITED,       725.30,       666.55,8.81
G,H.G.INFRA ENGINEERING LTD,      1151.15,      1059.20,8.68
G,SYNERGY GREEN IND. LTD,       388.85,       357.90,8.65
G,INDBANK MERCH BANK,        52.65,        48.50,8.56
G,YUKEN INDIA LIMITED,      1280.35,      1180.65,8.44
G,EXCEL INDUSTRIES LTD,      1006.55,       928.35,8.42
G,MULTI COMMODITY EXCHANGE,      4160.85,      3839.45,8.37
G,MASTER COMPONENTS LIMITED,       152.85,       141.20,8.25
G,WISE TRAVEL INDIA LIMITED,       218.80,       202.35,8.13
G,EMS LIMITED,       458.00,       423.90,8.04
G,PATEL INT. LOG. LTD,        22.95,        21.25,8
G,SEC RE NCD 10.25% SR XII,       990.00,       920.15,7.59
 , , , , 
L,8.66% TAX FREE NCD,      1109.00,      1350.00,-17.85
L,INTEGRATED PERSO SER LTD,       171.00,       195.00,-12.31
L,SEC RE NCD 10.03% SR.VIII,       901.10,      1010.00,-10.78
L,GLENMARK LIFE SCIENCE LTD,       750.50,       826.50,-9.2
L,EXCEL REALTY N INFRA LTD,          .50,          .55,-9.09
L,SEC RE NCD 8.89% SR.VIII,       900.30,       990.00,-9.06
L,DALMIA BHARAT LIMITED,      1806.45,      1962.80,-7.97
L,CREATIVE GRAPHICS S IND L,       215.25,       232.85,-7.56
L,SHARP CHUCKS N MACHINES L,       101.15,       109.05,-7.24
L,DUCOL ORGS AND COLOURS LT,       102.60,       110.55,-7.19
L,CANARYS AUTOMATIONS LTD,        53.30,        57.40,-7.14
L,WEIZMANN LTD,       132.50,       142.25,-6.85
L,5PAISA CAPITAL LIMITED,       536.35,       575.30,-6.77
L,CELEBRITY FASHIONS LTD,        19.85,        21.25,-6.59
L,2.50%GOLDBONDS2027SR-VI,      6925.00,      7400.00,-6.42
L,BHARAT BIJLEE LTD,      3135.00,      3320.90,-5.6
L,INSPIRE FILMS LIMITED,        47.10,        49.85,-5.52
L,AAA TECHNOLOGIES LIMITED,       122.75,       129.60,-5.29
L,APOLLO SINDOORI HOTEL LTD,      1761.70,      1859.35,-5.25
L,REMUS PHARMACEUTICALS L,      7833.65,      8267.25,-5.24
L,INTRASOFT TECH. LTD,       134.40,       141.60,-5.08
L,THE INDIAN HOTELS CO. LTD,       577.25,       608.00,-5.06
L,PERFECT INFRAENGINEER LTD,        41.70,        43.90,-5.01
L,AKI INDIA LIMITED,        20.90,        22.00,-5
L,SUN PHARMA ADV.RES.CO.LTD,       270.90,       285.15,-5
L,PAVNA INDUSTRIES LIMITED,       536.50,       564.70,-4.99
L,ABHISHEK INTEGRATIONS LTD,        37.10,        39.05,-4.99
L,A G UNIVERSAL LIMITED,        58.05,        61.10,-4.99
L,ASCOM LEASIN & INVEST LTD,       263.80,       277.65,-4.99
L,INCREDIBLE INDUSTRIES LTD,        37.70,        39.65,-4.92
