SECURITY,NEW,PREVIOUS,NEW_STATUS
KIRLOSKAR INDUSTRIES LTD,4655,4550,H
MAN COAT METAL & IND LTD,49.75,47.4,H
HINDALCO  INDUSTRIES  LTD,648.25,637.65,H
ELECTROTHERM (I) LTD.,754.1,739.35,H
SMC GLOBAL SECURITIES LTD,154.5,152.9,H
GILLANDERS ARBUTHNOT LTD,86.5,85.8,H
DOLPHIN OFF ENT (IND) L,394.5,377.25,H
DIGIDRIVE DISTRIBUTORS L,41.5,40.7,H
CADSYS (INDIA) LIMITED,374.55,356.75,H
VOLTAS LTD,1436.85,1423.45,H
THE GE SHPG.LTD,1118.95,1097,H
CPSE ETF,85.96,85.95,H
GARDEN REACH SHIP&ENG LTD,1077.85,1018.5,H
GLOBAL VEC HELICORP LTD,234.25,223.1,H
ARVIND SMARTSPACES LTD,764,750.75,H
PRUDENT CORP ADV SER LTD,1557,1550,H
JUPITER WAGONS LIMITED,442.4,434,H
LLOYDS METALS N ENERGY L,749,739,H
REMUS PHARMACEUTICALS L,8747,8294.1,H
VIVIANA POWER TECH LTD,412.3,392.7,H
SEC RE NCD 11.19% SR.V,1025,1019.5,H
GOI TBILL 364D-13/02/25,94.32,93.3,H
SEC RE NCD SR.V,1230,1229.55,H
GOI TBILL 91D-06/06/24,99.03,99,H
SDL ML 7.39% 2026,101.4,101,H
ADROITINF RS.2.50 PPD UP,4.7,4.5,H
CUMMINS INDIA LTD,3270,3262.8,H
SBI-ETF NIFTY BANK,500.95,495.1,H
KIRLOSKAR BROTHERS LTD,1353.8,1322.45,H
INOX WIND LIMITED,658.4,648,H
TARAPUR TRANSFORMERS LTD,10.4,10.2,H
BHARAT DYNAMICS LIMITED,2097.95,2083.7,H
AXISAMC - AXISCETF,105.35,105.3,H
SHAKTI PUMPS (I) LTD,1856.6,1844,H
KEYNOTE FIN SERV LTD.,194.95,193.55,H
THEJO ENGINEERING LIMITED,3093.8,3090,H
MIC ELECTRONICS LTD,55.7,53.65,H
J.G.CHEMICALS LIMITED,273.8,267.85,H
MASK INVESTMENTS LIMITED,80,76.2,H
PRECOT LIMITED,409,401.8,H
DSPAMC - DSPBANKETF,49.97,49.7,H
UMA EXPORTS LIMITED,107.05,99.6,H
SERENCD 8.29% SR.V OP10,1003.99,1002,H
VESUVIUS INDIA LTD,4440,3988.95,H
THE HI-TECH GEARS LIMITED,1157.65,1129.4,H
REMSONS INDUSTRIES LTD,982.85,978,H
MOTILAL OSWAL FIN LTD,2485,2393.6,H
GE T&D INDIA LIMITED,1139.75,1085.75,H
YUKEN INDIA LIMITED,1343,1224.4,H
HITACHI ENERGY INDIA LTD,9821.95,8500,H
PILANI INV & IND COR LTD,4080,3985,H
AARTECH SOLONICS LIMITED,214.4,204.2,H
HOMESFY REALTY LIMITED,888,854.2,H
SOMI CONVEYOR BELT. LTD.,147,144.15,H
MASTER COMPONENTS LIMITED,155,150,H
INOX WIND ENERGY LIMITED,7314.1,7314,H
ZODIAC ENERGY LIMITED,563.8,429.2,H
NUVAMA WEALTH MANAGE LTD,5500,5475,H
GOI TBILL 364D-11/04/25,93.58,93.5,H
UJAAS ENERGY LIMITED,36.15,34.45,H
SEC RE NCD 0% SR.IV,1059,1048.7,H
GOI TBILL 364D-18/04/25,93.46,93.2,H
GOI TBILL 91D-19/07/24,98.3,98.2,H
EIMCO ELECON (INDIA) LTD,2204.15,2173,H
CARBORUNDUM UNIVERSAL LTD,1423,1359.6,H
SUNDARAM FINANCE LTD,4886.4,4820,H
TRENT LTD,4347,4304.8,H
KSB LIMITED,4979.95,4788,H
CAREER POINT LIMITED,377.85,364.25,H
SUNGARNER ENERGIES LTD,329.05,313.4,H
DYNAMIC SRVCS & SEC LTD,227.7,216.9,H
KCK INDUSTRIES LTD,101,99.9,H
S&S POWER SWITCHGEARS,340.05,333.4,H
GRASIM RE.0.50 PPD UP,1130,1123.9,H
GOI TBILL 91D-30/05/24,99.49,99.13,H
CELLO WORLD LIMITED,963.8,958,H
OWAIS METAL & MINERAL,742.35,707.05,H
SEC RED NCD 9.7% SR.VII,1159.9,1157,H
PRATHAM EPC PROJECTS LTD,255.15,251.75,H
TRUST FINTECH LIMITED,273,258.9,H
SERENCD 8.60% SR.IV OP8,1029.96,1026,H
H.G.INFRA ENGINEERING LTD,1183.95,1123.95,H
FORCE MOTORS LIMITED,10242.75,10139.05,H
ADITYA BIRLA CAPITAL LTD.,230.85,225.65,H
LOKESH MACHINES LTD,464.9,457,H
E2E NETWORKS LIMITED,1200,1151.1,H
NILA SPACES LIMITED,9.3,8.9,H
WONDER ELECTRICALS LTD,1192.35,1138.95,H
DIAMOND POWER INFRA LTD,744.9,730.3,H
SHARP CHUCKS N MACHINES L,116,110,H
SEC RED NCD 10% SR. VI,1050,1049,H
TRF LIMITED,572,476.25,H
UCAL LIMITED,195.5,187,H
PRAJAY ENG. SYN. LTD.,27.75,27.3,H
GOI LOAN 8.30% 2040,114.56,114,H
DSPAMC - LIQUIDADD,1006.21,1006.03,H
MANGALAM CEMENT LTD,897,896.9,H
APAR INDUSTRIES LTD.,7930.75,7850,H
LINDE INDIA LIMITED,8480,8307.2,H
STYRENIX PERFORMANCE LTD,1665,1650,H
NGL FINE CHEM LIMITED,2823.9,2699.75,H
SOFTTECH ENGINEERS LTD,344.55,344,H
KIRLOSKAR PNEUMATIC COM L,934,803.6,H
TIJARIA POLYPIPES LTD,18.6,17.75,H
HDFCAMC - HDFCSILVER,92,84.3,H
SP REFRACTORIES LIMITED,172,166.25,H
JANA SMALL FIN BANK LTD,497,496.45,H
SEC RE NCD 10% SR 4,1028,1015,H
KOTAKMAMC - KOTAKSILVE,83.8,83.48,H
TAC INFOSEC LIMITED,530.05,481.9,H
TEERTH GOPICON LIMITED,175.7,167.35,H
SRI HAVISHA HOSP & INFR L,2.6,2.5,H
PURAVANKARA LIMITED,395.85,377,H
AMBUJA CEMENTS LTD,649,646.8,H
IZMO LIMITED,363.9,363,H
MULTI COMMODITY EXCHANGE,4185,4072.6,H
UNITED BREWERIES LTD,2106,2046.2,H
STEEL CITY SECURITIES LTD,105.8,103.1,H
GMR POW AND URBAN INFRA L,69.5,66.2,H
TEGA INDUSTRIES LIMITED,1544.8,1539.65,H
INOX GREEN ENERGY SER LTD,154.8,154.4,H
KANDARP DG SMART BPO LTD,30.35,30,H
PARAS PETROFILS LTD.,3.85,3.55,H
CUBEXTUBINGS-ROLLSETT,125,92.05,H
GOI TBILL 182D-18/07/24,98.2,98,H
GOI TBILL 182D-08/08/24,98,97.92,H
LORDS CHLORO ALKALI LTD,133.9,131.85,H
GOI TBILL 364D-05/12/24,95.68,95.66,H
SHIPPING CORP OF ILA LTD,72.2,69.4,H
SRI ADHIKARI BRO TELE N L,98.2,93.55,H
SEC RE NCD 10.75% SR II,1005,975,H
ATAL REALTECH LIMITED,9.75,10.25,L
MANORAMA INDUSTRIES LTD,580,580.5,L
ASHOKA METCAST LIMITED,18.15,18.5,L
SHEETAL UNIVERSAL LIMITED,66,67.9,L
SEC RE NCD 10.50% SR.VII,900,902,L
PRUDENTIAL SUGAR CORPORAT,24.25,24.35,L
SEC RE NCD 8.20% SR.V,998.15,1000,L
MARSHALL MACHINES LTD,25.5,26,L
NARMADA AGROBASE LIMITED,20.3,20.55,L
KANANI INDUSTRIES LTD,3.8,3.85,L
GRILL SPLENDOUR SER LTD,117.05,120,L
BGR ENERGY SYSTEMS LTD,36.3,37,L
SECUREKLOUD TECH LIMITED,39.15,39.4,L
SIGNORIA CREATION LIMITED,152.6,155,L
THE WESTERN INDIA PLY LTD,150,154,L
BHARAT ROAD NETWORK LTD,55.05,56,L
ROBUST HOTELS LIMITED,164,166.25,L
SERENCD 8.65% SR.VI OP12,1031.55,1033,L
LANCOR HOLDINGS LIMITED,48.8,50,L
TARA CHAND INFRA SOLN LTD,282.35,293.3,L
BANKA BIOLOO LIMITED,101.05,103.1,L
KOTAKMAMC - KOTAKSILVE,78.51,78.9,L
M K PROTEINS LIMITED,10,10.2,L
RAVINDER HEIGHTS LIMITED,45.7,46.6,L
UDAYSHIVAKUMAR INFRA LTD,50.6,51.3,L
HEADS UP VENTURES LIMITED,14.5,15.25,L
ANI INTEGRATED SERV LTD.,118.65,121.35,L

