SYMBOL,SERIES,SECURITY,HIGH/LOW,INDEX FLAG
20MICRONS,EQ,20 MICRONS LTD,H
63MOONS,EQ,63 MOONS TECHNOLOGIES LTD,H
AARVI,EQ,AARVI ENCON LIMITED,H
AJOONI,EQ,AJOONI BIOTECH LIMITED,H
AKI,EQ,AKI INDIA LIMITED,H
AKSHAR,EQ,AKSHAR SPINTEX LIMITED,H
ALMONDZ,EQ,ALMONDZ GLOBAL SEC LTD,H
AMEYA,SM,AMEYA PRECISION ENG LTD,H
ANKITMETAL,BE,ANKIT MET & POW LTD,H
ANTGRAPHIC,EQ,ANTARCTICA LTD,H
ARSHIYA,BE,ARSHIYA LIMITED,H
ASHOKAMET,EQ,ASHOKA METCAST LIMITED,H
ASMS,EQ,BARTRONICS INDIA LIMITED,H
ATAM,EQ,ATAM VALVES LIMITED,H
ATLANTAA,BE,ATLANTAA LIMITED,H
AVONMORE,BE,AVONMORE CAP&MGT SERV LTD,H
BBOX,BE,BLACK BOX LIMITED,H
BEDMUTHA,EQ,BEDMUTHA INDUST LTD,H
BIL,BE,BHARTIYA INETRNATIONAL LT,H
BLUEPEBBLE,SM,BLUE PEBBLE LIMITED,H
CADSYS,SM,CADSYS (INDIA) LIMITED,H
CCHHL,BE,COUNTRY CLUB HOSP HOL LTD,H
CENTEXT,EQ,CENTURY EXTRUSIONS LTD,H
CEREBRAINT,EQ,CEREBRA INT TECH LTD,H
CMMIPL,ST,CMM INFRAPROJECTS LIMITED,H
CONTI,ST,CONTINENTAL SEED CHEM LTD,H
CREATIVEYE,BE,CREATIVE EYE LIMITED,H
CUPID,BE,CUPID LIMITED,H
DBSTOCKBRO,EQ,DB (INT) STOCK BROKERS,H
DCG,ST,DCG CABLES & WIRES LTD,H
DGCONTENT,BE,DIGICONTENT LIMITED,H
DHANBANK,EQ,DHANLAXMI BANK LIMITED,H
DHUNINV,EQ,DHUNSERI INVESTMENTS LTD,H
DIGISPICE,BE,DIGISPICE TECHNOLOGIES LT,H
DNAMEDIA,EQ,DILIGENT MEDIA CORP LTD.,H
DOLPHIN,BE,DOLPHIN OFF ENT (IND) L,H
DUCON,BE,DUCON INFRATECHNOLOGIES L,H
E2E,BE,E2E NETWORKS LIMITED,H
EFFWA,ST,EFFWA INFRA & RESEARCH L,H
EIMCOELECO,BE,EIMCO ELECON (INDIA) LTD,H
ELECTHERM,BE,ELECTROTHERM (I) LTD.,H
ELGIRUBCO,BE,ELGI RUBBER CO. LTD,H
ESCONET,ST,ESCONET TECHNOLOGIES LTD,H
EXCEL,BE,EXCEL REALTY N INFRA LTD,H
EXICOM,BE,EXICOM TELE SYSTEMS LTD,H
FEL,BZ,FUTURE ENTERPRISES LTD,H
FLEXITUFF,BE,FLEXITUFF VENTURES INT L,H
GAYAPROJ,BZ,GAYATRI PROJECTS LTD,H
GENCON,BE,GENERIC ENG CONS PROJ LTD,H
GEPIL,BE,GE POWER INDIA LIMITED,H
GGBL,ST,GANESH GREEN BHARAT LTD,H
GLOBALVECT,BE,GLOBAL VEC HELICORP LTD,H
GLOBE,BE,GLOBE TEXTILES (I) LTD.,H
GOKUL,EQ,GOKUL REFOILS & SOLV LTD,H
GOLDTECH,EQ,AION-TECH SOLUTIONS LTD,H
GPTINFRA,BE,GPT INFRAPROJECTS LTD,H
GRETEX,ST,GRETEX INDUSTRIES LTD.,H
GSMFOILS,ST,GSM FOILS LIMITED,H
GTL,BE,GTL LTD,H
GTLINFRA,EQ,GTL INFRA.LTD,H
HBSL,EQ,HB STOCKHOLDINGS LIMITED,H
HEXATRADEX,EQ,HEXA TRADEX LIMITED,H
HINDMOTORS,EQ,HINDUSTAN MOTORS LIMITED,H
HSCL,EQ,HIMADRI SPECIALITY CHEM L,H
HUBTOWN,BE,HUBTOWN LIMITED,H
ICEMAKE,EQ,ICE MAKE REFRIGERAT LTD,H
INFOLLION,ST,INFOLLION RESEARCH SER L,H
INSPIRISYS,EQ,INSPIRISYS SOLUTIONS LTD,H
ISHAN,SM,ISHAN INTERNATIONAL LTD,H
IVP,BE,IVP LIMITED,H
JFLLIFE,ST,JFL LIFE SCIENCES LIMITED,H
JITFINFRA,EQ,JITF INFRALOGISTICS LTD,H
JPASSOCIAT,BE,JAIPRAKASH ASSOCIATES LTD,H
JPPOWER,EQ,JAIPRAKASH POWER VEN. LTD,H
JSLL,SM,JEENA SIKHO LIFECARE LTD,H
KAMATHOTEL,EQ,KAMAT HOTELS (I) LTD,H
KARMAENG,BE,KARMA ENERGY LIMITED,H
KATARIA,ST,KATARIA INDUSTRIES LTD,H
KAYA,BE,KAYA LIMITED,H
KBCGLOBAL,BE,KBC GLOBAL LIMITED,H
KEEPLEARN,BE,DSJ KEEP LEARNING LTD,H
KHAITANLTD,EQ,KHAITAN (INDIA)LTD.,H
KHANDSE,EQ,KHANDWALA SECURITIES LTD,H
KONTOR,SM,KONTOR SPACE LIMITED,H
KPIGREEN,BE,KPI GREEN ENERGY LIMITED,H
KRIDHANINF,BE,KRIDHAN INFRA LIMITED,H
KRISHIVAL,SM,KRISHIVAL FOODS LIMITED,H
KRISHNADEF,ST,KRISHNA DEF AND ALD IND L,H
KRITI,EQ,KRITI INDUSTRIES IND LTD,H
LAMBODHARA,EQ,LAMBODHARA TEXTILES LTD.,H
LGHL,EQ,LAXMI GOLDORNA HOUSE LTD,H
LRRPL,SM,LEAD REC AND RUB PROD LTD,H
MANORG,EQ,MANGALAM ORGANICS LIMITED,H
MASTER,ST,MASTER COMPONENTS LIMITED,H
MBECL,EQ,MCNALLY BH. ENG. CO.LTD,H
MCON,ST,MCON RASAYAN INDIA LTD,H
MGEL,BE,MANGALAM GLOBAL ENT LTD,H
MINDTECK,EQ,MINDTECK (INDIA) LIMITED,H
MIRCELECTR,EQ,MIRC ELECTRONICS LTD,H
MODISONLTD,EQ,MODISON LIMITED,H
MSPL,EQ,MSP STEEL & POWER LTD.,H
MTNL,EQ,MAHANAGAR TELEPHONE NIGAM,H
NDLVENTURE,EQ,NDL VENTURES LIMITED,H
NEPHROCARE,SM,NEPHRO CARE INDIA LIMITED,H
NETWORK18,EQ,NETWORK18 MEDIA & INV LTD,H
NPST,SM,NETWORK PEOPLE SRV TECH L,H
OILCOUNTUB,BE,OIL COUNTRY TUBULAR LTD.,H
OMAXE,BE,OMAXE LIMITED,H
OMINFRAL,BE,OM INFRA LIMITED,H
ORIANA,SM,ORIANA POWER LIMITED,H
ORTINLAB,EQ,ORTIN LABORATORIES LTD,H
PALREDTEC,BE,PALRED TECHNOLOGIES LTD,H
PANSARI,EQ,PANSARI DEVELOPERS LTD,H
PARACABLES,EQ,PARAMOUNT COMM LTD,H
PARASPETRO,BE,PARAS PETROFILS LTD.,H
PAYTM,EQ,ONE 97 COMMUNICATIONS LTD,H
PCJEWELLER,EQ,PC JEWELLER LTD,H
PIGL,BE,POWER INSTRUMENT (G) LTD,H
PRAENG,EQ,PRAJAY ENG. SYN. LTD.,H
PRAXIS,BE,PRAXIS HOME RETAIL LTD,H
PREMEXPLN,BE,PREMIER EXPLOSIVES LTD,H
PRITIKA,SM,PRITIKA ENG COMPO LTD,H
PRIZOR,ST,PRIZOR VIZTECH LIMITED,H
PURVA,BE,PURAVANKARA LIMITED,H
QUADPRO,SM,QUADPRO ITES LIMITED,H
RAJRILTD,BE,RAJ RAYON INDUSTRIES LTD,H
RELIABLE,BE,RELIABLE DATA SERVICE LTD,H
RHL,EQ,ROBUST HOTELS LIMITED,H
RICHA,SM,RICHA INFO SYSTEMS LTD,H
RILINFRA,ST,RACHANA INFRA LTD,H
RKDL,BE,RAVI KUMAR DIST. LTD.,H
ROLLT,BE,ROLLATAINERS LIMITED,H
RSSOFTWARE,BE,R. S. SOFTWARE (INDIA) LI,H
RTNPOWER,EQ,RATTANINDIA POWER LIMITED,H
S&SPOWER,BE,S&S POWER SWITCHGEARS,H
SADBHAV,EQ,SADBHAV ENGINEERING LTD,H
SAHAJSOLAR,ST,SAHAJ SOLAR LIMITED,H
SATIPOLY,ST,SATI POLY PLAST LIMITED,H
SEJALLTD,BE,SEJAL GLASS LIMITED,H
SIKKO,BE,SIKKO INDUSTRIES LIMITED,H
SILLYMONKS,EQ,SILLY MONKS ENTERTAIN LTD,H
SINDHUTRAD,EQ,SINDHU TRADE LINKS LTD,H
SITINET,BE,SITI NETWORKS LIMITED,H
SJLOGISTIC,SM,S J LOGISTICS (INDIA) LTD,H
SMVD,SM,SMVD POLY PACK LIMITED,H
SPMLINFRA,EQ,SPML INFRA LIMITED,H
SUMEETINDS,BE,SUMEET IND LIMITED,H
SUPERSPIN,EQ,SUPER SPINNING MILLS LTD,H
SURAJEST,BE,SURAJ ESTATE DEVELOPERS L,H
SUVEN,EQ,SUVEN LIFE SCIENCES LTD,H
SUVIDHAA,EQ,SUVIDHAA INFOSERVE LTD,H
SWSOLAR,EQ,STRLNG & WIL REN ENE LTD,H
TARACHAND,EQ,TARA CHAND INFRA SOLN LTD,H
TARC,BE,TARC LIMITED,H
TARMAT,EQ,TARMAT LIMITED,H
TECHIN,BE,TECHINDIA NIRMAN LIMITED,H
TERASOFT,BE,TERA SOFTWARE LIMITED,H
TGL,ST,TEERTH GOPICON LIMITED,H
TIJARIA,BE,TIJARIA POLYPIPES LTD,H
TUNWAL,ST,TUNWAL E-MOTORS LIMITED,H
UNITECH,BZ,UNITECH LIMITED,H
URBAN,SM,URBAN ENVIRO WASTE MGMT L,H
VARDMNPOLY,EQ,VARDHMAN POLYTEX LTD.,H
VERA,SM,VERA SYNTHETIC LIMITED,H
VLEGOV,EQ,VL E GOV AND IT SOL LTD,H
VMARCIND,SM,V MARC INDIA LIMITED,H
VSTL,BE,VIBHOR STEEL TUBES LTD,H
WALCHANNAG,EQ,WALCHANDNAGAR INDUSTRIES,H
WANBURY,EQ,WANBURY LIMITED,H
WINSOME,BE,WINSOME YARNS LIMITED,H
WOMANCART,ST,WOMANCART LIMITED,H
ZENTEC,EQ,ZEN TECHNOLOGIES LIMITED,H
AILIMITED,ST,ABHISHEK INTEGRATIONS LTD,L
CMMIPL,ST,CMM INFRAPROJECTS LIMITED,L
CMRSL,SM,CYBER MEDIA RES & SER LTD,L
DHTL,SM,DOCMODE HEALTH TECH LTD,L
FEL,BZ,FUTURE ENTERPRISES LTD,L
GRETEX,ST,GRETEX INDUSTRIES LTD.,L
GTL,BE,GTL LTD,L
GTLINFRA,EQ,GTL INFRA.LTD,L
GVKPIL,BE,GVK POW. & INFRA LTD.,L
INDO-RE1,BE,INDOWIND ENERGY LIMITED,L
KATARIA,ST,KATARIA INDUSTRIES LTD,L
KSHITIJPOL,BE,KSHITIJ POLYLINE LIMITED,L
LLOYDS,SM,LLOYDS LUXURIES LIMITED,L
NECCLTD,BE,NORTH EAST CARRY CORP LTD,L
NILAINFRA,EQ,NILA INFRASTRUCTURES LTD,L
PRATHAM,SM,PRATHAM EPC PROJECTS LTD,L
REXPIPES,SM,REX PIPES AND CABLES LTD,L
RILINFRA,ST,RACHANA INFRA LTD,L
SAGARDEEP,BE,SAGARDEEP ALLOYS LIMITED,L
SATIPOLY,ST,SATI POLY PLAST LIMITED,L
SHEETAL,SM,SHEETAL UNIVERSAL LIMITED,L
SIDDHIKA,SM,SIDDHIKA COATINGS LIMITED,L
SONUINFRA,ST,SONU INFRATECH LIMITED,L
TAPIFRUIT,SM,TAPI FRUIT PROCESSING LTD,L
TRANSWIND,SM,TRANSWIND INFRA LIMITED,L
TUNWAL,ST,TUNWAL E-MOTORS LIMITED,L
VASA,ST,VASA RETAIL & OVERSEA LTD,L
VEEKAYEM,SM,VEEKAYEM FASH & APP LTD,L
VERTOZ,BE,VERTOZ ADVERTISING LTD,L
ZTECH,SM,Z-TECH (INDIA) LIMITED,L
