GAIN_LOSS,SECURITY,CLOSE_PRIC,PREV_CL_PR,PERCENT_CG
 ,Nifty 50 Sec., , , 
 , , , , 
G,SHRIRAM FINANCE LIMITED,      2925.00,      2679.00,9.18
G,DIVI S LABORATORIES LTD,      4790.60,      4547.00,5.36
G,CIPLA LTD,      1575.00,      1500.05,5
G,BHARTI AIRTEL LIMITED,      1514.40,      1449.15,4.5
G,APOLLO HOSPITALS ENTER. L,      6664.55,      6385.80,4.37
G,ADANI PORT & SEZ LTD,      1542.75,      1487.00,3.75
G,ADANI ENTERPRISES LIMITED,      3080.50,      2973.50,3.6
G,WIPRO LTD,       524.80,       506.85,3.54
G,LTIMINDTREE LIMITED,      5788.45,      5597.90,3.4
G,TATA STEEL LIMITED,       162.55,       157.39,3.28
G,SBI LIFE INSURANCE CO LTD,      1750.95,      1695.40,3.28
G,HINDALCO  INDUSTRIES  LTD,       667.60,       646.55,3.26
G,COAL INDIA LTD,       509.85,       494.00,3.21
G,HCL TECHNOLOGIES LTD,      1635.35,      1587.60,3.01
G,JSW STEEL LIMITED,       900.55,       874.50,2.98
G,INFOSYS LIMITED,      1878.90,      1824.85,2.96
G,HDFC LIFE INS CO LTD,       703.35,       683.15,2.96
G,SUN PHARMACEUTICAL IND L,      1714.25,      1665.80,2.91
G,MAHINDRA & MAHINDRA LTD,      2887.80,      2811.40,2.72
G,TITAN COMPANY LIMITED,      3494.15,      3405.80,2.59
G,TATA MOTORS LIMITED,      1118.30,      1090.95,2.51
G,ITC LTD,       502.20,       489.95,2.5
G,BAJAJ AUTO LIMITED,      9492.90,      9278.25,2.31
G,EICHER MOTORS LTD,      5012.50,      4900.65,2.28
G,KOTAK MAHINDRA BANK LTD,      1813.85,      1775.15,2.18
G,BAJAJ FINANCE LIMITED,      6789.75,      6647.75,2.14
G,ULTRATECH CEMENT LIMITED,     11673.05,     11441.50,2.02
G,INDUSIND BANK LIMITED,      1403.90,      1379.10,1.8
G,ASIAN PAINTS LIMITED,      2950.15,      2901.40,1.68
G,LARSEN & TOUBRO LTD.,      3679.90,      3619.15,1.68
 , , , , 
L,OIL AND NATURAL GAS CORP.,       331.60,       335.80,-1.25
L,NESTLE INDIA LIMITED,      2476.90,      2480.65,-0.15
 , , , , 
 ,Nifty Next 50 Sec., , , 
 , , , , 
G,TATA POWER CO LTD,       444.70,       423.35,5.04
G,JINDAL STEEL & POWER LTD,       972.35,       937.80,3.68
G,TORRENT PHARMACEUTICALS L,      3194.90,      3085.25,3.55
G,CHOLAMANDALAM IN & FIN CO,      1410.95,      1363.65,3.47
G,ICICI PRU LIFE INS CO LTD,       724.90,       701.70,3.31
G,VEDANTA LIMITED,       444.50,       430.90,3.16
G,ABB INDIA LIMITED,      7851.25,      7623.80,2.98
G,REC LIMITED,       625.90,       608.00,2.94
G,BHARAT ELECTRONICS LTD,       309.90,       301.45,2.8
G,POWER FIN CORP LTD.,       538.95,       525.05,2.65
G,SAMVRDHNA MTHRSN INTL LTD,       196.40,       191.38,2.62
G,ADANI POWER LTD,       712.65,       695.20,2.51
G,INFO EDGE (I) LTD,      7187.40,      7013.60,2.48
G,ZOMATO LIMITED,       224.62,       219.31,2.42
G,TVS MOTOR COMPANY  LTD,      2508.00,      2449.30,2.4
G,SRF LTD,      2456.15,      2399.80,2.35
G,BERGER PAINTS (I) LTD,       542.40,       530.30,2.28
G,DLF LIMITED,       829.70,       811.70,2.22
G,LIFE INSURA CORP OF INDIA,      1184.35,      1160.90,2.02
G,PUNJAB NATIONAL BANK,       119.95,       117.72,1.89
G,BANK OF BARODA,       249.70,       245.35,1.77
G,CANARA BANK,       113.86,       111.89,1.76
G,TRENT LTD,      5393.35,      5309.95,1.57
G,HINDUSTAN AERONAUTICS LTD,      4905.40,      4830.05,1.56
G,AMBUJA CEMENTS LTD,       686.40,       675.90,1.55
G,INDIAN RAIL TOUR CORP LTD,       984.15,       969.15,1.55
G,VARUN BEVERAGES LIMITED,      1676.65,      1652.10,1.49
G,INTERGLOBE AVIATION LTD,      4493.40,      4432.20,1.38
G,SIEMENS LTD,      6917.30,      6836.95,1.18
G,GAIL (INDIA) LTD,       230.64,       228.40,0.98
 , , , , 
L,AVENUE SUPERMARTS LIMITED,      5071.60,      5171.35,-1.93
L,SBI CARDS & PAY SER LTD,       721.70,       730.50,-1.2
L,ADANI GREEN ENERGY LTD,      1803.70,      1820.50,-0.92
L,GODREJ CONSUMER PRODUCTS,      1467.50,      1480.10,-0.85
L,INDIAN OIL CORP LTD,       176.55,       176.85,-0.17
L,INDIAN RAILWAY FIN CORP L,       183.44,       183.56,-0.07
 , , , , 
 ,OTHER SECURITIES, , , 
 , , , , 
G,ROBUST HOTELS LIMITED,       198.49,       165.41,20
G,NDL VENTURES LIMITED,       112.21,        93.51,20
G,AION-TECH SOLUTIONS LTD,       149.43,       124.53,20
G,BOND 8.37% TAX FREE S3A,     12250.00,     10250.00,19.51
G,LAMBODHARA TEXTILES LTD.,       185.73,       156.01,19.05
G,20 MICRONS LTD,       257.57,       218.40,17.93
G,ORTIN LABORATORIES LTD,        21.82,        18.63,17.12
G,KHANDWALA SECURITIES LTD,        31.85,        27.68,15.07
G,INTEGRATED PERSO SER LTD,       184.00,       160.00,15
G,SEC RE NCD 10.30% SR.VII,       942.85,       820.00,14.98
G,GHCL TEXTILES LIMITED,       106.97,        93.55,14.35
G,SAMMAAN CAPITAL LIMITED,       944.80,       827.83,14.13
G,AARVI ENCON LIMITED,       149.29,       131.11,13.87
G,THE NEW INDIA ASSU CO LTD,       291.73,       258.44,12.88
G,DHUNSERI INVESTMENTS LTD,      1437.00,      1287.20,11.64
G,CSL FINANCE LIMITED,       522.05,       467.90,11.57
G,DCW LTD,        59.78,        53.58,11.57
G,CENTRUM CAPITAL LIMITED,        42.84,        38.47,11.36
G,ORICON ENTERPRISES LTD,        43.96,        39.64,10.9
G,BANCO PRODUCTS (I) LTD,       760.30,       687.05,10.66
G,UNIINFO TELECOM SERVI LTD,        40.04,        36.20,10.61
G,MMP INDUSTRIES LIMITED,       332.00,       300.80,10.37
G,GENERAL INS CORP OF INDIA,       410.50,       372.15,10.3
G,KRITI INDUSTRIES IND LTD,       211.75,       192.50,10
G,PANSARI DEVELOPERS LTD,       140.49,       127.72,10
G,NEPHRO CARE INDIA LIMITED,       312.45,       284.05,10
G,TARMAT LIMITED,        95.20,        86.55,9.99
G,KHAITAN (INDIA)LTD.,        87.72,        79.75,9.99
G,ONE 97 COMMUNICATIONS LTD,       509.05,       462.80,9.99
G,MINDTECK (INDIA) LIMITED,       421.10,       382.85,9.99
 , , , , 
L,MMTC LIMITED,       106.82,       120.91,-11.65
L,NOVA AGRITECH LIMITED,        82.10,        90.37,-9.15
L,GLOBESECURE TECHNO LTD,         2.30,         2.50,-8
L,D K ENTERPRISES GLOBAL L,        72.60,        78.75,-7.81
L,THE STATE TRADING CORPN,       220.06,       237.51,-7.35
L,AMBEY LABORATORIES LTD,        78.65,        84.65,-7.09
L,WORTH PERIPHERALS LIMITED,       133.09,       142.65,-6.7
L,BASF INDIA LTD,      5793.15,      6172.95,-6.15
L,2.50%GOLDBONDS2027SR-V,      7400.00,      7847.99,-5.71
L,SUNREST LIFESCIENCE LTD,        58.20,        61.65,-5.6
L,BAID FINSERV LIMITED,        16.26,        17.22,-5.57
L,AGRI-TECH (INDIA) LIMITED,       252.36,       267.18,-5.55
L,CYIENT LIMITED,      1789.90,      1894.20,-5.51
L,SHREE OSFM E-MOBILITY LTD,       158.25,       167.00,-5.24
L,GTL INFRA.LTD,         2.96,         3.12,-5.13
L,MOKSH ORNAMENTS LIMITED,        17.98,        18.94,-5.07
L,TRANSWIND INFRA LIMITED,        20.75,        21.85,-5.03
L,TUNWAL E-MOTORS LIMITED,        52.20,        54.95,-5
L,TAPI FRUIT PROCESSING LTD,       126.30,       132.95,-5
L,REX PIPES AND CABLES LTD,        79.80,        84.00,-5
L,Z-TECH (INDIA) LIMITED,       283.45,       298.35,-4.99
L,ROUTE MOBILE LIMITED,      1642.30,      1728.60,-4.99
L,SIDDHIKA COATINGS LIMITED,       130.90,       137.75,-4.97
L,NILA INFRASTRUCTURES LTD,        13.58,        14.29,-4.97
L,PRATHAM EPC PROJECTS LTD,       293.75,       309.00,-4.94
L,JTL INDUSTRIES LIMITED,       212.24,       223.24,-4.93
L,QUALITY FOILS (INDIA) LTD,       105.55,       111.00,-4.91
L,HT MEDIA LIMITED,        27.24,        28.64,-4.89
L,SPECTRUM TALENT MGMT LTD,       116.25,       122.20,-4.87
L,MEDICAMEN ORGANICS LTD,        90.70,        95.25,-4.78
