SECURITY,NEW,PREVIOUS,NEW_STATUS
ELECTROTHERM (I) LTD.,887.3,845.05,H
KOTHARI PETROCHEM LTD,186.99,185.7,H
FORTIS HEALTHCARE LTD,532.25,514.7,H
V2 RETAIL LIMITED,873.9,844.1,H
ICICI LOMBARD GIC LIMITED,1980.05,1965,H
LIFE INSURA CORP OF INDIA,1197,1175,H
VENUS PIPES & TUBES LTD,2381,2296,H
HDFCAMC - HDFCGROWTH,147,130,H
NIP IND ETF IT,43.85,43.49,H
DSPAMC - DSPN50ETF,263.68,260,H
ICICIPRAMC - ICICI10GS,236.04,235.39,H
ICICIPRAMC - ICICICONSU,120.35,118.68,H
LLOYDS ENGG WORK LIMITED,92.49,90.8,H
SEC RE NCD 0% SR.II,1199,1120,H
GOI TBILL 364D-02/05/25,94.7,94.68,H
INFOLLION RESEARCH SER L,307.4,292.95,H
ICICIPRAMC - OILIETF,13.8,13.3,H
BASF INDIA LTD,6248.85,6200,H
IFB INDUSTRIES LTD,1865,1765,H
ARVIND SMARTSPACES LTD,826,791,H
GANESHA ECOSPHERE LIMITED,1600.25,1594.45,H
GLOBAL VEC HELICORP LTD,281.47,268.07,H
HB STOCKHOLDINGS LIMITED,160.11,145.56,H
SANDHAR TECHNOLOGIES LTD,657.6,628.9,H
MMP INDUSTRIES LIMITED,338,332.9,H
PRUDENT CORP ADV SER LTD,2367.2,2286.85,H
CSL FINANCE LIMITED,529,517.7,H
MOTILALAMC - MOHEALTH,40.77,39.89,H
POWER INSTRUMENT (G) LTD,100.18,95.41,H
9.40 % SRNCD TR II SR III,1035.1,1035,H
MADHUSUDAN MASALA LIMITED,207.8,200,H
PLATINUM INDUSTRIES LTD,289.35,288.23,H
SEC RE NCD 9.20% SR III,1074,1050.98,H
SEC RE NCD 8.60% SR 5,1049,1036,H
SEC RE NCD 7.60% SR.II,1000,996,H
TATA CONSULTANCY SERV LT,4422.45,4361.7,H
AXISAMC - AXISHCETF,138.91,136,H
DCM NOUVELLE LIMITED,260,258,H
INSPIRISYS SOLUTIONS LTD,158.95,158.4,H
SBI LIFE INSURANCE CO LTD,1777.7,1701.35,H
SBIAMC - SBIETFIT,439.44,433.01,H
NIP IND ETF DIV OPP,87.35,87,H
CONTINENTAL SEED CHEM LTD,42.85,40.85,H
INNOVA CAPTAB LIMITED,636,635,H
SUNDARAM CLAYTON LIMITED,2057.3,1950,H
J.G.CHEMICALS LIMITED,275.8,274.5,H
EFFWA INFRA & RESEARCH L,253.45,241.4,H
SURAJ ESTATE DEVELOPERS L,660.8,629.35,H
MARSHALL MACHINES LTD,39.95,39.73,H
PRIZOR VIZTECH LIMITED,208.25,198.35,H
IRIS BUSINESS SERV LTD,286.11,280.5,H
KATARIA INDUSTRIES LTD,211.1,201.05,H
GOI TBILL 91D-10/10/24,98.55,98.42,H
APOLLO TYRES LTD,558.5,557.9,H
NTPC LTD,399.5,396.3,H
TVS MOTOR COMPANY  LTD,2528.8,2519,H
FIRSTSOURCE SOLU. LTD.,262.8,258.95,H
SUVEN PHARMACEUTICALS LTD,956.7,922.9,H
PARIN FURNITURE LIMITED,259,254.45,H
SKY GOLD LIMITED,2442.5,2364.4,H
ABANS HOLDINGS LIMITED,567.9,562.45,H
SUPREME ENGINEERING LTD,1.82,1.79,H
NUVAMA WEALTH MANAGE LTD,5750,5643,H
BALU FORGE INDUSTRIES LTD,450,429.3,H
GOI TBILL 364D-27/02/25,95.56,94.88,H
DYNEMIC PRODUCTS LIMITED,392,380,H
SEC RE NCD 10.03% SR.VIII,928,925.8,H
SEC RE NCD 9.80% SR.II,1010,1000,H
NEPHRO CARE INDIA LIMITED,312.45,284.05,H
OM INFRA LIMITED,205.24,195.47,H
SHRIRAM - LIQUIDSHRI,1004.11,1003.94,H
SDL WB 7.89% 2040,101.5,100.9,H
DR. REDDY S LABORATORIES,6966,6938.9,H
THE INDIA CEMENTS LIMITED,376.9,366,H
S&S POWER SWITCHGEARS,349.75,333.1,H
EIMCO ELECON (INDIA) LTD,3384.15,3339,H
SEAMEC LIMITED,1620,1610,H
ANTONY WASTE HDG CELL LTD,902,834.8,H
20 MICRONS LTD,262.08,236,H
CAREER POINT LIMITED,496.65,479.6,H
HESTER BIOSCIENCES LTD,3379,3220,H
PI INDUSTRIES LTD,4214.5,4058.3,H
R M DRIP & SPRINK SYS LTD,165,160,H
ETHOS LIMITED,3370,3355,H
KAVVERI TEL. LTD.,31.28,30.67,H
GOI TBILL 364D-12/12/24,97.16,96.9,H
ZENITH DRUGS LIMITED,93.3,91.7,H
SHEKHAWATI POLY-YARN LTD.,6.18,6.06,H
ICICIPRAMC - ICICIPHARM,139.9,138.31,H
KOTAKMAMC - KOTAKIT,43.69,43.37,H
SEC RE NCD 7.90% SR.III,1005,1000,H
GOI LOAN  7.1% 2034,103.49,103.25,H
OMAXE LIMITED,147.36,140.68,H
S J LOGISTICS (INDIA) LTD,528.95,510.8,H
TECHNO ELEC & ENG CO. LTD,1722,1684.45,H
KAY CEE ENERGY & INFRA L,389,380,H
SAHAJ SOLAR LIMITED,458.2,436.4,H
GE POWER INDIA LIMITED,513.8,512.9,H
BANCO PRODUCTS (I) LTD,769,744.15,H
ERIS LIFESCIENCES LIMITED,1098.65,1090,H
ZEN TECHNOLOGIES LIMITED,1532.45,1486.35,H
ICICI PRU LIFE INS CO LTD,731.45,724.3,H
MINDTECK (INDIA) LIMITED,421.1,411,H
ANIK INDUSTRIES LTD,73.6,71,H
LCC INFOTECH LTD,5.55,5.45,H
EMS LIMITED,874,817.5,H
GHCL TEXTILES LIMITED,110.25,98.25,H
WELSPUN LIVING LIMITED,186,184.5,H
GOI TBILL 364D-08/05/25,94.35,94.31,H
BLACK BOX LIMITED,457.1,435.35,H
SDL CG 7.43% 2029,101,100,H
SEC RE NCD SR 2,1018.3,1000,H
VINDHYA TELELINKS LTD,3083,3080,H
GLENMARK PHARMACEUTICALS,1454.2,1451,H
MANGALAM CEMENT LTD,964,948.9,H
FOSECO INDIA LTD,4740,4625,H
INDIA GLYCOLS LTD,1210,1205.95,H
WANBURY LIMITED,211.86,202.29,H
SOLEX ENERGY LIMITED,1693.95,1670.55,H
BARAK VALLEY CEM. LTD.,73.8,73.65,H
NIPPONAMC - NETFPHARMA,22.08,21.87,H
PIX TRANSMISSIONS LIMITED,1722.25,1710,H
ZYDUS LIFESCIENCES LTD,1215,1210,H
HUBTOWN LIMITED,220.52,210.02,H
NAVA LIMITED,898,868.75,H
INDUS TOWERS LIMITED,447.35,439.7,H
AMEYA PRECISION ENG LTD,140.2,139.7,H
DSPAMC - DSPNEWETF,327.7,323.6,H
DSPAMC - HEALTHADD,140,134,H
R K SWAMY LIMITED,313.9,312,H
GOI TBILL 182D-24/10/24,98.12,98.1,H
SILKFLEX POLYMERS INDIA L,93,92.8,H
KONTOR SPACE LIMITED,173.85,165.6,H
MASON INFRATECH LIMITED,179.95,172.9,H
MASTER COMPONENTS LIMITED,361.1,343.95,H
TEERTH GOPICON LIMITED,546.45,520.45,H
GANESH GREEN BHARAT LTD,504.65,494,H
ALPHAGEO (INDIA) LIMITED,482.5,479.8,H
ASSO ALCOHOLS & BREW LTD,818,787.45,H
ALEMBIC PHARMA LTD,1224.9,1218,H
MPS LIMITED,2170.35,2162,H
NIPPONAMC - NETFAUTO,267.25,264.48,H
BLUE CHIP INDIA LIMITED,5.91,5.8,H
MOS UTILITY LIMITED,232.5,224.8,H
MANOMAY TEX INDIA LTD,257,255.46,H
KOTAKMAMC - KTKNV20ETF,161.61,160.14,H
SEC RE NCD 8.85% SR I,1005,1003,H
SAMMAAN CAPITAL LIMITED,1139.99,1139.8,H
SRI ADHIKARI BRO TELE N L,353.04,346.12,H
GOLDKART JEWELS LIMITED,138.1,132.2,H
SOLAR ACT RS.3.50 PPD UP,337,329.4,H
GOI TBILL 364D-20/03/25,95.47,95.25,H
KPI GREEN ENERGY LIMITED,966.95,934,H
GOI TBILL 91D-03/10/24,98.65,98.5,H
SERENCD 8.29% SR.V OP10,987.11,993,L
SEC RED NCD SR.VIII,1335,1420,L
TUNWAL E-MOTORS LIMITED,52.2,54.95,L
GOI TBILL 91D-18/10/24,98.07,98.15,L
OSIA HYPER RETAIL LIMITED,24.84,25.15,L
SHRADHA INFRAPROJECTS LTD,128,130.45,L
NANDANI CREATION LIMITED,37.44,37.5,L
MEDICAMEN ORGANICS LTD,90.05,95,L
FALCON TECHNOPROJ IND LTD,67.55,69,L
SBIAMC - SBISILVER,81.03,81.7,L
RKEC PROJECTS LIMITED,129.28,131.92,L
SATI POLY PLAST LIMITED,211.3,222.4,L
SDL TN 6.63% 2035,88,88.35,L
SEC RE NCD 10.03% SR 5,933,951,L
SEC RED NCD 9.22% SR.II,981.1,990,L
GLOBESECURE TECHNO LTD,2.1,2.5,L
SEC RE NCD 10.25% SR I,900.99,930,L
SEC RE NCD 10.50% SR.IV,914.85,970,L

