SYMBOL,SYMBOL P/E,ADJUSTED P/E
AURIONPRO,58.39,58.39
AIAENG,35.29,35.31
ORIENTCER,33.01,38.93
EKC,18.4,18.04
ENIL,30.72,31.73
GVKPIL,4.9,4.9
BLKASHYAP,44.28,44.28
SOLARINDS,105.61,105.61
SUNTV,16.79,16.79
EMKAY,13.88,13.88
BALPHARMA,24.59,24.59
KAMDHENU,28.03,28.03
EMAMILTD,48.36,48.03
TECHM,58.55,58.63
ATLANTAA,.64,4.57
ANANTRAJ,66.51,66.51
ALICON,15.53,15.53
GLOBALVECT,311.06,311.06
INSPIRISYS,62.28,62.28
NAUKRI,125.07,116.56
TORNTPOWER,38.91,38.91
DONEAR,21.5,21.5
VENUSREM,18.6,18.6
PARACABLES,25.96,25.96
SARLAPOLY,26.07,26.07
PITTIENG,46.72,46.72
IZMO,25.78,25.78
TTL,53.98,53.98
RAJTV,452.39,452.39
THEMISMED,92.59,92.59
BANSWRAS,17.13,17.13
NDLVENTURE,194.84,194.84
FORTIS,59.78,60.96
V2RETAIL,104.16,104.16
CENTRALBK,18,18
CIEINDIA,27.35,27.35
PURVA,204.55,204.55
KSCL,18.7,18.7
MAANALU,22.63,22.63
BAJAJELEC,84.3,84.3
PRITI,19.19,19.19
ACCURACY,372.01,372.01
RITES,32.98,32.98
GANGAFORGE,177.67,181.54
REPL,21.49,21.49
HBSL,2.77,2.77
AVROIND,27.74,27.74
HDFCAMC,41.89,41.89
TEMBO,20.18,20.64
AARON,43.38,43.38
LAGNAM,19.17,19.17
RPPL,29.84,29.84
AKG,49.32,49.32
IRCON,29.89,29.89
AHLADA,10.63,10.63
RAJMET,24.76,24.76
AAVAS,27.76,27.76
KSHITIJPOL,44.96,
GRSE,72.46,72.46
KRITIKA,50.06,50.06
SILGO,20.28,20.28
VINNY,26.58,26.58
BBTCL,29.41,29.41
MARINE,129.11,129.76
IRISDOREME,42.25,42.25
ATGL,149.32,149.32
UNIPARTS,17.73,17.73
SHRIRAMPPS,4.81,4.81
AWHCL,23.13,23.13
RPSGVENT,11.81,11.81
MSTCLTD,31.8,31.8
ANUP,34.82,34.82
ARVINDFASN,61.59,59.03
PAR,21.48,21.48
RVNL,81.68,81.68
POLYCAB,53.65,53.65
METROPOLIS,81.83,81.83
KPITTECH,72.65,72.65
NEOGEN,119.45,119.45
VIKASLIFE,,94.9
EMAMIPAP,9.66,9.66
CONFIPET,28.82,28.82
PPL,13.21,13.21
DGCONTENT,34.69,34.69
INDIAMART,47.94,47.74
OAL,171.31,171.31
SATIA,5.89,5.89
AFFLE,67.63,67.63
SPANDANA,9.93,9.93
WESTLIFE,297.14,297.14
UJJIVANSFB,6.75,6.75
IRCTC,69.78,67.19
SAFARI,58.41,58.41
360ONE,45.06,45.06
HPIL,119.08,119.08
FLUOROCHEM,79.75,79.75
KUANTUM,7.49,7.49
CHEMBOND,21.1,21.1
MGEL,22.05,22.05
SBICARD,28.85,28.85
HOMEFIRST,28.24,28.24
CSBBANK,10.91,10.91
EASEMYTRIP,72.34,43.76
ROSSARI,33.1,33.1
PRINCEPIPE,40.6,44.09
ESAFSFB,6.22,6.22
ARTEMISMED,65.5,65.5
SUMICHEM,67.22,67.22
LGHL,76.92,81.11
MAHEPC,,2511.45
UNIVPHOTO,12.95,12.95
SUVENPHAR,77.35,77.35
POWERINDIA,289.89,289.89
KSOLVES,35.64,35.64
HAPPSTMNDS,50.09,52.18
AARTISURF,29.75,29.75
BOROLTD,61.12,61.12
MAXHEALTH,85.14,85.14
PAVNAIND,48.69,48.69
KALYANKJIL,99.16,99.16
SHAREINDIA,14.14,14.12
UNIDT,48.06,48.06
ANGELONE,16.02,16.02
ADL,1710.45,1710.45
SURYODAY,8.82,8.82
ROML,43.75,43.75
RAILTEL,64.2,66.74
BECTORFOOD,58.76,58.76
HERANBA,44.7,44.7
FAIRCHEMOR,44.3,44.3
ANURAS,51.31,51.31
ISGEC,40.11,40.11
PAKKA,24.62,24.62
CLSEL,9.52,9.52
SHAILY,69.13,69.13
MODISONLTD,22.19,27.88
BCLIND,19.37,19.28
SBCL,46.88,46.88
SMCGLOBAL,8.55,8.55
ARIHANTCAP,10.91,10.91
NAZARA,78.02,77.31
GENCON,23.67,23.67
HLEGLAS,70.48,65.79
SONACOMS,74.76,74.16
PARAS,163.94,163.94
CRAFTSMAN,39.42,39.42
EXXARO,180.78,180.78
ROLEXRINGS,38.11,34.55
KIMS,50.98,50.97
CLEAN,66.17,66.17
ABSLAMC,24.16,24.16
DEEPINDS,15.63,15.79
WINDLAS,26.12,26.12
KRSNAA,38.33,38.33
APTUS,26.18,26.18
SUPRIYA,25.89,25.89
VIJAYA,66.04,65.22
VINEETLAB,51.4,51.4
SANSERA,39.8,39.8
PRITIKAUTO,25.95,25.95
AAREYDRUGS,30.16,30.16
INTLCONV,8.91,8.91
HPAL,45.48,45.85
UGROCAP,20.34,20.34
KPIGREEN,68.69,68.59
YUKEN,93.6,93.6
SGIL,41.48,41.48
ANANDRATHI,62.56,62.56
SJS,29.84,29.84
FINOPB,28.18,28.18
POLICYBZR,1013.35,1013.35
NYKAA,1188.32,1188.32
AWL,246.26,196.88
MONARCH,14.07,14.07
SAPPHIRE,193.86,193.86
PRUDENT,67.26,67.26
EPIGRAL,28.67,28.67
NUVOCO,83.64,83.64
GOCOLORS,71.39,71.39
TRACXN,151.06,151.06
CMSINFO,25.22,25.22
FUSION,8.77,8.77
COASTCORP,90.98,90.98
TARSONS,64,64
MEDPLUS,159.6,159.6
TEGA,62.78,62.78
RATEGAIN,66.07,66.07
MANORG,85.66,85.66
LATENTVIEW,68.68,68.68
METROBRAND,85.41,85.41
MICEL,31.94,35.64
PASUPTAC,26.54,26.54
FOODSIN,24.19,24.16
PARADEEP,68.97,68.97
MAPMYINDIA,96.78,96.78
TMB,6.75,6.75
KRITI,43.68,43.68
MANYAVAR,62.73,62.73
GANESHBE,20.64,20.61
GVPTECH,76.07,76.07
DMCC,62.97,62.97
MEDICAMEQ,60.62,60.62
EMIL,45.37,45.37
SHIVALIK,55.17,55.17
UMAEXPORTS,27.79,27
DATAPATTNS,104.58,104.58
MEDANTA,67.69,67.69
AHL,29.82,29.82
MALLCOM,23.67,23.67
ASIANENE,54.23,50.6
SMLT,18.27,18.27
NRL,72.89,72.89
RADIANTCMS,19.91,19.91
CHOICEIN,55.26,55.26
HARIOMPIPE,35.04,35.04
GRWRHITECH,27.67,27.67
DCMSRIND,16.27,16.27
RAJRILTD,288.01,288.01
EMUDHRA,95.92,95.92
DYCL,37.16,37.16
FIVESTAR,25.33,25.33
STARTECK,17.26,17.26
VIRINCHI,30.88,30.88
SBC,68.01,68.01
ELDEHSG,26.89,26.89
SEJALLTD,105.73,105.73
MHLXMIRU,19.82,19.82
RELCHEMQ,55.14,55.14
SYRMA,67.13,66.63
ZIMLAB,32.27,32.27
CAMPUS,105.46,105.46
RAINBOW,53.43,53.43
AETHER,145.89,76.38
ROTO,55.01,55.01
INDOBORAX,15.6,15.6
RACE,381.82,381.82
AVONMORE,28.14,28.14
DREAMFOLKS,36.21,36.21
DHARMAJ,28.21,28.21
OBCL,30.32,30.32
GMRP&UI,157.83,
ACI,27.98,27.98
BIKAJI,63.54,63.54
SADHNANIQ,493.21,493.21
CHEVIOT,11.56,11.56
HMAAGRO,27.15,27.15
KFINTECH,52.94,52.94
DCXINDIA,56.28,56.28
KAYNES,145.5,145.5
AXITA,29.92,29.92
PLAZACABLE,100.84,100.84
TRU,50.69,50.69
SPLPETRO,41.12,41.12
CSLFINANCE,16.82,16.82
RUSTOMJEE,106.71,106.71
GENSOL,68.33,68.22
GSLSU,46.38,46.38
MANORAMA,102.78,102.78
GRMOVER,20.18,20.18
DJML,69.77,69.77
SIGNATURE,512.21,512.21
KALAMANDIR,26.14,26.14
AVALON,121.98,121.98
CONCORDBIO,58.18,58.18
KAMOPAINTS,89.49,89.49
MVGJL,19.6,19.6
SCPL,23.03,23.03
MANKIND,44.59,44.59
SATINDLTD,4.13,4.13
USK,13.87,13.87
IKIO,38.36,38.36
FAZE3Q,29.32,29.32
LLOYDSME,30.48,30.48
AARTIPHARM,24.5,24.5
SAHYADRI,16.51,16.51
SBFC,36.59,36.59
SBGLP,75.55,75.55
HYBRIDFIN,17.31,16.81
HONASA,175.19,175.19
RISHABH,41.12,41.12
SAH,235.21,235.21
AKI,141.38,141.38
SECMARK,295.57,295.57
ATAM,34.72,34.72
LAL,46.41,46.41
DOLPHIN,440.14,491.19
REDTAPE,77.57,77.57
NETWEB,154.89,154.89
PYRAMID,23.31,23.31
EMSLIMITED,32.77,32.77
GHCLTEXTIL,35.7,35.7
UDS,31.89,31.89
ATL,40.17,40.17
RRKABEL,87.57,87.69
JLHL,48.69,48.71
NUVAMA,39.14,39.14
NIITMTS,30.64,30.1
SINDHUTRAD,40.16,40.15
SANDUMA,46.48,46.48
MUFIN,142.34,136.83
SRGHFL,31.07,31.07
DIAMINESQ,69.83,69.83
CELLO,78.04,78.04
AMIORG,123.23,55.64
BAJAJHCARE,,33.94
GRINFRA,12.41,15.46
STEELCAS,17.35,17.35
ELIN,70.29,70.29
GATEWAY,21.75,21.75
JTLIND,36.11,36.11
VENUSPIPES,47.6,47.6
MEGASTAR,53.43,53.43
LANDMARK,46.65,45.17
ETHOSLTD,136.38,136.38
MSUMI,51.39,51.39
HARSHA,43.84,43.84
INDOAMIN,25,25
INOXGREEN,172.59,172.59
RITCO,23.11,23.11
HARDWYN,102.15,102.15
MEDICO,39.23,39.23
YATHARTH,33.57,33.57
AKSHAR,21.27,21.27
NGLFINE,38.83,38.83
SENCO,40.24,40.24
RADHIKAJWE,17.19,17.19
RAMRAT,33.46,33.46
GOYALALUM,56.01,56.01
DBOL,25.96,25.96
SPORTKING,17.65,17.65
SYNCOMF,56.89,56.85
SULA,44.62,44.62
KRITINUT,12.43,12.43
BAIDFIN,16.07,16.07
BLUEJET,64.73,61.18
SUKHJITS,16.38,16.38
SKYGOLD,76.38,76.38
DIVGIITTS,51.93,51.93
MANOMAY,33.08,33.08
RHL,60.38,60.38
NINSYS,56.34,56.34
ASMS,473.19,308.56
ZAGGLE,87.56,87.56
IRMENERGY,29.26,29.26
CYIENTDLM,92.08,92.08
RATNAVEER,26.71,26.71
IDEAFORGE,76.02,76.02
POCL,37.66,37.66
ASHOKAMET,10.13,10.13
PTCIL,468.08,468.08
AEROFLEX,48.04,48.04
VPRPL,22.98,22.98
KIRLPNU,59.64,57.2
JSWINFRA,64.45,64.45
YASHO,51.12,51.12
JIOFIN,180.02,180.02
TREL,4.66,43.97
AMNPLST,78.55,78.55
VINATIORGA,61.28,61.28
NHPC,25.45,25.45
OIL,14.14,14.2
AMRUTANJAN,50.13,50.13
DEN,12.05,12.05
SHILPAMED,176.34,195.81
DLINKINDIA,24.16,24.16
DBCORP,13.66,13.66
BEARDSELL,17.24,17.24
NESTLEIND,73.72,73.93
VASCONEQ,34.41,34.41
DBREALTY,8.37,8.91
MANINFRA,26.7,26.7
IMFA,10.61,10.61
BAJAJCON,24.83,24.83
DEEPAKNTR,49.67,53.69
RAMKY,16.32,16.32
OBEROIRLTY,28.84,28.84
COALINDIA,9.5,9.5
JAMNAAUTO,26.24,26.24
STEL,61.28,61.28
VADILALIND,21.23,21.23
RELAXO,107.73,107.73
VSTTILLERS,29.8,29.8
ASHIANA,48.93,48.93
RUSHIL,21.91,21.91
JUSTDIAL,25.96,25.96
ATULAUTO,279.69,279.69
SAMMAANCAP,6.7,6.7
JPOLYINVST,28.88,28.88
NATHBIOGEN,11.11,11.92
CASTROLIND,30.53,30.53
WONDERLA,32.53,32.53
CAPLIPOINT,24.81,24.81
SNOWMAN,105.82,105.82
PDSL,31.7,32.33
GOODLUCK,23.3,23.3
GREENLAM,56.63,56.63
LINC,26.07,26.07
MANAKSTEEL,12.98,13.06
IMAGICAA,7.6,129.24
VIPULLTD,2.24,2.22
ARROWGREEN,33.52,33.52
SHYAMCENT,486.49,486.49
SATIN,5.68,5.68
GUJGASLTD,39.18,40.75
BALAXI,,15.51
PILANIINVS,37.48,37.48
OCCL,6.99,6.99
VIDHIING,59.59,59.59
BHARATWIRE,18.26,18.26
PARAGMILK,24.45,24.45
BLS,42.4,42.4
AIRAN,29.53,29.53
URJA,420.8,420.8
SHANKARA,20.26,20.26
WIPL,39.73,39.73
DEVIT,33.95,33.95
SCHAND,16.02,16.02
TEJASNET,132.75,132.75
AUBANK,30.59,29.39
MAGADSUGAR,9.43,9.43
SMSLIFE,41.4,41.4
GEEKAYWIRE,12.81,12.81
CHOLAHLDNG,7.24,7.24
DPWIRES,26.53,26.53
GODREJAGRO,53,53
NAM-INDIA,33.56,33.56
IFGLEXPOR,27.22,27.22
ICEMAKE,47.09,47.09
SHALBY,38.68,38.68
BCONCEPTS,60.74,60.74
NEWGEN,55.31,55.31
SOUTHWEST,38.21,40.56
ASTERDM,57.79,
HINDCON,42.65,42.65
MACPOWER,68.72,68.72
SUNDARMHLD,30.82,30.82
URAVI,306.77,306.77
SANDHAR,32.96,33.78
KAPSTON,31.13,31.13
LEMONTREE,64.26,64.26
MMP,27.48,27.48
BSHSL,92.91,92.91
SOFTTECH,131.77,131.77
E2E,96.58,96.58
PFIZER,43.85,44.39
BOSCHLTD,41.16,55.68
DEEPAKFERT,23.41,23.41
MAHSEAMLES,8.86,8.83
COROMANDEL,28.73,28.73
VINDHYATEL,32.23,32.23
ASIANPAINT,55.32,55.32
PGHL,40.73,40.73
BEML,66.22,66.22
TATACHEM,70.05,21.27
VTL,26.98,26.98
EPL,34.63,32.73
VIPIND,123.13,195.04
BIRLACABLE,39.69,39.69
PRECOT,34.87,55.46
SHREYANIND,4.56,4.56
APOLLOHOSP,100.13,100.26
NEULANDLAB,35.81,35.81
BERGEPAINT,54.52,54.71
IGARASHI,171.26,171.26
HSCL,44.4,44.4
ARENTERP,21.03,21.03
THOMASCOOK,43.68,43.68
BHARATRAS,53.56,53.56
JUBLPHARMA,20.03,45.64
SOMANYCERA,31.51,31.43
LIBERTSHOE,71.94,54.75
MODTHREAD,8.85,8.85
MANGLMCEM,41.88,41.88
OSWALAGRO,367.05,363.43
STYRENIX,23.4,23.4
ELECTCAST,16.95,16.95
INDHOTEL,72.43,72.43
JAYSREETEA,29.23,
ESABINDIA,60.24,60.24
AARTIIND,60.14,60.14
KSB,85.73,85.73
HEG,35.66,35.66
TIMKEN,77.46,77.46
INGERRAND,59.71,59.71
GSFC,16.75,16.75
EIDPARRY,8.27,8.27
BIRLACORPN,27.44,27.86
ASHAPURMIN,14.56,22.51
TNPL,8.59,8.59
DALMIASUG,11.81,11.81
GARFIBRES,36.15,36.15
JMFINANCIL,347.08,9.53
DCBBANK,7.37,7.37
LTFOODS,18.36,18.36
SOBHA,405.58,405.64
JINDRILL,15.27,15.27
PLASTIBLEN,21,21
HBLPOWER,66.56,61.92
LUMAXTECH,23.42,23.42
WANBURY,11.81,21.73
GANDHITUBE,18.52,18.52
UNOMINDA,78.92,80.91
CTE,41.74,41.74
TIIL,23,22.44
REDINGTON,13.27,13.27
PFC,8.57,8.57
PAGEIND,80.97,80.97
ASTRAL,107.03,107.03
NCLIND,11.16,11.16
PHOENIXLTD,47.17,47.17
ZENITHSTL,21.04,21.04
TIMETECHNO,23.61,23.61
TARMAT,,124.5
ISMTLTD,24.62,22.98
MAGNUM,15.79,21.81
DELTACORP,17.98,22.49
BVCL,20.64,20.64
WEL,162.65,162.65
CHEMCON,50.27,50.27
HNDFDS,72.68,72.68
MAZDOCK,54.15,54.15
DCI,43.1,43.1
IIFLSEC,11.23,11.23
VISHWARAJ,23.46,23.46
GREENPANEL,27.34,27.34
APOLLOPIPE,59.79,59.79
ROUTE,28.69,29.79
SIGMA,21.78,21.78
EQUITASBNK,12.61,12.61
HINDWAREAP,90.15,90.15
LIKHITHA,26.27,26.27
PATANJALI,63.15,63.15
ASALCBR,27.22,27.22
BAFNAPH,27.17,27.17
STOVEKRAFT,61.06,61.06
RAJRATAN,41.06,41.06
GLAND,42.76,42.76
NDRAUTO,38.02,38.02
AAATECH,42.33,42.33
SIGACHI,37.8,37.8
NIRAJ,19.65,13.28
CAMS,56.61,56.61
UTIAMC,15.54,15.54
ORCHPHARMA,73.6,73.6
INDIGOPNTS,47.28,47.28
LXCHEM,62.43,62.43
MTARTECH,104.37,104.37
KANPRPLA,299.05,299.05
STYLAMIND,25.39,25.23
CARYSIL,38.96,38.96
FIBERWEB,17.43,17.43
BHAGCHEM,255.11,255.11
IPL,40.75,40.75
LODHA,88.59,83.43
UTKARSHBNK,11.01,11.01
DODLA,36.55,36.55
JUBLINGREA,54.14,54.14
SHYAMMETL,17.98,17.98
TATVA,88.98,88.98
GLS,24.02,24.02
ZOMATO,551.52,551.52
PIXTRANS,26.28,26.28
CARTRADE,56.73,56.73
DEVYANI,,571
ANMOL,9.21,9.21
RGL,13.06,13.06
COLPAL,64.78,64.09
KALYANIFRG,43.53,43.53
ECLERX,22.93,22.87
DVL,29.29,29.29
PATINTLOG,29.23,29.23
ARIES,19.52,19.52
CEATLTD,17.04,15.99
JKIL,19.65,19.65
KNRCON,14.25,14.25
ONMOBILE,57.16,57.16
SEPC,141.92,141.92
NAHARCAP,13.89,13.89
VGUARD,68.45,68.45
DPSCLTD,128.3,128.3
TITAGARH,74.27,73.83
BAJAJFINSV,15.6,15.6
DIGISPICE,19.06,43.78
RPGLIFE,35.35,35.35
RBL,16.67,16.32
UBL,135.74,135.74
ZFCVINDIA,71.47,71.47
JOCIL,99.87,99.87
ALKALI,124.42,103.64
TPHQ,26.25,26.25
MHRIL,78.64,78.64
EXCEL,59.81,59.81
GLOBUSSPR,27.16,27.16
EXPLEOSOL,21.86,21.86
RTNPOWER,1.01,
REFEX,30.58,30.55
AHLUCONT,24.07,38.66
HINDCOPPER,101.01,101.01
TRF,15.11,15.11
JUBLFOOD,99.15,169.18
EMMBI,18.68,18.68
TEXMOPIPES,46.55,15.32
PERSISTENT,62.05,62.05
MANAPPURAM,7.88,7.88
HMVL,205.07,205.07
AHLEAST,7.07,9.23
UGARSUGAR,43.99,43.99
ADFFOODS,34.62,34.62
GREENPOWER,54.73,63.85
WABAG,33.03,32.11
JWL,73.43,73.43
PRESTIGE,45.85,45.85
SHAH,47.32,47.32
GRAVITA,44.4,44.4
RPPINFRA,12.63,12.63
PSB,73.13,73.13
DHUNINV,11.97,11.97
MUTHOOTFIN,15.66,15.66
OMINFRAL,39.97,39.97
DHANUKA,32.24,32.24
INVENTURE,18.24,15.86
LTF,17.52,17.52
BODALCHEM,148.99,148.99
FILATEX,23.76,23.76
TDPOWERSYS,52.52,52.52
VASWANI,17.82,17.82
PANAMAPET,13.19,13.19
ONELIFECAP,34.33,34.33
SHAKTIPUMP,38,38
JISLDVREQS,.88,.88
RUPA,32.18,30.96
APLAPOLLO,55.34,55.34
IRFC,37.32,37.32
COMPUSOFT,56.71,56.71
RHIM,,46.95
NBCC,76.19,57.71
HEXATRADEX,36.91,36.91
SWANENERGY,39.09,39.09
RTNINDIA,24.53,21.97
PROZONER,199.25,199.25
THEJO,58.78,58.78
KITEX,26.8,26.8
ROSSELLIND,181.69,180.19
TVSHLTD,13.94,13.92
VETO,16.65,16.65
INDUSTOWER,18.97,18.97
PILITA,67.61,67.61
MITCON,36.93,36.93
SREEL,27.05,27.05
SDBL,24.93,24.93
AGARIND,16.27,16.27
GULFOILLUB,19.25,19.25
SUPERHOUSE,21.96,21.96
INTELLECT,43.03,42.82
APOLSINHOT,33.73,33.73
MOLDTKPAC,39.12,39.12
GANECOS,98.98,98.98
MANAKCOAT,42.84,42.84
VRLLOG,56.15,56.41
PRIVISCL,64.05,64.05
NILAINFRA,49.29,49.29
ALANKIT,30.09,30.09
ADANIENSOL,97.98,87.96
RAMASTEEL,52.02,52.02
ARVSMART,70.11,70.11
SHREEPUSHK,20.74,20.74
IDFCFIRSTB,18.97,18.97
LUXIND,46.6,46.6
SALZERELEC,33.6,33.6
LINCOLN,13.8,13.8
PRECAM,42.89,66.49
HITECH,52.05,52.05
KDDL,31.46,31.53
WEALTH,20.59,20.59
SAGARDEEP,74.35,74.35
UNITEDPOLY,30.16,30.16
ALBERTDAVD,9.62,9.62
INCREDIBLE,36.76,36.76
DAMODARIND,20.91,20.91
POKARNA,25.26,25.26
LLOYDSENGG,128.6,128.6
LTIM,36.3,36.3
GATECH,85.58,85.58
ADVENZYMES,32.17,29.96
SPAL,23.94,23.94
RBLBANK,10.81,10.81
MBAPL,79.07,79.07
GNA,19.08,19.08
CROWN,53.77,53.77
HPL,86.3,86.3
SAKAR,61.02,61.02
PANSARI,42.79,42.79
ARTNIRMAN,148.58,148.58
VBL,97.06,97.06
PODDARMENT,15.66,15.66
JETFREIGHT,316.78,
SFL,51.65,63.82
TERASOFT,27.13,23.82
HISARMETAL,16.76,16.76
LIBAS,8.85,8.85
CAPTRUST,111.92,111.92
MAHESHWARI,14.27,14.27
MCL,80.3,80.3
PRICOLLTD,42.89,42.89
STEELCITY,11.76,11.76
KRISHANA,40.77,40.77
GLOBAL,11.18,11.18
SANGINITA,61.27,61.27
AKASH,311.02,311.02
RADIOCITY,76.57,76.57
TASTYBITE,62.98,62.98
ARIHANTSUP,20.52,20.52
LAXMICOT,,95.97
EIFFL,166.93,166.93
CREATIVE,21.32,21.32
FOCUS,23.11,23.11
SIKKO,34.02,34.02
MKPL,38.03,38.03
INFOBEAN,40.11,40.11
STARCEMENT,29.36,29.36
GLOBE,29.34,29.34
GTPL,20.24,20.24
ACEINTEG,53.44,53.44
AVADHSUGAR,9.63,9.63
GANGESSECU,48.28,48.28
TOTAL,133.27,133.27
WEWIN,29.97,29.97
VAISHALI,244.82,244.82
SERVOTECH,231.5,231.5
APEX,62.65,62.65
CAPACITE,21.69,21.69
WORTH,13.77,13.77
AARVI,17.09,17.09
AIROLAM,25.1,25.1
JASH,45.65,45.65
DPABHUSHAN,40.98,40.98
TIINDIA,65.79,65.8
SECURCRED,7.01,7.01
KHADIM,114.61,114.61
VERTOZ,94.16,94.16
SILVERTUC,60.08,60.08
TOUCHWOOD,47.06,47.08
ONEPOINT,62.89,62.89
AJOONI,53.8,53.8
MOKSH,16.25,16.25
SILLYMONKS,166.57,166.57
AMBER,104.32,104.32
SINTERCOM,308.51,308.51
ARVEE,233.13,233.13
GMMPFAUDLR,35.42,35.42
SARVESHWAR,51.6,51.6
UNIINFO,71.41,71.41
BDL,84.17,84.17
HAL,42.53,42.53
MITTAL,22.24,41.48
MIDHANI,98.75,98.75
AVG,21,34.86
PIGL,20.16,20.16
AAKASH,22.98,22.98
GODHA,132.25,132.25
ORIENTELEC,77.07,95.83
SIRCA,37.62,37.62
SVLL,80.34,80.34
SONAMLTD,38.42,38.42
THERMAX,91.45,101.08
RIIL,181.9,181.9
RAYMOND,21.37,20.35
SHREDIGCEM,18.11,18.11
SMLISUZU,26.98,26.98
SUNDRMFAST,56.52,56.52
CRISIL,47.98,47.98
PEL,,35.93
MASTEK,26.91,26.7
TRENT,139.42,226.23
CUMMINSIND,67.84,67.78
JBCHEPHARM,52.32,52.32
INDIAGLYCO,23.27,23.27
IONEXCHANG,50.24,50.24
HIMATSEIDE,11.78,11.78
GFLLIMITED,295.87,295.87
BHARATFORG,81.94,81.31
ATUL,66.52,66.52
TATAMOTORS,11.66,11.39
MRPL,14.4,14.37
ESCORTS,43.41,43.41
BAJAJHLDNG,73.33,73.33
ZUARIIND,1.62,
VOLTAS,125.06,125.06
TATASTEEL,,59.48
VEDL,22.37,33.51
RELIANCE,25.92,25.92
BATAINDIA,78.22,71.49
CARBORUNIV,75.87,75.87
DICIND,,113.44
MOTOGENFIN,118.19,118.19
RAMCOCEM,54.12,54.12
CENTURYTEX,98.76,98.76
TORNTPHARM,60.18,62.84
VLSFINANCE,3.23,3.23
SRF,57.9,57.9
AEGISLOG,46.23,46.23
WEIZMANIND,20.02,20.02
BBOX,53.15,42.49
RANEHOLDIN,26.05,12.19
ARE&M,31.74,31.74
ADANIENT,100.29,93.49
GET&D,194.7,194.7
BANARISUG,25.64,25.64
KPIL,41.57,41.57
JYOTISTRUC,80.23,80.23
JAYNECOIND,21.6,19.82
SOTL,20.53,20.53
WSI,18.46,18.25
SUNFLAG,31.89,31.89
VSTIND,22.71,22.71
UNIVCABLES,82.72,82.72
IFCI,92.32,93.07
HLVLTD,60.8,60.8
HEIDELBERG,31.68,31.68
PCBL,22.14,22.14
EIHAHOTELS,34.49,34.49
RUBYMILLS,17.52,17.52
ABB,110.46,110.46
BRITANNIA,65.69,65.63
DHAMPURSUG,10.67,10.67
COSMOFIRST,36.69,36.69
HEROMOTOCO,27.97,27.11
HARRMALAYA,,1566.07
ITC,29.54,29.53
HINDCOMPOS,23.87,23.87
OSWALGREEN,161.62,161.62
HUHTAMAKI,6.74,29.28
RICOAUTO,45.67,43.65
SIYSIL,12.45,12.45
PRECWIRE,39.14,39.14
NCC,28.63,27.85
SEAMECLTD,33.25,33.25
BBTC,8.19,7.92
GICHSGFIN,8.99,8.99
BANARBEADS,24.67,24.67
WSTCSTPAPR,5.22,5.22
S&SPOWER,95.21,95.21
PRUDMOULI,10.88,10.12
PRAJIND,42.24,45.5
EVERESTIND,105.25,155.37
KEEPLEARN,185.98,185.98
TFCILTD,19.21,19.21
GTL,1.11,6.21
AGI,20.03,20.03
TATACONSUM,93.06,80.28
ZEEL,67.61,238.95
GILLETTE,65.66,65.66
KANSAINER,18.91,33.33
ANDHRAPAP,6.61,6.61
SCHAEFFLER,69.61,69.35
AMJLAND,20.01,20.01
GODFRYPHLP,30.87,30.87
SAKHTISUG,3.89,
AKZOINDIA,29.91,29.91
HINDUNILVR,61.5,61.47
FINCABLES,38.01,44.58
DCM,33.58,33.58
HEUBACHIND,37.45,37.45
BEL,55.88,55.88
PVP,10.25,
NAVA,9.77,10.66
REMSONSIND,49.62,48.66
TTKPRESTIG,56,56
AUSOMENT,15.25,15.25
SILINV,21.93,21.93
SANGAMIND,50.55,44.15
STERTOOLS,24.5,24.62
HITECHGEAR,15.21,42.36
ELECTHERM,3.39,3.39
JAGSNPHARM,45.08,45.08
MPHASIS,34.6,34.6
KOTHARIPET,16.36,16.29
SKMEGGPROD,8.45,8.45
BANKINDIA,8.47,8.47
HUDCO,29.95,29.95
FDC,27.01,27.01
ADROITINFO,13.86,13.86
INDUSINDBK,11.96,11.96
TRIGYN,20.73,20.73
CUB,11.6,11.6
ITDCEM,33.41,33.41
SONATSOFTW,64.91,5.56
CYBERTECH,24.99,24.99
DHANBANK,17.98,17.98
STCINDIA,27.9,29.99
RSSOFTWARE,31.24,31.24
IVC,41.53,41.53
ALEMBICLTD,42.33,42.33
BSOFT,31.27,31.27
STAR,334.25,38.99
ZYDUSLIFE,31.67,31.61
RAJESHEXPO,27.85,27.85
NRBBEARING,13.16,35.79
BLBLIMITED,36.22,36.22
BLUESTARCO,82.67,82.67
PNBGILTS,35.11,38.36
TAJGVK,28.23,28.23
GAEL,18.46,18.46
MRO-TEK,43.85,43.85
TRIDENT,57.26,57.27
ACLGATI,225.47,
JISLJALEQS,54.51,54.51
TCI,26.86,26.66
ASAL,79.12,79.12
APTECHT,43.69,37.54
NUCLEUS,21.52,21.52
DIVISLAB,75.44,75.44
VARDHACRLC,23.91,23.91
JSL,22.89,23.58
TVSELECT,2519.87,2519.87
UNIENTER,29.67,29.67
PTC,12.3,12.03
MAHABANK,10.56,10.56
RKFORGE,45.96,45.91
EXCELINDUS,92.36,92.36
ULTRACEMCO,47.27,47.09
TEXINFRA,452.44,452.44
WELENT,20.3,20.3
DWARKESH,16.41,16.41
SUPRAJIT,44.39,44.39
CONSOFINVT,13.38,13.38
EVEREADY,73.92,73.92
SSWL,5.46,16.03
PRIMESECU,34.78,39.24
GENUSPOWER,109.8,109.8
NECLIFE,136.18,136.18
IDFC,551.42,551.42
IMPAL,21.19,21.19
TNPETRO,18.68,14.97
EIMCOELECO,38.76,38.76
MARICO,58.18,58.18
BIOFILCHEM,145.53,145.53
KEYFINSERV,9.43,9.43
MOTHERSON,46.62,45.22
AARTIDRUGS,28.16,28.16
INDIANCARD,20.81,
DENORA,50.83,50.83
SHRIRAMFIN,13.63,13.63
MIRZAINT,53.33,53.33
GUJAPOLLO,28.93,28.93
MMFL,22.53,22.69
RUCHINFRA,25.89,57.95
HERITGFOOD,35.84,35.56
BANKBARODA,6.89,6.89
INDNIPPON,30.19,30.19
CONCOR,50.19,50.19
INDSWFTLAB,2.64,11.35
AXISCADES,71.57,71.57
HIKAL,62.59,62.59
UNITDSPR,74.11,74.3
OLECTRA,176.78,192.65
TIMESGTY,66.04,66.04
GENESYS,133.17,133.17
MARUTI,29.81,29.81
WELSPUNLIV,25.03,25.03
IGL,23.36,23.36
BIOCON,31.44,31.33
POONAWALLA,16.26,23.23
NIITLTD,40.86,40.61
COFORGE,52.76,53.36
ASTRAMICRO,78.11,78.11
INDOCO,40.03,43.52
JSWSTEEL,28.28,30.17
SAKSOFT,31.71,31.71
WELCORP,19.13,19.13
JKPAPER,9.15,9.15
VHL,350.58,41.27
SPLIL,15.77,15.76
SAREGAMA,52.14,52.14
ENGINERSIN,39.72,39.72
JAICORPLTD,122.01,122.01
GMDCLTD,21.15,21.15
MAHAPEXLTD,.53,34.69
ASAHIINDIA,51.81,51.81
J&KBANK,6.71,6.71
KOTHARIPRO,29.45,29.45
SOUTHBANK,6.02,6.02
ASTRAZEN,107.42,115.78
AXISBANK,13.58,13.58
CYIENT,30.84,29.09
CCL,32.79,32.79
LT,31.31,31.45
CENTEXT,29.09,29.55
TCS,33.22,32.71
GULFPETRO,14.28,14.28
INDSWFTLTD,7.91,7.91
NTPC,19.31,19.31
JBMA,129.09,129.09
XCHANGING,109.31,109.31
JINDALPHOT,58.51,58.51
GOKEX,53.41,53.41
ALLSEC,26.11,26.11
SHOPERSTOP,209.09,179.97
SURYALAXMI,44.35,26.01
63MOONS,7.23,7.23
JSWHL,64.8,64.8
GEOJITFSL,16.25,16.25
MSPL,70.74,57.8
GOLDIAM,22.11,22.11
FCSSOFT,,73.52
ICICIBANK,18.73,18.73
REPRO,80.27,80.27
HAVELLS,82.32,82.32
TIPSINDLTD,54.21,54.21
MARKSANS,28.93,28.93
MPSLTD,30.24,30.24
PNB,15.56,15.56
UNIONBANK,7.16,7.16
RADICO,90.96,90.96
BAGFILMS,21.54,21.54
TVTODAY,25.79,24.36
PETRONET,14.12,14.23
APARINDS,38.82,38.81
GUFICBIO,41.36,41.36
KOTARISUG,16.7,16.7
PATELENG,16.86,22.31
JPPOWER,12.63,8.73
IIFL,9.73,9.73
CYBERMEDIA,14.55,11.08
GRANULES,32.94,32.94
YESBANK,53.05,53.05
RML,70.14,13.73
SASKEN,32.29,32.29
KOKUYOCMLN,35.32,35.32
GOACARBON,8.06,8.06
SANGHVIMOV,25.47,25.47
NATIONALUM,16.42,19.43
JINDALSTEL,17.12,17.12
NIPPOBATRY,29.83,29.83
HCLTECH,26.21,26.21
ACCELYA,29.8,29.87
IOB,44.17,44.17
BIL,48.1,48.1
KTKBANK,6.54,6.54
AJANTPHARM,36.71,36.71
CALSOFT,41.95,41.95
TVSMOTOR,63.87,63.87
PNC,42.52,42.52
NLCINDIA,20.91,20.91
CHENNPETRO,6.05,6.05
KRBL,11.78,11.78
USHAMART,26.94,26.94
BALAJITELE,36.89,36.89
KHANDSE,242.8,242.8
GODREJCP,,80.75
LUPIN,42.41,42.41
BHARTIARTL,141.04,90.12
PONNIERODE,11.11,11.11
SURANAT&P,41.2,41.2
OFSS,41.16,41.16
CANBK,6.21,6.21
GODREJIND,46.11,46.11
UCOBANK,33.58,33.58
NSIL,41.77,41.77
JAIBALAJI,18.22,18.22
DREDGECORP,96.71,94.69
UPL,,19.43
MUKANDLTD,23.87,23.87
VAIBHAVGBL,43.76,41.87
XPROINDIA,50.75,48.73
DATAMATICS,18.84,18.84
SUZLON,97.19,90.69
TRIVENI,22.47,22.47
NAHARINDUS,73.29,60.63
VIMTALABS,29.61,29.61
CELEBRITY,53.19,54.4
NITINSPIN,17.01,17.01
ROHLTD,19.96,19.96
GSPL,8.5,8.67
JAGRAN,12.97,12.97
SAKUMA,23.95,23.95
KEC,65.54,65.54
JKCEMENT,39.24,39.69
INDOTECH,45.31,45.31
M&MFIN,17.76,17.76
CENTURYPLY,47.5,47.5
KEI,65.78,65.76
VAKRANGEE,528,574.4
GALLANTT,34.56,34.56
MALUPAPER,78.34,78.34
UTTAMSUGAR,9.43,9.43
KKCL,26.7,26.7
GPIL,15.49,15.71
RSYSTEMS,41.91,41.91
LOKESHMACH,57.26,57.26
SWELECTES,30.87,65.18
RATNAMANI,39.47,39.47
PIONEEREMB,40.22,40.22
JKLAKSHMI,20.28,20.54
ALLCARGO,41.86,55.06
MUNJALAU,22.33,15.48
GRINDWELL,74.32,74.27
VOLTAMP,55.75,55.75
SELAN,35.8,35.8
ACE,50.49,50.49
HOVS,32.54,32.54
TALBROAUTO,23.98,34.69
GEECEE,21.18,21.18
FIEMIND,21.21,21.21
GESHIP,7.34,7.34
MANALIPETC,88.64,78.04
RUCHIRA,8.16,8.16
HIRECT,97.32,69.54
NFL,109.34,109.34
TANLA,22.95,22.95
AVTNPL,24.79,24.79
TIDEWATER,33.88,33.88
PTL,23.63,23.63
AUTOIND,30.26,30.34
ORIENTBELL,6908.51,6908.51
PGIL,24.02,23.95
FSL,33.5,33.5
SMSPHARMA,47.58,47.58
LAOPALA,27.45,27.45
JKTYRE,14.08,13.75
BALAMINES,31.7,31.7
AROGRANITE,42.96,42.96
BFUTILITIE,13.03,13.03
ALPHAGEO,284.06,41.75
HILTON,26.59,26.59
INSECTICID,22.24,22.24
NAVINFLUOR,64.39,77.71
NAGREEKEXP,20.4,20.4
HGS,29.05,29.05
DLF,118.35,118.35
ADSL,27.55,27.55
ALPA,11.4,11.44
KPRMILL,36.35,36.35
INDOWIND,51.85,45.3
NAGREEKCAP,1.03,1.03
CENTUM,,357.89
MANGCHEFER,9.27,9.27
RELIGARE,24.26,50.98
ADANIGREEN,251.42,208.24
FINEORG,38.71,38.67
VARROC,18.85,18.85
CREDITACC,13.56,13.56
SIGIND,15.12,15.12
TECHNOE,71.75,71.75
DALBHARAT,38.86,34.74
CHALET,64.92,64.92
KSL,21.33,21.33
TI,35.95,35.2
GPPL,31.44,28.73
WELINV,108.5,108.5
ASHOKA,12.73,14.69
CGCL,46.38,46.38
JINDWORLD,98.47,98.47
KIRLOSENG,40.26,39.35
HINDMOTORS,27.37,27.37
PFS,22.77,22.77
GRPLTD,88.9,81.68
HESTERBIO,159.15,159.15
BYKE,63.01,63.01
UFO,40.23,36.43
SKIPPER,49.27,49.27
SYNGENE,64.33,66.63
PKTEA,20.73,20.73
SHARDAMOTR,23.59,23.59
COFFEEDAY,,6.49
TTKHLTCARE,33.06,33.06
LALPATHLAB,69.56,69.56
TEAMLEASE,49.06,50.53
KELLTONTEC,23.28,23.28
PDMJEPAPER,12.09,12.09
THYROCARE,53.85,53.74
ARMANFIN,11.52,11.52
SALONA,25.06,25.06
CONTROLPR,24.79,24.81
CLEDUCATE,29.33,31.33
DOLLAR,31.95,31.74
PSPPROJECT,21.69,21.69
CDSL,60.02,60.02
DYNPRO,124.63,124.63
SIS,44.4,44.4
ABCAPITAL,18.07,18.07
DIAMONDYD,38.87,38.31
IEX,43.8,43.8
5PAISA,24.81,24.81
GALAXYSURF,33.68,33.68
HONAUT,94.92,94.92
SUNPHARMA,41.42,39.7
HCC,18.02,
IVP,15.94,15.94
EICHERMOT,37.79,37.79
ZENSARTECH,26.3,26.3
ANIKINDS,640.38,640.38
MUNJALSHOW,20.82,19.58
RANASUG,13.92,13.92
UFLEX,,14.18
TATACOMM,57.59,68.67
SANOFI,28.16,27.25
KAJARIACER,54.93,54.9
PIDILITIND,90.3,87.79
JINDALSAW,11.18,11.18
CANFINHOME,14.37,14.37
DABUR,61.74,61.74
KOTAKBANK,16.59,19.18
GOLDENTOBC,10.86,12.32
GABRIEL,39.45,39.45
PRAKASH,9.78,9.78
SHREECEM,41.39,41.39
HINDALCO,14.31,14.33
FINPIPE,45.27,45.27
CGPOWER,121.66,124.42
PEARLPOLY,81.23,81.23
SWARAJENG,25.72,25.72
INDIANB,9.41,9.41
ICRA,37.13,37.13
SRHHYPOLTD,14.05,12.75
KMSUGAR,13.68,13.68
NELCAST,24.27,33.34
MEGASOFT,64.92,64.92
MOTILALOFS,12.28,12.28
POWERGRID,20.25,20.25
CERA,47.32,47.09
ADANIPORTS,38.86,37.38
EDELWEISS,11.53,11.53
KAUSHALYA,3.31,3.31
JYOTHYLAB,53.67,53.67
HITECHCORP,19.37,19.37
TRIL,142.39,142.39
BRIGADE,70.22,70.22
MANAKSIA,8.25,6.25
AMBIKCO,16.77,16.77
BIRLAMONEY,15.65,15.65
CORDSCABLE,30.71,30.71
HERCULES,55,55
IRB,43.44,43.44
NMDC,12.09,11.65
GSS,32.95,32.95
RECLTD,11.32,11.32
NESCO,17.64,17.64
BAJAJ-AUTO,33.47,33.47
GOKUL,220.44,18.06
ALMONDZ,19.38,50.91
RANEENGINE,23.44,19.05
ARCHIDPLY,26.61,26.61
LOTUSEYE,50.03,50.51
VINYLINDIA,33.32,33.32
20MICRONS,13.76,13.48
TATAMTRDVR,1.22,1.19
COUNCODOS,31.69,31.69
MAWANASUG,11.96,11.96
AJMERA,24.56,24.56
GKWLIMITED,146.64,146.64
ADANIPOWER,12.87,12.87
SUNTECK,121.45,121.45
ZYDUSWELL,56.77,53.9
SARDAEN,18.94,18.86
JSWENERGY,59.88,59.88
GODREJPROP,119.8,119.8
MMTC,265.91,377.23
WHIRLPOOL,115.22,108.55
UNITEDTEA,13.53,13.53
THANGAMAYL,40.27,40.27
HATHWAY,64.11,63.32
LGBBROSLTD,16.3,16.61
ISFT,22.57,22.57
KIRLOSBROS,51.49,52.2
SJVN,61.09,65.71
KIRLOSIND,16.05,14.48
BLISSGVS,13.98,6.9
IITL,6.23,8.73
PRAKASHSTL,2.82,7.06
KILITCH,42.91,42.91
SASTASUNDR,10.83,10.83
CAREERP,15.08,15.08
CANTABIL,36.74,37.45
BEDMUTHA,34.02,34.02
RESPONIND,47.22,47.22
IOLCP,18.01,18.01
PENIND,24.49,24.49
MOIL,33.95,33.95
RKDL,,299.84
KICL,39.25,52.28
SUMMITSEC,28.4,24.95
JUBLINDS,78.68,36.69
TEXRAIL,114.68,114.68
HFCL,45.88,45.88
LOVABLE,37.52,37.52
SYMPHONY,55.06,54.62
PIIND,36.39,36.39
KARMAENG,848.71,848.71
MAITHANALL,9.57,9.57
ELGIRUBCO,34.25,96.98
ASAHISONG,31.79,
BROOKS,157.52,157.52
APLLTD,38.27,38.27
PGEL,62.36,62.36
PAISALO,34.3,34.37
TRITURBINE,71.59,71.59
INDOTHAI,17.77,17.77
DSSL,30.23,30.23
POLYMED,72.61,72.61
VIKASECO,97.13,97.13
KANANIIND,96.19,96.19
MINDACORP,50.68,50.68
DBSTOCKBRO,17.61,17.61
SCHNEIDER,106.55,104.52
NDL,16.03,16.03
TBZ,18.4,18.4
VSSL,24.37,24.37
SPECIALITY,28.2,28.2
MAYURUNIQ,22.92,22.92
DUCON,28.26,28.26
ZUARI,5.88,5.88
CARERATING,29.66,29.66
REPCOHOME,8.44,8.44
ORIENTCEM,37.77,37.77
ORBTEXP,15.36,15.36
AGRITECH,16.29,16.29
HATSUN,86,86
GOCLCORP,45.19,47.24
SHARDACROP,33.64,33.64
CIGNITITEC,28.16,27.57
MONTECARLO,23.36,23.36
FCL,33.84,33.84
GULPOLY,69.27,69.27
LAMBODHARA,35.12,35.12
GENUSPAPER,173.53,173.53
VISHNU,27.73,27.73
MENONBE,10.08,10.08
JMA,8.96,8.96
MANAKALUCO,42.96,42.96
ZENTEC,94.72,96.12
LFIC,5.88,5.88
AVANTIFEED,24.33,24.33
TPLPLASTEH,39.81,39.81
PNCINFRA,14.41,14.41
ORICONENT,31.11,26.16
AYMSYNTEX,315.81,73.51
MUTHOOTCAP,4.47,106.18
POWERMECH,40.16,40.16
NAVKARCORP,394.82,394.82
INDIGO,20.94,20.94
SHK,22.01,22.01
UMANGDAIRY,216.82,216.82
KRIDHANINF,,70.77
ALKEM,34.21,32.49
NH,32.16,32.16
QUICKHEAL,130.68,130.68
BHAGERIA,38.66,38.66
NECCLTD,48.61,48.61
GOKULAGRO,18.65,18.65
HCG,121.56,130.66
INFIBEAM,50.51,50.51
CROMPTON,65.1,65.1
SHRIPISTON,18.69,18.69
ASPINWALL,20.67,20.67
PREMEXPLN,133.59,133.59
MAHASTEEL,35.63,43.8
MGL,14.46,14.46
MOLDTECH,26.06,26.06
GPTINFRA,33.39,33.39
QUESS,37.69,34.54
MINDTECK,35.69,35.69
DBL,37.53,410.4
NDGL,13.23,13.23
BIGBLOC,63.19,63.19
CUPID,30.95,30.95
LTTS,42.05,42.05
MARATHON,24.13,24.13
ENDURANCE,52.95,52.95
MAZDA,18.27,18.27
PNBHOUSING,13.46,13.46
KINGFA,28.18,28.18
NBIFIN,72.88,72.88
TCIEXP,35.08,35.08
LAURUSLABS,153.87,153.87
ITDC,103.68,103.58
SPCENET,146.62,146.62
BHANDARI,18.44,18.44
BSE,47.75,97.97
JITFINFRA,24.67,29.86
DMART,126.96,126.96
INTENTECH,23.54,23.54
NRAIL,6.15,6.15
BHAGYANGR,7.64,7.64
ERIS,36.67,36.67
STEELXIND,150.62,150.62
SALASAR,57.39,57.39
THEINVEST,63.67,63.67
OPTIEMUS,73.17,73.17
COCHINSHIP,82.67,82.67
DIXON,179.01,179.01
MATRIMONY,26.05,26.05
TCPLPACK,22.52,22.52
MASFIN,19.58,19.58
DNAMEDIA,.44,
APOLLO,121.38,121.38
HGINFRA,20.63,21.08
BANDHANBNK,19.85,19.85
ISEC,12.63,12.63
CHEMFAB,47.27,47.27
INDOSTAR,26.79,26.79
PENINLAND,16.11,22.73
WHEELS,40.61,40.61
PREMIERPOL,22.87,22.87
SESHAPAPER,9.54,9.54
FACT,446.16,166.47
EXIDEIND,52.02,52.02
ELECON,38.93,38.93
LAXMIMACH,44.56,44.56
ORIENTPPR,180.85,180.85
NELCO,85.09,85.09
MAHSCOOTER,51.34,53.02
LUMAXIND,51.41,51.41
KECL,111.2,111.2
KCP,12.07,12.05
JAYBARMARU,38.26,38.26
INFY,28.4,28.4
IFBIND,94.69,94.69
IGPL,50.41,50.41
GNFC,20.29,20.29
BPCL,7.82,7.58
BASF,47.44,47.44
ARVIND,28.73,28.87
ACC,20.84,23.47
SCI,21.41,21.41
LINDEINDIA,161.05,161.05
HINDPETRO,5.6,5.6
ASHOKLEY,25.79,25.27
TITAN,86.52,86.52
SUNDARMFIN,34.91,33.38
SPIC,19.99,13.59
SBIN,11.11,10.32
NOCIL,38.16,38.16
DRREDDY,20.55,20.55
CHAMBLFERT,16.34,16.34
HINDOILEXP,15.33,17.78
BALMLAWRIE,24.5,24.5
ADORWELD,29.98,29.98
CENTENKA,26.91,26.91
ATFL,387.02,795.95
FEDERALBNK,12.3,12.3
SUPREMEIND,66.71,66.71
BALRAMCHIN,17.75,17.75
JTEKTINDIA,49.13,51.85
TATAELXSI,54.33,54.33
SANDESH,6.44,6.44
ASHIMASYN,9.02,9.02
BALKRISIND,41.53,41.53
INDBANK,25.8,25.8
RAJSREESUG,18.21,18.21
ONGC,7.85,7.67
TAINWALCHM,40.45,40.45
JINDALPOLY,49.13,48.96
BSL,19.1,19.1
BLUEDART,62.88,62.88
APCOTEXIND,42.53,42.53
RCF,50.73,60.36
KARURVYSYA,10.19,10.19
DECCANCE,25.11,18.95
TATAPOWER,43.6,47.12
ADVANIHOTR,25.5,25.5
SUBROS,45.93,45.93
SIEMENS,104.23,104.23
WIPRO,23.48,23.48
TOKYOPLAST,109.5,109.5
MURUDCERA,69.54,69.54
M&M,31.36,31.36
KABRAEXTRU,48.54,48.54
PRSMJOHNSN,54.5,
POLYPLEX,38.41,38.41
3PLAND,37.76,37.76
HONDAPOWER,45.34,47.27
SAIL,22.41,17.74
IDBI,17.4,17.4
GRAPHITE,12.68,556.1
BBL,41.34,41.34
DCMSHRIRAM,32.91,32.91
CIPLA,29.15,28.13
HDFCBANK,17.61,17.51
GMBREW,12.1,12.1
GIPCL,18.41,18.41
INDIANHUME,33.2,33.2
IOC,6,6
KAMATHOTEL,13.11,44.05
BANCOINDIA,18.1,18.1
MANINDS,28.16,28.16
APOLLOTYRE,19.81,19.1
SHANTIGEAR,60.41,60.41
ONWARDTEC,34.06,34.06
NILKAMAL,25.65,25.65
ICIL,23.73,23.73
ELGIEQUIP,72.17,72.17
AUROPHARMA,25.06,24.25
EIHOTEL,40.57,40.14
LICHSGFIN,8.86,8.86
BEPL,20.01,20.01
MOREPENLAB,30.47,30.47
VENKEYS,34.51,34.51
GHCL,6.44,8.45
HIL,64.85,1213.26
BPL,46.18,46.18
PGHH,75.35,75.35
VESUVIUS,43.35,43.35
BOMDYEING,1.64,
NAVNETEDUL,17.53,19.1
GLAXO,76.89,68.65
CHOLAFIN,33.59,33.59
FMGOETZE,17.94,17.94
ORIENTHOT,55.03,55.03
FOSECOIND,43.44,43.65
3MINDIA,72.87,72.87
RALLIS,49.54,49.8
MFSL,96.44,96.44
KOPRAN,24.48,24.48
GREAVESCOT,,293.23
SURYAROSNI,20.08,20.08
TATAINVEST,99.79,99.79
SUDARSCHEM,17.45,55.65
IPCALAB,60.34,65.78
HINDZINC,33.3,33.3
GRASIM,18.73,17.99
AMBUJACEM,35.31,36.99
DCW,100.99,95.22
CESC,15.36,18.71
BAJFINANCE,27.58,27.58
CORALFINAC,10.75,10.75
GREENPLY,51.87,59.9
AUTOAXLES,18.28,18.28
NATCOPHARM,17.08,17.08
KHAITANLTD,28.27,28.27
MRF,28.04,28.04
ANDHRSUGAR,29.16,27.9
STARPAPER,5.99,5.86
SKFINDIA,50.38,50.38
JAYAGROGN,16.81,16.81
SAMBHAAV,67.79,89.73
SUNDRMBRAK,30.74,30.74
SOMATEX,5.32,
VISAKAIND,1087.52,1087.52
CREST,19.72,19.72
WENDT,74.46,74.46
TVSSRICHAK,30.63,29.2
PUNJABCHEM,31.64,31.64
DYNAMATECH,38.47,73.67
GANESHHOUC,19.04,19.04
ALKYLAMINE,69.14,69.14
GUJRAFFIA,53.24,53.24
RAMCOIND,29.12,29.12
INDRAMEDCO,19.9,19.9
MADRASFERT,334.75,33.3
GAIL,17.47,18.09
KCPSUGIND,6.34,6.9
