SERIES,SYMBOL,SECURITY,RECORD_DT,BC_STRT_DT,BC_END_DT,EX_DT,ND_STRT_DT,ND_END_DT,PURPOSE
BE,ITDC,India Tour. Dev. Co. Ltd., ,02/09/2024,06/09/2024,30/08/2024, , ,ANNUAL GENERAL MEETING   
BE,MASFIN,MAS Financial Serv Ltd, ,05/09/2024,11/09/2024,04/09/2024, , ,AGM/DIV - RE 0.51 PER SH 
BE,TERASOFT,Tera Software Limited, ,03/09/2024,09/09/2024,02/09/2024, , ,ANNUAL GENERAL MEETING   
BE,IRCON,Ircon International Ltd, ,06/09/2024,12/09/2024,05/09/2024, , ,AGM/DIV - RS 1.30 PER SH 
BE,VHLTD,Viceroy Hotels Limited, ,03/09/2024,09/09/2024,02/09/2024, , ,ANNUAL GENERAL MEETING   
BE,AMJLAND,AMJ Land Holdings Limited, ,30/08/2024,06/09/2024,29/08/2024, , ,AGM/DIV - RS 0.20 PER SH 
BE,RITES,RITES Limited, ,06/09/2024,12/09/2024,05/09/2024, , ,ANNUAL GENERAL MEETING   
BE,RITES,RITES Limited,20/09/2024, , ,20/09/2024, , ,BONUS 1:1                
BE,ANDHRAPAP,ANDHRA PAPER LIMITED,11/09/2024, , ,11/09/2024, , ,FVSPLT FRM RS 10 TO RS 2 
BE,GEEKAYWIRE,Geekay Wires Limited,05/09/2024, , ,05/09/2024, , ,DIV - RE 0.60 PER SH     
BE,GEEKAYWIRE,Geekay Wires Limited, ,06/09/2024,12/09/2024,05/09/2024, , ,ANNUAL GENERAL MEETING   
BE,RGL,Renaissance Global Ltd, ,05/09/2024,12/09/2024,04/09/2024, , ,ANNUAL GENERAL MEETING   
BE,FORCEMOT,Force Motors Limited, ,29/08/2024,04/09/2024,28/08/2024, , ,ANNUAL GENERAL MEETING   
BE,PRINCEPIPE,Prince Pipes Fittings Ltd, ,05/09/2024,11/09/2024,04/09/2024, , ,AGM/DIV - RE 1 PER SH    
BE,SANGINITA,Sanginita Chemicals Limit, ,28/08/2024,04/09/2024,27/08/2024, , ,ANNUAL GENERAL MEETING   
BE,SHYAMMETL,Shyam Metalics and Engy L, ,31/08/2024,06/09/2024,30/08/2024, , ,ANNUAL GENERAL MEETING   
BE,SAPPHIRE,Sapphire Foods India Ltd,05/09/2024, , ,05/09/2024, , ,FVSPLT FRM RS 10 TO RS 2 
BE,METROBRAND,Metro Brands Limited,06/09/2024, , ,06/09/2024, , ,DIV - RS 2.25 PER SH     
BE,MEGASTAR,Megastar Foods Limited, ,06/09/2024,12/09/2024,05/09/2024, , ,ANNUAL GENERAL MEETING   
BE,SURYODAY,Suryoday Small Fin Bk Ltd, ,06/09/2024,12/09/2024,05/09/2024, , ,ANNUAL GENERAL MEETING   
BE,GMRP&UI,GMR Pow and Urban Infra L, ,06/09/2024,16/09/2024,05/09/2024, , ,ANNUAL GENERAL MEETING   
BE,CLEAN,Clean Science & Tech Ltd, ,30/08/2024,05/09/2024,29/08/2024, , ,AGM/DIV - RS 3 PER SH    
BE,HERANBA,Heranba Industries Ltd,05/09/2024, , ,05/09/2024, , ,DIV - RS 1.25 PER SH     
BE,HERANBA,Heranba Industries Ltd, ,06/09/2024,12/09/2024,05/09/2024, , ,ANNUAL GENERAL MEETING   
BE,SILVERTUC,Silver Touch Techno Ltd, ,06/09/2024,12/09/2024,05/09/2024, , ,ANNUAL GENERAL MEETING   
BE,SILVERTUC,Silver Touch Techno Ltd,05/09/2024, , ,05/09/2024, , ,DIV - RE 0.50 PER SH     
BE,WEWIN,WE WIN LIMITED, ,31/08/2024,06/09/2024,30/08/2024, , ,ANNUAL GENERAL MEETING   
BE,RELCHEMQ,Reliance Chemotex Ind Ltd, ,05/09/2024,11/09/2024,04/09/2024, , ,AGM/DIV - RE 1 PER SH    
BE,MEDICO,Medico Remedies Limited, ,30/08/2024,05/09/2024,29/08/2024, , ,ANNUAL GENERAL MEETING   
BE,MARSHALL,Marshall Machines Ltd, ,31/08/2024,06/09/2024,30/08/2024, , ,ANNUAL GENERAL MEETING   
BE,YUKEN,Yuken India Limited, ,29/08/2024,05/09/2024,28/08/2024, , ,AGM/DIV - RS 1.50 PER SH 
BE,SIGACHI,Sigachi Industries Ltd, ,29/08/2024,04/09/2024,28/08/2024, , ,AGM/DIV - RE 0.10 PER SH 
BE,RHIM,RHI MAGNESITA INDIA LTD, ,06/09/2024,13/09/2024,05/09/2024, , ,DIV - RS 2.50 PER SH     
BE,SPORTKING,Sportking India Limited,13/09/2024, , ,13/09/2024, , ,FVSPLT FRM RS10 TO RE1   
BE,NIITMTS,NIIT Learning Systems Ltd,05/09/2024, , ,05/09/2024, , ,DIV - RS 2.75 PER SH     
BE,HEADSUP,The Mandhana Ret Vent Ltd, ,06/09/2024,12/09/2024,05/09/2024, , ,ANNUAL GENERAL MEETING   
BE,DMCC,Dharamsi Morarji Chem Ltd, ,29/08/2024,04/09/2024,28/08/2024, , ,ANNUAL GENERAL MEETING   
BE,JWL,Commercial Eng & Co. Ltd, ,06/09/2024,12/09/2024,05/09/2024, , ,ANNUAL GENERAL MEETING   
BE,JWL,Commercial Eng & Co. Ltd,05/09/2024, , ,05/09/2024, , ,DIV - RE 0.30 PER SH     
BE,SCPL,Sheetal Cool Products Ltd, ,30/08/2024,05/09/2024,29/08/2024, , ,ANNUAL GENERAL MEETING   
BE,EPACK,EPACK Durable Limited, ,31/08/2024,06/09/2024,30/08/2024, , ,ANNUAL GENERAL MEETING   
BE,ACLGATI,GATI LIMITED, ,03/09/2024,10/09/2024,02/09/2024, , ,ANNUAL GENERAL MEETING   
BE,GANDHAR,Gandhar Oil Refine Ind L, ,29/08/2024,05/09/2024,28/08/2024, , ,ANNUAL GENERAL MEETING   
BE,BLSE,BLS E-Services Limited, ,04/09/2024,10/09/2024,03/09/2024, , ,ANNUAL GENERAL MEETING   
BE,NDLVENTURE,NXTDIGITAL LIMITED,06/09/2024, , ,06/09/2024, , ,DIV - RE 1 PER SH        
BE,KOPRAN,Kopran Ltd., ,03/09/2024,05/09/2024,02/09/2024, , ,AGM/DIV - RS 3 PER SH    
BE,GNFC,GUJARAT NARMADA FERT. CO, ,13/09/2024,20/09/2024,12/09/2024, , ,ANNUAL GENERAL MEETING   
BE,GNFC,GUJARAT NARMADA FERT. CO,06/09/2024, , ,06/09/2024, , ,DIV - RS 16.50 PER SH    
BE,SHREERAMA,Shree Rama Multitech-Depo, ,30/08/2024,05/09/2024,29/08/2024, , ,ANNUAL GENERAL MEETING   
BE,IONEXCHANG,Ion Exchange (India) Ltd, ,04/09/2024,11/09/2024,03/09/2024, , ,AGM/DIV - RS 1.50 PER SH 
BE,ASAHIINDIA,Asahi India Glass Limited, ,29/08/2024,04/09/2024,28/08/2024, , ,AGM/DIV - RS 2 PER SH    
BE,DEEPAKFERT,Deepak Fertilisers - Depo, ,04/09/2024,10/09/2024,03/09/2024, , ,AGM/DIV - RS 8.50 PER SH 
BE,VSTIND,VST Industries Ltd.,06/09/2024, , ,06/09/2024, , ,BONUS 10:1               
BE,AARTIDRUGS,Aarti Drugs Ltd.,05/09/2024, , ,05/09/2024, , ,BUY BACK                 
BE,SOMATEX,Soma Textiles & Ind. Ltd., ,28/08/2024,07/09/2024,27/08/2024, , ,ANNUAL GENERAL MEETING   
BE,JAGSNPHARM,Jagsonpal Pharma Ltd.,06/09/2024, , ,06/09/2024, , ,DIV - RS 5 PER SH        
BE,KAJARIACER,Kajaria Ceramics Ltd, ,31/08/2024,06/09/2024,30/08/2024, , ,AGM/DIV - RS 6 PER SH    
BE,CALSOFT,CaliforniaSoft- Roll Sett, ,02/09/2024,09/09/2024,30/08/2024, , ,ANNUAL GENERAL MEETING   
BE,HIKAL,Hikal Limited,04/09/2024, , ,04/09/2024, , ,DIV - RE 0.60 PER SH     
BE,HIKAL,Hikal Limited, ,11/09/2024,17/09/2024,10/09/2024, , ,ANNUAL GENERAL MEETING   
BE,DHAMPURSUG,DHAMPUR SUGAR MILLS LTD, ,06/09/2024,12/09/2024,05/09/2024, , ,ANNUAL GENERAL MEETING   
BE,JAYBARMARU,Jay Bharat Maruti Ltd, ,06/09/2024,12/09/2024,05/09/2024, , ,AGM/DIV - RE 0.70 PER SH 
BE,GODFRYPHLP,Godfrey Phillips-Depo, ,24/08/2024,06/09/2024,23/08/2024, , ,AGM/DIV - RS 56 PER SH   
BE,DHARSUGAR,Dharani Sugars & Chem , ,04/09/2024,10/09/2024,03/09/2024, , ,ANNUAL GENERAL MEETING   
BE,DYNAMATECH,Dynamatic Tech. Ltd., ,30/08/2024,05/09/2024,29/08/2024, , ,ANNUAL GENERAL MEETING   
BE,JAICORPLTD,Jai Corp Limited,10/09/2024, , ,10/09/2024, , ,BUY BACK                 
BE,KTKBANK,Karnataka Bank Limited, ,04/09/2024,10/09/2024,03/09/2024, , ,DIV - RS 5.50 PER SH     
BE,NIITLTD,NIIT Limited,05/09/2024, , ,05/09/2024, , ,DIV - RE 0.75 PER SH     
BE,PENINLAND,Peninsula Land Limited, ,05/09/2024,11/09/2024,04/09/2024, , ,ANNUAL GENERAL MEETING   
BE,TRIVENI,Triveni Engineering & Ind,06/09/2024, , ,06/09/2024, , ,DIV - RE 1.25 PER SH     
BE,JBMA,JBM Auto Limited, ,06/09/2024,12/09/2024,05/09/2024, , ,AGM/DIV - RS 1.50 PER SH 
BE,SUZLON,Suzlon Energy Limited, ,04/09/2024,10/09/2024,03/09/2024, , ,ANNUAL GENERAL MEETING   
BE,KEI,KEI Industries Limited, ,05/09/2024,11/09/2024,04/09/2024, , ,ANNUAL GENERAL MEETING   
BE,HONDAPOWER,Honda I Power Product Ltd, ,30/08/2024,05/09/2024,29/08/2024, , ,AGM/DIV - RS 17.5 PER SH 
BE,SPENTEX,Spentex Industries Ltd, ,05/09/2024,11/09/2024,04/09/2024, , ,ANNUAL GENERAL MEETING   
BE,GMRINFRA,GMR Infrastructure Limite, ,06/09/2024,16/09/2024,05/09/2024, , ,ANNUAL GENERAL MEETING   
BE,UFLEX,UFLEX Limited, ,31/08/2024,19/09/2024,30/08/2024, , ,AGM/DIV - RE 1 PER SH    
BE,GOACARBON,Goa Carbon Ltd, ,04/09/2024,10/09/2024,03/09/2024, , ,AGM/DIV - RS 10 PER SH   
BE,TVSSRICHAK,TVS Srichakra Limited, ,31/08/2024,12/09/2024,30/08/2024, , ,AGM/DIV-RS 47.34 PER SH  
BE,ORIENTALTL,Oriental Trimex Limited,05/09/2024, , ,05/09/2024, , ,RIGHTS 3:2 @ PRM RE 1/-  
BE,VINATIORGA,Vinati Organics Limited, ,04/09/2024,10/09/2024,03/09/2024, , ,DIV - RS 7 PER SH        
BE,JSL,Jindal Stainless Limited, ,04/09/2024,04/09/2024,03/09/2024, , ,ANNUAL GENERAL MEETING   
BE,UNITEDTEA,United Nilgiri Tea Ltd, ,31/08/2024,06/09/2024,30/08/2024, , ,AGM/DIV - RS 1.70 PER SH 
BE,BALLARPUR,Ballarpur Industries Limi, ,04/09/2024,10/09/2024,03/09/2024, , ,ANNUAL GENERAL MEETING   
BE,GEECEE,GeeCee Ventures Limited,04/09/2024, , ,04/09/2024, , ,DIV - RS 2 PER SH        
BE,GEECEE,GeeCee Ventures Limited, ,05/09/2024,12/09/2024,04/09/2024, , ,ANNUAL GENERAL MEETING   
BE,UMESLTD,Usha Martin Edu & Sol Ltd, ,05/09/2024,11/09/2024,04/09/2024, , ,ANNUAL GENERAL MEETING   
BE,JAMNAAUTO,Jamna Auto Ind Ltd, ,30/08/2024,05/09/2024,29/08/2024, , ,AGM/DIV - RS 1.30 PER SH 
BE,SMLISUZU,SML Isuzu Limited, ,07/09/2024,13/09/2024,06/09/2024, , ,ANNUAL GENERAL MEETING   
BE,SMLISUZU,SML Isuzu Limited,06/09/2024, , ,06/09/2024, , ,DIV - RS 16 PER SH       
BE,TCI,Transport Corp of Ind Ltd,04/09/2024, , ,04/09/2024, , ,BUY BACK                 
BE,TRITURBINE,Triveni Turbine Limited,06/09/2024, , ,06/09/2024, , ,DIV - RS 1.30 PER SH     
BE,TREEHOUSE,Tree House Edu Ltd, ,06/09/2024,12/09/2024,05/09/2024, , ,ANNUAL GENERAL MEETING   
BE,TBZ,Trib Bhimji Zaveri Ltd, ,04/09/2024,10/09/2024,03/09/2024, , ,AGM/DIV - RS 1.75 PER SH 
BE,NBCC,Nbcc (India) Ltd,06/09/2024, , ,06/09/2024, , ,DIV - RE 0.63 PER SH     
BE,NDL,Nandan Denim Limited, ,31/08/2024,06/09/2024,30/08/2024, , ,ANNUAL GENERAL MEETING   
BE,GULFOILLUB,Gulf Oil Lub. Ind. Ltd.,05/09/2024, , ,05/09/2024, , ,DIV - RS 20 PER SH       
BE,ZENTEC,Zen Technologies Limited,06/09/2024, , ,06/09/2024, , ,DIV - RE 1 PER SH        
BE,MENONBE,Menon Bearings Limited, ,31/08/2024,06/09/2024,30/08/2024, , ,ANNUAL GENERAL MEETING   
BE,FCL,Fineotex Chemical Limited, ,04/09/2024,10/09/2024,03/09/2024, , ,ANNUAL GENERAL MEETING   
BE,GANECOS,Ganesha Ecosphere Limited, ,04/09/2024,10/09/2024,03/09/2024, , ,AGM/DIV - RS 3 PER SH    
BE,QUICKHEAL,Quick Heal Tech Ltd, ,31/08/2024,06/09/2024,30/08/2024, , ,DIV - RS 3 PER SHARE     
BE,PDMJEPAPER,Pudumjee Paper Pro. Ltd, ,30/08/2024,06/09/2024,29/08/2024, , ,AGM/DIV - RS 0.60 PER SH 
BE,BLS,BLS Intl Servs Ltd, ,06/09/2024,12/09/2024,05/09/2024, , ,AGM/DIV - RE 0.50 PER SH 
BE,PARAGMILK,Parag Milk Foods Ltd.,04/09/2024, , ,04/09/2024, , ,DIV - RE 0.50 PER SH     
BE,PARAGMILK,Parag Milk Foods Ltd., ,05/09/2024,11/09/2024,04/09/2024, , ,ANNUAL GENERAL MEETING   
BE,5PAISA,5paisa Capital Limited, ,04/09/2024,10/09/2024,03/09/2024, , ,ANNUAL GENERAL MEETING   
BE,NIRAJISPAT,Niraj Ispat Ind Ltd, ,30/08/2024,08/09/2024,29/08/2024, , ,ANNUAL GENERAL MEETING   
BZ,ASAHIINDIA,Asahi India Glass Limited, ,29/08/2024,04/09/2024,28/08/2024, , ,AGM/DIV - RS 2 PER SH    
BZ,SPENTEX,Spentex Industries Ltd, ,05/09/2024,11/09/2024,04/09/2024, , ,ANNUAL GENERAL MEETING   
BZ,CALSOFT,California Soft Ltd., ,02/09/2024,09/09/2024,30/08/2024, , ,ANNUAL GENERAL MEETING   
BZ,DHARSUGAR,Dharani Sugars&Chem, ,04/09/2024,10/09/2024,03/09/2024, , ,ANNUAL GENERAL MEETING   
BZ,BALLARPUR,Ballarpur Industries Limi, ,04/09/2024,10/09/2024,03/09/2024, , ,ANNUAL GENERAL MEETING   
EQ,GODFRYPHLP,Godfrey Phillips Ltd., ,24/08/2024,06/09/2024,23/08/2024, , ,AGM/DIV - RS 56 PER SH   
EQ,DHAMPURSUG,Dhampur Sugar Mills Ltd, ,06/09/2024,12/09/2024,05/09/2024, , ,ANNUAL GENERAL MEETING   
EQ,DHARSUGAR,Dharani Sugars & Chem , ,04/09/2024,10/09/2024,03/09/2024, , ,ANNUAL GENERAL MEETING   
EQ,KAJARIACER,Kajaria Ceramics Ltd, ,31/08/2024,06/09/2024,30/08/2024, , ,AGM/DIV - RS 6 PER SH    
EQ,ASAHIINDIA,Asahi India Glass Limited, ,29/08/2024,04/09/2024,28/08/2024, , ,AGM/DIV - RS 2 PER SH    
EQ,SOMATEX,Soma Textiles & Ind. Ltd., ,28/08/2024,07/09/2024,27/08/2024, , ,ANNUAL GENERAL MEETING   
EQ,AARTIDRUGS,Aarti Drugs Ltd.,05/09/2024, , ,05/09/2024, , ,BUY BACK                 
EQ,JAGSNPHARM,Jagsonpal Pharma Ltd.,06/09/2024, , ,06/09/2024, , ,DIV - RS 5 PER SH        
EQ,DEEPAKFERT,Deepak Fertilisers Ltd, ,04/09/2024,10/09/2024,03/09/2024, , ,AGM/DIV - RS 8.50 PER SH 
EQ,GNFC,Gujarat Narm Fert Co., ,13/09/2024,20/09/2024,12/09/2024, , ,ANNUAL GENERAL MEETING   
EQ,GNFC,Gujarat Narm Fert Co.,06/09/2024, , ,06/09/2024, , ,DIV - RS 16.50 PER SH    
EQ,IONEXCHANG,Ion Exchange (India) Ltd, ,04/09/2024,11/09/2024,03/09/2024, , ,AGM/DIV - RS 1.50 PER SH 
EQ,JAICORPLTD,Jai Corp Limited,10/09/2024, , ,10/09/2024, , ,BUY BACK                 
EQ,JAYBARMARU,Jay Bharat Maruti Ltd, ,06/09/2024,12/09/2024,05/09/2024, , ,AGM/DIV - RE 0.70 PER SH 
EQ,DYNAMATECH,Dynamatic Tech. Ltd., ,30/08/2024,05/09/2024,29/08/2024, , ,ANNUAL GENERAL MEETING   
EQ,SHREERAMA,Shree Rama Multi-Tech Ltd, ,30/08/2024,05/09/2024,29/08/2024, , ,ANNUAL GENERAL MEETING   
EQ,CALSOFT,California Soft Ltd., ,02/09/2024,09/09/2024,30/08/2024, , ,ANNUAL GENERAL MEETING   
EQ,KOPRAN,Kopran Ltd., ,03/09/2024,05/09/2024,02/09/2024, , ,AGM/DIV - RS 3 PER SH    
EQ,VSTIND,VST Industries Ltd.,06/09/2024, , ,06/09/2024, , ,BONUS 10:1               
EQ,HIKAL,Hikal Limited,04/09/2024, , ,04/09/2024, , ,DIV - RE 0.60 PER SH     
EQ,HIKAL,Hikal Limited, ,11/09/2024,17/09/2024,10/09/2024, , ,ANNUAL GENERAL MEETING   
EQ,KTKBANK,Karnataka Bank Limited, ,04/09/2024,10/09/2024,03/09/2024, , ,DIV - RS 5.50 PER SH     
EQ,TCI,Transport Corporation of,04/09/2024, , ,04/09/2024, , ,BUY BACK                 
EQ,NIITLTD,NIIT Limited,05/09/2024, , ,05/09/2024, , ,DIV - RE 0.75 PER SH     
EQ,PENINLAND,Peninsula Land Limited, ,05/09/2024,11/09/2024,04/09/2024, , ,ANNUAL GENERAL MEETING   
EQ,TRIVENI,Triveni Engineering & Ind,06/09/2024, , ,06/09/2024, , ,DIV - RE 1.25 PER SH     
EQ,JBMA,JBM Auto Limited, ,06/09/2024,12/09/2024,05/09/2024, , ,AGM/DIV - RS 1.50 PER SH 
EQ,SUZLON,Suzlon Energy Limited, ,04/09/2024,10/09/2024,03/09/2024, , ,ANNUAL GENERAL MEETING   
EQ,KEI,KEI Industries Limited, ,05/09/2024,11/09/2024,04/09/2024, , ,ANNUAL GENERAL MEETING   
EQ,HONDAPOWER,Honda I Power Product Ltd, ,30/08/2024,05/09/2024,29/08/2024, , ,AGM/DIV - RS 17.5 PER SH 
EQ,SPENTEX,Spentex Industries Ltd, ,05/09/2024,11/09/2024,04/09/2024, , ,ANNUAL GENERAL MEETING   
EQ,GMRINFRA,GMR Infrastructure Limite, ,06/09/2024,16/09/2024,05/09/2024, , ,ANNUAL GENERAL MEETING   
EQ,UFLEX,UFLEX Limited, ,31/08/2024,19/09/2024,30/08/2024, , ,AGM/DIV - RE 1 PER SH    
EQ,GOACARBON,Goa Carbon Ltd, ,04/09/2024,10/09/2024,03/09/2024, , ,AGM/DIV - RS 10 PER SH   
EQ,TVSSRICHAK,TVS Srichakra Limited, ,31/08/2024,12/09/2024,30/08/2024, , ,AGM/DIV-RS 47.34 PER SH  
EQ,ORIENTALTL,Oriental Trimex Limited,05/09/2024, , ,05/09/2024, , ,RIGHTS 3:2 @ PRM RE 1/-  
EQ,VINATIORGA,Vinati Organics Limited, ,04/09/2024,10/09/2024,03/09/2024, , ,DIV - RS 7 PER SH        
EQ,BALLARPUR,Ballarpur Industries Limi, ,04/09/2024,10/09/2024,03/09/2024, , ,ANNUAL GENERAL MEETING   
EQ,JSL,Jindal Stainless Limited, ,04/09/2024,04/09/2024,03/09/2024, , ,ANNUAL GENERAL MEETING   
EQ,UNITEDTEA,United Nilgiri Tea Ltd, ,31/08/2024,06/09/2024,30/08/2024, , ,AGM/DIV - RS 1.70 PER SH 
EQ,GEECEE,GeeCee Ventures Limited,04/09/2024, , ,04/09/2024, , ,DIV - RS 2 PER SH        
EQ,GEECEE,GeeCee Ventures Limited, ,05/09/2024,12/09/2024,04/09/2024, , ,ANNUAL GENERAL MEETING   
EQ,UMESLTD,Usha Martin Edu & Sol Ltd, ,05/09/2024,11/09/2024,04/09/2024, , ,ANNUAL GENERAL MEETING   
EQ,JAMNAAUTO,Jamna Auto Ind Ltd, ,30/08/2024,05/09/2024,29/08/2024, , ,AGM/DIV - RS 1.30 PER SH 
EQ,SMLISUZU,SML Isuzu Limited, ,07/09/2024,13/09/2024,06/09/2024, , ,ANNUAL GENERAL MEETING   
EQ,SMLISUZU,SML Isuzu Limited,06/09/2024, , ,06/09/2024, , ,DIV - RS 16 PER SH       
EQ,TRITURBINE,Triveni Turbine Limited,06/09/2024, , ,06/09/2024, , ,DIV - RS 1.30 PER SH     
EQ,TREEHOUSE,Tree House Edu Ltd, ,06/09/2024,12/09/2024,05/09/2024, , ,ANNUAL GENERAL MEETING   
EQ,TBZ,Trib Bhimji Zaveri Ltd, ,04/09/2024,10/09/2024,03/09/2024, , ,AGM/DIV - RS 1.75 PER SH 
EQ,NBCC,Nbcc (India) Ltd,06/09/2024, , ,06/09/2024, , ,DIV - RE 0.63 PER SH     
EQ,NDL,Nandan Denim Limited, ,31/08/2024,06/09/2024,30/08/2024, , ,ANNUAL GENERAL MEETING   
EQ,GULFOILLUB,Gulf Oil Lub. Ind. Ltd.,05/09/2024, , ,05/09/2024, , ,DIV - RS 20 PER SH       
EQ,ZENTEC,Zen Technologies Limited,06/09/2024, , ,06/09/2024, , ,DIV - RE 1 PER SH        
EQ,MENONBE,Menon Bearings Limited, ,31/08/2024,06/09/2024,30/08/2024, , ,ANNUAL GENERAL MEETING   
EQ,FCL,Fineotex Chemical Limited, ,04/09/2024,10/09/2024,03/09/2024, , ,ANNUAL GENERAL MEETING   
EQ,GANECOS,Ganesha Ecosphere Limited, ,04/09/2024,10/09/2024,03/09/2024, , ,AGM/DIV - RS 3 PER SH    
EQ,QUICKHEAL,Quick Heal Tech Ltd, ,31/08/2024,06/09/2024,30/08/2024, , ,DIV - RS 3 PER SHARE     
EQ,PDMJEPAPER,Pudumjee Paper Pro. Ltd, ,30/08/2024,06/09/2024,29/08/2024, , ,AGM/DIV - RS 0.60 PER SH 
EQ,BLS,BLS Intl Servs Ltd, ,06/09/2024,12/09/2024,05/09/2024, , ,AGM/DIV - RE 0.50 PER SH 
EQ,PARAGMILK,Parag Milk Foods Ltd.,04/09/2024, , ,04/09/2024, , ,DIV - RE 0.50 PER SH     
EQ,PARAGMILK,Parag Milk Foods Ltd., ,05/09/2024,11/09/2024,04/09/2024, , ,ANNUAL GENERAL MEETING   
EQ,5PAISA,5paisa Capital Limited, ,04/09/2024,10/09/2024,03/09/2024, , ,ANNUAL GENERAL MEETING   
EQ,NIRAJISPAT,Niraj Ispat Ind Ltd, ,30/08/2024,08/09/2024,29/08/2024, , ,ANNUAL GENERAL MEETING   
EQ,ITDC,India Tour. Dev. Co. Ltd., ,02/09/2024,06/09/2024,30/08/2024, , ,ANNUAL GENERAL MEETING   
EQ,MASFIN,MAS Financial Serv Ltd, ,05/09/2024,11/09/2024,04/09/2024, , ,AGM/DIV - RE 0.51 PER SH 
EQ,TERASOFT,Tera Software Limited, ,03/09/2024,09/09/2024,02/09/2024, , ,ANNUAL GENERAL MEETING   
EQ,IRCON,Ircon International Ltd, ,06/09/2024,12/09/2024,05/09/2024, , ,AGM/DIV - RS 1.30 PER SH 
EQ,VHLTD,Viceroy Hotels Limited, ,03/09/2024,09/09/2024,02/09/2024, , ,ANNUAL GENERAL MEETING   
EQ,AMJLAND,AMJ Land Holdings Limited, ,30/08/2024,06/09/2024,29/08/2024, , ,AGM/DIV - RS 0.20 PER SH 
EQ,RITES,RITES Limited, ,06/09/2024,12/09/2024,05/09/2024, , ,ANNUAL GENERAL MEETING   
EQ,RITES,RITES Limited,20/09/2024, , ,20/09/2024, , ,BONUS 1:1                
EQ,ANDHRAPAP,ANDHRA PAPER LIMITED,11/09/2024, , ,11/09/2024, , ,FVSPLT FRM RS 10 TO RS 2 
EQ,GEEKAYWIRE,Geekay Wires Limited,05/09/2024, , ,05/09/2024, , ,DIV - RE 0.60 PER SH     
EQ,GEEKAYWIRE,Geekay Wires Limited, ,06/09/2024,12/09/2024,05/09/2024, , ,ANNUAL GENERAL MEETING   
EQ,RGL,Renaissance Global Ltd, ,05/09/2024,12/09/2024,04/09/2024, , ,ANNUAL GENERAL MEETING   
EQ,FORCEMOT,Force Motors Limited, ,29/08/2024,04/09/2024,28/08/2024, , ,ANNUAL GENERAL MEETING   
EQ,PRINCEPIPE,Prince Pipes Fittings Ltd, ,05/09/2024,11/09/2024,04/09/2024, , ,AGM/DIV - RE 1 PER SH    
EQ,SANGINITA,Sanginita Chemicals Limit, ,28/08/2024,04/09/2024,27/08/2024, , ,ANNUAL GENERAL MEETING   
EQ,SHYAMMETL,Shyam Metalics and Engy L, ,31/08/2024,06/09/2024,30/08/2024, , ,ANNUAL GENERAL MEETING   
EQ,SAPPHIRE,Sapphire Foods India Ltd,05/09/2024, , ,05/09/2024, , ,FVSPLT FRM RS 10 TO RS 2 
EQ,METROBRAND,Metro Brands Limited,06/09/2024, , ,06/09/2024, , ,DIV - RS 2.25 PER SH     
EQ,SURYODAY,Suryoday Small Fin Bk Ltd, ,06/09/2024,12/09/2024,05/09/2024, , ,ANNUAL GENERAL MEETING   
EQ,GMRP&UI,GMR Pow and Urban Infra L, ,06/09/2024,16/09/2024,05/09/2024, , ,ANNUAL GENERAL MEETING   
EQ,CLEAN,Clean Science & Tech Ltd, ,30/08/2024,05/09/2024,29/08/2024, , ,AGM/DIV - RS 3 PER SH    
EQ,MEGASTAR,Megastar Foods Limited, ,06/09/2024,12/09/2024,05/09/2024, , ,ANNUAL GENERAL MEETING   
EQ,HERANBA,Heranba Industries Ltd,05/09/2024, , ,05/09/2024, , ,DIV - RS 1.25 PER SH     
EQ,HERANBA,Heranba Industries Ltd, ,06/09/2024,12/09/2024,05/09/2024, , ,ANNUAL GENERAL MEETING   
EQ,SILVERTUC,Silver Touch Techno Ltd, ,06/09/2024,12/09/2024,05/09/2024, , ,ANNUAL GENERAL MEETING   
EQ,SILVERTUC,Silver Touch Techno Ltd,05/09/2024, , ,05/09/2024, , ,DIV - RE 0.50 PER SH     
EQ,WEWIN,WE WIN LIMITED, ,31/08/2024,06/09/2024,30/08/2024, , ,ANNUAL GENERAL MEETING   
EQ,RELCHEMQ,Reliance Chemotex Ind Ltd, ,05/09/2024,11/09/2024,04/09/2024, , ,AGM/DIV - RE 1 PER SH    
EQ,MARSHALL,Marshall Machines Ltd, ,31/08/2024,06/09/2024,30/08/2024, , ,ANNUAL GENERAL MEETING   
EQ,YUKEN,Yuken India Limited, ,29/08/2024,05/09/2024,28/08/2024, , ,AGM/DIV - RS 1.50 PER SH 
EQ,SIGACHI,Sigachi Industries Ltd, ,29/08/2024,04/09/2024,28/08/2024, , ,AGM/DIV - RE 0.10 PER SH 
EQ,MEDICO,Medico Remedies Limited, ,30/08/2024,05/09/2024,29/08/2024, , ,ANNUAL GENERAL MEETING   
EQ,RHIM,RHI MAGNESITA INDIA LTD, ,06/09/2024,13/09/2024,05/09/2024, , ,DIV - RS 2.50 PER SH     
EQ,SPORTKING,Sportking India Limited,13/09/2024, , ,13/09/2024, , ,FVSPLT FRM RS10 TO RE1   
EQ,NIITMTS,NIIT Learning Systems Ltd,05/09/2024, , ,05/09/2024, , ,DIV - RS 2.75 PER SH     
EQ,SCPL,Sheetal Cool Products Ltd, ,30/08/2024,05/09/2024,29/08/2024, , ,ANNUAL GENERAL MEETING   
EQ,HEADSUP,The Mandhana Ret Vent Ltd, ,06/09/2024,12/09/2024,05/09/2024, , ,ANNUAL GENERAL MEETING   
EQ,DMCC,Dharamsi Morarji Chem Ltd, ,29/08/2024,04/09/2024,28/08/2024, , ,ANNUAL GENERAL MEETING   
EQ,JWL,Commercial Eng & Co. Ltd, ,06/09/2024,12/09/2024,05/09/2024, , ,ANNUAL GENERAL MEETING   
EQ,JWL,Commercial Eng & Co. Ltd,05/09/2024, , ,05/09/2024, , ,DIV - RE 0.30 PER SH     
EQ,EPACK,EPACK Durable Limited, ,31/08/2024,06/09/2024,30/08/2024, , ,ANNUAL GENERAL MEETING   
EQ,ACLGATI,GATI Limited, ,03/09/2024,10/09/2024,02/09/2024, , ,ANNUAL GENERAL MEETING   
EQ,GANDHAR,Gandhar Oil Refine Ind L, ,29/08/2024,05/09/2024,28/08/2024, , ,ANNUAL GENERAL MEETING   
EQ,BLSE,BLS E-Services Limited, ,04/09/2024,10/09/2024,03/09/2024, , ,ANNUAL GENERAL MEETING   
EQ,NDLVENTURE,NXTDIGITAL LIMITED,06/09/2024, , ,06/09/2024, , ,DIV - RE 1 PER SH        
GB,SGBSEP24,2.75% GOLDBONDS2024Tr-V,26/09/2024, , , , , ,REDEMPTION               
GS,GS090924C,GOI STRIPS C 090924,05/09/2024, , , , , ,REDEMPTION               
GS,GS150924C,GOI STRIPS C 150924,11/09/2024, , , , , ,REDEMPTION               
GS,GS200924C,GOI STRIPS C 200924,18/09/2024, , , , , ,REDEMPTION               
MF,UTFIAIPIGI,UTI-FIIF - AIP- I- IG,05/09/2024, , , , , ,STP                      
MF,UFIQIPRGVI,UTI-FIIF II-QIP- VI-RG,09/09/2024, , , , , ,STP                      
MF,UFIQIPRRVI,UTI-FIIF II-QIP- VI-RDR,09/09/2024, , , , , ,DIV/STP                  
MF,UFIQIPRPVI,UTI-FIIF II-QIP- VI-RDP,09/09/2024, , , , , ,DIV/STP                  
MF,UFDQIPIGVI,UTIAMC - UFDQIPIGVI,09/09/2024, , , , , ,STP                      
MF,UTFDAIPIPI,UTIAMC - UTFDAIPIPI,05/09/2024, , , , , ,DIV/STP                  
MF,UTFDAIPIGI,UTIAMC - UTFDAIPIGI,05/09/2024, , , , , ,STP                      
MF,UTFIAIPRPI,UTI-FIIF - AIP- I- RDP,05/09/2024, , , , , ,DIV/STP                  
MF,UTFIAIPRRI,UTI-FIIF  -AIP- I- RDR,05/09/2024, , , , , ,DIV/STP                  
MF,UTFIAIPRGI,UTI-FIIF - AIP- I- RG,05/09/2024, , , , , ,STP                      
MF,UFDQIPIPVI,UTIAMC - UFDQIPIPVI,09/09/2024, , , , , ,DIV/STP                  
MF,UFDQIPIRVI,UTIAMC - UFDQIPIRVI,09/09/2024, , , , , ,DIV/STP                  
SG,579KL24,SDL KL 5.79% 2024,26/09/2024, , , , , ,REDEMPTION               
SG,495ML24,SDL ML 4.95% 2024,04/09/2024, , , , , ,REDEMPTION               
SG,568MH24,SDL MH 5.68% 2024,20/09/2024, , , , , ,REDEMPTION               
SG,575AP24,SDL AP 5.75% 2024,26/09/2024, , , , , ,REDEMPTION               
SG,57BR24,SDL BR 5.7% 2024,11/09/2024, , , , , ,REDEMPTION               
SG,57MH24,SDL MH 5.7% 2024,11/09/2024, , , , , ,REDEMPTION               
SG,56MH24,SDL MH 5.6% 2024,05/09/2024, , , , , ,REDEMPTION               
SM,PRITIKA,Pritika Eng Compo Ltd, ,03/09/2024,06/09/2024,02/09/2024, , ,ANNUAL GENERAL MEETING   
SM,PARIN,Parin Furniture Limited, ,03/09/2024,09/09/2024,02/09/2024, , ,ANNUAL GENERAL MEETING   
SM,DUCOL,Ducol Orgs and Colours Lt, ,06/09/2024,13/09/2024,05/09/2024, , ,AGM/DIV - RE 0.50 PER SH 
SM,QFIL,Quality Foils (India) Ltd, ,29/08/2024,04/09/2024,28/08/2024, , ,ANNUAL GENERAL MEETING   
SM,LLOYDS,Lloyds Luxuries Limited, ,29/08/2024,04/09/2024,28/08/2024, , ,ANNUAL GENERAL MEETING   
SM,VMARCIND,V Marc India Limited, ,05/09/2024,12/09/2024,04/09/2024, , ,ANNUAL GENERAL MEETING   
SM,EMKAYTOOLS,Emkay Tap & Cut. Tool Ltd, ,30/08/2024,04/09/2024,29/08/2024, , ,ANNUAL GENERAL MEETING   
SM,SSFL,Srivari Spices N Foods L,04/09/2024, , ,04/09/2024, , ,RIGHTS 1:5 @PRM RS 165/- 
SM,KODYTECH,Kody Technolab Limited, ,29/08/2024,05/09/2024,28/08/2024, , ,ANNUAL GENERAL MEETING   
SQ,PARIN,Parin Furniture Limited, ,03/09/2024,09/09/2024,02/09/2024, , ,ANNUAL GENERAL MEETING   
SQ,PRITIKA,Pritika Eng Compo Ltd, ,03/09/2024,06/09/2024,02/09/2024, , ,ANNUAL GENERAL MEETING   
SQ,SSFL,Srivari Spices N Foods L,04/09/2024, , ,04/09/2024, , ,RIGHTS 1:5 @PRM RS 165/- 
SQ,LLOYDS,Lloyds Luxuries Limited, ,29/08/2024,04/09/2024,28/08/2024, , ,ANNUAL GENERAL MEETING   
SQ,DUCOL,Ducol Orgs and Colours Lt, ,06/09/2024,13/09/2024,05/09/2024, , ,AGM/DIV - RE 0.50 PER SH 
SQ,QFIL,Quality Foils (India) Ltd, ,29/08/2024,04/09/2024,28/08/2024, , ,ANNUAL GENERAL MEETING   
SQ,KODYTECH,Kody Technolab Limited, ,29/08/2024,05/09/2024,28/08/2024, , ,ANNUAL GENERAL MEETING   
SQ,VMARCIND,V Marc India Limited, ,05/09/2024,12/09/2024,04/09/2024, , ,ANNUAL GENERAL MEETING   
SQ,EMKAYTOOLS,Emkay Tap & Cut. Tool Ltd, ,30/08/2024,04/09/2024,29/08/2024, , ,ANNUAL GENERAL MEETING   
ST,DUCOL,Ducol Orgs and Colours Lt, ,06/09/2024,13/09/2024,05/09/2024, , ,AGM/DIV - RE 0.50 PER SH 
ST,SSFL,Srivari Spices N Foods L,04/09/2024, , ,04/09/2024, , ,RIGHTS 1:5 @PRM RS 165/- 
ST,KODYTECH,Kody Technolab Limited, ,29/08/2024,05/09/2024,28/08/2024, , ,ANNUAL GENERAL MEETING   
ST,EMKAYTOOLS,Emkay Tap & Cut. Tool Ltd, ,30/08/2024,04/09/2024,29/08/2024, , ,ANNUAL GENERAL MEETING   
ST,QFIL,Quality Foils (India) Ltd, ,29/08/2024,04/09/2024,28/08/2024, , ,ANNUAL GENERAL MEETING   
ST,LLOYDS,Lloyds Luxuries Limited, ,29/08/2024,04/09/2024,28/08/2024, , ,ANNUAL GENERAL MEETING   
ST,PRITIKA,Pritika Eng Compo Ltd, ,03/09/2024,06/09/2024,02/09/2024, , ,ANNUAL GENERAL MEETING   
ST,VMARCIND,V Marc India Limited, ,05/09/2024,12/09/2024,04/09/2024, , ,ANNUAL GENERAL MEETING   
ST,PARIN,Parin Furniture Limited, ,03/09/2024,09/09/2024,02/09/2024, , ,ANNUAL GENERAL MEETING   

