SECURITY,NEW,PREVIOUS,NEW_STATUS
BAJAJ HOLDINGS & INVS LTD,11185,10979.1,H
SYNGENE INTERNATIONAL LTD,889,879,H
ICICI LOMBARD GIC LIMITED,2263,2216.6,H
PONDY OXIDES & CHEM LTD,2180.8,2019.9,H
MIRAEAMC - SENSEXETF,84.71,83.72,H
PCBL LIMITED,519.5,512,H
DEEP INDUSTRIES LIMITED,403.2,398,H
TBO TEK LIMITED,2001,1938.45,H
ICICIPRAMC-ICICIFIN,28.09,28,H
21ST CENTURY MGMT SERVICE,128.09,125.58,H
ENTERO HEALTHCARE SOLU L,1415.5,1385,H
INDIA SHELTER FIN CORP L,794.6,793,H
GO DIGIT GENERAL INS LTD,407.4,398.75,H
GOI TBILL 364D-03/07/25,98.78,95.25,H
CHETANA EDUCATION LIMITED,111,106,H
NEULAND LAB LTD.,13059.3,12935.5,H
AKZO NOBEL INDIA LIMITED,3579.9,3578.8,H
TILAKNAGAR INDUSTRIES LTD,304,303.5,H
SMS LIFESCIENCES (I) LTD,1519.9,1513.15,H
POWER INSTRUMENT (G) LTD,181.02,177.48,H
VL E GOV AND IT SOL LTD,130.17,124.16,H
HDFCAMC - HDFCSML250,186,185.87,H
MIRAEAMC - MAM150ETF,22.85,22.6,H
SETUBANDHAN INFRA LTD,1.01,0.97,H
RELCAPAMC-NETFSDL26,127.75,127.4,H
BANSAL WIRE INDUSTRIES L,445,443.9,H
LE MERITE EXPORTS LIMITED,206.5,204.6,H
SEC RE NCD 8.20% SR.V,1023.99,1023.8,H
INDO AMINES LIMITED,201.8,192.58,H
SHREE KARNI FABCOM LTD,827,819,H
SEC RE NCD 9.30% SR.IV,1058.55,1055.55,H
SDL TN 7.56% 2053,99.75,95,H
SEC RE NCD 9.90% SR IV,1100.1,1050.1,H
JAY BEE LAMINATIONS LTD,305.8,291.25,H
ORTIN GLOBAL LIMITED,20.98,20.97,H
VDEAL SYSTEM LIMITED,187.4,178.5,H
INDRAPRASTHA MEDICAL CORP,454.95,451,H
BOMBAY BURMAH TRADING COR,2774,2711,H
FDC LIMITED,577,552.6,H
ALKEM LABORATORIES LTD.,6239.25,6199.9,H
CAPLIN POINT LAB LTD.,1996,1984.9,H
D-LINK INDIA LTD,701.7,683.95,H
AXISAMC - AXISCETF,126.69,124.71,H
AXISAMC - AXISHCETF,150.01,148.78,H
SBIAMC - SBIETFIT,471.15,469.85,H
UTI ASSET MNGMT CO LTD,1219,1216.2,H
TARAPUR TRANSFORMERS LTD,19.43,19.05,H
NIP IND ETF DIV OPP,99,91.3,H
ELIN ELECTRONICS LIMITED,264.95,262.5,H
ENERGY MISSION MACH IND L,497,467.8,H
J.G.CHEMICALS LIMITED,459.5,429,H
GOI LOAN  7.23% 2039,106.1,105,H
CEREBRA INT TECH LTD,14.97,6.9,H
FOCUS LIGHTG & FIXTRS LTD,128.79,122.66,H
MAHARASHTRA SCOOTERS LTD,10180,10088,H
INDO THAI SEC LTD,487,465.05,H
MAX FINANCIAL SERV LTD,1152.95,1148.05,H
HDFCAMC - HDFCVALUE,153.7,152,H
SIKKO INDUSTRIES LIMITED,124.9,122.22,H
SKY GOLD LIMITED,2950,2825.2,H
AYM SYNTEX LIMITED,157.15,149.67,H
SUMIT WOODS LIMITED,140.8,138.04,H
ATLANTAA LIMITED,53.85,52.8,H
P. E. ANALYTICS LIMITED,332,325,H
TARC LIMITED,248.01,245,H
SUPREME ENGINEERING LTD,2.92,2.87,H
ESSEN SPECIALITY FILMS L,324.4,314.35,H
PARIN FURNITURE LIMITED,324,320,H
SHRIRAM - LIQUIDSHRI,1010.75,1010.59,H
GOI TBILL 364D-26/06/25,95.2,94.34,H
MANGALAM ORGANICS LIMITED,599.85,513,H
SEC RE NCD 8.70% SR.III,1004.75,1002.85,H
SEC RE NCD 9% SR.IV,1085,1083.5,H
GOI TBILL 364D-28/08/25,94.65,94.56,H
SEC RE NCD SR III,999,920.3,H
HFCL LIMITED,156.75,155,H
THANGAMAYIL JEWELLERY LTD,2395,2380,H
R M DRIP & SPRINK SYS LTD,224.9,203.5,H
PRITIKA ENG COMPO LTD,168.45,160.45,H
RAM RATNA WIRES LIMITED,639.9,618.9,H
HI GREEN CARBON LIMITED,254.8,243.1,H
2.50%GOLDBONDS2027SR-II,7899,7890,H
DEEP ENE RESOURCES LTD,317.68,275,H
KRISHNA INST OF MED SCI L,2654,2612,H
NILA SPACES LIMITED,11.73,11.5,H
HRH NEXT SERVICES LIMITED,68.55,65.3,H
LICNAMC - LICNMID100,59.89,59.61,H
SEC RE NCD 8.5% SR.I,1033,1032,H
KAVVERI TEL. LTD.,38.59,37.84,H
FILATEX FASHIONS LIMITED,1.36,1.33,H
SEC RED NCD 9.31% SR.III,1044,1041.5,H
REGENCYCERAMICS-LTD,60.96,58.06,H
CCL PRODUCTS (I) LTD,855,749.5,H
GENESYS INTL CORPN LTD,855.85,841,H
ICICI PRU LIFE INS CO LTD,771.4,765.55,H
ERIS LIFESCIENCES LIMITED,1495,1473,H
GEOJIT FINANCIAL SER L,174.81,162.75,H
KOKUYO CAMLIN LIMITED,214.3,212,H
HEXA TRADEX LIMITED,371.6,234.05,H
PIRAMAL PHARMA LIMITED,216.58,196.7,H
BIRLASLAMC - NIFTYQLITY,24.2,23.8,H
MEDI ASSIST HEALTH SER L,698.5,647.8,H
AAREY DRUGS & PHARM LTD,74,73,H
ZERODHAAMC - LIQUIDCASE,107.25,107.2,H
GOI TBILL 91D-31/10/24,99.14,98.99,H
9.01% TAX FREETRII SR3B,1329,1325,H
BOND 7.19% PA TAX FREE S2,1090.99,1084.17,H
SRNCD SR VII,2525,2490,H
GOI TBILL 91D-24/10/24,98.78,98.77,H
LEAD REC AND RUB PROD LTD,80.2,76.4,H
GOI TBILL 182D-30/01/25,96.86,96.8,H
MANGALAM CEMENT LTD,1093.7,1083,H
HEALTHCARE GLOB. ENT. LTD,408,406,H
PVP VENTURES LIMITED,36.76,36.04,H
SENCO GOLD LIMITED,1230,1197.25,H
KALYAN JEWELLERS IND LTD,658.75,654,H
TEMBO GLOBAL IND LTD,396,387.6,H
MRS BECTORS FOOD SPE LTD,1658.55,1635.8,H
V R INFRASPACE LIMITED,349,324.5,H
DSPAMC - HEALTHADD,148.52,146.06,H
ENSER COMMUNICATIONS LTD,276.4,263.25,H
SEC RE NCD 7.90% STRPP B,313.98,312,H
MAITREYA MEDICARE LIMITED,340.15,325.5,H
GOI TBILL 182D-05/12/24,98.35,98,H
SATHLOKHAR SYN E&C GLOB L,662.35,630.85,H
OSWAL AGRO MILLS LTD,65.65,42,H
DCW LTD,91.5,88.43,H
JK CEMENT LIMITED,4694,4670.8,H
LUPIN LIMITED,2284.15,2272,H
UNIPHOS ENTERPRISES LTD,194.9,192.98,H
MULTI COMMODITY EXCHANGE,5364.9,5268,H
BIKAJI FOODS INTERN LTD,901.75,895,H
GMR POW AND URBAN INFRA L,148.27,141.21,H
IIFL SECURITIES LIMITED,330,301.9,H
MOS UTILITY LIMITED,251,233.5,H
GRASIM RE. 1 PPD UP,1845,1838,H
GOI LOAN  7.25% 2063,105.3,105.15,H
TV VISION LIMITED,13.85,9.99,H
UNITED SPIRITS LIMITED,1507,1503.15,H
SRI ADHIKARI BRO TELE N L,601.7,589.95,H
GOI TBILL 364D-02/01/25,97.7,97.51,H
VERANDA LEARNING SOL LTD,339.8,328.25,H
GACM TECHNOLOGIES LIMITED,1.74,1.66,H
SOLAR ACT RS.3.50 PPD UP,412,406.35,H
SOLARA ACTIVE PHA SCI LTD,761,757.2,H
SDL TN 7.52% 2033,99.75,98.7,H
TROM INDUSTRIES LIMITED,243,252.05,L
BRAINBEES SOLUTIONS LTD,605,621,L
SARASWATI SAREE DEPOT LTD,154.01,156,L
GACM TECHNOLOGIES LIMITED,1.91,2.02,L
SEMAC CONSULTANTS LIMITED,488,500,L
DURLAX TOP SURFACE LTD,62,63,L
MAHALAXMI FABRIC MILLS LT,82.38,86.72,L
MANGLAM INFRA & ENG LTD,65,66.5,L
ASHAPURA LOGISTICS LTD,134.05,137.2,L
RBZ JEWELLERS LIMITED,141,143.25,L
INDIAN PHOSPHATE LIMITED,169.8,178.7,L
INTERARCH BUILDING PROD L,1110.15,1125,L
VINNY OVERSEAS LTD,0.38,0.48,L
SEC RE NCD 9.48% SR V,920.1,930.4,L
QVC EXPORTS LIMITED,118.4,124.6,L
ORTIN GLOBAL LIMITED,19.55,19.8,L
MEDICAMEN ORGANICS LTD,61,62.5,L
SIGNPOST INDIA LIMITED,214.96,215.61,L
DOCMODE HEALTH TECH LTD,116.7,118.4,L
ESPRIT STONES LIMITED,101,105.05,L
APRAMEYA ENGINEERING LTD,63.3,64.25,L
SUMEET IND LIMITED,3.7,3.76,L
IDEAL TECHNOPLAST IND LTD,120.8,127.15,L
ATAL REALTECH LIMITED,0.13,0.23,L
BULKCORP INTERNATIONAL L,111.8,116.45,L
ANMOL INDIA LIMITED,32.2,32.45,L
GOI TBILL 364D-28/08/25,94.5,94.56,L
RAJPUTANA INDUSTRIES LTD,80.25,82.2,L
POSITRON ENERGY LIMITED,530.35,560,L
PRIZOR VIZTECH LIMITED,128.1,132,L
SEC RE NCD 10.25% SR XII,943,943.05,L
AUSOM ENTERPRISE LIMITED,93.7,95.5,L
SHRENIK LIMITED,0.86,0.88,L
RKEC PROJECTS LIMITED,108,108.4,L
ORIENT TECHNOLOGIES LTD,286.95,287.2,L
SEC RE NCD 9.75% SR. I,912.2,975.03,L
FIBERWEB INDIA LIMITED,45.75,45.8,L
DHARIWALCORP LIMITED,138.5,143.3,L
BEACON TRUSTEESHIP LTD,100,101.1,L
AVANTEL LIMITED,170.31,172,L
BRACE PORT LOGISTICS LTD,141.75,148.5,L
AARVEE DEN. & EXP. LTD,44,44.25,L
V.L.INFRAPROJECTS LIMITED,84,89,L
SARLA PERF. FIBERS LTD,86.51,88.06,L
GLOBALE TESSILE LIMITED,54.03,56.88,L

