SERIES,SYMBOL,SECURITY,RECORD_DT,BC_STRT_DT,BC_END_DT,EX_DT,ND_STRT_DT,ND_END_DT,PURPOSE
BE,ANUP,The Anup Engineering Ltd,23/04/2024, , ,23/04/2024, , ,BONUS 1:1                
BE,TIPSINDLTD,Tips Industries Limited,22/04/2024, , ,22/04/2024, , ,BUY BACK                 
BE,AEGISCHEM,Aegis Logistics Ltd,22/04/2024, , ,22/04/2024, , ,INTDIV - RS 1.25 PER SH  
BE,BBL,Bharat Bijlee Ltd - Depo,24/04/2024, , ,24/04/2024, , ,FV SPLT FRM RS 10 TO RS 5
BE,SPMLINFRA,SPML Infra Limited, ,19/04/2024,26/04/2024,18/04/2024, , ,EGM                      
BE,EIFFL,Euro (I) Fresh Foods Ltd, ,18/04/2024,24/04/2024,16/04/2024, , ,EGM                      
BE,SHRADHA,Shradha Infraprojects Ltd, ,16/04/2024,23/04/2024,15/04/2024, , ,EGM                      
BE,ABB,ABB India Limited, ,05/05/2024,11/05/2024,03/05/2024, , ,AGM/DIV RS 23.80 PER SH  
BE,MHLXMIRU,Mahalaxmi Rubtech Limited,19/04/2024, , ,19/04/2024, , ,DEMERGER                 
BE,SCHAEFFLER,Schaeffler India Ltd, ,20/04/2024,26/04/2024,19/04/2024, , ,AGM/DIV - RS 26 PER SH   
EQ,AEGISCHEM,Aegis Logistics Ltd,22/04/2024, , ,22/04/2024, , ,INTDIV - RS 1.25 PER SH  
EQ,EIFFL,Euro (I) Fresh Foods Ltd, ,18/04/2024,24/04/2024,16/04/2024, , ,EGM                      
EQ,TIPSINDLTD,Tips Industries Limited,22/04/2024, , ,22/04/2024, , ,BUY BACK                 
EQ,SHRADHA,Shradha Infraprojects Ltd, ,16/04/2024,23/04/2024,15/04/2024, , ,EGM                      
EQ,ANUP,The Anup Engineering Ltd,23/04/2024, , ,23/04/2024, , ,BONUS 1:1                
EQ,ABB,ABB India Limited, ,05/05/2024,11/05/2024,03/05/2024, , ,AGM/DIV RS 23.80 PER SH  
EQ,SCHAEFFLER,Schaeffler India Ltd, ,20/04/2024,26/04/2024,19/04/2024, , ,AGM/DIV - RS 26 PER SH   
EQ,MHLXMIRU,Mahalaxmi Rubtech Limited,19/04/2024, , ,19/04/2024, , ,DEMERGER                 
EQ,SPMLINFRA,SPML Infra Limited, ,19/04/2024,26/04/2024,18/04/2024, , ,EGM                      
EQ,BBL,Bharat Bijlee Ltd,24/04/2024, , ,24/04/2024, , ,FV SPLT FRM RS 10 TO RS 5
GS,GS260424C,GOI STRIPS C 260424,24/04/2024, , , , , ,REDEMPTION               
M7,IBULHSGFIN,Sec Re NCD 8.20% Sr.VI,22/04/2024, , ,22/04/2024, , ,INTEREST PAYMENT         
M8,IBULHSGFIN,Sec Re NCD 8.66% Sr.VI,22/04/2024, , ,22/04/2024, , ,INTEREST PAYMENT         
MB,IBULHSGFIN,Sec Re NCD 8.43% Sr.VIII,22/04/2024, , ,22/04/2024, , ,INTEREST PAYMENT         
MC,IBULHSGFIN,Sec Re NCD 8.89% Sr.VIII,22/04/2024, , ,22/04/2024, , ,INTEREST PAYMENT         
MF,UTFDQIPIRI,UTIAMC - UTFDQIPIRI,22/04/2024, , , , , ,DIV/STP                  
MF,UTFIQIPRRI,UTI-FIIF QIP - I - RDR,22/04/2024, , , , , ,DIV/STP                  
MF,UTFIQIPRGI,UTI-FIIF QIP - I - RG,22/04/2024, , , , , ,STP                      
MF,UTFDQIPIPI,UTIAMC - UTFDQIPIPI,22/04/2024, , , , , ,DIV/STP                  
MF,UTFIQIPRPI,UTI-FIIF QIP - I - RDP,22/04/2024, , , , , ,DIV/STP                  
MF,UTFDQIPIGI,UTIAMC - UTFDQIPIGI,22/04/2024, , , , , ,STP                      
N3,POONAWALLA,Poonawalla Fincorp Ltd,19/04/2024, , , , , ,INT PAYMENT/REDEMPTION   
N3,UGROCAP,Sec Red NCD 10.15% Sr. II,20/04/2024, , ,19/04/2024, , ,INTEREST PAYMENT         
N4,POONAWALLA,Poonawalla Fincorp Ltd,19/04/2024, , , , , ,INT PAYMENT/REDEMPTION   
N4,INCREDFIN,Sec Re NCD 9.45% Sr.I,18/04/2024, , ,18/04/2024, , ,INTEREST PAYMENT         
N4,UGROCAP,Sec Red NCD 10.40% Sr.III,20/04/2024, , ,19/04/2024, , ,INTEREST PAYMENT         
N5,POONAWALLA,Poonawalla Fincorp Ltd,19/04/2024, , , , , ,INT PAYMENT/REDEMPTION   
N5,ERFLNCDI,Sec Red NCD 8.88% Sr. V,18/04/2024, , ,18/04/2024, , ,INTEREST PAYMENT         
N6,POONAWALLA,Poonawalla Fincorp Ltd,19/04/2024, , ,19/04/2024, , ,INTEREST PAYMENT         
N6,INCREDFIN,Sec Re NCD 9.65% Sr.III,18/04/2024, , ,18/04/2024, , ,INTEREST PAYMENT         
N7,CREDITACC,Sec Re NCD 9.10% Sr I,22/04/2024, , ,22/04/2024, , ,INTEREST PAYMENT         
N7,POONAWALLA,Poonawalla Fincorp Ltd,19/04/2024, , ,19/04/2024, , ,INTEREST PAYMENT         
N9,CREDITACC,Sec Re NCD 9.25% Sr III,22/04/2024, , ,22/04/2024, , ,INTEREST PAYMENT         
NA,INDIGRID,India Grid Trust,22/04/2024, , ,22/04/2024, , ,INT PAYMENT/REDEMPTION   
NB,CREDITACC,Sec Re NCD 9.40% Sr V,22/04/2024, , ,22/04/2024, , ,INTEREST PAYMENT         
NB,INDIGRID,India Grid Trust,22/04/2024, , ,22/04/2024, , ,INT PAYMENT/REDEMPTION   
NC,INDIGRID,India Grid Trust,22/04/2024, , ,22/04/2024, , ,INTEREST PAYMENT         
ND,INDIGRID,India Grid Trust,22/04/2024, , ,22/04/2024, , ,INTEREST PAYMENT         
ND,CREDITACC,Sec Re NCD 9.70% Sr VII,22/04/2024, , ,22/04/2024, , ,INTEREST PAYMENT         
NE,INDIGRID,India Grid Trust,22/04/2024, , ,22/04/2024, , ,INTEREST PAYMENT         
NF,INDIGRID,India Grid Trust,22/04/2024, , ,22/04/2024, , ,INTEREST PAYMENT         
NG,INDIGRID,India Grid Trust,22/04/2024, , ,22/04/2024, , ,INTEREST PAYMENT         
NH,IBUCCREDIT,Sec Re NCD 9.40% Sr.III,18/04/2024, , ,18/04/2024, , ,INTEREST PAYMENT         
NH,INDIGRID,India Grid Trust,22/04/2024, , ,22/04/2024, , ,INTEREST PAYMENT         
NI,INDIGRID,India Grid Trust,22/04/2024, , ,22/04/2024, , ,INTEREST PAYMENT         
NJ,ECLFINANCE,Sec Red NCD 9.43% Sr. VI,18/04/2024, , ,18/04/2024, , ,INTEREST PAYMENT         
NJ,INDIGRID,India Grid Trust,22/04/2024, , ,22/04/2024, , ,INTEREST PAYMENT         
NK,IBUCCREDIT,Sec Re NCD 9.61% Sr.VI,18/04/2024, , ,18/04/2024, , ,INTEREST PAYMENT         
NK,INDIGRID,India Grid Trust,22/04/2024, , ,22/04/2024, , ,INTEREST PAYMENT         
NL,INDIGRID,India Grid Trust,22/04/2024, , ,22/04/2024, , ,INTEREST PAYMENT         
NN,IBUCCREDIT,Sec Re NCD 9.40% Sr.VIII,18/04/2024, , ,18/04/2024, , ,INTEREST PAYMENT         
NO,IBUCCREDIT,Sec Re NCD 9.85% Sr.VIII,18/04/2024, , ,18/04/2024, , ,INTEREST PAYMENT         
NR,ECLFINANCE,ECL Finance Limited,18/04/2024, , ,18/04/2024, , ,INTEREST PAYMENT         
SG,576TN24,SDL TN 5.76% 2024,19/04/2024, , , , , ,REDEMPTION               
U3,POONAWALLA,Poonawalla Fincorp Ltd,19/04/2024, , , , , ,INT PAYMENT/REDEMPTION   
U3,UGROCAP,Sec Red NCD 10.15% Sr. II,20/04/2024, , ,19/04/2024, , ,INTEREST PAYMENT         
U4,POONAWALLA,Poonawalla Fincorp Ltd,19/04/2024, , , , , ,INT PAYMENT/REDEMPTION   
U4,INCREDFIN,Sec Re NCD 9.45% Sr.I,18/04/2024, , ,18/04/2024, , ,INTEREST PAYMENT         
U4,UGROCAP,Sec Red NCD 10.40% Sr.III,20/04/2024, , ,19/04/2024, , ,INTEREST PAYMENT         
U5,POONAWALLA,Poonawalla Fincorp Ltd,19/04/2024, , , , , ,INT PAYMENT/REDEMPTION   
U5,ERFLNCDI,Sec Red NCD 8.88% Sr. V,18/04/2024, , ,18/04/2024, , ,INTEREST PAYMENT         
U6,POONAWALLA,Poonawalla Fincorp Ltd,19/04/2024, , ,19/04/2024, , ,INTEREST PAYMENT         
U6,INCREDFIN,Sec Re NCD 9.65% Sr.III,18/04/2024, , ,18/04/2024, , ,INTEREST PAYMENT         
U7,CREDITACC,Sec Re NCD 9.10% Sr I,22/04/2024, , ,22/04/2024, , ,INTEREST PAYMENT         
U7,POONAWALLA,Poonawalla Fincorp Ltd,19/04/2024, , ,19/04/2024, , ,INTEREST PAYMENT         
U9,CREDITACC,Sec Re NCD 9.25% Sr III,22/04/2024, , ,22/04/2024, , ,INTEREST PAYMENT         
UA,INDIGRID,India Grid Trust,22/04/2024, , ,22/04/2024, , ,INT PAYMENT/REDEMPTION   
UB,CREDITACC,Sec Re NCD 9.40% Sr V,22/04/2024, , ,22/04/2024, , ,INTEREST PAYMENT         
UB,INDIGRID,India Grid Trust,22/04/2024, , ,22/04/2024, , ,INT PAYMENT/REDEMPTION   
UC,INDIGRID,India Grid Trust,22/04/2024, , ,22/04/2024, , ,INTEREST PAYMENT         
UD,INDIGRID,India Grid Trust,22/04/2024, , ,22/04/2024, , ,INTEREST PAYMENT         
UD,CREDITACC,Sec Re NCD 9.70% Sr VII,22/04/2024, , ,22/04/2024, , ,INTEREST PAYMENT         
UE,INDIGRID,India Grid Trust,22/04/2024, , ,22/04/2024, , ,INTEREST PAYMENT         
UF,INDIGRID,India Grid Trust,22/04/2024, , ,22/04/2024, , ,INTEREST PAYMENT         
UG,INDIGRID,India Grid Trust,22/04/2024, , ,22/04/2024, , ,INTEREST PAYMENT         
UH,IBUCCREDIT,Sec Re NCD 9.40% Sr.III,18/04/2024, , ,18/04/2024, , ,INTEREST PAYMENT         
UH,INDIGRID,India Grid Trust,22/04/2024, , ,22/04/2024, , ,INTEREST PAYMENT         
UI,INDIGRID,India Grid Trust,22/04/2024, , ,22/04/2024, , ,INTEREST PAYMENT         
UJ,ECLFINANCE,Sec Red NCD 9.43% Sr. VI,18/04/2024, , ,18/04/2024, , ,INTEREST PAYMENT         
UJ,INDIGRID,India Grid Trust,22/04/2024, , ,22/04/2024, , ,INTEREST PAYMENT         
UK,IBUCCREDIT,Sec Re NCD 9.61% Sr.VI,18/04/2024, , ,18/04/2024, , ,INTEREST PAYMENT         
UK,INDIGRID,India Grid Trust,22/04/2024, , ,22/04/2024, , ,INTEREST PAYMENT         
UL,INDIGRID,India Grid Trust,22/04/2024, , ,22/04/2024, , ,INTEREST PAYMENT         
UN,IBUCCREDIT,Sec Re NCD 9.40% Sr.VIII,18/04/2024, , ,18/04/2024, , ,INTEREST PAYMENT         
UO,IBUCCREDIT,Sec Re NCD 9.85% Sr.VIII,18/04/2024, , ,18/04/2024, , ,INTEREST PAYMENT         
UR,ECLFINANCE,ECL Finance Limited,18/04/2024, , ,18/04/2024, , ,INTEREST PAYMENT         
Y7,IBULHSGFIN,Sec Re NCD 8.20% Sr.VI,22/04/2024, , ,22/04/2024, , ,INTEREST PAYMENT         
Y8,IBULHSGFIN,Sec Re NCD 8.66% Sr.VI,22/04/2024, , ,22/04/2024, , ,INTEREST PAYMENT         
YB,IBULHSGFIN,Sec Re NCD 8.43% Sr.VIII,22/04/2024, , ,22/04/2024, , ,INTEREST PAYMENT         
YC,IBULHSGFIN,Sec Re NCD 8.89% Sr.VIII,22/04/2024, , ,22/04/2024, , ,INTEREST PAYMENT         

