SYMBOL,SERIES,SECURITY,HIGH/LOW,INDEX FLAG
21STCENMGM,BE,21ST CENTURY MGMT SERVICE,H
360ONE,EQ,360 ONE WAM LIMITED,H
3PLAND,BE,3P LAND HOLDINGS LIMITED,H
AAATECH,EQ,AAA TECHNOLOGIES LIMITED,H
AAKASH,EQ,AAKASH EXPLORATION SER L,H
AARTECH,EQ,AARTECH SOLONICS LIMITED,H
ADROITPP,X1,ADROITINF RS.2.50 PPD UP,H
AGNI,ST,AGNI GREEN POWER LTD,H
AISL,SM,ANI INTEGRATED SERV LTD.,H
AKI,BE,AKI INDIA LIMITED,H
ALOKINDS,BE,ALOK INDUSTRIES LIMITED,H
ALPEXSOLAR,SM,ALPEX SOLAR LIMITED,H
ALPSINDUS,BE,ALPS INDUSTRIES LTD.,H
ALUWIND,ST,ALUWIND ARCHITECTURAL LTD,H
ANTGRAPHIC,BE,ANTARCTICA LTD,H
APS,SM,AUSTRALIAN PREM SOLAR I L,H
ARENTERP,EQ,RAJDARSHAN INDUSTRIES LTD,H
ASMS,EQ,BARTRONICS INDIA LIMITED,H
ASPIRE,ST,ASPIRE & INNOVATIVE ADV L,H
ATLANTAA,EQ,ATLANTAA LIMITED,H
AZAD,EQ,AZAD ENGINEERING LIMITED,H
BAJEL,EQ,BAJEL PROJECTS LIMITED,H
BINANIIND,BE,BINANI INDUSTRIES LTD,H
BIRLAMONEY,BE,ADITYA BIRLA MONEY LTD,H
BLBLIMITED,BE,BLB LIMITED,H
BLUECHIP,BE,BLUE CHIP INDIA LIMITED,H
BLUEPEBBLE,ST,BLUE PEBBLE LIMITED,H
CANARYS,SM,CANARYS AUTOMATIONS LTD,H
CEREBRAINT,BE,CEREBRA INT TECH LTD,H
CGRAPHICS,ST,CREATIVE GRAPHICS S IND L,H
CINEVISTA,EQ,CINEVISTA LIMITED,H
CMMIPL,ST,CMM INFRAPROJECTS LIMITED,H
CREATIVEYE,BE,CREATIVE EYE LIMITED,H
CUBEXTUB,BE,CUBEXTUBINGS-ROLLSETT,H
DCG,ST,DCG CABLES & WIRES LTD,H
DCI,EQ,DC INFOTECH AND COMUN LTD,H
DCMFINSERV,BE,DCM FINANCIAL SERVICES LT,H
DGCONTENT,EQ,DIGICONTENT LIMITED,H
DOLPHIN,EQ,DOLPHIN OFF ENT (IND) L,H
DRONE,SM,DRONE DESTINATION LIMITED,H
EDUCOMP,BZ,EDUCOMP SOLUTIONS LTD,H
EIMCOELECO,BE,EIMCO ELECON (INDIA) LTD,H
ENERGYDEV,EQ,ENERGY DEVE. CO.LTD,H
ESSARSHPNG,EQ,ESSAR SHIPPING LTD,H
FCONSUMER,BE,FUTURE CONSUMER LIMITED,H
FEL,BZ,FUTURE ENTERPRISES LTD,H
FLFL,BZ,FUT LIFESTYLE FASH LTD,H
GALLANTT,BE,GALLANTT ISPAT LIMITED,H
GAYAHWS,BE,GAYATRI HIGHWAYS LIMITED,H
GENUSPOWER,EQ,GENUS POWER INFRASTRU LTD,H
GICL,SM,GLOBE INTL CARRIERS LTD,H
GIRIRAJ,ST,GIRIRAJ CIVIL DEVP LTD,H
GKWLIMITED,EQ,GKW LIMITED,H
GLOBALVECT,BE,GLOBAL VEC HELICORP LTD,H
GOENKA,BZ,GOENKA DIAMOND&JEWELS LTD,H
GTLINFRA,EQ,GTL INFRA.LTD,H
GUJAPOLLO,BE,GUJ. APOLLO IND. LTD.,H
HAVISHA,BE,SRI HAVISHA HOSP & INFR L,H
HBSL,EQ,HB STOCKHOLDINGS LIMITED,H
HDIL,BZ,HOUSING DEV & INFRA LTD,H
HIRECT,EQ,HIND RECTIFIER LIMITED,H
HITECHGEAR,EQ,THE HI-TECH GEARS LIMITED,H
HOMESFY,SM,HOMESFY REALTY LIMITED,H
HSCL,EQ,HIMADRI SPECIALITY CHEM L,H
HUBTOWN,BE,HUBTOWN LIMITED,H
HYBRIDFIN,BE,HYBRID FINANCIAL SERVICE,H
IEL,EQ,INDIABULLS ENT LTD,H
INDOTECH,EQ,INDO TECH TRANSFORM LTD.,H
ISHAN,ST,ISHAN INTERNATIONAL LTD,H
JITFINFRA,BE,JITF INFRALOGISTICS LTD,H
JUBLINDS,EQ,JUBILANT INDUSTRIES LTD,H
JYOTI-RE,BE,JYOTI STRUCTURES LTD,H
JYOTICNC,EQ,JYOTI CNC AUTOMATION LTD,H
JYOTISTRUC,BE,JYOTI STRUCTURES,H
K2INFRA,ST,K2 INFRAGEN LIMITED,H
KBCGLOBAL,EQ,KBC GLOBAL LIMITED,H
KCEIL,SM,KAY CEE ENERGY & INFRA L,H
KCK,ST,KCK INDUSTRIES LTD,H
KDL,SM,KORE DIGITAL LIMITED,H
KHAITANLTD,EQ,KHAITAN (INDIA)LTD.,H
KMSUGAR,EQ,K M SUGAR MILLS LTD,H
KPIGREEN,EQ,KPI GREEN ENERGY LIMITED,H
KRIDHANINF,BE,KRIDHAN INFRA LIMITED,H
LAGNAM,BE,LAGNAM SPINTEX LIMITED,H
LAXMICOT,EQ,LAXMI COTSPIN LIMITED,H
LIBERTSHOE,BE,LIBERTYSHOESLTD,H
LRRPL,SM,LEAD REC AND RUB PROD LTD,H
LYPSAGEMS,EQ,LYPSA GEMS & JEWEL LTD,H
MADHUCON,BE,MADHUCON PROJECTS LTD.,H
MAITREYA,SM,MAITREYA MEDICARE LIMITED,H
MANAKCOAT,EQ,MAN COAT METAL & IND LTD,H
MANINDS,BE,MAN INDUSTRIES (I) LTD.,H
MANOMAY,BE,MANOMAY TEX INDIA LTD,H
MASTEK,EQ,MASTEK LTD,H
MBECL,BE,MCNALLY BH. ENG. CO.LTD,H
MDL,ST,MARVEL DECOR LIMITED,H
MEGAFLEX,ST,MEGA FLEX PLASTICS LTD,H
MOTOGENFIN,BE,MOTOR & GENERAL FINANCE L,H
MTEDUCARE,BE,MT EDUCARE LTD,H
NAGREEKEXP,EQ,NAGREEKA EXPORTS LTD.,H
NETWEB,EQ,NETWEB TECH INDIA LTD,H
NETWORK18,BE,NETWORK18 MEDIA & INV LTD,H
NILASPACES,EQ,NILA SPACES LIMITED,H
ONDOOR,SM,ON DOOR CONCEPTS LIMITED,H
ONELIFECAP,BE,ONELIFE CAP ADVISORS LTD,H
ORIANA,SM,ORIANA POWER LIMITED,H
ORIENTLTD,EQ,ORIENT PRESS LIMITED,H
OWAIS,SM,OWAIS METAL & MINERAL,H
PARASPETRO,BE,PARAS PETROFILS LTD.,H
PERFECT,ST,PERFECT INFRAENGINEER LTD,H
PODDARHOUS,BZ,PODDAR HOUSE & DVPT LTD,H
PRATHAM,SM,PRATHAM EPC PROJECTS LTD,H
PREMIER,BE,PREMIER LIMITED,H
PURVA,EQ,PURAVANKARA LIMITED,H
RADIOWALLA,ST,RADIOWALLA NETWORK LTD,H
RAJRILTD,BE,RAJ RAYON INDUSTRIES LTD,H
RAMANEWS,EQ,SHREE RAMA NEWSPRINT LTD,H
RANEENGINE,EQ,RANE ENG VALVE LTD,H
RBMINFRA,ST,RBM INFRACON LIMITED,H
RCOM,BE,RELIANCE COMMUNICATIONS L,H
REFEX,EQ,REFEX INDUSTRIES LIMITED,H
REXPIPES,SM,REX PIPES AND CABLES LTD,H
RHL,BE,ROBUST HOTELS LIMITED,H
ROLLT,BE,ROLLATAINERS LIMITED,H
RPOWER,BE,RELIANCE POWER LTD.,H
RPPINFRA,BE,R.P.P INFRA PROJECTS LTD.,H
S&SPOWER,BE,S&S POWER SWITCHGEARS,H
SABEVENTS,BE,SAB EVENTS & GOVERNANCE,H
SABTNL,EQ,SRI ADHIKARI BRO TELE N L,H
SAHANA,SM,SAHANA SYSTEM LIMITED,H
SANDUMA,EQ,SANDUR MANG & IRON ORES L,H
SBGLP,EQ,SURATWWALA BUS GROUP LTD,H
SECL,SM,SALASAR EXTERIOR CONT LTD,H
SEL,ST,SUNGARNER ENERGIES LTD,H
SETCO,EQ,SETCO AUTOMOTIVE LTD,H
SHAKTIPUMP,BE,SHAKTI PUMPS (I) LTD,H
SHRENIK,EQ,SHRENIK LIMITED,H
SHYAMTEL,EQ,SHYAM TELECOM LIMITED,H
SJLOGISTIC,SM,S J LOGISTICS (INDIA) LTD,H
SMLT,BE,SARTHAK METALS LIMITED,H
SOLEX,SM,SOLEX ENERGY LIMITED,H
SOMATEX,EQ,SOMA TEXTILES & INDUST LT,H
SUMEETINDS,BE,SUMEET IND LIMITED,H
SUPREMEENG,BE,SUPREME ENGINEERING LTD,H
SURANASOL,EQ,SURANA SOLAR LIMITED,H
SUULD,EQ,SUUMAYA INDUSTRIES LTD,H
SVPGLOB,EQ,SVP GLOBAL TEXTILES LTD,H
SWELECTES,EQ,SWELECT ENERGY SYS LTD,H
TAC,ST,TAC INFOSEC LIMITED,H
TALBROAUTO,BE,TALBROS AUTO. COMP. LTD,H
TAPIFRUIT,SM,TAPI FRUIT PROCESSING LTD,H
TARACHAND,EQ,TARA CHAND INFRA SOLN LTD,H
TARC,BE,TARC LIMITED,H
TCL,SM,THAAI CASTING LIMITED,H
TCLCONS,BE,TANTIA CONSTRUCTIONS LTD,H
TECHLABS,SM,TRIDENT TECHLABS LIMITED,H
TGL,ST,TEERTH GOPICON LIMITED,H
TNTELE,BE,TAMILNADU TELECOMMUNICATI,H
TPHQ,BE,TEAMO PRODUCTIONS HQ LTD,H
TRF,BE,TRF LIMITED,H
TRIL,BE,TRANS & RECTI. LTD,H
TRUST,ST,TRUST FINTECH LIMITED,H
UEL,BE,UJAAS ENERGY LIMITED,H
UMESLTD,BE,USHA MARTIN EDU & SOL LTD,H
UNITECH,BZ,UNITECH LIMITED,H
UNIVASTU,EQ,UNIVASTU INDIA LIMITED,H
URBAN,SM,URBAN ENVIRO WASTE MGMT L,H
VERTEXPLUS,SM,VERTEXPLUS TECHNOLOGIES L,H
VINNY,BE,VINNY OVERSEAS LIMITED,H
VIVIANA,ST,VIVIANA POWER TECH LTD,H
VIVO,SM,VIVO COLLAB SOLUTIONS LTD,H
VMARCIND,SM,V MARC INDIA LIMITED,H
WALCHANNAG,BE,WALCHANDNAGAR INDUSTRIES,H
WEBELSOLAR,BE,WEBSOL ENERGY SYSTEM LTD,H
WEL,EQ,WONDER ELECTRICALS LTD,H
WEWIN,EQ,WE WIN LIMITED,H
WINSOME,BE,WINSOME YARNS LIMITED,H
WOCKPHARMA,BE,WOCKHARDT LIMITED-DEPO,H
WOMANCART,SM,WOMANCART LIMITED,H
XELPMOC,BE,XELPMOC DESIGN & TECH LTD,H
YASHOPTICS,ST,YASH OPTICS & LENS LTD,H
ZODIAC,BE,ZODIAC ENERGY LIMITED,H
21STCENMGM,BE,21ST CENTURY MGMT SERVICE,L
737GR2054,GS,GOI LOAN   7.37% 2054,L
745AP34,SG,SDL AP 7.45% 2034,L
A2ZINFRA,BE,A2Z INFRA ENGINEERING LTD,L
ADROITPP,X1,ADROITINF RS.2.50 PPD UP,L
AGUL,ST,A G UNIVERSAL LIMITED,L
ARVEE,BE,ARVEE LABORATORIES I LTD,L
BKMINDST,BZ,BKM INDUSTRIES LIMITED,L
CMMIPL,ST,CMM INFRAPROJECTS LIMITED,L
CREATIVEYE,BE,CREATIVE EYE LIMITED,L
DCG,ST,DCG CABLES & WIRES LTD,L
DCI,EQ,DC INFOTECH AND COMUN LTD,L
DUGLOBAL,SM,DUDIGITAL GLOBAL LIMITED,L
EXCEL,BE,EXCEL REALTY N INFRA LTD,L
FELDVR,BE,FUTURE ENTERPRISES LTD,L
FELIX,ST,FELIX INDUSTRIES LTD.,L
FLFL,BZ,FUT LIFESTYLE FASH LTD,L
GAYAHWS,BE,GAYATRI HIGHWAYS LIMITED,L
GICL,SM,GLOBE INTL CARRIERS LTD,L
GODHA,BE,GODHA CABCON INSULAT LTD,L
HDIL,BZ,HOUSING DEV & INFRA LTD,L
HOVS,EQ,HOV SERVICES LTD,L
IL&FSTRANS,BZ,IL&FS TRANS NET LTD,L
INDSWFTLTD,BE,IND-SWIFT LIMITED,L
INOXGREEN,BE,INOX GREEN ENERGY SER LTD,L
JALAN,SM,JALAN TRANSOLU. INDIA LTD,L
KEEPLEARN,EQ,DSJ KEEP LEARNING LTD,L
KEYFINSERV,BE,KEYNOTE FIN SERV LTD.,L
KRIDHANINF,BE,KRIDHAN INFRA LIMITED,L
LAKPRE,BZ,LAKSHMI PRE SCRE LTD,L
MANAV,SM,MANAV INFRA PROJECTS LTD,L
MASKINVEST,EQ,MASK INVESTMENTS LIMITED,L
MBECL,BE,MCNALLY BH. ENG. CO.LTD,L
MEP,BE,MEP INFRA. DEVELOPERS LTD,L
MODIRUBBER,EQ,MODI RUBBER LTD,L
ONELIFECAP,BE,ONELIFE CAP ADVISORS LTD,L
OSWALSEEDS,BE,SHREEOSWAL S AND CHE LTD,L
PREMIER,BE,PREMIER LIMITED,L
PURVA,EQ,PURAVANKARA LIMITED,L
QFIL,SM,QUALITY FOILS (INDIA) LTD,L
QMSMEDI,SM,QMS MEDICAL ALLIED S LTD,L
RADAAN,BE,RADAAN MEDIAWORKS (I) LTD,L
RAJRILTD,BE,RAJ RAYON INDUSTRIES LTD,L
SABEVENTS,BE,SAB EVENTS & GOVERNANCE,L
SADBHAV,EQ,SADBHAV ENGINEERING LTD,L
SADBHIN,BE,SADBHAV INFRA PROJ LTD.,L
SCHNEIDER,BE,SCHNEIDER ELECTRIC INFRA,L
SECL,SM,SALASAR EXTERIOR CONT LTD,L
SMVD,SM,SMVD POLY PACK LIMITED,L
SPARC,BE,SUN PHARMA ADV.RES.CO.LTD,L
SPMLINFRA,EQ,SPML INFRA LIMITED,L
SRPL,BE,SHREE RAM PROTEINS LTD.,L
SSFL,SM,SRIVARI SPICES N FOODS L,L
SUMEETINDS,BE,SUMEET IND LIMITED,L
SUPREMEENG,BE,SUPREME ENGINEERING LTD,L
SURANI,SM,SURANI STEEL TUBES LTD.,L
UMESLTD,BE,USHA MARTIN EDU & SOL LTD,L
