GAIN_LOSS,SECURITY,CLOSE_PRIC,PREV_CL_PR,PERCENT_CG
 ,Nifty 50 Sec., , , 
 , , , , 
G,BHARTI AIRTEL LIMITED,      1265.75,      1216.45,4.05
G,POWER GRID CORP. LTD.,       280.10,       274.25,2.13
G,BAJAJ AUTO LIMITED,      9021.30,      8919.15,1.15
G,LTIMINDTREE LIMITED,      4697.15,      4662.85,.74
G,HINDALCO  INDUSTRIES  LTD,       612.80,       608.85,.65
G,INFOSYS LIMITED,      1419.25,      1414.45,.34
G,LARSEN & TOUBRO LTD.,      3550.95,      3543.45,.21
G,HDFC LIFE INS CO LTD,       605.65,       604.60,.17
G,TATA STEEL LIMITED,       160.05,       160.05,0
 , , , , 
L,APOLLO HOSPITALS ENTER. L,      6074.15,      6334.75,-4.11
L,TITAN COMPANY LIMITED,      3525.10,      3645.90,-3.31
L,NESTLE INDIA LIMITED,      2462.55,      2546.10,-3.28
L,COAL INDIA LTD,       438.60,       453.20,-3.22
L,OIL AND NATURAL GAS CORP.,       274.15,       283.15,-3.18
L,ADANI ENTERPRISES LIMITED,      3019.30,      3106.40,-2.8
L,AXIS BANK LIMITED,      1024.00,      1051.90,-2.65
L,NTPC LTD,       351.15,       359.25,-2.25
L,TATA MOTORS LIMITED,       971.35,       992.80,-2.16
L,CIPLA LTD,      1347.30,      1375.20,-2.03
L,HERO MOTOCORP LIMITED,      4251.30,      4322.90,-1.66
L,ITC LTD,       418.85,       425.90,-1.66
L,DR. REDDY S LABORATORIES,      5957.15,      6050.35,-1.54
L,BAJAJ FINSERV LTD.,      1593.90,      1618.50,-1.52
L,DIVI S LABORATORIES LTD,      3708.90,      3764.20,-1.47
L,SUN PHARMACEUTICAL IND L,      1516.40,      1537.55,-1.38
L,TECH MAHINDRA LIMITED,      1179.65,      1195.80,-1.35
L,SHRIRAM FINANCE LIMITED,      2371.45,      2400.75,-1.22
L,INDUSIND BANK LIMITED,      1474.40,      1490.95,-1.11
L,ICICI BANK LTD.,      1055.45,      1067.05,-1.09
L,HDFC BANK LTD,      1494.70,      1509.25,-0.96
L,BRITANNIA INDUSTRIES LTD,      4695.00,      4740.70,-0.96
L,STATE BANK OF INDIA,       744.80,       751.70,-0.92
L,WIPRO LTD,       444.35,       448.35,-0.89
L,BAJAJ FINANCE LIMITED,      6893.20,      6954.25,-0.88
L,ULTRATECH CEMENT LIMITED,      9382.75,      9463.80,-0.86
L,ASIAN PAINTS LIMITED,      2807.70,      2830.00,-0.79
L,MARUTI SUZUKI INDIA LTD.,     12405.00,     12502.70,-0.78
L,GRASIM INDUSTRIES LTD,      2226.05,      2242.95,-0.75
L,HCL TECHNOLOGIES LTD,      1466.85,      1477.30,-0.71
 , , , , 
 ,Nifty Next 50 Sec., , , 
 , , , , 
G,JIO FIN SERVICES LTD,       378.40,       361.85,4.57
G,ICICI LOMBARD GIC LIMITED,      1710.10,      1648.65,3.73
G,VEDANTA LIMITED,       388.50,       378.20,2.72
G,TRENT LTD,      4087.10,      3988.20,2.48
G,BANK OF BARODA,       259.00,       254.70,1.69
G,SAMVRDHNA MTHRSN INTL LTD,       125.85,       124.25,1.29
G,SIEMENS LTD,      5579.55,      5531.85,0.86
G,HAVELLS INDIA LIMITED,      1493.70,      1482.00,0.79
G,PUNJAB NATIONAL BANK,       129.55,       128.55,0.78
G,INTERGLOBE AVIATION LTD,      3590.10,      3570.05,0.56
G,SRF LTD,      2529.95,      2518.25,0.46
G,JINDAL STEEL & POWER LTD,       905.85,       901.80,0.45
G,TORRENT PHARMACEUTICALS L,      2546.85,      2537.60,0.36
G,BAJAJ HOLDINGS & INVS LTD,      7920.20,      7902.90,0.22
G,INDIAN RAILWAY FIN CORP L,       141.95,       141.70,0.18
G,SBI CARDS & PAY SER LTD,       726.00,       725.80,0.03
G,INDIAN OIL CORP LTD,       169.00,       169.00,0
 , , , , 
L,ABB INDIA LIMITED,      6369.50,      6644.85,-4.14
L,BERGER PAINTS (I) LTD,       515.90,       531.20,-2.88
L,INDIAN RAIL TOUR CORP LTD,       992.95,      1016.45,-2.31
L,DLF LIMITED,       856.05,       875.60,-2.23
L,ADANI GREEN ENERGY LTD,      1775.45,      1811.65,-2
L,SHREE CEMENT LIMITED,     24425.85,     24882.55,-1.84
L,TVS MOTOR COMPANY  LTD,      1940.70,      1975.60,-1.77
L,LIFE INSURA CORP OF INDIA,       961.05,       975.90,-1.52
L,COLGATE PALMOLIVE LTD.,      2667.70,      2701.75,-1.26
L,ADANI ENERGY SOLUTION LTD,      1038.75,      1051.75,-1.24
L,GODREJ CONSUMER PRODUCTS,      1162.75,      1177.25,-1.23
L,HINDUSTAN AERONAUTICS LTD,      3677.15,      3722.15,-1.21
L,GAIL (INDIA) LTD,       203.55,       205.85,-1.12
L,CHOLAMANDALAM IN & FIN CO,      1118.80,      1130.00,-0.99
L,ICICI PRU LIFE INS CO LTD,       602.50,       608.50,-0.99
L,BHARAT ELECTRONICS LTD,       231.15,       233.45,-0.99
L,ZYDUS LIFESCIENCES LTD,       937.00,       944.85,-0.83
L,ADANI TOTAL GAS LIMITED,       920.15,       927.75,-0.82
L,ZOMATO LIMITED,       185.20,       186.45,-0.67
L,ADANI POWER LTD,       598.10,       601.60,-0.58
L,INFO EDGE (I) LTD,      5717.75,      5746.60,-0.5
L,VARUN BEVERAGES LIMITED,      1397.95,      1403.95,-0.43
L,AMBUJA CEMENTS LTD,       615.25,       617.55,-0.37
L,AVENUE SUPERMARTS LIMITED,      4627.10,      4644.30,-0.37
L,MARICO LIMITED,       506.40,       508.15,-0.34
L,POWER FIN CORP LTD.,       395.45,       396.55,-0.28
L,PIDILITE INDUSTRIES LTD,      2871.80,      2879.10,-0.25
L,BOSCH LIMITED,     29924.10,     29986.50,-0.21
L,UNITED SPIRITS LIMITED,      1148.90,      1150.85,-0.17
L,REC LIMITED,       428.65,       429.35,-0.16
 , , , , 
 ,OTHER SECURITIES, , , 
 , , , , 
G,AAA TECHNOLOGIES LIMITED,       134.10,       111.75,20
G,BOND 8.37% TAX FREE S3A,      7100.00,      5918.00,19.97
G,K M SUGAR MILLS LTD,        36.05,        30.05,19.97
G,LAXMI COTSPIN LIMITED,        35.10,        29.60,18.58
G,CANARYS AUTOMATIONS LTD,        52.35,        44.85,16.72
G,EXICOM TELE SYSTEMS LTD,       294.90,       258.90,13.9
G,THAAI CASTING LIMITED,       177.35,       155.80,13.83
G,NGL FINE CHEM LIMITED,      2559.20,      2257.50,13.36
G,JUSTDIAL LTD.,      1009.35,       891.10,13.27
G,ORICON ENTERPRISES LTD,        43.40,        38.45,12.87
G,AARTI SURFACTANTS LIMITED,       248.00,       221.00,12.22
G,DYNAMIC CABLES LIMITED,       439.90,       392.25,12.15
G,SOLARA ACTIVE PHA SCI LTD,       473.80,       423.15,11.97
G,BHAGIRADHA CHEM & INDS L,      1951.85,      1751.10,11.46
G,TPL PLASTECH LIMITED,        84.25,        75.70,11.29
G,ROX HI TECH LIMITED,       121.20,       109.20,10.99
G,RAJGOR CASTOR DERIVATI L,        42.75,        38.55,10.89
G,SEC RE NCD 9.39% SR.VIII,       915.00,       825.45,10.85
G,8.66% TAX FREE NCD,      1227.00,      1107.00,10.84
G,ELIN ELECTRONICS LIMITED,       164.05,       148.35,10.58
G,SEC RE NCD 9.71% SR.VIII,       950.00,       860.00,10.47
G,FOCUS LIGHTG & FIXTRS LTD,       178.60,       161.70,10.45
G,DYNACONS SYS & SOLN LTD,      1248.65,      1131.95,10.31
G,PASHUPATI COTSPIN LIMITED,       101.15,        91.70,10.31
G,ESSAR SHIPPING LTD,        31.35,        28.50,10
G,INDO TECH TRANSFORM LTD.,      1575.40,      1432.20,10
G,THE HI-TECH GEARS LIMITED,      1059.10,       962.85,10
G,HIND RECTIFIER LIMITED,       670.35,       609.45,9.99
G,AUSTRALIAN PREM SOLAR I L,       249.45,       226.80,9.99
G,DRONE DESTINATION LIMITED,       248.35,       225.80,9.99
 , , , , 
L,KRYSTAL INTEGRATED SER L,       825.80,       973.00,-15.13
L,SRIVARI SPICES N FOODS L,       335.90,       373.20,-9.99
L,CADSYS (INDIA) LIMITED,       358.55,       395.75,-9.4
L,QMS MEDICAL ALLIED S LTD,       103.45,       113.90,-9.17
L,STERLITE TECHNOLOGIES LTD,       129.95,       142.25,-8.65
L,SADBHAV ENGINEERING LTD,        29.55,        32.30,-8.51
L,PULZ ELECTRONICS LIMITED,       143.00,       155.00,-7.74
L,COFFEE DAY ENTERPRISE LTD,        64.70,        70.10,-7.7
L,SIGNORIA CREATION LIMITED,       170.00,       183.30,-7.26
L,BHAGERIA INDUSTRIES LTD,       172.70,       185.45,-6.88
L,HINDUSTAN MOTORS LIMITED,        20.50,        21.95,-6.61
L,NIP IND ETF INFRA BEES,       863.59,       922.93,-6.43
L,TIRUPATI FORGE LIMITED,        17.90,        19.05,-6.04
L,INDRAPRASTHA GAS LTD,       437.30,       462.70,-5.49
L,DUCOL ORGS AND COLOURS LT,        94.05,        99.45,-5.43
L,SEC RE NCD 9.25% SR II,       950.00,      1003.00,-5.28
L,MAAN ALUMINIUM LIMITED,       153.25,       161.70,-5.23
L,NAKODA GROUP OF IND. LTD,        53.75,        56.70,-5.2
L,SEC RE NCD 0% SR.VII,       976.01,      1028.50,-5.1
L,GENESYS INTL CORPN LTD,       613.70,       646.70,-5.1
L,MAXPOSURE LIMITED,        83.00,        87.40,-5.03
L,SEC RE NCD 9% SR.IV,      1000.55,      1053.35,-5.01
L,SDL AP 7.45% 2034,        95.00,       100.00,-5
L,GOI LOAN   7.37% 2054,        97.85,       103.00,-5
L,SURANI STEEL TUBES LTD.,       445.55,       469.00,-5
L,FELIX INDUSTRIES LTD.,       321.30,       338.20,-5
L,DC INFOTECH AND COMUN LTD,       208.55,       219.50,-4.99
L,MODI RUBBER LTD,       101.40,       106.70,-4.97
L,CHAVDA INFRA LIMITED,       138.70,       145.90,-4.93
L,MANAV INFRA PROJECTS LTD,        21.40,        22.50,-4.89
