SERIES,SYMBOL,SECURITY,RECORD_DT,BC_STRT_DT,BC_END_DT,EX_DT,ND_STRT_DT,ND_END_DT,PURPOSE
18,IBULHSGFIN,Sec Re NCD 8.70% Sr.VIII,13/05/2024, , ,13/05/2024, , ,INTEREST PAYMENT         
19,IBULHSGFIN,Sec Re NCD 9.15% Sr.VIII,13/05/2024, , ,13/05/2024, , ,INTEREST PAYMENT         
BE,SOLARA,Solara Active Pha Sci Ltd,15/05/2024, , ,15/05/2024, , ,RIGHTS 1:3 @PRM RS 365/- 
BE,GRAVITA,Gravita India Limited,14/05/2024, , ,14/05/2024, , ,INTDIV - RS 5.20 PER SH  
BE,VARDMNPOLY,Vardhman Polytex Limited,18/05/2024, , ,17/05/2024, , ,FVSPLT FRM RS 10 TO RE 1 
BE,TRIL,Transformers And Rectifie, ,11/05/2024,13/05/2024,10/05/2024, , ,AGM/DIV - RE 0.20 PER SH 
BE,COFORGE,Coforge Limited,15/05/2024, , ,15/05/2024, , ,INTDIV - RS 19 PER SH    
BE,APTUS,Aptus Value Hsg Fin I Ltd,15/05/2024, , ,15/05/2024, , ,INTDIV - RS 2.50 PER SH  
BE,GODREJCP,Godrej Cons Products Ltd ,14/05/2024, , ,14/05/2024, , ,INTDIV - RS 10 PER SH    
BE,ADORWELD,Ador Welding Limited,15/05/2024, , ,15/05/2024, , ,INTDIV-RS 18.50 PER SH   
BE,VIJIFIN,Viji Finance Limited,15/05/2024, , ,15/05/2024, , ,RGHTS 8:11@PRM RE 0.50/- 
BE,OMAXAUTO,Omax Autos Limited,14/05/2024, , ,14/05/2024, , ,INTDIV - RE 1 PER SH     
BE,CANBK,Canara Bank,15/05/2024, , ,15/05/2024, , ,FVSPLT FRM RS 10 TO RS 2 
BE,SANOFI,Aventis Pharma Limited, ,04/05/2024,14/05/2024,03/05/2024, , ,ANNUAL GENERAL MEETING   
BE,GMBREW,GM Breweries Ltd., ,10/05/2024,16/05/2024,09/05/2024, , ,AGM/DIV - RS 7 PER SH    
BE,IRB,IRB Infrastructure Develo,15/05/2024, , ,15/05/2024, , ,INTDIV - RE 0.10 PER SH  
BE,HINDZINC,Hindustan Zinc for depo,15/05/2024, , ,15/05/2024, , ,INTDIV - RS 10 PER SH    
BE,BDL,Bharat Dynamics Limited,24/05/2024, , ,24/05/2024, , ,FVSPLT FRM RS 10 TO RS 5 
BZ,GMBREW,GM Breweries Ltd., ,10/05/2024,16/05/2024,09/05/2024, , ,AGM/DIV - RS 7 PER SH    
EQ,CANBK,Canara Bank,15/05/2024, , ,15/05/2024, , ,FVSPLT FRM RS 10 TO RS 2 
EQ,SANOFI,Aventis Pharma Limited, ,04/05/2024,14/05/2024,03/05/2024, , ,ANNUAL GENERAL MEETING   
EQ,SOLARA,Solara Active Pha Sci Ltd,15/05/2024, , ,15/05/2024, , ,RIGHTS 1:3 @PRM RS 365/- 
EQ,GRAVITA,Gravita India Limited,14/05/2024, , ,14/05/2024, , ,INTDIV - RS 5.20 PER SH  
EQ,VARDMNPOLY,Vardhman Polytex Limited,18/05/2024, , ,17/05/2024, , ,FVSPLT FRM RS 10 TO RE 1 
EQ,TRIL,Transformers And Rectifie, ,11/05/2024,13/05/2024,10/05/2024, , ,AGM/DIV - RE 0.20 PER SH 
EQ,COFORGE,Coforge Limited,15/05/2024, , ,15/05/2024, , ,INTDIV - RS 19 PER SH    
EQ,APTUS,Aptus Value Hsg Fin I Ltd,15/05/2024, , ,15/05/2024, , ,INTDIV - RS 2.50 PER SH  
EQ,GODREJCP,Godrej Cons Products Ltd ,14/05/2024, , ,14/05/2024, , ,INTDIV - RS 10 PER SH    
EQ,ADORWELD,Ador Welding Limited,15/05/2024, , ,15/05/2024, , ,INTDIV-RS 18.50 PER SH   
EQ,VIJIFIN,Viji Finance Limited,15/05/2024, , ,15/05/2024, , ,RGHTS 8:11@PRM RE 0.50/- 
EQ,GMBREW,GM Breweries Ltd., ,10/05/2024,16/05/2024,09/05/2024, , ,AGM/DIV - RS 7 PER SH    
EQ,HINDZINC,Hindustan Zinc Ltd,15/05/2024, , ,15/05/2024, , ,INTDIV - RS 10 PER SH    
EQ,BDL,Bharat Dynamics Limited,24/05/2024, , ,24/05/2024, , ,FVSPLT FRM RS 10 TO RS 5 
EQ,OMAXAUTO,Omax Autos Limited,14/05/2024, , ,14/05/2024, , ,INTDIV - RE 1 PER SH     
EQ,IRB,IRB Infrastructure Develo,15/05/2024, , ,15/05/2024, , ,INTDIV - RE 0.10 PER SH  
GS,679GS2027,GOI LOAN 6.79% 2027,14/05/2024, , ,14/05/2024, , ,INTEREST PAYMENT         
GS,915GS2024,GOI LOAN 9.15% 2024,13/05/2024, , ,13/05/2024, , ,INTEREST PAYMENT         
M3,IBULHSG,Sec Re NCD 9.25% Sr II,13/05/2024, , ,13/05/2024, , ,INTEREST PAYMENT         
MD,IBULHSG,Sec Re NCD 9.25% Sr VIII,13/05/2024, , ,13/05/2024, , ,INTEREST PAYMENT         
MF,BSLIQPIIDP,BSL IIF- QP - SI -IPDP,22/05/2024, , , , , ,STP                      
MF,BSLIFQPIDG,BIRLASLAMC - BSLIFQPIDG,22/05/2024, , , , , ,STP                      
MF,BSLIQPIRDP,BSL IIF- QP - SI -RPDP,22/05/2024, , , , , ,STP                      
MF,BSLIQPIRG,BSL IIF- QP - SI -RPG,22/05/2024, , , , , ,STP                      
MG,IBULHSG,Sec Re NCD 9.71% Sr VIII,13/05/2024, , ,13/05/2024, , ,INTEREST PAYMENT         
MM,IBULHSG,Sec Re NCD 10.25% Sr XII,13/05/2024, , ,13/05/2024, , ,INTEREST PAYMENT         
MO,IBULHSGFIN,Sec Re NCD 8.20% Sr.VI,13/05/2024, , ,13/05/2024, , ,INTEREST PAYMENT         
MP,IBULHSGFIN,Sec Re NCD 8.66% Sr.VI,13/05/2024, , ,13/05/2024, , ,INTEREST PAYMENT         
MQ,IBULHSG,Sec Re NCD 9.25% Sr II,13/05/2024, , ,13/05/2024, , ,INTEREST PAYMENT         
MS,IBULHSGFIN,Sec Re NCD 8.43% Sr.VIII,13/05/2024, , ,13/05/2024, , ,INTEREST PAYMENT         
MT,IBULHSGFIN,Sec Re NCD 8.89% Sr.VIII,13/05/2024, , ,13/05/2024, , ,INTEREST PAYMENT         
MU,IBULHSG,Sec Re NCD 9.02% Sr V,13/05/2024, , ,13/05/2024, , ,INTEREST PAYMENT         
MV,IBULHSG,Sec Re NCD 9.48% Sr V,13/05/2024, , ,13/05/2024, , ,INTEREST PAYMENT         
MY,IBULHSGFIN,Sec Re NCD 8.33% Sr.III,13/05/2024, , ,13/05/2024, , ,INTEREST PAYMENT         
MZ,IBULHSG,Sec Re NCD 9.25% Sr VIII,13/05/2024, , ,13/05/2024, , ,INTEREST PAYMENT         
MZ,IBULHSGFIN,Sec Re NCD 8.70% Sr.III,13/05/2024, , ,13/05/2024, , ,INTEREST PAYMENT         
N3,IBULHSG,Sec Re NCD 9.80% Sr XII,13/05/2024, , ,13/05/2024, , ,INTEREST PAYMENT         
N4,IBULHSG,Sec Re NCD 10.25% Sr XII,13/05/2024, , ,13/05/2024, , ,INTEREST PAYMENT         
N5,IBULHSG,Sec Re NCD 9.25% Sr II,13/05/2024, , ,13/05/2024, , ,INTEREST PAYMENT         
N8,IBULHSG,Sec Re NCD 9.02% Sr V,13/05/2024, , ,13/05/2024, , ,INTEREST PAYMENT         
N9,IBULHSG,Sec Re NCD 9.48% Sr V,13/05/2024, , ,13/05/2024, , ,INTEREST PAYMENT         
NC,IBULHSG,Sec Re NCD 9.57% Sr X,13/05/2024, , ,13/05/2024, , ,INTEREST PAYMENT         
ND,IBULHSG,Sec Re NCD 10.03% Sr X,13/05/2024, , ,13/05/2024, , ,INTEREST PAYMENT         
SG,538RJ24,SDL RJ 5.38% 2024,22/05/2024, , , , , ,REDEMPTION               
SG,56HR24,SDL HR 5.6% 2024,16/05/2024, , , , , ,REDEMPTION               
U3,IBULHSG,Sec Re NCD 9.80% Sr XII,13/05/2024, , ,13/05/2024, , ,INTEREST PAYMENT         
U5,IBULHSG,Sec Re NCD 9.25% Sr II,13/05/2024, , ,13/05/2024, , ,INTEREST PAYMENT         
U8,IBULHSG,Sec Re NCD 9.02% Sr V,13/05/2024, , ,13/05/2024, , ,INTEREST PAYMENT         
U9,IBULHSG,Sec Re NCD 9.48% Sr V,13/05/2024, , ,13/05/2024, , ,INTEREST PAYMENT         
UC,IBULHSG,Sec Re NCD 9.57% Sr X,13/05/2024, , ,13/05/2024, , ,INTEREST PAYMENT         
UD,IBULHSG,Sec Re NCD 10.03% Sr X,13/05/2024, , ,13/05/2024, , ,INTEREST PAYMENT         
Y3,IBULHSG,Sec Re NCD 9.25% Sr II,13/05/2024, , ,13/05/2024, , ,INTEREST PAYMENT         
YD,IBULHSG,Sec Re NCD 9.25% Sr VIII,13/05/2024, , ,13/05/2024, , ,INTEREST PAYMENT         
YG,IBULHSG,Sec Re NCD 9.71% Sr VIII,13/05/2024, , ,13/05/2024, , ,INTEREST PAYMENT         
YM,IBULHSG,Sec Re NCD 10.25% Sr XII,13/05/2024, , ,13/05/2024, , ,INTEREST PAYMENT         
YO,IBULHSGFIN,Sec Re NCD 8.20% Sr.VI,13/05/2024, , ,13/05/2024, , ,INTEREST PAYMENT         
YP,IBULHSGFIN,Sec Re NCD 8.66% Sr.VI,13/05/2024, , ,13/05/2024, , ,INTEREST PAYMENT         
YQ,IBULHSG,Sec Re NCD 9.25% Sr II,13/05/2024, , ,13/05/2024, , ,INTEREST PAYMENT         
YS,IBULHSGFIN,Sec Re NCD 8.43% Sr.VIII,13/05/2024, , ,13/05/2024, , ,INTEREST PAYMENT         
YT,IBULHSGFIN,Sec Re NCD 8.89% Sr.VIII,13/05/2024, , ,13/05/2024, , ,INTEREST PAYMENT         
YU,IBULHSG,Sec Re NCD 9.02% Sr V,13/05/2024, , ,13/05/2024, , ,INTEREST PAYMENT         
YV,IBULHSG,Sec Re NCD 9.48% Sr V,13/05/2024, , ,13/05/2024, , ,INTEREST PAYMENT         
YY,IBULHSGFIN,Sec Re NCD 8.33% Sr.III,13/05/2024, , ,13/05/2024, , ,INTEREST PAYMENT         
YZ,IBULHSGFIN,Sec Re NCD 8.70% Sr.III,13/05/2024, , ,13/05/2024, , ,INTEREST PAYMENT         
YZ,IBULHSG,Sec Re NCD 9.25% Sr VIII,13/05/2024, , ,13/05/2024, , ,INTEREST PAYMENT         
Z4,IBULHSGFIN,Sec Red NCD Sr. II,13/05/2024, , ,13/05/2024, , ,INTEREST PAYMENT         
Z5,IBULHSGFIN,Sec Red NCD 8.75% Sr. III,13/05/2024, , ,13/05/2024, , ,INTEREST PAYMENT         
Z8,IBULHSGFIN,Sec Red NCD 8.65% Sr. V,13/05/2024, , ,13/05/2024, , ,INTEREST PAYMENT         
Z9,IBULHSGFIN,Sec Red NCD 8.85% Sr. VI,13/05/2024, , ,13/05/2024, , ,INTEREST PAYMENT         

