SYMBOL,SERIES,SECURITY,HIGH/LOW,INDEX FLAG
AGNI,SM,AGNI GREEN POWER LTD,H
AKSHAR,BE,AKSHAR SPINTEX LIMITED,H
ALANKIT,BE,ALANKIT LIMITED,H
ALPSINDUS,BE,ALPS INDUSTRIES LTD.,H
ANTGRAPHIC,BE,ANTARCTICA LTD,H
ARSHIYA,BE,ARSHIYA LIMITED,H
ASHOKAMET,BE,ASHOKA METCAST LIMITED,H
ASMS,EQ,BARTRONICS INDIA LIMITED,H
BAGFILMS,BE,B.A.G FILMS AND MEDIA LTD,H
BEARDSELL,EQ,BEARDSELL LIMITED,H
BEDMUTHA,EQ,BEDMUTHA INDUST LTD,H
BGLOBAL,BZ,BHARATIYA GLOBAL INFO LTD,H
BHARATWIRE,EQ,BHARAT WIRE ROPES LTD.,H
BINANIIND,EQ,BINANI INDUSTRIES LTD,H
BRNL,BE,BHARAT ROAD NETWORK LTD,H
CENTEXT,BE,CENTURY EXTRUSIONS LTD,H
CMICABLES,BZ,CMI LIMITED,H
CMMIPL,ST,CMM INFRAPROJECTS LIMITED,H
CORALFINAC,BE,CORAL INDIA FIN & HOUS LT,H
CORDSCABLE,EQ,CORDS CABLE INDUS LTD.,H
CREATIVEYE,EQ,CREATIVE EYE LIMITED,H
DCMFINSERV,BE,DCM FINANCIAL SERVICES LT,H
DHRUV,BE,DHRUV CONSULTANCY SER LTD,H
DOLPHIN,BE,DOLPHIN OFF ENT (IND) L,H
DRCSYSTEMS,EQ,DRC SYSTEMS INDIA LIMITED,H
DUCON,BE,DUCON INFRATECHNOLOGIES L,H
DYCL,EQ,DYNAMIC CABLES LIMITED,H
DYNAMIC,SM,DYNAMIC SRVCS & SEC LTD,H
EDUCOMP,BZ,EDUCOMP SOLUTIONS LTD,H
EIMCOELECO,BE,EIMCO ELECON (INDIA) LTD,H
EXCEL,EQ,EXCEL REALTY N INFRA LTD,H
FEL,BZ,FUTURE ENTERPRISES LTD,H
FELDVR,BE,FUTURE ENTERPRISES LTD,H
FELIX,SM,FELIX INDUSTRIES LTD.,H
FLFL,BZ,FUT LIFESTYLE FASH LTD,H
FMNL,BE,FUTURE MKT NETWORKS LTD,H
GANGAFORGE,BE,GANGA FORGING LIMITED,H
GANGOTRI,BZ,GANGOTRI TEXTILES LTD.,H
GATECH,BE,GACM TECHNOLOGIES LIMITED,H
GAYAHWS,EQ,GAYATRI HIGHWAYS LIMITED,H
GFSTEELS,BE,GRAND FOUNDRY LTD,H
GOYALALUM,BE,GOYAL ALUMINIUMS LIMITED,H
GRETEX,ST,GRETEX INDUSTRIES LTD.,H
GTL,BE,GTL LTD,H
HAVISHA,EQ,SRI HAVISHA HOSP & INFR L,H
HDIL,BZ,HOUSING DEV & INFRA LTD,H
HECPROJECT,EQ,HEC INFRA PROJECTS LTD,H
HNGSNGBEES,EQ,NIP IND ETF HANGSENG BEES,H
HYBRIDFIN,EQ,HYBRID FINANCIAL SERVICE,H
IL&FSTRANS,BZ,IL&FS TRANS NET LTD,H
IMPEXFERRO,BE,IMPEX FERRO TECH LIMITED,H
INVENTURE,BE,INVENTURE GRO & SEC LTD,H
IWEL,BE,INOX WIND ENERGY LIMITED,H
JALAN,SM,JALAN TRANSOLU. INDIA LTD,H
JHS,BE,JHS SVEND. LAB. LTD,H
JYOTISTRUC,BE,JYOTI STRUCTURES,H
KANANIIND,BE,KANANI INDUSTRIES LTD,H
KAPSTON,EQ,KAPSTON SERVICES LIMITED,H
KCEIL,SM,KAY CEE ENERGY & INFRA L,H
KEEPLEARN,EQ,DSJ KEEP LEARNING LTD,H
LANCORHOL,EQ,LANCOR HOLDINGS LIMITED,H
LASA,EQ,LASA SUPERGENERICS LTD,H
LATTEYS,BE,LATTEYS INDUSTRIES LTD,H
LCCINFOTEC,BE,LCC INFOTECH LTD,H
MALUPAPER,BE,MALU PAPER MILLS LIMITED,H
MANAKALUCO,BE,MANAK ALUMINIUM CO. LTD.,H
MANAKCOAT,BE,MAN COAT METAL & IND LTD,H
MANAKSTEEL,BE,MANAKSIA STEELS LTD,H
MANINDS,EQ,MAN INDUSTRIES (I) LTD.,H
MANORAMA,BE,MANORAMA INDUSTRIES LTD,H
MARINE,EQ,MARINE ELECTRICAL (I) LTD,H
MBECL,EQ,MCNALLY BH. ENG. CO.LTD,H
MDL,SM,MARVEL DECOR LIMITED,H
MEGAFLEX,SM,MEGA FLEX PLASTICS LTD,H
MEGASOFT,EQ,MEGASOFT LTD,H
MELSTAR,BZ,MELSTAR INFORMATION TECH,H
MIRCELECTR,EQ,MIRC ELECTRONICS LTD,H
MITCON,EQ,MITCON CON & ENG SER LTD,H
MITTAL,BE,MITTAL LIFE STYLE LIMITED,H
MKPL,BE,M K PROTEINS LIMITED,H
MRO-TEK,EQ,MRO-TEK REALTY LIMITED,H
NARMADA,BE,NARMADA AGROBASE LIMITED,H
NETWEB,EQ,NETWEB TECH INDIA LTD,H
NKIND,EQ,NK INDUSTRIES LTD,H
NOIDATOLL,BE,NOIDA TOLL BRIDGE CO LTD,H
ORIANA,SM,ORIANA POWER LIMITED,H
ORIENTALTL,BE,ORIENTAL TRIMEX LTD,H
ORIENTCER,EQ,ORIENT CERATECH LIMITED,H
ORTEL,BZ,ORTEL COMMUNICATIONS LTD,H
OWAIS,SM,OWAIS METAL & MINERAL,H
PARSVNATH,EQ,PARSVNATH DEVELOPER LTD,H
PILITA,BE,PIL ITALICA LIFESTYLE LTD,H
PRAKASHSTL,BE,PRAKASH STEELAGE LTD,H
PRAMARA,SM,PRAMARA PROMOTIONS LTD,H
PRATHAM,SM,PRATHAM EPC PROJECTS LTD,H
PRAXIS,BE,PRAXIS HOME RETAIL LTD,H
PRUDMOULI,BE,PRUDENTIAL SUGAR CORPORAT,H
PULZ,SM,PULZ ELECTRONICS LIMITED,H
QUINTEGRA,BE,QUINTEGRA SOLUTIONS LTD.,H
RADAAN,EQ,RADAAN MEDIAWORKS (I) LTD,H
RAJTV,BE,RAJ TV NETWORK LTD,H
RVHL,BE,RAVINDER HEIGHTS LIMITED,H
SALSTEEL,BE,S.A.L. STEEL LTD.,H
SAMBHAAV,BE,SAMBHAAV MEDIA LTD,H
SANCO,BZ,SANCO INDUSTRIES LIMITED,H
SANGINITA,BE,SANGINITA CHEMICALS LTD,H
SANWARIA,BZ,SANWARIA CONSUMER LIMITED,H
SERVOTECH,EQ,SERVOTECH POWER SYS LTD.,H
SETCO,BE,SETCO AUTOMOTIVE LTD,H
SETUINFRA,BZ,SETUBANDHAN INFRA LTD,H
SHAKTIPUMP,EQ,SHAKTI PUMPS (I) LTD,H
SHREERAMA,BE,SHREE RAMA MULTI TECH LTD,H
SHRENIK,EQ,SHRENIK LIMITED,H
SITINET,BE,SITI NETWORKS LIMITED,H
SKIL,BE,SKIL INFRASTRUCTURE LTD.,H
SMARTLINK,EQ,SMARTLINK HOLDINGS LTD,H
SMLT,BE,SARTHAK METALS LIMITED,H
SOLEX,SM,SOLEX ENERGY LIMITED,H
SPRL,ST,SP REFRACTORIES LIMITED,H
SUMEETINDS,BE,SUMEET IND LIMITED,H
SUPREMEENG,EQ,SUPREME ENGINEERING LTD,H
SUPREMEINF,BZ,SUPREME INFRA. LTD,H
SUPREMEPWR,SM,SUPREME POWER EQUIPMENT L,H
SURANAT&P,BE,SURANA TELECOM AND POW LT,H
TARMAT,BE,TARMAT LIMITED,H
TCIFINANCE,BE,TCIFINANCELTD-ROLL SETT,H
TECHLABS,SM,TRIDENT TECHLABS LIMITED,H
TIL,BZ,TIL LTD,H
TVVISION,BE,TV VISION LIMITED,H
UEL,BE,UJAAS ENERGY LIMITED,H
UNIINFO,BE,UNIINFO TELECOM SERVI LTD,H
UNIVAFOODS,BE,UNIVA FOODS LIMITED,H
VARDMNPOLY,EQ,VARDHMAN POLYTEX LTD.,H
VHLTD,BE,VICEROY HOTELS LIMITED,H
VIJIFIN,BE,VIJI FINANCE LIMITED,H
VINNY,EQ,VINNY OVERSEAS LIMITED,H
VIVIDHA,BE,VISAGAR POLYTEX LTD,H
VLEGOV,BE,VL E GOV AND IT SOL LTD,H
VMARCIND,SM,V MARC INDIA LIMITED,H
WALCHANNAG,EQ,WALCHANDNAGAR INDUSTRIES,H
WINSOME,BE,WINSOME YARNS LIMITED,H
WIPL,EQ,THE WESTERN INDIA PLY LTD,H
WOMANCART,SM,WOMANCART LIMITED,H
ZEELEARN,BE,ZEE LEARN LIMITED,H
601GS2028,GS,GOI LOAN 6.01% 2028,L
AAATECH,BE,AAA TECHNOLOGIES LIMITED,L
AILIMITED,SM,ABHISHEK INTEGRATIONS LTD,L
ALPEXSOLAR,SM,ALPEX SOLAR LIMITED,L
ALPSINDUS,BE,ALPS INDUSTRIES LTD.,L
AMBANIORG,SM,AMBANI ORGANICS LIMITED,L
ANKITMETAL,BE,ANKIT MET & POW LTD,L
ANSALAPI,BZ,ANSAL PROP & INFRA LTD,L
ANTGRAPHIC,BE,ANTARCTICA LTD,L
APS,SM,AUSTRALIAN PREM SOLAR I L,L
ARHAM,ST,ARHAM TECHNOLOGIES LTD,L
ARSHIYA,BE,ARSHIYA LIMITED,L
ASCOM,ST,ASCOM LEASIN & INVEST LTD,L
ASMS,EQ,BARTRONICS INDIA LIMITED,L
ASTRON,BE,ASTRON PAPER BORD MIL LTD,L
ATMASTCO,SM,ATMASTCO LIMITED,L
BAFNAPH,BE,BAFNA PHARMACEUTICALS LTD,L
BAHETI,SM,BAHETI RECYCLING IND LTD,L
BANKA,BE,BANKA BIOLOO LIMITED,L
BCG,BZ,BRIGHTCOM GROUP LIMITED,L
BCONCEPTS,EQ,BRAND CONCEPTS LIMITED,L
BGLOBAL,BZ,BHARATIYA GLOBAL INFO LTD,L
BIRLAMONEY,EQ,ADITYA BIRLA MONEY LTD,L
BMETRICS,SM,BOMBAY METRICS S C LTD,L
BRIGHT,SM,BRIGHT SOLAR LIMITED,L
BRNL,BE,BHARAT ROAD NETWORK LTD,L
CADSYS,ST,CADSYS (INDIA) LIMITED,L
CALSOFT,BE,CALIFORNIA SOFTWARE CO LT,L
CANARYS,SM,CANARYS AUTOMATIONS LTD,L
CELLECOR,SM,CELLECOR GADGETS LIMITED,L
CGRAPHICS,SM,CREATIVE GRAPHICS S IND L,L
CLOUD,SM,VARANIUM CLOUD LIMITED,L
CMMIPL,ST,CMM INFRAPROJECTS LIMITED,L
CMNL,SM,CHAMAN METALLICS LIMITED,L
COMPINFO,BZ,COMPUAGE INFOCOM LTD,L
CPS,ST,C P S SHAPERS LIMITED,L
CREATIVEYE,EQ,CREATIVE EYE LIMITED,L
DGCONTENT,BE,DIGICONTENT LIMITED,L
DIGIDRIVE,BE,DIGIDRIVE DISTRIBUTORS L,L
DRONE,SM,DRONE DESTINATION LIMITED,L
DYNAMIC,SM,DYNAMIC SRVCS & SEC LTD,L
E2E,BE,E2E NETWORKS LIMITED,L
FCONSUMER,EQ,FUTURE CONSUMER LIMITED,L
FCSSOFT,EQ,FCS SOFTWARE SOLN. LTD.,L
FEL,BZ,FUTURE ENTERPRISES LTD,L
FELDVR,BE,FUTURE ENTERPRISES LTD,L
FLFL,BZ,FUT LIFESTYLE FASH LTD,L
FMNL,BE,FUTURE MKT NETWORKS LTD,L
FRETAIL,BZ,FUTURE RETAIL LIMITED,L
FSC,BZ,FUTURE SUPP CHAIN SOL LTD,L
GANGOTRI,BZ,GANGOTRI TEXTILES LTD.,L
GAYAPROJ,BZ,GAYATRI PROJECTS LTD,L
GLFL,BE,GUJARAT LEASE FINANCING L,L
GLOBE,EQ,GLOBE TEXTILES (I) LTD.,L
GODHA,EQ,GODHA CABCON INSULAT LTD,L
GOENKA,BZ,GOENKA DIAMOND&JEWELS LTD,L
GOLDENTOBC,BZ,GOLDEN TOBACCO LIMITED,L
GSS,EQ,GSS INFOTECH LIMITED,L
GTLINFRA,EQ,GTL INFRA.LTD,L
GUJRAFFIA,EQ,GUJARAT RAFFIA INDUST LTD,L
GVKPIL,EQ,GVK POW. & INFRA LTD.,L
HDIL,BZ,HOUSING DEV & INFRA LTD,L
HEADSUP,BE,HEADS UP VENTURES LIMITED,L
HINDMOTORS,EQ,HINDUSTAN MOTORS LIMITED,L
HINDNATGLS,BE,HIND NATL GLASS & IND LTD,L
ICDSLTD,BE,ICDSLTD,L
IITL,EQ,INDUSTRIAL INV TRUST LTD,L
IL&FSENGG,BZ,IL&FS ENG AND CONS CO LTD,L
INCREDIBLE,EQ,INCREDIBLE INDUSTRIES LTD,L
INDOTECH,BE,INDO TECH TRANSFORM LTD.,L
INDOTHAI,EQ,INDO THAI SEC LTD,L
INFOMEDIA,BE,INFOMEDIA PRESS LIMITED,L
INSPIRISYS,BE,INSPIRISYS SOLUTIONS LTD,L
IRIS,EQ,IRIS BUSINESS SERV LTD,L
ISHAN,SM,ISHAN INTERNATIONAL LTD,L
JAIBALAJI,BE,JAI BALAJI INDUSTRIES LTD,L
JITFINFRA,BE,JITF INFRALOGISTICS LTD,L
KARNIKA,SM,KARNIKA INDUSTRIES LTD,L
KAVVERITEL,EQ,KAVVERI TEL. LTD.,L
KCK,SM,KCK INDUSTRIES LTD,L
KDL,SM,KORE DIGITAL LIMITED,L
KERNEX,EQ,KERNEX MICROSYS(I) LTD,L
KEYFINSERV,BE,KEYNOTE FIN SERV LTD.,L
KONSTELEC,SM,KONSTELEC ENGINEERS LTD,L
KPIGREEN,EQ,KPI GREEN ENERGY LIMITED,L
KRIDHANINF,BE,KRIDHAN INFRA LIMITED,L
KSHITIJPOL,BE,KSHITIJ POLYLINE LIMITED,L
LAL,EQ,LORENZINI APPARELS LTD,L
LATTEYS,BE,LATTEYS INDUSTRIES LTD,L
LLOYDS,SM,LLOYDS LUXURIES LIMITED,L
MADHUCON,BE,MADHUCON PROJECTS LTD.,L
MADHUSUDAN,SM,MADHUSUDAN MASALA LIMITED,L
MAITREYA,SM,MAITREYA MEDICARE LIMITED,L
MAXIND,EQ,MAX INDIA LIMITED,L
MCLEODRUSS,BE,MCLEOD RUSSEL INDIA LTD.,L
MEDICO,BE,MEDICO REMEDIES LIMITED,L
MEP,BE,MEP INFRA. DEVELOPERS LTD,L
MODISONLTD,BE,MODISON LIMITED,L
MODTHREAD,BE,MODERN THREADS INDIA LTD,L
MOKSH,BE,MOKSH ORNAMENTS LIMITED,L
MONOPHARMA,SM,MONO PHARMACARE LIMITED,L
MORARJEE,BE,MORARJEE TEXTILES LIMITED,L
MTEDUCARE,BE,MT EDUCARE LTD,L
NTL,BE,NEUEON TOWERS LIMITED,L
OILCOUNTUB,BE,OIL COUNTRY TUBULAR LTD.,L
PANSARI,EQ,PANSARI DEVELOPERS LTD,L
PERFECT,SM,PERFECT INFRAENGINEER LTD,L
PFS,EQ,PTC INDIA FIN SERV LTD,L
PILITA,BE,PIL ITALICA LIFESTYLE LTD,L
PRAXIS,BE,PRAXIS HOME RETAIL LTD,L
PREMIER,BE,PREMIER LIMITED,L
PRITIKAUTO,BE,PRITIKA AUTO INDUS LTD,L
PRUDMOULI,BE,PRUDENTIAL SUGAR CORPORAT,L
PVP,EQ,PVP VENTURES LIMITED,L
RAJMET,BE,RAJNANDINI METAL LIMITED,L
RAJRILTD,BE,RAJ RAYON INDUSTRIES LTD,L
RBMINFRA,SM,RBM INFRACON LIMITED,L
RCOM,BE,RELIANCE COMMUNICATIONS L,L
RKDL,EQ,RAVI KUMAR DIST. LTD.,L
RMDRIP,SM,R M DRIP & SPRINK SYS LTD,L
ROLTA,BZ,ROLTA INDIA LTD,L
ROML,BE,RAJ OIL MILLS LIMITED,L
RVHL,BE,RAVINDER HEIGHTS LIMITED,L
SABAR,SM,SABAR FLEX INDIA LIMITED,L
SABEVENTS,BE,SAB EVENTS & GOVERNANCE,L
SAMPANN,BE,SAMPANN UTPADAN INDIA LTD,L
SECURKLOUD,BE,SECUREKLOUD TECH LIMITED,L
SEL,SM,SUNGARNER ENERGIES LTD,L
SEMAC,BE,SEMAC CONSULTANTS LIMITED,L
SETUINFRA,BZ,SETUBANDHAN INFRA LTD,L
SHANTI,BE,SHANTI OVERSEAS INDIA LTD,L
SITINET,BE,SITI NETWORKS LIMITED,L
SKIL,BE,SKIL INFRASTRUCTURE LTD.,L
SKYGOLD,BE,SKY GOLD LIMITED,L
SLONE,ST,SLONE INFOSYSTEMS LIMITED,L
SOMICONVEY,BE,SOMI CONVEYOR BELT. LTD.,L
SPTL,BZ,SINTEX PLASTICS TECH LTD,L
SRPL,BE,SHREE RAM PROTEINS LTD.,L
SSFL,SM,SRIVARI SPICES N FOODS L,L
SUPREMEENG,EQ,SUPREME ENGINEERING LTD,L
SUPREMEINF,BZ,SUPREME INFRA. LTD,L
SURANASOL,BE,SURANA SOLAR LIMITED,L
SURANI,SM,SURANI STEEL TUBES LTD.,L
SUULD,EQ,SUUMAYA INDUSTRIES LTD,L
SUVIDHAA,EQ,SUVIDHAA INFOSERVE LTD,L
SUZLON,BE,SUZLON ENERGY LIMITED,L
SWELECTES,EQ,SWELECT ENERGY SYS LTD,L
SWSOLAR,EQ,STRLNG & WIL REN ENE LTD,L
TAC,SM,TAC INFOSEC LIMITED,L
TAPIFRUIT,SM,TAPI FRUIT PROCESSING LTD,L
TARACHAND,BE,TARA CHAND INFRA SOLN LTD,L
TFL,BE,TRANSWARRANTY FIN. LTD.,L
TGL,SM,TEERTH GOPICON LIMITED,L
THEINVEST,EQ,THE INVEST TRUST OF IND L,L
TIL,BZ,TIL LTD,L
TIRUPATIFL,EQ,TIRUPATI FORGE LIMITED,L
TOUCHWOOD,EQ,TOUCHWOOD ENTERTAIN LTD.,L
TRIL,EQ,TRANS & RECTI. LTD,L
TRUST,SM,TRUST FINTECH LIMITED,L
TVVISION,BE,TV VISION LIMITED,L
UNIINFO,BE,UNIINFO TELECOM SERVI LTD,L
URBAN,SM,URBAN ENVIRO WASTE MGMT L,L
VASWANI,BE,VASWANI IND LTD,L
VCL,BE,VAXTEX COTFAB LIMITED,L
VISASTEEL,BE,VISA STEEL LIMITED,L
VIVIANA,SM,VIVIANA POWER TECH LTD,L
WALPAR,SM,WALPAR NUTRITIONS LIMITED,L
WEBELSOLAR,BE,WEBSOL ENERGY SYSTEM LTD,L
WEL,BE,WONDER ELECTRICALS LTD,L
WINSOME,BE,WINSOME YARNS LIMITED,L
ZEELEARN,BE,ZEE LEARN LIMITED,L
