GAIN_LOSS,SECURITY,CLOSE_PRIC,PREV_CL_PR,PERCENT_CG
 ,Nifty 50 Sec., , , 
 , , , , 
G,CIPLA LTD,      1414.65,      1339.55,5.61
G,ASIAN PAINTS LIMITED,      2879.25,      2771.25,3.9
G,ADANI PORT & SEZ LTD,      1306.40,      1266.75,3.13
G,DIVI S LABORATORIES LTD,      3911.50,      3793.50,3.11
G,ADANI ENTERPRISES LIMITED,      2879.60,      2797.25,2.94
G,HDFC LIFE INS CO LTD,       559.65,       548.55,2.02
G,TATA CONSULTANCY SERV LT,      3947.80,      3893.90,1.38
G,HINDALCO  INDUSTRIES  LTD,       633.50,       625.60,1.26
G,BRITANNIA INDUSTRIES LTD,      5130.55,      5066.80,1.26
G,SUN PHARMACEUTICAL IND L,      1525.05,      1506.55,1.23
G,HDFC BANK LTD,      1455.25,      1437.90,1.21
G,AXIS BANK LIMITED,      1132.00,      1120.10,1.06
G,TATA STEEL LIMITED,       163.85,       162.25,.99
G,ICICI BANK LTD.,      1128.00,      1117.05,.98
G,POWER GRID CORP. LTD.,       306.55,       303.75,.92
G,JSW STEEL LIMITED,       860.60,       853.60,.82
G,KOTAK MAHINDRA BANK LTD,      1641.20,      1627.95,.81
G,LARSEN & TOUBRO LTD.,      3293.85,      3271.45,.68
G,ULTRATECH CEMENT LIMITED,      9551.50,      9491.70,.63
G,TATA CONSUMER PRODUCT LTD,      1096.95,      1090.95,.55
G,BAJAJ FINANCE LIMITED,      6718.75,      6684.15,.52
G,BAJAJ FINSERV LTD.,      1580.55,      1572.70,.5
G,GRASIM INDUSTRIES LTD,      2385.20,      2377.15,.34
G,HERO MOTOCORP LIMITED,      4885.55,      4877.40,.17
G,BAJAJ AUTO LIMITED,      8992.30,      8981.80,.12
G,WIPRO LTD,       451.95,       451.85,.02
 , , , , 
L,TATA MOTORS LIMITED,       959.75,      1046.65,-8.3
L,BHARAT PETROLEUM CORP  LT,       606.90,       618.65,-1.9
L,SHRIRAM FINANCE LIMITED,      2301.80,      2344.35,-1.82
L,NTPC LTD,       350.90,       355.50,-1.29
L,OIL AND NATURAL GAS CORP.,       266.90,       270.25,-1.24
L,COAL INDIA LTD,       444.00,       449.40,-1.2
L,BHARTI AIRTEL LIMITED,      1285.95,      1301.15,-1.17
L,TITAN COMPANY LIMITED,      3253.65,      3289.85,-1.1
L,STATE BANK OF INDIA,       808.80,       817.35,-1.05
L,NESTLE INDIA LIMITED,      2516.25,      2533.20,-0.67
L,SBI LIFE INSURANCE CO LTD,      1425.10,      1431.95,-0.48
L,MAHINDRA & MAHINDRA LTD,      2184.25,      2193.05,-0.4
L,INDUSIND BANK LIMITED,      1404.55,      1410.15,-0.4
L,ITC LTD,       431.85,       433.35,-0.35
L,RELIANCE INDUSTRIES LTD,      2805.40,      2814.85,-0.34
L,LTIMINDTREE LIMITED,      4593.55,      4607.65,-0.31
L,HCL TECHNOLOGIES LTD,      1312.90,      1316.20,-0.25
L,APOLLO HOSPITALS ENTER. L,      5830.15,      5842.45,-0.21
L,DR. REDDY S LABORATORIES,      5908.55,      5921.00,-0.21
L,TECH MAHINDRA LIMITED,      1262.05,      1264.40,-0.19
L,INFOSYS LIMITED,      1423.45,      1424.90,-0.1
L,HINDUSTAN UNILEVER LTD.,      2360.65,      2362.55,-0.08
L,MARUTI SUZUKI INDIA LTD.,     12673.85,     12675.50,-0.01
L,EICHER MOTORS LTD,      4657.45,      4657.85,-0.01
 , , , , 
 ,Nifty Next 50 Sec., , , 
 , , , , 
G,ABB INDIA LIMITED,      7984.25,      7178.35,11.23
G,SIEMENS LTD,      6620.10,      6168.15,7.33
G,COLGATE PALMOLIVE LTD.,      2859.35,      2800.15,2.11
G,BANK OF BARODA,       259.05,       254.85,1.65
G,PIDILITE INDUSTRIES LTD,      2965.85,      2919.95,1.57
G,INTERGLOBE AVIATION LTD,      4082.00,      4019.20,1.56
G,DLF LIMITED,       838.75,       825.85,1.56
G,ICICI LOMBARD GIC LIMITED,      1684.15,      1661.50,1.36
G,GODREJ CONSUMER PRODUCTS,      1338.30,      1320.95,1.31
G,SHREE CEMENT LIMITED,     25992.50,     25661.25,1.29
G,HINDUSTAN AERONAUTICS LTD,      3921.75,      3872.90,1.26
G,MARICO LIMITED,       594.55,       587.15,1.26
G,BOSCH LIMITED,     30797.80,     30431.95,1.2
G,BERGER PAINTS (I) LTD,       495.75,       490.25,1.12
G,AMBUJA CEMENTS LTD,       588.20,       581.80,1.1
G,ZYDUS LIFESCIENCES LTD,       992.50,       982.15,1.05
G,VARUN BEVERAGES LIMITED,      1477.30,      1463.30,0.96
G,JINDAL STEEL & POWER LTD,       939.45,       930.55,0.96
G,ICICI PRU LIFE INS CO LTD,       597.30,       591.75,0.94
G,HAVELLS INDIA LIMITED,      1702.40,      1686.75,0.93
G,REC LIMITED,       518.15,       513.85,0.84
G,VEDANTA LIMITED,       414.05,       410.70,0.82
G,CHOLAMANDALAM IN & FIN CO,      1282.60,      1272.65,0.78
G,INFO EDGE (I) LTD,      6057.00,      6027.40,0.49
G,TVS MOTOR COMPANY  LTD,      2068.60,      2063.55,0.24
G,CANARA BANK,       549.35,       548.15,0.22
G,GAIL (INDIA) LTD,       192.95,       192.55,0.21
G,TORRENT PHARMACEUTICALS L,      2604.60,      2599.90,0.18
G,ADANI ENERGY SOLUTION LTD,       991.05,       990.55,0.05
G,SBI CARDS & PAY SER LTD,       720.75,       720.40,0.05
 , , , , 
L,ZOMATO LIMITED,       194.30,       201.30,-3.48
L,SRF LTD,      2226.50,      2278.05,-2.26
L,AVENUE SUPERMARTS LIMITED,      4693.70,      4796.80,-2.15
L,LIFE INSURA CORP OF INDIA,       891.70,       910.95,-2.11
L,SAMVRDHNA MTHRSN INTL LTD,       125.05,       127.60,-2
L,JIO FIN SERVICES LTD,       341.35,       347.85,-1.87
L,INDIAN RAILWAY FIN CORP L,       145.90,       148.05,-1.45
L,ADANI POWER LTD,       594.90,       603.10,-1.36
L,UNITED SPIRITS LIMITED,      1189.75,      1202.40,-1.05
L,BHARAT ELECTRONICS LTD,       224.75,       227.10,-1.03
L,TATA POWER CO LTD,       411.75,       414.85,-0.75
L,PUNJAB NATIONAL BANK,       123.10,       123.90,-0.65
L,ADANI TOTAL GAS LIMITED,       861.85,       867.05,-0.6
L,INDIAN RAIL TOUR CORP LTD,       990.15,       995.55,-0.54
L,INDIAN OIL CORP LTD,       158.20,       158.95,-0.47
L,BAJAJ HOLDINGS & INVS LTD,      8405.75,      8431.55,-0.31
L,POWER FIN CORP LTD.,       416.50,       417.65,-0.28
L,TRENT LTD,      4465.70,      4471.40,-0.13
L,DABUR INDIA LTD,       550.25,       550.80,-0.1
 , , , , 
 ,OTHER SECURITIES, , , 
 , , , , 
G,DYNAMIC CABLES LIMITED,       522.95,       435.80,20
G,SMARTLINK HOLDINGS LTD,       299.45,       249.55,20
G,MRO-TEK REALTY LIMITED,        90.70,        75.60,19.97
G,BOND 8.37% TAX FREE S3A,      8515.00,      7100.00,19.93
G,BEML LIMITED,      3676.45,      3210.05,14.53
G,D-LINK INDIA LTD,       387.50,       341.05,13.62
G,SHEETAL COOL PRODUCTS LTD,       483.90,       426.65,13.42
G,ADDICTIVE LEARNING TECH L,       314.40,       279.00,12.69
G,ESAB INDIA LTD,      5628.45,      5058.50,11.27
G,ARIHANT ACADEMY LIMITED,       140.00,       127.00,10.24
G,HINDUSTAN ZINC LIMITED,       579.10,       525.50,10.2
G,CORDS CABLE INDUS LTD.,       194.75,       177.05,10
G,KAPSTON SERVICES LIMITED,       333.40,       303.10,10
G,PULZ ELECTRONICS LIMITED,       131.10,       119.25,9.94
G,MITCON CON & ENG SER LTD,       134.05,       122.05,9.83
G,ASHIMA LTD,        22.95,        20.95,9.55
G,SUPREME POWER EQUIPMENT L,       168.25,       153.70,9.47
G,SHAILY ENG PLASTICS LTD,       660.20,       605.55,9.02
G,SEC RE NCD 10.25% SR.IV,       953.00,       875.00,8.91
G,DRC SYSTEMS INDIA LIMITED,        19.00,        17.50,8.57
G,SHANTHALA FMCG PRODUCTS L,        80.15,        74.00,8.31
G,BEARDSELL LIMITED,        42.65,        39.45,8.11
G,HITACHI ENERGY INDIA LTD,      9440.95,      8761.40,7.76
G,SEC RE NCD 9.85% SR.VIII,       926.25,       861.00,7.58
G,ALBERT DAVID LIMITED,      1201.95,      1120.00,7.32
G,SHARDA CROPCHEM LTD.,       387.30,       361.05,7.27
G,SPENCER S RETAIL LIMITED,        98.20,        91.55,7.26
G,INDIA TOUR. DEV. CO. LTD.,       658.40,       614.10,7.21
G,TEJAS NETWORKS LIMITED,      1199.85,      1119.45,7.18
G,VARDHMAN SPC STEEL LTD,       298.05,       278.65,6.96
 , , , , 
L,SYRMA SGS TECHNOLOGY LTD,       392.45,       472.95,-17.02
L,AARTI SURFACTANTS LIMITED,       210.00,       250.00,-16
L,SEC RE NCD 10.15% SR VII,       825.45,       980.00,-15.77
L,NEULAND LAB LTD.,      6061.05,      7139.70,-15.11
L,BANK OF INDIA,       124.60,       138.75,-10.2
L,KONSTELEC ENGINEERS LTD,       268.00,       297.75,-9.99
L,VARANIUM CLOUD LIMITED,        37.85,        42.05,-9.99
L,SAVITA OIL TECHNOLO. LTD,       504.80,       559.60,-9.79
L,TRUST FINTECH LIMITED,       255.00,       282.25,-9.65
L,CREATIVE GRAPHICS S IND L,       248.80,       272.70,-8.76
L,TATA MOTORS DVR  A  ORD,       645.60,       706.50,-8.62
L,DANGEE DUMS LIMITED,         8.05,         8.80,-8.52
L,WEALTH FRST PORT. MG. LTD,       769.20,       838.10,-8.22
L,TCI EXPRESS LIMITED,      1009.75,      1099.95,-8.2
L,SEC RE NCD SR III,       920.10,       999.90,-7.98
L,TIRUPATI FORGE LIMITED,        17.50,        19.00,-7.89
L,BALKRISHNA PAPER MILLS L,        21.60,        23.35,-7.49
L,BAHETI RECYCLING IND LTD,       245.75,       265.40,-7.4
L,RAMKY INFRA LTD,       468.05,       505.30,-7.37
L,FILATEX FASHIONS LIMITED,        12.05,        13.00,-7.31
L,PENTAGON RUBBER LIMITED,       116.75,       125.85,-7.23
L,MADHUSUDAN MASALA LIMITED,       154.15,       166.00,-7.14
L,FROG CELLSAT LIMITED,       212.85,       228.85,-6.99
L,OMFURN INDIA LIMITED,        73.50,        79.00,-6.96
L,CAPITAL SMALL FIN BANK L,       346.50,       371.60,-6.75
L,RELIANCE CHEMOTEX IND LTD,       199.15,       212.85,-6.44
L,AVP INFRACON LIMITED,        87.30,        93.30,-6.43
L,BIRLA CABLE LIMITED,       237.80,       253.90,-6.34
L,BOMBAY METRICS S C LTD,       138.70,       148.05,-6.32
L,THE P K TEA PROD CO LTD,       307.50,       328.00,-6.25
