SECURITY,NEW,PREVIOUS,NEW_STATUS
SMC GLOBAL SECURITIES LTD,178.9,171.35,H
GRAND FOUNDRY LTD,9.05,8.65,H
DOLPHIN OFF ENT (IND) L,674.35,642.25,H
GOI TBILL 182D-29/08/24,98,97.9,H
GOI TBILL 364D-23/05/24,99.8,99.6,H
SEC RE NCD 10.25% SR.IV,955,939,H
UNS RED NCD 9.15% SR.IX,990,980,H
CADSYS (INDIA) LIMITED,424.45,414.2,H
SEC RE NCD SR.VI,1000.98,1000.3,H
SIDDHIKA COATINGS LIMITED,242.8,242,H
CG POWER AND IND SOL LTD,601,585,H
EDELAMC - EBBETF0425,1243.55,1239.6,H
2.50%GOLDBONDS2031SR-I,7440,7339,H
2.50%GOLDBONDS2031SR-IV,7465.37,7349,H
TVS HOLDINGS LIMITED,10745,10479.9,H
UNIVA FOODS LIMITED,7.25,6.95,H
JUPITER WAGONS LIMITED,507,497.9,H
NETWEB TECH INDIA LTD,2058.2,2050,H
SIMPLEX INFRASTRUCTURES L,131.45,124.55,H
GOI TBILL 182D-22/08/24,98,97.85,H
GRETEX INDUSTRIES LTD.,105.1,100.1,H
DSJ KEEP LEARNING LTD,6.05,5.8,H
8.20 NCD05MAR27 FV 1000,1107,1093.5,H
TAX FREE  7.53% SR. 103 A,1154.9,1154.89,H
TAX FREE7.60% SR.IIB,1130,1129.9,H
CUMMINS INDIA LTD,3527.9,3478.4,H
D-LINK INDIA LTD,404.45,364.95,H
KAPSTON SERVICES LIMITED,333.4,319.8,H
TARAPUR TRANSFORMERS LTD,12.55,12.35,H
NATIONAL HIGHW INFRA TRUS,127,126.75,H
GOI TBILL 182D-19/09/24,97.48,97.35,H
SEC RE NCD 8.50% SR.III,1066.1,1063.85,H
9.90 % SRNCD SR VI,1037,1035.99,H
SEC RED NCD 8.40% SR.V,1036.8,1034.1,H
SEC RE NCD 8% SR I,1025,1019.57,H
ABB INDIA LIMITED,8188.95,7218,H
KIRLOSKAR ELECTRIC CO LTD,189,185.7,H
TRIDENT TECHLABS LIMITED,395.35,387.05,H
2.50%GOLDBONDS2031SR-II,7400,7379,H
GOI TBILL 91D-04/07/24,99.43,99.2,H
SEC RE NCD 9% SR.V,1054,1043.45,H
TAXFREE SEC NCD TR1 S2,1104.99,1100,H
UNSERENCD9.1%SRIIICIII&IV,1089.8,1086.99,H
UJAAS ENERGY LIMITED,41.75,39.8,H
ESCORTS KUBOTA LIMITED,3619,3582,H
SDL GJ 7.66% 2030,102,100.05,H
SHEKHAWATI POLY-YARN LTD.,2.95,2.9,H
S J LOGISTICS (INDIA) LTD,450,437,H
GOI TBILL 91D-30/05/24,99.79,99.56,H
SEC RE NCD 7.97% SR.VI,1023.9,1000,H
SEC RE NCD 8.5% SR.I,1001,1000,H
SEC RE NCD 9.05% SR II,1035,1033,H
TAX FREE  7.28% SR. 103,1150,1149,H
SEC RE NCD 0% SR.IV,1055,1054.8,H
SERENCD 8.70% SR.VII OPII,1025,1000,H
SIEMENS LTD,6666,6337,H
TEJAS NETWORKS LIMITED,1219,1183.35,H
2.50%GOLDBONDS2029SR-VIII,7490,7400,H
ORIANA POWER LIMITED,2451.55,2334.85,H
ROLLATAINERS LIMITED,3.15,3.1,H
DIAMOND POWER INFRA LTD,925.45,907.35,H
ICICI PRUDENTIAL GOLD ETF,65.85,65.27,H
GOI TBILL 182D-27/06/24,98.99,98.9,H
SEC RE NCD 9.75% SR. I,1000,996,H
DSPAMC - LIQUIDADD,1009.27,1009.1,H
VICEROY HOTELS LIMITED,67.4,64.2,H
TARA CHAND INFRA SOLN LTD,455,441.65,H
SEC RE NCD 9.85% SR.VIII,950,921.79,H
HAVELLS INDIA LIMITED,1714.9,1706.85,H
SHAKTI PUMPS (I) LTD,2281.95,1604.3,H
SMARTLINK HOLDINGS LTD,299.45,259.55,H
ZOMATO LIMITED,207.2,205,H
POLYCAB INDIA LIMITED,6468.9,6362.95,H
EDELAMC - ESILVER,87.93,87,H
GOI TBILL 364D-20/06/24,99.55,98.35,H
GOI TBILL 182D-06/06/24,99.55,99.35,H
SEC RE NCD 10.03% SR 5,1000,999.95,H
UNSEC RED NCD 10.0% SR. V,1000,996.81,H
SEC RED NCD 9.03% SR. II,1030,1021,H
SERENCD8.50%SR.IICIII&IV,1058,1057.8,H
SERENCD8.65%SR.IIICIII&IV,1069.5,1068.99,H
MACPOWER CNC MACHINES LTD,1409,529.55,H
2.50%GOLDBONDS2030SR-IX,7453.06,7300,H
2.50%GOLDBONDS2025SR-XIII,7419,7374,H
NIPPONAMC - NETFAUTO,233.99,233.4,H
NIPPONAMC - NETFSILVER,83.5,83.08,H
GOI TBILL 364D-05/12/24,96,95.68,H
GOI TBILL 364D-16/05/24,99.98,99.97,H
GOI TBILL 91D-12/07/24,98.79,98.65,H
SEC RE NCD 8.25% SR.I,1008,1003.98,H
VIPUL LIMITED,39.4,38.65,H
SRI ADHIKARI BRO TELE N L,126.6,124.15,H
7.64% TAX FREETRI SR2B,1147.5,1145,H
LORENZINI APPARELS LTD,21.95,103.55,L
GAYATRI PROJECTS LTD,5.2,5.4,L
RADIOWALLA NETWORK LTD,108.05,108.15,L
L&T FINANCE LIMITED,150.75,153.45,L
NET AVENUE TECHNOLOGIES L,17.95,18,L
BRIGHTCOM GROUP LIMITED,12.2,12.6,L
NOVA AGRITECH LIMITED,47.7,47.9,L
GUJARAT RAFFIA INDUST LTD,38.35,39.75,L
SEC RED NCD 9.30% SR. II,1025,1040,L
SEC RE NCD 10% SR. V,1006.13,1009,L
BOND 8.40% PA TF TI-SIIA,1132.1,1142.5,L
ICICIPRAMC - ICICIALPLV,26.71,26.74,L
9.40 % SRNCD TR II SR III,1010.15,1015,L
SEMAC CONSULTANTS LIMITED,1627.2,1712.8,L
NAMAN IN-STORE (INDIA) L,108,110,L
GOI TBILL 91D-08/08/24,97.76,98.29,L
7.64% TAX FREE TRI SRIIB,1125,1126.55,L
SALASAR TECHNO ENGG. LTD.,18.5,18.75,L
SECUR CREDENTIALS LIMITED,15.5,15.6,L
FUTURE SUPP CHAIN SOL LTD,4.95,5.1,L
LAGNAM SPINTEX LIMITED,140.8,143.65,L
POPULAR VEHICLES N SER L,208,212.25,L
NANDANI CREATION LIMITED,45,46.05,L
SRM CONTRACTORS LIMITED,170.65,178,L
NARMADA AGROBASE LIMITED,18.2,20,L
SEC RE NCD 10.65% SR.IV,995,997,L
SEC RE NCD 8.40% SR.V,996,999,L
SEC RED NCD 10.6% SR. VII,993.01,1000,L
SEC RED NCD 9.30% SR. II,1030.1,1040,L
VARANIUM CLOUD LIMITED,37.85,40.25,L
ISHAN INTERNATIONAL LTD,2.1,2.2,L
RAJSHREE POLYPACK LTD,71.65,74,L
IDEAFORGE TECHNO LTD,655.2,661.6,L
ICICI PRUD MIDCAP SEL ETF,15.16,15.3,L
ICICIPRAMC - ICICIQTY30,18.66,18.81,L
JULLUNDUR MOT AGENCY LTD,91,93,L
SUPER SPINNING MILLS LTD,6.5,6.55,L
AARTECH SOLONICS LIMITED,228.8,233.45,L
SINCLAIRS HOTELS LIMITED,118.3,119,L
SERENCD 9.05% SR.VI OPII,1020,1021,L
SMVD POLY PACK LIMITED,14,14.35,L
SEC RE NCD 9% SR.V,1020.1,1035,L
SITI NETWORKS LIMITED,0.5,0.55,L
SHANTI OVERSEAS INDIA LTD,13.7,14.4,L
HDFCAMC - HDFCNIFIT,33.1,33.3,L
LATENT VIEW ANALYTICS LTD,455,460,L
C P S SHAPERS LIMITED,337.25,348,L
SINTEX PLASTICS TECH LTD,1,1.05,L
SEC RED NCD 9.70% SR. V,1077.11,1078,L
SEC RE NCD 7.90% STRPP C,405,406,L
TAX FREE  7.28% SR. 103,1146.5,1149,L
SERENCD 8.70% SR.VII OPII,999.9,1000,L
DELPHI WORLD MONEY LTD,208.35,209.9,L
ICICI PRUD NIFTY 100 ETF,24.89,25.13,L
GOI TBILL 182D-07/11/24,95.57,96.6,L
HARDWYN INDIA LIMITED,27.65,28,L
KRYSTAL INTEGRATED SER L,681.1,687.6,L
MEDICO REMEDIES LIMITED,40.6,40.65,L
BLS E-SERVICES LIMITED,260.25,262.55,L
SEC RED NCD 9.57% SR. V,975,978,L
SERENCD8.50%SR.IICIII&IV,1051.11,1055,L
SLONE INFOSYSTEMS LIMITED,107,112.6,L
SEC RE NCD 10.03% SR 5,960,970.02,L
JNK INDIA LIMITED,583.8,600,L
SEC RED NCD 9.85% SR. VII,980.2,995,L
SEC RE NCD SR III,920.1,999.9,L
TATA TECHNOLOGIES LIMITED,1005,1006.05,L
HEADS UP VENTURES LIMITED,13.15,13.2,L
SEC RE NCD 10.50% SR.IV,985,990,L
DHANI LOANS & SERV LTD,975.25,997,L
SEC RE NCD 8.75% SR.VII,930,935,L

