SERIES,SYMBOL,SECURITY,RECORD_DT,BC_STRT_DT,BC_END_DT,EX_DT,ND_STRT_DT,ND_END_DT,PURPOSE
BE,MMFL,MM Forgings Ltd.,14/06/2024, , ,14/06/2024, , ,INTDIV - RS 8 PER SH     
BE,SAGCEM,SagarCements-Roll Sett, ,20/06/2024,26/06/2024,19/06/2024, , ,AGM/DIV-RE 0.70 PER SH   
BE,ZYDUSLIFE,Zydus Lifesciences Ltd,26/07/2024, , ,26/07/2024, , ,DIV - RS 3 PER SH        
BE,KRITINUT,Kriti Nutrients Limited, ,12/06/2024,18/06/2024,11/06/2024, , ,AGM/DIV-RE 0.30 PER SH   
BE,KRITI,Kriti Industries Ind Ltd, ,12/06/2024,18/06/2024,11/06/2024, , ,AGM/DIV-RE 0.20 PER SH   
BE,VSTIND,VST Industries Ltd., ,15/06/2024,21/06/2024,14/06/2024, , ,DIV - RS 150 PER SH      
BE,ACC,ACC Limited,14/06/2024, , ,14/06/2024, , ,DIV - RS 7.50 PER SH     
BE,HINDPETRO,HINDUSTAN PERTOLEUM CORP,21/06/2024, , ,21/06/2024, , ,BONUS 1:2                
BE,BPCL,BHARAT PETROLEUM CORP  LT,22/06/2024, , ,21/06/2024, , ,BONUS 1:1                
BE,KSHITIJPOL,Kshitij Polyline Limited,18/06/2024, , ,18/06/2024, , ,RIGHTS4:5@PRM RS 4.40/-  
BE,CHEVIOT,Cheviot Company Limited,14/06/2024, , ,14/06/2024, , ,DIV - RS 5 PER SH        
BE,VISAKAIND,Visaka Industries Ltd., ,18/06/2024,21/06/2024,14/06/2024, , ,AGM/DIV-RE 0.50 PER SH   
BE,CIEINDIA,Mahindra CIE Automative L, ,14/06/2024,20/06/2024,13/06/2024, , ,AGM/DIV - RS 5 PER SH    
BE,KSB,KSB Pumps Ltd-Depo, ,14/06/2024,26/06/2024,13/06/2024, , ,AGM/DIV - RS 17.5 PER SH 
BE,ADANIGREEN,Adani Green Energy Ltd, ,18/06/2024,25/06/2024,14/06/2024, , ,ANNUAL GENERAL MEETING   
BE,MITTAL,Mittal Life Style Limited, ,09/06/2024,15/06/2024,07/06/2024, , ,ANNUAL GENERAL MEETING   
BE,NELCO,Nelco Ltd., ,11/06/2024,17/06/2024,10/06/2024, , ,DIV - RS 2.20 PER SH     
BE,EMUDHRA,Emudhra Limited, ,21/06/2024,27/06/2024,20/06/2024, , ,ANNUAL GENERAL MEETING   
BE,ADANIENSOL,Adani Transmission Ltd, ,18/06/2024,25/06/2024,14/06/2024, , ,ANNUAL GENERAL MEETING   
BE,ADANIPOWER,Adani Power Limited, ,18/06/2024,25/06/2024,14/06/2024, , ,ANNUAL GENERAL MEETING   
BE,CHEVIOT,Cheviot Company Limited,14/06/2024, , ,14/06/2024, , ,BUY BACK                 
BE,LTF,L&T Finance Holdings Ltd,18/06/2024, , ,18/06/2024, , ,DIV - RS 2.50 PER SH     
BE,HDFCAMC,HDFC AMC Limited,18/06/2024, , ,18/06/2024, , ,INTDIV - RS 70 PER SH    
BE,AWL,Adani Wilmar Limited, ,19/06/2024,26/06/2024,18/06/2024, , ,ANNUAL GENERAL MEETING   
BE,TATAINVEST,Tata Inv. Corpn Ltd., ,19/06/2024,26/06/2024,18/06/2024, , ,AGM/DIV - RS 28 PER SH   
BE,INTELLECT,Intellect Design Arena, ,20/06/2024,26/06/2024,19/06/2024, , ,AGM/DIV-RS 3.50 PER SH   
BE,SOBHA,Sobha Limited,19/06/2024, , ,19/06/2024, , ,RIGHTS 6:47@PRM RS 1641  
BE,SHANKARA,Shankara Bldg Product Ltd, ,14/06/2024,21/06/2024,13/06/2024, , ,AGM/DIV - RS 3 PER SH    
BE,EIMCOELECO,Eimco Elecon (India) Ltd., ,15/06/2024,25/06/2024,14/06/2024, , ,AGM/DIV - RS 5 PER SH    
BE,HINDUNILVR,Hindustan Unilever Ltd, ,15/06/2024,21/06/2024,14/06/2024, , ,AGM/DIV - RS 24 PER SH   
BE,NESTLEIND,Nestle India Limited,15/07/2024, , ,15/07/2024, , ,DIV - RS 8.50 PER SH     
BE,INDIANB,Indian Bank, ,08/06/2024,15/06/2024,07/06/2024, , ,ANNUAL GENERAL MEETING   
BE,HSCL,Himadri Speciality Chem L, ,08/06/2024,20/06/2024,07/06/2024, , ,AGM/DIV-RE 0.50 PER SH   
BE,JMFINANCIL,JM Financial Limited, ,10/06/2024,14/06/2024,07/06/2024, , ,DIV - RS 2 PER SH        
BE,JINDALSAW,Jindal Saw Limited, ,12/06/2024,18/06/2024,11/06/2024, , ,AGM/DIV - RS 4 PER SH    
BE,BAJAJ-AUTO,Bajaj Auto Limited,14/06/2024, , ,14/06/2024, , ,DIV - RS 80 PER SH       
BE,SONACOMS,Sona BLW Precision Frgs L,14/06/2024, , ,14/06/2024, , ,DIV - RS 1.53 PER SH     
BE,ADANIPORTS,ADANI PORT & SEZ LTD,14/06/2024, , ,14/06/2024, , ,DIV - RS 6 PER SH        
BE,HAPPSTMNDS,Happiest Minds Techno Ltd,14/06/2024, , ,14/06/2024, , ,DIV - RS 3.25 PER SH     
BE,BANKINDIA,Bank of India,18/06/2024, , ,18/06/2024, , ,AGM/DIV - RS 2.80 PER SH 
BE,BSE,BSE Limited,14/06/2024, , ,14/06/2024, , ,DIV - RS 15 PER SH       
BE,LTIM,L&T Infotech Limited,19/06/2024, , ,19/06/2024, , ,DIV - RS 45 PER SH       
BE,CANBK,Canara Bank,17/06/2024, , ,14/06/2024, , ,DIV - RS 3.22 PER SH     
BE,BIKAJI,Bikaji Foods Intern Ltd,14/06/2024, , ,14/06/2024, , ,DIV - RE 1 PER SH        
BE,LTTS,L&T Technology Ser. Ltd.,14/06/2024, , ,14/06/2024, , ,DIV - RS 33 PER SH       
BE,ATGL,Adani Total Gas Limited,14/06/2024, , ,14/06/2024, , ,DIV - RE 0.25 PER SH     
BE,AMBUJACEM,Ambuja Cements Ltd,14/06/2024, , ,14/06/2024, , ,DIV - RS 2 PER SH        
BE,ADANIENT,Adani Enterprises Limited,14/06/2024, , ,14/06/2024, , ,DIV - RS 1.30 PER SH     
BE,TATASTEEL,Tata Steel Limited,21/06/2024, , ,21/06/2024, , ,DIV - RS 3.60 PER SH     
BE,GREENLAM,Greenlam Industries Ltd.,21/06/2024, , ,21/06/2024, , ,DIV - RS 1.65 PER SH     
BE,TORNTPOWER,Torrent Power Limited,14/06/2024, , ,14/06/2024, , ,DIV - RS 4 PER SH        
BE,XCHANGING,Xchanging Solutions Ltd,14/06/2024, , ,14/06/2024, , ,DIV/SPDV - RS 2 & RS 2   
BE,PREMEXPLN,Premier Explosives Ltd,21/06/2024, , ,21/06/2024, , ,FVSPLT FRM RS 10 TO RS 2 
BE,SHAREINDIA,Share Ind. Securities Ltd,27/06/2024, , ,27/06/2024, , ,FVSPLT FRM RS 10 TO RS 2 
BE,ELECON,Elecon Engg Co. Ltd., ,15/06/2024,25/06/2024,14/06/2024, , ,AGM/DIV - RS 2 PER SH    
BE,RAYMOND,RAYMOND-depo, ,14/06/2024,27/06/2024,13/06/2024, , ,AGM/DIV - RS 10 PER SH   
BE,ICICIPRULI,ICICI Pru Life Ins Co Ltd, ,14/06/2024,28/06/2024,13/06/2024, , ,DIV - RE 0.60 PER SH     
E1,GRASIMPP,Grasim Industries Limited,14/06/2024, , , , , ,FIRSTCAL RS 453 PER SH   
EQ,MMFL,MM Forgings Ltd.,14/06/2024, , ,14/06/2024, , ,INTDIV - RS 8 PER SH     
EQ,CHEVIOT,Cheviot Company Limited,14/06/2024, , ,14/06/2024, , ,DIV - RS 5 PER SH        
EQ,ADANIGREEN,Adani Green Energy Ltd, ,18/06/2024,25/06/2024,14/06/2024, , ,ANNUAL GENERAL MEETING   
EQ,ZYDUSLIFE,Zydus Lifesciences Ltd,26/07/2024, , ,26/07/2024, , ,DIV - RS 3 PER SH        
EQ,KRITINUT,Kriti Nutrients Limited, ,12/06/2024,18/06/2024,11/06/2024, , ,AGM/DIV-RE 0.30 PER SH   
EQ,KRITI,Kriti Industries Ind Ltd, ,12/06/2024,18/06/2024,11/06/2024, , ,AGM/DIV-RE 0.20 PER SH   
EQ,VSTIND,VST Industries Ltd., ,15/06/2024,21/06/2024,14/06/2024, , ,DIV - RS 150 PER SH      
EQ,ACC,ACC Limited,14/06/2024, , ,14/06/2024, , ,DIV - RS 7.50 PER SH     
EQ,HINDPETRO,Hindustan Petroleum Corp,21/06/2024, , ,21/06/2024, , ,BONUS 1:2                
EQ,BPCL,Bharat Petroleum Ltd,22/06/2024, , ,21/06/2024, , ,BONUS 1:1                
EQ,KSHITIJPOL,Kshitij Polyline Limited,18/06/2024, , ,18/06/2024, , ,RIGHTS4:5@PRM RS 4.40/-  
EQ,VISAKAIND,Visaka Industries Ltd., ,18/06/2024,21/06/2024,14/06/2024, , ,AGM/DIV-RE 0.50 PER SH   
EQ,CIEINDIA,Mahindra CIE Automative L, ,14/06/2024,20/06/2024,13/06/2024, , ,AGM/DIV - RS 5 PER SH    
EQ,KSB,KSB Pumps Ltd., ,14/06/2024,26/06/2024,13/06/2024, , ,AGM/DIV - RS 17.5 PER SH 
EQ,ADANIENSOL,Adani Transmission Ltd, ,18/06/2024,25/06/2024,14/06/2024, , ,ANNUAL GENERAL MEETING   
EQ,MITTAL,Mittal Life Style Limited, ,09/06/2024,15/06/2024,07/06/2024, , ,ANNUAL GENERAL MEETING   
EQ,NELCO,Nelco Ltd., ,11/06/2024,17/06/2024,10/06/2024, , ,DIV - RS 2.20 PER SH     
EQ,EMUDHRA,Emudhra Limited, ,21/06/2024,27/06/2024,20/06/2024, , ,ANNUAL GENERAL MEETING   
EQ,TATAINVEST,Tata Inv. Corpn Ltd., ,19/06/2024,26/06/2024,18/06/2024, , ,AGM/DIV - RS 28 PER SH   
EQ,ADANIPOWER,Adani Power Limited, ,18/06/2024,25/06/2024,14/06/2024, , ,ANNUAL GENERAL MEETING   
EQ,CHEVIOT,Cheviot Company Limited,14/06/2024, , ,14/06/2024, , ,BUY BACK                 
EQ,LTF,L&T Finance Holdings Ltd,18/06/2024, , ,18/06/2024, , ,DIV - RS 2.50 PER SH     
EQ,HDFCAMC,HDFC AMC Limited,18/06/2024, , ,18/06/2024, , ,INTDIV - RS 70 PER SH    
EQ,AWL,Adani Wilmar Limited, ,19/06/2024,26/06/2024,18/06/2024, , ,ANNUAL GENERAL MEETING   
EQ,INTELLECT,Intellect Design Arena, ,20/06/2024,26/06/2024,19/06/2024, , ,AGM/DIV-RS 3.50 PER SH   
EQ,SOBHA,Sobha Limited,19/06/2024, , ,19/06/2024, , ,RIGHTS 6:47@PRM RS 1641  
EQ,SHANKARA,Shankara Bldg Product Ltd, ,14/06/2024,21/06/2024,13/06/2024, , ,AGM/DIV - RS 3 PER SH    
EQ,EIMCOELECO,Eimco Elecon (India) Ltd., ,15/06/2024,25/06/2024,14/06/2024, , ,AGM/DIV - RS 5 PER SH    
EQ,HINDUNILVR,Hindustan Unilever Ltd, ,15/06/2024,21/06/2024,14/06/2024, , ,AGM/DIV - RS 24 PER SH   
EQ,INDIANB,Indian Bank, ,08/06/2024,15/06/2024,07/06/2024, , ,ANNUAL GENERAL MEETING   
EQ,NESTLEIND,Nestle India Limited,15/07/2024, , ,15/07/2024, , ,DIV - RS 8.50 PER SH     
EQ,HSCL,Himadri Speciality Chem L, ,08/06/2024,20/06/2024,07/06/2024, , ,AGM/DIV-RE 0.50 PER SH   
EQ,JMFINANCIL,JM Financial Limited, ,10/06/2024,14/06/2024,07/06/2024, , ,DIV - RS 2 PER SH        
EQ,BSE,BSE Limited,14/06/2024, , ,14/06/2024, , ,DIV - RS 15 PER SH       
EQ,JINDALSAW,Jindal Saw Limited, ,12/06/2024,18/06/2024,11/06/2024, , ,AGM/DIV - RS 4 PER SH    
EQ,BAJAJ-AUTO,Bajaj Auto Limited,14/06/2024, , ,14/06/2024, , ,DIV - RS 80 PER SH       
EQ,ATGL,Adani Total Gas Limited,14/06/2024, , ,14/06/2024, , ,DIV - RE 0.25 PER SH     
EQ,SONACOMS,Sona BLW Precision Frgs L,14/06/2024, , ,14/06/2024, , ,DIV - RS 1.53 PER SH     
EQ,ADANIPORTS,ADANI PORT & SEZ LTD,14/06/2024, , ,14/06/2024, , ,DIV - RS 6 PER SH        
EQ,HAPPSTMNDS,Happiest Minds Techno Ltd,14/06/2024, , ,14/06/2024, , ,DIV - RS 3.25 PER SH     
EQ,BANKINDIA,Bank of India,18/06/2024, , ,18/06/2024, , ,AGM/DIV - RS 2.80 PER SH 
EQ,LTIM,L&T Infotech Limited,19/06/2024, , ,19/06/2024, , ,DIV - RS 45 PER SH       
EQ,CANBK,Canara Bank,17/06/2024, , ,14/06/2024, , ,DIV - RS 3.22 PER SH     
EQ,BIKAJI,Bikaji Foods Intern Ltd,14/06/2024, , ,14/06/2024, , ,DIV - RE 1 PER SH        
EQ,LTTS,L&T Technology Ser. Ltd.,14/06/2024, , ,14/06/2024, , ,DIV - RS 33 PER SH       
EQ,AMBUJACEM,Ambuja Cements Ltd,14/06/2024, , ,14/06/2024, , ,DIV - RS 2 PER SH        
EQ,ADANIENT,Adani Enterprises Limited,14/06/2024, , ,14/06/2024, , ,DIV - RS 1.30 PER SH     
EQ,TATASTEEL,Tata Steel Limited,21/06/2024, , ,21/06/2024, , ,DIV - RS 3.60 PER SH     
EQ,GREENLAM,Greenlam Industries Ltd.,21/06/2024, , ,21/06/2024, , ,DIV - RS 1.65 PER SH     
EQ,TORNTPOWER,Torrent Power Limited,14/06/2024, , ,14/06/2024, , ,DIV - RS 4 PER SH        
EQ,XCHANGING,Xchanging Solutions Ltd,14/06/2024, , ,14/06/2024, , ,DIV/SPDV - RS 2 & RS 2   
EQ,PREMEXPLN,Premier Explosives Ltd,21/06/2024, , ,21/06/2024, , ,FVSPLT FRM RS 10 TO RS 2 
EQ,SHAREINDIA,Share Ind. Securities Ltd,27/06/2024, , ,27/06/2024, , ,FVSPLT FRM RS 10 TO RS 2 
EQ,ELECON,Elecon Engg Co. Ltd., ,15/06/2024,25/06/2024,14/06/2024, , ,AGM/DIV - RS 2 PER SH    
EQ,RAYMOND,Raymond Ltd., ,14/06/2024,27/06/2024,13/06/2024, , ,AGM/DIV - RS 10 PER SH   
EQ,ICICIPRULI,ICICI Pru Life Ins Co Ltd, ,14/06/2024,28/06/2024,13/06/2024, , ,DIV - RE 0.60 PER SH     
EQ,SAGCEM,Sagar Cements Ltd, ,20/06/2024,26/06/2024,19/06/2024, , ,AGM/DIV-RE 0.70 PER SH   
GS,735GS2024,GOI LOAN 7.35% 2024,19/06/2024, , , , , ,REDEMPTION               
GS,GS300624C,GOI STRIPS C 300624,27/06/2024, , , , , ,REDEMPTION               
GS,669GS2024,GOI LOAN  6.69% 2024,25/06/2024, , , , , ,REDEMPTION               
GS,GS230624C,GOI STRIPS C 230624,19/06/2024, , , , , ,REDEMPTION               
GS,773GS2034,GOI LOAN 7.73% 2034,18/06/2024, , ,18/06/2024, , ,INTEREST PAYMENT         
MF,UFIQIPRRVI,UTI-FIIF II-QIP- VI-RDR,18/06/2024, , , , , ,DIV/STP                  
MF,UFIQIPRPVI,UTI-FIIF II-QIP- VI-RDP,18/06/2024, , , , , ,DIV/STP                  
MF,UFIQIPRGVI,UTI-FIIF II-QIP- VI-RG,18/06/2024, , , , , ,STP                      
MF,UFDQIPIPVI,UTIAMC - UFDQIPIPVI,18/06/2024, , , , , ,DIV/STP                  
MF,UFDQIPIGVI,UTIAMC - UFDQIPIGVI,18/06/2024, , , , , ,STP                      
MF,UFDQIPIRVI,UTIAMC - UFDQIPIRVI,18/06/2024, , , , , ,DIV/STP                  
N4,IIFLSAMFIN,Sec Re NCD 10.03% Sr 5,16/06/2024, , ,14/06/2024, , ,INTEREST PAYMENT         
N5,TPL,TPL 8.33% 2027 Sr P,14/06/2024, , ,14/06/2024, , ,INTEREST PAYMENT         
N5,ERFLNCDI,Sec Red NCD 8.88% Sr. V,18/06/2024, , ,18/06/2024, , ,INTEREST PAYMENT         
N5,IIHFL,Unsec Re NCD 9.60% Sr.II,14/06/2024, , ,14/06/2024, , ,INTEREST PAYMENT         
N7,IIFLSAMFIN,IIFL Samasta 10.77% 2030,17/06/2024, , ,14/06/2024, , ,INTEREST PAYMENT         
N8,IBULHSGFIN,Sec Red NCD 8.65% Sr. V,14/06/2024, , ,14/06/2024, , ,INTEREST PAYMENT         
N9,IIHFL,Sec Re NCD 8.20% Sr.III,14/06/2024, , ,14/06/2024, , ,INTEREST PAYMENT         
NC,IIHFL,Sec Re NCD 8.43% Sr.VI,14/06/2024, , ,14/06/2024, , ,INTEREST PAYMENT         
NC,IBULHSGFIN,Uns Red NCD 8.79% Sr.VIII,14/06/2024, , ,14/06/2024, , ,INTEREST PAYMENT         
NC,IIFL,IIFL Finance Limited,18/06/2024, , ,18/06/2024, , ,INTEREST PAYMENT         
NF,IIFL,IIFL Finance Limited,18/06/2024, , ,18/06/2024, , ,INTEREST PAYMENT         
NH,IBUCCREDIT,Sec Re NCD 9.40% Sr.III,18/06/2024, , ,18/06/2024, , ,INTEREST PAYMENT         
NI,RECLTD,8.12/8.32% Tax Free NCD,17/06/2024, , ,14/06/2024, , ,INTEREST PAYMENT         
NJ,ECLFINANCE,Sec Red NCD 9.43% Sr. VI,18/06/2024, , ,18/06/2024, , ,INTEREST PAYMENT         
NK,IBUCCREDIT,Sec Re NCD 9.61% Sr.VI,18/06/2024, , ,18/06/2024, , ,INTEREST PAYMENT         
NL,IIFL,IIFL Finance Limited,18/06/2024, , ,18/06/2024, , ,INTEREST PAYMENT         
NN,IBUCCREDIT,Sec Re NCD 9.40% Sr.VIII,18/06/2024, , ,18/06/2024, , ,INTEREST PAYMENT         
NO,IBUCCREDIT,Sec Re NCD 9.85% Sr.VIII,18/06/2024, , ,18/06/2024, , ,INTEREST PAYMENT         
NO,DHANILOANS,Dhani Loans & Serv Ltd,17/06/2024, , ,14/06/2024, , ,INTEREST PAYMENT         
NR,ECLFINANCE,ECL Finance Limited,18/06/2024, , ,18/06/2024, , ,INTEREST PAYMENT         
NS,IIFL,IIFL Finance Limited,18/06/2024, , ,18/06/2024, , ,INTEREST PAYMENT         
NZ,IIFL,IIFL Finance Limited,18/06/2024, , ,18/06/2024, , ,INTEREST PAYMENT         
SM,REXPIPES,Rex Pipes And Cables Ltd, ,11/06/2024,17/06/2024,10/06/2024, , ,ANNUAL GENERAL MEETING   
SQ,REXPIPES,Rex Pipes And Cables Ltd, ,11/06/2024,17/06/2024,10/06/2024, , ,ANNUAL GENERAL MEETING   
ST,REXPIPES,Rex Pipes And Cables Ltd, ,11/06/2024,17/06/2024,10/06/2024, , ,ANNUAL GENERAL MEETING   
U4,IIFLSAMFIN,Sec Re NCD 10.03% Sr 5,16/06/2024, , ,14/06/2024, , ,INTEREST PAYMENT         
U5,ERFLNCDI,Sec Red NCD 8.88% Sr. V,18/06/2024, , ,18/06/2024, , ,INTEREST PAYMENT         
U5,TPL,TPL 8.33% 2027 Sr P,14/06/2024, , ,14/06/2024, , ,INTEREST PAYMENT         
U5,IIHFL,Unsec Re NCD 9.60% Sr.II,14/06/2024, , ,14/06/2024, , ,INTEREST PAYMENT         
U7,IIFLSAMFIN,IIFL Samasta 10.77% 2030,17/06/2024, , ,14/06/2024, , ,INTEREST PAYMENT         
U8,IBULHSGFIN,Sec Red NCD 8.65% Sr. V,14/06/2024, , ,14/06/2024, , ,INTEREST PAYMENT         
U9,IIHFL,Sec Re NCD 8.20% Sr.III,14/06/2024, , ,14/06/2024, , ,INTEREST PAYMENT         
UC,IBULHSGFIN,Uns Red NCD 8.79% Sr.VIII,14/06/2024, , ,14/06/2024, , ,INTEREST PAYMENT         
UC,IIHFL,Sec Re NCD 8.43% Sr.VI,14/06/2024, , ,14/06/2024, , ,INTEREST PAYMENT         
UC,IIFL,IIFL Finance Limited,18/06/2024, , ,18/06/2024, , ,INTEREST PAYMENT         
UF,IIFL,IIFL Finance Limited,18/06/2024, , ,18/06/2024, , ,INTEREST PAYMENT         
UH,IBUCCREDIT,Sec Re NCD 9.40% Sr.III,18/06/2024, , ,18/06/2024, , ,INTEREST PAYMENT         
UI,RECLTD,8.12/8.32% Tax Free NCD,17/06/2024, , ,14/06/2024, , ,INTEREST PAYMENT         
UJ,ECLFINANCE,Sec Red NCD 9.43% Sr. VI,18/06/2024, , ,18/06/2024, , ,INTEREST PAYMENT         
UK,IBUCCREDIT,Sec Re NCD 9.61% Sr.VI,18/06/2024, , ,18/06/2024, , ,INTEREST PAYMENT         
UL,IIFL,IIFL Finance Limited,18/06/2024, , ,18/06/2024, , ,INTEREST PAYMENT         
UN,IBUCCREDIT,Sec Re NCD 9.40% Sr.VIII,18/06/2024, , ,18/06/2024, , ,INTEREST PAYMENT         
UO,DHANILOANS,Dhani Loans & Serv Ltd,17/06/2024, , ,14/06/2024, , ,INTEREST PAYMENT         
UO,IBUCCREDIT,Sec Re NCD 9.85% Sr.VIII,18/06/2024, , ,18/06/2024, , ,INTEREST PAYMENT         
UR,ECLFINANCE,ECL Finance Limited,18/06/2024, , ,18/06/2024, , ,INTEREST PAYMENT         
US,IIFL,IIFL Finance Limited,18/06/2024, , ,18/06/2024, , ,INTEREST PAYMENT         
UZ,IIFL,IIFL Finance Limited,18/06/2024, , ,18/06/2024, , ,INTEREST PAYMENT         

