GAIN_LOSS,SECURITY,CLOSE_PRIC,PREV_CL_PR,PERCENT_CG
 ,Nifty 50 Sec., , , 
 , , , , 
G,EICHER MOTORS LTD,      4935.10,      4801.50,2.78
G,MAHINDRA & MAHINDRA LTD,      2928.60,      2861.70,2.34
G,ADANI PORT & SEZ LTD,      1430.70,      1404.45,1.87
G,SHRIRAM FINANCE LIMITED,      2732.15,      2684.30,1.78
G,TITAN COMPANY LIMITED,      3530.05,      3472.20,1.67
G,SBI LIFE INSURANCE CO LTD,      1469.90,      1449.90,1.38
G,CIPLA LTD,      1564.75,      1544.55,1.31
G,BHARAT PETROLEUM CORP  LT,       626.65,       619.35,1.18
G,ADANI ENTERPRISES LIMITED,      3261.75,      3224.80,1.15
G,HDFC BANK LTD,      1596.90,      1580.75,1.02
G,RELIANCE INDUSTRIES LTD,      2955.10,      2930.50,.84
G,HDFC LIFE INS CO LTD,       598.35,       593.50,.82
G,TATA MOTORS LIMITED,       993.40,       985.85,.77
G,BAJAJ FINANCE LIMITED,      7341.55,      7294.95,.64
G,ULTRATECH CEMENT LIMITED,     11242.80,     11173.80,.62
G,JSW STEEL LIMITED,       921.15,       915.75,.59
G,AXIS BANK LIMITED,      1181.05,      1174.65,.54
G,GRASIM INDUSTRIES LTD,      2471.20,      2458.05,.53
G,HINDALCO  INDUSTRIES  LTD,       683.60,       680.70,.43
G,ASIAN PAINTS LIMITED,      2921.60,      2910.00,.4
G,BAJAJ AUTO LIMITED,      9961.75,      9923.40,.39
G,SUN PHARMACEUTICAL IND L,      1516.00,      1510.80,.34
G,TATA STEEL LIMITED,       183.15,       182.56,.32
G,BRITANNIA INDUSTRIES LTD,      5393.65,      5379.45,.26
G,ITC LTD,       431.15,       430.30,.2
G,BHARTI AIRTEL LIMITED,      1427.40,      1425.75,.12
G,BAJAJ FINSERV LTD.,      1591.75,      1590.10,.1
G,APOLLO HOSPITALS ENTER. L,      6207.60,      6206.20,.02
G,POWER GRID CORP. LTD.,       321.50,       321.45,.02
 , , , , 
L,TECH MAHINDRA LIMITED,      1371.45,      1388.95,-1.26
L,TATA CONSULTANCY SERV LT,      3832.05,      3878.15,-1.19
L,WIPRO LTD,       477.50,       482.60,-1.06
L,HCL TECHNOLOGIES LTD,      1431.05,      1444.15,-0.91
L,STATE BANK OF INDIA,       839.20,       843.90,-0.56
L,KOTAK MAHINDRA BANK LTD,      1717.20,      1726.35,-0.53
L,LARSEN & TOUBRO LTD.,      3687.80,      3703.65,-0.43
L,OIL AND NATURAL GAS CORP.,       275.40,       276.55,-0.42
L,NTPC LTD,       368.45,       369.95,-0.41
L,NESTLE INDIA LIMITED,      2542.50,      2551.75,-0.36
L,INFOSYS LIMITED,      1488.90,      1493.95,-0.34
L,INDUSIND BANK LIMITED,      1502.35,      1507.25,-0.33
L,HINDUSTAN UNILEVER LTD.,      2479.75,      2487.40,-0.31
L,LTIMINDTREE LIMITED,      5032.55,      5047.20,-0.29
L,HERO MOTOCORP LIMITED,      5804.20,      5816.00,-0.2
L,COAL INDIA LTD,       486.95,       487.90,-0.19
L,TATA CONSUMER PRODUCT LTD,      1112.45,      1114.60,-0.19
L,DR. REDDY S LABORATORIES,      6085.25,      6095.85,-0.17
L,ICICI BANK LTD.,      1105.65,      1107.35,-0.15
L,DIVI S LABORATORIES LTD,      4588.60,      4593.50,-0.11
L,MARUTI SUZUKI INDIA LTD.,     12845.20,     12846.85,-0.01
 , , , , 
 ,Nifty Next 50 Sec., , , 
 , , , , 
G,ABB INDIA LIMITED,      9020.00,      8446.60,6.79
G,LIFE INSURA CORP OF INDIA,      1066.85,      1002.30,6.44
G,SIEMENS LTD,      7790.20,      7396.60,5.32
G,TRENT LTD,      5245.55,      5023.85,4.41
G,ICICI LOMBARD GIC LIMITED,      1730.90,      1662.70,4.1
G,VARUN BEVERAGES LIMITED,      1639.25,      1578.55,3.85
G,SAMVRDHNA MTHRSN INTL LTD,       174.62,       168.76,3.47
G,ICICI PRU LIFE INS CO LTD,       613.70,       596.15,2.94
G,BHARAT ELECTRONICS LTD,       309.60,       300.90,2.89
G,TVS MOTOR COMPANY  LTD,      2503.85,      2441.65,2.55
G,REC LIMITED,       532.65,       521.50,2.14
G,HINDUSTAN AERONAUTICS LTD,      5200.55,      5099.70,1.98
G,AMBUJA CEMENTS LTD,       677.20,       664.50,1.91
G,PUNJAB NATIONAL BANK,       128.94,       126.57,1.87
G,AVENUE SUPERMARTS LIMITED,      4739.95,      4656.65,1.79
G,VEDANTA LIMITED,       447.60,       439.80,1.77
G,ZYDUS LIFESCIENCES LTD,      1109.55,      1090.50,1.75
G,MARICO LIMITED,       619.35,       611.25,1.33
G,POWER FIN CORP LTD.,       510.05,       503.55,1.29
G,BANK OF BARODA,       286.25,       282.70,1.26
G,JINDAL STEEL & POWER LTD,      1052.45,      1041.25,1.08
G,PIDILITE INDUSTRIES LTD,      3109.80,      3078.60,1.01
G,GAIL (INDIA) LTD,       221.83,       219.83,0.91
G,INDIAN OIL CORP LTD,       170.36,       168.95,0.83
G,CHOLAMANDALAM IN & FIN CO,      1447.00,      1436.10,0.76
G,ZOMATO LIMITED,       186.24,       184.94,0.7
G,BAJAJ HOLDINGS & INVS LTD,      8302.85,      8253.45,0.6
G,COLGATE PALMOLIVE LTD.,      2952.60,      2936.20,0.56
G,DLF LIMITED,       878.60,       874.05,0.52
G,ADANI GREEN ENERGY LTD,      1806.30,      1797.55,0.49
 , , , , 
L,GODREJ CONSUMER PRODUCTS,      1392.95,      1409.30,-1.16
L,JIO FIN SERVICES LTD,       357.00,       360.80,-1.05
L,ADANI POWER LTD,       746.75,       753.80,-0.94
L,CANARA BANK,       120.81,       121.92,-0.91
L,INTERGLOBE AVIATION LTD,      4270.40,      4302.65,-0.75
L,TATA POWER CO LTD,       448.65,       451.90,-0.72
L,INFO EDGE (I) LTD,      6242.95,      6266.70,-0.38
L,BOSCH LIMITED,     32327.80,     32433.15,-0.32
L,INDIAN RAILWAY FIN CORP L,       174.80,       175.13,-0.19
L,DABUR INDIA LTD,       608.65,       609.65,-0.16
 , , , , 
 ,OTHER SECURITIES, , , 
 , , , , 
G,WINSOL ENGINEERS LIMITED,       518.40,       432.00,20
G,PARAS DEF AND SPCE TECH L,      1156.90,       964.10,20
G,ENERGY MISSION MACH IND L,       409.85,       342.00,19.84
G,TFB 7.37% 2035 SR. 3A,      1250.00,      1048.00,19.27
G,AKANKSHA POWER N INFRA L,       116.25,        98.50,18.02
G,PTC INDUSTRIES LIMITED,     14729.60,     12525.80,17.59
G,DRC SYSTEMS INDIA LIMITED,        30.59,        26.11,17.16
G,BEML LIMITED,      4716.15,      4029.20,17.05
G,SAKUMA EXPORTS LIMITED,        34.04,        29.15,16.78
G,KAYA LIMITED,       448.90,       390.65,14.91
G,GSM FOILS LIMITED,        41.25,        36.05,14.42
G,MAZAGON DOCK SHIPBUIL LTD,      3877.55,      3389.90,14.39
G,GE POWER INDIA LIMITED,       400.75,       352.00,13.85
G,AMINES & PLASTICIZERS LTD,       255.51,       224.72,13.7
G,CHAVDA INFRA LIMITED,       148.45,       130.70,13.58
G,ALLCARGO GATI LIMITED,       109.87,        96.82,13.48
G,AMD INDUSTRIES LIMITED,        76.79,        68.13,12.71
G,DCX SYSTEMS LIMITED,       359.85,       320.25,12.37
G,SKIPPER RE.0.25 PPD UP,       215.40,       192.20,12.07
G,E FACTOR EXPERIENCES LTD,       198.30,       177.35,11.81
G,CHEMPLAST SANMAR LIMITED,       621.50,       555.85,11.81
G,SKF INDIA LTD,      6921.20,      6199.40,11.64
G,IVP LTD,       218.14,       195.75,11.44
G,INDIAN EMULSIFIERS LTD,       418.70,       375.90,11.39
G,JAYANT AGRO ORGANICS LTD,       299.70,       270.70,10.71
G,SEC RE NCD 10.50% SR.VII,       999.99,       904.00,10.62
G,POPULAR VEHICLES N SER L,       254.68,       230.31,10.58
G,CANTABIL RETAIL LTD,       240.81,       217.98,10.47
G,BANARAS BEADS LTD,       100.85,        91.34,10.41
G,JTEKT INDIA LIMITED,       193.35,       175.19,10.37
 , , , , 
L,BOND 8.62% TAX FREE S3B,      1080.00,      1274.49,-15.26
L,UNSEC RED NCD 10.5% SR.VI,       978.00,      1148.00,-14.81
L,INTEGRATED PERSO SER LTD,       147.95,       172.00,-13.98
L,TAX FREE 7.39% SR. IIA,      1077.00,      1244.18,-13.44
L,SUPER SPINNING MILLS LTD,         9.99,        11.08,-9.84
L,SHANTHALA FMCG PRODUCTS L,        61.05,        67.00,-8.88
L,QUICKTOUCH TECHNOLOGIES L,       122.15,       133.50,-8.5
L,KALAHRIDHAAN TRENDZ LTD,        40.00,        43.25,-7.51
L,KOLTE PATIL DEV. LTD.,       442.80,       474.95,-6.77
L,SIGNPOST INDIA LIMITED,       294.70,       315.25,-6.52
L,SEC RE NCD 8.35% SR.I,       965.00,      1030.00,-6.31
L,KN AGRI RESOURCES LIMITED,       139.05,       148.30,-6.24
L,GODHA CABCON INSULAT LTD,          .83,          .88,-5.68
L,TERA SOFTWARE LIMITED,        67.94,        71.96,-5.59
L,KANANI INDUSTRIES LTD,         3.07,         3.25,-5.54
L,UDAYSHIVAKUMAR INFRA LTD,        68.40,        72.19,-5.25
L,INFOMEDIA PRESS LIMITED,         6.52,         6.87,-5.09
L,GLOBESECURE TECHNO LTD,        46.00,        48.45,-5.06
L,CADSYS (INDIA) LIMITED,       244.95,       257.85,-5
L,WALPAR NUTRITIONS LIMITED,       105.45,       111.00,-5
L,DOCMODE HEALTH TECH LTD,       141.95,       149.40,-4.99
L,VIVO COLLAB SOLUTIONS LTD,        74.35,        78.25,-4.98
L,SHUBHLAXMI JEWEL ART LTD,        33.90,        35.65,-4.91
L,ARISTO BIO T AND LIFESC L,        78.00,        82.00,-4.88
L,SAURASHTRA CEMENT LIMITED,       137.81,       144.66,-4.74
L,SLONE INFOSYSTEMS LIMITED,        96.80,       101.60,-4.72
L,NIRMAN AGRI GENTICS LTD,       214.40,       225.00,-4.71
L,PREMIER ROADLINES LIMITED,       129.60,       136.00,-4.71
L,TOUCHWOOD ENTERTAIN LTD.,       148.26,       155.39,-4.59
L,CREST VENTURES LIMITED,       417.25,       436.95,-4.51
