SECURITY,NEW,PREVIOUS,NEW_STATUS
21ST CENTURY MGMT SERVICE,55.75,55,H
SUPRAJIT ENGINEERING LTD,518.4,515.9,H
FORTIS HEALTHCARE LTD,509.6,489,H
COROMANDEL INTERNTL. LTD,1534.75,1505.9,H
HERO MOTOCORP LIMITED,5864.75,5859,H
JSW ENERGY LIMITED,687.35,668.85,H
POLY MEDICURE LIMITED,2007.6,1925.6,H
ICICI LOMBARD GIC LIMITED,1766.95,1747,H
PITTI ENGINEERING LIMITED,1006,995,H
MAYUR UNIQUOTERS LTD,666.6,643,H
SBI-ETF NIFTY 50,253.15,248.8,H
PASHUPATI COTSPIN LIMITED,352.2,335.45,H
ZOTA HEALTH CARE LIMITED,623.85,595,H
MACROTECH DEVELOPERS LTD,1588.9,1552.5,H
DRONE DESTINATION LIMITED,364.8,347.45,H
MIRAEAMC - MAESGETF,39.56,39.45,H
GOI TBILL 182D-03/10/24,98.82,97.83,H
JSW INFRASTRUCTURE LTD,308.8,299.95,H
ICICIPRAMC-ICICIFIN,24.8,24.7,H
L&T FINANCE LIMITED,183.76,179.18,H
MIRAEAMC - SMALLCAP,50.7,50.28,H
ABHISHEK INTEGRATIONS LTD,68,65.75,H
VINYAS INNOVATIVE TECH L,1251,1245,H
TBO TEK LIMITED,1630.65,1596.85,H
SEC RE NCD 9.71% SR VIII,970,931,H
BEACON TRUSTEESHIP LTD,98.95,97,H
VILAS TRANSCORE LIMITED,296.7,289.8,H
INTEGRA ESSENTIA LIMITED,1.19,0.85,H
VOLTAS LTD,1511.95,1502.3,H
MAHINDRA & MAHINDRA LTD,2946,2886,H
ZENITH EXPORTS LTD,355.01,227.25,H
THE GE SHPG.LTD,1241,1209.8,H
GARDEN REACH SHIP&ENG LTD,1686.95,1573,H
VIVIANA POWER TECH LTD,794.2,756.4,H
HDFCAMC - HDFCSML250,175.2,171.45,H
PRUDENT CORP ADV SER LTD,1877,1853.95,H
SIDDHIKA COATINGS LIMITED,307.95,302.05,H
MIRAEAMC - MAM150ETF,21.3,20.9,H
MIRAEAMC - MAMFGETF,150,148.15,H
POWER INSTRUMENT (G) LTD,86.38,80.1,H
LE MERITE EXPORTS LIMITED,118.85,115.25,H
NETWEB TECH INDIA LTD,2629,2611.45,H
LT FOODS LIMITED,266.99,260.79,H
SAMPANN UTPADAN INDIA LTD,30.45,30,H
SHREE KARNI FABCOM LTD,707.6,671,H
MANDEEP AUTO INDUSTRIES L,60,55.4,H
MEGATHERM INDUCTION LTD,415,394.85,H
ASK AUTOMOTIVE LIMITED,358.4,346.8,H
SIMPLEX INFRASTRUCTURES L,144.69,140.9,H
SETUBANDHAN INFRA LTD,0.97,0.95,H
Z-TECH (INDIA) LIMITED,147.55,140.55,H
KCK INDUSTRIES LTD,202.25,192.65,H
8.30% TAX FREE NCD,1129.49,1128.3,H
AUTHUM INVEST & INFRA LTD,1150,1143.05,H
GOI TBILL 364D-27/09/24,98.05,97.95,H
SEC RE NCD 8.20% SR.V,1011,1009.99,H
TECIL CHEMICALS,33.77,32.17,H
SEC RE NCD 9.65% SR I,970,955,H
GOI TBILL 91D-29/08/24,98.6,98.5,H
EID PARRY INDIA LTD,749.9,733.3,H
THE PHOENIX MILLS LTD,3595,3515.1,H
AURIONPRO SOLN LTD,2746.65,2675.95,H
K M SUGAR MILLS LTD,50.4,46.8,H
EIH ASSOCIATED HOTELS LTD,925,865.55,H
KIRLOSKAR BROTHERS LTD,2198.95,2069,H
PREMIER EXPLOSIVES LTD,3660,3557.4,H
AXISAMC - AXISHCETF,127.49,127.15,H
RACE ECO CHAIN LIMITED,425,421.55,H
CHOLAMANDALAM FIN HOL LTD,1300,1296,H
TUBE INVEST OF INDIA LTD,4320,4264.55,H
HOME FIRST FIN CO IND LTD,1084.55,1063.8,H
SJS ENTERPRISES LIMITED,832,813.15,H
MIRAEAMC - MAFSETF,23.45,23.4,H
NIP IND ETF DIV OPP,81.75,81.38,H
GPT INFRAPROJECTS LTD,264.69,259.9,H
SHAKTI PUMPS (I) LTD,2721.85,2697,H
SHREE OSFM E-MOBILITY LTD,184.9,184.4,H
AVP INFRACON LIMITED,149.95,142.5,H
8.92% TAX FREE NCD,1324,1319.85,H
ENERGY MISSION MACH IND L,410.4,364.9,H
ABB INDIA LIMITED,9145,8765,H
SWARAJ ENGINES LTD,2816,2794.7,H
TVS MOTOR COMPANY  LTD,2519,2461,H
KEI INDUSTRIES LTD.,5039.7,4889,H
BAJAJ AUTO LIMITED,9995,9944,H
PRESTIGE ESTATE LTD,1998,1910,H
PUDUMJEE PAPER PRO. LTD,106.35,105.3,H
COCHIN SHIPYARD LIMITED,2175,2100,H
DCM SHRIRAM IND LTD,240.61,235.15,H
PTC INDUSTRIES LIMITED,14930.95,13139.95,H
MIRAEAMC - MANV30F,197.83,191.3,H
GE T&D INDIA LIMITED,1640.7,1568,H
GOI TBILL 91D-04/07/24,99.9,99.61,H
MIRAEAMC - ALPHAETF,28.07,27.51,H
ALPEX SOLAR LIMITED,806.6,768.2,H
MASTER COMPONENTS LIMITED,295.05,280,H
AMINES & PLASTICIZERS LTD,261.2,235.35,H
TRIDENT TECHLABS LIMITED,638.6,608.2,H
SEC RE NCD 10.75% SR II,1022.9,1008.99,H
PREMIER ROADLINES LIMITED,142.9,136,H
UNSERENCD9.1%SRIIICIII&IV,1138,1091.9,H
ATLANTAA LIMITED,40.44,39.65,H
SANOFI INDIA LIMITED,6838.7,6513.05,H
OIL AND NATURAL GAS CORP.,275.5,263,H
ESCORTS KUBOTA LIMITED,4309.95,4260.45,H
BHARAT FORGE LTD,1739.45,1655,H
BLUE STAR LIMITED,1759.8,1698.4,H
TRENT LTD,5294,5188,H
20 MICRONS LTD,203,201,H
BOSCH LIMITED,32927.95,32683.25,H
HFCL LIMITED,120.3,117.8,H
JUBILANT INDUSTRIES LTD,1576.25,1501.2,H
SBIAMC - SBIETFQLTY,220.23,220,H
SAHANA SYSTEM LIMITED,1773.8,1753.8,H
CIE AUTOMOTIVE INDIA LTD,589,586.9,H
TARC LIMITED,201,194.5,H
KAVVERI TEL. LTD.,18.08,17.95,H
MIRAEAMC - MANXT50,730.38,718,H
MOTILALAMC - MOSMALL250,16.98,16.85,H
MAX ESTATES LIMITED,453,440.95,H
GOI LOAN  7.02% 2027,100.58,100.5,H
TECHNO ELEC & ENG CO. LTD,1497,1465.95,H
SEC RE NCD 8.43% SR.VI,928,927.95,H
TEERTH GOPICON LIMITED,413.7,394,H
WINSOL ENGINEERS LIMITED,518.4,444,H
SEC RE NCD 0% SR.VI,1210.66,1196.68,H
SEC RED NCD 9.6% SR.VI,1072.8,1072,H
SERENCD8.84%SRVICIII&IV,974,970,H
SIEMENS LTD,7913.05,7468,H
HONDA I POWER PRODUCT LTD,3474.95,3188,H
SHREE TIRUPATI BALAJEE,595.35,568,H
TEJAS NETWORKS LIMITED,1427.7,1414,H
TEXMACO INFRA & HOLDG LTD,140.85,139,H
ROLLATAINERS LIMITED,4.5,4.42,H
ZEN TECHNOLOGIES LIMITED,1132.6,1130,H
JAY JALARAM TECHNO LTD,576.7,532,H
KAYNES TECHNOLOGY IND LTD,3815.85,3775,H
BAHETI RECYCLING IND LTD,328,322,H
MAX HEALTHCARE INS LTD,936.4,914.8,H
MAZAGON DOCK SHIPBUIL LTD,3990,3478,H
NIP IND ETF MIDCAP 150,213.99,213.55,H
OM INFRA LIMITED,180.7,174.44,H
LCC INFOTECH LTD,3.3,3.24,H
ORIANA POWER LIMITED,2984,2905.25,H
KODY TECHNOLAB LIMITED,2909.15,2770.65,H
MOTILALAMC - MOREALTY,113.5,112.6,H
TARA CHAND INFRA SOLN LTD,474.6,468,H
DSPAMC - LIQUIDADD,1015.26,1014.68,H
AZAD ENGINEERING LIMITED,1797.6,1755.5,H
AIMTRON ELECTRONICS LTD,338.9,322.8,H
SRNCD SR VII,2423.8,2419.8,H
TAX FREE7.39% SR.IB,1043.8,1043,H
ALUWIND ARCHITECTURAL LTD,59.1,59,H
DIAMOND POWER INFRA LTD,1022.45,973.8,H
8.91%S-R-NCD SERIES 3B,1325,1320,H
GOI TBILL 364D-15/05/25,94.08,94,H
INDIAN EMULSIFIERS LTD,441.8,391,H
SEC RE NCD SR.V,1240,1233.67,H
SDL CG 7.68% 2032,101,100,H
JITF INFRALOGISTICS LTD,935,896.4,H
SEC RE NCD 9.05% SR.I,1038,1021.2,H
FINOLEX CABLES LTD,1629.95,1595,H
TIMKEN INDIA LTD.,4675,4398.8,H
APAR INDUSTRIES LTD.,8740,8679.9,H
GODREJ PROPERTIES LTD,3057.85,3047.95,H
OBEROI REALTY LIMITED,1953.05,1952.05,H
ORACLE FIN SERV SOFT LTD.,9793.5,9760,H
PG ELECTROPLAST LTD,3016,2995,H
ENDURANCE TECHNO. LTD.,3061.3,2585,H
JTEKT INDIA LIMITED,195,188,H
AMEYA PRECISION ENG LTD,99.8,92,H
SAMVRDHNA MTHRSN INTL LTD,176.1,169.02,H
STYRENIX PERFORMANCE LTD,2183.95,2104.55,H
SHRIRAM FINANCE LIMITED,2747,2697.65,H
DIGICONTENT LIMITED,28.68,28.65,H
POLYCAB INDIA LIMITED,7140,7116.2,H
TIJARIA POLYPIPES LTD,24.38,23.35,H
KRITI INDUSTRIES IND LTD,197,182,H
SKIPPER RE.0.25 PPD UP,218.9,208,H
DSPAMC - DSPNEWETF,308.84,307,H
ENSER COMMUNICATIONS LTD,156.5,147.15,H
PATTECH FITWELL TUB COM L,107,105,H
AADHAR HOUSING FINANCE L,431.85,404,H
ABS MARINE SERVICES LTD,250.5,248.45,H
SERENCD8.65%SR.IIICIII&IV,1089.85,1079,H
TBI CORN LIMITED,265.2,252.6,H
SEC RE NCD 9.25% SR III,1006.3,1005.76,H
REFRACTORY SHAPES LIMITED,216.7,210.45,H
SEC RE NCD 9.25% SR.VII,1005,927,H
AWFIS SPACE SOLUTIONS LTD,491.8,485.9,H
BOND 8.76%PA TF TR-I S 3A,6710,6660,H
SEC RE NCD SR III,951,950,H
GUJ IND POW CO. LTD,238.4,237.5,H
SELAN EXPLO. TECH LTD,792.45,755.1,H
SKF INDIA LTD,6983.6,6380,H
AMBUJA CEMENTS LTD,689,680.45,H
JK PAPER LIMITED,498,453.2,H
ASHIANA HOUSING LTD,459.55,424.4,H
MPS LIMITED,2119,2090,H
AGARWAL INDS CORP LTD.,1180,1155,H
CROWN LIFTERS LIMITED,249.99,245.09,H
BIKAJI FOODS INTERN LTD,739.4,727.95,H
MAX INDIA LIMITED,304,300.8,H
MOTILAL OS MIDCAP100 ETF,60.1,58.65,H
NIPPONAMC - NETFAUTO,262.42,261.4,H
GOI TBILL 182D-08/08/24,98.84,98.79,H
GOI TBILL 364D-05/12/24,96.6,96.5,H
GOI TBILL 364D-07/11/24,97.07,96.88,H
LORDS CHLORO ALKALI LTD,141.7,138,H
SRG HOUSING FINANCE L,347,339.9,H
KOTAKMAMC - KOTAKALPHA,54.44,54.25,H
KOTAKMAMC - KOTAKMID50,157.5,156,H
BAJEL PROJECTS LIMITED,304.85,296,H
SRI ADHIKARI BRO TELE N L,202.9,198.93,H
GOI TBILL 91D-23/08/24,98.77,98.72,H
DELPHI WORLD MONEY LTD,199.85,190.96,H
SEC RE NCD 11.19% SR.V,1040,1036.27,H
SEC RE NCD SR IV,1039,953.01,H
SEC RE NCD 9% SR.VI,920,925,L
SEC RE NCD 0% SR.IV,970.35,1000,L
TAX FREE 7.39% SR. IIA,1071.2,1085,L
SEC RE NCD 9.71% SR VIII,901.5,910.2,L
KAMDHENU VENTURES LIMITED,40.85,131,L
DOCMODE HEALTH TECH LTD,141.95,149.4,L
BOND 9.01%PA TF TR-I S 3B,6510,6650.3,L
BOND 8.62% TAX FREE S3B,1080,1255.01,L
BOROSIL SCIENTIFIC LTD,138,138.1,L
SEC RED NCD 10.35% SR. II,999,1035,L
ONELIFE CAP ADVISORS LTD,17.85,18.2,L
NAKODA GROUP OF IND LTD,8.5,13.98,L
KOTAK GOLD ETF,59.15,60.01,L
SEC RE NCD 10.75% SR.III,1035.01,1041,L
ARCHIDPLY IND. LTD,108.53,110.75,L
SEC RED NCD 9.31% SR.III,1000,1010,L
ABAN OFFSHORE LTD.,71.2,72.66,L
PALRED TECHNOLOGIES LTD,123,125.15,L
SEC RE NCD 8.35% SR.I,950,1002.2,L
SEC RE NCD 8.50% SR.IV,945,950,L
SEC RE NCD 9.75% SR. IV,990.1,1025,L
RAJ TV NETWORK LTD,115.28,117.64,L
SEC RED NCD 9.03% SR. II,1007.05,1015,L
BODHI TREE MULTIMEDIA LTD,13.79,14.29,L
UNITED SPIRITS LIMITED,1258.2,1272.4,L

