SYMBOL,SERIES,SECURITY,HIGH/LOW,INDEX FLAG
364D270325,TB,GOI TBILL 364D-27/03/25,H
63MOONS,EQ,63 MOONS TECHNOLOGIES LTD,H
663TN35,SG,SDL TN 6.63% 2035,H
92GS2030,GS,GOI LOAN 9.20% 2030,H
AAATECH,EQ,AAA TECHNOLOGIES LIMITED,H
AARTECH,BE,AARTECH SOLONICS LIMITED,H
AARVEEDEN,EQ,AARVEE DEN. & EXP. LTD,H
ACEINTEG,EQ,ACE INTEGRATED SOLU. LTD.,H
AJOONI,EQ,AJOONI BIOTECH LIMITED,H
ALMONDZ,EQ,ALMONDZ GLOBAL SEC LTD,H
AMEYA,SM,AMEYA PRECISION ENG LTD,H
ARCHIDPLY,BE,ARCHIDPLY IND. LTD,H
ASIANENE,EQ,ASIAN ENERGY SERVICES LTD,H
ASMS,EQ,BARTRONICS INDIA LIMITED,H
ATALREAL,BE,ATAL REALTECH LIMITED,H
ATLANTAA,BE,ATLANTAA LIMITED,H
AVONMORE,BE,AVONMORE CAP&MGT SERV LTD,H
AVPINFRA,SM,AVP INFRACON LIMITED,H
BBOX,BE,BLACK BOX LIMITED,H
BYKE,BE,THE BYKE HOSPITALITY LTD,H
CCHHL,BE,COUNTRY CLUB HOSP HOL LTD,H
CEREBRAINT,EQ,CEREBRA INT TECH LTD,H
CGRAPHICS,SM,CREATIVE GRAPHICS S IND L,H
CMMIPL,ST,CMM INFRAPROJECTS LIMITED,H
CMRSL,SM,CYBER MEDIA RES & SER LTD,H
CONTI,ST,CONTINENTAL SEED CHEM LTD,H
COUNCODOS,EQ,COUNTRY CONDO S LIMITED,H
CREATIVEYE,BE,CREATIVE EYE LIMITED,H
CROWN,BE,CROWN LIFTERS LIMITED,H
CUPID,BE,CUPID LIMITED,H
DCI,BE,DC INFOTECH AND COMUN LTD,H
DELPHIFX,BE,DELPHI WORLD MONEY LTD,H
DESTINY,SM,DESTINY LOGISTICS & I LTD,H
DGCONTENT,BE,DIGICONTENT LIMITED,H
DHANBANK,EQ,DHANLAXMI BANK LIMITED,H
DIACABS,BE,DIAMOND POWER INFRA LTD,H
DIGIDRIVE,BE,DIGIDRIVE DISTRIBUTORS L,H
DNAMEDIA,EQ,DILIGENT MEDIA CORP LTD.,H
DOLPHIN,BE,DOLPHIN OFF ENT (IND) L,H
DUCOL,ST,DUCOL ORGS AND COLOURS LT,H
EFFWA,SM,EFFWA INFRA & RESEARCH L,H
ELECTHERM,BE,ELECTROTHERM (I) LTD.,H
ELGIRUBCO,BE,ELGI RUBBER CO. LTD,H
EMKAY,BE,EMKAY GLOBAL FIN SERV LTD,H
ENERGYDEV,EQ,ENERGY DEVE. CO.LTD,H
ENSER,SM,ENSER COMMUNICATIONS LTD,H
EUROTEXIND,EQ,EUROTEX INDUSTRIES LTD,H
FEL,BZ,FUTURE ENTERPRISES LTD,H
FELDVR,BE,FUTURE ENTERPRISES LTD,H
FIBERWEB,EQ,FIBERWEB INDIA LIMITED,H
FIDEL,SM,FIDEL SOFTECH LIMITED,H
FLEXITUFF,BE,FLEXITUFF VENTURES INT L,H
GAYAPROJ,BZ,GAYATRI PROJECTS LTD,H
GICL,SM,GLOBE INTL CARRIERS LTD,H
GIRIRAJ,SM,GIRIRAJ CIVIL DEVP LTD,H
GLOBAL,BE,GLOBAL EDUCATION LIMITED,H
GLOBALVECT,BE,GLOBAL VEC HELICORP LTD,H
GRSE,EQ,GARDEN REACH SHIP&ENG LTD,H
GSMFOILS,ST,GSM FOILS LIMITED,H
GSTL,SM,GLOBESECURE TECHNO LTD,H
GUJRAFFIA,EQ,GUJARAT RAFFIA INDUST LTD,H
HBSL,BE,HB STOCKHOLDINGS LIMITED,H
HCL-INSYS,EQ,HCL INFOSYSTEMS LTD,H
HERITGFOOD,EQ,HERITAGE FOODS LTD,H
HEXATRADEX,EQ,HEXA TRADEX LIMITED,H
HILTON,EQ,HILTON METAL FORGING LTD,H
HINDMOTORS,EQ,HINDUSTAN MOTORS LIMITED,H
HMT,BZ,HMT LTD -,H
HUBTOWN,EQ,HUBTOWN LIMITED,H
IEL,EQ,INDIABULLS ENT LTD,H
INDSWFTLTD,EQ,IND-SWIFT LIMITED,H
INFOLLION,ST,INFOLLION RESEARCH SER L,H
INSPIRISYS,EQ,INSPIRISYS SOLUTIONS LTD,H
ISHAN,SM,ISHAN INTERNATIONAL LTD,H
JFLLIFE,ST,JFL LIFE SCIENCES LIMITED,H
JYOTISTRUC,EQ,JYOTI STRUCTURES LTD,H
KAPSTON,BE,KAPSTON SERVICES LIMITED,H
KATARIA,ST,KATARIA INDUSTRIES LTD,H
KDL,ST,KORE DIGITAL LIMITED,H
KEEPLEARN,BE,DSJ KEEP LEARNING LTD,H
KERNEX,EQ,KERNEX MICROSYS(I) LTD,H
KHAITANLTD,EQ,KHAITAN (INDIA)LTD.,H
LIBERTSHOE,EQ,LIBERTY SHOES LTD,H
LRRPL,SM,LEAD REC AND RUB PROD LTD,H
MALUPAPER,EQ,MALU PAPER MILLS LIMITED,H
MARINE,BE,MARINE ELECTRICAL (I) LTD,H
MBLINFRA,BE,MBL INFRASTRUCTURE LTD,H
MEGASOFT,EQ,MEGASOFT LTD,H
MEP,BE,MEP INFRA. DEVELOPERS LTD,H
MODISONLTD,EQ,MODISON LIMITED,H
MSPL,EQ,MSP STEEL & POWER LTD.,H
NAMAN,SM,NAMAN IN-STORE (INDIA) L,H
NBIFIN,BE,N.B.I. IND. FIN. CO. LTD,H
NECCLTD,BE,NORTH EAST CARRY CORP LTD,H
NEPHROCARE,SM,NEPHRO CARE INDIA LIMITED,H
NITCO,EQ,NITCO LIMITED,H
NPST,SM,NETWORK PEOPLE SRV TECH L,H
OILCOUNTUB,BE,OIL COUNTRY TUBULAR LTD.,H
OMAXE,BE,OMAXE LIMITED,H
PANSARI,EQ,PANSARI DEVELOPERS LTD,H
PARACABLES,EQ,PARAMOUNT COMM LTD,H
PARASPETRO,BE,PARAS PETROFILS LTD.,H
PARIN,SM,PARIN FURNITURE LIMITED,H
PARSVNATH,EQ,PARSVNATH DEVELOPER LTD,H
PCJEWELLER,EQ,PC JEWELLER LTD,H
PIGL,BE,POWER INSTRUMENT (G) LTD,H
PRAENG,EQ,PRAJAY ENG. SYN. LTD.,H
PRAKASHSTL,BE,PRAKASH STEELAGE LTD,H
PRAXIS,BE,PRAXIS HOME RETAIL LTD,H
PRITIKA,SM,PRITIKA ENG COMPO LTD,H
PRIZOR,ST,PRIZOR VIZTECH LIMITED,H
PROLIFE,SM,PROLIFE INDUSTRIES LTD,H
PVP,EQ,PVP VENTURES LIMITED,H
QUADPRO,SM,QUADPRO ITES LIMITED,H
RAJRILTD,BE,RAJ RAYON INDUSTRIES LTD,H
RAJTV,BE,RAJ TV NETWORK LTD,H
RELIABLE,BE,RELIABLE DATA SERVICE LTD,H
RHFL,BE,RELIANCE HOME FINANCE LTD,H
RICHA,SM,RICHA INFO SYSTEMS LTD,H
RKDL,BE,RAVI KUMAR DIST. LTD.,H
RULKA,ST,RULKA ELECTRICALS LIMITED,H
S&SPOWER,BE,S&S POWER SWITCHGEARS,H
SAHAJSOLAR,ST,SAHAJ SOLAR LIMITED,H
SARTELE,SM,SAR TELEVENTURE LIMITED,H
SECMARK,EQ,SECMARK CONSULTANCY LTD,H
SEL,SM,SUNGARNER ENERGIES LTD,H
SEYAIND,BE,SEYA INDUSTRIES LIMITED,H
SHAH,EQ,SHAH METACORP LIMITED,H
SHYAMTEL,BE,SHYAM TELECOM LIMITED,H
SIDDHIKA,SM,SIDDHIKA COATINGS LIMITED,H
SILLYMONKS,EQ,SILLY MONKS ENTERTAIN LTD,H
SITINET,BE,SITI NETWORKS LIMITED,H
SJLOGISTIC,SM,S J LOGISTICS (INDIA) LTD,H
SOTAC,ST,SOTAC PHARMACEUTICALS LTD,H
SPMLINFRA,EQ,SPML INFRA LIMITED,H
SUMEETINDS,BE,SUMEET IND LIMITED,H
SURAJEST,BE,SURAJ ESTATE DEVELOPERS L,H
SURANAT&P,BE,SURANA TELECOM AND POW LT,H
SUZLON,EQ,SUZLON ENERGY LIMITED,H
SWARAJ,SM,SWARAJ SUITING LIMITED,H
TAINWALCHM,BE,TAINWALA CHEMICAL AND PLA,H
TARAPUR,BE,TARAPUR TRANSFORMERS LTD,H
TCIFINANCE,BE,TCIFINANCELTD-ROLL SETT,H
TCPLPACK,EQ,TCPL PACKAGING LIMITED,H
TECHIN,BE,TECHINDIA NIRMAN LIMITED,H
TFL,BE,TRANSWARRANTY FIN. LTD.,H
TGL,ST,TEERTH GOPICON LIMITED,H
THOMASCOTT,BE,THOMAS SCOTT (INDIA) LTD,H
TIL,BZ,TIL LTD,H
TNTELE,BE,TAMILNADU TELECOMMUNICATI,H
TPLPLASTEH,EQ,TPL PLASTECH LIMITED,H
TRANSWIND,SM,TRANSWIND INFRA LIMITED,H
TUNWAL,ST,TUNWAL E-MOTORS LIMITED,H
URAVI,EQ,URAVI T AND WEDG LAMP LTD,H
URBAN,SM,URBAN ENVIRO WASTE MGMT L,H
VARDMNPOLY,EQ,VARDHMAN POLYTEX LTD.,H
VERA,SM,VERA SYNTHETIC LIMITED,H
VERTOZ,EQ,VERTOZ LIMITED,H
VLEGOV,EQ,VL E GOV AND IT SOL LTD,H
VLINFRA,ST,V.L.INFRAPROJECTS LIMITED,H
VMARCIND,SM,V MARC INDIA LIMITED,H
VSCL,SM,VADIVARHE SPCLTY CHEM LTD,H
WALCHANNAG,EQ,WALCHANDNAGAR INDUSTRIES,H
WINSOME,BE,WINSOME YARNS LIMITED,H
YAARI,EQ,YAARI DIGI INT SER LTD,H
ZEELEARN,BE,ZEE LEARN LIMITED,H
ZENITHSTL,BE,ZENITH STEEL PIP IND LTD,H
ZENTEC,EQ,ZEN TECHNOLOGIES LIMITED,H
AKSHAR,EQ,AKSHAR SPINTEX LIMITED,L
ALPEXSOLAR,ST,ALPEX SOLAR LIMITED,L
ANTGRAPHIC,EQ,ANTARCTICA LTD,L
ARHAM,SM,ARHAM TECHNOLOGIES LTD,L
AVSL,ST,AVSL INDUSTRIES LIMITED,L
BIRDYS,ST,GRILL SPLENDOUR SER LTD,L
CLOUD,ST,VARANIUM CLOUD LIMITED,L
CMMIPL,ST,CMM INFRAPROJECTS LIMITED,L
DCMNVL,BE,DCM NOUVELLE LIMITED,L
DRL,SM,DHANUKA REALTY LIMITED,L
DRONE,ST,DRONE DESTINATION LIMITED,L
EXCEL,BE,EXCEL REALTY N INFRA LTD,L
GATECH,EQ,GACM TECHNOLOGIES LIMITED,L
GICL,SM,GLOBE INTL CARRIERS LTD,L
GTECJAINX,BE,G-TEC JAINX EDUCATION LTD,L
GTL,BE,GTL LTD,L
GVKPIL,BE,GVK POW. & INFRA LTD.,L
KCK,SM,KCK INDUSTRIES LTD,L
KHAITANLTD,EQ,KHAITAN (INDIA)LTD.,L
KONTOR,SM,KONTOR SPACE LIMITED,L
KORE,ST,JAY JALARAM TECHNO LTD,L
LRRPL,SM,LEAD REC AND RUB PROD LTD,L
MCON,ST,MCON RASAYAN INDIA LTD,L
MOTOGENFIN,EQ,MOTOR & GENERAL FINANCE L,L
MPTODAY,SM,M P TODAY MEDIA LIMITED,L
MTNL,EQ,MAHANAGAR TELEPHONE NIGAM,L
NECCLTD,BE,NORTH EAST CARRY CORP LTD,L
OLIL,ST,ONECLICK LOGISTICS IND L,L
OMAXAUTO,BE,OMAX AUTOS LTD,L
OMINFRAL,BE,OM INFRA LIMITED,L
PANSARI,EQ,PANSARI DEVELOPERS LTD,L
PARASPETRO,BE,PARAS PETROFILS LTD.,L
REFRACTORY,ST,REFRACTORY SHAPES LIMITED,L
RILINFRA,ST,RACHANA INFRA LTD,L
RNFI,ST,RNFI SERVICES LIMITED,L
ROLLT,BE,ROLLATAINERS LIMITED,L
SABAR,SM,SABAR FLEX INDIA LIMITED,L
SHRENIK,BE,SHRENIK LIMITED,L
SMVD,SM,SMVD POLY PACK LIMITED,L
SSFL,SM,SRIVARI SPICES N FOODS L,L
SUVIDHAA,EQ,SUVIDHAA INFOSERVE LTD,L
TAINWALCHM,BE,TAINWALA CHEMICAL AND PLA,L
VASA,ST,VASA RETAIL & OVERSEA LTD,L
VERTEXPLUS,ST,VERTEXPLUS TECHNOLOGIES L,L
VITAL,ST,VITAL CHEMTECH LIMITED,L
WOMANCART,ST,WOMANCART LIMITED,L
