GAIN_LOSS,SECURITY,CLOSE_PRIC,PREV_CL_PR,PERCENT_CG
 ,Nifty 50 Sec., , , 
 , , , , 
G,TATA MOTORS LIMITED,      1161.85,      1124.00,3.37
G,NTPC LTD,       406.95,       393.90,3.31
G,BHARAT PETROLEUM CORP  LT,       348.20,       337.90,3.05
G,POWER GRID CORP. LTD.,       349.80,       342.35,2.18
G,ASIAN PAINTS LIMITED,      3005.05,      2954.70,1.7
G,TITAN COMPANY LIMITED,      3468.25,      3411.70,1.66
G,BAJAJ FINSERV LTD.,      1642.65,      1617.15,1.58
G,COAL INDIA LTD,       519.35,       512.15,1.41
G,INDUSIND BANK LIMITED,      1429.70,      1411.50,1.29
G,ADANI ENTERPRISES LIMITED,      3128.75,      3089.35,1.28
G,MARUTI SUZUKI INDIA LTD.,     12873.65,     12751.55,.96
G,TECH MAHINDRA LIMITED,      1538.05,      1525.35,.83
G,TATA STEEL LIMITED,       164.07,       162.87,.74
G,HDFC BANK LTD,      1615.55,      1605.05,.65
G,JSW STEEL LIMITED,       902.10,       898.55,.4
G,HERO MOTOCORP LIMITED,      5444.30,      5424.35,.37
G,INFOSYS LIMITED,      1877.15,      1871.10,.32
G,LARSEN & TOUBRO LTD.,      3784.65,      3774.95,.26
G,BAJAJ FINANCE LIMITED,      6823.60,      6812.45,.16
G,STATE BANK OF INDIA,       872.80,       871.60,.14
G,BAJAJ AUTO LIMITED,      9564.35,      9557.65,.07
G,HDFC LIFE INS CO LTD,       697.20,       696.85,.05
 , , , , 
L,LTIMINDTREE LIMITED,      5672.50,      5786.60,-1.97
L,CIPLA LTD,      1528.90,      1553.95,-1.61
L,SBI LIFE INSURANCE CO LTD,      1721.05,      1746.70,-1.47
L,GRASIM INDUSTRIES LTD,      2790.90,      2828.20,-1.32
L,SUN PHARMACEUTICAL IND L,      1701.60,      1723.25,-1.26
L,ITC LTD,       489.90,       496.05,-1.24
L,SHRIRAM FINANCE LIMITED,      2912.05,      2943.00,-1.05
L,HINDALCO  INDUSTRIES  LTD,       660.50,       666.85,-0.95
L,BRITANNIA INDUSTRIES LTD,      5842.20,      5897.60,-0.94
L,HINDUSTAN UNILEVER LTD.,      2691.40,      2711.60,-0.74
L,BHARTI AIRTEL LIMITED,      1470.35,      1481.35,-0.74
L,APOLLO HOSPITALS ENTER. L,      6641.00,      6681.65,-0.61
L,ULTRATECH CEMENT LIMITED,     11806.45,     11873.80,-0.57
L,WIPRO LTD,       521.50,       524.40,-0.55
L,TATA CONSUMER PRODUCT LTD,      1194.90,      1201.40,-0.54
L,DR. REDDY S LABORATORIES,      6804.15,      6840.05,-0.52
L,NESTLE INDIA LIMITED,      2457.65,      2470.30,-0.51
L,RELIANCE INDUSTRIES LTD,      3026.30,      3040.20,-0.46
L,KOTAK MAHINDRA BANK LTD,      1786.10,      1793.90,-0.43
L,MAHINDRA & MAHINDRA LTD,      2922.10,      2933.00,-0.37
L,TATA CONSULTANCY SERV LT,      4365.35,      4381.10,-0.36
L,OIL AND NATURAL GAS CORP.,       331.90,       332.90,-0.3
L,ICICI BANK LTD.,      1209.45,      1212.70,-0.27
L,DIVI S LABORATORIES LTD,      4912.35,      4923.85,-0.23
L,EICHER MOTORS LTD,      4951.85,      4962.25,-0.21
L,ADANI PORT & SEZ LTD,      1546.25,      1548.70,-0.16
L,HCL TECHNOLOGIES LTD,      1630.25,      1632.35,-0.13
L,AXIS BANK LIMITED,      1170.00,      1170.05,0
 , , , , 
 ,Nifty Next 50 Sec., , , 
 , , , , 
G,ADANI ENERGY SOLUTION LTD,      1124.90,      1051.95,6.93
G,COLGATE PALMOLIVE LTD.,      3366.55,      3210.00,4.88
G,BERGER PAINTS (I) LTD,       550.85,       538.80,2.24
G,TRENT LTD,      5620.50,      5517.40,1.87
G,ADANI POWER LTD,       729.25,       716.40,1.79
G,SRF LTD,      2552.35,      2509.05,1.73
G,SBI CARDS & PAY SER LTD,       719.00,       707.90,1.57
G,INDIAN OIL CORP LTD,       182.95,       180.39,1.42
G,LIFE INSURA CORP OF INDIA,      1188.10,      1173.60,1.24
G,DLF LIMITED,       879.90,       870.00,1.14
G,JINDAL STEEL & POWER LTD,       976.50,       966.90,0.99
G,GAIL (INDIA) LTD,       233.75,       231.87,0.81
G,INTERGLOBE AVIATION LTD,      4474.00,      4439.30,0.78
G,ICICI PRU LIFE INS CO LTD,       723.85,       719.05,0.67
G,TVS MOTOR COMPANY  LTD,      2496.70,      2484.60,0.49
G,TATA POWER CO LTD,       444.10,       442.25,0.42
G,ADANI TOTAL GAS LIMITED,       896.40,       892.95,0.39
G,BAJAJ HOLDINGS & INVS LTD,      9675.15,      9642.50,0.34
G,POWER FIN CORP LTD.,       554.70,       552.85,0.33
G,SHREE CEMENT LIMITED,     27314.35,     27237.90,0.28
G,BANK OF BARODA,       256.25,       255.90,0.14
G,PIDILITE INDUSTRIES LTD,      3156.00,      3151.85,0.13
G,ZOMATO LIMITED,       227.13,       226.89,0.11
G,INDIAN RAILWAY FIN CORP L,       195.46,       195.27,0.1
 , , , , 
L,VARUN BEVERAGES LIMITED,      1577.40,      1685.30,-6.4
L,TORRENT PHARMACEUTICALS L,      3111.15,      3198.40,-2.73
L,GODREJ CONSUMER PRODUCTS,      1439.80,      1477.90,-2.58
L,AVENUE SUPERMARTS LIMITED,      5027.20,      5112.85,-1.68
L,ABB INDIA LIMITED,      7843.45,      7974.30,-1.64
L,HINDUSTAN AERONAUTICS LTD,      4953.65,      5030.00,-1.52
L,ZYDUS LIFESCIENCES LTD,      1219.40,      1235.90,-1.34
L,INFO EDGE (I) LTD,      7009.80,      7097.95,-1.24
L,HAVELLS INDIA LIMITED,      1815.80,      1837.60,-1.19
L,PUNJAB NATIONAL BANK,       125.51,       127.00,-1.17
L,DABUR INDIA LTD,       633.90,       641.10,-1.12
L,CHOLAMANDALAM IN & FIN CO,      1417.85,      1433.40,-1.08
L,SIEMENS LTD,      7021.15,      7096.35,-1.06
L,BHARAT ELECTRONICS LTD,       318.10,       321.35,-1.01
L,SAMVRDHNA MTHRSN INTL LTD,       194.11,       195.72,-0.82
L,AMBUJA CEMENTS LTD,       674.45,       679.85,-0.79
L,VEDANTA LIMITED,       447.20,       448.95,-0.39
L,REC LIMITED,       642.20,       644.60,-0.37
L,MARICO LIMITED,       681.00,       683.05,-0.3
L,JIO FIN SERVICES LTD,       329.35,       330.20,-0.26
L,ADANI GREEN ENERGY LTD,      1832.40,      1836.25,-0.21
L,INDIAN RAIL TOUR CORP LTD,       989.60,       991.45,-0.19
L,CANARA BANK,       115.77,       115.91,-0.12
L,BOSCH LIMITED,     34924.55,     34936.05,-0.03
L,ICICI LOMBARD GIC LIMITED,      1967.55,      1968.00,-0.02
 , , , , 
 ,OTHER SECURITIES, , , 
 , , , , 
G,MALU PAPER MILLS LIMITED,        48.79,        40.66,20
G,FIBERWEB INDIA LIMITED,        53.55,        44.63,19.99
G,TCPL PACKAGING LIMITED,      3077.00,      2586.20,18.98
G,FIDEL SOFTECH LIMITED,       127.60,       108.00,18.15
G,SEC RE NCD 9.70% SR VIII,      1021.00,       870.00,17.36
G,AXITA COTTON LIMITED,        26.48,        22.84,15.94
G,ASAHI SONGWON COLOR LTD,       572.50,       493.85,15.93
G,VINEET LABORATORIES LTD,        66.10,        58.51,12.97
G,JINDAL DRILLING IND. LTD,       676.15,       600.80,12.54
G,MANG.CHEM.FERT.LTD,       138.04,       124.00,11.32
G,SILGO RETAIL LIMITED,        38.83,        35.01,10.91
G,SKIPPER RE.0.25 PPD UP,       242.45,       218.65,10.88
G,PCBL LIMITED,       331.95,       299.70,10.76
G,SPACENET ENTERS IND LTD,        31.10,        28.16,10.44
G,AMD INDUSTRIES LIMITED,        77.42,        70.28,10.16
G,PARADEEP PHOSPHATES LTD,        94.49,        85.89,10.01
G,SUNGARNER ENERGIES LTD,       459.80,       418.00,10
G,TPL PLASTECH LIMITED,       120.69,       109.72,10
G,AVP INFRACON LIMITED,       155.70,       141.55,10
G,EFFWA INFRA & RESEARCH L,       306.60,       278.75,9.99
G,INDIABULLS ENT LTD,        10.90,         9.91,9.99
G,AARVEE DEN. & EXP. LTD,        38.87,        35.34,9.99
G,NAMAN IN-STORE (INDIA) L,       143.20,       130.20,9.98
G,IND-SWIFT LIMITED,        24.61,        22.38,9.96
G,SILLY MONKS ENTERTAIN LTD,        23.21,        21.11,9.95
G,GLOBESECURE TECHNO LTD,        49.20,        44.75,9.94
G,PARSVNATH DEVELOPER LTD,        14.39,        13.09,9.93
G,COUNTRY CONDO S LIMITED,         7.34,         6.68,9.88
G,SPORTKING INDIA LIMITED,      1414.85,      1287.65,9.88
G,TRACXN TECHNOLOGIES LTD,       102.48,        93.36,9.77
 , , , , 
L,NDL VENTURES LIMITED,       105.25,       121.10,-13.09
L,IDEAFORGE TECHNO LTD,       759.55,       858.15,-11.49
L,DHANUKA REALTY LIMITED,        21.60,        24.00,-10
L,MARINETRANS INDIA LIMITED,        26.50,        28.25,-6.19
L,ROBUST HOTELS LIMITED,       223.14,       237.73,-6.14
L,ASIAN HOTELS (EAST) LTD,       129.71,       137.77,-5.85
L,GACM TECHNOLOGIES LIMITED,         1.19,         1.26,-5.56
L,PROVENTUS AGROCOM LIMITED,      1238.35,      1309.90,-5.46
L,DIVINE POWER ENERGY LTD,        92.10,        97.40,-5.44
L,ALEMBIC PHARMA LTD,      1174.00,      1239.05,-5.25
L,ANTARCTICA LTD,         1.67,         1.76,-5.11
L,SUVIDHAA INFOSERVE LTD,         6.34,         6.68,-5.09
L,KHANDWALA SECURITIES LTD,        33.68,        35.47,-5.05
L,COOL CAPS INDUSTRIES LTD,       335.15,       352.85,-5.02
L,MAHANAGAR TELEPHONE NIGAM,        87.60,        92.22,-5.01
L,AVSL INDUSTRIES LIMITED,       192.70,       202.85,-5
L,PANSARI DEVELOPERS LTD,       140.13,       147.51,-5
L,JAY JALARAM TECHNO LTD,       660.25,       695.00,-5
L,WOMANCART LIMITED,       299.25,       315.00,-5
L,ONECLICK LOGISTICS IND L,        86.50,        91.05,-5
L,VERTEXPLUS TECHNOLOGIES L,       144.65,       152.25,-4.99
L,RNFI SERVICES LIMITED,       180.10,       189.55,-4.99
L,KONTOR SPACE LIMITED,       158.50,       166.80,-4.98
L,M P TODAY MEDIA LIMITED,        35.80,        37.65,-4.91
L,AKSHAR SPINTEX LIMITED,         2.53,         2.66,-4.89
L,RACHANA INFRA LTD,        66.40,        69.80,-4.87
L,SABAR FLEX INDIA LIMITED,        23.45,        24.65,-4.87
L,DRONE DESTINATION LIMITED,       340.70,       357.95,-4.82
L,VASWANI IND LTD,        49.36,        51.83,-4.77
L,STANDARD INDUSTRIES LTD.,        35.00,        36.75,-4.76
