SECURITY,NEW,PREVIOUS,NEW_STATUS
ELECTROTHERM (I) LTD.,950.15,904.95,H
ASAHI SONGWON COLOR LTD,583.8,496,H
COROMANDEL INTERNTL. LTD,1694.4,1688.7,H
ICICI LOMBARD GIC LIMITED,2004,2003,H
INCREDIBLE INDUSTRIES LTD,50.45,48.7,H
NETWORK PEOPLE SRV TECH L,2868.75,2825,H
NIP IND ETF IT,44.25,44.22,H
MAHANAGAR GAS LTD.,1902,1868.3,H
V2 RETAIL LIMITED,899.05,880,H
CORDS CABLE INDUS LTD.,259.99,257.65,H
21ST CENTURY MGMT SERVICE,81.34,81.1,H
SEC RED NCD SR.VIII,1464,1460,H
BLUE JET HEALTHCARE LTD,470,467.95,H
MIRAEAMC - MAESGETF,42.06,42,H
MIRAEAMC - SENSEXETF,82.62,82.6,H
ICICIPRAMC - ICICICONSU,120.99,120.86,H
ICICIPRAMC-ICICIFIN,26.03,25.87,H
GOI TBILL 182D-29/08/24,99.49,99.35,H
GOI TBILL 364D-27/03/25,99.75,95,H
SDL MH 7.7% 2033,100,99.9,H
ICICIPRAMC - OILIETF,13.91,13.8,H
INFOLLION RESEARCH SER L,338.85,322.75,H
SAMMAAN CAPITAL LIMITED,177.25,171.4,H
NEULAND LAB LTD.,9099.9,8650,H
COLGATE PALMOLIVE LTD.,3424.95,3271.95,H
GLOBAL VEC HELICORP LTD,310.31,295.54,H
WELSPUN ENTERPRISES LTD.,544.5,541.5,H
HUBTOWN LIMITED,243.11,238,H
PRUDENT CORP ADV SER LTD,2404.95,2404,H
SANDHAR TECHNOLOGIES LTD,657.75,657.6,H
ON DOOR CONCEPTS LIMITED,544.9,539.95,H
PROVENTUS AGROCOM LIMITED,1350,1348.8,H
GRP LIMITED,15991.95,15790,H
MADHUSUDAN MASALA LIMITED,209.7,209,H
MIRAEAMC - MAM150ETF,22.55,22.25,H
POWER INSTRUMENT (G) LTD,110.43,105.18,H
GOI TBILL 364D-27/09/24,98.75,98.53,H
TAINWALA CHEMICAL AND PLA,224.33,216.9,H
HARRISON MALAYALAM LTD,265.1,258.43,H
DEEPAK NITRITE LTD,3122.05,3020,H
PANAMA PETROCHEM LTD,452.5,452.2,H
ARROW GREENTECH LIMITED,733,715,H
AXISAMC - AXISHCETF,140.36,139.76,H
TCPL PACKAGING LIMITED,3103.4,2741.25,H
OPTIEMUS INFRACOM LTD,486,469,H
NIP IND ETF DIV OPP,87.95,87.61,H
GOKUL AGRO RESOURCES LTD,191.79,184.35,H
INSPIRISYS SOLUTIONS LTD,175.23,166.89,H
MODISON LIMITED,169.06,161.01,H
SRM CONTRACTORS LIMITED,278.9,276,H
THE INVEST TRUST OF IND L,190,185.83,H
ICICIPRAMC - ICICI500,39.65,39.58,H
INNOVA CAPTAB LIMITED,649.8,639,H
KATARIA INDUSTRIES LTD,232.7,221.65,H
SEC RE NCD 0% SR.IV,1241.8,1236.05,H
GOI LOAN  7.02% 2031,101.8,101.25,H
SURAJ ESTATE DEVELOPERS L,728.45,693.8,H
PRIZOR VIZTECH LIMITED,229.45,218.55,H
CONTINENTAL SEED CHEM LTD,47.15,44.95,H
APOLLO TYRES LTD,568.05,564.6,H
FIRSTSOURCE SOLU. LTD.,278.94,269.25,H
KHAITAN (INDIA)LTD.,101.31,96.49,H
NTPC LTD,412.7,408.3,H
SUVEN PHARMACEUTICALS LTD,963.95,956.7,H
ISGEC HEAVY ENG LTD,1565.3,1523.05,H
PARIN FURNITURE LIMITED,283.5,270.5,H
NUVAMA WEALTH MANAGE LTD,6439,6137.95,H
SUPREME ENGINEERING LTD,1.88,1.85,H
SEC RE NCD 9% SR.V,1090,1069,H
SHERA ENERGY LIMITED,210,209,H
MIRAEAMC - ALPHAETF,29.25,29.24,H
BALU FORGE INDUSTRIES LTD,512.6,484.8,H
ATLANTAA LIMITED,49.22,46.88,H
OM INFRA LIMITED,216.5,215.5,H
SHRIRAM - LIQUIDSHRI,1004.78,1004.61,H
VISAMAN GLOBAL SALES LTD,43.3,43.25,H
GOI TBILL 182D-17/01/25,96.55,96.44,H
NEPHRO CARE INDIA LIMITED,360.8,343.65,H
GANESH GREEN BHARAT LTD,587.95,572,H
S&S POWER SWITCHGEARS,385.55,367.2,H
JINDAL PHOTO LIMITED,976.7,975,H
ZYDUS WELLNESS LIMITED,2484,2476.85,H
HFCL LIMITED,135.7,135.4,H
PENNAR INDUSTRIES LTD,204.12,198.7,H
CAREER POINT LIMITED,569,505,H
SKIPPER LIMITED,412.9,405.65,H
CHEMFAB ALKALIS LIMITED,922,898.95,H
RITCO LOGISTICS LIMITED,370,341,H
CMS INFO SYSTEMS LIMITED,593.15,591.6,H
HB STOCKHOLDINGS LIMITED,170.54,104.8,H
ELGI RUBBER CO. LTD,89.72,85.45,H
V MARC INDIA LIMITED,230.4,219.7,H
S J LOGISTICS (INDIA) LTD,583.1,555.35,H
PRITIKA ENG COMPO LTD,100.9,96.1,H
SHEKHAWATI POLY-YARN LTD.,6.42,6.3,H
KFIN TECHNOLOGIES LIMITED,843.95,833,H
MIRAEAMC - MANXT50,758.05,757.98,H
GLOBE TEXTILES (I) LTD.,6.19,4.75,H
KAVVERI TEL. LTD.,32.53,31.9,H
ICICIPRAMC - ICICINXT50,79.35,79.15,H
GOI TBILL 364D-08/08/24,99.8,99.4,H
GOI TBILL 364D-03/04/25,95.15,95.05,H
GOI LOAN  7.02% 2027,101.85,101,H
OMAXE LIMITED,162.45,154.72,H
SAHAJ SOLAR LIMITED,505.15,481.1,H
KAJARIA CERAMICS LTD,1545,1523.8,H
POWER GRID CORP. LTD.,356.95,348.75,H
ZEN TECHNOLOGIES LIMITED,1689.5,1609.05,H
SBI-ETF NIFTY NEXT 50,788.17,788,H
LCC INFOTECH LTD,5.77,5.66,H
COMPUTER AGE MNGT SER LTD,4725,4327.75,H
ICICI PRU LIFE INS CO LTD,733.35,731.45,H
NIP IND ETF MIDCAP 150,229,224,H
LAKSHMI FIN IND CORP LTD,250,248.6,H
TAX FREE7.39% SR.IB,1054,1050,H
BLACK BOX LIMITED,496.7,473.05,H
VISHNU PRAKASH R PUNGLI L,272,268.5,H
WELSPUN LIVING LIMITED,191,190,H
ICICIPRAMC - ICICICOMMO,96.35,95.8,H
BIRLASLAMC-ABSLPSE,11.77,11.6,H
SDL UP 7.75% 2033,99,98.43,H
BASILIC FLY STUDIO LTD,635,630,H
EFFWA INFRA & RESEARCH L,306.6,278.75,H
DIAMOND POWER INFRA LTD,1427.35,1359.4,H
TARA CHAND INFRA SOLN LTD,479,463.25,H
VINDHYA TELELINKS LTD,3230,3098.75,H
MARICO LIMITED,691,686.25,H
TECHNOCRAFT IND LTD,3865,3610,H
WANBURY LIMITED,223.45,222.45,H
APAR INDUSTRIES LTD.,9543.3,9099,H
AMEYA PRECISION ENG LTD,143.85,140.2,H
INDUS TOWERS LIMITED,453.3,449,H
NIPPONAMC - NETFPHARMA,22.23,22.15,H
KRITI INDUSTRIES IND LTD,239.61,232.92,H
FIBERWEB INDIA LIMITED,53.55,52.5,H
DHARMAJ CROP GUARD LTD,354.39,347.4,H
DSPAMC - DSPNEWETF,328,327.7,H
ALL E TECHNOLOGIES LTD,427.8,409.95,H
SIGNATUREGLOBAL INDIA LTD,1575,1564,H
SILKFLEX POLYMERS INDIA L,98,94.9,H
GOI TBILL 364D-26/12/24,96.85,96.81,H
V R INFRASPACE LIMITED,205,198.9,H
GOI TBILL 182D-24/10/24,98.24,98.12,H
ENSER COMMUNICATIONS LTD,234.25,223.9,H
KRISHCA STRAPPING SLTN L,361.65,360.9,H
RELIABLE DATA SERVICE LTD,97.7,93.05,H
BLUE CHIP INDIA LIMITED,6.14,6.02,H
MULTI COMMODITY EXCHANGE,4324.9,4288.9,H
SPORTKING INDIA LIMITED,1450,1319.9,H
WINDLAS BIOTECH LIMITED,809,794.5,H
INOX WIND ENERGY LIMITED,8545,8500,H
JASH ENGINEERING LIMITED,2640,2595,H
NIPPONAMC - NETFAUTO,272,269.18,H
SRI ADHIKARI BRO TELE N L,367.3,360.1,H
WOMANCART LIMITED,329.9,315,H
ICICIPRAMC - ICICIINFRA,96.83,96.69,H
MANOMAY TEX INDIA LTD,291,273.5,H
KOTAKMAMC - KOTAKMID50,168.4,167.55,H
GOI TBILL 91D-12/09/24,99.02,99,H
DELPHI WORLD MONEY LTD,237.58,227.93,H
VERTOZ LIMITED,32.75,33.4,L
AMBEY LABORATORIES LTD,74,74.05,L
TUNWAL E-MOTORS LIMITED,47.2,49.6,L
SEC RE NCD 8.25% SR 1,1000,1020,L
OSIA HYPER RETAIL LIMITED,23.85,24.34,L
DURLAX TOP SURFACE LTD,72.5,74,L
VITAL CHEMTECH LIMITED,83.65,85,L
ONECLICK LOGISTICS IND L,86.5,89.45,L
YUDIZ SOLUTIONS LIMITED,57.2,59.85,L
INDOWIND ENERGY LIMITED,3.1,3.45,L
SEC RE NCD SR VIII,1045.83,1065,L
MEDICAMEN ORGANICS LTD,81,81.6,L
8.12/8.32% TAX FREE NCD,1052.5,1056.1,L
GRILL SPLENDOUR SER LTD,68.25,68.4,L
NANDANI CREATION LIMITED,36.45,36.69,L
SHIVALIC POWER CONTROL L,289,290.05,L
YASONS CHEMEX CARE LTD,24,24.05,L
BOND 8.88% PA TF TII-SIIB,1151.5,1155,L
FALCON TECHNOPROJ IND LTD,65.25,66.1,L
SEC RE NCD 10.75% SR.III,1002.5,1025,L
SBIAMC - SBISILVER,80.27,80.99,L
RKEC PROJECTS LIMITED,124.15,126.69,L
DIVINE POWER ENERGY LTD,90.6,96.2,L
VIJI FINANCE LIMITED,2.28,2.3,L
RNFI SERVICES LIMITED,180.1,189.55,L
SECUR CREDENTIALS LIMITED,7.7,7.85,L
BODHI TREE MULTIMEDIA LTD,13.06,13.19,L

