SERIES,SYMBOL,SECURITY,RECORD_DT,BC_STRT_DT,BC_END_DT,EX_DT,ND_STRT_DT,ND_END_DT,PURPOSE
BE,BHAGCHEM,Bhagiradha Chem & Inds L, ,03/08/2024,09/08/2024,02/08/2024, , ,AGM/DIV-RE 0.10 PER SH   
BE,RAMAPHO,Rama Phosphates Limited, ,06/08/2024,13/08/2024,05/08/2024, , ,ANNUAL GENERAL MEETING   
BE,NETWEB,Netweb Tech India Ltd, ,10/08/2024,17/08/2024,09/08/2024, , ,ANNUAL GENERAL MEETING   
BE,SAHYADRI,Sahyadri Industries Ltd, ,03/08/2024,09/08/2024,02/08/2024, , ,AGM/DIV - RE 1 PER SH    
BE,NUVAMA,Nuvama Wealth Manage Ltd,07/08/2024, , ,07/08/2024, , ,INTDIV-RS 81.50 PER SH   
BE,AARTECH,Aartech Solonics Limited,09/08/2024, , ,09/08/2024, , ,BONUS 1:2                
BE,AARTECH,Aartech Solonics Limited,09/08/2024, , ,09/08/2024, , ,FVSPLT FRM RS 10 TO RS 5 
BE,DJML,DJ Mediaprint & Log Ltd,09/08/2024, , ,09/08/2024, , ,BONUS 2:1                
BE,CELLO,Cello World Limited, ,03/08/2024,10/08/2024,02/08/2024, , ,AGM/DIV-RS 1.50 PER SH   
BE,ASKAUTOLTD,ASK Automotive Limited,09/08/2024, , ,09/08/2024, , ,DIV - RE 1 PER SH        
BE,NAVA,Nava Bharat Ventures Ltd., ,02/08/2024,08/08/2024,01/08/2024, , ,ANNUAL GENERAL MEETING   
BE,ESAFSFB,ESAF Small Finance Bank L,07/08/2024, , ,07/08/2024, , ,DIV - RE 0.70 PER SH     
BE,ESAFSFB,ESAF Small Finance Bank L, ,08/08/2024,14/08/2024,07/08/2024, , ,ANNUAL GENERAL MEETING   
BE,SUKHJITS,Sukhjit Starch & Chem Ltd, ,10/08/2024,15/08/2024,09/08/2024, , ,ANNUAL GENERAL MEETING   
BE,OSWALGREEN,OSWAL CHEM. & FERT. LTD., ,02/08/2024,08/08/2024,01/08/2024, , ,ANNUAL GENERAL MEETING   
BE,UEL,Ujaas Energy Limited, ,10/08/2024,16/08/2024,09/08/2024, , ,ANNUAL GENERAL MEETING   
BE,FILATFASH,Filatex Fashions Limited,09/08/2024, , ,09/08/2024, , ,FV SPLT FRM RS 5 TO RE 1 
BE,LTFOODS,LT Foods Limited,06/08/2024, , ,06/08/2024, , ,INTDIV - RS 0.50 PER SH  
BE,BAJAJELEC,Bajaj Electricals Limited, ,20/07/2024,06/08/2024,19/07/2024, , ,AGM/DIV - RS 3 PER SH    
BE,CERA,Cera Sanitaryware Limited,16/08/2024, , ,16/08/2024, , ,BUY BACK                 
BE,MANINFRA,Man Infra Ltd, ,31/07/2024,06/08/2024,30/07/2024, , ,ANNUAL GENERAL MEETING   
BE,VINYLINDIA,Vinyl Chemicals (India) L, ,25/07/2024,08/08/2024,24/07/2024, , ,AGM/DIV-RS 6.75 PER SH   
BE,HERCULES,Hercules Hoists Limited, ,06/08/2024,12/08/2024,05/08/2024, , ,AGM/DIV - RS 4 PER SH    
BE,BOSCHLTD,Bosch Limited, ,20/07/2024,07/08/2024,19/07/2024, , ,AGM/DIV-RS 170 PER SH    
BE,BAYERCROP,Bayer Cropscience Ltd, ,02/08/2024,09/08/2024,01/08/2024, , ,AGM/DIV - RS 35 PER SH   
BE,SOTL,Savita Oil Technologies L,16/08/2024, , ,16/08/2024, , ,BUY BACK                 
BE,COROMANDEL,Coromandel Internl Ltd., ,27/07/2024,07/08/2024,26/07/2024, , ,ANNUAL GENERAL MEETING   
BE,UGARSUGAR,The Ugar Sugar Works Ltd, ,27/07/2024,13/08/2024,26/07/2024, , ,ANNUAL GENERAL MEETING   
BE,DEEPAKNTR,Deepak Nitrite Ltd, ,30/07/2024,06/08/2024,29/07/2024, , ,AGM/DIV - RS 7.50 PER SH 
BE,WABAG,VA Tech Wabag Ltd, ,07/08/2024,14/08/2024,06/08/2024, , ,ANNUAL GENERAL MEETING   
BE,KIRLOSENG,Kirloskar Oil Eng Ltd, ,02/08/2024,08/08/2024,01/08/2024, , ,AGM/DIV - RS 3.50 PER SH 
BE,DHANUKA,Dhanuka Agritech Ltd,16/08/2024, , ,16/08/2024, , ,BUY BACK                 
BE,TDPOWERSYS,TD Power Systems Ltd.,06/08/2024, , ,06/08/2024, , ,AGM/DIV-RE 0.60 PER SH   
BE,JISLDVREQS,Jain DVR Equity Shares, ,05/08/2024,16/08/2024,02/08/2024, , ,ANNUAL GENERAL MEETING   
BE,ELGIRUBCO,Elgi Rubber Co. Ltd, ,08/08/2024,14/08/2024,07/08/2024, , ,ANNUAL GENERAL MEETING   
BE,ORIENTBELL,Orient Bell Limited, ,31/07/2024,06/08/2024,30/07/2024, , ,AGM/DIV-RE 0.50 PER SH   
BE,RUSHIL,Rushil Decor Limited,09/08/2024, , ,09/08/2024, , ,FVSPLT FRM RS 10 TO RE 1 
BE,KOKUYOCMLN,Kokuyo Camlin Limited, ,31/07/2024,06/08/2024,30/07/2024, , ,AGM/DIV-RE 0.50 PER SH   
BE,MPSLTD,MPS Limited, ,02/08/2024,08/08/2024,01/08/2024, , ,AGM/DIV - RS 45 PER SH   
BE,HEROMOTOCO,Hero MotoCorp Limited, ,02/08/2024,12/08/2024,01/08/2024, , ,AGM/DIV - RS 40 PER SH   
BE,MINDACORP,Minda Corporation Ltd, ,08/08/2024,14/08/2024,07/08/2024, , ,DIV - RE 0.90 PER SH     
BE,NIBL,NRB Indus. Bearings Ltd., ,01/08/2024,07/08/2024,31/07/2024, , ,ANNUAL GENERAL MEETING   
BE,LINDEINDIA,BOC India Limited, ,06/08/2024,12/08/2024,05/08/2024, , ,AGM/DIV/SPDV - RS 4 & 8  
BE,CASTROLIND,Castrol India Limited,07/08/2024, , ,07/08/2024, , ,INTDIV - RS 3.50 PER SH  
BE,MINDTECK,Mindteck (India) Limited, ,03/08/2024,09/08/2024,02/08/2024, , ,AGM/DIV - RE 1 PER SH    
BE,GODREJIND,Godrej Industries Ltd., ,06/08/2024,13/08/2024,05/08/2024, , ,ANNUAL GENERAL MEETING   
BE,MARUTI,Maruti Suzuki India Ltd, ,03/08/2024,27/08/2024,02/08/2024, , ,DIV - RS 125 PER SH      
BE,RADICO,Radico Khaitan Limited, ,26/07/2024,07/08/2024,25/07/2024, , ,AGM/DIV - RS 3 PER SH    
BE,AVANTIFEED,Avanti Feeds Limited, ,31/07/2024,06/08/2024,30/07/2024, , ,AGM/DIV-RS 6.75 PER SH   
BE,EXCEL,Excel Realty N Infra Ltd, ,03/08/2024,09/08/2024,02/08/2024, , ,ANNUAL GENERAL MEETING   
BE,UMANGDAIRY,Umang Dairies Limited, ,31/07/2024,06/08/2024,30/07/2024, , ,ANNUAL GENERAL MEETING   
BE,INFIBEAM,Infibeam Avenues Limited,07/08/2024, , ,07/08/2024, , ,AGM/DIV-RS 0.05 PER SH   
BE,ALBERTDAVD,Albert David Limited, ,03/08/2024,09/08/2024,02/08/2024, , ,ANNUAL GENERAL MEETING   
BE,BIGBLOC,Bigbloc Construction Ltd, ,23/08/2024,29/08/2024,22/08/2024, , ,ANNUAL GENERAL MEETING   
BE,IEX,Indian Energy Exc Ltd, ,30/07/2024,06/08/2024,29/07/2024, , ,ANNUAL GENERAL MEETING   
BE,TCIEXP,TCI Express Limited, ,07/08/2024,13/08/2024,06/08/2024, , ,AGM/DIV - RS 2 PER SH    
BE,PALASHSECU,Palash Securities  Ltd, ,03/08/2024,09/08/2024,02/08/2024, , ,ANNUAL GENERAL MEETING   
BE,APCL,Anjani Portland Cem Ltd, ,03/08/2024,09/08/2024,02/08/2024, , ,ANNUAL GENERAL MEETING   
BE,CREDITACC,CreditAccess Grameen Ltd, ,27/07/2024,12/08/2024,26/07/2024, , ,AGM/DIV - RS 10 PER SH   
BE,AMBER,Amber Enterprises (I) Ltd, ,03/08/2024,09/08/2024,02/08/2024, , ,ANNUAL GENERAL MEETING   
BE,BAJAJCON,Bajaj Corp Limited, ,02/08/2024,09/08/2024,01/08/2024, , ,ANNUAL GENERAL MEETING   
BE,JTEKTINDIA,JTEKT India Ltd, ,27/07/2024,13/08/2024,26/07/2024, , ,DIV - RS 0.60 PER SH     
BE,RITES,RITES Limited,08/08/2024, , ,08/08/2024, , ,INTDIV - RS 2.50 PER SH  
BE,HBSL,HB Stockholdings Limited, ,03/08/2024,09/08/2024,02/08/2024, , ,ANNUAL GENERAL MEETING   
BE,SUVENPHAR,Suven Pharmaceuticals Ltd, ,07/08/2024,09/08/2024,06/08/2024, , ,ANNUAL GENERAL MEETING   
BE,WORTH,Worth Peripherals Limited, ,10/08/2024,16/08/2024,09/08/2024, , ,AGM/DIV - RE 1 PER SH    
BE,ARVINDFASN,Arvind Fashions Limited,09/08/2024, , ,09/08/2024, , ,DIV - 1.25 RS PER SH     
BE,KAPSTON,Kapston Facilities Mgmt L,09/08/2024, , ,09/08/2024, , ,FVSPLT FRM RS 10 TO RS 5 
BE,BANKA,Banka BioLoo Limited, ,02/08/2024,08/08/2024,01/08/2024, , ,ANNUAL GENERAL MEETING   
BE,CHOLAHLDNG,Cholamandalam Fin Hol Ltd, ,03/08/2024,09/08/2024,02/08/2024, , ,AGM/DIV-RE 0.55 PER SH   
BE,OAL,Oriental Aromatics Limite, ,07/08/2024,21/08/2024,06/08/2024, , ,AGM/DIV - RE 0.50 PER SH 
BE,GFSTEELS,Grand Foundry Ltd, ,03/08/2024,07/08/2024,02/08/2024, , ,ANNUAL GENERAL MEETING   
BE,INFOBEAN,InfoBeans Techno. Ltd., ,31/07/2024,07/08/2024,30/07/2024, , ,ANNUAL GENERAL MEETING   
BE,INDIGOPNTS,Indigo Paints Limited, ,03/08/2024,10/08/2024,02/08/2024, , ,ANNUAL GENERAL MEETING   
BE,MAPMYINDIA,C.E. Info Systems Limited, ,03/08/2024,09/08/2024,02/08/2024, , ,ANNUAL GENERAL MEETING   
BE,UDAICEMENT,Udaipur Cement Works Ltd, ,09/08/2024,16/08/2024,08/08/2024, , ,ANNUAL GENERAL MEETING   
BE,STEELCAS,Steelcast Limited, ,01/08/2024,08/08/2024,31/07/2024, , ,AGM/DIV-RS 3.15 PER SH   
BE,IRIS,Iris Business Serv Ltd, ,08/08/2024,14/08/2024,07/08/2024, , ,ANNUAL GENERAL MEETING   
BE,GOCOLORS,Go Fashion India Ltd, ,01/08/2024,07/08/2024,31/07/2024, , ,ANNUAL GENERAL MEETING   
BE,DCMSRIND,DCM Shriram Ind Ltd, ,27/07/2024,07/08/2024,26/07/2024, , ,ANNUAL GENERAL MEETING   
BE,INDUSTOWER,Indus Towers Limited,09/08/2024, , ,09/08/2024, , ,BUY BACK                 
BE,UGROCAP,Ugro Capital Limited, ,02/08/2024,08/08/2024,01/08/2024, , ,ANNUAL GENERAL MEETING   
BE,OSWALAGRO,Oswal Agro Mills Ltd, ,02/08/2024,08/08/2024,01/08/2024, , ,ANNUAL GENERAL MEETING   
BE,BATAINDIA,BATA INDIA LTD, ,01/08/2024,07/08/2024,31/07/2024, , ,AGM/DIV - RS 12 PER SH   
BE,NOCIL,NOCIL Limited, ,27/07/2024,08/08/2024,26/07/2024, , ,AGM/DIV - RS 3 PER SH    
BE,BOMDYEING,BOMBAY DYEING & MFG. CO L, ,08/08/2024,14/08/2024,07/08/2024, , ,AGM/DIV-RS 1.20 PER SH   
BE,BPCL,BHARAT PETROLEUM CORP  LT,09/08/2024, , ,09/08/2024, , ,DIV - RS 10.5 PER SH     
BE,GRASIM,GRASIM INDUSTRIES LTD, ,07/08/2024,20/08/2024,06/08/2024, , ,AGM/DIV - RS 10 PER SH   
BE,BBTC,Bombay Burmah Trading , ,10/08/2024,16/08/2024,09/08/2024, , ,AGM/DIV-RS 1.20 PER SH   
BE,EICHERMOT,Eicher Motors Ltd,07/08/2024, , ,07/08/2024, , ,DIV - RS 51 PER SH       
BE,CHAMBLFERT,CHAMBAL FERTILIZERS LTD, ,06/08/2024,07/08/2024,05/08/2024, , ,DIV - RS 3 PER SH        
BE,EIDPARRY,EID PARRY INDIA LTD, ,07/08/2024,14/08/2024,06/08/2024, , ,ANNUAL GENERAL MEETING   
BE,TFCILTD,Tourism Finance Corp , ,08/08/2024,14/08/2024,07/08/2024, , ,AGM/DIV-RS 2.50 PER SH   
BE,PIDILITIND,PIDILITIND-Depo, ,25/07/2024,07/08/2024,24/07/2024, , ,ANNUAL GENERAL MEETING   
BE,BRITANNIA,BRITANNIA INDUSTRIES LTD, ,06/08/2024,12/08/2024,05/08/2024, , ,AGM/DIV-RS 73.5 PER SH   
BE,LYKALABS,Lyka Labs Ltd, ,02/08/2024,09/08/2024,01/08/2024, , ,ANNUAL GENERAL MEETING   
BE,IPCALAB,Ipca Laboratories Ltd., ,07/08/2024,13/08/2024,06/08/2024, , ,AGM/DIV - RS 2 PER SH    
BE,VSTIND,VST Industries Ltd.,30/08/2024, , ,30/08/2024, , ,BONUS 10:1               
BE,HEG,HEG Ltd, ,01/08/2024,07/08/2024,31/07/2024, , ,AGM/DIV-RS 22.50 PER SH  
BE,CUB,City Union Bank Ltd.,09/08/2024, , ,09/08/2024, , ,DIV - RS 1.50 PER SH     
BE,BERGEPAINT,Berger Paints (I) Ltd, ,06/08/2024,12/08/2024,05/08/2024, , ,AGM/DIV-RS 3.50 PER SH   
BE,JAYSREETEA,JAYSREETEA - Depo, ,03/08/2024,09/08/2024,02/08/2024, , ,ANNUAL GENERAL MEETING   
BE,ESABINDIA,Esabindia-depo, ,02/08/2024,08/08/2024,01/08/2024, , ,AGM/DIV - RS 30 PER SH   
BE,AKSHOPTFBR,Aksh Optifibre Limited, ,31/07/2024,06/08/2024,30/07/2024, , ,ANNUAL GENERAL MEETING   
BE,BSL,BSL Ltd, ,31/07/2024,06/08/2024,30/07/2024, , ,AGM/DIV - RE 1 PER SH    
BE,WSTCSTPAPR,West Coast Paper Mills, ,07/08/2024,14/08/2024,06/08/2024, , ,AGM/DIV - RS 8 PER SH    
BE,BLUESTARCO,Blue Star Limited-Depo, ,20/07/2024,06/08/2024,19/07/2024, , ,DIV - RS 7 PER SH        
BE,TTKPRESTIG,TTK Prestige Ltd.,14/08/2024, , ,14/08/2024, , ,BUY BACK                 
BE,GABRIEL,Gabriel India Ltd,07/08/2024, , ,07/08/2024, , ,DIV - RS 2.50 PER SH     
BE,GABRIEL,Gabriel India Ltd, ,08/08/2024,14/08/2024,07/08/2024, , ,ANNUAL GENERAL MEETING   
BE,MUNJALSHOW,Munjal Showa Ltd, ,03/08/2024,21/08/2024,02/08/2024, , ,AGM/DIV-RS 4.50 PER SH   
BE,SUNDARMFIN,Sundaram Finance Ltd., ,01/08/2024,14/08/2024,31/07/2024, , ,AGM/DIV - RS 16 PER SH   
BE,21STCENMGM,21st Century Mgmt-Depo, ,02/08/2024,08/08/2024,01/08/2024, , ,ANNUAL GENERAL MEETING   
BE,IVP,IVP Ltd., ,02/08/2024,08/08/2024,01/08/2024, , ,AGM/DIV - RE 1 PER SH    
BE,SUPERSPIN,SuperSpgMills-Roll Sett, ,04/08/2024,10/08/2024,02/08/2024, , ,ANNUAL GENERAL MEETING   
BE,TAINWALCHM,Tainwala Chem & Plastics , ,07/08/2024,13/08/2024,06/08/2024, , ,ANNUAL GENERAL MEETING   
BE,MRO-TEK,MRO-TEK Realty Ltd, ,03/08/2024,09/08/2024,02/08/2024, , ,ANNUAL GENERAL MEETING   
BE,KARURVYSYA,Karur Vysya Bank Ltd, ,02/08/2024,14/08/2024,01/08/2024, , ,DIV - RS 2.40 PER SH     
BE,NTPC,NTPC Limited,07/08/2024, , ,07/08/2024, , ,DIV - RS 3.25 PER SH     
BE,JISLJALEQS,Equity shares of Rs.10/-, ,05/08/2024,16/08/2024,02/08/2024, , ,ANNUAL GENERAL MEETING   
BE,MARALOVER,Maral Overseas Ltd, ,21/08/2024,27/08/2024,20/08/2024, , ,ANNUAL GENERAL MEETING   
BE,CENTEXT,Century Extrusions Ltd, ,03/08/2024,09/08/2024,02/08/2024, , ,ANNUAL GENERAL MEETING   
BE,ULTRACEMCO,UltraTech Cement Limited, ,31/07/2024,14/08/2024,30/07/2024, , ,AGM/DIV - RS 70 PER SH   
BE,GREAVESCOT,Greaves Limited, ,02/08/2024,08/08/2024,01/08/2024, , ,DIV - RS 2 PER SH        
BE,USHAMART,Usha Martin Limited, ,07/08/2024,13/08/2024,06/08/2024, , ,ANNUAL GENERAL MEETING   
BE,USHAMART,Usha Martin Limited,06/08/2024, , ,06/08/2024, , ,DIV - RS 2.75 PER SH     
BE,NORBTEAEXP,Norben Tea & Exp Ltd., ,03/08/2024,09/08/2024,02/08/2024, , ,ANNUAL GENERAL MEETING   
BE,QUINTEGRA,Quintegra Solutions Ltd, ,08/08/2024,14/08/2024,07/08/2024, , ,ANNUAL GENERAL MEETING   
BE,JKLAKSHMI,JK Lakshmi Cement Limited, ,10/08/2024,23/08/2024,09/08/2024, , ,DIV - RS 4.50 PER SH     
BE,BHARTIARTL,Bharti Airtel Limited,07/08/2024, , ,07/08/2024, , ,DIV - RS 8 PER SH        
BE,REPRO,Repro India Limited, ,03/08/2024,09/08/2024,02/08/2024, , ,ANNUAL GENERAL MEETING   
BE,SAKUMA,Sakuma Exports Limited,10/08/2024, , ,09/08/2024, , ,BONUS 4:1                
BE,SAKSOFT,Saksoft Limited, ,01/08/2024,07/08/2024,31/07/2024, , ,AGM/DIV - RE 0.40 PER SH 
BE,IGARASHI,Igarashi Motors India Lim, ,01/08/2024,09/08/2024,31/07/2024, , ,ANNUAL GENERAL MEETING   
BE,GRANULES,Granules India Limited, ,31/07/2024,06/08/2024,30/07/2024, , ,AGM/DIV-RS 1.50 PER SH   
BE,EMKAY,Emkay Global Fin Serv Ltd, ,02/08/2024,08/08/2024,01/08/2024, , ,AGM/DIV-RS 1.50 PER SH   
BE,PIONEEREMB,Pioneer Embroideries Limi, ,31/07/2024,06/08/2024,30/07/2024, , ,ANNUAL GENERAL MEETING   
BE,ADSL,Allied Digital Services L, ,03/08/2024,08/08/2024,02/08/2024, , ,ANNUAL GENERAL MEETING   
BE,BGRENERGY,BGR Energy Systems Ltd, ,03/08/2024,09/08/2024,02/08/2024, , ,ANNUAL GENERAL MEETING   
BE,SOMANYCERA,Somany Ceramics Limited, ,06/08/2024,12/08/2024,05/08/2024, , ,ANNUAL GENERAL MEETING   
BE,BANSWRAS,Banswara Syntex Limited, ,31/07/2024,06/08/2024,30/07/2024, , ,AGM/DIV - RE 1 PER SH    
BE,ASIANTILES,Asian Granito India Limit, ,31/07/2024,06/08/2024,30/07/2024, , ,ANNUAL GENERAL MEETING   
BE,TAKE,Take Solutions Limited, ,08/08/2024,14/08/2024,07/08/2024, , ,ANNUAL GENERAL MEETING   
BE,ISMTLTD,ISMT Limited,06/08/2024, , , , , ,MERGER                   
BE,AVTNPL,AVT Natural Products Limi, ,03/08/2024,09/08/2024,02/08/2024, , ,AGM/DIV-RE 0.50 PER SH   
BE,SARLAPOLY,Sarla Performance Fibers, ,02/08/2024,08/08/2024,01/08/2024, , ,ANNUAL GENERAL MEETING   
E1,AIRTELPP,Bharti Rs. 1.25 ppd up,07/08/2024, , ,07/08/2024, , ,DIV - RS 2 PER SH        
EQ,BRITANNIA,Britannia Ind Ltd., ,06/08/2024,12/08/2024,05/08/2024, , ,AGM/DIV-RS 73.5 PER SH   
EQ,HEG,HEG Ltd, ,01/08/2024,07/08/2024,31/07/2024, , ,AGM/DIV-RS 22.50 PER SH  
EQ,21STCENMGM,21st Century Mgmt Ser Ltd, ,02/08/2024,08/08/2024,01/08/2024, , ,ANNUAL GENERAL MEETING   
EQ,WSTCSTPAPR,West Coast Paper Mills, ,07/08/2024,14/08/2024,06/08/2024, , ,AGM/DIV - RS 8 PER SH    
EQ,MUNJALSHOW,Munjal Showa Ltd, ,03/08/2024,21/08/2024,02/08/2024, , ,AGM/DIV-RS 4.50 PER SH   
EQ,BSL,BSL Ltd, ,31/07/2024,06/08/2024,30/07/2024, , ,AGM/DIV - RE 1 PER SH    
EQ,TFCILTD,Tourism Finance Corp , ,08/08/2024,14/08/2024,07/08/2024, , ,AGM/DIV-RS 2.50 PER SH   
EQ,BERGEPAINT,Berger Paints (I) Ltd, ,06/08/2024,12/08/2024,05/08/2024, , ,AGM/DIV-RS 3.50 PER SH   
EQ,TAINWALCHM,Tainwala Chem & Plastics , ,07/08/2024,13/08/2024,06/08/2024, , ,ANNUAL GENERAL MEETING   
EQ,OSWALAGRO,Oswal Agro Mills Ltd, ,02/08/2024,08/08/2024,01/08/2024, , ,ANNUAL GENERAL MEETING   
EQ,IVP,IVP Ltd., ,02/08/2024,08/08/2024,01/08/2024, , ,AGM/DIV - RE 1 PER SH    
EQ,EICHERMOT,Eicher Motors Ltd,07/08/2024, , ,07/08/2024, , ,DIV - RS 51 PER SH       
EQ,LYKALABS,Lyka Labs Ltd, ,02/08/2024,09/08/2024,01/08/2024, , ,ANNUAL GENERAL MEETING   
EQ,PIDILITIND,Pidilite Industries Ltd, ,25/07/2024,07/08/2024,24/07/2024, , ,ANNUAL GENERAL MEETING   
EQ,KARURVYSYA,Karur Vysya Bank Ltd, ,02/08/2024,14/08/2024,01/08/2024, , ,DIV - RS 2.40 PER SH     
EQ,GABRIEL,Gabriel India Ltd,07/08/2024, , ,07/08/2024, , ,DIV - RS 2.50 PER SH     
EQ,GABRIEL,Gabriel India Ltd, ,08/08/2024,14/08/2024,07/08/2024, , ,ANNUAL GENERAL MEETING   
EQ,ESABINDIA,Esab India Ltd., ,02/08/2024,08/08/2024,01/08/2024, , ,AGM/DIV - RS 30 PER SH   
EQ,JAYSREETEA,Jayashree Tea Ltd., ,03/08/2024,09/08/2024,02/08/2024, , ,ANNUAL GENERAL MEETING   
EQ,BATAINDIA,Bata India Ltd., ,01/08/2024,07/08/2024,31/07/2024, , ,AGM/DIV - RS 12 PER SH   
EQ,NOCIL,NOCIL Limited, ,27/07/2024,08/08/2024,26/07/2024, , ,AGM/DIV - RS 3 PER SH    
EQ,SUNDARMFIN,Sundaram Finance Ltd., ,01/08/2024,14/08/2024,31/07/2024, , ,AGM/DIV - RS 16 PER SH   
EQ,NORBTEAEXP,Norben Tea & Exp Ltd., ,03/08/2024,09/08/2024,02/08/2024, , ,ANNUAL GENERAL MEETING   
EQ,BPCL,Bharat Petroleum Ltd,09/08/2024, , ,09/08/2024, , ,DIV - RS 10.5 PER SH     
EQ,EIDPARRY,EID Parry Ltd., ,07/08/2024,14/08/2024,06/08/2024, , ,ANNUAL GENERAL MEETING   
EQ,IPCALAB,Ipca Laboratories Ltd., ,07/08/2024,13/08/2024,06/08/2024, , ,AGM/DIV - RS 2 PER SH    
EQ,TTKPRESTIG,TTK Prestige Ltd.,14/08/2024, , ,14/08/2024, , ,BUY BACK                 
EQ,CUB,City Union Bank Ltd.,09/08/2024, , ,09/08/2024, , ,DIV - RS 1.50 PER SH     
EQ,AKSHOPTFBR,Aksh Optifibre Limited, ,31/07/2024,06/08/2024,30/07/2024, , ,ANNUAL GENERAL MEETING   
EQ,BLUESTARCO,Blue Star Ltd., ,20/07/2024,06/08/2024,19/07/2024, , ,DIV - RS 7 PER SH        
EQ,BOMDYEING,Bombay Dyeing & Mfg Co., ,08/08/2024,14/08/2024,07/08/2024, , ,AGM/DIV-RS 1.20 PER SH   
EQ,GRASIM,Grasim Ind Ltd., ,07/08/2024,20/08/2024,06/08/2024, , ,AGM/DIV - RS 10 PER SH   
EQ,MARALOVER,Maral Overseas Ltd, ,21/08/2024,27/08/2024,20/08/2024, , ,ANNUAL GENERAL MEETING   
EQ,VSTIND,VST Industries Ltd.,30/08/2024, , ,30/08/2024, , ,BONUS 10:1               
EQ,CHAMBLFERT,Chambal Fertilizers Ltd., ,06/08/2024,07/08/2024,05/08/2024, , ,DIV - RS 3 PER SH        
EQ,SUPERSPIN,Super Spinning Mills Ltd, ,04/08/2024,10/08/2024,02/08/2024, , ,ANNUAL GENERAL MEETING   
EQ,BBTC,Bombay Burmah Trading , ,10/08/2024,16/08/2024,09/08/2024, , ,AGM/DIV-RS 1.20 PER SH   
EQ,MRO-TEK,MRO-TEK Realty Ltd, ,03/08/2024,09/08/2024,02/08/2024, , ,ANNUAL GENERAL MEETING   
EQ,NTPC,NTPC Limited,07/08/2024, , ,07/08/2024, , ,DIV - RS 3.25 PER SH     
EQ,JISLJALEQS,Jain Irrigation Systems L, ,05/08/2024,16/08/2024,02/08/2024, , ,ANNUAL GENERAL MEETING   
EQ,GODREJIND,Godrej Industries Ltd., ,06/08/2024,13/08/2024,05/08/2024, , ,ANNUAL GENERAL MEETING   
EQ,RADICO,Radico Khaitan Limited, ,26/07/2024,07/08/2024,25/07/2024, , ,AGM/DIV - RS 3 PER SH    
EQ,MARUTI,Maruti Suzuki India Ltd, ,03/08/2024,27/08/2024,02/08/2024, , ,DIV - RS 125 PER SH      
EQ,CENTEXT,Century Extrusions Limite, ,03/08/2024,09/08/2024,02/08/2024, , ,ANNUAL GENERAL MEETING   
EQ,ULTRACEMCO,UltraTech Cement Limited, ,31/07/2024,14/08/2024,30/07/2024, , ,AGM/DIV - RS 70 PER SH   
EQ,GREAVESCOT,Greaves Limited, ,02/08/2024,08/08/2024,01/08/2024, , ,DIV - RS 2 PER SH        
EQ,USHAMART,Usha Martin Limited, ,07/08/2024,13/08/2024,06/08/2024, , ,ANNUAL GENERAL MEETING   
EQ,USHAMART,Usha Martin Limited,06/08/2024, , ,06/08/2024, , ,DIV - RS 2.75 PER SH     
EQ,QUINTEGRA,Quintegra Solutions Ltd, ,08/08/2024,14/08/2024,07/08/2024, , ,ANNUAL GENERAL MEETING   
EQ,JKLAKSHMI,JK Lakshmi Cement Limited, ,10/08/2024,23/08/2024,09/08/2024, , ,DIV - RS 4.50 PER SH     
EQ,BHARTIARTL,Bharti Airtel Limited,07/08/2024, , ,07/08/2024, , ,DIV - RS 8 PER SH        
EQ,REPRO,Repro India Limited, ,03/08/2024,09/08/2024,02/08/2024, , ,ANNUAL GENERAL MEETING   
EQ,SAKUMA,Sakuma Exports Limited,10/08/2024, , ,09/08/2024, , ,BONUS 4:1                
EQ,SAKSOFT,Saksoft Limited, ,01/08/2024,07/08/2024,31/07/2024, , ,AGM/DIV - RE 0.40 PER SH 
EQ,IGARASHI,Igarashi Motors India Lim, ,01/08/2024,09/08/2024,31/07/2024, , ,ANNUAL GENERAL MEETING   
EQ,GRANULES,Granules India Limited, ,31/07/2024,06/08/2024,30/07/2024, , ,AGM/DIV-RS 1.50 PER SH   
EQ,EMKAY,Emkay Global Fin Serv Ltd, ,02/08/2024,08/08/2024,01/08/2024, , ,AGM/DIV-RS 1.50 PER SH   
EQ,PIONEEREMB,Pioneer Embroideries Limi, ,31/07/2024,06/08/2024,30/07/2024, , ,ANNUAL GENERAL MEETING   
EQ,BGRENERGY,BGR Energy Systems Ltd, ,03/08/2024,09/08/2024,02/08/2024, , ,ANNUAL GENERAL MEETING   
EQ,ADSL,Allied Digital Services L, ,03/08/2024,08/08/2024,02/08/2024, , ,ANNUAL GENERAL MEETING   
EQ,SOMANYCERA,Somany Ceramics Limited, ,06/08/2024,12/08/2024,05/08/2024, , ,ANNUAL GENERAL MEETING   
EQ,BANSWRAS,Banswara Syntex Limited, ,31/07/2024,06/08/2024,30/07/2024, , ,AGM/DIV - RE 1 PER SH    
EQ,ASIANTILES,Asian Granito India Limit, ,31/07/2024,06/08/2024,30/07/2024, , ,ANNUAL GENERAL MEETING   
EQ,TAKE,Take Solutions Limited, ,08/08/2024,14/08/2024,07/08/2024, , ,ANNUAL GENERAL MEETING   
EQ,ISMTLTD,ISMT Limited,06/08/2024, , , , , ,MERGER                   
EQ,AVTNPL,AVT Natural Products Limi, ,03/08/2024,09/08/2024,02/08/2024, , ,AGM/DIV-RE 0.50 PER SH   
EQ,SARLAPOLY,Sarla Performance Fibers, ,02/08/2024,08/08/2024,01/08/2024, , ,ANNUAL GENERAL MEETING   
EQ,BAJAJELEC,Bajaj Electricals Limited, ,20/07/2024,06/08/2024,19/07/2024, , ,AGM/DIV - RS 3 PER SH    
EQ,CERA,Cera Sanitaryware Limited,16/08/2024, , ,16/08/2024, , ,BUY BACK                 
EQ,MANINFRA,Man Infra Ltd, ,31/07/2024,06/08/2024,30/07/2024, , ,ANNUAL GENERAL MEETING   
EQ,VINYLINDIA,Vinyl Chemicals (India) L, ,25/07/2024,08/08/2024,24/07/2024, , ,AGM/DIV-RS 6.75 PER SH   
EQ,HERCULES,Hercules Hoists Limited, ,06/08/2024,12/08/2024,05/08/2024, , ,AGM/DIV - RS 4 PER SH    
EQ,BAYERCROP,Bayer Cropscience Ltd, ,02/08/2024,09/08/2024,01/08/2024, , ,AGM/DIV - RS 35 PER SH   
EQ,BOSCHLTD,Bosch Limited, ,20/07/2024,07/08/2024,19/07/2024, , ,AGM/DIV-RS 170 PER SH    
EQ,SOTL,Savita Oil Technologies L,16/08/2024, , ,16/08/2024, , ,BUY BACK                 
EQ,MPSLTD,MPS Limited, ,02/08/2024,08/08/2024,01/08/2024, , ,AGM/DIV - RS 45 PER SH   
EQ,COROMANDEL,Coromandel Internl Ltd., ,27/07/2024,07/08/2024,26/07/2024, , ,ANNUAL GENERAL MEETING   
EQ,UGARSUGAR,The Ugar Sugar Works Ltd, ,27/07/2024,13/08/2024,26/07/2024, , ,ANNUAL GENERAL MEETING   
EQ,DEEPAKNTR,Deepak Nitrite Ltd, ,30/07/2024,06/08/2024,29/07/2024, , ,AGM/DIV - RS 7.50 PER SH 
EQ,WABAG,VA Tech Wabag Ltd, ,07/08/2024,14/08/2024,06/08/2024, , ,ANNUAL GENERAL MEETING   
EQ,KIRLOSENG,Kirloskar Oil Eng Ltd, ,02/08/2024,08/08/2024,01/08/2024, , ,AGM/DIV - RS 3.50 PER SH 
EQ,DHANUKA,Dhanuka Agritech Ltd,16/08/2024, , ,16/08/2024, , ,BUY BACK                 
EQ,TDPOWERSYS,TD Power Systems Ltd.,06/08/2024, , ,06/08/2024, , ,AGM/DIV-RE 0.60 PER SH   
EQ,JISLDVREQS,Jain DVR Equity Shares, ,05/08/2024,16/08/2024,02/08/2024, , ,ANNUAL GENERAL MEETING   
EQ,ELGIRUBCO,Elgi Rubber Co. Ltd, ,08/08/2024,14/08/2024,07/08/2024, , ,ANNUAL GENERAL MEETING   
EQ,ORIENTBELL,Orient Bell Limited, ,31/07/2024,06/08/2024,30/07/2024, , ,AGM/DIV-RE 0.50 PER SH   
EQ,RUSHIL,Rushil Decor Limited,09/08/2024, , ,09/08/2024, , ,FVSPLT FRM RS 10 TO RE 1 
EQ,KOKUYOCMLN,Kokuyo Camlin Limited, ,31/07/2024,06/08/2024,30/07/2024, , ,AGM/DIV-RE 0.50 PER SH   
EQ,HEROMOTOCO,Hero MotoCorp Limited, ,02/08/2024,12/08/2024,01/08/2024, , ,AGM/DIV - RS 40 PER SH   
EQ,MINDACORP,Minda Corporation Ltd, ,08/08/2024,14/08/2024,07/08/2024, , ,DIV - RE 0.90 PER SH     
EQ,NIBL,NRB Indus. Bearings Ltd., ,01/08/2024,07/08/2024,31/07/2024, , ,ANNUAL GENERAL MEETING   
EQ,LINDEINDIA,BOC India Limited, ,06/08/2024,12/08/2024,05/08/2024, , ,AGM/DIV/SPDV - RS 4 & 8  
EQ,CASTROLIND,Castrol India Limited,07/08/2024, , ,07/08/2024, , ,INTDIV - RS 3.50 PER SH  
EQ,MINDTECK,Mindteck (India) Limited, ,03/08/2024,09/08/2024,02/08/2024, , ,AGM/DIV - RE 1 PER SH    
EQ,AVANTIFEED,Avanti Feeds Limited, ,31/07/2024,06/08/2024,30/07/2024, , ,AGM/DIV-RS 6.75 PER SH   
EQ,EXCEL,Excel Realty N Infra Ltd, ,03/08/2024,09/08/2024,02/08/2024, , ,ANNUAL GENERAL MEETING   
EQ,UMANGDAIRY,Umang Dairies Limited, ,31/07/2024,06/08/2024,30/07/2024, , ,ANNUAL GENERAL MEETING   
EQ,INFIBEAM,Infibeam Avenues Limited,07/08/2024, , ,07/08/2024, , ,AGM/DIV-RS 0.05 PER SH   
EQ,ALBERTDAVD,Albert David Limited, ,03/08/2024,09/08/2024,02/08/2024, , ,ANNUAL GENERAL MEETING   
EQ,BIGBLOC,Bigbloc Construction Ltd, ,23/08/2024,29/08/2024,22/08/2024, , ,ANNUAL GENERAL MEETING   
EQ,IEX,Indian Energy Exc Ltd, ,30/07/2024,06/08/2024,29/07/2024, , ,ANNUAL GENERAL MEETING   
EQ,TCIEXP,TCI Express Limited, ,07/08/2024,13/08/2024,06/08/2024, , ,AGM/DIV - RS 2 PER SH    
EQ,PALASHSECU,Palash Securities  Ltd, ,03/08/2024,09/08/2024,02/08/2024, , ,ANNUAL GENERAL MEETING   
EQ,APCL,Anjani Portland Cem Ltd, ,03/08/2024,09/08/2024,02/08/2024, , ,ANNUAL GENERAL MEETING   
EQ,CREDITACC,CreditAccess Grameen Ltd, ,27/07/2024,12/08/2024,26/07/2024, , ,AGM/DIV - RS 10 PER SH   
EQ,AMBER,Amber Enterprises (I) Ltd, ,03/08/2024,09/08/2024,02/08/2024, , ,ANNUAL GENERAL MEETING   
EQ,JTEKTINDIA,JTEKT India Ltd, ,27/07/2024,13/08/2024,26/07/2024, , ,DIV - RS 0.60 PER SH     
EQ,RITES,RITES Limited,08/08/2024, , ,08/08/2024, , ,INTDIV - RS 2.50 PER SH  
EQ,HBSL,HB Stockholdings Limited, ,03/08/2024,09/08/2024,02/08/2024, , ,ANNUAL GENERAL MEETING   
EQ,SUVENPHAR,Suven Pharmaceuticals Ltd, ,07/08/2024,09/08/2024,06/08/2024, , ,ANNUAL GENERAL MEETING   
EQ,WORTH,Worth Peripherals Limited, ,10/08/2024,16/08/2024,09/08/2024, , ,AGM/DIV - RE 1 PER SH    
EQ,ARVINDFASN,Arvind Fashions Limited,09/08/2024, , ,09/08/2024, , ,DIV - 1.25 RS PER SH     
EQ,KAPSTON,Kapston Facilities Mgmt L,09/08/2024, , ,09/08/2024, , ,FVSPLT FRM RS 10 TO RS 5 
EQ,BAJAJCON,Bajaj Corp Limited, ,02/08/2024,09/08/2024,01/08/2024, , ,ANNUAL GENERAL MEETING   
EQ,BANKA,Banka BioLoo Limited, ,02/08/2024,08/08/2024,01/08/2024, , ,ANNUAL GENERAL MEETING   
EQ,CHOLAHLDNG,Cholamandalam Fin Hol Ltd, ,03/08/2024,09/08/2024,02/08/2024, , ,AGM/DIV-RE 0.55 PER SH   
EQ,OAL,Oriental Aromatics Limite, ,07/08/2024,21/08/2024,06/08/2024, , ,AGM/DIV - RE 0.50 PER SH 
EQ,GFSTEELS,Grand Foundry Ltd, ,03/08/2024,07/08/2024,02/08/2024, , ,ANNUAL GENERAL MEETING   
EQ,INFOBEAN,InfoBeans Techno. Ltd., ,31/07/2024,07/08/2024,30/07/2024, , ,ANNUAL GENERAL MEETING   
EQ,INDIGOPNTS,Indigo Paints Limited, ,03/08/2024,10/08/2024,02/08/2024, , ,ANNUAL GENERAL MEETING   
EQ,MAPMYINDIA,C.E. Info Systems Limited, ,03/08/2024,09/08/2024,02/08/2024, , ,ANNUAL GENERAL MEETING   
EQ,UDAICEMENT,Udaipur Cement Works Ltd, ,09/08/2024,16/08/2024,08/08/2024, , ,ANNUAL GENERAL MEETING   
EQ,STEELCAS,Steelcast Limited, ,01/08/2024,08/08/2024,31/07/2024, , ,AGM/DIV-RS 3.15 PER SH   
EQ,IRIS,Iris Business Serv Ltd, ,08/08/2024,14/08/2024,07/08/2024, , ,ANNUAL GENERAL MEETING   
EQ,GOCOLORS,Go Fashion India Ltd, ,01/08/2024,07/08/2024,31/07/2024, , ,ANNUAL GENERAL MEETING   
EQ,DCMSRIND,DCM Shriram Ind Ltd, ,27/07/2024,07/08/2024,26/07/2024, , ,ANNUAL GENERAL MEETING   
EQ,INDUSTOWER,Indus Towers Limited,09/08/2024, , ,09/08/2024, , ,BUY BACK                 
EQ,UGROCAP,Ugro Capital Limited, ,02/08/2024,08/08/2024,01/08/2024, , ,ANNUAL GENERAL MEETING   
EQ,BHAGCHEM,Bhagiradha Chem & Inds L, ,03/08/2024,09/08/2024,02/08/2024, , ,AGM/DIV-RE 0.10 PER SH   
EQ,DJML,DJ Mediaprint & Log Ltd,09/08/2024, , ,09/08/2024, , ,BONUS 2:1                
EQ,RAMAPHO,Rama Phosphates Limited, ,06/08/2024,13/08/2024,05/08/2024, , ,ANNUAL GENERAL MEETING   
EQ,NETWEB,Netweb Tech India Ltd, ,10/08/2024,17/08/2024,09/08/2024, , ,ANNUAL GENERAL MEETING   
EQ,AARTECH,Aartech Solonics Limited,09/08/2024, , ,09/08/2024, , ,BONUS 1:2                
EQ,AARTECH,Aartech Solonics Limited,09/08/2024, , ,09/08/2024, , ,FVSPLT FRM RS 10 TO RS 5 
EQ,NUVAMA,Nuvama Wealth Manage Ltd,07/08/2024, , ,07/08/2024, , ,INTDIV-RS 81.50 PER SH   
EQ,SAHYADRI,Sahyadri Industries Ltd, ,03/08/2024,09/08/2024,02/08/2024, , ,AGM/DIV - RE 1 PER SH    
EQ,CELLO,Cello World Limited, ,03/08/2024,10/08/2024,02/08/2024, , ,AGM/DIV-RS 1.50 PER SH   
EQ,ASKAUTOLTD,ASK Automotive Limited,09/08/2024, , ,09/08/2024, , ,DIV - RE 1 PER SH        
EQ,NAVA,Nava Bharat Ventures Ltd., ,02/08/2024,08/08/2024,01/08/2024, , ,ANNUAL GENERAL MEETING   
EQ,ESAFSFB,ESAF Small Finance Bank L,07/08/2024, , ,07/08/2024, , ,DIV - RE 0.70 PER SH     
EQ,ESAFSFB,ESAF Small Finance Bank L, ,08/08/2024,14/08/2024,07/08/2024, , ,ANNUAL GENERAL MEETING   
EQ,SUKHJITS,Sukhjit Starch & Chem Ltd, ,10/08/2024,15/08/2024,09/08/2024, , ,ANNUAL GENERAL MEETING   
EQ,OSWALGREEN,Oswal Chem & Fert Ltd., ,02/08/2024,08/08/2024,01/08/2024, , ,ANNUAL GENERAL MEETING   
EQ,UEL,Ujaas Energy Limited, ,10/08/2024,16/08/2024,09/08/2024, , ,ANNUAL GENERAL MEETING   
EQ,FILATFASH,Filatex Fashions Limited,09/08/2024, , ,09/08/2024, , ,FV SPLT FRM RS 5 TO RE 1 
EQ,LTFOODS,LT Foods Limited,06/08/2024, , ,06/08/2024, , ,INTDIV - RS 0.50 PER SH  
GS,GS220824C,GOI STRIPS C 220824,20/08/2024, , , , , ,REDEMPTION               
GS,GS100824C,GOI STRIPS C 100824,07/08/2024, , , , , ,REDEMPTION               
IV,IRBIT,IRB INFRASTRUCTURE TRUST,09/08/2024, , ,09/08/2024, , ,DISTRIBUTION - RE 0.65   
IV,CUBEINVIT,Cube Highways Trust,09/08/2024, , ,09/08/2024, , ,DIV/DISTRIB - RS 2       
N6,IIFL,IIFL Finance Limited,22/08/2024, , ,22/08/2024, , ,INTEREST PAYMENT         
RR,NXST,Nexus Select Trust,07/08/2024, , ,07/08/2024, , ,DIV/DISTRIBU - RS 2.147  
RT,NXST,Nexus Select Trust,07/08/2024, , ,07/08/2024, , ,DIV/DISTRIBU - RS 2.147  
SG,540CG24,SDL CG 5.40% 2024,08/08/2024, , , , , ,REDEMPTION               
SG,541AP24,SDL AP 5.41% 2024,08/08/2024, , , , , ,REDEMPTION               
SG,539RJ24,SDL RJ 5.39% 2024,08/08/2024, , , , , ,REDEMPTION               
SM,KRISHNADEF,Krishna Def and Ald Ind L, ,05/08/2024,13/08/2024,02/08/2024, , ,ANNUAL GENERAL MEETING   
SM,SKP,SKP Bearing Industri. Ltd, ,08/08/2024,14/08/2024,07/08/2024, , ,ANNUAL GENERAL MEETING   
SM,FROG,Frog Cellsat Limited, ,06/08/2024,12/08/2024,05/08/2024, , ,ANNUAL GENERAL MEETING   
SM,CELLECOR,Cellecor Gadgets Limited,09/08/2024, , ,09/08/2024, , ,FVSPLT FRM RS 10 TO RE 1 
SM,HRHNEXT,HRH Next Services Limited, ,03/08/2024,09/08/2024,02/08/2024, , ,ANNUAL GENERAL MEETING   
SQ,FROG,Frog Cellsat Limited, ,06/08/2024,12/08/2024,05/08/2024, , ,ANNUAL GENERAL MEETING   
SQ,KRISHNADEF,Krishna Def and Ald Ind L, ,05/08/2024,13/08/2024,02/08/2024, , ,ANNUAL GENERAL MEETING   
SQ,HRHNEXT,HRH Next Services Limited, ,03/08/2024,09/08/2024,02/08/2024, , ,ANNUAL GENERAL MEETING   
SQ,SKP,SKP Bearing Industri. Ltd, ,08/08/2024,14/08/2024,07/08/2024, , ,ANNUAL GENERAL MEETING   
SQ,CELLECOR,Cellecor Gadgets Limited,09/08/2024, , ,09/08/2024, , ,FVSPLT FRM RS 10 TO RE 1 
ST,KRISHNADEF,Krishna Def and Ald Ind L, ,05/08/2024,13/08/2024,02/08/2024, , ,ANNUAL GENERAL MEETING   
ST,HRHNEXT,HRH Next Services Limited, ,03/08/2024,09/08/2024,02/08/2024, , ,ANNUAL GENERAL MEETING   
ST,SKP,SKP Bearing Industri. Ltd, ,08/08/2024,14/08/2024,07/08/2024, , ,ANNUAL GENERAL MEETING   
ST,CELLECOR,Cellecor Gadgets Limited,09/08/2024, , ,09/08/2024, , ,FVSPLT FRM RS 10 TO RE 1 
ST,FROG,Frog Cellsat Limited, ,06/08/2024,12/08/2024,05/08/2024, , ,ANNUAL GENERAL MEETING   
U6,IIFL,IIFL Finance Limited,22/08/2024, , ,22/08/2024, , ,INTEREST PAYMENT         
X1,AIRTELPP,Bharti Rs. 1.25 ppd up,07/08/2024, , ,07/08/2024, , ,DIV - RS 2 PER SH        

