SYMBOL,SERIES,SECURITY,HIGH/LOW,INDEX FLAG
AARTECH,BE,AARTECH SOLONICS LIMITED,H
ACCURACY,BE,ACCURACY SHIPPING LIMITED,H
ACSAL,SM,ARVIND AND COMPANY,H
AKI,EQ,AKI INDIA LIMITED,H
AKUMS,EQ,AKUMS DRUGS AND PHARMA L,H
AMJLAND,BE,AMJ LAND HOLDINGS LIMITED,H
ANKITMETAL,BE,ANKIT MET & POW LTD,H
ANTGRAPHIC,EQ,ANTARCTICA LTD,H
ARCHIDPLY,EQ,ARCHIDPLY IND. LTD,H
ARSSINFRA,BE,ARSS INFRA PROJ. LTD,H
ASHALOG,ST,ASHAPURA LOGISTICS LTD,H
ASHIMASYN,EQ,ASHIMA LTD,H
ATALREAL,BE,ATAL REALTECH LIMITED,H
AYMSYNTEX,EQ,AYM SYNTEX LIMITED,H
BAFNAPH,BE,BAFNA PHARMACEUTICALS LTD,H
BAGFILMS,EQ,B.A.G FILMS AND MEDIA LTD,H
BIL,BE,BHARTIYA INETRNATIONAL LT,H
BIRDYS,ST,GRILL SPLENDOUR SER LTD,H
BRIGHT,SZ,BRIGHT SOLAR LIMITED,H
BSL,EQ,BSL LTD,H
BULKCORP,ST,BULKCORP INTERNATIONAL L,H
CENTENKA,EQ,CENTURY ENKA LTD,H
CEREBRAINT,EQ,CEREBRA INT TECH LTD,H
CHEMFAB,EQ,CHEMFAB ALKALIS LIMITED,H
CMMIPL,ST,CMM INFRAPROJECTS LIMITED,H
COMPINFO,BZ,COMPUAGE INFOCOM LTD,H
CTE,BE,CAMBRIDGE TECH ENTER LTD,H
CUPID,BE,CUPID LIMITED,H
DCMNVL,BE,DCM NOUVELLE LIMITED,H
DESTINY,SM,DESTINY LOGISTICS & I LTD,H
DIGIDRIVE,BE,DIGIDRIVE DISTRIBUTORS L,H
DNAMEDIA,EQ,DILIGENT MEDIA CORP LTD.,H
EFFWA,SM,EFFWA INFRA & RESEARCH L,H
ESPRIT,ST,ESPRIT STONES LIMITED,H
ESSARSHPNG,BE,ESSAR SHIPPING LTD,H
EXCEL,BE,EXCEL REALTY N INFRA LTD,H
FEL,BZ,FUTURE ENTERPRISES LTD,H
GACMDVR-RE,BE,GACM TECHNOLOGIES LIMITED,H
GATECH-RE,BE,GACM TECHNOLOGIES LIMITED,H
GINNIFILA,EQ,GINNI FILAMENTS LTD,H
GMRP&UI,EQ,GMR POW AND URBAN INFRA L,H
GODHA,BE,GODHA CABCON INSULAT LTD,H
GREENPOWER,EQ,ORIENT GREEN POWER CO LTD,H
GUJRAFFIA,EQ,GUJARAT RAFFIA INDUST LTD,H
HDIL,BZ,HOUSING DEV & INFRA LTD,H
HSCL,EQ,HIMADRI SPECIALITY CHEM L,H
HYBRIDFIN,EQ,HYBRID FINANCIAL SERVICE,H
IITL,EQ,INDUSTRIAL INV TRUST LTD,H
INDOTHAI,EQ,INDO THAI SEC LTD,H
INDOWIND,BE,INDOWIND ENERGY LTD,H
INDRAMEDCO,EQ,INDRAPRASTHA MEDICAL CORP,H
INTENTECH,BE,INTENSE TECHNOLOGIES LTD,H
ISHAN,SM,ISHAN INTERNATIONAL LTD,H
JALAN,SM,JALAN TRANSOLU. INDIA LTD,H
JITFINFRA,EQ,JITF INFRALOGISTICS LTD,H
JPASSOCIAT,BE,JAIPRAKASH ASSOCIATES LTD,H
KAMATHOTEL,EQ,KAMAT HOTELS (I) LTD,H
KREBSBIO,BE,KREBS BIOCHEMICALS & IND,H
KRITIKA,EQ,KRITIKA WIRES LIMITED,H
LRRPL,SM,LEAD REC AND RUB PROD LTD,H
MADHAV,EQ,MADHAV MARBLE & GRANITE,H
MAITREYA,SM,MAITREYA MEDICARE LIMITED,H
MBECL,EQ,MCNALLY BH. ENG. CO.LTD,H
MCL,EQ,MADHAV COPPER LIMITED,H
MODISONLTD,EQ,MODISON LIMITED,H
NAHARPOLY,EQ,NAHAR POLY FILMS LIMITED,H
NETWORK18,EQ,NETWORK18 MEDIA & INV LTD,H
NIRMAN,ST,NIRMAN AGRI GENTICS LTD,H
NKIND,EQ,NK INDUSTRIES LTD,H
NPST,SM,NETWORK PEOPLE SRV TECH L,H
NTL,BE,NEUEON TOWERS LIMITED,H
OMAXAUTO,BE,OMAX AUTOS LTD,H
ONEPOINT,EQ,ONE POINT ONE SOL LTD,H
ORIANA,SM,ORIANA POWER LIMITED,H
ORTEL,BZ,ORTEL COMMUNICATIONS LTD,H
OWAIS,SM,OWAIS METAL & MINERAL,H
PANSARI,BE,PANSARI DEVELOPERS LTD,H
PARSVNATH,EQ,PARSVNATH DEVELOPER LTD,H
PRAENG,EQ,PRAJAY ENG. SYN. LTD.,H
PRECOT,BE,PRECOT LIMITED,H
PRUDMOULI,EQ,PRUDENTIAL SUGAR CORPORAT,H
RAJINDLTD,ST,RAJPUTANA INDUSTRIES LTD,H
RAJRILTD,BE,RAJ RAYON INDUSTRIES LTD,H
RBMINFRA,SM,RBM INFRACON LIMITED,H
RCOM,BE,RELIANCE COMMUNICATIONS L,H
REFRACTORY,ST,REFRACTORY SHAPES LIMITED,H
ROLLT,BE,ROLLATAINERS LIMITED,H
ROML,EQ,RAJ OIL MILLS LIMITED,H
RSSOFTWARE,BE,R. S. SOFTWARE (INDIA) LI,H
SANCO,BZ,SANCO INDUSTRIES LIMITED,H
SANWARIA,BZ,SANWARIA CONSUMER LIMITED,H
SATECH,ST,S A TECH SOFTWARE INDIA L,H
SECMARK,EQ,SECMARK CONSULTANCY LTD,H
SEL,SM,SUNGARNER ENERGIES LTD,H
SELMC,EQ,SEL MANUFACTURING CO LTD,H
SERVOTECH,EQ,SERVOTECH POWER SYS LTD.,H
SETUINFRA,BZ,SETUBANDHAN INFRA LTD,H
SHAH,EQ,SHAH METACORP LIMITED,H
SHRENIK,BE,SHRENIK LIMITED,H
SITINET,BE,SITI NETWORKS LIMITED,H
SJLOGISTIC,SM,S J LOGISTICS (INDIA) LTD,H
SPAL,EQ,S. P. APPARELS LIMITED,H
SPMLINFRA,BE,SPML INFRA LIMITED,H
SWARAJ,SM,SWARAJ SUITING LIMITED,H
SYMPHONY,EQ,SYMPHONY LIMITED,H
TAC,SM,TAC INFOSEC LIMITED,H
TARAPUR,BE,TARAPUR TRANSFORMERS LTD,H
TECILCHEM,BE,TECIL CHEMICALS,H
TERASOFT,BE,TERA SOFTWARE LIMITED,H
TFL,BE,TRANSWARRANTY FIN. LTD.,H
TGL,ST,TEERTH GOPICON LIMITED,H
TIMESGTY,EQ,TIMES GUARANTY LIMITED,H
TNTELE,BE,TAMILNADU TELECOMMUNICATI,H
TPLPLASTEH,EQ,TPL PLASTECH LIMITED,H
TRUST,ST,TRUST FINTECH LIMITED,H
UEL,BE,UJAAS ENERGY LIMITED,H
VARDMNPOLY,EQ,VARDHMAN POLYTEX LTD.,H
VERTEXPLUS,ST,VERTEXPLUS TECHNOLOGIES L,H
VERTOZ,EQ,VERTOZ LIMITED,H
VILAS,ST,VILAS TRANSCORE LIMITED,H
VIPCLOTHNG,BE,VIP CLOTHING LIMITED,H
VIPULLTD,EQ,VIPUL LIMITED,H
VISHNUINFR,SM,VISHNUSURYA PROJ N INFR L,H
VLINFRA,ST,V.L.INFRAPROJECTS LIMITED,H
VMARCIND,SM,V MARC INDIA LIMITED,H
WEBELSOLAR,BE,WEBSOL ENERGY SYSTEM LTD,H
WINSOME,BE,WINSOME YARNS LIMITED,H
WOMANCART,ST,WOMANCART LIMITED,H
YAARI,EQ,YAARI DIGI INT SER LTD,H
ZEELEARN,BE,ZEE LEARN LIMITED,H
1018GS2026,GS,GOI LOAN 10.18% 2026,L
63MOONS,EQ,63 MOONS TECHNOLOGIES LTD,L
863REC29,NC,BOND8.63% PA TF TR II S2A,L
A2ZINFRA,BE,A2Z INFRA ENGINEERING LTD,L
ADROITPP1,E1,ADROITINFO RS. 5 PPD UP,L
AILIMITED,ST,ABHISHEK INTEGRATIONS LTD,L
AIMTRON,ST,AIMTRON ELECTRONICS LTD,L
AJOONI,EQ,AJOONI BIOTECH LIMITED,L
AKANKSHA,ST,AKANKSHA POWER N INFRA L,L
ALPHAGEO,BE,ALPHAGEO (INDIA) LIMITED,L
AMEYA,SM,AMEYA PRECISION ENG LTD,L
AMJLAND,BE,AMJ LAND HOLDINGS LIMITED,L
APRAMEYA,ST,APRAMEYA ENGINEERING LTD,L
APS,ST,AUSTRALIAN PREM SOLAR I L,L
ARROWGREEN,EQ,ARROW GREENTECH LIMITED,L
ASHALOG,ST,ASHAPURA LOGISTICS LTD,L
ASIANENE,EQ,ASIAN ENERGY SERVICES LTD,L
ASIANHOTNR,EQ,ASIAN HOTELS (NORTH) LTD,L
ASMS,EQ,BARTRONICS INDIA LIMITED,L
ATALREAL,BE,ATAL REALTECH LIMITED,L
ATMASTCO,ST,ATMASTCO LIMITED,L
ATULAUTO,BE,ATUL AUTO LIMITED,L
AURIONPRO,EQ,AURIONPRO SOLN LTD,L
BIRDYS,ST,GRILL SPLENDOUR SER LTD,L
BLUEJET,EQ,BLUE JET HEALTHCARE LTD,L
CENTEXT,EQ,CENTURY EXTRUSIONS LTD,L
CHETANA,ST,CHETANA EDUCATION LIMITED,L
CMMIPL,ST,CMM INFRAPROJECTS LIMITED,L
CMRSL,SM,CYBER MEDIA RES & SER LTD,L
COCHINSHIP,EQ,COCHIN SHIPYARD LIMITED,L
CONTI,ST,CONTINENTAL SEED CHEM LTD,L
CORDSCABLE,BE,CORDS CABLE INDUS LTD.,L
DCI,BE,DC INFOTECH AND COMUN LTD,L
DELPHIFX,BE,DELPHI WORLD MONEY LTD,L
DIGISPICE,BE,DIGISPICE TECHNOLOGIES LT,L
DREDGECORP,BE,DREDGING CORP OF INDIA,L
DRONE,ST,DRONE DESTINATION LIMITED,L
E2E,BE,E2E NETWORKS LIMITED,L
ENERGYDEV,EQ,ENERGY DEVE. CO.LTD,L
ENSER,SM,ENSER COMMUNICATIONS LTD,L
EQUIPPP,BE,EQUIPPP SOC IMP TECH LTD,L
ESCONET,ST,ESCONET TECHNOLOGIES LTD,L
ESPRIT,ST,ESPRIT STONES LIMITED,L
EUROTEXIND,EQ,EUROTEX INDUSTRIES LTD,L
EXICOM,BE,EXICOM TELE SYSTEMS LTD,L
FEL,BZ,FUTURE ENTERPRISES LTD,L
FIBERWEB,BE,FIBERWEB INDIA LIMITED,L
GATECH-RE,BE,GACM TECHNOLOGIES LIMITED,L
GEPIL,BE,GE POWER INDIA LIMITED,L
GRAPHISAD,SM,GRAPHISADS LIMITED,L
GRSE,EQ,GARDEN REACH SHIP&ENG LTD,L
GSTL,SM,GLOBESECURE TECHNO LTD,L
GTECJAINX,BE,G-TEC JAINX EDUCATION LTD,L
GTL,EQ,GTL LTD,L
GUJRAFFIA,EQ,GUJARAT RAFFIA INDUST LTD,L
GVKPIL,BE,GVK POW. & INFRA LTD.,L
GVPTECH,EQ,GVP INFOTECH LIMITED,L
HAVISHA,EQ,SRI HAVISHA HOSP & INFR L,L
HBSL,BE,HB STOCKHOLDINGS LIMITED,L
HEXATRADEX,EQ,HEXA TRADEX LIMITED,L
HINDMOTORS,EQ,HINDUSTAN MOTORS LIMITED,L
HIRECT,EQ,HIND RECTIFIER LIMITED,L
HOMESFY,SM,HOMESFY REALTY LIMITED,L
HUBTOWN,BE,HUBTOWN LIMITED,L
IEL,EQ,INDIABULLS ENT LTD,L
INDOTECH,BE,INDO TECH TRANSFORM LTD.,L
INSPIRISYS,EQ,INSPIRISYS SOLUTIONS LTD,L
JHS,EQ,JHS SVEND. LAB. LTD,L
JYOTISTRUC,EQ,JYOTI STRUCTURES LTD,L
K2INFRA,ST,K2 INFRAGEN LIMITED,L
KATARIA,ST,KATARIA INDUSTRIES LTD,L
KCEIL,ST,KAY CEE ENERGY & INFRA L,L
KECL,EQ,KIRLOSKAR ELECTRIC CO LTD,L
KNAGRI,ST,KN AGRI RESOURCES LIMITED,L
KORE,ST,JAY JALARAM TECHNO LTD,L
KPIGREEN,BE,KPI GREEN ENERGY LIMITED,L
KRISHNADEF,ST,KRISHNA DEF AND ALD IND L,L
KSHITIJPOL,BE,KSHITIJ POLYLINE LIMITED,L
MANAKSTEEL,EQ,MANAKSIA STEELS LTD,L
MARINE,BE,MARINE ELECTRICAL (I) LTD,L
MCLEODRUSS,EQ,MCLEOD RUSSEL INDIA LTD.,L
MIEL,ST,MANGLAM INFRA & ENG LTD,L
MORARJEE,BE,MORARJEE TEXTILES LIMITED,L
MTNL,EQ,MAHANAGAR TELEPHONE NIGAM,L
NECCLTD,BE,NORTH EAST CARRY CORP LTD,L
NEPHROCARE,SM,NEPHRO CARE INDIA LIMITED,L
NILASPACES,BE,NILA SPACES LIMITED,L
OMAXE,BE,OMAXE LIMITED,L
OMINFRAL,BE,OM INFRA LIMITED,L
PANSARI,BE,PANSARI DEVELOPERS LTD,L
PARSVNATH,EQ,PARSVNATH DEVELOPER LTD,L
PCJEWELLER,EQ,PC JEWELLER LTD,L
PERFECT,ST,PERFECT INFRAENGINEER LTD,L
PRATHAM,SM,PRATHAM EPC PROJECTS LTD,L
PREMEXPLN,BE,PREMIER EXPLOSIVES LTD,L
PRITIKA,SM,PRITIKA ENG COMPO LTD,L
PRUDMOULI,EQ,PRUDENTIAL SUGAR CORPORAT,L
PTCIL,BE,PTC INDUSTRIES LIMITED,L
PURVA,BE,PURAVANKARA LIMITED,L
PVP,EQ,PVP VENTURES LIMITED,L
QUADPRO,SM,QUADPRO ITES LIMITED,L
RAJRILTD,BE,RAJ RAYON INDUSTRIES LTD,L
RAJTV,BE,RAJ TV NETWORK LTD,L
RICHA,SM,RICHA INFO SYSTEMS LTD,L
RILINFRA,ST,RACHANA INFRA LTD,L
RKDL,BE,RAVI KUMAR DIST. LTD.,L
RNFI,ST,RNFI SERVICES LIMITED,L
RPOWER,EQ,RELIANCE POWER LTD.,L
RTNPOWER,BE,RATTANINDIA POWER LIMITED,L
SABAR,SM,SABAR FLEX INDIA LIMITED,L
SANCO,BZ,SANCO INDUSTRIES LIMITED,L
SATECH,ST,S A TECH SOFTWARE INDIA L,L
SECL,SM,SALASAR EXTERIOR CONT LTD,L
SECURKLOUD,EQ,SECUREKLOUD TECH LIMITED,L
SELMC,EQ,SEL MANUFACTURING CO LTD,L
SHAKTIPUMP,EQ,SHAKTI PUMPS (I) LTD,L
SHUBHLAXMI,SM,SHUBHLAXMI JEWEL ART LTD,L
SHYAMTEL,BE,SHYAM TELECOM LIMITED,L
SIDDHIKA,SM,SIDDHIKA COATINGS LIMITED,L
SIL,BE,STANDARD INDUSTRIES LTD.,L
SILLYMONKS,EQ,SILLY MONKS ENTERTAIN LTD,L
SIMPLEXINF,EQ,SIMPLEX INFRASTRUCTURES L,L
SLONE,ST,SLONE INFOSYSTEMS LIMITED,L
SMVD,SM,SMVD POLY PACK LIMITED,L
SOLARA,BE,SOLARA ACTIVE PHA SCI LTD,L
SPMLINFRA,BE,SPML INFRA LIMITED,L
SSEGL,ST,SATHLOKHAR SYN E&C GLOB L,L
SUPREMEPWR,ST,SUPREME POWER EQUIPMENT L,L
SUVEN,EQ,SUVEN LIFE SCIENCES LTD,L
TARACHAND,EQ,TARA CHAND INFRA SOLN LTD,L
TCIFINANCE,BE,TCIFINANCELTD-ROLL SETT,L
TCLCONS,BE,TANTIA CONSTRUCTIONS LTD,L
THOMASCOTT,BE,THOMAS SCOTT (INDIA) LTD,L
TIL,BZ,TIL LTD,L
TPHQ,BE,TEAMO PRODUCTIONS HQ LTD,L
TRANSWIND,SM,TRANSWIND INFRA LIMITED,L
TROM,ST,TROM INDUSTRIES LIMITED,L
V2RETAIL,BE,V2 RETAIL LIMITED,L
VASA,ST,VASA RETAIL & OVERSEA LTD,L
VELS,SM,VELS FILM INTERNATIONAL L,L
VHLTD,BE,VICEROY HOTELS LIMITED,L
VINYAS,ST,VINYAS INNOVATIVE TECH L,L
VIPULLTD,EQ,VIPUL LIMITED,L
VLEGOV,EQ,VL E GOV AND IT SOL LTD,L
WALCHANNAG,EQ,WALCHANDNAGAR INDUSTRIES,L
WALPAR,SM,WALPAR NUTRITIONS LIMITED,L
WANBURY,EQ,WANBURY LIMITED,L
WEALTH,EQ,WEALTH FRST PORT. MG. LTD,L
WINDMACHIN,EQ,WINDSOR MACHINES LIMITED,L
WINSOME,BE,WINSOME YARNS LIMITED,L
ZENITHEXPO,BE,ZENITH EXPORTS LTD,L
