GAIN_LOSS,SECURITY,CLOSE_PRIC,PREV_CL_PR,PERCENT_CG
 ,Nifty 50 Sec., , , 
 , , , , 
G,BRITANNIA INDUSTRIES LTD,      5854.50,      5697.90,2.75
G,JSW STEEL LIMITED,       884.00,       863.80,2.34
G,TECH MAHINDRA LIMITED,      1483.40,      1456.35,1.86
G,LARSEN & TOUBRO LTD.,      3576.20,      3528.00,1.37
G,LTIMINDTREE LIMITED,      5460.75,      5390.10,1.31
G,HCL TECHNOLOGIES LTD,      1582.75,      1562.40,1.3
G,HINDUSTAN UNILEVER LTD.,      2750.05,      2715.90,1.26
G,ADANI ENTERPRISES LIMITED,      3072.70,      3038.20,1.14
G,CIPLA LTD,      1531.90,      1515.05,1.11
G,WIPRO LTD,       489.50,       485.00,.93
G,RELIANCE INDUSTRIES LTD,      2912.10,      2894.65,.6
G,NTPC LTD,       415.00,       413.25,.42
G,TATA CONSULTANCY SERV LT,      4171.20,      4155.05,.39
G,TATA STEEL LIMITED,       150.32,       149.82,.33
G,GRASIM INDUSTRIES LTD,      2620.50,      2612.25,.32
G,ASIAN PAINTS LIMITED,      3101.75,      3093.40,.27
G,ITC LTD,       486.30,       486.00,.06
G,ADANI PORT & SEZ LTD,      1494.10,      1493.85,.02
G,DIVI S LABORATORIES LTD,      4827.55,      4826.95,.01
 , , , , 
L,HDFC LIFE INS CO LTD,       679.60,       710.90,-4.4
L,SBI LIFE INSURANCE CO LTD,      1674.50,      1722.20,-2.77
L,BHARAT PETROLEUM CORP  LT,       334.70,       341.70,-2.05
L,SHRIRAM FINANCE LIMITED,      2836.80,      2891.45,-1.89
L,STATE BANK OF INDIA,       797.70,       811.65,-1.72
L,MAHINDRA & MAHINDRA LTD,      2632.95,      2678.95,-1.72
L,BHARTI AIRTEL LIMITED,      1443.55,      1465.70,-1.51
L,COAL INDIA LTD,       499.60,       506.80,-1.42
L,OIL AND NATURAL GAS CORP.,       306.10,       310.25,-1.34
L,TITAN COMPANY LIMITED,      3335.10,      3375.95,-1.21
L,TATA CONSUMER PRODUCT LTD,      1185.60,      1199.40,-1.15
L,HDFC BANK LTD,      1601.20,      1615.75,-0.9
L,BAJAJ FINANCE LIMITED,      6538.35,      6596.70,-0.88
L,ULTRATECH CEMENT LIMITED,     11325.30,     11417.25,-0.81
L,SUN PHARMACEUTICAL IND L,      1707.55,      1720.35,-0.74
L,AXIS BANK LIMITED,      1126.10,      1133.50,-0.65
L,HINDALCO  INDUSTRIES  LTD,       610.30,       614.30,-0.65
L,INDUSIND BANK LIMITED,      1381.00,      1389.45,-0.61
L,BAJAJ AUTO LIMITED,      9427.40,      9485.05,-0.61
L,POWER GRID CORP. LTD.,       340.75,       342.80,-0.6
L,MARUTI SUZUKI INDIA LTD.,     12131.10,     12200.85,-0.57
L,ICICI BANK LTD.,      1166.85,      1172.60,-0.49
L,EICHER MOTORS LTD,      4653.90,      4675.75,-0.47
L,APOLLO HOSPITALS ENTER. L,      6657.70,      6687.60,-0.45
L,TATA MOTORS LIMITED,      1013.75,      1016.45,-0.27
L,BAJAJ FINSERV LTD.,      1564.10,      1567.70,-0.23
L,HERO MOTOCORP LIMITED,      5173.80,      5183.90,-0.19
L,KOTAK MAHINDRA BANK LTD,      1770.55,      1773.65,-0.17
L,NESTLE INDIA LIMITED,      2508.50,      2510.90,-0.1
L,DR. REDDY S LABORATORIES,      6807.40,      6812.05,-0.07
 , , , , 
 ,Nifty Next 50 Sec., , , 
 , , , , 
G,AVENUE SUPERMARTS LIMITED,      4909.90,      4817.45,1.92
G,TORRENT PHARMACEUTICALS L,      3220.55,      3167.50,1.67
G,DLF LIMITED,       820.70,       810.15,1.3
G,ADANI TOTAL GAS LIMITED,       868.10,       857.05,1.29
G,GODREJ CONSUMER PRODUCTS,      1478.60,      1462.15,1.13
G,BOSCH LIMITED,     32699.40,     32355.20,1.06
G,INTERGLOBE AVIATION LTD,      4261.45,      4220.40,0.97
G,JINDAL STEEL & POWER LTD,       925.35,       917.85,0.82
G,BAJAJ HOLDINGS & INVS LTD,      9189.95,      9121.40,0.75
G,COLGATE PALMOLIVE LTD.,      3390.65,      3368.15,0.67
G,SRF LTD,      2488.95,      2473.00,0.64
G,TATA POWER CO LTD,       436.70,       434.80,0.44
G,HAVELLS INDIA LIMITED,      1789.45,      1784.30,0.29
G,VEDANTA LIMITED,       413.90,       413.25,0.16
G,ZYDUS LIFESCIENCES LTD,      1227.70,      1227.55,0.01
G,ABB INDIA LIMITED,      7465.70,      7465.70,0
 , , , , 
L,MARICO LIMITED,       628.50,       672.15,-6.49
L,POWER FIN CORP LTD.,       474.05,       498.05,-4.82
L,ADANI ENERGY SOLUTION LTD,      1124.85,      1159.10,-2.95
L,VARUN BEVERAGES LIMITED,      1461.95,      1504.75,-2.84
L,ZOMATO LIMITED,       249.08,       256.29,-2.81
L,SHREE CEMENT LIMITED,     26101.35,     26834.80,-2.73
L,LIFE INSURA CORP OF INDIA,      1079.55,      1107.65,-2.54
L,INFO EDGE (I) LTD,      6803.95,      6973.75,-2.43
L,TRENT LTD,      5220.70,      5346.90,-2.36
L,REC LIMITED,       565.45,       579.10,-2.36
L,INDIAN OIL CORP LTD,       167.01,       170.59,-2.1
L,ICICI PRU LIFE INS CO LTD,       700.05,       714.20,-1.98
L,JIO FIN SERVICES LTD,       311.35,       317.05,-1.8
L,INDIAN RAILWAY FIN CORP L,       176.36,       179.38,-1.68
L,HINDUSTAN AERONAUTICS LTD,      4514.30,      4591.10,-1.67
L,AMBUJA CEMENTS LTD,       625.55,       636.15,-1.67
L,SIEMENS LTD,      6591.90,      6694.70,-1.54
L,ICICI LOMBARD GIC LIMITED,      1913.25,      1939.20,-1.34
L,ADANI GREEN ENERGY LTD,      1749.60,      1768.75,-1.08
L,BHARAT ELECTRONICS LTD,       287.25,       290.25,-1.03
L,CHOLAMANDALAM IN & FIN CO,      1335.35,      1346.85,-0.85
L,DABUR INDIA LTD,       629.15,       634.00,-0.76
L,INDIAN RAIL TOUR CORP LTD,       919.15,       925.50,-0.69
L,BERGER PAINTS (I) LTD,       540.70,       544.35,-0.67
L,TVS MOTOR COMPANY  LTD,      2478.80,      2493.35,-0.58
L,PIDILITE INDUSTRIES LTD,      3055.25,      3072.95,-0.58
L,SBI CARDS & PAY SER LTD,       698.65,       702.35,-0.53
L,GAIL (INDIA) LTD,       223.40,       224.57,-0.52
L,CANARA BANK,       105.03,       105.26,-0.22
L,ADANI POWER LTD,       689.40,       690.85,-0.21
 , , , , 
 ,OTHER SECURITIES, , , 
 , , , , 
G,S. P. APPARELS LIMITED,       944.25,       786.90,20
G,8.67% SEC RED BOND S3A,      1575.80,      1314.00,19.92
G,INDRAPRASTHA MEDICAL CORP,       311.05,       259.60,19.82
G,SYMPHONY LIMITED,      1462.15,      1230.05,18.87
G,KITEX GARMENTS LTD,       246.64,       210.80,17
G,ARCHIDPLY IND. LTD,       140.67,       121.41,15.86
G,AYM SYNTEX LIMITED,       150.58,       130.68,15.23
G,KPR MILL LTD.,       945.55,       826.70,14.38
G,GOKALDAS EXPORTS LTD.,      1054.90,       922.50,14.35
G,INDINFRAVIT TRUST,       115.00,       101.00,13.86
G,LAXMI COTSPIN LIMITED,        35.13,        30.95,13.51
G,CENTURY ENKA LTD,       665.40,       588.15,13.13
G,BLS INTL SERVS LTD,       385.10,       349.90,10.06
G,ORBIT EXPORTS LIMITED,       198.39,       180.32,10.02
G,NAHAR SPINNING MILLS LTD.,       354.85,       322.55,10.01
G,JALAN TRANSOLU. INDIA LTD,         3.30,         3.00,10
G,TIMES GUARANTY LIMITED,       131.29,       119.36,9.99
G,RAJ OIL MILLS LIMITED,        58.49,        53.18,9.98
G,SEL MANUFACTURING CO LTD,        56.33,        51.22,9.98
G,B.A.G FILMS AND MEDIA LTD,         9.10,         8.28,9.9
G,BROOKS LAB LIMITED,       109.38,       100.43,8.91
G,EXCEL INDUSTRIES LTD,      1371.15,      1262.40,8.61
G,OMFURN INDIA LIMITED,        74.80,        68.90,8.56
G,GOLDSTAR POWER LIMITED,        11.05,        10.20,8.33
G,KALAHRIDHAAN TRENDZ LTD,        44.95,        41.55,8.18
G,SEC RE NCD 8.40% SR 1,      1098.00,      1015.00,8.18
G,CHEVIOT COMPANY LIMITED,      1471.30,      1360.45,8.15
G,A B INFRABUILD LIMITED,        64.95,        60.10,8.07
G,FOCE INDIA LIMITED,      1201.00,      1112.60,7.95
G,SURYALAKSHMI COT MIL LTD,        96.37,        89.36,7.84
 , , , , 
L,BOND8.63% PA TF TR II S2A,      1216.00,      1520.00,-20
L,IND TERRAIN FASHIONS LTD,        56.30,        65.76,-14.39
L,KOTAKMAMC - KOTAKCONS,       116.76,       130.19,-10.32
L,KIRLOSKAR ELECTRIC CO LTD,       197.36,       219.29,-10
L,WEALTH FRST PORT. MG. LTD,      1336.10,      1484.55,-10
L,ARROW GREENTECH LIMITED,       849.00,       943.30,-10
L,SMS PHARMACEUTICALS LTD.,       279.90,       310.75,-9.93
L,BLUE JET HEALTHCARE LTD,       470.25,       518.65,-9.33
L,SELAN EXPLO. TECH LTD,       875.40,       963.25,-9.12
L,MAHICKRA CHEMICAL LIMITED,       100.00,       109.55,-8.72
L,SAH POLYMERS LIMITED,        73.55,        80.40,-8.52
L,SEC RE NCD 9.65% SR I,       966.55,      1055.00,-8.38
L,SYRMA SGS TECHNOLOGY LTD,       427.75,       466.30,-8.27
L,NITCO LIMITED,        71.75,        78.14,-8.18
L,PUDUMJEE PAPER PRO. LTD,       108.94,       118.62,-8.16
L,SEC RED NCD 9.7% SR.VII,      1015.00,      1105.00,-8.14
L,SHIVALIK BIMETAL CON. LTD,       560.70,       610.00,-8.08
L,VASWANI IND LTD,        48.89,        53.04,-7.82
L,THOMAS COOK (INDIA) LTD,       203.70,       220.20,-7.49
L,NIRMAN AGRI GENTICS LTD,        84.25,        91.05,-7.47
L,SAHAJ SOLAR LIMITED,       588.75,       635.60,-7.37
L,RITCO LOGISTICS LIMITED,       322.25,       346.65,-7.04
L,HESTER BIOSCIENCES LTD,      2588.25,      2781.80,-6.96
L,SHARP CHUCKS N MACHINES L,       117.65,       126.10,-6.7
L,FIDEL SOFTECH LIMITED,       106.90,       114.35,-6.52
L,SMS LIFESCIENCES (I) LTD,       877.05,       937.30,-6.43
L,HERCULES HOI. LTD.,       562.80,       601.45,-6.43
L,BEML LIMITED,      3913.75,      4181.35,-6.4
L,DUDIGITAL GLOBAL LIMITED,        70.30,        75.00,-6.27
L,DOLLEX AGROTECH LIMITED,        33.75,        36.00,-6.25
