SECURITY,NEW,PREVIOUS,NEW_STATUS
GRAVITA INDIA LIMITED,1840,1763.95,H
NETWORK PEOPLE SRV TECH L,2949.3,2868.75,H
PCBL LIMITED,419.85,396.9,H
PONDY OXIDES & CHEM LTD,1620,1524.2,H
BLUE JET HEALTHCARE LTD,538.5,530,H
SHAH METACORP LIMITED,7.02,6.69,H
21ST CENTURY MGMT SERVICE,89.78,88.02,H
SEC RED NCD SR.VIII,1478,1474,H
TAX FREE 7.29% SR. IB,1095,1090,H
SDL AP 7.44% 2033,100.17,99.54,H
ESPRIT STONES LIMITED,107.4,102.65,H
BSL LTD,257.77,248.45,H
COLGATE PALMOLIVE LTD.,3429.95,3424.95,H
HIMADRI SPECIALITY CHEM L,475.25,469.9,H
SANDHAR TECHNOLOGIES LTD,697.5,678,H
WEALTH FRST PORT. MG. LTD,1578.2,1534,H
POWER INSTRUMENT (G) LTD,121.9,119.51,H
SDL TN 7.65% 2030,100.66,100,H
UNSE RE NCD 0% SR.III,1248,1245,H
9.40 % SRNCD TR II SR III,1037.4,1036,H
SEC RE NCD 8.40% SR 1,1098,1030,H
V.L.INFRAPROJECTS LIMITED,106.7,101.65,H
SEC RE NCD 9.39% SR.VIII,945,925,H
INDRAPRASTHA MEDICAL CORP,311.5,282.8,H
CENTURY ENKA LTD,705.75,675,H
ARROW GREENTECH LIMITED,1027,943.3,H
S. P. APPARELS LIMITED,944.25,912.4,H
GOI TBILL 91D-10/10/24,98.93,98.84,H
INDINFRAVIT TRUST,115,105,H
SEC RE NCD 8.60% SR 5,1014,1013,H
GOI LOAN  7.02% 2031,101.99,101.8,H
SEC RE NCD 9.05% SR.I,1058,1054.5,H
FIRSTSOURCE SOLU. LTD.,317.9,309.3,H
CERA SANITARYWARE LTD,10178.65,9740,H
SPML INFRA LIMITED,184.97,184.45,H
GOI LOAN  7.18% 2033,105.35,105.01,H
SUMIT WOODS LIMITED,87.16,86.1,H
GOI TBILL 364D-27/02/25,96.34,95.56,H
SUPREME ENGINEERING LTD,2.04,2,H
WONDER ELECTRICALS LTD,1434.9,1386.95,H
GOI TBILL 364D-11/04/25,96.02,95.3,H
VISAMAN GLOBAL SALES LTD,43.45,43.3,H
LANDMARK PR.DEV.CO.LTD,12.24,2.4,H
SHRIRAM - LIQUIDSHRI,1005.94,1005.77,H
UJAAS ENERGY LIMITED,386.95,368.55,H
S A TECH SOFTWARE INDIA L,129.7,123.55,H
V MARC INDIA LIMITED,285.5,271.95,H
SHEKHAWATI POLY-YARN LTD.,7.06,6.93,H
GOI TBILL 364D-03/04/25,95.74,95.15,H
AURUM RS. 3.12 PPD UP,177,162.35,H
SERENCD 8.60% SR.IV OP8,1055,1054,H
SEC RE NCD 9.35% SR VI,1020,1017,H
GOI TBILL 91D-19/09/24,99.1,99.01,H
LCC INFOTECH LTD,6.34,6.22,H
WELSPUN LIVING LIMITED,193.7,191,H
PATANJALI FOODS LIMITED,1797.3,1764.4,H
KRITI NUTRIENTS LIMITED,137.7,136.99,H
GHCL TEXTILES LIMITED,123,116.5,H
TFB 7.36% 2025 SR. 1B,1098,1081.77,H
GOI TBILL 182D-07/11/24,98.1,98.09,H
EFFWA INFRA & RESEARCH L,356.15,339.2,H
TROM INDUSTRIES LIMITED,255,252.85,H
FIBERWEB INDIA LIMITED,56.65,56.47,H
GOKALDAS EXPORTS LTD.,1095,1042.1,H
KERNEX MICROSYS(I) LTD,683,681.35,H
SHAKTI PUMPS (I) LTD,5075.45,4921.05,H
HUBTOWN LIMITED,298,286.24,H
GOI TBILL 364D-06/03/25,95.68,95.58,H
DSPAMC - DSPSENXETF,87.34,85.7,H
GOI TBILL 182D-24/10/24,98.38,98.24,H
GOI TBILL 364D-16/01/25,96.71,96.63,H
8.76% TAX FREETRI SR2B,1187.49,1185,H
BRIGHT SOLAR LIMITED,8.5,8.25,H
GOI TBILL 91D-26/09/24,98.9,98.8,H
NITIN SPINNERS LIMITED,457.8,447.05,H
MANOMAY TEX INDIA LTD,314.95,302.7,H
KANDARP DG SMART BPO LTD,43.9,42,H
GOI TBILL 364D-05/12/24,97.72,97.01,H
GOI LOAN  7.34% 2064,105.95,105.93,H
SRI ADHIKARI BRO TELE N L,405.35,397.45,H
7.64% TAX FREETRI SR2B,1160,1154.9,H
GOLDKART JEWELS LIMITED,168.3,160.9,H
VERANDA LEARNING SOL LTD,312,311,H
SAHAJ SOLAR LIMITED,713,690,H
PERFECT INFRAENGINEER LTD,25.95,27,L
VAIDYA SANE AYUR LAB LTD,128.45,128.95,L
VERTOZ LIMITED,31.61,31.75,L
NET AVENUE TECHNOLOGIES L,14.05,14.25,L
SEC RE NCD 10% SR. V,1003.8,1004,L
SAMMAAN CAPITAL LIMITED,154.1,156.98,L
AVONMORE CAP&MGT SERV LTD,14.93,15.24,L
SEC RE NCD SR II,1000,1021.53,L
AMBEY LABORATORIES LTD,62.3,65,L
RAVINDRA ENERGY LIMITED,73.1,75.38,L
SYNOPTICS TECHNOLOGIES L,81.75,97,L
GACM TECHNOLOGIES LIMITED,2.18,2.23,L
SEC RE NCD 9.39% SR.VIII,898,910,L
DURLAX TOP SURFACE LTD,63,64.05,L
SEMAC CONSULTANTS LIMITED,551,551.95,L
MIRAEAMC - EVINDIA,31,31.5,L
GACM TECHNOLOGIES LIMITED,0.04,0.05,L
SEC RE NCD 10.25% SR XII,1005,1009.99,L
PODDAR HOUSE & DVPT LTD,84.51,85,L
SALASAR TECHNO ENGG. LTD.,16.9,17,L
KBC GLOBAL LIMITED,1.77,1.78,L
EQUIPPP SOC IMP TECH LTD,22.35,22.79,L
MEDICAMEN ORGANICS LTD,64.2,67,L
PTC INDUSTRIES LIMITED,12717.45,13150,L
SUMEET IND LIMITED,4.79,4.89,L
TAINWALA CHEMICAL AND PLA,218.97,223.44,L
BAID FINSERV LIMITED,15,15.37,L
SINCLAIRS HOTELS LIMITED,98.5,99.71,L
FALCON TECHNOPROJ IND LTD,55.9,58,L
VIBHOR STEEL TUBES LTD,257.7,262.95,L
DAVANGERE SUGAR COMPANY L,7,7.06,L
DCX SYSTEMS LIMITED,344.95,357.25,L
FILATEX FASHIONS LIMITED,6.35,6.43,L
SBIAMC - SBISILVER,79.07,80.27,L
EXICOM TELE SYSTEMS LTD,400.7,415.1,L
SEC RED NCD 9.7% SR.VII,1015,1024,L
SEC RED NCD 9.31% SR.III,985.01,1000,L
JNK INDIA LIMITED,702,702.85,L
PRIZOR VIZTECH LIMITED,165.2,170,L
MANGLAM INFRA & ENG LTD,101.85,106.4,L
RKEC PROJECTS LIMITED,112.2,114.49,L
VALIANT LABORATORIES LTD,115.05,123,L
AVANTEL LIMITED,180.1,182.01,L
SEC RE NCD 9.48% SR V,878,887,L
FIBERWEB INDIA LIMITED,53.64,56.47,L
SEC RE NCD SR.VI,1038.96,1058,L
TATVA CHIN PHARM CHEM LTD,953.1,956.7,L
SUUMAYA INDUSTRIES LTD,5.38,5.45,L
KOTAKMAMC - KOTAKSILVE,78.41,78.51,L
SEC RED NCD 9.85% SR. VII,920.2,925,L
MAHINDRA EPC IRRIG LTD,126.4,129.78,L
AGI INFRA LIMITED,820,826.05,L
VIJI FINANCE LIMITED,2.03,2.08,L
SEC RE NCD 9.57% SR III,1007,1009,L
ADROITINFO RS. 5 PPD UP,7.63,8.04,L
AKIKO GLOBAL SERVICES L,66,67,L
RELIABLE DATA SERVICE LTD,108.56,110.78,L
RNFI SERVICES LIMITED,139.45,146.75,L
SEC RE NCD 10.25% SR XII,975,980,L
SEC RED NCD 9.0% SR. VI,1006.21,1033,L
BODHI TREE MULTIMEDIA LTD,12.39,12.65,L
CHETANA EDUCATION LIMITED,87.25,91.85,L
UNSEC RE NCD 9.60% SR.II,910,921,L
PETRO CARBON AND CHEMI L,263,268.05,L
NIRMAN AGRI GENTICS LTD,80,81.55,L

