SYMBOL,SERIES,SECURITY,HIGH/LOW,INDEX FLAG
21STCENMGM,BE,21ST CENTURY MGMT SERVICE,H
AARTECH,EQ,AARTECH SOLONICS LIMITED,H
ABAN,BE,ABAN OFFSHORE LTD.,H
ABCOTS,SM,A B COTSPIN INDIA LIMITED,H
ADROITPP,X1,ADROITINF RS.2.50 PPD UP,H
ALPEXSOLAR,SM,ALPEX SOLAR LIMITED,H
APS,SM,AUSTRALIAN PREM SOLAR I L,H
ASMS,EQ,BARTRONICS INDIA LIMITED,H
ASPIRE,SM,ASPIRE & INNOVATIVE ADV L,H
ATLANTAA,EQ,ATLANTAA LIMITED,H
AURIONPRO,BE,AURIONPRO SOLN LTD,H
BAJEL,EQ,BAJEL PROJECTS LIMITED,H
BKMINDST,BZ,BKM INDUSTRIES LIMITED,H
BLBLIMITED,BE,BLB LIMITED,H
BLUECHIP,BE,BLUE CHIP INDIA LIMITED,H
CANARYS,SM,CANARYS AUTOMATIONS LTD,H
CGRAPHICS,ST,CREATIVE GRAPHICS S IND L,H
CMMIPL,ST,CMM INFRAPROJECTS LIMITED,H
CREATIVEYE,BE,CREATIVE EYE LIMITED,H
CUBEXTUB,BE,CUBEXTUBINGS-ROLLSETT,H
DCMFINSERV,BE,DCM FINANCIAL SERVICES LT,H
DESTINY,SM,DESTINY LOGISTICS & I LTD,H
DGCONTENT,EQ,DIGICONTENT LIMITED,H
DRONE,SM,DRONE DESTINATION LIMITED,H
DYNAMIC,SM,DYNAMIC SRVCS & SEC LTD,H
EIMCOELECO,BE,EIMCO ELECON (INDIA) LTD,H
ELDEHSG,EQ,ELDECO HSG & IND LTD.,H
EMKAY,EQ,EMKAY GLOBAL FIN SERV LTD,H
FLFL,BZ,FUT LIFESTYLE FASH LTD,H
GALLANTT,BE,GALLANTT ISPAT LIMITED,H
GAYAHWS,BE,GAYATRI HIGHWAYS LIMITED,H
GICL,SM,GLOBE INTL CARRIERS LTD,H
GLOBALVECT,BE,GLOBAL VEC HELICORP LTD,H
GLOBE,BE,GLOBE TEXTILES (I) LTD.,H
GMRP&UI,EQ,GMR POW AND URBAN INFRA L,H
GODHA,BE,GODHA CABCON INSULAT LTD,H
GOENKA,BZ,GOENKA DIAMOND&JEWELS LTD,H
GSS,BE,GSS INFOTECH LIMITED,H
GTLINFRA,EQ,GTL INFRA.LTD,H
HDIL,BZ,HOUSING DEV & INFRA LTD,H
HINDMOTORS,EQ,HINDUSTAN MOTORS LIMITED,H
HIRECT,EQ,HIND RECTIFIER LIMITED,H
HITECHGEAR,EQ,THE HI-TECH GEARS LIMITED,H
INDOTECH,EQ,INDO TECH TRANSFORM LTD.,H
INNOVATIVE,ST,INNOVATIVE TYRES & TUBES,H
IRMENERGY,EQ,IRM ENERGY LIMITED,H
ISHAN,ST,ISHAN INTERNATIONAL LTD,H
KCEIL,SM,KAY CEE ENERGY & INFRA L,H
KCK,ST,KCK INDUSTRIES LTD,H
KDL,SM,KORE DIGITAL LIMITED,H
KEYFINSERV,BE,KEYNOTE FIN SERV LTD.,H
LAGNAM,BE,LAGNAM SPINTEX LIMITED,H
MAITREYA,SM,MAITREYA MEDICARE LIMITED,H
MEGASOFT,EQ,MEGASOFT LTD,H
MHLXMIRU,BE,MAHALAXMI RUBTECH LIMITED,H
NILASPACES,EQ,NILA SPACES LIMITED,H
ONEPOINT,BE,ONE POINT ONE SOL LTD,H
OWAIS,SM,OWAIS METAL & MINERAL,H
PARASPETRO,BE,PARAS PETROFILS LTD.,H
PFS,BE,PTC INDIA FIN SERV LTD,H
PIGL,BE,POWER INSTRUMENT (G) LTD,H
PRATHAM,SM,PRATHAM EPC PROJECTS LTD,H
RADAAN,BE,RADAAN MEDIAWORKS (I) LTD,H
RADIOWALLA,ST,RADIOWALLA NETWORK LTD,H
RANEENGINE,EQ,RANE ENG VALVE LTD,H
RBMINFRA,ST,RBM INFRACON LIMITED,H
REFEX,EQ,REFEX INDUSTRIES LIMITED,H
ROLLT,BE,ROLLATAINERS LIMITED,H
SABTNL,EQ,SRI ADHIKARI BRO TELE N L,H
SADBHAV,EQ,SADBHAV ENGINEERING LTD,H
SCML,SM,SHARP CHUCKS N MACHINES L,H
SECL,SM,SALASAR EXTERIOR CONT LTD,H
SEJALLTD,BE,SEJAL GLASS LIMITED,H
SEL,ST,SUNGARNER ENERGIES LTD,H
SETCO,EQ,SETCO AUTOMOTIVE LTD,H
SHAHALLOYS,BE,SHAH ALLOYS LIMITED,H
SHAKTIPUMP,BE,SHAKTI PUMPS (I) LTD,H
SHYAMTEL,EQ,SHYAM TELECOM LIMITED,H
SINDHUTRAD,EQ,SINDHU TRADE LINKS LTD,H
SMVD,SM,SMVD POLY PACK LIMITED,H
SOLEX,SM,SOLEX ENERGY LIMITED,H
SOMATEX,EQ,SOMA TEXTILES & INDUST LT,H
SPECTRUM,SM,SPECTRUM ELECTRIC IND LTD,H
SUPREMEENG,BE,SUPREME ENGINEERING LTD,H
SUULD,EQ,SUUMAYA INDUSTRIES LTD,H
SWARAJ,SM,SWARAJ SUITING LIMITED,H
SWELECTES,EQ,SWELECT ENERGY SYS LTD,H
TAC,ST,TAC INFOSEC LIMITED,H
TALBROAUTO,BE,TALBROS AUTO. COMP. LTD,H
TAPIFRUIT,SM,TAPI FRUIT PROCESSING LTD,H
TFCILTD,EQ,TOURISM FINANCE CORP. OF,H
TGL,ST,TEERTH GOPICON LIMITED,H
THOMASCOTT,BE,THOMAS SCOTT (INDIA) LTD,H
TRANSWIND,ST,TRANSWIND INFRA LIMITED,H
TRIL,BE,TRANS & RECTI. LTD,H
TRUST,ST,TRUST FINTECH LIMITED,H
UEL,BE,UJAAS ENERGY LIMITED,H
UMAEXPORTS,BE,UMA EXPORTS LIMITED,H
UNIVASTU,EQ,UNIVASTU INDIA LIMITED,H
VERTEXPLUS,SM,VERTEXPLUS TECHNOLOGIES L,H
VIVIANA,ST,VIVIANA POWER TECH LTD,H
VIVO,SM,VIVO COLLAB SOLUTIONS LTD,H
VLEGOV,BE,VL E GOV AND IT SOL LTD,H
VMARCIND,SM,V MARC INDIA LIMITED,H
WEBELSOLAR,BE,WEBSOL ENERGY SYSTEM LTD,H
WEWIN,EQ,WE WIN LIMITED,H
WINSOME,BE,WINSOME YARNS LIMITED,H
WOMANCART,SM,WOMANCART LIMITED,H
YASHOPTICS,ST,YASH OPTICS & LENS LTD,H
ZENITHSTL,EQ,ZENITH STEEL PIP IND LTD,H
ZODIAC,BE,ZODIAC ENERGY LIMITED,H
21STCENMGM,BE,21ST CENTURY MGMT SERVICE,L
A2ZINFRA,BE,A2Z INFRA ENGINEERING LTD,L
AAKASH,EQ,AAKASH EXPLORATION SER L,L
ALOKINDS,BE,ALOK INDUSTRIES LIMITED,L
ALPSINDUS,BE,ALPS INDUSTRIES LTD.,L
ANTGRAPHIC,BE,ANTARCTICA LTD,L
ARENTERP,EQ,RAJDARSHAN INDUSTRIES LTD,L
ARVEE,BE,ARVEE LABORATORIES I LTD,L
ATLANTAA,EQ,ATLANTAA LIMITED,L
BEDMUTHA,BE,BEDMUTHA INDUST LTD,L
BINANIIND,BE,BINANI INDUSTRIES LTD,L
BKMINDST,BZ,BKM INDUSTRIES LIMITED,L
BOHRAIND,BE,BOHRA INDUSTRIES LIMITED,L
CMMIPL,ST,CMM INFRAPROJECTS LIMITED,L
CREATIVEYE,BE,CREATIVE EYE LIMITED,L
DCG,ST,DCG CABLES & WIRES LTD,L
DHTL,SM,DOCMODE HEALTH TECH LTD,L
DUGLOBAL,SM,DUDIGITAL GLOBAL LIMITED,L
EDUCOMP,BZ,EDUCOMP SOLUTIONS LTD,L
EQUIPPP,BE,EQUIPPP SOC IMP TECH LTD,L
EXCEL,BE,EXCEL REALTY N INFRA LTD,L
FCONSUMER,BE,FUTURE CONSUMER LIMITED,L
FCSSOFT,EQ,FCS SOFTWARE SOLN. LTD.,L
FEL,BZ,FUTURE ENTERPRISES LTD,L
FELDVR,BE,FUTURE ENTERPRISES LTD,L
FLFL,BZ,FUT LIFESTYLE FASH LTD,L
FSC,BZ,FUTURE SUPP CHAIN SOL LTD,L
GICL,SM,GLOBE INTL CARRIERS LTD,L
GKWLIMITED,EQ,GKW LIMITED,L
GLOBAL,BE,GLOBAL EDUCATION LIMITED,L
GOENKA,BZ,GOENKA DIAMOND&JEWELS LTD,L
GTLINFRA,EQ,GTL INFRA.LTD,L
GVPTECH,EQ,GVP INFOTECH LIMITED,L
HAVISHA,BE,SRI HAVISHA HOSP & INFR L,L
HPIL,BE,HINDPRAKASH INDUSTRY LTD,L
HUBTOWN,BE,HUBTOWN LIMITED,L
HYBRIDFIN,BE,HYBRID FINANCIAL SERVICE,L
IL&FSTRANS,BZ,IL&FS TRANS NET LTD,L
INDSWFTLTD,BE,IND-SWIFT LIMITED,L
JAIBALAJI,BE,JAI BALAJI INDUSTRIES LTD,L
JALAN,SM,JALAN TRANSOLU. INDIA LTD,L
JETKNIT,SM,JET KNITWEARS LTD.,L
JYOTISTRUC,BE,JYOTI STRUCTURES,L
KBCGLOBAL,EQ,KBC GLOBAL LIMITED,L
KEEPLEARN,EQ,DSJ KEEP LEARNING LTD,L
KRIDHANINF,BE,KRIDHAN INFRA LIMITED,L
LGHL,EQ,LAXMI GOLDORNA HOUSE LTD,L
MADHUCON,BE,MADHUCON PROJECTS LTD.,L
MASKINVEST,EQ,MASK INVESTMENTS LIMITED,L
MBECL,BE,MCNALLY BH. ENG. CO.LTD,L
MEP,BE,MEP INFRA. DEVELOPERS LTD,L
METALFORGE,BZ,METALYST FORGINGS LIMITED,L
MODIRUBBER,EQ,MODI RUBBER LTD,L
NETWORK18,BE,NETWORK18 MEDIA & INV LTD,L
NKIND,BE,NKINDUSTRIES LTD,L
NORBTEAEXP,EQ,NORBEN TEA & EXPORTS LTD,L
ONELIFECAP,BE,ONELIFE CAP ADVISORS LTD,L
ORIANA,SM,ORIANA POWER LIMITED,L
OSWALAGRO,EQ,OSWAL AGRO MILLS LTD,L
OSWALSEEDS,BE,SHREEOSWAL S AND CHE LTD,L
PANSARI,EQ,PANSARI DEVELOPERS LTD,L
PREMIER,BE,PREMIER LIMITED,L
PURVA,BE,PURAVANKARA LIMITED,L
PVP,EQ,PVP VENTURES LIMITED,L
RADAAN,BE,RADAAN MEDIAWORKS (I) LTD,L
RAJRILTD,BE,RAJ RAYON INDUSTRIES LTD,L
RCOM,BE,RELIANCE COMMUNICATIONS L,L
REXPIPES,SM,REX PIPES AND CABLES LTD,L
RKEC,EQ,RKEC PROJECTS LIMITED,L
RTNPOWER,BE,RATTANINDIA POWER LIMITED,L
SADBHIN,BE,SADBHAV INFRA PROJ LTD.,L
SARVESHWAR,BE,SARVESHWAR FOODS LIMITED,L
SCHNEIDER,BE,SCHNEIDER ELECTRIC INFRA,L
SECL,SM,SALASAR EXTERIOR CONT LTD,L
SELMC,EQ,SEL MANUFACTURING CO LTD,L
SHRENIK,EQ,SHRENIK LIMITED,L
SOFTTECH,BE,SOFTTECH ENGINEERS LTD,L
SPARC,BE,SUN PHARMA ADV.RES.CO.LTD,L
SPRL,ST,SP REFRACTORIES LIMITED,L
SRPL,BE,SHREE RAM PROTEINS LTD.,L
SSFL,SM,SRIVARI SPICES N FOODS L,L
SUMEETINDS,BE,SUMEET IND LIMITED,L
SUMIT,BE,SUMIT WOODS LIMITED,L
SURANASOL,EQ,SURANA SOLAR LIMITED,L
SURANI,SM,SURANI STEEL TUBES LTD.,L
SUZLON,BE,SUZLON ENERGY LIMITED,L
TARACHAND,EQ,TARA CHAND INFRA SOLN LTD,L
TPHQ,BE,TEAMO PRODUCTIONS HQ LTD,L
UMESLTD,BE,USHA MARTIN EDU & SOL LTD,L
UNITECH,BZ,UNITECH LIMITED,L
URBAN,SM,URBAN ENVIRO WASTE MGMT L,L
VELS,SM,VELS FILM INTERNATIONAL L,L
VINNY,BE,VINNY OVERSEAS LIMITED,L
WEL,EQ,WONDER ELECTRICALS LTD,L
WINSOME,BE,WINSOME YARNS LIMITED,L
