GAIN_LOSS,SECURITY,CLOSE_PRIC,PREV_CL_PR,PERCENT_CG
 ,Nifty 50 Sec., , , 
 , , , , 
G,BAJAJ FINANCE LIMITED,      7119.50,      6893.20,3.28
G,MAHINDRA & MAHINDRA LTD,      2082.90,      2024.95,2.86
G,MARUTI SUZUKI INDIA LTD.,     12710.95,     12405.00,2.47
G,HDFC BANK LTD,      1531.30,      1494.70,2.45
G,JSW STEEL LIMITED,       864.80,       844.80,2.37
G,GRASIM INDUSTRIES LTD,      2273.15,      2226.05,2.12
G,WIPRO LTD,       452.75,       444.35,1.89
G,BHARTI AIRTEL LIMITED,      1289.00,      1265.75,1.84
G,BAJAJ FINSERV LTD.,      1619.00,      1593.90,1.57
G,APOLLO HOSPITALS ENTER. L,      6169.55,      6074.15,1.57
G,ITC LTD,       424.75,       418.85,1.41
G,TATA STEEL LIMITED,       162.10,       160.05,1.28
G,TECH MAHINDRA LIMITED,      1193.65,      1179.65,1.19
G,ICICI BANK LTD.,      1067.25,      1055.45,1.12
G,ADANI PORT & SEZ LTD,      1310.00,      1295.55,1.12
G,TITAN COMPANY LIMITED,      3563.05,      3525.10,1.08
G,STATE BANK OF INDIA,       750.45,       744.80,.76
G,HINDUSTAN UNILEVER LTD.,      2231.60,      2214.80,.76
G,POWER GRID CORP. LTD.,       281.65,       280.10,.55
G,INDUSIND BANK LIMITED,      1482.05,      1474.40,.52
G,AXIS BANK LIMITED,      1029.10,      1024.00,.5
G,SUN PHARMACEUTICAL IND L,      1522.80,      1516.40,.42
G,OIL AND NATURAL GAS CORP.,       275.25,       274.15,.4
G,RELIANCE INDUSTRIES LTD,      2940.25,      2928.65,.4
G,KOTAK MAHINDRA BANK LTD,      1792.65,      1786.75,.33
G,HINDALCO  INDUSTRIES  LTD,       614.75,       612.80,.32
G,TATA CONSUMER PRODUCT LTD,      1138.10,      1134.55,.31
G,ADANI ENTERPRISES LIMITED,      3026.95,      3019.30,.25
G,ASIAN PAINTS LIMITED,      2808.55,      2807.70,.03
 , , , , 
L,BAJAJ AUTO LIMITED,      8804.50,      9021.30,-2.4
L,HCL TECHNOLOGIES LTD,      1447.50,      1466.85,-1.32
L,NESTLE INDIA LIMITED,      2437.70,      2462.55,-1.01
L,DIVI S LABORATORIES LTD,      3671.70,      3708.90,-1
L,TATA CONSULTANCY SERV LT,      3826.20,      3862.00,-0.93
L,LARSEN & TOUBRO LTD.,      3518.35,      3550.95,-0.92
L,HERO MOTOCORP LIMITED,      4213.70,      4251.30,-0.88
L,TATA MOTORS LIMITED,       963.20,       971.35,-0.84
L,LTIMINDTREE LIMITED,      4660.55,      4697.15,-0.78
L,COAL INDIA LTD,       435.30,       438.60,-0.75
L,HDFC LIFE INS CO LTD,       601.55,       605.65,-0.68
L,SBI LIFE INSURANCE CO LTD,      1447.55,      1456.95,-0.65
L,BHARAT PETROLEUM CORP  LT,       585.80,       589.60,-0.64
L,BRITANNIA INDUSTRIES LTD,      4668.30,      4695.00,-0.57
L,INFOSYS LIMITED,      1411.25,      1419.25,-0.56
L,DR. REDDY S LABORATORIES,      5942.85,      5957.15,-0.24
L,SHRIRAM FINANCE LIMITED,      2366.55,      2371.45,-0.21
L,ULTRATECH CEMENT LIMITED,      9363.95,      9382.75,-0.2
L,NTPC LTD,       350.55,       351.15,-0.17
L,EICHER MOTORS LTD,      4344.15,      4351.20,-0.16
L,CIPLA LTD,      1345.75,      1347.30,-0.12
 , , , , 
 ,Nifty Next 50 Sec., , , 
 , , , , 
G,JINDAL STEEL & POWER LTD,       927.25,       905.85,2.36
G,ZOMATO LIMITED,       189.20,       185.20,2.16
G,HINDUSTAN AERONAUTICS LTD,      3751.30,      3677.15,2.02
G,TRENT LTD,      4158.95,      4087.10,1.76
G,AVENUE SUPERMARTS LIMITED,      4696.00,      4627.10,1.49
G,LIFE INSURA CORP OF INDIA,       973.30,       961.05,1.27
G,SAMVRDHNA MTHRSN INTL LTD,       127.05,       125.85,0.95
G,BHARAT ELECTRONICS LTD,       233.30,       231.15,0.93
G,SBI CARDS & PAY SER LTD,       732.10,       726.00,0.84
G,CHOLAMANDALAM IN & FIN CO,      1128.15,      1118.80,0.84
G,POWER FIN CORP LTD.,       398.65,       395.45,0.81
G,HAVELLS INDIA LIMITED,      1501.70,      1493.70,0.54
G,GODREJ CONSUMER PRODUCTS,      1168.85,      1162.75,0.52
G,SIEMENS LTD,      5589.50,      5579.55,0.18
G,ADANI ENERGY SOLUTION LTD,      1040.60,      1038.75,0.18
G,DABUR INDIA LTD,       504.20,       503.85,0.07
 , , , , 
L,ICICI PRU LIFE INS CO LTD,       588.15,       602.50,-2.38
L,UNITED SPIRITS LIMITED,      1123.10,      1148.90,-2.25
L,BERGER PAINTS (I) LTD,       504.55,       515.90,-2.2
L,JIO FIN SERVICES LTD,       370.10,       378.40,-2.19
L,TVS MOTOR COMPANY  LTD,      1899.05,      1940.70,-2.15
L,ZYDUS LIFESCIENCES LTD,       922.15,       937.00,-1.58
L,PIDILITE INDUSTRIES LTD,      2830.70,      2871.80,-1.43
L,INDIAN OIL CORP LTD,       166.65,       169.00,-1.39
L,ABB INDIA LIMITED,      6292.60,      6369.50,-1.21
L,ICICI LOMBARD GIC LIMITED,      1689.75,      1710.10,-1.19
L,BAJAJ HOLDINGS & INVS LTD,      7835.70,      7920.20,-1.07
L,PUNJAB NATIONAL BANK,       128.25,       129.55,-1
L,AMBUJA CEMENTS LTD,       609.65,       615.25,-0.91
L,ADANI TOTAL GAS LIMITED,       912.40,       920.15,-0.84
L,INTERGLOBE AVIATION LTD,      3560.20,      3590.10,-0.83
L,CANARA BANK,       578.75,       583.45,-0.81
L,BANK OF BARODA,       256.95,       259.00,-0.79
L,GAIL (INDIA) LTD,       201.95,       203.55,-0.79
L,COLGATE PALMOLIVE LTD.,      2649.65,      2667.70,-0.68
L,REC LIMITED,       425.75,       428.65,-0.68
L,INDIAN RAILWAY FIN CORP L,       141.00,       141.95,-0.67
L,VEDANTA LIMITED,       385.95,       388.50,-0.66
L,ADANI POWER LTD,       594.55,       598.10,-0.59
L,BOSCH LIMITED,     29787.00,     29924.10,-0.46
L,TATA POWER CO LTD,       428.10,       429.75,-0.38
L,ADANI GREEN ENERGY LTD,      1770.05,      1775.45,-0.3
L,TORRENT PHARMACEUTICALS L,      2539.40,      2546.85,-0.29
L,SHREE CEMENT LIMITED,     24368.75,     24425.85,-0.23
L,MARICO LIMITED,       505.30,       506.40,-0.22
L,VARUN BEVERAGES LIMITED,      1396.10,      1397.95,-0.13
 , , , , 
 ,OTHER SECURITIES, , , 
 , , , , 
G,IRM ENERGY LIMITED,       559.00,       465.85,20
G,SHARP CHUCKS N MACHINES L,        95.65,        80.10,19.41
G,K M SUGAR MILLS LTD,        42.45,        36.05,17.75
G,ELDECO HSG & IND LTD.,      1129.45,       961.05,17.52
G,PATTECH FITWELL TUB COM L,        66.65,        57.05,16.83
G,SOLARA ACTIVE PHA SCI LTD,       551.75,       473.80,16.45
G,HINDUSTAN MOTORS LIMITED,        23.70,        20.50,15.61
G,FORCE MOTORS LIMITED,      9313.85,      8066.10,15.47
G,DYNACONS SYS & SOLN LTD,      1440.95,      1248.65,15.4
G,ADF FOODS LIMITED,       215.50,       188.55,14.29
G,BLUE PEBBLE LIMITED,       299.20,       265.90,12.52
G,CELEBRITY FASHIONS LTD,        20.55,        18.40,11.68
G,TVS SUPPLY CHAIN SOL L,       180.60,       161.80,11.62
G,KAVERI SEED CO. LTD.,       756.80,       685.05,10.47
G,ZEAL GLOBAL SERVICES LTD,       233.05,       211.05,10.42
G,INDO TECH TRANSFORM LTD.,      1732.90,      1575.40,10
G,HIND RECTIFIER LIMITED,       737.35,       670.35,9.99
G,SRI ADHIKARI BRO TELE N L,        80.90,        73.55,9.99
G,DYNAMIC SRVCS & SEC LTD,       178.95,       162.70,9.99
G,BAJEL PROJECTS LIMITED,       258.80,       235.30,9.99
G,DRONE DESTINATION LIMITED,       273.15,       248.35,9.99
G,PRATHAM EPC PROJECTS LTD,       217.55,       197.80,9.98
G,AUSTRALIAN PREM SOLAR I L,       274.35,       249.45,9.98
G,ELECON ENG. CO. LTD,      1166.25,      1061.00,9.92
G,THE HI-TECH GEARS LIMITED,      1163.45,      1059.10,9.85
G,SWARAJ SUITING LIMITED,       196.45,       179.00,9.75
G,EMKAY GLOBAL FIN SERV LTD,       154.80,       141.60,9.32
G,CANARYS AUTOMATIONS LTD,        57.15,        52.35,9.17
G,BOMBAY METRICS S C LTD,       102.55,        94.00,9.1
G,ADDICTIVE LEARNING TECH L,       271.30,       248.90,9
 , , , , 
L,SERENCD8.84%SRVICIII&IV,       825.00,       960.00,-14.06
L,JET KNITWEARS LTD.,       121.50,       135.00,-10
L,SRIVARI SPICES N FOODS L,       307.80,       335.90,-8.37
L,SEC RED NCD SR. VII,      1762.51,      1918.08,-8.11
L,ANMOL INDIA LIMITED,        42.25,        45.85,-7.85
L,AURANGABAD DISTILLERY LTD,       260.00,       281.55,-7.65
L,SURATWWALA BUS GROUP LTD,       102.40,       109.10,-6.14
L,DOCMODE HEALTH TECH LTD,       247.00,       262.65,-5.96
L,LAXMI COTSPIN LIMITED,        33.10,        35.10,-5.7
L,SEC RE NCD 8.25% SR.I,      1000.00,      1060.00,-5.66
L,SHARDA MOTOR INDS LTD,      1504.15,      1590.15,-5.41
L,TATA COMMUNICATIONS LTD,      1755.20,      1854.10,-5.33
L,SEC RED NCD 9.6% SR.VI,      1000.00,      1056.01,-5.3
L,INDIFRA LIMITED,        35.70,        37.65,-5.18
L,SEC RE NCD 10.03% SR.VIII,       901.01,       950.00,-5.16
L,JUBILANT PHARMOVA LTD,       665.00,       700.70,-5.09
L,RAJDARSHAN INDUSTRIES LTD,        52.10,        54.85,-5.01
L,PVP VENTURES LIMITED,        31.30,        32.95,-5.01
L,ATLANTAA LIMITED,        35.10,        36.95,-5.01
L,ORIANA POWER LIMITED,      1367.90,      1439.90,-5
L,VELS FILM INTERNATIONAL L,        62.70,        66.00,-5
L,SHRENIK LIMITED,          .95,         1.00,-5
L,GKW LIMITED,      2531.05,      2664.25,-5
L,URBAN ENVIRO WASTE MGMT L,       349.65,       368.05,-5
L,TRUCAP FINANCE LIMITED,        62.35,        65.60,-4.95
L,SIDDHIKA COATINGS LIMITED,       178.80,       188.10,-4.94
L,NRB INDUS. BEARINGS LTD.,        33.05,        34.75,-4.89
L,REX PIPES AND CABLES LTD,        67.10,        70.55,-4.89
L,OSWAL AGRO MILLS LTD,        42.75,        44.80,-4.58
L,JALAN TRANSOLU. INDIA LTD,         4.20,         4.40,-4.55
