SYMBOL,SERIES,SECURITY,HIGH/LOW,INDEX FLAG
21STCENMGM,BE,21ST CENTURY MGMT SERVICE,H
749MH30,SG,SDL MH 7.49% 2030,H
A2ZINFRA,BE,A2Z INFRA ENGINEERING LTD,H
ABINFRA,SM,A B INFRABUILD LIMITED,H
ABSMARINE,SM,ABS MARINE SERVICES LTD,H
ACCURACY,EQ,ACCURACY SHIPPING LIMITED,H
AIMTRON,SM,AIMTRON ELECTRONICS LTD,H
ALPEXSOLAR,SM,ALPEX SOLAR LIMITED,H
ALPSINDUS,BE,ALPS INDUSTRIES LTD.,H
AMEYA,SM,AMEYA PRECISION ENG LTD,H
ANLON,SM,ANLON TECHNOLOGY SOL LTD,H
ANSALAPI,BZ,ANSAL PROP & INFRA LTD,H
APS,SM,AUSTRALIAN PREM SOLAR I L,H
ASMS,EQ,BARTRONICS INDIA LIMITED,H
ASPIRE,SM,ASPIRE & INNOVATIVE ADV L,H
ATMASTCO,SM,ATMASTCO LIMITED,H
AVSL,ST,AVSL INDUSTRIES LIMITED,H
AZAD,EQ,AZAD ENGINEERING LIMITED,H
BBTC,EQ,BOMBAY BURMAH TRADING COR,H
BGLOBAL,BZ,BHARATIYA GLOBAL INFO LTD,H
BLUECHIP,BE,BLUE CHIP INDIA LIMITED,H
BLUECOAST,BE,BLUE COAST HOTELS LIMITED,H
BLUEPEBBLE,SM,BLUE PEBBLE LIMITED,H
CELLECOR,SM,CELLECOR GADGETS LIMITED,H
CGRAPHICS,SM,CREATIVE GRAPHICS S IND L,H
CLOUD,SM,VARANIUM CLOUD LIMITED,H
CMICABLES,BZ,CMI LIMITED,H
CTE,EQ,CAMBRIDGE TECH ENTER LTD,H
DBSTOCKBRO,EQ,DB (INT) STOCK BROKERS,H
DCMFINSERV,BE,DCM FINANCIAL SERVICES LT,H
DGCONTENT,BE,DIGICONTENT LIMITED,H
DHUNINV,EQ,DHUNSERI INVESTMENTS LTD,H
DREDGECORP,EQ,DREDGING CORP OF INDIA,H
DSSL,EQ,DYNACONS SYS & SOLN LTD,H
DYNAMIC,SM,DYNAMIC SRVCS & SEC LTD,H
E2E,BE,E2E NETWORKS LIMITED,H
EIMCOELECO,EQ,EIMCO ELECON (INDIA) LTD,H
ENSER,SM,ENSER COMMUNICATIONS LTD,H
ESCONET,SM,ESCONET TECHNOLOGIES LTD,H
FEL,BZ,FUTURE ENTERPRISES LTD,H
FELDVR,BE,FUTURE ENTERPRISES LTD,H
GANGOTRI,BZ,GANGOTRI TEXTILES LTD.,H
GATECHDVR,BE,GACM TECHNOLOGIES LIMITED,H
GAYAHWS,BE,GAYATRI HIGHWAYS LIMITED,H
GENSOL,EQ,GENSOL ENGINEERING LTD,H
GFSTEELS,BE,GRAND FOUNDRY LTD,H
GKWLIMITED,BE,GKW LIMITED,H
GLOBE,EQ,GLOBE TEXTILES (I) LTD.,H
GOLDTECH,EQ,AION-TECH SOLUTIONS LTD,H
GPECO,ST,GP ECO SOLUTIONS INDIA L,H
GPTINFRA,BE,GPT INFRAPROJECTS LTD,H
GTLINFRA,EQ,GTL INFRA.LTD,H
HECPROJECT,BE,HEC INFRA PROJECTS LTD,H
HINDNATGLS,BE,HIND NATL GLASS & IND LTD,H
HMT,BZ,HMT LTD -,H
ICEMAKE,EQ,ICE MAKE REFRIGERAT LTD,H
IL&FSTRANS,BZ,IL&FS TRANS NET LTD,H
INDSWFTLTD,BE,IND-SWIFT LIMITED,H
INFOMEDIA,EQ,INFOMEDIA PRESS LIMITED,H
ISHAN,SM,ISHAN INTERNATIONAL LTD,H
JPPOWER,EQ,JAIPRAKASH POWER VEN. LTD,H
JUBLINDS,EQ,JUBILANT INDUSTRIES LTD,H
JYOTISTRUC,EQ,JYOTI STRUCTURES LTD,H
K2INFRA,SM,K2 INFRAGEN LIMITED,H
KBCGLOBAL,EQ,KBC GLOBAL LIMITED,H
KCEIL,SM,KAY CEE ENERGY & INFRA L,H
KICL,EQ,KALYANI INVEST CO LTD,H
KODYTECH,SM,KODY TECHNOLAB LIMITED,H
KONSTELEC,SM,KONSTELEC ENGINEERS LTD,H
KRIDHANINF,BE,KRIDHAN INFRA LIMITED,H
KRISHNADEF,SM,KRISHNA DEF AND ALD IND L,H
KRONOX,BE,KRONOX LAB SCIENCES LTD,H
LAKPRE,BZ,LAKSHMI PRE SCRE LTD,H
LIBERTSHOE,EQ,LIBERTY SHOES LTD,H
MADHUCON,BE,MADHUCON PROJECTS LTD.,H
MAKS,SM,MAKS ENERGY SOL INDIA LTD,H
MANORG,BE,MANGALAM ORGANICS LIMITED,H
MARINE,EQ,MARINE ELECTRICAL (I) LTD,H
MASKINVEST,EQ,MASK INVESTMENTS LIMITED,H
MCON,SM,MCON RASAYAN INDIA LTD,H
MEDICO,BE,MEDICO REMEDIES LIMITED,H
MICEL,EQ,MIC ELECTRONICS LTD,H
MILTON,SM,MILTON INDUSTRIES LIMITED,H
MODTHREAD,BE,MODERN THREADS INDIA LTD,H
MOHITIND,EQ,MOHIT INDUSTRIES LTD,H
NAGREEKCAP,EQ,NAGREEKA CAP & INFR.LTD,H
NDGL,EQ,NAGA DHUNSERI GROUP LTD,H
NILAINFRA,EQ,NILA INFRASTRUCTURES LTD,H
NILASPACES,BE,NILA SPACES LIMITED,H
NORBTEAEXP,EQ,NORBEN TEA & EXPORTS LTD,H
NSIL,EQ,NALWA SONS INVESTMENT LTD,H
NTL,BE,NEUEON TOWERS LIMITED,H
OMAXE,EQ,OMAXE LIMITED,H
ONDOOR,SM,ON DOOR CONCEPTS LIMITED,H
ORIANA,SM,ORIANA POWER LIMITED,H
ORIENTLTD,EQ,ORIENT PRESS LIMITED,H
OSIAHYPER,BE,OSIA HYPER RETAIL LIMITED,H
OWAIS,SM,OWAIS METAL & MINERAL,H
PASHUPATI,SM,PASHUPATI COTSPIN LIMITED,H
PERFECT,SM,PERFECT INFRAENGINEER LTD,H
PILANIINVS,EQ,PILANI INV & IND COR LTD,H
PKTEA,EQ,THE P K TEA PROD CO LTD,H
PRAMARA,SM,PRAMARA PROMOTIONS LTD,H
PREMIER,BE,PREMIER LIMITED,H
PRITIKA,SM,PRITIKA ENG COMPO LTD,H
PROLIFE,SM,PROLIFE INDUSTRIES LTD,H
PRUDMOULI,EQ,PRUDENTIAL SUGAR CORPORAT,H
PULZ,SM,PULZ ELECTRONICS LIMITED,H
RAJRILTD,BE,RAJ RAYON INDUSTRIES LTD,H
REGENCERAM,BE,REGENCYCERAMICS-LTD,H
RILINFRA,SM,RACHANA INFRA LTD,H
RKDL,EQ,RAVI KUMAR DIST. LTD.,H
ROLTA,BZ,ROLTA INDIA LTD,H
ROSSELLIND,EQ,ROSSELL INDIA LIMITED,H
RSSOFTWARE,BE,R. S. SOFTWARE (INDIA) LI,H
SAAKSHI,SM,SAAKSHI MEDTEC N PANELS L,H
SABEVENTS,BE,SAB EVENTS & GOVERNANCE,H
SALSTEEL,BE,S.A.L. STEEL LTD.,H
SAMPANN,EQ,SAMPANN UTPADAN INDIA LTD,H
SANCO,BZ,SANCO INDUSTRIES LIMITED,H
SECURCRED,BE,SECUR CREDENTIALS LIMITED,H
SETCO,BE,SETCO AUTOMOTIVE LTD,H
SEYAIND,BE,SEYA INDUSTRIES LIMITED,H
SHAKTIPUMP,BE,SHAKTI PUMPS (I) LTD,H
SHRADHA,EQ,SHRADHA INFRAPROJECTS LTD,H
SICALLOG,BE,SICAL LOGISTICS LIMITED,H
SIDDHIKA,SM,SIDDHIKA COATINGS LIMITED,H
SITINET,BE,SITI NETWORKS LIMITED,H
SKIL,BZ,SKIL INFRASTRUCTURE LTD.,H
SKYGOLD,BE,SKY GOLD LIMITED,H
SLONE,SM,SLONE INFOSYSTEMS LIMITED,H
SPECTRUM,SM,SPECTRUM ELECTRIC IND LTD,H
SUMEETINDS,BE,SUMEET IND LIMITED,H
SUMMITSEC,EQ,SUMMIT SECURITIES LTD,H
SURANAT&P,EQ,SURANA TELECOM AND POW LT,H
SUZLON,EQ,SUZLON ENERGY LIMITED,H
SVPGLOB,EQ,SVP GLOBAL TEXTILES LTD,H
TAINWALCHM,BE,TAINWALA CHEMICAL AND PLA,H
TBI,SM,TBI CORN LIMITED,H
TCIFINANCE,BE,TCIFINANCELTD-ROLL SETT,H
TCLCONS,EQ,TANTIA CONSTRUCTIONS LTD,H
TECHLABS,SM,TRIDENT TECHLABS LIMITED,H
TECHNOE,BE,TECHNO ELEC & ENG CO. LTD,H
TGL,SM,TEERTH GOPICON LIMITED,H
TIJARIA,BE,TIJARIA POLYPIPES LTD,H
TIMESGTY,EQ,TIMES GUARANTY LIMITED,H
TIRUPATIFL,BE,TIRUPATI FORGE LIMITED,H
TPHQ,EQ,TEAMO PRODUCTIONS HQ LTD,H
TREJHARA,BE,TREJHARA SOLUTIONS LTD,H
UEL,BE,UJAAS ENERGY LIMITED,H
UMESLTD,EQ,USHA MARTIN EDU & SOL LTD,H
UNITECH,BZ,UNITECH LIMITED,H
UNIVAFOODS,BE,UNIVA FOODS LIMITED,H
URBAN,SM,URBAN ENVIRO WASTE MGMT L,H
URJA,EQ,URJA GLOBAL LIMITED,H
V2RETAIL,BE,V2 RETAIL LIMITED,H
VERTOZ,EQ,VERTOZ ADVERTISING LTD,H
VHL,EQ,VARDHMAN HOLDINGS LIMITED,H
VHLTD,BE,VICEROY HOTELS LIMITED,H
VIAZ,SM,VIAZ TYRES LIMITED,H
VIJIFIN,BE,VIJI FINANCE LIMITED,H
VISASTEEL,BE,VISA STEEL LIMITED,H
VISESHINFO,BZ,VISESH INFOTECNICS LTD,H
VISHNUINFR,SM,VISHNUSURYA PROJ N INFR L,H
VMARCIND,SM,V MARC INDIA LIMITED,H
VSCL,ST,VADIVARHE SPCLTY CHEM LTD,H
WINSOME,BE,WINSOME YARNS LIMITED,H
ZENITHEXPO,BE,ZENITH EXPORTS LTD,H
ZODIAC,BE,ZODIAC ENERGY LIMITED,H
ZODIACLOTH,EQ,ZODIAC CLOTHING CO. LTD.,H
ZTECH,SM,Z-TECH (INDIA) LIMITED,H
AKI,EQ,AKI INDIA LIMITED,L
ALPEXSOLAR,SM,ALPEX SOLAR LIMITED,L
ALUWIND,SM,ALUWIND ARCHITECTURAL LTD,L
ARSHIYA,BE,ARSHIYA LIMITED,L
ARSSINFRA,BE,ARSS INFRA PROJ. LTD,L
BAFNAPH,BE,BAFNA PHARMACEUTICALS LTD,L
BAHETI,SM,BAHETI RECYCLING IND LTD,L
BKMINDST,BZ,BKM INDUSTRIES LIMITED,L
BOHRAIND,BE,BOHRA INDUSTRIES LIMITED,L
BTML,BE,BODHI TREE MULTIMEDIA LTD,L
CADSYS,ST,CADSYS (INDIA) LIMITED,L
CLOUD,SM,VARANIUM CLOUD LIMITED,L
CMICABLES,BZ,CMI LIMITED,L
CMMIPL,ST,CMM INFRAPROJECTS LIMITED,L
CMRSL,SM,CYBER MEDIA RES & SER LTD,L
COMPINFO,BZ,COMPUAGE INFOCOM LTD,L
CROWN,BE,CROWN LIFTERS LIMITED,L
DESTINY,ST,DESTINY LOGISTICS & I LTD,L
DHTL,SM,DOCMODE HEALTH TECH LTD,L
DRCSYSTEMS,BE,DRC SYSTEMS INDIA LIMITED,L
EDUCOMP,BZ,EDUCOMP SOLUTIONS LTD,L
ESCONET,SM,ESCONET TECHNOLOGIES LTD,L
FACT,EQ,FACT LTD,L
FCONSUMER,BE,FUTURE CONSUMER LIMITED,L
FEL,BZ,FUTURE ENTERPRISES LTD,L
FELIX,SM,FELIX INDUSTRIES LTD.,L
FRETAIL,BZ,FUTURE RETAIL LIMITED,L
FSC,BZ,FUTURE SUPP CHAIN SOL LTD,L
GANGOTRI,BZ,GANGOTRI TEXTILES LTD.,L
GAYAPROJ,BZ,GAYATRI PROJECTS LTD,L
GICL,SM,GLOBE INTL CARRIERS LTD,L
GIRIRAJ,ST,GIRIRAJ CIVIL DEVP LTD,L
GRCL,SM,GAYATRI RUBB AND CHEM LTD,L
GSMFOILS,SM,GSM FOILS LIMITED,L
HDIL,BZ,HOUSING DEV & INFRA LTD,L
HINDNATGLS,BE,HIND NATL GLASS & IND LTD,L
IL&FSENGG,BZ,IL&FS ENG AND CONS CO LTD,L
JAIPURKURT,BE,NANDANI CREATION LIMITED,L
JPASSOCIAT,BE,JAIPRAKASH ASSOCIATES LTD,L
KARMAENG,EQ,KARMA ENERGY LIMITED,L
KCK,ST,KCK INDUSTRIES LTD,L
KDL,SM,KORE DIGITAL LIMITED,L
KERNEX,EQ,KERNEX MICROSYS(I) LTD,L
KKVAPOW,SM,KKV AGRO POWERS LTD.,L
KRISHNADEF,SM,KRISHNA DEF AND ALD IND L,L
MASTER,SM,MASTER COMPONENTS LIMITED,L
MBECL,BE,MCNALLY BH. ENG. CO.LTD,L
MONOPHARMA,SM,MONO PHARMACARE LIMITED,L
MORARJEE,BE,MORARJEE TEXTILES LIMITED,L
OMINFRAL,EQ,OM INFRA LIMITED,L
ONDOOR,SM,ON DOOR CONCEPTS LIMITED,L
ORTEL,BZ,ORTEL COMMUNICATIONS LTD,L
PARIN,SM,PARIN FURNITURE LIMITED,L
PRATHAM,SM,PRATHAM EPC PROJECTS LTD,L
PREMEXPLN,EQ,PREMIER EXPLOSIVES LTD,L
QUINTEGRA,BE,QUINTEGRA SOLUTIONS LTD.,L
RAJTV,BE,RAJ TV NETWORK LTD,L
RCOM,BE,RELIANCE COMMUNICATIONS L,L
REFRACTORY,SM,REFRACTORY SHAPES LIMITED,L
RELIABLE,SM,RELIABLE DATA SERVICE LTD,L
RKDL,EQ,RAVI KUMAR DIST. LTD.,L
SANWARIA,BZ,SANWARIA CONSUMER LIMITED,L
SARTELE,SM,SAR TELEVENTURE LIMITED,L
SECL,SM,SALASAR EXTERIOR CONT LTD,L
SETUINFRA,BZ,SETUBANDHAN INFRA LTD,L
SJLOGISTIC,SM,S J LOGISTICS (INDIA) LTD,L
SMARTLINK,BE,SMARTLINK HOLDINGS LTD,L
SUMEETINDS,BE,SUMEET IND LIMITED,L
SUULD,EQ,SUUMAYA INDUSTRIES LTD,L
SWANENERGY,EQ,SWAN ENERGY LIMITED,L
TECHIN,BE,TECHINDIA NIRMAN LIMITED,L
TECHLABS,SM,TRIDENT TECHLABS LIMITED,L
TECILCHEM,BE,TECIL CHEMICALS,L
TERASOFT,BE,TERA SOFTWARE LIMITED,L
TIJARIA,BE,TIJARIA POLYPIPES LTD,L
TIMESCAN,SM,TIMESCAN LOGISTICS IND L,L
TRANSWIND,SM,TRANSWIND INFRA LIMITED,L
TRUST,SM,TRUST FINTECH LIMITED,L
VCL,BE,VAXTEX COTFAB LIMITED,L
VERTEXPLUS,ST,VERTEXPLUS TECHNOLOGIES L,L
VISESHINFO,BZ,VISESH INFOTECNICS LTD,L
VIVIANA,SM,VIVIANA POWER TECH LTD,L
WALPAR,SM,WALPAR NUTRITIONS LIMITED,L
WINSOME,BE,WINSOME YARNS LIMITED,L
