GAIN_LOSS,SECURITY,CLOSE_PRIC,PREV_CL_PR,PERCENT_CG
 ,Nifty 50 Sec., , , 
 , , , , 
G,MAHINDRA & MAHINDRA LTD,      2915.80,      2839.95,2.67
G,SHRIRAM FINANCE LIMITED,      2882.25,      2821.65,2.15
G,POWER GRID CORP. LTD.,       332.95,       325.95,2.15
G,GRASIM INDUSTRIES LTD,      2515.10,      2466.15,1.98
G,SUN PHARMACEUTICAL IND L,      1494.50,      1467.25,1.86
G,TATA CONSUMER PRODUCT LTD,      1101.95,      1084.90,1.57
G,BAJAJ AUTO LIMITED,      9745.25,      9602.25,1.49
G,APOLLO HOSPITALS ENTER. L,      6259.55,      6170.00,1.45
G,HERO MOTOCORP LIMITED,      5524.45,      5452.00,1.33
G,NESTLE INDIA LIMITED,      2530.05,      2498.40,1.27
G,ULTRATECH CEMENT LIMITED,     10786.00,     10662.40,1.16
G,ICICI BANK LTD.,      1170.10,      1158.65,.99
G,ITC LTD,       423.30,       419.60,.88
G,NTPC LTD,       362.75,       359.80,.82
G,DR. REDDY S LABORATORIES,      6054.95,      6011.45,.72
G,BAJAJ FINSERV LTD.,      1587.65,      1578.90,.55
G,EICHER MOTORS LTD,      4870.90,      4845.50,.52
G,HDFC BANK LTD,      1672.40,      1665.75,.4
G,TITAN COMPANY LIMITED,      3412.35,      3399.75,.37
G,BHARTI AIRTEL LIMITED,      1419.80,      1416.05,.26
G,ASIAN PAINTS LIMITED,      2896.05,      2890.85,.18
G,ADANI ENTERPRISES LIMITED,      3194.60,      3189.30,.17
G,TATA CONSULTANCY SERV LT,      3816.80,      3810.75,.16
G,TECH MAHINDRA LIMITED,      1401.70,      1399.80,.14
G,HINDALCO  INDUSTRIES  LTD,       685.25,       684.50,.11
G,OIL AND NATURAL GAS CORP.,       269.90,       269.65,.09
G,HINDUSTAN UNILEVER LTD.,      2442.20,      2441.30,.04
G,WIPRO LTD,       490.55,       490.55,0
 , , , , 
L,CIPLA LTD,      1504.40,      1541.55,-2.41
L,INDUSIND BANK LIMITED,      1490.40,      1527.15,-2.41
L,ADANI PORT & SEZ LTD,      1460.25,      1485.50,-1.7
L,COAL INDIA LTD,       473.70,       480.20,-1.35
L,TATA STEEL LIMITED,       177.96,       179.94,-1.1
L,RELIANCE INDUSTRIES LTD,      2882.95,      2908.40,-0.88
L,SBI LIFE INSURANCE CO LTD,      1452.75,      1464.15,-0.78
L,BHARAT PETROLEUM CORP  LT,       305.25,       307.60,-0.76
L,AXIS BANK LIMITED,      1228.10,      1237.45,-0.76
L,BAJAJ FINANCE LIMITED,      7081.85,      7134.25,-0.73
L,BRITANNIA INDUSTRIES LTD,      5297.75,      5330.30,-0.61
L,HCL TECHNOLOGIES LTD,      1440.85,      1447.85,-0.48
L,STATE BANK OF INDIA,       832.70,       836.30,-0.43
L,TATA MOTORS LIMITED,       958.05,       961.80,-0.39
L,INFOSYS LIMITED,      1527.15,      1532.70,-0.36
L,LTIMINDTREE LIMITED,      5111.20,      5125.45,-0.28
L,HDFC LIFE INS CO LTD,       579.50,       580.95,-0.25
L,KOTAK MAHINDRA BANK LTD,      1772.55,      1775.65,-0.17
L,JSW STEEL LIMITED,       935.35,       936.90,-0.17
L,MARUTI SUZUKI INDIA LTD.,     12183.40,     12201.50,-0.15
L,LARSEN & TOUBRO LTD.,      3531.60,      3535.00,-0.1
L,DIVI S LABORATORIES LTD,      4519.55,      4522.15,-0.06
 , , , , 
 ,Nifty Next 50 Sec., , , 
 , , , , 
G,BAJAJ HOLDINGS & INVS LTD,      8724.80,      8226.65,6.06
G,INFO EDGE (I) LTD,      6594.10,      6384.70,3.28
G,HINDUSTAN AERONAUTICS LTD,      5325.05,      5170.55,2.99
G,ZOMATO LIMITED,       198.92,       193.95,2.56
G,TRENT LTD,      5395.75,      5266.35,2.46
G,CHOLAMANDALAM IN & FIN CO,      1434.75,      1401.55,2.37
G,MARICO LIMITED,       623.05,       609.80,2.17
G,REC LIMITED,       521.50,       510.50,2.15
G,SIEMENS LTD,      7593.95,      7436.30,2.12
G,ADANI GREEN ENERGY LTD,      1812.35,      1780.45,1.79
G,GODREJ CONSUMER PRODUCTS,      1380.80,      1356.85,1.77
G,DABUR INDIA LTD,       599.75,       589.95,1.66
G,BHARAT ELECTRONICS LTD,       309.75,       304.95,1.57
G,HAVELLS INDIA LIMITED,      1911.85,      1887.05,1.31
G,BOSCH LIMITED,     33015.50,     32606.35,1.25
G,POWER FIN CORP LTD.,       487.75,       482.30,1.13
G,ICICI LOMBARD GIC LIMITED,      1771.50,      1756.85,0.83
G,ABB INDIA LIMITED,      8465.30,      8399.40,0.78
G,ADANI ENERGY SOLUTION LTD,      1017.25,      1010.55,0.66
G,ADANI POWER LTD,       738.45,       733.65,0.65
G,SBI CARDS & PAY SER LTD,       729.95,       725.35,0.63
G,AVENUE SUPERMARTS LIMITED,      4833.70,      4804.85,0.6
G,BANK OF BARODA,       280.60,       279.35,0.45
G,TORRENT PHARMACEUTICALS L,      2840.45,      2831.25,0.32
G,INDIAN RAILWAY FIN CORP L,       176.87,       176.32,0.31
G,SAMVRDHNA MTHRSN INTL LTD,       188.28,       187.72,0.3
G,COLGATE PALMOLIVE LTD.,      2832.75,      2826.25,0.23
G,TVS MOTOR COMPANY  LTD,      2439.70,      2435.40,0.18
G,ICICI PRU LIFE INS CO LTD,       605.40,       604.40,0.17
G,INTERGLOBE AVIATION LTD,      4315.65,      4310.15,0.13
 , , , , 
L,DLF LIMITED,       840.45,       856.10,-1.83
L,SRF LTD,      2420.25,      2460.05,-1.62
L,JIO FIN SERVICES LTD,       355.35,       360.90,-1.54
L,VEDANTA LIMITED,       463.35,       470.25,-1.47
L,ADANI TOTAL GAS LIMITED,       911.75,       922.95,-1.21
L,PIDILITE INDUSTRIES LTD,      3107.10,      3144.45,-1.19
L,GAIL (INDIA) LTD,       212.65,       214.76,-0.98
L,VARUN BEVERAGES LIMITED,      1578.25,      1593.55,-0.96
L,LIFE INSURA CORP OF INDIA,      1015.45,      1023.95,-0.83
L,CANARA BANK,       118.27,       119.12,-0.71
L,TATA POWER CO LTD,       435.60,       438.70,-0.71
L,JINDAL STEEL & POWER LTD,      1070.90,      1077.25,-0.59
L,PUNJAB NATIONAL BANK,       125.07,       125.80,-0.58
L,ZYDUS LIFESCIENCES LTD,      1080.35,      1085.05,-0.43
L,SHREE CEMENT LIMITED,     27318.80,     27403.80,-0.31
L,INDIAN RAIL TOUR CORP LTD,      1010.25,      1012.30,-0.2
L,INDIAN OIL CORP LTD,       166.30,       166.62,-0.19
 , , , , 
 ,OTHER SECURITIES, , , 
 , , , , 
G,ASPIRE & INNOVATIVE ADV L,       111.60,        93.00,20
G,KALYANI INVEST CO LTD,      5926.95,      4939.15,20
G,VARDHMAN HOLDINGS LIMITED,      4067.85,      3389.90,20
G,NAGA DHUNSERI GROUP LTD,      3134.00,      2611.70,20
G,CAMBRIDGE TECH ENTER LTD,       117.91,        98.26,20
G,ZODIAC CLOTHING CO. LTD.,       161.24,       134.37,20
G,SAAKSHI MEDTEC N PANELS L,       299.15,       249.30,20
G,ANLON TECHNOLOGY SOL LTD,       478.60,       398.85,19.99
G,AION-TECH SOLUTIONS LTD,       144.10,       120.09,19.99
G,THE P K TEA PROD CO LTD,       496.05,       413.40,19.99
G,SLONE INFOSYSTEMS LIMITED,       133.05,       110.90,19.97
G,PILANI INV & IND COR LTD,      4802.30,      4003.40,19.96
G,TFB 7.37% 2035 SR. 3A,      1265.00,      1055.00,19.91
G,NALWA SONS INVESTMENT LTD,      4164.60,      3478.05,19.74
G,BOMBAY BURMAH TRADING COR,      2014.40,      1683.90,19.63
G,ABS MARINE SERVICES LTD,       341.75,       286.15,19.43
G,MOHIT INDUSTRIES LTD,        31.24,        26.18,19.33
G,SUMMIT SECURITIES LTD,      1842.60,      1546.60,19.14
G,SADHAV SHIPPING LIMITED,       249.20,       212.15,17.46
G,ROSSELL INDIA LIMITED,       551.30,       470.50,17.17
G,FONEBOX RETAIL LIMITED,       178.15,       155.10,14.86
G,MENON BEARINGS LIMITED,       144.31,       125.83,14.69
G,ROUTE MOBILE LIMITED,      1750.05,      1529.80,14.4
G,SPECTRUM TALENT MGMT LTD,       127.95,       111.90,14.34
G,DHUNSERI INVESTMENTS LTD,      1308.65,      1147.50,14.04
G,ZUARI INDUSTRIES LIMITED,       393.05,       346.30,13.5
G,VLS FINANCE LTD,       304.05,       269.15,12.97
G,R.P.P INFRA PROJECTS LTD,       146.35,       129.83,12.72
G,SEC RE NCD 8.89% SR.VIII,      1060.00,       942.00,12.53
G,UDAYSHIVAKUMAR INFRA LTD,        80.73,        71.89,12.3
 , , , , 
L,IREDA 8.55NCDTR I SR II A,      1144.00,      1298.60,-11.91
L,BOND 8.37% TAX FREE S3A,      8889.00,     10001.00,-11.12
L,FACT LTD,      1021.00,      1134.45,-10
L,BOND 8.88%PA TF TR-I S 2B,      5400.00,      5999.99,-10
L,GSM FOILS LIMITED,        48.85,        54.25,-9.95
L,BIRLASLAMC - ABSLFTTIRG,         9.01,        10.00,-9.9
L,FELIX INDUSTRIES LTD.,       308.25,       341.05,-9.62
L,WINSOL ENGINEERS LIMITED,       472.10,       515.25,-8.37
L,ENERGY MISSION MACH IND L,       397.40,       431.70,-7.95
L,NATIONAL FERT. LTD,       130.58,       141.00,-7.39
L,KHADIM INDIA LIMITED,       349.35,       374.60,-6.74
L,SILKFLEX POLYMERS INDIA L,        66.65,        71.45,-6.72
L,JANA SMALL FIN BANK LTD,       680.05,       728.20,-6.61
L,RADIOWALLA NETWORK LTD,       121.00,       129.50,-6.56
L,RASHTRIYA CHEMICALS & FER,       194.29,       207.79,-6.5
L,MADRAS FERTILISERS LTD,       108.44,       115.81,-6.36
L,GRILL SPLENDOUR SER LTD,        73.00,        77.90,-6.29
L,ARMAN FIN SERV LTD,      2312.20,      2456.95,-5.89
L,TIPS FILMS LIMITED,       554.70,       588.95,-5.82
L,JYOTI CNC AUTOMATION LTD,      1232.80,      1307.65,-5.72
L,GUJARAT RAFFIA INDUST LTD,        42.99,        45.54,-5.6
L,FILATEX FASHIONS LIMITED,         8.48,         8.96,-5.36
L,FINO PAYMENTS BANK LTD,       312.45,       329.70,-5.23
L,UJJIVAN SMALL FINANC BANK,        45.83,        48.36,-5.23
L,NAGARJUN FERT AND CHE LTD,        12.98,        13.68,-5.12
L,RAMKY INFRA LTD,       580.60,       611.35,-5.03
L,GLOBE INTL CARRIERS LTD,        40.75,        42.90,-5.01
L,SUUMAYA INDUSTRIES LTD,         6.07,         6.39,-5.01
L,OM INFRA LIMITED,       174.47,       183.66,-5
L,VIVIANA POWER TECH LTD,       841.60,       885.90,-5
