SYMBOL,SYMBOL P/E,ADJUSTED P/E
DAMODARIND,20.56,20.56
POKARNA,25.66,25.66
VIJIFIN,235.12,235.12
LLOYDSENGG,99.89,99.89
LTIM,33.11,33.11
MINDTECK,28.05,28.05
DBL,39.4,430.84
MBAPL,84.63,84.63
LTTS,39.58,39.58
CROWN,61.92,61.92
MARATHON,22.76,22.76
JAIPURKURT,108.63,108.63
SAKAR,58.39,58.39
PANSARI,34.41,34.41
ARTNIRMAN,145.4,145.4
ENDURANCE,55.07,55.07
PNBHOUSING,13.49,13.49
KINGFA,20.51,20.51
JETFREIGHT,309.59,
TCIEXP,33.11,33.11
TERASOFT,32.65,28.66
LIBAS,9.07,9.07
MAHESHWARI,13.86,13.86
BHANDARI,20.41,20.41
MCL,81.21,81.21
PRICOLLTD,43.03,43.03
STEELCITY,12.98,12.98
KRISHANA,45.32,45.32
SANGINITA,61.91,61.91
AKASH,306.31,306.31
DMART,123.31,123.31
AIRAN,28.75,28.75
LAXMICOT,,98.39
EIFFL,150.25,150.25
CREATIVE,22.67,22.67
FOCUS,26.38,26.38
SIKKO,40.31,40.31
INFOBEAN,51.68,51.68
PSPPROJECT,20.77,20.77
TEJASNET,383.91,383.91
ACEINTEG,56.58,56.58
STEELXIND,147.61,147.61
MAGADSUGAR,9.64,9.64
TOTAL,146.12,146.12
SIS,37.97,37.97
VAISHALI,224.31,224.31
GEEKAYWIRE,12.18,12.18
SERVOTECH,167.44,167.44
APEX,49.83,49.83
CHOLAHLDNG,6.26,6.26
CAPACITE,22.65,22.65
DPWIRES,27.93,27.93
AARVI,18.42,18.42
AIROLAM,27.37,27.37
GATECHDVR,16.01,16.01
JASH,43.25,43.25
TCPLPACK,21.21,21.21
NAM-INDIA,37.92,37.92
SECURCRED,10.14,10.14
IFGLEXPOR,29.78,29.78
SILVERTUC,60.93,60.93
ICEMAKE,50.11,50.11
DNAMEDIA,.53,
ONEPOINT,57.34,57.34
BCONCEPTS,67.31,67.31
APOLLO,107.78,107.78
SINTERCOM,321.78,321.78
SOUTHWEST,41.11,43.64
ARVEE,248.85,248.85
ASTERDM,65.24,
HINDCON,44.31,44.31
UNIINFO,75.33,75.33
MACPOWER,57.98,57.98
SUNDARMHLD,31.16,31.16
URAVI,304.27,304.27
KAPSTON,31.36,31.36
MIDHANI,94.58,94.58
MMP,28.91,28.91
CHEMFAB,34.31,34.31
AAKASH,19.85,19.85
SOFTTECH,136.03,136.03
E2E,120.05,120.05
SIRCA,34.49,34.49
SVLL,86.25,86.25
SONAMLTD,28.68,28.68
PRITI,20.32,20.32
ACCURACY,357.78,357.78
RITES,34.63,34.63
GANGAFORGE,197.86,202.16
REPL,22.57,22.57
HBSL,2.04,2.04
AVROIND,29.42,29.42
TEMBO,21.4,21.88
CREDITACC,16.23,16.23
AARON,43.26,43.26
SUMIT,23.25,23.25
LAGNAM,18.37,18.37
RPPL,30.34,30.34
AKG,48.85,48.85
IRCON,29.43,29.43
AHLADA,11.55,11.55
RAJMET,19.56,19.56
AAVAS,30.88,30.88
KSHITIJPOL,39.79,
GRSE,52.72,52.72
KRITIKA,51,51
SILGO,21.97,21.97
VINNY,29.01,29.01
BBTCL,29.65,29.65
MARINE,75.25,75.63
IRISDOREME,50.06,50.06
ATGL,156.26,156.26
UNIPARTS,19.62,19.62
SHRIRAMPPS,5.14,5.14
TREJHARA,15.89,57.18
NILASPACES,26.39,26.39
AWHCL,13.56,13.56
RPSGVENT,11.86,11.86
MSTCLTD,29.46,29.46
OSIAHYPER,14.6,14.6
ANUP,36.74,36.74
ARVINDFASN,66.39,63.63
PAR,18.99,18.99
RVNL,58.14,58.14
POLYCAB,59.13,59.13
METROPOLIS,77.37,77.37
KPITTECH,72.71,72.71
NEOGEN,123.61,123.61
VIKASLIFE,70.11,40.55
EMAMIPAP,8.7,8.7
CONFIPET,26,26
PPL,12.06,12.06
DGCONTENT,29.57,29.57
OAL,141.89,141.89
SATIA,5.96,5.96
AFFLE,59.57,59.57
SPANDANA,10.69,10.69
HNDFDS,61.83,61.83
UJJIVANSFB,7.29,7.29
IRCTC,72.89,70.18
SAFARI,59.1,59.1
360ONE,37.63,37.63
HPIL,128.19,128.19
VISHWARAJ,25.37,25.37
GREENPANEL,26.85,26.85
APOLLOPIPE,62.32,62.32
MGEL,16.85,16.85
ROUTE,24.7,25.63
HOMEFIRST,30.54,30.54
CSBBANK,10.72,10.72
EQUITASBNK,14.86,14.86
ROSSARI,34.86,34.86
HINDWAREAP,81.84,81.84
LIKHITHA,25.87,25.87
ARTEMISMED,50.26,50.26
SUMICHEM,66.49,66.49
ASALCBR,25.57,25.57
UNIVPHOTO,13.16,13.16
BAFNAPH,24.82,24.82
POWERINDIA,287.47,287.47
STOVEKRAFT,56.04,56.04
RAJRATAN,41.49,41.49
AARTISURF,28.31,28.31
GLAND,38.73,38.73
NDRAUTO,30.04,30.04
MAXHEALTH,85.3,85.3
AAATECH,44.99,44.99
KALYANKJIL,78.3,78.3
BTML,48.79,48.78
UNIDT,47.02,47.02
SIGACHI,36.11,36.11
ADL,1803.74,1803.74
NIRAJ,19.94,13.47
CAMS,49.74,49.74
SURYODAY,9.91,9.91
UTIAMC,16.07,16.07
RAILTEL,62.05,64.49
BECTORFOOD,61.41,61.41
ORCHPHARMA,62.75,62.75
INDIGOPNTS,43.62,43.62
LXCHEM,60.7,60.7
MTARTECH,103.59,103.59
ANURAS,51.06,51.06
KANPRPLA,291.39,291.39
STYLAMIND,22.35,22.2
CLSEL,9.4,9.4
CARYSIL,38.82,38.82
MODISONLTD,18.37,23.08
BCLIND,15.89,15.82
BHAGCHEM,170.56,170.56
SMCGLOBAL,9.56,9.56
ARIHANTCAP,11.24,11.24
NAZARA,74.05,73.38
GENCON,21.36,21.36
HLEGLAS,77.9,72.72
SONACOMS,71.25,70.36
DRCSYSTEMS,34.12,34.12
PARAS,177.64,177.64
DODLA,37.07,37.07
EXXARO,187.31,187.31
ROLEXRINGS,39.68,35.98
SHYAMMETL,17.31,17.31
KIMS,48.89,48.89
TATVA,85.63,85.63
CLEAN,63.25,63.25
ABSLAMC,24.31,24.31
ZOMATO,487.75,487.75
WINDLAS,25.76,25.76
KRSNAA,35.41,35.41
APTUS,27.57,27.57
SUPRIYA,26.96,26.96
VIJAYA,66.27,65.45
VINEETLAB,56.14,56.14
SANSERA,36.01,36.01
PRITIKAUTO,28.04,28.04
AAREYDRUGS,24.82,24.82
INTLCONV,8.4,8.4
HPAL,43.74,44.1
UGROCAP,21.55,21.55
YUKEN,88.15,88.15
SGIL,42.44,42.44
SJS,28.88,28.88
POLICYBZR,916.65,916.65
NYKAA,1140.95,1140.95
AWL,257.84,206.13
MONARCH,14.36,14.35
SAPPHIRE,195.07,195.07
PRUDENT,53.94,53.94
EPIGRAL,29.4,29.4
NUVOCO,84.93,84.93
GOCOLORS,68.75,68.75
TRACXN,152.13,152.13
CMSINFO,22.16,22.16
FUSION,9.43,9.43
COASTCORP,68.07,68.07
TARSONS,62.38,62.38
MEDPLUS,160.35,160.35
TEGA,57.19,57.19
RATEGAIN,62.63,62.63
MANORG,74.59,74.59
LATENTVIEW,67.21,67.21
METROBRAND,83.09,83.09
MICEL,22.89,25.58
PASUPTAC,25.72,25.72
FOODSIN,24.42,24.4
PARADEEP,70.05,70.05
MAPMYINDIA,100.72,100.72
TMB,7.14,7.14
KRITI,42.83,42.83
MANYAVAR,65.69,65.69
GANESHBE,17.57,17.55
GVPTECH,75.85,75.85
DMCC,68.35,68.35
MEDICAMEQ,64.16,64.16
EMIL,48.3,48.3
SHIVALIK,51.71,51.71
UMAEXPORTS,29.88,29.03
DATAPATTNS,90.79,90.79
MEDANTA,74.63,74.63
AHL,27.38,27.38
MALLCOM,17.63,17.63
ASIANENE,46.03,42.95
SMLT,19.13,19.13
NRL,71.69,71.69
RADIANTCMS,19.5,19.5
CHOICEIN,57.68,57.68
HARIOMPIPE,30.26,30.26
GRWRHITECH,22.79,22.79
DCMSRIND,17.45,17.45
RAJRILTD,287.04,287.04
EMUDHRA,92.84,92.84
DYCL,35.57,35.57
FIVESTAR,28.8,28.8
STARTECK,19.94,19.94
VIRINCHI,25.51,25.51
SBC,71.4,71.4
ELDEHSG,31.48,31.48
ELIN,74.56,74.56
SEJALLTD,101.38,101.38
GATEWAY,20.29,20.29
SYRMA,71.59,71.06
JTLIND,34.5,34.5
RAINBOW,60.47,60.47
VENUSPIPES,51.4,51.4
ROTO,40.81,40.81
INDOBORAX,14.47,14.47
LANDMARK,51.67,50.04
AVONMORE,26.78,26.78
DREAMFOLKS,37.44,37.44
DHARMAJ,22.97,22.97
OBCL,31.61,31.61
GMRP&UI,124.1,
ACI,26.9,26.9
BIKAJI,69.27,69.27
SADHNANIQ,434.57,434.57
CHEVIOT,13.61,13.61
HMAAGRO,27.94,27.94
KFINTECH,48.29,48.29
DCXINDIA,52.68,52.68
AKSHAR,22.75,22.75
NGLFINE,35.29,35.29
SENCO,44.57,44.57
TRU,54.48,54.48
TIPSFILMS,233.94,233.94
SPLPETRO,43.29,43.29
CSLFINANCE,16.68,16.68
GENSOL,75.9,75.77
GSLSU,47.6,47.6
SPORTKING,14.74,14.74
GRMOVER,18.64,18.64
SULA,45.45,45.45
KRITINUT,12.5,12.5
AVALON,123.78,123.78
SCPL,29.7,29.7
SUKHJITS,14.24,14.24
SKYGOLD,47.61,47.61
DIVGIITTS,50.69,50.69
USK,13.21,13.21
MANOMAY,25.9,25.9
AARTIPHARM,26.46,26.46
RHL,75.45,75.45
NINSYS,59.6,59.6
SBGLP,78.5,78.5
HYBRIDFIN,17.71,17.2
CYIENTDLM,94.91,94.91
ATAM,40.61,40.61
LAL,46.51,46.51
POCL,30.47,30.47
ASHOKAMET,10.46,10.46
PTCIL,461.94,461.94
GHCLTEXTIL,33.08,33.08
KIRLPNU,65.01,62.18
NIITMTS,30.13,29.6
TREL,4.37,41.19
INTENTECH,21.28,21.28
CLEDUCATE,28.14,30.06
DEVIT,27.83,27.83
PANACHE,,36.79
BHAGYANGR,7.59,7.59
GLOBE,16.97,16.97
AUBANK,32.32,31.05
SALASAR,62.73,62.73
THEINVEST,50.8,50.8
SMSLIFE,38.21,38.21
WORTH,11.6,11.6
DIAMONDYD,42.68,42.06
RKEC,12.79,12.79
TIRUPATIFL,38.09,38.09
MASFIN,20.13,20.13
DPABHUSHAN,44.04,44.04
KHADIM,108.2,108.2
VERTOZ,165.76,165.76
ZODIAC,77.72,77.72
SHRADHA,14.04,14.04
TOUCHWOOD,50.08,50.09
AJOONI,40.17,40.17
SILLYMONKS,146.11,146.11
AMBER,94.27,94.27
GALAXYSURF,31.57,31.57
GMMPFAUDLR,32.1,32.1
SARVESHWAR,49.97,49.97
BDL,91.56,91.56
BANDHANBNK,22.34,22.34
MITTAL,29.58,91.49
ISEC,14.15,14.15
AVG,21.61,35.87
BSHSL,94.43,94.43
GODHA,113.92,113.92
ORIENTELEC,71.13,88.44
ADANIGREEN,290.45,232.91
INDIAMART,42.53,42.36
WEL,123.19,123.19
CHEMCON,50.89,50.89
WESTLIFE,184.43,184.43
MAZDOCK,43.42,43.42
DCI,26.14,26.14
IIFLSEC,13.66,13.66
FLUOROCHEM,85.3,85.3
KUANTUM,7.65,7.65
CHEMBOND,19.17,19.17
SBICARD,28.65,28.65
SIGMA,21.31,21.31
EASEMYTRIP,73.37,44.38
PRINCEPIPE,41.92,45.53
PATANJALI,69.37,69.37
MAHEPC,267.77,207.99
SUVENPHAR,60.52,60.52
KSOLVES,41.62,41.62
HAPPSTMNDS,55.55,57.87
BOROLTD,54,54
PAVNAIND,53.6,53.6
SHAREINDIA,14.01,13.99
ANGELONE,20.91,20.91
ROML,46.71,46.71
HERANBA,42.83,42.83
FAIRCHEMOR,44.2,44.2
ISGEC,36.23,36.23
PAKKA,23.07,23.07
SHAILY,61.29,61.29
FIBERWEB,15.66,15.66
SBCL,37.79,37.79
IPL,44.97,44.97
LODHA,101.24,95.35
UTKARSHBNK,11.73,11.73
CRAFTSMAN,30.42,30.42
JUBLINGREA,46.67,46.67
GLS,21.59,21.59
DEEPINDS,15.21,15.37
PIXTRANS,21.71,21.71
CARTRADE,56.36,56.36
DEVYANI,,545.62
ANMOL,9.86,9.86
AMIORG,118.62,53.56
BAJAJHCARE,,29.79
GRINFRA,12.84,16
STEELCAS,17.33,17.33
KPIGREEN,65.84,65.75
ANANDRATHI,72.92,72.92
FINOPB,31.82,31.82
MHLXMIRU,20.8,20.8
RELCHEMQ,54.32,54.32
ZIMLAB,29.97,29.97
CAMPUS,97.58,97.58
AETHER,138.7,73.71
MEGASTAR,44.64,44.64
RACE,385.72,385.72
ETHOSLTD,119.04,119.04
MSUMI,52.7,52.7
HARSHA,47.08,47.08
INDOAMIN,21.08,21.08
INOXGREEN,175.06,175.06
RITCO,20.42,20.42
HARDWYN,108.52,108.52
MEDICO,38.95,38.95
YATHARTH,31.43,31.43
KAYNES,136.01,136.01
AXITA,27.84,27.84
RADHIKAJWE,14.63,14.63
RAMRAT,30.49,30.49
RUSTOMJEE,106.11,106.11
DBOL,21.81,21.81
MANORAMA,102.63,102.63
SYNCOMF,47.05,47.01
BAIDFIN,17.85,17.85
KAMOPAINTS,89.26,89.26
MANKIND,45.05,45.05
SATINDLTD,3.87,3.87
IKIO,40.37,40.37
FAZE3Q,21.67,21.67
LLOYDSME,29.86,29.86
SAHYADRI,17.81,17.81
ASMS,398.73,260
SAH,256.43,256.43
AKI,167.65,167.65
IDEAFORGE,74.07,74.07
REDTAPE,84.4,84.4
NETWEB,189.77,189.77
ATL,39.7,39.7
SINDHUTRAD,48.11,48.1
NOCIL,36.56,36.56
DRREDDY,18.03,18.03
DEEPAKFERT,18.94,18.94
MAHSEAMLES,9.52,9.49
COROMANDEL,27.38,27.38
VINDHYATEL,24.89,24.89
ASIANPAINT,51.12,51.12
PGHL,39.11,39.11
BEML,64.56,64.56
TATACHEM,75.31,22.87
VTL,23.16,23.16
EPL,29.91,28.28
VIPIND,128.1,202.91
BIRLACABLE,33.75,33.75
HONAUT,97.93,97.93
PRECOT,34.76,55.29
SHREYANIND,4.51,4.51
APOLLOHOSP,96.74,96.88
NEULANDLAB,28.1,28.1
BANARISUG,24.91,24.91
KPIL,36.42,36.42
BLUEDART,60.92,60.92
HSCL,47.41,47.41
ARENTERP,18.09,18.09
ADVANIHOTR,27.46,27.46
UNIVCABLES,65.27,65.27
MURUDCERA,61.87,61.87
LIBERTSHOE,56.32,42.86
MODTHREAD,8.02,8.02
MANGLMCEM,40.48,40.48
PCBL,20.46,20.46
EIHAHOTELS,35.24,35.24
STYRENIX,22.08,22.08
GRAPHITE,14.25,625.16
KOTAKBANK,19.64,19.64
GOLDENTOBC,11.86,13.45
ANDHRAPAP,6.53,6.53
AARTIIND,61.65,61.65
ALICON,15.6,15.6
INSPIRISYS,38.82,38.82
NAUKRI,113.86,106.11
GESHIP,6.38,6.38
MANALIPETC,84.4,74.3
DONEAR,20.83,20.83
SOBHA,397.6,397.66
HIRECT,93.45,66.77
TANLA,23.09,23.09
LUMAXTECH,21.18,21.18
WANBURY,9.6,17.67
PITTIENG,36.24,36.24
IZMO,17.19,17.19
REDINGTON,13.67,13.67
INDIANB,9.08,9.08
ICRA,37.68,37.68
BFUTILITIE,14.65,14.65
HILTON,34.05,34.05
TIMETECHNO,24.23,24.23
ISMTLTD,22.58,21.07
MAGNUM,14.83,20.48
RELIGARE,22.52,47.33
OIL,11.63,11.69
DEN,12.45,12.45
GODREJPROP,116.25,116.25
WHIRLPOOL,104.49,98.44
EMMBI,19.9,19.9
PERSISTENT,55.57,55.57
KSL,21.37,21.37
UMESLTD,89.75,89.75
IITL,5.69,7.98
DEEPAKNTR,42.83,46.28
CANTABIL,31.77,32.39
PRESTIGE,49.15,49.15
IOLCP,18.16,18.16
JAMNAAUTO,25.08,25.08
PSB,69.54,69.54
SUMMITSEC,22.26,22.26
TEXRAIL,89.42,89.42
MUTHOOTFIN,15.43,15.43
OMINFRAL,37.55,37.55
KARMAENG,618.33,618.33
PRAKASH,9.72,9.72
KSB,82.34,82.34
HEG,38.75,38.75
GODFRYPHLP,30.66,30.66
TATAINVEST,105.15,105.15
SUDARSCHEM,17.16,54.71
IPCALAB,54.48,59.4
HINDALCO,15.15,15.17
GSFC,18.05,18.05
AMBUJACEM,34.34,35.98
EIDPARRY,8.45,8.45
CGPOWER,119.28,122.2
BIRLACORPN,28.13,28.56
ASHAPURMIN,16.25,25.12
GREENPLY,50.07,57.83
PEARLPOLY,84.93,84.93
NATCOPHARM,15.49,15.49
GARFIBRES,38.63,38.63
SKFINDIA,60.89,60.89
SOMATEX,5.36,
WENDT,77.29,77.29
SHRIRAMFIN,14.35,14.35
GUJAPOLLO,26.39,26.39
MPHASIS,29.54,29.54
KOTHARIPET,13.21,13.15
GAIL,16.42,17.01
CONCOR,53.95,53.95
REPRO,78.84,78.84
HAVELLS,93.1,93.1
TIPSINDLTD,46.92,46.92
TRIDENT,56.22,56.24
GODREJCP,,74.03
TCI,25.52,25.33
PONNIERODE,9.01,9.01
UNIONBANK,8.18,8.18
VARDHACRLC,25.51,25.51
JAIBALAJI,17.69,17.69
UNIENTER,30.08,30.08
VAIBHAVGBL,43.12,41.26
POONAWALLA,19.76,28.92
CCL,32.06,32.06
CENTEXT,23.53,23.9
TEXINFRA,450.06,450.06
NTPC,17.71,17.71
INDOCO,31.08,33.12
JSWSTEEL,25.05,26.42
SAKSOFT,32.21,32.21
SHOPERSTOP,107.3,99
PRIMESECU,37.64,37.64
MSPL,70.74,57.8
IDFC,607.39,607.39
FCSSOFT,,80.52
WHEELS,39.13,39.13
RIIL,196.77,196.77
SHREDIGCEM,18.41,18.41
SMLISUZU,27.98,27.98
SUNDRMFAST,51.69,51.69
LAXMIMACH,46.6,46.6
PEL,,33.95
MAHSCOOTER,47.65,47.65
TRENT,138.28,224.38
KCP,11.45,11.43
JBCHEPHARM,49.28,49.28
IONEXCHANG,38.78,38.78
IFBIND,86.85,86.85
GNFC,21.69,21.69
GFLLIMITED,299.71,299.71
BHARATFORG,90.16,89.47
ARVIND,27.47,27.61
TATAMOTORS,10.28,10.04
LINDEINDIA,167.28,167.28
ESCORTS,46.38,46.38
ASHOKLEY,25.82,25.32
ZUARIIND,1.51,
TATASTEEL,,68
VEDL,23.2,34.77
RELIANCE,25.02,25.02
BATAINDIA,71.54,65.39
CARBORUNIV,74.7,74.7
DICIND,,118.51
MOTOGENFIN,108.77,108.77
RAMCOCEM,50.77,50.77
CENTURYTEX,111.37,42.07
TORNTPHARM,57.86,60.54
FEDERALBNK,11,11
SRF,54.59,54.59
AEGISLOG,42.12,42.12
WEIZMANIND,20.13,20.13
BBOX,32.01,25.59
JTEKTINDIA,49,51.71
ARE&M,28.56,28.56
IVP,16.62,16.62
GET&D,201.08,201.08
BERGEPAINT,51.63,51.81
ANIKINDS,473.77,473.77
APCOTEXIND,43.31,43.31
KARURVYSYA,10.53,10.53
WSI,15.57,15.39
THOMASCOOK,40.73,40.73
SIEMENS,113.37,113.37
VSTIND,20.96,20.96
JUBLPHARMA,106.91,73.45
TOKYOPLAST,104.07,104.07
HLVLTD,73.43,73.43
M&M,31.68,31.68
PRSMJOHNSN,58.35,
3PLAND,31.23,31.23
HONDAPOWER,41.97,43.76
RUBYMILLS,17.08,17.08
BRITANNIA,60.07,60.01
DCMSHRIRAM,35.5,35.5
COSMOFIRST,33.23,33.23
HDFCBANK,19.48,19.36
GMBREW,9.82,9.82
ITC,25.28,25.27
IOC,5.65,5.65
OSWALGREEN,150.82,150.82
HUHTAMAKI,7.03,27.46
RICOAUTO,50.27,48.05
BANCOINDIA,16.49,16.49
MANINDS,24.25,24.25
SIYSIL,12.11,12.11
ONWARDTEC,27.08,27.08
NCC,27.65,26.89
ELGIEQUIP,76.08,76.08
BBTC,6.1,5.9
BEPL,26.49,26.49
BANARBEADS,23.15,23.15
PRUDMOULI,12.27,11.41
PRAJIND,44.66,44.66
EVERESTIND,97.39,143.78
TFCILTD,19.45,19.45
AGI,18.13,18.13
TATACONSUM,79.46,68.54
ZEEL,74.48,263.24
FMGOETZE,18.24,18.24
ORIENTHOT,50.44,50.44
KANSAINER,18.85,33.22
3MINDIA,73.31,73.31
RALLIS,43.78,43.99
MFSL,86.96,86.96
SURYAROSNI,20.82,20.82
SAKHTISUG,4.07,
HINDZINC,36.19,36.19
GRASIM,16.51,15.86
FINCABLES,38.93,45.65
HEUBACHIND,28.79,28.79
CESC,13.81,16.83
BAJFINANCE,30.57,30.57
NAVA,8.54,9.33
TNPL,9.16,9.16
DALMIASUG,12.87,12.87
MRF,25.53,25.53
TNPETRO,16.32,13.08
MARICO,52.55,52.55
BIOFILCHEM,154.02,154.02
ZENITHEXPO,776.14,776.14
MOTHERSON,45.73,44.36
STERTOOLS,24.77,24.89
HITECHGEAR,16.05,44.71
GANESHHOUC,17.37,17.37
RUCHINFRA,19.81,44.33
HERITGFOOD,47.77,47.77
SKMEGGPROD,8.42,8.42
HUDCO,26.58,26.58
FDC,24.59,24.59
ADROITINFO,13.17,13.17
INDUSINDBK,13.25,13.25
TRIGYN,20.34,20.34
KOTHARIPRO,21.59,21.59
ITDCEM,31.58,31.58
SONATSOFTW,55.01,4.71
CYBERTECH,21.92,21.92
DHANBANK,19.32,19.32
STCINDIA,17.73,19.06
RSSOFTWARE,30.86,30.86
IVC,33.4,33.4
ALEMBICLTD,30.71,30.71
BSOFT,30.16,30.16
STAR,319.45,37.27
ZYDUSLIFE,28.5,28.44
RAJESHEXPO,25.41,25.41
NRBBEARING,13.45,36.58
BLBLIMITED,37.01,37.01
BLUESTARCO,83.87,83.87
PNBGILTS,30.28,32.89
TAJGVK,29.76,29.76
GAEL,18.73,18.73
MRO-TEK,44.66,44.66
HIKAL,55.24,55.24
ACLGATI,227.73,
UNITDSPR,65.11,64.64
MPSLTD,29.13,29.13
OLECTRA,183.99,200.5
TIMESGTY,57.71,57.71
NUCLEUS,18.81,18.81
GODREJIND,41.51,41.51
MARUTI,29.07,29.07
UCOBANK,41.03,41.03
WELSPUNLIV,20.88,20.88
TVSELECT,2317.82,2317.82
UPL,,20.77
PETRONET,13.35,13.55
MAHABANK,11.38,11.38
RKFORGE,47.6,47.58
EXCELINDUS,87.88,87.88
NIITLTD,36.41,36.19
COFORGE,42.97,43.43
GULFPETRO,12.36,12.36
WELENT,17.92,17.92
JBMA,131.24,131.24
JINDALPHOT,45.27,45.27
GOKEX,49.22,49.22
WELCORP,15.45,15.45
SURYALAXMI,38.38,22.51
63MOONS,8.27,8.27
VHL,292.49,34.43
YESBANK,58.12,58.12
IMPAL,18.97,18.97
AURIONPRO,53.92,53.92
AIAENG,35.28,35.3
ORIENTCER,32.96,38.86
VIMTALABS,26.42,26.42
NITINSPIN,14.77,14.77
ENIL,30.37,31.37
GVKPIL,8.02,8.02
KEC,64.39,64.39
BLKASHYAP,39.39,39.39
SOLARINDS,103.97,103.97
SUNTV,15.97,15.97
EMKAY,14.07,14.07
BALPHARMA,25.51,25.51
RATNAMANI,39.67,39.67
EMAMILTD,42.04,41.76
TECHM,57.3,57.38
ANANTRAJ,56.96,56.96
GEECEE,21.48,21.48
JMFINANCIL,289.21,7.94
LTFOODS,17.05,17.05
RUCHIRA,8.27,8.27
NFL,106.85,106.85
AVTNPL,25.01,25.01
TIDEWATER,25.5,25.5
PTL,24.73,24.73
UNOMINDA,83.97,86.08
PGIL,16.46,16.41
RAJTV,724.45,724.45
BALAMINES,33.46,33.46
NDLVENTURE,203.78,203.78
ZENITHSTL,17.24,17.24
FORTIS,58.03,59.17
V2RETAIL,87.45,87.45
ADSL,18.76,18.76
CENTRALBK,21.74,21.74
CIEINDIA,26.54,26.54
PURVA,211.45,211.45
NAGREEKCAP,.84,.84
MANGCHEFER,9.65,9.65
BAJAJELEC,89.9,89.9
BVCL,19.9,19.9
RGL,13.66,13.66
COLPAL,58.07,57.46
KALYANIFRG,51.67,51.67
TRIL,244.8,244.8
MANAKSIA,8.24,6.24
BIRLAMONEY,18.12,18.12
CORDSCABLE,32.57,32.57
HERCULES,52.98,52.98
SEPC,127.66,127.66
IRB,43.47,43.47
GSS,34.21,34.21
RECLTD,9.5,9.5
NESCO,18.72,18.72
TITAGARH,73.8,73.37
DIGISPICE,16.21,37.25
ALMONDZ,14.62,38.4
VINYLINDIA,35.88,35.88
ZFCVINDIA,73.76,73.76
JOCIL,102.12,102.12
ALKALI,115,95.79
TPHQ,22.22,22.22
MAWANASUG,13.58,13.58
GKWLIMITED,114.28,114.28
GLOBUSSPR,23.46,23.46
EXPLEOSOL,21.93,21.93
RTNPOWER,1.1,
ZYDUSWELL,44.26,42.02
REFEX,19.91,19.89
AHLUCONT,21.39,34.36
HINDCOPPER,108.27,108.27
NESTLEIND,96.44,96.8
VASCONEQ,30.93,30.93
DBREALTY,8.16,8.68
SJVN,57.15,61.47
KIRLOSIND,16.95,15.29
TI,36.8,36.04
BAJAJCON,24.76,24.76
ADFFOODS,36.24,36.24
CAREERP,12.83,12.83
WABAG,29.01,28.2
JWL,85.97,85.97
OBEROIRLTY,35.75,35.75
SHAH,39.91,39.91
GRAVITA,43.7,43.7
RPPINFRA,8.42,8.42
MOIL,36.09,36.09
RKDL,,327.94
HINDMOTORS,28.86,28.86
LOVABLE,32.27,32.27
SYMPHONY,54.27,53.83
VSTTILLERS,29.13,29.13
RUSHIL,20.42,20.42
LTF,19.67,19.67
FILATEX,23.33,23.33
TRITURBINE,70.73,70.73
JISLDVREQS,.92,.92
RUPA,31.82,30.62
KANANIIND,96.51,96.51
IRFC,35.85,35.85
RHIM,,53.58
SCHNEIDER,125.65,123.26
NBCC,72.16,54.65
TBZ,14.93,14.93
SWANENERGY,35.14,35.14
RTNINDIA,26.24,23.5
PROZONER,204.24,204.24
KITEX,25.42,25.42
TVSHLTD,12.53,12.51
VETO,13.04,13.04
INDUSTOWER,15.02,15.02
ORIENTCEM,27.2,27.2
ORBTEXP,15.78,15.78
AGARIND,15.77,15.77
GULFOILLUB,16.16,16.16
MONTECARLO,20.19,20.19
LAMBODHARA,34.23,34.23
MOLDTKPAC,39.87,39.87
LINC,25.72,25.72
JMA,9.47,9.47
IMAGICAA,7.96,135.27
VRLLOG,55.53,55.79
TPLPLASTEH,36.12,36.12
PNCINFRA,13.26,13.26
ORICONENT,31.87,26.8
SYNGENE,56.27,55.3
MUTHOOTCAP,4.17,99.08
POWERMECH,31.26,31.26
COFFEEDAY,,6.99
TTKHLTCARE,32.85,32.85
KRIDHANINF,,63.15
ALKEM,33.86,32.16
QUICKHEAL,117.47,117.47
BHAGERIA,39.69,39.69
GOKULAGRO,17.55,17.55
PDMJEPAPER,10.55,10.55
HECPROJECT,23.57,23.57
SAGARDEEP,64.34,64.34
SHRIPISTON,19.39,19.39
ASPINWALL,20.71,20.71
PREMEXPLN,168.63,168.63
INCREDIBLE,35.47,35.47
SEAMECLTD,23.95,23.95
AUROPHARMA,22.82,22.09
EIHOTEL,43.31,42.85
LICHSGFIN,8.46,8.46
GICHSGFIN,8.82,8.82
MOREPENLAB,28.48,28.48
WSTCSTPAPR,5.71,5.71
21STCENMGM,1.97,1.97
VENKEYS,35.33,35.33
GHCL,6.77,8.88
HIL,62.34,1166.27
BPL,44.31,44.31
PGHH,70.66,70.66
VESUVIUS,45.89,45.89
BOMDYEING,1.27,
NAVNETEDUL,17.46,19.02
GLAXO,72.87,65.05
CHOLAFIN,34.52,34.52
INDHOTEL,75.52,75.52
GILLETTE,63.38,63.38
ESABINDIA,57.75,57.75
GABRIEL,33.91,33.91
SCHAEFFLER,81.99,81.68
AMJLAND,14.92,14.92
KOPRAN,23.94,23.94
GREAVESCOT,,244.97
TIMKEN,85.01,85.01
SHREECEM,41.26,41.26
INGERRAND,68.07,68.07
AKZOINDIA,31.16,31.16
HINDUNILVR,55.77,55.79
FINPIPE,47.43,47.43
DCW,112.99,106.54
DCM,25.38,25.38
BEL,56.53,56.53
PVP,10.59,
CORALFINAC,9.08,9.08
AUTOAXLES,18.54,18.54
REMSONSIND,53.68,52.64
KHAITANLTD,28.54,28.54
ANDHRSUGAR,30.37,29.07
STARPAPER,6.38,6.24
AUSOMENT,15.49,15.49
JAYAGROGN,17.49,17.49
SILINV,20.19,20.19
IBULHSGFIN,7.24,7.24
PILITA,61.66,61.66
MITCON,38.53,38.53
SREEL,25.21,25.21
AGRITECH,12.29,12.29
SDBL,25.16,25.16
WONDERLA,32.66,32.66
CAPLIPOINT,23.44,23.44
SNOWMAN,97.43,97.43
SUPERHOUSE,21.37,21.37
PDSL,35.41,36.15
GOODLUCK,21.91,21.91
APOLSINHOT,36.87,36.87
GRPLTD,62.96,57.85
GREENLAM,56.97,56.97
GANECOS,82.98,82.98
HESTERBIO,128.14,128.14
MANAKALUCO,37,37
ZENTEC,74.16,75.25
LFIC,6.48,6.48
AVANTIFEED,21.32,21.32
PRIVISCL,55.44,55.44
NILAINFRA,41.28,41.28
SKIPPER,50.2,50.2
SHYAMCENT,518.02,518.02
ADANIENSOL,94.28,84.64
RAMASTEEL,59.05,59.05
PKTEA,24.01,24.01
ARVSMART,61.35,61.35
SHARDAMOTR,18.18,18.18
GUJGASLTD,36.18,37.63
INDIGO,20.36,20.36
BALAXI,,17.14
UMANGDAIRY,156.79,156.79
PILANIINVS,29.6,29.6
LALPATHLAB,61.6,61.6
OCCL,15.75,15.75
TEAMLEASE,42.39,43.66
VIDHIING,61.81,61.81
KELLTONTEC,17.1,17.11
HCG,129.76,139.48
WEALTH,19.69,19.69
THYROCARE,48.91,48.81
PARAGMILK,23.9,23.9
UNITEDPOLY,30.28,30.28
BLS,45.63,45.63
CONTROLPR,24.83,24.85
KEYFINSERV,5.78,5.78
SANGAMIND,49.54,43.26
VISAKAIND,1191.47,1191.47
CREST,18.71,18.71
DENORA,45.97,45.97
TVSSRICHAK,30.54,29.12
MIRZAINT,52.83,52.83
DYNAMATECH,43.08,82.5
MMFL,21.59,21.75
ALKYLAMINE,72.52,72.52
SKIL,.15,7.21
RAMCOIND,29.24,29.24
INDRAMEDCO,18.42,18.42
MADRASFERT,335.56,33.39
INDNIPPON,30.87,30.87
BANKINDIA,8.67,8.67
ICICIBANK,18.11,18.11
INDSWFTLAB,2.24,9.63
SAREGAMA,54.25,54.25
ENGINERSIN,40.08,40.08
JAICORPLTD,122.53,122.53
GMDCLTD,20.68,20.68
MAHAPEXLTD,.55,36.26
ASAHIINDIA,51.99,51.99
J&KBANK,7.51,7.51
CUB,11.89,11.89
SOUTHBANK,6.78,6.78
ASTRAZEN,98.4,106.06
AXISBANK,14.47,14.47
CYIENT,29.53,27.6
KOKUYOCMLN,34.84,34.84
GOACARBON,8.85,8.85
SANGHVIMOV,24.55,24.55
NATIONALUM,17.3,20.47
JINDALSTEL,18.49,18.49
NIPPOBATRY,29.54,29.54
HCLTECH,25.01,25.01
ACCELYA,27.78,27.85
IOB,46.89,46.89
BIL,47.9,47.9
KTKBANK,6.66,6.66
AJANTPHARM,36.19,36.19
CALSOFT,42.34,42.34
TVSMOTOR,63.5,63.5
PNC,40.11,40.11
NLCINDIA,17.42,17.42
CHENNPETRO,5.33,5.33
KRBL,11.44,11.44
USHAMART,29.98,29.98
BALAJITELE,36.56,36.56
MARKSANS,23.42,23.42
SMARTLINK,42,42
JISLJALEQS,58.63,58.63
ASAL,80.92,80.92
PNB,16.63,16.63
APTECHT,45.66,39.24
OFSS,38.05,38.05
GENESYS,112.01,112.01
DIVISLAB,75.03,75.03
RADICO,93.18,93.18
BAGFILMS,22.42,22.42
NSIL,32.37,32.37
IGL,20.08,20.08
TVTODAY,24.46,23.1
PTC,11.37,11.12
BIOCON,30.03,29.93
XPROINDIA,51.47,49.42
APARINDS,40.6,40.6
TCS,29.91,29.45
GUFICBIO,41.91,41.91
ASTRAMICRO,84.2,84.2
DWARKESH,17.27,17.27
SUPRAJIT,42.55,42.55
XCHANGING,97.8,97.8
CONSOFINVT,13.34,13.34
EVEREADY,60.4,60.4
ALLSEC,27.17,27.17
SSWL,5.11,14.72
CYBERMEDIA,10.93,8.33
JKPAPER,7.62,7.62
JSWHL,62.88,62.88
GENUSPOWER,92.85,92.85
NECLIFE,147.81,147.81
GOLDIAM,19.05,19.05
SASKEN,29.99,29.99
SUZLON,109.29,101.09
TRIVENI,22.34,22.34
NAHARINDUS,59.26,49.03
EKC,14.83,14.54
CELEBRITY,58.97,60.31
ROHLTD,21.32,21.32
GSPL,7.89,8.05
JAGRAN,12.23,12.23
SAKUMA,28.5,28.5
JKCEMENT,41.38,41.26
INDOTECH,35.44,35.44
M&MFIN,20.04,20.04
CENTURYPLY,48.22,48.22
KEI,70.79,70.77
VAKRANGEE,582.29,633.45
GALLANTT,38.69,38.69
UTTAMSUGAR,10.35,10.35
KKCL,28.57,28.57
GPIL,16.74,16.98
RSYSTEMS,45.22,45.22
LOKESHMACH,59.06,59.06
SWELECTES,32.91,69.51
KAMDHENU,29.16,29.16
PIONEEREMB,40.8,40.8
JKLAKSHMI,20.02,20.28
ALLCARGO,40.87,53.76
MUNJALAU,24.87,17.25
GRINDWELL,78.83,78.78
VOLTAMP,53.21,53.21
SELAN,32.91,32.91
ACE,54.05,54.05
HOVS,30.76,30.76
TALBROAUTO,21.43,30.99
FIEMIND,20.34,20.34
DCBBANK,8.26,8.26
TORNTPOWER,38.11,38.11
VENUSREM,17.76,17.76
JINDRILL,16.02,16.02
PLASTIBLEN,20.63,20.63
PARACABLES,25.65,25.65
HBLPOWER,53.68,49.94
SARLAPOLY,23.18,23.18
AUTOIND,29.39,29.47
GANDHITUBE,18.58,18.58
ORIENTBELL,6480.58,6480.58
TTL,52.96,52.96
FSL,27.88,27.88
SMSPHARMA,40.76,40.76
LAOPALA,28.93,28.93
JKTYRE,12.77,12.47
THEMISMED,81.78,81.78
BANSWRAS,15.56,15.56
AROGRANITE,40.86,40.86
ALPHAGEO,250.62,36.83
INSECTICID,20.78,20.78
NAVINFLUOR,67.63,81.62
NAGREEKEXP,16.61,16.61
HGS,30.86,30.86
DLF,129.98,129.98
MEGASOFT,66.49,66.49
ALPA,11,11.03
KPRMILL,37.41,37.41
INDOWIND,37.67,32.91
KSCL,16.49,16.49
CENTUM,,371.31
MAANALU,24.07,24.07
DELTACORP,15.63,18.59
CERA,48.99,48.75
ADANIPORTS,38.82,37.34
EDELWEISS,12.34,12.34
KAUSHALYA,2.2,2.2
JYOTHYLAB,44.25,44.25
HITECHCORP,17.87,17.87
ECLERX,23.05,23
BRIGADE,78.33,78.33
DVL,28.56,28.56
PATINTLOG,26.96,26.96
ARIES,19.14,19.14
AMBIKCO,14.54,14.54
CEATLTD,16.58,15.42
JKIL,20.2,20.2
KNRCON,13.48,13.48
ONMOBILE,50.74,50.74
NMDC,14.18,13.67
NAHARCAP,13.03,13.03
VGUARD,71.71,71.71
DPSCLTD,107.64,107.64
BAJAJFINSV,16.17,16.17
BAJAJ-AUTO,36.03,36.03
RPGLIFE,29.55,29.55
RBL,18.42,18.01
RANEENGINE,26.23,19.61
LOTUSEYE,42.16,42.56
UBL,133.01,133.01
20MICRONS,13.47,13.2
TATAMTRDVR,1.06,1.03
COUNCODOS,26.93,26.93
HINDNATGLS,1.06,.66
AJMERA,24.21,24.21
VINATIORGA,57.18,57.18
NHPC,25.15,25.15
SUNTECK,126.08,126.08
SARDAEN,15.68,15.62
JSWENERGY,74.04,74.04
DBCORP,12.69,12.69
MMTC,178.01,252.53
UNITEDTEA,12.2,12.2
THANGAMAYL,36.65,36.65
TEXMOPIPES,49.87,16.41
LGBBROSLTD,14.59,14.87
ISFT,20.31,20.31
KIRLOSBROS,49.65,50.34
MANAPPURAM,7.35,7.35
HMVL,82.2,82.2
BLISSGVS,13.34,6.28
AHLEAST,7.84,10.24
UGARSUGAR,44.58,44.58
WELINV,99.99,99.99
SASTASUNDR,11.99,11.99
GREENPOWER,53.12,61.97
RAMKY,13.18,13.18
ASHOKA,11.6,13.39
RESPONIND,52.04,52.04
COALINDIA,9.23,9.23
PENIND,23.96,23.96
KIRLOSENG,45.59,44.55
KICL,31.76,42.31
STEL,60.5,60.5
HFCL,52.07,52.07
PFS,18.65,18.65
VADILALIND,22.06,22.06
RELAXO,103.07,103.07
ASHIANA,52.26,52.26
MAITHANALL,10.35,10.35
INVENTURE,19.51,16.17
BODALCHEM,155.33,155.33
ASAHISONG,31.92,
BROOKS,154.86,154.86
TDPOWERSYS,49.27,49.27
APLLTD,27.7,27.7
PGEL,61.08,61.08
PANAMAPET,12.77,12.77
PAISALO,37.12,37.19
SHAKTIPUMP,46.69,46.69
INDOTHAI,18.93,18.93
DSSL,26.27,26.27
POLYMED,77.37,77.55
VIKASECO,105.14,105.14
APLAPOLLO,62.39,62.39
MINDACORP,50.3,50.3
DBSTOCKBRO,17.92,17.92
COMPUSOFT,40.81,40.81
NDL,15.45,15.45
HEXATRADEX,9.37,9.37
VSSL,29.1,29.1
SPECIALITY,29.31,29.31
MAYURUNIQ,23.46,23.46
ROSSELLIND,139.33,138.18
ZUARI,6.08,6.08
CARERATING,31.23,31.23
REPCOHOME,8.16,8.16
JUSTDIAL,23.5,23.5
ATULAUTO,217.08,217.08
JPOLYINVST,24.84,24.84
NATHBIOGEN,9.53,10.23
CASTROLIND,23.73,23.73
BUTTERFLY,183.26,149.78
HATSUN,90.12,90.12
GOCLCORP,47.01,49.13
SHARDACROP,126.19,126.19
CIGNITITEC,22.28,22.28
INTELLECT,44.97,44.75
FCL,35.71,35.71
GULPOLY,71.66,71.66
GENUSPAPER,156.6,156.6
VISHNU,27.64,27.64
MENONBE,9.59,9.59
BYKE,72.6,72.6
VIPULLTD,2.31,2.28
UFO,40.03,36.24
ARROWGREEN,28.46,28.46
ALANKIT,24.65,24.65
AYMSYNTEX,249.74,58.13
SATIN,6.13,6.13
NAVKARCORP,308.15,308.15
SHREEPUSHK,19.06,19.06
IDFCFIRSTB,20.08,20.08
SHK,23.26,23.26
LUXIND,36.01,36.01
SALZERELEC,32.14,32.14
LINCOLN,13.25,13.25
NH,31.06,31.06
PRECAM,47.04,72.92
HITECH,46.43,46.43
NECCLTD,31.01,31.01
KDDL,24.77,24.83
BHARATWIRE,19.31,19.31
INFIBEAM,56,56
CROMPTON,62.1,62.1
ARMANFIN,14.83,14.83
ALBERTDAVD,10.1,10.1
SALONA,26.5,26.5
MAHASTEEL,36.57,44.96
MGL,11.51,11.51
MOLDTECH,27.06,27.06
COMPINFO,1.04,1.04
GPTINFRA,27.57,27.57
QUESS,31.92,29.25
SOMICONVEY,42.6,42.6
ADVENZYMES,31.56,29.39
SPAL,19.04,19.04
NDGL,11.21,11.21
RBLBANK,12.69,12.69
BIGBLOC,54.13,54.13
CUPID,35.43,35.43
GNA,17.24,17.24
HPL,68.07,68.07
MASKINVEST,1230.63,1230.63
MAZDA,18,18
VBL,93.62,93.62
PODDARMENT,16.41,16.41
NBIFIN,55.66,55.66
SFL,47.54,58.74
LAURUSLABS,137.78,137.78
ITDC,92.32,92.22
HISARMETAL,16.39,16.39
SPCENET,170.68,170.68
CAPTRUST,87.3,87.3
BSE,49.52,101.62
JITFINFRA,25.72,31.13
TASTYBITE,67.46,67.46
URJA,401.76,401.76
NRAIL,6.29,6.29
DOLLAR,35.03,34.8
STARCEMENT,30.16,30.16
ERIS,35.74,35.74
GTPL,17.43,17.43
AVADHSUGAR,10.48,10.48
GANGESSECU,48.14,48.14
COCHINSHIP,71.6,71.6
DIXON,189.33,189.33
GODREJAGRO,38.55,38.55
IEX,47.69,47.69
TIINDIA,65.02,65.04
5PAISA,30.11,30.11
SHALBY,35.77,35.77
NEWGEN,56.04,56.04
HGINFRA,20.72,21.17
HAL,45.53,45.53
SANDHAR,30.81,31.58
LEMONTREE,64.84,64.84
INDOSTAR,26.95,26.95
FINEORG,35.08,35.04
VARROC,19.91,19.91
HDFCAMC,43.02,43.02
SIGIND,16.44,16.44
TECHNOE,57.25,57.25
DALBHARAT,40.04,40.04
CHALET,65.49,65.49
RADIOCITY,83.24,83.24
ARIHANTSUP,20.56,20.56
SHANKARA,21.14,21.14
WIPL,39.74,39.74
SCHAND,15.85,15.85
CDSL,50.36,50.36
DYNPRO,93.09,93.09
OPTIEMUS,51.39,51.39
ABCAPITAL,20.02,20.02
MATRIMONY,28.03,28.03
SUNPHARMA,36.49,34.97
HCC,16.62,
ADANIENT,107.57,100.28
RAJSREESUG,19.5,19.5
ZENSARTECH,25.63,25.63
IGARASHI,171.07,171.07
MUNJALSHOW,20.98,19.73
RANASUG,14.56,14.56
UFLEX,,13.03
SUBROS,44.85,44.85
WIPRO,23.04,23.04
TATACOMM,55.4,61.03
SANOFI,28.72,27.8
KAJARIACER,49.7,49.67
POLYPLEX,36.2,36.2
SAIL,24.43,19.34
BBL,41.72,41.72
DHAMPURSUG,11.59,11.59
JAYSREETEA,25.85,
FOSECOIND,36.07,41.47
CTE,34.58,34.58
TIIL,25.3,24.68
PFC,7.87,7.87
PAGEIND,78.01,78.01
ASTRAL,111.92,111.92
NCLIND,11.62,11.62
PHOENIXLTD,48.48,48.48
SRHHYPOLTD,11.88,10.78
KMSUGAR,15.15,15.15
NELCAST,24.26,33.33
MOTILALOFS,16.49,16.49
POWERGRID,19.44,19.44
MHRIL,83.25,83.25
ADANIPOWER,13.59,13.59
AMRUTANJAN,48.27,48.27
SHILPAMED,154.42,171.47
DLINKINDIA,16.84,16.84
BEARDSELL,18.87,18.87
JUBLFOOD,94.64,161.48
HATHWAY,63.94,63.91
MANINFRA,26.46,26.46
IMFA,11.52,11.52
GPPL,29.8,27.23
KILITCH,38.5,38.5
BEDMUTHA,38.83,38.83
CGCL,48.77,48.77
JINDWORLD,93.48,93.48
A2ZINFRA,14.62,
JUBLINDS,79.48,37.06
DHUNINV,10.67,10.67
PIIND,34.08,34.08
DHANUKA,32.19,32.19
SWARAJENG,26.92,26.92
TTKPRESTIG,48.39,48.39
EIMCOELECO,33.92,33.92
SAMBHAAV,64.03,84.76
SUNDRMBRAK,29.87,29.87
AARTIDRUGS,27.31,27.31
INDIANCARD,20.5,
PUNJABCHEM,32.33,32.33
JAGSNPHARM,40,40
GUJRAFFIA,47.38,47.38
BANKBARODA,7.85,7.85
KCPSUGIND,7.96,8.94
AXISCADES,72.25,72.25
KHANDSE,245.87,245.87
LUPIN,36.77,36.77
BHARTIARTL,137.79,88.04
SURANAT&P,34.89,34.89
CANBK,6.77,6.77
JSL,24.19,24.91
DREDGECORP,88.83,86.97
MUKANDLTD,24.27,24.27
DATAMATICS,18.56,18.56
LT,31.21,31.36
ULTRACEMCO,44.09,43.75
INDSWFTLTD,8.13,8.13
KOTARISUG,17.53,17.53
PATELENG,19.44,25.72
JPPOWER,12.87,8.9
IIFL,10.21,10.21
GRANULES,29.34,29.34
GEOJITFSL,18.04,18.04
SPLIL,15.2,15.2
RML,467.06,12.89
PENINLAND,17.68,24.95
THERMAX,93.22,103.05
PREMIERPOL,22.34,22.34
RAYMOND,25.9,24.66
SESHAPAPER,8.4,8.4
FACT,502.2,187.38
EXIDEIND,54.89,54.89
ELECON,42.04,42.04
CRISIL,47.26,47.26
ORIENTPPR,187.5,187.5
NELCO,77.75,77.75
MASTEK,27.21,27
LUMAXIND,50.29,50.29
KECL,92.59,92.59
CUMMINSIND,73.27,73.21
JAYBARMARU,39.69,39.69
INFY,24.24,24.24
INDIAGLYCO,17.8,17.8
IGPL,46.76,46.76
HIMATSEIDE,12.22,12.22
BPCL,5.17,5.05
BASF,39.94,39.94
ATUL,60.74,60.74
ACC,20.93,23.57
SCI,20.21,20.21
MRPL,10.4,10.38
HINDPETRO,5.11,5.11
BAJAJHLDNG,64.95,64.95
VOLTAS,127.25,127.25
TITAN,86.37,86.37
SUNDARMFIN,37.4,35.77
SPIC,21.15,14.38
SBIN,10.95,10.17
PFIZER,38.27,38.74
BOSCHLTD,38.62,52.24
CHAMBLFERT,17.33,17.33
HINDOILEXP,11.19,12.97
BALMLAWRIE,22.84,22.84
ADORWELD,28.91,28.91
CENTENKA,29.95,29.95
ATFL,171.94,245.48
VLSFINANCE,2.89,2.89
SUPREMEIND,77.37,77.37
BALRAMCHIN,17.6,17.6
RANEHOLDIN,19.49,9.12
TATAELXSI,55.97,55.97
SANDESH,5.95,5.95
ASHIMASYN,7.38,7.38
BALKRISIND,42.28,42.28
INDBANK,27.71,27.71
EICHERMOT,37.37,37.37
ONGC,6.3,6.16
TAINWALCHM,34.99,34.99
JINDALPOLY,39.71,39.57
JYOTISTRUC,83.05,83.05
BSL,17.14,17.14
JAYNECOIND,20.86,19.14
SOTL,18.28,18.28
RCF,50.34,59.9
DECCANCE,25.7,19.4
TATAPOWER,45.18,48.83
SUNFLAG,27.33,27.33
BHARATRAS,60.93,60.93
SOMANYCERA,30.64,30.57
IFCI,66.61,67.15
KABRAEXTRU,45.7,45.7
HEIDELBERG,28.96,28.96
PIDILITIND,91.31,88.77
OSWALAGRO,355.64,352.13
JINDALSAW,11.48,11.48
ABB,121.69,121.69
IDBI,16,16
CANFINHOME,15.27,15.27
ELECTCAST,14.32,14.32
DABUR,57.71,57.71
CIPLA,29.95,28.9
HEROMOTOCO,28.22,27.35
HARRMALAYA,,1338.23
GIPCL,19.56,19.56
INDIANHUME,28.28,28.28
HINDCOMPOS,20.23,20.23
KAMATHOTEL,13.63,45.8
APOLLOTYRE,18.52,17.86
SHANTIGEAR,50.24,50.24
PRECWIRE,38.79,38.79
NILKAMAL,26.78,26.78
ICIL,21.79,21.79
