SERIES,SYMBOL,SECURITY,RECORD_DT,BC_STRT_DT,BC_END_DT,EX_DT,ND_STRT_DT,ND_END_DT,PURPOSE
18,IBULHSGFIN,Sec Re NCD 8.70% Sr.VIII,15/04/2024, , ,15/04/2024, , ,INTEREST PAYMENT         
19,IBULHSGFIN,Sec Re NCD 9.15% Sr.VIII,15/04/2024, , ,15/04/2024, , ,INTEREST PAYMENT         
BE,MOLDTKPAC,Mold-Tek Packaging Ltd,12/04/2024, , ,12/04/2024, , ,INTDIV - RS 2 PER SH     
BE,MOLDTECH,Mold-Tek Technologies Ltd,12/04/2024, , ,12/04/2024, , ,INTDIV - RS 2 PER SH     
BE,ABB,ABB India Limited, ,05/05/2024,11/05/2024,03/05/2024, , ,AGM/DIV RS 23.80 PER SH  
BE,SHRADHA,Shradha Infraprojects Ltd, ,16/04/2024,23/04/2024,15/04/2024, , ,EGM                      
BE,SCHAEFFLER,Schaeffler India Ltd, ,20/04/2024,26/04/2024,19/04/2024, , ,AGM/DIV - RS 26 PER SH   
BE,SAKUMA,Sakuma Exports Limited,15/04/2024, , ,15/04/2024, , ,RGTS 33:98PRM RS 24.30/- 
BE,SHK,S H Kelkar and Co. Ltd.,12/04/2024, , ,12/04/2024, , ,INTDIV - RE 0.75 PER SH  
BE,BBL,Bharat Bijlee Ltd - Depo,24/04/2024, , ,24/04/2024, , ,FV SPLT FRM RS 10 TO RS 5
BE,GOODLUCK,Goodluck India Limited,12/04/2024, , ,12/04/2024, , ,INTDIV - RS 2 PER SH     
BE,EIFFL,Euro (I) Fresh Foods Ltd, ,18/04/2024,24/04/2024,16/04/2024, , ,EGM                      
EQ,MOLDTKPAC,Mold-Tek Packaging Ltd,12/04/2024, , ,12/04/2024, , ,INTDIV - RS 2 PER SH     
EQ,MOLDTECH,Mold-Tek Technologies Ltd,12/04/2024, , ,12/04/2024, , ,INTDIV - RS 2 PER SH     
EQ,ABB,ABB India Limited, ,05/05/2024,11/05/2024,03/05/2024, , ,AGM/DIV RS 23.80 PER SH  
EQ,SHRADHA,Shradha Infraprojects Ltd, ,16/04/2024,23/04/2024,15/04/2024, , ,EGM                      
EQ,SCHAEFFLER,Schaeffler India Ltd, ,20/04/2024,26/04/2024,19/04/2024, , ,AGM/DIV - RS 26 PER SH   
EQ,SAKUMA,Sakuma Exports Limited,15/04/2024, , ,15/04/2024, , ,RGTS 33:98PRM RS 24.30/- 
EQ,SHK,S H Kelkar and Co. Ltd.,12/04/2024, , ,12/04/2024, , ,INTDIV - RE 0.75 PER SH  
EQ,BBL,Bharat Bijlee Ltd,24/04/2024, , ,24/04/2024, , ,FV SPLT FRM RS 10 TO RS 5
EQ,GOODLUCK,Goodluck India Limited,12/04/2024, , ,12/04/2024, , ,INTDIV - RS 2 PER SH     
EQ,EIFFL,Euro (I) Fresh Foods Ltd, ,18/04/2024,24/04/2024,16/04/2024, , ,EGM                      
GS,GS260424C,GOI STRIPS C 260424,24/04/2024, , , , , ,REDEMPTION               
M3,IBULHSG,Sec Re NCD 9.25% Sr II,12/04/2024, , ,12/04/2024, , ,INTEREST PAYMENT         
MD,IBULHSGFIN,Sec Re NCD 8.35% Sr.I,15/04/2024, , , , , ,INT PAYMENT/REDEMPTION   
MD,IBULHSG,Sec Re NCD 9.25% Sr VIII,12/04/2024, , ,12/04/2024, , ,INTEREST PAYMENT         
MF,UTFIQIPRPI,UTI-FIIF QIP - I - RDP,22/04/2024, , , , , ,DIV/STP                  
MF,UTFDQIPIRI,UTIAMC - UTFDQIPIRI,22/04/2024, , , , , ,DIV/STP                  
MF,UTFIQIPRRI,UTI-FIIF QIP - I - RDR,22/04/2024, , , , , ,DIV/STP                  
MF,UTFIQIPRGI,UTI-FIIF QIP - I - RG,22/04/2024, , , , , ,STP                      
MF,UTFDQIPIPI,UTIAMC - UTFDQIPIPI,22/04/2024, , , , , ,DIV/STP                  
MF,UTFDQIPIGI,UTIAMC - UTFDQIPIGI,22/04/2024, , , , , ,STP                      
MF,ABSLFMUSRG,BIRLASLAMC - ABSLFMUSRG,16/04/2024, , , , , ,REDEMPTION               
MF,ABSLFMUSDN,BIRLASLAMC - ABSLFMUSDN,16/04/2024, , , , , ,REDEMPTION               
MF,ABSLFMUSDG,BIRLASLAMC - ABSLFMUSDG,16/04/2024, , , , , ,REDEMPTION               
MF,ABSLFMUSRN,BIRLASLAMC - ABSLFMUSRN,16/04/2024, , , , , ,REDEMPTION               
MG,IBULHSGFIN,Sec Re NCD 8.75% Sr.I,15/04/2024, , , , , ,INT PAYMENT/REDEMPTION   
MG,IBULHSG,Sec Re NCD 9.71% Sr VIII,12/04/2024, , ,12/04/2024, , ,INTEREST PAYMENT         
MH,IBULHSGFIN,Sec Re NCD Sr.II,15/04/2024, , , , , ,INT PAYMENT/REDEMPTION   
MI,IBULHSGFIN,Sec Re NCD Sr.II,15/04/2024, , , , , ,INT PAYMENT/REDEMPTION   
MJ,IBULHSGFIN,Sec Re NCD 8.05% Sr.III,15/04/2024, , , , , ,INT PAYMENT/REDEMPTION   
MK,IBULHSGFIN,Sec Re NCD 8.42% Sr.III,15/04/2024, , , , , ,INT PAYMENT/REDEMPTION   
ML,IBULHSGFIN,Sec Re NCD 8.50% Sr.IV,15/04/2024, , ,15/04/2024, , ,INTEREST PAYMENT         
MM,IBULHSGFIN,Sec Re NCD 9% Sr.IV,15/04/2024, , ,15/04/2024, , ,INTEREST PAYMENT         
MM,IBULHSG,Sec Re NCD 10.25% Sr XII,12/04/2024, , ,12/04/2024, , ,INTEREST PAYMENT         
MO,IBULHSGFIN,Sec Re NCD 8.20% Sr.VI,15/04/2024, , ,15/04/2024, , ,INTEREST PAYMENT         
MP,IBULHSGFIN,Sec Re NCD 8.66% Sr.VI,15/04/2024, , ,15/04/2024, , ,INTEREST PAYMENT         
MQ,IBULHSGFIN,Sec Re NCD 8.75% Sr.VII,15/04/2024, , ,15/04/2024, , ,INTEREST PAYMENT         
MQ,IBULHSG,Sec Re NCD 9.25% Sr II,12/04/2024, , ,12/04/2024, , ,INTEREST PAYMENT         
MR,IBULHSGFIN,Sec Re NCD 9.25% Sr.VII,15/04/2024, , ,15/04/2024, , ,INTEREST PAYMENT         
MS,IBULHSGFIN,Sec Re NCD 8.43% Sr.VIII,15/04/2024, , ,15/04/2024, , ,INTEREST PAYMENT         
MT,IBULHSGFIN,Sec Re NCD 8.89% Sr.VIII,15/04/2024, , ,15/04/2024, , ,INTEREST PAYMENT         
MU,IBULHSG,Sec Re NCD 9.02% Sr V,12/04/2024, , ,12/04/2024, , ,INTEREST PAYMENT         
MV,IBULHSG,Sec Re NCD 9.48% Sr V,12/04/2024, , ,12/04/2024, , ,INTEREST PAYMENT         
MY,IBULHSGFIN,Sec Re NCD 8.33% Sr.III,15/04/2024, , ,15/04/2024, , ,INTEREST PAYMENT         
MZ,IBULHSGFIN,Sec Re NCD 8.70% Sr.III,15/04/2024, , ,15/04/2024, , ,INTEREST PAYMENT         
MZ,IBULHSG,Sec Re NCD 9.25% Sr VIII,12/04/2024, , ,12/04/2024, , ,INTEREST PAYMENT         
N3,POONAWALLA,Poonawalla Fincorp Ltd,19/04/2024, , , , , ,INT PAYMENT/REDEMPTION   
N3,IBULHSG,Sec Re NCD 9.80% Sr XII,12/04/2024, , ,12/04/2024, , ,INTEREST PAYMENT         
N4,IBULHSG,Sec Re NCD 10.25% Sr XII,12/04/2024, , ,12/04/2024, , ,INTEREST PAYMENT         
N4,POONAWALLA,Poonawalla Fincorp Ltd,19/04/2024, , , , , ,INT PAYMENT/REDEMPTION   
N5,POONAWALLA,Poonawalla Fincorp Ltd,19/04/2024, , , , , ,INT PAYMENT/REDEMPTION   
N5,IBULHSG,Sec Re NCD 9.25% Sr II,12/04/2024, , ,12/04/2024, , ,INTEREST PAYMENT         
N5,IIHFL,Unsec Re NCD 9.60% Sr.II,15/04/2024, , ,15/04/2024, , ,INTEREST PAYMENT         
N8,IBULHSG,Sec Re NCD 9.02% Sr V,12/04/2024, , ,12/04/2024, , ,INTEREST PAYMENT         
N8,UGROCAP,Sec Re NCD 10.25% Sr I,12/04/2024, , ,12/04/2024, , ,INTEREST PAYMENT         
N9,IIHFL,Sec Re NCD 8.20% Sr.III,15/04/2024, , ,15/04/2024, , ,INTEREST PAYMENT         
N9,IBULHSG,Sec Re NCD 9.48% Sr V,12/04/2024, , ,12/04/2024, , ,INTEREST PAYMENT         
NC,IIFL,IIFL Finance Limited,15/04/2024, , ,15/04/2024, , ,INTEREST PAYMENT         
NC,IIHFL,Sec Re NCD 8.43% Sr.VI,15/04/2024, , ,15/04/2024, , ,INTEREST PAYMENT         
NC,IBULHSG,Sec Re NCD 9.57% Sr X,12/04/2024, , ,12/04/2024, , ,INTEREST PAYMENT         
ND,IBULHSG,Sec Re NCD 10.03% Sr X,12/04/2024, , ,12/04/2024, , ,INTEREST PAYMENT         
NF,IIFL,IIFL Finance Limited,15/04/2024, , ,15/04/2024, , ,INTEREST PAYMENT         
NL,IIFL,IIFL Finance Limited,15/04/2024, , ,15/04/2024, , ,INTEREST PAYMENT         
NO,DHANILOANS,Dhani Loans & Serv Ltd,15/04/2024, , ,15/04/2024, , ,INTEREST PAYMENT         
NS,IIFL,IIFL Finance Limited,15/04/2024, , ,15/04/2024, , ,INTEREST PAYMENT         
NZ,IIFL,IIFL Finance Limited,15/04/2024, , ,15/04/2024, , ,INTEREST PAYMENT         
SG,668AP24,SDL AP 6.68% 2024,12/04/2024, , , , , ,REDEMPTION               
SG,576TN24,SDL TN 5.76% 2024,19/04/2024, , , , , ,REDEMPTION               
SM,ARHAM,Arham Technologies Ltd, ,06/04/2024,12/04/2024,05/04/2024, , ,EGM                      
SQ,ARHAM,Arham Technologies Ltd, ,06/04/2024,12/04/2024,05/04/2024, , ,EGM                      
ST,ARHAM,Arham Technologies Ltd, ,06/04/2024,12/04/2024,05/04/2024, , ,EGM                      
U3,IBULHSG,Sec Re NCD 9.80% Sr XII,12/04/2024, , ,12/04/2024, , ,INTEREST PAYMENT         
U3,POONAWALLA,Poonawalla Fincorp Ltd,19/04/2024, , , , , ,INT PAYMENT/REDEMPTION   
U4,POONAWALLA,Poonawalla Fincorp Ltd,19/04/2024, , , , , ,INT PAYMENT/REDEMPTION   
U5,IBULHSG,Sec Re NCD 9.25% Sr II,12/04/2024, , ,12/04/2024, , ,INTEREST PAYMENT         
U5,POONAWALLA,Poonawalla Fincorp Ltd,19/04/2024, , , , , ,INT PAYMENT/REDEMPTION   
U5,IIHFL,Unsec Re NCD 9.60% Sr.II,15/04/2024, , ,15/04/2024, , ,INTEREST PAYMENT         
U8,UGROCAP,Sec Re NCD 10.25% Sr I,12/04/2024, , ,12/04/2024, , ,INTEREST PAYMENT         
U8,IBULHSG,Sec Re NCD 9.02% Sr V,12/04/2024, , ,12/04/2024, , ,INTEREST PAYMENT         
U9,IIHFL,Sec Re NCD 8.20% Sr.III,15/04/2024, , ,15/04/2024, , ,INTEREST PAYMENT         
U9,IBULHSG,Sec Re NCD 9.48% Sr V,12/04/2024, , ,12/04/2024, , ,INTEREST PAYMENT         
UC,IIFL,IIFL Finance Limited,15/04/2024, , ,15/04/2024, , ,INTEREST PAYMENT         
UC,IIHFL,Sec Re NCD 8.43% Sr.VI,15/04/2024, , ,15/04/2024, , ,INTEREST PAYMENT         
UC,IBULHSG,Sec Re NCD 9.57% Sr X,12/04/2024, , ,12/04/2024, , ,INTEREST PAYMENT         
UD,IBULHSG,Sec Re NCD 10.03% Sr X,12/04/2024, , ,12/04/2024, , ,INTEREST PAYMENT         
UF,IIFL,IIFL Finance Limited,15/04/2024, , ,15/04/2024, , ,INTEREST PAYMENT         
UL,IIFL,IIFL Finance Limited,15/04/2024, , ,15/04/2024, , ,INTEREST PAYMENT         
UO,DHANILOANS,Dhani Loans & Serv Ltd,15/04/2024, , ,15/04/2024, , ,INTEREST PAYMENT         
US,IIFL,IIFL Finance Limited,15/04/2024, , ,15/04/2024, , ,INTEREST PAYMENT         
UZ,IIFL,IIFL Finance Limited,15/04/2024, , ,15/04/2024, , ,INTEREST PAYMENT         
Y3,IBULHSG,Sec Re NCD 9.25% Sr II,12/04/2024, , ,12/04/2024, , ,INTEREST PAYMENT         
YD,IBULHSGFIN,Sec Re NCD 8.35% Sr.I,15/04/2024, , , , , ,INT PAYMENT/REDEMPTION   
YD,IBULHSG,Sec Re NCD 9.25% Sr VIII,12/04/2024, , ,12/04/2024, , ,INTEREST PAYMENT         
YG,IBULHSGFIN,Sec Re NCD 8.75% Sr.I,15/04/2024, , , , , ,INT PAYMENT/REDEMPTION   
YG,IBULHSG,Sec Re NCD 9.71% Sr VIII,12/04/2024, , ,12/04/2024, , ,INTEREST PAYMENT         
YH,IBULHSGFIN,Sec Re NCD Sr.II,15/04/2024, , , , , ,INT PAYMENT/REDEMPTION   
YI,IBULHSGFIN,Sec Re NCD Sr.II,15/04/2024, , , , , ,INT PAYMENT/REDEMPTION   
YJ,IBULHSGFIN,Sec Re NCD 8.05% Sr.III,15/04/2024, , , , , ,INT PAYMENT/REDEMPTION   
YK,IBULHSGFIN,Sec Re NCD 8.42% Sr.III,15/04/2024, , , , , ,INT PAYMENT/REDEMPTION   
YL,IBULHSGFIN,Sec Re NCD 8.50% Sr.IV,15/04/2024, , ,15/04/2024, , ,INTEREST PAYMENT         
YM,IBULHSGFIN,Sec Re NCD 9% Sr.IV,15/04/2024, , ,15/04/2024, , ,INTEREST PAYMENT         
YM,IBULHSG,Sec Re NCD 10.25% Sr XII,12/04/2024, , ,12/04/2024, , ,INTEREST PAYMENT         
YO,IBULHSGFIN,Sec Re NCD 8.20% Sr.VI,15/04/2024, , ,15/04/2024, , ,INTEREST PAYMENT         
YP,IBULHSGFIN,Sec Re NCD 8.66% Sr.VI,15/04/2024, , ,15/04/2024, , ,INTEREST PAYMENT         
YQ,IBULHSG,Sec Re NCD 9.25% Sr II,12/04/2024, , ,12/04/2024, , ,INTEREST PAYMENT         
YQ,IBULHSGFIN,Sec Re NCD 8.75% Sr.VII,15/04/2024, , ,15/04/2024, , ,INTEREST PAYMENT         
YR,IBULHSGFIN,Sec Re NCD 9.25% Sr.VII,15/04/2024, , ,15/04/2024, , ,INTEREST PAYMENT         
YS,IBULHSGFIN,Sec Re NCD 8.43% Sr.VIII,15/04/2024, , ,15/04/2024, , ,INTEREST PAYMENT         
YT,IBULHSGFIN,Sec Re NCD 8.89% Sr.VIII,15/04/2024, , ,15/04/2024, , ,INTEREST PAYMENT         
YU,IBULHSG,Sec Re NCD 9.02% Sr V,12/04/2024, , ,12/04/2024, , ,INTEREST PAYMENT         
YV,IBULHSG,Sec Re NCD 9.48% Sr V,12/04/2024, , ,12/04/2024, , ,INTEREST PAYMENT         
YY,IBULHSGFIN,Sec Re NCD 8.33% Sr.III,15/04/2024, , ,15/04/2024, , ,INTEREST PAYMENT         
YZ,IBULHSGFIN,Sec Re NCD 8.70% Sr.III,15/04/2024, , ,15/04/2024, , ,INTEREST PAYMENT         
YZ,IBULHSG,Sec Re NCD 9.25% Sr VIII,12/04/2024, , ,12/04/2024, , ,INTEREST PAYMENT         
Z4,IBULHSGFIN,Sec Red NCD Sr. II,15/04/2024, , ,15/04/2024, , ,INTEREST PAYMENT         
Z5,IBULHSGFIN,Sec Red NCD 8.75% Sr. III,15/04/2024, , ,15/04/2024, , ,INTEREST PAYMENT         
Z8,IBULHSGFIN,Sec Red NCD 8.65% Sr. V,15/04/2024, , ,15/04/2024, , ,INTEREST PAYMENT         
Z9,IBULHSGFIN,Sec Red NCD 8.85% Sr. VI,15/04/2024, , ,15/04/2024, , ,INTEREST PAYMENT         

