SYMBOL,SERIES,SECURITY,HIGH/LOW,INDEX FLAG
21STCENMGM,BE,21ST CENTURY MGMT SERVICE,H
775UP33,SG,SDL UP 7.75% 2033,H
AAKASH,EQ,AAKASH EXPLORATION SER L,H
AARTECH,EQ,AARTECH SOLONICS LIMITED,H
AARVI,EQ,AARVI ENCON LIMITED,H
ACEINTEG,EQ,ACE INTEGRATED SOLU. LTD.,H
ADROITINFO,BE,ADROIT INFOTECH LIMITED,H
ADROITPP,X1,ADROITINF RS.2.50 PPD UP,H
AISL,SM,ANI INTEGRATED SERV LTD.,H
ALPEXSOLAR,SM,ALPEX SOLAR LIMITED,H
ALPSINDUS,BE,ALPS INDUSTRIES LTD.,H
ASMS,EQ,BARTRONICS INDIA LIMITED,H
ASPIRE,ST,ASPIRE & INNOVATIVE ADV L,H
ATAM,EQ,ATAM VALVES LIMITED,H
ATLANTAA,EQ,ATLANTAA LIMITED,H
BLUECHIP,BE,BLUE CHIP INDIA LIMITED,H
BURNPUR,EQ,BURNPUR CEMENT LTD.,H
CADSYS,SM,CADSYS (INDIA) LIMITED,H
CCHHL,BE,COUNTRY CLUB HOSP HOL LTD,H
CGRAPHICS,ST,CREATIVE GRAPHICS S IND L,H
CMMIPL,ST,CMM INFRAPROJECTS LIMITED,H
CREATIVEYE,BE,CREATIVE EYE LIMITED,H
DCMFINSERV,BE,DCM FINANCIAL SERVICES LT,H
DOLPHIN,BE,DOLPHIN OFF ENT (IND) L,H
DRCSYSTEMS,EQ,DRC SYSTEMS INDIA LIMITED,H
DREDGECORP,BE,DREDGING CORP OF INDIA,H
E2E,BE,E2E NETWORKS LIMITED,H
ENTERO,EQ,ENTERO HEALTHCARE SOLU L,H
FCSSOFT,EQ,FCS SOFTWARE SOLN. LTD.,H
FLFL,BZ,FUT LIFESTYLE FASH LTD,H
GAYAHWS,BE,GAYATRI HIGHWAYS LIMITED,H
GIRIRAJ,ST,GIRIRAJ CIVIL DEVP LTD,H
GKWLIMITED,EQ,GKW LIMITED,H
GLOBALVECT,BE,GLOBAL VEC HELICORP LTD,H
GLOBE,BE,GLOBE TEXTILES (I) LTD.,H
GODHA,BE,GODHA CABCON INSULAT LTD,H
GOENKA,BZ,GOENKA DIAMOND&JEWELS LTD,H
GTLINFRA,EQ,GTL INFRA.LTD,H
HAVISHA,BE,SRI HAVISHA HOSP & INFR L,H
HMT,BZ,HMT LTD -,H
HPIL,BE,HINDPRAKASH INDUSTRY LTD,H
INCREDIBLE,BE,INCREDIBLE INDUSTRIES LTD,H
INDOTHAI,BE,INDO THAI SEC LTD,H
ISHAN,ST,ISHAN INTERNATIONAL LTD,H
JALAN,SM,JALAN TRANSOLU. INDIA LTD,H
KARNIKA,SM,KARNIKA INDUSTRIES LTD,H
KCK,ST,KCK INDUSTRIES LTD,H
KRIDHANINF,BE,KRIDHAN INFRA LIMITED,H
KRITIKA,BE,KRITIKA WIRES LIMITED,H
KRYSTAL,EQ,KRYSTAL INTEGRATED SER L,H
LEXUS,EQ,LEXUS GRANITO (INDIA) LTD,H
MADHUCON,BE,MADHUCON PROJECTS LTD.,H
MAFANG,EQ,MIRAEAMC - MAFANG,H
MEP,BE,MEP INFRA. DEVELOPERS LTD,H
METALFORGE,BZ,METALYST FORGINGS LIMITED,H
MODIRUBBER,EQ,MODI RUBBER LTD,H
NAGREEKCAP,BE,NAGREEKA CAP & INFR.LTD,H
NAMAN,ST,NAMAN IN-STORE (INDIA) L,H
NDL,EQ,NANDAN DENIM LIMITED,H
NILASPACES,EQ,NILA SPACES LIMITED,H
OMKARCHEM,BZ,OMKAR SPL CHEM LTD,H
ORIANA,SM,ORIANA POWER LIMITED,H
OSWALAGRO,EQ,OSWAL AGRO MILLS LTD,H
PARSVNATH,EQ,PARSVNATH DEVELOPER LTD,H
PIONEEREMB,BE,PIONEER EMBROIDERIES LTD,H
PRATHAM,SM,PRATHAM EPC PROJECTS LTD,H
PREMIER,BE,PREMIER LIMITED,H
PROLIFE,SM,PROLIFE INDUSTRIES LTD,H
PURVA,EQ,PURAVANKARA LIMITED,H
RAJRILTD,BE,RAJ RAYON INDUSTRIES LTD,H
REXPIPES,SM,REX PIPES AND CABLES LTD,H
RHL,BE,ROBUST HOTELS LIMITED,H
RICHA,SM,RICHA INFO SYSTEMS LTD,H
ROLLT,BE,ROLLATAINERS LIMITED,H
S&SPOWER,BE,S&S POWER SWITCHGEARS,H
SABEVENTS,BE,SAB EVENTS & GOVERNANCE,H
SABTNL,BE,SRI ADHIKARI BRO TELE N L,H
SANCO,BZ,SANCO INDUSTRIES LIMITED,H
SANDUMA,EQ,SANDUR MANG & IRON ORES L,H
SBC,EQ,SBC EXPORTS LIMITED,H
SETCO,EQ,SETCO AUTOMOTIVE LTD,H
SHYAMTEL,EQ,SHYAM TELECOM LIMITED,H
SKYGOLD,BE,SKY GOLD LIMITED,H
SRPL,BE,SHREE RAM PROTEINS LTD.,H
SURANASOL,EQ,SURANA SOLAR LIMITED,H
TECHLABS,SM,TRIDENT TECHLABS LIMITED,H
TECILCHEM,BE,TECIL CHEMICALS,H
TPHQ,BE,TEAMO PRODUCTIONS HQ LTD,H
TRIL,BE,TRANS & RECTI. LTD,H
TRUST,ST,TRUST FINTECH LIMITED,H
VHLTD,BE,VICEROY HOTELS LIMITED,H
VSCL,SM,VADIVARHE SPCLTY CHEM LTD,H
WALPAR,ST,WALPAR NUTRITIONS LIMITED,H
WINSOME,BE,WINSOME YARNS LIMITED,H
63MOONS,EQ,63 MOONS TECHNOLOGIES LTD,L
767KA36,SG,SDL KA 7.67% 2036,L
A2ZINFRA,BE,A2Z INFRA ENGINEERING LTD,L
ABINFRA,SM,A B INFRABUILD LIMITED,L
ACCORD,SM,ACCORD SYNERGY LIMITED,L
ADROITPP,X1,ADROITINF RS.2.50 PPD UP,L
AGNI,ST,AGNI GREEN POWER LTD,L
AGSTRA,BE,AGS TRANSACT TECH LTD,L
AKI,BE,AKI INDIA LIMITED,L
ALPSINDUS,BE,ALPS INDUSTRIES LTD.,L
ALUWIND,ST,ALUWIND ARCHITECTURAL LTD,L
ARVEE,BE,ARVEE LABORATORIES I LTD,L
BLBLIMITED,BE,BLB LIMITED,L
BLUEPEBBLE,ST,BLUE PEBBLE LIMITED,L
CGRAPHICS,ST,CREATIVE GRAPHICS S IND L,L
CREATIVEYE,BE,CREATIVE EYE LIMITED,L
CUPID,BE,CUPID LIMITED,L
DCI,EQ,DC INFOTECH AND COMUN LTD,L
EDUCOMP,BZ,EDUCOMP SOLUTIONS LTD,L
EQUIPPP,BE,EQUIPPP SOC IMP TECH LTD,L
EXCEL,BE,EXCEL REALTY N INFRA LTD,L
FCONSUMER,BE,FUTURE CONSUMER LIMITED,L
FEL,BZ,FUTURE ENTERPRISES LTD,L
FELDVR,BE,FUTURE ENTERPRISES LTD,L
FSC,BZ,FUTURE SUPP CHAIN SOL LTD,L
GAYAHWS,BE,GAYATRI HIGHWAYS LIMITED,L
GICL,SM,GLOBE INTL CARRIERS LTD,L
GOENKA,BZ,GOENKA DIAMOND&JEWELS LTD,L
GTLINFRA,EQ,GTL INFRA.LTD,L
HDIL,BZ,HOUSING DEV & INFRA LTD,L
HECPROJECT,EQ,HEC INFRA PROJECTS LTD,L
INDSWFTLTD,BE,IND-SWIFT LIMITED,L
INNOVATIVE,ST,INNOVATIVE TYRES & TUBES,L
INOXGREEN,BE,INOX GREEN ENERGY SER LTD,L
JALAN,SM,JALAN TRANSOLU. INDIA LTD,L
K2INFRA,ST,K2 INFRAGEN LIMITED,L
KAUSHALYA,EQ,KAUSHALYA INFRA DEV LTD.,L
KBCGLOBAL,EQ,KBC GLOBAL LIMITED,L
KEEPLEARN,EQ,DSJ KEEP LEARNING LTD,L
KODYTECH,SM,KODY TECHNOLAB LIMITED,L
LAGNAM,BE,LAGNAM SPINTEX LIMITED,L
LANCORHOL,BE,LANCOR HOLDINGS LIMITED,L
MADHUCON,BE,MADHUCON PROJECTS LTD.,L
MAXIND,BE,MAX INDIA LIMITED,L
MBECL,BE,MCNALLY BH. ENG. CO.LTD,L
MCL,BE,MADHAV COPPER LIMITED,L
MDL,ST,MARVEL DECOR LIMITED,L
MEP,BE,MEP INFRA. DEVELOPERS LTD,L
METALFORGE,BZ,METALYST FORGINGS LIMITED,L
MIRCELECTR,EQ,MIRC ELECTRONICS LTD,L
MONOPHARMA,SM,MONO PHARMACARE LIMITED,L
MTEDUCARE,BE,MT EDUCARE LTD,L
NKIND,BE,NKINDUSTRIES LTD,L
ONELIFECAP,BE,ONELIFE CAP ADVISORS LTD,L
ORTINLAB,EQ,ORTIN LABORATORIES LTD,L
OWAIS,SM,OWAIS METAL & MINERAL,L
PAISALO,EQ,PAISALO DIGITAL LIMITED,L
PERFECT,ST,PERFECT INFRAENGINEER LTD,L
PREMIER,BE,PREMIER LIMITED,L
PVP,EQ,PVP VENTURES LIMITED,L
RADAAN,BE,RADAAN MEDIAWORKS (I) LTD,L
RADIOWALLA,ST,RADIOWALLA NETWORK LTD,L
RAJRILTD,BE,RAJ RAYON INDUSTRIES LTD,L
RBMINFRA,ST,RBM INFRACON LIMITED,L
RCOM,BE,RELIANCE COMMUNICATIONS L,L
RELINFRA,EQ,RELIANCE INFRASTRUCTU LTD,L
RHL,BE,ROBUST HOTELS LIMITED,L
RPOWER,BE,RELIANCE POWER LTD.,L
SABEVENTS,BE,SAB EVENTS & GOVERNANCE,L
SHRENIK,EQ,SHRENIK LIMITED,L
SICALLOG,BE,SICAL LOGISTICS LIMITED,L
SIDDHIKA,SM,SIDDHIKA COATINGS LIMITED,L
SINDHUTRAD,EQ,SINDHU TRADE LINKS LTD,L
SPARC,BE,SUN PHARMA ADV.RES.CO.LTD,L
SUMEETINDS,BE,SUMEET IND LIMITED,L
SUMIT,BE,SUMIT WOODS LIMITED,L
SUPREMEENG,BE,SUPREME ENGINEERING LTD,L
SURANI,SM,SURANI STEEL TUBES LTD.,L
SUULD,EQ,SUUMAYA INDUSTRIES LTD,L
SVPGLOB,EQ,SVP GLOBAL TEXTILES LTD,L
TAC,ST,TAC INFOSEC LIMITED,L
TECILCHEM,BE,TECIL CHEMICALS,L
THOMASCOTT,BE,THOMAS SCOTT (INDIA) LTD,L
TIRUPATIFL,BE,TIRUPATI FORGE LIMITED,L
TRANSWIND,ST,TRANSWIND INFRA LIMITED,L
TREEHOUSE,BE,TREE HOUSE EDU LTD,L
UNITECH,BZ,UNITECH LIMITED,L
URBAN,SM,URBAN ENVIRO WASTE MGMT L,L
VASA,ST,VASA RETAIL & OVERSEA LTD,L
VERTEXPLUS,SM,VERTEXPLUS TECHNOLOGIES L,L
VINNY,BE,VINNY OVERSEAS LIMITED,L
VLEGOV,BE,VL E GOV AND IT SOL LTD,L
VMARCIND,SM,V MARC INDIA LIMITED,L
WEL,EQ,WONDER ELECTRICALS LTD,L
WOMANCART,SM,WOMANCART LIMITED,L
YASHOPTICS,ST,YASH OPTICS & LENS LTD,L
