GAIN_LOSS,SECURITY,CLOSE_PRIC,PREV_CL_PR,PERCENT_CG
 ,Nifty 50 Sec., , , 
 , , , , 
G,DIVI S LABORATORIES LTD,      3779.70,      3739.10,1.09
G,BAJAJ AUTO LIMITED,      9064.85,      9005.55,.66
G,TATA MOTORS LIMITED,      1018.50,      1013.50,.49
G,TATA CONSULTANCY SERV LT,      4001.40,      3984.65,.42
G,TATA CONSUMER PRODUCT LTD,      1149.45,      1145.30,.36
G,NESTLE INDIA LIMITED,      2536.20,      2527.60,.34
G,INDUSIND BANK LIMITED,      1555.65,      1552.85,.18
 , , , , 
L,SUN PHARMACEUTICAL IND L,      1540.00,      1604.05,-3.99
L,MARUTI SUZUKI INDIA LTD.,     12266.55,     12682.75,-3.28
L,POWER GRID CORP. LTD.,       275.25,       282.55,-2.58
L,TITAN COMPANY LIMITED,      3619.30,      3711.20,-2.48
L,OIL AND NATURAL GAS CORP.,       265.70,       272.00,-2.32
L,GRASIM INDUSTRIES LTD,      2254.05,      2306.35,-2.27
L,JSW STEEL LIMITED,       866.45,       883.95,-1.98
L,LARSEN & TOUBRO LTD.,      3679.25,      3753.20,-1.97
L,TECH MAHINDRA LIMITED,      1242.10,      1266.30,-1.91
L,CIPLA LTD,      1396.80,      1422.95,-1.84
L,ULTRATECH CEMENT LIMITED,      9652.55,      9817.85,-1.68
L,SHRIRAM FINANCE LIMITED,      2485.60,      2528.05,-1.68
L,STATE BANK OF INDIA,       766.30,       779.05,-1.64
L,ITC LTD,       430.10,       436.95,-1.57
L,INFOSYS LIMITED,      1484.75,      1506.80,-1.46
L,ASIAN PAINTS LIMITED,      2854.50,      2896.75,-1.46
L,WIPRO LTD,       470.75,       477.30,-1.37
L,AXIS BANK LIMITED,      1073.45,      1087.80,-1.32
L,APOLLO HOSPITALS ENTER. L,      6406.55,      6489.85,-1.28
L,HINDUSTAN UNILEVER LTD.,      2232.30,      2260.90,-1.26
L,HERO MOTOCORP LIMITED,      4440.80,      4494.90,-1.2
L,DR. REDDY S LABORATORIES,      6083.85,      6157.90,-1.2
L,BRITANNIA INDUSTRIES LTD,      4751.75,      4808.70,-1.18
L,HCL TECHNOLOGIES LTD,      1521.50,      1539.15,-1.15
L,HDFC BANK LTD,      1518.95,      1536.35,-1.13
L,ADANI ENTERPRISES LIMITED,      3209.90,      3242.00,-0.99
L,TATA STEEL LIMITED,       163.50,       165.05,-0.94
L,RELIANCE INDUSTRIES LTD,      2934.30,      2959.15,-0.84
L,HINDALCO  INDUSTRIES  LTD,       598.65,       603.05,-0.73
L,KOTAK MAHINDRA BANK LTD,      1813.05,      1825.95,-0.71
 , , , , 
 ,Nifty Next 50 Sec., , , 
 , , , , 
G,INDIAN RAIL TOUR CORP LTD,      1057.65,      1023.00,3.39
G,VEDANTA LIMITED,       372.95,       361.80,3.08
G,BHARAT ELECTRONICS LTD,       233.50,       228.75,2.08
G,HINDUSTAN AERONAUTICS LTD,      3638.10,      3565.40,2.04
G,ABB INDIA LIMITED,      6752.95,      6641.55,1.68
G,SAMVRDHNA MTHRSN INTL LTD,       120.55,       119.00,1.3
G,TATA POWER CO LTD,       436.95,       431.95,1.16
G,TRENT LTD,      4053.85,      4021.15,0.81
G,HAVELLS INDIA LIMITED,      1510.65,      1501.30,0.62
G,JIO FIN SERVICES LTD,       372.20,       370.45,0.47
G,ADANI ENERGY SOLUTION LTD,      1068.90,      1064.25,0.44
G,BAJAJ HOLDINGS & INVS LTD,      8175.55,      8148.90,0.33
G,ICICI PRU LIFE INS CO LTD,       629.00,       627.35,0.26
G,COLGATE PALMOLIVE LTD.,      2661.90,      2655.65,0.24
G,AVENUE SUPERMARTS LIMITED,      4765.05,      4754.00,0.23
G,BOSCH LIMITED,     29849.40,     29795.75,0.18
 , , , , 
L,ADANI POWER LTD,       595.20,       617.85,-3.67
L,ZYDUS LIFESCIENCES LTD,       962.15,       994.20,-3.22
L,INTERGLOBE AVIATION LTD,      3693.25,      3795.30,-2.69
L,AMBUJA CEMENTS LTD,       608.85,       625.65,-2.69
L,VARUN BEVERAGES LIMITED,      1385.85,      1423.55,-2.65
L,GODREJ CONSUMER PRODUCTS,      1199.75,      1230.15,-2.47
L,ZOMATO LIMITED,       192.10,       196.90,-2.44
L,TVS MOTOR COMPANY  LTD,      2046.85,      2097.40,-2.41
L,REC LIMITED,       439.25,       448.45,-2.05
L,INFO EDGE (I) LTD,      5973.55,      6083.45,-1.81
L,INDIAN OIL CORP LTD,       170.15,       173.05,-1.68
L,UNITED SPIRITS LIMITED,      1182.95,      1200.10,-1.43
L,SBI CARDS & PAY SER LTD,       737.65,       748.00,-1.38
L,ADANI TOTAL GAS LIMITED,       948.05,       961.30,-1.38
L,ADANI GREEN ENERGY LTD,      1884.05,      1907.50,-1.23
L,CHOLAMANDALAM IN & FIN CO,      1177.60,      1191.80,-1.19
L,ICICI LOMBARD GIC LIMITED,      1667.20,      1686.85,-1.16
L,CANARA BANK,       605.85,       612.90,-1.15
L,DABUR INDIA LTD,       500.60,       506.25,-1.12
L,PUNJAB NATIONAL BANK,       134.85,       136.30,-1.06
L,BANK OF BARODA,       267.95,       270.80,-1.05
L,INDIAN RAILWAY FIN CORP L,       145.30,       146.70,-0.95
L,POWER FIN CORP LTD.,       403.00,       406.65,-0.9
L,BERGER PAINTS (I) LTD,       556.75,       561.70,-0.88
L,LIFE INSURA CORP OF INDIA,       970.95,       976.95,-0.61
L,GAIL (INDIA) LTD,       201.10,       202.20,-0.54
L,SRF LTD,      2632.30,      2645.55,-0.5
L,PIDILITE INDUSTRIES LTD,      2985.85,      3000.10,-0.47
L,SHREE CEMENT LIMITED,     25491.15,     25610.00,-0.46
L,DLF LIMITED,       908.60,       911.15,-0.28
 , , , , 
 ,OTHER SECURITIES, , , 
 , , , , 
G,CADSYS (INDIA) LIMITED,       360.00,       300.00,20
G,AARVI ENCON LIMITED,       161.10,       134.25,20
G,PRATHAM EPC PROJECTS LTD,       136.25,       113.55,19.99
G,KRYSTAL INTEGRATED SER L,      1016.30,       851.65,19.33
G,NANDAN DENIM LIMITED,        43.65,        36.85,18.45
G,ATAM VALVES LIMITED,       223.80,       190.10,17.73
G,ENTERO HEALTHCARE SOLU L,      1170.55,      1001.95,16.83
G,RAMCO SYSTEMS LTD.,       396.35,       340.90,16.27
G,ENFUSE SOLUTIONS LIMITED,       125.30,       109.95,13.96
G,TAX FREE  7.28% SR. 103,      1150.00,      1010.10,13.85
G,D. P. ABHUSHAN LIMITED,      1122.10,      1005.45,11.6
G,YUKEN INDIA LIMITED,       925.90,       830.35,11.51
G,EXICOM TELE SYSTEMS LTD,       241.90,       219.85,10.03
G,GKW LIMITED,      2301.55,      2092.35,10
G,PURAVANKARA LIMITED,       324.05,       294.60,10
G,ORIANA POWER LIMITED,      1247.85,      1134.45,10
G,ASHIANA HOUSING LTD,       335.00,       304.80,9.91
G,ACE INTEGRATED SOLU. LTD.,        36.20,        32.95,9.86
G,SBC EXPORTS LIMITED,        25.65,        23.35,9.85
G,ATLANTAA LIMITED,        32.30,        29.45,9.68
G,DJ MEDIAPRINT & LOG LTD,       223.20,       204.65,9.06
G,BOND 8.46% TAX FREE S2A,      1196.79,      1103.10,8.49
G,TARA CHAND INFRA SOLN LTD,       297.40,       274.30,8.42
G,LEXUS GRANITO (INDIA) LTD,        44.90,        41.45,8.32
G,MINDTECK (INDIA) LIMITED,       288.80,       266.80,8.25
G,ALPEX SOLAR LIMITED,       424.50,       392.85,8.06
G,PUNJAB CHEM & CROP PROT L,      1127.65,      1044.55,7.96
G,WINDSOR MACHINES LIMITED,        83.85,        77.75,7.85
G,NEULAND LAB LTD.,      6665.40,      6190.60,7.67
G,HINDUSTAN ZINC LIMITED,       431.95,       401.30,7.64
 , , , , 
L,7.35% TAX FREE NCD,      1040.20,      1300.00,-19.98
L,RELIANCE INFRASTRUCTU LTD,       197.75,       227.60,-13.12
L,ORICON ENTERPRISES LTD,        41.45,        46.60,-11.05
L,POLYSIL IRRIGATION SYST L,        37.25,        40.95,-9.04
L,SANGANI HOSPITALS LIMITED,        42.75,        46.65,-8.36
L,ORTIN LABORATORIES LTD,        19.95,        21.75,-8.28
L,KEYNOTE FIN SERV LTD.,       192.30,       208.65,-7.84
L,EMKAY GLOBAL FIN SERV LTD,       163.40,       176.90,-7.63
L,PULZ ELECTRONICS LIMITED,       156.25,       169.00,-7.54
L,AKANKSHA POWER N INFRA L,        83.95,        90.65,-7.39
L,PSP PROJECTS LIMITED,       673.40,       726.15,-7.26
L,MARCO CABLE & CONDUCTOR L,        47.05,        50.55,-6.92
L,VASA DENTICITY LIMITED,       534.80,       573.90,-6.81
L,SINCLAIRS HOTELS LIMITED,       125.20,       134.35,-6.81
L,TGB BANQUETS&HOTELS LTD,        15.75,        16.85,-6.53
L,JAY JALARAM TECHNO LTD,       402.05,       429.20,-6.33
L,MANG.CHEM.FERT.LTD,       117.10,       124.90,-6.24
L,ORCHID PHARMA LIMITED,      1088.90,      1160.00,-6.13
L,LA OPALA RG LIMITED,       325.00,       346.05,-6.08
L,KIRLOSKAR BROTHERS LTD,      1140.00,      1211.25,-5.88
L,HITECH CORPORATION LTD,       209.15,       221.40,-5.53
L,MAXPOSURE LIMITED,        86.25,        91.20,-5.43
L,SONA MACHINERY LIMITED,       130.55,       138.00,-5.4
L,SUMMIT SECURITIES LTD,      1237.50,      1307.00,-5.32
L,FIBERWEB INDIA LIMITED,        34.15,        36.00,-5.14
L,VINSYS IT SERVICES IND LT,       309.35,       326.00,-5.11
L,PB FINTECH LIMITED,      1264.15,      1331.60,-5.07
L,GLOBE INTL CARRIERS LTD,        42.65,        44.90,-5.01
L,WOMANCART LIMITED,       118.75,       125.00,-5
L,SIDDHIKA COATINGS LIMITED,       188.10,       198.00,-5
