SERIES,SYMBOL,SECURITY,RECORD_DT,BC_STRT_DT,BC_END_DT,EX_DT,ND_STRT_DT,ND_END_DT,PURPOSE
BE,HECPROJECT,HEC Infra Projects Ltd, ,24/07/2024,30/07/2024,23/07/2024, , ,ANNUAL GENERAL MEETING   
BE,DATAPATTNS,Data Patterns India Ltd, ,24/07/2024,30/07/2024,23/07/2024, , ,AGM/DIV - RS 6.50 PER SH 
BE,JUBLINGREA,Jubilant Ingrevia Limited,02/08/2024, , ,02/08/2024, , ,DIV - RS 2.50 PER SH     
BE,MONARCH,Monarch Networth Cap Ltd,02/08/2024, , ,02/08/2024, , ,DIV - RE 1 PER SH        
BE,JUBLPHARMA,Jubilant Pharmova Ltd,02/08/2024, , ,02/08/2024, , ,DIV - RS 5 PER SH        
BE,FAIRCHEMOR,Fairchem Organics Limited, ,30/07/2024,05/08/2024,29/07/2024, , ,DIV - RS 7.50 PER SH     
BE,BHAGCHEM,Bhagiradha Chem & Inds L, ,03/08/2024,09/08/2024,02/08/2024, , ,AGM/DIV-RE 0.10 PER SH   
BE,AARTIPHARM,Aarti Pharmalabs Limited,31/07/2024, , ,31/07/2024, , ,DIV - RE 1 PER SH        
BE,LLOYDSME,Lloyds Metals N Energy L, ,23/07/2024,29/07/2024,22/07/2024, , ,EGM                      
BE,DYCL,Dynamic Cables Limited, ,25/07/2024,31/07/2024,24/07/2024, , ,AGM/DIV-RE 0.50 PER SH   
BE,YASHO,Yasho Industries Limited, ,27/07/2024,02/08/2024,26/07/2024, , ,AGM/DIV-RE 0.50 PER SH   
BE,SAHYADRI,Sahyadri Industries Ltd, ,03/08/2024,09/08/2024,02/08/2024, , ,AGM/DIV - RE 1 PER SH    
BE,JLHL,Jupiter Life Line Hosp L,02/08/2024, , ,02/08/2024, , ,DIV - RE 1 PER SH        
BE,SRGHFL,SRG Housing Finance L, ,29/07/2024,05/08/2024,26/07/2024, , ,ANNUAL GENERAL MEETING   
BE,CELLO,Cello World Limited, ,03/08/2024,10/08/2024,02/08/2024, , ,AGM/DIV-RS 1.50 PER SH   
BE,DIAMINESQ,Diamines  & Chemicals Ltd, ,26/07/2024,01/08/2024,25/07/2024, , ,AGM/DIV-RS 2.50 PER SH   
BE,NAVA,Nava Bharat Ventures Ltd.,01/08/2024, , ,01/08/2024, , ,DIV - RS 4 PER SH        
BE,NAVA,Nava Bharat Ventures Ltd., ,02/08/2024,08/08/2024,01/08/2024, , ,ANNUAL GENERAL MEETING   
BE,MODISONLTD,Modison Metals Limited, ,24/07/2024,30/07/2024,23/07/2024, , ,ANNUAL GENERAL MEETING   
BE,TIPSFILMS,Tips Films Limited, ,23/07/2024,29/07/2024,22/07/2024, , ,ANNUAL GENERAL MEETING   
BE,HYBRIDFIN,Hybrid Financial Services, ,22/07/2024,30/07/2024,19/07/2024, , ,ANNUAL GENERAL MEETING   
BE,DIVGIITTS,Divgi Torqtransfer Syst L, ,23/07/2024,29/07/2024,22/07/2024, , ,ANNUAL GENERAL MEETING   
BE,OSWALGREEN,OSWAL CHEM. & FERT. LTD., ,02/08/2024,08/08/2024,01/08/2024, , ,ANNUAL GENERAL MEETING   
BE,WELSPUNLIV,Equity shares,05/08/2024, , ,05/08/2024, , ,BUY BACK                 
BE,GTECJAINX,Keerti Know & Skill Ltd., ,23/07/2024,30/07/2024,22/07/2024, , ,ANNUAL GENERAL MEETING   
BE,FILATFASH,Filatex Fashions Limited,09/08/2024, , ,09/08/2024, , ,FV SPLT FRM RS 5 TO RE 1 
BE,REPCOHOME,Repco Home Finance Ltd, ,27/07/2024,02/08/2024,26/07/2024, , ,AGM/DIV - RS 3 PER SH    
BE,MINDTECK,Mindteck (India) Limited, ,03/08/2024,09/08/2024,02/08/2024, , ,AGM/DIV - RE 1 PER SH    
BE,SHARDACROP,Sharda Cropchem Limited,02/08/2024, , ,02/08/2024, , ,DIV - RS 3 PER SH        
BE,DIVISLAB,Divi's Laboratories Limit,02/08/2024, , ,02/08/2024, , ,DIV - RS 30 PER SH       
BE,MARUTI,Maruti Suzuki India Ltd, ,03/08/2024,27/08/2024,02/08/2024, , ,DIV - RS 125 PER SH      
BE,RADICO,Radico Khaitan Limited, ,26/07/2024,07/08/2024,25/07/2024, , ,AGM/DIV - RS 3 PER SH    
BE,AVANTIFEED,Avanti Feeds Limited, ,31/07/2024,06/08/2024,30/07/2024, , ,AGM/DIV-RS 6.75 PER SH   
BE,CAMLINFINE,Camlin Fine Sciences Ltd, ,25/07/2024,31/07/2024,24/07/2024, , ,ANNUAL GENERAL MEETING   
BE,GRPLTD,GRP Limited, ,28/07/2024,02/08/2024,26/07/2024, , ,AGM/DIV RS 37.5 PER SH   
BE,VEDL,Vedanta Limited,03/08/2024, , ,02/08/2024, , ,INTDIV - RS 4 PER SH     
BE,UMANGDAIRY,Umang Dairies Limited, ,31/07/2024,06/08/2024,30/07/2024, , ,ANNUAL GENERAL MEETING   
BE,NH,Narayana Hrudayalaya Ltd.,02/08/2024, , ,02/08/2024, , ,DIV - RS 4 PER SH        
BE,OCCL,Oriental Carbn & Chem Ltd, ,24/07/2024,30/07/2024,23/07/2024, , ,AGM/DIV - RS 7 PER SH    
BE,CONTROLPR,Control Print Limited, ,27/07/2024,01/08/2024,26/07/2024, , ,AGM/DIV - RS 5 PER SH    
BE,COSMOFIRST,Cosmo Films Ltd, ,27/07/2024,02/08/2024,26/07/2024, , ,AGM/DIV - RS 3 PER SH    
BE,KAMDHENU,Kamdhenu Ispat Limited,31/07/2024, , ,31/07/2024, , ,DIV - RS 2 PER SH        
BE,ALBERTDAVD,Albert David Limited, ,03/08/2024,09/08/2024,02/08/2024, , ,ANNUAL GENERAL MEETING   
BE,GPTINFRA,GPT Infraprojects Ltd, ,24/07/2024,30/07/2024,23/07/2024, , ,ANNUAL GENERAL MEETING   
BE,BIGBLOC,Bigbloc Construction Ltd,02/08/2024, , ,02/08/2024, , ,DIV - RE 0.40 PER SH     
BE,BIGBLOC,Bigbloc Construction Ltd, ,23/08/2024,29/08/2024,22/08/2024, , ,ANNUAL GENERAL MEETING   
BE,BIRLACABLE,Birla Cable Limited, ,27/07/2024,02/08/2024,26/07/2024, , ,AGM/DIV-RS 1.75 PER SH   
BE,MAHASTEEL,Mahamaya Steel Inds Ltd, ,23/07/2024,29/07/2024,22/07/2024, , ,ANNUAL GENERAL MEETING   
BE,AVADHSUGAR,Avadh Sug & Energy Ltd, ,25/07/2024,31/07/2024,24/07/2024, , ,ANNUAL GENERAL MEETING   
BE,GODREJAGRO,Godrej Agrovet Limited, ,27/07/2024,31/07/2024,26/07/2024, , ,AGM/DIV - RS 10 PER SH   
BE,IEX,Indian Energy Exc Ltd, ,30/07/2024,06/08/2024,29/07/2024, , ,ANNUAL GENERAL MEETING   
BE,TCPLPACK,TCPL Packaging Limited, ,24/07/2024,30/07/2024,23/07/2024, , ,AGM/DIV - RS 22 PER SH   
BE,TASTYBITE,Tasty Bite Eatables Ltd,01/08/2024, , ,01/08/2024, , ,DIV - RS 2 PER SH        
BE,TIINDIA,Tube Invest of India Ltd, ,24/07/2024,01/08/2024,23/07/2024, , ,AGM/DIV - RS 1.50 PER SH 
BE,MATRIMONY,Matrimony.Com Limited,02/08/2024, , ,02/08/2024, , ,DIV - RS 5 PER SH        
BE,DOLLAR,Dollar Industries Limited, ,27/07/2024,02/08/2024,26/07/2024, , ,AGM/DIV - RS 3 PER SH    
BE,IFGLEXPOR,IFGL Refractories Limited, ,25/07/2024,31/07/2024,24/07/2024, , ,AGM/DIV - RS 7 PER SH    
BE,PALASHSECU,Palash Securities  Ltd, ,03/08/2024,09/08/2024,02/08/2024, , ,ANNUAL GENERAL MEETING   
BE,MAGADSUGAR,Magadh Sugar & Energy Ltd, ,26/07/2024,01/08/2024,25/07/2024, , ,AGM/DIV/SPDV - RS 10 & 5 
BE,CHEMBOND,Chembond Chemicals Ltd, ,23/07/2024,30/07/2024,22/07/2024, , ,ANNUAL GENERAL MEETING   
BE,APCL,Anjani Portland Cem Ltd, ,03/08/2024,09/08/2024,02/08/2024, , ,ANNUAL GENERAL MEETING   
BE,CREDITACC,CreditAccess Grameen Ltd, ,27/07/2024,12/08/2024,26/07/2024, , ,AGM/DIV - RS 10 PER SH   
BE,GMMPFAUDLR,GMM Pfaudler Limited,02/08/2024, , ,02/08/2024, , ,DIV - RE 1 PER SH        
BE,PRIVISCL,Privi Speciality Che Ltd, ,25/07/2024,01/08/2024,24/07/2024, , ,ANNUAL GENERAL MEETING   
BE,BAJAJCON,Bajaj Corp Limited, ,02/08/2024,09/08/2024,01/08/2024, , ,ANNUAL GENERAL MEETING   
BE,3PLAND,3P Land Holdings Limited, ,26/07/2024,03/08/2024,25/07/2024, , ,ANNUAL GENERAL MEETING   
BE,JTEKTINDIA,JTEKT India Ltd, ,27/07/2024,13/08/2024,26/07/2024, , ,DIV - RS 0.60 PER SH     
BE,ORIENTELEC,Orient Electric Limited, ,26/07/2024,01/08/2024,25/07/2024, , ,AGM/DIV-RE 0.75 PER SH   
BE,HBSL,HB Stockholdings Limited, ,03/08/2024,09/08/2024,02/08/2024, , ,ANNUAL GENERAL MEETING   
BE,HBSL,HB Stockholdings Limited,02/08/2024, , ,02/08/2024, , ,DIV - RS 1.50 PER SH     
BE,SHAREINDIA,Share Ind. Securities Ltd,02/08/2024, , ,02/08/2024, , ,INTDIV - RS 0.40 PER SH  
BE,SHAREINDIA,Share Ind. Securities Ltd,02/08/2024, , ,02/08/2024, , ,DIV - RS 0.20 PER SH     
BE,COFORGE,Coforge Limited,02/08/2024, , ,02/08/2024, , ,INTDIV - RS 19 PER SH    
BE,ARVINDFASN,Arvind Fashions Limited,09/08/2024, , ,09/08/2024, , ,DIV - 1.25 RS PER SH     
BE,KAPSTON,Kapston Facilities Mgmt L,09/08/2024, , ,09/08/2024, , ,FVSPLT FRM RS 10 TO RS 5 
BE,BANKA,Banka BioLoo Limited, ,02/08/2024,08/08/2024,01/08/2024, , ,ANNUAL GENERAL MEETING   
BE,CHOLAHLDNG,Cholamandalam Fin Hol Ltd, ,03/08/2024,09/08/2024,02/08/2024, , ,AGM/DIV-RE 0.55 PER SH   
BE,IIFLSEC,IIFL Securities Limited, ,30/07/2024,05/08/2024,29/07/2024, , ,ANNUAL GENERAL MEETING   
BE,ASALCBR,Asso Alcohols & Brew Ltd, ,27/07/2024,02/08/2024,26/07/2024, , ,AGM/DIV - RS 2 PER SH    
BE,ANUP,The Anup Engineering Ltd, ,28/07/2024,03/08/2024,26/07/2024, , ,AGM/DIV-RS15/SPLDIV-RS5  
BE,INFOBEAN,InfoBeans Techno. Ltd., ,31/07/2024,07/08/2024,30/07/2024, , ,ANNUAL GENERAL MEETING   
BE,INDIGOPNTS,Indigo Paints Limited,02/08/2024, , ,02/08/2024, , ,DIV - RS 3.50 PER SH     
BE,INDIGOPNTS,Indigo Paints Limited, ,03/08/2024,10/08/2024,02/08/2024, , ,ANNUAL GENERAL MEETING   
BE,MAPMYINDIA,C.E. Info Systems Limited, ,03/08/2024,09/08/2024,02/08/2024, , ,ANNUAL GENERAL MEETING   
BE,MAPMYINDIA,C.E. Info Systems Limited,02/08/2024, , ,02/08/2024, , ,DIV - RS 3.50 PER SH     
BE,ABSLAMC,Adit Birl Sun Lif AMC Ltd,01/08/2024, , ,01/08/2024, , ,AGM/DIV - RS13.50 PER SH 
BE,STEELCAS,Steelcast Limited, ,01/08/2024,08/08/2024,31/07/2024, , ,AGM/DIV-RS 3.15 PER SH   
BE,GOCOLORS,Go Fashion India Ltd, ,01/08/2024,07/08/2024,31/07/2024, , ,ANNUAL GENERAL MEETING   
BE,DCMSRIND,DCM Shriram Ind Ltd, ,27/07/2024,07/08/2024,26/07/2024, , ,ANNUAL GENERAL MEETING   
BE,EVERESTIND,Everest Industries Limite,02/08/2024, , ,02/08/2024, , ,DIV - RS 2.50 PER SH     
BE,GRANULES,Granules India Limited, ,31/07/2024,06/08/2024,30/07/2024, , ,AGM/DIV-RS 1.50 PER SH   
BE,EMKAY,Emkay Global Fin Serv Ltd, ,02/08/2024,08/08/2024,01/08/2024, , ,AGM/DIV-RS 1.50 PER SH   
BE,PIONEEREMB,Pioneer Embroideries Limi, ,31/07/2024,06/08/2024,30/07/2024, , ,ANNUAL GENERAL MEETING   
BE,BRIGADE,Brigade Enterprises Limit,30/07/2024, , ,30/07/2024, , ,DIV - RS 2 PER SH        
BE,PAGEIND,Page Industries Limited, ,01/08/2024,01/08/2024,31/07/2024, , ,ANNUAL GENERAL MEETING   
BE,JKTYRE,JK Tyre & Industries Ltd, ,27/07/2024,02/08/2024,26/07/2024, , ,AGM/DIV-RS 3.50 PER SH   
BE,ADSL,Allied Digital Services L,02/08/2024, , ,02/08/2024, , ,DIV - RS 1.50 PER SH     
BE,ADSL,Allied Digital Services L, ,03/08/2024,08/08/2024,02/08/2024, , ,ANNUAL GENERAL MEETING   
BE,SOMANYCERA,Somany Ceramics Limited,05/08/2024, , ,05/08/2024, , ,DIV - RS 3 PER SH        
BE,SOMANYCERA,Somany Ceramics Limited, ,06/08/2024,12/08/2024,05/08/2024, , ,ANNUAL GENERAL MEETING   
BE,HIRECT,Hind Rectifiers Limited, ,26/07/2024,01/08/2024,25/07/2024, , ,AGM/DIV-RS 1.20 PER SH   
BE,PLASTIBLEN,Plastiblends India Limite, ,24/07/2024,30/07/2024,23/07/2024, , ,ANNUAL GENERAL MEETING   
BE,BANSWRAS,Banswara Syntex Limited, ,31/07/2024,06/08/2024,30/07/2024, , ,AGM/DIV - RE 1 PER SH    
BE,ASIANTILES,Asian Granito India Limit, ,31/07/2024,06/08/2024,30/07/2024, , ,ANNUAL GENERAL MEETING   
BE,VOLTAMP,Voltamp Transformers Limi, ,23/07/2024,29/07/2024,22/07/2024, , ,AGM/DIV - RS 90 PER SH   
BE,SUVEN,Suven Life Sciences Ltd, ,31/07/2024,02/08/2024,30/07/2024, , ,ANNUAL GENERAL MEETING   
BE,AVTNPL,AVT Natural Products Limi, ,03/08/2024,09/08/2024,02/08/2024, , ,AGM/DIV-RE 0.50 PER SH   
BE,CENTUM,Centum Electronics Ltd.,31/07/2024, , ,31/07/2024, , ,DIV - RS 3 PER SH        
BE,HOVS,HOV Services Limited, ,01/08/2024,03/08/2024,31/07/2024, , ,ANNUAL GENERAL MEETING   
BE,KMSUGAR,K.M.Sugar Mills Limited, ,28/07/2024,03/08/2024,26/07/2024, , ,ANNUAL GENERAL MEETING   
BE,BAJAJELEC,Bajaj Electricals Limited, ,20/07/2024,06/08/2024,19/07/2024, , ,AGM/DIV - RS 3 PER SH    
BE,FIEMIND,Fiem Industries Limited, ,25/07/2024,31/07/2024,24/07/2024, , ,AGM/DIV - RS 20 PER SH   
BE,NAUKRI,Info Edge (India) Limited,29/07/2024, , ,29/07/2024, , ,DIV - RS 12 PER SH       
BE,SWELECTES,Swelect Energy Sys Ltd, ,23/07/2024,29/07/2024,22/07/2024, , ,AGM/DIV/SPDV RS 3 & RE 1 
BE,FSL,Firstsource Solutions Lim, ,24/07/2024,30/07/2024,23/07/2024, , ,ANNUAL GENERAL MEETING   
BE,APCOTEXIND,Apcotex Industries Ltd., ,20/07/2024,29/07/2024,19/07/2024, , ,DIV - RS 3.50 PER SH     
BE,SHYAMTEL,Shyam Telecom Limited, ,24/07/2024,31/07/2024,23/07/2024, , ,ANNUAL GENERAL MEETING   
BE,DLF,DLF Limited,31/07/2024, , ,31/07/2024, , ,DIV - RS 5 PER SH        
BE,GESHIP,The Great Eastern Shippin, ,26/07/2024,01/08/2024,25/07/2024, , ,ANNUAL GENERAL MEETING   
BE,COLPAL,Colgate Palmolive (India), ,24/07/2024,30/07/2024,23/07/2024, , ,ANNUAL GENERAL MEETING   
BE,SUBEXLTD,Subex Ltd, ,30/07/2024,05/08/2024,29/07/2024, , ,ANNUAL GENERAL MEETING   
BE,MANINFRA,Man Infra Ltd, ,31/07/2024,06/08/2024,30/07/2024, , ,ANNUAL GENERAL MEETING   
BE,VINYLINDIA,Vinyl Chemicals (India) L, ,25/07/2024,08/08/2024,24/07/2024, , ,AGM/DIV-RS 6.75 PER SH   
BE,UBL,United Breweries Limited, ,26/07/2024,01/08/2024,25/07/2024, , ,DIV - RS 10 PER SH       
BE,BIRLACORPN,Birla Jute & Industries, ,30/07/2024,05/08/2024,29/07/2024, , ,AGM/DIV - RS 10 PER SH   
BE,AJMERA,Ajmera Realty & Inf I Ltd,02/08/2024, , ,02/08/2024, , ,DIV - RS 4 PER SH        
BE,CAREERP,Career Point Limited, ,30/07/2024,05/08/2024,29/07/2024, , ,AGM/DIV - RE 1 PER SH    
BE,BOSCHLTD,Bosch Limited, ,20/07/2024,07/08/2024,19/07/2024, , ,AGM/DIV-RS 170 PER SH    
BE,SMARTLINK,Smartlink Holdings Ltd, ,26/07/2024,01/08/2024,25/07/2024, , ,ANNUAL GENERAL MEETING   
BE,DBCORP,D.B.Corp Ltd,29/07/2024, , ,29/07/2024, , ,INTDIV - RS 7 PER SH     
BE,BIRLAMONEY,Aditya Birla Money Ltd, ,23/07/2024,30/07/2024,22/07/2024, , ,ANNUAL GENERAL MEETING   
BE,VGUARD,V-Guard Industries Limite, ,26/07/2024,01/08/2024,25/07/2024, , ,AGM/DIV - RS 1.40 PER SH 
BE,NESCO,Nesco Limited, ,27/07/2024,02/08/2024,26/07/2024, , ,DIV - RS 6 PER SH        
BE,COROMANDEL,Coromandel Internl Ltd., ,27/07/2024,07/08/2024,26/07/2024, , ,ANNUAL GENERAL MEETING   
BE,DATAMATICS,Datamatics Global Ser.Ltd, ,26/07/2024,01/08/2024,25/07/2024, , ,AGM/DIV - RS 5 PER SH    
BE,AKZOINDIA,Akzo Nobel India Limited, ,26/07/2024,01/08/2024,25/07/2024, , ,AGM/DIV - RS 25 PER SH   
BE,UGARSUGAR,The Ugar Sugar Works Ltd, ,27/07/2024,13/08/2024,26/07/2024, , ,ANNUAL GENERAL MEETING   
BE,ADFFOODS,ADF Foods Limited, ,27/07/2024,01/08/2024,26/07/2024, , ,ANNUAL GENERAL MEETING   
BE,IMFA,Indian Metals & Ferro, ,23/07/2024,31/07/2024,22/07/2024, , ,AGM/DIV-RS 7.50 PER SH   
BE,BFINVEST,BF Investment Limited, ,31/07/2024,31/07/2024,30/07/2024, , ,ANNUAL GENERAL MEETING   
BE,DEEPAKNTR,Deepak Nitrite Ltd, ,30/07/2024,06/08/2024,29/07/2024, , ,AGM/DIV - RS 7.50 PER SH 
BE,OBEROIRLTY,Oberoi Realty Limited,01/08/2024, , ,01/08/2024, , ,INTDIV - RS 2 PER SH     
BE,KIRLOSENG,Kirloskar Oil Eng Ltd, ,02/08/2024,08/08/2024,01/08/2024, , ,AGM/DIV - RS 3.50 PER SH 
BE,ORIENTBELL,Orient Bell Limited, ,31/07/2024,06/08/2024,30/07/2024, , ,AGM/DIV-RE 0.50 PER SH   
BE,RUSHIL,Rushil Decor Limited,09/08/2024, , ,09/08/2024, , ,FVSPLT FRM RS 10 TO RE 1 
BE,KOKUYOCMLN,Kokuyo Camlin Limited, ,31/07/2024,06/08/2024,30/07/2024, , ,AGM/DIV-RE 0.50 PER SH   
BE,MPSLTD,MPS Limited, ,02/08/2024,08/08/2024,01/08/2024, , ,AGM/DIV - RS 45 PER SH   
BE,HEROMOTOCO,Hero MotoCorp Limited, ,02/08/2024,12/08/2024,01/08/2024, , ,AGM/DIV - RS 40 PER SH   
BE,SYMPHONY,Symphony Limited, ,27/07/2024,30/07/2024,26/07/2024, , ,AGM/DIV - RS 8 PER SH    
BE,VMART,Vmart Retail Ltd, ,25/07/2024,31/07/2024,24/07/2024, , ,ANNUAL GENERAL MEETING   
BE,NIBL,NRB Indus. Bearings Ltd., ,01/08/2024,07/08/2024,31/07/2024, , ,ANNUAL GENERAL MEETING   
BE,HIL,HIL Limited, ,24/07/2024,30/07/2024,23/07/2024, , ,AGM/DIV - RS 22.50 PER SH
BE,ORIENTCEM,Orient Cement Ltd., ,30/07/2024,05/08/2024,29/07/2024, , ,DIV - RS 1.50 PER SH     
BE,OSWALAGRO,Oswal Agro Mills Ltd, ,02/08/2024,08/08/2024,01/08/2024, , ,ANNUAL GENERAL MEETING   
BE,BATAINDIA,BATA INDIA LTD, ,01/08/2024,07/08/2024,31/07/2024, , ,AGM/DIV - RS 12 PER SH   
BE,NOCIL,NOCIL Limited, ,27/07/2024,08/08/2024,26/07/2024, , ,AGM/DIV - RS 3 PER SH    
BE,CIPLA,CIPLA LTD,02/08/2024, , ,02/08/2024, , ,DIV - RS 13 PER SH       
BE,WEIZMANIND,Weizmann Ltd, ,24/07/2024,30/07/2024,23/07/2024, , ,AGM/DIV - RE 0.50 PER SH 
BE,M&M,MAHINDRA & MAHINDRA LTD, ,06/07/2024,31/07/2024,05/07/2024, , ,AGM/DIV-RS 21.1 PER SH   
BE,CARBORUNIV,Carborundum Univ Ltd, ,23/07/2024,30/07/2024,22/07/2024, , ,AGM/DIV-RS 2.50 PER SH   
BE,CRISIL,CRISIL Limited,31/07/2024, , ,31/07/2024, , ,INTDIV - RS 8 PER SH     
BE,ELGIEQUIP,Elgi Equipments Ltd, ,25/07/2024,31/07/2024,24/07/2024, , ,AGM/DIV - RS 2 PER SH    
BE,VINDHYATEL,Vindhya Telelinks Ltd., ,27/07/2024,02/08/2024,26/07/2024, , ,AGM/DIV - RS 15 PER SH   
BE,SONATSOFTW,SONATSOFTW - Depo, ,27/07/2024,05/08/2024,26/07/2024, , ,AGM/DIV-RS 4.40 PER SH   
BE,AUTOAXLES,Automotive Axles Limited, ,30/07/2024,05/08/2024,29/07/2024, , ,AGM/DIV - RS 32 PER SH   
BE,PIDILITIND,PIDILITIND-Depo, ,25/07/2024,07/08/2024,24/07/2024, , ,ANNUAL GENERAL MEETING   
BE,JYOTISTRUC,Jyoti Structures Ltd, ,27/07/2024,03/08/2024,26/07/2024, , ,ANNUAL GENERAL MEETING   
BE,BASF,BASF - Depo, ,27/07/2024,02/08/2024,26/07/2024, , ,AGM/DIV - RS 15 PER SH   
BE,LYKALABS,Lyka Labs Ltd, ,02/08/2024,09/08/2024,01/08/2024, , ,ANNUAL GENERAL MEETING   
BE,BALRAMCHIN,BALRAMPUR CHINI MILLS LTD, ,25/07/2024,31/07/2024,24/07/2024, , ,ANNUAL GENERAL MEETING   
BE,SRF,SRF Limited-Depo,31/07/2024, , ,31/07/2024, , ,INTDIV - RS 3.60 PER SH  
BE,MRF,MRF Limited - Depo, ,26/07/2024,01/08/2024,25/07/2024, , ,AGM/DIV-RS 194 PER SH    
BE,EIHOTEL,EIH LTD DEP,31/07/2024, , ,31/07/2024, , ,DIV - RS 1.20 PER SH     
BE,HEG,HEG Ltd, ,01/08/2024,07/08/2024,31/07/2024, , ,AGM/DIV-RS 22.50 PER SH  
BE,AUROPHARMA,AUROPHARMA - Depo,30/07/2024, , ,30/07/2024, , ,BUY BACK                 
BE,JAYSREETEA,JAYSREETEA - Depo, ,03/08/2024,09/08/2024,02/08/2024, , ,ANNUAL GENERAL MEETING   
BE,UNIVCABLES,Universal Cables Ltd, ,27/07/2024,02/08/2024,26/07/2024, , ,AGM/DIV - RS 3 PER SH    
BE,ESABINDIA,Esabindia-depo, ,02/08/2024,08/08/2024,01/08/2024, , ,AGM/DIV - RS 30 PER SH   
BE,AKSHOPTFBR,Aksh Optifibre Limited, ,31/07/2024,06/08/2024,30/07/2024, , ,ANNUAL GENERAL MEETING   
BE,IFBIND,IFB Industries Ltd., ,23/07/2024,29/07/2024,22/07/2024, , ,ANNUAL GENERAL MEETING   
BE,IFBAGRO,IFB Agro Industries Ltd, ,23/07/2024,29/07/2024,22/07/2024, , ,ANNUAL GENERAL MEETING   
BE,BSL,BSL Ltd, ,31/07/2024,06/08/2024,30/07/2024, , ,AGM/DIV - RE 1 PER SH    
BE,WSTCSTPAPR,West Coast Paper Mills, ,07/08/2024,14/08/2024,06/08/2024, , ,AGM/DIV - RS 8 PER SH    
BE,BLUESTARCO,Blue Star Limited-Depo, ,20/07/2024,06/08/2024,19/07/2024, , ,DIV - RS 7 PER SH        
BE,SHANTIGEAR,Shanthi Gears Ltd, ,20/07/2024,29/07/2024,19/07/2024, , ,DIV - RS 2 PER SH        
BE,SUNDARMFIN,Sundaram Finance Ltd., ,01/08/2024,14/08/2024,31/07/2024, , ,AGM/DIV - RS 16 PER SH   
BE,IVP,IVP Ltd., ,02/08/2024,08/08/2024,01/08/2024, , ,AGM/DIV - RE 1 PER SH    
BE,BANARBEADS,BanarasBeadsLtd-RollSett, ,26/07/2024,01/08/2024,25/07/2024, , ,ANNUAL GENERAL MEETING   
BE,PUNJABCHEM,Punj Chem & Crop Prot Ltd, ,26/07/2024,02/08/2024,25/07/2024, , ,AGM/DIV - RS 3 PER SH    
BE,SUPERSPIN,SuperSpgMills-Roll Sett, ,04/08/2024,10/08/2024,02/08/2024, , ,ANNUAL GENERAL MEETING   
BE,LAXMIMACH,LakshmiMachine-Roll Sett, ,25/07/2024,31/07/2024,24/07/2024, , ,AGM/DIV - RS 75 PER SH   
BE,SHREYANIND,Shreyans Industries Ltd, ,30/07/2024,05/08/2024,29/07/2024, , ,ANNUAL GENERAL MEETING   
BE,SHREYANIND,Shreyans Industries Ltd,29/07/2024, , ,29/07/2024, , ,DIV/SPDV RS 3 & RS 2     
BE,MRO-TEK,MRO-TEK Realty Ltd, ,03/08/2024,09/08/2024,02/08/2024, , ,ANNUAL GENERAL MEETING   
BE,INDIANHUME,Indian Hume Pipe Co. Ltd, ,20/07/2024,01/08/2024,19/07/2024, , ,AGM/DIV-RS 1.50 PER SH   
BE,KARURVYSYA,Karur Vysya Bank Ltd, ,02/08/2024,14/08/2024,01/08/2024, , ,DIV - RS 2.40 PER SH     
BE,ORIENTPPR,Orient Paper & Ind Ltd, ,27/07/2024,02/08/2024,26/07/2024, , ,AGM/DIV-RS 0.25 PER SH   
BE,GREENPLY,Greenply Industries Ltd,05/08/2024, , ,05/08/2024, , ,AGM/DIV-RE 0.50 PER SH   
BE,SIL,STANDARD INDUSTRIES LTD.,30/07/2024, , ,30/07/2024, , ,DIV - RE 0.55 PER SH     
BE,MUKANDLTD,MUKAND LTD., ,27/07/2024,05/08/2024,26/07/2024, , ,AGM/DIV - RS 2 PER SH    
BE,XPROINDIA,Xpro India Limited, ,23/07/2024,29/07/2024,22/07/2024, , ,AGM/DIV - RS 2 PER SH    
BE,MARALOVER,Maral Overseas Ltd, ,21/08/2024,27/08/2024,20/08/2024, , ,ANNUAL GENERAL MEETING   
BE,TIPSINDLTD,Tips Industries Limited,01/08/2024, , ,01/08/2024, , ,INTDIV - RS 2 PER SH     
BE,ULTRACEMCO,UltraTech Cement Limited, ,31/07/2024,14/08/2024,30/07/2024, , ,AGM/DIV - RS 70 PER SH   
BE,GREAVESCOT,Greaves Limited, ,02/08/2024,08/08/2024,01/08/2024, , ,DIV - RS 2 PER SH        
BE,NORBTEAEXP,Norben Tea & Exp Ltd., ,03/08/2024,09/08/2024,02/08/2024, , ,ANNUAL GENERAL MEETING   
BE,TVSELECT,TVS Electronics Ltd,03/08/2024, , ,02/08/2024, , ,DIV - RE 1 PER SH        
BE,EXIDEIND,CHLORIDIND- Depo, ,23/07/2024,29/07/2024,22/07/2024, , ,AGM/DIV - RS 2 PER SH    
BE,ICIL,Indo Count Industries Ltd, ,25/07/2024,01/08/2024,24/07/2024, , ,AGM/DIV-RS 2.20 PER SH   
BE,REPRO,Repro India Limited, ,03/08/2024,09/08/2024,02/08/2024, , ,ANNUAL GENERAL MEETING   
BE,SAMBHAAV,Sambhaav Media Limited, ,26/07/2024,01/08/2024,25/07/2024, , ,ANNUAL GENERAL MEETING   
BE,HONAUT,Honeywell Auto India Ltd., ,25/07/2024,05/08/2024,24/07/2024, , ,AGM/DIV - RS 100 PER SH  
BE,EVEREADY,Eveready Inds. Ind.  Ltd., ,29/07/2024,03/08/2024,26/07/2024, , ,ANNUAL GENERAL MEETING   
BE,SAKSOFT,Saksoft Limited, ,01/08/2024,07/08/2024,31/07/2024, , ,AGM/DIV - RE 0.40 PER SH 
BE,ALLSEC,Allsec Technologies Ltd, ,27/07/2024,02/08/2024,26/07/2024, , ,ANNUAL GENERAL MEETING   
BE,IGARASHI,Igarashi Motors India Lim, ,01/08/2024,09/08/2024,31/07/2024, , ,ANNUAL GENERAL MEETING   
BE,IGARASHI,Igarashi Motors India Lim,31/07/2024, , ,31/07/2024, , ,DIV - RE 1 PER SH        
BZ,JYOTISTRUC,Jyoti Structures Ltd, ,27/07/2024,03/08/2024,26/07/2024, , ,ANNUAL GENERAL MEETING   
EQ,BANARBEADS,Banaras Beads Ltd, ,26/07/2024,01/08/2024,25/07/2024, , ,ANNUAL GENERAL MEETING   
EQ,HEG,HEG Ltd, ,01/08/2024,07/08/2024,31/07/2024, , ,AGM/DIV-RS 22.50 PER SH  
EQ,SRF,SRF Ltd.,31/07/2024, , ,31/07/2024, , ,INTDIV - RS 3.60 PER SH  
EQ,CIPLA,Cipla Ltd,02/08/2024, , ,02/08/2024, , ,DIV - RS 13 PER SH       
EQ,EIHOTEL,EIH Ltd,31/07/2024, , ,31/07/2024, , ,DIV - RS 1.20 PER SH     
EQ,AUROPHARMA,Aurobindo Pharma Ltd.,30/07/2024, , ,30/07/2024, , ,BUY BACK                 
EQ,ELGIEQUIP,Elgi Equipments Ltd, ,25/07/2024,31/07/2024,24/07/2024, , ,AGM/DIV - RS 2 PER SH    
EQ,IFBAGRO,IFB Agro Industries Ltd, ,23/07/2024,29/07/2024,22/07/2024, , ,ANNUAL GENERAL MEETING   
EQ,WSTCSTPAPR,West Coast Paper Mills, ,07/08/2024,14/08/2024,06/08/2024, , ,AGM/DIV - RS 8 PER SH    
EQ,UNIVCABLES,Universal Cables Ltd, ,27/07/2024,02/08/2024,26/07/2024, , ,AGM/DIV - RS 3 PER SH    
EQ,BSL,BSL Ltd, ,31/07/2024,06/08/2024,30/07/2024, , ,AGM/DIV - RE 1 PER SH    
EQ,JYOTISTRUC,Jyoti Structures Ltd, ,27/07/2024,03/08/2024,26/07/2024, , ,ANNUAL GENERAL MEETING   
EQ,SHANTIGEAR,Shanthi Gears Ltd, ,20/07/2024,29/07/2024,19/07/2024, , ,DIV - RS 2 PER SH        
EQ,OSWALAGRO,Oswal Agro Mills Ltd, ,02/08/2024,08/08/2024,01/08/2024, , ,ANNUAL GENERAL MEETING   
EQ,IVP,IVP Ltd., ,02/08/2024,08/08/2024,01/08/2024, , ,AGM/DIV - RE 1 PER SH    
EQ,LYKALABS,Lyka Labs Ltd, ,02/08/2024,09/08/2024,01/08/2024, , ,ANNUAL GENERAL MEETING   
EQ,PIDILITIND,Pidilite Industries Ltd, ,25/07/2024,07/08/2024,24/07/2024, , ,ANNUAL GENERAL MEETING   
EQ,SHREYANIND,Shreyans Industries Ltd, ,30/07/2024,05/08/2024,29/07/2024, , ,ANNUAL GENERAL MEETING   
EQ,SHREYANIND,Shreyans Industries Ltd,29/07/2024, , ,29/07/2024, , ,DIV/SPDV RS 3 & RS 2     
EQ,M&M,Mah & Mah Ltd., ,06/07/2024,31/07/2024,05/07/2024, , ,AGM/DIV-RS 21.1 PER SH   
EQ,WEIZMANIND,Weizmann Ltd, ,24/07/2024,30/07/2024,23/07/2024, , ,AGM/DIV - RE 0.50 PER SH 
EQ,BALRAMCHIN,Balrampur Chini Mills, ,25/07/2024,31/07/2024,24/07/2024, , ,ANNUAL GENERAL MEETING   
EQ,KARURVYSYA,Karur Vysya Bank Ltd, ,02/08/2024,14/08/2024,01/08/2024, , ,DIV - RS 2.40 PER SH     
EQ,VINDHYATEL,Vindhya Telelinks Ltd., ,27/07/2024,02/08/2024,26/07/2024, , ,AGM/DIV - RS 15 PER SH   
EQ,INDIANHUME,Indian Hume Pipe Co. Ltd, ,20/07/2024,01/08/2024,19/07/2024, , ,AGM/DIV-RS 1.50 PER SH   
EQ,ESABINDIA,Esab India Ltd., ,02/08/2024,08/08/2024,01/08/2024, , ,AGM/DIV - RS 30 PER SH   
EQ,JAYSREETEA,Jayashree Tea Ltd., ,03/08/2024,09/08/2024,02/08/2024, , ,ANNUAL GENERAL MEETING   
EQ,BATAINDIA,Bata India Ltd., ,01/08/2024,07/08/2024,31/07/2024, , ,AGM/DIV - RS 12 PER SH   
EQ,NOCIL,NOCIL Limited, ,27/07/2024,08/08/2024,26/07/2024, , ,AGM/DIV - RS 3 PER SH    
EQ,SUNDARMFIN,Sundaram Finance Ltd., ,01/08/2024,14/08/2024,31/07/2024, , ,AGM/DIV - RS 16 PER SH   
EQ,NORBTEAEXP,Norben Tea & Exp Ltd., ,03/08/2024,09/08/2024,02/08/2024, , ,ANNUAL GENERAL MEETING   
EQ,BASF,BASF Ltd., ,27/07/2024,02/08/2024,26/07/2024, , ,AGM/DIV - RS 15 PER SH   
EQ,LAXMIMACH,Lakshmi Mach Works, ,25/07/2024,31/07/2024,24/07/2024, , ,AGM/DIV - RS 75 PER SH   
EQ,MRF,MRF Ltd., ,26/07/2024,01/08/2024,25/07/2024, , ,AGM/DIV-RS 194 PER SH    
EQ,AUTOAXLES,Automotive Axles Limited, ,30/07/2024,05/08/2024,29/07/2024, , ,AGM/DIV - RS 32 PER SH   
EQ,CARBORUNIV,Carborundum Univ Ltd, ,23/07/2024,30/07/2024,22/07/2024, , ,AGM/DIV-RS 2.50 PER SH   
EQ,IFBIND,IFB Industries Ltd., ,23/07/2024,29/07/2024,22/07/2024, , ,ANNUAL GENERAL MEETING   
EQ,PUNJABCHEM,Punj Chem & Crop Prot Ltd, ,26/07/2024,02/08/2024,25/07/2024, , ,AGM/DIV - RS 3 PER SH    
EQ,ORIENTPPR,Orient Paper & Ind Ltd, ,27/07/2024,02/08/2024,26/07/2024, , ,AGM/DIV-RS 0.25 PER SH   
EQ,CRISIL,CRISIL Limited,31/07/2024, , ,31/07/2024, , ,INTDIV - RS 8 PER SH     
EQ,SONATSOFTW,Sonata Software Ltd, ,27/07/2024,05/08/2024,26/07/2024, , ,AGM/DIV-RS 4.40 PER SH   
EQ,AKSHOPTFBR,Aksh Optifibre Limited, ,31/07/2024,06/08/2024,30/07/2024, , ,ANNUAL GENERAL MEETING   
EQ,BLUESTARCO,Blue Star Ltd., ,20/07/2024,06/08/2024,19/07/2024, , ,DIV - RS 7 PER SH        
EQ,MARALOVER,Maral Overseas Ltd, ,21/08/2024,27/08/2024,20/08/2024, , ,ANNUAL GENERAL MEETING   
EQ,SUPERSPIN,Super Spinning Mills Ltd, ,04/08/2024,10/08/2024,02/08/2024, , ,ANNUAL GENERAL MEETING   
EQ,MRO-TEK,MRO-TEK Realty Ltd, ,03/08/2024,09/08/2024,02/08/2024, , ,ANNUAL GENERAL MEETING   
EQ,TIPSINDLTD,Tips Industries Limited,01/08/2024, , ,01/08/2024, , ,INTDIV - RS 2 PER SH     
EQ,GREENPLY,Greenply Industries Ltd,05/08/2024, , ,05/08/2024, , ,AGM/DIV-RE 0.50 PER SH   
EQ,SIL,Standard Industries Limit,30/07/2024, , ,30/07/2024, , ,DIV - RE 0.55 PER SH     
EQ,MUKANDLTD,Mukand Limited, ,27/07/2024,05/08/2024,26/07/2024, , ,AGM/DIV - RS 2 PER SH    
EQ,XPROINDIA,Xpro India Limited, ,23/07/2024,29/07/2024,22/07/2024, , ,AGM/DIV - RS 2 PER SH    
EQ,DIVISLAB,Divi's Laboratories Limit,02/08/2024, , ,02/08/2024, , ,DIV - RS 30 PER SH       
EQ,RADICO,Radico Khaitan Limited, ,26/07/2024,07/08/2024,25/07/2024, , ,AGM/DIV - RS 3 PER SH    
EQ,MARUTI,Maruti Suzuki India Ltd, ,03/08/2024,27/08/2024,02/08/2024, , ,DIV - RS 125 PER SH      
EQ,ULTRACEMCO,UltraTech Cement Limited, ,31/07/2024,14/08/2024,30/07/2024, , ,AGM/DIV - RS 70 PER SH   
EQ,GREAVESCOT,Greaves Limited, ,02/08/2024,08/08/2024,01/08/2024, , ,DIV - RS 2 PER SH        
EQ,SUVEN,Suven Life Sciences Ltd, ,31/07/2024,02/08/2024,30/07/2024, , ,ANNUAL GENERAL MEETING   
EQ,TVSELECT,TVS Electronics Limited,03/08/2024, , ,02/08/2024, , ,DIV - RE 1 PER SH        
EQ,EXIDEIND,Exide Industries Ltd, ,23/07/2024,29/07/2024,22/07/2024, , ,AGM/DIV - RS 2 PER SH    
EQ,ICIL,Indo Count Industries Ltd, ,25/07/2024,01/08/2024,24/07/2024, , ,AGM/DIV-RS 2.20 PER SH   
EQ,REPRO,Repro India Limited, ,03/08/2024,09/08/2024,02/08/2024, , ,ANNUAL GENERAL MEETING   
EQ,SAMBHAAV,Sambhaav Media Limited, ,26/07/2024,01/08/2024,25/07/2024, , ,ANNUAL GENERAL MEETING   
EQ,HONAUT,Honeywell Auto India Ltd., ,25/07/2024,05/08/2024,24/07/2024, , ,AGM/DIV - RS 100 PER SH  
EQ,SAKSOFT,Saksoft Limited, ,01/08/2024,07/08/2024,31/07/2024, , ,AGM/DIV - RE 0.40 PER SH 
EQ,ALLSEC,Allsec Technologies Limit, ,27/07/2024,02/08/2024,26/07/2024, , ,ANNUAL GENERAL MEETING   
EQ,IGARASHI,Igarashi Motors India Lim, ,01/08/2024,09/08/2024,31/07/2024, , ,ANNUAL GENERAL MEETING   
EQ,IGARASHI,Igarashi Motors India Lim,31/07/2024, , ,31/07/2024, , ,DIV - RE 1 PER SH        
EQ,EVEREADY,Eveready Industries India, ,29/07/2024,03/08/2024,26/07/2024, , ,ANNUAL GENERAL MEETING   
EQ,EVERESTIND,Everest Industries Limite,02/08/2024, , ,02/08/2024, , ,DIV - RS 2.50 PER SH     
EQ,GRANULES,Granules India Limited, ,31/07/2024,06/08/2024,30/07/2024, , ,AGM/DIV-RS 1.50 PER SH   
EQ,EMKAY,Emkay Global Fin Serv Ltd, ,02/08/2024,08/08/2024,01/08/2024, , ,AGM/DIV-RS 1.50 PER SH   
EQ,PIONEEREMB,Pioneer Embroideries Limi, ,31/07/2024,06/08/2024,30/07/2024, , ,ANNUAL GENERAL MEETING   
EQ,BRIGADE,Brigade Enterprises Limit,30/07/2024, , ,30/07/2024, , ,DIV - RS 2 PER SH        
EQ,PAGEIND,Page Industries Limited, ,01/08/2024,01/08/2024,31/07/2024, , ,ANNUAL GENERAL MEETING   
EQ,JKTYRE,JK Tyre & Industries Ltd, ,27/07/2024,02/08/2024,26/07/2024, , ,AGM/DIV-RS 3.50 PER SH   
EQ,ADSL,Allied Digital Services L,02/08/2024, , ,02/08/2024, , ,DIV - RS 1.50 PER SH     
EQ,ADSL,Allied Digital Services L, ,03/08/2024,08/08/2024,02/08/2024, , ,ANNUAL GENERAL MEETING   
EQ,SOMANYCERA,Somany Ceramics Limited,05/08/2024, , ,05/08/2024, , ,DIV - RS 3 PER SH        
EQ,SOMANYCERA,Somany Ceramics Limited, ,06/08/2024,12/08/2024,05/08/2024, , ,ANNUAL GENERAL MEETING   
EQ,HIRECT,Hind Rectifiers Limited, ,26/07/2024,01/08/2024,25/07/2024, , ,AGM/DIV-RS 1.20 PER SH   
EQ,PLASTIBLEN,Plastiblends India Limite, ,24/07/2024,30/07/2024,23/07/2024, , ,ANNUAL GENERAL MEETING   
EQ,BANSWRAS,Banswara Syntex Limited, ,31/07/2024,06/08/2024,30/07/2024, , ,AGM/DIV - RE 1 PER SH    
EQ,ASIANTILES,Asian Granito India Limit, ,31/07/2024,06/08/2024,30/07/2024, , ,ANNUAL GENERAL MEETING   
EQ,VOLTAMP,Voltamp Transformers Limi, ,23/07/2024,29/07/2024,22/07/2024, , ,AGM/DIV - RS 90 PER SH   
EQ,AVTNPL,AVT Natural Products Limi, ,03/08/2024,09/08/2024,02/08/2024, , ,AGM/DIV-RE 0.50 PER SH   
EQ,CENTUM,Centum Electronics Ltd.,31/07/2024, , ,31/07/2024, , ,DIV - RS 3 PER SH        
EQ,HOVS,HOV Services Limited, ,01/08/2024,03/08/2024,31/07/2024, , ,ANNUAL GENERAL MEETING   
EQ,KMSUGAR,K.M.Sugar Mills Limited, ,28/07/2024,03/08/2024,26/07/2024, , ,ANNUAL GENERAL MEETING   
EQ,BAJAJELEC,Bajaj Electricals Limited, ,20/07/2024,06/08/2024,19/07/2024, , ,AGM/DIV - RS 3 PER SH    
EQ,FIEMIND,Fiem Industries Limited, ,25/07/2024,31/07/2024,24/07/2024, , ,AGM/DIV - RS 20 PER SH   
EQ,NAUKRI,Info Edge (India) Limited,29/07/2024, , ,29/07/2024, , ,DIV - RS 12 PER SH       
EQ,SWELECTES,Swelect Energy Sys Ltd, ,23/07/2024,29/07/2024,22/07/2024, , ,AGM/DIV/SPDV RS 3 & RE 1 
EQ,FSL,Firstsource Solutions Lim, ,24/07/2024,30/07/2024,23/07/2024, , ,ANNUAL GENERAL MEETING   
EQ,APCOTEXIND,Apcotex Industries Ltd., ,20/07/2024,29/07/2024,19/07/2024, , ,DIV - RS 3.50 PER SH     
EQ,SHYAMTEL,Shyam Telecom Limited, ,24/07/2024,31/07/2024,23/07/2024, , ,ANNUAL GENERAL MEETING   
EQ,DLF,DLF Limited,31/07/2024, , ,31/07/2024, , ,DIV - RS 5 PER SH        
EQ,GESHIP,The Great Eastern Shippin, ,26/07/2024,01/08/2024,25/07/2024, , ,ANNUAL GENERAL MEETING   
EQ,COLPAL,Colgate Palmolive (India), ,24/07/2024,30/07/2024,23/07/2024, , ,ANNUAL GENERAL MEETING   
EQ,SUBEXLTD,Subex Ltd, ,30/07/2024,05/08/2024,29/07/2024, , ,ANNUAL GENERAL MEETING   
EQ,MANINFRA,Man Infra Ltd, ,31/07/2024,06/08/2024,30/07/2024, , ,ANNUAL GENERAL MEETING   
EQ,VINYLINDIA,Vinyl Chemicals (India) L, ,25/07/2024,08/08/2024,24/07/2024, , ,AGM/DIV-RS 6.75 PER SH   
EQ,UBL,United Breweries Limited, ,26/07/2024,01/08/2024,25/07/2024, , ,DIV - RS 10 PER SH       
EQ,BIRLACORPN,Birla Jute & Industries, ,30/07/2024,05/08/2024,29/07/2024, , ,AGM/DIV - RS 10 PER SH   
EQ,AJMERA,Ajmera Realty & Inf I Ltd,02/08/2024, , ,02/08/2024, , ,DIV - RS 4 PER SH        
EQ,CAREERP,Career Point Limited, ,30/07/2024,05/08/2024,29/07/2024, , ,AGM/DIV - RE 1 PER SH    
EQ,DBCORP,D.B.Corp Ltd,29/07/2024, , ,29/07/2024, , ,INTDIV - RS 7 PER SH     
EQ,BOSCHLTD,Bosch Limited, ,20/07/2024,07/08/2024,19/07/2024, , ,AGM/DIV-RS 170 PER SH    
EQ,SMARTLINK,Smartlink Holdings Ltd, ,26/07/2024,01/08/2024,25/07/2024, , ,ANNUAL GENERAL MEETING   
EQ,BIRLAMONEY,Aditya Birla Money Ltd, ,23/07/2024,30/07/2024,22/07/2024, , ,ANNUAL GENERAL MEETING   
EQ,MPSLTD,MPS Limited, ,02/08/2024,08/08/2024,01/08/2024, , ,AGM/DIV - RS 45 PER SH   
EQ,VGUARD,V-Guard Industries Limite, ,26/07/2024,01/08/2024,25/07/2024, , ,AGM/DIV - RS 1.40 PER SH 
EQ,NESCO,Nesco Limited, ,27/07/2024,02/08/2024,26/07/2024, , ,DIV - RS 6 PER SH        
EQ,COROMANDEL,Coromandel Internl Ltd., ,27/07/2024,07/08/2024,26/07/2024, , ,ANNUAL GENERAL MEETING   
EQ,DATAMATICS,Datamatics Global Ser.Ltd, ,26/07/2024,01/08/2024,25/07/2024, , ,AGM/DIV - RS 5 PER SH    
EQ,AKZOINDIA,Akzo Nobel India Limited, ,26/07/2024,01/08/2024,25/07/2024, , ,AGM/DIV - RS 25 PER SH   
EQ,UGARSUGAR,The Ugar Sugar Works Ltd, ,27/07/2024,13/08/2024,26/07/2024, , ,ANNUAL GENERAL MEETING   
EQ,ADFFOODS,ADF Foods Limited, ,27/07/2024,01/08/2024,26/07/2024, , ,ANNUAL GENERAL MEETING   
EQ,IMFA,Indian Metals & Ferro, ,23/07/2024,31/07/2024,22/07/2024, , ,AGM/DIV-RS 7.50 PER SH   
EQ,BFINVEST,BF Investment Limited, ,31/07/2024,31/07/2024,30/07/2024, , ,ANNUAL GENERAL MEETING   
EQ,DEEPAKNTR,Deepak Nitrite Ltd, ,30/07/2024,06/08/2024,29/07/2024, , ,AGM/DIV - RS 7.50 PER SH 
EQ,OBEROIRLTY,Oberoi Realty Limited,01/08/2024, , ,01/08/2024, , ,INTDIV - RS 2 PER SH     
EQ,KIRLOSENG,Kirloskar Oil Eng Ltd, ,02/08/2024,08/08/2024,01/08/2024, , ,AGM/DIV - RS 3.50 PER SH 
EQ,ORIENTBELL,Orient Bell Limited, ,31/07/2024,06/08/2024,30/07/2024, , ,AGM/DIV-RE 0.50 PER SH   
EQ,RUSHIL,Rushil Decor Limited,09/08/2024, , ,09/08/2024, , ,FVSPLT FRM RS 10 TO RE 1 
EQ,KOKUYOCMLN,Kokuyo Camlin Limited, ,31/07/2024,06/08/2024,30/07/2024, , ,AGM/DIV-RE 0.50 PER SH   
EQ,HEROMOTOCO,Hero MotoCorp Limited, ,02/08/2024,12/08/2024,01/08/2024, , ,AGM/DIV - RS 40 PER SH   
EQ,SYMPHONY,Symphony Limited, ,27/07/2024,30/07/2024,26/07/2024, , ,AGM/DIV - RS 8 PER SH    
EQ,VMART,Vmart Retail Ltd, ,25/07/2024,31/07/2024,24/07/2024, , ,ANNUAL GENERAL MEETING   
EQ,NIBL,NRB Indus. Bearings Ltd., ,01/08/2024,07/08/2024,31/07/2024, , ,ANNUAL GENERAL MEETING   
EQ,HIL,HIL Limited, ,24/07/2024,30/07/2024,23/07/2024, , ,AGM/DIV - RS 22.50 PER SH
EQ,ORIENTCEM,Orient Cement Ltd., ,30/07/2024,05/08/2024,29/07/2024, , ,DIV - RS 1.50 PER SH     
EQ,REPCOHOME,Repco Home Finance Ltd, ,27/07/2024,02/08/2024,26/07/2024, , ,AGM/DIV - RS 3 PER SH    
EQ,MINDTECK,Mindteck (India) Limited, ,03/08/2024,09/08/2024,02/08/2024, , ,AGM/DIV - RE 1 PER SH    
EQ,SHARDACROP,Sharda Cropchem Limited,02/08/2024, , ,02/08/2024, , ,DIV - RS 3 PER SH        
EQ,AVANTIFEED,Avanti Feeds Limited, ,31/07/2024,06/08/2024,30/07/2024, , ,AGM/DIV-RS 6.75 PER SH   
EQ,CAMLINFINE,Camlin Fine Sciences Ltd, ,25/07/2024,31/07/2024,24/07/2024, , ,ANNUAL GENERAL MEETING   
EQ,GRPLTD,GRP Limited, ,28/07/2024,02/08/2024,26/07/2024, , ,AGM/DIV RS 37.5 PER SH   
EQ,VEDL,Vedanta Limited,03/08/2024, , ,02/08/2024, , ,INTDIV - RS 4 PER SH     
EQ,UMANGDAIRY,Umang Dairies Limited, ,31/07/2024,06/08/2024,30/07/2024, , ,ANNUAL GENERAL MEETING   
EQ,NH,Narayana Hrudayalaya Ltd.,02/08/2024, , ,02/08/2024, , ,DIV - RS 4 PER SH        
EQ,OCCL,Oriental Carbn & Chem Ltd, ,24/07/2024,30/07/2024,23/07/2024, , ,AGM/DIV - RS 7 PER SH    
EQ,CONTROLPR,Control Print Limited, ,27/07/2024,01/08/2024,26/07/2024, , ,AGM/DIV - RS 5 PER SH    
EQ,KAMDHENU,Kamdhenu Ispat Limited,31/07/2024, , ,31/07/2024, , ,DIV - RS 2 PER SH        
EQ,ALBERTDAVD,Albert David Limited, ,03/08/2024,09/08/2024,02/08/2024, , ,ANNUAL GENERAL MEETING   
EQ,GPTINFRA,GPT Infraprojects Ltd, ,24/07/2024,30/07/2024,23/07/2024, , ,ANNUAL GENERAL MEETING   
EQ,BIGBLOC,Bigbloc Construction Ltd,02/08/2024, , ,02/08/2024, , ,DIV - RE 0.40 PER SH     
EQ,BIGBLOC,Bigbloc Construction Ltd, ,23/08/2024,29/08/2024,22/08/2024, , ,ANNUAL GENERAL MEETING   
EQ,BIRLACABLE,Birla Cable Limited, ,27/07/2024,02/08/2024,26/07/2024, , ,AGM/DIV-RS 1.75 PER SH   
EQ,MAHASTEEL,Mahamaya Steel Inds Ltd, ,23/07/2024,29/07/2024,22/07/2024, , ,ANNUAL GENERAL MEETING   
EQ,AVADHSUGAR,Avadh Sug & Energy Ltd, ,25/07/2024,31/07/2024,24/07/2024, , ,ANNUAL GENERAL MEETING   
EQ,GODREJAGRO,Godrej Agrovet Limited, ,27/07/2024,31/07/2024,26/07/2024, , ,AGM/DIV - RS 10 PER SH   
EQ,IEX,Indian Energy Exc Ltd, ,30/07/2024,06/08/2024,29/07/2024, , ,ANNUAL GENERAL MEETING   
EQ,TCPLPACK,TCPL Packaging Limited, ,24/07/2024,30/07/2024,23/07/2024, , ,AGM/DIV - RS 22 PER SH   
EQ,TASTYBITE,Tasty Bite Eatables Ltd,01/08/2024, , ,01/08/2024, , ,DIV - RS 2 PER SH        
EQ,TIINDIA,Tube Invest of India Ltd, ,24/07/2024,01/08/2024,23/07/2024, , ,AGM/DIV - RS 1.50 PER SH 
EQ,MATRIMONY,Matrimony.Com Limited,02/08/2024, , ,02/08/2024, , ,DIV - RS 5 PER SH        
EQ,DOLLAR,Dollar Industries Limited, ,27/07/2024,02/08/2024,26/07/2024, , ,AGM/DIV - RS 3 PER SH    
EQ,IFGLEXPOR,IFGL Refractories Limited, ,25/07/2024,31/07/2024,24/07/2024, , ,AGM/DIV - RS 7 PER SH    
EQ,PALASHSECU,Palash Securities  Ltd, ,03/08/2024,09/08/2024,02/08/2024, , ,ANNUAL GENERAL MEETING   
EQ,MAGADSUGAR,Magadh Sugar & Energy Ltd, ,26/07/2024,01/08/2024,25/07/2024, , ,AGM/DIV/SPDV - RS 10 & 5 
EQ,CHEMBOND,Chembond Chemicals Ltd, ,23/07/2024,30/07/2024,22/07/2024, , ,ANNUAL GENERAL MEETING   
EQ,APCL,Anjani Portland Cem Ltd, ,03/08/2024,09/08/2024,02/08/2024, , ,ANNUAL GENERAL MEETING   
EQ,CREDITACC,CreditAccess Grameen Ltd, ,27/07/2024,12/08/2024,26/07/2024, , ,AGM/DIV - RS 10 PER SH   
EQ,GMMPFAUDLR,GMM Pfaudler Limited,02/08/2024, , ,02/08/2024, , ,DIV - RE 1 PER SH        
EQ,PRIVISCL,Privi Speciality Che Ltd, ,25/07/2024,01/08/2024,24/07/2024, , ,ANNUAL GENERAL MEETING   
EQ,3PLAND,3P Land Holdings Limited, ,26/07/2024,03/08/2024,25/07/2024, , ,ANNUAL GENERAL MEETING   
EQ,JTEKTINDIA,JTEKT India Ltd, ,27/07/2024,13/08/2024,26/07/2024, , ,DIV - RS 0.60 PER SH     
EQ,ORIENTELEC,Orient Electric Limited, ,26/07/2024,01/08/2024,25/07/2024, , ,AGM/DIV-RE 0.75 PER SH   
EQ,HBSL,HB Stockholdings Limited, ,03/08/2024,09/08/2024,02/08/2024, , ,ANNUAL GENERAL MEETING   
EQ,HBSL,HB Stockholdings Limited,02/08/2024, , ,02/08/2024, , ,DIV - RS 1.50 PER SH     
EQ,SHAREINDIA,Share Ind. Securities Ltd,02/08/2024, , ,02/08/2024, , ,INTDIV - RS 0.40 PER SH  
EQ,SHAREINDIA,Share Ind. Securities Ltd,02/08/2024, , ,02/08/2024, , ,DIV - RS 0.20 PER SH     
EQ,COFORGE,Coforge Limited,02/08/2024, , ,02/08/2024, , ,INTDIV - RS 19 PER SH    
EQ,ARVINDFASN,Arvind Fashions Limited,09/08/2024, , ,09/08/2024, , ,DIV - 1.25 RS PER SH     
EQ,KAPSTON,Kapston Facilities Mgmt L,09/08/2024, , ,09/08/2024, , ,FVSPLT FRM RS 10 TO RS 5 
EQ,BAJAJCON,Bajaj Corp Limited, ,02/08/2024,09/08/2024,01/08/2024, , ,ANNUAL GENERAL MEETING   
EQ,BANKA,Banka BioLoo Limited, ,02/08/2024,08/08/2024,01/08/2024, , ,ANNUAL GENERAL MEETING   
EQ,CHOLAHLDNG,Cholamandalam Fin Hol Ltd, ,03/08/2024,09/08/2024,02/08/2024, , ,AGM/DIV-RE 0.55 PER SH   
EQ,IIFLSEC,IIFL Securities Limited, ,30/07/2024,05/08/2024,29/07/2024, , ,ANNUAL GENERAL MEETING   
EQ,ASALCBR,Asso Alcohols & Brew Ltd, ,27/07/2024,02/08/2024,26/07/2024, , ,AGM/DIV - RS 2 PER SH    
EQ,ANUP,The Anup Engineering Ltd, ,28/07/2024,03/08/2024,26/07/2024, , ,AGM/DIV-RS15/SPLDIV-RS5  
EQ,INFOBEAN,InfoBeans Techno. Ltd., ,31/07/2024,07/08/2024,30/07/2024, , ,ANNUAL GENERAL MEETING   
EQ,INDIGOPNTS,Indigo Paints Limited,02/08/2024, , ,02/08/2024, , ,DIV - RS 3.50 PER SH     
EQ,INDIGOPNTS,Indigo Paints Limited, ,03/08/2024,10/08/2024,02/08/2024, , ,ANNUAL GENERAL MEETING   
EQ,MAPMYINDIA,C.E. Info Systems Limited, ,03/08/2024,09/08/2024,02/08/2024, , ,ANNUAL GENERAL MEETING   
EQ,MAPMYINDIA,C.E. Info Systems Limited,02/08/2024, , ,02/08/2024, , ,DIV - RS 3.50 PER SH     
EQ,STEELCAS,Steelcast Limited, ,01/08/2024,08/08/2024,31/07/2024, , ,AGM/DIV-RS 3.15 PER SH   
EQ,GOCOLORS,Go Fashion India Ltd, ,01/08/2024,07/08/2024,31/07/2024, , ,ANNUAL GENERAL MEETING   
EQ,DCMSRIND,DCM Shriram Ind Ltd, ,27/07/2024,07/08/2024,26/07/2024, , ,ANNUAL GENERAL MEETING   
EQ,HECPROJECT,HEC Infra Projects Ltd, ,24/07/2024,30/07/2024,23/07/2024, , ,ANNUAL GENERAL MEETING   
EQ,DATAPATTNS,Data Patterns India Ltd, ,24/07/2024,30/07/2024,23/07/2024, , ,AGM/DIV - RS 6.50 PER SH 
EQ,JUBLINGREA,Jubilant Ingrevia Limited,02/08/2024, , ,02/08/2024, , ,DIV - RS 2.50 PER SH     
EQ,MONARCH,Monarch Networth Cap Ltd,02/08/2024, , ,02/08/2024, , ,DIV - RE 1 PER SH        
EQ,ABSLAMC,Adit Birl Sun Lif AMC Ltd,01/08/2024, , ,01/08/2024, , ,AGM/DIV - RS13.50 PER SH 
EQ,JUBLPHARMA,Jubilant Pharmova Ltd,02/08/2024, , ,02/08/2024, , ,DIV - RS 5 PER SH        
EQ,FAIRCHEMOR,Fairchem Organics Limited, ,30/07/2024,05/08/2024,29/07/2024, , ,DIV - RS 7.50 PER SH     
EQ,BHAGCHEM,Bhagiradha Chem & Inds L, ,03/08/2024,09/08/2024,02/08/2024, , ,AGM/DIV-RE 0.10 PER SH   
EQ,AARTIPHARM,Aarti Pharmalabs Limited,31/07/2024, , ,31/07/2024, , ,DIV - RE 1 PER SH        
EQ,LLOYDSME,Lloyds Metals N Energy L, ,23/07/2024,29/07/2024,22/07/2024, , ,EGM                      
EQ,DYCL,Dynamic Cables Limited, ,25/07/2024,31/07/2024,24/07/2024, , ,AGM/DIV-RE 0.50 PER SH   
EQ,YASHO,Yasho Industries Limited, ,27/07/2024,02/08/2024,26/07/2024, , ,AGM/DIV-RE 0.50 PER SH   
EQ,SAHYADRI,Sahyadri Industries Ltd, ,03/08/2024,09/08/2024,02/08/2024, , ,AGM/DIV - RE 1 PER SH    
EQ,JLHL,Jupiter Life Line Hosp L,02/08/2024, , ,02/08/2024, , ,DIV - RE 1 PER SH        
EQ,SRGHFL,SRG Housing Finance L, ,29/07/2024,05/08/2024,26/07/2024, , ,ANNUAL GENERAL MEETING   
EQ,CELLO,Cello World Limited, ,03/08/2024,10/08/2024,02/08/2024, , ,AGM/DIV-RS 1.50 PER SH   
EQ,DIAMINESQ,Diamines  & Chemicals Ltd, ,26/07/2024,01/08/2024,25/07/2024, , ,AGM/DIV-RS 2.50 PER SH   
EQ,NAVA,Nava Bharat Ventures Ltd.,01/08/2024, , ,01/08/2024, , ,DIV - RS 4 PER SH        
EQ,NAVA,Nava Bharat Ventures Ltd., ,02/08/2024,08/08/2024,01/08/2024, , ,ANNUAL GENERAL MEETING   
EQ,MODISONLTD,Modison Metals Limited, ,24/07/2024,30/07/2024,23/07/2024, , ,ANNUAL GENERAL MEETING   
EQ,TIPSFILMS,Tips Films Limited, ,23/07/2024,29/07/2024,22/07/2024, , ,ANNUAL GENERAL MEETING   
EQ,HYBRIDFIN,Hybrid Financial Services, ,22/07/2024,30/07/2024,19/07/2024, , ,ANNUAL GENERAL MEETING   
EQ,DIVGIITTS,Divgi Torqtransfer Syst L, ,23/07/2024,29/07/2024,22/07/2024, , ,ANNUAL GENERAL MEETING   
EQ,COSMOFIRST,Cosmo Films Ltd, ,27/07/2024,02/08/2024,26/07/2024, , ,AGM/DIV - RS 3 PER SH    
EQ,OSWALGREEN,Oswal Chem & Fert Ltd., ,02/08/2024,08/08/2024,01/08/2024, , ,ANNUAL GENERAL MEETING   
EQ,WELSPUNLIV,Welspun India Limited,05/08/2024, , ,05/08/2024, , ,BUY BACK                 
EQ,GTECJAINX,Keerti Know & Skill Ltd., ,23/07/2024,30/07/2024,22/07/2024, , ,ANNUAL GENERAL MEETING   
EQ,FILATFASH,Filatex Fashions Limited,09/08/2024, , ,09/08/2024, , ,FV SPLT FRM RS 5 TO RE 1 
GB,SGBAUG24,2.75% GOLDBONDS2024Tr-IV,02/08/2024, , , , , ,REDEMPTION               
GS,GS100824C,GOI STRIPS C 100824,07/08/2024, , , , , ,REDEMPTION               
GS,GS220824C,GOI STRIPS C 220824,20/08/2024, , , , , ,REDEMPTION               
IV,SHREMINVIT,Shrem Invit,30/07/2024, , ,30/07/2024, , ,DIV/DISTRIBN - RS 5.2949 
IV,PGINVIT,POWERGRID Infra. INVITs,01/08/2024, , ,01/08/2024, , ,DIV/DISTRIB RS 3 PR UT   
IV,IRBINVIT,IRB InvIT Fund,31/07/2024, , ,31/07/2024, , ,DIV/DISTRIBUTION - RS 2  
IV,INDIGRID,India Grid Trust,30/07/2024, , ,30/07/2024, , ,DIV/DISTRIB - RS 3.75    
M5,DHANILOANS,Sec Re NCD 10.49% Sr.VII,29/07/2024, , ,29/07/2024, , ,INTEREST PAYMENT         
N1,CREDITACC,Sec Re NCD 9.45% Sr. I,01/08/2024, , ,01/08/2024, , ,INTEREST PAYMENT         
N3,CREDITACC,Sec Re NCD 9.60% Sr. III,01/08/2024, , ,01/08/2024, , ,INTEREST PAYMENT         
N3,TATACAPHSG,Sec Red NCD 7.92% Sr.II,29/07/2024, , ,29/07/2024, , ,INTEREST PAYMENT         
N4,TATACAPHSG,Sec Red NCD 8.01% Sr.II,29/07/2024, , ,29/07/2024, , ,INTEREST PAYMENT         
N5,NAVIFIN,Sec Re NCD 10.25% Sr.II,03/08/2024, , ,02/08/2024, , ,INTEREST PAYMENT         
N5,CREDITACC,Sec Re NCD 10% Sr. V,01/08/2024, , ,01/08/2024, , ,INTEREST PAYMENT         
N6,IIFL,IIFL Finance Limited,22/08/2024, , ,22/08/2024, , ,INTEREST PAYMENT         
N7,TATACAPHSG,Sec Red NCD 8.01% Sr.IV,29/07/2024, , ,29/07/2024, , ,INTEREST PAYMENT         
N7,NAVIFIN,Sec Re NCD 10.50% Sr.IV,03/08/2024, , ,02/08/2024, , ,INTEREST PAYMENT         
N8,TATACAPHSG,Sec Red NCD 8.10% Sr.IV,29/07/2024, , ,29/07/2024, , ,INTEREST PAYMENT         
N9,NAVIFIN,Sec Re NCD 10.00% Sr. I,29/07/2024, , ,29/07/2024, , ,INTEREST PAYMENT         
NA,NAVIFIN,Sec Re NCD 10.40% Sr.II,29/07/2024, , ,29/07/2024, , ,INTEREST PAYMENT         
NC,NAVIFIN,Sec Re NCD 10.65% Sr.IV,29/07/2024, , ,29/07/2024, , ,INTEREST PAYMENT         
RR,EMBASSY,Embassy Office Parks REIT,02/08/2024, , ,02/08/2024, , ,DIV/DISTRIBU RS 5.60     
RT,EMBASSY,Embassy Office Parks REIT,02/08/2024, , ,02/08/2024, , ,DIV/DISTRIBU RS 5.60     
SG,540CG24,SDL CG 5.40% 2024,08/08/2024, , , , , ,REDEMPTION               
SG,539RJ24,SDL RJ 5.39% 2024,08/08/2024, , , , , ,REDEMPTION               
SG,541AP24,SDL AP 5.41% 2024,08/08/2024, , , , , ,REDEMPTION               
SM,MWL,Mangalam Worldwide Ltd,02/08/2024, , ,02/08/2024, , ,DIV - RE 1 PER SH        
SM,NIRMAN,Nirman Agri Gentics Ltd,29/07/2024, , ,29/07/2024, , ,RIGHTS 11:32 @PRM RS 229 
SM,CELLECOR,Cellecor Gadgets Limited,09/08/2024, , ,09/08/2024, , ,FVSPLT FRM RS 10 TO RE 1 
SM,WALPAR,Walpar Nutritions Limited, ,23/07/2024,30/07/2024,22/07/2024, , ,ANNUAL GENERAL MEETING   
SM,EFACTOR,E Factor Experiences Ltd, ,27/07/2024,02/08/2024,26/07/2024, , ,AGM/DIV - RE 1 PER SH    
SM,FIDEL,Fidel Softech Limited,30/07/2024, , ,30/07/2024, , ,DIV - RS 1.10 PER SHARE  
SM,BIRDYS,Grill Splendour Ser Ltd, ,25/07/2024,31/07/2024,24/07/2024, , ,ANNUAL GENERAL MEETING   
SM,HRHNEXT,HRH Next Services Limited, ,03/08/2024,09/08/2024,02/08/2024, , ,ANNUAL GENERAL MEETING   
SQ,WALPAR,Walpar Nutritions Limited, ,23/07/2024,30/07/2024,22/07/2024, , ,ANNUAL GENERAL MEETING   
SQ,FIDEL,Fidel Softech Limited,30/07/2024, , ,30/07/2024, , ,DIV - RS 1.10 PER SHARE  
SQ,NIRMAN,Nirman Agri Gentics Ltd,29/07/2024, , ,29/07/2024, , ,RIGHTS 11:32 @PRM RS 229 
SQ,BIRDYS,Grill Splendour Ser Ltd, ,25/07/2024,31/07/2024,24/07/2024, , ,ANNUAL GENERAL MEETING   
SQ,HRHNEXT,HRH Next Services Limited, ,03/08/2024,09/08/2024,02/08/2024, , ,ANNUAL GENERAL MEETING   
SQ,EFACTOR,E Factor Experiences Ltd, ,27/07/2024,02/08/2024,26/07/2024, , ,AGM/DIV - RE 1 PER SH    
SQ,CELLECOR,Cellecor Gadgets Limited,09/08/2024, , ,09/08/2024, , ,FVSPLT FRM RS 10 TO RE 1 
SQ,MWL,Mangalam Worldwide Ltd,02/08/2024, , ,02/08/2024, , ,DIV - RE 1 PER SH        
ST,BIRDYS,Grill Splendour Ser Ltd, ,25/07/2024,31/07/2024,24/07/2024, , ,ANNUAL GENERAL MEETING   
ST,NIRMAN,Nirman Agri Gentics Ltd,29/07/2024, , ,29/07/2024, , ,RIGHTS 11:32 @PRM RS 229 
ST,WALPAR,Walpar Nutritions Limited, ,23/07/2024,30/07/2024,22/07/2024, , ,ANNUAL GENERAL MEETING   
ST,MWL,Mangalam Worldwide Ltd,02/08/2024, , ,02/08/2024, , ,DIV - RE 1 PER SH        
ST,FIDEL,Fidel Softech Limited,30/07/2024, , ,30/07/2024, , ,DIV - RS 1.10 PER SHARE  
ST,HRHNEXT,HRH Next Services Limited, ,03/08/2024,09/08/2024,02/08/2024, , ,ANNUAL GENERAL MEETING   
ST,CELLECOR,Cellecor Gadgets Limited,09/08/2024, , ,09/08/2024, , ,FVSPLT FRM RS 10 TO RE 1 
ST,EFACTOR,E Factor Experiences Ltd, ,27/07/2024,02/08/2024,26/07/2024, , ,AGM/DIV - RE 1 PER SH    
U1,CREDITACC,Sec Re NCD 9.45% Sr. I,01/08/2024, , ,01/08/2024, , ,INTEREST PAYMENT         
U3,CREDITACC,Sec Re NCD 9.60% Sr. III,01/08/2024, , ,01/08/2024, , ,INTEREST PAYMENT         
U3,TATACAPHSG,Sec Red NCD 7.92% Sr.II,29/07/2024, , ,29/07/2024, , ,INTEREST PAYMENT         
U4,TATACAPHSG,Sec Red NCD 8.01% Sr.II,29/07/2024, , ,29/07/2024, , ,INTEREST PAYMENT         
U5,NAVIFIN,Sec Re NCD 10.25% Sr.II,03/08/2024, , ,02/08/2024, , ,INTEREST PAYMENT         
U5,CREDITACC,Sec Re NCD 10% Sr. V,01/08/2024, , ,01/08/2024, , ,INTEREST PAYMENT         
U6,IIFL,IIFL Finance Limited,22/08/2024, , ,22/08/2024, , ,INTEREST PAYMENT         
U7,TATACAPHSG,Sec Red NCD 8.01% Sr.IV,29/07/2024, , ,29/07/2024, , ,INTEREST PAYMENT         
U7,NAVIFIN,Sec Re NCD 10.50% Sr.IV,03/08/2024, , ,02/08/2024, , ,INTEREST PAYMENT         
U8,TATACAPHSG,Sec Red NCD 8.10% Sr.IV,29/07/2024, , ,29/07/2024, , ,INTEREST PAYMENT         
U9,NAVIFIN,Sec Re NCD 10.00% Sr. I,29/07/2024, , ,29/07/2024, , ,INTEREST PAYMENT         
UA,NAVIFIN,Sec Re NCD 10.40% Sr.II,29/07/2024, , ,29/07/2024, , ,INTEREST PAYMENT         
UC,NAVIFIN,Sec Re NCD 10.65% Sr.IV,29/07/2024, , ,29/07/2024, , ,INTEREST PAYMENT         
Y5,DHANILOANS,Sec Re NCD 10.49% Sr.VII,29/07/2024, , ,29/07/2024, , ,INTEREST PAYMENT         

