GAIN_LOSS,SECURITY,CLOSE_PRIC,PREV_CL_PR,PERCENT_CG
 ,Nifty 50 Sec., , , 
 , , , , 
G,DIVI S LABORATORIES LTD,      4923.85,      4790.60,2.78
G,BHARAT PETROLEUM CORP  LT,       337.90,       328.80,2.77
G,LARSEN & TOUBRO LTD.,      3774.95,      3679.90,2.58
G,BAJAJ FINSERV LTD.,      1617.15,      1586.45,1.94
G,ULTRATECH CEMENT LIMITED,     11873.80,     11673.05,1.72
G,MAHINDRA & MAHINDRA LTD,      2933.00,      2887.80,1.57
G,STATE BANK OF INDIA,       871.60,       862.45,1.06
G,RELIANCE INDUSTRIES LTD,      3040.20,      3018.05,.73
G,MARUTI SUZUKI INDIA LTD.,     12751.55,     12663.70,.69
G,BAJAJ AUTO LIMITED,      9557.65,      9492.90,.68
G,SHRIRAM FINANCE LIMITED,      2943.00,      2925.00,.62
G,INDUSIND BANK LIMITED,      1411.50,      1403.90,.54
G,SUN PHARMACEUTICAL IND L,      1723.25,      1714.25,.53
G,TATA MOTORS LIMITED,      1124.00,      1118.30,.51
G,ICICI BANK LTD.,      1212.70,      1207.20,.46
G,COAL INDIA LTD,       512.15,       509.85,.45
G,BRITANNIA INDUSTRIES LTD,      5897.60,      5872.80,.42
G,OIL AND NATURAL GAS CORP.,       332.90,       331.60,.39
G,ADANI PORT & SEZ LTD,      1548.70,      1542.75,.39
G,BAJAJ FINANCE LIMITED,      6812.45,      6789.75,.33
G,ADANI ENTERPRISES LIMITED,      3089.35,      3080.50,.29
G,APOLLO HOSPITALS ENTER. L,      6681.65,      6664.55,.26
G,TATA STEEL LIMITED,       162.87,       162.55,.2
G,ASIAN PAINTS LIMITED,      2954.70,      2950.15,.15
G,HINDUSTAN UNILEVER LTD.,      2711.60,      2711.05,.02
 , , , , 
L,TITAN COMPANY LIMITED,      3411.70,      3494.15,-2.36
L,BHARTI AIRTEL LIMITED,      1481.35,      1514.40,-2.18
L,CIPLA LTD,      1553.95,      1575.00,-1.34
L,ITC LTD,       496.05,       502.20,-1.22
L,KOTAK MAHINDRA BANK LTD,      1793.90,      1813.85,-1.1
L,TECH MAHINDRA LIMITED,      1525.35,      1541.15,-1.03
L,TATA CONSUMER PRODUCT LTD,      1201.40,      1213.65,-1.01
L,EICHER MOTORS LTD,      4962.25,      5012.50,-1
L,HERO MOTOCORP LIMITED,      5424.35,      5478.90,-1
L,HDFC LIFE INS CO LTD,       696.85,       703.35,-0.92
L,HDFC BANK LTD,      1605.05,      1618.15,-0.81
L,AXIS BANK LIMITED,      1170.05,      1177.35,-0.62
L,NTPC LTD,       393.90,       396.30,-0.61
L,DR. REDDY S LABORATORIES,      6840.05,      6878.65,-0.56
L,POWER GRID CORP. LTD.,       342.35,       344.20,-0.54
L,GRASIM INDUSTRIES LTD,      2828.20,      2843.30,-0.53
L,INFOSYS LIMITED,      1871.10,      1878.90,-0.42
L,NESTLE INDIA LIMITED,      2470.30,      2476.90,-0.27
L,SBI LIFE INSURANCE CO LTD,      1746.70,      1750.95,-0.24
L,JSW STEEL LIMITED,       898.55,       900.55,-0.22
L,HCL TECHNOLOGIES LTD,      1632.35,      1635.35,-0.18
L,TATA CONSULTANCY SERV LT,      4381.10,      4387.85,-0.15
L,HINDALCO  INDUSTRIES  LTD,       666.85,       667.60,-0.11
L,WIPRO LTD,       524.40,       524.80,-0.08
L,LTIMINDTREE LIMITED,      5786.60,      5788.45,-0.03
 , , , , 
 ,Nifty Next 50 Sec., , , 
 , , , , 
G,INDIAN RAILWAY FIN CORP L,       195.27,       183.44,6.45
G,PUNJAB NATIONAL BANK,       127.00,       119.95,5.88
G,DLF LIMITED,       870.00,       829.70,4.86
G,BHARAT ELECTRONICS LTD,       321.35,       309.90,3.69
G,REC LIMITED,       644.60,       625.90,2.99
G,SIEMENS LTD,      7096.35,      6917.30,2.59
G,POWER FIN CORP LTD.,       552.85,       538.95,2.58
G,HINDUSTAN AERONAUTICS LTD,      5030.00,      4905.40,2.54
G,BANK OF BARODA,       255.90,       249.70,2.48
G,ZYDUS LIFESCIENCES LTD,      1235.90,      1206.05,2.48
G,TRENT LTD,      5517.40,      5393.35,2.3
G,INDIAN OIL CORP LTD,       180.39,       176.55,2.18
G,SRF LTD,      2509.05,      2456.15,2.15
G,ADANI GREEN ENERGY LTD,      1836.25,      1803.70,1.8
G,CANARA BANK,       115.91,       113.86,1.8
G,BAJAJ HOLDINGS & INVS LTD,      9642.50,      9480.65,1.71
G,CHOLAMANDALAM IN & FIN CO,      1433.40,      1410.95,1.59
G,ABB INDIA LIMITED,      7974.30,      7851.25,1.57
G,COLGATE PALMOLIVE LTD.,      3210.00,      3165.20,1.42
G,DABUR INDIA LTD,       641.10,       632.45,1.37
G,ZOMATO LIMITED,       226.89,       224.62,1.01
G,VEDANTA LIMITED,       448.95,       444.50,1
G,AVENUE SUPERMARTS LIMITED,      5112.85,      5071.60,0.81
G,INDIAN RAIL TOUR CORP LTD,       991.45,       984.15,0.74
G,GODREJ CONSUMER PRODUCTS,      1477.90,      1467.50,0.71
G,GAIL (INDIA) LTD,       231.87,       230.64,0.53
G,PIDILITE INDUSTRIES LTD,      3151.85,      3135.35,0.53
G,ADANI POWER LTD,       716.40,       712.65,0.53
G,VARUN BEVERAGES LIMITED,      1685.30,      1676.65,0.52
G,ADANI TOTAL GAS LIMITED,       892.95,       888.45,0.51
 , , , , 
L,SBI CARDS & PAY SER LTD,       707.90,       721.70,-1.91
L,INFO EDGE (I) LTD,      7097.95,      7187.40,-1.24
L,INTERGLOBE AVIATION LTD,      4439.30,      4493.40,-1.2
L,SHREE CEMENT LIMITED,     27237.90,     27566.75,-1.19
L,AMBUJA CEMENTS LTD,       679.85,       686.40,-0.95
L,TVS MOTOR COMPANY  LTD,      2484.60,      2508.00,-0.93
L,LIFE INSURA CORP OF INDIA,      1173.60,      1184.35,-0.91
L,ICICI PRU LIFE INS CO LTD,       719.05,       724.90,-0.81
L,BERGER PAINTS (I) LTD,       538.80,       542.40,-0.66
L,JINDAL STEEL & POWER LTD,       966.90,       972.35,-0.56
L,TATA POWER CO LTD,       442.25,       444.70,-0.55
L,JIO FIN SERVICES LTD,       330.20,       331.90,-0.51
L,SAMVRDHNA MTHRSN INTL LTD,       195.72,       196.40,-0.35
L,HAVELLS INDIA LIMITED,      1837.60,      1838.65,-0.06
 , , , , 
 ,OTHER SECURITIES, , , 
 , , , , 
G,ASAHI SONGWON COLOR LTD,       493.85,       411.55,20
G,ESTER INDUSTRIES LTD,       138.93,       115.78,19.99
G,STL GLOBAL LIMITED,        20.89,        17.41,19.99
G,NRB INDUS. BEARINGS LTD.,        42.75,        35.63,19.98
G,UNIINFO TELECOM SERVI LTD,        48.04,        40.04,19.98
G,LAXMI COTSPIN LIMITED,        36.42,        30.40,19.8
G,ROBUST HOTELS LIMITED,       237.73,       198.49,19.77
G,TECHNOCRAFT IND LTD,      3558.35,      3013.00,18.1
G,AKASH INFRA-PROJECTS LTD,        40.20,        34.46,16.66
G,VOLTAMP TRANSFORMERS LTD,     14173.80,     12221.70,15.97
G,ALL E TECHNOLOGIES LTD,       394.70,       341.65,15.53
G,DCW LTD,        68.54,        59.78,14.65
G,PROVENTUS AGROCOM LIMITED,      1309.90,      1146.75,14.23
G,ACE INTEGRATED SOLU. LTD.,        36.95,        32.42,13.97
G,APOLLO SINDOORI HOTEL LTD,      1665.85,      1462.10,13.94
G,RITES LIMITED,       759.15,       667.15,13.79
G,BANDHAN BANK LIMITED,       218.87,       192.50,13.7
G,AARON INDUSTRIES LIMITED,       294.55,       262.10,12.38
G,VISHNU PRAKASH R PUNGLI L,       265.30,       236.33,12.26
G,RUPA & COMPANY LTD,       319.60,       285.50,11.94
G,FILATEX FASHIONS LIMITED,         7.36,         6.59,11.68
G,KHANDWALA SECURITIES LTD,        35.47,        31.85,11.37
G,7.40% TAX FREETRI SRIII,      1164.91,      1046.10,11.36
G,T T LIMITED,       126.99,       114.28,11.12
G,HI GREEN CARBON LIMITED,       186.00,       168.30,10.52
G,SUNGARNER ENERGIES LTD,       418.00,       380.00,10
G,PARSVNATH DEVELOPER LTD,        13.09,        11.90,10
G,KHAITAN (INDIA)LTD.,        96.49,        87.72,10
G,KRITI INDUSTRIES IND LTD,       232.92,       211.75,10
G,TPL PLASTECH LIMITED,       109.72,        99.75,9.99
 , , , , 
L,SEC RE NCD 9.70% SR VIII,       870.00,      1050.00,-17.14
L,AARTI SURFACTANTS LIMITED,       186.00,       220.50,-15.65
L,8.48%S-R-NCD SERIES 2A,      1250.00,      1479.95,-15.54
L,VASA DENTICITY LIMITED,       587.05,       644.55,-8.92
L,ANTONY WASTE HDG CELL LTD,       808.65,       881.10,-8.22
L,MEDICAMEN ORGANICS LTD,        83.40,        90.70,-8.05
L,AION-TECH SOLUTIONS LTD,       138.22,       149.43,-7.5
L,MALLCOM (INDIA) LIMITED,      1396.30,      1501.40,-7
L,SPECTRUM TALENT MGMT LTD,       108.40,       116.25,-6.75
L,DIVINE POWER ENERGY LTD,        97.40,       104.35,-6.66
L,PETRO CARBON AND CHEMI L,       315.15,       337.00,-6.48
L,LAMBODHARA TEXTILES LTD.,       173.77,       185.73,-6.44
L,CYBER MEDIA (INDIA) LTD.,        28.72,        30.64,-6.27
L,SEC RE NCD 9.25% SR.VII,       950.55,      1012.55,-6.12
L,DIAMINES & CHEMICALS LTD,       597.75,       635.60,-5.96
L,AURANGABAD DISTILLERY LTD,       301.00,       320.00,-5.94
L,SHIVALIC POWER CONTROL L,       301.50,       319.85,-5.74
L,UNSE RE NCD 9.75% SR.IX,       921.00,       973.33,-5.38
L,ANTARCTICA LTD,         1.76,         1.86,-5.38
L,LAXMI ORGANIC INDUS LTD,       257.45,       271.70,-5.24
L,AARVI ENCON LIMITED,       141.51,       149.29,-5.21
L,EQUITAS SMALL FIN BNK LTD,        82.44,        86.96,-5.2
L,WONDERLA HOLIDAYS LTD.,       882.60,       930.90,-5.19
L,TARMAT LIMITED,        90.29,        95.20,-5.16
L,DAVANGERE SUGAR COMPANY L,         7.25,         7.64,-5.1
L,DUCON INFRATECHNOLOGIES L,         8.25,         8.69,-5.06
L,CENTURY EXTRUSIONS LTD,        27.01,        28.44,-5.03
L,SABAR FLEX INDIA LIMITED,        24.65,        25.95,-5.01
L,MAHANAGAR TELEPHONE NIGAM,        92.22,        97.08,-5.01
L,YUDIZ SOLUTIONS LIMITED,        59.85,        63.00,-5
