SYMBOL,SYMBOL P/E,ADJUSTED P/E
THERMAX,93.79,103.67
RIIL,183.82,183.82
RAYMOND,21.03,20.03
SHREDIGCEM,19.66,19.66
SESHAPAPER,9.64,9.64
SUNDRMFAST,56.76,56.76
EXIDEIND,53.35,53.35
CRISIL,47.56,47.56
ORIENTPPR,183.31,183.31
MASTEK,27.79,27.57
LUMAXIND,51.19,51.19
CUMMINSIND,69.86,69.8
JAYBARMARU,38.63,38.63
INDIAGLYCO,22.78,22.78
IONEXCHANG,54.32,54.32
HIMATSEIDE,12.49,12.49
GFLLIMITED,297.95,297.95
BPCL,7.89,7.64
ATUL,68.8,68.8
ACC,21.13,23.79
MRPL,14.29,14.25
HINDPETRO,5.64,5.64
BAJAJHLDNG,73.88,73.88
ZUARIIND,1.68,
VOLTAS,127.52,127.52
TATASTEEL,,61.43
SPIC,19.89,13.52
SBIN,11.3,10.49
BOSCHLTD,41.36,55.94
CHAMBLFERT,16.61,16.61
DICIND,,116.68
CENTURYTEX,100.73,100.73
TATACHEM,71.59,21.74
EPL,34.26,32.39
VLSFINANCE,3.32,3.32
SRF,59.26,59.26
AEGISLOG,46.7,46.7
WEIZMANIND,19.88,19.88
BBOX,55.01,43.98
PRECOT,34.64,55.1
SHREYANIND,4.67,4.67
HCC,18.71,
ARE&M,34.06,34.06
ADANIENT,103.9,96.86
GET&D,198.95,198.95
BANARISUG,25.58,25.58
KPIL,42.85,42.85
IGARASHI,176.25,176.25
JAYNECOIND,21.61,19.83
SOTL,20.7,20.7
WSI,18.19,17.98
SUNFLAG,31.72,31.72
WIPRO,24.31,24.31
JUBLPHARMA,19.84,45.2
SOMANYCERA,31.37,31.29
HLVLTD,60.86,60.86
LIBERTSHOE,71.63,54.51
KAJARIACER,54.72,54.69
MODTHREAD,9.16,9.16
MANGLMCEM,43.64,43.64
POLYPLEX,38.23,38.23
PCBL,22.36,22.36
HONDAPOWER,43.93,45.8
RUBYMILLS,17.57,17.57
CANFINHOME,14.88,14.88
DCMSHRIRAM,32.81,32.81
COSMOFIRST,36.68,36.68
HDFCBANK,17.64,17.54
GMBREW,11.95,11.95
ITC,30.28,30.27
IOC,5.99,5.99
OSWALGREEN,154.08,154.08
HUHTAMAKI,6.7,29.11
RICOAUTO,46.7,44.64
MANINDS,28.85,28.85
SIYSIL,12.77,12.77
ONWARDTEC,34.52,34.52
NCC,28.83,28.05
ELGIEQUIP,72.89,72.89
BBTC,8.3,8.02
BEPL,21.38,21.38
BANARBEADS,23.68,23.68
S&SPOWER,99.96,99.96
PRUDMOULI,10.74,9.99
PRAJIND,41.65,44.86
EVERESTIND,103.93,153.44
KEEPLEARN,192.76,192.76
TFCILTD,19.05,19.05
GTL,1.05,5.9
AGI,20.54,20.54
TATACONSUM,92.31,79.63
CHOLAFIN,32.53,32.53
FOSECOIND,45.85,46.07
ANDHRAPAP,6.67,6.67
AARTIIND,61.58,61.58
PRAKASH,9.83,9.83
GREAVESCOT,,297.77
SURYAROSNI,20.09,20.09
INGERRAND,60.15,60.15
HINDZINC,32.86,32.86
FINPIPE,23.83,39.55
DCW,112.67,106.24
HEUBACHIND,38.12,38.12
BAJFINANCE,28.17,28.17
NAVA,10.27,11.22
CORALFINAC,10.84,10.84
TNPL,8.67,8.67
SWARAJENG,25.69,25.69
GARFIBRES,36.71,36.71
TTKPRESTIG,58.4,58.4
SKFINDIA,50.2,50.2
MARICO,58.59,58.59
BIOFILCHEM,149.34,149.34
ZENITHEXPO,543.94,543.94
VISAKAIND,1111.35,1111.35
CREST,21.35,21.35
TVSSRICHAK,30.95,29.51
SHRIRAMFIN,14.35,14.35
ELECTHERM,3.46,3.46
MMFL,22.35,22.51
MPHASIS,36.65,36.65
HERITGFOOD,34.67,34.4
GAIL,17.64,18.27
CONCOR,51.43,51.43
KCPSUGIND,6.41,6.98
LTF,18.2,18.2
BODALCHEM,159.78,159.78
FILATEX,23.87,23.87
VASWANI,17.68,17.68
ONELIFECAP,35.28,35.28
TRITURBINE,71.87,71.87
JISLDVREQS,.89,.89
RUPA,32.54,31.3
APLAPOLLO,56.24,56.24
THOMASCOTT,27.83,27.83
IRFC,37.29,37.29
COMPUSOFT,58.01,58.01
RHIM,,48.47
NBCC,75.83,57.44
HEXATRADEX,38.75,38.75
SWANENERGY,39.14,39.14
RTNINDIA,24.96,22.36
PROZONER,200.38,200.38
THEJO,57.86,57.86
KITEX,27.54,27.54
ROSSELLIND,180.4,178.91
TVSHLTD,14.25,14.22
VETO,17.03,17.03
INDUSTOWER,19.86,19.86
ATULAUTO,283.3,283.3
ESSENTIA,25.13,25.14
NATHBIOGEN,10.9,11.7
SDBL,24.94,24.94
AGARIND,16.26,16.26
GOCLCORP,44.82,46.85
INTELLECT,45.64,45.25
GREENLAM,57.02,57.02
LINC,25.97,25.97
MENONBE,10.01,10.01
MANAKSTEEL,13.29,13.38
ZENTEC,80.22,81.17
AVANTIFEED,24.04,24.04
NILAINFRA,46.84,46.84
SKIPPER,49.57,49.57
SHYAMCENT,492.91,492.91
ADANIENSOL,98.15,88.11
SATIN,5.68,5.68
SHARDAMOTR,23.76,23.76
INDIGO,22.22,22.22
PERFECT,58.27,58.27
TTKHLTCARE,34.2,34.2
PILANIINVS,37.73,37.73
ALKEM,34.92,33.17
HITECH,52.25,52.25
NECCLTD,46.17,46.17
GOKULAGRO,18.68,18.68
WEALTH,20.33,20.33
BHARATWIRE,18.39,18.39
CROMPTON,64.45,64.45
UNITEDPOLY,31.21,31.21
ALBERTDAVD,9.92,9.92
SINTERCOM,309.53,309.53
SOUTHWEST,38.46,40.83
ARVEE,232.49,232.49
ASTERDM,58.91,
HGINFRA,20.22,20.66
HINDCON,42.99,42.99
SARVESHWAR,52.5,52.5
UNIINFO,78.98,78.98
MACPOWER,67.48,67.48
MDL,59.3,55.42
BANDHANBNK,12.06,12.06
URAVI,301.51,301.51
MITTAL,22.24,41.48
SANDHAR,35.31,36.19
KAPSTON,31.49,31.49
MIDHANI,101.8,101.8
CONTI,347.06,346.43
AVG,21.27,35.31
MMP,30.33,30.33
PIGL,21.17,21.17
CHEMFAB,47.4,47.4
BSHSL,94.08,94.08
AAKASH,22.65,22.65
GODHA,132.25,132.25
SOFTTECH,134.97,134.97
E2E,101.41,101.41
INDOSTAR,26.71,26.71
SIRCA,37.5,37.5
SVLL,80.1,80.1
SONAMLTD,40.22,40.22
PRITI,19.03,19.03
ACCURACY,367.17,367.17
RITES,32.59,32.59
GANGAFORGE,177.67,181.54
REPL,22.62,22.62
HBSL,2.86,2.86
AVROIND,28.65,28.65
HDFCAMC,42.38,42.38
TEMBO,20.24,20.7
AARON,43.36,43.36
LAGNAM,19.15,19.15
RPPL,29.84,29.84
AKG,48.38,48.38
AHLADA,10.71,10.71
SPECTRUM,161.02,161.02
AAVAS,27.27,27.27
KSHITIJPOL,42.7,
KRITIKA,49.85,49.85
PARIN,126.27,126.27
VINNY,27.5,27.5
MARINE,127.1,127.74
IRISDOREME,42.49,42.49
TECHNOE,72.44,72.44
SHRIRAMPPS,4.88,4.88
AWHCL,25.04,25.04
SURANI,195.98,195.98
MSTCLTD,31.7,31.7
ARVINDFASN,63.22,60.59
KHFM,119.53,119.53
RVNL,78.37,78.37
POLYCAB,54.66,54.66
KPITTECH,73.26,73.26
VIKASLIFE,,95.09
CONFIPET,27.5,27.5
DGCONTENT,34.25,34.25
ABINFRA,67.97,68.95
OAL,168.39,168.39
SATIA,5.93,5.93
AFFLE,68.88,68.88
SPANDANA,11.45,11.45
WESTLIFE,297.33,297.33
UJJIVANSFB,6.63,6.63
IRCTC,70.86,68.23
SAFARI,58.47,58.47
360ONE,44.97,44.97
HPIL,119.35,119.35
FLUOROCHEM,82.19,82.19
KUANTUM,7.6,7.6
CHEMBOND,21.02,21.02
MGEL,21.24,21.24
SBICARD,28.49,28.49
HOMEFIRST,29.13,29.13
CSBBANK,10.96,10.96
ASCOM,36.56,36.44
EASEMYTRIP,73.01,44.16
ROSSARI,33.97,33.97
PRINCEPIPE,40.7,44.2
ESAFSFB,5.42,5.42
ARTEMISMED,68.91,68.91
PATANJALI,64.22,64.22
LGHL,79.79,84.13
ASALCBR,25.83,25.83
MAHEPC,,2488.28
BAFNAPH,27.37,27.37
SUVENPHAR,78.71,78.71
STOVEKRAFT,61.46,61.46
KSOLVES,35.72,35.72
HAPPSTMNDS,50.18,52.27
AARTISURF,29.66,29.66
BOROLTD,60.11,60.11
MAXHEALTH,87.16,87.16
PAVNAIND,48.58,48.58
KALYANKJIL,98.14,98.14
SHAREINDIA,14.11,14.09
UNIDT,48.32,48.32
ANGELONE,16.02,16.02
NIRAJ,20.4,13.78
CAMS,56.54,56.54
SURYODAY,8.99,8.99
UTIAMC,15.91,15.91
RAILTEL,63.23,65.73
BECTORFOOD,59.23,59.23
ORCHPHARMA,76.93,76.93
INDIGOPNTS,47.74,47.74
HERANBA,46.21,46.21
LXCHEM,64.47,64.47
MTARTECH,104.9,104.9
FAIRCHEMOR,44.4,44.4
ANURAS,51.36,51.36
KANPRPLA,308.87,308.87
ISGEC,40.81,40.81
STYLAMIND,25.73,25.56
CLSEL,9.91,9.91
CARYSIL,38.55,38.55
SHAILY,63.18,63.18
MODISONLTD,23.29,29.27
FIBERWEB,17.37,17.37
BCLIND,19.17,19.08
BHAGCHEM,243.98,243.98
SBCL,47.43,47.43
SMCGLOBAL,8.8,8.8
QMSMEDI,23.08,23.08
NPST,5772.21,5772.21
ARIHANTCAP,11.29,11.3
NAZARA,77.45,76.75
IPL,41.34,41.34
GENCON,24.85,24.85
LODHA,89.08,83.89
HLEGLAS,72.98,68.12
VMARCIND,17.73,17.73
SONACOMS,73.94,73.35
UTKARSHBNK,11.06,11.06
PARAS,169.08,169.08
CRAFTSMAN,40.3,40.3
DODLA,35.6,35.6
EXXARO,182.37,182.37
JUBLINGREA,54.85,54.85
ROLEXRINGS,38.01,34.46
SHYAMMETL,18.15,18.15
KIMS,51.25,51.24
MAKS,147.67,75.03
TATVA,89.77,89.77
CLEAN,66.65,66.65
AILIMITED,69.63,69.63
GLS,23.32,23.32
ABSLAMC,24.46,24.46
DEEPINDS,15.73,15.89
ZOMATO,564.88,564.88
PIXTRANS,26.69,26.69
WINDLAS,26.16,26.16
CARTRADE,56.93,56.93
KRSNAA,39.55,39.55
DEVYANI,,563.36
APTUS,26.08,26.08
SUPRIYA,26.2,26.2
ANMOL,9.12,9.12
BMETRICS,23.71,23.71
VIJAYA,68.09,67.24
AMIORG,124.76,56.33
VINEETLAB,53.27,53.27
SANSERA,40,40
BAJAJHCARE,,33.23
PRITIKAUTO,25.65,25.65
GRINFRA,12.5,15.57
INTLCONV,8.64,8.64
DUGLOBAL,701.71,701.71
REXPIPES,15.89,15.89
STEELCAS,17.3,17.3
HPAL,45.31,45.68
STARHEALTH,42.5,42.5
KPIGREEN,72.02,71.92
SGIL,42.14,42.14
SJS,30.19,30.19
FINOPB,29.02,29.02
NYKAA,1195.51,1195.51
AWL,247.64,197.97
SAPPHIRE,190.94,190.94
QUADPRO,45.95,45.95
EPIGRAL,28.02,28.02
NUVOCO,85.02,85.02
TRACXN,149.86,149.86
FUSION,8.76,8.76
TARSONS,64.56,64.56
MEDPLUS,156.58,156.58
RATEGAIN,65.85,65.85
LATENTVIEW,67.89,67.89
METROBRAND,86.61,86.61
PASUPTAC,26.88,26.88
PARADEEP,69.12,69.12
MAPMYINDIA,95.47,95.47
TMB,6.79,6.79
MANYAVAR,63.5,63.5
GVPTECH,76.97,76.97
DMCC,63.94,63.94
KOTYARK,49,49
EMIL,47.08,47.08
SHIVALIK,55.76,55.76
PRECISION,17.4,17.4
DATAPATTNS,101.58,101.58
COOLCAPS,104.99,104.94
MEDANTA,67.63,67.63
MALLCOM,25.79,25.79
NIDAN,,23.7
SMLT,18.43,18.43
RADIANTCMS,19.81,19.81
HARIOMPIPE,35.87,35.87
DCMSRIND,16.55,16.55
RAJRILTD,293.65,293.65
EMUDHRA,98.57,98.57
FIVESTAR,26.51,26.51
VIRINCHI,30.85,30.85
SBC,66.48,66.48
RICHA,31.61,31.61
ELIN,70.13,70.13
TIMESCAN,11.52,11.52
MADHAVBAUG,77.65,77.65
MHLXMIRU,20.19,20.19
RELCHEMQ,55.81,55.81
GATEWAY,22.11,22.11
ZIMLAB,32,32
JTLIND,34.33,34.33
RAINBOW,54.41,54.41
AETHER,145.13,75.98
ROTO,54.75,54.75
GSTL,68.63,68.63
INDOBORAX,15.59,15.59
LANDMARK,46.81,45.33
AVONMORE,29.41,29.41
DREAMFOLKS,36.55,36.55
KNAGRI,33.2,33.2
DHARMAJ,28.04,28.04
KRISHIVAL,49.88,49.88
OBCL,32.34,32.34
KCK,117.8,117.8
LICI,18.31,18.31
INDOAMIN,24.94,24.94
PROPEQUITY,25.42,25.42
SWARAJ,25.27,25.27
INOXGREEN,173.82,173.82
BIKAJI,64.07,64.07
SADHNANIQ,490.17,490.17
SKP,64.78,64.78
HARDWYN,101.6,101.6
HMAAGRO,26.67,26.67
MWL,28.01,28.01
MEDICO,38.27,38.27
YATHARTH,34.67,34.67
AKSHAR,22.31,22.31
ARISTO,18.62,18.62
POWERINDIA,284.89,284.89
RAJRATAN,41.2,41.2
GLAND,43.01,43.01
NDRAUTO,37.6,37.6
AAATECH,42.01,42.01
SIGACHI,38.34,38.34
ADL,1811.58,1811.58
ROML,43.61,43.61
AAREYDRUGS,29.92,29.92
UGROCAP,20.43,20.43
YUKEN,92.73,92.73
ANANDRATHI,62.31,62.31
POLICYBZR,1029.04,1029.04
MONARCH,14.23,14.22
PRUDENT,70.37,70.37
GOCOLORS,73.51,73.51
CMSINFO,25.57,25.57
COASTCORP,89.65,89.65
TEGA,63.74,63.74
MANORG,65.02,65.02
MICEL,31.69,35.36
FOODSIN,24.59,24.57
KRITI,48.05,48.05
GANESHBE,20.11,20.09
MEDICAMEQ,60.23,60.23
UMAEXPORTS,27.99,27.2
AHL,31.4,31.4
ASIANENE,53.47,49.89
NRL,57.37,57.37
CHOICEIN,54.71,54.71
GRWRHITECH,28.03,28.03
DYCL,38.08,38.08
STARTECK,17.14,17.14
ELDEHSG,26.85,26.85
SEJALLTD,110.32,110.32
SYRMA,67.94,67.43
CAMPUS,106.14,106.14
VENUSPIPES,48,48
MEGASTAR,54.88,54.88
RACE,374.23,374.23
ETHOSLTD,141.62,141.62
MSUMI,52.09,52.09
HARSHA,43.43,43.43
GMRP&UI,159.74,
ACI,28.29,28.29
RITCO,23.56,23.56
CHEVIOT,11.67,11.67
KFINTECH,48.68,48.68
DCXINDIA,57.64,57.64
SECMARK,295.05,295.05
IDEAFORGE,79.35,79.35
POCL,37.85,37.85
REDTAPE,76.99,76.99
NETWEB,156.05,156.05
EMSLIMITED,35.95,35.95
VPRPL,24.11,24.11
ATL,39.94,39.94
JSWINFRA,63.6,63.6
YASHO,50.99,50.99
JIOFIN,181.5,181.5
TREL,4.64,43.72
AMNPLST,78.44,78.44
KALYANI,5.05,5.05
JITFINFRA,25.17,30.46
SANGINITA,61.3,61.3
DMART,124.51,124.51
INTENTECH,23.35,23.35
ARIHANTSUP,20.27,20.27
CLEDUCATE,29.39,31.39
SHANKARA,20.15,20.15
WIPL,39.25,39.25
DEVIT,34.12,34.12
DOLLAR,31.23,31.03
SCHAND,15.94,15.94
PSPPROJECT,22,22
GLOBE,30.8,30.8
CDSL,60.79,60.79
AUBANK,29.29,28.22
DYNPRO,123.82,123.82
MAGADSUGAR,9.52,9.52
SIS,43.77,43.77
PFIZER,43.51,44.04
DRREDDY,20.68,20.68
DEEPAKFERT,23.81,23.81
MAHSEAMLES,9.06,9.04
COROMANDEL,28.7,28.7
VINDHYATEL,31.71,31.71
ASIANPAINT,56.25,56.25
PGHL,40.59,40.59
BEML,66.26,66.26
CENTENKA,27.42,27.42
VTL,27.2,27.2
FEDERALBNK,11.9,11.9
VIPIND,123.16,195.08
BIRLACABLE,39.7,39.7
HONAUT,96.02,96.02
SUNPHARMA,42.63,40.86
IVP,16.74,16.74
EICHERMOT,38.65,38.65
ZENSARTECH,27.5,27.5
JINDALPOLY,48.62,48.45
BLUEDART,63.9,63.9
HSCL,46.62,46.62
ARENTERP,21.95,21.95
THOMASCOOK,43.91,43.91
SIEMENS,105.45,105.45
UNIVCABLES,81.96,81.96
IFCI,90.67,91.41
PIDILITIND,91.05,88.52
JINDALSAW,11.63,11.63
STYRENIX,23.3,23.3
BRITANNIA,66.18,66.12
DABUR,61.87,61.87
FMGOETZE,18.05,18.05
GILLETTE,65.49,65.49
3MINDIA,73.23,73.23
AMJLAND,19.89,19.89
KOPRAN,24.58,24.58
SUDARSCHEM,17.7,56.44
AKZOINDIA,30.66,30.66
AMBUJACEM,35.86,37.56
CGPOWER,122.28,125.06
BEL,57.45,57.45
GREENPLY,53.25,61.5
DALMIASUG,11.98,11.98
MRF,28.3,28.3
STARPAPER,5.97,5.83
JAYAGROGN,16.68,16.68
MOTHERSON,47.84,46.41
AARTIDRUGS,30.86,30.86
DENORA,44.44,44.44
KAYNES,129.64,129.64
NGLFINE,39.62,39.62
JFLLIFE,16.91,16.91
SWASTIK,148.08,148.08
AXITA,29.49,29.49
PLAZACABLE,102.97,102.97
SENCO,40.89,40.89
USASEEDS,26.76,26.76
TRU,51.57,51.57
RADHIKAJWE,16.64,16.64
SPLPETRO,41.09,41.09
RAMRAT,34.95,34.95
CSLFINANCE,18.77,18.77
AGNI,276.31,276.31
KORE,194.48,190.24
GOYALALUM,56.69,56.69
RUSTOMJEE,107.18,107.18
GENSOL,68.48,68.36
DBOL,26.45,26.45
GSLSU,45.49,45.49
SPORTKING,18.75,18.75
ALLETEC,208.23,208.23
MANORAMA,104.85,104.85
ARABIAN,26.71,26.71
GRMOVER,20.17,20.17
SYNCOMF,56.41,56.37
CLOUD,4.09,4.09
DJML,69.17,69.17
SULA,44.85,44.85
SIGNATURE,522.71,522.71
ANNAPURNA,91.73,91.73
KRITINUT,12.7,12.7
KALAMANDIR,26.22,26.22
AVALON,122.92,122.92
CONCORDBIO,58.45,58.45
GRCL,143.46,143.46
BAIDFIN,15.18,15.18
PHANTOMFX,22.55,22.55
QUICKTOUCH,11.74,11.74
IPSL,24.65,24.65
KAMOPAINTS,89.19,89.19
BLUEJET,64.73,61.18
MVGJL,19.74,19.74
JIWANRAM,19.9,19.9
SCPL,22.2,22.2
SUKHJITS,16.4,16.4
ARHAM,49.1,49.1
MANKIND,42.75,42.75
SKYGOLD,75.23,75.23
ARIHANTACA,58.65,58.65
SATINDLTD,4.04,4.04
DIVGIITTS,51.85,51.85
USK,13.54,13.54
ANLON,70.34,70.34
CMNL,13.37,13.19
DIACABS,243.11,239.79
IKIO,38.31,38.31
MANOMAY,34.62,34.62
FAZE3Q,28.06,28.06
LLOYDSME,31.5,31.5
AARTIPHARM,25.29,25.29
RHL,72.45,72.45
SAHYADRI,16.43,16.43
SAHANA,94.37,94.37
NINSYS,57.9,57.9
DUCOL,44.32,44.32
SBFC,32.86,32.86
SBGLP,76.55,76.55
ASMS,482.22,314.45
HYBRIDFIN,16.95,16.46
LRRPL,74.41,74.41
ZAGGLE,89.82,89.82
AGARWALFT,316.39,316.39
HONASA,175.94,175.94
RISHABH,40.87,40.87
IRMENERGY,29.69,29.69
SAH,235.35,235.35
DENEERS,19.78,19.78
CYIENTDLM,92.63,92.63
AGUL,17.14,17.14
AKI,148.45,148.45
MASTER,53.98,53.98
YCCL,37.6,37.6
RATNAVEER,27.14,27.14
MOS,46.67,46.67
SOTAC,45.41,44.34
SPECTSTM,23.14,23.14
ATAM,36.45,36.45
SHRITECH,14.23,14.23
LAL,46.37,46.37
URBAN,26.22,26.22
INFINIUM,58.31,58.31
AARTECH,167.32,167.32
ESFL,34.38,34.38
AATMAJ,68.12,68.12
DOLPHIN,459.66,512.97
ASHOKAMET,10.39,10.39
CELLPOINT,38.84,38.84
SEL,82.46,82.46
GREENCHEF,35.81,35.81
PTCIL,478.58,478.58
PYRAMID,24.1,24.1
MAGSON,26.33,26.33
AEROFLEX,48.94,48.94
GHCLTEXTIL,40.82,40.82
MONOPHARMA,28.71,28.71
UDS,32.29,32.29
SYNOPTICS,15.04,15.04
KIRLPNU,61.7,59.18
RRKABEL,88.56,88.68
COMMITTED,14.4,14.4
JLHL,48.87,48.89
SAHAJ,29.85,29.85
NUVAMA,28.07,28.07
DRONE,129.27,129.27
SERVICE,24.01,24.01
KEL,49.61,49.61
NIITMTS,30.84,30.29
VINSYS,25.33,25.33
ACSAL,16.38,16.38
SAROJA,19.59,19.59
SINDHUTRAD,42.1,42.09
ORIANA,80.87,80.87
ONDOOR,48.29,47.86
TRANSTEEL,12.69,12.53
SANDUMA,45.98,45.98
OLIL,51.66,51.66
KODYTECH,629.36,629.36
SCML,22.07,22.07
MUFIN,142.01,136.52
MAL,9.13,9.13
HIGREEN,40.93,40.93
CELLECOR,37.14,37.14
SRGHFL,31.42,31.42
MADHUSUDAN,27.53,27.53
GOYALSALT,36.53,36.53
WOMANCART,44.55,44.55
SHANTHALA,148.73,148.73
MARCO,35.29,35.29
DIAMINESQ,70.04,70.04
KONTOR,111.79,111.79
MICROPRO,19.73,19.73
CELLO,77.95,77.95
CANARYS,57.4,57.4
DIGIKORE,94.83,94.83
SARTELE,54.74,54.74
PARAGON,19.32,19.32
GUJAPOLLO,28.59,28.59
JAGSNPHARM,46.52,46.52
GUJRAFFIA,51.06,51.06
KOTHARIPET,16.34,16.27
BANKBARODA,7.01,7.01
INDNIPPON,30.61,30.61
HUDCO,29.72,29.72
REPCOHOME,8.59,8.59
JUSTDIAL,25.89,25.89
SAMMAANCAP,6.8,6.8
MITCON,38.68,38.68
JPOLYINVST,28.68,28.68
AGRITECH,15.39,15.39
CASTROLIND,29.97,29.97
HATSUN,85,85
SUPERHOUSE,21.58,21.58
PDSL,34.69,35.38
GRPLTD,88.25,81.09
GANECOS,98.78,98.78
IMAGICAA,8.12,138.08
BYKE,63.24,63.24
PRIVISCL,66.52,66.52
TPLPLASTEH,39.2,39.2
ALANKIT,28.1,28.1
AYMSYNTEX,304.24,70.81
POWERMECH,39.33,39.33
IDFCFIRSTB,19.52,19.52
LUXIND,47.4,47.4
NH,32.27,32.27
QUICKHEAL,78.33,78.33
HCG,121.35,130.44
THYROCARE,54.15,54.05
ARMANFIN,11.48,11.48
IRCON,29.24,29.24
RAJMET,24.71,24.71
GRSE,70.95,70.95
SILGO,20.81,20.81
BBTCL,29.88,29.88
ATGL,150.42,150.42
UNIPARTS,17.83,17.83
RPSGVENT,12.09,12.09
CHALET,72.81,72.81
PAR,21.35,21.35
METROPOLIS,84.6,84.6
NEOGEN,120.91,120.91
EMAMIPAP,9.63,9.63
PPL,13.34,13.34
INDIAMART,48.59,48.39
WEL,162.21,162.21
CHEMCON,49.99,49.99
HNDFDS,72.83,72.83
MAZDOCK,54.17,54.17
DCI,41.95,41.95
IIFLSEC,11.6,11.6
VISHWARAJ,23.52,23.52
GREENPANEL,27.49,27.49
APOLLOPIPE,59.39,59.39
ROUTE,27.26,28.31
SIGMA,21.67,21.67
EQUITASBNK,15.6,15.6
HINDWAREAP,90.38,90.38
LIKHITHA,26.09,26.09
SUMICHEM,57.92,57.92
ATALREAL,25.61,25.61
UNIVPHOTO,12.9,12.9
PREMEXPLN,140.18,140.18
INCREDIBLE,36.69,36.69
MGL,15.24,15.24
COMPINFO,.8,.8
QUESS,37.64,34.49
LLOYDSENGG,127.98,127.98
LTIM,37.53,37.53
GATECH,78.56,78.56
DBL,37.67,411.95
NDGL,13.39,13.39
BIGBLOC,63.23,63.23
MBAPL,79.09,79.09
GNA,19.03,19.03
CROWN,56.03,56.03
MARATHON,23.72,23.72
JETKNIT,97.06,97.06
GRETEX,5.64,5.6
SAKAR,61.21,61.21
PANSARI,47.07,47.07
DRL,18.23,18.23
ARTNIRMAN,148.81,148.81
ENDURANCE,52.54,52.54
PNBHOUSING,12.94,12.94
PODDARMENT,15.82,15.82
JETFREIGHT,316.55,
SFL,51.49,63.63
TERASOFT,28.43,24.96
HISARMETAL,16.75,16.75
LIBAS,9.33,9.33
PROLIFE,9.72,9.72
CAPTRUST,112.17,112.17
MAHESHWARI,14.57,14.57
BSE,47.34,97.14
MCL,80.41,80.41
STEELCITY,11.72,11.72
KRISHANA,41.49,41.49
GLOBAL,11.13,11.13
AKASH,311.74,311.74
TASTYBITE,62.97,62.97
AIRAN,29.31,29.31
URJA,403.98,403.98
LAXMICOT,,95.44
EIFFL,167.27,167.27
CREATIVE,21.71,21.71
FOCUS,23.03,23.03
SIKKO,35.72,35.72
MKPL,38.7,38.7
INFOBEAN,39.92,39.92
JALAN,,28.08
VSCL,1030.93,1030.93
STARCEMENT,29.31,29.31
ERIS,36.79,36.79
ACEINTEG,54.21,54.21
SALASAR,57.17,57.17
TOTAL,133.84,133.84
OPTIEMUS,73.65,73.65
WEWIN,29.67,29.67
VAISHALI,239.43,239.43
SERVOTECH,230.24,230.24
ICICIGI,57.88,57.88
MPTODAY,6.73,6.76
RMDRIP,76.18,76.18
AARVI,19.46,19.46
DIAMONDYD,40.36,39.78
TIRUPATI,54.12,54.12
JASH,45.16,45.16
CMMIPL,16.3,16.3
BETA,34.1,34.1
MILTON,20.95,20.95
DPABHUSHAN,40.78,40.78
TIINDIA,67.96,67.97
NAM-INDIA,34.25,34.25
SECURCRED,6.89,6.89
KHADIM,111.71,111.71
VERTOZ,90.13,90.13
PULZ,14.1,14.1
ICEMAKE,50.71,50.71
INNOVANA,24.71,24.71
TOUCHWOOD,46.71,46.73
MOKSH,15.43,15.43
BCONCEPTS,61.49,61.49
FDC,26.8,26.8
ADROITINFO,13.75,13.75
INDUSINDBK,12.12,12.12
TRIGYN,21.09,21.09
KOTHARIPRO,31.58,31.58
ITDCEM,33.53,33.53
SONATSOFTW,67.1,5.75
CYBERTECH,24.62,24.62
DHANBANK,18.84,18.84
STCINDIA,25.85,27.79
RSSOFTWARE,32.72,32.72
IVC,40.62,40.62
ALEMBICLTD,43.39,43.39
BSOFT,32.22,32.22
STAR,345.2,40.27
ZYDUSLIFE,31.67,31.61
RAJESHEXPO,27.59,27.59
NRBBEARING,13.2,35.89
BLBLIMITED,36.64,36.64
BLUESTARCO,85.14,85.14
TVSMOTOR,65.4,65.4
REPRO,82.42,82.42
KRBL,11.79,11.79
USHAMART,27.58,27.58
ACLGATI,227.92,
JISLJALEQS,55.59,55.59
UNITDSPR,72.65,72.83
ASAL,78.73,78.73
PONNIERODE,10.96,10.96
OFSS,41.2,41.2
GENESYS,133.94,133.94
DIVISLAB,79.48,79.48
JSL,23.37,24.07
JAIBALAJI,18.57,18.57
UNIENTER,29.37,29.37
MUKANDLTD,25.59,25.59
MAHABANK,10.74,10.74
RKFORGE,44.23,44.18
CCL,32.97,32.97
CENTEXT,30.54,31.02
TCS,33.72,33.21
INDSWFTLTD,8.27,8.27
NTPC,18.99,18.99
SUPRAJIT,44.83,44.83
JPPOWER,11.43,8.24
ALLSEC,21.09,25.46
WELCORP,19.32,19.32
SURYALAXMI,45.14,26.48
63MOONS,7.59,7.59
GEOJITFSL,16.28,16.28
NECLIFE,144.54,144.54
IDFC,553.84,553.84
IMPAL,21.75,21.75
AURIONPRO,56.97,56.97
AIAENG,36.49,36.51
ORIENTCER,33.45,39.44
EKC,18.83,18.47
ENIL,30.94,31.96
JAGRAN,13.47,13.47
BLKASHYAP,45.58,45.58
KEI,67.69,67.67
SOLARINDS,113.6,113.6
MALUPAPER,78.36,78.36
SUNTV,17.08,17.08
EMKAY,13.97,13.97
BALPHARMA,24.9,24.9
KAMDHENU,28.41,28.41
EMAMILTD,47.8,47.48
TECHM,58.98,59.05
ATLANTAA,.67,4.8
ANANTRAJ,60.06,60.06
GEECEE,21.5,21.5
LTFOODS,17.52,17.52
VENUSREM,19.2,19.2
NFL,111.03,111.03
PARACABLES,26.66,26.66
LUMAXTECH,23.51,23.51
GANDHITUBE,18.97,18.97
UNOMINDA,80.97,83
ORIENTBELL,7010.27,7010.27
TTL,53.05,53.05
LAOPALA,27.64,27.64
ASTRAL,109.06,109.06
THEMISMED,73.78,73.78
NDLVENTURE,233.81,233.81
BFUTILITIE,13.13,13.13
ALPHAGEO,281.9,41.43
INSECTICID,22.44,22.44
HGS,29.39,29.39
CIEINDIA,27.59,27.59
NAGREEKCAP,1.05,1.05
CENTUM,,363.22
MANGCHEFER,9.38,9.38
BAJAJELEC,85.11,85.11
RGL,12.97,12.97
COLPAL,65.04,64.35
KALYANIFRG,45.25,45.25
ECLERX,22.9,22.84
DVL,30.93,30.93
PATINTLOG,32.11,32.11
ARIES,20.09,20.09
CEATLTD,17.11,16.06
JKIL,19.48,19.48
KNRCON,14.08,14.08
ONMOBILE,61.58,61.58
SEPC,149.48,149.48
NAHARCAP,13.95,13.95
VGUARD,67.23,67.23
DPSCLTD,126.67,126.67
TITAGARH,75.12,74.68
BAJAJFINSV,15.75,15.75
DIGISPICE,20.01,45.96
RPGLIFE,34.4,34.4
RBL,16.43,16.1
UBL,120.14,120.14
ZFCVINDIA,73,73
JOCIL,99.52,99.52
TPHQ,26.56,26.56
HINDNATGLS,1.21,.75
MHRIL,78.05,78.05
EXCEL,62.73,62.73
GLOBUSSPR,26.33,26.33
EXPLEOSOL,21.97,21.97
AMRUTANJAN,48.41,48.41
REFEX,31.02,30.99
JSWENERGY,62.15,62.15
HINDCOPPER,103.13,103.13
NESTLEIND,73.61,73.82
THANGAMAYL,39.99,39.99
HATHWAY,64.35,63.56
MANINFRA,27.82,27.82
BAJAJCON,25.28,25.28
GPPL,32.02,29.26
DEEPAKNTR,49.12,53.08
GREENPOWER,54.83,63.97
ASHOKA,12.91,14.91
SHAH,48,48
CGCL,46.26,46.26
IOLCP,18.08,18.08
RPPINFRA,12.82,12.82
ZEELEARN,1.78,6.65
RKDL,,314.83
VADILALIND,20.84,20.84
OMINFRAL,41.97,41.97
ASHIANA,49.07,49.07
INVENTURE,17.77,15.45
RUCHINFRA,26.09,58.38
RAMCOIND,29.43,29.43
INDRAMEDCO,20.06,20.06
MADRASFERT,337.5,33.58
SKMEGGPROD,8.49,8.49
BANKINDIA,8.51,8.51
ICICIBANK,18.21,18.21
INDSWFTLAB,2.73,11.73
ASAHISONG,18.75,148.01
BROOKS,158.17,158.17
TDPOWERSYS,51.57,51.57
APLLTD,38.76,38.76
PGEL,61.26,61.26
PANAMAPET,13.16,13.16
PAISALO,34.97,35.04
SHAKTIPUMP,37.99,37.99
INDOTHAI,18,18
DSSL,31.72,31.72
POLYMED,71.6,71.6
VIKASECO,96.88,96.88
KANANIIND,98.12,98.12
MINDACORP,51.44,51.44
DBSTOCKBRO,18.45,18.45
SCHNEIDER,110.74,108.63
NDL,15.98,15.98
TBZ,17.95,17.95
VSSL,24.33,24.33
SPECIALITY,27.85,27.85
MAYURUNIQ,22.92,22.92
DUCON,29.62,29.62
ZUARI,5.91,5.91
CARERATING,29.68,29.68
ORIENTCEM,39.29,39.29
PILITA,64.18,64.18
ORBTEXP,15.39,15.39
SREEL,27.07,27.07
CAPLIPOINT,25.17,25.17
SNOWMAN,112.2,112.2
SHARDACROP,34.24,34.24
CIGNITITEC,28.32,27.73
GOODLUCK,23.23,23.23
FCL,34.01,34.01
NIACL,55.16,55.16
HDFCLIFE,92.6,92.6
DNAMEDIA,.46,
APOLLO,118.96,118.96
AMBER,84.21,84.21
SAREGAMA,53.18,53.18
ENGINERSIN,39.77,39.77
JAICORPLTD,122.37,122.37
GMDCLTD,21.97,21.97
MAHAPEXLTD,.53,34.92
ASAHIINDIA,52.34,52.34
J&KBANK,6.42,6.42
CUB,11.24,11.24
SOUTHBANK,6.06,6.06
ASTRAZEN,111.02,119.66
AXISBANK,13.59,13.59
CYIENT,29.14,27.49
KOKUYOCMLN,35.64,35.64
GOACARBON,8.03,8.03
SANGHVIMOV,25.41,25.41
NATIONALUM,16.9,20
JINDALSTEL,17.75,17.75
NIPPOBATRY,30.16,30.16
HCLTECH,27,27
ACCELYA,30.37,30.45
IOB,45.29,45.29
BIL,49.33,49.33
KTKBANK,6.44,6.44
AJANTPHARM,36.75,36.75
CALSOFT,41.92,41.92
PNC,42.02,42.02
TAJGVK,28.19,28.19
CHENNPETRO,5.94,5.94
GAEL,18.8,18.8
BALAJITELE,36.92,36.92
MRO-TEK,44.17,44.17
HIKAL,63.26,63.26
MARKSANS,28.83,28.83
SMSLIFE,41.61,41.61
GEEKAYWIRE,12.62,12.62
ABCAPITAL,18.55,18.55
CHOLAHLDNG,7.46,7.46
WORTH,12.85,12.85
DPWIRES,26.52,26.52
AIROLAM,24.73,24.73
GODREJAGRO,52.06,52.06
IEX,43.94,43.94
GICRE,10.77,10.77
IFGLEXPOR,27.56,27.56
5PAISA,25,25
SILVERTUC,60.22,60.22
SHALBY,39.05,39.05
ONEPOINT,63.56,63.56
AJOONI,56.43,56.43
SILLYMONKS,170.21,170.21
NEWGEN,56.21,56.21
PNBGILTS,35.22,38.48
NLCINDIA,21.37,21.37
HAVELLS,82.86,82.86
AXISCADES,71.74,71.74
KHANDSE,279.38,279.38
LUPIN,43.36,43.36
BHARTIARTL,147.39,94.18
SURANAT&P,39.88,39.88
CANBK,6.32,6.32
RADICO,90.56,90.56
BAGFILMS,22.12,22.12
WELSPUNLIV,25.53,25.53
BIOCON,32.01,31.9
POONAWALLA,16.7,23.87
NIITLTD,43.25,42.98
COFORGE,52.94,53.54
ASTRAMICRO,77.81,77.81
INDOCO,39.87,43.35
JSWSTEEL,29.12,31.07
GOKEX,52.66,52.66
SHOPERSTOP,211.51,182.05
JKPAPER,9.18,9.18
VHL,350.97,41.32
SPLIL,16.11,16.1
SASKEN,32.8,32.8
JMFINANCIL,356.94,9.8
INSPIRISYS,65.39,65.39
MANALIPETC,88.05,77.52
HIRECT,98.32,70.25
HBLPOWER,66.43,61.8
SARLAPOLY,26.38,26.38
PITTIENG,47.17,47.17
CTE,41.53,41.53
REDINGTON,13.41,13.41
INDIANB,9.63,9.63
RAJTV,463.28,463.28
JKTYRE,14.27,13.94
NCLIND,11.33,11.33
ICRA,37.42,37.42
PHOENIXLTD,47.65,47.65
ZENITHSTL,21.34,21.34
SRHHYPOLTD,14.06,12.75
KMSUGAR,13.77,13.77
TIMETECHNO,24.23,24.23
NELCAST,23.75,33.86
TARMAT,,136.95
MEGASOFT,65.12,65.12
ALPA,11.64,11.68
CENTRALBK,18.36,18.36
KPRMILL,36.72,36.72
PURVA,214.76,214.76
KSCL,18.19,18.19
DELTACORP,18.2,22.77
BVCL,21.99,21.99
ADANIPOWER,13.2,13.2
RTNPOWER,1.02,
SHILPAMED,177.18,196.74
DLINKINDIA,24.06,24.06
BEARDSELL,18.33,18.33
UNITEDTEA,13.57,13.57
EMMBI,19.24,19.24
ISFT,22.51,22.51
SJVN,64.15,69
HMVL,207.49,207.49
IITL,6.13,8.59
WELINV,105.13,105.13
CAREERP,15.57,15.57
WABAG,33.42,32.48
JWL,72.28,72.28
RESPONIND,48.03,48.03
PENIND,24.66,24.66
KIRLOSENG,40.29,39.37
HINDMOTORS,27.42,27.42
LOVABLE,39.74,39.74
PIIND,38.2,38.2
DELPHIFX,15.79,15.79
DHANUKA,32.26,32.26
EMKAYTOOLS,12.79,12.79
MHHL,10.61,10.61
MAHICKRA,83.54,83.54
SHUBHLAXMI,23.44,23.44
MINDPOOL,184.43,184.43
SECL,1512.05,1512.05
PARTYCRUS,21.04,21.04
SIDDHIKA,16.07,16.07
WALPAR,43.04,43.04
BEWLTD,36.14,36.14
ABCOTS,49.67,49.67
DKEGL,11.75,11.75
DYNAMIC,75.28,75.28
JSLL,41.55,41.55
EUROBOND,61.29,61.29
SHIGAN,41.12,41.12
SPRL,28.93,28.93
SONUINFRA,19.61,19.61
LEMERITE,254.51,254.51
KRISHNADEF,109.56,109.56
AMEYA,33.05,33.05
RILINFRA,34.76,34.76
CMRSL,15.57,12.75
SABAR,14.38,14.38
FIDEL,24.46,24.46
VIVIANA,117.73,117.73
KANDARP,35.01,35.01
ISHAN,,178.26
BAHETI,42.77,42.77
MEGAFLEX,46.91,46.91
RITEZONE,14.97,14.97
AMIABLE,10.3,10.3
DOLLEX,14.22,14.22
FROG,33.36,33.36
PRITIKA,54.9,54.9
VERTEXPLUS,145.05,145.05
SRIVASAVI,29.54,29.54
RBMINFRA,42.36,42.36
HOMESFY,75.28,63.06
VIAZ,29.56,29.56
MCON,52.22,52.22
QFIL,22.55,22.55
NIRMAN,79.3,79.3
SYSTANGO,21.7,21.7
AUROIMPEX,15.95,15.95
CRAYONS,19.33,19.33
INFOLLION,34.77,34.77
KRISHCA,31.7,31.7
REMUS,40.75,40.75
PENTAGON,20.23,20.23
PROV,54.65,54.65
EFACTOR,18.81,18.81
DENTALKART,68.48,68.48
SSFL,79.01,79.01
SANGANI,23.21,23.21
GLOBALPET,46.34,46.34
PRAMARA,34.53,34.53
ZEAL,23.22,23.22
UNIHEALTH,17.94,17.94
CHAVDA,20.83,20.83
PLADAINFO,10.02,10.02
KARNIKA,38.53,38.53
SAAKSHI,87.77,87.77
BASILIC,48.96,48.96
CPS,82.17,82.17
NEWJAISA,63.17,63.17
HOLMARC,30.76,30.76
VISHNUINFR,20.77,20.77
INSPIRE,17.01,17.01
MAITREYA,33.56,33.56
VINYAS,245.3,245.3
KKVAPOW,138.03,138.03
AURDIS,12.54,12.54
GICL,64.11,64.11
PASHUPATI,160.84,160.84
CADSYS,12.32,12.57
GOLDSTAR,69.22,69.22
OMFURN,21.58,21.58
AISL,26.91,26.91
FELIX,82.57,82.57
SOLEX,149.24,149.24
GODREJCP,,80.07
SMSPHARMA,48.14,48.14
PAGEIND,81.21,81.21
BALAMINES,33.04,33.04
BANSWRAS,17.35,17.35
AROGRANITE,59.13,59.13
FORTIS,60.54,61.73
HILTON,26.56,26.56
NAVINFLUOR,64.69,78.07
NAGREEKEXP,20.18,20.18
V2RETAIL,106.31,106.31
DLF,120.98,120.98
ADSL,27.6,27.6
ISMTLTD,25.29,23.6
MOTILALOFS,12.57,12.57
MAGNUM,15.69,21.68
MAANALU,23.02,23.02
RELIGARE,24.45,51.37
ADANIPORTS,40.32,38.78
EDELWEISS,11.72,11.72
KAUSHALYA,3.19,3.19
JYOTHYLAB,53.74,53.74
HITECHCORP,19.44,19.44
TRIL,142.42,142.42
BRIGADE,72.11,72.11
MANAKSIA,8.27,6.27
AMBIKCO,17.98,17.98
BIRLAMONEY,15.7,15.7
CORDSCABLE,31.77,31.77
HERCULES,56.08,56.08
IRB,43.9,43.9
NMDC,12.55,12.09
GSS,33.62,33.62
RECLTD,11.26,11.26
NESCO,17.78,17.78
BAJAJ-AUTO,34.25,34.25
GOKUL,231.41,18.96
ALMONDZ,20.35,53.46
RANEENGINE,23.53,19.12
ARCHIDPLY,26.67,26.67
LOTUSEYE,49.44,49.91
VINYLINDIA,33.54,33.54
20MICRONS,15.42,15.13
TATAMTRDVR,1.25,1.22
COUNCODOS,32.17,32.17
MAWANASUG,11.87,11.87
AJMERA,24.87,24.87
VINATIORGA,64.08,64.08
NHPC,26.12,26.12
SUNTECK,122.81,122.81
DEN,12.31,12.31
SARDAEN,19.05,18.98
AHLUCONT,24.26,38.97
GODREJPROP,120.94,120.94
MMTC,234.92,333.27
WHIRLPOOL,116.37,109.63
JUBLFOOD,99.68,170.08
DBREALTY,8.32,8.85
TEXMOPIPES,46.92,15.44
PERSISTENT,62.78,62.78
KSL,21.36,21.36
MANAPPURAM,8.2,8.2
TI,34.99,34.26
IMFA,10.82,10.82
AHLEAST,7.05,9.21
UGARSUGAR,43.7,43.7
ADFFOODS,34.69,34.69
KILITCH,42.46,42.46
SASTASUNDR,10.88,10.88
CANTABIL,37.45,38.18
BEDMUTHA,35.61,35.61
OBEROIRLTY,29.77,29.77
COALINDIA,9.8,9.8
JINDWORLD,100.07,100.07
JAMNAAUTO,26.42,26.42
MOIL,34.32,34.32
PSB,74.31,74.31
KICL,40.29,53.67
SUMMITSEC,28.9,25.39
JUBLINDS,79.15,36.91
TEXRAIL,114.29,114.29
DHUNINV,13.37,13.37
PFS,22.32,22.32
SYMPHONY,54.17,53.74
RELAXO,107.39,107.39
KARMAENG,881.58,881.58
MAITHANALL,9.64,9.64
RUSHIL,21.8,21.8
ELGIRUBCO,34.93,98.91
TIPSINDLTD,55.08,55.08
TRIDENT,57.85,57.87
TCI,27.09,26.89
PNB,12.19,12.19
UNIONBANK,7.21,7.21
GODREJIND,46.47,46.47
MARUTI,30.18,30.18
TVSELECT,2527.12,2527.12
TVTODAY,26.26,24.8
MPSLTD,29.99,29.99
OLECTRA,177.43,193.35
APTECHT,44.45,38.2
TIMESGTY,65.31,65.31
NUCLEUS,21.27,21.27
OMAXAUTO,28.03,
VARDHACRLC,24.01,24.01
UCOBANK,34.48,34.48
NSIL,41.59,41.59
IGL,23.6,23.6
DREDGECORP,98.49,96.43
UPL,,19.97
PTC,12.43,12.16
VAIBHAVGBL,43.57,41.7
XPROINDIA,48.09,46.28
DATAMATICS,19.49,19.49
EXCELINDUS,93.78,93.78
LT,31.83,31.97
ULTRACEMCO,48.23,48.04
TEXINFRA,440.38,440.38
GUFICBIO,40.76,40.76
WELENT,21.01,21.01
JBMA,130.43,130.43
DWARKESH,16.52,16.52
XCHANGING,111.49,111.49
CONSOFINVT,13.55,13.55
EVEREADY,73.81,73.81
SAKSOFT,32.65,32.65
SSWL,5.54,16.26
PRIMESECU,34.46,38.88
JSWHL,66.15,66.15
YESBANK,53.8,53.8
MSPL,74.26,60.67
GOLDIAM,22.74,22.74
FCSSOFT,,73.33
SUZLON,97.85,91.31
TRIVENI,22.69,22.69
NAHARINDUS,71.14,58.85
VIMTALABS,29.66,29.66
CELEBRITY,53.47,54.69
NITINSPIN,16.57,16.57
ROHLTD,20.48,20.48
GSPL,8.6,8.78
GVKPIL,4.65,4.65
SAKUMA,24.41,24.41
KEC,57.71,57.71
JKCEMENT,39.11,39.56
INDOTECH,46.56,46.56
M&MFIN,17.99,17.99
CENTURYPLY,47.38,47.38
VAKRANGEE,535.55,582.61
GALLANTT,34.63,34.63
UTTAMSUGAR,9.46,9.46
KKCL,26.55,26.55
GPIL,15.37,15.59
RSYSTEMS,43.1,43.1
LOKESHMACH,57.38,57.38
SWELECTES,31.39,66.3
RATNAMANI,40.28,40.28
PIONEEREMB,39.8,39.8
JKLAKSHMI,20.67,20.94
ALLCARGO,42.35,55.71
MUNJALAU,24.24,16.81
GRINDWELL,75.53,75.48
VOLTAMP,57.5,57.5
SELAN,35.82,35.82
ACE,50.46,50.46
HOVS,32.58,32.58
ALICON,15.66,15.66
FIEMIND,21.09,21.09
GLOBALVECT,326.61,326.61
NAUKRI,128.17,119.45
TORNTPOWER,39.46,39.46
RUCHIRA,8.24,8.24
JINDRILL,15.41,15.41
TANLA,23.32,23.32
AVTNPL,25.24,25.24
TIDEWATER,34.59,34.59
PTL,24.05,24.05
AUTOIND,30.5,30.59
PGIL,26.27,26.19
FSL,34.7,34.7
TFL,152.68,152.68
GULPOLY,69.82,69.82
LAMBODHARA,41.81,41.81
GENUSPAPER,176.06,176.06
VISHNU,29.25,29.25
JMA,9.45,9.45
MANAKALUCO,42.6,42.6
LFIC,6.04,6.04
VRLLOG,55.85,56.12
BCG,1.09,1.09
UFO,41.27,37.37
PNCINFRA,14.49,14.49
ORICONENT,34.5,29.01
SYNGENE,64.01,66.29
RAMASTEEL,51.97,51.97
PKTEA,20.99,20.99
ARVSMART,71.44,71.44
NAVKARCORP,398.15,398.15
GUJGASLTD,39.12,40.69
COFFEEDAY,,6.5
BALAXI,,15.76
SALZERELEC,33.99,33.99
LALPATHLAB,70.94,70.94
OCCL,6.83,6.83
TEAMLEASE,50.82,52.35
VIDHIING,59.66,59.66
KELLTONTEC,23.02,23.02
PDMJEPAPER,11.94,11.94
SAGARDEEP,71.15,71.15
SHRIPISTON,18.4,18.4
BLS,44.42,44.42
GALAXYSURF,33.65,33.65
GMMPFAUDLR,35.61,35.61
BDL,84.5,84.5
SUNDARMHLD,30.87,30.87
HAL,43.2,43.2
ISEC,12.73,12.73
LEMONTREE,64.1,64.1
ORIENTELEC,77.57,96.45
ADANIGREEN,249.09,206.32
FINEORG,38.39,38.35
VARROC,18.91,18.91
CREDITACC,13.99,13.99
SIGIND,15.23,15.23
DALBHARAT,39.75,35.54
PAKKA,24.8,24.8
THEINVEST,63.66,63.66
RANEHOLDIN,26.33,12.32
APOLLOHOSP,104.5,104.64
INDBANK,26.74,26.74
NEULANDLAB,35.82,35.82
TAINWALCHM,39.61,39.61
JYOTISTRUC,80.7,80.7
MUNJALSHOW,21.37,20.1
RANASUG,13.79,13.79
UFLEX,,14.31
VSTIND,23.3,23.3
TOKYOPLAST,109.77,109.77
SANOFI,31.09,29.23
KABRAEXTRU,48.99,48.99
PRSMJOHNSN,54.56,
EIHAHOTELS,35.03,35.03
IDBI,17.88,17.88
DHAMPURSUG,10.69,10.69
ZEEL,68.87,243.41
ORIENTHOT,59.62,59.62
KANSAINER,18.93,33.36
SCHAEFFLER,72,71.73
MFSL,97.43,97.43
GODFRYPHLP,30.93,30.93
TATAINVEST,100.2,100.2
SAKHTISUG,3.87,
HINDUNILVR,61.59,61.56
EIDPARRY,8.42,8.42
BIRLACORPN,28.18,28.61
ASHAPURMIN,15.11,23.35
AUTOAXLES,18.9,18.9
KHAITANLTD,31.09,31.09
ANDHRSUGAR,29.22,27.97
AUSOMENT,15.44,15.44
SILINV,21.93,21.93
SUNDRMBRAK,30.54,30.54
INDIANCARD,20.51,
MIRZAINT,53.7,53.7
WONDERLA,33.34,33.34
GULFOILLUB,19.88,19.88
MONTECARLO,23.46,23.46
APOLSINHOT,34.35,34.35
MOLDTKPAC,39.65,39.65
HESTERBIO,165.07,165.07
MANAKCOAT,42.52,42.52
VIPULLTD,2.19,2.17
ARROWGREEN,33.29,33.29
MUTHOOTCAP,4.5,106.73
SHREEPUSHK,20.64,20.64
SHK,21.97,21.97
UMANGDAIRY,219.36,219.36
LINCOLN,14,14
PRECAM,44,68.21
BHAGERIA,39.17,39.17
KDDL,30.99,31.06
INFIBEAM,55.22,55.22
PARAGMILK,24.61,24.61
TREJHARA,19.27,157.21
ANUP,34.7,34.7
ASPINWALL,20.59,20.59
SALONA,26.25,26.25
CONTROLPR,25.44,25.46
MAHASTEEL,35.92,44.16
DAMODARIND,20.87,20.87
MOLDTECH,27.28,27.28
POKARNA,25.44,25.44
GPTINFRA,35.06,35.06
MINDTECK,39.26,39.26
ADVENZYMES,32.58,30.34
SPAL,24.07,24.07
RBLBANK,11.07,11.07
CUPID,32.5,32.5
LTTS,42.19,42.19
ICICIPRULI,262.63,262.63
HPL,88.18,88.18
MASKINVEST,1449.46,1449.46
MAZDA,18.34,18.34
VBL,98.5,98.5
KINGFA,27.67,27.67
NBIFIN,71.21,71.21
TCIEXP,35,35
LAURUSLABS,159.26,159.26
ITDC,101.04,100.94
SPCENET,145.85,145.85
BHANDARI,18.59,18.59
PRICOLLTD,43.05,43.05
RADIOCITY,78.69,78.69
NRAIL,6.24,6.24
BHAGYANGR,7.76,7.76
TEJASNET,133.19,133.19
GTPL,20.13,20.13
STEELXIND,147.19,147.19
AVADHSUGAR,9.83,9.83
GANGESSECU,48.12,48.12
COCHINSHIP,82.86,82.86
APEX,62,62
DIXON,184.96,184.96
MATRIMONY,27.04,27.04
CAPACITE,22.42,22.42
SBILIFE,86.29,86.29
TCPLPACK,22.63,22.63
MASFIN,19.53,19.53
PENINLAND,16.18,22.84
WHEELS,41.66,41.66
PREMIERPOL,22.49,22.49
SMLISUZU,27.58,27.58
FACT,448.48,167.33
ELECON,40.42,40.42
LAXMIMACH,44.94,44.94
PEL,,37.98
NELCO,86.52,86.52
MAHSCOOTER,51.07,52.74
TRENT,141.61,229.79
KECL,109.78,109.78
KCP,11.89,11.86
JBCHEPHARM,52.93,52.93
INFY,29.24,29.24
IFBIND,67.12,67.12
IGPL,50.45,50.45
GNFC,20.69,20.69
BHARATFORG,86.7,86.03
BASF,44.52,44.52
ARVIND,28.65,28.8
TATAMOTORS,11.95,11.68
SCI,21.2,21.2
LINDEINDIA,158.83,158.83
ESCORTS,44.36,44.36
ASHOKLEY,27.34,26.79
TITAN,88.77,88.77
SUNDARMFIN,34.5,32.99
VEDL,23.07,34.57
RELIANCE,26.21,26.21
NOCIL,38.88,38.88
BATAINDIA,78.75,71.98
CARBORUNIV,76.61,76.61
HINDOILEXP,15.61,18.1
BALMLAWRIE,24.56,24.56
MOTOGENFIN,118.93,118.93
RAMCOCEM,55.97,55.97
ADORWELD,30.88,30.88
TORNTPHARM,62.32,65.07
ATFL,381.26,784.1
SUPREMEIND,68.79,68.79
BALRAMCHIN,18.31,18.31
JTEKTINDIA,50.28,53.06
TATAELXSI,55.06,55.06
SANDESH,6.44,6.44
ASHIMASYN,9.17,9.17
BALKRISIND,43.09,43.09
RAJSREESUG,18.32,18.32
ONGC,7.75,7.57
TIL,8.03,
BERGEPAINT,55.76,55.95
ANIKINDS,640.93,640.93
BSL,19,19
APCOTEXIND,42.83,42.83
RCF,51.71,61.54
KARURVYSYA,10.5,10.5
DECCANCE,25.04,18.9
TATAPOWER,45.8,49.5
ADVANIHOTR,25.77,25.77
SUBROS,47.11,47.11
BHARATRAS,56.48,56.48
TATACOMM,59.32,70.73
MURUDCERA,68.08,68.08
M&M,32.21,32.21
HEIDELBERG,31.61,31.61
3PLAND,34.74,34.74
OSWALAGRO,350.36,346.9
SAIL,23.17,18.34
ABB,113.75,113.75
GRAPHITE,12.62,553.65
BBL,41.44,41.44
ELECTCAST,16.91,16.91
CIPLA,29.34,28.35
HEROMOTOCO,28.36,27.49
HARRMALAYA,,1570.61
GIPCL,18.49,18.49
INDIANHUME,34.94,34.94
HINDCOMPOS,23.83,23.83
KAMATHOTEL,13.74,46.2
BANCOINDIA,20.04,20.04
APOLLOTYRE,20.31,19.58
SHANTIGEAR,60.6,60.6
PRECWIRE,39.53,39.53
NILKAMAL,25.51,25.51
ICIL,23.73,23.73
SEAMECLTD,33.26,33.26
AUROPHARMA,25.49,24.67
EIHOTEL,41.03,40.59
LICHSGFIN,9.15,9.15
GICHSGFIN,9.17,9.17
MOREPENLAB,30.8,30.8
WSTCSTPAPR,5.23,5.23
VENKEYS,34.11,34.11
GHCL,6.54,8.58
HIL,64.36,1204.18
BPL,44.98,44.98
PGHH,75.73,75.73
VESUVIUS,43.06,43.06
BOMDYEING,1.63,
NAVNETEDUL,17.69,19.27
GLAXO,77.74,69.4
INDHOTEL,75.17,75.17
KOTAKBANK,16.96,19.6
JAYSREETEA,28.56,
GOLDENTOBC,10.77,12.22
ESABINDIA,60.48,60.48
GABRIEL,40.13,40.13
RALLIS,50.12,50.39
KSB,86.21,86.21
HEG,35.47,35.47
TIMKEN,76.85,76.85
SHREECEM,41.51,41.51
IPCALAB,61.62,67.18
HINDALCO,14.78,14.8
GSFC,16.93,16.93
GRASIM,19.03,18.29
FINCABLES,38.74,45.44
DCM,34.11,34.11
CESC,15.29,18.62
PVP,10.19,
PEARLPOLY,81.85,81.85
REMSONSIND,49.44,48.48
NATCOPHARM,17.22,17.22
TNPETRO,18.69,14.98
EIMCOELECO,40.57,40.57
SAMBHAAV,67.14,88.87
KEYFINSERV,9.33,9.33
SANGAMIND,51.01,44.55
SOMATEX,5.32,
STERTOOLS,24.74,24.86
HITECHGEAR,15.35,42.75
WENDT,76.24,76.24
PUNJABCHEM,31.48,31.48
DYNAMATECH,40.31,77.19
GANESHHOUC,18.75,18.75
ALKYLAMINE,70.41,70.41
SKIL,.18,8.81
PETRONET,14.39,14.51
APARINDS,39.89,39.89
GULFPETRO,14.81,14.81
KOTARISUG,16.76,16.76
PATELENG,16.92,22.38
JINDALPHOT,57.81,57.81
IIFL,9.69,9.69
CYBERMEDIA,14.08,10.73
GRANULES,33.67,33.67
GENUSPOWER,87.62,87.62
RML,70.33,13.77
TALBROAUTO,23.78,34.4
DCBBANK,7.26,7.26
GESHIP,7.35,7.35
DONEAR,21.43,21.43
SOBHA,391.88,391.94
PLASTIBLEN,21.29,21.29
WANBURY,12.4,22.82
IZMO,27.43,27.43
TIIL,24.73,24.13
PFC,8.79,8.79
INDOWIND,51.05,44.61
POWERGRID,20.41,20.41
CERA,47.26,47.02
GKWLIMITED,144.6,144.6
OIL,13.98,14.04
ZYDUSWELL,56.84,53.96
DBCORP,13.98,13.98
TRF,15.44,15.44
VASCONEQ,33.78,33.78
LGBBROSLTD,16.5,16.81
KIRLOSBROS,52.4,53.13
KIRLOSIND,16.32,14.72
BLISSGVS,13.95,6.89
PRAKASHSTL,2.91,7.27
RAMKY,16.44,16.44
PRESTIGE,45.44,45.44
GRAVITA,45.5,45.5
STEL,61.91,61.91
HFCL,47.8,47.8
MUTHOOTFIN,16.02,16.02
VSTTILLERS,30.79,30.79
