SERIES,SYMBOL,SECURITY,RECORD_DT,BC_STRT_DT,BC_END_DT,EX_DT,ND_STRT_DT,ND_END_DT,PURPOSE
BE,ESABINDIA,Esabindia-depo,05/04/2024, , ,05/04/2024, , ,INTDIV - RS 24 PER SH    
BE,GOODLUCK,Goodluck India Limited,12/04/2024, , ,12/04/2024, , ,INTDIV - RS 2 PER SH     
BE,BTML,Bodhi Tree Multimedia Ltd,05/04/2024, , ,05/04/2024, , ,FVSPLT FRM RS 10 TO RE 1 
BE,DCMSRIND,DCM Shriram Ind Ltd,10/04/2024, , ,10/04/2024, , ,INTDIV - RS 2 PER SH     
BE,SHK,S H Kelkar and Co. Ltd.,12/04/2024, , ,12/04/2024, , ,INTDIV - RE 0.75 PER SH  
BE,IMFA,Indian Metals & Ferro,08/04/2024, , ,08/04/2024, , ,SPLDIV - RS 15 PER SH    
BE,VESUVIUS,Vesuvius India Ltd,11/04/2024, , ,10/04/2024, , ,DIV - RS 12.75 PER SH    
BE,SUNTV,Sun TV Network Limited,08/04/2024, , ,08/04/2024, , ,INTDIV - RS 3 PER SH     
EQ,IMFA,Indian Metals & Ferro,08/04/2024, , ,08/04/2024, , ,SPLDIV - RS 15 PER SH    
EQ,DCMSRIND,DCM Shriram Ind Ltd,10/04/2024, , ,10/04/2024, , ,INTDIV - RS 2 PER SH     
EQ,SUNTV,Sun TV Network Limited,08/04/2024, , ,08/04/2024, , ,INTDIV - RS 3 PER SH     
EQ,VESUVIUS,Vesuvius India Ltd,11/04/2024, , ,10/04/2024, , ,DIV - RS 12.75 PER SH    
EQ,GOODLUCK,Goodluck India Limited,12/04/2024, , ,12/04/2024, , ,INTDIV - RS 2 PER SH     
EQ,BTML,Bodhi Tree Multimedia Ltd,05/04/2024, , ,05/04/2024, , ,FVSPLT FRM RS 10 TO RE 1 
EQ,SHK,S H Kelkar and Co. Ltd.,12/04/2024, , ,12/04/2024, , ,INTDIV - RE 0.75 PER SH  
EQ,ESABINDIA,Esab India Ltd.,05/04/2024, , ,05/04/2024, , ,INTDIV - RS 24 PER SH    
GS,GS100424C,GOI STRIPS C 100424,08/04/2024, , , , , ,REDEMPTION               
GS,GS260424C,GOI STRIPS C 260424,24/04/2024, , , , , ,REDEMPTION               
K1,ABFRL,Aditya Birla Fas & Rt Ltd,09/04/2024, , , , , ,CONVERSION               
MF,ABSLFMUSRN,BIRLASLAMC - ABSLFMUSRN,16/04/2024, , , , , ,REDEMPTION               
MF,ABSLFMUSDN,BIRLASLAMC - ABSLFMUSDN,16/04/2024, , , , , ,REDEMPTION               
MF,ABSLFMUSRG,BIRLASLAMC - ABSLFMUSRG,16/04/2024, , , , , ,REDEMPTION               
MF,ABSLFMUSDG,BIRLASLAMC - ABSLFMUSDG,16/04/2024, , , , , ,REDEMPTION               
NF,DHANILOANS,Dhani Loans & Serv Ltd,05/04/2024, , ,05/04/2024, , ,INTEREST PAYMENT         
NP,IBULHSGFIN,Sec Re NCD 8.20% Sr.VI,09/04/2024, , ,08/04/2024, , ,INTEREST PAYMENT         
NQ,IBULHSGFIN,Sec Re NCD 8.66% Sr.VI,09/04/2024, , ,08/04/2024, , ,INTEREST PAYMENT         
NT,IBULHSGFIN,Sec Re NCD 8.89% Sr.VIII,09/04/2024, , ,08/04/2024, , ,INTEREST PAYMENT         
NV,IBULHSGFIN,UnSe Re NCD 8.89% Sr.X,09/04/2024, , ,08/04/2024, , ,INTEREST PAYMENT         
NW,IBULHSGFIN,UnSe Re NCD 9.35% Sr.X,09/04/2024, , ,08/04/2024, , ,INTEREST PAYMENT         
NX,DHANILOANS,Sec Re NCD 10.49% Sr.VII,08/04/2024, , ,08/04/2024, , ,INTEREST PAYMENT         
SG,576TN24,SDL TN 5.76% 2024,19/04/2024, , , , , ,REDEMPTION               
SG,668AP24,SDL AP 6.68% 2024,12/04/2024, , , , , ,REDEMPTION               
SG,670OR24,SDL OR 6.70% 2024,05/04/2024, , , , , ,REDEMPTION               
SG,676PN24,SDL PN 6.76% 2024,05/04/2024, , , , , ,REDEMPTION               
SM,ARHAM,Arham Technologies Ltd, ,06/04/2024,12/04/2024,05/04/2024, , ,EGM                      
SQ,ARHAM,Arham Technologies Ltd, ,06/04/2024,12/04/2024,05/04/2024, , ,EGM                      
ST,ARHAM,Arham Technologies Ltd, ,06/04/2024,12/04/2024,05/04/2024, , ,EGM                      
UF,DHANILOANS,Dhani Loans & Serv Ltd,05/04/2024, , ,05/04/2024, , ,INTEREST PAYMENT         
UP,IBULHSGFIN,Sec Re NCD 8.20% Sr.VI,09/04/2024, , ,08/04/2024, , ,INTEREST PAYMENT         
UQ,IBULHSGFIN,Sec Re NCD 8.66% Sr.VI,09/04/2024, , ,08/04/2024, , ,INTEREST PAYMENT         
UT,IBULHSGFIN,Sec Re NCD 8.89% Sr.VIII,09/04/2024, , ,08/04/2024, , ,INTEREST PAYMENT         
UV,IBULHSGFIN,UnSe Re NCD 8.89% Sr.X,09/04/2024, , ,08/04/2024, , ,INTEREST PAYMENT         
UW,IBULHSGFIN,UnSe Re NCD 9.35% Sr.X,09/04/2024, , ,08/04/2024, , ,INTEREST PAYMENT         
UX,DHANILOANS,Sec Re NCD 10.49% Sr.VII,08/04/2024, , ,08/04/2024, , ,INTEREST PAYMENT         
W1,ABFRL,Aditya Birla Fas & Rt Ltd,09/04/2024, , , , , ,CONVERSION               

