SYMBOL,SERIES,SECURITY,HIGH/LOW,INDEX FLAG
21STCENMGM,BE,21ST CENTURY MGMT SERVICE,H
3PLAND,BE,3P LAND HOLDINGS LIMITED,H
ABAN,BE,ABAN OFFSHORE LTD.,H
ABINFRA,SM,A B INFRABUILD LIMITED,H
ADROITPP,X1,ADROITINF RS.2.50 PPD UP,H
AGNI,ST,AGNI GREEN POWER LTD,H
AISL,SM,ANI INTEGRATED SERV LTD.,H
AKASH,BE,AKASH INFRA-PROJECTS LTD,H
AKSHAR,BE,AKSHAR SPINTEX LIMITED,H
ANIKINDS,EQ,ANIK INDUSTRIES LTD,H
ANSALAPI,BZ,ANSAL PROP & INFRA LTD,H
ARCHIES,BE,ARCHIES LTD,H
ARHAM,SM,ARHAM TECHNOLOGIES LTD,H
ARSHIYA,BE,ARSHIYA LIMITED,H
ARSSINFRA,BE,ARSS INFRA PROJ. LTD,H
ARTNIRMAN,BE,ART NIRMAN LIMITED,H
ARVEE,EQ,ARVEE LABORATORIES I LTD,H
ASIANENE,EQ,ASIAN ENERGY SERVICES LTD,H
ASMS,EQ,BARTRONICS INDIA LIMITED,H
ATLANTAA,EQ,ATLANTAA LIMITED,H
AZAD,EQ,AZAD ENGINEERING LIMITED,H
BAGFILMS,BE,B.A.G FILMS AND MEDIA LTD,H
BALKRI-RE,BE,BALKRSHNA PAPER MILLS LTD,H
BANKA,BE,BANKA BIOLOO LIMITED,H
BEARDSELL,EQ,BEARDSELL LIMITED,H
BGRENERGY,BE,BGR ENERGY SYSTEMS LTD,H
BIL,EQ,BHARTIYA INTERNATIONAL,H
BLUECHIP,BE,BLUE CHIP INDIA LIMITED,H
BLUEPEBBLE,ST,BLUE PEBBLE LIMITED,H
CEREBRAINT,BE,CEREBRA INT TECH LTD,H
CINEVISTA,EQ,CINEVISTA LIMITED,H
CMMIPL,ST,CMM INFRAPROJECTS LIMITED,H
COMPINFO,BZ,COMPUAGE INFOCOM LTD,H
CORALFINAC,BE,CORAL INDIA FIN & HOUS LT,H
CTE,BE,CAMBRIDGE TECH ENTER LTD,H
CUPID,BE,CUPID LIMITED,H
DBSTOCKBRO,EQ,DB (INT) STOCK BROKERS,H
DEVIT,EQ,DEV INFO TECHNOLOGY LTD,H
DIGISPICE,EQ,DIGISPICE TECHNOLOGIES LT,H
DIGJAMLMTD,BE,DIGJAM LTD,H
EDUCOMP,BZ,EDUCOMP SOLUTIONS LTD,H
ENFUSE,ST,ENFUSE SOLUTIONS LIMITED,H
ENSER,ST,ENSER COMMUNICATIONS LTD,H
ESSARSHPNG,EQ,ESSAR SHIPPING LTD,H
FCONSUMER,BE,FUTURE CONSUMER LIMITED,H
FCSSOFT,EQ,FCS SOFTWARE SOLN. LTD.,H
FLFL,BZ,FUT LIFESTYLE FASH LTD,H
FMNL,BE,FUTURE MKT NETWORKS LTD,H
FRETAIL,BZ,FUTURE RETAIL LIMITED,H
FSC,BZ,FUTURE SUPP CHAIN SOL LTD,H
GATECH,BE,GACM TECHNOLOGIES LIMITED,H
GATECHDVR,BE,GACM TECHNOLOGIES LIMITED,H
GENCON,EQ,GENERIC ENG CONS PROJ LTD,H
GLFL,BE,GUJARAT LEASE FINANCING L,H
GMRP&UI,EQ,GMR POW AND URBAN INFRA L,H
GOENKA,BZ,GOENKA DIAMOND&JEWELS LTD,H
GOKUL,BE,GOKUL REFOILS & SOLV LTD,H
GOLDENTOBC,BZ,GOLDEN TOBACCO LIMITED,H
GOLDTECH,EQ,AION-TECH SOLUTIONS LTD,H
GRAPHISAD,SM,GRAPHISADS LIMITED,H
GSTL,SM,GLOBESECURE TECHNO LTD,H
GTECJAINX,BE,G-TEC JAINX EDUCATION LTD,H
GTL,BE,GTL LTD,H
GTLINFRA,EQ,GTL INFRA.LTD,H
GVPTECH,EQ,GVP INFOTECH LIMITED,H
HAVISHA,BE,SRI HAVISHA HOSP & INFR L,H
HBSL,BE,HB STOCKHOLDINGS LIMITED,H
HDIL,BZ,HOUSING DEV & INFRA LTD,H
HECPROJECT,EQ,HEC INFRA PROJECTS LTD,H
HINDNATGLS,BE,HIND NATL GLASS & IND LTD,H
HMT,BZ,HMT LTD -,H
HOVS,EQ,HOV SERVICES LTD,H
HPIL,BE,HINDPRAKASH INDUSTRY LTD,H
HYBRIDFIN,BE,HYBRID FINANCIAL SERVICE,H
IMPEXFERRO,BE,IMPEX FERRO TECH LIMITED,H
INDOWIND,BE,INDOWIND ENERGY LTD,H
INDSWFTLTD,EQ,IND-SWIFT LIMITED,H
INNOVATIVE,ST,INNOVATIVE TYRES & TUBES,H
INVENTURE,BE,INVENTURE GRO & SEC LTD,H
IPL,EQ,INDIA PESTICIDES LIMITED,H
IRIS,EQ,IRIS BUSINESS SERV LTD,H
ISHAN,ST,ISHAN INTERNATIONAL LTD,H
IZMO,EQ,IZMO LIMITED,H
JAIBALAJI,BE,JAI BALAJI INDUSTRIES LTD,H
JPPOWER,BE,JAIPRAKASH POWER VEN. LTD,H
JYOTICNC,EQ,JYOTI CNC AUTOMATION LTD,H
KANANIIND,BE,KANANI INDUSTRIES LTD,H
KAVVERITEL,EQ,KAVVERI TEL. LTD.,H
KBCGLOBAL,EQ,KBC GLOBAL LIMITED,H
KCEIL,SM,KAY CEE ENERGY & INFRA L,H
KEEPLEARN,EQ,DSJ KEEP LEARNING LTD,H
KEYFINSERV,EQ,KEYNOTE FIN SERV LTD.,H
KSHITIJPOL,BE,KSHITIJ POLYLINE LIMITED,H
LATTEYS,BE,LATTEYS INDUSTRIES LTD,H
LCCINFOTEC,BE,LCC INFOTECH LTD,H
LIBERTSHOE,BE,LIBERTYSHOESLTD,H
MADHUCON,BE,MADHUCON PROJECTS LTD.,H
MAGNUM,EQ,MAGNUM VENTURES LTD.,H
MAHASTEEL,BE,MAHAMAYA STEEL INDS LTD,H
MANAKCOAT,EQ,MAN COAT METAL & IND LTD,H
MARSHALL,BE,MARSHALL MACHINES LTD,H
MDL,ST,MARVEL DECOR LIMITED,H
MEGAFLEX,ST,MEGA FLEX PLASTICS LTD,H
MELSTAR,BZ,MELSTAR INFORMATION TECH,H
MITTAL,BE,MITTAL LIFE STYLE LIMITED,H
MKPL,BE,M K PROTEINS LIMITED,H
MORARJEE,BE,MORARJEE TEXTILES LIMITED,H
MOTOGENFIN,BE,MOTOR & GENERAL FINANCE L,H
MTEDUCARE,BE,MT EDUCARE LTD,H
MTNL,EQ,MAHANAGAR TELEPHONE NIGAM,H
NAGAFERT,EQ,NAGARJUN FERT AND CHE LTD,H
NAGREEKCAP,BE,NAGREEKA CAP & INFR.LTD,H
NILAINFRA,BE,NILA INFRASTRUCTURES LTD,H
NILASPACES,EQ,NILA SPACES LIMITED,H
NIRAJ,BE,NIRAJ CEMENT STRUC LTD,H
NOIDATOLL,BE,NOIDA TOLL BRIDGE CO LTD,H
OMKARCHEM,BZ,OMKAR SPL CHEM LTD,H
ORTEL,BZ,ORTEL COMMUNICATIONS LTD,H
OSIAHYPER,BE,OSIA HYPER RETAIL LIMITED,H
OSWALAGRO,EQ,OSWAL AGRO MILLS LTD,H
OSWALSEEDS,EQ,SHREEOSWAL S AND CHE LTD,H
PAISALO,EQ,PAISALO DIGITAL LIMITED,H
PANSARI,EQ,PANSARI DEVELOPERS LTD,H
PRAENG,BE,PRAJAY ENG. SYN. LTD.,H
PRAKASHSTL,BE,PRAKASH STEELAGE LTD,H
PREMIER,BE,PREMIER LIMITED,H
PULZ,SM,PULZ ELECTRONICS LIMITED,H
PVP,EQ,PVP VENTURES LIMITED,H
RADIOWALLA,ST,RADIOWALLA NETWORK LTD,H
RAJMET,BE,RAJNANDINI METAL LIMITED,H
RAJRILTD,BE,RAJ RAYON INDUSTRIES LTD,H
RCOM,BE,RELIANCE COMMUNICATIONS L,H
RICHA,SM,RICHA INFO SYSTEMS LTD,H
ROCKINGDCE,SM,ROCKINGDEALS CIRCU ECO L,H
ROLLT,BE,ROLLATAINERS LIMITED,H
ROLTA,BZ,ROLTA INDIA LTD,H
RSSOFTWARE,BE,R. S. SOFTWARE (INDIA) LI,H
RUCHINFRA,EQ,RUCHI INFRASTRUCTURE LTD,H
RVHL,BE,RAVINDER HEIGHTS LIMITED,H
SABEVENTS,BE,SAB EVENTS & GOVERNANCE,H
SABTNL,BE,SRI ADHIKARI BRO TELE N L,H
SAMBHAAV,BE,SAMBHAAV MEDIA LTD,H
SANCO,BZ,SANCO INDUSTRIES LIMITED,H
SANGINITA,BE,SANGINITA CHEMICALS LTD,H
SCILAL,EQ,SHIPPING CORP OF ILA LTD,H
SECL,SM,SALASAR EXTERIOR CONT LTD,H
SECMARK,BE,SECMARK CONSULTANCY LTD,H
SECURKLOUD,BE,SECUREKLOUD TECH LIMITED,H
SEL,ST,SUNGARNER ENERGIES LTD,H
SELMC,EQ,SEL MANUFACTURING CO LTD,H
SEPC,EQ,SEPC LIMITED,H
SETCO,EQ,SETCO AUTOMOTIVE LTD,H
SETUINFRA,BZ,SETUBANDHAN INFRA LTD,H
SEYAIND,BE,SEYA INDUSTRIES LIMITED,H
SHIVATEX,BE,SHIVA TEXYARN LIMITED,H
SICALLOG,BE,SICAL LOGISTICS LIMITED,H
SIGNORIA,SM,SIGNORIA CREATION LIMITED,H
SILLYMONKS,EQ,SILLY MONKS ENTERTAIN LTD,H
SITINET,BE,SITI NETWORKS LIMITED,H
SKMEGGPROD,EQ,SKM EGG PROD EXPORT(I) LT,H
SPARC,BE,SUN PHARMA ADV.RES.CO.LTD,H
SPTL,BE,SINTEX PLASTICS TECH LTD,H
SRPL,BE,SHREE RAM PROTEINS LTD.,H
SUMEETINDS,BE,SUMEET IND LIMITED,H
SUMIT,EQ,SUMIT WOODS LIMITED,H
SUPERSPIN,BE,SUPER SPINNING MILLS LTD,H
SURANASOL,EQ,SURANA SOLAR LIMITED,H
SURANAT&P,BE,SURANA TELECOM AND POW LT,H
SUULD,EQ,SUUMAYA INDUSTRIES LTD,H
SUVEN,BE,SUVEN LIFE SCIENCES LTD,H
SVPGLOB,EQ,SVP GLOBAL TEXTILES LTD,H
TAC,ST,TAC INFOSEC LIMITED,H
TAKE,EQ,TAKE SOLUTIONS LTD,H
TARMAT,BE,TARMAT LIMITED,H
TIMESGTY,BE,TIMES GUARANTY LIMITED,H
TNTELE,BE,TAMILNADU TELECOMMUNICATI,H
TRANSWIND,ST,TRANSWIND INFRA LIMITED,H
TREJHARA,BE,TREJHARA SOLUTIONS LTD,H
TRIL,BE,TRANS & RECTI. LTD,H
TRUST,ST,TRUST FINTECH LIMITED,H
TVVISION,BE,TV VISION LIMITED,H
UMESLTD,BE,USHA MARTIN EDU & SOL LTD,H
URJA,BE,URJA GLOBAL LIMITED,H
VCL,BE,VAXTEX COTFAB LIMITED,H
VHLTD,BE,VICEROY HOTELS LIMITED,H
VINEETLAB,BE,VINEET LABORATORIES LTD,H
VIPULLTD,BE,VIPUL LIMITED,H
VISASTEEL,BE,VISA STEEL LIMITED,H
VISHWAS,ST,VISHWAS AGRI SEEDS LTD,H
VIVIDHA,BE,VISAGAR POLYTEX LTD,H
VLEGOV,BE,VL E GOV AND IT SOL LTD,H
VSCL,SM,VADIVARHE SPCLTY CHEM LTD,H
WEWIN,EQ,WE WIN LIMITED,H
WINSOME,BE,WINSOME YARNS LIMITED,H
ZENITHSTL,EQ,ZENITH STEEL PIP IND LTD,H
AAKASH,EQ,AAKASH EXPLORATION SER L,L
ABINFRA,SM,A B INFRABUILD LIMITED,L
AGSTRA,BE,AGS TRANSACT TECH LTD,L
AKI,BE,AKI INDIA LIMITED,L
AKSHOPTFBR,BE,AKSH OPTIFIBRE  LTD,L
ASPIRE,ST,ASPIRE & INNOVATIVE ADV L,L
BLBLIMITED,BE,BLB LIMITED,L
BRIGHT,SM,BRIGHT SOLAR LIMITED,L
CENTEXT,BE,CENTURY EXTRUSIONS LTD,L
DBCORP,BE,D.B.CORP LTD,L
DHANBANK,BE,DHANLAXMI BANK LIMITED,L
ENERGYDEV,EQ,ENERGY DEVE. CO.LTD,L
EXCEL,BE,EXCEL REALTY N INFRA LTD,L
FCONSUMER,BE,FUTURE CONSUMER LIMITED,L
FEL,BZ,FUTURE ENTERPRISES LTD,L
FMNL,BE,FUTURE MKT NETWORKS LTD,L
GOENKA,BZ,GOENKA DIAMOND&JEWELS LTD,L
GOYALALUM,BE,GOYAL ALUMINIUMS LIMITED,L
GTLINFRA,EQ,GTL INFRA.LTD,L
HYBRIDFIN,BE,HYBRID FINANCIAL SERVICE,L
KARNIKA,SM,KARNIKA INDUSTRIES LTD,L
KDL,SM,KORE DIGITAL LIMITED,L
KRITIKA,BE,KRITIKA WIRES LIMITED,L
MADHUCON,BE,MADHUCON PROJECTS LTD.,L
MASKINVEST,BE,MASK INVESTMENTS LIMITED,L
MELSTAR,BZ,MELSTAR INFORMATION TECH,L
MEP,BE,MEP INFRA. DEVELOPERS LTD,L
METALFORGE,BZ,METALYST FORGINGS LIMITED,L
MILTON,SM,MILTON INDUSTRIES LIMITED,L
NAGREEKCAP,BE,NAGREEKA CAP & INFR.LTD,L
NAMAN,ST,NAMAN IN-STORE (INDIA) L,L
NILASPACES,EQ,NILA SPACES LIMITED,L
OMKARCHEM,BZ,OMKAR SPL CHEM LTD,L
ONDOOR,SM,ON DOOR CONCEPTS LIMITED,L
ONELIFECAP,BE,ONELIFE CAP ADVISORS LTD,L
PRAENG,BE,PRAJAY ENG. SYN. LTD.,L
RBMINFRA,ST,RBM INFRACON LIMITED,L
RCOM,BE,RELIANCE COMMUNICATIONS L,L
RHL,BE,ROBUST HOTELS LIMITED,L
RKDL,BE,RAVI KUMAR DIST. LTD.,L
RPOWER,BE,RELIANCE POWER LTD.,L
SABAR,SM,SABAR FLEX INDIA LIMITED,L
SERVOTECH,BE,SERVOTECH POWER SYS LTD.,L
SHRENIK,EQ,SHRENIK LIMITED,L
SITINET,BE,SITI NETWORKS LIMITED,L
SRM,BE,SRM CONTRACTORS LIMITED,L
SUMEETINDS,BE,SUMEET IND LIMITED,L
TECHLABS,SM,TRIDENT TECHLABS LIMITED,L
TPHQ,BE,TEAMO PRODUCTIONS HQ LTD,L
TRANSWIND,ST,TRANSWIND INFRA LIMITED,L
UNITECH,BZ,UNITECH LIMITED,L
VASWANI,BE,VASWANI IND LTD,L
VEEKAYEM,ST,VEEKAYEM FASH & APP LTD,L
VISESHINFO,BZ,VISESH INFOTECNICS LTD,L
VIVIDHA,BE,VISAGAR POLYTEX LTD,L
WALPAR,ST,WALPAR NUTRITIONS LIMITED,L
WEL,EQ,WONDER ELECTRICALS LTD,L
ZEELEARN,BE,ZEE LEARN LIMITED,L
