GAIN_LOSS,SECURITY,CLOSE_PRIC,PREV_CL_PR,PERCENT_CG
 ,Nifty 50 Sec., , , 
 , , , , 
G,KOTAK MAHINDRA BANK LTD,      1785.15,      1749.15,2.06
G,SBI LIFE INSURANCE CO LTD,      1485.30,      1463.75,1.47
G,HDFC BANK LTD,      1549.55,      1527.60,1.44
G,BAJAJ FINSERV LTD.,      1677.95,      1655.80,1.34
G,ITC LTD,       427.55,       422.75,1.14
G,HDFC LIFE INS CO LTD,       629.40,       622.40,1.12
G,SHRIRAM FINANCE LIMITED,      2518.85,      2499.30,.78
G,STATE BANK OF INDIA,       764.75,       759.30,.72
G,ADANI PORT & SEZ LTD,      1375.55,      1366.85,.64
G,DR. REDDY S LABORATORIES,      6179.30,      6142.50,.6
G,MAHINDRA & MAHINDRA LTD,      2013.30,      2002.70,.53
G,INDUSIND BANK LIMITED,      1552.40,      1544.45,.51
G,ADANI ENTERPRISES LIMITED,      3224.80,      3210.80,.44
G,EICHER MOTORS LTD,      4031.25,      4014.30,.42
G,ICICI BANK LTD.,      1083.40,      1078.85,.42
G,DIVI S LABORATORIES LTD,      3748.15,      3734.20,.37
G,HCL TECHNOLOGIES LTD,      1545.25,      1539.65,.36
G,POWER GRID CORP. LTD.,       278.40,       277.65,.27
G,HINDUSTAN UNILEVER LTD.,      2266.95,      2264.95,.09
G,HERO MOTOCORP LIMITED,      4524.90,      4522.95,.04
 , , , , 
L,ULTRATECH CEMENT LIMITED,      9823.60,     10005.10,-1.81
L,GRASIM INDUSTRIES LTD,      2237.55,      2277.85,-1.77
L,BAJAJ AUTO LIMITED,      9009.50,      9146.15,-1.49
L,BAJAJ FINANCE LIMITED,      7175.65,      7283.40,-1.48
L,LARSEN & TOUBRO LTD.,      3743.10,      3797.85,-1.44
L,BHARAT PETROLEUM CORP  LT,       590.45,       598.50,-1.35
L,HINDALCO  INDUSTRIES  LTD,       570.05,       577.75,-1.33
L,BHARTI AIRTEL LIMITED,      1191.00,      1206.85,-1.31
L,TECH MAHINDRA LIMITED,      1263.40,      1279.25,-1.24
L,ASIAN PAINTS LIMITED,      2883.45,      2918.30,-1.19
L,MARUTI SUZUKI INDIA LTD.,     12421.60,     12567.25,-1.16
L,TITAN COMPANY LIMITED,      3754.45,      3782.75,-0.75
L,CIPLA LTD,      1449.40,      1459.55,-0.7
L,APOLLO HOSPITALS ENTER. L,      6397.75,      6440.60,-0.67
L,SUN PHARMACEUTICAL IND L,      1609.00,      1619.35,-0.64
L,JSW STEEL LIMITED,       857.10,       862.50,-0.63
L,TATA CONSULTANCY SERV LT,      3979.25,      4003.30,-0.6
L,INFOSYS LIMITED,      1479.10,      1486.70,-0.51
L,WIPRO LTD,       485.05,       487.40,-0.48
L,NESTLE INDIA LIMITED,      2537.65,      2549.60,-0.47
L,TATA MOTORS LIMITED,      1007.10,      1011.60,-0.44
L,COAL INDIA LTD,       446.95,       448.85,-0.42
L,OIL AND NATURAL GAS CORP.,       267.95,       269.00,-0.39
L,AXIS BANK LIMITED,      1059.10,      1062.95,-0.36
L,TATA CONSUMER PRODUCT LTD,      1115.55,      1117.95,-0.21
L,RELIANCE INDUSTRIES LTD,      2920.20,      2925.85,-0.19
L,LTIMINDTREE LIMITED,      4927.50,      4935.20,-0.16
L,TATA STEEL LIMITED,       163.35,       163.40,-0.03
L,NTPC LTD,       354.55,       354.65,-0.03
L,BRITANNIA INDUSTRIES LTD,      4813.05,      4813.60,-0.01
 , , , , 
 ,Nifty Next 50 Sec., , , 
 , , , , 
G,SBI CARDS & PAY SER LTD,       730.35,       694.15,5.22
G,ICICI LOMBARD GIC LIMITED,      1717.80,      1638.30,4.85
G,MARICO LIMITED,       509.50,       491.50,3.66
G,JIO FIN SERVICES LTD,       373.20,       361.30,3.29
G,VEDANTA LIMITED,       318.95,       309.95,2.9
G,INDIAN RAILWAY FIN CORP L,       147.85,       143.75,2.85
G,GODREJ CONSUMER PRODUCTS,      1210.10,      1177.55,2.76
G,ABB INDIA LIMITED,      6669.85,      6501.80,2.58
G,ZYDUS LIFESCIENCES LTD,      1006.50,       983.20,2.37
G,ICICI PRU LIFE INS CO LTD,       620.00,       605.75,2.35
G,GAIL (INDIA) LTD,       190.75,       186.50,2.28
G,DLF LIMITED,       905.85,       888.20,1.99
G,BHARAT ELECTRONICS LTD,       224.50,       220.30,1.91
G,ZOMATO LIMITED,       190.50,       187.00,1.87
G,CHOLAMANDALAM IN & FIN CO,      1217.65,      1196.35,1.78
G,TORRENT PHARMACEUTICALS L,      2577.10,      2537.55,1.56
G,JINDAL STEEL & POWER LTD,       915.75,       903.35,1.37
G,HINDUSTAN AERONAUTICS LTD,      3586.05,      3540.95,1.27
G,CANARA BANK,       615.00,       607.40,1.25
G,PUNJAB NATIONAL BANK,       136.55,       135.10,1.07
G,BAJAJ HOLDINGS & INVS LTD,      8195.55,      8124.60,0.87
G,COLGATE PALMOLIVE LTD.,      2729.35,      2707.00,0.83
G,INFO EDGE (I) LTD,      5674.65,      5628.20,0.83
G,HAVELLS INDIA LIMITED,      1550.10,      1538.75,0.74
G,UNITED SPIRITS LIMITED,      1128.30,      1120.20,0.72
G,BERGER PAINTS (I) LTD,       562.15,       558.65,0.63
G,ADANI GREEN ENERGY LTD,      1901.95,      1890.85,0.59
G,INDIAN RAIL TOUR CORP LTD,      1002.95,       998.15,0.48
G,INTERGLOBE AVIATION LTD,      3499.55,      3484.05,0.44
G,POWER FIN CORP LTD.,       416.80,       415.00,0.43
 , , , , 
L,ADANI POWER LTD,       626.70,       642.00,-2.38
L,TRENT LTD,      3932.60,      4003.20,-1.76
L,VARUN BEVERAGES LIMITED,      1493.75,      1514.55,-1.37
L,LIFE INSURA CORP OF INDIA,       992.75,      1006.55,-1.37
L,INDIAN OIL CORP LTD,       168.00,       169.65,-0.97
L,TVS MOTOR COMPANY  LTD,      2069.40,      2086.70,-0.83
L,AVENUE SUPERMARTS LIMITED,      4619.25,      4645.05,-0.56
L,ADANI TOTAL GAS LIMITED,       979.00,       984.20,-0.53
L,ADANI ENERGY SOLUTION LTD,      1096.30,      1102.00,-0.52
L,REC LIMITED,       471.60,       473.90,-0.49
L,SHREE CEMENT LIMITED,     25811.05,     25910.25,-0.38
L,BANK OF BARODA,       268.90,       269.45,-0.2
L,SRF LTD,      2586.85,      2591.50,-0.18
L,SAMVRDHNA MTHRSN INTL LTD,       119.40,       119.60,-0.17
 , , , , 
 ,OTHER SECURITIES, , , 
 , , , , 
G,IND-SWIFT LIMITED,        23.70,        19.75,20
G,ARVEE LABORATORIES I LTD,       211.25,       176.05,19.99
G,KEYNOTE FIN SERV LTD.,       199.35,       166.15,19.98
G,WE WIN LIMITED,        87.80,        73.20,19.95
G,SKM EGG PROD EXPORT(I) LT,       314.20,       262.20,19.83
G,SHREEOSWAL S AND CHE LTD,        36.65,        30.65,19.58
G,SHIPPING CORP OF ILA LTD,        65.65,        55.25,18.82
G,JET FREIGHT LOGISTICS LTD,        15.85,        13.50,17.41
G,INDRAPRASTHA MEDICAL CORP,       243.80,       207.70,17.38
G,AUTOMOTIVE STAMPINGS & AS,       717.40,       618.50,15.99
G,NILKAMAL LIMITED,      2042.65,      1770.60,15.36
G,IND SWIFT LABORATORIES LT,       128.25,       112.05,14.46
G,GEEKAY WIRES LIMITED,       116.40,       102.40,13.67
G,IIFL FINANCE LIMITED,       401.25,       355.10,13
G,SIGNORIA CREATION LIMITED,       185.55,       165.00,12.45
G,COMPUCOM SOFTWARE LTD,        31.40,        28.15,11.55
G,INDIAN RENEWABLE ENERGY,       176.45,       158.35,11.43
G,WEIZMANN LTD,       129.05,       116.45,10.82
G,CAMLIN FINE SCIENCES LTD,       109.60,        98.95,10.76
G,LEXUS GRANITO (INDIA) LTD,        41.95,        37.95,10.54
G,EMUDHRA LIMITED,       756.20,       685.25,10.35
G,AAVAS FINANCIERS LIMITED,      1598.55,      1452.15,10.08
G,SUUMAYA INDUSTRIES LTD,         8.25,         7.50,10
G,PULZ ELECTRONICS LIMITED,       162.85,       148.05,10
G,BHARTIYA INTERNATIONAL,       432.45,       393.15,10
G,IZMO LIMITED,       344.15,       312.90,9.99
G,HEC INFRA PROJECTS LTD,        81.50,        74.10,9.99
G,HOV SERVICES LTD,        78.20,        71.10,9.99
G,INDIA PESTICIDES LIMITED,       243.45,       221.35,9.98
G,ARHAM TECHNOLOGIES LTD,       234.10,       212.85,9.98
 , , , , 
L,SHIVA MILLS LIMITED,        96.20,       104.45,-7.9
L,NANDAN DENIM LIMITED,        35.85,        38.75,-7.48
L,SAHAJ FASHIONS LIMITED,        22.60,        24.35,-7.19
L,MARINETRANS INDIA LIMITED,        33.15,        35.40,-6.36
L,BOND 8.37% TAX FREE S3A,      5918.00,      6275.00,-5.69
L,TRUCAP FINANCE LIMITED,        68.20,        72.25,-5.61
L,MAGSON RETAIL AND DIST L,        92.10,        97.50,-5.54
L,THE HI-TECH GEARS LIMITED,       870.60,       919.10,-5.28
L,RACHANA INFRA LTD,        42.05,        44.30,-5.08
L,SABAR FLEX INDIA LIMITED,        19.95,        21.00,-5
L,KORE DIGITAL LIMITED,       830.10,       873.75,-5
L,ON DOOR CONCEPTS LIMITED,       288.65,       303.80,-4.99
L,MILTON INDUSTRIES LIMITED,        33.40,        35.15,-4.98
L,WALPAR NUTRITIONS LIMITED,       115.75,       121.80,-4.97
L,ENERGY DEVE. CO.LTD,        27.90,        29.35,-4.94
L,AAKASH EXPLORATION SER L,        11.60,        12.20,-4.92
L,VIVIANA POWER TECH LTD,       300.00,       315.10,-4.79
L,LEAD REC AND RUB PROD LTD,        33.90,        35.55,-4.64
L,GPT INFRAPROJECTS LTD,       172.60,       180.85,-4.56
L,MEGA FLEX PLASTICS LTD,        30.35,        31.80,-4.56
L,BOMBAY METRICS S C LTD,        94.50,        99.00,-4.55
L,SEC RE NCD 9.55% SR.VII,       937.00,       980.00,-4.39
L,KARNIKA INDUSTRIES LTD,       295.05,       308.55,-4.38
L,PHANTOM DIGITAL EFF LTD,       457.35,       477.20,-4.16
L,VITAL CHEMTECH LIMITED,        78.95,        82.35,-4.13
L,ITALIAN EDIBLES LIMITED,        38.40,        40.05,-4.12
L,UPSURGE SEEDS OF AGRI LTD,       333.00,       346.95,-4.02
L,GOI LOAN  6.76% 2061,        94.16,        98.00,-3.92
L,BIRLASOFT LIMITED,       749.15,       779.30,-3.87
L,SEC RE NCD 9.65% SR.I,       980.00,      1019.00,-3.83
