SECURITY,NEW,PREVIOUS,NEW_STATUS
21ST CENTURY MGMT SERVICE,45.75,45.25,H
2.50%GOLDBONDS 2025TR-VII,7089,7029,H
2.50%GOLDBONDS 2025 SR-XI,7077,6666,H
PITTI ENGINEERING LIMITED,863.75,833,H
2.50%GOLDBONDS2029SR-IV,6835,6809.99,H
V2 RETAIL LIMITED,519.8,505.85,H
VENUS PIPES & TUBES LTD,2043.5,1998.05,H
ELECTROTHERM (I) LTD.,594.95,594.7,H
RELIANCE POWER LTD.,34.45,33.35,H
GOI TBILL 364D-11/04/24,99.81,99.6,H
MIRAEAMC - SMALLCAP,47.15,47,H
ICICIPRAMC-ICICIFIN,23.9,23.87,H
GVP INFOTECH LIMITED,11.95,11.5,H
BALKRSHNA PAPER MILLS LTD,4.25,3.05,H
THERMAX LTD,4639.9,4581.65,H
MAHINDRA & MAHINDRA LTD,2027.45,2015,H
LOKESH MACHINES LTD,469.95,459.8,H
CPSE ETF,85.4,85,H
2.50%GOLDBONDS2026SR-I,6939,6938.99,H
2.50%GOLDBONDS2027SR-VII,6926,6889.99,H
2.50%GOLDBONDS2029SR-XII,6800,6799.99,H
MMP INDUSTRIES LIMITED,309.9,307.45,H
RELCAPAMC-NETFSDL26,123.2,122.85,H
KALPATARU PROJECT INT LTD,1175.8,1163,H
GOI TBILL 91D-18/04/24,99.82,99.63,H
MIRAEAMC - MAM150ETF,19.15,18.85,H
SIMPLEX INFRASTRUCTURES L,127,115.8,H
DOMS INDUSTRIES LIMITED,1728,1710,H
SEC RED NCD SR. V,1615,1611.11,H
DSJ KEEP LEARNING LTD,4.45,4.25,H
INDRAPRASTHA MEDICAL CORP,249,207.7,H
BHARAT BIJLEE LTD,6731.15,6649,H
NCC LIMITED,278.05,267.4,H
2.50%GOLDBONDS2028SR-IV,6810.01,6796,H
SUMIT WOODS LIMITED,69.15,62.95,H
SEC RE NCD 0% SR.II,1023.55,1020,H
GOI TBILL 182D-25/07/24,97.4,97,H
SEC RE NCD SR VIII,1069,1025,H
PRECOT LIMITED,339.55,332.9,H
GOI TBILL 364D-19/09/24,95.82,95.24,H
DSPAMC - DSPBANKETF,48.95,48.79,H
ASIAN HOTELS (NORTH) LTD,144.55,141.75,H
ABB INDIA LIMITED,6683.7,6622.45,H
KEI INDUSTRIES LTD.,3667.4,3624.7,H
2.50%GOLDBONDS2027SR-VI,6855,6850,H
2.5%GOLDBONDS2029SR-I,6810,6805,H
YUKEN INDIA LIMITED,884,866,H
MIRAEAMC - MAFANG,98.97,92.5,H
SRIVARI SPICES N FOODS L,368.8,340.5,H
D. P. ABHUSHAN LIMITED,940,930,H
WONDER ELECTRICALS LTD,862.9,825.5,H
REDTAPE LIMITED,714.5,708,H
HDFC GOLD ETF,62.8,61.55,H
GOI TBILL 364D-27/02/25,94.05,94,H
SERENCD8.65%SR.IIICIII&IV,1070,1068,H
NAVIAMC - NAVINIFTY,232.64,232,H
MARVEL DECOR LIMITED,99.65,96.15,H
SUPREME INFRA. LTD,82.3,81.85,H
KOTAKMAMC-KOTAKBKETF,496.05,491.66,H
SIGNORIA CREATION LIMITED,198,173.35,H
INDO TECH TRANSFORM LTD.,1338,1260,H
SUNDARAM FINANCE LTD,4394.9,4300.5,H
EIMCO ELECON (INDIA) LTD,1900,1897.8,H
R M DRIP & SPRINK SYS LTD,142,140.7,H
2.50%GOLDBONDS2027SR-V,6898.79,6850,H
2.50%GOLDBONDS2028SR-X,6848,6797.98,H
2.50%GOLDBONDS2027SR-II,6969,6808,H
TRANS & RECTI. LTD,465.8,448.15,H
GOI TBILL 364D-20/02/25,94.19,93.4,H
SEC RE NCD 8.40% SR 1,1018.38,1005,H
BHARAT ROAD NETWORK LTD,71,67.7,H
MOTILALAMC - MOSMALL250,16,15.54,H
OWAIS METAL & MINERAL,571.1,553.35,H
ASCOM LEASIN & INVEST LTD,247,236,H
ICICIPRAMC - ICICIM150,189.5,189.3,H
SDL KL 7.62% 2038,99,98,H
GENESYS INTL CORPN LTD,724.7,705,H
2.5%GOLDBONDS2029SR-VII,6825,6814,H
2.50%GOLDBONDS2029SR-V,6950,6940,H
NILA SPACES LIMITED,8.05,7.7,H
FORCE MOTORS LIMITED,8272.25,7900,H
JIO FIN SERVICES LTD,374.85,374.5,H
SUN PHARMA ADV.RES.CO.LTD,433.65,413,H
DIAMOND POWER INFRA LTD,587.6,576.1,H
LIC MF - LIC GOLD ETF,6434,6428.9,H
INOX INDIA LIMITED,1434,1359.5,H
MEDI ASSIST HEALTH SER L,564,559.75,H
INTERIORS & MORE LIMITED,300,284.95,H
ENSER COMMUNICATIONS LTD,75.6,74,H
ASPIRE & INNOVATIVE ADV L,63.3,62.25,H
DSPAMC - LIQUIDADD,1003.17,1002.67,H
VICEROY HOTELS LIMITED,45.75,43.6,H
APAR INDUSTRIES LTD.,7447,7400,H
OBEROI REALTY LIMITED,1586.8,1585.55,H
2.50%GOLDBONDS2030SR-X,6820,6800,H
ZOMATO LIMITED,191.8,189,H
HUBTOWN LIMITED,154.9,153,H
SEC RE NCD SR.II,1108,1096,H
ARVEE LABORATORIES I LTD,211.25,209.2,H
MACPOWER CNC MACHINES LTD,1219.95,1197.8,H
R K SWAMY LIMITED,312,307.8,H
DSPAMC - DSPPVBKETF,24.3,24.15,H
KRYSTAL INTEGRATED SER L,867.05,852,H
CIGNITI TECHNOLOGIES LTD,1351.75,1348.5,H
IZMO LIMITED,344.15,312.9,H
MIRAEAMC - MASPTOP50,44,43.89,H
GOI LOAN  7.06% 2028,104.94,104,H
SEC RE NCD SR.V,1143.75,1136.77,H
GOI TBILL 364D-16/05/24,99.96,98.45,H
JUNIPER HOTELS LIMITED,538.25,525.95,H
GOI TBILL 182D-18/04/24,99.26,99,H
SDL KA 7.68% 2037,100,99,H
SRI ADHIKARI BRO TELE N L,50.05,47.7,H
SDL PN 7.77% 2036,100.15,100.1,H
SEC RE NCD 10% SR.I,1070,1055,H
TRUST FINTECH LIMITED,157.9,150.4,H
BLUE PEBBLE LIMITED,230.3,219.35,H
SHIPPING CORP OF ILA LTD,66.3,55.25,H
DIGIDRIVE DISTRIBUTORS L,38.05,38.8,L
PRUDENTIAL SUGAR CORPORAT,24.35,24.45,L
JHS SVEND. LAB. LTD,19.15,21.15,L
ALANKIT LIMITED,17.35,17.65,L
SIGNPOST INDIA LIMITED,344.95,351.1,L
SEC RE NCD 10.25% SR XII,970,990,L
DHRUV CONSULTANCY SER LTD,107.35,109.5,L
PRATHAM EPC PROJECTS LTD,108.65,111,L
BODHI TREE MULTIMEDIA LTD,17.65,122.6,L
MEDICO REMEDIES LIMITED,46.2,46.7,L
KARMA ENERGY LIMITED,62.75,63.8,L
INTEGRA ESSENTIA LIMITED,3.3,3.35,L
CUPID LIMITED,120.5,123,L
GUJARAT RAFFIA INDUST LTD,40.45,41,L

