SERIES,SYMBOL,SECURITY,RECORD_DT,BC_STRT_DT,BC_END_DT,EX_DT,ND_STRT_DT,ND_END_DT,PURPOSE
BE,SANGINITA,Sanginita Chemicals Limit,07/05/2024, , ,07/05/2024, , ,RIGHTS 1:2 @ PRM RS 8/-  
BE,ABHISHEK,Abhishek Corporation Ltd.,10/05/2024, , ,10/05/2024, , ,CONSO/CAP RED            
BE,OFSS,Oracle Fin Serv Soft Ltd.,07/05/2024, , ,07/05/2024, , ,INTDIV - RS 240 PER SH   
BE,CANBK,Canara Bank,15/05/2024, , ,15/05/2024, , ,FVSPLT FRM RS 10 TO RS 2 
BE,SANOFI,Aventis Pharma Limited, ,04/05/2024,14/05/2024,03/05/2024, , ,ANNUAL GENERAL MEETING   
BE,ABB,ABB India Limited, ,05/05/2024,11/05/2024,03/05/2024, , ,AGM/DIV RS 23.80 PER SH  
BE,AJOONI,Ajooni Biotech Limited,07/05/2024, , ,07/05/2024, , ,RIGHTS 1:1 @ PRM RS 3/-  
BE,SONAMLTD,Sonam Clock Limited,10/05/2024, , ,10/05/2024, , ,FVSPLT FRM RS 10 TO RS 5 
BE,BDL,Bharat Dynamics Limited,24/05/2024, , ,24/05/2024, , ,FVSPLT FRM RS 10 TO RS 5 
BE,LAURUSLABS,Laurus Labs Limited,08/05/2024, , ,08/05/2024, , ,INTDIV - RE 0.40 PER SH  
BE,HCLTECH,HCL Technologies Ltd.,07/05/2024, , ,07/05/2024, , ,INTDIV - RS 18 PER SH    
EQ,BDL,Bharat Dynamics Limited,24/05/2024, , ,24/05/2024, , ,FVSPLT FRM RS 10 TO RS 5 
EQ,AJOONI,Ajooni Biotech Limited,07/05/2024, , ,07/05/2024, , ,RIGHTS 1:1 @ PRM RS 3/-  
EQ,LAURUSLABS,Laurus Labs Limited,08/05/2024, , ,08/05/2024, , ,INTDIV - RE 0.40 PER SH  
EQ,HCLTECH,HCL Technologies Ltd.,07/05/2024, , ,07/05/2024, , ,INTDIV - RS 18 PER SH    
EQ,OFSS,Oracle Fin Serv Soft Ltd.,07/05/2024, , ,07/05/2024, , ,INTDIV - RS 240 PER SH   
EQ,ABB,ABB India Limited, ,05/05/2024,11/05/2024,03/05/2024, , ,AGM/DIV RS 23.80 PER SH  
EQ,NIF100IETF,ICICI Pru Nifty 100 ETF,10/05/2024, , ,10/05/2024, , ,FVSPLT FRM RS 10 TO RE 1 
EQ,ALPL30IETF,ICICIPRAMC - ICICIALPLV,10/05/2024, , ,10/05/2024, , ,FVSPLT FRM RS 10 TO RE 1 
EQ,FMCGIETF,ICICIPRAMC - ICICIFMCG,10/05/2024, , ,10/05/2024, , ,FVSPLT FRM RS 10 TO RE 1 
EQ,MIDCAPIETF,ICICIPRAMC - ICICIM150,10/05/2024, , ,10/05/2024, , ,FVSPLT FRM RS 10 TO RE 1 
EQ,MIDSELIETF,ICICI Pru Midcap Sel ETF,10/05/2024, , ,10/05/2024, , ,FVSPLT FRM RS 10 TO RE 1 
EQ,SONAMLTD,Sonam Clock Limited,10/05/2024, , ,10/05/2024, , ,FVSPLT FRM RS 10 TO RS 5 
EQ,QUAL30IETF,ICICIPRAMC - ICICIQTY30,10/05/2024, , ,10/05/2024, , ,FVSPLT FRM RS 10 TO RE 1 
EQ,SANOFI,Aventis Pharma Limited, ,04/05/2024,14/05/2024,03/05/2024, , ,ANNUAL GENERAL MEETING   
EQ,CANBK,Canara Bank,15/05/2024, , ,15/05/2024, , ,FVSPLT FRM RS 10 TO RS 2 
EQ,SANGINITA,Sanginita Chemicals Limit,07/05/2024, , ,07/05/2024, , ,RIGHTS 1:2 @ PRM RS 8/-  
EQ,ABHISHEK,Abhishek Corporation Ltd.,10/05/2024, , ,10/05/2024, , ,CONSO/CAP RED            
GS,GS100524C,GOI STRIPS C 100524,08/05/2024, , , , , ,REDEMPTION               
GS,761GS2030,GOI LOAN 7.61% 2030,08/05/2024, , ,08/05/2024, , ,INTEREST PAYMENT         
GS,824GS2033,GOI LOAN 8.24% 2033,09/05/2024, , ,09/05/2024, , ,INTEREST PAYMENT         
IV,IRBINVIT,IRB InvIT Fund,07/05/2024, , ,07/05/2024, , ,DIV/DISTRIBUTION - RS 2  
MF,UFIS2QPRR5,UTI-FIIF II-QIP- V-RDR,06/05/2024, , , , , ,DIV/STP                  
MF,UFIS2QPRP5,UTI-FIIF II-QIP- V-RDP,06/05/2024, , , , , ,DIV/STP                  
MF,UFDS2QPIG5,UTIAMC - UFDS2QPIG5,06/05/2024, , , , , ,STP                      
MF,UFDS2QPIP5,UTIAMC - UFDS2QPIP5,06/05/2024, , , , , ,DIV/STP                  
MF,UFIS2QPRG5,UTI-FIIF II-QIP- V-RG,06/05/2024, , , , , ,STP                      
NP,IBULHSGFIN,Sec Re NCD 8.20% Sr.VI,09/05/2024, , ,09/05/2024, , ,INTEREST PAYMENT         
NQ,IBULHSGFIN,Sec Re NCD 8.66% Sr.VI,09/05/2024, , ,09/05/2024, , ,INTEREST PAYMENT         
NT,IBULHSGFIN,Sec Re NCD 8.89% Sr.VIII,09/05/2024, , ,09/05/2024, , ,INTEREST PAYMENT         
NW,IBULHSGFIN,UnSe Re NCD 9.35% Sr.X,09/05/2024, , ,09/05/2024, , ,INTEREST PAYMENT         
RR,EMBASSY,Embassy Office Parks REIT,06/05/2024, , ,06/05/2024, , ,DIV/DISTRIBU RS 5.22     
RT,EMBASSY,Embassy Office Parks REIT,06/05/2024, , ,06/05/2024, , ,DIV/DISTRIBU RS 5.22     
SG,582TS24,SDL TS 5.82% 2024,09/05/2024, , , , , ,REDEMPTION               
SG,56HR24,SDL HR 5.6% 2024,16/05/2024, , , , , ,REDEMPTION               
SG,538RJ24,SDL RJ 5.38% 2024,22/05/2024, , , , , ,REDEMPTION               
SG,565KL24,SDL KL 5.65% 2024,09/05/2024, , , , , ,REDEMPTION               
SM,SABAR,Sabar Flex India Limited, ,30/04/2024,06/05/2024,29/04/2024, , ,ANNUAL GENERAL MEETING   
SQ,SABAR,Sabar Flex India Limited, ,30/04/2024,06/05/2024,29/04/2024, , ,ANNUAL GENERAL MEETING   
ST,SABAR,Sabar Flex India Limited, ,30/04/2024,06/05/2024,29/04/2024, , ,ANNUAL GENERAL MEETING   
UP,IBULHSGFIN,Sec Re NCD 8.20% Sr.VI,09/05/2024, , ,09/05/2024, , ,INTEREST PAYMENT         
UQ,IBULHSGFIN,Sec Re NCD 8.66% Sr.VI,09/05/2024, , ,09/05/2024, , ,INTEREST PAYMENT         
UT,IBULHSGFIN,Sec Re NCD 8.89% Sr.VIII,09/05/2024, , ,09/05/2024, , ,INTEREST PAYMENT         
UW,IBULHSGFIN,UnSe Re NCD 9.35% Sr.X,09/05/2024, , ,09/05/2024, , ,INTEREST PAYMENT         

