GAIN_LOSS,SECURITY,CLOSE_PRIC,PREV_CL_PR,PERCENT_CG
 ,Nifty 50 Sec., , , 
 , , , , 
G,BRITANNIA INDUSTRIES LTD,      5061.60,      4744.60,6.68
G,KOTAK MAHINDRA BANK LTD,      1624.30,      1546.70,5.02
G,TATA CONSULTANCY SERV LT,      3921.05,      3843.40,2.02
G,HINDUSTAN UNILEVER LTD.,      2256.20,      2217.05,1.77
G,MAHINDRA & MAHINDRA LTD,      2224.95,      2193.00,1.46
G,SUN PHARMACEUTICAL IND L,      1529.15,      1511.15,1.19
G,LTIMINDTREE LIMITED,      4703.95,      4651.95,1.12
G,TECH MAHINDRA LIMITED,      1262.25,      1250.45,.94
G,INDUSIND BANK LIMITED,      1497.50,      1483.70,.93
G,HCL TECHNOLOGIES LTD,      1358.80,      1348.05,.8
G,APOLLO HOSPITALS ENTER. L,      6056.70,      6009.60,.78
G,JSW STEEL LIMITED,       880.65,       874.20,.74
G,INFOSYS LIMITED,      1425.90,      1416.30,.68
G,TATA STEEL LIMITED,       167.60,       166.50,.66
G,BHARTI AIRTEL LIMITED,      1283.40,      1277.40,.47
G,ICICI BANK LTD.,      1146.30,      1142.05,.37
G,TATA CONSUMER PRODUCT LTD,      1098.15,      1094.30,.35
G,DIVI S LABORATORIES LTD,      3963.00,      3950.95,.3
G,WIPRO LTD,       458.65,       457.35,.28
G,TATA MOTORS LIMITED,      1016.20,      1013.40,.28
G,HDFC BANK LTD,      1522.65,      1519.60,.2
G,AXIS BANK LIMITED,      1143.65,      1141.50,.19
G,ASIAN PAINTS LIMITED,      2932.15,      2929.75,.08
G,NESTLE INDIA LIMITED,      2457.40,      2456.10,.05
 , , , , 
L,TITAN COMPANY LIMITED,      3280.15,      3533.90,-7.18
L,ADANI ENTERPRISES LIMITED,      2874.65,      2993.25,-3.96
L,BHARAT PETROLEUM CORP  LT,       610.25,       629.85,-3.11
L,COAL INDIA LTD,       460.60,       474.60,-2.95
L,STATE BANK OF INDIA,       807.80,       831.45,-2.84
L,ADANI PORT & SEZ LTD,      1289.95,      1320.30,-2.3
L,NTPC LTD,       356.80,       364.95,-2.23
L,HDFC LIFE INS CO LTD,       555.05,       565.90,-1.92
L,SHRIRAM FINANCE LIMITED,      2547.55,      2588.55,-1.58
L,OIL AND NATURAL GAS CORP.,       282.15,       286.10,-1.38
L,POWER GRID CORP. LTD.,       306.85,       310.85,-1.29
L,HINDALCO  INDUSTRIES  LTD,       638.80,       647.10,-1.28
L,GRASIM INDUSTRIES LTD,      2453.30,      2481.35,-1.13
L,LARSEN & TOUBRO LTD.,      3463.30,      3499.80,-1.04
L,BAJAJ FINANCE LIMITED,      6859.85,      6931.50,-1.03
L,RELIANCE INDUSTRIES LTD,      2839.05,      2868.00,-1.01
L,BAJAJ FINSERV LTD.,      1611.35,      1627.30,-0.98
L,HERO MOTOCORP LIMITED,      4509.75,      4552.75,-0.94
L,DR. REDDY S LABORATORIES,      6293.45,      6349.55,-0.88
L,BAJAJ AUTO LIMITED,      9052.55,      9105.60,-0.58
L,MARUTI SUZUKI INDIA LTD.,     12439.30,     12492.15,-0.42
L,ULTRATECH CEMENT LIMITED,      9776.90,      9816.30,-0.4
L,ITC LTD,       434.75,       436.45,-0.39
L,SBI LIFE INSURANCE CO LTD,      1440.60,      1443.25,-0.18
L,CIPLA LTD,      1423.40,      1424.75,-0.09
L,EICHER MOTORS LTD,      4599.00,      4599.25,-0.01
 , , , , 
 ,Nifty Next 50 Sec., , , 
 , , , , 
G,ABB INDIA LIMITED,      6940.35,      6698.55,3.61
G,SIEMENS LTD,      6107.65,      5928.05,3.03
G,MARICO LIMITED,       530.30,       516.90,2.59
G,ZYDUS LIFESCIENCES LTD,      1020.75,       997.40,2.34
G,COLGATE PALMOLIVE LTD.,      2858.25,      2799.15,2.11
G,UNITED SPIRITS LIMITED,      1231.70,      1208.30,1.94
G,CHOLAMANDALAM IN & FIN CO,      1326.00,      1309.70,1.24
G,DLF LIMITED,       887.10,       878.20,1.01
G,SRF LTD,      2587.60,      2567.65,0.78
G,HAVELLS INDIA LIMITED,      1675.20,      1663.55,0.7
G,JINDAL STEEL & POWER LTD,       936.00,       931.50,0.48
G,ICICI LOMBARD GIC LIMITED,      1681.35,      1673.40,0.48
G,TVS MOTOR COMPANY  LTD,      2056.85,      2052.75,0.2
G,VARUN BEVERAGES LIMITED,      1507.15,      1506.70,0.03
G,PIDILITE INDUSTRIES LTD,      2953.30,      2952.80,0.02
 , , , , 
L,POWER FIN CORP LTD.,       437.80,       480.45,-8.88
L,REC LIMITED,       516.60,       557.80,-7.39
L,PUNJAB NATIONAL BANK,       127.10,       135.80,-6.41
L,CANARA BANK,       591.80,       625.65,-5.41
L,LIFE INSURA CORP OF INDIA,       934.00,       979.15,-4.61
L,BANK OF BARODA,       265.70,       275.75,-3.64
L,GAIL (INDIA) LTD,       197.80,       203.80,-2.94
L,INDIAN RAIL TOUR CORP LTD,      1022.20,      1052.45,-2.87
L,HINDUSTAN AERONAUTICS LTD,      3816.40,      3920.20,-2.65
L,INDIAN OIL CORP LTD,       166.25,       170.75,-2.64
L,ADANI POWER LTD,       589.05,       604.70,-2.59
L,SAMVRDHNA MTHRSN INTL LTD,       127.85,       131.20,-2.55
L,AMBUJA CEMENTS LTD,       607.45,       622.45,-2.41
L,BERGER PAINTS (I) LTD,       511.35,       523.25,-2.27
L,TATA POWER CO LTD,       446.30,       454.75,-1.86
L,ADANI GREEN ENERGY LTD,      1766.65,      1799.80,-1.84
L,JIO FIN SERVICES LTD,       370.25,       375.90,-1.5
L,ADANI TOTAL GAS LIMITED,       917.15,       930.40,-1.42
L,VEDANTA LIMITED,       410.50,       415.65,-1.24
L,BHARAT ELECTRONICS LTD,       231.85,       234.10,-0.96
L,INDIAN RAILWAY FIN CORP L,       155.65,       157.00,-0.86
L,SHREE CEMENT LIMITED,     25537.00,     25746.55,-0.81
L,ZOMATO LIMITED,       195.70,       197.25,-0.79
L,TORRENT PHARMACEUTICALS L,      2717.20,      2734.70,-0.64
L,BAJAJ HOLDINGS & INVS LTD,      8186.20,      8238.45,-0.63
L,SBI CARDS & PAY SER LTD,       718.00,       722.25,-0.59
L,INTERGLOBE AVIATION LTD,      3998.25,      4019.25,-0.52
L,ICICI PRU LIFE INS CO LTD,       574.30,       576.70,-0.42
L,TRENT LTD,      4509.05,      4523.65,-0.32
L,ADANI ENERGY SOLUTION LTD,      1058.50,      1061.55,-0.29
 , , , , 
 ,OTHER SECURITIES, , , 
 , , , , 
G,PRESSTONIC ENGINEERING L,       170.10,       141.75,20
G,GRP LIMITED,      7897.65,      6581.40,20
G,KONSTELEC ENGINEERS LTD,       279.10,       232.60,19.99
G,MAHALAXMI RUBTECH LIMITED,       242.20,       201.85,19.99
G,MADHUSUDAN MASALA LIMITED,       159.20,       132.70,19.97
G,GANGES SECURITIES LIMITED,       175.40,       146.50,19.73
G,FONEBOX RETAIL LIMITED,       169.80,       142.00,19.58
G,DOLAT ALGOTECH LIMITED,       134.35,       116.20,15.62
G,SARLA PERF. FIBERS LTD,        78.30,        69.00,13.48
G,WEALTH FRST PORT. MG. LTD,       856.15,       759.30,12.76
G,THE ANUP ENGINEERING LTD,      2063.70,      1836.30,12.38
G,UMA CONVERTER LIMITED,        27.90,        24.90,12.05
G,MARINETRANS INDIA LIMITED,        33.80,        30.40,11.18
G,ALUWIND ARCHITECTURAL LTD,        56.70,        51.00,11.18
G,GODREJ PROPERTIES LTD,      2842.75,      2569.70,10.63
G,BLUE PEBBLE LIMITED,       318.50,       288.60,10.36
G,BAHETI RECYCLING IND LTD,       202.40,       183.50,10.3
G,IBL FINANCE LIMITED,        61.65,        56.00,10.09
G,TAC INFOSEC LIMITED,       689.40,       626.75,10
G,MINDTECK (INDIA) LIMITED,       340.30,       309.40,9.99
G,ESSAR SHIPPING LTD,        30.50,        27.75,9.91
G,ASPIRE & INNOVATIVE ADV L,        81.65,        74.45,9.67
G,JAY JALARAM TECHNO LTD,       431.55,       393.75,9.6
G,WILLIAMSON MAGOR,        40.60,        37.15,9.29
G,8.66%S-R-NCD SERIES 3A,      1399.00,      1283.51,9
G,BRIGADE ENTER. LTD,      1110.05,      1020.60,8.76
G,EIH ASSOCIATED HOTELS LTD,       781.35,       718.90,8.69
G,GOKUL AGRO RESOURCES LTD,       144.35,       133.30,8.29
G,KOTYARK INDUSTRIES LTD,      1347.30,      1244.20,8.29
G,MCON RASAYAN INDIA LTD,       129.90,       120.00,8.25
 , , , , 
L,SEC RE NCD SR III,       984.00,      1100.00,-10.55
L,INFOLLION RESEARCH SER L,       209.00,       231.60,-9.76
L,RACHANA INFRA LTD,        35.05,        38.75,-9.55
L,MRPL,       229.05,       251.50,-8.93
L,TOKYO PLAST INTL LTD,       120.30,       131.00,-8.17
L,MICROPRO SOFTWARE SOL L,        45.00,        49.00,-8.16
L,KRITI NUTRIENTS LIMITED,       103.55,       112.75,-8.16
L,MOS UTILITY LIMITED,       177.20,       192.55,-7.97
L,TRANSWARRANTY FIN. LTD.,        12.75,        13.85,-7.94
L,ARIHANT SUPERSTRUCT LTD,       340.35,       368.05,-7.53
L,AION-TECH SOLUTIONS LTD,       142.05,       153.40,-7.4
L,SEC RED NCD 9.7% SR.VII,      1070.55,      1156.00,-7.39
L,PULZ ELECTRONICS LIMITED,       130.85,       141.05,-7.23
L,USHANTI COLOUR CHEM LTD,        55.70,        60.00,-7.17
L,MOHINI HEALTH&HYGIENE LTD,        57.00,        61.40,-7.17
L,JFL LIFE SCIENCES LIMITED,        43.50,        46.85,-7.15
L,SHUBHLAXMI JEWEL ART LTD,        68.95,        73.95,-6.76
L,PUNJAB CHEM & CROP PROT L,      1086.45,      1163.25,-6.6
L,ENTERTAIN NET. IND. LTD.,       248.30,       265.40,-6.44
L,GARWARE HI-TECH FILMS LTD,      1661.55,      1775.80,-6.43
L,JANA SMALL FIN BANK LTD,       623.15,       665.05,-6.3
L,VALOR ESTATE LIMITED,       214.25,       228.65,-6.3
L,PLADA INFOTECH SERVICES L,        30.75,        32.80,-6.25
L,INDIABULLS REAL EST. LTD,       119.75,       127.70,-6.23
L,SHARP CHUCKS N MACHINES L,       117.45,       125.20,-6.19
L,JAINAM FER ALLOYS (I) LTD,       150.10,       160.00,-6.19
L,KRITI INDUSTRIES IND LTD,       121.35,       129.30,-6.15
L,SIGNPOST INDIA LIMITED,       285.45,       304.00,-6.1
L,UNICHEM LABORATORIES LTD,       564.20,       600.35,-6.02
L,NDL VENTURES LIMITED,        98.65,       104.80,-5.87
