SECURITY,NEW,PREVIOUS,NEW_STATUS
FORTIS HEALTHCARE LTD,470.5,469.7,H
MAN COAT METAL & IND LTD,52.6,52.2,H
GANGES SECURITIES LIMITED,175.8,169,H
ELECTROTHERM (I) LTD.,845,832.45,H
ATMASTCO LIMITED,303.1,290.15,H
GOI TBILL 182D-13/06/24,99.1,99.08,H
GOI TBILL 364D-23/05/24,99.26,99.15,H
DOLPHIN OFF ENT (IND) L,528.5,503.35,H
21ST CENTURY MGMT SERVICE,53.65,53.6,H
SURAJ ESTATE DEVELOPERS L,438,410,H
SDL RJ 7.73% 2038,101,100,H
GUJARAT RAFFIA INDUST LTD,43.4,43.35,H
BASF INDIA LTD,4377,4100,H
MAHINDRA & MAHINDRA LTD,2240,2210,H
VOLTAS LTD,1502.3,1501,H
CPSE ETF,89.9,89.7,H
WELSPUN ENTERPRISES LTD.,383.65,382,H
WEALTH FRST PORT. MG. LTD,888,780,H
THAAI CASTING LIMITED,261.65,245.7,H
TVS HOLDINGS LIMITED,10185,9545,H
NETWEB TECH INDIA LTD,1945.25,1892.6,H
VIVIANA POWER TECH LTD,552.2,525.95,H
KOTAK PSU BANK,896.99,777.3,H
MIRAEAMC - MAM150ETF,19.7,19.65,H
MADHUSUDAN MASALA LIMITED,159.2,152.95,H
GRETEX INDUSTRIES LTD.,82.45,78.55,H
BRIGADE ENTER. LTD,1126,1108,H
BIGBLOC CONSTRUCTION LTD,270,267,H
GOKUL AGRO RESOURCES LTD,156.4,152.5,H
KIRLOSKAR BROTHERS LTD,1414.4,1410,H
AXISAMC - AXISCETF,107.46,106.5,H
TARAPUR TRANSFORMERS LTD,11.55,11.35,H
GAYATRI RUBB AND CHEM LTD,305.25,290.75,H
SHAKTI PUMPS (I) LTD,2293.6,2184.4,H
NITCO LIMITED,73.7,72.3,H
BARTRONICS INDIA LIMITED,25.35,25.1,H
SONA MACHINERY LIMITED,183.65,163.95,H
ABB INDIA LIMITED,7028,6790,H
NIP IND ETF JUNIOR BEES,721.35,708,H
GRP LIMITED,7897.65,6945,H
PRESTIGE ESTATE LTD,1566,1478.25,H
TECHINDIA NIRMAN LIMITED,39.05,37.2,H
PARIN FURNITURE LIMITED,165,161,H
SOMI CONVEYOR BELT. LTD.,155.4,153.2,H
ALPEX SOLAR LIMITED,650.9,619.95,H
THE WESTERN INDIA PLY LTD,168.3,164.35,H
TRIDENT TECHLABS LIMITED,334.4,318.5,H
GOI TBILL 182D-11/07/24,98.4,98.38,H
SHERA ENERGY LIMITED,209,207.85,H
SKY GOLD LIMITED,1331.4,1315.45,H
ICICI PRUD MIDCAP SEL ETF,162.1,162,H
ICICIPRAMC - ICICIQTY30,227,196.4,H
KONSTELEC ENGINEERS LTD,279.1,266,H
REDTAPE LIMITED,745,744.65,H
UJAAS ENERGY LIMITED,39.8,37.95,H
GOI TBILL 364D-30/05/24,99.48,99.42,H
GOI TBILL 91D-19/07/24,98.36,98.3,H
SMVD POLY PACK LIMITED,16.6,16,H
ESCORTS KUBOTA LIMITED,3519.85,3503.35,H
CENTRAL DEPO SER (I) LTD,2199.9,2195.35,H
DIGICONTENT LIMITED,26,25.4,H
DYNAMIC SRVCS & SEC LTD,302.55,288.15,H
NITIRAJ ENGINEERS LTD,216.9,207.25,H
RAINBOW CHILDRENS MED LTD,1649,1490,H
NILA SPACES LIMITED,10.1,9.75,H
SUNGARNER ENERGIES LTD,440.75,419.8,H
GOI TBILL 91D-16/05/24,99.76,99.75,H
OWAIS METAL & MINERAL,994.7,947.35,H
PRATHAM EPC PROJECTS LTD,290,276.2,H
MAX ESTATES LIMITED,379.9,374.9,H
S J LOGISTICS (INDIA) LTD,401,387.5,H
TEERTH GOPICON LIMITED,268.8,245.95,H
HINDUSTAN MOTORS LIMITED,42,40,H
HPL ELECTRIC & POWER LTD,438.7,427.1,H
MINDTECK (INDIA) LIMITED,340.3,319.8,H
NIPPON INDIA- NIMFXX,123.92,123.7,H
LLOYDS LUXURIES LIMITED,154.1,146.8,H
TARA CHAND INFRA SOLN LTD,370.4,352.8,H
TRF LIMITED,636.9,624.45,H
DIAMOND POWER INFRA LTD,838.35,822,H
ROLLATAINERS LIMITED,2.9,2.85,H
ICICIPRAMC - ICICICOMMO,90.1,90,H
ORIANA POWER LIMITED,1939.9,1847.55,H
PRAJAY ENG. SYN. LTD.,29.35,28.8,H
DSPAMC - LIQUIDADD,1008.07,1007.9,H
GOI TBILL 182D-15/08/24,97.99,97.83,H
ALUWIND ARCHITECTURAL LTD,58.7,53.7,H
VICEROY HOTELS LIMITED,64.2,61.15,H
SUPREME INDUSTRIES LTD,5299.95,5149,H
GODREJ PROPERTIES LTD,2850,2791.8,H
DOLAT ALGOTECH LIMITED,136.6,125,H
ZOMATO LIMITED,202,200.35,H
NAVA LIMITED,544.4,539,H
2.50% GOLDBONDS2025SR-V,7443,7300,H
POLYCAB INDIA LIMITED,5939.8,5869.9,H
MACPOWER CNC MACHINES LTD,1464.9,1395.15,H
STYRENIX PERFORMANCE LTD,1778,1733,H
TAC INFOSEC LIMITED,689.4,628.9,H
TIJARIA POLYPIPES LTD,22.65,22.25,H
ESCONET TECHNOLOGIES LTD,237.7,226.4,H
HDFCAMC - HDFCNIFTY,255.5,254.3,H
ENSER COMMUNICATIONS LTD,77,76,H
JITF INFRALOGISTICS LTD,898.35,855.6,H
GMR POW AND URBAN INFRA L,74.05,71.65,H
CROWN LIFTERS LIMITED,226.05,225.65,H
TEGA INDUSTRIES LIMITED,1653.5,1610,H
NIPPONAMC - NETFAUTO,232.99,232.87,H
JASH ENGINEERING LIMITED,2140,2070,H
KHFM HOS FAC MANA SER LTD,76.95,74.5,H
GOI TBILL 91D-12/07/24,98.6,98.58,H
HDFCAMC - HDFCBSE500,35.21,34.6,H
UNIVASTU INDIA LIMITED,208,122.95,H
KOTAKMAMC - KOTAKALPHA,49.79,49.62,H
SHYAM TELECOM LIMITED,19.85,19.5,H
VIPUL LIMITED,35.8,35.1,H
SRI ADHIKARI BRO TELE N L,114.85,112.6,H
ICICI PRUD SENSEX ETF,763.05,780.51,L
ATAL REALTECH LIMITED,8.8,9.25,L
AKI INDIA LIMITED,18.75,19,L
MITTAL LIFE STYLE LIMITED,1.55,1.6,L
GLOSTER LIMITED,826.55,875,L
URAVI T AND WEDG LAMP LTD,481.55,506.9,L
RACHANA INFRA LTD,34.9,37.85,L
OSIA HYPER RETAIL LIMITED,25.65,26.15,L
YASH OPTICS & LENS LTD,89,91,L
K2 INFRAGEN LIMITED,144.1,145,L
IIFL FINANCE LIMITED,81.15,83,L
GODHA CABCON INSULAT LTD,0.65,1.05,L
INDIABULL RE.0.67 PPD UP,66.45,69.3,L
POPULAR VEHICLES N SER L,227.5,230.55,L
SIGNPOST INDIA LIMITED,277,298,L
NARMADA AGROBASE LIMITED,19.95,20.3,L
MANAK ALUMINIUM CO. LTD.,25.1,25.6,L
MARSHALL MACHINES LTD,22.7,23.15,L
KANANI INDUSTRIES LTD,3.55,3.6,L
SRM CONTRACTORS LIMITED,190,194.55,L
GRILL SPLENDOUR SER LTD,93.35,95.7,L
LAGNAM SPINTEX LIMITED,155.65,158.8,L
MCNALLY BH. ENG. CO.LTD,3.5,3.65,L
VASA RETAIL & OVERSEA LTD,4.65,4.9,L
ISHAN INTERNATIONAL LTD,2.5,2.55,L
RAJSHREE POLYPACK LTD,76.05,76.9,L
FUTURE MKT NETWORKS LTD,5.95,6,L
MANGALAM ORGANICS LIMITED,363,370,L
DCG CABLES & WIRES LTD,94.15,94.25,L
SIGNORIA CREATION LIMITED,140.5,141.35,L
BHAGIRADHA CHEM & INDS L,181,185.25,L
ROBUST HOTELS LIMITED,162,163,L
M.V.K. AGRO FOOD PROD LTD,47,47.6,L
SHANTI OVERSEAS INDIA LTD,15.05,15.25,L
VADIVARHE SPCLTY CHEM LTD,38.8,38.95,L
LANCOR HOLDINGS LIMITED,46.65,47.25,L
LATENT VIEW ANALYTICS LTD,480,490,L
SINTEX PLASTICS TECH LTD,1.05,1.1,L
ANMOL INDIA LIMITED,38.75,38.95,L
RBZ JEWELLERS LIMITED,134.05,137.05,L
INVENTURE GRO & SEC LTD,2.15,2.2,L
HARDWYN INDIA LIMITED,28.5,29.35,L
BODHI TREE MULTIMEDIA LTD,15.75,15.9,L
CMI LIMITED,4.9,4.95,L
LORENZINI APPARELS LTD,23,23.65,L
BANKA BIOLOO LIMITED,95.1,97.05,L
JNK INDIA LIMITED,603,621,L
CUPID LIMITED,99.4,104,L
UDAYSHIVAKUMAR INFRA LTD,46.7,47.65,L

