SYMBOL,SERIES,SECURITY,HIGH/LOW,INDEX FLAG
63MOONS,EQ,63 MOONS TECHNOLOGIES LTD,H
ACCORD,SM,ACCORD SYNERGY LIMITED,H
ACSAL,SM,ARVIND AND COMPANY,H
AERON,ST,AERON COMPOSITE LIMITED,H
AIRAN,BE,AIRAN LIMITED,H
AKANKSHA,ST,AKANKSHA POWER N INFRA L,H
ANIKINDS,BE,ANIK INDUSTRIES LTD,H
ANTGRAPHIC,BE,ANTARCTICA LTD,H
ATMASTCO,ST,ATMASTCO LIMITED,H
BASILIC,ST,BASILIC FLY STUDIO LTD,H
BOSS,ST,BOSS PACKAGING SOLU LTD,H
BROOKS,BE,BROOKS LAB LIMITED,H
CALSOFT,EQ,CALIFORNIA SOFTWARE CO LT,H
CCCL,BE,CONS. CONST. CONSORT LTD,H
CELLECOR,SM,CELLECOR GADGETS LIMITED,H
CHEMFAB,EQ,CHEMFAB ALKALIS LIMITED,H
CMMIPL,ST,CMM INFRAPROJECTS LIMITED,H
CUBEXTUB,BE,CUBEXTUBINGS-ROLLSETT,H
CYBERMEDIA,EQ,CYBER MEDIA (INDIA) LTD.,H
DESTINY,ST,DESTINY LOGISTICS & I LTD,H
DUCON,BE,DUCON INFRATECHNOLOGIES L,H
E2E,BE,E2E NETWORKS LIMITED,H
ESFL,SM,ESSEN SPECIALITY FILMS L,H
EXCEL,BE,EXCEL REALTY N INFRA LTD,H
FEL,BZ,FUTURE ENTERPRISES LTD,H
FMNL,BE,FUTURE MKT NETWORKS LTD,H
FSC,BZ,FUTURE SUPP CHAIN SOL LTD,H
GANGAFORGE,EQ,GANGA FORGING LIMITED,H
GINNIFILA,EQ,GINNI FILAMENTS LTD,H
GOENKA,BZ,GOENKA DIAMOND&JEWELS LTD,H
GSMFOILS,ST,GSM FOILS LIMITED,H
GVKPIL,BE,GVK POW. & INFRA LTD.,H
HRHNEXT,SM,HRH NEXT SERVICES LIMITED,H
INDOTHAI,BE,INDO THAI SEC LTD,H
INFOLLION,ST,INFOLLION RESEARCH SER L,H
IRIS,BE,IRIS BUSINESS SERV LTD,H
JALAN,ST,JALAN TRANSOLU. INDIA LTD,H
JAYBEE,ST,JAY BEE LAMINATIONS LTD,H
JUBLINDS,EQ,JUBILANT INDUSTRIES LTD,H
KERNEX,EQ,KERNEX MICROSYS(I) LTD,H
KHAITANLTD,BE,KHAITAN (INDIA)LTD.,H
KITEX,EQ,KITEX GARMENTS LTD,H
LAKPRE,BZ,LAKSHMI PRE SCRE LTD,H
LOKESHMACH,EQ,LOKESH MACHINES LTD,H
LRRPL,ST,LEAD REC AND RUB PROD LTD,H
LYPSAGEMS,BE,LYPSA GEMS & JEWEL LTD,H
MANAV,SM,MANAV INFRA PROJECTS LTD,H
MANORG,BE,MANGALAM ORGANICS LIMITED,H
MBECL,BE,MCNALLY BH. ENG. CO.LTD,H
MEGASOFT,EQ,MEGASOFT LTD,H
MGEL,BE,MANGALAM GLOBAL ENT LTD,H
MODIRUBBER,EQ,MODI RUBBER LTD,H
MSPL,EQ,MSP STEEL & POWER LTD.,H
NAHARPOLY,BE,NAHAR POLY FILMS LIMITED,H
NKIND,EQ,NK INDUSTRIES LTD,H
NORBTEAEXP,EQ,NORBEN TEA & EXPORTS LTD,H
OLIL,ST,ONECLICK LOGISTICS IND L,H
ORIENTALTL,BE,ORIENTAL TRIMEX LTD,H
OSWALAGRO,BE,OSWAL AGRO MILLS LTD,H
PARAMATRIX,ST,PARAMATRIX TECHNOLOGIES L,H
PERFECT,ST,PERFECT INFRAENGINEER LTD,H
PRECOT,BE,PRECOT LIMITED,H
PREMIER,BE,PREMIER LIMITED,H
PROLIFE,SM,PROLIFE INDUSTRIES LTD,H
PULZ,SM,PULZ ELECTRONICS LIMITED,H
RAJRILTD,BE,RAJ RAYON INDUSTRIES LTD,H
RAMASTEEL,EQ,RAMA STEEL TUBES LIMITED,H
RANEENGINE,BE,RANE ENG VALVE LTD,H
RELTD,EQ,RAVINDRA ENERGY LIMITED,H
RHFL,EQ,RELIANCE HOME FINANCE LTD,H
SABAR,SM,SABAR FLEX INDIA LIMITED,H
SANWARIA,BZ,SANWARIA CONSUMER LIMITED,H
SARTELE,SM,SAR TELEVENTURE LIMITED,H
SARVESHWAR,EQ,SARVESHWAR FOODS LIMITED,H
SATECH,SM,S A TECH SOFTWARE INDIA L,H
SETUINFRA,BZ,SETUBANDHAN INFRA LTD,H
SHIGAN,SM,SHIGAN QUANTUM TECH LTD,H
SICALLOG,BE,SICAL LOGISTICS LIMITED,H
SIMPLEXINF,EQ,SIMPLEX INFRASTRUCTURES L,H
SJLOGISTIC,SM,S J LOGISTICS (INDIA) LTD,H
SMSLIFE,BE,SMS LIFESCIENCES (I) LTD,H
SMVD,SM,SMVD POLY PACK LIMITED,H
SOMICONVEY,BE,SOMI CONVEYOR BELT. LTD.,H
SPAL,EQ,S. P. APPARELS LIMITED,H
SPMLINFRA,BE,SPML INFRA LIMITED,H
STEL,BE,STEL HOLDINGS LIMITED,H
SUPREMEPWR,ST,SUPREME POWER EQUIPMENT L,H
SURANASOL,EQ,SURANA SOLAR LIMITED,H
SUVIDHAA,EQ,SUVIDHAA INFOSERVE LTD,H
TARMAT,BE,TARMAT LIMITED,H
TECHLABS,ST,TRIDENT TECHLABS LIMITED,H
TGL,ST,TEERTH GOPICON LIMITED,H
TIMESCAN,SM,TIMESCAN LOGISTICS IND L,H
TIRUPATIFL,BE,TIRUPATI FORGE LIMITED,H
UMAEXPORTS,BE,UMA EXPORTS LIMITED,H
UNITECH,BZ,UNITECH LIMITED,H
USK,BE,UDAYSHIVAKUMAR INFRA LTD,H
VCL,BE,VAXTEX COTFAB LIMITED,H
VERTEXPLUS,ST,VERTEXPLUS TECHNOLOGIES L,H
VERTOZ,EQ,VERTOZ LIMITED,H
VISASTEEL,BE,VISA STEEL LIMITED,H
VSTIND,EQ,VST INDUSTRIES LTD,H
WEBELSOLAR,BE,WEBSOL ENERGY SYSTEM LTD,H
AARTECH,EQ,AARTECH SOLONICS LIMITED,L
ABCOTS,SM,A B COTSPIN INDIA LIMITED,L
AGARWALFT,ST,AGARWAL FLOAT GLASS I LTD,L
AILIMITED,ST,ABHISHEK INTEGRATIONS LTD,L
AJOONI,BE,AJOONI BIOTECH LIMITED,L
ANSALAPI,BZ,ANSAL PROP & INFRA LTD,L
BALPHARMA,BE,BAL PHARMA LTD.,L
BIL,EQ,BHARTIYA INTERNATIONAL,L
BLUECHIP,BE,BLUE CHIP INDIA LIMITED,L
BOSS,ST,BOSS PACKAGING SOLU LTD,L
BRACEPORT,ST,BRACE PORT LOGISTICS LTD,L
CMMIPL,ST,CMM INFRAPROJECTS LIMITED,L
CMRSL,SM,CYBER MEDIA RES & SER LTD,L
CORALFINAC,BE,CORAL INDIA FIN & HOUS LT,L
CPS,SM,C P S SHAPERS LIMITED,L
CYBERTECH,BE,CYBERTECH SYSTEMS & SOFTW,L
DEEPENR,BE,DEEP ENE RESOURCES LTD,L
DIGISPICE,BE,DIGISPICE TECHNOLOGIES LT,L
DUCOL,ST,DUCOL ORGS AND COLOURS LT,L
EFFWA,SM,EFFWA INFRA & RESEARCH L,L
EUROTEXIND,EQ,EUROTEX INDUSTRIES LTD,L
FILATFASH,BE,FILATEX FASHIONS LIMITED,L
FORCAS,ST,FORCAS STUDIO LIMITED,L
FSC,BZ,FUTURE SUPP CHAIN SOL LTD,L
GATECH,EQ,GACM TECHNOLOGIES LIMITED,L
GATECHDVR,BE,GACM TECHNOLOGIES LIMITED,L
GEEKAYWIRE,BE,GEEKAY WIRES LIMITED,L
GLOBALE,BE,GLOBALE TESSILE LIMITED,L
GOLDKART,ST,GOLDKART JEWELS LIMITED,L
GPTINFRA,BE,GPT INFRAPROJECTS LTD,L
GSTL,ST,GLOBESECURE TECHNO LTD,L
GTLINFRA,EQ,GTL INFRA.LTD,L
GUJAPOLLO,BE,GUJ. APOLLO IND. LTD.,L
HEXATRADEX,BE,HEXA TRADEX LIMITED,L
HOVS,BE,HOV SERVICES LTD,L
IDEALTECHO,ST,IDEAL TECHNOPLAST IND LTD,L
INSPIRISYS,BE,INSPIRISYS SOLUTIONS LTD,L
IPHL,ST,INDIAN PHOSPHATE LIMITED,L
ISHAN,ST,ISHAN INTERNATIONAL LTD,L
JFLLIFE,ST,JFL LIFE SCIENCES LIMITED,L
KCK,SM,KCK INDUSTRIES LTD,L
KONTOR,SM,KONTOR SPACE LIMITED,L
LYPSAGEMS,BE,LYPSA GEMS & JEWEL LTD,L
MADHUCON,BE,MADHUCON PROJECTS LTD.,L
MANOMAY,BE,MANOMAY TEX INDIA LTD,L
MFML,BE,MAHALAXMI FABRIC MILLS LT,L
NAGREEKEXP,BE,NAGREEKA EXPORTS LTD.,L
NIRMAN,ST,NIRMAN AGRI GENTICS LTD,L
ORIENTALTL,BE,ORIENTAL TRIMEX LTD,L
OSWALSEEDS,BE,SHREEOSWAL S AND CHE LTD,L
PARAMATRIX,ST,PARAMATRIX TECHNOLOGIES L,L
PLASTIBLEN,BE,PLASTIBLENDS INDIA LTD,L
PRATHAM,SM,PRATHAM EPC PROJECTS LTD,L
PRITIKAUTO,EQ,PRITIKA AUTO INDUS LTD,L
PROLIFE,SM,PROLIFE INDUSTRIES LTD,L
QUADPRO,SM,QUADPRO ITES LIMITED,L
QVCEL,ST,QVC EXPORTS LIMITED,L
RAJRILTD,BE,RAJ RAYON INDUSTRIES LTD,L
RAYMONDLSL,BE,RAYMOND LIFESTYLE LIMITED,L
SADBHAV,EQ,SADBHAV ENGINEERING LTD,L
SANCO,BZ,SANCO INDUSTRIES LIMITED,L
SARLAPOLY,BE,SARLA PERF. FIBERS LTD,L
SIKKO,BE,SIKKO INDUSTRIES LIMITED,L
SITINET,BE,SITI NETWORKS LIMITED,L
SLONE,ST,SLONE INFOSYSTEMS LIMITED,L
SMVD,SM,SMVD POLY PACK LIMITED,L
SPRL,ST,SP REFRACTORIES LIMITED,L
SSEGL,SM,SATHLOKHAR SYN E&C GLOB L,L
SUPERSPIN,EQ,SUPER SPINNING MILLS LTD,L
SVLL,BE,SHREE VASU LOGISTICS LTD,L
TAC,SM,TAC INFOSEC LIMITED,L
TBI,ST,TBI CORN LIMITED,L
TCLCONS,BE,TANTIA CONSTRUCTIONS LTD,L
TEMBO,BE,TEMBO GLOBAL IND LTD,L
THEINVEST,BE,THE INVEST TRUST OF IND L,L
TIRUPATI,SM,SHREE TIRUPATI BALAJEE,L
TREJHARA,EQ,TREJHARA SOLUTIONS LTD,L
TRUST,ST,TRUST FINTECH LIMITED,L
UMESLTD,BE,USHA MARTIN EDU & SOL LTD,L
VDEAL,ST,VDEAL SYSTEM LIMITED,L
VERANDA,BE,VERANDA LEARNING SOL LTD,L
VIPULLTD,EQ,VIPUL LIMITED,L
VIVIANA,ST,VIVIANA POWER TECH LTD,L
VMARCIND,SM,V MARC INDIA LIMITED,L
WALPAR,SM,WALPAR NUTRITIONS LIMITED,L
WANBURY,BE,WANBURY LIMITED,L
WINDMACHIN,EQ,WINDSOR MACHINES LIMITED,L
WINSOME,BE,WINSOME YARNS LIMITED,L
WIPL,BE,THE WESTERN INDIA PLY LTD,L
WOCKPHARMA,BE,WOCKHARDT LIMITED-DEPO,L
YAARI,BE,YAARI DIGI INT SER LTD,L
