GAIN_LOSS,SECURITY,CLOSE_PRIC,PREV_CL_PR,PERCENT_CG
 ,Nifty 50 Sec., , , 
 , , , , 
G,ASIAN PAINTS LIMITED,      3273.70,      3238.25,1.09
G,BAJAJ FINANCE LIMITED,      7317.15,      7244.90,1
G,JSW STEEL LIMITED,       932.80,       925.45,.79
G,DIVI S LABORATORIES LTD,      5137.80,      5120.90,.33
G,LTIMINDTREE LIMITED,      6165.40,      6149.30,.26
G,HERO MOTOCORP LIMITED,      5743.75,      5734.20,.17
G,HINDUSTAN UNILEVER LTD.,      2838.95,      2838.45,.02
 , , , , 
L,STATE BANK OF INDIA,       782.50,       818.75,-4.43
L,BHARAT PETROLEUM CORP  LT,       352.15,       360.70,-2.37
L,ICICI BANK LTD.,      1208.15,      1235.95,-2.25
L,NTPC LTD,       394.80,       403.25,-2.1
L,HCL TECHNOLOGIES LTD,      1756.10,      1790.55,-1.92
L,RELIANCE INDUSTRIES LTD,      2929.65,      2985.95,-1.89
L,ITC LTD,       501.70,       511.20,-1.86
L,TATA MOTORS LIMITED,      1049.35,      1069.15,-1.85
L,AXIS BANK LIMITED,      1158.75,      1180.55,-1.85
L,HDFC LIFE INS CO LTD,       738.40,       751.85,-1.79
L,GRASIM INDUSTRIES LTD,      2692.85,      2741.60,-1.78
L,COAL INDIA LTD,       488.55,       497.00,-1.7
L,INFOSYS LIMITED,      1901.85,      1933.15,-1.62
L,ADANI PORT & SEZ LTD,      1442.40,      1465.55,-1.58
L,LARSEN & TOUBRO LTD.,      3574.75,      3624.15,-1.36
L,ADANI ENTERPRISES LIMITED,      2975.45,      3015.35,-1.32
L,TATA CONSUMER PRODUCT LTD,      1173.85,      1188.65,-1.25
L,CIPLA LTD,      1611.05,      1627.75,-1.03
L,EICHER MOTORS LTD,      4752.50,      4800.10,-0.99
L,TECH MAHINDRA LIMITED,      1623.25,      1639.50,-0.99
L,INDUSIND BANK LIMITED,      1409.35,      1422.90,-0.95
L,ULTRATECH CEMENT LIMITED,     11432.85,     11542.65,-0.95
L,MAHINDRA & MAHINDRA LTD,      2698.10,      2723.10,-0.92
L,MARUTI SUZUKI INDIA LTD.,     12186.15,     12298.60,-0.91
L,OIL AND NATURAL GAS CORP.,       308.80,       311.40,-0.83
L,WIPRO LTD,       520.60,       524.85,-0.81
L,KOTAK MAHINDRA BANK LTD,      1764.15,      1777.95,-0.78
L,TITAN COMPANY LIMITED,      3695.50,      3722.85,-0.73
L,SBI LIFE INSURANCE CO LTD,      1896.30,      1907.85,-0.61
L,HDFC BANK LTD,      1636.95,      1645.45,-0.52
 , , , , 
 ,Nifty Next 50 Sec., , , 
 , , , , 
G,SBI CARDS & PAY SER LTD,       800.65,       767.70,4.29
G,MARICO LIMITED,       665.25,       643.90,3.32
G,ZOMATO LIMITED,       259.95,       254.85,2
G,PIDILITE INDUSTRIES LTD,      3233.70,      3209.20,0.76
G,JINDAL STEEL & POWER LTD,       953.95,       950.50,0.36
G,ICICI LOMBARD GIC LIMITED,      2261.70,      2255.45,0.28
G,BERGER PAINTS (I) LTD,       596.30,       595.50,0.13
 , , , , 
L,CANARA BANK,       103.38,       108.20,-4.45
L,SRF LTD,      2509.05,      2618.50,-4.18
L,BOSCH LIMITED,     32357.30,     33720.75,-4.04
L,REC LIMITED,       607.45,       630.60,-3.67
L,BANK OF BARODA,       235.85,       243.85,-3.28
L,DLF LIMITED,       814.25,       841.65,-3.26
L,PUNJAB NATIONAL BANK,       110.00,       113.40,-3
L,LIFE INSURA CORP OF INDIA,      1038.90,      1069.30,-2.84
L,SAMVRDHNA MTHRSN INTL LTD,       187.83,       193.19,-2.77
L,INDIAN OIL CORP LTD,       176.64,       181.34,-2.59
L,JIO FIN SERVICES LTD,       336.85,       345.35,-2.46
L,BHARAT ELECTRONICS LTD,       283.60,       290.60,-2.41
L,GAIL (INDIA) LTD,       222.82,       228.12,-2.32
L,POWER FIN CORP LTD.,       545.30,       558.25,-2.32
L,ADANI ENERGY SOLUTION LTD,       985.35,      1007.45,-2.19
L,INDIAN RAILWAY FIN CORP L,       169.85,       173.48,-2.09
L,ADANI TOTAL GAS LIMITED,       826.75,       844.00,-2.04
L,HINDUSTAN AERONAUTICS LTD,      4703.45,      4792.45,-1.86
L,BAJAJ HOLDINGS & INVS LTD,     10693.40,     10895.70,-1.86
L,ABB INDIA LIMITED,      7516.40,      7650.10,-1.75
L,VEDANTA LIMITED,       459.80,       466.70,-1.48
L,CHOLAMANDALAM IN & FIN CO,      1511.35,      1533.60,-1.45
L,ADANI GREEN ENERGY LTD,      1863.30,      1890.30,-1.43
L,ADANI POWER LTD,       634.70,       643.85,-1.42
L,AMBUJA CEMENTS LTD,       623.25,       631.85,-1.36
L,ZYDUS LIFESCIENCES LTD,      1100.00,      1115.15,-1.36
L,SIEMENS LTD,      6614.35,      6686.20,-1.07
L,GODREJ CONSUMER PRODUCTS,      1443.45,      1457.70,-0.98
L,ICICI PRU LIFE INS CO LTD,       750.65,       758.05,-0.98
L,INTERGLOBE AVIATION LTD,      4783.70,      4828.55,-0.93
 , , , , 
 ,OTHER SECURITIES, , , 
 , , , , 
G,RAMA STEEL TUBES LIMITED,        16.52,        13.87,19.11
G,S. P. APPARELS LIMITED,      1073.20,       902.75,18.88
G,ARABIAN PETROLEUM LIMITED,        97.90,        83.85,16.76
G,LAXMI COTSPIN LIMITED,        41.48,        35.97,15.32
G,NANDAN DENIM LIMITED,        59.31,        51.74,14.63
G,GODFREY PHILLIPS INDIA LT,      7205.85,      6412.05,12.38
G,MRS BECTORS FOOD SPE LTD,      1806.10,      1613.25,11.95
G,SEC RE NCD SR.III,      1200.00,      1076.80,11.44
G,SEC RE NCD SR.VI,      1113.36,      1001.30,11.19
G,BHARAT RASAYAN LTD,     13713.30,     12368.55,10.87
G,D. P. ABHUSHAN LIMITED,      1527.75,      1384.55,10.34
G,SARVESHWAR FOODS LIMITED,         9.68,         8.80,10
G,MEGASOFT LTD,        55.66,        50.60,10
G,SURANA SOLAR LIMITED,        43.56,        39.60,10
G,GINNI FILAMENTS LTD,        33.47,        30.49,9.77
G,CAPITAL TRUST LIMITED,       174.49,       159.11,9.67
G,KITEX GARMENTS LTD,       465.15,       425.10,9.42
G,NECTAR LIFESCIENCES LTD.,        51.67,        47.25,9.35
G,INDEGENE LIMITED,       664.70,       608.80,9.18
G,PREMIER ENERGIES LIMITED,      1096.05,      1004.80,9.08
G,SAKSOFT LIMITED,       321.75,       295.20,8.99
G,DIENSTEN TECH LIMITED,       165.00,       152.00,8.55
G,SEC RE NCD SR 6,      1050.00,       970.20,8.23
G,GUJARAT FLUOROCHEM LTD,      3808.90,      3524.30,8.08
G,SABAR FLEX INDIA LIMITED,        22.80,        21.10,8.06
G,AGS TRANSACT TECH LTD,       111.43,       103.17,8.01
G,SYNERGY GREEN IND. LTD,       433.00,       403.20,7.39
G,GLOBAL PET INDUSTRIES LTD,       110.65,       103.25,7.17
G,KAMDHENU LIMITED,       619.20,       577.90,7.15
G,LOKESH MACHINES LTD,       414.30,       387.45,6.93
 , , , , 
L,INTEGRATED PERSO SER LTD,       175.00,       200.00,-12.5
L,UNSEC RED NCD 10.5% SR.VI,       958.00,      1083.00,-11.54
L,VODAFONE IDEA LIMITED,        13.35,        15.09,-11.53
L,NDL VENTURES LIMITED,       113.85,       124.98,-8.91
L,FINO PAYMENTS BANK LTD,       418.60,       456.60,-8.32
L,ECOS (INDIA) MOB & HOSP L,       438.95,       474.45,-7.48
L,SAROJA PHARMA INDUS IND L,        62.70,        67.60,-7.25
L,DRS DILIP ROADLINES LTD.,       119.00,       127.85,-6.92
L,SEC RE NCD 9.71% SR VIII,       950.20,      1020.00,-6.84
L,SAHAJ SOLAR LIMITED,       614.30,       658.65,-6.73
L,SOLVE PLASTIC PRODUCTS L,        68.15,        72.55,-6.06
L,MINDA CORPORATION LTD,       550.15,       585.55,-6.05
L,SEC RE NCD 10.25% SR XII,       902.00,       960.00,-6.04
L,IIFL SECURITIES LIMITED,       317.65,       338.05,-6.03
L,SWELECT ENERGY SYS LTD,      1231.25,      1309.80,-6
L,VIAZ TYRES LIMITED,        55.00,        58.50,-5.98
L,CHETANA EDUCATION LIMITED,        96.40,       102.45,-5.91
L,EASY TRIP PLANNERS LTD,        40.57,        43.07,-5.8
L,THE NEW INDIA ASSU CO LTD,       249.60,       264.45,-5.62
L,SEC RE NCD 7.80% SR V,      1010.00,      1070.00,-5.61
L,NAVKAR CORPORATION LTD.,       146.95,       155.66,-5.6
L,CHENNAI PETROLEUM CORP LT,       919.95,       974.25,-5.57
L,GACM TECHNOLOGIES LIMITED,         1.55,         1.64,-5.49
L,CAPLIN POINT LAB LTD.,      2004.15,      2119.60,-5.45
L,ALKALI METALS LTD,       132.80,       140.44,-5.44
L,SHRIRAM PROPERTIES LTD,       137.08,       144.82,-5.34
L,RACE ECO CHAIN LIMITED,       419.50,       443.05,-5.32
L,V R INFRASPACE LIMITED,       316.35,       334.00,-5.28
L,CHAMAN METALLICS LIMITED,       101.55,       107.20,-5.27
L,GP ECO SOLUTIONS INDIA L,       320.25,       338.05,-5.27
