SECURITY,NEW,PREVIOUS,NEW_STATUS
GILLETTE INDIA LTD,9425,9238.8,H
KEC INTL. LIMITED,1040,1002.8,H
MAN COAT METAL & IND LTD,73.8,72.87,H
21ST CENTURY MGMT SERVICE,133.26,130.65,H
TEMBO GLOBAL IND LTD,396,320,H
ICICI LOMBARD GIC LIMITED,2285,2284,H
SEC RED NCD SR.VIII,1492,1485,H
DESTINY LOGISTICS & I LTD,60.5,57.65,H
ICICIPRAMC - ICICICONSU,124.64,124.54,H
ICICIPRAMC-ICICIFIN,30,28.09,H
SDL GJ 7.25% 2026,99.5,97,H
SEC RE NCD 9.30% SR.I,1050.8,1037,H
SEC RE NCD 8.50% SR.III,1079,1069.8,H
NEULAND LAB LTD.,13221.7,13059.3,H
GODREJ INDUSTRIES LTD,1314,1273.95,H
HINDUSTAN UNILEVER LTD.,2866.45,2859.3,H
RADICO KHAITAN LTD,2069,2050,H
COLGATE PALMOLIVE LTD.,3708.95,3694.9,H
STEL HOLDINGS LIMITED,545.75,525.1,H
AKZO NOBEL INDIA LIMITED,3855,3730,H
SMS LIFESCIENCES (I) LTD,1666.35,1587.9,H
VDEAL SYSTEM LIMITED,204,196.75,H
KALPATARU PROJECT INT LTD,1449,1427.85,H
A B INFRABUILD LIMITED,84.9,83,H
HDFCAMC - HDFCSML250,187.95,186.2,H
INDO AMINES LIMITED,212.44,207.6,H
SEC RE NCD 8.20% SR.V,1024,1023.99,H
LE MERITE EXPORTS LIMITED,209.5,206.5,H
POWER INSTRUMENT (G) LTD,188.33,184.64,H
GSM FOILS LIMITED,84.25,80.25,H
SETUBANDHAN INFRA LTD,1.11,1.06,H
HONASA CONSUMER LIMITED,538.75,537.9,H
BANSAL WIRE INDUSTRIES L,450.2,445,H
JAY BEE LAMINATIONS LTD,337.1,321.05,H
SEC RE NCD 9.25% SR.VII,950,945.37,H
INDRAPRASTHA MEDICAL CORP,474.7,469.35,H
DHUNSERI INVESTMENTS LTD,1915.95,1900,H
GOODLUCK INDIA LIMITED,1259,1224.9,H
ALKEM LABORATORIES LTD.,6346.7,6346,H
TARAPUR TRANSFORMERS LTD,20.2,19.81,H
CHOLAMANDALAM FIN HOL LTD,1889,1834.95,H
UTI ASSET MNGMT CO LTD,1319,1275,H
CEREBRA INT TECH LTD,15.56,15.26,H
TCPL PACKAGING LIMITED,3525,3469,H
HOME FIRST FIN CO IND LTD,1219.05,1195,H
MONARCH NETWORTH CAP LTD,885,865,H
9.90 % SRNCD SR VI,1067.8,1066,H
8.50% TAX FREE TR I S IIA,1185,1184,H
GOI TBILL 364D-09/01/25,97.8,97.65,H
SEC RE NCD 0% SR.IV,1260.3,1250,H
SEC RE NCD SR.III,1200,1100,H
TREJHARA SOLUTIONS LTD,268,263.01,H
SEC RED NCD 9.70% SR. V,1095,1093.9,H
MAHARASHTRA SCOOTERS LTD,10245,10180,H
VST TILLERS TRACTORS LTD,4399.9,4392,H
SPML INFRA LIMITED,264.6,260,H
SUVEN PHARMACEUTICALS LTD,1224,1157.95,H
CHAVDA INFRA LIMITED,194,188.55,H
D. P. ABHUSHAN LIMITED,1544.85,1454.05,H
ESSEN SPECIALITY FILMS L,329.2,324.4,H
SYNCOM FORMU (I) LTD,24.28,23.05,H
SUPREME ENGINEERING LTD,3.02,2.97,H
SUMIT WOODS LIMITED,146.48,143.61,H
MANGALAM ORGANICS LIMITED,661.25,629.8,H
SHRIRAM - LIQUIDSHRI,1011.08,1010.91,H
ATLANTAA LIMITED,56.01,54.92,H
PARAMATRIX TECHNOLOGIES L,133.1,126.8,H
AERON COMPOSITE LIMITED,173.6,165.35,H
JUBILANT INDUSTRIES LTD,1867.65,1863.9,H
PI INDUSTRIES LTD,4660.95,4630.45,H
HFCL LIMITED,160.66,160.3,H
JUBILANT PHARMOVA LTD,969.9,950.5,H
PRITIKA ENG COMPO LTD,177.5,172.7,H
RAM RATNA WIRES LIMITED,670,664.95,H
FOCE INDIA LIMITED,1550,1510,H
CHEMFAB ALKALIS LIMITED,991.5,977.6,H
CONCORD BIOTECH LIMITED,1914.45,1900,H
DUCOL ORGS AND COLOURS LT,152,148.9,H
ETHOS LIMITED,3507.95,3485,H
JEENA SIKHO LIFECARE LTD,1506.3,1500,H
R M DRIP & SPRINK SYS LTD,225,224.9,H
INDO THAI SEC LTD,536.9,496.2,H
KAVVERI TEL. LTD.,40.14,39.36,H
S J LOGISTICS (INDIA) LTD,638.1,625,H
GOI TBILL 364D-12/12/24,98.05,97.75,H
NILA SPACES LIMITED,12.15,11.96,H
HRH NEXT SERVICES LIMITED,75.5,71.95,H
GABRIEL INDIA LTD,559.55,550,H
KOKUYO CAMLIN LIMITED,217.8,214.3,H
ANIK INDUSTRIES LTD,85.63,83.6,H
ERIS LIFESCIENCES LIMITED,1522.05,1495,H
WISE TRAVEL INDIA LIMITED,342.95,332,H
PIRAMAL PHARMA LIMITED,228,221.7,H
SYNERGY GREEN IND. LTD,469,436.9,H
GLENMARK LIFE SCIENCE LTD,1175,1102.7,H
E2E NETWORKS LIMITED,2747.25,2657.85,H
REGENCYCERAMICS-LTD,65.28,60.01,H
SEPC LIMITED,31.4,31.1,H
LAXMI COTSPIN LIMITED,42.38,39.61,H
LEAD REC AND RUB PROD LTD,88.2,84,H
8.91%S-R-NCD SERIES 3B,1340,1338,H
BASILIC FLY STUDIO LTD,657.6,635,H
PARSVNATH DEVELOPER LTD,19.42,17.1,H
SEC RE NCD SR.VI,1115,1106.4,H
PREMIER ENERGIES LIMITED,1188.9,1010.25,H
SEC RE NCD 9.80% SR.I,1044,1005.1,H
SDL CG 7.4% 2030,99.5,95,H
QUICK HEAL TECH LTD,759,740.85,H
PVP VENTURES LIMITED,38.23,37.49,H
STEELCAST LIMITED,785.4,785,H
DSPAMC - HEALTHADD,149.7,148.52,H
MODI RUBBER LTD,140.19,134.79,H
DEEP ENE RESOURCES LTD,335,333.49,H
MRS BECTORS FOOD SPE LTD,1848.9,1658.55,H
SEC RE NCD 8.42% SR.V,965,950,H
TAC INFOSEC LIMITED,900,895.8,H
INDEGENE LIMITED,689.95,660,H
ENSER COMMUNICATIONS LTD,297.85,289.55,H
TEERTH GOPICON LIMITED,705.45,675.55,H
GODFREY PHILLIPS INDIA LT,7320,6874,H
OSWAL AGRO MILLS LTD,66.22,65.65,H
RPG LIFE SCIENCES LTD,2398.3,2296,H
VERANDA LEARNING SOL LTD,360.25,352.2,H
WEBSOL ENERGY SYSTEM LTD,1089.35,1037.5,H
KHFM HOS FAC MANA SER LTD,96.8,95,H
IIFL SECURITIES LIMITED,348,340,H
MAHAMAYA STEEL INDS LTD,192,189.68,H
RATNAVEER PRECISION ENG L,188.9,184,H
MOS UTILITY LIMITED,301.9,292,H
SAR TELEVENTURE LIMITED,394,376.2,H
GOI LOAN  7.34% 2064,107.7,107.45,H
SRI ADHIKARI BRO TELE N L,625.95,613.7,H
TAX FREE  7.32% SR. 102 A,1089.68,1087.61,H
SOLAR ACT RS.3.50 PPD UP,439.9,425.4,H
SEC RE NCD 0% SR.II,1098,1071.35,H
SEC RE NCD 9.30% SR VII,971,980,L
GOI TBILL 91D-28/11/24,98.15,98.17,L
VITAL CHEMTECH LIMITED,76.3,77,L
GACM TECHNOLOGIES LIMITED,1.71,1.81,L
QVC EXPORTS LIMITED,106.9,112.5,L
RAYMOND LIFESTYLE LIMITED,2725.55,2869,L
SYLVAN PLYBOARD (INDIA) L,92.05,95.95,L
MAHALAXMI FABRIC MILLS LT,75.16,79.12,L
INDIAN PHOSPHATE LIMITED,153.3,161.35,L
PODDAR HOUSE & DVPT LTD,76.01,77,L
SUMEET IND LIMITED,3.65,3.7,L
IDEAL TECHNOPLAST IND LTD,109.1,114.8,L
FOCUS LIGHTG & FIXTRS LTD,123.68,126.21,L
ORIENT GREEN POWER CO LTD,6.08,6.1,L
YASONS CHEMEX CARE LTD,22.7,22.75,L
BULKCORP INTERNATIONAL L,108,111.8,L
SEC RE NCD 9.25% SR II,945.26,962.58,L
MIRAEAMC - MULTICAP,16.4,16.6,L
POSITRON ENERGY LIMITED,496,526,L
EXICOM TELE SYSTEMS LTD,344.5,346,L
G-TEC JAINX EDUCATION LTD,58.6,59.09,L
GE POWER INDIA LIMITED,410,413.1,L
AUSOM ENTERPRISE LIMITED,92.05,93.7,L
PRIZOR VIZTECH LIMITED,126.7,128.1,L
SHRENIK LIMITED,0.85,0.86,L
PLASTIBLENDS INDIA LTD,337.05,342.75,L
SOLVE PLASTIC PRODUCTS L,67,68.95,L
SAPPHIRE FOODS INDIA LTD,317.05,329,L
SEC RE NCD 8.94% SR.II,960,979.9,L
AKSHAR SPINTEX LIMITED,1.72,1.78,L
GLOBALE TESSILE LIMITED,48.75,51.32,L
SEC RE NCD 9.25% SR II,925,975,L
SECUR CREDENTIALS LIMITED,6.86,7,L

