SYMBOL,SYMBOL P/E,ADJUSTED P/E
FILATEX,22.35,22.35
TDPOWERSYS,53.18,53.18
VASWANI,17.02,17.02
ONELIFECAP,14.04,14.04
TRITURBINE,83.37,83.37
DSSL,33.55,33.55
JISLDVREQS,1.17,1.17
RUPA,33.53,32.36
KANANIIND,103.77,103.77
IRFC,35.16,35.16
RHIM,,43.49
SCHNEIDER,106.14,104.26
NBCC,73.95,56.93
TBZ,26.53,26.53
SWANENERGY,28.59,28.59
RTNINDIA,10.08,9.64
THEJO,52.62,52.62
MAYURUNIQ,21.78,21.78
DUCON,33.55,33.55
TVSHLTD,14.41,14.4
CARERATING,27.63,27.63
INDUSTOWER,18.05,18.05
REPCOHOME,8.15,8.15
ATULAUTO,113.73,113.73
SAMMAANCAP,6.65,6.65
ESSENTIA,25.84,25.85
MITCON,21.7,21.7
SREEL,27.53,27.53
WONDERLA,34.85,34.85
GOCLCORP,32.27,29.6
SUPERHOUSE,15.75,25.3
PDSL,36.13,36.85
MONTECARLO,25.01,25.01
GENUSPAPER,88.96,88.96
LINC,26.9,26.9
HESTERBIO,118.05,118.05
MANAKSTEEL,18.01,18.39
IMAGICAA,278.59,65.5
VRLLOG,72.53,72.98
PRIVISCL,47.53,47.53
ARROWGREEN,32.43,32.43
ALANKIT,28.97,28.97
ORICONENT,86.3,55.93
ADANIENSOL,,75.3
PKTEA,21.52,21.52
SHARDAMOTR,24.1,24.1
GUJGASLTD,37.16,38.51
INDIGO,23.88,23.88
PERFECT,65.09,65.09
TTKHLTCARE,31.09,38.55
PILANIINVS,40.05,40.05
LALPATHLAB,73.62,73.62
TEAMLEASE,49.81,51.4
NECCLTD,30.71,30.71
GOKULAGRO,23.89,23.89
PDMJEPAPER,10.04,10.04
HECPROJECT,20.66,20.66
WEALTH,27.24,27.24
THYROCARE,60.07,59.95
UNITEDPOLY,28.11,28.11
ALBERTDAVD,12.85,12.85
CONTROLPR,26.16,26.19
INCREDIBLE,36.2,36.2
DAMODARIND,45.51,45.51
POKARNA,30.15,30.15
GROBTEA,43.81,43.81
LLOYDSENGG,98.68,98.68
LTIM,39.88,39.88
GATECH,88.94,88.94
MINDTECK,35.05,33.21
SPAL,24.44,24.44
MBAPL,66.02,66.02
LTTS,45.92,45.92
ICICIPRULI,275.02,275.02
JAIPURKURT,27.69,27.69
MASKINVEST,765.05,765.05
SAKAR,62.1,62.1
AURDIS,15.28,15.28
PANSARI,43.57,43.57
ARTNIRMAN,120.39,120.39
GICL,81.12,81.12
VBL,79.25,79.25
JETFREIGHT,19.93,22.02
TCIEXP,36.37,36.37
LIBAS,6.11,6.11
CAPTRUST,112.9,112.9
MAHESHWARI,14.31,14.31
MCL,31.12,31.12
PRICOLLTD,39.22,39.22
STEELCITY,11.82,11.82
KRISHANA,35.26,35.26
GLOBAL,13.86,13.86
SANGINITA,57.36,57.36
AKASH,38.05,38.05
DMART,130.32,130.32
AIRAN,15.19,15.19
ARIHANTSUP,24.79,24.79
EIFFL,195.03,195.03
SHANKARA,17.84,17.84
DEVIT,26.77,26.77
SCHAND,17.4,17.4
PSPPROJECT,22.15,22.15
JALAN,,39.22
VSCL,1430.01,1430.01
GTPL,20.62,20.62
ACEINTEG,54.08,54.08
SALASAR,63.2,63.2
THEINVEST,36.11,36.11
TOTAL,790.25,790.25
COCHINSHIP,58.56,58.56
VAISHALI,242.01,242.01
GEEKAYWIRE,15.86,15.86
SERVOTECH,265.29,265.29
PASHUPATI,183.49,183.49
CAPACITE,20.83,20.83
SBILIFE,94.05,94.05
RMDRIP,103.65,103.65
CADSYS,7.13,7.27
DPWIRES,19.59,19.59
RKEC,12.82,12.82
GATECHDVR,17.05,17.05
GOLDSTAR,70.36,70.36
BETA,47.67,47.67
TIRUPATIFL,36.16,36.16
OMFURN,20.36,20.36
MASFIN,19.36,19.36
DPABHUSHAN,43.9,43.9
NAM-INDIA,37.23,37.23
NIACL,39.46,39.46
VERTOZ,151.91,151.91
PULZ,20.54,20.54
SILVERTUC,52.75,52.75
ICEMAKE,45.25,45.25
INNOVANA,25.24,25.24
ONEPOINT,37.26,37.26
AJOONI,75.93,75.93
BCONCEPTS,83.7,83.7
SILLYMONKS,97.73,97.73
NEWGEN,56.47,56.47
SOUTHWEST,44.92,47.18
ARVEE,159.84,159.84
ASTERDM,60.01,
BANKA,69.1,69.14
HINDCON,54.76,54.76
SARVESHWAR,49.23,49.23
MACPOWER,53.16,53.16
BDL,83.21,83.21
BANDHANBNK,12.76,12.76
URAVI,278.31,278.31
MITTAL,21.4,39.91
SANDHAR,31.78,32.85
GIRIRAJ,94.05,94.05
MIDHANI,97.29,97.29
AVG,17.41,27.31
MMP,35.35,35.35
NARMADA,16.28,16.28
CHEMFAB,76.12,76.12
BSHSL,88.02,88.02
MAHICKRA,82.11,82.11
AAKASH,20.47,20.47
GODHA,56.41,56.41
SOFTTECH,134.44,134.44
E2E,151.42,151.42
SIRCA,38.26,38.26
SVLL,108.33,108.33
LATTEYS,105.41,105.41
SONAMLTD,35.79,35.79
ADANIGREEN,261.05,216.23
PRITI,21.81,21.81
RITES,34.67,34.67
GANGAFORGE,184.04,187.54
REPL,25.58,25.58
HBSL,3.14,3.14
AVROIND,47.64,47.64
TEMBO,24.09,24.51
AARON,43.75,43.75
SIGIND,16.46,16.46
LAGNAM,14.99,14.99
RPPL,30.06,30.06
AKG,55.25,55.25
IRCON,26.19,26.19
AHLADA,10.67,10.67
SPECTRUM,140.42,140.42
RAJMET,35.08,35.08
KSHITIJPOL,18.03,46.5
KRITIKA,45.31,45.31
VINNY,52.7,52.7
BBTCL,31.69,31.69
IRISDOREME,49.86,49.86
UWCSL,47.62,47.62
TECHNOE,62.05,62.05
DRSDILIP,64.23,64.23
UNIPARTS,19.64,19.64
TREJHARA,27.18,221.8
RPSGVENT,35.46,35.46
SURANI,750.01,750.01
CHALET,78.49,78.49
PAR,20.21,20.21
RVNL,89.42,89.42
METROPOLIS,79.88,79.88
KPITTECH,70.56,70.56
NEOGEN,105.89,105.89
VIKASLIFE,,95.48
CONFIPET,33.85,33.85
DGCONTENT,40.69,40.69
ABINFRA,91.3,92.62
OAL,66.44,66.44
SATIA,6.59,6.59
WEL,164.28,164.28
CHEMCON,52.3,52.3
WESTLIFE,292.43,292.43
HNDFDS,67.9,67.9
MAZDOCK,42.21,42.21
IRCTC,63.73,63.57
360ONE,46.61,43.45
HPIL,140.19,140.19
FLUOROCHEM,113.27,113.27
KUANTUM,8.01,8.01
CHEMBOND,19.13,19.13
MGEL,18.43,18.43
SBICARD,30.31,30.31
HOMEFIRST,32.36,32.36
CSBBANK,10.09,10.09
EASEMYTRIP,68.46,42.62
ROSSARI,36.07,36.07
PRINCEPIPE,33.33,36.12
ESAFSFB,5.27,5.27
ARTEMISMED,67.54,67.54
SUMICHEM,59.35,59.35
LGHL,65.39,69.52
ASALCBR,30.33,30.33
UNIVPHOTO,14.41,14.41
BAFNAPH,701.03,309.87
SUVENPHAR,121.87,121.87
STOVEKRAFT,80.57,80.57
RAJRATAN,41.01,41.01
HAPPSTMNDS,50.63,52.81
GLAND,43.16,43.16
BOROLTD,65.94,65.94
MAXHEALTH,81.67,81.67
AAATECH,51.39,51.39
KALYANKJIL,106.01,106.01
SHAREINDIA,13.81,13.79
UNIDT,43.31,43.31
ANGELONE,18.87,18.87
NIRAJ,20.96,14.08
CAMS,56.88,56.88
SURYODAY,8.32,8.32
ROML,129.9,129.9
RAILTEL,61.64,60.84
BECTORFOOD,67.37,67.37
NURECA,594.97,594.97
HERANBA,34.8,34.8
LXCHEM,71.63,71.63
FAIRCHEMOR,34.4,34.4
ANURAS,66.09,66.09
ORBTEXP,18.29,18.29
NATHBIOGEN,9.91,10.63
SDBL,23.09,23.09
AGARIND,15.38,15.38
CAPLIPOINT,33.43,33.43
SNOWMAN,125.41,125.41
INTELLECT,45.38,44.98
FCL,32.45,32.45
LAMBODHARA,40.95,40.95
MOLDTKPAC,41.74,41.74
GANECOS,79.13,79.13
MENONBE,9.62,9.62
ZENTEC,94.11,95.22
VIPULLTD,2.04,2.01
NILAINFRA,37.06,37.06
SYNGENE,74.13,76.78
POWERMECH,39.18,39.11
IDFCFIRSTB,19.67,19.67
LUXIND,50.13,50.13
LINCOLN,15.79,15.79
PRECAM,51.68,73.75
BHAGERIA,47.1,47.1
KDDL,30.31,30.37
BHARATWIRE,21.92,21.92
PARAGMILK,23.62,23.62
ASPINWALL,18.45,18.45
NITIRAJ,25.48,25.48
RADIOCITY,65.9,65.9
CREATIVE,21.56,21.56
SIKKO,34.76,34.76
INFOBEAN,40.92,40.92
CDSL,61.77,61.77
STEELXIND,81.82,81.82
GANGESSECU,35.5,35.5
SMSLIFE,27.81,27.81
DIXON,171.61,171.61
CHOLAHLDNG,8.14,8.14
WORTH,14.53,14.53
AARVI,20.92,20.92
AIROLAM,27.04,27.04
JASH,36.95,36.95
GODREJAGRO,45.58,45.58
HDFCLIFE,99,99
ZODIAC,80.1,80.1
SHRADHA,11.9,11.9
TOUCHWOOD,48.83,48.84
MOKSH,17.8,17.8
APOLLO,84.05,84.05
SINTERCOM,290.69,290.69
GRSE,59.22,59.22
SILGO,20.92,20.92
MARINE,114.01,114.51
ATGL,137.42,137.42
SHRIRAMPPS,6.53,6.53
AWHCL,20.62,20.62
ISGEC,37.66,37.66
STYLAMIND,26.77,26.6
CLSEL,10.96,10.96
CARYSIL,40.25,40.25
SHAILY,73.74,73.74
MODISONLTD,31.74,31.32
FIBERWEB,14.81,14.81
BCLIND,16.86,16.86
BHAGCHEM,226.49,226.49
SBCL,42.44,42.44
SMCGLOBAL,7.4,7.4
QMSMEDI,24.85,24.85
ARIHANTCAP,14.16,14.16
SIDDHIKA,17.31,17.31
NAZARA,77.8,77.12
IPL,39.71,39.71
GENCON,20.59,20.59
LODHA,64.53,61.34
HLEGLAS,74.54,69.09
VMARCIND,37.65,37.65
SONACOMS,78.61,77.98
UTKARSHBNK,10.25,10.25
DRCSYSTEMS,23.8,23.8
PARAS,126.42,126.42
CRAFTSMAN,48.16,48.16
DODLA,37.76,37.76
JUBLINGREA,67.63,67.63
ROLEXRINGS,39.07,35.45
SHYAMMETL,21,21
KIMS,62.19,62.19
MAKS,130.33,66.22
TATVA,87.51,87.51
CLEAN,63.59,63.59
GLS,29.97,29.97
ABSLAMC,25.87,25.87
DEEPINDS,19.25,19.32
ZOMATO,373.99,373.99
BEWLTD,34.31,34.31
PIXTRANS,22.31,22.31
WINDLAS,31.78,31.78
CARTRADE,55.03,55.03
KRSNAA,40.84,40.84
EQUIPPP,2806.55,2806.55
DEVYANI,1535.56,271.68
APTUS,25.51,25.51
SUPRIYA,34.74,34.74
BMETRICS,26.54,26.54
VIJAYA,77.91,76.98
AMIORG,143.93,63.33
IWEL,1046.35,514.78
VINEETLAB,383.24,383.24
SANSERA,39.61,39.61
BAJAJHCARE,,35.06
PRITIKAUTO,32.3,32.3
AAREYDRUGS,38.11,38.11
GRINFRA,13.29,16.54
INTLCONV,6.63,6.63
DUGLOBAL,664.29,664.29
STEELCAS,23.26,23.26
HPAL,42.36,42.69
UGROCAP,17.73,17.73
STARHEALTH,42.56,42.56
KPIGREEN,59.78,59.36
SGIL,47.38,47.38
SJS,32.19,32.19
FINOPB,41.39,41.39
NYKAA,1194.68,1194.68
AWL,87.89,81.45
SAPPHIRE,300.18,300.18
DKEGL,13.51,13.51
QUADPRO,46.7,46.7
PRUDENT,64.49,64.49
NUVOCO,92.19,92.19
TRACXN,138.85,138.85
FUSION,9.07,9.07
COASTCORP,86.03,86.03
MEDPLUS,140.64,140.64
RATEGAIN,53.96,53.96
LATENTVIEW,59.46,59.46
METROBRAND,84.05,84.05
PASUPTAC,20.12,20.12
FOODSIN,35.15,35.15
MAPMYINDIA,78.78,78.78
TMB,6.81,6.81
KRITI,38.92,38.92
DESTINY,41.79,41.79
GANESHBE,19.53,19.53
GVPTECH,72.95,72.95
KOTYARK,45.9,45.9
MEDICAMEQ,84.09,84.09
SHIVALIK,57.11,57.11
PRECISION,16.55,16.55
UMAEXPORTS,27.95,27.44
COOLCAPS,109.39,109.34
MEDANTA,63.65,63.65
MALLCOM,25.26,25.26
NIDAN,,22.32
IRIS,47.89,47.89
SMLT,23.47,23.47
RADIANTCMS,20.78,20.78
HARIOMPIPE,43.51,43.51
RAJRILTD,5673.19,5673.19
DYCL,35.6,35.6
FIVESTAR,24.55,24.55
VIRINCHI,36.04,36.04
ELDEHSG,28.58,28.58
ELIN,78.34,78.34
SHIGAN,43.4,43.4
MADHAVBAUG,79.26,79.26
MHLXMIRU,15.08,15.08
RELCHEMQ,109.91,109.91
GATEWAY,20.62,20.62
ZIMLAB,32.87,32.87
JTLIND,38.97,38.97
RAINBOW,60.09,60.09
AETHER,148.61,77.8
ROTO,48.26,48.26
SPRL,17.89,17.89
INDOBORAX,16.72,16.72
RACE,709.51,709.51
ETHOSLTD,133.93,133.93
SONUINFRA,16.35,16.35
MSUMI,46.58,46.58
LEMERITE,274.06,274.06
HARSHA,38.57,38.57
GMRP&UI,6.39,
KCK,189.81,189.81
LICI,16.17,16.17
KRISHNADEF,106.04,106.04
TVSSCS,10013.5,252.97
SWARAJ,29.83,29.83
AMEYA,27.86,27.86
ACI,33.24,33.24
BIKAJI,78.79,78.79
SADHNANIQ,401.63,401.63
RILINFRA,31.91,31.91
CHEVIOT,10.94,10.94
HMAAGRO,44.29,44.29
CMRSL,12.41,10.16
YATHARTH,35.51,35.51
DCXINDIA,54.28,54.28
AKSHAR,44.49,44.49
NGLFINE,32.75,32.75
SABAR,13.39,13.39
JFLLIFE,17.41,17.41
FIDEL,28.79,28.79
AXITA,31.07,31.07
PLAZACABLE,112.77,112.77
SENCO,45.44,45.44
TRU,46.66,46.66
RADHIKAJWE,27.3,27.3
SPLPETRO,40.68,40.68
RAMRAT,46.96,46.96
VIVIANA,81.07,81.07
CSLFINANCE,15.78,15.78
AGNI,219.93,219.93
GOYALALUM,61.49,61.49
RUSTOMJEE,140.76,140.76
GENSOL,60.66,60.57
DBOL,27.14,27.14
KANDARP,35.4,35.4
GSLSU,61.33,61.33
SPORTKING,22.74,22.74
MANORAMA,118.37,118.37
ISHAN,,290.2
ARABIAN,27.33,27.33
GRMOVER,25.53,25.53
SYNCOMF,73.12,73.08
DJML,67.13,67.13
BAHETI,53.61,53.61
SULA,43.6,43.6
SIGNATURE,377.69,377.69
KRITINUT,14.82,14.82
MEGAFLEX,44.71,44.71
KALAMANDIR,31.86,31.86
AVALON,184.1,184.1
RITEZONE,15.56,15.56
CONCORDBIO,61.66,61.66
GRCL,146.77,146.77
BAIDFIN,17.79,17.79
PHANTOMFX,21.34,21.34
QUICKTOUCH,13.65,13.65
IPSL,26.79,26.79
KAMOPAINTS,111.14,111.14
BLUEJET,52.75,50.53
MVGJL,14.62,14.62
JIWANRAM,21.18,21.18
SCPL,21.11,21.11
SUKHJITS,15.87,15.87
ARHAM,45.66,45.66
MANKIND,50.14,50.14
SKYGOLD,73.32,73.32
ARIHANTACA,72.36,72.36
SATINDLTD,6.94,6.94
DIVGIITTS,52.28,52.28
USK,12.31,12.31
ANLON,60.79,60.79
VERTEXPLUS,126.72,126.72
SRIVASAVI,27.57,27.57
IKIO,37.09,37.09
MANOMAY,29.82,29.82
FAZE3Q,28.61,28.61
RBMINFRA,69.42,69.42
LLOYDSME,29.16,29.16
AARTIPHARM,27.79,27.79
RHL,56.75,56.75
SAHYADRI,16.15,16.15
NINSYS,49.89,49.89
DUCOL,48.86,48.86
SBFC,33.63,33.63
SBGLP,84.65,84.65
ASMS,290.03,279.35
HYBRIDFIN,13.26,13.01
VIAZ,30.2,30.2
ZAGGLE,73.7,73.7
AGARWALFT,364.78,364.78
HONASA,134.79,134.79
RISHABH,41.27,41.27
IRMENERGY,21.2,21.2
SAH,374.8,374.8
DENEERS,19.36,19.36
QFIL,22.43,22.43
CYIENTDLM,86.35,86.35
NIRMAN,54.5,54.5
AKI,123.59,123.59
YCCL,35.58,35.58
RATNAVEER,24.71,24.71
PATTECH,52.72,52.72
MOS,58.04,58.04
SECMARK,195.8,195.8
SPECTSTM,24.75,24.75
ATAM,30.91,30.91
IDEAFORGE,112.39,112.39
SHRITECH,13.66,13.66
INFOLLION,31.96,31.96
LAL,52.38,52.38
INFINIUM,51.44,51.44
AARTECH,132.56,132.56
POCL,68.48,68.48
ESFL,67.02,67.02
REMUS,54.23,54.23
REDTAPE,60.58,60.58
ASHOKAMET,8.57,8.57
CELLPOINT,35.48,35.48
GREENCHEF,38.71,38.71
PTCIL,597.08,597.08
PYRAMID,22.86,22.86
AEROFLEX,56.38,56.22
EFACTOR,18.69,18.69
GHCLTEXTIL,32.4,32.4
UDS,32.07,32.07
DENTALKART,59.42,59.42
SYNOPTICS,16.55,16.55
KIRLPNU,57.17,54.83
RRKABEL,62.09,62.16
COMMITTED,14.83,14.83
SANGANI,22.29,22.29
JLHL,53.01,53.33
NUVAMA,32.83,32.83
DRONE,88.33,88.33
SERVICE,31.8,31.8
KEL,61.94,61.94
NIITMTS,32.05,31.28
VINSYS,23.09,23.09
ACSAL,17.22,17.22
SAROJA,30.94,30.94
SINDHUTRAD,34.7,34.69
ORIANA,77.38,77.38
CHAVDA,23.54,23.54
TRANSTEEL,11.67,11.51
SANDUMA,22.45,22.45
OLIL,41.65,41.65
KODYTECH,536.46,536.46
SCML,21.86,21.86
MUFIN,119.19,115.74
MAL,8.94,8.94
HIGREEN,59.54,59.54
CELLECOR,58.63,58.63
SRGHFL,21.75,21.75
MADHUSUDAN,25.22,25.22
GOYALSALT,32.55,32.55
SHANTHALA,139.97,139.97
DIAMINESQ,76.44,76.44
VISHNUINFR,33.77,33.77
KONTOR,116.13,116.13
INSPIRE,16.91,16.91
CELLO,55.16,55.16
MAITREYA,43.13,43.13
DIGIKORE,86.44,86.44
VINYAS,206.82,206.82
MSTCLTD,23.93,23.93
POLYCAB,55.51,55.51
EMAMIPAP,8.02,8.02
PPL,16.06,16.06
INDIAMART,44.76,44.76
AFFLE,71.92,71.92
SPANDANA,9.95,9.95
UJJIVANSFB,6.76,6.76
SAFARI,71.24,71.24
IIFLSEC,16.81,16.81
VISHWARAJ,68.02,68.02
GREENPANEL,40.45,40.45
APOLLOPIPE,62.76,62.76
ROUTE,26.74,27.77
SIGMA,22.27,22.27
EQUITASBNK,15.24,15.24
HINDWAREAP,77.37,77.37
LIKHITHA,25.74,25.74
PATANJALI,74.43,74.43
ATALREAL,38.6,38.6
MAHEPC,,2259.71
POWERINDIA,290.25,290.25
KSOLVES,34.4,34.4
AARTISURF,30.19,30.19
NDRAUTO,56.88,56.88
PAVNAIND,55.71,55.71
SIGACHI,31.93,31.93
ADL,209.93,209.93
UTIAMC,19.18,19.18
ORCHPHARMA,66.08,66.08
INDIGOPNTS,50.97,50.97
MTARTECH,138.4,138.4
YUKEN,72.07,72.07
ANANDRATHI,66.29,66.29
POLICYBZR,567.3,757.75
MONARCH,19.38,19.38
EPIGRAL,30.95,30.95
GOCOLORS,72.8,72.8
CMSINFO,24.47,24.47
TARSONS,65.26,65.26
TEGA,55.37,55.37
MANORG,95.44,95.44
MICEL,30.96,34.54
PARADEEP,31.07,31.07
MANYAVAR,81.45,81.45
DMCC,71.54,71.54
EMIL,42.59,42.59
DATAPATTNS,82.88,82.88
AHL,30.9,30.9
ASIANENE,56.43,53.21
NRL,75.08,75.08
CHOICEIN,64.24,64.24
GRWRHITECH,33.09,33.09
DCMSRIND,14.4,14.4
EMUDHRA,86.76,86.76
STARTECK,16.83,16.83
SBC,83.3,83.3
SEJALLTD,91.06,91.06
SYRMA,66.43,65.9
CAMPUS,104.64,104.64
VENUSPIPES,46.86,46.86
MEGASTAR,73.1,73.1
LANDMARK,46.38,45.79
DREAMFOLKS,34.4,34.4
DHARMAJ,29.78,29.78
OBCL,46.04,46.04
INDOAMIN,28.01,28.01
INOXGREEN,218.73,218.73
RITCO,27.06,27.06
HARDWYN,108.88,108.88
KFINTECH,63.1,63.1
KAYNES,145.45,145.45
DOLPHIN,200.21,209.32
NETWEB,172.63,172.63
EMSLIMITED,27.33,27.33
VPRPL,25,25
ATL,29.97,29.97
JSWINFRA,57.19,57.19
YASHO,59.6,59.6
JIOFIN,188.85,188.85
TREL,4.83,39.15
AMNPLST,56.34,56.34
PFIZER,46.22,46.73
BOSCHLTD,39.05,52.42
DEEPAKFERT,24.9,24.9
MAHSEAMLES,10.33,10.29
BALMLAWRIE,23.49,23.49
MOTOGENFIN,93.76,93.76
RAMCOCEM,57.33,57.33
PGHL,42.93,41.11
ADORWELD,26.93,26.93
TATACHEM,,34.15
ATFL,336.17,691.37
EPL,37.64,35.68
SUPREMEIND,66.15,66.15
BALRAMCHIN,23.53,23.53
WEIZMANIND,25.97,25.97
UNICHEMLAB,,2246.81
JTEKTINDIA,41.81,41.81
TATAELXSI,61.11,61.11
SHREYANIND,5.24,5.24
HCC,18.69,
ARE&M,27.6,27.6
IVP,15.35,15.35
EICHERMOT,35.92,35.92
NEULANDLAB,48.75,51.15
JINDALPOLY,25.07,110.92
BLUEDART,65.43,65.43
SOTL,21.95,21.95
UFLEX,,14.09
SUBROS,43.16,43.16
WIPRO,24.32,24.32
JUBLPHARMA,25.68,58.5
MURUDCERA,64.52,64.52
LIBERTSHOE,63.01,49.24
MODTHREAD,11.07,11.07
MANGLMCEM,44.8,44.8
PCBL,37.11,37.11
EIHAHOTELS,31.46,31.46
ABB,100.73,100.73
BRITANNIA,64.33,63.74
DABUR,61.79,61.79
ORIENTHOT,66.17,66.17
KANSAINER,37.62,37.62
GABRIEL,40.24,40.24
PRAKASH,11.27,11.27
GREAVESCOT,,99.56
SUDARSCHEM,60.72,60.72
HINDALCO,13.97,13.7
EIDPARRY,9.55,9.55
BIRLACORPN,26.51,26.94
ASHAPURMIN,15.57,27.95
AUTOAXLES,18.53,18.53
KHAITANLTD,17.84,17.84
ANDHRSUGAR,35.93,34.02
EIMCOELECO,37.33,37.33
SAMBHAAV,37.83,42.89
KEYFINSERV,6.84,6.84
AARTIDRUGS,33.22,33.22
DENORA,39.82,39.82
SHRIRAMFIN,15.93,15.93
GANESHHOUC,16.35,16.35
GUJRAFFIA,42.05,42.05
INDRAMEDCO,30.01,30.01
INDNIPPON,27.05,27.05
THERMAX,73.53,85.66
RIIL,170.92,170.92
RAYMOND,20.92,20.12
SHREDIGCEM,18.04,18.04
SESHAPAPER,9.71,9.71
SUNDRMFAST,53.63,53.63
CRISIL,51.64,51.64
PEL,,141.58
MASTEK,27.53,27.32
LUMAXIND,49.38,49.38
CUMMINSIND,67.29,67.23
JBCHEPHARM,51.14,51.14
INDIAGLYCO,25.38,25.38
IONEXCHANG,47.63,47.63
HIMATSEIDE,13.8,13.8
GFLLIMITED,193.48,193.48
BPCL,8.65,8.39
ATUL,72.81,72.81
ACC,20.46,23.18
SCI,16.48,16.48
HINDPETRO,11.38,11.38
ZUARIIND,1.62,
VOLTAS,99.9,99.9
TITAN,95.68,95.68
SPIC,19.8,13.81
SBIN,10.58,9.83
NOCIL,39.11,39.11
CHAMBLFERT,16.14,16.14
HINDOILEXP,16.37,19.34
CENTURYTEX,101.75,101.75
CENTENKA,27.99,27.99
VTL,20.37,20.37
VIPIND,12388.99,12388.99
BIRLACABLE,76.76,76.76
AEGISLOG,42.76,42.76
BBOX,59.4,46.34
HONAUT,82.26,82.26
PRECOT,18.11,23.01
ADANIENT,79.69,75.39
INDBANK,23.67,23.67
GET&D,145.15,145.15
BERGEPAINT,61.58,61.8
KPIL,46.66,46.66
IGARASHI,138.86,138.86
MUNJALSHOW,24.78,23.26
HSCL,59.34,59.34
KARURVYSYA,10.36,10.36
WSI,21.72,20.85
SUNFLAG,26.2,26.2
SIEMENS,96.86,96.86
VSTIND,278.86,278.86
TOKYOPLAST,99.15,99.15
IFCI,67.49,68.09
HLVLTD,58.47,58.47
HEIDELBERG,33.89,33.89
PRSMJOHNSN,84.08,
PIDILITIND,88.28,85.95
HONDAPOWER,41.08,42.85
RUBYMILLS,22.09,22.09
STYRENIX,22.97,22.97
GRAPHITE,9.3,35.06
BBL,44.59,44.59
COSMOFIRST,26.22,26.22
HDFCBANK,17.96,17.86
GMBREW,12.47,12.47
ITC,30.86,30.85
IOC,8.43,8.43
OSWALGREEN,638.52,638.52
HUHTAMAKI,7.22,31.37
RICOAUTO,43.5,42.37
MANINDS,23.42,23.42
SIYSIL,11.73,11.73
ONWARDTEC,32.01,32.01
NCC,26.4,25.72
SEAMECLTD,26.78,28.39
BBTC,9.49,9.15
GICHSGFIN,8.3,8.3
BANARBEADS,23.5,23.5
WSTCSTPAPR,6.38,6.38
VENKEYS,26.3,26.3
PRUDMOULI,15.73,14.57
TFCILTD,18.24,18.24
GTL,1,4.78
AGI,23.23,23.23
TATACONSUM,93.59,79.87
ZEEL,40.61,31
KOTAKBANK,16.62,19.21
FOSECOIND,47.25,47.48
ANDHRAPAP,9.14,9.14
SCHAEFFLER,68.17,67.92
MFSL,86.18,86.18
KSB,75.17,75.17
GODFRYPHLP,49.03,46.28
INGERRAND,58.62,58.62
HINDZINC,25.73,25.73
GRASIM,19.01,18.28
DCW,222.13,206.34
HEUBACHIND,44.15,44.15
CESC,17.5,21.26
BAJFINANCE,30.06,30.06
NAVA,10.4,11.27
TNPL,15.25,15.25
REMSONSIND,43.41,44.75
SWARAJENG,29.15,29.15
GARFIBRES,34.71,34.71
SKFINDIA,47.27,47.27
JAYAGROGN,15.63,15.63
MARICO,54.13,54.13
BIOFILCHEM,172.1,172.1
SANGAMIND,49.39,42.87
MOTHERSON,41.61,40.51
STERTOOLS,29.23,29.44
WENDT,72.51,72.51
MMFL,21.18,21.34
JCHAC,4144.36,210.28
RUCHINFRA,31.23,99.03
HERITGFOOD,35.24,34.97
MADRASFERT,21.64,13.31
SKMEGGPROD,11.57,11.57
HUDCO,23.53,23.53
FDC,29.04,29.04
ADROITINFO,14.76,14.76
INDUSINDBK,12.28,12.28
TRIGYN,23.24,23.24
KOTHARIPRO,37.47,37.47
ITDCEM,29.35,29.35
SONATSOFTW,64.4,5.28
KOKUYOCMLN,50.24,50.24
DHANBANK,45.54,45.54
STCINDIA,15.56,16.46
IVC,74.89,74.89
ALEMBICLTD,41.7,41.7
HCLTECH,29.56,29.56
ZYDUSLIFE,26.83,26.83
RAJESHEXPO,230.32,230.32
IOB,40.15,40.15
BLUESTARCO,69.81,69.81
PNBGILTS,35.35,38.63
TAJGVK,28.26,28.26
CHENNPETRO,5.8,5.8
GAEL,18.95,18.95
BALAJITELE,108.36,108.36
MARKSANS,35.19,35.19
ACLGATI,230.4,
UNITDSPR,76.23,76.42
OLECTRA,160.52,174.75
TIMESGTY,63.09,63.09
NUCLEUS,21.46,21.46
GODREJIND,37.68,37.68
UCOBANK,30.08,30.08
JAIBALAJI,21.92,21.92
MUKANDLTD,23.16,23.16
VAIBHAVGBL,42.52,40.66
POONAWALLA,17.39,24.86
DATAMATICS,21.06,20.77
CENTEXT,26.47,26.86
TCS,34.39,33.87
COFORGE,54.67,55.3
ASTRAMICRO,69.52,69.52
DWARKESH,41.48,41.48
PATELENG,16.65,21.76
CONSOFINVT,12.54,12.54
EVEREADY,74.5,74.5
IIFL,10.81,10.81
SSWL,5.34,15.67
SURYALAXMI,59.6,31.96
GEOJITFSL,23.48,23.48
NECLIFE,172.49,172.49
IDFC,751.58,751.58
IMPAL,22.53,22.53
AURIONPRO,67.25,67.25
AIAENG,36.67,36.69
ORIENTCER,38.8,42.88
VIMTALABS,34.89,34.89
NITINSPIN,16.42,16.42
ENIL,31.98,31.98
KEC,64.78,64.78
INDOTECH,44.88,44.88
BLKASHYAP,38.39,41.27
CENTURYPLY,66.32,64.83
GALLANTT,29.13,29.13
KKCL,25.92,25.92
GPIL,12.68,12.68
BALPHARMA,29.12,29.12
RATNAMANI,43.7,43.7
ALLCARGO,204.62,123.9
EMAMILTD,49.06,48.74
TECHM,62.76,62.84
SELAN,32,32
ANANTRAJ,69.81,69.81
GEECEE,19.46,19.46
JMFINANCIL,315.65,11.84
INSPIRISYS,38.34,38.34
NAUKRI,116.68,109.91
VENUSREM,16.66,16.66
NFL,39.99,39.99
PARACABLES,28.39,28.39
SARLAPOLY,18.8,18.8
PITTIENG,48.03,48.03
IZMO,21.08,21.08
REDINGTON,12.96,12.96
PFC,8.6,8.6
INDIANB,8.41,8.41
LAOPALA,29.65,29.65
NAHARPOLY,1844.8,1844.8
ICRA,41.06,41.06
AROGRANITE,56.85,56.85
NDLVENTURE,319.85,319.85
SRHHYPOLTD,13.74,12.38
NAVINFLUOR,63.79,77.62
HGS,72.26,72.26
DLF,122.72,122.72
MEGASOFT,76.9,76.9
ALPA,13.51,13.53
KPRMILL,35.95,35.95
CIEINDIA,26.89,26.89
POWERGRID,19.64,19.64
MANGCHEFER,10.39,10.39
BVCL,19.87,19.87
RGL,15.33,15.33
JYOTHYLAB,54.29,54.29
HITECHCORP,21.41,22.13
TARIL,137.27,137.27
BRIGADE,65.48,65.48
MANAKSIA,8.37,6.35
DVL,26.76,26.76
ARIES,18.33,18.33
CORDSCABLE,24.71,24.71
SEPC,181.74,181.74
IRB,40.32,40.32
GSS,29.31,29.31
VGUARD,69.34,69.34
NESCO,18.91,18.91
TITAGARH,63.77,63.41
BAJAJFINSV,18.51,18.51
DIGISPICE,14.69,39.34
GOKUL,287.38,22.56
RBL,22.73,22.26
LOTUSEYE,75.85,76.68
UBL,119.73,119.73
ZFCVINDIA,74.01,74.01
20MICRONS,19.28,18.91
TPHQ,27.12,27.12
MAWANASUG,9.87,9.87
MHRIL,71.57,71.57
VINATIORGA,56.68,56.68
AMRUTANJAN,55.48,55.48
SHILPAMED,157.75,169.8
JSWENERGY,64.03,64.03
HINDCOPPER,84.32,84.32
WHIRLPOOL,96.89,92.53
DBREALTY,7.75,8.24
LGBBROSLTD,16.16,16.91
KSL,18.48,18.48
MANAPPURAM,7.89,7.89
IMFA,9.3,9.3
DEEPAKNTR,47.37,50.94
RAMKY,17.51,17.51
ASHOKA,11.39,12.89
JWL,64.54,64.54
CGCL,45.61,45.61
GRAVITA,63.04,63.04
JAMNAAUTO,24.51,24.51
PSB,62.54,62.54
SUMMITSEC,38.17,33.53
HFCL,61.12,61.12
LOVABLE,72.43,72.43
PIIND,39.34,39.34
OMINFRAL,37.96,37.96
MAITHANALL,4.34,4.34
KCPSUGIND,7.29,7.93
HAVELLS,84.69,84.69
USHAMART,25.05,25.05
MRO-TEK,35.23,35.23
KHANDSE,97.16,97.16
TRIDENT,57.3,57.32
GODREJCP,,75.99
LUPIN,45.66,45.66
TCI,29.96,29.74
BHARTIARTL,100.96,83.79
PONNIERODE,10.17,10.17
SURANAT&P,33.81,33.81
OFSS,41.85,41.85
CANBK,6,6
RADICO,99.49,99.49
JSL,22.77,23.48
WELSPUNLIV,26.48,26.48
TVTODAY,16.48,15.94
PETRONET,14.19,14.3
XPROINDIA,54.82,52.76
EXCELINDUS,47.57,47.57
AMBICAAGAR,15.24,15.24
TEXINFRA,469.42,469.42
WELENT,21.24,21.24
INDOCO,46.88,50.96
ALLSEC,21.36,25.78
CYBERMEDIA,15.75,20.44
63MOONS,11.31,11.31
GENUSPOWER,98.82,98.82
RML,104.34,20.43
ALICON,34.05,34.05
LTFOODS,25.35,25.35
SOBHA,427.05,427.13
PLASTIBLEN,24.44,24.44
WANBURY,15.07,29.46
UNOMINDA,85.2,87.27
FSL,42.52,42.52
JKTYRE,12.67,12.35
NCLIND,13.45,13.45
PHOENIXLTD,47.57,47.55
ALPHAGEO,32.9,19.01
NAGREEKEXP,23.81,23.81
TARMAT,,141.26
PURVA,132.19,132.19
CENTUM,,4501.46
MAANALU,27.19,27.19
RELIGARE,32.94,93.18
GLOBUSSPR,41.86,41.86
EMKAYTOOLS,14.03,14.03
GRETEX,22.88,22.7
PROLIFE,12.2,12.2
TRANSWIND,35.36,35.36
MPTODAY,7.24,7.27
TIRUPATI,56.32,56.32
CMMIPL,20.75,20.75
AISL,28.19,28.19
FELIX,67.5,67.5
SOLEX,175.66,175.66
MHHL,9.74,9.74
MDL,56.28,52.6
CONTI,94.49,
PARIN,150.63,150.63
SHUBHLAXMI,19.1,19.1
KHFM,146.21,146.21
ASCOM,29.21,29.12
PARTYCRUS,20.93,20.93
NPST,647.21,647.21
WALPAR,44.05,44.05
AILIMITED,78.28,78.28
ABCOTS,54.26,54.26
REXPIPES,16.88,16.87
DYNAMIC,76.66,76.66
FOCE,46.37,46.37
JSLL,51.61,51.61
EUROBOND,59.46,59.46
TIMESCAN,13.45,13.45
GSTL,71,71
KNAGRI,32.22,32.22
KRISHIVAL,59.05,59.05
PROPEQUITY,27.75,27.75
SKP,63.46,63.46
MWL,27.81,27.81
ARISTO,20.46,20.46
SWASTIK,156.11,156.11
USASEEDS,25,25
KORE,169.52,165.83
ALLETEC,78.31,78.31
CLOUD,3.62,3.62
ANNAPURNA,71.7,71.7
AMIABLE,10.56,10.56
DOLLEX,9.02,9.02
FROG,31.76,31.76
PRITIKA,103.45,103.45
CMNL,20.66,20.37
SAHANA,82.23,82.23
HOMESFY,65.16,54.59
LRRPL,166.68,166.68
MCON,54.55,54.55
AGUL,16.3,16.3
MASTER,49.24,49.24
SYSTANGO,21.69,21.69
AUROIMPEX,16.97,16.97
CRAYONS,17.04,17.04
URBAN,28.11,28.11
KRISHCA,35.83,35.83
AATMAJ,69.53,69.53
PENTAGON,19.33,19.33
SEL,141.04,141.04
PROV,74.82,74.82
MAGSON,27.58,27.58
MONOPHARMA,26.88,26.88
SSFL,97,97
SAHAJ,26.36,26.36
GLOBALPET,49.07,49.07
PRAMARA,51.37,51.37
ZEAL,23.78,23.78
UNIHEALTH,24.29,24.29
ONDOOR,40.55,40.18
PLADAINFO,9.37,9.37
KARNIKA,34.7,34.7
SAAKSHI,83.68,83.68
BASILIC,52.83,52.83
CPS,83.89,83.89
NEWJAISA,65.13,65.13
HOLMARC,32.35,32.35
MARCO,41.84,41.84
MICROPRO,20.15,20.15
CANARYS,49.66,49.66
SARTELE,88.99,88.99
PARAGON,20.17,20.17
MIRZAINT,59.43,59.43
ALKYLAMINE,76.78,76.78
RAMCOIND,28.59,28.59
BANKINDIA,8.07,8.07
PENINLAND,27.49,28.67
WHEELS,30.65,30.65
PREMIERPOL,21.45,21.45
SMLISUZU,24.13,24.13
FACT,2538.92,309.28
EXIDEIND,47.93,47.93
ELECON,40.44,40.44
LAXMIMACH,58.74,58.74
NELCO,134.11,134.11
MAHSCOOTER,54.71,56.51
TRENT,164.45,247.41
KECL,92.6,92.6
KCP,11.85,11.76
JAYBARMARU,36.2,36.2
INFY,30.09,30.09
IFBIND,69.55,69.55
IGPL,53.36,53.36
GNFC,20.12,20.12
BHARATFORG,86.35,77.85
BASF,43.1,43.76
ARVIND,32.09,32.19
TATAMOTORS,11.72,11.64
MRPL,13.43,13.39
LINDEINDIA,144.29,144.29
ESCORTS,39.95,39.95
BAJAJHLDNG,84.91,84.91
ASHOKLEY,27.87,27.31
TATASTEEL,,52.49
SUNDARMFIN,35.9,34.43
VEDL,19.58,21.99
RELIANCE,25.93,25.93
DRREDDY,20.14,20.14
BATAINDIA,56.01,74.07
CARBORUNIV,68.65,68.65
COROMANDEL,33.9,33.9
VINDHYATEL,29.46,29.46
ASIANPAINT,61.74,61.74
BEML,59.04,59.04
TORNTPHARM,67.15,70.11
FEDERALBNK,11.41,11.41
VLSFINANCE,4.32,4.32
SRF,63.17,63.17
RANEHOLDIN,30.06,15.51
SUNPHARMA,41.71,41.1
SANDESH,6.33,6.33
APOLLOHOSP,94.64,94.75
BALKRISIND,35.09,35.09
EXPLEOSOL,21.85,21.85
SUNTECK,86.08,86.08
SARDAEN,23.88,23.78
AHLUCONT,22.56,37.45
GODREJPROP,65.67,65.67
BEARDSELL,17.12,17.12
NESTLEIND,74.44,74.65
JUBLFOOD,112.45,194.15
THANGAMAYL,48.41,48.41
HATHWAY,56.33,55.64
MANINFRA,26.43,26.43
KIRLOSBROS,38.89,39.02
UMESLTD,122.14,122.14
HMVL,187.68,187.68
BLISSGVS,15.42,7.62
BAJAJCON,25.76,25.76
ADFFOODS,39.98,39.98
ORISSAMINE,1687.78,1687.78
GREENPOWER,66.99,104.78
BEDMUTHA,26.55,26.55
COALINDIA,8.76,8.76
RPPINFRA,13.49,13.49
DHUNINV,14.35,14.35
RELAXO,108.66,108.66
ASHIANA,48.92,48.92
LTF,17.2,17.2
BODALCHEM,344.27,344.27
MPHASIS,37.36,37.36
KOTHARIPET,22.49,22.4
BANKBARODA,6.75,6.75
GAIL,15.75,15.75
CONCOR,46.81,46.81
ICICIBANK,18.66,18.66
INDSWFTLAB,3.06,16.16
SAREGAMA,50.54,50.54
ENGINERSIN,40.29,40.29
JAICORPLTD,103.99,103.99
GMDCLTD,19.88,19.88
MAHAPEXLTD,.56,38.64
ASAHIINDIA,56.57,56.57
J&KBANK,6.43,6.43
CUB,12.03,12.03
SOUTHBANK,5.7,5.7
ASTRAZEN,179.68,94.32
AXISBANK,13.63,13.63
CYIENT,32.5,30.66
CYBERTECH,31.43,31.43
GOACARBON,9.57,9.57
SANGHVIMOV,19.45,19.45
RSSOFTWARE,35.08,35.08
NATIONALUM,14.01,16.25
JINDALSTEL,17.35,17.35
NIPPOBATRY,2.99,2.99
BSOFT,28.64,28.64
ACCELYA,28.01,28.08
STAR,147.67,42.94
SHREERAMA,30.55,30.55
NRBBEARING,12.78,34.67
BIL,51.38,51.38
KTKBANK,6.33,6.33
AJANTPHARM,48.72,48.72
CALSOFT,63.26,63.26
TVSMOTOR,70.06,70.06
PNC,30.1,30.1
NLCINDIA,19.27,19.27
REPRO,96.32,96.32
KRBL,14.36,14.36
AXISCADES,54.52,54.52
TIPSINDLTD,65.46,65.46
HIKAL,64.2,64.2
SMARTLINK,34.94,34.94
JISLJALEQS,73.03,73.03
MPSLTD,36.42,36.42
ASAL,62.52,62.52
PNB,11.53,11.53
APTECHT,52.16,47.16
UNIONBANK,6.67,6.67
GENESYS,99.83,99.83
DIVISLAB,81.21,81.21
MARUTI,26.79,26.79
BAGFILMS,22.55,22.55
NSIL,35.08,35.08
UNIENTER,34.81,34.81
PTC,11.96,11.7
MAHABANK,9.7,9.7
RKFORGE,52.04,51.98
CCL,40.09,40.09
LT,31.35,31.49
APARINDS,43.58,43.58
NIITLTD,55.92,55.92
GULFPETRO,13.98,13.98
GUFICBIO,45.4,45.4
NTPC,19.32,19.32
JBMA,118.06,118.06
XCHANGING,41.89,41.89
JSWSTEEL,29.93,31.93
JPPOWER,10.42,7.52
SAKSOFT,32.4,32.4
MANGALAM,31.66,31.66
WELCORP,20.32,20.32
PRIMESECU,39.52,44.59
GRANULES,34.39,34.39
JSWHL,70.56,70.56
YESBANK,50.4,50.4
MSPL,71.72,71.75
GOLDIAM,37.83,37.83
FCSSOFT,,63.17
SUZLON,120.3,112.25
TRIVENI,28.86,28.86
NAHARINDUS,40.93,36.46
EKC,20.53,20.15
ROHLTD,21.92,21.92
GSPL,11.41,11.63
JAGRAN,13.9,13.9
SAKUMA,23.2,23.2
JKCEMENT,41.9,42.38
M&MFIN,20.16,20.16
KEI,66.39,66.37
VAKRANGEE,354.38,376.07
SOLARINDS,101.47,101.47
UTTAMSUGAR,12.13,12.13
SUNTV,16.68,16.68
RSYSTEMS,42.19,42.19
LOKESHMACH,50.77,50.77
SWELECTES,36.03,84.56
KAMDHENU,29.96,29.96
PIONEEREMB,53.18,53.18
JKLAKSHMI,19.73,20
MUNJALAU,33.8,20.17
GRINDWELL,71.14,71.09
VOLTAMP,59.8,59.8
ACE,44.12,44.12
HOVS,40.19,40.19
BINANIIND,28.76,
TALBROAUTO,21.8,31.02
FIEMIND,23.8,23.8
GESHIP,6.67,6.67
MANALIPETC,54.71,50.06
DONEAR,17.24,17.24
RUCHIRA,10.15,10.15
HIRECT,85.83,66.8
TANLA,22.7,22.7
AVTNPL,27.14,27.14
TIDEWATER,32.65,32.65
PTL,22.93,22.93
AUTOIND,27.94,28.63
TIIL,28.71,28
TTL,23.85,66.34
PAGEIND,79.49,79.49
AMDIND,115.9,115.9
ASTRAL,95.12,95.12
THEMISMED,73.66,73.66
BALAMINES,34.21,34.21
BFUTILITIE,15.21,15.21
WEBELSOLAR,,395.57
INSECTICID,23.29,23.29
TIMETECHNO,28.4,28.4
V2RETAIL,100.93,100.93
CENTRALBK,17.26,17.26
MOTILALOFS,16.54,16.54
MAGNUM,40.6,142.2
KSCL,18.01,18.01
DELTACORP,17.87,22.35
CERA,51.57,51.3
ADANIPORTS,34.2,32.61
EDELWEISS,21.71,21.71
COLPAL,70.39,70.39
KALYANIFRG,50.29,50.29
ECLERX,26.77,26.7
PATINTLOG,27.62,27.62
AMBIKCO,15.51,15.51
CEATLTD,18.96,17.8
BIRLAMONEY,14.73,14.73
JKIL,17.58,17.58
KNRCON,12.75,12.75
HERCULES,52.21,52.21
NMDC,10.61,10.25
NAHARCAP,15.57,15.57
RECLTD,11.34,11.34
DPSCLTD,105.03,105.03
BAJAJ-AUTO,39.17,39.17
RPGLIFE,40.18,40.18
ALMONDZ,20.72,53.28
RANEENGINE,30.56,24.83
ARCHIDPLY,117.35,117.35
VINYLINDIA,32.28,32.28
JOCIL,83.5,83.5
COUNCODOS,40.43,40.43
HINDNATGLS,1.57,.86
AJMERA,21.1,21.1
GKWLIMITED,166.96,166.96
ADANIPOWER,15.54,15.54
NHPC,24.44,24.44
OIL,14.98,15.05
RTNPOWER,.89,
ZYDUSWELL,47.43,47.43
DEN,11.51,11.51
REFEX,47.38,47.4
DLINKINDIA,25.13,25.13
DBCORP,12.79,12.79
MMTC,151.91,114.78
TRF,15.98,15.98
UNITEDTEA,14.03,14.03
VASCONEQ,31.14,31.14
EMMBI,23.21,23.21
TEXMOPIPES,76.92,17.77
PERSISTENT,69.52,69.52
ISFT,27.55,27.55
SJVN,52.57,56.17
KIRLOSIND,17.04,15.24
TI,39.13,38.39
AHLEAST,8.32,11.27
UGARSUGAR,53.1,53.1
GPPL,30.14,28.03
WELINV,136.54,136.54
KILITCH,50.87,50.87
CAREERP,14.56,14.56
CANTABIL,32.74,33.39
OBEROIRLTY,29.86,29.86
RESPONIND,40.99,40.99
IOLCP,23.41,23.41
PENIND,22.16,22.16
MOIL,22.47,22.47
FMNL,1.21,
STEL,73.03,73.03
JUBLINDS,77.86,39.51
HINDMOTORS,18.04,18.04
MUTHOOTFIN,17.29,17.29
VADILALIND,20.03,20.03
KARMAENG,124.4,163.41
DHANUKA,29.66,29.66
INVENTURE,14.56,12.66
OMAXAUTO,18.38,
VARDHACRLC,22.95,22.95
IGL,24.27,24.27
SIL,139.89,139.89
BIOCON,22.29,22.52
ULTRACEMCO,47.69,47.5
INDSWFTLTD,3.19,3.19
KOTARISUG,42.42,42.42
RAJSREESUG,22,22
ONGC,8.34,8.12
BANARISUG,29.54,29.54
BSL,19.94,19.94
APCOTEXIND,41.14,41.14
RANASUG,23.75,23.75
ARENTERP,15.66,15.66
TATAPOWER,41.88,42.21
THOMASCOOK,37.89,37.89
SPMLINFRA,150.15,177.59
BHARATRAS,47.73,47.73
UNIVCABLES,75.9,75.9
SOMANYCERA,30.13,31.22
M&M,30.93,30.93
KABRAEXTRU,50.68,50.68
3PLAND,41.57,41.57
OSWALAGRO,267.03,265.57
JINDALSAW,12.97,12.97
CANFINHOME,15.38,15.38
ELECTCAST,15.1,15.1
DCMSHRIRAM,35.84,35.84
CIPLA,30.32,29.3
HEROMOTOCO,27.61,27.61
GIPCL,17.51,17.51
INDIANHUME,30.05,30.05
HINDCOMPOS,26.32,26.32
KAMATHOTEL,12.5,66.6
BANCOINDIA,18.04,18.04
APOLLOTYRE,19.99,18.96
SHANTIGEAR,56.6,56.6
PRECWIRE,42.5,42.5
NILKAMAL,28.46,28.46
ICIL,24.55,24.55
ELGIEQUIP,69.72,69.72
AUROPHARMA,25.21,24.75
EIHOTEL,38.83,38.31
LICHSGFIN,8.2,8.2
BEPL,23.63,23.63
MOREPENLAB,43.34,43.34
GHCL,12.45,12.45
PRAJIND,44.99,48.46
EVERESTIND,110.88,131.87
BPL,23.26,23.26
PGHH,77.61,77.61
VESUVIUS,42.45,42.45
BOMDYEING,1.4,
NAVNETEDUL,4.4,18.93
GLAXO,74.48,65.92
CHOLAFIN,35.37,35.37
INDHOTEL,77.89,77.89
LYKALABS,1068.76,539.83
GILLETTE,72.13,72.13
GOLDENTOBC,10.53,11.95
ESABINDIA,56.67,56.67
AARTIIND,46.27,46.27
AMJLAND,17.73,17.73
HEG,56.39,56.39
SURYAROSNI,20.06,20.06
TIMKEN,71.86,71.86
SHREECEM,44.04,44.04
SAKHTISUG,4.81,
AKZOINDIA,38.93,38.93
HINDUNILVR,64.48,64.45
FINPIPE,22.98,38.14
FINCABLES,29.63,43.22
DCM,33.1,33.1
GREENPLY,43.07,47.35
PEARLPOLY,43.23,43.23
NATCOPHARM,17.03,17.03
TNPETRO,18.01,16.08
TTKPRESTIG,58.65,58.65
SILINV,20.72,20.72
ZENITHEXPO,2867.03,2867.03
CREST,13.04,13.04
HITECHGEAR,14.39,37.3
TVSSRICHAK,36.89,34.77
PUNJABCHEM,34.55,34.55
DYNAMATECH,58.62,106.85
GUJAPOLLO,36.33,36.33
JAGSNPHARM,54.35,48.29
ASAHISONG,24.19,190.91
BROOKS,175.91,175.91
APLLTD,35.77,35.77
PGEL,82,82
PANAMAPET,12.44,12.44
PAISALO,30.21,30.27
SHAKTIPUMP,37.47,37.47
INDOTHAI,29.73,29.73
POLYMED,97.37,97.37
VIKASECO,42.42,42.42
APLAPOLLO,54.61,54.61
MINDACORP,58.09,58.09
DBSTOCKBRO,17.57,17.57
COMPUSOFT,59.89,59.89
NDL,14.69,14.69
HEXATRADEX,67.13,67.13
VSSL,23.54,23.54
SPECIALITY,27.21,27.21
KITEX,37.84,37.84
ROSSELLIND,154.74,153.35
ZUARI,5.8,5.8
VETO,18.16,18.16
JUSTDIAL,25.52,25.52
ORIENTCEM,37.28,37.28
PILITA,63.61,63.61
JPOLYINVST,26.66,26.66
AGRITECH,13.42,13.42
CASTROLIND,29.93,29.93
HATSUN,87.99,87.99
GULFOILLUB,21.65,21.65
SHARDACROP,33.49,33.49
CIGNITITEC,28.46,27.87
GOODLUCK,28.04,28.04
GULPOLY,61.12,61.12
APOLSINHOT,52.65,52.65
GRPLTD,74.6,69.09
GREENLAM,56.69,56.69
VISHNU,25.84,25.84
JMA,9.31,9.31
MANAKCOAT,37.08,37.08
LFIC,5.99,5.99
AVANTIFEED,22.02,22.02
TPLPLASTEH,42.53,42.53
PNCINFRA,8.86,8.86
BALKRISHNA,,18.91
RAMASTEEL,71.22,71.22
SATIN,5.15,5.15
ARVSMART,67.78,67.78
COFFEEDAY,,5.7
BALAXI,13.02,15.71
UMANGDAIRY,59.94,59.94
KRIDHANINF,,65.6
NH,32.85,32.85
OCCL,7.96,7.96
QUICKHEAL,96.05,96.05
VIDHIING,61.57,61.57
KELLTONTEC,21.61,21.61
INFIBEAM,42.68,42.68
SAGARDEEP,56.17,56.17
SHRIPISTON,21.3,21.3
BLS,49.9,49.9
PREMEXPLN,113.32,113.32
MAHASTEEL,67.24,83.24
MGL,15.49,15.49
MOLDTECH,25.49,25.49
GPTINFRA,34.87,34.87
QUESS,35.53,34.53
SOMICONVEY,44.7,44.7
ADVENZYMES,36.39,33.98
DBL,24.97,56.25
NDGL,12.44,12.44
RBLBANK,10.15,10.15
BIGBLOC,64,64
CUPID,27.85,27.85
GNA,20.29,20.29
MARATHON,23.48,23.48
HPL,72.39,72.39
ENDURANCE,48.95,48.95
MAZDA,19.69,19.69
PNBHOUSING,16.92,16.92
KINGFA,32.38,32.38
PODDARMENT,15.05,15.05
NBIFIN,147.54,147.54
SFL,55.4,72.26
LAURUSLABS,173.43,173.43
ITDC,94.2,94.1
HISARMETAL,18.45,18.45
SPCENET,138.26,138.26
BHANDARI,26.1,26.1
BSE,76.25,76.25
JITFINFRA,21.24,24.45
TASTYBITE,218.6,218.6
URJA,387.3,387.3
CLEDUCATE,36.32,39.01
WIPL,58.8,58.8
DOLLAR,31.34,31.13
BHAGYANGR,34.29,34.29
TEJASNET,137.37,137.37
ERIS,50.57,50.57
DYNPRO,114.33,114.33
MAGADSUGAR,10.85,10.85
SIS,42.3,42.3
APEX,56.36,56.36
MATRIMONY,36.48,36.48
ICICIGI,66.45,66.45
DIAMONDYD,39.5,39.5
TCPLPACK,28.73,28.73
TIINDIA,64.48,65.08
IFGLEXPOR,29.32,29.32
5PAISA,27.43,27.43
SHALBY,39.42,39.42
GALAXYSURF,33.78,33.78
GMMPFAUDLR,39.85,39.85
HGINFRA,18.03,18.41
SUNDARMHLD,41.34,41.34
HAL,39.01,39.01
ISEC,13.84,13.84
LEMONTREE,59.79,59.79
ORIENTELEC,79.54,100.77
INDOSTAR,34.11,34.11
FINEORG,38.31,38.27
VARROC,18.3,18.3
HDFCAMC,46.61,46.61
CREDITACC,12.58,12.58
AAVAS,28.35,28.35
DALBHARAT,41.98,37.53
ANUP,42.56,42.56
MANAKALUCO,43.06,43.06
INOXWIND,487.24,394.16
UFO,81.94,68.05
SKIPPER,46.72,46.72
MUTHOOTCAP,5.35,
SHREEPUSHK,18.93,18.93
SHK,339.72,21.4
SALZERELEC,35.86,35.86
ALKEM,36.19,34.59
HITECH,56.88,56.88
SEQUENT,311.2,
HCG,111.41,117.97
CROMPTON,63.76,63.76
ARMANFIN,10.61,10.61
SALONA,24.19,24.19
INTENTECH,18.91,18.91
NRAIL,7.8,7.8
STARCEMENT,39.42,39.42
AUBANK,31.66,30.5
AVADHSUGAR,12.86,12.86
OPTIEMUS,85.29,85.29
ABCAPITAL,18.03,18.03
IEX,52.06,52.06
GICRE,9.81,9.81
KHADIM,129.29,129.29
AMBER,90.17,90.17
PAKKA,34.49,34.49
ARVINDFASN,63.49,61.24
ZENSARTECH,27.15,27.15
JYOTISTRUC,76.25,76.25
JAYNECOIND,31.72,28.29
RCF,64.42,71.03
DECCANCE,34.78,23.71
ADVANIHOTR,29.43,29.43
SIMPLEXINF,14.27,14.27
TATACOMM,62.18,74.14
SANOFI,34.59,32.51
KAJARIACER,55.76,55.72
POLYPLEX,20.38,20.38
SAIL,22.09,14.89
IDBI,15.87,15.87
DHAMPURSUG,16.14,16.14
FMGOETZE,17.55,17.55
3MINDIA,64.3,64.3
RALLIS,49.96,50.22
KOPRAN,27.8,27.8
TATAINVEST,125.62,125.62
IPCALAB,65.2,70.71
GSFC,17.88,17.94
AMBUJACEM,35.6,37.44
CGPOWER,114.81,117.41
BEL,50.63,50.63
CORALFINAC,13.23,13.23
DALMIASUG,14.04,14.04
MRF,27.96,27.96
STARPAPER,6.4,6.24
CUBEXTUB,35.27,35.27
SUNDRMBRAK,54.4,54.4
SOMATEX,5.35,
INDIANCARD,2.32,
SUPRAJIT,42.12,42.12
JINDALPHOT,58.3,58.3
GOKEX,53.59,53.59
SHOPERSTOP,227.85,196.12
JKPAPER,8.14,8.14
VHL,347.49,41.11
SPLIL,15.76,15.75
SASKEN,32.6,32.6
DCBBANK,7.09,7.09
TORNTPOWER,34.08,34.08
JINDRILL,16.77,16.77
HBLPOWER,59.58,55.8
LUMAXTECH,20,20
GANDHITUBE,18.64,18.64
PGIL,23.89,24.45
SMSPHARMA,50.41,50.41
BANSWRAS,19.89,19.89
FORTIS,61.89,62.93
HILTON,32.59,32.59
KMSUGAR,15.76,15.76
NELCAST,22.29,31.79
ADSL,35.17,35.17
INDOWIND,43.31,43.31
CCCL,.72,
BAJAJELEC,88.99,88.99
EXCEL,56.17,56.17
SASTASUNDR,8.47,8.54
WABAG,31.31,31.14
PRESTIGE,44.23,44.23
JINDWORLD,93.42,93.42
KIRLOSENG,40.96,40.56
KICL,38.05,50.44
TEXRAIL,77.8,77.8
PFS,21.91,21.91
SYMPHONY,50.74,50.74
VSTTILLERS,33.5,33.5
RUSHIL,22.88,22.88
