SERIES,SYMBOL,SECURITY,RECORD_DT,BC_STRT_DT,BC_END_DT,EX_DT,ND_STRT_DT,ND_END_DT,PURPOSE
18,IBULHSGFIN,Sec Re NCD 8.70% Sr.VIII,13/05/2024, , ,13/05/2024, , ,INTEREST PAYMENT         
19,IBULHSGFIN,Sec Re NCD 9.15% Sr.VIII,13/05/2024, , ,13/05/2024, , ,INTEREST PAYMENT         
BE,SANOFI,Aventis Pharma Limited, ,04/05/2024,14/05/2024,03/05/2024, , ,ANNUAL GENERAL MEETING   
BE,SONAMLTD,Sonam Clock Limited,10/05/2024, , ,10/05/2024, , ,FVSPLT FRM RS 10 TO RS 5 
BE,CANBK,Canara Bank,15/05/2024, , ,15/05/2024, , ,FVSPLT FRM RS 10 TO RS 2 
BE,GMBREW,GM Breweries Ltd., ,10/05/2024,16/05/2024,09/05/2024, , ,AGM/DIV - RS 7 PER SH    
BE,IRB,IRB Infrastructure Develo,15/05/2024, , ,15/05/2024, , ,INTDIV - RE 0.10 PER SH  
BE,GODREJCP,Godrej Cons Products Ltd ,14/05/2024, , ,14/05/2024, , ,INTDIV - RS 10 PER SH    
BE,APTUS,Aptus Value Hsg Fin I Ltd,15/05/2024, , ,15/05/2024, , ,INTDIV - RS 2.50 PER SH  
BE,COFORGE,Coforge Limited,15/05/2024, , ,15/05/2024, , ,INTDIV - RS 19 PER SH    
BE,DCBBANK,Dcb Bank Limited,10/05/2024, , ,10/05/2024, , ,DIV - RS 1.25 PER SH     
BE,MAHABANK,Bank of Maharashtra,10/05/2024, , ,10/05/2024, , ,DIV - RS 1.40 PER SH     
BE,TRIL,Transformers And Rectifie, ,11/05/2024,13/05/2024,10/05/2024, , ,AGM/DIV - RE 0.20 PER SH 
BE,VARDMNPOLY,Vardhman Polytex Limited,18/05/2024, , ,17/05/2024, , ,FVSPLT FRM RS 10 TO RE 1 
BE,BDL,Bharat Dynamics Limited,24/05/2024, , ,24/05/2024, , ,FVSPLT FRM RS 10 TO RS 5 
BE,ABB,ABB India Limited, ,05/05/2024,11/05/2024,03/05/2024, , ,AGM/DIV RS 23.80 PER SH  
BE,HINDZINC,Hindustan Zinc for depo,15/05/2024, , ,15/05/2024, , ,INTDIV - RS 10 PER SH    
BE,GRAVITA,Gravita India Limited,14/05/2024, , ,14/05/2024, , ,INTDIV - RS 5.20 PER SH  
BE,APTECHT,Aptech Limited,10/05/2024, , ,10/05/2024, , ,INTDIV - RS 4.50 PER SH  
BE,INOXWIND,Inox Wind Limited,18/05/2024, , ,17/05/2024, , ,BONUS 3:1                
BE,UCOBANK,UCO Bank,10/05/2024, , ,10/05/2024, , ,DIV - RE 0.28 PER SH     
BE,HDFCBANK,HDFC BANK LTD,10/05/2024, , ,10/05/2024, , ,DIV - RS 19.50 PER SH    
BE,RKFORGE,Ramkrishna Forgings Ltd,10/05/2024, , ,10/05/2024, , ,INTDIV - RE 1 PER SH     
BZ,GMBREW,GM Breweries Ltd., ,10/05/2024,16/05/2024,09/05/2024, , ,AGM/DIV - RS 7 PER SH    
EQ,RKFORGE,Ramkrishna Forgings Ltd,10/05/2024, , ,10/05/2024, , ,INTDIV - RE 1 PER SH     
EQ,TRIL,Transformers And Rectifie, ,11/05/2024,13/05/2024,10/05/2024, , ,AGM/DIV - RE 0.20 PER SH 
EQ,SONAMLTD,Sonam Clock Limited,10/05/2024, , ,10/05/2024, , ,FVSPLT FRM RS 10 TO RS 5 
EQ,MAHABANK,Bank of Maharashtra,10/05/2024, , ,10/05/2024, , ,DIV - RS 1.40 PER SH     
EQ,NIF100IETF,ICICI Pru Nifty 100 ETF,10/05/2024, , ,10/05/2024, , ,FVSPLT FRM RS 10 TO RE 1 
EQ,DCBBANK,Dcb Bank Limited,10/05/2024, , ,10/05/2024, , ,DIV - RS 1.25 PER SH     
EQ,ALPL30IETF,ICICIPRAMC - ICICIALPLV,10/05/2024, , ,10/05/2024, , ,FVSPLT FRM RS 10 TO RE 1 
EQ,BDL,Bharat Dynamics Limited,24/05/2024, , ,24/05/2024, , ,FVSPLT FRM RS 10 TO RS 5 
EQ,MIDSELIETF,ICICI Pru Midcap Sel ETF,10/05/2024, , ,10/05/2024, , ,FVSPLT FRM RS 10 TO RE 1 
EQ,ABB,ABB India Limited, ,05/05/2024,11/05/2024,03/05/2024, , ,AGM/DIV RS 23.80 PER SH  
EQ,IRB,IRB Infrastructure Develo,15/05/2024, , ,15/05/2024, , ,INTDIV - RE 0.10 PER SH  
EQ,HINDZINC,Hindustan Zinc Ltd,15/05/2024, , ,15/05/2024, , ,INTDIV - RS 10 PER SH    
EQ,MIDCAPIETF,ICICIPRAMC - ICICIM150,10/05/2024, , ,10/05/2024, , ,FVSPLT FRM RS 10 TO RE 1 
EQ,GRAVITA,Gravita India Limited,14/05/2024, , ,14/05/2024, , ,INTDIV - RS 5.20 PER SH  
EQ,CANBK,Canara Bank,15/05/2024, , ,15/05/2024, , ,FVSPLT FRM RS 10 TO RS 2 
EQ,SANOFI,Aventis Pharma Limited, ,04/05/2024,14/05/2024,03/05/2024, , ,ANNUAL GENERAL MEETING   
EQ,GODREJCP,Godrej Cons Products Ltd ,14/05/2024, , ,14/05/2024, , ,INTDIV - RS 10 PER SH    
EQ,APTECHT,Aptech Limited,10/05/2024, , ,10/05/2024, , ,INTDIV - RS 4.50 PER SH  
EQ,FMCGIETF,ICICIPRAMC - ICICIFMCG,10/05/2024, , ,10/05/2024, , ,FVSPLT FRM RS 10 TO RE 1 
EQ,INOXWIND,Inox Wind Limited,18/05/2024, , ,17/05/2024, , ,BONUS 3:1                
EQ,APTUS,Aptus Value Hsg Fin I Ltd,15/05/2024, , ,15/05/2024, , ,INTDIV - RS 2.50 PER SH  
EQ,UCOBANK,UCO Bank,10/05/2024, , ,10/05/2024, , ,DIV - RE 0.28 PER SH     
EQ,QUAL30IETF,ICICIPRAMC - ICICIQTY30,10/05/2024, , ,10/05/2024, , ,FVSPLT FRM RS 10 TO RE 1 
EQ,HDFCBANK,HDFC Bank Ltd.,10/05/2024, , ,10/05/2024, , ,DIV - RS 19.50 PER SH    
EQ,COFORGE,Coforge Limited,15/05/2024, , ,15/05/2024, , ,INTDIV - RS 19 PER SH    
EQ,GMBREW,GM Breweries Ltd., ,10/05/2024,16/05/2024,09/05/2024, , ,AGM/DIV - RS 7 PER SH    
EQ,VARDMNPOLY,Vardhman Polytex Limited,18/05/2024, , ,17/05/2024, , ,FVSPLT FRM RS 10 TO RE 1 
GS,732GS2030,GOI LOAN  7.32% 2030,10/05/2024, , ,10/05/2024, , ,INTEREST PAYMENT         
GS,725GR2028,GOI LOAN   7.25% 2028,10/05/2024, , ,10/05/2024, , ,INTEREST PAYMENT         
GS,679GS2027,GOI LOAN 6.79% 2027,14/05/2024, , ,14/05/2024, , ,INTEREST PAYMENT         
GS,915GS2024,GOI LOAN 9.15% 2024,13/05/2024, , ,13/05/2024, , ,INTEREST PAYMENT         
IV,OSEINTRUST,Oriental InfraTrust,10/05/2024, , ,10/05/2024, , ,DISTRIBUTION - RS 4.7313 
M3,IBULHSG,Sec Re NCD 9.25% Sr II,13/05/2024, , ,13/05/2024, , ,INTEREST PAYMENT         
MD,IBULHSG,Sec Re NCD 9.25% Sr VIII,13/05/2024, , ,13/05/2024, , ,INTEREST PAYMENT         
MF,BSLIQPIIDP,BSL IIF- QP - SI -IPDP,22/05/2024, , , , , ,STP                      
MF,BSLIFQPIDG,BIRLASLAMC - BSLIFQPIDG,22/05/2024, , , , , ,STP                      
MF,BSLIQPIRG,BSL IIF- QP - SI -RPG,22/05/2024, , , , , ,STP                      
MF,BSLIQPIRDP,BSL IIF- QP - SI -RPDP,22/05/2024, , , , , ,STP                      
MG,IBULHSG,Sec Re NCD 9.71% Sr VIII,13/05/2024, , ,13/05/2024, , ,INTEREST PAYMENT         
MM,IBULHSG,Sec Re NCD 10.25% Sr XII,13/05/2024, , ,13/05/2024, , ,INTEREST PAYMENT         
MO,IBULHSGFIN,Sec Re NCD 8.20% Sr.VI,13/05/2024, , ,13/05/2024, , ,INTEREST PAYMENT         
MP,IBULHSGFIN,Sec Re NCD 8.66% Sr.VI,13/05/2024, , ,13/05/2024, , ,INTEREST PAYMENT         
MQ,IBULHSG,Sec Re NCD 9.25% Sr II,13/05/2024, , ,13/05/2024, , ,INTEREST PAYMENT         
MS,IBULHSGFIN,Sec Re NCD 8.43% Sr.VIII,13/05/2024, , ,13/05/2024, , ,INTEREST PAYMENT         
MT,IBULHSGFIN,Sec Re NCD 8.89% Sr.VIII,13/05/2024, , ,13/05/2024, , ,INTEREST PAYMENT         
MU,IBULHSG,Sec Re NCD 9.02% Sr V,13/05/2024, , ,13/05/2024, , ,INTEREST PAYMENT         
MV,IBULHSG,Sec Re NCD 9.48% Sr V,13/05/2024, , ,13/05/2024, , ,INTEREST PAYMENT         
MY,IBULHSGFIN,Sec Re NCD 8.33% Sr.III,13/05/2024, , ,13/05/2024, , ,INTEREST PAYMENT         
MZ,IBULHSG,Sec Re NCD 9.25% Sr VIII,13/05/2024, , ,13/05/2024, , ,INTEREST PAYMENT         
MZ,IBULHSGFIN,Sec Re NCD 8.70% Sr.III,13/05/2024, , ,13/05/2024, , ,INTEREST PAYMENT         
N3,IBULHSG,Sec Re NCD 9.80% Sr XII,13/05/2024, , ,13/05/2024, , ,INTEREST PAYMENT         
N4,IBULHSG,Sec Re NCD 10.25% Sr XII,13/05/2024, , ,13/05/2024, , ,INTEREST PAYMENT         
N5,IBULHSG,Sec Re NCD 9.25% Sr II,13/05/2024, , ,13/05/2024, , ,INTEREST PAYMENT         
N7,UGROCAP,Sec Red NCD 10.50% Sr.III,11/05/2024, , ,10/05/2024, , ,INTEREST PAYMENT         
N8,IBULHSG,Sec Re NCD 9.02% Sr V,13/05/2024, , ,13/05/2024, , ,INTEREST PAYMENT         
N8,UGROCAP,Sec Re NCD 10.25% Sr I,12/05/2024, , ,10/05/2024, , ,INTEREST PAYMENT         
N9,IBULHSG,Sec Re NCD 9.48% Sr V,13/05/2024, , ,13/05/2024, , ,INTEREST PAYMENT         
NA,IBUCCREDIT,SeReNCD8.75%SrVICI&II,10/05/2024, , ,10/05/2024, , ,INTEREST PAYMENT         
NB,IBUCCREDIT,SeReNCD8.84%SrVICIII&IV,10/05/2024, , ,10/05/2024, , ,INTEREST PAYMENT         
NC,IBULHSG,Sec Re NCD 9.57% Sr X,13/05/2024, , ,13/05/2024, , ,INTEREST PAYMENT         
ND,IBULHSG,Sec Re NCD 10.03% Sr X,13/05/2024, , ,13/05/2024, , ,INTEREST PAYMENT         
NR,IBUCCREDIT,Sec Re NCD 9.57% Sr.II,10/05/2024, , ,10/05/2024, , ,INTEREST PAYMENT         
NU,IBUCCREDIT,Sec Re NCD 9.80% Sr.V,10/05/2024, , ,10/05/2024, , ,INTEREST PAYMENT         
NY,IBUCCREDIT,Sec Re NCD 9.57% Sr.VIII,10/05/2024, , ,10/05/2024, , ,INTEREST PAYMENT         
NZ,IBUCCREDIT,Sec Re NCD 10.03% Sr.VIII,10/05/2024, , ,10/05/2024, , ,INTEREST PAYMENT         
SG,538RJ24,SDL RJ 5.38% 2024,22/05/2024, , , , , ,REDEMPTION               
SG,56HR24,SDL HR 5.6% 2024,16/05/2024, , , , , ,REDEMPTION               
U3,IBULHSG,Sec Re NCD 9.80% Sr XII,13/05/2024, , ,13/05/2024, , ,INTEREST PAYMENT         
U5,IBULHSG,Sec Re NCD 9.25% Sr II,13/05/2024, , ,13/05/2024, , ,INTEREST PAYMENT         
U7,UGROCAP,Sec Red NCD 10.50% Sr.III,11/05/2024, , ,10/05/2024, , ,INTEREST PAYMENT         
U8,IBULHSG,Sec Re NCD 9.02% Sr V,13/05/2024, , ,13/05/2024, , ,INTEREST PAYMENT         
U8,UGROCAP,Sec Re NCD 10.25% Sr I,12/05/2024, , ,10/05/2024, , ,INTEREST PAYMENT         
U9,IBULHSG,Sec Re NCD 9.48% Sr V,13/05/2024, , ,13/05/2024, , ,INTEREST PAYMENT         
UA,IBUCCREDIT,SeReNCD8.75%SrVICI&II,10/05/2024, , ,10/05/2024, , ,INTEREST PAYMENT         
UB,IBUCCREDIT,SeReNCD8.84%SrVICIII&IV,10/05/2024, , ,10/05/2024, , ,INTEREST PAYMENT         
UC,IBULHSG,Sec Re NCD 9.57% Sr X,13/05/2024, , ,13/05/2024, , ,INTEREST PAYMENT         
UD,IBULHSG,Sec Re NCD 10.03% Sr X,13/05/2024, , ,13/05/2024, , ,INTEREST PAYMENT         
UR,IBUCCREDIT,Sec Re NCD 9.57% Sr.II,10/05/2024, , ,10/05/2024, , ,INTEREST PAYMENT         
UU,IBUCCREDIT,Sec Re NCD 9.80% Sr.V,10/05/2024, , ,10/05/2024, , ,INTEREST PAYMENT         
UY,IBUCCREDIT,Sec Re NCD 9.57% Sr.VIII,10/05/2024, , ,10/05/2024, , ,INTEREST PAYMENT         
UZ,IBUCCREDIT,Sec Re NCD 10.03% Sr.VIII,10/05/2024, , ,10/05/2024, , ,INTEREST PAYMENT         
Y3,IBULHSG,Sec Re NCD 9.25% Sr II,13/05/2024, , ,13/05/2024, , ,INTEREST PAYMENT         
YD,IBULHSG,Sec Re NCD 9.25% Sr VIII,13/05/2024, , ,13/05/2024, , ,INTEREST PAYMENT         
YG,IBULHSG,Sec Re NCD 9.71% Sr VIII,13/05/2024, , ,13/05/2024, , ,INTEREST PAYMENT         
YM,IBULHSG,Sec Re NCD 10.25% Sr XII,13/05/2024, , ,13/05/2024, , ,INTEREST PAYMENT         
YO,IBULHSGFIN,Sec Re NCD 8.20% Sr.VI,13/05/2024, , ,13/05/2024, , ,INTEREST PAYMENT         
YP,IBULHSGFIN,Sec Re NCD 8.66% Sr.VI,13/05/2024, , ,13/05/2024, , ,INTEREST PAYMENT         
YQ,IBULHSG,Sec Re NCD 9.25% Sr II,13/05/2024, , ,13/05/2024, , ,INTEREST PAYMENT         
YS,IBULHSGFIN,Sec Re NCD 8.43% Sr.VIII,13/05/2024, , ,13/05/2024, , ,INTEREST PAYMENT         
YT,IBULHSGFIN,Sec Re NCD 8.89% Sr.VIII,13/05/2024, , ,13/05/2024, , ,INTEREST PAYMENT         
YU,IBULHSG,Sec Re NCD 9.02% Sr V,13/05/2024, , ,13/05/2024, , ,INTEREST PAYMENT         
YV,IBULHSG,Sec Re NCD 9.48% Sr V,13/05/2024, , ,13/05/2024, , ,INTEREST PAYMENT         
YY,IBULHSGFIN,Sec Re NCD 8.33% Sr.III,13/05/2024, , ,13/05/2024, , ,INTEREST PAYMENT         
YZ,IBULHSG,Sec Re NCD 9.25% Sr VIII,13/05/2024, , ,13/05/2024, , ,INTEREST PAYMENT         
YZ,IBULHSGFIN,Sec Re NCD 8.70% Sr.III,13/05/2024, , ,13/05/2024, , ,INTEREST PAYMENT         
Z4,IBULHSGFIN,Sec Red NCD Sr. II,13/05/2024, , ,13/05/2024, , ,INTEREST PAYMENT         
Z5,IBULHSGFIN,Sec Red NCD 8.75% Sr. III,13/05/2024, , ,13/05/2024, , ,INTEREST PAYMENT         
Z8,IBULHSGFIN,Sec Red NCD 8.65% Sr. V,13/05/2024, , ,13/05/2024, , ,INTEREST PAYMENT         
Z9,IBULHSGFIN,Sec Red NCD 8.85% Sr. VI,13/05/2024, , ,13/05/2024, , ,INTEREST PAYMENT         

