SYMBOL,SERIES,SECURITY,HIGH/LOW,INDEX FLAG
3PLAND,EQ,3P LAND HOLDINGS LIMITED,H
A2ZINFRA,BE,A2Z INFRA ENGINEERING LTD,H
AILIMITED,SM,ABHISHEK INTEGRATIONS LTD,H
ANTGRAPHIC,BE,ANTARCTICA LTD,H
ASIANENE,EQ,ASIAN ENERGY SERVICES LTD,H
ATMASTCO,SM,ATMASTCO LIMITED,H
AURUMPP1,E1,AURUM RS. 3.12 PPD UP,H
AVROIND,EQ,AVRO INDIA LIMITED,H
BBOX,EQ,BLACK BOX LIMITED,H
BMETRICS,SM,BOMBAY METRICS S C LTD,H
CADSYS,ST,CADSYS (INDIA) LIMITED,H
CEREBRAINT,BE,CEREBRA INT TECH LTD,H
CMMIPL,ST,CMM INFRAPROJECTS LIMITED,H
CREATIVEYE,EQ,CREATIVE EYE LIMITED,H
CYBERMEDIA,BE,CYBER MEDIA (INDIA) LTD.,H
DAVANGERE,EQ,DAVANGERE SUGAR COMPANY L,H
DBSTOCKBRO,EQ,DB (INT) STOCK BROKERS,H
DHTL,SM,DOCMODE HEALTH TECH LTD,H
DNAMEDIA,BE,DILIGENT MEDIA CORP LTD.,H
DOLPHIN,BE,DOLPHIN OFF ENT (IND) L,H
DYNAMIC,SM,DYNAMIC SRVCS & SEC LTD,H
EMKAY,EQ,EMKAY GLOBAL FIN SERV LTD,H
EQUIPPP,BE,EQUIPPP SOC IMP TECH LTD,H
EXCEL,EQ,EXCEL REALTY N INFRA LTD,H
FCONSUMER,EQ,FUTURE CONSUMER LIMITED,H
FEL,BZ,FUTURE ENTERPRISES LTD,H
FELDVR,BE,FUTURE ENTERPRISES LTD,H
FIBERWEB,EQ,FIBERWEB INDIA LIMITED,H
FLFL,BZ,FUT LIFESTYLE FASH LTD,H
FROG,SM,FROG CELLSAT LIMITED,H
GALLANTT,BE,GALLANTT ISPAT LIMITED,H
GANESHHOUC,EQ,GANESH HOUSING CORP LTD,H
GAYAHWS,BE,GAYATRI HIGHWAYS LIMITED,H
GLOBE,EQ,GLOBE TEXTILES (I) LTD.,H
GODHA,EQ,GODHA CABCON INSULAT LTD,H
GOENKA,BZ,GOENKA DIAMOND&JEWELS LTD,H
GRCL,SM,GAYATRI RUBB AND CHEM LTD,H
GRETEX,ST,GRETEX INDUSTRIES LTD.,H
GTLINFRA,EQ,GTL INFRA.LTD,H
GVPTECH,EQ,GVP INFOTECH LIMITED,H
HAVISHA,EQ,SRI HAVISHA HOSP & INFR L,H
HEADSUP,BE,HEADS UP VENTURES LIMITED,H
HECPROJECT,EQ,HEC INFRA PROJECTS LTD,H
INDOTECH,BE,INDO TECH TRANSFORM LTD.,H
INDOTHAI,EQ,INDO THAI SEC LTD,H
INNOVATIVE,SM,INNOVATIVE TYRES & TUBES,H
IWEL,BE,INOX WIND ENERGY LIMITED,H
JITFINFRA,BE,JITF INFRALOGISTICS LTD,H
KAPSTON,EQ,KAPSTON SERVICES LIMITED,H
KBCGLOBAL,EQ,KBC GLOBAL LIMITED,H
KCEIL,SM,KAY CEE ENERGY & INFRA L,H
KEEPLEARN,EQ,DSJ KEEP LEARNING LTD,H
LIBERTSHOE,EQ,LIBERTY SHOES LTD,H
LOKESHMACH,BE,LOKESH MACHINES LTD,H
MACPOWER,BE,MACPOWER CNC MACHINES LTD,H
MADHUCON,BE,MADHUCON PROJECTS LTD.,H
MADHUSUDAN,SM,MADHUSUDAN MASALA LIMITED,H
MBECL,EQ,MCNALLY BH. ENG. CO.LTD,H
MCL,EQ,MADHAV COPPER LIMITED,H
MEDICO,BE,MEDICO REMEDIES LIMITED,H
MEGAFLEX,SM,MEGA FLEX PLASTICS LTD,H
MEGASOFT,EQ,MEGASOFT LTD,H
MEP,BE,MEP INFRA. DEVELOPERS LTD,H
MOTISONS,EQ,MOTISONS JEWELLERS LTD,H
MPTODAY,SM,M P TODAY MEDIA LIMITED,H
NIRAJ,EQ,NIRAJ CEMENT STRUC LTD,H
ORIANA,SM,ORIANA POWER LIMITED,H
OWAIS,SM,OWAIS METAL & MINERAL,H
PARACABLES,BE,PARAMOUNT COMM LTD,H
PASHUPATI,SM,PASHUPATI COTSPIN LIMITED,H
PAYTM,EQ,ONE 97 COMMUNICATIONS LTD,H
PRAMARA,SM,PRAMARA PROMOTIONS LTD,H
PVP,EQ,PVP VENTURES LIMITED,H
RADAAN,BE,RADAAN MEDIAWORKS (I) LTD,H
RAJRILTD,BE,RAJ RAYON INDUSTRIES LTD,H
RAJTV,BE,RAJ TV NETWORK LTD,H
RCOM,BE,RELIANCE COMMUNICATIONS L,H
REGENCERAM,BE,REGENCYCERAMICS-LTD,H
RKDL,EQ,RAVI KUMAR DIST. LTD.,H
RTNPOWER,BE,RATTANINDIA POWER LIMITED,H
SABEVENTS,BE,SAB EVENTS & GOVERNANCE,H
SETCO,BE,SETCO AUTOMOTIVE LTD,H
SHAKTIPUMP,BE,SHAKTI PUMPS (I) LTD,H
SHRENIK,EQ,SHRENIK LIMITED,H
SRPL,BE,SHREE RAM PROTEINS LTD.,H
SUMEETINDS,BE,SUMEET IND LIMITED,H
SUMIT,BE,SUMIT WOODS LIMITED,H
SUVIDHAA,BE,SUVIDHAA INFOSERVE LTD,H
SWELECTES,EQ,SWELECT ENERGY SYS LTD,H
TARACHAND,BE,TARA CHAND INFRA SOLN LTD,H
TECHLABS,SM,TRIDENT TECHLABS LIMITED,H
TEMBO,EQ,TEMBO GLOBAL IND LTD,H
TGBHOTELS,EQ,TGB BANQUETS&HOTELS LTD,H
TGL,SM,TEERTH GOPICON LIMITED,H
TIMESCAN,SM,TIMESCAN LOGISTICS IND L,H
VIJIFIN,BE,VIJI FINANCE LIMITED,H
VINNY,EQ,VINNY OVERSEAS LIMITED,H
VMARCIND,SM,V MARC INDIA LIMITED,H
WINSOME,BE,WINSOME YARNS LIMITED,H
WOMANCART,SM,WOMANCART LIMITED,H
ZENTEC,EQ,ZEN TECHNOLOGIES LIMITED,H
ABCOTS,SM,A B COTSPIN INDIA LIMITED,L
ABMINTLLTD,EQ,ABM INTERNATIONAL LTD,L
AGARWALFT,ST,AGARWAL FLOAT GLASS I LTD,L
AGNI,SM,AGNI GREEN POWER LTD,L
ALPEXSOLAR,SM,ALPEX SOLAR LIMITED,L
ALPSINDUS,BE,ALPS INDUSTRIES LTD.,L
ANKITMETAL,BE,ANKIT MET & POW LTD,L
ANTGRAPHIC,BE,ANTARCTICA LTD,L
APS,SM,AUSTRALIAN PREM SOLAR I L,L
ARHAM,ST,ARHAM TECHNOLOGIES LTD,L
ARVEE,BE,ARVEE LABORATORIES I LTD,L
ASMS,BE,BARTRONICS INDIA LIMITED,L
BALKRISHNA,BE,BALKRISHNA PAPER MILLS L,L
BOHRAIND,BE,BOHRA INDUSTRIES LIMITED,L
CELLECOR,SM,CELLECOR GADGETS LIMITED,L
CGRAPHICS,SM,CREATIVE GRAPHICS S IND L,L
CMMIPL,ST,CMM INFRAPROJECTS LIMITED,L
CUPID,BE,CUPID LIMITED,L
DCMFINSERV,BE,DCM FINANCIAL SERVICES LT,L
DHRUV,BE,DHRUV CONSULTANCY SER LTD,L
DRONE,SM,DRONE DESTINATION LIMITED,L
DYNAMIC,SM,DYNAMIC SRVCS & SEC LTD,L
EIMCOELECO,BE,EIMCO ELECON (INDIA) LTD,L
ESCONET,SM,ESCONET TECHNOLOGIES LTD,L
FCONSUMER,EQ,FUTURE CONSUMER LIMITED,L
FOCE,SM,FOCE INDIA LIMITED,L
FSC,BZ,FUTURE SUPP CHAIN SOL LTD,L
GAYAPROJ,BZ,GAYATRI PROJECTS LTD,L
GET&D,BE,GE T&D INDIA LIMITED,L
GIRIRAJ,ST,GIRIRAJ CIVIL DEVP LTD,L
GOENKA,BZ,GOENKA DIAMOND&JEWELS LTD,L
GSTL,SM,GLOBESECURE TECHNO LTD,L
GVPTECH,EQ,GVP INFOTECH LIMITED,L
HINDMOTORS,EQ,HINDUSTAN MOTORS LIMITED,L
IITL,EQ,INDUSTRIAL INV TRUST LTD,L
IL&FSENGG,BZ,IL&FS ENG AND CONS CO LTD,L
IRIS,EQ,IRIS BUSINESS SERV LTD,L
ISHAN,SM,ISHAN INTERNATIONAL LTD,L
KAVVERITEL,EQ,KAVVERI TEL. LTD.,L
KDL,SM,KORE DIGITAL LIMITED,L
KRISHIVAL,SM,KRISHIVAL FOODS LIMITED,L
LGHL,BE,LAXMI GOLDORNA HOUSE LTD,L
LLOYDS,SM,LLOYDS LUXURIES LIMITED,L
METALFORGE,BZ,METALYST FORGINGS LIMITED,L
MILTON,SM,MILTON INDUSTRIES LIMITED,L
MIRCELECTR,EQ,MIRC ELECTRONICS LTD,L
MODTHREAD,BE,MODERN THREADS INDIA LTD,L
NIBL,EQ,NRB INDUS. BEARINGS LTD.,L
NITIRAJ,BE,NITIRAJ ENGINEERS LTD,L
NPST,SM,NETWORK PEOPLE SRV TECH L,L
OWAIS,SM,OWAIS METAL & MINERAL,L
PERFECT,SM,PERFECT INFRAENGINEER LTD,L
PODDARHOUS,BZ,PODDAR HOUSE & DVPT LTD,L
PRATHAM,SM,PRATHAM EPC PROJECTS LTD,L
PROLIFE,SM,PROLIFE INDUSTRIES LTD,L
RBMINFRA,SM,RBM INFRACON LIMITED,L
RCOM,BE,RELIANCE COMMUNICATIONS L,L
RELIABLE,SM,RELIABLE DATA SERVICE LTD,L
ROML,BE,RAJ OIL MILLS LIMITED,L
RTNPOWER,BE,RATTANINDIA POWER LIMITED,L
SABAR,SM,SABAR FLEX INDIA LIMITED,L
SABEVENTS,BE,SAB EVENTS & GOVERNANCE,L
SALZERELEC,EQ,SALZER ELECTRONICS LTD,L
SAMPANN,BE,SAMPANN UTPADAN INDIA LTD,L
SECMARK,BE,SECMARK CONSULTANCY LTD,L
SEL,SM,SUNGARNER ENERGIES LTD,L
SEMAC,BE,SEMAC CONSULTANTS LIMITED,L
SHEETAL,ST,SHEETAL UNIVERSAL LIMITED,L
SHRENIK,EQ,SHRENIK LIMITED,L
SHUBHLAXMI,SM,SHUBHLAXMI JEWEL ART LTD,L
SINDHUTRAD,EQ,SINDHU TRADE LINKS LTD,L
SKYGOLD,BE,SKY GOLD LIMITED,L
SLONE,ST,SLONE INFOSYSTEMS LIMITED,L
SMVD,ST,SMVD POLY PACK LIMITED,L
SOLEX,SM,SOLEX ENERGY LIMITED,L
SOMICONVEY,BE,SOMI CONVEYOR BELT. LTD.,L
SSFL,SM,SRIVARI SPICES N FOODS L,L
SUPREMEENG,BE,SUPREME ENGINEERING LTD,L
TAC,SM,TAC INFOSEC LIMITED,L
TAPIFRUIT,SM,TAPI FRUIT PROCESSING LTD,L
TGL,SM,TEERTH GOPICON LIMITED,L
TIPSFILMS,EQ,TIPS FILMS LIMITED,L
TRUST,SM,TRUST FINTECH LIMITED,L
UMESLTD,EQ,USHA MARTIN EDU & SOL LTD,L
URBAN,SM,URBAN ENVIRO WASTE MGMT L,L
V2RETAIL,BE,V2 RETAIL LIMITED,L
VERTOZ,BE,VERTOZ ADVERTISING LTD,L
VIVIANA,SM,VIVIANA POWER TECH LTD,L
WALPAR,SM,WALPAR NUTRITIONS LIMITED,L
WEBELSOLAR,BE,WEBSOL ENERGY SYSTEM LTD,L
WEL,BE,WONDER ELECTRICALS LTD,L
WINSOME,BE,WINSOME YARNS LIMITED,L
