SERIES,SYMBOL,SECURITY,RECORD_DT,BC_STRT_DT,BC_END_DT,EX_DT,ND_STRT_DT,ND_END_DT,PURPOSE
BE,SIGMA,Sigma Solve Limited, ,14/08/2024,20/08/2024,13/08/2024, , ,AGM/DIV-RE 0.50 PER SH   
BE,CLSEL,Chaman Lal Setia Exp Ltd,19/08/2024, , ,19/08/2024, , ,BUY BACK                 
BE,THOMASCOOK,THOMASCOOK - Depo, ,19/08/2024,30/08/2024,16/08/2024, , ,DIV-RS0.40/SPLDIV-RS0.20 
BE,COMPUSOFT,Compucom Software Ltd, ,18/08/2024,24/08/2024,16/08/2024, , ,AGM/DIV - RS 0.40 PER SH 
BE,ELECTCAST,ELECTROSTEEL CASTINGS LTD, ,17/08/2024,23/08/2024,16/08/2024, , ,DIV - RE 0.90 PER SH     
BE,CYBERMEDIA,Cyber Media (India) Ltd., ,17/08/2024,22/08/2024,16/08/2024, , ,ANNUAL GENERAL MEETING   
BE,NDGL,Naga Dhunseri Group Ltd, ,17/08/2024,23/08/2024,16/08/2024, , ,AGM/DIV - RS 2.50 PER SH 
BE,CDSL,Central Depo Ser (I) Ltd,24/08/2024, , ,23/08/2024, , ,BONUS 1:1                
BE,BIGBLOC,Bigbloc Construction Ltd, ,23/08/2024,29/08/2024,22/08/2024, , ,ANNUAL GENERAL MEETING   
BE,MARALOVER,Maral Overseas Ltd, ,21/08/2024,27/08/2024,20/08/2024, , ,ANNUAL GENERAL MEETING   
BE,WONDERLA,Wonderla Holidays Ltd., ,16/08/2024,21/08/2024,14/08/2024, , ,ANNUAL GENERAL MEETING   
BE,FINEORG,Fine Organic Ind. Ltd., ,14/08/2024,21/08/2024,13/08/2024, , ,AGM/DIV - RS 10 PER SH   
BE,DVL,Dhunseri Petrochem Limite, ,14/08/2024,20/08/2024,13/08/2024, , ,AGM/DIV - RS 5 PER SH    
BE,NAVNETEDUL,Navneet Education Limited, ,14/08/2024,20/08/2024,13/08/2024, , ,AGM/DIV-RS 2.60 PER SH   
BE,UPL,UPL Limited, ,13/08/2024,27/08/2024,12/08/2024, , ,DIV - RE 1 PER SH        
BE,NRAIL,N R Agarwal Inds Ltd, ,17/08/2024,22/08/2024,16/08/2024, , ,AGM/DIV - RS 2 PER SH    
BE,BCONCEPTS,Brand Concepts Limited, ,21/08/2024,28/08/2024,20/08/2024, , ,ANNUAL GENERAL MEETING   
BE,ISGEC,Isgec Heavy Eng Ltd,21/08/2024, , ,21/08/2024, , ,DIV - RS 4 PER SH        
BE,SNOWMAN,Snowman Logistics Ltd.,21/08/2024, , ,21/08/2024, , ,INTDIV - RE 1 PER SH     
BE,ENGINERSIN,Engineers India-Depo,21/08/2024, , ,21/08/2024, , ,DIV - RE 1 PER SH        
BE,IRFC,Indian Railway Fin Corp L,22/08/2024, , ,22/08/2024, , ,DIV - RS 0.70 PER SH     
BE,FEDERALBNK,Federal Bank- depo, ,25/08/2024,31/08/2024,23/08/2024, , ,AGM/DIV - RS 1.20 PER SH 
BE,KPIGREEN,KPI Global Infra Ltd,21/08/2024, , ,21/08/2024, , ,INTDIV - RE 0.20 PER SH  
BE,UNIPARTS,Uniparts India Limited,21/08/2024, , ,21/08/2024, , ,INTDIV - RS 6.75 PER SH  
BE,ASTERDM,Aster DM Healthcare Ltd.,22/08/2024, , ,22/08/2024, , ,AGM/DIV - RS 2 PER SH    
BE,GOLDIAM,Goldiam International Ltd,22/08/2024, , ,22/08/2024, , ,INTDIV - RE 1 PER SH     
BE,BBOX,Black Box Limited,22/08/2024, , ,22/08/2024, , ,EGM                      
BE,MAZDA,Mazda Limited, ,23/08/2024,30/08/2024,22/08/2024, , ,ANNUAL GENERAL MEETING   
BE,MAZDA,Mazda Limited,22/08/2024, , ,22/08/2024, , ,DIV - RS 16 PER SH       
BE,PASUPTAC,Pasupati Acrylon Limited, ,14/08/2024,21/08/2024,13/08/2024, , ,ANNUAL GENERAL MEETING   
BE,MFSL,Max Fin Serv Ltd, ,17/08/2024,23/08/2024,16/08/2024, , ,ANNUAL GENERAL MEETING   
BE,GANGESSECU,Ganges Securities Limited, ,17/08/2024,23/08/2024,16/08/2024, , ,ANNUAL GENERAL MEETING   
BE,PIIND,PI Industries Ltd, ,21/08/2024,27/08/2024,20/08/2024, , ,ANNUAL GENERAL MEETING   
BE,CORALFINAC,Coral India Finance Hsg, ,21/08/2024,30/08/2024,20/08/2024, , ,AGM/DIV - RE 0.40 PER SH 
BE,ALKALI,Alkali Metals Limited, ,17/08/2024,21/08/2024,16/08/2024, , ,AGM/DIV - RE 1 PER SH    
BE,VIDHIING,Vidhi Spl Food Ingred Ltd,21/08/2024, , ,21/08/2024, , ,INTDIV - RE 1 PER SH     
BE,IPL,India Pesticides Limited, ,13/08/2024,20/08/2024,12/08/2024, , ,AGM/DIV - RE 0.75 PER SH 
BE,MRPL,MRPL, ,16/08/2024,22/08/2024,14/08/2024, , ,ANNUAL GENERAL MEETING   
BE,BASML,Bannari Am Spin Mill Ltd., ,16/08/2024,22/08/2024,14/08/2024, , ,ANNUAL GENERAL MEETING   
BE,IOLCP,IOL Chem and Pharma Ltd, ,17/08/2024,23/08/2024,16/08/2024, , ,ANNUAL GENERAL MEETING   
BE,RADIOCITY,Music Broadcast Limited, ,17/08/2024,21/08/2024,16/08/2024, , ,ANNUAL GENERAL MEETING   
BE,CSBBANK,CSB Bank Limited, ,17/08/2024,23/08/2024,16/08/2024, , ,ANNUAL GENERAL MEETING   
BE,DELTACORP,Delta Corp Limited, ,17/08/2024,23/08/2024,16/08/2024, , ,ANNUAL GENERAL MEETING   
BE,VIDEOIND,Videocon Industries Limit, ,20/08/2024,26/08/2024,19/08/2024, , ,ANNUAL GENERAL MEETING   
BE,VALUEIND,Value Industries Limited, ,20/08/2024,26/08/2024,19/08/2024, , ,ANNUAL GENERAL MEETING   
BE,LATENTVIEW,Latent View Analytics Ltd, ,20/08/2024,27/08/2024,19/08/2024, , ,ANNUAL GENERAL MEETING   
BE,JKPAPER,JK Paper Limited, ,21/08/2024,03/09/2024,20/08/2024, , ,AGM/DIV - RS 5 PER SH    
BE,GLOBUSSPR,Globus Spirits Limited,22/08/2024, , ,22/08/2024, , ,DIV - RS 3.50 PER SH     
BE,JINDALSTEL,JINDALSTEL-Depo,22/08/2024, , ,22/08/2024, , ,DIV - RS 2 PER SH        
BE,RELAXO,Relaxo Foot Ltd.,22/08/2024, , ,22/08/2024, , ,DIV - RS 3 PER SH        
BE,GRASIM,GRASIM INDUSTRIES LTD, ,07/08/2024,20/08/2024,06/08/2024, , ,AGM/DIV - RS 10 PER SH   
BE,JIKIND,JIK Industries Limited, ,16/08/2024,23/08/2024,14/08/2024, , ,ANNUAL GENERAL MEETING   
BE,ROSSARI,Rossari Biotech Limited, ,17/08/2024,23/08/2024,16/08/2024, , ,AGM/DIV - RE 0.50 PER SH 
BE,ACE,Action Construction Equip, ,20/08/2024,27/08/2024,19/08/2024, , ,AGM/DIV - RS 2 PER SH    
BE,SOUTHBANK,South Indian Bank Ltd., ,21/08/2024,27/08/2024,20/08/2024, , ,AGM/DIV - RS 0.30 PER SH 
BE,PIIND,PI Industries Ltd,20/08/2024, , ,20/08/2024, , ,DIV - RS 9 PER SH        
BE,SUNTV,Sun TV Network Limited,20/08/2024, , ,20/08/2024, , ,INTDIV - RS 5 PER SH     
BE,RAIN,Rain Industries Limited,20/08/2024, , ,20/08/2024, , ,INTDIV - RE 1 PER SH     
BE,MMP,MMP Industries Limited, ,20/08/2024,28/08/2024,19/08/2024, , ,AGM/DIV - RS 1.5 PER SH  
BE,BALKRISIND,BALKRISHNA IND. LTD,20/08/2024, , ,20/08/2024, , ,INTDIV - RS 4 PER SH     
BE,WEALTH,Wealth Frst Port. Mg. Ltd,20/08/2024, , ,20/08/2024, , ,DIV - RS 7 PER SH        
BE,PHOENIXLTD,The Phoenix Mills Limited,20/08/2024, , ,20/08/2024, , ,DIV - RS 5 PER SH        
BE,SANGHVIMOV,Sanghvi Movers Ltd.,20/08/2024, , ,20/08/2024, , ,DIV - RS 6 PER SH        
BE,MOTHERSON,Motherson Sumi Sys Ltd., ,16/08/2024,22/08/2024,14/08/2024, , ,AGM/DIV - RE 0.80 PER SH 
BE,AIAENG,AIA Engineering Limited,20/08/2024, , ,20/08/2024, , ,BUY BACK                 
BE,MAYURUNIQ,Mayur Uniquoters Ltd,23/08/2024, , ,23/08/2024, , ,BUY BACK                 
BE,SYMPHONY,Symphony Limited,21/08/2024, , ,21/08/2024, , ,INTDIV - RE 1 PER SH     
BE,MANINFRA,Man Infra Ltd,19/08/2024, , ,19/08/2024, , ,INTDIV - RE 0.45 PER SH  
BE,PFC,Power Finance Corporation, ,16/08/2024,21/08/2024,14/08/2024, , ,ANNUAL GENERAL MEETING   
BE,HINDCON,Hindcon Chemicals Limited, ,14/08/2024,20/08/2024,13/08/2024, , ,AGM/DIV - RE 0.10 PER SH 
BE,SHIVAMILLS,Shiva Mills Limited, ,15/08/2024,21/08/2024,14/08/2024, , ,ANNUAL GENERAL MEETING   
BE,FLAIR,Flair Writing Indust Ltd, ,15/08/2024,22/08/2024,14/08/2024, , ,ANNUAL GENERAL MEETING   
BE,POWERINDIA,Hitachi Energy India Ltd, ,15/08/2024,21/08/2024,14/08/2024, , ,AGM/DIV - RS 4 PER SH    
BE,LFIC,Lakshmi Fin Ind Corp Ltd, ,15/08/2024,22/08/2024,14/08/2024, , ,AGM/DIV/SPDV - RS 4      
BE,SJS,SJS Enterprises Limited, ,14/08/2024,20/08/2024,13/08/2024, , ,AGM/DIV - RS 2 PER SH    
BE,INDOBORAX,Indo Borax & Chemical Ltd, ,21/08/2024,27/08/2024,20/08/2024, , ,ANNUAL GENERAL MEETING   
BE,TIIL,Technocraft Industries (I,27/08/2024, , ,27/08/2024, , ,BUY BACK                 
BE,SUPRAJIT,Suprajit Engineering Ltd.,27/08/2024, , ,27/08/2024, , ,BUY BACK                 
BE,INDOBORAX,Indo Borax & Chemical Ltd,20/08/2024, , ,20/08/2024, , ,DIV - RE 1 PER SH        
BE,MARUTI,Maruti Suzuki India Ltd, ,03/08/2024,27/08/2024,02/08/2024, , ,DIV - RS 125 PER SH      
BE,BALAJITELE,Balaji Telefilms Limited, ,21/08/2024,27/08/2024,20/08/2024, , ,ANNUAL GENERAL MEETING   
BE,IDEA,Vodafone Idea Limited, ,21/08/2024,28/08/2024,20/08/2024, , ,ANNUAL GENERAL MEETING   
BE,SAREGAMA,SAREGAMA INDIA LIMITEDepo, ,21/08/2024,27/08/2024,20/08/2024, , ,ANNUAL GENERAL MEETING   
BE,RATNAMANI,Ratnamani Metals & Tubes, ,21/08/2024,27/08/2024,20/08/2024, , ,AGM/DIV - RS 14 PER SH   
BE,APARINDS,Apar Industries Ltd., ,21/08/2024,27/08/2024,20/08/2024, , ,AGM/DIV - RS 51 PER SH   
BE,ITDCEM,ITD Cementation India Lim, ,22/08/2024,28/08/2024,21/08/2024, , ,AGM/DIV - RS 1.70 PER SH 
BE,OMAXAUTO,Omax Autos Limited, ,23/08/2024,29/08/2024,22/08/2024, , ,AGM/DIV - RE 1 PER SH    
BE,LINC,Linc Limited, ,22/08/2024,28/08/2024,21/08/2024, , ,AGM/DIV - RS 5 PER SH    
BE,SHIVATEX,Shiva Texyarn Limited, ,15/08/2024,21/08/2024,14/08/2024, , ,ANNUAL GENERAL MEETING   
BE,DTIL,Dhunseri Tea & Ind. Ltd., ,15/08/2024,21/08/2024,14/08/2024, , ,ANNUAL GENERAL MEETING   
BE,SAURASHCEM,Saurashtra Cem & Chem, ,15/08/2024,21/08/2024,14/08/2024, , ,ANNUAL GENERAL MEETING   
BE,FMGOETZE,Federal-Mogul Goetze (I), ,15/08/2024,22/08/2024,14/08/2024, , ,ANNUAL GENERAL MEETING   
BE,EPL,EPL Limited, ,15/08/2024,21/08/2024,14/08/2024, , ,ANNUAL GENERAL MEETING   
BE,LEEL,LEEL Electricals Limited,20/08/2024, , ,20/08/2024, , ,CAPITAL REDUCTION        
BE,OAL,Oriental Aromatics Limite, ,07/08/2024,21/08/2024,06/08/2024, , ,AGM/DIV - RE 0.50 PER SH 
BE,KTKBANK,Karnataka Bank Limited, ,04/09/2024,10/09/2024,03/09/2024, , ,DIV - RS 5.50 PER SH     
BE,HERITGFOOD,Heritage Foods Ltd., ,14/08/2024,21/08/2024,13/08/2024, , ,AGM/DIV-RS 2.50 PER SH   
BE,MGL,Mahanagar Gas Ltd., ,15/08/2024,23/08/2024,14/08/2024, , ,AGM/DIV - RS 18 PER SH   
BE,PRECOT,Precot Limited, ,14/08/2024,20/08/2024,13/08/2024, , ,AGM/DIV - RS 1.50 PER SH 
BE,JKLAKSHMI,JK Lakshmi Cement Limited, ,10/08/2024,23/08/2024,09/08/2024, , ,AGM/DIV - RS 4.5 PER SH  
BE,VSTIND,VST Industries Ltd.,30/08/2024, , ,30/08/2024, , ,BONUS 10:1               
BE,SPENCERS,Spencer's Retail Limited, ,14/08/2024,21/08/2024,13/08/2024, , ,ANNUAL GENERAL MEETING   
BE,GPPL,Gujarat Pipavav Port Ltd, ,16/08/2024,22/08/2024,14/08/2024, , ,AGM/DIV - RS 3.70 PER SH 
BE,ALANKIT,Alankit Limited, ,16/08/2024,22/08/2024,14/08/2024, , ,ANNUAL GENERAL MEETING   
BE,RELIANCE,RELIANCE IND - DEPO SETT.,19/08/2024, , ,19/08/2024, , ,DIV - RS 10 PER SH       
BE,HEXATRADEX,Hexa Tradex Limited, ,14/08/2024,20/08/2024,13/08/2024, , ,ANNUAL GENERAL MEETING   
BE,RPSGVENT,RPSG VENTURES LIMITED, ,14/08/2024,21/08/2024,13/08/2024, , ,ANNUAL GENERAL MEETING   
BE,CESC,CESC - Depo, ,14/08/2024,21/08/2024,13/08/2024, , ,ANNUAL GENERAL MEETING   
BE,SYMPHONY,Symphony Limited,21/08/2024, , ,21/08/2024, , ,BUY BACK                 
BE,SMLT,Sarthak Metals Limited, ,13/08/2024,20/08/2024,12/08/2024, , ,ANNUAL GENERAL MEETING   
BE,IKIO,Ikio Lighting Limited, ,14/08/2024,20/08/2024,13/08/2024, , ,AGM/DIV - RE 1 PER SH    
BE,PATINTLOG,Patel Integrated Logistic, ,14/08/2024,20/08/2024,13/08/2024, , ,AGM/DIV - RE 0.10 PER SH 
BE,BANDHANBNK,Bandhan Bank Limited, ,14/08/2024,20/08/2024,13/08/2024, , ,AGM/DIV - RS 1.50 PER SH 
BE,MSUMI,Motherson Sumi Wrng Ind L, ,16/08/2024,22/08/2024,14/08/2024, , ,AGM/DIV - RE 0.80 PER SH 
BE,DHUNINV,Dhunseri Investments Ltd, ,16/08/2024,22/08/2024,14/08/2024, , ,AGM/DIV - RS 2.50 PER SH 
BE,KSL,Kalyani Steels Limited, ,16/08/2024,22/08/2024,14/08/2024, , ,DIV - RS 10 PER SH       
BE,KCP,KCP Ltd, ,16/08/2024,22/08/2024,14/08/2024, , ,AGM/DIV - RE 1 PER SH    
BE,MUNJALSHOW,Munjal Showa Ltd, ,03/08/2024,21/08/2024,02/08/2024, , ,AGM/DIV-RS 4.50 PER SH   
BE,LALPATHLAB,Dr. Lal Path Labs Ltd.,20/08/2024, , ,20/08/2024, , ,INTDIV - RS 6 PER SH     
BE,IRB,IRB Infrastructure Develo,20/08/2024, , ,20/08/2024, , ,INTDIV - RE 0.1 PER SH   
BE,AIAENG,AIA Engineering Limited,20/08/2024, , ,20/08/2024, , ,DIV - RS 16 PER SH       
BE,CENTENKA,Century Enka Ltd, ,21/08/2024,22/08/2024,20/08/2024, , ,AGM/DIV - RS 10 PER SH   
BE,TITAGARH,Titagarh Wagons Limited, ,21/08/2024,27/08/2024,20/08/2024, , ,AGM/DIV - RE 0.80 PER SH 
BE,HAL,Hindustan Aeronautics Ltd,21/08/2024, , ,21/08/2024, , ,DIV - RS 13 PER SH       
BE,PFIZER,PFIZER LTD,21/08/2024, , ,21/08/2024, , ,DIV - RS 35 PER SH       
BE,GATEWAY,Gateway Distriparks Ltd,21/08/2024, , ,21/08/2024, , ,INTDIV - RS 1.25 PER SH  
BE,LGBBROSLTD,LG Balakrishnan & Bros, ,23/08/2024,29/08/2024,22/08/2024, , ,AGM/DIV - RS 18 PER SH   
BE,BBL,Bharat Bijlee Ltd - Depo, ,22/08/2024,29/08/2024,21/08/2024, , ,AGM/DIV - RS 35 PER SH   
BE,BAGFILMS,B.A.G Films and Media Ltd, ,22/08/2024,28/08/2024,21/08/2024, , ,ANNUAL GENERAL MEETING   
BE,PANAMAPET,Panama Petrochem Ltd,22/08/2024, , ,22/08/2024, , ,AGM/DIV - RS 4 PER SH    
BE,MICEL,MIC Electronics Ltd, ,22/08/2024,27/08/2024,21/08/2024, , ,ANNUAL GENERAL MEETING   
BE,INDIAGLYCO,India Glycols Ltd, ,22/08/2024,28/08/2024,21/08/2024, , ,AGM/DIV - RS 8 PER SH    
BE,SATIA,Satia Industries Limited,21/08/2024, , ,21/08/2024, , ,INTDIV - RE 0.10 PER SH  
BE,ENDURANCE,Endurance Techno. Ltd., ,12/08/2024,23/08/2024,09/08/2024, , ,DIV - RS 8.50 PER SH     
BE,SURYALAXMI,Suryalakshmi Cot Mil Ltd, ,12/08/2024,22/08/2024,09/08/2024, , ,ANNUAL GENERAL MEETING   
BE,NHPC,NHPC Ltd, ,13/08/2024,28/08/2024,12/08/2024, , ,ANNUAL GENERAL MEETING   
BE,GROBTEA,The Grob Tea Company Ltd, ,13/08/2024,19/08/2024,12/08/2024, , ,AGM/DIV - RS 2 PER SH    
BE,ROSSELLIND,Rossell India Limited, ,13/08/2024,20/08/2024,12/08/2024, , ,AGM/DIV-RE 0.30 PER SH   
BZ,VIDEOIND,Videocon Industries Limit, ,20/08/2024,26/08/2024,19/08/2024, , ,ANNUAL GENERAL MEETING   
BZ,LEEL,LEEL Electricals Limited,20/08/2024, , ,20/08/2024, , ,CAPITAL REDUCTION        
BZ,JIKIND,JIK Industries Limited, ,16/08/2024,23/08/2024,14/08/2024, , ,ANNUAL GENERAL MEETING   
BZ,VALUEIND,Value Industries Limited, ,20/08/2024,26/08/2024,19/08/2024, , ,ANNUAL GENERAL MEETING   
EQ,INDOBORAX,Indo Borax & Chemical Ltd, ,21/08/2024,27/08/2024,20/08/2024, , ,ANNUAL GENERAL MEETING   
EQ,TIIL,Technocraft Industries (I,27/08/2024, , ,27/08/2024, , ,BUY BACK                 
EQ,SUPRAJIT,Suprajit Engineering Limi,27/08/2024, , ,27/08/2024, , ,BUY BACK                 
EQ,INDOBORAX,Indo Borax & Chemical Ltd,20/08/2024, , ,20/08/2024, , ,DIV - RE 1 PER SH        
EQ,BALAJITELE,Balaji Telefilms Limited, ,21/08/2024,27/08/2024,20/08/2024, , ,ANNUAL GENERAL MEETING   
EQ,MARUTI,Maruti Suzuki India Ltd, ,03/08/2024,27/08/2024,02/08/2024, , ,DIV - RS 125 PER SH      
EQ,IDEA,Vodafone Idea Limited, ,21/08/2024,28/08/2024,20/08/2024, , ,ANNUAL GENERAL MEETING   
EQ,SAREGAMA,Saregama India Ltd., ,21/08/2024,27/08/2024,20/08/2024, , ,ANNUAL GENERAL MEETING   
EQ,APARINDS,Apar Industries Limited, ,21/08/2024,27/08/2024,20/08/2024, , ,AGM/DIV - RS 51 PER SH   
EQ,ITDCEM,ITD Cementation India Lim, ,22/08/2024,28/08/2024,21/08/2024, , ,AGM/DIV - RS 1.70 PER SH 
EQ,OMAXAUTO,Omax Autos Limited, ,23/08/2024,29/08/2024,22/08/2024, , ,AGM/DIV - RE 1 PER SH    
EQ,LINC,Linc Limited, ,22/08/2024,28/08/2024,21/08/2024, , ,AGM/DIV - RS 5 PER SH    
EQ,SHIVATEX,Shiva Texyarn Limited, ,15/08/2024,21/08/2024,14/08/2024, , ,ANNUAL GENERAL MEETING   
EQ,DTIL,Dhunseri Tea & Ind. Ltd., ,15/08/2024,21/08/2024,14/08/2024, , ,ANNUAL GENERAL MEETING   
EQ,SAURASHCEM,Saurashtra Cem & Chem, ,15/08/2024,21/08/2024,14/08/2024, , ,ANNUAL GENERAL MEETING   
EQ,FMGOETZE,Federal-Mogul Goetze (I), ,15/08/2024,22/08/2024,14/08/2024, , ,ANNUAL GENERAL MEETING   
EQ,EPL,EPL Limited, ,15/08/2024,21/08/2024,14/08/2024, , ,ANNUAL GENERAL MEETING   
EQ,LEEL,LEEL Electricals Limited,20/08/2024, , ,20/08/2024, , ,CAPITAL REDUCTION        
EQ,OAL,Oriental Aromatics Limite, ,07/08/2024,21/08/2024,06/08/2024, , ,AGM/DIV - RE 0.50 PER SH 
EQ,KTKBANK,Karnataka Bank Limited, ,04/09/2024,10/09/2024,03/09/2024, , ,DIV - RS 5.50 PER SH     
EQ,HERITGFOOD,Heritage Foods Ltd., ,14/08/2024,21/08/2024,13/08/2024, , ,AGM/DIV-RS 2.50 PER SH   
EQ,MGL,Mahanagar Gas Ltd., ,15/08/2024,23/08/2024,14/08/2024, , ,AGM/DIV - RS 18 PER SH   
EQ,RELIANCE,Reliance Industries Ltd,19/08/2024, , ,19/08/2024, , ,DIV - RS 10 PER SH       
EQ,PRECOT,Precot Limited, ,14/08/2024,20/08/2024,13/08/2024, , ,AGM/DIV - RS 1.50 PER SH 
EQ,HEXATRADEX,Hexa Tradex Limited, ,14/08/2024,20/08/2024,13/08/2024, , ,ANNUAL GENERAL MEETING   
EQ,JKLAKSHMI,JK Lakshmi Cement Limited, ,10/08/2024,23/08/2024,09/08/2024, , ,AGM/DIV - RS 4.5 PER SH  
EQ,VSTIND,VST Industries Ltd.,30/08/2024, , ,30/08/2024, , ,BONUS 10:1               
EQ,SPENCERS,Spencer's Retail Limited, ,14/08/2024,21/08/2024,13/08/2024, , ,ANNUAL GENERAL MEETING   
EQ,GPPL,Gujarat Pipavav Port Ltd, ,16/08/2024,22/08/2024,14/08/2024, , ,AGM/DIV - RS 3.70 PER SH 
EQ,ALANKIT,Alankit Limited, ,16/08/2024,22/08/2024,14/08/2024, , ,ANNUAL GENERAL MEETING   
EQ,MSUMI,Motherson Sumi Wrng Ind L, ,16/08/2024,22/08/2024,14/08/2024, , ,AGM/DIV - RE 0.80 PER SH 
EQ,RPSGVENT,RPSG VENTURES LIMITED, ,14/08/2024,21/08/2024,13/08/2024, , ,ANNUAL GENERAL MEETING   
EQ,CESC,CESC Ltd., ,14/08/2024,21/08/2024,13/08/2024, , ,ANNUAL GENERAL MEETING   
EQ,SYMPHONY,Symphony Limited,21/08/2024, , ,21/08/2024, , ,BUY BACK                 
EQ,SMLT,Sarthak Metals Limited, ,13/08/2024,20/08/2024,12/08/2024, , ,ANNUAL GENERAL MEETING   
EQ,IKIO,Ikio Lighting Limited, ,14/08/2024,20/08/2024,13/08/2024, , ,AGM/DIV - RE 1 PER SH    
EQ,PATINTLOG,Patel Integrated Logistic, ,14/08/2024,20/08/2024,13/08/2024, , ,AGM/DIV - RE 0.10 PER SH 
EQ,BANDHANBNK,Bandhan Bank Limited, ,14/08/2024,20/08/2024,13/08/2024, , ,AGM/DIV - RS 1.50 PER SH 
EQ,DHUNINV,Dhunseri Investments Ltd, ,16/08/2024,22/08/2024,14/08/2024, , ,AGM/DIV - RS 2.50 PER SH 
EQ,KSL,Kalyani Steels Limited, ,16/08/2024,22/08/2024,14/08/2024, , ,DIV - RS 10 PER SH       
EQ,KCP,KCP Ltd, ,16/08/2024,22/08/2024,14/08/2024, , ,AGM/DIV - RE 1 PER SH    
EQ,MUNJALSHOW,Munjal Showa Ltd, ,03/08/2024,21/08/2024,02/08/2024, , ,AGM/DIV-RS 4.50 PER SH   
EQ,LALPATHLAB,Dr. Lal Path Labs Ltd.,20/08/2024, , ,20/08/2024, , ,INTDIV - RS 6 PER SH     
EQ,IRB,IRB Infrastructure Develo,20/08/2024, , ,20/08/2024, , ,INTDIV - RE 0.1 PER SH   
EQ,AIAENG,AIA Engineering Limited,20/08/2024, , ,20/08/2024, , ,DIV - RS 16 PER SH       
EQ,CENTENKA,Century Enka Ltd, ,21/08/2024,22/08/2024,20/08/2024, , ,AGM/DIV - RS 10 PER SH   
EQ,TITAGARH,Titagarh Wagons Limited, ,21/08/2024,27/08/2024,20/08/2024, , ,AGM/DIV - RE 0.80 PER SH 
EQ,HAL,Hindustan Aeronautics Ltd,21/08/2024, , ,21/08/2024, , ,DIV - RS 13 PER SH       
EQ,PFIZER,Pfizer Ltd.,21/08/2024, , ,21/08/2024, , ,DIV - RS 35 PER SH       
EQ,GATEWAY,Gateway Distriparks Ltd,21/08/2024, , ,21/08/2024, , ,INTDIV - RS 1.25 PER SH  
EQ,BCONCEPTS,Brand Concepts Limited, ,21/08/2024,28/08/2024,20/08/2024, , ,ANNUAL GENERAL MEETING   
EQ,LGBBROSLTD,LG Balakrishnan & Bros, ,23/08/2024,29/08/2024,22/08/2024, , ,AGM/DIV - RS 18 PER SH   
EQ,BBL,Bharat Bijlee Ltd, ,22/08/2024,29/08/2024,21/08/2024, , ,AGM/DIV - RS 35 PER SH   
EQ,BAGFILMS,B.A.G Films and Media Ltd, ,22/08/2024,28/08/2024,21/08/2024, , ,ANNUAL GENERAL MEETING   
EQ,PANAMAPET,Panama Petrochem Ltd,22/08/2024, , ,22/08/2024, , ,AGM/DIV - RS 4 PER SH    
EQ,MICEL,MIC Electronics Ltd, ,22/08/2024,27/08/2024,21/08/2024, , ,ANNUAL GENERAL MEETING   
EQ,INDIAGLYCO,India Glycols Ltd, ,22/08/2024,28/08/2024,21/08/2024, , ,AGM/DIV - RS 8 PER SH    
EQ,SATIA,Satia Industries Limited,21/08/2024, , ,21/08/2024, , ,INTDIV - RE 0.10 PER SH  
EQ,ENDURANCE,Endurance Techno. Ltd., ,12/08/2024,23/08/2024,09/08/2024, , ,DIV - RS 8.50 PER SH     
EQ,SURYALAXMI,Suryalakshmi Cotton Mills, ,12/08/2024,22/08/2024,09/08/2024, , ,ANNUAL GENERAL MEETING   
EQ,NHPC,NHPC Ltd, ,13/08/2024,28/08/2024,12/08/2024, , ,ANNUAL GENERAL MEETING   
EQ,GROBTEA,The Grob Tea Company Ltd, ,13/08/2024,19/08/2024,12/08/2024, , ,AGM/DIV - RS 2 PER SH    
EQ,ROSSELLIND,Rossell India Limited, ,13/08/2024,20/08/2024,12/08/2024, , ,AGM/DIV-RE 0.30 PER SH   
EQ,UPL,UPL Limited, ,13/08/2024,27/08/2024,12/08/2024, , ,DIV - RE 1 PER SH        
EQ,NRAIL,N R Agarwal Inds Ltd, ,17/08/2024,22/08/2024,16/08/2024, , ,AGM/DIV - RS 2 PER SH    
EQ,ALKALI,Alkali Metals Limited, ,17/08/2024,21/08/2024,16/08/2024, , ,AGM/DIV - RE 1 PER SH    
EQ,ISGEC,Isgec Heavy Eng Ltd,21/08/2024, , ,21/08/2024, , ,DIV - RS 4 PER SH        
EQ,SNOWMAN,Snowman Logistics Ltd.,21/08/2024, , ,21/08/2024, , ,INTDIV - RE 1 PER SH     
EQ,ENGINERSIN,Engineers India Ltd.,21/08/2024, , ,21/08/2024, , ,DIV - RE 1 PER SH        
EQ,IRFC,Indian Railway Fin Corp L,22/08/2024, , ,22/08/2024, , ,DIV - RS 0.70 PER SH     
EQ,FEDERALBNK,Federal Bank Ltd., ,25/08/2024,31/08/2024,23/08/2024, , ,AGM/DIV - RS 1.20 PER SH 
EQ,KPIGREEN,KPI Global Infra Ltd,21/08/2024, , ,21/08/2024, , ,INTDIV - RE 0.20 PER SH  
EQ,UNIPARTS,Uniparts India Limited,21/08/2024, , ,21/08/2024, , ,INTDIV - RS 6.75 PER SH  
EQ,ASTERDM,Aster DM Healthcare Ltd.,22/08/2024, , ,22/08/2024, , ,AGM/DIV - RS 2 PER SH    
EQ,GOLDIAM,Goldiam International Lim,22/08/2024, , ,22/08/2024, , ,INTDIV - RE 1 PER SH     
EQ,BBOX,Black Box Limited,22/08/2024, , ,22/08/2024, , ,EGM                      
EQ,MAZDA,Mazda Limited, ,23/08/2024,30/08/2024,22/08/2024, , ,ANNUAL GENERAL MEETING   
EQ,MAZDA,Mazda Limited,22/08/2024, , ,22/08/2024, , ,DIV - RS 16 PER SH       
EQ,PASUPTAC,Pasupati Acrylon Limited, ,14/08/2024,21/08/2024,13/08/2024, , ,ANNUAL GENERAL MEETING   
EQ,MFSL,Max Fin Serv Ltd, ,17/08/2024,23/08/2024,16/08/2024, , ,ANNUAL GENERAL MEETING   
EQ,GANGESSECU,Ganges Securities Limited, ,17/08/2024,23/08/2024,16/08/2024, , ,ANNUAL GENERAL MEETING   
EQ,PIIND,PI Industries Ltd, ,21/08/2024,27/08/2024,20/08/2024, , ,ANNUAL GENERAL MEETING   
EQ,CORALFINAC,Coral India Fin & Hous Lt, ,21/08/2024,30/08/2024,20/08/2024, , ,AGM/DIV - RE 0.40 PER SH 
EQ,RATNAMANI,Ratnamani Metals & Tubes, ,21/08/2024,27/08/2024,20/08/2024, , ,AGM/DIV - RS 14 PER SH   
EQ,VIDHIING,Vidhi Spl Food Ingred Ltd,21/08/2024, , ,21/08/2024, , ,INTDIV - RE 1 PER SH     
EQ,IOLCP,IOL Chem and Pharma Ltd, ,17/08/2024,23/08/2024,16/08/2024, , ,ANNUAL GENERAL MEETING   
EQ,IPL,India Pesticides Limited, ,13/08/2024,20/08/2024,12/08/2024, , ,AGM/DIV - RE 0.75 PER SH 
EQ,MRPL,Mang. Ref & Petochem Ltd., ,16/08/2024,22/08/2024,14/08/2024, , ,ANNUAL GENERAL MEETING   
EQ,BASML,Bannari Amman Spinning Mi, ,16/08/2024,22/08/2024,14/08/2024, , ,ANNUAL GENERAL MEETING   
EQ,JIKIND,JIK Industries Limited, ,16/08/2024,23/08/2024,14/08/2024, , ,ANNUAL GENERAL MEETING   
EQ,RADIOCITY,Music Broadcast Limited, ,17/08/2024,21/08/2024,16/08/2024, , ,ANNUAL GENERAL MEETING   
EQ,CSBBANK,CSB Bank Limited, ,17/08/2024,23/08/2024,16/08/2024, , ,ANNUAL GENERAL MEETING   
EQ,DELTACORP,Delta Corp Limited, ,17/08/2024,23/08/2024,16/08/2024, , ,ANNUAL GENERAL MEETING   
EQ,VIDEOIND,Videocon Industries Limit, ,20/08/2024,26/08/2024,19/08/2024, , ,ANNUAL GENERAL MEETING   
EQ,VALUEIND,Value Industries Limited, ,20/08/2024,26/08/2024,19/08/2024, , ,ANNUAL GENERAL MEETING   
EQ,LATENTVIEW,Latent View Analytics Ltd, ,20/08/2024,27/08/2024,19/08/2024, , ,ANNUAL GENERAL MEETING   
EQ,GLOBUSSPR,Globus Spirits Limited,22/08/2024, , ,22/08/2024, , ,DIV - RS 3.50 PER SH     
EQ,JINDALSTEL,Jindal Steel & Power,22/08/2024, , ,22/08/2024, , ,DIV - RS 2 PER SH        
EQ,RELAXO,Relaxo Foot Ltd.,22/08/2024, , ,22/08/2024, , ,DIV - RS 3 PER SH        
EQ,GRASIM,Grasim Ind Ltd., ,07/08/2024,20/08/2024,06/08/2024, , ,AGM/DIV - RS 10 PER SH   
EQ,ROSSARI,Rossari Biotech Limited, ,17/08/2024,23/08/2024,16/08/2024, , ,AGM/DIV - RE 0.50 PER SH 
EQ,ACE,Action Construction Equip, ,20/08/2024,27/08/2024,19/08/2024, , ,AGM/DIV - RS 2 PER SH    
EQ,SOUTHBANK,South Indian Bank Ltd., ,21/08/2024,27/08/2024,20/08/2024, , ,AGM/DIV - RS 0.30 PER SH 
EQ,PIIND,PI Industries Ltd,20/08/2024, , ,20/08/2024, , ,DIV - RS 9 PER SH        
EQ,SUNTV,Sun TV Network Limited,20/08/2024, , ,20/08/2024, , ,INTDIV - RS 5 PER SH     
EQ,RAIN,Rain Industries Limited,20/08/2024, , ,20/08/2024, , ,INTDIV - RE 1 PER SH     
EQ,MMP,MMP Industries Limited, ,20/08/2024,28/08/2024,19/08/2024, , ,AGM/DIV - RS 1.5 PER SH  
EQ,BALKRISIND,Balkrishna Ind. Ltd,20/08/2024, , ,20/08/2024, , ,INTDIV - RS 4 PER SH     
EQ,WEALTH,Wealth Frst Port. Mg. Ltd,20/08/2024, , ,20/08/2024, , ,DIV - RS 7 PER SH        
EQ,PHOENIXLTD,The Phoenix Mills Limited,20/08/2024, , ,20/08/2024, , ,DIV - RS 5 PER SH        
EQ,SANGHVIMOV,Sanghvi Movers Ltd.,20/08/2024, , ,20/08/2024, , ,DIV - RS 6 PER SH        
EQ,JKPAPER,JK Paper Limited, ,21/08/2024,03/09/2024,20/08/2024, , ,AGM/DIV - RS 5 PER SH    
EQ,MOTHERSON,Motherson Sumi Sys Ltd., ,16/08/2024,22/08/2024,14/08/2024, , ,AGM/DIV - RE 0.80 PER SH 
EQ,AIAENG,AIA Engineering Limited,20/08/2024, , ,20/08/2024, , ,BUY BACK                 
EQ,MAYURUNIQ,Mayur Uniquoters Ltd,23/08/2024, , ,23/08/2024, , ,BUY BACK                 
EQ,SYMPHONY,Symphony Limited,21/08/2024, , ,21/08/2024, , ,INTDIV - RE 1 PER SH     
EQ,MANINFRA,Man Infra Ltd,19/08/2024, , ,19/08/2024, , ,INTDIV - RE 0.45 PER SH  
EQ,PFC,Power Finance Corporation, ,16/08/2024,21/08/2024,14/08/2024, , ,ANNUAL GENERAL MEETING   
EQ,HINDCON,Hindcon Chemicals Limited, ,14/08/2024,20/08/2024,13/08/2024, , ,AGM/DIV - RE 0.10 PER SH 
EQ,SHIVAMILLS,Shiva Mills Limited, ,15/08/2024,21/08/2024,14/08/2024, , ,ANNUAL GENERAL MEETING   
EQ,FLAIR,Flair Writing Indust Ltd, ,15/08/2024,22/08/2024,14/08/2024, , ,ANNUAL GENERAL MEETING   
EQ,POWERINDIA,Hitachi Energy India Ltd, ,15/08/2024,21/08/2024,14/08/2024, , ,AGM/DIV - RS 4 PER SH    
EQ,LFIC,Lakshmi Fin Ind Corp Ltd, ,15/08/2024,22/08/2024,14/08/2024, , ,AGM/DIV/SPDV - RS 4      
EQ,SJS,SJS Enterprises Limited, ,14/08/2024,20/08/2024,13/08/2024, , ,AGM/DIV - RS 2 PER SH    
EQ,SIGMA,Sigma Solve Limited, ,14/08/2024,20/08/2024,13/08/2024, , ,AGM/DIV-RE 0.50 PER SH   
EQ,CLSEL,Chaman Lal Setia Exp Ltd,19/08/2024, , ,19/08/2024, , ,BUY BACK                 
EQ,THOMASCOOK,Thomas Cook  (India)  Ltd, ,19/08/2024,30/08/2024,16/08/2024, , ,DIV-RS0.40/SPLDIV-RS0.20 
EQ,COMPUSOFT,Compucom Software Ltd, ,18/08/2024,24/08/2024,16/08/2024, , ,AGM/DIV - RS 0.40 PER SH 
EQ,ELECTCAST,Electrosteel Cast Ltd., ,17/08/2024,23/08/2024,16/08/2024, , ,DIV - RE 0.90 PER SH     
EQ,CYBERMEDIA,Cyber Media (India) Limit, ,17/08/2024,22/08/2024,16/08/2024, , ,ANNUAL GENERAL MEETING   
EQ,NDGL,Naga Dhunseri Group Ltd, ,17/08/2024,23/08/2024,16/08/2024, , ,AGM/DIV - RS 2.50 PER SH 
EQ,CDSL,Central Depo Ser (I) Ltd,24/08/2024, , ,23/08/2024, , ,BONUS 1:1                
EQ,BIGBLOC,Bigbloc Construction Ltd, ,23/08/2024,29/08/2024,22/08/2024, , ,ANNUAL GENERAL MEETING   
EQ,MARALOVER,Maral Overseas Ltd, ,21/08/2024,27/08/2024,20/08/2024, , ,ANNUAL GENERAL MEETING   
EQ,WONDERLA,Wonderla Holidays Ltd., ,16/08/2024,21/08/2024,14/08/2024, , ,ANNUAL GENERAL MEETING   
EQ,FINEORG,Fine Organic Ind. Ltd., ,14/08/2024,21/08/2024,13/08/2024, , ,AGM/DIV - RS 10 PER SH   
EQ,DVL,Dhunseri Petrochem Limite, ,14/08/2024,20/08/2024,13/08/2024, , ,AGM/DIV - RS 5 PER SH    
EQ,NAVNETEDUL,Navneet Education Limited, ,14/08/2024,20/08/2024,13/08/2024, , ,AGM/DIV-RS 2.60 PER SH   
GS,GS220824C,GOI STRIPS C 220824,20/08/2024, , , , , ,REDEMPTION               
MF,BSLIFQPIDG,BIRLASLAMC - BSLIFQPIDG,23/08/2024, , , , , ,STP                      
MF,BSLIQPIRG,BSL IIF- QP - SI -RPG,23/08/2024, , , , , ,STP                      
MF,BSLIQPIRDP,BSL IIF- QP - SI -RPDP,23/08/2024, , , , , ,STP                      
MF,BSLIQPIIDP,BSL IIF- QP - SI -IPDP,23/08/2024, , , , , ,STP                      
N3,NAVIFIN,Sec Re NCD 9.40% Sr. III,24/08/2024, , , , , ,INT PAYMENT/REDEMPTION   
N4,UGROCAP,Sec Red NCD 10.40% Sr.III,21/08/2024, , ,21/08/2024, , ,INTEREST PAYMENT         
N4,NAVIFIN,Navi Finserv Limited,24/08/2024, , , , , ,INT PAYMENT/REDEMPTION   
N5,ERFLNCDI,Sec Red NCD 8.88% Sr. V,19/08/2024, , ,19/08/2024, , ,INTEREST PAYMENT         
N6,IIFL,IIFL Finance Limited,22/08/2024, , ,22/08/2024, , ,INTEREST PAYMENT         
N6,POONAWALLA,Poonawalla Fincorp Ltd,22/08/2024, , ,22/08/2024, , ,INTEREST PAYMENT         
N6,IIFLSAMFIN,IIFL Samasta10.48% 2027,22/08/2024, , ,22/08/2024, , ,INTEREST PAYMENT         
NH,IBUCCREDIT,Sec Re NCD 9.40% Sr.III,19/08/2024, , ,19/08/2024, , ,INTEREST PAYMENT         
NJ,ECLFINANCE,Sec Red NCD 9.43% Sr. VI,19/08/2024, , ,19/08/2024, , ,INTEREST PAYMENT         
NK,IBUCCREDIT,Sec Re NCD 9.61% Sr.VI,19/08/2024, , ,19/08/2024, , ,INTEREST PAYMENT         
NN,IBUCCREDIT,Sec Re NCD 9.40% Sr.VIII,19/08/2024, , ,19/08/2024, , ,INTEREST PAYMENT         
NO,DHANILOANS,Dhani Loans & Serv Ltd,19/08/2024, , , , , ,INTEREST/REDEMPTION      
NO,IBUCCREDIT,Sec Re NCD 9.85% Sr.VIII,19/08/2024, , ,19/08/2024, , ,INTEREST PAYMENT         
NP,DHANILOANS,Dhani Loans & Serv Ltd,19/08/2024, , , , , ,INTEREST/REDEMPTION      
NQ,DHANILOANS,Dhani Loans & Serv Ltd,19/08/2024, , , , , ,INTEREST/REDEMPTION      
NR,ECLFINANCE,ECL Finance Limited,19/08/2024, , ,19/08/2024, , ,INTEREST PAYMENT         
SM,JSLL,Jeena Sikho Lifecare Ltd, ,21/08/2024,27/08/2024,20/08/2024, , ,AGM/DIV - RS 4.18 PER SH 
SM,CMRSL,Cyber Media Res & Ser Ltd, ,17/08/2024,22/08/2024,16/08/2024, , ,ANNUAL GENERAL MEETING   
SM,VERA,Vera Synthetic Limited, ,13/08/2024,20/08/2024,12/08/2024, , ,ANNUAL GENERAL MEETING   
SM,MAL,Mangalam Alloys Limited, ,19/08/2024,28/08/2024,16/08/2024, , ,ANNUAL GENERAL MEETING   
SM,SRIVASAVI,Srivasavi Adhesive Tape L, ,16/08/2024,22/08/2024,14/08/2024, , ,ANNUAL GENERAL MEETING   
SM,NPST,Network People Srv Tech L, ,20/08/2024,26/08/2024,19/08/2024, , ,ANNUAL GENERAL MEETING   
SM,COMMITTED,Committed Cargo Care Ltd, ,14/08/2024,21/08/2024,13/08/2024, , ,ANNUAL GENERAL MEETING   
SQ,CMRSL,Cyber Media Res & Ser Ltd, ,17/08/2024,22/08/2024,16/08/2024, , ,ANNUAL GENERAL MEETING   
SQ,VERA,Vera Synthetic Limited, ,13/08/2024,20/08/2024,12/08/2024, , ,ANNUAL GENERAL MEETING   
SQ,SRIVASAVI,Srivasavi Adhesive Tape L, ,16/08/2024,22/08/2024,14/08/2024, , ,ANNUAL GENERAL MEETING   
SQ,JSLL,Jeena Sikho Lifecare Ltd, ,21/08/2024,27/08/2024,20/08/2024, , ,AGM/DIV - RS 4.18 PER SH 
SQ,NPST,Network People Srv Tech L, ,20/08/2024,26/08/2024,19/08/2024, , ,ANNUAL GENERAL MEETING   
SQ,MAL,Mangalam Alloys Limited, ,19/08/2024,28/08/2024,16/08/2024, , ,ANNUAL GENERAL MEETING   
SQ,COMMITTED,Committed Cargo Care Ltd, ,14/08/2024,21/08/2024,13/08/2024, , ,ANNUAL GENERAL MEETING   
ST,JSLL,Jeena Sikho Lifecare Ltd, ,21/08/2024,27/08/2024,20/08/2024, , ,AGM/DIV - RS 4.18 PER SH 
ST,MAL,Mangalam Alloys Limited, ,19/08/2024,28/08/2024,16/08/2024, , ,ANNUAL GENERAL MEETING   
ST,VERA,Vera Synthetic Limited, ,13/08/2024,20/08/2024,12/08/2024, , ,ANNUAL GENERAL MEETING   
ST,SRIVASAVI,Srivasavi Adhesive Tape L, ,16/08/2024,22/08/2024,14/08/2024, , ,ANNUAL GENERAL MEETING   
ST,NPST,Network People Srv Tech L, ,20/08/2024,26/08/2024,19/08/2024, , ,ANNUAL GENERAL MEETING   
ST,COMMITTED,Committed Cargo Care Ltd, ,14/08/2024,21/08/2024,13/08/2024, , ,ANNUAL GENERAL MEETING   
ST,CMRSL,Cyber Media Res & Ser Ltd, ,17/08/2024,22/08/2024,16/08/2024, , ,ANNUAL GENERAL MEETING   
U3,NAVIFIN,Sec Re NCD 9.40% Sr. III,24/08/2024, , , , , ,INT PAYMENT/REDEMPTION   
U4,UGROCAP,Sec Red NCD 10.40% Sr.III,21/08/2024, , ,21/08/2024, , ,INTEREST PAYMENT         
U4,NAVIFIN,Navi Finserv Limited,24/08/2024, , , , , ,INT PAYMENT/REDEMPTION   
U5,ERFLNCDI,Sec Red NCD 8.88% Sr. V,19/08/2024, , ,19/08/2024, , ,INTEREST PAYMENT         
U6,IIFLSAMFIN,IIFL Samasta10.48% 2027,22/08/2024, , ,22/08/2024, , ,INTEREST PAYMENT         
U6,IIFL,IIFL Finance Limited,22/08/2024, , ,22/08/2024, , ,INTEREST PAYMENT         
U6,POONAWALLA,Poonawalla Fincorp Ltd,22/08/2024, , ,22/08/2024, , ,INTEREST PAYMENT         
UH,IBUCCREDIT,Sec Re NCD 9.40% Sr.III,19/08/2024, , ,19/08/2024, , ,INTEREST PAYMENT         
UJ,ECLFINANCE,Sec Red NCD 9.43% Sr. VI,19/08/2024, , ,19/08/2024, , ,INTEREST PAYMENT         
UK,IBUCCREDIT,Sec Re NCD 9.61% Sr.VI,19/08/2024, , ,19/08/2024, , ,INTEREST PAYMENT         
UN,IBUCCREDIT,Sec Re NCD 9.40% Sr.VIII,19/08/2024, , ,19/08/2024, , ,INTEREST PAYMENT         
UO,DHANILOANS,Dhani Loans & Serv Ltd,19/08/2024, , , , , ,INTEREST/REDEMPTION      
UO,IBUCCREDIT,Sec Re NCD 9.85% Sr.VIII,19/08/2024, , ,19/08/2024, , ,INTEREST PAYMENT         
UP,DHANILOANS,Dhani Loans & Serv Ltd,19/08/2024, , , , , ,INTEREST/REDEMPTION      
UQ,DHANILOANS,Dhani Loans & Serv Ltd,19/08/2024, , , , , ,INTEREST/REDEMPTION      
UR,ECLFINANCE,ECL Finance Limited,19/08/2024, , ,19/08/2024, , ,INTEREST PAYMENT         

