SYMBOL,SERIES,SECURITY,HIGH/LOW,INDEX FLAG
A2ZINFRA,BE,A2Z INFRA ENGINEERING LTD,H
ABAN,EQ,ABAN OFFSHORE LTD.,H
ABMINTLLTD,BE,ABM INTERNATIONAL LTD,H
ACCURACY,BE,ACCURACY SHIPPING LIMITED,H
AESTHETIK,ST,AESTHETIK ENGINEERS LTD,H
AHLADA,BE,AHLADA ENGINEERS LIMITED,H
AILIMITED,ST,ABHISHEK INTEGRATIONS LTD,H
AIRAN,BE,AIRAN LIMITED,H
AKUMS,EQ,AKUMS DRUGS AND PHARMA L,H
ALPSINDUS,BE,ALPS INDUSTRIES LTD.,H
ALUWIND,ST,ALUWIND ARCHITECTURAL LTD,H
AMBICAAGAR,EQ,AMBICA AGAR & AROMAINDLTD,H
AMJLAND,BE,AMJ LAND HOLDINGS LIMITED,H
AMJUMBO,ST,A AND M JUMBO BAGS LTD,H
ANMOL,BE,ANMOL INDIA LIMITED,H
ANSALAPI,BZ,ANSAL PROP & INFRA LTD,H
ANTGRAPHIC,EQ,ANTARCTICA LTD,H
ARSHIYA,BE,ARSHIYA LIMITED,H
ASHIMASYN,BE,ASHIMA LTD,H
ASMS,EQ,BARTRONICS INDIA LIMITED,H
ATALREAL,BE,ATAL REALTECH LIMITED,H
AURIONPRO,EQ,AURIONPRO SOLN LTD,H
BCG,BZ,BRIGHTCOM GROUP LIMITED,H
BEDMUTHA,EQ,BEDMUTHA INDUST LTD,H
BGRENERGY,BE,BGR ENERGY SYSTEMS LTD,H
BHAGCHEM,EQ,BHAGIRADHA CHEM & INDS L,H
BKMINDST,BZ,BKM INDUSTRIES LIMITED,H
BLBLIMITED,BE,BLB LIMITED,H
BLUEPEBBLE,SM,BLUE PEBBLE LIMITED,H
BMETRICS,SM,BOMBAY METRICS S C LTD,H
BRNL,BE,BHARAT ROAD NETWORK LTD,H
BULKCORP,ST,BULKCORP INTERNATIONAL L,H
BURNPUR,BE,BURNPUR CEMENT LTD.,H
CADSYS,SM,CADSYS (INDIA) LIMITED,H
CENTEXT,EQ,CENTURY EXTRUSIONS LTD,H
CEREBRAINT,BE,CEREBRA INT TECH LTD,H
CGRAPHICS,SM,CREATIVE GRAPHICS S IND L,H
CHEMFAB,EQ,CHEMFAB ALKALIS LIMITED,H
CMMIPL,ST,CMM INFRAPROJECTS LIMITED,H
COFFEEDAY,BE,COFFEE DAY ENTERPRISE LTD,H
CONTI,ST,CONTINENTAL SEED CHEM LTD,H
DCMFINSERV,EQ,DCM FINANCIAL SERVICES LT,H
DCMNVL,BE,DCM NOUVELLE LIMITED,H
DCXINDIA,BE,DCX SYSTEMS LIMITED,H
DESTINY,SM,DESTINY LOGISTICS & I LTD,H
DHARIWAL,ST,DHARIWALCORP LIMITED,H
DHRUV,BE,DHRUV CONSULTANCY SER LTD,H
DIGIKORE,ST,DIGIKORE STUDIOS LIMITED,H
DIGJAMLMTD,BE,DIGJAM LTD,H
DUCON,EQ,DUCON INFRATECHNOLOGIES L,H
E2E,BE,E2E NETWORKS LIMITED,H
EIMCOELECO,BE,EIMCO ELECON (INDIA) LTD,H
EMAMIREAL,EQ,EMAMI REALTY LIMITED,H
ESCONET,ST,ESCONET TECHNOLOGIES LTD,H
ESSARSHPNG,BE,ESSAR SHIPPING LTD,H
EUROTEXIND,EQ,EUROTEX INDUSTRIES LTD,H
FEL,BZ,FUTURE ENTERPRISES LTD,H
FMNL,EQ,FUTURE MKT NETWORKS LTD,H
FOCUS,BE,FOCUS LIGHTG & FIXTRS LTD,H
GALLANTT,BE,GALLANTT ISPAT LIMITED,H
GANGAFORGE,EQ,GANGA FORGING LIMITED,H
GENUSPOWER,EQ,GENUS POWER INFRASTRU LTD,H
GET&D,BE,GE T&D INDIA LIMITED,H
GLFL,BE,GUJARAT LEASE FINANCING L,H
GMRP&UI,EQ,GMR POW AND URBAN INFRA L,H
GODFRYPHLP,EQ,GODFREY PHILLIPS INDIA LT,H
GRPLTD,BE,GRP LIMITED,H
GSMFOILS,ST,GSM FOILS LIMITED,H
GSTL,ST,GLOBESECURE TECHNO LTD,H
GTLINFRA,EQ,GTL INFRA.LTD,H
GVKPIL,BE,GVK POW. & INFRA LTD.,H
GVPTECH,EQ,GVP INFOTECH LIMITED,H
HDIL,BZ,HOUSING DEV & INFRA LTD,H
HEXATRADEX,EQ,HEXA TRADEX LIMITED,H
HINDCON,EQ,HINDCON CHEMICALS LIMITED,H
HINDMOTORS,BE,HINDUSTAN MOTORS LIMITED,H
HINDNATGLS,BE,HIND NATL GLASS & IND LTD,H
HIRECT,EQ,HIND RECTIFIER LIMITED,H
HLVLTD,EQ,HLV LIMITED,H
HUBTOWN,BE,HUBTOWN LIMITED,H
IEL,EQ,INDIABULLS ENT LTD,H
IFBAGRO,BE,IFB AGRO INDUSTRIES LTD,H
IL&FSTRANS,BZ,IL&FS TRANS NET LTD,H
IMPEXFERRO,BE,IMPEX FERRO TECH LIMITED,H
INFOLLION,ST,INFOLLION RESEARCH SER L,H
ISHAN,SM,ISHAN INTERNATIONAL LTD,H
IVP,BE,IVP LIMITED,H
IWEL,EQ,INOX WIND ENERGY LIMITED,H
IZMO,BE,IZMO LIMITED,H
JAIPURKURT,BE,NANDANI CREATION LIMITED,H
JUBLINDS,EQ,JUBILANT INDUSTRIES LTD,H
K2INFRA,ST,K2 INFRAGEN LIMITED,H
KBCGLOBAL,BE,KBC GLOBAL LIMITED,H
KCK,SM,KCK INDUSTRIES LTD,H
KDL,ST,KORE DIGITAL LIMITED,H
KERNEX,EQ,KERNEX MICROSYS(I) LTD,H
KEYFINSERV,EQ,KEYNOTE FIN SERV LTD.,H
KHAITANLTD,EQ,KHAITAN (INDIA)LTD.,H
KNAGRI,ST,KN AGRI RESOURCES LIMITED,H
KONTOR,SM,KONTOR SPACE LIMITED,H
KRISHIVAL,SM,KRISHIVAL FOODS LIMITED,H
MACPOWER,BE,MACPOWER CNC MACHINES LTD,H
MAHAPEXLTD,EQ,MAHA RASHTRA APEX COPR. L,H
MAITREYA,ST,MAITREYA MEDICARE LIMITED,H
MALUPAPER,EQ,MALU PAPER MILLS LIMITED,H
MANAKCOAT,BE,MAN COAT METAL & IND LTD,H
MANORG,EQ,MANGALAM ORGANICS LIMITED,H
MARSHALL,BE,MARSHALL MACHINES LTD,H
MATRIMONY,EQ,MATRIMONY.COM LIMITED,H
MBECL,BE,MCNALLY BH. ENG. CO.LTD,H
MCL,EQ,MADHAV COPPER LIMITED,H
MEGAFLEX,SM,MEGA FLEX PLASTICS LTD,H
MORARJEE,BE,MORARJEE TEXTILES LIMITED,H
MSPL,EQ,MSP STEEL & POWER LTD.,H
MUKKA,EQ,MUKKA PROTEINS LIMITED,H
NAHARPOLY,BE,NAHAR POLY FILMS LIMITED,H
NAMAN,SM,NAMAN IN-STORE (INDIA) L,H
NARMADA,BE,NARMADA AGROBASE LIMITED,H
NATHBIOGEN,BE,NATH BIO-GENES (I) LTD,H
NEPHROCARE,SM,NEPHRO CARE INDIA LIMITED,H
NOIDATOLL,BE,NOIDA TOLL BRIDGE CO LTD,H
NORBTEAEXP,EQ,NORBEN TEA & EXPORTS LTD,H
OCCL,BE,ORIENTAL CARBN & CHEM LTD,H
OLAELEC,EQ,OLA ELECTRIC MOBILITY LTD,H
OMAXE,BE,OMAXE LIMITED,H
OMKARCHEM,BZ,OMKAR SPL CHEM LTD,H
ONELIFECAP,BE,ONELIFE CAP ADVISORS LTD,H
ORIANA,SM,ORIANA POWER LIMITED,H
ORTEL,BZ,ORTEL COMMUNICATIONS LTD,H
PANACHE,BE,PANACHE DIGILIFE LIMITED,H
PARAS,BE,PARAS DEF AND SPCE TECH L,H
PCJEWELLER,EQ,PC JEWELLER LTD,H
PEARLPOLY,EQ,PEARL POLYMERS LTD,H
POCL,EQ,PONDY OXIDES & CHEM LTD,H
PPSL,ST,PICTUREPOST STUDIOS LTD,H
PRAENG,EQ,PRAJAY ENG. SYN. LTD.,H
PREMEXPLN,BE,PREMIER EXPLOSIVES LTD,H
PRITIKA,SM,PRITIKA ENG COMPO LTD,H
PRITIKAUTO,EQ,PRITIKA AUTO INDUS LTD,H
PVP,BE,PVP VENTURES LIMITED,H
QUADPRO,SM,QUADPRO ITES LIMITED,H
RADAAN,BE,RADAAN MEDIAWORKS (I) LTD,H
RADHIKAJWE,EQ,RADHIKA JEWELTECH LIMITED,H
RAJINDLTD,ST,RAJPUTANA INDUSTRIES LTD,H
RAJTV,BE,RAJ TV NETWORK LTD,H
RAJVIR,BZ,RAJVIR INDUSTRIES LIMITED,H
RBMINFRA,SM,RBM INFRACON LIMITED,H
RBZJEWEL,BE,RBZ JEWELLERS LIMITED,H
RCOM,BE,RELIANCE COMMUNICATIONS L,H
RELTD,EQ,RAVINDRA ENERGY LIMITED,H
REMSONSIND,EQ,REMSONS INDUSTRIES LTD,H
RHFL,EQ,RELIANCE HOME FINANCE LTD,H
RHL,BE,ROBUST HOTELS LIMITED,H
ROLLT,BE,ROLLATAINERS LIMITED,H
ROLTA,BZ,ROLTA INDIA LTD,H
RPOWER,EQ,RELIANCE POWER LTD.,H
RSSOFTWARE,BE,R. S. SOFTWARE (INDIA) LI,H
SABEVENTS,BE,SAB EVENTS & GOVERNANCE,H
SALASAR,EQ,SALASAR TECHNO ENGG. LTD.,H
SAMPANN,BE,SAMPANN UTPADAN INDIA LTD,H
SANWARIA,BZ,SANWARIA CONSUMER LIMITED,H
SARLAPOLY,BE,SARLA PERF. FIBERS LTD,H
SATECH,SM,S A TECH SOFTWARE INDIA L,H
SECURCRED,BE,SECUR CREDENTIALS LIMITED,H
SEL,SM,SUNGARNER ENERGIES LTD,H
SGL,EQ,STL GLOBAL LIMITED,H
SHAH,BE,SHAH METACORP LIMITED,H
SHRENIK,BE,SHRENIK LIMITED,H
SIMBHALS,BE,SIMBHAOLI SUGARS LTD.,H
SITINET,BE,SITI NETWORKS LIMITED,H
SJLOGISTIC,SM,S J LOGISTICS (INDIA) LTD,H
SKYGOLD,BE,SKY GOLD LIMITED,H
SOLARA,BE,SOLARA ACTIVE PHA SCI LTD,H
SOLARAPP,X1,SOLAR ACT RS.3.50 PPD UP,H
SONUINFRA,ST,SONU INFRATECH LIMITED,H
SPMLINFRA,BE,SPML INFRA LIMITED,H
SRM,BE,SRM CONTRACTORS LIMITED,H
SSEGL,ST,SATHLOKHAR SYN E&C GLOB L,H
STERTOOLS,EQ,STERLING TOOLS LIMITED,H
SUPREMEINF,BZ,SUPREME INFRA. LTD,H
SURANASOL,EQ,SURANA SOLAR LIMITED,H
TAC,SM,TAC INFOSEC LIMITED,H
TARAPUR,BE,TARAPUR TRANSFORMERS LTD,H
TCLCONS,BE,TANTIA CONSTRUCTIONS LTD,H
TECHLABS,ST,TRIDENT TECHLABS LIMITED,H
TECHNOE,BE,TECHNO ELEC & ENG CO. LTD,H
TECILCHEM,BE,TECIL CHEMICALS,H
THOMASCOOK,EQ,THOMAS COOK (INDIA) LTD,H
TPHQ,BE,TEAMO PRODUCTIONS HQ LTD,H
TPLPLASTEH,BE,TPL PLASTECH LIMITED,H
TREJHARA,EQ,TREJHARA SOLUTIONS LTD,H
TRIGYN,BE,TRIGYN TECHNOLOGIES LTD,H
TRUST,ST,TRUST FINTECH LIMITED,H
UEL,BE,UJAAS ENERGY LIMITED,H
UMANGDAIRY,BE,UMANG DAIRIES LIMITED,H
UNIECOM,EQ,UNICOMMERCE ESOLUTIONS L,H
UNIVAFOODS,BE,UNIVA FOODS LIMITED,H
UNIVASTU,EQ,UNIVASTU INDIA LIMITED,H
URJA,EQ,URJA GLOBAL LIMITED,H
UTSSAV,ST,UTSSAV CZ GOLD JEWELS LTD,H
V2RETAIL,BE,V2 RETAIL LIMITED,H
VARDMNPOLY,EQ,VARDHMAN POLYTEX LTD.,H
VASA,ST,VASA RETAIL & OVERSEA LTD,H
VERANDA,BE,VERANDA LEARNING SOL LTD,H
VERTOZ,EQ,VERTOZ LIMITED,H
VIJIFIN,BE,VIJI FINANCE LIMITED,H
VINNY,EQ,VINNY OVERSEAS LIMITED,H
VINYAS,ST,VINYAS INNOVATIVE TECH L,H
VIPULLTD,EQ,VIPUL LIMITED,H
VISESHINFO,BZ,VISESH INFOTECNICS LTD,H
VIVIDHA,BE,VISAGAR POLYTEX LTD,H
VMARCIND,SM,V MARC INDIA LIMITED,H
WALCHANNAG,EQ,WALCHANDNAGAR INDUSTRIES,H
WANBURY,EQ,WANBURY LIMITED,H
WEBELSOLAR,BE,WEBSOL ENERGY SYSTEM LTD,H
WEIZMANIND,BE,WEIZMANN LTD,H
WEWIN,BE,WE WIN LIMITED,H
WINDMACHIN,EQ,WINDSOR MACHINES LIMITED,H
WINSOME,BE,WINSOME YARNS LIMITED,H
WOCKPHARMA,BE,WOCKHARDT LIMITED-DEPO,H
ZODIAC,BE,ZODIAC ENERGY LIMITED,H
ZTECH,SM,Z-TECH (INDIA) LIMITED,H
74CG30,SG,SDL CG 7.4% 2030,L
ACSAL,SM,ARVIND AND COMPANY,L
AMJUMBO,ST,A AND M JUMBO BAGS LTD,L
ANKITMETAL,BE,ANKIT MET & POW LTD,L
BGLOBAL,BZ,BHARATIYA GLOBAL INFO LTD,L
BKMINDST,BZ,BKM INDUSTRIES LIMITED,L
BLUECHIP,BE,BLUE CHIP INDIA LIMITED,L
BLUECOAST,BE,BLUE COAST HOTELS LIMITED,L
BURNPUR,BE,BURNPUR CEMENT LTD.,L
CADSYS,SM,CADSYS (INDIA) LIMITED,L
CMRSL,SM,CYBER MEDIA RES & SER LTD,L
COMPINFO,BZ,COMPUAGE INFOCOM LTD,L
CTE,BE,CAMBRIDGE TECH ENTER LTD,L
EDUCOMP,BZ,EDUCOMP SOLUTIONS LTD,L
FCONSUMER,BE,FUTURE CONSUMER LIMITED,L
FEL,BZ,FUTURE ENTERPRISES LTD,L
FSC,BZ,FUTURE SUPP CHAIN SOL LTD,L
GALLANTT,BE,GALLANTT ISPAT LIMITED,L
GANGOTRI,BZ,GANGOTRI TEXTILES LTD.,L
GATECH,EQ,GACM TECHNOLOGIES LIMITED,L
GAYAHWS,BE,GAYATRI HIGHWAYS LIMITED,L
GAYAPROJ,BZ,GAYATRI PROJECTS LTD,L
GFSTEELS,BE,GRAND FOUNDRY LTD,L
GICL,SM,GLOBE INTL CARRIERS LTD,L
GOENKA,BZ,GOENKA DIAMOND&JEWELS LTD,L
HINDNATGLS,BE,HIND NATL GLASS & IND LTD,L
HYBRIDFIN,BE,HYBRID FINANCIAL SERVICE,L
INDSWFTLAB,BE,IND SWIFT LABORATORIES LT,L
INFOLLION,ST,INFOLLION RESEARCH SER L,L
ISHAN,SM,ISHAN INTERNATIONAL LTD,L
JPASSOCIAT,BE,JAIPRAKASH ASSOCIATES LTD,L
LGHL,BE,LAXMI GOLDORNA HOUSE LTD,L
LRRPL,SM,LEAD REC AND RUB PROD LTD,L
MAKS,ST,MAKS ENERGY SOL INDIA LTD,L
MASKINVEST,BE,MASK INVESTMENTS LIMITED,L
MAXIND,EQ,MAX INDIA LIMITED,L
MELSTAR,BZ,MELSTAR INFORMATION TECH,L
MEP,BE,MEP INFRA. DEVELOPERS LTD,L
MINDPOOL,ST,MINDPOOL TECHNOLOGIES LTD,L
NIRMAN,ST,NIRMAN AGRI GENTICS LTD,L
NITIRAJ,BE,NITIRAJ ENGINEERS LTD,L
NTL,BE,NEUEON TOWERS LIMITED,L
OLIL,ST,ONECLICK LOGISTICS IND L,L
ORTEL,BZ,ORTEL COMMUNICATIONS LTD,L
PANSARI,BE,PANSARI DEVELOPERS LTD,L
PERFECT,ST,PERFECT INFRAENGINEER LTD,L
PRATHAM,SM,PRATHAM EPC PROJECTS LTD,L
PREMIER,BE,PREMIER LIMITED,L
QUINTEGRA,BE,QUINTEGRA SOLUTIONS LTD.,L
RADAAN,BE,RADAAN MEDIAWORKS (I) LTD,L
SADBHIN,EQ,SADBHAV INFRA PROJ LTD.,L
SANCO,BZ,SANCO INDUSTRIES LIMITED,L
SANWARIA,BZ,SANWARIA CONSUMER LIMITED,L
SELMC,BE,SEL MANUFACTURING CO LTD,L
SETCO,BE,SETCO AUTOMOTIVE LTD,L
SEYAIND,BE,SEYA INDUSTRIES LIMITED,L
SHUBHLAXMI,SM,SHUBHLAXMI JEWEL ART LTD,L
SICALLOG,BE,SICAL LOGISTICS LIMITED,L
SILLYMONKS,BE,SILLY MONKS ENTERTAIN LTD,L
SKIL,BZ,SKIL INFRASTRUCTURE LTD.,L
SLONE,ST,SLONE INFOSYSTEMS LIMITED,L
SMARTLINK,BE,SMARTLINK HOLDINGS LTD,L
SOTAC,ST,SOTAC PHARMACEUTICALS LTD,L
SRPL,BE,SHREE RAM PROTEINS LTD.,L
SUPREMEPWR,ST,SUPREME POWER EQUIPMENT L,L
URAVI,BE,URAVI T AND WEDG LAMP LTD,L
USK,BE,UDAYSHIVAKUMAR INFRA LTD,L
VCL,BE,VAXTEX COTFAB LIMITED,L
VEEKAYEM,SM,VEEKAYEM FASH & APP LTD,L
VISASTEEL,BE,VISA STEEL LIMITED,L
