GAIN_LOSS,SECURITY,CLOSE_PRIC,PREV_CL_PR,PERCENT_CG
 ,Nifty 50 Sec., , , 
 , , , , 
G,HINDALCO  INDUSTRIES  LTD,       658.85,       634.15,3.89
G,BHARAT PETROLEUM CORP  LT,       343.80,       332.50,3.4
G,SHRIRAM FINANCE LIMITED,      3075.60,      2981.50,3.16
G,TATA STEEL LIMITED,       153.96,       149.52,2.97
G,LTIMINDTREE LIMITED,      5676.10,      5563.75,2.02
G,COAL INDIA LTD,       522.00,       512.30,1.89
G,DR. REDDY S LABORATORIES,      6911.35,      6793.60,1.73
G,OIL AND NATURAL GAS CORP.,       335.30,       329.60,1.73
G,TATA CONSULTANCY SERV LT,      4490.00,      4416.05,1.67
G,NTPC LTD,       403.10,       398.05,1.27
G,HERO MOTOCORP LIMITED,      5188.90,      5128.10,1.19
G,JSW STEEL LIMITED,       917.75,       908.45,1.02
G,ASIAN PAINTS LIMITED,      3076.30,      3048.15,.92
G,DIVI S LABORATORIES LTD,      4669.90,      4633.90,.78
G,RELIANCE INDUSTRIES LTD,      2976.80,      2956.40,.69
G,WIPRO LTD,       519.75,       516.25,.68
G,HCL TECHNOLOGIES LTD,      1678.50,      1668.25,.61
G,TECH MAHINDRA LIMITED,      1594.65,      1585.30,.59
G,TITAN COMPANY LIMITED,      3464.85,      3444.75,.58
G,APOLLO HOSPITALS ENTER. L,      6724.90,      6686.90,.57
G,POWER GRID CORP. LTD.,       340.30,       338.60,.5
G,BAJAJ FINANCE LIMITED,      6616.35,      6590.90,.39
G,INFOSYS LIMITED,      1864.80,      1858.95,.31
G,SUN PHARMACEUTICAL IND L,      1747.80,      1742.75,.29
G,KOTAK MAHINDRA BANK LTD,      1781.35,      1777.30,.23
G,ADANI PORT & SEZ LTD,      1496.45,      1493.45,.2
G,STATE BANK OF INDIA,       813.70,       812.10,.2
G,ULTRATECH CEMENT LIMITED,     11315.35,     11295.70,.17
G,BAJAJ FINSERV LTD.,      1551.10,      1549.90,.08
G,BRITANNIA INDUSTRIES LTD,      5732.50,      5729.65,.05
 , , , , 
L,MAHINDRA & MAHINDRA LTD,      2765.15,      2840.45,-2.65
L,INDUSIND BANK LIMITED,      1347.60,      1364.15,-1.21
L,BAJAJ AUTO LIMITED,      9770.65,      9888.15,-1.19
L,AXIS BANK LIMITED,      1153.25,      1166.85,-1.17
L,SBI LIFE INSURANCE CO LTD,      1671.55,      1688.90,-1.03
L,TATA MOTORS LIMITED,      1087.70,      1098.35,-0.97
L,ICICI BANK LTD.,      1175.90,      1187.25,-0.96
L,BHARTI AIRTEL LIMITED,      1469.65,      1483.55,-0.94
L,NESTLE INDIA LIMITED,      2503.15,      2525.45,-0.88
L,TATA CONSUMER PRODUCT LTD,      1177.40,      1187.75,-0.87
L,HDFC LIFE INS CO LTD,       685.70,       689.40,-0.54
L,MARUTI SUZUKI INDIA LTD.,     12149.80,     12213.30,-0.52
L,LARSEN & TOUBRO LTD.,      3555.05,      3568.35,-0.37
L,ITC LTD,       501.45,       502.65,-0.24
L,HINDUSTAN UNILEVER LTD.,      2742.55,      2748.25,-0.21
L,ADANI ENTERPRISES LIMITED,      3102.55,      3108.80,-0.2
L,EICHER MOTORS LTD,      4813.30,      4818.00,-0.1
L,GRASIM INDUSTRIES LTD,      2598.40,      2600.35,-0.07
L,CIPLA LTD,      1575.50,      1576.10,-0.04
L,HDFC BANK LTD,      1631.55,      1632.10,-0.03
 , , , , 
 ,Nifty Next 50 Sec., , , 
 , , , , 
G,VARUN BEVERAGES LIMITED,      1508.40,      1421.85,6.09
G,ADANI GREEN ENERGY LTD,      1898.00,      1831.00,3.66
G,VEDANTA LIMITED,       442.75,       429.05,3.19
G,TRENT LTD,      6689.90,      6502.40,2.88
G,GAIL (INDIA) LTD,       238.93,       232.55,2.74
G,BERGER PAINTS (I) LTD,       562.75,       549.90,2.34
G,CANARA BANK,       109.90,       107.62,2.12
G,JINDAL STEEL & POWER LTD,       953.75,       934.50,2.06
G,PUNJAB NATIONAL BANK,       115.21,       113.04,1.92
G,INDIAN OIL CORP LTD,       170.08,       167.17,1.74
G,BANK OF BARODA,       247.35,       243.45,1.6
G,LIFE INSURA CORP OF INDIA,      1072.35,      1057.30,1.42
G,INDIAN RAIL TOUR CORP LTD,       937.70,       924.75,1.4
G,TATA POWER CO LTD,       418.80,       413.65,1.25
G,MARICO LIMITED,       669.15,       661.05,1.23
G,JIO FIN SERVICES LTD,       331.45,       328.15,1.01
G,ADANI TOTAL GAS LIMITED,       856.35,       848.15,0.97
G,SHREE CEMENT LIMITED,     24848.95,     24642.85,0.84
G,REC LIMITED,       584.30,       579.65,0.8
G,INDIAN RAILWAY FIN CORP L,       180.17,       178.77,0.78
G,ADANI ENERGY SOLUTION LTD,      1092.55,      1085.30,0.67
G,DABUR INDIA LTD,       621.30,       617.60,0.6
G,HINDUSTAN AERONAUTICS LTD,      4792.25,      4769.80,0.47
G,COLGATE PALMOLIVE LTD.,      3547.05,      3534.65,0.35
G,HAVELLS INDIA LIMITED,      1881.85,      1876.45,0.29
G,TVS MOTOR COMPANY  LTD,      2607.60,      2600.25,0.28
G,SAMVRDHNA MTHRSN INTL LTD,       186.13,       185.68,0.24
G,BAJAJ HOLDINGS & INVS LTD,      9607.65,      9585.50,0.23
G,SBI CARDS & PAY SER LTD,       699.90,       698.65,0.18
G,POWER FIN CORP LTD.,       504.95,       504.25,0.14
 , , , , 
L,CHOLAMANDALAM IN & FIN CO,      1349.70,      1369.15,-1.42
L,SIEMENS LTD,      7102.25,      7188.70,-1.2
L,ABB INDIA LIMITED,      7822.60,      7911.20,-1.12
L,DLF LIMITED,       857.20,       866.90,-1.12
L,ICICI LOMBARD GIC LIMITED,      2014.05,      2036.70,-1.11
L,INTERGLOBE AVIATION LTD,      4231.95,      4277.70,-1.07
L,AMBUJA CEMENTS LTD,       633.70,       640.50,-1.06
L,BOSCH LIMITED,     31605.75,     31940.60,-1.05
L,ZOMATO LIMITED,       262.17,       264.43,-0.85
L,BHARAT ELECTRONICS LTD,       302.15,       303.30,-0.38
L,AVENUE SUPERMARTS LIMITED,      5002.70,      5021.30,-0.37
L,INFO EDGE (I) LTD,      7393.45,      7417.85,-0.33
L,ZYDUS LIFESCIENCES LTD,      1184.95,      1187.55,-0.22
L,SRF LTD,      2476.15,      2481.20,-0.2
L,GODREJ CONSUMER PRODUCTS,      1403.65,      1405.05,-0.1
L,ADANI POWER LTD,       697.00,       697.40,-0.06
L,PIDILITE INDUSTRIES LTD,      3056.60,      3057.35,-0.02
 , , , , 
 ,OTHER SECURITIES, , , 
 , , , , 
G,UNICOMMERCE ESOLUTIONS L,       227.52,       189.60,20
G,STERLING TOOLS LIMITED,       516.90,       430.75,20
G,RADHIKA JEWELTECH LIMITED,        90.88,        75.74,19.99
G,S A TECH SOFTWARE INDIA L,       148.05,       123.70,19.68
G,EMAMI REALTY LIMITED,       107.50,        90.27,19.09
G,MATRIMONY.COM LIMITED,       726.60,       611.95,18.74
G,BHARAT WIRE ROPES LTD.,       271.70,       230.60,17.82
G,ESPRIT STONES LIMITED,       131.15,       111.50,17.62
G,TUNWAL E-MOTORS LIMITED,        55.25,        47.20,17.06
G,PONDY OXIDES & CHEM LTD,      1725.70,      1474.45,17.04
G,MOKSH ORNAMENTS LIMITED,        22.06,        18.93,16.53
G,CAPLIN POINT LAB LTD.,      1845.95,      1585.50,16.43
G,MALU PAPER MILLS LIMITED,        48.44,        41.84,15.77
G,GODFREY PHILLIPS INDIA LT,      5238.60,      4535.50,15.5
G,DIGIDRIVE DISTRIBUTORS L,        52.48,        45.52,15.29
G,MOREPEN LAB. LTD,        70.06,        60.85,15.14
G,ORIENTAL AROMATICS LTD,       553.75,       481.25,15.06
G,PEARL POLYMERS LTD,        40.30,        35.12,14.75
G,MAHA RASHTRA APEX COPR. L,       208.32,       181.96,14.49
G,KITEX GARMENTS LTD,       369.84,       323.82,14.21
G,PRESSTONIC ENGINEERING L,       116.70,       102.80,13.52
G,UFLEX LIMITED,       765.50,       676.70,13.12
G,BLS E-SERVICES LIMITED,       244.14,       216.54,12.75
G,HINDUSTAN COMPOSITES LTD.,       614.95,       545.60,12.71
G,GPT HEALTHCARE LIMITED,       192.12,       170.53,12.66
G,CSL FINANCE LIMITED,       461.20,       409.40,12.65
G,LIKHITHA INFRASTRUC LTD,       426.50,       379.55,12.37
G,STL GLOBAL LIMITED,        21.38,        19.03,12.35
G,IIFL FINANCE LIMITED,       454.05,       404.95,12.12
G,ORIENT CERATECH LIMITED,        53.75,        47.97,12.05
 , , , , 
L,SEC RE NCD 9.60% SR. III,       875.51,       998.00,-12.27
L,NIRMAN AGRI GENTICS LTD,        94.45,       104.75,-9.83
L,V-GUARD IND LTD.,       483.55,       524.15,-7.75
L,AVP INFRACON LIMITED,       165.55,       177.45,-6.71
L,PRUDENT CORP ADV SER LTD,      2382.25,      2549.65,-6.57
L,TOUCHWOOD ENTERTAIN LTD.,       171.01,       182.62,-6.36
L,KARNIKA INDUSTRIES LTD,       262.10,       279.80,-6.33
L,SUPRAJIT ENGINEERING LTD,       583.15,       620.50,-6.02
L,SAHANA SYSTEM LIMITED,      1382.35,      1470.10,-5.97
L,AGI INFRA LIMITED,       958.70,      1019.55,-5.97
L,V.L.INFRAPROJECTS LIMITED,       104.25,       110.45,-5.61
L,SYNERGY GREEN IND. LTD,       359.30,       378.70,-5.12
L,A AND M JUMBO BAGS LTD,        18.85,        19.85,-5.04
L,MAZAGON DOCK SHIPBUIL LTD,      4724.75,      4974.95,-5.03
L,PERFECT INFRAENGINEER LTD,        26.55,        27.95,-5.01
L,SDL CG 7.4% 2030,        95.00,       100.00,-5
L,MINDPOOL TECHNOLOGIES LTD,        78.85,        83.00,-5
L,MAX INDIA LIMITED,       285.15,       300.15,-5
L,PRATHAM EPC PROJECTS LTD,       263.40,       277.25,-5
L,NIRMAN AGRI GENTICS LTD,       417.70,       439.65,-4.99
L,SOTAC PHARMACEUTICALS LTD,       153.45,       161.50,-4.98
L,CADSYS (INDIA) LIMITED,       152.65,       160.65,-4.98
L,ONECLICK LOGISTICS IND L,        86.00,        90.50,-4.97
L,CYBER MEDIA RES & SER LTD,       127.30,       133.95,-4.96
L,ESTER INDUSTRIES LTD,       141.52,       148.87,-4.94
L,LEAD REC AND RUB PROD LTD,        54.90,        57.75,-4.94
L,2.50% GOLDBONDS2025SR-VI,      7320.00,      7699.95,-4.93
L,BHARAT RASAYAN LTD,     12434.35,     13071.30,-4.87
L,QUICKTOUCH TECHNOLOGIES L,       157.35,       165.40,-4.87
L,IREDA 8.55NCDTR I SR II A,      1104.10,      1160.00,-4.82
