SYMBOL,SYMBOL P/E,ADJUSTED P/E
ALPA,10.78,10.79
CIEINDIA,24.89,24.89
MOTILALOFS,13.26,13.26
KSCL,16.88,16.88
BAJAJELEC,89.81,89.81
RELIGARE,27.86,78.8
OIL,15.5,15.57
ZYDUSWELL,46.55,46.55
GODREJPROP,67.29,67.29
NESTLEIND,75.05,75.26
VASCONEQ,31.85,31.85
ISFT,19.03,19.03
SJVN,56.59,60.47
MANAPPURAM,7.57,7.57
IMFA,9.73,9.73
BAJAJCON,25.64,25.64
KILITCH,48.98,48.98
SASTASUNDR,8.42,8.48
WABAG,32.05,31.88
JWL,64.32,64.32
RESPONIND,43.4,43.4
JAMNAAUTO,24.75,24.75
FMNL,.62,
KICL,35.26,46.75
TEXRAIL,85.55,85.55
PFS,20.79,20.79
RELAXO,102.73,102.73
KARMAENG,120.57,158.39
SAMMAANCAP,6.1,6.1
MITCON,22.83,22.83
AGRITECH,13.35,13.35
HATSUN,90.75,90.75
GOCLCORP,30.11,27.62
CIGNITITEC,28.3,27.71
FCL,31.74,31.74
LAMBODHARA,39.45,39.45
GANECOS,75.35,75.35
HESTERBIO,120.67,120.67
MANAKCOAT,31.04,31.04
IMAGICAA,276.83,65.09
BCG,1.03,1.03
NILAINFRA,33,33
SKIPPER,46.28,46.28
ORICONENT,84.72,54.9
ADANIENSOL,,81.12
PKTEA,21.35,21.35
SHARDAMOTR,23.87,23.87
THERMAX,75.2,87.61
WHEELS,29.66,29.66
PREMIERPOL,19.91,19.91
SHREDIGCEM,17.52,17.52
SUNDRMFAST,52.19,52.19
LAXMIMACH,55.14,55.14
PEL,,124.33
LUMAXIND,44.8,44.8
TRENT,149.19,224.44
KECL,100.23,100.23
KCP,10.19,10.11
JAYBARMARU,37.1,37.1
JBCHEPHARM,51.98,51.98
IONEXCHANG,47.67,47.67
GFLLIMITED,173.4,173.4
BPCL,7.98,7.73
BHARATFORG,85.04,76.67
ATUL,71.98,71.98
ACC,19.77,22.39
LINDEINDIA,139.78,139.78
BAJAJHLDNG,74.7,74.7
ZUARIIND,1.42,
BOSCHLTD,36.99,49.65
BATAINDIA,55.4,73.26
CHAMBLFERT,15.43,15.43
CARBORUNIV,70.2,70.2
DICIND,,50.27
RAMCOCEM,54.4,54.4
TORNTPHARM,65.31,68.19
AEGISLOG,37.73,37.73
HONAUT,85.01,85.01
PRECOT,20.56,26.11
TATAELXSI,53.77,53.77
SANDESH,5.87,5.87
HCC,18.44,
ARE&M,29.76,29.76
ADANIENT,82.16,77.73
GET&D,155.06,155.06
ONGC,8.83,8.59
ZENSARTECH,27.11,27.11
KPIL,40.73,40.73
IGARASHI,123.51,123.51
SOTL,21.59,21.59
DECCANCE,34.66,23.62
ADVANIHOTR,30.59,30.59
SUBROS,40.68,40.68
UNIVCABLES,73.91,73.91
SOMANYCERA,29.49,30.56
IFCI,66.53,67.12
KABRAEXTRU,47.35,47.35
HEIDELBERG,32.09,32.09
3PLAND,39.23,39.23
HONDAPOWER,40.5,42.25
SAIL,21.59,14.56
RUBYMILLS,17.64,17.64
BRITANNIA,63,62.43
DHAMPURSUG,14.68,14.68
COSMOFIRST,30.46,30.46
GMBREW,11.24,11.24
GIPCL,15.62,15.62
HINDCOMPOS,24.39,24.39
IOC,7.77,7.77
OSWALGREEN,554.19,554.19
HUHTAMAKI,7.71,33.54
KAMATHOTEL,11.61,61.82
BANCOINDIA,17.72,17.72
APOLLOTYRE,18.94,17.97
NILKAMAL,27.28,27.28
ICIL,21.91,21.91
ELGIEQUIP,59.16,59.16
AUROPHARMA,24.92,24.46
LICHSGFIN,7.63,7.63
BEPL,19.6,19.6
WSTCSTPAPR,6.17,6.17
GHCL,11.68,11.68
PRUDMOULI,11.48,10.63
TFCILTD,17.76,17.76
NAVNETEDUL,4.44,19.11
AGI,22.16,22.16
TATACONSUM,93.53,79.82
ZEEL,40.25,30.73
FOSECOIND,47.72,47.95
ANDHRAPAP,8.35,8.35
SCHAEFFLER,69.44,69.18
AARTIIND,45.24,45.24
AMJLAND,16.87,16.87
KSB,77.29,77.29
HEG,56.77,56.77
SURYAROSNI,19.65,19.65
SAKHTISUG,4.69,
AKZOINDIA,33.67,33.67
HINDZINC,26.99,26.99
AMBUJACEM,36.09,37.95
DCM,35.44,35.44
HEUBACHIND,33.72,33.72
PVP,10.25,
NAVA,9.93,10.76
CORALFINAC,10.11,10.11
GREENPLY,41.21,45.3
DALMIASUG,12.38,12.38
EIMCOELECO,32.82,32.82
JAYAGROGN,15.8,15.8
SILINV,19.24,19.24
KEYFINSERV,6.69,6.69
STERTOOLS,25.56,25.74
HITECHGEAR,14.75,38.25
WENDT,77.36,77.36
MMFL,21.2,21.35
JAGSNPHARM,46.02,40.89
MPHASIS,35.21,35.21
RAMCOIND,25.44,25.44
KOTHARIPET,15.22,15.16
SKMEGGPROD,10.2,10.2
HUDCO,26.21,26.21
SAREGAMA,51.64,51.64
FDC,24.96,24.96
MAHAPEXLTD,.59,40.75
INDUSINDBK,11.77,11.77
SOUTHBANK,5.63,5.63
ASTRAZEN,173.1,90.87
CYIENT,29.07,27.41
SONATSOFTW,58.72,4.82
KOKUYOCMLN,40.79,40.79
RSSOFTWARE,37.01,37.01
IVC,84.5,84.5
NIPPOBATRY,2.82,2.82
ICDSLTD,27.74,27.74
BSOFT,26.08,26.08
STAR,144.15,41.92
ZYDUSLIFE,28.57,28.57
KTKBANK,6.08,6.08
BLBLIMITED,10.75,10.75
AJANTPHARM,43.82,43.82
TVSMOTOR,65.97,65.97
TAJGVK,26.21,26.21
CHENNPETRO,5.84,5.84
GAEL,16.87,16.87
USHAMART,24.08,24.08
TIPSINDLTD,66.23,66.23
GODREJCP,,73.24
LUPIN,41.58,41.58
PONNIERODE,10.69,10.69
APTECHT,47.79,43.21
GODREJIND,28.19,28.19
DIVISLAB,73.49,73.49
MARUTI,26.6,26.6
NSIL,32.31,32.31
JAIBALAJI,17.72,17.72
MUKANDLTD,22.42,22.42
VAIBHAVGBL,40.62,38.84
POONAWALLA,16.16,23.09
RKFORGE,49.03,48.97
DATAMATICS,18.05,17.8
CCL,35,35
CENTEXT,25.52,25.9
GUFICBIO,40.14,40.14
SUPRAJIT,49.87,49.87
PATELENG,15.62,20.42
JSWSTEEL,29.38,31.34
JINDALPHOT,59.13,59.13
JPPOWER,10.27,7.4
GOKEX,51.22,51.22
IIFL,9.34,9.34
63MOONS,9.38,9.38
GENUSPOWER,93.14,93.14
YESBANK,52.29,52.29
NECLIFE,109.26,109.26
RML,76.5,14.98
AIAENG,38.26,38.28
ORIENTCER,32.42,35.83
EKC,18.3,17.96
NITINSPIN,16.21,16.21
ENIL,32.01,32.01
JAGRAN,12.13,12.13
SAKUMA,34.62,34.62
INDOTECH,40.24,40.24
CENTURYPLY,58.68,57.36
KEI,63.62,63.6
SUNTV,17.21,17.21
RSYSTEMS,38.65,38.65
KAMDHENU,25.22,25.22
RATNAMANI,41.26,41.26
EMAMILTD,48.41,48.09
TECHM,60.68,60.76
VOLTAMP,59.99,59.99
SELAN,30.51,30.51
ANANTRAJ,65.53,65.53
HOVS,30.01,30.01
TALBROAUTO,22.01,31.32
INSPIRISYS,39.7,39.7
LTFOODS,20.12,20.12
PARACABLES,25.08,25.08
TIDEWATER,31.39,31.39
AUTOIND,26.03,26.66
IZMO,20.63,20.63
PGIL,24.27,24.84
PFC,7.77,7.77
SMSPHARMA,43.65,43.65
AMDIND,112.7,112.7
BALAMINES,33.51,33.51
AROGRANITE,55.35,55.35
NDLVENTURE,253.72,253.72
WEBELSOLAR,,318.57
V2RETAIL,87.06,87.06
MEGASOFT,104.92,104.92
ADSL,24.71,24.71
KPRMILL,36.38,36.38
NAGREEKCAP,1.02,1.02
MAGNUM,40.07,140.33
MANGCHEFER,10.6,10.6
DELTACORP,16.99,21.25
EDELWEISS,15.01,15.01
RGL,11.89,11.89
JYOTHYLAB,54.48,54.48
KALYANIFRG,48.61,48.61
HITECHCORP,21.5,22.22
TRIL,128.91,128.91
DVL,27.93,27.93
BIRLAMONEY,14.94,14.94
SEPC,110.89,110.89
NAHARCAP,13.73,13.73
TITAGARH,64.45,64.09
BAJAJ-AUTO,35.67,35.67
DIGISPICE,15.37,41.15
RPGLIFE,37.49,37.49
RBL,17.1,16.75
RANEENGINE,25.05,20.35
ARCHIDPLY,121.7,121.7
LOTUSEYE,69.82,70.58
UBL,116.29,116.29
ZFCVINDIA,73.29,73.29
JOCIL,77.15,77.15
TATAMTRDVR,1.14,1.13
COUNCODOS,33.59,33.59
TPHQ,24.16,24.16
VINATIORGA,61.44,61.44
EXCEL,56.89,56.89
NHPC,23.43,23.43
EXPLEOSOL,20.96,20.96
AMRUTANJAN,50.96,50.96
DEN,11.09,11.09
DBCORP,12.91,12.91
JUBLFOOD,112.43,194.12
KIRLOSIND,17.44,15.6
IITL,7.03,9.6
GPPL,29.75,27.68
WELINV,116.92,116.92
CAREERP,14.98,14.98
RAMKY,16.34,16.34
CANTABIL,36.09,36.8
BEDMUTHA,27.36,27.36
SHAH,9.1,157.23
GRAVITA,59.37,59.37
JINDWORLD,87,87
RPPINFRA,11.57,11.57
SUMMITSEC,29.54,25.95
HINDMOTORS,17.88,17.88
MUTHOOTFIN,15.94,15.94
OMINFRAL,40.7,40.7
VSTTILLERS,29.21,29.21
DELPHIFX,16.1,16.1
DHANUKA,31.96,31.96
LTF,16.57,16.57
BODALCHEM,312.7,312.7
TDPOWERSYS,51.86,51.86
ONELIFECAP,13.2,13.2
SHAKTIPUMP,38.21,38.21
JISLDVREQS,1.09,1.09
RUPA,31.66,30.55
VIKASECO,42.87,42.87
KANANIIND,106.97,106.97
DBSTOCKBRO,18.48,18.48
IRFC,36.23,36.23
RHIM,,45.34
NDL,13.63,13.63
TBZ,19.2,19.2
SPECIALITY,26.94,26.94
RTNINDIA,10.05,9.62
THEJO,56.12,56.12
ROSSELLIND,157.05,155.64
TVSHLTD,13.73,13.73
ZUARI,5.72,5.72
VETO,17.11,17.11
INDUSTOWER,16.78,16.78
JUSTDIAL,25.79,25.79
ATULAUTO,103.6,103.6
ESSENTIA,29.14,29.15
ORBTEXP,16.94,16.94
SREEL,27.56,27.56
NATHBIOGEN,9.89,10.62
CASTROLIND,28.21,28.21
WONDERLA,33.09,33.09
PDSL,35.25,35.95
APOLSINHOT,42.24,42.24
GRPLTD,92.49,85.65
GENUSPAPER,87.46,87.46
GREENLAM,59.01,59.01
LINC,25.33,25.33
MENONBE,9.78,9.78
MANAKSTEEL,17.3,17.66
ZENTEC,89.14,90.2
LFIC,5.6,5.6
PRIVISCL,45.82,45.82
TPLPLASTEH,41.18,41.18
ALANKIT,27.44,27.44
BALKRISHNA,,16.27
SYNGENE,67.94,70.37
EMKAYTOOLS,13.83,13.83
RAMASTEEL,54.23,54.23
IDFCFIRSTB,18.86,18.86
PERFECT,59.55,59.55
LUXIND,47.5,47.5
WEALTH,28.94,28.94
THYROCARE,61.37,61.25
SAGARDEEP,56.11,56.11
PARAGMILK,24.26,24.26
UNITEDPOLY,29.45,29.45
ARMANFIN,10.75,10.75
BLS,41.16,41.16
ASPINWALL,17.55,17.55
PREMEXPLN,112.13,112.13
INCREDIBLE,35.52,35.52
POKARNA,27.48,27.48
LLOYDSENGG,99.39,99.39
LTIM,36.08,36.08
GATECH,83.63,83.63
MINDTECK,36.11,34.21
DBL,22.48,50.63
SPAL,23.73,23.73
MBAPL,65.98,65.98
CUPID,31.56,31.56
LTTS,42.13,42.13
ICICIPRULI,261.09,261.09
HPL,73.91,73.91
JAIPURKURT,21.43,21.43
SAKAR,61.04,61.04
PANSARI,40.97,40.97
ARTNIRMAN,123.44,123.44
GICL,69.72,69.72
MAZDA,18.76,18.76
PNBHOUSING,13.44,13.44
JETFREIGHT,15.21,16.8
TCIEXP,32.98,32.98
LIBAS,4.94,4.94
SPCENET,126.48,126.48
CAPTRUST,89.38,89.38
MAHESHWARI,15.22,15.22
MCL,29.67,29.67
JITFINFRA,22.39,25.78
KRISHANA,35.01,35.01
NITIRAJ,27.81,27.81
SANGINITA,57.5,57.5
RADIOCITY,61.51,61.51
AIRAN,15.37,15.37
EIFFL,190.3,190.3
NRAIL,8.08,8.08
CREATIVE,18.51,18.51
FOCUS,15.43,15.43
SIKKO,35.03,35.03
PANACHE,,39.98
INFOBEAN,37.68,37.68
JALAN,,28.97
VSCL,1278.28,1278.28
ERIS,41.9,41.9
SALASAR,54.87,54.87
THEINVEST,35.8,35.8
TOTAL,846.28,846.28
OPTIEMUS,73.38,73.38
SIS,43.4,43.4
VAISHALI,216.72,216.72
GEEKAYWIRE,12.6,12.6
SERVOTECH,238.7,238.7
APEX,56.18,56.18
PASHUPATI,181.86,181.86
CADSYS,8.69,8.86
DPWIRES,19.34,19.34
DIAMONDYD,43.45,43.45
TIRUPATI,53.82,53.82
GOLDSTAR,59.82,59.82
JASH,40.68,40.68
BETA,36.38,36.38
OMFURN,19,19
MILTON,20.39,20.39
MASFIN,18.87,18.87
DPABHUSHAN,40.8,40.8
NAM-INDIA,36.13,36.13
SECURCRED,5,5
KHADIM,125.16,125.16
VERTOZ,136.79,136.79
ZODIAC,88.58,88.58
ICEMAKE,46.06,46.06
ONEPOINT,35.24,35.24
AJOONI,51.65,51.65
BCONCEPTS,70.21,70.21
APOLLO,88.25,88.25
SOLEX,162.04,162.04
GALAXYSURF,32.41,32.41
MHHL,10.12,10.12
SOUTHWEST,31.02,32.58
ARVEE,163.19,163.19
BANKA,68.6,68.63
GMMPFAUDLR,37.63,37.63
HGINFRA,18.2,18.59
HINDCON,48.98,48.98
SARVESHWAR,49.51,49.51
MACPOWER,52.85,52.85
URAVI,297.42,297.42
MITTAL,21.29,39.71
GIRIRAJ,85.54,85.54
AVG,18.57,29.13
VERA,23.9,23.9
MMP,33.56,33.56
NARMADA,14.68,14.68
CHEMFAB,71.72,71.72
BSHSL,87.88,87.88
MAHICKRA,80.9,80.9
AAKASH,20.43,20.43
GODHA,58.94,58.94
SOFTTECH,134.61,134.61
E2E,119.27,119.27
SIRCA,36.59,36.59
SVLL,77.9,77.9
SONAMLTD,32.76,32.76
ADANIGREEN,252.87,209.44
PRITI,20.56,20.56
ACCURACY,23.96,23.96
GAYAHWS,,80.23
VARROC,16.55,16.55
GANGAFORGE,149.42,152.26
REPL,22.02,22.02
HBSL,3,3
AVROIND,32.21,32.21
TEMBO,15.4,15.68
AARON,43.13,43.13
SIGIND,16.51,16.51
SUMIT,43.38,43.38
LAGNAM,16.12,16.12
RPPL,29.49,29.49
AKG,59.81,59.81
IRCON,27.67,27.67
RAJMET,34.64,34.64
KSHITIJPOL,19.9,51.32
GRSE,61.25,61.25
SILGO,19.32,19.32
BBTCL,32.51,32.51
MARINE,120.32,120.85
UWCSL,47.62,47.62
ATGL,138.1,138.1
SHUBHLAXMI,22.28,22.28
UNIPARTS,19.1,19.1
SHRIRAMPPS,4.45,4.45
AWHCL,21.38,21.38
DALBHARAT,38.4,34.33
MSTCLTD,25.9,25.9
MINDPOOL,180.09,180.09
ARVINDFASN,52.29,50.43
PAR,20.07,20.07
KHFM,120.15,120.15
POLYCAB,55.72,55.72
KPITTECH,74.34,74.34
VIKASLIFE,,97.06
CONFIPET,31.14,31.14
DGCONTENT,36.94,36.94
ABINFRA,85.67,86.9
OAL,61.98,61.98
SATIA,6.64,6.64
WEL,172.96,172.96
AFFLE,68.63,68.63
SPANDANA,9.59,9.59
HNDFDS,67.98,67.98
UJJIVANSFB,6.45,6.45
IRCTC,62.35,62.19
360ONE,44.98,41.93
IIFLSEC,10.51,10.51
FLUOROCHEM,110.14,110.14
GREENPANEL,35.74,35.74
CHEMBOND,18.81,18.81
MGEL,18.94,18.94
SBICARD,27.58,27.58
HOMEFIRST,27.62,27.62
CSBBANK,10.1,10.1
EASEMYTRIP,62.24,38.75
ROSSARI,37.01,37.01
PRINCEPIPE,35.31,38.26
ESAFSFB,5.29,5.29
ARTEMISMED,60.11,60.11
SUMICHEM,61.81,61.81
LGHL,61.52,65.4
ASALCBR,25.13,25.13
MAHEPC,,2177.72
BAFNAPH,719.04,317.83
SUVENPHAR,106.27,106.27
STOVEKRAFT,70.75,70.75
KSOLVES,33.94,33.94
HAPPSTMNDS,48.39,50.47
GLAND,44.38,44.38
BOROLTD,65.18,65.18
MAXHEALTH,81.64,81.64
PAVNAIND,51.15,51.15
KALYANKJIL,93.69,93.69
BTML,127.92,127.85
SHAREINDIA,13.26,13.24
SIGACHI,33.16,33.16
ANGELONE,16.26,16.26
NIRAJ,16.81,11.29
CAMS,55.02,55.02
SURYODAY,8.33,8.33
UTIAMC,15.75,15.75
BECTORFOOD,60.99,60.99
ORCHPHARMA,63.34,63.34
INDIGOPNTS,47.48,47.48
LXCHEM,64.36,64.36
MTARTECH,131.11,131.11
FAIRCHEMOR,36.59,36.59
ANURAS,69.37,69.37
ISGEC,40.86,40.86
STYLAMIND,25.1,24.94
CLSEL,11.86,11.86
PARTYCRUS,20.31,20.31
CARYSIL,37.08,37.08
SHAILY,74.28,74.28
MODISONLTD,28.46,28.08
FIBERWEB,15.36,15.36
BCLIND,17.65,17.65
BHAGCHEM,202.07,202.07
SBCL,44.09,44.09
SMCGLOBAL,7.23,7.23
NPST,580.22,580.22
ARIHANTCAP,10.43,10.43
NAZARA,77.7,77.02
IPL,37.54,37.54
GENCON,22.25,22.25
LODHA,69.25,65.83
HLEGLAS,72.95,67.62
SONACOMS,73.56,72.97
UTKARSHBNK,10.03,10.03
PARAS,122.98,122.98
CRAFTSMAN,41.11,41.11
DODLA,36.3,36.3
JUBLINGREA,58.94,58.94
ROLEXRINGS,34.89,31.66
WALPAR,46.69,46.69
SHYAMMETL,17.98,17.98
KIMS,53.67,53.67
TATVA,86.53,86.53
CLEAN,66.77,66.77
AILIMITED,81.57,81.57
GLS,26.75,26.75
ABSLAMC,24.56,24.56
DEEPINDS,15.06,15.12
ZOMATO,387.88,387.88
PIXTRANS,22.28,22.28
WINDLAS,29.47,29.47
CARTRADE,51.33,51.33
KRSNAA,35.35,35.35
EQUIPPP,2679.3,2679.3
DEVYANI,1429.31,252.88
APTUS,23.54,23.54
SUPRIYA,30.34,30.34
ANMOL,11.15,11.15
ABCOTS,50.08,50.08
VIJAYA,67.43,66.63
AMIORG,125.02,55.01
IWEL,1001.94,492.94
VINEETLAB,373.29,373.29
SANSERA,41.24,41.24
BAJAJHCARE,,35.92
PRITIKAUTO,26.86,26.86
AAREYDRUGS,34.16,34.16
GRINFRA,13.27,16.52
INTLCONV,6.75,6.75
STEELCAS,19.13,19.13
HPAL,40.62,40.93
STARHEALTH,38.8,38.8
KPIGREEN,62.06,61.62
SGIL,44.5,44.5
SJS,32.05,32.05
FINOPB,32.48,32.48
NYKAA,1075.38,1075.38
AWL,87.12,80.74
SAPPHIRE,282.56,282.56
DKEGL,11.65,11.65
QUADPRO,43.69,43.69
PRUDENT,68.16,68.16
NUVOCO,87.41,87.41
GOCOLORS,71.33,71.33
TRACXN,137.36,137.36
FUSION,8.24,8.24
COASTCORP,84.8,84.8
MEDPLUS,124.61,124.61
RATEGAIN,52.6,52.6
LATENTVIEW,61.91,61.91
METROBRAND,87.77,87.77
PASUPTAC,19.07,19.07
PARADEEP,30.91,30.91
MAPMYINDIA,86.61,86.61
TMB,6.5,6.5
DYNAMIC,75.38,75.38
MANYAVAR,70.8,70.8
GVPTECH,71.37,71.37
DMCC,71.9,71.9
KOTYARK,41.48,41.48
FOCE,46.12,46.12
EMIL,46.43,46.43
SHIVALIK,53.77,53.77
PRECISION,17.24,17.24
DATAPATTNS,86.67,86.67
JSLL,47.76,47.76
COOLCAPS,99.41,99.36
MEDANTA,62.68,62.68
MALLCOM,23.56,23.56
SMLT,22.59,22.59
RADIANTCMS,21.65,21.65
EUROBOND,57.92,57.92
HARIOMPIPE,37.48,37.48
DCMSRIND,14.47,14.47
RAJRILTD,4512.81,4512.81
DYCL,33.87,33.87
FIVESTAR,23,23
VIRINCHI,31.72,31.72
SBC,73.08,73.08
ELDEHSG,26.76,26.76
RICHA,29.53,29.53
TIMESCAN,12.27,12.27
MADHAVBAUG,63.92,63.92
SEJALLTD,87.78,87.78
RELCHEMQ,109.37,109.37
SYRMA,62.77,62.27
ZIMLAB,29.33,29.33
CAMPUS,102.04,102.04
VENUSPIPES,43.01,43.01
AETHER,144.86,75.84
MEGASTAR,75.14,75.14
LANDMARK,42.45,41.9
RACE,645.61,645.61
DREAMFOLKS,32.27,32.27
LEMERITE,267.68,267.68
DHARMAJ,29.2,29.2
OBCL,45.58,45.58
LICI,15.99,15.99
INDOAMIN,22.9,22.9
KRISHNADEF,86.45,86.45
SWARAJ,30.61,30.61
INOXGREEN,203.37,203.37
ACI,34.2,34.2
RITCO,22.67,22.67
SADHNANIQ,373.84,373.84
VEEKAYEM,28.81,28.81
SKP,61.45,61.45
RILINFRA,27.76,27.76
CHEVIOT,10.62,10.62
MWL,27.24,27.24
MEDICO,36.29,36.29
CMRSL,14.58,11.94
KFINTECH,63.19,63.19
DCXINDIA,51.87,51.87
AKSHAR,18.64,18.64
ARISTO,16.98,16.98
KAYNES,155.03,155.03
SWASTIK,141.07,141.07
FIDEL,25.44,25.44
AXITA,34.86,34.86
PLAZACABLE,111.64,111.64
SENCO,42.32,42.32
USASEEDS,25.14,25.14
TRU,49.07,49.07
RADHIKAJWE,18.32,18.32
SPLPETRO,40.47,40.47
RAMRAT,32.3,32.3
CSLFINANCE,13.6,13.6
AGNI,233.65,233.65
GOYALALUM,60.83,60.83
RUSTOMJEE,148.26,148.26
GENSOL,61.41,61.32
DBOL,25.44,25.44
KANDARP,36.25,36.25
GSLSU,43.97,43.97
SPORTKING,19.38,19.38
ALLETEC,70.94,70.94
MANORAMA,115.32,115.32
ARABIAN,26.5,26.5
GRMOVER,24.1,24.1
SYNCOMF,51.1,51.07
CLOUD,3.43,3.43
DJML,56.1,56.1
SULA,42.9,42.9
SIGNATURE,393.72,393.72
ANNAPURNA,53.83,53.83
KRITINUT,16.94,16.94
MEGAFLEX,44.21,44.21
KALAMANDIR,27.04,27.04
AVALON,172.93,172.93
RITEZONE,16.31,16.31
CONCORDBIO,54.36,54.36
BAIDFIN,17.18,17.18
PHANTOMFX,21.09,21.09
IPSL,22.83,22.83
KAMOPAINTS,85.22,85.22
DOLLEX,9.12,9.12
BLUEJET,50.76,48.62
MVGJL,13.52,13.52
JIWANRAM,20.4,20.4
SCPL,20.95,20.95
SUKHJITS,14.36,14.36
FROG,34.65,34.65
MANKIND,46.64,46.64
SKYGOLD,62.24,62.24
ARIHANTACA,63.95,63.95
SATINDLTD,5.49,5.49
DIVGIITTS,55.81,55.81
PRITIKA,64.26,64.26
USK,13.3,13.3
ANLON,65.77,65.77
VERTEXPLUS,123.1,123.1
SRIVASAVI,28.57,28.57
IKIO,37.69,37.69
MANOMAY,34.73,34.73
FAZE3Q,29.14,29.14
RBMINFRA,61.57,61.57
LLOYDSME,27.69,27.69
AARTIPHARM,23.56,23.56
RHL,52.22,52.22
SAHYADRI,16.12,16.12
NINSYS,48.02,48.02
DUCOL,39.97,39.97
HOMESFY,65.5,54.87
SBFC,33.58,33.58
SBGLP,91.52,91.52
ASMS,266.41,256.6
HYBRIDFIN,12.59,12.36
LRRPL,114.59,114.59
ZAGGLE,78.27,78.27
MCON,53.85,53.85
HONASA,119.45,119.45
RISHABH,41.05,41.05
IRMENERGY,20.35,20.35
SAH,318.52,318.52
QFIL,20.78,20.78
CYIENTDLM,93.69,93.69
AKI,130.59,130.59
MASTER,55.32,55.32
YCCL,35.89,35.89
RATNAVEER,24.3,24.3
MOS,39.61,39.61
SECMARK,203.68,203.68
AUROIMPEX,14.32,14.32
SPECTSTM,21.32,21.32
ATAM,33.04,33.04
IDEAFORGE,108.42,108.42
CRAYONS,17.9,17.9
LAL,39.52,39.52
URBAN,31.18,31.18
AARTECH,112.09,112.09
POCL,45.65,45.65
ESFL,31.26,31.26
AATMAJ,65.94,65.94
DOLPHIN,205.26,214.6
REMUS,47.8,47.8
ASHOKAMET,8.24,8.24
GREENCHEF,36.32,36.32
PTCIL,566.8,566.8
PYRAMID,21.97,21.97
EMSLIMITED,28.7,28.7
EFACTOR,17.13,17.13
GHCLTEXTIL,30.43,30.43
MONOPHARMA,26.95,26.95
UDS,26.95,26.95
KIRLPNU,61.49,58.97
RRKABEL,64.23,64.3
COMMITTED,14.79,14.79
SANGANI,21.14,21.14
JLHL,53.2,53.52
SAHAJ,26.64,26.64
NUVAMA,30.34,30.34
KEL,47.76,47.76
NIITMTS,28.78,28.09
ZEAL,21.17,21.17
SAROJA,21.74,21.74
SINDHUTRAD,28.92,28.92
ORIANA,75.09,75.09
CHAVDA,20.54,20.54
ONDOOR,47.26,46.83
TRANSTEEL,12.21,12.05
SANDUMA,22.93,22.93
PLADAINFO,9.37,9.37
KARNIKA,34.33,34.33
SCML,20.87,20.87
MUFIN,114.2,110.89
CELLECOR,42.8,42.8
SRGHFL,22.45,22.45
MADHUSUDAN,26.23,26.23
NEWJAISA,66.48,66.48
GOYALSALT,33.52,33.52
WOMANCART,43.67,43.67
HOLMARC,33.38,33.38
DIAMINESQ,74.09,74.09
CELLO,53.48,53.48
CANARYS,49.98,49.98
MAITREYA,27.42,27.42
DIGIKORE,86.51,86.51
SARTELE,60.01,60.01
VINYAS,198.49,198.49
PARAGON,19.13,19.13
DEEPAKFERT,22.09,22.09
VINDHYATEL,30.3,30.3
ASIANPAINT,58.12,58.12
PGHL,40.12,40.12
BEML,54.28,54.28
TATACHEM,,32.92
VTL,20.57,20.57
EPL,36.56,34.65
SRF,59.86,59.86
BBOX,58.03,45.27
RANEHOLDIN,23.2,11.97
SUNPHARMA,39.8,39.22
APOLLOHOSP,91.26,91.37
NEULANDLAB,44.53,46.73
BERGEPAINT,56.87,57.07
MUNJALSHOW,21.69,20.36
HSCL,51.29,51.29
RANASUG,24.54,24.54
ARENTERP,16.31,16.31
WSI,20.16,19.35
SIMPLEXINF,11.6,11.6
WIPRO,23.92,23.92
JUBLPHARMA,23.38,53.27
MURUDCERA,57.09,57.09
HLVLTD,54.04,54.04
LIBERTSHOE,69.01,53.93
KAJARIACER,52.52,52.49
MODTHREAD,11.17,11.17
PCBL,30.56,30.56
OSWALAGRO,251.24,249.86
JINDALSAW,11.43,11.43
STYRENIX,22.2,22.2
IDBI,16.18,16.18
CANFINHOME,14.49,14.49
DABUR,59.18,59.18
FMGOETZE,18.07,18.07
3MINDIA,65.75,65.75
PRAKASH,9.52,9.52
KOPRAN,22.35,22.35
TATAINVEST,103.96,103.96
TIMKEN,69.17,69.17
SHREECEM,42.29,42.29
GSFC,16.7,16.76
FINPIPE,21.44,35.58
BEL,52.84,52.84
TNPL,15.6,15.6
GARFIBRES,34.68,34.68
CUBEXTUB,38.55,38.55
MOTHERSON,39.99,38.93
AARTIDRUGS,29.11,29.11
INDIANCARD,2.32,
DENORA,38.63,38.63
SHRIRAMFIN,14.63,14.63
MIRZAINT,58.43,58.43
GANESHHOUC,17.65,17.65
SKIL,.18,8.91
GAIL,16.05,16.05
PNC,31.29,31.29
AXISCADES,48.17,48.17
MRO-TEK,26.66,26.66
ACLGATI,203.67,
SMARTLINK,33.06,33.06
JISLJALEQS,69.09,69.09
UNITDSPR,72.19,72.37
PNB,11.49,11.49
TIMESGTY,63.41,63.41
UNIONBANK,6.38,6.38
RADAAN,11.62,11.62
VARDHACRLC,22.87,22.87
JSL,22.2,22.88
WELSPUNLIV,24.53,24.53
IGL,23.83,23.83
TVTODAY,16.07,15.55
SIL,143.79,143.79
PETRONET,14.34,14.45
XPROINDIA,53.59,51.58
AMBICAAGAR,13.82,13.82
NIITLTD,33.05,33.05
COFORGE,50.71,51.29
GULFPETRO,11.6,11.6
ASTRAMICRO,68.87,68.87
EVEREADY,73.71,73.71
SAKSOFT,31.07,31.07
MANGALAM,26.2,26.2
SSWL,5.23,15.36
JSWHL,60.9,60.9
MSPL,56.72,56.74
GOLDIAM,26.01,26.01
SASKEN,33.32,33.32
IMPAL,20.35,20.35
BINANIIND,30.34,
NAUKRI,115.79,109.07
HBLPOWER,60.82,56.96
LUMAXTECH,19.84,19.84
GANDHITUBE,18.66,18.66
UNOMINDA,86.97,89.09
CTE,265.28,265.28
TIIL,31.1,30.33
REDINGTON,13.2,13.2
FSL,40.93,40.93
INDIANB,8.4,8.4
PAGEIND,79.28,79.28
ASTRAL,92.98,92.98
ICRA,37.86,37.86
PHOENIXLTD,44.68,44.66
FORTIS,58.76,59.75
HILTON,30.76,30.76
NAGREEKEXP,20.27,20.27
JPOLYINVST,27.28,27.28
JTEKTINDIA,42.56,42.56
JYOTISTRUC,71.23,71.23
KARURVYSYA,10.24,10.24
KELLTONTEC,21.84,21.84
KHAITANLTD,16.42,16.42
KIRLOSBROS,45.8,45.95
KOTHARIPRO,39.51,39.51
LALPATHLAB,71.29,71.29
LAURUSLABS,152.33,152.33
LGBBROSLTD,14.27,14.93
LOKESHMACH,47.7,47.7
MADRASFERT,22.3,13.72
MAHSCOOTER,50.76,52.43
MAHSEAMLES,9.05,9.02
MAITHANALL,4.05,4.05
MANAKALUCO,39.6,39.6
MANALIPETC,55.1,50.42
MONTECARLO,22.54,22.54
MOREPENLAB,28.22,28.22
MOTOGENFIN,94.7,94.7
MUTHOOTCAP,4.21,
NAHARINDUS,40.62,36.19
NATCOPHARM,16,16
NATIONALUM,13.12,15.22
NAVINFLUOR,63.34,77.08
NRBBEARING,12.19,33.08
OBEROIRLTY,29.46,29.46
ORIENTELEC,82.36,104.35
ORISSAMINE,1592.28,1592.28
PDMJEPAPER,9.41,9.41
PERSISTENT,64.14,64.14
PIDILITIND,84.1,81.88
PILANIINVS,35.05,35.05
PIONEEREMB,47.34,47.34
PLASTIBLEN,19.77,19.77
PODDARMENT,14.02,14.02
PRSMJOHNSN,73.3,
PUNJABCHEM,33.03,33.03
LT,30.87,31.01
NH,29.97,29.97
TI,28.56,28.02
ABB,104.16,104.16
ACE,43.66,43.66
BBL,41.95,41.95
BDL,83.62,83.62
BIL,44.18,44.18
BPL,44.5,44.5
BSE,69.8,69.8
BSL,19.53,19.53
CUB,11.58,11.58
DCW,184.87,171.73
DLF,126.4,126.4
GNA,18.42,18.42
GSS,31.22,31.22
GTL,1,4.81
HAL,38.83,38.83
HGS,58.56,58.56
IOB,40.95,40.95
IRB,40.95,40.95
ITC,30.34,30.33
IVP,12.95,12.95
JMA,9.18,9.18
KEC,53.59,53.59
KSL,18.83,18.83
M&M,32.27,32.27
MGL,15.01,15.01
MRF,27.97,27.97
NCC,25.1,24.45
NFL,38.84,38.84
PSB,63.17,63.17
PTC,11.24,11
PTL,22.31,22.31
RCF,62.18,68.55
SCI,16.81,16.81
SFL,49.7,70.72
SHK,295.28,18.6
TCI,28.11,27.9
TCS,33.93,33.42
TRF,14.12,14.12
TTL,22.66,63.01
UFO,76.74,63.74
VBL,74.85,74.85
VHL,332.15,39.29
ASAL,65.04,65.04
ATFL,346.91,713.46
TTKHLTCARE,28.58,35.44
ALKEM,32.76,31.31
HITECH,49.81,49.81
KDDL,30.87,30.94
HCG,96.76,102.46
INFIBEAM,43.9,43.9
CROMPTON,60.01,60.01
STEELCITY,10.53,10.53
GLOBAL,11.59,11.59
AKASH,36.37,36.37
DMART,123.28,123.28
ARIHANTSUP,22.81,22.81
SHANKARA,17.56,17.56
WIPL,61.04,61.04
DEVIT,24.46,24.46
DOLLAR,29.72,29.53
SCHAND,16.06,16.06
PSPPROJECT,22.25,22.25
GTPL,19.37,19.37
ACEINTEG,49.59,49.59
STEELXIND,77.4,77.4
MAGADSUGAR,9.3,9.3
WEWIN,29.22,29.22
COCHINSHIP,67.33,67.33
ABCAPITAL,17.4,17.4
CHOLAHLDNG,7.11,7.11
WORTH,12.85,12.85
AARVI,19.33,19.33
AIROLAM,26.29,26.29
IEX,48.45,48.45
GICRE,9.48,9.48
IFGLEXPOR,27.76,27.76
SILVERTUC,53.85,53.85
SHRADHA,11.7,11.7
TOUCHWOOD,58.58,58.6
MOKSH,14.59,14.59
SILLYMONKS,84.5,84.5
AMBER,79.65,79.65
SINTERCOM,292.96,292.96
AHLADA,9.38,9.38
AAVAS,26.23,26.23
KRITIKA,45.55,45.55
VINNY,63.09,63.09
IRISDOREME,44.33,44.33
TECHNOE,64.62,64.62
TREJHARA,20.17,164.59
RPSGVENT,25.16,25.16
ANUP,34.69,34.69
RVNL,87.7,87.7
METROPOLIS,77.16,77.16
NEOGEN,112.74,112.74
EMAMIPAP,8.03,8.03
PPL,14.13,14.13
INDIAMART,40.62,40.62
CHEMCON,50,50
WESTLIFE,287.4,287.4
MAZDOCK,45.85,45.85
SAFARI,68.72,68.72
HPIL,135.71,135.71
VISHWARAJ,60.92,60.92
KUANTUM,8.33,8.33
APOLLOPIPE,52.22,52.22
ROUTE,25.43,26.4
SIGMA,24.05,24.05
EQUITASBNK,14.8,14.8
HINDWAREAP,76.85,76.85
LIKHITHA,22.56,22.56
PATANJALI,70.28,70.28
ATALREAL,26.78,26.78
UNIVPHOTO,14.31,14.31
POWERINDIA,291.82,291.82
RAJRATAN,39.51,39.51
AARTISURF,29.26,29.26
NDRAUTO,37.76,37.76
AAATECH,44.15,44.15
UNIDT,39.96,39.96
ADL,197.6,197.6
ROML,121.36,121.36
RAILTEL,59.49,58.71
NURECA,456.18,456.18
HERANBA,32.33,32.33
UGROCAP,18.21,18.21
YUKEN,72.35,72.35
ANANDRATHI,60.77,60.77
POLICYBZR,557.81,745.07
MONARCH,16.61,16.6
EPIGRAL,30.49,30.49
CMSINFO,25.55,25.55
TARSONS,60.75,60.75
TEGA,54.66,54.66
MANORG,71.72,71.72
MICEL,30.7,34.25
FOODSIN,26.02,26.02
ABMINTLLTD,110.15,110.15
KRITI,40.75,40.75
GANESHBE,18.08,18.08
MEDICAMEQ,78,78
UMAEXPORTS,18.49,18.15
AHL,31.92,31.92
ASIANENE,43.4,40.92
NRL,53.85,53.85
CHOICEIN,55.31,55.31
GRWRHITECH,30.27,30.27
EMUDHRA,84.57,84.57
STARTECK,16.81,16.81
DHRUV,33.63,33.63
ELIN,64.25,64.25
MHLXMIRU,15.29,15.29
GATEWAY,20.92,20.92
JTLIND,34.52,34.52
RAINBOW,56.13,56.13
ROTO,47.48,47.48
INDOBORAX,14.5,14.5
ETHOSLTD,132.87,132.87
MSUMI,46.92,46.92
HARSHA,39.73,39.73
GMRP&UI,4.65,
TVSSCS,9164.04,231.51
BIKAJI,75.83,75.83
HARDWYN,93.27,93.27
HMAAGRO,43.48,43.48
YATHARTH,31.37,31.37
NGLFINE,34.86,34.86
REDTAPE,56.11,56.11
NETWEB,150.95,150.95
AEROFLEX,47.46,47.33
VPRPL,24.59,24.59
ATL,28.02,28.02
JSWINFRA,58.02,58.02
YASHO,52.01,52.01
JIOFIN,179.45,179.45
TREL,4.78,38.75
AMNPLST,55.57,55.57
BASF,42.59,43.24
BBTC,8.04,7.76
BVCL,20.04,20.04
CDSL,60.77,60.77
CERA,56.61,56.32
CESC,15.26,18.53
CGCL,43.12,43.12
DSSL,31.15,31.15
FACT,2334.9,284.43
GLFL,221.01,221.01
GNFC,18.56,18.56
GPIL,13.45,13.44
CPS,76.78,76.78
KCK,159.51,159.51
MAL,8.73,8.73
MDL,59.8,55.89
SEL,150.6,150.6
AGUL,17.71,17.71
AISL,27.33,27.33
CMNL,14.61,14.4
GRCL,146.77,146.77
GSTL,66.19,66.19
KORE,181.19,177.25
MAKS,124.8,63.41
PROV,81.04,81.04
PULZ,14.72,14.72
SECL,1497.76,1497.76
SPRL,29.38,29.38
SSFL,79.67,79.67
VIAZ,29.22,29.22
ACSAL,15.1,15.1
AMEYA,29.39,29.39
ARHAM,48.58,48.58
CONTI,447.49,446.69
DRONE,93,93
FELIX,72.2,72.2
ISHAN,,228.01
MARCO,35.41,35.41
NIDAN,,22.22
SABAR,14.31,14.31
SOTAC,49.86,48.68
AURDIS,12.27,12.27
BAHETI,43.43,43.43
BEWLTD,34.1,34.1
CMMIPL,16.3,16.3
KNAGRI,28.55,28.55
KONTOR,93.24,93.24
MAGSON,25.77,25.77
NIRMAN,55.98,55.98
RMDRIP,88.21,88.21
SAHANA,88.41,88.41
SURANI,551.94,551.94
VINSYS,22.93,22.93
AMIABLE,10.75,10.75
BASILIC,49.36,49.36
DENEERS,17.73,17.73
DESTINY,23.12,23.12
HIGREEN,45.64,45.64
INSPIRE,17.57,17.57
JFLLIFE,17.18,17.18
KRISHCA,30.38,30.38
PRAMARA,38.32,38.32
PROLIFE,9.67,9.67
QMSMEDI,21.81,21.81
SAAKSHI,79.85,79.85
SERVICE,27.62,27.62
VIVIANA,78.85,78.85
BMETRICS,23.56,23.56
DUGLOBAL,650.25,650.25
GOLDKART,285.7,285.7
INFINIUM,51.36,51.36
INNOVANA,25.67,25.67
KODYTECH,566.91,566.91
MICROPRO,19.32,19.32
PENTAGON,19.78,19.78
REXPIPES,17.29,17.28
SHRITECH,13.21,13.21
SIDDHIKA,15.35,15.35
SPECTRUM,139.16,139.16
SYSTANGO,20.86,20.86
VMARCIND,31.08,31.08
AGARWALFT,385.62,385.62
CELLPOINT,35.42,35.42
GLOBALPET,47.57,47.57
INFOLLION,30.42,30.42
KRISHIVAL,49.91,49.91
SHANTHALA,138.49,138.49
SONUINFRA,15.7,15.7
SYNOPTICS,14.18,14.18
TRANSWIND,24.33,24.33
UNIHEALTH,18.66,18.66
DENTALKART,57.25,57.25
PROPEQUITY,24.25,24.25
QUICKTOUCH,15.31,15.31
VISHNUINFR,26.77,26.77
GSPL,7.9,8.05
HFCL,51.08,51.08
HMVL,189.59,189.59
IDFC,713.21,713.21
IGPL,48.06,48.06
INFY,28.93,28.93
ISEC,13.27,13.27
ITDC,92.71,92.61
JBMA,116.03,116.03
JKIL,18.98,18.98
KKCL,26.18,26.18
KRBL,13.77,13.77
MFSL,78.47,78.47
MMTC,154.47,116.71
MOIL,23.02,23.02
MRPL,13.55,13.51
NBCC,74.1,57.06
NDGL,11.95,11.95
NMDC,10.85,10.48
NTPC,19.07,19.07
OCCL,7.88,7.88
OFSS,40.47,40.47
PGEL,67.99,67.99
PGHH,73.98,73.98
RIIL,168.59,168.59
RKDL,,98.44
SBIN,10.49,9.75
SDBL,22.87,22.87
SPIC,19.1,13.33
STEL,65.88,65.88
URJA,363.79,363.79
VEDL,18,20.22
VSSL,20.7,20.7
ARIES,16.9,16.9
CANBK,5.97,5.97
CIPLA,29.36,28.37
CREST,12.43,12.43
DIXON,171.1,171.1
DUCON,20.58,20.58
EMMBI,18.07,18.07
GLAXO,76.91,68.08
GOKUL,252.43,19.81
HIKAL,58.18,58.18
IOLCP,19.36,19.36
JCHAC,3498.25,177.5
KITEX,28.83,28.83
MHRIL,65.64,65.64
NELCO,94.24,94.24
NESCO,17.58,17.58
NIACL,35.54,35.54
NOCIL,38.2,38.2
PAKKA,32.24,32.24
PIIND,38.69,38.69
PURVA,137.89,137.89
QUESS,30.16,29.31
REFEX,31.05,31.06
REPRO,88.21,88.21
RITES,34.2,34.2
SATIN,4.97,4.97
SOBHA,426.29,426.37
SPLIL,15.65,15.64
TANLA,21.99,21.99
TITAN,88.53,88.53
UFLEX,,11.95
5PAISA,24.92,24.92
AJMERA,21.57,21.57
ALICON,29.34,29.34
ALLSEC,19.41,23.44
APLLTD,33.97,33.97
ARVIND,32.12,32.22
ASHOKA,9.97,11.28
AUBANK,27.62,26.61
AVTNPL,25.57,25.57
BALAXI,13.42,16.19
BIOCON,19.85,20.06
BROOKS,144.8,144.8
CENTUM,,3775.04
CHALET,68.03,68.03
COLPAL,67.99,67.99
CONCOR,47.71,47.71
CRISIL,50.71,50.71
DONEAR,18.8,18.8
DYNPRO,99.95,99.95
ECLERX,22.92,22.86
ELECON,39.05,39.05
GEECEE,18.25,18.25
GESHIP,6.91,6.91
GRASIM,18.03,17.34
HIRECT,79.32,61.73
IFBIND,74.13,74.13
INDIGO,21.15,21.15
INDOCO,40.37,43.89
ITDCEM,30.03,30.03
JKTYRE,11.97,11.66
KINGFA,27.78,27.78
KNRCON,12.21,12.21
M&MFIN,18.13,18.13
MARICO,55.57,55.57
MASTEK,27.46,27.25
MPSLTD,33.67,33.67
NBIFIN,147.75,147.75
NCLIND,13.14,13.14
NEWGEN,56.64,56.64
PENIND,22.12,22.12
PFIZER,43.99,44.47
PILITA,58.04,58.04
PRECAM,36.71,52.38
RADICO,82.89,82.89
RALLIS,49.22,49.48
RECLTD,10.43,10.43
ROHLTD,20.55,20.55
RUSHIL,21.06,21.06
SALONA,24.93,24.93
SANOFI,31.3,29.42
SHALBY,37.07,37.07
SIYSIL,11.89,11.89
SUZLON,126.5,118.04
TARMAT,,161.87
TRIGYN,22.93,22.93
VGUARD,78,78
VIPIND,10532.51,10532.51
VISHNU,27.97,27.97
VOLTAS,86.01,86.01
VRLLOG,68.53,68.96
VSTIND,23.48,23.48
WELENT,20.87,20.87
ACCELYA,27.43,27.5
AGARIND,15.23,15.23
AHLEAST,7.89,10.68
ALMONDZ,20.32,52.27
AMBIKCO,14.79,14.79
ASHIANA,51.84,51.84
ASTERDM,57.81,
BIGBLOC,62.02,62.02
BRIGADE,57.95,57.95
CALSOFT,49.65,49.65
CEATLTD,17.24,16.19
CGPOWER,119.47,122.18
DCBBANK,7,7
DHUNINV,11.49,11.49
DPSCLTD,109.98,109.98
DRREDDY,20.43,20.43
EIHOTEL,37.16,36.66
ESCORTS,39.82,39.82
FCSSOFT,,63.34
FIEMIND,19.4,19.4
FILATEX,20.83,20.83
FINEORG,37.77,37.73
GABRIEL,36.1,36.1
GENESYS,87.07,87.07
GMDCLTD,19.66,19.66
GROBTEA,40.33,40.33
GULPOLY,50.32,50.32
HATHWAY,55.87,55.19
HAVELLS,84.56,84.56
HCLTECH,27.54,27.54
HDFCAMC,43.53,43.53
ICICIGI,59.99,59.99
INDBANK,23.22,23.22
IPCALAB,60.4,65.51
J&KBANK,6.48,6.48
JKPAPER,8.49,8.49
KHANDSE,93.39,93.39
KMSUGAR,15.11,15.11
LAOPALA,28.11,28.11
LINCOLN,13.41,13.41
LOVABLE,65.16,65.16
MAANALU,24.5,24.5
MANINDS,25.57,25.57
MELSTAR,.55,.55
MIDHANI,101.12,101.12
NECCLTD,33.73,33.73
NELCAST,22.43,31.98
NUCLEUS,19.15,19.15
OLECTRA,165.27,179.93
PAISALO,32.64,32.7
POLYMED,70.06,70.06
PRAJIND,42.36,45.63
RAYMOND,19.13,18.4
RBLBANK,9.73,9.73
RUCHIRA,9.82,9.82
SANDHAR,31.25,32.31
SARDAEN,22.47,22.39
SBILIFE,83.24,83.24
SEQUENT,253.05,
SIEMENS,104.14,104.14
SMSLIFE,22.89,22.89
SNOWMAN,112.95,112.95
SOMATEX,5.12,
SUNFLAG,26.92,26.92
SUNTECK,86.73,86.73
TARAPUR,2.04,2.04
TIINDIA,63.51,64.1
TNPETRO,16.91,15.1
TRIDENT,56.84,56.86
TRIVENI,25.37,25.37
UCOBANK,30.58,30.58
VASWANI,17.5,17.5
VENKEYS,23.35,23.35
WANBURY,11.68,22.83
WELCORP,20.56,20.56
A2ZINFRA,11.73,
ADFFOODS,33.35,33.35
ADORWELD,26.17,26.17
AHLUCONT,24.87,41.28
ALLCARGO,182.12,110.28
ALPHAGEO,33.51,19.36
APARINDS,40.74,40.74
ARVSMART,64.39,64.39
ASHOKLEY,28.4,27.83
AXISBANK,13.47,13.47
BAGFILMS,19.17,19.17
BANSWRAS,19.62,19.62
BHAGERIA,31.97,31.97
BHANDARI,24.77,24.77
BLISSGVS,13.06,6.45
BLUEDART,65.17,65.17
CAPACITE,18.9,18.9
CENTENKA,28.58,28.58
CHOLAFIN,31.57,31.57
COMPINFO,.87,.87
DBREALTY,8,8.51
DHANBANK,47.23,47.23
DWARKESH,40.05,40.05
EIDPARRY,8.67,8.67
EXIDEIND,47.93,47.93
GALLANTT,26.08,26.08
GILLETTE,66.07,66.07
GOODLUCK,21.11,21.11
GPTINFRA,35.19,35.19
GRANULES,32.62,32.62
GRAPHITE,9.64,36.33
HDFCBANK,17.8,17.7
HDFCLIFE,90.76,90.76
HERCULES,50.45,50.45
HINDALCO,13.23,12.97
INDHOTEL,72.4,72.4
INDOSTAR,29.1,29.1
INDOTHAI,14.51,14.51
INDOWIND,48.41,48.41
INOXWIND,465.93,376.92
JINDRILL,15.79,15.79
JKCEMENT,37.8,38.22
JUBLINDS,72.14,36.6
LYKALABS,778.13,393.03
MAHABANK,9.7,9.7
MANAKSIA,8.06,6.11
MANINFRA,25.59,25.59
MARATHON,21.73,21.73
MARKSANS,28.4,28.4
MBLINFRA,3.32,
MOLDTECH,22.94,22.94
MUNJALAU,25.91,15.46
NLCINDIA,17.96,17.96
OMAXAUTO,19.99,
PITTIENG,49.7,49.7
PNBGILTS,33,36.06
PNCINFRA,9.05,9.05
POLYPLEX,20.96,20.96
PRECWIRE,33.62,33.62
PRESTIGE,45.1,45.1
RELIANCE,25.68,25.68
RICOAUTO,41.42,40.36
RTNPOWER,.86,
SAMBHAAV,32.06,36.36
SKFINDIA,45.18,45.18
SMLISUZU,23.67,23.67
STCINDIA,15.55,16.45
SYMPHONY,54.88,54.88
TATACOMM,58.64,69.92
TCPLPACK,25.18,25.18
TEJASNET,123.74,123.74
TEXINFRA,417.16,417.16
UNIENTER,28.23,28.23
VENUSREM,15.58,15.58
VESUVIUS,40.88,40.88
VIDHIING,60.07,60.07
VIPULLTD,1.74,1.72
20MICRONS,17.75,17.41
APLAPOLLO,53.37,53.37
ASAHISONG,23.69,186.94
ASHIMASYN,6.93,6.93
AURIONPRO,61.82,61.82
AUTOAXLES,17.89,17.89
AYMSYNTEX,41.31,54.62
BALPHARMA,23.76,23.76
BANARISUG,26.59,26.59
BANKINDIA,7.98,7.98
BEARDSELL,18.54,18.54
BHAGYANGR,33.8,33.8
BHARATRAS,50.44,50.44
BLKASHYAP,40.18,43.2
BOMDYEING,1.43,
CENTRALBK,16.6,16.6
CLEDUCATE,26.75,28.74
COALINDIA,9.03,9.03
COFFEEDAY,,6.06
COMPUSOFT,54.68,54.68
CONTROLPR,24.68,24.71
CREDITACC,12.92,12.92
CYBERTECH,21.89,21.89
DEEPAKNTR,45.82,49.28
EICHERMOT,36.05,36.05
ELECTCAST,13.94,13.94
ENDURANCE,48.97,48.97
ESABINDIA,57.6,57.6
FINCABLES,30.48,44.46
GEOJITFSL,14.66,14.66
GICHSGFIN,7.96,7.96
GLOBUSSPR,33.8,33.8
GOACARBON,8.51,8.51
GOKULAGRO,19.01,19.01
GRINDWELL,71.54,71.49
GUJAPOLLO,26.22,26.22
GUJGASLTD,32.96,34.15
GUJRAFFIA,41.44,41.44
HINDPETRO,9.64,9.64
ICICIBANK,17.92,17.92
INDNIPPON,25.14,25.14
INGERRAND,54.94,54.94
INTELLECT,43.74,43.36
INTENTECH,18.45,18.45
INVENTURE,16.94,14.73
JKLAKSHMI,19.64,19.91
JSWENERGY,59.6,59.6
KANSAINER,35.17,35.17
KCPSUGIND,5.98,6.5
KIRLOSENG,39.26,38.88
KOTAKBANK,16.61,19.21
KOTARISUG,40.25,40.25
LEMONTREE,54.23,54.23
MAHASTEEL,43.71,54.11
MANGLMCEM,40.93,40.93
MATRIMONY,27.64,27.64
MAWANASUG,8.74,8.74
MAYURUNIQ,22.32,22.32
MINDACORP,51.33,51.33
MOLDTKPAC,40.39,40.39
NAHARPOLY,2301.99,2301.99
ONWARDTEC,30.24,30.24
ORIENTCEM,39.84,39.84
ORIENTHOT,56.95,56.95
PANAMAPET,12.19,12.19
PATINTLOG,25.1,25.1
PEARLPOLY,39,39
PENINLAND,25.86,26.97
POWERGRID,20.08,20.08
POWERMECH,35.45,35.39
PRICOLLTD,40.44,40.44
PRIMESECU,32.53,36.7
QUICKHEAL,76.82,76.82
REPCOHOME,7.31,7.31
RUCHINFRA,27.89,88.44
SANGAMIND,48.07,41.73
SARLAPOLY,17.14,17.14
SCHNEIDER,106.08,104.21
SEAMECLTD,26.53,28.12
SHILPAMED,128.25,138.04
SOLARINDS,97.9,97.9
SPMLINFRA,122.27,144.61
STARPAPER,6.25,6.09
SURANAT&P,35.19,35.19
SWARAJENG,25.27,25.27
SWELECTES,28.12,65.99
TASTYBITE,167.26,167.26
TATAPOWER,41.16,41.48
TATASTEEL,,51.72
TEAMLEASE,48.84,50.4
THEMISMED,78.61,78.61
UGARSUGAR,49.14,49.14
UNITEDTEA,13.79,13.79
VAKRANGEE,366.55,388.99
VIMTALABS,26.83,26.83
WHIRLPOOL,90.85,86.77
XCHANGING,40.6,40.6
ADANIPORTS,34.86,33.23
ADANIPOWER,16.83,16.83
ADROITINFO,13.18,13.18
ADVENZYMES,33.63,31.4
ALBERTDAVD,9.39,9.39
ALEMBICLTD,36.27,36.27
ALKYLAMINE,69.39,69.39
ANDHRSUGAR,33.77,31.97
APCOTEXIND,38.47,38.47
ARROWGREEN,31.14,31.14
ASAHIINDIA,52.78,52.78
ASHAPURMIN,16.17,29.04
AVADHSUGAR,11.56,11.56
AVANTIFEED,22.73,22.73
BAJAJFINSV,15.38,15.38
BAJFINANCE,27.35,27.35
BALAJITELE,108.42,108.42
BALKRISIND,33.6,33.6
BALMLAWRIE,22.25,22.25
BALRAMCHIN,20.95,20.95
BANARBEADS,22.77,22.77
BANDHANBNK,12,12
BANKBARODA,6.74,6.74
BFUTILITIE,15.64,15.64
BHARATWIRE,17.38,17.38
BHARTIARTL,96.81,80.34
BIOFILCHEM,161.58,161.58
BIRLACABLE,73.66,73.66
BIRLACORPN,25.19,25.6
BLUESTARCO,70.8,70.8
CAPLIPOINT,25.01,25.01
CARERATING,27.59,27.59
CENTURYTEX,91.46,91.46
CONSOFINVT,11.63,11.63
CORDSCABLE,23.43,23.43
COROMANDEL,34.68,34.68
CUMMINSIND,65.89,65.83
CYBERMEDIA,15.65,20.31
DAMODARIND,45.63,45.63
DCMSHRIRAM,34.48,34.48
DLINKINDIA,20.19,20.19
DYNAMATECH,49.47,90.17
EIHAHOTELS,33.19,33.19
ENGINERSIN,39.95,39.95
EVERESTIND,103.29,122.85
EXCELINDUS,43.62,43.62
FEDERALBNK,12.24,12.24
GANGESSECU,32.32,32.32
GKWLIMITED,190.67,190.67
GODFRYPHLP,34.68,32.74
GODREJAGRO,45.45,45.45
GOLDENTOBC,10.91,12.38
GREAVESCOT,,98.81
GREENPOWER,71.5,111.83
GULFOILLUB,20.37,20.37
HERITGFOOD,33.48,33.23
HEROMOTOCO,24.68,24.68
HEXATRADEX,49.4,49.4
HIMATSEIDE,13.42,13.42
HINDCOPPER,83.9,83.9
HINDNATGLS,1.38,.76
HINDOILEXP,16.39,19.36
HINDUNILVR,62.43,62.41
HISARMETAL,17.79,17.79
INDIAGLYCO,24.22,24.22
INDIANHUME,26.76,26.76
INDRAMEDCO,21.95,21.95
INDSWFTLAB,2.78,14.68
INDSWFTLTD,3.17,3.17
INSECTICID,21.62,21.62
JAICORPLTD,98.64,98.64
JAYNECOIND,29.21,26.06
JINDALPOLY,27.38,121.17
JINDALSTEL,17.06,17.06
JMFINANCIL,228.32,8.57
RAJESHEXPO,224.76,224.76
RAJSREESUG,21.13,21.13
REMSONSIND,43.79,45.13
SALZERELEC,33.7,33.7
SANGHVIMOV,19.05,19.05
SESHAPAPER,9.46,9.46
SHANTIGEAR,52.44,52.44
SHARDACROP,34.69,34.69
SHOPERSTOP,211.1,181.7
SHREEPUSHK,17.94,17.94
SHREYANIND,5.14,5.14
SHRIPISTON,19.05,19.05
SRHHYPOLTD,13.3,11.98
STARCEMENT,37.55,37.55
SUDARSCHEM,56.79,56.79
SUNDARMFIN,29.42,28.21
SUNDARMHLD,28.55,28.55
SUNDRMBRAK,42.89,42.89
SUPERHOUSE,15.8,25.39
SUPREMEIND,66.52,66.52
SURYALAXMI,57.5,30.83
SWANENERGY,30.08,30.08
TATAMOTORS,10.87,10.81
TEXMOPIPES,75.67,17.48
THANGAMAYL,40.7,40.7
THOMASCOOK,33.18,33.18
TIMETECHNO,25.77,25.77
TOKYOPLAST,79.96,79.96
TORNTPOWER,34.38,34.38
TRITURBINE,89.18,89.18
TTKPRESTIG,60.19,60.19
TVSSRICHAK,36.06,33.99
ULTRACEMCO,46.67,46.49
UMANGDAIRY,61.39,61.39
UNICHEMLAB,,2193.97
UTTAMSUGAR,11.36,11.36
VADILALIND,19.49,19.49
VINYLINDIA,32.18,32.18
VLSFINANCE,3.85,3.85
WEIZMANIND,24.23,24.23
ZENITHEXPO,2772.59,2772.59
