SERIES,SYMBOL,SECURITY,RECORD_DT,BC_STRT_DT,BC_END_DT,EX_DT,ND_STRT_DT,ND_END_DT,PURPOSE
BE,TTKHLTCARE,TTK Healthcare Limited, ,18/07/2024,24/07/2024,16/07/2024, , ,AGM/DIV - RS 10 PER SH/  
BE,IDBI,IDBI Bank Limited, ,17/07/2024,23/07/2024,16/07/2024, , ,ANNUAL GENERAL MEETING   
BE,ALMONDZ,Almondz Global Securities,23/07/2024, , ,23/07/2024, , ,FV SPLT FRM RS 6 TO RE 1 
BE,CDSL,Central Depo Ser (I) Ltd,16/07/2024, , ,16/07/2024, , ,DIV-RS19/SPLDIV-RS3PERSH 
BE,KOTARISUG,Kothari Sug & Chem Ltd., ,20/07/2024,26/07/2024,19/07/2024, , ,ANNUAL GENERAL MEETING   
BE,CROMPTON,Crompt Grea Con Elec Ltd, ,11/07/2024,26/07/2024,10/07/2024, , ,ANNUAL GENERAL MEETING   
BE,WENDT,Wendt (India) Ltd., ,15/07/2024,22/07/2024,12/07/2024, , ,AGM/DIV - RS 20 PER SH   
BE,M&M,MAHINDRA & MAHINDRA LTD, ,06/07/2024,31/07/2024,05/07/2024, , ,AGM/DIV-RS 21.1 PER SH   
BE,THEMISMED,Themis Medicare Limited, ,15/07/2024,22/07/2024,12/07/2024, , ,AGM/DIV-RS 0.50 PER SH   
BE,IMPAL,Ind Motor Part & Acc Ltd, ,16/07/2024,24/07/2024,15/07/2024, , ,AGM/DIV - RS 18 PER SH   
BE,SIYSIL,Siyaram Silk Mills Ltd, ,16/07/2024,19/07/2024,15/07/2024, , ,AGM/DIV - RS 4 PER SH    
BE,NDRAUTO,NDR Auto Components Ltd, ,16/07/2024,22/07/2024,15/07/2024, , ,AGM/DIV-RS 3.75 PER SH   
BE,NURECA,Nureca Limited, ,12/07/2024,17/07/2024,11/07/2024, , ,ANNUAL GENERAL MEETING   
BE,ELECON,Elecon Engg Co. Ltd.,19/07/2024, , ,19/07/2024, , ,FVSPLT FRM RS 2 TO RE 1  
BE,CENTRALBK,Central Bank of India, ,10/07/2024,16/07/2024,09/07/2024, , ,ANNUAL GENERAL MEETING   
BE,ATUL,Atul Ltd., ,13/07/2024,19/07/2024,12/07/2024, , ,AGM/DIV - RS 20 PER SH   
BE,VIMTALABS,Vimta Labs Limited, ,12/07/2024,18/07/2024,11/07/2024, , ,AGM/DIV - RS 2 PER SH    
BE,WHEELS,Wheels India Ltd, ,11/07/2024,17/07/2024,10/07/2024, , ,AGM/DIV-RS 7.39 PER SH   
BE,CENTURYTEX,CENTURY TEXTILES LTD, ,12/07/2024,23/07/2024,11/07/2024, , ,AGM/DIV - RS 5 PER SH    
BE,GRINDWELL,Grindwell Norton Limited, ,10/07/2024,18/07/2024,09/07/2024, , ,AGM/DIV - RS 17 PER SH   
BE,SHOPERSTOP,Shoppers Stop Limited, ,11/07/2024,18/07/2024,10/07/2024, , ,ANNUAL GENERAL MEETING   
BE,LAGNAM,Lagnam Spintex Limited, ,10/07/2024,16/07/2024,09/07/2024, , ,ANNUAL GENERAL MEETING   
BE,NESTLEIND,Nestle India Limited,16/07/2024, , ,16/07/2024, , ,INTDIV - RS 2.75 PER SH  
BE,IDBI,IDBI Bank Limited,16/07/2024, , ,16/07/2024, , ,DIV - RS 1.50 PER SH     
BE,IDFC,IDFC Limited,16/07/2024, , ,16/07/2024, , ,INTDIV - RE 1 PER SH     
BE,SUNDRMBRAK,Sundaram Brake Lin Ltd., ,18/07/2024,24/07/2024,16/07/2024, , ,AGM/DIV - RS 2 PER SH    
BE,SAKUMA,Sakuma Exports Limited, ,18/07/2024,25/07/2024,16/07/2024, , ,AGM/DIV - RE 0.05 PER SH 
BE,DRREDDY,DR. REDDY'S LABORATORIES, ,17/07/2024,19/07/2024,16/07/2024, , ,AGM/DIV - RS 40 PER SH   
BE,CUBEXTUB,CubexTubingsLtd-RollSett, ,18/07/2024,25/07/2024,16/07/2024, , ,ANNUAL GENERAL MEETING   
BE,PRECAM,Precision Camshafts Ltd., ,19/07/2024,26/07/2024,18/07/2024, , ,AGM/DIV - RE 1 PER SH    
BE,THANGAMAYL,Thangamayil Jewellery Ltd,18/07/2024, , ,18/07/2024, , ,DIV - RS 6 PER SH        
BE,THANGAMAYL,Thangamayil Jewellery Ltd, ,19/07/2024,25/07/2024,18/07/2024, , ,ANNUAL GENERAL MEETING   
BE,PIXTRANS,Pix Transmissions Limited, ,17/07/2024,24/07/2024,16/07/2024, , ,ANNUAL GENERAL MEETING   
BE,NELCAST,Nelcast Limited, ,19/07/2024,25/07/2024,18/07/2024, , ,AGM/DIV-RE 0.40 PER SH   
BE,ARVSMART,Arvind SmartSpaces Ltd, ,19/07/2024,25/07/2024,18/07/2024, , ,AGM/DIV-2.50/SPLDIV-1    
BE,TECHM,Tech Mahindra Limited, ,20/07/2024,26/07/2024,19/07/2024, , ,AGM/DIV - RS 28 PER SH   
BE,EXIDEIND,CHLORIDIND- Depo, ,23/07/2024,29/07/2024,22/07/2024, , ,AGM/DIV - RS 2 PER SH    
BE,M&MFIN,Mahindra & Mahindra Finan, ,17/07/2024,23/07/2024,16/07/2024, , ,AGM/DIV-RS 6.30 PER SH   
BE,INDIANHUME,Indian Hume Pipe Co. Ltd, ,20/07/2024,01/08/2024,19/07/2024, , ,AGM/DIV-RS 1.50 PER SH   
BE,ICRA,ICRA Limited, ,20/07/2024,22/07/2024,19/07/2024, , ,AGM/DIV-RS 100 PER SH    
BE,NEWGEN,Newgen Software Tech Ltd,18/07/2024, , ,18/07/2024, , ,AGM/DIV - RS 4 PER SH    
BE,BOSCHLTD,Bosch Limited, ,20/07/2024,07/08/2024,19/07/2024, , ,AGM/DIV-RS 170 PER SH    
BE,HYBRIDFIN,Hybrid Financial Services, ,22/07/2024,30/07/2024,19/07/2024, , ,ANNUAL GENERAL MEETING   
BE,GANGOTRI,Gangotri Textiles Limited, ,20/07/2024,26/07/2024,19/07/2024, , ,ANNUAL GENERAL MEETING   
BE,UNIONBANK,Union Bank of India, ,20/07/2024,26/07/2024,19/07/2024, , ,AGM/DIV-RS 3.60 PER SH   
BE,SHREDIGCEM,SHREE DIGVIJAY CEMENT,19/07/2024, , ,19/07/2024, , ,DIV - RS 3 PER SH        
BE,PSB,Punjab & Sind Bank,17/07/2024, , ,16/07/2024, , ,DIV - RE 0.20 PER SH     
BE,RATNAVEER,Ratnaveer Precision Eng L, ,18/07/2024,26/07/2024,16/07/2024, , ,EGM                      
BE,KSB,KSB Pumps Ltd-Depo,25/07/2024, , ,25/07/2024, , ,FV SPLT FRM RS 10 TO RS2 
BE,BLISSGVS,Bliss GVS Pharma Ltd, ,19/07/2024,25/07/2024,18/07/2024, , ,AGM/DIV-RS 0.50 PER SH   
BE,OFSS,Oracle Fin Serv Soft Ltd., ,19/07/2024,25/07/2024,18/07/2024, , ,ANNUAL GENERAL MEETING   
BE,PRAJIND,Praj Industries Ltd, ,19/07/2024,25/07/2024,18/07/2024, , ,AGM/DIV - RS 6 PER SH    
BE,ASPINWALL,Aspinwall & Co Ltd, ,19/07/2024,25/07/2024,18/07/2024, , ,AGM/DIV - RS 6 PER SH    
BE,TANLA,Tanla Platforms Limited,18/07/2024, , ,18/07/2024, , ,DIV - RS 6 PER SH        
BE,NESTLEIND,Nestle India Limited,16/07/2024, , ,16/07/2024, , ,DIV - RS 8.50 PER SH     
BE,NILKAMAL,Nilkamal Limited, ,13/07/2024,19/07/2024,12/07/2024, , ,AGM/DIV - RS 20 PER SH   
BE,SOLARINDS,Solar Industries (I) Ltd, ,05/07/2024,18/07/2024,04/07/2024, , ,AGM/DIV - RS 8.50 PER SH 
BE,POLYCAB,Polycab India Limited, ,10/07/2024,16/07/2024,09/07/2024, , ,AGM/DIV - RS 30 PER SH   
BE,KIRLPNU,Kirloskar Pneumatic Com L, ,13/07/2024,20/07/2024,12/07/2024, , ,AGM/DIV - RS 4 PER SH    
BE,ONWARDTEC,Onward Technologies Ltd, ,13/07/2024,19/07/2024,12/07/2024, , ,AGM/DIV - RS 5 PER SH    
BE,MMFL,MM Forgings Ltd.,16/07/2024, , ,16/07/2024, , ,BONUS 1:1                
BE,ADVENZYMES,Advanced Enzyme Tech Ltd,18/07/2024, , ,18/07/2024, , ,DIV - RE 1.1 PER SH      
BE,UTIAMC,UTI Asset Mngmt Co Ltd, ,19/07/2024,25/07/2024,18/07/2024, , ,DIV/SPDV-RS 24 & RS 23   
BE,SHRIPISTON,Shriram Pist. & Ring Ltd,17/07/2024, , ,16/07/2024, , ,DIV - RS 5 PER SH        
BE,SHRIPISTON,Shriram Pist. & Ring Ltd, ,18/07/2024,24/07/2024,16/07/2024, , ,ANNUAL GENERAL MEETING   
BE,KPIGREEN,KPI Global Infra Ltd,18/07/2024, , ,18/07/2024, , ,FVSPLT FRM RS10 TO RS 5  
BE,GEPIL,GE Power India Limited, ,17/07/2024,23/07/2024,16/07/2024, , ,ANNUAL GENERAL MEETING   
BE,WIPRO,WIPRO LTD, ,17/07/2024,18/07/2024,16/07/2024, , ,ANNUAL GENERAL MEETING   
BE,SEJALLTD,Sejal Glass Limited, ,15/07/2024,19/07/2024,12/07/2024, , ,ANNUAL GENERAL MEETING   
BE,LUPIN,Lupin Limited,16/07/2024, , ,16/07/2024, , ,DIV - RS 8 PER SH        
BE,KPRMILL,K.P.R. Mill Limited, ,16/07/2024,22/07/2024,15/07/2024, , ,AGM/DIV-RS 2.50 PER SH   
BE,JITFINFRA,JITF Infralogistics Ltd, ,16/07/2024,22/07/2024,15/07/2024, , ,ANNUAL GENERAL MEETING   
BE,POONAWALLA,Poonawalla Fincorp Ltd, ,17/07/2024,23/07/2024,16/07/2024, , ,ANNUAL GENERAL MEETING   
BE,TIRUMALCHM,Thirumalai Chemicals Ltd, ,18/07/2024,24/07/2024,16/07/2024, , ,AGM/DIV - RE 1 PER SH    
BE,SUNDARMHLD,Sundaram Finance Hold Ltd, ,06/07/2024,18/07/2024,05/07/2024, , ,AGM/DIV-RS 2.05 PER SH   
BE,TCI,Transport Corp of Ind Ltd,20/07/2024, , ,19/07/2024, , ,DIV - RS 2 PER SH        
BE,TCI,Transport Corp of Ind Ltd, ,21/07/2024,27/07/2024,19/07/2024, , ,ANNUAL GENERAL MEETING   
BE,LLOYDSENGG,Lloyds Steels Ind. Ltd.,19/07/2024, , ,19/07/2024, , ,DIV - RE 0.20 PER SH     
BE,APCOTEXIND,Apcotex Industries Ltd., ,20/07/2024,29/07/2024,19/07/2024, , ,DIV - RS 3.50 PER SH     
BE,HITECHCORP,Hitech Corporation Ltd,19/07/2024, , ,19/07/2024, , ,DIV - RE 1 PER SH        
BE,TCS,TATA CONSULTANCY SERV LTD,20/07/2024, , ,19/07/2024, , ,INTDIV - RS 10 PER SH    
BE,DABUR,DABUR INDIA LTD, ,22/07/2024,26/07/2024,19/07/2024, , ,AGM/DIV-RS 2.75 PER SH   
BE,TARACHAND,Tara Chand Infra Soln Ltd, ,19/07/2024,25/07/2024,18/07/2024, , ,ANNUAL GENERAL MEETING   
BE,MANGLMCEM,Mangalam Cement Ltd, ,21/07/2024,27/07/2024,19/07/2024, , ,AGM/DIV-RS 1.50 PER SH   
BE,ZYDUSLIFE,Zydus Lifesciences Ltd,26/07/2024, , ,26/07/2024, , ,DIV - RS 3 PER SH        
BE,ESCORTS,ESCORTS INDIA LTD, ,06/07/2024,18/07/2024,05/07/2024, , ,AGM/DIV - RS 18 PER SH   
BE,JKCEMENT,JK Cement Limited, ,10/07/2024,19/07/2024,09/07/2024, , ,AGM/DIV/SPDV RS15/5      
BE,DIVGIITTS,Divgi Torqtransfer Syst L,22/07/2024, , ,22/07/2024, , ,DIV - RS 2.60 PER SH     
BE,DIVGIITTS,Divgi Torqtransfer Syst L, ,23/07/2024,29/07/2024,22/07/2024, , ,ANNUAL GENERAL MEETING   
BE,ARE&M,Amara Raja Batt Ltd-Depo,18/07/2024, , ,18/07/2024, , ,DIV - RS 5.10 PER SH     
BE,ARE&M,Amara Raja Batt Ltd-Depo, ,19/07/2024,25/07/2024,18/07/2024, , ,ANNUAL GENERAL MEETING   
BE,CANFINHOME,Can Fin Homes Ltd,18/07/2024, , ,18/07/2024, , ,DIV - RS 4 PER SH        
BE,SUMICHEM,Sumitomo Chemical Ind Ltd,19/07/2024, , ,19/07/2024, , ,DIV - RE 0.90 PER SH     
BE,CHENNPETRO,Chennai Petroleum Corp Lt,19/07/2024, , ,19/07/2024, , ,DIV - RS 55 PER SH       
BE,SAFARI,Safari Ind (India) Ltd, ,13/07/2024,26/07/2024,12/07/2024, , ,ANNUAL GENERAL MEETING   
BE,BLUESTARCO,Blue Star Limited-Depo, ,20/07/2024,06/08/2024,19/07/2024, , ,DIV - RS 7 PER SH        
BE,GRAPHITE,Graphite India Limited,19/07/2024, , ,19/07/2024, , ,DIV - RS 11 PER SH       
BE,KOTAKBANK,Kotak Mahindra Bank Limit,19/07/2024, , ,19/07/2024, , ,DIV - RS 2 PER SH        
BE,BAJAJELEC,Bajaj Electricals Limited, ,20/07/2024,06/08/2024,19/07/2024, , ,AGM/DIV - RS 3 PER SH    
BE,JSWINFRA,JSW Infrastructure Ltd,19/07/2024, , ,19/07/2024, , ,DIV - RE 0.55 PER SH     
BE,ZENSARTECH,Zensar Technologies LDepo,19/07/2024, , ,19/07/2024, , ,DIV - RS 7 PER SH        
BE,ARVIND,Arvind Limited,19/07/2024, , ,19/07/2024, , ,DIV/SPDIV RS 4.75 PER SH 
BE,ANANTRAJ,Anant Raj Industries Limi, ,14/07/2024,20/07/2024,12/07/2024, , ,AGM/DIV - RE 0.73 PER SH 
BE,BLUEDART,Blue Dart Express Ltd, ,13/07/2024,19/07/2024,12/07/2024, , ,AGM/DIV - RS 25 PER SH   
BE,RANEENGINE,Rane Engine Valve Limited,16/07/2024, , ,16/07/2024, , ,AGM/DIV - RS 5 PER SH    
BE,PIXTRANS,Pix Transmissions Limited,16/07/2024, , ,16/07/2024, , ,DIV - RS 7 PER SH        
BE,RSSOFTWARE,R. S. Software (I) Ltd.,20/07/2024, , ,19/07/2024, , ,INTDIV - RE 0.25 PER SH  
BE,MAHEPC,Mahindra EPC Irrig Ltd, ,15/07/2024,19/07/2024,12/07/2024, , ,ANNUAL GENERAL MEETING   
BE,PRITIKAUTO,Pritika Auto Indus Ltd, ,15/07/2024,17/07/2024,12/07/2024, , ,ANNUAL GENERAL MEETING   
BE,SATINDLTD,Sat Industries Limited, ,13/07/2024,19/07/2024,12/07/2024, , ,ANNUAL GENERAL MEETING   
BE,RITCO,Ritco Logistics Limited, ,14/07/2024,20/07/2024,12/07/2024, , ,EGM                      
BE,DEEPINDS,Deep Industries Limited, ,10/07/2024,16/07/2024,09/07/2024, , ,ANNUAL GENERAL MEETING   
BE,20MICRONS,20 Microns Limited, ,13/07/2024,19/07/2024,12/07/2024, , ,ANNUAL GENERAL MEETING   
BE,SHRADHA,Shradha Infraprojects Ltd, ,13/07/2024,27/07/2024,12/07/2024, , ,ANNUAL GENERAL MEETING   
BE,ZYDUSWELL,Zydus Wellness Limited,19/07/2024, , ,19/07/2024, , ,DIV - RS 5 PER SH        
BE,LICI,Life Insura Corp of India,19/07/2024, , ,19/07/2024, , ,DIV - RS 6 PER SH        
BE,GATECH,Stampede Capital Ltd,16/07/2024, , ,16/07/2024, , ,RIGHTS 1:1 @ PRM RS 0/-  
BE,GATECHDVR,Stampede Capital Limited,16/07/2024, , ,16/07/2024, , ,RIGHTS 1:1 @ PRM RS 0/-  
BE,INDOWIND,Indowind Energy Limited,16/07/2024, , ,16/07/2024, , ,RIGHTS 1:5 @ PRM RS 12.5 
BE,DHANUKA,Dhanuka Agritech Ltd,19/07/2024, , ,19/07/2024, , ,DIV - RS 6 PER SH        
BE,SHANTIGEAR,Shanthi Gears Ltd, ,20/07/2024,29/07/2024,19/07/2024, , ,DIV - RS 2 PER SH        
BE,VOLTAMP,Voltamp Transformers Limi, ,23/07/2024,29/07/2024,22/07/2024, , ,AGM/DIV - RS 90 PER SH   
BE,KOTHARIPET,Kothari Petrochem Ltd, ,19/07/2024,25/07/2024,18/07/2024, , ,AGM/DIV - RE 1 PER SH    
BE,CHEMBOND,Chembond Chemicals Ltd,22/07/2024, , ,22/07/2024, , ,DIV - RS 3.50 PER SH     
BE,CHEMBOND,Chembond Chemicals Ltd, ,23/07/2024,30/07/2024,22/07/2024, , ,ANNUAL GENERAL MEETING   
BE,TIPSINDLTD,Tips Industries Limited, ,20/07/2024,26/07/2024,19/07/2024, , ,ANNUAL GENERAL MEETING   
BE,NILAINFRA,Nila Infrastructures Ltd, ,21/07/2024,27/07/2024,19/07/2024, , ,ANNUAL GENERAL MEETING   
BE,DELTACORP,Delta Corp Limited,20/07/2024, , ,19/07/2024, , ,DIV - RS 1.25 PER SH     
BE,JAYAGROGN,Jayant Agro Organics Ltd., ,13/07/2024,18/07/2024,12/07/2024, , ,ANNUAL GENERAL MEETING   
BE,DLINKINDIA,D-Link India Ltd, ,13/07/2024,19/07/2024,12/07/2024, , ,AGM/DIV/SPDV-RS 8 & RS 5 
BE,KABRAEXTRU,Kabra Extrus Technik Ltd, ,13/07/2024,19/07/2024,12/07/2024, , ,AGM/DIV-RS 3.50 PER SH   
BE,MAHLOG,Mahindra Logistic Limited, ,13/07/2024,22/07/2024,12/07/2024, , ,AGM/DIV-RS 2.50 PER SH   
BE,MAHLIFE,Mahindra Lifespace DevLtd, ,13/07/2024,24/07/2024,12/07/2024, , ,DIV - RS 2.65 PER SH     
BE,SURANASOL,Surana Solar Ltd, ,16/07/2024,22/07/2024,15/07/2024, , ,ANNUAL GENERAL MEETING   
BE,AHL,Abans Holdings Limited, ,20/07/2024,26/07/2024,19/07/2024, , ,ANNUAL GENERAL MEETING   
BE,CHOLAFIN,Cholamandalam In & Fin Co, ,20/07/2024,26/07/2024,19/07/2024, , ,DIV - RE 0.70 PER SH     
BE,BAIDFIN,Baid Finserv Limited, ,10/07/2024,16/07/2024,09/07/2024, , ,ANNUAL GENERAL MEETING   
BE,PERSISTENT,Persistent Systems Ltd, ,10/07/2024,16/07/2024,09/07/2024, , ,AGM/DIV - RS 10 PER SH   
BE,MPHASIS,MphasiS Limited, ,11/07/2024,25/07/2024,10/07/2024, , ,AGM/DIV - RS 55 PER SH   
BZ,GANGOTRI,Gangotri Textiles Limited, ,20/07/2024,26/07/2024,19/07/2024, , ,ANNUAL GENERAL MEETING   
EQ,TCI,Transport Corporation of, ,21/07/2024,27/07/2024,19/07/2024, , ,ANNUAL GENERAL MEETING   
EQ,LLOYDSENGG,Lloyds Steels Ind. Ltd.,19/07/2024, , ,19/07/2024, , ,DIV - RE 0.20 PER SH     
EQ,APCOTEXIND,Apcotex Industries Ltd., ,20/07/2024,29/07/2024,19/07/2024, , ,DIV - RS 3.50 PER SH     
EQ,HITECHCORP,Hitech Corporation Ltd,19/07/2024, , ,19/07/2024, , ,DIV - RE 1 PER SH        
EQ,TCS,Tata Consultancy Serv Ltd,20/07/2024, , ,19/07/2024, , ,INTDIV - RS 10 PER SH    
EQ,DABUR,Dabur India Ltd., ,22/07/2024,26/07/2024,19/07/2024, , ,AGM/DIV-RS 2.75 PER SH   
EQ,TARACHAND,Tara Chand Infra Soln Ltd, ,19/07/2024,25/07/2024,18/07/2024, , ,ANNUAL GENERAL MEETING   
EQ,MANGLMCEM,Mangalam Cement Ltd, ,21/07/2024,27/07/2024,19/07/2024, , ,AGM/DIV-RS 1.50 PER SH   
EQ,VOLTAMP,Voltamp Transformers Limi, ,23/07/2024,29/07/2024,22/07/2024, , ,AGM/DIV - RS 90 PER SH   
EQ,ZYDUSLIFE,Zydus Lifesciences Ltd,26/07/2024, , ,26/07/2024, , ,DIV - RS 3 PER SH        
EQ,ESCORTS,Escorts India Ltd., ,06/07/2024,18/07/2024,05/07/2024, , ,AGM/DIV - RS 18 PER SH   
EQ,JKCEMENT,JK Cement Limited, ,10/07/2024,19/07/2024,09/07/2024, , ,AGM/DIV/SPDV RS15/5      
EQ,DIVGIITTS,Divgi Torqtransfer Syst L,22/07/2024, , ,22/07/2024, , ,DIV - RS 2.60 PER SH     
EQ,DIVGIITTS,Divgi Torqtransfer Syst L, ,23/07/2024,29/07/2024,22/07/2024, , ,ANNUAL GENERAL MEETING   
EQ,ARE&M,Amara Raja Batt Ltd,18/07/2024, , ,18/07/2024, , ,DIV - RS 5.10 PER SH     
EQ,ARE&M,Amara Raja Batt Ltd, ,19/07/2024,25/07/2024,18/07/2024, , ,ANNUAL GENERAL MEETING   
EQ,CANFINHOME,Can Fin Homes Ltd,18/07/2024, , ,18/07/2024, , ,DIV - RS 4 PER SH        
EQ,SUMICHEM,Sumitomo Chemical Ind Ltd,19/07/2024, , ,19/07/2024, , ,DIV - RE 0.90 PER SH     
EQ,CHENNPETRO,Chennai Petroleum Corp,19/07/2024, , ,19/07/2024, , ,DIV - RS 55 PER SH       
EQ,KOTAKBANK,Kotak Mahindra Bank Limit,19/07/2024, , ,19/07/2024, , ,DIV - RS 2 PER SH        
EQ,SAFARI,Safari Ind (India) Ltd, ,13/07/2024,26/07/2024,12/07/2024, , ,ANNUAL GENERAL MEETING   
EQ,MAHEPC,Mahindra EPC Irrig Ltd, ,15/07/2024,19/07/2024,12/07/2024, , ,ANNUAL GENERAL MEETING   
EQ,BLUESTARCO,Blue Star Ltd., ,20/07/2024,06/08/2024,19/07/2024, , ,DIV - RS 7 PER SH        
EQ,GRAPHITE,Graphite India Limited,19/07/2024, , ,19/07/2024, , ,DIV - RS 11 PER SH       
EQ,ZYDUSWELL,Zydus Wellness Limited,19/07/2024, , ,19/07/2024, , ,DIV - RS 5 PER SH        
EQ,BAJAJELEC,Bajaj Electricals Limited, ,20/07/2024,06/08/2024,19/07/2024, , ,AGM/DIV - RS 3 PER SH    
EQ,JSWINFRA,JSW Infrastructure Ltd,19/07/2024, , ,19/07/2024, , ,DIV - RE 0.55 PER SH     
EQ,ZENSARTECH,Zensar Technologies -Depo,19/07/2024, , ,19/07/2024, , ,DIV - RS 7 PER SH        
EQ,ARVIND,Arvind Limited,19/07/2024, , ,19/07/2024, , ,DIV/SPDIV RS 4.75 PER SH 
EQ,ANANTRAJ,Anant Raj Industries Limi, ,14/07/2024,20/07/2024,12/07/2024, , ,AGM/DIV - RE 0.73 PER SH 
EQ,BLUEDART,Blue Dart Express Ltd, ,13/07/2024,19/07/2024,12/07/2024, , ,AGM/DIV - RS 25 PER SH   
EQ,RANEENGINE,Rane Engine Valve Limited,16/07/2024, , ,16/07/2024, , ,AGM/DIV - RS 5 PER SH    
EQ,PIXTRANS,Pix Transmissions Limited,16/07/2024, , ,16/07/2024, , ,DIV - RS 7 PER SH        
EQ,RSSOFTWARE,R. S. Software (I) Ltd.,20/07/2024, , ,19/07/2024, , ,INTDIV - RE 0.25 PER SH  
EQ,PRITIKAUTO,Pritika Auto Indus Ltd, ,15/07/2024,17/07/2024,12/07/2024, , ,ANNUAL GENERAL MEETING   
EQ,SATINDLTD,Sat Industries Limited, ,13/07/2024,19/07/2024,12/07/2024, , ,ANNUAL GENERAL MEETING   
EQ,RITCO,Ritco Logistics Limited, ,14/07/2024,20/07/2024,12/07/2024, , ,EGM                      
EQ,DEEPINDS,Deep Industries Limited, ,10/07/2024,16/07/2024,09/07/2024, , ,ANNUAL GENERAL MEETING   
EQ,20MICRONS,20 Microns Limited, ,13/07/2024,19/07/2024,12/07/2024, , ,ANNUAL GENERAL MEETING   
EQ,SHRADHA,Shradha Infraprojects Ltd, ,13/07/2024,27/07/2024,12/07/2024, , ,ANNUAL GENERAL MEETING   
EQ,LICI,Life Insura Corp of India,19/07/2024, , ,19/07/2024, , ,DIV - RS 6 PER SH        
EQ,GATECH,Stampede Capital Ltd,16/07/2024, , ,16/07/2024, , ,RIGHTS 1:1 @ PRM RS 0/-  
EQ,GATECHDVR,Stampede Capital Limited,16/07/2024, , ,16/07/2024, , ,RIGHTS 1:1 @ PRM RS 0/-  
EQ,INDOWIND,Indowind Energy Limited,16/07/2024, , ,16/07/2024, , ,RIGHTS 1:5 @ PRM RS 12.5 
EQ,DHANUKA,Dhanuka Agritech Ltd,19/07/2024, , ,19/07/2024, , ,DIV - RS 6 PER SH        
EQ,SHANTIGEAR,Shanthi Gears Ltd, ,20/07/2024,29/07/2024,19/07/2024, , ,DIV - RS 2 PER SH        
EQ,KOTHARIPET,Kothari Petrochem Ltd, ,19/07/2024,25/07/2024,18/07/2024, , ,AGM/DIV - RE 1 PER SH    
EQ,CHEMBOND,Chembond Chemicals Ltd,22/07/2024, , ,22/07/2024, , ,DIV - RS 3.50 PER SH     
EQ,CHEMBOND,Chembond Chemicals Ltd, ,23/07/2024,30/07/2024,22/07/2024, , ,ANNUAL GENERAL MEETING   
EQ,TIPSINDLTD,Tips Industries Limited, ,20/07/2024,26/07/2024,19/07/2024, , ,ANNUAL GENERAL MEETING   
EQ,NILAINFRA,Nila Infrastructures Ltd, ,21/07/2024,27/07/2024,19/07/2024, , ,ANNUAL GENERAL MEETING   
EQ,DELTACORP,Delta Corp Limited,20/07/2024, , ,19/07/2024, , ,DIV - RS 1.25 PER SH     
EQ,JAYAGROGN,Jayant Agro Organics Ltd., ,13/07/2024,18/07/2024,12/07/2024, , ,ANNUAL GENERAL MEETING   
EQ,DLINKINDIA,D-Link India Ltd, ,13/07/2024,19/07/2024,12/07/2024, , ,AGM/DIV/SPDV-RS 8 & RS 5 
EQ,KABRAEXTRU,Kabra Extrus Technik Ltd, ,13/07/2024,19/07/2024,12/07/2024, , ,AGM/DIV-RS 3.50 PER SH   
EQ,MAHLOG,Mahindra Logistic Limited, ,13/07/2024,22/07/2024,12/07/2024, , ,AGM/DIV-RS 2.50 PER SH   
EQ,MAHLIFE,Mahindra Lifespace DevLtd, ,13/07/2024,24/07/2024,12/07/2024, , ,DIV - RS 2.65 PER SH     
EQ,SURANASOL,Surana Solar Ltd, ,16/07/2024,22/07/2024,15/07/2024, , ,ANNUAL GENERAL MEETING   
EQ,AHL,Abans Holdings Limited, ,20/07/2024,26/07/2024,19/07/2024, , ,ANNUAL GENERAL MEETING   
EQ,CHOLAFIN,Cholamandalam In & Fin Co, ,20/07/2024,26/07/2024,19/07/2024, , ,DIV - RE 0.70 PER SH     
EQ,BAIDFIN,Baid Finserv Limited, ,10/07/2024,16/07/2024,09/07/2024, , ,ANNUAL GENERAL MEETING   
EQ,PERSISTENT,Persistent Systems Ltd, ,10/07/2024,16/07/2024,09/07/2024, , ,AGM/DIV - RS 10 PER SH   
EQ,MPHASIS,MphasiS Limited, ,11/07/2024,25/07/2024,10/07/2024, , ,AGM/DIV - RS 55 PER SH   
EQ,NURECA,Nureca Limited, ,12/07/2024,17/07/2024,11/07/2024, , ,ANNUAL GENERAL MEETING   
EQ,ELECON,Elecon Engg Co. Ltd.,19/07/2024, , ,19/07/2024, , ,FVSPLT FRM RS 2 TO RE 1  
EQ,CENTRALBK,Central Bank of India, ,10/07/2024,16/07/2024,09/07/2024, , ,ANNUAL GENERAL MEETING   
EQ,SHOPERSTOP,Shoppers Stop Limited, ,11/07/2024,18/07/2024,10/07/2024, , ,ANNUAL GENERAL MEETING   
EQ,ATUL,Atul Ltd., ,13/07/2024,19/07/2024,12/07/2024, , ,AGM/DIV - RS 20 PER SH   
EQ,VIMTALABS,Vimta Labs Limited, ,12/07/2024,18/07/2024,11/07/2024, , ,AGM/DIV - RS 2 PER SH    
EQ,WHEELS,Wheels India Ltd, ,11/07/2024,17/07/2024,10/07/2024, , ,AGM/DIV-RS 7.39 PER SH   
EQ,CENTURYTEX,Century Textiles Ltd., ,12/07/2024,23/07/2024,11/07/2024, , ,AGM/DIV - RS 5 PER SH    
EQ,GRINDWELL,Grindwell Norton Limited, ,10/07/2024,18/07/2024,09/07/2024, , ,AGM/DIV - RS 17 PER SH   
EQ,DRREDDY,Dr. Reddys Lab Ltd, ,17/07/2024,19/07/2024,16/07/2024, , ,AGM/DIV - RS 40 PER SH   
EQ,LAGNAM,Lagnam Spintex Limited, ,10/07/2024,16/07/2024,09/07/2024, , ,ANNUAL GENERAL MEETING   
EQ,NESTLEIND,Nestle India Limited,16/07/2024, , ,16/07/2024, , ,INTDIV - RS 2.75 PER SH  
EQ,IDBI,IDBI Bank Limited,16/07/2024, , ,16/07/2024, , ,DIV - RS 1.50 PER SH     
EQ,IDFC,IDFC Limited,16/07/2024, , ,16/07/2024, , ,INTDIV - RE 1 PER SH     
EQ,SUNDRMBRAK,Sundaram Brake Lin Ltd., ,18/07/2024,24/07/2024,16/07/2024, , ,AGM/DIV - RS 2 PER SH    
EQ,SAKUMA,Sakuma Exports Limited, ,18/07/2024,25/07/2024,16/07/2024, , ,AGM/DIV - RE 0.05 PER SH 
EQ,PIXTRANS,Pix Transmissions Limited, ,17/07/2024,24/07/2024,16/07/2024, , ,ANNUAL GENERAL MEETING   
EQ,CUBEXTUB,Cubex Tubings Ltd, ,18/07/2024,25/07/2024,16/07/2024, , ,ANNUAL GENERAL MEETING   
EQ,PRECAM,Precision Camshafts Ltd., ,19/07/2024,26/07/2024,18/07/2024, , ,AGM/DIV - RE 1 PER SH    
EQ,THANGAMAYL,Thangamayil Jewellery Ltd,18/07/2024, , ,18/07/2024, , ,DIV - RS 6 PER SH        
EQ,THANGAMAYL,Thangamayil Jewellery Ltd, ,19/07/2024,25/07/2024,18/07/2024, , ,ANNUAL GENERAL MEETING   
EQ,NELCAST,Nelcast Limited, ,19/07/2024,25/07/2024,18/07/2024, , ,AGM/DIV-RE 0.40 PER SH   
EQ,ARVSMART,Arvind SmartSpaces Ltd, ,19/07/2024,25/07/2024,18/07/2024, , ,AGM/DIV-2.50/SPLDIV-1    
EQ,TECHM,Tech Mahindra Limited, ,20/07/2024,26/07/2024,19/07/2024, , ,AGM/DIV - RS 28 PER SH   
EQ,EXIDEIND,Exide Industries Ltd, ,23/07/2024,29/07/2024,22/07/2024, , ,AGM/DIV - RS 2 PER SH    
EQ,M&MFIN,Mahindra & Mahindra Finan, ,17/07/2024,23/07/2024,16/07/2024, , ,AGM/DIV-RS 6.30 PER SH   
EQ,INDIANHUME,Indian Hume Pipe Co. Ltd, ,20/07/2024,01/08/2024,19/07/2024, , ,AGM/DIV-RS 1.50 PER SH   
EQ,ICRA,ICRA Limited, ,20/07/2024,22/07/2024,19/07/2024, , ,AGM/DIV-RS 100 PER SH    
EQ,NEWGEN,Newgen Software Tech Ltd,18/07/2024, , ,18/07/2024, , ,AGM/DIV - RS 4 PER SH    
EQ,BOSCHLTD,Bosch Limited, ,20/07/2024,07/08/2024,19/07/2024, , ,AGM/DIV-RS 170 PER SH    
EQ,HYBRIDFIN,Hybrid Financial Services, ,22/07/2024,30/07/2024,19/07/2024, , ,ANNUAL GENERAL MEETING   
EQ,GANGOTRI,Gangotri Textiles Limited, ,20/07/2024,26/07/2024,19/07/2024, , ,ANNUAL GENERAL MEETING   
EQ,UNIONBANK,Union Bank of India, ,20/07/2024,26/07/2024,19/07/2024, , ,AGM/DIV-RS 3.60 PER SH   
EQ,SHREDIGCEM,Shree Digvijay Cem Co Ltd,19/07/2024, , ,19/07/2024, , ,DIV - RS 3 PER SH        
EQ,TCI,Transport Corporation of,20/07/2024, , ,19/07/2024, , ,DIV - RS 2 PER SH        
EQ,PSB,Punjab & Sind Bank,17/07/2024, , ,16/07/2024, , ,DIV - RE 0.20 PER SH     
EQ,RATNAVEER,Ratnaveer Precision Eng L, ,18/07/2024,26/07/2024,16/07/2024, , ,EGM                      
EQ,KSB,KSB Pumps Ltd.,25/07/2024, , ,25/07/2024, , ,FV SPLT FRM RS 10 TO RS2 
EQ,OFSS,Oracle Fin Serv Soft Ltd., ,19/07/2024,25/07/2024,18/07/2024, , ,ANNUAL GENERAL MEETING   
EQ,PRAJIND,Praj Industries Ltd, ,19/07/2024,25/07/2024,18/07/2024, , ,AGM/DIV - RS 6 PER SH    
EQ,ASPINWALL,Aspinwall & Co Ltd, ,19/07/2024,25/07/2024,18/07/2024, , ,AGM/DIV - RS 6 PER SH    
EQ,TANLA,Tanla Platforms Limited,18/07/2024, , ,18/07/2024, , ,DIV - RS 6 PER SH        
EQ,NESTLEIND,Nestle India Limited,16/07/2024, , ,16/07/2024, , ,DIV - RS 8.50 PER SH     
EQ,NILKAMAL,Nilkamal Limited, ,13/07/2024,19/07/2024,12/07/2024, , ,AGM/DIV - RS 20 PER SH   
EQ,ONWARDTEC,Onward Technologies Ltd, ,13/07/2024,19/07/2024,12/07/2024, , ,AGM/DIV - RS 5 PER SH    
EQ,KPIGREEN,KPI Global Infra Ltd,18/07/2024, , ,18/07/2024, , ,FVSPLT FRM RS10 TO RS 5  
EQ,SOLARINDS,Solar Industries (I) Ltd, ,05/07/2024,18/07/2024,04/07/2024, , ,AGM/DIV - RS 8.50 PER SH 
EQ,POLYCAB,Polycab India Limited, ,10/07/2024,16/07/2024,09/07/2024, , ,AGM/DIV - RS 30 PER SH   
EQ,KIRLPNU,Kirloskar Pneumatic Com L, ,13/07/2024,20/07/2024,12/07/2024, , ,AGM/DIV - RS 4 PER SH    
EQ,WIPRO,Wipro Ltd, ,17/07/2024,18/07/2024,16/07/2024, , ,ANNUAL GENERAL MEETING   
EQ,MMFL,MM Forgings Ltd.,16/07/2024, , ,16/07/2024, , ,BONUS 1:1                
EQ,ADVENZYMES,Advanced Enzyme Tech Ltd,18/07/2024, , ,18/07/2024, , ,DIV - RE 1.1 PER SH      
EQ,UTIAMC,UTI Asset Mngmt Co Ltd, ,19/07/2024,25/07/2024,18/07/2024, , ,DIV/SPDV-RS 24 & RS 23   
EQ,SHRIPISTON,Shriram Pist. & Ring Ltd,17/07/2024, , ,16/07/2024, , ,DIV - RS 5 PER SH        
EQ,SHRIPISTON,Shriram Pist. & Ring Ltd, ,18/07/2024,24/07/2024,16/07/2024, , ,ANNUAL GENERAL MEETING   
EQ,GEPIL,GE Power India Limited, ,17/07/2024,23/07/2024,16/07/2024, , ,ANNUAL GENERAL MEETING   
EQ,SEJALLTD,Sejal Glass Limited, ,15/07/2024,19/07/2024,12/07/2024, , ,ANNUAL GENERAL MEETING   
EQ,LUPIN,Lupin Limited,16/07/2024, , ,16/07/2024, , ,DIV - RS 8 PER SH        
EQ,KPRMILL,K.P.R. Mill Limited, ,16/07/2024,22/07/2024,15/07/2024, , ,AGM/DIV-RS 2.50 PER SH   
EQ,JITFINFRA,JITF Infralogistics Ltd, ,16/07/2024,22/07/2024,15/07/2024, , ,ANNUAL GENERAL MEETING   
EQ,POONAWALLA,Poonawalla Fincorp Ltd, ,17/07/2024,23/07/2024,16/07/2024, , ,ANNUAL GENERAL MEETING   
EQ,TIRUMALCHM,Thirumalai Chemicals Ltd, ,18/07/2024,24/07/2024,16/07/2024, , ,AGM/DIV - RE 1 PER SH    
EQ,TTKHLTCARE,TTK Healthcare Limited, ,18/07/2024,24/07/2024,16/07/2024, , ,AGM/DIV - RS 10 PER SH/  
EQ,SUNDARMHLD,Sundaram Finance Hold Ltd, ,06/07/2024,18/07/2024,05/07/2024, , ,AGM/DIV-RS 2.05 PER SH   
EQ,IDBI,IDBI Bank Limited, ,17/07/2024,23/07/2024,16/07/2024, , ,ANNUAL GENERAL MEETING   
EQ,ALMONDZ,Almondz Global Securities,23/07/2024, , ,23/07/2024, , ,FV SPLT FRM RS 6 TO RE 1 
EQ,CDSL,Central Depo Ser (I) Ltd,16/07/2024, , ,16/07/2024, , ,DIV-RS19/SPLDIV-RS3PERSH 
EQ,KOTARISUG,Kothari Sugars And Chemic, ,20/07/2024,26/07/2024,19/07/2024, , ,ANNUAL GENERAL MEETING   
EQ,CROMPTON,Crompt Grea Con Elec Ltd, ,11/07/2024,26/07/2024,10/07/2024, , ,ANNUAL GENERAL MEETING   
EQ,WENDT,Wendt (India) Ltd., ,15/07/2024,22/07/2024,12/07/2024, , ,AGM/DIV - RS 20 PER SH   
EQ,THEMISMED,Themis Medicare Limited, ,15/07/2024,22/07/2024,12/07/2024, , ,AGM/DIV-RS 0.50 PER SH   
EQ,M&M,Mah & Mah Ltd., ,06/07/2024,31/07/2024,05/07/2024, , ,AGM/DIV-RS 21.1 PER SH   
EQ,IMPAL,India Motor Parts and Acc, ,16/07/2024,24/07/2024,15/07/2024, , ,AGM/DIV - RS 18 PER SH   
EQ,SIYSIL,Siyaram Silk Mills Ltd, ,16/07/2024,19/07/2024,15/07/2024, , ,AGM/DIV - RS 4 PER SH    
EQ,NDRAUTO,NDR Auto Components Ltd, ,16/07/2024,22/07/2024,15/07/2024, , ,AGM/DIV-RS 3.75 PER SH   
EQ,BLISSGVS,Bliss GVS Pharma Ltd, ,19/07/2024,25/07/2024,18/07/2024, , ,AGM/DIV-RS 0.50 PER SH   
GS,84GS2024,GOI LOAN 8.40% 2024,24/07/2024, , , , , ,REDEMPTION               
MF,UTFIQIPRPI,UTI-FIIF QIP - I - RDP,22/07/2024, , , , , ,DIV/STP                  
MF,UTFIQIPRGI,UTI-FIIF QIP - I - RG,22/07/2024, , , , , ,STP                      
MF,UTFDQIPIRI,UTIAMC - UTFDQIPIRI,22/07/2024, , , , , ,DIV/STP                  
MF,UTFDQIPIPI,UTIAMC - UTFDQIPIPI,22/07/2024, , , , , ,DIV/STP                  
MF,UTFIQIPRRI,UTI-FIIF QIP - I - RDR,22/07/2024, , , , , ,DIV/STP                  
MF,UTFDQIPIGI,UTIAMC - UTFDQIPIGI,22/07/2024, , , , , ,STP                      
N3,UGROCAP,Sec Red NCD 10.15% Sr. II,21/07/2024, , , , , ,INT PAYMENT/REDEMPTION   
N4,UGROCAP,Sec Red NCD 10.40% Sr.III,21/07/2024, , ,19/07/2024, , ,INTEREST PAYMENT         
N4,IIFLSAMFIN,Sec Re NCD 10.03% Sr 5,17/07/2024, , ,16/07/2024, , ,INTEREST PAYMENT         
N4,IIHFL,Unsec Re NCD 10% Sr.I,18/07/2024, , ,18/07/2024, , ,INTEREST PAYMENT         
N4,INCREDFIN,Sec Re NCD 9.45% Sr.I,18/07/2024, , ,18/07/2024, , ,INTEREST PAYMENT         
N5,IIHFL,Unsec Re NCD 9.60% Sr.II,16/07/2024, , ,16/07/2024, , ,INTEREST PAYMENT         
N5,ERFLNCDI,Sec Red NCD 8.88% Sr. V,18/07/2024, , ,18/07/2024, , ,INTEREST PAYMENT         
N6,INCREDFIN,Sec Re NCD 9.65% Sr.III,18/07/2024, , ,18/07/2024, , ,INTEREST PAYMENT         
N8,IBULHSGFIN,Sec Red NCD 8.65% Sr. V,18/07/2024, , ,18/07/2024, , ,INTEREST PAYMENT         
N8,920IIFLS26,Sec Re NCD 9.20% Sr I,17/07/2024, , ,16/07/2024, , ,INTEREST PAYMENT         
N9,IIHFL,Sec Re NCD 8.20% Sr.III,16/07/2024, , ,16/07/2024, , ,INTEREST PAYMENT         
NA,957IIFLS27,Sec Re NCD 9.57% Sr III,17/07/2024, , ,16/07/2024, , ,INTEREST PAYMENT         
NC,IIFL,IIFL Finance Limited,16/07/2024, , ,16/07/2024, , ,INTEREST PAYMENT         
NC,IBULHSGFIN,Uns Red NCD 8.79% Sr.VIII,18/07/2024, , ,18/07/2024, , ,INTEREST PAYMENT         
NC,IIHFL,Sec Re NCD 8.43% Sr.VI,16/07/2024, , ,16/07/2024, , ,INTEREST PAYMENT         
NC,1003IIFL29,Sec Re NCD 10.03% Sr V,17/07/2024, , ,16/07/2024, , ,INTEREST PAYMENT         
NF,IIFL,IIFL Finance Limited,16/07/2024, , ,16/07/2024, , ,INTEREST PAYMENT         
NH,IBUCCREDIT,Sec Re NCD 9.40% Sr.III,18/07/2024, , ,18/07/2024, , ,INTEREST PAYMENT         
NJ,ECLFINANCE,Sec Red NCD 9.43% Sr. VI,18/07/2024, , ,18/07/2024, , ,INTEREST PAYMENT         
NK,IBUCCREDIT,Sec Re NCD 9.61% Sr.VI,18/07/2024, , ,18/07/2024, , ,INTEREST PAYMENT         
NL,IIFL,IIFL Finance Limited,16/07/2024, , ,16/07/2024, , ,INTEREST PAYMENT         
NN,IBUCCREDIT,Sec Re NCD 9.40% Sr.VIII,18/07/2024, , ,18/07/2024, , ,INTEREST PAYMENT         
NO,DHANILOANS,Dhani Loans & Serv Ltd,18/07/2024, , ,18/07/2024, , ,INTEREST PAYMENT         
NO,IBUCCREDIT,Sec Re NCD 9.85% Sr.VIII,18/07/2024, , ,18/07/2024, , ,INTEREST PAYMENT         
NR,ECLFINANCE,ECL Finance Limited,18/07/2024, , ,18/07/2024, , ,INTEREST PAYMENT         
NS,IIFL,IIFL Finance Limited,16/07/2024, , ,16/07/2024, , ,INTEREST PAYMENT         
NZ,IIFL,IIFL Finance Limited,16/07/2024, , ,16/07/2024, , ,INTEREST PAYMENT         
SG,503KL24,SDL KL 5.03% 2024,19/07/2024, , , , , ,REDEMPTION               
SG,505RJ24,SDL RJ 5.05% 2024,25/07/2024, , , , , ,REDEMPTION               
SM,SIDDHIKA,Siddhika Coatings Limited,19/07/2024, , ,19/07/2024, , ,BONUS 1:1                
SM,GRETEX,Gretex Industries Ltd., ,21/07/2024,27/07/2024,19/07/2024, , ,ANNUAL GENERAL MEETING   
SQ,GRETEX,Gretex Industries Ltd., ,21/07/2024,27/07/2024,19/07/2024, , ,ANNUAL GENERAL MEETING   
SQ,SIDDHIKA,Siddhika Coatings Limited,19/07/2024, , ,19/07/2024, , ,BONUS 1:1                
ST,SIDDHIKA,Siddhika Coatings Limited,19/07/2024, , ,19/07/2024, , ,BONUS 1:1                
ST,GRETEX,Gretex Industries Ltd., ,21/07/2024,27/07/2024,19/07/2024, , ,ANNUAL GENERAL MEETING   
U3,UGROCAP,Sec Red NCD 10.15% Sr. II,21/07/2024, , , , , ,INT PAYMENT/REDEMPTION   
U4,UGROCAP,Sec Red NCD 10.40% Sr.III,21/07/2024, , ,19/07/2024, , ,INTEREST PAYMENT         
U4,IIFLSAMFIN,Sec Re NCD 10.03% Sr 5,17/07/2024, , ,16/07/2024, , ,INTEREST PAYMENT         
U4,IIHFL,Unsec Re NCD 10% Sr.I,18/07/2024, , ,18/07/2024, , ,INTEREST PAYMENT         
U4,INCREDFIN,Sec Re NCD 9.45% Sr.I,18/07/2024, , ,18/07/2024, , ,INTEREST PAYMENT         
U5,IIHFL,Unsec Re NCD 9.60% Sr.II,16/07/2024, , ,16/07/2024, , ,INTEREST PAYMENT         
U5,ERFLNCDI,Sec Red NCD 8.88% Sr. V,18/07/2024, , ,18/07/2024, , ,INTEREST PAYMENT         
U6,INCREDFIN,Sec Re NCD 9.65% Sr.III,18/07/2024, , ,18/07/2024, , ,INTEREST PAYMENT         
U8,IBULHSGFIN,Sec Red NCD 8.65% Sr. V,18/07/2024, , ,18/07/2024, , ,INTEREST PAYMENT         
U8,920IIFLS26,Sec Re NCD 9.20% Sr I,17/07/2024, , ,16/07/2024, , ,INTEREST PAYMENT         
U9,IIHFL,Sec Re NCD 8.20% Sr.III,16/07/2024, , ,16/07/2024, , ,INTEREST PAYMENT         
UA,957IIFLS27,Sec Re NCD 9.57% Sr III,17/07/2024, , ,16/07/2024, , ,INTEREST PAYMENT         
UC,IIFL,IIFL Finance Limited,16/07/2024, , ,16/07/2024, , ,INTEREST PAYMENT         
UC,IBULHSGFIN,Uns Red NCD 8.79% Sr.VIII,18/07/2024, , ,18/07/2024, , ,INTEREST PAYMENT         
UC,IIHFL,Sec Re NCD 8.43% Sr.VI,16/07/2024, , ,16/07/2024, , ,INTEREST PAYMENT         
UC,1003IIFL29,Sec Re NCD 10.03% Sr V,17/07/2024, , ,16/07/2024, , ,INTEREST PAYMENT         
UF,IIFL,IIFL Finance Limited,16/07/2024, , ,16/07/2024, , ,INTEREST PAYMENT         
UH,IBUCCREDIT,Sec Re NCD 9.40% Sr.III,18/07/2024, , ,18/07/2024, , ,INTEREST PAYMENT         
UJ,ECLFINANCE,Sec Red NCD 9.43% Sr. VI,18/07/2024, , ,18/07/2024, , ,INTEREST PAYMENT         
UK,IBUCCREDIT,Sec Re NCD 9.61% Sr.VI,18/07/2024, , ,18/07/2024, , ,INTEREST PAYMENT         
UL,IIFL,IIFL Finance Limited,16/07/2024, , ,16/07/2024, , ,INTEREST PAYMENT         
UN,IBUCCREDIT,Sec Re NCD 9.40% Sr.VIII,18/07/2024, , ,18/07/2024, , ,INTEREST PAYMENT         
UO,DHANILOANS,Dhani Loans & Serv Ltd,18/07/2024, , ,18/07/2024, , ,INTEREST PAYMENT         
UO,IBUCCREDIT,Sec Re NCD 9.85% Sr.VIII,18/07/2024, , ,18/07/2024, , ,INTEREST PAYMENT         
UR,ECLFINANCE,ECL Finance Limited,18/07/2024, , ,18/07/2024, , ,INTEREST PAYMENT         
US,IIFL,IIFL Finance Limited,16/07/2024, , ,16/07/2024, , ,INTEREST PAYMENT         
UZ,IIFL,IIFL Finance Limited,16/07/2024, , ,16/07/2024, , ,INTEREST PAYMENT         

