SYMBOL,SERIES,SECURITY,HIGH/LOW,INDEX FLAG
63MOONS,EQ,63 MOONS TECHNOLOGIES LTD,H
AHIMSA,ST,AHIMSA INDUSTRIES LTD.,H
AKI,EQ,AKI INDIA LIMITED,H
ANIKINDS,EQ,ANIK INDUSTRIES LTD,H
ANSALAPI,BZ,ANSAL PROP & INFRA LTD,H
APOLLO,EQ,APOLLO MICRO SYSTEMS LTD,H
ARSHIYA,BE,ARSHIYA LIMITED,H
ASIANENE,EQ,ASIAN ENERGY SERVICES LTD,H
ASIANHOTNR,EQ,ASIAN HOTELS (NORTH) LTD,H
CENTEXT,EQ,CENTURY EXTRUSIONS LTD,H
CGRAPHICS,SM,CREATIVE GRAPHICS S IND L,H
COMPUSOFT,EQ,COMPUCOM SOFTWARE LTD,H
CONTI,SM,CONTINENTAL SEED CHEM LTD,H
CORDSCABLE,BE,CORDS CABLE INDUS LTD.,H
CYBERMEDIA,EQ,CYBER MEDIA (INDIA) LTD.,H
DCI,EQ,DC INFOTECH AND COMUN LTD,H
DNAMEDIA,EQ,DILIGENT MEDIA CORP LTD.,H
DREDGECORP,BE,DREDGING CORP OF INDIA,H
DTL,ST,DIENSTEN TECH LIMITED,H
DUCON,BE,DUCON INFRATECHNOLOGIES L,H
EFFWA,ST,EFFWA INFRA & RESEARCH L,H
EIMCOELECO,BE,EIMCO ELECON (INDIA) LTD,H
EMKAY,BE,EMKAY GLOBAL FIN SERV LTD,H
ENSER,SM,ENSER COMMUNICATIONS LTD,H
ESSARSHPNG,BE,ESSAR SHIPPING LTD,H
FLEXITUFF,EQ,FLEXITUFF VENTURES INT L,H
GANGAFORGE,BE,GANGA FORGING LIMITED,H
GATECH,EQ,GACM TECHNOLOGIES LIMITED,H
GATECHDVR,BE,GACM TECHNOLOGIES LIMITED,H
GAYAPROJ,BZ,GAYATRI PROJECTS LTD,H
GGBL,ST,GANESH GREEN BHARAT LTD,H
GLOBE,EQ,GLOBE TEXTILES (I) LTD.,H
GODHA,BE,GODHA CABCON INSULAT LTD,H
GOLDENTOBC,BZ,GOLDEN TOBACCO LIMITED,H
GRAPHISAD,SM,GRAPHISADS LIMITED,H
GVPTECH,EQ,GVP INFOTECH LIMITED,H
HEXATRADEX,EQ,HEXA TRADEX LIMITED,H
HINDCON,BE,HINDCON CHEMICALS LIMITED,H
HMT,BZ,HMT LTD -,H
HSCL,EQ,HIMADRI SPECIALITY CHEM L,H
HUBTOWN,BE,HUBTOWN LIMITED,H
INDOAMIN,EQ,INDO AMINES LIMITED,H
INDOTECH,BE,INDO TECH TRANSFORM LTD.,H
INDOTHAI,EQ,INDO THAI SEC LTD,H
INDOWIND,BE,INDOWIND ENERGY LTD,H
INDSWFTLTD,EQ,IND-SWIFT LIMITED,H
INSPIRISYS,EQ,INSPIRISYS SOLUTIONS LTD,H
INTENTECH,EQ,INTENSE TECHNOLOGIES LTD,H
INVENT-RE,BE,INVENTURE GRO & SEC LTD,H
INVENTURE,EQ,INVENTURE GRO & SEC LTD,H
IRIS,BE,IRIS BUSINESS SERV LTD,H
ISHAN,SM,ISHAN INTERNATIONAL LTD,H
JPASSOCIAT,BE,JAIPRAKASH ASSOCIATES LTD,H
JYOTISTRUC,BE,JYOTI STRUCTURES,H
KARMAENG,EQ,KARMA ENERGY LIMITED,H
KDL,ST,KORE DIGITAL LIMITED,H
KEEPLEARN,BE,DSJ KEEP LEARNING LTD,H
KERNEX,EQ,KERNEX MICROSYS(I) LTD,H
KEYFINSERV,EQ,KEYNOTE FIN SERV LTD.,H
KONTOR,SM,KONTOR SPACE LIMITED,H
KPIGREEN,EQ,KPI GREEN ENERGY LIMITED,H
LATTEYS,BE,LATTEYS INDUSTRIES LTD,H
MACPOWER,BE,MACPOWER CNC MACHINES LTD,H
MADHUCON,BE,MADHUCON PROJECTS LTD.,H
MANAKSTEEL,EQ,MANAKSIA STEELS LTD,H
MANORG,EQ,MANGALAM ORGANICS LIMITED,H
MARINE,BE,MARINE ELECTRICAL (I) LTD,H
MEGASOFT,EQ,MEGASOFT LTD,H
MICEL,BE,MIC ELECTRONICS LTD,H
MOKSH,EQ,MOKSH ORNAMENTS LIMITED,H
MONQ50,EQ,MOTILALAMC - MONQ50,H
MTEDUCARE,BE,MT EDUCARE LTD,H
MUKKA,EQ,MUKKA PROTEINS LIMITED,H
MVKAGRO,SM,M.V.K. AGRO FOOD PROD LTD,H
NANDANI-RE,BE,NANDANI CREATION LTD,H
NEPHROCARE,ST,NEPHRO CARE INDIA LIMITED,H
NEXTMEDIA,EQ,NEXT MEDIAWORKS LIMITED,H
NIRMAN,ST,NIRMAN AGRI GENTICS LTD,H
OCCL,EQ,ORIENTAL CARBN & CHEM LTD,H
OMKARCHEM,BZ,OMKAR SPL CHEM LTD,H
OSIAHYPER,BE,OSIA HYPER RETAIL LIMITED,H
PRATHAM,SM,PRATHAM EPC PROJECTS LTD,H
QFIL,SM,QUALITY FOILS (INDIA) LTD,H
RAMCOSYS,EQ,RAMCO SYSTEMS LTD.,H
RAYMOND,BE,RAYMOND - DEP SETT,H
RELIABLE,EQ,RELIABLE DATA SERVICE LTD,H
REXPIPES,SM,REX PIPES AND CABLES LTD,H
RICHA,SM,RICHA INFO SYSTEMS LTD,H
RKEC,BE,RKEC PROJECTS LIMITED,H
RSSOFTWARE,BE,R. S. SOFTWARE (INDIA) LI,H
RULKA,ST,RULKA ELECTRICALS LIMITED,H
SABAR,SM,SABAR FLEX INDIA LIMITED,H
SARTELE,SM,SAR TELEVENTURE LIMITED,H
SERVOTECH,EQ,SERVOTECH POWER SYS LTD.,H
SEYAIND,BE,SEYA INDUSTRIES LIMITED,H
SIDDHIKA,SM,SIDDHIKA COATINGS LIMITED,H
SIKKO,BE,SIKKO INDUSTRIES LIMITED,H
SITINET,BE,SITI NETWORKS LIMITED,H
SJLOGISTIC,SM,S J LOGISTICS (INDIA) LTD,H
SLONE,ST,SLONE INFOSYSTEMS LIMITED,H
SOFTTECH,EQ,SOFTTECH ENGINEERS LTD,H
SOLEX,SM,SOLEX ENERGY LIMITED,H
SOMICONVEY,BE,SOMI CONVEYOR BELT. LTD.,H
SPMLINFRA,EQ,SPML INFRA LIMITED,H
SPORTKING,EQ,SPORTKING INDIA LIMITED,H
SUPREMEENG,BE,SUPREME ENGINEERING LTD,H
SURANAT&P,BE,SURANA TELECOM AND POW LT,H
SWARAJ,SM,SWARAJ SUITING LIMITED,H
SYLVANPLY,SM,SYLVAN PLYBOARD (INDIA) L,H
TAC,SM,TAC INFOSEC LIMITED,H
TECILCHEM,BE,TECIL CHEMICALS,H
TIMESCAN,SM,TIMESCAN LOGISTICS IND L,H
TVVISION,BE,TV VISION LIMITED,H
UMANGDAIRY,EQ,UMANG DAIRIES LIMITED,H
UMESLTD,BE,USHA MARTIN EDU & SOL LTD,H
URAVI,EQ,URAVI T AND WEDG LAMP LTD,H
USK,BE,UDAYSHIVAKUMAR INFRA LTD,H
VELS,SM,VELS FILM INTERNATIONAL L,H
VERTEXPLUS,ST,VERTEXPLUS TECHNOLOGIES L,H
VINYAS,ST,VINYAS INNOVATIVE TECH L,H
VIPULLTD,EQ,VIPUL LIMITED,H
VIVIANA,ST,VIVIANA POWER TECH LTD,H
VRAJ,BE,VRAJ IRON AND STEEL LTD,H
VSCL,SM,VADIVARHE SPCLTY CHEM LTD,H
WANBURY,EQ,WANBURY LIMITED,H
WEBELSOLAR,BE,WEBSOL ENERGY SYSTEM LTD,H
WINDMACHIN,EQ,WINDSOR MACHINES LIMITED,H
WINSOME,BE,WINSOME YARNS LIMITED,H
XELPMOC,EQ,XELPMOC DESIGN & TECH LTD,H
ACCURACY,BE,ACCURACY SHIPPING LIMITED,L
ACSAL,SM,ARVIND AND COMPANY,L
AIMTRON,ST,AIMTRON ELECTRONICS LTD,L
AKANKSHA,ST,AKANKSHA POWER N INFRA L,L
AMBEY,ST,AMBEY LABORATORIES LTD,L
AMEYA,SM,AMEYA PRECISION ENG LTD,L
ASMS,EQ,BARTRONICS INDIA LIMITED,L
ATAM,EQ,ATAM VALVES LIMITED,L
BIRDYS,ST,GRILL SPLENDOUR SER LTD,L
BPL,BE,BPL LTD,L
CANARYS,ST,CANARYS AUTOMATIONS LTD,L
CCHHL,BE,COUNTRY CLUB HOSP HOL LTD,L
CLOUD,ST,VARANIUM CLOUD LIMITED,L
CMMIPL,ST,CMM INFRAPROJECTS LIMITED,L
CMRSL,SM,CYBER MEDIA RES & SER LTD,L
CTE,BE,CAMBRIDGE TECH ENTER LTD,L
DCG,ST,DCG CABLES & WIRES LTD,L
DCMNVL,BE,DCM NOUVELLE LIMITED,L
DCXINDIA,BE,DCX SYSTEMS LIMITED,L
DESTINY,SM,DESTINY LOGISTICS & I LTD,L
DRL,SM,DHANUKA REALTY LIMITED,L
DUCOL,ST,DUCOL ORGS AND COLOURS LT,L
DYNAMIC,SM,DYNAMIC SRVCS & SEC LTD,L
ENFUSE,ST,ENFUSE SOLUTIONS LIMITED,L
EUROTEXIND,EQ,EUROTEX INDUSTRIES LTD,L
FEL,BZ,FUTURE ENTERPRISES LTD,L
FELDVR,BE,FUTURE ENTERPRISES LTD,L
FELIX,SM,FELIX INDUSTRIES LTD.,L
FSC,BZ,FUTURE SUPP CHAIN SOL LTD,L
GENCON,BE,GENERIC ENG CONS PROJ LTD,L
GEPIL,BE,GE POWER INDIA LIMITED,L
GIRIRAJ,SM,GIRIRAJ CIVIL DEVP LTD,L
GODHA,BE,GODHA CABCON INSULAT LTD,L
GPTINFRA,BE,GPT INFRAPROJECTS LTD,L
GTLINFRA,EQ,GTL INFRA.LTD,L
GVKPIL,EQ,GVK POW. & INFRA LTD.,L
HECPROJECT,BE,HEC INFRA PROJECTS LTD,L
INDOWIND,BE,INDOWIND ENERGY LTD,L
JAINAM,SM,JAINAM FER ALLOYS (I) LTD,L
K2INFRA,ST,K2 INFRAGEN LIMITED,L
KAUSHALYA,EQ,KAUSHALYA INFRA DEV LTD.,L
KAYA,BE,KAYA LIMITED,L
KBCGLOBAL,BE,KBC GLOBAL LIMITED,L
KCEIL,ST,KAY CEE ENERGY & INFRA L,L
KCK,SM,KCK INDUSTRIES LTD,L
KELLTONTEC,EQ,KELLTON TECH SOL LTD,L
KORE,ST,JAY JALARAM TECHNO LTD,L
LPDC,BE,LANDMARK PR.DEV.CO.LTD,L
MANDEEP,ST,MANDEEP AUTO INDUSTRIES L,L
MBLINFRA,BE,MBL INFRASTRUCTURE LTD,L
MCON,ST,MCON RASAYAN INDIA LTD,L
MEGATHERM,ST,MEGATHERM INDUCTION LTD,L
NAGREEKCAP,BE,NAGREEKA CAP & INFR.LTD,L
NILAINFRA,EQ,NILA INFRASTRUCTURES LTD,L
OLIL,ST,ONECLICK LOGISTICS IND L,L
OWAIS,SM,OWAIS METAL & MINERAL,L
PARIN,SM,PARIN FURNITURE LIMITED,L
PERFECT,SM,PERFECT INFRAENGINEER LTD,L
RAJTV,BE,RAJ TV NETWORK LTD,L
RILINFRA,ST,RACHANA INFRA LTD,L
RKDL,BE,RAVI KUMAR DIST. LTD.,L
ROLLT,BE,ROLLATAINERS LIMITED,L
SAHANA,SM,SAHANA SYSTEM LIMITED,L
SARTE-RE,ST,SAR TELEVENTURE LIMITED,L
SECURCRED,BE,SECUR CREDENTIALS LIMITED,L
SHRENIK,BE,SHRENIK LIMITED,L
SHUBHLAXMI,SM,SHUBHLAXMI JEWEL ART LTD,L
SIMBHALS,BE,SIMBHAOLI SUGARS LTD.,L
SKYGOLD,BE,SKY GOLD LIMITED,L
SOLARAPP,X1,SOLAR ACT RS.3.50 PPD UP,L
SPECTRUM,SM,SPECTRUM ELECTRIC IND LTD,L
SURANAT&P,BE,SURANA TELECOM AND POW LT,L
TECHLABS,ST,TRIDENT TECHLABS LIMITED,L
TECILCHEM,BE,TECIL CHEMICALS,L
TGL,ST,TEERTH GOPICON LIMITED,L
TIRUPATI,SM,SHREE TIRUPATI BALAJEE,L
TPHQ,BE,TEAMO PRODUCTIONS HQ LTD,L
TRUST,ST,TRUST FINTECH LIMITED,L
VEEKAYEM,SM,VEEKAYEM FASH & APP LTD,L
VERANDA,BE,VERANDA LEARNING SOL LTD,L
VIPULLTD,EQ,VIPUL LIMITED,L
ZENITHSTL,BE,ZENITH STEEL PIP IND LTD,L
ZTECH,SM,Z-TECH (INDIA) LIMITED,L
