GAIN_LOSS,SECURITY,CLOSE_PRIC,PREV_CL_PR,PERCENT_CG
 ,Nifty 50 Sec., , , 
 , , , , 
G,COAL INDIA LTD,       512.45,       497.75,2.95
G,BHARAT PETROLEUM CORP  LT,       315.95,       307.75,2.66
G,HINDUSTAN UNILEVER LTD.,      2688.45,      2620.30,2.6
G,TATA CONSUMER PRODUCT LTD,      1176.25,      1148.80,2.39
G,BHARTI AIRTEL LIMITED,      1466.50,      1437.60,2.01
G,LTIMINDTREE LIMITED,      5562.35,      5478.15,1.54
G,HDFC LIFE INS CO LTD,       646.75,       638.05,1.36
G,TECH MAHINDRA LIMITED,      1516.20,      1499.05,1.14
G,INFOSYS LIMITED,      1726.05,      1707.05,1.11
G,MAHINDRA & MAHINDRA LTD,      2756.75,      2731.05,.94
G,BRITANNIA INDUSTRIES LTD,      5862.35,      5809.70,.91
G,GRASIM INDUSTRIES LTD,      2827.35,      2803.75,.84
G,ICICI BANK LTD.,      1239.90,      1229.95,.81
G,EICHER MOTORS LTD,      4916.10,      4881.35,.71
G,ADANI ENTERPRISES LIMITED,      3109.30,      3090.40,.61
G,ASIAN PAINTS LIMITED,      2974.45,      2956.50,.61
G,SBI LIFE INSURANCE CO LTD,      1621.35,      1613.45,.49
G,BAJAJ AUTO LIMITED,      9718.35,      9673.35,.47
G,ITC LTD,       465.55,       463.40,.46
G,BAJAJ FINSERV LTD.,      1609.55,      1602.20,.46
G,TITAN COMPANY LIMITED,      3234.05,      3224.20,.31
G,JSW STEEL LIMITED,       934.35,       931.70,.28
G,ADANI PORT & SEZ LTD,      1499.05,      1495.05,.27
G,APOLLO HOSPITALS ENTER. L,      6453.70,      6437.25,.26
G,TATA CONSULTANCY SERV LT,      4178.45,      4169.20,.22
G,TATA STEEL LIMITED,       167.07,       166.76,.19
G,INDUSIND BANK LIMITED,      1445.90,      1444.05,.13
G,NESTLE INDIA LIMITED,      2607.30,      2605.10,.08
G,OIL AND NATURAL GAS CORP.,       322.65,       322.50,.05
G,WIPRO LTD,       559.70,       559.70,0
 , , , , 
L,SHRIRAM FINANCE LIMITED,      2813.50,      2882.30,-2.39
L,DR. REDDY S LABORATORIES,      6646.05,      6794.75,-2.19
L,KOTAK MAHINDRA BANK LTD,      1805.30,      1843.55,-2.07
L,ULTRATECH CEMENT LIMITED,     11658.70,     11833.65,-1.48
L,NTPC LTD,       380.45,       385.65,-1.35
L,HINDALCO  INDUSTRIES  LTD,       690.80,       700.10,-1.33
L,RELIANCE INDUSTRIES LTD,      3152.50,      3194.45,-1.31
L,HERO MOTOCORP LIMITED,      5578.10,      5606.35,-0.5
L,CIPLA LTD,      1510.40,      1517.20,-0.45
L,SUN PHARMACEUTICAL IND L,      1579.30,      1586.20,-0.44
L,LARSEN & TOUBRO LTD.,      3636.55,      3651.60,-0.41
L,POWER GRID CORP. LTD.,       342.45,       343.85,-0.41
L,TATA MOTORS LIMITED,      1021.15,      1024.45,-0.32
L,AXIS BANK LIMITED,      1304.00,      1307.45,-0.26
L,HDFC BANK LTD,      1619.75,      1622.10,-0.14
L,DIVI S LABORATORIES LTD,      4570.80,      4575.40,-0.1
L,STATE BANK OF INDIA,       880.70,       881.35,-0.07
L,BAJAJ FINANCE LIMITED,      7059.10,      7063.75,-0.07
L,MARUTI SUZUKI INDIA LTD.,     12639.55,     12643.95,-0.03
L,HCL TECHNOLOGIES LTD,      1569.55,      1569.60,0
 , , , , 
 ,Nifty Next 50 Sec., , , 
 , , , , 
G,LIFE INSURA CORP OF INDIA,      1108.45,      1060.30,4.54
G,MARICO LIMITED,       667.35,       652.95,2.21
G,DABUR INDIA LTD,       640.95,       632.40,1.35
G,DLF LIMITED,       843.75,       833.30,1.25
G,ADANI TOTAL GAS LIMITED,       906.00,       895.60,1.16
G,GODREJ CONSUMER PRODUCTS,      1452.75,      1436.70,1.12
G,ADANI GREEN ENERGY LTD,      1759.95,      1741.10,1.08
G,SHREE CEMENT LIMITED,     27906.80,     27616.85,1.05
G,INTERGLOBE AVIATION LTD,      4431.10,      4385.85,1.03
G,AVENUE SUPERMARTS LIMITED,      5039.85,      4988.85,1.02
G,COLGATE PALMOLIVE LTD.,      3127.85,      3097.30,0.99
G,ADANI ENERGY SOLUTION LTD,      1022.25,      1013.30,0.88
G,TORRENT PHARMACEUTICALS L,      2975.05,      2953.70,0.72
G,INDIAN OIL CORP LTD,       170.74,       169.70,0.61
G,ADANI POWER LTD,       712.45,       708.55,0.55
G,TVS MOTOR COMPANY  LTD,      2455.40,      2450.85,0.19
G,AMBUJA CEMENTS LTD,       685.35,       684.20,0.17
G,JINDAL STEEL & POWER LTD,      1010.05,      1008.50,0.15
G,PIDILITE INDUSTRIES LTD,      3175.15,      3171.00,0.13
G,BOSCH LIMITED,     35108.85,     35085.20,0.07
G,ICICI PRU LIFE INS CO LTD,       654.35,       654.25,0.02
 , , , , 
L,ZOMATO LIMITED,       217.49,       229.15,-5.09
L,HINDUSTAN AERONAUTICS LTD,      5329.40,      5504.60,-3.18
L,JIO FIN SERVICES LTD,       344.25,       355.40,-3.14
L,REC LIMITED,       617.70,       633.75,-2.53
L,SIEMENS LTD,      7468.60,      7639.80,-2.24
L,INDIAN RAILWAY FIN CORP L,       212.11,       216.32,-1.95
L,VARUN BEVERAGES LIMITED,      1599.00,      1627.85,-1.77
L,BHARAT ELECTRONICS LTD,       326.15,       331.40,-1.58
L,GAIL (INDIA) LTD,       233.41,       237.16,-1.58
L,POWER FIN CORP LTD.,       549.55,       558.00,-1.51
L,BAJAJ HOLDINGS & INVS LTD,      9796.90,      9908.75,-1.13
L,SBI CARDS & PAY SER LTD,       730.90,       738.55,-1.04
L,CANARA BANK,       116.04,       117.25,-1.03
L,PUNJAB NATIONAL BANK,       119.86,       120.93,-0.88
L,HAVELLS INDIA LIMITED,      1875.40,      1891.70,-0.86
L,VEDANTA LIMITED,       455.50,       459.45,-0.86
L,INDIAN RAIL TOUR CORP LTD,      1029.00,      1037.90,-0.86
L,TATA POWER CO LTD,       436.90,       439.35,-0.56
L,TRENT LTD,      5647.30,      5675.55,-0.5
L,INFO EDGE (I) LTD,      6812.00,      6838.25,-0.38
L,CHOLAMANDALAM IN & FIN CO,      1408.20,      1413.50,-0.37
L,ZYDUS LIFESCIENCES LTD,      1184.80,      1188.00,-0.27
L,ABB INDIA LIMITED,      8232.30,      8251.15,-0.23
L,SAMVRDHNA MTHRSN INTL LTD,       201.17,       201.58,-0.2
L,ICICI LOMBARD GIC LIMITED,      1873.10,      1876.70,-0.19
L,BANK OF BARODA,       258.20,       258.55,-0.14
L,SRF LTD,      2394.60,      2395.70,-0.05
L,BERGER PAINTS (I) LTD,       520.50,       520.65,-0.03
 , , , , 
 ,OTHER SECURITIES, , , 
 , , , , 
G,COMPUCOM SOFTWARE LTD,        33.00,        27.50,20
G,INDO AMINES LIMITED,       158.89,       132.41,20
G,KEYNOTE FIN SERV LTD.,       308.30,       256.92,20
G,ORIENTAL CARBN & CHEM LTD,       360.05,       300.05,20
G,UMANG DAIRIES LIMITED,       139.95,       116.63,19.99
G,SEC RE NCD 9.71% SR VIII,       979.00,       816.00,19.98
G,SYLVAN PLYBOARD (INDIA) L,       135.10,       112.90,19.66
G,M.V.K. AGRO FOOD PROD LTD,        63.20,        53.15,18.91
G,SAR TELEVENTURE LIMITED,        30.45,        26.20,16.22
G,MUKKA PROTEINS LIMITED,        54.22,        47.14,15.02
G,CAMLIN FINE SCIENCES LTD,       122.59,       107.58,13.95
G,VASCON ENGINEERS LTD,        81.38,        72.33,12.51
G,CHENNAI PETROLEUM CORP LT,      1212.10,      1084.70,11.75
G,INSECTICIDES (I) LTD,       799.80,       717.35,11.49
G,SPORTKING INDIA LIMITED,      1059.05,       950.30,11.44
G,RPG LIFE SCIENCES LTD,      1827.25,      1640.50,11.38
G,GREENCHEF APPLIANCES LTD,        86.70,        77.85,11.37
G,ALEMBIC PHARMA LTD,      1083.45,       981.85,10.35
G,INTENSE TECHNOLOGIES LTD,       175.38,       159.44,10
G,MOKSH ORNAMENTS LIMITED,        17.96,        16.33,9.98
G,IND-SWIFT LIMITED,        23.05,        20.96,9.97
G,INVENTURE GRO & SEC LTD,         2.88,         2.62,9.92
G,SONAM LIMITED,        39.79,        36.21,9.89
G,VIMTA LABS LIMITED,       562.65,       512.55,9.77
G,USHANTI COLOUR CHEM LTD,        63.45,        57.85,9.68
G,PEARL GLOBAL IND LIMITED,       833.00,       759.95,9.61
G,TAMILNADU PETROPRODUCTS L,       106.45,        97.17,9.55
G,SEC RE NCD 9.48% SR V,       958.00,       875.33,9.44
G,GLOBE TEXTILES (I) LTD.,         5.03,         4.60,9.35
G,MAHANAGAR TELEPHONE NIGAM,        53.40,        48.94,9.11
 , , , , 
L,SHEETAL COOL PRODUCTS LTD,       468.25,       545.65,-14.18
L,BOND 8.62% TAX FREE S3B,      1116.21,      1256.20,-11.14
L,KELLTON TECH SOL LTD,       163.89,       182.11,-10
L,ARVIND AND COMPANY,        78.60,        87.30,-9.97
L,DHANUKA REALTY LIMITED,        24.00,        26.65,-9.94
L,MEDICAMEN ORGANICS LTD,       109.20,       120.80,-9.6
L,DOLLEX AGROTECH LIMITED,        39.70,        43.40,-8.53
L,UPSURGE SEEDS OF AGRI LTD,       287.70,       308.45,-6.73
L,MASON INFRATECH LIMITED,       137.05,       146.85,-6.67
L,DPSC LIMITED,        21.13,        22.56,-6.34
L,JHS SVENDGAARD RETAIL V L,        45.25,        48.26,-6.24
L,GODFREY PHILLIPS INDIA LT,      4439.85,      4734.25,-6.22
L,INDIAN RENEWABLE ENERGY,       272.08,       289.65,-6.07
L,VISAMAN GLOBAL SALES LTD,        39.70,        42.25,-6.04
L,JUPITER WAGONS LIMITED,       662.05,       702.20,-5.72
L,SUNREST LIFESCIENCE LTD,        62.20,        65.90,-5.61
L,ARISTO BIO T AND LIFESC L,        98.00,       103.80,-5.59
L,SEC RE NCD 8.89% SR.VIII,       940.00,       995.00,-5.53
L,NAMAN IN-STORE (INDIA) L,       121.30,       128.35,-5.49
L,HINDUSTAN COMPOSITES LTD.,       584.75,       617.90,-5.36
L,D K ENTERPRISES GLOBAL L,        79.00,        83.45,-5.33
L,GTL INFRA.LTD,         2.86,         3.02,-5.3
L,EXCEL INDUSTRIES LTD,      1153.85,      1218.35,-5.29
L,SRM CONTRACTORS LIMITED,       208.42,       219.88,-5.21
L,DURLAX TOP SURFACE LTD,        78.60,        82.85,-5.13
L,PETRO CARBON AND CHEMI L,       319.20,       336.20,-5.06
L,SEC RE NCD 0% SR.VII,      1130.00,      1190.00,-5.04
L,NILA INFRASTRUCTURES LTD,        13.56,        14.28,-5.04
L,EUROTEX INDUSTRIES LTD,        15.65,        16.48,-5.04
L,GVK POW. & INFRA LTD.,         9.63,        10.14,-5.03
