SYMBOL,SYMBOL P/E,ADJUSTED P/E
FDC,26.61,26.61
INDUSINDBK,12.53,12.53
TRIGYN,20.97,20.97
KOTHARIPRO,25.28,25.28
ITDCEM,33.17,33.17
SONATSOFTW,62.25,5.34
CYBERTECH,27.29,27.29
DHANBANK,18.31,18.31
STCINDIA,22.01,23.66
RSSOFTWARE,27.11,27.11
IVC,33.5,33.5
ALEMBICLTD,40.76,40.76
BSOFT,32.49,32.49
STAR,306.95,35.81
ZYDUSLIFE,31.2,31.14
RAJESHEXPO,26.94,26.94
NRBBEARING,13.37,36.37
BLBLIMITED,37.31,37.31
BLUESTARCO,83.68,83.68
PNBGILTS,34.36,37.32
TAJGVK,27.68,27.68
HAVELLS,93.33,93.33
MRO-TEK,44.48,44.48
TRIDENT,54.85,54.87
ACLGATI,237.99,
TCI,25.96,25.76
ASAL,76.93,76.93
SURANAT&P,44.24,44.24
UNIONBANK,7.75,7.75
RADICO,87.81,87.81
NSIL,42.17,42.17
WELSPUNLIV,24.48,24.48
IGL,22.73,22.73
PTC,12.37,12.1
XPROINDIA,52.63,50.53
EXCELINDUS,88.89,88.89
ULTRACEMCO,48.93,48.55
GUFICBIO,41.4,41.4
WELENT,19.79,19.79
JBMA,136.41,136.41
XCHANGING,113.1,113.1
CONSOFINVT,13.75,13.75
SAKSOFT,34.73,34.73
SHOPERSTOP,117.88,108.76
PRIMESECU,46.61,46.61
VHL,378.49,44.56
MSPL,73.88,60.37
IDFC,582.05,582.05
IMPAL,19.03,19.03
AURIONPRO,60.68,60.68
AIAENG,34.95,34.97
ORIENTCER,33.13,39.07
EKC,17.6,17.26
ENIL,32.24,33.3
JAGRAN,12.85,12.85
BLKASHYAP,44.42,44.42
SOLARINDS,124.44,124.44
SUNTV,16.77,16.77
EMKAY,12.66,12.66
BALPHARMA,25.79,25.79
KAMDHENU,29.12,29.12
EMAMILTD,45.79,45.49
TECHM,61.36,61.44
ATLANTAA,.66,4.69
ANANTRAJ,62.98,62.98
ALICON,16.18,16.18
DCBBANK,8.04,8.04
TORNTPOWER,38.52,38.52
LTFOODS,18.51,18.51
JINDRILL,16.35,16.35
HBLPOWER,66.42,61.79
PTL,24.74,24.74
GANDHITUBE,18.7,18.7
UNOMINDA,79.66,81.66
ORIENTBELL,6853.71,6853.71
FSL,34.26,34.26
SMSPHARMA,42,42
RAJTV,557.21,557.21
BANSWRAS,16.75,16.75
AROGRANITE,42.56,42.56
NDLVENTURE,200.38,200.38
FORTIS,57.73,58.86
V2RETAIL,99.85,99.85
ADSL,28.9,28.9
CENTRALBK,22.1,22.1
CIEINDIA,27.79,27.79
PURVA,212.01,212.01
NAGREEKCAP,1.1,1.1
MAANALU,23.02,23.02
BAJAJELEC,90.33,90.33
EDELWEISS,11.49,11.49
RGL,12.79,12.79
COLPAL,63.64,62.97
ECLERX,24.22,24.16
BRIGADE,72.6,72.6
DVL,30.14,30.14
PATINTLOG,30.11,30.11
ARIES,19.44,19.44
CEATLTD,17.93,16.68
JKIL,19.88,19.88
KNRCON,13.83,13.83
ONMOBILE,54.8,54.8
SEPC,124.15,124.15
NAHARCAP,13.2,13.2
VGUARD,78,78
DPSCLTD,130.91,130.91
TITAGARH,79.65,79.19
BAJAJFINSV,16.41,16.41
DIGISPICE,19.21,44.13
RPGLIFE,30.95,30.95
RBL,19.3,18.87
UBL,133.1,133.1
ZFCVINDIA,73.87,73.87
JOCIL,99.28,99.28
TPHQ,28.47,28.47
MAWANASUG,12.89,12.89
MHRIL,76.12,76.12
ADANIPOWER,13.12,13.12
OIL,15.93,16
EXPLEOSOL,22.34,22.34
AMRUTANJAN,47.85,47.85
REFEX,28.29,28.26
JSWENERGY,73.72,73.72
HINDCOPPER,108.43,108.43
NESTLEIND,100.56,100.93
UNITEDTEA,13.04,13.04
THANGAMAYL,39.33,39.33
ISFT,22.09,22.09
SJVN,66.61,71.64
KIRLOSIND,16.63,15
TI,32.54,31.86
AHLEAST,7.58,9.91
UGARSUGAR,43.37,43.37
DEEPAKNTR,47.12,50.93
GREENPOWER,54.78,63.91
ASHOKA,11.48,13.26
OBEROIRLTY,32.52,32.52
SHAH,44.56,44.56
IOLCP,18.38,18.38
RPPINFRA,11.31,11.31
PSB,70.67,70.67
SUMMITSEC,27.4,27.4
HFCL,52.55,52.55
MUTHOOTFIN,16.5,16.5
PIIND,35.11,35.11
OMINFRAL,35.75,35.75
DHANUKA,32.79,32.79
WHEELS,41.67,41.67
RIIL,199.38,199.38
SHREDIGCEM,19.3,19.3
SMLISUZU,27.19,27.19
SUNDRMFAST,55.23,55.23
LAXMIMACH,45.26,45.26
PEL,,36.22
MAHSCOOTER,53.79,53.79
TRENT,149.02,241.81
KCP,11.68,11.65
JBCHEPHARM,50.12,50.12
IONEXCHANG,49.7,49.7
IFBIND,89.45,89.45
HIMATSEIDE,11.85,11.85
GFLLIMITED,306.28,306.28
BHARATFORG,84.07,83.43
ARVIND,27.79,27.94
TATAMOTORS,10.95,10.7
LINDEINDIA,174.15,174.15
ESCORTS,42.56,42.56
ASHOKLEY,25,24.52
ZUARIIND,1.72,
SUNDARMFIN,33.2,31.75
VEDL,22.67,33.97
RELIANCE,27.49,27.49
BATAINDIA,74.81,68.38
CARBORUNIV,75.59,75.59
DICIND,,108.8
MOTOGENFIN,122.33,122.33
RAMCOCEM,47.77,47.77
ADORWELD,31.07,31.07
TORNTPHARM,60.37,63.16
EPL,36.34,34.36
VLSFINANCE,3.36,3.36
BALRAMCHIN,17.64,17.64
AEGISLOG,45.25,45.25
BBOX,49.53,39.6
TATAELXSI,55.5,55.5
SANDESH,6.28,6.29
ASHIMASYN,8.65,8.65
ARE&M,32.39,32.39
BALKRISIND,41.46,41.46
RAJSREESUG,18.47,18.47
ONGC,7.54,7.36
TAINWALCHM,38.15,38.15
ANIKINDS,598.09,598.09
BSL,19.39,19.39
APCOTEXIND,43.43,43.43
RCF,56.39,67.1
TATAPOWER,45.25,48.9
SUNFLAG,32.67,32.67
BHARATRAS,56.03,56.03
JUBLPHARMA,107.77,74.04
IFCI,82.37,83.03
HLVLTD,63.35,63.35
HEIDELBERG,30.37,30.37
PCBL,21.74,21.74
EIHAHOTELS,34.72,34.72
SAIL,23.89,18.91
ABB,119.55,119.55
CANFINHOME,15.58,15.58
DCMSHRIRAM,34.78,34.78
COSMOFIRST,34.84,34.84
HEROMOTOCO,29.02,28.13
HARRMALAYA,,1572.95
ITC,27.93,27.92
HINDCOMPOS,26.52,26.52
OSWALGREEN,140.66,140.66
HUHTAMAKI,7.2,28.14
RICOAUTO,45.47,43.46
SIYSIL,12.64,12.64
PRECWIRE,38.18,38.18
NCC,28.52,27.74
SEAMECLTD,32.32,32.32
BBTC,8.34,8.07
GICHSGFIN,9.4,9.4
BANARBEADS,25.77,25.77
WSTCSTPAPR,5.72,5.72
PRUDMOULI,11.49,10.68
PRAJIND,46.88,46.88
KEEPLEARN,163.22,163.22
TFCILTD,19.89,19.89
AGI,21.7,21.7
TATACONSUM,84.14,72.58
ZEEL,77.33,273.31
FMGOETZE,17.77,17.77
ORIENTHOT,55.3,55.3
GOLDENTOBC,10.52,11.93
3MINDIA,75.31,75.31
SCHAEFFLER,69.09,68.83
MFSL,91.25,91.25
TATAINVEST,102.29,102.29
SAKHTISUG,3.92,
HINDZINC,35.93,35.93
GRASIM,18.77,18.03
FINCABLES,39.78,46.65
HEUBACHIND,25.83,25.83
CESC,16.81,20.48
BAJFINANCE,30.27,30.27
NAVA,9.12,9.96
CORALFINAC,11.26,11.26
AUTOAXLES,18.51,18.51
DALMIASUG,12.04,12.04
KHAITANLTD,27.94,27.94
ANDHRSUGAR,30.43,29.12
STARPAPER,6.31,6.17
AUSOMENT,14.89,14.89
JAYAGROGN,16.87,16.87
SAMBHAAV,68.18,90.25
SANGAMIND,48.1,42.01
MOTHERSON,49.1,47.63
INDIANCARD,20.6,
DENORA,53.09,53.09
SHRIRAMFIN,14.66,14.66
GANESHHOUC,19.11,19.11
ALKYLAMINE,70.26,70.26
RUCHINFRA,23.47,52.52
HERITGFOOD,45.81,45.81
GAIL,18.14,18.79
CONCOR,52.24,52.24
KCPSUGIND,6.47,7.04
CONTROLPR,23.74,23.76
TASTYBITE,62.85,62.85
AIRAN,29.68,29.68
URJA,385.32,385.32
CLEDUCATE,29.35,31.35
SHANKARA,20.76,20.76
WIPL,39.59,39.59
DEVIT,34.49,34.49
DOLLAR,32.48,32.27
SCHAND,16.67,16.67
PSPPROJECT,21.95,21.95
GLOBE,24.02,24.02
CDSL,59.8,59.8
AUBANK,31.03,29.82
DYNPRO,124.82,124.82
MAGADSUGAR,9.66,9.66
COCHINSHIP,92.17,92.17
SERVOTECH,222.89,222.89
DIXON,208.04,208.04
CAPACITE,20.73,20.73
AARVI,17.19,17.19
AIROLAM,25.61,25.61
JASH,39.5,39.5
DPABHUSHAN,47.37,47.37
VERTOZ,100.41,100.41
DNAMEDIA,.44,
TOUCHWOOD,48.44,48.45
AJOONI,54.04,54.04
BCONCEPTS,60.85,60.85
GALAXYSURF,34.24,34.24
GMMPFAUDLR,35.66,35.66
SARVESHWAR,54.19,54.19
BANDHANBNK,20.86,20.86
MITTAL,30.26,93.59
AVG,20.88,34.65
BSHSL,96.2,96.2
GODHA,140.11,140.11
E2E,105.36,105.36
SVLL,84.14,84.14
SONAMLTD,26.28,26.28
SATIA,6.3,6.3
AFFLE,67.25,67.25
SPANDANA,10.42,10.42
UJJIVANSFB,6.63,6.63
SAFARI,59.68,59.68
360ONE,44.55,44.55
GREENPANEL,27.62,27.62
APOLLOPIPE,59.95,59.95
ROUTE,29.42,30.52
HOMEFIRST,31.95,31.95
EQUITASBNK,13.07,13.07
HINDWAREAP,88.1,88.1
LIKHITHA,27.76,27.76
PATANJALI,73.8,73.8
ASALCBR,23.74,23.74
UNIVPHOTO,13.23,13.23
BAFNAPH,27.93,27.93
POWERINDIA,312.08,312.08
RAJRATAN,42.93,42.93
AARTISURF,28.29,28.29
NDRAUTO,39.13,39.13
AAATECH,43.21,43.21
SIGACHI,34.74,34.74
NIRAJ,19.15,12.94
CAMS,56.64,56.64
UTIAMC,17.03,17.03
ORCHPHARMA,60.11,60.11
INDIGOPNTS,47.74,47.74
LXCHEM,60.74,60.74
MTARTECH,106.68,106.68
KANPRPLA,289.61,289.61
STYLAMIND,25.76,25.6
CARYSIL,37.65,37.65
FIBERWEB,17.19,17.19
BHAGCHEM,175.72,175.72
IPL,40.94,40.94
LODHA,92.93,87.52
UTKARSHBNK,11.28,11.28
CHENNPETRO,5.96,5.96
KRBL,12.23,12.23
GAEL,17.89,17.89
AXISCADES,72.86,72.86
TIPSINDLTD,57.42,57.42
HIKAL,63.61,63.61
MARKSANS,27.04,27.04
JISLJALEQS,53.59,53.59
UNITDSPR,67.34,66.85
BHARTIARTL,139.92,89.41
PONNIERODE,10.36,10.36
APTECHT,42.42,36.46
OFSS,42.68,42.68
CANBK,6.67,6.67
GODREJIND,46.82,46.82
JSL,24.13,24.86
DREDGECORP,108.69,106.42
MUKANDLTD,23.66,23.66
POONAWALLA,18.8,27.52
DATAMATICS,19.49,19.49
APARINDS,42.96,42.96
COFORGE,47.22,47.73
GULFPETRO,14.02,14.02
KOTARISUG,16.89,16.89
SUPRAJIT,42.71,42.71
JINDALPHOT,56.38,56.38
ALLSEC,27.07,27.07
SSWL,5.14,14.79
63MOONS,7.34,7.34
GENUSPOWER,111.17,111.17
SASKEN,33.44,33.44
NAUKRI,121.95,113.65
DONEAR,18.87,18.87
HIRECT,101.18,72.29
TANLA,24.47,24.47
LUMAXTECH,23.4,23.4
PITTIENG,44.88,44.88
CTE,50.83,50.83
REDINGTON,13.14,13.14
INDIANB,9.59,9.59
ICRA,37.91,37.91
ZENITHSTL,22.87,22.87
SRHHYPOLTD,12.98,11.77
KMSUGAR,14.14,14.14
NELCAST,23.71,32.58
MEGASOFT,66.32,66.32
ISMTLTD,25.71,23.99
MAGNUM,15,20.72
POWERGRID,20.51,20.51
CERA,48.76,48.51
GLOBUSSPR,25.49,25.49
RTNPOWER,.98,
ZYDUSWELL,51.03,48.45
SHILPAMED,174.15,193.37
DLINKINDIA,23.82,23.82
GODREJPROP,127.62,127.62
BEARDSELL,17.92,17.92
WHIRLPOOL,114.08,107.47
JUBLFOOD,99.25,169.35
EMMBI,19.25,19.25
HATHWAY,70.94,70.92
MANINFRA,25.58,25.58
KSL,23.82,23.82
HMVL,76.21,76.21
IITL,6.53,9.15
WELINV,104.89,104.89
CAREERP,14.92,14.92
WABAG,31.15,30.28
JWL,86.75,86.75
RESPONIND,46.38,46.38
PENIND,25.02,25.02
RKDL,,311.4
KICL,41.46,55.24
HINDMOTORS,26.5,26.5
LOVABLE,36.34,36.34
RELAXO,101.39,101.39
ASHIANA,51.49,51.49
PFIZER,40.99,41.49
DEEPAKFERT,21.58,21.58
COROMANDEL,28.22,28.22
ASIANPAINT,52.28,52.28
PGHL,39.7,39.7
VTL,26.89,26.89
VIPIND,124.66,197.46
HONAUT,98.99,98.99
SUNPHARMA,39.44,37.81
IVP,16.92,16.92
EICHERMOT,37.64,37.64
ZENSARTECH,26.82,26.82
KPIL,41.89,41.89
IGARASHI,169.44,169.44
MUNJALSHOW,20.61,19.38
RANASUG,14.34,14.34
UFLEX,,13.89
SUBROS,45.68,45.68
WIPRO,26.29,26.29
TATACOMM,56.16,61.87
SANOFI,27.07,26.21
KAJARIACER,50.37,50.34
MODTHREAD,9.17,9.17
PIDILITIND,92.08,89.52
JINDALSAW,11.18,11.18
STYRENIX,20.61,20.61
IDBI,17.07,17.07
BRITANNIA,65.47,65.41
DHAMPURSUG,10.9,10.9
KOTAKBANK,20.39,20.39
JAYSREETEA,28.24,
FOSECOIND,35.92,41.3
ANDHRAPAP,6.74,6.74
AARTIIND,61.75,61.75
AMJLAND,23.2,23.2
KSB,86.75,86.75
HEG,35.48,35.48
GODFRYPHLP,34.03,34.03
SURYAROSNI,20.53,20.53
SUDARSCHEM,17.88,57.02
IPCALAB,58.85,64.16
HINDALCO,15.5,15.52
GSFC,18.23,18.23
AMBUJACEM,35.74,37.44
CGPOWER,127.5,130.62
BEL,61.44,61.44
NATCOPHARM,15.59,15.59
GARFIBRES,36.43,36.43
SKFINDIA,52.45,52.45
MARICO,56.28,56.28
SUNDRMBRAK,29.32,29.32
AARTIDRUGS,28.72,28.72
WENDT,77.45,77.45
PUNJABCHEM,32.46,32.46
MMFL,49.01,49.37
GUJRAFFIA,46.95,46.95
BANKBARODA,7.26,7.26
BANKINDIA,8.82,8.82
INDSWFTLAB,2.7,11.63
MITCON,36.69,36.69
JPOLYINVST,27.64,27.64
WONDERLA,32.57,32.57
SNOWMAN,98.55,98.55
PDSL,33.67,34.38
GOODLUCK,22.76,22.76
APOLSINHOT,34.13,34.13
GREENLAM,53.28,53.28
HESTERBIO,142.04,142.04
PRIVISCL,64.96,64.96
NILAINFRA,49.25,49.25
ORICONENT,30.01,25.23
ADANIENSOL,94.54,84.87
PKTEA,23.73,23.73
SHARDAMOTR,26.76,26.76
COFFEEDAY,,6.55
TTKHLTCARE,32.08,32.08
LALPATHLAB,69.05,69.05
TEAMLEASE,42.6,43.88
KELLTONTEC,27.71,27.71
HCG,122.49,131.66
LTF,19.97,19.97
BODALCHEM,151.11,151.11
FILATEX,22.93,22.93
TDPOWERSYS,51.19,51.19
VASWANI,15.24,15.24
PANAMAPET,12.32,12.32
SHAKTIPUMP,59.56,59.56
JISLDVREQS,.91,.91
POLYMED,79.19,79.37
APLAPOLLO,58.74,58.74
MINDACORP,51.76,51.76
IRFC,43.98,43.98
COMPUSOFT,38.16,38.16
RHIM,,48.47
NBCC,81.73,61.9
HEXATRADEX,37,37
SWANENERGY,37.64,37.64
RTNINDIA,25.8,23.1
PROZONER,199.25,199.25
THEJO,63.26,63.26
KITEX,26.18,26.18
ROSSELLIND,172.2,170.78
TVSHLTD,13.76,13.74
VETO,15.93,15.93
INDUSTOWER,17.7,17.7
ATULAUTO,292.64,292.64
ORIENTCEM,35.85,35.85
SREEL,25.63,25.63
HATSUN,98.95,98.95
GULFOILLUB,19.74,19.74
CIGNITITEC,22.43,22.43
MONTECARLO,22.35,22.35
LAMBODHARA,35.4,35.4
MOLDTKPAC,39.62,39.62
LINC,25.57,25.57
JMA,9.1,9.1
IMAGICAA,7.64,129.81
LFIC,6.2,6.2
VIPULLTD,2.19,2.17
UFO,41.74,37.79
SKIPPER,49.62,49.62
SYNGENE,58.77,57.75
RAMASTEEL,54.01,54.01
ARVSMART,61.81,61.81
SHREEPUSHK,20.44,20.44
IDFCFIRSTB,19.86,19.86
LUXIND,46.74,46.74
SALZERELEC,33.97,33.97
LINCOLN,14.08,14.08
PRECAM,44.36,68.76
HITECH,49.71,49.71
KDDL,30.34,30.41
HECPROJECT,28.75,28.75
INFIBEAM,52.81,52.81
CROMPTON,62.83,62.83
ARMANFIN,12.43,12.43
ASPINWALL,22.55,22.55
PREMEXPLN,135.15,135.15
INCREDIBLE,33.55,33.55
MOLDTECH,28.32,28.32
QUESS,32.85,30.1
LLOYDSENGG,116.66,116.66
LTIM,35.39,35.39
GATECH,96.81,96.81
MINDTECK,36.44,36.44
DBL,38.57,421.74
MBAPL,79.19,79.19
CUPID,32.57,32.57
CROWN,57.77,57.77
MARATHON,22.53,22.53
SAKAR,62.18,62.18
PANSARI,35.69,35.69
ARTNIRMAN,144.47,144.47
MAZDA,19.42,19.42
VBL,95.64,95.64
JETFREIGHT,314.23,
TCIEXP,35.61,35.61
ITDC,98.88,98.79
LIBAS,8.77,8.77
MAHESHWARI,14.6,14.6
BHANDARI,18.29,18.29
MCL,79.17,79.17
PRICOLLTD,42.99,42.99
STEELCITY,11.98,11.98
KRISHANA,41.07,41.07
SANGINITA,64.25,64.25
AKASH,314.63,314.63
RADIOCITY,79.5,79.5
INTENTECH,23.93,23.93
LAXMICOT,,95.66
EIFFL,169.4,169.4
NRAIL,6.75,6.75
CREATIVE,22.87,22.87
FOCUS,24.51,24.51
SIKKO,37.67,37.67
MKPL,38.4,38.4
INFOBEAN,49.23,49.23
STARCEMENT,28.74,28.74
GTPL,20.75,20.75
ACEINTEG,55.67,55.67
AVADHSUGAR,10.09,10.09
GANGESSECU,50.19,50.19
TOTAL,140.22,140.22
SMSLIFE,40.64,40.64
VAISHALI,233.57,233.57
GEEKAYWIRE,12.66,12.66
APEX,47.9,47.9
CHOLAHLDNG,7.24,7.24
WORTH,11.96,11.96
DPWIRES,27.46,27.46
RKEC,14.87,14.87
GATECHDVR,33.69,33.69
GODREJAGRO,54.13,54.13
TIINDIA,66.59,66.6
NAM-INDIA,38.33,38.33
SECURCRED,7.58,7.58
SILVERTUC,58.82,58.82
ICEMAKE,47.95,47.95
SHALBY,39.68,39.68
ONEPOINT,65.36,65.36
MOKSH,14.01,14.01
SILLYMONKS,147.62,147.62
AMBER,111.6,111.6
SINTERCOM,324.67,324.67
SOUTHWEST,40.87,43.39
ARVEE,241.29,241.29
HGINFRA,20.79,21.25
HINDCON,40.82,40.82
UNIINFO,70.93,70.93
MACPOWER,61.95,61.95
HAL,48.47,48.47
URAVI,316.03,316.03
KAPSTON,30.67,30.67
LEMONTREE,64.24,64.24
MMP,31.49,31.49
AAKASH,22.42,22.42
SOFTTECH,139.7,139.7
ORIENTELEC,74.28,92.36
SIRCA,37.68,37.68
LATTEYS,60.3,60.3
PRITI,19.26,19.26
ACCURACY,411.97,411.97
RITES,37.11,37.11
GANGAFORGE,183.56,187.56
REPL,22.05,22.05
HBSL,2.43,2.43
AVROIND,28.55,28.55
HDFCAMC,43.32,43.32
TEMBO,20.74,21.21
AARON,44.34,44.34
LAGNAM,18.01,18.01
RPPL,29.91,29.91
AKG,45.5,45.5
IRCON,35.72,35.72
AHLADA,11.39,11.39
RAJMET,25.29,25.29
AAVAS,28.75,28.75
KSHITIJPOL,43.69,
GRSE,80.03,80.03
KRITIKA,52.31,52.31
SILGO,21.04,21.04
VINNY,27.63,27.63
BBTCL,29.94,29.94
MARINE,129.41,130.06
IRISDOREME,42.21,42.21
ATGL,151.63,151.63
UNIPARTS,18.31,18.31
SHRIRAMPPS,4.75,4.75
AWHCL,17.13,17.13
RPSGVENT,12.49,12.49
MSTCLTD,30.42,30.42
OSIAHYPER,17.57,17.57
ANUP,34.77,34.77
ARVINDFASN,66.04,63.29
PAR,20.33,20.33
RVNL,88.82,88.82
POLYCAB,55.62,55.62
METROPOLIS,82.7,82.7
KPITTECH,84.23,84.23
NEOGEN,122.02,122.02
VIKASLIFE,61.95,35.83
EMAMIPAP,9.79,9.79
CONFIPET,25.48,25.48
PPL,13.49,13.49
DGCONTENT,36.69,36.69
INDIAMART,46.37,46.19
OAL,159.11,159.11
WEL,154.24,154.24
CHEMCON,50.51,50.51
WESTLIFE,191.88,191.88
HNDFDS,69.38,69.38
MAZDOCK,60.13,60.13
IRCTC,74.73,71.96
DCI,42.58,42.58
IIFLSEC,11.49,11.49
HPIL,126,126
VISHWARAJ,24.32,24.32
FLUOROCHEM,83.06,83.06
KUANTUM,7.99,7.99
CHEMBOND,19.16,19.16
MGEL,22.94,22.94
SBICARD,29.17,29.17
SIGMA,22.16,22.16
CSBBANK,11.02,11.02
EASEMYTRIP,70.27,42.5
ROSSARI,34.85,34.85
PRINCEPIPE,41.78,45.38
ESAFSFB,6.28,6.28
ARTEMISMED,65.77,65.77
SUMICHEM,67.84,67.84
LGHL,88.68,93.51
MAHEPC,255.47,198.44
SUVENPHAR,71.31,71.31
STOVEKRAFT,58.75,58.75
KSOLVES,42.4,42.4
HAPPSTMNDS,50.62,52.73
GLAND,42.68,42.68
BOROLTD,59.06,59.06
MAXHEALTH,84.65,84.65
PAVNAIND,46.97,46.97
KALYANKJIL,88.73,88.73
SHAREINDIA,14.31,14.28
UNIDT,50.3,50.3
ANGELONE,17.13,17.13
ADL,1793.94,1793.94
SURYODAY,9.09,9.09
ROML,44.76,44.76
RAILTEL,75.02,77.97
BECTORFOOD,60.34,60.34
HERANBA,42.87,42.87
FAIRCHEMOR,42.94,42.94
ANURAS,49.45,49.45
ISGEC,42.45,42.45
PAKKA,22.81,22.81
CLSEL,9.65,9.65
SHAILY,69.18,69.18
MODISONLTD,21.25,26.7
BCLIND,14.7,14.63
SBCL,47.68,47.68
SMCGLOBAL,8.66,8.66
ARIHANTCAP,10.53,10.53
NAZARA,77.75,77.04
GENCON,27,27
HLEGLAS,73.49,68.59
SONACOMS,82.17,81.14
PARAS,185.45,185.45
CRAFTSMAN,37.26,37.26
EXXARO,178.07,178.07
ROLEXRINGS,37.96,34.41
KIMS,50.81,50.81
CLEAN,64.35,64.35
ABSLAMC,25.72,25.72
DEEPINDS,16.12,16.29
WINDLAS,25.01,25.01
CARTRADE,54.76,54.76
APTUS,26.53,26.53
SUPRIYA,27.01,27.01
VIJAYA,67.21,66.38
VINEETLAB,57.39,57.39
SANSERA,39.89,39.89
PRITIKAUTO,25.58,25.58
AAREYDRUGS,32.28,32.28
INTLCONV,8.15,8.15
HPAL,44.03,44.39
UGROCAP,21,21
KPIGREEN,72.49,72.38
YUKEN,104.77,104.77
SGIL,44.32,44.32
ANANDRATHI,66.41,66.41
SJS,30.38,30.38
FINOPB,29.04,29.04
POLICYBZR,990.59,990.59
NYKAA,1179.3,1179.3
AWL,254.34,203.33
MONARCH,13.01,13.01
SAPPHIRE,190.98,190.98
PRUDENT,62.09,62.09
EPIGRAL,30.7,30.7
NUVOCO,85.32,85.32
GOCOLORS,70.46,70.46
TRACXN,149.17,149.17
CMSINFO,24.92,24.92
FUSION,8.83,8.83
COASTCORP,72.51,72.51
TARSONS,62.13,62.13
MEDPLUS,158.87,158.87
TEGA,63.32,63.32
RATEGAIN,66,66
MANORG,79.16,79.16
LATENTVIEW,72.68,72.68
METROBRAND,88.73,88.73
MICEL,34.82,38.9
PASUPTAC,28.35,28.35
FOODSIN,23.58,23.56
PARADEEP,72.72,72.72
MAPMYINDIA,99.81,99.81
TMB,6.96,6.96
KRITI,45.32,45.32
MANYAVAR,60.7,60.7
GANESHBE,19.16,19.14
GVPTECH,74.33,74.33
DMCC,66.63,66.63
MEDICAMEQ,63.82,63.82
EMIL,47.63,47.63
SHIVALIK,58.48,58.48
UMAEXPORTS,28.57,27.75
DATAPATTNS,102.83,102.83
MEDANTA,68.04,68.04
AHL,31.11,31.11
MALLCOM,24.02,24.02
IRIS,55.43,55.43
ASIANENE,55.77,52.04
SMLT,18,18
NRL,73.62,73.62
RADIANTCMS,19.67,19.67
CHOICEIN,58.08,58.08
HARIOMPIPE,35.29,35.29
GRWRHITECH,25.6,25.6
DCMSRIND,16.52,16.52
RAJRILTD,287.32,287.32
EMUDHRA,94.84,94.84
FIVESTAR,28.18,28.18
VIRINCHI,24.03,24.03
SBC,64.14,64.14
ELIN,72.85,72.85
SEJALLTD,108.28,108.28
GATEWAY,21.61,21.61
SYRMA,69.56,69.04
JTLIND,33.13,33.13
RAINBOW,56.25,56.25
VENUSPIPES,52.07,52.07
ROTO,50.56,50.56
INDOBORAX,15.97,15.97
LANDMARK,45.64,44.2
AVONMORE,28.57,28.57
DREAMFOLKS,36.53,36.53
DHARMAJ,25.54,25.54
OBCL,30.52,30.52
INDOAMIN,21.87,21.87
ACI,27.15,27.15
BIKAJI,67.84,67.84
SADHNANIQ,486.83,486.83
HARDWYN,107.16,107.16
HMAAGRO,26.22,26.22
KFINTECH,52.19,52.19
YATHARTH,32.61,32.61
KAYNES,141.05,141.05
NGLFINE,40.43,40.43
PLAZACABLE,100.45,100.45
TRU,50.36,50.36
RADHIKAJWE,14.26,14.26
SPLPETRO,46.34,46.34
CSLFINANCE,16.93,16.93
GOYALALUM,58.16,58.16
GENSOL,68.74,68.63
GSLSU,48.23,48.23
MANORAMA,97.04,97.04
GRMOVER,20.89,20.89
SULA,45.11,45.11
SIGNATURE,521.1,521.1
KALAMANDIR,26.44,26.44
AVALON,126.2,126.2
BAIDFIN,17.64,17.64
BLUEJET,60.6,57.28
MVGJL,17.98,17.98
SUKHJITS,14.6,14.6
SKYGOLD,68.8,68.8
DIVGIITTS,54.88,54.88
USK,13.83,13.83
MANOMAY,27.76,27.76
AARTIPHARM,25.35,25.35
RHL,61.76,61.76
NINSYS,57.37,57.37
SBFC,37.16,37.16
ASMS,458.43,298.93
ZAGGLE,86.07,86.07
HONASA,181.1,181.1
IRMENERGY,30.14,30.14
SAH,241.56,241.56
AKI,144.25,144.25
SECMARK,301.11,301.11
ATAM,38.28,38.28
LAL,54.2,54.2
POCL,39.16,39.16
REDTAPE,76.77,76.77
PTCIL,485.84,485.84
PYRAMID,22.53,22.53
EMSLIMITED,29.12,29.12
GHCLTEXTIL,34.22,34.22
UDS,32.66,32.66
KIRLPNU,66.32,63.43
RRKABEL,89.47,89.59
JLHL,48.58,48.59
NUVAMA,33.85,33.85
NIITMTS,29.21,28.69
SINDHUTRAD,41.57,41.56
SANDUMA,45.45,45.45
MUFIN,143.8,138.24
JIOFIN,194.35,194.35
DIAMINESQ,65.38,65.38
AMNPLST,68.05,68.05
WEALTH,18.03,18.03
PARAGMILK,25.19,25.19
UNITEDPOLY,30.66,30.66
DODLA,40.91,40.91
JUBLINGREA,50.87,50.87
SHYAMMETL,18.14,18.14
TATVA,89.87,89.87
GLS,21.99,21.99
ZOMATO,576.27,576.27
PIXTRANS,26.48,26.48
KRSNAA,37.69,37.69
DEVYANI,,541.42
ANMOL,9.31,9.31
AMIORG,129.88,58.65
BAJAJHCARE,,35.14
GRINFRA,12.75,15.89
STEELCAS,17.7,17.7
DYCL,34.86,34.86
STARTECK,17.52,17.52
ELDEHSG,28.27,28.27
MHLXMIRU,19.91,19.91
RELCHEMQ,57.68,57.68
ZIMLAB,30.41,30.41
CAMPUS,102.39,102.39
AETHER,142.75,75.86
MEGASTAR,57.35,57.35
RACE,385.36,385.36
ETHOSLTD,124.49,124.49
MSUMI,52.47,52.47
HARSHA,43.61,43.61
GMRP&UI,141.38,
INOXGREEN,171.97,171.97
RITCO,23.57,23.57
CHEVIOT,12.12,12.12
MEDICO,39.72,39.72
DCXINDIA,61.93,61.93
AKSHAR,21.19,21.19
AXITA,27.29,27.29
SENCO,41.08,41.08
TIPSFILMS,225.7,225.7
RAMRAT,34.58,34.58
RUSTOMJEE,108.04,108.04
DBOL,19.81,19.81
SPORTKING,17.17,17.17
SYNCOMF,59.45,59.41
KRITINUT,13.16,13.16
CONCORDBIO,58.82,58.82
KAMOPAINTS,90.73,90.73
SCPL,27.49,27.49
MANKIND,44.68,44.68
SATINDLTD,3.77,3.77
IKIO,40.59,40.59
FAZE3Q,26.73,26.73
LLOYDSME,31.11,31.11
SAHYADRI,16.98,16.98
SBGLP,76.12,76.12
HYBRIDFIN,17.62,17.11
RISHABH,42.21,42.21
CYIENTDLM,97.66,97.66
RATNAVEER,26.96,26.96
IDEAFORGE,78.85,78.85
DOLPHIN,449.62,501.77
ASHOKAMET,10.4,10.4
NETWEB,178.27,178.27
AEROFLEX,46.92,46.92
VPRPL,20.61,20.61
ATL,42.05,42.05
JSWINFRA,85.69,85.69
YASHO,48.81,48.81
SRGHFL,29.83,29.83
TREL,4.84,45.61
CELLO,78.43,78.43
LOTUSEYE,50.25,50.73
VINYLINDIA,34.7,34.7
20MICRONS,13.65,13.37
TATAMTRDVR,1.14,1.12
ALKALI,126.66,105.51
COUNCODOS,32.99,32.99
AJMERA,25.38,25.38
GKWLIMITED,150.99,150.99
NHPC,28.91,28.91
FACT,479.8,179.02
EXIDEIND,54.21,54.21
ELECON,42.47,42.47
CRISIL,50.79,50.79
ORIENTPPR,192.37,192.37
NELCO,87.06,87.06
MASTEK,28.35,28.13
LUMAXIND,50.87,50.87
KECL,103.17,103.17
CUMMINSIND,73.1,73.04
JAYBARMARU,38.87,38.87
INFY,27,27
INDIAGLYCO,19.74,19.74
IGPL,46.93,46.93
GNFC,20.63,20.63
BPCL,5.18,5.05
BASF,42.89,42.89
ATUL,66.01,66.01
ACC,21.79,24.53
SCI,25.19,25.19
MRPL,11.79,11.77
HINDPETRO,5.21,5.21
BAJAJHLDNG,78.23,78.23
VOLTAS,130.99,130.99
TITAN,81.91,81.91
TATASTEEL,,63.02
SPIC,20.69,14.06
SBIN,11.54,10.72
NOCIL,36.47,36.47
BOSCHLTD,41.55,56.21
CHAMBLFERT,17.02,17.02
HINDOILEXP,13.49,15.64
BALMLAWRIE,25.65,25.65
CENTURYTEX,105.53,39.86
TATACHEM,71.31,21.65
ATFL,204.31,291.69
SUPREMEIND,77.15,77.15
SRF,53.17,53.17
WEIZMANIND,19.75,19.75
JTEKTINDIA,50.14,52.92
PRECOT,35.1,55.82
SHREYANIND,4.88,4.88
HCC,16.95,
ADANIENT,104.24,97.17
GET&D,212.29,212.29
BANARISUG,27.47,27.47
JINDALPOLY,47.43,47.27
JYOTISTRUC,75.7,75.7
JAYNECOIND,22.24,20.41
SOTL,21.36,21.36
KARURVYSYA,10.02,10.02
DECCANCE,25.03,18.89
WSI,19.46,19.24
THOMASCOOK,44.07,44.07
SIEMENS,116.47,116.47
VSTIND,21.45,21.45
TOKYOPLAST,112.88,112.88
SOMANYCERA,32.19,32.11
M&M,30.46,30.46
KABRAEXTRU,47.67,47.67
PRSMJOHNSN,57.86,
POLYPLEX,37.22,37.22
3PLAND,37.96,37.96
HONDAPOWER,44.92,46.84
RUBYMILLS,18.35,18.35
GRAPHITE,13.45,590.18
BBL,44.38,44.38
ELECTCAST,16.27,16.27
DABUR,61.86,61.86
CIPLA,29.48,28.45
HDFCBANK,18.97,18.86
GMBREW,12.1,12.1
GIPCL,19.74,19.74
INDIANHUME,29.12,29.12
IOC,5.76,5.76
KAMATHOTEL,12.21,41.04
BANCOINDIA,18.31,18.31
MANINDS,29.23,29.23
APOLLOTYRE,19.91,19.2
SHANTIGEAR,61.16,61.16
ONWARDTEC,31.99,31.99
NILKAMAL,25.53,25.53
ICIL,23.32,23.32
ELGIEQUIP,71.99,71.99
AUROPHARMA,25.28,24.47
EIHOTEL,40.82,40.38
LICHSGFIN,9.28,9.28
BEPL,19.43,19.43
MOREPENLAB,29.56,29.56
VENKEYS,33.99,33.99
GHCL,6.63,8.7
HIL,60.9,1139.45
EVERESTIND,107.24,158.31
BPL,49.42,49.42
PGHH,73.29,73.29
VESUVIUS,44.46,44.46
BOMDYEING,1.5,
NAVNETEDUL,17.47,19.03
GLAXO,73.3,65.44
CHOLAFIN,34.82,34.82
INDHOTEL,70.09,70.09
GILLETTE,64.55,64.55
KANSAINER,19.25,33.93
ESABINDIA,58.23,58.23
GABRIEL,39.36,39.36
RALLIS,45.42,45.63
PRAKASH,10.04,10.04
KOPRAN,24.02,24.02
GREAVESCOT,,306.32
TIMKEN,75.51,75.51
SHREECEM,41.58,41.58
INGERRAND,60.9,60.9
AKZOINDIA,31.04,31.04
HINDUNILVR,59.85,59.88
FINPIPE,45.94,45.94
DCW,100.12,94.4
DCM,30.87,30.87
PVP,9.59,
GREENPLY,55.35,63.92
REMSONSIND,50.78,49.79
SWARAJENG,25.48,25.48
MRF,26.75,26.75
TNPETRO,17.46,13.99
EIMCOELECO,41.24,41.24
SILINV,22.1,22.1
KEYFINSERV,8.43,8.43
VISAKAIND,1103.71,1103.71
STERTOOLS,25.9,26.03
HITECHGEAR,15.75,43.85
MIRZAINT,53.15,53.15
DYNAMATECH,38.52,73.77
JAGSNPHARM,42.7,42.7
MPHASIS,33.28,33.28
RAMCOIND,29.93,29.93
INDRAMEDCO,18.4,18.4
MADRASFERT,362.88,36.1
SKMEGGPROD,7.78,7.78
HUDCO,31.75,31.75
MATRIMONY,27.04,27.04
TCPLPACK,22.25,22.25
IFGLEXPOR,27.93,27.93
NEWGEN,57.93,57.93
BDL,97.44,97.44
ISEC,14.72,14.72
UCOBANK,40.77,40.77
JAIBALAJI,16.7,16.7
UPL,,20.74
VAIBHAVGBL,42.98,41.13
NIITLTD,39.74,39.5
ASTRAMICRO,80.74,80.74
INDOCO,31.48,33.55
GOKEX,50.11,50.11
SURYALAXMI,43.28,25.39
JSWHL,65.61,65.61
NECLIFE,131.6,131.6
RML,479.21,13.23
INSPIRISYS,57.95,57.95
GESHIP,7.63,7.63
MANALIPETC,87.05,76.63
SOBHA,364.42,364.47
WANBURY,11.27,20.75
IZMO,27.54,27.54
TIIL,23.02,22.46
PFC,9.1,9.1
PAGEIND,79.44,79.44
ASTRAL,111.38,111.38
NCLIND,11.69,11.69
PHOENIXLTD,53.75,53.75
TIMETECHNO,24.16,24.16
TARMAT,,114.76
MOTILALOFS,12.93,12.93
DELTACORP,19.3,24.15
BVCL,18.5,18.5
VINATIORGA,56.94,56.94
UMESLTD,148.29,148.29
BLISSGVS,14.91,7.03
PRAKASHSTL,2.67,6.69
RAMKY,14.62,14.62
PRESTIGE,43.49,43.49
GRAVITA,40.11,40.11
TECHNOE,59.35,59.35
DALBHARAT,42.37,42.37
CHALET,62.1,62.1
THYROCARE,49.24,49.13
BLS,46.22,46.22
MOIL,36.71,36.71
STEL,58.42,58.42
VADILALIND,20.78,20.78
VSTTILLERS,28.79,28.79
RUSHIL,21.45,21.45
DRREDDY,20.38,20.38
MAHSEAMLES,8.84,8.82
VINDHYATEL,26.57,26.57
BEML,73.97,73.97
CENTENKA,27.1,27.1
FEDERALBNK,12.14,12.14
BIRLACABLE,38.28,38.28
RANEHOLDIN,27.23,12.74
APOLLOHOSP,100.94,101.07
INDBANK,28.36,28.36
NEULANDLAB,35.45,35.45
BERGEPAINT,53.52,53.71
BLUEDART,67.2,67.2
HSCL,50.24,50.24
ARENTERP,19.2,19.2
ADVANIHOTR,25.99,25.99
UNIVCABLES,80.67,80.67
MURUDCERA,66.41,66.41
LIBERTSHOE,64.62,49.18
MANGLMCEM,41.53,41.53
OSWALAGRO,337.58,334.25
EIDPARRY,8.55,8.55
BIRLACORPN,28.87,29.3
ASHAPURMIN,14.83,22.92
TNPL,9.03,9.03
PEARLPOLY,80.4,80.4
TTKPRESTIG,54.51,54.51
BIOFILCHEM,150.64,150.64
SOMATEX,5.23,
CREST,19.49,19.49
TVSSRICHAK,31.82,30.34
GUJAPOLLO,27.68,27.68
KOTHARIPET,14.85,14.79
INDNIPPON,30.13,30.13
ICICIBANK,19.23,19.23
PILITA,68.83,68.83
AGRITECH,12.11,12.11
SDBL,25.2,25.2
CAPLIPOINT,25.04,25.04
SUPERHOUSE,20.92,20.92
GRPLTD,78.92,72.52
GANECOS,97.02,97.02
MANAKSTEEL,12.83,12.9
AVANTIFEED,20.48,20.48
PNCINFRA,14.94,14.94
SATIN,5.39,5.39
GUJGASLTD,38.76,40.31
BALAXI,,15.72
PILANIINVS,38.3,38.3
OCCL,6.05,6.05
VIDHIING,59.3,59.3
ASAHISONG,31.86,
BROOKS,141.45,141.45
APLLTD,31.29,31.29
PGEL,69.46,69.46
PAISALO,38.11,38.18
TRITURBINE,74.93,74.93
INDOTHAI,18.57,18.57
DSSL,31.44,31.44
RUPA,33.38,32.12
VIKASECO,98.17,98.17
KANANIIND,96.51,96.51
DBSTOCKBRO,18.07,18.07
SCHNEIDER,113.99,111.81
NDL,15.39,15.39
TBZ,17.87,17.87
VSSL,26.95,26.95
SPECIALITY,28.62,28.62
MAYURUNIQ,21.79,21.79
DUCON,27.78,27.78
ZUARI,6.36,6.36
CARERATING,31.24,31.24
REPCOHOME,8.65,8.65
JUSTDIAL,24.63,24.63
IBULHSGFIN,6.8,6.8
ORBTEXP,15.61,15.61
NATHBIOGEN,11.25,12.08
CASTROLIND,30.12,30.12
BUTTERFLY,206.33,168.64
AGARIND,16.69,16.69
GOCLCORP,48.27,50.46
SHARDACROP,140.63,140.63
INTELLECT,46.97,46.73
FCL,34.25,34.25
GULPOLY,70.81,70.81
GENUSPAPER,184.59,184.59
VISHNU,28.83,28.83
MENONBE,10.47,10.47
MANAKALUCO,42.94,42.94
ZENTEC,88.32,89.63
BYKE,63.5,63.5
VRLLOG,57.17,57.44
TPLPLASTEH,39.5,39.5
ARROWGREEN,28.9,28.9
ALANKIT,28.07,28.07
SHYAMCENT,497,497
AYMSYNTEX,297.51,69.25
MUTHOOTCAP,4.1,97.32
POWERMECH,36.66,36.66
NAVKARCORP,319.65,319.65
INDIGO,20.72,20.72
SHK,21.27,21.27
UMANGDAIRY,191.97,191.97
KRIDHANINF,,62.84
ALKEM,35.53,33.75
NH,32.27,32.27
QUICKHEAL,115.68,115.68
BHAGERIA,40.12,40.12
NECCLTD,36.09,36.09
GOKULAGRO,18.49,18.49
PDMJEPAPER,12.04,12.04
BHARATWIRE,17.53,17.53
SAGARDEEP,67.48,67.48
SHRIPISTON,19.38,19.38
ALBERTDAVD,9.67,9.67
SALONA,25.87,25.87
MAHASTEEL,35.06,43.11
DAMODARIND,21.09,21.09
MGL,13.48,13.48
POKARNA,25.04,25.04
GPTINFRA,39.13,39.13
SOMICONVEY,52.41,52.41
ADVENZYMES,30.87,28.74
SPAL,23.5,23.5
NDGL,13,13
RBLBANK,11.86,11.86
BIGBLOC,64.04,64.04
LTTS,40.43,40.43
GNA,19.71,19.71
HPL,88.19,88.19
ENDURANCE,53.53,53.53
NIRAJISPAT,14.17,14.17
PNBHOUSING,13.79,13.79
KINGFA,23.39,23.39
PODDARMENT,15.73,15.73
NBIFIN,70.65,70.65
SFL,52.04,64.31
LAURUSLABS,149.43,149.43
TERASOFT,27.16,23.85
HISARMETAL,17.36,17.36
SPCENET,162.45,162.45
CAPTRUST,90.41,90.41
BSE,45.87,94.12
KALYANI,5.05,5.05
JITFINFRA,22.93,27.75
DMART,122.48,122.48
ARIHANTSUP,22.04,22.04
BHAGYANGR,8.09,8.09
TEJASNET,386.83,386.83
ERIS,34.8,34.8
STEELXIND,143.26,143.26
SALASAR,58.67,58.67
THEINVEST,64.7,64.7
OPTIEMUS,65.99,65.99
SIS,38.58,38.58
ABCAPITAL,18.8,18.8
DIAMONDYD,40.55,39.97
MASFIN,20.86,20.86
IEX,46.76,46.76
KHADIM,105.44,105.44
5PAISA,26.14,26.14
APOLLO,108.14,108.14
ASTERDM,59.51,
SUNDARMHLD,30.93,30.93
SANDHAR,32.64,33.45
MIDHANI,104.69,104.69
CHEMFAB,36.16,36.16
INDOSTAR,25.78,25.78
ADANIGREEN,284.03,227.76
FINEORG,39.24,39.2
VARROC,19.73,19.73
CREDITACC,14.14,14.14
SIGIND,15.94,15.94
SUNTECK,125.77,125.77
DEN,12.39,12.39
SARDAEN,18.79,18.71
AHLUCONT,25.86,41.53
DBCORP,16.02,16.02
MMTC,208.97,296.46
VASCONEQ,30.95,30.95
DBREALTY,8.43,8.97
TEXMOPIPES,46.24,15.22
LGBBROSLTD,16.79,17.11
PERSISTENT,67.54,67.54
KIRLOSBROS,51.2,51.91
MANAPPURAM,8.55,8.55
IMFA,10.71,10.71
BAJAJCON,25.28,25.28
GPPL,32.94,30.09
ADFFOODS,35.3,35.3
KILITCH,39.62,39.62
SASTASUNDR,11.75,11.75
CANTABIL,39.4,40.17
BEDMUTHA,34.19,34.19
CGCL,48.68,48.68
COALINDIA,9.57,9.57
JINDWORLD,91.17,91.17
JAMNAAUTO,25.06,25.06
KIRLOSENG,43.98,42.98
JUBLINDS,77.98,36.36
TEXRAIL,117.23,117.23
DHUNINV,12.34,12.34
PFS,22.32,22.32
SYMPHONY,53.28,52.85
KARMAENG,814.54,814.54
MAITHANALL,9.95,9.95
INVENTURE,22.98,19.05
PENINLAND,16.38,23.11
THERMAX,95.65,105.72
PREMIERPOL,22.87,22.87
RAYMOND,22.6,21.53
SESHAPAPER,8.82,8.82
SAREGAMA,52.16,52.16
ENGINERSIN,44.07,44.07
ADROITINFO,14.01,14.01
JAICORPLTD,126.29,126.29
GMDCLTD,21.85,21.85
MAHAPEXLTD,.55,35.8
ASAHIINDIA,49.82,49.82
J&KBANK,7.05,7.05
CUB,11.85,11.85
SOUTHBANK,6.49,6.49
ASTRAZEN,102.33,110.29
AXISBANK,15.29,15.29
CYIENT,29.35,27.44
KOKUYOCMLN,35.51,35.51
GOACARBON,8.09,8.09
SANGHVIMOV,25.32,25.32
NATIONALUM,17.71,20.96
JINDALSTEL,17.31,17.31
NIPPOBATRY,29.78,29.78
HCLTECH,25.91,25.91
ACCELYA,30.06,30.14
IOB,48.51,48.51
BIL,50.02,50.02
KTKBANK,6.51,6.51
AJANTPHARM,34.6,34.6
CALSOFT,43.06,43.06
TVSMOTOR,63.91,63.91
PNC,42.87,42.87
NLCINDIA,22.11,22.11
REPRO,74.01,74.01
USHAMART,28.71,28.71
BALAJITELE,36.51,36.51
KHANDSE,245.52,245.52
GODREJCP,,78.39
LUPIN,43.17,43.17
MPSLTD,30.1,30.1
OLECTRA,188.08,204.95
PNB,15.99,15.99
TIMESGTY,67.49,67.49
NUCLEUS,20.92,20.92
GENESYS,124.85,124.85
DIVISLAB,75.91,75.91
MARUTI,30.13,30.13
VARDHACRLC,29.98,29.98
BAGFILMS,21.93,21.93
TVSELECT,2476,2476
TVTODAY,25.52,24.1
UNIENTER,31.2,31.2
PETRONET,14.58,14.8
BIOCON,31.2,31.09
MAHABANK,10.9,10.9
RKFORGE,48.37,48.35
CCL,32.12,32.12
LT,32.24,32.39
CENTEXT,30.87,31.36
TCS,32.04,31.55
TEXINFRA,440.8,440.8
INDSWFTLTD,7.98,7.98
NTPC,18.99,18.99
DWARKESH,16.89,16.89
PATELENG,16.57,21.92
JSWSTEEL,24.91,26.28
JPPOWER,12.4,8.58
EVEREADY,67.29,67.29
IIFL,10.47,10.47
WELCORP,19.14,19.14
CYBERMEDIA,11.94,9.1
JKPAPER,8.41,8.41
GRANULES,31.1,31.1
GEOJITFSL,17.42,17.42
YESBANK,64.32,64.32
SPLIL,16.01,16
GOLDIAM,20.77,20.77
FCSSOFT,,74.66
SUZLON,112.7,104.24
TRIVENI,23.2,23.2
NAHARINDUS,61.24,50.66
VIMTALABS,27.71,27.71
CELEBRITY,59.32,60.66
NITINSPIN,16.31,16.31
ROHLTD,20.47,20.47
GSPL,8.41,8.58
GVKPIL,7.05,7.05
SAKUMA,24.37,24.37
KEC,65.7,65.7
JKCEMENT,42.18,42.06
INDOTECH,43.51,43.51
M&MFIN,19.84,19.84
CENTURYPLY,47.95,47.95
KEI,71.82,71.8
VAKRANGEE,522.89,568.84
GALLANTT,35.9,35.9
MALUPAPER,82.31,82.31
UTTAMSUGAR,9.9,9.9
KKCL,27.91,27.91
GPIL,16.47,16.71
RSYSTEMS,44.73,44.73
LOKESHMACH,57.31,57.31
SWELECTES,29.59,62.48
RATNAMANI,40.81,40.81
PIONEEREMB,40.41,40.41
JKLAKSHMI,21.42,21.7
ALLCARGO,42.57,55.99
MUNJALAU,23.17,16.07
GRINDWELL,76.74,76.69
VOLTAMP,58.01,58.01
SELAN,35.83,35.83
ACE,52.51,52.51
HOVS,32.93,32.93
TALBROAUTO,23.68,34.25
GEECEE,21.38,21.38
JMFINANCIL,330.1,9.06
FIEMIND,21.58,21.58
RUCHIRA,8.79,8.79
VENUSREM,17.89,17.89
NFL,117.29,117.29
PLASTIBLEN,22.73,22.73
PARACABLES,26.53,26.53
AVTNPL,25.62,25.62
TIDEWATER,31.24,31.24
SARLAPOLY,26.35,26.35
AUTOIND,30.83,30.92
PGIL,19.59,19.53
TTL,55.09,55.09
LAOPALA,28.51,28.51
JKTYRE,15.41,15.05
THEMISMED,84.44,84.44
BALAMINES,33.17,33.17
BFUTILITIE,13.45,13.45
ALPHAGEO,281.38,41.35
HILTON,27.6,27.6
INSECTICID,20.8,20.8
NAVINFLUOR,67.07,80.94
NAGREEKEXP,18.3,18.3
HGS,32.02,32.02
DLF,126.51,126.51
ALPA,11.42,11.46
KPRMILL,35.4,35.4
INDOWIND,57.06,49.86
KSCL,16.63,16.63
CENTUM,,364.43
MANGCHEFER,9.9,9.9
RELIGARE,23.09,48.52
ADANIPORTS,39.07,37.58
KAUSHALYA,3.29,3.29
JYOTHYLAB,49.95,49.95
KALYANIFRG,48.14,48.14
HITECHCORP,19.41,19.41
TRIL,239.78,239.78
MANAKSIA,8.13,6.16
AMBIKCO,15.12,15.12
BIRLAMONEY,18.42,18.42
CORDSCABLE,30.16,30.16
HERCULES,57.75,57.75
IRB,44.73,44.73
NMDC,13,12.53
GSS,34.32,34.32
RECLTD,11.8,11.8
NESCO,18.42,18.42
BAJAJ-AUTO,36.3,36.3
GOKUL,220,18.02
ALMONDZ,17.52,46.01
RANEENGINE,27.09,20.25
