SERIES,SYMBOL,SECURITY,RECORD_DT,BC_STRT_DT,BC_END_DT,EX_DT,ND_STRT_DT,ND_END_DT,PURPOSE
BE,CANBK,Canara Bank,15/05/2024, , ,15/05/2024, , ,FVSPLT FRM RS 10 TO RS 2 
BE,BBL,Bharat Bijlee Ltd - Depo,24/04/2024, , ,24/04/2024, , ,FV SPLT FRM RS 10 TO RS 5
BE,HUHTAMAKI,Huhtamaki India Limited,24/04/2024, , ,24/04/2024, , ,DIV - RS 5 PER SH        
BE,SANOFI,Aventis Pharma Limited,03/05/2024, , ,03/05/2024, , ,DIV - RS 117 PER SH      
BE,ISEC,ICICI Securities Limited,26/04/2024, , ,26/04/2024, , ,INTDIV - RS 17 PER SH    
BE,SCHAEFFLER,Schaeffler India Ltd, ,20/04/2024,26/04/2024,19/04/2024, , ,AGM/DIV - RS 26 PER SH   
BE,CRISIL,CRISIL Limited,03/05/2024, , ,03/05/2024, , ,INTDIV - RS 7 PER SH     
BE,SPMLINFRA,SPML Infra Limited, ,19/04/2024,26/04/2024,18/04/2024, , ,EGM                      
BE,EIFFL,Euro (I) Fresh Foods Ltd, ,18/04/2024,24/04/2024,16/04/2024, , ,EGM                      
BE,ABB,ABB India Limited, ,05/05/2024,11/05/2024,03/05/2024, , ,AGM/DIV RS 23.80 PER SH  
BE,ANSALAPI,AnsalProperties-Roll Sett, ,26/04/2024,02/05/2024,25/04/2024, , ,ANNUAL GENERAL MEETING   
BE,BHAGCHEM,Bhagiradha Chem & Inds L,02/05/2024, , ,02/05/2024, , ,FVSPLT FRM RS 10 TO RE 1 
EQ,CRISIL,CRISIL Limited,03/05/2024, , ,03/05/2024, , ,INTDIV - RS 7 PER SH     
EQ,BHAGCHEM,Bhagiradha Chem & Inds L,02/05/2024, , ,02/05/2024, , ,FVSPLT FRM RS 10 TO RE 1 
EQ,BBL,Bharat Bijlee Ltd,24/04/2024, , ,24/04/2024, , ,FV SPLT FRM RS 10 TO RS 5
EQ,SCHAEFFLER,Schaeffler India Ltd, ,20/04/2024,26/04/2024,19/04/2024, , ,AGM/DIV - RS 26 PER SH   
EQ,HUHTAMAKI,Huhtamaki India Limited,24/04/2024, , ,24/04/2024, , ,DIV - RS 5 PER SH        
EQ,ABB,ABB India Limited, ,05/05/2024,11/05/2024,03/05/2024, , ,AGM/DIV RS 23.80 PER SH  
EQ,CANBK,Canara Bank,15/05/2024, , ,15/05/2024, , ,FVSPLT FRM RS 10 TO RS 2 
EQ,ISEC,ICICI Securities Limited,26/04/2024, , ,26/04/2024, , ,INTDIV - RS 17 PER SH    
EQ,SPMLINFRA,SPML Infra Limited, ,19/04/2024,26/04/2024,18/04/2024, , ,EGM                      
EQ,ANSALAPI,Ansal Properties & Ind Lt, ,26/04/2024,02/05/2024,25/04/2024, , ,ANNUAL GENERAL MEETING   
EQ,EIFFL,Euro (I) Fresh Foods Ltd, ,18/04/2024,24/04/2024,16/04/2024, , ,EGM                      
EQ,SANOFI,Aventis Pharma Limited,03/05/2024, , ,03/05/2024, , ,DIV - RS 117 PER SH      
GS,GS260424C,GOI STRIPS C 260424,24/04/2024, , , , , ,REDEMPTION               
M1,DHANILOANS,Sec Re NCD 0% Sr.III,24/04/2024, , , , , ,INT PAYMENT/REDEMPTION   
M2,DHANILOANS,Sec Re NCD 10.03% Sr.IV,24/04/2024, , ,24/04/2024, , ,INTEREST PAYMENT         
M3,DHANILOANS,Sec Re NCD 11% Sr.V,24/04/2024, , ,24/04/2024, , ,INTEREST PAYMENT         
M5,DHANILOANS,Sec Re NCD 10.49% Sr.VII,24/04/2024, , ,24/04/2024, , ,INTEREST PAYMENT         
N1,LICHSGFIN,LH 7.8350% 2027 Tr 438,26/04/2024, , ,26/04/2024, , ,INTEREST PAYMENT         
N3,NABARD,NABARD 7.62% 2029 Sr 24H,24/04/2024, , ,24/04/2024, , ,INTEREST PAYMENT         
N3,TATACAPHSG,Sec Red NCD 7.92% Sr.II,26/04/2024, , ,26/04/2024, , ,INTEREST PAYMENT         
N4,TATACAPHSG,Sec Red NCD 8.01% Sr.II,26/04/2024, , ,26/04/2024, , ,INTEREST PAYMENT         
N5,NIDO,Sec Red NCD 9.57% Sr. V,25/04/2024, , ,25/04/2024, , ,INTEREST PAYMENT         
N7,TATACAPHSG,Sec Red NCD 8.01% Sr.IV,26/04/2024, , ,26/04/2024, , ,INTEREST PAYMENT         
N8,TATACAPHSG,Sec Red NCD 8.10% Sr.IV,26/04/2024, , ,26/04/2024, , ,INTEREST PAYMENT         
N9,NAVIFIN,Sec Re NCD 10.00% Sr. I,28/04/2024, , ,26/04/2024, , ,INTEREST PAYMENT         
NA,NAVIFIN,Sec Re NCD 10.40% Sr.II,28/04/2024, , ,26/04/2024, , ,INTEREST PAYMENT         
NB,PCHFL,PCHFL MIBOR Linked 2025,26/04/2024, , ,26/04/2024, , ,INTEREST PAYMENT         
NC,NAVIFIN,Sec Re NCD 10.65% Sr.IV,28/04/2024, , ,26/04/2024, , ,INTEREST PAYMENT         
NG,IBULHSG,Sec Re NCD 8.88% Sr II,24/04/2024, , ,24/04/2024, , ,INTEREST PAYMENT         
NH,IBULHSG,Sec Re NCD 9.25% Sr II,24/04/2024, , ,24/04/2024, , ,INTEREST PAYMENT         
NM,IBULHSG,Sec Re NCD 9.02% Sr V,24/04/2024, , ,24/04/2024, , ,INTEREST PAYMENT         
NN,IBULHSG,Sec Re NCD 9.48% Sr V,24/04/2024, , ,24/04/2024, , ,INTEREST PAYMENT         
NS,IBULHSG,Sec Re NCD 9.25% Sr VIII,24/04/2024, , ,24/04/2024, , ,INTEREST PAYMENT         
NT,IBULHSG,Sec Re NCD 9.71% Sr VIII,24/04/2024, , ,24/04/2024, , ,INTEREST PAYMENT         
NV,IBULHSG,Sec Re NCD 10.03% Sr X,24/04/2024, , ,24/04/2024, , ,INTEREST PAYMENT         
NY,IBULHSG,Sec Re NCD 9.8% Sr XII,24/04/2024, , ,24/04/2024, , ,INTEREST PAYMENT         
NZ,IBULHSG,Sec Re NCD 10.25% Sr XII,24/04/2024, , ,24/04/2024, , ,INTEREST PAYMENT         
NZ,DHANILOANS,Sec Re NCD 10.50% Sr.II,24/04/2024, , , , , ,INT PAYMENT/REDEMPTION   
SM,SABAR,Sabar Flex India Limited, ,30/04/2024,06/05/2024,29/04/2024, , ,ANNUAL GENERAL MEETING   
SQ,SABAR,Sabar Flex India Limited, ,30/04/2024,06/05/2024,29/04/2024, , ,ANNUAL GENERAL MEETING   
ST,SABAR,Sabar Flex India Limited, ,30/04/2024,06/05/2024,29/04/2024, , ,ANNUAL GENERAL MEETING   
U1,LICHSGFIN,LH 7.8350% 2027 Tr 438,26/04/2024, , ,26/04/2024, , ,INTEREST PAYMENT         
U3,NABARD,NABARD 7.62% 2029 Sr 24H,24/04/2024, , ,24/04/2024, , ,INTEREST PAYMENT         
U3,TATACAPHSG,Sec Red NCD 7.92% Sr.II,26/04/2024, , ,26/04/2024, , ,INTEREST PAYMENT         
U4,TATACAPHSG,Sec Red NCD 8.01% Sr.II,26/04/2024, , ,26/04/2024, , ,INTEREST PAYMENT         
U5,NIDO,Sec Red NCD 9.57% Sr. V,25/04/2024, , ,25/04/2024, , ,INTEREST PAYMENT         
U7,TATACAPHSG,Sec Red NCD 8.01% Sr.IV,26/04/2024, , ,26/04/2024, , ,INTEREST PAYMENT         
U8,TATACAPHSG,Sec Red NCD 8.10% Sr.IV,26/04/2024, , ,26/04/2024, , ,INTEREST PAYMENT         
U9,NAVIFIN,Sec Re NCD 10.00% Sr. I,28/04/2024, , ,26/04/2024, , ,INTEREST PAYMENT         
UA,NAVIFIN,Sec Re NCD 10.40% Sr.II,28/04/2024, , ,26/04/2024, , ,INTEREST PAYMENT         
UB,PCHFL,PCHFL MIBOR Linked 2025,26/04/2024, , ,26/04/2024, , ,INTEREST PAYMENT         
UC,NAVIFIN,Sec Re NCD 10.65% Sr.IV,28/04/2024, , ,26/04/2024, , ,INTEREST PAYMENT         
UG,IBULHSG,Sec Re NCD 8.88% Sr II,24/04/2024, , ,24/04/2024, , ,INTEREST PAYMENT         
UH,IBULHSG,Sec Re NCD 9.25% Sr II,24/04/2024, , ,24/04/2024, , ,INTEREST PAYMENT         
UM,IBULHSG,Sec Re NCD 9.02% Sr V,24/04/2024, , ,24/04/2024, , ,INTEREST PAYMENT         
UN,IBULHSG,Sec Re NCD 9.48% Sr V,24/04/2024, , ,24/04/2024, , ,INTEREST PAYMENT         
US,IBULHSG,Sec Re NCD 9.25% Sr VIII,24/04/2024, , ,24/04/2024, , ,INTEREST PAYMENT         
UT,IBULHSG,Sec Re NCD 9.71% Sr VIII,24/04/2024, , ,24/04/2024, , ,INTEREST PAYMENT         
UV,IBULHSG,Sec Re NCD 10.03% Sr X,24/04/2024, , ,24/04/2024, , ,INTEREST PAYMENT         
UY,IBULHSG,Sec Re NCD 9.8% Sr XII,24/04/2024, , ,24/04/2024, , ,INTEREST PAYMENT         
UZ,DHANILOANS,Sec Re NCD 10.50% Sr.II,24/04/2024, , , , , ,INT PAYMENT/REDEMPTION   
UZ,IBULHSG,Sec Re NCD 10.25% Sr XII,24/04/2024, , ,24/04/2024, , ,INTEREST PAYMENT         
Y1,DHANILOANS,Sec Re NCD 0% Sr.III,24/04/2024, , , , , ,INT PAYMENT/REDEMPTION   
Y2,DHANILOANS,Sec Re NCD 10.03% Sr.IV,24/04/2024, , , , , ,INT PAYMENT/REDEMPTION   
Y3,DHANILOANS,Sec Re NCD 11% Sr.V,24/04/2024, , ,24/04/2024, , ,INTEREST PAYMENT         
Y5,DHANILOANS,Sec Re NCD 10.49% Sr.VII,24/04/2024, , ,24/04/2024, , ,INTEREST PAYMENT         

