SYMBOL,SERIES,SECURITY,HIGH/LOW,INDEX FLAG
AAKASH,EQ,AAKASH EXPLORATION SER L,H
AAREYDRUGS,BE,AAREY DRUGS & PHARM LTD,H
ABMINTLLTD,EQ,ABM INTERNATIONAL LTD,H
ADROITINFO,EQ,ADROIT INFOTECH LIMITED,H
ADROITPP,E1,ADROITINF RS.2.50 PPD UP,H
AKI,EQ,AKI INDIA LIMITED,H
ALPSINDUS,EQ,ALPS INDUSTRIES LTD,H
ANTGRAPHIC,BE,ANTARCTICA LTD,H
APS,SM,AUSTRALIAN PREM SOLAR I L,H
ASMS,EQ,BARTRONICS INDIA LIMITED,H
BANG,EQ,BANG OVERSEAS LTD.,H
BEARDSELL,EQ,BEARDSELL LIMITED,H
BIRDYS,ST,GRILL SPLENDOUR SER LTD,H
BIRLAMONEY,EQ,ADITYA BIRLA MONEY LTD,H
BKMINDST,BZ,BKM INDUSTRIES LIMITED,H
BLUECHIP,BE,BLUE CHIP INDIA LIMITED,H
BYKE,EQ,THE BYKE HOSPITALITY LTD,H
CADSYS,ST,CADSYS (INDIA) LIMITED,H
CALSOFT,BE,CALIFORNIA SOFTWARE CO LT,H
CAREERP,EQ,CAREER POINT LIMITED,H
CELLECOR,SM,CELLECOR GADGETS LIMITED,H
CGRAPHICS,ST,CREATIVE GRAPHICS S IND L,H
CMMIPL,ST,CMM INFRAPROJECTS LIMITED,H
CMNL,SM,CHAMAN METALLICS LIMITED,H
COMPUSOFT,EQ,COMPUCOM SOFTWARE LTD,H
COUNCODOS,EQ,COUNTRY CONDO S LIMITED,H
CREATIVEYE,EQ,CREATIVE EYE LIMITED,H
CUBEXTUB,BE,CUBEXTUBINGS-ROLLSETT,H
CYBERMEDIA,BE,CYBER MEDIA (INDIA) LTD.,H
DBSTOCKBRO,EQ,DB (INT) STOCK BROKERS,H
DESTINY,SM,DESTINY LOGISTICS & I LTD,H
DIGISPICE,EQ,DIGISPICE TECHNOLOGIES LT,H
DUGLOBAL,SM,DUDIGITAL GLOBAL LIMITED,H
DYNAMIC,SM,DYNAMIC SRVCS & SEC LTD,H
E2E,BE,E2E NETWORKS LIMITED,H
ENERGYDEV,EQ,ENERGY DEVE. CO.LTD,H
EQUIPPP,BE,EQUIPPP SOC IMP TECH LTD,H
ESSENTIA,BE,INTEGRA ESSENTIA LIMITED,H
EXCEL,EQ,EXCEL REALTY N INFRA LTD,H
FCSSOFT,EQ,FCS SOFTWARE SOLN. LTD.,H
FEL,BZ,FUTURE ENTERPRISES LTD,H
FELIX,SM,FELIX INDUSTRIES LTD.,H
FLFL,BZ,FUT LIFESTYLE FASH LTD,H
FSC,BZ,FUTURE SUPP CHAIN SOL LTD,H
GALLANTT,BE,GALLANTT ISPAT LIMITED,H
GAYAHWS,BE,GAYATRI HIGHWAYS LIMITED,H
GET&D,BE,GE T&D INDIA LIMITED,H
GKWLIMITED,BE,GKW LIMITED,H
GLOBAL,BE,GLOBAL EDUCATION LIMITED,H
GLOBALVECT,BE,GLOBAL VEC HELICORP LTD,H
GMRP&UI,EQ,GMR POW AND URBAN INFRA L,H
GODHA,BE,GODHA CABCON INSULAT LTD,H
GRAPHISAD,SM,GRAPHISADS LIMITED,H
GSTL,SM,GLOBESECURE TECHNO LTD,H
GTLINFRA,EQ,GTL INFRA.LTD,H
GVKPIL,BE,GVK POW. & INFRA LTD.,H
HARRMALAYA,EQ,HARRISON MALAYALAM LTD,H
HAVISHA,EQ,SRI HAVISHA HOSP & INFR L,H
HDIL,BZ,HOUSING DEV & INFRA LTD,H
HECPROJECT,EQ,HEC INFRA PROJECTS LTD,H
HINDMOTORS,EQ,HINDUSTAN MOTORS LIMITED,H
HOMESFY,ST,HOMESFY REALTY LIMITED,H
HYBRIDFIN,EQ,HYBRID FINANCIAL SERVICE,H
IL&FSTRANS,BZ,IL&FS TRANS NET LTD,H
INDOTECH,BE,INDO TECH TRANSFORM LTD.,H
INDOWIND,EQ,INDOWIND ENERGY LTD,H
INDSWFTLTD,BE,IND-SWIFT LIMITED,H
INOXGREEN,EQ,INOX GREEN ENERGY SER LTD,H
INSPIRE,SM,INSPIRE FILMS LIMITED,H
ISHAN,SM,ISHAN INTERNATIONAL LTD,H
IWEL,BE,INOX WIND ENERGY LIMITED,H
JAYNECOIND,EQ,JAYASWAL NECO INDUSTR LTD,H
JUBLINDS,EQ,JUBILANT INDUSTRIES LTD,H
KAUSHALYA,EQ,KAUSHALYA INFRA DEV LTD.,H
KAVVERITEL,EQ,KAVVERI TEL. LTD.,H
KBCGLOBAL,EQ,KBC GLOBAL LIMITED,H
KDL,SM,KORE DIGITAL LIMITED,H
KEEPLEARN,EQ,DSJ KEEP LEARNING LTD,H
KEYFINSERV,BE,KEYNOTE FIN SERV LTD.,H
KPIGREEN,EQ,KPI GREEN ENERGY LIMITED,H
KRIDHANINF,BE,KRIDHAN INFRA LIMITED,H
LAKPRE,BZ,LAKSHMI PRE SCRE LTD,H
LIBERTSHOE,EQ,LIBERTY SHOES LTD,H
LLOYDS,SM,LLOYDS LUXURIES LIMITED,H
LPDC,EQ,LANDMARK PR.DEV.CO.LTD,H
MAFANG,EQ,MIRAEAMC - MAFANG,H
MANAKCOAT,EQ,MAN COAT METAL & IND LTD,H
MASKINVEST,EQ,MASK INVESTMENTS LIMITED,H
MCL,EQ,MADHAV COPPER LIMITED,H
MDL,SM,MARVEL DECOR LIMITED,H
MEGAFLEX,SM,MEGA FLEX PLASTICS LTD,H
MEP,BE,MEP INFRA. DEVELOPERS LTD,H
METALFORGE,BZ,METALYST FORGINGS LIMITED,H
MICEL,EQ,MIC ELECTRONICS LTD,H
MILTON,SM,MILTON INDUSTRIES LIMITED,H
MIRCELECTR,EQ,MIRC ELECTRONICS LTD,H
MOTISONS,EQ,MOTISONS JEWELLERS LTD,H
MPTODAY,SM,M P TODAY MEDIA LIMITED,H
MUFIN,EQ,MUFIN GREEN FINANCE LTD,H
MUKTAARTS,EQ,MUKTA ARTS LIMITED,H
NAGREEKCAP,EQ,NAGREEKA CAP & INFR.LTD,H
NETWORK18,EQ,NETWORK18 MEDIA & INV LTD,H
NEXTMEDIA,EQ,NEXT MEDIAWORKS LIMITED,H
NILASPACES,EQ,NILA SPACES LIMITED,H
NKIND,EQ,NK INDUSTRIES LTD,H
NPST,SM,NETWORK PEOPLE SRV TECH L,H
ONELIFECAP,BE,ONELIFE CAP ADVISORS LTD,H
ORIANA,SM,ORIANA POWER LIMITED,H
ORIENTLTD,EQ,ORIENT PRESS LIMITED,H
OSWALSEEDS,BE,SHREEOSWAL S AND CHE LTD,H
OWAIS,SM,OWAIS METAL & MINERAL,H
PANACHE,EQ,PANACHE DIGILIFE LIMITED,H
PARASPETRO,BE,PARAS PETROFILS LTD.,H
PARSVNATH,EQ,PARSVNATH DEVELOPER LTD,H
PASHUPATI,SM,PASHUPATI COTSPIN LIMITED,H
PAVNAIND,EQ,PAVNA INDUSTRIES LIMITED,H
PIGL,BE,POWER INSTRUMENT (G) LTD,H
PRATHAM,SM,PRATHAM EPC PROJECTS LTD,H
PREMIER,BE,PREMIER LIMITED,H
PURVA,BE,PURAVANKARA LIMITED,H
RADAAN,BE,RADAAN MEDIAWORKS (I) LTD,H
RAJRILTD,BE,RAJ RAYON INDUSTRIES LTD,H
RBS,ST,RAMDEVBABA SOLVENT LTD,H
REMUS,SM,REMUS PHARMACEUTICALS L,H
REXPIPES,SM,REX PIPES AND CABLES LTD,H
RHFL,BE,RELIANCE HOME FINANCE LTD,H
RKDL,EQ,RAVI KUMAR DIST. LTD.,H
ROLLT,BE,ROLLATAINERS LIMITED,H
ROML,EQ,RAJ OIL MILLS LIMITED,H
RPPINFRA,BE,R.P.P INFRA PROJECTS LTD.,H
RPPL,BE,RAJSHREE POLYPACK LTD,H
SABTNL,BE,SRI ADHIKARI BRO TELE N L,H
SADBHIN,BE,SADBHAV INFRA PROJ LTD.,H
SANDUMA,EQ,SANDUR MANG & IRON ORES L,H
SCILAL,EQ,SHIPPING CORP OF ILA LTD,H
SEL,SM,SUNGARNER ENERGIES LTD,H
SETCO,EQ,SETCO AUTOMOTIVE LTD,H
SEYAIND,BE,SEYA INDUSTRIES LIMITED,H
SHRADHA,EQ,SHRADHA INFRAPROJECTS LTD,H
SHRENIK,EQ,SHRENIK LIMITED,H
SHYAMTEL,BE,SHYAM TELECOM LIMITED,H
SMVD,SM,SMVD POLY PACK LIMITED,H
SOMATEX,EQ,SOMA TEXTILES & INDUST LT,H
SPRL,ST,SP REFRACTORIES LIMITED,H
STEELCITY,EQ,STEEL CITY SECURITIES LTD,H
SUMEETINDS,BE,SUMEET IND LIMITED,H
SUPREMEENG,BE,SUPREME ENGINEERING LTD,H
SURANASOL,BE,SURANA SOLAR LIMITED,H
SUVEN,EQ,SUVEN LIFE SCIENCES LTD,H
SVLL,EQ,SHREE VASU LOGISTICS LTD,H
SWARAJ,SM,SWARAJ SUITING LIMITED,H
SWELECTES,EQ,SWELECT ENERGY SYS LTD,H
SYNCOMF,EQ,SYNCOM FORMU (I) LTD,H
TAC,SM,TAC INFOSEC LIMITED,H
TEMBO,EQ,TEMBO GLOBAL IND LTD,H
TGL,ST,TEERTH GOPICON LIMITED,H
TIJARIA,BE,TIJARIA POLYPIPES LTD,H
TRF,BE,TRF LIMITED,H
TRIL,BE,TRANS & RECTI. LTD,H
TRUST,SM,TRUST FINTECH LIMITED,H
TV18BRDCST,EQ,TV18 BROADCAST LIMITED,H
UBL,EQ,UNITED BREWERIES LTD,H
UEL,BE,UJAAS ENERGY LIMITED,H
UMESLTD,EQ,USHA MARTIN EDU & SOL LTD,H
VARDMNPOLY,BE,VARDHMAN POLYTEX LTD.,H
VASA,SM,VASA RETAIL & OVERSEA LTD,H
VERTEXPLUS,SM,VERTEXPLUS TECHNOLOGIES L,H
VIJIFIN,BE,VIJI FINANCE LIMITED,H
VIKASLIFE,EQ,VIKAS LIFECARE LIMITED,H
VIVIANA,SM,VIVIANA POWER TECH LTD,H
VMARCIND,SM,V MARC INDIA LIMITED,H
WEBELSOLAR,BE,WEBSOL ENERGY SYSTEM LTD,H
WEIZMANIND,EQ,WEIZMANN LTD,H
WEL,BE,WONDER ELECTRICALS LTD,H
WINSOME,BE,WINSOME YARNS LIMITED,H
XELPMOC,BE,XELPMOC DESIGN & TECH LTD,H
ZODIAC,BE,ZODIAC ENERGY LIMITED,H
21STCENMGM,BE,21ST CENTURY MGMT SERVICE,L
AARTECH,BE,AARTECH SOLONICS LIMITED,L
ALPEXSOLAR,SM,ALPEX SOLAR LIMITED,L
ANKITMETAL,EQ,ANKIT MET & POW LTD,L
ANTGRAPHIC,BE,ANTARCTICA LTD,L
APS,SM,AUSTRALIAN PREM SOLAR I L,L
ARENTERP,EQ,RAJDARSHAN INDUSTRIES LTD,L
ARVEE,BE,ARVEE LABORATORIES I LTD,L
ATALREAL,EQ,ATAL REALTECH LIMITED,L
ATLANTAA,BE,ATLANTAA LIMITED,L
AURIONPRO,BE,AURIONPRO SOLN LTD,L
BIRDYS,ST,GRILL SPLENDOUR SER LTD,L
BLBLIMITED,BE,BLB LIMITED,L
CALSOFT,BE,CALIFORNIA SOFTWARE CO LT,L
CGRAPHICS,ST,CREATIVE GRAPHICS S IND L,L
CPS,ST,C P S SHAPERS LIMITED,L
DRONE,SM,DRONE DESTINATION LIMITED,L
EDUCOMP,BZ,EDUCOMP SOLUTIONS LTD,L
EIMCOELECO,BE,EIMCO ELECON (INDIA) LTD,L
ESCONET,SM,ESCONET TECHNOLOGIES LTD,L
FCONSUMER,EQ,FUTURE CONSUMER LIMITED,L
FELDVR,BE,FUTURE ENTERPRISES LTD,L
FLFL,BZ,FUT LIFESTYLE FASH LTD,L
GALLANTT,BE,GALLANTT ISPAT LIMITED,L
GICL,SM,GLOBE INTL CARRIERS LTD,L
GKWLIMITED,BE,GKW LIMITED,L
GLOBALVECT,BE,GLOBAL VEC HELICORP LTD,L
GLOBE,EQ,GLOBE TEXTILES (I) LTD.,L
GOENKA,BZ,GOENKA DIAMOND&JEWELS LTD,L
GVPTECH,EQ,GVP INFOTECH LIMITED,L
HEADSUP,BE,HEADS UP VENTURES LIMITED,L
HITECHGEAR,BE,THE HI-TECH GEARS LIMITED,L
IDEA,EQ,VODAFONE IDEA LIMITED,L
IL&FSTRANS,BZ,IL&FS TRANS NET LTD,L
INDOTECH,BE,INDO TECH TRANSFORM LTD.,L
INNOVATIVE,SM,INNOVATIVE TYRES & TUBES,L
JALAN,SM,JALAN TRANSOLU. INDIA LTD,L
KDL,SM,KORE DIGITAL LIMITED,L
MAKS,SM,MAKS ENERGY SOL INDIA LTD,L
MASKINVEST,EQ,MASK INVESTMENTS LIMITED,L
MBECL,EQ,MCNALLY BH. ENG. CO.LTD,L
MONOPHARMA,SM,MONO PHARMACARE LIMITED,L
OMKARCHEM,BZ,OMKAR SPL CHEM LTD,L
ONELIFECAP,BE,ONELIFE CAP ADVISORS LTD,L
PAVNAIND,EQ,PAVNA INDUSTRIES LIMITED,L
PERFECT,SM,PERFECT INFRAENGINEER LTD,L
PRATHAM,SM,PRATHAM EPC PROJECTS LTD,L
RAMCOSYS,BE,RAMCO SYSTEMS LTD,L
RBMINFRA,SM,RBM INFRACON LIMITED,L
RCOM,BE,RELIANCE COMMUNICATIONS L,L
REFEX,EQ,REFEX INDUSTRIES LIMITED,L
SHAHALLOYS,EQ,SHAH ALLOYS LIMITED,L
SHEETAL,ST,SHEETAL UNIVERSAL LIMITED,L
SOLEX,SM,SOLEX ENERGY LIMITED,L
SPARC,EQ,SUN PHARMA ADV.RES.CO.LTD,L
SRPL,BE,SHREE RAM PROTEINS LTD.,L
TARACHAND,BE,TARA CHAND INFRA SOLN LTD,L
TREEHOUSE,BE,TREE HOUSE EDU LTD,L
TRIL,BE,TRANS & RECTI. LTD,L
UMAEXPORTS,BE,UMA EXPORTS LIMITED,L
WEBELSOLAR,BE,WEBSOL ENERGY SYSTEM LTD,L
WOMANCART,SM,WOMANCART LIMITED,L
