GAIN_LOSS,SECURITY,CLOSE_PRIC,PREV_CL_PR,PERCENT_CG
 ,Nifty 50 Sec., , , 
 , , , , 
G,HINDALCO  INDUSTRIES  LTD,       636.10,       611.80,3.97
G,CIPLA LTD,      1398.20,      1346.70,3.82
G,JSW STEEL LIMITED,       882.70,       851.35,3.68
G,TATA STEEL LIMITED,       165.55,       161.15,2.73
G,POWER GRID CORP. LTD.,       290.40,       285.35,1.77
G,KOTAK MAHINDRA BANK LTD,      1842.80,      1813.05,1.64
G,APOLLO HOSPITALS ENTER. L,      6283.35,      6194.90,1.43
G,SHRIRAM FINANCE LIMITED,      2461.05,      2426.95,1.41
G,ULTRATECH CEMENT LIMITED,      9658.85,      9533.55,1.31
G,NTPC LTD,       351.65,       347.15,1.3
G,DIVI S LABORATORIES LTD,      3813.80,      3768.65,1.2
G,HERO MOTOCORP LIMITED,      4393.35,      4345.05,1.11
G,BAJAJ FINANCE LIMITED,      7329.15,      7259.90,.95
G,OIL AND NATURAL GAS CORP.,       279.35,       276.80,.92
G,AXIS BANK LIMITED,      1063.25,      1055.75,.71
G,LARSEN & TOUBRO LTD.,      3634.85,      3610.15,.68
G,COAL INDIA LTD,       443.85,       440.95,.66
G,BRITANNIA INDUSTRIES LTD,      4828.95,      4797.80,.65
G,ICICI BANK LTD.,      1096.75,      1090.25,.6
G,BAJAJ FINSERV LTD.,      1630.35,      1621.10,.57
G,TATA MOTORS LIMITED,       991.65,       986.75,.5
G,HDFC BANK LTD,      1511.70,      1507.60,.27
G,EICHER MOTORS LTD,      4530.70,      4520.15,.23
G,SUN PHARMACEUTICAL IND L,      1485.75,      1484.65,.07
G,LTIMINDTREE LIMITED,      4726.80,      4723.40,.07
G,BHARAT PETROLEUM CORP  LT,       593.35,       593.00,.06
G,STATE BANK OF INDIA,       773.10,       773.00,.01
G,INDUSIND BANK LIMITED,      1474.65,      1474.50,.01
 , , , , 
L,TATA CONSUMER PRODUCT LTD,      1110.15,      1173.35,-5.39
L,GRASIM INDUSTRIES LTD,      2337.75,      2370.15,-1.37
L,TECH MAHINDRA LIMITED,      1185.70,      1200.25,-1.21
L,HDFC LIFE INS CO LTD,       594.20,       601.15,-1.16
L,TATA CONSULTANCY SERV LT,      3831.05,      3874.70,-1.13
L,BAJAJ AUTO LIMITED,      8697.10,      8795.80,-1.12
L,INFOSYS LIMITED,      1430.75,      1442.40,-0.81
L,ADANI ENTERPRISES LIMITED,      3043.55,      3065.10,-0.7
L,SBI LIFE INSURANCE CO LTD,      1460.05,      1469.85,-0.67
L,TITAN COMPANY LIMITED,      3609.75,      3633.00,-0.64
L,RELIANCE INDUSTRIES LTD,      2900.35,      2918.65,-0.63
L,HCL TECHNOLOGIES LTD,      1479.25,      1486.65,-0.5
L,WIPRO LTD,       459.90,       462.10,-0.48
L,BHARTI AIRTEL LIMITED,      1336.40,      1342.35,-0.44
L,MARUTI SUZUKI INDIA LTD.,     12944.05,     12996.25,-0.4
L,ASIAN PAINTS LIMITED,      2867.75,      2874.90,-0.25
L,MAHINDRA & MAHINDRA LTD,      2058.45,      2062.60,-0.2
L,ADANI PORT & SEZ LTD,      1320.50,      1322.10,-0.12
L,HINDUSTAN UNILEVER LTD.,      2260.25,      2262.75,-0.11
L,ITC LTD,       428.90,       429.20,-0.07
L,NESTLE INDIA LIMITED,      2500.15,      2501.25,-0.04
L,DR. REDDY S LABORATORIES,      5950.80,      5952.10,-0.02
 , , , , 
 ,Nifty Next 50 Sec., , , 
 , , , , 
G,HINDUSTAN AERONAUTICS LTD,      3946.70,      3795.70,3.98
G,GAIL (INDIA) LTD,       207.40,       199.65,3.88
G,JINDAL STEEL & POWER LTD,       936.50,       909.85,2.93
G,GODREJ CONSUMER PRODUCTS,      1212.80,      1178.35,2.92
G,CHOLAMANDALAM IN & FIN CO,      1168.80,      1143.25,2.23
G,COLGATE PALMOLIVE LTD.,      2748.00,      2690.25,2.15
G,TORRENT PHARMACEUTICALS L,      2686.45,      2637.40,1.86
G,VEDANTA LIMITED,       383.45,       377.05,1.7
G,BAJAJ HOLDINGS & INVS LTD,      8230.00,      8101.35,1.59
G,TRENT LTD,      4221.75,      4158.30,1.53
G,HAVELLS INDIA LIMITED,      1568.10,      1547.95,1.3
G,AMBUJA CEMENTS LTD,       644.45,       636.55,1.24
G,PIDILITE INDUSTRIES LTD,      2950.40,      2914.40,1.24
G,UNITED SPIRITS LIMITED,      1182.90,      1170.05,1.1
G,INTERGLOBE AVIATION LTD,      3742.20,      3702.55,1.07
G,VARUN BEVERAGES LIMITED,      1445.10,      1430.95,0.99
G,DLF LIMITED,       893.50,       885.25,0.93
G,REC LIMITED,       439.80,       435.80,0.92
G,BHARAT ELECTRONICS LTD,       236.50,       234.35,0.92
G,INDIAN RAIL TOUR CORP LTD,      1025.35,      1016.30,0.89
G,INDIAN RAILWAY FIN CORP L,       149.00,       147.75,0.85
G,INFO EDGE (I) LTD,      5875.85,      5827.10,0.84
G,POWER FIN CORP LTD.,       402.05,       399.10,0.74
G,ABB INDIA LIMITED,      6343.85,      6307.45,0.58
G,TVS MOTOR COMPANY  LTD,      1964.30,      1953.10,0.57
G,LIFE INSURA CORP OF INDIA,       990.75,       986.10,0.47
G,DABUR INDIA LTD,       509.45,       507.15,0.45
G,INDIAN OIL CORP LTD,       168.75,       168.10,0.39
G,ICICI LOMBARD GIC LIMITED,      1700.60,      1695.80,0.28
G,SBI CARDS & PAY SER LTD,       749.45,       747.60,0.25
 , , , , 
L,ICICI PRU LIFE INS CO LTD,       575.65,       593.85,-3.06
L,ZYDUS LIFESCIENCES LTD,       933.50,       959.45,-2.7
L,ZOMATO LIMITED,       184.40,       187.45,-1.63
L,JIO FIN SERVICES LTD,       381.85,       387.95,-1.57
L,BOSCH LIMITED,     28858.00,     29277.40,-1.43
L,ADANI POWER LTD,       596.50,       602.45,-0.99
L,CANARA BANK,       596.95,       601.60,-0.77
L,SIEMENS LTD,      5668.95,      5695.70,-0.47
L,ADANI GREEN ENERGY LTD,      1808.30,      1816.40,-0.45
L,BANK OF BARODA,       259.10,       260.15,-0.4
L,ADANI TOTAL GAS LIMITED,       919.50,       923.15,-0.4
L,SAMVRDHNA MTHRSN INTL LTD,       126.90,       127.40,-0.39
L,TATA POWER CO LTD,       428.30,       429.65,-0.31
L,ADANI ENERGY SOLUTION LTD,      1047.85,      1050.05,-0.21
L,MARICO LIMITED,       509.30,       510.15,-0.17
L,AVENUE SUPERMARTS LIMITED,      4797.55,      4800.55,-0.06
L,SHREE CEMENT LIMITED,     24369.15,     24377.75,-0.04
 , , , , 
 ,OTHER SECURITIES, , , 
 , , , , 
G,TAC INFOSEC LIMITED,       481.90,       401.60,20
G,RAJ OIL MILLS LIMITED,        63.05,        52.55,19.98
G,COMPUCOM SOFTWARE LTD,        35.20,        29.35,19.93
G,SHRADHA INFRAPROJECTS LTD,        78.55,        65.55,19.83
G,STEEL CITY SECURITIES LTD,       102.95,        85.95,19.78
G,REMUS PHARMACEUTICALS L,      8267.25,      6911.75,19.61
G,WEIZMANN LTD,       142.25,       118.95,19.59
G,TEMBO GLOBAL IND LTD,       240.90,       203.10,18.61
G,UNSEC RED NCD 10.5% SR.VI,      1148.00,       980.00,17.14
G,SHARP CHUCKS N MACHINES L,       109.05,        93.85,16.2
G,CHENNAI PETROLEUM CORP LT,      1075.00,       928.20,15.82
G,KANDARP DG SMART BPO LTD,        27.00,        23.50,14.89
G,YUKEN INDIA LIMITED,      1180.65,      1037.40,13.81
G,MICROPRO SOFTWARE SOL L,        52.00,        45.75,13.66
G,ORIENT CEMENT LTD.,       230.50,       204.25,12.85
G,AEGIS LOGISTICS LIMITED,       604.50,       537.75,12.41
G,GEOJIT FINANCIAL SER L,        94.65,        84.95,11.42
G,SRNCD TR II SR IV,      2266.00,      2034.00,11.41
G,J.G.CHEMICALS LIMITED,       263.30,       236.65,11.26
G,PHANTOM DIGITAL EFF LTD,       500.40,       450.75,11.01
G,MRPL,       248.70,       224.55,10.75
G,UCAL LIMITED,       182.10,       164.55,10.67
G,COSMO FIRST LIMITED,       628.50,       570.40,10.19
G,VIRINCHI LIMITED,        40.05,        36.40,10.03
G,PUDUMJEE PAPER PRO. LTD,        73.65,        66.95,10.01
G,THE BYKE HOSPITALITY LTD,        73.70,        67.00,10
G,EXCEL REALTY N INFRA LTD,          .55,          .50,10
G,BEARDSELL LIMITED,        43.50,        39.55,9.99
G,PANACHE DIGILIFE LIMITED,        84.25,        76.60,9.99
G,LLOYDS LUXURIES LIMITED,       104.70,        95.20,9.98
 , , , , 
L,SEC RE NCD 9.80% SR.V,       760.25,       950.00,-19.97
L,ATAL REALTECH LIMITED,        10.25,        11.35,-9.69
L,SEC RE NCD 8.25% SR 1,      1033.20,      1141.00,-9.45
L,VODAFONE IDEA LIMITED,        13.10,        14.40,-9.03
L,SEC RE NCD 9% SR.VI,       906.00,       987.00,-8.21
L,HUHTAMAKI INDIA LIMITED,       318.00,       346.35,-8.19
L,S H KELKAR AND CO. LTD.,       206.60,       223.70,-7.64
L,SEC RE NCD 9.71% SR.VIII,       880.05,       950.00,-7.36
L,SMARTLINK HOLDINGS LTD,       197.35,       212.70,-7.22
L,HINDUSTAN MOTORS LIMITED,        29.10,        31.20,-6.73
L,V R INFRASPACE LIMITED,       131.55,       140.70,-6.5
L,NAMAN IN-STORE (INDIA) L,       120.15,       128.40,-6.43
L,SUPREME POWER EQUIPMENT L,       176.25,       187.65,-6.08
L,EMKAY TAP & CUT. TOOL LTD,       685.00,       728.00,-5.91
L,CENTUM ELECTRONICS LTD,      1902.65,      2016.90,-5.66
L,AURO IMPEX & CHEMICALS L,        84.40,        89.40,-5.59
L,2.50%GOLDBONDS2026SR-IV,      7170.00,      7580.00,-5.41
L,7.60% TAX FREE NCD,      1205.62,      1273.59,-5.34
L,MEGATHERM INDUCTION LTD,       322.10,       340.20,-5.32
L,FUTURE CONSUMER LIMITED,          .90,          .95,-5.26
L,INNOVATIVE TYRES & TUBES,         6.65,         7.00,-5
L,JALAN TRANSOLU. INDIA LTD,         3.80,         4.00,-5
L,SUN PHARMA ADV.RES.CO.LTD,       285.15,       300.15,-5
L,RAJDARSHAN INDUSTRIES LTD,        44.70,        47.05,-4.99
L,ALPEX SOLAR LIMITED,       510.75,       537.60,-4.99
L,RBM INFRACON LIMITED,       515.60,       542.70,-4.99
L,DRONE DESTINATION LIMITED,       234.25,       246.55,-4.99
L,ESCONET TECHNOLOGIES LTD,       179.20,       188.60,-4.98
L,REFEX INDUSTRIES LIMITED,       163.10,       171.65,-4.98
L,TAPI FRUIT PROCESSING LTD,       142.00,       149.40,-4.95
