SERIES,SYMBOL,SECURITY,RECORD_DT,BC_STRT_DT,BC_END_DT,EX_DT,ND_STRT_DT,ND_END_DT,PURPOSE
BE,BANKBARODA,Bank of Baroda, ,29/06/2024,05/07/2024,28/06/2024, , ,AGM/DIV-RS 7.60 PER SH   
BE,M&M,MAHINDRA & MAHINDRA LTD, ,06/07/2024,31/07/2024,05/07/2024, , ,AGM/DIV-RS 21.1 PER SH   
BE,INVENTURE,Inventure Gro & Sec Ltd,05/07/2024, , ,05/07/2024, , ,RIGHTS 1:4 @PRM RS 1.33  
BE,ZYDUSLIFE,Zydus Lifesciences Ltd,26/07/2024, , ,26/07/2024, , ,DIV - RS 3 PER SH        
BE,SAH,Sah Polymers Limited, ,06/07/2024,12/07/2024,05/07/2024, , ,ANNUAL GENERAL MEETING   
BE,ESCORTS,ESCORTS INDIA LTD, ,06/07/2024,18/07/2024,05/07/2024, , ,AGM/DIV - RS 18 PER SH   
BE,VEDL,Vedanta Limited, ,05/07/2024,09/07/2024,04/07/2024, , ,ANNUAL GENERAL MEETING   
BE,CAMS,Computer Age Mngt Ser Ltd,08/07/2024, , ,08/07/2024, , ,DIV - RS 16.50 PER SH    
BE,THERMAX,THERMAX LTD,05/07/2024, , ,05/07/2024, , ,DIV - RS 12 PER SH       
BE,3MINDIA,3M India Limited,05/07/2024, , ,05/07/2024, , ,SPDV/DIVRS-525/160 PR SH 
BE,PEL,Piramal Enterprises Ltd.,05/07/2024, , ,05/07/2024, , ,DIV - RS 10 PER SH       
BE,BHARATFORG,Bharat Forge Ltd,05/07/2024, , ,05/07/2024, , ,DIV - RS 6.50 PER SH     
BE,REDINGTON,Redington (India) Limited,05/07/2024, , ,05/07/2024, , ,DIV - RS 6.20 PER SH     
BE,APOLLOTYRE,APOLLOTYRE - Depo,05/07/2024, , ,05/07/2024, , ,DIV - RS 6 PER SH        
BE,ASTRAZEN,AstraZeneca Pharma India,05/07/2024, , ,05/07/2024, , ,DIV - RS 24 PER SH       
BE,BALKRISIND,BALKRISHNA IND. LTD,06/07/2024, , ,05/07/2024, , ,DIV - RS 4 PER SH        
BE,JSWSTEEL,JSW Steel Limited, ,10/07/2024,12/07/2024,09/07/2024, , ,AGM/DIV - RS 7.30 PER SH 
BE,JKCEMENT,JK Cement Limited, ,10/07/2024,19/07/2024,09/07/2024, , ,AGM/DIV/SPDV RS15/5      
BE,GLOBAL,Global Education Limited, ,22/06/2024,05/07/2024,21/06/2024, , ,AGM/DIV - RE 1 PER SH    
BE,RAYMOND,RAYMOND-depo,11/07/2024, , ,11/07/2024, , ,DEMERGER                 
BE,TATACOMM,Tata Communications Ltd., ,02/07/2024,05/07/2024,01/07/2024, , ,ANNUAL GENERAL MEETING   
BE,REMSONSIND,Remsons Industries Ltd,05/07/2024, , ,05/07/2024, , ,FVSPLT FRM RS 10 TO RS 2 
BE,DODLA,Dodla Dairy Limited, ,26/06/2024,04/07/2024,25/06/2024, , ,ANNUAL GENERAL MEETING   
BE,VERTOZ,Vertoz Advertising Ltd,05/07/2024, , ,05/07/2024, , ,BONUS 1:1                
BE,DEEPINDS,Deep Industries Limited,09/07/2024, , ,09/07/2024, , ,DIV - RS 2.44 PER SH     
BE,BAIDFIN,Baid Finserv Limited,09/07/2024, , ,09/07/2024, , ,DIV - RE 0.10 PER SH     
BE,BAIDFIN,Baid Finserv Limited, ,10/07/2024,16/07/2024,09/07/2024, , ,ANNUAL GENERAL MEETING   
BE,PERSISTENT,Persistent Systems Ltd, ,10/07/2024,16/07/2024,09/07/2024, , ,AGM/DIV - RS 10 PER SH   
BE,MPHASIS,MphasiS Limited, ,11/07/2024,25/07/2024,10/07/2024, , ,AGM/DIV - RS 55 PER SH   
BE,LAGNAM,Lagnam Spintex Limited,09/07/2024, , ,09/07/2024, , ,DIV - RE 0.50 PER SH     
BE,DEVYANI,Devyani International Ltd, ,28/06/2024,05/07/2024,27/06/2024, , ,ANNUAL GENERAL MEETING   
BE,VOLTAS,VOLTAS LTD, ,26/06/2024,10/07/2024,25/06/2024, , ,AGM/DIV-RS 5.50 PER SH   
BE,SHANTI,Shanti Overseas (Ind) Ltd, ,28/06/2024,05/07/2024,27/06/2024, , ,EGM                      
BE,AEROFLEX,Aeroflex Industries Ltd, ,29/06/2024,05/07/2024,28/06/2024, , ,ANNUAL GENERAL MEETING   
BE,TATAELXSI,Tata Elxsi Limited, ,26/06/2024,10/07/2024,25/06/2024, , ,AGM/DIV - RS 70 PER SH   
BE,PGEL,PG Electroplast Ltd,10/07/2024, , ,10/07/2024, , ,FVSPLT FRM RS 10 TO RE 1 
BE,ALLSEC,Allsec Technologies Ltd,05/07/2024, , ,05/07/2024, , ,DIV - RS 15 PER SH       
BE,ARTEMISMED,Artemis Med Services Ltd,05/07/2024, , ,05/07/2024, , ,DIV - RS 0.45 PER SH     
BE,JAIPURKURT,Nandani Creation Limited,04/07/2024, , ,04/07/2024, , ,RIGHTS 100:224@PRM RS 20 
BE,NAVINFLUOR,Navin Fluorine Internatio,05/07/2024, , ,05/07/2024, , ,DIV - RS 7 PER SH        
BE,BIOCON,BIOCON LIMITED,05/07/2024, , ,05/07/2024, , ,DIV - RE 0.50 PER SH     
BE,NUCLEUS,Nucleus Software Exports, ,09/07/2024,15/07/2024,08/07/2024, , ,ANNUAL GENERAL MEETING   
BE,NUCLEUS,Nucleus Software Exports,05/07/2024, , ,05/07/2024, , ,DIV - RS 12.5 PER SH     
BE,NESTLEIND,Nestle India Limited,16/07/2024, , ,16/07/2024, , ,DIV - RS 8.50 PER SH     
BE,DJML,DJ Mediaprint & Log Ltd, ,08/07/2024,13/07/2024,05/07/2024, , ,AGM/DIV-RE 0.20 PER SH   
BE,TATAPOWER,TATA POWER LTD,04/07/2024, , ,04/07/2024, , ,DIV - RS 2 PER SH        
BE,SKFINDIA,SKF India Limited,04/07/2024, , ,04/07/2024, , ,AGM/DIV - RS 130 PER SH  
BE,DCMSHRIRAM,DCM Shriram Limited,09/07/2024, , ,09/07/2024, , ,DIV - RS 2.60 PER SH     
BE,SOLARINDS,Solar Industries (I) Ltd, ,05/07/2024,18/07/2024,04/07/2024, , ,AGM/DIV - RS 8.50 PER SH 
BE,BALAMINES,Balaji Amines Limited, ,05/07/2024,11/07/2024,04/07/2024, , ,AGM/DIV - RS 11 PER SH   
BE,KESORAMIND,KESORAM INDUSTRIES LTD, ,03/07/2024,09/07/2024,02/07/2024, , ,ANNUAL GENERAL MEETING   
BE,POLYCAB,Polycab India Limited, ,10/07/2024,16/07/2024,09/07/2024, , ,DIV - RS 30 PER SH       
BE,VERTOZ,Vertoz Advertising Ltd,05/07/2024, , ,05/07/2024, , ,FV SPLT FRM RS 10 TO RE 1
BE,LAURUSLABS,Laurus Labs Limited, ,05/07/2024,11/07/2024,04/07/2024, , ,ANNUAL GENERAL MEETING   
BE,JYOTHYLAB,Jyothy Labs Limited, ,04/07/2024,11/07/2024,03/07/2024, , ,AGM/DIV-RS 3.50 PER SH   
BE,TIDEWATER,Tide Water Oil Co. (India, ,05/07/2024,11/07/2024,04/07/2024, , ,DIV - RS 20 PER SH       
BE,RSSOFTWARE,R. S. Software (I) Ltd., ,04/07/2024,10/07/2024,03/07/2024, , ,ANNUAL GENERAL MEETING   
BE,ASAL,Automotive Stampings and, ,03/07/2024,09/07/2024,02/07/2024, , ,ANNUAL GENERAL MEETING   
BE,ECLERX,eClerx Services Limited,04/07/2024, , ,04/07/2024, , ,BUY BACK                 
BE,SUNDARMHLD,Sundaram Finance Hold Ltd, ,06/07/2024,18/07/2024,05/07/2024, , ,AGM/DIV-RS 2.05 PER SH   
BE,WELENT,Welspun Enterprises Ltd, ,06/07/2024,08/07/2024,05/07/2024, , ,AGM/DIV - RS 3 PER SH    
BE,CROMPTON,Crompt Grea Con Elec Ltd,10/07/2024, , ,10/07/2024, , ,DIV - RS 3 PER SH        
BE,CROMPTON,Crompt Grea Con Elec Ltd, ,11/07/2024,26/07/2024,10/07/2024, , ,ANNUAL GENERAL MEETING   
BE,SWARAJENG,Swaraj Engines Ltd, ,29/06/2024,05/07/2024,28/06/2024, , ,DIV - RS 95 PER SH       
BE,SPLPETRO,Supreme Petrochem Limited, ,28/06/2024,04/07/2024,27/06/2024, , ,AGM/DIV - RS 7 PER SH    
BE,TITAN,Titan Company Limited, ,28/06/2024,12/07/2024,27/06/2024, , ,AGM/DIV - RS 11 PER SH   
BZ,KESORAMIND,Kesoram Industries Ltd., ,03/07/2024,09/07/2024,02/07/2024, , ,ANNUAL GENERAL MEETING   
EQ,ZYDUSLIFE,Zydus Lifesciences Ltd,26/07/2024, , ,26/07/2024, , ,DIV - RS 3 PER SH        
EQ,SAH,Sah Polymers Limited, ,06/07/2024,12/07/2024,05/07/2024, , ,ANNUAL GENERAL MEETING   
EQ,ESCORTS,Escorts India Ltd., ,06/07/2024,18/07/2024,05/07/2024, , ,AGM/DIV - RS 18 PER SH   
EQ,VEDL,Vedanta Limited, ,05/07/2024,09/07/2024,04/07/2024, , ,ANNUAL GENERAL MEETING   
EQ,CAMS,Computer Age Mngt Ser Ltd,08/07/2024, , ,08/07/2024, , ,DIV - RS 16.50 PER SH    
EQ,JSWSTEEL,JSW Steel Limited, ,10/07/2024,12/07/2024,09/07/2024, , ,AGM/DIV - RS 7.30 PER SH 
EQ,THERMAX,Thermax Ltd,05/07/2024, , ,05/07/2024, , ,DIV - RS 12 PER SH       
EQ,3MINDIA,3M India Limited,05/07/2024, , ,05/07/2024, , ,SPDV/DIVRS-525/160 PR SH 
EQ,PEL,Piramal Enterprises Ltd.,05/07/2024, , ,05/07/2024, , ,DIV - RS 10 PER SH       
EQ,BHARATFORG,Bharat Forge Ltd,05/07/2024, , ,05/07/2024, , ,DIV - RS 6.50 PER SH     
EQ,REDINGTON,Redington (India) Limited,05/07/2024, , ,05/07/2024, , ,DIV - RS 6.20 PER SH     
EQ,APOLLOTYRE,Apollo Tyres Ltd.,05/07/2024, , ,05/07/2024, , ,DIV - RS 6 PER SH        
EQ,ASTRAZEN,AstraZeneca Pharma India,05/07/2024, , ,05/07/2024, , ,DIV - RS 24 PER SH       
EQ,BALKRISIND,Balkrishna Ind. Ltd,06/07/2024, , ,05/07/2024, , ,DIV - RS 4 PER SH        
EQ,RAYMOND,Raymond Ltd.,11/07/2024, , ,11/07/2024, , ,DEMERGER                 
EQ,JKCEMENT,JK Cement Limited, ,10/07/2024,19/07/2024,09/07/2024, , ,AGM/DIV/SPDV RS15/5      
EQ,TATACOMM,Tata Communications Ltd., ,02/07/2024,05/07/2024,01/07/2024, , ,ANNUAL GENERAL MEETING   
EQ,GLOBAL,Global Education Limited, ,22/06/2024,05/07/2024,21/06/2024, , ,AGM/DIV - RE 1 PER SH    
EQ,REMSONSIND,Remsons Industries Ltd,05/07/2024, , ,05/07/2024, , ,FVSPLT FRM RS 10 TO RS 2 
EQ,BAIDFIN,Baid Finserv Limited,09/07/2024, , ,09/07/2024, , ,DIV - RE 0.10 PER SH     
EQ,DODLA,Dodla Dairy Limited, ,26/06/2024,04/07/2024,25/06/2024, , ,ANNUAL GENERAL MEETING   
EQ,DEVYANI,Devyani International Ltd, ,28/06/2024,05/07/2024,27/06/2024, , ,ANNUAL GENERAL MEETING   
EQ,VERTOZ,Vertoz Advertising Ltd,05/07/2024, , ,05/07/2024, , ,BONUS 1:1                
EQ,DEEPINDS,Deep Industries Limited,09/07/2024, , ,09/07/2024, , ,DIV - RS 2.44 PER SH     
EQ,BAIDFIN,Baid Finserv Limited, ,10/07/2024,16/07/2024,09/07/2024, , ,ANNUAL GENERAL MEETING   
EQ,PERSISTENT,Persistent Systems Ltd, ,10/07/2024,16/07/2024,09/07/2024, , ,AGM/DIV - RS 10 PER SH   
EQ,MPHASIS,MphasiS Limited, ,11/07/2024,25/07/2024,10/07/2024, , ,AGM/DIV - RS 55 PER SH   
EQ,LAGNAM,Lagnam Spintex Limited,09/07/2024, , ,09/07/2024, , ,DIV - RE 0.50 PER SH     
EQ,VOLTAS,Voltas Ltd., ,26/06/2024,10/07/2024,25/06/2024, , ,AGM/DIV-RS 5.50 PER SH   
EQ,SHANTI,Shanti Overseas (Ind) Ltd, ,28/06/2024,05/07/2024,27/06/2024, , ,EGM                      
EQ,AEROFLEX,Aeroflex Industries Ltd, ,29/06/2024,05/07/2024,28/06/2024, , ,ANNUAL GENERAL MEETING   
EQ,TATAELXSI,Tata Elxsi Limited, ,26/06/2024,10/07/2024,25/06/2024, , ,AGM/DIV - RS 70 PER SH   
EQ,PGEL,PG Electroplast Ltd,10/07/2024, , ,10/07/2024, , ,FVSPLT FRM RS 10 TO RE 1 
EQ,ALLSEC,Allsec Technologies Limit,05/07/2024, , ,05/07/2024, , ,DIV - RS 15 PER SH       
EQ,ARTEMISMED,Artemis Med Services Ltd,05/07/2024, , ,05/07/2024, , ,DIV - RS 0.45 PER SH     
EQ,JAIPURKURT,Nandani Creation Limited,04/07/2024, , ,04/07/2024, , ,RIGHTS 100:224@PRM RS 20 
EQ,NAVINFLUOR,Navin Fluorine Internatio,05/07/2024, , ,05/07/2024, , ,DIV - RS 7 PER SH        
EQ,BIOCON,Biocon Limited,05/07/2024, , ,05/07/2024, , ,DIV - RE 0.50 PER SH     
EQ,NUCLEUS,Nucleus Software Exports, ,09/07/2024,15/07/2024,08/07/2024, , ,ANNUAL GENERAL MEETING   
EQ,NUCLEUS,Nucleus Software Exports,05/07/2024, , ,05/07/2024, , ,DIV - RS 12.5 PER SH     
EQ,INVENTURE,Inventure Gro & Sec Ltd,05/07/2024, , ,05/07/2024, , ,RIGHTS 1:4 @PRM RS 1.33  
EQ,NESTLEIND,Nestle India Limited,16/07/2024, , ,16/07/2024, , ,DIV - RS 8.50 PER SH     
EQ,DJML,DJ Mediaprint & Log Ltd, ,08/07/2024,13/07/2024,05/07/2024, , ,AGM/DIV-RE 0.20 PER SH   
EQ,VERTOZ,Vertoz Advertising Ltd,05/07/2024, , ,05/07/2024, , ,FV SPLT FRM RS 10 TO RE 1
EQ,TATAPOWER,Tata Power Co. Ltd.,04/07/2024, , ,04/07/2024, , ,DIV - RS 2 PER SH        
EQ,SKFINDIA,SKF India Limited,04/07/2024, , ,04/07/2024, , ,AGM/DIV - RS 130 PER SH  
EQ,DCMSHRIRAM,DCM Shriram Limited,09/07/2024, , ,09/07/2024, , ,DIV - RS 2.60 PER SH     
EQ,SOLARINDS,Solar Industries (I) Ltd, ,05/07/2024,18/07/2024,04/07/2024, , ,AGM/DIV - RS 8.50 PER SH 
EQ,BALAMINES,Balaji Amines Limited, ,05/07/2024,11/07/2024,04/07/2024, , ,AGM/DIV - RS 11 PER SH   
EQ,KESORAMIND,Kesoram Industries Ltd., ,03/07/2024,09/07/2024,02/07/2024, , ,ANNUAL GENERAL MEETING   
EQ,POLYCAB,Polycab India Limited, ,10/07/2024,16/07/2024,09/07/2024, , ,DIV - RS 30 PER SH       
EQ,LAURUSLABS,Laurus Labs Limited, ,05/07/2024,11/07/2024,04/07/2024, , ,ANNUAL GENERAL MEETING   
EQ,JYOTHYLAB,Jyothy Labs Limited, ,04/07/2024,11/07/2024,03/07/2024, , ,AGM/DIV-RS 3.50 PER SH   
EQ,TIDEWATER,Tide Water Oil Co. (India, ,05/07/2024,11/07/2024,04/07/2024, , ,DIV - RS 20 PER SH       
EQ,RSSOFTWARE,R. S. Software (I) Ltd., ,04/07/2024,10/07/2024,03/07/2024, , ,ANNUAL GENERAL MEETING   
EQ,ASAL,Automotive Stampings and, ,03/07/2024,09/07/2024,02/07/2024, , ,ANNUAL GENERAL MEETING   
EQ,ECLERX,eClerx Services Limited,04/07/2024, , ,04/07/2024, , ,BUY BACK                 
EQ,SUNDARMHLD,Sundaram Finance Hold Ltd, ,06/07/2024,18/07/2024,05/07/2024, , ,AGM/DIV-RS 2.05 PER SH   
EQ,WELENT,Welspun Enterprises Ltd, ,06/07/2024,08/07/2024,05/07/2024, , ,AGM/DIV - RS 3 PER SH    
EQ,CROMPTON,Crompt Grea Con Elec Ltd,10/07/2024, , ,10/07/2024, , ,DIV - RS 3 PER SH        
EQ,CROMPTON,Crompt Grea Con Elec Ltd, ,11/07/2024,26/07/2024,10/07/2024, , ,ANNUAL GENERAL MEETING   
EQ,SWARAJENG,Swaraj Engines Ltd, ,29/06/2024,05/07/2024,28/06/2024, , ,DIV - RS 95 PER SH       
EQ,SPLPETRO,Supreme Petrochem Limited, ,28/06/2024,04/07/2024,27/06/2024, , ,AGM/DIV - RS 7 PER SH    
EQ,TITAN,Titan Company Limited, ,28/06/2024,12/07/2024,27/06/2024, , ,AGM/DIV - RS 11 PER SH   
EQ,BANKBARODA,Bank of Baroda, ,29/06/2024,05/07/2024,28/06/2024, , ,AGM/DIV-RS 7.60 PER SH   
EQ,M&M,Mah & Mah Ltd., ,06/07/2024,31/07/2024,05/07/2024, , ,AGM/DIV-RS 21.1 PER SH   
GS,84GS2024,GOI LOAN 8.40% 2024,24/07/2024, , , , , ,REDEMPTION               
IV,INDINFR,IndInfravit Trust,09/07/2024, , ,09/07/2024, , ,DISTRIBUTION RS 1.92     
N5,PCHFL,Sec Re NCD 8.25% Sr.III,08/07/2024, , , , , ,INT PAYMENT/REDEMPTION   
N6,NIDO,Sec Red NCD 10% Sr. VI,04/07/2024, , ,04/07/2024, , ,INTEREST PAYMENT         
N6,PCHFL,Sec Re NCD 8.50% Sr.III,08/07/2024, , , , , ,INT PAYMENT/REDEMPTION   
N7,PCHFL,Sec Re NCD 8.50% Sr.IV,08/07/2024, , ,08/07/2024, , ,INTEREST PAYMENT         
N8,PCHFL,Sec Re NCD 8.75% Sr.IV,08/07/2024, , ,08/07/2024, , ,INTEREST PAYMENT         
N9,PCHFL,Sec Re NCD 8.75% Sr.V,08/07/2024, , ,08/07/2024, , ,INTEREST PAYMENT         
NA,PCHFL,Sec Re NCD 9% Sr.V,08/07/2024, , ,08/07/2024, , ,INTEREST PAYMENT         
NA,IBUCCREDIT,SeReNCD8.75%SrVICI&II,10/07/2024, , ,10/07/2024, , ,INTEREST PAYMENT         
NB,IBUCCREDIT,SeReNCD8.84%SrVICIII&IV,10/07/2024, , ,10/07/2024, , ,INTEREST PAYMENT         
NP,IBULHSGFIN,Sec Re NCD 8.20% Sr.VI,09/07/2024, , ,09/07/2024, , ,INTEREST PAYMENT         
NQ,IBULHSGFIN,Sec Re NCD 8.66% Sr.VI,09/07/2024, , ,09/07/2024, , ,INTEREST PAYMENT         
NR,IBUCCREDIT,Sec Re NCD 9.57% Sr.II,10/07/2024, , ,10/07/2024, , ,INTEREST PAYMENT         
NT,IBULHSGFIN,Sec Re NCD 8.89% Sr.VIII,09/07/2024, , ,09/07/2024, , ,INTEREST PAYMENT         
NU,IBUCCREDIT,Sec Re NCD 9.80% Sr.V,10/07/2024, , ,10/07/2024, , ,INTEREST PAYMENT         
NV,IBULHSGFIN,UnSe Re NCD 8.89% Sr.X,09/07/2024, , ,09/07/2024, , ,INTEREST PAYMENT         
NW,IBULHSGFIN,UnSe Re NCD 9.35% Sr.X,09/07/2024, , ,09/07/2024, , ,INTEREST PAYMENT         
NX,DHANILOANS,Sec Re NCD 10.49% Sr.VII,10/07/2024, , ,10/07/2024, , ,INTEREST PAYMENT         
NY,IBUCCREDIT,Sec Re NCD 9.57% Sr.VIII,10/07/2024, , ,10/07/2024, , ,INTEREST PAYMENT         
NZ,IBUCCREDIT,Sec Re NCD 10.03% Sr.VIII,10/07/2024, , ,10/07/2024, , ,INTEREST PAYMENT         
SG,503KL24,SDL KL 5.03% 2024,19/07/2024, , , , , ,REDEMPTION               
SG,505RJ24,SDL RJ 5.05% 2024,25/07/2024, , , , , ,REDEMPTION               
SM,SIDDHIKA,Siddhika Coatings Limited, ,06/07/2024,12/07/2024,05/07/2024, , ,ANNUAL GENERAL MEETING   
SM,SIDDHIKA,Siddhika Coatings Limited,05/07/2024, , ,05/07/2024, , ,DIV - RS 3.30 PER SH     
SM,SARTELE,Sar Televenture Limited,09/07/2024, , ,09/07/2024, , ,RIGHTS 1:1 @ PRM RS 198  
SQ,SARTELE,Sar Televenture Limited,09/07/2024, , ,09/07/2024, , ,RIGHTS 1:1 @ PRM RS 198  
SQ,SIDDHIKA,Siddhika Coatings Limited, ,06/07/2024,12/07/2024,05/07/2024, , ,ANNUAL GENERAL MEETING   
SQ,SIDDHIKA,Siddhika Coatings Limited,05/07/2024, , ,05/07/2024, , ,DIV - RS 3.30 PER SH     
ST,SARTELE,Sar Televenture Limited,09/07/2024, , ,09/07/2024, , ,RIGHTS 1:1 @ PRM RS 198  
ST,SIDDHIKA,Siddhika Coatings Limited,05/07/2024, , ,05/07/2024, , ,DIV - RS 3.30 PER SH     
ST,SIDDHIKA,Siddhika Coatings Limited, ,06/07/2024,12/07/2024,05/07/2024, , ,ANNUAL GENERAL MEETING   
U5,PCHFL,Sec Re NCD 8.25% Sr.III,08/07/2024, , , , , ,INT PAYMENT/REDEMPTION   
U6,NIDO,Sec Red NCD 10% Sr. VI,04/07/2024, , ,04/07/2024, , ,INTEREST PAYMENT         
U6,PCHFL,Sec Re NCD 8.50% Sr.III,08/07/2024, , , , , ,INT PAYMENT/REDEMPTION   
U7,PCHFL,Sec Re NCD 8.50% Sr.IV,08/07/2024, , ,08/07/2024, , ,INTEREST PAYMENT         
U8,PCHFL,Sec Re NCD 8.75% Sr.IV,08/07/2024, , ,08/07/2024, , ,INTEREST PAYMENT         
U9,PCHFL,Sec Re NCD 8.75% Sr.V,08/07/2024, , ,08/07/2024, , ,INTEREST PAYMENT         
UA,PCHFL,Sec Re NCD 9% Sr.V,08/07/2024, , ,08/07/2024, , ,INTEREST PAYMENT         
UA,IBUCCREDIT,SeReNCD8.75%SrVICI&II,10/07/2024, , ,10/07/2024, , ,INTEREST PAYMENT         
UB,IBUCCREDIT,SeReNCD8.84%SrVICIII&IV,10/07/2024, , ,10/07/2024, , ,INTEREST PAYMENT         
UP,IBULHSGFIN,Sec Re NCD 8.20% Sr.VI,09/07/2024, , ,09/07/2024, , ,INTEREST PAYMENT         
UQ,IBULHSGFIN,Sec Re NCD 8.66% Sr.VI,09/07/2024, , ,09/07/2024, , ,INTEREST PAYMENT         
UR,IBUCCREDIT,Sec Re NCD 9.57% Sr.II,10/07/2024, , ,10/07/2024, , ,INTEREST PAYMENT         
UT,IBULHSGFIN,Sec Re NCD 8.89% Sr.VIII,09/07/2024, , ,09/07/2024, , ,INTEREST PAYMENT         
UU,IBUCCREDIT,Sec Re NCD 9.80% Sr.V,10/07/2024, , ,10/07/2024, , ,INTEREST PAYMENT         
UV,IBULHSGFIN,UnSe Re NCD 8.89% Sr.X,09/07/2024, , ,09/07/2024, , ,INTEREST PAYMENT         
UW,IBULHSGFIN,UnSe Re NCD 9.35% Sr.X,09/07/2024, , ,09/07/2024, , ,INTEREST PAYMENT         
UX,DHANILOANS,Sec Re NCD 10.49% Sr.VII,10/07/2024, , ,10/07/2024, , ,INTEREST PAYMENT         
UY,IBUCCREDIT,Sec Re NCD 9.57% Sr.VIII,10/07/2024, , ,10/07/2024, , ,INTEREST PAYMENT         
UZ,IBUCCREDIT,Sec Re NCD 10.03% Sr.VIII,10/07/2024, , ,10/07/2024, , ,INTEREST PAYMENT         

