GAIN_LOSS,SECURITY,CLOSE_PRIC,PREV_CL_PR,PERCENT_CG
 ,Nifty 50 Sec., , , 
 , , , , 
G,HCL TECHNOLOGIES LTD,      1522.35,      1481.00,2.79
G,ICICI BANK LTD.,      1233.00,      1201.60,2.61
G,TATA MOTORS LIMITED,       998.20,       975.65,2.31
G,SUN PHARMACEUTICAL IND L,      1557.90,      1533.95,1.56
G,INFOSYS LIMITED,      1650.65,      1627.40,1.43
G,TATA CONSULTANCY SERV LT,      4020.95,      3965.25,1.4
G,HDFC LIFE INS CO LTD,       603.95,       596.15,1.31
G,KOTAK MAHINDRA BANK LTD,      1833.85,      1810.70,1.28
G,COAL INDIA LTD,       489.55,       484.95,.95
G,MAHINDRA & MAHINDRA LTD,      2902.80,      2877.95,.86
G,OIL AND NATURAL GAS CORP.,       277.05,       274.70,.86
G,DR. REDDY S LABORATORIES,      6479.35,      6425.90,.83
G,SBI LIFE INSURANCE CO LTD,      1507.75,      1496.35,.76
G,APOLLO HOSPITALS ENTER. L,      6225.05,      6192.70,.52
G,BAJAJ AUTO LIMITED,      9460.85,      9422.40,.41
G,ASIAN PAINTS LIMITED,      2934.90,      2925.55,.32
G,BHARTI AIRTEL LIMITED,      1423.05,      1419.85,.23
G,ITC LTD,       429.05,       428.30,.18
G,RELIANCE INDUSTRIES LTD,      3108.05,      3104.85,.1
G,NTPC LTD,       372.95,       372.65,.08
G,AXIS BANK LIMITED,      1280.90,      1280.00,.07
G,HINDALCO  INDUSTRIES  LTD,       691.85,       691.65,.03
 , , , , 
L,HDFC BANK LTD,      1727.15,      1768.65,-2.35
L,BAJAJ FINANCE LIMITED,      7107.05,      7258.80,-2.09
L,WIPRO LTD,       530.70,       539.00,-1.54
L,ADANI ENTERPRISES LIMITED,      3144.25,      3190.95,-1.46
L,TECH MAHINDRA LIMITED,      1459.15,      1479.80,-1.4
L,BHARAT PETROLEUM CORP  LT,       303.00,       306.60,-1.17
L,LARSEN & TOUBRO LTD.,      3573.30,      3614.35,-1.14
L,TATA CONSUMER PRODUCT LTD,      1135.20,      1146.35,-0.97
L,ULTRATECH CEMENT LIMITED,     11760.05,     11872.10,-0.94
L,INDUSIND BANK LIMITED,      1442.85,      1455.50,-0.87
L,TITAN COMPANY LIMITED,      3336.00,      3360.25,-0.72
L,JSW STEEL LIMITED,       944.35,       950.40,-0.64
L,SHRIRAM FINANCE LIMITED,      2833.75,      2850.45,-0.59
L,HINDUSTAN UNILEVER LTD.,      2495.95,      2510.35,-0.57
L,BAJAJ FINSERV LTD.,      1585.70,      1594.15,-0.53
L,ADANI PORT & SEZ LTD,      1503.65,      1510.65,-0.46
L,BRITANNIA INDUSTRIES LTD,      5426.25,      5449.10,-0.42
L,HERO MOTOCORP LIMITED,      5558.35,      5579.75,-0.38
L,DIVI S LABORATORIES LTD,      4544.05,      4559.15,-0.33
L,MARUTI SUZUKI INDIA LTD.,     12089.60,     12123.65,-0.28
L,GRASIM INDUSTRIES LTD,      2734.85,      2742.35,-0.27
L,NESTLE INDIA LIMITED,      2545.15,      2551.50,-0.25
L,CIPLA LTD,      1480.75,      1483.75,-0.2
L,LTIMINDTREE LIMITED,      5459.50,      5466.40,-0.13
L,STATE BANK OF INDIA,       839.30,       839.95,-0.08
L,EICHER MOTORS LTD,      4689.50,      4692.30,-0.06
L,TATA STEEL LIMITED,       176.29,       176.37,-0.05
L,POWER GRID CORP. LTD.,       335.00,       335.15,-0.04
 , , , , 
 ,Nifty Next 50 Sec., , , 
 , , , , 
G,BAJAJ HOLDINGS & INVS LTD,      9902.90,      9296.75,6.52
G,ZYDUS LIFESCIENCES LTD,      1137.05,      1095.25,3.82
G,REC LIMITED,       575.65,       562.30,2.37
G,LIFE INSURA CORP OF INDIA,      1010.20,       988.20,2.23
G,TVS MOTOR COMPANY  LTD,      2365.95,      2314.60,2.22
G,BOSCH LIMITED,     35276.40,     34546.45,2.11
G,TRENT LTD,      5597.45,      5494.10,1.88
G,TORRENT PHARMACEUTICALS L,      2870.30,      2837.50,1.16
G,ABB INDIA LIMITED,      8715.80,      8617.85,1.14
G,VEDANTA LIMITED,       469.10,       463.90,1.12
G,HINDUSTAN AERONAUTICS LTD,      5515.10,      5459.30,1.02
G,BHARAT ELECTRONICS LTD,       317.35,       314.50,0.91
G,BANK OF BARODA,       270.15,       267.85,0.86
G,SIEMENS LTD,      7866.90,      7803.05,0.82
G,INDIAN RAILWAY FIN CORP L,       177.72,       176.48,0.7
G,TATA POWER CO LTD,       436.25,       433.85,0.55
G,SBI CARDS & PAY SER LTD,       718.90,       715.25,0.51
G,INDIAN OIL CORP LTD,       170.17,       169.31,0.51
G,JINDAL STEEL & POWER LTD,      1055.45,      1050.30,0.49
G,POWER FIN CORP LTD.,       533.65,       531.05,0.49
G,SAMVRDHNA MTHRSN INTL LTD,       206.57,       205.58,0.48
G,BERGER PAINTS (I) LTD,       513.00,       510.70,0.45
G,SRF LTD,      2390.25,      2381.50,0.37
G,VARUN BEVERAGES LIMITED,      1618.60,      1613.45,0.32
G,SHREE CEMENT LIMITED,     27459.05,     27383.90,0.27
G,COLGATE PALMOLIVE LTD.,      2885.15,      2878.55,0.23
G,INTERGLOBE AVIATION LTD,      4288.75,      4279.00,0.23
G,HAVELLS INDIA LIMITED,      1882.60,      1878.90,0.2
G,CANARA BANK,       117.27,       117.05,0.19
G,INDIAN RAIL TOUR CORP LTD,      1006.05,      1004.25,0.18
 , , , , 
L,AMBUJA CEMENTS LTD,       682.10,       692.70,-1.53
L,ICICI LOMBARD GIC LIMITED,      1827.65,      1853.25,-1.38
L,INFO EDGE (I) LTD,      6736.45,      6811.60,-1.1
L,ADANI TOTAL GAS LIMITED,       896.45,       905.15,-0.96
L,CHOLAMANDALAM IN & FIN CO,      1421.70,      1435.30,-0.95
L,ADANI ENERGY SOLUTION LTD,      1025.85,      1035.20,-0.9
L,DABUR INDIA LTD,       605.95,       609.70,-0.62
L,AVENUE SUPERMARTS LIMITED,      4768.10,      4792.90,-0.52
L,ZOMATO LIMITED,       207.44,       208.44,-0.48
L,PIDILITE INDUSTRIES LTD,      3097.40,      3111.95,-0.47
L,ADANI GREEN ENERGY LTD,      1766.80,      1775.05,-0.46
L,GAIL (INDIA) LTD,       219.16,       220.14,-0.45
L,ADANI POWER LTD,       712.25,       715.25,-0.42
L,GODREJ CONSUMER PRODUCTS,      1363.85,      1368.00,-0.3
L,DLF LIMITED,       838.60,       841.15,-0.3
L,ICICI PRU LIFE INS CO LTD,       633.45,       634.40,-0.15
L,JIO FIN SERVICES LTD,       350.85,       351.30,-0.13
L,PUNJAB NATIONAL BANK,       121.53,       121.64,-0.09
 , , , , 
 ,OTHER SECURITIES, , , 
 , , , , 
G,MANGALAM GLOBAL ENT LTD,        26.34,        21.95,20
G,MOXSH OVERSEAS EDUCON LTD,       172.80,       144.00,20
G,IFB AGRO INDUSTRIES LTD,       594.40,       495.35,20
G,KOTHARI PRODUCTS LTD,       172.17,       143.48,20
G,LANDMARK PR.DEV.CO.LTD,        11.55,         9.63,19.94
G,UMA CONVERTER LIMITED,        32.90,        27.45,19.85
G,COUNTRY CLUB HOSP HOL LTD,        29.51,        24.64,19.76
G,MAZAGON DOCK SHIPBUIL LTD,      5585.50,      4684.55,19.23
G,MBL INFRASTRUCTURE LTD,        79.64,        66.93,18.99
G,OPTIEMUS INFRACOM LTD,       380.00,       324.25,17.19
G,ARISTO BIO T AND LIFESC L,        97.00,        83.60,16.03
G,JFL LIFE SCIENCES LIMITED,        48.80,        42.50,14.82
G,SKIPPER RE.0.25 PPD UP,       245.15,       214.95,14.05
G,TAX FREE 7.39% SR. IIA,      1238.00,      1086.00,14
G,ZEAL GLOBAL SERVICES LTD,       216.40,       191.30,13.12
G,GALAXY SURFACTANTS LTD,      3114.70,      2772.30,12.35
G,BHAGYANAGAR INDIA LIMITED,       122.34,       108.95,12.29
G,GE POWER INDIA LIMITED,       462.10,       411.65,12.26
G,AMJ LAND HOLDINGS LIMITED,        48.35,        43.20,11.92
G,HONASA CONSUMER LIMITED,       486.70,       435.05,11.87
G,SEC RE NCD 9.25% SR II,      1080.00,       966.00,11.8
G,ASTRAZENECA PHARMA IND LT,      7128.85,      6398.10,11.42
G,RASHI PERIPHERALS LIMITED,       403.90,       362.75,11.34
G,NELCO LTD,       883.05,       793.40,11.3
G,AGI GREENPAC LIMITED,       856.90,       771.10,11.13
G,VARDHAMAN ACRYLICS LTD,        62.18,        56.22,10.6
G,MONTE CARLO FASHIONS LTD.,       686.05,       620.65,10.54
G,NBCC (INDIA) LIMITED,       186.68,       169.03,10.44
G,INOX WIND LIMITED,       157.01,       142.48,10.2
G,AKASH INFRA-PROJECTS LTD,        37.37,        33.93,10.14
 , , , , 
L,ITD CEMENTATION INDIA LTD,       487.30,       573.90,-15.09
L,CREATIVE NEWTECH LIMITED,       787.40,       866.95,-9.18
L,SEC RED NCD 10% SR. VI,       961.56,      1052.00,-8.6
L,INFOLLION RESEARCH SER L,       288.65,       313.15,-7.82
L,DIAMINES & CHEMICALS LTD,       607.90,       655.00,-7.19
L,AARTI SURFACTANTS LIMITED,       215.70,       231.00,-6.62
L,UPSURGE SEEDS OF AGRI LTD,       306.10,       326.70,-6.31
L,SEC RE NCD 9.25% SR.VII,       941.70,      1005.00,-6.3
L,MADHUSUDAN MASALA LIMITED,       176.20,       187.30,-5.93
L,SAAKSHI MEDTEC N PANELS L,       324.95,       345.30,-5.89
L,DIGISPICE TECHNOLOGIES LT,        42.30,        44.67,-5.31
L,FILATEX FASHIONS LIMITED,         7.62,         8.03,-5.11
L,INDOWIND ENERGY LTD,        31.33,        32.98,-5
L,SP REFRACTORIES LIMITED,       261.10,       274.85,-5
L,MIC ELECTRONICS LTD,        90.43,        95.19,-5
L,SDL AP 7.43% 2041,        95.00,       100.00,-5
L,SDL HR 7.47% 2035,        95.00,       100.00,-5
L,KCK INDUSTRIES LTD,       201.40,       212.00,-5
L,KORE DIGITAL LIMITED,      1714.45,      1804.65,-5
L,PRATHAM EPC PROJECTS LTD,       331.00,       348.40,-4.99
L,TEERTH GOPICON LIMITED,       551.90,       580.90,-4.99
L,KRISHCA STRAPPING SLTN L,       388.40,       408.80,-4.99
L,SILLY MONKS ENTERTAIN LTD,        17.52,        18.44,-4.99
L,TANTIA CONSTRUCTIONS LTD,        51.84,        54.56,-4.99
L,DIVINE POWER ENERGY LTD,       137.50,       144.70,-4.98
L,MEDICAMEN ORGANICS LTD,       131.85,       138.75,-4.97
L,SEC RE NCD 8% SR I,      1021.58,      1075.00,-4.97
L,AKIKO GLOBAL SERVICES L,        84.30,        88.70,-4.96
L,TAC INFOSEC LIMITED,       525.25,       552.40,-4.91
L,VISAMAN GLOBAL SALES LTD,        40.65,        42.75,-4.91
