SECURITY,NEW,PREVIOUS,NEW_STATUS
21ST CENTURY MGMT SERVICE,72.05,70.64,H
SIL INVESTMENTS LIMITED,629.95,620,H
BAJAJ HOLDINGS & INVS LTD,9980,9349,H
MAHA RASHTRA APEX COPR. L,184,183.95,H
MIRAEAMC - MAESGETF,41.11,41,H
WOMANCART LIMITED,226.65,219.9,H
SBIAMC - SBIETFPB,269.52,269.49,H
DRONE DESTINATION LIMITED,430.75,410.25,H
GOI TBILL 91D-02/08/24,99.95,99.34,H
2.5%GOLDBONDS2028SR-III,7525,7450,H
2.50%GOLDBONDS 2025TR-VII,7684.4,7500,H
2.50%GOLDBONDS2026SR-XIV,7490,7488,H
2.50%GOLDBONDS2029SR-IV,7600,7579.99,H
2.50%GOLDBONDS2029SR-XI,7640,7538,H
ABHISHEK INTEGRATIONS LTD,80.3,76.5,H
PITTI ENGINEERING LIMITED,1179.95,1108,H
SAMPANN UTPADAN INDIA LTD,39,37.15,H
SEC RE NCD 0% SR.II,1120,1106.85,H
ATMASTCO LIMITED,381.8,363.65,H
VINYAS INNOVATIVE TECH L,1300,1251,H
JSW INFRASTRUCTURE LTD,360.95,358.8,H
ICICIPRAMC - IPRU5008,54.5,54.4,H
ICICIPRAMC-ICICIFIN,25.37,25.28,H
SURAJ ESTATE DEVELOPERS L,629.8,589.95,H
MIRAEAMC - SMALLCAP,53.5,52.5,H
GOI TBILL 364D-25/07/24,99.6,99.46,H
SERENCD 8.29% SR.V OP10,1005,1004.99,H
MIRAEAMC - MIDSMALL,54.04,53.7,H
THE GE SHPG.LTD,1274.75,1255,H
COUNTRY CLUB HOSP HOL LTD,29.56,24.64,H
SHRADHA INFRAPROJECTS LTD,164.29,160.28,H
VIVIANA POWER TECH LTD,1044.95,995.2,H
YASH OPTICS & LENS LTD,121.85,118.5,H
LLOYDS METALS N ENERGY L,786,774.9,H
DOMS INDUSTRIES LIMITED,2275,2212,H
HB STOCKHOLDINGS LIMITED,120.58,119.9,H
HDFC AMC LIMITED,4248.75,4195.95,H
2.50%GOLDBONDS2026SR-III,7579.95,7533,H
2.50%GOLDBONDS2027SR-VII,7547,7539,H
2.50%GOLDBONDS2031SR-I,7748.98,7683.99,H
8.49% SEC NON-CUM RED NCD,5.5,5.26,H
GARDEN REACH SHIP&ENG LTD,2697,2478.4,H
JUPITER WAGONS LIMITED,736.7,727.85,H
K2 INFRAGEN LIMITED,329,324.35,H
DC INFOTECH AND COMUN LTD,270.45,259.69,H
ON DOOR CONCEPTS LIMITED,494.75,473.75,H
HDFCAMC - HDFCSML250,177.15,176.1,H
GOI TBILL 182D-12/09/24,98.57,98.55,H
KOTAK NIFTY ETF,266.3,265.1,H
GOI TBILL 364D-24/10/24,97.61,97,H
SEC RE NCD 8.60% SR 5,1034,1030,H
SEC RE NCD 9.25% SR II,1080,979.9,H
VRAJ IRON AND STEEL LTD,264.6,252,H
ATUL AUTO LIMITED,844.4,834.7,H
KIRLOSKAR BROTHERS LTD,2450,2420,H
SHAKTI PUMPS (I) LTD,4424,4242.25,H
MIC ELECTRONICS LTD,99.94,95.19,H
MIRAEAMC - MAFSETF,24.95,24.54,H
MIRAEAMC - MAN50ETF,259.38,258.47,H
AXISAMC - AXISHCETF,130,128.4,H
BIRLASLAMC - HEALTHY,13.1,13.02,H
S. P. APPARELS LIMITED,803.2,786.4,H
MARSHALL MACHINES LTD,33.29,32.85,H
MASK INVESTMENTS LIMITED,102.58,97.7,H
SONA MACHINERY LIMITED,249.9,247.1,H
SONU INFRATECH LIMITED,78.5,78.4,H
2.5%GOLDBONDS2029SR-II,7500.1,7500,H
2.50%GOLDBONDS2027SR-V,7569,7488,H
2.50%GOLDBONDS2028SR-VII,7550,7500,H
2.50%GOLDBONDS2030SR-II,7800,7700,H
RATNAVEER PRECISION ENG L,176.09,174.36,H
THEJO ENGINEERING LIMITED,3707.9,3636,H
TUBE INVEST OF INDIA LTD,4424.9,4400,H
GOI TBILL 364D-10/10/24,97.88,97.2,H
2.50%GOLDBONDS 2025 SR-X,7890,7740,H
KPIT TECHNOLOGIES LIMITED,1774.1,1764,H
ICICI PRUD NIFTY ETF,269.98,269.5,H
ICICIPRAMC - ICICI500,38.63,38.47,H
MAHARASHTRA SCOOTERS LTD,9417.4,9245,H
GRINDWELL NORTON LIMITED,2960,2931.3,H
REMSONS INDUSTRIES LTD,1074.4,1071.2,H
GULF OIL LUB. IND. LTD.,1349,1328.45,H
SKY GOLD LIMITED,1755.15,1738.45,H
MALLCOM (INDIA) LIMITED,1351,1343.6,H
SANSERA ENGINEERING LTD,1391.95,1365.45,H
E FACTOR EXPERIENCES LTD,260,259,H
EDELAMC - EBBETF0430,1432.05,1431.15,H
HAPPY FORGINGS LIMITED,1299.95,1282,H
2.50%GOLDBONDS2027SR-VI,7554.99,7494.84,H
SUMIT WOODS LIMITED,91.16,86.82,H
SEC RE NCD 9.21% SR 1,985,983.99,H
TRIDENT TECHLABS LIMITED,985.45,938.55,H
GE T&D INDIA LIMITED,1720.95,1660,H
KN AGRI RESOURCES LIMITED,267.7,261,H
COCHIN SHIPYARD LIMITED,2679.95,2463,H
DCG CABLES & WIRES LTD,182.5,165.95,H
NIRMAN AGRI GENTICS LTD,362.05,329.15,H
ISGEC HEAVY ENG LTD,1349,1299.9,H
INDIAN RENEWABLE ENERGY,228.48,225.88,H
ALPEX SOLAR LIMITED,1131.7,1084.75,H
SEC RE NCD 10% SR.IV,970.2,960.21,H
SEC RE NCD SR.V,1170,1101,H
DIENSTEN TECH LIMITED,264.6,252,H
TAX FREE  7.35% SR. 108,1045.5,1045.1,H
DR. REDDY S LABORATORIES,6542,6525.8,H
EIMCO ELECON (INDIA) LTD,2850,2734,H
TRENT LTD,5620,5577.75,H
ASTRAZENECA PHARMA IND LT,7572.2,7220.95,H
THANGAMAYIL JEWELLERY LTD,1789.2,1773.65,H
SKIPPER LIMITED,405.65,401,H
SHEKHAWATI POLY-YARN LTD.,4.65,4.56,H
MAX ESTATES LIMITED,500,494.95,H
MIRAEAMC - MANXT50,743,736,H
SAHANA SYSTEM LIMITED,1861.4,1773.8,H
2.50%GOLDBONDS2027SR-V,7568,7496.99,H
2.50%GOLDBONDS2028SR-X,7540,7475,H
2.50%GOLDBONDS2031SR-III,7699.97,7651.95,H
TEERTH GOPICON LIMITED,609.9,582.25,H
KAVVERI TEL. LTD.,23.31,22.86,H
CONCORD BIOTECH LIMITED,1745,1725,H
TARC LIMITED,227,225.1,H
ROCKINGDEALS CIRCU ECO L,675,674.9,H
ZENITH STEEL PIP IND LTD,14.72,8.6,H
NITIRAJ ENGINEERS LTD,273.15,267.8,H
CELLO WORLD LIMITED,1025,970,H
KOTAKMAMC - KOTAKIT,40.22,39.74,H
Z-TECH (INDIA) LIMITED,272.3,259.35,H
SEC RE NCD 9.15% SR.VIII,979,970,H
SOLAR ACT RS.3.50 PPD UP,299,285.15,H
SEC RE NCD 0% SR.IV,1091,1055,H
SIEMENS LTD,7948.9,7934.3,H
HONDA I POWER PRODUCT LTD,4179.95,4006,H
SUNFLAG IRON AND STEEL CO,268,248.8,H
ZEN TECHNOLOGIES LIMITED,1486.35,1429.8,H
SGB2.50%JUL2025SR-II17-18,7480,7474.95,H
SHREE TIRUPATI BALAJEE,789.8,759.95,H
MAZAGON DOCK SHIPBUIL LTD,5621.45,4728.6,H
SAAKSHI MEDTEC N PANELS L,369,348.9,H
SALZER ELECTRONICS LTD,965.95,962.05,H
LCC INFOTECH LTD,4.19,4.11,H
GOI TBILL 91D-25/07/24,99.6,99.5,H
2.50%GOLDBONDS2028SR-I,7645,7635,H
2.50%GOLDBONDS2029SR-V,8000,7594,H
AURANGABAD DISTILLERY LTD,379,369,H
JAY JALARAM TECHNO LTD,764,695.4,H
KINGFA SCI & TEC IND LTD.,2855.95,2604.5,H
KODY TECHNOLAB LIMITED,3860.45,3810.75,H
REGENCYCERAMICS-LTD,60.01,58.84,H
RASHI PERIPHERALS LIMITED,422.5,388.45,H
MASON INFRATECH LIMITED,106.9,101.85,H
GOI TBILL 364D-08/05/25,94.01,93.85,H
BEACON TRUSTEESHIP LTD,151,149.5,H
GLENMARK PHARMACEUTICALS,1303.15,1292.8,H
APAR INDUSTRIES LTD.,8892,8849,H
WINDSOR MACHINES LIMITED,178.64,174.25,H
GODREJ PROPERTIES LTD,3358.05,3345,H
ORACLE FIN SERV SOFT LTD.,10529.95,10448.7,H
SIGNATUREGLOBAL INDIA LTD,1498,1488.8,H
SKIPPER RE.0.25 PPD UP,257.9,225,H
MCON RASAYAN INDIA LTD,244.35,232.75,H
BHAGYANAGAR INDIA LIMITED,128.89,125.95,H
SAMVRDHNA MTHRSN INTL LTD,208.88,207.12,H
2.50%GOLDBONDS2027SR-I,7580,7500,H
ABS MARINE SERVICES LTD,404.3,396,H
STYRENIX PERFORMANCE LTD,2310,2308.35,H
GOI TBILL 364D-03/10/24,98.03,98,H
AUSTRALIAN PREM SOLAR I L,647.25,616.45,H
DSPAMC - DSPNEWETF,315.97,313.96,H
ESCONET TECHNOLOGIES LTD,345.6,329.15,H
TATAAML - NPBET,274.91,274.54,H
PARAS DEF AND SPCE TECH L,1574.8,1527.05,H
IL&FS TRANS NET LTD,7.45,7.25,H
INDUS TOWERS LIMITED,408.4,397.45,H
HDFCAMC - HDFCNIFTY,272.8,268.1,H
KRISHCA STRAPPING SLTN L,429.2,408.8,H
AKANKSHA POWER N INFRA L,179.85,163.5,H
SERENCD8.50%SR.IICIII&IV,1072.7,1072,H
SHIVALIC POWER CONTROL L,377.9,359.95,H
PETRO CARBON AND CHEMI L,347.25,330.75,H
ALLIED BLEND N DISTILS L,344.9,339.3,H
SUNDRAM FASTENERS LTD,1436.35,1428.95,H
VOLTAMP TRANSFORMERS LTD,12999,12500,H
CIGNITI TECHNOLOGIES LTD,1415,1391,H
IZMO LIMITED,404.8,394.9,H
AXISAMC - AXISBNKETF,544.2,543.35,H
DODLA DAIRY LIMITED,1146.2,1084.1,H
GOI TBILL 91D-23/08/24,99.3,98.82,H
HDFCAMC - HDFCBSE500,36.98,36.9,H
2.50%GOLDBONDS2030SR-IX,7690,7599,H
AGARWAL FLOAT GLASS I LTD,73.4,72.8,H
SRG HOUSING FINANCE L,414.65,395.55,H
SRI ADHIKARI BRO TELE N L,262.39,257.25,H
MAX INDIA LIMITED,335.9,320.75,H
SEC RE NCD 0% SR.II,1193.79,1183,H
SEC RE NCD 0% SR.VIII,1096,1090,H
TEGA INDUSTRIES LIMITED,1799,1731.95,H
TRANSWARRANTY FIN. LTD.,25.93,25.43,H
TV VISION LIMITED,7.19,7.15,H
DELPHI WORLD MONEY LTD,227.09,222.64,H
FONEBOX RETAIL LIMITED,203,201,H
AMJ LAND HOLDINGS LIMITED,51,45.4,H
SETCO AUTOMOTIVE LTD,15.06,14.35,H
INOX WIND ENERGY LIMITED,7552.65,7399.95,H
HSG & URBAN DEV CORPN LTD,327.8,304,H
MOXSH OVERSEAS EDUCON LTD,172.8,150,H
GOI TBILL 182D-18/07/24,99.56,99.37,H
KOTAKMAMC - KOTAKMID50,163.49,161.59,H
KOTAKMAMC - KTKNV20ETF,151.68,150.38,H
ENFUSE SOLUTIONS LIMITED,214.9,195.4,H
AIMTRON ELECTRONICS LTD,663.25,631.7,H
GOI TBILL 91D-12/09/24,98.8,98.52,H
BARODABNP - BBNPNBETF,54.6,53.5,H
SEC RE NCD 9.25% SR II,936.3,941,L
MEP INFRA. DEVELOPERS LTD,7.55,7.59,L
FALCON TECHNOPROJ IND LTD,72.4,76.2,L
ZENITH EXPORTS LTD,385.5,393.35,L
VISAMAN GLOBAL SALES LTD,40.65,42.75,L
FUTURE SUPP CHAIN SOL LTD,3.01,3.1,L
NANDANI CREATION LIMITED,43.94,44.15,L
AKIKO GLOBAL SERVICES L,84.3,88.7,L
SEC RE NCD 9.71% SR VIII,940,941,L
FILATEX FASHIONS LIMITED,7.59,7.62,L
DIVINE POWER ENERGY LTD,137.5,144.7,L
BAWEJA STUDIOS LIMITED,82.7,83,L
SEC RED NCD 10% SR. VI,960,1001,L
DURLAX TOP SURFACE LTD,83.05,83.15,L
SEC RE NCD 9.25% SR II,950,954.51,L
BRIGHT SOLAR LIMITED,7.4,7.65,L
CUPID LIMITED,86.7,86.95,L
SEC RE NCD 9.57% SR.II,972.03,980,L

