SERIES,SYMBOL,SECURITY,RECORD_DT,BC_STRT_DT,BC_END_DT,EX_DT,ND_STRT_DT,ND_END_DT,PURPOSE
BE,ZYDUSLIFE,Zydus Lifesciences Ltd,26/07/2024, , ,26/07/2024, , ,DIV - RS 3 PER SH        
BE,SAGCEM,SagarCements-Roll Sett, ,20/06/2024,26/06/2024,19/06/2024, , ,AGM/DIV-RE 0.70 PER SH   
BE,KRITI,Kriti Industries Ind Ltd, ,12/06/2024,18/06/2024,11/06/2024, , ,AGM/DIV-RE 0.20 PER SH   
BE,VSTIND,VST Industries Ltd., ,15/06/2024,21/06/2024,14/06/2024, , ,DIV - RS 150 PER SH      
BE,HINDPETRO,HINDUSTAN PERTOLEUM CORP,21/06/2024, , ,21/06/2024, , ,BONUS 1:2                
BE,BPCL,BHARAT PETROLEUM CORP  LT,22/06/2024, , ,21/06/2024, , ,BONUS 1:1                
BE,KSHITIJPOL,Kshitij Polyline Limited,18/06/2024, , ,18/06/2024, , ,RIGHTS4:5@PRM RS 4.40/-  
BE,VISAKAIND,Visaka Industries Ltd., ,18/06/2024,21/06/2024,14/06/2024, , ,AGM/DIV-RE 0.50 PER SH   
BE,CIEINDIA,Mahindra CIE Automative L, ,14/06/2024,20/06/2024,13/06/2024, , ,AGM/DIV - RS 5 PER SH    
BE,KSB,KSB Pumps Ltd-Depo, ,14/06/2024,26/06/2024,13/06/2024, , ,AGM/DIV - RS 17.5 PER SH 
BE,ADANIGREEN,Adani Green Energy Ltd, ,18/06/2024,25/06/2024,14/06/2024, , ,ANNUAL GENERAL MEETING   
BE,EMUDHRA,Emudhra Limited, ,21/06/2024,27/06/2024,20/06/2024, , ,AGM/DIV-RS 1.25 PER SH   
BE,ADANIENSOL,Adani Transmission Ltd, ,18/06/2024,25/06/2024,14/06/2024, , ,ANNUAL GENERAL MEETING   
BE,ADANIPOWER,Adani Power Limited, ,18/06/2024,25/06/2024,14/06/2024, , ,ANNUAL GENERAL MEETING   
BE,LTF,L&T Finance Holdings Ltd,18/06/2024, , ,18/06/2024, , ,DIV - RS 2.50 PER SH     
BE,HDFCAMC,HDFC AMC Limited,18/06/2024, , ,18/06/2024, , ,INTDIV - RS 70 PER SH    
BE,AWL,Adani Wilmar Limited, ,19/06/2024,26/06/2024,18/06/2024, , ,ANNUAL GENERAL MEETING   
BE,LT,LARSEN & TOUBRO LTD.,20/06/2024, , ,20/06/2024, , ,DIV - RS 28 PER SH       
BE,TATAINVEST,Tata Inv. Corpn Ltd., ,19/06/2024,26/06/2024,18/06/2024, , ,AGM/DIV - RS 28 PER SH   
BE,INTELLECT,Intellect Design Arena, ,20/06/2024,26/06/2024,19/06/2024, , ,AGM/DIV-RS 3.50 PER SH   
BE,SHANKARA,Shankara Bldg Product Ltd, ,14/06/2024,21/06/2024,13/06/2024, , ,AGM/DIV - RS 3 PER SH    
BE,EIMCOELECO,Eimco Elecon (India) Ltd., ,15/06/2024,25/06/2024,14/06/2024, , ,AGM/DIV - RS 5 PER SH    
BE,HINDUNILVR,Hindustan Unilever Ltd, ,15/06/2024,21/06/2024,14/06/2024, , ,AGM/DIV - RS 24 PER SH   
BE,JPINFRATEC,Jaypee Infratech Ltd,21/06/2024, , ,21/06/2024, , ,DELISTING                
BE,NESTLEIND,Nestle India Limited,16/07/2024, , ,16/07/2024, , ,DIV - RS 8.50 PER SH     
BE,HSCL,Himadri Speciality Chem L, ,08/06/2024,20/06/2024,07/06/2024, , ,AGM/DIV-RE 0.50 PER SH   
BE,JINDALSAW,Jindal Saw Limited, ,12/06/2024,18/06/2024,11/06/2024, , ,AGM/DIV - RS 4 PER SH    
BE,BANKINDIA,Bank of India,18/06/2024, , ,18/06/2024, , ,AGM/DIV - RS 2.80 PER SH 
BE,LTIM,L&T Infotech Limited,19/06/2024, , ,19/06/2024, , ,DIV - RS 45 PER SH       
BE,TATASTEEL,Tata Steel Limited,21/06/2024, , ,21/06/2024, , ,DIV - RS 3.60 PER SH     
BE,GREENLAM,Greenlam Industries Ltd.,21/06/2024, , ,21/06/2024, , ,DIV - RS 1.65 PER SH     
BE,PREMEXPLN,Premier Explosives Ltd,21/06/2024, , ,21/06/2024, , ,FVSPLT FRM RS 10 TO RS 2 
BE,SHAREINDIA,Share Ind. Securities Ltd,27/06/2024, , ,27/06/2024, , ,FVSPLT FRM RS 10 TO RS 2 
BE,DALBHARAT,Dalmia Bharat Limited,19/06/2024, , ,19/06/2024, , ,DIV - RS 5 PER SH        
BE,CARERATING,CARE Ratings Ltd,21/06/2024, , ,21/06/2024, , ,DIV - RS 11 PER SH       
BE,TORNTPHARM,TORNTPHARM - Depo,21/06/2024, , ,21/06/2024, , ,DIV - RS 6 PER SH        
BE,BAJFINANCE,Bajaj Finance Limited,21/06/2024, , ,21/06/2024, , ,DIV - RS 36 PER SH       
BE,BAJAJFINSV,Bajaj Finserv Limited,21/06/2024, , ,21/06/2024, , ,DIV - RE 1 PER SH        
BE,ACI,Archean Chemical Ind Ltd,21/06/2024, , ,21/06/2024, , ,DIV - RE 1 PER SH        
BE,SUPREMEIND,SUPREME INDUSTRIES LTD, ,22/06/2024,28/06/2024,21/06/2024, , ,AGM/DIV - RS 22 PER SH   
BE,PILITA,PIL Italica Lifestyle Ltd, ,21/06/2024,27/06/2024,20/06/2024, , ,ANNUAL GENERAL MEETING   
BE,BAJAJHIND,Bajaj Hindustan Sugar Ltd, ,21/06/2024,27/06/2024,20/06/2024, , ,ANNUAL GENERAL MEETING   
BE,TEJASNET,Tejas Networks Limited, ,21/06/2024,28/06/2024,20/06/2024, , ,ANNUAL GENERAL MEETING   
BE,ZIMLAB,Zim Laboratories Limited, ,21/06/2024,27/06/2024,20/06/2024, , ,ANNUAL GENERAL MEETING   
BE,GREENPOWER,Orient Green Power Co Ltd, ,21/06/2024,28/06/2024,20/06/2024, , ,ANNUAL GENERAL MEETING   
BE,CYIENT,Cyient Limited, ,22/06/2024,01/07/2024,21/06/2024, , ,ANNUAL GENERAL MEETING   
BE,MITCON,MITCON Con,20/06/2024, , ,20/06/2024, , ,RIGHTS 6:19 @PRM RS 66   
BE,KANSAINER,Kansai Nerolac Paints Ltd, ,22/06/2024,28/06/2024,21/06/2024, , ,AGM/SPDV/DIV RS 1.25/2.5 
BE,ELECON,Elecon Engg Co. Ltd., ,15/06/2024,25/06/2024,14/06/2024, , ,AGM/DIV - RS 2 PER SH    
BE,PNB,Punjab National Bank,22/06/2024, , ,21/06/2024, , ,DIV - RS 1.50 PER SH     
BE,RAYMOND,RAYMOND-depo, ,14/06/2024,27/06/2024,13/06/2024, , ,AGM/DIV - RS 10 PER SH   
BE,ICICIPRULI,ICICI Pru Life Ins Co Ltd, ,14/06/2024,28/06/2024,13/06/2024, , ,DIV - RE 0.60 PER SH     
BE,CONCORDBIO,Concord Biotech Limited,22/06/2024, , ,21/06/2024, , ,DIV - RS 8.75 PER SH     
BE,PRIMESECU,Prime Securities Limited, ,21/06/2024,27/06/2024,20/06/2024, , ,AGM/DIV - 1 RS PER SH    
BE,CYIENT,Cyient Limited,21/06/2024, , ,21/06/2024, , ,DIV - RS 18 PER SH       
BE,KRITINUT,Kriti Nutrients Limited, ,12/06/2024,18/06/2024,11/06/2024, , ,AGM/DIV-RE 0.30 PER SH   
EQ,ADANIGREEN,Adani Green Energy Ltd, ,18/06/2024,25/06/2024,14/06/2024, , ,ANNUAL GENERAL MEETING   
EQ,ZYDUSLIFE,Zydus Lifesciences Ltd,26/07/2024, , ,26/07/2024, , ,DIV - RS 3 PER SH        
EQ,KRITINUT,Kriti Nutrients Limited, ,12/06/2024,18/06/2024,11/06/2024, , ,AGM/DIV-RE 0.30 PER SH   
EQ,KRITI,Kriti Industries Ind Ltd, ,12/06/2024,18/06/2024,11/06/2024, , ,AGM/DIV-RE 0.20 PER SH   
EQ,VSTIND,VST Industries Ltd., ,15/06/2024,21/06/2024,14/06/2024, , ,DIV - RS 150 PER SH      
EQ,HINDPETRO,Hindustan Petroleum Corp,21/06/2024, , ,21/06/2024, , ,BONUS 1:2                
EQ,BPCL,Bharat Petroleum Ltd,22/06/2024, , ,21/06/2024, , ,BONUS 1:1                
EQ,KSHITIJPOL,Kshitij Polyline Limited,18/06/2024, , ,18/06/2024, , ,RIGHTS4:5@PRM RS 4.40/-  
EQ,VISAKAIND,Visaka Industries Ltd., ,18/06/2024,21/06/2024,14/06/2024, , ,AGM/DIV-RE 0.50 PER SH   
EQ,CIEINDIA,Mahindra CIE Automative L, ,14/06/2024,20/06/2024,13/06/2024, , ,AGM/DIV - RS 5 PER SH    
EQ,KSB,KSB Pumps Ltd., ,14/06/2024,26/06/2024,13/06/2024, , ,AGM/DIV - RS 17.5 PER SH 
EQ,ADANIENSOL,Adani Transmission Ltd, ,18/06/2024,25/06/2024,14/06/2024, , ,ANNUAL GENERAL MEETING   
EQ,EMUDHRA,Emudhra Limited, ,21/06/2024,27/06/2024,20/06/2024, , ,AGM/DIV-RS 1.25 PER SH   
EQ,TATAINVEST,Tata Inv. Corpn Ltd., ,19/06/2024,26/06/2024,18/06/2024, , ,AGM/DIV - RS 28 PER SH   
EQ,ADANIPOWER,Adani Power Limited, ,18/06/2024,25/06/2024,14/06/2024, , ,ANNUAL GENERAL MEETING   
EQ,LTF,L&T Finance Holdings Ltd,18/06/2024, , ,18/06/2024, , ,DIV - RS 2.50 PER SH     
EQ,HDFCAMC,HDFC AMC Limited,18/06/2024, , ,18/06/2024, , ,INTDIV - RS 70 PER SH    
EQ,AWL,Adani Wilmar Limited, ,19/06/2024,26/06/2024,18/06/2024, , ,ANNUAL GENERAL MEETING   
EQ,LT,Larsen & Toubro Limited,20/06/2024, , ,20/06/2024, , ,DIV - RS 28 PER SH       
EQ,INTELLECT,Intellect Design Arena, ,20/06/2024,26/06/2024,19/06/2024, , ,AGM/DIV-RS 3.50 PER SH   
EQ,SHANKARA,Shankara Bldg Product Ltd, ,14/06/2024,21/06/2024,13/06/2024, , ,AGM/DIV - RS 3 PER SH    
EQ,EIMCOELECO,Eimco Elecon (India) Ltd., ,15/06/2024,25/06/2024,14/06/2024, , ,AGM/DIV - RS 5 PER SH    
EQ,HINDUNILVR,Hindustan Unilever Ltd, ,15/06/2024,21/06/2024,14/06/2024, , ,AGM/DIV - RS 24 PER SH   
EQ,JPINFRATEC,Jaypee Infratech Ltd,21/06/2024, , ,21/06/2024, , ,DELISTING                
EQ,NESTLEIND,Nestle India Limited,16/07/2024, , ,16/07/2024, , ,DIV - RS 8.50 PER SH     
EQ,HSCL,Himadri Speciality Chem L, ,08/06/2024,20/06/2024,07/06/2024, , ,AGM/DIV-RE 0.50 PER SH   
EQ,JINDALSAW,Jindal Saw Limited, ,12/06/2024,18/06/2024,11/06/2024, , ,AGM/DIV - RS 4 PER SH    
EQ,BANKINDIA,Bank of India,18/06/2024, , ,18/06/2024, , ,AGM/DIV - RS 2.80 PER SH 
EQ,LTIM,L&T Infotech Limited,19/06/2024, , ,19/06/2024, , ,DIV - RS 45 PER SH       
EQ,TATASTEEL,Tata Steel Limited,21/06/2024, , ,21/06/2024, , ,DIV - RS 3.60 PER SH     
EQ,GREENLAM,Greenlam Industries Ltd.,21/06/2024, , ,21/06/2024, , ,DIV - RS 1.65 PER SH     
EQ,PREMEXPLN,Premier Explosives Ltd,21/06/2024, , ,21/06/2024, , ,FVSPLT FRM RS 10 TO RS 2 
EQ,SHAREINDIA,Share Ind. Securities Ltd,27/06/2024, , ,27/06/2024, , ,FVSPLT FRM RS 10 TO RS 2 
EQ,DALBHARAT,Dalmia Bharat Limited,19/06/2024, , ,19/06/2024, , ,DIV - RS 5 PER SH        
EQ,CARERATING,CARE Ratings Ltd,21/06/2024, , ,21/06/2024, , ,DIV - RS 11 PER SH       
EQ,TORNTPHARM,Torrent Pharma Ltd.,21/06/2024, , ,21/06/2024, , ,DIV - RS 6 PER SH        
EQ,BAJFINANCE,Bajaj Finance Limited,21/06/2024, , ,21/06/2024, , ,DIV - RS 36 PER SH       
EQ,BAJAJFINSV,Bajaj Finserv Limited,21/06/2024, , ,21/06/2024, , ,DIV - RE 1 PER SH        
EQ,ACI,Archean Chemical Ind Ltd,21/06/2024, , ,21/06/2024, , ,DIV - RE 1 PER SH        
EQ,SUPREMEIND,Supreme Industries Ltd, ,22/06/2024,28/06/2024,21/06/2024, , ,AGM/DIV - RS 22 PER SH   
EQ,PILITA,PIL Italica Lifestyle Ltd, ,21/06/2024,27/06/2024,20/06/2024, , ,ANNUAL GENERAL MEETING   
EQ,BAJAJHIND,Bajaj Hindustan Sugar Ltd, ,21/06/2024,27/06/2024,20/06/2024, , ,ANNUAL GENERAL MEETING   
EQ,TEJASNET,Tejas Networks Limited, ,21/06/2024,28/06/2024,20/06/2024, , ,ANNUAL GENERAL MEETING   
EQ,ZIMLAB,Zim Laboratories Limited, ,21/06/2024,27/06/2024,20/06/2024, , ,ANNUAL GENERAL MEETING   
EQ,GREENPOWER,Orient Green Power Co Ltd, ,21/06/2024,28/06/2024,20/06/2024, , ,ANNUAL GENERAL MEETING   
EQ,CYIENT,Cyient Limited, ,22/06/2024,01/07/2024,21/06/2024, , ,ANNUAL GENERAL MEETING   
EQ,MITCON,MITCON Con,20/06/2024, , ,20/06/2024, , ,RIGHTS 6:19 @PRM RS 66   
EQ,KANSAINER,Kansai Nerolac Paints Ltd, ,22/06/2024,28/06/2024,21/06/2024, , ,AGM/SPDV/DIV RS 1.25/2.5 
EQ,ELECON,Elecon Engg Co. Ltd., ,15/06/2024,25/06/2024,14/06/2024, , ,AGM/DIV - RS 2 PER SH    
EQ,PNB,Punjab National Bank,22/06/2024, , ,21/06/2024, , ,DIV - RS 1.50 PER SH     
EQ,CONCORDBIO,Concord Biotech Limited,22/06/2024, , ,21/06/2024, , ,DIV - RS 8.75 PER SH     
EQ,RAYMOND,Raymond Ltd., ,14/06/2024,27/06/2024,13/06/2024, , ,AGM/DIV - RS 10 PER SH   
EQ,ICICIPRULI,ICICI Pru Life Ins Co Ltd, ,14/06/2024,28/06/2024,13/06/2024, , ,DIV - RE 0.60 PER SH     
EQ,SAGCEM,Sagar Cements Ltd, ,20/06/2024,26/06/2024,19/06/2024, , ,AGM/DIV-RE 0.70 PER SH   
EQ,PRIMESECU,Prime Securities Limited, ,21/06/2024,27/06/2024,20/06/2024, , ,AGM/DIV - 1 RS PER SH    
EQ,CYIENT,Cyient Limited,21/06/2024, , ,21/06/2024, , ,DIV - RS 18 PER SH       
GS,773GS2034,GOI LOAN 7.73% 2034,18/06/2024, , ,18/06/2024, , ,INTEREST PAYMENT         
GS,669GS2024,GOI LOAN  6.69% 2024,25/06/2024, , , , , ,REDEMPTION               
GS,735GS2024,GOI LOAN 7.35% 2024,19/06/2024, , , , , ,REDEMPTION               
GS,GS300624C,GOI STRIPS C 300624,27/06/2024, , , , , ,REDEMPTION               
GS,GS230624C,GOI STRIPS C 230624,19/06/2024, , , , , ,REDEMPTION               
MF,UFIQIPRRVI,UTI-FIIF II-QIP- VI-RDR,18/06/2024, , , , , ,DIV/STP                  
MF,UFIQIPRPVI,UTI-FIIF II-QIP- VI-RDP,18/06/2024, , , , , ,DIV/STP                  
MF,UFIQIPRGVI,UTI-FIIF II-QIP- VI-RG,18/06/2024, , , , , ,STP                      
MF,UFDQIPIPVI,UTIAMC - UFDQIPIPVI,18/06/2024, , , , , ,DIV/STP                  
MF,UFDQIPIGVI,UTIAMC - UFDQIPIGVI,18/06/2024, , , , , ,STP                      
MF,UFDQIPIRVI,UTIAMC - UFDQIPIRVI,18/06/2024, , , , , ,DIV/STP                  
N5,ERFLNCDI,Sec Red NCD 8.88% Sr. V,18/06/2024, , ,18/06/2024, , ,INTEREST PAYMENT         
NC,IIFL,IIFL Finance Limited,18/06/2024, , ,18/06/2024, , ,INTEREST PAYMENT         
NF,IIFL,IIFL Finance Limited,18/06/2024, , ,18/06/2024, , ,INTEREST PAYMENT         
NH,IBUCCREDIT,Sec Re NCD 9.40% Sr.III,18/06/2024, , ,18/06/2024, , ,INTEREST PAYMENT         
NJ,ECLFINANCE,Sec Red NCD 9.43% Sr. VI,18/06/2024, , ,18/06/2024, , ,INTEREST PAYMENT         
NK,IBUCCREDIT,Sec Re NCD 9.61% Sr.VI,18/06/2024, , ,18/06/2024, , ,INTEREST PAYMENT         
NL,IIFL,IIFL Finance Limited,18/06/2024, , ,18/06/2024, , ,INTEREST PAYMENT         
NN,IBUCCREDIT,Sec Re NCD 9.40% Sr.VIII,18/06/2024, , ,18/06/2024, , ,INTEREST PAYMENT         
NO,IBUCCREDIT,Sec Re NCD 9.85% Sr.VIII,18/06/2024, , ,18/06/2024, , ,INTEREST PAYMENT         
NR,ECLFINANCE,ECL Finance Limited,18/06/2024, , ,18/06/2024, , ,INTEREST PAYMENT         
NS,IIFL,IIFL Finance Limited,18/06/2024, , ,18/06/2024, , ,INTEREST PAYMENT         
NZ,IIFL,IIFL Finance Limited,18/06/2024, , ,18/06/2024, , ,INTEREST PAYMENT         
U5,ERFLNCDI,Sec Red NCD 8.88% Sr. V,18/06/2024, , ,18/06/2024, , ,INTEREST PAYMENT         
UC,IIFL,IIFL Finance Limited,18/06/2024, , ,18/06/2024, , ,INTEREST PAYMENT         
UF,IIFL,IIFL Finance Limited,18/06/2024, , ,18/06/2024, , ,INTEREST PAYMENT         
UH,IBUCCREDIT,Sec Re NCD 9.40% Sr.III,18/06/2024, , ,18/06/2024, , ,INTEREST PAYMENT         
UJ,ECLFINANCE,Sec Red NCD 9.43% Sr. VI,18/06/2024, , ,18/06/2024, , ,INTEREST PAYMENT         
UK,IBUCCREDIT,Sec Re NCD 9.61% Sr.VI,18/06/2024, , ,18/06/2024, , ,INTEREST PAYMENT         
UL,IIFL,IIFL Finance Limited,18/06/2024, , ,18/06/2024, , ,INTEREST PAYMENT         
UN,IBUCCREDIT,Sec Re NCD 9.40% Sr.VIII,18/06/2024, , ,18/06/2024, , ,INTEREST PAYMENT         
UO,IBUCCREDIT,Sec Re NCD 9.85% Sr.VIII,18/06/2024, , ,18/06/2024, , ,INTEREST PAYMENT         
UR,ECLFINANCE,ECL Finance Limited,18/06/2024, , ,18/06/2024, , ,INTEREST PAYMENT         
US,IIFL,IIFL Finance Limited,18/06/2024, , ,18/06/2024, , ,INTEREST PAYMENT         
UZ,IIFL,IIFL Finance Limited,18/06/2024, , ,18/06/2024, , ,INTEREST PAYMENT         

