SYMBOL,SERIES,SECURITY,HIGH/LOW,INDEX FLAG
21STCENMGM,BE,21ST CENTURY MGMT SERVICE,H
76AP34,SG,SDL AP 7.6% 2034,H
ACCURACY,EQ,ACCURACY SHIPPING LIMITED,H
ADROITINFO,EQ,ADROIT INFOTECH LIMITED,H
AGSTRA,EQ,AGS TRANSACT TECH LTD,H
AIMTRON,ST,AIMTRON ELECTRONICS LTD,H
ALPEXSOLAR,SM,ALPEX SOLAR LIMITED,H
ALUWIND,SM,ALUWIND ARCHITECTURAL LTD,H
AMEYA,SM,AMEYA PRECISION ENG LTD,H
ANSALAPI,BZ,ANSAL PROP & INFRA LTD,H
APOLLO,EQ,APOLLO MICRO SYSTEMS LTD,H
ASHIMASYN,EQ,ASHIMA LTD,H
ATALREAL,BE,ATAL REALTECH LIMITED,H
ATMASTCO,SM,ATMASTCO LIMITED,H
AURIONPRO,EQ,AURIONPRO SOLN LTD,H
AZAD,EQ,AZAD ENGINEERING LIMITED,H
BEACON,ST,BEACON TRUSTEESHIP LTD,H
BGLOBAL,BZ,BHARATIYA GLOBAL INFO LTD,H
BIL,BE,BHARTIYA INETRNATIONAL LT,H
BKMINDST,BZ,BKM INDUSTRIES LIMITED,H
BLUECHIP,BE,BLUE CHIP INDIA LIMITED,H
BMETRICS,SM,BOMBAY METRICS S C LTD,H
BOHRAIND,BE,BOHRA INDUSTRIES LIMITED,H
CADSYS,ST,CADSYS (INDIA) LIMITED,H
CELLECOR,SM,CELLECOR GADGETS LIMITED,H
CLOUD,SM,VARANIUM CLOUD LIMITED,H
CMMIPL,ST,CMM INFRAPROJECTS LIMITED,H
CMRSL,SM,CYBER MEDIA RES & SER LTD,H
COCHINSHIP,EQ,COCHIN SHIPYARD LIMITED,H
COMPINFO,BZ,COMPUAGE INFOCOM LTD,H
CROWN,BE,CROWN LIFTERS LIMITED,H
DCI,BE,DC INFOTECH AND COMUN LTD,H
DCMFINSERV,BE,DCM FINANCIAL SERVICES LT,H
DELPHIFX,BE,DELPHI WORLD MONEY LTD,H
DESTINY,ST,DESTINY LOGISTICS & I LTD,H
DGCONTENT,BE,DIGICONTENT LIMITED,H
DIACABS,BE,DIAMOND POWER INFRA LTD,H
DIGIDRIVE,BE,DIGIDRIVE DISTRIBUTORS L,H
DNAMEDIA,EQ,DILIGENT MEDIA CORP LTD.,H
DREDGECORP,EQ,DREDGING CORP OF INDIA,H
DRONE,SM,DRONE DESTINATION LIMITED,H
DYNAMIC,SM,DYNAMIC SRVCS & SEC LTD,H
E2E,BE,E2E NETWORKS LIMITED,H
ENSER,SM,ENSER COMMUNICATIONS LTD,H
ESCONET,SM,ESCONET TECHNOLOGIES LTD,H
ESSARSHPNG,EQ,ESSAR SHIPPING LTD,H
ESSEN-RE2,BE,INTEGRA ESSENTIA LIMITED,H
ESSENTIA,BE,INTEGRA ESSENTIA LIMITED,H
FEL,BZ,FUTURE ENTERPRISES LTD,H
FLFL,BZ,FUT LIFESTYLE FASH LTD,H
GALLANTT,BE,GALLANTT ISPAT LIMITED,H
GANGOTRI,BZ,GANGOTRI TEXTILES LTD.,H
GAYAHWS,BE,GAYATRI HIGHWAYS LIMITED,H
GENCON,EQ,GENERIC ENG CONS PROJ LTD,H
GFSTEELS,BE,GRAND FOUNDRY LTD,H
GKWLIMITED,BE,GKW LIMITED,H
GMRP&UI,EQ,GMR POW AND URBAN INFRA L,H
GODHA,EQ,GODHA CABCON INSULAT LTD,H
GOENKA,BZ,GOENKA DIAMOND&JEWELS LTD,H
GPTINFRA,BE,GPT INFRAPROJECTS LTD,H
GSMFOILS,SM,GSM FOILS LIMITED,H
GTLINFRA,EQ,GTL INFRA.LTD,H
GUJAPOLLO,EQ,GUJ. APOLLO IND. LTD.,H
HAVISHA,EQ,SRI HAVISHA HOSP & INFR L,H
HERITGFOOD,EQ,HERITAGE FOODS LTD,H
HINDCON,BE,HINDCON CHEMICALS LIMITED,H
HINDMOTORS,EQ,HINDUSTAN MOTORS LIMITED,H
HPIL,EQ,HINDPRAKASH INDUSTRY LTD,H
HYBRIDFIN,EQ,HYBRID FINANCIAL SERVICE,H
ICEMAKE,EQ,ICE MAKE REFRIGERAT LTD,H
IEML,SM,INDIAN EMULSIFIERS LTD,H
IL&FSTRANS,BZ,IL&FS TRANS NET LTD,H
IMPEXFERRO,BE,IMPEX FERRO TECH LIMITED,H
INFOMEDIA,EQ,INFOMEDIA PRESS LIMITED,H
INSPIRISYS,BE,INSPIRISYS SOLUTIONS LTD,H
ISHAN,SM,ISHAN INTERNATIONAL LTD,H
IXIGO,EQ,LE TRAVENUES TECHNOLOGY L,H
JNKINDIA,EQ,JNK INDIA LIMITED,H
JUBLINDS,EQ,JUBILANT INDUSTRIES LTD,H
JYOTISTRUC,EQ,JYOTI STRUCTURES LTD,H
KALYANIFRG,EQ,KALYANI FORGE LIMITED,H
KBCGLOBAL,EQ,KBC GLOBAL LIMITED,H
KDL,SM,KORE DIGITAL LIMITED,H
KERNEX,EQ,KERNEX MICROSYS(I) LTD,H
KODYTECH,SM,KODY TECHNOLAB LIMITED,H
KRISHNADEF,SM,KRISHNA DEF AND ALD IND L,H
KSHITIJPOL,EQ,KSHITIJ POLYLINE LIMITED,H
LAGNAM,BE,LAGNAM SPINTEX LIMITED,H
LGHL,BE,LAXMI GOLDORNA HOUSE LTD,H
LLOYDS,SM,LLOYDS LUXURIES LIMITED,H
LOKESHMACH,BE,LOKESH MACHINES LTD,H
LRRPL,SM,LEAD REC AND RUB PROD LTD,H
MAGNUM,EQ,MAGNUM VENTURES LTD.,H
MAKS,SM,MAKS ENERGY SOL INDIA LTD,H
MARATHON,EQ,MARATHON NXTGEN REALT LTD,H
MARINE,EQ,MARINE ELECTRICAL (I) LTD,H
MASKINVEST,EQ,MASK INVESTMENTS LIMITED,H
MASTER,SM,MASTER COMPONENTS LIMITED,H
MAXIND,EQ,MAX INDIA LIMITED,H
MBECL,BE,MCNALLY BH. ENG. CO.LTD,H
MEP,BE,MEP INFRA. DEVELOPERS LTD,H
MICEL,EQ,MIC ELECTRONICS LTD,H
MODIRUBBER,BE,MODI RUBBER LTD,H
MONOPHARMA,SM,MONO PHARMACARE LIMITED,H
MORARJEE,BE,MORARJEE TEXTILES LIMITED,H
NDGL,EQ,NAGA DHUNSERI GROUP LTD,H
NDL,EQ,NANDAN DENIM LIMITED,H
NILAINFRA,EQ,NILA INFRASTRUCTURES LTD,H
NILASPACES,BE,NILA SPACES LIMITED,H
NITCO,EQ,NITCO LIMITED,H
NKIND,EQ,NK INDUSTRIES LTD,H
OILCOUNTUB,BE,OIL COUNTRY TUBULAR LTD.,H
OMAXAUTO,BE,OMAX AUTOS LTD,H
OMINFRAL,EQ,OM INFRA LIMITED,H
ONDOOR,SM,ON DOOR CONCEPTS LIMITED,H
ORISSAMINE,EQ,ORISSA MIN DEV CO LTD,H
ORTEL,BZ,ORTEL COMMUNICATIONS LTD,H
OSIAHYPER,BE,OSIA HYPER RETAIL LIMITED,H
PARAS,EQ,PARAS DEF AND SPCE TECH L,H
PASHUPATI,SM,PASHUPATI COTSPIN LIMITED,H
PERFECT,SM,PERFECT INFRAENGINEER LTD,H
PFS,EQ,PTC INDIA FIN SERV LTD,H
PODDARMENT,EQ,PODDAR PIGMENTS LIMITED,H
PRAENG,EQ,PRAJAY ENG. SYN. LTD.,H
PRATHAM,SM,PRATHAM EPC PROJECTS LTD,H
PREMEXPLN,EQ,PREMIER EXPLOSIVES LTD,H
PREMIER,BE,PREMIER LIMITED,H
PRITIKA,SM,PRITIKA ENG COMPO LTD,H
QUINTEGRA,BE,QUINTEGRA SOLUTIONS LTD.,H
RCOM,BE,RELIANCE COMMUNICATIONS L,H
REFRACTORY,SM,REFRACTORY SHAPES LIMITED,H
RELIABLE,SM,RELIABLE DATA SERVICE LTD,H
REMSONSIND,EQ,REMSONS INDUSTRIES LTD,H
RILINFRA,SM,RACHANA INFRA LTD,H
RKDL,EQ,RAVI KUMAR DIST. LTD.,H
RKEC,EQ,RKEC PROJECTS LIMITED,H
ROLTA,BZ,ROLTA INDIA LTD,H
ROML,BE,RAJ OIL MILLS LIMITED,H
RSSOFTWARE,BE,R. S. SOFTWARE (INDIA) LI,H
RTNPOWER,BE,RATTANINDIA POWER LIMITED,H
SABAR,SM,SABAR FLEX INDIA LIMITED,H
SADBHAV,BE,SADBHAV ENGINEERING LTD,H
SAMPANN,EQ,SAMPANN UTPADAN INDIA LTD,H
SANCO,BZ,SANCO INDUSTRIES LIMITED,H
SANOFI,BE,SANOFI INDIA LIMITED,H
SEMAC,BE,SEMAC CONSULTANTS LIMITED,H
SHAKTIPUMP,BE,SHAKTI PUMPS (I) LTD,H
SHREEKARNI,SM,SHREE KARNI FABCOM LTD,H
SHYAMTEL,BE,SHYAM TELECOM LIMITED,H
SIMPLEXINF,BE,SIMPLEX INFRASTRUCTURES L,H
SITINET,BE,SITI NETWORKS LIMITED,H
SKIL,BE,SKIL INFRASTRUCTURE LTD.,H
SOFTTECH,EQ,SOFTTECH ENGINEERS LTD,H
SONAMAC,SM,SONA MACHINERY LIMITED,H
SPMLINFRA,EQ,SPML INFRA LIMITED,H
STARTECK,EQ,STARTECK FINANCE LIMITED,H
SURANAT&P,EQ,SURANA TELECOM AND POW LT,H
SUULD,EQ,SUUMAYA INDUSTRIES LTD,H
TAC,SM,TAC INFOSEC LIMITED,H
TARACHAND,BE,TARA CHAND INFRA SOLN LTD,H
TARAPUR,BE,TARAPUR TRANSFORMERS LTD,H
TATAINVEST,EQ,TATA INVESTMENT CORP LTD,H
TBI,ST,TBI CORN LIMITED,H
TCIFINANCE,BE,TCIFINANCELTD-ROLL SETT,H
TCLCONS,EQ,TANTIA CONSTRUCTIONS LTD,H
TECHIN,BE,TECHINDIA NIRMAN LIMITED,H
TECHLABS,SM,TRIDENT TECHLABS LIMITED,H
TECHNOE,BE,TECHNO ELEC & ENG CO. LTD,H
TECILCHEM,EQ,TECIL CHEMICALS,H
TERASOFT,EQ,TERA SOFTWARE LIMITED,H
TGL,SM,TEERTH GOPICON LIMITED,H
THOMASCOTT,BE,THOMAS SCOTT (INDIA) LTD,H
TIRUPATIFL,EQ,TIRUPATI FORGE LIMITED,H
TNTELE,BE,TAMILNADU TELECOMMUNICATI,H
TPHQ,EQ,TEAMO PRODUCTIONS HQ LTD,H
UEL,BE,UJAAS ENERGY LIMITED,H
UMA,SM,UMA CONVERTER LIMITED,H
UNIVAFOODS,BE,UNIVA FOODS LIMITED,H
VCL,BE,VAXTEX COTFAB LIMITED,H
VELS,SM,VELS FILM INTERNATIONAL L,H
VERTEXPLUS,ST,VERTEXPLUS TECHNOLOGIES L,H
VHLTD,BE,VICEROY HOTELS LIMITED,H
VIAZ,SM,VIAZ TYRES LIMITED,H
VILAS,SM,VILAS TRANSCORE LIMITED,H
VIPULLTD,BE,VIPUL LIMITED,H
VISESHINFO,BZ,VISESH INFOTECNICS LTD,H
VISHNUINFR,SM,VISHNUSURYA PROJ N INFR L,H
VIVIANA,SM,VIVIANA POWER TECH LTD,H
VLEGOV,BE,VL E GOV AND IT SOL LTD,H
WALCHANNAG,EQ,WALCHANDNAGAR INDUSTRIES,H
WALPAR,SM,WALPAR NUTRITIONS LIMITED,H
WANBURY,EQ,WANBURY LIMITED,H
WELINV,EQ,WELSPUN INV & COMM LTD,H
WINDMACHIN,EQ,WINDSOR MACHINES LIMITED,H
WINSOME,BE,WINSOME YARNS LIMITED,H
YUDIZ,SM,YUDIZ SOLUTIONS LIMITED,H
ZENITHEXPO,BE,ZENITH EXPORTS LTD,H
ZTECH,ST,Z-TECH (INDIA) LIMITED,H
1018GS2026,GS,GOI LOAN 10.18% 2026,L
A2ZINFRA,BE,A2Z INFRA ENGINEERING LTD,L
ACCURACY,EQ,ACCURACY SHIPPING LIMITED,L
ADROITINFO,EQ,ADROIT INFOTECH LIMITED,L
AGNI,SM,AGNI GREEN POWER LTD,L
AHLADA,BE,AHLADA ENGINEERS LIMITED,L
APS,SM,AUSTRALIAN PREM SOLAR I L,L
ARSSINFRA,BE,ARSS INFRA PROJ. LTD,L
ASMS,EQ,BARTRONICS INDIA LIMITED,L
AVPINFRA,SM,AVP INFRACON LIMITED,L
BAFNAPH,BE,BAFNA PHARMACEUTICALS LTD,L
BAHETI,SM,BAHETI RECYCLING IND LTD,L
BKMINDST,BZ,BKM INDUSTRIES LIMITED,L
BOHRAIND,BE,BOHRA INDUSTRIES LIMITED,L
CADSYS,ST,CADSYS (INDIA) LIMITED,L
CMICABLES,BZ,CMI LIMITED,L
CMMIPL,ST,CMM INFRAPROJECTS LIMITED,L
DCMFINSERV,BE,DCM FINANCIAL SERVICES LT,L
DESTINY,ST,DESTINY LOGISTICS & I LTD,L
DHTL,SM,DOCMODE HEALTH TECH LTD,L
DOLPHIN,BE,DOLPHIN OFF ENT (IND) L,L
DRCSYSTEMS,EQ,DRC SYSTEMS INDIA LIMITED,L
EDUCOMP,BZ,EDUCOMP SOLUTIONS LTD,L
EIMCOELECO,EQ,EIMCO ELECON (INDIA) LTD,L
EUROTEXIND,EQ,EUROTEX INDUSTRIES LTD,L
FCONSUMER,BE,FUTURE CONSUMER LIMITED,L
FMNL,EQ,FUTURE MKT NETWORKS LTD,L
GATECHDVR,BE,GACM TECHNOLOGIES LIMITED,L
GAYAPROJ,BZ,GAYATRI PROJECTS LTD,L
HDIL,BZ,HOUSING DEV & INFRA LTD,L
HITECHGEAR,BE,THE HI-TECH GEARS LIMITED,L
JPASSOCIAT,BE,JAIPRAKASH ASSOCIATES LTD,L
KRITI,EQ,KRITI INDUSTRIES IND LTD,L
MASKINVEST,EQ,MASK INVESTMENTS LIMITED,L
MCON,SM,MCON RASAYAN INDIA LTD,L
MONOPHARMA,SM,MONO PHARMACARE LIMITED,L
NTL,BE,NEUEON TOWERS LIMITED,L
ORIANA,SM,ORIANA POWER LIMITED,L
ORTEL,BZ,ORTEL COMMUNICATIONS LTD,L
OSIAHYPER,BE,OSIA HYPER RETAIL LIMITED,L
PANACHE,BE,PANACHE DIGILIFE LIMITED,L
PRAMARA,SM,PRAMARA PROMOTIONS LTD,L
QUINTEGRA,BE,QUINTEGRA SOLUTIONS LTD.,L
RAJRILTD,BE,RAJ RAYON INDUSTRIES LTD,L
RAJVIR,BZ,RAJVIR INDUSTRIES LIMITED,L
RHFL,BE,RELIANCE HOME FINANCE LTD,L
SAHANA,SM,SAHANA SYSTEM LIMITED,L
SAMPANN,EQ,SAMPANN UTPADAN INDIA LTD,L
SANWARIA,BZ,SANWARIA CONSUMER LIMITED,L
SARTELE,SM,SAR TELEVENTURE LIMITED,L
SECURCRED,EQ,SECUR CREDENTIALS LIMITED,L
SHUBHLAXMI,SM,SHUBHLAXMI JEWEL ART LTD,L
SICALLOG,BE,SICAL LOGISTICS LIMITED,L
SITINET,BE,SITI NETWORKS LIMITED,L
SPRL,ST,SP REFRACTORIES LIMITED,L
SSFL,SM,SRIVARI SPICES N FOODS L,L
SUMEETINDS,BE,SUMEET IND LIMITED,L
SUPERSPIN,EQ,SUPER SPINNING MILLS LTD,L
TIJARIA,BE,TIJARIA POLYPIPES LTD,L
TIMESCAN,SM,TIMESCAN LOGISTICS IND L,L
TRUST,SM,TRUST FINTECH LIMITED,L
UNITECH,BZ,UNITECH LIMITED,L
VEEKAYEM,SM,VEEKAYEM FASH & APP LTD,L
WALPAR,SM,WALPAR NUTRITIONS LIMITED,L
