GAIN_LOSS,SECURITY,CLOSE_PRIC,PREV_CL_PR,PERCENT_CG
 ,Nifty 50 Sec., , , 
 , , , , 
G,SHRIRAM FINANCE LIMITED,      2829.75,      2732.15,3.57
G,POWER GRID CORP. LTD.,       331.80,       321.50,3.2
G,WIPRO LTD,       491.85,       477.50,3.01
G,TITAN COMPANY LIMITED,      3589.00,      3530.05,1.67
G,ICICI BANK LTD.,      1122.85,      1105.65,1.56
G,ADANI ENTERPRISES LIMITED,      3309.05,      3261.75,1.45
G,TATA CONSUMER PRODUCT LTD,      1126.90,      1112.45,1.3
G,MAHINDRA & MAHINDRA LTD,      2961.90,      2928.60,1.14
G,LTIMINDTREE LIMITED,      5089.60,      5032.55,1.13
G,ADANI PORT & SEZ LTD,      1445.00,      1430.70,1
G,AXIS BANK LIMITED,      1191.90,      1181.05,.92
G,HDFC BANK LTD,      1607.80,      1596.90,.68
G,STATE BANK OF INDIA,       844.90,       839.20,.68
G,BHARAT PETROLEUM CORP  LT,       630.90,       626.65,.68
G,CIPLA LTD,      1574.80,      1564.75,.64
G,INFOSYS LIMITED,      1498.20,      1488.90,.62
G,HDFC LIFE INS CO LTD,       601.20,       598.35,.48
G,APOLLO HOSPITALS ENTER. L,      6236.35,      6207.60,.46
G,JSW STEEL LIMITED,       925.35,       921.15,.46
G,COAL INDIA LTD,       489.05,       486.95,.43
G,HCL TECHNOLOGIES LTD,      1437.20,      1431.05,.43
G,BAJAJ FINSERV LTD.,      1597.95,      1591.75,.39
G,INDUSIND BANK LIMITED,      1507.90,      1502.35,.37
G,SUN PHARMACEUTICAL IND L,      1520.95,      1516.00,.33
G,NTPC LTD,       369.65,       368.45,.33
G,NESTLE INDIA LIMITED,      2550.35,      2542.50,.31
G,HINDUSTAN UNILEVER LTD.,      2486.25,      2479.75,.26
G,SBI LIFE INSURANCE CO LTD,      1473.55,      1469.90,.25
G,RELIANCE INDUSTRIES LTD,      2962.05,      2955.10,.24
G,OIL AND NATURAL GAS CORP.,       275.80,       275.40,.15
 , , , , 
L,MARUTI SUZUKI INDIA LTD.,     12560.95,     12845.20,-2.21
L,DR. REDDY S LABORATORIES,      5991.25,      6085.25,-1.54
L,TATA STEEL LIMITED,       181.12,       183.15,-1.11
L,ULTRATECH CEMENT LIMITED,     11119.05,     11242.80,-1.1
L,HERO MOTOCORP LIMITED,      5754.85,      5804.20,-0.85
L,TATA MOTORS LIMITED,       985.90,       993.40,-0.75
L,HINDALCO  INDUSTRIES  LTD,       678.75,       683.60,-0.71
L,ITC LTD,       428.75,       431.15,-0.56
L,GRASIM INDUSTRIES LTD,      2457.55,      2471.20,-0.55
L,DIVI S LABORATORIES LTD,      4564.50,      4588.60,-0.53
L,TATA CONSULTANCY SERV LT,      3815.10,      3832.05,-0.44
L,BAJAJ AUTO LIMITED,      9918.20,      9961.75,-0.44
L,ASIAN PAINTS LIMITED,      2918.50,      2921.60,-0.11
L,BAJAJ FINANCE LIMITED,      7334.70,      7341.55,-0.09
L,TECH MAHINDRA LIMITED,      1371.35,      1371.45,-0.01
 , , , , 
 ,Nifty Next 50 Sec., , , 
 , , , , 
G,HINDUSTAN AERONAUTICS LTD,      5533.45,      5200.55,6.4
G,AVENUE SUPERMARTS LIMITED,      5039.30,      4739.95,6.32
G,SAMVRDHNA MTHRSN INTL LTD,       180.32,       174.62,3.26
G,BOSCH LIMITED,     33379.20,     32327.80,3.25
G,BHARAT ELECTRONICS LTD,       318.25,       309.60,2.79
G,TRENT LTD,      5357.60,      5245.55,2.14
G,JIO FIN SERVICES LTD,       363.20,       357.00,1.74
G,INDIAN RAIL TOUR CORP LTD,      1032.40,      1018.20,1.39
G,ZOMATO LIMITED,       188.61,       186.24,1.27
G,VEDANTA LIMITED,       452.30,       447.60,1.05
G,CANARA BANK,       121.88,       120.81,0.89
G,SRF LTD,      2422.20,      2402.00,0.84
G,ICICI LOMBARD GIC LIMITED,      1745.25,      1730.90,0.83
G,GODREJ CONSUMER PRODUCTS,      1403.65,      1392.95,0.77
G,INTERGLOBE AVIATION LTD,      4302.25,      4270.40,0.75
G,TATA POWER CO LTD,       451.70,       448.65,0.68
G,MARICO LIMITED,       623.50,       619.35,0.67
G,ADANI ENERGY SOLUTION LTD,      1026.55,      1019.80,0.66
G,INDIAN RAILWAY FIN CORP L,       175.71,       174.80,0.52
G,CHOLAMANDALAM IN & FIN CO,      1454.15,      1447.00,0.49
G,ADANI GREEN ENERGY LTD,      1814.00,      1806.30,0.43
G,PIDILITE INDUSTRIES LTD,      3122.60,      3109.80,0.41
G,BANK OF BARODA,       287.30,       286.25,0.37
G,BERGER PAINTS (I) LTD,       504.00,       502.70,0.26
G,GAIL (INDIA) LTD,       222.26,       221.83,0.19
G,ADANI POWER LTD,       748.15,       746.75,0.19
G,TORRENT PHARMACEUTICALS L,      2886.85,      2882.10,0.16
G,DLF LIMITED,       878.80,       878.60,0.02
 , , , , 
L,ZYDUS LIFESCIENCES LTD,      1078.95,      1109.55,-2.76
L,JINDAL STEEL & POWER LTD,      1034.25,      1052.45,-1.73
L,ABB INDIA LIMITED,      8867.00,      9020.00,-1.7
L,DABUR INDIA LTD,       600.20,       608.65,-1.39
L,TVS MOTOR COMPANY  LTD,      2471.15,      2503.85,-1.31
L,ICICI PRU LIFE INS CO LTD,       606.80,       613.70,-1.12
L,LIFE INSURA CORP OF INDIA,      1056.50,      1066.85,-0.97
L,INFO EDGE (I) LTD,      6186.65,      6242.95,-0.9
L,REC LIMITED,       527.95,       532.65,-0.88
L,VARUN BEVERAGES LIMITED,      1624.90,      1639.25,-0.88
L,SIEMENS LTD,      7727.85,      7790.20,-0.8
L,ADANI TOTAL GAS LIMITED,       940.25,       946.50,-0.66
L,HAVELLS INDIA LIMITED,      1828.20,      1839.50,-0.61
L,AMBUJA CEMENTS LTD,       674.10,       677.20,-0.46
L,INDIAN OIL CORP LTD,       169.59,       170.36,-0.45
L,POWER FIN CORP LTD.,       507.75,       510.05,-0.45
L,SHREE CEMENT LIMITED,     27462.10,     27538.00,-0.28
L,SBI CARDS & PAY SER LTD,       726.35,       728.35,-0.27
L,PUNJAB NATIONAL BANK,       128.63,       128.94,-0.24
L,COLGATE PALMOLIVE LTD.,      2945.70,      2952.60,-0.23
L,BAJAJ HOLDINGS & INVS LTD,      8283.60,      8302.85,-0.23
 , , , , 
 ,OTHER SECURITIES, , , 
 , , , , 
G,KALYANI FORGE LIMITED,       552.60,       460.50,20
G,STARTECK FINANCE LIMITED,       292.32,       243.60,20
G,ORISSA MIN DEV CO LTD,      7956.60,      6630.50,20
G,GENERIC ENG CONS PROJ LTD,        49.02,        40.85,20
G,JNK INDIA LIMITED,       816.00,       680.00,20
G,UMA CONVERTER LIMITED,        30.00,        25.00,20
G,RACHANA INFRA LTD,        40.50,        33.75,20
G,GSM FOILS LIMITED,        49.50,        41.25,20
G,WINDSOR MACHINES LIMITED,       107.83,        89.86,20
G,PARAS DEF AND SPCE TECH L,      1388.25,      1156.90,20
G,PODDAR PIGMENTS LIMITED,       469.60,       391.35,19.99
G,INDIAN EMULSIFIERS LTD,       502.40,       418.70,19.99
G,VILAS TRANSCORE LIMITED,       355.35,       296.15,19.99
G,TERA SOFTWARE LIMITED,        81.52,        67.94,19.99
G,NANDAN DENIM LIMITED,        52.77,        43.98,19.99
G,PTC INDIA FIN SERV LTD,        47.85,        39.88,19.98
G,TIRUPATI FORGE LIMITED,        22.52,        18.77,19.98
G,SONA MACHINERY LIMITED,       195.00,       163.40,19.34
G,MARATHON NXTGEN REALT LTD,       605.05,       508.65,18.95
G,SHANTHALA FMCG PRODUCTS L,        71.90,        61.05,17.77
G,AXISCADES TECH LTD,       617.55,       527.35,17.1
G,PRECOT LIMITED,       471.00,       408.45,15.31
G,FIDEL SOFTECH LIMITED,       116.45,       101.00,15.3
G,ADDICTIVE LEARNING TECH L,       345.60,       302.05,14.42
G,RAMA PHOSPHATES LIMITED,       192.56,       168.87,14.03
G,SILKFLEX POLYMERS INDIA L,        60.55,        53.40,13.39
G,GARDEN REACH SHIP&ENG LTD,      1847.55,      1630.00,13.35
G,ABS MARINE SERVICES LTD,       271.70,       241.25,12.62
G,SHREYANS INDUSTRIES LTD,       305.99,       273.48,11.89
G,DIGISPICE TECHNOLOGIES LT,        37.66,        33.73,11.65
 , , , , 
L,SUPER SPINNING MILLS LTD,         9.02,         9.99,-9.71
L,AARTI SURFACTANTS LIMITED,       215.00,       237.50,-9.47
L,INTERIORS & MORE LIMITED,       255.30,       282.00,-9.47
L,GARWARE HI-TECH FILMS LTD,      1998.70,      2178.75,-8.26
L,KAMDHENU VENTURES LIMITED,        39.88,        42.99,-7.23
L,8.12/8.32% TAX FREE NCD,      1061.77,      1144.01,-7.19
L,AVP INFRACON LIMITED,       137.40,       147.80,-7.04
L,DELAPLEX LIMITED,       216.45,       232.05,-6.72
L,SAROJA PHARMA INDUS IND L,        42.00,        44.95,-6.56
L,SUNREST LIFESCIENCE LTD,        63.50,        67.90,-6.48
L,JALAN TRANSOLU. INDIA LTD,         3.75,         4.00,-6.25
L,FONEBOX RETAIL LIMITED,       148.00,       157.85,-6.24
L,SOM DIST & BREW LTD,       116.88,       124.62,-6.21
L,INNOVANA THINKLABS LTD.,       530.75,       564.80,-6.03
L,PTC INDUSTRIES LIMITED,     13853.70,     14729.60,-5.95
L,AJOONI BIOTECH LIMITED,         5.24,         5.57,-5.92
L,GLOBE TEXTILES (I) LTD.,         3.04,         3.23,-5.88
L,TRUCAP FINANCE LIMITED,        48.10,        51.09,-5.85
L,KIRLOSKAR PNEUMATIC COM L,      1305.05,      1383.65,-5.68
L,SELAN EXPLO. TECH LTD,       727.40,       770.55,-5.6
L,INFOBEANS TECHNO. LTD.,       471.80,       499.05,-5.46
L,ASHIANA HOUSING LTD,       417.65,       441.35,-5.37
L,IVP LTD,       206.50,       218.14,-5.34
L,VARDHAMAN ACRYLICS LTD,        53.33,        56.26,-5.21
L,SOUTH WEST PINNACLE LTD,       125.45,       132.30,-5.18
L,SECUR CREDENTIALS LIMITED,        13.32,        14.03,-5.06
L,ACCURACY SHIPPING LIMITED,        11.30,        11.90,-5.04
L,ZENITH DRUGS LIMITED,        63.40,        66.75,-5.02
L,DOCMODE HEALTH TECH LTD,       134.85,       141.95,-5
L,DESTINY LOGISTICS & I LTD,        32.30,        34.00,-5
