SECURITY,NEW,PREVIOUS,NEW_STATUS
21ST CENTURY MGMT SERVICE,56.86,55.75,H
BHARTIYA INETRNATIONAL LT,468.3,460.8,H
SUPRAJIT ENGINEERING LTD,527,518.4,H
ALLSEC TECHNOLOGIES LTD,1234,1185,H
FORTIS HEALTHCARE LTD,509.85,509.6,H
COROMANDEL INTERNTL. LTD,1542.3,1534.75,H
HERO MOTOCORP LIMITED,5894.55,5864.75,H
JKUMAR INFR.LTD.,915,897,H
JSW ENERGY LIMITED,713.45,687.35,H
MAYUR UNIQUOTERS LTD,695.85,666.6,H
POLY MEDICURE LIMITED,2031,2007.6,H
ICICI LOMBARD GIC LIMITED,1784,1766.95,H
PITTI ENGINEERING LIMITED,1021,1006,H
ZOTA HEALTH CARE LIMITED,634.9,623.85,H
MACROTECH DEVELOPERS LTD,1649.95,1588.9,H
2.50%GOLDBONDS2029SR-IV,7395,7390,H
JSW INFRASTRUCTURE LTD,311.45,308.8,H
PASHUPATI COTSPIN LIMITED,369.8,352.2,H
NIPPON L I A M LTD,664.3,657,H
MIRAEAMC - MAESGETF,39.75,39.56,H
DRONE DESTINATION LIMITED,383,364.8,H
GALLANTT ISPAT LIMITED,331.8,326.1,H
ICICIPRAMC-ICICIFIN,24.93,24.8,H
INDIA SHELTER FIN CORP L,729.95,725.1,H
MIRAEAMC - SMALLCAP,51.5,50.7,H
SEC RE NCD 0% SR.II,1098.4,1085.8,H
URAVI T AND WEDG LAMP LTD,605,601,H
BEACON TRUSTEESHIP LTD,103.85,98.95,H
8.72% UNSECURED NCD,1025,1023,H
ABHISHEK INTEGRATIONS LTD,68.1,68,H
GOI TBILL 91D-02/08/24,99.16,99.05,H
SEC RE NCD 9.65% SR I,1054.8,1050,H
INTEGRA ESSENTIA LIMITED,1.42,1.19,H
MIRAEAMC - MIDSMALL,53.7,53.1,H
SEC RE NCD SR.VI,1088,1087,H
BASF INDIA LTD,5089.8,4999,H
MAHINDRA & MAHINDRA LTD,3013.5,2946,H
VOLTAS LTD,1550.7,1511.95,H
ZENITH EXPORTS LTD,372.76,355.01,H
THE GE SHPG.LTD,1253.3,1241,H
KALYANI INVEST CO LTD,4799.9,4735.6,H
GARDEN REACH SHIP&ENG LTD,1888,1686.95,H
LE MERITE EXPORTS LIMITED,125,118.85,H
LLOYDS METALS N ENERGY L,774.9,750,H
LT FOODS LIMITED,267.95,266.99,H
2.5%GOLDBONDS2028SR-VIII,7490,7400,H
PRUDENT CORP ADV SER LTD,1950,1877,H
ON DOOR CONCEPTS LIMITED,416.25,411.9,H
MIRAEAMC - MAM150ETF,21.35,21.3,H
MIRAEAMC - MAMFGETF,150.19,150,H
KCK INDUSTRIES LTD,212,202.25,H
SAMPANN UTPADAN INDIA LTD,31.96,30.45,H
SIDDHIKA COATINGS LIMITED,322.5,307.95,H
VIVIANA POWER TECH LTD,814.9,794.2,H
MEGATHERM INDUCTION LTD,447.4,415,H
DOMS INDUSTRIES LIMITED,2134.5,2035,H
EMUDHRA LIMITED,913.75,898,H
SIMPLEX INFRASTRUCTURES L,151.92,144.69,H
GOI TBILL 182D-12/09/24,98.23,98,H
TAX FREE7.60% SR.IIB,1135,1134.92,H
TECIL CHEMICALS,35.45,33.77,H
SHREE KARNI FABCOM LTD,766.05,707.6,H
8.79% SEC RED BOND S2B,1195,1169.99,H
QUEST LABORATORIES LTD,153,147,H
Z-TECH (INDIA) LIMITED,154.9,147.55,H
MANDEEP AUTO INDUSTRIES L,67.15,60,H
EID PARRY INDIA LTD,750.5,749.9,H
BANNARI AMMAN SUGARS LTD,3200.95,3194,H
AURIONPRO SOLN LTD,2828.15,2746.65,H
GANESH HOUSING CORP LTD,1057.45,1039,H
THE PHOENIX MILLS LTD,3945,3595,H
EIH ASSOCIATED HOTELS LTD,946,925,H
KIRLOSKAR BROTHERS LTD,2243.15,2198.95,H
MINDA CORPORATION LTD,482.4,469.5,H
PREMIER EXPLOSIVES LTD,3882.35,3660,H
2.50%GOLDBONDS2030SR-II,7569.99,7499,H
AXISAMC - AXISCETF,115,114.71,H
TUBE INVEST OF INDIA LTD,4400,4320,H
NIP IND ETF DIV OPP,81.9,81.75,H
CHOLAMANDALAM FIN HOL LTD,1308.75,1300,H
HOME FIRST FIN CO IND LTD,1092.5,1084.55,H
EPACK DURABLE LIMITED,228,224.5,H
SHAKTI PUMPS (I) LTD,2853.1,2721.85,H
SEC RE NCD 8.40% SR.V,1080,1003,H
SEC RE NCD 8.50% SR.III,1074,1073.5,H
SEC RE NCD SR.III,1090,1073.8,H
AVP INFRACON LIMITED,150.7,149.95,H
GPT INFRAPROJECTS LTD,277.92,264.69,H
ENERGY MISSION MACH IND L,459.95,410.4,H
9.90 % SRNCD SR VI,1047.9,1047,H
SONA MACHINERY LIMITED,196.05,183.65,H
SEC RE NCD 9.05% SR.I,1055,1048.8,H
SEC RE NCD 9.70% SR VIII,1095,1039,H
SEC RE NCD 9.25% SR.VII,1007.55,1005.25,H
SDL AP 7.6% 2034,99.75,95,H
ABB INDIA LIMITED,9149.95,9145,H
VESUVIUS INDIA LTD,5743.35,5649.9,H
SWARAJ ENGINES LTD,2894.3,2816,H
NIP IND ETF JUNIOR BEES,770.8,769,H
BAJAJ AUTO LIMITED,10038.8,9995,H
PRESTIGE ESTATE LTD,2000,1998,H
GRP LIMITED,10897.35,10799,H
PRICOL LIMITED,510,468.5,H
COCHIN SHIPYARD LIMITED,2334.55,2175,H
KRISHNA DEF AND ALD IND L,843.35,774.05,H
GE T&D INDIA LIMITED,1660,1640.7,H
AARTI PHARMALABS LIMITED,649,638.75,H
ABANS HOLDINGS LIMITED,490,461.4,H
ISGEC HEAVY ENG LTD,1289.2,1256,H
TRIDENT TECHLABS LIMITED,670.5,638.6,H
PTC INDUSTRIES LIMITED,15240,14930.95,H
MIRAEAMC - ALPHAETF,28.65,28.07,H
MASTER COMPONENTS LIMITED,324.5,295.05,H
HAPPY FORGINGS LIMITED,1224,1218,H
DCM SHRIRAM IND LTD,242.5,240.61,H
EDELAMC - EBBETF0430,1413.25,1412,H
AMINES & PLASTICIZERS LTD,273.8,261.2,H
ALPEX SOLAR LIMITED,846.9,806.6,H
ATLANTAA LIMITED,41.24,40.44,H
UJAAS ENERGY LIMITED,237.59,226.28,H
SEC RE NCD SR.II,1106.42,1095,H
GOI TBILL 91D-19/07/24,99.45,99.25,H
RAMDEVBABA SOLVENT LTD,112.5,111,H
SANOFI INDIA LIMITED,7180.6,6838.7,H
HOAC FOODS INDIA LIMITED,207,205,H
ESCORTS KUBOTA LIMITED,4353.2,4309.95,H
BLUE STAR LIMITED,1797.95,1759.8,H
SHREYANS INDUSTRIES LTD,309.9,308.4,H
TRENT LTD,5452,5294,H
AUTOMOTIVE STAMPINGS & AS,1043.95,1008.9,H
BOSCH LIMITED,34350,32927.95,H
HFCL LIMITED,129,120.3,H
JUBILANT INDUSTRIES LTD,1655.05,1576.25,H
ADITYA BIRLA MONEY LTD,173.29,170.72,H
PODDAR PIGMENTS LIMITED,469.6,433.85,H
R M DRIP & SPRINK SYS LTD,155,149.5,H
SBIAMC - SBIETFQLTY,222.74,220.23,H
MAX ESTATES LIMITED,474.95,453,H
FOCE INDIA LIMITED,1010,1002,H
S J LOGISTICS (INDIA) LTD,489.95,485,H
JYOTI CNC AUTOMATION LTD,1254.8,1224,H
MIRAEAMC - MANXT50,734.5,730.38,H
KAVVERI TEL. LTD.,18.44,18.08,H
LICNAMC - LICNMID100,57,55.66,H
GOI TBILL 364D-08/08/24,98.99,98.44,H
SEC RE NCD 0% SR.V,1134,1125,H
SEC RE NCD 9.30% SR.IV,1004.5,1004.18,H
TEERTH GOPICON LIMITED,413.9,413.7,H
TECHNO ELEC & ENG CO. LTD,1529.45,1497,H
MOTILALAMC - MOSMALL250,17.1,16.98,H
SEC RED NCD SR.IX,1560,1555,H
GOI LOAN  7.04% 2029,100.6,100.3,H
7.51 NCD 16FEB28 TR1 SR2,1099.9,1097.99,H
WINSOL ENGINEERS LIMITED,592,518.4,H
SEC RE NCD SR VI,950,900,H
BALKRISHNA IND. LTD,3362,3283.5,H
EXIDE INDUSTRIES LTD,566.4,549.9,H
HONDA I POWER PRODUCT LTD,3569.95,3474.95,H
KIRLOSKAR OIL ENG LTD,1429.65,1379,H
ZEN TECHNOLOGIES LIMITED,1230,1132.6,H
ESSAR SHIPPING LTD,49.14,47.92,H
SALZER ELECTRONICS LTD,907.75,890,H
HPL ELECTRIC & POWER LTD,492,462,H
SOMI CONVEYOR BELT. LTD.,159.9,155.6,H
SHREE TIRUPATI BALAJEE,620,595.35,H
MAZAGON DOCK SHIPBUIL LTD,4219,3990,H
ROLLATAINERS LIMITED,4.59,4.5,H
JAY JALARAM TECHNO LTD,578,576.7,H
AZAD ENGINEERING LIMITED,1887.45,1797.6,H
NIP IND ETF MIDCAP 150,215.9,213.99,H
MEDI ASSIST HEALTH SER L,592.9,586.95,H
KAYNES TECHNOLOGY IND LTD,4030,3815.85,H
GOI TBILL 182D-27/06/24,99.9,99.7,H
WISE TRAVEL INDIA LIMITED,300,296,H
LCC INFOTECH LTD,3.36,3.3,H
DSPAMC - DSPQ50ETF,255.7,249.7,H
SEC RE NCD 10.25% SR.II,1002.76,1000,H
SEC RE NCD 9.75% SR. I,1010,1000,H
ALUWIND ARCHITECTURAL LTD,65,59.1,H
BHARTI HEXACOM LIMITED,1174.5,1119,H
AIMTRON ELECTRONICS LTD,355.8,338.9,H
TARA CHAND INFRA SOLN LTD,498.3,474.6,H
MOTILALAMC - MOREALTY,115.79,113.5,H
GOI TBILL 91D-25/07/24,99.2,99.19,H
DSPAMC - LIQUIDADD,1015.42,1015.26,H
VICEROY HOTELS LIMITED,104.29,99.33,H
INDIAN EMULSIFIERS LTD,502.4,441.8,H
SEC RE NCD SR. IV,1175,1150,H
8.91%S-R-NCD SERIES 3B,1327.99,1325,H
DIAMOND POWER INFRA LTD,1073.55,1022.45,H
SEC RE NCD 11% SR V,1033,1026,H
GLENMARK PHARMACEUTICALS,1264,1262.9,H
PRECOT LIMITED,482.3,415,H
TIMKEN INDIA LTD.,4817.9,4675,H
GODREJ PROPERTIES LTD,3095,3057.85,H
ORACLE FIN SERV SOFT LTD.,9879,9793.5,H
PG ELECTROPLAST LTD,3028.8,3016,H
HINDUSTAN AERONAUTICS LTD,5567,5444,H
JTEKT INDIA LIMITED,198.2,195,H
SHRIRAM FINANCE LIMITED,2841.15,2747,H
2.50%GOLDBONDS2027SR-III,7975,7845,H
SAMVRDHNA MTHRSN INTL LTD,185.08,176.1,H
PARAS DEF AND SPCE TECH L,1388.25,1258.2,H
POLYCAB INDIA LIMITED,7147.4,7140,H
NAVA LIMITED,702,672.9,H
NIP IND ETF ETF NV20,146.99,146.97,H
GOI TBILL 364D-19/12/24,96.56,95.91,H
GOI TBILL 364D-26/12/24,96.05,95.35,H
HDFCAMC - HDFCNIFTY,266.1,265,H
UTIAMC - NIFMID150,215.99,210.77,H
SIGNATUREGLOBAL INDIA LTD,1439,1427.9,H
STYRENIX PERFORMANCE LTD,2192.85,2183.95,H
DIGICONTENT LIMITED,30.11,28.68,H
AMEYA PRECISION ENG LTD,104.35,99.8,H
SKIPPER RE.0.25 PPD UP,224.9,218.9,H
DSPAMC - DSPNEWETF,310.22,308.84,H
PANACHE DIGILIFE LIMITED,129.5,103.05,H
SDL GJ 7.55% 2031,102.09,101.6,H
AWFIS SPACE SOLUTIONS LTD,494.8,491.8,H
TBI CORN LIMITED,278.45,265.2,H
TEAMO PRODUCTIONS HQ LTD,1.21,1.2,H
PATTECH FITWELL TUB COM L,111,107,H
ENSER COMMUNICATIONS LTD,172.15,156.5,H
SEC RE NCD SR III,980,951,H
SERENCD8.50%SR.IICIII&IV,1067,1066,H
JNK INDIA LIMITED,816,714,H
SILKFLEX POLYMERS INDIA L,61.8,55.9,H
AADHAR HOUSING FINANCE L,432.45,431.85,H
ABS MARINE SERVICES LTD,280,250.5,H
REFRACTORY SHAPES LIMITED,221.05,216.7,H
SEC RED NCD 9.10% SR.VI,1047.9,1036,H
GSM FOILS LIMITED,49.5,42.1,H
GUJ IND POW CO. LTD,269.4,238.4,H
GODFREY PHILLIPS INDIA LT,4364,4288,H
BEML LIMITED,4849.7,4800,H
SKF INDIA LTD,7350,6983.6,H
JK PAPER LIMITED,524.9,498,H
SUMMIT SECURITIES LTD,1585,1562,H
KALYANI FORGE LIMITED,552.6,490,H
AGARWAL INDS CORP LTD.,1235,1180,H
MAX INDIA LIMITED,312.45,304,H
GMR POW AND URBAN INFRA L,85.62,82.46,H
BAJEL PROJECTS LIMITED,316.7,304.85,H
BIKAJI FOODS INTERN LTD,745.95,739.4,H
PARAS PETROFILS LTD.,4.4,3.85,H
NIPPONAMC - NETFAUTO,264.48,262.42,H
UNO MINDA LIMITED,1075.4,1065,H
CREATIVE EYE LIMITED,8,5.6,H
GOI TBILL 182D-08/08/24,98.95,98.84,H
SRG HOUSING FINANCE L,354.45,347,H
INOX WIND ENERGY LIMITED,7280.15,4225,H
SEC RE NCD 8.25% SR.I,1015,1010,H
ANI INTEGRATED SERV LTD.,161.5,159,H
KOTAKMAMC - KOTAKALPHA,54.69,54.44,H
KOTAKMAMC - KOTAKMID50,159.6,157.5,H
SHIPPING CORP OF ILA LTD,82.9,77.85,H
GOI LOAN  7.34% 2064,105,103.9,H
GOI TBILL 91D-23/08/24,98.8,98.77,H
CROWN LIFTERS LIMITED,262.48,261.65,H
SRI ADHIKARI BRO TELE N L,206.95,202.9,H
SEC RE NCD 0% SR.VIII,1087.55,1080,H
DELPHI WORLD MONEY LTD,209.84,199.85,H
SEC RE NCD SR VI,999,998,H
SEC RE NCD 9% SR.VI,901,920,L
KAMDHENU VENTURES LIMITED,39.37,40.85,L
DOCMODE HEALTH TECH LTD,134.85,141.95,L
ONELIFE CAP ADVISORS LTD,17.55,17.85,L
BOHRA INDUSTRIES LIMITED,16.06,16.91,L
8.12/8.32% TAX FREE NCD,1060,1140.01,L
GLOBAL EDUCATION LIMITED,193.15,196.52,L
ARCHIDPLY IND. LTD,106.35,108.53,L
SEC RE NCD 9.45% SR.I,965,970,L
TIMESCAN LOGISTICS IND L,61.25,62.7,L
7.51 NCD 16FEB28 TR1 SR2,1081.25,1088.01,L
ABAN OFFSHORE LTD.,69.77,71.2,L
SEC RE NCD 0% SR.VII,1160,1190,L
PALRED TECHNOLOGIES LTD,122.5,123,L
CMI LIMITED,4.75,4.9,L
UNITED SPIRITS LIMITED,1237,1258.2,L

