SERIES,SYMBOL,SECURITY,RECORD_DT,BC_STRT_DT,BC_END_DT,EX_DT,ND_STRT_DT,ND_END_DT,PURPOSE
BE,CALSOFT,CaliforniaSoft- Roll Sett, ,02/09/2024,09/09/2024,30/08/2024, , ,ANNUAL GENERAL MEETING   
BE,PARAGMILK,Parag Milk Foods Ltd., ,05/09/2024,11/09/2024,04/09/2024, , ,ANNUAL GENERAL MEETING   
BE,KOPRAN,Kopran Ltd., ,03/09/2024,05/09/2024,02/09/2024, , ,AGM/DIV - RS 3 PER SH    
BE,JBMA,JBM Auto Limited, ,06/09/2024,12/09/2024,05/09/2024, , ,AGM/DIV - RS 1.50 PER SH 
BE,RITES,RITES Limited, ,06/09/2024,12/09/2024,05/09/2024, , ,ANNUAL GENERAL MEETING   
BE,RITES,RITES Limited,20/09/2024, , ,20/09/2024, , ,BONUS 1:1                
BE,TRITURBINE,Triveni Turbine Limited,06/09/2024, , ,06/09/2024, , ,DIV - RS 1.30 PER SH     
BE,MEGASTAR,Megastar Foods Limited, ,06/09/2024,12/09/2024,05/09/2024, , ,ANNUAL GENERAL MEETING   
BE,PATINTLOG,Patel Integrated Logistic,06/09/2024, , ,06/09/2024, , ,RIGHTS 8:103 @PRM RS 8/- 
BE,RPPL,Rajshree PolyPack Ltd,18/09/2024, , ,18/09/2024, , ,FVSPLT FRM RS 10 TO RS 5 
BE,TATVA,Tatva Chin Pharm Chem Ltd,06/09/2024, , ,06/09/2024, , ,DIV - RS 2 PER SH        
BE,TATVA,Tatva Chin Pharm Chem Ltd, ,07/09/2024,20/09/2024,06/09/2024, , ,ANNUAL GENERAL MEETING   
BE,RESPONIND,Responsive Industries Ltd, ,07/09/2024,13/09/2024,06/09/2024, , ,ANNUAL GENERAL MEETING   
BE,GNA,GNA Axles Limited,06/09/2024, , ,06/09/2024, , ,DIV - RS 2 PER SH        
BE,SPENTEX,Spentex Industries Ltd, ,05/09/2024,11/09/2024,04/09/2024, , ,ANNUAL GENERAL MEETING   
BE,SCI,SHIPPING CORP OF INDIA LT, ,07/09/2024,18/09/2024,06/09/2024, , ,ANNUAL GENERAL MEETING   
BE,SCI,SHIPPING CORP OF INDIA LT,06/09/2024, , ,06/09/2024, , ,DIV - RE 0.50 PER SH     
BE,ZODIAC,Zodiac Energy Limited, ,07/09/2024,13/09/2024,06/09/2024, , ,ANNUAL GENERAL MEETING   
BE,TRITURBINE,Triveni Turbine Limited, ,07/09/2024,13/09/2024,06/09/2024, , ,ANNUAL GENERAL MEETING   
BE,NAHARCAP,Nahar Capital and Financi, ,07/09/2024,12/09/2024,06/09/2024, , ,DIV - RS 1.50 PER SH     
BE,AGARIND,Agarwal Inds Corp Ltd., ,07/09/2024,13/09/2024,06/09/2024, , ,DIV - RS 3 PER SH        
BE,PPAP,PPAP Automotive Limited, ,07/09/2024,12/09/2024,06/09/2024, , ,AGM/DIV-RS 1.25 PER SH   
BE,JAGSNPHARM,Jagsonpal Pharma Ltd.,06/09/2024, , ,06/09/2024, , ,DIV - RS 5 PER SH        
BE,5PAISA,5paisa Capital Limited, ,04/09/2024,10/09/2024,03/09/2024, , ,ANNUAL GENERAL MEETING   
BE,STERTOOLS,Sterling Tools Ltd., ,07/09/2024,13/09/2024,06/09/2024, , ,ANNUAL GENERAL MEETING   
BE,HPIL,Hindprakash Industry Ltd,06/09/2024, , ,06/09/2024, , ,DIV - RE 0.50 PER SH     
BE,QUESS,Quess Corp Limited, ,10/09/2024,16/09/2024,09/09/2024, , ,ANNUAL GENERAL MEETING   
BE,QUESS,Quess Corp Limited,06/09/2024, , ,06/09/2024, , ,DIV - RS 6 PER SH        
BE,VBL,Varun Beverages Limited,12/09/2024, , ,12/09/2024, , ,FV SPLT FRM RS 5 TO RS 2 
BE,KOTHARIPRO,Kothari Products Ltd., ,07/09/2024,14/09/2024,06/09/2024, , ,ANNUAL GENERAL MEETING   
BE,RSWM,RSWM Limited, ,07/09/2024,13/09/2024,06/09/2024, , ,ANNUAL GENERAL MEETING   
BE,MANORG,Mangalam Organics Limited, ,07/09/2024,14/09/2024,06/09/2024, , ,ANNUAL GENERAL MEETING   
BE,ASHOKAMET,Ashoka Metcast Limited, ,07/09/2024,12/09/2024,06/09/2024, , ,ANNUAL GENERAL MEETING   
BE,AHLEAST,Asian Hotels (East) Ltd, ,07/09/2024,13/09/2024,06/09/2024, , ,AGM/DIV - RS 2.50 PER SH 
BE,JAIBALAJI,Jai Balaji Industries Ltd, ,07/09/2024,13/09/2024,06/09/2024, , ,ANNUAL GENERAL MEETING   
BE,CANTABIL,Cantabil Retail Ltd, ,08/09/2024,14/09/2024,06/09/2024, , ,ANNUAL GENERAL MEETING   
BE,NIACL,The New India Assu Co Ltd,06/09/2024, , ,06/09/2024, , ,DIV - RS 2.06 PER SH     
BE,SHILPAMED,Shilpa Medicare Ltd, ,09/09/2024,17/09/2024,06/09/2024, , ,ANNUAL GENERAL MEETING   
BE,AAATECH,AAA Technologies Limited,07/09/2024, , ,06/09/2024, , ,DIV - RE 0.50 PER SH     
BE,GATEWAY,Gateway Distriparks Ltd, ,08/09/2024,19/09/2024,06/09/2024, , ,ANNUAL GENERAL MEETING   
BE,BLSE,BLS E-Services Limited, ,04/09/2024,10/09/2024,03/09/2024, , ,ANNUAL GENERAL MEETING   
BE,BALLARPUR,Ballarpur Industries Limi, ,04/09/2024,10/09/2024,03/09/2024, , ,ANNUAL GENERAL MEETING   
BE,TBZ,Trib Bhimji Zaveri Ltd, ,04/09/2024,10/09/2024,03/09/2024, , ,AGM/DIV - RS 1.75 PER SH 
BE,IONEXCHANG,Ion Exchange (India) Ltd, ,04/09/2024,11/09/2024,03/09/2024, , ,AGM/DIV - RS 1.50 PER SH 
BE,GANECOS,Ganesha Ecosphere Limited, ,04/09/2024,10/09/2024,03/09/2024, , ,AGM/DIV - RS 3 PER SH    
BE,MASFIN,MAS Financial Serv Ltd, ,05/09/2024,11/09/2024,04/09/2024, , ,AGM/DIV - RE 0.51 PER SH 
BE,SURYODAY,Suryoday Small Fin Bk Ltd, ,06/09/2024,12/09/2024,05/09/2024, , ,ANNUAL GENERAL MEETING   
BE,TREEHOUSE,Tree House Edu Ltd, ,06/09/2024,12/09/2024,05/09/2024, , ,ANNUAL GENERAL MEETING   
BE,BLS,BLS Intl Servs Ltd, ,06/09/2024,12/09/2024,05/09/2024, , ,AGM/DIV - RE 0.50 PER SH 
BE,DHAMPURSUG,DHAMPUR SUGAR MILLS LTD, ,06/09/2024,12/09/2024,05/09/2024, , ,ANNUAL GENERAL MEETING   
BE,JAYBARMARU,Jay Bharat Maruti Ltd, ,06/09/2024,12/09/2024,05/09/2024, , ,AGM/DIV - RE 0.70 PER SH 
BE,HEADSUP,The Mandhana Ret Vent Ltd, ,06/09/2024,12/09/2024,05/09/2024, , ,ANNUAL GENERAL MEETING   
BE,RHIM,RHI MAGNESITA INDIA LTD, ,06/09/2024,13/09/2024,05/09/2024, , ,DIV - RS 2.50 PER SH     
BE,GMRINFRA,GMR Infrastructure Limite, ,06/09/2024,16/09/2024,05/09/2024, , ,ANNUAL GENERAL MEETING   
BE,IRCON,Ircon International Ltd, ,06/09/2024,12/09/2024,05/09/2024, , ,AGM/DIV - RS 1.30 PER SH 
BE,GULFOILLUB,Gulf Oil Lub. Ind. Ltd.,05/09/2024, , ,05/09/2024, , ,DIV - RS 20 PER SH       
BE,ORIENTALTL,Oriental Trimex Limited,05/09/2024, , ,05/09/2024, , ,RIGHTS 3:2 @ PRM RE 1/-  
BE,MARSHALL,Marshall Machines Ltd, ,31/08/2024,06/09/2024,30/08/2024, , ,ANNUAL GENERAL MEETING   
BE,EPACK,EPACK Durable Limited, ,31/08/2024,06/09/2024,30/08/2024, , ,ANNUAL GENERAL MEETING   
BE,NDL,Nandan Denim Limited, ,31/08/2024,06/09/2024,30/08/2024, , ,ANNUAL GENERAL MEETING   
BE,SAPPHIRE,Sapphire Foods India Ltd,05/09/2024, , ,05/09/2024, , ,FVSPLT FRM RS 10 TO RS 2 
BE,ANDHRAPAP,ANDHRA PAPER LIMITED,11/09/2024, , ,11/09/2024, , ,FVSPLT FRM RS 10 TO RS 2 
BE,AARTIDRUGS,Aarti Drugs Ltd.,05/09/2024, , ,05/09/2024, , ,BUY BACK                 
BE,DHARSUGAR,Dharani Sugars & Chem , ,04/09/2024,10/09/2024,03/09/2024, , ,ANNUAL GENERAL MEETING   
BE,JAICORPLTD,Jai Corp Limited,10/09/2024, , ,10/09/2024, , ,BUY BACK                 
BE,VTL,Vardhman Textiles Limited, ,07/09/2024,14/09/2024,06/09/2024, , ,AGM/DIV - RS 4 PER SH    
BE,JAMNAAUTO,Jamna Auto Ind Ltd, ,30/08/2024,05/09/2024,29/08/2024, , ,AGM/DIV - RS 1.30 PER SH 
BE,SILVERTUC,Silver Touch Techno Ltd, ,06/09/2024,12/09/2024,05/09/2024, , ,ANNUAL GENERAL MEETING   
BE,SILVERTUC,Silver Touch Techno Ltd,05/09/2024, , ,05/09/2024, , ,DIV - RE 0.50 PER SH     
BE,HERANBA,Heranba Industries Ltd,05/09/2024, , ,05/09/2024, , ,DIV - RS 1.25 PER SH     
BE,NIITLTD,NIIT Limited,05/09/2024, , ,05/09/2024, , ,DIV - RE 0.75 PER SH     
BE,HERANBA,Heranba Industries Ltd, ,06/09/2024,12/09/2024,05/09/2024, , ,ANNUAL GENERAL MEETING   
BE,NDLVENTURE,NXTDIGITAL LIMITED,06/09/2024, , ,06/09/2024, , ,DIV - RE 1 PER SH        
BE,GMRP&UI,GMR Pow and Urban Infra L, ,06/09/2024,16/09/2024,05/09/2024, , ,ANNUAL GENERAL MEETING   
BE,NIITMTS,NIIT Learning Systems Ltd,05/09/2024, , ,05/09/2024, , ,DIV - RS 2.75 PER SH     
BE,VHLTD,Viceroy Hotels Limited, ,03/09/2024,09/09/2024,02/09/2024, , ,ANNUAL GENERAL MEETING   
BE,DEEPAKFERT,Deepak Fertilisers - Depo, ,04/09/2024,10/09/2024,03/09/2024, , ,AGM/DIV - RS 8.50 PER SH 
BE,KEI,KEI Industries Limited, ,05/09/2024,11/09/2024,04/09/2024, , ,ANNUAL GENERAL MEETING   
BE,PRINCEPIPE,Prince Pipes Fittings Ltd, ,05/09/2024,11/09/2024,04/09/2024, , ,AGM/DIV - RE 1 PER SH    
BE,RGL,Renaissance Global Ltd, ,05/09/2024,12/09/2024,04/09/2024, , ,ANNUAL GENERAL MEETING   
BE,PENINLAND,Peninsula Land Limited, ,05/09/2024,11/09/2024,04/09/2024, , ,ANNUAL GENERAL MEETING   
BE,KAJARIACER,Kajaria Ceramics Ltd, ,31/08/2024,06/09/2024,30/08/2024, , ,AGM/DIV - RS 6 PER SH    
BE,QUICKHEAL,Quick Heal Tech Ltd, ,31/08/2024,06/09/2024,30/08/2024, , ,DIV - RS 3 PER SHARE     
BE,SHREERAMA,Shree Rama Multitech-Depo, ,30/08/2024,05/09/2024,29/08/2024, , ,ANNUAL GENERAL MEETING   
BE,WEWIN,WE WIN LIMITED, ,31/08/2024,06/09/2024,30/08/2024, , ,ANNUAL GENERAL MEETING   
BE,NIRAJISPAT,Niraj Ispat Ind Ltd, ,30/08/2024,08/09/2024,29/08/2024, , ,ANNUAL GENERAL MEETING   
BE,MEDICO,Medico Remedies Limited, ,30/08/2024,05/09/2024,29/08/2024, , ,ANNUAL GENERAL MEETING   
BE,YUKEN,Yuken India Limited, ,29/08/2024,05/09/2024,28/08/2024, , ,AGM/DIV - RS 1.50 PER SH 
BE,AMJLAND,AMJ Land Holdings Limited, ,30/08/2024,06/09/2024,29/08/2024, , ,AGM/DIV - RS 0.20 PER SH 
BE,PDMJEPAPER,Pudumjee Paper Pro. Ltd, ,30/08/2024,06/09/2024,29/08/2024, , ,AGM/DIV - RS 0.60 PER SH 
BE,CLEAN,Clean Science & Tech Ltd, ,30/08/2024,05/09/2024,29/08/2024, , ,AGM/DIV - RS 3 PER SH    
BE,HONDAPOWER,Honda I Power Product Ltd, ,30/08/2024,05/09/2024,29/08/2024, , ,AGM/DIV - RS 17.5 PER SH 
BE,UNITEDTEA,United Nilgiri Tea Ltd, ,31/08/2024,06/09/2024,30/08/2024, , ,AGM/DIV - RS 1.70 PER SH 
BE,TVSSRICHAK,TVS Srichakra Limited, ,31/08/2024,12/09/2024,30/08/2024, , ,AGM/DIV-RS 47.34 PER SH  
BE,ITDC,India Tour. Dev. Co. Ltd., ,02/09/2024,06/09/2024,30/08/2024, , ,ANNUAL GENERAL MEETING   
BE,FCL,Fineotex Chemical Limited, ,04/09/2024,10/09/2024,03/09/2024, , ,ANNUAL GENERAL MEETING   
BE,SMLISUZU,SML Isuzu Limited, ,07/09/2024,13/09/2024,06/09/2024, , ,ANNUAL GENERAL MEETING   
BE,GANDHAR,Gandhar Oil Refine Ind L, ,29/08/2024,05/09/2024,28/08/2024, , ,ANNUAL GENERAL MEETING   
BE,SMLISUZU,SML Isuzu Limited,06/09/2024, , ,06/09/2024, , ,DIV - RS 16 PER SH       
BE,UFLEX,UFLEX Limited, ,31/08/2024,19/09/2024,30/08/2024, , ,AGM/DIV - RE 1 PER SH    
BE,HIKAL,Hikal Limited, ,11/09/2024,17/09/2024,10/09/2024, , ,ANNUAL GENERAL MEETING   
BE,GODFRYPHLP,Godfrey Phillips-Depo, ,24/08/2024,06/09/2024,23/08/2024, , ,AGM/DIV - RS 56 PER SH   
BE,KTKBANK,Karnataka Bank Limited, ,04/09/2024,10/09/2024,03/09/2024, , ,DIV - RS 5.50 PER SH     
BE,VSTIND,VST Industries Ltd.,06/09/2024, , ,06/09/2024, , ,BONUS 10:1               
BE,SOMATEX,Soma Textiles & Ind. Ltd., ,28/08/2024,07/09/2024,27/08/2024, , ,ANNUAL GENERAL MEETING   
BE,POWERMECH,Power Mech Projects Ltd.,08/10/2024, , , , , ,BONUS 1:1                
BE,DYNAMATECH,Dynamatic Tech. Ltd., ,30/08/2024,05/09/2024,29/08/2024, , ,ANNUAL GENERAL MEETING   
BE,SCPL,Sheetal Cool Products Ltd, ,30/08/2024,05/09/2024,29/08/2024, , ,ANNUAL GENERAL MEETING   
BE,SPORTKING,Sportking India Limited,13/09/2024, , ,13/09/2024, , ,FVSPLT FRM RS10 TO RE1   
BE,TERASOFT,Tera Software Limited, ,03/09/2024,09/09/2024,02/09/2024, , ,ANNUAL GENERAL MEETING   
BE,ACLGATI,GATI LIMITED, ,03/09/2024,10/09/2024,02/09/2024, , ,ANNUAL GENERAL MEETING   
BE,TRIVENI,Triveni Engineering & Ind,06/09/2024, , ,06/09/2024, , ,DIV - RE 1.25 PER SH     
BE,METROBRAND,Metro Brands Limited,06/09/2024, , ,06/09/2024, , ,DIV - RS 2.25 PER SH     
BE,JWL,Commercial Eng & Co. Ltd, ,06/09/2024,12/09/2024,05/09/2024, , ,ANNUAL GENERAL MEETING   
BE,JWL,Commercial Eng & Co. Ltd,05/09/2024, , ,05/09/2024, , ,DIV - RE 0.30 PER SH     
BE,KRBL,KRBL Limited,06/09/2024, , ,06/09/2024, , ,DIV - RS 4 PER SH        
BE,SENCO,Senco Gold Limited,06/09/2024, , ,06/09/2024, , ,DIV - RE 1 PER SH        
BE,SENCO,Senco Gold Limited, ,07/09/2024,13/09/2024,06/09/2024, , ,ANNUAL GENERAL MEETING   
BE,RESPONIND,Responsive Industries Ltd,06/09/2024, , ,06/09/2024, , ,DIV - RE 0.10 PER SH     
BE,SCILAL,Shipping Corp of ILA Ltd, ,07/09/2024,20/09/2024,06/09/2024, , ,ANNUAL GENERAL MEETING   
BE,SCILAL,Shipping Corp of ILA Ltd,06/09/2024, , ,06/09/2024, , ,DIV - RE 0.66 PER SH     
BE,GSPL,Gujarat State Petronet Li,06/09/2024, , ,06/09/2024, , ,DIV - RS 5 PER SH        
BE,STERTOOLS,Sterling Tools Ltd.,06/09/2024, , ,06/09/2024, , ,DIV - RS 2 PER SH        
BE,NAHARSPING,Nahar Spinning Mills Ltd., ,07/09/2024,12/09/2024,06/09/2024, , ,DIV - RE 1 PER SH        
BE,ECLERX,eClerx Services Limited, ,07/09/2024,19/09/2024,06/09/2024, , ,DIV - RE 1 PER SH        
BE,UNIENTER,UNIPHOS ENTERPRISES LTD, ,07/09/2024,20/09/2024,06/09/2024, , ,DIV - RS 5.7PER SH       
BE,VARDHACRLC,Vardhman Acrylics Ltd, ,07/09/2024,14/09/2024,06/09/2024, , ,AGM/DIV - RS 2 PER SH    
BE,VHL,Vardhman Holdings Limited, ,07/09/2024,14/09/2024,06/09/2024, , ,AGM/DIV - RS 5 PER SH    
BE,JOCIL,Jocil Limited, ,07/09/2024,14/09/2024,06/09/2024, , ,DIV - RE 1.5 PER SH      
BE,NAHARPOLY,Nahar Poly Films Limited, ,07/09/2024,12/09/2024,06/09/2024, , ,DIV - RE 1 PER SH        
BE,VSSL,Vardhman Spc Steel Ltd, ,07/09/2024,14/09/2024,06/09/2024, , ,AGM/DIV - RS 2 PER SH    
BE,GOACARBON,Goa Carbon Ltd, ,04/09/2024,10/09/2024,03/09/2024, , ,AGM/DIV - RS 10 PER SH   
BE,RELCHEMQ,Reliance Chemotex Ind Ltd, ,05/09/2024,11/09/2024,04/09/2024, , ,AGM/DIV - RE 1 PER SH    
BE,AAATECH,AAA Technologies Limited, ,08/09/2024,14/09/2024,06/09/2024, , ,ANNUAL GENERAL MEETING   
BE,SHYAMMETL,Shyam Metalics and Engy L, ,31/08/2024,06/09/2024,30/08/2024, , ,ANNUAL GENERAL MEETING   
BE,MENONBE,Menon Bearings Limited, ,31/08/2024,06/09/2024,30/08/2024, , ,ANNUAL GENERAL MEETING   
BE,ZENTEC,Zen Technologies Limited,06/09/2024, , ,06/09/2024, , ,DIV - RE 1 PER SH        
BE,SUZLON,Suzlon Energy Limited, ,04/09/2024,10/09/2024,03/09/2024, , ,ANNUAL GENERAL MEETING   
BE,VINATIORGA,Vinati Organics Limited, ,04/09/2024,10/09/2024,03/09/2024, , ,DIV - RS 7 PER SH        
BE,UMESLTD,Usha Martin Edu & Sol Ltd, ,05/09/2024,11/09/2024,04/09/2024, , ,ANNUAL GENERAL MEETING   
BE,NDLVENTURE,NXTDIGITAL LIMITED, ,07/09/2024,13/09/2024,06/09/2024, , ,ANNUAL GENERAL MEETING   
BE,NBCC,Nbcc (India) Ltd,06/09/2024, , ,06/09/2024, , ,DIV - RE 0.63 PER SH     
BE,GEECEE,GeeCee Ventures Limited, ,05/09/2024,12/09/2024,04/09/2024, , ,ANNUAL GENERAL MEETING   
BE,GNFC,GUJARAT NARMADA FERT. CO, ,13/09/2024,20/09/2024,12/09/2024, , ,ANNUAL GENERAL MEETING   
BE,GNFC,GUJARAT NARMADA FERT. CO,06/09/2024, , ,06/09/2024, , ,DIV - RS 16.50 PER SH    
BE,GEEKAYWIRE,Geekay Wires Limited,05/09/2024, , ,05/09/2024, , ,DIV - RE 0.60 PER SH     
BE,GEEKAYWIRE,Geekay Wires Limited, ,06/09/2024,12/09/2024,05/09/2024, , ,ANNUAL GENERAL MEETING   
BZ,SPENTEX,Spentex Industries Ltd, ,05/09/2024,11/09/2024,04/09/2024, , ,ANNUAL GENERAL MEETING   
BZ,CALSOFT,California Soft Ltd., ,02/09/2024,09/09/2024,30/08/2024, , ,ANNUAL GENERAL MEETING   
BZ,DHARSUGAR,Dharani Sugars&Chem, ,04/09/2024,10/09/2024,03/09/2024, , ,ANNUAL GENERAL MEETING   
BZ,BALLARPUR,Ballarpur Industries Limi, ,04/09/2024,10/09/2024,03/09/2024, , ,ANNUAL GENERAL MEETING   
EQ,SHREERAMA,Shree Rama Multi-Tech Ltd, ,30/08/2024,05/09/2024,29/08/2024, , ,ANNUAL GENERAL MEETING   
EQ,WEWIN,WE WIN LIMITED, ,31/08/2024,06/09/2024,30/08/2024, , ,ANNUAL GENERAL MEETING   
EQ,NIRAJISPAT,Niraj Ispat Ind Ltd, ,30/08/2024,08/09/2024,29/08/2024, , ,ANNUAL GENERAL MEETING   
EQ,MEDICO,Medico Remedies Limited, ,30/08/2024,05/09/2024,29/08/2024, , ,ANNUAL GENERAL MEETING   
EQ,UNITEDTEA,United Nilgiri Tea Ltd, ,31/08/2024,06/09/2024,30/08/2024, , ,AGM/DIV - RS 1.70 PER SH 
EQ,GANDHAR,Gandhar Oil Refine Ind L, ,29/08/2024,05/09/2024,28/08/2024, , ,ANNUAL GENERAL MEETING   
EQ,AMJLAND,AMJ Land Holdings Limited, ,30/08/2024,06/09/2024,29/08/2024, , ,AGM/DIV - RS 0.20 PER SH 
EQ,PDMJEPAPER,Pudumjee Paper Pro. Ltd, ,30/08/2024,06/09/2024,29/08/2024, , ,AGM/DIV - RS 0.60 PER SH 
EQ,CLEAN,Clean Science & Tech Ltd, ,30/08/2024,05/09/2024,29/08/2024, , ,AGM/DIV - RS 3 PER SH    
EQ,HONDAPOWER,Honda I Power Product Ltd, ,30/08/2024,05/09/2024,29/08/2024, , ,AGM/DIV - RS 17.5 PER SH 
EQ,TVSSRICHAK,TVS Srichakra Limited, ,31/08/2024,12/09/2024,30/08/2024, , ,AGM/DIV-RS 47.34 PER SH  
EQ,ITDC,India Tour. Dev. Co. Ltd., ,02/09/2024,06/09/2024,30/08/2024, , ,ANNUAL GENERAL MEETING   
EQ,FCL,Fineotex Chemical Limited, ,04/09/2024,10/09/2024,03/09/2024, , ,ANNUAL GENERAL MEETING   
EQ,SMLISUZU,SML Isuzu Limited, ,07/09/2024,13/09/2024,06/09/2024, , ,ANNUAL GENERAL MEETING   
EQ,SMLISUZU,SML Isuzu Limited,06/09/2024, , ,06/09/2024, , ,DIV - RS 16 PER SH       
EQ,TRIVENI,Triveni Engineering & Ind,06/09/2024, , ,06/09/2024, , ,DIV - RE 1.25 PER SH     
EQ,UFLEX,UFLEX Limited, ,31/08/2024,19/09/2024,30/08/2024, , ,AGM/DIV - RE 1 PER SH    
EQ,HIKAL,Hikal Limited, ,11/09/2024,17/09/2024,10/09/2024, , ,ANNUAL GENERAL MEETING   
EQ,PARAGMILK,Parag Milk Foods Ltd., ,05/09/2024,11/09/2024,04/09/2024, , ,ANNUAL GENERAL MEETING   
EQ,GODFRYPHLP,Godfrey Phillips Ltd., ,24/08/2024,06/09/2024,23/08/2024, , ,AGM/DIV - RS 56 PER SH   
EQ,KTKBANK,Karnataka Bank Limited, ,04/09/2024,10/09/2024,03/09/2024, , ,DIV - RS 5.50 PER SH     
EQ,VSTIND,VST Industries Ltd.,06/09/2024, , ,06/09/2024, , ,BONUS 10:1               
EQ,SOMATEX,Soma Textiles & Ind. Ltd., ,28/08/2024,07/09/2024,27/08/2024, , ,ANNUAL GENERAL MEETING   
EQ,POWERMECH,Power Mech Projects Ltd.,08/10/2024, , , , , ,BONUS 1:1                
EQ,DYNAMATECH,Dynamatic Tech. Ltd., ,30/08/2024,05/09/2024,29/08/2024, , ,ANNUAL GENERAL MEETING   
EQ,SCPL,Sheetal Cool Products Ltd, ,30/08/2024,05/09/2024,29/08/2024, , ,ANNUAL GENERAL MEETING   
EQ,SPORTKING,Sportking India Limited,13/09/2024, , ,13/09/2024, , ,FVSPLT FRM RS10 TO RE1   
EQ,YUKEN,Yuken India Limited, ,29/08/2024,05/09/2024,28/08/2024, , ,AGM/DIV - RS 1.50 PER SH 
EQ,TERASOFT,Tera Software Limited, ,03/09/2024,09/09/2024,02/09/2024, , ,ANNUAL GENERAL MEETING   
EQ,ACLGATI,GATI Limited, ,03/09/2024,10/09/2024,02/09/2024, , ,ANNUAL GENERAL MEETING   
EQ,METROBRAND,Metro Brands Limited,06/09/2024, , ,06/09/2024, , ,DIV - RS 2.25 PER SH     
EQ,JWL,Commercial Eng & Co. Ltd, ,06/09/2024,12/09/2024,05/09/2024, , ,ANNUAL GENERAL MEETING   
EQ,JWL,Commercial Eng & Co. Ltd,05/09/2024, , ,05/09/2024, , ,DIV - RE 0.30 PER SH     
EQ,NBCC,Nbcc (India) Ltd,06/09/2024, , ,06/09/2024, , ,DIV - RE 0.63 PER SH     
EQ,KRBL,KRBL Limited,06/09/2024, , ,06/09/2024, , ,DIV - RS 4 PER SH        
EQ,SENCO,Senco Gold Limited,06/09/2024, , ,06/09/2024, , ,DIV - RE 1 PER SH        
EQ,SENCO,Senco Gold Limited, ,07/09/2024,13/09/2024,06/09/2024, , ,ANNUAL GENERAL MEETING   
EQ,RESPONIND,Responsive Industries Ltd,06/09/2024, , ,06/09/2024, , ,DIV - RE 0.10 PER SH     
EQ,SCILAL,Shipping Corp of ILA Ltd, ,07/09/2024,20/09/2024,06/09/2024, , ,ANNUAL GENERAL MEETING   
EQ,SCILAL,Shipping Corp of ILA Ltd,06/09/2024, , ,06/09/2024, , ,DIV - RE 0.66 PER SH     
EQ,GSPL,Gujarat State Petronet Li,06/09/2024, , ,06/09/2024, , ,DIV - RS 5 PER SH        
EQ,STERTOOLS,Sterling Tools Ltd.,06/09/2024, , ,06/09/2024, , ,DIV - RS 2 PER SH        
EQ,STERTOOLS,Sterling Tools Ltd., ,07/09/2024,13/09/2024,06/09/2024, , ,ANNUAL GENERAL MEETING   
EQ,ECLERX,eClerx Services Limited, ,07/09/2024,19/09/2024,06/09/2024, , ,DIV - RE 1 PER SH        
EQ,UNIENTER,Uniphos Enterprises Limit, ,07/09/2024,20/09/2024,06/09/2024, , ,DIV - RS 5.7PER SH       
EQ,VARDHACRLC,Vardhman Acrylics Limited, ,07/09/2024,14/09/2024,06/09/2024, , ,AGM/DIV - RS 2 PER SH    
EQ,VHL,Vardhman Holdings Limited, ,07/09/2024,14/09/2024,06/09/2024, , ,AGM/DIV - RS 5 PER SH    
EQ,JOCIL,Jocil Limited, ,07/09/2024,14/09/2024,06/09/2024, , ,DIV - RE 1.5 PER SH      
EQ,NAHARPOLY,Nahar Poly Films Limited, ,07/09/2024,12/09/2024,06/09/2024, , ,DIV - RE 1 PER SH        
EQ,VSSL,Vardhman Spc Steel Ltd, ,07/09/2024,14/09/2024,06/09/2024, , ,AGM/DIV - RS 2 PER SH    
EQ,VTL,Vardhman Textiles Limited, ,07/09/2024,14/09/2024,06/09/2024, , ,AGM/DIV - RS 4 PER SH    
EQ,GOACARBON,Goa Carbon Ltd, ,04/09/2024,10/09/2024,03/09/2024, , ,AGM/DIV - RS 10 PER SH   
EQ,RELCHEMQ,Reliance Chemotex Ind Ltd, ,05/09/2024,11/09/2024,04/09/2024, , ,AGM/DIV - RE 1 PER SH    
EQ,AAATECH,AAA Technologies Limited, ,08/09/2024,14/09/2024,06/09/2024, , ,ANNUAL GENERAL MEETING   
EQ,AAATECH,AAA Technologies Limited,07/09/2024, , ,06/09/2024, , ,DIV - RE 0.50 PER SH     
EQ,MENONBE,Menon Bearings Limited, ,31/08/2024,06/09/2024,30/08/2024, , ,ANNUAL GENERAL MEETING   
EQ,ZENTEC,Zen Technologies Limited,06/09/2024, , ,06/09/2024, , ,DIV - RE 1 PER SH        
EQ,SUZLON,Suzlon Energy Limited, ,04/09/2024,10/09/2024,03/09/2024, , ,ANNUAL GENERAL MEETING   
EQ,VINATIORGA,Vinati Organics Limited, ,04/09/2024,10/09/2024,03/09/2024, , ,DIV - RS 7 PER SH        
EQ,UMESLTD,Usha Martin Edu & Sol Ltd, ,05/09/2024,11/09/2024,04/09/2024, , ,ANNUAL GENERAL MEETING   
EQ,NDLVENTURE,NXTDIGITAL LIMITED, ,07/09/2024,13/09/2024,06/09/2024, , ,ANNUAL GENERAL MEETING   
EQ,GEECEE,GeeCee Ventures Limited, ,05/09/2024,12/09/2024,04/09/2024, , ,ANNUAL GENERAL MEETING   
EQ,GNFC,Gujarat Narm Fert Co., ,13/09/2024,20/09/2024,12/09/2024, , ,ANNUAL GENERAL MEETING   
EQ,GNFC,Gujarat Narm Fert Co.,06/09/2024, , ,06/09/2024, , ,DIV - RS 16.50 PER SH    
EQ,GEEKAYWIRE,Geekay Wires Limited,05/09/2024, , ,05/09/2024, , ,DIV - RE 0.60 PER SH     
EQ,GEEKAYWIRE,Geekay Wires Limited, ,06/09/2024,12/09/2024,05/09/2024, , ,ANNUAL GENERAL MEETING   
EQ,JAGSNPHARM,Jagsonpal Pharma Ltd.,06/09/2024, , ,06/09/2024, , ,DIV - RS 5 PER SH        
EQ,5PAISA,5paisa Capital Limited, ,04/09/2024,10/09/2024,03/09/2024, , ,ANNUAL GENERAL MEETING   
EQ,BLSE,BLS E-Services Limited, ,04/09/2024,10/09/2024,03/09/2024, , ,ANNUAL GENERAL MEETING   
EQ,HPIL,Hindprakash Industry Ltd,06/09/2024, , ,06/09/2024, , ,DIV - RE 0.50 PER SH     
EQ,QUESS,Quess Corp Limited, ,10/09/2024,16/09/2024,09/09/2024, , ,ANNUAL GENERAL MEETING   
EQ,QUESS,Quess Corp Limited,06/09/2024, , ,06/09/2024, , ,DIV - RS 6 PER SH        
EQ,VBL,Varun Beverages Limited,12/09/2024, , ,12/09/2024, , ,FV SPLT FRM RS 5 TO RS 2 
EQ,KOTHARIPRO,Kothari Products Ltd., ,07/09/2024,14/09/2024,06/09/2024, , ,ANNUAL GENERAL MEETING   
EQ,RSWM,RSWM Limited, ,07/09/2024,13/09/2024,06/09/2024, , ,ANNUAL GENERAL MEETING   
EQ,MANORG,Mangalam Organics Limited, ,07/09/2024,14/09/2024,06/09/2024, , ,ANNUAL GENERAL MEETING   
EQ,ASHOKAMET,Ashoka Metcast Limited, ,07/09/2024,12/09/2024,06/09/2024, , ,ANNUAL GENERAL MEETING   
EQ,AHLEAST,Asian Hotels (East) Ltd, ,07/09/2024,13/09/2024,06/09/2024, , ,AGM/DIV - RS 2.50 PER SH 
EQ,JAIBALAJI,Jai Balaji Industries Ltd, ,07/09/2024,13/09/2024,06/09/2024, , ,ANNUAL GENERAL MEETING   
EQ,CANTABIL,Cantabil Retail Ltd, ,08/09/2024,14/09/2024,06/09/2024, , ,ANNUAL GENERAL MEETING   
EQ,NIACL,The New India Assu Co Ltd,06/09/2024, , ,06/09/2024, , ,DIV - RS 2.06 PER SH     
EQ,SHILPAMED,Shilpa Medicare Ltd, ,09/09/2024,17/09/2024,06/09/2024, , ,ANNUAL GENERAL MEETING   
EQ,GATEWAY,Gateway Distriparks Ltd, ,08/09/2024,19/09/2024,06/09/2024, , ,ANNUAL GENERAL MEETING   
EQ,BALLARPUR,Ballarpur Industries Limi, ,04/09/2024,10/09/2024,03/09/2024, , ,ANNUAL GENERAL MEETING   
EQ,TBZ,Trib Bhimji Zaveri Ltd, ,04/09/2024,10/09/2024,03/09/2024, , ,AGM/DIV - RS 1.75 PER SH 
EQ,IONEXCHANG,Ion Exchange (India) Ltd, ,04/09/2024,11/09/2024,03/09/2024, , ,AGM/DIV - RS 1.50 PER SH 
EQ,GANECOS,Ganesha Ecosphere Limited, ,04/09/2024,10/09/2024,03/09/2024, , ,AGM/DIV - RS 3 PER SH    
EQ,MASFIN,MAS Financial Serv Ltd, ,05/09/2024,11/09/2024,04/09/2024, , ,AGM/DIV - RE 0.51 PER SH 
EQ,SURYODAY,Suryoday Small Fin Bk Ltd, ,06/09/2024,12/09/2024,05/09/2024, , ,ANNUAL GENERAL MEETING   
EQ,TREEHOUSE,Tree House Edu Ltd, ,06/09/2024,12/09/2024,05/09/2024, , ,ANNUAL GENERAL MEETING   
EQ,BLS,BLS Intl Servs Ltd, ,06/09/2024,12/09/2024,05/09/2024, , ,AGM/DIV - RE 0.50 PER SH 
EQ,DHAMPURSUG,Dhampur Sugar Mills Ltd, ,06/09/2024,12/09/2024,05/09/2024, , ,ANNUAL GENERAL MEETING   
EQ,JAYBARMARU,Jay Bharat Maruti Ltd, ,06/09/2024,12/09/2024,05/09/2024, , ,AGM/DIV - RE 0.70 PER SH 
EQ,HEADSUP,The Mandhana Ret Vent Ltd, ,06/09/2024,12/09/2024,05/09/2024, , ,ANNUAL GENERAL MEETING   
EQ,RHIM,RHI MAGNESITA INDIA LTD, ,06/09/2024,13/09/2024,05/09/2024, , ,DIV - RS 2.50 PER SH     
EQ,GMRINFRA,GMR Infrastructure Limite, ,06/09/2024,16/09/2024,05/09/2024, , ,ANNUAL GENERAL MEETING   
EQ,IRCON,Ircon International Ltd, ,06/09/2024,12/09/2024,05/09/2024, , ,AGM/DIV - RS 1.30 PER SH 
EQ,GULFOILLUB,Gulf Oil Lub. Ind. Ltd.,05/09/2024, , ,05/09/2024, , ,DIV - RS 20 PER SH       
EQ,ORIENTALTL,Oriental Trimex Limited,05/09/2024, , ,05/09/2024, , ,RIGHTS 3:2 @ PRM RE 1/-  
EQ,MEGASTAR,Megastar Foods Limited, ,06/09/2024,12/09/2024,05/09/2024, , ,ANNUAL GENERAL MEETING   
EQ,MARSHALL,Marshall Machines Ltd, ,31/08/2024,06/09/2024,30/08/2024, , ,ANNUAL GENERAL MEETING   
EQ,EPACK,EPACK Durable Limited, ,31/08/2024,06/09/2024,30/08/2024, , ,ANNUAL GENERAL MEETING   
EQ,NDL,Nandan Denim Limited, ,31/08/2024,06/09/2024,30/08/2024, , ,ANNUAL GENERAL MEETING   
EQ,SHYAMMETL,Shyam Metalics and Engy L, ,31/08/2024,06/09/2024,30/08/2024, , ,ANNUAL GENERAL MEETING   
EQ,SAPPHIRE,Sapphire Foods India Ltd,05/09/2024, , ,05/09/2024, , ,FVSPLT FRM RS 10 TO RS 2 
EQ,ANDHRAPAP,ANDHRA PAPER LIMITED,11/09/2024, , ,11/09/2024, , ,FVSPLT FRM RS 10 TO RS 2 
EQ,AARTIDRUGS,Aarti Drugs Ltd.,05/09/2024, , ,05/09/2024, , ,BUY BACK                 
EQ,DHARSUGAR,Dharani Sugars & Chem , ,04/09/2024,10/09/2024,03/09/2024, , ,ANNUAL GENERAL MEETING   
EQ,JAICORPLTD,Jai Corp Limited,10/09/2024, , ,10/09/2024, , ,BUY BACK                 
EQ,JAMNAAUTO,Jamna Auto Ind Ltd, ,30/08/2024,05/09/2024,29/08/2024, , ,AGM/DIV - RS 1.30 PER SH 
EQ,SILVERTUC,Silver Touch Techno Ltd, ,06/09/2024,12/09/2024,05/09/2024, , ,ANNUAL GENERAL MEETING   
EQ,SILVERTUC,Silver Touch Techno Ltd,05/09/2024, , ,05/09/2024, , ,DIV - RE 0.50 PER SH     
EQ,HERANBA,Heranba Industries Ltd,05/09/2024, , ,05/09/2024, , ,DIV - RS 1.25 PER SH     
EQ,NIITLTD,NIIT Limited,05/09/2024, , ,05/09/2024, , ,DIV - RE 0.75 PER SH     
EQ,HERANBA,Heranba Industries Ltd, ,06/09/2024,12/09/2024,05/09/2024, , ,ANNUAL GENERAL MEETING   
EQ,NDLVENTURE,NXTDIGITAL LIMITED,06/09/2024, , ,06/09/2024, , ,DIV - RE 1 PER SH        
EQ,GMRP&UI,GMR Pow and Urban Infra L, ,06/09/2024,16/09/2024,05/09/2024, , ,ANNUAL GENERAL MEETING   
EQ,NIITMTS,NIIT Learning Systems Ltd,05/09/2024, , ,05/09/2024, , ,DIV - RS 2.75 PER SH     
EQ,VHLTD,Viceroy Hotels Limited, ,03/09/2024,09/09/2024,02/09/2024, , ,ANNUAL GENERAL MEETING   
EQ,DEEPAKFERT,Deepak Fertilisers Ltd, ,04/09/2024,10/09/2024,03/09/2024, , ,AGM/DIV - RS 8.50 PER SH 
EQ,KEI,KEI Industries Limited, ,05/09/2024,11/09/2024,04/09/2024, , ,ANNUAL GENERAL MEETING   
EQ,PRINCEPIPE,Prince Pipes Fittings Ltd, ,05/09/2024,11/09/2024,04/09/2024, , ,AGM/DIV - RE 1 PER SH    
EQ,RGL,Renaissance Global Ltd, ,05/09/2024,12/09/2024,04/09/2024, , ,ANNUAL GENERAL MEETING   
EQ,PENINLAND,Peninsula Land Limited, ,05/09/2024,11/09/2024,04/09/2024, , ,ANNUAL GENERAL MEETING   
EQ,SPENTEX,Spentex Industries Ltd, ,05/09/2024,11/09/2024,04/09/2024, , ,ANNUAL GENERAL MEETING   
EQ,KAJARIACER,Kajaria Ceramics Ltd, ,31/08/2024,06/09/2024,30/08/2024, , ,AGM/DIV - RS 6 PER SH    
EQ,QUICKHEAL,Quick Heal Tech Ltd, ,31/08/2024,06/09/2024,30/08/2024, , ,DIV - RS 3 PER SHARE     
EQ,CALSOFT,California Soft Ltd., ,02/09/2024,09/09/2024,30/08/2024, , ,ANNUAL GENERAL MEETING   
EQ,KOPRAN,Kopran Ltd., ,03/09/2024,05/09/2024,02/09/2024, , ,AGM/DIV - RS 3 PER SH    
EQ,JBMA,JBM Auto Limited, ,06/09/2024,12/09/2024,05/09/2024, , ,AGM/DIV - RS 1.50 PER SH 
EQ,RITES,RITES Limited, ,06/09/2024,12/09/2024,05/09/2024, , ,ANNUAL GENERAL MEETING   
EQ,RITES,RITES Limited,20/09/2024, , ,20/09/2024, , ,BONUS 1:1                
EQ,TRITURBINE,Triveni Turbine Limited,06/09/2024, , ,06/09/2024, , ,DIV - RS 1.30 PER SH     
EQ,PATINTLOG,Patel Integrated Logistic,06/09/2024, , ,06/09/2024, , ,RIGHTS 8:103 @PRM RS 8/- 
EQ,RPPL,Rajshree PolyPack Ltd,18/09/2024, , ,18/09/2024, , ,FVSPLT FRM RS 10 TO RS 5 
EQ,TATVA,Tatva Chin Pharm Chem Ltd,06/09/2024, , ,06/09/2024, , ,DIV - RS 2 PER SH        
EQ,TATVA,Tatva Chin Pharm Chem Ltd, ,07/09/2024,20/09/2024,06/09/2024, , ,ANNUAL GENERAL MEETING   
EQ,RESPONIND,Responsive Industries Ltd, ,07/09/2024,13/09/2024,06/09/2024, , ,ANNUAL GENERAL MEETING   
EQ,GNA,GNA Axles Limited,06/09/2024, , ,06/09/2024, , ,DIV - RS 2 PER SH        
EQ,SCI,Shipping Corp of India , ,07/09/2024,18/09/2024,06/09/2024, , ,ANNUAL GENERAL MEETING   
EQ,SCI,Shipping Corp of India ,06/09/2024, , ,06/09/2024, , ,DIV - RE 0.50 PER SH     
EQ,ZODIAC,Zodiac Energy Limited, ,07/09/2024,13/09/2024,06/09/2024, , ,ANNUAL GENERAL MEETING   
EQ,TRITURBINE,Triveni Turbine Limited, ,07/09/2024,13/09/2024,06/09/2024, , ,ANNUAL GENERAL MEETING   
EQ,NAHARCAP,Nahar Capital and Financi, ,07/09/2024,12/09/2024,06/09/2024, , ,DIV - RS 1.50 PER SH     
EQ,AGARIND,Agarwal Inds Corp Ltd., ,07/09/2024,13/09/2024,06/09/2024, , ,DIV - RS 3 PER SH        
EQ,PPAP,PPAP Automotive Limited, ,07/09/2024,12/09/2024,06/09/2024, , ,AGM/DIV-RS 1.25 PER SH   
EQ,NAHARSPING,Nahar Spinning Mills Ltd., ,07/09/2024,12/09/2024,06/09/2024, , ,DIV - RE 1 PER SH        
GB,SGBSEP24,2.75% GOLDBONDS2024Tr-V,26/09/2024, , , , , ,REDEMPTION               
GS,GS090924C,GOI STRIPS C 090924,05/09/2024, , , , , ,REDEMPTION               
GS,GS150924C,GOI STRIPS C 150924,11/09/2024, , , , , ,REDEMPTION               
GS,GS200924C,GOI STRIPS C 200924,18/09/2024, , , , , ,REDEMPTION               
MF,UTFIAIPRGI,UTI-FIIF - AIP- I- RG,05/09/2024, , , , , ,STP                      
MF,UTFIAIPRPI,UTI-FIIF - AIP- I- RDP,05/09/2024, , , , , ,DIV/STP                  
MF,UTFIAIPRRI,UTI-FIIF  -AIP- I- RDR,05/09/2024, , , , , ,DIV/STP                  
MF,UTFIAIPIGI,UTI-FIIF - AIP- I- IG,05/09/2024, , , , , ,STP                      
MF,UTFDAIPIGI,UTIAMC - UTFDAIPIGI,05/09/2024, , , , , ,STP                      
MF,UTFDAIPIPI,UTIAMC - UTFDAIPIPI,05/09/2024, , , , , ,DIV/STP                  
MF,UFDQIPIRVI,UTIAMC - UFDQIPIRVI,09/09/2024, , , , , ,DIV/STP                  
MF,UFDQIPIGVI,UTIAMC - UFDQIPIGVI,09/09/2024, , , , , ,STP                      
MF,UFDQIPIPVI,UTIAMC - UFDQIPIPVI,09/09/2024, , , , , ,DIV/STP                  
MF,UFIQIPRPVI,UTI-FIIF II-QIP- VI-RDP,09/09/2024, , , , , ,DIV/STP                  
MF,UFIQIPRRVI,UTI-FIIF II-QIP- VI-RDR,09/09/2024, , , , , ,DIV/STP                  
MF,UFIQIPRGVI,UTI-FIIF II-QIP- VI-RG,09/09/2024, , , , , ,STP                      
SG,568MH24,SDL MH 5.68% 2024,20/09/2024, , , , , ,REDEMPTION               
SG,575AP24,SDL AP 5.75% 2024,26/09/2024, , , , , ,REDEMPTION               
SG,57BR24,SDL BR 5.7% 2024,11/09/2024, , , , , ,REDEMPTION               
SG,579KL24,SDL KL 5.79% 2024,26/09/2024, , , , , ,REDEMPTION               
SG,56MH24,SDL MH 5.6% 2024,05/09/2024, , , , , ,REDEMPTION               
SG,57MH24,SDL MH 5.7% 2024,11/09/2024, , , , , ,REDEMPTION               
SM,PENTAGON,Pentagon Rubber Limited, ,07/09/2024,13/09/2024,06/09/2024, , ,ANNUAL GENERAL MEETING   
SM,KODYTECH,Kody Technolab Limited, ,29/08/2024,05/09/2024,28/08/2024, , ,ANNUAL GENERAL MEETING   
SM,KTL,Kalahridhaan Trendz Ltd,06/09/2024, , ,06/09/2024, , ,INTDIV - RE 0.50 PER SH  
SM,KRISHIVAL,Empyrean Cashews Limited, ,07/09/2024,09/09/2024,06/09/2024, , ,ANNUAL GENERAL MEETING   
SM,KRISHIVAL,Empyrean Cashews Limited,06/09/2024, , ,06/09/2024, , ,DIV - RE 0.20 PER SH     
SM,VMARCIND,V Marc India Limited, ,05/09/2024,12/09/2024,04/09/2024, , ,ANNUAL GENERAL MEETING   
SM,PARIN,Parin Furniture Limited, ,03/09/2024,09/09/2024,02/09/2024, , ,ANNUAL GENERAL MEETING   
SM,PRITIKA,Pritika Eng Compo Ltd, ,03/09/2024,06/09/2024,02/09/2024, , ,ANNUAL GENERAL MEETING   
SM,DUCOL,Ducol Orgs and Colours Lt, ,06/09/2024,13/09/2024,05/09/2024, , ,AGM/DIV - RE 0.50 PER SH 
SQ,KRISHIVAL,Empyrean Cashews Limited,06/09/2024, , ,06/09/2024, , ,DIV - RE 0.20 PER SH     
SQ,KRISHIVAL,Empyrean Cashews Limited, ,07/09/2024,09/09/2024,06/09/2024, , ,ANNUAL GENERAL MEETING   
SQ,PENTAGON,Pentagon Rubber Limited, ,07/09/2024,13/09/2024,06/09/2024, , ,ANNUAL GENERAL MEETING   
SQ,PARIN,Parin Furniture Limited, ,03/09/2024,09/09/2024,02/09/2024, , ,ANNUAL GENERAL MEETING   
SQ,PRITIKA,Pritika Eng Compo Ltd, ,03/09/2024,06/09/2024,02/09/2024, , ,ANNUAL GENERAL MEETING   
SQ,KODYTECH,Kody Technolab Limited, ,29/08/2024,05/09/2024,28/08/2024, , ,ANNUAL GENERAL MEETING   
SQ,KTL,Kalahridhaan Trendz Ltd,06/09/2024, , ,06/09/2024, , ,INTDIV - RE 0.50 PER SH  
SQ,DUCOL,Ducol Orgs and Colours Lt, ,06/09/2024,13/09/2024,05/09/2024, , ,AGM/DIV - RE 0.50 PER SH 
SQ,VMARCIND,V Marc India Limited, ,05/09/2024,12/09/2024,04/09/2024, , ,ANNUAL GENERAL MEETING   
ST,PARIN,Parin Furniture Limited, ,03/09/2024,09/09/2024,02/09/2024, , ,ANNUAL GENERAL MEETING   
ST,VMARCIND,V Marc India Limited, ,05/09/2024,12/09/2024,04/09/2024, , ,ANNUAL GENERAL MEETING   
ST,KODYTECH,Kody Technolab Limited, ,29/08/2024,05/09/2024,28/08/2024, , ,ANNUAL GENERAL MEETING   
ST,PRITIKA,Pritika Eng Compo Ltd, ,03/09/2024,06/09/2024,02/09/2024, , ,ANNUAL GENERAL MEETING   
ST,KRISHIVAL,Empyrean Cashews Limited,06/09/2024, , ,06/09/2024, , ,DIV - RE 0.20 PER SH     
ST,PENTAGON,Pentagon Rubber Limited, ,07/09/2024,13/09/2024,06/09/2024, , ,ANNUAL GENERAL MEETING   
ST,KTL,Kalahridhaan Trendz Ltd,06/09/2024, , ,06/09/2024, , ,INTDIV - RE 0.50 PER SH  
ST,KRISHIVAL,Empyrean Cashews Limited, ,07/09/2024,09/09/2024,06/09/2024, , ,ANNUAL GENERAL MEETING   
ST,DUCOL,Ducol Orgs and Colours Lt, ,06/09/2024,13/09/2024,05/09/2024, , ,AGM/DIV - RE 0.50 PER SH 

