SYMBOL,SERIES,SECURITY,HIGH/LOW,INDEX FLAG
63MOONS,EQ,63 MOONS TECHNOLOGIES LTD,H
74GS2062,GS,GOI LOAN  7.4% 2062,H
AAATECH,EQ,AAA TECHNOLOGIES LIMITED,H
ACSAL,SM,ARVIND AND COMPANY,H
AERON,ST,AERON COMPOSITE LIMITED,H
AIMTRON,ST,AIMTRON ELECTRONICS LTD,H
AIRAN,BE,AIRAN LIMITED,H
AKANKSHA,ST,AKANKSHA POWER N INFRA L,H
ALKALI,EQ,ALKALI METALS LTD,H
ANIKINDS,BE,ANIK INDUSTRIES LTD,H
ATMASTCO,ST,ATMASTCO LIMITED,H
AYMSYNTEX,BE,AYM SYNTEX LIMITED,H
BAIDFIN,BE,BAID FINSERV LIMITED,H
BASILIC,ST,BASILIC FLY STUDIO LTD,H
BIL,EQ,BHARTIYA INTERNATIONAL,H
BLUECHIP,BE,BLUE CHIP INDIA LIMITED,H
BMETRICS,SM,BOMBAY METRICS S C LTD,H
BRACEPORT,ST,BRACE PORT LOGISTICS LTD,H
CALSOFT,EQ,CALIFORNIA SOFTWARE CO LT,H
CCCL,BE,CONS. CONST. CONSORT LTD,H
CELLECOR,SM,CELLECOR GADGETS LIMITED,H
CHEMFAB,EQ,CHEMFAB ALKALIS LIMITED,H
CMMIPL,ST,CMM INFRAPROJECTS LIMITED,H
CONTI,ST,CONTINENTAL SEED CHEM LTD,H
CUBEXTUB,BE,CUBEXTUBINGS-ROLLSETT,H
DEEPENR,BE,DEEP ENE RESOURCES LTD,H
DESTINY,ST,DESTINY LOGISTICS & I LTD,H
DGCONTENT,BE,DIGICONTENT LIMITED,H
DUCOL,ST,DUCOL ORGS AND COLOURS LT,H
DUCON,BE,DUCON INFRATECHNOLOGIES L,H
E2E,BE,E2E NETWORKS LIMITED,H
EFFWA,SM,EFFWA INFRA & RESEARCH L,H
ENSER,SM,ENSER COMMUNICATIONS LTD,H
EQUIPPP,BE,EQUIPPP SOC IMP TECH LTD,H
ESFL,SM,ESSEN SPECIALITY FILMS L,H
EUROTEXIND,EQ,EUROTEX INDUSTRIES LTD,H
FEL,BZ,FUTURE ENTERPRISES LTD,H
FMNL,BE,FUTURE MKT NETWORKS LTD,H
FORCAS,ST,FORCAS STUDIO LIMITED,H
FSC,BZ,FUTURE SUPP CHAIN SOL LTD,H
GANGAFORGE,EQ,GANGA FORGING LIMITED,H
GMRP&UI,EQ,GMR POW AND URBAN INFRA L,H
GOENKA,BZ,GOENKA DIAMOND&JEWELS LTD,H
GSMFOILS,ST,GSM FOILS LIMITED,H
GVKPIL,BE,GVK POW. & INFRA LTD.,H
HECPROJECT,BE,HEC INFRA PROJECTS LTD,H
HRHNEXT,SM,HRH NEXT SERVICES LIMITED,H
INDOTECH,BE,INDO TECH TRANSFORM LTD.,H
INDOTHAI,EQ,INDO THAI SEC LTD,H
IRIS,BE,IRIS BUSINESS SERV LTD,H
IZMO,BE,IZMO LIMITED,H
JAIBALAJI,BE,JAI BALAJI INDUSTRIES LTD,H
JALAN,ST,JALAN TRANSOLU. INDIA LTD,H
JAYBEE,ST,JAY BEE LAMINATIONS LTD,H
JHS,BE,JHS SVEND. LAB. LTD,H
JUBLINDS,EQ,JUBILANT INDUSTRIES LTD,H
K2INFRA,ST,K2 INFRAGEN LIMITED,H
KCPSUGIND,BE,KCPSUGARINDUS,H
KERNEX,EQ,KERNEX MICROSYS(I) LTD,H
KHAITANLTD,BE,KHAITAN (INDIA)LTD.,H
KNAGRI,ST,KN AGRI RESOURCES LIMITED,H
KRISHCA,ST,KRISHCA STRAPPING SLTN L,H
LOKESHMACH,EQ,LOKESH MACHINES LTD,H
LRRPL,ST,LEAD REC AND RUB PROD LTD,H
MADHUCON,BE,MADHUCON PROJECTS LTD.,H
MANORG,BE,MANGALAM ORGANICS LIMITED,H
MAXIND,EQ,MAX INDIA LIMITED,H
MODIRUBBER,EQ,MODI RUBBER LTD,H
MODTHREAD,BE,MODERN THREADS INDIA LTD,H
MOHITIND,BE,MOHIT INDUSTRIES LTD,H
MOS,SM,MOS UTILITY LIMITED,H
MSPL,EQ,MSP STEEL & POWER LTD.,H
NDLVENTURE,EQ,NDL VENTURES LIMITED,H
NIRMAN,ST,NIRMAN AGRI GENTICS LTD,H
NORBTEAEXP,EQ,NORBEN TEA & EXPORTS LTD,H
NRL,EQ,NUPUR RECYCLERS LIMITED,H
OLIL,ST,ONECLICK LOGISTICS IND L,H
OMFURN,SM,OMFURN INDIA LIMITED,H
ORIENTALTL,BE,ORIENTAL TRIMEX LTD,H
PARAMATRIX,ST,PARAMATRIX TECHNOLOGIES L,H
PCJEWELLER,EQ,PC JEWELLER LTD,H
PERFECT,ST,PERFECT INFRAENGINEER LTD,H
PRAENG,BE,PRAJAY ENG. SYN. LTD.,H
PRAMARA,SM,PRAMARA PROMOTIONS LTD,H
PREMIER,BE,PREMIER LIMITED,H
PREMIERENE,EQ,PREMIER ENERGIES LIMITED,H
PRITIKA,SM,PRITIKA ENG COMPO LTD,H
PRITIKAUTO,EQ,PRITIKA AUTO INDUS LTD,H
PROLIFE,SM,PROLIFE INDUSTRIES LTD,H
PULZ,SM,PULZ ELECTRONICS LIMITED,H
RAJRILTD,BE,RAJ RAYON INDUSTRIES LTD,H
RAMASTEEL,EQ,RAMA STEEL TUBES LIMITED,H
RATNAVEER,BE,RATNAVEER PRECISION ENG L,H
REGENCERAM,BE,REGENCYCERAMICS-LTD,H
RELTD,EQ,RAVINDRA ENERGY LIMITED,H
RHFL,EQ,RELIANCE HOME FINANCE LTD,H
RKEC,BE,RKEC PROJECTS LIMITED,H
RUCHINFRA,BE,RUCHI INFRASTRUCTURE LTD,H
SABAR,SM,SABAR FLEX INDIA LIMITED,H
SADBHAV,EQ,SADBHAV ENGINEERING LTD,H
SADBHIN,BE,SADBHAV INFRA PROJ LTD.,H
SALASAR,EQ,SALASAR TECHNO ENGG. LTD.,H
SANWARIA,BZ,SANWARIA CONSUMER LIMITED,H
SARLAPOLY,BE,SARLA PERF. FIBERS LTD,H
SARTELE,SM,SAR TELEVENTURE LIMITED,H
SATECH,SM,S A TECH SOFTWARE INDIA L,H
SETUINFRA,BZ,SETUBANDHAN INFRA LTD,H
SHRADHA,BE,SHRADHA INFRAPROJECTS LTD,H
SICALLOG,BE,SICAL LOGISTICS LIMITED,H
SIMPLEXINF,EQ,SIMPLEX INFRASTRUCTURES L,H
SJLOGISTIC,SM,S J LOGISTICS (INDIA) LTD,H
SMSLIFE,BE,SMS LIFESCIENCES (I) LTD,H
SOLARAPP,X1,SOLAR ACT RS.3.50 PPD UP,H
SOMICONVEY,BE,SOMI CONVEYOR BELT. LTD.,H
SPMLINFRA,BE,SPML INFRA LIMITED,H
SSEGL,SM,SATHLOKHAR SYN E&C GLOB L,H
STEL,BE,STEL HOLDINGS LIMITED,H
SUPREMEINF,BZ,SUPREME INFRA. LTD,H
SUPREMEPWR,ST,SUPREME POWER EQUIPMENT L,H
SURANASOL,EQ,SURANA SOLAR LIMITED,H
SURANAT&P,BE,SURANA TELECOM AND POW LT,H
SVPGLOB,EQ,SVP GLOBAL TEXTILES LTD,H
SWSOLAR,EQ,STRLNG & WIL REN ENE LTD,H
TAC,SM,TAC INFOSEC LIMITED,H
TECHLABS,ST,TRIDENT TECHLABS LIMITED,H
TGL,ST,TEERTH GOPICON LIMITED,H
THOMASCOOK,EQ,THOMAS COOK (INDIA) LTD,H
TIMESCAN,SM,TIMESCAN LOGISTICS IND L,H
TREJHARA,EQ,TREJHARA SOLUTIONS LTD,H
TRUST,ST,TRUST FINTECH LIMITED,H
UMAEXPORTS,BE,UMA EXPORTS LIMITED,H
UNITECH,BZ,UNITECH LIMITED,H
USK,BE,UDAYSHIVAKUMAR INFRA LTD,H
UTSSAV,SM,UTSSAV CZ GOLD JEWELS LTD,H
VASA,ST,VASA RETAIL & OVERSEA LTD,H
VCL,BE,VAXTEX COTFAB LIMITED,H
VDEAL,ST,VDEAL SYSTEM LIMITED,H
VERTOZ,EQ,VERTOZ LIMITED,H
VISASTEEL,BE,VISA STEEL LIMITED,H
VISHNUINFR,SM,VISHNUSURYA PROJ N INFR L,H
WEBELSOLAR,BE,WEBSOL ENERGY SYSTEM LTD,H
WEIZMANIND,BE,WEIZMANN LTD,H
WINSOME,BE,WINSOME YARNS LIMITED,H
AGARWALFT,ST,AGARWAL FLOAT GLASS I LTD,L
AJOONI,BE,AJOONI BIOTECH LIMITED,L
ANTGRAPHIC,BE,ANTARCTICA LTD,L
BLUECHIP,BE,BLUE CHIP INDIA LIMITED,L
CINEVISTA,BE,CINEVISTA LIMITED,L
CYBERTECH,BE,CYBERTECH SYSTEMS & SOFTW,L
DEEPENR,BE,DEEP ENE RESOURCES LTD,L
DGCONTENT,BE,DIGICONTENT LIMITED,L
EMAMIREAL,BE,EMAMI REALTY LIMITED,L
ESFL,SM,ESSEN SPECIALITY FILMS L,L
GATECH,EQ,GACM TECHNOLOGIES LIMITED,L
GATECHDVR,BE,GACM TECHNOLOGIES LIMITED,L
GEEKAYWIRE,BE,GEEKAY WIRES LIMITED,L
GLOBALE,BE,GLOBALE TESSILE LIMITED,L
HEXATRADEX,BE,HEXA TRADEX LIMITED,L
HOVS,BE,HOV SERVICES LTD,L
HYBRIDFIN,BE,HYBRID FINANCIAL SERVICE,L
IDEALTECHO,ST,IDEAL TECHNOPLAST IND LTD,L
IPHL,ST,INDIAN PHOSPHATE LIMITED,L
ISHAN,ST,ISHAN INTERNATIONAL LTD,L
JALAN,ST,JALAN TRANSOLU. INDIA LTD,L
LYPSAGEMS,BE,LYPSA GEMS & JEWEL LTD,L
MAHAPEXLTD,BE,MAHA RASHTRA APEX COPR. L,L
MAITREYA,ST,MAITREYA MEDICARE LIMITED,L
MASTER,ST,MASTER COMPONENTS LIMITED,L
MFML,BE,MAHALAXMI FABRIC MILLS LT,L
MOXSH,ST,MOXSH OVERSEAS EDUCON LTD,L
NEXTMEDIA,BE,NEXT MEDIAWORKS LIMITED,L
OMKARCHEM,BZ,OMKAR SPL CHEM LTD,L
PLASTIBLEN,BE,PLASTIBLENDS INDIA LTD,L
QVCEL,ST,QVC EXPORTS LIMITED,L
RAYMONDLSL,BE,RAYMOND LIFESTYLE LIMITED,L
SANCO,BZ,SANCO INDUSTRIES LIMITED,L
SANWARIA,BZ,SANWARIA CONSUMER LIMITED,L
SEMAC,BE,SEMAC CONSULTANTS LIMITED,L
SIKKO,BE,SIKKO INDUSTRIES LIMITED,L
SITINET,BE,SITI NETWORKS LIMITED,L
SLONE,ST,SLONE INFOSYSTEMS LIMITED,L
SPRL,ST,SP REFRACTORIES LIMITED,L
SSEGL,SM,SATHLOKHAR SYN E&C GLOB L,L
SVLL,BE,SHREE VASU LOGISTICS LTD,L
TBI,ST,TBI CORN LIMITED,L
TOKYOPLAST,BE,TOKYO PLAST  INTL LTD.,L
TOUCHWOOD,BE,TOUCHWOOD ENTERTAIN LTD.,L
TRANSWIND,ST,TRANSWIND INFRA LIMITED,L
VMARCIND,SM,V MARC INDIA LIMITED,L
WINSOME,BE,WINSOME YARNS LIMITED,L
