GAIN_LOSS,SECURITY,CLOSE_PRIC,PREV_CL_PR,PERCENT_CG
 ,Nifty 50 Sec., , , 
 , , , , 
G,TITAN COMPANY LIMITED,      3722.85,      3607.70,3.19
G,LTIMINDTREE LIMITED,      6149.30,      6071.20,1.29
G,WIPRO LTD,       524.85,       519.15,1.1
G,BHARAT PETROLEUM CORP  LT,       360.70,       357.25,.97
G,ITC LTD,       511.20,       506.35,.96
G,HERO MOTOCORP LIMITED,      5734.20,      5683.75,.89
G,INFOSYS LIMITED,      1933.15,      1922.45,.56
G,DIVI S LABORATORIES LTD,      5120.90,      5096.60,.48
G,HINDALCO  INDUSTRIES  LTD,       669.95,       666.80,.47
G,TATA STEEL LIMITED,       151.72,       151.18,.36
G,HCL TECHNOLOGIES LTD,      1790.55,      1785.25,.3
G,STATE BANK OF INDIA,       818.75,       816.50,.28
G,AXIS BANK LIMITED,      1180.55,      1177.70,.24
G,HDFC BANK LTD,      1645.45,      1641.80,.22
G,ASIAN PAINTS LIMITED,      3238.25,      3231.65,.2
G,ADANI ENTERPRISES LIMITED,      3015.35,      3012.35,.1
G,APOLLO HOSPITALS ENTER. L,      6934.30,      6930.90,.05
G,SHRIRAM FINANCE LIMITED,      3245.50,      3243.95,.05
 , , , , 
L,CIPLA LTD,      1627.75,      1651.90,-1.46
L,RELIANCE INDUSTRIES LTD,      2985.95,      3029.10,-1.42
L,DR. REDDY S LABORATORIES,      6695.75,      6787.20,-1.35
L,COAL INDIA LTD,       497.00,       503.65,-1.32
L,BRITANNIA INDUSTRIES LTD,      5850.00,      5926.55,-1.29
L,NESTLE INDIA LIMITED,      2504.90,      2534.75,-1.18
L,TATA MOTORS LIMITED,      1069.15,      1080.45,-1.05
L,BAJAJ AUTO LIMITED,     10855.75,     10963.70,-0.98
L,MAHINDRA & MAHINDRA LTD,      2723.10,      2749.60,-0.96
L,OIL AND NATURAL GAS CORP.,       311.40,       314.40,-0.95
L,BHARTI AIRTEL LIMITED,      1547.20,      1561.90,-0.94
L,HDFC LIFE INS CO LTD,       751.85,       758.80,-0.92
L,JSW STEEL LIMITED,       925.45,       933.05,-0.81
L,INDUSIND BANK LIMITED,      1422.90,      1434.40,-0.8
L,BAJAJ FINANCE LIMITED,      7244.90,      7299.50,-0.75
L,LARSEN & TOUBRO LTD.,      3624.15,      3650.80,-0.73
L,EICHER MOTORS LTD,      4800.10,      4833.55,-0.69
L,GRASIM INDUSTRIES LTD,      2741.60,      2757.65,-0.58
L,TATA CONSUMER PRODUCT LTD,      1188.65,      1194.95,-0.53
L,POWER GRID CORP. LTD.,       331.25,       332.90,-0.5
L,NTPC LTD,       403.25,       405.10,-0.46
L,ADANI PORT & SEZ LTD,      1465.55,      1472.10,-0.44
L,BAJAJ FINSERV LTD.,      1864.95,      1871.90,-0.37
L,TECH MAHINDRA LIMITED,      1639.50,      1645.30,-0.35
L,SUN PHARMACEUTICAL IND L,      1826.50,      1832.85,-0.35
L,KOTAK MAHINDRA BANK LTD,      1777.95,      1783.80,-0.33
L,ULTRATECH CEMENT LIMITED,     11542.65,     11580.45,-0.33
L,MARUTI SUZUKI INDIA LTD.,     12298.60,     12336.25,-0.31
L,SBI LIFE INSURANCE CO LTD,      1907.85,      1912.20,-0.23
L,HINDUSTAN UNILEVER LTD.,      2838.45,      2841.25,-0.1
 , , , , 
 ,Nifty Next 50 Sec., , , 
 , , , , 
G,ZOMATO LIMITED,       254.85,       242.85,4.94
G,AVENUE SUPERMARTS LIMITED,      5308.15,      5100.90,4.06
G,BOSCH LIMITED,     33720.75,     32451.85,3.91
G,CHOLAMANDALAM IN & FIN CO,      1533.60,      1487.30,3.11
G,INDIAN OIL CORP LTD,       181.34,       177.03,2.43
G,VEDANTA LIMITED,       466.70,       459.35,1.6
G,REC LIMITED,       630.60,       624.65,0.95
G,AMBUJA CEMENTS LTD,       631.85,       627.10,0.76
G,INDIAN RAIL TOUR CORP LTD,       945.25,       939.20,0.64
G,SRF LTD,      2618.50,      2602.30,0.62
G,INFO EDGE (I) LTD,      7475.00,      7435.40,0.53
G,POWER FIN CORP LTD.,       558.25,       555.30,0.53
G,JINDAL STEEL & POWER LTD,       950.50,       945.60,0.52
G,LIFE INSURA CORP OF INDIA,      1069.30,      1064.75,0.43
G,PUNJAB NATIONAL BANK,       113.40,       112.94,0.41
G,TRENT LTD,      7167.65,      7139.90,0.39
G,INTERGLOBE AVIATION LTD,      4828.55,      4815.00,0.28
G,ICICI LOMBARD GIC LIMITED,      2255.45,      2250.70,0.21
G,ABB INDIA LIMITED,      7650.10,      7639.05,0.14
G,BANK OF BARODA,       243.85,       243.50,0.14
G,SAMVRDHNA MTHRSN INTL LTD,       193.19,       193.16,0.02
G,TATA POWER CO LTD,       420.90,       420.90,0
 , , , , 
L,BHARAT ELECTRONICS LTD,       290.60,       298.95,-2.79
L,ADANI GREEN ENERGY LTD,      1890.30,      1930.90,-2.1
L,ADANI ENERGY SOLUTION LTD,      1007.45,      1028.60,-2.06
L,BAJAJ HOLDINGS & INVS LTD,     10895.70,     11067.70,-1.55
L,ICICI PRU LIFE INS CO LTD,       758.05,       769.35,-1.47
L,INDIAN RAILWAY FIN CORP L,       173.48,       176.02,-1.44
L,HINDUSTAN AERONAUTICS LTD,      4792.45,      4861.85,-1.43
L,ADANI TOTAL GAS LIMITED,       844.00,       854.55,-1.23
L,GODREJ CONSUMER PRODUCTS,      1457.70,      1475.30,-1.19
L,HAVELLS INDIA LIMITED,      1879.45,      1901.30,-1.15
L,ZYDUS LIFESCIENCES LTD,      1115.15,      1127.90,-1.13
L,VARUN BEVERAGES LIMITED,      1505.45,      1522.50,-1.12
L,ADANI POWER LTD,       643.85,       650.85,-1.08
L,SIEMENS LTD,      6686.20,      6758.80,-1.07
L,DLF LIMITED,       841.65,       850.35,-1.02
L,DABUR INDIA LTD,       644.80,       650.05,-0.81
L,GAIL (INDIA) LTD,       228.12,       229.97,-0.8
L,TORRENT PHARMACEUTICALS L,      3442.50,      3462.85,-0.59
L,JIO FIN SERVICES LTD,       345.35,       347.20,-0.53
L,TVS MOTOR COMPANY  LTD,      2761.70,      2774.90,-0.48
L,SHREE CEMENT LIMITED,     25662.25,     25770.75,-0.42
L,CANARA BANK,       108.20,       108.60,-0.37
L,BERGER PAINTS (I) LTD,       595.50,       597.70,-0.37
L,COLGATE PALMOLIVE LTD.,      3659.10,      3671.40,-0.34
L,MARICO LIMITED,       643.90,       645.60,-0.26
L,PIDILITE INDUSTRIES LTD,      3209.20,      3214.95,-0.18
L,SBI CARDS & PAY SER LTD,       767.70,       768.55,-0.11
 , , , , 
 ,OTHER SECURITIES, , , 
 , , , , 
G,NDL VENTURES LIMITED,       124.98,       104.15,20
G,NUPUR RECYCLERS LIMITED,       116.47,        97.06,20
G,ALKALI METALS LTD,       140.44,       117.04,19.99
G,RAMA STEEL TUBES LIMITED,        13.87,        11.56,19.98
G,TFB 7.37% 2035 SR. 3A,      1336.00,      1116.00,19.71
G,PREMIER ENERGIES LIMITED,      1004.80,       841.90,19.35
G,NECTAR LIFESCIENCES LTD.,        47.25,        40.06,17.95
G,SONA MACHINERY LIMITED,       207.80,       177.60,17
G,BEACON TRUSTEESHIP LTD,       117.85,       100.85,16.86
G,ALPA LABORATORIES LTD,       121.69,       104.42,16.54
G,MOS UTILITY LIMITED,       282.45,       243.35,16.07
G,SEPC LIMITED,        30.14,        26.21,14.99
G,ORTIN GLOBAL LIMITED,        23.48,        20.46,14.76
G,ABS MARINE SERVICES LTD,       294.50,       258.80,13.79
G,NANDAN DENIM LIMITED,        51.74,        45.54,13.61
G,SAH POLYMERS LIMITED,        88.63,        78.19,13.35
G,LORENZINI APPARELS LTD,        30.33,        26.77,13.3
G,ASHOKA BUILDCON LTD,       267.43,       236.69,12.99
G,UTSSAV CZ GOLD JEWELS LTD,       194.70,       172.35,12.97
G,LIBAS CONSU PRODUCTS LTD,        21.24,        18.85,12.68
G,RANE (MADRAS) LIMITED,      1340.65,      1194.10,12.27
G,SBC EXPORTS LIMITED,        35.86,        31.99,12.1
G,SWELECT ENERGY SYS LTD,      1309.80,      1173.10,11.65
G,GUJARAT FLUOROCHEM LTD,      3524.30,      3168.05,11.25
G,EASY TRIP PLANNERS LTD,        43.07,        38.89,10.75
G,MALU PAPER MILLS LIMITED,        52.02,        47.13,10.38
G,LAKSHMI FIN IND CORP LTD,       249.56,       226.62,10.12
G,SURANA SOLAR LIMITED,        39.60,        36.00,10
G,LOKESH MACHINES LTD,       387.45,       352.25,9.99
G,AAA TECHNOLOGIES LIMITED,       136.37,       124.08,9.9
 , , , , 
L,UNSECURED NCD,      1801.00,      2076.00,-13.25
L,SEC RED NCD 9.57% SR. V,       921.00,       999.50,-7.85
L,DRS DILIP ROADLINES LTD.,       127.85,       138.50,-7.69
L,A AND M JUMBO BAGS LTD,        14.30,        15.35,-6.84
L,NET AVENUE TECHNOLOGIES L,        15.50,        16.60,-6.63
L,SEC RE NCD 9.90% SR IV,      1030.30,      1100.10,-6.34
L,ADDICTIVE LEARNING TECH L,       312.00,       332.75,-6.24
L,SEC RE NCD 9.48% SR V,       940.30,      1000.20,-5.99
L,RPSG VENTURES LIMITED,      1117.30,      1187.35,-5.9
L,MAX ESTATES LIMITED,       616.95,       655.50,-5.88
L,CCL PRODUCTS (I) LTD,       783.20,       832.00,-5.87
L,HATSUN AGRO PRODUCT LTD.,      1254.80,      1327.75,-5.49
L,CHETANA EDUCATION LIMITED,       102.45,       108.10,-5.23
L,GACM TECHNOLOGIES LIMITED,         1.64,         1.73,-5.2
L,MOXSH OVERSEAS EDUCON LTD,       177.55,       186.90,-5
L,SP REFRACTORIES LIMITED,       155.85,       164.05,-5
L,MASTER COMPONENTS LIMITED,       329.40,       346.70,-4.99
L,QVC EXPORTS LIMITED,       112.50,       118.40,-4.98
L,INDIAN PHOSPHATE LIMITED,       161.35,       169.80,-4.98
L,IDEAL TECHNOPLAST IND LTD,       114.80,       120.80,-4.97
L,TRANSWIND INFRA LIMITED,        28.85,        30.35,-4.94
L,AXITA COTTON LIMITED,        21.46,        22.56,-4.88
L,MILTON INDUSTRIES LIMITED,        42.15,        44.25,-4.75
L,MOKSH ORNAMENTS LIMITED,        23.09,        24.24,-4.74
L,TBI CORN LIMITED,       236.10,       247.70,-4.68
L,SATHLOKHAR SYN E&C GLOB L,       631.40,       662.35,-4.67
L,PRESTIGE ESTATE LTD,      1782.15,      1868.65,-4.63
L,JAY JALARAM TECHNO LTD,       580.05,       608.00,-4.6
L,VISAMAN GLOBAL SALES LTD,        39.55,        41.35,-4.35
L,RAMCO SYSTEMS LTD.,       428.40,       447.55,-4.28
