SECURITY,NEW,PREVIOUS,NEW_STATUS
KOTHARI PETROCHEM LTD,267.42,248,H
FORTIS HEALTHCARE LTD,569.9,569.1,H
KEC INTL. LIMITED,1002.8,969,H
CEAT LIMITED,3032.9,2998.45,H
BAL PHARMA LTD.,142.7,142,H
SYNGENE INTERNATIONAL LTD,924,889,H
VIJAYA DIAGNOSTIC CEN LTD,965,939,H
21ST CENTURY MGMT SERVICE,130.65,128.09,H
PONDY OXIDES & CHEM LTD,2380,2180.8,H
ICICI LOMBARD GIC LIMITED,2284,2263,H
SUPRIYA LIFESCIENCE LTD,614.9,601.9,H
ENTERO HEALTHCARE SOLU L,1431.9,1415.5,H
DEEP INDUSTRIES LIMITED,412.4,403.2,H
DESTINY LOGISTICS & I LTD,57.65,48.45,H
SEC RE NCD 9.30% SR.I,1037,1030.2,H
GOI TBILL 182D-03/10/24,99.54,99.49,H
TOKYO PLAST  INTL LTD.,147.85,82.05,H
TILAKNAGAR INDUSTRIES LTD,314.5,304,H
AKZO NOBEL INDIA LIMITED,3730,3579.9,H
VL E GOV AND IT SOL LTD,136.5,130.17,H
A B INFRABUILD LIMITED,83,82,H
SETUBANDHAN INFRA LTD,1.06,1.01,H
SHREE KARNI FABCOM LTD,849,827,H
INDO AMINES LIMITED,207.6,201.8,H
SHREE VASU LOGISTICS LTD,320,265,H
8.79% SEC RED BOND S2B,1198.99,1197.99,H
GSM FOILS LIMITED,80.25,79,H
HDFC AMC LIMITED,4546.2,4527.95,H
HDFCAMC - HDFCSML250,186.2,186,H
PLATINUM INDUSTRIES LTD,439.2,439,H
POWER INSTRUMENT (G) LTD,184.64,181.02,H
SMS LIFESCIENCES (I) LTD,1587.9,1519.9,H
LT FOODS LIMITED,418.7,410,H
ASAHI SONGWON COLOR LTD,542,539.9,H
JAY BEE LAMINATIONS LTD,321.05,305.8,H
VDEAL SYSTEM LIMITED,196.75,187.4,H
ORTIN GLOBAL LIMITED,23.9,20.98,H
INDRAPRASTHA MEDICAL CORP,469.35,454.95,H
NELCO LTD,1335,1320,H
ALPA LABORATORIES LTD,124.6,115,H
BANNARI AMMAN SUGARS LTD,3513.3,3489.9,H
FDC LIMITED,577.5,577,H
CAPLIN POINT LAB LTD.,2158.8,1996,H
DHUNSERI INVESTMENTS LTD,1900,1850,H
GOKUL AGRO RESOURCES LTD,282.8,277.15,H
ALKEM LABORATORIES LTD.,6346,6239.25,H
BETA DRUGS LIMITED,1860,1857.7,H
UTI ASSET MNGMT CO LTD,1275,1219,H
WORTH PERIPHERALS LIMITED,153.7,152.5,H
9.90 % SRNCD SR VI,1066,1064.7,H
TCPL PACKAGING LIMITED,3469,3398.45,H
INNOVA CAPTAB LIMITED,772.4,725,H
CHOLAMANDALAM FIN HOL LTD,1834.95,1759.35,H
TARAPUR TRANSFORMERS LTD,19.81,19.43,H
TREJHARA SOLUTIONS LTD,263.01,257.69,H
CEREBRA INT TECH LTD,15.26,14.97,H
ENERGY MISSION MACH IND L,516,497,H
GOI TBILL 364D-19/09/24,99.51,98.2,H
NIP IND ETF JUNIOR BEES,829.7,825.85,H
INDO THAI SEC LTD,511.35,487,H
SHRIRAM - LIQUIDSHRI,1010.91,1010.75,H
CHAVDA INFRA LIMITED,188.55,188.5,H
AAREY DRUGS & PHARM LTD,74.8,61.9,H
MIRAEAMC - ALPHAETF,30.2,30.09,H
MANGALAM ORGANICS LIMITED,629.8,599.85,H
SUPREME ENGINEERING LTD,2.97,2.92,H
TARC LIMITED,250,248.01,H
AYM SYNTEX LIMITED,165,157.15,H
SUMIT WOODS LIMITED,143.61,140.8,H
ATLANTAA LIMITED,54.92,53.85,H
PARAMATRIX TECHNOLOGIES L,126.8,120.8,H
AERON COMPOSITE LIMITED,165.35,157.5,H
WANBURY LIMITED,245.15,239,H
HFCL LIMITED,160.3,156.75,H
RAM RATNA WIRES LIMITED,664.95,639.9,H
AMI ORGANICS LIMITED,1474.8,1469,H
FOCE INDIA LIMITED,1510,1505,H
PRAKASH PIPES LIMITED,667.95,649,H
PRITIKA ENG COMPO LTD,172.7,168.45,H
KAVVERI TEL. LTD.,39.36,38.59,H
ICICIPRAMC - ICICINXT50,80.95,80.8,H
KRISHNA INST OF MED SCI L,2694,2654,H
CONCORD BIOTECH LIMITED,1900,1815,H
HI GREEN CARBON LIMITED,259.8,254.8,H
HRH NEXT SERVICES LIMITED,71.95,68.55,H
SBIAMC - SBIETFQLTY,252.75,252.2,H
MIRAEAMC - MANXT50,773.89,770.28,H
SAROJA PHARMA INDUS IND L,70.75,67.35,H
DUCOL ORGS AND COLOURS LT,148.9,144.25,H
ELGI RUBBER CO. LTD,113.28,111.57,H
NILA SPACES LIMITED,11.96,11.73,H
SEC RE NCD 8.30% SR.III,1015,1010,H
REGENCYCERAMICS-LTD,64,60.96,H
ICICI PRU LIFE INS CO LTD,772.9,771.4,H
WISE TRAVEL INDIA LIMITED,332,319.6,H
UNIHEALTH CONSULTANCY LTD,175.9,165.9,H
GLENMARK LIFE SCIENCE LTD,1102.7,1095,H
SEPC LIMITED,31.1,27.7,H
LAKSHMI FIN IND CORP LTD,265,259.5,H
NIP IND ETF MIDCAP 150,231.85,229,H
PIRAMAL PHARMA LIMITED,221.7,216.58,H
AVRO INDIA LIMITED,178.7,149.7,H
GOI LOAN  7.4% 2062,113.41,111,H
SATI POLY PLAST LIMITED,254,251.75,H
GOI TBILL 91D-24/10/24,98.81,98.78,H
LEAD REC AND RUB PROD LTD,84,80.2,H
PREMIER ENERGIES LIMITED,1010.25,994.55,H
ECOS (INDIA) MOB & HOSP L,489,456,H
HEALTHCARE GLOB. ENT. LTD,415,408,H
JSW HOLDINGS LIMITED,7899,7825,H
RAVINDER HEIGHTS LIMITED,65.75,63.2,H
SHRIRAM FINANCE LIMITED,3294,3283.05,H
SHRIRAM PROPERTIES LTD,147.6,144.47,H
TEMBO GLOBAL IND LTD,417.95,396,H
KALYAN JEWELLERS IND LTD,662.75,658.75,H
STEELCAST LIMITED,785,747,H
ENSER COMMUNICATIONS LTD,289.55,276.4,H
NIP IND ETF ETF NV20,168.8,167.85,H
DOLAT ALGOTECH LIMITED,178.4,176.5,H
GOI LOAN  7.36% 2052,109.43,109,H
DEEP ENE RESOURCES LTD,333.49,174.4,H
PVP VENTURES LIMITED,37.49,36.76,H
SEC RE NCD 9.57% SR III,1025,1020,H
GOI TBILL 182D-01/11/24,99.09,99.05,H
ALBERT DAVID LIMITED,1659,426,H
SARLA PERF. FIBERS LTD,99.68,99,H
SATHLOKHAR SYN E&C GLOB L,695.45,662.35,H
APOLLO HOSPITALS ENTER. L,7044,6999,H
DCW LTD,96.75,91.5,H
UNIPHOS ENTERPRISES LTD,195.5,194.9,H
JK CEMENT LIMITED,4805,4694,H
LUPIN LIMITED,2312,2284.15,H
LINCOLN PHARMA LTD,804.45,755.15,H
MULTI COMMODITY EXCHANGE,5422.2,5364.9,H
MUTHOOT FINANCE LIMITED,2012.1,2001.6,H
UPDATER SERVICES LIMITED,389.45,388.7,H
WINDLAS BIOTECH LIMITED,929,899.85,H
VERANDA LEARNING SOL LTD,352.2,339.8,H
WEBSOL ENERGY SYSTEM LTD,1037.5,999,H
ASSO ALCOHOLS & BREW LTD,971.45,941.95,H
GMR POW AND URBAN INFRA L,154.53,148.27,H
GOI LOAN  7.25% 2063,105.5,105.3,H
SOLAR ACT RS.3.50 PPD UP,425.4,412,H
SOLARA ACTIVE PHA SCI LTD,769.95,761,H
ICICIPRAMC - ICICI5GSEC,66,58.75,H
IIFL SECURITIES LIMITED,340,330,H
KHFM HOS FAC MANA SER LTD,95,93.45,H
SPORTKING INDIA LIMITED,1555,1549.8,H
GACM TECHNOLOGIES LIMITED,1.79,1.74,H
MOS UTILITY LIMITED,292,251,H
UNITED SPIRITS LIMITED,1514,1507,H
MAHAMAYA STEEL INDS LTD,189.68,186,H
UN SE RE NCD 8.55% SR.VI,1085,1080,H
SANSTAR LIMITED,146.3,144,H
SEC RED NCD 8.88% SR. V,930,929.8,H
SRI ADHIKARI BRO TELE N L,613.7,601.7,H
SEC RE NCD 11.19% SR.V,1044.99,1040,H
SEC RE NCD 0% SR.VIII,1119,1096,H
GRASIM RE. 1 PPD UP,1863.95,1845,H
GOI TBILL 364D-20/03/25,96.07,95.47,H
GOI TBILL 182D-23/01/25,97.01,97,H
SEC RE NCD 8.66% SR.VI,950,972,L
TROM INDUSTRIES LIMITED,239.95,243,L
GACM TECHNOLOGIES LIMITED,1.81,1.91,L
SEMAC CONSULTANTS LIMITED,465.3,488,L
INDIAN PHOSPHATE LIMITED,161.35,169.8,L
MAHALAXMI FABRIC MILLS LT,79.12,82.38,L
QVC EXPORTS LIMITED,112.5,118.4,L
PODDAR HOUSE & DVPT LTD,77,77.07,L
BOND8.61% PA TF TR II S3A,1500,1542,L
AMBANI ORGOCHEM LIMITED,92.2,95,L
APRAMEYA ENGINEERING LTD,60,63.3,L
IDEAL TECHNOPLAST IND LTD,114.8,120.8,L
ANMOL INDIA LIMITED,31.56,32.2,L
SEC RE NCD 9.25% SR II,962.58,965,L
POSITRON ENERGY LIMITED,526,530.35,L
EXICOM TELE SYSTEMS LTD,346,348,L
RUBFILA INTERNATIONAL LTD,83.6,83.75,L
VIVO COLLAB SOLUTIONS LTD,67,69,L
DHARIWALCORP LIMITED,138.15,138.5,L
JALAN TRANSOLU. INDIA LTD,4,5.35,L
BRACE PORT LOGISTICS LTD,136.5,141.75,L
AARVEE DEN. & EXP. LTD,43.12,44,L
SAPPHIRE FOODS INDIA LTD,329,909,L
SEC RED NCD 9.57% SR. V,921,933,L
V.L.INFRAPROJECTS LIMITED,83.45,84,L
GLOBALE TESSILE LIMITED,51.32,54.03,L
AKSHAR SPINTEX LIMITED,1.78,2.15,L

