SYMBOL,SYMBOL P/E,ADJUSTED P/E
PLAZACABLE,112.72,112.72
SENCO,44.94,44.94
TRU,47.53,47.53
RADHIKAJWE,27.46,27.46
SPLPETRO,41.48,41.48
RAMRAT,45.08,45.08
VIVIANA,83.29,83.29
CSLFINANCE,15.34,15.34
AGNI,221.71,221.71
KORE,177.68,173.82
GOYALALUM,60.63,60.63
RUSTOMJEE,142.78,142.78
GENSOL,61.58,61.49
DBOL,27.73,27.73
KANDARP,33.68,33.68
GSLSU,57.63,57.63
SPORTKING,22.61,22.61
MANORAMA,117.96,117.96
ISHAN,,302.63
ARABIAN,27.06,27.06
GRMOVER,25.47,25.47
SYNCOMF,68.78,68.74
DJML,66.56,66.56
BAHETI,55.42,55.42
SULA,43.7,43.7
SIGNATURE,369.2,369.2
KRITINUT,15.23,15.23
MEGAFLEX,44.71,44.71
KALAMANDIR,31.39,31.39
AVALON,183.23,183.23
RITEZONE,15.4,15.4
CONCORDBIO,59.46,59.46
GRCL,144.93,144.93
BAIDFIN,16.97,16.97
PHANTOMFX,21.02,21.02
AMIABLE,10.56,10.56
IPSL,26.92,26.92
KAMOPAINTS,109.93,109.93
BLUEJET,52.16,49.96
MVGJL,14.8,14.8
JIWANRAM,21.11,21.11
SCPL,21.2,21.2
SUKHJITS,15.39,15.39
FROG,31.75,31.75
MANKIND,48.93,48.93
SKYGOLD,73.96,73.96
ARIHANTACA,70.4,70.4
SATINDLTD,6.41,6.41
DIVGIITTS,52.4,52.4
USK,11.73,11.73
ANLON,62.73,62.73
VERTEXPLUS,123.1,123.1
CMNL,19.55,19.28
IKIO,37.05,37.05
MANOMAY,29.48,29.48
FAZE3Q,28.68,28.68
RBMINFRA,68.83,68.83
LLOYDSME,29.16,29.16
AARTIPHARM,27.32,27.32
RHL,56.36,56.36
SAHYADRI,16.1,16.1
NINSYS,50.05,50.05
DUCOL,46.73,46.73
HOMESFY,62.3,52.19
SBFC,33.72,33.72
SBGLP,84.02,84.02
ASMS,288.53,277.9
HYBRIDFIN,13.51,13.26
LRRPL,158.74,158.74
ZAGGLE,72.65,72.65
AGARWALFT,372.22,372.22
HONASA,129.39,129.39
RISHABH,40.51,40.51
IRMENERGY,21.08,21.08
SAH,330.65,330.65
DENEERS,18.54,18.54
CYIENTDLM,86.39,86.39
AGUL,16.84,16.84
AKI,123.94,123.94
MASTER,51.83,51.83
YCCL,35.82,35.82
RATNAVEER,23.53,23.53
MOS,50.01,50.01
SECMARK,190.7,190.7
SPECTSTM,24.53,24.53
ATAM,30.64,30.64
IDEAFORGE,111.24,111.24
CRAYONS,17.24,17.24
INFOLLION,32.12,32.12
LAL,44.64,44.64
URBAN,28.45,28.45
AARTECH,132.25,132.25
POCL,67.53,67.53
KRISHCA,34.14,34.14
AATMAJ,69.53,69.53
DOLPHIN,203.09,212.33
REDTAPE,60.04,60.04
ASHOKAMET,8.54,8.54
PENTAGON,19.78,19.78
SEL,140.39,140.39
PROV,76.25,76.25
PTCIL,596.13,596.13
NETWEB,175.18,175.18
PYRAMID,22.03,22.03
MAGSON,27.86,27.86
AEROFLEX,52.6,52.45
EMSLIMITED,27.33,27.33
EFACTOR,18.66,18.66
GHCLTEXTIL,31.17,31.17
VPRPL,24.89,24.89
UDS,30.86,30.86
DENTALKART,59.43,59.43
SYNOPTICS,15.61,15.61
KIRLPNU,57.36,55.01
ATL,29.97,29.97
RRKABEL,62.53,62.6
COMMITTED,15.04,15.04
JSWINFRA,57.33,57.33
JLHL,53.29,53.61
SAHAJ,26.36,26.36
NUVAMA,32.98,32.98
DRONE,86.52,86.52
YASHO,56.69,56.69
SERVICE,32.53,32.53
KEL,60.88,60.88
NIITMTS,31.73,30.96
VINSYS,23.12,23.12
ACSAL,16.4,16.4
SAROJA,29.27,29.27
SINDHUTRAD,34.08,34.08
ORIANA,78.83,78.83
ONDOOR,41.16,40.79
TRANSTEEL,11.68,11.52
SANDUMA,22.65,22.65
OLIL,40.16,40.16
KODYTECH,547.19,547.19
SCML,22.03,22.03
MUFIN,116.36,112.99
MAL,8.39,8.39
HIGREEN,56.53,56.53
CELLECOR,54.07,54.07
SRGHFL,21.56,21.56
JIOFIN,189.87,189.87
MADHUSUDAN,25.34,25.34
GOYALSALT,31.81,31.81
SHANTHALA,145.55,145.55
TREL,4.82,39.12
MARCO,40.34,40.34
KONTOR,116.74,116.74
INSPIRE,16.96,16.96
CELLO,54.62,54.62
CANARYS,48.51,48.51
DIGIKORE,86.87,86.87
AMNPLST,56.37,56.37
SARTELE,84.76,84.76
PARAGON,20.71,20.71
DIAMINESQ,76.16,76.16
PFIZER,46.3,46.81
BOSCHLTD,37.58,50.45
DEEPAKFERT,25.38,25.38
MAHSEAMLES,10.23,10.2
BALMLAWRIE,23.4,23.4
MOTOGENFIN,95.29,95.29
RAMCOCEM,56.72,56.72
PGHL,43.27,41.44
ADORWELD,26.5,26.5
TATACHEM,,34.15
ATFL,335.31,689.6
VLSFINANCE,4.21,4.21
SRF,62.78,62.78
BALRAMCHIN,23.54,23.54
WEIZMANIND,24.87,24.87
BBOX,59.02,46.05
JTEKTINDIA,41.75,41.75
TATAELXSI,61.28,61.28
SHREYANIND,5.22,5.22
APOLLOHOSP,94.59,94.71
EICHERMOT,36.17,36.17
ZENSARTECH,26.88,26.88
JYOTISTRUC,75.42,75.42
JAYNECOIND,30.27,27
RCF,64.73,71.36
UFLEX,,13.81
SUBROS,42.33,42.33
WIPRO,24.05,24.05
JUBLPHARMA,25.41,57.88
MURUDCERA,62.52,62.52
LIBERTSHOE,63.29,49.47
MODTHREAD,10.9,10.9
MANGLMCEM,45.41,45.41
PCBL,38.54,38.54
EIHAHOTELS,31.45,31.45
STYRENIX,22.84,22.84
IDBI,15.93,15.93
DHAMPURSUG,16.36,16.36
ORIENTHOT,65.54,65.54
KANSAINER,36.97,36.97
GABRIEL,39.45,39.45
PRAKASH,11.21,11.21
SURYAROSNI,19.86,19.86
SUDARSCHEM,60.75,60.75
HINDALCO,13.91,13.64
EIDPARRY,9.49,9.49
BIRLACORPN,26.39,26.81
ASHAPURMIN,15.66,28.11
AUTOAXLES,18.65,18.65
KHAITANLTD,16.99,16.99
ANDHRSUGAR,36.27,34.34
EIMCOELECO,37.45,37.45
SAMBHAAV,38.39,43.53
ZENITHEXPO,2866.49,2866.49
MOTHERSON,41.6,40.5
INDIANCARD,2.37,
SHRIRAMFIN,15.92,15.92
MIRZAINT,59.14,59.14
GUJAPOLLO,36.94,36.94
JAGSNPHARM,56.16,49.89
MPHASIS,37.38,37.38
RAMCOIND,27.33,27.33
HERITGFOOD,34.86,34.59
INDNIPPON,25.87,25.87
BANKINDIA,8.11,8.11
KCPSUGIND,6.95,7.56
HAVELLS,85.68,85.68
AXISCADES,53.86,53.86
MRO-TEK,34.9,34.9
KHANDSE,96.92,96.92
TRIDENT,56.57,56.58
GODREJCP,,76.91
BHARTIARTL,101.92,84.58
SURANAT&P,32.23,32.23
CANBK,6.02,6.02
RADICO,99.63,99.63
BAGFILMS,23.32,23.32
WELSPUNLIV,26.31,26.31
TVTODAY,16.26,15.73
PETRONET,14.07,14.18
XPROINDIA,54.5,52.45
EXCELINDUS,46.59,46.59
AMBICAAGAR,14.75,14.75
TEXINFRA,449.72,449.72
WELENT,20.89,20.89
INDOCO,46.26,50.29
JINDALPHOT,58.44,58.44
ALLSEC,21.78,26.3
CYBERMEDIA,16.32,21.18
63MOONS,10.77,10.77
GENUSPOWER,99.91,99.91
RML,92.93,18.19
IMPAL,21.57,21.57
DCBBANK,7.08,7.08
TORNTPOWER,35.31,35.31
RUCHIRA,10.14,10.14
NFL,40.03,40.03
TANLA,22.52,22.52
SARLAPOLY,18.38,18.38
PITTIENG,49.08,49.08
SMSPHARMA,50.91,50.91
BANSWRAS,19.89,19.89
FORTIS,59.94,60.95
HILTON,33.28,33.28
NAGREEKEXP,23.02,23.02
TARMAT,,145.64
CIEINDIA,27.2,27.2
INDOWIND,43.08,43.08
CENTUM,,4528.55
CCCL,.69,
MAANALU,27.05,27.05
BAJAJELEC,88.68,88.68
RELIGARE,32.99,93.31
EXCEL,56.89,56.89
GLOBUSSPR,43.57,43.57
EXPLEOSOL,21.69,21.69
SUNTECK,84.15,84.15
SARDAEN,23.68,23.59
AHLUCONT,21.99,36.5
GODREJPROP,66.41,66.41
BEARDSELL,17.48,17.48
NESTLEIND,75.33,75.54
JUBLFOOD,113.34,195.68
HATHWAY,55.15,54.47
KIRLOSBROS,39.01,39.13
BLISSGVS,15.02,7.42
BAJAJCON,26,26
ORISSAMINE,1689.74,1689.74
GREENPOWER,66.92,104.67
JWL,65.17,65.17
PRESTIGE,46.38,46.38
GRAVITA,61.11,61.11
MOIL,22.1,22.1
HFCL,59.47,59.47
MUTHOOTFIN,17.02,17.02
OMINFRAL,38.93,38.93
KARMAENG,125.28,164.57
LTF,17.04,17.04
PILITA,61.84,61.84
SREEL,27.53,27.53
WONDERLA,34.68,34.68
SNOWMAN,122.55,122.55
PDSL,36.94,37.67
GOODLUCK,27.39,27.39
LAMBODHARA,41.36,41.36
VISHNU,25.98,25.98
JMA,9.39,9.39
INOXWIND,483.83,391.4
PRIVISCL,45.74,45.74
NILAINFRA,36.24,36.24
ADANIENSOL,,76.88
MUTHOOTCAP,4.93,
SHK,347.82,21.91
UMANGDAIRY,60.77,60.77
ALKEM,35.79,34.21
QUICKHEAL,92.41,92.41
WHEELS,30.55,30.55
RIIL,172.31,172.31
SHREDIGCEM,18.25,18.25
SMLISUZU,23.76,23.76
FACT,2518.14,306.75
LAXMIMACH,59.64,59.64
PEL,,138.78
MAHSCOOTER,54.69,56.48
TRENT,163.81,246.45
KCP,11.26,11.18
JBCHEPHARM,50.9,50.9
IONEXCHANG,47.41,47.41
IFBIND,69.79,69.79
HIMATSEIDE,13.6,13.6
GFLLIMITED,187.19,187.19
BHARATFORG,86.17,77.7
ATUL,72.14,72.14
TATAMOTORS,11.84,11.77
MRPL,13.41,13.38
ESCORTS,40.32,40.32
BAJAJHLDNG,86.25,86.25
ZUARIIND,1.64,
VOLTAS,99.74,99.74
TATASTEEL,,52.3
VEDL,19.27,21.64
RELIANCE,26.31,26.31
BATAINDIA,56.41,74.59
CARBORUNIV,67.32,67.32
VINDHYATEL,29.84,29.84
ASIANPAINT,61.62,61.62
BEML,59.73,59.73
TORNTPHARM,67.55,70.53
EPL,37.24,35.3
VIPIND,11815.08,11815.08
BIRLACABLE,76.85,76.85
AEGISLOG,42.69,42.69
RANEHOLDIN,27.67,14.27
SUNPHARMA,41.86,41.24
ARE&M,28.35,28.35
ADANIENT,79.61,75.32
GET&D,143.41,143.41
BERGEPAINT,61.81,62.03
KPIL,46.7,46.7
IGARASHI,139.9,139.9
HSCL,58.68,58.68
KARURVYSYA,10.36,10.36
WSI,21.46,20.6
THOMASCOOK,36.08,36.08
SIEMENS,97.91,97.91
VSTIND,25.59,25.59
TOKYOPLAST,104.38,104.38
IFCI,68.17,68.77
HLVLTD,58.61,58.61
HEIDELBERG,33.3,33.3
PIDILITIND,88.44,86.11
OSWALAGRO,265.76,264.3
RUBYMILLS,20.76,20.76
CANFINHOME,15.31,15.31
DCMSHRIRAM,36.04,36.04
COSMOFIRST,25.92,25.92
HDFCBANK,17.92,17.82
GMBREW,12.49,12.49
ITC,30.57,30.56
IOC,8.23,8.23
OSWALGREEN,629.7,629.7
HUHTAMAKI,7.11,30.89
RICOAUTO,41.07,40.01
BANCOINDIA,17.87,17.87
MANINDS,22.99,22.99
SIYSIL,11.74,11.74
ONWARDTEC,31.99,31.99
NCC,26.3,25.62
ELGIEQUIP,68.82,68.82
BBTC,9.69,9.34
BEPL,23.67,23.67
BANARBEADS,23.38,23.38
PRUDMOULI,15.34,14.21
PRAJIND,44.65,48.1
TFCILTD,17.6,17.6
GTL,1,4.78
AGI,23.73,23.73
TATACONSUM,94.09,80.3
ZEEL,40.62,31.01
INDHOTEL,76.64,76.64
GOLDENTOBC,10.49,11.9
ANDHRAPAP,8.99,8.99
SCHAEFFLER,65.95,65.7
AMJLAND,17.55,17.55
KSB,74.29,74.29
GODFRYPHLP,48.7,45.97
TATAINVEST,125.5,125.5
INGERRAND,58.68,58.68
HINDZINC,25.22,25.22
FINPIPE,23.03,38.22
DCW,217.15,201.71
HEUBACHIND,43.47,43.47
BAJFINANCE,30.29,30.29
NAVA,10.22,11.08
TNPL,15.21,15.21
NATCOPHARM,17.04,17.04
GARFIBRES,34.17,34.17
TTKPRESTIG,58.57,58.57
SKFINDIA,47.88,47.88
JAYAGROGN,15.7,15.7
SILINV,20.61,20.61
BIOFILCHEM,163.43,163.43
SUNDRMBRAK,53.83,53.83
CREST,12.14,12.14
TVSSRICHAK,37.11,34.98
PUNJABCHEM,35.24,35.24
GANESHHOUC,16.54,16.54
ALKYLAMINE,75.02,75.02
GUJRAFFIA,41.9,41.9
KOTHARIPET,20.7,20.61
BANKBARODA,6.74,6.74
GAIL,15.88,15.88
CONCOR,47.04,47.04
HUDCO,23.94,23.94
ADROITINFO,15.11,15.11
JAICORPLTD,105.2,105.2
MAHAPEXLTD,.58,39.84
ASAHIINDIA,56.08,56.08
KOTHARIPRO,37.61,37.61
SOUTHBANK,5.71,5.71
ITDCEM,30.44,30.44
CYIENT,32.39,30.55
CYBERTECH,32.68,32.68
GOACARBON,9.64,9.64
STCINDIA,15.28,16.16
RSSOFTWARE,34.99,34.99
NATIONALUM,13.88,16.11
ALEMBICLTD,39.8,39.8
BSOFT,28.67,28.67
STAR,149.73,43.54
ZYDUSLIFE,27.14,27.14
RAJESHEXPO,227.64,227.64
SHREERAMA,31.26,31.26
IOB,40.17,40.17
AJANTPHARM,47.25,47.25
CALSOFT,60.32,60.32
PNBGILTS,35.16,38.42
NLCINDIA,18.66,18.66
GAEL,18.9,18.9
TIPSINDLTD,65.95,65.95
ACLGATI,227.11,
JISLJALEQS,71.92,71.92
UNITDSPR,76.96,77.15
MPSLTD,36.08,36.08
PNB,11.48,11.48
TIMESGTY,63.09,63.09
NUCLEUS,21.76,21.76
UCOBANK,30.19,30.19
JAIBALAJI,20.3,20.3
MUKANDLTD,22.85,22.85
VAIBHAVGBL,42.2,40.36
POONAWALLA,17.18,24.55
DATAMATICS,21.15,20.86
CENTEXT,26.12,26.51
TCS,34.42,33.9
COFORGE,52.83,53.44
ASTRAMICRO,69,69
DWARKESH,41.64,41.64
PATELENG,16.63,21.73
CONSOFINVT,12.2,12.2
EVEREADY,72.36,72.36
IIFL,10.63,10.63
SSWL,5.33,15.65
SURYALAXMI,56.85,30.48
GEOJITFSL,24.44,24.44
SPLIL,15.78,15.77
IDFC,745.56,745.56
AURIONPRO,67.07,67.07
AIAENG,36.88,36.9
ORIENTCER,38.44,42.47
VIMTALABS,34.08,34.08
NITINSPIN,16.59,16.59
GSPL,11.05,11.26
SAKUMA,23.39,23.39
JKCEMENT,41.63,42.1
M&MFIN,19.88,19.88
KEI,66.44,66.43
VAKRANGEE,353.51,375.15
GALLANTT,28.68,28.68
UTTAMSUGAR,12.22,12.22
RSYSTEMS,41.64,41.64
BALPHARMA,28.79,28.79
KAMDHENU,29.63,29.63
PIONEEREMB,49.71,49.71
MUNJALAU,33.34,19.9
TECHM,62.98,63.06
GRINDWELL,71.54,71.49
ACE,44.18,44.18
BINANIIND,29,
GEECEE,19.57,19.57
INSPIRISYS,38.25,38.25
MANALIPETC,54.86,50.2
LTFOODS,24.21,24.21
SOBHA,434.39,434.47
PLASTIBLEN,24.85,24.85
HBLPOWER,59.75,55.96
PTL,22.91,22.91
GANDHITUBE,18.63,18.63
UNOMINDA,87.81,89.95
TTL,24.13,67.1
PAGEIND,79.9,79.9
ASTRAL,95.26,95.26
BALAMINES,34.01,34.01
NDLVENTURE,266.54,266.54
BFUTILITIE,15.18,15.18
V2RETAIL,100.28,100.28
CENTRALBK,17.17,17.17
KPRMILL,35.59,35.59
KSCL,18.04,18.04
MANGCHEFER,10.34,10.34
DELTACORP,17.79,22.25
BVCL,19.51,19.51
RGL,15.29,15.29
JYOTHYLAB,54.28,54.28
KALYANIFRG,50.41,50.41
TARIL,135.61,135.61
BRIGADE,63.79,63.79
MANAKSIA,8.32,6.31
DVL,26.39,26.39
BIRLAMONEY,14.67,14.67
CORDSCABLE,24.66,24.66
HERCULES,52.19,52.19
SEPC,158.04,158.04
IRB,41.19,41.19
GSS,29.76,29.76
RECLTD,11.24,11.24
NESCO,18.81,18.81
TITAGARH,64.56,64.2
DIGISPICE,14.56,38.98
GOKUL,286.4,22.48
ALMONDZ,21.38,55
LOTUSEYE,76.27,77.1
UBL,119.53,119.53
ZFCVINDIA,73.13,73.13
TPHQ,26.77,26.77
MAWANASUG,10,10
AJMERA,20.86,20.86
VINATIORGA,56.76,56.76
NHPC,24.58,24.58
AMRUTANJAN,54.83,54.83
DEN,11.33,11.33
DLINKINDIA,24.82,24.82
DBCORP,12.68,12.68
TRF,15.85,15.85
UNITEDTEA,14.04,14.04
EMMBI,22.05,22.05
PERSISTENT,69.32,69.32
SJVN,52.94,56.57
KIRLOSIND,17.18,15.37
AHLEAST,8.22,11.12
UGARSUGAR,54.03,54.03
WELINV,131.83,131.83
DEEPAKNTR,47.21,50.77
ASHOKA,10.08,11.41
OBEROIRLTY,29.75,29.75
IOLCP,22.88,22.88
PENIND,22.3,22.3
KIRLOSENG,42.12,41.71
KICL,38.09,50.5
TEXRAIL,80.33,80.33
DHUNINV,13.87,13.87
SYMPHONY,51.58,51.58
VSTTILLERS,33.36,33.36
DHANUKA,30.11,30.11
FILATEX,22.26,22.26
TDPOWERSYS,53.1,53.1
VASWANI,17.24,17.24
ONELIFECAP,14.12,14.12
TRITURBINE,84.29,84.29
DSSL,33.38,33.38
JISLDVREQS,1.17,1.17
RUPA,33.77,32.59
APLAPOLLO,55.18,55.18
IRFC,35.67,35.67
RHIM,,43.65
SCHNEIDER,105.61,103.74
NBCC,74.91,57.67
TBZ,26.41,26.41
SWANENERGY,28.73,28.73
RTNINDIA,10.37,9.92
THEJO,52.7,52.7
MAYURUNIQ,21.39,21.39
DUCON,31.97,31.97
TVSHLTD,14.28,14.27
CARERATING,27.78,27.78
INDUSTOWER,17.7,17.7
REPCOHOME,7.93,7.93
ATULAUTO,114.86,114.86
SAMMAANCAP,6.35,6.35
ESSENTIA,25.91,25.92
MITCON,21.37,21.37
NATHBIOGEN,9.97,10.7
GOCLCORP,33.07,30.34
SHARDACROP,34.62,34.62
CIGNITITEC,28.45,27.86
FCL,32.11,32.11
GULPOLY,62.81,62.81
GRPLTD,72.81,67.43
GREENLAM,56.47,56.47
LINC,26.95,26.95
MANAKSTEEL,17.84,18.21
IMAGICAA,279.56,65.73
LFIC,5.44,5.44
VRLLOG,74.96,75.42
TPLPLASTEH,42.48,42.48
ALANKIT,28.68,28.68
ORICONENT,85.98,55.72
AYMSYNTEX,50.59,66.89
PKTEA,21.76,21.76
SHARDAMOTR,24.1,24.1
GUJGASLTD,36.21,37.52
COFFEEDAY,,5.83
PERFECT,62,62
TTKHLTCARE,29.36,36.4
PILANIINVS,39.63,39.63
LALPATHLAB,73.59,73.59
TEAMLEASE,49.51,51.09
BHAGERIA,45.18,45.18
GOKULAGRO,23.8,23.8
PDMJEPAPER,9.99,9.99
HECPROJECT,19.68,19.68
SAGARDEEP,56.56,56.56
UNITEDPOLY,27.48,27.48
ALBERTDAVD,12.99,12.99
INCREDIBLE,35.58,35.58
MAHASTEEL,66.81,82.7
MGL,15.17,15.17
POKARNA,29.97,29.97
GPTINFRA,34.74,34.74
SOMICONVEY,42.57,42.57
LLOYDSENGG,97.85,97.85
LTIM,39.37,39.37
GATECH,93.82,93.82
ADVENZYMES,36.01,33.62
NDGL,12.61,12.61
BIGBLOC,64.04,64.04
MBAPL,66.24,66.24
CUPID,27.73,27.73
GNA,20.06,20.06
HPL,73.14,73.14
JAIPURKURT,27.42,27.42
SAKAR,62.68,62.68
PANSARI,42.73,42.73
DRL,13.67,13.67
ARTNIRMAN,124.37,124.37
ENDURANCE,49.59,49.59
GICL,78.83,78.83
PNBHOUSING,17.16,17.16
PODDARMENT,14.76,14.76
JETFREIGHT,19.71,21.77
TCIEXP,35.15,35.15
LIBAS,5.42,5.42
CAPTRUST,110.39,110.39
MAHESHWARI,14.44,14.44
MCL,30.45,30.45
PRICOLLTD,38.89,38.89
STEELCITY,11.82,11.82
KRISHANA,36.18,36.18
NITIRAJ,24.95,24.95
SANGINITA,58.11,58.11
RADIOCITY,64.6,64.6
INTENTECH,18.38,18.38
URJA,386.03,386.03
EIFFL,193.02,193.02
CREATIVE,21.41,21.41
DEVIT,26.42,26.42
SCHAND,17.37,17.37
JALAN,,37.43
ERIS,50.04,50.04
ACCORD,45.87,45.87
ACEINTEG,54.09,54.09
DYNPRO,114.04,114.04
MAGADSUGAR,11.24,11.24
VAISHALI,242.12,242.12
GEEKAYWIRE,16.77,16.77
SERVOTECH,266.22,266.22
APEX,55.99,55.99
PASHUPATI,189.88,189.88
CHOLAHLDNG,7.73,7.73
SBILIFE,94.26,94.26
RMDRIP,103.42,103.42
DPWIRES,19.42,19.42
RKEC,12.21,12.21
GATECHDVR,17.99,17.99
GOLDSTAR,72.64,72.64
CMMIPL,20.38,20.38
TIRUPATIFL,36.71,36.71
OMFURN,19.43,19.43
TCPLPACK,27.41,27.41
DPABHUSHAN,43.45,43.45
NAM-INDIA,36.18,36.18
NIACL,39.1,39.1
5PAISA,27.04,27.04
AISL,27.32,27.32
VERTOZ,144.82,144.82
SILVERTUC,52.8,52.8
FELIX,67.43,67.43
ICEMAKE,45.13,45.13
ONEPOINT,36.87,36.87
AJOONI,79.96,79.96
MOKSH,18.68,18.68
SILLYMONKS,94.01,94.01
NEWGEN,54.96,54.96
SOLEX,172.18,172.18
GALAXYSURF,33.31,33.31
MHHL,9.82,9.82
SOUTHWEST,44.7,46.96
ARVEE,153.91,153.91
ASTERDM,60.13,
BANKA,70.67,70.7
HINDCON,53.46,53.46
SARVESHWAR,47.5,47.5
MACPOWER,53.3,53.3
BDL,84.15,84.15
BANDHANBNK,12.5,12.5
URAVI,273.4,273.4
MITTAL,21.61,40.3
GIRIRAJ,94.76,94.76
ISEC,13.72,13.72
MIDHANI,97.37,97.37
AVG,17.62,27.64
MMP,35.93,35.93
NARMADA,16.49,16.49
BSHSL,88.1,88.1
MAHICKRA,82.11,82.11
AAKASH,20.59,20.59
GODHA,57.04,57.04
SOFTTECH,132.94,132.94
ORIENTELEC,79.78,101.08
E2E,144.22,144.22
SIRCA,36.06,36.06
SVLL,114.03,114.03
LATTEYS,104.58,104.58
SONAMLTD,36.42,36.42
ADANIGREEN,266.66,220.87
PRITI,21.07,21.07
RITES,33.93,33.93
GANGAFORGE,175.44,178.77
REPL,24.76,24.76
AVROIND,49.08,49.08
HDFCAMC,46.5,46.5
TEMBO,24.57,25.01
AARON,42.89,42.89
SIGIND,16.48,16.48
LAGNAM,14.59,14.59
RPPL,29.86,29.86
AKG,54.1,54.1
AHLADA,10.43,10.43
SPECTRUM,141.28,141.28
RAJMET,35.38,35.38
AAVAS,27.19,27.19
KSHITIJPOL,18.28,47.16
KRITIKA,45.38,45.38
VINNY,51.93,51.93
BBTCL,31.72,31.72
IRISDOREME,49.27,49.27
ATGL,139.14,139.14
SHUBHLAXMI,18.38,18.38
UNIPARTS,19.74,19.74
TREJHARA,25.89,211.24
AWHCL,20.49,20.49
RPSGVENT,37.69,37.69
SURANI,748.79,748.79
MSTCLTD,23.9,23.9
ARVINDFASN,63.81,61.54
KHFM,143.82,143.82
RVNL,91.09,91.09
METROPOLIS,79.19,79.19
KPITTECH,71.65,71.65
NEOGEN,105.19,105.19
VIKASLIFE,,94.89
CONFIPET,33.81,33.81
DGCONTENT,41.42,41.42
OAL,65.2,65.2
SATIA,6.66,6.66
WEL,163.13,163.13
CHEMCON,52.12,52.12
WESTLIFE,291.48,291.48
HNDFDS,68.02,68.02
MAZDOCK,44.01,44.01
IRCTC,63.32,63.16
SECL,1276.13,1276.13
360ONE,45.96,42.84
HPIL,140.12,140.12
FLUOROCHEM,101.82,101.82
KUANTUM,8.06,8.06
CHEMBOND,19.01,19.01
MGEL,18.4,18.4
SBICARD,30.35,30.35
HOMEFIRST,30.79,30.79
CSBBANK,10.13,10.13
EASEMYTRIP,61.81,38.48
ROSSARI,36.26,36.26
PRINCEPIPE,33.58,36.38
ESAFSFB,5.28,5.28
ARTEMISMED,66.42,66.42
SUMICHEM,59.63,59.63
LGHL,66.67,70.88
ASALCBR,29.5,29.5
UNIVPHOTO,14.14,14.14
BAFNAPH,692.46,306.08
SUVENPHAR,119.5,119.5
STOVEKRAFT,78.87,78.87
KSOLVES,34.38,34.38
HAPPSTMNDS,50.61,52.79
GLAND,43.05,43.05
BOROLTD,66.68,66.68
MAXHEALTH,81.27,81.27
AAATECH,46.76,46.76
KALYANKJIL,107.04,107.04
SHAREINDIA,13.83,13.81
UNIDT,42.84,42.84
ANGELONE,19.21,19.21
NIRAJ,20.45,13.73
SURYODAY,8.35,8.35
UTIAMC,17.98,17.98
BECTORFOOD,66.53,66.53
ORCHPHARMA,62.71,62.71
INDIGOPNTS,50.95,50.95
LXCHEM,70.05,70.05
MTARTECH,138.24,138.24
ANURAS,66.66,66.66
ISGEC,38,38
STYLAMIND,26.55,26.38
CLSEL,11.23,11.23
CARYSIL,40.28,40.28
SHAILY,73.94,73.94
MODISONLTD,31.49,31.07
FIBERWEB,14.84,14.84
BCLIND,16.9,16.9
BHAGCHEM,227.11,227.11
SBCL,43.31,43.31
SMCGLOBAL,7.44,7.44
QMSMEDI,25.4,25.4
ARIHANTCAP,14.14,14.14
SIDDHIKA,16.88,16.88
NAZARA,77.98,77.3
IPL,39.94,39.94
GENCON,20.7,20.7
LODHA,65.09,61.87
HLEGLAS,72.73,67.41
VMARCIND,39.19,39.19
SONACOMS,77.39,76.76
UTKARSHBNK,10.26,10.26
DRCSYSTEMS,23.8,23.8
PARAS,128.36,128.36
CRAFTSMAN,45.57,45.57
DODLA,37.92,37.92
JUBLINGREA,68.01,68.01
ROLEXRINGS,39.34,35.7
SHYAMMETL,20.92,20.92
KIMS,60.73,60.73
TATVA,88.31,88.31
CLEAN,63.78,63.78
AILIMITED,80.63,80.63
GLS,29.48,29.48
ABSLAMC,25.51,25.51
DEEPINDS,19.32,19.39
ZOMATO,356.38,356.38
PIXTRANS,21.55,21.55
WINDLAS,31.36,31.36
CARTRADE,52.64,52.64
KRSNAA,39.17,39.17
EQUIPPP,2674.58,2674.58
DEVYANI,1513.32,267.75
APTUS,25.16,25.16
SUPRIYA,35.02,35.02
BMETRICS,25.28,25.28
VIJAYA,74.18,73.3
AMIORG,138.94,61.14
IWEL,1034.91,509.15
VINEETLAB,390.36,390.36
SANSERA,39.84,39.84
BAJAJHCARE,,34.55
PRITIKAUTO,30.8,30.8
AAREYDRUGS,39.59,39.59
GRINFRA,13.23,16.47
INTLCONV,6.65,6.65
DUGLOBAL,681.6,681.6
REXPIPES,16.79,16.78
STEELCAS,21.63,21.63
HPAL,41.62,41.94
UGROCAP,17.45,17.45
STARHEALTH,42.12,42.12
KPIGREEN,60.59,60.15
SGIL,46.15,46.15
SJS,32.26,32.26
FINOPB,37.74,37.74
NYKAA,1161.91,1161.91
AWL,89.43,82.89
SAPPHIRE,1522.09,1522.09
QUADPRO,46.7,46.7
PRUDENT,62.78,62.78
NUVOCO,91.24,91.24
TRACXN,135.64,135.64
FUSION,9,9
COASTCORP,85.24,85.24
MEDPLUS,138.87,138.87
RATEGAIN,54.38,54.38
LATENTVIEW,59.44,59.44
METROBRAND,85.15,85.15
PASUPTAC,19.99,19.99
FOODSIN,34.31,34.31
MAPMYINDIA,78.56,78.56
TMB,6.73,6.73
KRITI,38.09,38.09
DYNAMIC,76.01,76.01
GANESHBE,19.08,19.08
GVPTECH,73.71,73.71
KOTYARK,46.43,46.43
MEDICAMEQ,85.81,85.81
SHIVALIK,55.74,55.74
PRECISION,16.48,16.48
DATAPATTNS,82.26,82.26
COOLCAPS,113.23,113.17
MEDANTA,64.25,64.25
MALLCOM,25.24,25.24
NIDAN,,22.49
IRIS,45.61,45.61
SMLT,23.29,23.29
RADIANTCMS,20.94,20.94
HARIOMPIPE,42.06,42.06
DCMSRIND,14.58,14.58
RAJRILTD,5564.91,5564.91
DYCL,35.62,35.62
FIVESTAR,24.59,24.59
VIRINCHI,32.86,32.86
SBC,74.31,74.31
ELIN,79.94,79.94
SHIGAN,43.78,43.78
MADHAVBAUG,76.2,76.2
MHLXMIRU,14.72,14.72
GATEWAY,20.91,20.91
ZIMLAB,31.94,31.94
JTLIND,37.61,37.61
RAINBOW,59.27,59.27
AETHER,149.46,78.25
ROTO,48.03,48.03
SPRL,18.84,18.84
INDOBORAX,16.38,16.38
LANDMARK,46.69,46.09
ETHOSLTD,130.29,130.29
SONUINFRA,16.31,16.31
MSUMI,46.64,46.64
LEMERITE,273.86,273.86
HARSHA,38.31,38.31
GMRP&UI,6.56,
KCK,189.81,189.81
INDOAMIN,28.15,28.15
KRISHNADEF,104.39,104.39
TVSSCS,9489.38,239.73
SWARAJ,29.76,29.76
AMEYA,27.7,27.7
ACI,33.4,33.4
RITCO,26.76,26.76
SADHNANIQ,406.05,406.05
SKP,64.26,64.26
CHEVIOT,10.75,10.75
HMAAGRO,44.47,44.47
MWL,27.06,27.06
CMRSL,12.65,10.36
YATHARTH,35.35,35.35
DCXINDIA,54.3,54.3
AKSHAR,43.99,43.99
NGLFINE,31,31
SABAR,12.18,12.18
SWASTIK,157.13,157.13
FIDEL,27.68,27.68
AXITA,32.66,32.66
FAIRCHEMOR,34.54,34.54
YUKEN,71.4,71.4
ANANDRATHI,64.81,64.81
POLICYBZR,570.21,761.62
MONARCH,19.54,19.54
EPIGRAL,32.28,32.28
GOCOLORS,72.83,72.83
CMSINFO,24.83,24.83
TARSONS,64.84,64.84
TEGA,55.29,55.29
MANORG,90.9,90.9
MICEL,30.35,33.87
PARADEEP,30.2,30.2
MANYAVAR,80.79,80.79
DMCC,71.07,71.07
EMIL,43.02,43.02
UMAEXPORTS,27.62,27.11
AHL,30.94,30.94
ASIANENE,57.82,54.52
NRL,62.57,62.57
CHOICEIN,63.92,63.92
GRWRHITECH,31.55,31.55
EMUDHRA,86.63,86.63
STARTECK,16.94,16.94
ELDEHSG,28.04,28.04
SEJALLTD,89.76,89.76
RELCHEMQ,111.84,111.84
SYRMA,66.83,66.3
CAMPUS,101.55,101.55
VENUSPIPES,48.67,48.67
MEGASTAR,74.12,74.12
RACE,696.94,696.94
DREAMFOLKS,34.57,34.57
DHARMAJ,30.13,30.13
OBCL,45.92,45.92
LICI,16.1,16.1
INOXGREEN,215.71,215.71
BIKAJI,77.58,77.58
HARDWYN,106.84,106.84
KFINTECH,63.31,63.31
KAYNES,149.11,149.11
SUNFLAG,26.25,26.25
SPMLINFRA,143.42,169.62
BHARATRAS,48.78,48.78
UNIVCABLES,76.39,76.39
SOMANYCERA,29.65,30.72
M&M,31.23,31.23
KABRAEXTRU,50.45,50.45
PRSMJOHNSN,85.71,
3PLAND,41.27,41.27
HONDAPOWER,41.6,43.39
JINDALSAW,12.99,12.99
ABB,100.58,100.58
GRAPHITE,9.26,34.92
BBL,45.97,45.97
ELECTCAST,14.94,14.94
DABUR,62.29,62.29
CIPLA,30.77,29.74
HEROMOTOCO,27.36,27.36
GIPCL,17.51,17.51
INDIANHUME,29.04,29.04
HINDCOMPOS,26.79,26.79
KAMATHOTEL,12.62,67.24
APOLLOTYRE,19.86,18.84
HITECH,54.69,54.69
NECCLTD,30.4,30.4
SEQUENT,312.83,
KDDL,30.49,30.55
BHARATWIRE,22.25,22.25
INFIBEAM,42.73,42.73
CROMPTON,63.59,63.59
SHRIPISTON,20.76,20.76
ASPINWALL,17.9,17.9
PREMEXPLN,112.59,112.59
CONTROLPR,25.79,25.81
DAMODARIND,45.41,45.41
MOLDTECH,26.22,26.22
QUESS,35.34,34.35
GROBTEA,42.99,42.99
MINDTECK,35.24,33.39
DBL,24.55,55.3
SPAL,24.47,24.47
RBLBANK,10.2,10.2
LTTS,45.99,45.99
ICICIPRULI,279.07,279.07
MARATHON,23.34,23.34
MASKINVEST,765.05,765.05
MAZDA,20.18,20.18
VBL,80.14,80.14
KINGFA,32.38,32.38
NBIFIN,149.03,149.03
SFL,50.84,72.35
LAURUSLABS,168.68,168.68
ITDC,94.33,94.23
HISARMETAL,18.63,18.63
SPCENET,135.87,135.87
BHANDARI,26.02,26.02
BSE,72.81,72.81
KALYANI,6,6
JITFINFRA,21.27,24.49
TASTYBITE,210.77,210.77
NRAIL,7.86,7.86
DOLLAR,30.77,30.57
PSPPROJECT,22.12,22.12
TEJASNET,133.71,133.71
GTPL,20.05,20.05
SALASAR,57.56,57.56
THEINVEST,36.09,36.09
SIS,42.77,42.77
SHANTIGEAR,54.97,54.97
PRECWIRE,40.24,40.24
NILKAMAL,27.86,27.86
ICIL,24.15,24.15
SEAMECLTD,26.65,28.24
AUROPHARMA,25.48,25.01
EIHOTEL,36.93,36.44
LICHSGFIN,8.01,8.01
GICHSGFIN,8.17,8.17
MOREPENLAB,42.1,42.1
WSTCSTPAPR,6.31,6.31
VENKEYS,25.53,25.53
GHCL,12.41,12.41
EVERESTIND,111.46,132.56
BPL,23.5,23.5
PGHH,77.83,77.83
VESUVIUS,42.65,42.65
BOMDYEING,1.41,
NAVNETEDUL,4.35,18.71
GLAXO,75.41,66.74
CHOLAFIN,34.3,34.3
KOTAKBANK,16.68,19.28
LYKALABS,1010.45,510.38
GILLETTE,71.25,71.25
FOSECOIND,47.04,47.26
ESABINDIA,56.61,56.61
AARTIIND,45.71,45.71
MFSL,87.42,87.42
HEG,56.1,56.1
TIMKEN,72.35,72.35
SHREECEM,44.22,44.22
SAKHTISUG,4.81,
AKZOINDIA,37.6,37.6
HINDUNILVR,64.54,64.52
GRASIM,19.12,18.39
FINCABLES,29.76,43.41
DCM,33.35,33.35
CESC,17.52,21.29
GREENPLY,43.53,47.85
PEARLPOLY,43.41,43.41
REMSONSIND,43.64,44.98
SWARAJENG,29.55,29.55
TNPETRO,17.82,15.91
MARICO,54.28,54.28
KEYFINSERV,6.67,6.67
SANGAMIND,49.58,43.04
SOMATEX,5.29,
STERTOOLS,30.15,30.37
HITECHGEAR,14.05,36.44
DENORA,39.89,39.89
DYNAMATECH,59.41,108.3
MMFL,20.98,21.14
JCHAC,3972.31,201.55
RUCHINFRA,28.77,91.21
INDRAMEDCO,29.9,29.9
MADRASFERT,21.71,13.35
SKMEGGPROD,11.83,11.83
ICICIBANK,18.67,18.67
INDSWFTLAB,3.13,16.53
SAREGAMA,50.12,50.12
FDC,29.67,29.67
ENGINERSIN,40.58,40.58
GMDCLTD,19.9,19.9
INDUSINDBK,12.38,12.38
TRIGYN,23.16,23.16
J&KBANK,6.45,6.45
CUB,11.84,11.84
ASTRAZEN,179.96,94.47
AXISBANK,13.6,13.6
SONATSOFTW,63.76,5.23
KOKUYOCMLN,50.78,50.78
DHANBANK,46.08,46.08
SANGHVIMOV,19.71,19.71
IVC,74.77,74.77
JINDALSTEL,17.26,17.26
NIPPOBATRY,2.94,2.94
HCLTECH,29.47,29.47
ACCELYA,27.83,27.9
NRBBEARING,12.59,34.16
BIL,48.93,48.93
KTKBANK,6.23,6.23
BLUESTARCO,70.01,70.01
TVSMOTOR,70.4,70.4
PNC,29.61,29.61
TAJGVK,28.06,28.06
REPRO,95.76,95.76
CHENNPETRO,5.79,5.79
KRBL,14.41,14.41
USHAMART,25.14,25.14
BALAJITELE,105.7,105.7
HIKAL,61.4,61.4
MARKSANS,35.5,35.5
SMARTLINK,35.65,35.65
ASAL,63.05,63.05
OLECTRA,160.35,174.57
APTECHT,52.24,47.24
UNIONBANK,6.62,6.62
GENESYS,100.88,100.88
GODREJIND,37.45,37.45
DIVISLAB,80.82,80.82
MARUTI,26.87,26.87
JSL,23.01,23.73
NSIL,34.6,34.6
UNIENTER,34.56,34.56
PTC,11.79,11.54
MAHABANK,9.76,9.76
RKFORGE,52.26,52.2
CCL,42.59,42.59
LT,31.58,31.72
APARINDS,43.41,43.41
NIITLTD,56.48,56.48
GULFPETRO,14.09,14.09
INDSWFTLTD,3.22,3.22
NTPC,19.41,19.41
JBMA,116.67,116.67
XCHANGING,41.57,41.57
JSWSTEEL,30.17,32.19
JPPOWER,10.44,7.53
SAKSOFT,31.96,31.96
MANGALAM,30.86,30.86
WELCORP,20.27,20.27
PRIMESECU,39.06,44.07
GRANULES,34.67,34.67
JSWHL,69.88,69.88
YESBANK,50.62,50.62
MSPL,68.31,68.34
GOLDIAM,37.57,37.57
FCSSOFT,,63.52
SUZLON,117.38,109.54
TRIVENI,28.68,28.68
NAHARINDUS,41.4,36.88
EKC,20.01,19.65
ROHLTD,21.83,21.83
ENIL,32.33,32.33
JAGRAN,13.22,13.22
KEC,61.13,61.13
INDOTECH,42.75,42.75
BLKASHYAP,39.28,42.22
CENTURYPLY,64.68,63.22
SOLARINDS,102.96,102.96
KKCL,25.93,25.93
SUNTV,16.89,16.89
GPIL,12.97,12.96
LOKESHMACH,46.16,46.16
SWELECTES,32.27,75.73
RATNAMANI,43.77,43.77
JKLAKSHMI,19.6,19.87
ALLCARGO,204.53,123.85
EMAMILTD,48.41,48.09
VOLTAMP,59.73,59.73
SELAN,33.12,33.12
ANANTRAJ,68.39,68.39
HOVS,42.31,42.31
TALBROAUTO,21.6,30.73
JMFINANCIL,306.87,11.52
FIEMIND,23.83,23.83
WEALTH,27,27
THYROCARE,59.99,59.87
PARAGMILK,23.77,23.77
ARMANFIN,10.8,10.8
BLS,48.72,48.72
SALONA,24.52,24.52
GLOBAL,13.92,13.92
AKASH,38.66,38.66
DMART,125.23,125.23
AIRAN,14.46,14.46
ARIHANTSUP,24.42,24.42
CLEDUCATE,34.65,37.22
SHANKARA,18.13,18.13
WIPL,58.53,58.53
SIKKO,36.6,36.6
INFOBEAN,39.85,39.85
BHAGYANGR,34.95,34.95
STARCEMENT,39.35,39.35
CDSL,61.9,61.9
AUBANK,30.97,29.84
STEELXIND,81.76,81.76
AVADHSUGAR,12.81,12.81
TOTAL,807.58,807.58
OPTIEMUS,84.46,84.46
ABCAPITAL,17.87,17.87
WORTH,14.13,14.13
AARVI,19.99,19.99
AIROLAM,27.29,27.29
JASH,37.69,37.69
GODREJAGRO,46.08,46.08
GICRE,9.82,9.82
IFGLEXPOR,29.49,29.49
ZODIAC,82.12,82.12
SHRADHA,11.7,11.7
TOUCHWOOD,51.24,51.25
BCONCEPTS,79.91,79.91
SINTERCOM,294.08,294.08
GRSE,61.09,61.09
SILGO,19.3,19.3
MARINE,114.55,115.06
TECHNOE,62.83,62.83
SHRIRAMPPS,6.36,6.36
ANUP,41.88,41.88
PAR,20.29,20.29
POLYCAB,56.08,56.08
EMAMIPAP,8.07,8.07
PPL,15.69,15.69
INDIAMART,45.14,45.14
AFFLE,71.02,71.02
SPANDANA,9.98,9.98
UJJIVANSFB,6.76,6.76
SAFARI,71.58,71.58
IIFLSEC,15.91,15.91
VISHWARAJ,67.56,67.56
GREENPANEL,40.59,40.59
APOLLOPIPE,63.54,63.54
ROUTE,26.26,27.27
SIGMA,22.58,22.58
EQUITASBNK,14.91,14.91
HINDWAREAP,77.13,77.13
LIKHITHA,25.72,25.72
PATANJALI,74.24,74.24
ATALREAL,39.07,39.07
MAHEPC,,2279.92
POWERINDIA,289.77,289.77
RAJRATAN,39.76,39.76
AARTISURF,30.4,30.4
NDRAUTO,55.61,55.61
PAVNAIND,56.34,56.34
SIGACHI,31.86,31.86
ADL,207.11,207.11
CAMS,57.12,57.12
ROML,129.19,129.19
RAILTEL,61.85,61.05
NURECA,570.01,570.01
HERANBA,34.85,34.85
NAUKRI,116.06,109.33
GESHIP,6.67,6.67
DONEAR,17.32,17.32
VENUSREM,16.1,16.1
HIRECT,86.76,67.52
PARACABLES,27.73,27.73
AVTNPL,27.16,27.16
TIDEWATER,32.92,32.92
LUMAXTECH,19.72,19.72
AUTOIND,27.65,28.33
TIIL,28.62,27.9
REDINGTON,12.94,12.94
PFC,8.55,8.55
INDIANB,8.18,8.18
LAOPALA,29.23,29.23
AMDIND,114.95,114.95
NAHARPOLY,1771.62,1771.62
THEMISMED,74.41,74.41
ICRA,40.94,40.94
AROGRANITE,56.96,56.96
SRHHYPOLTD,13.73,12.37
WEBELSOLAR,,376.73
INSECTICID,22.99,22.99
NAVINFLUOR,63.57,77.35
TIMETECHNO,27.72,27.72
HGS,72.24,72.24
DLF,123.99,123.99
MEGASOFT,77.84,77.84
ALPA,11.6,11.61
PURVA,133.18,133.18
MOTILALOFS,16.36,16.36
MAGNUM,40.7,142.54
POWERGRID,19.74,19.74
CERA,52.43,52.16
ADANIPORTS,34.36,32.76
EDELWEISS,20.09,20.09
COLPAL,70.62,70.62
HITECHCORP,21.44,22.17
ECLERX,26.45,26.38
PATINTLOG,25.67,25.67
ARIES,18.08,18.08
AMBIKCO,15.54,15.54
CEATLTD,19,17.84
JKIL,17.63,17.63
KNRCON,12.54,12.54
NMDC,10.53,10.17
NAHARCAP,15.52,15.52
VGUARD,69.45,69.45
DPSCLTD,103.84,103.84
BAJAJFINSV,18.58,18.58
BAJAJ-AUTO,39.55,39.55
RPGLIFE,39.36,39.36
RBL,21.78,21.34
RANEENGINE,30.38,24.69
ARCHIDPLY,114.35,114.35
VINYLINDIA,32.11,32.11
20MICRONS,19.59,19.22
JOCIL,82.23,82.23
COUNCODOS,39.98,39.98
HINDNATGLS,1.55,.85
MHRIL,70.19,70.19
GKWLIMITED,164.67,164.67
ADANIPOWER,15.71,15.71
OIL,15.6,15.68
RTNPOWER,.89,
ZYDUSWELL,47.48,47.48
SHILPAMED,154.49,166.28
REFEX,45.46,45.48
JSWENERGY,62.6,62.6
HINDCOPPER,83.58,83.58
MMTC,151.51,114.47
WHIRLPOOL,96.1,91.78
VASCONEQ,31.01,31.01
DBREALTY,7.73,8.21
TEXMOPIPES,77.16,17.82
LGBBROSLTD,16.15,16.89
ISFT,26.74,26.74
KSL,18.6,18.6
MANAPPURAM,7.86,7.86
TI,36.62,35.92
IMFA,9.3,9.3
GPPL,29.99,27.9
KILITCH,50.13,50.13
CAREERP,14.52,14.52
RAMKY,16.92,16.92
CANTABIL,33.01,33.66
BEDMUTHA,26.54,26.54
CGCL,45.32,45.32
RESPONIND,38.8,38.8
JINDWORLD,95.58,95.58
JAMNAAUTO,24.46,24.46
PSB,62.54,62.54
SUMMITSEC,37.38,32.84
HINDMOTORS,18.16,18.16
PFS,21.52,21.52
VADILALIND,19.64,19.64
RELAXO,107.92,107.92
ASHIANA,48.83,48.83
RUSHIL,22.84,22.84
INVENTURE,14.56,12.66
BODALCHEM,341.42,341.42
ASAHISONG,24.31,191.86
BROOKS,174.44,174.44
APLLTD,34.8,34.8
PGEL,78.72,78.72
PANAMAPET,12.47,12.47
PAISALO,30.32,30.37
SHAKTIPUMP,38.27,38.27
INDOTHAI,28.32,28.32
POLYMED,94.84,94.84
VIKASECO,42.31,42.31
KANANIIND,101.28,101.28
MINDACORP,56.89,56.89
DBSTOCKBRO,17.83,17.83
COMPUSOFT,59.29,59.29
NDL,12.93,12.93
HEXATRADEX,70.66,70.66
VSSL,23.29,23.29
SPECIALITY,27.38,27.38
KITEX,37.51,37.51
ROSSELLIND,155.8,154.4
ZUARI,5.84,5.84
VETO,17.96,17.96
JUSTDIAL,25.93,25.93
ORIENTCEM,36.18,36.18
JPOLYINVST,26.97,26.97
AGRITECH,13.42,13.42
CASTROLIND,30.4,30.4
AGARIND,15.41,15.41
HATSUN,93.1,93.1
GULFOILLUB,21.79,21.79
INTELLECT,45.19,44.8
MONTECARLO,24.92,24.92
APOLSINHOT,52.43,52.43
GENUSPAPER,89.56,89.56
GANECOS,75.13,75.13
HESTERBIO,119.13,119.13
MANAKALUCO,42.79,42.79
ZENTEC,93.35,94.46
VIPULLTD,2,1.98
UFO,78.07,64.84
ARROWGREEN,32.58,32.58
PNCINFRA,8.73,8.73
BALKRISHNA,,18.81
SYNGENE,71.93,74.49
SATIN,5.13,5.13
ARVSMART,67.83,67.83
SHREEPUSHK,18.68,18.68
IDFCFIRSTB,19.57,19.57
INDIGO,23.81,23.81
BALAXI,13.07,15.77
SALZERELEC,36.35,36.35
LINCOLN,14.6,14.6
NH,32.54,32.54
PRECAM,52.95,75.56
HCC,17.95,
IVP,15.18,15.18
INDBANK,22.78,22.78
NEULANDLAB,48.5,50.88
JINDALPOLY,24.7,109.28
BLUEDART,66.55,66.55
SOTL,22.63,22.63
DECCANCE,34.39,23.45
ADVANIHOTR,29.48,29.48
SIMPLEXINF,13.59,13.59
TATACOMM,61.39,73.2
SANOFI,33.85,31.81
KAJARIACER,55.3,55.27
POLYPLEX,20.06,20.06
SAIL,21.96,14.81
BRITANNIA,65.17,64.57
FMGOETZE,17.2,17.2
3MINDIA,64.43,64.43
RALLIS,49.61,49.87
KOPRAN,25.54,25.54
GREAVESCOT,,96.77
IPCALAB,63.76,69.15
GSFC,17.76,17.81
AMBUJACEM,35.34,37.16
CGPOWER,115.05,117.66
BEL,52.09,52.09
CORALFINAC,13.19,13.19
DALMIASUG,14.29,14.29
MRF,27.81,27.81
STARPAPER,6.4,6.24
CUBEXTUB,33.59,33.59
AARTIDRUGS,33.67,33.67
WENDT,74.01,74.01
LUPIN,45.4,45.4
TCI,30.09,29.87
PONNIERODE,10.18,10.18
OFSS,41.69,41.69
OMAXAUTO,18.39,
VARDHACRLC,22.9,22.9
IGL,23.97,23.97
SIL,140.29,140.29
BIOCON,22.09,22.32
ULTRACEMCO,47.84,47.66
GUFICBIO,46.67,46.67
KOTARISUG,41.87,41.87
SUPRAJIT,42.06,42.06
GOKEX,52.83,52.83
SHOPERSTOP,223.88,192.7
JKPAPER,8.34,8.34
VHL,344.16,40.71
NECLIFE,146.24,146.24
SASKEN,32.54,32.54
ALICON,34.56,34.56
JINDRILL,16.73,16.73
WANBURY,14.89,29.12
IZMO,20.09,20.09
PGIL,24.11,24.68
FSL,41.64,41.64
JKTYRE,12.52,12.2
NCLIND,13.31,13.31
PHOENIXLTD,47.99,47.97
ALPHAGEO,32.77,18.94
KMSUGAR,15.72,15.72
NELCAST,22.34,31.85
ADSL,34.17,34.17
THANGAMAYL,49.23,49.23
MANINFRA,26.34,26.34
UMESLTD,120.01,120.01
HMVL,191.16,191.16
ADFFOODS,41.02,41.02
SASTASUNDR,8.3,8.37
WABAG,31.05,30.88
COALINDIA,8.88,8.88
RPPINFRA,13.45,13.45
FMNL,1.16,
STEL,69.56,69.56
JUBLINDS,74.16,37.63
LOVABLE,73.09,73.09
PIIND,39.26,39.26
MAITHANALL,4.38,4.38
ORBTEXP,17.59,17.59
SDBL,22.81,22.81
CAPLIPOINT,31.05,31.05
SUPERHOUSE,15.82,25.41
MOLDTKPAC,41.94,41.94
MENONBE,9.6,9.6
MANAKCOAT,36.49,36.49
AVANTIFEED,22.11,22.11
SKIPPER,45.84,45.84
RAMASTEEL,59.36,59.36
POWERMECH,38.85,38.79
LUXIND,50.52,50.52
KRIDHANINF,,63.77
OCCL,8.09,8.09
VIDHIING,60.79,60.79
KELLTONTEC,21.33,21.33
HCG,108.65,115.05
PENINLAND,27.56,28.74
THERMAX,74.34,86.61
PREMIERPOL,21.37,21.37
RAYMOND,21.49,20.67
SESHAPAPER,9.73,9.73
SUNDRMFAST,52.33,52.33
EXIDEIND,46.81,46.81
ELECON,39.98,39.98
CRISIL,51.92,51.92
NELCO,128.21,128.21
MASTEK,28.26,28.04
LUMAXIND,49.15,49.15
KECL,93.42,93.42
CUMMINSIND,67.79,67.74
JAYBARMARU,36.23,36.23
INFY,29.92,29.92
INDIAGLYCO,25.63,25.63
IGPL,52.34,52.34
GNFC,19.86,19.86
BPCL,8.57,8.3
BASF,42.32,42.97
ARVIND,31.59,31.69
ACC,19.86,22.5
SCI,16.67,16.67
LINDEINDIA,139.68,139.68
HINDPETRO,11.29,11.29
ASHOKLEY,27.79,27.24
TITAN,92.72,92.72
SUNDARMFIN,36.09,34.61
SPIC,19.58,13.66
SBIN,10.55,9.8
NOCIL,37.82,37.82
DRREDDY,20.41,20.41
CHAMBLFERT,16.69,16.69
HINDOILEXP,16.65,19.66
COROMANDEL,33.97,33.97
CENTURYTEX,99.81,99.81
CENTENKA,28.22,28.22
VTL,20.39,20.39
FEDERALBNK,11.3,11.3
SUPREMEIND,66.15,66.15
UNICHEMLAB,,2231.85
HONAUT,83.21,83.21
PRECOT,18.28,23.23
SANDESH,6.35,6.35
BALKRISIND,35.05,35.05
RAJSREESUG,22.09,22.09
ONGC,8.42,8.2
USASEEDS,25.51,25.51
ALLETEC,74.91,74.91
CLOUD,3.65,3.65
ANNAPURNA,59.99,59.99
QUICKTOUCH,14.07,14.07
DOLLEX,9.31,9.31
ARHAM,46.46,46.46
PRITIKA,98.65,98.65
SRIVASAVI,28.35,28.35
SAHANA,79.97,79.97
VIAZ,29.92,29.92
MCON,54.55,54.55
QFIL,22.43,22.43
NIRMAN,51.91,51.91
SYSTANGO,21.43,21.43
AUROIMPEX,16.49,16.49
SHRITECH,14.02,14.02
INFINIUM,52.08,52.08
ESFL,63.84,63.84
REMUS,55.35,55.35
CELLPOINT,35.48,35.48
GREENCHEF,38.2,38.2
MONOPHARMA,26.88,26.88
SSFL,97.45,97.45
SANGANI,21.88,21.88
GLOBALPET,48.64,48.64
PRAMARA,48.95,48.95
ZEAL,22.83,22.83
UNIHEALTH,23.59,23.59
CHAVDA,23.09,23.09
PLADAINFO,9.69,9.69
KARNIKA,33.5,33.5
SAAKSHI,81.52,81.52
BASILIC,50.32,50.32
CPS,82.04,82.04
NEWJAISA,63.68,63.68
HOLMARC,31.33,31.33
VISHNUINFR,30.96,30.96
MICROPRO,19.69,19.69
MAITREYA,42.38,42.38
VINYAS,210.2,210.2
EMKAYTOOLS,13.88,13.88
AURDIS,15.17,15.17
PROLIFE,11.62,11.62
VSCL,1363.49,1363.49
TRANSWIND,37.2,37.2
CADSYS,7.09,7.23
BETA,46.5,46.5
MILTON,22.5,22.5
PULZ,19.57,19.57
INNOVANA,25.34,25.34
MDL,55.06,51.46
PARIN,150.63,150.63
DRSDILIP,69.58,69.58
ABINFRA,90.17,91.47
PARTYCRUS,21.44,21.44
NPST,653.8,653.8
MAKS,127.88,64.97
BEWLTD,34.66,34.66
ABCOTS,54.26,54.26
DKEGL,13.1,13.1
DESTINY,39.83,39.83
FOCE,43.13,43.13
JSLL,51.1,51.1
EUROBOND,60.61,60.61
TIMESCAN,12.93,12.93
GSTL,69.97,69.97
KNAGRI,30.91,30.91
KRISHIVAL,57.61,57.61
PROPEQUITY,27.75,27.75
VEEKAYEM,28.08,28.08
RILINFRA,31.93,31.93
ARISTO,18.88,18.88
JFLLIFE,17.33,17.33
BANARISUG,29.33,29.33
BSL,19.72,19.72
MUNJALSHOW,24.14,22.67
APCOTEXIND,40.17,40.17
RANASUG,23.61,23.61
ARENTERP,15.76,15.76
TATAPOWER,41.88,42.21
COCHINSHIP,59.07,59.07
MATRIMONY,36.2,36.2
ICICIGI,66.31,66.31
DIAMONDYD,39.91,39.91
MASFIN,19.16,19.16
TIINDIA,65.26,65.87
KHADIM,125.98,125.98
SHALBY,38.11,38.11
AMBER,86.71,86.71
GMMPFAUDLR,39.77,39.77
HGINFRA,18.07,18.46
SUNDARMHLD,41.88,41.88
HAL,39.58,39.58
SANDHAR,31.76,32.83
LEMONTREE,59.2,59.2
CHEMFAB,72.5,72.5
INDOSTAR,31.6,31.6
FINEORG,38.17,38.13
VARROC,17.77,17.77
HBSL,3.06,3.06
CREDITACC,12.65,12.65
IRCON,26.58,26.58
CHALET,76.58,76.58
PAKKA,32.56,32.56
GANGESSECU,35.55,35.55
SMSLIFE,26.5,26.5
DIXON,176.67,176.67
CAPACITE,20.64,20.64
IEX,51.44,51.44
HDFCLIFE,99.92,99.92
APOLLO,82.52,82.52
DALBHARAT,42.26,37.78
