SYMBOL,SERIES,SECURITY,HIGH/LOW,INDEX FLAG
21STCENMGM,BE,21ST CENTURY MGMT SERVICE,H
3PLAND,EQ,3P LAND HOLDINGS LIMITED,H
63MOONS,EQ,63 MOONS TECHNOLOGIES LTD,H
A2ZINFRA,BE,A2Z INFRA ENGINEERING LTD,H
AAATECH,BE,AAA TECHNOLOGIES LIMITED,H
AAKASH,EQ,AAKASH EXPLORATION SER L,H
ABCOTS,SM,A B COTSPIN INDIA LIMITED,H
ABSLAMC,EQ,ADIT BIRL SUN LIF AMC LTD,H
AGNI,SM,AGNI GREEN POWER LTD,H
AIRAN,EQ,AIRAN LIMITED,H
AKSHAR,BE,AKSHAR SPINTEX LIMITED,H
ALOKINDS,EQ,ALOK INDUSTRIES LIMITED,H
ALPEXSOLAR,SM,ALPEX SOLAR LIMITED,H
ANKITMETAL,BE,ANKIT MET & POW LTD,H
ANSALAPI,BZ,ANSAL PROP & INFRA LTD,H
ANTGRAPHIC,EQ,ANTARCTICA LTD,H
APS,SM,AUSTRALIAN PREM SOLAR I L,H
ARHAM,ST,ARHAM TECHNOLOGIES LTD,H
ARSHIYA,BE,ARSHIYA LIMITED,H
ARTNIRMAN,EQ,ART NIRMAN LIMITED,H
ASHOKAMET,EQ,ASHOKA METCAST LIMITED,H
AURIONPRO,EQ,AURIONPRO SOLN LTD,H
AURUM,EQ,AURUM PROPTECH LIMITED,H
AURUMPP1,E1,AURUM RS. 3.12 PPD UP,H
AVSL,ST,AVSL INDUSTRIES LIMITED,H
AZAD,EQ,AZAD ENGINEERING LIMITED,H
BAGFILMS,BE,B.A.G FILMS AND MEDIA LTD,H
BAHETI,SM,BAHETI RECYCLING IND LTD,H
BAJEL,EQ,BAJEL PROJECTS LIMITED,H
BGLOBAL,BZ,BHARATIYA GLOBAL INFO LTD,H
BINANIIND,BE,BINANI INDUSTRIES LTD,H
BIRLAMONEY,EQ,ADITYA BIRLA MONEY LTD,H
BKMINDST,BZ,BKM INDUSTRIES LIMITED,H
BMETRICS,SM,BOMBAY METRICS S C LTD,H
BRIGHT,SM,BRIGHT SOLAR LIMITED,H
CALSOFT,BE,CALIFORNIA SOFTWARE CO LT,H
CAREERP,EQ,CAREER POINT LIMITED,H
CENTEXT,EQ,CENTURY EXTRUSIONS LTD,H
CGRAPHICS,SM,CREATIVE GRAPHICS S IND L,H
CMICABLES,BZ,CMI LIMITED,H
COMPINFO,BZ,COMPUAGE INFOCOM LTD,H
CREATIVEYE,BE,CREATIVE EYE LIMITED,H
DCI,BE,DC INFOTECH AND COMUN LTD,H
DCMFINSERV,BE,DCM FINANCIAL SERVICES LT,H
DESTINY,ST,DESTINY LOGISTICS & I LTD,H
DNAMEDIA,EQ,DILIGENT MEDIA CORP LTD.,H
DPSCLTD,EQ,DPSC LIMITED,H
DREDGECORP,EQ,DREDGING CORP OF INDIA,H
DUGLOBAL,SM,DUDIGITAL GLOBAL LIMITED,H
E2E,BE,E2E NETWORKS LIMITED,H
EIMCOELECO,BE,EIMCO ELECON (INDIA) LTD,H
ELECTHERM,BE,ELECTROTHERM (I) LTD.,H
ELGIRUBCO,BE,ELGI RUBBER CO. LTD,H
ENERGYDEV,EQ,ENERGY DEVE. CO.LTD,H
EQUIPPP,BE,EQUIPPP SOC IMP TECH LTD,H
EXCEL,EQ,EXCEL REALTY N INFRA LTD,H
FCSSOFT,EQ,FCS SOFTWARE SOLN. LTD.,H
FEL,BZ,FUTURE ENTERPRISES LTD,H
FELDVR,BE,FUTURE ENTERPRISES LTD,H
FLFL,BZ,FUT LIFESTYLE FASH LTD,H
FMNL,EQ,FUTURE MKT NETWORKS LTD,H
FRETAIL,BZ,FUTURE RETAIL LIMITED,H
FSC,BZ,FUTURE SUPP CHAIN SOL LTD,H
GALLANTT,BE,GALLANTT ISPAT LIMITED,H
GANESHHOUC,EQ,GANESH HOUSING CORP LTD,H
GANGAFORGE,BE,GANGA FORGING LIMITED,H
GANGOTRI,BZ,GANGOTRI TEXTILES LTD.,H
GATECHDVR,BE,GACM TECHNOLOGIES LIMITED,H
GAYAHWS,BE,GAYATRI HIGHWAYS LIMITED,H
GENSOL,EQ,GENSOL ENGINEERING LTD,H
GET&D,BE,GE T&D INDIA LIMITED,H
GFSTEELS,BE,GRAND FOUNDRY LTD,H
GILLANDERS,EQ,GILLANDERS ARBUTHNOT LTD,H
GIRIRAJ,ST,GIRIRAJ CIVIL DEVP LTD,H
GLOBALVECT,BE,GLOBAL VEC HELICORP LTD,H
GMRP&UI,EQ,GMR POW AND URBAN INFRA L,H
GODHA,EQ,GODHA CABCON INSULAT LTD,H
GOLDENTOBC,BZ,GOLDEN TOBACCO LIMITED,H
GPTINFRA,BE,GPT INFRAPROJECTS LTD,H
GREENPOWER,EQ,ORIENT GREEN POWER CO LTD,H
GRETEX,ST,GRETEX INDUSTRIES LTD.,H
GSMFOILS,ST,GSM FOILS LIMITED,H
GTLINFRA,EQ,GTL INFRA.LTD,H
GUJAPOLLO,EQ,GUJ. APOLLO IND. LTD.,H
GVKPIL,EQ,GVK POW. & INFRA LTD.,H
GVPTECH,EQ,GVP INFOTECH LIMITED,H
HAVISHA,EQ,SRI HAVISHA HOSP & INFR L,H
HBSL,EQ,HB STOCKHOLDINGS LIMITED,H
HCL-INSYS,BE,HCL INFOSYSTEMS-DEPO SETT,H
HDIL,BZ,HOUSING DEV & INFRA LTD,H
HINDMOTORS,EQ,HINDUSTAN MOTORS LIMITED,H
HINDNATGLS,BE,HIND NATL GLASS & IND LTD,H
HITECHGEAR,BE,THE HI-TECH GEARS LIMITED,H
HLVLTD,BE,HLV LIMITED,H
HPIL,EQ,HINDPRAKASH INDUSTRY LTD,H
HUBTOWN,EQ,HUBTOWN LIMITED,H
HYBRIDFIN,EQ,HYBRID FINANCIAL SERVICE,H
IITL,EQ,INDUSTRIAL INV TRUST LTD,H
IL&FSENGG,BZ,IL&FS ENG AND CONS CO LTD,H
IL&FSTRANS,BZ,IL&FS TRANS NET LTD,H
IMPEXFERRO,BE,IMPEX FERRO TECH LIMITED,H
INDOTECH,BE,INDO TECH TRANSFORM LTD.,H
INDOWIND,EQ,INDOWIND ENERGY LTD,H
INDSWFTLTD,BE,IND-SWIFT LIMITED,H
INFOMEDIA,BE,INFOMEDIA PRESS LIMITED,H
INNOVATIVE,SM,INNOVATIVE TYRES & TUBES,H
INOXGREEN,EQ,INOX GREEN ENERGY SER LTD,H
JAIBALAJI,BE,JAI BALAJI INDUSTRIES LTD,H
JAYNECOIND,EQ,JAYASWAL NECO INDUSTR LTD,H
JHS,BE,JHS SVEND. LAB. LTD,H
JPASSOCIAT,EQ,JAIPRAKASH ASSOCIATES LTD,H
JPPOWER,EQ,JAIPRAKASH POWER VEN. LTD,H
JUBLINDS,EQ,JUBILANT INDUSTRIES LTD,H
JYOTICNC,EQ,JYOTI CNC AUTOMATION LTD,H
JYOTISTRUC,BE,JYOTI STRUCTURES,H
KANANIIND,EQ,KANANI INDUSTRIES LTD,H
KBCGLOBAL,EQ,KBC GLOBAL LIMITED,H
KDL,SM,KORE DIGITAL LIMITED,H
KEEPLEARN,BE,DSJ KEEP LEARNING LTD,H
KEEPLN-RE,BE,DSJ KEEP LEARNING LTD,H
KHAITANLTD,EQ,KHAITAN (INDIA)LTD.,H
KILITCH,EQ,KILITCH DRUGS INDIA LTD,H
KODYTECH,SM,KODY TECHNOLAB LIMITED,H
KONSTELEC,SM,KONSTELEC ENGINEERS LTD,H
KONTOR,SM,KONTOR SPACE LIMITED,H
KPIGREEN,EQ,KPI GREEN ENERGY LIMITED,H
KRITIKA,BE,KRITIKA WIRES LIMITED,H
KSHITIJPOL,EQ,KSHITIJ POLYLINE LIMITED,H
LAGNAM,BE,LAGNAM SPINTEX LIMITED,H
LAKPRE,BZ,LAKSHMI PRE SCRE LTD,H
LGHL,BE,LAXMI GOLDORNA HOUSE LTD,H
LIBERTSHOE,EQ,LIBERTY SHOES LTD,H
LOKESHMACH,BE,LOKESH MACHINES LTD,H
MACPOWER,BE,MACPOWER CNC MACHINES LTD,H
MAITREYA,SM,MAITREYA MEDICARE LIMITED,H
MANINDS,EQ,MAN INDUSTRIES (I) LTD.,H
MARINE,EQ,MARINE ELECTRICAL (I) LTD,H
MAXIND,EQ,MAX INDIA LIMITED,H
MBECL,BE,MCNALLY BH. ENG. CO.LTD,H
MCLEODRUSS,EQ,MCLEOD RUSSEL INDIA LTD.,H
MEGASOFT,EQ,MEGASOFT LTD,H
MEP,BE,MEP INFRA. DEVELOPERS LTD,H
MGEL-RE,BE,MANGALAM GLOBAL ENT LTD,H
MITTAL,EQ,MITTAL LIFE STYLE LIMITED,H
MODISONLTD,BE,MODISON LIMITED,H
NAGAFERT,EQ,NAGARJUN FERT AND CHE LTD,H
NETWEB,EQ,NETWEB TECH INDIA LTD,H
NILAINFRA,EQ,NILA INFRASTRUCTURES LTD,H
NIRAJ,EQ,NIRAJ CEMENT STRUC LTD,H
NITCO,BE,NITCO LIMITED,H
NOIDATOLL,EQ,NOIDA TOLL BRIDGE CO LTD,H
NPST,SM,NETWORK PEOPLE SRV TECH L,H
NRL,EQ,NUPUR RECYCLERS LIMITED,H
OMKARCHEM,BZ,OMKAR SPL CHEM LTD,H
ORIANA,SM,ORIANA POWER LIMITED,H
ORIENTLTD,EQ,ORIENT PRESS LIMITED,H
ORTEL,BZ,ORTEL COMMUNICATIONS LTD,H
OSWALAGRO,EQ,OSWAL AGRO MILLS LTD,H
OWAIS,SM,OWAIS METAL & MINERAL,H
PARASPETRO,BE,PARAS PETROFILS LTD.,H
PARSVNATH,EQ,PARSVNATH DEVELOPER LTD,H
PASHUPATI,SM,PASHUPATI COTSPIN LIMITED,H
PATTECH,ST,PATTECH FITWELL TUB COM L,H
PAYTM,EQ,ONE 97 COMMUNICATIONS LTD,H
PCJEWELLER,EQ,PC JEWELLER LTD,H
PIGL,BE,POWER INSTRUMENT (G) LTD,H
PRAENG,BE,PRAJAY ENG. SYN. LTD.,H
PREMIER,BE,PREMIER LIMITED,H
PRITIKA,SM,PRITIKA ENG COMPO LTD,H
PTCIL,EQ,PTC INDUSTRIES LIMITED,H
PULZ,SM,PULZ ELECTRONICS LIMITED,H
QUADPRO,SM,QUADPRO ITES LIMITED,H
QUINTEGRA,BE,QUINTEGRA SOLUTIONS LTD.,H
RBMINFRA,SM,RBM INFRACON LIMITED,H
RCOM,BE,RELIANCE COMMUNICATIONS L,H
REFEX,EQ,REFEX INDUSTRIES LIMITED,H
REFRACTORY,SM,REFRACTORY SHAPES LIMITED,H
RHL,BE,ROBUST HOTELS LIMITED,H
RKDL,EQ,RAVI KUMAR DIST. LTD.,H
RKEC,EQ,RKEC PROJECTS LIMITED,H
RPOWER,EQ,RELIANCE POWER LTD.,H
RPPINFRA,BE,R.P.P INFRA PROJECTS LTD.,H
RPPL,BE,RAJSHREE POLYPACK LTD,H
RSSOFTWARE,BE,R. S. SOFTWARE (INDIA) LI,H
RTNPOWER,BE,RATTANINDIA POWER LIMITED,H
RUCHINFRA,EQ,RUCHI INFRASTRUCTURE LTD,H
S&SPOWER,BE,S&S POWER SWITCHGEARS,H
SABAR,SM,SABAR FLEX INDIA LIMITED,H
SADBHAV,BE,SADBHAV ENGINEERING LTD,H
SADBHIN,EQ,SADBHAV INFRA PROJ LTD.,H
SAHANA,SM,SAHANA SYSTEM LIMITED,H
SAMBHAAV,BE,SAMBHAAV MEDIA LTD,H
SAMPANN,EQ,SAMPANN UTPADAN INDIA LTD,H
SANCO,BZ,SANCO INDUSTRIES LIMITED,H
SANDUMA,EQ,SANDUR MANG & IRON ORES L,H
SANWARIA,BZ,SANWARIA CONSUMER LIMITED,H
SARTELE,SM,SAR TELEVENTURE LIMITED,H
SARVESHWAR,EQ,SARVESHWAR FOODS LIMITED,H
SCHNEIDER,EQ,SCHNEIDER ELECTRIC INFRA,H
SCILAL,EQ,SHIPPING CORP OF ILA LTD,H
SEAMECLTD,EQ,SEAMEC LIMITED,H
SEL,SM,SUNGARNER ENERGIES LTD,H
SERVOTECH,EQ,SERVOTECH POWER SYS LTD.,H
SETUINFRA,BZ,SETUBANDHAN INFRA LTD,H
SEYAIND,BE,SEYA INDUSTRIES LIMITED,H
SHAKTIPUMP,EQ,SHAKTI PUMPS (I) LTD,H
SHIVATEX,EQ,SHIVA TEXYARN LIMITED,H
SHRENIK,EQ,SHRENIK LIMITED,H
SITINET,BE,SITI NETWORKS LIMITED,H
SJLOGISTIC,SM,S J LOGISTICS (INDIA) LTD,H
SKIL,BE,SKIL INFRASTRUCTURE LTD.,H
SKYGOLD,BE,SKY GOLD LIMITED,H
SMARTLINK,BE,SMARTLINK HOLDINGS LTD,H
SOLEX,SM,SOLEX ENERGY LIMITED,H
SPECTRUM,SM,SPECTRUM ELECTRIC IND LTD,H
SPMLINFRA,EQ,SPML INFRA LIMITED,H
SRPL,BE,SHREE RAM PROTEINS LTD.,H
STARTECK,BE,STARTECK FINANCE LIMITED,H
SUNDARAM,EQ,SUNDARAM MULTI PAP LTD,H
SUPREMEPWR,SM,SUPREME POWER EQUIPMENT L,H
SURANAT&P,EQ,SURANA TELECOM AND POW LT,H
SUVIDHAA,EQ,SUVIDHAA INFOSERVE LTD,H
SUZLON,BE,SUZLON ENERGY LIMITED,H
SWANENERGY,EQ,SWAN ENERGY LIMITED,H
SWARAJ,SM,SWARAJ SUITING LIMITED,H
SWELECTES,EQ,SWELECT ENERGY SYS LTD,H
SWSOLAR,EQ,STRLNG & WIL REN ENE LTD,H
SYNCOMF,EQ,SYNCOM FORMU (I) LTD,H
TAC,SM,TAC INFOSEC LIMITED,H
TARACHAND,BE,TARA CHAND INFRA SOLN LTD,H
TATAINVEST,EQ,TATA INVESTMENT CORP LTD,H
TCIFINANCE,EQ,TCI FINANCE LTD,H
TECHLABS,SM,TRIDENT TECHLABS LIMITED,H
TFCILTD,EQ,TOURISM FINANCE CORP. OF,H
TGL,SM,TEERTH GOPICON LIMITED,H
TPHQ,BE,TEAMO PRODUCTIONS HQ LTD,H
TRANSWIND,SM,TRANSWIND INFRA LIMITED,H
TREJHARA,BE,TREJHARA SOLUTIONS LTD,H
TRF,BE,TRF LIMITED,H
TRIL,BE,TRANS & RECTI. LTD,H
UEL,BE,UJAAS ENERGY LIMITED,H
UMAEXPORTS,BE,UMA EXPORTS LIMITED,H
UMESLTD,EQ,USHA MARTIN EDU & SOL LTD,H
UNITECH,BZ,UNITECH LIMITED,H
UNIVAFOODS,BE,UNIVA FOODS LIMITED,H
URJA,EQ,URJA GLOBAL LIMITED,H
VARDMNPOLY,EQ,VARDHMAN POLYTEX LTD.,H
VERTEXPLUS,ST,VERTEXPLUS TECHNOLOGIES L,H
VERTOZ,BE,VERTOZ ADVERTISING LTD,H
VHLTD,BE,VICEROY HOTELS LIMITED,H
VIKASLIFE,EQ,VIKAS LIFECARE LIMITED,H
VILAS,ST,VILAS TRANSCORE LIMITED,H
VINNY,EQ,VINNY OVERSEAS LIMITED,H
VISAKAIND,EQ,VISAKA INDUSTRIES LIMITED,H
VISASTEEL,BE,VISA STEEL LIMITED,H
VISESHINFO,BZ,VISESH INFOTECNICS LTD,H
VISHNUINFR,SM,VISHNUSURYA PROJ N INFR L,H
VIVIANA,SM,VIVIANA POWER TECH LTD,H
VLEGOV,BE,VL E GOV AND IT SOL LTD,H
VSCL,ST,VADIVARHE SPCLTY CHEM LTD,H
WEBELSOLAR,BE,WEBSOL ENERGY SYSTEM LTD,H
WINSOME,BE,WINSOME YARNS LIMITED,H
WOMANCART,SM,WOMANCART LIMITED,H
YAARI,BE,YAARI DIGI INT SER LTD,H
ZEELEARN,BE,ZEE LEARN LIMITED,H
ZENITHSTL,EQ,ZENITH STEEL PIP IND LTD,H
733TN52,SG,SDL TN 7.33% 2052,L
ABINFRA,SM,A B INFRABUILD LIMITED,L
ABSMARINE,ST,ABS MARINE SERVICES LTD,L
AGARWALFT,ST,AGARWAL FLOAT GLASS I LTD,L
AHLADA,BE,AHLADA ENGINEERS LIMITED,L
AILIMITED,ST,ABHISHEK INTEGRATIONS LTD,L
AISL,ST,ANI INTEGRATED SERV LTD.,L
AKI,EQ,AKI INDIA LIMITED,L
ALANKIT,EQ,ALANKIT LIMITED,L
AMBICAAGAR,BE,AMBICA AGAR & AROMAINDLTD,L
ANTGRAPHIC,EQ,ANTARCTICA LTD,L
ARSSINFRA,BE,ARSS INFRA PROJ. LTD,L
ASHOKAMET,EQ,ASHOKA METCAST LIMITED,L
ASIANENE,EQ,ASIAN ENERGY SERVICES LTD,L
ASMS,EQ,BARTRONICS INDIA LIMITED,L
ATMASTCO,SM,ATMASTCO LIMITED,L
BAFNAPH,BE,BAFNA PHARMACEUTICALS LTD,L
BANKBARODA,T0,BANK OF BARODA,L
BCG,BZ,BRIGHTCOM GROUP LIMITED,L
BGLOBAL,BZ,BHARATIYA GLOBAL INFO LTD,L
BINANIIND,BE,BINANI INDUSTRIES LTD,L
BKMINDST,BZ,BKM INDUSTRIES LIMITED,L
BMETRICS,SM,BOMBAY METRICS S C LTD,L
BOHRAIND,BE,BOHRA INDUSTRIES LIMITED,L
CADSYS,ST,CADSYS (INDIA) LIMITED,L
CGRAPHICS,SM,CREATIVE GRAPHICS S IND L,L
CINEVISTA,BE,CINEVISTA LIMITED,L
CLOUD,SM,VARANIUM CLOUD LIMITED,L
CMICABLES,BZ,CMI LIMITED,L
CMMIPL,ST,CMM INFRAPROJECTS LIMITED,L
CMRSL,SM,CYBER MEDIA RES & SER LTD,L
COMPINFO,BZ,COMPUAGE INFOCOM LTD,L
CPS,ST,C P S SHAPERS LIMITED,L
CUBEXTUB,BE,CUBEXTUBINGS-ROLLSETT,L
DCI,BE,DC INFOTECH AND COMUN LTD,L
DCMFINSERV,BE,DCM FINANCIAL SERVICES LT,L
DGCONTENT,BE,DIGICONTENT LIMITED,L
DHTL,SM,DOCMODE HEALTH TECH LTD,L
DOLPHIN,BE,DOLPHIN OFF ENT (IND) L,L
DYNAMIC,SM,DYNAMIC SRVCS & SEC LTD,L
EDUCOMP,BZ,EDUCOMP SOLUTIONS LTD,L
ELECTHERM,BE,ELECTROTHERM (I) LTD.,L
ELGIRUBCO,BE,ELGI RUBBER CO. LTD,L
ESCONET,SM,ESCONET TECHNOLOGIES LTD,L
ESSARSHPNG,EQ,ESSAR SHIPPING LTD,L
FCONSUMER,BE,FUTURE CONSUMER LIMITED,L
FELIX,SM,FELIX INDUSTRIES LTD.,L
FLEXITUFF,BE,FLEXITUFF VENTURES INT L,L
GANGOTRI,BZ,GANGOTRI TEXTILES LTD.,L
GAYAHWS,BE,GAYATRI HIGHWAYS LIMITED,L
GAYAPROJ,BZ,GAYATRI PROJECTS LTD,L
GLOBALVECT,BE,GLOBAL VEC HELICORP LTD,L
GODHA,EQ,GODHA CABCON INSULAT LTD,L
GOENKA,BZ,GOENKA DIAMOND&JEWELS LTD,L
HDIL,BZ,HOUSING DEV & INFRA LTD,L
HINDNATGLS,BE,HIND NATL GLASS & IND LTD,L
HYBRIDFIN,EQ,HYBRID FINANCIAL SERVICE,L
IEML,ST,INDIAN EMULSIFIERS LTD,L
IL&FSENGG,BZ,IL&FS ENG AND CONS CO LTD,L
INDSWFTLTD,BE,IND-SWIFT LIMITED,L
INSPIRISYS,BE,INSPIRISYS SOLUTIONS LTD,L
JITFINFRA,BE,JITF INFRALOGISTICS LTD,L
KARMAENG,BE,KARMA ENERGY LIMITED,L
KARNIKA,SM,KARNIKA INDUSTRIES LTD,L
KAVVERITEL,BE,KAVVERI TEL. LTD.,L
KBCGLOBAL,EQ,KBC GLOBAL LIMITED,L
KCEIL,SM,KAY CEE ENERGY & INFRA L,L
KCK,ST,KCK INDUSTRIES LTD,L
KRITIKA,BE,KRITIKA WIRES LIMITED,L
LLOYDS,SM,LLOYDS LUXURIES LIMITED,L
MBECL,BE,MCNALLY BH. ENG. CO.LTD,L
MDL,SM,MARVEL DECOR LIMITED,L
MEGASOFT,EQ,MEGASOFT LTD,L
MGEL-RE,BE,MANGALAM GLOBAL ENT LTD,L
MIRZAINT,EQ,MIRZA INTERNATIONAL LIMIT,L
MORARJEE,BE,MORARJEE TEXTILES LIMITED,L
NAGREEKCAP,EQ,NAGREEKA CAP & INFR.LTD,L
NTL,BE,NEUEON TOWERS LIMITED,L
OMKARCHEM,BZ,OMKAR SPL CHEM LTD,L
OSIAHYPER,BE,OSIA HYPER RETAIL LIMITED,L
OSWALSEEDS,BE,SHREEOSWAL S AND CHE LTD,L
PERFECT,SM,PERFECT INFRAENGINEER LTD,L
PRAENG,BE,PRAJAY ENG. SYN. LTD.,L
PRATHAM,SM,PRATHAM EPC PROJECTS LTD,L
PREMIER,BE,PREMIER LIMITED,L
PRUDMOULI,BE,PRUDENTIAL SUGAR CORPORAT,L
PULZ,SM,PULZ ELECTRONICS LIMITED,L
PVP,EQ,PVP VENTURES LIMITED,L
QUESTLAB,ST,QUEST LABORATORIES LTD,L
RADAAN,BE,RADAAN MEDIAWORKS (I) LTD,L
RAJRILTD,BE,RAJ RAYON INDUSTRIES LTD,L
RAMCOSYS,BE,RAMCO SYSTEMS LTD,L
RICHA,SM,RICHA INFO SYSTEMS LTD,L
ROLTA,BZ,ROLTA INDIA LTD,L
RULKA,ST,RULKA ELECTRICALS LIMITED,L
RVHL,EQ,RAVINDER HEIGHTS LIMITED,L
S&SPOWER,BE,S&S POWER SWITCHGEARS,L
SANCO,BZ,SANCO INDUSTRIES LIMITED,L
SECL,SM,SALASAR EXTERIOR CONT LTD,L
SECURCRED,BE,SECUR CREDENTIALS LIMITED,L
SEMAC,BE,SEMAC CONSULTANTS LIMITED,L
SHANTI,BE,SHANTI OVERSEAS INDIA LTD,L
SHEETAL,ST,SHEETAL UNIVERSAL LIMITED,L
SHIVATEX,EQ,SHIVA TEXYARN LIMITED,L
SIMPLEXINF,BE,SIMPLEX INFRASTRUCTURES L,L
SINDHUTRAD,EQ,SINDHU TRADE LINKS LTD,L
SITINET,BE,SITI NETWORKS LIMITED,L
SKIL,BE,SKIL INFRASTRUCTURE LTD.,L
SKYGOLD,BE,SKY GOLD LIMITED,L
SPTL,BZ,SINTEX PLASTICS TECH LTD,L
SRPL,BE,SHREE RAM PROTEINS LTD.,L
SSFL,SM,SRIVARI SPICES N FOODS L,L
SUMEETINDS,BE,SUMEET IND LIMITED,L
SUMIT,BE,SUMIT WOODS LIMITED,L
SUULD,EQ,SUUMAYA INDUSTRIES LTD,L
TECILCHEM,EQ,TECIL CHEMICALS,L
TIMESCAN,SM,TIMESCAN LOGISTICS IND L,L
TIMESGTY,BE,TIMES GUARANTY LIMITED,L
TPHQ,BE,TEAMO PRODUCTIONS HQ LTD,L
URAVI,BE,URAVI T AND WEDG LAMP LTD,L
URBAN,SM,URBAN ENVIRO WASTE MGMT L,L
V2RETAIL,BE,V2 RETAIL LIMITED,L
VCL,BE,VAXTEX COTFAB LIMITED,L
VERITAAS,ST,VERITAAS ADVERTISING LTD,L
VIJIFI-RE,BE,VIJI FINANCE LIMITED,L
VIKASECO,EQ,VIKAS ECOTECH LIMITED,L
VILAS,ST,VILAS TRANSCORE LIMITED,L
WALPAR,SM,WALPAR NUTRITIONS LIMITED,L
WINSOME,BE,WINSOME YARNS LIMITED,L
WIPL,EQ,THE WESTERN INDIA PLY LTD,L
XELPMOC,BE,XELPMOC DESIGN & TECH LTD,L
YUDIZ,SM,YUDIZ SOLUTIONS LIMITED,L
