GAIN_LOSS,SECURITY,CLOSE_PRIC,PREV_CL_PR,PERCENT_CG
 ,Nifty 50 Sec., , , 
 , , , , 
G,ADANI PORT & SEZ LTD,      1583.95,      1437.40,10.2
G,NTPC LTD,       391.80,       359.00,9.14
G,STATE BANK OF INDIA,       905.65,       830.35,9.07
G,POWER GRID CORP. LTD.,       337.65,       310.00,8.92
G,OIL AND NATURAL GAS CORP.,       284.10,       264.35,7.47
G,ADANI ENTERPRISES LIMITED,      3645.25,      3411.35,6.86
G,SHRIRAM FINANCE LIMITED,      2509.15,      2354.05,6.59
G,LARSEN & TOUBRO LTD.,      3897.15,      3669.30,6.21
G,BHARAT PETROLEUM CORP  LT,       666.15,       627.80,6.11
G,ULTRATECH CEMENT LIMITED,     10470.05,      9915.50,5.59
G,RELIANCE INDUSTRIES LTD,      3020.65,      2860.80,5.59
G,AXIS BANK LIMITED,      1223.90,      1162.15,5.31
G,MAHINDRA & MAHINDRA LTD,      2634.00,      2506.25,5.1
G,INDUSIND BANK LIMITED,      1529.70,      1461.85,4.64
G,COAL INDIA LTD,       512.35,       491.20,4.31
G,TATA STEEL LIMITED,       174.25,       167.20,4.22
G,JSW STEEL LIMITED,       915.30,       880.55,3.95
G,ICICI BANK LTD.,      1160.00,      1121.05,3.47
G,BAJAJ FINANCE LIMITED,      6915.55,      6697.70,3.25
G,BAJAJ FINSERV LTD.,      1575.80,      1528.60,3.09
G,TATA MOTORS LIMITED,       950.45,       923.00,2.97
G,BAJAJ AUTO LIMITED,      9335.45,      9084.75,2.76
G,HDFC BANK LTD,      1572.20,      1531.55,2.65
G,GRASIM INDUSTRIES LTD,      2368.80,      2316.25,2.27
G,KOTAK MAHINDRA BANK LTD,      1718.05,      1680.40,2.24
G,TECH MAHINDRA LIMITED,      1245.35,      1228.45,1.38
G,WIPRO LTD,       444.10,       438.20,1.35
G,BHARTI AIRTEL LIMITED,      1391.10,      1372.75,1.34
G,HINDUSTAN UNILEVER LTD.,      2355.90,      2329.05,1.15
G,HINDALCO  INDUSTRIES  LTD,       695.95,       689.35,.96
 , , , , 
L,EICHER MOTORS LTD,      4670.85,      4733.45,-1.32
L,LTIMINDTREE LIMITED,      4649.40,      4701.90,-1.12
L,HCL TECHNOLOGIES LTD,      1314.45,      1324.10,-0.73
L,ASIAN PAINTS LIMITED,      2866.45,      2881.20,-0.51
L,SUN PHARMACEUTICAL IND L,      1453.05,      1459.80,-0.46
L,BRITANNIA INDUSTRIES LTD,      5167.80,      5179.80,-0.23
L,DR. REDDY S LABORATORIES,      5783.30,      5791.85,-0.15
L,INFOSYS LIMITED,      1405.90,      1406.90,-0.07
 , , , , 
 ,Nifty Next 50 Sec., , , 
 , , , , 
G,ADANI POWER LTD,       874.50,       755.80,15.71
G,GAIL (INDIA) LTD,       230.80,       204.30,12.97
G,POWER FIN CORP LTD.,       554.80,       492.45,12.66
G,REC LIMITED,       604.50,       537.75,12.41
G,BANK OF BARODA,       296.95,       264.90,12.1
G,ADANI ENERGY SOLUTION LTD,      1221.95,      1122.80,8.83
G,CANARA BANK,       128.25,       118.00,8.69
G,INDIAN OIL CORP LTD,       175.30,       162.40,7.94
G,ADANI TOTAL GAS LIMITED,      1119.40,      1039.30,7.71
G,BHARAT ELECTRONICS LTD,       318.65,       295.95,7.67
G,ADANI GREEN ENERGY LTD,      2038.00,      1908.35,6.79
G,DLF LIMITED,       869.15,       815.65,6.56
G,INDIAN RAILWAY FIN CORP L,       188.95,       177.80,6.27
G,HINDUSTAN AERONAUTICS LTD,      5273.65,      4973.85,6.03
G,PUNJAB NATIONAL BANK,       137.00,       129.45,5.83
G,AMBUJA CEMENTS LTD,       670.80,       634.05,5.8
G,LIFE INSURA CORP OF INDIA,      1067.65,      1012.70,5.43
G,ABB INDIA LIMITED,      8728.00,      8317.95,4.93
G,TATA POWER CO LTD,       456.55,       436.75,4.53
G,SIEMENS LTD,      7274.00,      6967.95,4.39
G,CHOLAMANDALAM IN & FIN CO,      1288.65,      1241.10,3.83
G,JIO FIN SERVICES LTD,       356.10,       344.35,3.41
G,INDIAN RAIL TOUR CORP LTD,      1054.25,      1020.35,3.32
G,TVS MOTOR COMPANY  LTD,      2250.00,      2179.25,3.25
G,ZYDUS LIFESCIENCES LTD,      1032.25,      1000.15,3.21
G,JINDAL STEEL & POWER LTD,      1057.45,      1028.15,2.85
G,GODREJ CONSUMER PRODUCTS,      1306.50,      1270.35,2.85
G,VARUN BEVERAGES LIMITED,      1464.05,      1426.80,2.61
G,INTERGLOBE AVIATION LTD,      4298.05,      4189.05,2.6
G,BERGER PAINTS (I) LTD,       471.80,       460.00,2.57
 , , , , 
L,ZOMATO LIMITED,       175.45,       179.15,-2.07
L,HAVELLS INDIA LIMITED,      1879.30,      1907.30,-1.47
L,BOSCH LIMITED,     29989.35,     30393.75,-1.33
L,SAMVRDHNA MTHRSN INTL LTD,       149.45,       151.25,-1.19
L,TORRENT PHARMACEUTICALS L,      2677.95,      2696.05,-0.67
L,MARICO LIMITED,       594.10,       595.55,-0.24
L,DABUR INDIA LTD,       544.80,       545.10,-0.06
 , , , , 
 ,OTHER SECURITIES, , , 
 , , , , 
G,7.35% TAX FREE NCD,      1242.00,      1040.20,19.4
G,PTC INDUSTRIES LIMITED,      9878.90,      8379.60,17.89
G,GUJ IND POW CO. LTD,       209.15,       179.25,16.68
G,MITTAL LIFE STYLE LIMITED,         2.10,         1.80,16.67
G,SKIPPER RE.0.25 PPD UP,       175.45,       155.00,13.19
G,8.51% TAX FREETRI SR2A,      1166.00,      1036.23,12.52
G,NAZARA TECHNOLOGIES LTD,       788.75,       701.85,12.38
G,BANK OF BARODA,       296.95,       264.90,12.1
G,GRILL SPLENDOUR SER LTD,        66.35,        59.20,12.08
G,AUTHUM INVEST & INFRA LTD,       924.10,       825.55,11.94
G,TAX FREE 7.39% SR. IIA,      1232.00,      1101.00,11.9
G,CENTRAL BANK OF INDIA,        72.30,        64.65,11.83
G,B.L.KASHYAP & SON LTD,        74.30,        66.60,11.56
G,SUNDARAM MULTI PAP LTD,         3.00,         2.70,11.11
G,KOTHARI SUG & CHEM LTD.,        59.55,        53.90,10.48
G,JTL INDUSTRIES LIMITED,       230.80,       209.15,10.35
G,IRB INFRA DEV LTD.,        72.80,        66.10,10.14
G,ADIT BIRL SUN LIF AMC LTD,       574.80,       522.55,10
G,NUPUR RECYCLERS LIMITED,        84.25,        76.60,9.99
G,REFRACTORY SHAPES LIMITED,       152.30,       138.50,9.96
G,V R INFRASPACE LIMITED,       148.35,       135.00,9.89
G,SKIPPER LIMITED,       326.30,       297.95,9.52
G,ESAB INDIA LTD,      5821.60,      5315.90,9.51
G,OSWAL GREENTECH LIMITED,        34.05,        31.10,9.49
G,SEC RED NCD 9.7% SR.VII,      1172.00,      1072.00,9.33
G,CONTAINER CORP OF IND LTD,      1174.25,      1074.85,9.25
G,FOCE INDIA LIMITED,       980.00,       898.00,9.13
G,NIP IND ETF PSU BANK BEES,        89.71,        82.24,9.08
G,NCC LIMITED,       312.85,       286.95,9.03
G,IREDA 8.55NCDTR I SR II A,      1150.00,      1055.10,8.99
 , , , , 
L,TFB 7.37% 2035 SR. 3A,      1238.00,      1380.00,-10.29
L,COOL CAPS INDUSTRIES LTD,       348.50,       387.00,-9.95
L,AMEYA PRECISION ENG LTD,        76.80,        83.70,-8.24
L,FILATEX FASHIONS LIMITED,        10.60,        11.55,-8.23
L,EMKAY TAP & CUT. TOOL LTD,       829.00,       894.00,-7.27
L,AVP INFRACON LIMITED,        98.85,       106.45,-7.14
L,AURO IMPEX & CHEMICALS L,        67.15,        71.95,-6.67
L,RITE ZONE CHEMCON IND LTD,        44.50,        47.65,-6.61
L,SAKUMA EXPORTS LIMITED,        32.65,        34.90,-6.45
L,DRC SYSTEMS INDIA LIMITED,        20.50,        21.90,-6.39
L,PUNJAB CHEM & CROP PROT L,      1099.85,      1169.85,-5.98
L,DAVANGERE SUGAR COMPANY L,        10.00,        10.60,-5.66
L,KALAHRIDHAAN TRENDZ LTD,        42.00,        44.50,-5.62
L,GODHA CABCON INSULAT LTD,          .85,          .90,-5.56
L,MICROPRO SOFTWARE SOL L,        46.55,        49.10,-5.19
L,PERFECT INFRAENGINEER LTD,        28.45,        29.95,-5.01
L,C P S SHAPERS LIMITED,       274.40,       288.85,-5
L,ATMASTCO LIMITED,       212.70,       223.90,-5
L,URBAN ENVIRO WASTE MGMT L,       310.60,       326.95,-5
L,ANI INTEGRATED SERV LTD.,       151.05,       159.00,-5
L,ABHISHEK INTEGRATIONS LTD,        52.25,        55.00,-5
L,KCK INDUSTRIES LTD,       163.40,       172.00,-5
L,SDL TN 7.33% 2052,        95.00,       100.00,-5
L,AGARWAL FLOAT GLASS I LTD,        60.80,        64.00,-5
L,KAY CEE ENERGY & INFRA L,       220.45,       232.05,-5
L,VERITAAS ADVERTISING LTD,       212.85,       224.05,-5
L,RULKA ELECTRICALS LIMITED,       381.10,       401.15,-5
L,CADSYS (INDIA) LIMITED,       330.85,       348.25,-5
L,DOCMODE HEALTH TECH LTD,       193.00,       203.15,-5
L,PRATHAM EPC PROJECTS LTD,       366.20,       385.45,-4.99
