SYMBOL,SYMBOL P/E,ADJUSTED P/E
DOLLAR,34.94,34.72
SCHAND,15.75,15.75
BHAGYANGR,7.24,7.24
GLOBE,15.66,15.66
ERIS,31.39,31.39
AUBANK,31.61,30.37
DYNPRO,89.38,89.38
SALASAR,59.79,59.79
THEINVEST,50.02,50.02
WEWIN,31.9,31.9
COCHINSHIP,65.4,65.4
ABCAPITAL,18.57,18.57
CHOLAHLDNG,5.31,5.31
DPWIRES,28.1,28.1
DIAMONDYD,38.07,37.52
GATECHDVR,16.43,16.43
GODREJAGRO,32.47,32.47
IEX,40.18,40.18
SECURCRED,13.07,13.07
5PAISA,29.56,29.56
SILVERTUC,61.41,61.41
SHRADHA,8.96,8.96
TOUCHWOOD,49.69,49.7
SILLYMONKS,145.88,145.88
AMBER,85.51,85.51
SOUTHWEST,38.88,41.28
ASTERDM,64.6,
SARVESHWAR,49.86,49.86
BANDHANBNK,20.11,20.11
MITTAL,24.42,75.55
AVG,21.45,35.61
GODHA,117.85,117.85
ORIENTELEC,64.33,79.99
SVLL,82.73,82.73
SONAMLTD,28.96,28.96
OAL,127.42,127.42
WEL,128.08,128.08
CHEMCON,45.3,45.3
WESTLIFE,186.77,186.77
MAZDOCK,35.5,35.5
DCI,26.81,26.81
IIFLSEC,11.6,11.6
VISHWARAJ,21.84,21.84
KUANTUM,7.23,7.23
CHEMBOND,15.38,15.38
SBICARD,27.34,27.34
SIGMA,20.86,20.86
EASEMYTRIP,71.85,43.46
PRINCEPIPE,36.95,40.13
PATANJALI,67.66,67.66
ASALCBR,19.55,19.55
UNIVPHOTO,12.3,12.3
BAFNAPH,28.96,28.96
POWERINDIA,278.62,278.62
RAJRATAN,37.13,37.13
AARTISURF,26.28,26.28
NDRAUTO,31.48,31.48
AAATECH,39.33,39.33
UNIDT,45.37,45.37
ANGELONE,19.74,19.74
ROML,48.88,48.88
RAILTEL,53.96,56.09
HERANBA,34,34
FAIRCHEMOR,39.83,39.83
ISGEC,31.02,31.02
PAKKA,21.23,21.23
SHAILY,50.89,50.89
FIBERWEB,15.96,15.96
SBCL,36.03,36.03
IPL,41.23,41.23
LODHA,87.46,82.37
UTKARSHBNK,11.36,11.36
CRAFTSMAN,26.57,26.57
JUBLINGREA,43.56,43.56
GLS,21.76,21.76
DEEPINDS,14.18,14.33
THERMAX,100,110.53
RIIL,174.74,174.74
RAYMOND,22.64,21.56
SHREDIGCEM,17.41,17.41
SESHAPAPER,7.83,7.83
SUNDRMFAST,47.63,47.63
EXIDEIND,47.04,47.04
CRISIL,46.14,46.14
ORIENTPPR,158.32,158.32
MASTEK,23.63,23.45
TRENT,119.71,194.25
CUMMINSIND,66.72,66.66
JBCHEPHARM,49.76,49.76
INDIAGLYCO,14.9,14.9
IONEXCHANG,38.6,38.6
HIMATSEIDE,11.08,11.08
GFLLIMITED,272.44,272.44
BHARATFORG,79.99,79.38
ATUL,52.64,52.64
TATAMOTORS,9.86,9.64
MRPL,9.94,9.92
ESCORTS,40.86,40.86
BAJAJHLDNG,62.79,62.79
ZUARIIND,1.22,
VOLTAS,116.34,116.34
TATASTEEL,,63.19
SPIC,16.83,11.44
RELIANCE,24.61,24.61
BATAINDIA,66.85,61.11
CARBORUNIV,70.12,70.12
DICIND,,97.09
MOTOGENFIN,107.68,107.68
RAMCOCEM,44.54,44.54
CENTURYTEX,101.39,38.3
TORNTPHARM,55.1,57.65
VLSFINANCE,2.71,2.71
SRF,49.07,49.07
BBOX,29.94,23.94
HONAUT,90.68,90.68
PRECOT,27.1,43.11
APOLLOHOSP,91.56,91.68
ARE&M,23.94,23.94
BALKRISIND,40.07,40.07
RAJSREESUG,14.38,14.38
ONGC,6.18,6.04
TAINWALCHM,34.3,34.3
ANIKINDS,432.94,432.94
BSL,15.99,15.99
APCOTEXIND,39.13,39.13
RCF,37.33,44.42
TATAPOWER,44.98,48.61
SUNFLAG,26.87,26.87
BHARATRAS,54.5,54.5
JUBLPHARMA,102.16,70.19
IFCI,63.26,63.77
HLVLTD,68,68
HEIDELBERG,27.3,27.3
MANGLMCEM,39.25,39.25
PCBL,18.04,18.04
3PLAND,30.17,30.17
HONDAPOWER,29.36,30.62
RUBYMILLS,15.29,15.29
BBL,37.09,37.09
DCMSHRIRAM,34.82,34.82
COSMOFIRST,23.36,23.36
HEROMOTOCO,26.5,25.69
HARRMALAYA,,1125.16
ITC,25.69,25.68
HINDCOMPOS,18.13,18.13
OSWALGREEN,125.34,125.34
HUHTAMAKI,5.85,22.85
RICOAUTO,41.12,39.3
SIYSIL,10.81,10.81
PRECWIRE,30.56,30.56
NCC,24.51,23.84
SEAMECLTD,21.34,21.34
BBTC,5.32,5.14
GICHSGFIN,7.37,7.37
BANARBEADS,20.89,20.89
WSTCSTPAPR,5,5
S&SPOWER,33.12,33.12
PRUDMOULI,12.01,11.17
PRAJIND,33.86,33.86
EVERESTIND,97.41,143.8
KEEPLEARN,142.88,142.88
TFCILTD,16.29,16.29
AGI,16.78,16.78
TATACONSUM,77.65,66.99
ZEEL,71.9,254.13
KOTAKBANK,18.58,18.58
JAYSREETEA,22.39,
FOSECOIND,31.03,35.67
ANDHRAPAP,5.84,5.84
SCHAEFFLER,73.71,73.44
MFSL,80.71,80.71
KSB,81.78,81.78
GODFRYPHLP,27.91,27.91
SUDARSCHEM,15.22,48.52
INGERRAND,61.65,61.65
HINDUNILVR,53.2,53.22
AMBUJACEM,33.12,34.7
DCW,98.1,92.5
CESC,13.47,16.41
BAJFINANCE,28.7,28.7
NAVA,5.63,6.14
CORALFINAC,8.99,8.99
PEARLPOLY,88.92,88.92
KHAITANLTD,25.43,25.43
ANDHRSUGAR,24.95,23.88
STARPAPER,5.45,5.33
AUSOMENT,14.84,14.84
JAYAGROGN,13.73,13.73
SILINV,17.8,17.8
MOTHERSON,36.84,35.74
SOMATEX,5.32,
CREST,16.27,16.27
WENDT,72.58,72.58
SHRIRAMFIN,11.97,11.97
MIRZAINT,48.73,48.73
GUJAPOLLO,24.48,24.48
GUJRAFFIA,43.02,43.02
KOTHARIPET,11.68,11.62
GAIL,15.62,16.18
CONCOR,53.16,53.16
KCPSUGIND,6.08,6.82
FDC,23.08,23.08
ADROITINFO,13.31,13.31
INDUSINDBK,12.68,12.68
TRIGYN,17.95,17.95
CUB,10.43,10.43
ITDCEM,26.7,26.7
SONATSOFTW,46.84,4.01
CYBERTECH,19.94,19.94
DHANBANK,18.16,18.16
STCINDIA,16.16,17.37
RSSOFTWARE,27.52,27.52
IVC,28.94,28.94
ALEMBICLTD,27.26,27.26
BSOFT,26.76,26.76
STAR,290.87,33.93
ZYDUSLIFE,26.27,26.22
RAJESHEXPO,26.09,26.09
NRBBEARING,12.62,34.31
BLBLIMITED,37.37,37.37
TVSMOTOR,56.82,56.82
PNC,36.27,36.27
GAEL,19.01,19.01
MRO-TEK,45.78,45.78
HIKAL,50.46,50.46
ACLGATI,210.91,
ASAL,68.14,68.14
APTECHT,44.9,38.59
UNIONBANK,8.92,8.92
DIVISLAB,71.46,71.46
BAGFILMS,20.37,20.37
TVSELECT,2119.23,2119.23
UNIENTER,26.93,26.93
MUKANDLTD,21.82,21.82
MAHABANK,12.06,12.06
POONAWALLA,21.06,30.83
DATAMATICS,16.44,16.44
LT,32.4,32.55
NIITLTD,33.87,33.66
COFORGE,39.67,40.11
INDSWFTLTD,8.07,8.07
NTPC,17.67,17.67
SUPRAJIT,36.67,36.67
JINDALPHOT,45.23,45.23
ALLSEC,24.76,24.76
SHOPERSTOP,103.88,95.84
SURYALAXMI,35.89,21.05
63MOONS,7.2,7.2
GEOJITFSL,16.54,16.54
NECLIFE,143.01,143.01
IDFC,559.92,559.92
IMPAL,17.04,17.04
AURIONPRO,42.33,42.33
AIAENG,30.52,30.53
ORIENTCER,27.65,32.6
VIMTALABS,25.59,25.59
NITINSPIN,13.45,13.45
ENIL,27.99,28.92
GVKPIL,7.34,7.34
KEC,54.75,54.75
BLKASHYAP,28.58,28.58
SOLARINDS,97.07,97.07
SUNTV,13.51,13.51
EMKAY,12.77,12.77
BALPHARMA,24.34,24.34
RATNAMANI,38.17,38.17
ALLCARGO,44.75,58.85
EMAMILTD,37.51,37.26
TECHM,50.25,50.32
SELAN,26.58,26.58
HOVS,29.27,29.27
ALICON,13.45,13.45
JMFINANCIL,272.93,7.49
DCBBANK,7.48,7.48
INSPIRISYS,40.75,40.75
NAUKRI,101.6,94.68
TORNTPOWER,38.07,38.07
VENUSREM,15.16,15.16
PARACABLES,27.86,27.86
LUMAXTECH,19.81,19.81
GANDHITUBE,17.26,17.26
UNOMINDA,66.04,67.7
TIIL,20.26,19.77
TTL,48.6,48.6
PAGEIND,70.46,70.46
JKTYRE,13.02,12.71
BANSWRAS,14.29,14.29
AROGRANITE,36.85,36.85
NDLVENTURE,185.76,185.76
FORTIS,56.42,57.53
V2RETAIL,67.11,67.11
CENTRALBK,21.79,21.79
CIEINDIA,25.01,25.01
PURVA,195.38,195.38
NAGREEKCAP,.81,.81
MANGCHEFER,8.11,8.11
BAJAJELEC,78.11,78.11
BVCL,15.78,15.78
RGL,13.46,13.46
COLPAL,54.6,54.03
KALYANIFRG,33.56,33.56
ECLERX,21.02,20.96
MANAKSIA,8.36,6.33
BIRLAMONEY,13.08,13.08
CORDSCABLE,26.91,26.91
SEPC,116.95,116.95
NAHARCAP,12.18,12.18
DPSCLTD,98.93,98.93
TITAGARH,66.01,65.63
BAJAJ-AUTO,34.09,34.09
DIGISPICE,12.73,29.25
RPGLIFE,26.95,26.95
RANEENGINE,22.68,16.95
ARCHIDPLY,28.57,28.57
VINYLINDIA,29.28,29.28
ZFCVINDIA,81.25,81.25
JOCIL,95.13,95.13
ALKALI,98.87,82.35
TPHQ,20.28,20.28
MAWANASUG,10.46,10.46
AJMERA,22.71,22.71
EXCEL,81.64,81.64
EXPLEOSOL,20.66,20.66
SUNTECK,97.42,97.42
SARDAEN,15.51,15.45
AHLUCONT,20.94,33.64
GODREJPROP,107.41,107.41
MMTC,154.61,219.33
NESTLEIND,90.9,91.24
JUBLFOOD,84.7,144.52
EMMBI,17.63,17.63
TEXMOPIPES,47.19,15.53
LGBBROSLTD,14.34,14.61
SJVN,60.51,65.08
HMVL,72.89,72.89
AHLEAST,7.72,10.09
BAJAJCON,21.13,21.13
SASTASUNDR,10.51,10.51
RAMKY,10.99,10.99
ASHOKA,8.98,10.36
JWL,74.39,74.39
SHAH,43.26,43.26
RESPONIND,50.58,50.58
PENIND,19.75,19.75
KIRLOSENG,41.22,40.28
SUMMITSEC,19.83,19.83
HINDMOTORS,28.85,28.85
VADILALIND,21.15,21.15
VSTTILLERS,23.3,23.3
MAITHANALL,9.49,9.49
INVENTURE,17.89,14.83
LTF,16.44,16.44
BODALCHEM,137.96,137.96
ASAHISONG,27.56,
TDPOWERSYS,44.18,44.18
TRITURBINE,69.31,69.31
JISLDVREQS,.66,.66
RUPA,28.05,26.98
APLAPOLLO,57.02,57.02
THOMASCOTT,25.57,25.57
IRFC,36.15,36.15
COMPUSOFT,38.09,38.09
RHIM,,56.24
NBCC,61.87,46.86
HEXATRADEX,8.82,8.82
SWANENERGY,30.75,30.75
RTNINDIA,23.72,21.25
PROZONER,192.6,192.6
KITEX,24.05,24.05
ROSSELLIND,131.76,130.68
TVSHLTD,12.22,12.19
VETO,12.87,12.87
INDUSTOWER,15.54,15.54
ATULAUTO,200.46,200.46
MITCON,27.65,27.65
NATHBIOGEN,8.38,8.99
CASTROLIND,21.98,21.98
WONDERLA,30.22,30.22
GOCLCORP,39.09,40.86
SUPERHOUSE,20.74,20.74
PDSL,27.14,27.7
MONTECARLO,20.87,20.87
GULPOLY,62.69,62.69
LAMBODHARA,31.7,31.7
GREENLAM,52.75,52.75
MENONBE,9.07,9.07
MANAKALUCO,34.99,34.99
ZENTEC,62.64,63.57
LFIC,6.45,6.45
BCG,1.57,1.57
NILAINFRA,36.21,36.21
ALANKIT,26.95,26.95
SHYAMCENT,500.79,500.79
AYMSYNTEX,227.35,52.92
MUTHOOTCAP,3.76,89.33
POWERMECH,29.04,29.04
INDIGO,19.78,19.78
SALZERELEC,25.91,25.91
LALPATHLAB,61.01,61.01
TEAMLEASE,43.39,44.69
VIDHIING,64.02,64.02
GOKULAGRO,16.29,16.29
PDMJEPAPER,8.55,8.55
WEALTH,20.54,20.54
SAGARDEEP,59.93,59.93
UNITEDPOLY,30.22,30.22
ALBERTDAVD,8.47,8.47
CONTROLPR,25.08,25.1
INCREDIBLE,34.52,34.52
MOLDTECH,25.49,25.49
COMPINFO,1.01,1.01
QUESS,30.04,27.53
LLOYDSENGG,93.08,93.08
LTIM,30.37,30.37
MINDTECK,24.31,24.31
DBL,29.52,322.8
BIGBLOC,52.82,52.82
MBAPL,81.3,81.3
CUPID,34.42,34.42
MARATHON,14.3,14.3
SAKAR,61.79,61.79
PANSARI,28.85,28.85
ARTNIRMAN,113.31,113.31
ENDURANCE,45.86,45.86
PNBHOUSING,12.45,12.45
PODDARMENT,14.45,14.45
JETFREIGHT,323.5,
TCIEXP,30.78,30.78
TERASOFT,22.38,19.65
LIBAS,9.25,9.25
CAPTRUST,88.85,88.85
MAHESHWARI,13.78,13.78
MCL,86.8,86.8
PRICOLLTD,37.85,37.85
STEELCITY,12.01,12.01
JITFINFRA,25.45,30.8
KRISHANA,37.58,37.58
GLOBAL,12.69,12.69
SANGINITA,71,71
AKASH,315.72,315.72
INTENTECH,15.78,15.78
AIRAN,25.96,25.96
URJA,389.94,389.94
EIFFL,152.03,152.03
WIPL,42.76,42.76
FOCUS,26.24,26.24
SIKKO,36.6,36.6
PANACHE,,25.63
INFOBEAN,43.4,43.4
TEJASNET,302.23,302.23
GTPL,16.43,16.43
ACEINTEG,55.35,55.35
MAGADSUGAR,7.62,7.62
TOTAL,118.33,118.33
OPTIEMUS,42.4,42.4
VAISHALI,211.88,211.88
GEEKAYWIRE,12.14,12.14
SERVOTECH,149.33,149.33
APEX,44.32,44.32
CAPACITE,21.87,21.87
WORTH,10.71,10.71
AARVI,17.93,17.93
AIROLAM,27.9,27.9
RKEC,10.28,10.28
JASH,41.05,41.05
TIRUPATIFL,25.68,25.68
DPABHUSHAN,44.66,44.66
NAM-INDIA,34.14,34.14
KHADIM,89.37,89.37
VERTOZ,170,170
ICEMAKE,41.55,41.55
ONEPOINT,50.7,50.7
AJOONI,49.46,49.46
BCONCEPTS,64.7,64.7
APOLLO,102.27,102.27
SINTERCOM,309.63,309.63
ARVEE,252.84,252.84
HGINFRA,18.25,18.65
UNIINFO,62.13,62.13
MACPOWER,59.21,59.21
URAVI,280.22,280.22
SANDHAR,28.94,29.66
KAPSTON,28.66,28.66
LEMONTREE,59.68,59.68
MMP,27.75,27.75
PIGL,14.51,14.51
BSHSL,94.04,94.04
AAKASH,18.44,18.44
SOFTTECH,120.19,120.19
E2E,86.45,86.45
SIRCA,33.39,33.39
PRITI,20.12,20.12
ACCURACY,275.45,275.45
RITES,34.1,34.1
GANGAFORGE,186.87,190.93
REPL,22.35,22.35
HBSL,1.77,1.77
AVROIND,29.95,29.95
HDFCAMC,42.68,42.68
TEMBO,20.7,21.17
AARON,44.09,44.09
SUMIT,21.41,21.41
LAGNAM,15.89,15.89
RPPL,29.9,29.9
AKG,46.1,46.1
IRCON,28.83,28.83
AHLADA,12.51,12.51
RAJMET,19.41,19.41
AAVAS,25.75,25.75
KSHITIJPOL,19,
GRSE,43.91,43.91
KRITIKA,52.75,52.75
SILGO,20.1,20.1
VINNY,28.88,28.88
BBTCL,30.32,30.32
MARINE,56.36,56.64
IRISDOREME,49.66,49.66
ATGL,175.96,175.96
UNIPARTS,17.64,17.64
SHRIRAMPPS,5.04,5.04
TREJHARA,13.83,49.77
AWHCL,12.52,12.52
RPSGVENT,10.76,10.76
MSTCLTD,29.7,29.7
OSIAHYPER,17.08,17.08
ANUP,33.22,33.22
ARVINDFASN,56.9,54.54
PAR,19.03,19.03
RVNL,54.16,54.16
POLYCAB,56.2,56.2
METROPOLIS,76.04,76.04
KPITTECH,66.69,66.69
NEOGEN,110.19,110.19
VIKASLIFE,59.43,34.37
EMAMIPAP,7.91,7.91
CONFIPET,26.03,26.03
PPL,10.52,10.52
DGCONTENT,24.71,24.71
INDIAMART,38.73,38.57
SATIA,5.29,5.29
AFFLE,53.64,53.64
SPANDANA,10.77,10.77
HNDFDS,60.1,60.1
UJJIVANSFB,7.5,7.5
IRCTC,73.47,70.74
SAFARI,54.57,54.57
360ONE,34.87,34.87
HPIL,103.97,103.97
FLUOROCHEM,76.73,76.73
GREENPANEL,25.4,25.4
APOLLOPIPE,63.24,63.24
MGEL,16.8,16.8
ROUTE,23.84,24.73
HOMEFIRST,23.71,23.71
CSBBANK,10.09,10.09
EQUITASBNK,13.16,13.16
ROSSARI,29.19,29.19
HINDWAREAP,70.13,70.13
LIKHITHA,20.62,20.62
ARTEMISMED,48.62,48.62
SUMICHEM,62.59,62.59
ATALREAL,27.44,27.44
MAHEPC,226.23,175.73
SUVENPHAR,52.33,52.33
STOVEKRAFT,46.54,46.54
KSOLVES,36.94,36.94
HAPPSTMNDS,48.34,50.36
GLAND,39.24,39.24
BOROLTD,49.06,49.06
MAXHEALTH,69.09,69.09
PAVNAIND,55.37,55.37
KALYANKJIL,67.1,67.1
BTML,53.36,53.35
SHAREINDIA,13.95,13.92
SIGACHI,37.02,37.02
ADL,1663.02,1663.02
NIRAJ,18.44,12.46
CAMS,48.78,48.78
SURYODAY,9.17,9.17
UTIAMC,14.42,14.42
BECTORFOOD,53.03,53.03
ORCHPHARMA,53.82,53.82
INDIGOPNTS,42.89,42.89
LXCHEM,54.93,54.93
MTARTECH,98.7,98.7
ANURAS,50.01,50.01
KANPRPLA,261.58,261.58
STYLAMIND,20.92,20.79
CLSEL,9.23,9.23
CARYSIL,36.67,36.67
MODISONLTD,19.02,23.9
BCLIND,14.54,14.48
BHAGCHEM,109.36,109.36
SMCGLOBAL,8.95,8.95
ARIHANTCAP,9.83,9.83
NAZARA,60.06,59.51
GENCON,17.06,17.06
HLEGLAS,67.11,62.64
SONACOMS,73.75,72.82
DRCSYSTEMS,25,25
PARAS,118.85,118.85
DODLA,30.98,30.98
EXXARO,190,190
ROLEXRINGS,37.12,33.65
SHYAMMETL,16.01,16.01
KIMS,43.46,43.46
TATVA,79.67,79.67
CLEAN,56.88,56.88
ABSLAMC,19.29,19.29
ZOMATO,450.53,450.53
WINDLAS,22.59,22.59
KRSNAA,32.51,32.51
APTUS,24.45,24.45
SUPRIYA,24.8,24.8
VIJAYA,69.72,68.85
VINEETLAB,49.41,49.41
SANSERA,30.06,30.06
PRITIKAUTO,24.82,24.82
AAREYDRUGS,24.85,24.85
INTLCONV,8.06,8.06
HPAL,43.73,44.09
UGROCAP,22.11,22.11
YUKEN,81.27,81.27
SGIL,40.31,40.31
ANANDRATHI,77.71,77.71
SJS,26.5,26.5
FINOPB,26.26,26.26
POLICYBZR,879.23,879.23
NYKAA,1072.57,1072.57
AWL,270.94,216.6
MONARCH,14.19,14.19
SAPPHIRE,178.05,178.05
PRUDENT,49.25,49.25
EPIGRAL,25.88,25.88
NUVOCO,76.21,76.21
GOCOLORS,62.93,62.93
TRACXN,132.25,132.25
CMSINFO,20.75,20.75
FUSION,9.09,9.09
COASTCORP,66.4,66.4
TARSONS,51.68,51.68
MEDPLUS,171.3,171.3
TEGA,52.27,52.27
RATEGAIN,56.63,56.63
MANORG,69.7,69.7
LATENTVIEW,61.85,61.85
METROBRAND,74.86,74.86
MICEL,17.37,19.41
PASUPTAC,24.56,24.56
FOODSIN,22.82,22.8
PARADEEP,57.35,57.35
MAPMYINDIA,76.3,76.3
TMB,6.73,6.73
KRITI,25.07,25.07
MANYAVAR,61.18,61.18
GANESHBE,16.73,16.71
GVPTECH,80.72,80.72
DMCC,68.67,68.67
MEDICAMEQ,66.98,66.98
EMIL,42.07,42.07
SHIVALIK,51.71,51.71
UMAEXPORTS,29.56,28.72
DATAPATTNS,91.28,91.28
MEDANTA,66.94,66.94
AHL,22.67,22.67
MALLCOM,17.53,17.53
ASIANENE,45.5,42.46
SMLT,20.81,20.81
NRL,61.84,61.84
RADIANTCMS,18.48,18.48
CHOICEIN,54.29,54.29
HARIOMPIPE,26.99,26.99
GRWRHITECH,20.62,20.62
DCMSRIND,16.06,16.06
RAJRILTD,292.96,292.96
EMUDHRA,82.6,82.6
DYCL,31.86,31.86
FIVESTAR,26.49,26.49
STARTECK,14.08,14.08
VIRINCHI,25.12,25.12
SBC,77.38,77.38
ELIN,57.98,57.98
SEJALLTD,100.01,100.01
GATEWAY,19.44,19.44
SYRMA,68.58,68.06
JTLIND,32.76,32.76
RAINBOW,60.48,60.48
VENUSPIPES,50.18,50.18
ROTO,33.72,33.72
MEGASTAR,43.86,43.86
LANDMARK,47.66,46.15
AVONMORE,24.29,24.29
DREAMFOLKS,36.07,36.07
DHARMAJ,18.87,18.87
OBCL,29.24,29.24
GMRP&UI,91.21,
ACI,23.99,23.99
BIKAJI,56.44,56.44
SADHNANIQ,342.06,342.06
HARDWYN,97.82,97.82
HMAAGRO,25.79,25.79
MEDICO,37.03,37.03
YATHARTH,31.08,31.08
AKSHAR,23.44,23.44
KAYNES,118.1,118.1
AXITA,27.26,27.26
SENCO,37.96,37.96
RADHIKAJWE,14.74,14.74
SPLPETRO,35.29,35.29
CSLFINANCE,15.2,15.2
RUSTOMJEE,106.52,106.52
DBOL,17.07,17.07
SPORTKING,14,14
MANORAMA,90.39,90.39
SYNCOMF,44.37,44.34
SULA,47.23,47.23
BAIDFIN,18.53,18.53
KAMOPAINTS,74.92,74.92
SUKHJITS,13.69,13.69
MANKIND,44.5,44.5
DIVGIITTS,54.91,54.91
USK,10.77,10.77
MANOMAY,25.3,25.3
LLOYDSME,27.65,27.65
RHL,62.51,62.51
SAHYADRI,15.45,15.45
SBGLP,72,72
HYBRIDFIN,18.21,17.68
SAH,257.65,257.65
AKI,139.19,139.19
IDEAFORGE,64.72,64.72
POCL,24.95,24.95
REDTAPE,77.74,77.74
NETWEB,174,174
GHCLTEXTIL,30.32,30.32
ATL,42,42
SINDHUTRAD,50.88,50.87
TREL,4.38,41.34
CHAMBLFERT,13.04,13.04
COROMANDEL,23.09,23.09
ASIANPAINT,50.95,50.95
PGHL,36.46,36.46
TATACHEM,68.88,20.92
EPL,28.11,26.58
SUPREMEIND,69.63,69.63
WEIZMANIND,19.27,19.27
JTEKTINDIA,40.27,42.5
ASHIMASYN,6.1,6.1
EICHERMOT,36.5,36.5
NEULANDLAB,25.83,25.83
ZENSARTECH,20.79,20.79
BANARISUG,19.57,19.57
KPIL,37.62,37.62
IGARASHI,151.97,151.97
BLUEDART,56.78,56.78
MUNJALSHOW,19.92,18.73
HSCL,39.94,39.94
RANASUG,11.53,11.53
ARENTERP,18.1,18.1
UFLEX,,10.59
ADVANIHOTR,24.76,24.76
SUBROS,40.75,40.75
WIPRO,20.58,20.58
UNIVCABLES,57.29,57.29
TATACOMM,53.37,58.8
SANOFI,36.18,35.02
KAJARIACER,44.32,44.3
PRSMJOHNSN,51.24,
EIHAHOTELS,27.01,27.01
STYRENIX,17.98,17.98
IDBI,15.97,15.97
ELECTCAST,12.93,12.93
INDHOTEL,66.03,66.03
GILLETTE,60.03,60.03
ESABINDIA,50.2,50.2
AARTIIND,53.24,53.24
KOPRAN,21.35,21.35
SURYAROSNI,19.22,19.22
SAKHTISUG,3.15,
HINDZINC,37.43,37.43
FINCABLES,35.63,41.78
HEUBACHIND,22.14,22.14
BIRLACORPN,25.82,26.22
AUTOAXLES,17.36,17.36
SWARAJENG,21.73,21.73
TTKPRESTIG,41.72,41.72
EIMCOELECO,28.86,28.86
SAMBHAAV,66.11,87.5
SANGAMIND,43.14,37.68
STERTOOLS,22.84,22.95
TVSSRICHAK,28.7,27.36
DYNAMATECH,43.43,83.17
ALKYLAMINE,65.01,65.01
RUCHINFRA,19.58,43.83
MADRASFERT,262.66,26.13
ICICIBANK,17.51,17.51
TAJGVK,27.5,27.5
AXISCADES,59.81,59.81
KHANDSE,242.53,242.53
LUPIN,37.27,37.27
BHARTIARTL,133.17,85.09
PONNIERODE,7.69,7.69
SURANAT&P,28.38,28.38
OFSS,29.13,29.13
CANBK,6.71,6.71
GODREJIND,40.85,40.85
RADICO,82.43,82.43
VARDHACRLC,25.17,25.17
JSL,24.26,24.99
WELSPUNLIV,19.7,19.7
IGL,18.84,18.84
TVTODAY,22.63,21.37
PETRONET,12.39,12.58
BIOCON,26.87,26.77
XPROINDIA,49.21,47.25
APARINDS,38.47,38.47
TEXINFRA,371.25,371.25
WELENT,17.94,17.94
INDOCO,28.55,30.43
JSWSTEEL,23.55,24.83
SAKSOFT,26.88,26.88
WELCORP,16.43,16.43
JKPAPER,5.76,5.76
VHL,253.97,29.9
SPLIL,14.2,14.2
SASKEN,28.05,28.05
GLOBALVECT,213.8,213.8
LTFOODS,13,13
HIRECT,94.35,67.42
HBLPOWER,52.39,48.74
SARLAPOLY,20.48,20.48
PITTIENG,32.01,32.01
FSL,24.82,24.82
ASTRAL,103.22,103.22
NCLIND,9.74,9.74
PHOENIXLTD,41.76,41.76
TIMETECHNO,19.79,19.79
ISMTLTD,19.89,18.56
MAGNUM,13.65,18.86
RELIGARE,19.51,41
OIL,10.57,10.62
RTNPOWER,1.16,
DLINKINDIA,16.03,16.03
TRF,15.36,15.36
UNITEDTEA,10.34,10.34
VASCONEQ,26.59,26.59
DBREALTY,8.27,8.8
MANINFRA,24.55,24.55
PERSISTENT,48.05,48.05
ISFT,20.14,20.14
KIRLOSBROS,40.19,40.74
UMESLTD,87.64,87.64
IMFA,10.01,10.01
IITL,5.07,7.1
GPPL,28.23,25.8
KILITCH,39.99,39.99
DEEPAKNTR,36.86,39.84
BEDMUTHA,40.99,40.99
CGCL,46.87,46.87
JINDWORLD,85.77,85.77
ZEELEARN,1.5,5.59
STEL,56.19,56.19
HFCL,44.47,44.47
MUTHOOTFIN,15.13,15.13
OMINFRAL,22.29,22.29
DELPHIFX,14.06,14.06
DHANUKA,24.31,24.31
SREEL,23.55,23.55
SDBL,28.56,28.56
CAPLIPOINT,21.24,21.24
FCL,32.4,32.4
VISHNU,20.47,20.47
LINC,24.29,24.29
MANAKCOAT,41.77,41.77
IMAGICAA,7.86,133.6
VRLLOG,54.19,54.45
PRIVISCL,47.85,47.85
PNCINFRA,14.61,14.61
ADANIENSOL,104.76,94.04
SATIN,5.56,5.56
GUJGASLTD,33.26,34.59
BALAXI,,16.94
PILANIINVS,27.19,27.19
PRECAM,42.55,65.95
BHAGERIA,36.08,36.08
KDDL,23.01,23.06
HECPROJECT,18.51,18.51
THYROCARE,47.06,46.95
ARMANFIN,12.11,12.11
PREMEXPLN,95.56,95.56
LAXMICOT,,94.65
NRAIL,5.54,5.54
CREATIVE,20.89,20.89
DEVIT,27.09,27.09
INDOSTAR,24.53,24.53
ADANIGREEN,311.32,249.64
FINEORG,32.81,32.78
VARROC,16.74,16.74
CREDITACC,14.59,14.59
SIGIND,16.78,16.78
TECHNOE,56.32,56.32
DALBHARAT,39,39
CHALET,61.5,61.5
PFIZER,38.25,38.72
DRREDDY,17.37,17.37
MAHSEAMLES,9.1,9.07
VINDHYATEL,22.73,22.73
ADORWELD,27.2,27.2
ATFL,157.9,225.43
BALRAMCHIN,15.01,15.01
TATAELXSI,54.59,54.59
SANDESH,5.27,5.27
ADANIENT,115.06,107.26
MURUDCERA,52.13,52.13
LIBERTSHOE,50.78,38.64
PIDILITIND,86.23,83.83
SAIL,24.91,19.72
CANFINHOME,12.9,12.9
DABUR,53.32,53.32
GOLDENTOBC,9.9,11.23
GABRIEL,28.73,28.73
PRAKASH,8.26,8.26
GREAVESCOT,,220.81
AKZOINDIA,27.39,27.39
GRASIM,15.5,14.9
DCM,24.03,24.03
BEL,54.86,54.86
PVP,9.7,
TNPL,8.23,8.23
DALMIASUG,11.05,11.05
GARFIBRES,33.09,33.09
CUBEXTUB,32.21,32.21
KEYFINSERV,5.46,5.46
VISAKAIND,1003.28,1003.28
HITECHGEAR,15.89,44.26
PUNJABCHEM,26.77,26.77
MMFL,21.6,21.76
SKIL,.1,41.48
HERITGFOOD,34.05,34.05
SKMEGGPROD,7.44,7.44
BANKINDIA,9.18,9.18
INDSWFTLAB,2.01,8.64
REPRO,85.03,85.03
HAVELLS,94.06,94.06
TIPSINDLTD,42.12,42.12
TRIDENT,53.15,53.16
GODREJCP,,69.31
TCI,23.36,23.18
ULTRACEMCO,41,40.68
GUFICBIO,35.86,35.86
JBMA,134.68,134.68
PATELENG,17.3,22.89
JPPOWER,12.91,8.93
IIFL,8.46,8.46
CYBERMEDIA,11.01,8.39
GRANULES,25.03,25.03
YESBANK,56.07,56.07
RML,425.35,11.74
GEECEE,18.37,18.37
FIEMIND,18.79,18.79
SOBHA,366.88,366.94
PLASTIBLEN,18.85,18.85
WANBURY,8.74,16.08
IZMO,15.77,15.77
PGIL,16.46,16.41
SMSPHARMA,34.08,34.08
LAOPALA,26.89,26.89
ICRA,35.63,35.63
SRHHYPOLTD,10.71,9.72
KMSUGAR,11.77,11.77
NELCAST,21.5,29.54
ADSL,17.36,17.36
MOTILALOFS,13.55,13.55
POWERGRID,18.49,18.49
GKWLIMITED,102.17,102.17
ADANIPOWER,14,14
ZYDUSWELL,41.81,39.7
SHILPAMED,129.27,143.55
DBCORP,12.66,12.66
BEARDSELL,18.88,18.88
CANTABIL,28.54,29.1
PRESTIGE,39.59,39.59
IOLCP,15.71,15.71
JAMNAAUTO,23.43,23.43
RKDL,,232.09
JUBLINDS,66.06,30.8
LOVABLE,30.66,30.66
PIIND,32.14,32.14
RUSHIL,20.3,20.3
ORIENTCEM,24.19,24.19
PILITA,62.57,62.57
ORBTEXP,14.43,14.43
AGARIND,12.01,12.01
PIXTRANS,21.55,21.55
CARTRADE,57.14,57.14
DEVYANI,,490.26
ANMOL,9.82,9.82
AMIORG,104.11,47.01
BAJAJHCARE,,26.58
GRINFRA,11.77,14.67
STEELCAS,17.49,17.49
KPIGREEN,67.96,67.87
ELDEHSG,27.47,27.47
MHLXMIRU,21.22,21.22
RELCHEMQ,49.33,49.33
ZIMLAB,28.76,28.76
CAMPUS,94.66,94.66
AETHER,129.19,68.65
INDOBORAX,12.84,12.84
RACE,317.43,317.43
ETHOSLTD,104.34,104.34
MSUMI,46.86,46.86
HARSHA,39.77,39.77
INDOAMIN,19.42,19.42
INOXGREEN,135.99,135.99
RITCO,18.55,18.55
CHEVIOT,13,13
KFINTECH,47.97,47.97
DCXINDIA,45.69,45.69
NGLFINE,33.5,33.5
TRU,66.22,66.22
TIPSFILMS,203.51,203.51
RAMRAT,28.63,28.63
GENSOL,65.13,65.02
GSLSU,45.49,45.49
GRMOVER,13.62,13.62
DJML,72.9,72.9
KRITINUT,11.54,11.54
AVALON,114.36,114.36
SCPL,26.08,26.08
SKYGOLD,38.36,38.36
SATINDLTD,3.71,3.71
IKIO,34.5,34.5
FAZE3Q,20.82,20.82
AARTIPHARM,23.48,23.48
NINSYS,60.04,60.04
ASMS,443.89,289.45
CYIENTDLM,81.6,81.6
ATAM,40.94,40.94
LAL,49.66,49.66
ASHOKAMET,12.7,12.7
PTCIL,286.64,286.64
KIRLPNU,59.55,56.96
NIITMTS,26.37,25.9
SNOWMAN,80.21,80.21
INTELLECT,39.54,39.34
GENUSPAPER,157.42,157.42
HESTERBIO,92.41,92.41
BYKE,57.72,57.72
TPLPLASTEH,33.19,33.19
ORICONENT,27.98,23.52
PKTEA,17.72,17.72
SHARDAMOTR,15.98,15.98
COFFEEDAY,,6.61
TTKHLTCARE,33.31,33.31
ALKEM,31.75,30.16
HITECH,41.52,41.52
BHARATWIRE,19.32,19.32
PARAGMILK,22.26,22.26
ASPINWALL,19.11,19.11
TASTYBITE,63.24,63.24
TIINDIA,58.39,58.4
GALAXYSURF,28.83,28.83
BDL,93.17,93.17
ISEC,13.63,13.63
CHEMFAB,29.15,29.15
PENINLAND,14.17,20
WHEELS,31.78,31.78
PREMIERPOL,20.06,20.06
SMLISUZU,28.27,28.27
FACT,298.57,111.4
ELECON,35.64,35.64
LAXMIMACH,45.58,45.58
PEL,,30.32
NELCO,70.66,70.66
MAHSCOOTER,44.44,44.44
LUMAXIND,45.39,45.39
KECL,86.34,86.34
KCP,8.17,8.15
JAYBARMARU,35.3,35.3
INFY,22.25,22.25
IFBIND,64.7,64.7
IGPL,38.02,38.02
GNFC,19.2,19.2
BPCL,5.28,5.15
BASF,32.82,32.82
ARVIND,27.99,28.13
ACC,20.58,23.18
SCI,18.73,18.73
LINDEINDIA,174.23,174.23
HINDPETRO,5.37,5.37
ASHOKLEY,24.54,24.07
TITAN,82.36,82.36
SUNDARMFIN,33.49,32.03
VEDL,22.2,33.27
SBIN,10.88,10.1
NOCIL,31.71,31.71
BOSCHLTD,36,48.7
DEEPAKFERT,15.65,15.65
HINDOILEXP,11.19,12.97
BALMLAWRIE,23.1,23.1
BEML,65.04,65.04
CENTENKA,28.7,28.7
VTL,22.01,22.01
FEDERALBNK,10.07,10.07
VIPIND,127.21,201.5
BIRLACABLE,31.42,31.42
AEGISCHEM,36.91,36.91
RANEHOLDIN,18.6,8.7
SUNPHARMA,36.3,34.79
SHREYANIND,3.59,3.59
HCC,12.5,
IVP,13.8,13.8
INDBANK,26.28,26.28
GET&D,172.58,172.58
BERGEPAINT,47.29,47.45
JINDALPOLY,30.55,30.44
JYOTISTRUC,74.74,74.74
JAYNECOIND,21.09,19.35
SOTL,17.21,17.21
KARURVYSYA,9.88,9.88
DECCANCE,21.41,16.16
WSI,14.73,14.56
THOMASCOOK,36.08,36.08
SIEMENS,106.23,106.23
VSTIND,20.68,20.68
TOKYOPLAST,97.63,97.63
SOMANYCERA,29.5,29.42
M&M,27.96,27.96
KABRAEXTRU,43.31,43.31
POLYPLEX,28.56,28.56
OSWALAGRO,324.18,320.98
JINDALSAW,10.8,10.8
ABB,120.51,120.51
GRAPHITE,13.71,601.24
BRITANNIA,58.37,58.31
DHAMPURSUG,10.56,10.56
CIPLA,28.12,27.13
HDFCBANK,17.9,17.79
GMBREW,9.3,9.3
GIPCL,13.66,13.66
INDIANHUME,21.3,21.3
IOC,5.51,5.51
KAMATHOTEL,13.9,46.72
BANCOINDIA,15.63,15.63
MANINDS,22.07,22.07
APOLLOTYRE,17.1,16.49
SHANTIGEAR,48.68,48.68
ONWARDTEC,25.01,25.01
NILKAMAL,23.8,23.8
ICIL,19.71,19.71
ELGIEQUIP,63.1,63.1
AUROPHARMA,21.81,21.1
EIHOTEL,41.92,41.47
LICHSGFIN,7.31,7.31
BEPL,18.23,18.23
MOREPENLAB,24.47,24.47
21STCENMGM,1.61,1.61
VENKEYS,31.47,31.47
GHCL,6.08,7.97
HIL,52.53,982.87
BPL,32.81,32.81
PGHH,69.57,69.57
VESUVIUS,46.7,46.7
BOMDYEING,1.15,
NAVNETEDUL,16.88,18.4
GLAXO,75.21,67.15
CHOLAFIN,30.57,30.57
FMGOETZE,16.14,16.14
ORIENTHOT,47.07,47.07
KANSAINER,18.53,32.67
3MINDIA,64.46,64.46
RALLIS,33.75,33.91
AMJLAND,14.52,14.52
HEG,38.55,38.55
TATAINVEST,101.4,101.4
TIMKEN,75.83,75.83
SHREECEM,37.16,37.16
IPCALAB,55.23,60.22
HINDALCO,15.26,15.28
GSFC,15.11,15.11
FINPIPE,44.4,44.4
EIDPARRY,7.21,7.21
CGPOWER,112.82,115.58
ASHAPURMIN,13.97,21.6
GREENPLY,41.82,48.29
REMSONSIND,46.51,45.61
NATCOPHARM,12.87,12.87
MRF,25.56,25.56
TNPETRO,14.82,11.87
SKFINDIA,53.65,53.65
MARICO,51.32,51.32
BIOFILCHEM,143.55,143.55
ZENITHEXPO,314.15,314.15
SUNDRMBRAK,28.55,28.55
AARTIDRUGS,25.55,25.55
INDIANCARD,19.51,
DENORA,42,42
ELECTHERM,2.98,2.98
GANESHHOUC,14.04,14.04
JAGSNPHARM,38.38,38.38
MPHASIS,27.77,27.77
RAMCOIND,27.35,27.35
INDRAMEDCO,18.22,18.22
BANKBARODA,7.44,7.44
INDNIPPON,26.31,26.31
HUDCO,25.89,25.89
SAREGAMA,49.06,49.06
ENGINERSIN,38.76,38.76
JAICORPLTD,93.38,93.38
GMDCLTD,20.32,20.32
MAHAPEXLTD,.53,34.85
ASAHIINDIA,45.1,45.1
J&KBANK,8.19,8.19
KOTHARIPRO,18.86,18.86
SOUTHBANK,6.59,6.59
ASTRAZEN,95.65,103.09
AXISBANK,13.59,13.59
CYIENT,27.37,25.59
KOKUYOCMLN,32.28,32.28
GOACARBON,8.32,8.32
SANGHVIMOV,25.24,25.24
NATIONALUM,17.09,20.22
JINDALSTEL,17.65,17.65
NIPPOBATRY,30.07,30.07
HCLTECH,22.87,22.87
ACCELYA,25.38,25.44
IOB,48.86,48.86
BIL,42.58,42.58
KTKBANK,5.84,5.84
AJANTPHARM,35.99,35.99
BLUESTARCO,78.33,78.33
CALSOFT,36.94,36.94
PNBGILTS,26.31,28.58
NLCINDIA,17.56,17.56
CHENNPETRO,5.05,5.05
KRBL,10.25,10.25
USHAMART,26.99,26.99
BALAJITELE,33.87,33.87
MARKSANS,21.38,21.38
SMARTLINK,38.45,38.45
JISLJALEQS,44.74,44.74
MCDOWELL-N,59.88,59.45
MPSLTD,25.07,25.07
OLECTRA,181.4,197.68
PNB,17.11,17.11
TIMESGTY,55.55,55.55
NUCLEUS,16.37,16.37
GENESYS,94.7,94.7
MARUTI,29.55,29.55
UCOBANK,41.17,41.17
NSIL,31.42,31.42
JAIBALAJI,17,17
DREDGECORP,69.85,68.39
UPL,,18.67
PTC,10.89,10.89
VAIBHAVGBL,44.22,42.32
RKFORGE,35.27,35.25
CCL,30.58,30.58
EXCELINDUS,77.16,77.16
CENTEXT,19.87,20.18
TCS,28.81,28.37
GULFPETRO,11.2,11.2
ASTRAMICRO,75.38,75.38
KOTARISUG,15.15,15.15
DWARKESH,15.11,15.11
XCHANGING,93.35,93.35
CONSOFINVT,14.39,14.39
EVEREADY,57.24,57.24
GOKEX,46.13,46.13
SSWL,4.99,14.37
PRIMESECU,36.15,36.15
JSWHL,61.29,61.29
GENUSPOWER,94.32,94.32
MSPL,65.95,53.89
GOLDIAM,18.34,18.34
FCSSOFT,,72.77
SUZLON,98.16,90.8
TRIVENI,18.19,18.19
NAHARINDUS,55.12,45.6
EKC,14.4,14.12
CELEBRITY,56.39,57.68
ROHLTD,19.26,19.26
GSPL,7.51,7.66
JAGRAN,12.04,12.04
SAKUMA,27.37,27.37
JKCEMENT,37.61,37.51
INDOTECH,38.52,38.52
M&MFIN,17.52,17.52
CENTURYPLY,44.35,44.35
KEI,63.7,63.68
VAKRANGEE,540.42,587.9
GALLANTT,28.43,28.43
UTTAMSUGAR,8.89,8.89
KKCL,27.19,27.19
GPIL,14.26,14.46
RSYSTEMS,39.52,39.52
LOKESHMACH,54.66,54.66
SWELECTES,30.98,65.42
KAMDHENU,27.23,27.23
PIONEEREMB,37.05,37.05
JKLAKSHMI,18.91,19.15
MUNJALAU,21.05,14.6
GRINDWELL,73.82,73.77
VOLTAMP,52.97,52.97
ACE,51.97,51.97
ANANTRAJ,49.82,49.82
TALBROAUTO,18.94,27.4
GESHIP,5.88,5.88
MANALIPETC,73.06,64.32
DONEAR,15.78,15.78
RUCHIRA,7.55,7.55
JINDRILL,16.35,16.35
NFL,77.67,77.67
TANLA,22.52,22.52
AVTNPL,23.95,23.95
TIDEWATER,23.56,23.56
PTL,23.06,23.06
AUTOIND,28.87,28.94
ORIENTBELL,6270.1,6270.1
REDINGTON,12.51,12.51
PFC,8.03,8.03
INDIANB,9.4,9.4
THEMISMED,75.5,75.5
BALAMINES,29.2,29.2
BFUTILITIE,14.7,14.7
ALPHAGEO,203.9,29.97
HILTON,37.75,37.75
INSECTICID,15.34,15.34
NAVINFLUOR,58.4,70.48
NAGREEKEXP,15.66,15.66
HGS,29.35,29.35
DLF,123.83,123.83
MEGASOFT,65.3,65.3
ALPA,10.11,10.14
KPRMILL,32.67,32.67
INDOWIND,31.45,27.48
KSCL,14.56,14.56
CENTUM,,387.01
MAANALU,21.51,21.51
DELTACORP,12.54,14.91
CERA,37.76,37.57
ADANIPORTS,37.56,36.13
EDELWEISS,12.83,12.83
JYOTHYLAB,39.82,39.82
HITECHCORP,16.44,16.44
TRIL,212.24,212.24
BRIGADE,73.97,73.97
DVL,26.13,26.13
PATINTLOG,23.85,23.85
ARIES,15.88,15.88
AMBIKCO,13.66,13.66
CEATLTD,15.52,14.44
JKIL,17.4,17.4
KNRCON,12.18,12.18
HERCULES,40.3,40.3
ONMOBILE,47.92,47.92
IRB,43.36,43.36
NMDC,13.68,13.19
GSS,35.3,35.3
RECLTD,10.01,10.01
VGUARD,62.53,62.53
NESCO,16.54,16.54
BAJAJFINSV,15.65,15.65
ALMONDZ,12.1,29.96
RBL,16.75,16.37
LOTUSEYE,40.71,41.09
UBL,119.72,119.72
20MICRONS,10.97,10.75
TATAMTRDVR,1.01,.99
COUNCODOS,26.69,26.69
HINDNATGLS,.96,.59
MHRIL,69.79,69.79
VINATIORGA,51.75,51.75
NHPC,26.78,26.78
GLOBUSSPR,20.99,20.99
AMRUTANJAN,44.45,44.45
DEN,10.95,10.95
REFEX,16.8,16.79
JSWENERGY,62.72,62.72
HINDCOPPER,116.38,116.38
WHIRLPOOL,84.74,79.83
THANGAMAYL,27.59,27.59
HATHWAY,57.52,57.5
KSL,19.17,19.17
KIRLOSIND,16.84,15.19
MANAPPURAM,6.5,6.5
TI,32.09,31.42
BLISSGVS,13.21,6.22
UGARSUGAR,38.23,38.23
ADFFOODS,31.92,31.92
WELINV,96.95,96.95
CAREERP,11.95,11.95
GREENPOWER,50.19,58.54
WABAG,24.32,23.64
OBEROIRLTY,34.5,34.5
COALINDIA,9.44,9.44
GRAVITA,30.65,30.65
RPPINFRA,7.24,7.24
MOIL,34.92,34.92
A2ZINFRA,12,
PSB,69.49,69.49
KICL,40.09,64.65
TEXRAIL,82.53,82.53
DHUNINV,10.63,10.63
PFS,15.4,15.4
SYMPHONY,50.52,50.12
RELAXO,98.01,98.01
KARMAENG,641.17,641.17
ASHIANA,41.84,41.84
ELGIRUBCO,29.57,83.73
FILATEX,21.22,21.22
BROOKS,138.22,138.22
APLLTD,29.42,29.42
PGEL,49.2,49.2
PANAMAPET,11.13,11.13
PAISALO,31.61,31.67
SHAKTIPUMP,35.1,35.1
INDOTHAI,20.45,20.45
DSSL,28.21,28.21
POLYMED,67.44,67.59
VIKASECO,75.03,75.03
KANANIIND,113.83,113.83
MINDACORP,45.15,45.15
DBSTOCKBRO,18.05,18.05
SCHNEIDER,95.27,93.45
NDL,13.25,13.25
TBZ,12.79,12.79
VSSL,26.69,26.69
SPECIALITY,28.14,28.14
MAYURUNIQ,18.95,18.95
ZUARI,4.79,4.79
CARERATING,29.4,29.4
REPCOHOME,7.45,7.45
JUSTDIAL,21.85,21.85
IBULHSGFIN,6.37,6.37
JPOLYINVST,23.84,23.84
AGRITECH,11.47,11.47
BUTTERFLY,183.47,149.95
HATSUN,84.32,84.32
GULFOILLUB,14.91,14.91
SHARDACROP,108.72,108.72
CIGNITITEC,21.75,21.75
GOODLUCK,21.26,21.26
APOLSINHOT,37.53,37.53
GRPLTD,52.75,48.47
MOLDTKPAC,37.63,37.63
GANECOS,72.33,72.33
JMA,8.86,8.86
AVANTIFEED,17.7,17.7
UFO,37.03,33.53
ARROWGREEN,29.51,29.51
SKIPPER,40.96,40.96
SYNGENE,53.05,52.13
RAMASTEEL,59,59
ARVSMART,56.59,56.59
NAVKARCORP,264,264
SHREEPUSHK,14.72,14.72
IDFCFIRSTB,18.38,18.38
SHK,21.58,21.58
LUXIND,34.84,34.84
UMANGDAIRY,148.22,148.22
LINCOLN,12.15,12.15
NH,30.78,30.78
OCCL,13.24,13.24
QUICKHEAL,98.09,98.09
NECCLTD,29.65,29.65
KELLTONTEC,14.68,14.68
HCG,122.77,131.96
INFIBEAM,52.83,52.83
CROMPTON,57.1,57.1
SHRIPISTON,19.42,19.42
BLS,39.36,39.36
SALONA,24.05,24.05
MAHASTEEL,35.21,43.28
DAMODARIND,20.19,20.19
MGL,10.05,10.05
POKARNA,18.89,18.89
GPTINFRA,23.81,23.81
SOMICONVEY,35.21,35.21
ADVENZYMES,29.62,27.59
SPAL,15.94,15.94
NDGL,9.7,9.7
RBLBANK,11.82,11.82
LTTS,36.36,36.36
GNA,16.48,16.48
HPL,57.41,57.41
MAZDA,16.76,16.76
VBL,83.82,83.82
KINGFA,19.36,19.36
NBIFIN,56.15,56.15
SFL,44.53,55.03
LAURUSLABS,134.24,134.24
ITDC,78.76,78.69
HISARMETAL,15.82,15.82
SPCENET,133.15,133.15
BHANDARI,19.39,19.39
BSE,52.11,106.92
KALYANI,5.05,5.05
RADIOCITY,80.05,80.05
DMART,110.41,110.41
ARIHANTSUP,18.52,18.52
CLEDUCATE,23.95,25.58
SHANKARA,20.53,20.53
PSPPROJECT,20.74,20.74
STARCEMENT,29.71,29.71
CDSL,51.67,51.67
STEELXIND,130.09,130.09
AVADHSUGAR,8.27,8.27
GANGESSECU,42.15,42.15
SIS,35.3,35.3
SMSLIFE,36.39,36.39
DIXON,154.17,154.17
MATRIMONY,24.52,24.52
TCPLPACK,19.32,19.32
MASFIN,18.63,18.63
IFGLEXPOR,26.8,26.8
DNAMEDIA,.38,
SHALBY,33.4,33.4
NEWGEN,50.96,50.96
GMMPFAUDLR,30.13,30.13
SUNDARMHLD,32.15,32.15
HAL,43.8,43.8
MIDHANI,88.71,88.71
