SYMBOL,SERIES,SECURITY,HIGH/LOW,INDEX FLAG
63MOONS,EQ,63 MOONS TECHNOLOGIES LTD,H
AARTECH,BE,AARTECH SOLONICS LIMITED,H
ABCOTS,SM,A B COTSPIN INDIA LIMITED,H
AGNI,SM,AGNI GREEN POWER LTD,H
ALPEXSOLAR,ST,ALPEX SOLAR LIMITED,H
AMBEY,SM,AMBEY LABORATORIES LTD,H
AMEYA,SM,AMEYA PRECISION ENG LTD,H
APRAMEYA,ST,APRAMEYA ENGINEERING LTD,H
APS,ST,AUSTRALIAN PREM SOLAR I L,H
ARROWGREEN,EQ,ARROW GREENTECH LIMITED,H
ASIANHOTNR,EQ,ASIAN HOTELS (NORTH) LTD,H
AURIONPRO,EQ,AURIONPRO SOLN LTD,H
AUSOMENT,BE,AUSOM ENTERPRISE LIMITED,H
BHARATRAS,EQ,BHARAT RASAYAN LTD,H
BIKAJI,EQ,BIKAJI FOODS INTERN LTD,H
BIRDYS,ST,GRILL SPLENDOUR SER LTD,H
CADSYS,SM,CADSYS (INDIA) LIMITED,H
CANARYS,ST,CANARYS AUTOMATIONS LTD,H
CELLECOR,SM,CELLECOR GADGETS LIMITED,H
CEREBRAINT,BE,CEREBRA INT TECH LTD,H
CHETANA,ST,CHETANA EDUCATION LIMITED,H
CMMIPL,ST,CMM INFRAPROJECTS LIMITED,H
CUPID,BE,CUPID LIMITED,H
DCI,BE,DC INFOTECH AND COMUN LTD,H
DGCONTENT,BE,DIGICONTENT LIMITED,H
DHTL,SM,DOCMODE HEALTH TECH LTD,H
DNAMEDIA,BE,DILIGENT MEDIA CORP LTD.,H
DOLPHIN,BE,DOLPHIN OFF ENT (IND) L,H
DTIL,EQ,DHUNSERI TEA & IND. LTD.,H
DYNAMIC,SM,DYNAMIC SRVCS & SEC LTD,H
EFFWA,SM,EFFWA INFRA & RESEARCH L,H
EMKAY,BE,EMKAY GLOBAL FIN SERV LTD,H
ENSER,SM,ENSER COMMUNICATIONS LTD,H
EXICOM,BE,EXICOM TELE SYSTEMS LTD,H
FEL,BZ,FUTURE ENTERPRISES LTD,H
FILATFASH,EQ,FILATEX FASHIONS LIMITED,H
GALLANTT,BE,GALLANTT ISPAT LIMITED,H
GANGAFORGE,BE,GANGA FORGING LIMITED,H
GATECH,EQ,GACM TECHNOLOGIES LIMITED,H
GILLANDERS,EQ,GILLANDERS ARBUTHNOT LTD,H
GKWLIMITED,EQ,GKW LIMITED,H
GOLDKART,ST,GOLDKART JEWELS LIMITED,H
GPTINFRA,EQ,GPT INFRAPROJECTS LTD,H
GRETEX,ST,GRETEX INDUSTRIES LTD.,H
GSMFOILS,ST,GSM FOILS LIMITED,H
GTECJAINX,BE,G-TEC JAINX EDUCATION LTD,H
GUJRAFFIA,EQ,GUJARAT RAFFIA INDUST LTD,H
HBSL,BE,HB STOCKHOLDINGS LIMITED,H
HEXATRADEX,EQ,HEXA TRADEX LIMITED,H
HIRECT,EQ,HIND RECTIFIER LIMITED,H
HYBRIDFIN,BE,HYBRID FINANCIAL SERVICE,H
INTENTECH,BE,INTENSE TECHNOLOGIES LTD,H
JAIBALAJI,BE,JAI BALAJI INDUSTRIES LTD,H
KDL,ST,KORE DIGITAL LIMITED,H
KERNEX,EQ,KERNEX MICROSYS(I) LTD,H
KFINTECH,EQ,KFIN TECHNOLOGIES LIMITED,H
KHANDSE,EQ,KHANDWALA SECURITIES LTD,H
KNAGRI,ST,KN AGRI RESOURCES LIMITED,H
KPIGREEN,BE,KPI GREEN ENERGY LIMITED,H
KSHITIJPOL,BE,KSHITIJ POLYLINE LIMITED,H
MAITREYA,ST,MAITREYA MEDICARE LIMITED,H
MANORG,EQ,MANGALAM ORGANICS LIMITED,H
MARINE,BE,MARINE ELECTRICAL (I) LTD,H
MCON,ST,MCON RASAYAN INDIA LTD,H
MEDIORG,SM,MEDICAMEN ORGANICS LTD,H
MEGATHERM,ST,MEGATHERM INDUCTION LTD,H
MORARJEE,BE,MORARJEE TEXTILES LIMITED,H
NEXTMEDIA,EQ,NEXT MEDIAWORKS LIMITED,H
NILASPACES,BE,NILA SPACES LIMITED,H
NIRMAN,ST,NIRMAN AGRI GENTICS LTD,H
NORBTEAEXP,EQ,NORBEN TEA & EXPORTS LTD,H
NPST,SM,NETWORK PEOPLE SRV TECH L,H
OLAELEC,EQ,OLA ELECTRIC MOBILITY LTD,H
OMAXAUTO,BE,OMAX AUTOS LTD,H
ONELIFECAP,BE,ONELIFE CAP ADVISORS LTD,H
ORIANA,SM,ORIANA POWER LIMITED,H
PARSVNATH,EQ,PARSVNATH DEVELOPER LTD,H
PEARLPOLY,BE,PEARL POLYMERS LTD,H
PERFECT,ST,PERFECT INFRAENGINEER LTD,H
PPSL,ST,PICTUREPOST STUDIOS LTD,H
PRATHAM,SM,PRATHAM EPC PROJECTS LTD,H
PRITIKA,SM,PRITIKA ENG COMPO LTD,H
PULZ,SM,PULZ ELECTRONICS LIMITED,H
RAJINDLTD,ST,RAJPUTANA INDUSTRIES LTD,H
RAJTV,BE,RAJ TV NETWORK LTD,H
RNFI,ST,RNFI SERVICES LIMITED,H
RPOWER,EQ,RELIANCE POWER LTD.,H
RSSOFTWARE,BE,R. S. SOFTWARE (INDIA) LI,H
SADBHAV,EQ,SADBHAV ENGINEERING LTD,H
SADBHIN,EQ,SADBHAV INFRA PROJ LTD.,H
SAKUMA,EQ,SAKUMA EXPORTS LIMITED,H
SAMPANN,BE,SAMPANN UTPADAN INDIA LTD,H
SANCO,BZ,SANCO INDUSTRIES LIMITED,H
SANWARIA,BZ,SANWARIA CONSUMER LIMITED,H
SATECH,ST,S A TECH SOFTWARE INDIA L,H
SECMARK,EQ,SECMARK CONSULTANCY LTD,H
SEL,SM,SUNGARNER ENERGIES LTD,H
SELMC,EQ,SEL MANUFACTURING CO LTD,H
SETUINFRA,BZ,SETUBANDHAN INFRA LTD,H
SHARDAMOTR,EQ,SHARDA MOTOR INDS LTD,H
SHIVAMAUTO,EQ,SHIVAM AUTO.LTD,H
SHRENIK,BE,SHRENIK LIMITED,H
SILLYMONKS,BE,SILLY MONKS ENTERTAIN LTD,H
SIMPLEXINF,EQ,SIMPLEX INFRASTRUCTURES L,H
SITINET,BE,SITI NETWORKS LIMITED,H
SKYGOLD,BE,SKY GOLD LIMITED,H
SMSLIFE,EQ,SMS LIFESCIENCES (I) LTD,H
SOLEX,SM,SOLEX ENERGY LIMITED,H
SURAJEST,BE,SURAJ ESTATE DEVELOPERS L,H
SUZLON,EQ,SUZLON ENERGY LIMITED,H
SVPGLOB,EQ,SVP GLOBAL TEXTILES LTD,H
SWARAJ,SM,SWARAJ SUITING LIMITED,H
TARMAT,BE,TARMAT LIMITED,H
TECILCHEM,BE,TECIL CHEMICALS,H
TGL,ST,TEERTH GOPICON LIMITED,H
THEINVEST,BE,THE INVEST TRUST OF IND L,H
THOMASCOTT,BE,THOMAS SCOTT (INDIA) LTD,H
TIMESCAN,SM,TIMESCAN LOGISTICS IND L,H
TIPSFILMS,EQ,TIPS FILMS LIMITED,H
TREJHARA,BE,TREJHARA SOLUTIONS LTD,H
TRUST,ST,TRUST FINTECH LIMITED,H
UTSSAV,ST,UTSSAV CZ GOLD JEWELS LTD,H
V2RETAIL,BE,V2 RETAIL LIMITED,H
VERA,SM,VERA SYNTHETIC LIMITED,H
VILAS,ST,VILAS TRANSCORE LIMITED,H
VIPCLOTHNG,BE,VIP CLOTHING LIMITED,H
VLEGOV,EQ,VL E GOV AND IT SOL LTD,H
VLINFRA,ST,V.L.INFRAPROJECTS LIMITED,H
VMARCIND,SM,V MARC INDIA LIMITED,H
VSCL,SM,VADIVARHE SPCLTY CHEM LTD,H
WEBELSOLAR,BE,WEBSOL ENERGY SYSTEM LTD,H
WINDMACHIN,EQ,WINDSOR MACHINES LIMITED,H
WINSOME,BE,WINSOME YARNS LIMITED,H
WOCKPHARMA,BE,WOCKHARDT LIMITED-DEPO,H
YUDIZ,ST,YUDIZ SOLUTIONS LIMITED,H
ACCURACY,BE,ACCURACY SHIPPING LIMITED,L
ADROITPP1,E1,ADROITINFO RS. 5 PPD UP,L
AGIIL,EQ,AGI INFRA LIMITED,L
ANTGRAPHIC,EQ,ANTARCTICA LTD,L
ARENTERP,EQ,RAJDARSHAN INDUSTRIES LTD,L
ARTNIRMAN,EQ,ART NIRMAN LIMITED,L
ASHIMASYN,EQ,ASHIMA LTD,L
ASMS,EQ,BARTRONICS INDIA LIMITED,L
BRIGHT,SZ,BRIGHT SOLAR LIMITED,L
CHEMFAB,EQ,CHEMFAB ALKALIS LIMITED,L
CMMIPL,ST,CMM INFRAPROJECTS LIMITED,L
CONTI,ST,CONTINENTAL SEED CHEM LTD,L
DHARIWAL,ST,DHARIWALCORP LIMITED,L
ENFUSE,ST,ENFUSE SOLUTIONS LIMITED,L
GICL,SM,GLOBE INTL CARRIERS LTD,L
GODHA,BE,GODHA CABCON INSULAT LTD,L
GSTL,ST,GLOBESECURE TECHNO LTD,L
GVKPIL,BE,GVK POW. & INFRA LTD.,L
HYBRIDFIN,BE,HYBRID FINANCIAL SERVICE,L
INDOTECH,BE,INDO TECH TRANSFORM LTD.,L
INSPIRISYS,EQ,INSPIRISYS SOLUTIONS LTD,L
JFLLIFE,ST,JFL LIFE SCIENCES LIMITED,L
JPPOWER,EQ,JAIPRAKASH POWER VEN. LTD,L
KCK,SM,KCK INDUSTRIES LTD,L
KEYFINSERV,EQ,KEYNOTE FIN SERV LTD.,L
LGHL,EQ,LAXMI GOLDORNA HOUSE LTD,L
MBECL,BE,MCNALLY BH. ENG. CO.LTD,L
MIEL,ST,MANGLAM INFRA & ENG LTD,L
MTNL,EQ,MAHANAGAR TELEPHONE NIGAM,L
OMAXE,BE,OMAXE LIMITED,L
OMINFRAL,BE,OM INFRA LIMITED,L
ORTEL,BZ,ORTEL COMMUNICATIONS LTD,L
PPSL,ST,PICTUREPOST STUDIOS LTD,L
PRAENG,EQ,PRAJAY ENG. SYN. LTD.,L
RAJRILTD,BE,RAJ RAYON INDUSTRIES LTD,L
RELTD,EQ,RAVINDRA ENERGY LIMITED,L
RHL,BE,ROBUST HOTELS LIMITED,L
RKDL,BE,RAVI KUMAR DIST. LTD.,L
SANCO,BZ,SANCO INDUSTRIES LIMITED,L
SATECH,ST,S A TECH SOFTWARE INDIA L,L
SELMC,EQ,SEL MANUFACTURING CO LTD,L
SHAH,BE,SHAH METACORP LIMITED,L
SIDDHIKA,SM,SIDDHIKA COATINGS LIMITED,L
TAPIFRUIT,SM,TAPI FRUIT PROCESSING LTD,L
TERASOFT,BE,TERA SOFTWARE LIMITED,L
TPLPLASTEH,EQ,TPL PLASTECH LIMITED,L
TRANSWIND,SM,TRANSWIND INFRA LIMITED,L
VERTEXPLUS,ST,VERTEXPLUS TECHNOLOGIES L,L
VIPULLTD,EQ,VIPUL LIMITED,L
WINSOME,BE,WINSOME YARNS LIMITED,L
WOMANCART,ST,WOMANCART LIMITED,L
