SECURITY,NEW,PREVIOUS,NEW_STATUS
COROMANDEL INTERNTL. LTD,1704,1694.4,H
GOI TBILL 182D-29/08/24,99.67,99.52,H
PITTI ENGINEERING LIMITED,1299.95,1265,H
RBM INFRACON LIMITED,702,697,H
SMS LIFESCIENCES (I) LTD,1133.25,1024.9,H
21ST CENTURY MGMT SERVICE,95.26,93.4,H
SEC RE NCD 9.70% SR VII,1018.85,1016,H
RAJPUTANA INDUSTRIES LTD,87.65,83.5,H
SEC RE NCD SR.II,1145,1140,H
SDL AP 7.5% 2028,100,99.75,H
GOI TBILL 91D-18/10/24,98.85,98.5,H
NEULAND LAB LTD.,11845.95,11800,H
COLGATE PALMOLIVE LTD.,3490.2,3485.85,H
GANESHA ECOSPHERE LIMITED,1628.95,1621,H
AKZO NOBEL INDIA LIMITED,3368.9,3310,H
COSMO FIRST LIMITED,986.65,981.05,H
GOI TBILL 182D-05/09/24,99.56,99.37,H
PROVENTUS AGROCOM LIMITED,1690,1457,H
GRETEX INDUSTRIES LTD.,145.5,144.35,H
MOTILALAMC - MOHEALTH,42.29,42.22,H
GOI TBILL 364D-27/09/24,99.17,99,H
PLATINUM INDUSTRIES LTD,385,359.95,H
AUTHUM INVEST & INFRA LTD,1443,1280,H
POWER INSTRUMENT (G) LTD,129.34,126.81,H
VL E GOV AND IT SOL LTD,104.32,96.4,H
V.L.INFRAPROJECTS LIMITED,112.5,111.9,H
BOMBAY BURMAH TRADING COR,2412,2408,H
CENTURY ENKA LTD,782.8,734.9,H
ALKEM LABORATORIES LTD.,5848,5746.6,H
IMAGICAAWORLD ENT LTD,96.3,90.9,H
AXISAMC - AXISHCETF,143.47,142.8,H
UNSECURED NCD,2289,2244,H
J.G.CHEMICALS LIMITED,347.95,309,H
OPTIEMUS INFRACOM LTD,533,511,H
SJS ENTERPRISES LIMITED,1097,1023.4,H
MODISON LIMITED,185.53,174.79,H
PTC INDUSTRIES LIMITED,14544,14500,H
AMBANI ORGOCHEM LIMITED,100.5,100,H
SEC RE NCD SR.V,1100.21,1075,H
MAHARASHTRA SCOOTERS LTD,9527,9500,H
CERA SANITARYWARE LTD,10789.95,10499,H
STEL HOLDINGS LIMITED,509,476.95,H
WONDER ELECTRICALS LTD,1545.7,1544,H
EPIGRAL LIMITED,1964,1923.5,H
SUPREME ENGINEERING LTD,2.16,2.12,H
SHRIRAM - LIQUIDSHRI,1006.45,1006.28,H
TARC LIMITED,227.33,224,H
3P LAND HOLDINGS LIMITED,56.15,46.84,H
BALU FORGE INDUSTRIES LTD,596,592.4,H
SPML INFRA LIMITED,211.75,203.91,H
SEC RE NCD SR.III,1121,1118,H
SUMIT WOODS LIMITED,92.48,90.67,H
SEC RE NCD 9.71% SR VIII,909.9,909,H
TRENT LTD,6373.85,5919.3,H
20 MICRONS LTD,331.5,316.6,H
CENTRAL DEPO SER (I) LTD,2594.85,2594.2,H
HEXA TRADEX LIMITED,244.53,237,H
PI INDUSTRIES LTD,4600,4550,H
EURO (I) FRESH FOODS LTD,194,192,H
V MARC INDIA LIMITED,330.4,314.7,H
KCK INDUSTRIES LTD,214.5,214,H
R M DRIP & SPRINK SYS LTD,200,182,H
FOCE INDIA LIMITED,1310,1230,H
SUNGARNER ENERGIES LTD,588.15,560.15,H
KFIN TECHNOLOGIES LIMITED,1090.8,915,H
MARINE ELECTRICAL (I) LTD,295.5,287,H
RAGHAV PRODUCTIVITY ENH L,1165,1018,H
RUBFILA INTERNATIONAL LTD,100,99.9,H
Z-TECH (INDIA) LIMITED,335,328.05,H
BOND 8.37% TAX FREE S3A,16900,14690,H
ICICI PRU LIFE INS CO LTD,746.65,744,H
ERIS LIFESCIENCES LIMITED,1209.75,1175,H
BAHETI RECYCLING IND LTD,329.3,328,H
JITF INFRALOGISTICS LTD,1074.95,1038.6,H
LCC INFOTECH LTD,6.71,6.58,H
OSWAL GREENTECH LIMITED,54.2,53,H
SEC RED NCD 8.30% SR.III,1065,1047.8,H
SATI POLY PLAST LIMITED,215,203,H
8.91%S-R-NCD SERIES 3B,1338,1337,H
UTSSAV CZ GOLD JEWELS LTD,127.35,121.3,H
SEC RE NCD SR.VI,1096.79,1058,H
OSWAL AGRO MILLS LTD,63.95,62.36,H
GLENMARK PHARMACEUTICALS,1484,1483.1,H
VLS FINANCE LTD,353.15,337.15,H
KERNEX MICROSYS(I) LTD,773.85,737,H
TRIVENI TURBINE LIMITED,724.6,712,H
GARWARE HI-TECH FILMS LTD,3400,2895.4,H
ZYDUS LIFESCIENCES LTD,1324.3,1299.7,H
SEC RE NCD 7.90% STRPP B,310,309.98,H
DHARMAJ CROP GUARD LTD,355,354.39,H
NAVA LIMITED,999,968,H
SKIPPER RE.0.25 PPD UP,270,267.2,H
SOLEX ENERGY LIMITED,1919.1,1744.65,H
BRIGHT SOLAR LIMITED,9.65,9.3,H
MAITREYA MEDICARE LIMITED,171.55,164,H
DCW LTD,80.69,73.8,H
MPS LIMITED,2209,2184,H
RPG LIFE SCIENCES LTD,2240.9,2220,H
MULTI COMMODITY EXCHANGE,4433.1,4400,H
KDDL LIMITED,3611,3568,H
RAJDARSHAN INDUSTRIES LTD,79.8,78.4,H
BIKAJI FOODS INTERN LTD,879.2,819,H
SEC RE NCD 11% SR.V,1038.8,1038.36,H
AGARWAL INDS CORP LTD.,1335,1298,H
WEBSOL ENERGY SYSTEM LTD,773.35,749.95,H
UN SE RE NCD 8.55% SR.VI,1080,1069.92,H
UNITED SPIRITS LIMITED,1480.4,1470.4,H
AGARWAL FLOAT GLASS I LTD,99,97.45,H
SRI ADHIKARI BRO TELE N L,430.1,421.7,H
KPI GREEN ENERGY LIMITED,1064.9,1021,H
SEC RE NCD 9.65% SR I,999,893.62,H
VILIN BIO MED LIMITED,15.4,15.5,L
RAVINDRA ENERGY LIMITED,71.14,73.1,L
SEC RE NCD 9.25% SR II,942.72,960,L
GACM TECHNOLOGIES LIMITED,2.03,2.08,L
FUSION MICRO FINANCE LTD,300.1,304,L
JAKHARIA FABRIC LIMITED,31.5,33,L
KAPSTON SERVICES LIMITED,206,412.35,L
SEC RE NCD 10.25% SR XII,900.06,900.1,L
DHARIWALCORP LIMITED,135.4,142.5,L
SEC RED NCD 10.6% SR. VII,963,993.01,L
NANDANI CREATION LIMITED,35.52,36,L
EQUIPPP SOC IMP TECH LTD,21.9,22.35,L
SHIVALIC POWER CONTROL L,246.05,246.2,L
SUMEET IND LIMITED,4.49,4.59,L
TAINWALA CHEMICAL AND PLA,206.1,210.31,L
SEC RE NCD 10.75% SR.III,950.1,1002.5,L
AARTECH SOLONICS LIMITED,71,133.2,L
VIBHOR STEEL TUBES LTD,242.7,247.5,L
BAID FINSERV LIMITED,13.96,14.46,L
S A TECH SOFTWARE INDIA L,102.05,107.4,L
SEC RE NCD 8.70% SR.III,976.35,990,L
CELLECOR GADGETS LIMITED,31.05,140,L
FILATEX FASHIONS LIMITED,1.43,6.35,L
AKSHAR SPINTEX LIMITED,2.09,2.12,L
OMAXE LIMITED,118.98,119.3,L
MANGLAM INFRA & ENG LTD,87.35,91.95,L
EQUINOX INDIA DEV LTD,122,122.25,L
ASHAPURA LOGISTICS LTD,152.7,158.65,L
FIBERWEB INDIA LIMITED,50,50.95,L
ELECTRO FORCE (INDIA) LTD,68.5,69,L
UNSERENCD8.85%SRIVCIII&IV,1031,1060,L
SEC RE NCD 8.40% SR 5,965,1029.95,L
SMARTLINK HOLDINGS LTD,281.15,283,L
SEC RE NCD 9.48% SR V,730.2,878,L
GOI TBILL 91D-31/10/24,98.15,98.21,L
SERENCD8.65%SR.IIICIII&IV,1005.5,1056.56,L
RELIABLE DATA SERVICE LTD,102.16,104.25,L
AGI INFRA LIMITED,657.05,799,L
BLS E-SERVICES LIMITED,208.1,208.78,L
ADROITINFO RS. 5 PPD UP,5.55,6.17,L
SEC RE NCD 9.57% SR III,1005,1007,L
WINNY IMMIGRA & EDU SER L,249,249.95,L
DJ MEDIAPRINT & LOG LTD,101.4,265.75,L
CHETANA EDUCATION LIMITED,76.15,78.75,L

