SYMBOL,SYMBOL P/E,ADJUSTED P/E
AURIONPRO,58.29,58.29
AIAENG,38.13,38.15
ORIENTCER,32.27,38.05
VIMTALABS,27.21,27.21
NITINSPIN,17.18,17.18
GSPL,8.71,8.88
GVKPIL,3.5,3.5
SAKUMA,127.03,127.03
KEC,55.94,55.94
INDOTECH,41.64,41.64
CENTURYPLY,58.71,57.39
VAKRANGEE,529.46,575.99
GALLANTT,33.36,33.36
UTTAMSUGAR,9.29,9.29
GPIL,15.34,15.34
LOKESHMACH,53.28,53.28
SWELECTES,28.89,61.02
PIONEEREMB,41.41,41.41
MUNJALAU,26.85,18.62
GRINDWELL,69.94,69.89
VOLTAMP,58.15,58.15
ACE,44.92,44.92
ALICON,16.23,16.23
INSPIRISYS,45.9,45.9
TORNTPOWER,35.59,35.59
LTFOODS,18.72,18.72
VENUSREM,18.8,18.8
TANLA,23.25,23.25
PTL,22.21,22.21
GANDHITUBE,18.51,18.51
UNOMINDA,74.12,75.92
TTL,55.25,55.25
LAOPALA,27.16,27.16
JKTYRE,12.29,11.97
NCLIND,11.45,11.45
NDLVENTURE,268.95,268.95
WEBELSOLAR,,280.82
INSECTICID,24.77,24.77
HGS,26.23,26.23
CIEINDIA,25.55,25.55
PURVA,139.5,139.5
NAGREEKCAP,1.05,1.05
MANGCHEFER,10.77,10.77
BVCL,19.69,19.69
RGL,12.06,12.06
JYOTHYLAB,53.45,53.45
HITECHCORP,19.08,19.08
TRIL,131.21,131.21
DVL,35.36,35.36
BIRLAMONEY,15.4,15.4
JKIL,17.55,17.55
HERCULES,56.02,56.02
SEPC,127.24,127.24
NMDC,11.7,11.28
RECLTD,10.5,10.5
NESCO,17.34,17.34
TITAGARH,61.03,60.69
DIGISPICE,18.01,41.37
GOKUL,243.51,19.11
ALMONDZ,22.79,59.85
ARCHIDPLY,38.98,38.98
VINYLINDIA,30.45,30.45
ZFCVINDIA,72.13,72.13
TATAMTRDVR,1.08,1.08
TPHQ,23.86,23.86
MHRIL,69.13,69.13
EXCEL,59.81,59.81
EXPLEOSOL,21.04,21.04
SUNTECK,118.03,118.03
SARDAEN,18.93,18.86
DBCORP,12.9,12.9
MMTC,222.65,315.86
NESTLEIND,73.97,74.18
DBREALTY,8.19,8.71
TI,33.35,32.65
IITL,8.37,11.72
DEEPAKNTR,48.26,51.9
RAMKY,15.25,15.25
ASHOKA,11.62,13.41
JWL,65.06,65.06
SHAH,10.06,173.73
COALINDIA,9.23,9.23
JINDWORLD,99.43,99.43
MOIL,25.35,25.35
RKDL,,357.09
STEL,63.07,63.07
VADILALIND,19.82,19.82
RELAXO,109.91,109.91
ASHIANA,45.05,45.05
INVENTURE,16.28,14.16
LTF,16.7,16.7
THERMAX,74.88,87.24
RIIL,171.33,171.33
RAYMOND,19.94,19.18
SHREDIGCEM,17.56,17.56
SESHAPAPER,9.66,9.66
SUNDRMFAST,52.94,52.94
EXIDEIND,47.01,47.01
CRISIL,50.31,50.31
MASTEK,28.1,27.88
LUMAXIND,46.97,46.97
CUMMINSIND,65.31,65.26
JAYBARMARU,37.92,37.92
INDIAGLYCO,22.78,22.78
IONEXCHANG,47.81,47.81
HIMATSEIDE,13.87,13.87
GFLLIMITED,290.16,290.16
BPCL,8.11,7.86
ATUL,72.93,72.93
ACC,19.93,22.58
SCI,19.67,19.67
HINDPETRO,9.87,9.87
ZUARIIND,1.53,
VOLTAS,122.87,122.87
TITAN,84.72,84.72
SPIC,18.61,12.65
SBIN,10.44,9.7
NOCIL,37.84,37.84
CHAMBLFERT,16.12,16.12
HINDOILEXP,15.58,18.06
TATACHEM,,32.53
ATFL,346.81,713.25
EPL,32.55,30.77
BIRLACABLE,37.33,37.33
AEGISLOG,36.78,36.78
HONAUT,85.16,85.16
PRECOT,38.24,60.82
ASHIMASYN,8.1,8.1
ARE&M,28.58,28.58
BALKRISIND,41.1,41.1
RAJSREESUG,21.39,21.39
ONGC,8.64,8.41
ANIKINDS,625.43,625.43
BSL,19.61,19.61
JAYNECOIND,22.11,20.29
RCF,48.41,57.61
UFLEX,,14.29
THOMASCOOK,35.87,35.87
SIEMENS,103.19,103.19
VSTIND,23.53,23.53
TOKYOPLAST,107.86,107.86
IFCI,69.73,70.34
M&M,30.48,30.48
KABRAEXTRU,49.06,49.06
MODTHREAD,8.5,8.5
MANGLMCEM,39.96,39.96
PCBL,30.37,30.37
HONDAPOWER,43.22,45.08
RUBYMILLS,20.04,20.04
CANFINHOME,13.65,13.65
DCMSHRIRAM,36.56,36.56
COSMOFIRST,30.13,30.13
HDFCBANK,17.92,17.82
GMBREW,11.29,11.29
INDIANHUME,27.83,27.83
IOC,7.92,7.92
OSWALGREEN,658.32,658.32
HUHTAMAKI,7.37,32.03
RICOAUTO,42.29,40.42
BANCOINDIA,17.92,17.92
MANINDS,26.03,26.03
SIYSIL,12.37,12.37
ONWARDTEC,30.58,30.58
NCC,25.77,25.1
ELGIEQUIP,62.24,62.24
BBTC,8.1,7.83
BEPL,19.04,19.04
BANARBEADS,22.68,22.68
VENKEYS,23.98,23.98
PRUDMOULI,11.16,10.38
HIL,60.87,1138.89
TFCILTD,17.39,17.39
GTL,1.12,6.3
AGI,20,20
TATACONSUM,92.78,79.18
ZEEL,41.4,31.61
FMGOETZE,18.91,18.91
ORIENTHOT,57.66,57.66
3MINDIA,68.4,68.4
ANDHRAPAP,8.7,8.7
RALLIS,51.84,52.12
KOPRAN,19.91,19.91
GODFRYPHLP,31.56,29.79
TATAINVEST,104.11,104.11
SUDARSCHEM,54.73,54.73
AKZOINDIA,34.74,34.74
HINDUNILVR,62.09,62.06
FINCABLES,37.16,43.58
DCM,35.34,35.34
HEUBACHIND,37.81,37.81
PVP,11.81,
NAVA,10.04,10.88
AUTOAXLES,17.64,17.64
SWARAJENG,25.95,25.95
ANDHRSUGAR,27.94,26.74
AUSOMENT,11.53,11.53
JAYAGROGN,16.34,16.34
SAMBHAAV,72.98,96.59
MOTHERSON,44.45,43.12
SOMATEX,5.21,
CREST,19.48,19.48
DENORA,40.05,40.05
SHRIRAMFIN,14.09,14.09
MIRZAINT,59.9,59.9
GANESHHOUC,17.65,17.65
MPHASIS,32,32
GUJRAFFIA,50.27,50.27
KOTHARIPET,15.3,15.23
BANKBARODA,6.68,6.68
INDNIPPON,25.73,25.73
HUDCO,27.36,27.36
ADROITINFO,14.02,14.02
MAHAPEXLTD,.56,36.59
ASAHIINDIA,53.03,53.03
KOTHARIPRO,28.27,28.27
SOUTHBANK,5.62,5.62
ITDCEM,29.58,29.58
CYIENT,27.53,25.96
CYBERTECH,21.86,21.86
GOACARBON,8.74,8.74
SANGHVIMOV,19.32,19.32
RSSOFTWARE,31.95,31.95
NATIONALUM,15.4,18.22
ALEMBICLTD,39.78,39.78
BSOFT,24.81,24.81
STAR,125.13,36.38
ZYDUSLIFE,33.6,33.53
RAJESHEXPO,26.06,26.06
NRBBEARING,12.5,33.99
AJANTPHARM,43.33,43.33
BLUESTARCO,66.7,66.7
PNBGILTS,34.13,37.3
NLCINDIA,18.06,18.06
USHAMART,25.99,25.99
MRO-TEK,26.55,26.55
TRIDENT,58.25,58.27
ACLGATI,209.93,
TCI,27.45,27.24
ASAL,67.83,67.83
SURANAT&P,36.95,36.95
UNIONBANK,6.53,6.53
GODREJIND,45.18,45.18
VARDHACRLC,22.69,22.69
WELSPUNLIV,25.02,25.02
TVSELECT,2490.85,2490.85
TVTODAY,15.88,15.37
MUKANDLTD,24.24,24.24
MAHABANK,9.84,9.84
RKFORGE,49.09,49.03
CCL,33.88,33.88
APARINDS,40.07,40.07
TCS,32.06,31.58
COFORGE,48.78,49.33
GUFICBIO,41.94,41.94
WELENT,20.02,20.02
SUPRAJIT,40.59,40.59
EVEREADY,65.36,65.36
ALLSEC,19.4,23.42
SSWL,5.02,14.74
SURYALAXMI,52.23,30.63
63MOONS,7.63,7.63
VHL,338.83,39.89
NECLIFE,139.91,139.91
IDFC,705.08,705.08
BROOKS,188.82,188.82
PGEL,58.95,58.95
TRITURBINE,75.76,75.76
DSSL,29.56,29.56
JISLDVREQS,1.1,1.1
RUPA,35.44,34.1
KANANIIND,98.12,98.12
THOMASCOTT,26.68,26.68
IRFC,36.78,36.78
RHIM,,46.97
SCHNEIDER,106.79,104.9
NBCC,73.46,55.64
TBZ,18.28,18.28
SWANENERGY,36.39,36.39
RTNINDIA,25.14,22.52
PROZONER,199.75,199.75
THEJO,52.66,52.66
MAYURUNIQ,21.35,21.35
DUCON,28.36,28.36
TVSHLTD,14.29,14.27
CARERATING,28.03,28.03
INDUSTOWER,16.99,16.99
ORIENTCEM,41.08,41.08
SAMMAANCAP,6.53,6.53
MITCON,26.91,26.91
SREEL,25.91,25.91
CASTROLIND,28.57,28.57
WONDERLA,33.26,33.26
GOCLCORP,43.86,45.85
SUPERHOUSE,20.72,20.72
PDSL,35.48,36.18
MONTECARLO,23.05,23.05
GULPOLY,65.86,65.86
GENUSPAPER,182.81,182.81
LINC,25.94,25.94
HESTERBIO,126.34,126.34
MANAKALUCO,38.61,38.61
ZENTEC,88.18,89.22
VRLLOG,66.48,66.89
TPLPLASTEH,45.01,45.01
ALANKIT,27.37,27.37
SHYAMCENT,535.25,535.25
AYMSYNTEX,367.88,85.63
MUTHOOTCAP,4.17,
NAVKARCORP,379.09,379.09
COFFEEDAY,,6.02
PERFECT,55.93,55.93
TTKHLTCARE,28.19,34.95
LALPATHLAB,68.82,68.82
TEAMLEASE,48.5,50.05
NECCLTD,32.37,32.37
GOKULAGRO,18.96,18.96
PDMJEPAPER,9.19,9.19
WEALTH,28.33,28.33
THYROCARE,55.32,55.21
SAGARDEEP,67.63,67.63
UNITEDPOLY,31.75,31.75
BLS,43.88,43.88
CONTROLPR,24.44,24.47
INCREDIBLE,47.57,47.57
MOLDTECH,23.53,23.53
QUESS,29.21,28.38
LLOYDSENGG,102.26,102.26
LTIM,34.62,34.62
GATECH,74.13,74.13
MINDTECK,42.91,42.91
SPAL,25.18,25.18
MBAPL,67.36,67.36
LTTS,39.62,39.62
ICICIPRULI,267.8,267.8
AVSL,52.12,48.11
GRETEX,6.17,6.12
SAKAR,56.78,56.78
PANSARI,40.87,40.87
ARTNIRMAN,199.2,199.2
GICL,73.03,73.03
VBL,78.41,78.41
PODDARMENT,15.12,15.12
JETFREIGHT,306.34,
TCIEXP,33.89,33.89
TERASOFT,20.68,19.88
LIBAS,8.58,8.58
CAPTRUST,100.45,100.45
MAHESHWARI,16.38,16.38
MCL,81.56,81.56
PRICOLLTD,39.24,39.24
STEELCITY,10.5,10.5
KRISHANA,35.79,35.79
GLOBAL,12.37,12.37
SANGINITA,61.94,61.94
AKASH,376.24,376.24
DMART,122.26,122.26
AIRAN,32.34,32.34
ARIHANTSUP,19.32,19.32
NRAIL,6.19,6.19
CREATIVE,20.69,20.69
FOCUS,17.13,17.13
SIKKO,35.66,35.66
BHAGYANGR,33.98,33.98
JALAN,,33.42
TEJASNET,126.66,126.66
TRANSWIND,22.18,22.18
ACEINTEG,55.83,55.83
STEELXIND,77.88,77.88
AVADHSUGAR,9.51,9.51
THEINVEST,58.61,58.61
TOTAL,130.78,130.78
WEWIN,30.15,30.15
COCHINSHIP,77.64,77.64
VAISHALI,241.63,241.63
SERVOTECH,244.12,244.12
MANAV,12.42,12.42
MATRIMONY,28.75,28.75
ICICIGI,58.01,58.01
MPTODAY,7.31,7.34
CADSYS,10.16,10.37
AARVI,18.82,18.82
GOLDSTAR,62.1,62.1
JASH,46.35,46.35
CMMIPL,16.67,16.67
OMFURN,21.71,21.71
TCPLPACK,26.01,26.01
DPABHUSHAN,38.61,38.61
TIINDIA,63.45,64.05
NAM-INDIA,33.77,33.77
SECURCRED,5.8,5.8
HDFCLIFE,93.52,93.52
AISL,26.91,26.91
VERTOZ,160.22,160.22
FELIX,79.39,79.39
ICEMAKE,47.23,47.23
TOUCHWOOD,55.97,55.98
ONEPOINT,61.36,61.36
AJOONI,58.26,58.26
MOKSH,15.64,15.64
SILLYMONKS,84.54,84.54
AMBER,83.48,83.48
SINTERCOM,306.26,306.26
MHHL,9.81,9.81
SOUTHWEST,38.29,40.65
ARVEE,230.51,230.51
GMMPFAUDLR,33.07,33.07
HINDCON,44.15,44.15
SARVESHWAR,50.14,50.14
UNIINFO,77.05,77.05
MACPOWER,62.44,62.44
BDL,84.61,84.61
BANDHANBNK,12.48,12.48
URAVI,279.83,279.83
MITTAL,21.61,40.3
GIRIRAJ,97.42,97.42
ISEC,12.32,12.32
MIDHANI,91.9,91.9
AVG,20.41,33.88
VERA,24.18,24.18
MMP,29.26,29.26
BSHSL,89.15,89.15
AAKASH,20.65,20.65
GODHA,130.94,130.94
SOFTTECH,134.26,134.26
ORIENTELEC,83,105.16
E2E,97.63,97.63
SIRCA,36.23,36.23
SVLL,82.63,82.63
SONAMLTD,35.92,35.92
ADANIGREEN,245.57,203.4
PRITI,22.94,22.94
ACCURACY,353.85,353.85
RITES,36,36
GANGAFORGE,152.86,155.77
REPL,21.31,21.31
AVROIND,30.65,30.65
TEMBO,19.5,19.94
CREDITACC,13.36,13.36
AARON,43.07,43.07
LAGNAM,16.9,16.9
RPPL,26.94,26.94
AKG,59.22,59.22
IRCON,28,28
AHLADA,10.07,10.07
SPECTRUM,149.52,149.52
RAJMET,23.37,23.37
KSHITIJPOL,35.8,
GRSE,64.99,64.99
SILGO,20.9,20.9
BBTCL,29.06,29.06
MARINE,144.72,145.45
ATGL,142.47,142.47
TECHNOE,69.41,69.41
SHUBHLAXMI,20.11,20.11
SHRIRAMPPS,4.84,4.84
AWHCL,22.39,22.39
RPSGVENT,13.58,13.58
SURANI,634.84,634.84
MSTCLTD,30.24,30.24
ARVINDFASN,53.1,51.22
RVNL,82.75,82.75
METROPOLIS,82.38,82.38
KPITTECH,69.96,69.96
NEOGEN,110.06,110.06
VIKASLIFE,,95.65
CONFIPET,27.08,27.08
PPL,12.62,12.62
INDIAMART,41.38,41.38
ABINFRA,78.68,79.81
WEL,198.35,198.35
CHEMCON,51.44,51.44
SPANDANA,9.71,9.71
HNDFDS,69.12,69.12
UJJIVANSFB,6.51,6.51
IRCTC,66.66,64.19
DCI,44.25,44.25
360ONE,43.33,40.39
HPIL,114.58,114.58
VISHWARAJ,23.26,23.26
FLUOROCHEM,85.64,85.64
KUANTUM,8.3,8.3
CHEMBOND,18.56,18.56
MGEL,19.27,19.27
SBICARD,28.25,28.25
HOMEFIRST,28.2,28.2
CSBBANK,10.22,10.22
ASCOM,37.74,37.62
EASEMYTRIP,67.38,40.75
ROSSARI,37.3,37.3
PRINCEPIPE,35.72,38.7
ESAFSFB,5.27,5.27
ARTEMISMED,60.72,60.72
SUMICHEM,58.55,58.55
LGHL,81.41,85.85
ASALCBR,24.63,24.63
MAHEPC,,2189.22
BAFNAPH,26.71,26.71
SUVENPHAR,84.16,84.16
STOVEKRAFT,59.16,59.16
KSOLVES,35.42,35.42
HAPPSTMNDS,47.65,49.64
GLAND,46.26,46.26
BOROLTD,65.51,65.51
MAXHEALTH,80.69,80.69
PAVNAIND,44.83,44.83
KALYANKJIL,87.73,87.73
SHAREINDIA,13.35,13.33
UNIDT,50.42,50.42
ANGELONE,16.18,16.18
ADL,1882.14,1882.14
SURYODAY,8.42,8.42
UTIAMC,15.05,15.05
RAILTEL,57.33,56.59
BECTORFOOD,55.96,55.96
ORCHPHARMA,75.13,75.13
INDIGOPNTS,47.53,47.53
LXCHEM,63.43,63.43
MTARTECH,100.12,100.12
FAIRCHEMOR,37.94,37.94
ANURAS,51.11,51.11
KANPRPLA,327.25,327.25
ISGEC,37.45,37.45
STYLAMIND,24.78,24.62
CLSEL,11.58,11.58
CARYSIL,37.71,37.71
SHAILY,64.67,64.67
MODISONLTD,26.11,32.81
FIBERWEB,20.56,20.56
BCLIND,17.78,17.71
BHAGCHEM,192.41,192.41
SBCL,42.14,42.14
SMCGLOBAL,7.17,7.17
QMSMEDI,22.21,22.21
NPST,6215.54,6215.54
ARIHANTCAP,10.64,10.64
SIDDHIKA,15.79,15.79
NAZARA,79.65,78.93
IPL,38.09,38.09
GENCON,22.41,22.41
LODHA,63.46,60.33
HLEGLAS,72.45,67.15
SONACOMS,70.2,69.63
UTKARSHBNK,10.17,10.17
PARAS,123.78,123.78
CRAFTSMAN,39.92,39.92
DODLA,35.95,35.95
EXXARO,171.81,171.81
JUBLINGREA,60.34,60.34
ROLEXRINGS,36.62,33.2
WALPAR,43.89,43.89
SHYAMMETL,18.21,18.21
KIMS,50.87,50.86
MAKS,135.99,69.1
TATVA,86.54,86.54
CLEAN,67.34,67.34
GLS,25.37,25.37
ABSLAMC,22.7,22.7
DEEPINDS,15.88,15.94
ZOMATO,389.58,389.58
BEWLTD,33.98,33.98
PIXTRANS,24.55,24.55
WINDLAS,30.85,30.85
CARTRADE,52.08,52.08
KRSNAA,37.51,37.51
DEVYANI,1468.68,259.85
APTUS,24.07,24.07
SUPRIYA,28.96,28.96
ANMOL,8.77,8.77
BMETRICS,23.01,23.01
VIJAYA,65.3,64.53
AMIORG,120.93,54.6
VINEETLAB,57.34,57.34
SANSERA,39.06,39.06
BAJAJHCARE,,33.21
PRITIKAUTO,28.07,28.07
AAREYDRUGS,31.42,31.42
GRINFRA,13.34,16.61
INTLCONV,8.1,8.1
DUGLOBAL,657.27,657.27
STEELCAS,17.47,17.47
HPAL,44.21,44.57
UGROCAP,18.14,18.14
KPIGREEN,62.87,62.42
YUKEN,73.44,73.44
ANANDRATHI,60.48,60.48
FINOPB,33.11,33.11
NYKAA,1239.94,1239.94
AWL,92.92,86.12
SAPPHIRE,291.21,291.21
DKEGL,11.22,11.22
QUADPRO,45.19,45.19
PRUDENT,61.26,61.26
NUVOCO,87.35,87.35
GOCOLORS,70.38,70.38
TRACXN,133.54,133.54
FUSION,9.06,9.06
COASTCORP,86.05,86.05
MEDPLUS,126.44,126.44
RATEGAIN,63.17,63.17
MANORG,71.43,71.43
METROBRAND,88.28,88.28
PASUPTAC,27.85,27.85
FOODSIN,23.52,23.5
MAPMYINDIA,86.8,86.8
TMB,6.5,6.5
KRITI,44.4,44.4
DYNAMIC,77.31,77.31
GANESHBE,18.87,18.85
GVPTECH,72.76,72.76
KOTYARK,44.92,44.92
MEDICAMEQ,54.57,54.57
SHIVALIK,49.39,49.39
PRECISION,16.82,16.82
DATAPATTNS,87.83,87.83
JSLL,39.41,39.41
MEDANTA,65.36,65.36
MALLCOM,22.51,22.51
NIDAN,,22.89
SMLT,18.28,18.28
RADIANTCMS,21.52,21.52
CHOICEIN,54.26,54.26
HARIOMPIPE,35.53,35.53
DCMSRIND,14.87,14.87
RAJRILTD,306.99,306.99
EMUDHRA,89.59,89.59
FIVESTAR,23.51,23.51
VIRINCHI,31.41,31.41
SBC,63.25,63.25
RICHA,26.13,26.13
ELIN,65.28,65.28
SHIGAN,38.43,38.43
MADHAVBAUG,68.67,68.67
MHLXMIRU,19,19
RELCHEMQ,55.41,55.41
GATEWAY,21.89,21.89
ZIMLAB,30.23,30.23
JTLIND,33.72,33.72
RAINBOW,56.33,56.33
AETHER,140.22,73.41
ROTO,52.14,52.14
GSTL,79.51,79.51
INDOBORAX,14.88,14.88
LANDMARK,43.57,42.2
ETHOSLTD,130.95,130.95
SONUINFRA,16.87,16.87
LEMERITE,260.62,260.62
DHARMAJ,28.5,28.5
HARSHA,40.04,40.04
GMRP&UI,161.83,
INDOAMIN,21.69,21.69
KRISHNADEF,96,96
PROPEQUITY,25.08,25.08
TVSSCS,9189.2,232.15
AMEYA,30.14,30.14
ACI,31.03,31.03
RITCO,23.57,23.57
SADHNANIQ,455.69,455.69
SKP,61.9,61.9
RILINFRA,30.42,30.42
CHEVIOT,11,11
HMAAGRO,25.57,25.57
KFINTECH,57.13,57.13
DCXINDIA,52.94,52.94
ARISTO,17.93,17.93
KAYNES,130.52,130.52
JFLLIFE,18.53,18.53
SWASTIK,149.33,149.33
AXITA,33.38,33.38
PLAZACABLE,103.72,103.72
SENCO,44.36,44.36
USASEEDS,25.45,25.45
TRU,50.46,50.46
RADHIKAJWE,17.75,17.75
SPLPETRO,38.13,38.13
RAMRAT,31.47,31.47
CSLFINANCE,14.54,14.54
AGNI,238.72,238.72
KORE,184.11,180.11
GOYALALUM,56.63,56.63
RUSTOMJEE,132.86,132.86
GENSOL,66.61,66.5
DBOL,25.85,25.85
GSLSU,40.53,40.53
SPORTKING,20.39,20.39
ALLETEC,227.34,227.34
MANORAMA,98.87,98.87
ARABIAN,26.34,26.34
GRMOVER,20.11,20.11
SYNCOMF,58.19,58.15
DJML,196.07,196.07
BAHETI,43.2,43.2
SULA,43,43
SIGNATURE,361.37,361.37
ANNAPURNA,95.25,95.25
KRITINUT,13.85,13.85
KALAMANDIR,23.9,23.9
AVALON,116.17,116.17
RITEZONE,14.97,14.97
CONCORDBIO,54.43,54.43
GRCL,142.91,142.91
BAIDFIN,13.62,13.62
PHANTOMFX,22,22
QUICKTOUCH,17.01,17.01
IPSL,24.65,24.65
KAMOPAINTS,84.81,84.81
BLUEJET,53.47,51.22
MVGJL,17.83,17.83
JIWANRAM,20.19,20.19
SCPL,21.47,21.47
SUKHJITS,14.73,14.73
ARHAM,44.34,44.34
MANKIND,42.01,42.01
SKYGOLD,69.61,69.61
ARIHANTACA,60.63,60.63
SATINDLTD,4.25,4.25
DIVGIITTS,52.23,52.23
USK,13.03,13.03
ANLON,65.77,65.77
VERTEXPLUS,130.11,130.11
SRIVASAVI,28.12,28.12
IKIO,38.35,38.35
MANOMAY,41.36,41.36
FAZE3Q,28.66,28.66
RBMINFRA,61.12,61.12
LLOYDSME,27.63,27.63
AARTIPHARM,24.32,24.32
RHL,58.32,58.32
SAHYADRI,17.2,17.2
NINSYS,56.57,56.57
DUCOL,40.71,40.71
HOMESFY,67.86,56.85
SBFC,32.36,32.36
SBGLP,72.78,72.78
ASMS,402.25,262.3
HYBRIDFIN,13.77,13.51
VIAZ,28.4,28.4
ZAGGLE,75.23,75.23
AGARWALFT,355.47,355.47
HONASA,187.54,187.54
RISHABH,38.71,38.71
IRMENERGY,28.74,28.74
SAH,321.27,321.27
DENEERS,18.59,18.59
CYIENTDLM,91.74,91.74
AGUL,16.58,16.58
AKI,139.37,139.37
MASTER,56.81,56.81
YCCL,36.98,36.98
RATNAVEER,25.89,25.89
MOS,41.04,41.04
SECMARK,279.97,279.97
AUROIMPEX,14.67,14.67
SPECTSTM,19.59,19.59
ATAM,33.78,33.78
IDEAFORGE,110.99,110.99
SHRITECH,13.82,13.82
INFOLLION,31.23,31.23
INFINIUM,52.22,52.22
AARTECH,433.86,433.86
ESFL,32.2,32.2
DOLPHIN,212.6,222.28
REMUS,43.29,43.29
REDTAPE,74.53,74.53
PENTAGON,21.12,21.12
CELLPOINT,36.58,36.58
PROV,68.15,68.15
NETWEB,148.15,148.15
PYRAMID,22.54,22.54
EMSLIMITED,36.64,36.64
EFACTOR,17.15,17.15
VPRPL,29.01,29.01
UDS,26.89,26.89
DENTALKART,59.49,59.49
SYNOPTICS,14.14,14.14
ATL,29.79,29.79
RRKABEL,65.22,65.29
COMMITTED,15.45,15.45
SANGANI,22.95,22.95
JLHL,48.75,48.77
NUVAMA,30.33,30.33
DRONE,103.41,103.41
SERVICE,26.25,26.25
KEL,49.26,49.26
NIITMTS,29.28,28.57
VINSYS,23.7,23.7
ACSAL,13.13,13.13
SAROJA,21.74,21.74
SINDHUTRAD,38,37.99
ORIANA,75.35,75.35
CHAVDA,19.98,19.98
TRANSTEEL,13.03,12.86
SANDUMA,26.04,26.04
OLIL,47.26,47.26
KODYTECH,551.99,551.99
SCML,20.89,20.89
MUFIN,161.23,155
MAL,8.94,8.94
HIGREEN,48.58,48.58
CELLECOR,398.59,398.59
JIOFIN,178.49,178.49
MADHUSUDAN,25.87,25.87
GOYALSALT,34.46,34.46
WOMANCART,43.36,43.36
HOLMARC,33.38,33.38
MARCO,33.1,33.1
DIAMINESQ,61.64,61.64
VISHNUINFR,23.96,23.96
MICROPRO,19.92,19.92
CANARYS,50.19,50.19
DIGIKORE,89.24,89.24
AMNPLST,77.62,77.62
SARTELE,62.19,62.19
PARAGON,20.47,20.47
SKMEGGPROD,10.94,10.94
REPRO,74.1,74.1
HAVELLS,80.46,80.46
AXISCADES,49.29,49.29
TIPSINDLTD,59.94,59.94
HIKAL,57.68,57.68
MARKSANS,28.4,28.4
JISLJALEQS,69.93,69.93
UNITDSPR,74.93,75.12
MPSLTD,28.43,28.43
OLECTRA,161.48,175.97
APTECHT,49.02,44.33
TIMESGTY,65.26,65.26
NUCLEUS,19.21,19.21
GENESYS,117.31,117.31
DIVISLAB,76.67,76.67
MARUTI,26.62,26.62
UCOBANK,31.06,31.06
JAIBALAJI,17.46,17.46
BIOCON,29.46,29.36
POONAWALLA,16.44,23.5
EXCELINDUS,102.98,102.98
TEXINFRA,426.57,426.57
NTPC,19.53,19.53
JPPOWER,10.42,7.51
JSWHL,61.55,61.55
MSPL,94.59,77.29
GOLDIAM,22.76,22.76
IMPAL,20.91,20.91
ESSENTIA,25.84,25.85
ORBTEXP,17.06,17.06
AGARIND,15.14,15.14
SNOWMAN,123.87,123.87
INTELLECT,42.92,42.54
MOLDTKPAC,40.09,40.09
MENONBE,10.14,10.14
MANAKCOAT,31.79,31.79
IMAGICAA,268.11,63.04
PRIVISCL,47.12,47.12
NILAINFRA,46.29,46.29
ORICONENT,30.65,25.77
ADANIENSOL,,82.33
PKTEA,21.61,21.61
SHARDAMOTR,20.56,20.56
INDIGO,21.05,21.05
UMANGDAIRY,72.73,72.73
ALKEM,37.54,35.66
HITECH,51.31,51.31
HCG,97.17,102.89
SHRIPISTON,17.96,17.96
GEECEE,19.15,19.15
JMFINANCIL,248.47,9.32
DCBBANK,6.83,6.83
GESHIP,6.81,6.81
MANALIPETC,56.08,51.31
DONEAR,21.18,21.18
SOBHA,368.41,368.46
HIRECT,80.31,62.5
PLASTIBLEN,20.91,20.91
HBLPOWER,56.66,53.07
SARLAPOLY,21.05,21.05
WANBURY,11.7,21.53
PITTIENG,47.59,47.59
IZMO,24.67,24.67
CTE,38.14,38.14
REDINGTON,12.27,12.27
INDIANB,8.48,8.48
BALAMINES,34.26,34.26
AROGRANITE,53.34,53.34
ALPHAGEO,274.57,40.35
KMSUGAR,15.32,15.32
NELCAST,22.69,32.35
MEGASOFT,68.13,68.13
CENTRALBK,17.12,17.12
MOTILALOFS,12.67,12.67
CENTUM,,353.2
RELIGARE,22.82,47.96
OIL,15.28,15.35
ZYDUSWELL,47.95,47.95
GODREJPROP,65.83,65.83
TRF,14.21,14.21
VASCONEQ,31.36,31.36
ISFT,20.63,20.63
SJVN,60.57,65.15
IMFA,9.99,9.99
BAJAJCON,24.7,24.7
KILITCH,52.42,52.42
GREENPOWER,59.3,69.18
BEDMUTHA,32.99,32.99
GRAVITA,47.68,47.68
JAMNAAUTO,24.94,24.94
JUBLINDS,77.66,36.22
DHUNINV,13.85,13.85
PIIND,38.88,38.88
OMINFRAL,43.47,43.47
DELPHIFX,15.75,15.75
RUSHIL,237.59,237.59
PFIZER,43.91,44.39
DEEPAKFERT,22.86,22.86
COROMANDEL,32.34,32.34
VINDHYATEL,28.75,28.75
ASIANPAINT,57.3,57.3
PGHL,40.2,40.2
BEML,58.5,58.5
CENTENKA,28.14,28.14
VTL,21.31,21.31
FEDERALBNK,11.65,11.65
VIPIND,10783.9,10783.9
SRF,61.21,61.21
WEIZMANIND,19.42,19.42
BBOX,66.35,53.05
RANEHOLDIN,20.61,10.63
TATAELXSI,53.93,53.93
SHREYANIND,5.28,5.28
HCC,18.1,
APOLLOHOSP,102.58,102.71
NEULANDLAB,44.56,46.75
BANARISUG,27.49,27.49
KPIL,41.52,41.52
HSCL,51.57,51.57
WSI,16.58,16.39
SUNFLAG,30.16,30.16
WIPRO,22.58,22.58
JUBLPHARMA,23.29,53.05
MURUDCERA,54.52,54.52
HLVLTD,58.97,58.97
3PLAND,43.79,43.79
SAIL,21.6,17.1
STYRENIX,23.03,23.03
BRITANNIA,63.17,62.59
DABUR,61.08,61.08
JAYSREETEA,27.46,
ESABINDIA,58.87,58.87
AARTIIND,65.08,65.08
KSB,77.93,77.93
SURYAROSNI,18.34,18.34
SHREECEM,41.43,41.43
HINDALCO,13.59,13.61
FINPIPE,21.76,36.11
CGPOWER,113.32,115.89
BEL,51.96,51.96
PEARLPOLY,77.78,77.78
TTKPRESTIG,62.88,62.88
MARICO,54.83,54.83
BIOFILCHEM,145.09,145.09
VISAKAIND,1109.64,1109.64
HITECHGEAR,14.59,37.84
PUNJABCHEM,33.16,33.16
JAGSNPHARM,47.68,42.36
RUCHINFRA,30.66,97.2
SAHANA,84.12,84.12
LRRPL,99.21,99.21
MCON,49.43,49.43
QFIL,21.43,21.43
NIRMAN,48.34,48.34
SYSTANGO,21.53,21.53
SOTAC,47.91,46.78
CRAYONS,18.52,18.52
URBAN,27.26,27.26
KRISHCA,30.7,30.7
AATMAJ,71.84,71.84
SEL,121.55,121.55
GREENCHEF,34.66,34.66
MAGSON,25.63,25.63
MONOPHARMA,26.8,26.8
SSFL,72.55,72.55
SAHAJ,28.31,28.31
GLOBALPET,45.15,45.15
PRAMARA,40.72,40.72
ZEAL,21.74,21.74
UNIHEALTH,17.43,17.43
ONDOOR,47.83,47.4
PLADAINFO,9.37,9.37
KARNIKA,33.51,33.51
SAAKSHI,79.04,79.04
BASILIC,46.61,46.61
CPS,76.78,76.78
NEWJAISA,68.11,68.11
SHANTHALA,128.59,128.59
KONTOR,97.74,97.74
INSPIRE,16.48,16.48
MAITREYA,43.19,43.19
VINYAS,213.88,213.88
SUZLON,115.37,107.66
TRIVENI,23.13,23.13
NAHARINDUS,69.85,57.79
EKC,18.57,18.21
ROHLTD,20.87,20.87
ENIL,33.26,33.26
JAGRAN,12.28,12.28
JKCEMENT,37.77,38.2
M&MFIN,18.13,18.13
BLKASHYAP,47.32,47.32
KEI,61.17,61.16
SOLARINDS,95.86,95.86
MALUPAPER,86.55,86.55
KKCL,26.07,26.07
SUNTV,18.19,18.19
RSYSTEMS,39.36,39.36
EMKAY,14.49,14.49
BALPHARMA,25.28,25.28
KAMDHENU,27.65,27.65
RATNAMANI,40.15,40.15
JKLAKSHMI,20.54,20.81
ALLCARGO,40.29,52.99
EMAMILTD,45.69,45.39
TRENT,148.2,240.47
KECL,97.73,97.73
KCP,10.42,10.35
JBCHEPHARM,51.48,51.48
INFY,27.13,27.13
IFBIND,76.13,76.13
IGPL,49.23,49.23
GNFC,20.08,20.08
BHARATFORG,86.16,77.68
BASF,48.8,49.54
ARVIND,30.68,30.77
TATAMOTORS,10.31,10.25
MRPL,13.44,13.41
LINDEINDIA,148.59,148.59
ESCORTS,39.37,39.37
BAJAJHLDNG,73.27,73.27
ASHOKLEY,27.33,26.78
TATASTEEL,,51.99
SUNDARMFIN,29.45,28.16
VEDL,17.72,19.9
RELIANCE,25.17,25.17
DRREDDY,20.86,20.86
BATAINDIA,56.75,75.04
CARBORUNIV,68.85,68.85
DICIND,,141.3
BALMLAWRIE,23,23
MOTOGENFIN,123.48,123.48
RAMCOCEM,53.73,53.73
CENTURYTEX,93.04,93.04
ADORWELD,27.14,27.14
TORNTPHARM,65.02,67.89
VLSFINANCE,3.47,3.47
SUPREMEIND,64.32,64.32
BALRAMCHIN,19.4,19.4
UNICHEMLAB,,2246.81
JTEKTINDIA,44.05,44.05
SUNPHARMA,39.67,39.09
SANDESH,6.49,6.49
ADANIENT,83.71,79.2
INDBANK,23.22,23.22
GET&D,154.14,154.14
BERGEPAINT,53.27,53.45
JINDALPOLY,46.39,46.23
JYOTISTRUC,83.43,83.43
BLUEDART,65.03,65.03
MUNJALSHOW,22.26,20.93
SOTL,21.6,21.6
RANASUG,12.93,12.93
DECCANCE,25.11,18.96
TECHM,56.13,56.2
SELAN,30.38,30.38
ANANTRAJ,58.11,58.11
HOVS,35.28,35.28
TALBROAUTO,22.08,31.42
FIEMIND,20.45,20.45
NAUKRI,123.27,114.88
RUCHIRA,7.96,7.96
JINDRILL,15.52,15.52
NFL,102.97,102.97
PARACABLES,29.68,29.68
AVTNPL,25.72,25.72
TIDEWATER,31.69,31.69
LUMAXTECH,22.9,22.9
AUTOIND,34.17,34.26
PGIL,25.51,25.43
FSL,37.68,37.68
SMSPHARMA,43.67,43.67
RAJTV,367.99,367.99
THEMISMED,69.21,69.21
BANSWRAS,20.23,20.23
PHOENIXLTD,43.76,43.74
FORTIS,53.95,54.86
SRHHYPOLTD,12.48,11.32
NAVINFLUOR,67.62,82.28
NAGREEKEXP,20.57,20.57
V2RETAIL,79.83,79.83
DLF,121.4,121.4
ADSL,24.49,24.49
INDOWIND,53.99,47.18
KSCL,19.08,19.08
POWERGRID,20.32,20.32
DELTACORP,17.58,21.99
CERA,55.93,55.65
ADANIPORTS,35.45,33.8
EDELWEISS,12.57,12.57
COLPAL,66.7,66.7
KALYANIFRG,41.66,41.66
ECLERX,23.53,23.47
BRIGADE,58.31,58.31
MANAKSIA,8.13,6.16
PATINTLOG,25.77,25.77
ARIES,19.21,19.21
AMBIKCO,17.79,17.79
CEATLTD,17.31,16.25
CORDSCABLE,25.37,25.37
KNRCON,13.89,13.89
IRB,41.81,41.81
GSS,31.69,31.69
NAHARCAP,13.53,13.53
VGUARD,69.49,69.49
DPSCLTD,113.79,113.79
BAJAJFINSV,15.28,15.28
BAJAJ-AUTO,34.78,34.78
RPGLIFE,39.05,39.05
RBL,15.48,15.16
RANEENGINE,22.95,18.65
LOTUSEYE,47.35,47.8
UBL,114.73,114.73
20MICRONS,18.03,17.68
JOCIL,76.9,76.9
COUNCODOS,36.98,36.98
MAWANASUG,10.97,10.97
AJMERA,24.09,24.09
GKWLIMITED,139.13,139.13
VINATIORGA,68.73,68.73
NHPC,24.59,24.59
GLOBUSSPR,27.44,27.44
AMRUTANJAN,47.59,47.59
DEN,11.51,11.51
REFEX,32.95,32.96
DLINKINDIA,20.2,20.2
JSWENERGY,62.68,62.68
HINDCOPPER,96.61,96.61
WHIRLPOOL,90.89,86.8
JUBLFOOD,102.39,174.71
THANGAMAYL,39.05,39.05
HATHWAY,57.76,57.05
TEXMOPIPES,45.27,14.9
MANINFRA,24.66,24.66
PERSISTENT,60.89,60.89
KIRLOSBROS,45.89,46.03
KSL,19.95,19.95
KIRLOSIND,14.84,13.38
HMVL,200.87,200.87
BLISSGVS,13.14,6.49
AHLEAST,7.13,9.32
UGARSUGAR,40.66,40.66
ADFFOODS,33.7,33.7
WELINV,108.97,108.97
CAREERP,15.88,15.88
WABAG,31.43,31.26
OBEROIRLTY,29.1,29.1
CGCL,43.51,43.51
IOLCP,17.97,17.97
RPPINFRA,13.69,13.69
A2ZINFRA,11.76,
PSB,66.09,66.09
SUMMITSEC,28.64,25.16
HINDMOTORS,19.9,19.9
HFCL,52.91,52.91
LOVABLE,64.31,64.31
PFS,20.5,20.5
SYMPHONY,53.87,53.87
VSTTILLERS,28.71,28.71
KARMAENG,776.28,776.28
MAITHANALL,8.6,8.6
PENINLAND,13.73,19.37
WHEELS,29.71,29.71
PREMIERPOL,20.6,20.6
SMLISUZU,24.29,24.29
FACT,424.73,158.47
ELECON,37.97,37.97
LAXMIMACH,53.45,53.45
PEL,,35.98
NELCO,86.88,86.88
MAHSCOOTER,49.46,51.08
RADIOCITY,62.93,62.93
TASTYBITE,145.71,145.71
LAXMICOT,,106.58
EIFFL,198.08,198.08
SHANKARA,20.25,20.25
WIPL,43.97,43.97
DEVIT,23.9,23.9
INFOBEAN,37.88,37.88
STARCEMENT,27.74,27.74
CDSL,53.47,53.47
AUBANK,28.2,27.17
DYNPRO,124.67,124.67
MAGADSUGAR,8.9,8.9
SIS,44.29,44.29
SMSLIFE,45.13,45.13
GEEKAYWIRE,12.07,12.07
ABCAPITAL,16.96,16.96
CHOLAHLDNG,7.23,7.23
WORTH,12.03,12.03
DPWIRES,26.11,26.11
AIROLAM,25.96,25.96
GODREJAGRO,45.55,45.55
GICRE,10.26,10.26
IFGLEXPOR,26.63,26.63
SILVERTUC,59.36,59.36
BCONCEPTS,60.54,60.54
GALAXYSURF,33.41,33.41
KRITIKA,46.81,46.81
VINNY,27.89,27.89
IRISDOREME,45.87,45.87
UNIPARTS,20.23,20.23
TREJHARA,18.67,152.32
ANUP,31.88,31.88
PAR,19.65,19.65
POLYCAB,55.37,55.37
EMAMIPAP,9.64,9.64
DGCONTENT,36.56,36.56
OAL,66.69,66.69
SATIA,5.7,5.7
AFFLE,65.43,65.43
WESTLIFE,283.48,283.48
MAZDOCK,54.47,54.47
SAFARI,66.49,66.49
IIFLSEC,10.36,10.36
GREENPANEL,36.82,36.82
APOLLOPIPE,56.38,56.38
ROUTE,26.98,28.01
SIGMA,20.61,20.61
EQUITASBNK,14.16,14.16
HINDWAREAP,82.02,82.02
LIKHITHA,24.89,24.89
PATANJALI,69.01,69.01
ATALREAL,25.54,25.54
UNIVPHOTO,13.09,13.09
POWERINDIA,271.38,271.38
RAJRATAN,39.04,39.04
AARTISURF,29.17,29.17
NDRAUTO,42.84,42.84
AAATECH,48.86,48.86
SIGACHI,34.43,34.43
NIRAJ,20.27,13.69
CAMS,54.78,54.78
ROML,52.89,52.89
NURECA,464.53,464.53
HERANBA,42.32,42.32
STARHEALTH,39.26,39.26
SGIL,42.04,42.04
SJS,31.63,31.63
POLICYBZR,486.61,649.97
MONARCH,15.79,15.78
EPIGRAL,31.7,31.7
CMSINFO,24.91,24.91
TARSONS,60.31,60.31
TEGA,62.9,62.9
LATENTVIEW,61.26,61.26
MICEL,29.08,32.45
PARADEEP,30.05,30.05
MANYAVAR,70.6,70.6
DMCC,63.07,63.07
EMIL,46.6,46.6
UMAEXPORTS,27.99,27.2
AHL,30.58,30.58
ASIANENE,52.21,48.71
NRL,55.48,55.48
GRWRHITECH,27.13,27.13
DYCL,35.56,35.56
STARTECK,16.86,16.86
ELDEHSG,26.55,26.55
SEJALLTD,105.12,105.12
SYRMA,61.53,61.04
CAMPUS,101.57,101.57
VENUSPIPES,43.92,43.92
MEGASTAR,53.78,53.78
RACE,362.16,362.16
DREAMFOLKS,34.86,34.86
MSUMI,47.94,47.94
OBCL,30.26,30.26
LICI,17.02,17.02
INOXGREEN,177.84,177.84
BIKAJI,71.45,71.45
HARDWYN,97.75,97.75
MEDICO,37.39,37.39
YATHARTH,33.39,33.39
AKSHAR,20.52,20.52
NGLFINE,38.04,38.04
LAL,47.56,47.56
POCL,46.81,46.81
ASHOKAMET,10.13,10.13
PTCIL,565.14,565.14
AEROFLEX,46.57,46.43
GHCLTEXTIL,31.18,31.18
KIRLPNU,57.73,55.37
JSWINFRA,58.57,58.57
YASHO,50.57,50.57
SRGHFL,31.18,31.18
TREL,4.81,39.01
CELLO,74.36,74.36
EMKAYTOOLS,12.96,12.96
KKVAPOW,124.71,124.71
AURDIS,11.33,11.33
PROLIFE,10.62,10.62
ACCORD,45.26,45.26
PASHUPATI,193.77,193.77
RMDRIP,80.34,80.34
TIRUPATI,50.44,50.44
BETA,36.27,36.27
PULZ,14.07,14.07
INNOVANA,25.45,25.45
SOLEX,159.79,159.79
MDL,56.12,52.45
MAHICKRA,81.65,81.65
PARIN,144.05,144.05
KHFM,117.22,117.22
SECL,1608.57,1608.57
PARTYCRUS,20.65,20.65
VMARCIND,26.7,26.7
AILIMITED,71.83,71.83
ABCOTS,50.49,50.49
REXPIPES,16.67,16.66
DESTINY,21.67,21.67
FOCE,34.48,34.48
COOLCAPS,98.52,98.48
EUROBOND,60,60
TIMESCAN,11.93,11.93
SPRL,29.91,29.91
KNAGRI,30.37,30.37
KRISHIVAL,49.88,49.88
SWARAJ,33.73,33.73
VEEKAYEM,29.04,29.04
MWL,27.58,27.58
SABAR,15.55,15.55
FIDEL,25.87,25.87
VIVIANA,124.56,124.56
KANDARP,33.81,33.81
CLOUD,3.83,3.83
MEGAFLEX,48.16,48.16
AMIABLE,9.65,9.65
DOLLEX,8.94,8.94
FROG,34.92,34.92
PRITIKA,61.5,61.5
CMNL,14.62,14.41
SDBL,22.47,22.47
CAPLIPOINT,23.37,23.37
FCL,34.87,34.87
LAMBODHARA,41.71,41.71
GANECOS,99.03,99.03
AVANTIFEED,21.85,21.85
SKIPPER,44.75,44.75
RAMASTEEL,55.94,55.94
ARVSMART,65.49,65.49
GUJGASLTD,34.08,35.31
BALAXI,13.38,16.15
PILANIINVS,35.79,35.79
PRECAM,44.29,68.66
BHAGERIA,39.91,39.91
KDDL,31.83,31.9
INFIBEAM,46.71,46.71
CROMPTON,59.09,59.09
ALBERTDAVD,9.49,9.49
TIIL,25.48,24.86
PFC,7.58,7.58
PAGEIND,78.87,78.87
ASTRAL,102.46,102.46
ICRA,38.34,38.34
BFUTILITIE,12.48,12.48
HILTON,26.91,26.91
TIMETECHNO,22.86,22.86
TARMAT,,136.53
ALPA,11.99,12.03
KPRMILL,38.79,38.79
MAGNUM,40.46,141.69
MAANALU,21.32,21.32
BAJAJELEC,87.88,87.88
ADANIPOWER,16.69,16.69
RTNPOWER,.9,
SHILPAMED,188.07,208.83
AHLUCONT,23.58,37.87
BEARDSELL,17.12,17.12
UNITEDTEA,12.71,12.71
EMMBI,18.94,18.94
LGBBROSLTD,14.67,15.35
MANAPPURAM,7.64,7.64
GPPL,29.68,27.6
SASTASUNDR,8.09,8.16
CANTABIL,37.92,38.66
PRESTIGE,41.42,41.42
RESPONIND,44.55,44.55
PENIND,24.35,24.35
KIRLOSENG,35.74,35.4
KICL,35.95,47.66
TEXRAIL,101.03,101.03
MUTHOOTFIN,16.61,16.61
DHANUKA,32.65,32.65
ARENTERP,33.83,33.83
ADVANIHOTR,26.94,26.94
SUBROS,42.9,42.9
BHARATRAS,54.37,54.38
UNIVCABLES,69.12,69.12
SOMANYCERA,29.51,30.59
SANOFI,30.61,28.77
KAJARIACER,55.97,55.94
PRSMJOHNSN,54.69,
PIDILITIND,87.16,84.86
OSWALAGRO,262.75,261.31
JINDALSAW,11.53,11.53
ABB,104.57,104.57
GRAPHITE,9.5,35.82
BBL,39.11,39.11
ELECTCAST,14.04,14.04
CIPLA,29.25,28.26
HEROMOTOCO,26.7,25.88
HARRMALAYA,,1540.29
GIPCL,16.54,16.54
ITC,29.86,29.85
HINDCOMPOS,24.47,24.47
KAMATHOTEL,13.81,46.42
APOLLOTYRE,19.97,18.94
SHANTIGEAR,53.18,53.18
PRECWIRE,36.28,36.28
NILKAMAL,27.53,27.53
ICIL,22.48,22.48
SEAMECLTD,26.74,28.34
AUROPHARMA,27.2,26.32
EIHOTEL,36.93,36.44
LICHSGFIN,7.42,7.42
GICHSGFIN,8.06,8.06
MOREPENLAB,32.74,32.74
WSTCSTPAPR,4.94,4.94
GHCL,11.26,11.26
PRAJIND,39.77,42.84
EVERESTIND,102.17,121.52
BPL,40.51,40.51
PGHH,74.26,74.26
VESUVIUS,40.84,40.84
BOMDYEING,1.44,
NAVNETEDUL,18.53,20.19
GLAXO,76.06,67.32
CHOLAFIN,31.13,31.13
INDHOTEL,71.36,71.36
GILLETTE,67.43,67.43
KANSAINER,35.79,35.79
FOSECOIND,49.83,50.06
SCHAEFFLER,67.11,66.86
AMJLAND,17.08,17.08
MFSL,97.28,97.28
HEG,34.37,34.37
SAKHTISUG,3.67,
IPCALAB,65.26,71.15
HINDZINC,31.14,31.14
GRASIM,17.03,16.37
AMBUJACEM,35.98,37.83
DCW,133.9,126.25
CESC,16.01,19.5
BAJFINANCE,27.31,27.31
CORALFINAC,9.8,9.8
GREENPLY,40.91,44.97
REMSONSIND,47.72,46.79
DALMIASUG,11.78,11.78
KHAITANLTD,29.94,29.94
MRF,28.85,28.85
TNPETRO,16.98,15.16
STARPAPER,5.68,5.55
EIMCOELECO,36.36,36.36
SILINV,19.56,19.56
KEYFINSERV,8.51,8.51
SUNDRMBRAK,32.63,32.63
AARTIDRUGS,30.31,30.31
INDIANCARD,20.73,
WENDT,75.32,75.32
DYNAMATECH,37.19,71.22
MMFL,19.55,19.7
ALKYLAMINE,72.12,72.12
RAMCOIND,26.64,26.64
INDRAMEDCO,21.61,21.61
GAIL,15.69,15.69
BANKINDIA,8.21,8.21
ICICIBANK,17.58,17.58
INDSWFTLAB,3.34,14.38
SAREGAMA,49.4,49.4
FDC,25.95,25.95
ENGINERSIN,35.6,35.6
JAICORPLTD,110.09,110.09
GMDCLTD,20.14,20.14
INDUSINDBK,11.63,11.63
TRIGYN,19.01,19.01
J&KBANK,6.78,6.78
CUB,11.54,11.54
ASTRAZEN,172.72,90.67
AXISBANK,13.14,13.14
SONATSOFTW,58.98,4.84
KOKUYOCMLN,41.44,41.44
DHANBANK,18.46,18.46
STCINDIA,23.28,25.02
IVC,37.05,37.05
JINDALSTEL,16.78,16.77
NIPPOBATRY,29.11,29.11
HCLTECH,25.72,25.72
ACCELYA,28,28.07
IOB,41.47,41.47
BIL,49.65,49.65
KTKBANK,6.11,6.11
BLBLIMITED,35.39,35.39
CALSOFT,43.78,43.78
TVSMOTOR,64.16,64.16
PNC,31.13,31.13
TAJGVK,26.35,26.35
CHENNPETRO,5.48,5.48
KRBL,13.16,13.16
GAEL,16.84,16.84
BALAJITELE,36.8,36.8
KHANDSE,251.13,251.13
GODREJCP,,76.31
LUPIN,40.88,40.88
BHARTIARTL,94.74,78.62
PONNIERODE,10.64,10.64
PNB,11.59,11.59
OFSS,37.36,37.36
CANBK,5.94,5.94
OMAXAUTO,19.58,
RADICO,84.76,84.76
BAGFILMS,21.12,21.12
JSL,21,21.66
IGL,23.66,23.66
UNIENTER,29.1,29.1
PTC,11.6,11.34
VAIBHAVGBL,39.96,38.21
XPROINDIA,49.42,47.56
LT,30.74,30.88
CENTEXT,27.93,28.37
NIITLTD,34.85,34.85
GULFPETRO,13.08,13.08
ASTRAMICRO,72.55,72.55
KOTARISUG,40.73,40.73
DWARKESH,38.58,38.58
INDOCO,39.72,43.18
PATELENG,15.27,20.21
CONSOFINVT,13.76,13.76
JINDALPHOT,55.17,55.17
GOKEX,53.91,53.91
IIFL,9.9,9.9
SHOPERSTOP,200.85,172.88
CYBERMEDIA,17.1,22.2
JKPAPER,8.41,8.41
GRANULES,32.16,32.16
GENUSPOWER,87.64,87.64
YESBANK,51.54,51.54
SPLIL,15.82,15.82
RML,65.34,12.79
FCSSOFT,,69.93
BODALCHEM,153.56,153.56
ASAHISONG,23.49,185.37
FILATEX,24.99,24.99
TDPOWERSYS,52.17,52.17
APLLTD,37.85,37.85
VASWANI,17.22,17.22
PANAMAPET,12.19,12.19
PAISALO,33.21,33.28
ONELIFECAP,33.93,33.93
SHAKTIPUMP,39.07,39.07
INDOTHAI,17.98,17.98
POLYMED,67.02,67.02
VIKASECO,44.11,44.11
APLAPOLLO,54.39,54.39
MINDACORP,51.6,51.6
DBSTOCKBRO,20.85,20.85
COMPUSOFT,56.82,56.82
NDL,15.39,15.39
HEXATRADEX,46.61,46.61
VSSL,22.75,22.75
SPECIALITY,27.36,27.36
KITEX,29.61,29.61
ROSSELLIND,168.67,167.28
ZUARI,5.91,5.91
VETO,18.38,18.38
REPCOHOME,6.88,6.88
JUSTDIAL,25.14,25.14
ATULAUTO,265.58,265.58
PILITA,57.65,57.65
JPOLYINVST,26.92,26.92
AGRITECH,14.18,14.18
HATSUN,89.19,89.19
GULFOILLUB,17.85,17.85
SHARDACROP,33.38,33.38
CIGNITITEC,28.15,27.56
GOODLUCK,21.17,21.17
APOLSINHOT,34.8,34.8
GRPLTD,76.6,70.94
GREENLAM,58.43,58.43
VISHNU,27.21,27.21
JMA,9.48,9.48
MANAKSTEEL,12.73,12.8
LFIC,6.42,6.42
VIPULLTD,2.04,2.02
UFO,76.69,63.69
ARROWGREEN,30.47,30.47
PNCINFRA,13.1,13.1
SYNGENE,68.79,71.25
SATIN,5.12,5.12
POWERMECH,34.61,34.61
SHREEPUSHK,20.43,20.43
IDFCFIRSTB,18.88,18.88
SHK,21.38,21.38
LUXIND,54.89,54.89
SALZERELEC,30.76,30.76
LINCOLN,13.31,13.31
NH,31.07,31.07
OCCL,5.83,5.83
QUICKHEAL,70.95,70.95
VIDHIING,61.33,61.33
KELLTONTEC,21.4,21.4
BHARATWIRE,18.14,18.14
PARAGMILK,22.92,22.92
ARMANFIN,10.34,10.34
ASPINWALL,21.27,21.27
SALONA,24.97,24.97
PREMEXPLN,115.77,115.77
MAHASTEEL,38,46.71
DAMODARIND,44.21,44.21
MGL,14.88,14.88
POKARNA,28.2,28.2
GPTINFRA,32.99,32.99
ADVENZYMES,34.11,31.77
DBL,39.01,426.55
NDGL,12.87,12.87
RBLBANK,10.1,10.1
BIGBLOC,59.06,59.06
CUPID,32.32,32.32
GNA,18.34,18.34
MARATHON,21.35,21.35
HPL,71.6,71.6
ENDURANCE,53.48,53.48
MAZDA,19.91,19.91
PNBHOUSING,13.11,13.11
KINGFA,27.76,27.76
NBIFIN,74.15,74.15
SFL,52,74
LAURUSLABS,153.13,153.13
ITDC,89.49,89.41
HISARMETAL,16.48,16.48
SPCENET,137.51,137.51
BHANDARI,25.28,25.28
BSE,68.58,68.58
JITFINFRA,28.22,34.15
INTENTECH,20.25,20.25
URJA,373.37,373.37
CLEDUCATE,28.4,30.5
DOLLAR,31.72,31.51
SCHAND,15.47,15.47
PSPPROJECT,22.17,22.17
ERIS,40.35,40.35
GTPL,19.46,19.46
SALASAR,57.84,57.84
GANGESSECU,49.72,49.72
OPTIEMUS,78.85,78.85
APEX,58.34,58.34
DIXON,158.36,158.36
CAPACITE,22.58,22.58
SBILIFE,84.09,84.09
DIAMONDYD,44.13,44.13
MASFIN,18.6,18.6
NIACL,38.84,38.84
KHADIM,114.36,114.36
DNAMEDIA,.64,
NEWGEN,52.91,52.91
ASTERDM,58.81,
HGINFRA,19.24,19.65
SUNDARMHLD,28.75,28.75
HAL,41.11,41.11
SANDHAR,32.82,33.93
LEMONTREE,57.55,57.55
CHEMFAB,75.08,75.08
INDOSTAR,30.66,30.66
FINEORG,37.62,37.58
VARROC,17.73,17.73
HBSL,2.78,2.78
HDFCAMC,42.41,42.41
SIGIND,14.62,14.62
AAVAS,25.73,25.73
NILASPACES,24.15,24.15
CHALET,68.81,68.81
PAKKA,29.11,29.11
MADRASFERT,311.13,30.96
CONCOR,49.35,49.35
KCPSUGIND,6.01,6.54
NSIL,39.57,39.57
DREDGECORP,83.28,81.54
PETRONET,14.07,14.18
DATAMATICS,17.61,17.37
ULTRACEMCO,46.51,46.33
INDSWFTLTD,9.13,9.13
JBMA,112.12,112.12
XCHANGING,100.28,100.28
JSWSTEEL,28.7,30.62
SAKSOFT,31.71,31.71
WELCORP,18.83,18.83
PRIMESECU,31.56,35.61
GEOJITFSL,15.76,15.76
SASKEN,34.13,34.13
NATHBIOGEN,10.28,11.03
BOSCHLTD,36.87,49.49
MAHSEAMLES,8.76,8.73
IVP,13.78,13.78
EICHERMOT,34.24,34.24
ZENSARTECH,25.6,25.6
IGARASHI,126.91,126.91
APCOTEXIND,39.8,39.8
KARURVYSYA,9.96,9.96
TATAPOWER,41.59,41.91
TATACOMM,58.32,69.54
LIBERTSHOE,76.64,58.32
HEIDELBERG,32.29,32.29
POLYPLEX,41.77,41.77
EIHAHOTELS,34.73,34.73
IDBI,16.17,16.17
DHAMPURSUG,14.38,14.38
KOTAKBANK,16.57,19.16
GOLDENTOBC,10.66,12.09
GABRIEL,39.36,39.36
PRAKASH,9.02,9.02
GREAVESCOT,,91.7
TIMKEN,78.98,78.98
INGERRAND,58,58
GSFC,17.07,17.12
EIDPARRY,8.23,8.23
BIRLACORPN,26.11,26.5
ASHAPURMIN,13.47,20.82
TNPL,8.05,8.05
NATCOPHARM,18.71,18.71
GARFIBRES,35.44,35.44
SKFINDIA,48.47,48.47
ZENITHEXPO,464.62,464.62
SANGAMIND,46.98,41.03
STERTOOLS,24.55,24.67
TVSSRICHAK,34.9,32.9
GUJAPOLLO,28.46,28.46
JCHAC,3755.53,190.55
HERITGFOOD,34.13,33.87
IEX,48.15,48.15
5PAISA,24.13,24.13
SHALBY,36.91,36.91
APOLLO,109.14,109.14
DALBHARAT,38.83,34.71
