SYMBOL,SERIES,SECURITY,HIGH/LOW,INDEX FLAG
21STCENMGM,BE,21ST CENTURY MGMT SERVICE,H
AARTECH,BE,AARTECH SOLONICS LIMITED,H
ACCORD,SM,ACCORD SYNERGY LIMITED,H
ACCURACY,EQ,ACCURACY SHIPPING LIMITED,H
AGNI,SM,AGNI GREEN POWER LTD,H
AILIMITED,ST,ABHISHEK INTEGRATIONS LTD,H
AIMTRON,ST,AIMTRON ELECTRONICS LTD,H
AKI,EQ,AKI INDIA LIMITED,H
ALPEXSOLAR,SM,ALPEX SOLAR LIMITED,H
AMEYA,SM,AMEYA PRECISION ENG LTD,H
APS,SM,AUSTRALIAN PREM SOLAR I L,H
ATALREAL,BE,ATAL REALTECH LIMITED,H
ATMASTCO,SM,ATMASTCO LIMITED,H
AURIONPRO,EQ,AURIONPRO SOLN LTD,H
AVSL,ST,AVSL INDUSTRIES LIMITED,H
BEACON,ST,BEACON TRUSTEESHIP LTD,H
BHARATRAS,EQ,BHARAT RASAYAN LTD,H
BIL,BE,BHARTIYA INETRNATIONAL LT,H
BLUECHIP,BE,BLUE CHIP INDIA LIMITED,H
BMETRICS,SM,BOMBAY METRICS S C LTD,H
BVCL,EQ,BARAK VALLEY CEM. LTD.,H
BYKE,EQ,THE BYKE HOSPITALITY LTD,H
CGRAPHICS,SM,CREATIVE GRAPHICS S IND L,H
CLOUD,SM,VARANIUM CLOUD LIMITED,H
CMMIPL,ST,CMM INFRAPROJECTS LIMITED,H
COMPINFO,BZ,COMPUAGE INFOCOM LTD,H
CPS,ST,C P S SHAPERS LIMITED,H
CREATIVEYE,BE,CREATIVE EYE LIMITED,H
DCI,BE,DC INFOTECH AND COMUN LTD,H
DCMFINSERV,BE,DCM FINANCIAL SERVICES LT,H
DELPHIFX,BE,DELPHI WORLD MONEY LTD,H
DESTINY,ST,DESTINY LOGISTICS & I LTD,H
DGCONTENT,BE,DIGICONTENT LIMITED,H
DIACABS,BE,DIAMOND POWER INFRA LTD,H
DIGIDRIVE,BE,DIGIDRIVE DISTRIBUTORS L,H
DRCSYSTEMS,EQ,DRC SYSTEMS INDIA LIMITED,H
DRONE,SM,DRONE DESTINATION LIMITED,H
DYNAMIC,SM,DYNAMIC SRVCS & SEC LTD,H
ENSER,SM,ENSER COMMUNICATIONS LTD,H
ESSEN-RE2,BE,INTEGRA ESSENTIA LIMITED,H
ESSENTIA,BE,INTEGRA ESSENTIA LIMITED,H
FEL,BZ,FUTURE ENTERPRISES LTD,H
FELDVR,BE,FUTURE ENTERPRISES LTD,H
FLFL,BZ,FUT LIFESTYLE FASH LTD,H
FRETAIL,BZ,FUTURE RETAIL LIMITED,H
GAYAHWS,BE,GAYATRI HIGHWAYS LIMITED,H
GENSOL,EQ,GENSOL ENGINEERING LTD,H
GMRP&UI,EQ,GMR POW AND URBAN INFRA L,H
GOENKA,BZ,GOENKA DIAMOND&JEWELS LTD,H
GOLDENTOBC,BZ,GOLDEN TOBACCO LIMITED,H
HARRMALAYA,EQ,HARRISON MALAYALAM LTD,H
HAVISHA,EQ,SRI HAVISHA HOSP & INFR L,H
HDIL,BZ,HOUSING DEV & INFRA LTD,H
HECPROJECT,EQ,HEC INFRA PROJECTS LTD,H
HINDNATGLS,BE,HIND NATL GLASS & IND LTD,H
HOVS,BE,HOV SERVICES LTD,H
IL&FSTRANS,BZ,IL&FS TRANS NET LTD,H
INDOWIND,EQ,INDOWIND ENERGY LTD,H
INFOMEDIA,EQ,INFOMEDIA PRESS LIMITED,H
ISHAN,SM,ISHAN INTERNATIONAL LTD,H
IVP,EQ,IVP LTD,H
JITFINFRA,EQ,JITF INFRALOGISTICS LTD,H
JPASSOCIAT,BE,JAIPRAKASH ASSOCIATES LTD,H
JSLL,ST,JEENA SIKHO LIFECARE LTD,H
JUBLINDS,EQ,JUBILANT INDUSTRIES LTD,H
KAMATHOTEL,EQ,KAMAT HOTELS (I) LTD,H
KAVVERITEL,BE,KAVVERI TEL. LTD.,H
KAYA,EQ,KAYA LIMITED,H
KCK,ST,KCK INDUSTRIES LTD,H
KDL,SM,KORE DIGITAL LIMITED,H
KERNEX,EQ,KERNEX MICROSYS(I) LTD,H
KODYTECH,SM,KODY TECHNOLAB LIMITED,H
KONSTELEC,SM,KONSTELEC ENGINEERS LTD,H
KRITI,EQ,KRITI INDUSTRIES IND LTD,H
KRONOX,BE,KRONOX LAB SCIENCES LTD,H
KSHITIJPOL,EQ,KSHITIJ POLYLINE LIMITED,H
LORDSCHLO,BE,LORDS CHLORO ALKALI LTD,H
MADHUCON,BE,MADHUCON PROJECTS LTD.,H
MASKINVEST,EQ,MASK INVESTMENTS LIMITED,H
MBECL,BE,MCNALLY BH. ENG. CO.LTD,H
MCLEODRUSS,EQ,MCLEOD RUSSEL INDIA LTD.,H
MEGAFLEX,SM,MEGA FLEX PLASTICS LTD,H
MEGATHERM,SM,MEGATHERM INDUCTION LTD,H
MEP,BE,MEP INFRA. DEVELOPERS LTD,H
MIRCELECTR,EQ,MIRC ELECTRONICS LTD,H
MORARJEE,BE,MORARJEE TEXTILES LIMITED,H
MOTOGENFIN,EQ,MOTOR & GENERAL FINANCE L,H
NAGAFERT,EQ,NAGARJUN FERT AND CHE LTD,H
NITCO,BE,NITCO LIMITED,H
NKIND,EQ,NK INDUSTRIES LTD,H
NOIDATOLL,BE,NOIDA TOLL BRIDGE CO LTD,H
NTL,BE,NEUEON TOWERS LIMITED,H
OMAXAUTO,BE,OMAX AUTOS LTD,H
OMINFRAL,EQ,OM INFRA LIMITED,H
OMKARCHEM,BZ,OMKAR SPL CHEM LTD,H
ORIANA,SM,ORIANA POWER LIMITED,H
ORTEL,BZ,ORTEL COMMUNICATIONS LTD,H
OSIAHYPER,BE,OSIA HYPER RETAIL LIMITED,H
PARASPETRO,BE,PARAS PETROFILS LTD.,H
PASHUPATI,SM,PASHUPATI COTSPIN LIMITED,H
PERFECT,SM,PERFECT INFRAENGINEER LTD,H
PIGL,BE,POWER INSTRUMENT (G) LTD,H
PRATHAM,SM,PRATHAM EPC PROJECTS LTD,H
PREMIER,BE,PREMIER LIMITED,H
PREMIERPOL,EQ,PREMIER POLYFILM LTD,H
PRLIND,SM,PREMIER ROADLINES LIMITED,H
PRUDMOULI,BE,PRUDENTIAL SUGAR CORPORAT,H
PVP,EQ,PVP VENTURES LIMITED,H
RADAAN,BE,RADAAN MEDIAWORKS (I) LTD,H
RAJRILTD,BE,RAJ RAYON INDUSTRIES LTD,H
RAJSREESUG,EQ,RAJSHREE SUGAR & CHEMICAL,H
RCOM,BE,RELIANCE COMMUNICATIONS L,H
REFRACTORY,SM,REFRACTORY SHAPES LIMITED,H
RHFL,BE,RELIANCE HOME FINANCE LTD,H
RKEC,EQ,RKEC PROJECTS LIMITED,H
ROCKINGDCE,SM,ROCKINGDEALS CIRCU ECO L,H
RPOWER,EQ,RELIANCE POWER LTD.,H
RPPINFRA,BE,R.P.P INFRA PROJECTS LTD.,H
RTNPOWER,BE,RATTANINDIA POWER LIMITED,H
S&SPOWER,BE,S&S POWER SWITCHGEARS,H
SABAR,SM,SABAR FLEX INDIA LIMITED,H
SAHANA,SM,SAHANA SYSTEM LIMITED,H
SAMPANN,EQ,SAMPANN UTPADAN INDIA LTD,H
SANCO,BZ,SANCO INDUSTRIES LIMITED,H
SANGHIIND,EQ,SANGHI INDUSTRIES LTD,H
SANOFI,BE,SANOFI INDIA LIMITED,H
SELAN,EQ,SELAN EXPLO. TECH LTD,H
SETUINFRA,BZ,SETUBANDHAN INFRA LTD,H
SHIGAN,SM,SHIGAN QUANTUM TECH LTD,H
SHUBHLAXMI,SM,SHUBHLAXMI JEWEL ART LTD,H
SHYAMTEL,BE,SHYAM TELECOM LIMITED,H
SIDDHIKA,SM,SIDDHIKA COATINGS LIMITED,H
SIMPLEXINF,BE,SIMPLEX INFRASTRUCTURES L,H
SITINET,BE,SITI NETWORKS LIMITED,H
SJLOGISTIC,SM,S J LOGISTICS (INDIA) LTD,H
SKYGOLD,BE,SKY GOLD LIMITED,H
SOFTTECH,EQ,SOFTTECH ENGINEERS LTD,H
SPMLINFRA,EQ,SPML INFRA LIMITED,H
SPTL,BZ,SINTEX PLASTICS TECH LTD,H
SUPERSPIN,EQ,SUPER SPINNING MILLS LTD,H
TAC,SM,TAC INFOSEC LIMITED,H
TARACHAND,BE,TARA CHAND INFRA SOLN LTD,H
TARAPUR,BE,TARAPUR TRANSFORMERS LTD,H
TBI,ST,TBI CORN LIMITED,H
TCIFINANCE,BE,TCIFINANCELTD-ROLL SETT,H
TCLCONS,EQ,TANTIA CONSTRUCTIONS LTD,H
TECHLABS,SM,TRIDENT TECHLABS LIMITED,H
TECHNOE,BE,TECHNO ELEC & ENG CO. LTD,H
TECILCHEM,EQ,TECIL CHEMICALS,H
TGBHOTELS,EQ,TGB BANQUETS&HOTELS LTD,H
TGL,SM,TEERTH GOPICON LIMITED,H
THOMASCOTT,BE,THOMAS SCOTT (INDIA) LTD,H
TIJARIA,BE,TIJARIA POLYPIPES LTD,H
TIPSFILMS,EQ,TIPS FILMS LIMITED,H
TNTELE,BE,TAMILNADU TELECOMMUNICATI,H
TOUCHWOOD,EQ,TOUCHWOOD ENTERTAIN LTD.,H
TPHQ,EQ,TEAMO PRODUCTIONS HQ LTD,H
TRIL,BE,TRANS & RECTI. LTD,H
TRUST,SM,TRUST FINTECH LIMITED,H
UNITECH,BZ,UNITECH LIMITED,H
VARDMNPOLY,EQ,VARDHMAN POLYTEX LTD.,H
VCL,BE,VAXTEX COTFAB LIMITED,H
VISASTEEL,BE,VISA STEEL LIMITED,H
VIVIANA,SM,VIVIANA POWER TECH LTD,H
WINSOL,SM,WINSOL ENGINEERS LIMITED,H
WINSOME,BE,WINSOME YARNS LIMITED,H
YUDIZ,SM,YUDIZ SOLUTIONS LIMITED,H
ZENITHEXPO,EQ,ZENITH EXPORTS LTD,H
ZTECH,ST,Z-TECH (INDIA) LIMITED,H
A2ZINFRA,BE,A2Z INFRA ENGINEERING LTD,L
AGUL,SM,A G UNIVERSAL LIMITED,L
ANSALAPI,BZ,ANSAL PROP & INFRA LTD,L
ASMS,EQ,BARTRONICS INDIA LIMITED,L
BCG,BZ,BRIGHTCOM GROUP LIMITED,L
BMETRICS,SM,BOMBAY METRICS S C LTD,L
BOROSCI,BE,BOROSIL SCIENTIFIC LTD,L
CMMIPL,ST,CMM INFRAPROJECTS LIMITED,L
CREATIVEYE,BE,CREATIVE EYE LIMITED,L
DHTL,SM,DOCMODE HEALTH TECH LTD,L
DOLPHIN,BE,DOLPHIN OFF ENT (IND) L,L
DREDGECORP,EQ,DREDGING CORP OF INDIA,L
E2E,BE,E2E NETWORKS LIMITED,L
ESCONET,SM,ESCONET TECHNOLOGIES LTD,L
FELIX,SM,FELIX INDUSTRIES LTD.,L
GIRIRAJ,ST,GIRIRAJ CIVIL DEVP LTD,L
GTLINFRA,EQ,GTL INFRA.LTD,L
GVKPIL,BE,GVK POW. & INFRA LTD.,L
HECPROJECT,EQ,HEC INFRA PROJECTS LTD,L
HERITGFOOD,EQ,HERITAGE FOODS LTD,L
HYBRIDFIN,EQ,HYBRID FINANCIAL SERVICE,L
IMPEXFERRO,BE,IMPEX FERRO TECH LIMITED,L
LAKPRE,BZ,LAKSHMI PRE SCRE LTD,L
MANAV,SM,MANAV INFRA PROJECTS LTD,L
MCON,SM,MCON RASAYAN INDIA LTD,L
NGIL-RE2,BE,NAKODA GROUP OF IND LTD,L
ORIENTLTD,EQ,ORIENT PRESS LIMITED,L
OSIAHYPER,BE,OSIA HYPER RETAIL LIMITED,L
PANACHE,EQ,PANACHE DIGILIFE LIMITED,L
RADAAN,BE,RADAAN MEDIAWORKS (I) LTD,L
RICHA,SM,RICHA INFO SYSTEMS LTD,L
SANOFI,BE,SANOFI INDIA LIMITED,L
SECL,SM,SALASAR EXTERIOR CONT LTD,L
SEMAC,BE,SEMAC CONSULTANTS LIMITED,L
SHANTI,BE,SHANTI OVERSEAS INDIA LTD,L
SHUBHLAXMI,SM,SHUBHLAXMI JEWEL ART LTD,L
SICALLOG,BE,SICAL LOGISTICS LIMITED,L
SUULD,EQ,SUUMAYA INDUSTRIES LTD,L
TAPIFRUIT,SM,TAPI FRUIT PROCESSING LTD,L
VEEKAYEM,SM,VEEKAYEM FASH & APP LTD,L
VIVO,SM,VIVO COLLAB SOLUTIONS LTD,L
WINSOME,BE,WINSOME YARNS LIMITED,L
