GAIN_LOSS,SECURITY,CLOSE_PRIC,PREV_CL_PR,PERCENT_CG
 ,Nifty 50 Sec., , , 
 , , , , 
G,SHRIRAM FINANCE LIMITED,      2684.30,      2566.95,4.57
G,HDFC LIFE INS CO LTD,       593.50,       572.70,3.63
G,DIVI S LABORATORIES LTD,      4593.50,      4452.35,3.17
G,MAHINDRA & MAHINDRA LTD,      2861.70,      2787.55,2.66
G,TITAN COMPANY LIMITED,      3472.20,      3382.30,2.66
G,LARSEN & TOUBRO LTD.,      3703.65,      3630.30,2.02
G,LTIMINDTREE LIMITED,      5047.20,      4951.10,1.94
G,INDUSIND BANK LIMITED,      1507.25,      1484.25,1.55
G,TECH MAHINDRA LIMITED,      1388.95,      1370.60,1.34
G,TATA CONSULTANCY SERV LT,      3878.15,      3831.65,1.21
G,WIPRO LTD,       482.60,       476.90,1.2
G,ULTRATECH CEMENT LIMITED,     11173.80,     11044.80,1.17
G,BAJAJ FINANCE LIMITED,      7294.95,      7217.75,1.07
G,HINDALCO  INDUSTRIES  LTD,       680.70,       673.90,1.01
G,BHARAT PETROLEUM CORP  LT,       619.35,       613.35,.98
G,ADANI PORT & SEZ LTD,      1404.45,      1393.95,.75
G,BAJAJ FINSERV LTD.,      1590.10,      1579.10,.7
G,KOTAK MAHINDRA BANK LTD,      1726.35,      1715.75,.62
G,APOLLO HOSPITALS ENTER. L,      6206.20,      6168.60,.61
G,DR. REDDY S LABORATORIES,      6095.85,      6060.05,.59
G,INFOSYS LIMITED,      1493.95,      1485.20,.59
G,STATE BANK OF INDIA,       843.90,       839.10,.57
G,NESTLE INDIA LIMITED,      2551.75,      2537.30,.57
G,HERO MOTOCORP LIMITED,      5816.00,      5790.20,.45
G,HDFC BANK LTD,      1580.75,      1574.15,.42
G,OIL AND NATURAL GAS CORP.,       276.55,       275.50,.38
G,HCL TECHNOLOGIES LTD,      1444.15,      1438.75,.38
G,GRASIM INDUSTRIES LTD,      2458.05,      2450.15,.32
G,SUN PHARMACEUTICAL IND L,      1510.80,      1506.85,.26
G,CIPLA LTD,      1544.55,      1540.95,.23
 , , , , 
L,HINDUSTAN UNILEVER LTD.,      2487.40,      2528.70,-1.63
L,AXIS BANK LIMITED,      1174.65,      1187.90,-1.12
L,BRITANNIA INDUSTRIES LTD,      5379.45,      5439.30,-1.1
L,ICICI BANK LTD.,      1107.35,      1119.55,-1.09
L,EICHER MOTORS LTD,      4801.50,      4850.65,-1.01
L,POWER GRID CORP. LTD.,       321.45,       324.65,-0.99
L,TATA CONSUMER PRODUCT LTD,      1114.60,      1124.65,-0.89
L,BHARTI AIRTEL LIMITED,      1425.75,      1438.40,-0.88
L,ITC LTD,       430.30,       432.30,-0.46
L,NTPC LTD,       369.95,       371.30,-0.36
L,TATA MOTORS LIMITED,       985.85,       988.70,-0.29
L,SBI LIFE INSURANCE CO LTD,      1449.90,      1452.70,-0.19
L,COAL INDIA LTD,       487.90,       488.70,-0.16
L,JSW STEEL LIMITED,       915.75,       916.90,-0.13
L,MARUTI SUZUKI INDIA LTD.,     12846.85,     12849.35,-0.02
 , , , , 
 ,Nifty Next 50 Sec., , , 
 , , , , 
G,CHOLAMANDALAM IN & FIN CO,      1436.10,      1359.05,5.67
G,SIEMENS LTD,      7396.60,      7065.30,4.69
G,HINDUSTAN AERONAUTICS LTD,      5099.70,      4889.00,4.31
G,BHARAT ELECTRONICS LTD,       300.90,       290.50,3.58
G,BOSCH LIMITED,     32433.15,     31411.30,3.25
G,ZOMATO LIMITED,       184.94,       179.65,2.94
G,ICICI PRU LIFE INS CO LTD,       596.15,       579.75,2.83
G,POWER FIN CORP LTD.,       503.55,       492.05,2.34
G,ABB INDIA LIMITED,      8446.60,      8281.00,2
G,SAMVRDHNA MTHRSN INTL LTD,       168.76,       165.87,1.74
G,DLF LIMITED,       874.05,       859.75,1.66
G,SRF LTD,      2399.90,      2365.90,1.44
G,GAIL (INDIA) LTD,       219.83,       216.92,1.34
G,SBI CARDS & PAY SER LTD,       727.05,       717.45,1.34
G,VARUN BEVERAGES LIMITED,      1578.55,      1557.75,1.34
G,JINDAL STEEL & POWER LTD,      1041.25,      1027.70,1.32
G,REC LIMITED,       521.50,       516.45,0.98
G,TVS MOTOR COMPANY  LTD,      2441.65,      2420.50,0.87
G,TATA POWER CO LTD,       451.90,       449.65,0.5
G,BERGER PAINTS (I) LTD,       501.35,       499.00,0.47
G,ICICI LOMBARD GIC LIMITED,      1662.70,      1655.00,0.47
G,HAVELLS INDIA LIMITED,      1838.50,      1830.25,0.45
G,LIFE INSURA CORP OF INDIA,      1002.30,       998.45,0.39
G,INFO EDGE (I) LTD,      6266.70,      6250.50,0.26
G,INDIAN OIL CORP LTD,       168.95,       168.84,0.07
G,INTERGLOBE AVIATION LTD,      4302.65,      4300.40,0.05
G,PIDILITE INDUSTRIES LTD,      3078.60,      3078.50,0
 , , , , 
L,MARICO LIMITED,       611.25,       629.50,-2.9
L,ADANI GREEN ENERGY LTD,      1797.55,      1827.35,-1.63
L,DABUR INDIA LTD,       609.65,       619.50,-1.59
L,INDIAN RAILWAY FIN CORP L,       175.13,       177.69,-1.44
L,BAJAJ HOLDINGS & INVS LTD,      8253.45,      8350.75,-1.17
L,ADANI POWER LTD,       753.80,       762.20,-1.1
L,VEDANTA LIMITED,       439.80,       444.25,-1
L,INDIAN RAIL TOUR CORP LTD,      1017.55,      1026.95,-0.92
L,PUNJAB NATIONAL BANK,       126.57,       127.48,-0.71
L,CANARA BANK,       121.92,       122.79,-0.71
L,COLGATE PALMOLIVE LTD.,      2936.20,      2955.50,-0.65
L,TORRENT PHARMACEUTICALS L,      2874.90,      2893.50,-0.64
L,AMBUJA CEMENTS LTD,       664.50,       668.70,-0.63
L,ADANI TOTAL GAS LIMITED,       945.80,       951.70,-0.62
L,ZYDUS LIFESCIENCES LTD,      1090.50,      1096.95,-0.59
L,GODREJ CONSUMER PRODUCTS,      1409.30,      1416.80,-0.53
L,ADANI ENERGY SOLUTION LTD,      1017.65,      1020.50,-0.28
L,BANK OF BARODA,       282.70,       283.40,-0.25
L,AVENUE SUPERMARTS LIMITED,      4656.65,      4666.75,-0.22
L,SHREE CEMENT LIMITED,     27490.75,     27538.90,-0.17
L,TRENT LTD,      5023.85,      5028.05,-0.08
L,JIO FIN SERVICES LTD,       360.80,       360.95,-0.04
 , , , , 
 ,OTHER SECURITIES, , , 
 , , , , 
G,WINSOL ENGINEERS LIMITED,       432.00,       360.00,20
G,SELAN EXPLO. TECH LTD,       755.10,       629.25,20
G,BHARAT RASAYAN LTD,     12500.90,     10417.45,20
G,KAYA LIMITED,       390.65,       325.55,20
G,IVP LTD,       195.75,       163.13,20
G,DRC SYSTEMS INDIA LIMITED,        26.11,        21.76,19.99
G,SUPER SPINNING MILLS LTD,        11.08,         9.24,19.91
G,HARRISON MALAYALAM LTD,       202.11,       169.62,19.15
G,MEGATHERM INDUCTION LTD,       382.75,       323.75,18.22
G,RAJSHREE SUGAR & CHEMICAL,        83.40,        70.97,17.51
G,KN AGRI RESOURCES LIMITED,       148.30,       128.70,15.23
G,GRM OVERSEAS LIMITED,       170.38,       147.98,15.14
G,TAX FREE 7.39% SR. IIA,      1244.18,      1085.00,14.67
G,BAJAJ HINDUSTHAN SUGAR LT,        41.73,        36.46,14.45
G,UNSERENCD9.00%SRIIICI&II,      1087.00,       950.63,14.35
G,HOLMARC OPTO MECHATRO L,       109.55,        96.15,13.94
G,WINDSOR MACHINES LIMITED,        92.03,        81.03,13.58
G,BOND 8.76%PA TF TR-I S 3A,      6660.00,      5900.00,12.88
G,PREMIER POLYFILM LTD,       230.42,       204.36,12.75
G,GARDEN REACH SHIP&ENG LTD,      1535.05,      1365.30,12.43
G,R SYS INTERNATIONAL LTD,       525.70,       469.95,11.86
G,SAKSOFT LIMITED,       291.57,       260.72,11.83
G,MAWANA SUGARS LIMITED,       120.76,       108.09,11.72
G,GRILL SPLENDOUR SER LTD,        73.75,        66.05,11.66
G,SHREE RENUKA SUGARS LTD,        49.30,        44.16,11.64
G,KCP SUGAR IND CORP LTD.,        44.69,        40.11,11.42
G,HONDA I POWER PRODUCT LTD,      3125.20,      2805.20,11.41
G,DELTA CORP LIMITED,       135.28,       121.43,11.41
G,KIOCL LIMITED,       476.85,       428.25,11.35
G,WILLIAMSON MAGOR,        39.58,        35.57,11.27
 , , , , 
L,SEC RED NCD SR.X,      1532.00,      1870.00,-18.07
L,FELIX INDUSTRIES LTD.,       384.50,       427.00,-9.95
L,PANACHE DIGILIFE LIMITED,       118.49,       130.22,-9.01
L,SEC RE NCD 8.5% SR.III,       950.00,      1005.00,-5.47
L,AVG LOGISTICS LIMITED,       493.80,       520.85,-5.19
L,GTL INFRA.LTD,         2.04,         2.15,-5.12
L,HEC INFRA PROJECTS LTD,       111.77,       117.66,-5.01
L,A G UNIVERSAL LIMITED,        49.40,        52.00,-5
L,HERITAGE FOODS LTD,       595.95,       627.30,-5
L,GIRIRAJ CIVIL DEVP LTD,       408.90,       430.40,-5
L,DOCMODE HEALTH TECH LTD,       149.40,       157.25,-4.99
L,ESCONET TECHNOLOGIES LTD,       193.70,       203.85,-4.98
L,VIVO COLLAB SOLUTIONS LTD,        78.25,        82.35,-4.98
L,SHRADHA INFRAPROJECTS LTD,        88.56,        93.19,-4.97
L,MCON RASAYAN INDIA LTD,       143.50,       151.00,-4.97
L,BOMBAY METRICS S C LTD,       129.50,       136.25,-4.95
L,GOI LOAN 7.72% 2049,       108.02,       113.65,-4.95
L,SALASAR EXTERIOR CONT LTD,        18.35,        19.30,-4.92
L,MITCON CON & ENG SER LTD,       138.91,       146.10,-4.92
L,MANAV INFRA PROJECTS LTD,        19.35,        20.35,-4.91
L,CHEMFAB ALKALIS LIMITED,       654.30,       688.10,-4.91
L,GAYATRI RUBB AND CHEM LTD,       353.30,       371.55,-4.91
L,SUUMAYA INDUSTRIES LTD,         7.01,         7.37,-4.88
L,SPECTRUM TALENT MGMT LTD,        82.10,        85.95,-4.48
L,CAPLIN POINT LAB LTD.,      1398.10,      1461.85,-4.36
L,AURANGABAD DISTILLERY LTD,       275.35,       287.85,-4.34
L,MITTAL LIFE STYLE LIMITED,         2.25,         2.35,-4.26
L,DREDGING CORP OF INDIA,      1081.50,      1129.20,-4.22
L,SUPREME POWER EQUIPMENT L,       235.20,       245.55,-4.22
L,SEC RE NCD 8.94% SR.VI,       936.00,       977.00,-4.2
