SECURITY,NEW,PREVIOUS,NEW_STATUS
ALLSEC TECHNOLOGIES LTD,1185,1154.05,H
SUPRAJIT ENGINEERING LTD,515.9,512,H
TORRENT POWER LTD,1633.1,1633,H
COROMANDEL INTERNTL. LTD,1505.9,1490,H
JSW ENERGY LIMITED,668.85,663.8,H
ZOTA HEALTH CARE LIMITED,595,555,H
MACROTECH DEVELOPERS LTD,1552.5,1539,H
PITTI ENGINEERING LIMITED,995,991,H
DRONE DESTINATION LIMITED,347.45,330.95,H
A2Z INFRA ENGINEERING LTD,23.95,23.02,H
MIRAEAMC - MAESGETF,39.45,39.41,H
MIRAEAMC - SMALLCAP,50.28,49.8,H
INCREDIBLE INDUSTRIES LTD,48.7,46,H
ABHISHEK INTEGRATIONS LTD,65.75,63.9,H
SEC RE NCD SR.VI,1087,1080,H
PASHUPATI COTSPIN LIMITED,335.45,319.5,H
VINYAS INNOVATIVE TECH L,1245,1230,H
SEC RE NCD 8.66% SR.VI,989.6,989,H
SEC RE NCD 9.71% SR VIII,931,930.4,H
GUJARAT RAFFIA INDUST LTD,50,48.75,H
L&T FINANCE LIMITED,179.18,172.15,H
GOI TBILL 364D-24/04/25,94.2,94.1,H
TAX FREE 7.39% SR. IIA,1252,1235,H
SEC RE NCD 8.50% SR.III,1053.75,1052,H
VILAS TRANSCORE LIMITED,289.8,278.8,H
INTEGRA ESSENTIA LIMITED,0.85,0.61,H
BASF INDIA LTD,4999,4923,H
SIDDHIKA COATINGS LIMITED,302.05,298.8,H
VIVIANA POWER TECH LTD,756.4,746,H
GARDEN REACH SHIP&ENG LTD,1573,1522.45,H
PRUDENT CORP ADV SER LTD,1853.95,1849.95,H
POWER INSTRUMENT (G) LTD,85.61,84.7,H
HDFCAMC - HDFCSML250,171.45,166.7,H
HEC INFRA PROJECTS LTD,123.54,117.66,H
JUPITER WAGONS LIMITED,727.85,708.8,H
SHREE KARNI FABCOM LTD,671,617,H
MIRAEAMC - MAM150ETF,20.9,20.65,H
MIRAEAMC - MAMFGETF,148.15,147.45,H
GOI TBILL 364D-27/09/24,97.95,97,H
KCK INDUSTRIES LTD,192.65,191.5,H
Z-TECH (INDIA) LIMITED,140.55,133.9,H
ASK AUTOMOTIVE LIMITED,346.8,334.6,H
AUTHUM INVEST & INFRA LTD,1143.05,1128,H
8.30% TAX FREE NCD,1128.3,1127,H
SEC RE NCD 9% SR.IV,1010,1005,H
TECIL CHEMICALS,32.17,30.64,H
MANDEEP AUTO INDUSTRIES L,55.4,54.8,H
AURIONPRO SOLN LTD,2675.95,2548.55,H
K M SUGAR MILLS LTD,46.8,46.5,H
SOBHA LIMITED,2220,2176.45,H
THE PHOENIX MILLS LTD,3515.1,3479,H
EIH ASSOCIATED HOTELS LTD,865.55,864,H
JINDAL STAINLESS LIMITED,841,837,H
SJS ENTERPRISES LIMITED,813.15,810,H
PREMIER EXPLOSIVES LTD,3557.4,3345.45,H
RACE ECO CHAIN LIMITED,421.55,417,H
CHEMBOND CHEMICALS LTD,655,639.5,H
HOME FIRST FIN CO IND LTD,1063.8,1061,H
ICE MAKE REFRIGERAT LTD,945.9,861.45,H
ICICI PRUD NIFTY ETF,265.45,265,H
MIRAEAMC - MAFSETF,23.4,23.13,H
9.90 % SRNCD SR VI,1047,1045,H
SEC RE NCD 0% SR.IV,1227.55,1225.65,H
SEC RE NCD 8.50% SR.III,1073.5,1073,H
SERENCD 8.98% SR.VI OP2,1100,1050,H
GOI TBILL 364D-19/09/24,98.2,97,H
AVP INFRACON LIMITED,142.5,132.6,H
SWARAJ ENGINES LTD,2794.7,2755,H
TVS MOTOR COMPANY  LTD,2461,2452,H
USHA MARTIN LTD.,423.95,394.5,H
KEI INDUSTRIES LTD.,4889,4683.25,H
PRESTIGE ESTATE LTD,1910,1899.45,H
UDAYSHIVAKUMAR INFRA LTD,74.13,72.5,H
PTC INDUSTRIES LIMITED,13139.95,12350,H
ISGEC HEAVY ENG LTD,1256,1247,H
MIRAEAMC - MANV30F,191.3,191.26,H
GE T&D INDIA LIMITED,1568,1497.9,H
HAPPY FORGINGS LIMITED,1218,1199,H
SE RE NCD 9.35% SR.V OP2,1080,1078,H
TRIDENT TECHLABS LIMITED,608.2,579.25,H
SAURASHTRA CEMENT LIMITED,148.86,136.9,H
ALPEX SOLAR LIMITED,768.2,753.4,H
PREMIER ROADLINES LIMITED,136,125,H
GOI TBILL 364D-18/04/25,94.35,94.3,H
ATLANTAA LIMITED,39.65,38.88,H
RULKA ELECTRICALS LIMITED,510,482.8,H
BHARAT FORGE LTD,1655,1649.95,H
ESCORTS KUBOTA LIMITED,4260.45,4169.6,H
BLUE STAR LIMITED,1698.4,1689.55,H
TRENT LTD,5188,5089.35,H
ULTRATECH CEMENT LIMITED,11299,11099.95,H
BHARTI AIRTEL LIMITED,1455.95,1447.85,H
ZENITH EXPORTS LTD,338.11,307.38,H
BOSCH LIMITED,32683.25,32229.5,H
JUBILANT INDUSTRIES LTD,1501.2,1460,H
PENNAR INDUSTRIES LTD,186,179.5,H
TARC LIMITED,194.5,190.5,H
CMS INFO SYSTEMS LIMITED,502.4,494.8,H
SAHANA SYSTEM LIMITED,1753.8,1670.3,H
SHEKHAWATI POLY-YARN LTD.,4.2,4.12,H
MIRAEAMC - MANXT50,718,717.9,H
MOTILALAMC - MOSMALL250,16.85,16.64,H
GOI TBILL 364D-12/12/24,96.6,96.54,H
SEC RE NCD 8.5% SR.I,1015,1014,H
TRANS & RECTI. LTD,845.7,808.95,H
MAX ESTATES LIMITED,440.95,419,H
LICNAMC - LICNMID100,55.66,54.3,H
ELGI RUBBER CO. LTD,81.45,67.1,H
TECHNO ELEC & ENG CO. LTD,1465.95,1396.15,H
GOI LOAN  7.1% 2034,102.2,101.85,H
SDL AP 7.85% 2037,104.67,99.7,H
LATENT VIEW ANALYTICS LTD,524,521,H
AEGIS LOGISTICS LIMITED,887.65,869.5,H
TEERTH GOPICON LIMITED,394,375.25,H
SEC RE NCD 9.25% SR II,965,942.78,H
SIEMENS LTD,7468,7387.2,H
EXIDE INDUSTRIES LTD,549.9,546,H
HONDA I POWER PRODUCT LTD,3188,3136.15,H
LUMAX INDUSTRIES LTD,2924.7,2910,H
ALICON CASTALLOY LIMITED,1333,1241.95,H
TEXMACO INFRA & HOLDG LTD,139,138.85,H
LCC INFOTECH LTD,3.24,3.18,H
MAX HEALTHCARE INS LTD,914.8,910,H
SOMI CONVEYOR BELT. LTD.,155.6,149.25,H
GOI LOAN  7.4% 2062,111,110,H
SHREE TIRUPATI BALAJEE,568,563,H
OM INFRA LIMITED,174.44,160.32,H
JAY JALARAM TECHNO LTD,532,528,H
ZERODHAAMC - LIQUIDCASE,105.75,105.7,H
MOTILALAMC - MOREALTY,112.6,111.7,H
ROLLATAINERS LIMITED,4.42,4.34,H
KODY TECHNOLAB LIMITED,2770.65,2638.8,H
MEDI ASSIST HEALTH SER L,586.95,583.9,H
ORIANA POWER LIMITED,2905.25,2748.95,H
GOI TBILL 364D-18/07/24,99.31,99.27,H
JITF INFRALOGISTICS LTD,896.4,853.75,H
E2E NETWORKS LIMITED,2000,1927.55,H
AIMTRON ELECTRONICS LTD,322.8,307.45,H
SRNCD SR VII,2419.8,2412,H
GOI TBILL 364D-15/05/25,94,93.6,H
INDIAN EMULSIFIERS LTD,391,383,H
DIAMOND POWER INFRA LTD,973.8,943.9,H
APAR INDUSTRIES LTD.,8679.9,8451.05,H
TIMKEN INDIA LTD.,4398.8,4348.4,H
GODREJ PROPERTIES LTD,3047.95,3007.2,H
ORACLE FIN SERV SOFT LTD.,9760,9023,H
STYRENIX PERFORMANCE LTD,2104.55,2092,H
SHRIRAM FINANCE LIMITED,2697.65,2658,H
ENDURANCE TECHNO. LTD.,2585,2520,H
SAMVRDHNA MTHRSN INTL LTD,169.02,167.1,H
SERENCD8.50%SR.IICIII&IV,1066,1064.55,H
GOI TBILL 364D-03/10/24,98,96.6,H
KIRLOSKAR PNEUMATIC COM L,1420.05,1328.05,H
ABS MARINE SERVICES LTD,248.45,248,H
GOI TBILL 182D-22/11/24,96.96,96.91,H
REFRACTORY SHAPES LIMITED,210.45,200.45,H
PATTECH FITWELL TUB COM L,105,101,H
SEC RE NCD 9.00% SR I,1041,1040,H
SERENCD 8.65% SR.VI OP12,1048.5,1045,H
BOND 8.76%PA TF TR-I S 3A,6660,6325,H
SEC RE NCD 10.05% SR.IV,993.43,980,H
TBI CORN LIMITED,252.6,240.6,H
UNSERENCD9.00%SRIIICI&II,1087,950.63,H
UNIVERSAL CABLES LTD,799,794.8,H
SELAN EXPLO. TECH LTD,755.1,735,H
AMBUJA CEMENTS LTD,680.45,676.65,H
SRG HOUSING FINANCE L,339.9,336.75,H
WINDLAS BIOTECH LIMITED,794.5,736.6,H
BIKAJI FOODS INTERN LTD,727.95,724.4,H
GMR POW AND URBAN INFRA L,82.46,78.54,H
CROWN LIFTERS LIMITED,245.09,244.95,H
BOND8.88% PA TF TR II S2B,1197.49,1196.7,H
GOI TBILL 364D-07/11/24,96.88,96.77,H
GOI TBILL 182D-18/07/24,99.16,99.15,H
SRI ADHIKARI BRO TELE N L,198.93,195.03,H
GOI TBILL 91D-23/08/24,98.72,98.5,H
DJ MEDIAPRINT & LOG LTD,368,363.6,H
KOTAKMAMC - KOTAKMID50,156,154.5,H
GOI TBILL 364D-20/03/25,94.94,94.92,H
DELPHI WORLD MONEY LTD,190.96,190,H
SEC RE NCD 8.5% SR.III,950,991.2,L
RAJSHREE POLYPACK LTD,73,75.41,L
SEC RE NCD 9% SR.VI,925,950,L
TAX FREE 7.29% SR. IB,1050,1060,L
SEC RE NCD 9.71% SR VIII,910.2,930.2,L
OSIA HYPER RETAIL LIMITED,21.38,22.51,L
DOCMODE HEALTH TECH LTD,149.4,157.25,L
SEMAC CONSULTANTS LIMITED,552.6,580.3,L
BOROSIL SCIENTIFIC LTD,138.1,141.45,L
SEC RE NCD 8.94% SR.VI,936,959.62,L
SEC RE NCD 9.9% SR IV,989,994,L
7.74% TAX FREE NCD,1130,1130.11,L
SEC RED NCD 8.66% SR.II,981,990,L
ABAN OFFSHORE LTD.,72.66,74.15,L
7.43% TAX FREE TRI SR3B,1181.11,1185.61,L
SEC RE NCD 10.49% SR.VII,970.2,975,L
SEC RE NCD 9.80% SR.I,999,999.4,L
NHB 8.90 NCD TR II SR 3 B,6800,7000,L
RAJ TV NETWORK LTD,117.64,118,L
VIJI FINANCE LIMITED,2.3,2.35,L
SEC RE NCD 9.40% SR.III,900,963,L
UNITED SPIRITS LIMITED,1272.4,1284.35,L

