GAIN_LOSS,SECURITY,CLOSE_PRIC,PREV_CL_PR,PERCENT_CG
 ,Nifty 50 Sec., , , 
 , , , , 
G,MAHINDRA & MAHINDRA LTD,      2857.45,      2699.85,5.84
G,WIPRO LTD,       484.55,       461.00,5.11
G,TECH MAHINDRA LIMITED,      1377.60,      1317.45,4.57
G,INFOSYS LIMITED,      1533.60,      1472.25,4.17
G,ULTRATECH CEMENT LIMITED,     10463.15,     10054.95,4.06
G,BHARTI AIRTEL LIMITED,      1425.25,      1370.60,3.99
G,TATA STEEL LIMITED,       178.90,       172.05,3.98
G,BAJAJ FINANCE LIMITED,      7191.40,      6925.80,3.83
G,LTIMINDTREE LIMITED,      4977.20,      4800.25,3.69
G,TITAN COMPANY LIMITED,      3444.05,      3321.65,3.68
G,TATA MOTORS LIMITED,       970.50,       938.25,3.44
G,OIL AND NATURAL GAS CORP.,       260.40,       252.30,3.21
G,NTPC LTD,       360.60,       349.75,3.1
G,POWER GRID CORP. LTD.,       309.35,       300.45,2.96
G,DR. REDDY S LABORATORIES,      6061.30,      5890.95,2.89
G,JSW STEEL LIMITED,       912.15,       888.10,2.71
G,BAJAJ FINSERV LTD.,      1567.70,      1526.45,2.7
G,BHARAT PETROLEUM CORP  LT,       599.80,       584.15,2.68
G,RELIANCE INDUSTRIES LTD,      2939.90,      2863.20,2.68
G,HCL TECHNOLOGIES LTD,      1431.50,      1397.50,2.43
G,SUN PHARMACEUTICAL IND L,      1506.85,      1472.70,2.32
G,GRASIM INDUSTRIES LTD,      2379.85,      2334.75,1.93
G,ADANI PORT & SEZ LTD,      1378.85,      1352.95,1.91
G,DIVI S LABORATORIES LTD,      4524.05,      4448.90,1.69
G,TATA CONSULTANCY SERV LT,      3893.95,      3830.40,1.66
G,STATE BANK OF INDIA,       829.95,       816.95,1.59
G,LARSEN & TOUBRO LTD.,      3532.50,      3482.55,1.43
G,HDFC LIFE INS CO LTD,       562.95,       555.25,1.39
G,CIPLA LTD,      1497.25,      1477.00,1.37
G,AXIS BANK LIMITED,      1186.80,      1170.95,1.35
 , , , , 
L,SBI LIFE INSURANCE CO LTD,      1425.85,      1442.85,-1.18
L,TATA CONSUMER PRODUCT LTD,      1135.65,      1139.90,-0.37
 , , , , 
 ,Nifty Next 50 Sec., , , 
 , , , , 
G,BHARAT ELECTRONICS LTD,       283.20,       273.65,3.49
G,BAJAJ HOLDINGS & INVS LTD,      8377.60,      8130.30,3.04
G,SAMVRDHNA MTHRSN INTL LTD,       156.70,       152.45,2.79
G,TATA POWER CO LTD,       443.55,       431.55,2.78
G,DABUR INDIA LTD,       613.10,       597.20,2.66
G,VEDANTA LIMITED,       460.65,       449.90,2.39
G,POWER FIN CORP LTD.,       483.55,       472.30,2.38
G,MARICO LIMITED,       653.00,       637.85,2.38
G,ADANI POWER LTD,       767.05,       749.35,2.36
G,GAIL (INDIA) LTD,       212.70,       207.90,2.31
G,TORRENT PHARMACEUTICALS L,      2844.95,      2782.00,2.26
G,ADANI ENERGY SOLUTION LTD,      1020.05,      1001.05,1.9
G,AMBUJA CEMENTS LTD,       621.30,       610.05,1.84
G,GODREJ CONSUMER PRODUCTS,      1427.90,      1402.15,1.84
G,TRENT LTD,      4964.60,      4878.45,1.77
G,DLF LIMITED,       843.45,       829.15,1.72
G,SHREE CEMENT LIMITED,     26077.50,     25636.25,1.72
G,INFO EDGE (I) LTD,      6229.80,      6125.20,1.71
G,SBI CARDS & PAY SER LTD,       715.55,       703.70,1.68
G,HINDUSTAN AERONAUTICS LTD,      4745.15,      4666.60,1.68
G,INTERGLOBE AVIATION LTD,      4373.20,      4301.00,1.68
G,ICICI PRU LIFE INS CO LTD,       571.40,       563.60,1.38
G,REC LIMITED,       496.80,       490.10,1.37
G,LIFE INSURA CORP OF INDIA,       994.20,       980.80,1.37
G,AVENUE SUPERMARTS LIMITED,      4747.25,      4687.05,1.28
G,VARUN BEVERAGES LIMITED,      1518.60,      1499.40,1.28
G,SIEMENS LTD,      6875.10,      6793.95,1.19
G,BERGER PAINTS (I) LTD,       482.55,       477.15,1.13
G,PIDILITE INDUSTRIES LTD,      3123.70,      3089.20,1.12
G,ABB INDIA LIMITED,      8073.25,      7987.50,1.07
 , , , , 
L,JINDAL STEEL & POWER LTD,      1026.95,      1029.55,-0.25
L,BOSCH LIMITED,     30596.60,     30651.70,-0.18
L,ADANI GREEN ENERGY LTD,      1864.25,      1865.20,-0.05
 , , , , 
 ,OTHER SECURITIES, , , 
 , , , , 
G,SHIVAM AUTO.LTD,        41.70,        34.75,20
G,IIFL SECURITIES LIMITED,       218.55,       182.15,19.98
G,ZENITH EXPORTS LTD,       211.70,       176.45,19.98
G,HOAC FOODS INDIA LIMITED,       175.70,       146.45,19.97
G,BODHI TREE MULTIMEDIA LTD,        15.85,        13.30,19.17
G,SEC RE NCD 8.05% SR III,      1090.00,       921.01,18.35
G,3I INFOTECH LIMITED,        37.90,        32.15,17.88
G,PENNAR INDUSTRIES LTD,       169.30,       143.75,17.77
G,ADITYA BIRLA MONEY LTD,       155.65,       133.40,16.68
G,PREMIER ROADLINES LIMITED,       103.75,        89.15,16.38
G,SUPREME POWER EQUIPMENT L,       247.65,       213.80,15.83
G,HRH NEXT SERVICES LIMITED,        37.10,        32.15,15.4
G,ASSO ALCOHOLS & BREW LTD,       642.50,       560.25,14.68
G,AVG LOGISTICS LIMITED,       503.65,       440.20,14.41
G,SEC RE NCD SR III,      1051.00,       920.10,14.23
G,GANESH HOUSING CORP LTD,       948.25,       832.30,13.93
G,IIFL FINANCE LIMITED,       470.50,       414.20,13.59
G,KREBS BIOCHEMICALS & IND,        75.85,        66.85,13.46
G,KCP LTD,       249.10,       219.60,13.43
G,GRP LIMITED,     10573.60,      9350.25,13.08
G,CORDS CABLE INDUS LTD.,       243.75,       215.65,13.03
G,HPL ELECTRIC & POWER LTD,       450.30,       400.00,12.58
G,SHREYAS SHIPPING & LOGIST,       338.30,       301.00,12.39
G,PHANTOM DIGITAL EFF LTD,       405.90,       361.15,12.39
G,PREMIER EXPLOSIVES LTD,      2583.80,      2305.70,12.06
G,COUNTRY CLUB HOSP HOL LTD,        17.90,        16.05,11.53
G,ABS MARINE SERVICES LTD,       238.15,       213.70,11.44
G,LT FOODS LIMITED,       244.65,       219.55,11.43
G,ASHOKA BUILDCON LTD,       207.60,       186.35,11.4
G,INDIAN EMULSIFIERS LTD,       371.95,       334.05,11.35
 , , , , 
L,SEC RE NCD 0% SR.VII,       999.60,      1099.95,-9.12
L,SEC RE NCD 9.65% SR I,       920.15,      1000.00,-7.99
L,SANGINITA CHEMICALS LTD,        20.50,        22.10,-7.24
L,PENTAGON RUBBER LIMITED,       109.00,       115.90,-5.95
L,JBM AUTO LIMITED,      2024.75,      2147.60,-5.72
L,SEC RE NCD 9.71% SR.VIII,       850.00,       899.10,-5.46
L,ABANS HOLDINGS LIMITED,       385.35,       405.90,-5.06
L,MAKS ENERGY SOL INDIA LTD,        52.20,        54.95,-5
L,DOCMODE HEALTH TECH LTD,       183.35,       193.00,-5
L,CADSYS (INDIA) LIMITED,       269.55,       283.70,-4.99
L,ASCOM LEASIN & INVEST LTD,       158.20,       166.50,-4.98
L,HOLMARC OPTO MECHATRO L,        92.20,        97.00,-4.95
L,SONU INFRATECH LIMITED,        48.55,        51.05,-4.9
L,SHREE OSFM E-MOBILITY LTD,       161.50,       169.80,-4.89
L,CONTINENTAL SEED CHEM LTD,        27.30,        28.70,-4.88
L,NET AVENUE TECHNOLOGIES L,        17.05,        17.90,-4.75
L,CONTROL PRINT LIMITED,       829.00,       868.65,-4.56
L,REMUS PHARMACEUTICALS L,      2053.85,      2146.60,-4.32
L,PRATHAM EPC PROJECTS LTD,       332.30,       347.00,-4.24
L,WINSOL ENGINEERS LIMITED,       375.45,       390.30,-3.8
L,SILLY MONKS ENTERTAIN LTD,        19.05,        19.80,-3.79
L,INVENTURE GRO & SEC LTD,         2.60,         2.70,-3.7
L,RBM INFRACON LIMITED,       485.30,       503.25,-3.57
L,SUNDARAM MULTI PAP LTD,         2.75,         2.85,-3.51
L,MARVEL DECOR LIMITED,       105.20,       109.00,-3.49
L,NAKODA GROUP OF IND. LTD,        45.95,        47.60,-3.47
L,JIWANRAM SHEODUTTRA IND L,        14.00,        14.50,-3.45
L,ANLON TECHNOLOGY SOL LTD,       425.65,       440.30,-3.33
L,JUBILANT INDUSTRIES LTD,      1265.95,      1308.65,-3.26
L,ANTARCTICA LTD,         1.50,         1.55,-3.23
