SECURITY,NEW,PREVIOUS,NEW_STATUS
COROMANDEL INTERNTL. LTD,1410,1395,H
SGB2.50%MAY2025SR-I 17-18,7524.9,7487.9,H
PITTI ENGINEERING LIMITED,970,948,H
A2Z INFRA ENGINEERING LTD,20.5,20.15,H
MAN COAT METAL & IND LTD,67,66.9,H
VINYAS INNOVATIVE TECH L,964,895,H
TBO TEK LIMITED,1574.2,1490,H
MIRAEAMC - MAESGETF,39.17,38.95,H
GO DIGIT GENERAL INS LTD,363.9,335,H
GOI TBILL 182D-13/06/24,99.8,99.77,H
GVP INFOTECH LIMITED,16.65,15.9,H
7.36% TAX FREE NCD,1122,1090,H
SEC RE NCD 8.75% SR.III,990,989,H
UNSEC RED NCD 10.5% SR.VI,1174,1050,H
VILAS TRANSCORE LIMITED,240.95,229.5,H
MAHINDRA & MAHINDRA LTD,2867.6,2761.9,H
THE GE SHPG.LTD,1197.6,1129,H
CORDS CABLE INDUS LTD.,254.4,244,H
2.50%GOLDBONDS2028SR-VI,7450,7420,H
2.50%GOLDBONDS2029SR-XII,7400,7390.01,H
LE MERITE EXPORTS LIMITED,99.75,92.5,H
HARSHA ENGINEERS INT LTD,533.4,527.65,H
GARWARE TECH FIBRES LTD,4100,4030,H
TVS HOLDINGS LIMITED,12655.3,12300,H
AUTHUM INVEST & INFRA LTD,1084.45,990,H
9.40 % SRNCD TR II SR III,1022,1021.1,H
LT FOODS LIMITED,247.9,234.6,H
SUPREME POWER EQUIPMENT L,254.75,213.95,H
NETWEB TECH INDIA LTD,2507.05,2460.25,H
SEC RE NCD 8.20% SR.V,1009.99,1005.4,H
SEC RE NCD 8.60% SR 5,1023.7,1022.3,H
SEC RE NCD 8.94% SR.VI,977,965.5,H
GSM FOILS LIMITED,37.45,37,H
GOI TBILL 182D-26/09/24,97.75,97.5,H
QUEST LABORATORIES LTD,121,115.9,H
TECIL CHEMICALS,24.6,24.15,H
Z-TECH (INDIA) LIMITED,115.75,110.25,H
GANESH HOUSING CORP LTD,978,917.4,H
SOBHA LIMITED,2133,2093.7,H
BRIGADE ENTER. LTD,1432.6,1386.9,H
NCC LIMITED,333.35,319.75,H
SJS ENTERPRISES LIMITED,796.85,778,H
AXISAMC - AXISCETF,113.44,113.39,H
2.50%GOLDBONDS2030SR-II,7499,7490,H
SHAKTI PUMPS (I) LTD,2550,2389.85,H
SEC RE NCD 9.05% SR.I,1048.8,1036.8,H
SEC RE NCD 11.02% SR.V,1082.2,1080.8,H
SEC RE NCD 9.40% SR V,990.8,950,H
TVS MOTOR COMPANY  LTD,2429.65,2409.95,H
BAJAJ AUTO LIMITED,9740.1,9740,H
GRP LIMITED,10740,9800,H
PRESTIGE ESTATE LTD,1822,1798.8,H
UJAAS ENERGY LIMITED,205.25,195.5,H
GOI TBILL 91D-04/07/24,99.49,99.43,H
GOI TBILL 91D-15/08/24,98.43,98.4,H
SEC RE NCD 10.50% SR.VII,975,949.9,H
SEC RE NCD SR.V,1101,1092,H
PREMIER ROADLINES LIMITED,106.95,94.95,H
ESCORTS KUBOTA LIMITED,4050,4038.85,H
TRENT LTD,5010.4,4932.05,H
ZENITH EXPORTS LTD,211.7,204,H
BHARTI AIRTEL LIMITED,1430.65,1420.45,H
PENNAR INDUSTRIES LTD,172,163.4,H
SANOFI INDIA LIMITED,9630,9380,H
SBIAMC - SBIETFCON,113.4,113,H
CMS INFO SYSTEMS LIMITED,474,461.7,H
HDFCAMC - HDFCQUAL,56.9,56.5,H
BARODABNP - BBNPPGOLD,75,74.65,H
AMARA RAJA ENERGY MOB LTD,1448.7,1333,H
SAHANA SYSTEM LIMITED,1442.95,1383.75,H
JYOTI CNC AUTOMATION LTD,1063.15,1059,H
LATENT VIEW ANALYTICS LTD,518,515,H
TEERTH GOPICON LIMITED,324.2,308.8,H
TECHNO ELEC & ENG CO. LTD,1299,304,H
SHEKHAWATI POLY-YARN LTD.,3.9,3.85,H
SERENCD 8.60% SR.IV OP8,1039.9,1038,H
NITIRAJ ENGINEERS LTD,246,241.25,H
SRNCD TR II SR IV,2328,2300,H
GOI LOAN  7.04% 2029,100.25,98.76,H
BALKRISHNA IND. LTD,3226.85,3174.3,H
HPL ELECTRIC & POWER LTD,461.8,438.7,H
ERIS LIFESCIENCES LIMITED,1008,992.25,H
TEJAS NETWORKS LIMITED,1305.3,1246,H
E2E NETWORKS LIMITED,1665.3,1586,H
LCC INFOTECH LTD,3,2.95,H
ROLLATAINERS LIMITED,4.1,4.05,H
VICEROY HOTELS LIMITED,94.6,90.1,H
KODY TECHNOLAB LIMITED,2279.55,2171,H
DSPAMC - LIQUIDADD,1013.89,1013.37,H
SEC RED NCD 8.30% SR.III,1038.2,1036.9,H
BOND 7.19% PA TAX FREE S2,1078,1077.59,H
AIMTRON ELECTRONICS LTD,265.7,253.05,H
SEC RE NCD 8.05% SR III,1090,921.01,H
SEC RE NCD 8.70% SR.III,980,975.18,H
SDL PN 7.19% 2037,99.75,95,H
INDIAN EMULSIFIERS LTD,376,373.95,H
TECHNOCRAFT IND LTD,2800,2729,H
OBEROI REALTY LIMITED,1927.95,1924.95,H
PG ELECTROPLAST LTD,2880,2758,H
MOTILAL OSWAL M50 ETF,265,245.5,H
STYRENIX PERFORMANCE LTD,1972,1890,H
SP REFRACTORIES LIMITED,380,373.8,H
REFRACTORY SHAPES LIMITED,157.85,157.5,H
SERENCD8.50%SR.IICIII&IV,1064.5,1064,H
SERENCD 8.65% SR.VI OP12,1043,1039.8,H
AWFIS SPACE SOLUTIONS LTD,468.8,451.45,H
BFAM - LIQUIDBETF,1004,1000.01,H
ABS MARINE SERVICES LTD,239.9,228,H
8.54% SEC RED BOND S2A,1135,1075.7,H
RAYMOND LTD,2498.65,2333,H
UNIVERSAL CABLES LTD,743.7,708.8,H
WENDT (INDIA) LIMITED,17000.05,16330.05,H
MPS LIMITED,2088,2063,H
2.50%GOLDBONDS2025SR-XIII,7468,7441,H
IIFL SECURITIES LIMITED,218.55,206,H
UNO MINDA LIMITED,1065,1025,H
NIPPONAMC - NETFAUTO,254,250,H
BIKAJI FOODS INTERN LTD,701.9,661.95,H
TV VISION LIMITED,7.1,7.05,H
SRI ADHIKARI BRO TELE N L,183.8,180.2,H
SEC RED NCD 10.50% SR.III,1009.79,1005,H
GOI TBILL 364D-28/06/24,99.32,98.82,H
GOI TBILL 91D-23/08/24,98.38,98.32,H
SERENCD 8.29% SR.V OP10,993,995,L
CADSYS (INDIA) LIMITED,269.55,283.7,L
MODERN THREADS INDIA LTD,50.7,51.05,L
MANAKSIA STEELS LTD,51.65,52,L
ATAL REALTECH LIMITED,7,7.15,L
SEC RED NCD SR.VIII,1430,1441,L
8.79% SEC RED BOND S2B,1132,1135.01,L
SEC RE NCD SR 6,960,982,L
FUTURE SUPP CHAIN SOL LTD,4,4.05,L
SECUR CREDENTIALS LIMITED,13.05,13.15,L
SEC RE NCD 8.97% SR V,990.35,996,L
IRIS BUSINESS SERV LTD,214.65,219,L
VARANIUM CLOUD LIMITED,13.8,14.5,L
ANMOL INDIA LIMITED,34.2,38.8,L
AARTECH SOLONICS LIMITED,178.25,181.8,L
SECUREKLOUD TECH LIMITED,36.7,37.35,L
SEC RE NCD 10.40% SR.II,999.99,1000,L
SEC RE NCD 9.71% SR VIII,941,951,L
DHRUV CONSULTANCY SER LTD,95.15,97.1,L
SAROJA PHARMA INDUS IND L,33.1,35,L
CREATIVE GRAPHICS S IND L,148.55,151.75,L
TRUST FINTECH LIMITED,183.55,185.8,L
COMPUAGE INFOCOM LTD,3.15,3.3,L
SEC RED NCD 9.03% SR. II,1015,1016,L
BANKA BIOLOO LIMITED,83.45,85.15,L
VIJI FINANCE LIMITED,2.5,2.55,L
SILKFLEX POLYMERS INDIA L,46.1,48,L
MOKSH ORNAMENTS LIMITED,13.75,13.95,L
SEC RE NCD 0% SR.II,1010.55,1025,L
LATTEYS INDUSTRIES LTD,14.55,14.8,L

