SYMBOL,SYMBOL P/E,ADJUSTED P/E
AURIONPRO,41.11,41.11
AIAENG,30.46,30.48
ORIENTCER,28.78,33.94
EKC,13.94,13.67
NITINSPIN,13.89,13.89
ENIL,27.39,28.29
GVKPIL,7.13,7.13
KEC,57.15,57.15
INDOTECH,36.84,36.84
BLKASHYAP,34.42,34.42
CENTURYPLY,45.82,45.82
GALLANTT,29.03,29.03
UTTAMSUGAR,9.05,9.05
GPIL,13.75,13.95
LOKESHMACH,53.03,53.03
SWELECTES,27.62,58.32
PIONEEREMB,36.76,36.76
JKLAKSHMI,18.96,19.21
MUNJALAU,21.42,14.85
GRINDWELL,73.11,73.06
VOLTAMP,48.72,48.72
ACE,50.84,50.84
ALICON,13.53,13.53
FIEMIND,19.61,19.61
GLOBALVECT,212.23,212.23
NAUKRI,109.23,101.8
TORNTPOWER,37.06,37.06
LTFOODS,13.89,13.89
JINDRILL,15.6,15.6
TANLA,22.02,22.02
PTL,23.01,23.01
GANDHITUBE,17.74,17.74
UNOMINDA,75.67,77.58
ORIENTBELL,6255.32,6255.32
TTL,47.48,47.48
INDIANB,8.99,8.99
LAOPALA,26.64,26.64
THEMISMED,78.55,78.55
NDLVENTURE,185.96,185.96
INSECTICID,16.02,16.02
V2RETAIL,66.45,66.45
ADSL,16.84,16.84
CENTRALBK,21.6,21.6
KPRMILL,34.88,34.88
CIEINDIA,25.56,25.56
NAGREEKCAP,.9,.9
MANGCHEFER,8.48,8.48
BAJAJELEC,81.71,81.71
BVCL,15.87,15.87
EDELWEISS,12.32,12.32
RGL,13.72,13.72
KAUSHALYA,2.23,2.23
HITECHCORP,15.74,15.74
BRIGADE,75.94,75.94
MANAKSIA,8.49,6.43
DVL,26.04,26.04
CORDSCABLE,27.68,27.68
ONMOBILE,47.09,47.09
SEPC,116.64,116.64
IRB,46.05,46.05
GSS,33.53,33.53
VGUARD,66.95,66.95
NESCO,17.1,17.1
TITAGARH,54.45,54.13
BAJAJFINSV,15.62,15.62
DIGISPICE,12.98,29.83
ALMONDZ,11.83,31.06
LOTUSEYE,39.67,40.05
UBL,131,131
ZFCVINDIA,79.27,79.27
JOCIL,92.37,92.37
ALKALI,99.9,83.22
TPHQ,19.4,19.4
MAWANASUG,10.45,10.45
VINATIORGA,50.37,50.37
EXPLEOSOL,20.74,20.74
SUNTECK,96.23,96.23
JSWENERGY,63.96,63.96
BEARDSELL,17.97,17.97
NESTLEIND,95.39,95.75
THANGAMAYL,29.78,29.78
SJVN,56.83,61.12
KIRLOSIND,16.95,15.29
TI,37.45,36.67
BAJAJCON,22.43,22.43
ADFFOODS,32.32,32.32
CAREERP,12.26,12.26
WABAG,26.75,26
JWL,71.31,71.31
OBEROIRLTY,36.1,36.1
SHAH,39.81,39.81
GRAVITA,31.34,31.34
RPPINFRA,7.48,7.48
RKDL,,242.5
SUMMITSEC,19.23,19.23
HINDMOTORS,28.16,28.16
VADILALIND,21.49,21.49
VSTTILLERS,25.95,25.95
MAITHANALL,9.52,9.52
ELGIRUBCO,30.92,87.56
THERMAX,97.36,107.62
RIIL,172.58,172.58
RAYMOND,23.52,22.4
SHREDIGCEM,17.62,17.62
SESHAPAPER,8.02,8.02
SUNDRMFAST,49.81,49.81
EXIDEIND,50.85,50.85
CRISIL,45.53,45.53
PEL,,30.79
MASTEK,25.59,25.39
TRENT,128.09,207.85
KCP,10.25,10.23
JBCHEPHARM,49.74,49.74
INDIAGLYCO,16.57,16.57
IONEXCHANG,37.66,37.66
HIMATSEIDE,11.14,11.14
GFLLIMITED,282.42,282.42
BHARATFORG,80.12,79.51
ATUL,54.45,54.45
TATAMOTORS,10.03,9.8
MRPL,9.87,9.85
ESCORTS,42.92,42.92
BAJAJHLDNG,64.19,64.19
ZUARIIND,1.25,
VOLTAS,124.03,124.03
TATASTEEL,,65.02
VEDL,22.2,33.26
RELIANCE,24.64,24.64
BOSCHLTD,36.3,49.11
CARBORUNIV,69.39,69.39
DICIND,,97.54
ASIANPAINT,51.36,51.36
CENTURYTEX,105.74,39.94
TORNTPHARM,56.86,59.49
EPL,27.8,26.28
VIPIND,126.78,200.82
BIRLACABLE,31.65,31.65
AEGISLOG,41.31,41.31
RANEHOLDIN,17.99,8.42
SUNPHARMA,36.62,35.1
SHREYANIND,3.58,3.58
ARE&M,25.89,25.89
IVP,13.44,13.44
INDBANK,25.53,25.53
GET&D,159.5,159.5
BERGEPAINT,49.05,49.22
KPIL,37.25,37.25
JYOTISTRUC,69.74,69.74
JAYNECOIND,21.06,19.33
SOTL,16.94,16.94
WSI,14.19,14.03
SUNFLAG,26.33,26.33
VSTIND,21.26,21.26
TOKYOPLAST,97.11,97.11
IFCI,61.41,61.9
HLVLTD,71.88,71.88
HEIDELBERG,27.66,27.66
PCBL,17.77,17.77
3PLAND,29.57,29.57
HONDAPOWER,28.32,29.53
BBL,35.86,35.86
DCMSHRIRAM,32.63,32.63
COSMOFIRST,24.58,24.58
HDFCBANK,18.23,18.12
GMBREW,9.31,9.31
INDIANHUME,22.4,22.4
IOC,5.55,5.55
OSWALGREEN,134.81,134.81
HUHTAMAKI,5.93,23.16
KAMATHOTEL,13.41,45.07
BANCOINDIA,15.86,15.86
MANINDS,21.61,21.61
SHANTIGEAR,49.2,49.2
ONWARDTEC,25.25,25.25
ICIL,20.26,20.26
ELGIEQUIP,63.02,63.02
BBTC,5.52,5.34
LICHSGFIN,7.52,7.52
BEPL,18.34,18.34
MOREPENLAB,25.24,25.24
VENKEYS,31.69,31.69
S&SPOWER,31.37,31.37
PRUDMOULI,11.86,11.02
PRAJIND,34.72,34.72
KEEPLEARN,162.25,162.25
PGHH,72.2,72.2
TFCILTD,16.3,16.3
AGI,17.08,17.08
TATACONSUM,83.49,72.02
ZEEL,74.14,262.06
INDHOTEL,69.12,69.12
JAYSREETEA,22.62,
GOLDENTOBC,10.6,12.02
ANDHRAPAP,5.73,5.73
SCHAEFFLER,74.23,73.95
AMJLAND,14.31,14.31
KSB,77.77,77.77
GODFRYPHLP,27.17,27.17
SURYAROSNI,18.83,18.83
SUDARSCHEM,15.22,48.52
INGERRAND,64.36,64.36
HINDZINC,37.46,37.46
FINPIPE,48.68,48.68
DCW,97.07,91.52
HEUBACHIND,21.42,21.42
BAJFINANCE,29.68,29.68
NAVA,6.77,7.39
PEARLPOLY,85.45,85.45
KHAITANLTD,25.17,25.17
ANDHRSUGAR,26.12,25
STARPAPER,5.39,5.27
AUSOMENT,15.59,15.59
SAMBHAAV,59.62,78.92
KEYFINSERV,5.4,5.4
SUNDRMBRAK,28.29,28.29
VISAKAIND,1021.88,1021.88
INDIANCARD,18.69,
SHRIRAMFIN,12.59,12.59
DYNAMATECH,41.85,80.13
JAGSNPHARM,38.66,38.66
HERITGFOOD,50.81,50.81
INDNIPPON,26,26
BANKINDIA,8.4,8.4
HUDCO,23.61,23.61
FDC,23.24,23.24
ADROITINFO,12.89,12.89
INDUSINDBK,12.84,12.84
TRIGYN,17.89,17.89
CUB,10.61,10.61
AXISBANK,13.69,13.69
SONATSOFTW,49.31,4.23
CYBERTECH,19.72,19.72
DHANBANK,18.01,18.01
STCINDIA,15.75,16.93
IVC,29.33,29.33
ALEMBICLTD,26.92,26.92
BSOFT,28.63,28.63
ZYDUSLIFE,27.44,27.39
RAJESHEXPO,23.79,23.79
IOB,47.26,47.26
BLBLIMITED,35.65,35.65
BLUESTARCO,75.78,75.78
PNBGILTS,27.68,30.07
TAJGVK,27.1,27.1
HAVELLS,90.73,90.73
MRO-TEK,44.21,44.21
TRIDENT,53.44,53.46
ACLGATI,201.02,
JISLJALEQS,48.74,48.74
UNITDSPR,67.43,66.94
MPSLTD,28.55,28.55
PNB,16.38,16.38
TIMESGTY,57.46,57.46
CANBK,6.71,6.71
DIVISLAB,73.82,73.82
MARUTI,30.2,30.2
BAGFILMS,20.86,20.86
WELSPUNLIV,19.46,19.46
TVSELECT,2106.8,2106.8
UNIENTER,28.61,28.61
PTC,10.5,10.5
MAHABANK,11.51,11.51
RKFORGE,36.96,36.95
EXCELINDUS,76.21,76.21
CENTEXT,19.38,19.69
TEXINFRA,374.3,374.3
INDSWFTLTD,7.8,7.8
SUPRAJIT,38.34,38.34
EVEREADY,57.44,57.44
ALLSEC,24.49,24.49
SSWL,4.87,14.03
SURYALAXMI,35.86,21.04
63MOONS,7.47,7.47
GEOJITFSL,15.95,15.95
SPLIL,14.28,14.27
IDFC,564.61,564.61
IMPAL,16.84,16.84
SASTASUNDR,10.38,10.38
GREENPOWER,50.44,58.84
RAMKY,10.98,10.98
ASHOKA,9.12,10.53
RESPONIND,51.97,51.97
COALINDIA,9.09,9.09
PENIND,19.72,19.72
MOIL,34.46,34.46
A2ZINFRA,13.08,
PSB,67.45,67.45
KICL,38.47,62.03
TEXRAIL,75.22,75.22
LOVABLE,30.79,30.79
PFS,15.74,15.74
SYMPHONY,51.61,51.19
RELAXO,101.2,101.2
KARMAENG,587.32,587.32
ASHIANA,44.41,44.41
INVENTURE,18.95,15.7
PENINLAND,14.24,20.1
WHEELS,32.68,32.68
PREMIERPOL,20.09,20.09
SMLISUZU,27.17,27.17
FACT,307.86,114.87
ELECON,33.62,33.62
LAXMIMACH,45.96,45.96
ORIENTPPR,157.81,157.81
NELCO,70.58,70.58
MAHSCOOTER,43.81,43.81
LUMAXIND,46.89,46.89
KECL,85.89,85.89
CUMMINSIND,65.86,65.8
JAYBARMARU,37.29,37.29
INFY,23.29,23.29
IFBIND,72.68,72.68
IGPL,37.89,37.89
GNFC,19.32,19.32
BPCL,4.91,4.79
BASF,33.35,33.35
ARVIND,26.89,27.03
ACC,19.83,22.33
SCI,18.54,18.54
LINDEINDIA,173.75,173.75
HINDPETRO,5.15,5.15
ASHOKLEY,24.73,24.25
TITAN,84.39,84.39
BROOKS,130.67,130.67
PGEL,48.38,48.38
PAISALO,33.02,33.08
INDOTHAI,19.32,19.32
DSSL,27.38,27.38
JISLDVREQS,.71,.71
VIKASECO,95.58,95.58
KANANIIND,104.21,104.21
DBSTOCKBRO,17.64,17.64
IRFC,35.18,35.18
RHIM,,53.54
SCHNEIDER,98.63,96.75
TBZ,12.67,12.67
SPECIALITY,28.27,28.27
RTNINDIA,25.37,22.72
PROZONER,187.54,187.54
MAYURUNIQ,20,20
TVSHLTD,12.7,12.68
ZUARI,4.89,4.89
INDUSTOWER,15.15,15.15
ATULAUTO,209.96,209.96
ORIENTCEM,24.33,24.33
MITCON,27.29,27.29
SREEL,23.42,23.42
BUTTERFLY,172.99,141.39
GOCLCORP,39.43,41.21
SHARDACROP,110.21,110.21
INTELLECT,39.47,39.27
FCL,32.16,32.16
GULPOLY,61.71,61.71
GENUSPAPER,148.88,148.88
VISHNU,22.82,22.82
LINC,25.37,25.37
IMAGICAA,7.65,130.1
BYKE,58.1,58.1
BCG,1.42,1.42
NILAINFRA,34.49,34.49
ALANKIT,24.49,24.49
AYMSYNTEX,226.1,52.63
MUTHOOTCAP,3.77,89.49
NAVKARCORP,251.37,251.37
SHK,21.42,21.42
TTKHLTCARE,32.19,32.19
NH,32.18,32.18
TEAMLEASE,43.16,44.46
NECCLTD,28.81,28.81
GOKULAGRO,16.37,16.37
PDMJEPAPER,9.06,9.06
HECPROJECT,18.66,18.66
WEALTH,20.52,20.52
CROMPTON,58.23,58.23
SAGARDEEP,59.82,59.82
UNITEDPOLY,29.07,29.07
ASPINWALL,19.48,19.48
INCREDIBLE,32.91,32.91
MAHASTEEL,34.61,42.54
MGL,10.53,10.53
COMPINFO,.85,.85
QUESS,30.94,28.35
SOMICONVEY,33.65,33.65
LLOYDSENGG,89.93,89.93
LTIM,31.01,31.01
DBL,31.13,340.42
NDGL,9.89,9.89
BIGBLOC,51.74,51.74
MBAPL,80.56,80.56
GNA,16.63,16.63
SAKAR,57.87,57.87
PANSARI,29.2,29.2
ARTNIRMAN,124.66,124.66
VBL,88.09,88.09
PODDARMENT,14.39,14.39
JETFREIGHT,306.11,
TCIEXP,30.7,30.7
TERASOFT,25.31,22.22
LIBAS,9.1,9.1
CAPTRUST,86.18,86.18
MAHESHWARI,13.35,13.35
MCL,83.27,83.27
PRICOLLTD,36.83,36.83
STEELCITY,11.88,11.88
KRISHANA,39.09,39.09
GLOBAL,12.1,12.1
SANGINITA,74.36,74.36
AKASH,316.62,316.62
RADIOCITY,80.81,80.81
TASTYBITE,64.93,64.93
AIRAN,25.43,25.43
URJA,394.56,394.56
LAXMICOT,,92.46
EIFFL,151.4,151.4
CREATIVE,19.82,19.82
FOCUS,27.37,27.37
SIKKO,35.71,35.71
INFOBEAN,46.45,46.45
BHAGYANGR,7.54,7.54
TEJASNET,314.81,314.81
ACEINTEG,56.77,56.77
STEELXIND,132.16,132.16
AVADHSUGAR,8.23,8.23
GANGESSECU,41.08,41.08
TOTAL,110.7,110.7
WEWIN,29.6,29.6
VAISHALI,205.24,205.24
SERVOTECH,155.05,155.05
APEX,46.52,46.52
CAPACITE,22.03,22.03
WORTH,10.53,10.53
AARVI,17.33,17.33
RKEC,10.69,10.69
JASH,40.69,40.69
TIRUPATIFL,26.3,26.3
MASFIN,18.95,18.95
DPABHUSHAN,45.99,45.99
NAM-INDIA,35.03,35.03
IFGLEXPOR,25.6,25.6
VERTOZ,154.61,154.61
ICEMAKE,44.81,44.81
SHALBY,33.98,33.98
ONEPOINT,50.37,50.37
AJOONI,45.4,45.4
BCONCEPTS,70.66,70.66
SINTERCOM,310.22,310.22
ARVEE,238.7,238.7
GMMPFAUDLR,30.48,30.48
UNIINFO,63.02,63.02
MACPOWER,55.53,55.53
HAL,41.09,41.09
URAVI,282.88,282.88
KAPSTON,28.58,28.58
MIDHANI,84.08,84.08
MMP,28.98,28.98
PIGL,14.71,14.71
BSHSL,92.01,92.01
AAKASH,18.61,18.61
SOFTTECH,114.61,114.61
E2E,105.07,105.07
INDOSTAR,24.13,24.13
SIRCA,33.55,33.55
PRITI,19.04,19.04
ACCURACY,260.32,260.32
RITES,31.6,31.6
GANGAFORGE,189.31,193.43
REPL,22.18,22.18
AVROIND,28.96,28.96
TEMBO,20.95,21.42
CREDITACC,16.54,16.54
AARON,42.99,42.99
SUMIT,21.02,21.02
LAGNAM,16.05,16.05
RPPL,30.23,30.23
AKG,49,49
IRCON,26.51,26.51
AHLADA,11.26,11.26
RAJMET,19.41,19.41
KSHITIJPOL,18.21,
GRSE,41.62,41.62
KRITIKA,52.11,52.11
SILGO,20.51,20.51
VINNY,27.89,27.89
BBTCL,29.84,29.84
MARINE,56.07,56.36
IRISDOREME,49.93,49.93
ATGL,164.15,164.15
TECHNOE,49.75,49.75
UNIPARTS,17.85,17.85
SHRIRAMPPS,5.03,5.03
TREJHARA,13.61,48.98
AWHCL,12.54,12.54
RPSGVENT,10.65,10.65
MSTCLTD,28.27,28.27
OSIAHYPER,15.66,15.66
ANUP,34.42,34.42
ARVINDFASN,59.62,57.14
PAR,19.35,19.35
RVNL,52.3,52.3
POLYCAB,57.17,57.17
METROPOLIS,80.9,80.9
KPITTECH,67.56,67.56
NEOGEN,112.24,112.24
VIKASLIFE,59.43,34.37
EMAMIPAP,7.75,7.75
CONFIPET,23.71,23.71
PPL,11.12,11.12
INDIAMART,40.8,40.63
OAL,131.72,131.72
SATIA,5.26,5.26
AFFLE,54.52,54.52
SPANDANA,11.07,11.07
WESTLIFE,182.76,182.76
UJJIVANSFB,7.21,7.21
IRCTC,70.08,67.48
SAFARI,55.54,55.54
360ONE,35.56,35.56
HPIL,102.15,102.15
VISHWARAJ,21.77,21.77
GREENPANEL,25.36,25.36
APOLLOPIPE,64.5,64.5
MGEL,17.04,17.04
ROUTE,23.84,24.73
HOMEFIRST,25.13,25.13
CSBBANK,10.42,10.42
EQUITASBNK,13.74,13.74
ROSSARI,28.81,28.81
HINDWAREAP,72.98,72.98
LIKHITHA,21.51,21.51
ARTEMISMED,48.56,48.56
SUMICHEM,64.74,64.74
ATALREAL,24.85,24.85
MAHEPC,221.72,172.22
POWERINDIA,270.36,270.36
STOVEKRAFT,46.7,46.7
RAJRATAN,37.83,37.83
AARTISURF,26.36,26.36
GLAND,39.09,39.09
NDRAUTO,30.66,30.66
MAXHEALTH,76.28,76.28
AAATECH,41.13,41.13
KALYANKJIL,69.04,69.04
BTML,46.39,46.38
SHAREINDIA,14.17,14.15
SIGACHI,36.65,36.65
ADL,1602.26,1602.26
NIRAJ,18.27,12.34
CAMS,47.31,47.31
SURYODAY,9.56,9.56
UTIAMC,15.22,15.22
BECTORFOOD,62.91,62.91
ORCHPHARMA,57.14,57.14
INDIGOPNTS,43.67,43.67
LXCHEM,54.78,54.78
MTARTECH,93.23,93.23
ANURAS,50.6,50.6
KANPRPLA,261.31,261.31
STYLAMIND,21.01,20.87
CLSEL,9.03,9.03
SHAILY,50.15,50.15
MODISONLTD,18.87,23.72
BCLIND,14.76,14.7
BHAGCHEM,138.25,138.25
SMCGLOBAL,9.06,9.06
ARIHANTCAP,9.62,9.62
NAZARA,69.28,68.65
GENCON,16.95,16.95
HLEGLAS,68.06,63.53
SONACOMS,74.42,73.48
DRCSYSTEMS,23.91,23.91
PARAS,117.02,117.02
DODLA,33.28,33.28
JUBLINGREA,43.88,43.88
ROLEXRINGS,37.2,33.72
SHYAMMETL,15.89,15.89
TATVA,78.32,78.32
GLS,22.25,22.25
DEEPINDS,14.42,14.57
ZOMATO,461.84,461.84
PIXTRANS,21.36,21.36
WINDLAS,23.76,23.76
KRSNAA,31.32,31.32
APTUS,25.42,25.42
ANMOL,9.64,9.64
VIJAYA,69.88,69.01
VINEETLAB,52.33,52.33
SANSERA,29.63,29.63
PRITIKAUTO,25.16,25.16
AAREYDRUGS,24.17,24.17
INTLCONV,7.99,7.99
HPAL,42.73,43.07
UGROCAP,21.76,21.76
YUKEN,86.89,86.89
ANANDRATHI,74.02,74.02
SJS,27.58,27.58
POLICYBZR,875.8,875.8
NYKAA,1107.19,1107.19
AWL,261.57,209.12
MONARCH,14.2,14.2
SAPPHIRE,178.84,178.84
PRUDENT,49.07,49.07
EPIGRAL,26.95,26.95
NUVOCO,80.26,80.26
GOCOLORS,68.02,68.02
TRACXN,134.65,134.65
CMSINFO,21.51,21.51
FUSION,8.87,8.87
COASTCORP,65.04,65.04
TARSONS,51.85,51.85
MEDPLUS,164.88,164.88
TEGA,54.11,54.11
RATEGAIN,57.97,57.97
MANORG,68.83,68.83
LATENTVIEW,64.42,64.42
METROBRAND,76.66,76.66
MICEL,17.05,19.05
PASUPTAC,24.6,24.6
FOODSIN,22.88,22.86
PARADEEP,55.42,55.42
MAPMYINDIA,78.02,78.02
TMB,6.97,6.97
KRITI,28.23,28.23
MANYAVAR,61.66,61.66
GANESHBE,17.17,17.15
GVPTECH,89.13,89.13
DMCC,66.97,66.97
MEDICAMEQ,64.8,64.8
EMIL,44.6,44.6
SHIVALIK,50.98,50.98
UMAEXPORTS,29.06,28.23
DATAPATTNS,80.66,80.66
MEDANTA,66.96,66.96
AHL,22.81,22.81
MALLCOM,17.36,17.36
ASIANENE,44.33,41.37
SMLT,20.1,20.1
NRL,70.84,70.84
RADIANTCMS,18.61,18.61
CHOICEIN,54.24,54.24
HARIOMPIPE,28.79,28.79
GRWRHITECH,21.55,21.55
DCMSRIND,15.38,15.38
RAJRILTD,276.45,276.45
EMUDHRA,86.38,86.38
DYCL,32.7,32.7
FIVESTAR,27.02,27.02
STARTECK,13.1,13.1
VIRINCHI,24.7,24.7
SBC,73.95,73.95
ELDEHSG,27.2,27.2
ELIN,55.68,55.68
SEJALLTD,101.92,101.92
MHLXMIRU,21.03,21.03
RELCHEMQ,49.02,49.02
GATEWAY,19.1,19.1
SYRMA,64.64,64.16
ZIMLAB,29.61,29.61
JTLIND,33.78,33.78
CAMPUS,98.28,98.28
RAINBOW,60.88,60.88
VENUSPIPES,50.48,50.48
AETHER,128.56,68.31
ROTO,33.76,33.76
MEGASTAR,44.42,44.42
INDOBORAX,12.91,12.91
LANDMARK,49.01,47.46
RACE,338.25,338.25
AVONMORE,22.99,22.99
ETHOSLTD,104.6,104.6
DREAMFOLKS,35.94,35.94
MSUMI,46.51,46.51
DHARMAJ,19.45,19.45
HARSHA,40.6,40.6
OBCL,29.64,29.64
GMRP&UI,93.35,
INDOAMIN,19.49,19.49
INOXGREEN,132.05,132.05
ACI,23.5,23.5
BIKAJI,61.57,61.57
RITCO,17.39,17.39
SADHNANIQ,378.18,378.18
HARDWYN,98.5,98.5
CHEVIOT,13.01,13.01
HMAAGRO,25.81,25.81
MEDICO,36.88,36.88
KFINTECH,47.81,47.81
YATHARTH,30.65,30.65
DCXINDIA,42.27,42.27
AKSHAR,22.57,22.57
KAYNES,108.86,108.86
NGLFINE,33.66,33.66
AXITA,25.79,25.79
SENCO,39.41,39.41
TRU,59.61,59.61
RADHIKAJWE,14.49,14.49
TIPSFILMS,211.91,211.91
SPLPETRO,37.49,37.49
RAMRAT,28.57,28.57
CSLFINANCE,15.06,15.06
RUSTOMJEE,106.13,106.13
GENSOL,66.42,66.31
DBOL,17.29,17.29
GSLSU,44.11,44.11
SPORTKING,14.1,14.1
MANORAMA,91.76,91.76
GRMOVER,13.78,13.78
SYNCOMF,44.75,44.71
DJML,72,72
SULA,47.03,47.03
KRITINUT,11.4,11.4
AVALON,112.76,112.76
BAIDFIN,18.58,18.58
KAMOPAINTS,74.62,74.62
SCPL,26.33,26.33
SUKHJITS,13.47,13.47
MANKIND,44.84,44.84
SKYGOLD,41.18,41.18
SATINDLTD,3.79,3.79
DIVGIITTS,53.86,53.86
USK,10.6,10.6
IKIO,34.09,34.09
MANOMAY,25.96,25.96
FAZE3Q,20.54,20.54
LLOYDSME,28.48,28.48
AARTIPHARM,24.56,24.56
RHL,65.87,65.87
SAHYADRI,15.37,15.37
NINSYS,58.76,58.76
SBGLP,76.31,76.31
ASMS,411.95,268.62
HYBRIDFIN,16.31,15.84
SAH,259.33,259.33
CYIENTDLM,84.77,84.77
AKI,139.19,139.19
ATAM,39.24,39.24
IDEAFORGE,63.03,63.03
LAL,45.83,45.83
POCL,26.39,26.39
REDTAPE,82.74,82.74
ASHOKAMET,11.26,11.26
PTCIL,369.02,369.02
NETWEB,169.25,169.25
GHCLTEXTIL,29.48,29.48
KIRLPNU,58.05,55.52
ATL,39.77,39.77
NIITMTS,27.4,26.91
SINDHUTRAD,48.15,48.14
TREL,4.08,38.46
SUZLON,102.59,94.89
TRIVENI,17.51,17.51
NAHARINDUS,55.1,45.58
VIMTALABS,26.06,26.06
CELEBRITY,56.08,57.36
ROHLTD,20.02,20.02
GSPL,7.2,7.35
JAGRAN,11.43,11.43
SAKUMA,23.69,23.69
JKCEMENT,38.98,38.87
M&MFIN,18.21,18.21
KEI,64.26,64.24
VAKRANGEE,540.42,587.9
SOLARINDS,94.59,94.59
KKCL,26.92,26.92
SUNTV,14.79,14.79
RSYSTEMS,39.45,39.45
EMKAY,12.55,12.55
BALPHARMA,23.82,23.82
KAMDHENU,27.13,27.13
RATNAMANI,38.22,38.22
ALLCARGO,44.01,57.89
EMAMILTD,42.43,42.15
TECHM,53.89,53.97
SELAN,29.72,29.72
ANANTRAJ,48.87,48.87
HOVS,29.48,29.48
TALBROAUTO,19.03,27.53
GEECEE,18.48,18.48
JMFINANCIL,271.89,7.47
RUCHIRA,7.53,7.53
VENUSREM,14.69,14.69
NFL,77.44,77.44
PARACABLES,25.98,25.98
AVTNPL,23.55,23.55
TIDEWATER,23.39,23.39
SARLAPOLY,21.87,21.87
AUTOIND,28.77,28.85
TIIL,21.75,21.22
REDINGTON,12.95,12.95
PFC,7.7,7.7
PAGEIND,76.02,76.02
JKTYRE,12.85,12.55
BALAMINES,29.63,29.63
BANSWRAS,14.31,14.31
AROGRANITE,38.03,38.03
FORTIS,53,54.04
ALPHAGEO,201.59,29.63
NAVINFLUOR,60.82,73.4
NAGREEKEXP,15.06,15.06
HGS,28.92,28.92
DLF,125.88,125.88
MEGASOFT,63.75,63.75
ALPA,10.14,10.17
PURVA,189.59,189.59
INDOWIND,32.04,28
KSCL,15.26,15.26
CENTUM,,362.96
MAANALU,22.66,22.66
DELTACORP,12.64,15.04
CERA,38.55,38.36
ADANIPORTS,35.36,34.01
COLPAL,60.66,60.02
JYOTHYLAB,44.58,44.58
KALYANIFRG,34.61,34.61
ECLERX,21.28,21.22
TRIL,217.33,217.33
PATINTLOG,23.79,23.79
ARIES,16.16,16.16
AMBIKCO,13.82,13.82
CEATLTD,16.07,14.94
BIRLAMONEY,14.23,14.23
JKIL,17.8,17.8
KNRCON,14.51,14.51
HERCULES,40.01,40.01
NMDC,13.26,12.79
NAHARCAP,11.69,11.69
RECLTD,9.12,9.12
DPSCLTD,98.06,98.06
BAJAJ-AUTO,36.4,36.4
RPGLIFE,27.36,27.36
RBL,16.58,16.21
RANEENGINE,22.73,16.99
ARCHIDPLY,29.01,29.01
VINYLINDIA,29.94,29.94
20MICRONS,10.91,10.69
TATAMTRDVR,1.02,1
COUNCODOS,27.65,27.65
AJMERA,22.44,22.44
MHRIL,69.02,69.02
EXCEL,91.84,91.84
NHPC,25.61,25.61
GLOBUSSPR,21.62,21.62
RTNPOWER,1.14,
DEN,10.9,10.9
SARDAEN,15.11,15.05
REFEX,17.37,17.36
AHLUCONT,20.76,33.34
GODREJPROP,108.09,108.09
HINDCOPPER,110.3,110.3
WHIRLPOOL,87.3,82.24
JUBLFOOD,89.47,152.66
EMMBI,17.57,17.57
HATHWAY,57.1,57.08
TEXMOPIPES,48.24,15.87
LGBBROSLTD,13.99,14.26
ISFT,20.13,20.13
KIRLOSBROS,39.9,40.45
MANAPPURAM,6.85,6.85
HMVL,73.67,73.67
BLISSGVS,12.97,6.11
AHLEAST,7.68,10.03
UGARSUGAR,37.96,37.96
WELINV,95.1,95.1
ALKYLAMINE,67.7,67.7
MPHASIS,29.62,29.62
RAMCOIND,28.78,28.78
INDRAMEDCO,17.79,17.79
GAIL,15.9,16.47
SKMEGGPROD,7.61,7.61
CONCOR,52.06,52.06
KCPSUGIND,6.43,7.22
REPRO,78.75,78.75
GAEL,18.65,18.65
AXISCADES,58.65,58.65
TIPSINDLTD,42.42,42.42
HIKAL,50.69,50.69
MARKSANS,21.88,21.88
TCI,24.99,24.8
PONNIERODE,7.68,7.68
UNIONBANK,8.05,8.05
UCOBANK,40.63,40.63
JAIBALAJI,17.11,17.11
UPL,,19.72
VAIBHAVGBL,40.4,38.67
POONAWALLA,21.19,31.01
NIITLTD,34.09,33.88
COFORGE,41.6,42.06
ASTRAMICRO,67.47,67.47
INDOCO,30.14,32.12
JSWSTEEL,23.75,25.05
GOKEX,46.49,46.49
CYBERMEDIA,11.03,8.4
GRANULES,28,28
YESBANK,55.82,55.82
RML,427.56,11.8
AGRITECH,11.31,11.31
WONDERLA,30.48,30.48
SNOWMAN,89.87,89.87
PDSL,27.72,28.3
GOODLUCK,20.44,20.44
APOLSINHOT,36.32,36.32
GREENLAM,52.62,52.62
HESTERBIO,91.85,91.85
ZENTEC,59.51,60.39
AVANTIFEED,19.57,19.57
PRIVISCL,49.25,49.25
ORICONENT,28.02,23.56
ADANIENSOL,93.4,83.85
PKTEA,17.75,17.75
SHARDAMOTR,16.31,16.31
COFFEEDAY,,6.64
UMANGDAIRY,145.75,145.75
ALKEM,32.04,30.44
PRECAM,43.9,68.05
FAIRCHEMOR,40.49,40.49
ISGEC,32.09,32.09
PAKKA,21.24,21.24
CARYSIL,36.64,36.64
FIBERWEB,15.6,15.6
SBCL,36.94,36.94
IPL,45.78,45.78
LODHA,88.18,83.05
UTKARSHBNK,11.52,11.52
CRAFTSMAN,27,27
EXXARO,188.6,188.6
KIMS,44.84,44.84
CLEAN,56.71,56.71
ABSLAMC,21.6,21.6
CARTRADE,50.85,50.85
DEVYANI,,543.9
SUPRIYA,23.98,23.98
AMIORG,103.52,46.74
BAJAJHCARE,,26.76
GRINFRA,11.26,14.03
STEELCAS,16.69,16.69
KPIGREEN,65.87,65.78
SGIL,39.75,39.75
FINOPB,26.3,26.3
XCHANGING,93.35,93.35
CONSOFINVT,13.96,13.96
JPPOWER,11.84,8.19
SAKSOFT,27.33,27.33
WELCORP,15.24,15.24
PRIMESECU,34.67,34.67
JSWHL,61.76,61.76
GENUSPOWER,87.53,87.53
MSPL,64.75,52.9
GOLDIAM,19.98,19.98
FCSSOFT,,70.88
BODALCHEM,138.74,138.74
ASAHISONG,28.78,
FILATEX,21,21
TDPOWERSYS,42.29,42.29
APLLTD,28.46,28.46
PANAMAPET,11.34,11.34
SHAKTIPUMP,35.05,35.05
TRITURBINE,66.43,66.43
POLYMED,68.21,68.37
RUPA,27.88,26.83
APLAPOLLO,59.57,59.57
MINDACORP,48.55,48.55
THOMASCOTT,25.57,25.57
COMPUSOFT,38.23,38.23
NDL,14.68,14.68
NBCC,60.42,45.76
HEXATRADEX,8.98,8.98
VSSL,26.68,26.68
NEULANDLAB,26.34,26.34
BANARISUG,18.99,18.99
IGARASHI,156.58,156.58
MUNJALSHOW,19.75,18.58
RANASUG,11.7,11.7
UFLEX,,10.66
SUBROS,40.07,40.07
WIPRO,21.65,21.65
MURUDCERA,51.9,51.9
LIBERTSHOE,49.86,37.94
PIDILITIND,89.71,87.21
SAIL,23.09,18.28
BRITANNIA,61.31,61.25
DABUR,58.42,58.42
KANSAINER,18.8,33.14
GABRIEL,30.43,30.43
PRAKASH,8.42,8.42
GREAVESCOT,,226.33
AKZOINDIA,28.3,28.3
AMBUJACEM,31.87,33.39
CGPOWER,115.05,117.87
AUTOAXLES,18.1,18.1
SWARAJENG,21.66,21.66
TNPETRO,14.91,11.95
EIMCOELECO,28.66,28.66
SILINV,17.75,17.75
ZENITHEXPO,317.39,317.39
AARTIDRUGS,26.36,26.36
WENDT,77.66,77.66
PUNJABCHEM,25.22,25.22
GANESHHOUC,15.06,15.06
QUICKHEAL,98.54,98.54
BHAGERIA,37.76,37.76
KDDL,22.85,22.9
HCG,120.56,129.58
BHARATWIRE,18.77,18.77
THYROCARE,46.84,46.74
PARAGMILK,23.62,23.62
ARMANFIN,13.81,13.81
BLS,39.25,39.25
SALONA,24.44,24.44
CONTROLPR,25.49,25.51
ARIHANTSUP,19.97,19.97
CLEDUCATE,24.44,26.1
SHANKARA,19.97,19.97
DEVIT,26.04,26.04
PANACHE,,25.69
SCHAND,15.7,15.7
GLOBE,14.1,14.1
CDSL,50.54,50.54
DYNPRO,90.55,90.55
THEINVEST,49.55,49.55
SMSLIFE,36.33,36.33
GEEKAYWIRE,12.19,12.19
CHOLAHLDNG,5.67,5.67
DPWIRES,28.23,28.23
AIROLAM,27.3,27.3
GATECHDVR,16.17,16.17
IEX,42.65,42.65
SECURCRED,11.23,11.23
5PAISA,29.66,29.66
SILVERTUC,61.72,61.72
SHRADHA,8.65,8.65
TOUCHWOOD,47.75,47.76
SILLYMONKS,156.97,156.97
AMBER,88.33,88.33
SOUTHWEST,38.4,40.76
ASTERDM,63.42,
SARVESHWAR,49.57,49.57
BANDHANBNK,20.46,20.46
MITTAL,27.82,86.04
AVG,18.63,30.93
GODHA,104.75,104.75
ORIENTELEC,66.06,82.14
SVLL,83.04,83.04
SONAMLTD,28.56,28.56
WEL,122.84,122.84
CHEMCON,45.16,45.16
HNDFDS,63.42,63.42
MAZDOCK,35.24,35.24
DCI,26.19,26.19
IIFLSEC,10.93,10.93
FLUOROCHEM,73.42,73.42
KUANTUM,7.04,7.04
CHEMBOND,15.55,15.55
SBICARD,27.8,27.8
SIGMA,20.88,20.88
EASEMYTRIP,70.73,42.78
PRINCEPIPE,37.18,40.38
PATANJALI,64.55,64.55
ASALCBR,20.01,20.01
UNIVPHOTO,11.6,11.6
SUVENPHAR,53.88,53.88
KSOLVES,36.48,36.48
HAPPSTMNDS,50.3,52.4
BOROLTD,51.3,51.3
PAVNAIND,55.57,55.57
UNIDT,45.63,45.63
ANGELONE,20.12,20.12
ROML,45.33,45.33
RAILTEL,49.27,51.21
HERANBA,34.66,34.66
DCBBANK,7.59,7.59
GESHIP,5.84,5.84
MANALIPETC,70.78,62.31
DONEAR,15.75,15.75
SOBHA,376.53,376.59
HIRECT,90.41,64.6
PLASTIBLEN,18.83,18.83
HBLPOWER,50.46,46.95
LUMAXTECH,19.93,19.93
WANBURY,8.5,15.65
PITTIENG,32.36,32.36
IZMO,16.34,16.34
FSL,25.65,25.65
ASTRAL,105.8,105.8
NCLIND,10.65,10.65
BFUTILITIE,13.78,13.78
SRHHYPOLTD,11.07,10.05
TIMETECHNO,19.99,19.99
ISMTLTD,21.37,19.94
MAGNUM,13.41,18.53
RELIGARE,20.64,43.37
GKWLIMITED,99.24,99.24
OIL,10.15,10.19
ZYDUSWELL,44.85,42.58
DBCORP,11.95,11.95
TRF,15.62,15.62
VASCONEQ,27.1,27.1
MANINFRA,24.88,24.88
IITL,5.02,7.03
KILITCH,38.46,38.46
BEDMUTHA,37.66,37.66
CGCL,47.51,47.51
JINDWORLD,88.5,88.5
KIRLOSENG,40.19,39.28
JUBLINDS,67.53,31.49
MUTHOOTFIN,15.75,15.75
OMINFRAL,23.7,23.7
DELPHIFX,13.49,13.49
DHANUKA,26.44,26.44
LTF,17.09,17.09
NOCIL,31.67,31.67
CHAMBLFERT,13.49,13.49
HINDOILEXP,10.59,12.27
BALMLAWRIE,21.2,21.2
MOTOGENFIN,109.12,109.12
RAMCOCEM,47.24,47.24
PGHL,38.28,38.28
ADORWELD,26.95,26.95
TATACHEM,71.1,21.59
ATFL,163.78,233.83
VLSFINANCE,2.73,2.73
SUPREMEIND,75.59,75.59
BALRAMCHIN,15.33,15.33
WEIZMANIND,18.66,18.66
BBOX,28.82,23.04
JTEKTINDIA,40.01,42.23
TATAELXSI,54.49,54.49
SANDESH,5.06,5.06
ADANIENT,107.45,100.16
EICHERMOT,36.4,36.4
ZENSARTECH,22.76,22.76
ANIKINDS,434.3,434.3
BLUEDART,57.27,57.27
HSCL,40.49,40.49
ARENTERP,17.33,17.33
ADVANIHOTR,25.33,25.33
SIEMENS,103.57,103.57
JUBLPHARMA,106.97,73.5
TATACOMM,53.76,59.22
SANOFI,38.19,36.97
KAJARIACER,44.49,44.47
PRSMJOHNSN,54.06,
EIHAHOTELS,26.1,26.1
STYRENIX,18.65,18.65
IDBI,15.61,15.61
DHAMPURSUG,10.34,10.34
FMGOETZE,16.3,16.3
GILLETTE,62.96,62.96
3MINDIA,65.62,65.62
RALLIS,34.99,35.16
KOPRAN,22.38,22.38
TATAINVEST,101.3,101.3
SAKHTISUG,3.31,
HINDUNILVR,58.24,58.26
EIDPARRY,7.64,7.64
CESC,13.04,15.89
ASHAPURMIN,13.74,21.24
TNPL,8.14,8.14
DALMIASUG,11.08,11.08
MRF,25.7,25.7
JAYAGROGN,13.73,13.73
MOTHERSON,37.13,36.02
CREST,16.86,16.86
TVSSRICHAK,28.06,26.75
ELECTHERM,2.68,2.68
SWANENERGY,30.69,30.69
KITEX,23.41,23.41
ROSSELLIND,132.72,131.63
VETO,12.61,12.61
CARERATING,30.6,30.6
REPCOHOME,7.75,7.75
JUSTDIAL,22.44,22.44
IBULHSGFIN,6.41,6.41
PILITA,60.79,60.79
ORBTEXP,15.15,15.15
NATHBIOGEN,8.57,9.2
SDBL,28.23,28.23
AGARIND,12.56,12.56
HATSUN,85.96,85.96
GULFOILLUB,15.74,15.74
CIGNITITEC,22.14,22.14
MONTECARLO,19.87,19.87
LAMBODHARA,33.77,33.77
MOLDTKPAC,36.83,36.83
MENONBE,9.26,9.26
JMA,8.58,8.58
MANAKCOAT,42.99,42.99
VRLLOG,54.79,55.05
UFO,38.28,34.66
ARROWGREEN,28.84,28.84
SKIPPER,44.12,44.12
SHYAMCENT,512.47,512.47
SYNGENE,54.08,53.14
RAMASTEEL,57.76,57.76
ARVSMART,56.32,56.32
POWERMECH,30.48,30.48
SHREEPUSHK,14.75,14.75
IDFCFIRSTB,18.58,18.58
INDIGO,20.31,20.31
LUXIND,33.93,33.93
SALZERELEC,26.78,26.78
LINCOLN,12.48,12.48
LALPATHLAB,63.47,63.47
OCCL,12.94,12.94
HITECH,40.07,40.07
VIDHIING,64.33,64.33
KELLTONTEC,14.57,14.57
INFIBEAM,52.83,52.83
SHRIPISTON,19.1,19.1
ALBERTDAVD,8.2,8.2
PREMEXPLN,87.24,87.24
DAMODARIND,19.63,19.63
MOLDTECH,24.83,24.83
POKARNA,21.56,21.56
GPTINFRA,25.92,25.92
MINDTECK,24.17,24.17
ADVENZYMES,29.46,27.43
SPAL,16.49,16.49
RBLBANK,11.73,11.73
CUPID,34.77,34.77
LTTS,37.91,37.91
MARATHON,16.58,16.58
HPL,58.96,58.96
ENDURANCE,50.01,50.01
MAZDA,16.81,16.81
PNBHOUSING,12.73,12.73
KINGFA,19.27,19.27
NBIFIN,54.41,54.41
SFL,45.07,55.7
LAURUSLABS,137.42,137.42
ITDC,80.13,80.06
HISARMETAL,15.69,15.69
SPCENET,137.26,137.26
BHANDARI,18.64,18.64
BSE,52.25,107.21
JITFINFRA,22.78,27.57
DMART,120.29,120.29
INTENTECH,17,17
NRAIL,5.98,5.98
DOLLAR,33.76,33.54
STARCEMENT,29.8,29.8
ERIS,33.51,33.51
GTPL,17.81,17.81
SALASAR,60.09,60.09
OPTIEMUS,41.08,41.08
COCHINSHIP,62.22,62.22
DIXON,160.17,160.17
MATRIMONY,27.9,27.9
DIAMONDYD,38.78,38.22
TCPLPACK,18.97,18.97
KHADIM,92.58,92.58
DNAMEDIA,.39,
APOLLO,101.7,101.7
NEWGEN,49.39,49.39
HGINFRA,18.78,19.19
SUNDARMHLD,30.22,30.22
SANDHAR,29,29.72
LEMONTREE,61.12,61.12
ADANIGREEN,304.28,244
FINEORG,32.97,32.93
VARROC,17.57,17.57
HBSL,1.8,1.8
HDFCAMC,41.32,41.32
SIGIND,16.79,16.79
AAVAS,26.33,26.33
DALBHARAT,38.79,38.79
CHALET,61.03,61.03
LUPIN,37.85,37.85
BHARTIARTL,133.2,85.11
SURANAT&P,28.22,28.22
GENESYS,89.88,89.88
JSL,24.29,25.02
DREDGECORP,68.93,67.49
MUKANDLTD,21.09,21.09
DATAMATICS,15.99,15.99
APARINDS,37.32,37.32
GULFPETRO,11.25,11.25
KOTARISUG,15.98,15.98
PATELENG,16.62,21.98
JINDALPHOT,46.45,46.45
IIFL,8.78,8.78
SHOPERSTOP,104.4,96.32
JKPAPER,5.94,5.94
VHL,255.68,30.1
NECLIFE,138.07,138.07
SASKEN,27.03,27.03
JPOLYINVST,24.77,24.77
CASTROLIND,21.19,21.19
CAPLIPOINT,21.46,21.46
SUPERHOUSE,20.42,20.42
GRPLTD,55.07,50.6
GANECOS,72.35,72.35
MANAKALUCO,34.73,34.73
LFIC,5.92,5.92
TPLPLASTEH,33.05,33.05
PNCINFRA,14.92,14.92
SATIN,5.8,5.8
GUJGASLTD,34.45,35.83
BALAXI,,15.16
PILANIINVS,27.48,27.48
WIPL,41.08,41.08
PSPPROJECT,20.59,20.59
AUBANK,31.98,30.72
MAGADSUGAR,7.68,7.68
SIS,36.09,36.09
ABCAPITAL,18.96,18.96
GODREJAGRO,34.9,34.9
TIINDIA,63.03,63.04
GALAXYSURF,30.29,30.29
BDL,81.89,81.89
ISEC,13.62,13.62
CHEMFAB,30.7,30.7
PGIL,16.65,16.6
SMSPHARMA,33.89,33.89
ICRA,34.84,34.84
PHOENIXLTD,43.22,43.22
HILTON,35.81,35.81
KMSUGAR,11.81,11.81
NELCAST,21.8,29.96
MOTILALOFS,14,14
POWERGRID,17.92,17.92
HINDNATGLS,.93,.58
ADANIPOWER,13.88,13.88
AMRUTANJAN,46.01,46.01
SHILPAMED,140.23,155.71
DLINKINDIA,16.21,16.21
MMTC,149.33,211.84
UNITEDTEA,10.84,10.84
DBREALTY,7.77,8.27
PERSISTENT,52.05,52.05
KSL,19.66,19.66
UMESLTD,87.64,87.64
IMFA,10.54,10.54
GPPL,27.49,25.11
DEEPAKNTR,38.33,41.42
CANTABIL,28.5,29.05
PRESTIGE,43.6,43.6
IOLCP,15.9,15.9
JAMNAAUTO,23.64,23.64
STEL,59.81,59.81
HFCL,40.35,40.35
DHUNINV,10.1,10.1
PIIND,33.15,33.15
RUSHIL,19.13,19.13
DRREDDY,17.67,17.67
ASHIMASYN,6.22,6.22
SUNDARMFIN,34.99,33.46
SPIC,16.88,11.48
SBIN,10.7,9.93
PFIZER,40.64,41.13
BATAINDIA,71.33,65.2
DEEPAKFERT,15.88,15.88
MAHSEAMLES,8.83,8.8
COROMANDEL,24.5,24.5
VINDHYATEL,22.6,22.6
BEML,58.64,58.64
CENTENKA,28.21,28.21
VTL,22.96,22.96
FEDERALBNK,10.23,10.23
SRF,50.97,50.97
HONAUT,91.74,91.74
PRECOT,28.17,44.8
HCC,12.43,
APOLLOHOSP,93.48,93.61
BALKRISIND,40.84,40.84
RAJSREESUG,14.2,14.2
ONGC,5.9,5.76
TAINWALCHM,32.07,32.07
JINDALPOLY,29.75,29.65
BSL,16.22,16.22
APCOTEXIND,38.51,38.51
RCF,36.42,43.34
KARURVYSYA,9.94,9.94
DECCANCE,22.61,17.06
TATAPOWER,44.45,48.03
THOMASCOOK,35.74,35.74
BHARATRAS,52.91,52.91
UNIVCABLES,61.88,61.88
SOMANYCERA,29.8,29.73
M&M,30.12,30.12
KABRAEXTRU,44.31,44.31
MANGLMCEM,39.87,39.87
POLYPLEX,28.05,28.05
OSWALAGRO,347.91,344.48
JINDALSAW,10.56,10.56
RUBYMILLS,15.08,15.08
ABB,115.73,115.73
GRAPHITE,13.69,600.76
CANFINHOME,13.55,13.55
ELECTCAST,12.78,12.78
CIPLA,28.7,27.69
HEROMOTOCO,28.65,27.77
HARRMALAYA,,1092.43
GIPCL,14.93,14.93
ITC,26.23,26.22
HINDCOMPOS,17.53,17.53
RICOAUTO,43.65,41.72
APOLLOTYRE,17.38,16.76
SIYSIL,10.96,10.96
PRECWIRE,30.48,30.48
NILKAMAL,24.54,24.54
NCC,26.69,25.96
SEAMECLTD,22.54,22.54
AUROPHARMA,23.01,22.27
EIHOTEL,40.65,40.21
GICHSGFIN,7.53,7.53
BANARBEADS,20.82,20.82
WSTCSTPAPR,4.82,4.82
21STCENMGM,1.62,1.62
GHCL,5.79,7.59
HIL,53.07,992.87
EVERESTIND,94.26,139.15
BPL,33.37,33.37
VESUVIUS,45.27,45.27
BOMDYEING,1.14,
NAVNETEDUL,16.61,18.1
GLAXO,70.78,63.19
CHOLAFIN,32.9,32.9
KOTAKBANK,19.18,19.18
ORIENTHOT,48.58,48.58
FOSECOIND,29.43,33.83
ESABINDIA,53.58,53.58
AARTIIND,55.54,55.54
MFSL,81.51,81.51
HEG,35.88,35.88
TIMKEN,79.21,79.21
SHREECEM,38.6,38.6
IPCALAB,55.69,60.72
HINDALCO,15,15.02
GSFC,14.91,14.91
GRASIM,15.63,15.02
FINCABLES,37.71,44.22
DCM,24.26,24.26
BIRLACORPN,26.33,26.73
BEL,50.73,50.73
PVP,9.24,
CORALFINAC,8.95,8.95
GREENPLY,43.96,50.77
REMSONSIND,44.68,43.81
NATCOPHARM,13.34,13.34
GARFIBRES,34.93,34.93
TTKPRESTIG,44.09,44.09
SKFINDIA,54.57,54.57
CUBEXTUB,30.6,30.6
MARICO,54.97,54.97
BIOFILCHEM,139.31,139.31
SANGAMIND,45.96,40.14
SOMATEX,5.24,
STERTOOLS,23.65,23.77
HITECHGEAR,15.36,42.77
DENORA,41.89,41.89
MIRZAINT,48.85,48.85
GUJAPOLLO,23.99,23.99
MMFL,20.99,21.15
GUJRAFFIA,44.42,44.42
RUCHINFRA,19.58,43.83
KOTHARIPET,12,11.95
BANKBARODA,7.55,7.55
MADRASFERT,263.09,26.18
ICICIBANK,17.35,17.35
INDSWFTLAB,2.13,9.16
SAREGAMA,51.86,51.86
ENGINERSIN,35.7,35.7
JAICORPLTD,96.04,96.04
GMDCLTD,19.25,19.25
MAHAPEXLTD,.53,34.46
ASAHIINDIA,45.44,45.44
J&KBANK,7.43,7.43
KOTHARIPRO,18.67,18.67
SOUTHBANK,6.65,6.65
ASTRAZEN,96.05,103.52
ITDCEM,28.11,28.11
CYIENT,28.45,26.6
KOKUYOCMLN,32.08,32.08
GOACARBON,8.2,8.2
SANGHVIMOV,26.35,26.35
RSSOFTWARE,24.99,24.99
NATIONALUM,16.1,19.06
JINDALSTEL,17.67,17.67
NIPPOBATRY,29.19,29.19
HCLTECH,24.14,24.14
ACCELYA,25.51,25.57
STAR,297.24,34.68
NRBBEARING,12.54,34.1
BIL,41.87,41.87
KTKBANK,6.22,6.22
AJANTPHARM,35.51,35.51
CALSOFT,44.62,44.62
TVSMOTOR,62.53,62.53
PNC,36.66,36.66
NLCINDIA,16.07,16.07
CHENNPETRO,5.16,5.16
KRBL,10.63,10.63
USHAMART,26.45,26.45
BALAJITELE,32.66,32.66
KHANDSE,249.99,249.99
SMARTLINK,38.16,38.16
GODREJCP,,76.5
ASAL,70,70
OLECTRA,175.98,191.77
APTECHT,43.56,37.44
OFSS,31.93,31.93
NUCLEUS,16.41,16.41
GODREJIND,41.77,41.77
RADICO,88.64,88.64
VARDHACRLC,24.3,24.3
NSIL,31.05,31.05
IGL,19.63,19.63
TVTODAY,23.29,22
PETRONET,12.6,12.79
BIOCON,28.91,28.81
XPROINDIA,49.66,47.69
CCL,30.71,30.71
LT,30.75,30.89
ULTRACEMCO,41.58,41.26
TCS,30.06,29.6
GUFICBIO,36.25,36.25
WELENT,17.54,17.54
NTPC,17.22,17.22
JBMA,138.29,138.29
DWARKESH,15.25,15.25
