SYMBOL,SERIES,SECURITY,HIGH/LOW,INDEX FLAG
748KA33,SG,SDL KA 7.48% 2033,H
AAKASH,BE,AAKASH EXPLORATION SER L,H
AAREYDRUGS,EQ,AAREY DRUGS & PHARM LTD,H
ABAN,EQ,ABAN OFFSHORE LTD.,H
ABMINTLLTD,BE,ABM INTERNATIONAL LTD,H
AESTHETIK,ST,AESTHETIK ENGINEERS LTD,H
AGIIL,EQ,AGI INFRA LIMITED,H
AILIMITED,ST,ABHISHEK INTEGRATIONS LTD,H
AIRAN,BE,AIRAN LIMITED,H
AISL,SM,ANI INTEGRATED SERV LTD.,H
AKUMS,EQ,AKUMS DRUGS AND PHARMA L,H
ALUWIND,ST,ALUWIND ARCHITECTURAL LTD,H
AMBICAAGAR,EQ,AMBICA AGAR & AROMAINDLTD,H
AMEYA,SM,AMEYA PRECISION ENG LTD,H
AMJLAND,BE,AMJ LAND HOLDINGS LIMITED,H
AMJUMBO,ST,A AND M JUMBO BAGS LTD,H
ANSALAPI,BZ,ANSAL PROP & INFRA LTD,H
ARSHIYA,BE,ARSHIYA LIMITED,H
ASHIMASYN,BE,ASHIMA LTD,H
AURIONPRO,EQ,AURIONPRO SOLN LTD,H
BEDMUTHA,EQ,BEDMUTHA INDUST LTD,H
BLBLIMITED,BE,BLB LIMITED,H
BLUEPEBBLE,SM,BLUE PEBBLE LIMITED,H
BULKCORP,ST,BULKCORP INTERNATIONAL L,H
CELLECOR,SM,CELLECOR GADGETS LIMITED,H
CEREBRAINT,BE,CEREBRA INT TECH LTD,H
CMMIPL,ST,CMM INFRAPROJECTS LIMITED,H
COFFEEDAY,BE,COFFEE DAY ENTERPRISE LTD,H
CONTI,ST,CONTINENTAL SEED CHEM LTD,H
DCMFINSERV,EQ,DCM FINANCIAL SERVICES LT,H
DESTINY,SM,DESTINY LOGISTICS & I LTD,H
DGCONTENT,BE,DIGICONTENT LIMITED,H
DHTL,SM,DOCMODE HEALTH TECH LTD,H
DICIND,BE,DIC INDIA LIMITED,H
DIGIKORE,ST,DIGIKORE STUDIOS LIMITED,H
DONEAR,BE,DONEAR IND. LIMITED,H
E2E,BE,E2E NETWORKS LIMITED,H
ENSER,SM,ENSER COMMUNICATIONS LTD,H
ESCONET,ST,ESCONET TECHNOLOGIES LTD,H
ESPRIT,ST,ESPRIT STONES LIMITED,H
FEL,BZ,FUTURE ENTERPRISES LTD,H
FMNL,EQ,FUTURE MKT NETWORKS LTD,H
FOCUS,EQ,FOCUS LIGHTG & FIXTRS LTD,H
GATECH,EQ,GACM TECHNOLOGIES LIMITED,H
GET&D,BE,GE T&D INDIA LIMITED,H
GMRP&UI,EQ,GMR POW AND URBAN INFRA L,H
GODHA,BE,GODHA CABCON INSULAT LTD,H
GRPLTD,BE,GRP LIMITED,H
GSMFOILS,ST,GSM FOILS LIMITED,H
GTLINFRA,EQ,GTL INFRA.LTD,H
GUJRAFFIA,EQ,GUJARAT RAFFIA INDUST LTD,H
GVKPIL,BE,GVK POW. & INFRA LTD.,H
HDIL,BZ,HOUSING DEV & INFRA LTD,H
IFBAGRO,BE,IFB AGRO INDUSTRIES LTD,H
IMPEXFERRO,BE,IMPEX FERRO TECH LIMITED,H
ISHAN,SM,ISHAN INTERNATIONAL LTD,H
IWEL,EQ,INOX WIND ENERGY LIMITED,H
JAIPURKURT,BE,NANDANI CREATION LIMITED,H
JHS,EQ,JHS SVEND. LAB. LTD,H
JINDALPOLY,EQ,JINDAL POLY FILMS LIMITED,H
JNKINDIA,BE,JNK INDIA LIMITED,H
JYOTISTRUC,EQ,JYOTI STRUCTURES LTD,H
KDL,ST,KORE DIGITAL LIMITED,H
KERNEX,EQ,KERNEX MICROSYS(I) LTD,H
KEYFINSERV,EQ,KEYNOTE FIN SERV LTD.,H
KHAITANLTD,EQ,KHAITAN (INDIA)LTD.,H
MADHAV,EQ,MADHAV MARBLE & GRANITE,H
MAITREYA,ST,MAITREYA MEDICARE LIMITED,H
MANCREDIT,EQ,MANGAL CREDIT N FINCORP L,H
MANORG,EQ,MANGALAM ORGANICS LIMITED,H
MIRCELECTR,EQ,MIRC ELECTRONICS LTD,H
MOHITIND,BE,MOHIT INDUSTRIES LTD,H
MRO-TEK,BE,MRO-TEK REALTY LIMITED,H
NAGREEKCAP,BE,NAGREEKA CAP & INFR.LTD,H
NAHARPOLY,BE,NAHAR POLY FILMS LIMITED,H
NIRMAN,ST,NIRMAN AGRI GENTICS LTD,H
NOIDATOLL,BE,NOIDA TOLL BRIDGE CO LTD,H
NPST,SM,NETWORK PEOPLE SRV TECH L,H
OLAELEC,EQ,OLA ELECTRIC MOBILITY LTD,H
OMAXAUTO,BE,OMAX AUTOS LTD,H
ORIANA,SM,ORIANA POWER LIMITED,H
ORTEL,BZ,ORTEL COMMUNICATIONS LTD,H
PANSARI,BE,PANSARI DEVELOPERS LTD,H
PARAS,BE,PARAS DEF AND SPCE TECH L,H
PASUPTAC,EQ,PASUPATI ACRYLON LIMITED,H
PPSL,ST,PICTUREPOST STUDIOS LTD,H
PRAENG,EQ,PRAJAY ENG. SYN. LTD.,H
PREMEXPLN,BE,PREMIER EXPLOSIVES LTD,H
QUESTLAB,SM,QUEST LABORATORIES LTD,H
RAJINDLTD,ST,RAJPUTANA INDUSTRIES LTD,H
RBZJEWEL,BE,RBZ JEWELLERS LIMITED,H
RCOM,BE,RELIANCE COMMUNICATIONS L,H
REGENCERAM,BE,REGENCYCERAMICS-LTD,H
RICHA,SM,RICHA INFO SYSTEMS LTD,H
ROLTA,BZ,ROLTA INDIA LTD,H
RPOWER,EQ,RELIANCE POWER LTD.,H
RSSOFTWARE,BE,R. S. SOFTWARE (INDIA) LI,H
SAAKSHI,ST,SAAKSHI MEDTEC N PANELS L,H
SADBHIN,EQ,SADBHAV INFRA PROJ LTD.,H
SANWARIA,BZ,SANWARIA CONSUMER LIMITED,H
SARLAPOLY,BE,SARLA PERF. FIBERS LTD,H
SATECH,ST,S A TECH SOFTWARE INDIA L,H
SEL,SM,SUNGARNER ENERGIES LTD,H
SELMC,BE,SEL MANUFACTURING CO LTD,H
SETUINFRA,BZ,SETUBANDHAN INFRA LTD,H
SHIVAMAUTO,BE,SHIVAM AUTO.LTD,H
SHRENIK,BE,SHRENIK LIMITED,H
SIGNPOST,EQ,SIGNPOST INDIA LIMITED,H
SITINET,BE,SITI NETWORKS LIMITED,H
SRPL,BE,SHREE RAM PROTEINS LTD.,H
SSEGL,ST,SATHLOKHAR SYN E&C GLOB L,H
SUMIT,BE,SUMIT WOODS LIMITED,H
SURANAT&P,BE,SURANA TELECOM AND POW LT,H
SUVEN,EQ,SUVEN LIFE SCIENCES LTD,H
SVPGLOB,EQ,SVP GLOBAL TEXTILES LTD,H
TARAPUR,BE,TARAPUR TRANSFORMERS LTD,H
TARC,BE,TARC LIMITED,H
TECHNOE,BE,TECHNO ELEC & ENG CO. LTD,H
TECILCHEM,BE,TECIL CHEMICALS,H
TOUCHWOOD,EQ,TOUCHWOOD ENTERTAIN LTD.,H
TRUST,ST,TRUST FINTECH LIMITED,H
UFLEX,EQ,UFLEX LIMITED,H
UTSSAV,ST,UTSSAV CZ GOLD JEWELS LTD,H
VASA,ST,VASA RETAIL & OVERSEA LTD,H
VERA,SM,VERA SYNTHETIC LIMITED,H
VINNY,EQ,VINNY OVERSEAS LIMITED,H
VIPCLOTHNG,BE,VIP CLOTHING LIMITED,H
VMARCIND,SM,V MARC INDIA LIMITED,H
WALCHANNAG,EQ,WALCHANDNAGAR INDUSTRIES,H
WEBELSOLAR,BE,WEBSOL ENERGY SYSTEM LTD,H
WEIZMANIND,BE,WEIZMANN LTD,H
WELINV,EQ,WELSPUN INV & COMM LTD,H
WINSOME,BE,WINSOME YARNS LIMITED,H
ZENITHEXPO,BE,ZENITH EXPORTS LTD,H
1018GS2026,GS,GOI LOAN 10.18% 2026,L
3PLAND,BE,3P LAND HOLDINGS LIMITED,L
AAKASH,BE,AAKASH EXPLORATION SER L,L
AARTECH,EQ,AARTECH SOLONICS LIMITED,L
ACSAL,SM,ARVIND AND COMPANY,L
AHLADA,BE,AHLADA ENGINEERS LIMITED,L
AIRAN,BE,AIRAN LIMITED,L
ALPEXSOLAR,ST,ALPEX SOLAR LIMITED,L
AMJUMBO,ST,A AND M JUMBO BAGS LTD,L
ARENTERP,BE,RAJDARSHAN INDUSTRIES LTD,L
ARSSINFRA,BE,ARSS INFRA PROJ. LTD,L
ASHIMASYN,BE,ASHIMA LTD,L
ASIANHOTNR,EQ,ASIAN HOTELS (NORTH) LTD,L
BAFNAPH,BE,BAFNA PHARMACEUTICALS LTD,L
CADSYS,SM,CADSYS (INDIA) LIMITED,L
CEREBRAINT,BE,CEREBRA INT TECH LTD,L
CLOUD,ST,VARANIUM CLOUD LIMITED,L
CMMIPL,ST,CMM INFRAPROJECTS LIMITED,L
CONTI,ST,CONTINENTAL SEED CHEM LTD,L
CTE,BE,CAMBRIDGE TECH ENTER LTD,L
DCXINDIA,BE,DCX SYSTEMS LIMITED,L
DJML,BE,DJ MEDIAPRINT & LOG LTD,L
DOLPHIN,BE,DOLPHIN OFF ENT (IND) L,L
DONEAR,BE,DONEAR IND. LIMITED,L
E2E,BE,E2E NETWORKS LIMITED,L
EIMCOELECO,BE,EIMCO ELECON (INDIA) LTD,L
FEL,BZ,FUTURE ENTERPRISES LTD,L
FELDVR,BE,FUTURE ENTERPRISES LTD,L
FELIX,SM,FELIX INDUSTRIES LTD.,L
FIBERWEB,BE,FIBERWEB INDIA LIMITED,L
GALLANTT,BE,GALLANTT ISPAT LIMITED,L
GATECH,EQ,GACM TECHNOLOGIES LIMITED,L
GSTL,ST,GLOBESECURE TECHNO LTD,L
GTECJAINX,BE,G-TEC JAINX EDUCATION LTD,L
GVKPIL,BE,GVK POW. & INFRA LTD.,L
HBSL,BE,HB STOCKHOLDINGS LIMITED,L
HEXATRADEX,EQ,HEXA TRADEX LIMITED,L
HINDMOTORS,BE,HINDUSTAN MOTORS LIMITED,L
HUBTOWN,BE,HUBTOWN LIMITED,L
INFOLLION,ST,INFOLLION RESEARCH SER L,L
INFOMEDIA,BE,INFOMEDIA PRESS LIMITED,L
KBCGLOBAL,BE,KBC GLOBAL LIMITED,L
KCEIL,ST,KAY CEE ENERGY & INFRA L,L
KCK,SM,KCK INDUSTRIES LTD,L
KRISHNADEF,ST,KRISHNA DEF AND ALD IND L,L
KSHITIJPOL,BE,KSHITIJ POLYLINE LIMITED,L
KTL,SM,KALAHRIDHAAN TRENDZ LTD,L
LRRPL,SM,LEAD REC AND RUB PROD LTD,L
MACPOWER,BE,MACPOWER CNC MACHINES LTD,L
MASKINVEST,BE,MASK INVESTMENTS LIMITED,L
MAXIND,EQ,MAX INDIA LIMITED,L
MBECL,BE,MCNALLY BH. ENG. CO.LTD,L
MCON,ST,MCON RASAYAN INDIA LTD,L
MILTON,SM,MILTON INDUSTRIES LIMITED,L
MODTHREAD,BE,MODERN THREADS INDIA LTD,L
MTNL,EQ,MAHANAGAR TELEPHONE NIGAM,L
NECCLTD,BE,NORTH EAST CARRY CORP LTD,L
NIRMAN,ST,NIRMAN AGRI GENTICS LTD,L
NIRMAN-RE,ST,NIRMAN AGRI GENTICS LTD,L
NITIRAJ,BE,NITIRAJ ENGINEERS LTD,L
NOVAAGRI,BE,NOVA AGRITECH LIMITED,L
OCCL,BE,ORIENTAL CARBN & CHEM LTD,L
OMFURN,SM,OMFURN INDIA LIMITED,L
PARSVNATH,BE,PARSVNATH DEVELOPER LTD,L
PRATHAM,SM,PRATHAM EPC PROJECTS LTD,L
PRECOT,BE,PRECOT LIMITED,L
PRITIKA,SM,PRITIKA ENG COMPO LTD,L
RAJRILTD,BE,RAJ RAYON INDUSTRIES LTD,L
RAJTV,BE,RAJ TV NETWORK LTD,L
REGENCERAM,BE,REGENCYCERAMICS-LTD,L
RETAIL,BE,JHS SVENDGAARD RETAIL V L,L
RKDL,BE,RAVI KUMAR DIST. LTD.,L
ROLLT,BE,ROLLATAINERS LIMITED,L
ROLTA,BZ,ROLTA INDIA LTD,L
RPPINFRA,BE,R.P.P INFRA PROJECTS LTD.,L
SADBHIN,EQ,SADBHAV INFRA PROJ LTD.,L
SANCO,BZ,SANCO INDUSTRIES LIMITED,L
SARLAPOLY,BE,SARLA PERF. FIBERS LTD,L
SECURCRED,BE,SECUR CREDENTIALS LIMITED,L
SELMC,BE,SEL MANUFACTURING CO LTD,L
SETCO,BE,SETCO AUTOMOTIVE LTD,L
SHRADHA,BE,SHRADHA INFRAPROJECTS LTD,L
SINDHUTRAD,EQ,SINDHU TRADE LINKS LTD,L
SKYGOLD,BE,SKY GOLD LIMITED,L
SOLARAPP,X1,SOLAR ACT RS.3.50 PPD UP,L
SRM,BE,SRM CONTRACTORS LIMITED,L
SRPL,BE,SHREE RAM PROTEINS LTD.,L
SUPREMEPWR,ST,SUPREME POWER EQUIPMENT L,L
SWARAJ,SM,SWARAJ SUITING LIMITED,L
TCLCONS,BE,TANTIA CONSTRUCTIONS LTD,L
TGL,ST,TEERTH GOPICON LIMITED,L
UMANGDAIRY,BE,UMANG DAIRIES LIMITED,L
USK,BE,UDAYSHIVAKUMAR INFRA LTD,L
WEBELSOLAR,BE,WEBSOL ENERGY SYSTEM LTD,L
WINSOME,BE,WINSOME YARNS LIMITED,L
ZODIAC,BE,ZODIAC ENERGY LIMITED,L
ZTECH,SM,Z-TECH (INDIA) LIMITED,L
