GAIN_LOSS,SECURITY,CLOSE_PRIC,PREV_CL_PR,PERCENT_CG
 ,Nifty 50 Sec., , , 
 , , , , 
G,WIPRO LTD,       516.25,       495.15,4.26
G,TECH MAHINDRA LIMITED,      1585.30,      1524.40,4
G,GRASIM INDUSTRIES LTD,      2600.35,      2512.40,3.5
G,MAHINDRA & MAHINDRA LTD,      2840.45,      2745.25,3.47
G,TATA MOTORS LIMITED,      1098.35,      1062.35,3.39
G,SHRIRAM FINANCE LIMITED,      2981.50,      2895.10,2.98
G,TATA CONSULTANCY SERV LT,      4416.05,      4295.25,2.81
G,ULTRATECH CEMENT LIMITED,     11295.70,     11002.60,2.66
G,APOLLO HOSPITALS ENTER. L,      6686.90,      6515.85,2.63
G,HCL TECHNOLOGIES LTD,      1668.25,      1626.15,2.59
G,LTIMINDTREE LIMITED,      5563.75,      5427.55,2.51
G,BHARAT PETROLEUM CORP  LT,       332.50,       325.05,2.29
G,TATA STEEL LIMITED,       149.52,       146.17,2.29
G,ADANI ENTERPRISES LIMITED,      3108.80,      3040.10,2.26
G,ICICI BANK LTD.,      1187.25,      1161.65,2.2
G,ADANI PORT & SEZ LTD,      1493.45,      1461.95,2.15
G,ITC LTD,       502.65,       492.20,2.12
G,NESTLE INDIA LIMITED,      2525.45,      2474.60,2.05
G,BAJAJ FINANCE LIMITED,      6590.90,      6458.50,2.05
G,HINDALCO  INDUSTRIES  LTD,       634.15,       621.45,2.04
G,JSW STEEL LIMITED,       908.45,       890.30,2.04
G,INFOSYS LIMITED,      1858.95,      1823.25,1.96
G,INDUSIND BANK LIMITED,      1364.15,      1338.10,1.95
G,EICHER MOTORS LTD,      4818.00,      4733.25,1.79
G,TATA CONSUMER PRODUCT LTD,      1187.75,      1167.55,1.73
G,KOTAK MAHINDRA BANK LTD,      1777.30,      1747.90,1.68
G,POWER GRID CORP. LTD.,       338.60,       333.50,1.53
G,HDFC BANK LTD,      1632.10,      1607.80,1.51
G,COAL INDIA LTD,       512.30,       504.70,1.51
G,BAJAJ AUTO LIMITED,      9888.15,      9749.60,1.42
 , , , , 
L,DIVI S LABORATORIES LTD,      4633.90,      4662.00,-0.6
L,SBI LIFE INSURANCE CO LTD,      1688.90,      1692.10,-0.19
L,DR. REDDY S LABORATORIES,      6793.60,      6801.05,-0.11
 , , , , 
 ,Nifty Next 50 Sec., , , 
 , , , , 
G,DLF LIMITED,       866.90,       821.65,5.51
G,POWER FIN CORP LTD.,       504.25,       484.65,4.04
G,ADANI POWER LTD,       697.40,       674.05,3.46
G,BHARAT ELECTRONICS LTD,       303.30,       293.70,3.27
G,BOSCH LIMITED,     31940.60,     30993.15,3.06
G,ICICI LOMBARD GIC LIMITED,      2036.70,      1977.95,2.97
G,LIFE INSURA CORP OF INDIA,      1057.30,      1027.30,2.92
G,REC LIMITED,       579.65,       563.70,2.83
G,AMBUJA CEMENTS LTD,       640.50,       623.20,2.78
G,GAIL (INDIA) LTD,       232.55,       226.66,2.6
G,INFO EDGE (I) LTD,      7417.85,      7236.75,2.5
G,JIO FIN SERVICES LTD,       328.15,       320.20,2.48
G,GODREJ CONSUMER PRODUCTS,      1405.05,      1371.10,2.48
G,HINDUSTAN AERONAUTICS LTD,      4769.80,      4661.70,2.32
G,DABUR INDIA LTD,       617.60,       604.40,2.18
G,SIEMENS LTD,      7188.70,      7040.05,2.11
G,VEDANTA LIMITED,       429.05,       420.20,2.11
G,INDIAN OIL CORP LTD,       167.17,       163.74,2.09
G,BAJAJ HOLDINGS & INVS LTD,      9585.50,      9390.60,2.08
G,TATA POWER CO LTD,       413.65,       405.45,2.02
G,ABB INDIA LIMITED,      7911.20,      7756.95,1.99
G,COLGATE PALMOLIVE LTD.,      3534.65,      3468.50,1.91
G,CHOLAMANDALAM IN & FIN CO,      1369.15,      1344.00,1.87
G,CANARA BANK,       107.62,       105.65,1.86
G,BANK OF BARODA,       243.45,       239.45,1.67
G,MARICO LIMITED,       661.05,       650.25,1.66
G,HAVELLS INDIA LIMITED,      1876.45,      1845.95,1.65
G,ZOMATO LIMITED,       264.43,       260.14,1.65
G,INDIAN RAIL TOUR CORP LTD,       924.75,       909.85,1.64
G,INTERGLOBE AVIATION LTD,      4277.70,      4209.90,1.61
 , , , , 
L,VARUN BEVERAGES LIMITED,      1421.85,      1462.10,-2.75
L,ADANI ENERGY SOLUTION LTD,      1085.30,      1113.70,-2.55
L,PUNJAB NATIONAL BANK,       113.04,       113.57,-0.47
L,SRF LTD,      2481.20,      2491.75,-0.42
L,TVS MOTOR COMPANY  LTD,      2600.25,      2605.50,-0.2
L,INDIAN RAILWAY FIN CORP L,       178.77,       179.06,-0.16
L,TORRENT PHARMACEUTICALS L,      3348.20,      3348.75,-0.02
 , , , , 
 ,OTHER SECURITIES, , , 
 , , , , 
G,OLA ELECTRIC MOBILITY LTD,       133.08,       110.90,20
G,VINNY OVERSEAS LIMITED,         4.92,         4.10,20
G,AGI INFRA LIMITED,      1019.55,       849.65,20
G,SIGNPOST INDIA LIMITED,       265.42,       221.19,20
G,BOND8.63% PA TF TR II S2A,      1366.99,      1140.00,19.91
G,UFLEX LIMITED,       676.70,       566.15,19.53
G,7.40% TAX FREETRI SRIII,      1394.90,      1171.04,19.12
G,JINDAL POLY FILMS LIMITED,       889.50,       749.30,18.71
G,MANGAL CREDIT N FINCORP L,       145.28,       122.60,18.5
G,PASUPATI ACRYLON LIMITED,        49.70,        42.20,17.77
G,KAUSHALYA LOGISTICS LTD,       120.60,       104.50,15.41
G,SUPRAJIT ENGINEERING LTD,       620.50,       539.15,15.09
G,GRAVITA INDIA LIMITED,      2216.55,      1944.95,13.96
G,ROX HI TECH LIMITED,       134.10,       118.20,13.45
G,KITEX GARMENTS LTD,       323.82,       286.20,13.14
G,CREST VENTURES LIMITED,       456.65,       404.20,12.98
G,ANANT RAJ LIMITED,       586.15,       519.25,12.88
G,PG ELECTROPLAST LTD,       490.10,       436.15,12.37
G,MACOBS TECHNOLOGIES LTD,       134.95,       120.25,12.22
G,ESTER INDUSTRIES LTD,       148.87,       133.49,11.52
G,AKME FINTRADE (INDIA) LTD,       112.84,       101.42,11.26
G,KRITI NUTRIENTS LIMITED,       158.78,       142.77,11.21
G,SEC RE NCD 10.15% SR VII,      1000.00,       899.80,11.14
G,SHAILY ENG PLASTICS LTD,      1005.55,       906.20,10.96
G,MANGLAM INFRA & ENG LTD,        89.60,        80.75,10.96
G,GANESHA ECOSPHERE LIMITED,      1773.85,      1603.05,10.65
G,SEC RE NCD 9.80% SR.VII,       930.00,       841.00,10.58
G,ISGEC HEAVY ENG LTD,      1497.55,      1360.45,10.08
G,ISHAN INTERNATIONAL LTD,         2.75,         2.50,10
G,AKUMS DRUGS AND PHARMA L,      1066.65,       969.70,10
 , , , , 
L,NIRMAN AGRI GENTICS LTD,       104.75,       140.15,-25.26
L,KALAHRIDHAAN TRENDZ LTD,        40.10,        50.10,-19.96
L,HINDUSTAN ZINC LIMITED,       519.90,       571.75,-9.07
L,SIGNET INDUSTRIES LIMITED,        71.49,        78.24,-8.63
L,IND SWIFT LABORATORIES LT,       136.98,       148.56,-7.79
L,SHARP CHUCKS N MACHINES L,       118.40,       128.00,-7.5
L,AVRO INDIA LIMITED,       117.55,       126.97,-7.42
L,KDDL LIMITED,      3257.25,      3513.70,-7.3
L,FELIX INDUSTRIES LTD.,       274.65,       294.90,-6.87
L,SECUREKLOUD TECH LIMITED,        34.50,        36.88,-6.45
L,LOKESH MACHINES LTD,       364.05,       387.45,-6.04
L,TARSONS PRODUCTS LIMITED,       423.15,       449.85,-5.94
L,ARMAN FIN SERV LTD,      1692.75,      1798.40,-5.87
L,USHANTI COLOUR CHEM LTD,        56.55,        60.00,-5.75
L,BOMBAY METRICS S C LTD,       128.00,       135.70,-5.67
L,PRUDENT CORP ADV SER LTD,      2549.65,      2700.15,-5.57
L,BHANDARI HOSIERY EXP LTD,         6.73,         7.12,-5.48
L,IRM ENERGY LIMITED,       408.50,       432.10,-5.46
L,GACM TECHNOLOGIES LIMITED,         1.32,         1.39,-5.04
L,A AND M JUMBO BAGS LTD,        19.85,        20.90,-5.02
L,SINDHU TRADE LINKS LTD,        21.18,        22.30,-5.02
L,SADBHAV INFRA PROJ LTD.,         7.58,         7.98,-5.01
L,MAX INDIA LIMITED,       300.15,       315.95,-5
L,GOI LOAN 10.18% 2026,       117.80,       124.00,-5
L,INFOLLION RESEARCH SER L,       268.95,       283.10,-5
L,CADSYS (INDIA) LIMITED,       160.65,       169.10,-5
L,SUPREME POWER EQUIPMENT L,       269.15,       283.30,-4.99
L,TEERTH GOPICON LIMITED,       475.55,       500.55,-4.99
L,KKV AGRO POWERS LTD.,       781.90,       823.00,-4.99
L,PRATHAM EPC PROJECTS LTD,       277.25,       291.80,-4.99
