SYMBOL,SYMBOL P/E,ADJUSTED P/E
THERMAX,73.9,86.09
RIIL,164.46,164.46
RAYMOND,18.97,18.25
SHREDIGCEM,17.23,17.23
SESHAPAPER,9.36,9.36
SUNDRMFAST,53.11,53.11
CRISIL,49.94,49.94
PEL,,115.8
MASTEK,26.74,26.53
TRENT,147.72,222.23
CUMMINSIND,65.24,65.19
JBCHEPHARM,52.04,52.04
INDIAGLYCO,24.78,24.78
IONEXCHANG,46.7,46.7
HIMATSEIDE,13.09,13.09
GFLLIMITED,168.66,168.66
BPCL,7.8,7.56
ATUL,70.29,70.29
ACC,19.3,21.86
MRPL,13.56,13.52
HINDPETRO,9.47,9.47
BAJAJHLDNG,73.18,73.18
ZUARIIND,1.4,
VOLTAS,86.85,86.85
TATASTEEL,,50.57
SPIC,18.5,12.91
SBIN,10.37,9.64
BOSCHLTD,35.89,48.18
CHAMBLFERT,15.27,15.27
DICIND,,47.88
CENTURYTEX,90.4,90.4
TATACHEM,,32.21
EPL,35.7,33.84
VLSFINANCE,3.84,3.84
BIRLACABLE,72.21,72.21
AEGISLOG,37.76,37.76
JTEKTINDIA,42.03,42.03
TATAELXSI,54,54
HCC,17.77,
ARE&M,29.54,29.54
ADANIENT,80.34,76.01
GET&D,150.6,150.6
KPIL,41.04,41.04
IGARASHI,119.63,119.63
SOTL,22.15,22.15
KARURVYSYA,10.07,10.07
UFLEX,,10
THOMASCOOK,33.35,33.35
SIEMENS,101.99,101.99
VSTIND,23.43,23.43
TOKYOPLAST,78.58,78.58
IFCI,65.35,65.93
M&M,31.18,31.18
KABRAEXTRU,47.58,47.58
MODTHREAD,11.75,11.75
MANGLMCEM,40.93,40.93
PCBL,29.22,29.22
HONDAPOWER,39.78,41.49
RUBYMILLS,16.97,16.97
CANFINHOME,13.98,13.98
DCMSHRIRAM,34.51,34.51
COSMOFIRST,28.96,28.96
HEROMOTOCO,24.42,24.42
GMBREW,11.1,11.1
ITC,29.71,29.7
HINDCOMPOS,24.54,24.54
OSWALGREEN,573.98,573.98
HUHTAMAKI,7.54,32.76
RICOAUTO,40.29,39.25
MANINDS,25.07,25.07
SIYSIL,11.72,11.72
PRECWIRE,33.67,33.67
NCC,25.11,24.46
SEAMECLTD,26.02,27.58
BBTC,8,7.72
GICHSGFIN,7.74,7.74
BANARBEADS,23.25,23.25
WSTCSTPAPR,6.03,6.03
PRUDMOULI,10.87,10.07
PRAJIND,41.7,44.91
EVERESTIND,101.75,121.02
TFCILTD,17.7,17.7
GTL,.99,4.75
AGI,21.92,21.92
TATACONSUM,91.94,78.46
ZEEL,40.1,30.61
INDHOTEL,71.04,71.04
LYKALABS,773.34,390.62
GILLETTE,65.23,65.23
ESABINDIA,57.29,57.29
ANDHRAPAP,8.35,8.35
AARTIIND,44.92,44.92
MFSL,80.24,80.24
GREAVESCOT,,96.96
TATAINVEST,101.54,101.54
SUDARSCHEM,55.89,55.89
INGERRAND,54.61,54.61
HINDZINC,29.68,29.68
GRASIM,17.42,16.76
DCW,177.08,164.49
HEUBACHIND,34.23,34.23
BAJFINANCE,26.8,26.8
NAVA,9.79,10.62
AUTOAXLES,17.5,17.5
DALMIASUG,11.69,11.69
KHAITANLTD,15.64,15.64
ANDHRSUGAR,33.89,32.09
JAYAGROGN,15.87,15.87
SILINV,18.89,18.89
BIOFILCHEM,160.07,160.07
ZENITHEXPO,2651.18,2651.18
CREST,11.01,11.01
TVSSRICHAK,35.46,33.43
PUNJABCHEM,32.18,32.18
GUJAPOLLO,24.56,24.56
JCHAC,3518.22,178.51
GUJRAFFIA,40.29,40.29
KOTHARIPET,15.03,14.97
GAIL,15.65,15.65
BANKINDIA,7.9,7.9
ICICIBANK,17.53,17.53
GABRIEL,37.84,37.84
RALLIS,48.92,49.18
PRAKASH,9.16,9.16
KOPRAN,21.99,21.99
GODFRYPHLP,33.21,31.35
SURYAROSNI,19.74,19.74
SAKHTISUG,4.63,
AKZOINDIA,33.73,33.73
HINDUNILVR,61.84,61.81
AMBUJACEM,35.12,36.93
EIDPARRY,8.55,8.55
CGPOWER,117.96,120.63
CESC,15.53,18.86
ASHAPURMIN,16.87,30.28
NATCOPHARM,15.97,15.97
GARFIBRES,34.13,34.13
SKFINDIA,45.32,45.32
CUBEXTUB,40.33,40.33
MOTHERSON,39.75,38.7
AARTIDRUGS,29.23,29.23
DENORA,37.05,37.05
SHRIRAMFIN,14.21,14.21
GANESHHOUC,17.19,17.19
MPHASIS,32.89,32.89
INDRAMEDCO,21.35,21.35
SKMEGGPROD,10.16,10.16
HUDCO,25.87,25.87
CHENNPETRO,5.75,5.75
USHAMART,24.72,24.72
TRIDENT,56.44,56.46
GODREJCP,,71.47
TCI,28,27.79
PONNIERODE,10.53,10.53
UNIONBANK,6.33,6.33
NSIL,32.11,32.11
MUKANDLTD,22.85,22.85
POONAWALLA,15.8,22.58
DATAMATICS,17.74,17.5
AMBICAAGAR,12.57,12.57
ULTRACEMCO,45.46,45.28
INDSWFTLTD,3.2,3.2
KOTARISUG,40.2,40.2
PATELENG,14.61,19.1
JINDALPHOT,55.01,55.01
IIFL,9.25,9.25
CYBERMEDIA,15.6,20.25
GRANULES,32.97,32.97
GENUSPOWER,92.06,92.06
RML,78.2,15.31
GEECEE,17.84,17.84
PFIZER,43.39,43.87
DRREDDY,20.45,20.45
DEEPAKFERT,22.3,22.3
MAHSEAMLES,8.74,8.71
COROMANDEL,33.26,33.26
VINDHYATEL,28.09,28.09
ASIANPAINT,57.69,57.69
PGHL,39.49,39.49
BEML,52.85,52.85
CENTENKA,28.4,28.4
VTL,20.46,20.46
FEDERALBNK,12.19,12.19
VIPIND,10397.75,10397.75
SRF,60.12,60.12
WEIZMANIND,23.08,23.08
BBOX,56.37,43.98
RANEHOLDIN,23.3,12.02
APOLLOHOSP,88.93,89.03
INDBANK,22.59,22.59
NEULANDLAB,44.16,46.33
BLUEDART,63.46,63.46
HSCL,51.33,51.33
ARENTERP,17.18,17.18
TATAPOWER,40.34,40.66
SIMPLEXINF,12,12
JUBLPHARMA,23.63,53.83
TATACOMM,57.66,68.74
HLVLTD,53.31,53.31
LIBERTSHOE,68.51,53.54
HEIDELBERG,31.88,31.88
POLYPLEX,19.18,19.18
SAIL,21.08,14.21
STYRENIX,21.71,21.71
BRITANNIA,62.23,61.66
DABUR,57.92,57.92
JINDRILL,15.93,15.93
PARACABLES,24.74,24.74
TIDEWATER,31.4,31.4
AUTOIND,26.68,27.34
PGIL,23.29,23.84
SMSPHARMA,41.57,41.57
LAOPALA,27.53,27.53
BANSWRAS,19.89,19.89
BFUTILITIE,15.57,15.57
HILTON,31.07,31.07
NAGREEKEXP,19.02,19.02
CIEINDIA,24.54,24.54
KSCL,17.05,17.05
POWERGRID,19.77,19.77
DELTACORP,17.2,21.52
CERA,56.97,56.67
BVCL,19.56,19.56
NHPC,23.32,23.32
OIL,15.07,15.14
AMRUTANJAN,49.84,49.84
DEN,11.33,11.33
SHILPAMED,128.22,138.01
DLINKINDIA,19.34,19.34
DBCORP,13.01,13.01
BEARDSELL,18.68,18.68
NESTLEIND,73.54,73.75
UNITEDTEA,13.77,13.77
VASCONEQ,31.96,31.96
DBREALTY,7.76,8.25
MANINFRA,24.91,24.91
TARAPUR,1.95,1.95
MANAPPURAM,7.56,7.56
BAJAJCON,25.72,25.72
ADFFOODS,33.43,33.43
SASTASUNDR,8.54,8.61
WABAG,31.59,31.42
PRESTIGE,44.37,44.37
GRAVITA,52.1,52.1
KIRLOSENG,38.71,38.33
KICL,34.48,45.71
HINDMOTORS,18.79,18.79
PFS,20.51,20.51
RELAXO,103.66,103.66
KARMAENG,120.89,158.8
LTF,16.18,16.18
AGRITECH,13.28,13.28
GOCLCORP,29.52,27.08
CIGNITITEC,28.09,27.51
GREENLAM,59.04,59.04
HESTERBIO,119.57,119.57
ZENTEC,86.75,87.78
VIPULLTD,1.7,1.69
NILAINFRA,32.48,32.48
SATIN,5.12,5.12
GUJGASLTD,32.48,33.66
BALAXI,13.18,15.91
PILANIINVS,34.32,34.32
PRECAM,36.06,51.46
BHAGERIA,32.5,32.5
KDDL,32.13,32.2
INFIBEAM,43.18,43.18
SHRIPISTON,18.57,18.57
SAREGAMA,49.67,49.67
ENGINERSIN,39.65,39.65
JAICORPLTD,98.81,98.81
GMDCLTD,19.5,19.5
ASAHIINDIA,50.72,50.72
J&KBANK,6.4,6.4
CUB,11.32,11.32
ASTRAZEN,171.33,89.94
CYIENT,28.25,26.64
KOKUYOCMLN,40.77,40.77
SANGHVIMOV,18.86,18.86
NATIONALUM,13.12,15.22
JINDALSTEL,16.97,16.97
NIPPOBATRY,2.83,2.83
ACCELYA,26.77,26.84
STAR,134.65,39.15
ZYDUSLIFE,28.16,28.16
RAJESHEXPO,229.5,229.5
NRBBEARING,11.68,31.69
AJANTPHARM,44.56,44.56
CALSOFT,48.05,48.05
PNBGILTS,33.07,36.14
REPRO,88.84,88.84
AXISCADES,47.67,47.67
TIPSINDLTD,63.52,63.52
HIKAL,57.45,57.45
ACLGATI,202.71,
JISLJALEQS,69.76,69.76
UNITDSPR,72.1,72.28
MPSLTD,31.7,31.7
PNB,11.54,11.54
TIMESGTY,63.18,63.18
CANBK,5.86,5.86
MARUTI,26.59,26.59
VARDHACRLC,22.59,22.59
WELSPUNLIV,24.36,24.36
UNIENTER,28.39,28.39
PETRONET,14.08,14.19
MAHABANK,9.6,9.6
RKFORGE,49.13,49.07
APARINDS,40.16,40.16
TCS,33.01,32.51
COFORGE,48.99,49.55
GUFICBIO,40.32,40.32
SUPRAJIT,43.33,43.33
JSWSTEEL,28.79,30.72
EVEREADY,70.65,70.65
ALLSEC,18.64,22.5
SSWL,4.98,14.61
SURYALAXMI,55.68,29.85
63MOONS,9.43,9.43
GEOJITFSL,14.37,14.37
NECLIFE,110.39,110.39
IDFC,699.65,699.65
NAHARINDUS,39.7,35.37
ORIENTCER,33.18,36.66
VIMTALABS,26.67,26.67
ROHLTD,20.03,20.03
GSPL,7.92,8.07
JKCEMENT,36.61,37.03
M&MFIN,17.64,17.64
KEI,63.49,63.47
VAKRANGEE,365.16,387.52
RSYSTEMS,39.14,39.14
BALPHARMA,23.29,23.29
KAMDHENU,24.99,24.99
PIONEEREMB,48.42,48.42
MUNJALAU,26.03,15.53
TECHM,58.35,58.42
GRINDWELL,70.17,70.12
ACE,42.61,42.61
BINANIIND,31.03,
ALICON,29.33,29.33
FIEMIND,19.11,19.11
INSPIRISYS,38.23,38.23
GESHIP,6.86,6.86
MANALIPETC,53.75,49.18
LTFOODS,19.06,19.06
VENUSREM,16.2,16.2
NFL,38.62,38.62
HBLPOWER,60.38,56.55
SARLAPOLY,17.95,17.95
GANDHITUBE,18.85,18.85
UNOMINDA,83.25,85.28
TTL,22.48,62.51
PAGEIND,78.66,78.66
ASTRAL,91.67,91.67
THEMISMED,72.9,72.9
NDLVENTURE,250.5,250.5
FORTIS,57.59,58.56
WEBELSOLAR,,308.83
HGS,59.02,59.02
MEGASOFT,102.22,102.22
KPRMILL,36.34,36.34
INDOWIND,47.83,47.83
CENTUM,,3649.75
MANGCHEFER,10.62,10.62
BAJAJELEC,87.25,87.25
RELIGARE,27.94,79.03
EDELWEISS,15.12,15.12
RGL,11.9,11.9
COLPAL,66.72,66.72
ECLERX,22.13,22.08
BRIGADE,56.4,56.4
MANAKSIA,8.05,6.11
BIRLAMONEY,14.79,14.79
JKIL,18.83,18.83
HERCULES,50.78,50.78
SEPC,107.99,107.99
NMDC,10.52,10.16
RECLTD,10.14,10.14
NESCO,17.47,17.47
TITAGARH,63.8,63.44
DIGISPICE,15.46,41.39
GOKUL,251.63,19.75
ALMONDZ,20.95,53.89
ARCHIDPLY,112.64,112.64
VINYLINDIA,29.36,29.36
ZFCVINDIA,72.62,72.62
TATAMTRDVR,1.1,1.09
TPHQ,24.51,24.51
GKWLIMITED,193.26,193.26
EXCEL,57.62,57.62
EXPLEOSOL,20.54,20.54
SUNTECK,85.83,85.83
SARDAEN,21.76,21.68
GODREJPROP,65.76,65.76
MMTC,154.81,116.96
MBLINFRA,3.28,
THANGAMAYL,39.69,39.69
PERSISTENT,62.91,62.91
KIRLOSIND,17.02,15.22
TI,29.76,29.2
IITL,6.92,9.45
DEEPAKNTR,44.96,48.36
RAMKY,16.26,16.26
ASHOKA,9.93,11.24
JWL,64.59,64.59
SHAH,9.36,161.63
CGCL,42.51,42.51
JINDWORLD,85.66,85.66
JAMNAAUTO,24.25,24.25
A2ZINFRA,11.67,
HFCL,50.96,50.96
MUTHOOTFIN,15.79,15.79
OMINFRAL,39.07,39.07
DELPHIFX,16.21,16.21
DHANUKA,32.53,32.53
BODALCHEM,303.36,303.36
FILATEX,19.96,19.96
VASWANI,17.47,17.47
ONELIFECAP,12.85,12.85
TRITURBINE,87.86,87.86
JISLDVREQS,1.09,1.09
RUPA,31.08,30
KANANIIND,106.61,106.61
IRFC,36.29,36.29
RHIM,,42.78
SCHNEIDER,102.25,100.44
NBCC,70.39,54.19
TBZ,18.09,18.09
SWANENERGY,29.77,29.77
RTNINDIA,10.52,10.07
THEJO,55.46,55.46
KITEX,25.48,25.48
DUCON,19.75,19.75
TVSHLTD,13.7,13.69
VETO,16.79,16.79
INDUSTOWER,16.42,16.42
ORIENTCEM,37.91,37.91
SAMMAANCAP,6.07,6.07
ESSENTIA,29.27,29.28
MITCON,21.95,21.95
ORBTEXP,16.51,16.51
NATHBIOGEN,9.83,10.55
AGARIND,15.14,15.14
SNOWMAN,112.68,112.68
PDSL,34.26,34.94
GOODLUCK,21,21
APOLSINHOT,42.9,42.9
GENUSPAPER,88.02,88.02
VISHNU,25.71,25.71
LINC,24.79,24.79
MANAKCOAT,30.63,30.63
IMAGICAA,277.98,65.36
VRLLOG,66.92,67.33
PRIVISCL,47.21,47.21
ARROWGREEN,31.65,31.65
BALKRISHNA,,16.2
ADANIENSOL,,83.24
MUTHOOTCAP,4.2,
POWERMECH,34.04,33.98
SHREEPUSHK,18.47,18.47
INDIGO,20.82,20.82
LUXIND,46.43,46.43
LINCOLN,13.38,13.38
OCCL,8.3,8.3
QUICKHEAL,75.44,75.44
KELLTONTEC,20.88,20.89
WEALTH,28.61,28.61
SAGARDEEP,55.8,55.8
PARAGMILK,23.92,23.92
UNITEDPOLY,29.89,29.89
ASPINWALL,16.94,16.94
CONTROLPR,24.68,24.7
INCREDIBLE,36.08,36.08
MOLDTECH,22.46,22.46
QUESS,29.51,28.68
LLOYDSENGG,98.19,98.19
LTIM,35.19,35.19
GATECH,88.07,88.07
MINDTECK,36.35,34.44
SPAL,24.35,24.35
MBAPL,65.75,65.75
LTTS,39.78,39.78
ICICIPRULI,260.42,260.42
JAIPURKURT,20.5,20.5
MASKINVEST,882.11,882.11
GRETEX,7.13,7.08
SAKAR,60.49,60.49
AURDIS,12.13,12.13
PANSARI,40.08,40.08
DRL,16.4,16.4
ARTNIRMAN,124.04,124.04
VBL,76.97,76.97
JETFREIGHT,14.86,16.42
TCIEXP,33.28,33.28
LIBAS,4.85,4.85
PROLIFE,9.99,9.99
CAPTRUST,89.08,89.08
MAHESHWARI,15.11,15.11
MCL,30.26,30.26
PRICOLLTD,39.48,39.48
STEELCITY,10.61,10.61
KRISHANA,35.46,35.46
GLOBAL,11.57,11.57
SANGINITA,58.04,58.04
TASTYBITE,153.83,153.83
EIFFL,189.29,189.29
CREATIVE,18.86,18.86
FOCUS,14.03,14.03
SIKKO,34.3,34.3
DOLLAR,29.37,29.18
PSPPROJECT,22.25,22.25
JALAN,,28.52
VSCL,1309.45,1309.45
GTPL,19.21,19.21
TRANSWIND,24.33,24.33
ACEINTEG,50.87,50.87
SALASAR,53.54,53.54
TOTAL,844.39,844.39
WEWIN,29.61,29.61
SIS,43.53,43.53
VAISHALI,210.47,210.47
GEEKAYWIRE,12.75,12.75
SERVOTECH,232.55,232.55
MANAV,13.39,13.39
CHOLAHLDNG,7.01,7.01
WORTH,12.84,12.84
CADSYS,9.15,9.33
DPWIRES,20,20
AARVI,19,19
AIROLAM,26.19,26.19
GOLDSTAR,59.54,59.54
JASH,40.59,40.59
BETA,35.53,35.53
MILTON,21.46,21.46
MASFIN,18.73,18.73
DPABHUSHAN,41.26,41.26
NAM-INDIA,33.56,33.56
NIACL,35.36,35.36
HDFCLIFE,90.36,90.36
VERTOZ,138.78,138.78
PULZ,14.85,14.85
ZODIAC,93.24,93.24
FELIX,77.52,77.52
SHRADHA,12.25,12.25
ONEPOINT,34.69,34.69
MOKSH,14.17,14.17
SILLYMONKS,82.43,82.43
SINTERCOM,307.58,307.58
SOUTHWEST,31.35,32.93
ARVEE,161.19,161.19
GMMPFAUDLR,37.21,37.21
HINDCON,48.18,48.18
SARVESHWAR,50.3,50.3
MACPOWER,55.63,55.63
BDL,83.56,83.56
MDL,59.24,55.37
BANDHANBNK,11.9,11.9
URAVI,294.92,294.92
MITTAL,20.98,39.13
ISEC,13.36,13.36
MIDHANI,97.91,97.91
CONTI,427.25,426.47
AVG,18.6,29.17
MMP,33.12,33.12
CHEMFAB,69.71,69.71
BSHSL,87.74,87.74
MAHICKRA,80.9,80.9
AAKASH,20.16,20.16
GODHA,57.67,57.67
SOFTTECH,130.47,130.47
E2E,113.59,113.59
SIRCA,36.72,36.72
SVLL,77.19,77.19
SONAMLTD,32.77,32.77
ADANIGREEN,249.73,206.85
PRITI,20.75,20.75
ACCURACY,24.39,24.39
RITES,34.13,34.13
GANGAFORGE,151.14,154.02
REPL,21.83,21.83
AVROIND,34.79,34.79
TEMBO,15.73,16.01
CREDITACC,12.56,12.56
AARON,43.66,43.66
SUMIT,41.32,41.32
LAGNAM,15.88,15.88
RPPL,29.06,29.06
AKG,57.15,57.15
IRCON,27.18,27.18
AHLADA,9.88,9.88
KSHITIJPOL,20.63,53.2
KRITIKA,45.31,45.31
PARIN,139.4,139.4
VINNY,52.57,52.57
MARINE,123.28,123.83
IRISDOREME,44.41,44.41
UWCSL,47.62,47.62
TECHNOE,61.54,61.54
SHRIRAMPPS,4.56,4.56
TREJHARA,19.62,160.06
SURANI,553.59,553.59
MSTCLTD,26.58,26.58
ARVINDFASN,51.31,49.49
PAR,19.56,19.56
POLYCAB,53.54,53.54
KPITTECH,73.2,73.2
VIKASLIFE,,96.66
CONFIPET,30.91,30.91
PPL,13.61,13.61
INDIAMART,39.5,39.5
ABINFRA,85.67,86.9
WEL,178.6,178.6
AFFLE,66.85,66.85
SPANDANA,9.6,9.6
HNDFDS,66.74,66.74
UJJIVANSFB,6.44,6.44
IRCTC,61.34,61.19
360ONE,43.18,40.25
IIFLSEC,10.28,10.28
FLUOROCHEM,107.52,107.52
GREENPANEL,35.28,35.28
CHEMBOND,18.67,18.67
MGEL,18.83,18.83
SBICARD,27.23,27.23
HOMEFIRST,27.25,27.25
CSBBANK,10.05,10.05
EASEMYTRIP,62.1,38.66
ROSSARI,36.96,36.96
PRINCEPIPE,34.3,37.17
ESAFSFB,5.28,5.28
ARTEMISMED,58.63,58.63
SUMICHEM,61.58,61.58
LGHL,62.23,66.16
ASALCBR,25.57,25.57
UNIVPHOTO,13.7,13.7
BAFNAPH,756.95,334.59
SUVENPHAR,104.82,104.82
STOVEKRAFT,69.62,69.62
RAJRATAN,39.16,39.16
HAPPSTMNDS,47.46,49.5
GLAND,44.68,44.68
BOROLTD,63.49,63.49
MAXHEALTH,80.24,80.24
AAATECH,43.65,43.65
KALYANKJIL,92.97,92.97
BTML,123.61,123.54
SHAREINDIA,13.12,13.1
SIGACHI,32.4,32.4
ADL,195.75,195.75
NIRAJ,16.81,11.29
CAMS,53.68,53.68
SURYODAY,8.29,8.29
UTIAMC,15.75,15.75
RAILTEL,58.12,57.37
BECTORFOOD,60.14,60.14
ORCHPHARMA,62.91,62.91
INDIGOPNTS,47.53,47.53
LXCHEM,62.87,62.87
MTARTECH,133.01,133.01
FAIRCHEMOR,35.58,35.58
ANURAS,67.88,67.88
ISGEC,37.12,37.12
STYLAMIND,24.45,24.3
CLSEL,11.81,11.81
CARYSIL,36.14,36.14
SHAILY,66.94,66.94
MODISONLTD,28.92,28.53
FIBERWEB,15.77,15.77
BCLIND,18.55,18.55
BHAGCHEM,193.49,193.49
SBCL,41.68,41.68
SMCGLOBAL,7.11,7.11
QMSMEDI,21.78,21.78
NPST,552.9,552.9
ARIHANTCAP,9.98,9.98
SIDDHIKA,15.04,15.04
NAZARA,75.95,75.29
IPL,37.44,37.44
GENCON,22.05,22.05
LODHA,68.6,65.21
HLEGLAS,72.57,67.26
SONACOMS,69.88,69.32
UTKARSHBNK,10.03,10.03
PARAS,117.13,117.13
CRAFTSMAN,40.51,40.51
DODLA,36.77,36.77
JUBLINGREA,59.96,59.96
ROLEXRINGS,35.11,31.86
WALPAR,47.52,47.52
SHYAMMETL,18.56,18.56
KIMS,52.14,52.13
TATVA,85.47,85.47
CLEAN,67.32,67.32
AILIMITED,78.21,78.21
GLS,26.83,26.83
ABSLAMC,24.57,24.57
DEEPINDS,15.18,15.24
ZOMATO,381.59,381.59
PIXTRANS,22.01,22.01
WINDLAS,29.19,29.19
CARTRADE,48.33,48.33
KRSNAA,35.49,35.49
EQUIPPP,2580.33,2580.33
DEVYANI,1430.32,253.06
APTUS,23.38,23.38
SUPRIYA,29.84,29.84
ANMOL,11.08,11.08
BMETRICS,24.98,24.98
VIJAYA,67.77,66.96
AMIORG,121.28,53.37
IWEL,954.23,469.46
VINEETLAB,369.83,369.83
SANSERA,39.74,39.74
BAJAJHCARE,,37.25
PRITIKAUTO,25.56,25.56
AAREYDRUGS,31.13,31.13
GRINFRA,13.04,16.23
INTLCONV,6.23,6.23
DUGLOBAL,645.58,645.58
HPAL,40.42,40.73
UGROCAP,17.72,17.72
KPIGREEN,62.12,61.68
YUKEN,73.53,73.53
ANANDRATHI,60.72,60.72
FINOPB,31.72,31.72
NYKAA,1049.7,1049.7
AWL,84.48,78.3
SAPPHIRE,277.73,277.73
DKEGL,10.92,10.92
PRUDENT,72.18,72.18
NUVOCO,87.74,87.74
TRACXN,136.66,136.66
FUSION,8.36,8.36
COASTCORP,84.41,84.41
MEDPLUS,124.28,124.28
RATEGAIN,51.04,51.04
MANORG,68.31,68.31
METROBRAND,85.93,85.93
PASUPTAC,16.19,16.19
FOODSIN,26.05,26.05
MAPMYINDIA,81.46,81.46
ABMINTLLTD,104.91,104.91
TMB,6.45,6.45
KRITI,40.69,40.69
DYNAMIC,76.18,76.18
GANESHBE,18.08,18.08
GVPTECH,72.42,72.42
KOTYARK,42.07,42.07
MEDICAMEQ,77.31,77.31
SHIVALIK,53.98,53.98
PRECISION,17.31,17.31
DATAPATTNS,86.76,86.76
COOLCAPS,99.7,99.65
MEDANTA,59.34,59.34
MALLCOM,22.67,22.67
NIDAN,,22.49
SMLT,22.69,22.69
RADIANTCMS,20.67,20.67
CHOICEIN,54.93,54.93
HARIOMPIPE,35.7,35.7
DCMSRIND,14.33,14.33
RAJRILTD,4598.61,4598.61
EMUDHRA,82.31,82.31
FIVESTAR,22.41,22.41
VIRINCHI,31.4,31.4
SBC,73.29,73.29
ELIN,64.43,64.43
SHIGAN,41.19,41.19
MADHAVBAUG,63.76,63.76
MHLXMIRU,14.72,14.72
GATEWAY,20.26,20.26
ZIMLAB,29.82,29.82
JTLIND,33.66,33.66
RAINBOW,57.3,57.3
AETHER,144.84,75.83
ROTO,46.95,46.95
SPRL,29.75,29.75
INDOBORAX,14.23,14.23
LANDMARK,43.52,42.96
ETHOSLTD,123.43,123.43
SONUINFRA,15.81,15.81
MSUMI,45.95,45.95
LEMERITE,268.28,268.28
HARSHA,37.95,37.95
GMRP&UI,4.43,
KCK,151.99,151.99
INDOAMIN,23.06,23.06
KRISHNADEF,90.76,90.76
TVSSCS,9087.11,229.57
SWARAJ,32.16,32.16
AMEYA,28,28
ACI,32.69,32.69
BIKAJI,74.67,74.67
SADHNANIQ,368.24,368.24
SKP,61.57,61.57
RILINFRA,28.16,28.16
CHEVIOT,10.46,10.46
HMAAGRO,44.47,44.47
KFINTECH,62.4,62.4
DCXINDIA,53.29,53.29
ARISTO,17.74,17.74
KAYNES,148.52,148.52
SWASTIK,144.8,144.8
FIDEL,25.42,25.42
AXITA,34.99,34.99
PLAZACABLE,110.11,110.11
SENCO,41.72,41.72
USASEEDS,25.14,25.14
TRU,48.06,48.06
RADHIKAJWE,16.86,16.86
SPLPETRO,39.05,39.05
RAMRAT,31.54,31.54
VIVIANA,75.25,75.25
CSLFINANCE,13.56,13.56
KORE,183.53,179.53
GOYALALUM,61.03,61.03
RUSTOMJEE,142.42,142.42
GENSOL,61.44,61.34
DBOL,24.9,24.9
GSLSU,45.77,45.77
SPORTKING,19.19,19.19
ALLETEC,262.6,262.6
MANORAMA,108.32,108.32
ISHAN,,207.28
GRMOVER,22.56,22.56
SYNCOMF,51.59,51.56
CLOUD,3.6,3.6
DJML,59.04,59.04
SULA,42.1,42.1
SIGNATURE,384.21,384.21
ANNAPURNA,53.91,53.91
KRITINUT,15.23,15.23
MEGAFLEX,46.47,46.47
KALAMANDIR,27.87,27.87
AVALON,164.79,164.79
CONCORDBIO,52.29,52.29
BAIDFIN,17.19,17.19
PHANTOMFX,20.71,20.71
AMIABLE,10.75,10.75
KAMOPAINTS,83.45,83.45
DOLLEX,9.26,9.26
BLUEJET,50.78,48.64
MVGJL,13.32,13.32
JIWANRAM,19.76,19.76
SCPL,21.5,21.5
SUKHJITS,14.27,14.27
FROG,34.84,34.84
MANKIND,44.93,44.93
SKYGOLD,64.83,64.83
SATINDLTD,5.39,5.39
DIVGIITTS,56.34,56.34
PRITIKA,67.62,67.62
USK,14,14
CMNL,14.58,14.37
IKIO,37.96,37.96
MANOMAY,34.31,34.31
FAZE3Q,29.51,29.51
LLOYDSME,27.47,27.47
AARTIPHARM,23.33,23.33
RHL,54.35,54.35
SAHYADRI,15.83,15.83
SAHANA,89.39,89.39
NINSYS,48.38,48.38
DUCOL,40.02,40.02
SBFC,33.78,33.78
SBGLP,91.17,91.17
ASMS,345.2,225.1
HYBRIDFIN,12.24,12.01
VIAZ,28.47,28.47
ZAGGLE,73.59,73.59
AGARWALFT,386.93,386.93
HONASA,120.9,120.9
RISHABH,40.8,40.8
IRMENERGY,21.52,21.52
SAH,319.07,319.07
DENEERS,17.99,17.99
CYIENTDLM,91.53,91.53
AGUL,17.71,17.71
AKI,130.42,130.42
MASTER,55.32,55.32
YCCL,35.58,35.58
RATNAVEER,24.29,24.29
MOS,39.53,39.53
SECMARK,207.37,207.37
AUROIMPEX,14.19,14.19
SPECTSTM,21.58,21.58
ATAM,33.32,33.32
IDEAFORGE,105.6,105.6
SHRITECH,12.6,12.6
INFOLLION,32.02,32.02
INFINIUM,50.98,50.98
AARTECH,117.42,117.42
ESFL,31.67,31.67
DOLPHIN,212.45,222.12
REMUS,46.5,46.5
ASHOKAMET,8.45,8.45
PENTAGON,19.82,19.82
CELLPOINT,35.64,35.64
PROV,79.35,79.35
NETWEB,144.29,144.29
AEROFLEX,46.17,46.04
EMSLIMITED,29.19,29.19
EFACTOR,16.74,16.74
VPRPL,24.62,24.62
UDS,25.81,25.81
DENTALKART,57.24,57.24
SYNOPTICS,14.17,14.17
SSFL,80.16,80.16
ATL,27.74,27.74
JSWINFRA,57.4,57.4
SANGANI,20.66,20.66
JLHL,52.37,52.7
DRONE,94.24,94.24
GLOBALPET,45.15,45.15
YASHO,51.94,51.94
KEL,47.91,47.91
NIITMTS,28.5,27.81
VINSYS,23.21,23.21
ACSAL,15.52,15.52
SAROJA,21.74,21.74
SINDHUTRAD,30.45,30.45
ORIANA,71.87,71.87
CHAVDA,31.77,31.77
TRANSTEEL,12.55,12.38
KODYTECH,563.98,563.98
KARNIKA,34.36,34.36
SAAKSHI,76.06,76.06
MUFIN,112.41,109.15
HIGREEN,45.3,45.3
CELLECOR,40.19,40.19
JIOFIN,175.1,175.1
CPS,74.64,74.64
NEWJAISA,68.16,68.16
WOMANCART,43.67,43.67
SHANTHALA,138.49,138.49
TREL,4.82,39.09
MARCO,35.22,35.22
DIAMINESQ,73.76,73.76
KONTOR,91.79,91.79
INSPIRE,17.36,17.36
CANARYS,49.03,49.03
DIGIKORE,82.39,82.39
AMNPLST,54.99,54.99
VINYAS,198.49,198.49
PARAGON,18.89,18.89
KANSAINER,35.26,35.26
ALBERTDAVD,9.15,9.15
JITFINFRA,21.46,24.71
NITIRAJ,29.27,29.27
AKASH,36.83,36.83
DMART,121.78,121.78
AIRAN,14.64,14.64
ARIHANTSUP,20.81,20.81
CLEDUCATE,26.19,28.13
SHANKARA,17.86,17.86
WIPL,59.52,59.52
DEVIT,23.42,23.42
INFOBEAN,37.07,37.07
STARCEMENT,37.08,37.08
CDSL,55.81,55.81
AUBANK,27.16,26.17
DYNPRO,98.72,98.72
MAGADSUGAR,9.29,9.29
THEINVEST,35.4,35.4
OPTIEMUS,73.18,73.18
COCHINSHIP,67.85,67.85
ABCAPITAL,16.39,16.39
MATRIMONY,27.34,27.34
SBILIFE,83.39,83.39
GODREJAGRO,45.43,45.43
GICRE,9.36,9.36
SECURCRED,5.26,5.26
5PAISA,24.96,24.96
SILVERTUC,54.26,54.26
ICEMAKE,43.36,43.36
TOUCHWOOD,54.02,54.03
AJOONI,52.89,52.89
BCONCEPTS,67.58,67.58
GALAXYSURF,32.04,32.04
RAJMET,35.99,35.99
SILGO,19.02,19.02
BBTCL,32.91,32.91
ATGL,137.3,137.3
UNIPARTS,19,19
AWHCL,21.66,21.66
RPSGVENT,23.75,23.75
ANUP,34.8,34.8
RVNL,85.16,85.16
METROPOLIS,73.79,73.79
NEOGEN,115.13,115.13
EMAMIPAP,8.24,8.24
DGCONTENT,35.46,35.46
OAL,61.9,61.9
SATIA,6.55,6.55
CHEMCON,49.54,49.54
WESTLIFE,283.85,283.85
MAZDOCK,46.07,46.07
SAFARI,68.34,68.34
HPIL,138.84,138.84
VISHWARAJ,62.15,62.15
KUANTUM,8.18,8.18
APOLLOPIPE,53.59,53.59
ROUTE,25.38,26.35
SIGMA,24.13,24.13
EQUITASBNK,14.09,14.09
HINDWAREAP,78.3,78.3
LIKHITHA,22.75,22.75
PATANJALI,67.93,67.93
ATALREAL,27.06,27.06
MAHEPC,,2143.05
POWERINDIA,274.35,274.35
KSOLVES,33.83,33.83
AARTISURF,28.92,28.92
NDRAUTO,36.64,36.64
PAVNAIND,52.51,52.51
UNIDT,40.49,40.49
ANGELONE,15.91,15.91
ROML,121,121
NURECA,454.27,454.27
HERANBA,31.24,31.24
STEELCAS,19.29,19.29
STARHEALTH,38.29,38.29
SGIL,44.57,44.57
SJS,31.7,31.7
POLICYBZR,518.94,693.15
MONARCH,15.8,15.79
EPIGRAL,30.64,30.64
CORALFINAC,9.53,9.53
GREENPLY,39.78,43.73
REMSONSIND,43.37,44.7
MRF,27.95,27.95
TNPETRO,16.71,14.92
STARPAPER,6.31,6.15
EIMCOELECO,33.97,33.97
MARICO,54.66,54.66
KEYFINSERV,6.08,6.08
SANGAMIND,45.12,39.17
SOMATEX,5.07,
STERTOOLS,24.01,24.18
HITECHGEAR,14.77,38.3
WENDT,73.93,73.93
DYNAMATECH,49.88,90.92
MMFL,20.16,20.31
JAGSNPHARM,47.27,42
RUCHINFRA,28.01,88.82
HERITGFOOD,33.65,33.39
BANKBARODA,6.63,6.63
INDNIPPON,25.24,25.24
CONCOR,46.37,46.37
KCPSUGIND,5.9,6.42
TNPL,15.19,15.19
PEARLPOLY,38.2,38.2
SWARAJENG,25.24,25.24
TTKPRESTIG,61.62,61.62
SAMBHAAV,32.38,36.72
SUNDRMBRAK,39.91,39.91
INDIANCARD,2.3,
MIRZAINT,58.08,58.08
ALKYLAMINE,68.96,68.96
RAMCOIND,25.17,25.17
MADRASFERT,21.16,13.02
NLCINDIA,17.74,17.74
KRBL,13.37,13.37
MRO-TEK,25.39,25.39
LUPIN,41.34,41.34
BHARTIARTL,96.04,79.7
SURANAT&P,33.53,33.53
GENESYS,81.23,81.23
GODREJIND,27.7,27.7
UCOBANK,30.02,30.02
JAIBALAJI,17.46,17.46
VAIBHAVGBL,39.39,37.67
EXCELINDUS,42.74,42.74
TEXINFRA,418.77,418.77
WELENT,21.08,21.08
INDOCO,40.76,44.32
GOKEX,49.32,49.32
SHOPERSTOP,204.03,175.61
JKPAPER,8.59,8.59
VHL,326.74,38.65
SPLIL,15.56,15.56
SASKEN,32.85,32.85
SUNPHARMA,39.77,39.19
BALKRISIND,33,33
RAJSREESUG,21.01,21.01
BERGEPAINT,56.59,56.79
JYOTISTRUC,68.24,68.24
MUNJALSHOW,21.45,20.13
RANASUG,24.58,24.58
WSI,21.19,20.34
SUBROS,37.69,37.69
WIPRO,22.94,22.94
MURUDCERA,55.64,55.64
3PLAND,38.85,38.85
EIHAHOTELS,33.69,33.69
IDBI,15.93,15.93
DHAMPURSUG,14.38,14.38
TORNTPOWER,34.18,34.18
RUCHIRA,9.8,9.8
PLASTIBLEN,20.2,20.2
AVTNPL,25.13,25.13
PTL,22.36,22.36
FSL,38.63,38.63
JKTYRE,11.88,11.57
NCLIND,13.12,13.12
PHOENIXLTD,44.55,44.54
ALPHAGEO,33.25,19.21
KMSUGAR,15.2,15.2
V2RETAIL,88.47,88.47
TARMAT,,164.85
ALPA,10.47,10.48
MOTILALOFS,12.82,12.82
SJVN,56.26,60.12
IMFA,9.72,9.72
GOCOLORS,70.19,70.19
CMSINFO,25.56,25.56
TARSONS,64.58,64.58
TEGA,54.49,54.49
LATENTVIEW,60.95,60.95
MICEL,30.92,34.5
PARADEEP,30.44,30.44
MANYAVAR,70.09,70.09
DMCC,73.12,73.12
EMIL,45.14,45.14
UMAEXPORTS,18.45,18.12
AHL,31.2,31.2
ASIANENE,45.21,42.63
NRL,53.53,53.53
GRWRHITECH,28.27,28.27
DYCL,33.36,33.36
STARTECK,17.1,17.1
ELDEHSG,26.14,26.14
SEJALLTD,86.53,86.53
RELCHEMQ,108.18,108.18
SYRMA,61.99,61.49
CAMPUS,104.48,104.48
VENUSPIPES,42.75,42.75
MEGASTAR,73.85,73.85
RACE,647.3,647.3
DREAMFOLKS,32.33,32.33
DHARMAJ,28.57,28.57
OBCL,44.95,44.95
LICI,15.54,15.54
INOXGREEN,202.8,202.8
RITCO,22.83,22.83
HARDWYN,92.44,92.44
MEDICO,35.6,35.6
YATHARTH,30.43,30.43
AKSHAR,18.36,18.36
NGLFINE,34.23,34.23
LAL,39.17,39.17
POCL,42.02,42.02
REDTAPE,55.92,55.92
PTCIL,571.78,571.78
PYRAMID,21.84,21.84
GHCLTEXTIL,30.82,30.82
KIRLPNU,57,54.66
RRKABEL,62.02,62.08
NUVAMA,30.17,30.17
SANDUMA,23.83,23.83
SRGHFL,22.33,22.33
CELLO,54.02,54.02
EMKAYTOOLS,13.8,13.8
PERFECT,57.84,57.84
JETKNIT,92.83,92.83
GICL,67.18,67.18
ACCORD,48.81,48.81
PASHUPATI,181.86,181.86
RMDRIP,88.74,88.74
CMMIPL,15.93,15.93
OMFURN,19.99,19.99
AISL,27.08,27.08
INNOVANA,25.73,25.73
SOLEX,165.9,165.9
MHHL,9.94,9.94
GIRIRAJ,81.52,81.52
SPECTRUM,141.92,141.92
SHUBHLAXMI,22.28,22.28
KHFM,117.83,117.83
PARTYCRUS,20.38,20.38
VMARCIND,29.6,29.6
BEWLTD,34.63,34.63
REXPIPES,16.63,16.62
DESTINY,22.47,22.47
FOCE,46.18,46.18
JSLL,44.54,44.54
EUROBOND,58.92,58.92
TIMESCAN,12.44,12.44
GSTL,69.66,69.66
KNAGRI,29.7,29.7
KRISHIVAL,107.02,107.02
PROPEQUITY,24.25,24.25
VEEKAYEM,28.81,28.81
MWL,27.96,27.96
SABAR,14.4,14.4
JFLLIFE,17.18,17.18
AGNI,238.47,238.47
KANDARP,33.68,33.68
ARABIAN,26.09,26.09
BAHETI,44.35,44.35
RITEZONE,15.34,15.34
QUICKTOUCH,15.62,15.62
IPSL,22.83,22.83
ARHAM,47.26,47.26
ARIHANTACA,62.58,62.58
ANLON,65.77,65.77
SRIVASAVI,28.11,28.11
RBMINFRA,61.16,61.16
HOMESFY,63.38,53.1
LRRPL,120.54,120.54
MCON,54.71,54.71
QFIL,21.37,21.37
NIRMAN,58.74,58.74
SYSTANGO,21.01,21.01
SOTAC,49.86,48.68
CRAYONS,18.18,18.18
URBAN,32.53,32.53
KRISHCA,30.57,30.57
AATMAJ,66.71,66.71
SEL,143.43,143.43
GREENCHEF,34.71,34.71
MAGSON,25.45,25.45
MONOPHARMA,26.95,26.95
COMMITTED,14.71,14.71
SAHAJ,26.64,26.64
SERVICE,26.23,26.23
PRAMARA,39.43,39.43
ZEAL,21.05,21.05
UNIHEALTH,18.37,18.37
ONDOOR,46.71,46.29
PLADAINFO,9.37,9.37
SCML,22.56,22.56
MAL,8.82,8.82
BASILIC,47.31,47.31
MADHUSUDAN,26.02,26.02
GOYALSALT,33.71,33.71
HOLMARC,33.38,33.38
VISHNUINFR,26.4,26.4
MICROPRO,20.22,20.22
MAITREYA,26.24,26.24
SARTELE,60.23,60.23
PENINLAND,25.92,27.04
WHEELS,29.56,29.56
PREMIERPOL,19.6,19.6
SMLISUZU,23.86,23.86
FACT,2330.74,283.92
EXIDEIND,47.01,47.01
ELECON,38.45,38.45
LAXMIMACH,54.14,54.14
NELCO,90.68,90.68
MAHSCOOTER,50.35,52
LUMAXIND,42.22,42.22
KECL,94.78,94.78
KCP,9.87,9.8
JAYBARMARU,35.88,35.88
INFY,28.38,28.38
IFBIND,73.34,73.34
IGPL,48.15,48.15
GNFC,18.54,18.54
BHARATFORG,84.11,75.83
BASF,42.95,43.6
ARVIND,32.53,32.63
TATAMOTORS,10.52,10.45
SCI,16.41,16.41
LINDEINDIA,138.94,138.94
ESCORTS,39.05,39.05
ASHOKLEY,27.34,26.79
TITAN,87.44,87.44
SUNDARMFIN,28.39,27.23
VEDL,17.63,19.8
RELIANCE,25.39,25.39
NOCIL,36.96,36.96
BATAINDIA,54.13,71.57
CARBORUNIV,69.03,69.03
HINDOILEXP,16.41,19.38
BALMLAWRIE,22.32,22.32
MOTOGENFIN,91.92,91.92
RAMCOCEM,52.99,52.99
ADORWELD,26.17,26.17
TORNTPHARM,65.32,68.2
ATFL,340.39,700.04
SUPREMEIND,65.54,65.54
BALRAMCHIN,20.14,20.14
UNICHEMLAB,,2164.25
HONAUT,84.5,84.5
PRECOT,21.53,27.35
SHREYANIND,5.12,5.12
SANDESH,5.7,5.7
ASHIMASYN,6.6,6.6
IVP,13.14,13.14
EICHERMOT,35.42,35.42
ONGC,8.79,8.55
ZENSARTECH,25.17,25.17
BANARISUG,26.5,26.5
JINDALPOLY,23.07,102.07
BSL,19.16,19.16
JAYNECOIND,30.18,26.92
APCOTEXIND,38.49,38.49
RCF,60.52,66.73
DECCANCE,34.45,23.48
ADVANIHOTR,28.79,28.79
SUNFLAG,26.82,26.82
SPMLINFRA,123.28,145.8
BHARATRAS,46.97,46.97
UNIVCABLES,74.56,74.56
SOMANYCERA,29.11,30.16
SANOFI,31.22,29.34
KAJARIACER,52.59,52.56
PRSMJOHNSN,73.16,
PIDILITIND,83.37,81.17
OSWALAGRO,247.6,246.24
JINDALSAW,11.27,11.27
ABB,102.13,102.13
GRAPHITE,9.56,36.04
BBL,41.56,41.56
ELECTCAST,13.88,13.88
CIPLA,29.13,28.15
HDFCBANK,17.54,17.44
GIPCL,15.24,15.24
INDIANHUME,26.41,26.41
IOC,7.61,7.61
KAMATHOTEL,11.98,63.83
BANCOINDIA,16.96,16.96
APOLLOTYRE,18.99,18.01
SHANTIGEAR,52.44,52.44
ONWARDTEC,30.18,30.18
NILKAMAL,27.42,27.42
ICIL,20.93,20.93
ELGIEQUIP,59.36,59.36
AUROPHARMA,25.2,24.74
EIHOTEL,36.74,36.25
LICHSGFIN,7.46,7.46
BEPL,19.02,19.02
MOREPENLAB,27.18,27.18
VENKEYS,23.55,23.55
GHCL,11.51,11.51
BPL,44.38,44.38
PGHH,73.09,73.09
VESUVIUS,38.34,38.34
BOMDYEING,1.43,
NAVNETEDUL,4.38,18.85
GLAXO,74.69,66.11
CHOLAFIN,30.99,30.99
FMGOETZE,17.9,17.9
KOTAKBANK,16.34,18.89
GOLDENTOBC,10.95,12.43
FOSECOIND,47.17,47.39
SCHAEFFLER,68.13,67.87
AMJLAND,16.11,16.11
KSB,77.13,77.13
HEG,57.3,57.3
TIMKEN,69.3,69.3
SHREECEM,41.76,41.76
IPCALAB,60.9,66.05
HINDALCO,12.96,12.71
GSFC,16.63,16.69
FINPIPE,20.83,34.58
FINCABLES,30.74,44.84
DCM,36.43,36.43
BIRLACORPN,24.62,25.02
BEL,51.17,51.17
PVP,10.16,
KILITCH,49.14,49.14
GREENPOWER,71.03,111.1
BEDMUTHA,26.06,26.06
RESPONIND,40.12,40.12
PENIND,21.68,21.68
MOIL,23.18,23.18
FMNL,.59,
STEL,66.19,66.19
VADILALIND,19,19
VSTTILLERS,29.02,29.02
MAITHANALL,4.03,4.03
JPOLYINVST,25.52,25.52
HATSUN,89.81,89.81
SHARDACROP,34.25,34.25
MONTECARLO,23.07,23.07
GULPOLY,51.35,51.35
GRPLTD,88.09,81.57
GANECOS,68.1,68.1
MANAKALUCO,39.53,39.53
INOXWIND,460.24,372.32
UFO,74.95,62.25
SKIPPER,45.21,45.21
SYNGENE,66.7,69.08
PKTEA,21.4,21.4
SHARDAMOTR,23.04,23.04
COFFEEDAY,,5.77
UMANGDAIRY,63.48,63.48
ALKEM,32.76,31.32
HITECH,47.17,47.17
SEQUENT,244.96,
HCG,96.46,102.14
CROMPTON,58.4,58.4
INDSWFTLAB,3.01,15.93
FDC,24.62,24.62
ADROITINFO,13.22,13.22
MAHAPEXLTD,.55,38.1
INDUSINDBK,11.55,11.55
TRIGYN,23.43,23.43
KOTHARIPRO,39.73,39.73
SOUTHBANK,5.42,5.42
ITDCEM,30.71,30.71
AXISBANK,13.31,13.31
SONATSOFTW,57.52,4.72
CYBERTECH,21.4,21.4
GOACARBON,8.42,8.42
DHANBANK,46.84,46.84
STCINDIA,15.61,16.52
RSSOFTWARE,35.25,35.25
IVC,84.02,84.02
ALEMBICLTD,35.93,35.93
BSOFT,24.57,24.57
VIKASECO,42.98,42.98
APLAPOLLO,54,54
MINDACORP,50.68,50.68
DBSTOCKBRO,18.97,18.97
COMPUSOFT,55.11,55.11
NDL,13.9,13.9
HEXATRADEX,51.26,51.26
VSSL,20.93,20.93
SPECIALITY,27,27
MAYURUNIQ,21.88,21.88
ROSSELLIND,155.09,153.7
ZUARI,5.7,5.7
CARERATING,27.5,27.5
REPCOHOME,7.15,7.15
JUSTDIAL,24.5,24.5
ATULAUTO,102.86,102.86
PILITA,57.99,57.99
SREEL,27.72,27.72
CASTROLIND,27.44,27.44
SDBL,22.8,22.8
WONDERLA,33,33
CAPLIPOINT,24.6,24.6
GULFOILLUB,20.16,20.16
SUPERHOUSE,15.79,25.37
INTELLECT,43.23,42.86
FCL,31.4,31.4
LAMBODHARA,40.81,40.81
MOLDTKPAC,39.85,39.85
MENONBE,9.57,9.57
JMA,9.11,9.11
MANAKSTEEL,17.39,17.75
LFIC,5.49,5.49
AVANTIFEED,22.67,22.67
TPLPLASTEH,40.35,40.35
PNCINFRA,9.04,9.04
ALANKIT,28.01,28.01
ORICONENT,84.25,54.6
AYMSYNTEX,41.98,55.5
RAMASTEEL,55.1,55.1
ARVSMART,63.07,63.07
IDFCFIRSTB,18.5,18.5
SHK,298.68,18.82
TTKHLTCARE,28.88,35.81
SALZERELEC,34.68,34.68
LALPATHLAB,69.29,69.29
NH,29.83,29.83
TEAMLEASE,48.6,50.16
VIDHIING,59.3,59.3
NECCLTD,33.97,33.97
GOKULAGRO,18.16,18.16
PDMJEPAPER,9.06,9.06
BHARATWIRE,17.03,17.03
THYROCARE,61.24,61.12
ARMANFIN,11.43,11.43
BLS,40.04,40.04
SALONA,25.07,25.07
PREMEXPLN,106.8,106.8
MAHASTEEL,43.33,53.63
DAMODARIND,45.76,45.76
MGL,14.28,14.28
POKARNA,27.63,27.63
GPTINFRA,34.48,34.48
GROBTEA,40.82,40.82
ADVENZYMES,33.51,31.29
DBL,22.76,51.27
NDGL,13.54,13.54
RBLBANK,9.66,9.66
BIGBLOC,60.61,60.61
CUPID,31.32,31.32
GNA,18.29,18.29
MARATHON,21.87,21.87
HPL,72.52,72.52
ENDURANCE,48.44,48.44
MAZDA,18.83,18.83
PNBHOUSING,13.53,13.53
KINGFA,27.8,27.8
PODDARMENT,14.28,14.28
NBIFIN,72.54,72.54
SFL,49.79,70.85
LAURUSLABS,151.97,151.97
ITDC,93.2,93.1
HISARMETAL,18.18,18.18
SPCENET,125.86,125.86
BHANDARI,26.21,26.21
BSE,67.52,67.52
RADIOCITY,61.42,61.42
INTENTECH,19.04,19.04
URJA,362.16,362.16
NRAIL,7.84,7.84
SCHAND,16.26,16.26
BHAGYANGR,34.31,34.31
TEJASNET,123.3,123.3
HCLTECH,26.85,26.85
IOB,40.16,40.16
BIL,45.01,45.01
KTKBANK,6.08,6.08
BLBLIMITED,10.25,10.25
BLUESTARCO,71.01,71.01
TVSMOTOR,66.1,66.1
PNC,31.27,31.27
TAJGVK,26.03,26.03
HAVELLS,83.18,83.18
GAEL,16.64,16.64
BALAJITELE,108.38,108.38
KHANDSE,93.21,93.21
MARKSANS,29.12,29.12
ASAL,63.45,63.45
OLECTRA,168.8,183.76
APTECHT,47.79,43.21
OFSS,39.48,39.48
NUCLEUS,18.18,18.18
OMAXAUTO,19.06,
DIVISLAB,73.93,73.93
RADICO,82.02,82.02
BAGFILMS,19.1,19.1
JSL,22.02,22.71
IGL,23.51,23.51
TVTODAY,16.07,15.55
SIL,145.86,145.86
PTC,11.5,11.25
BIOCON,19.08,19.28
XPROINDIA,51.47,49.53
CCL,34,34
LT,30.67,30.81
CENTEXT,25.92,26.3
NIITLTD,32.1,32.1
GULFPETRO,11.59,11.59
ASTRAMICRO,65.17,65.17
NTPC,18.99,18.99
JBMA,115.41,115.41
DWARKESH,39.9,39.9
XCHANGING,39.79,39.79
CONSOFINVT,11.28,11.28
JPPOWER,10.23,7.38
SAKSOFT,30.45,30.45
MANGALAM,26.58,26.58
WELCORP,19.22,19.22
PRIMESECU,32.8,37
JSWHL,60.35,60.35
YESBANK,51.69,51.69
MSPL,54.77,54.79
GOLDIAM,26.73,26.73
FCSSOFT,,63.69
IMPAL,19.94,19.94
SUZLON,121.47,113.34
AURIONPRO,59.88,59.88
TRIVENI,24.89,24.89
AIAENG,38.36,38.38
EKC,18.09,17.76
NITINSPIN,16.07,16.07
ENIL,31.12,31.12
JAGRAN,12.01,12.01
SAKUMA,34.47,34.47
KEC,53.28,53.28
INDOTECH,39.14,39.14
BLKASHYAP,40.84,43.9
CENTURYPLY,59.61,58.27
SOLARINDS,94.77,94.77
GALLANTT,27.45,27.45
UTTAMSUGAR,11.3,11.3
KKCL,26.39,26.39
SUNTV,17.03,17.03
GPIL,13.15,13.14
LOKESHMACH,50.77,50.77
SWELECTES,27.32,64.1
RATNAMANI,41.43,41.43
JKLAKSHMI,19.88,20.15
ALLCARGO,181.24,109.75
EMAMILTD,47.27,46.96
VOLTAMP,56.17,56.17
SELAN,28.97,28.97
ANANTRAJ,58.05,58.05
HOVS,30.41,30.41
TALBROAUTO,21.49,30.58
JMFINANCIL,228.7,8.58
DCBBANK,6.72,6.72
NAUKRI,112.96,106.41
DONEAR,18.13,18.13
SOBHA,420.38,420.45
HIRECT,76.72,59.71
TANLA,21.6,21.6
LUMAXTECH,19.88,19.88
WANBURY,11.19,21.88
PITTIENG,47.71,47.71
IZMO,20.94,20.94
CTE,279.27,279.27
TIIL,30.3,29.54
REDINGTON,13.03,13.03
PFC,7.46,7.46
INDIANB,8.4,8.4
AMDIND,110.63,110.63
NAHARPOLY,2195.36,2195.36
BALAMINES,32.66,32.66
ICRA,37.8,37.8
AROGRANITE,53.62,53.62
SRHHYPOLTD,13.03,11.74
INSECTICID,21.24,21.24
NAVINFLUOR,61.68,75.05
TIMETECHNO,25.57,25.57
NELCAST,22.03,31.41
DLF,119.8,119.8
ADSL,23.95,23.95
CENTRALBK,16.34,16.34
PURVA,136.34,136.34
NAGREEKCAP,1.01,1.01
MAGNUM,40.47,141.72
MAANALU,23.77,23.77
ADANIPORTS,34.12,32.53
JYOTHYLAB,53,53
KALYANIFRG,47.52,47.52
HITECHCORP,20.8,21.5
TRIL,127.19,127.19
DVL,26.8,26.8
PATINTLOG,24.7,24.7
ARIES,17.27,17.27
AMBIKCO,14.61,14.61
CEATLTD,17.12,16.08
CORDSCABLE,23.08,23.08
KNRCON,12.23,12.23
IRB,40.77,40.77
GSS,32.2,32.2
NAHARCAP,13.84,13.84
VGUARD,77.25,77.25
DPSCLTD,110.6,110.6
BAJAJFINSV,15.18,15.18
BAJAJ-AUTO,35.17,35.17
RPGLIFE,37.66,37.66
RBL,16.88,16.53
RANEENGINE,25.31,20.56
LOTUSEYE,70.95,71.72
UBL,111.55,111.55
20MICRONS,17.56,17.22
JOCIL,76.36,76.36
COUNCODOS,33.94,33.94
MAWANASUG,8.44,8.44
AJMERA,20.99,20.99
MHRIL,66.76,66.76
VINATIORGA,61.48,61.48
ADANIPOWER,16.27,16.27
GLOBUSSPR,34.24,34.24
RTNPOWER,.85,
ZYDUSWELL,46.43,46.43
REFEX,30.54,30.55
AHLUCONT,23.88,39.64
JSWENERGY,57.89,57.89
HINDCOPPER,79.81,79.81
TRF,13.63,13.63
WHIRLPOOL,89.89,85.85
JUBLFOOD,111.11,191.85
EMMBI,18.04,18.04
HATHWAY,56.04,55.35
TEXMOPIPES,74.34,17.17
LGBBROSLTD,14.37,15.03
ISFT,18.9,18.9
KIRLOSBROS,43.47,43.61
KSL,19.25,19.25
HMVL,192.86,192.86
BLISSGVS,12.92,6.38
AHLEAST,7.9,10.7
UGARSUGAR,48.36,48.36
GPPL,29.34,27.29
WELINV,106.29,106.29
ORISSAMINE,1511.77,1511.77
CAREERP,14.73,14.73
CANTABIL,35.68,36.39
OBEROIRLTY,28.61,28.61
COALINDIA,8.9,8.9
IOLCP,19.12,19.12
RPPINFRA,11.86,11.86
RKDL,,102.45
PSB,62.4,62.4
SUMMITSEC,29.65,26.04
JUBLINDS,71.44,36.25
TEXRAIL,83.82,83.82
DHUNINV,11.4,11.4
LOVABLE,62.5,62.5
SYMPHONY,54.57,54.57
PIIND,37.8,37.8
ASHIANA,52.18,52.18
RUSHIL,21.86,21.86
INVENTURE,16.94,14.73
ASAHISONG,24.59,194.04
BROOKS,141.65,141.65
TDPOWERSYS,50.21,50.21
APLLTD,33.12,33.12
PGEL,60.5,60.5
PANAMAPET,11.86,11.86
PAISALO,30.56,30.62
SHAKTIPUMP,38.42,38.42
INDOTHAI,15.2,15.2
DSSL,31.2,31.2
POLYMED,67.38,67.38
ERIS,40.72,40.72
STEELXIND,76.86,76.86
AVADHSUGAR,11.12,11.12
GANGESSECU,33.17,33.17
SMSLIFE,22.2,22.2
APEX,56.03,56.03
CAPACITE,18.78,18.78
TCPLPACK,24.85,24.85
TIINDIA,62.12,62.7
IFGLEXPOR,27.7,27.7
KHADIM,125.42,125.42
SHALBY,35.27,35.27
APOLLO,86.32,86.32
AMBER,78.56,78.56
ASTERDM,57.37,
HGINFRA,18.01,18.4
SUNDARMHLD,28.46,28.46
HAL,37.95,37.95
SANDHAR,32.72,33.82
LEMONTREE,52.73,52.73
ORIENTELEC,80.64,102.16
INDOSTAR,29.14,29.14
FINEORG,37.14,37.11
VARROC,16.34,16.34
HBSL,3.07,3.07
HDFCAMC,42.78,42.78
SIGIND,18.07,18.07
AAVAS,26.16,26.16
DALBHARAT,37.87,33.86
PAKKA,31.54,31.54
ORIENTHOT,56.79,56.79
3MINDIA,66.37,66.37
DIXON,164.72,164.72
ICICIGI,58.24,58.24
DIAMONDYD,40.51,40.51
IEX,46.21,46.21
NEWGEN,53.55,53.55
GRSE,61.26,61.26
CHALET,66.82,66.82
