SERIES,SYMBOL,SECURITY,RECORD_DT,BC_STRT_DT,BC_END_DT,EX_DT,ND_STRT_DT,ND_END_DT,PURPOSE
BE,INDHOTEL,INDIAN HOTELS CO LTD,07/06/2024, , ,07/06/2024, , ,DIV - RS 1.75 PER SH     
BE,TATAMTRDVR,Tata Motors DVR 'A' Ord,11/06/2024, , ,11/06/2024, , ,DIV/SPDIV RS 3.10 & 3.10 
BE,SMCGLOBAL,SMC Global Securities Ltd, ,08/06/2024,12/06/2024,07/06/2024, , ,ANNUAL GENERAL MEETING   
BE,ASIANPAINT,Asian Paints Limited,11/06/2024, , ,11/06/2024, , ,DIV - RS 28.15 PER SH    
BE,SMCGLOBAL,SMC Global Securities Ltd,07/06/2024, , ,07/06/2024, , ,DIV - RS 1.2 PER SH      
BE,SANOFI,Aventis Pharma Limited,13/06/2024, , ,13/06/2024, , ,DEMERGER                 
BE,MITTAL,Mittal Life Style Limited, ,09/06/2024,15/06/2024,07/06/2024, , ,ANNUAL GENERAL MEETING   
BE,MOTILALOFS,Motilal Oswal Financial S,10/06/2024, , ,10/06/2024, , ,BONUS 3:1                
BE,RIIL,Reliance Indl Infra Ltd,05/06/2024, , ,05/06/2024, , ,DIV - RS 3.50 PER SH     
BE,FOSECOIND,Foseco India Ltd, ,05/06/2024,11/06/2024,04/06/2024, , ,DIV - RS 25 PER SH       
BE,LALPATHLAB,Dr. Lal Path Labs Ltd.,10/06/2024, , ,10/06/2024, , ,DIV - RS 6 PER SH        
BE,PONNIERODE,Ponni Sugars (Erode) Ltd., ,24/05/2024,05/06/2024,22/05/2024, , ,AGM/DIV - RS 7 PER SH    
BE,TATAMOTORS,Tata Motors Limited,11/06/2024, , ,11/06/2024, , ,DIV/SPDIV - RS 3 & RS 3  
BE,JMFINANCIL,JM Financial Limited, ,10/06/2024,14/06/2024,07/06/2024, , ,DIV - RS 2 PER SH        
BE,INDIANB,Indian Bank,07/06/2024, , ,07/06/2024, , ,DIV - RS 12 PER SH       
BE,HSCL,Himadri Speciality Chem L, ,08/06/2024,20/06/2024,07/06/2024, , ,AGM/DIV-RE 0.50 PER SH   
BE,SHARDAMOTR,Sharda Motor Inds Ltd,05/06/2024, , ,05/06/2024, , ,BUY BACK                 
BE,INDIANB,Indian Bank, ,08/06/2024,15/06/2024,07/06/2024, , ,ANNUAL GENERAL MEETING   
BE,KSB,KSB Pumps Ltd-Depo, ,14/06/2024,26/06/2024,13/06/2024, , ,AGM/DIV - RS 17.5 PER SH 
BE,UNOMINDA,Minda Industries Limited,07/06/2024, , ,07/06/2024, , ,DIV - RS 1.35 PER SH     
BE,MMFL,MM Forgings Ltd.,14/06/2024, , ,14/06/2024, , ,INTDIV - RS 8 PER SH     
BE,HAVELLS,Havells India Limited, ,03/06/2024,07/06/2024,31/05/2024, , ,AGM/DIV - RS 6 PER SH    
BE,CIEINDIA,Mahindra CIE Automative L, ,14/06/2024,20/06/2024,13/06/2024, , ,AGM/DIV - RS 5 PER SH    
BE,JSWENERGY,JSW Energy Limited, ,01/06/2024,07/06/2024,31/05/2024, , ,DIV - RS 2 PER SH        
BE,MANAPPURAM,Manappuram Finance Ltd,05/06/2024, , ,05/06/2024, , ,INTDIV - RE 1 PER SH     
BE,INDIAMART,IndiaMART InterMESH Ltd,07/06/2024, , ,07/06/2024, , ,DIV - RS 20 PER SH       
BE,HOMEFIRST,Home First Fin Co Ind Ltd,07/06/2024, , ,07/06/2024, , ,DIV - RS 3.40 PER SH     
BE,ICICIGI,ICICI Lombard GIC Limited,07/06/2024, , ,07/06/2024, , ,DIV - RS 6 PER SH        
BE,NELCO,Nelco Ltd., ,11/06/2024,17/06/2024,10/06/2024, , ,DIV - RS 2.20 PER SH     
E1,GRASIMPP,Grasim Industries Limited,14/06/2024, , ,14/06/2024, , ,FIRSTCAL RS 453 PER SH   
EQ,TATAMTRDVR,Tata Motors DVR 'A' Ord,11/06/2024, , ,11/06/2024, , ,DIV/SPDIV RS 3.10 & 3.10 
EQ,TATAMOTORS,Tata Motors Limited,11/06/2024, , ,11/06/2024, , ,DIV/SPDIV - RS 3 & RS 3  
EQ,ASIANPAINT,Asian Paints Limited,11/06/2024, , ,11/06/2024, , ,DIV - RS 28.15 PER SH    
EQ,SANOFI,Aventis Pharma Limited,13/06/2024, , ,13/06/2024, , ,DEMERGER                 
EQ,MOTILALOFS,Motilal Oswal Financial S,10/06/2024, , ,10/06/2024, , ,BONUS 3:1                
EQ,FOSECOIND,Foseco India Ltd, ,05/06/2024,11/06/2024,04/06/2024, , ,DIV - RS 25 PER SH       
EQ,PONNIERODE,Ponni Sugars (Erode) Limi, ,24/05/2024,05/06/2024,22/05/2024, , ,AGM/DIV - RS 7 PER SH    
EQ,JMFINANCIL,JM Financial Limited, ,10/06/2024,14/06/2024,07/06/2024, , ,DIV - RS 2 PER SH        
EQ,HSCL,Himadri Speciality Chem L, ,08/06/2024,20/06/2024,07/06/2024, , ,AGM/DIV-RE 0.50 PER SH   
EQ,INDIANB,Indian Bank, ,08/06/2024,15/06/2024,07/06/2024, , ,ANNUAL GENERAL MEETING   
EQ,UNOMINDA,Minda Industries Limited,07/06/2024, , ,07/06/2024, , ,DIV - RS 1.35 PER SH     
EQ,HAVELLS,Havells India Limited, ,03/06/2024,07/06/2024,31/05/2024, , ,AGM/DIV - RS 6 PER SH    
EQ,JSWENERGY,JSW Energy Limited, ,01/06/2024,07/06/2024,31/05/2024, , ,DIV - RS 2 PER SH        
EQ,INDIAMART,IndiaMART InterMESH Ltd,07/06/2024, , ,07/06/2024, , ,DIV - RS 20 PER SH       
EQ,NELCO,Nelco Ltd., ,11/06/2024,17/06/2024,10/06/2024, , ,DIV - RS 2.20 PER SH     
EQ,SMCGLOBAL,SMC Global Securities Ltd, ,08/06/2024,12/06/2024,07/06/2024, , ,ANNUAL GENERAL MEETING   
EQ,MITTAL,Mittal Life Style Limited, ,09/06/2024,15/06/2024,07/06/2024, , ,ANNUAL GENERAL MEETING   
EQ,LALPATHLAB,Dr. Lal Path Labs Ltd.,10/06/2024, , ,10/06/2024, , ,DIV - RS 6 PER SH        
EQ,INDIANB,Indian Bank,07/06/2024, , ,07/06/2024, , ,DIV - RS 12 PER SH       
EQ,KSB,KSB Pumps Ltd., ,14/06/2024,26/06/2024,13/06/2024, , ,AGM/DIV - RS 17.5 PER SH 
EQ,CIEINDIA,Mahindra CIE Automative L, ,14/06/2024,20/06/2024,13/06/2024, , ,AGM/DIV - RS 5 PER SH    
EQ,HOMEFIRST,Home First Fin Co Ind Ltd,07/06/2024, , ,07/06/2024, , ,DIV - RS 3.40 PER SH     
EQ,SMCGLOBAL,SMC Global Securities Ltd,07/06/2024, , ,07/06/2024, , ,DIV - RS 1.2 PER SH      
EQ,SHARDAMOTR,Sharda Motor Inds Ltd,05/06/2024, , ,05/06/2024, , ,BUY BACK                 
EQ,INDHOTEL,Indian Hotels Co. Ltd.,07/06/2024, , ,07/06/2024, , ,DIV - RS 1.75 PER SH     
EQ,MANAPPURAM,Manappuram Finance Ltd,05/06/2024, , ,05/06/2024, , ,INTDIV - RE 1 PER SH     
EQ,RIIL,Reliance Indl Infra Ltd,05/06/2024, , ,05/06/2024, , ,DIV - RS 3.50 PER SH     
EQ,MMFL,MM Forgings Ltd.,14/06/2024, , ,14/06/2024, , ,INTDIV - RS 8 PER SH     
EQ,ICICIGI,ICICI Lombard GIC Limited,07/06/2024, , ,07/06/2024, , ,DIV - RS 6 PER SH        
GS,833GS2036,GOI LOAN 8.33% 2036,06/06/2024, , ,06/06/2024, , ,INTEREST PAYMENT         
GS,724GR2033,GOI LOAN   7.24% 2033,10/06/2024, , ,10/06/2024, , ,INTEREST PAYMENT         
GS,GS070624C,GOI STRIPS C 070624,05/06/2024, , , , , ,REDEMPTION               
GS,GS120624C,GOI STRIPS C 120624,10/06/2024, , , , , ,REDEMPTION               
GS,GS150624C,GOI STRIPS C 150624,13/06/2024, , , , , ,REDEMPTION               
GS,GS170624C,GOI STRIPS C 170624,13/06/2024, , , , , ,REDEMPTION               
GS,GS230624C,GOI STRIPS C 230624,19/06/2024, , , , , ,REDEMPTION               
GS,669GS2024,GOI LOAN  6.69% 2024,25/06/2024, , , , , ,REDEMPTION               
GS,GS300624C,GOI STRIPS C 300624,27/06/2024, , , , , ,REDEMPTION               
GS,735GS2024,GOI LOAN 7.35% 2024,19/06/2024, , , , , ,REDEMPTION               
NA,IBUCCREDIT,SeReNCD8.75%SrVICI&II,10/06/2024, , ,10/06/2024, , ,INTEREST PAYMENT         
NB,IBUCCREDIT,SeReNCD8.84%SrVICIII&IV,10/06/2024, , ,10/06/2024, , ,INTEREST PAYMENT         
NF,DHANILOANS,Dhani Loans & Serv Ltd,05/06/2024, , , , , ,INTPAYMENT/REDEMPTION    
NG,DHANILOANS,Dhani Loans & Serv Ltd,05/06/2024, , , , , ,INTPAYMENT/REDEMPTI      
NH,DHANILOANS,Dhani Loans & Serv Ltd,05/06/2024, , , , , ,INTPAYMENT/REDEMPTION    
NP,IBULHSGFIN,Sec Re NCD 8.20% Sr.VI,10/06/2024, , ,10/06/2024, , ,INTEREST PAYMENT         
NQ,IBULHSGFIN,Sec Re NCD 8.66% Sr.VI,10/06/2024, , ,10/06/2024, , ,INTEREST PAYMENT         
NR,IBUCCREDIT,Sec Re NCD 9.57% Sr.II,10/06/2024, , ,10/06/2024, , ,INTEREST PAYMENT         
NT,IBULHSGFIN,Sec Re NCD 8.89% Sr.VIII,10/06/2024, , ,10/06/2024, , ,INTEREST PAYMENT         
NU,IBUCCREDIT,Sec Re NCD 9.80% Sr.V,10/06/2024, , ,10/06/2024, , ,INTEREST PAYMENT         
NV,IBULHSGFIN,UnSe Re NCD 8.89% Sr.X,10/06/2024, , ,10/06/2024, , ,INTEREST PAYMENT         
NW,IBULHSGFIN,UnSe Re NCD 9.35% Sr.X,10/06/2024, , ,10/06/2024, , ,INTEREST PAYMENT         
NX,DHANILOANS,Sec Re NCD 10.49% Sr.VII,10/06/2024, , ,10/06/2024, , ,INTEREST PAYMENT         
NY,IBUCCREDIT,Sec Re NCD 9.57% Sr.VIII,10/06/2024, , ,10/06/2024, , ,INTEREST PAYMENT         
NZ,IBUCCREDIT,Sec Re NCD 10.03% Sr.VIII,10/06/2024, , ,10/06/2024, , ,INTEREST PAYMENT         
SG,544AP24,SDL AP 5.44% 2024,06/06/2024, , , , , ,REDEMPTION               
SM,REMUS,Remus Pharmaceuticals L,06/06/2024, , ,06/06/2024, , ,BONUS 3:1                
SM,SERVICE,Service Care Limited,07/06/2024, , ,07/06/2024, , ,INTDIV - RE 0.50 PER SH  
SQ,SERVICE,Service Care Limited,07/06/2024, , ,07/06/2024, , ,INTDIV - RE 0.50 PER SH  
SQ,REMUS,Remus Pharmaceuticals L,06/06/2024, , ,06/06/2024, , ,BONUS 3:1                
ST,REMUS,Remus Pharmaceuticals L,06/06/2024, , ,06/06/2024, , ,BONUS 3:1                
ST,SERVICE,Service Care Limited,07/06/2024, , ,07/06/2024, , ,INTDIV - RE 0.50 PER SH  
UA,IBUCCREDIT,SeReNCD8.75%SrVICI&II,10/06/2024, , ,10/06/2024, , ,INTEREST PAYMENT         
UB,IBUCCREDIT,SeReNCD8.84%SrVICIII&IV,10/06/2024, , ,10/06/2024, , ,INTEREST PAYMENT         
UF,DHANILOANS,Dhani Loans & Serv Ltd,05/06/2024, , , , , ,INTPAYMENT/REDEMPTION    
UG,DHANILOANS,Dhani Loans & Serv Ltd,05/06/2024, , , , , ,INTPAYMENT/REDEMPTI      
UH,DHANILOANS,Dhani Loans & Serv Ltd,05/06/2024, , , , , ,INTPAYMENT/REDEMPTION    
UP,IBULHSGFIN,Sec Re NCD 8.20% Sr.VI,10/06/2024, , ,10/06/2024, , ,INTEREST PAYMENT         
UQ,IBULHSGFIN,Sec Re NCD 8.66% Sr.VI,10/06/2024, , ,10/06/2024, , ,INTEREST PAYMENT         
UR,IBUCCREDIT,Sec Re NCD 9.57% Sr.II,10/06/2024, , ,10/06/2024, , ,INTEREST PAYMENT         
UT,IBULHSGFIN,Sec Re NCD 8.89% Sr.VIII,10/06/2024, , ,10/06/2024, , ,INTEREST PAYMENT         
UU,IBUCCREDIT,Sec Re NCD 9.80% Sr.V,10/06/2024, , ,10/06/2024, , ,INTEREST PAYMENT         
UV,IBULHSGFIN,UnSe Re NCD 8.89% Sr.X,10/06/2024, , ,10/06/2024, , ,INTEREST PAYMENT         
UW,IBULHSGFIN,UnSe Re NCD 9.35% Sr.X,10/06/2024, , ,10/06/2024, , ,INTEREST PAYMENT         
UX,DHANILOANS,Sec Re NCD 10.49% Sr.VII,10/06/2024, , ,10/06/2024, , ,INTEREST PAYMENT         
UY,IBUCCREDIT,Sec Re NCD 9.57% Sr.VIII,10/06/2024, , ,10/06/2024, , ,INTEREST PAYMENT         
UZ,IBUCCREDIT,Sec Re NCD 10.03% Sr.VIII,10/06/2024, , ,10/06/2024, , ,INTEREST PAYMENT         

