SYMBOL,SERIES,SECURITY,HIGH/LOW,INDEX FLAG
774AP32A,SG,SDL AP 7.74% 2032,H
ABAN,BE,ABAN OFFSHORE LTD.,H
ADROITINFO,EQ,ADROIT INFOTECH LIMITED,H
AHIMSA,ST,AHIMSA INDUSTRIES LTD.,H
AKI,EQ,AKI INDIA LIMITED,H
AKSHARCHEM,EQ,AKSHARCHEM INDIA LIMITED,H
AMEYA,SM,AMEYA PRECISION ENG LTD,H
ANSALAPI,BZ,ANSAL PROP & INFRA LTD,H
ARSHIYA,BE,ARSHIYA LIMITED,H
ASHIMASYN,EQ,ASHIMA LTD,H
AUSOMENT,BE,AUSOM ENTERPRISE LIMITED,H
BALAXI,EQ,BALAXI PHARMA LTD,H
BALKRISHNA,EQ,BALKRISHNA PAPER MILLS L,H
BBOX,EQ,BLACK BOX LIMITED,H
BESTAGRO,EQ,BEST AGROLIFE LIMITED,H
BHAGCHEM,EQ,BHAGIRADHA CHEM & INDS L,H
BIKAJI,EQ,BIKAJI FOODS INTERN LTD,H
BLUEPEBBLE,SM,BLUE PEBBLE LIMITED,H
CALSOFT,BE,CALIFORNIA SOFTWARE CO LT,H
COUNCODOS,EQ,COUNTRY CONDO S LIMITED,H
CPS,ST,C P S SHAPERS LIMITED,H
DAVANGERE,EQ,DAVANGERE SUGAR COMPANY L,H
DCI,BE,DC INFOTECH AND COMUN LTD,H
DHANBANK,EQ,DHANLAXMI BANK LIMITED,H
DNAMEDIA,EQ,DILIGENT MEDIA CORP LTD.,H
E2E,BE,E2E NETWORKS LIMITED,H
ELGIRUBCO,BE,ELGI RUBBER CO. LTD,H
EMKAY,EQ,EMKAY GLOBAL FIN SERV LTD,H
ESCONET,SM,ESCONET TECHNOLOGIES LTD,H
EXCEL,BE,EXCEL REALTY N INFRA LTD,H
FEL,BZ,FUTURE ENTERPRISES LTD,H
FLFL,BZ,FUT LIFESTYLE FASH LTD,H
FRETAIL,BZ,FUTURE RETAIL LIMITED,H
GANESHHOUC,EQ,GANESH HOUSING CORP LTD,H
GATECHDVR,BE,GACM TECHNOLOGIES LIMITED,H
GICL,SM,GLOBE INTL CARRIERS LTD,H
GIRIRAJ,ST,GIRIRAJ CIVIL DEVP LTD,H
GOENKA,BZ,GOENKA DIAMOND&JEWELS LTD,H
GPTINFRA,BE,GPT INFRAPROJECTS LTD,H
GRCL,SM,GAYATRI RUBB AND CHEM LTD,H
GTLINFRA,EQ,GTL INFRA.LTD,H
GVPTECH,EQ,GVP INFOTECH LIMITED,H
HCL-INSYS,BE,HCL INFOSYSTEMS-DEPO SETT,H
HECPROJECT,EQ,HEC INFRA PROJECTS LTD,H
HERITGFOOD,EQ,HERITAGE FOODS LTD,H
HOACFOODS,ST,HOAC FOODS INDIA LIMITED,H
HYBRIDFIN,EQ,HYBRID FINANCIAL SERVICE,H
INDOTECH,BE,INDO TECH TRANSFORM LTD.,H
IPL,EQ,INDIA PESTICIDES LIMITED,H
ISHAN,SM,ISHAN INTERNATIONAL LTD,H
JALAN,SM,JALAN TRANSOLU. INDIA LTD,H
JCHAC,EQ,JOHNSON CONTROLS HITACHI,H
JSLL,ST,JEENA SIKHO LIFECARE LTD,H
JUBLINDS,EQ,JUBILANT INDUSTRIES LTD,H
KALYANIFRG,EQ,KALYANI FORGE LIMITED,H
KBCGLOBAL,EQ,KBC GLOBAL LIMITED,H
KEEPLEARN,BE,DSJ KEEP LEARNING LTD,H
KODYTECH,SM,KODY TECHNOLAB LIMITED,H
KRITIKA,BE,KRITIKA WIRES LIMITED,H
LASA,EQ,LASA SUPERGENERICS LTD,H
LIBERTSHOE,EQ,LIBERTY SHOES LTD,H
LPDC,EQ,LANDMARK PR.DEV.CO.LTD,H
MADHUCON,BE,MADHUCON PROJECTS LTD.,H
MAITREYA,SM,MAITREYA MEDICARE LIMITED,H
MBECL,BE,MCNALLY BH. ENG. CO.LTD,H
MEP,BE,MEP INFRA. DEVELOPERS LTD,H
MGEL-RE,BE,MANGALAM GLOBAL ENT LTD,H
MIRCELECTR,EQ,MIRC ELECTRONICS LTD,H
NAGREEKCAP,EQ,NAGREEKA CAP & INFR.LTD,H
NAVINIFTY,EQ,NAVIAMC - NAVINIFTY,H
NGIL,EQ,NAKODA GROUP OF IND. LTD,H
NIRMAN,SM,NIRMAN AGRI GENTICS LTD,H
NOIDATOLL,EQ,NOIDA TOLL BRIDGE CO LTD,H
NPST,SM,NETWORK PEOPLE SRV TECH L,H
OMKARCHEM,BZ,OMKAR SPL CHEM LTD,H
ORIENTCER,EQ,ORIENT CERATECH LIMITED,H
ORIENTLTD,EQ,ORIENT PRESS LIMITED,H
ORTEL,BZ,ORTEL COMMUNICATIONS LTD,H
OSWALAGRO,EQ,OSWAL AGRO MILLS LTD,H
PANSARI,EQ,PANSARI DEVELOPERS LTD,H
PARASPETRO,BE,PARAS PETROFILS LTD.,H
PASHUPATI,SM,PASHUPATI COTSPIN LIMITED,H
PTCIL,EQ,PTC INDUSTRIES LIMITED,H
PVP,EQ,PVP VENTURES LIMITED,H
RBMINFRA,SM,RBM INFRACON LIMITED,H
RCOM,BE,RELIANCE COMMUNICATIONS L,H
RPPINFRA,BE,R.P.P INFRA PROJECTS LTD.,H
RUCHINFRA,EQ,RUCHI INFRASTRUCTURE LTD,H
SAHANA,SM,SAHANA SYSTEM LIMITED,H
SANWARIA,BZ,SANWARIA CONSUMER LIMITED,H
SECL,SM,SALASAR EXTERIOR CONT LTD,H
SECMARK,BE,SECMARK CONSULTANCY LTD,H
SETUINFRA,BZ,SETUBANDHAN INFRA LTD,H
SHRENIK,EQ,SHRENIK LIMITED,H
SICALLOG,BE,SICAL LOGISTICS LIMITED,H
SITINET,BE,SITI NETWORKS LIMITED,H
SKYGOLD,BE,SKY GOLD LIMITED,H
SOFTTECH,EQ,SOFTTECH ENGINEERS LTD,H
SRPL,BE,SHREE RAM PROTEINS LTD.,H
SSFL,SM,SRIVARI SPICES N FOODS L,H
TAC,SM,TAC INFOSEC LIMITED,H
TAKE,EQ,TAKE SOLUTIONS LTD,H
TAPIFRUIT,SM,TAPI FRUIT PROCESSING LTD,H
TARACHAND,BE,TARA CHAND INFRA SOLN LTD,H
TCIFINANCE,EQ,TCI FINANCE LTD,H
TECHLABS,SM,TRIDENT TECHLABS LIMITED,H
TGL,SM,TEERTH GOPICON LIMITED,H
TIRUPATIFL,EQ,TIRUPATI FORGE LIMITED,H
TRIL,BE,TRANS & RECTI. LTD,H
UEL,BE,UJAAS ENERGY LIMITED,H
UMAEXPORTS,BE,UMA EXPORTS LIMITED,H
UNIINFO,BE,UNIINFO TELECOM SERVI LTD,H
URBAN,SM,URBAN ENVIRO WASTE MGMT L,H
V2RETAIL,BE,V2 RETAIL LIMITED,H
VEEKAYEM,SM,VEEKAYEM FASH & APP LTD,H
VHLTD,BE,VICEROY HOTELS LIMITED,H
VISAKAIND,EQ,VISAKA INDUSTRIES LIMITED,H
VISASTEEL,BE,VISA STEEL LIMITED,H
VSTL,BE,VIBHOR STEEL TUBES LTD,H
WINSOME,BE,WINSOME YARNS LIMITED,H
YAARI,BE,YAARI DIGI INT SER LTD,H
ZTECH,ST,Z-TECH (INDIA) LIMITED,H
21STCENMGM,BE,21ST CENTURY MGMT SERVICE,L
63MOONS,EQ,63 MOONS TECHNOLOGIES LTD,L
A2ZINFRA,BE,A2Z INFRA ENGINEERING LTD,L
AAATECH,BE,AAA TECHNOLOGIES LIMITED,L
AAKASH,EQ,AAKASH EXPLORATION SER L,L
AAREYDRUGS,BE,AAREY DRUGS & PHARM LTD,L
AARVEEDEN,EQ,AARVEE DEN. & EXP. LTD,L
ABCOTS,SM,A B COTSPIN INDIA LIMITED,L
ACCURACY,EQ,ACCURACY SHIPPING LIMITED,L
AGARWALFT,ST,AGARWAL FLOAT GLASS I LTD,L
AGNI,SM,AGNI GREEN POWER LTD,L
AHLADA,BE,AHLADA ENGINEERS LIMITED,L
AKSHAR,BE,AKSHAR SPINTEX LIMITED,L
AKSHOPTFBR,BE,AKSH OPTIFIBRE  LTD,L
ALANKIT,EQ,ALANKIT LIMITED,L
ALOKINDS,EQ,ALOK INDUSTRIES LIMITED,L
ALPEXSOLAR,SM,ALPEX SOLAR LIMITED,L
AMBANIORG,SM,AMBANI ORGANICS LIMITED,L
AMBICAAGAR,EQ,AMBICA AGAR & AROMAINDLTD,L
ANKITMETAL,BE,ANKIT MET & POW LTD,L
ANTGRAPHIC,EQ,ANTARCTICA LTD,L
APOLLO,EQ,APOLLO MICRO SYSTEMS LTD,L
APS,SM,AUSTRALIAN PREM SOLAR I L,L
ARCHIES,BE,ARCHIES LTD,L
ARENTERP,EQ,RAJDARSHAN INDUSTRIES LTD,L
ARHAM,ST,ARHAM TECHNOLOGIES LTD,L
ARSHIYA,BE,ARSHIYA LIMITED,L
ASHOKAMET,EQ,ASHOKA METCAST LIMITED,L
ASLIND,ST,ASL INDUSTRIES LIMITED,L
ASMS,EQ,BARTRONICS INDIA LIMITED,L
ATALREAL,BE,ATAL REALTECH LIMITED,L
ATMASTCO,SM,ATMASTCO LIMITED,L
AURIONPRO,EQ,AURIONPRO SOLN LTD,L
AZAD,EQ,AZAD ENGINEERING LIMITED,L
BAHETI,SM,BAHETI RECYCLING IND LTD,L
BAJEL,EQ,BAJEL PROJECTS LIMITED,L
BALAJITELE,EQ,BALAJI TELEFILMS LIMITED.,L
BANG,EQ,BANG OVERSEAS LTD.,L
BCG,BZ,BRIGHTCOM GROUP LIMITED,L
BDL,EQ,BHARAT DYNAMICS LIMITED,L
BEACON,ST,BEACON TRUSTEESHIP LTD,L
BEDMUTHA,EQ,BEDMUTHA INDUST LTD,L
BINANIIND,BE,BINANI INDUSTRIES LTD,L
BIRLAMONEY,EQ,ADITYA BIRLA MONEY LTD,L
BLBLIMITED,BE,BLB LIMITED,L
BMETRICS,SM,BOMBAY METRICS S C LTD,L
BROOKS,BE,BROOKS LAB LIMITED,L
CADSYS,ST,CADSYS (INDIA) LIMITED,L
CAREERP,EQ,CAREER POINT LIMITED,L
CELLECOR,SM,CELLECOR GADGETS LIMITED,L
CENTEXT,EQ,CENTURY EXTRUSIONS LTD,L
CGRAPHICS,SM,CREATIVE GRAPHICS S IND L,L
CLOUD,SM,VARANIUM CLOUD LIMITED,L
CMMIPL,ST,CMM INFRAPROJECTS LIMITED,L
CMRSL,SM,CYBER MEDIA RES & SER LTD,L
COCHINSHIP,EQ,COCHIN SHIPYARD LIMITED,L
COMPINFO,BZ,COMPUAGE INFOCOM LTD,L
COUNCODOS,EQ,COUNTRY CONDO S LIMITED,L
CPS,ST,C P S SHAPERS LIMITED,L
CRAYONS,SM,CRAYONS ADVERTISING LTD,L
CREATIVEYE,BE,CREATIVE EYE LIMITED,L
CUBEXTUB,BE,CUBEXTUBINGS-ROLLSETT,L
DHANBANK,EQ,DHANLAXMI BANK LIMITED,L
DIGIDRIVE,BE,DIGIDRIVE DISTRIBUTORS L,L
DNAMEDIA,EQ,DILIGENT MEDIA CORP LTD.,L
DOLPHIN,BE,DOLPHIN OFF ENT (IND) L,L
DREDGECORP,EQ,DREDGING CORP OF INDIA,L
DRONE,SM,DRONE DESTINATION LIMITED,L
DYNAMIC,SM,DYNAMIC SRVCS & SEC LTD,L
EIMCOELECO,BE,EIMCO ELECON (INDIA) LTD,L
ELECTHERM,BE,ELECTROTHERM (I) LTD.,L
ELGIRUBCO,BE,ELGI RUBBER CO. LTD,L
ESCONET,SM,ESCONET TECHNOLOGIES LTD,L
FCSSOFT,EQ,FCS SOFTWARE SOLN. LTD.,L
FEL,BZ,FUTURE ENTERPRISES LTD,L
FELDVR,BE,FUTURE ENTERPRISES LTD,L
FELIX,SM,FELIX INDUSTRIES LTD.,L
FLFL,BZ,FUT LIFESTYLE FASH LTD,L
FMNL,EQ,FUTURE MKT NETWORKS LTD,L
FSC,BZ,FUTURE SUPP CHAIN SOL LTD,L
GANGAFORGE,BE,GANGA FORGING LIMITED,L
GAYAHWS,BE,GAYATRI HIGHWAYS LIMITED,L
GENUSPOWER,EQ,GENUS POWER INFRASTRU LTD,L
GET&D,BE,GE T&D INDIA LIMITED,L
GILLANDERS,EQ,GILLANDERS ARBUTHNOT LTD,L
GKWLIMITED,BE,GKW LIMITED,L
GLOBAL,BE,GLOBAL EDUCATION LIMITED,L
GLOBALVECT,BE,GLOBAL VEC HELICORP LTD,L
GLOBE,EQ,GLOBE TEXTILES (I) LTD.,L
GMRP&UI,EQ,GMR POW AND URBAN INFRA L,L
GODHA,EQ,GODHA CABCON INSULAT LTD,L
GOENKA,BZ,GOENKA DIAMOND&JEWELS LTD,L
GOLDTECH,EQ,AION-TECH SOLUTIONS LTD,L
GRAPHISAD,SM,GRAPHISADS LIMITED,L
GREENPOWER,EQ,ORIENT GREEN POWER CO LTD,L
GRSE,EQ,GARDEN REACH SHIP&ENG LTD,L
GSMFOILS,ST,GSM FOILS LIMITED,L
GTLINFRA,EQ,GTL INFRA.LTD,L
GVKPIL,BE,GVK POW. & INFRA LTD.,L
HAVISHA,EQ,SRI HAVISHA HOSP & INFR L,L
HCC,EQ,HINDUSTAN CONSTRUCTION CO,L
HDIL,BZ,HOUSING DEV & INFRA LTD,L
HILTON,EQ,HILTON METAL FORGING LTD,L
HINDMOTORS,EQ,HINDUSTAN MOTORS LIMITED,L
HINDNATGLS,BE,HIND NATL GLASS & IND LTD,L
HIRECT,EQ,HIND RECTIFIER LIMITED,L
HITECHGEAR,BE,THE HI-TECH GEARS LIMITED,L
HLVLTD,BE,HLV LIMITED,L
HMT,BZ,HMT LTD -,L
HOACFOODS,ST,HOAC FOODS INDIA LIMITED,L
HSCL,EQ,HIMADRI SPECIALITY CHEM L,L
HUBTOWN,EQ,HUBTOWN LIMITED,L
HYBRIDFIN,EQ,HYBRID FINANCIAL SERVICE,L
IEML,SM,INDIAN EMULSIFIERS LTD,L
IFCI,EQ,IFCI LTD,L
IL&FSENGG,BZ,IL&FS ENG AND CONS CO LTD,L
INDOTECH,BE,INDO TECH TRANSFORM LTD.,L
INDOTHAI,EQ,INDO THAI SEC LTD,L
INDOWIND,EQ,INDOWIND ENERGY LTD,L
INDSWFTLTD,BE,IND-SWIFT LIMITED,L
INOXGREEN,EQ,INOX GREEN ENERGY SER LTD,L
INOXWIND,EQ,INOX WIND LIMITED,L
INSPIRE,SM,INSPIRE FILMS LIMITED,L
ISHAN,SM,ISHAN INTERNATIONAL LTD,L
IWEL,BE,INOX WIND ENERGY LIMITED,L
JAIBALAJI,BE,JAI BALAJI INDUSTRIES LTD,L
JAYNECOIND,EQ,JAYASWAL NECO INDUSTR LTD,L
JITFINFRA,BE,JITF INFRALOGISTICS LTD,L
JPASSOCIAT,EQ,JAIPRAKASH ASSOCIATES LTD,L
JPPOWER,EQ,JAIPRAKASH POWER VEN. LTD,L
JSLL,ST,JEENA SIKHO LIFECARE LTD,L
JYOTICNC,EQ,JYOTI CNC AUTOMATION LTD,L
JYOTISTRUC,BE,JYOTI STRUCTURES,L
KAMATHOTEL,EQ,KAMAT HOTELS (I) LTD,L
KANANIIND,EQ,KANANI INDUSTRIES LTD,L
KARMAENG,BE,KARMA ENERGY LIMITED,L
KAVVERITEL,BE,KAVVERI TEL. LTD.,L
KBCGLOBAL,EQ,KBC GLOBAL LIMITED,L
KCEIL,SM,KAY CEE ENERGY & INFRA L,L
KCK,ST,KCK INDUSTRIES LTD,L
KDL,SM,KORE DIGITAL LIMITED,L
KEEPLEARN,BE,DSJ KEEP LEARNING LTD,L
KERNEX,EQ,KERNEX MICROSYS(I) LTD,L
KONSTELEC,SM,KONSTELEC ENGINEERS LTD,L
KONTOR,SM,KONTOR SPACE LIMITED,L
KPIGREEN,EQ,KPI GREEN ENERGY LIMITED,L
KRISHNADEF,SM,KRISHNA DEF AND ALD IND L,L
KRITIKA,BE,KRITIKA WIRES LIMITED,L
KSHITIJPOL,EQ,KSHITIJ POLYLINE LIMITED,L
LAGNAM,BE,LAGNAM SPINTEX LIMITED,L
LANCORHOL,EQ,LANCOR HOLDINGS LIMITED,L
LASA,EQ,LASA SUPERGENERICS LTD,L
LGHL,BE,LAXMI GOLDORNA HOUSE LTD,L
LLOYDS,SM,LLOYDS LUXURIES LIMITED,L
LOKESHMACH,BE,LOKESH MACHINES LTD,L
MACPOWER,BE,MACPOWER CNC MACHINES LTD,L
MAKS,SM,MAKS ENERGY SOL INDIA LTD,L
MANAKCOAT,BE,MAN COAT METAL & IND LTD,L
MANINDS,EQ,MAN INDUSTRIES (I) LTD.,L
MANORAMA,BE,MANORAMA INDUSTRIES LTD,L
MANUGRAPH,EQ,MANUGRAPH INDIA LIMITED,L
MARINE,EQ,MARINE ELECTRICAL (I) LTD,L
MAXIND,EQ,MAX INDIA LIMITED,L
MBECL,BE,MCNALLY BH. ENG. CO.LTD,L
MCLEODRUSS,EQ,MCLEOD RUSSEL INDIA LTD.,L
MEP,BE,MEP INFRA. DEVELOPERS LTD,L
MGEL-RE,BE,MANGALAM GLOBAL ENT LTD,L
MICEL,EQ,MIC ELECTRONICS LTD,L
MIRCELECTR,EQ,MIRC ELECTRONICS LTD,L
MONOPHARMA,SM,MONO PHARMACARE LIMITED,L
MORARJEE,BE,MORARJEE TEXTILES LIMITED,L
MRO-TEK,BE,MRO-TEK REALTY LIMITED,L
MSPL,EQ,MSP STEEL & POWER LTD.,L
MTEDUCARE,BE,MT EDUCARE LTD,L
NAGREEKEXP,EQ,NAGREEKA EXPORTS LTD.,L
NBCC,EQ,NBCC (INDIA) LIMITED,L
NETWEB,EQ,NETWEB TECH INDIA LTD,L
NILAINFRA,EQ,NILA INFRASTRUCTURES LTD,L
NITCO,BE,NITCO LIMITED,L
NOIDATOLL,EQ,NOIDA TOLL BRIDGE CO LTD,L
NTL,BE,NEUEON TOWERS LIMITED,L
OILCOUNTUB,BE,OIL COUNTRY TUBULAR LTD.,L
ONELIFECAP,BE,ONELIFE CAP ADVISORS LTD,L
ONEPOINT,EQ,ONE POINT ONE SOL LTD,L
ORIANA,SM,ORIANA POWER LIMITED,L
ORIENTLTD,EQ,ORIENT PRESS LIMITED,L
OSIAHYPER,BE,OSIA HYPER RETAIL LIMITED,L
OWAIS,SM,OWAIS METAL & MINERAL,L
PAISALO,EQ,PAISALO DIGITAL LIMITED,L
PALREDTEC,BE,PALRED TECHNOLOGIES LTD,L
PARACABLES,BE,PARAMOUNT COMM LTD,L
PARSVNATH,EQ,PARSVNATH DEVELOPER LTD,L
PATTECH,ST,PATTECH FITWELL TUB COM L,L
PAYTM,EQ,ONE 97 COMMUNICATIONS LTD,L
PEARLPOLY,BE,PEARL POLYMERS LTD,L
PERFECT,SM,PERFECT INFRAENGINEER LTD,L
PRAENG,BE,PRAJAY ENG. SYN. LTD.,L
PRAMARA,SM,PRAMARA PROMOTIONS LTD,L
PRATHAM,SM,PRATHAM EPC PROJECTS LTD,L
PREMEXPLN,EQ,PREMIER EXPLOSIVES LTD,L
PREMIER,BE,PREMIER LIMITED,L
PULZ,SM,PULZ ELECTRONICS LIMITED,L
PURVA,BE,PURAVANKARA LIMITED,L
PVP,EQ,PVP VENTURES LIMITED,L
QUESTLAB,ST,QUEST LABORATORIES LTD,L
RADAAN,BE,RADAAN MEDIAWORKS (I) LTD,L
RAJRILTD,BE,RAJ RAYON INDUSTRIES LTD,L
RAMCOSYS,BE,RAMCO SYSTEMS LTD,L
RBMINFRA,SM,RBM INFRACON LIMITED,L
RBZJEWEL,BE,RBZ JEWELLERS LIMITED,L
RCOM,BE,RELIANCE COMMUNICATIONS L,L
REFRACTORY,SM,REFRACTORY SHAPES LIMITED,L
REMSONSIND,EQ,REMSONS INDUSTRIES LTD,L
REXPIPES,SM,REX PIPES AND CABLES LTD,L
RICHA,SM,RICHA INFO SYSTEMS LTD,L
ROLTA,BZ,ROLTA INDIA LTD,L
RPOWER,EQ,RELIANCE POWER LTD.,L
RPPINFRA,BE,R.P.P INFRA PROJECTS LTD.,L
RSSOFTWARE,BE,R. S. SOFTWARE (INDIA) LI,L
RTNPOWER,BE,RATTANINDIA POWER LIMITED,L
RUCHINFRA,EQ,RUCHI INFRASTRUCTURE LTD,L
RULKA,ST,RULKA ELECTRICALS LIMITED,L
RVHL,EQ,RAVINDER HEIGHTS LIMITED,L
S&SPOWER,BE,S&S POWER SWITCHGEARS,L
SABAR,SM,SABAR FLEX INDIA LIMITED,L
SADBHAV,BE,SADBHAV ENGINEERING LTD,L
SADBHIN,EQ,SADBHAV INFRA PROJ LTD.,L
SAHANA,SM,SAHANA SYSTEM LIMITED,L
SALASAR,EQ,SALASAR TECHNO ENGG. LTD.,L
SALZERELEC,EQ,SALZER ELECTRONICS LTD,L
SAMBHAAV,BE,SAMBHAAV MEDIA LTD,L
SAMPANN,EQ,SAMPANN UTPADAN INDIA LTD,L
SANCO,BZ,SANCO INDUSTRIES LIMITED,L
SANWARIA,BZ,SANWARIA CONSUMER LIMITED,L
SARTELE,SM,SAR TELEVENTURE LIMITED,L
SARVESHWAR,EQ,SARVESHWAR FOODS LIMITED,L
SCHNEIDER,EQ,SCHNEIDER ELECTRIC INFRA,L
SEAMECLTD,EQ,SEAMEC LIMITED,L
SECURCRED,EQ,SECUR CREDENTIALS LIMITED,L
SEJALLTD,BE,SEJAL GLASS LIMITED,L
SEL,SM,SUNGARNER ENERGIES LTD,L
SEMAC,BE,SEMAC CONSULTANTS LIMITED,L
SEYAIND,BE,SEYA INDUSTRIES LIMITED,L
SHAHALLOYS,EQ,SHAH ALLOYS LIMITED,L
SHAKTIPUMP,EQ,SHAKTI PUMPS (I) LTD,L
SHEETAL,ST,SHEETAL UNIVERSAL LIMITED,L
SHRENIK,EQ,SHRENIK LIMITED,L
SHUBHLAXMI,SM,SHUBHLAXMI JEWEL ART LTD,L
SICALLOG,BE,SICAL LOGISTICS LIMITED,L
SIMPLEXINF,BE,SIMPLEX INFRASTRUCTURES L,L
SITINET,BE,SITI NETWORKS LIMITED,L
SJLOGISTIC,SM,S J LOGISTICS (INDIA) LTD,L
SKYGOLD,BE,SKY GOLD LIMITED,L
SMARTLINK,BE,SMARTLINK HOLDINGS LTD,L
SOLARA-RE,BE,SOLARA ACTIVE PHA SCI LTD,L
SOLEX,SM,SOLEX ENERGY LIMITED,L
SPECTRUM,SM,SPECTRUM ELECTRIC IND LTD,L
SPMLINFRA,EQ,SPML INFRA LIMITED,L
SPRL,ST,SP REFRACTORIES LIMITED,L
SPTL,BZ,SINTEX PLASTICS TECH LTD,L
SSFL,SM,SRIVARI SPICES N FOODS L,L
SUMIT,BE,SUMIT WOODS LIMITED,L
SURANASOL,BE,SURANA SOLAR LIMITED,L
SURANAT&P,EQ,SURANA TELECOM AND POW LT,L
SUULD,EQ,SUUMAYA INDUSTRIES LTD,L
SUVEN,EQ,SUVEN LIFE SCIENCES LTD,L
SUZLON,BE,SUZLON ENERGY LIMITED,L
SWANENERGY,EQ,SWAN ENERGY LIMITED,L
SWELECTES,EQ,SWELECT ENERGY SYS LTD,L
SWSOLAR,EQ,STRLNG & WIL REN ENE LTD,L
TAC,SM,TAC INFOSEC LIMITED,L
TARACHAND,BE,TARA CHAND INFRA SOLN LTD,L
TCLCONS,EQ,TANTIA CONSTRUCTIONS LTD,L
TECHLABS,SM,TRIDENT TECHLABS LIMITED,L
TECHNOE,EQ,TECHNO ELEC & ENG CO. LTD,L
TECILCHEM,EQ,TECIL CHEMICALS,L
TFCILTD,EQ,TOURISM FINANCE CORP. OF,L
THOMASCOTT,BE,THOMAS SCOTT (INDIA) LTD,L
TIMESCAN,SM,TIMESCAN LOGISTICS IND L,L
TPHQ,BE,TEAMO PRODUCTIONS HQ LTD,L
TRANSWIND,SM,TRANSWIND INFRA LIMITED,L
TREJHARA,BE,TREJHARA SOLUTIONS LTD,L
TRF,BE,TRF LIMITED,L
TRIL,BE,TRANS & RECTI. LTD,L
TRUST,SM,TRUST FINTECH LIMITED,L
UMAEXPORTS,BE,UMA EXPORTS LIMITED,L
UNIINFO,BE,UNIINFO TELECOM SERVI LTD,L
UNITECH,BZ,UNITECH LIMITED,L
UNIVASTU,BE,UNIVASTU INDIA LIMITED,L
URJA,EQ,URJA GLOBAL LIMITED,L
VARDMNPOLY,EQ,VARDHMAN POLYTEX LTD.,L
VCL,BE,VAXTEX COTFAB LIMITED,L
VEEKAYEM,SM,VEEKAYEM FASH & APP LTD,L
VELS,SM,VELS FILM INTERNATIONAL L,L
VERITAAS,SM,VERITAAS ADVERTISING LTD,L
VERTOZ,BE,VERTOZ ADVERTISING LTD,L
VILAS,ST,VILAS TRANSCORE LIMITED,L
VINNY,EQ,VINNY OVERSEAS LIMITED,L
VISHNUINFR,SM,VISHNUSURYA PROJ N INFR L,L
VIVIANA,SM,VIVIANA POWER TECH LTD,L
VLEGOV,BE,VL E GOV AND IT SOL LTD,L
VMARCIND,SM,V MARC INDIA LIMITED,L
VSTL,BE,VIBHOR STEEL TUBES LTD,L
WALCHANNAG,EQ,WALCHANDNAGAR INDUSTRIES,L
WANBURY,EQ,WANBURY LIMITED,L
WEBELSOLAR,BE,WEBSOL ENERGY SYSTEM LTD,L
WEL,BE,WONDER ELECTRICALS LTD,L
WEWIN,BE,WE WIN LIMITED,L
WINSOME,BE,WINSOME YARNS LIMITED,L
WOMANCART,SM,WOMANCART LIMITED,L
XELPMOC,BE,XELPMOC DESIGN & TECH LTD,L
YUDIZ,SM,YUDIZ SOLUTIONS LIMITED,L
ZENITHSTL,EQ,ZENITH STEEL PIP IND LTD,L
ZENTEC,EQ,ZEN TECHNOLOGIES LIMITED,L
