SECURITY,NEW,PREVIOUS,NEW_STATUS
SGB2.50%MAY2025SR-I 17-18,7487.9,7475,H
VIJAYA DIAGNOSTIC CEN LTD,880,844.45,H
COROMANDEL INTERNTL. LTD,1384.75,1346.4,H
HERO MOTOCORP LIMITED,5775.2,5349,H
PASHUPATI COTSPIN LIMITED,290.55,276.75,H
MAN COAT METAL & IND LTD,66.9,66.25,H
GOI TBILL 182D-13/06/24,99.77,99.75,H
SEC RED NCD 8.01% SR.II,1008.6,1005,H
ICICIPRAMC - ICICICONSU,112.02,111.94,H
SEC RE NCD 8.66% SR.VI,981,979,H
BEACON TRUSTEESHIP LTD,97,94.5,H
MAHINDRA & MAHINDRA LTD,2753.7,2654.35,H
COLGATE PALMOLIVE LTD.,3069.05,2960.9,H
LE MERITE EXPORTS LIMITED,91.5,89,H
DC INFOTECH AND COMUN LTD,258.9,251.55,H
2.50%GOLDBONDS2031SR-I,7450,7449,H
TVS HOLDINGS LIMITED,12300,12294,H
GOI TBILL 364D-24/10/24,97,96.53,H
AHIMSA INDUSTRIES LTD.,15.9,15.65,H
EID PARRY INDIA LTD,725,703.75,H
UNSEC RE NCD 10% SR.I,1040,1020,H
DHANI LOANS & SERV LTD,999,988,H
TVS MOTOR COMPANY  LTD,2370.1,2313.45,H
STEL HOLDINGS LIMITED,439.7,419,H
BAJAJ AUTO LIMITED,9679,9444,H
PARIN FURNITURE LIMITED,205,204.5,H
MIRAEAMC - MANV30F,189.33,189.3,H
REDTAPE LIMITED,781.05,774.95,H
NAVIAMC - NAVINIFTY,280.92,272,H
GOI TBILL 182D-11/07/24,99.15,99,H
UJAAS ENERGY LIMITED,186.2,177.35,H
GOI TBILL 91D-19/07/24,99.25,99,H
SEC RE NCD 10.75% SR II,1008.99,1008.67,H
SEC RE NCD SR VI,1007.11,1000,H
ESCORTS KUBOTA LIMITED,4019.9,3960,H
TRENT LTD,4932.05,4777.9,H
SHEKHAWATI POLY-YARN LTD.,3.8,3.75,H
TEERTH GOPICON LIMITED,294.1,280.1,H
SERENCD 8.60% SR.IV OP8,1038,1035.01,H
SEC RE NCD 9.65% SR I,1020,1003.11,H
SDL AP 7.74% 2032,99.75,95,H
NITIRAJ ENGINEERS LTD,236.55,231.95,H
GOI LOAN  7.04% 2029,98.61,98,H
E2E NETWORKS LIMITED,1510.5,1438.6,H
NIP IND ETF MIDCAP 150,213.55,213.05,H
NIPPON INDIA- NIMFXX,125.6,124.5,H
LCC INFOTECH LTD,2.9,2.85,H
ROLLATAINERS LIMITED,4,3.95,H
TAX FREE7.50% SR.104 A,1243,1242.7,H
VICEROY HOTELS LIMITED,85.85,81.8,H
DSPAMC - LIQUIDADD,1013.2,1013.03,H
GOI TBILL 364D-08/05/25,93.82,93.5,H
GOI TBILL 91D-25/07/24,98.81,98.8,H
MANGALAM GLOBAL ENT LTD,1.5,1.1,H
PIDILITE INDUSTRIES LTD,3231,3118,H
MARICO LIMITED,667.2,620,H
PRECOT LIMITED,410,409.9,H
ENDURANCE TECHNO. LTD.,2476.7,2318.8,H
MRS BECTORS FOOD SPE LTD,1436.9,1373.95,H
KOTAKMAMC - KOTAKCONS,115,110.69,H
SP REFRACTORIES LIMITED,366,359,H
GOI TBILL 364D-20/06/24,99.73,99.55,H
DSPAMC - DSPSENXETF,83,80,H
GOI TBILL 182D-24/10/24,97.14,97.09,H
MPS LIMITED,1964,1899,H
NIPPONAMC - NETFAUTO,247.76,246.5,H
BIKAJI FOODS INTERN LTD,636.4,620,H
SRI ADHIKARI BRO TELE N L,176.7,173.25,H
BFAM - BANKBETF,60,52,H
NHB 8.93 NCD TR II SR 2 B,5999.99,5994.99,H
GOI TBILL 91D-12/07/24,99.18,99.1,H
GOI TBILL 182D-28/11/24,96.69,96.05,H
GOI TBILL 182D-14/11/24,97.5,96.69,H
SEC RE NCD 0% SR.VIII,1080,1068.55,H
7.35% TAX FREE NCD,1260,1242,H
ATAL REALTECH LIMITED,7.4,7.5,L
VILIN BIO MED LIMITED,16,18.1,L
DIGIDRIVE DISTRIBUTORS L,30.85,32.45,L
SEC RE NCD 8.5% SR.III,991.2,995.8,L
CADSYS (INDIA) LIMITED,298.6,314.3,L
SEC RE NCD SR II,1040.25,1059.31,L
SEC RE NCD 9.25% SR.VII,910.55,925,L
VILAS TRANSCORE LIMITED,203.8,204.25,L
LEAD REC AND RUB PROD LTD,28.65,28.9,L
VAXTEX COTFAB LIMITED,0.7,0.75,L
OSIA HYPER RETAIL LIMITED,22.7,23.35,L
GLOBESECURE TECHNO LTD,37.1,38.95,L
SEMAC CONSULTANTS LIMITED,610.8,642.95,L
MEP INFRA. DEVELOPERS LTD,7.4,7.5,L
ICICIPRAMC - ICICIALPLV,26,26.58,L
SHEETAL UNIVERSAL LIMITED,57,58.8,L
8.30% TAX FREE NCD,1108.1,1120,L
SHREEOSWAL S AND CHE LTD,23.25,23.85,L
KOTAK PSU BANK,654,655,L
SEC RE NCD 9.60% SR 2,990,995,L
TECIL CHEMICALS,20.35,21.4,L
SALASAR TECHNO ENGG. LTD.,18.1,18.5,L
FUTURE SUPP CHAIN SOL LTD,4.05,4.2,L
ACCURACY SHIPPING LIMITED,8.05,8.45,L
SECUR CREDENTIALS LIMITED,13.85,15.45,L
PRESSTONIC ENGINEERING L,90.15,94.1,L
DEEM ROLL TECH LIMITED,82.5,86,L
SONA MACHINERY LIMITED,115.1,117.5,L
INDIABULL RE.0.67 PPD UP,53,53.4,L
SOLARA ACTIVE PHA SCI LTD,17.4,21.7,L
8.12/8.32% TAX FREE NCD,1140.01,1141.9,L
TAX FREE  7.64% SR. 108A,1149.01,1155,L
NANDANI CREATION LIMITED,46.1,47.05,L
SEC RE NCD SR III,910,920,L
SEC RE NCD 9.25% SR.VII,977,985,L
IRIS BUSINESS SERV LTD,223.45,228,L
RAJSHREE POLYPACK LTD,68.25,70.45,L
UTIAMC - NIFITETF,321.68,322,L
VARANIUM CLOUD LIMITED,15.25,16.05,L
VELS FILM INTERNATIONAL L,48.75,51.3,L
VIBHOR STEEL TUBES LTD,221.7,231.75,L
YUDIZ SOLUTIONS LIMITED,52.35,55.1,L
DANGEE DUMS LIMITED,7.25,7.5,L
NEWJAISA TECHNOLOGIES LTD,70.05,75,L
AARTECH SOLONICS LIMITED,185.5,189.25,L
DCG CABLES & WIRES LTD,77,78,L
ICICI PRUD MIDCAP SEL ETF,14.03,15.16,L
SECUREKLOUD TECH LIMITED,37.35,38.1,L
SEC RE NCD 10.03% SR.VIII,900,900.09,L
ATLANTAA LIMITED,36.45,37.05,L
TIMESCAN LOGISTICS IND L,62.7,65,L
ATAM VALVES LIMITED,186,189,L
C P S SHAPERS LIMITED,247.7,260.7,L
GREENCHEF APPLIANCES LTD,63,63.5,L
AURUM RS. 3.12 PPD UP,106.35,108.15,L
CREATIVE GRAPHICS S IND L,151.75,159.7,L
DAVANGERE SUGAR COMPANY L,8.8,9,L
GOKUL REFOILS & SOLV LTD,39.2,40,L
UNSE RE NCD 10% SR.I,925.2,926.2,L
TRUST FINTECH LIMITED,185.8,195.55,L
SEC RED NCD 9.7% SR.VII,1065,1070.55,L
LANCOR HOLDINGS LIMITED,40.2,42.3,L
LATENT VIEW ANALYTICS LTD,444,452.55,L
SEC RE NCD 10.25% SR XII,930,945.25,L
SINTEX PLASTICS TECH LTD,0.75,0.8,L
SEC RE NCD SR III,920.1,1004.25,L
SEC RE NCD 10.25% SR XII,970.2,1000,L
SEC RED NCD 9% SR.V,1003.5,1021.01,L
PYRAMID TECHNOPLAST LTD,134.4,136,L
WELSPUN LIVING LIMITED,122.65,126,L
SOTAC PHARMACEUTICALS LTD,87.1,96.2,L
DHAMPUR BIO ORGANICS LTD,112.4,113.25,L
COMPUAGE INFOCOM LTD,3.45,3.6,L
UNIHEALTH CONSULTANCY LTD,111,113.7,L
INTERIORS & MORE LIMITED,201,210,L
ALUWIND ARCHITECTURAL LTD,44.2,45.2,L
SEC RE NCD SR.III,1050.1,1058.56,L
SEC RED NCD 8.30% SR.III,1016,1017,L
RULKA ELECTRICALS LIMITED,343.95,362.05,L
BIRLASLAMC-ABSLPSE,9.26,9.9,L
VERITAAS ADVERTISING LTD,136.25,170.3,L
QUICKTOUCH TECHNOLOGIES L,108,110,L
BANKA BIOLOO LIMITED,86.85,88.6,L
BODHI TREE MULTIMEDIA LTD,10.3,11.7,L
TATVA CHIN PHARM CHEM LTD,956.7,975,L
HARDWYN INDIA LIMITED,26,26.1,L
SUUMAYA INDUSTRIES LTD,6.45,6.7,L
MEDICO REMEDIES LIMITED,34.8,35.25,L
AKANKSHA POWER N INFRA L,73,74.7,L
ASTRON PAPER BORD MIL LTD,19.8,20.2,L
SRI HAVISHA HOSP & INFR L,2.25,2.3,L
VIJI FINANCE LIMITED,2.6,2.65,L
SEC RE NCD 8.65% SR.V,870,896.95,L
SEC RE NCD 8.65% SR.V,893,896,L
SEC RE NCD 9.75% SR. IV,1025,1071,L
SEC RED NCD 9.85% SR. VII,970,978,L
SERENCD 8.65% SR.VI OP12,1030.02,1032,L
RAJ TV NETWORK LTD,119.15,119.5,L
QUEST LABORATORIES LTD,103.05,108.45,L
TAX FREE 7.69% SR. IIB,1160,1162.5,L
REFRACTORY SHAPES LIMITED,123.4,127.4,L
SEC RE NCD SR II,1016,1016.02,L
SILKFLEX POLYMERS INDIA L,48,50,L
UNSE RE NCD 9.35% SR.X,830.2,950,L
SEC RE NCD 8.94% SR.II,950.2,982.91,L
ANDHRA CEMENTS LIMITED,76,77,L
MUFIN GREEN FINANCE LTD,102.65,107.75,L
ANSAL PROP & INFRA LTD,8.2,8.5,L
ENFUSE SOLUTIONS LIMITED,102.2,104,L
IRM ENERGY LIMITED,431.6,433.2,L
7.60% TAX FREE NCD,1201.3,1203.01,L

