SYMBOL,SYMBOL P/E,ADJUSTED P/E
EDELWEISS,12.41,12.41
RGL,13.27,13.27
KAUSHALYA,2.14,2.14
HITECHCORP,14.97,14.97
BRIGADE,70.8,70.8
MANAKSIA,7.81,5.91
DVL,25,25
ARIES,14.29,14.29
CORDSCABLE,24.58,24.58
HERCULES,37.47,37.47
SEPC,105.19,105.19
IRB,43,43
GSS,33.35,33.35
RECLTD,8.42,8.42
NESCO,15.96,15.96
TITAGARH,55.82,55.5
DIGISPICE,11.99,27.56
ALMONDZ,11.43,30.02
ARCHIDPLY,27.03,27.03
VINYLINDIA,27.56,27.56
ZFCVINDIA,76.53,76.53
JOCIL,90.91,90.91
ALKALI,91.38,76.12
TPHQ,19.4,19.4
MAWANASUG,9.78,9.78
AJMERA,21.24,21.24
EXCEL,81.64,81.64
EXPLEOSOL,19.94,19.94
SUNTECK,93.81,93.81
SARDAEN,14.81,14.75
GODREJPROP,99.88,99.88
MMTC,149.55,212.16
NESTLEIND,93.71,94.06
EMMBI,17.1,17.1
MANINFRA,22.69,22.69
MANAPPURAM,6.16,6.16
TI,30.68,30.04
BAJAJCON,20.77,20.77
UGARSUGAR,36.34,36.34
GREENPOWER,50.06,58.4
WABAG,22.42,21.79
JWL,64.84,64.84
SHAH,39.32,39.32
RESPONIND,47.46,47.46
GRAVITA,28.09,28.09
RKDL,,228.45
HINDMOTORS,27.33,27.33
LOVABLE,28.73,28.73
VADILALIND,19.57,19.57
VSTTILLERS,23.1,23.1
MAITHANALL,9.19,9.19
LTF,16.05,16.05
ASAHISONG,28.33,
TDPOWERSYS,38.7,38.7
PANAMAPET,10.01,10.01
TRITURBINE,63.74,63.74
JISLDVREQS,.63,.63
RUPA,26.75,25.73
APLAPOLLO,54.35,54.35
THOMASCOTT,25.63,25.63
IRFC,33.54,33.54
COMPUSOFT,36.15,36.15
RHIM,,54.09
NBCC,58.92,44.63
HEXATRADEX,8.69,8.69
SWANENERGY,30.35,30.35
RTNINDIA,21.49,19.25
PROZONER,177.74,177.74
KITEX,22.68,22.68
ROSSELLIND,115.01,114.07
TVSHLTD,11.68,11.66
VETO,11.85,11.85
INDUSTOWER,13.75,13.75
ORIENTCEM,22.63,22.63
PILITA,60.28,60.28
ORBTEXP,13.56,13.56
HATSUN,82.51,82.51
GULFOILLUB,14.05,14.05
SUPERHOUSE,19.38,19.38
PDSL,26.46,27.01
FCL,29.91,29.91
GULPOLY,58.9,58.9
GRPLTD,50.16,46.09
GREENLAM,50.56,50.56
JMA,8.19,8.19
ZENTEC,61.07,61.97
LFIC,5.58,5.58
PRIVISCL,47.99,47.99
NILAINFRA,34.66,34.66
ALANKIT,24.43,24.43
AYMSYNTEX,216.35,50.36
MUTHOOTCAP,3.66,86.94
NAVKARCORP,226.77,226.77
BALAXI,,13.94
ALKEM,31.08,29.52
QUICKHEAL,90.79,90.79
BHAGERIA,34.7,34.7
GOKULAGRO,14.82,14.82
PDMJEPAPER,8.01,8.01
HECPROJECT,17.27,17.27
WEALTH,19.26,19.26
CROMPTON,54.86,54.86
SHRIPISTON,17.87,17.87
ASPINWALL,18.33,18.33
PREMEXPLN,89.63,89.63
INCREDIBLE,33.42,33.42
MOLDTECH,23.58,23.58
COMPINFO,.92,.92
QUESS,28.46,26.08
LLOYDSENGG,85.85,85.85
LTIM,29.91,29.91
MINDTECK,22.33,22.33
DBL,27.57,301.49
BIGBLOC,47.66,47.66
MBAPL,78.77,78.77
LTTS,35.77,35.77
MARATHON,13.98,13.98
SAKAR,57.12,57.12
PANSARI,27.74,27.74
ARTNIRMAN,116.34,116.34
ENDURANCE,45.53,45.53
PNBHOUSING,11.57,11.57
PODDARMENT,13.31,13.31
JETFREIGHT,289.88,
SFL,43.81,54.13
TERASOFT,21.13,18.55
HISARMETAL,14.84,14.84
LIBAS,8.42,8.42
CAPTRUST,82.68,82.68
MAHESHWARI,13.01,13.01
MCL,81.28,81.28
PRICOLLTD,35.92,35.92
STEELCITY,11.06,11.06
KRISHANA,37.91,37.91
GLOBAL,11.89,11.89
SANGINITA,67.13,67.13
AKASH,301.25,301.25
RADIOCITY,77.53,77.53
TASTYBITE,61.71,61.71
URJA,389.01,389.01
LAXMICOT,,83.82
EIFFL,146.59,146.59
CREATIVE,18.56,18.56
FOCUS,25.66,25.66
SIKKO,35.19,35.19
DOLLAR,31.73,31.53
INFOBEAN,42.25,42.25
TEJASNET,285.58,285.58
GTPL,15.54,15.54
ACEINTEG,53.34,53.34
AVADHSUGAR,7.94,7.94
GANGESSECU,38.29,38.29
TOTAL,108.28,108.28
WEWIN,29.6,29.6
VAISHALI,199.5,199.5
SERVOTECH,148.96,148.96
APEX,43.47,43.47
DIXON,145.23,145.23
CAPACITE,19.34,19.34
WORTH,9.82,9.82
AARVI,16.27,16.27
RKEC,10.06,10.06
JASH,37.95,37.95
TIRUPATIFL,22.56,22.56
TCPLPACK,18.91,18.91
DPABHUSHAN,42.51,42.51
NAM-INDIA,31.17,31.17
IFGLEXPOR,25.43,25.43
VERTOZ,161.26,161.26
ICEMAKE,39.02,39.02
SHRADHA,8.03,8.03
SHALBY,31.56,31.56
ONEPOINT,48.5,48.5
AJOONI,47.43,47.43
BCONCEPTS,65.17,65.17
APOLLO,99.34,99.34
SINTERCOM,308.31,308.31
ARVEE,237.06,237.06
HGINFRA,16,16.35
UNIINFO,59.77,59.77
MACPOWER,58.79,58.79
URAVI,272.54,272.54
MITTAL,26.46,81.84
KAPSTON,27.27,27.27
AVG,18.41,30.57
PIGL,14.47,14.47
BSHSL,90.34,90.34
GODHA,104.75,104.75
SOFTTECH,112.49,112.49
E2E,95.31,95.31
INDOSTAR,22.02,22.02
SIRCA,32.49,32.49
AIRAN,24.8,24.8
ARIHANTSUP,17.14,17.14
CLEDUCATE,22.65,24.2
SHANKARA,19.29,19.29
WIPL,39.98,39.98
DEVIT,24.4,24.4
PANACHE,,22.36
SCHAND,14.7,14.7
PSPPROJECT,19.62,19.62
GLOBE,15.66,15.66
CDSL,48.93,48.93
AUBANK,30.43,29.24
DYNPRO,84.82,84.82
MAGADSUGAR,7.24,7.24
THEINVEST,47.17,47.17
SIS,36.01,36.01
SMSLIFE,33.88,33.88
GEEKAYWIRE,11.29,11.29
ABCAPITAL,17.1,17.1
CHOLAHLDNG,5.36,5.36
DPWIRES,27.44,27.44
AIROLAM,26.28,26.28
GATECHDVR,15.65,15.65
GODREJAGRO,31.23,31.23
TIINDIA,61.51,61.52
SECURCRED,12.43,12.43
SILVERTUC,59.22,59.22
DNAMEDIA,.38,
TOUCHWOOD,47.41,47.42
SILLYMONKS,137.15,137.15
AMBER,84.01,84.01
SOUTHWEST,37.22,39.51
ASTERDM,58.78,
SARVESHWAR,48.17,48.17
BANDHANBNK,18.93,18.93
ISEC,13.11,13.11
MMP,26.95,26.95
CHEMFAB,28.96,28.96
AAKASH,18.36,18.36
SVLL,85.25,85.25
SONAMLTD,25.73,25.73
WEL,118.34,118.34
CHEMCON,44.11,44.11
WESTLIFE,177.39,177.39
MAZDOCK,29.88,29.88
DCI,27.59,27.59
IIFLSEC,10.24,10.24
FLUOROCHEM,70.27,70.27
KUANTUM,6.51,6.51
CHEMBOND,13.62,13.62
SBICARD,26.76,26.76
SIGMA,19.06,19.06
EASEMYTRIP,68.16,41.23
PRINCEPIPE,36.03,39.13
PATANJALI,58.86,58.86
ASALCBR,18.82,18.82
UNIVPHOTO,11.67,11.67
SUVENPHAR,52.41,52.41
KSOLVES,34.87,34.87
HAPPSTMNDS,46.91,48.86
BOROLTD,47.58,47.58
PAVNAIND,52.49,52.49
UNIDT,41.82,41.82
ANGELONE,17.99,17.99
ROML,45.25,45.25
RAILTEL,47.54,49.41
HERANBA,33.16,33.16
FAIRCHEMOR,38.71,38.71
ISGEC,28.57,28.57
PAKKA,20.21,20.21
CARYSIL,35.58,35.58
FIBERWEB,14.34,14.34
SBCL,35.81,35.81
IPL,37.84,37.84
LODHA,82.76,77.94
UTKARSHBNK,10.94,10.94
CRAFTSMAN,26.11,26.11
EXXARO,182.03,182.03
RUSTOMJEE,98.56,98.56
GSLSU,41.8,41.8
MANORAMA,89.05,89.05
DJML,71.62,71.62
KRITINUT,10.64,10.64
AVALON,110.78,110.78
SUKHJITS,13.28,13.28
SKYGOLD,37.59,37.59
DIVGIITTS,51.89,51.89
IKIO,31.52,31.52
RHL,62.36,62.36
NINSYS,57.82,57.82
ASMS,426.27,277.96
CYIENTDLM,79.03,79.03
ATAM,38.01,38.01
LAL,46.13,46.13
ASHOKAMET,11.47,11.47
PTCIL,281.39,281.39
KIRLPNU,54.08,51.73
NIITMTS,26.57,26.1
TREL,3.85,36.29
NOCIL,28.59,28.59
BATAINDIA,65.47,59.84
CHAMBLFERT,11.8,11.8
HINDOILEXP,10.08,11.69
BALMLAWRIE,19.53,19.53
RAMCOCEM,43.89,43.89
CENTURYTEX,95.25,35.98
CENTENKA,26.14,26.14
TORNTPHARM,55.06,57.61
FEDERALBNK,9.61,9.61
VIPIND,119.2,188.81
BIRLACABLE,28.95,28.95
AEGISCHEM,36.69,36.69
HONAUT,87.8,87.8
PRECOT,26.59,42.3
SHREYANIND,3.5,3.5
APOLLOHOSP,91.66,91.78
NEULANDLAB,25.85,25.85
BANARISUG,18.5,18.5
KPIL,33.7,33.7
BLUEDART,54.41,54.41
HSCL,38.86,38.86
UFLEX,,10.23
SUBROS,38.21,38.21
WIPRO,20.57,20.57
TATACOMM,50.07,55.16
SANOFI,36.02,34.86
KAJARIACER,42.26,42.24
PRSMJOHNSN,50.56,
PCBL,16.59,16.59
SAIL,20.91,16.55
STYRENIX,17.18,17.18
BRITANNIA,60.01,59.95
DABUR,56.56,56.56
KANSAINER,18.03,31.79
GABRIEL,29.22,29.22
PRAKASH,7.69,7.69
GREAVESCOT,,209.66
AKZOINDIA,27.05,27.05
GRASIM,15.1,14.51
VINATIORGA,49.39,49.39
NHPC,24.32,24.32
OIL,9.88,9.93
AMRUTANJAN,42.84,42.84
DEN,10.25,10.25
SHILPAMED,120,133.25
DLINKINDIA,14.69,14.69
DBCORP,11.66,11.66
BEARDSELL,16.98,16.98
TRF,15.32,15.32
UNITEDTEA,10.28,10.28
VASCONEQ,25.09,25.09
DBREALTY,6.68,7.1
PERSISTENT,47.22,47.22
HMVL,70.47,70.47
IITL,4.92,6.89
WELINV,94.33,94.33
ASHOKA,8.43,9.73
CGCL,46.42,46.42
JAMNAAUTO,21.92,21.92
STEL,54.12,54.12
HFCL,35.77,35.77
MUTHOOTFIN,14.8,14.8
OMINFRAL,22.2,22.2
DELPHIFX,13.16,13.16
DHANUKA,23.07,23.07
ATULAUTO,202.38,202.38
MITCON,25.41,25.41
AGRITECH,10.91,10.91
WONDERLA,29.79,29.79
SNOWMAN,83.1,83.1
INTELLECT,37.87,37.69
GENUSPAPER,139.97,139.97
LINC,23.23,23.23
HESTERBIO,85.39,85.39
IMAGICAA,7.19,122.27
BYKE,55.73,55.73
BCG,1.42,1.42
TPLPLASTEH,31.32,31.32
ADANIENSOL,91.21,81.88
PKTEA,16.88,16.88
SHREEPUSHK,14.22,14.22
SHK,19.85,19.85
PILANIINVS,25.76,25.76
OCCL,12.27,12.27
VIDHIING,61.81,61.81
BHARATWIRE,17.15,17.15
SAGARDEEP,58.7,58.7
UNITEDPOLY,28.04,28.04
ALBERTDAVD,8.1,8.1
CONTROLPR,24.97,24.99
DCM,23.03,23.03
HEUBACHIND,20.2,20.2
BEL,47.37,47.37
PVP,8.77,
TNPL,7.71,7.71
AUTOAXLES,16.68,16.68
DALMIASUG,10.59,10.59
SWARAJENG,20.79,20.79
MRF,24.84,24.84
TNPETRO,14.5,11.62
EIMCOELECO,28.39,28.39
JAYAGROGN,12.15,12.15
MOTHERSON,34.63,33.59
CREST,16.41,16.41
TVSSRICHAK,26.77,25.52
DYNAMATECH,39.85,76.31
ALKYLAMINE,63.23,63.23
RAMCOIND,25.85,25.85
GAIL,14.55,15.07
CONCOR,46.92,46.92
REPRO,82.35,82.35
GAEL,17.95,17.95
TIPSINDLTD,37.46,37.46
MARKSANS,20.36,20.36
TCI,22.89,22.72
PONNIERODE,7.45,7.45
UNIONBANK,7.74,7.74
DIVISLAB,71.75,71.75
NSIL,29.36,29.36
DREDGECORP,69.68,68.22
MUKANDLTD,19.95,19.95
POONAWALLA,19.84,29.04
DATAMATICS,14.47,14.47
APARINDS,36.76,36.76
COFORGE,39.64,40.07
GUFICBIO,34.34,34.34
KOTARISUG,15.78,15.78
PATELENG,15.27,20.21
JPPOWER,12.84,8.88
IIFL,8.11,8.11
CYBERMEDIA,10.39,7.91
GRANULES,24.64,24.64
YESBANK,53.26,53.26
RML,405.85,11.2
GEECEE,17.5,17.5
FIEMIND,18.43,18.43
LTFOODS,12.65,12.65
SOBHA,348.72,348.77
PRITI,18.55,18.55
ACCURACY,255.78,255.78
VARROC,15.41,15.41
GANGAFORGE,186.87,190.93
REPL,20.66,20.66
AVROIND,26.44,26.44
HDFCAMC,37.99,37.99
TEMBO,20,20.45
AARON,42.04,42.04
SIGIND,15.11,15.11
SUMIT,20.17,20.17
LAGNAM,15.85,15.85
RPPL,29.67,29.67
AKG,43.84,43.84
IRCON,25.27,25.27
AHLADA,11.29,11.29
RAJMET,18.69,18.69
KSHITIJPOL,18.52,
GRSE,40.9,40.9
KRITIKA,49.03,49.03
SILGO,18.69,18.69
VINNY,27.56,27.56
BBTCL,29.85,29.85
MARINE,52.7,52.97
IRISDOREME,46.46,46.46
ATGL,153.85,153.85
TECHNOE,53.73,53.73
UNIPARTS,17.16,17.16
SHRIRAMPPS,4.38,4.38
AWHCL,11.96,11.96
RPSGVENT,10.03,10.03
MSTCLTD,25.19,25.19
OSIAHYPER,15.43,15.43
ANUP,30.95,30.95
ARVINDFASN,53.35,51.14
PAR,18.49,18.49
RVNL,49.87,49.87
POLYCAB,53.82,53.82
METROPOLIS,75.35,75.35
KPITTECH,63.23,63.23
NEOGEN,111.78,111.78
VIKASLIFE,57.62,33.33
EMAMIPAP,7.42,7.42
CONFIPET,22.38,22.38
PPL,10.33,10.33
INDIAMART,37.98,37.82
OAL,121.08,121.08
SATIA,4.98,4.98
AFFLE,51.3,51.3
SPANDANA,10.27,10.27
HNDFDS,59.19,59.19
UJJIVANSFB,6.83,6.83
IRCTC,65.67,63.23
SAFARI,52.84,52.84
360ONE,33.22,33.22
HPIL,102.67,102.67
VISHWARAJ,21.19,21.19
GREENPANEL,24.6,24.6
APOLLOPIPE,62.48,62.48
MGEL,15.82,15.82
ROUTE,23.14,24
HOMEFIRST,23.64,23.64
CSBBANK,9.95,9.95
EQUITASBNK,12.93,12.93
ROSSARI,28.39,28.39
HINDWAREAP,67.58,67.58
LIKHITHA,19.11,19.11
ARTEMISMED,46.14,46.14
SUMICHEM,61.58,61.58
ATALREAL,26.75,26.75
MAHEPC,210.43,163.45
POWERINDIA,253.61,253.61
STOVEKRAFT,43.32,43.32
RAJRATAN,35.86,35.86
AARTISURF,25.53,25.53
GLAND,38.18,38.18
NDRAUTO,28.58,28.58
MAXHEALTH,71.75,71.75
AAATECH,39.32,39.32
KALYANKJIL,65.41,65.41
BTML,40.81,40.8
SHAREINDIA,12.88,12.86
SIGACHI,34.96,34.96
ADL,1549.34,1549.34
NIRAJ,17.57,11.87
CAMS,46.29,46.29
SURYODAY,9.07,9.07
UTIAMC,14.84,14.84
BECTORFOOD,53.14,53.14
ORCHPHARMA,51.5,51.5
INDIGOPNTS,41.8,41.8
LXCHEM,51.95,51.95
MTARTECH,93.11,93.11
ANURAS,48.56,48.56
KANPRPLA,251.74,251.74
STYLAMIND,19.23,19.11
CLSEL,8.61,8.61
SHAILY,47.88,47.88
MODISONLTD,17.98,22.59
BCLIND,13.67,13.61
BHAGCHEM,105.85,105.85
SMCGLOBAL,8.78,8.78
ARIHANTCAP,8.83,8.83
NAZARA,57.78,57.25
GENCON,15.4,15.4
HLEGLAS,66.19,61.78
SONACOMS,71.75,70.85
DRCSYSTEMS,22.14,22.14
PARAS,105.71,105.71
DODLA,30.05,30.05
JUBLINGREA,41.6,41.6
ROLEXRINGS,34.69,31.45
SHYAMMETL,14.5,14.51
TATVA,76.71,76.71
GLS,21.49,21.49
DEEPINDS,13.38,13.52
ZOMATO,432.55,432.55
PIXTRANS,20.2,20.2
WINDLAS,21.41,21.41
KRSNAA,30.58,30.58
DEVYANI,,474.66
APTUS,24.52,24.52
ANMOL,8.75,8.75
VIJAYA,67.48,66.64
SANSERA,28.12,28.12
PRITIKAUTO,23.57,23.57
AAREYDRUGS,24.33,24.33
INTLCONV,7.55,7.55
HPAL,41.25,41.59
UGROCAP,20.45,20.45
YUKEN,75.47,75.47
ANANDRATHI,71.02,71.02
SJS,24.54,24.54
FINOPB,24.62,24.62
POLICYBZR,842.58,842.58
NYKAA,1024.23,1024.23
AWL,252.43,201.81
MONARCH,13.12,13.12
SAPPHIRE,173.66,173.66
PRUDENT,47.64,47.64
EPIGRAL,24.44,24.44
NUVOCO,74.71,74.71
GOCOLORS,65.21,65.21
TRACXN,125.62,125.62
CMSINFO,20.37,20.37
FUSION,8.66,8.66
COASTCORP,64.16,64.16
TARSONS,50.63,50.63
MEDPLUS,164.83,164.83
TEGA,48.63,48.63
RATEGAIN,53.82,53.82
MANORG,67.26,67.26
LATENTVIEW,59.87,59.87
METROBRAND,72.92,72.92
MICEL,16.41,18.34
PASUPTAC,23.35,23.35
FOODSIN,21.9,21.88
PARADEEP,53.28,53.28
MAPMYINDIA,74.91,74.91
TMB,6.78,6.78
KRITI,23.43,23.43
MANYAVAR,60.55,60.55
GANESHBE,15.61,15.59
GVPTECH,81,81
DMCC,64.31,64.31
MEDICAMEQ,60.53,60.53
EMIL,41.98,41.98
SHIVALIK,47.19,47.19
UMAEXPORTS,28.78,27.96
DATAPATTNS,80.66,80.66
MEDANTA,60.48,60.48
AHL,21.44,21.44
MALLCOM,16.47,16.47
ASIANENE,42.44,39.59
SMLT,19.32,19.32
NRL,64.86,64.86
RADIANTCMS,18.03,18.03
CHOICEIN,50.58,50.58
HARIOMPIPE,26.67,26.67
GRWRHITECH,18.95,18.95
DCMSRIND,14.62,14.62
RAJRILTD,281.95,281.95
EMUDHRA,81.43,81.43
DYCL,30.13,30.13
FIVESTAR,25.91,25.91
VIRINCHI,23.1,23.1
SBC,70.88,70.88
ELDEHSG,26.15,26.15
ELIN,54.08,54.08
SEJALLTD,101.22,101.22
MHLXMIRU,19.59,19.59
RELCHEMQ,46.71,46.71
GATEWAY,17.75,17.75
SYRMA,63.76,63.28
ZIMLAB,26.95,26.95
JTLIND,32.52,32.52
CAMPUS,92.49,92.49
RAINBOW,58.4,58.4
VENUSPIPES,45.79,45.79
AETHER,128.85,68.47
ROTO,30.73,30.73
MEGASTAR,40.28,40.28
INDOBORAX,12.27,12.27
LANDMARK,47.24,45.74
RACE,314.55,314.55
AVONMORE,21.92,21.92
ETHOSLTD,98.59,98.59
DREAMFOLKS,35.12,35.12
MSUMI,44.71,44.71
DHARMAJ,17.6,17.6
HARSHA,37.08,37.08
OBCL,27.89,27.89
GMRP&UI,90.93,
INDOAMIN,18.4,18.4
INOXGREEN,133.89,133.89
ACI,23.18,23.18
BIKAJI,54.98,54.98
RITCO,16.58,16.58
SADHNANIQ,329.31,329.31
HARDWYN,91.85,91.85
CHEVIOT,12.48,12.48
HMAAGRO,24.77,24.77
MEDICO,36.13,36.13
KFINTECH,45.71,45.71
YATHARTH,30.11,30.11
DCXINDIA,39.71,39.71
AKSHAR,22.57,22.57
KAYNES,98.86,98.86
NGLFINE,33.04,33.04
AXITA,25.79,25.79
SENCO,36.55,36.55
TRU,59.61,59.61
RADHIKAJWE,13.03,13.03
TIPSFILMS,203.02,203.02
SPLPETRO,35.09,35.09
RAMRAT,26.73,26.73
CSLFINANCE,14.4,14.4
GENSOL,62.71,62.61
DBOL,16.49,16.49
SPORTKING,13.36,13.36
GRMOVER,12.81,12.81
SYNCOMF,42.52,42.49
SULA,43.72,43.72
BAIDFIN,17.74,17.74
KAMOPAINTS,71.52,71.52
SCPL,24.65,24.65
MANKIND,43.59,43.59
SATINDLTD,3.55,3.55
USK,9.51,9.51
MANOMAY,23.44,23.44
FAZE3Q,19.54,19.54
LLOYDSME,25.62,25.62
AARTIPHARM,22.63,22.63
SAHYADRI,14.87,14.87
SBGLP,65.83,65.83
HYBRIDFIN,17.22,16.72
SAH,252.63,252.63
AKI,126.99,126.99
IDEAFORGE,61.27,61.27
POCL,23.77,23.77
REDTAPE,76.74,76.74
NETWEB,169.62,169.62
GHCLTEXTIL,28.03,28.03
ATL,37.71,37.71
SINDHUTRAD,45.98,45.96
KIMS,43.96,43.96
CLEAN,55.66,55.66
ABSLAMC,19.28,19.28
CARTRADE,51.43,51.43
SUPRIYA,22.76,22.76
AMIORG,93.64,42.28
VINEETLAB,50.85,50.85
BAJAJHCARE,,25.69
GRINFRA,10.95,13.64
STEELCAS,16.5,16.5
KPIGREEN,65.46,65.37
SGIL,39.53,39.53
THERMAX,97.64,107.93
RIIL,158.47,158.47
RAYMOND,22.06,21.01
SHREDIGCEM,16.82,16.82
SESHAPAPER,7.4,7.4
SUNDRMFAST,47.99,47.99
CRISIL,45.75,45.75
PEL,,28.87
MASTEK,22.29,22.12
TRENT,119.16,193.35
CUMMINSIND,60.98,60.93
JBCHEPHARM,49.04,49.04
INDIAGLYCO,14.06,14.06
IONEXCHANG,36.79,36.79
HIMATSEIDE,10.32,10.32
GFLLIMITED,260.71,260.71
BHARATFORG,74.42,73.85
ATUL,51.27,51.27
TATAMOTORS,9.66,9.44
MRPL,9.73,9.71
ESCORTS,40.69,40.69
BAJAJHLDNG,62.64,62.64
ZUARIIND,1.17,
VOLTAS,116.3,116.3
TATASTEEL,,60.07
VEDL,20.62,30.89
RELIANCE,24.04,24.04
DRREDDY,17.18,17.18
CARBORUNIV,66.57,66.57
DICIND,,94.5
VINDHYATEL,21.68,21.68
ASIANPAINT,50.53,50.53
PGHL,37.2,37.2
BEML,55.53,55.53
VTL,21.76,21.76
EPL,26.88,25.41
VLSFINANCE,2.55,2.55
BALRAMCHIN,14.45,14.45
WEIZMANIND,17.91,17.91
BBOX,27.19,21.74
JTEKTINDIA,38.05,40.15
ARE&M,21.94,21.94
IVP,12.82,12.82
GET&D,170.98,170.98
BERGEPAINT,46.85,47.01
ANIKINDS,418.81,418.81
APCOTEXIND,37.94,37.94
KARURVYSYA,8.87,8.87
WSI,13.31,13.16
THOMASCOOK,32.65,32.65
SIEMENS,97.14,97.14
VSTIND,20.22,20.22
JUBLPHARMA,95.16,65.38
TOKYOPLAST,92.56,92.56
HLVLTD,68.14,68.14
M&M,28.7,28.7
3PLAND,29.02,29.02
HONDAPOWER,27.06,28.21
RUBYMILLS,14.16,14.16
CANFINHOME,12.4,12.4
DCMSHRIRAM,31.51,31.51
COSMOFIRST,22.51,22.51
HDFCBANK,17.34,17.23
GMBREW,8.93,8.93
INDIANHUME,20.26,20.26
IOC,5.24,5.24
OSWALGREEN,125.55,125.55
HUHTAMAKI,5.41,21.13
RICOAUTO,39.52,37.77
BANCOINDIA,14.9,14.9
MANINDS,21.95,21.95
SHANTIGEAR,47.25,47.25
ONWARDTEC,23.83,23.83
ICIL,19.3,19.3
ELGIEQUIP,58.34,58.34
BBTC,4.98,4.81
LICHSGFIN,6.67,6.67
BEPL,17.44,17.44
BANARBEADS,20,20
S&SPOWER,33.04,33.04
PRUDMOULI,11.19,10.4
PRAJIND,33.49,33.49
EVERESTIND,90.68,133.88
KEEPLEARN,147.72,147.72
TFCILTD,16.13,16.13
AGI,16.78,16.78
TATACONSUM,79.61,68.68
ZEEL,67.05,236.97
KOTAKBANK,18.11,18.11
JAYSREETEA,21.33,
FOSECOIND,29.13,33.48
ANDHRAPAP,5.59,5.59
SCHAEFFLER,73.8,73.53
AMJLAND,13.77,13.77
KSB,76.7,76.7
GODFRYPHLP,25.52,25.52
SUDARSCHEM,13.94,44.46
IPCALAB,54.64,59.58
HINDUNILVR,57.02,57.05
AMBUJACEM,29.08,30.46
DCW,93.77,88.41
CESC,12.03,14.66
BAJFINANCE,27.9,27.9
NAVA,5.63,6.15
CORALFINAC,8.09,8.09
PEARLPOLY,83.78,83.78
KHAITANLTD,24.78,24.78
ANDHRSUGAR,23.73,22.71
STARPAPER,5.12,5
AUSOMENT,14.14,14.14
SAMBHAAV,62.87,83.21
BIOFILCHEM,128.18,128.18
SANGAMIND,43.45,37.95
VISAKAIND,960.05,960.05
HITECHGEAR,15.24,42.43
SHRIRAMFIN,11.5,11.5
GUJAPOLLO,23.54,23.54
JAGSNPHARM,35.36,35.36
MPHASIS,27.67,27.67
INDNIPPON,24.03,24.03
HUDCO,21.72,21.72
FDC,22.6,22.6
ADROITINFO,12.64,12.64
INDUSINDBK,12.07,12.07
TRIGYN,16.54,16.54
CUB,9.88,9.88
ITDCEM,25.5,25.5
SONATSOFTW,45.54,3.9
CYBERTECH,18.8,18.8
DHANBANK,17.33,17.33
STCINDIA,14.53,15.61
RSSOFTWARE,25.89,25.89
IVC,27.37,27.37
ALEMBICLTD,25.22,25.22
BSOFT,26.49,26.49
ZYDUSLIFE,26.36,26.31
RAJESHEXPO,23.68,23.68
IOB,44.03,44.03
BLBLIMITED,35.04,35.04
BLUESTARCO,79.58,79.58
PNBGILTS,24.95,27.1
TAJGVK,25.73,25.73
HAVELLS,87.44,87.44
MRO-TEK,43.78,43.78
KHANDSE,246.92,246.92
ACLGATI,200.7,
JISLJALEQS,40.68,40.68
ASAL,60.78,60.78
APTECHT,41.03,35.26
OFSS,28.48,28.48
UCOBANK,38.79,38.79
WELSPUNLIV,18.49,18.49
IGL,18.85,18.85
UNIENTER,25.88,25.88
PTC,9.38,9.38
MAHABANK,11.05,11.05
RKFORGE,33.58,33.57
EXCELINDUS,71.65,71.65
ULTRACEMCO,41.01,40.7
TEXINFRA,333.45,333.45
WELENT,16.3,16.3
DWARKESH,14.52,14.52
SUPRAJIT,34.89,34.89
CONSOFINVT,13.58,13.58
EVEREADY,52.98,52.98
SSWL,4.72,13.58
PRIMESECU,31.26,31.26
GENUSPOWER,86.94,86.94
NECLIFE,130.66,130.66
IDFC,529.79,529.79
IMPAL,15.82,15.82
AURIONPRO,41.65,41.65
AIAENG,30.62,30.63
ORIENTCER,26.45,31.19
EKC,13.39,13.13
ENIL,26.18,27.05
JAGRAN,11.32,11.32
BLKASHYAP,29.21,29.21
KEI,63.22,63.2
SOLARINDS,90.18,90.18
SUNTV,14.24,14.24
EMKAY,11.53,11.53
BALPHARMA,22.27,22.27
KAMDHENU,26.53,26.53
EMAMILTD,37.68,37.43
TECHM,50.7,50.77
ANANTRAJ,43.3,43.3
ALICON,12.52,12.52
JMFINANCIL,260.43,7.15
NAUKRI,100.48,93.64
MANALIPETC,65.9,58.01
DONEAR,14.94,14.94
HIRECT,85.94,61.41
TANLA,21.07,21.07
PTL,21.74,21.74
GANDHITUBE,16.77,16.77
REDINGTON,12.47,12.47
PFC,6.96,6.96
BALAMINES,28.53,28.53
NDLVENTURE,178.15,178.15
FORTIS,52.18,53.2
HILTON,35.84,35.84
V2RETAIL,60.72,60.72
CENTRALBK,20.39,20.39
CIEINDIA,24.48,24.48
PURVA,191.57,191.57
NAGREEKCAP,.82,.82
MANGCHEFER,7.43,7.43
BAJAJELEC,72.99,72.99
BVCL,15.35,15.35
ADANIPORTS,32.64,31.4
COLPAL,57.73,57.13
JYOTHYLAB,39.11,39.11
KALYANIFRG,30.74,30.74
ECLERX,20.72,20.67
TRIL,211.71,211.71
PATINTLOG,21.92,21.92
AMBIKCO,13.35,13.35
CEATLTD,15.48,14.4
BIRLAMONEY,13.05,13.05
JKIL,15.47,15.47
KNRCON,11.39,11.39
ONMOBILE,44.21,44.21
NMDC,12.48,12.03
NAHARCAP,11.64,11.64
VGUARD,62.37,62.37
DPSCLTD,95.74,95.74
BAJAJFINSV,15.12,15.12
BAJAJ-AUTO,34.69,34.69
RPGLIFE,26.38,26.38
RBL,15.47,15.12
RANEENGINE,21.9,16.37
LOTUSEYE,37.42,37.78
UBL,123.93,123.93
20MICRONS,10.01,9.81
TATAMTRDVR,.99,.96
COUNCODOS,26.21,26.21
HINDNATGLS,.91,.56
MHRIL,65.91,65.91
GKWLIMITED,94.58,94.58
ADANIPOWER,13.39,13.39
GLOBUSSPR,20.61,20.61
RTNPOWER,1.17,
ZYDUSWELL,40.97,38.89
REFEX,16.24,16.23
AHLUCONT,19.94,32.03
JSWENERGY,56.61,56.61
HINDCOPPER,97.64,97.64
WHIRLPOOL,82.79,78
JUBLFOOD,85.43,145.77
THANGAMAYL,26.73,26.73
HATHWAY,54.57,54.55
TEXMOPIPES,45.21,14.88
BANSWRAS,14.15,14.15
AROGRANITE,35.64,35.64
ALPHAGEO,189.42,27.84
INSECTICID,14.69,14.69
NAVINFLUOR,55.86,67.41
TIMETECHNO,19.01,19.01
HGS,27.75,27.75
DLF,115.84,115.84
MEGASOFT,59.61,59.61
ALPA,9.3,9.33
KPRMILL,34.41,34.41
INDOWIND,31.38,27.42
KSCL,14.61,14.61
CENTUM,,343.74
MAANALU,21.68,21.68
DELTACORP,12.06,14.35
CERA,37.68,37.49
BFUTILITIE,12.52,12.52
NAGREEKEXP,15.19,15.19
ISMTLTD,18.83,17.57
MAGNUM,12.94,17.88
RELIGARE,20.24,42.54
PLASTIBLEN,17.81,17.81
HBLPOWER,46.43,43.2
LUMAXTECH,18.53,18.53
WANBURY,8.08,14.88
PITTIENG,29.89,29.89
UNOMINDA,65.61,67.26
PGIL,15.83,15.79
FSL,24.63,24.63
SMSPHARMA,31.49,31.49
ASTRAL,99.05,99.05
NCLIND,9.6,9.6
ICRA,34.71,34.71
PHOENIXLTD,43.89,43.89
SRHHYPOLTD,9.9,8.98
KMSUGAR,10.91,10.91
NELCAST,20.6,28.31
ADSL,15.9,15.9
MOTILALOFS,12.67,12.67
POWERGRID,17.65,17.65
LGBBROSLTD,13.42,13.67
ISFT,19.02,19.02
KIRLOSBROS,36.69,37.2
SJVN,53.36,57.4
KIRLOSIND,15.75,14.2
IMFA,8.88,8.88
BLISSGVS,12.53,5.9
AHLEAST,7.32,9.57
ADFFOODS,30.5,30.5
KILITCH,38.62,38.62
SASTASUNDR,10.13,10.13
CAREERP,11.89,11.89
RAMKY,9.73,9.73
BEDMUTHA,38.66,38.66
PRESTIGE,37.47,37.47
COALINDIA,8.49,8.49
PENIND,17.4,17.4
RPPINFRA,6.91,6.91
MOIL,32.06,32.06
A2ZINFRA,13.15,
PSB,62.32,62.32
KICL,36.69,59.16
SUMMITSEC,18.11,18.11
TEXRAIL,71.39,71.39
PFS,14.34,14.34
SYMPHONY,48.1,47.71
RELAXO,97.07,97.07
KARMAENG,582.21,582.21
ASHIANA,40.31,40.31
RUSHIL,18.57,18.57
ELGIRUBCO,28.2,79.84
BODALCHEM,131.06,131.06
FILATEX,20.4,20.4
BROOKS,132.38,132.38
APLLTD,27.71,27.71
PGEL,46.85,46.85
PAISALO,31.26,31.32
SHAKTIPUMP,34.94,34.94
INDOTHAI,19.01,19.01
DSSL,25.45,25.45
POLYMED,63.94,64.08
VIKASECO,74.02,74.02
KANANIIND,110.62,110.62
MINDACORP,43.65,43.65
DBSTOCKBRO,18.2,18.2
SCHNEIDER,95.03,93.22
NDL,12.18,12.18
TBZ,11.98,11.98
VSSL,25.45,25.45
SPECIALITY,26.38,26.38
MAYURUNIQ,18.67,18.67
ZUARI,4.58,4.58
CARERATING,28.42,28.42
REPCOHOME,6.99,6.99
JUSTDIAL,21.58,21.58
IBULHSGFIN,5.88,5.88
SREEL,21.95,21.95
NATHBIOGEN,7.8,8.37
SDBL,26.65,26.65
BUTTERFLY,172.36,140.87
AGARIND,11.68,11.68
GOCLCORP,35.15,36.74
SHARDACROP,101.19,101.19
CIGNITITEC,21.51,21.51
MONTECARLO,20.27,20.27
APOLSINHOT,34.87,34.87
LAMBODHARA,30.09,30.09
MOLDTKPAC,36.72,36.72
GANECOS,67.46,67.46
MENONBE,8.56,8.56
MANAKCOAT,42.4,42.4
AVANTIFEED,17.01,17.01
UFO,37.61,34.06
ARROWGREEN,25.57,25.57
SKIPPER,38.16,38.16
SHYAMCENT,481.81,481.81
SYNGENE,52.26,51.35
RAMASTEEL,53.79,53.79
ARVSMART,48.5,48.5
POWERMECH,28.37,28.37
GUJGASLTD,32.17,33.46
COFFEEDAY,,6.22
INDIGO,19.24,19.24
LUXIND,31.14,31.14
UMANGDAIRY,143.12,143.12
SALZERELEC,25.76,25.76
LINCOLN,11.53,11.53
NH,30.16,30.16
PRECAM,42.4,65.73
HITECH,38.15,38.15
NECCLTD,27.44,27.44
KDDL,21.89,21.93
INFIBEAM,48.52,48.52
THYROCARE,44.79,44.7
PARAGMILK,20.77,20.77
ARMANFIN,11.62,11.62
BLS,36.99,36.99
SALONA,22.48,22.48
MAHASTEEL,32.98,40.54
DAMODARIND,18.46,18.46
MGL,9.77,9.77
POKARNA,19.44,19.44
GPTINFRA,23.76,23.76
SOMICONVEY,31.37,31.37
ADVENZYMES,28.33,26.39
SPAL,15.6,15.6
NDGL,9.2,9.2
RBLBANK,10.78,10.78
CUPID,32.53,32.53
GNA,15.92,15.92
HPL,54.68,54.68
MASKINVEST,1036.78,1036.78
MAZDA,16,16
VBL,83.04,83.04
KINGFA,18.23,18.23
NBIFIN,53.39,53.39
TCIEXP,29.83,29.83
LAURUSLABS,129.53,129.53
ITDC,74.76,74.69
SPCENET,126.21,126.21
BHANDARI,17.64,17.64
BSE,49.46,101.49
JITFINFRA,22.97,27.8
DMART,116.74,116.74
INTENTECH,14.47,14.47
NRAIL,5.27,5.27
BHAGYANGR,6.84,6.84
STARCEMENT,28.45,28.45
ERIS,31.2,31.2
STEELXIND,123.35,123.35
SALASAR,56.81,56.81
OPTIEMUS,37.51,37.51
COCHINSHIP,60.84,60.84
MATRIMONY,25.58,25.58
DIAMONDYD,35.46,34.95
IEX,38.08,38.08
5PAISA,28.9,28.9
NEWGEN,48.54,48.54
GMMPFAUDLR,29.18,29.18
SUNDARMHLD,28.25,28.25
HAL,38.16,38.16
LEMONTREE,58.02,58.02
MASFIN,18.22,18.22
KHADIM,86.64,86.64
GALAXYSURF,28.6,28.6
BDL,85.96,85.96
SANDHAR,27.19,27.86
MIDHANI,78.94,78.94
ORIENTELEC,63.34,78.75
SUNPHARMA,35.56,34.08
HCC,11.74,
ADANIENT,99.21,92.48
RAJSREESUG,13.62,13.62
ZENSARTECH,19.64,19.64
IGARASHI,141.62,141.62
MUNJALSHOW,18.38,17.28
RANASUG,10.95,10.95
ARENTERP,17.52,17.52
ADVANIHOTR,24.2,24.2
UNIVCABLES,57.25,57.25
MURUDCERA,47.53,47.53
EIHAHOTELS,25.46,25.46
IDBI,14.62,14.62
DHAMPURSUG,9.66,9.66
INDHOTEL,62.82,62.82
GILLETTE,59.9,59.9
3MINDIA,62.47,62.47
RALLIS,33.48,33.64
KOPRAN,19.79,19.79
SURYAROSNI,18.48,18.48
SAKHTISUG,2.92,
HINDZINC,34.82,34.82
FINCABLES,33.91,39.77
KSL,18.34,18.34
UMESLTD,87.64,87.64
GPPL,27.51,25.13
DEEPAKNTR,36.04,38.95
CANTABIL,25.53,26.02
OBEROIRLTY,33.09,33.09
IOLCP,14.8,14.8
JINDWORLD,84.27,84.27
KIRLOSENG,40.05,39.14
JUBLINDS,62.37,29.09
DHUNINV,9.65,9.65
PIIND,32.63,32.63
INVENTURE,17.89,14.83
JPOLYINVST,22.88,22.88
CASTROLIND,20.35,20.35
CAPLIPOINT,20.42,20.42
GOODLUCK,19.39,19.39
VISHNU,18.48,18.48
MANAKALUCO,33.18,33.18
VRLLOG,53.15,53.41
PNCINFRA,13.4,13.4
ORICONENT,25.82,21.71
SATIN,5.53,5.53
SHARDAMOTR,15.02,15.02
IDFCFIRSTB,17.45,17.45
TTKHLTCARE,31.34,31.34
LALPATHLAB,60.93,60.93
TEAMLEASE,42.01,43.28
KELLTONTEC,13.47,13.47
HCG,116.28,124.99
SILINV,16.46,16.46
ZENITHEXPO,302.19,302.19
AARTIDRUGS,25.52,25.52
WENDT,67.59,67.59
PUNJABCHEM,23.92,23.92
MMFL,18.68,18.82
GUJRAFFIA,42.81,42.81
INDRAMEDCO,16.72,16.72
SKMEGGPROD,7.02,7.02
KCPSUGIND,5.67,6.37
AXISCADES,56.5,56.5
HIKAL,48.08,48.08
LUPIN,36.85,36.85
BHARTIARTL,126.31,80.71
SURANAT&P,28.3,28.3
GENESYS,81.91,81.91
MARUTI,29.01,29.01
BAGFILMS,19.64,19.64
TVSELECT,2054.99,2054.99
UPL,,18.2
VAIBHAVGBL,36.34,34.77
NIITLTD,32.21,32.01
ASTRAMICRO,63.03,63.03
INDOCO,28.35,30.21
JSWSTEEL,22.51,23.74
SAKSOFT,25.92,25.92
WELCORP,14.11,14.11
JKPAPER,5.47,5.47
VHL,246.98,29.08
SPLIL,13.77,13.76
SASKEN,25.35,25.35
JINDRILL,15.02,15.02
ADANIGREEN,268.52,215.32
FINEORG,32.33,32.29
RITES,30.5,30.5
HBSL,1.75,1.75
CREDITACC,13.95,13.95
AAVAS,24.6,24.6
TREJHARA,13.38,48.15
DALBHARAT,37.23,37.23
CHALET,58.63,58.63
PENINLAND,12.65,17.86
WHEELS,30.39,30.39
PREMIERPOL,18.84,18.84
SMLISUZU,25.91,25.91
FACT,282.54,105.42
EXIDEIND,43.88,43.88
ELECON,33.11,33.11
LAXMIMACH,43.14,43.14
ORIENTPPR,145.03,145.03
NELCO,68.44,68.44
MAHSCOOTER,42.79,42.79
LUMAXIND,43.61,43.61
KECL,79.41,79.41
KCP,7.95,7.93
JAYBARMARU,32.8,32.8
INFY,22.04,22.04
IFBIND,57.93,57.93
IGPL,36.54,36.54
GNFC,18.65,18.65
BPCL,4.88,4.76
BASF,30.08,30.08
ARVIND,25.97,26.1
ACC,18.44,20.77
SCI,16.38,16.38
LINDEINDIA,165.8,165.8
HINDPETRO,4.94,4.94
ASHOKLEY,22.76,22.32
TITAN,82.29,82.29
SUNDARMFIN,34.35,32.85
SPIC,16.02,10.89
SBIN,10.15,9.43
PFIZER,38.95,39.42
BOSCHLTD,35,47.34
DEEPAKFERT,14.56,14.56
MAHSEAMLES,8.6,8.58
COROMANDEL,23.05,23.05
MOTOGENFIN,104.8,104.8
ADORWELD,25.61,25.61
TATACHEM,66.66,20.24
ATFL,159.56,227.8
SUPREMEIND,69.77,69.77
SRF,48.68,48.68
RANEHOLDIN,17,7.95
TATAELXSI,52.87,52.87
SANDESH,4.87,4.87
ASHIMASYN,5.4,5.4
BALKRISIND,38.07,38.07
INDBANK,23.96,23.96
EICHERMOT,34.67,34.67
ONGC,5.52,5.4
TAINWALCHM,31.85,31.85
JINDALPOLY,29.32,29.22
JYOTISTRUC,72.97,72.97
BSL,15,15
JAYNECOIND,20.83,19.12
SOTL,15.69,15.69
RCF,33.77,40.19
DECCANCE,21.24,16.03
TATAPOWER,41.16,44.48
SUNFLAG,23.78,23.78
BHARATRAS,49.05,49.05
SOMANYCERA,28,27.93
IFCI,59.72,60.2
LIBERTSHOE,48.24,36.71
KABRAEXTRU,39.07,39.07
HEIDELBERG,26.88,26.88
MANGLMCEM,36.06,36.06
POLYPLEX,27.85,27.85
PIDILITIND,88.92,86.45
OSWALAGRO,328.77,325.53
JINDALSAW,9.66,9.66
ABB,111.08,111.08
GRAPHITE,12.71,557.37
BBL,35.32,35.32
ELECTCAST,11.58,11.58
CIPLA,28.42,27.42
HEROMOTOCO,27.49,26.64
HARRMALAYA,,1029.64
GIPCL,13.62,13.62
ITC,25.01,25.01
HINDCOMPOS,16.93,16.93
KAMATHOTEL,12.89,43.34
APOLLOTYRE,16.65,16.06
SIYSIL,10.34,10.34
PRECWIRE,28.02,28.02
NILKAMAL,23.33,23.33
NCC,22.76,22.14
SEAMECLTD,21.11,21.11
AUROPHARMA,22.02,21.31
EIHOTEL,39.67,39.24
GICHSGFIN,7.06,7.06
MOREPENLAB,22.93,22.93
WSTCSTPAPR,4.83,4.83
21STCENMGM,1.62,1.62
VENKEYS,30.38,30.38
GHCL,5.99,7.85
HIL,51.59,965.11
BPL,31.06,31.06
PGHH,70.52,70.52
VESUVIUS,44.24,44.24
BOMDYEING,1.03,
NAVNETEDUL,15.65,17.06
GLAXO,67.47,60.23
CHOLAFIN,30.33,30.33
FMGOETZE,15.67,15.67
ORIENTHOT,45.41,45.41
GOLDENTOBC,10.28,11.66
ESABINDIA,54.19,54.19
AARTIIND,52.1,52.1
MFSL,79.35,79.35
HEG,33.35,33.35
TATAINVEST,96.84,96.84
TIMKEN,74.37,74.37
SHREECEM,37.47,37.47
INGERRAND,58.87,58.87
HINDALCO,14.37,14.39
GSFC,14.27,14.27
FINPIPE,45.98,45.98
EIDPARRY,6.99,6.99
CGPOWER,109.93,112.63
BIRLACORPN,25.18,25.56
ASHAPURMIN,13.22,20.44
GREENPLY,40.89,47.22
REMSONSIND,44.18,43.32
NATCOPHARM,12.52,12.52
GARFIBRES,33.23,33.23
TTKPRESTIG,41.13,41.13
SKFINDIA,52.1,52.1
CUBEXTUB,30.22,30.22
MARICO,52.96,52.96
KEYFINSERV,5.36,5.36
SUNDRMBRAK,26.76,26.76
SOMATEX,5.22,
STERTOOLS,22.61,22.73
INDIANCARD,17.99,
DENORA,39.67,39.67
MIRZAINT,46.95,46.95
ELECTHERM,2.69,2.69
GANESHHOUC,14.01,14.01
RUCHINFRA,18.54,41.49
KOTHARIPET,11.39,11.34
HERITGFOOD,38.49,38.49
BANKBARODA,6.97,6.97
MADRASFERT,248.61,24.73
BANKINDIA,8.3,8.3
ICICIBANK,16.74,16.74
INDSWFTLAB,1.93,8.29
SAREGAMA,49.07,49.07
ENGINERSIN,34.7,34.7
JAICORPLTD,88.8,88.8
GMDCLTD,18.03,18.03
MAHAPEXLTD,.48,31.62
ASAHIINDIA,44.12,44.12
J&KBANK,6.75,6.75
KOTHARIPRO,18.37,18.37
SOUTHBANK,6.18,6.18
ASTRAZEN,87.3,94.09
AXISBANK,13.23,13.23
CYIENT,26.86,25.11
KOKUYOCMLN,30.42,30.42
GOACARBON,7.68,7.68
SANGHVIMOV,23.52,23.52
NATIONALUM,14.14,16.73
JINDALSTEL,16.48,16.48
NIPPOBATRY,27.14,27.14
HCLTECH,22.52,22.52
ACCELYA,24.55,24.61
STAR,283.13,33.03
NRBBEARING,11.94,32.46
BIL,40.61,40.61
KTKBANK,5.49,5.49
AJANTPHARM,35.34,35.34
CALSOFT,40.53,40.53
TVSMOTOR,57.66,57.66
PNC,34.8,34.8
NLCINDIA,15.15,15.15
CHENNPETRO,4.8,4.8
KRBL,10.05,10.05
USHAMART,24.78,24.78
BALAJITELE,32.17,32.17
TRIDENT,51.11,51.12
SMARTLINK,37.48,37.48
GODREJCP,,73.57
MCDOWELL-N,62.19,61.74
MPSLTD,25.58,25.58
OLECTRA,168.45,183.56
PNB,15.25,15.25
TIMESGTY,52.69,52.69
NUCLEUS,15.89,15.89
CANBK,6.25,6.25
GODREJIND,41.18,41.18
RADICO,82.2,82.2
VARDHACRLC,23.63,23.63
JSL,23.19,23.89
JAIBALAJI,16.78,16.78
TVTODAY,21.93,20.72
PETRONET,11.58,11.76
BIOCON,25.27,25.19
XPROINDIA,45.49,43.67
CCL,30.61,30.61
LT,30.05,30.19
CENTEXT,19.11,19.42
TCS,29.16,28.71
GULFPETRO,10.51,10.51
INDSWFTLTD,7.59,7.59
NTPC,16.31,16.31
JBMA,124.89,124.89
XCHANGING,87.86,87.86
JINDALPHOT,43.52,43.52
GOKEX,41.17,41.17
ALLSEC,23.07,23.07
SHOPERSTOP,100.88,93.07
SURYALAXMI,33.57,19.69
63MOONS,7.19,7.19
JSWHL,59.19,59.19
GEOJITFSL,14.1,14.1
MSPL,63.4,51.81
GOLDIAM,17.52,17.52
FCSSOFT,,69.93
SUZLON,97.85,90.51
TRIVENI,16.92,16.92
NAHARINDUS,50.97,42.16
VIMTALABS,23.92,23.92
CELEBRITY,49.95,51.09
NITINSPIN,13.03,13.03
ROHLTD,18.37,18.37
GSPL,7.41,7.55
GVKPIL,7.3,7.3
SAKUMA,24.43,24.43
KEC,51.67,51.67
JKCEMENT,37.5,37.39
INDOTECH,36.12,36.12
M&MFIN,16.99,16.99
CENTURYPLY,44.38,44.38
VAKRANGEE,496.6,540.24
GALLANTT,28.16,28.16
UTTAMSUGAR,8.41,8.41
KKCL,25.41,25.41
GPIL,13.86,14.06
RSYSTEMS,38.51,38.51
LOKESHMACH,53.64,53.64
SWELECTES,30.28,63.94
RATNAMANI,35.76,35.76
PIONEEREMB,35.15,35.15
JKLAKSHMI,18.36,18.6
ALLCARGO,42.28,55.61
MUNJALAU,20.2,14.01
GRINDWELL,72.37,72.32
VOLTAMP,48.08,48.08
SELAN,24.29,24.29
ACE,46.06,46.06
HOVS,28.13,28.13
TALBROAUTO,17.8,25.75
DCBBANK,7.12,7.12
GLOBALVECT,198.95,198.95
GESHIP,5.39,5.39
TORNTPOWER,35.46,35.46
RUCHIRA,7.16,7.16
VENUSREM,14.13,14.13
NFL,70.89,70.89
PARACABLES,25.56,25.56
AVTNPL,21.95,21.95
TIDEWATER,22.39,22.39
SARLAPOLY,19.91,19.91
AUTOIND,25.98,26.05
IZMO,14.93,14.93
TIIL,19.55,19.07
ORIENTBELL,5726.5,5726.5
TTL,45.58,45.58
INDIANB,8.71,8.71
PAGEIND,71.96,71.96
LAOPALA,26.06,26.06
JKTYRE,12.03,11.75
THEMISMED,71.01,71.01
