SYMBOL,SERIES,SECURITY,HIGH/LOW,INDEX FLAG
21STCENMGM,BE,21ST CENTURY MGMT SERVICE,H
63MOONS,EQ,63 MOONS TECHNOLOGIES LTD,H
ABMINTLLTD,EQ,ABM INTERNATIONAL LTD,H
ACCORD,SM,ACCORD SYNERGY LIMITED,H
ADROITPP,E1,ADROITINF RS.2.50 PPD UP,H
AGARWALFT,ST,AGARWAL FLOAT GLASS I LTD,H
AGUL,SM,A G UNIVERSAL LIMITED,H
AILIMITED,SM,ABHISHEK INTEGRATIONS LTD,H
AIRAN,EQ,AIRAN LIMITED,H
AISL,ST,ANI INTEGRATED SERV LTD.,H
AKANKSHA,SM,AKANKSHA POWER N INFRA L,H
ALPEXSOLAR,SM,ALPEX SOLAR LIMITED,H
ALPSINDUS,EQ,ALPS INDUSTRIES LTD,H
ANKITMETAL,EQ,ANKIT MET & POW LTD,H
ANTGRAPHIC,BE,ANTARCTICA LTD,H
APS,SM,AUSTRALIAN PREM SOLAR I L,H
ARCHIES,BE,ARCHIES LTD,H
ASHIMASYN,EQ,ASHIMA LTD,H
ASMS,EQ,BARTRONICS INDIA LIMITED,H
ATLANTAA,BE,ATLANTAA LIMITED,H
AURIONPRO,BE,AURIONPRO SOLN LTD,H
AURUM,EQ,AURUM PROPTECH LIMITED,H
BANG,EQ,BANG OVERSEAS LTD.,H
BIRDYS,ST,GRILL SPLENDOUR SER LTD,H
BIRLAMONEY,EQ,ADITYA BIRLA MONEY LTD,H
BKMINDST,BZ,BKM INDUSTRIES LIMITED,H
BLUECHIP,BE,BLUE CHIP INDIA LIMITED,H
CADSYS,ST,CADSYS (INDIA) LIMITED,H
CAREERP,EQ,CAREER POINT LIMITED,H
CELLECOR,SM,CELLECOR GADGETS LIMITED,H
CEREBRAINT,BE,CEREBRA INT TECH LTD,H
CGRAPHICS,ST,CREATIVE GRAPHICS S IND L,H
CMMIPL,ST,CMM INFRAPROJECTS LIMITED,H
CMNL,SM,CHAMAN METALLICS LIMITED,H
COUNCODOS,EQ,COUNTRY CONDO S LIMITED,H
CUBEXTUB,BE,CUBEXTUBINGS-ROLLSETT,H
CYBERMEDIA,BE,CYBER MEDIA (INDIA) LTD.,H
DCI,BE,DC INFOTECH AND COMUN LTD,H
DESTINY,SM,DESTINY LOGISTICS & I LTD,H
DIGISPICE,EQ,DIGISPICE TECHNOLOGIES LT,H
DUGLOBAL,SM,DUDIGITAL GLOBAL LIMITED,H
DYNAMIC,SM,DYNAMIC SRVCS & SEC LTD,H
E2E,BE,E2E NETWORKS LIMITED,H
EIMCOELECO,BE,EIMCO ELECON (INDIA) LTD,H
EQUIPPP,BE,EQUIPPP SOC IMP TECH LTD,H
ESCONET,SM,ESCONET TECHNOLOGIES LTD,H
ESSENTIA,BE,INTEGRA ESSENTIA LIMITED,H
FCONSUMER,EQ,FUTURE CONSUMER LIMITED,H
FELDVR,BE,FUTURE ENTERPRISES LTD,H
FELIX,SM,FELIX INDUSTRIES LTD.,H
FLFL,BZ,FUT LIFESTYLE FASH LTD,H
FSC,BZ,FUTURE SUPP CHAIN SOL LTD,H
GALLANTT,BE,GALLANTT ISPAT LIMITED,H
GAYAHWS,BE,GAYATRI HIGHWAYS LIMITED,H
GENSOL,EQ,GENSOL ENGINEERING LTD,H
GLOBAL,BE,GLOBAL EDUCATION LIMITED,H
GLOBALVECT,BE,GLOBAL VEC HELICORP LTD,H
GMRP&UI,EQ,GMR POW AND URBAN INFRA L,H
GODHA,BE,GODHA CABCON INSULAT LTD,H
GOENKA,BZ,GOENKA DIAMOND&JEWELS LTD,H
GOKUL,BE,GOKUL REFOILS & SOLV LTD,H
GRAPHISAD,SM,GRAPHISADS LIMITED,H
GTLINFRA,EQ,GTL INFRA.LTD,H
GUJRAFFIA,BE,GUJARAT RAFFIA INDUST LTD,H
HAVISHA,EQ,SRI HAVISHA HOSP & INFR L,H
HDIL,BZ,HOUSING DEV & INFRA LTD,H
HEADSUP,BE,HEADS UP VENTURES LIMITED,H
HECPROJECT,EQ,HEC INFRA PROJECTS LTD,H
HINDCON,BE,HINDCON CHEMICALS LIMITED,H
HINDMOTORS,EQ,HINDUSTAN MOTORS LIMITED,H
HOMESFY,ST,HOMESFY REALTY LIMITED,H
HPL,EQ,HPL ELECTRIC & POWER LTD,H
HSCL,BE,HIMADRI SPECIALITY CHEM L,H
HUBTOWN,BE,HUBTOWN LIMITED,H
IBULHSG,YK,SEC RE NCD 10.75% SR XI,H
IFCI,EQ,IFCI LTD,H
IL&FSTRANS,BZ,IL&FS TRANS NET LTD,H
INDOTECH,BE,INDO TECH TRANSFORM LTD.,H
INDSWFTLTD,BE,IND-SWIFT LIMITED,H
INOXGREEN,EQ,INOX GREEN ENERGY SER LTD,H
INSPIRE,SM,INSPIRE FILMS LIMITED,H
ISHAN,SM,ISHAN INTERNATIONAL LTD,H
IWEL,BE,INOX WIND ENERGY LIMITED,H
JPPOWER,BE,JAIPRAKASH POWER VEN. LTD,H
JYOTICNC,EQ,JYOTI CNC AUTOMATION LTD,H
JYOTISTRUC,BE,JYOTI STRUCTURES,H
K2INFRA,ST,K2 INFRAGEN LIMITED,H
KAUSHALYA,EQ,KAUSHALYA INFRA DEV LTD.,H
KAVVERITEL,EQ,KAVVERI TEL. LTD.,H
KBCGLOBAL,EQ,KBC GLOBAL LIMITED,H
KCEIL,SM,KAY CEE ENERGY & INFRA L,H
KCK,SM,KCK INDUSTRIES LTD,H
KDL,SM,KORE DIGITAL LIMITED,H
KEEPLEARN,EQ,DSJ KEEP LEARNING LTD,H
KEYFINSERV,BE,KEYNOTE FIN SERV LTD.,H
KHAITANLTD,EQ,KHAITAN (INDIA)LTD.,H
KPIGREEN,EQ,KPI GREEN ENERGY LIMITED,H
LASA,EQ,LASA SUPERGENERICS LTD,H
LFIC,BE,LAKSHMI FIN IND CORP LTD,H
MADHUCON,BE,MADHUCON PROJECTS LTD.,H
MAFANG,EQ,MIRAEAMC - MAFANG,H
MAGNUM,EQ,MAGNUM VENTURES LTD.,H
MAITREYA,SM,MAITREYA MEDICARE LIMITED,H
MANAKCOAT,EQ,MAN COAT METAL & IND LTD,H
MANINDS,BE,MAN INDUSTRIES (I) LTD.,H
MANORAMA,BE,MANORAMA INDUSTRIES LTD,H
MANORG,EQ,MANGALAM ORGANICS LIMITED,H
MASKINVEST,EQ,MASK INVESTMENTS LIMITED,H
MBECL,EQ,MCNALLY BH. ENG. CO.LTD,H
MCL,EQ,MADHAV COPPER LIMITED,H
MDL,SM,MARVEL DECOR LIMITED,H
MEGAFLEX,SM,MEGA FLEX PLASTICS LTD,H
MEGASOFT,EQ,MEGASOFT LTD,H
MEP,BE,MEP INFRA. DEVELOPERS LTD,H
METALFORGE,BZ,METALYST FORGINGS LIMITED,H
MILTON,SM,MILTON INDUSTRIES LIMITED,H
MIRZAINT,EQ,MIRZA INTERNATIONAL LIMIT,H
MOTOGENFIN,EQ,MOTOR & GENERAL FINANCE L,H
MTNL,EQ,MAHANAGAR TELEPHONE NIGAM,H
MUFIN,EQ,MUFIN GREEN FINANCE LTD,H
NEXTMEDIA,EQ,NEXT MEDIAWORKS LIMITED,H
NILASPACES,EQ,NILA SPACES LIMITED,H
NIRAJ,EQ,NIRAJ CEMENT STRUC LTD,H
NKIND,EQ,NK INDUSTRIES LTD,H
NORBTEAEXP,EQ,NORBEN TEA & EXPORTS LTD,H
NPST,SM,NETWORK PEOPLE SRV TECH L,H
OAL,EQ,ORIENTAL AROMATICS LTD,H
OMAXE,EQ,OMAXE LIMITED,H
ORIENTLTD,EQ,ORIENT PRESS LIMITED,H
OSWALSEEDS,BE,SHREEOSWAL S AND CHE LTD,H
OWAIS,SM,OWAIS METAL & MINERAL,H
PARASPETRO,BE,PARAS PETROFILS LTD.,H
PARSVNATH,EQ,PARSVNATH DEVELOPER LTD,H
PAVNAIND,EQ,PAVNA INDUSTRIES LIMITED,H
PIGL,BE,POWER INSTRUMENT (G) LTD,H
PODDARHOUS,BZ,PODDAR HOUSE & DVPT LTD,H
PRATHAM,SM,PRATHAM EPC PROJECTS LTD,H
PREMIER,BE,PREMIER LIMITED,H
RAJRILTD,BE,RAJ RAYON INDUSTRIES LTD,H
RANEENGINE,EQ,RANE ENG VALVE LTD,H
RBS,ST,RAMDEVBABA SOLVENT LTD,H
RCOM,BE,RELIANCE COMMUNICATIONS L,H
REFEX,EQ,REFEX INDUSTRIES LIMITED,H
REXPIPES,SM,REX PIPES AND CABLES LTD,H
RHFL,BE,RELIANCE HOME FINANCE LTD,H
ROLLT,BE,ROLLATAINERS LIMITED,H
RPPINFRA,BE,R.P.P INFRA PROJECTS LTD.,H
SABEVENTS,BE,SAB EVENTS & GOVERNANCE,H
SABTNL,BE,SRI ADHIKARI BRO TELE N L,H
SADBHAV,BE,SADBHAV ENGINEERING LTD,H
SADBHIN,BE,SADBHAV INFRA PROJ LTD.,H
SAGARDEEP,EQ,SAGARDEEP ALLOYS LIMITED,H
SANDUMA,EQ,SANDUR MANG & IRON ORES L,H
SARTELE,SM,SAR TELEVENTURE LIMITED,H
SEL,SM,SUNGARNER ENERGIES LTD,H
SETCO,EQ,SETCO AUTOMOTIVE LTD,H
SHAHALLOYS,EQ,SHAH ALLOYS LIMITED,H
SHAKTIPUMP,BE,SHAKTI PUMPS (I) LTD,H
SHYAMTEL,EQ,SHYAM TELECOM LIMITED,H
SMARTLINK,EQ,SMARTLINK HOLDINGS LTD,H
SMVD,SM,SMVD POLY PACK LIMITED,H
SOLEX,SM,SOLEX ENERGY LIMITED,H
SOMATEX,EQ,SOMA TEXTILES & INDUST LT,H
SUMEETINDS,BE,SUMEET IND LIMITED,H
SUPREMEENG,BE,SUPREME ENGINEERING LTD,H
SUVEN,EQ,SUVEN LIFE SCIENCES LTD,H
SWELECTES,EQ,SWELECT ENERGY SYS LTD,H
SWSOLAR,EQ,STRLNG & WIL REN ENE LTD,H
SYNCOMF,EQ,SYNCOM FORMU (I) LTD,H
TAC,SM,TAC INFOSEC LIMITED,H
TEJASNET,EQ,TEJAS NETWORKS LIMITED,H
TGL,ST,TEERTH GOPICON LIMITED,H
THEINVEST,EQ,THE INVEST TRUST OF IND L,H
THOMASCOTT,BE,THOMAS SCOTT (INDIA) LTD,H
TIJARIA,BE,TIJARIA POLYPIPES LTD,H
TOUCHWOOD,EQ,TOUCHWOOD ENTERTAIN LTD.,H
TRF,BE,TRF LIMITED,H
TRIL,BE,TRANS & RECTI. LTD,H
UEL,BE,UJAAS ENERGY LIMITED,H
UMAEXPORTS,BE,UMA EXPORTS LIMITED,H
UMANGDAIRY,EQ,UMANG DAIRIES LIMITED,H
URJA,BE,URJA GLOBAL LIMITED,H
VARDMNPOLY,BE,VARDHMAN POLYTEX LTD.,H
VIJIFIN,BE,VIJI FINANCE LIMITED,H
VIKASLIFE,EQ,VIKAS LIFECARE LIMITED,H
VIVIANA,SM,VIVIANA POWER TECH LTD,H
VMARCIND,SM,V MARC INDIA LIMITED,H
VR,SM,V R INFRASPACE LIMITED,H
WALCHANNAG,BE,WALCHANDNAGAR INDUSTRIES,H
WEBELSOLAR,BE,WEBSOL ENERGY SYSTEM LTD,H
WEL,BE,WONDER ELECTRICALS LTD,H
WINSOME,BE,WINSOME YARNS LIMITED,H
XELPMOC,BE,XELPMOC DESIGN & TECH LTD,H
YASHOPTICS,ST,YASH OPTICS & LENS LTD,H
ZENITHSTL,EQ,ZENITH STEEL PIP IND LTD,H
ZIMLAB,EQ,ZIM LABORATORIES LIMITED,H
ZODIAC,BE,ZODIAC ENERGY LIMITED,H
3PLAND,EQ,3P LAND HOLDINGS LIMITED,L
AARTECH,EQ,AARTECH SOLONICS LIMITED,L
AGNI,SM,AGNI GREEN POWER LTD,L
ANTGRAPHIC,BE,ANTARCTICA LTD,L
ARENTERP,EQ,RAJDARSHAN INDUSTRIES LTD,L
ARVEE,BE,ARVEE LABORATORIES I LTD,L
ATALREAL,EQ,ATAL REALTECH LIMITED,L
ATLANTAA,BE,ATLANTAA LIMITED,L
BAJEL,EQ,BAJEL PROJECTS LIMITED,L
BLBLIMITED,BE,BLB LIMITED,L
CGRAPHICS,ST,CREATIVE GRAPHICS S IND L,L
CMMIPL,ST,CMM INFRAPROJECTS LIMITED,L
CREATIVEYE,EQ,CREATIVE EYE LIMITED,L
DRONE,SM,DRONE DESTINATION LIMITED,L
ENERGYDEV,EQ,ENERGY DEVE. CO.LTD,L
EXCEL,EQ,EXCEL REALTY N INFRA LTD,L
FEL,BZ,FUTURE ENTERPRISES LTD,L
GAYAHWS,BE,GAYATRI HIGHWAYS LIMITED,L
GKWLIMITED,BE,GKW LIMITED,L
GTLINFRA,EQ,GTL INFRA.LTD,L
HIRECT,EQ,HIND RECTIFIER LIMITED,L
HITECHGEAR,EQ,THE HI-TECH GEARS LIMITED,L
KEEPLEARN,EQ,DSJ KEEP LEARNING LTD,L
KMSUGAR,EQ,K M SUGAR MILLS LTD,L
KRIDHANINF,BE,KRIDHAN INFRA LIMITED,L
LOKESHMACH,BE,LOKESH MACHINES LTD,L
MANORAMA,BE,MANORAMA INDUSTRIES LTD,L
MEP,BE,MEP INFRA. DEVELOPERS LTD,L
NAGREEKCAP,EQ,NAGREEKA CAP & INFR.LTD,L
NITIRAJ,EQ,NITIRAJ ENGINEERS LTD,L
ONELIFECAP,BE,ONELIFE CAP ADVISORS LTD,L
RAMCOSYS,BE,RAMCO SYSTEMS LTD,L
RCOM,BE,RELIANCE COMMUNICATIONS L,L
SADBHAV,BE,SADBHAV ENGINEERING LTD,L
SEJALLTD,BE,SEJAL GLASS LIMITED,L
SHRENIK,EQ,SHRENIK LIMITED,L
SOLEX,SM,SOLEX ENERGY LIMITED,L
SPARC,EQ,SUN PHARMA ADV.RES.CO.LTD,L
SRPL,BE,SHREE RAM PROTEINS LTD.,L
TALBROAUTO,EQ,TALBROS AUTO. COMP. LTD,L
TRUST,SM,TRUST FINTECH LIMITED,L
UNITECH,BZ,UNITECH LIMITED,L
WINSOME,BE,WINSOME YARNS LIMITED,L
WOMANCART,SM,WOMANCART LIMITED,L
