GAIN_LOSS,SECURITY,CLOSE_PRIC,PREV_CL_PR,PERCENT_CG
 ,Nifty 50 Sec., , , 
 , , , , 
G,GRASIM INDUSTRIES LTD,      2370.15,      2280.55,3.93
G,BHARTI AIRTEL LIMITED,      1342.35,      1297.55,3.45
G,NESTLE INDIA LIMITED,      2501.25,      2458.70,1.73
G,MARUTI SUZUKI INDIA LTD.,     12996.25,     12785.50,1.65
G,HCL TECHNOLOGIES LTD,      1486.65,      1465.90,1.42
G,TATA MOTORS LIMITED,       986.75,       973.55,1.36
G,NTPC LTD,       347.15,       342.90,1.24
G,EICHER MOTORS LTD,      4520.15,      4466.95,1.19
G,ASIAN PAINTS LIMITED,      2874.90,      2841.85,1.16
G,LTIMINDTREE LIMITED,      4723.40,      4676.20,1.01
G,TITAN COMPANY LIMITED,      3633.00,      3596.75,1.01
G,HINDUSTAN UNILEVER LTD.,      2262.75,      2241.50,.95
G,BRITANNIA INDUSTRIES LTD,      4797.80,      4753.30,.94
G,ITC LTD,       429.20,       425.30,.92
G,STATE BANK OF INDIA,       773.00,       766.10,.9
G,DIVI S LABORATORIES LTD,      3768.65,      3737.50,.83
G,HERO MOTOCORP LIMITED,      4345.05,      4311.90,.77
G,INFOSYS LIMITED,      1442.40,      1432.75,.67
G,POWER GRID CORP. LTD.,       285.35,       283.65,.6
G,ICICI BANK LTD.,      1090.25,      1086.65,.33
G,TATA CONSULTANCY SERV LT,      3874.70,      3864.60,.26
G,TATA CONSUMER PRODUCT LTD,      1173.35,      1170.95,.2
G,KOTAK MAHINDRA BANK LTD,      1813.05,      1809.95,.17
G,AXIS BANK LIMITED,      1055.75,      1053.95,.17
G,SHRIRAM FINANCE LIMITED,      2426.95,      2424.65,.09
G,ADANI PORT & SEZ LTD,      1322.10,      1321.10,.08
G,ADANI ENTERPRISES LIMITED,      3065.10,      3063.35,.06
G,WIPRO LTD,       462.10,       462.00,.02
G,BAJAJ AUTO LIMITED,      8795.80,      8795.75,0
G,OIL AND NATURAL GAS CORP.,       276.80,       276.80,0
 , , , , 
L,SUN PHARMACEUTICAL IND L,      1484.65,      1540.10,-3.6
L,BHARAT PETROLEUM CORP  LT,       593.00,       603.45,-1.73
L,RELIANCE INDUSTRIES LTD,      2918.65,      2959.70,-1.39
L,MAHINDRA & MAHINDRA LTD,      2062.60,      2090.65,-1.34
L,HINDALCO  INDUSTRIES  LTD,       611.80,       618.55,-1.09
L,DR. REDDY S LABORATORIES,      5952.10,      6016.10,-1.06
L,HDFC LIFE INS CO LTD,       601.15,       605.95,-0.79
L,APOLLO HOSPITALS ENTER. L,      6194.90,      6238.55,-0.7
L,TECH MAHINDRA LIMITED,      1200.25,      1208.05,-0.65
L,CIPLA LTD,      1346.70,      1354.85,-0.6
L,BAJAJ FINSERV LTD.,      1621.10,      1629.45,-0.51
L,COAL INDIA LTD,       440.95,       442.95,-0.45
L,BAJAJ FINANCE LIMITED,      7259.90,      7292.20,-0.44
L,TATA STEEL LIMITED,       161.15,       161.85,-0.43
L,JSW STEEL LIMITED,       851.35,       854.80,-0.4
L,SBI LIFE INSURANCE CO LTD,      1469.85,      1475.40,-0.38
L,ULTRATECH CEMENT LIMITED,      9533.55,      9565.25,-0.33
L,HDFC BANK LTD,      1507.60,      1512.20,-0.3
L,INDUSIND BANK LIMITED,      1474.50,      1477.50,-0.2
L,LARSEN & TOUBRO LTD.,      3610.15,      3612.70,-0.07
 , , , , 
 ,Nifty Next 50 Sec., , , 
 , , , , 
G,AMBUJA CEMENTS LTD,       636.55,       616.30,3.29
G,INDIAN RAILWAY FIN CORP L,       147.75,       144.10,2.53
G,ICICI PRU LIFE INS CO LTD,       593.85,       580.30,2.33
G,DLF LIMITED,       885.25,       865.15,2.32
G,SRF LTD,      2617.40,      2565.10,2.04
G,BAJAJ HOLDINGS & INVS LTD,      8101.35,      7955.15,1.84
G,TORRENT PHARMACEUTICALS L,      2637.40,      2591.90,1.76
G,INDIAN RAIL TOUR CORP LTD,      1016.30,      1000.05,1.62
G,JIO FIN SERVICES LTD,       387.95,       382.70,1.37
G,ADANI GREEN ENERGY LTD,      1816.40,      1793.75,1.26
G,COLGATE PALMOLIVE LTD.,      2690.25,      2657.25,1.24
G,LIFE INSURA CORP OF INDIA,       986.10,       974.60,1.18
G,SBI CARDS & PAY SER LTD,       747.60,       739.70,1.07
G,ADANI POWER LTD,       602.45,       596.90,0.93
G,AVENUE SUPERMARTS LIMITED,      4800.55,      4758.00,0.89
G,UNITED SPIRITS LIMITED,      1170.05,      1159.80,0.88
G,MARICO LIMITED,       510.15,       506.00,0.82
G,ADANI ENERGY SOLUTION LTD,      1050.05,      1042.95,0.68
G,ICICI LOMBARD GIC LIMITED,      1695.80,      1686.00,0.58
G,PIDILITE INDUSTRIES LTD,      2914.40,      2898.05,0.56
G,TVS MOTOR COMPANY  LTD,      1953.10,      1943.25,0.51
G,ADANI TOTAL GAS LIMITED,       923.15,       918.55,0.5
G,BOSCH LIMITED,     29277.40,     29142.05,0.46
G,INFO EDGE (I) LTD,      5827.10,      5800.35,0.46
G,GAIL (INDIA) LTD,       199.65,       198.75,0.45
G,BHARAT ELECTRONICS LTD,       234.35,       233.30,0.45
G,TATA POWER CO LTD,       429.65,       427.95,0.4
G,CANARA BANK,       601.60,       599.80,0.3
G,REC LIMITED,       435.80,       434.50,0.3
G,CHOLAMANDALAM IN & FIN CO,      1143.25,      1140.00,0.29
 , , , , 
L,ABB INDIA LIMITED,      6307.45,      6525.30,-3.34
L,ZOMATO LIMITED,       187.45,       193.35,-3.05
L,INDIAN OIL CORP LTD,       168.10,       170.90,-1.64
L,POWER FIN CORP LTD.,       399.10,       404.35,-1.3
L,SIEMENS LTD,      5695.70,      5768.40,-1.26
L,VEDANTA LIMITED,       377.05,       381.00,-1.04
L,JINDAL STEEL & POWER LTD,       909.85,       917.65,-0.85
L,INTERGLOBE AVIATION LTD,      3702.55,      3727.00,-0.66
L,GODREJ CONSUMER PRODUCTS,      1178.35,      1185.50,-0.6
L,BANK OF BARODA,       260.15,       261.30,-0.44
L,TRENT LTD,      4158.30,      4168.60,-0.25
L,SAMVRDHNA MTHRSN INTL LTD,       127.40,       127.70,-0.23
L,PUNJAB NATIONAL BANK,       132.85,       133.10,-0.19
L,HAVELLS INDIA LIMITED,      1547.95,      1550.75,-0.18
L,SHREE CEMENT LIMITED,     24377.75,     24396.40,-0.08
L,BERGER PAINTS (I) LTD,       506.35,       506.50,-0.03
L,ZYDUS LIFESCIENCES LTD,       959.45,       959.70,-0.03
 , , , , 
 ,OTHER SECURITIES, , , 
 , , , , 
G,SMARTLINK HOLDINGS LTD,       212.70,       177.25,20
G,SEC RE NCD 10.75% SR XI,      1170.00,       975.00,20
G,TEJAS NETWORKS LIMITED,      1088.25,       906.90,20
G,ORIENTAL AROMATICS LTD,       383.55,       319.65,19.99
G,TAC INFOSEC LIMITED,       401.60,       334.70,19.99
G,INSPIRE FILMS LIMITED,        45.35,        37.80,19.97
G,UMANG DAIRIES LIMITED,       100.95,        84.15,19.96
G,V R INFRASPACE LIMITED,       140.70,       117.85,19.39
G,ASHIMA LTD,        21.45,        18.30,17.21
G,ZIM LABORATORIES LIMITED,       111.15,        95.25,16.69
G,AUTHUM INVEST & INFRA LTD,       926.20,       794.45,16.58
G,MANGALAM ORGANICS LIMITED,       395.70,       339.95,16.4
G,LUX INDUSTRIES LIMITED,      1332.00,      1150.20,15.81
G,SUDARSHAN CHEMICAL INDS L,       717.05,       629.70,13.87
G,COCHIN SHIPYARD LIMITED,      1251.95,      1105.10,13.29
G,POLYSIL IRRIGATION SYST L,        40.95,        36.25,12.97
G,INDIFRA LIMITED,        40.65,        36.00,12.92
G,INDRAPRASTHA MEDICAL CORP,       276.25,       245.20,12.66
G,AMINES & PLASTICIZERS LTD,       212.75,       189.20,12.45
G,BSE LIMITED,      3199.85,      2851.30,12.22
G,PLATINUM INDUSTRIES LTD,       217.60,       194.20,12.05
G,FONEBOX RETAIL LIMITED,       158.40,       141.50,11.94
G,VODAFONE IDEA LIMITED,        14.40,        12.90,11.63
G,AMARA RAJA ENERGY MOB LTD,      1160.20,      1041.40,11.41
G,DUCOL ORGS AND COLOURS LT,       107.85,        97.00,11.19
G,KOKUYO CAMLIN LIMITED,       140.35,       126.40,11.04
G,SIGNET INDUSTRIES LIMITED,        78.20,        70.75,10.53
G,GARDEN REACH SHIP&ENG LTD,       958.00,       868.65,10.29
G,TCNS CLOTHING CO. LIMITED,       447.70,       406.35,10.18
G,8.66% TAX FREE NCD,      1350.00,      1227.00,10.02
 , , , , 
L,ASTER DM HEALTHCARE LTD.,       399.50,       513.35,-22.18
L,8.66%S-R-NCD SERIES 3A,      1216.59,      1400.00,-13.1
L,TEMBO GLOBAL IND LTD,       203.10,       227.60,-10.76
L,HEUBACH COLORANTS IND LTD,       414.35,       463.85,-10.67
L,K M SUGAR MILLS LTD,        40.40,        44.85,-9.92
L,ATAL REALTECH LIMITED,        11.35,        12.60,-9.92
L,PALASH SECURITIES LTD,       135.30,       149.95,-9.77
L,EXCEL REALTY N INFRA LTD,          .50,          .55,-9.09
L,8.79% SEC RED BOND S2B,      1106.02,      1198.78,-7.74
L,COMMITTED CARGO CARE LTD,        59.70,        64.70,-7.73
L,BLUE PEBBLE LIMITED,       309.35,       332.40,-6.93
L,2.50%GOLDBONDS2026SR-XIV,      7015.50,      7487.00,-6.3
L,PRESSTONIC ENGINEERING L,       141.10,       150.55,-6.28
L,LYPSA GEMS & JEWEL LTD,         6.75,         7.20,-6.25
L,TRUST FINTECH LIMITED,       235.40,       250.60,-6.07
L,SKIPPER RE.0.25 PPD UP,       185.10,       197.00,-6.04
L,TPL PLASTECH LIMITED,        94.80,       100.60,-5.77
L,M&M FIN. SERVICES LTD,       263.45,       278.85,-5.52
L,NAMAN IN-STORE (INDIA) L,       128.40,       135.85,-5.48
L,RADIOWALLA NETWORK LTD,       127.25,       134.60,-5.46
L,SOLARA ACTIVE PHA SCI LTD,       547.60,       579.20,-5.46
L,KALYANI INVEST CO LTD,      4276.75,      4512.70,-5.23
L,AARTI SURFACTANTS LIMITED,       635.95,       670.80,-5.2
L,8.51% TAX FREETRI SR2A,      1099.00,      1159.00,-5.18
L,VILIN BIO MED LIMITED,        20.45,        21.55,-5.1
L,SILGO RETAIL LIMITED,        36.45,        38.40,-5.08
L,SHREE OSFM E-MOBILITY LTD,       105.50,       111.10,-5.04
L,SUN PHARMA ADV.RES.CO.LTD,       300.15,       315.95,-5
L,SHRENIK LIMITED,          .95,         1.00,-5
L,THE HI-TECH GEARS LIMITED,      1160.55,      1221.60,-5
