SECURITY,NEW,PREVIOUS,NEW_STATUS
21ST CENTURY MGMT SERVICE,54.3,53.3,H
BHARTIYA INETRNATIONAL LT,440,388,H
PARAMOUNT COMM LTD,81.4,76.25,H
MAN COAT METAL & IND LTD,45.15,44.6,H
BSE LIMITED,3247.4,3140,H
NIPPON L I A M LTD,584.9,581.8,H
ELECTROTHERM (I) LTD.,724.9,710.7,H
V2 RETAIL LIMITED,537,519.8,H
GALLANTT ISPAT LIMITED,276.3,263.15,H
GOI TBILL 182D-29/08/24,97.6,97.57,H
SURAJ ESTATE DEVELOPERS L,382,379.7,H
LLOYDS ENGG WORK LIMITED,67.1,65.15,H
DOLPHIN OFF ENT (IND) L,370,369.65,H
ATMASTCO LIMITED,215.5,184.25,H
DIGIDRIVE DISTRIBUTORS L,39.95,39.6,H
VOLTAS LTD,1406.7,1395,H
IFB INDUSTRIES LTD,1620.15,1618.7,H
GLOBAL VEC HELICORP LTD,212.5,202.4,H
SWELECT ENERGY SYS LTD,1398.4,1331.85,H
DHANUKA AGRITECH LTD,1398.7,1395.9,H
CPSE ETF,85.95,85.65,H
GKW LIMITED,2499,2018,H
PRUDENT CORP ADV SER LTD,1524,1449,H
VINSYS IT SERVICES IND LT,373,370,H
VIVIANA POWER TECH LTD,379.45,339.8,H
DOMS INDUSTRIES LIMITED,1846,1832,H
EDELAMC - EBBETF0425,1239.6,1238.15,H
AIRTEL RS. 1.25 PPD UP,950.9,923.9,H
LLOYDS METALS N ENERGY L,739,734.9,H
PLATINUM INDUSTRIES LTD,220.9,213.9,H
GOI TBILL 182D-26/09/24,97.05,96.99,H
GOI TBILL 364D-13/03/25,93.95,93.75,H
SDL KA 7.73% 2034,98,96.7,H
INDRAPRASTHA MEDICAL CORP,280.5,254,H
CUMMINS INDIA LTD,3188,3161.15,H
SOBHA LIMITED,1744.8,1687,H
JINDAL STAINLESS LIMITED,732.2,725.95,H
CENTUM ELECTRONICS LTD,2035.85,2011.05,H
KIRLOSKAR BROTHERS LTD,1289.8,1264.85,H
PREMIER EXPLOSIVES LTD,2569,2502.8,H
SHAKTI PUMPS (I) LTD,1761.35,1677.5,H
JEENA SIKHO LIFECARE LTD,1109.75,745,H
LAGNAM SPINTEX LIMITED,147,141.4,H
MANGALAM WORLDWIDE LTD,184,160,H
THEJO ENGINEERING LIMITED,3090,3050,H
UMA EXPORTS LIMITED,114.05,108.65,H
TARAPUR TRANSFORMERS LTD,10,9.85,H
SHREE VASU LOGISTICS LTD,225,199,H
AGNI GREEN POWER LTD,75,60.35,H
AVP INFRACON LIMITED,98.65,86.5,H
PRECOT LIMITED,394,386.3,H
KEI INDUSTRIES LTD.,4049.9,4043,H
REMSONS INDUSTRIES LTD,960,380.65,H
MOTILAL OSWAL FIN LTD,2360,2358.9,H
PRICOL LIMITED,448.3,444,H
INDO TECH TRANSFORM LTD.,1910.45,663.8,H
CHAVDA INFRA LIMITED,160.95,158.75,H
GE T&D INDIA LIMITED,1037,1007,H
VEEKAYEM FASH & APP LTD,270,172.95,H
MANKIND PHARMA LIMITED,2490,2420,H
EPIGRAL LIMITED,1443.25,1424.9,H
SOMI CONVEYOR BELT. LTD.,141.35,139.55,H
SHERA ENERGY LIMITED,207.85,204,H
ZODIAC ENERGY LIMITED,547.95,521.9,H
TIPS FILMS LIMITED,734,718,H
HOMESFY REALTY LIMITED,813.55,383.45,H
ARHAM TECHNOLOGIES LTD,329.95,76.95,H
ALPEX SOLAR LIMITED,537.6,512,H
YASH OPTICS & LENS LTD,108,102.9,H
ASPIRE & INNOVATIVE ADV L,115.7,103.6,H
UJAAS ENERGY LIMITED,32.85,31.3,H
EIMCO ELECON (INDIA) LTD,2126.55,2025.3,H
SUNDARAM FINANCE LTD,4820,4699,H
BHARTI AIRTEL LIMITED,1351,1305.4,H
CAREER POINT LIMITED,346.95,288.85,H
CENTRAL DEPO SER (I) LTD,2118.6,2067,H
S&S POWER SWITCHGEARS,326.9,320.5,H
TRANS & RECTI. LTD,732.5,697.65,H
2.50% GOLDBONDS2025SR-III,7350,7349,H
GRASIM RE.0.50 PPD UP,1117.8,1065,H
GOI TBILL 182D-16/05/24,99.08,99.04,H
DYNAMIC SRVCS & SEC LTD,206.6,196.8,H
AMARA RAJA ENERGY MOB LTD,1200,1051.7,H
KCK INDUSTRIES LTD,96.45,63.6,H
SUNGARNER ENERGIES LTD,298.5,275,H
SEC RED NCD 9.7% SR.VII,1157,1131,H
MODISON LIMITED,143,89.5,H
ALUWIND ARCHITECTURAL LTD,48.4,47.9,H
OWAIS METAL & MINERAL,673.4,641.35,H
PRATHAM EPC PROJECTS LTD,239.8,228.4,H
AURIONPRO SOLN LTD,2684.45,2556.65,H
HINDUSTAN MOTORS LIMITED,31.2,28.4,H
NILA SPACES LIMITED,8.5,8.1,H
TEJAS NETWORKS LIMITED,1088.25,940,H
MARVEL DECOR LIMITED,108.4,99.45,H
ADITYA BIRLA CAPITAL LTD.,220,213.8,H
LOKESH MACHINES LTD,457,210,H
GOI TBILL 182D-30/05/24,99.3,98.55,H
SEC RED NCD 10% SR. VI,1049,1043,H
JIO FIN SERVICES LTD,394.7,384.85,H
DIAMOND POWER INFRA LTD,716,702,H
SWARAJ SUITING LIMITED,234,216.05,H
INOX INDIA LIMITED,1445,1434,H
TANTIA CONSTRUCTIONS LTD,34.85,34.5,H
TRF LIMITED,534.5,509.05,H
AARTECH SOLONICS LIMITED,230,226.5,H
WONDER ELECTRICALS LTD,1084.75,322.45,H
CREATIVE GRAPHICS S IND L,235.4,224.2,H
DSPAMC - LIQUIDADD,1005.86,1005.69,H
BLUE PEBBLE LIMITED,352.85,336,H
THE HI-TECH GEARS LIMITED,1280.45,1221.6,H
APAR INDUSTRIES LTD.,7758,7447,H
LINDE INDIA LIMITED,7719,7494.95,H
TIJARIA POLYPIPES LTD,16.95,16.15,H
SOLEX ENERGY LIMITED,1234.4,1175.65,H
INDUS TOWERS LIMITED,366.55,359.5,H
KIRLOSKAR PNEUMATIC COM L,799.9,776.95,H
JANA SMALL FIN BANK LTD,496.45,490.85,H
SKIPPER RE.0.25 PPD UP,206,200,H
SP REFRACTORIES LIMITED,158.35,153.1,H
VISHWAS AGRI SEEDS LTD,94.05,87.95,H
TEERTH GOPICON LIMITED,159.4,151.85,H
CUBEXTUBINGS-ROLLSETT,121.5,115.75,H
UNIVERSAL CABLES LTD,611.95,604.25,H
MARUTI SUZUKI INDIA LTD.,13024.5,12985.7,H
PERFECT INFRAENGINEER LTD,44.6,42.45,H
MAX INDIA LIMITED,235.8,233.3,H
CROWN LIFTERS LIMITED,225.7,223,H
GMR POW AND URBAN INFRA L,63.05,61.2,H
TEGA INDUSTRIES LIMITED,1500,1474.85,H
LAXMI GOLDORNA HOUSE LTD,268,206.85,H
HLV LIMITED,28.75,13.1,H
BAJEL PROJECTS LIMITED,296,284.65,H
ART NIRMAN LIMITED,66.5,65.5,H
SEC RE NCD 10.75% SR XI,1170,984,H
SRI ADHIKARI BRO TELE N L,89.1,84.9,H
AGARWAL FLOAT GLASS I LTD,71.6,44.5,H
GOI TBILL 91D-12/07/24,98.24,98.2,H
MANORAMA INDUSTRIES LTD,595.4,1300,L
AKI INDIA LIMITED,20.8,61.2,L
ATAL REALTECH LIMITED,11.35,12.3,L
MANAKSIA STEELS LTD,56.2,57.35,L
ASHOKA METCAST LIMITED,18.7,18.9,L
MEP INFRA. DEVELOPERS LTD,7.5,7.9,L
GACM TECHNOLOGIES LIMITED,3.3,3.35,L
OSIA HYPER RETAIL LIMITED,28.85,29.4,L
NAMAN IN-STORE (INDIA) L,122,123,L
TERA SOFTWARE LIMITED,47.3,48.2,L
SHREEOSWAL S AND CHE LTD,26.55,27.85,L
FUTURE SUPP CHAIN SOL LTD,6.1,6.15,L
KANANI INDUSTRIES LTD,3.9,3.95,L
SDL TN 7.94% 2032,95,98,L
MANAK ALUMINIUM CO. LTD.,26.1,26.4,L
SAMBHAAV MEDIA LTD,5.05,5.15,L
ISHAN INTERNATIONAL LTD,2.55,17.2,L
SURATWWALA BUS GROUP LTD,91.4,95.2,L
FUTURE MKT NETWORKS LTD,6.05,6.1,L
BGR ENERGY SYSTEMS LTD,37.75,38.5,L
SECUREKLOUD TECH LIMITED,39.4,40.1,L
SURANA TELECOM AND POW LT,15.45,15.55,L
KOTAK GOLD ETF,60.55,61.66,L
THE WESTERN INDIA PLY LTD,154,161.45,L
ATAM VALVES LIMITED,192.15,194.4,L
C P S SHAPERS LIMITED,370,427.5,L
ROBUST HOTELS LIMITED,166.25,184.45,L
BHARAT ROAD NETWORK LTD,56.8,57.95,L
TRUST FINTECH LIMITED,225.55,230,L
ONECLICK LOGISTICS IND L,54.1,61.05,L
MCLEOD RUSSEL INDIA LTD.,24.8,25.15,L
SEC RE NCD 9.40% SR V,986.65,989.01,L
RAJNANDINI METAL LIMITED,10.9,11,L
LORENZINI APPARELS LTD,25.85,26.35,L
M K PROTEINS LIMITED,10.4,10.6,L
BANKA BIOLOO LIMITED,104.45,106.1,L
KOTAKMAMC - KOTAKSILVE,78.9,80.9,L
SHAIVAL REALITY LIMITED,30.5,31.8,L
VIPUL LIMITED,31.75,32,L
UDAYSHIVAKUMAR INFRA LTD,51.95,52.05,L

